Sequence	Mutations	Mutation_count	dm1	dm2	dm12	Dm1m2-min(dm1,dm2)
ABAAACCBACABAACBDBABBDBDBBBAADCAABAAABDAABAACAAABCBAAAAACACDAABAADACCBAAAACACABBABABAAABABBAABDAABCABAABABAAAABDCBCAAADABCCCDDAAAAAAAACDBCACBADAAABDABAAAACCBBADAAACCAAABAAABAAABAABBBAABABABAAAACCAAAABBABBBBBCACDCAACDBDCCCAAAAABADDBCACAAAAABAABAAAAAAABBDDBBACCBBBA	['B6C', 'A30D', 'B45C', 'B60D', 'A101B', 'B135C', 'D138C', 'A155C', 'A181B', 'A203B', 'B254D', 'D255B']	12	-6.385305525967851	-10.47218940302264	-10.479958512936719	-0.0077691099140793085
ABAAABCBACABAACBABABBDBDBBBAAAAAABAAABDAABAABAAABCBAAAAACACBAABAADACCBAAAACACABBABABAAABABBAABDAABCABABBABAAAABDCBCAAADABCCBADAAAAAAAABDBDACBADAAABDABAAAAACBBADAAACCAAABAAABAAABAABABAABABABAAAACCAABABAAABBABCACDCAACDBDCCCAAAAABADDBAACAAAAABAABAAAAAAABBDBDBACCBBBA	['D17A', 'C31A', 'A101B', 'A103B', 'C124B', 'D125A', 'A198B', 'B201A', 'B206A', 'C232A']	10	-6.3871887356272055	-7.352071254979819	-7.3617235745532525	-0.009652319573433488
ABAAABCBACABAACBABABBDCDBBBBAACAABAAABDAABAACAAABCBAAAAACACBAABAADACCBADAACACABBABABAAABABBAABDAABCAAAABABAAAABDCBCAAADABCCDDDAAAAAAAABDBCACBADAAABDABAAAACCBBADAAACCAAABAAABAAABAABABAABABABAAAACCAAAABBAABBBBCACDCAACDBDACCCAAAABADDBDACAAAAABAABAAAAAAABBDBDAACCBBBA	['D17A', 'B23C', 'A28B', 'B45C', 'A72D', 'C124D', 'D138C', 'A155C', 'C219A', 'A222C', 'C232D', 'B256A']	12	-6.388104406418279	-6.718243736264412	-6.728811726628919	-0.01056799036450684
ABAAABCBACABAACBDBABBDBDBBBAAACAABAAABDAABAABAAABCBAAAAACACBAABAADACCBAAACCACABBABABAAABABBAABDAABCAAAABABAAAABDCBCAAADABCCCDDAAAAAAAABDBDACBADAAABDABAAAACCBBADAACCCAAABAAABAAABAABABAABABABAAAACCAAAABBAABBBBCACDCAACABDCCAAAAAABADDBCAAAAAAABAABAAAAAAABBDBDBACCBBBA	['A74C', 'A155C', 'A163C', 'D216A', 'C221A', 'C234A']	6	-6.40222259121947	-7.8652418605051935	-7.889928035670891	-0.024686175165697932
ABAAABCBACBBAACBDBABBDBDBBBBAAABABAAABDAABAABAAABCBAAAAACACBAABAADACCBADAACACABBABABAAABABBAABDAABCAAAABABAAAABDCBCAAACABCCCDDAAAAAAAACDBDACBADAAABDABAAAAACBBADAAACCAAABAAABAAABAABBBAABABABAAAACCAAAABAAABBBBCACDCAACDBDCCCAAAAABADDBCACAAAAABAABAAAAAAABBDBDBACCBBBA	['A11B', 'A28B', 'C31A', 'A32B', 'A72D', 'D119C', 'B135C', 'A181B', 'B201A']	9	-6.4036239518318325	-7.38251780346036	-7.40860533923842	-0.026087535778060555
ABAAABCBACABAACBABABBDBDBBBAAACAAAAAABDAABAABAAABABAAAAACACBAABAADACCBADAACACABBABABAAABABBAABDAABCAAAABABAAAABDCBCAAADABCCADDAAAAAAAABDBDADBADAAABBABAAAAACBBADAAACCAAABAAABAAABAABABAABABABAAAACCAAAABBAABBABCACDCAACDBDCCCAAAAABADDBCACAAAAABAABAAAAAAABBDBDAACCBBBA	['D17A', 'B34A', 'C50A', 'A72D', 'C124A', 'C140D', 'D148B', 'B206A', 'B256A']	9	-9.49776224908419	-6.410056876484305	-9.530282709514722	-0.032520460430532694
ABAAABCBABABAACBDBABBDBDBBBAAAAAABAAABDAABAABAAABCBAAAAACACBAABAADACCBAAAACACABBABABAAABABBAABDAABCABAABABAAAABDCBCAAADABCCCDDAAAAAAAABDBDACBADAAABDABBAACACBBADAAACAAAABAAABAAABAABABAABABABAAAACCAAAABAAABBBBCACDCAACDBDCCCAAAAABADDBCACAAAAABAABAAAAAAABBDBDBACCBBBA	['C10B', 'C31A', 'A101B', 'A151B', 'A154C', 'C165A', 'B201A']	7	-6.416234022704884	-8.703746918123215	-8.742444524774328	-0.03869760665111244
ABAAABCBACABAACBDBABBDBDBBBAAACAABAAABAAABAABAAABCBAAAAACACBAABAADACCBAAAACACABBABABAAABABBAABDAABBAAAABABAAAABDCBCAAADABCCCDDAAAAAAAABDBDACBADAAABDABAAAAACBBADAAACCAAABAAABAAABAABABAABABABAAAACCAAAABAAABBBBCACDCAACDBDCCCAAAAABADDBCACAAAAABAABAAAAAAABBDBDBACCBBBA	['D39A', 'C99B', 'B201A']	3	-6.425920775858685	-6.4175553931854665	-6.46593975299038	-0.040018977131694555
ABAAABCBACBBAACBDBABBDBDBBBAAAAAABAAABDAABAABAAABCBAAAAACACBAABAADACCBAAAACACABBABABAAABABBAABDAABCAAAABABAAAABDCBCAAADABCCCDDAAAAAAAABDBDADBADAAABBABAAABACBBADAAACCAAABAAABAAABAABABAABABABAAAACCAAAABAAABBBBCACDCAACDBCCCCAAAAABADDBCACAAAAABAABAAAAAAABBDBDBACCBBBA	['A11B', 'C31A', 'C140D', 'D148B', 'A154B', 'B201A', 'D218C']	7	-6.425988792208955	-7.094040333293378	-7.142492709448561	-0.04845237615518272
ABAAABCBACBBAACBDBABBDBDBBBAAACAABAAABDAABAABAAABCBAAAAACACBAABAADADCBAABACACABBABABAAABABBAABDAABCAAAABABAAAABDCBCAAADABCCCADAAAAAAAACDBDACBADAAABDABAAAAACBBADAAACCAAABAAABAAABAABABAABABABAAAACCAAAABAAABBBBCACDCAACDBDCCCAAAAABADDBCACAAAAABAABAAAAAAABBDBDBACCBBBA	['A11B', 'C68D', 'A73B', 'D125A', 'B135C', 'B201A']	6	-6.428772480925545	-7.8981445254758	-7.949380590347573	-0.051236064871773124
ABAAABCBACABAACBABABBDBDBBBAAACAABAAABDAABAABAAABCBAAAAACACBAABAADACCBAAAACACABBABABAAABABBAABDBABCABAABABAAAABDCBCAAADABCCADDAAAAAAAABDBDACBADAAABDABAAAAACBBADAAACAAAABAAABAAABAABABAABABABAAABCCAAAABAAABBBBCACDCAACDBDCCCAAAAABADDBCACAAAAABAABAAAAAAABBDBABACCBBBA	['D17A', 'A96B', 'A101B', 'C124A', 'C165A', 'A193B', 'B201A', 'D255A']	8	-6.430913385702297	-7.459969326388091	-7.513346296036616	-0.05337696964852512
ABAAABCBACBBAACBDBABBDBDBBBAAAAAABAAABDAABAABAAABCBAAAAACACBAABAADACCBAAAACACABBABABAAABABBAABDAABCABAABABAAAACDDBCAAADABBCDDDAAAAAAAABDBDACBADAAABDABAAAAACBBADAAACCAAABAAABAAABAABABAABABABAAAACCAAAABBAABBBBCACDCAACDBCCCCAAAAABADDBCACAAAAABAABAAAAAAABBDBDBACCBBBA	['A11B', 'C31A', 'A101B', 'B111C', 'C113D', 'C122B', 'C124D', 'D218C']	8	-6.4318246592301875	-7.274410498153884	-7.3286987413302995	-0.05428824317641556
ABAAADBBACABAACBABABBDBDBBBAAACAABAAABDAABAABAAABCBAAAAACACBAABAADACCBADAACACABBABABAAABABBAABDAABCAAAABABAAAABDCBCAAADABCCCDDAAAAAAAABDBDACBADAAABDABAAAAACBBADAAACCAAABAAABAAABAABABAABABABAAAACCAAAABAAABBBBCACDCAACDBDCCCAAAAABADDBCACAAAAABAABAAAAAAABBDBDAACCBBBA	['B6D', 'C7B', 'D17A', 'A72D', 'B201A', 'B256A']	6	-7.336237389827147	-6.4358617081306875	-7.394562681904063	-0.0583252920769155
ABAAADBBACABAACBABABBDBDBBBAAACAABAAABDAABAABAAABCBAAAAACACBAABAADACCBADAACACABBABABAAABABBAABDAABCAAAABABAAAABDCBCAAADABCCCDDAAAAAAAABDBDACBADAAABDABAAAAACBBADAAACCAAABAAABAAABAABABAABABABAAAACCAAAABAAABBBBCACDCAACDBDCCCAAAAABADDBCACAAAAABAABAAAAAAABBDBDAACCBBBA	['B6D', 'C7B', 'D17A', 'A72D', 'B201A', 'B256A']	6	-7.336237389827147	-6.4358617081306875	-7.394562681904063	-0.0583252920769155
ABAAABDBACABAACBDBABBDBDBBBAAACAABAAABDAABAABAAABCBAAAAACACBAABAADACCBAAAACACABBABABAAABABBAABDAABCAAAABABAAAABDCBCAAADABCCBBDAAAAAAAABDBDACBADAAABDABAAAAACBBADAAACCAAABAAABAAABAABABAABABABAAAACCAAAABBAABBBBCACDCAACDBDCCCAAAAABADDBCACAAAAABAABAAAAAAABBDBDBACCBBBA	['C7D', 'C124B', 'D125B']	3	-6.438697434239657	-6.517698421608657	-6.578859439794542	-0.06116101818588504
ABAAABCBACABAACBDBABBDBDBBBAAACAABAAABDAABAABAAABCBAAAAACACBAABAADACCBAAAACACABBABABAAABABBAABDAABCABAABABAAAADDCBCAAADABCCCDDAAAAAAAABDBDACBADAAABDABAAAAACBBADAAACCAAABAAABAAABAABABAABABABAAAACCAAAABAAABBABCACCAAACDBABCCAAAAABADDBCACAAAAABAABAAAAAAABBDBABACCBBBA	['A101B', 'B111D', 'B201A', 'B206A', 'D211C', 'C212A', 'D218A', 'C219B', 'D255A']	9	-6.4413278952706605	-7.119467632379383	-7.183259111596271	-0.06379147921688855
ABAAABCBACABAACBABABBDBDBBBAAACAABAAABDAABAABAAABCBAAAAACACBAABAADACCBAAAACACABBABABAAABABBAABDAABCAAAABABAAAABDCBCAAADABCCDDDAAAAAAAABDBDACBADAAABDABAAACACBBADAAACCAAABAAABAAABAABABAABABABAAAACCAAAABAAABBBBCACDCAACDBDCCCAAAAABADDBCACAAAAABAABAAAAAAABBDBDBACCBBBA	['D17A', 'C124D', 'A154C', 'B201A']	4	-6.733058957150206	-6.447556426282972	-6.803078967379406	-0.07002001022920012
ABAAABCBACABAACBDBABBDBDBBBAAACAABAAABDAABAABAAABCBAAAAACACBAABAADACCBAAAACACABBABABAAABABBAABDAABCAAAABABAAAABDCBCAAADABCCCDDAAAAAAAABDBDACBADAAABDABAAACACBBADAAACCAAABAAABAAABAABABAABABABAAAACCAAAABBAABBBBCACDCAACDBDCCCAAAAABADDBCACAAAAABAABAAAAAAABBDBDBACCBBBA	['A154C']	1	-6.709067306248471	-6.448319362010807	-6.779850252205506	-0.07078294595703483
ABAAABCBACABAACBDBABBDBDBBBAAACAABAAABDAABAABAAABCBAAAAACACBAABAADACCBAAACCACABBABABAAABABBAABDBABCAAAABABAAAABDCBCAAADABCCCDDAAAAAAAABDBDACBADAAABDABAAAAACBBADAAACCAAABAAABAAABAABABAABABABAAAACCAAAABBAABBBBCACDCAACDBDCCCAAAAABADDBCACAAAAABAABAAAAAAABBDBDBACCBBBA	['A74C', 'A96B']	2	-6.691869928268716	-6.451887941919267	-6.766221454134211	-0.0743515258654952
ABAAABCBACABAACBDBABBDBDBBBAAACAABAAABDAABAABAAABCBAAAAACACBAABAADACCBAAACCACABBABABAAABABBAABDBABCAAAABABAAAABDCBCAAADABCCCDDAAAAAAAABDBDACBADAAABDABAAAAACBBADAAACCAAABAAABAAABAABABAABABABAAAACCAAAABBAABBBBCACDCAACDBDCCCAAAAABADDBCACAAAAABAABAAAAAAABBDBDBACCBBBA	['A74C', 'A96B']	2	-6.691869928268716	-6.451887941919267	-6.766221454134211	-0.0743515258654952
ABAAABCBACBBAACBDBABCDBDBBBAAAAAABAAABDAABAADAAABCBAAAAACACBAABAADACCBAAAACACABBABABAAABABBAABDAABCABAABABAAAACDDBCAAADABCCCADAAAAAAAABDBAAABADAAABAABAAAAACBBADAABCCAAABAAABAAABAABABAABABABAAAACCAAAABBABBBBBCACDCAACDBCCCCAAAAABADDBCACAAAAABAABAAAAAAABBABDAACCBBBA	['A11B', 'B21C', 'C31A', 'B45D', 'A101B', 'B111C', 'C113D', 'D125A', 'D138A', 'C140A', 'D148A', 'A163B', 'A203B', 'D218C', 'D253A', 'B256A']	16	-6.646470288047567	-6.468041693326086	-6.736975565319881	-0.09050527727231383
ABAAABCBACABAACBABABBDBDBBBBABCAABAAABDAABAABAAABCBAAAAACACDAABAADACCBAAAACACABBABABAAABABBAABDAABCAAAABAAAAAABDCBBAAADABCCCDDAAAAAAAABDBAAABADAAABAABAAAAACBBADAAACCAAABAAABAAABAABABAABABABAAAACCAAAABBAABBBBBACDCAACDBDCCCAAAAABADDBDACAAAAABAABAAAAAAABBDBDAACCBBBA	['D17A', 'A28B', 'A30B', 'B60D', 'B106A', 'C115B', 'D138A', 'C140A', 'D148A', 'C208B', 'C232D', 'B256A']	12	-6.472915367223322	-6.603700416046195	-6.699079367215745	-0.09537895116955042
ABAAABDBACABAACBABAABDBDBBBAAACAABAAABDAABAABAAABABAAAAACACBAABAADACCBAAAACACABBABABAAABABBAABDAABCABAABABAAAABCDBCAAABABCCADDAAAAAAAABDBDACBADAAABDABAAAACCBBADAAACCAAABAAABAAABAABABAABABABAAAACCAAAABBAABBABAACDCAACDBDCBCAAAAAAADDBCACAAAAABAABAAAAAAABBBBDAACCBBBA	['C7D', 'D17A', 'B20A', 'C50A', 'A101B', 'D112C', 'C113D', 'D119B', 'C124A', 'A155C', 'B206A', 'C208A', 'C220B', 'B227A', 'D253B', 'B256A']	16	-7.803814315702766	-6.477040517143905	-7.903318416792899	-0.09950410109013319
ABAAABCBACABAACBABABBDBDBBBAAACAABAAABAAABAABAAABCBAAAAACACBAABAADACCBAAAACACABBABABAAABABBAABDAABCABAABABAAAABDCBCAAADABCCADDAAAAAAAABDBDADBADAAABBABAAAAACBBABAAACCABABAAABAAABAABABAABABABAAAACCAAAABAAABBBBCACDCAACDBDCCCAAAAABADDBCACAAAAABAABAAAAAAABBDBDBACCBBBA	['D17A', 'D39A', 'A101B', 'C124A', 'C140D', 'D148B', 'D160B', 'A167B', 'B201A']	9	-6.6912695213686675	-6.492599488701671	-6.806332594016567	-0.11506307264789939
ABAAABCBACBBAACBDBAABDBDBBBBAACAABAAABAAABAABAAABCBAAAAACACBAABAADACCBAAAACACABBABABAAABABBAABDAABCABAABABAAAABDCBCAAACABBCCDDAAAAAAAABDBDACBADAAABDABAAAACCBBADAAACCAAABAAABAAABAABBBAABABABAAAACCAAAABAAABBBBCACDCAACDBDCCCAAAAAAADDBCAAAAAAABAABAAAAAAABBDBDAACCBBBA	['A11B', 'B20A', 'A28B', 'D39A', 'A101B', 'D119C', 'C122B', 'A155C', 'A181B', 'B201A', 'B227A', 'C234A', 'B256A']	13	-6.507494851248339	-9.390195759304333	-9.5201541944989	-0.12995843519456685
ABAAABCBACBBAACBDBABCDBDBBBAAACAABAAABDAABAABAAABCBAAAAACACBAABAADACCBAAAACACABBABABAAABABBAABDAABCABAABABAAAABCABCAAADABCCCDDAAAAAAAABDBDACBADAAABDABAAAACCBBADAAACCAAABAAABAAABAABABAABABABAAAACCAAAABBAABBBBCACDCAACDBDCCCAAAAABADDBCACAAAAABAABAAAAAAABBDBDBACCBBBA	['A11B', 'B21C', 'A101B', 'D112C', 'C113A', 'A155C']	6	-6.683623218210414	-6.511304764542729	-6.817391566699371	-0.1337683484889567
ABAAABCBACABAACBABABBDBDBBBAAAAAABAAABDAABAABAAABCBAAAAACACBAABAADACCBAAAACACABBABABAAABABBAABDAABCABAABABAAAABDCBCAAADABCCCDDAAAAAAAABDBDACBADAAABDABBAAACCBBADAAACCAAABAAABAAABAABABAABABABAAAACCBAAABAAABBBBCACDCAACDBDCCCAAAAABADDBDACAAAAABAABAAAAAAABBDBDAACCBBBA	['D17A', 'C31A', 'A101B', 'A151B', 'A155C', 'A196B', 'B201A', 'C232D', 'B256A']	9	-6.521352994022891	-8.559405162930489	-8.703221740899608	-0.14381657796911895
ABAAABDBACABAACBDBABBDBDBBBAAACAABAAABDAABAABAAABCBAAAAACACBAABAADACCBADAACACABBABABAAAAABBAABDAABCAAAABABAAAAADDBCAAADABCCAADAAAAAAAABDBDACBADAAABDABAAAAACBBADAACCCAAABAAABAAABAABABAABABABAAAACCAAAABBABBBBBAACDCAACDBDCCCAAAAABADDBCADAAAAABAABAAAAAAABBDBDBACCBBBA	['C7D', 'A72D', 'B88A', 'B111A', 'C113D', 'C124A', 'D125A', 'A163C', 'A203B', 'C208A', 'C234D']	11	-6.528859617654234	-6.529401434119791	-6.680724635720253	-0.1513232016004622
ABAAABCBACABAACBDBABBDBDBBBAAACAABAAABDAABAABAAABCBAAAAACACBAABAADACCBAAAACACABBABABAAABABBAABDAABCAAAABABAAAABCCBCAAADABCCCDDAAAAAAAABDBDACBADAAABDABAAABACBBADAAACCAAABAAABAAABAABABAABABABAAAACCAAAABAAABBBBCACDCAACDBDCCCAAAAABADDBCACAAAAABAABAAAAAAABBDBDBACCBBBA	['D112C', 'A154B', 'B201A']	3	-6.729378795949742	-6.535530544351786	-6.887372924247757	-0.1579941282980144
ABAAABCBACABAACBDBABBDBDBBBAAACAABAAABDAABAABAAABABAAAAACACBAABAADACCBADAACACABBABABAAABAABAABDAABCAAAABABAAAABDCBCAAADABCCADDAAAAAAAABDBDACBADAAABDABAAAAACBBADAAACCAAABAAABAAABAABABAABABABAAAACCAAAABBAABBBBCACDCAACDBDCCCAAAAABADDBCACAAAAABAABAAAAAAABBDBDBACCBBBA	['C50A', 'A72D', 'B90A', 'C124A']	4	-6.542902196990326	-6.70307776844129	-6.868443549377844	-0.16536578093655407
ABAAABCBACABAACBDBABBDBDBBBAAAAAABAAABDAABAABAAABCBAAAAACACBAABAADACCBAAAACACABBABABAAABABBAABDAABCAAAABABAAAABDCBCAAADABCCDADAAAAAAAABDBDACBADAAABDABAAAACCBBADAAACCAAABAAABAAABAABABAABABABAAAACCAAAABBAABBBBCACDCAACDBDCCCAAAAABADDBCACAAAAABAABAAAAAAABBDBDBACCBBBA	['C31A', 'C124D', 'D125A', 'A155C']	4	-6.544703230960295	-7.430634621530771	-7.597801436437294	-0.16716681490652263
ABAAABCBACABAACBDBABBDBDBBBAAACAABAAABDAABAABAAABCBAAAAACACBAABAADACCBAAAACACABBABABAAABABBAABDAABCABAABABAAAABDCBCAAADABCCCDDAAAAAAAABDBDACBADAAABDABBAAAACBBADAAACCAAABAAABAAABAABABAABABABAAACCCAAAABAAABBBBCACDCAACDBDCCCAAAAABADDBCACAAAAABAABAAAAAAABBDBDAACCBBBA	['A101B', 'A151B', 'A193C', 'B201A', 'B256A']	5	-6.557764865225181	-8.161674657370895	-8.341903106542304	-0.180228449171409
ABAAABCBACABAACBDBABBDBDBBBAAACAABAAABDAABAABAAABCBAAAAACACBAABAADACCBAAAACACABBABABAAABABBAABDAABCAAAABABAAAADBCBCAAADABCCADDAAAAAAAABDBDACBADAAABDABBAAACCBBADAADCCAAABAAABAAABAABABAABABABAAAACCAAAABAAABBBBCACDCAACDBDCCCAAAAABADDBCACAAAAABAABAAAAAAABBDBDBACCBBBA	['B111D', 'D112B', 'C124A', 'A151B', 'A155C', 'A163D', 'B201A']	7	-6.788050229195505	-6.561466796323657	-6.97198060946539	-0.18393038026988506
ABAAABCBACBBAACBDBAABDBDBBBAAACAABAAABDAABAABAAABCBAAAAACACBAABAADACCAAAAACACABBABABAAABABBAABDAABCABAABABAAAABDCBCAAABABCCDDDAAAAAAAABDBDACBADAAABDABAAAAACBBADAAACCAAABAAABAAABAABABAABABABAAACCDAAAABBAABBABCACDCAACDBDCCCAAAAABADDBCACAAAAABAABAAAAAAABBDBDBACCBBBA	['A11B', 'B20A', 'B70A', 'A101B', 'D119B', 'C124D', 'A193C', 'C195D', 'B206A']	9	-6.561551974853501	-7.523578831925988	-7.707594390725717	-0.18401555879972875
ABAAABCBACBBAACBDBAABDBDBBBAAACAABAAABDAABAABAAABCBAAAAACACBAABAADACCAAAAACACABBABABAAABABBAABDAABCABAABABAAAABDCBCAAABABCCDDDAAAAAAAABDBDACBADAAABDABAAAAACBBADAAACCAAABAAABAAABAABABAABABABAAACCDAAAABBAABBABCACDCAACDBDCCCAAAAABADDBCACAAAAABAABAAAAAAABBDBDBACCBBBA	['A11B', 'B20A', 'B70A', 'A101B', 'D119B', 'C124D', 'A193C', 'C195D', 'B206A']	9	-6.561551974853501	-7.523578831925988	-7.707594390725717	-0.18401555879972875
ABAAABCBACBBAACBDBAABDBDBBBAAACAABAAABDAABAABAAABCBAAAAACACBAABAADACCAAAAACACABBABABAAABABBAABDAABCABAABABAAAABDCBCAAABABCCDDDAAAAAAAABDBDACBADAAABDABAAAAACBBADAAACCAAABAAABAAABAABABAABABABAAACCDAAAABBAABBABCACDCAACDBDCCCAAAAABADDBCACAAAAABAABAAAAAAABBDBDBACCBBBA	['A11B', 'B20A', 'B70A', 'A101B', 'D119B', 'C124D', 'A193C', 'C195D', 'B206A']	9	-6.561551974853501	-7.523578831925988	-7.707594390725717	-0.18401555879972875
ABAAABCBACABAACBDBABBDBDBBBAAACAABAAABDAABAABAAABCBAAAAACACBAABAADACCBADAACACABBABABAAABABBAABDAABCAAAABABAAAABCCBCAAAAABBCADDAAAAAAAABDBDACBADAAABDABAAAAACBBADAAACCAAABAAABAAABAABABAABABABAAAACCAAAABAABBBBBCACDCAACDBDACCCAAAABADDBCACAAAAABAABAAAAAAABBDBDBACCBBBA	['A72D', 'D112C', 'D119A', 'C122B', 'C124A', 'B201A', 'A203B', 'C219A', 'A222C']	9	-7.581902518169954	-6.565181665413547	-7.76954776752973	-0.18764524935977533
ABAAABCBACABAACBDBABBDBDBBBAAAAAABAAABDAABAABAAABCBAAAAACACBAABAADACCBAAAACACABBABACAAABABBCABDAABCABAABABAAAACDCBCAAADABCCCDDAAAAAAAACDBDACBADAAABDABAAAAACBBADAAACCAAABAAABAAABAABABAABABABAAAACCAAAABAAABBABCACCAAACDBDACCAAAAABADDBCACAAAAABAABAAAAAAABBDBDBACCBBBA	['C31A', 'B84C', 'A92C', 'A101B', 'B111C', 'B135C', 'B201A', 'B206A', 'D211C', 'C212A', 'C219A']	11	-6.567885959288105	-6.677580907475203	-6.867930450709537	-0.1903495432343334
ABAAABCBACABAACBDBABBDBDBBBAAAAAABAAABDAABAABAAABCBAAAAACACBAABAADACCBAAAACACABBABACAAABABBCABDAABCABAABABAAAACDCBCAAADABCCCDDAAAAAAAACDBDACBADAAABDABAAAAACBBADAAACCAAABAAABAAABAABABAABABABAAAACCAAAABAAABBABCACCAAACDBDACCAAAAABADDBCACAAAAABAABAAAAAAABBDBDBACCBBBA	['C31A', 'B84C', 'A92C', 'A101B', 'B111C', 'B135C', 'B201A', 'B206A', 'D211C', 'C212A', 'C219A']	11	-6.567885959288105	-6.677580907475203	-6.867930450709537	-0.1903495432343334
ABAAABCBACABAACBDBABBDBDBBBAAACAABAAABAAABAABAAABABAAAAACACBAABAADACCBAAAACACABBABABAAABABBAABDAABCABAABABAAAABDCBCAAADABCCCDDAAAAAAAABDBDADBADAAABBABAAAAACBBADAAACCAAABAAABAAABAABABAABABABAAAACCAAAABAAABBABCACCCAACDBDACCAAAAABADDBCACAAAAABAABAAAAAAABBDBDBACCBBBA	['D39A', 'C50A', 'A101B', 'C140D', 'D148B', 'B201A', 'B206A', 'D211C', 'C219A']	9	-6.57240349589847	-7.613953592721373	-7.808820672566071	-0.1948670798446983
ABAAABCBACABAACBDBABBDBDBBBAAACAABAAABDAABAABAAABCBAAAAACACBAABAADACCBAAAACACABBABABAAABABBAABDAABCAAAABABAAAABBCBCAAADABCCDDDAAAAAAAABDBDACBADAAABDABAAACCCBBADAAACCAAABAAABAAABAABABAABABABAAAACCAAAABAAABBBBCACDCAACDBDCCCAAAAABADDBCACAAAAABAABAAAAAAABBDBDBACCBBBA	['D112B', 'C124D', 'A154C', 'A155C', 'B201A']	5	-7.0982847947161645	-6.576581867411733	-7.297330246074125	-0.1990454513579607
ABAAABCBACABAACBDBABBDBDBBBAAACAABAAABAAABAACAAABCBAAAAACACBAABAADACCBAAAACACABBABABAAABABBAABDAABCABAABABAAAABDCBCAAADABCCCDDAAAAAAAABDBDACBADAAABDABAAAACCBBADAAACCAAABAAABAAABAABABAABABABAAAACCAAAABBAABBBBCACDCAACDBDCCCAAAAABADDBCACAAAAABAABAAAAAAABBDBDBACCBBBA	['D39A', 'B45C', 'A101B', 'A155C']	4	-6.5768385955598205	-7.201010724529624	-7.4003129040356725	-0.19930217950604856
ABAAABCBACABAACBDBABBDBDBBBAAACAABAAABAAABAACAAABCBAAAAACACBAABAADACCBAAAACACABBABABAAABABBAABDAABCABAABABAAAABDCBCAAADABCCCDDAAAAAAAABDBDACBADAAABDABAAAACCBBADAAACCAAABAAABAAABAABABAABABABAAAACCAAAABBAABBBBCACDCAACDBDCCCAAAAABADDBCACAAAAABAABAAAAAAABBDBDBACCBBBA	['D39A', 'B45C', 'A101B', 'A155C']	4	-6.5768385955598205	-7.201010724529624	-7.4003129040356725	-0.19930217950604856
ABAAABCBACABAACBDBABBDBDBBBAAACAABAAABDAABAABAAABCBAAAAAAACBAABAADACCBADAACACABBABABAAABABBAABDAABCAAAABABAAAABDCBCAAADABCCCDDAAAAAAAABDBDACBADAAABDABAAAAACBBADAAACCAAABAAABAAABAABABAABABABAAAACCAAAABBAABBBBCACDCAACDBDCCCAAAAABADDBCACAAAAABAABAAAAAAABBDBDBACCBBBA	['C57A', 'A72D']	2	-7.3170642296317965	-6.577535314019769	-7.517063127597794	-0.19999889796599746
ABAAABCBACAAABCBDBABADCDBBBAAAAAABAAABDAABAABAAABCBAAAAACACBAABAADACCBAAAACACABBABABAAABABBCABDAABCABAABABAAAABDCBCAAADABCCADDAAAAAAAABDBDACBADAAABDABBAAACCBBADAAACCAAABAAABAAABAABABAABABABAAAACCAAAABBAAABBBCACDCAABDBDCCCAAAAABADDBCACAAAAABAABAAAAAAABBDBDBACCBBBA	['B12A', 'A14B', 'B21A', 'B23C', 'C31A', 'A92C', 'A101B', 'C124A', 'A151B', 'A155C', 'B204A', 'C215B']	12	-8.185256715165451	-6.579617695373599	-8.387337994485279	-0.20208127931982744
ABAAACCBACABAACBABABBDBDBBBAAACBABAAABDAABAADAAABCBAAAAACACBAABAADACCBAAAACACABBABABAAABABBAABDAABCAAAABABAAAABDCBCAAADABCCDDDAAAAAAAABDBDACBADAAABDABAAAAACBBADAAACCAAABAAABAAABAABABAABABABAAAACCAAAABBABBBBBCACDCAACDBDCCCAAAAABADDBCACAAAAABAABAAAAAAABBABDBACCBBBA	['B6C', 'D17A', 'A32B', 'B45D', 'C124D', 'A203B', 'D253A']	7	-9.529562833020464	-6.580081987660378	-9.73210840462707	-0.20254557160660625
ABAAABCBACBBAACBDBABBDBDBBBAAAAAABAAABAAABAACAAABCBAAAAACACBAABAADACCBAAAACACABBABABAAABABBAABDAABCABAABABAAAABDCBCAAADABCCCDDAAAAAAAABDBDACBADAAABDABBAAACCBBADAAACCAAABAAABAAABAABABAABABABAAAACCAAAABAAABBBBCACDCAACDBDCCCAAAAABADDBDACAAAAABAABAAAAAAABBDBDBACCBBBA	['A11B', 'C31A', 'D39A', 'B45C', 'A101B', 'A151B', 'A155C', 'B201A', 'C232D']	9	-6.58337359665893	-9.886923879850656	-10.092761060455814	-0.2058371806051582
ABAAABCBACABAACBDBABBDBCBBBAAACAABAAABDAABAABAAABCBAAAAACACBAABAADACCBAAACCACABBABABAAABABBAABDAABCABAABABAAAABDCBCAAADABCCCADAAAAAAAABDBDACBADAAABCABAAAAACBBADAAACCAAABAAABAAABAABABAABABABAAAACCAAAABAAABBBBCACDCAACABDCCCAAAAABADDBCACAAAAABAABAAAAAAABBDBDBACCBBBA	['D24C', 'A74C', 'A101B', 'D125A', 'D148C', 'B201A', 'D216A']	7	-6.585334591334686	-9.721953483764082	-9.929751659044996	-0.2077981752809137
ABAAABCBACABAACBDBABBDBDBBBAAACAABAAABDAABAABAAABCBAAAAACACBAABAADACCBAAAACACABBABABAAABABBAABDAABCABAABABAAAABDCBCAAADABCCCDDAAAAAAAABDBAACBADAAABCABAAAAAABBADAAACCAAABAAABAAABAABABAABABABAAAACCAAAABBAABBBBAACDCAACDBDCCCAAAAABADDBCACAAAAABAABAAAAAAABBDBDBACCBBBA	['A101B', 'D138A', 'D148C', 'C156A', 'C208A']	5	-6.599617261439562	-7.046439136378467	-7.268519981764257	-0.22208084538578987
ABAAABCBACBBABCBDBABBDBDBBBAAACBABAAABDAABAABAAABCBAAAAACACBAABAADACCBAAAACACABBABABAAABABBAABDAABCAAAABABAAAABDCBCAAADABCCCDDAAAAAAAABDBDACBADAAABDABAAAAACBBADAAACCAAABAAABAAABAABABAABABABAAAACCAAAABAAABBBBAACDBAACDBDCCCAAAAABADDBAABAAAAABAABAAAAAAABBDBDBACCBBBA	['A11B', 'A14B', 'A32B', 'B201A', 'C208A', 'C212B', 'C232A', 'C234B']	8	-8.796549551887438	-6.5997891910374165	-9.018802326871082	-0.22225277498364449
ABAAABCBACBBABCBDBABBDBDBBBAAACBABAAABDAABAABAAABCBAAAAACACBAABAADACCBAAAACACABBABABAAABABBAABDAABCAAAABABAAAABDCBCAAADABCCCDDAAAAAAAABDBDACBADAAABDABAAAAACBBADAAACCAAABAAABAAABAABABAABABABAAAACCAAAABAAABBBBAACDBAACDBDCCCAAAAABADDBAABAAAAABAABAAAAAAABBDBDBACCBBBA	['A11B', 'A14B', 'A32B', 'B201A', 'C208A', 'C212B', 'C232A', 'C234B']	8	-8.796549551887438	-6.5997891910374165	-9.018802326871082	-0.22225277498364449
ABAAABCBACBBAACBDBABBDBDBBBBAAABABAABBDAABAABAAABCBAAAABCACBAABAADACCBAAAACACABBABABAAABABBAABDAABCAAAABABAAAABDCBCAAACABBCDDDAAAAAAAABDBDACBADAAABDABBAAACCBBADAABCCAAABAAABAAABAABABAABABABAAAACCAAAABAAABBBBCACCCAACDBDCCCAAAAABADDBCAAAAAAABAABAAAABAABBDBDBACCBBBA	['A11B', 'A28B', 'C31A', 'A32B', 'A37B', 'A56B', 'D119C', 'C122B', 'C124D', 'A151B', 'A155C', 'A163B', 'B201A', 'D211C', 'C234A', 'A248B']	16	-6.6028009604196995	-7.923627721902449	-8.148892266268376	-0.22526454436592758
ABAAADBBACABBACBDBABBDBDBBBAAAAAABAAABDAABAABAAABCBAAAAACACBAABAADACCBAAAACACAABABABAAABABBAABDAABCABAABABAAAABDCBCAAADABCCCDDAAAAAAAABDBDACBADAAABDABAAAAACBBADAAACCAAABAAABAAABAABABAABABABAAAACCAAAABAAABBBBCACDCAACDBDCCCAAAAABADDBCACAAAAABAABAAAAAAABBDBDBACCBBBA	['B6D', 'C7B', 'A13B', 'C31A', 'B79A', 'A101B', 'B201A']	7	-6.608812027843669	-6.939981260802597	-7.171256872592494	-0.23127561178989708
ABAAABCBACABAACBABABBDBDBBBAAACAABAAABDAABAABAAABCBAAAAACACBAABAADACCBAAAACACABBABABAAABABBAABDAABCABAABABAAAABDCBCAAACABCCDADAAAAAAAACDBDACBADAAABDABBAAAACBBADAAACCAAABAAABAAABAABABAABABABAAAACBAAAABBAABBBBCACDCAACDBDCCCAAAAABADDBCACAAAAABAABAAAAAAABBDBDAACCBBBA	['D17A', 'A101B', 'D119C', 'C124D', 'D125A', 'B135C', 'A151B', 'C195B', 'B256A']	9	-6.6109378698747605	-10.864817535039037	-11.098218988860026	-0.23340145382098854
ABAAABCBABABAACBDBABBDBDBBBAAACAABAAABDAABAABAAABCBAAAAACACBAABAADACCBAAAACACABBABABAAABABBAABDAABCABAABAAAAAABDCBCAAADABCCCDDAAAAAAAABDBDACBADAAABDABAAAACABBADAAACAAAABAAABAAABAABABAABABABAAAACBAAAABAAABBBBCACDCAACDBDCDCAAAAABADDBCACAAAAABAABAAAAAAABBDBDBACCBBBA	['C10B', 'A101B', 'B106A', 'A155C', 'C156A', 'C165A', 'C195B', 'B201A', 'C220D']	9	-6.6198652444873005	-6.775910692289472	-7.018239520723	-0.24232882843352854
ABAAABCBACABABCBDBABCDBDBBBAAACAABAAABDAABAABAAABABAAAAACACBAABAADACCBAAAACACABBABABAAABABBAABDAABCAAAABABAAAABDCBCAAADABCCCDDAAAAAAAABDBDACBADAAABDABAAAAACBBADAAACCAAABAAABAABBAABABAABABABAAAACCAAAABBAABBBBCACDCAACDBDCCCAAAAABADDBCACAAAAABAABAAAAAAABBDBDBACCBBBA	['A14B', 'B21C', 'C50A', 'A176B']	4	-7.3084463241975754	-6.629789333324879	-7.560699241468683	-0.25225291727110744
ABAAABCBACABAACBABABBDBDABBAAACAAAAAABDAABAABAAABCBAAAAACACBAABAADACCBAAAACACABBABABAAABABBAABDAABCAAAABABAAAABDCBCAAADABCCDADAAAAAAAACDBDACBADAAABDABAAACCCBBADAAACCAAABAAABAAABAABABAABABABAAAACCAAAABBAABBBBCACDCAACDBDACCCAAAABADDBCACAAAAABAABAAAAAAABBDBDBACCBBBA	['D17A', 'B25A', 'B34A', 'C124D', 'D125A', 'B135C', 'A154C', 'A155C', 'C219A', 'A222C']	10	-6.674027138622478	-6.634259767830372	-6.9307504903990775	-0.2567233517765999
ABAAABCBACABAACBDBABBDBDBBBAAACAABAAABDAABAABAAABCBAAAAACACBAABAADACCBAAAACACABBABABAAABABBAABDAABCABAABABAAAADDCBCAAADABCCCDDAAAAAAAABDBDACBADAAABDABBAAACCBBADAADCCAAABAAABAAABAABABAABABABAAAACCAAAABBAABBBBCACDCAACDBDCCCAAAAABADDBCACAAAAABAABAAAAAAABBDBDBACCBBBA	['A101B', 'B111D', 'A151B', 'A155C', 'A163D']	5	-6.6357459663413465	-7.875149155035615	-8.13335870532319	-0.25820955028757453
ABAAABCBACABAACBABABBDBDBBBAAACAABAAABDAABAABAAABCBAAAAACACBAABAADACCBAAAACACABBABABAAABABBAABDCABCABAABABAAAABDCBCAAACABBCADDAAAAAAAABDBDACBADAAABDABAAAACABBADAAACCAAABAAABAAABAABABAABABABAAAACCAAAABAAABBABAACDCAACDBDCCCAAAAAAADDBCACAAAAABAABAAAAAAABBBBDAACCBBBA	['D17A', 'A96C', 'A101B', 'D119C', 'C122B', 'C124A', 'A155C', 'C156A', 'B201A', 'B206A', 'C208A', 'B227A', 'D253B', 'B256A']	14	-7.656181251164526	-6.649431939993519	-7.928076775104273	-0.27189552393974736
ABAAABCBACBBAACBDBABBDBDBBBAAAABABAABBDACBAABAAABCBAABAACACBAABAADACCBAAAACACAABABABAAABABBAABDAABCABAABABAAAABDCBCAAADABCCCADAAAAAAAABBBAABBADAAABCABAAAAACBBADAAACCAAABAAABAAABAABABAABABABAAAACCAAAABAAABBABCACDCAACDBDCCCAAAAABADDBCAAAAAAABAABAAAAAAABBDBDBACCBBBA	['A11B', 'C31A', 'A32B', 'A37B', 'A41C', 'A54B', 'B79A', 'A101B', 'D125A', 'D136B', 'D138A', 'C140B', 'D148C', 'B201A', 'B206A', 'C234A']	16	-6.651379814604297	-7.853864444419742	-8.127707842970267	-0.2738433985505253
ABAAABCBACBBAACBDBABBDBDBBBAAAABABAABBDACBAABAAABCBAABAACACBAABAADACCBAAAACACAABABABAAABABBAABDAABCABAABABAAAABDCBCAAADABCCCADAAAAAAAABBBAABBADAAABCABAAAAACBBADAAACCAAABAAABAAABAABABAABABABAAAACCAAAABAAABBABCACDCAACDBDCCCAAAAABADDBCAAAAAAABAABAAAAAAABBDBDBACCBBBA	['A11B', 'C31A', 'A32B', 'A37B', 'A41C', 'A54B', 'B79A', 'A101B', 'D125A', 'D136B', 'D138A', 'C140B', 'D148C', 'B201A', 'B206A', 'C234A']	16	-6.651379814604297	-7.853864444419742	-8.127707842970267	-0.2738433985505253
ABAAABCBACABAACBDBABBDBDBBBAAACAABAAABDAABAABAAABCBAAAAACACBAABAADACCBAAAACACABBABABAAABABBAABDAABCAAAABABAAAABDDBCAAADABCCCDDAAAAAAAABDBDACBADAAABDABAAAAAABBADAAACCAAABAAABAAABAABABAABABABAAAACCAAAABBAABBBBCACDCAACDBDCCCAAAAABADDBCACAAAAABAABAAAAAAABBDBDBACCBBBA	['C113D', 'C156A']	2	-7.622217143187299	-6.6534460498951375	-7.898126777028665	-0.2759096338413656
ABAAABCBABABAACBDBABBDBDBBBAAACAABAAABDAABAABAAABCBAAAAACACBAABAADACCBAAAACACABBABABAAABABBAABDAABCAAAABABAAAABDCBCAAADABCCAADAAAAAAAABDBDACBADAAABDABAAAAAABBADAAACCAAABAAABAAABAABABAABABABAAAACCAAAABAAABBBBCACDCAACDBDCDCAAAAABADDBCACAAAAABAABAAAAAAABBDBDBACCBBBA	['C10B', 'C124A', 'D125A', 'C156A', 'B201A', 'C220D']	6	-6.65457710553892	-7.004548990633339	-7.281589680118486	-0.2770406894851476
ABAAABCBABABAACBDBABBDBDBBBAAACAABAAABDAABAABAAABCBAAAAACACBAABAADACCBAAAACACABBABABAAABABBAABDAABCAAAABABAAAABDCBCAAADABCCAADAAAAAAAABDBDACBADAAABDABAAAAAABBADAAACCAAABAAABAAABAABABAABABABAAAACCAAAABAAABBBBCACDCAACDBDCDCAAAAABADDBCACAAAAABAABAAAAAAABBDBDBACCBBBA	['C10B', 'C124A', 'D125A', 'C156A', 'B201A', 'C220D']	6	-6.65457710553892	-7.004548990633339	-7.281589680118486	-0.2770406894851476
ABAAABCBABABAACBDBABBDBDBBBAAACAABAAABDAABAABAAABCBAAAAACACBAABAADACCBAAAACACABBABABAAABABBAABDAABCAAAABABAAAABDCBCAAADABCCAADAAAAAAAABDBDACBADAAABDABAAAAAABBADAAACCAAABAAABAAABAABABAABABABAAAACCAAAABAAABBBBCACDCAACDBDCDCAAAAABADDBCACAAAAABAABAAAAAAABBDBDBACCBBBA	['C10B', 'C124A', 'D125A', 'C156A', 'B201A', 'C220D']	6	-6.65457710553892	-7.004548990633339	-7.281589680118486	-0.2770406894851476
ABAAABCBABABAACBDBABBDBDBBBAAACAABAAABDAABAABAAABCBAAAAACACBAABAADACCBAAAACACABBABABAAABABBAABDAABCAAAABABAAAABDCBCAAADABCCAADAAAAAAAABDBDACBADAAABDABAAAAAABBADAAACCAAABAAABAAABAABABAABABABAAAACCAAAABAAABBBBCACDCAACDBDCDCAAAAABADDBCACAAAAABAABAAAAAAABBDBDBACCBBBA	['C10B', 'C124A', 'D125A', 'C156A', 'B201A', 'C220D']	6	-6.65457710553892	-7.004548990633339	-7.281589680118486	-0.2770406894851476
ABAAABCBACABAACBDBABBDBDBBBAAACAABAAABDAABAABAAABCBAAAAACACBAABAADACCBAAAACACABBABABAAABABBAABDAABCABAABABAAAABDCBCAAADABCCABDAAAAAAAABDBDADBADAAABBABAAAAACBBADAAACCAAABAAABAAABAABABAABABABAAAACCAAAABBAABBABAACDCAABDBDCCCAAAAABADDBCACAAAAABAABAAAAAAABBDDBBACCBBBA	['A101B', 'C124A', 'D125B', 'C140D', 'D148B', 'B206A', 'C208A', 'C215B', 'B254D', 'D255B']	10	-6.657731276471168	-8.656145399902016	-8.936340260319412	-0.28019486041739583
ABAAABCBACABAACBDBABBDBDBBBAAACAABAAABDAABAACAAABCBAAAAACACBAABAADACCBAAAACAAABBABACAAABABBAABDAABCABAABABAAAABDCBCAAADABCCCADAAAAAAAABDBDACBADAAABDABAAAAACBBADAAACCABABAAABAAABAABABAABABABAAAACCAAAABAAABBBBCACDCAACDBDCCCAAAAABADDBCACAAAAABAABAAAAAAABBDBDBACCBBBA	['B45C', 'C77A', 'B84C', 'A101B', 'D125A', 'A167B', 'B201A']	7	-6.671699137194082	-7.749474271666259	-8.043636992806569	-0.29416272114031017
ABAAABCBACBBAACBDBABBDBDBBBAAAAAABAAABDAABAABAAABCBAAAAACACBAAAAADACCBAAAACACABBABABAAABABBAABDAABCABAABABAAAABBCBCAAADABCCCDDAAAAAAAABDBDADBADAAABBABAAAAACBBADAAACCAAABAAABAAABAABABAABABABAAACCCAAAABAAABBBBCACDCAACDBDCCCAAAAABADDBCACAAAAABAABAAAAAAABBDDDBACCBBBA	['A11B', 'C31A', 'B63A', 'A101B', 'D112B', 'C140D', 'D148B', 'A193C', 'B201A', 'B254D']	10	-6.672668386017904	-8.494288275949657	-8.789420245913789	-0.2951319699641317
ABAAABCBACABAACBABABBDBDBBBAAACAABAAABDAABAACAAABCBAAAAACACBAABAADACCBADAACACABBABABAAABACBAABDAABCABAABABAAAABDCBCAAADABCCCDDAAAAAAAABDBDACBADAAABDABAAAACCBBADAAACCAAABAAABAAABAABABAABABABAAAACCAAAABBAABBBBCACDCAACDBDCCCAAAAABADDBCACAAAAABAABAAAAAAABBDBDAACCBBBA	['D17A', 'B45C', 'A72D', 'B90C', 'A101B', 'A155C', 'B256A']	7	-7.486051811603829	-6.674840051680803	-7.783355447230861	-0.2973036356270313
ABAAACCBABABAACBDBABBDBDBBBAAAAAABAAABDAABAABAAABCBAAAAACACBAABAADACCBAAAACACABBABABAAABABBCABDABBCABAABABAAAABDCBCAAAAABBCDDDAAAAAAAABDBDACBADAAABDABAAAAACBBADAACCCAAABAAABAAABAABABAABABABAAAACCAAAABBAABBBBCACDCAACDBDCCCAAAAABADDBCACAAAAABAABAAAAAAABBDBDBACCBBBA	['B6C', 'C10B', 'C31A', 'A92C', 'A97B', 'A101B', 'D119A', 'C122B', 'C124D', 'A163C']	10	-6.676915726391599	-9.104675403155852	-9.404054713493679	-0.2993793103378266
ABAAABCBACABAACBDBABBDBDBBBAAAAAABAAABDAABAABAAABCBAAAAACACBAABAADACCBADACCACABBABABAAABABBAABDAABCAAAABABAAAACCCBCAAADABCCCDDAAAAAAAABDBDACBADAAABDABAAAAACBBADAAACCAAABAAABAAABAABABAABABABAAAACCAAAABBAABBABCACDCAACDBDCCCAAAAABADDBCACAAAAABAABAAAAAAABBDBDBACCBBBA	['C31A', 'A72D', 'A74C', 'B111C', 'D112C', 'B206A']	6	-8.324020410655066	-6.682473379187286	-8.62895737378858	-0.3049369631335139
ABAAABCBACABAACBDBABBDBDBBBAAACAABAAABDAABAABAAABCBAAAAACACBAABAADACCBAAAACACABBABABAAABABBAABDAABCABAABABAAAABDCBCAAADABCCCDDAAAAAAAABDBDACBADAAABCABAAAAAABBADAAACCAAABAAABAAABAABABAABABABAAAACCAAAABBAABBBBAACDCAACDBDCCCAAAAABADDBCACAAAAABAABAAAAAAABBDBDBACCBBBA	['A101B', 'D148C', 'C156A', 'C208A']	4	-6.693250971380621	-7.444909428246319	-7.7606239835731685	-0.3157145553268492
ABAAABCBABBBAACBDBABBDBDBBBAAACAABAAABAAABAABAAABABAAAAACACCAABAADACCBAAAACACABBABABAAABABBAABDAABCAAAABAAAAAABDCBCAAADABCCCDDAAAAAAAABDBDACBADAAABDABAAAAAABBADAAACCAAABAAABAAABAABABAABABABAAAACCAAAABAAABBBBCACDCAACDBDCCCAAAAABADDBAAAAAAAABAABAAAAAAABBDBDBACCBBBA	['C10B', 'A11B', 'D39A', 'C50A', 'B60C', 'B106A', 'C156A', 'B201A', 'C232A', 'C234A']	10	-6.69582313275896	-8.120584290474653	-8.438871007179841	-0.31828671670518816
ABAAABCBACABAACBDBABBDBDBBBAAACBABAAABDAABAABAAABCBAAAAACACBAABAADACCBAAAACACABBABABAAABABBAABDAABCAAAABABAAAABDCBCAAADABCCCDDAAAAAAAABDBDACBADAAABDABAAAAACBBADAAACCAAABAAABAAABAABABAABABABAAAACCAAAABAAABBBBCACDCAACDBDCCCBAAAABADDBCADAAAAABAABAAAAAAABBDBDBACCBBBA	['A32B', 'B201A', 'A222B', 'C234D']	4	-8.526018454460427	-6.6998150567524135	-8.848297095159069	-0.32227864069864154
ABAAABCBABABAACBDBABBDBDBBBAAACAABAAABDAABAABAAABCBAAAAACACBAABAADACCBAAAACACABBABABAAABABBAABDAABCAAAABABAAAABDCBCAAADABCCDADAAAAAAAABDBDACBADAAABDABAAACACBBADAAACCAAABAAABAAABAABABAABABABAAAACCAAAABBAABBBBCACDCAACDBDCCCAAAAABADDBCACAAAAABAABAAAAAAABBDBDBACCBBBA	['C10B', 'C124D', 'D125A', 'A154C']	4	-6.706160114845261	-7.892051914241165	-8.220675613032654	-0.328623698791489
ABAAABCBABABAACBDBABBDBDBBBAAACAABAAABDAABAABAAABCBAAAAACACBAABAADACCBAAAACACABBABABAAABABBAABDAABCAAAABABAAAABDCBCAAADABCCDADAAAAAAAABDBDACBADAAABDABAAACACBBADAAACCAAABAAABAAABAABABAABABABAAAACCAAAABBAABBBBCACDCAACDBDCCCAAAAABADDBCACAAAAABAABAAAAAAABBDBDBACCBBBA	['C10B', 'C124D', 'D125A', 'A154C']	4	-6.706160114845261	-7.892051914241165	-8.220675613032654	-0.328623698791489
ABAAABCBACBBAACBDBABBDBDBBBAAACAABAAABDAABAABAAABCBAAAAACACBAABAADACCBAAAACACABBABABAAABABBAABDAABCABAABABAAAABDCBCAAADABBCCDDAAAAAAAABDBDACBADAAABDABAAAAACBBADAAACCAAABAAABAAABAABABAABABABAAAACCAAAABBAABBBBCACDCAACDBDCCCAAAAABADDBAACAAAAABAABAAAAAAABBDBDBACCBBBA	['A11B', 'A101B', 'C122B', 'C232A']	4	-6.707783059915528	-7.572558826592285	-7.902805470454041	-0.33024664386175573
ABAAABCBACBBAACBDBABBDBDBBBAAACAABAAABDAABAABAAABCBAAAAACACBAABAADACCBAAAACACABBABABAAABABBAABDAABCABAABABAAAABDCBCAAADABBCCDDAAAAAAAABDBDACBADAAABDABAAAAACBBADAAACCAAABAAABAAABAABABAABABABAAAACCAAAABBAABBBBCACDCAACDBDCCCAAAAABADDBAACAAAAABAABAAAAAAABBDBDBACCBBBA	['A11B', 'A101B', 'C122B', 'C232A']	4	-6.707783059915528	-7.572558826592285	-7.902805470454041	-0.33024664386175573
ABAAABCBACBBAACBCBABBDBDBBBAAACAABAAABDAABAABAAABCBAAAAACACBAABAADACCBAAAACACABBABABAAABABBAABDAABCABAABABAAAABDCBCAAACABCCDDDAAAAAAAACDBDACBADAAABBABAAAAACBBADAAACCAAABAAABAAABAABBBAABABABAAAACCAAAABAAABBBBCACDCAACDBDCBCAAAAABADDBCACAAAAABAABAAAAAAABBDBDBACCBBBA	['A11B', 'D17C', 'A101B', 'D119C', 'C124D', 'B135C', 'D148B', 'A181B', 'B201A', 'C220B']	10	-6.708063660888001	-10.08799823699519	-10.41852548182942	-0.33052724483422935
ABAAABDBACABAACBDBABBDBDBBBBAACAABAAABAAABAABAAABCBAAAAACACBAABAADACCBAAAACACABBABABAAABABDAABDAABCAAAABABAAAABDCBCAAADABCCADDAAAAAAAABDBDACAADAAABDABAAAAACBBADAAACCAAABAAABAAABAABABAABABABAAAACCAAAABBAABBBBAACDCAACABDCCCAAAAABADDBCADAAAAABAABAAAAAAABBDBDBACCBBBA	['C7D', 'A28B', 'D39A', 'B91D', 'C124A', 'B141A', 'C208A', 'D216A', 'C234D']	9	-6.719301809323952	-7.306950701167807	-7.648716094437987	-0.34176539327017963
ABAAABCBACABAACBAAABCDBDBBBAAACAABAAABDAABAABAAABDBAAAAACAABAABAADACCBADAACACABBABABAAABABBAABDAABCABAABABAAAABDCBCAAABABCCDDDAAAAAAAABDBDACBADAAABDABAAAAACBBADAAACCAAABAAABAAABAABABAABABABAAAACCAAAABAAABBBBCACDCAACDBDCCCAAAAABADDBCACAAAAABAABAAAAAAABBDBDBACCBBBA	['D17A', 'B18A', 'B21C', 'C50D', 'C59A', 'A72D', 'A101B', 'D119B', 'C124D', 'B201A']	10	-6.730227801715955	-8.305775328539312	-8.658466714201495	-0.35269138566218317
ABAAABCBACABAACBDBABBDBDBBBAAACAABAAABDAABAABAAABCBAAAAACACBAABAADACCBADAACACABBABABAAABABBAABAAABCAAAABABAAAACDDBCAAADABCCADDAAAAAAAABDBDACBADAAABDABAAAACCBBADAAACCAAABAAAAAAABAABABAABABABAAAACCAAAABBAABBBBCACDCAACDBDCCCAAAAABADDBCACAAAAABAABAAAAAAABBABDBACCBBBA	['A72D', 'D95A', 'B111C', 'C113D', 'C124A', 'A155C', 'B173A', 'D253A']	8	-9.71374379307963	-6.730998497456312	-10.06720587448217	-0.3534620814025402
ABAAAABBACABAACBDBABBDBDBBBAAAAAABAAABDAABAABAAABCBAAAAACACBAABAADACCBAAACCACABBABABAAABABBAABDAABCAAAABABAAAABBCBCAAADABCCCADAAAAAAAABDBDACBADAAABDABAAAAACBBADAAACCAAABAAABAAABAABBBAABABABAAAACCAAAABBAABBABCACDCAACDBDCCCAAAAABADDBCADAAAAABAABAAAAAAABBDBDBACCBBBA	['B6A', 'C7B', 'C31A', 'A74C', 'D112B', 'D125A', 'A181B', 'B206A', 'C234D']	9	-6.733059488469735	-7.737872372381389	-8.093395444797352	-0.3555230724159628
ABAAABDBACBBAACBDBABBDBDBBBAAAAAABAAABDAABAABAAABABAAAAACACBAABAADACCBAAABCACABBABABAAABABBAABDAABCAAAABABAAAABDDBCAAACABBCCDDAAAAAAAABDBDACBADAAABDABBAAACCBBADAAACCAAABAAABAAABAABABAABABABAAAACCAAAABBAABBBBAACBBAACCBDCCCAAAAABADDBCACAAAAABAABAAAAAAABBDBDBACCBBBA	['C7D', 'A11B', 'C31A', 'C50A', 'A74B', 'C113D', 'D119C', 'C122B', 'A151B', 'A155C', 'C208A', 'D211B', 'C212B', 'D216C']	14	-6.733952230773866	-7.6248195127700455	-7.98123532749014	-0.3564158147200942
ABAAABCBACABAACBDBAABDBDBBBAAACAABAAABDAABAABAAABCBAAAAACACBAABAADACCAAAAACACABBABABAAABABBAABDABBCABAABABAAAABCCBCAAABABCCBADAAAAAAAABDBDADBADAAABBABAAAAACBBADAAACCAAABAAABAAABAABABAABABABAAAACCAAAABAAABBBBCACDCAACDBDCCCAAAAABADDBDACAAAAABAABAAAAAAABBDBDBACCBBBA	['B20A', 'B70A', 'A97B', 'A101B', 'D112C', 'D119B', 'C124B', 'D125A', 'C140D', 'D148B', 'B201A', 'C232D']	12	-6.736569186881752	-10.812851822469383	-11.171884593297364	-0.35903277082798013
ABAAABCBACABAACBDBABBDBDBBBAAACAABAAABDAABAABAAABCBAAAAACACBAABAADACCBAAAACACABBABABAAABABBAABDAABCABAABABAAAABDCBCAAADABCCCDDAAAAAAAABDBDACBADAAABDABAAAAACBBADAAACCAAABAAABAAABAABABAABABABAAAACCAAAABBAABBBBCACDCAACDBDCCCAAAAABADDBCADAAAAABAABAAAAAAABBDBDBACCBBBA	['A101B', 'C234D']	2	-6.737414205214009	-7.603438451420516	-7.9633162405807525	-0.3598777891602367
ABAAABCBACABAACBDBABBDBDBBBAAAAAABAAABDAABAABAAABCBAAAAACACBAABAADACCBAAAACACABBABABAAABABBAABDAABCAAAABABAAAABDCBCAAACABBCCDDAAAAAAAABDBDACBADAAABDABAAAAACBBADAAACCAAABAAABAAABAABABAABABABAAAACCAAAABBAABBBBCACDCAACDBDCCCAAAAABADDBCACAAAAABAABAAAAAAABBDBDBACCBBBA	['C31A', 'D119C', 'C122B']	3	-7.087390626547858	-6.741937438317109	-7.451791648811195	-0.3644010222633369
ABAAABCBACABAACBDBABBDBDBBBAAACAABAAABDAABAABAAABCBAAAAACACBAABAADACCBAAAACACABBABABAAABABBAABDAABCAAAABAAAAAABDCBCAAADABCCADDAAAAAAAABDBDACBADAAABDABBAAACCBBADAAACCAAABAAABAAABAABABAABABABAAADCCAAAABAAABBABCACDCAACDBDCCCAAAAABADDBDACAAAAABAABAAAAAAABBABDBACCBBBA	['B106A', 'C124A', 'A151B', 'A155C', 'A193D', 'B201A', 'B206A', 'C232D', 'D253A']	9	-7.873304954497144	-6.742108600214124	-8.237877138657495	-0.36457218416035175
ABAAABCBACABAACBDBABBDBDBBBAAACBABAAABAAABAABAAABABAAAAACACBAABAADACCBAAAACACABBABABAAABABBAABDAABCAAAABABAAAABBDBCAAADABCCDDDAAAAAAAABDBDACBADAAABDABAAAACCBBADAADCCAAABAAABAAABAABABAABABABAAAACCAAAABAAABBBBCACDCAACDBDCCCAAAAABADDBCAAAAAAABAABAAAAAAABBDBABACCBBBA	['A32B', 'D39A', 'C50A', 'D112B', 'C113D', 'C124D', 'A155C', 'A163D', 'B201A', 'C234A', 'D255A']	11	-6.744959073141217	-7.409158870577812	-7.7765815276652575	-0.36742265708744526
ABAAABCBACABAACBABABBDBDBBBAAAAAABAAABDAABAABAAABCBAAAAACACBAABAADACCBAAAACACABBABABAAABABBAABDAABCAAAABAAAAAABDCBCAAADABCCCAAAAAAAAAABDBDADBADAAABCABAAAAAABBADAABCCAAABAAAAAAABAABABAABABABAAAACCAAAABAAABBBBCACDCAACDBDCCCAAAAABADDBCACAAAAABAABAAAAAAABBDBDAACCBBBA	['D17A', 'C31A', 'B106A', 'D125A', 'D126A', 'C140D', 'D148C', 'C156A', 'A163B', 'B173A', 'B201A', 'B256A']	12	-7.198455026606098	-6.750476525630802	-7.571395136183128	-0.37294010957702994
ABAAABCBACABAACBABABBDBDBBBBAACAABAAABDAABAABAAABCBAAAAACACBAABAADACCBADAACACABBABABAAABACBAABDAABCAAAABABAAAABDCBCAAABABCCCDDAAAAAAAABDBDACBADAAABDABBAAACCABABAAACCAAABAAABAAABAABABAABABABAAAACCAAAABBAABBBBCACDCAACDBDCCCAAAAABADDBAACAAAAABAABAAAAAAABBDBDBACCBBBA	['D17A', 'A28B', 'A72D', 'B90C', 'D119B', 'A151B', 'A155C', 'B157A', 'D160B', 'C232A']	10	-7.363904857775196	-6.760567281860858	-7.746935723582283	-0.38303086580708623
ABAAABCBACABAACBDBABBDBDBBBAAACAABAAABDAABAABAAABABAAAAACACBAABAADACCBAAAACACABBABABAAABABBAABDBABCAAAABABAAAABCCBCAAABABCCCADAAAAAAAABDBDACBADAAABDABAAAAACBBADAAACCAAABAAABAAABAABABAABABABAAAACCAAAABBAABBBBCACDCAACDBDCCCAAAAABADDBCACAAAAABAABAAAAAAABBDBDBACCBBBA	['C50A', 'A96B', 'D112C', 'D119B', 'D125A']	5	-6.765550301177427	-8.029529317747802	-8.417543202871457	-0.3880138851236552
ABAAABCBACABAACBDBAABDBDBBBAAACAABAAABDAABAABAAABCBAAAAACACBAABAADACCBAAAACACABBABABAAABABBAABDAABCABAABABAAAABDCBCAAADABCCCDDAAAAAAAABDBDACBADAAABDABAAAAACBBADAAACCAAABAAABAAABAABABAABABABAAACCCAAAABBAABBBBCACDCAACDBDCCCAAAAABADDBCACAAAAABAABAAAAAAABBDBDAACCBBBA	['B20A', 'A101B', 'A193C', 'B256A']	4	-6.769607215886936	-6.91470500221476	-7.306775802047923	-0.3920707998331636
ABAAABCBACABABCBDBABBCBDBBBAAACBABAABBAAABAABAAABCBAAAAACACBAABAADACCBAAAACACABBABABAAABABBAABDAABCABAABABAAAABDCBCAAADABCCCADAAAAAAAABDBDACBADAAABDABBAAAACBBADAADCCAAABCAABAAABAABABAABABABAAAACCAAAABAAABBBBCACDCAACDBDCCCAAAAABADDBCACAAAAABAABAAAAAAABBABDBACCBBBA	['A14B', 'D22C', 'A32B', 'A37B', 'D39A', 'A101B', 'D125A', 'A151B', 'A163D', 'A170C', 'B201A', 'D253A']	12	-7.068360398989171	-6.770891075022519	-7.4617150579579175	-0.39335465896874666
ABAAABCBABABABCBDBABBDDDBBBBABCAABAAABAAABAABAAABCBAAAAACACBAABAADACCBAAAACACABBABABAAABABBAABDAABCABAABABAAAABDCBCAAADABCCADDAAAAAAAABDBDACBADAAABDABBAAAACBBADAAACCAAABAAABAAABAABABAAAABABAAAACCAAAABAAABBABCACDCAACABDCCCAAAAABADDBCACAAAAABAABAAAAAAABBDBDBACCBBBA	['C10B', 'A14B', 'B23D', 'A28B', 'A30B', 'D39A', 'A101B', 'C124A', 'A151B', 'B185A', 'B201A', 'B206A', 'D216A']	13	-6.777362084481865	-7.882440830027917	-8.28226649845601	-0.3998256684280932
ABAAABABACABAACBDBABBDBDBBBAAACAABAAABDAABAABAAABCBAAAAACACBAABAADACCBAAAACACABBABABAAABABBAABDAABCABAABABAAAABDCBCAAADABCCDDDAAAAAAAACDBDADBADAAABBABAAAAACBBADAAACCAAABAAABAAABAABBBAABABABAAAACCAAAABAAABBABCACDCAACDBDACCCAAAABADDBCACAAAAABAABAAAAAAABBDBDBACCBBBA	['C7A', 'A101B', 'C124D', 'B135C', 'C140D', 'D148B', 'A181B', 'B201A', 'B206A', 'C219A', 'A222C']	11	-6.7817575570661575	-8.984823607373983	-9.389044748386368	-0.4042211410123855
ABAAABCBACABAACBABABBDBDBBBAAACAABAAABDAABAABAAABCBAAAAACACBAABAADACCBAAAACACABBABABAAABABBACBDAABCABAABABAAAABDCBCAAADABCCADDAAAAAAAACDBDACBCDAAABDABAAAAACBBADAAACCAAABAAABAAABAABABAABABABAAAACCAAAABAAABBBBCACDCAACDBDCCCAAAAABADDBCADAAAAABAABAAAAAAABBDBDBACCBBBA	['D17A', 'A93C', 'A101B', 'C124A', 'B135C', 'A142C', 'B201A', 'C234D']	8	-6.785905413096771	-7.532925981562585	-7.941294978605583	-0.40836899704299867
ABAAABCBACABAACBABABBDBDBBBAAACAABAAABDAABAABAAABCBAAAAACACBAABAADACCBAAAACACABBABABAAABABBAABDAABCABAABABAAAABDCBCAAAAABBCAADAAAAAAAABDBDADBADAAABBABAAAAACBBADAAACCAAABAAABAAABAABABAABABABAAAACCAAAABBAABBBBCACBCAACDBDCCCAAAAABADDBCACAAAAABAABAAAAAAABBDBDAACCBBBA	['D17A', 'A101B', 'D119A', 'C122B', 'C124A', 'D125A', 'C140D', 'D148B', 'D211B', 'B256A']	10	-6.7865213609766215	-8.708030117035378	-9.117015061958227	-0.40898494492284954
ABAAABCBACBBAACBDBABBDBDABBAAACAABAAABDAABAABAAABCBAAAAACACBAABAADACCBAAAACACABBABABAAABABBAABDAABCABAABABAAAABDCBCAAACABBCCDDAAAAAAAABCBDACBADAAABDABAAAACCBBADAAACCAAABAAABAAABAABABAABABABAAAACCAAAABBAABBBBCACDCAACDBDCCCAAAAABADDBCACAAAAABAABAAAAAAABBDBDBACCBBBA	['A11B', 'B25A', 'A101B', 'D119C', 'C122B', 'D136C', 'A155C']	7	-6.80246072798036	-7.577783306420315	-8.002707618346903	-0.4249243119265884
ABAAABCBACABAACBABABBDBDBBBAAACAAAAAABDAABAABAAABBBAAAAACACBAABAADACCBAAAACACABBABABAAABABBCABDAABCAAAABABAAAABDCBCAAADABCCAADAAAAAAAABDBDACBADAAABDABAAAAACBBADAAACCAAABAAABAAABAABABAABABABAAAACCAAAABAAABAABAACCBAACDBDCCCAAAAABADDBCACAAAAABAABAAAAAAABBDBDBACCBBBA	['D17A', 'B34A', 'C50B', 'A92C', 'C124A', 'D125A', 'B201A', 'B205A', 'B206A', 'C208A', 'D211C', 'C212B']	12	-8.625994965434074	-6.805893242359161	-9.054351791739464	-0.4283568263053894
ABAAABCBACABAACBABABBDBDBBBAAACAAAAAABDAABAABAAABBBAAAAACACBAABAADACCBAAAACACABBABABAAABABBCABDAABCAAAABABAAAABDCBCAAADABCCAADAAAAAAAABDBDACBADAAABDABAAAAACBBADAAACCAAABAAABAAABAABABAABABABAAAACCAAAABAAABAABAACCBAACDBDCCCAAAAABADDBCACAAAAABAABAAAAAAABBDBDBACCBBBA	['D17A', 'B34A', 'C50B', 'A92C', 'C124A', 'D125A', 'B201A', 'B205A', 'B206A', 'C208A', 'D211C', 'C212B']	12	-8.625994965434074	-6.805893242359161	-9.054351791739464	-0.4283568263053894
ABAAABCBACABAACBABABBDBDBBBAAACAABAAABDAABAAAAAABCBAAAAACACBAABAADACCBAAAACACABBABABAAABABBAABDAABCABAABABAAAABDCBCAAADABCCAADAAAAAAAABDBBADBADAAABBABAAAAACABABAACCAAAABAAABAAABAABABAABABABAAAACCAAAABBAABBBBCACDCAACDBDCCCAAAAABADDBCACAAAAABAABAAAAAAABBDBDBACCBBBA	['D17A', 'B45A', 'A101B', 'C124A', 'D125A', 'D138B', 'C140D', 'D148B', 'B157A', 'D160B', 'A163C', 'C165A']	12	-6.809515800559893	-9.238313573237974	-9.670292957744095	-0.4319793845061213
ABAAABCBABBBAACBDBABBDBDBBBAAACAABAAABDAABAABAAABCBAAAAACACBAABAADACCBAAAACACABBABABAAABABBAABDAABCAAAABABAAAABDCBCAAADABCCADDAAAAAAAABDBDACBADAAABDABAAAAACBBADAAACCAAABAAABAAABAABABAABABABAAABCBAAAABBAABBABAACDBAACDBDCCCAAAAABADDBCACAAAAABAABAAAAAAABBDCDBACCBBBA	['C10B', 'A11B', 'C124A', 'A193B', 'C195B', 'B206A', 'C208A', 'C212B', 'B254C']	9	-7.93788123736158	-6.819492569193244	-8.379837390501052	-0.441956153139472
ABAAABCBACBBAACBDBABBDBDBBBAAAAAABAAABDAABAABAAABCBAAAAACACBAABAADACCBAAAACACABBABABAAABABBAABDAABCABAABABAAAACDCBCAAACABCCCDDAAAAAAAABDBDACBADAAABDABAAAAACBBADAAACCAAABAAABAAABAABABAABABABAAAACCAAAABBAABBBBCACDCAACDBDCCCAAAAABADDBAACAAAAABAABAAAAAAABBDBDAACCBBBA	['A11B', 'C31A', 'A101B', 'B111C', 'D119C', 'C232A', 'B256A']	7	-6.824802983319387	-7.965174930170178	-8.412441497435793	-0.44726656726561487
ABAAABCBACABAACBABABBDBDBBBAAACAABAAABDAABAABAAABBBAAAAACACBAABAADACCBAAAACACABBABABAAABABBAABDAABCABAABABAAAABDCBCAAADABCCADDAAAAAAAABDBCACBADAAABDABBAAACCBBADAAACCABABAAABAAABAABABAABABBBAAAACCAAAABBAABBBBCACDCAACDBDCBCAAAAABADDBDACAAAAABAABAAAAAAABBDBDBACCBBBA	['D17A', 'C50B', 'A101B', 'C124A', 'D138C', 'A151B', 'A155C', 'A167B', 'A188B', 'C220B', 'C232D']	11	-6.830576194217429	-8.93029390880838	-9.383333686972037	-0.4530397781636566
ABAAABCBACABAACBDBABBDBDBBBAAAAAABAAABDACBAABAAABCBAAAAACACBAABAADACCBAAAACACABBABABAAABABBAABDAABCABAABABAAAABDCBCAAADABCCCDDAAAAAAAABDBDAABADAAABCABAAAAACBBADAAACCAAABAAABAAABAABABAABABABAAAACCAAAABAAABBABCACDCAACDBDCCCAAAAABADDBCACAAAAABAABAAAAAAABBDBDBACCBBBA	['C31A', 'A41C', 'A101B', 'C140A', 'D148C', 'B201A', 'B206A']	7	-6.838317557936534	-7.181628377176821	-7.6424095190595835	-0.4607811418827623
ABAAABCBACABABCBDBABBDBDBBBAAAAAABAAABDAABAABAAABCBAAAAACACBAABAADACCBAAACCACABBABABAAABABBAABDAABCAAAABABAAAACDCBCAAADABCCCDDAAAAAAAABDBDADBADAAABCABAAAAACBBADAAACCAAABAAABAAABAABABAABABABAAAACCAAAABBAABBABCACDCAACDBDCCCAAAAABADDBCACAAAAABAABAAAAAAABBDBDBACCBBBA	['A14B', 'C31A', 'A74C', 'B111C', 'C140D', 'D148C', 'B206A']	7	-8.811879211803898	-6.8441118858754635	-9.27845468162559	-0.4665754698216915
ABAAABCBABABAACBDBABBDBDBBBAAACAABAAABDAABAABAAABCBAAAAACACBAABAADACCBAAAACACABBABABAAABABBAABDAABCABAABABAAAABDCBCAAACABBCDCDAAAAAAAABDBDACBADAAABCABAAAAACBBADAAACCAAABAAABAAABAABABAABABABAAAACCAAAABBAABBBBCACDCAACDBCCCCAAAAABADDBCACAAAAABAABAAAAAAABBDBDBACCBBBA	['C10B', 'A101B', 'D119C', 'C122B', 'C124D', 'D125C', 'D148C', 'D218C']	8	-6.8477930126246065	-8.552892973471899	-9.023149570042733	-0.4702565965708345
ABAAABCBACABAACBABABBDBDBBBAAACAABAAABDAABAABAAABCBAAAAACACBAABAADACCBAAAACACABBABABAAABABBAABDAABCAAAABABAAAABDCBCAAADABCCCADAAAAAAAABDBDACBADAAABDABAAAAACBBADAAACCAAABAAABAAABAABABAABABABAAACCCAAAABAAABBBBCACDCAACDBDCCCAAAAABADDBAACAAAAABAABAAAAAAABBDBDBACCBBBA	['D17A', 'D125A', 'A193C', 'B201A', 'C232A']	5	-7.024756923085079	-6.8513973779045045	-7.498617884935811	-0.47386096185073256
ABAAABCBACABAACBABABBDBDBBBAAACAABAAABDAABAABAAABCBAAAAACACBAABAADACCBAAAACACABBABABAAABABBAABDAABCAAAABABAAAABDCBCAAADABCCCADAAAAAAAABDBDACBADAAABDABAAAAACBBADAAACCAAABAAABAAABAABABAABABABAAACCCAAAABAAABBBBCACDCAACDBDCCCAAAAABADDBAACAAAAABAABAAAAAAABBDBDBACCBBBA	['D17A', 'D125A', 'A193C', 'B201A', 'C232A']	5	-7.024756923085079	-6.8513973779045045	-7.498617884935811	-0.47386096185073256
ABAAABCBACBBAACBDBABBDBCBBBAAAAAABAAABDAABAABAAABCBAAAAACACBAABAADACCBAAAACACABBABABAAABABBAABDAABCABAABABAAAABDCBCAAACABBCCADAAAAAAAABDBDACBADAAABDABAAAAACBBADAAACCAAABAAABAAABAABABAABABABAAAACCAAAABAAABBBBCACDCAACDBDCBCAAAAABADDBAACAAAAABAABAAAAAAABBDBDBACCBBBA	['A11B', 'D24C', 'C31A', 'A101B', 'D119C', 'C122B', 'D125A', 'B201A', 'C220B', 'C232A']	10	-6.851514542708173	-9.782567060377914	-10.256545187032316	-0.4739781266544014
ABAAABCBACBBAACBDBABBDBCBBBAAAAAABAAABDAABAABAAABCBAAAAACACBAABAADACCBAAAACACABBABABAAABABBAABDAABCABAABABAAAABDCBCAAACABBCCADAAAAAAAABDBDACBADAAABDABAAAAACBBADAAACCAAABAAABAAABAABABAABABABAAAACCAAAABAAABBBBCACDCAACDBDCBCAAAAABADDBAACAAAAABAABAAAAAAABBDBDBACCBBBA	['A11B', 'D24C', 'C31A', 'A101B', 'D119C', 'C122B', 'D125A', 'B201A', 'C220B', 'C232A']	10	-6.851514542708173	-9.782567060377914	-10.256545187032316	-0.4739781266544014
ABAAABABACBBAACBDBAABDBDBBBAAAAAABAAABDAABAABAAABCBAAAAACACBAABAADACCBAAAACACABBABABAAABABBAABDAABCABAABABAAAABDCBCAAADABCCCDDAAAAAAAACDBDACBADAAABDABBAAAACBBADAAACCAAABAAABAAABAABABAABABABAAAACCAAAABAAABBBBCACDCAACDBDCCCAAAAABADDBCACAAAAABAABAAAAAAABBDBDAACCBBBA	['C7A', 'A11B', 'B20A', 'C31A', 'A101B', 'B135C', 'A151B', 'B201A', 'B256A']	9	-6.853419944411144	-9.040067596361041	-9.515951124718413	-0.4758835283573717
ABAAABCBACABAACBDBABBDBDBBBAAAAAABAAABDAABAABAAABCBAAAAACACBAABAADACCBAAAACACABBABABAAABABBAABDAABCAAAABABAAAABDCBCAAADABCCCBDAAAAAAAABDBDACBADAAABDABAAAAAABBADAAACCABABAAABAAABAABABAABABABAAAACCAAAABBAABBBBCACDCAACDBDCCCAAAAABADDBCACAAAAABAABAAAAAAABBDBDBACCBBBA	['C31A', 'D125B', 'C156A', 'A167B']	4	-7.301097851945087	-6.856296194251627	-7.779857630142942	-0.47875977819785476
ABAAABCBACABAACBABABBDBDBBBAAACAABAAABDAABAABAAABCBAAAAACACBAABAADACCBADAACACABBABABAAABACBAABDAABCABAABABAAAABDCBCAAADABCCCDDACAAAAAABDBAACBADAAABCABAAAAAABBADAAACCAAABAAABAAABAABABAABABABAAAACCAAAABAAABBBBCACDCAACDBDCDCAAAAABADDBCACAAAAABAABAAAAAAABBDBDBACCBBBA	['D17A', 'A72D', 'B90C', 'A101B', 'A128C', 'D138A', 'D148C', 'C156A', 'B201A', 'C220D']	10	-7.870507764397189	-6.857597044669092	-8.350568393012509	-0.48006062861531973
ABAAABCBACABAACBDBABBDBDBBBAAACAABAAABDAABAABAAABCBAAAAACACBAABAADACCBAAAACACABBABABAAABABBAABDAABCAAAABABAAAABDCBCAAADABCCADCAAAAAAAABDBDACBADAAABDABAAAAAABBADAAACCAAABAAABAAABAABABAABABABAAAACBAAAABBAABBBBCACDCAACDBDCCCAAAAABADDBCACAAAAABAABAAAAAAABBDBDBACCBBBA	['C124A', 'D126C', 'C156A', 'C195B']	4	-7.222171092638746	-6.865402846131474	-7.710037522716448	-0.4878664300777018
ABAAABCBACBBAACBDBABBDBDBBBAAACAABAAABDAABAABAAABCBAAAAACACBAABAADACCBAAAACACABBABABAAABABBAABDAABCABAABABAAAAADCBCAAACABBCCDDAAAAAAAABDBDACBADAAABDABBAAACCBBADAAACCAAABAAABAAABAABABAABABABAAAACCAAAABBAABBBBCACDCAACDBDCCCAAAAABADDBCACAAAAABAABAAAAAAABBDBDBACCBBBA	['A11B', 'A101B', 'B111A', 'D119C', 'C122B', 'A151B', 'A155C']	7	-6.875271698227152	-8.474198178679217	-8.971933460852597	-0.49773528217338026
ABAAABCBACABAACBDBABBDBDBBBAAAAAABAAABDAABAABAAABCBAAAAACACBAABAADACCBAAAACACABBABABAAABABBAABDAABCABAABABAAAABBDBCAAADABCCCDDAAAAAAAABDBDACBADAAABDABBAAACAABADAAACCAAABAAABAAABAABABAABABABAAAACCAAAABAAABBBBCACDCAACDBCCCCAAAAABACDBCACAAAAABAABAAAAAAABBABDAACCBBBA	['C31A', 'A101B', 'D112B', 'C113D', 'A151B', 'A155C', 'C156A', 'B157A', 'B201A', 'D218C', 'D229C', 'D253A', 'B256A']	13	-7.773858296917751	-6.8803823930211365	-8.276704273885116	-0.5028459769673645
ABAAABCBACABAACBDBABBDBDBBBAAAAAABAAABDAABAABAAACCBAAAAACACBAABAADACCBAAACCACAABABABAAABABBAABDAABCABAABABAAAABDCBCAAADABCCCDDAAAAAAAABDBAACAADAAAACABAAAAACBBADAAACCAAABAAABAAABAABABAABABABAAAACCAAAABBAABBBBCACDCAACDBDCCCAAAAABADDBCACAAAAABAABAAAAAAABBDBDBACCBBBA	['C31A', 'B49C', 'A74C', 'B79A', 'A101B', 'D138A', 'B141A', 'B147A', 'D148C']	9	-6.8843430248089135	-7.997642564820126	-8.504449173575267	-0.5068066087551415
ABAAABCBACABAACBDBABBDBDBBBAAACAABAAABDAABAABAAABCBAAAAACACBAABAADACCBAAAACACABBABABAAABABBAABDAABCAAAABABAAAABDCBCAAADABCCCBDAAAAAAAABDBDACBADAAABDABAAAAAABBADAAACCABABAAABAAABAABABAABABABAAAACCAAAABBAABBBBCACDCAACDBDCCCAAAAABADDBCACAAAAABAABAAAAAAABBDBDBACCBBBA	['D125B', 'C156A', 'A167B']	3	-7.348541867686436	-6.88470516866073	-7.855710620293394	-0.5071687526069582
ABAAABCBACABAACBDBABBDDDBBBBAACAABAABBDAABAABAAABCBAAAAACACBAABAADACCBADAACACABBABABAAABABBAABDAABCAAAABABAAAABDCBCAAAAABBCCADAAAAAAAABDBDACBADAAABDABAAAAACBBADAAACCAAABAAABAAABAABABAABABABAAAACCAAAABBAABBBBCACDCAABDBDCCDCAAAABADDBCACAAAAABAABAAAAAAABBDBDBACCBBBA	['B23D', 'A28B', 'A37B', 'A72D', 'D119A', 'C122B', 'D125A', 'C215B', 'C221D', 'A222C']	10	-6.885008574230596	-7.136410447084927	-7.6438826052617515	-0.5074721581768245
ABAAABCBACBBAACBCBABBDDDBBDAAACAABAAABDAABAABAAABCBAAAAACACBAABAADACCBAAAACACABBABABAAABABBAABDAABCAAAABABAAAABDDBCAAACABCCADDAAAAAAAABDBDACBADAAABDABAAAAACBBADAAACCAAABAAABAAABAABABAABABABAAAACCAAAABBAABBABCACDCAACDBDCCCAAAAABADDBCACAAAAABAABAAAAAAABBDBDBACCBBBA	['A11B', 'D17C', 'B23D', 'B27D', 'C113D', 'D119C', 'C124A', 'B206A']	8	-8.065945951500908	-6.886282368985121	-8.574691904432257	-0.5087459529313492
ABAAACCBABABAACBDBABBDBDBBBAAACAABAAABDAABAABAAABCBAAAAACACBAABAADACCBAAAACACABBABABAAABABBAABDAABCABAABABAAAABBCBCAAADABCCDADAAAAAAAACDBDACBADAAABDABAAAACCBBADAAACCAAABAAABAAABAABAAAABABABAAAACCAAAABAAABBABCACDCAACDBDCCCAAAAABADDBCACAAAAABAABAAAAAAABBDBDBACCBBBA	['B6C', 'C10B', 'A101B', 'D112B', 'C124D', 'D125A', 'B135C', 'A155C', 'B182A', 'B201A', 'B206A']	11	-6.88952534715645	-8.04668015986681	-8.558669090969488	-0.5119889311026782
ABAAABCBACABAACBDBABBDBDBBBAAACAABAAABDAABAABAAABCBAAAAACACBAABAADACCBAAAACACABBABABAAABABBAABDAABCABAABABAAAABDCBCAAADABCCCDDAAAAAAAABDBDACBADAAABDABAAAAACBBADAACCCAAABAAABAAABAABABAABABABAAAACBAAAABBAABBBBCACDCAACABDBCCAAAAABADDBCACAAAAABAABAAAAAAABBDBDBACCBBBA	['A101B', 'A163C', 'C195B', 'D216A', 'C219B']	5	-6.895056297304109	-7.861220709513873	-8.37874059076421	-0.5175198812503368
ABAAABCBACABAACBABABBDBDBBBAAAAAABAAABDAABAABAAABCBAAAAACACBAABAADACCBAAAACACABBABABAAABABBAABDAABCABAABABAAAABBCBCAAADABCCDDDAAAAAAAABDBDADBADAAABBABAAAAACBBADAACCCAAABAAABAAABAABABAABABABAAAACCAAAABAAABBBBCACBCAACDBDCDCAAAAABADDBCACAAAAABAABAAAAAAABBDBDAACCBBBA	['D17A', 'C31A', 'A101B', 'D112B', 'C124D', 'C140D', 'D148B', 'A163C', 'B201A', 'D211B', 'C220D', 'B256A']	12	-6.895613722736016	-7.518091368023306	-8.03616867470555	-0.5180773066822439
ABAAABCBACABAACBDBABBDBDBBBBAACAABAABBAAABAABAAABCBAAAAACACBAABAADACCBAAAACACABBABABAAABABBAABDAABCAAAABABAAAABACBCAAACABCCDADAAAAAAAABDBDADBADAAABBABAAAAACBBADAAACCAAABAAABAAABAABABAABABABAAAACCAAAABBAABBBBCACDCAACDBCCCCAAAAABADDBCACAAAAABAABAAAAAAABBDBDBACCBBBA	['A28B', 'A37B', 'D39A', 'D112A', 'D119C', 'C124D', 'D125A', 'C140D', 'D148B', 'D218C']	10	-6.8999280265998095	-8.543459898792207	-9.065851509338245	-0.5223916105460376
ABAAABCBACABAACBDBABBDBDBBBAAAAAABAAABDAABAABAAABABAAAAACACBAABAADACCBAAAACACABBABABAAABABBAABDAABCAAAABABAAAABDCBCAAADABCCCDDAAAAAAAABDBDACBADAAABDABBAAACCBBADAAACCAAABAAABAAABAABABAABABABAAAACCAAAABBAABBBBCACDCAACDBDCCCAAAAABADDBDACAAAAABAABAAAAAAABBDBDBACCBBBA	['C31A', 'C50A', 'A151B', 'A155C', 'C232D']	5	-6.900543498573825	-8.916741587221622	-9.439748669741675	-0.5230070825200528
ABAAABCBACABAACBDBABBDBDBBBAAACAABAAABDAABAABAAABABAAAAACACBAABAADACCBAAACCACABBABABAAABABBAABDAABCABAABABAAAACDCBCAAADABCCCDDAAAAAAAABDBDACBADAAABDABAAAAACABACAAACCAAABAAABAAABAABABAABABABAAADCCAAAABAAABBBBCACDCAACDBDCCCAAAAABADDBCACAAAAABAABAAAAAAABBABDBACCBBBA	['C50A', 'A74C', 'A101B', 'B111C', 'B157A', 'D160C', 'A193D', 'B201A', 'D253A']	9	-7.614716792246327	-6.915522345661884	-8.152702721854439	-0.5379859296081122
ABAAABCBACABAACBDBABBDBDBBBAAACAABAAABDAABAABAAABCBAAAAACACBAABAADACCBAAAACACABBABABAAABABBAABDAABCAAAABABAAAABDCBCAAADABCCCADAAAAAAAACDBDACBADAAABDABAAACACBBADABACCAAABAAABAAABAABABAABABABAAAACCAAAABAAABBBBCACDCAABDBDCCCAAAAABADDBCADAAAAABAABAAAAAAABBDBDBACCBBBA	['D125A', 'B135C', 'A154C', 'A162B', 'B201A', 'C215B', 'C234D']	7	-6.915761342039332	-8.41441381414188	-8.95263874012744	-0.5382249259855598
ABAAABCBACABAACBDBABBDBDBBBAAAAAABAAABDAABAACAAABCBAAAAACACBAABAADACCBAAAACACABBABABAAABABBAABDAABCABAABABAAAABDCBCAAADABCCCDDAAAAAAAABDBDACBADAAABDABAAAAACBBADAAACCAAABAAABAAABAABABAABABABAAAACCAAAABBAABBABCACDCAACDBDCCCAAAAABADDBCACAAAAABAABAAAAAAABBDCDBACCBBBA	['C31A', 'B45C', 'A101B', 'B206A', 'B254C']	5	-6.925745446933433	-7.022256411146373	-7.570465442026034	-0.5482090308796614
ABAAABCBACABAACBDBABBDBDBBBAAACAABAAABDAABAABAAABCBAAAAACACBAABAADACCBAAAACACABBABABAAABABBAABDAABCAAAABABAAAABDCBCAAADABCCCDDAAAAAAAABDBDACBADAAABDABAAACACBBADAAACCAAABAAABAAABAABABAABABABAAAACCAAAABBAABBBBCACDCAACDBDCDCAAAAABADDBCACAAAAABAABAAAAAAABBDBDBACCBBBA	['A154C', 'C220D']	2	-7.106251668417826	-6.925921188201755	-7.65463644056581	-0.5483847721479833
ABAAABCBACBBAACBDBABBDBBBBBBAACAABAAABDAABAABAAABCBAAAAACACBAABAADACCBAAAACACABBABABAAABABBAABDAABCABAABABAAAABDABCAAADABBCADDAAAAAAAABDBDADBADAAABBABAAAAACBBADAAACCAAABAAABAAABAABABAABABABAAAACCAAAABBAABBBBCACDCAACDBDCCCAAAAABADDBCACAAAAABAABAAAAAAABBDBDBACCBBBA	['A11B', 'D24B', 'A28B', 'A101B', 'C113A', 'C122B', 'C124A', 'C140D', 'D148B']	9	-6.927759004989639	-7.4322239345056005	-7.982446523441467	-0.550222588935867
ABAAABCBACABABCBAAABCDBDBBBAAACAABAAABDAABAABAAABDBAAAAACAABAABAADACCBADAACACABBABABAAABABBAABDAABCABAABABAAAABDCBCAAABABCCDDDAAAAAAAABDBDACBADAAABDABAAAAACBBADAAACCAAABAAABAAABAABABAABABABAAAACCAAAABAAABBBBCACDCAACDBDCCCAAAAABADDBCACAAAAABAABAAAAAAABBDBDBACCBBBA	['A14B', 'D17A', 'B18A', 'B21C', 'C50D', 'C59A', 'A72D', 'A101B', 'D119B', 'C124D', 'B201A']	11	-6.936776455258951	-7.8045545211061835	-8.363794560311362	-0.5592400392051786
ABAAABCBACABAACBDBABBDBDBBBAAACAABAAABDAABAABAAABCBAAAAACACBAABAADACCBADAACACABBABABAAABABBAABDAABCAAAABABAAAABDCBCAAAAABBCADDAAAAAAAABDBDACBADAAABDABAAAAACBBADAAACCAAABAAABAAABAABABAABABABAAAACCAAAABBAABBBBCACDCAABDBDCCCAAAAABADDBCACAAAAABAABAAAAAAABBDBDBACCBBBA	['A72D', 'D119A', 'C122B', 'C124A', 'C215B']	5	-7.130784264532849	-6.936826566525269	-7.6900744150043465	-0.5592901504714973
ABAAABCBACABAACBDBABBDBDBBBAAACAABAAABDAABAABAAABABAAAAACACBAABAADACCBADAACACABBABABAAABABBAABDAABCAAAABABAAAABDCBCAAACABCCADDAAAAAAAABDBDACBADAAABDABAAAAACBBADAAACCAAABAAABAAABAABABAABABABAAAACCAAAABAAABBBBCACDCAACDBDCBCAAAAABADDBCACAAAAABAABAAAAAAABBDBDBACCBBBB	['C50A', 'A72D', 'D119C', 'C124A', 'B201A', 'C220B', 'A263B']	7	-6.941307373577729	-7.153263419400901	-7.7170343769248575	-0.5637709575239569
ABAAABCBACABAACBDBABBDBDBBBAAACAABAAABDAABAABAAABCBAAAAACACBAABAADACCBAAAACACABBABABAAABABBAABDAABCABAABABAAAABDCBCAAADABCCCDDAAAAAAAABDBDACBADAAABDABBAAACABBADAAACCAAABAAABAAABAABABAABABABAAAACCAAAABBAABBBBAACDCAACDBDCCCAAAAABADDBCACAAAAABAABAAAAAAABBDBDBACCBBBA	['A101B', 'A151B', 'A155C', 'C156A', 'C208A']	5	-6.942539300303906	-8.271818587556481	-8.836821471806616	-0.5650028842501342
ABAAABCBACABAACBDBABBDBDBBBAAACAABAAABDAABAABAAABCBAAAAACACBAABAADACCBAAAACACABBABABAAABABBAABDAABCABAABABAAAABDCBCAAADABCCCDDAAAAAAAABDBDACBADAAABDABBAAACABBADAAACCAAABAAABAAABAABABAABABABAAAACCAAAABBAABBBBAACDCAACDBDCCCAAAAABADDBCACAAAAABAABAAAAAAABBDBDBACCBBBA	['A101B', 'A151B', 'A155C', 'C156A', 'C208A']	5	-6.942539300303906	-8.271818587556481	-8.836821471806616	-0.5650028842501342
ABAAABCBACABAACBDBABBDBDBBBAAAAAABAAABDAABAABAAABCBAAAAACACBAABAADACCBAAAACACABBABABAAABABBAABDAABCABAABABAAAABDCBCAAADABCCCDDAAAAAAAABDBDACBADAAABDABBAAAACBBADAAACCAAABAAABAAABAABABAABABABAAAACCAABABAAABBBBCACDCAACDBDCCCAAAAABADDBCACAAAAABAABAAAAAAABBDBDBACCBBBA	['C31A', 'A101B', 'A151B', 'A198B', 'B201A']	5	-6.9431366787757725	-8.665706440340728	-9.231306703062728	-0.5656002627220005
ABAAABCBACBBAACBDBABBDBCABBAAACAABAAABDAABAABAAABCBAAAAACACBAABAADACCBAAAACACABBABABAAABABBAABDAABCABAABABAAAABDCBCAAACABBCCDDAAAAAAAABCBDACBADAAABDABAAAACCBBADAAACCAAABAAABAAABAABABAABABABAAAACCAAAABBAABBBBCACDCAACDBDCCCAAAAABADDBCACAAAAABAABAAAAAAABBDBDBACCBBBA	['A11B', 'D24C', 'B25A', 'A101B', 'D119C', 'C122B', 'D136C', 'A155C']	8	-6.944973329780623	-8.475572911382187	-9.043009825109039	-0.5674369137268513
ABAAABCBACABAACBDBABBDDDBBBAAACAABAAABDAABAABAAABCBAAAAACACBAABAADACCBAAAACACABBABABAAABABBCABDAABCAAAABABAAAABDCBCAAADABCCADDAAAAAAAABDBDACBADAAABDABAAAACCBBADAAACCAAABAAABAAABAABABAABABABAAAACCAAAABBAABBBBCACDCAACDBDCCCAAAAABADDBCACAAAAABAABAAAAAAABBDBDBACCBBBA	['B23D', 'A92C', 'C124A', 'A155C']	4	-8.212283129571006	-6.948554105547373	-8.783300819064607	-0.5710176894936012
ABAAABCBACABAACBABAABDBDBBBBAACAABAAABAAABAABAAABCBAAAAACACBAABAADACCDAAAACACABBABABAAABABBAABDAABCAAAABABAAAABDCBCAAADABCCAADAAAAAAAABDBDADBADAAABBABAAAAACBBADAADCCAAABAAABAAABAABABAABABABAAAACCAAAABAAABBBBAACDCAACDBDCCCAAAAABADDBCACAAAAABAABAAAAAAABBDBDBACCBBBA	['D17A', 'B20A', 'A28B', 'D39A', 'B70D', 'C124A', 'D125A', 'C140D', 'D148B', 'A163D', 'B201A', 'C208A']	12	-6.955279647139832	-7.151627626735717	-7.7293708578217775	-0.5777432310860604
ABAAACCBACABAACBABABBDBDBBBAAACAABAAABDAABAABAAABCBAAAAACACBAABAADACCBAAAACACABBABABAAABABBAABDAABCABAABABAAAABDCBCAAADABCCDDDAAAAAAAABDBDACBADAAABDABAAAACCBBADAACCCAAABAAABAAABAABABAABABABAAAACCAAAABAAABBBBCACDCAACDBDCCCAAAAABADDBCACAAAAABAABAAAAAAABBDBDBACCBBBA	['B6C', 'D17A', 'A101B', 'C124D', 'A155C', 'A163C', 'B201A']	7	-6.955291327787563	-7.065383208915591	-7.6431381206493825	-0.5777549117337912
ABAAACCBACABAACBABABBDBDBBBAAACAABAAABDAABAABAAABCBAAAAACACBAABAADACCBAAAACACABBABABAAABABBAABDAABCAAAABABAAAABDCBCAAADABCCDAAAAAAAAAACDBDACBADAAABDABAAAAACBBADAAACCAAABAAABAAABAABABAABABBBAAAACCAAAABBAABBBBCACDCAACDBCCBCAAABAAADDBCAAAAAAABAABAAAAAAABBDBDBACCBBBA	['B6C', 'D17A', 'C124D', 'D125A', 'D126A', 'B135C', 'A188B', 'D218C', 'C220B', 'A225B', 'B227A', 'C234A']	12	-6.956625996856019	-9.851576279848814	-10.430665860651061	-0.5790895808022469
ABAAABCBACABAACBDBABBDBDBBBAAACAABAAABDAABAABAAABCBAAAAACACBAABAADACCBAAAACACABBABABAAABABBAABDAABCABAABABAAAABBCBCAAADABCCCDDAAAAAAAABDBDACBADAAABDABBAAACCBBADAAACCAAABAAABAAABAABABAABABABAAAACCAAAABBAABBBBCACDCAACDBDCBCAAAAABADDBCACAAAAABAABAAAAAAABBDBDBACCBBBA	['A101B', 'D112B', 'A151B', 'A155C', 'C220B']	5	-6.96572709758766	-8.068765040487051	-8.656955722020939	-0.588190681533888
ABAAABCBACABAACBDBABBDBDBBBAAACAABAAABDAABAABAAABCBAAAAACACBAABAADACCBAAAACACABBABABAAABABCAABDAABCABAABABAAAABDCBCAAACABBCADDAAAAAAAABDBDACBADAAABDABAAAAACBBADAACCCAAABAAABAAABAABABAABABABAAAACCAAAABBAABBBBBACDCAACDBDCCCAAAAABADDBCACAAAAABAABAAAAAAABBDBBBACCBBBA	['B91C', 'A101B', 'D119C', 'C122B', 'C124A', 'A163C', 'C208B', 'D255B']	8	-6.966064933221787	-7.82362402632134	-8.412152543489356	-0.5885285171680152
ABAAABCBACBBABCBDBABBDBDBBBAAACBABAAABAAABAABAAABABAAAAACACBAABAADACCBAAAACACABBABABAAABABBAABDAABCABAABABAAAABDDBCAAADABCCCADAAAAAAAACDBDACBADAAABDABAAAACCBBADAAACCAAABAAABAAABAABABAABABABAAAACDAAAABAAABBBBCACDCAACDBDCCCAAAAABADDBCACAAAAABAABAAAAAAABBDBDBACCBBBA	['A11B', 'A14B', 'A32B', 'D39A', 'C50A', 'A101B', 'C113D', 'D125A', 'B135C', 'A155C', 'C195D', 'B201A']	12	-6.970622821943834	-8.002135748509318	-8.59522215439938	-0.5930864058900625
ABAAABCBACBBAACBDBABBDBCBBBAAACAABAAABDAABAABAAABCBAAAAACACBAABAADACCBAAAACACABBABABAAABABBAABDAABCABAABABAAAABDCBCAAACABBCCDDAAAAAAAACDBDACBADAAABDABBAAACCBBADAAACCAAABAAABAAABAABABAABABABAAAACCAAAABBAABBBBCACDCAACDBDCCCAAAAABADDBCACAAAAABAABAAAAAAABBDBDAACCBBBA	['A11B', 'D24C', 'A101B', 'D119C', 'C122B', 'B135C', 'A151B', 'A155C', 'B256A']	9	-6.978732448769733	-10.307928703085054	-10.909124735801015	-0.6011960327159613
ABAAABCBACBBAACBDBABBDBDBBBAAACAABAAABDAABAABAAABABAAAAACACBAABAADACCBAAAACACABBABABAAABABBAABDAABCABAABABAAAABDCBCAAAAABBCCDDAAAAAAAABDBDACBADAAABDABAAAACCBBADAAACCAAABAAABAAABAABABAABABABAAAACCAAAABBAABBBBCACDCAACDBDCCCAAAAABADDBAACAAAAABAABAAAAAAABBDBDAACCBBBA	['A11B', 'C50A', 'A101B', 'D119A', 'C122B', 'A155C', 'C232A', 'B256A']	8	-6.979723430937156	-8.50021086941706	-9.102397884300444	-0.6021870148833841
ABAAABCBACABAACBDBABBDBDBBBAAACAABAAABAAABAAAAAABCBAAAAACACBAABAADACCBAAAACACABBABABAAABABBAABDAABCAAAABABAAAABDCBCAAADABCCCDDAAAAAAAABDBDACBADAAABDABAAAAAABBADAAACCAAABAAABAAABAABABAABABABAAAACCAAAABAAABBBBCACDCAABCBDCCCAAAAABADDBCACAAAAABAABAAAAAAABBDBDBACCBBBA	['D39A', 'B45A', 'C156A', 'B201A', 'C215B', 'D216C']	6	-7.045665872981772	-6.982535626098979	-7.650665083026979	-0.6049992100452073
ABAAACCBABABAACBDBABBDADBBBAAAAAABAAABDAABAABAAABCBAAAAACACBAABAADACCBAAAACACABBABABAAABABBAABDAABCABAABABAAAABDCBCAAADABCCADDAAAAAAAABDBDACBADAAABDABAAAAAABBADAAACCAAABAAABAAABAABABAABABABAAAACCAAAABAAABBBBCACDCAACDBDCCCAAAAABADDBCACAAAAABAABAAAAAAABBDBDBACCBBBA	['B6C', 'C10B', 'B23A', 'C31A', 'A101B', 'C124A', 'C156A', 'B201A']	8	-6.983329194365069	-7.162406547882711	-7.768199326194008	-0.6057927783112973
ABAAABCBACBBABCBDBABBDBABBBBAACAABAAABAAABAABAAABCBAAAAACACBAABAADACCBADACCACABBABABAAABABBAABDABBCAAAABABAAAABDCBCAAACAACCCDDAAAAAAAABDADACBADAAABDABBAAAACBBADAAABCAAABAAABAAABAABABAABAAABAAAACCAAAABAAABBBBCACDCAACDBDCCCAAAAABADDBAABAAAAABAABAAAAAAABBDBDBACCBBBA	['A11B', 'A14B', 'D24A', 'A28B', 'D39A', 'A72D', 'A74C', 'A97B', 'D119C', 'B121A', 'B137A', 'A151B', 'C164B', 'B187A', 'B201A', 'C232A', 'C234B']	17	-6.99278368987143	-8.767068675719202	-9.38231594953686	-0.6152472738176584
ABAAABCBACBBABCBDBABBDBABBBBAACAABAAABAAABAABAAABCBAAAAACACBAABAADACCBADACCACABBABABAAABABBAABDABBCAAAABABAAAABDCBCAAACAACCCDDAAAAAAAABDADACBADAAABDABBAAAACBBADAAABCAAABAAABAAABAABABAABAAABAAAACCAAAABAAABBBBCACDCAACDBDCCCAAAAABADDBAABAAAAABAABAAAAAAABBDBDBACCBBBA	['A11B', 'A14B', 'D24A', 'A28B', 'D39A', 'A72D', 'A74C', 'A97B', 'D119C', 'B121A', 'B137A', 'A151B', 'C164B', 'B187A', 'B201A', 'C232A', 'C234B']	17	-6.99278368987143	-8.767068675719202	-9.38231594953686	-0.6152472738176584
ABAAABCBACBBAACBDBABCDBDBBBAAACAABAAABDAABAABAAABABAAAAACACBAABAADACCBAAAACACABBABABAAABABBCABDAABCAAAABABAAAABDCBCAAACABCCADDAAAAAAAABDBDACBADAAABDABAAAAACBBADAAACCAAABAAABAAABAABABAABABABAAAACCAAAABBAABBBBCACDCAACDBDCCCAAAAABADDBCACAAAAABAABAAAAAAABBDBDAACCBBBA	['A11B', 'B21C', 'C50A', 'A92C', 'D119C', 'C124A', 'B256A']	7	-6.992808610899374	-7.697293741628528	-8.31256593647413	-0.6152721948456019
ABAAABCBACBBAACBCBABBDDDBBBAAACAABAAABDAABAABAAABABAAAAACACBAABAADACCBAAAACACABBABABAAABABBAABDAABCABAABABAAAABDCBCAAADABCCADDAAAAAAAACDBDACBADAAABDABBAAACCBBADAAACCAAABAAABAAABAABABAABABABAAAACCAAAABBAABBBBCACDCAACDBDCCCAAAAABADDBCACAAAAABAABAAAAAAABBDBDBACCBBBA	['A11B', 'D17C', 'B23D', 'C50A', 'A101B', 'C124A', 'B135C', 'A151B', 'A155C']	9	-6.995917657157406	-9.67470939453051	-10.293090635634144	-0.6183812411036342
ABAAABCBACABAACBABABBDBDBBBAAACAABAAABDAABAABAAABBBAAAAACACBAABAADACCBAAAACACABBABABAAABABBAABDAABCABAABABAAAAADDBCAAADABCCAADAAAAAAAABDBDADBADAAABBABAAAAACBBADAAACCAAABAAABAAABAABABAABABABAAAACCAAAABBAABBBBCACDCAACDBCCCCAAAAABADDBCACAAAAABAABAAAAAAABBDBDBACCBBBA	['D17A', 'C50B', 'A101B', 'B111A', 'C113D', 'C124A', 'D125A', 'C140D', 'D148B', 'D218C']	10	-7.003692282596603	-7.944821584038436	-8.570977450581267	-0.6261558665428311
ABAAABCBACABAACBABABBDBDBBBAAACAABAAABDAABAABAAABCBAAAAACACBAABAADACCBAAAACACABBABABAAABABBAABDAABCAAAABABAAAABDCBCAAADABCCCADAAAAAAAABDBDACBADAAABDABAAAAACBBADAAACCAAABAAABAAABAABABAABABABAAACCCAAAABBAABBBBCACDCAACDBDCCCAAAAABADDBAACAAAAABAABAAAAAAABBDBDBACCBBBA	['D17A', 'D125A', 'A193C', 'C232A']	4	-7.044748686021194	-7.01389188459143	-7.681104154558852	-0.6363554685376585
ABAAABCBACABAACBABABBDBDBBBAAACAABAAABDAABAABAAABCBAAAAACACBAABAADACCBAAAACACABBABAAAAABABBAABDAABCABAABABAAAACDCBCAAADABCCAADAAAAAAAABDBDACBADAAABDABAAAACCABAAAAACCAAABAAABAAABAABABAABABABAAAACCAAAABBAABBBBCACDCAACDBDCCCAAAAABADDBCACAAAAABAABAAAAAAABBDBDBACCBBBA	['D17A', 'B84A', 'A101B', 'B111C', 'C124A', 'D125A', 'A155C', 'B157A', 'D160A']	9	-7.171906715957448	-7.026740650180727	-7.821110950084403	-0.6492042341269553
ABAAABCBACABAACBDBAABDBDBBBAAACAABAAABDAABAABAAABCBAAAAACACBAABAADACCBAAAACACABBABABAAABABBAABDAABCABAABABAAAABDCBCAAADABCCADDAAAAAAAABDBDACBADAAABDABBAAACCABABAAACCAAABAAABAAABAABABAABABABAAACCCAAAABAAABBBBCACDCAACDBDCCCAAAAABADDBDACAAAAABAABAAAAAAABBDBDBACCBBBA	['B20A', 'A101B', 'C124A', 'A151B', 'A155C', 'B157A', 'D160B', 'A193C', 'B201A', 'C232D']	10	-7.028025245061144	-8.393523868639022	-9.044012697646394	-0.6504888290073723
ABAAABCBACABAACBDBABBDBDBBBAAAAAABAAABCAABAABAAABCBAAAAACACBAABAADACCBAAAACACABBABABAAABABBAABDAABCABAABABAAAABDCBCAAADABCCDDDAAAAAAAABDBDADBADAAABBABAAAAACBBADAAACCAAABAAABAAABAABABAABABABAAAACCAAAABBAABBBBAACDCAABDBBCCCCAAAABADDBCACAAAAABAABAAAAAAABBDBDBACCBBBA	['C31A', 'D39C', 'A101B', 'C124D', 'C140D', 'D148B', 'C208A', 'C215B', 'D218B', 'A222C']	10	-8.561716608237475	-7.034642724785954	-9.218822916969657	-0.6571063087321818
ABAAABCBABABAACBDBABBDBDBBBAAAAAABAAABDAABAABAAABCBAAAAACACBAABAADACCBAAAACACABBABABAAABABBAABDAABCAAAABABAAAABADBCAAADABCCDADAAAAAAAABDBDACBADAAABDABAAAAACBBADAAACCAAABAAABAAABAABABAABABABAAAACCAAAABBAABBBBCACDCAACDBDCCCAAAAABADDBCACAAAAABAABAAAAAAABBDBDBACCBBBA	['C10B', 'C31A', 'D112A', 'C113D', 'C124D', 'D125A']	6	-7.037004751386121	-7.839086900930852	-8.4985552362632	-0.6594683353323489
ABAAABCBACABAACBDBABBDDBBBBAAACAABAAABAAABAABAAABCBAAAAACACBAABAADACCBAAAACACABBABABAAABABBAABDAABCABAABABAAAABDCBCAAADABCCCDDAAAAAAAABDBDACBADAAABDABAAAACCBBADAAACCAAABAAABAAABAABABAABABABAAAACCAAAABBAABBABCACCCAACDBDCCCAAAAABADDBCACAAAAABAABAAAAAAABBDBDBACCBBBA	['B23D', 'D24B', 'D39A', 'A101B', 'A155C', 'B206A', 'D211C']	7	-7.109447153983638	-7.040873659265344	-7.77278439719521	-0.6633372432115721
ABAAABCBACABAACBABABBDBDBBBAAAAAABAAABDAABAABAAABABAAAAACACBAABAADACCBAAAACACABBABABAAABABBAABDAABCABAABABAAAABDCBCAAADABCCDDDAAAAAAAABDBCACBADAAABDABBAAACCBBADAACCCAAABAAABAAABAABABAABABABAAAACCAAAABAAABBBBCACDCAACDBDCCCAAAAABADDBCACAAAAABAABAAAAAAABBDBDBACCBBBA	['D17A', 'C31A', 'C50A', 'A101B', 'C124D', 'D138C', 'A151B', 'A155C', 'A163C', 'B201A']	10	-7.0494915714953095	-9.09042334370315	-9.762378499144688	-0.6719551554415375
ABAAABCBACABAACBDBABBDBDBBBAAACAABAAABDAABAABAAABABAAAAACACBAABAADACCBAAAACACABBABABAAABABBAABDAABCAAAABABAAAABDCBCAAADABCCCDDAAAAAAAABDBDACBADAAABDABBAAAACBBADAAACCAAABAAABAAABAABABAABABABAAAACCAAAABBAABBBBCACDCAACDBDCCCAAAAABADDBCACAAAAABAABAAAAAAABBDBDBACCBBBA	['C50A', 'A151B']	2	-7.060952606378123	-8.156405558343977	-8.839821748668328	-0.6834161903243512
ABAAABDBACABAACBDBABBDBDBBBAAACAABAAABDAABAABAAABCBAAAAACACBAABAADACCBADAACACABBABABAAAAABBAABDAABCAAAABABAAAAADDBCAAADABCCAADAAAAAAAABDBDACBADAAABDABAAAAACBBADAACCCAAABAAABAAABAABABAABABABAAAACCAAAABBAABBBBAACDCAACDBDCCCAAAAABADDBCADAAAAABAABAAAAAAABBDBDBACCBBBA	['C7D', 'A72D', 'B88A', 'B111A', 'C113D', 'C124A', 'D125A', 'A163C', 'C208A', 'C234D']	10	-7.063351383432746	-7.546997440513223	-8.232812407892197	-0.685814967378974
ABAAABCBACBBAACBDBABBDBDBBBAAAAAABAABBDAABAABAAABCBAAAAACACBAAAAADACCBAAAACACABBABABAAABABBAABDAABCABAABABAAAACDCBCAAABABCCDBDAAAAAAAACDBDADBADAAABBABAAAAACBBADAAACCAAABAAABAAABAABABAABABABAAAACCAAAABAAABBBBCACDCAACDBDCCCAAAAABADDBCACAAAAABAABAAAAAAABBDBDBACCBBBA	['A11B', 'C31A', 'A37B', 'B63A', 'A101B', 'B111C', 'D119B', 'C124D', 'D125B', 'B135C', 'C140D', 'D148B', 'B201A']	13	-7.065332467434928	-9.765527193900198	-10.453323245281354	-0.6877960513811558
ABAAABCBACBBABCBDBABBDDDBBBAAAAAABAAABDAABAABAAABCBAAAAACACBAABAADACCBAAAACACABBABABAAABABBAABDAABCAAAABABAAAABDCBCAAAAABBCCADAAAAAAAABDBDACBADAAABCABAAAAACABABAAACCAAABAAABAAABAABABAABABABAAAACCAAAABAAABBBBCACCCAABDBDCCDCAAAABADDBCACAAAAABAABAAAAAAABBDBDAACCBBBA	['A11B', 'A14B', 'B23D', 'C31A', 'D119A', 'C122B', 'D125A', 'D148C', 'B157A', 'D160B', 'B201A', 'D211C', 'C215B', 'C221D', 'A222C', 'B256A']	16	-7.0682563909795135	-7.066468304270529	-7.757188279196271	-0.6889318882167572
ABAAACCBACABAACBABABBDBDBBBAAACAABAAABDAABAABAAABCBAAAAACACBAABAADACCBAAAACACABBABABAAABABBAABDAABCAAAABABAAAABDDBCAAACABCCBADAAAAAAAABDBDACBADAAABDABAAAAACBBADAAACCAAABAAABAAABAABABAABABABAAAACCAAAABBAABBABCACDCAACDBDCCCAAAAABADDBCACAAAAABAABAAAAAAABBDBDBACCBBBA	['B6C', 'D17A', 'C113D', 'D119C', 'C124B', 'D125A', 'B206A']	7	-7.512597767379702	-7.075217028614134	-8.210278379940064	-0.6976806125603616
ABAAABCBACABABCBDBABBDBDBBBAAAAAABAAABDAABAABAAABCBAAAAACACBAABAADACCBAAAACACABBABABAAABABBAABDAABCABAABABAAAABBCBCAAADABCCAADAAAAAAABCABDACBADAAABDABAAAAACBBADAAACCAAABAAABAAABAABABAABABABAAAACCAAAABAABBBABCACDCAACDBDCCCAAAAAAADDBCADAAAAABAABAAAAAAABBDBCAACCBBBA	['A14B', 'C31A', 'A101B', 'D112B', 'C124A', 'D125A', 'A134B', 'B135C', 'D136A', 'B201A', 'A203B', 'B206A', 'B227A', 'C234D', 'D255C', 'B256A']	16	-7.07589121372439	-7.879096318501979	-8.577451116172597	-0.6983547976706177
ABAAABCBACABAACBDBABBDBDBBBAAACAABAAABDAABAABAAABCBAAAAACACBAABAADACCBAAAACACABBABABAAAAABBCABDAABCAAAABABAAAAADDBCAAADABCCAADAAAAAAAABDBDACBADAAABDABAAAAACBBADAACCCAAABAAABAAABAABABAABABABAAAACCAAAABBABBBBBAACDCAACDBDCCCAAAAABADDBCADAAAAABAABAAAAAAABBDBDBACCBBBA	['B88A', 'A92C', 'B111A', 'C113D', 'C124A', 'D125A', 'A163C', 'A203B', 'C208A', 'C234D']	10	-7.254858250264078	-7.0808864566497505	-7.958208290860057	-0.7033500405959785
ABAAABCBACABAACBDBABBDBDBBBAAACAABAAABDAABAABAAABCBAAAAACACBAABAADACCBAAAACACABBABABAAAAABBCABDAABCAAAABABAAAAADDBCAAADABCCAADAAAAAAAABDBDACBADAAABDABAAAAACBBADAACCCAAABAAABAAABAABABAABABABAAAACCAAAABBABBBBBAACDCAACDBDCCCAAAAABADDBCADAAAAABAABAAAAAAABBDBDBACCBBBA	['B88A', 'A92C', 'B111A', 'C113D', 'C124A', 'D125A', 'A163C', 'A203B', 'C208A', 'C234D']	10	-7.254858250264078	-7.0808864566497505	-7.958208290860057	-0.7033500405959785
ABAAABCBACABABCBDBABBDBDBBBAAACAABAAABDAABAABAAABCBAAAAACACBAABAADACCBAAAACACABBABABAAABABBAABDAABCAAAABABAAAABDCBCAAADABCCCDDAAAAAAAABDBDADBADAAABBABAAAAACBBADAAACCAAABAAABAAABAABABAABABBBAAAACCAAAABAAABBBBCACDCAACDBDDBCAAAAABADDBCACAAAAABAABAAAAAAABBDBDAACCBBBA	['A14B', 'C140D', 'D148B', 'A188B', 'B201A', 'C219D', 'C220B', 'B256A']	8	-9.044704631203786	-7.085951356682926	-9.75311957183294	-0.7084149406291544
ABAAABCBACABAACBDBABBDBDBBBAABCAABAAABDAABAABAAABCBAAAAACACBAABAADACCBAAAACACABBABABAAABABBAABDAABCABAABABAAAABACBCAAADABCCCDDAAAAAAAABDBDACBADAAABDABAAAACCBBADAAACCAAABAAABAAABAABABAABABABAAAACCBAAABBAABBBBCACDBAACABDCCCAAAAABADDBCACAAAAABAABAAAAAAABBDBDBACCBBBA	['A30B', 'A101B', 'D112A', 'A155C', 'A196B', 'C212B', 'D216A']	7	-7.086307739606127	-8.05421015061438	-8.762981474166736	-0.7087713235523552
ABAAABCBACABAACBDBABBDBBBBBAAACAABAAABDAABAABAAABCBAAAAACACBAABAADACCBAAAACACABBABABAAABABBAABDAABCABAABABAAAABDCBCAAADABCCADDAAAAAAAABDBDACBADAAABDABAABCACBBADAAACCAAABAAABAAABAABABAABABABAAAACCAAAACAAABBBBCACDCAACABDCCAAAAAABADDBCACAAAAABAABAAAAAAABBDBDAACCBBBA	['D24B', 'A101B', 'C124A', 'A153B', 'A154C', 'B200C', 'B201A', 'D216A', 'C221A', 'B256A']	10	-7.086381582426839	-7.6886732671409845	-8.397518433514051	-0.7088451663730666
ABAAABCBACABAACBDBABBDBDBBBAAACAABAAABDAABAABAAABCBAAAAACACBAABAADACCBAAAACACABBABABAAABABBAABDAABCABABBABAAAABDCBCAAAAABBCDDDAAAAAAAABDBDACBADAAABDABAAAAACBBADAAACCAAABAAABAAABAABABAABABABAAAACCAAAABBAABBBBCACDCAACDBDCCCAAAAABADDBCACAAAAABAABAAAAAAABBDBDBACCBBBA	['A101B', 'A103B', 'D119A', 'C122B', 'C124D']	5	-7.08834433904849	-9.009344939433504	-9.720152862428222	-0.710807922994718
ABAAABCBACABAACBDBABBDBDBBBAAACAABAAABDAABAADAAABCBAAAAACACBAABAADACCBAAAACACABBABABAAABABBAABDAABCABAABABAAAABDCBCAAADABCCCDDAAAAAAAABDBDADBADAAABBABAAAAACABABAAACCAAABAAABAAABAABABAABABABAAAACCAAAABBAABBBBCACDCAABDBDCCCAAAAABADDBDACAAAAABAABAAAAAAABBDBDAACCBBBA	['B45D', 'A101B', 'C140D', 'D148B', 'B157A', 'D160B', 'C215B', 'C232D', 'B256A']	9	-7.095218997215852	-8.95823432598263	-9.67591690714471	-0.7176825811620802
ABAAABCBACABAACBDBABBDBDBBBAAACAABAAABAAABAABAAABCBAAAAACACBAABAADACCDAAAACACABBABABAAABABBAABDAABCABAABABAAAABACBCAAACABCCCDDAAAAAAAABDBDACBADAAABDABAAAACCBBADAAACCAAABAAABAAABAABABAABAAABAAAACCAAAABBAABBBBCACDCAACDBDCCCAAAAABADDBAACAAAAABAABAAAAAAABBDBDBACCBBBA	['D39A', 'B70D', 'A101B', 'D112A', 'D119C', 'A155C', 'B187A', 'C232A']	8	-7.099017429398373	-7.932308906689286	-8.653789920033887	-0.7214810133446008
ABAAABCBACABAACBDBABCDBDBBBAAACAABAAABDAABAABAAABABAAAAACACBAABAADACCBAAAACACABBABABAAABABBAABDAABCAAAABABAAAABDCBCAAADABCCCDDAAAAAAAABDBDACBADAAABDABAAAAACBBADAAACCAAABAAABAABBAABABAABABABAAAACCAAAABBAABBBBCACDCAACDBDCCCAAAAABADDBCACAAAAABAABAAAAAAABBDBDBACCBBBA	['B21C', 'C50A', 'A176B']	3	-7.10189767065458	-7.131010140758008	-7.855371395358816	-0.724361254600808
ABAAABCBACABAACBDBAABDBDBBBAAACAABAAABDAABAABAAABCBAAAAACACBAABAADACCBAAAACACABBABABAAABABBCABDAABCAAAABABAAAABACBCAAADABCCADDAAAAAAAABDBDACBADAAABDABAAAAACBBADAAACCAAABAAABAAABAABABAABABABAAAACCAAAABBAABBBBCACDCAACDBDCCCAAAAABADDBCACAAAAABAABAAAAAAABBDBDBACCBBBA	['B20A', 'A92C', 'D112A', 'C124A']	4	-8.038896473823115	-7.110733616631478	-8.772093674400821	-0.7331972005777061
ABAAABCBACABAACBABABBDBDBBBAAAAAABAAABDAABAABAAABCBAAAAACACBAABAADACCBAAAACACABBABABAAABABBAABDAABCABAABABAAAABDCBCAAADABCCADDAAAAAAAABDBDACBADAAABDABBAAAACBBADAAACCAAABAAABAAABAABABAABABABAAAACCAAAABBAABBBBCACDCAACDBDCCCAAAAABADDBCADAAAAABAABAAAAAAABBDBDBACCBBBA	['D17A', 'C31A', 'A101B', 'C124A', 'A151B', 'C234D']	6	-7.111142226262018	-8.53423475427553	-9.267840564483777	-0.7336058102082461
ABAAABCBACABAACBABABBDBDBBBAAAAAABAAABDAABAABAAABCBAAAAACACBAABAADACCBAAAACACABBABABAAABABBAABDAABCABAABABAAAABCCBCAAADABCCDDDAAAAAAAACDBDACBADAAABDABAAAAACBBADAAACCAAABAAABAAABAABABAABABABAAABCCAAAABBAABBBBCACDCAACDBDCCCAAAAABADDBCACAAAAABAABAAAAAAABBDBDAACCBBBA	['D17A', 'C31A', 'A101B', 'D112C', 'C124D', 'B135C', 'A193B', 'B256A']	8	-7.123333344934508	-8.447619787883013	-9.19341671676375	-0.7457969288807362
ABAAABCBACABAACBDBABBDBDBBBAAACAABAAABDAABAABAAABCBAAAAACACBAABAADACCBAAAACACABBABABAAABABBAABDAABCAAAABABAAAABBCBCAAADABBCDDDAAAAAAAABDBAAABADAAABAABAAAAACBBADAAACCAAABAAABAAABAABABAABABABAAAACCAAAABBAABBBBCACDCAACDBDCCCAAAAABADDBCACAAAAABAABAAAAAAABBDBDAACCBBBA	['D112B', 'C122B', 'C124D', 'D138A', 'C140A', 'D148A', 'B256A']	7	-7.813596499385312	-7.137969424773473	-8.574029508105014	-0.7604330087197013
ABAAABCBACABAACBABABBDBDBBBBAACAABAAABDAABAABAAABCBAAAAACACBAABAADACCBAAAACACABBABABAAABABBAABDAABCAAAABABAAAABBCBCAAAAABBCDADAAAAAAAABDBDACBADAAABDABBAAACCABABAAACCAAABAAABAAABAABABAABABABAAAACCAAAABAAABBBBCACDCAACDBDCCCAAAAABADDBCACAAAAABAABAAAAAAABBDBDBACCBBBA	['D17A', 'A28B', 'D112B', 'D119A', 'C122B', 'C124D', 'D125A', 'A151B', 'A155C', 'B157A', 'D160B', 'B201A']	12	-7.141614489024505	-8.340977168933023	-9.105055241903756	-0.764078072970733
ABAAABCBACABAACBDBABBDBDBBBAAACAABAAABDAABAABAAABCBAAAAACACAAABAADACCBAAAACACABBABABAAABABBAABDAABCAAAABABAAAABDDBCAAADABCCCDDAAAAAAAABDBDACBADAAABDABBAAACCBBADAADCCAAABAAABAAABAABAAAABABABAAAACCAAAABAAABBBBCACDCAACDBDCCCAAAAABADDBCACAAAAABAABAAAAAAABBDBDBACCBBBA	['B60A', 'C113D', 'A151B', 'A155C', 'A163D', 'B182A', 'B201A']	7	-7.944510271772742	-7.14241923391819	-8.70939308963716	-0.764882817864418
ABAAABCBACABAACBDBABBDBDBBBAAACAABAAABDAABAABAAABCBAAAAACACAAABAADACCBAAAACACABBABABAAABABBAABDAABCAAAABABAAAABDDBCAAADABCCCDDAAAAAAAABDBDACBADAAABDABBAAACCBBADAADCCAAABAAABAAABAABAAAABABABAAAACCAAAABAAABBBBCACDCAACDBDCCCAAAAABADDBCACAAAAABAABAAAAAAABBDBDBACCBBBA	['B60A', 'C113D', 'A151B', 'A155C', 'A163D', 'B182A', 'B201A']	7	-7.944510271772742	-7.14241923391819	-8.70939308963716	-0.764882817864418
ABAAABCBABBBAACBDBABBDBDBBBAAACAABAAABDAABAABAAABCBAAAAACACBAABAADACCBAAAACACABBABABAAABABBAABDAABCAAAABABAAAABDCBCAAADABCCCDDAAAAAAAABDBDACBADAAABDABAAAAACBBADAAACCAAABAAABAAABAABABAABABABAAABCBAAAABBAABBABAACDBAACDBDCCCAAAAABADDBCACAAAAABAABAAAAAAABBDCDBACCBBBA	['C10B', 'A11B', 'A193B', 'C195B', 'B206A', 'C208A', 'C212B', 'B254C']	8	-8.30251287156716	-7.14350394718349	-9.068480402696878	-0.7659675311297178
ABAAADABABABAACBDBAABDBDBBBAAACAABAAABDAABAABAAABCBAAAAACACBAABAADACCBADAACACABBABABAAABABBAABDAABCAAAABABAAAABDCBCAAACABDCCADAAAAAAAABDBDACBADAAABDABAAAAACBBADAAACCAAABAAABAAABAABABAABABABAAAACCAAAABBABBBABCACDCAACDBDCCCAAAAABADDBCACAAAAABAABAAAAAAABBDBDBACCBBBA	['B6D', 'C7A', 'C10B', 'B20A', 'A72D', 'D119C', 'C122D', 'D125A', 'A203B', 'B206A']	10	-8.3514328438323	-7.1599247376434505	-9.133821165421978	-0.7823883215896785
ABAAABCBACABAACBDBABBDBDBBBAAACAABAAABDAABAABAAABCBAAAAACACBAABAADACCBAAAACACABBABABAAABABBAABDAABCAAAABABAAAACDCBCAAADABCCCDDAAAAAAAABDBDACBADAAABDABAAAAACBBADAAACCAAABAAABAAABAABABAABABABAAAACCAAAABBAABBBBCACDCAACABDCCCAAAAABADDBCACAAAAABAABAAAAAAABBDBDBACCBBBA	['B111C', 'D216A']	2	-7.649771417258307	-7.160198654513806	-8.432433655718341	-0.7826622384600341
ABAAABCBACABAACBDBABBDBDBBBAAACAABAAABDAABAABAAABABAAAAACACBAABAADACCBAAAACACAABABABAAABABBAABDAABAABAABABAAAABDCBCAAADABCCCDDAAAAAAAABDBAACBADAAAACABAAAAAABBADAADCCAAABAAABAAABAABABAABABABAAAACCAAAABBAABBBBCACDCAACDBDCCCAAAAABADDBCACAAAAABAABAAAAAAABBDBDBACCBBBA	['C50A', 'B79A', 'C99A', 'A101B', 'D138A', 'B147A', 'D148C', 'C156A', 'A163D']	9	-7.179300984367728	-7.2435621856711805	-8.045326753985137	-0.8017645683139563
ABAAABCBACBBAACBDBABBDBDBBBAAACAABAAABDAABAABAAABABAAAAACACBAABAADACCBAAAACACABBABABAAABABBAABDAABCAAAABABAAAABDCBCAAACABBCCDDAAAAAAAABDBDACBADAAABDABAAAACCBBADAAACCAAABAAABAAABAABABAABABABAAAACDAAAABAAABBBBCACDCAACDBBCCCAAAAABADDBCACAAAAABAABAAAAAAABBDBDBACCBBBA	['A11B', 'C50A', 'D119C', 'C122B', 'A155C', 'C195D', 'B201A', 'D218B']	8	-7.498081004945561	-7.182679298624862	-8.303223887516651	-0.80514288257109
ABAAABCBACBBAACBDBABCDDDABBAAACAABAAABDAABAABAAABCBAAAAACACBAABAADACCBAAAACACABBABABAAABABBAABDAABCAAAABABAAAABDCBCAAADABCCCDDAAAAAAAABDBDACBADAAABDABAAAAACABADAAACCAAABAAABAAABAABABAABABABAAAACCAAAABAAABBBBCACDCAACDBDCCCAAAAABADDBCACAAAAABAABAAAAAAABBDBDBACCBBBA	['A11B', 'B21C', 'B23D', 'B25A', 'B157A', 'B201A']	6	-7.215611244319007	-7.187550044574891	-8.025624872840126	-0.8100136285211192
ABAAABDBACABAACBABAABDBDBBBAAACAABAAABDAABAABAAABCBAAAAACACBAABAADACCBAAAACACABBABABAAABABBAABDAABCABAABABAAAABCCBCAAACABCCADDAAAAAAAACDBDACBADAAABDABAAAACCBBADAAACCAAABAAABAAABAABABAABABABAAAACCAAAABBAABBBBCACDCAACDBDCBCAAAAABADDBCACAAAAABAABAAAAAAABBDBDBACCBBBA	['C7D', 'D17A', 'B20A', 'A101B', 'D112C', 'D119C', 'C124A', 'B135C', 'A155C', 'C220B']	10	-7.7490772812161595	-7.188937546685338	-8.560478411847726	-0.811401130631566
ABAAABCBACABAACBDBABBDBDBBBAAACAABAAABDAABAABAAABABAAAAACACBAABAADACCBAAAACACABBABABAAABABBAABDAABCABAABABAAAACDCBCAAABABCCCDDAAAAAAAABDBDACBADAAABDABBAAACCBBADAAACCAAABAAABAAABAABABAABABABAAAACCAAAABBAABBBBCACDCAACDBDCCCAAAAAAADDBCACAAAAABAABAAAAAAABBCBDAACCBBBA	['C50A', 'A101B', 'B111C', 'D119B', 'A151B', 'A155C', 'B227A', 'D253C', 'B256A']	9	-7.191867645597085	-9.413788517005742	-10.228119746549055	-0.8143312295433134
ABAAABCBACABAACBDBABBDBDBBBAAACAAAAAABDAABAABAAABCBAAAAACACBAABAADACCBAAAACACABBABABAAABABBAABDAABCABAABABAAAABCCBCAAADABCCCDDAAAAAAAABDBDACBADAAABDABAAAAACBBADAAACCAAABAAABAAABAABABAABABABAAAACCAAAABAAABBBBCACDCAACDBDCCCAAAAABADDBCADAAAAABAABAAAAAAABBDBDBACCBBBA	['B34A', 'A101B', 'D112C', 'B201A', 'C234D']	5	-9.16118201543577	-7.196860556956381	-9.980506156338379	-0.8193241409026086
ABAAABCBACABAACBDBABBDBDABBAAACAABAAABDAABAABAAABCBAAAAACACBAABAADACCBADAACACABBABABAAABABBAABDAABCAAAABABAAAABDCBCAAADABCCCDDAAAAAAAABDBDACBADAAABDABBAAAACBBADAAACCAAABAAABAAABAABABAABABABAAAACCAAAABBAABBBBCACCCAABDBDCCCAAAAABADDBCACAAAAABAABAAAAAAABBDBDBACCBBBA	['B25A', 'A72D', 'A151B', 'D211C', 'C215B']	5	-7.201171180931851	-8.097871025558561	-8.92150579043664	-0.8236347648780793
ABAAABCBACBBAACBDBAABDBDBBBAAACAABAAABDAABAABAAABCBAAAAACACBAABAADACCBAAAACACABBABABAAABABBAABDAABCABAABABAAAABDCBCAAACABCCADDAAAAAAAABCBDACBADAAABDABAAAAACBBADAAACCAAABAAABAAABAABABAABABABAAACCCAAAABBAABBBBCACDCAACDBDCCCAAAAABADDBCACAAAAABAABAAAAAAABBDBDBACCBBBA	['A11B', 'B20A', 'A101B', 'D119C', 'C124A', 'D136C', 'A193C']	7	-7.20615049242042	-7.552727675065398	-8.381341751432046	-0.8286140763666481
ABAAABCBACABAACBABABBDBDBBBAAAAAABAAABDAABAABAAABCBAAAAACACBAABAADACCBADACCACABBABABAAABABBAABDAABCABAABABAAAABDDBCAAADABCCBADAAAAAAAABDBDACBADAAABDABBAAACABBADAAACCAAABABABAAABAABBBAABABABAAAACCAAAABAAABBABCACDCAACDBDCCAAAAAABADDBCACAAAAABAABAAAAAAABBDBDBACCBBBA	['D17A', 'C31A', 'A72D', 'A74C', 'A101B', 'C113D', 'C124B', 'D125A', 'A151B', 'A155C', 'C156A', 'A171B', 'A181B', 'B201A', 'B206A', 'C221A']	16	-7.207114044786067	-9.0907655316405	-9.920343160372795	-0.8295776287322951
ABAAABCBABBBAACBDBABBDBDBBBAAAAAABAAABDAABAABAAABCBAAAAACACBAABAADACCBAAAACACABBABABAAABABBAABDAABCAAAABABAAAABDCBCAAACABBCCACAAAAAAAABDBDACBADAAABDABAAAACCBBADAACCCAAABAAABAAABAABABAABABABAAAACBAAAABBAABBBBCACDCAACDBDCCCAAAAABADDBCAAAAAAABAABAAAAAAABBDBDBACCBBBA	['C10B', 'A11B', 'C31A', 'D119C', 'C122B', 'D125A', 'D126C', 'A155C', 'A163C', 'C195B', 'C234A']	11	-7.210834940196946	-8.863832097791601	-9.697130621934775	-0.8332985241431743
ABAAABCBACBBBACBDBABBDBDBBBAAACAABAAABDAABAABAAABCBAAAAACACBAABAADACCBAAAACACABBABABAAABABBAABDAABCABAABABAAAABACBCAAACABBCCDDAAAAAAAABDBDADBADAAABBABAAAAACBBADAAACCAAABAAABAAABAABABAABABABAAAACCAAAABBAABBBBAACDCAACDBDCCCAAAAABADDBCACAAAAABAABAAAAAAABBDBDAACCBBBA	['A11B', 'A13B', 'A101B', 'D112A', 'D119C', 'C122B', 'C140D', 'D148B', 'C208A', 'B256A']	10	-7.214747895020992	-8.2920523302746	-9.12926380924182	-0.8372114789672196
ABAAABCBACABAACBDBABBDBDBBBAACCAABAAABBAABAABAAABCBAAAAACACBAABAADACCBADAACACABBABABAAABABBAABDAABCABAABABAAAABACBCAAACABCCCDDAAAAAAAABDBDADBADAAABBAAAAAAACBBADAAACAABABABABAAABAABABAABABABAAAACCAAAABAAABBBBCACDCAACDBDCACCAAAABADDBDACAAAAABAABAAAAAAABBDBDBACCBBBA	['A30C', 'D39B', 'A72D', 'A101B', 'D112A', 'D119C', 'C140D', 'D148B', 'B150A', 'C165A', 'A167B', 'A171B', 'B201A', 'C220A', 'A222C', 'C232D']	16	-7.2175324589479715	-9.701731494162232	-10.541727537056431	-0.8399960428941995
ABAAABCBACABAACBABABBDBDBBBBAACAABAAABDAABAAAAAABCBAAAAACACBAABAADACCBAAAACACABBABABAAABABBAABDAABCAAAABABAAAABDDBCAAADABCCBADAAAAAAAABDBDACBADAAABDABAAAAAABBADAAACCAAABAAABAAABAABABAABABABAAAACCAAAABBAABBBBCACDCAACDBDCDCAAAAABADDBCACAAAAABAABAAAAAAABBDBDBACCBBBA	['D17A', 'A28B', 'B45A', 'C113D', 'C124B', 'D125A', 'C156A', 'C220D']	8	-7.222487460099728	-7.773568739474285	-8.618519783520242	-0.8449510440459562
ABAAABCBACBBABCBCBABBDDDBBBBABCAABAAABDAABAABAAABCBAAAAACACBAABAADACCBADAACACABBABABAAABABBAABDAABCAAAABABAAAABDCBCAAADABCCCDDAAAAAAAABDBDACBADAAABDABBAAACCBBADAAACCAAABAAABAAABAABABAABABABAAAACCAAAABAAABBABCACDCAACDBDCCCAAAAABADDBCACAAAAABAABAAAAAAABBDBDBACCBBBA	['A11B', 'A14B', 'D17C', 'B23D', 'A28B', 'A30B', 'A72D', 'A151B', 'A155C', 'B201A', 'B206A']	11	-8.031749232439324	-7.222532488362049	-8.876745304747601	-0.8449960723082768
ABAAABCBACABABCBDBABBDBDBBBAAACAABAAABDAABAABAAABCBAAAAACACBAABAADACCBAAAACACABBABABAAABABBAABDAABBABAABABAAAABDCBCAAADABCCCDDAAAAAAAACDBDACBADAAABDABAAAAACABADAAACCAAABAAABAAABAABABAABABABAAABCBAAAABBAABBBBCACDCAACDBDCCCAAAAABADDBCACAAAAABAABAAAAAAABBDBDBACCBBBA	['A14B', 'C99B', 'A101B', 'B135C', 'B157A', 'A193B', 'C195B']	7	-7.234172235941514	-7.907779975794256	-8.764415795681998	-0.8566358198877424
ABAAABCBACABABCBDBABBDBDBBBAAACAABAAABDAABAABAAABCBAAAAACACBAABAADACCBAAAACACABBABABAAABABBAABDAABBABAABABAAAABDCBCAAADABCCCDDAAAAAAAACDBDACBADAAABDABAAAAACABADAAACCAAABAAABAAABAABABAABABABAAABCBAAAABBAABBBBCACDCAACDBDCCCAAAAABADDBCACAAAAABAABAAAAAAABBDBDBACCBBBA	['A14B', 'C99B', 'A101B', 'B135C', 'B157A', 'A193B', 'C195B']	7	-7.234172235941514	-7.907779975794256	-8.764415795681998	-0.8566358198877424
ABAAABCBACABAACBDBABBDBDBBBAAAAAABAAABDAABAABAAABCBAABAACACBAABAADACCBAAAACACABBABABAAABABBAABDAABCAAAABABAAAABDDBCAAADABCCAADAAAAAAAABDBDADBADAAABBABAAAAACBBADAAACCAAABAAABAAABAABABAABABABAAAACCAAAABAAABBBBCACDCAABDBDCCCAAAAABADDBCACAAAAABAABAAAAAAABBDBDBACCBBBA	['C31A', 'A54B', 'C113D', 'C124A', 'D125A', 'C140D', 'D148B', 'B201A', 'C215B']	9	-7.558920201146975	-7.24422610970214	-8.425609894795343	-0.8666896936483681
ABAAABCBACABAACBDBABBDBDBBBAAAAAABAAABDAABAABAAABCBAABAACACBAABAADACCBAAAACACABBABABAAABABBAABDAABCAAAABABAAAABDDBCAAADABCCAADAAAAAAAABDBDADBADAAABBABAAAAACBBADAAACCAAABAAABAAABAABABAABABABAAAACCAAAABAAABBBBCACDCAABDBDCCCAAAAABADDBCACAAAAABAABAAAAAAABBDBDBACCBBBA	['C31A', 'A54B', 'C113D', 'C124A', 'D125A', 'C140D', 'D148B', 'B201A', 'C215B']	9	-7.558920201146975	-7.24422610970214	-8.425609894795343	-0.8666896936483681
ABAAABCBACBBAACBCBABBDBDBBBAAACAABAAABDAABAABAAABABAAAAACACBAABAADACCBADAACACABBABABAAABABBAABDAABCAAAABABAAAABDCBCAAACABCCCDDAAAAAAAABDBDACBADAAABDABAAAAACBBADAAACCAAABAAABAAABAABABAABABABAAAACCAAAABBAABBBBCACDCAACDBDCBCAAAAABADDBCACAAAAABAABAAAAAAABBDBDBACCBBBA	['A11B', 'D17C', 'C50A', 'A72D', 'D119C', 'C220B']	6	-7.248071648413315	-7.721469227224588	-8.592004459584132	-0.8705352323595434
ABAAABCBACABAACBDBABBDBDBBBAAACAABAAABDAABAABAAABCBAAAAACACBAABAADACCBAAAACACABBABABAAABABBAABDAABCAAAABABAAAABDCBCAAADABCCCDDAAAAAAAABDBDADBADAAABBABAAAAACBBADAAACCAAABAAABAAABAABABAABABABAAAACCAAAABAAABBABCACDCAACDBDCCCAAAAABADDBCACAAAAABAABAAAAAAABBDBDBACCBBBA	['C140D', 'D148B', 'B201A', 'B206A']	4	-8.688738881377503	-7.250570599455386	-9.561773064779118	-0.8730341834016144
ABAAABCBACABAACBDBABBDBDBBBAAACAABAAABDAABAABAAABCBAAAAACACBAABAADACCBAAAACACABBABABAAABABBAABDBABCABAABABAAAABDCBCAAADABCCADDAAAAAAAABDBDACBADAAABDABAAAAACBBADAAACCAAABAAABAAABAABABAABABABAAAACCAAAABAAABABBCACDBAACDBDCCCAAAAABADDBCACAAAAABAABAAAAAAABBDBDBACCBBBA	['A96B', 'A101B', 'C124A', 'B201A', 'B205A', 'C212B']	6	-7.264049461809918	-8.292369527276605	-9.178882573032752	-0.8865130457561463
ABAAACCBACABAACBABAABDBDABBAAACAABAAABAAABAABAAABCBAAAAACACBAABAADACCBAAAACACABBABABAAABABBAABDAABCABAABABAAAABDCBCAAADABCCADDAAAAAAAABDBDACBADAAABDABAAAAACBBAAAAACCAAABAAABAAABAABABAABABABAAAACCAAAABAAABBBBCACCCAACDBDCCCAAAAABADDBCACAAAAABAABAAAAAAABBDBDBACCBBBA	['B6C', 'D17A', 'B20A', 'B25A', 'D39A', 'A101B', 'C124A', 'D160A', 'B201A', 'D211C']	10	-7.266291972948238	-7.457083808723837	-8.345839365618303	-0.8887555568944663
ABAAABCBACBBAACBDBABBDBDBBBAAACAABAAABDAABAABAAABCBAAAAACACBAABAADACCBAAAACACABBABABAAABABBAABDAABCABAABABAAAAADCBCAAADABCCCDDAAAAAAAACDBDADBADAAABBABAAAAAABBADAAACCAAABAAABAAABAABABAABAAABAAAACCAAAABAAABBBBCACDCAACDBDCCCAAAAABADDBCACAAAAABAABAAAAAAABBDBDBACCBBBA	['A11B', 'A101B', 'B111A', 'B135C', 'C140D', 'D148B', 'C156A', 'B187A', 'B201A']	9	-7.2696909585502	-8.556047392077744	-9.448201934574172	-0.8921545424964279
ABAAABCBACBBAACBDBABBDBCABBAAAAAABAAABDAABAABAAABCBAAAAACACBAABAADACCBAAAACACABBABABAAABABBAABDAABCABAABABAAAABDCBCAAADABCCCDDAAAAAAAACDBDADBADAAABBABAAAAACBBADAAACCAAABAAABAAABAABABAABABABAAAACCAAAABAAABBBBCACDCAACDBDCCCAAAAABADDBCACAAAAABAABAAAAAAABBDBDBACCBBBA	['A11B', 'D24C', 'B25A', 'C31A', 'A101B', 'B135C', 'C140D', 'D148B', 'B201A']	9	-7.281229882268235	-9.96461654920131	-10.868310015415773	-0.9036934662144631
ABAAABCBACBBAACBDBABBDBDBBBAAAAAABAAABDAABAABAAABCBAAAAACACBAABAADACCBAAAACACABBABABAAABABBAABDABBCAAAABABAAAABDCBCAAACABBCCADAAAAAAAABDBDADBADAAABBABAAAAACBBADAAACCAAABAAABAAABAABABAABABABAAAACCAAAABAAABBBBCACDCAACDBDCCCAAAAABADDBCACAAAAABAABAAAAAAABBDCBBACCBBBA	['A11B', 'C31A', 'A97B', 'D119C', 'C122B', 'D125A', 'C140D', 'D148B', 'B201A', 'B254C', 'D255B']	11	-7.28748121089302	-9.661396814335603	-10.571341609174851	-0.9099447948392481
ABAAABCBACABAACBABABBDBDBBBAAACAABAAABDAABAABAAABCBAAAAACACBAABAADACCBAAACCACABBABAAAAABABBAABDAABCAAAABABAAAABBCBCAAADABCCCDDAAAAAAAABDBDADBADAAABCABAAAAACABABAAACCAAABAAABAAABAABABAABABABAAAACCAAAABAAABABBCACDCAACDBDCCCAAAAABADDBCACAAAAABAABAAAAAAABBDBDAACABBBA	['D17A', 'A74C', 'B84A', 'D112B', 'C140D', 'D148C', 'B157A', 'D160B', 'B201A', 'B205A', 'B256A', 'C259A']	12	-7.921633507823572	-7.290787842590362	-8.834884934360161	-0.9132514265365899
ABAAABCBACABABCBDBABBDBDBBBBAACAABAAABAAABAABAAABCBAAAAACACBAABAADACCBAAAACACABBABABAAABABBAABDAABCAAAABABAAAABDCBCAAADABCCCDDAAAAAAAABDBDADBADAAABBABAAAAACBBADAAACCAAABAAABAAABAABABAABABABAAAACCAAAABAAABBBBCACDCAACDBDCCCAAAAABADDBCACAAAAABAABAAAAAAABBDBDBACCBBBA	['A14B', 'A28B', 'D39A', 'C140D', 'D148B', 'B201A']	6	-8.300600199727342	-7.2957099550403655	-9.218773738713935	-0.9181735389865935
ABAAABCBACABAACBDBABBDBDBBBAAACAABAAABDAABAABAAABCBAAAAACACBAABAADACCBAAAACACABBABABAAABABBAABDAABCABAABABAAAABDCBCAAADABCCCDDAAAAAAAABDBDACBADAAABDABAAAACCBBADAACCCAAABAAABAAABAABABAABABABAAAACCAAAABAAABBBBCACDCAACDBBCCCAAAAABADDBCADAAAAABAABAAAAAAABBDBDBACCBBBA	['A101B', 'A155C', 'A163C', 'B201A', 'D218B', 'C234D']	6	-7.297869907459244	-7.469362599775195	-8.389696091180667	-0.9203334914054722
ABAAABCBACABABABDBABBDBDBBBAAACBABAAABAAABAABAAABABAAAAACACBAABAADACCBAAAACACABBABABAAABABBCABDAABCABAABABAAAABDCBCAAACABCCADDAAAAAAAACCBDACBADAAABDABAAAACCABABABACCAAABAAABAAABAABABAABABABAAAACCAAAABAAABBBBCACDCAACDBDCCCAAAAABADDBCAAAAAAACAABAAAAAAABBDBDBACCBBBA	['A14B', 'C15A', 'A32B', 'D39A', 'C50A', 'A92C', 'A101B', 'D119C', 'C124A', 'B135C', 'D136C', 'A155C', 'B157A', 'D160B', 'A162B', 'B201A', 'C234A', 'B240C']	18	-7.3018513831775635	-9.401815028104465	-10.326129995228257	-0.9243149671237916
ABAAABCBACABAACBDBABBDBDBBBAAACAABAAABDAABAABAAABCBAAAAACACBAABAADACCBADACCACABBABABAAABABBAABDAABCABAABABAAAABDCBCAAADABCCCADAAAAAAAABDBDADBADAAABBABAAAAACBBADAAACCAAABADABAAABAABBBAABABABAAAACCAAAABAAABBBBCACDCAACDBDCCCAAAAABADDBCACAAAAABAABAAAAAAABBDBDAACCBBBA	['A72D', 'A74C', 'A101B', 'D125A', 'C140D', 'D148B', 'A171D', 'A181B', 'B201A', 'B256A']	10	-7.308130267309025	-10.48537732847035	-11.415971179725602	-0.930593851255253
ABAAABCBACABABCBDBABBDBDBBBAAAAAABAAABDAABAABAAABABAAAAACACBAABAADACCBADAACACABBABABAAABABBAABDAABCABAABABAAAABDCBCAAAAABBCCDDAAAAAAAABDBDACBADAAABDABAAAAACBBADAACCCAAABABABAAABAABABAABABABAAAACCAAAABAAABBBBCACDCAACDBDCCCAAAAABADDBCACAAAAABAABAAAAAAABBDBDBACCBBBA	['A14B', 'C31A', 'C50A', 'A72D', 'A101B', 'D119A', 'C122B', 'A163C', 'A171B', 'B201A']	10	-7.320165352663025	-7.483341757499147	-8.4259706941084	-0.9426289366092533
ABAAABCBACBBAACBDBABBDBBBBBAAAAAABAAABDAABAABAAABCBAAAAACACBAABAADACCBAAAACACABBABABAAABABBAABDAABCABAABABAAAABDCBCAAACABBCCDDAAAAAAAABDBDACBADAAABDABAAAACCBBADAAACCAAABAAABAAABAABABAABABABAAAACCAAAABBAABBBBCACDCABCCBDCCCAAAAABADDBCACAAAAABAABAAAAAAABBDBDBACCBBBA	['A11B', 'D24B', 'C31A', 'A101B', 'D119C', 'C122B', 'A155C', 'A214B', 'D216C']	9	-7.328846843680367	-7.6667040207539685	-8.618014448380563	-0.9513104276265949
ABAAABCBACABABCBDBABBDBDBBBAAACAABAAABDAABAABAAABCBAAAAACACCAABAADACCBAAAACACABBABABAAABABBAABDAABCABAABABAAAABCCBCAAADABCCADDAAAAAAAABDBCACBADAAABDABAAAAACBBADAAACCAAABAAABAAABAABABAABABABAAAACCAAAABAAABBBBCACDCAACDBDCCCAAAAABADDBCACAAAAABAABAAAAAAABBDBDBACCBBBA	['A14B', 'B60C', 'A101B', 'D112C', 'C124A', 'D138C', 'B201A']	7	-7.611112944083288	-7.329099541064352	-8.562676069093868	-0.9515631250105798
ABAAABCBACABABCBDBABBDBDBBBAAACAABAAABDAABAABAAABCBAAAAACACCAABAADACCBAAAACACABBABABAAABABBAABDAABCABAABABAAAABCCBCAAADABCCADDAAAAAAAABDBCACBADAAABDABAAAAACBBADAAACCAAABAAABAAABAABABAABABABAAAACCAAAABAAABBBBCACDCAACDBDCCCAAAAABADDBCACAAAAABAABAAAAAAABBDBDBACCBBBA	['A14B', 'B60C', 'A101B', 'D112C', 'C124A', 'D138C', 'B201A']	7	-7.611112944083288	-7.329099541064352	-8.562676069093868	-0.9515631250105798
ABAAABCBAABBAACBDBABBDBCBBBAAACAABAAABDAABAABAAABCBAAAAACACBAABAADACCBAAAACACABBABABAAABABBAABDAABCAAAABABAAAABDDBCAAADABBCDADAAAAAAAABDBDACBADAAABDABAAAAACBBADAAACCAAABAAABAAABAABABAABABABAAAACCAAAABBAABBBBCACDCAACDBDCBCAAAAABADDBCACAAAAABAABAAAAAAABBDBDBACCBBBA	['C10A', 'A11B', 'D24C', 'C113D', 'C122B', 'C124D', 'D125A', 'C220B']	8	-7.331527452683076	-8.890713569533546	-9.84470460616285	-0.9539910366293043
ABAAABCBACABAACBDBAABDBDBBBAAACAABAAABDAABAABAAABCBAAAAACACBAABAADACCBAAAACACABBABABAAABABBAABDAABCAAAABABAAAABCDBCAAADABCCCADAAAAAAAABDBDACBADAAABDABAAAAACBBADAAACCAAABABABAAABAABABAABABABAAAACCAAAACBAABBBBCACDCAACDBDCCCAAAAABADDBCACAAAAABAABAAAAAAABBDBDBACCBBBA	['B20A', 'D112C', 'C113D', 'D125A', 'A171B', 'B200C']	6	-9.822631180519238	-7.338181435596198	-10.783276200061664	-0.9606450195424259
ABAAABCBACABAACBDBAABDBDBBBAAACAABAAABDAABAABAAABCBAAAAACACBAABAADACCBAAAACACABBABABAAABABBAABDAABCAAAABABAAAABCDBCAAADABCCCADAAAAAAAABDBDACBADAAABDABAAAAACBBADAAACCAAABABABAAABAABABAABABABAAAACCAAAACBAABBBBCACDCAACDBDCCCAAAAABADDBCACAAAAABAABAAAAAAABBDBDBACCBBBA	['B20A', 'D112C', 'C113D', 'D125A', 'A171B', 'B200C']	6	-9.822631180519238	-7.338181435596198	-10.783276200061664	-0.9606450195424259
ABAAABCBACABAACBDBABBDBDBBBAAACAABAAABDAABAABAAABCBAAAAACACBAABAADACCBAAAACACABBABABAAABABBAABDAABCABABBABAAAABDCBCAAAAABBCDDDAAAAAAAABDBDACBADAAABDABAAAAACBBADAAACCAAABAAABAAABAABABAABABABAAACCCAAAABBAABBBBCACDCAACDBDCCCAAAAABADDBCACAAAAABAABAAAAAAABBDBDBACCBBBA	['A101B', 'A103B', 'D119A', 'C122B', 'C124D', 'A193C']	6	-7.347642082488164	-8.967109360091854	-9.937215026526246	-0.9701056664343923
ABAAABCBACABAACBDBABCDBDBBBAAACAABAAABDAABAADAAABCBAAAAACACBAABAADACCBAAAACACABBABABAAABABBAABDAABCAAAABABAAAABDCBCAAADABCCBDDAAAAAAAABDBDACBADAAABDABAAAAACBBADAAACCAAABAAABAAABAABAAAABABABAAAACCAAAABBAABBBBCACDCAACDBDCCCAAAAABADDBCACAAAAABAABAAAAAAABBDBDAACCBBBA	['B21C', 'B45D', 'C124B', 'B182A', 'B256A']	5	-7.37403190436271	-7.363365543540567	-8.359861031849505	-0.9858291274867952
ABAAABCBACABAACBDBABBDBBBBBAAACAABAAABDAABAABAAABCBAAAAACAABAABAADACCBAAAACACABBABABAAABABBAABDAABCABAABABAAAABDCBCAAACABCCADDAAAAAAAABCBDACBADAAABDABAAAACCBBADAAACCAAABAAABAAABAABABAABABABAAAACCAAAABBAABBBBCACDCAACDBDCCCAAAAABADDBBACAAAAABAABAAAAAAABBDBDAACCBBBA	['D24B', 'C59A', 'A101B', 'D119C', 'C124A', 'D136C', 'A155C', 'C232B', 'B256A']	9	-7.366844297153875	-7.760335122700781	-8.749643003800884	-0.9893078811001033
ABAAABCBACABAACBDBABBDBDBBBAAACAABAAABDAABAADAAABCBAAAAACACBAABAADACCBAAAACACABBABABAAABABBAABDAABCAAAABABAAAABDCBCAAADABCCAADAAAAAAAABDBDACBADAAABDABBAAACABBADAADCAAAABAAABAAABAABAAAABABABAAAACCAAAABAAABBBBCACDBAACDBDCCCAAAAABADDBCACAAAAABAABAAAAAAABBDBDBACCBBBA	['B45D', 'C124A', 'D125A', 'A151B', 'A155C', 'C156A', 'A163D', 'C165A', 'B182A', 'B201A', 'C212B']	11	-7.372140750754625	-9.436100274324417	-10.43070460902527	-0.9946043347008526
ABAAABCBACABAACBDBABBDBDBBBAAACAABAAABDAABAAAAAABDBAAAAACACBAABAADACBBADACCACABBABAAAAABABBAABDAABCABAABABAAAABBCBCAAADABCCCADAAAAAAAABDBDACBADAAABDABBAAACCABABAACCCAAABAAABAAABAABABAABABABAAAACCAAAABAAABBBBCACDBAABDBDCCCAAAAABADDBCACAAAAABAABAAAAAAABBDBDAACCBBBA	['B45A', 'C50D', 'C69B', 'A72D', 'A74C', 'B84A', 'A101B', 'D112B', 'D125A', 'A151B', 'A155C', 'B157A', 'D160B', 'A163C', 'B201A', 'C212B', 'C215B', 'B256A']	18	-7.372403075685725	-10.182508753438015	-11.177375413069967	-0.9948666596319526
ABAAABCBACBBAACBDBABBDBDBABAAAAAABAAABDAABAABAAABCBAAAAACACDAABAADACCBAAAACACABBABABAAABABBAABDAABCAAAABABAAAABBCBCAAADABCCDACAAAAAAAABDBDACBADAAABDABAAAAACBBADAAACCAAABAAABAAABAABABAABABABAAADCCAAAABBABBBBBCACDCAACABDBCCAAAAABADDBCACAAAAABAABAAAAAAABBDBDBACCBBBA	['A11B', 'B26A', 'C31A', 'B60D', 'D112B', 'C124D', 'D125A', 'D126C', 'A193D', 'A203B', 'D216A', 'C219B']	12	-7.37773109623231	-8.800863927113824	-9.801058607292362	-1.000194680178538
ABAAABCBACABAACBDBAABDBDBBBAAAAAABAAABDAABAAAAAABCBAAAAACACBAABAADACCBAAAACACABBABABAAABABBAABDAABCABAABABAAAABDCBCAAADABCCCDDAAAAAAAACDBDACBADAAABDABBAAACCABABAAACCAAABAAABAAABAABABAABABABAAAACCAAAABAAABBBBCACDCAABDBDCCCAAAAABADDBCACAAAAABAABAAAAAAABBDBDBACCBBBA	['B20A', 'C31A', 'B45A', 'A101B', 'B135C', 'A151B', 'A155C', 'B157A', 'D160B', 'B201A', 'C215B']	11	-7.3785673507954925	-8.518552696623374	-9.519583631365094	-1.0010309347417206
ABAAABCBACABAACBABABBDBDBBBBAACAABAAABAAABAABAAABCBAAAAACACBAABAADACCBAAAACACABBABABAAABABBAABDAABCAAAABABAAAABDCBCAAADABCCCDDAAAAAAAABDBDADBADAAABBABAAAAACBBADAAACCAAABAAABAAABAABABAABABABAAAACCAAAABBAABBBBCACDCAACDBCCBCAAAAABADDBAACAAAAABAABAAAAAAABBDBDBACCBBBA	['D17A', 'A28B', 'D39A', 'C140D', 'D148B', 'D218C', 'C220B', 'C232A']	8	-7.955619192915037	-7.384151975158602	-8.962234752019867	-1.00661555910483
ABAAABCBACBBBACBDBABBDBDBBBAAAAAABAAABDAABAABAAABABAAAAAAACBAAAAADACCBAAAACACABBABABAAABABBAABDAABCAAAABABAAAABDCBCAAACABBCADDAAAAAAAABDBDADBADAAABBABAAAAACBBADAAACCAAABAAABAAABAABABAABABABAAAACCAAAABBAABBABCACDCAACDBDCCCAAAAABADDBCACAAAAABAABAAAAAAABBDBCAACCBBBA	['A11B', 'A13B', 'C31A', 'C50A', 'C57A', 'B63A', 'D119C', 'C122B', 'C124A', 'C140D', 'D148B', 'B206A', 'D255C', 'B256A']	14	-7.966038748854771	-7.395399967033882	-8.983902299834881	-1.0178635509801097
ABAAABCBACABABCBDBABBDBDABBAAACAAAAAABDAABAABAAABCBAAAAACACBAABAADACCBAAAACACABBABABAAABABBAABDAABCCBAABABAAAABCCBCAAABABCCAADAAAAAAAABBBDACBADAAABDABAAAAACBBADAAACCAAABAAABAAABAABABAABABABAAAACCAAAABAAABBBBCACDCAACDBBCCCAAAAABADDBCADAAAAABAABAAAAAAABBDBDBACCBBBA	['A14B', 'B25A', 'B34A', 'A100C', 'A101B', 'D112C', 'D119B', 'C124A', 'D125A', 'D136B', 'B201A', 'D218B', 'C234D']	13	-7.397022938122973	-7.4037517621181905	-8.423238284187391	-1.0194865220692009
ABAAABCBACABAACBDBABBDBBABBAAACAABAAABAAABAADAAABCBAAAAACACBAABAADACCBAAAACACABBABABAAABABBAABDAABCABAABABAAAABDCBCAAACABBCCCDAAAAAAAABDBDACBADAAABDABAAAAACBBADAAACCAAABAAABAAABAABABAABABABAAAACCAAAABBAABBABCACDCAACDBDCCCAAAAABADDBCACAAAAABAABAAAAAAABBDBABACCBBBA	['D24B', 'B25A', 'D39A', 'B45D', 'A101B', 'D119C', 'C122B', 'D125C', 'B206A', 'D255A']	10	-7.4008749953936785	-9.407707000442315	-10.431045579782221	-1.0233385793399066
ABAAABCBACABAACBBBABBDBDBBBAAACAABAAABDAABAABAAABCBAAAAACACBAABAADACCBAAAACACABBABABAAABABBAABDAABCAAAABABAAAABDCBCAAACABCCDAAAAAAAAAABDBDACBADAAABDABAAAAACBBADAAACCAAABAAABAAABAABAAAABABABAAAACCAAAABBAABBABCACDCAACDBDCCCAAAAABADDBCACAAAAABAABAAAAAAABBDBDBACCBBBA	['D17B', 'D119C', 'C124D', 'D125A', 'D126A', 'B182A', 'B206A']	7	-7.402196871349588	-7.83747209655121	-8.862132551847026	-1.024660455295816
ABAAABCBACABAACBBBABBDBDBBBAAACAABAAABDAABAABAAABCBAAAAACACBAABAADACCBAAAACACABBABABAAABABBAABDAABCAAAABABAAAABDCBCAAACABCCDAAAAAAAAAABDBDACBADAAABDABAAAAACBBADAAACCAAABAAABAAABAABAAAABABABAAAACCAAAABBAABBABCACDCAACDBDCCCAAAAABADDBCACAAAAABAABAAAAAAABBDBDBACCBBBA	['D17B', 'D119C', 'C124D', 'D125A', 'D126A', 'B182A', 'B206A']	7	-7.402196871349588	-7.83747209655121	-8.862132551847026	-1.024660455295816
ABAAABCBACBBABCBCBABBDBDBBBAAACAABAAABAAABAABAAABCBAAAAACACDAABAADADCBAAAACACABBABABAAABABBCABDAABCAAAABABAAAABBCBCAAADABCCADDAAAAAAAABDBDACBADAAABDABAAAAACBBADAAACCAAABAAABAAABAABABAABABABAAAACCAAAABBAABBABCACDBAACDBDCCCAAAAABADDBCACAAAAABAABAAAAAAABBDBDBACCBBBA	['A11B', 'A14B', 'D17C', 'D39A', 'B60D', 'C68D', 'A92C', 'D112B', 'C124A', 'B206A', 'C212B']	11	-8.862492773449048	-7.419372795033269	-9.904329152428545	-1.0418363789794967
ABAAABCBACABAACBDBABBDBCBBBAAACAABAAABDACBAABAAABCBAAAAACACBAABAADACCBAAACCACABBABABAAABABCAABDAABCABAABABAAAABDCBCAAADABCCCADAAAAAAAABDBDADBADAAABBABAAAAACBBADAAACCAAABAAABAAABAABABAABABABAAAACCAAAABAAABBBBCACDCAACABDCCCAAAAABADDBCACAAAAABAABAAAAAAABBDDDBACCBBBA	['D24C', 'A41C', 'A74C', 'B91C', 'A101B', 'D125A', 'C140D', 'D148B', 'B201A', 'D216A', 'B254D']	11	-7.4331969355698675	-11.744177162647247	-12.799837682163343	-1.0556605195160955
ABAAABCBACABABCBDBABBDBDBBBAAACBABAAABDAABAABAAABCBAAAAACACBAABAADACCBAAAACACABBABABAAABABBAABDAABCABAABABAAAABDCBCAAADABCCCDDAAAAAAAABBBCACBADAAABDABBAAACCBBADAABCCAAABAAABAAABAABABAABABABAAAACCAAAABAAABBABCACDCAACDBDCDCAAAAABADDBCACAAAAABAABAAAAAAABBDBDBACCBBBA	['A14B', 'A32B', 'A101B', 'D136B', 'D138C', 'A151B', 'A155C', 'A163B', 'B201A', 'B206A', 'C220D']	11	-7.71305685560219	-7.446641810238361	-8.78216224978678	-1.0691053941845894
ABAAABCBACBBAACBDBABBDBCABBAAACAABAAABDAABAABAAABABAAAAACACBAABAADACCBAAAACACABBABABAAABABBAABDAABCAAAABABAAAACDCBCAAADABCCCDDAAAAAAAABDBDAABADAAABCABAAAAACBBADAAACCAAABAAABAAABAABABAABABABAAAACCAAAABBABBBBBCACDCAACDBDCCCAAAAABADDBCACAAAAABAABAAAAAAABBDBDBACCBBBA	['A11B', 'D24C', 'B25A', 'C50A', 'B111C', 'C140A', 'D148C', 'A203B']	8	-7.447025625267997	-8.069672919344157	-9.139162128558382	-1.0694892092142254
ABAAABCBACABAACBABABBDBDBBBAAACAABAAABDAABAABAAABBBAAAAACACBAABAADACCBAAAACACABBABABAAABABBAABDAABCAAAABABAAAABCCBCAAADABCCADDAAAAAAAABDBCADBADAAABBABAAAAACBBADAAACCAAABAAABAAABAABABAABABABAAAACCAAAABBAABBABCACCCAACDBCCCCAAAAABADDBCACAAAAABAABAAAAAAABBDBDBACCBBBA	['D17A', 'C50B', 'D112C', 'C124A', 'D138C', 'C140D', 'D148B', 'B206A', 'D211C', 'D218C']	10	-9.269460427807644	-7.468175663612783	-10.360099675366655	-1.090639247559011
ABAAABCBACABAACBABABBDBDBBBAAAAAABAAABDAABAABAAABCBAAAAACACBAABAADACCBADAACACABBABABAAABABBAABDAABCAAABBABAAAABBCBCAAADABCCDBDAAAAAAAABDBDACBADAAABDABAAAAAABBADAAACCAAABAAABAAABAABABAABABABAAAACCAAAABAAABBABCACDCAACDBDCCCAAAAABADDBCACAAAAABAABAAAAAAABBDBDBACCBBBA	['D17A', 'C31A', 'A72D', 'A103B', 'D112B', 'C124D', 'D125B', 'C156A', 'B201A', 'B206A']	10	-8.287450743606314	-7.474271256010979	-9.384185583563522	-1.0967348399572074
ABAAABCBACABAACBDBABBDBDBBBAAACAABAAABDAABAABAAABCBAAAAACACBAABAADACCBADAACACABBABABAAABABBAABDAABCABAABABAAAABBCBCAAADABCCCDDAAAAAAAABDBDADBADAAABBABAAAAACBBADAAACCAAABAAABAAABAABABAABABABAAAACCAAAABAAABBABCACDCAABDBDCCCAAAAABADDBCACAAAAABAABAAAAAAABBDBDBACCBBBA	['A72D', 'A101B', 'D112B', 'C140D', 'D148B', 'B201A', 'B206A', 'C215B']	8	-8.106546209892258	-7.479577981401235	-9.208587775239721	-1.102041565347463
ABAAABCBACABAACBDBABBDBDBBBAAACAABAAABDAABAABAAABCBAABAACACBAABAADACCBADAACACAABABABAAAAABBAABDAABCAAAABABAAAAADDBCAAADABCCAADAAAAAAAABDBAACBADAAAACABAAAAACBBADAACCCAAABAAABAAABAABABAABABABAAAACCAAAABBABBBBBAACDCAACDBDCCCAAAAABADDBCADAAAAABAABAAAAAAABBDBDBACCBBBA	['A54B', 'A72D', 'B79A', 'B88A', 'B111A', 'C113D', 'C124A', 'D125A', 'D138A', 'B147A', 'D148C', 'A163C', 'A203B', 'C208A', 'C234D']	15	-8.036225407384336	-7.48180548613891	-9.140494477469474	-1.104269070085138
ABAAADBBACABAACBABABBDBDBBBAAACAABAAABDAABAABAAABCBAAAAACACBAABAADACCBADAACACABBABABAAABABBAABDAABCAAAABABAAAABDCBCAAADABCCCDDAAAAAAAABDBDADBADAAABDABAAAAACBBADAAACCAAABAAABAAABAABABAABABABAAAACCAAAABAAABBBBCACDCAACDBDCCCAAAAABADDBCACAAAAABAABAAAAAAABBDBDAACCBBBA	['B6D', 'C7B', 'D17A', 'A72D', 'C140D', 'B201A', 'B256A']	7	-8.53017805912532	-7.481940253637731	-9.634581896709278	-1.104403837583959
ABAAABCBACABAACBABABBDBDBBBAAAAAABAAABDAABAABAAABCBAAAAACACBAAAAADACCBAAACCACABBABABAAABABBAABDAABCABAABABAAAABDCBCAAADABCCCDDAAAAAAAABDBDADBADAAABCABAAAAAABBADAAACCAAABAAABAAABAABABAABABABAAAACCAAAABBAABBBBCACDCAACABDCCCAAAAABADDBCACAAAAABAABAAAAAAABBDBDAACCBBBA	['D17A', 'C31A', 'B63A', 'A74C', 'A101B', 'C140D', 'D148C', 'C156A', 'D216A', 'B256A']	10	-7.495574873639271	-8.55966286547482	-9.677701323060319	-1.1180384575854987
ABAAABCBACABAACBDBABBDDDBBBAAAAAABAAABDAABAABAAABCBAAAAACACBAABAADACCBAAAACACABBABABAAABABBAABDAABCABAABABAAAABDCBCAAAAABBCCADAAAAAAAABDBDACBADAAABBABAAAAACBBADAAACCAAABAAABAAABAABABAABABABAAAACCAAAABBAABBBBCACDCAABDBDCCDCAAAABADDBCACAAAAABAABAAAAAAABBDBDBACCBBBA	['B23D', 'C31A', 'A101B', 'D119A', 'C122B', 'D125A', 'D148B', 'C215B', 'C221D', 'A222C']	10	-7.498959980672225	-9.376995903687202	-10.498419468305656	-1.1214235646184534
ABAAABCBACABAACBDBABBDBDBBBAAACAABAAABDAABAABAAABCBAAAAACACBAABAADACCBADAACACABBABABAAABABBAABDAABCAAAABABAAAABDCBCAAADABCCCDDAAAAAAAABDBDACBADAAABCABAAAAACBBADAAACCAAABAAABAAABAABBBAABABABAAAACCAAAABAAABBBBCACDCAACDBDCCCAAAAABADDBCACAAAAABAABAAAAAAABBDBDBACCBBBA	['A72D', 'D148C', 'A181B', 'B201A']	4	-7.50027218577452	-7.795004214160144	-8.917739983880892	-1.122735769720748
ABAAABCBACABAACBDBABBDBDBBBAAACAABAAABDAABAABAAABABAAAAACACBAABAADACCBADAACACABBABABAAABABBAABDAABCABAABABAAAABCCBCAAADABCCADDAAAAAAAACDBAACBADAAABCABAAAAACBBADAAACCABABAAABAAABAABABAABABABAAAACCAAAABAAABBBBCACDCAACDBDCCCAAAAABADDBCACAAAAABAABAAAAAAABBDBDBACCBBBA	['C50A', 'A72D', 'A101B', 'D112C', 'C124A', 'B135C', 'D138A', 'D148C', 'A167B', 'B201A']	10	-7.508193152258173	-7.999219604767859	-9.12987634097226	-1.1306567362044007
ABAAABCBACBBAACBDBABBDBDBBBAAAAAABAABBDAABAABAAABCBAAAAACACBAABAADACCBAAAACACABBABABAAABABBAABDAABCAAAABABAAAABDDBCAAACABBCDDDAAAAAAAABDBDACBADAAABDABAAAACCBBADAAACCAAABAAABAAABAABABAABABABAAAACCBAAABAAABBBBCACDCAACDBDCCCAAAAABADDBCACAAAAABAABAAAAAAABBDDBBACCBBBA	['A11B', 'C31A', 'A37B', 'C113D', 'D119C', 'C122B', 'C124D', 'A155C', 'A196B', 'B201A', 'B254D', 'D255B']	12	-7.5125605028588325	-7.6789077909779735	-8.813931877783034	-1.1350240868050605
ABAAABCBACABAACBDBABBDBDBBBAAAAAABAAABDAABAABAAABCBAAAAACACBAABAADACCBAAAACACABBABABAAABABBAABDAABCABAABABAAAABDCBCAAADABCCCDDAAAAAAAABDBDACBADAAABDABBAAACCBBADAACCCAAABAAABAAABAABABAABABBBAAAACCAAAABBABBBBBCACDCAACDBDCCCAAAAABADDBCADAAAAABAABAAAAAAABBDBDBACCBBBA	['C31A', 'A101B', 'A151B', 'A155C', 'A163C', 'A188B', 'A203B', 'C234D']	8	-7.517213430488482	-8.044114889577031	-9.183791904011741	-1.1396770144347101
ABAAABCBACABAACBABABBDBDBBBAAACAABAAABDAABAABAAABCBAAAAACACBAABAADACCBADAACACABBABACAAABABBAABDAABCAAAABABAAAABDCBCABADABCCAADAAAAAAAABDBDACBADAAABDABAAACACBBADAAACCAAABAAABAAABAABABAABABABAAAACCAAAABAAABBBBCACDCAACDBDCCAAAAAABADDBCACAAAAABAABAAAAAAABBDBDBACCBBBA	['D17A', 'A72D', 'B84C', 'A117B', 'C124A', 'D125A', 'A154C', 'B201A', 'C221A']	9	-7.5226703498046845	-7.709917705040425	-8.855051638791338	-1.1451339337509125
ABAAABCBACBBAACBDBAABDBDBBBAAACAABAAABDACBAABAAABCBAAAAACACBAABAADACCBAAAACACABBABABAAABABBAABDAABCAAAABABAAAABBCBCAAADABCCCDDAAAAAAAABDBDACBADAAABDABBAAAACBBADAAACCAAABAAABAAABAABABAABABABAAAACCAAAABAAABBBBCACDCAACDBDCCCAAAAABADDBCACAAAAABAABAAAAAAABBDBDBACCBBBA	['A11B', 'B20A', 'A41C', 'D112B', 'A151B', 'B201A']	6	-7.526473908452317	-7.855768030509353	-9.004705522907898	-1.1489374923985451
ABAAABCBACBBAACBDBAABDBDBBBAAACAABAAABDACBAABAAABCBAAAAACACBAABAADACCBAAAACACABBABABAAABABBAABDAABCAAAABABAAAABBCBCAAADABCCCDDAAAAAAAABDBDACBADAAABDABBAAAACBBADAAACCAAABAAABAAABAABABAABABABAAAACCAAAABAAABBBBCACDCAACDBDCCCAAAAABADDBCACAAAAABAABAAAAAAABBDBDBACCBBBA	['A11B', 'B20A', 'A41C', 'D112B', 'A151B', 'B201A']	6	-7.526473908452317	-7.855768030509353	-9.004705522907898	-1.1489374923985451
ABAAABCBACABAACBABABBDBDBBBAAACAABAAABBAABAABAAABCBAAAAACACBAABAADACCBAAAACACABBABABAAABABBAABDBABCABAABABAAAABDCBCAAADABCCADDAAAAAAAABDBDADBADAAABBABAAAAACBBADAADCCAAABAAABAAABAABABAABABABAAAACCAAAABAAABBBBCACDCAACDBDCCCAAAAABADDBCACAAAAABAABAAAAAAABBDBDBACCBBBA	['D17A', 'D39B', 'A96B', 'A101B', 'C124A', 'C140D', 'D148B', 'A163D', 'B201A']	9	-7.564639505464584	-7.531156873796135	-8.718259963206947	-1.1536204577423632
ABAAABCBACABAACBDBAABDDDBBBAAACAABAAABDAABAABAAABCBAAAAACACBAABAADACCBADAACACABBABABAAABABBCABDAABCAAAABABAAAABDCBCAAADABCCADDAAAAAAAABDBDACBADAAABDABAAAAACBBADAAACCAAABAAABAAABAABABAABABABAAAACCAAAABBAAABABCACDCAACDBDCCCAAAAABADDBCACAAAAABAABAAAAAAABBDBDBACCBBBA	['B20A', 'B23D', 'A72D', 'A92C', 'C124A', 'B204A', 'B206A']	7	-9.770399090601131	-7.550798465454136	-10.943661140001495	-1.173262049400364
ABAAABCBACABAACBDBABBDBDBBBAAACAABAAABDAABAABAAABABAAAAACACBAABAADACCBAAAACACABBABABAAABABBAABDAABCAAAABABAAAAAACBCAAADABCCDDCAAAAAAAABDBDACBADAAABDABAAAACCBBADAAACCAAABAAABAAABAABABAABABABAAAACCBAAABAAABBBBCACDCAACDBDCCCAAAAABADDBCAAAAAAABAABAAAAAAABBABDBACCBBBA	['C50A', 'B111A', 'D112A', 'C124D', 'D126C', 'A155C', 'A196B', 'B201A', 'C234A', 'D253A']	10	-7.551460594171658	-7.800209139473736	-8.974133317591622	-1.1739241781178862
ABAAABCBACABAACBDBABBDBDBBBAAAAAABAAABDAABAABAAABCBAAAAACACBAABAADACCBADAACACABBABABAAABABBAABDAABCAAAABABAAAABCCBCAAAAABBCADDAAAAAAAABDBDACBADAAABDABAAAAACBBADAAACCAAABAAABAAABAABABAABABABAAAACCAAAABAAABBBBCACDCAACDBDACCCAAAABADDBCACAAAAABAABAAAAAAABBDBDBACCBBBA	['C31A', 'A72D', 'D112C', 'D119A', 'C122B', 'C124A', 'B201A', 'C219A', 'A222C']	9	-8.068950268207118	-7.5543686973978765	-9.245782549551222	-1.1768322813441046
ABAAABCBACBBAACBDBABBDBDBBBAAACAABAAABDAABAABAAABCBAAAAACACBAABAADACCBAAAACACABBABABAAABABBAABDAABCABAABABAAAABDCBCAAADABCCCDDAAAAAAAABDBDADBADAAABBABAAAAACBBADAAACCAAABAAABAAABAABABAABABABAAAACDAAAABBABBBBBCACDCAACDBDCCCAAAAABADDBCACAAAAABAABAAAAAAABBDBDBACCBBBA	['A11B', 'A101B', 'C140D', 'D148B', 'C195D', 'A203B']	6	-7.5553610196802765	-7.817761440761387	-8.995586044387892	-1.1778246036265045
ABAAABCBACABAACBABABBDBDBBBAAACAABAAABDABBAABAAABCBAAAAACACBAABAADACCBADAACACABBABABAAABABBAABDAABCABAABABAAAABDCBCAAAAABBCCADAAAAAAAABDBDACBADAAABDABAAAAACBBADAAACCAAABAAABAAABAABABAABABABAAAACCAAAABAAABBBBCACDCAACDBABCCAAAAABADDBCADAAAAABAABAAAAAAABBDBDAACCBBBA	['D17A', 'A41B', 'A72D', 'A101B', 'D119A', 'C122B', 'D125A', 'B201A', 'D218A', 'C219B', 'C234D', 'B256A']	12	-7.5562052635941654	-10.143487731285859	-11.322156578826252	-1.1786688475403935
ABAAABCBACABAACBDBAABDBDBBBAAACAABAAABBAABAABAAABABAAAAACACBAABAADACCBAAAACACABBABABAAABABBAABDAABCABAABABAAAABDCBCAAACABBCADDAAAAAAAABDBDACBADAAABDABAAAAACBBADAAACCAAABAAABAAABAABABAABABABAAAACCAAAABAAABBBBCACDCAACDBDCCCCAAAABADDBCACAAAAABAABAAAAAAABBDBDBACCBBBA	['B20A', 'D39B', 'C50A', 'A101B', 'D119C', 'C122B', 'C124A', 'B201A', 'A222C']	9	-7.569667221745476	-8.294860266440082	-9.486991072131786	-1.1921308056917042
ABAAABCBACBBAACBDBABBDBDBBBAAAAAABAAABDAABAABAAABCBAAAAACACBAABAADACCBAAAACACABBABABAAABABBAABDAABCABAABAAAAAAADCBCAAADABBCCDDAAAAAAAABDBDADBADAAABBAAAAAAACBBADAAACCAAABAAABAAABAABABAABABABAAAACCAAAABAAABBBBCACDCAACDBDCCCAAAAABADDBCACAAAAABAABAAAAAAABBDBDBACCBBBA	['A11B', 'C31A', 'A101B', 'B106A', 'B111A', 'C122B', 'C140D', 'D148B', 'B150A', 'B201A']	10	-7.57965731411241	-7.93557992373826	-9.137700821796898	-1.202120898058638
ABAAABCBACBBAACBDBABCDDDBBBAAACAABAAABDAABAABAAABCBAAAAACACBAABAADACCBAAAACACABBABABAAABABBAABDAABCABAABABAAAAADCBCAAADABBCADDAAAAAAAABDBDACBADAAABDABBAAACCBBADAAACCAAABAAABAAABAABABAABABABAAAACCAAAABAAABBBBCACDCAACDBDCCCAAAAABADDBCACAAAAABAABAAAAAAABBDBDBACCBBBA	['A11B', 'B21C', 'B23D', 'A101B', 'B111A', 'C122B', 'C124A', 'A151B', 'A155C', 'B201A']	10	-7.587523305555806	-8.927584339646273	-10.137571229148307	-1.2099868895020336
ABAAABCBACBBAACBDBABCDBDABBAAACAABAAABDAABAABAAABCBAAAAACACBAABAADACCBAAAACACABBABABAAABABBAABDAABCAAAABABAAAABDCBCAAAAABBCCADAAAAAAAABDBDACBADAAABDABAAAAACBBADAAACCAAABAAABAAABAABABAABABABAAAACCAAAABAABBBBBCACDCAACDBCCCCAAAAABADDBCADAAAAABAABAAAAAAABBABDBACCBBBA	['A11B', 'B21C', 'B25A', 'D119A', 'C122B', 'D125A', 'B201A', 'A203B', 'D218C', 'C234D', 'D253A']	11	-7.588736311765388	-7.6753067474928685	-8.886506643204484	-1.2111998957116157
ABAAABCBACBBAACBDBABCDBDABBAAACAABAAABDAABAABAAABCBAAAAACACBAABAADACCBAAAACACABBABABAAABABBAABDAABCAAAABABAAAABDCBCAAAAABBCCADAAAAAAAABDBDACBADAAABDABAAAAACBBADAAACCAAABAAABAAABAABABAABABABAAAACCAAAABAABBBBBCACDCAACDBCCCCAAAAABADDBCADAAAAABAABAAAAAAABBABDBACCBBBA	['A11B', 'B21C', 'B25A', 'D119A', 'C122B', 'D125A', 'B201A', 'A203B', 'D218C', 'C234D', 'D253A']	11	-7.588736311765388	-7.6753067474928685	-8.886506643204484	-1.2111998957116157
ABAAABCBACBBAACBDBABCDBDABBAAACAABAAABDAABAABAAABCBAAAAACACBAABAADACCBAAAACACABBABABAAABABBAABDAABCAAAABABAAAABDCBCAAAAABBCCADAAAAAAAABDBDACBADAAABDABAAAAACBBADAAACCAAABAAABAAABAABABAABABABAAAACCAAAABAABBBBBCACDCAACDBCCCCAAAAABADDBCADAAAAABAABAAAAAAABBABDBACCBBBA	['A11B', 'B21C', 'B25A', 'D119A', 'C122B', 'D125A', 'B201A', 'A203B', 'D218C', 'C234D', 'D253A']	11	-7.588736311765388	-7.6753067474928685	-8.886506643204484	-1.2111998957116157
ABAAABCBACBBBACBDBABBDBDBBBAAAAAABAAABDAABAABAAABABAAAAAAACBAABAADACCBAAAACACABBABABAAABABBAABDAABCAAAABABAAAABDCBCAAACABBCADDAAAAAAAABDBDADBADAAABBABAAAAACBBADAAACCAAABAAABAAABAABABAABABABAAAACCAAAABBAABBABCACDCAACDBDCCCAAAAABADDBCACAAAAABAABAAAAAAABBDBCAACCBBBA	['A11B', 'A13B', 'C31A', 'C50A', 'C57A', 'D119C', 'C122B', 'C124A', 'C140D', 'D148B', 'B206A', 'D255C', 'B256A']	13	-8.435487498762086	-7.5900692360592075	-9.648020318767522	-1.2125328200054355
ABAAABCBACBBBACBDBABBDBDBBBAAAAAABAAABDAABAABAAABABAAAAAAACBAABAADACCBAAAACACABBABABAAABABBAABDAABCAAAABABAAAABDCBCAAACABBCADDAAAAAAAABDBDADBADAAABBABAAAAACBBADAAACCAAABAAABAAABAABABAABABABAAAACCAAAABBAABBABCACDCAACDBDCCCAAAAABADDBCACAAAAABAABAAAAAAABBDBCAACCBBBA	['A11B', 'A13B', 'C31A', 'C50A', 'C57A', 'D119C', 'C122B', 'C124A', 'C140D', 'D148B', 'B206A', 'D255C', 'B256A']	13	-8.435487498762086	-7.5900692360592075	-9.648020318767522	-1.2125328200054355
ABAAABCBACBBAACBDBABBDBCBBBAAAAAABAAABDAABAABAAABCBAAAAACACBAABAADACCBAAAACACABBABABAAABABBAABDAABCAAAABABAAAABBCBCAAADABCCCDDAAAAAAAABDBDADBADAAABBABAAAAACBBADAAACCAAABAAABAAABAABABAABABABAAAACCAAAABBAABBABAACDCAACDBDCCCAAAAABADDBCACAAAAABAABAAAAAAABBDBDBACCBBBA	['A11B', 'D24C', 'C31A', 'D112B', 'C140D', 'D148B', 'B206A', 'C208A']	8	-7.83173301583156	-7.592550509609282	-9.04674710938707	-1.21501409355551
ABAAABCBACABAACBABABBDBDBBBAAACAABAAABDAABAABAAABCBAAAAACACBAABAADACCBAAAACACABBABABAAABABBAABDAABCAAAABABAAAABDCBCAAACABBCAADAAAAAAAABDBDADBADAAABBABAAAAACBBADAAACCAAABAAABAAABAABABAABABABAAAACCAAAABAAABBABCACDBAACABCACCAAAAABADDBCACAAAAABAABAAAAAAABBDBDAACCBBBA	['D17A', 'D119C', 'C122B', 'C124A', 'D125A', 'C140D', 'D148B', 'B201A', 'B206A', 'C212B', 'D216A', 'D218C', 'C219A', 'B256A']	14	-7.594054145505652	-7.86363697174238	-9.08015470119426	-1.2165177294518799
ABAAACCBACABAACBABABBDBDBBBAAACAABAAABDAABAABAAABCBAAAAACACBAABAADACCBAAAACACABBABABAAABABBAABDAABCABAABABAAAAADCBCAAADABCCCDDAAAAAAAABDBDACAADAAABDABAAAAACBBADAAACCAAABAAABAAABAABABAABABABAAAACCAAAABBAABBBBCACDBAACABDCCCAAAAABADDBCACAAAAABAABAAAAAAABBDBDBACCBBBA	['B6C', 'D17A', 'A101B', 'B111A', 'B141A', 'C212B', 'D216A']	7	-7.597049479372799	-8.349308347096667	-9.568821410415694	-1.2195130633190274
ABAAABCBACABABCBDBAABDBDBBBAAAAAABAAABDAABAABAAABCBAAAAACACBAABAADACCBAAAACACABBABABAAABABBAABDAABCABAABABAAAABDCBCAAADABCCADDAAAAAAAABDBDADBADAAABBABAAAAACBBADAAACCAAABAAABAAABAABABAABABABAAABCCAAAABAAABBBBCACBCAACDBBCCCAAAAABADDACACAAAAABAABAAAAAAABBDBDBACCBBBA	['A14B', 'B20A', 'C31A', 'A101B', 'C124A', 'C140D', 'D148B', 'A193B', 'B201A', 'D211B', 'D218B', 'B231A']	12	-9.146924391156062	-7.598518318030983	-10.367906293133274	-1.2209819019772112
ABAAABCBACABAACBDBABBDBDBBBAAACAABAAABDAABAABAAABCBAAAAACACBAABAADACCBAAAACACABBABABAAABABBAABDAABCAAAABABAAAACDCBCAAAAABBCCADAAAAAAAABDBDACBADAAABDABAAAAACBBADAAACCAAABAAABAAABAABABAABABABAAAACCAAAABAAABBBBCACDCAACDBDCCCAAAAABADDBCACAAAAABAABAAAAAAABBDBDBACCBBBA	['B111C', 'D119A', 'C122B', 'D125A', 'B201A']	5	-7.602890130830929	-8.352113493077923	-9.57746720785508	-1.2253537147771567
ABAAABCBACABABCBDBAABDBDBBBAAACBABAAABDAABAADAAABCBAAAAACACBAABAADACCBAAAACACABBABABAAABABBAABAAABCABABBABAAAABDCBCAAADABCCADDAAAAAAAABDBAACBADAAAACABAAAAACBBADAACCCAAABAAABAAABAABABAABABABAAAACCAAAABAAABBBBCACDCAABDBDCCCCAAAABADDBCACAAAAABAABAAAAAAABBDBDBACCBBBA	['A14B', 'B20A', 'A32B', 'B45D', 'D95A', 'A101B', 'A103B', 'C124A', 'D138A', 'B147A', 'D148C', 'A163C', 'B201A', 'C215B', 'A222C']	15	-9.136429731035605	-7.609659267123789	-10.368552582105622	-1.2321228510700166
ABAAABCBACABABCBDBAABDBDBBBAAACBABAAABDAABAADAAABCBAAAAACACBAABAADACCBAAAACACABBABABAAABABBAABAAABCABABBABAAAABDCBCAAADABCCADDAAAAAAAABDBAACBADAAAACABAAAAACBBADAACCCAAABAAABAAABAABABAABABABAAAACCAAAABAAABBBBCACDCAABDBDCCCCAAAABADDBCACAAAAABAABAAAAAAABBDBDBACCBBBA	['A14B', 'B20A', 'A32B', 'B45D', 'D95A', 'A101B', 'A103B', 'C124A', 'D138A', 'B147A', 'D148C', 'A163C', 'B201A', 'C215B', 'A222C']	15	-9.136429731035605	-7.609659267123789	-10.368552582105622	-1.2321228510700166
ABAAABCBACABAACBDBABBDBDBBBAAACAABAAABAAABAACAAABCBAAAAACACBAAAAADACCBACABCACABBABABAAABABBCABDAABCAAAABABAAAABDCBCAAADABCCCDDAAAAAAAABDBDACBADAAABDABAAAAACBBADAAACCAAABAAABAAABAABABAABABABAAAACCAAAABBAABBBBCACDCAACCBDCCCAAAAABADDBCADAAAAABAABAAAAAAABBDBDBACCBBBA	['D39A', 'B45C', 'B63A', 'A72C', 'A74B', 'A92C', 'D216C', 'C234D']	8	-7.612412144197151	-8.77231659507379	-10.007192323217168	-1.234875728143379
ABAAABCBACBBAACBDBABBDBCBBBAAACAABAAABDAABAABAAABCBAAAAACACBAABAADACCBAAAACACABBABABAAABABBAABDAABCABAABABAAAABDCBCAAACABCCCDDAAAAAAAABDBDACBADAAABDABBAAACCBBADAAACCAAABAAABAAABAABABAABABABAAAACCAAAABBAABBAACACDBAACDBDCCCAAAAABADDBCACAAAAABAABAAAAAAABBDBDBACCBBBA	['A11B', 'D24C', 'A101B', 'D119C', 'A151B', 'A155C', 'B206A', 'B207A', 'C212B']	9	-7.619730132399127	-10.229683427605778	-11.471877143951133	-1.242193716345355
ABAAABCBACABAACBDBABBDBDBBBAAACAABAAABDAABAABAAABCBAAAAACACBAABAADACCBADAACACABBABABAAAAABBAABDAABCAAAABABAAAAADDBCAAADABCCAADAAAAAAAABDBAACBADAAAACABAAAAACBBADAACCCAAABAAABAAABAABABAABABABAAAACCAAAABBABBBBBAACDCAACDBDCCCAAAAABADDBCADAAAAABAABAAAAAAABBDBDBACCBBBA	['A72D', 'B88A', 'B111A', 'C113D', 'C124A', 'D125A', 'D138A', 'B147A', 'D148C', 'A163C', 'A203B', 'C208A', 'C234D']	13	-8.217310569249094	-7.620067176874727	-9.459841330070049	-1.242530760820955
ABAAABCBACBBAACBDBABCDBDBBBAAACAABAAABDAABAABAAABCBAAAAACACBAABAADACCBAAAACABABBABABAAABABBAABDAABCAAAABABAAAABDCBCAAACABBCCADAAAAAAAABDBDACBADAAABDABAAAAACBBADAAACCAAABAAABAAABAABABAABABABAAAACCAAAABBAABBBBCACDCAACDBDCCCAAAAABADDBAAAAAAAABAABAAAAAAABBDBDBACCBBBA	['A11B', 'B21C', 'C77B', 'D119C', 'C122B', 'D125A', 'C232A', 'C234A']	8	-7.62072979635559	-10.367753672238905	-11.610947052540723	-1.2431933803018183
ABAAABCBACABAACBDBAABDBDBBBAAACAABAAABDAABAABAAABCBAAAAACACBAABAADACCBADAACACABBABABAAABABBAABDAABCABAABABAAAABDABCAAADABCCDBDAAAAAAAABDBDACBADAAABDABAAAAACBBADAAACCAAABAAABAAABAABABAABABABAAAACCAAAABBAAABABCACDCAACDBDCCCAAAAABADDBCACAAAAABAABAAAAAAABBDBDBACCBBBA	['B20A', 'A72D', 'A101B', 'C113A', 'C124D', 'D125B', 'B204A', 'B206A']	8	-7.6371159453410655	-7.784728008788079	-9.044307538075373	-1.2595795292872936
ABAAABCBACBBBACBDBABBDBDBBBAAAAAABAAABDAABAABAAABABAAAAAAACBAABAADACCBAAAACACABBABABAAABCBBAABDAABCAAAABABAAAABDCBCAAACABBCADDAAAAAAAABDBDADBADAAABBABAAAAACBBADAAACCAAABAAABAAABAABABAABABABAAAACCAAAABBAABBABCACDCAACDBDCCCAAAAABADDBCACAAAAABAABAAAAAAABBDBCAACCBBBA	['A11B', 'A13B', 'C31A', 'C50A', 'C57A', 'A89C', 'D119C', 'C122B', 'C124A', 'C140D', 'D148B', 'B206A', 'D255C', 'B256A']	14	-8.477049519540742	-7.6377830359269865	-9.737296139413957	-1.2602466198732145
ABAAABCBACABAACBDBABBDBDBBBAAACAABAAABDAABAABAAABCBAAAAACACBAABAADACCBAAAACACAABABABAAAAABBAABDAABCAAAABABAAAAADDBCAAADABCCAADAAAAAAAABDBAACBADAAAACABAAAAACBBADAACCCAAABAAABAAABAABABAABABABAAAACCAAAABBABBBBBAACDCAACDBDCCCAAAAABADDBCADAAAAABAABAAAAAAABBDBDBACCBBBA	['B79A', 'B88A', 'B111A', 'C113D', 'C124A', 'D125A', 'D138A', 'B147A', 'D148C', 'A163C', 'A203B', 'C208A', 'C234D']	13	-8.24982191529125	-7.658890461083502	-9.53117596032098	-1.2813540450297296
ABAAABCBACABABCBDBABBDBDBBBAAACAABAAABAAABAABAAABCBAAAAACACBAABAADACCBAAAACACABBABABAAABABBAABDAABCABAABABAAAABDCBCAAADABCCADDAAAAAAAABDBDADBADAAABBABAAAAACBBADAAACCAAABAAABAAABAABABAABABABAAAACCAAAABAAABBBBCACDCAACDBDCCCAAAAABADDBCACAAAAABAABAAAAAAABBABDBACCBBBA	['A14B', 'D39A', 'A101B', 'C124A', 'C140D', 'D148B', 'B201A', 'D253A']	8	-9.043571496149525	-7.664460506755859	-10.330495586851612	-1.2869240907020867
ABAAACCBACABABCBDBABBDBDBBBAAAAAABAAABDAABAABAAABCBAAAAACACBAABAADACCBAAAACACABBABABAAABABBAABDAABCABAABABAAAABDCBCAAADABCCCDDAAAAAAAACDBDADBADAAABBABAAAAACBBADAADCCAAABAAABAAABAABABAABABABAAACCCAAAABAAABBBBCACDCAACDBDCCCAAAAABADDBCACAAAAABAABAAAAAAABBDBDAACCBBBA	['B6C', 'A14B', 'C31A', 'A101B', 'B135C', 'C140D', 'D148B', 'A163D', 'A193C', 'B201A', 'B256A']	11	-7.670813623350114	-8.271148946601897	-9.56442615389824	-1.2932772072963417
ABAAABCBACBBAACBDBABBDBDBBBAAACAABAAABDAABAABAAABCBAAAAACACBAABAADACCBADAACACABBABABAAABABBAABDAABCABAABABAAAABDDBCAAADABCCBBDAAAAAAAABDBDACBADAAABDABBAAACCBBADCAACCAAABAAABAAABAABABAABABABAAAACCAAAABBAABBBBCACDCAACDBDCCCAAAAABADDBCACAAAAABAABAAAAAAABBDDDAACCBBBA	['A11B', 'A72D', 'A101B', 'C113D', 'C124B', 'D125B', 'A151B', 'A155C', 'A161C', 'B254D', 'B256A']	11	-7.682064771395744	-10.736358776455745	-12.040887131797717	-1.3045283553419722
ABAAABCBACABAACBABABBDBDBBBBAACAABAAABDAABAABAAABABAAAAACACBAABAADACCBAAAACACABBABABAAABABBAABDAABCAAAABABAAAABDCBCAAADABCCDDDAAAAAAAABDBDACBADAAABDABBAAACCBBADAAACCABABAAABAAABAABABAABABABAAAACCAAAABBAABBBBCACCCAACDBDCCCAAAAAAADDBCACAAAAABAABAAAAAAABBDBCAACCBBBA	['D17A', 'A28B', 'C50A', 'C124D', 'A151B', 'A155C', 'A167B', 'D211C', 'B227A', 'D255C', 'B256A']	11	-7.691628001397476	-8.363531702198088	-9.677623287541792	-1.3140915853437036
ABAAABCBACBBAACBDBAABDBDBBBAAACAABAAABDAABAABAAABCBAAAAACACBAABAADACCBAAAACACABBABABAAABABBAABDAABCABAABABAAAACDCBCAAACABBCCDDAAAAAAAABDBDACBADAAABDABAAAACCBBADAAACCAAABAAABAAABAABABAABABABAAAACCAAAABAAABBBBCACDCAACDBDCCCAAAAABADDBCACAAAAABAABAAAAAAABBDBDBACCBBBA	['A11B', 'B20A', 'A101B', 'B111C', 'D119C', 'C122B', 'A155C', 'B201A']	8	-8.25072312145494	-7.692300427064765	-9.565487132465933	-1.3147640110109933
ABAAABCBACABAACBABABBDBDBBBBAACAABAAABDAABAAAAAABCBAAAAACACBAABAADACCBAAAACACABBABABAAABABBAABDAABCAAAABABAAAABDDBCAAADABCCDADAAAAAAAABDBDACBADAAABDABAAAAAABBADAAACCAAABAAABAAABAABABAABABABAAAACCAAAABBAABBBBCACDCAACDBDCDCAAAAABADDBCACAAAAABAABAAAAAAABBDBDBACCBBBA	['D17A', 'A28B', 'B45A', 'C113D', 'C124D', 'D125A', 'C156A', 'C220D']	8	-7.704639275325462	-8.703622405708302	-10.030725264979992	-1.3271028592716902
ABAAABCBACBBAACBDBABBDBCBBBAAACAABAAABDAABAABAAABCBAAAAACACBAABAADACCBAAAACACABBABABAAABABBAABDAABCABAABABAAAABACBCAAADABCCCADAAAAAAAABDBDADBADAAABCABAAAAAABBADAACCCAAABAAABAAABAABABAABABABAAAACCAAAABBAABBBBCACDCAACDBDCCCAAAAABADDBCACAAAAABAABAAAAAAABBDBDBACCBBBA	['A11B', 'D24C', 'A101B', 'D112A', 'D125A', 'C140D', 'D148C', 'C156A', 'A163C']	9	-7.715758546954021	-10.58996148314327	-11.928183614043519	-1.3382221309002489
ABAAABCBACABAACBDBABBDBDBBBAAACAABAAABDAABAABAAABABAAAAACACBAABAADACCBAAAACACABBABABAAABABBCABDAABCAAAABABAAAABDCBCAAADABCCCADAAAAAAAACDBDACBADAAABDABAAACACBBADABACCAAABAAABAAABAABABAABABABAAAACCAAAABAAABBBBCACDCAABDBDCCCAAAAABADDBCADAAAAABAABAAAAAAABBDBDBACCBBBA	['C50A', 'A92C', 'D125A', 'B135C', 'A154C', 'A162B', 'B201A', 'C215B', 'C234D']	9	-7.7167890758719295	-9.431553897156846	-10.770806556975003	-1.3392526598181576
ABAAABCBACABAACBABABBDBDBBBAAAAAABAAABDAABAABAAABCBAAAAACACBAABAADACCBAAAACACABBABABAAABABBAABDAABCAAAABABAAAABDCBCAAADABCCDAAAAAAAAAABDBCACBADAAABDABBAAACABBADAAACCAAABAAABAAABAABABAABABABAAAACCAAAABAAABBABCACDCAACDBDCCCAAAAABADDBDACAAAAABAABAAAAAAABBDBDAACCBBBA	['D17A', 'C31A', 'C124D', 'D125A', 'D126A', 'D138C', 'A151B', 'A155C', 'C156A', 'B201A', 'B206A', 'C232D', 'B256A']	13	-7.717022568685934	-10.1369276503101	-11.476413802942261	-1.339486152632162
ABAAABCBACABAACBDBABBDBDBBBAAACAABAAABDAABAABAAABCBAAAAACACBAABAADACCBADAACACABBABABAAAAABBCABDAABCAAAABABAAAAADDBCAAADABCCAADAAAAAAAABDBDACBADAAABDABAAAAACBBADAACCCAAABAAABAAABAABABAABABABAAAACCAAAABBABBBBBAACDCAACDBDCCCAAAAABADDBCADAAAAABAABAAAAAAABBDBDBACCBBBA	['A72D', 'B88A', 'A92C', 'B111A', 'C113D', 'C124A', 'D125A', 'A163C', 'A203B', 'C208A', 'C234D']	11	-7.901602039579302	-7.736015732865781	-9.26008135639131	-1.3584793168120086
ABAAABCBACBBAACBDBABBDBDBBBAAAAAABAAAADAABAACAAABCBAAAAACACBAABAADACCBADAACACABBABADAAABABBAABDAABCAAAABABAAAABDCBCAAADABCCDDDAAAAAAAABDBDACBADAAABDABAAAAACBBADAACCCAAABAAABAAABAABABAABABABAAACCCAAAABAAABBBBCACDCAACDBDCCCAAAAABADDBCACAAAAABAABAAAAAAABBDBDBACCBBBA	['A11B', 'C31A', 'B38A', 'B45C', 'A72D', 'B84D', 'C124D', 'A163C', 'A193C', 'B201A']	10	-7.992442358983681	-7.744640275835991	-9.3595462187659	-1.367103859782219
ABAAABCBABABAACBDBABADBDBBBAAACAABAAABDAABAABAAABABAAAAACACBAABAADACCBAAABCACABBABABAAABABBCABDAABCAAAABABAAAABDCBCAAADABCCCDDAAAAAAAABDBDACBADAAABDABBAAAACBBADAAACCAAABAAABAAABAABABAABABABAAAACCAAAABBAABBBBCACCCAACDBDCCCAAAAABADDBCACAAAAABAABAAAAAAABBDBDBACCBBBA	['C10B', 'B21A', 'C50A', 'A74B', 'A92C', 'A151B', 'D211C']	7	-7.7515570253599435	-8.658191598951817	-10.032212208257988	-1.3740206093061715
ABAAACCBABABAACBDBABBDBDBBBAAACAABAAABDAABAADAAABCBAAAAACACBAABAADACCBAAAACACABBABABAAABABBAABDAABCABAABABAAAABDCBCAAACABBCADDAAAAAAAABDBDACBADAAABDABAAAAACBBADAAACCAAABAAABAAABAABABAABABABAAAACCAAAABBAABBBBCACDCAACDBDCCCAAAAABADDBCACAAAAABAABAAAAAAABBDBDBACCBBBA	['B6C', 'C10B', 'B45D', 'A101B', 'D119C', 'C122B', 'C124A']	7	-7.771014204947278	-8.533403089561034	-9.92688087845454	-1.393477788893506
ABAAACCBABABAACBDBABBDADBBBAAAAAABAAABDAABAABAAABCBAAAAACACBAABAADACCBAAAACACABBABABAAABABBAABDAABCABAABABAAAABDCBCAAADABCCADDAAAAAAAABDBDACBADAAABDABBAAACABBADAAACCAAABAAABAAABAABABAABABABAAAACCAAAABAAABBBBCACDCAACDBDCCCAAAAABADDBDACAAAAABAABAAAAAAABBDBDBACCBBBA	['B6C', 'C10B', 'B23A', 'C31A', 'A101B', 'C124A', 'A151B', 'A155C', 'C156A', 'B201A', 'C232D']	11	-7.782152759609744	-9.875942738217418	-11.28055908177339	-1.404616343555972
ABAAACCBABABAACBDBABBDADBBBAAAAAABAAABDAABAABAAABCBAAAAACACBAABAADACCBAAAACACABBABABAAABABBAABDAABCABAABABAAAABDCBCAAADABCCADDAAAAAAAABDBDACBADAAABDABBAAACABBADAAACCAAABAAABAAABAABABAABABABAAAACCAAAABAAABBBBCACDCAACDBDCCCAAAAABADDBDACAAAAABAABAAAAAAABBDBDBACCBBBA	['B6C', 'C10B', 'B23A', 'C31A', 'A101B', 'C124A', 'A151B', 'A155C', 'C156A', 'B201A', 'C232D']	11	-7.782152759609744	-9.875942738217418	-11.28055908177339	-1.404616343555972
ABAAACCBABABAACBDBABBDADBBBAAAAAABAAABDAABAABAAABCBAAAAACACBAABAADACCBAAAACACABBABABAAABABBAABDAABCABAABABAAAABDCBCAAADABCCADDAAAAAAAABDBDACBADAAABDABBAAACABBADAAACCAAABAAABAAABAABABAABABABAAAACCAAAABAAABBBBCACDCAACDBDCCCAAAAABADDBDACAAAAABAABAAAAAAABBDBDBACCBBBA	['B6C', 'C10B', 'B23A', 'C31A', 'A101B', 'C124A', 'A151B', 'A155C', 'C156A', 'B201A', 'C232D']	11	-7.782152759609744	-9.875942738217418	-11.28055908177339	-1.404616343555972
ABAAACCBABABAACBDBABBDADBBBAAAAAABAAABDAABAABAAABCBAAAAACACBAABAADACCBAAAACACABBABABAAABABBAABDAABCABAABABAAAABDCBCAAADABCCADDAAAAAAAABDBDACBADAAABDABBAAACABBADAAACCAAABAAABAAABAABABAABABABAAAACCAAAABAAABBBBCACDCAACDBDCCCAAAAABADDBDACAAAAABAABAAAAAAABBDBDBACCBBBA	['B6C', 'C10B', 'B23A', 'C31A', 'A101B', 'C124A', 'A151B', 'A155C', 'C156A', 'B201A', 'C232D']	11	-7.782152759609744	-9.875942738217418	-11.28055908177339	-1.404616343555972
ABAAACCBABABAACBDBABBDADBBBAAAAAABAAABDAABAABAAABCBAAAAACACBAABAADACCBAAAACACABBABABAAABABBAABDAABCABAABABAAAABDCBCAAADABCCADDAAAAAAAABDBDACBADAAABDABBAAACABBADAAACCAAABAAABAAABAABABAABABABAAAACCAAAABAAABBBBCACDCAACDBDCCCAAAAABADDBDACAAAAABAABAAAAAAABBDBDBACCBBBA	['B6C', 'C10B', 'B23A', 'C31A', 'A101B', 'C124A', 'A151B', 'A155C', 'C156A', 'B201A', 'C232D']	11	-7.782152759609744	-9.875942738217418	-11.28055908177339	-1.404616343555972
ABAAABCBABABAACBDBABBDBDBBBAAAAAABAAABDAABAABAAABCBAAAAACACBAABAADACCBADAACACABBABABAAABABBAABDAABCABAABABAAAABDCBCAAAAABBCCADAAAAAAAABDBDACBADAAABDABAAAAAABBADAAACCAAABAAABAAABAABABAABABABAAAACCAAAABAAABBABCACDCAACABDCCAAAAAABADDBCACAAAAABAABAAAAAAABBDBDAACCBBBA	['C10B', 'C31A', 'A72D', 'A101B', 'D119A', 'C122B', 'D125A', 'C156A', 'B201A', 'B206A', 'D216A', 'C221A', 'B256A']	13	-7.795731159625575	-9.844141202338506	-11.262335945910309	-1.418194743571803
ABAAABCBACABAACBDBABBDBDBBBAAACAABAAABDAABAABAAABCBAAAAACACBAABAADACCBADAACACABBABABAAABABBAABDAABCAAAABABAAAABBCBCAAADABCCCBDAAAAAAAABDBCACBADAAABDABAAAACCBBADAAACCABABAAABAAABAABABAABABABAAAACBAAAABBAABBBBCACDCAACDBDCCCAAAAABADDBCACAAAAABAABAAAAAAABBDBDBACCBBBA	['A72D', 'D112B', 'D125B', 'D138C', 'A155C', 'A167B', 'C195B']	7	-8.716466330224648	-7.805105300620198	-10.144035214791074	-1.4275688845664263
ABAAACCBACABAACBABABBDBDBBBAAAAAABAAABDAABAABAAABCBAAAAACACBAABAADACCBAAAACACABBABABAAABABBAABDAABCAAAABABAAAABDCBCAAADABCCDADAAAAAAAABDBDACBADAAABDABAAAAACBBADAAACCAAABAAABAAABAABABAABABABAAAACCAAAABBAABBBBCACDCAACDBDCCCAAAAABADDBAACAAAAABAABAAAAAAABBDBDBACCBBBA	['B6C', 'D17A', 'C31A', 'C124D', 'D125A', 'C232A']	6	-7.810734804486856	-8.712702689226717	-10.1459010776598	-1.433198388433084
ABAAABCBACABAACBDBABBDBDBBBAAACAABAAABDAABAABAAABABAAAAACACBAABAADACCBADAACACABBABABAAABABBAABDAABCABAABABAAAABDCBCAAADABCCCDDAAAAAAAABDBDADBADAAABBABAAABACBBADABACCAAABAAABAAABAABABAABABABAAAACCAAAABBAABBBBCACDCAACDBDCCCAAAAABADDBCACAAAAABAABAAAAAAABBDBDBACCBBBA	['C50A', 'A72D', 'A101B', 'C140D', 'D148B', 'A154B', 'A162B']	7	-7.814701701281592	-9.95217792846961	-11.38934321369743	-1.4371652852278203
ABAAACCBACABAACBDBABBDBDBBBAAAAAABAAABBAABAABAAABCBAAAAACACBAABAADACCBADAACACABBABABAAABABBAABDAABCAAAABABAAAABDCBCAAAAABBCCADAAAAAAAABDBDACBADAAABDABAAAAACBBADAAACCAAABAAABAABBAABABAABABABAAAACCAAAABBABBBBBCACDCAABDBDCCDCAAAABADDBCACAAAAABAABAAAAAAABBDBDBACCBBBA	['B6C', 'C31A', 'D39B', 'A72D', 'D119A', 'C122B', 'D125A', 'A176B', 'A203B', 'C215B', 'C221D', 'A222C']	12	-7.8180646460969	-8.137239337258507	-9.577767567301635	-1.4405282300431281
ABAAABCBACABAACBDBABBDBDBBBAAAAAABAAABDAABAADAAABCBAAAABCACBAABAADACCBADAACACABBABABAAABABBAABDAABCAAAABABAAAABDCBCAAADABCCCBDAAAAAAAABDBAACBADAAABDABAAAAACBBADAAACCABABAAABAAABAABABAABABBBAAAACCAAAABBAABBBBCACDCAACDBDCCCAAAAABADDBCACAAAAABAABAAAAAAABBDBDBACCBBBA	['C31A', 'B45D', 'A56B', 'A72D', 'D125B', 'D138A', 'A167B', 'A188B']	8	-8.431663263821974	-7.83004494337365	-9.884171791141853	-1.4525085273198783
ABAAABCBABABAACBDBABBDBDBBBAAACAABAAABDAABAABAAABCBAAAAACACBAABAADACCBADAACACABBABABAAABABBAABDAABCAAAABABAAAABDCBCAAADABCAADDBAAAAAAABDBBACBADAAABBABAAAAACBBADAAACCAAABAAABAAABAABABAABABABAAAACCAAAABBAABBBBCACDCAACDBDCCCAAAAABADDBDACAAAAABAABAAAAAAABBDBDBACCBBBA	['C10B', 'A72D', 'C123A', 'C124A', 'A127B', 'D138B', 'D148B', 'C232D']	8	-7.831979562266497	-8.89566719532013	-10.350110341532854	-1.454443146212725
ABAAABCBACABAACBDBABBDBDBBBAAACAABAAABDAABAABAAABCBAAAAACACBAABAADACCBAAAACACABBABABAAABABBAABDAABCACAABABAAAABDCBCAAADABCCDADAAAAAAAACDBDACBADAAABDABBAAACCBBADAACCCAAABAAABAAABAABABAABABABAAAACCAAAABAAABBBBCACDCAACDBDCCCAAAAABADDBCADAAAAABAABAAAAAAABBDBDAACCBBBA	['A101C', 'C124D', 'D125A', 'B135C', 'A151B', 'A155C', 'A163C', 'B201A', 'C234D', 'B256A']	10	-7.840920869028196	-10.386191619560122	-11.849576072534546	-1.4633844529744238
ABAAABCBACABAACBABAABDBDBBBAAAAAABAAABCAABAADAAABCBAAAAACACBAAAAADACCBAAAACACABBABABAAABABBAABDAABCABAABABAAAABCCBCAAADABCCADDAAAAAAAABDBDBDBADAAABBABAAAAACBBADAAACCAAABAAABAAABAABBBAABABABAAAACCAAAABAAABBBBCACDCAACDBDCCCAAAAABADDBCACAAAAABAABAAAAAAABBDBDBACCBBBA	['D17A', 'B20A', 'C31A', 'D39C', 'B45D', 'B63A', 'A101B', 'D112C', 'C124A', 'A139B', 'C140D', 'D148B', 'A181B', 'B201A']	14	-10.317063555354252	-7.844552096445113	-11.784079235745594	-1.4670156803913414
ABAAABCBACABABCBDBABBDBCBBBAAACAABAAABDAABAABAAABCBAAAAACACBAABAADACCBAAACCACABBABABAAABABBAABDAABCAAAABABAAAABBCBCAAADABCCDADAAAAAAABBABDACBADAAABDABAAAAACBBADAAACCAAABAAABAAABAABABAABABABAAAACCAAAABAAABBABCACDCAACDBDCCCAAAAABADDBCADAAAAABAABAAAAAAABBDBCAACCBBBA	['A14B', 'D24C', 'A74C', 'D112B', 'C124D', 'D125A', 'A134B', 'D136A', 'B201A', 'B206A', 'C234D', 'D255C', 'B256A']	13	-7.847211438929662	-8.950931823812425	-10.420606846688315	-1.4696750228758901
ABAAABDBACABAACBDBABBDBDBBBAAACAABAAABDAABAABAAABABAAAAACACBAABAADACCBAAAACACABBABABAAABABBAABDAABCABAABABAAAABDCBCAAADABCCCDDAAAAAAAABDBDADBADAAABBABAAAAACABABAAACCABABAAABAAABAABABAABABABAAABCDAAAABAAABBBBCACDCAACDBDCCCAAAAABADDBCACAAAAABAABAAAAAAABBDBDBACCBBBA	['C7D', 'C50A', 'A101B', 'C140D', 'D148B', 'B157A', 'D160B', 'A167B', 'A193B', 'C195D', 'B201A']	11	-7.8937336259987205	-7.850557073019445	-9.366754282964393	-1.473020656965673
ABAAACCBABABAACBDBABBDBDBBBAAACAABAAABDAABAABAAABCBAAAAACACBAABAADACCBAAAACACABBABABAAABABDAABDABBCAAAABABAAAABDCBCAAAAABBCAADAAAAAAAABDBDACBADAAABDABAAAAACBBADAAACCAAABAAABAAABAABABAABABABAAAACCAAAABBAABBBBCACDCAACDBDCBCAAAAAAADDBCADAAAAABAABAAAAAAABBDBDBACCBBBA	['B6C', 'C10B', 'B91D', 'A97B', 'D119A', 'C122B', 'C124A', 'D125A', 'C220B', 'B227A', 'C234D']	11	-7.858648429857567	-9.886672647029627	-11.367784660833422	-1.481112013803795
ABAAABCBACABABCBDBABCDBDBBBAAACAABAAABDAABAABAAABCBAAAAACACBAABAADACCBAAAACACABBABABAAABABBAABDAABCABAABABAAAABDCBCAAADABCCCDDAAAAAAAABDBDADBADAAABBABAAAAACBBADAAACCAAABAAABAAABAABABAABABABAAAACCAAAABBAABBBBCACDCAACDBDACCCAAAABADDBCACAAAAABAABAAAAAAABBDBDAACCBBBA	['A14B', 'B21C', 'A101B', 'C140D', 'D148B', 'C219A', 'A222C', 'B256A']	8	-7.866462226724252	-8.26752543123439	-9.75645124190487	-1.4889258106704801
ABBAABCBACABAACBDBABBDBDBBBAAACAABAAABDAABAABAAABCBAAAAACACBAABAADACCBAAAACACABBABABAAABABBAABDAABCABAABABAAAABDCBCAAADABCCCDDAAAAAAAABDBDADBADAAABCABAAAAAABBADAAACCAAABAAABAAABAABABAABABABAAAACCAAAABBAABBBBAACDCAACDBDCCCAAAAABADDBCACAAAAABAABAAAAAAABBDBDBACCBBBA	['A3B', 'A101B', 'C140D', 'D148C', 'C156A', 'C208A']	6	-7.8713319771923125	-8.598039278294891	-10.091834839433432	-1.4937955611385405
ABAAABCBACABAACBDBABBDBDBBBAAACAABAAABDAABAABAAABCBAAAAACACBAABAADACCBAAAACACABBABABAAABABBAABDAABCABAABABAAAABDCBCAAADABCCCDDAAAAAAAABDBDADBADAAABCABAAAAAABBADAAACCAAABAAABAAABAABABAABABABAAAACCAAAABBAABBBBAACDCAACDBDCCCAAAAABADDBCACAAAAABAABAAAAAAABBDBDBACCBBBA	['A101B', 'C140D', 'D148C', 'C156A', 'C208A']	5	-7.887191640678793	-8.490987973753363	-10.000643198378384	-1.5096552246250212
ABAAABCBACABAACBDBABBDBDBBBAAACAABAAABDAABAABAAABCBAAAAACACBAABAADACCBAAAACACABBABABAAABABBAABDAABCABAABABAAAABDCBCAAADABCCCDDAAAAAAAABDBDADBADAAABBABAAAAACBBADAAACCAAABAAABAAABAABABAABABABAAACCCAAAABBAABBABCACDCAACDBDCCCAAAAABADDBCACAAAAABAABAAAAAAABBDBDBACCBBBA	['A101B', 'C140D', 'D148B', 'A193C', 'B206A']	5	-8.294030172517523	-7.916531002614647	-9.833024759078398	-1.5389945865608752
ABAAABCBACABBBCBDBABBDBDBBBAAACAABAAABDAABAABAAABCBAAAAACACBAABAADACCBAAAACACABBABABAAABABBAABDAABCAAAABABAAAABDCBCAAADABCCDDDAAAAAAAABDBDADBADAAABBABAAACACBBADAAACCAAABAAABAAABAABABAABABABAAAACCAAAABAAABBBBCACCCAACDBDCCCAAAAABADDBCACAAAAABAABAAAAAAABBDBDAACCBBBA	['A13B', 'A14B', 'C124D', 'C140D', 'D148B', 'A154C', 'B201A', 'D211C', 'B256A']	9	-8.713431052630767	-7.925292293075472	-10.261186929652467	-1.5477558770217001
ABAAABCBABABAACBDBABBDBDBBBAAACAABAAABDAABAABAAABCBAAAAACACBAABAADACCBAAAACACABBABABAAABABBAABDAABCAAAABABAAAABDCBCAAAAABBCDADAAAAAAAABDBDACBADAAABDABAAACCCBBADAAACCAAABAAABAAABAABABAABABABAAAACCAAAABBAABBBBCACCCAACDBDCCCAAAAABADDBCACAAAAABAABAAAAAAABBDBDBACCBBBA	['C10B', 'D119A', 'C122B', 'C124D', 'D125A', 'A154C', 'A155C', 'D211C']	8	-7.951984135201201	-9.072239436965901	-10.64668715611333	-1.5744477191474289
ABAAABCBACBBAACBDBAABDBDBBBAAACAABAAABDAABAABAAABCBAAAAACACBAABAADACCAAAAACACABBABABAAABABBAABDAABCABAABABAAAABDCBCAAABABCCDDDAAAAAAAABDBDADBADAAABBABAAAAACBBADAAACCAAABAAABAAABAABABAABABABAAACCDAAAABBAABBABCACDCAACDBCCCCAAAAABADDBCACAAAAABAABAAAAAAABBDBDBACCBBBA	['A11B', 'B20A', 'B70A', 'A101B', 'D119B', 'C124D', 'C140D', 'D148B', 'A193C', 'C195D', 'B206A', 'D218C']	12	-7.958845833083615	-8.773189132101834	-10.354498549131677	-1.5813094170298427
ABAAABCBACABAACBABABBDBDBBBBAACAABAAABDAABAABAAABCBAAAAACACBAABAADACCBADAACACABBABABAAABABBAABDAABCAAAABABAAAABDCBCAAADABCCBDDAAAAAAAABDBDADBADAAABBABAAAAACBBADAAACCAAABAAABAAABAABABAABABABAAAACCAAAABBAABBBBBACDCAACDBDCCCAAAAABADDBCACAAAAABAABAAAAAAABBDBDBACCBBBA	['D17A', 'A28B', 'A72D', 'C124B', 'C140D', 'D148B', 'C208B']	7	-9.043027074983911	-7.959812714252621	-10.62530337318276	-1.582276298198849
ABAAABCBACBBAACBDBABBDBDBBBAAACBABAABBDAABAABAAABCBAAAAACACBAABAADACCBAAAACACABBABABAAABABBAABDAABCABAABABAAAABDCBCAAADABCCCDDAAAAAAAABDBDADBADAAABCABAAAAACBBADAAACCAAABAAABAAABAABABAABABABAAAACCAAAABAAABBBBCACDCAACDBDCCCAAAAABADDBAACAAAAABAABAAAAAAABBDBDAACCBBBA	['A11B', 'A32B', 'A37B', 'A101B', 'C140D', 'D148C', 'B201A', 'C232A', 'B256A']	9	-8.790722532896325	-7.966157305520028	-10.379343422362581	-1.588620889466256
ABAAABCBACABAACBDBABBDBDBBBAAACBABAAABDAABAACAAABCBAAAAACACBAABAADACCBADAACACABBABABAAABABBAABDAABCAAAABABAAAABDCBCAAADABCCCDDAAAAAAAABDBDACBADAAABDABAAAACCBBADAAACCAAABAAABAAABAABABAABABABAAAACCAAAABAAABAABCACDBAACDBDBCDCAAAABADDBCACAAAAABAABAAAAAAABBDBABACCBBBA	['A32B', 'B45C', 'A72D', 'A155C', 'B201A', 'B205A', 'B206A', 'C212B', 'C219B', 'C221D', 'A222C', 'D255A']	12	-9.910633211256936	-7.967365738004446	-11.50046253320761	-1.589829321950674
ABAAABCBACBBAACBDBAABDBDBBBAAACAABAAABDAABAABAAABCBAAAAACACBAABAADACCBAAABCACABBABABAAABABBAABDAABCABAABABAAAABDCBCAAACABBCADDAAAAAAAABDBDACBADAAABDABBAAACCBBADAAACCAAABAAABAAABAABABAABABABAAAACDAAAABBABBBBBCACDCAACDBDCCCAAAAAAADDBCACAAAAABAABAAAAAAABBDBCAACCBBBA	['A11B', 'B20A', 'A74B', 'A101B', 'D119C', 'C122B', 'C124A', 'A151B', 'A155C', 'C195D', 'A203B', 'B227A', 'D255C', 'B256A']	14	-7.970389306778088	-9.050788808905054	-10.64364169962937	-1.5928528907243162
ABAAABCBACABAACBDBABBDBDBBBAAACAABAAABDACBAABAAABCBAAAAACACBAABAADACCBAAAACACABBABABAAABABBAABDAABCAAAABABAAAABDCBCAAADABCCADDAAAAAAAABDBDADBADAAABBABAAAAACBBADAAACCAAABAAABAAABAABABAABABABAAACCCAAAABAAABBBBAACDBAACABCCCCAAAAABADDBCACAAAAABAABAAAAAAABBDBDBACCBBBA	['A41C', 'C124A', 'C140D', 'D148B', 'A193C', 'B201A', 'C208A', 'C212B', 'D216A', 'D218C']	10	-8.11864858539775	-7.973261083010584	-9.714373252354562	-1.5957246669568121
ABAAABCBACBBAACBDBABBDBDBBBAAACAABAAABDAABAABAAABABAAAAACACBAABAADACCBAAAACACABBABABAAABABBAABDAABCAAAABABAAAABDCBCAAADABCCCDDAAAAAAAABDBDADBADAAABBABAAAAACBBADAAACCAAABAAABAAABAABABAABABABAAACCCAAAABAAABBBBCACDCAACDBDCCCAAAAABADDBCACAAAAABAABAAAAAAABBDBDAACCBBBA	['A11B', 'C50A', 'C140D', 'D148B', 'A193C', 'B201A', 'B256A']	7	-8.168605212820694	-7.978926890529692	-9.769995687296614	-1.6013904744759202
ABAAABCBACABAACBABABBDBDBBBAAAAAABAAABDAABAABAAABCBAAAAACACAAABAADACCBAAAACACABBABABAAABABBAABDAABCAAAABABAAAABDCBCAAADABCCDADAAAAAAAABDBDACBADAAABDABAAAAACBBADAAACCAAABAAABAAABAABAAAABABABAAAACCAAAABBAABBBBCACDCAACDBDCCCAAAAAAADDBCACAAAAABAABAAAAAAABBBBDAACCBBBA	['D17A', 'C31A', 'B60A', 'C124D', 'D125A', 'B182A', 'B227A', 'D253B', 'B256A']	9	-7.982098893960938	-8.518623119685799	-10.123185597592965	-1.6045624779071659
ABAAABCBACABAACBDBABBDDDBBBAAACAABAAABDAABAABAAABCBAAAAACACBAABAADACCBAAABCACABBABABAAABABBAABDAABCABAABABAAAABDCBCAAADABCCCDDAAAAAAAABDBDADBADAAABBABAAAAACBBADAAACCAAABAAABAAABAABABAABABABAAAACCAAAABBAABBBBCACDCAACDBDCCCAAAAABADDBCACAAAAABAABAAAAAAABBDBDBACCBBBA	['B23D', 'A74B', 'A101B', 'C140D', 'D148B']	5	-7.983588156988844	-8.906959237487172	-10.513010978422244	-1.6060517409350723
ABAAABCBACABAACBDBABBDDDBBBAAACAABAAABDAABAABAAABCBAAAAACACBAABAADACCBAAABCACABBABABAAABABBAABDAABCABAABABAAAABDCBCAAADABCCCDDAAAAAAAABDBDADBADAAABBABAAAAACBBADAAACCAAABAAABAAABAABABAABABABAAAACCAAAABBAABBBBCACDCAACDBDCCCAAAAABADDBCACAAAAABAABAAAAAAABBDBDBACCBBBA	['B23D', 'A74B', 'A101B', 'C140D', 'D148B']	5	-7.983588156988844	-8.906959237487172	-10.513010978422244	-1.6060517409350723
ABAAABCBACABAACBABABBDBDBBBAAACAABAAABDAABAABAAABCBAAAAACACBAABAADACCBADAACACABBABAAAAABABBAABDAABCABAABABAAAABBCBCAAADABCCADDAAAAAAAABDBDADBADAAABBABAAACACBBADAAACAAAABAAABAAABAABABAABABABAAAACCAAAABBAABBBBCACDCAACDBDCCCAAAAABADDBCAAAAAAABAABAAAAAAABBDBDBACCBBBA	['D17A', 'A72D', 'B84A', 'A101B', 'D112B', 'C124A', 'C140D', 'D148B', 'A154C', 'C165A', 'C234A']	11	-7.9850828654598445	-10.252898537088186	-11.860444986494258	-1.6075464494060725
ABAAABCBACABAACBDBABBDBDBBBAAACAABAAABDAABAABAAABCBAABAACACBAABAADACCBAAAACACAABABABAAABABBAABDAABCAAAABABAAAABDCBCAAADABCCADDAAAAAAAABCBAABBADAAABCABAAAAACBBADAAACCAAABAAABAAABAABABAABABABAAAACCAAAABBAABBBBBACDCAACDBDCCCAAAAABADDBCAAAAAAABAABAAAAAAABBDBDBACABBBA	['A54B', 'B79A', 'C124A', 'D136C', 'D138A', 'C140B', 'D148C', 'C208B', 'C234A', 'C259A']	10	-7.985522686503828	-8.597236656583846	-10.205222927033901	-1.6079862704500556
ABAAABCBACBBAACBDBABBDBDBBBBAACAABAAABDAABAADAAABCBAAAAACACBAABAADACCBAAAACACABBABABAAABABBAABDAABCABAABABAAAABDCBCAAADABCCDDDAAAAAAAABDBDADBADAAABBABAAAAACBBADAAACCAAABAAABAAABAABABAABABABAAACCCAAAABBAABBBBCACDCAACDBDCCCAAAAABADDBCACAAAAABAABAAAAAAABBDBDAACCBBBA	['A11B', 'A28B', 'B45D', 'A101B', 'C124D', 'C140D', 'D148B', 'A193C', 'B256A']	9	-7.991485025500879	-9.744913733564317	-11.358862343011424	-1.6139486094471067
ABAAABCBACABAABADBABBDBDBBBAAACAABAAABDAABAABAAABCBAAAAACACBAABAADACCBADAACACABBABABAAAAABBAABDAABCABAABABAAAABDCBCAAADABBCCADAAAAAAAACDBDADBADAAABBABAAAAACBBADAAACCAAABAAABAAABAABBBAABABABAAAACCAAAABAAABBBBCACDCAACDBDCCCAAAAABADDBCAAAAAAABAABAAAAAAABBDBDBACCBBBA	['C15B', 'B16A', 'A72D', 'B88A', 'A101B', 'C122B', 'D125A', 'B135C', 'C140D', 'D148B', 'A181B', 'B201A', 'C234A']	13	-8.005452748620883	-12.859376300417352	-14.487292632984463	-1.6279163325671107
ABAAABCBACABABCBDBABBDBDBBBAAACAABAAABDAABAABAAABCBAAAAACACBAAAAADACCBAAAACACABBABABAAABABBAABDAABCABAABABAAAABACBCAAADABCCCDDAAAAAAAABDBDADBADAAABBABAAAAACBBADAAACCAAABAAABAAABAABABAABABABAAACCCAAAABBAABBBBCACDCAACDBDCCCAAAAABADDBCACAAAAABAABAAAAAAABBDBDBACCBBBA	['A14B', 'B63A', 'A101B', 'D112A', 'C140D', 'D148B', 'A193C']	7	-8.0184327296447	-8.065392248798162	-9.70628856238909	-1.640896313590929
ABAAABCBACABAACBABABBDBDBBBAAACAABAAABDAABAABAAABCBAAAAACACBAABAADACCBAAAACACABBABABAAABABBAABDAABCABAABABAAAABDCBCAAADABCCADDAAAAAAAABDBDADBADAAABBABAAAAACBBADAAACCAAABAAAAAABBAABABAABABABAAAACCAAAABBAABBBBCACDCAACDBDCCCAAAAABADDBCACAAAAABAABAAAAAAABBDBDBACCBBBA	['D17A', 'A101B', 'C124A', 'C140D', 'D148B', 'B173A', 'A176B']	7	-8.502143301768228	-8.03657490061596	-10.161181786330417	-1.6590384845621884
ABAAACCBABABAACBABABBDDDBBBAAACAABBAABBAABAADAAABABAAAAACACBAABAADACCBAAAACACABBABABAAABABBAABDAABCAAAABABAAAABDCBCAAADABCCCDDAAAAAAAABDBDACBADAAABDABAAAAACBBADAAACCAAABAAABAAABAABABAABABABAAAACCAAAABAAABBBBCACDCAACDBDCCCAAAAABADDBCACAAAAABAABAAAAAAABBDBDBACCBBBA	['B6C', 'C10B', 'D17A', 'B23D', 'A35B', 'D39B', 'B45D', 'C50A', 'B201A']	9	-9.019202762050554	-8.036673332520877	-10.67833967851766	-1.659136916467105
ABAAABCBABBBAACBDBABBDBDBBBAAACAABAAABDAABAABAAABCBAAAAACACBAABAADACCBAAAACACABBABABAAABABCAABDAABCABAABABAAAAADCBCAAADABCCDDDAAAAAAAABDBDADBADAAABBABAAAAACBBADAAACCAAABAAABAAABAABABAABABABAAAACCAAAABBAABBBBCACDCAACDBDCCCAAAAABADDBCACAAAAABAABAAAAAAABBDBDBACCBBBA	['C10B', 'A11B', 'B91C', 'A101B', 'B111A', 'C124D', 'C140D', 'D148B']	8	-8.051702289609239	-8.879676603712142	-10.553842477267608	-1.6741658735554665
ABAAABCBACABAACBABABBDBDBBBAAACAABAAABDAABAABAAABCBAAAAACACBAABAADACCBADAACACABBABABAAABABBAABDAABCAAAABABAAAABDCBCAAADABCCADDAAAAAAAABDBDADBADAAABBABAAACCCBBADAAACCAAABBAABAAABAABABAABABABAAAACCAAAABAAABBBBCACDCAACDBDCCCAAAAABADDBCACAAAAABAABAAAAAAABBDBDBACCBBBA	['D17A', 'A72D', 'C124A', 'C140D', 'D148B', 'A154C', 'A155C', 'A170B', 'B201A']	9	-9.315175739815459	-8.056884170509875	-10.994523494271562	-1.6793477544561028
ABAAABCBACBBBACBDBAABDBDABBAAAAAABAAABDAABAABAAABCBAAAAACACBAABAADACCBAAAACACABBABABAAABABBAABDAABCAAAABABAAAABACBCAAADABCCAADAAAAAAAABDBDADBADAAABBABAAAAACBBADAAACCAAABAAABAAABAABABAABABABAAAACCAAAABAAABABBBACDCAABDBDCCCAAAAABADDACACAAAAABAABAAAAAAABBDDBBABCBBBA	['A11B', 'A13B', 'B20A', 'B25A', 'C31A', 'D112A', 'C124A', 'D125A', 'C140D', 'D148B', 'B201A', 'B205A', 'C208B', 'C215B', 'B231A', 'B254D', 'D255B', 'C258B']	18	-8.065319036599249	-9.519086133688688	-11.206868754234165	-1.6877826205454767
ABAAABCBACBBAACBDBABBDBDBBBAAACAABAAABDAABAABAAABCBAAAAACACBAABAADACCBAAAACACABBABABAAABABBAABDAABCAAAABABAAAACDCBCAAADABCCDDDAAAAAAAABDBDAABADAAABCABAAAAACBBADAAACCABABAAABAAABAABABAABABABAAAACCAAAABBAABBBBCACDCAACDBDCCCAAAAABADDBCACAAAAABAABAAAAAAABBDBDBACCBBBA	['A11B', 'B111C', 'C124D', 'C140A', 'D148C', 'A167B']	6	-8.304138933075592	-8.066962614189833	-9.993565131211653	-1.6894261981360614
ABAAABCBACABAACBABABBDBDBBBBAACAABAAABAAABAABAAABCBAAAAACACBAABAADACCBAAAACACABBABABAAABABBAABDAABCAAAABABAAAABDCBCAAACABBCAADAAAAAAAABDBDADBADAAABBABAAAAACBBADAAACCAAABAAABAAABAABABAABABABAAAACCAAAABBAABBBBCACDCAACDBDCCCAAAAABADDBCACAAAAABAABAAAAAAABBDBDBACCBBBA	['D17A', 'A28B', 'D39A', 'D119C', 'C122B', 'C124A', 'D125A', 'C140D', 'D148B']	9	-8.06813970929943	-8.66990058805095	-10.360503881296609	-1.6906032932456583
ABAAABCBACABAACBDBABBDBDBBBAAACAABAAABDAABAABAAABCBAAAAACACBAABAADACCBADABCACABBABABAAABABBAABDAABCBBAABABAAAACDCBCAAACABCCAADAAAAAAAABDBDADBADAAABCABAAAAACABADAAACCAAABAAABAAABAABABAABABABAAAACCAAAABBAABBBBCACDCAACDBDCCCAAAAABADDBCACAAAAABAABAAAAAAABBDBDBACCBBBA	['A72D', 'A74B', 'A100B', 'A101B', 'B111C', 'D119C', 'C124A', 'D125A', 'C140D', 'D148C', 'B157A']	11	-8.07107654842548	-9.917843259871006	-11.611383392242715	-1.6935401323717088
ABAAABCBACABAACBABABBDBDBBBAAAAAABAAABDAABAADAAABCBAAAAACACBAABAADACCBAAAACACABBABABAAABABBAABDAABCABAABABAAAABDDBCAAADABCCAADAAAAAAAABDBDADBADAAABBABAAAAACBBADAACCCAAABAAABAAABAABBBAABABABAAAACCAAAABAAABBBBCACDCAACDBDCCCAAAAABADDBCACAAAAABAABAAAAAAABBDBDBACCBBBA	['D17A', 'C31A', 'B45D', 'A101B', 'C113D', 'C124A', 'D125A', 'C140D', 'D148B', 'A163C', 'A181B', 'B201A']	12	-8.084889793535694	-9.910746314097196	-11.618099691579118	-1.7073533774819225
ABAAABCBACABABCBDBABBDBDBBBAAAAAABAAABDAABAABAAABCBAAAAACACBAABAADACCBAAAACACABBABABAAABABBAABDAABCABAABABAAAABCCBCAAADABCCAADAAAAAAABCABDACBADAAABDABAAAAACBBADAAACCAAABAAABAAABAABABAABABABAAAACCAAAABBAABBABCACDCAACDBDCCCAAAAABADDBCADAAAAABAABAAAAAAABBDBDBACCBBBA	['A14B', 'C31A', 'A101B', 'D112C', 'C124A', 'D125A', 'A134B', 'B135C', 'D136A', 'B206A', 'C234D']	11	-8.09589909366332	-8.77211029222235	-10.490472969831899	-1.718362677609548
ABAAABCBACABABCBDBAABDBDBBBAAACBABAAABDAABAAAAAABCBAAAAACACBAABAADACCBAAAACACABBABABAAABABBAABDAABCACAABABAAAABDCBCAAADABCCCDDAAAAAAAABBBCACBADAAABDABBAAACCBBADAABCCAAABAAABAAABAABABAABABABAAAACCAAAABAAABBABCACDCAACDBDCDCAAAAABADDBCACAAAAABAABAAAAAAABBDBDBACCBBBA	['A14B', 'B20A', 'A32B', 'B45A', 'A101C', 'D136B', 'D138C', 'A151B', 'A155C', 'A163B', 'B201A', 'B206A', 'C220D']	13	-9.9082885410171	-8.10102431831183	-11.631776443275157	-1.7234879022580571
ABAAABCBACABAACBDBABBDBDBBBAAACAABAAABDAABAABAAABCBAAAAACACBAABAADACCBAAAACACABBABABAAABABBAABDAABCAAAABABAAAABDCBCAAADABCCCDDAAAAAAAABDBDADBADAAABBABAAAAACBBADAAACCAAABAAABAAABAABABAABABABAAAACCAAAABBAABBBBCACDCAACDBDCCCAAAAABADDBCACAAAAABAABAAAAAAABBDDDBACCBBBA	['C140D', 'D148B', 'B254D']	3	-8.109865320613608	-8.725663774181157	-10.457992678740993	-1.7323289045598358
ABAAABCBACABAACBDBABBDBDBBBAAACAABAAABDAABAABAAABCBAAAAACACBAABAADACCBAAAACACABBABABAAABABBCABDAABCABAABABAAAABCCBCAAADABCCCDDAAAAAAAABDBDACBADAAABDABAAAAACBBADAAACCAAABAAABAAABAABABAABABABAAAACCAAAABBAABBBBCACDCAACDBDCDCAAAAABADDBCACAAAAABAABAAAAAAABBABDBACCBBBA	['A92C', 'A101B', 'D112C', 'C220D', 'D253A']	5	-9.662627454148605	-8.111909638624638	-11.397000676719472	-1.7343732225708663
ABAAABCBACBBAACBDBABBDBCBBBAAACAABAAABDAABAABAAABABAAAAACACBAABAADAACBAAACCACABBABABAAABABBAABDAABCAAAABABAAAABBDBCAAACABBCDDDAAAAAAAABDBDACBADAAABDABBAAACCABABAAACCAAABAAABAAABAABABAABABABAAAACCAAAABAAABBABAACDBAACDBDCCCAAAAABADDBCACAAAAABAABAAAAAAABBDBDBACCBBBA	['A11B', 'D24C', 'C50A', 'C68A', 'A74C', 'D112B', 'C113D', 'D119C', 'C122B', 'C124D', 'A151B', 'A155C', 'B157A', 'D160B', 'B201A', 'B206A', 'C208A', 'C212B']	18	-8.138859944418073	-9.097053211473394	-10.858376739837695	-1.7613235283643007
ABAAABCBACABAACBABABBDBDBBBAAACAABAAABDAABAABAAABCBAAAAACACBAABAADACCBAAAACACABBABABAAABABBAABDAABCAAAABABAAAABDCBCAAADABCCDADAAAAAAAABDBAADBADAAABBABAAACACBBADAAACAAAABAAABAAABAABABAABABABAAAACCAAAABBAABBBBCACDCAACDBDCCCAAAAABADDBCACAAAAABAABAAAAAAABBDBDBACCBBBA	['D17A', 'C124D', 'D125A', 'D138A', 'C140D', 'D148B', 'A154C', 'C165A']	8	-8.140853223623708	-9.45399152347818	-11.217308331048116	-1.763316807569936
ABAAABCBACABAACBDBABBDBDBBBAAACAABAAABDAABAABAAABCBAAAAACACBAABAADACCBAAAACACABBABABAAABABBAABDAABCAAAABABAAAABDCBCAAADABCCADDAAAAAAAABDBBADBADAAABBABAAACACBBADAAACCAAABAAABAAABAABABAABABABAAACCCAAAABAAABBBBAACDCAACDBDCCCAAAAABADDBCACAAAAABAABAAAAAAABBDBDBACCBBBA	['C124A', 'D138B', 'C140D', 'D148B', 'A154C', 'A193C', 'B201A', 'C208A']	8	-8.624773165211082	-8.147663828451186	-10.394900577608496	-1.7701274123974144
ABAAADBBACBBABCBDBABBDBDBBBAAAAAABAAABDAABAABAAABABAAAAACACBAABAADACCBAAAACACABBABABAAABABBAABDAABCAAAABABAAAABDDBCAAADABCCCADAAAAAAAABDBDACBADAAABDABBAAACCBBADAAACCAAABAAABAAABAABABAABABABAAAACCAAAABAAABBBBCACDCAACDBDCCCAAAAABADDBCACAAAAABAABAAAAAAABBDBDAACCBBBA	['B6D', 'C7B', 'A11B', 'A14B', 'C31A', 'C50A', 'C113D', 'D125A', 'A151B', 'A155C', 'B201A', 'B256A']	12	-8.180509648052976	-8.936349267605692	-10.739322499604896	-1.8029732319992036
ABAAABCBACABAACBDBABBDBDBBBAAACAABAAABDAABAABAAABABAAAAACACBAABAADACCBAAAACACABBABABAAABABBAABDAABCAAAABABAAAABDDBCAAADABCCDADAAAAAAAABDBBADBADAAABBABAAABACBBADAAACCABABAAABAAABAABABAABABABAAAACCAAAABAAABBBBCACDCAACDBDCCCAAAAABADDBCACAAAAABAABAAAAAAABBDBDBACCBBBA	['C50A', 'C113D', 'C124D', 'D125A', 'D138B', 'C140D', 'D148B', 'A154B', 'A167B', 'B201A']	10	-8.18638197123073	-10.157640673685819	-11.966486228862777	-1.8088455551769584
ABAAABCBACABAACBDBABBDBDBBBAAACAABAAABDAABAABAAABABAAAAACACBAABAADACCBAAAACACABBABABAAABABBAABDAABCAAAABABAAAABDDBCAAADABCCDADAAAAAAAABDBBADBADAAABBABAAABACBBADAAACCABABAAABAAABAABABAABABABAAAACCAAAABAAABBBBCACDCAACDBDCCCAAAAABADDBCACAAAAABAABAAAAAAABBDBDBACCBBBA	['C50A', 'C113D', 'C124D', 'D125A', 'D138B', 'C140D', 'D148B', 'A154B', 'A167B', 'B201A']	10	-8.18638197123073	-10.157640673685819	-11.966486228862777	-1.8088455551769584
ABAAABCBACABAACBDBABBDBDBBBAAACAABAAABDAABAABAAABABAAAAACACBAABAADACCBAAAACACABBABABAAABABBAABDAABCAAAABABAAAABDDBCAAADABCCDADAAAAAAAABDBBADBADAAABBABAAABACBBADAAACCABABAAABAAABAABABAABABABAAAACCAAAABAAABBBBCACDCAACDBDCCCAAAAABADDBCACAAAAABAABAAAAAAABBDBDBACCBBBA	['C50A', 'C113D', 'C124D', 'D125A', 'D138B', 'C140D', 'D148B', 'A154B', 'A167B', 'B201A']	10	-8.18638197123073	-10.157640673685819	-11.966486228862777	-1.8088455551769584
ABAAABCBACABAACBDBABBDDDBBBAAACAABAAABDAABAABAAABCBAAAAACACBAABAADACCBADAACACABBABABAAABABBAABDAABCAAAABABAAAABDCBCAAADABCCCDDAAAAAAAABDBDADBADAAABCABAAAAACBBADAAACCAAABAAABAAABAABABAABABABAAAACCAAAABBAABBBBCACBCAACDBDCCCAAAAABADDBCACAAAAABAABAAAAAAABBDBDBACCBBBA	['B23D', 'A72D', 'C140D', 'D148C', 'D211B']	5	-8.938288060715422	-8.211339294866775	-10.772090939528425	-1.8338028788130032
ABAAABCBACBBAACBDBABBDBCABBAAACAABAAABDAABAABAAABABAAAAACACBAABAADACCBAAAACACABBABABAAABABBAABDAABCAAAABABAAAACDCBCAAADABCCCDDAAAAAAAABDBDADBADAAABBABAAAAACBBADAAACCAAABAAABAAABAABABAABABABAAAACCAAAABBABBBBBCACDCAACDBDCCCAAAAABADDBCACAAAAABAABAAAAAAABBDBDBACCBBBA	['A11B', 'D24C', 'B25A', 'C50A', 'B111C', 'C140D', 'D148B', 'A203B']	8	-8.224659890169278	-8.592772227711976	-10.439895701827481	-1.8471234741155058
ABAAABCBACABAACBABABBDBDBBBAAACAABAAABDAABAABAAABCBAAAAACACBAABAADACCBAAAACACABBABABAAABABBAABDAABCAAAABABAAAABDCBCAAADABCCDADAAAAAAAABDBDADBADAAABBABAAACACBBADAAACAAAABAAABAAABAABABAABABABAAAACCAAAABBAABBBBCACDCAACDBDCCCAAAAABADDBCACAAAAABAABAAAAAAABBDBDBACCBBBA	['D17A', 'C124D', 'D125A', 'C140D', 'D148B', 'A154C', 'C165A']	7	-8.234486933564767	-9.852461815346032	-11.709412332857028	-1.8569505175109953
ABAAABCBACABAACBDBABBDBDBBBAAACAABAAABDAABAABAAABCBAAAAACACBAABAADACCBADAACACABBABABAAABABBAABDAABCABAABABAAAABDCBCAAACABCCCDDAAAAAAAABBBDACBADAAABDABAAAACCBBADAAACCAAABAAABAAABAABABAABABBBAAAACCAABABAAABBBBCACDCAACDADCCCAAAAABADDBCACAAAAABAABAAAAAAABBDBDAACCBBBA	['A72D', 'A101B', 'D119C', 'D136B', 'A155C', 'A188B', 'A198B', 'B201A', 'B217A', 'B256A']	10	-8.3275329337921	-8.236556254327297	-10.186552772065625	-1.8590198382735252
ABAAABCBACABAACBDBABBDBDBBBAAACAABAAABDAABAABAAABCBAAAAACACBAABAACACCBAAAACACABBABABAAABABBAABDAABCAAAABABAAAABACBCAAADABCCCAAAAAAAAAABDBDACBADAAABDABAAACACBBADAAACCAAABAAABAAABAABABAABABABAAAACCAAAABBAABBBBCACDCAACDBDCCCAAAAABADDBCADAAAAABAABAAAAAAABBDBDBACCBBBA	['D66C', 'D112A', 'D125A', 'D126A', 'A154C', 'C234D']	6	-8.241495119640604	-9.03716360242106	-10.901122306007892	-1.8639587035868317
ABAAABCBACABAACBDBABBDBDABBAADCAABAAABAAABAABAAABCBAAAAACACBAABAADACCBAAAACACABBABABAAABABBAABDAABCAAAABABAAAABDCBCAAADABCCDADAAAAAAAABDBDADBADAAABBABAAAAACBBADAAACCAAABAAABAAABAABABAABABABAAAACCAAAABAAABBABCACDCAACDBDCBCAAAAABADDBCACAAAAABAABAAAAAAACBDBDBACCBBBA	['B25A', 'A30D', 'D39A', 'C124D', 'D125A', 'C140D', 'D148B', 'B201A', 'B206A', 'C220B', 'B251C']	11	-8.24895957694389	-9.93770503802807	-11.809128198918188	-1.8714231608901173
ABAAABCBACABAACBDBABBDBDABBAADCAABAAABAAABAABAAABCBAAAAACACBAABAADACCBAAAACACABBABABAAABABBAABDAABCAAAABABAAAABDCBCAAADABCCDADAAAAAAAABDBDADBADAAABBABAAAAACBBADAAACCAAABAAABAAABAABABAABABABAAAACCAAAABAAABBABCACDCAACDBDCBCAAAAABADDBCACAAAAABAABAAAAAAACBDBDBACCBBBA	['B25A', 'A30D', 'D39A', 'C124D', 'D125A', 'C140D', 'D148B', 'B201A', 'B206A', 'C220B', 'B251C']	11	-8.24895957694389	-9.93770503802807	-11.809128198918188	-1.8714231608901173
ABAAABCBABABAACBDBABBDBDBBBAAACAABAAABDAABAABAAABCBAAAAACAABAABAADACCBAAAACACABBABABAAABABBAABDAABCAAAABABAAAABDCBCAAACABDCAADAAAAAAAABDBDADBADAAABBABAAAAACBBADAAACCAAABAAABAAABAABABAABABABAAAACCAAAABBAABBBBCACDCAACDBCCCCAAAAABADDBCACAAAAABAABAAAAAAABBDBDBACCBBBA	['C10B', 'C59A', 'D119C', 'C122D', 'C124A', 'D125A', 'C140D', 'D148B', 'D218C']	9	-8.251163778593764	-8.611372377723455	-10.484999740263447	-1.8736273625399917
ABAAABCBABABAACBDBABBDBDBBBAAAAAABAAABDAABAABAAACCBAAAAACACBAABAADACCBADAACACABBABABAAABABBAABDAABCAAAABABAAAABACBCAAADABCCADDAAAAAAAABDBAADBADAAABBABAAAAAABBADAAACAAAABAAABAAABAABABAABABABAAAACCAAAABBAABBBBCACDCAACDBDCCCAAAAABADDBCACAAAAABAABAAAAAAABBDBDBACCBBBA	['C10B', 'C31A', 'B49C', 'A72D', 'D112A', 'C124A', 'D138A', 'C140D', 'D148B', 'C156A', 'C165A']	11	-8.260003506438807	-8.440998130012304	-10.323465220397338	-1.8824670903850347
ABAAABCBACABABCBDBABBDBDBBBAAACAABAAABDAABAABAAABCBAAAAACACBAABAADACCBAAAACACABBABABAAABABBAABDAABCABAABABAAAABACBCAAADABCCCDDAAAAAAAABDBDADBADAAABBABAAAAACBBADAAACCAAABAAABAAABAABABAABABABAAACCCAAAABBAABBBBCACDCAACDBDCCCAAAAABADDBCACAAAAABAABAAAAAAABBDBDBACCBBBA	['A14B', 'A101B', 'D112A', 'C140D', 'D148B', 'A193C']	6	-8.487881479552016	-8.260061517823488	-10.370406581321731	-1.8825251017697155
ABAAABCBABABAACBDBABBDBDBBBAAACAABAAABDAABAABAAABCBAAAAACACBAABAADACCBADAACACABBABADAAABABBAABDAABCAAAABABAAAABDCBCAAADABCCCDDAAAAAAAACDBDACBADAAABDABBAACCCBBADAAACCAAABAAABAAABAABABAABABABAAAACCAAAABAAABBBBCACDCAACDBDCCCAAAAABADDBDACAAAAABAABAAAAAAABBDBDBACCBBBA	['C10B', 'A72D', 'B84D', 'B135C', 'A151B', 'A154C', 'A155C', 'B201A', 'C232D']	9	-8.270857818191871	-9.929918684065342	-11.823240086203441	-1.893321402138099
ABCAABCBACABAACBABABADBCBBBAAACAABAAABDAABAABAAABCBAAAAACACBAABAADACCBADAACABABBABABAAABABBAABDAABCABAABABAAAABDDBCAAADABCCADDAAAAAAAABDBDACBADAAABDABBAAACCBBADAAACCAAABAAABAAABAABABAABABABAAAACCAAAABBAABBBBCACDCAACDBDCCCAAAAABADDBDACAAAAABAABAAAAAAABBDBDBACCBBBA	['A3C', 'D17A', 'B21A', 'D24C', 'A72D', 'C77B', 'A101B', 'C113D', 'C124A', 'A151B', 'A155C', 'C232D']	12	-8.272142767673358	-10.730213452596217	-12.624819804215804	-1.8946063516195863
ABAAABCBACABAACBDBABBDBDBBBAAAAAABAAABDAABAABAAABCBAAAAACACBAABAADACCBADAACACABBABABAAABABBAABDAABCAAAABABAAAABDCBCAAADABCCDDCAAAAAAAACDBDACBADAAABBABAAAAACBBADAAACCAAABAAABAAABAABABAABABABAAAACCAAAABBAABBBBCACDCAACDBDCCCAAAAABADDBCACAAAAABAABAAAAAAABBDBDBACCBBBA	['C31A', 'A72D', 'C124D', 'D126C', 'B135C', 'D148B']	6	-8.276995241874829	-9.477132361382246	-11.376591187203303	-1.899458825821057
ABAAABCBACABAACBABABBDBDBBBAAAAAABAAABDAABAABAAABABAAAAACACBAABAADACCBAAAACACABBABABAAABABBAABDAABCABAABABAAAABBCBCAAADABCCCDDAAAAAAAABDBDADBADAAABBABAAAAACBBADAAACCAAABAAABAAABAABABAABABABAAAACCAAAABBAABBBBCACDCAACDBDCCCAAAAABADDBCACAAAAABAABAAAAAAABBDCDBACCBBBA	['D17A', 'C31A', 'C50A', 'A101B', 'D112B', 'C140D', 'D148B', 'B254C']	8	-8.293355017667636	-8.525245119351894	-10.441063720965758	-1.9158186016138643
ABAAABCBACBBAACBDBABCDBDABBAAACAABAAABDAABAABAAABCBAAAAACACBAABAADACCBAAAACACABBABABAAABABBAABDAABCAAAABABAAAABDCBCAAAAABBCCADAAAAAAAABDBDACBADAAABCABAAAACCBBADAAACCAAABAAABAAABAABABAABABABAAAACCAAAABAABBBBBCACDCAACDBCCCCAAAAABADDBCADAAAAABAABAAAAAAABBABDBACCBBBA	['A11B', 'B21C', 'B25A', 'D119A', 'C122B', 'D125A', 'D148C', 'A155C', 'B201A', 'A203B', 'D218C', 'C234D', 'D253A']	13	-9.003859453136101	-8.3110405903426	-10.93736362742493	-1.933504174288828
ABAAABCBACABAACBDBABBDBDBBBAAACAABAAABDAABAABAAABCBAAAAACACBAABAADACCBADAACACAABABABAAAAABBAABDAABCAAAABABAAAAADDBCAAADABCCAADAAAAAAAABDBAACBADAAAACABAAAAACBBADAACCCAAABAAABAAABAABABAABABABAAAACCAAAABBABBBBBAACDCAACDBDCCCAAAAABADDBCADAAAAABAABAAAAAAABBDBDBACCBBBA	['A72D', 'B79A', 'B88A', 'B111A', 'C113D', 'C124A', 'D125A', 'D138A', 'B147A', 'D148C', 'A163C', 'A203B', 'C208A', 'C234D']	14	-8.896565704606473	-8.314019737299532	-10.833049025852233	-1.9364833212457597
ABAAABCBABABAACBDBABADBDBBBAAACAABAAABDAABAABAAABCBAAAAACACBAABAADACCBAAAACACABBABABAAABABBAABDAABCAAAABABAAAABDCBCAAADABCCCDDAAAAAAAABDBCACBADAAABDABBAAACCBBADAAACCAAABBAABAAABAABABAABABABAAAACCAAAABBAABBBBCACDCAACDBDCCCAAAAABADDBCACAAAAABAABAAAAAAABBDBDBACCBBBA	['C10B', 'B21A', 'D138C', 'A151B', 'A155C', 'A170B']	6	-8.324139305157587	-8.752392255235463	-10.698995144339278	-1.946602889103815
ABAAACCBABBBAACBDBABBDBDBBBAAAAAABAAABDAABAABAAABCBAAAAACACBAABAADACCBAAAACACABBABABAAABABBAABDAABCAAAABABAAAABDCBCAAADABCCCDDAAAAAAAABDBDAABADAAABCABAAAAACBBADAAACCAAABAAABAAABAABABAABABABAAAACCAAAABAAABBABCACDCAACDBDCCCAAAAABADDBCADAAAAABAABAAAAAAABBDBDBACCBBBA	['B6C', 'C10B', 'A11B', 'C31A', 'C140A', 'D148C', 'B201A', 'B206A', 'C234D']	9	-9.61054808809422	-8.324298606719822	-11.55731027876027	-1.9467621906660497
ABAAABCBACBBAACBDBABBDBDBBBAAABBABAAABAAABAABAAABCBAAAAACACBAABAADACCBADAACACABBABABAAABABBCABDAABCABAABABAAAADDCBCAAACABCCCDDAAAAAAAACDBDACBADAAABDABAAAACCBBADAAACCAAABAAABAAABAABABAABABABAAACCCAAAABAAABBBBCACDCAACDBCCCCAAAAABADDBCACAAAAABAABAAAAAAABBDBDBACCBBBA	['A11B', 'C31B', 'A32B', 'D39A', 'A72D', 'A92C', 'A101B', 'B111D', 'D119C', 'B135C', 'A155C', 'A193C', 'B201A', 'D218C']	14	-8.326157917967066	-8.696832010988146	-10.64545351290144	-1.9486215019132942
ABAAABCBACABAACBDBABBDBDBBBAAAAAABAAABDAABAABAAABCBAAAAACACBAABAADACCBADAACACABBABABAAABACBAABDAABCABAABABAAAABDCBCAAADABCCCDDAAAAAAAABBBDACBADAAABDABBAAAACBBADAAACCAAABAAABAAABAABABAABABABAAAACCAAAABBAABBBBCACDCAACDBDCCCAAAAABADDBCACAAAAABAABAAAAAAABBDBDBACCBBBA	['C31A', 'A72D', 'B90C', 'A101B', 'D136B', 'A151B']	6	-8.33887924789451	-9.574383858125657	-11.535726689966395	-1.9613428318407387
ABAAABCBACABAACBDBABBDBDBBBAAACAABAAABDAABAABAAABCBAAAAACACBAABAADACCBADAACACABBABABAAABABBAABDAABCABAABABAAAABDCBCAAADABCCCDDAAAAAAAABDBAADBADAAABBABAAAAACBBADAAACCAAABAAABAAABAABABAABABABAAAAACAAAABBAABBBBCACDCAACDBDCACCAAAAAADDBCACAAAAABAABAAAAAAABBDBDBACCBBBA	['A72D', 'A101B', 'D138A', 'C140D', 'D148B', 'C194A', 'C220A', 'A222C', 'B227A']	9	-8.673076904146	-8.341475227382034	-10.637015715474263	-1.963938811328262
ABAAABCBACABAACBDBABBDBDBBBAAACAABAAABDAABAABAAABCBAAAAACACBAABAADACCBADAACACABBABABAAABABBAABDAABCABAABABAAAABDCBCAAADABCCCDDAAAAAAAABDBAADBADAAABBABAAAAACBBADAAACCAAABAAABAAABAABABAABABABAAAAACAAAABBAABBBBCACDCAACDBDCACCAAAAAADDBCACAAAAABAABAAAAAAABBDBDBACCBBBA	['A72D', 'A101B', 'D138A', 'C140D', 'D148B', 'C194A', 'C220A', 'A222C', 'B227A']	9	-8.673076904146	-8.341475227382034	-10.637015715474263	-1.963938811328262
ABAAADBBACABAACBABABBDBDBBBAAACAABAAABDAABAABAAABCBAAAAACACBAABAADACCBADAACACABBABABAAABABBAABDAABCAAAABABAAAABDCBCAAADABCCCDDAAAAAAAABDBDADBADAAABCABAAAAACBBADAAACCAAABAAABAAABAABABAABABABAAAACCAAAABAAABBBBCACDCAACDBDCCCAAAAABADDBCACAAAAABAABAAAAAAABBDBDAACCBBBA	['B6D', 'C7B', 'D17A', 'A72D', 'C140D', 'D148C', 'B201A', 'B256A']	8	-9.568989794002846	-8.348748188931495	-11.540201566880569	-1.971211772877723
ABAAABCBACABAACBDBAABDBDBBBAAACAABAAABDAABAABAAABCBAAAAACACBAABAADACCBAAAACACABBABABAAABABBAABDAABCABAABABAAAADCCBCAAADABCCCDDAAAAAAAABDBDACBADAAABDABAAAAACBBADAAACCAAABAAABAAABAABBBAABABABAAACCCAAAABAAABBBBCACDCAACDBDCCCAAAAABADDBCACAAAAABAABAAAAAAABBDBDAACCBBBA	['B20A', 'A101B', 'B111D', 'D112C', 'A181B', 'A193C', 'B201A', 'B256A']	8	-8.350857674377039	-8.432363170664757	-10.405684428988025	-1.973321258323267
ABAAABCBACABAACBDBABBDBDABBAADCAABAAABAAABAABAAABCBAAAAACACBAABAADACCBAAAACACABBABABAAABABBAABDAABCAAAABABAAAABDCBCAAADABCCDADAAAAAAAABDBBADBADAAABBABAAAAACBBADAAACCAAABAAABAAABAABABAABABABAAAACCAAAABAAABBABCACDCAACDBDCBCAAAAABADDBCACAAAAABAABAAAAAAACBDBDBACCBBBA	['B25A', 'A30D', 'D39A', 'C124D', 'D125A', 'D138B', 'C140D', 'D148B', 'B201A', 'B206A', 'C220B', 'B251C']	12	-8.360442619537935	-10.391944995062659	-12.374851198546821	-1.9829062034841627
ABAAABCBACBBAACBDBABBDBCBBBAAAAAABAAABDAABAABAAABCBAAAAACACBAABAADACCBAAAACACABBABABAAABABBAABDAABCABAABABAAAABDCBCAAACABBCCDDAAAAAAAABBBDACBADAAABDAABAAACCBBADAAACCAAABAAABAAABAABABAABABABAAAACCAAAABBAABBBBCACCCAACDBDCCCAAAAABADDBCACAAAAABAABAAAAAAABBDBDBACCBBBA	['A11B', 'D24C', 'C31A', 'A101B', 'D119C', 'C122B', 'D136B', 'B150A', 'A151B', 'A155C', 'D211C']	11	-8.362422740785405	-10.886270434886683	-12.871156759618316	-1.984886324731633
ABAAABCBACABAACBDBABBDBDBBBAAACAABAAABDAABAABAAABCBAAAAACACBAABAADACCBADAACACABBABABAAABABBAABDAABCAAAABABAAAABDCBCAAADABCCCDDAAAAAAAABDBDADBADAAABCABAAAAAABBADAAACCABABAAABAAABAABABAABABABAAAACCAAAABBAABBBBCACDCAACDBDCCCAAAAABADDBCACAAAAABAABAAAAAAABBDBDBACCBBBA	['A72D', 'C140D', 'D148C', 'C156A', 'A167B']	5	-9.492267636349425	-8.3682831232436	-11.483014343539253	-1.9907467071898282
ABAAABCBACABAACBDBABABDBBBBAAACAABAAABDAABAABAAABCBAAAAACACBAABAADACCBAAAACACABBABADAAABABBAABDAABCAAAABABAAAABDCBCAAADABCCCDDAAAAAAAABDBDACBADAAABDABBAACCCBBADAAACAAAABAAABAAABAABABAABABABAAAACCAAAABAAABBBBCACDCAACDBDCCCAAAAABADDBDACAAAAABAABAAAAAAABBDBDBACCBBBA	['B21A', 'D22B', 'B23D', 'D24B', 'B84D', 'A151B', 'A154C', 'A155C', 'C165A', 'B201A', 'C232D']	11	-8.372310086386278	-10.99021993666247	-12.984993606994976	-1.9947736703325063
ABAAABCBACABAACBABABBDBDBBBAAAAAABAAABDAABAADAAABCBAAAAACACBAABAADACCBAAAACACABBABABAAABABBAABDAABCABAABABAAAABDCBCAAADABCCCDDAAAAAAAABDBDADBADAAABBABAAAAACBBADAACCCAAABABABAAABAABABAABABABAAAACCAAAABAAABBBBCACDCAACDBCCCCAAAAABADDBCADAAAAABAABAAAAAAABBDBDBACCBBBA	['D17A', 'C31A', 'B45D', 'A101B', 'C140D', 'D148B', 'A163C', 'A171B', 'B201A', 'D218C', 'C234D']	11	-8.724683419568464	-8.373608239460737	-10.720755242975429	-1.9960718234069645
ABBAABCBACABAACBABABBDBDBBBAAACAABAAABAAABAABAAABABAAAAACACBAABAADACCBADAACACABBABABAAABABBAABDAABCAAAABABAAAABDCBCAAADABCCCDDAAAAAAAABDBDACBADAAABDABBAAACAABADAAACCAAABAAAAAAABAABABAABABABAAAACCAAAABBAABBBBCACDCAACDBDCCCAAAAABADDBDACAAAAABAABAAAAAAABBDBDBACCBBBA	['A3B', 'D17A', 'D39A', 'C50A', 'A72D', 'A151B', 'A155C', 'C156A', 'B157A', 'B173A', 'C232D']	11	-8.37642296566628	-9.752931396011263	-11.75181794562377	-1.9988865496125072
ABAAABABACABAACBDBABBDBDBBBAAACAABAAABDAABAABAAABCBAAAAACACBAACAADACCBAAAACACABBABABAAABABBAABDAABCAAAABABAAAABDCBCAAACABBCAADAAAAAAAABDBDADBADAAABBABAAAAACBBADAAACCAAABAAABAAABAABABAABABABAAAACCAAAABBAABBBBCACDCAACDBDACCCAAAABADDBCACAAAAABAABAAAAAAABBDBDBACCBBBA	['C7A', 'B63C', 'D119C', 'C122B', 'C124A', 'D125A', 'C140D', 'D148B', 'C219A', 'A222C']	10	-8.425412283046171	-9.059511787549127	-11.107387654541526	-2.047875866992399
ABAAACCBACABAACBABABBDBDBBBAAACAABAAABDAABAABAAABCBAAAAACACBAABAADACCBAAAACACABAABABAAABABBAABDAABCABAABABAAAABDCBCAAADABCCDBDAAAAAAAABDBDACBADAAABDABBAAACCBBADAAACCAAABAAABAAABAABABAABABABAAACCCAAAABBAABBBBCACDBAACDBDCCCAAAAABADDBCACAAAAABAABAAAAAAABBDBDBACCBBBA	['B6C', 'D17A', 'B80A', 'A101B', 'C124D', 'D125B', 'A151B', 'A155C', 'A193C', 'C212B']	10	-8.426043319283053	-9.906199045479298	-11.954705948708579	-2.0485069032292813
ABAAABCBACABAACBABABBDBDBBBAAAAAABAAABDAABAABAAABCBAAAAACACBAABAADACCBADAACACABBABABAAABABBAABDAABCABAABABAAAABCCBCAAADABCCADDAAAAAAAABDBDADBADAAABBABAAAAACBBADAAACCAAABAAABAAABAABABAAAABABAAAACCAAAABBAABBABCACDCAACDBDCCCAAAAABADDBCACAAAAABAABAAAAAAABBDBDBACCBBBA	['D17A', 'C31A', 'A72D', 'A101B', 'D112C', 'C124A', 'C140D', 'D148B', 'B185A', 'B206A']	10	-9.69947772519663	-8.43903438556299	-11.760975694705849	-2.061497969509219
ABAAABCBACABAACBDBABBDBDBBBAAACAABAAABDAABAABAAABCBAAAAACACBAACAADACCBADACCACABBABABAAABABBAABDAABCAAAABABAAAABDCBCAAADABCCADDAAAAAAAABDBDADBADAAABCABAAAAAABBADAADCCAAABAAABAAABAABAAAABABABAAAACCAAAABAAABBBBCACDCAACDBDCCCAAAAABADDBCACAAAAABAABAAAAAAABBDCDBACABBBA	['B63C', 'A72D', 'A74C', 'C124A', 'C140D', 'D148C', 'C156A', 'A163D', 'B182A', 'B201A', 'B254C', 'C259A']	12	-8.807895418722183	-8.445977939292789	-10.876336941961199	-2.0684415232390165
ABAAABCBACABAACBABABBDBDABBAAACAABAAABDAABAABAAABCBAAAAACACBAABAADACCBAAAACACABBABADAAABABBAABDAABCABAABABAAAABDCBCAAADABCCBBDAAAAAAAACDBDADBADAAABBABAAACACBBADAAACCAAABAAABAAABAABABAABABABAAAACCAAAABBAABBBBCACDCAACDBDCCCAAAAABADDBCACAAAAABAABAAAAAAABBDBDBACCBBBA	['D17A', 'B25A', 'B84D', 'A101B', 'C124B', 'D125B', 'B135C', 'C140D', 'D148B', 'A154C']	10	-8.45718183482495	-10.067871803883463	-12.147517222654642	-2.079645418771179
ABAAABCBACABAACBDBABBDBDBBBAAACAABAAABDAABAABAAABABAAAAACACBAABAADACCBADAACACABBABABAAABABBAABDAABCAAAABABAAAABDCBCAAACABBCABDAAAAAAAABDBDADBADAAABBABAAAAACBBADAABCCAAABAAABAAABAABABAABABABAAAACCAAAABBAABBBBCACDCAACDBDCCCAAAAABADDBCACAAAAABAABAAAAAAABBDBDAACCBBBA	['C50A', 'A72D', 'D119C', 'C122B', 'C124A', 'D125B', 'C140D', 'D148B', 'A163B', 'B256A']	10	-8.460717933950946	-9.193836949125398	-11.277018467022572	-2.0831815178971738
ABAAABCBACABAACBDBABBDBDBBBAAACAABAAABDAABAABAAABABAAAAACACBAABAADACCBADAACACABBABABAAABABBAABDAABCAAAABABAAAABDCBCAAACABBCABDAAAAAAAABDBDADBADAAABBABAAAAACBBADAABCCAAABAAABAAABAABABAABABABAAAACCAAAABBAABBBBCACDCAACDBDCCCAAAAABADDBCACAAAAABAABAAAAAAABBDBDAACCBBBA	['C50A', 'A72D', 'D119C', 'C122B', 'C124A', 'D125B', 'C140D', 'D148B', 'A163B', 'B256A']	10	-8.460717933950946	-9.193836949125398	-11.277018467022572	-2.0831815178971738
ABAAABCBACABAACBDBABBDBDBBBAAACAABAAABDAABAABAAABABAAAAACACBAABAADACCBADAACACABBABABAAABABBAABDAABCAAAABABAAAABDCBCAAACABBCABDAAAAAAAABDBDADBADAAABBABAAAAACBBADAABCCAAABAAABAAABAABABAABABABAAAACCAAAABBAABBBBCACDCAACDBDCCCAAAAABADDBCACAAAAABAABAAAAAAABBDBDAACCBBBA	['C50A', 'A72D', 'D119C', 'C122B', 'C124A', 'D125B', 'C140D', 'D148B', 'A163B', 'B256A']	10	-8.460717933950946	-9.193836949125398	-11.277018467022572	-2.0831815178971738
ABAAABCBACBBAACBDBABBDBCBBBAAAAAABAAABDAABAABAAABCBAAAAACACBAABAADACCBADAACACABBABABAAABABBAABDAABCAAAABABAAAABDCBCAAADABCCCDDAAAAAAAABDBDADBADAAABBABAAAAACBBADAAACCABABAAABAAABAABABAABABABAAAACCAAAABAAABBBBAACDCAACDBDCCCAAAAABADDBCACAAAAABAABAAAAAAABBDBDBACCBBBA	['A11B', 'D24C', 'C31A', 'A72D', 'C140D', 'D148B', 'A167B', 'B201A', 'C208A']	9	-8.468701945152134	-8.485856878571212	-10.577022407669574	-2.0911655290983617
ABAAABCBACABABCBBBABBDBDBBBAAACAABAAABDAABAABAAABABAAAAACACBAABAADACCBADAACACABBABABAAABABBAABDAABCAAAABABAAAABDCBCAAADABCCCADAAAAAAAACDBDADBADAAABBABAAACACBBADAAACCAAABAAABAAABAABABAABABABAAAACCAAAABBAABBABCACDCAACDBDACCCAAAABADDBCACAAAAABAABAAAAAAABBDBDBACCBBBA	['A14B', 'D17B', 'C50A', 'A72D', 'D125A', 'B135C', 'C140D', 'D148B', 'A154C', 'B206A', 'C219A', 'A222C']	12	-8.471294567687437	-9.41099087940529	-11.504749031038955	-2.093758151633665
ABAAADBBACABAACBDBABBDBDBBBAAAAAABAAABDAABAABAAABCBAAAAACACBAABAADACCBADAACACABBABABAAABABBAABDAABCAAAABABAAAABDCBCAAADABCCCDDAAAAAAAABDBAADBADAAABBABAAAAACBBADAABCCAAABAAABAAABAABABAABABABAAAACCAAAABBAABBBBCACDCAACDBDCCCAAAAABADDBCAAAAAAABAABAAAAAAABBABDAACCBBBA	['B6D', 'C7B', 'C31A', 'A72D', 'D138A', 'C140D', 'D148B', 'A163B', 'C234A', 'D253A', 'B256A']	11	-8.940590194193646	-8.48629864351824	-11.049352421658114	-2.1087622274644673
ABAAABCBACABAACBDBABBDBDBBDBAACAABAAABDAABAACAAABCBAAAAACACBAABAADACCBAAAACACABBABABAAABABBAABDAABCAAAABABAAAABDCBCAAADABCCCDDAAAAAAAABDBDADBADAAABBABAAAAACBBADAAACCAAABAAABAAABAABABAABABABAAAACCAAAABBAABBBBCACDCAACDBDCCCAAAAABADDBCACAAAAABAABAAAAAAABBDBDBACCBBBA	['B27D', 'A28B', 'B45C', 'C140D', 'D148B']	5	-9.077370955375955	-8.486314746085554	-11.186149285407737	-2.1087783300317824
ABAAABCBACABAACBABABBDBDBBBAAACBABAAABDAABAABAAABCBAAAAACACBAABAADACCBAAACCACABBABABAAABABBAABDAABCAAAABABAAAABDCBCAAADABCCABDAAAAAAAABBBDADBADAAABBABAAAAACBBADAAACAAAABAAABAAABAABABAABABABAAAACCAAAABAAABBBBCACDCAACDBDCCCAAAAABADDBCAAAAAAABAABAAAAAAABBDBDAACABBBA	['D17A', 'A32B', 'A74C', 'C124A', 'D125B', 'D136B', 'C140D', 'D148B', 'C165A', 'B201A', 'C234A', 'B256A', 'C259A']	13	-8.499617522349581	-10.048872673884034	-12.170953780179843	-2.122081106295809
ABAAABCBACABAACBDBABBDBDBBBAAACAABAAABDAABAABAAABCBAAAAACACBAABAADACCBAAAACACABBABABAAABABBAABDAABCAAAABABAAAABDCBCAAADABCCADDAAAAAAAABDBDACBADAAABDABBAAACCBBADABACCAAABBAABAAABAABABAABABABAAAACCAAAAAAAABBBBCACDCAACDBDCBCAAAAABADDBCADAAAAABAABAAAAAAABBDBDBACCBBBA	['C124A', 'A151B', 'A155C', 'A162B', 'A170B', 'B200A', 'B201A', 'C220B', 'C234D']	9	-8.499967527808622	-8.597124402585905	-10.719555514340755	-2.1224311117548496
ABAAABCBACBBAACBDBABCDBDABBAAACAABAAABDAABAABAAABCBAAAAACACBAABAADACCBAAAACACABBABABAAABABBAABDAABCAAAABABAAAABDCBCAAAAABBCCADAAAAAAAABDBDACBADAAABDABBAAAACBBADAAACCAAABAAABAAABAABABAABABABAAAACCAAAABAABBBBBCACDCAACDBCCCCAAAAABADDBCADAAAAABAABAAAAAAABBABDBACCBBBA	['A11B', 'B21C', 'B25A', 'D119A', 'C122B', 'D125A', 'A151B', 'B201A', 'A203B', 'D218C', 'C234D', 'D253A']	12	-8.500524969073012	-9.600097934540827	-11.723086487560067	-2.1229885530192405
ABAAABCBACABAACBDBABBDBCBBBAAACAABAAABDAABAABAAABCBAAAAACACBAABAADACCBAAAACACABBABABAAABABBAABDAABCABAABABAAAABDCBCAAADABCCCADAAAAAAAABDBDADBADAAABBABAAAAACBBADAAACCAAABAAABAAABAABABAABABABAAAACCAAAABAAABBBBCACDCAACABDCCCAAAAABADDBCACAAAAABAABAAAAAAABBDBDBACCBBBA	['D24C', 'A101B', 'D125A', 'C140D', 'D148B', 'B201A', 'D216A']	7	-8.513700515730307	-11.129643226508051	-13.265807326184586	-2.1361640996765345
ABAAABCBACBBAACBDBABBDBDBBBAAACAABAAABDAABAACAAABCBAAAAACACBAABAADACCBADAACACABBABABAAABABBAABDAABCAAAABABAAAABDDBCAAADABCCDDDAAAAAAAABDBDACBADAAABDABAAAAACBBADAAACCAAABAAABAAABAABABAABABABAAAACDAAAABBAABBBBCACDCAACDBDCCCAAAAABADDBCACAAAAABAABAAAAAAABBDBDBACCBBBA	['A11B', 'B45C', 'A72D', 'C113D', 'C124D', 'C195D']	6	-8.613659544149414	-8.53549438342452	-10.771617511520162	-2.1579579673707485
ABAAABCBACBBAACBDBABCDBDABBAAACAABAAABDAABAABAAABCBAAAAACACBAABAADACCBAAAACACABBABABAAABABBAABDAABCAAAABABAAAABDCBCAAAAABBCCADAAAAAAAABDBDACBADAAABCABAAAAACBBADAAACCAAABAAABAAABAABABAABABABAAAACCAAAABAABBBBBCACDCAACDBCCCCAAAAABADDBCADAAAAABAABAAAAAAABBABDBACCBBBA	['A11B', 'B21C', 'B25A', 'D119A', 'C122B', 'D125A', 'D148C', 'B201A', 'A203B', 'D218C', 'C234D', 'D253A']	12	-8.627548046642914	-8.542114682786632	-10.792126313375775	-2.1645782667328604
ABAAABCBACABAACBABABBDBDBBBAAACAABAAABDAABAABAAABCBAAAAACACBAABAADACCBADAACACABBABABAAABABBAABDAABCABAABABAAAABDCBCAAADABCCCDDAAAAAAAABDBDADBADAAABBABAAAAAABBADAAACCAAABAAABAAABAABABAABABABAAAACCAAAABAAABBBBAACDCAACDBDCCCAAAAABADDBCACAAAAABAABAAAAAAABBDBDBACCBBBA	['D17A', 'A72D', 'A101B', 'C140D', 'D148B', 'C156A', 'B201A', 'C208A']	8	-8.571209026966244	-8.543634286615998	-10.73730689752847	-2.1660978705622256
ABAAABCBACABAACBDBABBDBBBBBAAACAABAAABAAABAABAAABCBAAAAACACBAABAADACCBADAACACABBABABAAABABBAABDAABCAAAABAAAAAABDCBCAAADABCCCDDAAAAAAAABDBDADBADAAABBABAAAAACBBADAAACCAAABAAABAAABAABABAABABABAAACCCAAAABAAABBBBCACDCAACDBDCCCAAAAABADDBCACAAAAABAABAAAAAAABBDBDBACCBBBA	['D24B', 'D39A', 'A72D', 'B106A', 'C140D', 'D148B', 'A193C', 'B201A']	8	-9.611999571090564	-8.546586689073592	-11.781049844110385	-2.1690502730198205
ABAAABCBACBBAACBDBABCDBDABBAAACAABAAABDAABAABAAABCBAAAAACACBAABAADACCBAAAACACABBABABAAABABBAABDAABCAAAABABAAAABDCBCAAAAABBCCADAAAAAAAABDBDACBADAAABCABAAAAACBBADAAACCAAABAAABAAABAABABAABABABAAAACCAAAABAABBBBBCACDCAACDBCCCCAAAAABADDBCADAAAAABAABAAAAAAABBABDBACABBBA	['A11B', 'B21C', 'B25A', 'D119A', 'C122B', 'D125A', 'D148C', 'B201A', 'A203B', 'D218C', 'C234D', 'D253A', 'C259A']	13	-8.557654716307297	-8.889497738622595	-11.06961603887612	-2.1801183002535254
ABAAABCBACABAACBDBABBDBDBBBAAAAAABAAABDAABAABAAABCBAAAAACACBAABAADACCBAAAACACABBABABAAABABBAABDAABCAAAABABAAAACDDBCAAADABCCCADAAAAAAAABDBDADBADAAABBABAAAAACBBADAAACCAAABAAABAAABAABABAABABABAAAACCAAAABBABBBBBCACDCAACDBDCCCAAAAABADDBCACAAAAABAABAAAAAAABBDBDBACCBBBA	['C31A', 'B111C', 'C113D', 'D125A', 'C140D', 'D148B', 'A203B']	7	-9.36572900484316	-8.557986369822174	-11.546178958611563	-2.1804499537684023
ABAAABCBABABAACBDBABADBDBBBAAACAABAAABDAABAABAAABCBAAAAACACBAABAADACCBAAAACACABBABABAAABABBCABDAABCAAAABABAAAABDCBCAAADABCCCDDAAAAAAAABDBDACBADAAABDABBAAACCBBADAAACCAAABAAABAAABAABABAABABABAAAACCAAAABBAABBBBCACDCAACDBDCCCAAAAABADDBCACAAAAABAABAAAAAAABBDBDBACCBBBA	['C10B', 'B21A', 'A92C', 'A151B', 'A155C']	5	-9.314893088536337	-8.561078833881766	-11.49843550636433	-2.1835424178279936
ABAAABABACBBAACBDBABBDBDBBBAAAAAABAAABDAABAABAAABBBAAAAACACBAABAADACCBADAACACABBABABAAABABBAABDAABCABAABABAAAABDCBCAAADABCCADDAAAAAAAACDBDADBADAAABBABAAAAACBBADAAACCAAABAAABAAABAABABAABABABAAAACCAAAAAAAABBBBCACDCAACDBDCBCAAAAABADDBCACAAAAABAABAAAAAAABBDBDBACCBBBA	['C7A', 'A11B', 'C31A', 'C50B', 'A72D', 'A101B', 'C124A', 'B135C', 'C140D', 'D148B', 'B200A', 'B201A', 'C220B']	13	-8.57368456129916	-9.397191240917891	-11.59333938616328	-2.196148145245388
ABAAABCBACABAACBDBABBDBDBBBAAACAABAAABDAABAABAAABCBAAAAACACBAABAADACCBADAACACABBABABAAABABBAABDAABCAAAABABAAAABBCBCAAADABCCDDBAAAAAAAABDBDADBADAAABBABAAAAACBBADAAACCAAABAAABAAABAABABAABABABAAAACCAAAABAAABBBBCACDCAACDBCCCCAAAAABADDBCACAAAAABAABAAAAAAABBDBDBACCBBBA	['A72D', 'D112B', 'C124D', 'D126B', 'C140D', 'D148B', 'B201A', 'D218C']	8	-8.7141339185182	-8.580217478331178	-10.916814980795607	-2.2026810622774065
ABAAABCBACBBAACBDBABBDBCABBAAAAAABAAABDAABAABAAABCBAAAAACACBAABAADACCBADAACACABBABABAAABABBAABDAABCABAABABAAAABDCBCAAACABBCADDAAAAAAAABDBDADBADAAABBABAAACACBBADAAACAAAABAAABAAABAABABAABABABAAAACCAAAABBAABBBBCACDCAACDBCCCCAAAAABADDBCACAAAAABAABAAAAAAABBABDBACCBBBA	['A11B', 'D24C', 'B25A', 'C31A', 'A72D', 'A101B', 'D119C', 'C122B', 'C124A', 'C140D', 'D148B', 'A154C', 'C165A', 'D218C', 'D253A']	15	-8.583837519166991	-10.226892728183884	-12.433193831297103	-2.206301103113219
ABAAABCBACBBAACBDBABBDDDBBBBAACAABAAABAAABAABAAABABAAAAACACBAABAADACCBAAAACACABBABABAAAAABBAABDAABCABAABABAAAABDCBCAAABABCCCDDAAAAAAAABDBDADBADAAABBABAAAAACBBADAAACCAAABAAABAAABAABABAABABABAAAACCAAAABAAABBBBCACDCAABDBDCCCAAAAABADDBCADAAAAABAABAAAAAAABBABDBACCBBBA	['A11B', 'B23D', 'A28B', 'D39A', 'C50A', 'B88A', 'A101B', 'D119B', 'C140D', 'D148B', 'B201A', 'C215B', 'C234D', 'D253A']	14	-8.587494553765282	-9.383344611575012	-11.593302749286522	-2.20995813771151
ABAAABCBACABAACBDBABBDBDBBBAAACAABAAABAAABAABAAABCBAAAAACACBAABAADACCBAAAACACABBABABAAABABBAABDAABCABAABABAAAABDCBCAAADABCCCDDAAAAAAAABCBAADBADAAABBABAAACACBBADAAACCABABAAABAAABAABABAABABABAAAACCAAAABAAABBBBCACDCAACDBDCCCAAAAABADDBCACAAAAABAABAAAAAAABBDBDBACCBBBA	['D39A', 'A101B', 'D136C', 'D138A', 'C140D', 'D148B', 'A154C', 'A167B', 'B201A']	9	-8.592392984079197	-8.697753746528178	-10.912610314553604	-2.214856568025425
ABAAABCBACABAACBABAABDBDBBBBAACAABAAABAAABAADAAABCBAAAAACACBAABAADACCBAAAACACABBABABAAABABBAABDAABCAAAABABAAAABDABCAAADABCCDADAAAAAAAABDBDADBADAAABBABAAAAACBBADAACCCAAABAAABAAABAABABAABABABAAAACCAAAABAAABBBBCACDCAACDBDCCCAAAAABADDBCACAAAAABAABAAAAAAABBDBDBACCBBBA	['D17A', 'B20A', 'A28B', 'D39A', 'B45D', 'C113A', 'C124D', 'D125A', 'C140D', 'D148B', 'A163C', 'B201A']	12	-8.603531464235857	-9.154634047765285	-11.38062909594737	-2.225995048182085
ABAAABCBACABAACBABABBDBDBBBBAACAABAAABDAABAABAAABCBAAAAACACBAABAADACCBADAACACABBABABAAABABBAABDAABCAAAABABAAAABDCBCAAADABCCAACAAAAAAAABDBDADAADAAABBABAAAAACBBADAAACCAAABAAABAAABAABABAABABABAAAACCAAAABBAABBBBCACDCAACDBDCCCAAAAABADDBCACAAAAABAABAAAAAAABBDBDBACCBBBA	['D17A', 'A28B', 'A72D', 'C124A', 'D125A', 'D126C', 'C140D', 'B141A', 'D148B']	9	-8.612722968216985	-9.071334734326228	-11.306521286489442	-2.2351865521632135
ABAAABCBACBBAACBDBABBDBDBBBAAAAAABAAABDAABAABAAABCBAAAAACACBAABAADACCBAAAACACABBABABAAABABBAABDAABCAAAABABAAAABDCBCAAABABCBDDDAAAAAAAABDBAADBADAAABBABAAAAAABBADAAACCAAABAAABAAABAABABAABABABAAAACCAAAABBAABBBBCACDCAACDBBCCCAAAAABADDBCADAAAAABAABAAAAAAABBDDDBACCBBBA	['A11B', 'C31A', 'D119B', 'C123B', 'C124D', 'D138A', 'C140D', 'D148B', 'C156A', 'D218B', 'C234D', 'B254D']	12	-8.630090876715258	-10.926886540837586	-13.179441001499072	-2.252554460661486
ABAAABCBABABAACBDBABBDBDBBBAAACAABAAABDAABAABAAABCBAAAAACACBAABAADACCBAAAACACABBABABAAABABBAABDAABCABAABABAAAABDCBCAAACABCCCDDAAAAAAAABCBDADBADAAABBABAAAAACBBADAAACCAAABAAABAAABAABABAABABABAAAACCAAAABBAABBBBCACDCAACDBDCCCAAAAABADDBDACAAAAABAABAAAAAAABBDBDBACCBBBA	['C10B', 'A101B', 'D119C', 'D136C', 'C140D', 'D148B', 'C232D']	7	-8.632364268181846	-10.349896153900772	-12.604724006028846	-2.2548278521280736
ABAAABCBACBBAACBDBABBDBDBBBAAACBABAAABDACBAABAAABCBAAAAACACBAABAADACCBAAAACACABBABABAAABABBAABDAABCABAABABAAAACDCBCAAADABCCCDDAAAAAAAABDBDADBADAAABBABAAAAACBBADAAACCAAABAAABAAABAABABAABABABAAAACCAAAABBAABBBBCACDCAACDBDCCCBAAAABADDBCACAAAAABAABAAAAAAABBDBDBACCBBBA	['A11B', 'A32B', 'A41C', 'A101B', 'B111C', 'C140D', 'D148B', 'A222B']	8	-9.223179841181263	-8.646653701551259	-11.49229712667875	-2.2691172854974866
ABAAABCBACABAACBDBABBDDDBBBAAAAAABAAABDAABAABAAABBBAAAAACACBAABAADACCBAAAACACABBABABAAABABDACBDAABCABAABABAAAABDCBCAAADABCCCDDAAAAAAAABDBCADBADAAABBABAAAAACBBADAAACCAAABAAABAAABAABABAABABABAAAACCAAAABBAABBBBCACDCAACDBCCCCAAAAABADDBDACAAAAABAABAAAAAAABBDBDBACCBBBA	['B23D', 'C31A', 'C50B', 'B91D', 'A93C', 'A101B', 'D138C', 'C140D', 'D148B', 'D218C', 'C232D']	11	-8.647734528640285	-10.85346543644846	-13.123663549034973	-2.270198112586513
ABAAABCBACABAACBDBABBDBDBBBAAACAABAAABDAABAABAAABCBAAAAACACBAABAADACCBAAAACACABBABABAAABABBCABDBABCABAABABAAAABDCBCAAADABCCCDDAAAAAAAABDBDACBADAAABDABAAAAACBBADAAACCAAABAAABAAABAABABAABABABAAAACCAAAABAAABABBCACDBAACDBDCCCAAAAABADDBCACAAAAABAABAAAAAAABBDBDBACCBBBA	['A92C', 'A96B', 'A101B', 'B201A', 'B205A', 'C212B']	6	-8.648539411602542	-9.39245500182733	-11.6634579973761	-2.27100299554877
ABAAABCBACBBAACBDBABBDBDBBBAAACAABAAABDAABAABAAABCBAAAAACACBAABAADACCBAAAACACABBABABAAABABBAABDAABCAAAABABAAAABDDBCAAACABBCCADAAAAAAAABDBDACAADAAABDABAAAAACBBADAAACCAAABAAABAAABAABABAABABABAAAACCAAAABBAABBBBCACDCAACDBDCCCAAAAABADDBCADAAAAABAABAAAAAAABBDBDBACCBBBA	['A11B', 'C113D', 'D119C', 'C122B', 'D125A', 'B141A', 'C234D']	7	-8.649826601613313	-9.321546227729414	-11.593836413288955	-2.272290185559541
ABAAABCBACBBAACBDBABBDBDBBBAAACAABAAABDAABAABAAABCBAAAAACACBAABAADACCBAAAACACABBABABAAABABBAABDAABCAAAABABAAAABDDBCAAACABBCCADAAAAAAAABDBDACAADAAABDABAAAAACBBADAAACCAAABAAABAAABAABABAABABABAAAACCAAAABBAABBBBCACDCAACDBDCCCAAAAABADDBCADAAAAABAABAAAAAAABBDBDBACCBBBA	['A11B', 'C113D', 'D119C', 'C122B', 'D125A', 'B141A', 'C234D']	7	-8.649826601613313	-9.321546227729414	-11.593836413288955	-2.272290185559541
ABAAABCBACABAACBDBABBDBDBBBAAACAABAAABDAABAABAAABCBAAAAACACBAABAADACCBAAAACACABBABABAAABABBAABDAABCAAAABABAAAADDCBCAAADABCCCDDAAAAAAAABDBDADBADAAABBABAAAAACBBADAAACCAAABAAABAAABAABABAABABABAAAACCAAAABBAABBBBCACDCAACDBDCCCAAAAABADDBCACAAAAABAABAAAAAAABBDBDAACCBBBA	['B111D', 'C140D', 'D148B', 'B256A']	4	-9.326501053525135	-8.650626296643168	-11.59959093411453	-2.2730898805893958
ABAAABCBACBBAACBDBABBDBDABBBAACAABAABBAAABAABAAABBBAAAAACACBAABAADACCBAAACCACABBABABAAABABBAABDAABCAAAABABAAAABDCBCAAADABCCADDAAAAAAAABDBCACBADAAABDABBAAACCABAAAAACCAAABAAABAAABAABABAABABABAAAACCAAAABBABBBBBBACDCAACDBDCCCAAAAABADDBDADAAAAABAABAAAAAAABBAADBACCBBBA	['A11B', 'B25A', 'A28B', 'A37B', 'D39A', 'C50B', 'A74C', 'C124A', 'D138C', 'A151B', 'A155C', 'B157A', 'D160A', 'A203B', 'C208B', 'C232D', 'C234D', 'D253A', 'B254A']	19	-8.663364009466022	-9.006129411514848	-11.291957004927099	-2.2858275934122503
ABAAABCBACABABCBDBABBDBDBBBAAACAABAAABDAABAABAAABCBAAAAACACBAABAADACCBADAACACABBABABAAABABBAABDAABCAAAABABAAAABDCBCAAADABCCDADAAAAAAAABDBDACBADAAABCABAAAAACBBADAAACCAAABAAABAAABAABABAABABABAAAACCAAAABAAABBBBCACDCAACDBDCCCAAAAABADDBAACAAAAABAABAAAAAAABBDBDAACCBBBA	['A14B', 'A72D', 'C124D', 'D125A', 'D148C', 'B201A', 'C232A', 'B256A']	8	-8.666190655669197	-9.264593691565096	-11.553247931180522	-2.2886542396154255
ABAAACCBABABAACBABABBDBDBBBAAAAAABAAABDAABAABAAABCBAAAAACACBAABAADACCBAAAACACABBABABAAABABBAABDAABCABAABABAAAABDCBCAAADABCCADDAAAAAAAABBBDADBADAAABBABAAAAACBBADAAACCAAABAAABAAABAABABAABABABAAAACCAAAABBAABBABCACDCAACDBDCCCAAAAABADDBCACAAAAABAABAAAAAAABBDBCAACCBBBA	['B6C', 'C10B', 'D17A', 'C31A', 'A101B', 'C124A', 'D136B', 'C140D', 'D148B', 'B206A', 'D255C', 'B256A']	12	-9.230783585226163	-8.680649377871305	-11.533896547043696	-2.3031129618175328
ABAAABCBACABAACBDBABBDBDBBBAAAAAABAAABDAABAABAAABCBAAAAACAABAABAADACCBAAACCACABBABABAAABABBAABDAABCABAABABAAAABCBBCAAADABCCAADAAAAAAAABDBDADBADAAABBABAAAAACBBADAAACCAAABAAABAAABAABABAABABABAAAACCAAAABBABBBBBCACDCAACDBDCCCAAAAABADDBCAAAAAAABAABAAAAAAABBABDAACCBBBA	['C31A', 'C59A', 'A74C', 'A101B', 'D112C', 'C113B', 'C124A', 'D125A', 'C140D', 'D148B', 'A203B', 'C234A', 'D253A', 'B256A']	14	-8.6896900923457	-9.724180669989437	-12.036334346281365	-2.3121536762919277
ABAAABCBACBBAACBDBABBDBCBBBAAAAAABAAABDAABAADAAABCBAAAAACACBAABAADACCBADAACACABBABABAAABABBAABDAABCAAAABABAAAABCCBCAAACABBCCADAAAAAAAABDBDACBADAAABDABAAAAACBBADAAACCAAABAAABAAABAABABAABABABAAAACCAAAABBAABBBBCACDCAABDBDCCCAAAAABADDBCACAAAAABAABAAAAAAABBDBDBACCBBBA	['A11B', 'D24C', 'C31A', 'B45D', 'A72D', 'D112C', 'D119C', 'C122B', 'D125A', 'C215B']	10	-8.715607760241255	-9.943400625896174	-12.281471970083658	-2.338071344187483
ABAAABCBACBBAACBCBABBDBDBBBAAACAABAAABDAABAABAAABCBAAAAACACBAABAADACCBADAACACABBABABAAABABBAABDAABCAAAABABAAAABDCBCAAADABCCCDDAAAAAAAABDBDACBADAAABDABBAAACCBBADAAACCAAABAAABAAABAABABAABABABAAAACCAABABAAABBBBCACCCAACDBDCCCAAAAABADDBCACAAAAABAABAAAAAAABBDBDBACCBBBA	['A11B', 'D17C', 'A72D', 'A151B', 'A155C', 'A198B', 'B201A', 'D211C']	8	-8.719983610091731	-8.906088753137738	-11.248535947175696	-2.342447194037959
ABAAABCBACABAACBDBABBDBDBBBAAACAABAAABDAABAABAAABCBAAAAACACBAAAAADACCBAAAACACABBABABAAABABBAABDAABCAAAABABAAAABDCBCAAADABCCDDDAAAAAAAABDBDADBADAAABBABAAAAACBBADAAACCAAABAAABAAABAABABAABABABAAAACCAAAABBAABBBBCACDCAACDBBCCCAAAAABADDBCACAAAAABAABAAAAAAABBDBDBACCBBBA	['B63A', 'C124D', 'C140D', 'D148B', 'D218B']	5	-8.73042051284574	-9.093858242500573	-11.446742339292541	-2.3528840967919677
ABAAABCBACABAACBDBABBDBDBBBAAACAABAAABDAABAABAAABCBAAAAACACBAABAADACCBAAAACACABBABABAAABABBAABDAABCABAABAAAAAABDDBCAAADABCCBADAAAAAAAABDBDADBADAAABBABAAAAACBBADAAACCABABAAABAAABAABABAABABABAAAACCAAAABBAABBBBCACDCAACDBDCCCAAAAABADDBCADAAAAABAABAAAAAAABBDBDBACCBBBA	['A101B', 'B106A', 'C113D', 'C124B', 'D125A', 'C140D', 'D148B', 'A167B', 'C234D']	9	-8.7355758787362	-9.601369748357683	-11.95940921104011	-2.3580394626824273
ABAAABCBACABAACBDBAABDBDBBBAAACAABAAABAAABAABAAABCBAAAAACACBAABAADACCBAAAACACABBABABAAABABBAABDAABCABAABABAAAABDCBCAAACABCCCDDAAAAAAAABDBDADBADAAABBABAAAAACBBADAAACCAAABAAABAAABAABABAABABABAAAACCAAAABAABBBBBCACDCAACDBDCCCAAAAABADDBCACAAAAABAABAAAAAAABBDBDBACCBBBA	['B20A', 'D39A', 'A101B', 'D119C', 'C140D', 'D148B', 'B201A', 'A203B']	8	-8.793992439517751	-8.74692357191816	-11.163379595382139	-2.3693871558643878
ABAAABCBACBBAACBDBABBDBDBBBAAAAAABAAABDAABAABAAABCBAAAAACACBAABAADACCBAAAACACAABABABAAABABBAABDAABCAAAABABAAAABDCBCAAADABCCCBDAAAAAAAABDBDAABADAAABCABAAAAACBCADAAACCAAABAAABAAABAABABAABABABAAAACCAAAABBAABBBBCACDCAACDBDCCCAAAAABADDBCAAAAAAABAABAAAAAAABBDBDBACCBBBA	['A11B', 'C31A', 'B79A', 'D125B', 'C140A', 'D148C', 'B158C', 'C234A']	8	-8.753003365593031	-10.586347084026784	-12.961814033566043	-2.375466949539259
ABAAABCBADABABCBDBABBDBDBBBAAACAABAAABDAABAABAAABCBAAAAACACBAABAADACCBAAAACACAABABABAAABABBAABDAABCAAAABABAAAABDCBCAAADABCCCBDAAAAAAAABDBDAABADAAABCABAAAAAABBADAADCCAAABAAABAAABAABABAABABABAAAACCAAAABBAABBBBBACDCAACDBDCCCAAAAABADDBDACAAAAABAABAAAAAAABBDBDAACCBBBA	['C10D', 'A14B', 'B79A', 'D125B', 'C140A', 'D148C', 'C156A', 'A163D', 'C208B', 'C232D', 'B256A']	11	-8.760755648138002	-9.590145879425108	-11.973365111509338	-2.3832192320842296
ABAAABCBACABAACBABABBDBDBBBAAACAABAAABDAABAABAAABCBAAAAACACBAABAADACCBAAAACACABBABABAAABABBAABDAABCABAABABAAAADCCBCAAABABCBDDDAAAAAAAABDBDACBADAAABDABBAAACAABADAAACCAAABAAABAAACAABABAABABABAAAACCAAAABBAABBBBCACDCAACDBDCCCAAAAABADDBCACAAAAABAABAAAAAAABBDBDAACCBBBA	['D17A', 'A101B', 'B111D', 'D112C', 'D119B', 'C123B', 'C124D', 'A151B', 'A155C', 'C156A', 'B157A', 'B177C', 'B256A']	13	-8.792694716481492	-10.082866491284221	-12.498024791711941	-2.41515830042772
ABAAABCBACBBAACBDBABBDBDBBBAAACAABAAABDAABAACAAABCBAAAAACACBAABAADACCBAAAACACABBABABAAABABCAABDAABCABAABABAAAABDCBCAAADABCCCDDAAAAAAAABDBDADBADAAABBABAAAAACBBADAAACCAAABAAABAAABAABABAABABABAAAACBAAAABBABBBBBCACDCAACDBDCCCAAAAABADDBCACAAAAABAABAAAAAAABBDBDBACCBBBA	['A11B', 'B45C', 'B91C', 'A101B', 'C140D', 'D148B', 'C195B', 'A203B']	8	-8.94227909320034	-8.79486867133528	-11.359611348481849	-2.417332255281508
ABAAABCBACABAACBDBABBDBDBBBAAACAABAAABDAABAABAAABCBAAAAACACBAAAAADACCBAABCCACABBABABAAABABBAABDBABCABAABABAAAABBCBCAAADABCCCDDAAAAAAAABDBDADBADAAABBABAAAAACBBADAAACCAAABAAABAAABAABABAABABABAAAACCAAAABBAABBBBAACDCAACDBDCCCAAAAABADDBAACAAAAABAABAAAAAAABBDBDBACCBBBA	['B63A', 'A73B', 'A74C', 'A96B', 'A101B', 'D112B', 'C140D', 'D148B', 'C208A', 'C232A']	10	-8.806290394160897	-9.339045146480203	-11.767799124587327	-2.4287539781071246
ABAAABCBACABAACBDBABBDBDBBBAAACAABAAABDAABAABAAABCBAAAAACACBAAAAADACCBAABCCACABBABABAAABABBAABDBABCABAABABAAAABBCBCAAADABCCCDDAAAAAAAABDBDADBADAAABBABAAAAACBBADAAACCAAABAAABAAABAABABAABABABAAAACCAAAABBAABBBBAACDCAACDBDCCCAAAAABADDBAACAAAAABAABAAAAAAABBDBDBACCBBBA	['B63A', 'A73B', 'A74C', 'A96B', 'A101B', 'D112B', 'C140D', 'D148B', 'C208A', 'C232A']	10	-8.806290394160897	-9.339045146480203	-11.767799124587327	-2.4287539781071246
ABAAABCBACABAACBABABBDBDBBBAAACAABAAABDAABAABAAABCBAAAAACACBAABAADACCBADAACACABBABABAAABABBAABDAABCABAABABAAAADDCBCAAADABCCDBDAAAAAAAABDBDADBADAAABBABAAAAACBBADAACCCABABAAABAAABAABABAABABABAAAACCAAAABBAABBBBCACDCAACDBCCCCAAAAABADDBCACAAAAABAABAAAAAAABBDBDAACCBBBA	['D17A', 'A72D', 'A101B', 'B111D', 'C124D', 'D125B', 'C140D', 'D148B', 'A163C', 'A167B', 'D218C', 'B256A']	12	-8.816403762204573	-9.539297212380916	-11.978164558531716	-2.4388673461508006
ABAAADBBABABAACBDBABBDBDBBBAAAAAABAAABDAABAABAAABCBAAAAACACBAABAADACCBADAACACABBABACAAABABAAABDAABCABAABABAAAABBCBCAAADABCCCDDAAAAAAAABDBDACBADAAABDABBAAACCBBADAAACCAAABAAABAAABAABABAABABABAAAACCAAAABAAABBABCACDCAACDBDCCCAAAAABADDBCACAAAAABAABAAAAAAABBDBDBACCBBBA	['B6D', 'C7B', 'C10B', 'C31A', 'A72D', 'B84C', 'B91A', 'A101B', 'D112B', 'A151B', 'A155C', 'B201A', 'B206A']	13	-9.430835663108155	-8.816822841647081	-11.870122088701464	-2.439286425593309
ABAAABCBACABAACBABABBDBDBBBAAACAABAAABDAABAABAAABCBAAAAACACBAABAADACCBAAAACACABBABABAABBABBAABDAABCAAAABABAAAABACBCAAADABCCDADAAAAAAAABDBDADBADAAABBABAAACACBBADAAACCAAABAAABAAABAABABAABABABAAAACCAAAABBAABBBBCACDCAACDBDCCCAAAAABADDBCACAAAAABAABAAAAAAABBDBDBACCBBBA	['D17A', 'A87B', 'D112A', 'C124D', 'D125A', 'C140D', 'D148B', 'A154C']	8	-8.81725637218915	-9.89804461953463	-12.337764575670008	-2.4397199561353773
ABAAABCBACBBABCBDBABCDDDBBBAAACAABAAABDAABAABAAABCBAAAAACACBAABAADACCBAAAACACABBABABAAAAABBAABDAABCAAAABABAAAABDDBCAAACABCCDADAAAAAAAABDBDACBADAAABDABAAAACCBBADAAACCAAABAAABAAAAAABABAABABABAAAACCAAAABBAABBABCACDCAACDBDCCCAAAAABADDBCACAAAAABAABAAAAAAABBDBDBACCBBBA	['A11B', 'A14B', 'B21C', 'B23D', 'B88A', 'C113D', 'D119C', 'C124D', 'D125A', 'A155C', 'B177A', 'B206A']	12	-9.199542606016621	-8.826575030529057	-11.648581220491906	-2.4490386144752847
ABAAABCBACABAACBDBABBDBDBBBAAACAABAAABDAABAABAAABCBAAAAACACBAABAADACCBADAACACABBABABAAABABBAABDAABCAAAABABAAAABDCBCAAADABCCCDDAAAAAAAABDBDACBADAAABDABAAACCCBBADAAACAAAABAAABAAABAABABAABABABAAAACCAAAABAAABBBBCACDBAACDBDCCCAAAAABADDBCADAAAAABAABAAAAAAABBDBDBACCBBBA	['A72D', 'A154C', 'A155C', 'C165A', 'B201A', 'C212B', 'C234D']	7	-8.856286438880488	-8.8269871044904	-11.305737127317116	-2.4494506884366274
ABAAABCBACABABCBDBAABDBCABBAAAAAABAAABDAABAABAAABCBAAAAACAADAABAADACCBAAAACACABBABABAAABABBCABDAABCABAABABAAAABDCBCAAADABCCAADAAAAAAAABDBDACBADAAABDABAAAAACBBADAAACCAAABAAABAAABAABABAABABABAAAACCAAAABBAABBBBCACDCAAADBDCCCCAAAABADDBCACAAAAABAABAAAAAAABBDBDBACCBBBA	['A14B', 'B20A', 'D24C', 'B25A', 'C31A', 'C59A', 'B60D', 'A92C', 'A101B', 'C124A', 'D125A', 'C215A', 'A222C']	13	-8.831923738820478	-10.276571273687296	-12.730958596454002	-2.4543873227667063
ABAAABCBACABAACBABABADDDBBBAAAAAABAAABDAABAADAAABCBAAAAACACBAABAADACCBAAAACACABBABABAAABABBAABDAABCABAABABAAAABDCBCAAADABCCAABAAAAAAAABDBDADBADAAABBABAAAAACBBADAAACCAAABAAABAABBAABABAABABABAAAACCAAAABBAABBBBCACDCAACDBCCCCAAAAABADDBCACAAAAABAABAAAAAAABBDBDBACCBBBA	['D17A', 'B21A', 'B23D', 'C31A', 'B45D', 'A101B', 'C124A', 'D125A', 'D126B', 'C140D', 'D148B', 'A176B', 'D218C']	13	-8.844064481323585	-10.232774726537173	-12.699302791806986	-2.466528065269813
ABAAACCBACABAACBABABBDBDBBBAAAAAABAAABDAABAABAAABCBAAAAACACBAABAADACCBAAAACACABBABABAAABABBAABDAABCAAAABABAAAABDCBCAAADABCCDBDAAAAAAAABDBDACBADAAABDABAAAAACBBADAAACCAAABAAABAAABAABABAABABABAAAACCAAAABBAABBBBCACDCAACDBDCCCAAAAABADDBAACAAAAABAABAAAAAAABBDBDBACCBBBA	['B6C', 'D17A', 'C31A', 'C124D', 'D125B', 'C232A']	6	-8.868632320081815	-8.900877290870994	-11.391973194899037	-2.491095904028043
ABAAABCBACABAACBDBABBDBBBBBAAACAABAAABDAABAADAAABCBAAAAACACBAABAADACCBAAAACACABBABABAAABABBAABDAABCABAABABAAAABDCBCAAADABCCCADAAAAAAAABDBDADBADAAABBABAAAAACBBADAAACCAAABAAABAAABAABABAABABABAAAACCAAAABBAABBBBCACDCAACDBDCCCAAAAABADDBCACAAAAABAABAAAAAAABBDBDBACCBBBA	['D24B', 'B45D', 'A101B', 'D125A', 'C140D', 'D148B']	6	-8.876601443393156	-10.773015704471618	-13.272080731811002	-2.499065027339384
ABAAABCBACBBAACBDBABBDBCBBBAAAAAABAAABDAABAABAAABCBAAAAACACBAABAADACCBAAACCACABBABABAAABABBAABDAABCAAAABABAAAABDCBCAAABABCBDDDAAAAAAAABDBAADBADAAABBABAAAAAABBADAAACCAAABAAABAAABAABABAABABABAAAACCAAAABBAABBBBCACDCAACDBBCCCAAAAABADDBCADAAAAABAABAAAAAAABBDBDBACCBBBA	['A11B', 'D24C', 'C31A', 'A74C', 'D119B', 'C123B', 'C124D', 'D138A', 'C140D', 'D148B', 'C156A', 'D218B', 'C234D']	13	-8.895560530247167	-11.044008190277964	-13.562032304471359	-2.518024114193395
ABAAACCBABABAACBDBABBDBDBBBAAACAABAAABDAABAABAAABABAAAAACACBAABAADACCBADAACACABBABABAAABABBAABDAABCAAAABABAAAABDCBCAAACABBCDDDAAAAAAAABDBDACBADAAABDABBAAACCBBADAADCCAAABAAABAAABAABABAABABABAAAACCAAAABBAABBBBCACDCAACDBDCCCAAAAABADDBCACAAAAABAABAAAAAAABBDBDBACCBBBA	['B6C', 'C10B', 'C50A', 'A72D', 'D119C', 'C122B', 'C124D', 'A151B', 'A155C', 'A163D']	10	-8.89664701698348	-9.794346757989842	-12.31345735891955	-2.5191106009297073
ABAAABCBACABAACBDBAABDBDBBBAAACAABAAABDAABAABAAABCBAAAAACACBAABAADACCBAAAACACABBABABAAABABBAABDAABCAAAABABAAAABDCBCAAADABCCCDDAAAAAAAABDBDADBADAAABBABAAAAACBBACAAACCAAABAAABAAABAABABAABABABAAAACCAAAABAAABBBBCACDCAACDBDCCCAAAAABADDBCACAAAAABAABAAAAAAABBDBDBACCBBBA	['B20A', 'C140D', 'D148B', 'D160C', 'B201A']	5	-10.217130898265168	-8.897274618357187	-12.736869100568583	-2.519738202303415
ABAAABCBACABAACBDBAABDBDBBBAAACAABAAABDAABAABAAABCBAAAAACACBAABAADACCBAAAACACABBABABAAABABBAABDAABCAAAABABAAAABDCBCAAADABCCCDDAAAAAAAABDBDADBADAAABBABAAAAACBBACAAACCAAABAAABAAABAABABAABABABAAAACCAAAABAAABBBBCACDCAACDBDCCCAAAAABADDBCACAAAAABAABAAAAAAABBDBDBACCBBBA	['B20A', 'C140D', 'D148B', 'D160C', 'B201A']	5	-10.217130898265168	-8.897274618357187	-12.736869100568583	-2.519738202303415
ABAAABCBACABAACBABABBDBABBBAAACAABAAABAAABAABAAABCBAAAAACACBAABAADACCBAAAACACABBABABAAABABBAABDAABCABAABABAAAABDCBCAAADABCCDDDAAAAAAAABDBDADBADAAABBABAAAAACBBADAAACCABABAAABAAABAABABAABABABAAAACCAAAABAAABBBBCACDBAACDBDCCCAAAAABADDBCACAAAAABAABAAAAAAABBDBDBACCBBBA	['D17A', 'D24A', 'D39A', 'A101B', 'C124D', 'C140D', 'D148B', 'A167B', 'B201A', 'C212B']	10	-8.900931844254956	-9.794143300969154	-12.317538729170337	-2.5233954282011837
ABAAABCBACABAACBABABBDBABBBAAACAABAAABAAABAABAAABCBAAAAACACBAABAADACCBAAAACACABBABABAAABABBAABDAABCABAABABAAAABDCBCAAADABCCDDDAAAAAAAABDBDADBADAAABBABAAAAACBBADAAACCABABAAABAAABAABABAABABABAAAACCAAAABAAABBBBCACDBAACDBDCCCAAAAABADDBCACAAAAABAABAAAAAAABBDBDBACCBBBA	['D17A', 'D24A', 'D39A', 'A101B', 'C124D', 'C140D', 'D148B', 'A167B', 'B201A', 'C212B']	10	-8.900931844254956	-9.794143300969154	-12.317538729170337	-2.5233954282011837
ABAAABCBACABAACBABABBDBABBBAAACAABAAABAAABAABAAABCBAAAAACACBAABAADACCBAAAACACABBABABAAABABBAABDAABCABAABABAAAABDCBCAAADABCCDDDAAAAAAAABDBDADBADAAABBABAAAAACBBADAAACCABABAAABAAABAABABAABABABAAAACCAAAABAAABBBBCACDBAACDBDCCCAAAAABADDBCACAAAAABAABAAAAAAABBDBDBACCBBBA	['D17A', 'D24A', 'D39A', 'A101B', 'C124D', 'C140D', 'D148B', 'A167B', 'B201A', 'C212B']	10	-8.900931844254956	-9.794143300969154	-12.317538729170337	-2.5233954282011837
ABAAABCBACABAACBABABBDBDBBBAAACAABAAABDAABAABAAABCBAAAAACACBAABAADACCBAAAACACABBABABAABBABBAABDAABCAAAABABAAAABDCBCAAADABCCDADAAAAAAAABDBDADBADAAABBABAAACACBBADAAACCAAABAAABAAABAABABAABABABAAAACCAAAABBAABBBBCACDCAACDBDCCCAAAAABADDBCACAAAAABAABAAAAAAABBDBDBACCBBBA	['D17A', 'A87B', 'C124D', 'D125A', 'C140D', 'D148B', 'A154C']	7	-8.905220355605707	-9.745249131519813	-12.272933071071748	-2.5276839395519346
ABAAABCBACABAACBDBABBDBDBBBAAAAAABAAABDAABAABAAABCBAAAAACACBAABAADACCBAAAACACABBABABAAABABBAABDAABCABAABABAAAABDCBCAAADABCCCDDAAAAAAAABDBDADBADAAABBABAAAAAABBADAAACCAAABAAAAAAABAABABAABABABAAAACCAAAABBABBBAAAACDCAACDBDCCCAAAAAAADDBCACAAAAABAABAAAAAAABBBBDBACCBBBA	['C31A', 'A101B', 'C140D', 'D148B', 'C156A', 'B173A', 'A203B', 'B206A', 'B207A', 'C208A', 'B227A', 'D253B']	12	-9.382898949086666	-8.910800778772682	-11.916163311805576	-2.53326436271891
ABAAABCBACABAACBABABBDBABBBBAACAABAAABDAABAADAAABCBAAAAACACBAABAADACCBADAACACABBABABAAABABBAABDAABCAAAABABAAAABDCBCAAADABCCADDAAAAAAAABDBDADBADAAABBABAAAAACBBADAAACCAAABAAABAAABAABABAABABABAAAACCAAAABBAABBBBCACDCAACDBDCCCAAAAABADDBCACAAAAABAABAAAAAAABBDBDBACCBBBA	['D17A', 'D24A', 'A28B', 'B45D', 'A72D', 'C124A', 'C140D', 'D148B']	8	-9.419338713167235	-8.91443593846634	-11.956238235579804	-2.5368995224125683
ABAAABCBACABAACBDBABBDBBBBBAAACAABAAABDAABAABAAABCBAAAAACACBAABAADACCBAAAACACABBABABAAABABBAABDAABCAAAABABAAAABDCBCAAACABBCAADAAAAAAAABDBDACBADAAABDABBAAACCBBADAAACCAAABAAABAAABAABABAABABABAAAACCAAAABAAABABBCACDCAACDBDCCCAAAAABADDBCACAAAAABAABAAAAAAABBDBCBACCBBBA	['D24B', 'D119C', 'C122B', 'C124A', 'D125A', 'A151B', 'A155C', 'B201A', 'B205A', 'D255C']	10	-8.924734315602109	-10.514683035027701	-13.061880934576038	-2.547197899548337
ABAAABCBACABAACBDBABBDBDBBBAAAAAABAAABDAABAABAAABCBAAAAACACBAAAAADACCAAAAACACABBABABAAABABBAABDAABCABAABABAAAABDCBCAAABABBCCADAAAAAAAABDBDADBADAAABBABAAAAACBBACAAACCAAABAAABAAABAABABAABABABAAAACCAAAABAAABABBCACDCAACDBDCCCAAAAABADDBCADAAAAABAABAAAAAAABBDBDBACCBBBA	['C31A', 'B63A', 'B70A', 'A101B', 'D119B', 'C122B', 'D125A', 'C140D', 'D148B', 'D160C', 'B201A', 'B205A', 'C234D']	13	-8.937163274502382	-11.982504569139564	-14.542131427588174	-2.5596268584486097
ABAAABCBACABAACBDBABBDBDBBBAAACAABAAABDAABAABAAABCBAAAAACACBAABAADACCBAAAACACABBABABAAABABBAABDAABCAAAABABAAAABACBCAAADABCCAADAAAAAAAABABAADBADAAABCABAAAAAABBADAAACCAAABAAABAAABAABABAABABABAAADCCAAAABBAABBABAACDBAACDBCCCCAAAAABADDBCADAAAAABAABAAAAAAABBDBDBACCBBBA	['D112A', 'C124A', 'D125A', 'D136A', 'D138A', 'C140D', 'D148C', 'C156A', 'A193D', 'B206A', 'C208A', 'C212B', 'D218C', 'C234D']	14	-9.217973562888801	-8.9540353291668	-11.794472476001829	-2.576498913113028
ABAAAABBACABAACBABABBDBDBBBAAAAAABAAABDAABAABAAABCBAAAAACACBAABAADACCBAAAACACABBABABAAABABBAABDAABCABAABABAAAABDCBCAAADABCCCADAAAAAAAABDBBADBADAAABBABAAAAAABBADAAACCAAABAAABAAABAABABAABABABAAAACCAAAABBABBBBBCACDCAACDBDCCBCAAAABADDBCACAAAAABAABAAAAAAABBDBDAACCBBBA	['B6A', 'C7B', 'D17A', 'C31A', 'A101B', 'D125A', 'D138B', 'C140D', 'D148B', 'C156A', 'A203B', 'C221B', 'A222C', 'B256A']	14	-8.969897935865447	-9.723035945091397	-12.315397464903072	-2.592361519811675
ABAAABCBACBBAACBDBAABDBDABBAAAABABAAABDACBAABAAABCBAAAAACACBAABAADACCBAAAACACABBABABAAABABBAABDAABCAAAABABAAAACDCBCAAADABCCCACAAAAAAAACDBDADBADAAABBABAAAAACBBADAAACCAAABAAABAAABAABABAABABABAAAACCAAAABAAABBBBCACDCAACDBCCCCAAAAABADDBCACAAAAABAABAAAAAAABBDBDBACCBBBA	['A11B', 'B20A', 'B25A', 'C31A', 'A32B', 'A41C', 'B111C', 'D125A', 'D126C', 'B135C', 'C140D', 'D148B', 'B201A', 'D218C']	14	-8.976791495690122	-9.67347402125597	-12.27272910089232	-2.5992550796363503
ABAAABCBACBBAACBDBAABDBDBBBAAACAABAAABDAABAABAAABCBAAAAACACBAABAADACCAAAAACACABBABABAAABABBAABDAABCABAABABAAAABDCBCAAABABCCDDDAAAAAAAABDBDADBADAAABBABAAAAACBBADAAACCAAABAAABAAABAABABAABABABAAACCDAAAABBAABBABCACDCAACDBDCCCAAAAABADDBCACAAAAABAABAAAAAAABBDBDBACCBBBA	['A11B', 'B20A', 'B70A', 'A101B', 'D119B', 'C124D', 'C140D', 'D148B', 'A193C', 'C195D', 'B206A']	11	-8.97755472525023	-9.63805138785392	-12.238069697050378	-2.6000183091964573
ABAAABCBACBBAACBDBAABDBDBBBAAACAABAAABDAABAABAAABCBAAAAACACBAABAADACCAAAAACACABBABABAAABABBAABDAABCABAABABAAAABDCBCAAABABCCDDDAAAAAAAABDBDADBADAAABBABAAAAACBBADAAACCAAABAAABAAABAABABAABABABAAACCDAAAABBAABBABCACDCAACDBDCCCAAAAABADDBCACAAAAABAABAAAAAAABBDBDBACCBBBA	['A11B', 'B20A', 'B70A', 'A101B', 'D119B', 'C124D', 'C140D', 'D148B', 'A193C', 'C195D', 'B206A']	11	-8.97755472525023	-9.63805138785392	-12.238069697050378	-2.6000183091964573
ABAAABCBACBBAACBDBAABDBDBBBAAACAABAAABDAABAABAAABCBAAAAACACBAABAADACCAAAAACACABBABABAAABABBAABDAABCABAABABAAAABDCBCAAABABCCDDDAAAAAAAABDBDADBADAAABBABAAAAACBBADAAACCAAABAAABAAABAABABAABABABAAACCDAAAABBAABBABCACDCAACDBDCCCAAAAABADDBCACAAAAABAABAAAAAAABBDBDBACCBBBA	['A11B', 'B20A', 'B70A', 'A101B', 'D119B', 'C124D', 'C140D', 'D148B', 'A193C', 'C195D', 'B206A']	11	-8.97755472525023	-9.63805138785392	-12.238069697050378	-2.6000183091964573
ABAAABCBACABAACBDBAABDBDBBBAAACAABAAABDAABAABAAABCBAAAAACACBAABAADACCBAAAACACABBABABAAABABBAABDAABCAAAABABAAAABBCBCAAADABCCCDDAAAAAAAABDBDADBADAAABBABAAAAACBBADAAACCAAABAAABAAABAABABAABABABAAAACCAAAABAAABBBBCACDBAACDBDCCCAAAAABADDBCACAAAAABAABAAAAAAABBDBDBACCBBBA	['B20A', 'D112B', 'C140D', 'D148B', 'B201A', 'C212B']	6	-10.44375146436505	-8.994621810037643	-13.060836858348921	-2.6170853939838707
ABAAABCBACABAACBDBAABDBDBBBAAAAAABAAABDAABAABAAABABAAAAACACBAABAADACCBADAACACABBABADAAABABBAABDAABCABAABABAAAABDCBCAAACABBCCDDAAAAAAAABDBDADBADAAABBABAAAAACBBADAABCCAAABAAABAAABAABABAABABABAAAACCAAAABAAABBBBCACDCAACDBDCCCAAAAABADDBCACAAAAABAABAAAAAAABBDBDBACCBBBA	['B20A', 'C31A', 'C50A', 'A72D', 'B84D', 'A101B', 'D119C', 'C122B', 'C140D', 'D148B', 'A163B', 'B201A']	12	-9.002923080464825	-9.366632896766532	-11.992019561177585	-2.625386664411053
ABAAABCBABABAACBDBABBDBDBBBAAACAABAAABDAABAABAAABCBAAAAACACBAABAADACCBADAACACABBABABAAABABBAABDAABCABAABABAAAABDCBCAAADABCCCDDAAAAAAAABDBDACBADAAABCABAAAAAABBADAAACCAAABAAABAAABAABABAABABABAAAACCAAAABBAABBBBCACDCAACDBDCCCAAAAABADDBCADAAAAABAABAAAAAAABBDBDBACCBBBA	['C10B', 'A72D', 'A101B', 'D148C', 'C156A', 'C234D']	6	-9.0191184298601	-9.25201712641865	-11.893599140224978	-2.641582013806328
ABAAABCBACABAACBABABBDBDBBBAAAAAABAAABDAABAABAAABCBAAAAACACBAABAADACCBADAACACABBABABAAABABBAABDAABCAAAABABAAAABDDBCAAADABCCAADAAAAAAAABDBCADBADAAABBABAAAAACBBADAAACCAAABAAABAAABAABABAABABABAAAACCAAAABBAABBABCACDCAACDBDCCCAAAAABADDBCACAAAAABAABAAAAAAABBDBDBACCBBBA	['D17A', 'C31A', 'A72D', 'C113D', 'C124A', 'D125A', 'D138C', 'C140D', 'D148B', 'B206A']	10	-9.654057779116556	-9.020152181852609	-12.296673544915393	-2.642615765798837
ABAAABCBACABAACBDBABBDBDBBBAAAAAABAAABDAABAABAAABCBAAAAACACBAABAADACCBAAAACACABBABABAAABABBAABDAABCAAAABABAAAABDCBCAAADABCCDADAAAAAAAABDBDACBADAAABDABAAAAACBBADAAACCAAABAAABAAABAABABAABABABAAAACCAAAABBAABBBBCACDCAACDBDCCCAAAAABADDBAADAAAAABAABAAAAAAABBABDAACCBBBA	['C31A', 'C124D', 'D125A', 'C232A', 'C234D', 'D253A', 'B256A']	7	-9.036942108301446	-9.172237375285476	-11.83164306753315	-2.659405692247674
ABAAACCBABABBACBDBABBDBDBBBAAAAAABAAABDAABAABAAABCBAAAAACACBAABAADACCBAAAACACABBABABAAABABBAABDAABCABAABABAAAABCCBCAAACABBCDDDAAAAAAAABDBDACBADAAABDABAAAACABBADAAACCAAABAAABAAABAABABAABABABAAAACCAAAABBAABBBBCACDCAACDBDCCCAAAAABADDBCACAAAAABAABAAAAAAABBDBABACCBBBA	['B6C', 'C10B', 'A13B', 'C31A', 'A101B', 'D112C', 'D119C', 'C122B', 'C124D', 'A155C', 'C156A', 'D255A']	12	-9.604113476118073	-9.15865970478626	-12.38523676485056	-2.7811232887324877
ABAAACCBABABAACBDBABBDBDABBAAAAAABAAABBAABAABAAABCBAAAAACACBAABAADACCBADAACACABBABABAAABABBAABDAABCABAABABAAAABDCBCAAADABBCADDAAAAAAAABDBDADBADAAABBABAAAAACBBADAAACCAAABAAABAAABAABABAABABABAAAACCAAAABBAABBBBCACDCAACDBDACCCAAAABADDBCACAAAAABAABAAAAAAABBDBDBACCBBBA	['B6C', 'C10B', 'B25A', 'C31A', 'D39B', 'A72D', 'A101B', 'C122B', 'C124A', 'C140D', 'D148B', 'C219A', 'A222C']	13	-9.164396780310199	-9.889891482249368	-12.676751846505795	-2.7868603642564267
ABAAABCBACBBAACBDBABBDBCBBBAAACAABAAABDACBAABAAABCBAAAAACACBAABAADACCBADAACACABBABABAAABABBAABDAABCAAAABABAAAABACBCAAACABCCCDDAAAAAAAABDBBADBADAAABBABAAAAACBBADAAACCAAABAAABAAABAABABAABABABAAAACCAAAABBAABBBBCACDCAACDBDCCCAAAAABADDBCACAAAAABAABAAAAAAABBDBDBACCBBBA	['A11B', 'D24C', 'A41C', 'A72D', 'D112A', 'D119C', 'D138B', 'C140D', 'D148B']	9	-9.166967001976445	-10.62063203100115	-13.410062616923824	-2.7894305859226733
ABAAABCBACBBAACBCBABBDDDBBBAAACAABAAABDAABAABAAABCBAAAAACACBAABAADACCBAABACACABBABABAAABABBCABDAABCAAAABABAAAABDCBCAAADABCCADDAAAAAAAABDBDACBADAAABDABAABAACBBADAAACCAAABAAABAAABAABABAABABABAAACCCAAAABAAABBBBBACDDAACABDCBCAAAAABADDBCACAAAAABAABAAAAAAABBDBDBACCBBBA	['A11B', 'D17C', 'B23D', 'A73B', 'A92C', 'C124A', 'A153B', 'A193C', 'B201A', 'C208B', 'C212D', 'D216A', 'C220B']	13	-9.775441202451475	-9.18009231700853	-12.577997103406233	-2.802555900954758
ABAAABCBACABABCBDBABBDBDBBBAAACAABAAABDAABAABAAABCBAAAAACACBAABAADACCBAAAACACAABABABAAABABBAABDAABCAAAABABAAAABACBCAAADABCCCBDAAAAAAAABDBDADBADAAABBABAAAAAABBADAADCCAAABAAABAAABAABABAABABABAAAACCAAAABBAABBBBBACDCAACDBDCCCAAAAABADDBCACAAAAABAABAAAAAAABBDBDAACCBBBA	['A14B', 'B79A', 'D112A', 'D125B', 'C140D', 'D148B', 'C156A', 'A163D', 'C208B', 'B256A']	10	-9.886163909221068	-9.215727515984327	-12.724355009151623	-2.8381910999305546
ABAAABCBACABAACBDBAABDBDBBBAAAAAABAAABDAABAABAAABCBAAAAACACBAABAADACCBAAAACACABBABABAAABABBAABDAABAABAABABAAAABDCBCAAADABBCAADAAAAAAAABDBDADBADAAABBABAAAAACBBADAADCCAAABAAABAAABAABABAABABABAAAACCAAAABAAABBBBCACDCAACDBDCCCAAAAABADDBCADAAAAABAABAAAAAAABBDBDBACCBBBA	['B20A', 'C31A', 'C99A', 'A101B', 'C122B', 'C124A', 'D125A', 'C140D', 'D148B', 'A163D', 'B201A', 'C234D']	12	-9.242037400137633	-9.637488599226344	-12.501989583310205	-2.864500984083861
ABAAABCBABBBAACBDBABBDBDBBBAAAAAABAAABDAABAABAAABCBAAAAACACBAABAADACCBAAAACACABBABABAAABABBAABDAABCABAABABAAAACACBCAAACABBCCDDAAAAAAAABDBDADBADAAABBABAAAAACBBADAAACCAAABAAABAAABAABABAABABABAAAACCAAAABBAABBBBCACDCAACDBCCCCAAAAABADDBCADAAAAABAABAAAAAAABBDBDBACCBBBA	['C10B', 'A11B', 'C31A', 'A101B', 'B111C', 'D112A', 'D119C', 'C122B', 'C140D', 'D148B', 'D218C', 'C234D']	12	-9.245319480774924	-9.755890654225368	-12.62367371894652	-2.867783064721152
ABAAABCBABABAACBDBABBDBDBBBAAACAABAAABDAABAABAAABCBAAAAACACBAABAADACCBADAACACABBABAAAAABABBAABDAABCABAABABAAAABDCBCAAADABCCCDDAAAAAAAABDBDACBADAAABDABBAAAACBBADAAACCAAABAAABAAABAABABAABABABAAAACCAAAABBAABBBBCACDCAACDBBCCCAAAAABADDBCADAAAAABAABAAAAAAABBDBDBACCBBBA	['C10B', 'A72D', 'B84A', 'A101B', 'A151B', 'D218B', 'C234D']	7	-9.280089183477685	-10.727728236000985	-13.630281003424898	-2.902552767423913
ABAAABCBACABAACBABABBDBDBBBAAACAABAAABDAABAABAAABCBAAAAACACBAABAADACCBADAACACABBABABAAABABBAABDAAACAAAABABAAAADDDBCAAADABCCAABAAAAAAAABDBDACBADAAABDABBAAACCBBADAAACCAAABBAABAAABAABABAABABABAAAACCAAAABAAABBBBCACDCAACDBDCBCAAAAABADDBCACAAAAABAABAAAAAAAABDBDBACCBBBA	['D17A', 'A72D', 'B98A', 'B111D', 'C113D', 'C124A', 'D125A', 'D126B', 'A151B', 'A155C', 'A170B', 'B201A', 'C220B', 'B251A']	14	-9.291996343294159	-9.759895848488668	-12.674355775729055	-2.9144599272403866
ABAAABCBACBBABCBDBAABDBDBBBAAACAABAAABDAABAABAAABCBAAAAACACBAABAADACCBAAAACACABBABABAAABABBAABDAABCAAAABABAAAABDDBCAAADABCCDADAAAAAAAABDBDADBADAAABBABAAAAACBBADAAACCAAABAAABAAABAABABAABABABAAACCCAAAABBAABBABCACDCAACDBDCCCAAAAABADDBCACAAAAABAABAAAAAAABBDBDBACCBBBA	['A11B', 'A14B', 'B20A', 'C113D', 'C124D', 'D125A', 'C140D', 'D148B', 'A193C', 'B206A']	10	-10.584841627860442	-9.297130852006376	-13.504436063813046	-2.919594435952604
ABAAABDBACABAACBDBABBDBDBBBAAACAABAAABAAABAABAAABCBAAAAACACBAABAADACCBAAAACACABBABABAAABABBAABDAABCABAABABAAAABDCBCAAADABCCDDDAAAAAAAABDBCADBADAAABBABAAAAACBBADAAACCAAABAAABAAABAABABAABABABAAAACCAAAABAAABBBBCABDCAACDBDCBCAAAAAAADDBCACAAAAABAABAAAAAAABBDBDBACCBBBA	['C7D', 'D39A', 'A101B', 'C124D', 'D138C', 'C140D', 'D148B', 'B201A', 'C210B', 'C220B', 'B227A']	11	-9.299670131178573	-10.958403634373099	-13.8805373494979	-2.922133715124801
ABAAABCBACABAACBDBABBDBDBBBAAACAABAAABDAABAABAAABABAAAAACACBAABAADACCBAAAACACABBABABAAABABBAABDAABCAAAABABAAAABDCBCAAADABCCCBDAAAAAAAABDBDADBADAAABBABAAAAACBBADAAACCAAABAAABAAABAABABAABABABAAAACCAAAABBAABBBBCACDCAACDBDCCCAAAAABADDBCACAAAAABAABAAAAAAABBDBDBACCBBBA	['C50A', 'D125B', 'C140D', 'D148B']	4	-9.30093712429516	-9.430524729657918	-12.353925437899306	-2.923400708241388
ABAAABCBACABABCBDBABBDBDBBBAAACAABAAABDAABAABAAABCBAAAAACACBAABAADACCBAAAACACABBABABAAABABBAABDAABCABAABABAAAABDCBCAAACABCCADDAAAAAAAABABBAABCDAAABCABAAAAACBBADAAACCAAABAAABAAABAABABAABABABAAAACCAAAABBABBBBBBACDCAACDBCCCCAAAAAAADDBCADAAAAABAABAAAAAAABBDBDAACCBBBA	['A14B', 'A101B', 'D119C', 'C124A', 'D136A', 'D138B', 'C140A', 'A142C', 'D148C', 'A203B', 'C208B', 'D218C', 'B227A', 'C234D', 'B256A']	15	-9.379113079514354	-9.330453302711248	-12.332029966171831	-2.9529168866574764
ABAAABCBACABABCBABABBDBDBBBAAACAABAAABDAABAABAAABCBAAAAACACCAABAADACCBAAAACACABBABABAAABABBAABDAABCABAABABAAAABCCBCAAADABCCADDAAAAAAAACDBCADBADAAABBABAAAAACBBADAAACCAAABAAABAAABAABABAABABABAAAACCAAAABAAABBBBCACDCAACDBDCCCAAAAABADDBCACAAAAABAABAAAAAAABBDBDBACCBBBA	['A14B', 'D17A', 'B60C', 'A101B', 'D112C', 'C124A', 'B135C', 'D138C', 'C140D', 'D148B', 'B201A']	11	-9.624281531432644	-9.36480163084343	-12.611546746222302	-2.987265214789659
ABAAACCBACBBAACBABABBDBDBBBAAAAAABAAABDAABAABAAABCBAAAAACACBAAAAADACCBAAACCACABBABABAAABABBAABDBABCABAABABAAAABCCBCAAADABCCDADAAAAAAABBABDACBADAAABDABAAAAACABACAAACCAAABAAABAAABAABABAABABABAAAACCAAAABAAABBABCACCCAACDBDCCCAAAAABADDBCADAAAAABAABAAAAAAABBDBDBACCBBBA	['B6C', 'A11B', 'D17A', 'C31A', 'B63A', 'A74C', 'A96B', 'A101B', 'D112C', 'C124D', 'D125A', 'A134B', 'D136A', 'B157A', 'D160C', 'B201A', 'B206A', 'D211C', 'C234D']	19	-9.411570952972397	-10.54831868581823	-13.582353222736856	-3.0340345369186252
ABAAACCBACBBAACBABABBDBDBBBAAAAAABAAABDAABAABAAABCBAAAAACACBAAAAADACCBAAACCACABBABABAAABABBAABDBABCABAABABAAAABCCBCAAADABCCDADAAAAAAABBABDACBADAAABDABAAAAACABACAAACCAAABAAABAAABAABABAABABABAAAACCAAAABAAABBABCACCCAACDBDCCCAAAAABADDBCADAAAAABAABAAAAAAABBDBDBACCBBBA	['B6C', 'A11B', 'D17A', 'C31A', 'B63A', 'A74C', 'A96B', 'A101B', 'D112C', 'C124D', 'D125A', 'A134B', 'D136A', 'B157A', 'D160C', 'B201A', 'B206A', 'D211C', 'C234D']	19	-9.411570952972397	-10.54831868581823	-13.582353222736856	-3.0340345369186252
ABAAABCBACABAACBDBABBDBDBBBAAACAABAAABDAABAAAAAABCBAAAAACACBAABAADACCBAAAACACABBABABAAABABBAABDAABCAAAABABAAAABDCBCAAADABCCCDDAAAAAAAABDBDADBADAAABBABAAAAAABBADAAACCAAABAAABAAABAABABAABABABAAAACCAAAABBAABBBBCACDCAACDBDCCCAAAAABADDBCACAAAAABAABAAAAAAABBDBDBACCBBBA	['B45A', 'C140D', 'D148B', 'C156A']	4	-9.728987081674859	-9.422053402580786	-12.773504068201873	-3.0445169865270145
ABAAABCBACABAACBDBAABDBDBBBAAAAAABAAABDAABAABAAABBBAAAAACACBAABAADACCBAAAACACABBABABAAABABBAABDAABCABAABABAAAABDCBCAAADABCCCDDAAAAAAAABBBDADBADAAABBABAAAAACBBADAAACCAAABAAABAAABAABABAABABABAAAACCAAAABBAABBBBAACDCAACDBDCCCAAAAABADDBCACAAAAABAABAAAAAAABBDBDAACCBBBA	['B20A', 'C31A', 'C50B', 'A101B', 'D136B', 'C140D', 'D148B', 'C208A', 'B256A']	9	-9.428614569362253	-9.775348224677145	-12.826426377985626	-3.051078153308481
ABAAABCBACBBABCBDBABBDBDBBBAAACBABAAABAAABAABAAABCBAAAAACACBAABAADACCBAAAACACABBABABAAAAABBAABDAABCABABBABAAAABDCBCAAAAABBCCADAAAAAAAABDBAADBADAAABBABAAAAACBBADAAACCAAABAAABAAABAABABAABABABAAAACCAAAACAAABBABCACDCAACDBDCCCAAAAABADDBCACAAAAABAABAAAAAAABBDBDBACCBBBA	['A11B', 'A14B', 'A32B', 'D39A', 'B88A', 'A101B', 'A103B', 'D119A', 'C122B', 'D125A', 'D138A', 'C140D', 'D148B', 'B200C', 'B201A', 'B206A']	16	-10.075345910387114	-9.43394014221849	-13.131749636551831	-3.0564037261647172
ABAAACCBABABAACBDBAABDBDBBBAAAAAABAAABDAABAABAAABABAAAAACACBAABAADACCBAAAACACABBABABAAABABBAABDAABCABAABABAAAABDDBCAAACABCCDADAAAAAAAABDBDACBADAAABDABAAAACAABADAAACCAAABAAABAAABAABABAABABABAAAACCAAAABAAABBBBCACDCAACDBDCCCAAAAABADDBCACAAAAABAABAAAAAAABBDBDBACCBBBA	['B6C', 'C10B', 'B20A', 'C31A', 'C50A', 'A101B', 'C113D', 'D119C', 'C124D', 'D125A', 'A155C', 'C156A', 'B157A', 'B201A']	14	-9.439485807204619	-10.234373790677637	-13.296323181828484	-3.061949391150847
ABAAABCBABABAACBDBAABDBDBBBAAACAABAAABDAABAABAAABABAAAAACACBAABAADACCBADAACACABBABABAAABABBAABDAABCABAABABAAAABDCBCAAAAABBCCADAAAAAAAABDBDADBADAAABBABAAAAACBBADAAACCAAABAAABAAABAABBBAABABABAAAACCAAAABBAABBBBCACCCAACDBDCCDCAAAABADDBCACAAAAABAABAAAAAAABBDBDBACCBBBA	['C10B', 'B20A', 'C50A', 'A72D', 'A101B', 'D119A', 'C122B', 'D125A', 'C140D', 'D148B', 'A181B', 'D211C', 'C221D', 'A222C']	14	-9.463947035605088	-12.111266321793664	-15.19767694134498	-3.086410619551316
ABAAABCBACABAACBDBABBDDDBBBAAACAABAAABDAABAABAAABCBAAAAACACBAABAADACCBAAAACACABBABABAAABABBAABDAABCAAAABABAAAABDCBCAAADABCCCADAAAAAAAABDBDADBADAAABBABAAACACBBADAAACCAAACAAABAAABAABABAABAABBAAAACCAAAABAAABBBBCACDCAACDBDCCCAAAAABADDBCACAAAAABAABAAAAAAABBDBDBACCBBBA	['B23D', 'D125A', 'C140D', 'D148B', 'A154C', 'B169C', 'B187A', 'A188B', 'B201A']	9	-9.505925337551162	-9.591720610813354	-12.720109532310744	-3.1283889214973897
ABAAACCBABABBACBDBABBDBDBBBAAACAABAAABDAABAABAAABCBAAAAACACBAABAADACCBADAACACABBABABAAABABBAABDAABCAAAABABAAAABDCBCAAADABCCBAAAAAAAAAABDBDADBADAAABBABAAAAACBBADAAACCAAABAAABAAABAABABAABABABAAAACCAAAABBAABBBBCACDCAACDBDCCCAAAAABADDBCACAAAAABAABAAAAAAABBDBDBACCBBBA	['B6C', 'C10B', 'A13B', 'A72D', 'C124B', 'D125A', 'D126A', 'C140D', 'D148B']	9	-9.856669780541779	-9.567895806860179	-13.047029171348186	-3.1903593908064067
ABAAABCBACBBAACBDBABBDBDBBBAAACAABAAABDAABAABAAABCBAAAAACACBAABAADACCBAAAACACABBABABAAABABBAABDAABCAAAABABAAAABDDACAAADABCCDBDAAAAAAAABDBDACBADAAAACABAAAAACBAADAAACCAAABAAABAAABAABABAABABABAAAACDAAAABBAABBBBCACDCAACDBDCCCAAAAABADDBCACAAAAABAABAAAAAAABBDBDBACCBBBA	['A11B', 'C113D', 'B114A', 'C124D', 'D125B', 'B147A', 'D148C', 'B158A', 'C195D']	9	-9.601427721558139	-9.568682592362165	-12.792573897866532	-3.1911461763083935
ABAAABABACABAACBABABBDBDBBBAAAAAABAAABDAABAABAAABCBAAAAACACBAABAADACCBADAACACABBABABAAABABBAABDAABCAAAABABAAAABDCBCAAACABBCAAAAAAAAAAABDBDADBADAAABBABAAAAACBBADAAACAAAABAAABAAABAABABAABABABAAAACCAAAABAAABBBBCACDCAACABDCCCAAAAABADDBCACAAAAABAABAAAAAAABBDBDAACCBBBA	['C7A', 'D17A', 'C31A', 'A72D', 'D119C', 'C122B', 'C124A', 'D125A', 'D126A', 'C140D', 'D148B', 'C165A', 'B201A', 'D216A', 'B256A']	15	-9.605125799076632	-10.318947952531744	-13.546537335554603	-3.2275893830228597
ABAAABCBACABAACBDBABBDBDABBAAACAABAAABDAABAABAAABCBAAAAACACBAABAADACCBADAACACABBABABAAABABBAABDAABCAAAABABAAAABDCBCAAADABCCCDDAAAAAAAABDBDADBADAAABBABBAAAACBBADAAACCAAABAAABAAABAABABAABABABAAAACCAAAABBAABBBBCACCCAABDBDCCCAAAAABADDBCACAAAAABAABAAAAAAABBDBDBACCBBBA	['B25A', 'A72D', 'C140D', 'D148B', 'A151B', 'D211C', 'C215B']	7	-9.61717393132858	-10.212343581486493	-13.451981096761301	-3.239637515274808
ABAAABCBACABAACBDBABBDBDBBBAAACAABAAABDAABAABAAABCBAAAAACACBAABAADACCBAAAACACABBABABAAABABBAABDAABCAAAABABAAAABDCBCAAADABCCCBDAAAAAAAABDBDADBADAAABCABAAAAAABBADAAACCAAABAAABAAABAABABAABABABAAAACCAAAABBAABBBBBACDCAACDBDCCCAAAAABADDBCACAAAAABAABAAAAAAABBDBDAACCBBBA	['D125B', 'C140D', 'D148C', 'C156A', 'C208B', 'B256A']	6	-10.0812540310435	-9.663673660252243	-13.367391275241971	-3.2861372441984713
ABAAABCBACABAACBDBABBDBDBBBAAACAABAAABDAABAABAAABCBAAAAACACBAABAADACCBADAACACABBABABAAABABBAABDAABCABAABABAAAABDCBCAAACABCCCABAAAAAAAABDBDADBADAAABBABAAAAACBBADAAACCAAABAAABAAABAABABAABABABAAABCCAAAABAAABBBBCACDCAACDBDCCCAAAAABADDBCACAAAAABAABAAAAAAABBDBDBACCBBBA	['A72D', 'A101B', 'D119C', 'D125A', 'D126B', 'C140D', 'D148B', 'A193B', 'B201A']	9	-9.666174565674737	-11.566780810710043	-14.855418960331008	-3.288638149620965
ABAAABCBABABAACBDBABBDBDBBBAAAAAABAAABDAABAABAAABCBAAAAACACBAABAADACCBADAACACABBABABAAABABBAABDAABCABAABABAAAABDCBCAAADABBCADDAAAAAAAABDBDADBADAAABBABAAAAACBBADAAACCAAABAAABAAABAABABAABABABAAAACCAAAABAAABBBBCACDCAACDBDCBCAAAAAAADDBCACAAAAABAABAAAAAAABBDBDBACCBBBA	['C10B', 'C31A', 'A72D', 'A101B', 'C122B', 'C124A', 'C140D', 'D148B', 'B201A', 'C220B', 'B227A']	11	-9.978788525098935	-9.679331265680958	-13.28058337472612	-3.3017948496271856
ABAAACCBABABAACBDBABBDBDBBBAAACAABAAABDAABAABAAABCBAAAAACACBAABAADACCBAAAACACABBABABAAABABBAABDAABCAAAABABAAAABDCBCAAAAABBCAADAAAAAAAABDBDACBADAAABDABAAAAACBBADAAACCAAABAAABAAABAABABAABABABAAAACCAAAABBAABBBBCACDCAACDBDCBCAAAAAAADDBCADAAAAABAABAAAAAAABBDBDBACCBBBA	['B6C', 'C10B', 'D119A', 'C122B', 'C124A', 'D125A', 'C220B', 'B227A', 'C234D']	9	-9.683311890112236	-10.412357780442107	-13.718133254500572	-3.305775474058464
ABAAABCBACABAACBDBABBDBDBBBAAAAAABAAABDAABAABAAABCBAAAAACACBAABAADACCBAAAACACABBABABAAABABBAABDAABCAAAABABAAAACDCBCAAAAABBCCADAAAAAAAABDBDADBADAAABBABAAAAACBBADAAACCAAABAAABAAABAABABAABABABAAAACCAAAABAAABBBBCACCCAACDBDCCCAAAAABADDBCACAAAAABABBAAAAAAABBDBDAACCBBBA	['C31A', 'B111C', 'D119A', 'C122B', 'D125A', 'C140D', 'D148B', 'B201A', 'D211C', 'A242B', 'B256A']	11	-9.718999926699325	-10.550419071048964	-13.891882581694517	-3.3414635106455535
ABAAAAABACABAACBDBABBDBDBBBAAACBABAAABDAABAADAAABCBAAAAACACBAABAADACCBAAAACACABBABABAAABABBAABDAABCABAABABAAAABDCBCAAADABCCCADAAAAAAAACDBDADBADAAABBABAAAAACBBADAAACCAAABAAABAAABAABABAABABABAAAACCAAAABBAABBBBCACDCAACDBDCCCAAAAABADDBCACAAAAABAABAAAAAAABBDBDBACCBBBA	['B6A', 'C7A', 'A32B', 'B45D', 'A101B', 'D125A', 'B135C', 'C140D', 'D148B']	9	-9.731249194359407	-11.084331773687154	-14.438044551992789	-3.353712778305635
ABAAABCBACBBAACBDBABCDBDABBAAACAABAAABDAABAABAAABCBAAAAACACBAABAADACCBAAAACACABBABABAAABABBAABDAABCAAAABABAAAABDCBCAAAAABBCCADAAAAAAAABDBDADBADAAABBABAAAAACBBADAAACCAAABAAABAAABAABABAABABABAAAACCAAAABAABBBBBCACDCAACDBCCCCAAAAABADDBCADAAAAABAABAAAAAAABBABDBACCBBBA	['A11B', 'B21C', 'B25A', 'D119A', 'C122B', 'D125A', 'C140D', 'D148B', 'B201A', 'A203B', 'D218C', 'C234D', 'D253A']	13	-10.004739062162116	-9.7897793034208	-13.416981949529145	-3.4122428873670287
ABAAABCBACABAACBABABBDBDBBBAAACAABAAABDAABAABAAABCBAAAAACACBAABAADACCBAAAACACABBABABAAABABBAABDAABCABAABABAAAABDCBCAAADABCCCDDAAAAAAAABBBDACBADAAABDABBAAACCABAAAAACCAAADAAABAAABAABABAABABABAAAACCAAAABBAABBBBBACDCAACDBDCCCAAAAABADDBDADAAAAABAABAAAAAAABBABDAACCBBBA	['D17A', 'A101B', 'D136B', 'A151B', 'A155C', 'B157A', 'D160A', 'B169D', 'C208B', 'C232D', 'C234D', 'D253A', 'B256A']	13	-10.178807262796909	-9.806850951630622	-13.608121798373759	-3.42931453557685
ABAAABCBACABAACBDBABBDBDBBBAAACAABAAABDAABAABAAABCBAAAAACACBAABAADACCBADAACACABBABABAAABABBAABDAABCAAAABABAAAACDCBCAAADABCCCDDAAAAAAAABDBDADBADAAABBABAAAAACBBADAAACAAAABAAABAAABAABBBAABABABAAAACCAAAABAAABBBBCACDCAACDBDCCCAAAAABADDBAACAAAAABAABAAAAAAABBDBDBACCBBBA	['A72D', 'B111C', 'C140D', 'D148B', 'C165A', 'A181B', 'B201A', 'C232A']	8	-9.809061428764835	-10.407522129360586	-13.83904714207165	-3.431525012711063
ABAAABCBACBBAACBDBABBDBDBBBAAACAABAAABDAABAABAAABCBAAAAACACBAABAADACCBADAACACABBABABAAABABBAABDAABCAAAABABAAAABACBCAAACABBCCADAAAAAAAABDBAADBADAAABCABAAAAACBBADAAACCAAABABABAAABAABABAABABABAAAACCBABABAAABBBBCACCCAABDBDCDCAAAAABADDBCACAAAAABAABAAAAAAABBDBDBACCBBBA	['A11B', 'A72D', 'D112A', 'D119C', 'C122B', 'D125A', 'D138A', 'C140D', 'D148C', 'A171B', 'A196B', 'A198B', 'B201A', 'D211C', 'C215B', 'C220D']	16	-10.20878958585672	-9.842191118572373	-13.673444288375322	-3.464654702518601
ABAAABCBACABAACBDBABBDDDBBBAAACAABAAABDAABAABAAABCBAAAAACACBAABAADACCBAAAACACABBABACAAABABBAABDAABCAAAABABAAAABDCBCAAAAABBCCADAAAAAAAABDBDADBADAAABBABAAAAACBBADAAACCAAABAAABAAABAABABAABABABAAAACCAAAABAAABBBBCACDCAABDBDCCDCAAAABADDBCACAAAAABAABAAAAAAABBDBDAACCBBBA	['B23D', 'B84C', 'D119A', 'C122B', 'D125A', 'C140D', 'D148B', 'B201A', 'C215B', 'C221D', 'A222C', 'B256A']	12	-9.889109532115981	-9.930422222954803	-13.441995339017012	-3.511573116062209
ABAAABCBACABAACBABABBDBDBBBAAACAABAAABDAABAABAAABABAAAAACACBAABAADACCBADAACACABBABABAAABABBAABDAABCAAAABABAAAABDDBCAAADABCCAADAAAAAAAABDBDADBADAAABBABAAAAACBBADAAACCAAABAAABAAABAABABAABABABAAAACCAAAABAAABBBBCACDCAACDBDCBCAAAAAAADDBCACAAAAABAABAAAAAAABBDBDBACCBBBA	['D17A', 'C50A', 'A72D', 'C113D', 'C124A', 'D125A', 'C140D', 'D148B', 'B201A', 'C220B', 'B227A']	11	-10.194602374685928	-9.90083741908893	-13.717903377721086	-3.523301003035158
ABAAABCBACABAACBDBAABDBDBBBAAAAAABAAABDAABAABAAABCBAAAAACACBAABAADACCBAAAACACABBABACAAABABBAABDAABCABAABABAAAABACBCAAADABCCDDDAAAAAAAABDBDADBADAAABBABAAAAACBBADAAACCAAABAAABAAABAABABAABABABAAAACCAAAABBAABBBBCACDCAACDBDCCCAAAAABADDBCACAAAAABAABAAAAAAABBDBDBACCBBBA	['B20A', 'C31A', 'B84C', 'A101B', 'D112A', 'C124D', 'C140D', 'D148B']	8	-10.030283214291558	-10.375513144303113	-14.028259942540899	-3.6527467982377857
ABAAABCBACABAACBDBABBDBDBBBAAAAAABAAABDAABAABAAABCBAAAAACACBAABAADACCBAAAACACABBABABAAABABBAABDAABCAAAABABAAAACDCBCAAAAABBCCADAAAAAAAABDBDADBADAAABBABAAAAACBBADAAACCAAABAAABAAABAABABAABABABAAAACCAAAABBAABBBBCACDCAACDBDCCCAAAAABADDACACAAAAABAABAAAAAAABBDBDBACCBBBA	['C31A', 'B111C', 'D119A', 'C122B', 'D125A', 'C140D', 'D148B', 'B231A']	8	-10.334020632086322	-10.038335918739904	-13.994820134772453	-3.6607995026861317
ABAAABCBACBBAACBDBAABDBDBBBAAACAABAAABDAABAACAAABCBAAAAACACBAABAADACCBAAAACACABBABABAAABABBAABDAABCAAAABABAAAABDCBCAAACABBCCDDAAAAAAAABDBDADBADAAABBABAAAAACBBADAAACCAAABAAABAAABAABABAABABABAAAACDAAAABBAABBBBAACDCAACDBDCCCAAAAABADDBCAAAAAAABAABAAAAAAABBDBDAACCBBBA	['A11B', 'B20A', 'B45C', 'D119C', 'C122B', 'C140D', 'D148B', 'C195D', 'C208A', 'C234A', 'B256A']	11	-10.04073008755222	-10.855630321253557	-14.518823992752004	-3.6631936714984477
ABAAABCBACABAACBDBABBDBDBBBAAAAAABAAABDAABAABAAABCBAAAAACACBAABAADACCBADAACACABBABABAAABABBAABDAABCABAABABAAAABCCBCAAADABACADDAAAAAAAACDBDADBADAAABBABAAAAACBBADAAACCAAABAAABAAABAABABAABABABAAAACCAAAABAAABBBBCACDCAACDBBCCCAAABABADDBCACAAAAABAABAAAAAAACBDBDBACCBBBA	['C31A', 'A72D', 'A101B', 'D112C', 'C122A', 'C124A', 'B135C', 'C140D', 'D148B', 'B201A', 'D218B', 'A225B', 'B251C']	13	-10.090640582842752	-10.912106263363967	-14.625210430152947	-3.7131041667889804
ABAAABCBACABAACBDBAABDBDBBBAAACAABAAABDAABAABAAABABAAAAACACBAABAADACCBAAAACACABBABABAAAAABBAABDAABCABAABABAAAABBCBCAAADABCCCDDAAAAAAAABBBDADBADAAABBABAAAAACBBADAAACCAAABAAABAABBAABABAABABABAAAACCAAAABBAABBBBCACDCAACDBDCCCAAAAABADDBCACAAAAABAABAAAAAAABBDBDBACCBBBA	['B20A', 'C50A', 'B88A', 'A101B', 'D112B', 'D136B', 'C140D', 'D148B', 'A176B']	9	-10.14038055553101	-10.33401580573991	-14.096859945217147	-3.762844139477238
ABAAABCBACABAACBABAABDBDBBBBAACAABAAABAAABAADAAABCBAAAAACACBAABAADACCBAAAACACABBABABAAABABBAABDAABCAAAABABAAAABDDBCAAADABCCDADAAAAAAAABDBDADBADAAABBABAAAAACBBADAACCCAAABAAABAAABAABABAABABABAAAACCAAAABAAABBBBCACDCAACDBDCCCAAAAABADDBCACAAAAABAABAAAAAAABBDBDBACABBBA	['D17A', 'B20A', 'A28B', 'D39A', 'B45D', 'C113D', 'C124D', 'D125A', 'C140D', 'D148B', 'A163C', 'B201A', 'C259A']	13	-10.238010107772425	-10.792872578371316	-14.653346270089969	-3.860473691718653
ABAAABCBACABAACBDBABBDBDBBBAAAAAABAAABDAABAABAAABCBAAAAACACBAABAADACCBADAACACABBABABAAABABBAABDAABCABAABABAAAACDCBCAAACABBCCDDAAAAAAAABDBDADBADAAABBABAAAAACBBADAAACCAAABAAABAAABAAAABAABABABAAAACCAAAABAAABBBBCACDCAACDBDCCCAAAAABADDBCACAAAAABAABAAAAAAABBDBDBACCBBBA	['C31A', 'A72D', 'A101B', 'B111C', 'D119C', 'C122B', 'C140D', 'D148B', 'B180A', 'B201A']	10	-10.288081146543846	-10.36122957180487	-14.271774302294943	-3.9105447304900736
ABAAABCBACABABCBDBABBDBBABBAAACAABAAABDAABAAAAAABCBAAAAACACBAABAADACCBAAAACACABBABABAAABABBAABDAABCAAAABABAAAABDDBCAAADABCCDADAAAAAAAABDBDAABADAAABCABAAAAACABACAAACCAAABAAABAAABAABABAABABABAAAACCAAAABBAABBBBCACDCAACDBDCBCAAAAAAADDBCAAAAAAABAABAAAAAAABBDBDAACCBBBA	['A14B', 'D24B', 'B25A', 'B45A', 'C113D', 'C124D', 'D125A', 'C140A', 'D148C', 'B157A', 'D160C', 'C220B', 'B227A', 'C234A', 'B256A']	15	-10.289964797673747	-12.587020501639927	-16.499448883259902	-3.912428381619975
ABAAABCBACABABCBDBABBDBBABBAAACAABAAABDAABAAAAAABCBAAAAACACBAABAADACCBAAAACACABBABABAAABABBAABDAABCAAAABABAAAABDDBCAAADABCCDADAAAAAAAABDBDAABADAAABCABAAAAACABACAAACCAAABAAABAAABAABABAABABABAAAACCAAAABBAABBBBCACDCAACDBDCBCAAAAAAADDBCAAAAAAABAABAAAAAAABBDBDAACCBBBA	['A14B', 'D24B', 'B25A', 'B45A', 'C113D', 'C124D', 'D125A', 'C140A', 'D148C', 'B157A', 'D160C', 'C220B', 'B227A', 'C234A', 'B256A']	15	-10.289964797673747	-12.587020501639927	-16.499448883259902	-3.912428381619975
ABAAABCBABABAACBDBAABDBDBBBAAACBABAAABDAABAABAAABABAAAAACACBAABAADACCBADAACACABBABABAAABABBAABDAABCABAABABAAAABDCBCAAAAABBCCADAAAAAAAABDBDADBADAAABBABAAAAACBBADAAACCAAABAAABAAABAABBBAABABABAAAACCAAAABBAABBBBCACCCAACDBDCCDCAAAABADDBCACAAAAABAABAAAAAAABBDBDBACCBBBA	['C10B', 'B20A', 'A32B', 'C50A', 'A72D', 'A101B', 'D119A', 'C122B', 'D125A', 'C140D', 'D148B', 'A181B', 'D211C', 'C221D', 'A222C']	15	-10.343575783306733	-12.032375064969528	-15.99841443222249	-3.966039367252961
ABAAABCBABABAACBDBAABDBDBBBAAACBABAAABDAABAABAAABABAAAAACACBAABAADACCBADAACACABBABABAAABABBAABDAABCABAABABAAAABDCBCAAAAABBCCADAAAAAAAABDBDADBADAAABBABAAAAACBBADAAACCAAABAAABAAABAABBBAABABABAAAACCAAAABBAABBBBCACCCAACDBDCCDCAAAABADDBCACAAAAABAABAAAAAAABBDBDBACCBBBA	['C10B', 'B20A', 'A32B', 'C50A', 'A72D', 'A101B', 'D119A', 'C122B', 'D125A', 'C140D', 'D148B', 'A181B', 'D211C', 'C221D', 'A222C']	15	-10.343575783306733	-12.032375064969528	-15.99841443222249	-3.966039367252961
ABAAABCBABABAACBDBABBDBDBBBAAACBABAAABDAABAADAAABCBAAAAACACBAABAADACCBAAAACACABBABABAAABABBAABDAABCABAABABAAAABDCBCAAADABCCCADAAAAAAAABDBDADBADAAABBABAAAAACBBADAACCCAAABAAABAAABAABABAABABABAAAACCAAAABBAABBBBCACDCAACDBDCCCAAAAAAADDBCACAAAAABAABAAAAAAABBCBDAACCBBBA	['C10B', 'A32B', 'B45D', 'A101B', 'D125A', 'C140D', 'D148B', 'A163C', 'B227A', 'D253C', 'B256A']	11	-10.389151128707454	-10.942153762560338	-14.95376847521402	-4.011614712653682
ABAAABCBACBBAACBDBABCDBBABBAAACAABAAABDAABAADAAABCBAAAAACACBAABAADACCBAAAACACABBABABAAABABBAABDAABCAAAABABAAAABDCBCAAADABCCCDDAAAAAAAABDBDADBADAAABBABAAAAACBBADAAACCAAABAAABAAABAABABAABABABAAAACCAAAABBAABBBBCACDCAACABDCCCAAAAABADDBCACAAAAABAABAAAAAAABBDBDBACCBBBA	['A11B', 'B21C', 'D24B', 'B25A', 'B45D', 'C140D', 'D148B', 'D216A']	8	-10.403242591535673	-10.91207825858146	-14.93778443406336	-4.025706175481901
ABAAACCBACABAACBABAABCBDBBBCAACAABBAABBAABAABAAABCBAAAAACACBAABAADACCBAAAACACABBABABAAABABBAABDAABCABAABABAAAABDCBCAAADABCCCADAAAAAAAABCBDADBADAAABBABAAAAACBBADAAACCAAABAAABAAABAABABAABABABAAAACCAAAAAAAABBBBCACDCAACDBDCCCAAAAABADDBCACAAAAABAABAAAAAAABBDBDBACCBBBA	['B6C', 'D17A', 'B20A', 'D22C', 'A28C', 'A35B', 'D39B', 'A101B', 'D125A', 'D136C', 'C140D', 'D148B', 'B200A', 'B201A']	14	-10.409478795481846	-10.698450149502605	-14.730392528930679	-4.031942379428074
ABAAABDBACABAACBABABBDBDBBBAAACAABAAABDAABAABAAABCBAAAAACACBAABAADACCBADAACACABBABABAAABABBAABDAABCABAABABAAAABDCBCAAADABCCCBDAAAAAAAABDBDADBADAAABBABAAAAACBBADAAACCAAABAAABAAABAABABAABABABAAAACCAAAABBAABBBBCACDCAACDBDCBCAABAABADDBCADAAAAABAABAAAAAAABBDBDBACCBBBA	['C7D', 'D17A', 'A72D', 'A101B', 'D125B', 'C140D', 'D148B', 'C220B', 'A224B', 'C234D']	10	-10.455927691189572	-10.719293102622032	-14.797684377757832	-4.0783912751358
ABAAABCBACABAACBDBABBDBDBBBAAAAAABAAABDAABAAAAAABCBAAAAACACBAABAADACCBAAAACACABBABABAAABABBAABDAABCABAABABAAAABDCBCAAAAABBCCDDAAAAAAAABDBDADBADAAABBABAAAAACABABAACCCAAABAAABAABBAABABAABABABAAAACCAAAABAAABBBBBACDCAABDBDCCCAAAAABADDBCADAAAAABAABAAAAAAABBCBDAACCBBBA	['C31A', 'B45A', 'A101B', 'D119A', 'C122B', 'C140D', 'D148B', 'B157A', 'D160B', 'A163C', 'A176B', 'B201A', 'C208B', 'C215B', 'C234D', 'D253C', 'B256A']	17	-10.667537232395262	-10.915393409901299	-15.205394226242788	-4.2900008163414896
ABAAABCBACABAACBDBABBDDDBBBAAAAAABAAABDAABAABAAABCBAAAAACACBAABAADACCBAAAACACABBABABAAABABBAABDAABCAAAABABAAAABDCBCAAADABCCCBDAAAAAAAABDBDADBADAAABBABAAAAACBBADAAACCAAABAAABAAABAABABAABABABAAAACCAAAABBAABBBBCACDCAACDBDCCCAAAAABADDBAACAAAAABAABAAAAAAABBDBDBACCBBBA	['B23D', 'C31A', 'D125B', 'C140D', 'D148B', 'C232A']	6	-11.150642690015957	-10.708957273469423	-15.482063547431608	-4.331420857415651
ABAAABCBABBBAACBDBABCDBDBBBAAACAABAAABDAABAABAAABABAAAAACACBAABAADACCBADAACACABBABABAAABABBAABDAABCAAAABABAAAABDABCAAACABBCCADAAAAAAAABDBDADBADAAABBABAAAAACBBADAAACCAAABAAABAAABAABABAABABABAAAACCAAAABBAABBBBCACDCAACDBDCCCAAAAABADDBCADAAAAABAABAAAAAAABBABDAACCBBBA	['C10B', 'A11B', 'B21C', 'C50A', 'A72D', 'C113A', 'D119C', 'C122B', 'D125A', 'C140D', 'D148B', 'C234D', 'D253A', 'B256A']	14	-11.117473832564428	-10.732310037885327	-15.472247454395983	-4.354773621831555
ABAAABCBABBBAACBDBABCDBDBBBAAACAABAAABDAABAABAAABABAAAAACACBAABAADACCBADAACACABBABABAAABABBAABDAABCAAAABABAAAABDABCAAACABBCCADAAAAAAAABDBDADBADAAABBABAAAAACBBADAAACCAAABAAABAAABAABABAABABABAAAACCAAAABBAABBBBCACDCAACDBDCCCAAAAABADDBCADAAAAABAABAAAAAAABBABDAACCBBBA	['C10B', 'A11B', 'B21C', 'C50A', 'A72D', 'C113A', 'D119C', 'C122B', 'D125A', 'C140D', 'D148B', 'C234D', 'D253A', 'B256A']	14	-11.117473832564428	-10.732310037885327	-15.472247454395983	-4.354773621831555
ABAAABCBABBBAACBDBABCDBDBBBAAACAABAAABDAABAABAAABABAAAAACACBAABAADACCBADAACACABBABABAAABABBAABDAABCAAAABABAAAABDABCAAACABBCCADAAAAAAAABDBDADBADAAABBABAAAAACBBADAAACCAAABAAABAAABAABABAABABABAAAACCAAAABBAABBBBCACDCAACDBDCCCAAAAABADDBCADAAAAABAABAAAAAAABBABDAACCBBBA	['C10B', 'A11B', 'B21C', 'C50A', 'A72D', 'C113A', 'D119C', 'C122B', 'D125A', 'C140D', 'D148B', 'C234D', 'D253A', 'B256A']	14	-11.117473832564428	-10.732310037885327	-15.472247454395983	-4.354773621831555
ABAAABCBABABAACBDBABBDBDBBBAAACAABAAABDAABAABAAABCBAAAAACACBAABAADACCBADAACACABBABABAAABABBAABDAABCAAAABABAAAABDDBCAAADABCCAADAAAAAAAABDBDADBADAAABBABBAAAACBBADAAACCAAABAAABAAABAABABAABABABAAAACCAAAABBAABBBBCACDCAACCBDCCCAAAAABADDBCACAAAAABAABAAAAAAABBDBDBACCBBBA	['C10B', 'A72D', 'C113D', 'C124A', 'D125A', 'C140D', 'D148B', 'A151B', 'D216C']	9	-10.918131727958098	-11.535194766242057	-16.075790078146383	-4.540595311904326
ABAAACCBABABAACBDBABBDBDBBBAAAAAABAAABBAABAABAAABCBAAAAACACBAABAADACCBADAACACABBABABAAABABBAABDAABCABAABAAAAAABDCBCAAACABCCCDDAAAAAAAABDBDACBADAAABDABBAAACCBBADAAACCAAABAAABAAABAABABAABABABAAAACCAAAABBAABABBBACDCAACDBDCCCAAAAABADDBCACAAAAABAABAAAAAAABBABCAACCBBBA	['B6C', 'C10B', 'C31A', 'D39B', 'A72D', 'A101B', 'B106A', 'D119C', 'A151B', 'A155C', 'B205A', 'C208B', 'D253A', 'D255C', 'B256A']	15	-11.068479232024401	-11.108373070135713	-15.799315886106342	-4.6909428159706295
ABAAABDBACABAACBDBAABDBDBBBAAAAAABAAABDAABAABAAABCBAAAAACACDAABAADACCBAAAACACABBABABAAABABBAABDBABCABAABABAAAABBCBCAAADABCCDBDAAAAAAAACDBDADBADAAABBABAAAAACBBADAAACCAAABAAABAAABAABAAAABABABAAAACCAAAABAABBBBBCACDCAACABDCCCAAAAABADDBCACAAAAABAABAAAAAAABBDBDAACCBBBA	['C7D', 'B20A', 'C31A', 'B60D', 'A96B', 'A101B', 'D112B', 'C124D', 'D125B', 'B135C', 'C140D', 'D148B', 'B182A', 'B201A', 'A203B', 'D216A', 'B256A']	17	-11.14749831543304	-11.74435970687773	-16.514321606257	-4.769961899379268
ABAAABCBACABAACBABABBDBDBBBAAACAABAAABDAABAABAAABCBAAAAACACBAABAADACCBADAACACABBABABAAABABBAABDAABCABAABABAAAABDCBCAAADABCCDADAAAAAAAABDBDADBADAAABBABAAAAACBBADAAACCABABAAAAAAABABBABAABABABAAABCBAAAABBAABBBBCACDCAACDBDCBCAAAAAAADDBCACAAAAABAABAAAAAAABBDBCAACCBBBA	['D17A', 'A72D', 'A101B', 'C124D', 'D125A', 'C140D', 'D148B', 'A167B', 'B173A', 'A179B', 'A193B', 'C195B', 'C220B', 'B227A', 'D255C', 'B256A']	16	-11.160154139855877	-12.394103035097942	-17.176720758900046	-4.782617723802105
ABAAACCBACABABCBDBABADDBABBAAACAABAAABAAABAADAAABCBAAAAACACBAABAADACCBAAAACACABBABABAAABABBAABDAABCABAABABAAAABDCBCAAADABCCCDDAAAAAAAABDBDADBADAAABBABAAAAACBBADAAACCAAABAAABAAABAABABAABABABAAAACCAAAABAAABBBBCACDCAACDBDCCCAAAAABADDBCACAAAAABAABAAAAAAABBDBDBACCBBBA	['B6C', 'A14B', 'B21A', 'B23D', 'D24B', 'B25A', 'D39A', 'B45D', 'A101B', 'C140D', 'D148B', 'B201A']	12	-11.17678582132794	-11.57468479727686	-16.373934202551027	-4.799249405274168
