Sequence	Mutations	Mutation_count	dm1	dm2	dm12	Dm1m2-min(dm1,dm2)
ABAAABCBACBBBACBDBAABDBDABBAAAAAABAAABDAABAABAAABCBAAAAACACBAABAADACCBAAAACACABBABABAAABABBAABDAABCAAAABABAAAABACBCAAADABCCAADAAAAAAAABDBDADBADAAABBABAAAAACBBADAAACCAAABAAABAAABAABABAABABABAAAACCAAAABAAABABBBACDCAABDBDCCCAAAAABADDACACAAAAABAABAAAAAAABBDDBBABCBBBA	['A11B', 'A13B', 'B20A', 'B25A', 'C31A', 'D112A', 'C124A', 'D125A', 'C140D', 'D148B', 'B201A', 'B205A', 'C208B', 'C215B', 'B231A', 'B254D', 'D255B', 'C258B']	18	-8.065319036599249	-3.0500527261465322	-8.082109180249972	-0.01679014365072362
ABAAACCBACABAACBABABBDBDBBBAAACAABAAABDAABAABAAABCBAAAAACACBAABAADACCBAAACCACABBABABAAABABBAABDAABCABAABABAAAABDCBCAAADABCCAADAAAAAAAABDBDACBADAAABDABAAAAACBBADAADCCAAABAAABAAABAABABAABAAABAAAACCAAAABBAABBBBCACABAACDBDCCDAAAAABADDBCACAAAAABAABAAAAAAABBDBDBACCBBBA	['B6C', 'D17A', 'A74C', 'A101B', 'C124A', 'D125A', 'A163D', 'B187A', 'D211A', 'C212B', 'C221D']	11	-3.1007064138539135	-9.834192675974919	-9.901636507333023	-0.06744383135810494
ABAAACCBACABAACBABABBDBDBBBAAACAABAAABDAABAABAAABCBAAAAACACBAABAADACCBAAACCACABBABABAAABABBAABDAABCABAABABAAAABDCBCAAADABCCAADAAAAAAAABDBDACBADAAABDABAAAAACBBADAADCCAAABAAABAAABAABABAABAAABAAAACCAAAABBAABBBBCACABAACDBDCCDAAAAABADDBCACAAAAABAABAAAAAAABBDBDBACCBBBA	['B6C', 'D17A', 'A74C', 'A101B', 'C124A', 'D125A', 'A163D', 'B187A', 'D211A', 'C212B', 'C221D']	11	-3.1007064138539135	-9.834192675974919	-9.901636507333023	-0.06744383135810494
ABAAABCBACABAACBABABBDBDBBBAAACAABAAABDAABAABAAABCBAAAAACACBAABAADACCBADAACACABBABABAAABABBAABDABBCABAABABAAAABDCBCAAADABCCAADAAAAAAAABDBDACBADAAABDABAAAACCBBADAAACCABABAAABAAABAABABAABABABAAAACCAAAABAAABBBBCACDCAACDBDCCCAAAAABADDBDACAAAAABAABAAAAAAABBDBDBACCBBBA	['D17A', 'A72D', 'A97B', 'A101B', 'C124A', 'D125A', 'A155C', 'A167B', 'B201A', 'C232D']	10	-3.1246672372799367	-11.326176241011126	-11.417580895795254	-0.09140465478412807
ABAAABCBACABAACBABABBDBDBBBAAACAABAAABDAABAABAAABCBAAAAACACBAABAADACCBAAAACACABBABABAAABABBAABDAABCABAABABAAAABDCBCAAADABCCCDDAAAAAAAABDBDACBADAAABDABAAAAACBBADAAACCAAABAAABAAABAABABAABABABAAAACCAAAABBAABBBBCACBCAACDBCCCCAAAAABADDBCACAAAAABAABAAAAAAABBDBDAACCBBBA	['D17A', 'A101B', 'D211B', 'D218C', 'B256A']	5	-3.14002317446284	-8.465146578353597	-8.571907170320628	-0.10676059196703136
ABAAABCBACABAACBABABBDBDBBBAAACAABAAABDAABAABAAABCBAAAAACACBAABAADACCBAAAACACABBABABAAABABBAABDAABCABAABABAAAABDCBCAAADABCCCDDAAAAAAAABDBDACBADAAABDABAAAAACBBADAAACCAAABAAABAAABAABABAABABABAAAACCAAAABBAABBBBCACBCAACDBCCCCAAAAABADDBCACAAAAABAABAAAAAAABBDBDAACCBBBA	['D17A', 'A101B', 'D211B', 'D218C', 'B256A']	5	-3.14002317446284	-8.465146578353597	-8.571907170320628	-0.10676059196703136
ABAAABCBACABABCBDBABBDBDBBBAAACAABAAABDAABAABAAABCBAAAAACACBAABAADACCBAAAACACABBABABAAABABAAABDABBCABAABABAAAABACBCAAABABCCDDDAAAAAAAABDBDACBADAAABDABAAAAACBBADAAACCAAABAAABAAABAABABAABABABAAABCCAAAABAAABBABAACDCAACDBDCCCAAAAABADDBCACAAAAABAABAAAAAAABBDBDBACCBBBA	['A14B', 'B91A', 'A97B', 'A101B', 'D112A', 'D119B', 'C124D', 'A193B', 'B201A', 'B206A', 'C208A']	11	-3.1792543483898044	-10.685600503784372	-10.831592269678367	-0.14599176589399576
ABAAABCBACABAACBABABBDBDBBBAAACAABAAABDAABAABAAABCBAAAAACACBAABAADACCBAAAACACABBABABAAABABBAABDABBCABAABABAAAADBCBCAAABABCCBADAAAAAAAABDBDACBADAAABDABAAAACCBBADAAACAAAABAAABAAABAABABAABABABAAAACCAABABAAABBBBCACDCAACDBDCBCAAAAAAADDBCACAAAAABAABAAAAAAABBDBDAACCBBBA	['D17A', 'A97B', 'A101B', 'B111D', 'D112B', 'D119B', 'C124B', 'D125A', 'A155C', 'C165A', 'A198B', 'B201A', 'C220B', 'B227A', 'B256A']	15	-3.1864163286281837	-12.570852545992238	-12.724006292124614	-0.1531537461323751
ABAAABCBACABAACBDBABBDBDBBBAAACAABAAABDAABAABAAABABAAAAACACBAABAADACCBAAAACACABBABABAAABABBAABDAABCABAABABAAAABDCBCAAADABCCCBDAAAAAAAABDBDACBADAAABDABAAAAACBBADAACCCAAABAAABAAABAABBAAABABABAAAACCAAAABAAABBBBCACDCAACDBCCACAAAAABADDBCACAAAAABAABAAAAAAABBDBDAACCBBBA	['C50A', 'A101B', 'D125B', 'A163C', 'A181B', 'B182A', 'B201A', 'D218C', 'C220A', 'B256A']	10	-3.258330414770171	-6.487712682661368	-6.71278051493573	-0.22506783227436244
ABAAABCBACABAACBDBABBDBDBBBAAAAAABAAABDAABAAAAAABCBAAAAACACBAABAADACCBAAAACACABBABABAAABABBAABDABBCABAABABAAAABDCBCAAABABCCCDDAAAAAAAACDBAACBADAAAADABBAAACCABABAAACCAAABAAABAAABAABABAABABABAAAACCAAAABAAABBBBCACDCAABDBDCCCAAAAABADDBCACAAAAABAABAAAAAAABBDBDBACCBBBA	['C31A', 'B45A', 'A97B', 'A101B', 'D119B', 'B135C', 'D138A', 'B147A', 'A151B', 'A155C', 'B157A', 'D160B', 'B201A', 'C215B']	14	-3.262195873307064	-7.42817922445829	-7.657112515269546	-0.22893329081125557
ABAAABCBACABABCBDBABBDBDBBBAAAAAABAAABDAABAABAAABCBAAAAACACBAABAADACCBABABCACABBABABAAABABBAABDABBCABAABABAAAABDABCAAAAABBCCDDAAAAAAAABDBDACBADAAABDABBAAAACABADAADCCAAABAAABAAABAABABAABABABAAAACCAAAABAAABBABCACDCAACDBDCCCAAAAABADDBCACAAAAABAABAAAAAAABBDBDBACCBBBA	['A14B', 'C31A', 'A72B', 'A74B', 'A97B', 'A101B', 'C113A', 'D119A', 'C122B', 'A151B', 'B157A', 'A163D', 'B201A', 'B206A']	14	-3.340339873888297	-7.919991535571171	-8.22706882696366	-0.3070772913924884
ABAAABCBACABAACBDBAABDBDBBBAAAAAABAAABDAABAAAAAACCBAAAAACACBAABAADACCBAAAACACABBABABAAABABBAABDABBCABAABABAAAABDCBCAAABABCCCDDAAAAAAAACDBAACBADAAAADABBAAACCABABAAACCAAABAAABAAABAABABAABABABAAAACCAAAABAAABBBBCACDCAABDBDCCCAAAAABADDBCAAAAAAABAABAAAAAAABBDBDBACCBBBA	['B20A', 'C31A', 'B45A', 'B49C', 'A97B', 'A101B', 'D119B', 'B135C', 'D138A', 'B147A', 'A151B', 'A155C', 'B157A', 'D160B', 'B201A', 'C215B', 'C234A']	17	-3.343468048842624	-8.345049921859754	-8.65525538820657	-0.31020546634681523
ABAAABCBACBBAACBDBABBDBDBBBAAACBABAABBDACBAABAAABCBAAAAACACCAABAADACCBAAAACACABBABABAAABABBAABDABBCABAABAAAAAACDCBCAAABABBCCDDAAAAAAAABDBDACBADAAABDABAAAAACBBADAAACCAAABAAABAAABAABABAABABABAAAACCAAAABAAABBBBCACDCAACDBDCCCAAAAABADDBCACAAAAABAABAAAAAAABBDBDBACCBBBA	['A11B', 'A32B', 'A37B', 'A41C', 'B60C', 'A97B', 'A101B', 'B106A', 'B111C', 'D119B', 'C122B', 'B201A']	12	-3.5444359274115413	-10.697784849413438	-11.20895819432917	-0.5111733449157327
ABAAABCBACABAACBDBABBDBDBBBAAACAAAAAABDAABAABAAABCBAAAAACACBAABAADACCBAAABCACABBABABAAABABBAABDAABCABAABABAAAABDCBCAAABABCCCDDAAAAAAAABDBDACBADAAABDABAAAAACBBADAAACCAAABAAABAAABAABABAABABABAAAACCAAAABBAABBABCACDCAACDBCCCCAAAAABADDBCACAAAAABAABAAAAAAABBDBDBACCBBBA	['B34A', 'A74B', 'A101B', 'D119B', 'B206A', 'D218C']	6	-3.5586851418484002	-6.6522475364326965	-7.177670095785288	-0.5254225593525916
ABAAABCBACABAACBDBABBDBDBBBAAACAABAAABAAABAABAAABABAAAAACACBAABAADACCBAAAACACABBABABAAABABBAABDAABCABAABABAAAABDCBCAAACABCCCDDAAAAAAAABDBDACBADAAABDABAAABACBBADAAACCAAABAAABAAABAABABAABABABAAAACCAAAABAAABBABCACDCAACDBCCCCAAAAABADDBCACAAAAABAABAAAAAAABBDBDBACCBBBA	['D39A', 'C50A', 'A101B', 'D119C', 'A154B', 'B201A', 'B206A', 'D218C']	8	-3.57271365984343	-5.728249730047537	-6.267700807395158	-0.5394510773476213
ABAAABCBACABAACBDBABBDBDBBBAAACAABAAABAAABAABAAABABAAAAACACBAABAADACCBAAAACACABBABABAAABABBAABDAABCABAABABAAAABDCBCAAACABCCCDDAAAAAAAABDBDACBADAAABDABAAABACBBADAAACCAAABAAABAAABAABABAABABABAAAACCAAAABAAABBABCACDCAACDBCCCCAAAAABADDBCACAAAAABAABAAAAAAABBDBDBACCBBBA	['D39A', 'C50A', 'A101B', 'D119C', 'A154B', 'B201A', 'B206A', 'D218C']	8	-3.57271365984343	-5.728249730047537	-6.267700807395158	-0.5394510773476213
ABAAABCBACABAACBDBABBDBDBBBAAACAABAAABDAABAABAAABCBAAAAACACBAABAADACCBAAAACACABBABABAAABABBAABDABBCABAABABAAAABDCBCAAADABCCCDDAAAAAAAABDBDACBADAAABDABAAAAAABBADAAACCAAABAAABAAABAABABAABABABAAAACCAAAABBAABBBBAACDCAACDBDCCCAAAAABADDBCACAAAAABAABAAAAAAABBDBDBACCBBBA	['A97B', 'A101B', 'C156A', 'C208A']	4	-3.586187224369496	-9.697174407046987	-10.250099048920674	-0.5529246418736875
ABAAABDBACABAACBDBABBDBDBBBAAACAABAAABAAABAABAAABCBAAAAACACBAABAADACCBAAAACACABBABABAAABABBAABDAABCABAABABAAAABDCBCAAADABCCDADAAAAAAAACDBDACBADAAABDABAAAAACBBADAAACCABABAAABAAABAABBBAABABABAAAACCAAAABAAABBBBCACDCAABDBDCCCAAAAABADDBCACAAAAABAABAAAAAAABBDBDBACCBBBA	['C7D', 'D39A', 'A101B', 'C124D', 'D125A', 'B135C', 'A167B', 'A181B', 'B201A', 'C215B']	10	-3.6035956733394414	-9.80318172040279	-10.373514811246423	-0.5703330908436328
ABAAABCBACABAACBABABBDBDBBBAAACAABAAABDAABAABAAABCBAAAAACACBAABAADACCBAAAACACABBABABAAABABBAABDAABCABAABABAAAABDCBCAAABABCCBADAAAAAAAABDBDACBADAAABDABAAAAACBBADAAACCAAABAAABAAABAABABAABABABAAAACCAAAABBAABBABCACDCAACDBDCCCAAAAABADDBCACAAAAABAABAAAAAAABBDBDBACCBBBA	['D17A', 'A101B', 'D119B', 'C124B', 'D125A', 'B206A']	6	-3.617198855825336	-8.781968032446457	-9.365904305775985	-0.5839362733295275
ABAAABCBACABAACBDBABBDBDBBBAAACAABAAABDAABAABAAABCBAAAAACACBAABAADACCBAAAACACABBABABAAABABBAABDAABCABAABABAAAABDCBCAAABABCCCDDAAAAAAAACDBDACBADAAABDABAAAAACBBADAAACCAAABAAABAAABAABBBAABABABAAAACCAAAABAAABBBBCACDCAACDBDCCCAAAAABADDBCACAAAAABAABAAAAAAABBDBDBACCBBBA	['A101B', 'D119B', 'B135C', 'A181B', 'B201A']	5	-3.6226339389104396	-9.540946499881102	-10.130317856295733	-0.589371356414631
ABAAABCBACABAACBDBABBDBDBBBAAAAAABAAABDAABAADAAABCBAAAABCACBAABAADACCBADAACACABBABABAAABABBAABDAABCAAAABABAAAABDCBCAAADABCCCBDAAAAAAAABDBAACBADAAABDABAAAAACBBADAAACCABABAAABAAABAABABAABABBBAAAACCAAAABBAABBBBCACDCAACDBDCCCAAAAABADDBCACAAAAABAABAAAAAAABBDBDBACCBBBA	['C31A', 'B45D', 'A56B', 'A72D', 'D125B', 'D138A', 'A167B', 'A188B']	8	-8.431663263821974	-3.6445353980816435	-9.04293607940781	-0.6112728155858349
ABAAABCBACBBAACBDBABBDBCABBAAAAAABAAABDAABAABAAABCBAAAAACACBAABAADACCBAAAACACABBABACAAABABBAABCAABAABAABABAAAABACBCAAACABCCCDDAAAAAAAABCBDACBADAAABDABAAAAACBBADAAACCAAABAAABAAABAABABAABABABAAAACCAAAABAABBBBBAACDCAACDBCCCCAAAAABADDBCAAAAAAABAABAAAAAAABBDBDBACCBBBA	['A11B', 'D24C', 'B25A', 'C31A', 'B84C', 'D95C', 'C99A', 'A101B', 'D112A', 'D119C', 'D136C', 'B201A', 'A203B', 'C208A', 'D218C', 'C234A']	16	-3.6560548143461347	-6.250265073002083	-6.873057304852409	-0.6227922318503261
ABAAABCBACABABCBABABBDBDBBBAAAAAABAAABDAABAABAAABCBAAAABCACBAABAADACCBAAAACACABBABABAAABABBAABDAABCABAABABAAAABDCBCAAADABCCBADAAAAAAAACDBDACBADAAABDABAAAAACBBABAAACCAAABAAABAAABAABABAABABABAAAACCAAAABBAABBBBCACDCAACDBCCCCAAAAABADDBCACAAAAABAABAAAAAAACBDBDBACCBBBA	['A14B', 'D17A', 'C31A', 'A56B', 'A101B', 'C124B', 'D125A', 'B135C', 'D160B', 'D218C', 'B251C']	11	-3.687830534972818	-8.299966268212302	-8.954534220689311	-0.6545679524770094
ABAAABCBACABABCBDBABBDBDBBBAAACAABAAABDAABAABAAABCBAAAAACACBAABAADACCBAAAACACABBABABAAABABAAABDABBCABAABABAAAABDCBCAAABABCCDDDAAAAAAAABDBDACBADAAABDABAAAAACBBADAAACCAAABAAABAAABAABABAABABABAAABCCAAAABAAABBABCACDCAACDBDCCCAAAAABADDBCACAAAAABAABAAAAAAABBDBDBACCBBBA	['A14B', 'B91A', 'A97B', 'A101B', 'D119B', 'C124D', 'A193B', 'B201A', 'B206A']	9	-3.7536726121325046	-9.680385173734976	-10.400795203371672	-0.720410029636696
ABAAABCBACABABCBDBABBDBDBBBAAACAABAAABDAABAABAAABCBAAAAACACBAABAADACCBAAAACACABBABABAAABABAAABDABBCABAABABAAAABDCBCAAABABCCDDDAAAAAAAABDBDACBADAAABDABAAAAACBBADAAACCAAABAAABAAABAABABAABABABAAABCCAAAABAAABBABCACDCAACDBDCCCAAAAABADDBCACAAAAABAABAAAAAAABBDBDBACCBBBA	['A14B', 'B91A', 'A97B', 'A101B', 'D119B', 'C124D', 'A193B', 'B201A', 'B206A']	9	-3.7536726121325046	-9.680385173734976	-10.400795203371672	-0.720410029636696
ABAAABCBACBBAACBCBABBDBDBBBAAAAAABAAABDAABAABAAABCBAAAAACACBAABAADACCBAAAACACAABABABAAABABBAABDABBCABAABABAAAABDCBCAAACABCCCDDAAAAAAAACDBDACBADAAABDABBAAACCBBADAADCCAAABAAABAAABAABBBAABABABAAAACCAAAABAAABBABCACDCAACDBDCCCAAAAABADDBCACAAAAABAABAAAAAAABBDBDBACCBBBA	['A11B', 'D17C', 'C31A', 'B79A', 'A97B', 'A101B', 'D119C', 'B135C', 'A151B', 'A155C', 'A163D', 'A181B', 'B201A', 'B206A']	14	-3.795544167049229	-8.751354474545224	-9.513636059098644	-0.7622815845534205
ABAAABCBACABAACBABABBDBDBBBAAACAABAAABDAABAABAAABCBAAAAACACBAABAADACCBAAADCACABBABABAAABABBAABDAABCABAABABAAAABDCBCAAADABCCADDAAAAAAAABDBDACBADAAABDABAAAAACBBADAAACCAAABAAAAAAABAABABAABABABAAAACCAAAABBAABBBBCACDCAACDBDCCCAAAAABADDBCACAAAAABAABAAAAAAABBDBDBACCBBBA	['D17A', 'A74D', 'A101B', 'C124A', 'B173A']	5	-3.8620201915036887	-10.334884333860828	-11.163641942868708	-0.8287576090078801
ABAAABCBACBBAACBDBABBDBDBBBAAAAAABAAABDAABAABAAABCBAAAAACACBAABAADACCBAAAACACABBABABAAABABBAABDABBCABAABABAAAACDDBCAAABABCCDADAAAAAAAABDBDACBADAAABDABBAAACCBBADAAACCAAABAAABAAABAABABAABABABAAAACBBAAABBAABCBBCACDCAACDBCCCCAAAAABADDBDACAAAAABAABAAAAAAABBDBDBACCBBBA	['A11B', 'C31A', 'A97B', 'A101B', 'B111C', 'C113D', 'D119B', 'C124D', 'D125A', 'A151B', 'A155C', 'C195B', 'A196B', 'B205C', 'D218C', 'C232D']	16	-3.865284611703828	-8.893307586637093	-9.725329615845112	-0.8320220292080194
ABAAABCBACABAACBABABBDBDBBBBAACAABAAABDAABAABAAACCBAAAAACACBAABAADACCBAAAACACABBABABAAABABBCABDABBCAAAABABAAAADDCBCAAABABCCAADAAAAAAAABDBDACBADAAABDABBAAAACBBADAAACCAAABAAABAAABAABABAABABABAAAACCAAAABBAABBBBCACDCAACDBDCCCAAAAABADDBCACAAAAABAABAAAAAAABBDBDBACCBBBA	['D17A', 'A28B', 'B49C', 'A92C', 'A97B', 'B111D', 'D119B', 'C124A', 'D125A', 'A151B']	10	-3.9117556826677173	-11.845493703120155	-12.723986803292064	-0.8784931001719087
ABAAABCBACABAACBABABBDBDBBBAAACAABAAABDAABAABAAABABAAAAACACBAABAADACCBADAACACABBABABAAABABBAABDAABCABAABABAAAABDCBCAAADABCCADDAAAAAAAABDBDACBADAAABDABAAAACCBBADAABCCAAABAAABAAABAABABAABABABAAAACCAAAABBAABBABCACDCAACDBCCCCAAAAAAADDBCACAAAAABAABAAAAAAABBDBDAACCBBBA	['D17A', 'C50A', 'A72D', 'A101B', 'C124A', 'A155C', 'A163B', 'B206A', 'D218C', 'B227A', 'B256A']	11	-3.911857998697087	-7.885317276202841	-8.76391269240412	-0.8785954162012786
ABAAABDBACABAACBDBABBDBDBBBAAACAABAAABAAABAABAAABABAAAAACACBAABAADACCBAAAACACABBABABAAABABBAABDAABCABAABABAAAABDCBCAAADABCCADDAAAAAAAABDBDACBADAAABDABAAAAACBBADAAACCAAABAAABAAABAABABAABABABAAACCCAAAABBAABBBBCACDCAACDBAACCCAAAABADDBCACAAAAABAABAAAAAAABBDBDBACCBBBA	['C7D', 'D39A', 'C50A', 'A101B', 'C124A', 'A193C', 'D218A', 'C219A', 'A222C']	9	-3.9504717083182186	-8.94639084438677	-9.86359997020918	-0.91720912582241
ABAAABCBACBBAACBDBABBDBCABBAAAAAABAAABDAABAABAAABCBAAAAACACBAABAADACCBAAAACACABBABABAAABABBAABDAABCABAABABAAAABDCBCAAADABCCCDDAAAAAAAACDBDADBADAAABBABAAAAACBBADAAACCAAABAAABAAABAABABAABABABAAAACCAAAABAAABBBBCACDCAACDBDCCCAAAAABADDBCACAAAAABAABAAAAAAABBDBDBACCBBBA	['A11B', 'D24C', 'B25A', 'C31A', 'A101B', 'B135C', 'C140D', 'D148B', 'B201A']	9	-7.281229882268235	-3.9776529418013524	-8.225620241573779	-0.9443903593055438
ABAAABCBACBBAACBDBABBDBDBBBAAAAAABAABBDAABAABAAABCBAAAAACACBAABAADACCBAAAACACABBABABAAABABBAABDAABCABAABABAAAABDABCAAADABCCDADAAAAAAAABDBDACBADAAABDABAAAAACBBADAAACCAAABAAABAAABAABABAABABABAAAACCAAAABAAABBBBCACDCAACDBDCCCAAAAABADDBCACAAAAABAABAAAAAAABBDBDBACCBBBA	['A11B', 'C31A', 'A37B', 'A101B', 'C113A', 'C124D', 'D125A', 'B201A']	8	-4.003449711250141	-7.209183592785848	-8.179370721540181	-0.9701871287543327
ABAAABCBACBBAACBDBABBDBDBBBAAAAAABAABBDAABAABAAABCBAAAAACACBAABAADACCBAAAACACABBABABAAABABBAABDAABCABAABABAAAABDABCAAADABCCDADAAAAAAAABDBDACBADAAABDABAAAAACBBADAAACCAAABAAABAAABAABABAABABABAAAACCAAAABAAABBBBCACDCAACDBDCCCAAAAABADDBCACAAAAABAABAAAAAAABBDBDBACCBBBA	['A11B', 'C31A', 'A37B', 'A101B', 'C113A', 'C124D', 'D125A', 'B201A']	8	-4.003449711250141	-7.209183592785848	-8.179370721540181	-0.9701871287543327
ABAAABCBACBBAACBDBABBDBCBBBAAAAAABAAABDAABAABAAABCBAAAAACACBAABAADACCBAAAACACABBABABAAABABBAABDAABCAAAABABAAAABBCBCAAADABCCCDDAAAAAAAABDBDADBADAAABBABAAAAACBBADAAACCAAABAAABAAABAABABAABABABAAAACCAAAABBAABBABAACDCAACDBDCCCAAAAABADDBCACAAAAABAABAAAAAAABBDBDBACCBBBA	['A11B', 'D24C', 'C31A', 'D112B', 'C140D', 'D148B', 'B206A', 'C208A']	8	-7.83173301583156	-4.012593890976859	-8.81106432431261	-0.9793313084810507
ABAAABCBACABAACBABABBDBDBBBAAACAABAAABDAABAABAAABCBAAAAACACBAABAADACCBAAAACACABBABABAAABABBAABDAABCABAABABAAAABDCBCAAADABCCDDDAAAAAAAABDBDACBADAAABDABAAAAACBBADAACCCAAABAAABAAABAABABAABABABAAAACCAAAABBAABBBBAACACAACDBDCCCAAAAABADDBCACAAAAABAABAAAAAAABBDBDAACCBBBA	['D17A', 'A101B', 'C124D', 'A163C', 'C208A', 'D211A', 'B256A']	7	-4.053225810173899	-10.691087046143366	-11.711050273821456	-1.0199632276780903
ABAAABCBACABAACBABABBDBDBBBAAAAAABAAABDAABAABAAABCBAAAAACACBAABAADACCBADAACACABBABABAAABABBAABDABBCAAAABABAAAABDCBCAAABABCCABDAAAAAAAABDBDACBADAAABDABBAAACABBADAADCAAABBAAABAAABAABABAABABABAAAACCAAAABAAABBBBCACDCAACDBDCCCAABAABADDBCACAAAAABAABAAAAAAABBDBDAACCBBBA	['D17A', 'C31A', 'A72D', 'A97B', 'D119B', 'C124A', 'D125B', 'A151B', 'A155C', 'C156A', 'A163D', 'C165A', 'A168B', 'B201A', 'A224B', 'B256A']	16	-4.082476533018053	-11.28883565493743	-12.338049605459673	-1.049213950522244
ABAAABDBACABAACBABABBDBDBBBBABCAABAAABDAABAABAAABABAAAAACACBAABAADACCBADAACACABBABABAAABABBAABDAABCABAABABAAAABACBCAAADABCCAADAAAAAAAABABDACBADAAABDABBAAACABBADAAACCAAABAAABAAABAABABAABABABAAAACCAAAABAAABBBBCACDCAACDBCCCCAAAAABADDBCAAAAAAABAABAAAAAAABBDBDAACCBBBA	['C7D', 'D17A', 'A28B', 'A30B', 'C50A', 'A72D', 'A101B', 'D112A', 'C124A', 'D125A', 'D136A', 'A151B', 'A155C', 'C156A', 'B201A', 'D218C', 'C234A', 'B256A']	18	-4.113480490399525	-10.693486342177493	-11.77370425008121	-1.080217907903716
ABAAABCBACABAACBDBABBDBDBBBAAACAABAAABDAABAABAAABCBAAAAACACBAABAADACCAAAAACACABBABABAAABABBAABDAABCABAABABAAAABDCBCAAABABCCDDDAAAAAAAACDBDACBADAAABDABAAAAACBBADAAACCAAABAAABAAABAABBBAABABABAAAACCAAAABBAABBABCACDCAACDBDCCCAAAAABADDBCACAAAAABAABAAAAAAABBDBDAACCBBBA	['B70A', 'A101B', 'D119B', 'C124D', 'B135C', 'A181B', 'B206A', 'B256A']	8	-4.121299895690754	-10.540291483950568	-11.628328797145514	-1.0880373131949455
ABAAABCBACBBABCBDBABBDBCBBBAAACAABAAABDAABAABAAABCBAAAAACACBAAAAADACCBAAACCACABBABABAAABABBCABDABBCABAABABAAAABBCBCAAADABCCCADAAAAAAAABDBDACBADAAABDABBAAAACBBADAACCCAAABAAABAAABAABABAABABABAAAACCAAAABAAABBBBBACDCAACDBDCCCAAAAABADDBCAAAAAAABAABAAAAAAABBDBDBACCBBBA	['A11B', 'A14B', 'D24C', 'B63A', 'A74C', 'A92C', 'A97B', 'A101B', 'D112B', 'D125A', 'A151B', 'A163C', 'B201A', 'C208B', 'C234A']	15	-4.139902526047081	-9.754770265397383	-10.861410208948655	-1.1066399435512722
ABAAABCBACBBAACBDBABBDBDBBBAAAAAABAAABDAABAABAAABCBAAAAACACBAABAADACCBAAAACACABBABABAAABABBAABDAABCAAAABABAAAABDCBCAAADABCCCDDAAAAAAAABDBDADBADAAABBABAAABACBBADAAACCAAABAAABAAABAABABAABABABAAAACCAAAABAAABBBBCACDCAACDBCCCCAAAAABADDBCACAAAAABAABAAAAAAABBDBDBACCBBBA	['A11B', 'C31A', 'C140D', 'D148B', 'A154B', 'B201A', 'D218C']	7	-6.425988792208955	-4.140299904596759	-7.533026114309905	-1.1070373221009504
ABAAABCBACABAACBDBABBDDDBBBAAACAABAAABDAABAABAAABCBAAAAACACBAABAADACCBAAAACACABBABABAAABABBAABDAABCAAAABABAAAABDCBCAAADABCCCADAAAAAAAABDBDADBADAAABBABAAACACBBADAAACCAAACAAABAAABAABABAABAABBAAAACCAAAABAAABBBBCACDCAACDBDCCCAAAAABADDBCACAAAAABAABAAAAAAABBDBDBACCBBBA	['B23D', 'D125A', 'C140D', 'D148B', 'A154C', 'B169C', 'B187A', 'A188B', 'B201A']	9	-9.505925337551162	-4.221748100986588	-10.69441085604194	-1.1884855184907792
ABAAABDBACABAACBABABBDBDBBBAAACAABAAABDAABAABAAABCBAAAAACACBAABAADACCBAAAACACABBABABAAABABBAABDAABCABAABABAAAABDCBCAAADABCCCDDAAAAAAAABDBDACBADAAABDABAAAAAABBADAAACCAAABAAABAAABAABABAABABABAAAACCAAAABBAABBBBCACBCAACDBDCCCAAAAABADDBCACAAAAABAABAAAAAAABBDBDAACCBBBA	['C7D', 'D17A', 'A101B', 'C156A', 'D211B', 'B256A']	6	-4.252745161531493	-9.868209320557071	-11.087691899592755	-1.2194825790356845
ABAAABCBACABABCBDBAABDBDBBBAAAAAABAAABDAABAABAAABCBAAAAACACBAABAADACCBAAAACACABBABABAAABABBAABDABBCABAABABAAAABBCBCAAADABCCAADAAAAAAABCDBDACBADAAABDABAAAAACBBADAADCCAAABAAABAAABAABABAABABABAAACCCAAAABAAABBABCACDCAACDBDCCCAAAAABADDBCADAAAAABAABAAAAAAABBDBCAACCBBBA	['A14B', 'B20A', 'C31A', 'A97B', 'A101B', 'D112B', 'C124A', 'D125A', 'A134B', 'B135C', 'A163D', 'A193C', 'B201A', 'B206A', 'C234D', 'D255C', 'B256A']	17	-4.28718909015879	-8.606773677718593	-9.860700185381575	-1.2539265076629817
ABAAABCBACBBABCBDBABBDBCBBBAAACAABAAABDAABAABAAABCBAAAAACACBAABAADACCBAAACCACABBABABAAABABBAABDAABCABAABABAAAABDCBCAAADABCCCADAAAAAAAABDBDACBADAAABDABAAAAACBBADAACCCAAABAAABAAABAABABAABABABAAAACCAAAABAAABBBBCACDCAACDBDCCCAAAAABADDBCAAAAAAABAABAAAAAAABBDBDBACCBBBA	['A11B', 'A14B', 'D24C', 'A74C', 'A101B', 'D125A', 'A163C', 'B201A', 'C234A']	9	-4.297861312283203	-7.787637313333107	-9.052236043120502	-1.2645987297873944
ABAAABDBACABAACBDBABBDBDBBBBAACAABAAABAAABAABAAABABAAAAACACBAABAADACCBAAAACACABBABABAAABABBAABDAABCABAABABAAAABDCBCAAADABCCCDDAAAAAAAABDBDACBADAAABDABAAAAACBBADAAACCAAABAAABAAABAABBBAABABABAAAACCAAAABAAABABBCACDCAABDBDCCACAAAABADDBCACAAAAABAABAAAAAAABBDBDBACCBBBA	['C7D', 'A28B', 'D39A', 'C50A', 'A101B', 'A181B', 'B201A', 'B205A', 'C215B', 'C221A', 'A222C']	11	-4.299042793223634	-7.516371141624404	-8.78215135235223	-1.2657802107278258
ABAAABCBACABAACBDBABBDBDBBBAAAAAABAAABDAABAABAAABCBAAAAACACBAABAADACCBAAAACACABBABABAAABABBAABDAABCABAABABAAAABDCBCAAADABCCCDDAAAAAAAABDBDACBADAAABDABAAAACCBBADAAACCAAABAAABAAABAABBBAABABABAAAACCAAAABAAABBBBCACDCAACDBDCCCAAAAABADDBDACAAAAABAABAAAAAAABBDDDBACCBBBA	['C31A', 'A101B', 'A155C', 'A181B', 'B201A', 'C232D', 'B254D']	7	-4.306177377933636	-6.705363038898213	-7.9782778343360405	-1.2729147954378277
ABAAABCBABABAACBDBABBDBDBBBAAAAAABAAABDAABAABAAABCBAAAAACACBAABAADACCBAAAACACABBABABAAABABBAABDAABCABAABABAAAABDCBCAAABABCCCDDAAAAAAAABBBDACBADAAABDABAAAACCBBADAADCCAAABAAABAAABAABABAABABABAAAACCAAAABBAABBBBCACCCAACDBDCCCAAAAABADDBCACAAAAABAABAAAAAAABBDBDBACCBBBA	['C10B', 'C31A', 'A101B', 'D119B', 'D136B', 'A155C', 'A163D', 'D211C']	8	-4.318923766259104	-7.83545506556402	-9.121116249327315	-1.2856611837632954
ABAAABCBACABAACBDBABBDBDBBBAAACAABAAABDAABAABAAABABAAAAACACBAABAADACCBAAAACACABBABABAAABABBAABDAABCAAAABABAAAABDCBCAAADABCCCDDAAAAAAAABDBDACBADAAABDABAAABCCBBADAADCCAAABAAABAAABAABABAABABABAAAACCAAAABAAABBBBCACCCAACDBDCCCAAAAABADDBCACAAAAABAABAAAAAAABBDBDBACCBBBA	['C50A', 'A154B', 'A155C', 'A163D', 'B201A', 'D211C']	6	-4.376948224846274	-6.114077080477728	-7.457762722828193	-1.343685642350465
ABAAABCBACBBAACBDBABBDBCABBAAACAABAAABDAABAABAAABABAAAAACACBAABAADACCBAAAACACABBABABAAABABBAABDAABCAAAABABAAAACDCBCAAADABCCCDDAAAAAAAABDBDADBADAAABBABAAAAACBBADAAACCAAABAAABAAABAABABAABABABAAAACCAAAABBABBBBBCACDCAACDBDCCCAAAAABADDBCACAAAAABAABAAAAAAABBDBDBACCBBBA	['A11B', 'D24C', 'B25A', 'C50A', 'B111C', 'C140D', 'D148B', 'A203B']	8	-8.224659890169278	-4.3866084324836265	-9.578005740157096	-1.353345849987818
ABAAABCBACABAACBABABBDBDBBBAAAAAABAAABDAABAABAAABCBAAAAACACBAABAADACCBAAAACACABBABABAAABABBAABDAABCABAABABAAAACDCBCAAADABCCADDAAAAAAAABDBDACBADAAABDABAAAAACBBADAAACAAAABAAABAAABAABBBAABABABAAAACCAAAABBAABBBBCACDCAACDBDCCCAAAAABADDBCACAAAAABAABAAAAAAABBDBDAACCBBBA	['D17A', 'C31A', 'A101B', 'B111C', 'C124A', 'C165A', 'A181B', 'B256A']	8	-4.401353223482147	-9.97868705491419	-11.346777695900528	-1.3680906409863383
ABAAABCBACABAACBABABBDBDBBBAAAAAABAAABDAABAABAAABCBAAAAACACBAABAADACCBAAAACACABBABABAAABABBAABDAABCABAABABAAAACDCBCAAADABCCADDAAAAAAAABDBDACBADAAABDABAAAAACBBADAAACAAAABAAABAAABAABBBAABABABAAAACCAAAABBAABBBBCACDCAACDBDCCCAAAAABADDBCACAAAAABAABAAAAAAABBDBDAACCBBBA	['D17A', 'C31A', 'A101B', 'B111C', 'C124A', 'C165A', 'A181B', 'B256A']	8	-4.401353223482147	-9.97868705491419	-11.346777695900528	-1.3680906409863383
ABAAABCBACABAACBDBABBDBDBBBAAACAABAAABDAABAABAAABCBAAAAACACBAABAADACCBAAAACACABBABABAAABABBAABDAABCABAABABAAAABDCBCAAADABCCCDDAAAAAAAABDBDACBADAAABDABAAAAACBBADAAACCAAABAAABAAABAABBBAABABABAAAACCAAAABAAABBBBCACDCAACDBDACCCAAAABADDBCACAAAAABAABAAAAAAABBDBDBACCBBBA	['A101B', 'A181B', 'B201A', 'C219A', 'A222C']	5	-4.42375407111831	-8.635407084104372	-10.025898572726874	-1.3904914886225015
ABAAABABACABAACBDBABBDBDBBBAAACAABAAABDAABAABAAABCBAAAAACACBAABAADACCBAAAACACABBABABAAABABBAABDAABCABAABABAAAABDCBCAAADABCCCBDAAAAAAAACDBDACBADAAABDABAAABACBBADAAACAAAABAAABAAABAABABAABABABAAAACCAAAABBAABBBBCACCCAACDBDCCCAAAAABADDBCACAAAAABAABAAAAAAABBDBDAACCBBBA	['C7A', 'A101B', 'D125B', 'B135C', 'A154B', 'C165A', 'D211C', 'B256A']	8	-4.424945084145293	-10.528830231603933	-11.920512733253418	-1.391682501649484
ABAAABCBACABAACBABABBDBDBBBBAACAABAAABAAABAABAAABCBAAAAACACBAABAADACCBAAAACACABBABABAAABABBAABDAABCAAAABABAAAABDCBCAAADABCCCDDAAAAAAAABDBDACBADAAABDABAAAAACBBADAAACCAAABAAABAAABAABABAABABABAAAACCAAAABAAABBBBCACBCAACDBDCCCAAAAABADDBCACAAAAABAABAAAAAAABBDBDBACCBBBA	['D17A', 'A28B', 'D39A', 'B201A', 'D211B']	5	-4.430110635003075	-8.627962304250104	-10.02481035675737	-1.3968480525072664
ABAAABCBACABAACBABABBDBDBBBBAACAABAAABAAABAABAAABCBAAAAACACBAABAADACCBAAAACACABBABABAAABABBAABDAABCAAAABABAAAABDCBCAAADABCCCDDAAAAAAAABDBDACBADAAABDABAAAAACBBADAAACCAAABAAABAAABAABABAABABABAAAACCAAAABAAABBBBCACBCAACDBDCCCAAAAABADDBCACAAAAABAABAAAAAAABBDBDBACCBBBA	['D17A', 'A28B', 'D39A', 'B201A', 'D211B']	5	-4.430110635003075	-8.627962304250104	-10.02481035675737	-1.3968480525072664
ABAAABCBACABAACBDBABBDBDBBBAAACAABAAABDAABAABAAABCBAAAAACACBAABAADACCBAAAACACABBABABAAABABBAABDAABCABAABABAAAABBCBCAAADABCCCDDAAAAAAAABDBDACBADAAABDABAAAAACBBADAAACCAAABAAABAAABAABABAABABABAAAACCAAAABBAABBBBCACBCAACDBDCCCAAAAABADDBCACAAAAABAABAAAAAAABBDBDBACCBBBA	['A101B', 'D112B', 'D211B']	3	-4.434972585877404	-8.859735209000064	-10.261445212381659	-1.401710003381595
ABAAABCBACABAACBDBABBDBDBBBAAACAABAAABAAABAACAAABCBAAAAACACBAABAADACCBAAAACACABBABABAAABABBAABDBABCABAABABAAAABDCBCAAADABCCCDDAAAAAAAABDBDACBADAAABDABAAAACCBBADAABCCAAABAAABAAABAABABAABABABAAAACCAAAABAAABBBBCACDCAACDBDACCCAAAABADDBCACAAAAABAABAAAAAAABBDDDBACCBBBA	['D39A', 'B45C', 'A96B', 'A101B', 'A155C', 'A163B', 'B201A', 'C219A', 'A222C', 'B254D']	10	-4.438955434365198	-8.740795059100492	-10.146487910969881	-1.4056928518693894
ABAAABCBACABAACBABABBDBDBBBAAACAABAAABDAABAABAAABCBAAAAACACBAABAADACCBAAAACACABBABABAAABABBAABDAABCABAABABAAAABDCBCAAADABCCDADAAAAAAAABDBDACBADAAABDABAAAAACABABAACCCAAABAAABAAABAABABAABABABAAAACCAAAABBAABBBBAACDCAACDBDCCCAAAAABADDBCACAAAAABAABAAAAAAABBDBDBACCBBBA	['D17A', 'A101B', 'C124D', 'D125A', 'B157A', 'D160B', 'A163C', 'C208A']	8	-4.444522608537227	-10.160218049277319	-11.571478075318737	-1.4112600260414183
ABAAABCBACABAACBDBABBDBDBBBAAACAABAAABDAABAABAAABCBAAAAACACBAABAADACCBAAAACACABBABABAAABABBAABDAABCABAABABAAAABDCBCAAABABCCCDDAAAAAAAABDBDACBADAAABDABAAAAACBBADAAACCAAABAAABAAABAABABAABABABAAAACCAAAABBAABBBBCACDCAACDBDCCCAAAAABADDBCACAAAAABAABAAAAAAABBDBDBACCBBBA	['A101B', 'D119B']	2	-4.4527609848883	-9.006582315516425	-10.426080717908917	-1.4194984023924917
ABAAABCBACABAACBDBABBDBDBBBAAACAABAAABDAABAABAAABCBAAAAACACBAABAADACCBAAAACACABBABABAAABABBAABDAABCABAABABAAAABDCBCAAABABCCCDDAAAAAAAABDBDACBADAAABDABAAAAACBBADAAACCAAABAAABAAABAABABAABABABAAAACCAAAABBAABBBBCACDCAACDBDCCCAAAAABADDBCACAAAAABAABAAAAAAABBDBDBACCBBBA	['A101B', 'D119B']	2	-4.4527609848883	-9.006582315516425	-10.426080717908917	-1.4194984023924917
ABAAABCBACBBAACBDBABBDBDBBBAAAABABAABBDACBAABAAABCBAABAACACBAABAADACCBAAAACACAABABABAAABABBAABDAABCABAABABAAAABDCBCAAADABCCCADAAAAAAAABBBAABBADAAABCABAAAAACBBADAAACCAAABAAABAAABAABABAABABABAAAACCAAAABAAABBABCACDCAACDBDCCCAAAAABADDBCAAAAAAABAABAAAAAAABBDBDBACCBBBA	['A11B', 'C31A', 'A32B', 'A37B', 'A41C', 'A54B', 'B79A', 'A101B', 'D125A', 'D136B', 'D138A', 'C140B', 'D148C', 'B201A', 'B206A', 'C234A']	16	-6.651379814604297	-4.461321646318538	-8.079438878427027	-1.4280590638227295
ABAAABCBACBBAACBDBABBDBDBBBAAAABABAABBDACBAABAAABCBAABAACACBAABAADACCBAAAACACAABABABAAABABBAABDAABCABAABABAAAABDCBCAAADABCCCADAAAAAAAABBBAABBADAAABCABAAAAACBBADAAACCAAABAAABAAABAABABAABABABAAAACCAAAABAAABBABCACDCAACDBDCCCAAAAABADDBCAAAAAAABAABAAAAAAABBDBDBACCBBBA	['A11B', 'C31A', 'A32B', 'A37B', 'A41C', 'A54B', 'B79A', 'A101B', 'D125A', 'D136B', 'D138A', 'C140B', 'D148C', 'B201A', 'B206A', 'C234A']	16	-6.651379814604297	-4.461321646318538	-8.079438878427027	-1.4280590638227295
ABAAABCBABABAACBDBABBDBDBBBAAACAABAAABDAABAABAAABCBAAAAACACBAABAADACCBAAAACACABBABABAAABABBAABDAABCABAABABAAAABDCBCAAACABBCCADAAAAAAAABDBDACBADAAABDABAAAAACBBADAAACAAAABAAABAAABAABABAABABABAAAACCAAAABAAABBBBAACDCAABDBDCCCAAAAABADDBCACAAAAABAABAAAAAAABBDBDAACCBBBA	['C10B', 'A101B', 'D119C', 'C122B', 'D125A', 'C165A', 'B201A', 'C208A', 'C215B', 'B256A']	10	-4.463881567586213	-10.02608459579642	-11.456703580886824	-1.4306189850904047
ABAAABCBACABAACBDBABBDBDBBBAAACAABAAABDAABAABAAABABAAAAACACBAABAADACCBAAAACACAABABABAAABABBAABDAABAABAABABAAAABDCBCAAADABCCCDDAAAAAAAABDBAACBADAAAACABAAAAAABBADAADCCAAABAAABAAABAABABAABABABAAAACCAAAABBAABBBBCACDCAACDBDCCCAAAAABADDBCACAAAAABAABAAAAAAABBDBDBACCBBBA	['C50A', 'B79A', 'C99A', 'A101B', 'D138A', 'B147A', 'D148C', 'C156A', 'A163D']	9	-7.179300984367728	-4.4701345478824805	-8.6161729497544	-1.436871965386672
ABAAABCBACABAACBDBABBDBDBBBAAACAABAAABAAABAABAAABABAAAAACACBAABAADACCBAAAACACABBABABAAABABBAABDAABCABAABABAAAABDCBCAAADABCCCDDAAAAAAAABDBDADBADAAABBABAAAAACBBADAAACCAAABAAABAAABAABABAABABABAAAACCAAAABAAABBABCACCCAACDBDACCAAAAABADDBCACAAAAABAABAAAAAAABBDBDBACCBBBA	['D39A', 'C50A', 'A101B', 'C140D', 'D148B', 'B201A', 'B206A', 'D211C', 'C219A']	9	-6.57240349589847	-4.50534809238161	-8.044489005784271	-1.472085509885801
ABAAABCBACABAACBDBABBDDDBBBAAAAAABAAABDAABAABAAABBBAAAAACACBAABAADACCBAAAACACABBABABAAABABDACBDAABCABAABABAAAABDCBCAAADABCCCDDAAAAAAAABDBCADBADAAABBABAAAAACBBADAAACCAAABAAABAAABAABABAABABABAAAACCAAAABBAABBBBCACDCAACDBCCCCAAAAABADDBDACAAAAABAABAAAAAAABBDBDBACCBBBA	['B23D', 'C31A', 'C50B', 'B91D', 'A93C', 'A101B', 'D138C', 'C140D', 'D148B', 'D218C', 'C232D']	11	-8.647734528640285	-4.532593431344139	-10.147065377488616	-1.4993308488483308
ABAAABCBACABAACBDBABBDBDBBBAAAAAABAAABDAABAABAAABCBAAAAACACBAABAADACCBAAAACACABBABABAAABABBAABDAABCABAABABAAAABDCBCAAADABCCCADAAAAAAAABDBDACBADAAABDABAAABACBBADAAACCAAABAAAAAAABAABBBAABABABAAACCCAAAABBAABBABCAADCAACDBBCDCAAAAABADDBCAAAAAAABAABAAAAAAABBDBDBACCBBBA	['C31A', 'A101B', 'D125A', 'A154B', 'B173A', 'A181B', 'A193C', 'B206A', 'C210A', 'D218B', 'C220D', 'C234A']	12	-4.535182283027098	-7.339683708938537	-8.841603409469826	-1.501919700531289
ABAAABCBACABAACBABABBDBDBBBAAAAAABAAABDAABAABAAABABAAAAACACBAABAADACCBAAAACACABBABABAAABABBAABDAABCABAABABAAAABBCBCAAADABCCCDDAAAAAAAABDBDADBADAAABBABAAAAACBBADAAACCAAABAAABAAABAABABAABABABAAAACCAAAABBAABBBBCACDCAACDBDCCCAAAAABADDBCACAAAAABAABAAAAAAABBDCDBACCBBBA	['D17A', 'C31A', 'C50A', 'A101B', 'D112B', 'C140D', 'D148B', 'B254C']	8	-8.293355017667636	-4.537026791338576	-9.797119226510404	-1.5037642088427674
ABAAABCBACBBAACBDBABBDBCBBBAAAAAABAAABDAABAABAAABCBAAAAACACBAABAADACCBAAAACACABBABABAAABABBAABCAABCABAABABAAAABACBCAAADABCCCDDAAAAAAAABDBDACBADAAABDABAAAACCBBADAAACCABABAAABAAABAABABAABABABAAAACCAAAABBAABBBBCACDCAACDBDCCCAAAAABADDBCACAAAAABAABAAAAAAABBDBDBACCBBBA	['A11B', 'D24C', 'C31A', 'D95C', 'A101B', 'D112A', 'A155C', 'A167B']	8	-4.566870632348582	-7.113571376045002	-8.647179425897775	-1.5336080498527735
ABAAABCBACABAACBDBABBDBDBBBAAAAAABAAABDAABAABAAABCBAAAAACACBAABAADACCBAAAACACABBABABAAABABBAABDAABCAAAABABAAAABDCBCAAADABCCCDDAAAAAAAABDBDACBADAAABDABAAAAACBBADAAACAAAABAAABAAABAABABAABABABAAAACCAAAABBAABBBBCACBCAACDBDCCCAAAAABADDBCACAAAAABAABAAAAAAABBDBDBACCBBBA	['C31A', 'C165A', 'D211B']	3	-4.586157894460484	-6.76831396666239	-8.321209278627066	-1.5528953119646758
ABAAABCBACABABCBDBABBDBDBBBAAAAAABAAABDAABAABAAABCBAAAAACACBAABAADACCBAAAACACABAABABAAABABBAABDAABCABAABABAAAABDCBCAAADABCCDDDAAAAAAAABDBDABBADAAABDABAAAAACBBADAAACCAAABAAABAAABAABABAABABBBAAAACCAAAABAAABBBBCACDCAACDBDCCCAAAAABADDBCACAAAAABAABAAAAAAABBDBDBACCBBBA	['A14B', 'C31A', 'B80A', 'A101B', 'C124D', 'C140B', 'A188B', 'B201A']	8	-5.479517249157652	-4.615393276762916	-7.061647943424759	-1.5821306942671072
ABAAABCBACBBAACBDBABBDDDBBBBAACAABAABBDAABAABAAABCBAAAAACACBAABAADACCBAAAACACABBABABAAABABBAABDAABCABAABABAAAABDCBCAAADABCCCDDAAAAAAAABDBDACBADAAABDABAAAAACBBADAAACCAAABAAABAAABAABABAABABABAAAACCAAAABBAABBABCACDCAABDBDCCCAAAAABADDBCACAAAAABAABAAAAAAABBDBDAACCBBBA	['A11B', 'B23D', 'A28B', 'A37B', 'A101B', 'B206A', 'C215B', 'B256A']	8	-4.617669686442241	-7.8179804886895	-9.402387592635932	-1.5844071039464325
ABAAABCBACBBAACBDBABBDDDBBBBAACAABAABBDAABAABAAABCBAAAAACACBAABAADACCBAAAACACABBABABAAABABBAABDAABCABAABABAAAABDCBCAAADABCCCDDAAAAAAAABDBDACBADAAABDABAAAAACBBADAAACCAAABAAABAAABAABABAABABABAAAACCAAAABBAABBABCACDCAABDBDCCCAAAAABADDBCACAAAAABAABAAAAAAABBDBDAACCBBBA	['A11B', 'B23D', 'A28B', 'A37B', 'A101B', 'B206A', 'C215B', 'B256A']	8	-4.617669686442241	-7.8179804886895	-9.402387592635932	-1.5844071039464325
ABAAABCBACBBAACBDBABBDDDBBBBAACAABAABBDAABAABAAABCBAAAAACACBAABAADACCBAAAACACABBABABAAABABBAABDAABCABAABABAAAABDCBCAAADABCCCDDAAAAAAAABDBDACBADAAABDABAAAAACBBADAAACCAAABAAABAAABAABABAABABABAAAACCAAAABBAABBABCACDCAABDBDCCCAAAAABADDBCACAAAAABAABAAAAAAABBDBDAACCBBBA	['A11B', 'B23D', 'A28B', 'A37B', 'A101B', 'B206A', 'C215B', 'B256A']	8	-4.617669686442241	-7.8179804886895	-9.402387592635932	-1.5844071039464325
ABAAABCBACBBAACBDBABBDDDBBBBAACAABAABBDAABAABAAABCBAAAAACACBAABAADACCBAAAACACABBABABAAABABBAABDAABCABAABABAAAABDCBCAAADABCCCDDAAAAAAAABDBDACBADAAABDABAAAAACBBADAAACCAAABAAABAAABAABABAABABABAAAACCAAAABBAABBABCACDCAABDBDCCCAAAAABADDBCACAAAAABAABAAAAAAABBDBDAACCBBBA	['A11B', 'B23D', 'A28B', 'A37B', 'A101B', 'B206A', 'C215B', 'B256A']	8	-4.617669686442241	-7.8179804886895	-9.402387592635932	-1.5844071039464325
ABAAABCBACABAACBABABBDBDBBBAAAAAABAAABDAABAABAAABCBAAAAACACBAABAADACCBAAAACACABBABABAAABABBAABDAABCABAABABAAAABDCBCAAADABCCADDAAAAAAAABDBDACBADAAABDABAAAAACABABAAACCAAABAAABAAABAABABAABABABAAAACCAAAABBAABBABCACDCAACDBDCCCAAAAABADDBCACAAAAABAABAAAAAAABBDBDBACCBBBA	['D17A', 'C31A', 'A101B', 'C124A', 'B157A', 'D160B', 'B206A']	7	-4.637560815317556	-7.333315616910113	-8.93761384973186	-1.6042982328217477
ABAAABCBACABAACBDBABBDBDBBBAAAAAABAAABDAABAABAAABCBAAAAACACBAABAADACCBAAAACACABBABABAAABABBAABDAABCABAABABAAAABDCBCAAABABCCCDDAAAAAAAABDBDACBADAAABDABAAAAAABBADAAACCABABAAABAAABAABABAABABABAAAACCAAAABBAABBBBCACDCAACDBDCCCAAAAABADDBCACAAAAABAABAAAAAAABBDBDBACCBBBA	['C31A', 'A101B', 'D119B', 'C156A', 'A167B']	5	-4.65009388118051	-7.9592140945314895	-9.57604539321619	-1.6168312986847013
ABAAABCBACBBAACBDBAABDBDABBAAAABABAAABDACBAABAAABCBAAAAACACBAABAADACCBAAAACACABBABABAAABABBAABDAABCAAAABABAAAACDCBCAAADABCCCACAAAAAAAACDBDADBADAAABBABAAAAACBBADAAACCAAABAAABAAABAABABAABABABAAAACCAAAABAAABBBBCACDCAACDBCCCCAAAAABADDBCACAAAAABAABAAAAAAABBDBDBACCBBBA	['A11B', 'B20A', 'B25A', 'C31A', 'A32B', 'A41C', 'B111C', 'D125A', 'D126C', 'B135C', 'C140D', 'D148B', 'B201A', 'D218C']	14	-8.976791495690122	-4.650973780982895	-10.594502694177208	-1.6177111984870862
ABAAABCBACBBAACBDBABBDBDBBBAAACAABAAABDAABAABAAABCBAAAAACACBAABAADACCBAAAACACABBABABAAABABBAABDAABCABAABABAAAABDCBCAAADABCCCDDAAAAAAAABDBDACBADAAABDABAAAACCBBADAADCCAAABAAABAAABAABABAABAABBAAAACCAAAABBAABBBBCACDCAACDBDCBCAAAAABADDBCACAAAAABAABAAAAAAABBDBDBACCBBBA	['A11B', 'A101B', 'A155C', 'A163D', 'B187A', 'A188B', 'C220B']	7	-4.66499023232609	-6.028382715274347	-7.660110365104629	-1.6317276498302817
ABAAABCBACABABCBDBABBDBDBBBAAAAAABAAABDAABAABAAABCBAAAAACACBAABAADACCBAAAACACABBABABAAABABBAABDAABCAAAABABAAAABDDBCAAADABCCAADAAAAAAAABDBDACBADAAABDABAAAAACBBADAAACCAAABAAABAAABAABABAABABABAAACCCAAAABAAABAABCACDCAACDBCCCCAAAAABADDACACAAAAABAABAAAAAAABBDDDBACCBBBA	['A14B', 'C31A', 'C113D', 'C124A', 'D125A', 'A193C', 'B201A', 'B205A', 'B206A', 'D218C', 'B231A', 'B254D']	12	-5.827893330017105	-4.691654235095484	-7.48628498261678	-1.6583916525996756
ABAAABCBACABAACBABABBDBDBBBAAACAABAAABAAABAABAAABCBAAAAACACBAABAADACCBAAAACACABBABABAAABABBAABDAABCABAABABAAAABDCBCAAADABCCDDDAAAAAAAABDBDACBADAAABDABAAAAACBBADAAACCAAABAAABAAABAABABAABABABAAAACCAAAABBABBBABCACDCAACDBDCCCAAAAABADDBCACAAAAABAABAAAAAAABBDBDAACCBBBA	['D17A', 'D39A', 'A101B', 'C124D', 'A203B', 'B206A', 'B256A']	7	-4.705652418779209	-10.020197651785566	-11.692587488068966	-1.6723898362834007
ABAAABCBACABABCBABABBDBDBBBAAAAAABAAABDAABAABAAABCBAAAABCACBAABAADACCBAAAACACABBABABAAABABBAABDAABCABAABABAAAABDCBCAAADABCCBADAAAAAAAACDBDACBADAAABDABAAAAACBBABAAACCAAABAAABAAABAABABAABABABAAAACCAAAABBAABBBBCACDCAACDBDCCCAAAAABADDBCACAAAAABAABAAAAAAACBDBDBACCBBBA	['A14B', 'D17A', 'C31A', 'A56B', 'A101B', 'C124B', 'D125A', 'B135C', 'D160B', 'B251C']	10	-4.7065394271394325	-9.220351785392268	-10.893628630035892	-1.673276844643624
ABAAABCBACABAACBDBABBDBDBBBAAACAABAAABDAABAABAAABCBAABAACACBAABAADACCBAAAACACABBABABAAABABBAABDAABCABAABABAAAABDCBCAAADABCCDBDAAAAAAAABDBDACBADAAABDABAAAAACBBADAABCCAAABAAABAAABAABABAABABABAAAACCAAAABBAABBBBCACDCAACDBDCCCAAAAABADDBCACAAAAABAABAAAAAAABBADDBACCBBBA	['A54B', 'A101B', 'C124D', 'D125B', 'A163B', 'D253A', 'B254D']	7	-4.710307507542893	-8.83414288374479	-10.511187808791874	-1.6770449250470847
ABAAABCBABABAACBDBABBDBCBBBAAACAABAAABDAABAABAAABCBAAAAACACBAABAADACCBAAAACACABBABABAAABABBAABDAABCABAABABAAAABDCBCAAADABCCCDDAAAAAAAABDBDACBADAAABDABAAACACBBADAADCAAAABAAABAAABAABABAABABABAAAACCAAAABBAABBBBCACDCAACDBDCCCAAAAABADDBCACAAAAAAAABAAAAAAABBDBDBACCBBBA	['C10B', 'D24C', 'A101B', 'A154C', 'A163D', 'C165A', 'B240A']	7	-4.725442580413073	-7.286188020807458	-8.978368018724723	-1.6921799979172647
ABAAABCBACABAACBDBABBDBBBBBBAACAABAAABDAABAABAAABCBAAAAACACBAABAADACCBAAAACACABBABABAAABABBAABDAABCABAABABAAAABDCBCAAADABCCADDAAAAAAAABDBDACBADAAABDABAAAAACBBADAAACCAAABAAABAAABAABBBAABABABAAAACCAAAABBAABBBBCACDCAACDBDCCCAAAAABADDBCACAAAAABAABAAAAAAABBDBDBACCBBBA	['D24B', 'A28B', 'A101B', 'C124A', 'A181B']	5	-4.727298455545679	-9.720551769685699	-11.414587642735569	-1.6940358730498701
ABAAACCBACABAACBDBABBDBDBBBBAACAABAABBAAABAABAAABCBAAAAACACBAABAADACCBAAAACACABBABABAAABABBAABDAABCABAABABAAAABDCBCAAADABCCAADAAAAAAAACDBDACBADAAABDABAAAAACBBADAAACCAAABAAABAAABAABABAABABABAAAACCAAAABBAABBBBCACDCAACDBDCCCAAAAABADDBCACAAAAABAABAAAAAAABBDBDBACCBBBA	['B6C', 'A28B', 'A37B', 'D39A', 'A101B', 'C124A', 'D125A', 'B135C']	8	-4.737829725956544	-10.901148185570491	-12.605715329031227	-1.7045671434607357
ABAAABCBACABAACBDBABBDBDBBBAAACAABAAABDAABAACAAABCBAAAAACACBAABAADACCBAAAACACABBABABAAABABBAABDAABCABAABABAAAABDCBCAAADABCCCADAAAAAAAABDBDACBADAAABDABAAAAACBBADAAACCAAABAAABAAABAABBBAABABABAAAACCAAAABAAABBBBCACDCAACDBDACCCAAAABADDBCACAAAAABAABAAAAAAABBDBDBACCBBBA	['B45C', 'A101B', 'D125A', 'A181B', 'B201A', 'C219A', 'A222C']	7	-4.743400673614815	-8.74340351621504	-10.453541607334046	-1.7101380911190063
ABAAABCBACABAACBDBABBDBDBBBAAAAAABAAABDAABAABAAABCBAAAAACACBAABAADACCBAAAACACABBABABAAABABBAABDAABCABAABABAAAABBCBCAAADABCCABDAAAAAAAACDBDACBADAAABDABAAAAACBBADAADCCAAABAAABAAABACBBBAABABABAAAACCAAAABAAABBABCACDCAACDBDCCCAAAAABADDBCADAAAAABAABAAAAAAABBDBDAACCBBBA	['C31A', 'A101B', 'D112B', 'C124A', 'D125B', 'B135C', 'A163D', 'A179C', 'A181B', 'B201A', 'B206A', 'C234D', 'B256A']	13	-4.749213502276689	-8.121162601542892	-9.837113521323772	-1.7159509197808802
ABAAABCBACBBAACBDBABBDBDBBBAAACBABAAABAAABAABAAABCBAAAAACACBAABAADACCBAAACCACABBABABAAABABBAABDAABCAAAABABAAAABDCBCAAADABCCCDDAAAAAAAABDBDACBADAAABDABAAAAACBBADAAACCAAABAAABAAABAABABAABABABAAAACCAAAABAABBBBBAACDCAABDBDCCCAAAAABADDBCACAAAAABAABAAAAAAABBDBDBACCBBBA	['A11B', 'A32B', 'D39A', 'A74C', 'B201A', 'A203B', 'C208A', 'C215B']	8	-4.753858671523631	-8.890703523502452	-10.611299612530274	-1.720596089027822
ABAAAABBACABAACBDBABBDBDBBBAAACAABAAABDAABAABAAABABAAAAACACBAABAADACCBAAAACACABBABABAAABABBAABDABBCABAABABAAAABDCBCAAACABCCCDDAAAAAAAABDBDACBADAAABDABBAAACCBBADAAACCAAABAAABAAABAABABAABABABAAAACCAAAABAAABBABAACCAAACDBDCCCAAAAABADDBDACAAAAABAABAAAAAAABBDBDBACCBBBA	['B6A', 'C7B', 'C50A', 'A97B', 'A101B', 'D119C', 'A151B', 'A155C', 'B201A', 'B206A', 'C208A', 'D211C', 'C212A', 'C232D']	14	-4.75438181264326	-8.982236585085047	-10.703355815232499	-1.7211192301474512
ABAAABCBACABAACBDBABBDBDBBBAAACAABAAABDAABAABAAABCBAAAAACACBAABAADACCBAAAACACABBABABAAABABBAABDABBCABAABABAAAABDCBCAAABABCCCDDAAAAAAAABDBDADBADAAABBABAAAAAABBADAAACCAAABAAABAAABAABABAABABABAAAACCAAAABBAABBBBAACDCAACDBDCCCAAAAABADDBCACAAAAABAABAAAAAAABBDBDBACCBBBA	['A97B', 'A101B', 'D119B', 'C140D', 'D148B', 'C156A', 'C208A']	7	-4.76095464406535	-9.129908452247037	-10.857600513816578	-1.7276920615695417
ABAAABCBACABAACBDBABBDDDBBBAAACAABAAABAAABAABAAABCBAAAAACACBAABAADACCBAAAACACABBABABAAABABBAABDAABCABAABABAAAABDCBCAAADABCCDADAAAAAAAACDBDACBADAAABDABAAAAACBBADAAACCABABAAABAAABAABBBAABABABAAAACCAAAABAAABBBBCACDCAABDBDCCCAAAAABADDBCACAAAAABAABAAAAAAABBDBDBACCBBBA	['B23D', 'D39A', 'A101B', 'C124D', 'D125A', 'B135C', 'A167B', 'A181B', 'B201A', 'C215B']	10	-4.769230290548876	-9.954127342367428	-11.690095050420496	-1.7359677080530673
ABAAABCBACABAACBABABBDBDBBBAAACAABAAABDAABAABAAACDBAAAAACACBAABAADACCBAAAACACABBABABAAABABBAABDAABCABAABABAAAABDCBCAAABABCCCDDAAAAAAAABDBDACBADAAABDABAAAACABBADAAACCAAABAAABAAABAABABAABABABAAAACCAAAABBAABBABCACDCAACDBDCCCAAAAABADDBCACAAAAABAABAAAAAAABBDBDBACCBBBA	['D17A', 'B49C', 'C50D', 'A101B', 'D119B', 'A155C', 'C156A', 'B206A']	8	-4.770335293142125	-9.071845867641969	-10.808918578288285	-1.7370727106463164
ABAAABCAACABAACBDBABBDBDABBBAACAABAAABAAABAABAAABCBAAAAACACBAABAADACCBAAAACACABBABABAAABABBAABDAABCABAABABAAAABDCBCAAADABCCCDDAAAAAAAABDBDACBADAAABDABAAAACCBBADAAACAAAABAAABAAABAABABAABABABAAAACCAAAABBAABBBBCACDCAABABDCCCAAAAABADDBCACAAAAABAABAAAAAAABBDBDBACCBBBA	['B8A', 'B25A', 'A28B', 'D39A', 'A101B', 'A155C', 'C165A', 'C215B', 'D216A']	9	-4.774179838364944	-8.877455009351252	-10.618372265220387	-1.7409172558691353
ABAAABCBACBBAACBBBABBDBDBBBAAACAABAAABDAABAABAAABCBAAAAACACBAABAADACCBAAAACACABBABABAAABABBAABDAABCABAABABAAAABDDBCAAABABCCCADAAAAAAAABDBDACBADAAABDABAAAACCBBADAAACCAAABAAABAAABAABABAABABABAAAACCAAAABBAABBBBCACDCAACDBDCCCAAAAABADDBCACAAAAABAABAAAAAAABBDBDAACCBBBA	['A11B', 'D17B', 'A101B', 'C113D', 'D119B', 'D125A', 'A155C', 'B256A']	8	-4.781373174162582	-10.938485503633274	-12.686596095300047	-1.748110591666773
ABAAABCBABABAACBDBABBDBDBBBAAACAABAAABDACBAABAAABCBAAAAACACBAABAADACCBAAAACACABBABABAAABABBAABDAABCABAABABAAAABDCBCAAADABBCAADAAAAAAAABDBDACBADAAABDABAAAAACBBADAAACCAAABAAABAAABAABABAABABABAAAACCAAAABAAABBBBAACDCAACDBDCCCAAAAABADDBCACAAAAABAABAAAAAAABBDBDBACCBBBA	['C10B', 'A41C', 'A101B', 'C122B', 'C124A', 'D125A', 'B201A', 'C208A']	8	-4.795457853469998	-10.20837195214699	-11.97056722312118	-1.762195270974189
ABAAABCBACABAACBDBABBDBDBBBAAAAAABAAABDAABAABAAABCBAAAAACACBAABAADACCBAAACCACABBABABAAABABBAABDAABCAAAABABAAAABBCBCAAADABCCAACAAAAAAAABDBDACBADAAABDABAAAAACABABAAACCAAABAAABAAABAABBBAABABABAAAACCAAAABBAABBABCACDCAACDBDCCCAAAAABADDBCACAAAAABAABAAAAAAABBDCDBACCBBBA	['C31A', 'A74C', 'D112B', 'C124A', 'D125A', 'D126C', 'B157A', 'D160B', 'A181B', 'B206A', 'B254C']	11	-4.801091079367325	-7.14644462193246	-8.914273118803976	-1.767828496871516
ABAAABCBACABAACBDBABBDBDBBBAAACAABAAABDAABAABAAABCBAAAAACACBAABAADACCBAAAACACABBABABAAABABBAABDABBCABAABABAAAABDCBCAAABABCCCDDAAAAAAAABDBDADBADAAABBABAAAAAABBADBAACCAAABAAABAAABAABABAABABABAAAACCAAAABBAABBBBAACDCAACDBDCCCAAAAABADDBCACAAAAABAABAAAAAAABBDBDBACCBBBA	['A97B', 'A101B', 'D119B', 'C140D', 'D148B', 'C156A', 'A161B', 'C208A']	8	-4.8107935846055625	-9.162584315490676	-10.94011531760043	-1.777531002109754
ABAAABCBACABAACBDBABBDBDBBBAAAAAABAAABDAABAABAAABABAAAAACACBAABAADACCBAAAACACABBABABAAABABBAABDAABCAAAABABAAAABDCBCAAADABCCDADAAAAAAAABDBCACBADAAABDABAAAAACBBADAAACCABABAAABAAABAABABAABABABAAAACCAAAABAAABBBBCACDCAACDBDCCCAAAAABADDBCACAAAAABAABAAAAAAABBDBDBACCBBBA	['C31A', 'C50A', 'C124D', 'D125A', 'D138C', 'A167B', 'B201A']	7	-6.078894851962104	-4.818657025665743	-7.864289295132039	-1.7853944431699347
ABAAABCBACABAACBDBABBDBDBBBAAAAAABAAABDAABAABAAABABAAAAACACBAABAADACCBAAAACACABBABABAAABABBAABDAABCAAAABABAAAABDCBCAAADABCCDADAAAAAAAABDBCACBADAAABDABAAAAACBBADAAACCABABAAABAAABAABABAABABABAAAACCAAAABAAABBBBCACDCAACDBDCCCAAAAABADDBCACAAAAABAABAAAAAAABBDBDBACCBBBA	['C31A', 'C50A', 'C124D', 'D125A', 'D138C', 'A167B', 'B201A']	7	-6.078894851962104	-4.818657025665743	-7.864289295132039	-1.7853944431699347
ABAAABCBACBBAACBDBABBDBDBBBAAAAAABAAABDAABAABAAABCBAAAAACACBAABAADACCBAAAACACABBABABAAABABBAABDABBCAAAABABAAAABDCBCAAACABBCCADAAAAAAAABDBDADBADAAABBABAAAAACBBADAAACCAAABAAABAAABAABABAABABABAAAACCAAAABAAABBBBCACDCAACDBDCCCAAAAABADDBCACAAAAABAABAAAAAAABBDCBBACCBBBA	['A11B', 'C31A', 'A97B', 'D119C', 'C122B', 'D125A', 'C140D', 'D148B', 'B201A', 'B254C', 'D255B']	11	-7.28748121089302	-4.819203238439513	-9.073421866836725	-1.7859406559437048
ABAAABCBACABAACBDBABBDBCBBBAAACAABAAABDAABAABAAABCBAAAAACACBAABAADACCBAAAACACABBABABAAABABBAABDAABCABAABABAAAABACBCAAACAACCCADAAAAAAAABDBDACBADAAABDABAAABACBBADAAACCAAABAAABAAACAABABAABABABAAAACCAAAABBAABBBBCACDCAACDBDCCCAAAAABADDBDACAAAAABAABAAAAAAABBDBDBACCBBBA	['D24C', 'A101B', 'D112A', 'D119C', 'B121A', 'D125A', 'A154B', 'B177C', 'C232D']	9	-4.81958480249159	-9.66700190512347	-11.453324125119252	-1.7863222199957818
ABAAABCBACABAACBDBABBDBDBBBAAACAABAAABDAABAABAAABCBAAAAACACBAABAADACCBAAAACACABBABABAAABABBAABDAABCABAABABAAAABDCBCAAADABCCADDAAAAAAAABDBDACBADAAABDABAAAAACBBADAAACCAAABAAABAAABAABABAABABABAAAACCAAAABAAABBBBCACCCAABDBDCCCAAAAABADDBCACAAAAABAABAAAAAAABBDBDBACCBBBA	['A101B', 'C124A', 'B201A', 'D211C', 'C215B']	5	-4.862472573062405	-8.866978458565427	-10.696188449132023	-1.8292099905665964
ABAAABCBACABAACBABABBDBDBBBAAAAAABAAABDAABAABAAABABAAAAACACBAABAADACCBAAAACACABBABABAAABABBAABCAABCABAABABAAAABACBCAAABABCCCDDAAAAAAAABDBDACBADAAABDABBAAACAABADAAACCAAABAAABAAABAABABAABABABAAAACCAAAABBAABBBBCACDCAACDBDCCCAAAAABADDBCACAAAAABAABAAAAAAABBDBDBACCBBBA	['D17A', 'C31A', 'C50A', 'D95C', 'A101B', 'D112A', 'D119B', 'A151B', 'A155C', 'C156A', 'B157A']	11	-4.875304483575746	-8.639271995023591	-10.48131389610353	-1.8420419010799378
ABAAABCBACABAACBABABBDBDBBBAAACAABAAABDAABAABAAABCBAAAAACACBAABAADACCBAAAACACABBABABAAABABBAABDAABCABAABABAAAABDCBCAAADABCCABDAAAAAAAABDBDACBADAAABDABAAAAACBBADAACCCAAABAAABAAABAABABAABABABAAAACCAAAABBAABBBBCACDCAACDBCCCCAAAAABADDBCACAAAAABAABAAAAAAABBDBDBACCBBBA	['D17A', 'A101B', 'C124A', 'D125B', 'A163C', 'D218C']	6	-4.878673705039546	-9.444762020808412	-11.290173143352149	-1.8454111225437373
ABAAABCBACBBAACBDBABBDBDBBBAAACAABAAABDAABAABAAABCBAAAAACACBAABAADACCBAAAACACABBABABAAABABBAABDAABCABAABABAAAACBCBCAAABABCCCABAAAAAAAABDBDACBADAAABDAAAAAAACBBADAAACCAAABAAABAAABAABABAABABABAAAACCAAAABAAABBBBCACDCAACDBDCCCAAAAABADDBCACAAAAABAABAAAAAAABBDBDBACCBBBA	['A11B', 'A101B', 'B111C', 'D112B', 'D119B', 'D125A', 'D126B', 'B150A', 'B201A']	9	-4.895429917844012	-9.468849392578704	-11.331016727926908	-1.8621673353482038
ABAAABCBACABABCBDBABBDBDBBBAAACAABAAABDAABAABAAABCBAAAAACACBAABAADACCBAAAACACABBABABAAABABBAABDAABCAAAABABAAAABDCBCAAADABCCCDDAAAAAAAABDBDADBADAAABBABAAAAACBBADAAACCAAABAAABAAABAABABAABABBBAAAACCAAAABAAABBBBCACDCAACDBDDBCAAAAABADDBCACAAAAABAABAAAAAAABBDBDAACCBBBA	['A14B', 'C140D', 'D148B', 'A188B', 'B201A', 'C219D', 'C220B', 'B256A']	8	-9.044704631203786	-4.9252547351352405	-10.936696783843217	-1.8919921526394319
ABAAABCBACABAACBABABBDBDBBBAAAAAABAAABDAABAABAAABCBAAAAACACBAABAADACCBAAAACACABBABABAAABABBAABDAABCABAABABAAAACDCBCAAADABCCADDAAAAAAAABDBDACBADAAABDABAAAAACBBADAAACAAAABAAABAAABAABABAABABABAAAACCAAAABBAABBBBCACDCAACDBDCCCAAAAABADDBCACAAAAABAABAAAAAAABBDBDAACCBBBA	['D17A', 'C31A', 'A101B', 'B111C', 'C124A', 'C165A', 'B256A']	7	-4.934639329789206	-9.574090407666517	-11.475467154959915	-1.9013767472933978
ABAAABCBACABAACBABABBDBDBBBAAAAAABAAABDAABAABAAABCBAAAAACACBAABAADACCBAAAACACABBABABAAABABBAABDAABCABAABABAAAACDCBCAAADABCCADDAAAAAAAABDBDACBADAAABDABAAAAACBBADAAACAAAABAAABAAABAABABAABABABAAAACCAAAABBAABBBBCACDCAACDBDCCCAAAAABADDBCACAAAAABAABAAAAAAABBDBDAACCBBBA	['D17A', 'C31A', 'A101B', 'B111C', 'C124A', 'C165A', 'B256A']	7	-4.934639329789206	-9.574090407666517	-11.475467154959915	-1.9013767472933978
ABAAABCBACBBAACBDBABBDBDBBBAAAAAABAAABDAABAABAAABCBAAAAACACBAABAADACCBAAAACACABBABABAAABABBAABDAABCABAABABAAAABDCBCAAADABCCDDDAAAAAAAABDBBACBADAAABDABAAAAACBBADAAACCAAABAAABAAABAABABAABABABAAAACDAAAABBABBBBBCACDCAABDBDCCCAAAAABADDBCACAAAAABAABAAAAAAABBDBDBACCBBBA	['A11B', 'C31A', 'A101B', 'C124D', 'D138B', 'C195D', 'A203B', 'C215B']	8	-4.955498005961999	-7.480679286614759	-9.40291471008095	-1.9222354234661907
ABAAABCBACBBAACBDBABBDBDBBBAAAAAABAAABDAABAABAAABCBAAAAACACBAABAADACCBAAAACACABBABABAAABABBAABDAABCABAABABAAAABDCBCAAADABCCDDDAAAAAAAABDBBACBADAAABDABAAAAACBBADAAACCAAABAAABAAABAABABAABABABAAAACDAAAABBABBBBBCACDCAABDBDCCCAAAAABADDBCACAAAAABAABAAAAAAABBDBDBACCBBBA	['A11B', 'C31A', 'A101B', 'C124D', 'D138B', 'C195D', 'A203B', 'C215B']	8	-4.955498005961999	-7.480679286614759	-9.40291471008095	-1.9222354234661907
ABAAABCBACABAACBDBABBDBDBBBAAACAABAAABDAABAABAAABCBAAAAACACBAABAADACCBAAAACACABBABABAAABABBAABDAABCABAABABAAAABBCBCAAADABCCCDDAAAAAAAABDBDACBADAAABDABAAAAACBBADAAACCAAABAAABAAABAABABAABABABAAAACCAAAABBAABBBBCACBCAACDADCCCAAAAABADDBCACAAAAABAABAAAAAAABBDBDBACCBBBA	['A101B', 'D112B', 'D211B', 'B217A']	4	-4.969244612148032	-8.629328548413469	-10.565310578065692	-1.935982029652223
ABAAABCBACABAACBDBABBDBDBBBAAACAABAAABDAABAABAAABCBAAAAACACBAABAADACCBAAAACACABBABABAAABABBAABDAABCABAABABAAAABBCBCAAADABCCCDDAAAAAAAABDBDACBADAAABDABAAAAACBBADAAACCAAABAAABAAABAABABAABABABAAAACCAAAABBAABBBBCACBCAACDADCCCAAAAABADDBCACAAAAABAABAAAAAAABBDBDBACCBBBA	['A101B', 'D112B', 'D211B', 'B217A']	4	-4.969244612148032	-8.629328548413469	-10.565310578065692	-1.935982029652223
ABAAABCBACABAACBDBABBDBDBBBAAACAABAAABDAABAABAAABCBAAAAACACBAABAADACCBAAAACACABBABABAAABABBAABDAABCABAABABAAAABBCBCAAADABCCCDDAAAAAAAABDBDACBADAAABDABAAAAACBBADAAACCAAABAAABAAABAABABAABABABAAAACCAAAABBAABBBBCACBCAACDADCCCAAAAABADDBCACAAAAABAABAAAAAAABBDBDBACCBBBA	['A101B', 'D112B', 'D211B', 'B217A']	4	-4.969244612148032	-8.629328548413469	-10.565310578065692	-1.935982029652223
ABAAABCBACABAACBDBABBDBDBBBAAACAABAAABDAABAABAAABCBAAAAACACBAABAADACCBAAAACACABBABABAAABABBAABDAABCABAABABAAAABBCBCAAADABCCCDDAAAAAAAABDBDACBADAAABDABAAAAACBBADAAACCAAABAAABAAABAABABAABABABAAAACCAAAABBAABBBBCACBCAACDADCCCAAAAABADDBCACAAAAABAABAAAAAAABBDBDBACCBBBA	['A101B', 'D112B', 'D211B', 'B217A']	4	-4.969244612148032	-8.629328548413469	-10.565310578065692	-1.935982029652223
ABAAABCBACABAACBDBABBDBDBBBAAACAABAAABDAABAABAAABCBAAAAACACBAABAADACCBAAAACACABBABABAAABABBAABDAABCABAABABAAAABBCBCAAADABCCCDDAAAAAAAABDBDACBADAAABDABAAAAACBBADAAACCAAABAAABAAABAABABAABABABAAAACCAAAABBAABBBBCACBCAACDADCCCAAAAABADDBCACAAAAABAABAAAAAAABBDBDBACCBBBA	['A101B', 'D112B', 'D211B', 'B217A']	4	-4.969244612148032	-8.629328548413469	-10.565310578065692	-1.935982029652223
ABAAABCBACABAACBDBABBDBDBBBAAACAABAAABDAABAABAAABCBAAAAACACBAABAADACCBAAAACACABBABABAAABABBAABDAABCABAABABAAAABBCBCAAADABCCCDDAAAAAAAABDBDACBADAAABDABAAAAACBBADAAACCAAABAAABAAABAABABAABABABAAAACCAAAABBAABBBBCACBCAACDADCCCAAAAABADDBCACAAAAABAABAAAAAAABBDBDBACCBBBA	['A101B', 'D112B', 'D211B', 'B217A']	4	-4.969244612148032	-8.629328548413469	-10.565310578065692	-1.935982029652223
ABAAABCBACABAACBDBABBDBDBBBAAACAABAAABDAABAABAAABCBAAAAACACBAABAADACCBAAAACACABBABABAAABABBAABDAABCABAABABAAAABBCBCAAADABCCCDDAAAAAAAABDBDACBADAAABDABAAAAACBBADAAACCAAABAAABAAABAABABAABABABAAAACCAAAABBAABBBBCACBCAACDADCCCAAAAABADDBCACAAAAABAABAAAAAAABBDBDBACCBBBA	['A101B', 'D112B', 'D211B', 'B217A']	4	-4.969244612148032	-8.629328548413469	-10.565310578065692	-1.935982029652223
ABAAABCBACBBAACBDBABBDDDBBBBAACAABAABBDAABAABAAABCBAAAAACACBAABAADACCBAAAACACABBABABAAABABBAABDAABCABAABABAAAABDCBCAAADABCCCDDAAAAAAAABDBDACBADAAABDABAAAACCBBADAAACCAAABAAABAAABAABABAABABABAAAACCAAAABAAABBABCACDCAABDBDCCCAAAAABADDBCACAAAAABAABAAAAAAABBDBDAACCBBBA	['A11B', 'B23D', 'A28B', 'A37B', 'A101B', 'A155C', 'B201A', 'B206A', 'C215B', 'B256A']	10	-4.973989329999313	-7.8002697382326005	-9.740996485736105	-1.9407267475035042
ABAAABCBACBBAACBCBABBDBDBBBAAACAABAAABDAABAADAAABABAAAAACACBAABAADACCBAAAACACABBABABAAABABBAABDAABCABAABABAAAABDCBCAAABABCCCDDAAAAAAAACDBDACBADAAABDABAAAACCBBADAACCCAAABAAABAAABAABABAABABABAAAACCAAAABBAABBBBCACDCAACDBDCCCAAAAABADDBCACAAAAABAABAAAAAAABBDBDBACCBBBA	['A11B', 'D17C', 'B45D', 'C50A', 'A101B', 'D119B', 'B135C', 'A155C', 'A163C']	9	-4.975805705180392	-9.44857479489292	-11.391117917577503	-1.942543122684583
ABAAABDBACABAACBABABBDBDBBBAAACAABAAABDAABAABAAABCBAAAAACACBAABAADACCBAAAACACABBABABAAABABBAABDAABCAAAABABAAAABDCBCAAADABCCBDDAAAAAAAABDBDACBADAAABDABAAAAACBBADAAACCAAABAAABAAABAABABAABABABAAAACCAAAABBAABBBBCACDCAACDBDCACAAAAAAADDBCACAAAAABAABAAAAAAABBDBDBACCBBBA	['C7D', 'D17A', 'C124B', 'C220A', 'B227A']	5	-4.984273856249274	-9.600344712816877	-11.551355986570343	-1.9510112737534655
ABAAABCBABABAACBDBABBDBDBBBAAACAABAAABDAABAABAAABABAAAAACACBAABAADACCBAAAACACABBABABAAABABBAABDAABCABAABABAAAABBCBCAAACABCCAADAAAAAAAABDBDACBADAAABDABAAAAACBBADAAACCAAABAAABAAABAABABAABABABAAAACCAAAABBAABBABCACDCAACDBDCCCAAAAABADDBCACAAAAABAABAAAAAAABBDBDBACCBBBA	['C10B', 'C50A', 'A101B', 'D112B', 'D119C', 'C124A', 'D125A', 'B206A']	8	-4.995401792926714	-7.859308123093797	-9.821447333524702	-1.9621392104309052
ABAAABCBACBBAACBDBABBDBDBBBAAAAAABAAABDAABAABAAABCBAAAAACACBAAAAADACCBAAAACACABBABABAAABABBAABDAABCABAABABAAAABBCBCAAADABCCCDDAAAAAAAABDBDADBADAAABBABAAAAACBBADAAACCAAABAAABAAABAABABAABABABAAACCCAAAABAAABBBBCACDCAACDBDCCCAAAAABADDBCACAAAAABAABAAAAAAABBDDDBACCBBBA	['A11B', 'C31A', 'B63A', 'A101B', 'D112B', 'C140D', 'D148B', 'A193C', 'B201A', 'B254D']	10	-6.672668386017904	-5.001519937970443	-8.640925741492538	-1.968257355474634
ABAAABCBACABAACBDBABBDBDBBBAAACAABAAABDAABAADAAABABAAAAACACBAABAADACCBAAAACACABBABABAAABABBAABDAABCAAAABABAAAABDCBCAAADABCCADDAAAAAAAABDBDACBADAAABDABAAAAACBBADAAACCAAABAAABAAABAABABAABABABAAAACCAAAABAAABBBBAACDCAACDBCCBCAAAAABADDBCACAAAAABAABAAAAAAABBDBDBACCBBBA	['B45D', 'C50A', 'C124A', 'B201A', 'C208A', 'D218C', 'C220B']	7	-5.002877088263631	-7.343858815700514	-9.313473321468337	-1.9696145057678223
ABAAABCBACBBAACBDBABBDBCBBBAAAAAABAAABDAABAABAAABCBAAAAACACBAABAADACCBADAACACABBABABAAABABBAABDAABCAAAABABAAAABDCBCAAADABCCCDDAAAAAAAABDBDADBADAAABBABAAAAACBBADAAACCABABAAABAAABAABABAABABABAAAACCAAAABAAABBBBAACDCAACDBDCCCAAAAABADDBCACAAAAABAABAAAAAAABBDBDBACCBBBA	['A11B', 'D24C', 'C31A', 'A72D', 'C140D', 'D148B', 'A167B', 'B201A', 'C208A']	9	-8.468701945152134	-5.0146506535529625	-10.450090016209288	-1.9813880710571539
ABAAABCBACBBAACBDBABCDBDBBBAAAAAABAAABDAABAABAAABCBAAAAACACBAABAADACCBAAAACACABBABABAAABABBAABDAABCABAABABAAAABDCBCAAABABBCCDDAAAAAAAABDBDACBADAAABDABAAAAACBBADAAACCAAABAAABAAABAABABAABABABAAAACCAAAABBAABBABCACDCAACDBDCCCAAAAABADDBCACAAAAABAABAAAAAAABBDBDBACCBBBA	['A11B', 'B21C', 'C31A', 'A101B', 'D119B', 'C122B', 'B206A']	7	-5.032473558327183	-7.18047257696162	-9.179683552792994	-1.9992109758313745
ABAAABCBACABAACBABABBDBDBBBAAACAABAAABDAABAABAAABABAAAAACACBAABAADACCBAAAACACABBABABAAABABBAABDAABCAAAABABAAAABDCBCAAADABCCAADAAAAAAAABDBDACBADAAABDABAAAAACBBADAAACCAAABAAABAAABAABABAABABABAAAACCAAAABBAABBBBCACDCAABDBDCBCAAAAABADDBCACAAAAABAABAAAAAAABBDBDBACCBBBA	['D17A', 'C50A', 'C124A', 'D125A', 'C215B', 'C220B']	6	-5.039253820898011	-7.841141786397202	-9.847133024799405	-2.0059912384022027
ABAAABCBACABABCBDBABBDBDBBBAAACAABAAABDAABAABAAABCBAAAAACACBAABAADACCBAAAACACABBABABAAABABBAABDAABCABAABABAAAABDCBCAAADABCCADDAAAAAAAACDBDACBADAAABDABAAAAACBBADAAACCAAABAAABAAABAABBBAABABABAAAACCAAAABAAABBBBCACDCAACDBDCCCCAAAABADDBCACAAAAABAABAAAAAAABBDBDBACCBBBA	['A14B', 'A101B', 'C124A', 'B135C', 'A181B', 'B201A', 'A222C']	7	-5.048053027363494	-10.733557128784014	-12.7483475736517	-2.0147904448676854
ABAAABCBACABAACBDBABBDBDBBBAAACAABAAABDAABAABAAABCBAAAAACACBAABAADACCAAAAACACABBABABAAABABBAABDAABCABAABABAAAABBCBCAAABABCCDDDAAAAAAAABDBDACBADAAABDABAAAAACBBADAAACCAAABAAABAAABAABABAABABABAAAACCAAAABBAABBABCACCCAACDBDCCCAAAAABADDBCACAAAAABAABAAAAAAABBDBDBACCBBBA	['B70A', 'A101B', 'D112B', 'D119B', 'C124D', 'B206A', 'D211C']	7	-5.05265805660747	-9.695490652200533	-11.714886126312194	-2.0193954741116613
ABAAABCBACABAACBABABBDBDBBBAAAAAABAAABDAABAABAAABCBAAAAACACBAABAADACCBAAAACACABBABABAAABABBAABDAABCABAABABAAAABDCBCAAAAABBCAADAAAAAAAABDBDACBADAAABDABAAAAAABBADAAACCAAABAAABAAABAABABAABABABAAAACCAAAABBAABBABCACDCAABDBDCCDCAAAABADDBCACAAAAABAABAAAAAAABBDBDAACCBBBA	['D17A', 'C31A', 'A101B', 'D119A', 'C122B', 'C124A', 'D125A', 'C156A', 'B206A', 'C215B', 'C221D', 'A222C', 'B256A']	13	-5.057835244340822	-9.457751601439668	-11.482324263284681	-2.0245726618450135
ABAAABCBACABAACBABABBDBDBBBAAACAABAAABDAABAABAAABCBAAAAACACBAABAADACCBAAAACACABBABABAAABABBAABDAABCABAABABAAAABDCBCAAADABCCCDDAAAAAAAABDBDACBADAAABDABAAAAACBBADAAACCAAABAAABAAABAABABAABABABAAAACCAAAABAAABBBBAACDCAACDBDCCCAAAAABADDBCACAAAAABAABAAAAAAABBDBDBACCBBBA	['D17A', 'A101B', 'B201A', 'C208A']	4	-5.061565286014229	-8.760261179384543	-10.788563882902963	-2.0283027035184205
ABAAABCBACABAACBABABBDBDBBBAAACAABAAABDAABAABAAABCBAAAAACACBAABAADACCBAAAACACABBABABAAABABBAABDAABCABAABABAAAABDCBCAAADABCCCDDAAAAAAAABDBDACBADAAABDABAAAAACBBADAAACCAAABAAABAAABAABABAABABABAAAACCAAAABAAABBBBAACDCAACDBDCCCAAAAABADDBCACAAAAABAABAAAAAAABBDBDBACCBBBA	['D17A', 'A101B', 'B201A', 'C208A']	4	-5.061565286014229	-8.760261179384543	-10.788563882902963	-2.0283027035184205
ABAAABCBACABAACBDBAABDBDBBBAAACAABAAABDAABAABAAABABAAAAACACBAABAADACCBADAACACABBABABAAABABBAABDABBCABAABABAAAABDCBCAAABABCCADDAAAAAAAABDBDACBADAAABDABBAAACCBBADAAACCAAABAAABAAABAABABAABABABAAACCCAAAABBAABBBBCACCCAACDBDCCCAAAAABADDBCACAAAAABAABAAAAAAABBDBDBACCBBBA	['B20A', 'C50A', 'A72D', 'A97B', 'A101B', 'D119B', 'C124A', 'A151B', 'A155C', 'A193C', 'D211C']	11	-5.069794943323359	-11.69005315747927	-13.72658551830682	-2.0365323608275503
ABAAABCBACABAACBABABBDBDBBBAAACAABAAABDAABAABAAABABAAAAACACBAADAADACCBAAAACACABBABABAAABABBAABDAABCAAAABABAAAABDCBCAAADABCCAADAAAAAAAABDBDACBADAAABDABAAAAACBBADAAACCAAABAAABAAABAABABAABABABAAAACCAAAABBAABBBBCACDCAABDBDCBCAAAAABADDBCACAAAAABAABAAAAAAABBDBDBACCBBBA	['D17A', 'C50A', 'B63D', 'C124A', 'D125A', 'C215B', 'C220B']	7	-5.070198902627453	-7.942035100859357	-9.978971420991002	-2.0369363201316446
ABAAABCBACBBAACBDBABBDBDBBBBAACAABAABBDAABAABAAABCBAAAAACACBAABAADACCBADACCACABBABABAAABABBAABDAABCABAABABAAAABBCBCAAACABBCAADAAAAAAAABDBDADBADAAABCABAAAAACBBADAAACCABABAAABAAABAABABAABABABAAAACCAAAABBAABBBBCACBCAACDBDCCCAAAAABADDBCAAAAAAABAABAAAAAAABBDBDBACCBBBA	['A11B', 'A28B', 'A37B', 'A72D', 'A74C', 'A101B', 'D112B', 'D119C', 'C122B', 'C124A', 'D125A', 'C140D', 'D148C', 'A167B', 'D211B', 'C234A']	16	-5.071044648764655	-12.726082795270486	-14.763864861539332	-2.0377820662688464
ABAAABCBACABAACBABABBDBDBBCAAAAAABBAABBACBAABAAABABAAAAACACBAABAADACCBAAAACACABBABABAAABABBAABDAABCABAABABAAAABDCBCAAADABCCCDDAAAAAAAABDBDAABADAAABAABAAAAACBBADAABCCAAABAAABAAABAABABAABABABAAACCCAAAABAAABBBBCACDCAACDBCCBCAAAAAAADDBCAAAAAAABAABAAAAAAABBDBDBACCBBBA	['D17A', 'B27C', 'C31A', 'A35B', 'D39B', 'A41C', 'C50A', 'A101B', 'C140A', 'D148A', 'A163B', 'A193C', 'B201A', 'D218C', 'C220B', 'B227A', 'C234A']	17	-5.0804364087525755	-5.310754093079595	-7.357927919336362	-2.047173826256767
ABAAABCBACABAACBABABBDBDBBBAAACAABAAABDAABAABAAABCBAAAAACACBAABAADACCBAAAACACABBABABAAABABBAABDAABCABAABABAAAABDCBCAAADABCCCDDAAAAAAAABDBDACBADAAABDABAAAAACBBADAAACCAAABAAABAAABAABABAABABABAAAACCAAAABBAABBBBAACDCAACDBDCCCAAAAABADDBCACAAAAABAABAAAAAAABBDBDBACCBBBA	['D17A', 'A101B', 'C208A']	3	-5.081557048950344	-9.306011722859694	-11.35430618931423	-2.0482944664545357
ABAAABCBACABAACBDBABBDBDBBBAAAAAABAAABDAABAABAAABCBAAAAACACBAABAADACCBAAAACACABBABABAAAAABBAABDAABCABAABABAAAABDCBCAAADABCCCADAAAAAAAABDBDACBADAAABDABAAAAACBBADAAACCAAABAAABAAABAABBBAABABABAAAACCAAAABBAABBBBCACDCAACDBDCCCAAAAABADDBCACAAAAABAABAAAAAAABBDBDBACCBBBA	['C31A', 'B88A', 'A101B', 'D125A', 'A181B']	5	-5.081996913300827	-7.1968352901458275	-9.245569620950846	-2.0487343308050185
ABAAABCBACABAACBDBABBDBDBBBAAACAABAAABDAABAABAAABCBAAAAACACBAABAADACCBAAAACACABBABABAAABABBAABDAABCAAAABABAAAABDCBCAAADABCCCDDAAAAAAAABDBDADBADAAABBABAAAAACBBADAAACCAAABAAABAAABAABABAABABABAAAACCAAAABAAABBABCACDCAACDBDCCCAAAAABADDBCACAAAAABAABAAAAAAABBDBDBACCBBBA	['C140D', 'D148B', 'B201A', 'B206A']	4	-8.688738881377503	-5.083387589984341	-10.738863888866035	-2.050125007488532
ABAAABCBACBBAACBDBABBDBDABBAAACAABAAABDAABAABAAABCBAAAAACACBAABAADACCBAAAACACABBABABAAABABBAABDAABCABAABABAAAADDCBCAAACABBCADDAAAAAAAABDBDACBADAAABDABAAABACBBADAAACCAAABAAABAAABAABABAABABABAAAACCAAAABBAABBBBCACDCAACDBDCCCAAAAABADDBCACAAAAABAABAAAAAAABBDBDAACCBBBA	['A11B', 'B25A', 'A101B', 'B111D', 'D119C', 'C122B', 'C124A', 'A154B', 'B256A']	9	-5.088389295851812	-11.307620201230748	-13.36274691458675	-2.055126713356003
ABAAABCBACBBAACBDBABBDBDABBAAACAABAAABDAABAABAAABCBAAAAACACBAABAADACCBAAAACACABBABABAAABABBAABDAABCABAABABAAAADDCBCAAACABBCADDAAAAAAAABDBDACBADAAABDABAAABACBBADAAACCAAABAAABAAABAABABAABABABAAAACCAAAABBAABBBBCACDCAACDBDCCCAAAAABADDBCACAAAAABAABAAAAAAABBDBDAACCBBBA	['A11B', 'B25A', 'A101B', 'B111D', 'D119C', 'C122B', 'C124A', 'A154B', 'B256A']	9	-5.088389295851812	-11.307620201230748	-13.36274691458675	-2.055126713356003
ABAAABCBACABAACBABABBDBDBBBAAACAABAAABDAABAABAAABCBAAAAACACBAABAADACCBAAAACACABBABABAAABABBAABDAABCABAABABAAAABBCBCAAADABCCCDDAAAAAAAABDBDACBADAAABDABAAAACCBBADAAACAAAABADABAAABAABABAABABABAAAACCAAAABBAABBABCACDCAACDBDCCCAAAAABADDBCACAAAAABAABAAAAAAABBDBDAACCBBBA	['D17A', 'A101B', 'D112B', 'A155C', 'C165A', 'A171D', 'B206A', 'B256A']	8	-5.097513378364965	-9.54718578790198	-11.611436583771138	-2.0642507958691567
ABAAABCBACABAACBDBABBDBDBBBAAACAABAAABDAABAABAAABCBAAAAACACBAABAADACCBAAAACACABBABABAAABABBAABDAABCABAABABAAAABBCBCAAADABCCCDDAAAAAAAABDBDACBADAAABDABAAAAACBBADAAACCAAABAAABAAABAABABAABABABAAAACCAAAABBAABBBBCACDCAABDBBCCCAAAAABADDBCACAAAAABAABAAAAAAABBDBDAACCBBBA	['A101B', 'D112B', 'C215B', 'D218B', 'B256A']	5	-5.097635563230142	-9.048542864358751	-11.112915845093084	-2.0643729807343334
ABAAABCBACABAACBABABBDBAABBAAACAABAAABAAABAABAAABCBAAAAACACBAABAADACCBAAAACACABBABABAAABABBAABDAABCABAABABAAAABDCBCAAADABCCDDDAAAAAAAABDBDACBADAAABDABAAAAACBBADAAACAAAABAAABAAABAABABAABABABAAAACCAAAABBAABBBBCACDCAACDBDCCCAAAAABADDBCACAAAAABAABAAAAAAABBDBDBACCBBBA	['D17A', 'D24A', 'B25A', 'D39A', 'A101B', 'C124D', 'C165A']	7	-5.102968992432579	-9.544165290397359	-11.61387170033413	-2.069706409936771
ABAAABCBACABAACBABABBDBDBBBAAACAABAAABDAABAABAAABCBAABAACACBAABAADACCBAAAACACABBABABAAABABBAABDAABCAAAABABAAAABBCBCAAADABCCDDDAAAAAAAABDBDACBADAAABDABAAAAACBBADAAACCAAABAAABAAABAABABAABABABAAAACCAAAABAAABBBBCACDCAACDBDCCCAAAAABADDBCACAAAAABAABAAAAAAABBDBDAACCBBBA	['D17A', 'A54B', 'D112B', 'C124D', 'B201A', 'B256A']	6	-5.107249241089448	-9.99185915288399	-12.06584581147763	-2.0739866585936397
ABAAABCBACABAACBABABBDBDBBBAAACAABAAABDAABAABAAABCBAABAACACBAABAADACCBAAAACACABBABABAAABABBAABDAABCAAAABABAAAABBCBCAAADABCCDDDAAAAAAAABDBDACBADAAABDABAAAAACBBADAAACCAAABAAABAAABAABABAABABABAAAACCAAAABAAABBBBCACDCAACDBDCCCAAAAABADDBCACAAAAABAABAAAAAAABBDBDAACCBBBA	['D17A', 'A54B', 'D112B', 'C124D', 'B201A', 'B256A']	6	-5.107249241089448	-9.99185915288399	-12.06584581147763	-2.0739866585936397
ABAAABCBACABAACBDBABBDBDBBBAAACAABAAABDAABAABAAABABAAAAACACBAABAADACCBAAAACACABBABABAAABABBAABDAABCABAABABAAAABDCBCAAADABCCCDDAAAAAAAABDBDACBADAAABDABAAAAACBBADAAACCAAABAAABAABBAABABAABABABAAAACCAAAABBAABAABCACDCAACDBCCCCAAAAAAADDBCACAAAAABAABAAAAAAABBDBCAACCBBBA	['C50A', 'A101B', 'A176B', 'B205A', 'B206A', 'D218C', 'B227A', 'D255C', 'B256A']	9	-6.122412607772276	-5.108941991318716	-8.198092016595183	-2.075679408822907
ABAAABCBACABAACBDBABBDBDBBBAAAAAABAAABDAABAABAAABCBAAAAACACBAABAADACCBAAAACACABBABABAAABABBAABDAABCABAABABAAAABBCBCAAADABCCABDAAAAAAAACDBDACBADAAABDABAAAAACBBADAADCCAAABAAABAAABACBBBAABABABAAAACCAAAABAAABBBBCACDCAACDBDCCCAAAAABADDBCADAAAAABAABAAAAAAABBDBDBACCBBBA	['C31A', 'A101B', 'D112B', 'C124A', 'D125B', 'B135C', 'A163D', 'A179C', 'A181B', 'B201A', 'C234D']	11	-5.111806227359921	-8.868032340687932	-10.946575985552045	-2.078543644864112
ABAAABCBACABAACBDBABBDBDABBBAACAABAAABAAABAABAAABCBAAAAACACBAABAADACCBAAAACACABBABABAAABABBAABDAABCABAABABAAAABDCBCAAADABCCCDDAAAAAAAABDBDACBADAAABDABAAAACCBBADAAACAAAABAAABAAABAABABAABABABAAAACCAAAABBAABBBBCACDCAACABDCCCAAAAABADDBCACAAAAABAABAAAAAAABBDBDBACCBBBA	['B25A', 'A28B', 'D39A', 'A101B', 'A155C', 'C165A', 'D216A']	7	-5.112766554346308	-9.166390114900423	-11.245894086750923	-2.0795039718504995
ABAAABCBACBBAACBDBABBDBDABBAAAAAABAAABDAABAABAAABCBAAAAACACDAABAACACCBADAACACABBABABAAABABCAABDABBCAAAABAAAAAABBDBCAAACABCCDBDAAAAAAAABDBDACBADAAABDABAAAAACBBADAADCCAAABAAABAAABAABABAABABABAAAACCAAAABBABBCBBCACDCAACDBDCCCAAAAABADDBCACAAAAABAABAAAAAAABBDBDAACCBBBA	['A11B', 'B25A', 'C31A', 'B60D', 'D66C', 'A72D', 'B91C', 'A97B', 'B106A', 'D112B', 'C113D', 'D119C', 'C124D', 'D125B', 'A163D', 'A203B', 'B205C', 'B256A']	18	-5.120217422489077	-9.451418314565672	-11.53837315455894	-2.0869548399932683
ABAAABCBACABAACBABABBDBDBBBBABCAABAAABDAABAABAAABCBAAAAACAADAABAADACCBAAAACACABBABABAAABABBAABDAABCABAABABAAAABDCBCAAADABCCADDAAAAAAAABDBDACBADAAABDABAAAAACBBADAAACCAAABAAABAAABAABABAABABABAAAACCAAAABAAABBABCACDCAACDBDCCCAAAAABADDBCACAAAAABAABAAAAAAABBDBDBACCBBBA	['D17A', 'A28B', 'A30B', 'C59A', 'B60D', 'A101B', 'C124A', 'B201A', 'B206A']	9	-5.121164471609518	-8.930971005436732	-11.01887289455044	-2.0879018891137093
ABAAABCBACABAACBDBABBDBDBBBAAAAAABAAABDAABAABAAABCBAAAAACACBAABAADACCBAAAACACABBABABAAABABBAABDAABCABAABABAAAAADCBCAAADABCCCDDAAAAAAAABDBDACBADAAABDABAAAAACBBADAAACCAAABAAABAAABAABABAABABABAAAACCAAAABBAABBBBCACDCAACDBDCCCAAAAABADDBCACAAAAABAABAAAAAAABBDBDBACCBBBA	['C31A', 'A101B', 'B111A']	3	-5.121428886195645	-7.128692086291267	-9.216858389991103	-2.088166303699836
ABAAABCBACABAACBDBABBDBDBBBAAACAABAAABDAABAABAAABABAAAAACACBAABAADACCBAAAACACABBABABAAABABBAABDAABCABAACABAAAABDCBCAAADABCCADDAAAAAAAABDBDACBADAAABDABAAAACCBBADAAACCAAABAAABAAABAABABAABABABAAAACCAAAABBAABBABCACDCAACDBDCCCAAAAABADDBCACAAAAABAABAAAAAAABBDBDAACCBBBA	['C50A', 'A101B', 'B104C', 'C124A', 'A155C', 'B206A', 'B256A']	7	-5.122762933140621	-7.282592574105365	-9.372092924750177	-2.089500350644812
ABAAABCBACBBAACBDBABBDBDBBBAAAAAABAAABDAABAABAAABCBAAAAACACBAABAADACCBAAAACACABBABABAAABABBAABDAABCAAAABABAAAABDCBCAAABABCBDDDAAAAAAAABDBAADBADAAABBABAAAAAABBADAAACCAAABAAABAAABAABABAABABABAAAACCAAAABBAABBBBCACDCAACDBBCCCAAAAABADDBCADAAAAABAABAAAAAAABBDDDBACCBBBA	['A11B', 'C31A', 'D119B', 'C123B', 'C124D', 'D138A', 'C140D', 'D148B', 'C156A', 'D218B', 'C234D', 'B254D']	12	-8.630090876715258	-5.134875467716483	-10.731703761935933	-2.101612885220675
ABAAABCBACABAACBDBABBDBDBBBAAAAAABAAABDAABAABAAABCBAABAACACBAABAADACCBAAAACACABBABABAAABABBAABDAABCAAAABABAAAABDDBCAAADABCCAADAAAAAAAABDBDACBADAAABDABAAAAACBBADAAACCAAABAAABAAABAABABAABABABAAAACCAAAABAAABBBBCACDCAABDBDCCCAAAAABADDBCACAAAAABAABAAAAAAABBDBDBACCBBBA	['C31A', 'A54B', 'C113D', 'C124A', 'D125A', 'B201A', 'C215B']	7	-5.142917450750247	-7.354973413021071	-9.464628281275509	-2.109654868254438
ABAAABCBACABAACBDBABBDBDBBBAAAAAABAAABDAABAABAAABCBAABAACACBAABAADACCBAAAACACABBABABAAABABBAABDAABCAAAABABAAAABDDBCAAADABCCAADAAAAAAAABDBDACBADAAABDABAAAAACBBADAAACCAAABAAABAAABAABABAABABABAAAACCAAAABAAABBBBCACDCAABDBDCCCAAAAABADDBCACAAAAABAABAAAAAAABBDBDBACCBBBA	['C31A', 'A54B', 'C113D', 'C124A', 'D125A', 'B201A', 'C215B']	7	-5.142917450750247	-7.354973413021071	-9.464628281275509	-2.109654868254438
ABAAABCBACABAACBABABBDBDBBBAAACAABAAABDAABAABAAABCBAAAAACACBAABAADACCBADAACACABBABABAAABABBAABDAABCABAABABAAAABDCBCAAABABCCADDAAAAAAAACDBDACBADAAABDABAAAACABBADAAACCAAABAAABAAABAABABAABABABAAAACCAAAABBAABBBBCACDCAACDBDCCCAAAAABADDBCACAAAAABAABAAAAAAABBDBDBACCBBBA	['D17A', 'A72D', 'A101B', 'D119B', 'C124A', 'B135C', 'A155C', 'C156A']	8	-5.155247584683821	-12.924820302025182	-15.046805304213194	-2.121985002188012
ABAAABCBACABAACBABABBDBDBBBAAACAABAAABAAABAABAAABABAAAAACACBAABAADACCBAAAACACABBABABAAABABBAABDABBCAAAABABAAAABCDBCAAABABCCDDDAAAAAAAABDBDACBADAAABDABAAAACCBBADAAACCAAABAAABAAABAABABAABABABAAAACCAAAABBAABBABCACDCAACDBDCCCAAAAABADDBCACAAAAABAABAAAAAAABBDBDBACCBBBA	['D17A', 'D39A', 'C50A', 'A97B', 'D112C', 'C113D', 'D119B', 'C124D', 'A155C', 'B206A']	10	-5.161485848249868	-9.844100121845258	-11.972323387599317	-2.128223265754059
ABAAABCBACABAACBDBABBDBDBBBAAACAABAAABDAABAABAAACABAAAAACACBAABAADACCBAAAACACABBABABAAABABBAABDAABCABAABABAAAABDCBCAAADABCCADDAAAAAAAABDBDACBADAAABDABAAAACABBADAAACCABABAAABAAABAABABAABABABAAAACCAAAABBAABBBBCACDCAACDBDCCCAAAAABADDBCACAAAAABAABAAAAAAABBDBDBACCBBBA	['B49C', 'C50A', 'A101B', 'C124A', 'A155C', 'C156A', 'A167B']	7	-5.170848943060264	-9.093166655831737	-11.230753016396193	-2.1375863605644554
ABAAABCBACABAACBABABBDBCBBBAAACAABAAABDAABAABAAABCBAAAAACACBAABAADACCBAAAACACABBABABAAABABBAABDAABCAAAABABAAAABDDBCAAABABCCAADAAAAAAAABDBDACBADAAABDABAAAAACBBADAAACAAAABAAABAAABAABABAABABABAAAACCAAAABBAABBABCACDCAACABDCCCAAAAABADDBCACAAAAABAABAAAAAAABBDBDBACCBBBA	['D17A', 'D24C', 'C113D', 'D119B', 'C124A', 'D125A', 'C165A', 'B206A', 'D216A']	9	-5.179455120349303	-9.204632875946118	-11.350825413799612	-2.1461925378534943
ABAAABCBACABAACBABABBDBCBBBAAACAABAAABDAABAABAAABCBAAAAACACBAABAADACCBAAAACACABBABABAAABABBAABDAABCAAAABABAAAABDDBCAAABABCCAADAAAAAAAABDBDACBADAAABDABAAAAACBBADAAACAAAABAAABAAABAABABAABABABAAAACCAAAABBAABBABCACDCAACABDCCCAAAAABADDBCACAAAAABAABAAAAAAABBDBDBACCBBBA	['D17A', 'D24C', 'C113D', 'D119B', 'C124A', 'D125A', 'C165A', 'B206A', 'D216A']	9	-5.179455120349303	-9.204632875946118	-11.350825413799612	-2.1461925378534943
ABAAABCBACABAACBABABBDBDABBAAACAABAAABDAABAABAAABABAAAAACACBAABAADACCBAAAACACABBABABAAABABBAABDAABCABAABABAAAABDCBCAAADABCCADDAAAAAAAABDBDACBADAAABDABAAAACABBADAAACCAAABAAABAAABAABABAABABABAAAACCAAAABBAABBBBCACDCAACDBDCCDCAAAABADDBCACAAAAABAABAAAAAAABBDBDBACCBBBA	['D17A', 'B25A', 'C50A', 'A101B', 'C124A', 'A155C', 'C156A', 'C221D', 'A222C']	9	-5.188346870942041	-8.97826235552202	-11.133346643968252	-2.1550842884462327
ABAAABDBACABAACBDBABBDBDBBBBAACAABAAABAAABAABAAABABAAAAACACBAABAADACCBAAAACACABBABABAAABABBAABDAABCAAAABABAAAABCCBCAAADABCCDADAAAAAAAABDBCACBADAAABDABAAAAACBBADAAACAAAABAAABAAABAABABAABABABAAAACCAAAABAAABBBBCACDCAACBBDACCAAAAABADDBCACAAAAABAABAAAAAAABBDBDBACCBBBA	['C7D', 'A28B', 'D39A', 'C50A', 'D112C', 'C124D', 'D125A', 'D138C', 'C165A', 'B201A', 'D216B', 'C219A']	12	-5.190277526387945	-7.7915812778810505	-9.948596221773187	-2.157014943892136
ABAAABCBACABAACBDBABBDBDBBBAAACAABAAABDAABAABAAABCBAAAAACACBAABAADACCBAAAACACABBABABAAABABBAABDAABCAAAABABAAAABACBCAAADABCCCADAAAAAAAABDBDACBADAAABDABAAAAACBBADAAACCAAABAAABAAABAABABAABABABAAAACCAAAABBAABBBBCACDBAACABCACCAAAAABADDBCACAAAAABAABAAAAAAABBDBDBACCBBBA	['D112A', 'D125A', 'C212B', 'D216A', 'D218C', 'C219A']	6	-5.196448408765718	-8.07524398851092	-10.23842981478083	-2.1631858262699097
ABAAABCBACABAACBDBABBDBDBBBAAACAABAAABDAABAABAAABCBAAAAACACBAABAADACCBAAAACACABBABABAAABABBAABDAABCAAAABABAAAABACBCAAADABCCCADAAAAAAAABDBDACBADAAABDABAAAAACBBADAAACCAAABAAABAAABAABABAABABABAAAACCAAAABBAABBBBCACDBAACABCACCAAAAABADDBCACAAAAABAABAAAAAAABBDBDBACCBBBA	['D112A', 'D125A', 'C212B', 'D216A', 'D218C', 'C219A']	6	-5.196448408765718	-8.07524398851092	-10.23842981478083	-2.1631858262699097
ABAAABCBACABAACBDBABBDBDBBBAAAAAABAAABDAABAABAAABCBAAAAACACBAABAADACCBAAAACACABBABABAAABABBAABDAABCAAAABABAAAABDCBCAAADABCCCDDAAAAAAAABDBDACBADAAABDABAAAAACBBADAAACCAAABAAABAAABAABABAABABABAAAACCAAAABBAABBBBCACBCAACDBDCCCAAAAABADDBCACAAAAABAABAAAAAAABBDBDBACCBBBA	['C31A', 'D211B']	2	-5.198597340611741	-6.521745312929852	-8.687080071045784	-2.1653347581159323
ABAAABCBACABAACBDBABBDBDBBBAAAAAABAAABDAABAABAAABCBAAAAACACBAABAADACCBAAAACACABBABABAAABABBAABDAABCAAAABABAAAABDCBCAAADABCCCDDAAAAAAAABDBDACBADAAABDABAAAAACBBADAAACCAAABAAABAAABAABABAABABABAAAACCAAAABBAABBBBCACBCAACDBDCCCAAAAABADDBCACAAAAABAABAAAAAAABBDBDBACCBBBA	['C31A', 'D211B']	2	-5.198597340611741	-6.521745312929852	-8.687080071045784	-2.1653347581159323
ABAAABCBACABAACBDBABBDBDBBBAAACAABAAABDAABAABAAABABAABAACACBAABAADACCBAAAACACABBABABAAABABBAABDBABCABAABABAAAABBCBCAAADABCCDADAAAAAAAABDBDACBADAAABDABAAAAACBBADAAACCAAABAAABAAABAABABAABABABAAAACCAAAABBAABBBBCACDCAACDBDCCCAAAAABADDBCACAAAAABAABAAAAAAABBDBDBACCBBBA	['C50A', 'A54B', 'A96B', 'A101B', 'D112B', 'C124D', 'D125A']	7	-5.200646497076377	-8.173126739886357	-10.340510654466925	-2.1673839145805687
ABAAABCBACABAACBDBABBDBDBBBAAACAABAAABDAABAABAAABABAABAACACBAABAADACCBAAAACACABBABABAAABABBAABDBABCABAABABAAAABBCBCAAADABCCDADAAAAAAAABDBDACBADAAABDABAAAAACBBADAAACCAAABAAABAAABAABABAABABABAAAACCAAAABBAABBBBCACDCAACDBDCCCAAAAABADDBCACAAAAABAABAAAAAAABBDBDBACCBBBA	['C50A', 'A54B', 'A96B', 'A101B', 'D112B', 'C124D', 'D125A']	7	-5.200646497076377	-8.173126739886357	-10.340510654466925	-2.1673839145805687
ABAAABCBACABAACBDBABBDBDBBBAAACAABAAABDAABAABAAABCBAAAAACACBAABAADACCBAAAACACABBABABAAABABBAABDAABCAAAABABAAAABDCBCAAADABCCAADAAAAAAAACDBDACBADAAABDABAAAAACBBADAAACCABABAAABAAABAABABAABABABAAAACCAAAABBAABBBBCACDCAACDBDCCCAAAAABADDBCACAAAAABAABAAAAAAABBDBDBACCBBBA	['C124A', 'D125A', 'B135C', 'A167B']	4	-5.202266339911148	-9.697811260790331	-11.86681501820567	-2.1690037574153394
ABAAABCBACABAACBDBABBDBDBBBAAACAABAAABDAABAABAAABCBAAAAACACBAABAADACCBAAAACACABBABABAAABABBAABDAABCAAAABABAAAABDCBCAAADABCCAADAAAAAAAACDBDACBADAAABDABAAAAACBBADAAACCABABAAABAAABAABABAABABABAAAACCAAAABBAABBBBCACDCAACDBDCCCAAAAABADDBCACAAAAABAABAAAAAAABBDBDBACCBBBA	['C124A', 'D125A', 'B135C', 'A167B']	4	-5.202266339911148	-9.697811260790331	-11.86681501820567	-2.1690037574153394
ABAAADBBACABAACBDBABBDBDBBBAAAAAABAAABDAABAABAAABCBAAAAACACBAABAADACCBADAACACABBABABAAABABBAABDAABCAAAABABAAAABDCBCAAADABCCCDDAAAAAAAABDBAADBADAAABBABAAAAACBBADAABCCAAABAAABAAABAABABAABABABAAAACCAAAABBAABBBBCACDCAACDBDCCCAAAAABADDBCAAAAAAABAABAAAAAAABBABDAACCBBBA	['B6D', 'C7B', 'C31A', 'A72D', 'D138A', 'C140D', 'D148B', 'A163B', 'C234A', 'D253A', 'B256A']	11	-8.940590194193646	-5.218272480618907	-11.125600092316745	-2.1850098981230985
ABAAABCBACABAACBDBABBDBDBBBAAACAABAAABDAABAABAAABCBAAAAACABBAABAADACCBAAAACACABBABABAAABABBAABDAABCABAABABAAAABDCBCAAADABCCBADAAAAAAAABCBDACBADAAABDABAAAAACBBADAAACCAAABAAABAAABAABABAABABABAAAACCAAAABAABBBBBCACDCAACDBDCCCAAAAABADDBCACAAAAABAABAAAAAAABBDBDBACCBBBA	['C59B', 'A101B', 'C124B', 'D125A', 'D136C', 'B201A', 'A203B']	7	-5.23570209483114	-9.19949990385794	-11.401939416193272	-2.2024395123353315
ABAAABCBACABAACBDBABBDBDBBBAAACAABAAABDAABAABAAABABAAAAACACBAABAADACCBAABACACABBABABAAABABBAABDAABCAAAABABAAAABDCBCAAADABCCCDDAAAAAAAABDBDACBADAAABDABAAAAACBBADAAACCAAABAAABAAABAABABAABABABAAAACCAAAABBAABBABCACDCAACDBDCCCAAAAABADDBCACAAAAABAABAAAAAAABBDBDBACCBBBA	['C50A', 'A73B', 'B206A']	3	-6.673718339530751	-5.239046459522797	-8.87950221655774	-2.205783877026988
ABAAABCBACABAACBABABBDBDBBBAAACAABAAABAAABAABAAABCBAAAAACACBAABAADACCBAAAACACABBABABAAABABBAABDAABCABAABABAAAABDCBCAAADABCCDDDAAAAAAAABDBDACBADAAABDABAAAAACBBADAAACCAAABAAABAAABAABABAABABABAAAACCAAAABAAABBBBCACDCAACDBDCCCAAAAABADDBCAAAAAAABAAAAAAAAAABBDBDBACCBBBA	['D17A', 'D39A', 'A101B', 'C124D', 'B201A', 'C234A', 'B243A']	7	-5.241928742034361	-10.17086373778875	-12.379529897327302	-2.208666159538552
ABAAABCBACABAACBABABBDBDBBBAAACAABAAABDAABAABAAABCBAAAAACACBAABAADACCBADAACACABBABABAAABABBAABDAABCABAABABAAAABDCBCAAAAABBCCADAAAAAAAABDBDACBADAAABDABAAAACCBBADAAACCAAAAAAABAAABAABABAABABABAAAACCAAAABBAABBBBCACDCAACDBCCBCAAAAAAADDBCACAAAAABAABAAAAAAABBDBDBACCBBBA	['D17A', 'A72D', 'A101B', 'D119A', 'C122B', 'D125A', 'A155C', 'B169A', 'D218C', 'C220B', 'B227A']	11	-5.244434375548735	-10.279275755368872	-12.490447548421798	-2.2111717930529267
ABAAABCBACBBAACBDBABBDBCABBAAAAAABAAABDAABAABAAABCBAAAAACACBAABAADACCBAAAACACABBABACAAABABBAABCAABAABAABABAAAABACBCAAACABCCCDDAAAAAAAABCBDACBADAAABDABAAAAACBBACAAACCAAABAAABAAABAABABAABABABAAAACCAAAABAABBBBBAACDCAACDBCCCCAAAAABADDBCAAAAAAABAABAAAAAAABBABDBACCBBBA	['A11B', 'D24C', 'B25A', 'C31A', 'B84C', 'D95C', 'C99A', 'A101B', 'D112A', 'D119C', 'D136C', 'D160C', 'B201A', 'A203B', 'C208A', 'D218C', 'C234A', 'D253A']	18	-5.252430942840874	-6.65920229718904	-8.878370657534106	-2.2191683603450656
ABAAABCBACBBBACBDBABBDBDBBBAAAAAABAAABDAABAABAAABABAAAAAAACBAABAADACCBAAAACACABBABABAAABABBAABDAABCAAAABABAAAABDCBCAAACABBCADDAAAAAAAABDBDADBADAAABBABAAAAACBBADAAACCAAABAAABAAABAABABAABABABAAAACCAAAABBAABBABCACDCAACDBDCCCAAAAABADDBCACAAAAABAABAAAAAAABBDBCAACCBBBA	['A11B', 'A13B', 'C31A', 'C50A', 'C57A', 'D119C', 'C122B', 'C124A', 'C140D', 'D148B', 'B206A', 'D255C', 'B256A']	13	-8.435487498762086	-5.2599256722896826	-10.66215058855596	-2.226663089793874
ABAAABCBACBBBACBDBABBDBDBBBAAAAAABAAABDAABAABAAABABAAAAAAACBAABAADACCBAAAACACABBABABAAABABBAABDAABCAAAABABAAAABDCBCAAACABBCADDAAAAAAAABDBDADBADAAABBABAAAAACBBADAAACCAAABAAABAAABAABABAABABABAAAACCAAAABBAABBABCACDCAACDBDCCCAAAAABADDBCACAAAAABAABAAAAAAABBDBCAACCBBBA	['A11B', 'A13B', 'C31A', 'C50A', 'C57A', 'D119C', 'C122B', 'C124A', 'C140D', 'D148B', 'B206A', 'D255C', 'B256A']	13	-8.435487498762086	-5.2599256722896826	-10.66215058855596	-2.226663089793874
ABAAABCBACABAACBDBABBDBDBBBAAAAAABAAABDAABAAAAAABCBAAAAACACBAABAADACCBAAAACACABBABABAAABABBAABDAABCABAABABAAAABDCBCAAADABCCCDDAAAAAAAABDBDACBADAAABDABAAAAACABABAAACCAAABAAABAAABAABABAABABABAAAACCAAAABAAABBBBCACDCAABDBDCCCAAAAABADDBCACAAAAABAABAAAAAAABBDBDBACCBBBA	['C31A', 'B45A', 'A101B', 'B157A', 'D160B', 'B201A', 'C215B']	7	-5.2636772186961025	-6.474021265719784	-8.704435901920078	-2.230414636200294
ABAAABCBACABAACBDBABBDBDBBBAAACAABAAABDAABAABAAABCBAAAAACACBAABAADACCBAAAACACABBABABAAABABBAABDAABCABAABABAAAABDCBCAAADABCCABDAAAAAAAABDBDADBADAAABBABAAAAACBBADAAACCAAABAAABAAABAABABAABABABAAAACCAAAABBAABBABAACDCAABDBDCCCAAAAABADDBCACAAAAABAABAAAAAAABBDDBBACCBBBA	['A101B', 'C124A', 'D125B', 'C140D', 'D148B', 'B206A', 'C208A', 'C215B', 'B254D', 'D255B']	10	-6.657731276471168	-5.271028031100286	-8.895496725075645	-2.2377654486044776
ABAAABCBACBBBACBDBABBDBDBBBAAAAAABAAABDAABAABAAABABAAAAAAACBAABAADACCBAAAACACABBABABAAABCBBAABDAABCAAAABABAAAABDCBCAAACABBCADDAAAAAAAABDBDADBADAAABBABAAAAACBBADAAACCAAABAAABAAABAABABAABABABAAAACCAAAABBAABBABCACDCAACDBDCCCAAAAABADDBCACAAAAABAABAAAAAAABBDBCAACCBBBA	['A11B', 'A13B', 'C31A', 'C50A', 'C57A', 'A89C', 'D119C', 'C122B', 'C124A', 'C140D', 'D148B', 'B206A', 'D255C', 'B256A']	14	-8.477049519540742	-5.296988368005259	-10.740775305050192	-2.2637257855094504
ABAAABCBACABAACBABABBDBDBBBAAACAABAAABDAABAABAAABCBAAAAACACBAABAADACCBAAAACACABBABABAAABABBAABDAABCABAABABAAAABBCBCAAADABBCDDDAAAAAAAABDBDACBADAAABDABAAAAACBBADAAACCAAABAAABAAABAABABAABABABAAAACCAAAABAAABBBBAACDCAACDBDCCCAAAAABADDBCACAAAAABAABAAAAAAABBDBDAACCBBBA	['D17A', 'A101B', 'D112B', 'C122B', 'C124D', 'B201A', 'C208A', 'B256A']	8	-5.303896677214652	-11.306519409146858	-13.577153503865702	-2.2706340947188437
ABAAABCBACABAACBABABBDBDBBBAAACAABAAABDAABAABAAABCBAAAAACACBAABAADACCBAAAACACABBABABAAABABBAABAAABCABAABABAAAABDCBCAAACABCCAADAAAAAAAACBBDACBADAAABDABAAAACCBBADAAACCAAABAAABAAABAABABAABABABAAAACCAAAABBAABBBBCACDCAACDBDCCCAAAAABADDBCACAAAAABAABAAAAAAABBDBDBACCBBBA	['D17A', 'D95A', 'A101B', 'D119C', 'C124A', 'D125A', 'B135C', 'D136B', 'A155C']	9	-5.314461136935279	-12.562977565423353	-14.844176119862823	-2.28119855443947
ABAAACCBACBBAACBDBABBDBCBBBAAAAAABAAABDAAAAABAAABABAAAAACACBAABAADACCBAABCCACABBABAAAAABABBAABCAABCABAABABAAAABDABCAAADABCCBDDAAAAAAAABDBDACBADAAABDABBAAACCABABAACCCAAABAAABAAABAABABAABABABAAAACCAAAABAAABBABCACCCAACDBDCCCAAAAABADDBCACAAAAACAABAAAAAAABBDBDBACCBBBA	['B6C', 'A11B', 'D24C', 'C31A', 'B42A', 'C50A', 'A73B', 'A74C', 'B84A', 'D95C', 'A101B', 'C113A', 'C124B', 'A151B', 'A155C', 'B157A', 'D160B', 'A163C', 'B201A', 'B206A', 'D211C', 'B240C']	22	-5.318346698511959	-6.214050040085567	-8.499134156101718	-2.285084116016151
ABAAABCBACABAACBDBABBDBDBBBAAACAABAAABDAABAAAAAABCBAAAAACACBAABAADACCBAAAACACABBABABAAABABBAABDAABCABAABABAAAABDCBCAAADABCCCDDAAAAAAAABDBDACBADAAABDABAAAAACABABAAACCAAABAAABAAABAABABAABABABAAAACCAAAABBAABBBBCACDCAABDBDCCCAAAAABADDBCACAAAAABAABAAAAAAABBDBDBACCBBBA	['B45A', 'A101B', 'B157A', 'D160B', 'C215B']	5	-5.331112997373566	-8.578997085307492	-10.87684750018525	-2.2978504148777574
ABAAABCBACABAACBABABBDBDBBBAAACAABAAABDAABAABAAABCBAAAAACACBAABAADACCBAAAACACABBABABAAABABBAABDAABCABAABABAAAABDCBCAAADABCCABDAAAAAAAACDBDACBADAAABDABAAAAACBBADAACCCAAABAAABAAABAABABAABABABAAAACCAAAABBAABBBBCACDCAACDBDCCCAAAAABADDBCACAAAAABAABAAAAAAABBDBDAACCBBBA	['D17A', 'A101B', 'C124A', 'D125B', 'B135C', 'A163C', 'B256A']	7	-5.333207332296297	-11.51452681000228	-13.814471559802769	-2.2999447498004884
ABAAABCBACABAACBDBABBDBDBBBAABCAABAAABDAABAABAAABCBAAAAACACBAABAADACCBAAAACACABBABABAAABABBAABDAABCABAABABAAAABACBCAAADABCBDDDAAAAAAAABDBDACBADAAABDABAAAAACBBADAAACCAAABAAABAAABAABABAABABABAAAACCAAAABAAABBBBCACDCAACDBBCCCAAAAABADDBCACAAAAABAABAAAAAAABBDBDAACCBBBA	['A30B', 'A101B', 'D112A', 'C123B', 'C124D', 'B201A', 'D218B', 'B256A']	8	-5.337678458308801	-10.179304816498188	-12.48372069231118	-2.3044158758129925
ABAAABCBACABABCBDBABBDBDBBBBAACAABAAABDAABAABAAABCBAAAAACACBAABAADACCBAAAACACABBABABAAABABCAABDAABCABAABABAAAABDCBCAAAAABBCAADAAAAAAAABDBDACBADAAABDABAAAAACBBADAAACCAAABAAABAAABAABABAABABABAAAACCAAAABBABBBBBCACDCAADDBDCCDCAAAABADDBCACAAAAABAABAAAAAAABBDBDBACCBBBA	['A14B', 'A28B', 'B91C', 'A101B', 'D119A', 'C122B', 'C124A', 'D125A', 'A203B', 'C215D', 'C221D', 'A222C']	12	-5.339531310135499	-9.18507108229096	-11.49133980993065	-2.30626872763969
ABAAABCBACBBAACBDBABBDBDBBBAAACAABAAABDAABAABAAABABAAAAACACBAABAADACCBAAAACACABBABABAAABABBAABDAABCAAAABABAAAABDCBCAAADABCCCDDAAAAAAAABDBDADBADAAABBABAAAAACBBADAAACCAAABAAABAAABAABABAABABABAAACCCAAAABAAABBBBCACDCAACDBDCCCAAAAABADDBCACAAAAABAABAAAAAAABBDBDAACCBBBA	['A11B', 'C50A', 'C140D', 'D148B', 'A193C', 'B201A', 'B256A']	7	-8.168605212820694	-5.340305482473923	-10.475648112798808	-2.3070428999781143
ABAAABCBACABAACBDBABBDBDBBBAAAAAABAAABDAABAABAAABCBAAAAACACBAABAADACCBAAAACACABBABABAAABABBAABDAABCAAAABABAAAABACBCAAADABCCBADAAAAAAAABDBDACBADAAABDABAAAAACBBADAAACAAAABAAABAAABAABABAABABABAAAACCAAAABBAABABBCACDCAACDBDCCCAAAAABADDBCACAAAAABAABAAAAAAABBDBDBACCBBBA	['C31A', 'D112A', 'C124B', 'D125A', 'C165A', 'B205A']	6	-5.352285560429664	-7.809243271098239	-10.128266249032094	-2.319022977933855
ABAAABCBACABAACBDBABBDBDBBBAAAAAABAAABDAABAABAAABCBAAAAACACBAABAADACCBAAAACACABBABABAAABABBAABDAABCAAAABABAAAABACBCAAADABCCBADAAAAAAAABDBDACBADAAABDABAAAAACBBADAAACAAAABAAABAAABAABABAABABABAAAACCAAAABBAABABBCACDCAACDBDCCCAAAAABADDBCACAAAAABAABAAAAAAABBDBDBACCBBBA	['C31A', 'D112A', 'C124B', 'D125A', 'C165A', 'B205A']	6	-5.352285560429664	-7.809243271098239	-10.128266249032094	-2.319022977933855
ABAAABCBACABAACBDBABBDBDBBBAAAAAABAAABDAABAABAAABCBAAAAACACBAABAADACCBAAAACACABBABABAAABABBAABDAABCAAAABABAAAABACBCAAADABCCBADAAAAAAAABDBDACBADAAABDABAAAAACBBADAAACAAAABAAABAAABAABABAABABABAAAACCAAAABBAABABBCACDCAACDBDCCCAAAAABADDBCACAAAAABAABAAAAAAABBDBDBACCBBBA	['C31A', 'D112A', 'C124B', 'D125A', 'C165A', 'B205A']	6	-5.352285560429664	-7.809243271098239	-10.128266249032094	-2.319022977933855
ABAAABCBACBBAACBDBABBDBDBBBAAACAABAAABDAABAABAAABCBAAAAACACBAABAADACCBAAAACACABBABABAAABABBAABDAABCABAABABAAAADDCBCAAACABBCADDAAAAAAAABDBDACBADAAABDABAAABACBBADAAACCAAABAAABAAABAABABAABABABAAAACCAAAABBAABBBBCACDCAACDBDCCCAAAAABADDBCACAAAAABAABAAAAAAABBDBDAACCBBBA	['A11B', 'A101B', 'B111D', 'D119C', 'C122B', 'C124A', 'A154B', 'B256A']	8	-5.366844746982679	-12.152534086228115	-14.486116250714986	-2.33358216448687
ABAAABCBACABBACBDBABBDBDBBBAAACAABAAABDAABAABAAABCBAAAAACACBAABAADACCBAAAACACABBABABAAABABBAABDAABCABAABABAAAABDCBCAAADABCCCDDAAAAAAAABDBDADBADAAABBABAAABACBBADAAACAAAABAAABAAABAABABAABABABAAAACCBAAABAAABBBBAACDCAACDBDCCCAAAAABADDBCAAAAAAABAABAAAAAAABBDBDAACCBBBA	['A13B', 'A101B', 'C140D', 'D148B', 'A154B', 'C165A', 'A196B', 'B201A', 'C208A', 'C234A', 'B256A']	11	-5.376345869619399	-8.481988260959042	-10.825071548082633	-2.3430832871235907
ABAAABCBACABAACBABABBDBDBBBAAACAABAAABDAABAABAAABCBAAAAACACBAABAADACCBAAAACACABBABABAAABABBAABDAABCABAABABAAAABBCBCAAADABCCABDAAAAAAAABDBDACBADAAABDABAAAACCABABAACCCAAABAAABAAABAABABAABABABAAAACCAAAABBAABBBBCACCCAACDBDCCCAAAAABADDBCACAAAAABAABAAAAAAABBDBDAACCBBBA	['D17A', 'A101B', 'D112B', 'C124A', 'D125B', 'A155C', 'B157A', 'D160B', 'A163C', 'D211C', 'B256A']	11	-5.377156478120014	-12.17518663496594	-14.519080530590145	-2.3438938956242055
ABAAABCBACABAACBDBABBDBDBBBAAACAABAAABDAABAABAAABCBAAAAACACBAAAAADACCCAAAACACABBABABAAABABBAABDAABCABAABABAAAABDCBCAAADABCCCADAAAAAAAABDBDADBADAAABBABAAAAACBBADAAACCAAABAAABAAABAABBBAABABABAAAACCAAAABAAABBBBAACDCAACDBCCCCAAAAABADDBCACAAAAABAABAAAAAAABBDBDBACCBBBA	['B63A', 'B70C', 'A101B', 'D125A', 'C140D', 'D148B', 'A181B', 'B201A', 'C208A', 'D218C']	10	-5.383524619042873	-6.518099006701959	-8.868361043249024	-2.350262036547065
ABAAABCBACBBBACBDBABBDBDBBBAAAAAABAAABDAABAABAAABABAAAAAAACBAAAAADACCBAAAACACABBABABAAABABBAABDAABCAAAABABAAAABDCBCAAACABBCADDAAAAAAAABDBDADBADAAABBABAAAAACBBADAAACCAAABAAABAAABAABABAABABABAAAACCAAAABBAABBABCACDCAACDBDCCCAAAAABADDBCACAAAAABAABAAAAAAABBDBCAACCBBBA	['A11B', 'A13B', 'C31A', 'C50A', 'C57A', 'B63A', 'D119C', 'C122B', 'C124A', 'C140D', 'D148B', 'B206A', 'D255C', 'B256A']	14	-7.966038748854771	-5.393008401122643	-10.325784567481605	-2.359745818626834
ABAAABCBABABAACBDBABBDBDBBBAAAAAABAAABDAABAABAAABABAAAAACACBAABAADACCBAAAACACAABABABAAABABBAABDAABCABAABABAAAACDCBCAAABABCCBADAAAAAAAACDBDAABADAAABCABAAAAACBBADAAACCAAABAAABAAABAABABAABABABAAAACCAAAABBABBBBBAACDCAACDBDCCCAAAAABADDBCACAAAAABAABAAAAAAABBDBDBACCBBBA	['C10B', 'C31A', 'C50A', 'B79A', 'A101B', 'B111C', 'D119B', 'C124B', 'D125A', 'B135C', 'C140A', 'D148C', 'A203B', 'C208A']	14	-5.399724963563131	-9.18209655067767	-11.548558931744992	-2.366462381067322
ABAAABCBACABAACBDBABBDBDBBBAAACAABAAABDAABAABAAABCBAAAAACACBAABAADACCBAAAACACABBABABAAABABBAABDAABCABAABABAAAABDCBCAAADABCCAADAAAAAAAABDBDACBADAAABDABAAACACBBADAAACCAAABACABAAABAABABAABAAABAAAACCAAAABBAABBABCACCCAACDBDCCCAAAAABADDBCACAAAAABAABAAAAAAABBDBDBACCBBBA	['A101B', 'C124A', 'D125A', 'A154C', 'A171C', 'B187A', 'B206A', 'D211C']	8	-5.40264533017762	-8.225704118114663	-10.595086865796475	-2.3693827476818115
ABAAABCBACABAACBABABBDBDBBBAAAAAABAAABDAABAABAAABCBAAAAACACBAABAADACCBAAAACACABBABABAAABABBAABDAABCABAABABAAAABDCBCAAADABCCAADAAAAAAAABDBDACBADAAABDABBAAACCBBADAACCCAAABAAABAAABAABABAABABABAAAACCAAAABAAABBBBCACDCAACDBDCBCAAAAABADDBDACAAAAABAABAAAAAAABBDBDAACCBBBA	['D17A', 'C31A', 'A101B', 'C124A', 'D125A', 'A151B', 'A155C', 'A163C', 'B201A', 'C220B', 'C232D', 'B256A']	12	-5.404248053440824	-10.142947154090507	-12.513932625035523	-2.3709854709450155
ABAAABCBACBBAACBDBABBDBCBBBAAAAAABAAABDAABAABAAABCBAAAAACACBAABAADACCBAAACCACABBABABAAABABBAABDAABCAAAABABAAAABDCBCAAABABCBDDDAAAAAAAABDBAADBADAAABBABAAAAAABBADAAACCAAABAAABAAABAABABAABABABAAAACCAAAABBAABBBBCACDCAACDBBCCCAAAAABADDBCADAAAAABAABAAAAAAABBDBDBACCBBBA	['A11B', 'D24C', 'C31A', 'A74C', 'D119B', 'C123B', 'C124D', 'D138A', 'C140D', 'D148B', 'C156A', 'D218B', 'C234D']	13	-8.895560530247167	-5.410507787222741	-11.2728057349741	-2.3772452047269326
ABAAABCBACABAACBDBABBDBDABBAAAAAABAAABDAABAABAAABCBAAAAACACBAABAADACCBAAAACACABBABABAAABABBAABDAABCABAABABAAAABDCBCAAADABCCCDDAAAAAAAABDBDACBADAAABDABAAAAACBBADAAACAAAABAAABAAABAABABAABABABAAABCCAAAABBAABBBBCACCCAACDBDCCCAAAAABADDBCACAAAAABAABAAAAAAABBDBDBACCBBBA	['B25A', 'C31A', 'A101B', 'C165A', 'A193B', 'D211C']	6	-5.418899176409468	-6.9125004070519935	-9.298137000965653	-2.3856365939136595
ABAAABCBACABAACBDBABBDBDBBBAAAAAABAAABDAABAABAAABCBAAAAACACBAABAADACCBAAAACACABBABABAAABABBAABDAABCAAAABABAAAABDCBCAAADABCCCDDAAAAAAAABDBDACBADAAABDABAAAAACBBADAAACCAAABAAABAAABAABABAABABABAAAACCAAAABBAABBABCACDCAACDBDCCCAAAAABADDBAACAAAAABAABAAAAAAABBDBDBACCBBBA	['C31A', 'B206A', 'C232A']	3	-7.11085236701183	-5.421383000881178	-9.4989727853972	-2.3881204183853697
ABAAABCBACBBAACBDBABBDBDBBBAAAAAABAAABDAABAABAAABCBAAAAACACBAABAADACCBAAAACACABBABABAAABABBAABDAABCABAABABAAAACDCBCAAADABCCCDDAAAAAAAABDBDACBADAAABDABAAAAACBBADAAACCAAABAAABAAABAABBBAABABABAAAACCAAAABAAABBBBCACDCAACDBDCCCAAAAABADDBCACAAAAABAABAAAAAAABBDBDBACCBBBA	['A11B', 'C31A', 'A101B', 'B111C', 'A181B', 'B201A']	6	-5.423202236415818	-7.064329152897699	-9.454268806817709	-2.3899396539200097
ABAAABCBACABAACBDBABBDBDBBBAAACAABAAABDAABAABAAABCBAAAAACACBAABAADACCBAAAACACABBABABAAABABBAABDAABCAAAABABAAAABDCBCAAADABCCCDDAAAAAAAABDBDACBADAAABDABAAABACBBADAAACCAAABAAABAAABAABABAABABABAAAACCAAAABAAABBBBCACDCAACDBDCCCAAAAABADDBCACAAAAABAABAAAAAAABBDBDBACCBBBA	['A154B', 'B201A']	2	-5.4246803286951035	-7.827627683029277	-10.219045429228572	-2.391417746199295
ABAAABCBACABAACBDBABBDBDBBBAABCAABAAABDAABAABAAABCBAAAAACACBAABAADACCBAAAACACABBABABAAABABBAABDAABCABAABABAAAABDCBCAAADABCBDDDAAAAAAAABDBDACBADAAABDABAAAAACBBADAAACCAAABAAABAAABAABABAABABABAAAACCAAAABAAABBBBCACDCAACDBBCCCAAAAABADDBCACAAAAABAABAAAAAAABBDBDAACCBBBA	['A30B', 'A101B', 'C123B', 'C124D', 'B201A', 'D218B', 'B256A']	7	-5.425642441725358	-9.604772836639313	-11.997152695868863	-2.3923798592295498
ABAAABCBACABAACBDBABBDBDBBBAAAAAABAAABDAABAABAAABCBAAAAACACBAABAADACCBAAAACACABBABABAAABABBAABDAABCAAAABABAAAABDCBCAAADABCCBADAAAAAAAABDBDACBADAAABDABAAAAACBBADAAACAAAABAAABAAABAABABAABABABAAAACCAAAABBAABABBCACDCAACDBDCCCAAAAABADDBCACAAAAABAABAAAAAAABBDBDBACCBBBA	['C31A', 'C124B', 'D125A', 'C165A', 'B205A']	5	-5.440249543846221	-7.234711291239364	-9.641698252589777	-2.4069869613504125
ABAAABCBACABABCBDBABBDBDBBBAAAAAABAAABDAABAAAAAABCBAAAAACACBAABAADACCBADAACACABBABABAAABABBAABDAABCAAAABABAAAABDCBCAAADABCCCDDAAAAAAAABDBDADBADAAABCABAAAAACBBACAADCCABABAAABAAABAABABAABABABAAAACCAAAABBAABBABCACDCAACDBCCCCAAAAABADDBCACAAAAABAABAAAAAAABBDBDAACCBBBA	['A14B', 'C31A', 'B45A', 'A72D', 'C140D', 'D148C', 'D160C', 'A163D', 'A167B', 'B206A', 'D218C', 'B256A']	12	-7.494571916293353	-5.444045143172843	-9.905354476970388	-2.410782560677035
ABAAABCBACABAACBABABBDBDBBBAAAAAABAAABDAABAABAAABABAAAAACACBAABAADACCBAAAACACABBABABAAABABBAABDAABCABAABABAAAABDCBCAAADABCCCDDAAAAAAAABDBDACBADAAABDABAAAACCBBADAACCCAAABAAABAAABAABABAABABABAAAACCAAAABAAABBBBCACDCAACDBDCBCAAAAABADDBCACAAAAABAABAAAAAAABBDBDAACCBBBA	['D17A', 'C31A', 'C50A', 'A101B', 'A155C', 'A163C', 'B201A', 'C220B', 'B256A']	9	-5.449664037907496	-6.623686319187982	-9.04008777459967	-2.4164014554116875
ABAAABCBACABAACBABABBDBDBBBAAAAAABAAABDAABAABAAABABAAAAACACBAABAADACCBAAAACACABBABABAAABABBAABDAABCABAABABAAAABDCBCAAADABCCCDDAAAAAAAABDBDACBADAAABDABAAAACCBBADAACCCAAABAAABAAABAABABAABABABAAAACCAAAABAAABBBBCACDCAACDBDCBCAAAAABADDBCACAAAAABAABAAAAAAABBDBDAACCBBBA	['D17A', 'C31A', 'C50A', 'A101B', 'A155C', 'A163C', 'B201A', 'C220B', 'B256A']	9	-5.449664037907496	-6.623686319187982	-9.04008777459967	-2.4164014554116875
ABAAABCBACABAACBABABBDBDBBBAAAAAABAAABDAABAABAAABABAAAAACACBAABAADACCBAAAACACABBABABAAABABBAABDAABCABAABABAAAABDCBCAAADABCCCDDAAAAAAAABDBDACBADAAABDABAAAACCBBADAACCCAAABAAABAAABAABABAABABABAAAACCAAAABAAABBBBCACDCAACDBDCBCAAAAABADDBCACAAAAABAABAAAAAAABBDBDAACCBBBA	['D17A', 'C31A', 'C50A', 'A101B', 'A155C', 'A163C', 'B201A', 'C220B', 'B256A']	9	-5.449664037907496	-6.623686319187982	-9.04008777459967	-2.4164014554116875
ABAAABCBACBBAACBDBABBDBCABBAAAAAABAAABDAABAABAAABCBAAAAACACBAABAADACCBAAAACACABBABABAAABABBAABDAABCABAABABAAAABDCBCAAADABCCCDDAAAAAAAABDBDACBADAAABDABAAAAAABBADAAACCAAABAAABAAABAABABAABABABAAAACCAAAABBAABBBBCACDCAACDBDCCCAAAAABADDBCACAAAAABAABAAAAAAABBDBDBACCBBBA	['A11B', 'D24C', 'B25A', 'C31A', 'A101B', 'C156A']	6	-5.6089652727823704	-5.452613333211048	-8.02831602349761	-2.419350750715239
ABAAABCBACBBBACBDBABBDBDBBBAAAAAABAAABDAABAABAAABCBAAAAACACBAABAADACCBAAAACACABBABABAAABABBAABDAABCABAABABAAAABDCBCAAACABBCDDDAAAAAAAABDBDACBADAAABDABAAAAACBBADAACCCAAABAAABAAABAABABAABABABAAAACCAAAABBAABBBBCACDCAACDBDCCCAAAAABADDBCACAAAAABAABAAAAAAABBDBDAACCBBBA	['A11B', 'A13B', 'C31A', 'A101B', 'D119C', 'C122B', 'C124D', 'A163C', 'B256A']	9	-5.453920270083472	-9.822356181190116	-12.24301386877778	-2.4206576875876635
ABAAABCBACABAACBDBAABDBDBBBAAACAABAAABAAABAABAAABCBAAAAACACBAABAAAACCBAAAACACABBABABAAABABBAABDAABCABAABABAAAABDCBCAAABABCCCDDAAAAAAAABDBDACBADAAABDABAAAAACBBADAAACCAAABAAABAAABAABABAABABABAAAACCAAAABAAABABBCACDCAACDBDCCCAAAAABADDBDACAAAAABAABAAAAAAABBDBDBACCBBBA	['B20A', 'D39A', 'D66A', 'A101B', 'D119B', 'B201A', 'B205A', 'C232D']	8	-5.4631521354895085	-9.67978525577928	-12.10967480877298	-2.4298895529937
ABAAABDBACABAACBABABBDBDBBBAAACAABAAABDAABAABAAABCBAAAAACACBAABAADACCBAAAACACABBABABAAABABBAABDAABCAAAABABAAAABDCBCAAADABCCDDDAAAAAAAABDBDACBADAAABDABAAAAACBBADAAACCAAABAAABAAABAABABAABABABAAAACCAAAABBAABBBBCACDCAACDBDCACAAAAAAADDBCACAAAAABAABAAAAAAABBDBDBACCBBBA	['C7D', 'D17A', 'C124D', 'C220A', 'B227A']	5	-5.466425671475008	-9.798987698712153	-12.232150787691353	-2.4331630889791995
ABAAABCBACBBABCBDBABBDBDBABAAACAABAAABDAABAABAAABCBAAAAACACBAABAADACCBAAAACACABBABABAAABABBAABDAABCABAABABAAAABDCBCAAADABCCADDAAAAAAAABDBDACBADAAABDABAAAAACBBADAAACCAAABAAABAAABAABABAABABABAAAACCAAAABBAABBBBCACDCAACDBDCCCAAAAABADDBCACAAAAABAABAAAAAAABBDBDBACCBBBA	['A11B', 'A14B', 'B26A', 'A101B', 'C124A']	5	-5.471359388669953	-10.04161917019519	-12.479715976369334	-2.438096806174144
ABAAABCBACABAACBDBABBDBDBBBAAACAABAAABAAABAABAAABCBAAAAACACBAABAADACCBAAAACACABBABABAAABABBAABDAABCABAABABAAABBDCBCAAADABCCCDDAAAAAAAABDBDACBBDAAABDABAAAAACBBADAAACCAAABAAABAAABAABABAABABABAAAACCAAAABAAABBBBCACDCAACDBDCCCAAAAABADDBCACAAAAABAABAAAAAAABBDBDBACCBBBA	['D39A', 'A101B', 'A110B', 'A142B', 'B201A']	5	-5.492099424591288	-8.563477980875177	-11.022314822970657	-2.4588368420954794
ABAAACCBACABAACBDBABBDBDBBBAAACAABAAABDAABAABAAABABAAAAACACBAABAADACCBAAAACACABBABABAAABABBAABDAABCABAABABAAAABDCBCAAADABCCCDDAAAAAAAABDBDACBADAAABDABAAAAACBBADAAACCAAABAAABAAABAABABAABABABAAAAACAAAABAAABBABCACDCAABDBDCBCAAAAABADDBCACAAAAABAABAAAAAAABBDBDAACCBBBA	['B6C', 'C50A', 'A101B', 'C194A', 'B201A', 'B206A', 'C215B', 'C220B', 'B256A']	9	-5.958543493645266	-5.495983488828642	-8.4212643999781	-2.4627209063328337
ABAAABCBACBBAACBDBABBDBDBBAAAAAAABAAABDAABAABAAABCBAAAAACACBAABAADACCBAAAACACABBABABAAABABBAABDABBCABAABABAAAACDDBCAAACABCCDDDAAAAAAAABDBDACBADAAABDABAAAAACBBADAAACCAAABAAABAAABAABABAABABABAAAACCAAAABBAABBBBCACACAACDBDCCCAAAAABADDBAACAAAAABAABAAAAAAABBDBDBACCBBBA	['A11B', 'B27A', 'C31A', 'A97B', 'A101B', 'B111C', 'C113D', 'D119C', 'C124D', 'D211A', 'C232A']	11	-5.4984925233293325	-10.57727413039538	-13.042504071228905	-2.465229940833524
ABAAABCBACABAACBDBABBDBDBBBAAAAAABAAABDAABAAAAAABCBAAAAACACBAABAADACCBAAAACACABBABABAAABABBAABDAABCABAABABAAAABDCBCAAACABCCCDDAAAAAAAACDBDACBADAAABDABAAAAACBBADAAACCAAABAAABAAABAABBBAABABABAAAACCAAAABBAABBABCACCCAACDBDCCCAAAAABADDBCACAAAAABAABAAAAAAABBDBDBACCBBBA	['C31A', 'B45A', 'A101B', 'D119C', 'B135C', 'A181B', 'B206A', 'D211C']	8	-5.5002908010501415	-8.363539659854723	-10.830567878409056	-2.467028218554333
ABAAABCBACABAACBDBABBDBDBBBAAACAABAAABAAABAABAAABCBAAAAACACBAABAADACCBAAAACACABBABABAAABABBAABDAABCABAABABAAAABDCBCAAADABCCCDDAAAAAAAABCBAADBADAAABBABAAACACBBADAAACCABABAAABAAABAABABAABABABAAAACCAAAABAAABBBBCACDCAACDBDCCCAAAAABADDBCACAAAAABAABAAAAAAABBDBDBACCBBBA	['D39A', 'A101B', 'D136C', 'D138A', 'C140D', 'D148B', 'A154C', 'A167B', 'B201A']	9	-8.592392984079197	-5.515370317240013	-11.074500718823401	-2.482107734744204
ABAAABCBACABAACBDBABBDBDBBBAAACAABAAABDAABAABAAABABAAAAACACBAABAADACCBAAAACACABBABABAAABABBAABDAABCAAAABABAAAABDCBCAAADABCCCBDAAAAAAAABDBDADBADAAABBABAAAAACBBADAAACCAAABAAABAAABAABABAABABABAAAACCAAAABBAABBBBCACDCAACDBDCCCAAAAABADDBCACAAAAABAABAAAAAAABBDBDBACCBBBA	['C50A', 'D125B', 'C140D', 'D148B']	4	-9.30093712429516	-5.5161756118468475	-11.783850153646199	-2.482913029351039
ABAAABCBACABAACBABABBDBDBBBAAACAABAAABDAABAABAAABCBAAAAACACBAABAADACCBAAAACACABBABABAAABABBAABDAABCABAABABAAAABBCBCAAADABCCDBDAAAAAAAABDBDACBADAAABDABAAAAACBBADAACCCAAABAAABAAABAABABAABABABAAAACCAAAABBAABBBBCACDCAACDBDCCCAAAAABADDBDACAAAAABAABAAAAAAABBDBDAACCBBBA	['D17A', 'A101B', 'D112B', 'C124D', 'D125B', 'A163C', 'C232D', 'B256A']	8	-5.518309489591047	-11.450024660181953	-13.935071567277191	-2.4850469070952386
ABAAABDBACABAACBDBABBDBDBBBAAAAAABAAABDAABAABAAABABAAAAACACBAABAADACCBAAAACACABBABABAAABABBAABDABBCAAAABABAAAABDCBCAAADABCCCDDAAAAAAAABDBDACBADAAABDABAAAACABBADAAACCAAABAAABAAABAABABAABABABAAAACCAAAABAAABBBBCACDCAACDBDCCCAAAAABADDBCADAAAAABAABAAAAAAABBDBDBACCBBBA	['C7D', 'C31A', 'C50A', 'A97B', 'A155C', 'C156A', 'B201A', 'C234D']	8	-5.527218549279496	-6.226641707558883	-8.72059767434257	-2.4939559667836875
ABAAABCBACABAACBDBABBDBCBBBAAACAABAAABDACBAABAAABCBAAAAACACBAABAADACCBAAACCACABBABABAAABABCAABDAABCABAABABAAAABDCBCAAADABCCCADAAAAAAAABDBDADBADAAABBABAAAAACBBADAAACCAAABAAABAAABAABABAABABABAAAACCAAAABAAABBBBCACDCAACABDCCCAAAAABADDBCACAAAAABAABAAAAAAABBDDDBACCBBBA	['D24C', 'A41C', 'A74C', 'B91C', 'A101B', 'D125A', 'C140D', 'D148B', 'B201A', 'D216A', 'B254D']	11	-7.4331969355698675	-5.531005099386675	-9.930939452460734	-2.4977425168908667
ABAAABCBACABAACBDBABBDBDBBBAAACAABAAABDAABAABAAABCBAAAAACACBAABAADACCBAAAACACABBABABAAABABBAABDAABCAAAABABAAAABBCBCAAADABBCDADAAAAAAAABDBDACBADAAABDABAAAAACBBADAAACCAAABAAABAAABAABABAABABABAAAACCAAAABAAABBBBCACDCAACDBCCCCAAAAABADDBCACAAAAABAABAAAAAAABBDBDBACCBBBA	['D112B', 'C122B', 'C124D', 'D125A', 'B201A', 'D218C']	6	-5.5368242643307894	-8.387685611814959	-10.89124729364994	-2.503561681834981
ABAAABCBACABAACBABABBDBDBBBBAACAABAAABDAABAABAAABCBAAAAACACBAABAADACCBAAAACACABBABABAAABABBAABDAABCABAABABAAAABDCBCAAADABCCCDDAAAAAAAABDBDACBADAAABDABAAAAACBBAAAAACCAAABAAABAAABAABABAABABABAAAACCAAAABBAABBBBCACDCAACDBDCCCAAAAABADDBCACAAAAABAABAAAAAAABBDBDBACCBBBA	['D17A', 'A28B', 'A101B', 'D160A']	4	-5.552536421222612	-9.05606611861731	-11.575339957344113	-2.5192738387268037
ABAAABCBACABAACBDBABBDBDBBBAAAAAABAAABDAABAABAAABCBAAAAACACBAABAADACCBAAAACACABBABABAAABABBAABDAABCABAABABAAAABDCBCAAAAABBCCADAAAAAAAABDBDACBADAAABDABAAAACCBBADAAACCAAABAAABAAABAABABAABABABAAAACCAAAABBAABBBBCACDCAABDBDCCDCAAAABADDBCACAAAAABAABAAAAAAABBDBDAACCBBBA	['C31A', 'A101B', 'D119A', 'C122B', 'D125A', 'A155C', 'C215B', 'C221D', 'A222C', 'B256A']	10	-5.553132707020268	-9.16133386825095	-11.681203992775409	-2.5198701245244592
ABAAABCBACBBAACBDBABBDBDBBBAAAAAABAAABDAABAABAAABCBAAAAACACBAABAADACCBAAAACACABBABABAAABABBAABDAABCABAABABAAAABDCBCAAADABCCCDDAAAAAAAABDBDADBADAAABBABAAABACBBADAAACCAAABAAABAAABAABABAABABABAAAACBAAAABBAABBBBCACDCAACDBCACCCAAAABADDBCACAAAAABAABAAAAAAABBDBDBACCBBBA	['A11B', 'C31A', 'A101B', 'C140D', 'D148B', 'A154B', 'C195B', 'D218C', 'C219A', 'A222C']	10	-5.632409326499328	-5.553436687187059	-8.152583431190578	-2.5201741046912502
ABAAABCBACABAACBDBABBDBDBBBAAACAABAAABDAABAABAAABABAAAAACACBAABAADACCBAAAACACABBABABAAABABBAABDAABCAAAABABAAAABDCBCAAADABCCCDDAAAAAAAABDBDACBADAAABDABAAAAACBBADAAACCAAABAAABAAABAABABAABABABAAAACCAAAABBAABBBBCACDCAABDBDCBCAAAAABADDBCACAAAAABAABAAAAAAABBDBDAACCBBBA	['C50A', 'C215B', 'C220B', 'B256A']	4	-5.564671444008127	-6.942986879468663	-9.474395740980981	-2.5314088615123183
ABAAABCBACABAACBDBABBDBDBBBAAACAABAAABDAABAABAAABABAAAAACACBAABAADACCBAAAACACABBABABAAABABBAABDAABCAAAABABAAAABDCBCAAADABCCCDDAAAAAAAABDBDACBADAAABDABAAAAACBBADAAACCAAABAAABAAABAABABAABABABAAAACCAAAABBAABBBBCACDCAABDBDCBCAAAAABADDBCACAAAAABAABAAAAAAABBDBDAACCBBBA	['C50A', 'C215B', 'C220B', 'B256A']	4	-5.564671444008127	-6.942986879468663	-9.474395740980981	-2.5314088615123183
ABAAABCBACABAACBDBABBDBDBBBAAAAAABAAABDAABAACAAABCBAAAAACACBAABAADACCBAAAACACABBABABAAABABBAABDAABCABAABABAAAABDCBCAAADABCCCDDAAAAAAAABDBDACBADAAABDABAAAAACBBADAAACCAAABAAABAAABAABABAABABABAAAACCAAAABBAABBABCACDCAACDBDCCCAAAAABADDBCACAAAAABAABAAAAAAABBDCDBACCBBBA	['C31A', 'B45C', 'A101B', 'B206A', 'B254C']	5	-6.925745446933433	-5.569521640863968	-9.462004505301593	-2.5362590583681595
ABAAABCBACABAACBABABBDBDBBBAAACAABAAABDAABAABAAABCBAAAAACACBAABAADACCBAAAACACABBABABAAABABBAABDBABCABAABABAAAABBCBCAAABABCCCDDAAAAAAAABDBDACBADAAABDABAAAACABBADAAACCAAABAAABAAABAABABAABABABAAAACCAAAABBAABBBBCACCCAACDBDCCCAAAAABADDBCACAAAAABAABAAAAAAABBDBDAACCBBBA	['D17A', 'A96B', 'A101B', 'D112B', 'D119B', 'A155C', 'C156A', 'D211C', 'B256A']	9	-5.571605614153668	-11.78603538122843	-14.32437841288629	-2.5383430316578597
ABAAABCBACABAACBABABBDBDBBBAAACAABAAABDAABAABAAABCBAAAAACACBAABAADACCBAAAACACABBABABAAABABBAABDBABCABAABABAAAABBCBCAAABABCCCDDAAAAAAAABDBDACBADAAABDABAAAACABBADAAACCAAABAAABAAABAABABAABABABAAAACCAAAABBAABBBBCACCCAACDBDCCCAAAAABADDBCACAAAAABAABAAAAAAABBDBDAACCBBBA	['D17A', 'A96B', 'A101B', 'D112B', 'D119B', 'A155C', 'C156A', 'D211C', 'B256A']	9	-5.571605614153668	-11.78603538122843	-14.32437841288629	-2.5383430316578597
ABAAABCBACABAACBABABBDBDBBBAAACAABAAABDAABAABAAABCBAAAAACACBAABAADACCBAAAACACABBABABAAABABBAABDAABCABAABABAAAACDCBCAAABABCCDDDAAAAAAAABDBDACBADAAABDABAAAAACBBADAAACCAAABAAABAAABAABABAABABABAAAACCAAAABBAABBBBCACDCAACDBDCBDAAAAABADDBCACAAAAABAABAAAAAAABBABDAACCBBBA	['D17A', 'A101B', 'B111C', 'D119B', 'C124D', 'C220B', 'C221D', 'D253A', 'B256A']	9	-5.57225662493147	-11.944920181733323	-14.483914224168984	-2.538994042435661
ABAAABCBACABAACBABABBDBDBBBAAACAABAAABDAABAABAAABCBAAAAACACBAABAADACCBAAAACACABBABABAAABABBAABDAABCABAABABAAAACDCBCAAABABCCDDDAAAAAAAABDBDACBADAAABDABAAAAACBBADAAACCAAABAAABAAABAABABAABABABAAAACCAAAABBAABBBBCACDCAACDBDCBDAAAAABADDBCACAAAAABAABAAAAAAABBABDAACCBBBA	['D17A', 'A101B', 'B111C', 'D119B', 'C124D', 'C220B', 'C221D', 'D253A', 'B256A']	9	-5.57225662493147	-11.944920181733323	-14.483914224168984	-2.538994042435661
ABAAABCBACABAACBABABBDBDBBBAAAAAABAAABDAABAABAAABCBAAAAACACBAABAADACCBAAAACACABBABABAAABABBAABDAABCABAABABAAAABDCBCAAADABCCADDAAAAAAAABDBDACBADAAABDABAAAAACABABAAACCAAABAAABAAABAABABAABABABAAAACCAAAABBAABBBBCACDCAACDBDCCCAAAAABADDBAACAAAAABAABAAAAAAABBDBDBACCBBBA	['D17A', 'C31A', 'A101B', 'C124A', 'B157A', 'D160B', 'C232A']	7	-5.578395941061899	-8.710757697437657	-11.255891056003748	-2.5451333585660905
ABAAABDBACABAACBDBABBDBDBBBBAACAABAAABAAABAABAAABCBAAAAACACBAABAADACCBAAAACACABBABABAAABABBAABDAABCAAAABABAAAABDCBCAAADABCCADDAAAAAAAABDBDACBADAAABDABAAAAACBBADAAACCAAABAAABAAABAABABAABABABAAAACCAAAABBAABBBBCACDCAACABDCCCAAAAABADDBCACAAAAABAABAAAAAAABBDBDBACCBBBA	['C7D', 'A28B', 'D39A', 'C124A', 'D216A']	5	-5.583832519827411	-10.113923049968434	-12.664492987300036	-2.550569937331602
ABAAABCBACABAACBABABBDBDBBBAAACAABAAABDAABAABAAABABAAAAACACBAABAADACCBAAAACACABBABABAAABABBAABDAABCABAABABAAAABDCBCAAABABCCADDAAAAAAAABDBDACBADAAABDABBAAACAABADAAACCAAABAAABAAABAABABAABABABAAAACCAAAABAAABBBBCACDCAACDBDCCCAAAAABADDBCACAAAAABAABAAAAAAABBDBDBACCBBBA	['D17A', 'C50A', 'A101B', 'D119B', 'C124A', 'A151B', 'A155C', 'C156A', 'B157A', 'B201A']	10	-5.585969109786674	-10.195641973958118	-12.748348501248984	-2.552706527290866
ABAAABCBACABAACBDBABBDBDBBBAAACAABAAABDAABAABAAABCBAAAAACACBAABAADACCBAAAACACABBABABAAABABBAABDAABCAAAABAAAAAABDCBCAAADABCCAADAAAAAAAACDBDACBADAAABDABAAAAACBBAAAAACCAAABAAABAAABAABABAABAAABAAAACCAAAACAAABBBBCACDCAACDBDCCCAAAAABADDBCACAAAAABAABAAAAAAABBDBBBACCBBBA	['B106A', 'C124A', 'D125A', 'B135C', 'D160A', 'B187A', 'B200C', 'B201A', 'D255B']	9	-5.587245237780735	-7.905457270069746	-10.459439925354673	-2.5539826552849263
ABAAABCBACABAACBABABBDBDBBBAAACAABAAABDAABAABAAABABAAAAACACBAABAADACCBAAAACACABBABABAAABABBAABDAABCAAAABABAAAABDCBCAAADABCCADDAAAAAAAABDBDACBADAAABDABAAAAACBBADAACCCAAABAAABAAABAABABAABABABAAAACCAAAABAAABBBBCACDCAACDBDCCCAAAAABADDBCACAAAAABAABAAAAAAABBDBDBACCBBBA	['D17A', 'C50A', 'C124A', 'A163C', 'B201A']	5	-5.596788042923436	-7.563010372192366	-10.126535832619993	-2.563525460427627
ABAAABCBACABAACBDBABBDBDBBBAAACAABAAABDAABAABAAABCBAAAAACACBAABAADACCBAAAACACABBABABAAABABBAABDAABCABAABABAAAABDCBCAAADABCCCDDAAAAAAAABDBDACBADAAABDABAAACACBBADAAACCAAABAAABAAABAABABAABABABAAAACCAAAABAAABBBBCACDCAABDBDCCCAAAAABADDBCACAAAAABAABAAAAAAABBDBDBACCBBBA	['A101B', 'A154C', 'B201A', 'C215B']	4	-5.597209637751803	-7.7088882359385025	-10.272835291194497	-2.563947055255994
ABAAABCBACABAACBABABBDBDABBAAACAABAAABDAABAABAAABABAAAAACACBAABAADACCBAAAACACABBABABAAABABBAABDAABCABAABABAAAABDCBCAAADABCCADDAAAAAAAABDBDACBADAAABDABAAAAACBBADAAACCAAABAAABAAABAABABAABABABAAAACCAAAABBAABBBBCACDCAACDBDCCDCAAAABADDBCACAAAAABAABAAAAAAABBABDBACCBBBA	['D17A', 'B25A', 'C50A', 'A101B', 'C124A', 'C221D', 'A222C', 'D253A']	8	-5.612028256757185	-8.060860996571137	-10.639626670832513	-2.5787656742613763
ABAAABCBACBBAACBDBABBDBDABBAAAAAABAAABDAABAADAAABCBAAAAACACBAABAADACCBAAAACACABBABABAAABABBAABDAABCABAABABAAAABDCBCAAADABCCCDDAAAAAAAABDBDACBADAAABDABAAAAACBBADAAACCAAABAAABAAABAABABAABABABAAACCCAAAABBAABBBBCACDCAACDBDCCCAAAAABADDBCACAAAAABAABAAAAAAABBDBDAACCBBBA	['A11B', 'B25A', 'C31A', 'B45D', 'A101B', 'A193C', 'B256A']	7	-5.614325560396537	-7.039939530164702	-9.62100250806543	-2.5810629779007286
ABAAABCBACBBAACBDBABBDBDBBBAAACAABAAABDAABAABAAABCBAAAAAAACBAABAADACCBAAAACACABBABABAAABABBAABDAABCAAAABABAAAABDCBCAAADABCCCDDAAAAAAAABDBDACBADAAABDABAAAAACBBADAAACCAAABAAABAAABAABABAABABABAAAACCAAAABBABBBBBCACDCAACDBDCCCAAAAABADDBCACAAAAABAABAAAAAAABBDBBBACCBBBA	['A11B', 'C57A', 'A203B', 'D255B']	4	-5.617601283593103	-7.051454151485814	-9.635792852583108	-2.5843387010972947
ABAAABCBABABAACBDBABBDBDBBBAAACAABAAABDAABAABAAABCBAAAAACACBAABAADACCBAAAACACABBABABAAABABBAABDAABCABAABABAAAABDCBCAAACABBCCDDAAAAAAAABDBDACBADAAABDABAAAACCBBADAACCCAAABAAABAAABAABABAABABABAAAACCAAAABAAABBBBCACDCAACDBCCCCAAAAABADDBCACAAAAABAABAAAAAAABBDBDAACCBBBA	['C10B', 'A101B', 'D119C', 'C122B', 'A155C', 'A163C', 'B201A', 'D218C', 'B256A']	9	-5.618605066789314	-9.646625442401273	-12.231967926694779	-2.5853424842935055
ABAAABCBABABAACBDBABBDBDBBBAAACAABAAABDAABAABAAABCBAAAAACACBAABAADACCBAAAACACABBABABAAABABBAABDAABCABAABABAAAABDCBCAAACABBCCDDAAAAAAAABDBDACBADAAABDABAAAACCBBADAACCCAAABAAABAAABAABABAABABABAAAACCAAAABAAABBBBCACDCAACDBCCCCAAAAABADDBCACAAAAABAABAAAAAAABBDBDAACCBBBA	['C10B', 'A101B', 'D119C', 'C122B', 'A155C', 'A163C', 'B201A', 'D218C', 'B256A']	9	-5.618605066789314	-9.646625442401273	-12.231967926694779	-2.5853424842935055
ABAAABCBACBBAACBDBABBDBDBBBAAACAABAAABDAABAABAAABCBAAAAACACBAABAADACCBAAAACACABBABABAAABABBAABDAABCABAABABAAAABDCBCAAADABCCADDAAAAAAAABDBDACBADAAABDABAAAAACBBADAAACCAAABAAABAAABAABBBAABABABAAADCCAAAABAAABBABCACDCAACDBDCCCAAAAABADDBCACAAAAABAABAAAAAAABBABDAACCBBBA	['A11B', 'A101B', 'C124A', 'A181B', 'A193D', 'B201A', 'B206A', 'D253A', 'B256A']	9	-5.6200652935076505	-8.546248855040176	-11.133051566052018	-2.586802711011842
ABAAABCBACBBAACBDBABBDBDBBBAAACAABAAABDAABAABAAABCBAAAAACACBAABAADACCBAAAACACABBABABAAABABBAABDAABCABAABABAAAABDCBCAAADABCCADDAAAAAAAABDBDACBADAAABDABAAAAACBBADAAACCAAABAAABAAABAABBBAABABABAAADCCAAAABAAABBABCACDCAACDBDCCCAAAAABADDBCACAAAAABAABAAAAAAABBABDAACCBBBA	['A11B', 'A101B', 'C124A', 'A181B', 'A193D', 'B201A', 'B206A', 'D253A', 'B256A']	9	-5.6200652935076505	-8.546248855040176	-11.133051566052018	-2.586802711011842
ABAAABCBACABAACBABABBDBABBBBAACAABAAABAAABAABAAABCBAAAAACACBAABAADACCBAAAACACABBABABAAABABBAABDAABCAAAABABAAAABDCBCAAADABCCDAAAAAAAAAABDBDACBADAAABDABAAAACCBBADAAACCAAABAAABAAABAABABAABABABAAAACCAAAABBAABBBBCACDCAACDBCCCCAAAAABADDBCACAAAAABAABAAAAAAABBDBDBACCBBBA	['D17A', 'D24A', 'A28B', 'D39A', 'C124D', 'D125A', 'D126A', 'A155C', 'D218C']	9	-5.62866016686894	-9.31292917157407	-11.9083267559472	-2.5953975843731314
ABAAABCBACABAACBABABBDBDBBBAAAAAABAAABDAABAADAAABCBAAAAACACBAABAADACCBAAAACACABBABABAAABABBAABDAABCABAABABAAAABDCBCAAADABCCCDDAAAAAAAABDBDADBADAAABBABAAAAACBBADAACCCAAABABABAAABAABABAABABABAAAACCAAAABAAABBBBCACDCAACDBCCCCAAAAABADDBCADAAAAABAABAAAAAAABBDBDBACCBBBA	['D17A', 'C31A', 'B45D', 'A101B', 'C140D', 'D148B', 'A163C', 'A171B', 'B201A', 'D218C', 'C234D']	11	-8.724683419568464	-5.635806173522724	-11.32722701059538	-2.6025435910269152
ABAAABCBACABAACBDBABBDBDBBBAAACAABAAABDAABAABAAABCBAAAAACACBAABAADACCBAAAACACABBABABAAABABBAABDAABCABAABABAAAABDCBCAAADABCCCDDAAAAAAAABDBDACBADAAABDABAAAAAABBADAAACCAAABAAABAAABAABABAABABABAAAACCAAAABBAABBBBAACDCAACDBDCCCAAAAABADDBCACAAAAABAABAAAAAAABBDBDBACCBBBA	['A101B', 'C156A', 'C208A']	3	-5.654439236503094	-9.219741561886622	-11.840918215893907	-2.621176654007286
ABAAABCBACBBAACBDBABBDBCBBBAAAAAABAAABDAABAABAAABCBAAAAACACBAABAADACCBAAAACACABBABABAAABABBAABDAABCABAABABAAAABDCBCAAADABCCBADAAAAAAAABCBDACBADAAABDABAAAAACBBADAAACCAAABAAABAAABAABABAABABABAAAACCAAAABBAAABBBCACDCAACDBDCCCAAAAABADDBCACAAAAABAABAAAAAAABBDBDBACCBBBA	['A11B', 'D24C', 'C31A', 'A101B', 'C124B', 'D125A', 'D136C', 'B204A']	8	-5.65783371145335	-6.430900776729686	-9.055471905687227	-2.624571128957541
ABAAABCBACABAACBDBABBDBDBBBAAACAABAAABDAABAABAAABCBAAAAACACBAABAADACCBAAAACACABBABABAAABABBAABDAABCABAABABAAAABDCBCAAADABCCCDDAAAAAAAABDBDACBADAAABDABAAACACBBADAAACAAAABADABAAABAABABAABABABAAAACCAAAABBAABBBBCACCCAACDBDCCCAAAAABADDBCACAAAAABAABAAAAAAABBDBDBACCBBBA	['A101B', 'A154C', 'C165A', 'A171D', 'D211C']	5	-5.658890358870849	-9.3361068139493	-11.96173459032434	-2.6256277763750404
ABAAABCBACABAACBDBABBDBDBBBAAACAABAAABDAABAABAAABCBAAAAACACBAABAADACCBAAAACACABBABABAAABABBAABDAABCABAABABAAAABDCBCAAADABCCCDDAAAAAAAABDBDACBADAAABDABAAACACBBADAAACAAAABADABAAABAABABAABABABAAAACCAAAABBAABBBBCACCCAACDBDCCCAAAAABADDBCACAAAAABAABAAAAAAABBDBDBACCBBBA	['A101B', 'A154C', 'C165A', 'A171D', 'D211C']	5	-5.658890358870849	-9.3361068139493	-11.96173459032434	-2.6256277763750404
ABAAABCBACBBAACBDBABBDBCBBBAAACAABAAABDAABAABAAABCBAAAAACACBAABAADACCBAAAACACABBABABAAABABBAABDAABCABAABABAAAABDCBCAAACABBCCDDAAAAAAAACDBDACBADAAABDABAAAAACBBADAAACCAAABAAABAAABAABABAABABABAAAACCAAAABBAABBBBCACCCAACDBDCCCAAAAABADDBCACAAAAABAABAAAAAAABBDBDAACCBBBA	['A11B', 'D24C', 'A101B', 'D119C', 'C122B', 'B135C', 'D211C', 'B256A']	8	-5.66159972990863	-10.475667199090822	-13.104004346503643	-2.6283371474128217
ABAAABCBACBBAACBDBABBDBCBBBAAACAABAAABDAABAABAAABCBAAAAACACBAABAADACCBAAAACACABBABABAAABABBAABDAABCABAABABAAAABDCBCAAACABBCCDDAAAAAAAACDBDACBADAAABDABAAAAACBBADAAACCAAABAAABAAABAABABAABABABAAAACCAAAABBAABBBBCACCCAACDBDCCCAAAAABADDBCACAAAAABAABAAAAAAABBDBDAACCBBBA	['A11B', 'D24C', 'A101B', 'D119C', 'C122B', 'B135C', 'D211C', 'B256A']	8	-5.66159972990863	-10.475667199090822	-13.104004346503643	-2.6283371474128217
ABAAABCBACABAACBDBABBDBDBBBAAACAABAAABDAABAABAAABCBAAAAACACBAABAADACCBAAAACACABBABABAAABABBAABDAABCABAABABAAAABBCBCAAADABCCCDDAAAAAAAABDBDACBADAAABAABAAAAACBBADAAACCAAABAAABAAABAABABAABABABAAAACCAAAABBAABBBBCACBCAACDADCCCAAAAABADDBCACAAAAABAABAAAAAAABBDBDBACCBBBA	['A101B', 'D112B', 'D148A', 'D211B', 'B217A']	5	-5.666592148831114	-8.117257301666541	-10.750586868001847	-2.6333295663353056
ABAAABCBACABAACBABABBDBDBBBAAACAABAAABDAABAABAAABCBAAAAACACBAABAADACCBAAAACACABBABABAAABABBAABDAABCABAABABAAAABDCBCAAADABCCDBDAAAAAAAACDBDACBADAAABDABAAAAACBBADAACCCAAABAAABAAABAABABAABABABAAAACCAAAABBAABBBBAACDCAACDBDCCCAAAAABADDBCACAAAAABAABAAAAAAABBDBDBACCBBBA	['D17A', 'A101B', 'C124D', 'D125B', 'B135C', 'A163C', 'C208A']	7	-5.668679174501449	-11.294092503812863	-13.929509095818503	-2.6354165920056403
ABAAABCBACBBAACBDBABBDBDBBBAAACAABAAABDAABAABAAABCBAAAAACACBAABAADACCBAAAACACABBABABAAABABBAABDAABCABAABABAAAABDCBCAAADABCCCDDAAAAAAAABDBDACBADAAABDABAAAAACBBADAAACCAAABAAABAAABAABABAABABABAAAACDAAAABBAABBBBCACDCAACDBDCCCAAAAABADDBCACAAAAABAABAAAAAAABBDBDBACCBBBA	['A11B', 'A101B', 'C195D']	3	-5.67385003506206	-8.388944322214229	-11.02953177478048	-2.640587452566251
ABAAABCBACBBABCBDBABCDDDBBBAAACAABAAABDAABAABAAABCBAAAAACACBAABAADACCBAAAACACABBABABAAABABBAABDAABCABAABABAAAABDCBCAAABABCCCDDAAAAAAAABDBDACBADAAABDABAAAAACBBADAAACCAAABAAABAAABAABABAABABABAAAACCAAAABBAABBBBCACDCAACDBDCCCAAAAABADDBCACAAAAABAABAAAAAAABBDBDBACCBBBA	['A11B', 'A14B', 'B21C', 'B23D', 'A101B', 'D119B']	6	-5.677723740926012	-9.864977882636595	-12.509439041066798	-2.644461158430204
ABAAABCBACABAACBABABBDBDBBBAAACAABAAABDAABAABAAABCBAAAAACACBAABAADACCBAAAACACABBABABAAABABBAABDAABCAAAABABAAAABDCBCAAADABCCAADAAAAAAAABDBBACBADAAABBABAAAAACBBADAADCCAAABAAABAAABAABABAABABABAAAACCAAAABBAABBBBCACCCAACDBDCCCAAAAABADDBCACAAAAABAABAAAAAAABBDBDBACCBBBA	['D17A', 'C124A', 'D125A', 'D138B', 'D148B', 'A163D', 'D211C']	7	-5.683583014644682	-7.727983330813004	-10.378303762961878	-2.650320432148874
ABAAABCBACABAACBDBABBDBDBBBAAAAAABAAABDACBAABAAABCBAAAAACACBAABAADACCBAAAACACABBABABAAABABBAABDAABCABAABABAAAABDCBCAAADABCCCDDAAAAAAAABDBDAABADAAABCABAAAAACBBADAAACCAAABAAABAAABAABABAABABABAAAACCAAAABAAABBABCACDCAACDBDCCCAAAAABADDBCACAAAAABAABAAAAAAABBDBDBACCBBBA	['C31A', 'A41C', 'A101B', 'C140A', 'D148C', 'B201A', 'B206A']	7	-6.838317557936534	-5.686915102851344	-9.49197007829207	-2.6536525203555357
ABAAABCBACBBAACBDBABBDBCBBBAAACAAAAAABDAABAABAAABCBAAAAACACBAABAADACCBAAAACACABBABABAAABABBAABDAABCABAABABAAAABDCBCAAACABCCCDDAAAAAAAACDBDACBADAAABDABAAAAACBBADAAACAAAABAAABAAABAABABAABABABAAAACCAAAABBAABBBBCACCCAACDBDCCCAAAAABADDBCACAAAAABAABAAAAAAABBDBDAACCBBBA	['A11B', 'D24C', 'B34A', 'A101B', 'D119C', 'B135C', 'C165A', 'D211C', 'B256A']	9	-5.691461755195633	-9.723654987261398	-12.381854159961222	-2.658199172699824
ABAAABCBACABAACBDBABBDBDBBBAAACAABAAABDAABAABAAABCBAAAAACACBAABAADACCBAAAACACABBABABAAABABBAABDAABCABAABABAAAABDCBCAAADABCCCDDAAAAAAAABDBDACBADAAABDABAAAAACBBADAAACCAAABAAABAAABAABABAABABABAAAACCAAAABBAABBBBCACDCAACDBDCCCAAAAABADDBCACAAAAABAABAAAAAAABBDBDBACCBBBA	['A101B']	1	-5.693996315589175	-8.379089276742889	-11.039823009836255	-2.660733733093366
ABAAABCBACABAACBABABBDBDBBBAAACAABAAABDAABAABAAABCBAAAAACACBAABAADACCBADAACACABBABABAAABABBAABDAABCABAABABAAAABDCBCAAADABCCCDDAAAAAAAABDBDACBADAAABDABAAAAACBBADAAACCAAABAAABAAABAABABAABABABAAAACCAAAABAAABBBBAACDCAACDBDCCCAAAAABADDBCACAAAAABAABAAAAAAABBDBDBACCBBBA	['D17A', 'A72D', 'A101B', 'B201A', 'C208A']	5	-5.708309075329453	-9.429752835509134	-12.104799328342779	-2.675046492833644
ABAAABCBAABBAACBDBABCDBDBBBAAACAABAAABDAABAABAAABABAAAAACACBAABAADACCBAAAACACABBABABAAABABBAABDAABCABAABABAAAABACBCAAACABBCCDDAAAAAAAABDBDACBADAAABDABAAABCCBBADAAACCAAABAAABAAABAABABAABABABAAAACCAAAABBAABBBBCACDCAACDBDCCCAAAAABADDBCACAAAAABAABAAAAAAABBDBDBACCBBBA	['C10A', 'A11B', 'B21C', 'C50A', 'A101B', 'D112A', 'D119C', 'C122B', 'A154B', 'A155C']	10	-5.709628491429612	-9.775220150564564	-12.451586059498368	-2.6763659089338034
ABAAABCBACABAACBDBABBDBDBBBAAACAABAAABDAABAABAAABCBAAAAACACBAABAADACCBAAAACACABBABABAAABABBAABDAABCABAABABAAAABDCBCAAADABCCADDAAAAAAAABDBDACBADAAABDABAAAAACBBADAAACCAAABAAABAAABAABABAABAAABAAAACCAAAABBAABBABCACDCAACDBDCCCAAAAABADDBAACAAAAABAABAAAAAAABBDBDAACCBBBA	['A101B', 'C124A', 'B187A', 'B206A', 'C232A', 'B256A']	6	-5.715640868758783	-8.928830544900848	-11.611208831163822	-2.682378286262974
ABAAABCBACABAACBDBABBDBCBBBAAACAABAAABDAABAABAAABCBAAAAACACBAABAADACCBAAAACACABBABABAAABABBAABDAABCABAABABAAAABDCBCAAADABCCCADAAAAAAAABDBDADBADAAABBABAAAAACBBADAAACCAAABAAABAAABAABABAABABABAAAACCAAAABAAABBBBCACDCAACABDCCCAAAAABADDBCACAAAAABAABAAAAAAABBDBDBACCBBBA	['D24C', 'A101B', 'D125A', 'C140D', 'D148B', 'B201A', 'D216A']	7	-8.513700515730307	-5.717131704062922	-11.19756963729742	-2.6838691215671133
ABAAABCBACABAACBABABBDBDBBBAAAAAABAAABDAABAABAAABABAAAAACACBAABAADACCBAAAACACABBABABAAABABBAABDAABCAAAABABAAAABDCBCAAADABCCADDAAAAAAAABDBDACBADAAABDABAAAAAABBADAAACAAAABAAABAAABAABABAABABABAAAACCAAAABAAABBBBCACDCAACDBDCCCAAAAABADDBCACAAAAABAABAAAAAAABBDBABACCBBBA	['D17A', 'C31A', 'C50A', 'C124A', 'C156A', 'C165A', 'B201A', 'D255A']	8	-5.718209469458088	-6.297974120796425	-8.982921007758705	-2.6849468869622797
ABAAABCBACABAACBDBABBDBDBBBAAAAAAAAAABDAABAABAAABCBAAAAACACBAABAADACCBAAAACACABBABABAAABABBAABDAABCABAABABAAAABACBCAAADABCCBADAAAAAAAACDBDACBADAAABDABAAAAACBBADAAACCAAABAAABAAABAABABAABABABAAAACCAAAABBAABBBACACDCAACDBDCCCAAAAABADDBCACAAAAABAABAAAAAAABBDBDBACCBBBA	['C31A', 'B34A', 'A101B', 'D112A', 'C124B', 'D125A', 'B135C', 'B207A']	8	-5.722161173564018	-8.502072292816592	-11.190970883884802	-2.6888985910682095
ABAAACCBABBBAACBDBABBDBDBBBAAAAAABAAABDAABAABAAABCBAAAAACACBAABAADACCBAAAACACABBABABAAABABBAABDAABCAAAABABAAAABDCBCAAADABCCCDDAAAAAAAABDBDAABADAAABCABAAAAACBBADAAACCAAABAAABAAABAABABAABABABAAAACCAAAABAAABBABCACDCAACDBDCCCAAAAABADDBCADAAAAABAABAAAAAAABBDBDBACCBBBA	['B6C', 'C10B', 'A11B', 'C31A', 'C140A', 'D148C', 'B201A', 'B206A', 'C234D']	9	-9.61054808809422	-5.723436039377702	-12.300721544976113	-2.690173456881894
ABAAABCBACABAACBDBABBDBDABBAADCAABAAABAAABAABAAABCBAAAAACACBAABAADACCBAAAACACABBABABAAABABBAABDAABCAAAABABAAAABDCBCAAADABCCDADAAAAAAAABDBBADBADAAABBABAAAAACBBADAAACCAAABAAABAAABAABABAABABABAAAACCAAAABAAABBABCACDCAACDBDCBCAAAAABADDBCACAAAAABAABAAAAAAACBDBDBACCBBBA	['B25A', 'A30D', 'D39A', 'C124D', 'D125A', 'D138B', 'C140D', 'D148B', 'B201A', 'B206A', 'C220B', 'B251C']	12	-8.360442619537935	-5.725532083277358	-11.052712120319484	-2.692269500781549
ABAAABDBACABAACBDBABBDBDBBBAAACAABAAABDAABAABAAABABAAAAACACBAABAADACCBAAAACACABBABABAAABABBAABDAABCABAABABAAAABDCBCAAADABCCCDDAAAAAAAABDBDADBADAAABBABAAAAACABABAAACCABABAAABAAABAABABAABABABAAABCDAAAABAAABBBBCACDCAACDBDCCCAAAAABADDBCACAAAAABAABAAAAAAABBDBDBACCBBBA	['C7D', 'C50A', 'A101B', 'C140D', 'D148B', 'B157A', 'D160B', 'A167B', 'A193B', 'C195D', 'B201A']	11	-7.8937336259987205	-5.733252735313727	-10.593723778816639	-2.699990152817918
ABAAABCBACABAACBABABBDBDBBBAAACAABAAABDAABAABAAABCBAAAAACACBAABAADACCBAAAACACABBABABAAABABBAABDAABCAAAABABAAAABDCBCAAADABCCCDDAAAAAAAABDBDACBADAAABDABAAAAACBBADAAACCAAABAAABAAABAABABAABABABAAAACCAAAABAAABBBBAACDCAACDBDCCCAAAAABADDBCACAAAAABAABAAAAAAABBDBDBACCBBBA	['D17A', 'B201A', 'C208A']	3	-5.735563501249999	-8.42579996024142	-11.12810087899561	-2.70230091875419
ABAAABCBACABAACBABABBDBDBBBAAAAAABAAABDAABAABAAABCBAAAAACACBAABAADACCBAAAACACABBABAAAAABABBAABDAABCABAABABAAAABACBCAAADABCCADDAAAAAAAABDBDACBADAAABDABAAAACCBBADAAACCAAABAAABAAABAABABAABABABAAAACCAAAABBAABBBBCACDCAABDBDCBCAAAAABADDBCACAAAAABAABAAAAAAABBDBDBACCBBBA	['D17A', 'C31A', 'B84A', 'A101B', 'D112A', 'C124A', 'A155C', 'C215B', 'C220B']	9	-5.7361041365657	-9.774490488664014	-12.477332042733906	-2.7028415540698916
ABAAABCBACABAACBDBABBDBDBBBAAAAAABAAABDAABAABAAABCBAAAAACACBAABAADACCBAAAACACAABABABAAABABBAABDAABCABAABABAAAABDCBCAAADABCCCDDAAAAAAAABDBDACBADAAABDABAAAAACBBADAAACCAAABAAABAAABAABABAABABABAAAACCAAAABBAABBBBCACBCAACDADCCCAAAAABADDBCACAAAAABAABAAAAAAABBDBDBACCBBBA	['C31A', 'B79A', 'A101B', 'D211B', 'B217A']	5	-5.738126287003979	-7.088340449117823	-9.793204153625993	-2.7048637045081705
ABAAABCBACABAACBDBABBDBDBBBAAACAABAAABDAABAABAAABBBAAAAACACBAABAADACCBAAAACACABBABABAAABABBAABDAABCAAAABABAAAABDCBCAAADABCCCDDACAAAAAABDBCACBADAAABDABBAAACCABABAABCCAAABAAABAAABAABABAABABABAAAACCAAAABBAABBBBCACDCAACDBDCCCAAAAABADDBCACAAAAABAABAAAAAAABBDBDBACCBBBA	['C50B', 'A128C', 'D138C', 'A151B', 'A155C', 'B157A', 'D160B', 'A163B']	8	-5.751477621728554	-8.213847806648118	-10.932062845880864	-2.7182150392327458
ABAAABCBACABAACBABABBDBDBBBBAACAABAAABDAABAABAAABCBAAAAACACBAABAADACCBAAAACACABBABABAAABABBAABDAABCAAAABAAAAAABDCBCAAADABCCCDDAAAAAAAABDBDACBADAAABDABAAAAAABBADAAACCAAABAAABAAABAABABAABABABAAAACCAAAABBAABBBBCACDCAACDBDCCCAAAAABADDBCACAAAAABAABAAAAAAABBDBDBACCBBBA	['D17A', 'A28B', 'B106A', 'C156A']	4	-5.765459900489077	-9.286081483558519	-12.018278801551787	-2.7321973179932684
ABAAABCBACABAACBABABBDBABBBAAACAABAAABAAABAABAAABCBAAAAACACBAABAADACCBAAAACACABBABABAAABABBAABDAABCABAABABAAAABDCBCAAADABCCDDDAAAAAAAABDBDACBADAAABDABAAAAACBBADAAACCABABAAABAAABAABABAABABABAAAACCAAAABAAABBBBCACDCAACDBDCCCAAAAABADDBCACAAAAABAABAAAAAAABBDBDBACCBBBA	['D17A', 'D24A', 'D39A', 'A101B', 'C124D', 'A167B', 'B201A']	7	-5.771751837572083	-9.698648098361446	-12.43713735343772	-2.7384892550762743
ABAAABCBACBBAACBDBABBDBDBBBAAACAABAAABDAABAABAAABCBAAAAACACBAABAADACCBAAAACACABBABABAAABABBAABDAABCABAABABAAAABDCBCAAADABCCCDDAAAAAAAABDBDACBADAAABDABAAAAACBBADAAACCAAABAAABAAABAABBBAABABABAAACCCAAAABAAABBBBCACDCAACDBDCBCAAAAAAADDBCACAAAAABAABAAAAAAABBDBDAACCBBBA	['A11B', 'A101B', 'A181B', 'A193C', 'B201A', 'C220B', 'B227A', 'B256A']	8	-5.772250671638176	-9.385884762712521	-12.124872851854889	-2.7389880891423672
ABAAABCBACABAACBDBABBDBDBBBAAACAABAAABDAABAABAAABCBAAAAACACBAABAADACCBAAAACACABBABABAAABABBAABDAABCABAABABAAAABDCBCAAABABCCCDDAAAAAAAABDBDACBADAAABDABAAAAACBBADAAACCAAABAAABAAABAABABAABABABAAABCCAAAABBAABBABCACDCAACDBDCCCAAAAABADDBCACAAAAABAABAAAAAAABBDCDBACCBBBA	['A101B', 'D119B', 'A193B', 'B206A', 'B254C']	5	-5.782454867614433	-7.81115005115862	-10.560342336277245	-2.7491922851186246
ABAAABCBACBBAACBDBABBDBDBBBBAACAABAABBAAABAABAAABABAAAAACACBAABAADACCBADAACACABBABABAAABABBAABDAABCAAAABABAAAABACBCAAADABCCAADAAAAAAAABDBDACBADAAABDABAAAAACBBADAAACCABABAAABAAABAABABAABABABAAAACCAAAABAAABBBBCACDCAACDBDCCCAAAAABADDBCACAAAAABAABAAAAAAABBABDBACCBBBA	['A11B', 'A28B', 'A37B', 'D39A', 'C50A', 'A72D', 'D112A', 'C124A', 'D125A', 'A167B', 'B201A', 'D253A']	12	-5.802103427005932	-8.832507339277072	-11.601348183787195	-2.768840844510123
ABAAABCBACABAACBABABBDBDBBBAAACAABAAABDAABAABAAABABAAAAACACBAABAADACCBADAACACABBABABAAABABBAABDAABCAAAABABAAAABBCBCAAABABCBDDDAAAAAAAABDBDACBADAAABDABAAAAACBBADAAACCAAABAAABAAABAABABAABABABAAAACCAAAABBAABBBBCACDCAACDBDCCCAAAAABADDBCACAAAAABAABAAAAAAABBDBDBACCBBBA	['D17A', 'C50A', 'A72D', 'D112B', 'D119B', 'C123B', 'C124D']	7	-5.80647818534635	-9.860074126132531	-12.633289728983073	-2.7732156028505415
ABAAABCBACABAACBDBABBDBDBBBAAACAABAAABDAABAABAAABCBAAAAACACBAABAADACCBAAAACACABBABABAAABABBAABDAABCAAAABABAAAABBCBCAAADABCCADDAAAAAAAABDBDACBADAAABDABAAAAACBBADAAACCAAABAAABAAABAABABAABABABAAAACCAAAABAAABBBBCACDCAACDBDCCCAAAAABADDBCACAAAAABAABAAAAAAABBDBDBACCBBBA	['D112B', 'C124A', 'B201A']	3	-5.8463005784433335	-9.082161340833409	-11.895199336780934	-2.813037995947525
ABAAABCBACABAACBDBABBDBDBBBAAACAABAAABDAABAABAAABCBAAAAACACBAABAADACCBAAAACACABBABABAAABABBAABDAABCAAAABABAAAABBCBCAAADABCCADDAAAAAAAABDBDACBADAAABDABAAAAACBBADAAACCAAABAAABAAABAABABAABABABAAAACCAAAABAAABBBBCACDCAACDBDCCCAAAAABADDBCACAAAAABAABAAAAAAABBDBDBACCBBBA	['D112B', 'C124A', 'B201A']	3	-5.8463005784433335	-9.082161340833409	-11.895199336780934	-2.813037995947525
ABAAABCBACABAACBDBABBDBDBBBBAACAABAAABAAABAABAAABCBAAAAACACBAABAADACCBAAAACACABBABABAAABABBAABDAABCAAAABABAAAABDCBCAAADABCCCDDAAAAAAAABDBDACBADAAABDABAAAACCBBADAAACCABABAAABAAABAABABAABABABAAAACCAAAABAAABBBBCACDCAACDBDCCCAAAAABADDBCACAAAAABAABAAAAAAABBDBDBACCBBBA	['A28B', 'D39A', 'A155C', 'A167B', 'B201A']	5	-5.8522399130743	-8.725308590073837	-11.544285920652328	-2.818977330578491
ABAAABCBACABBACBDBABBDBDBBBAAAAAABAAABDAABAABAAABCBAAAAACACBAABAADACCBAAAACACAABABABAAABABBAABDAABCABAABABAAAABDCBCAAADABCCCDDAAAAAAAABDBDACBADAAABDABAAAAACBBADAAACCAAABAAABAAABAABABAABABABAAAACCAAAABAAABBBBCACDCAACDBDCCCAAAAABADDBCACAAAAABAABAAAAAAABBDBDBACCBBBA	['A13B', 'C31A', 'B79A', 'A101B', 'B201A']	5	-5.85401012073271	-6.645163609617157	-9.465911147854058	-2.820747538236901
ABAAABCBACABAACBDBABBDBDBBBAAAAAABAAABDAABAABAAABCBAAAAACACBAABAADACCBAAAACACABBABABAAABABBAABDAABCAAAABABAAAABDCBCAAADABCCCDDAAAAAAAABDBDACBADAAABDABAAAAACABABAAACCAAABAAABAAABAABABAABABABAAAACCAAAABAAABBBBCACDCAACDBDCCCAAAAABADDBCACAAAAABAABAAAAAAABBDBDBACCBBBA	['C31A', 'B157A', 'D160B', 'B201A']	4	-5.857450525043532	-6.038615263038082	-8.862803205585806	-2.8241879425477237
ABAAABCBACABAACBABAABDBDBBBBAACAABAAABAAABAABAAABCBAAAAACACBAABAADACCBAAAACACABBABABAAABABBAABDAABCAAAABABAAAABDCBCAAADABCCAADAAAAAAAABDBDACBADAAABDABAAAACCBBADAAACCAAABAAABAAABAABABAABABABAAAACCAAAABAAABBBBAACDCAACDBDCCCAAAAABADDBCACAAAAABAABAAAAAAABBDBDBACCBBBA	['D17A', 'B20A', 'A28B', 'D39A', 'C124A', 'D125A', 'A155C', 'B201A', 'C208A']	9	-5.858801455702633	-10.783785181556595	-13.60932405476342	-2.825538873206824
ABAAABCBACABAACBDBABBDBDBBBAAAAAABAAABDAABAABAAABCBAAAAACACBAABAADACCBAAAACACABBABABAAABABBAABDAABCAAAABAAAAAACDCBCAAADABCCCDDAAAAAAAABDBDACBADAAABDABAAAAACABABAAACCAAABAAABAAABAABABAABABABAAAACCAAAABAAABBBBCACDCAACDBDCCCAAAAABADDBCACAAAAABAABAAAAAAABBDBDAACCBBBA	['C31A', 'B106A', 'B111C', 'B157A', 'D160B', 'B201A', 'B256A']	7	-5.859857928706333	-7.036619425722165	-9.86321477193269	-2.8265953462105244
ABAAABCBACBBAACBDBABBDBDBBBAAAAAABAAABDAABAABAAABCBAAAAACACBAABAADACCBAAAACACABBABABAAABABBAABDAABCABAABABAAAACDCBCAAADABCCCDDAAAAAAAABDBDACBADAAABDABAAAAAABBADAAACCAAABAAABAAABAABBBAABABABAAAACCAAAABAAABBBBCACDCAACDBDCCCAAAAABADDBCACAAAAABAABAAAAAAABBDBDBACCBBBA	['A11B', 'C31A', 'A101B', 'B111C', 'C156A', 'A181B', 'B201A']	7	-5.870099437655881	-7.4742980878509115	-10.311134943010984	-2.8368368551600724
ABAAABCBACBBAACBDBABBDBCABBAAACAABAAABDAABAABAAABABAAAAACACBAABAADACCBAAAACACABBABABAAABABBAABDAABCAAAABABAAAACDCBCAAADABCCCDDAAAAAAAABDBDAABADAAABCABAAAAACBBADAAACCAAABAAABAAABAABABAABABABAAAACCAAAABBABBBBBCACDCAACDBDCCCAAAAABADDBCACAAAAABAABAAAAAAABBDBDBACCBBBA	['A11B', 'D24C', 'B25A', 'C50A', 'B111C', 'C140A', 'D148C', 'A203B']	8	-7.447025625267997	-5.873112609580858	-10.286875652353046	-2.839850027085049
ABAAABCBACBBAACBDBABBDBCBBBBAACAABAAABDAABAABAAABCBAAAAACACBAABAADACCBAAAACACABBABABAAABABBAABDAABCAAAABABAAAABDCBCAAADABCCCDDAAAAAAAABDBDACBADAAABDABAAAAACBBADAAACCAAABAAABAAABAABABAABABABAAAACCAAAABBAABBBBCACDCAACDBBCCCAAAAABADDBCACAAAAABAABAAAAAAABBDBDBACCBBBA	['A11B', 'D24C', 'A28B', 'D218B']	4	-5.873158182715997	-7.44350318677607	-10.283398786996258	-2.8398956002201885
ABAAABCBACABAACBABABBDBDBBBAAAAAABAAABDAABAABAAABCBAAAAACACBAABAADACCBAAAACACABBABABAAABABBAABDAABCABAABABAAAACDCBCAAADABCCDDDAAAAAAAABDBDACBADAAABDABAAAAACBBADAAACCAAABAAABAAABAABABAABABABAAAACCAAAABBAABBBBAACDCAACDBDCCCAAAAABADDBCACAAAAABAABAAAAAAABBDBDBACCBBBA	['D17A', 'C31A', 'A101B', 'B111C', 'C124D', 'C208A']	6	-5.882550618145615	-9.107087447744561	-11.956375483394368	-2.8492880356498063
ABAAABCBACABABCBDBABBDBDBBBAAAAAABAAABDAABAABAAABCBAAAAACACBAABAADACCBAAACCACABBABABAAABABBAABDAABCAAAABABAAAACDCBCAAADABCCCDDAAAAAAAABDBDADBADAAABCABAAAAACBBADAAACCAAABAAABAAABAABABAABABABAAAACCAAAABBAABBABCACDCAACDBDCCCAAAAABADDBCACAAAAABAABAAAAAAABBDBDBACCBBBA	['A14B', 'C31A', 'A74C', 'B111C', 'C140D', 'D148C', 'B206A']	7	-8.811879211803898	-5.886556553159608	-11.665173182467697	-2.853293970663799
ABAAABCBACABAACBABABBDBDBBBAAACAABAAABDAABAABAAABCBAAAAACACBAABAADACCBADAACACABBABABAAABABBAABDAABCABAABABAAAABDCBCAAAAABBCCADAAAAAAAABDBDACBADAAABDABAAAAACBBADAAACCAAAAAAABAAABAABABAABABABAAAACCAAAABBAABBBBCACDCAACDBDCBCAAAAAAADDBCACAAAAABAABAAAAAAABBDBDBACCBBBA	['D17A', 'A72D', 'A101B', 'D119A', 'C122B', 'D125A', 'B169A', 'C220B', 'B227A']	9	-5.886831861222163	-10.671621479530586	-13.52519075825694	-2.8535692787263542
ABAAABCBACABAACBABABBDBDBBBAAACAABAAABDAABAABAAABCBAAAAACACBAABAADACCBADAACACABBABABAAABABBAABDAABCABAABABAAAABDCBCAAAAABBCCADAAAAAAAABDBDACBADAAABDABAAAAACBBADAAACCAAAAAAABAAABAABABAABABABAAAACCAAAABBAABBBBCACDCAACDBDCBCAAAAAAADDBCACAAAAABAABAAAAAAABBDBDBACCBBBA	['D17A', 'A72D', 'A101B', 'D119A', 'C122B', 'D125A', 'B169A', 'C220B', 'B227A']	9	-5.886831861222163	-10.671621479530586	-13.52519075825694	-2.8535692787263542
ABAAABCBACBBABCBDBABBDBDBBBAAACBABAAABAAABAABAAABCBAAAAACACBAABAADACCBAAAACACABBABABAAAAABBAABDAABCABABBABAAAABDCBCAAAAABBCCADAAAAAAAABDBAADBADAAABBABAAAAACBBADAAACCAAABAAABAAABAABABAABABABAAAACCAAAACAAABBABCACDCAACDBDCCCAAAAABADDBCACAAAAABAABAAAAAAABBDBDBACCBBBA	['A11B', 'A14B', 'A32B', 'D39A', 'B88A', 'A101B', 'A103B', 'D119A', 'C122B', 'D125A', 'D138A', 'C140D', 'D148B', 'B200C', 'B201A', 'B206A']	16	-10.075345910387114	-5.894357703364221	-12.936441031255526	-2.8610951208684128
ABAAABCBACABAACBDBABBDBDBBBAAAAAABAAABDAABAABAAABCBAAAAACACBAABAADACCBAAAACACABBABABAAABABBAABDAABCABAABABAAAABDCBCAAAAABBCCADAAAAAAAABDBDACBADAAABDABAAAACCBBADAAACCAAABAAABAAABAABABAABABABAAAACCAAAABAAABABBCACDCAABDBDCCDCAAAABADDBCACAAAAABAABAAAAAAABBDBDAACCBBBA	['C31A', 'A101B', 'D119A', 'C122B', 'D125A', 'A155C', 'B201A', 'B205A', 'C215B', 'C221D', 'A222C', 'B256A']	12	-5.899589924840257	-8.61844562922488	-11.484772971569328	-2.866327342344448
ABAAABCBACABAACBABABBDBDBBBAAACAABAAABDAABAABAAABCBAAAAACACBAABAADACCBAAAACACABBABABAAABABBAABDAABCABAABABAAAABDCBCAAADABCCCDDAAAAAAAABDBDACBADAAABDABAAAACCBBADAACCCAAABAAABAAABAABABAABABABAAAACCAAAABBAABBBBCACDCAACDBDCCCAAAAABADDBCACAAAAABAABAAAAAAABBDBDBACCBBBA	['D17A', 'A101B', 'A155C', 'A163C']	4	-5.902555213076994	-9.460090929613216	-12.329383560194401	-2.869292630581185
ABAAABCBACBBAACBDBABBDBDABBAAACAABAAABDAABAABAAABCBAAAAACACBAABAADACCBAAAACACABBABABAAABABBAABDAABCABAABABAAAADBCBCAAACABCCDDDAAAAAAAACDBDACBADAAABDABAAAAACBBADAAACCAAABAAABAAABAABABAABABABAAAACCAAAABAAABBBBCACDCAACDBDCCCAAAAABADDBCACAAAAABAABAAAAAAABBDBDBACCBBBA	['A11B', 'B25A', 'A101B', 'B111D', 'D112B', 'D119C', 'C124D', 'B135C', 'B201A']	9	-5.902966728201136	-10.23545363728772	-13.105157782993047	-2.8697041457053274
ABAAABCBACABAACBDBAABDBDBBBAAAAAABAAABDAABAABAAABABAAAAACACBAABAADACCBADAACACABBABADAAABABBAABDAABCABAABABAAAABDCBCAAACABBCCDDAAAAAAAABDBDADBADAAABBABAAAAACBBADAABCCAAABAAABAAABAABABAABABABAAAACCAAAABAAABBBBCACDCAACDBDCCCAAAAABADDBCACAAAAABAABAAAAAAABBDBDBACCBBBA	['B20A', 'C31A', 'C50A', 'A72D', 'B84D', 'A101B', 'D119C', 'C122B', 'C140D', 'D148B', 'A163B', 'B201A']	12	-9.002923080464825	-5.905770829383982	-11.875431327352999	-2.8725082468881737
ABAAABCBACABAACBDBABBDBDBBBAAACAABAAABDAABAABAAABCBAAAAACACBAABAADACCBAAAACACABBABABAAABABBAABDAABCAAAABAAAAAACDCBCAAADABCCCDDAAAAAAAABDBDACBADAAABDABAAAAACABABAAACCAAABAAABAAABAABABAABABABAAAACCAAAABAAABBBBCACDCAACDBDCCCAAAAABADDBCACAAAAABAABAAAAAAABBDBDAACCBBBA	['B106A', 'B111C', 'B157A', 'D160B', 'B201A', 'B256A']	6	-5.907301944447681	-8.595844701834721	-11.469884063786594	-2.8740393619518727
ABAAABCBACABAACBDBABBDBDBBBAAACAABAAABDAABAABAAABCBAAAAACACBAABAADACCBAAAACACABBABABAAABABBAABDAABCABAABABAAAACDCBCAAABABCCABDAAAAAAAABDBDACBADAAABDABAAAAACBBADAAACCAAABAAABAAABAABABAABABABAAAACCAAAABBAABBBBCACDCAACDBDCBBAAAAABADDBCACAAAAABAABAAAAAAABBDBDBACCBBBA	['A101B', 'B111C', 'D119B', 'C124A', 'D125B', 'C220B', 'C221B']	7	-5.911679686279967	-11.483531691570533	-14.361948795354692	-2.878417103784159
ABAAABCBACABAACBABABBDBDBBBAAACAABAAABDAABAABAAABCBAAAAACACBAABAADACCBADAACACABBABABAAABABBAABDAABCABAABABAAAABDCBCAAADABCCDDDAAAAAAAABDBDACBADAAABDABAAAACCABABAAACCAAABAAABAAABAABABAABABABAAAACCAAAABBABBBBBCACCCAACDBBBCCCAAAABADDBDACAAAAABAABAAAAAAABBDBDBACCBBBA	['D17A', 'A72D', 'A101B', 'C124D', 'A155C', 'B157A', 'D160B', 'A203B', 'D211C', 'D218B', 'C219B', 'A222C', 'C232D']	13	-5.91542453947477	-12.898890276643215	-15.781052233622177	-2.882161956978962
ABAAABCBACABAACBABABBDBDBBBAAACAABAAABDAABAABAAABCBAAAAACACBAABAADACCBAAAACACABBABABAAABABBAABDAABCABAABABAAAABDDBCAAADABCCAADAAAAAAAABDBDACBADAAABDABAAAABCBBADAAACCAAABAAABAAABAABABAABABABAAAACCAAAABBAABBBBCACDCAACDBDCCCAAAAABADDBCACAAAAABAABAAAAAAABBDBDBACCBBBA	['D17A', 'A101B', 'C113D', 'C124A', 'D125A', 'A155B']	6	-5.92158635542728	-10.807904781744583	-13.696228554676054	-2.8883237729314715
ABAAABCBACABAACBDBABBDBDBBBAAACAABAAABDAABAABAAABABAAAAACACBAABAADACCBAAAACACABBABABAAABABBAABDAABCABAABABAAAACDCBCAAABABCCCDDAAAAAAAABDBDACBADAAABDABAAAAACBBADAAACCAAABAAABAAABAABABAABABABAAAACCAAAABBABBBBBCACDCAACDBDCCCAAAAAAADDBCACAAAAABAABAAAAAAABBBBDBACCBBBA	['C50A', 'A101B', 'B111C', 'D119B', 'A203B', 'B227A', 'D253B']	7	-5.92766366363503	-8.500694051821483	-11.395095132960705	-2.894401081139222
ABAAABCBACABAACBDBABBDBDBBBAAACAABAAABDAABAABAAABCBAAAAACACBAAAAADACCBAAAACACABBABABAAABABBAABDAABCABAABABAAAACDCBCAAADABCCCDDAAAAAAAACDBDADBADAAABBABAAAAACBBADAAACCAAABAAABAAABAABBBAABABABAAAACCAAAABBAABBABAACDCAACDBCCCCAAAAABADDBCACAAAAABAABAAAAAAABBDBDBACCBBBA	['B63A', 'A101B', 'B111C', 'B135C', 'C140D', 'D148B', 'A181B', 'B206A', 'C208A', 'D218C']	10	-5.9284544084221125	-7.085671682347311	-9.980863508273615	-2.895191825926304
ABAAABCBACBBAACBDBABBDBDBBBAAACAABAAABDAABAABAAABCBAAAAACACBAABAADACCBAAAACACABBABABAAABABBAABDAABCABAABABAAAABDCBCAAADABCCCDDAAAAAAAABDBDACBADAAABDAAAAAAACABABAAACCAAABAAABAABBAABABAABABABAAAACDAAAABBAABBBBCACDCAACDBDCCCAAAAABADDBCACAAAAABAABAAAAAAABBDBDBACCBBBA	['A11B', 'A101B', 'B150A', 'B157A', 'D160B', 'A176B', 'C195D']	7	-5.932005436858162	-8.782660566241248	-11.681403420603601	-2.8987428543623537
ABAAABCBACABAACBABABBDBDBBBAAACAABAAABDAABAABAAABCBAAAAACACBAABAADACCBADAACACABBABABAAABABBAABDABBCABAABABAAAABDCBCAAABABCCCDDAAAAAAAABDBBADBADAAABBABAAAAAABBADAAACCAAABAAABAAABAABABAABABBBAAAACCAAAABAAABBBBCACCCAACDBDCCCAAAAABADDBCACAAAAABAABAAAAAAABBDBDBACCBBBA	['D17A', 'A72D', 'A97B', 'A101B', 'D119B', 'D138B', 'C140D', 'D148B', 'C156A', 'A188B', 'B201A', 'D211C']	12	-5.94602881767787	-6.689759720553411	-9.602525955735473	-2.912766235182062
ABAAABCBACABAACBABABBDBDBBBAAACAABAAABAAABAABAAABCBAAAAACACBAABAADACCBAAAACACABBABABAAABABBAABDAABCABAABABAAAABDCBCAAADABCCDDDAAAAAAAABDBDACBADAAABDABAAAAACBBADAAACCAAABAAABAAABAABABAABABABAAAACCAAAABBABBBABCACDCAACDBDCCCAAAAABADDBCACAAAAABAABAAAAAAABBABDAACCBBBA	['D17A', 'D39A', 'A101B', 'C124D', 'A203B', 'B206A', 'D253A', 'B256A']	8	-5.9525424123276025	-10.040805020806147	-12.96008485063794	-2.919279829831794
ABAAABCBACABAACBDBABBDDDBBBAAAAAABAAABDAABAABAAABCBAAAAACACBAABAADACCBAAAACACABBABABAAABABBAABDAABCAAAABABAAAABDCBCAAADABCCCBDAAAAAAAABDBDADBADAAABBABAAAAACBBADAAACCAAABAAABAAABAABABAABABABAAAACCAAAABBAABBBBCACDCAACDBDCCCAAAAABADDBAACAAAAABAABAAAAAAABBDBDBACCBBBA	['B23D', 'C31A', 'D125B', 'C140D', 'D148B', 'C232A']	6	-11.150642690015957	-5.965124825408566	-14.082504932928714	-2.931862242912757
ABAAABCBACABAACBDBABBDBBBBBAAAAAABAAABDAABAAAAAABCBAAAAACACBAABAADACCBAAAACACABBABABAAABABBAABDAABCABAABABAAAABDCBCAAACABCCCDDAAAAAAAACDBDACBADAAABDABAAAAACBBADAAACCAAABAAABAAABAABBBAABABABAAAACCAAAABBAABBABCACCCAACDBDCCCAAAAABADDBCACAAAAABAABAAAAAAABBDBDBACCBBBA	['D24B', 'C31A', 'B45A', 'A101B', 'D119C', 'B135C', 'A181B', 'B206A', 'D211C']	9	-5.966221833834425	-7.951745615777327	-10.884704867115943	-2.932959251338616
ABAAABCBACABAACBDBABBDBDBBBAAACAABAAABAAABAABAAABABAAAAACACBAABAADACCBAAAACACABBABABAAABABBAABDAABCAAAABABAAAABDCBCAAADABCCCACAAAAAAAABDBDACBADAAABDABBAAACCABABAAACCAAABAAABAAABAABABAABABABAAACCCAAAABBABBBBBCACDCAACDBDCCCAAAAABADDBDACAAAAABAABAAAAAAABBDBDBACCBBBA	['D39A', 'C50A', 'D125A', 'D126C', 'A151B', 'A155C', 'B157A', 'D160B', 'A193C', 'A203B', 'C232D']	11	-5.96683498728089	-9.03872046477045	-11.972292869555531	-2.9335724047850817
ABAAABCBACABAACBDBABBDBDBBBAAACAABAAABDAABAABAAABCAAAAAACACBAABAADACCBAAAACACABBABABAAABABBAABDAABCAAAABABAAAACDCBCAAABABCCCDDAAAAAAAABDBDACBADAAABDABAAAAACBBADAAACCAAABAAABAAABAABABAABABABAAAACCAAAABBAABBBBCACDCAACDBDCCCAAAAABADDBCACAAAAABAABAAAAAAABBDBDBACCBBBA	['B51A', 'B111C', 'D119B']	3	-5.968729902757332	-9.193002040934516	-12.12846936119604	-2.935467320261523
ABAAABCBACABAACBDBABBDDDBBBAAAAAABAAABDAABAABAAABCBAAAAACACBAABAADACCBAAAACACABBABABAAABABBAABDAABCABAABABAAAABDCBCAAAAABBCCADAAAAAAAABDBDACBADAAABDABAAAAACBBADAAACCAAABAAABAAABAABABAABABABAAAACCAAAABAAABBBBCACDCAABDBDCCDCAAAABADDBCACAAAAABAABAAAAAAABBDBDAACCBBBA	['B23D', 'C31A', 'A101B', 'D119A', 'C122B', 'D125A', 'B201A', 'C215B', 'C221D', 'A222C', 'B256A']	11	-5.969580048462376	-8.31119744379248	-11.247514909759047	-2.9363174659665674
ABAAACCBACABAACBDBABBDBDBBBAAACAABAAABDAABAABAAABCBAAAAACACBAABAADACCBAAAACACABBABABAAABABBAABDAABCABAABABAAAAADCBCAAADABCCCDDAAAAAAAABDBDACBADAAABDABAAAAACBBADAAACCAAABAAABAAABAABABAABABABAAAACCAAAABBAABBABAABDCAACDBDCCCAAAAABADDBCACAAAAABAABAAAAAAABBDBABACCBBBA	['B6C', 'A101B', 'B111A', 'B206A', 'C208A', 'C210B', 'D255A']	7	-5.970825370401144	-7.97971587718348	-10.917278665088816	-2.9375627879053354
ABAAABCBACBBABCBDBABBDBDBBBAAAAAABAAABDACBAABAAABCBAAAAACACBAABAADACCBAAAACACABBABABAAABABBAABDACBCAAAABABAAAABDDBCAAABABCCCDDAAAAAAAABDBDACBADAAABDABBAAACCABADAAACCAAABAAABAAABAABABAABABABAAAACCAAAABAAABBABBACDCAACDBCCCCAAAAABADDBCACAAAAABAABAAAAAAABBDBDBACCBBBA	['A11B', 'A14B', 'C31A', 'A41C', 'A97C', 'C113D', 'D119B', 'A151B', 'A155C', 'B157A', 'B201A', 'B206A', 'C208B', 'D218C']	14	-5.985148452222347	-7.748931811627699	-10.700817681354238	-2.9518858697265387
ABAAABCBACABAACBDBABBDBDBBBAAACAABAAABDAABAABAAABABAAAAACACBAABAADACCBAAAACACABBABABAAABABBAABDAABCABAABABAAAAADCBCAAABABCCCDDAAAAAAAABDBDACBADAAABDABBAAACCBBADAAACCAAABAAABAAABAABABAABABABAAAACCAAAABBAABBBBCACDCAACDBDCCCAAAAAAADDBCACAAAAABAABAAAAAAABBCBDAACCBBBA	['C50A', 'A101B', 'B111A', 'D119B', 'A151B', 'A155C', 'B227A', 'D253C', 'B256A']	9	-5.988275047158822	-9.69446663276176	-12.649479097424773	-2.955012464663014
ABAAABCBACBBAACBDBABBDBDBBBAAAAAABAAABDAABAABAAABCBAAAAACACBAABAADACCBAAAACACABBABABAAABABBAABDAABCABAABABAAAACDDBCAAACABCCCADAAAAAAAACDBDACBADAAABDABAAAAACBBADAAACCAAABAAABAAABAABBBAABABABAAAACCAAAABAAABBABCACDBAACDBCDCCCAAAABADDBCACAAAAABAABAAAAAAABBDBDBACCBBBA	['A11B', 'C31A', 'A101B', 'B111C', 'C113D', 'D119C', 'D125A', 'B135C', 'A181B', 'B201A', 'B206A', 'C212B', 'D218C', 'C219D', 'A222C']	15	-5.98847313108854	-7.513573067233665	-10.468783615826396	-2.9552105485927314
ABAAABCBABABAACBDBABBDBDBBBAAAAAABAAABDAABAABAAABABAAAAACACBAABAADACCBAAAACACABBABABAAABABBAABDAABCABAABAAAAAABBCBCAAADABCCADDAAAAAAAABDBDACBADAAAADABBAAAACBBADAAACCAAABAAABAAABAABABAABABABAAAACCAAAABBAABBBBCACDCAACDBDCCCAAAAABADDBCACAAAAABAABAAAAAAABBDBDBACCBBBA	['C10B', 'C31A', 'C50A', 'A101B', 'B106A', 'D112B', 'C124A', 'B147A', 'A151B']	9	-5.988712812541053	-7.695789499179227	-10.651239729224471	-2.955450230045244
ABAAABCBABABAACBDBABBDBDBBBAAAAAABAAABDAABAABAAABABAAAAACACBAABAADACCBAAAACACABBABABAAABABBAABDAABCABAABAAAAAABBCBCAAADABCCADDAAAAAAAABDBDACBADAAAADABBAAAACBBADAAACCAAABAAABAAABAABABAABABABAAAACCAAAABBAABBBBCACDCAACDBDCCCAAAAABADDBCACAAAAABAABAAAAAAABBDBDBACCBBBA	['C10B', 'C31A', 'C50A', 'A101B', 'B106A', 'D112B', 'C124A', 'B147A', 'A151B']	9	-5.988712812541053	-7.695789499179227	-10.651239729224471	-2.955450230045244
ABAAABCBACABABCBDBABBDBDBBBBABCAABAAABDAABAABAAABABAAAAACACBAABAADACCBAAAACACABBABABAAABABBAABDAABCAAAABABAAAABCCBCAAADABCCADDAAAAAAAABDBDACBADAAABDABAAAACCBBADAAACCABABAAABAAABAABABAABABABAAAACCAAAABAAABBABCACCCAACDBDCCCAAAAABADDBCACAAAAACAABAAAAAAABBDBDBACCBBBA	['A14B', 'A28B', 'A30B', 'C50A', 'D112C', 'C124A', 'A155C', 'A167B', 'B201A', 'B206A', 'D211C', 'B240C']	12	-5.99070908757858	-7.904863289062632	-10.862309794145403	-2.957446505082771
ABAAABCBACBBAACBDBABBDBDBBBAAAAAABAAABDAABAABAAABCBAAAAACACBAABAADACCBAAAACACABBABABAAABABBAABDAABCABAABABAAAAAACBCAAACABCCCDDAAAAAAAABDBDACBADAAABDABAAAAACBBADAAACCAAABAAABAAABAABABAABABABAAAACCAAAABBAABBBBCACDCAACDBDCCCAAAAABADDBCADAAAAABAABAAAAAAABBDBDBACCBBBA	['A11B', 'C31A', 'A101B', 'B111A', 'D112A', 'D119C', 'C234D']	7	-5.99842189042829	-9.065178113029106	-12.030337420961587	-2.965159307932481
ABAAABCBACABAACBDBABBDBDBBBAAACAABAAABDAABAABAAABCBAAAAACACBAABAADACCBAAAACACABBABABAAABABBAABDAABCAAAABABAAAABDCBCAAADABCCADDAAAAAAAABDBDACBADAAABDABAAAAACBBADAAACCAAABAAABAAABAABABAABABABAAAACCAAAABBAABBBBCACDCAACDBDCCCAAAAABADDBCACAAAAABAABAAAAAAABBDBDBACCBBBA	['C124A']	1	-6.003362896619365	-9.183608483494027	-12.153708797617583	-2.970100314123556
ABAAABCBACABAACBDBABBDBDBBBAAACAABAAABDAABAABAAABCBAAAAACACBAABAADACCBAAAACACABBABABAAABABBAABDAABCAAAABABAAAABDCBCAAADABCCCDDAAAAAAAABDBDADBADAAABBABAAAAACBBADAAACCAAABAAABAAABAABABAABABABAAAACCAAAABBAABBBBCACDCAACDBDCCCAAAAABADDBCACAAAAABAABAAAAAAABBDDDBACCBBBA	['C140D', 'D148B', 'B254D']	3	-8.109865320613608	-6.004513210587902	-11.081115948705701	-2.9712506280920934
ABAAABCBACABAACBDBABBDDDBBBAAACAABAAABDAABAABAAABCBAAAAACACBAACAADACCBAAAACACABBABABAAABABBAABDAABCABAABABAAAABDCBCAAADABCCADDAAAAAAAABDBDACBADAAABDABAAAAACBBADAAACCAAABAAABAAABAABABAABABABAAAACCAAAABBAABBBBCACDCAACDBDCCCAAAAABADDBCACAAAAABAABAAAAAAABBDBDAACCBBBA	['B23D', 'B63C', 'A101B', 'C124A', 'B256A']	5	-6.008938945597038	-10.426592233518022	-13.402268596619251	-2.975676363101229
ABAAABCBACBBAACBDBABCDBDBBBAAAAAABAAABDAABAADAAABCBAAAAACACBAABAADACCBAAAACACABBABABAAABABBAABDAABCABAABABAAAACDDBCAAADABCCCADAAAAAAAABDBAAABADAAABAABAAAAACBBADAABCCAAABAAABAAABAABABAABABABAAAACCAAAABBABBBBBCACDCAACDBCCCCAAAAABADDBCACAAAAABAABAAAAAAABBABDAACCBBBA	['A11B', 'B21C', 'C31A', 'B45D', 'A101B', 'B111C', 'C113D', 'D125A', 'D138A', 'C140A', 'D148A', 'A163B', 'A203B', 'D218C', 'D253A', 'B256A']	16	-6.646470288047567	-6.021830902871443	-9.635038608423201	-2.9885683203756344
ABAAABCBACBBAACBDBABBDBBABBAAACAABAAABAAABAABAAABCBAAAAACACBAABAADACCBADAACACABBABABAAABABBAABDAABCABAABABAAAABDCBCAAADABCCCDDAAAAAAAABDBDACBADAAABDABAAAAACBBADAAACCAAABAAABAAABAABABAABABABAAAACCAAAABAAABBBBCACDCAACDBDCCCAAAAABADDBCACAAAAABAABAAAAAAABBDBDBACCBBBA	['A11B', 'D24B', 'B25A', 'D39A', 'A72D', 'A101B', 'B201A']	7	-6.024439724860713	-7.619988167629344	-10.611165309994249	-2.9911771423649043
ABAAABCBACABAACBDBABBDBDBBBAAACAABAAABDAABAABAAABCBAAAAACACBAABAADACCBAAAACACABBABABAAABABBAABDAABCABAABABAAAABDCBCAAADABCCCDDAAAAAAAABDBDACBADAAABDABAAAACABBADAAACCAAABAAABAAABAABABAABABABAAAACCAAAABBAABBBBAACDCAACDBDCCCAAAAABADDBCACAAAAABAABAAAAAAABBDBDBACCBBBA	['A101B', 'A155C', 'C156A', 'C208A']	4	-6.030750642996281	-9.747781354904873	-12.745269415405346	-2.997488060500473
ABAAABCBACBBAACBDBABBDBCBBBAAAAAABAAABDAABAABAAABCBAAAAACACBAABAADACCBAAAACACABBABABAAABABBAABDAABCABAABABAAAABDCBCAAADABCCCDDAAAAAAAABCBDACBADAAABDABAAAAACBBADAAACCAAABAAABAAABAABABAABABABAAAACCAAAABBAABBBBCACDCAACDBDCCCAAAAABADDBCACAAAAABAABAAAAAAABBDBDBACCBBBA	['A11B', 'D24C', 'C31A', 'A101B', 'D136C']	5	-6.032833247212693	-6.1186703219718765	-9.118240986688761	-2.9995706647168845
ABAAABCBACBBAACBDBABBDBCBBBAAAAAABAAABDAABAABAAABCBAAAAACACBAABAADACCBAAAACACABBABABAAABABBAABDAABCABAABABAAAABDCBCAAADABCCCDDAAAAAAAABCBDACBADAAABDABAAAAACBBADAAACCAAABAAABAAABAABABAABABABAAAACCAAAABBAABBBBCACDCAACDBDCCCAAAAABADDBCACAAAAABAABAAAAAAABBDBDBACCBBBA	['A11B', 'D24C', 'C31A', 'A101B', 'D136C']	5	-6.032833247212693	-6.1186703219718765	-9.118240986688761	-2.9995706647168845
ABAAABCBACABAACBDBAABDBDBBBAAACAABAAABAAABAABAAABCBAAAAACACBAABAADACCBAAAACACABBABACAAABABBAABDAABCABAABABAAAABDCBCAAABABCCADDAAAAAAAABDBDACBADAAABDABAAAAACBBADAAACCAAABAAABAAABAABABAABABABAAAACCAAAABAAABBABCACDBAABDBDCCCAAAAABADDBCACAAAAABAABAAAAAAABBDBDBACCBBBA	['B20A', 'D39A', 'B84C', 'A101B', 'D119B', 'C124A', 'B201A', 'B206A', 'C212B', 'C215B']	10	-6.038661444326863	-8.975551582378102	-11.980950444209157	-3.005398861831054
ABAAABCBACABAACBABABBDBDBBBBAACAABAAABDAABAABAAABCBAAAAACACBAABAADACCBADAACACABBABABAAABABBAABDAABCAAAABABAAAABDCBCAAADABCCCDDACAAAAAABDBDACBADAAABDABBAAACCBBADAAACCAAABAAABAAABAABABAABABABAAAACCAAAABBAABBBBAACDCAACDBDCCCAAAAABADDBCAAAAAAABAABAAAAAAABBDBDBACCBBBA	['D17A', 'A28B', 'A72D', 'A128C', 'A151B', 'A155C', 'C208A', 'C234A']	8	-6.040041509550065	-11.165393930365099	-14.172172857419355	-3.006778927054256
ABAAABCBACABAACBDBABBDBDBBBAAACAABAAABDAABAABAAABABAAABACACBAABAADACCBAAAABACABBABACAAABABBAABDAABCAAAABABAAAABDCBCAAACABCCCADAAAAAAAABDBDACBADAAABDABAAABACBBADAAACCABABAAABAAABAABABAABABABAAAACCAAAABAAABBBBCACCCAACDBBCCCAAAAABADDBCACAAAAABAABAAAAAAABBDBDBACCBBBA	['C50A', 'A55B', 'C75B', 'B84C', 'D119C', 'D125A', 'A154B', 'A167B', 'B201A', 'D211C', 'D218B']	11	-6.040861883899197	-7.080396738572745	-10.087996039976133	-3.0075993014033884
ABAAABCBACBBAACBDBABBDBDBBBAAAAAABAAABDAABAABAAABCBAAAAACACBAABAADACCBAAAACACABBABABAAABABBAABDAABCABAABABAAAABDCBCAAADABCCADDAAAAAAAABDBDACBADAAABDABAAAACABBADAAACCAAABAAABAAABAABABAABABABAAADCCAAAABAAABBBBCACDCAACDBDCCCAAAAABADDBCACAAAAABAABAAAAAAABBDBDBACCBBBA	['A11B', 'C31A', 'A101B', 'C124A', 'A155C', 'C156A', 'A193D', 'B201A']	8	-6.04481872334145	-8.246698029775871	-11.258254170621512	-3.0115561408456415
ABAAABCBACABAACBABABBDBDBBBAAACAABAAABDAABAABAAABCBAAAAACACBAABAADACCBAAAACACABBABABAAABABBAABDAABCAAAABABAAAABDCBCAAADABCCAADAAAAAAAABDBDACBADAAABDABAAAACABBADAAACAAAABAAABAAABAABABAABABABAAADCCAAAABAAABBBBCACDCAACDBDCCCAAAAABADDBCACAAAAABAABAAAAAAABBDBDBACCBBBA	['D17A', 'C124A', 'D125A', 'A155C', 'C156A', 'C165A', 'A193D', 'B201A']	8	-6.054250810062513	-9.964024404500378	-12.985012632067082	-3.020988227566704
ABAAABCBACABAACBABABBDBDBBBBAACAABAAABAAABAABAAABCBAAAAACACBAABAADACCBADAACACABBABABAAABABBAABDAABCAAAABABAAAABDDBCAAADABCCDADAAAAAAAABDBDACBADAAABDABAAAACCBBADAAACCAAABAAABAAABAAABBAABABABAAAACCAAAABAAABBABCACDCAACDBDACCCAAAABADDBCACAAAAABAABAAAAAAABBDBDBACCBBBA	['D17A', 'A28B', 'D39A', 'A72D', 'C113D', 'C124D', 'D125A', 'A155C', 'B180A', 'A181B', 'B201A', 'B206A', 'C219A', 'A222C']	14	-6.05823338101618	-10.964805116382195	-13.989775914902566	-3.0249707985203713
ABAAABCBACABAACBABABBDBDBBBAAAAAABAAABDAABAABAAABCBAAAAACACBAABAADACCBAAAACACABBABABAAABABBAABDAABCABAABABAAAABDCBCAAADABCCBADAAAAAAAABDBDACBADAAABDABAAAAACBBADAAACCAAABAAABAAABAABABAABABABAAAACCAABABAAABBABCACDCAACDBDCCCAAAAABADDBAACAAAAABAABAAAAAAABBDBDBACCBBBA	['D17A', 'C31A', 'A101B', 'C124B', 'D125A', 'A198B', 'B201A', 'B206A', 'C232A']	9	-6.061354381241472	-6.435777239938034	-9.463869038683697	-3.0280917987456633
ABAAABCBACABAACBABABADBDBBBAAAAAABAAABDAABAABAAABCBAAAAACACBAABAADACCBAAAACACABBABABAAABABBAABDAABCABABBABAAAABDCBCAAADABCCADDAAAAAAAACDBDACBADAAABDABBAAACCBBADAAACCAAABAAABAAABAABABAABABABAAAACCAAAABAAABBBBCACDCAACDBABCCAAAAABADDBCAAAAAAABAABAAAAAAABBDBDAACCBBBA	['D17A', 'B21A', 'C31A', 'A101B', 'A103B', 'C124A', 'B135C', 'A151B', 'A155C', 'B201A', 'D218A', 'C219B', 'C234A', 'B256A']	14	-6.061657761922106	-11.152181013923837	-14.180576193350134	-3.0283951794262975
ABAAABCBACABAACBDBABBDBDBBBAAACAABAAABDAABAABAAABCBAAAAACACBAABAADACCBADAACACABBABABAAABABBAABDAABCABAABABAAAABDCBCAAADABCCCDDAAAAAAAABDBAADBADAAABBABAAAAACBBADAAACCAAABAAABAAABAABABAABABABAAAAACAAAABBAABBBBCACDCAACDBDCACCAAAAAADDBCACAAAAABAABAAAAAAABBDBDBACCBBBA	['A72D', 'A101B', 'D138A', 'C140D', 'D148B', 'C194A', 'C220A', 'A222C', 'B227A']	9	-8.673076904146	-6.06892759675975	-11.708741918409942	-3.035665014263941
ABAAABCBACABAACBDBABBDBDBBBAAACAABAAABDAABAABAAABCBAAAAACACBAABAADACCBADAACACABBABABAAABABBAABDAABCABAABABAAAABDCBCAAADABCCCDDAAAAAAAABDBAADBADAAABBABAAAAACBBADAAACCAAABAAABAAABAABABAABABABAAAAACAAAABBAABBBBCACDCAACDBDCACCAAAAAADDBCACAAAAABAABAAAAAAABBDBDBACCBBBA	['A72D', 'A101B', 'D138A', 'C140D', 'D148B', 'C194A', 'C220A', 'A222C', 'B227A']	9	-8.673076904146	-6.06892759675975	-11.708741918409942	-3.035665014263941
ABAAABCBACABAACBABABBDBDBBBAAACAABAAABBAABAABAAABCBAAAAACACBAABAADACCBADAACACABBABABAAABABBAABDAABCAAAABABAAAABDCBCAAADABCCADDAAAAAAAABDBDACBADAAABDABAAAAACBBADAAACCAAABAAABAAABAABABAABABABAAAACCAAAABBAABBBBCACDCAACDBDACCCAAAABADDBCACAAAAABAABAAAAAAABBDBDBACCBBBA	['D17A', 'D39B', 'A72D', 'C124A', 'C219A', 'A222C']	6	-6.073536114534363	-10.777132978633745	-13.8174065106723	-3.0402735320385545
ABAAABCBACABAACBABABBDBDBBBAAACAABAAABDAABAADAAABABAAAAACACBAABAADACCBAAAACACABBABABAAABABBAABDAABCABAABABAAAABDDBCAAADABCCADDAAAAAAAABDBDACBADAAABDABAAAAACBBADAACCCAAABAAABAAABAABABAABABABAAAACCAAAABBAABBBBCACDCAACDBDCCCAAAAABADDBCACAAAAABAABAAAAAAABBDBDAACCBBBA	['D17A', 'B45D', 'C50A', 'A101B', 'C113D', 'C124A', 'A163C', 'B256A']	8	-6.085579348960891	-10.110978921380593	-13.163295687845675	-3.0523167664650828
ABAAABCBACABAACBDBABBDBDBBBAAAAAABAAABDAABAABAAABCBAAAAACACBAABAADACCBAAAACABABBAAABAAABABBAABDAABCABAABABAAAABDCBCAAADABCCDDDAAAAAAAABDBDACBADAAABDABAAAAACBBADAACCCAAABAAABAAABAABABAABABABAAAACCAAAABAAABBBBCACDCAACDBDCCCAAAAABADDBCACAAAAABAABAAAAAAABBDBDBACCBBBA	['C31A', 'C77B', 'B82A', 'A101B', 'C124D', 'A163C', 'B201A']	7	-6.08590577240102	-7.527047414245317	-10.579690604150528	-3.0526431899052113
ABAAABCBACABAACBDBABBDBDBBBAAACAABAAABAAABAABAAABCBAAAAACAABAABAADACCBAAAACACABBABABAAABABBAABDAABCAAAABABAAAABDCBCAAADABCCDAAAAAAAAAABDBDACBADAAABDABAAABACBBADAAACCAAABAAABAAABAABABAABABABAAAACCAAAABAAABBBBCACDCAACDBDCCCAAAAABADDBCACAAAAABAABAAAAAAABBDBDBACCBBBA	['D39A', 'C59A', 'C124D', 'D125A', 'D126A', 'A154B', 'B201A']	7	-6.089590689400211	-8.905204131238861	-11.961532238143263	-3.0563281069044024
ABAAABCBACABAACBDBABBDBDBBBAAACAABAAABAAABAABAAABCBAAAAACAABAABAADACCBAAAACACABBABABAAABABBAABDAABCAAAABABAAAABDCBCAAADABCCDAAAAAAAAAABDBDACBADAAABDABAAABACBBADAAACCAAABAAABAAABAABABAABABABAAAACCAAAABAAABBBBCACDCAACDBDCCCAAAAABADDBCACAAAAABAABAAAAAAABBDBDBACCBBBA	['D39A', 'C59A', 'C124D', 'D125A', 'D126A', 'A154B', 'B201A']	7	-6.089590689400211	-8.905204131238861	-11.961532238143263	-3.0563281069044024
ABAAABCBACABAACBDBABBDBDBBBAAACAABAAABAAABAABAAABCBAAAAACAABAABAADACCBAAAACACABBABABAAABABBAABDAABCAAAABABAAAABDCBCAAADABCCDAAAAAAAAAABDBDACBADAAABDABAAABACBBADAAACCAAABAAABAAABAABABAABABABAAAACCAAAABAAABBBBCACDCAACDBDCCCAAAAABADDBCACAAAAABAABAAAAAAABBDBDBACCBBBA	['D39A', 'C59A', 'C124D', 'D125A', 'D126A', 'A154B', 'B201A']	7	-6.089590689400211	-8.905204131238861	-11.961532238143263	-3.0563281069044024
ABAAABCBACABAACBDBAABDBDBBBAAAAAABAAABDAABAAAAAABCBAAAAACACBAABAADACCBAAAACACABBABABAAABABBAABDAABCABAABABAAAABDCBCAAADABCCCDDAAAAAAAACDBDACBADAAABDABAAAAACABABAAACCAAABAAABAAABAABABAABABABAAAACCAAAABAAABBBBCACDCAABDBDCCCAAAAABADDBCACAAAAABAABAAAAAAABBDBDBACCBBBA	['B20A', 'C31A', 'B45A', 'A101B', 'B135C', 'B157A', 'D160B', 'B201A', 'C215B']	9	-6.090467286994681	-7.5072046094283	-10.564409313927172	-3.057204704498872
ABAAADBBACABABCBDBABBDBDBBBAAAAAABAAABDAABAABAAABCBAABAACACBAABAADACCBADABCACAABABABAAABABBAABDAABCAAAABABAAAABDCBCAAACABCCCDDAAAAAAAABDBAABBADAAABCABAAAAACABADAAACCAAABAAABAAABAABABAABABABAAAACCAAAABAAABBBBCACDCAACDBCCCCAAAAABADDBCACAAAAABAABAAAAAAABBDBDBACCBBBA	['B6D', 'C7B', 'A14B', 'C31A', 'A54B', 'A72D', 'A74B', 'B79A', 'D119C', 'D138A', 'C140B', 'D148C', 'B157A', 'B201A', 'D218C']	15	-7.684684524079785	-6.1025467454164755	-10.753968687000452	-3.069284162920667
ABAAABCBACABAACBDBABBDBDBBBAAACAABAAABDAABAADAAABCBAAAAACACBAABAADACCBAAAACACABBABABAAABBBBAABDAABCABAABABAAAADBCBCAAADABCCDADAAAAAAAABDBDACBADAAABDABAAAAACBBADAAACCAAABAAABAAABAABABAABABABAAAACCAAAABBABBBABCACDCAACDBDCCCAAAAABADDBCACAAAAABAABAAAAAAABBDBDAACCBBBA	['B45D', 'A89B', 'A101B', 'B111D', 'D112B', 'C124D', 'D125A', 'A203B', 'B206A', 'B256A']	10	-6.102956242160872	-10.05293165423791	-13.122625313902972	-3.069693659665063
ABAAABCBACBBAACBDBABBDBDBBBAAAAAABAAABDAABAABAAABCBAAAAACACBAABAADACCBAAAACACABBABABAAABABBAABDAABCABAABABAAAACDCBCAAADABBCCDDAAAAAAAABDBDACBADAAABDABAAAAACBBADAAACCAAABAAABAAABAABABAABABABAAAACCAAAABAAABBABCACDCAACDBDCCCAAAAABADDBCACAAAAABAABAAAAAAABBDBDBACCBBBA	['A11B', 'C31A', 'A101B', 'B111C', 'C122B', 'B201A', 'B206A']	7	-6.377981340279803	-6.105371251673205	-9.450090009457199	-3.0721086691773962
ABAAABCBACABAACBDBABBDBDBBBAAACAABAAABDAABAABAAABABAAAAACACBAABAADACCBAAAACACABBABABAAABABBAABDAABCAAAABABAAAABDDBCAAADABCCDADAAAAAAAABDBBADBADAAABBABAAABACBBADAAACCABABAAABAAABAABABAABABABAAAACCAAAABAAABBBBCACDCAACDBDCCCAAAAABADDBCACAAAAABAABAAAAAAABBDBDBACCBBBA	['C50A', 'C113D', 'C124D', 'D125A', 'D138B', 'C140D', 'D148B', 'A154B', 'A167B', 'B201A']	10	-8.18638197123073	-6.114627798058791	-11.267747186793713	-3.0813652155629825
ABAAABCBACABAACBDBABBDBDBBBAAACAABAAABDAABAABAAABABAAAAACACBAABAADACCBAAAACACABBABABAAABABBAABDAABCAAAABABAAAABDDBCAAADABCCDADAAAAAAAABDBBADBADAAABBABAAABACBBADAAACCABABAAABAAABAABABAABABABAAAACCAAAABAAABBBBCACDCAACDBDCCCAAAAABADDBCACAAAAABAABAAAAAAABBDBDBACCBBBA	['C50A', 'C113D', 'C124D', 'D125A', 'D138B', 'C140D', 'D148B', 'A154B', 'A167B', 'B201A']	10	-8.18638197123073	-6.114627798058791	-11.267747186793713	-3.0813652155629825
ABAAABCBACABAACBDBABBDBDBBBAAACAABAAABDAABAABAAABABAAAAACACBAABAADACCBAAAACACABBABABAAABABBAABDAABCAAAABABAAAABDDBCAAADABCCDADAAAAAAAABDBBADBADAAABBABAAABACBBADAAACCABABAAABAAABAABABAABABABAAAACCAAAABAAABBBBCACDCAACDBDCCCAAAAABADDBCACAAAAABAABAAAAAAABBDBDBACCBBBA	['C50A', 'C113D', 'C124D', 'D125A', 'D138B', 'C140D', 'D148B', 'A154B', 'A167B', 'B201A']	10	-8.18638197123073	-6.114627798058791	-11.267747186793713	-3.0813652155629825
ABAAABCBACABAACBDBABBDBDBBBAAACAABAAABDAABAABAAABCBAAAAACACBAABAADACCBAAAACACABBABABAAABABBAABDAABCABAABABAAAABDCBCAAADABCCBBDAAAAAAAABDBDACBADAAABDABAAAAACBBADAAACCAAABAAABAAABAABABAABABABAAAACCAAAABBAABBBBCACDCAACDBDCCCAAAAABADDBCACAAAAABAABAAAAAAABBDBDBACCBBBA	['A101B', 'C124B', 'D125B']	3	-6.117583325341911	-9.436286227282835	-12.520606970128938	-3.084320742846103
ABAAABCBACABAACBABABBDBDBBBBAACAABAAABDABBAABAAABCBAAAAACACBAABAADACCBAAAACACABBABABAAABABBAABDAABCAAAABABAAAABDCBCAAADABCCCDDAAAAAAAABDBDACBADAAABDABAAAAACBBADAAACCAAABAAABAAABAABABAABABBBAAAACCAAAABBAABBBBCACDCAACDBDCBCAAAAABADDBCACAAAAABAABAAAAAAABBDBDBACCBBBA	['D17A', 'A28B', 'A41B', 'A188B', 'C220B']	5	-6.124474452110007	-6.9306931025057565	-10.021904972119955	-3.091211869614199
ABAAABCBACABAACBABABBDBDBBBAAACAABAAABDAABAABAAABCBAAAAACACBAABAADABCBAAABCACABBABABAAABABBAABDAABCABAABABAAAABDCBCAAADABCCADDAAAAAAAABDBDACBADAAABDABBAAACCBBADAACCCAAABAAABAAABAABABAABABABAAAACCAAAABAAABBBBCACDCAACDBCCBCAAAAAAADDBCACAAAAABAABAAAAAAABBBBDAACCBBBA	['D17A', 'C68B', 'A74B', 'A101B', 'C124A', 'A151B', 'A155C', 'A163C', 'B201A', 'D218C', 'C220B', 'B227A', 'D253B', 'B256A']	14	-6.125884075881913	-11.183654340653447	-14.276275834039552	-3.0926214933861047
ABAAABCBACABAACBABABBDBDBBBBAACAABAAABAAABAAAAAABCBAAAAACACBAABAADACCBAAAACACABBABABAAABABBAABDAABCAAAABABAAAABDCBCAAADABCCADDAAAAAAAABDBDACBADAAABDABAAAAAABBADAAACCAAABAAABAAABAABABAABABABAAAACCAAAABAAABBBBCACDCAACDBDCCCAAAAABADDBCACAAAAABAABAAAAAAABBDBDBACCBBBA	['D17A', 'A28B', 'D39A', 'B45A', 'C124A', 'C156A', 'B201A']	7	-6.1324219757225364	-10.611726304487092	-13.71088569771382	-3.099159393226728
ABAAABCBACABAACBDBABBDBDBBBAAAAAABAAABDAABAABAAABCBAAAAACACBAABAADACCBAAAACACABBABABAAABABBAABDAABCABAABABAAAABDCBCAAADABCCCDDAAAAAAAABDBDADBADAAABBABAAAAAABBADAAACCAAABAAAAAAABAABABAABABABAAAACCAAAABBABBBAAAACDCAACDBDCCCAAAAAAADDBCACAAAAABAABAAAAAAABBBBDBACCBBBA	['C31A', 'A101B', 'C140D', 'D148B', 'C156A', 'B173A', 'A203B', 'B206A', 'B207A', 'C208A', 'B227A', 'D253B']	12	-9.382898949086666	-6.134177082654787	-12.483813449245645	-3.1009145001589786
ABAAACCBACABABCBDBABBDBDBBBAAAAAABAAABDAABAABAAABCBAAAAACACBAABAADACCBAAAACACABBABABAAABABBAABDAABCABAABABAAAABDCBCAAADABCCCDDAAAAAAAACDBDADBADAAABBABAAAAACBBADAADCCAAABAAABAAABAABABAABABABAAACCCAAAABAAABBBBCACDCAACDBDCCCAAAAABADDBCACAAAAABAABAAAAAAABBDBDAACCBBBA	['B6C', 'A14B', 'C31A', 'A101B', 'B135C', 'C140D', 'D148B', 'A163D', 'A193C', 'B201A', 'B256A']	11	-7.670813623350114	-6.139101843320532	-10.776652884174837	-3.105839260824723
ABAAABCBACABAACBDBAABDBDBBBAAAAAABAAABDAABAABAAABCBAAAAACACBAABAADACCBAAAACACABBABABAAABABBAABDAABAABAABABAAAABDCBCAAADABBCAADAAAAAAAABDBDADBADAAABBABAAAAACBBADAADCCAAABAAABAAABAABABAABABABAAAACCAAAABAAABBBBCACDCAACDBDCCCAAAAABADDBCADAAAAABAABAAAAAAABBDBDBACCBBBA	['B20A', 'C31A', 'C99A', 'A101B', 'C122B', 'C124A', 'D125A', 'C140D', 'D148B', 'A163D', 'B201A', 'C234D']	12	-9.242037400137633	-6.148151400004281	-12.356926217646105	-3.114888817508472
ABAAABCBABABAACBDBABBDBBBBBAAACAABAAABDAABAABAAABCBAAAAACACBAABAADACCBAAAACACABBABABAAABABBAABDAABCABAABABAAAACDCBCAAABABCCCADAAAAAAAABDBDACBADAAABDABAAAAACBBACAAACCAAABAAABAAABAABABAABABBBAAACCCAAAABBAABBBBCACDCAACDBDCCCAAAAABADDBCACAAAAABAABAAAAAAABBDBDBACCBBBA	['C10B', 'D24B', 'A101B', 'B111C', 'D119B', 'D125A', 'D160C', 'A188B', 'A193C']	9	-6.14847195497714	-6.971426144678844	-10.086635517160175	-3.1152093724813312
ABAAABCBACABAACBDBABBDBDBBBAAAAAABAAABDAABAABAAACCBAAAAACACBAABAADACCBAAACCACAABABABAAABABBAABDAABCABAABABAAAABDCBCAAADABCCCDDAAAAAAAABDBAACAADAAAACABAAAAACBBADAAACCAAABAAABAAABAABABAABABABAAAACCAAAABBAABBBBCACDCAACDBDCCCAAAAABADDBCACAAAAABAABAAAAAAABBDBDBACCBBBA	['C31A', 'B49C', 'A74C', 'B79A', 'A101B', 'D138A', 'B141A', 'B147A', 'D148C']	9	-6.8843430248089135	-6.149885897961212	-10.000966340274317	-3.1166233154654037
ABAAABCBACABAACBDBABBDBDBBBAAACAABAAABDAABAABAAABDBAAAAACACBAABAADACCBAAAACACABBABABAAABABBAABDAABCABAABABAAAABDCBCAAACABCCCDDAAAAAAAABDBDACBADAAABDABAAAAAABBADAAACCAAABAAABAAABAABABAABABABAAAACCAAAABAAABBABCACDCAABDBDCCCAAAAABADDBCACAAAAABAABAAAAAAABBDBDBACCBBBA	['C50D', 'A101B', 'D119C', 'C156A', 'B201A', 'B206A', 'C215B']	7	-6.154238702496514	-7.289364480850054	-10.410340600850759	-3.120976120000705
ABAAABCBACABAACBDBABBDBDBBBAAAAAABAAABCAABAABAAABCBAAAAACACBAABAADACCBAAAACACABBABABAAABABBAABDAABCABAABABAAAABDCBCAAADABCCDDDAAAAAAAABDBDADBADAAABBABAAAAACBBADAAACCAAABAAABAAABAABABAABABABAAAACCAAAABBAABBBBAACDCAABDBBCCCCAAAABADDBCACAAAAABAABAAAAAAABBDBDBACCBBBA	['C31A', 'D39C', 'A101B', 'C124D', 'C140D', 'D148B', 'C208A', 'C215B', 'D218B', 'A222C']	10	-8.561716608237475	-6.159642596467165	-11.688096622208832	-3.1263800139713567
ABAAABCBACABAACBDBABBDBDBBBAAAAAABAAABDAABAABAAABCBAABAACACBAABAADACCBAAAACACABBABABAAABABBAABDAABCAAAABABAAAABDDBCAAADABCCAADAAAAAAAABDBDADBADAAABBABAAAAACBBADAAACCAAABAAABAAABAABABAABABABAAAACCAAAABAAABBBBCACDCAABDBDCCCAAAAABADDBCACAAAAABAABAAAAAAABBDBDBACCBBBA	['C31A', 'A54B', 'C113D', 'C124A', 'D125A', 'C140D', 'D148B', 'B201A', 'C215B']	9	-7.558920201146975	-6.160214419447584	-10.68587203809875	-3.1269518369517755
ABAAABCBACABAACBDBABBDBDBBBAAAAAABAAABDAABAABAAABCBAABAACACBAABAADACCBAAAACACABBABABAAABABBAABDAABCAAAABABAAAABDDBCAAADABCCAADAAAAAAAABDBDADBADAAABBABAAAAACBBADAAACCAAABAAABAAABAABABAABABABAAAACCAAAABAAABBBBCACDCAABDBDCCCAAAAABADDBCACAAAAABAABAAAAAAABBDBDBACCBBBA	['C31A', 'A54B', 'C113D', 'C124A', 'D125A', 'C140D', 'D148B', 'B201A', 'C215B']	9	-7.558920201146975	-6.160214419447584	-10.68587203809875	-3.1269518369517755
ABAAABCBACABAACBDBABBDBDBBBAAACAABAAABDAABAABAAABCBAAAAACACBAABAADACCBADAACACABBABABAAABABBAABDAABCABAABABAAAABBCBCAAADABCCCDDAAAAAAAABDBDADBADAAABBABAAAAACBBADAAACCAAABAAABAAABAABABAABABABAAAACCAAAABAAABBABCACDCAABDBDCCCAAAAABADDBCACAAAAABAABAAAAAAABBDBDBACCBBBA	['A72D', 'A101B', 'D112B', 'C140D', 'D148B', 'B201A', 'B206A', 'C215B']	8	-8.106546209892258	-6.161431478773011	-11.23471510616946	-3.1281688962772023
ABAAABCBACABAACBDBABBDBDBBBAAAAAABAAABDAABAABAAABCBAAAAACACBAABAADACCBAAAACACABBABABAAABABBAABDAABCABAABABAAAABDCBCAAAAABBCDDDAAAAAAAABDBDACBADAAABDABAAAAACBBADAAACCAAABAAABAAABAABBBAABABABAAAACCAAAABAAABBBBCACDCAACDBDCCCAAAAABADDBCACAAAAABAABAAAAAAABBDBDBACCBBBA	['C31A', 'A101B', 'D119A', 'C122B', 'C124D', 'A181B', 'B201A']	7	-6.161788099678233	-9.114750617620302	-12.243276134802727	-3.1285255171824247
ABAAABCBACABAACBDBABBDBDBBBAAACAABAAABDAABAABAAABCBAAAAACACBAABAADACCBAAAACACABBABABAAABABBAABDAABCABAABABAAAABDCBCAAADABCCCDDAAAAAAAABDBDADBADAAABBABAAAAACBBADAAACCAAABAAABAAABAABABAABABABAAACCCAAAABBAABBABCACDCAACDBDCCCAAAAABADDBCACAAAAABAABAAAAAAABBDBDBACCBBBA	['A101B', 'C140D', 'D148B', 'A193C', 'B206A']	5	-8.294030172517523	-6.1666925423487555	-11.42746013237047	-3.133429959852947
ABAAABCBACABABCBDBABBDBDBBBAAACAABAAABDAABAABAAABCBAAAAACACBAABAADACCBAAACAACAABABABAAABABBAABDAABCAAAABABAAAABDCBCAAACABBCAADAAAAAAAABDBAACBADAAAACABBAAAAABBADAADCCAAABAAABAAABAABABAABABABAAAACCAAAABAAABBBBCACDCAACDBBCCCAAAAABADDBCAAAAAAABAABAAAAAAABBDBDAACCBBBA	['A14B', 'A74C', 'C75A', 'B79A', 'D119C', 'C122B', 'C124A', 'D125A', 'D138A', 'B147A', 'D148C', 'A151B', 'C156A', 'A163D', 'B201A', 'D218B', 'C234A', 'B256A']	18	-6.170792958699167	-8.385847515630303	-11.523377891833661	-3.137530376203358
ABAAABCBACABAACBABABBDBDBBBBAACAABAAABDABBAABAAABCBAAAAACACBAABAADACCBAAAACACABBABABAAABABBAABDAABCAAAABABAAAABDCBCAAADABCCCDDAAAAAAAABDBDACBADAAABDABAAAAACBBADAAACCAAABAAABAAABAABABAABABABAAAACCAAAABBAABBBBCACDCAACDBDCCBAAAAABADDBCACAAAAABAABAAAAAAABBDBDBACCBBBA	['D17A', 'A28B', 'A41B', 'C221B']	4	-6.176980165531859	-9.14150473146583	-12.28522231450188	-3.14371758303605
ABAAABCBACABAACBDBABBDBDBBBAAACAABAAABDAABAABAAABABAAAAACACAAACAADACCBAAAACACABBABABAAABABBAABDAABCAAAABABAAAABDCBCAAADABCCADDAAAAAAAABDBDACBADAAABDABAAAAACBBADAAACCAAABAAABAAABAABABAABABABAAAACCAAAABBAABBBBCACDCAACDBDCCCAAAAABADDBCACAAAAABAABAAAAAAABBDBDBACCBBBA	['C50A', 'B60A', 'B63C', 'C124A']	4	-6.187400988070294	-8.03054977019201	-11.184688175766496	-3.1541384055744857
ABAAABCBACABAACBABABBDBDBBBAAACAABAAABAAABAABAAABABAAAAACACBAABAADACCBAAAACACABBABABAAABABBAABDAABCAAAABABAAAABDCBCAAACABCCADDAAAAAAAABDBDACBADAAABDABAAAAAABBADAAACCAAABAAABAAABAABABAABABABAAAACCAAAABAAABBBBCACCCAACDBDCCCAAAAABADDBCACAAAAABAABAAAAAAABBDBDBACCBBBA	['D17A', 'D39A', 'C50A', 'D119C', 'C124A', 'C156A', 'B201A', 'D211C']	8	-6.191257769009098	-9.51621493321727	-12.67421011973056	-3.15799518651329
ABAAABCBACABAACBABABBDBDBBBAAAAAABAAABDAABAABAAABCBAAAAACACBAABAADACCBAAAACACABBABABAAABABBAABDAABCABAABABAAAABCCBCAAADABCCCDDAAAAAAAABDBDACBADAAABDABAAAAACBBADAAACCAAABAAABAAABAABABAABABABAAABCCAAAABAAABBBBCACDCAACDBCCCCAAAAABADDBCACAAAAABAABAAAAAAABBDBDAACCBBBA	['D17A', 'C31A', 'A101B', 'D112C', 'A193B', 'B201A', 'D218C', 'B256A']	8	-6.191513466415927	-7.127295597892953	-10.285546481813071	-3.158250883920118
ABAAABCBACABAACBABABBDBDBBBAAAAAABAAABDAABAABAAABCBAAAAACACBAABAADACCBAAAACACABBABABAAABABBAABDAABCABAABABAAAABCCBCAAADABCCCDDAAAAAAAABDBDACBADAAABDABAAAAACBBADAAACCAAABAAABAAABAABABAABABABAAABCCAAAABAAABBBBCACDCAACDBCCCCAAAAABADDBCACAAAAABAABAAAAAAABBDBDAACCBBBA	['D17A', 'C31A', 'A101B', 'D112C', 'A193B', 'B201A', 'D218C', 'B256A']	8	-6.191513466415927	-7.127295597892953	-10.285546481813071	-3.158250883920118
ABAAABCBACABAACBDBABBDBDBBBAAACAABAAABDAABAABAAABCBAAAAACACBAABAADACCBAAAACACABBABABAAABABBAABDAABCABAABABAAAABDCBCAAADABCCCDDAAAAAAAABDBDACBADAAABDABAAAAACBBADAAACCAAABAAABAAABAABABAABABABAAAACCAAAABBAABBABCACCCAACABDCCCAAAAABADDBCACAAAAABAABAAAAAAABBDBDBACCBBBA	['A101B', 'B206A', 'D211C', 'D216A']	4	-6.193004725268111	-7.6843331465206575	-10.84407528929296	-3.159742142772302
ABAAABCBACABAACBDBABBDBDBBBAAACAABAAABDAABAABAAABCBAAAAACACBAABAADACCBAAAACACABBABABAAABABBAABDAABCABAABABAAAABDCBCAAADABCCCDDAAAAAAAABDBDACBADAAABDABAAAAACBBADAAACCAAABAAABAAABAABABAABABABAAAACCAAAABBAABBABCACCCAACABDCCCAAAAABADDBCACAAAAABAABAAAAAAABBDBDBACCBBBA	['A101B', 'B206A', 'D211C', 'D216A']	4	-6.193004725268111	-7.6843331465206575	-10.84407528929296	-3.159742142772302
ABAAABCBACABAACBABABBDBDBBBAAACAABAAABDAABAACAAABCBAAAAACACBAABAADACCBADAACACABBABACAAABABBAABDAABCABAABABAAAABDCBCAAADABCCCDDAAAAAAAABDBDACBADAAABDABAAABCCBBADAAACCAAABAAABAAABAABABAABABABAAAACCAAAABBAABBBBAACBCAACCBDCBBAAAAABADDBCACAAAAABAABAAAAAAABBDBDBACCBBBA	['D17A', 'B45C', 'A72D', 'B84C', 'A101B', 'A154B', 'A155C', 'C208A', 'D211B', 'D216C', 'C220B', 'C221B']	12	-6.1982893673703074	-11.768589567829622	-14.93361635270412	-3.165026784874499
ABAAABCBACABAACBABABBDBDBBBAAAAAABAAABDAABAABAAABCBAAAAACACBAABAADACCBAAAACACABBABABAAABABBAABDAABCABAABABAAAABDCBCAAADABCCADDAAAAAAAABDBDACBADAAABDABAAAAACBBADAAACCAAABAAABAAABAABABAABABABAAAACCAAAABBAABBBBCACDCAACDBDCCCAAAAABADDBCADAAAAABAABAAAAAAABBDBDBACCBBBA	['D17A', 'C31A', 'A101B', 'C124A', 'C234D']	5	-6.199353568954393	-8.881732556474162	-12.047823542932747	-3.1660909864585847
ABAAABCBACABAACBABABBDBDBBBAAAAAABAAABDAABAABAAABCBAAAAACACBAABAADACCBAAAACACABBABABAAABABBAABDAABCABAABABAAAABDCBCAAADABCCADDAAAAAAAABDBDACBADAAABDABAAAAACBBADAAACCAAABAAABAAABAABABAABABABAAAACCAAAABBAABBBBCACDCAACDBDCCCAAAAABADDBCADAAAAABAABAAAAAAABBDBDBACCBBBA	['D17A', 'C31A', 'A101B', 'C124A', 'C234D']	5	-6.199353568954393	-8.881732556474162	-12.047823542932747	-3.1660909864585847
ABAAABCBACABAACBABABBDBDBBBAAAAAABAAABDAABAABAAABCBAAAAACACBAABAADACCBAAAACACABBABABAAABABBAABDAABCABAABABAAAABDCBCAAADABCCADDAAAAAAAABDBDACBADAAABDABAAAAACBBADAAACCAAABAAABAAABAABABAABABABAAAACCAAAABBAABBBBCACDCAACDBDCCCAAAAABADDBCADAAAAABAABAAAAAAABBDBDBACCBBBA	['D17A', 'C31A', 'A101B', 'C124A', 'C234D']	5	-6.199353568954393	-8.881732556474162	-12.047823542932747	-3.1660909864585847
ABAAABCBACABAACBDBABBDBDBBBAAAAAABAAABDAABAABAAABCBAAAAACACBAABAADACCBAAAACACABBABABAAABABBAABDAABCAAAABABAAAABDCBCAAADABCCCDDAAAAAAAABDBDACAADAAABDABAAAACCBBADAAACCAAABAAABAAABAABABAABABABAAAACCAAAABBAABBABCACDCAACDBDCCCAAAAABADDBAACAAAAABAABAAAAAAABBDBDBACCBBBA	['C31A', 'B141A', 'A155C', 'B206A', 'C232A']	5	-7.822080901823938	-6.200261163030518	-10.989079482358648	-3.1669985805347096
ABAAABCBACABAACBDBABBDBDABBAADCAABAAABAAABAABAAABCBAAAAACACBAABAADACCBAAAACACABBABABAAABABBAABDAABCAAAABABAAAABDCBCAAADABCCDADAAAAAAAABDBDADBADAAABBABAAAAACBBADAAACCAAABAAABAAABAABABAABABABAAAACCAAAABAAABBABCACDCAACDBDCBCAAAAABADDBCACAAAAABAABAAAAAAACBDBDBACCBBBA	['B25A', 'A30D', 'D39A', 'C124D', 'D125A', 'C140D', 'D148B', 'B201A', 'B206A', 'C220B', 'B251C']	11	-8.24895957694389	-6.209274774853839	-11.42497176930192	-3.17601219235803
ABAAABCBACABAACBDBABBDBDABBAADCAABAAABAAABAABAAABCBAAAAACACBAABAADACCBAAAACACABBABABAAABABBAABDAABCAAAABABAAAABDCBCAAADABCCDADAAAAAAAABDBDADBADAAABBABAAAAACBBADAAACCAAABAAABAAABAABABAABABABAAAACCAAAABAAABBABCACDCAACDBDCBCAAAAABADDBCACAAAAABAABAAAAAAACBDBDBACCBBBA	['B25A', 'A30D', 'D39A', 'C124D', 'D125A', 'C140D', 'D148B', 'B201A', 'B206A', 'C220B', 'B251C']	11	-8.24895957694389	-6.209274774853839	-11.42497176930192	-3.17601219235803
ABAAAACBACABABCBABABBDBAABBBAACAABAAABAAABAAAAAABABAAAAACACBAABAADACCBAAACCACABBABABAAABABBAABDAABCAAAABABAAAABDCBCAAADABCCCDDAAAAAAAABDBDACBADAAABDABAAAAACBBADAAACCAAABAAABAAABAABABAABABABAAAACCAAAABBAABBBBCACDCAACDBDCCCAAAAABADDBCACAAAAABAABAAAAAAABBDBDBACCBBBA	['B6A', 'A14B', 'D17A', 'D24A', 'B25A', 'A28B', 'D39A', 'B45A', 'C50A', 'A74C']	10	-6.213013927219436	-7.802981473476393	-10.98273281820002	-3.179751344723627
ABAAABCBABABAACBDBABBDBDBBBAAACAABAAABDAABAABAAABCBAAAAACACBAABAADACCBAAAACACABBABABAAABABBAABDAABCABAABABAAAABDCBCAAADABCCCDDAAAAAAAABDBDACBADAAABDABAAAACCBBADAAACCAAABAAABAAABAABABAABABABAAAACCAAAABBAABBBBCACDCAACDBDCCCAAAAABADDBCACAAAAABAABAAAAAAABBDBDBACCBBBA	['C10B', 'A101B', 'A155C']	3	-6.21955922129564	-8.967544866696699	-12.15384150549653	-3.1862966387998313
ABAAABDBACABAACBDBABBDBDABBAAACAABAAABDAABAABAAABCBAAAAACACBAABAADACCBAAAACACABBABABAAABABBAABDAABCCBAABABAAAABCCBCAAADABCCAADAAAAAAAABBBDACBADAAABDABAAAAACBBADAAACAAAABAAABAAABAABABAABABABAAAACCAAAABAAABBBBCACDCAACDBBBCCAAAAABADDBCADAAAAABAABAAAAAAABBDBBBACCBBBA	['C7D', 'B25A', 'A100C', 'A101B', 'D112C', 'C124A', 'D125A', 'D136B', 'C165A', 'B201A', 'D218B', 'C219B', 'C234D', 'D255B']	14	-6.219767385860905	-8.298127270973055	-11.484632074338151	-3.1865048033650964
ABAAABCBACABAACBABABBDBDBBBAAACAABAAABDAABAABAAABCBAAAAACACBAABAADACCBAAAACACABBABABAAABABBAABDAABCAAAABABAAAABDCBCAAADABCCADDAAAAAAAABDBDACBADAAABDABAAAAACBBACAAACCAAABAAABAAABAABABAABABABAAAACCAAAABBAABBBBCACDCAACDBDCCCAAAAABADDBCACAAAAABAABAAAAAAABBDBDBACCBBBA	['D17A', 'C124A', 'D160C']	3	-6.2268640452530235	-10.068177434586687	-13.261778897343902	-3.193601462757215
ABAAABCBACABAACBABABBDBDBBBAAACAABAAABDAABAABAAABBBAAAAACACBAABAADACCBAAAACACABBABABAAABABBAABDAABCAAAABABAAAABCCBCAAADABCCADDAAAAAAAABDBCADBADAAABBABAAAAACBBADAAACCAAABAAABAAABAABABAABABABAAAACCAAAABBAABBABCACCCAACDBCCCCAAAAABADDBCACAAAAABAABAAAAAAABBDBDBACCBBBA	['D17A', 'C50B', 'D112C', 'C124A', 'D138C', 'C140D', 'D148B', 'B206A', 'D211C', 'D218C']	10	-9.269460427807644	-6.230873397988034	-12.46707124329987	-3.197610815492226
ABAAABDBACABAACBDBABBDDDBBBAAACAABAAABDAABAABAAABCBAAAAACACBAABAADACCBAAAACACABBABABAAABABBAABDAABCABAABABAAAABBCBCAAACABCCDADAAAAAAAACDBDACBADAAABDABAAAACCBBADAAACCAAABAAABAAABAABABAABABABAAAACCAAAABBAABBBBCACDCAACDBDCCCAAAAABADDBCACAAAAABAABAAAAAAABBDBDBACCBBBA	['C7D', 'B23D', 'A101B', 'D112B', 'D119C', 'C124D', 'D125A', 'B135C', 'A155C']	9	-6.23417618102394	-11.970096295161056	-15.171009893689188	-3.200913598528132
ABAAABCBACABAACBDBABBDBDBBBAAACAABAAABDAABAABAAABCBAAAAACACBAABAADACCBAAAACACABBABABAAABABBAABDAABCAAAABABAAAABDCBCAAAAABBCCADAAAAAAAABDBDACBADAAABDABAAABACBBADAAACCAAABAAABAAABAABABAABABABAAAACCAAAABBABBBBBCACDCAACDBDCCCAAAAABADDBCADAAAAABAABAAAAAAABBDBDAACCBBBA	['D119A', 'C122B', 'D125A', 'A154B', 'A203B', 'C234D', 'B256A']	7	-6.242690305458382	-11.028192939207656	-14.23762066217023	-3.209427722962573
ABAAABCBABBBAACBDBABBDBDAABAAACAABAAABAAABAACAAABCBAAAAACACBAABAADACCBAAAACACABBABABAAABABBAABDAABCABAABABAAAABDCBCAAADABCCADDAAAAAAAABDBDACBADAAABDABAAAAACBBADAAACCAAABAAABAAABAABABAABABABAAAACCAAAABBAABBBBCACDCAACABDCCCAAAAABADDBCACAAAAABAABAAAAAAABBDBDBACCBBBA	['C10B', 'A11B', 'B25A', 'B26A', 'D39A', 'B45C', 'A101B', 'C124A', 'D216A']	9	-6.245445358334109	-9.928982886689482	-13.141165662527783	-3.2121827758383006
ABAAABCBACABAACBABABADBDABBAAACAABAAABDAABAAAAAABCBAAAAACACBAABAADACCBAAAACACABBABABAAABABBAABDAABCABAABAAAAAADBCBCAAADABCCADDAAAAAAAABDBDACBADAAABDABBAAACCABABAACCCAAABAAABAAABAABABAABABABAAAACCAAAABBAABBBBAACDCAACDBDCCCAAAAABADDBCACAAAAABAABAAAAAAABBDBDAACCBBBA	['D17A', 'B21A', 'B25A', 'B45A', 'A101B', 'B106A', 'B111D', 'D112B', 'C124A', 'A151B', 'A155C', 'B157A', 'D160B', 'A163C', 'C208A', 'B256A']	16	-6.246173080056906	-12.809832937520696	-16.022743435081793	-3.212910497561097
ABAAABCBABABAACBDBABBDBBBBBAAACAABAAABDAABAABAAABCBAAAAACACBAABAADACCBAAAACACABBABABAAABABBAABDAABCABAABABAAAACDCBCAAABABCCCADAAAAAAAABDBDACBADBAABDABAAAAACBBACAAACCAAABAAABAAABAABABAABABBBAAACCCAAAABBAABBBBCACDCAACDBDCCCAAAAABADDBCACAAAAABAABAAAAAAABBDBDBACCBBBA	['C10B', 'D24B', 'A101B', 'B111C', 'D119B', 'D125A', 'A144B', 'D160C', 'A188B', 'A193C']	10	-6.256501678144559	-7.057997512136353	-10.281236607785104	-3.2232390956487507
ABAAABCBACABAACBABABBDBDBBBAAACAABAAABDAABAABAAABCBAAAAACACBAABAADACCBAAAACACABBABAAAAABABBAABDAABCAAAABABAAAABBCBCAAADABCCBADAAAAAAAABDBDACBADAAABDABAAAAACBBADAAACCAAABAAABAAABAABABAABABABAAAACCAAAABAABBBBBCACDCAACDBDCCCAAAAABADDBCADAAAAABAABAAAAAAABBDBDAACCBBBA	['D17A', 'B84A', 'D112B', 'C124B', 'D125A', 'B201A', 'A203B', 'C234D', 'B256A']	9	-6.261224207211853	-10.54752728153835	-13.775488906254395	-3.2279616247160448
ABAAABCBACBBAACBDBABBDBDBBBAAACAABAABBDAABAABAAABCBAAAAACACDAABAADACCBAAAACACABBABABAAABABBAABDAABCAAAABABAAAABDCBCAAAAABCCDADAAAAAAAABDBDACBADAAABDABAAAAACBBADAAACCAAABAAABAAABAABABAABABABAAAACCAAAABAABBBBBCACDCAACDBDCCCAAAAABADDBCACAAAAABAABAAAAAAABBDBDBACCBBBA	['A11B', 'A37B', 'B60D', 'D119A', 'C124D', 'D125A', 'B201A', 'A203B']	8	-6.266509545268491	-10.13281458147685	-13.366061544249533	-3.2332469627726823
ABAAABCBACABAACBABABBDBDBBBAAACAABAAABDAABAABAAABCBAAAAACACBAABAADACCBAAAACACABBABABAAABABBAABDAABCAAAABABAAAACDCBCAAADABCCADDAAAAAAAABDBDACBADAAABDABAAAAACBBADAAACCAAABAAABAAABAABABAABABABAAAACCAAAABBAABBBBCACDCAACDBDCCCAAAAABADDBCACAAAAABAABAAAAAAABBDBDAACCBBBA	['D17A', 'B111C', 'C124A', 'B256A']	4	-6.268521006917581	-10.552285810903413	-13.787544235325186	-3.2352584244217724
ABAAABCBACBBAACBDBABBDBDBBBAAAAAABAAABDAABAABAAABCBAAAAACACBAABAADACCBAAAACACABBABABAAABABBAABDAABCAAAABABAAAABDCBCAAADABCCCDDAAAAAAAACDBDACBADAAABDABBAAACCBBADAAACCAAABAAABAAABAABBBAABABABAAAACDAAAABAAABBBBCACDCAACDBDCCCAAAAABADDBDACAAAAABAABAAAAAAABBDBDBACCBBBA	['A11B', 'C31A', 'B135C', 'A151B', 'A155C', 'A181B', 'C195D', 'B201A', 'C232D']	9	-6.269100753823295	-8.573336209141416	-11.809174380468903	-3.2358381713274866
AAAAABDBACABAACBDBAABDBDBBBAAAAAABAAABDAABAABAAABCBAAAAACACBAABAADACCBAAAACACABBABABAAABABBAABDAABCABAABABAAAABCCBCAAADABCCAADAAAAAAAABDBDACBADAAABDABAAAACCBBADAAACCAAABAAABAAABAABBBAABABABAAAACCAAAABAAABBBBCACDCAACDBDACCCAAAABADDBCACAAAAABAABAAAAAAABBDBDBACCBBBA	['B2A', 'C7D', 'B20A', 'C31A', 'A101B', 'D112C', 'C124A', 'D125A', 'A155C', 'A181B', 'B201A', 'C219A', 'A222C']	13	-6.2694572892505676	-9.3770696837164	-12.613264390471159	-3.236194706754759
ABAAABCBABABAACBDBABBDBDBBBBAACAABAAABDAABAABAAABCBAAAAACACBAABAADACCBAAAACACABBABABAAABABBAABDAABCABAABABAAAABDCBCAAADABCCCDDAAAAAAAABCBDACBADAAABDABAAAACCBBADAAACCAAABAAABAAABAABABAABABABAAAACCAAAABBAABBBBCACDCAACDBDCCCAAAAABADDBCACAAAAABAABAAAAAAABBDBDBACCBBBA	['C10B', 'A28B', 'A101B', 'D136C', 'A155C']	5	-6.2771577935200185	-9.408336369291646	-12.652231580315856	-3.24389521102421
ABAAABCBACABAACBDBABBDBDBBBAAAAAABAAABDAABAABAAABCBAAAAACACBAABAADACCBAAAACACABBABABAAABABBAABDAABCAAAABABAAAABDCBCAAACABCCBDDAAAAAAAABDBDACBADAAABDABAAAAACBBADAAACCAAABAAABAAABAABABAABABABAAAACCAAAABBAABBBBCACDCAACDBDCCCAAAAABADDBCACAAAAABAABAAAAAAABBDBDBACCBBBA	['C31A', 'D119C', 'C124B']	3	-6.278447577007682	-8.196746760950191	-11.441931755462065	-3.245184994511874
ABAAABCBACABAACBABABBDBDBBBAAACAABAAABDAABAABAAABCBAAAAACACBAABAADACCBADAACACABBABABAAABABBAABDAABCAAAABABAAAABDCBCAAABABCCBDDAAAAAAAABDBDACBADAAABDABAAAACABBADAAACCAAABAAABAAABAABABAABABABAAAACCAAAABBAABBBBCACDCAACDBDCBCAAAAABADDBCACAAAAABAABAAAAAAABBDBDBACCBBBA	['D17A', 'A72D', 'D119B', 'C124B', 'A155C', 'C156A', 'C220B']	7	-6.279244469222249	-11.961460996855749	-15.207442883582189	-3.2459818867264403
ABAAABCBACABAACBABABBDBDBBBAAACAABAAABDAABAABAAABCBAAAAACACBAABAADACCBADAACACABBABABAAABABBAABDAABCAAAABABAAAABDCBCAAABABCCBDDAAAAAAAABDBDACBADAAABDABAAAACABBADAAACCAAABAAABAAABAABABAABABABAAAACCAAAABBAABBBBCACDCAACDBDCBCAAAAABADDBCACAAAAABAABAAAAAAABBDBDBACCBBBA	['D17A', 'A72D', 'D119B', 'C124B', 'A155C', 'C156A', 'C220B']	7	-6.279244469222249	-11.961460996855749	-15.207442883582189	-3.2459818867264403
ABAAABDBACABAACBABABBDBDBBBAAACAABAAABDAABAABAAABCBAAAAACACBAABAADACCBAAAACACABBABABAAABABBAABDAABCABAABABAAAABDCBCAAADABCCBADAAAAAAAABDBDACBADAAABDABAAAAAABBADAAACCAAABAAABAAABAABABAABABABAAACCCAAAABBAABBBBCACDCAACDBBCCCAAAAABADDBCADAAAAABAABAAAAAAABBDBDAACCBBBA	['C7D', 'D17A', 'A101B', 'C124B', 'D125A', 'C156A', 'A193C', 'D218B', 'C234D', 'B256A']	10	-6.289007044606478	-11.082987947127549	-14.338732409238219	-3.2557444621106697
ABAAABCBACABAACBDBABBDBDBBBAAACAABAAABDAABAABAAABCBAAAAACACBAABAADACCBAAAACACABBABABAAABABBAABDAABCABAABABAAAABDCBCAAADABCCADDAAAAAAAABDBDACBADAAABDABAAAAAABBADAAACCAAABAAABAAABAABABAABABABAAAACCAAAABAAABBBBCACDCAACDADCCCAAAAABADDBCACAAAAABAABAAAAAAABBDBDBACCBBBA	['A101B', 'C124A', 'C156A', 'B201A', 'B217A']	5	-6.29054214595817	-9.151881433528615	-12.409160996990977	-3.2572795634623617
ABAAABCBACABAACBDBABBDBDBBBAAACAABAAABDAABAABAAABCBAAAAACACBAABAADACCBAAAACACABBABABAAABABBAABDAABCABAABABAAAABDCBCAAADABCCADDAAAAAAAABDBDACBADAAABDABAAAAAABBADAAACCAAABAAABAAABAABABAABABABAAAACCAAAABAAABBBBCACDCAACDADCCCAAAAABADDBCACAAAAABAABAAAAAAABBDBDBACCBBBA	['A101B', 'C124A', 'C156A', 'B201A', 'B217A']	5	-6.29054214595817	-9.151881433528615	-12.409160996990977	-3.2572795634623617
ABAAABCBACABAACBDBABBDBDBBBAAACAABAAABDAABAABAAABCBAAAAACACBAABAADACCBAAAACACABBABABAAABABBAABDAABCABAABABAAAABDCBCAAADABCCADDAAAAAAAABDBDACBADAAABDABAAAAAABBADAAACCAAABAAABAAABAABABAABABABAAAACCAAAABAAABBBBCACDCAACDADCCCAAAAABADDBCACAAAAABAABAAAAAAABBDBDBACCBBBA	['A101B', 'C124A', 'C156A', 'B201A', 'B217A']	5	-6.29054214595817	-9.151881433528615	-12.409160996990977	-3.2572795634623617
ABAAABCBACABAACBDBABBDBDBBBAAACAABAAABDAABAABAAABABAAAAACACBAABAADACCBAAACCACABBABABAAABABBAABDAABCABAABABAAAABDCBCAAADABCCBDDAAAAAAAACDBDACBADAAABDABBAAACCABAAAAACCAAABAAABAAABAABBBAABABABAAAACCAAAABAAABBABCACDCAACDBCCBCAAAAAAADDBCACAAAAABAABAAAAAAABBBBDBACCBBBA	['C50A', 'A74C', 'A101B', 'C124B', 'B135C', 'A151B', 'A155C', 'B157A', 'D160A', 'A181B', 'B201A', 'B206A', 'D218C', 'C220B', 'B227A', 'D253B']	16	-6.293148082890184	-8.148394418385578	-11.408279918779954	-3.2598855003943754
ABAAABCBACABAACBABABBDBDBBBAAACAABAAABDAABAABAAABCBAAAAACACBAABAADACCBAAAACACABBABABAAABABBAABDAABCAAAABABAAAABDCBCAAADABCCAAAAAAAAAAACDBDACBADAAABDABAAAACABBADAAACCAAABAAABAAABAABABAABABBBAAAACCAAAABAAABBABCACDCAACDBDCCCAAAAABADDBCACAAAAABAABAAAAAAABBDBDAACCBBBA	['D17A', 'C124A', 'D125A', 'D126A', 'B135C', 'A155C', 'C156A', 'A188B', 'B201A', 'B206A', 'B256A']	11	-6.2944620188791305	-7.277725649502827	-10.538925085886149	-3.261199436383322
ABAAABCBACABAACBDBABBDBDBBBAAACAABAAABAAABAABAAABCBAAAAACACBAABAADACCBAAAACACABBABABAAABABBCABDAABCABAABABAAAABDCBCAAADABCCDDDAAAAAAAACDBDACBADAAABDABAAAACCBBADAAACCAAABAAABAAABAABBBAABABABAAAACCAAAABAAABBBBCACDCAACDBDCCCAAAAABADDBCACAAAAABAABAAAAAAABBDBDBACCBBBA	['D39A', 'A92C', 'A101B', 'C124D', 'B135C', 'A155C', 'A181B', 'B201A']	8	-6.29476457205601	-10.839391836867435	-14.100893826427637	-3.2615019895602018
ABAAABCBACABAACBDBABBDBDBBBAAAAAABAAABDAABAABAAABCBAAAAACACBAABAADACCBAAAACACABBABABAAABABBAABDAABCAAAABABAAAABDCBCAAADABCCDADAAAAAAAABDBCACBADAAABDABAAAAACBBADAAACCABABAAABAAABAABABAABABABAAAACCAAAABAAABBBBCACDCAACDBDCCCAAAAABADDBCACAAAAABAABAAAAAAABBDBDBACCBBBA	['C31A', 'C124D', 'D125A', 'D138C', 'A167B', 'B201A']	6	-6.2977254337165505	-6.446466453344328	-9.71092930456507	-3.264462851220742
ABAAABCBACBBAACBDBABBDBCABBAAACAABAAABDAABAABAAABCBAAAAACACBAABAADABCBAABACACABBABABAAABABBAABDAABCAAAABABAAAABDCBCAAADABCCADDAAAAAAAABDBDACBADAAABDABAAAAACBBADAAACCABABAAABAAABAABABAABABABAAAACCAAAABBAABBBBCACDCAACDBDCBCAAAAABADDBCACAAAAABAABAAAAAAABBDBDBACCBBBA	['A11B', 'D24C', 'B25A', 'C68B', 'A73B', 'C124A', 'A167B', 'C220B']	8	-6.308183567831293	-8.157242582848994	-11.432163568184478	-3.274920985335484
ABAAABCBACBBAACBDBABBDBCABBAAACAABAAABDAABAABAAABCBAAAAACACBAABAADABCBAABACACABBABABAAABABBAABDAABCAAAABABAAAABDCBCAAADABCCADDAAAAAAAABDBDACBADAAABDABAAAAACBBADAAACCABABAAABAAABAABABAABABABAAAACCAAAABBAABBBBCACDCAACDBDCBCAAAAABADDBCACAAAAABAABAAAAAAABBDBDBACCBBBA	['A11B', 'D24C', 'B25A', 'C68B', 'A73B', 'C124A', 'A167B', 'C220B']	8	-6.308183567831293	-8.157242582848994	-11.432163568184478	-3.274920985335484
ABAAABCBACBBAACBDBABBDBCABBAAACAABAAABDAABAABAAABCBAAAAACACBAABAADABCBAABACACABBABABAAABABBAABDAABCAAAABABAAAABDCBCAAADABCCADDAAAAAAAABDBDACBADAAABDABAAAAACBBADAAACCABABAAABAAABAABABAABABABAAAACCAAAABBAABBBBCACDCAACDBDCBCAAAAABADDBCACAAAAABAABAAAAAAABBDBDBACCBBBA	['A11B', 'D24C', 'B25A', 'C68B', 'A73B', 'C124A', 'A167B', 'C220B']	8	-6.308183567831293	-8.157242582848994	-11.432163568184478	-3.274920985335484
ABAAABCBACBBAACBDBABBDBDBBBAAACAABAAABDAABAABAAABABAAAAACACBAABAADACCBAAAACACABBABABAAABABBAABDAABCAAAABABAAAACDCBCAAACABCCADDAAAAAAAABDBDACBADAAABDABAAAAACBBADAAACCAAABAAABAAABAABABAABABABAAAACCAAAABBAABBABCACDCAACDBDCCCAAAAABADDBCACAAAAABAABAAAAAAABBDBDBACCBBBA	['A11B', 'C50A', 'B111C', 'D119C', 'C124A', 'B206A']	6	-6.309273960767314	-7.668950178165687	-10.944961556437192	-3.2760113782715052
ABAAABCBACBBAACBDBABBDBDBBBAAACAABAAABDAABAABAAABABAAAAACACBAABAADACCBAAAACACABBABABAAABABBAABDAABCAAAABABAAAACDCBCAAACABCCADDAAAAAAAABDBDACBADAAABDABAAAAACBBADAAACCAAABAAABAAABAABABAABABABAAAACCAAAABBAABBABCACDCAACDBDCCCAAAAABADDBCACAAAAABAABAAAAAAABBDBDBACCBBBA	['A11B', 'C50A', 'B111C', 'D119C', 'C124A', 'B206A']	6	-6.309273960767314	-7.668950178165687	-10.944961556437192	-3.2760113782715052
ABAAABCBACABAACBDBABBDBDBBBAAACAABAAABDAABAABAAABCBAAAAACACBAABAADACCBAAAACACABBABABAAABABBAABDAABCABAABABAAAABDCBCAAADABCCCDDAAAAAAAACDBDADBADAAABBABAAAAACBBADAABCCAAABAAABAAABAABABAABABABAAAACCAAAABBAABABBCACDCAACDBDCCCAAAAABADDBCACAAAAABAABAAAAAAABBDBDAACCBBBA	['A101B', 'B135C', 'C140D', 'D148B', 'A163B', 'B205A', 'B256A']	7	-6.310427413089201	-8.24368002495612	-11.520844855549512	-3.2771648305933923
ABAAACCBACABAACBABABBDBDBBBAAACAABBAABBAABAABAAABCBAAACACACBAABAADACCBAAAACACABBABABAAABABBAABDAABCABAABABAAAABDCBCAAADABCCADDAAAAAAAABDBDACBADAAABDABAAAAACBBADAAACCAAABAAABAAABAABBBAABABABAAAACCAAAABAAABBBBCACDCAACDBDCBCAAAAABADDBCACAAAAABAABAAAAAAABBDBDBACCBBBA	['B6C', 'D17A', 'A35B', 'D39B', 'A55C', 'A101B', 'C124A', 'A181B', 'B201A', 'C220B']	10	-6.318714712513611	-10.525186423416017	-13.810638553433819	-3.285452130017802
ABAAABCBABABAACBDBABBDBDBBBAAAAAABAAABDAABAABAAABCBAAAAACACBAABAADACCBAAAACACABBABABAAABABBAABDAABCABAABAAAAAABDCBCAAADABCCCDDAAAAAAAABDBDACBADAAABDABBAAAACBBADAAACCAAABAAABAAABAABABAABABABAAAACCAAAABBAABBBBCACDCAACDBDCCCAAAAABADDBCACAAAAABAABAAAAAAABBDBDBACCBBBA	['C10B', 'C31A', 'A101B', 'B106A', 'A151B']	5	-6.3188567634206265	-7.677551138651324	-10.963145319576142	-3.285594180924818
ABAAABDBACABAACBABABBDBDBBBAAAAAABAAABAAABAABAAABCBAAAAACACBAABAADACCBAAAACACABBABABAAABABBAABDAABCABAABABAAAABDCBCAAADABCCCDDAAAAAAAABDBDACBADAAABDABAAAAACBBADAACCCAAABAAAAAAABAABABAABABABAAAACCAAAABAAABBBBCACDCAACDBDCCCAAAAABADDBAACAAAAABAABAAAAAAABBDBDBACCBBBA	['C7D', 'D17A', 'C31A', 'D39A', 'A101B', 'A163C', 'B173A', 'B201A', 'C232A']	9	-6.3204816959332675	-7.344633183878614	-10.631852297316073	-3.287219113437459
ABAAABCBACABAACBDBABBDBDBBBAADCAABAAABAAABAABAAABABAAAAACACDAABAADACCBADAACACABBABABAAABABBAABDAABCABAABABAAAABDCBCAAABABCCADDAAAAAAAABDBDACBADAAABDABAAAAACABABAAACCAAABAAABAAABAABABAABABABAAAACCAAAABAAABBBBCACDCAACDBDCDCAAAAABADDBCACAAAAABAABAAAAAAABBAADBACCBBBA	['A30D', 'D39A', 'C50A', 'B60D', 'A72D', 'A101B', 'D119B', 'C124A', 'B157A', 'D160B', 'B201A', 'C220D', 'D253A', 'B254A']	14	-6.321648320415989	-10.098185377632035	-13.386571115552215	-3.28838573792018
ABAAABCBACABAACBABABBDBDBBBAAACAABAAABDAABAABAAABCBAAAAACACBAABAADACCBADAACACABBABABAAABABBAABDAABCAAAABABAAAABDCBCAAADABCCADDAAAAAAAABDBDACBADAAABDABAAAAACBBADAAACCAAABAAABAAABAABABAABABBBAAAACCAAAABAAABBBBCACDCAACDBDCCCAAAAABADDBCACAAAAABAABAAAAAAABBDBDAACCBBBA	['D17A', 'A72D', 'C124A', 'A188B', 'B201A', 'B256A']	6	-6.33220631419681	-7.866875298292143	-11.165819029993145	-3.2989437317010015
ABAAABCBACABAACBDBABBDBDBBBAAACAABAAABDAABAABAAABCBAAAAACACBAABAADACCBAAAACACABBABABAAABABBAABDAABCABAABABAAAABDCBCAAADABCCADDAAAAAAAABDBDACBADAAABDABAAAAAABBADAAAACAAABAAABAAABAABABAABABABAAAACCAAAABAAABBBBCACDCAACDADCCCAAAAABADDBCACAAAAABAABAAAAAAABBDBDBACCBBBA	['A101B', 'C124A', 'C156A', 'C164A', 'B201A', 'B217A']	6	-6.337704847799614	-9.189150822319789	-12.493593087623594	-3.3044422653038055
ABAAABCBACBBBACBDBABCDBDBBBAAACAABAAABDAABAABAAABCBAAAAACACBAABAADACCBAAAACACABBABABAAABABBAABDAABCABAABABAAAABDCBCAAAAABBCBDDAAAAAAAABCBDACBADAAABDABAAAAACBBADAAACCAAABAAABAAABAABABAABABABAAAACCAAAABBAABBBBCACDCAACDBDCCCAAAAABADDBCACAAAAABAABAAAAAAABBDBDAACCBBBA	['A11B', 'A13B', 'B21C', 'A101B', 'D119A', 'C122B', 'C124B', 'D136C', 'B256A']	9	-6.339199845888288	-11.517446400568588	-14.823383663961067	-3.3059372633924795
ABAAABCBACABAACBDBABBDBDBBBAAACAABAAABDAABAABAAABCBAAAAACACBAABAADACCBAAAACACABBABABAAABABBAABDAABCAAAABABAAAABACBCAAADABCCAADAAAAAAAABABAADBADAAABCABAAAAAABBADAAACCAAABAAABAAABAABABAABABABAAADCCAAAABBAABBABAACDBAACDBCCCCAAAAABADDBCADAAAAABAABAAAAAAABBDBDBACCBBBA	['D112A', 'C124A', 'D125A', 'D136A', 'D138A', 'C140D', 'D148C', 'C156A', 'A193D', 'B206A', 'C208A', 'C212B', 'D218C', 'C234D']	14	-9.217973562888801	-6.342055820830865	-12.526766801223857	-3.3087932383350562
ABAAABCBACABAACBDBABBDBDBBBAAACAABAAABDAABAABAAABCBAAAAACACBAABAADACCBAAAACACABBABABAAABABBAABDAABCAAAABABAAAABDCBCAAADABCCCDDAAAAAAAABDBDACBADAAABDABAAAAACBBADAAACCAAABAAABAAABAABABAABABABAAAACCAAAABAAABBBBCACDCAACDBDCCCAAAAABADDBCACAAAAABAABAAAAAAABBDBDBACCBBBA	['B201A']	1	-6.348002767888829	-7.498877514124615	-10.813617699517636	-3.3147401853930205
ABAAABCBACABAACBDBABBDBDBBBBAACAABAAABAAABAABAAABCBAAAAACACBAABAADACCBAAAACACABBABABAAABABBAABDAABCAAAABABAAAABDDBCAAADABCCCADAAAAAAAABDBDACBADAAABDABAAAAACBCADAAACCAAABAAABAAABAABABAABABABAAAACCAAAABAAABBBBCACDCAACDBDCCCAAAAABADDBCACAAAAABAABAAAAAAABBDBDBACCBBBA	['A28B', 'D39A', 'C113D', 'D125A', 'B158C', 'B201A']	6	-6.352440894348547	-8.807278543681605	-12.126456855534343	-3.3191783118527383
ABAAABCBACABAACBDBABBDBDBBBAAACAABAAABDAABAABAAABCBAAAAACACBAABAADACCBADAACACABBABABAAABABBAABDAABCAAAABABAAAABBCBCAAACABCCDADAAAAAAAABDBDACBADAAABDABAAAAACBBADAAACCAAABAAABAAABAABABAABABBBAAAACCAAAACAABBBBBCACDCAACDBDCBDAAAAABADDBCACAAAAABAABAAAAAAABBDBDBACCBBBA	['A72D', 'D112B', 'D119C', 'C124D', 'D125A', 'A188B', 'B200C', 'B201A', 'A203B', 'C220B', 'C221D']	11	-6.352723032934591	-9.077925955614774	-12.397386406053556	-3.3194604504387826
ABAAABCBABABAACBDBABBDBDBBBAAACAABAAABDAABAABAAABCBAAAAACACBAABAADACCBAAAACACABBABABAAABABBAABDAABCAAAABABAAAABDCBCAAADABCCCBDAAAAAAAABDBDACBADAAABDABAAAAACBBADAAACAAAABAAABAAABAABABAABABABAAAACCAAAABBAABBBBCACDCAACDBDCCCAAAAABADDBCACAAAAABAABAAAAAAABBDBDAACCBBBA	['C10B', 'D125B', 'C165A', 'B256A']	4	-6.353250920539722	-9.119589675188763	-12.439578013232676	-3.3199883380439132
ABAAABCBACABAACBDBABBDBDBBBAAACAABAAABDAABAABAAABCBAAAAACACBAABAADACCBAAAACACABBABABAAABABBAABDAABCAAAABABAAAABDCBCAAADABCCCDDAAAAAAAABDBDACBADAAABDABAAAAAABBADAAACCAAABAAABAAABAABABAABABABAAAACCAAAABBAABBBBCACDCAACDBDCCCAAAAABADDBCAAAAAAABAABAAAAAAABBDBDBACCBBBA	['C156A', 'C234A']	2	-6.353298137662932	-8.850792894110782	-12.170828449277906	-3.3200355551671237
ABAAACCBACABAACBABABBDBDBBBAAACAABAAABDAABAABAAABABAAAAACACBAABAADACCBADABCACABBABABAAABABBAABDABBCAAAABABAAAABDCBCAAABABCCCDDAAAAAAAABDBDACBADAAABDABBAAACABBADAAACCAAABAAABAAABAABABAABABABAAAACCAAAABBAABBBBBACDBAACDBDCCCAAAAABADDBCACAAAAABAABAAAAAAABBDBDBACCBBBA	['B6C', 'D17A', 'C50A', 'A72D', 'A74B', 'A97B', 'D119B', 'A151B', 'A155C', 'C156A', 'C208B', 'C212B']	12	-6.357373546343297	-11.16105906755547	-14.485170031402959	-3.324110963847488
ABAAABCBACABAACBDBABBDBDBBBAAACAABAAABDAABAABAAABCBAAAAACACBAABAADACCBAAAACACABBABABAAABABBAABDAABCAAAABABAAAABDCBCAAADABCCCDDAAAAAAAABDBDACBADAAABDABAAAAACBBADAAACCAAABAAABAAABAABABAABABABAAAACCAAAABBAABBBBCACDCAACDBDCCCAAAAABADDBCACAAAAABAABAAAAAAABBDBDBACCBBBA	[]	0	-6.367994530824944	-8.044628057599766	-11.379360005928902	-3.3347319483291358
ABAAABCBACABAACBABABBDBDBBBAAACAABAAABDAABAABAAABCBAAAAACACBAABAADACCBADAACACABBABABAAABABBAABDAABCAAAABABAAAABDCBCAAADABCCADDAAAAAAAABDBDACBADAAABDABAAACACBBADAAACAAAABAAABAAABAABABAABABABAAAACCAAAABAAABBBBCACDCAACDBDCCCAAAAAAADDBCAAAAAAABAABAAAAAAABBDBDAACCBBBA	['D17A', 'A72D', 'C124A', 'A154C', 'C165A', 'B201A', 'B227A', 'C234A', 'B256A']	9	-6.371244258945808	-11.227409875922604	-14.565391552372603	-3.337981676449999
ABAAABCBACABAACBDBABBDBDBBBAAACAABAAABDAABAABAAABCBAAAAACACBAABAADACCBAAAACACABBABABAAABABBAABDAABCABAABABAAAABDCBCAAADABCCCDDBAAAAAAABDBDACBADAAABDABAAAACCBBADAAACCAAABAAABAAABAABABAABABABAAACCCAAAABBAABBABCACDCAACDBDCCCAAAAABADDBCACAAAAABAABAAAAAAABBDBDBACCBBBA	['A101B', 'A127B', 'A155C', 'A193C', 'B206A']	5	-6.376072168117389	-8.023248197947396	-11.366057783568976	-3.3428095856215805
ABAAABCBACBBAACBDBABBDBDBBBAAAAAABAAABDAABAABAAABCBAAAAACACBAABAADACCBAAAACACABBABABAAABABBAABDAABCABAABAAAAAAADCBCAAADABBCCDDAAAAAAAABDBDADBADAAABBAAAAAAACBBADAAACCAAABAAABAAABAABABAABABABAAAACCAAAABAAABBBBCACDCAACDBDCCCAAAAABADDBCACAAAAABAABAAAAAAABBDBDBACCBBBA	['A11B', 'C31A', 'A101B', 'B106A', 'B111A', 'C122B', 'C140D', 'D148B', 'B150A', 'B201A']	10	-7.57965731411241	-6.3787126391835045	-10.925107370800106	-3.345450056687696
ABAAABCBACABAACBABABBDBDBBBAAACAABAAABDAABAABAAABCBAAAAACACBAABAADACCBADAACACABBABABAAABABBAABDAABCAAAABABAAAABDCBCAAADABCCCDDAAAAAAAABDBDACBADAAABDABAAAAACBBADAAACCAAABAAABAAABAABABAABABABAAAACCAAAABAAABBBBAACDCAACDBDCCCAAAAABADDBCACAAAAABAABAAAAAAABBDBDBACCBBBA	['D17A', 'A72D', 'B201A', 'C208A']	4	-6.3823072905652225	-9.095291616366012	-12.444336324435426	-3.349044708069414
ABAAACCBACABAACBDBABBDBDBBBAADCAABAAABDAABAACAAABCBAAAAACACDAABAADACCBAAAACACABBABABAAABABBAABDAABCABAABABAAAABDCBCAAADABCCCDDAAAAAAAACDBCACBADAAABDABAAAACCBBADAAACCAAABAAABAAABAABBBAABABABAAAACCAAAABBABBBBBCACDCAACDBDCCCAAAAABADDBCACAAAAABAABAAAAAAABBDDBBACCBBBA	['B6C', 'A30D', 'B45C', 'B60D', 'A101B', 'B135C', 'D138C', 'A155C', 'A181B', 'A203B', 'B254D', 'D255B']	12	-6.385305525967851	-9.376842771162046	-12.728885714634089	-3.3520429434720427
ABAAABCBACABAACBABABBDBDBBBAAAAAABAAABDAABAABAAABCBAAAAACACBAABAADACCBAAAACACABBABABAAABABBAABDAABCABABBABAAAABDCBCAAADABCCBADAAAAAAAABDBDACBADAAABDABAAAAACBBADAAACCAAABAAABAAABAABABAABABABAAAACCAABABAAABBABCACDCAACDBDCCCAAAAABADDBAACAAAAABAABAAAAAAABBDBDBACCBBBA	['D17A', 'C31A', 'A101B', 'A103B', 'C124B', 'D125A', 'A198B', 'B201A', 'B206A', 'C232A']	10	-6.3871887356272055	-6.670061889541103	-10.0239880426725	-3.353926153131397
ABAAABCBACABAACBABABBDCDBBBBAACAABAAABDAABAACAAABCBAAAAACACBAABAADACCBADAACACABBABABAAABABBAABDAABCAAAABABAAAABDCBCAAADABCCDDDAAAAAAAABDBCACBADAAABDABAAAACCBBADAAACCAAABAAABAAABAABABAABABABAAAACCAAAABBAABBBBCACDCAACDBDACCCAAAABADDBDACAAAAABAABAAAAAAABBDBDAACCBBBA	['D17A', 'B23C', 'A28B', 'B45C', 'A72D', 'C124D', 'D138C', 'A155C', 'C219A', 'A222C', 'C232D', 'B256A']	12	-6.388104406418279	-11.988677928151446	-15.343519752073917	-3.35484182392247
ABAAABCBACABAACBABABBDBDBBBAAAAAABAAABDAABAABAAABCBAAAAACACBAABAADACCBAAAACACABBABABAAABABBBABDAABCAAAABABAAAABDCBCAAAAABBCCADAAAAAAAABDBDACBADAAABDABAAAACCBBADAAACCAAABAAABAAABAABABAABABABAAAACCAAAABAAABBBBCACCCAABDBDCBDCAAAABADDBCACAAAAABAABAAAAAAABBDBDAACCBBBA	['D17A', 'C31A', 'A92B', 'D119A', 'C122B', 'D125A', 'A155C', 'B201A', 'D211C', 'C215B', 'C220B', 'C221D', 'A222C', 'B256A']	14	-6.39415869419463	-9.558467986498727	-12.919364098197548	-3.360896111698821
ABAAABCBACABAACBDBABBDBDBBBAAAAAABAAABDAABAABAAABABAAAAACACBAABAADACCBAAAACACABBABABAAABABBAABDAABCAAAABABAAAABDCBCAAADABCCCDDAAAAAAAABDBDACBADAAABDABBAAACCBBADAAACCAAABAAABAAABAABABAABABABAAAACCAAAABBAABBBBCACDCAACDBDCCCAAAAABADDBDACAAAAABAABAAAAAAABBDBDBACCBBBA	['C31A', 'C50A', 'A151B', 'A155C', 'C232D']	5	-6.900543498573825	-6.4013075516268145	-10.26858846770483	-3.368044969131006
ABAAABCBACABAACBABABBDBDBBBAAACAABAAABDAABAABAAABCBAAAAACACBAABAADACCBAAAACACABBABABAAABABBAABDAABCAAAABABAAAABDCBCAAADABCCCDDAAAAAAAABDBDACBADAAABDABAAAAAABBADAAACCAAABAAABAAABAABABAABABABAAAACCAAAABBAABBBBCACDCAACDBDCCCAAAAABADDBCACAAAAABAABAAAAAAABBDBDAACCBBBA	['D17A', 'C156A', 'B256A']	3	-6.401580657577142	-9.424697279901011	-12.793015354982344	-3.3683180750813335
ABAAABCBACABAACBDBABBDBDBBBAAACAABAAABDAABAABAAABCBAAAAACACBAABAADACCBAAACCACABBABABAAABABBAABDAABCAAAABABAAAABDCBCAAADABCCCDDAAAAAAAABDBDACBADAAABDABAAAACCBBADAACCCAAABAAABAAABAABABAABABABAAAACCAAAABBAABBBBCACDCAACABDCCAAAAAABADDBCAAAAAAABAABAAAAAAABBDBDBACCBBBA	['A74C', 'A155C', 'A163C', 'D216A', 'C221A', 'C234A']	6	-6.40222259121947	-9.906839262199355	-13.275799270923017	-3.3689600087236613
ABAAABCBACBBAACBDBABBDBDBBBBAAABABAAABDAABAABAAABCBAAAAACACBAABAADACCBADAACACABBABABAAABABBAABDAABCAAAABABAAAABDCBCAAACABCCCDDAAAAAAAACDBDACBADAAABDABAAAAACBBADAAACCAAABAAABAAABAABBBAABABABAAAACCAAAABAAABBBBCACDCAACDBDCCCAAAAABADDBCACAAAAABAABAAAAAAABBDBDBACCBBBA	['A11B', 'A28B', 'C31A', 'A32B', 'A72D', 'D119C', 'B135C', 'A181B', 'B201A']	9	-6.4036239518318325	-8.89891688755597	-12.269278256891994	-3.370361369336024
ABAAABCBACABABCBDBABBCBDBBBAAACBABAABBAAABAABAAABCBAAAAACACBAABAADACCBAAAACACABBABABAAABABBAABDAABCABAABABAAAABDCBCAAADABCCCDDAAAAAAAABDBDACBADAAABDABAAAAACBBADAADCCAAABAAABAAABAABABAABABABAAAACCAAAABAAABBBBCACDCAACDBDCCCAAAAABADDBCACAAAAABAABAAAAAAABBABDBACCBBBA	['A14B', 'D22C', 'A32B', 'A37B', 'D39A', 'A101B', 'A163D', 'B201A', 'D253A']	9	-6.414141011890024	-8.018546013132436	-11.399424442526652	-3.3808784293942153
ABAAABCBABABAACBDBABBDBDBBBAAAAAABAAABDAABAABAAABCBAAAAACACBAABAADACCBAAAACACABBABABAAABABBAABDAABCABAABABAAAABDCBCAAADABCCCDDAAAAAAAABDBDACBADAAABDABBAACACBBADAAACAAAABAAABAAABAABABAABABABAAAACCAAAABAAABBBBCACDCAACDBDCCCAAAAABADDBCACAAAAABAABAAAAAAABBDBDBACCBBBA	['C10B', 'C31A', 'A101B', 'A151B', 'A154C', 'C165A', 'B201A']	7	-6.416234022704884	-7.498565207672073	-10.881536647881148	-3.382971440209076
ABAAABCBACABAACBDBABBDBDBBBAAAAAABAAABDAABAABAAABCBAAAAACACBAABAADACCBAAAACACABBABABAAABABBAABDAABCAAAABABAAAACDCBCAAAAABBCCADAAAAAAAABDBDADBADAAABBABAAAAACBBADAAACCAAABAAABAAABAABABAABABABAAAACCAAAABBAABBBBCACDCAACDBDCCCAAAAABADDACACAAAAABAABAAAAAAABBDBDBACCBBBA	['C31A', 'B111C', 'D119A', 'C122B', 'D125A', 'C140D', 'D148B', 'B231A']	8	-10.334020632086322	-6.41690832466702	-13.717666374257533	-3.383645742171211
ABAAABCBACBBAACBDBABBDBDBBBBAAABABAABBDAABAABAAABCBAAAAACACBAABAADACCBAAAACACABBABABAAABABBAABDAABCAAAABABAAAABDCBCAAADABCCCDDAAAAAAAABDBDACBADAAABDABAAAACCBBADAAACCAAABAAABAAABAABABAABABABAAAACCAAAABAAABBBBCACCCAACDBDCCCAAAAABADDBCACAAAAABAABAAAAAAABBDBDBACCBBBA	['A11B', 'A28B', 'C31A', 'A32B', 'A37B', 'A155C', 'B201A', 'D211C']	8	-6.418849526671693	-7.129556932923151	-10.515143877099035	-3.385586944175884
ABAAABCBACBBAACBDBABBDBDABBAAACAABAAABDAABAABAAABCBAAAAACACBAABAADACCBAAAACACABBABABAAABABBAABDAABCAAAABABAAAACDCBCAAADABCCCDDAAAAAAAABDBDACBADAAABDABAAAAACBBADAAACCAAABAAABAAABAABABAABABABAAAACCAAAABBAABBBBCACDCAACDBDCCCAAAAABADDBCACAAAAABAABAAAAAAABBDBDBACCBBBA	['A11B', 'B25A', 'B111C']	3	-6.419466885505244	-7.585333221097244	-10.97153752410668	-3.3862043030094355
ABAAABCBACBBAACBDBABBDBDABBAAACAABAAABDAABAABAAABCBAAAAACACBAABAADACCBAAAACACABBABABAAABABBAABDAABCAAAABABAAAACDCBCAAADABCCCDDAAAAAAAABDBDACBADAAABDABAAAAACBBADAAACCAAABAAABAAABAABABAABABABAAAACCAAAABBAABBBBCACDCAACDBDCCCAAAAABADDBCACAAAAABAABAAAAAAABBDBDBACCBBBA	['A11B', 'B25A', 'B111C']	3	-6.419466885505244	-7.585333221097244	-10.97153752410668	-3.3862043030094355
ABAAABCBACBBAACBDBABBDBDBBBAAACAABAAABDAABAABAAABCBAAAAACACBAABAADACCBAAAACACABBABABAAABABBAABDAABCABAABABAAAACDCBCAAADABBCCDDAAAAAAAABDBDACBADAAABDABAAAAACBBADAAACCAAABAAABAAABAABABAABABABAAAACCAAAABAAABBABCACDCAACDBDCCCAAAAABADDBCACAAAAABAABAAAAAAABBDBDBACCBBBA	['A11B', 'A101B', 'B111C', 'C122B', 'B201A', 'B206A']	6	-6.425425356021151	-7.664596527785761	-11.056759301311104	-3.3921627735253423
ABAAABCBACABAACBDBABBDBDBBBAAACAABAAABAAABAABAAABCBAAAAACACBAABAADACCBAAAACACABBABABAAABABBAABDAABBAAAABABAAAABDCBCAAADABCCCDDAAAAAAAABDBDACBADAAABDABAAAAACBBADAAACCAAABAAABAAABAABABAABABABAAAACCAAAABAAABBBBCACDCAACDBDCCCAAAAABADDBCACAAAAABAABAAAAAAABBDBDBACCBBBA	['D39A', 'C99B', 'B201A']	3	-6.425920775858685	-8.122051779151661	-11.514709972514538	-3.3926581933628768
ABAAABCBACBBAACBDBABBDBDBBBAAACAABAAABDAABAABAAABCBAAAAACACBAABAADADCBAABACACABBABABAAABABBAABDAABCAAAABABAAAABDCBCAAADABCCCADAAAAAAAACDBDACBADAAABDABAAAAACBBADAAACCAAABAAABAAABAABABAABABABAAAACCAAAABAAABBBBCACDCAACDBDCCCAAAAABADDBCACAAAAABAABAAAAAAABBDBDBACCBBBA	['A11B', 'C68D', 'A73B', 'D125A', 'B135C', 'B201A']	6	-6.428772480925545	-7.818862658496073	-11.21437255692581	-3.3955098984297365
ABAAABCBACABAACBABABBDBDBBBAAACAABAAABDAABAABAAABCBAAAAACACBAABAADACCBAAAACACABBABABAAABABBAABDBABCABAABABAAAABDCBCAAADABCCADDAAAAAAAABDBDACBADAAABDABAAAAACBBADAAACAAAABAAABAAABAABABAABABABAAABCCAAAABAAABBBBCACDCAACDBDCCCAAAAABADDBCACAAAAABAABAAAAAAABBDBABACCBBBA	['D17A', 'A96B', 'A101B', 'C124A', 'C165A', 'A193B', 'B201A', 'D255A']	8	-6.430913385702297	-9.99778002264793	-13.395430825854419	-3.3976508032064885
ABAAABCBACBBAACBDBABBDBDBBBAAAAAABAAABDAABAABAAABCBAAAAACACBAABAADACCBAAAACACABBABABAAABABBAABDAABCABAABABAAAACDDBCAAADABBCDDDAAAAAAAABDBDACBADAAABDABAAAAACBBADAAACCAAABAAABAAABAABABAABABABAAAACCAAAABBAABBBBCACDCAACDBCCCCAAAAABADDBCACAAAAABAABAAAAAAABBDBDBACCBBBA	['A11B', 'C31A', 'A101B', 'B111C', 'C113D', 'C122B', 'C124D', 'D218C']	8	-6.4318246592301875	-8.706093739689095	-12.104655816423474	-3.398562076734379
ABAAABDBACABAACBDBABBDBDBBBAAACAABAAABDAABAABAAABCBAAAAACACBAABAADACCBAAAACACABBABABAAABABBAABDAABCAAAABABAAAABDCBCAAADABCCBBDAAAAAAAABDBDACBADAAABDABAAAAACBBADAAACCAAABAAABAAABAABABAABABABAAAACCAAAABBAABBBBCACDCAACDBDCCCAAAAABADDBCACAAAAABAABAAAAAAABBDBDBACCBBBA	['C7D', 'C124B', 'D125B']	3	-6.438697434239657	-9.174533298210008	-12.579968149953856	-3.4054348517438484
ABAAABCBACABAACBABABBDBDBBBAAACAABAAABDAABAABAAABCBAAAAACACDAABAADACCBAAAACACABBABABAAABABBAABDAABCAAAABABAAAABDCBCAAABABCCCDDAAAAAAAABDBDACBADAAABDABAAAACCBBADAAACCAAABAAABAAABAABABAABABBBAAAACCAAAABBAABBBBCACDCAACDBDCCCAAAAABADDBCACAAAAABAABAAAAAAABBDBDBACCBBAA	['D17A', 'B60D', 'D119B', 'A155C', 'A188B', 'B262A']	6	-6.439957179827616	-7.866271222446812	-11.27296581977862	-3.406694597331807
ABAAABCBACABAACBDBABBDBDBBBAAACAABAAABDAABAABAAABCBAAAAACACBAABAADACCBAAAACACABBABABAAABABBAABDAABCABAABABAAAADDCBCAAADABCCCDDAAAAAAAABDBDACBADAAABDABAAAAACBBADAAACCAAABAAABAAABAABABAABABABAAAACCAAAABAAABBABCACCAAACDBABCCAAAAABADDBCACAAAAABAABAAAAAAABBDBABACCBBBA	['A101B', 'B111D', 'B201A', 'B206A', 'D211C', 'C212A', 'D218A', 'C219B', 'D255A']	9	-6.4413278952706605	-7.053931992006255	-10.461997304781107	-3.408065312774852
ABAAABDBACABAACBDBABBDBDBBBAAACAABAAABDAABAABAAABCBAAAAACACBAABAADACCBAAAACACABBABABAAABABBAABDAABCAAAABABAAAABDCBCAAADABCCCDDAAAAAAAABDBDACBADAAABDABAAAAAABBADAAACCAAABAAABAAABAABABAABABABAAAACCAAAABAAABBBBCACDCAACDBDCCCAAAAABADDBCACAAAAABAABAAAAAAABBDBDBACCBBBA	['C7D', 'C156A', 'B201A']	3	-6.442015862790868	-7.981554739148123	-11.390308019443182	-3.408753280295059
ABAAABCBACABAACBABABBDBDBBBAAACAAAAAABDAABAABAAABABAAAAACACBAABAADACCBADAACACABBABABAAABABBAABDAABCAAAABABAAAABDCBCAAADABCCADDAAAAAAAABDBDADBADAAABBABAAAAACBBADAAACCAAABAAABAAABAABABAABABABAAAACCAAAABBAABBABCACDCAACDBDCCCAAAAABADDBCACAAAAABAABAAAAAAABBDBDAACCBBBA	['D17A', 'B34A', 'C50A', 'A72D', 'C124A', 'C140D', 'D148B', 'B206A', 'B256A']	9	-9.49776224908419	-6.4476898861757945	-12.912189552764175	-3.414427303679986
ABAAABCBACABAACBABABBDBDBBBAAACAABAAABDAABAABAAABCBAAAAACACBAABAADACCBAAAACACABBABABAAABABBAABDAABCAAAABABAAAABDCBCAAADABCCDADAAAAAAAABDBAADBADAAABBABAAACACBBADAAACAAAABAAABAAABAABABAABABABAAAACCAAAABBAABBBBCACDCAACDBDCCCAAAAABADDBCACAAAAABAABAAAAAAABBDBDBACCBBBA	['D17A', 'C124D', 'D125A', 'D138A', 'C140D', 'D148B', 'A154C', 'C165A']	8	-8.140853223623708	-6.448164070927305	-11.555754712055204	-3.4149014884314965
ABAAABCBACABAACBDBABBDBDBBBAAACAABAAABDAABAABAAABCBAAAAACACBAABAADACCBAAAACACABBABABAAABABBAABDAABCABAABABAAAABDCBCAAADABCCADDAAAAAAAABDBDACBADAAABDABAAAACCBBADAAACCAAABAAAAAAABAABABAABABABAAACCCAAAABBAABBBBCACDCAACDBDCCCAAAAABADDBCACAAAAABAABAAAAAAABBDBDBACCBBBA	['A101B', 'C124A', 'A155C', 'B173A', 'A193C']	5	-6.449205936631188	-10.15051741336356	-13.566460767498938	-3.415943354135379
ABAAABCBACABAACBABABBDBDBBBAAACAABAAABDAABAAAAAABCBAAAAACACBAABAADACCBADAACACABBABABAAABABBAABDAABCAAAABABAAAABDCBCAAADABCCADDAAAAAAAABDBDACBADAAABDABAAAAAABBADAAACCAAABAAABAAABAABABAABABABAAAACCAAAABBAABBBBCACDCAACDBCCCCAAAAABADDBCACAAAAABAABAAAAAAABBDBDBACCBBBA	['D17A', 'B45A', 'A72D', 'C124A', 'C156A', 'D218C']	6	-6.450402607908472	-10.310079824150307	-13.727219849562971	-3.417140025412664
ABAAABCBABABAACBDBABBDBDBBBAAAAAABAAABDAABAABAAACCBAAAAACACBAABAADACCBADAACACABBABABAAABABBAABDAABCAAAABABAAAABACBCAAADABCCADDAAAAAAAABDBAADBADAAABBABAAAAAABBADAAACAAAABAAABAAABAABABAABABABAAAACCAAAABBAABBBBCACDCAACDBDCCCAAAAABADDBCACAAAAABAABAAAAAAABBDBDBACCBBBA	['C10B', 'C31A', 'B49C', 'A72D', 'D112A', 'C124A', 'D138A', 'C140D', 'D148B', 'C156A', 'C165A']	11	-8.260003506438807	-6.464815597952111	-11.691556521895109	-3.431553015456302
ABAAABCBACABAACBABABBDBDBBBAAAAAABAAABDAABAABAAABCBAAAAACACBAABAADACCBAAAACACABBABABAAABABBAABDAABCAAAABAAAAAABDCBCAAADABCCCAAAAAAAAAABDBDADBADAAABCABAAAAAABBADAABCCAAABAAAAAAABAABABAABABABAAAACCAAAABAAABBBBCACDCAACDBDCCCAAAAABADDBCACAAAAABAABAAAAAAABBDBDAACCBBBA	['D17A', 'C31A', 'B106A', 'D125A', 'D126A', 'C140D', 'D148C', 'C156A', 'A163B', 'B173A', 'B201A', 'B256A']	12	-7.198455026606098	-6.467675020889146	-10.632867464999435	-3.4344124383933377
ABAAABCBACABAACBBBABBDBDBBBAAACAABAAABDAABAABAAABCBAAAAACACBAABAADACCBAAAACACABBABABAAABABBAABDAABCAAAABABAAAABDCBCAAADABCCCDDAAAAAAAABDBDACBADAAABDABAAAAACBBADAAACCAAABAAABAAABAABABAABABABAAAACCAAAABBAABBBBCACDCAACDBDCCCAAAAABADDBCACAAAAABAABAAAAAAABBDBDBACCBBBA	['D17B']	1	-6.4709644604008645	-8.457889106095536	-11.895590984000592	-3.437701877905056
ABAAABCBACABAACBABABBDBDBBBBABCAABAAABDAABAABAAABCBAAAAACACDAABAADACCBAAAACACABBABABAAABABBAABDAABCAAAABAAAAAABDCBBAAADABCCCDDAAAAAAAABDBAAABADAAABAABAAAAACBBADAAACCAAABAAABAAABAABABAABABABAAAACCAAAABBAABBBBBACDCAACDBDCCCAAAAABADDBDACAAAAABAABAAAAAAABBDBDAACCBBBA	['D17A', 'A28B', 'A30B', 'B60D', 'B106A', 'C115B', 'D138A', 'C140A', 'D148A', 'C208B', 'C232D', 'B256A']	12	-6.472915367223322	-7.9747864971577656	-11.41443928188528	-3.439652784727514
ABAAABCBACBBAACBDBABBDBDBBBBAACAABAABBDACBAAAAAABCBAAAAACACBAABAADACCBADAACACABBABABAAABABBAABDAABCAAAABABAAAABDCBCAAADABCCCDDAAAAAAAABDBDACBADAAABDABAAAAAABBADAAACCAAABAAABAAABAABABAABABABAAAACCAAAABAAABBBBCACDCAACDBDCCCAAAAABADDBCACAAAAABAABAAAAAAABBDBDBACCBBBA	['A11B', 'A28B', 'A37B', 'A41C', 'B45A', 'A72D', 'C156A', 'B201A']	8	-6.47977480548434	-9.723602095124079	-13.17011431811261	-3.446512222988531
ABAAABCBACABABCBBBABBDBDBBBAAACAABAAABDAABAABAAABABAAAAACACBAABAADACCBADAACACABBABABAAABABBAABDAABCAAAABABAAAABDCBCAAADABCCCADAAAAAAAACDBDADBADAAABBABAAACACBBADAAACCAAABAAABAAABAABABAABABABAAAACCAAAABBAABBABCACDCAACDBDACCCAAAABADDBCACAAAAABAABAAAAAAABBDBDBACCBBBA	['A14B', 'D17B', 'C50A', 'A72D', 'D125A', 'B135C', 'C140D', 'D148B', 'A154C', 'B206A', 'C219A', 'A222C']	12	-8.471294567687437	-6.486894524627132	-11.92492650981876	-3.4536319421313237
ABAAABCBABABAACBDBABBDBDBBBAAACAABAAABDAABAABAAABCBAAAAACACBAABAADACCBAAAACACABBABABAAABABBAABDAABCAAAABABAAAABDCBCAAADABCCCDDAAAAAAAABDBDACBADAAABDABAAAAACBBADAAACCAAABAAABAAABAABABAABABABAAAACCAAAABAAABBBBCACDCAACDBDCCCAAAAABADDBCACAAAAABAABAAAAAAABBDBDBACCBBBA	['C10B', 'B201A']	2	-6.497254267102107	-7.559293311060173	-11.023284995666472	-3.463991684606299
ABAAABCBACABAACBDBABBDBDBBBAAACAABAAABDAABAABAAABCBAAAAACACBAABAADACCBAAAACACABBABABAAABABBAABDAABBAAAABAAAAAABDCBCAAADABCCCDDAAAAAAAABDBDACAADAAABDABAAAAACBBADAAACCAAABAAABAAABAABABAABABABAAAACCAAAABBAABBBBCACCCAACDBDCCCAAAAABADDBCACAAAAABAABAAAAAAABBDBDBACCBBBA	['C99B', 'B106A', 'B141A', 'D211C']	4	-6.498304138891399	-8.9222546107776	-12.38729616717319	-3.4650415563955903
ABAAABCBACBBAACBDBABBDBDBBBBAACAABAABBDAABAABAAABCBAAAAACACBAABAADACCBAAAACACABBABABAAABABBAABDAABCABAABABAAAABBCBCAAADABCCCDDAAAAAAAABDBDADBADAAABBABAAAAACBBADAAACCAAABAAABAAABAABABAABABABAAAACCAAAABBAABBABCACDCAACDBDCCCAAAAABADDBCACAAAAABAABAAAAAAABBDBDAACCBBBA	['A11B', 'A28B', 'A37B', 'A101B', 'D112B', 'C140D', 'D148B', 'B206A', 'B256A']	9	-6.501719061052427	-7.21408337118919	-10.682539849745808	-3.468456478556618
ABAAABCBACABAACBABABBDBDBBBAAACAABAAABDAABAABAAABCBAAAAACACBAABAADACCBAAABCACABBABABAAABABBAABDAABCABAABABAAAABDCBCAAADABCCAADAAAAAAAABDBAABBADAAABCABAAAAACBBADAAACCABABAAABAAABAABABAABABABAAAACCAAAABBAABBBBCACDCAACDBDCCCAAAAABADDBCACAAAAABAABAAAAAAABBABDBACCBBBA	['D17A', 'A74B', 'A101B', 'C124A', 'D125A', 'D138A', 'C140B', 'D148C', 'A167B', 'D253A']	10	-6.504117482574657	-7.745621248119278	-11.216476148198126	-3.470854900078848
ABAAABCBACBBAACBDBAABDBDBBBBAACAABAAABAAABAABAAABCBAAAAACACBAABAADACCBAAAACACABBABABAAABABBAABDAABCABAABABAAAABDCBCAAACABBCCDDAAAAAAAABDBDACBADAAABDABAAAACCBBADAAACCAAABAAABAAABAABBBAABABABAAAACCAAAABAAABBBBCACDCAACDBDCCCAAAAAAADDBCAAAAAAABAABAAAAAAABBDBDAACCBBBA	['A11B', 'B20A', 'A28B', 'D39A', 'A101B', 'D119C', 'C122B', 'A155C', 'A181B', 'B201A', 'B227A', 'C234A', 'B256A']	13	-6.507494851248339	-12.253308929008199	-15.72754119776073	-3.47423226875253
ABAAABCBACABAACBDBABBDBDBBBAAAAAABAAABDAABAABAAABCBAAAAACACBAABAADACCBAAAACACABBABACAAABABBCABDAABCABAABABAAAACDCBCAAADABCCCDDAAAAAAAACDBDACBADAAABDABAAAAACBBADAAACCAAABAAABAAABAABABAABABABAAAACCAAAABAAABBABCACCAAACDBDACCAAAAABADDBCACAAAAABAABAAAAAAABBDBDBACCBBBA	['C31A', 'B84C', 'A92C', 'A101B', 'B111C', 'B135C', 'B201A', 'B206A', 'D211C', 'C212A', 'C219A']	11	-6.567885959288105	-6.510465483617736	-10.045088860410033	-3.4772029011219274
ABAAABCBACABAACBDBABBDBDBBBAAAAAABAAABDAABAABAAABCBAAAAACACBAABAADACCBAAAACACABBABACAAABABBCABDAABCABAABABAAAACDCBCAAADABCCCDDAAAAAAAACDBDACBADAAABDABAAAAACBBADAAACCAAABAAABAAABAABABAABABABAAAACCAAAABAAABBABCACCAAACDBDACCAAAAABADDBCACAAAAABAABAAAAAAABBDBDBACCBBBA	['C31A', 'B84C', 'A92C', 'A101B', 'B111C', 'B135C', 'B201A', 'B206A', 'D211C', 'C212A', 'C219A']	11	-6.567885959288105	-6.510465483617736	-10.045088860410033	-3.4772029011219274
ABAAABCBACABAACBABABBDBDBBBAAACAABAAABDAABAABAAABCBAAAAACACBAABAADACCBAAAACACABBABABAAABABBAABDAABCAAAABABAAAADCCBCAAADABCCAADAAAAAAAABDBDACBADAAABDABAAAAACBBADAADCCAAABAAABAAABAABABAABABABAAAACCAAAABBAABBBBCACDCAACDBDCCCAAAAABADDBCACAAAAABAABAAAAAAABBDBDBACCBBBA	['D17A', 'B111D', 'D112C', 'C124A', 'D125A', 'A163D']	6	-6.51359887374565	-9.145527254760964	-12.625863546010805	-3.4803362912498415
ABAAABCBACABAACBDBABBDBDBBBAAACAABAAABDAABAACAAABCBAAAAACACBAABAADACCBADAACACABBABABAAABABBAABDAABCAAAABABAAAABDCBCAAADABCCCDDAAAAAAAABDBDACBADAAABDABAAAAACBBADAAACCAAABAAABAAABAABABAABABABAAAACCAAAABAAABBBBCACBCAACDBDCCCAAAAABADDBCACAAAAABAABAAAAAAABBDBDBACCBBBA	['B45C', 'A72D', 'B201A', 'D211B']	4	-6.514567075995728	-8.575911557272775	-12.057216050772695	-3.4813044934999198
ABAAABCBACABAACBABABBDBDBBBAAAAAABAAABDAABAABAAABCBAAAAACACBAABAADACCBAAAACACABBABABAAABABBAABDAABCABAABABAAAABDCBCAAADABCCCDDAAAAAAAABDBDACBADAAABDABBAAACCBBADAAACCAAABAAABAAABAABABAABABABAAAACCBAAABAAABBBBCACDCAACDBDCCCAAAAABADDBDACAAAAABAABAAAAAAABBDBDAACCBBBA	['D17A', 'C31A', 'A101B', 'A151B', 'A155C', 'A196B', 'B201A', 'C232D', 'B256A']	9	-6.521352994022891	-8.846767622948391	-12.334858034475474	-3.4880904115270823
ABAAABDBACABAACBDBABBDBDBBBAAACAABAAABDAABAABAAABCBAAAAACACBAABAADACCBADAACACABBABABAAAAABBAABDAABCAAAABABAAAAADDBCAAADABCCAADAAAAAAAABDBDACBADAAABDABAAAAACBBADAACCCAAABAAABAAABAABABAABABABAAAACCAAAABBABBBBBAACDCAACDBDCCCAAAAABADDBCADAAAAABAABAAAAAAABBDBDBACCBBBA	['C7D', 'A72D', 'B88A', 'B111A', 'C113D', 'C124A', 'D125A', 'A163C', 'A203B', 'C208A', 'C234D']	11	-6.528859617654234	-12.45716023442219	-15.952757269580616	-3.4955970351584256
ABAAABCBACBBAACBDBABCDBBABBAAACAABAAABDAABAADAAABCBAAAAACACBAABAADACCBAAAACACABBABABAAABABBAABDAABCAAAABABAAAABDCBCAAADABCCCDDAAAAAAAABDBDADBADAAABBABAAAAACBBADAAACCAAABAAABAAABAABABAABABABAAAACCAAAABBAABBBBCACDCAACABDCCCAAAAABADDBCACAAAAABAABAAAAAAABBDBDBACCBBBA	['A11B', 'B21C', 'D24B', 'B25A', 'B45D', 'C140D', 'D148B', 'D216A']	8	-10.403242591535673	-6.542734065063996	-13.91271407410386	-3.5094714825681876
ABAAABCBACABAACBDBABBDBDBBBAAACAABAAABDAABAABAAABABAAAAACACBAABAADACCBADAACACABBABABAAABAABAABDAABCAAAABABAAAABDCBCAAADABCCADDAAAAAAAABDBDACBADAAABDABAAAAACBBADAAACCAAABAAABAAABAABABAABABABAAAACCAAAABBAABBBBCACDCAACDBDCCCAAAAABADDBCACAAAAABAABAAAAAAABBDBDBACCBBBA	['C50A', 'A72D', 'B90A', 'C124A']	4	-6.542902196990326	-8.315664814756019	-11.825304429250536	-3.5096396144945174
ABAAABCBACABAACBDBABBDBDBBBAAAAAABAAABDAABAABAAABCBAAAAACACBAABAADACCBAAAACACABBABABAAABABBAABDAABCAAAABABAAAABDCBCAAADABCCDADAAAAAAAABDBDACBADAAABDABAAAACCBBADAAACCAAABAAABAAABAABABAABABABAAAACCAAAABBAABBBBCACDCAACDBDCCCAAAAABADDBCACAAAAABAABAAAAAAABBDBDBACCBBBA	['C31A', 'C124D', 'D125A', 'A155C']	4	-6.544703230960295	-7.711963111971272	-11.223403760435758	-3.511440648464486
ABAAABCBACABAACBABABBDBDBBBAAACAAAAAABDAABAABAAABCBAAAAACACBAABAADACCBADAACACABBABABAAABABBAABDAABCAAAABABAAAABDCBCAAADABCCADDAAAAAAAABDBDACBADAAABDABAAAAACBBADAAACCAAABAAABAAABAABABAABABABAAAACCAAAABAAABBABCACDCAACDBCCCCAAAAABADDBCACAAAAABAABAAAAAAABBDBDBACCBBBA	['D17A', 'B34A', 'A72D', 'C124A', 'B201A', 'B206A', 'D218C']	7	-6.549215513514355	-7.330261055351002	-10.846213986369548	-3.5159529310185462
ABAAABCBACABAACBABABBDBDBBBAAACAABAAABAAABAABAAABCBAAAAACACBAABAADACCBAAAACACABBABABAAABABBAABDAABCAAAABABAAAABDCBCAAADABCCCDDAAAAAAAABDBDACBADAAABDABAAAAAABBADAAACCAAABAAABAAABAABABAABABABAAAACCAAAABBAABBBBCACDCAACDBDCCCAAAAABADDBCACAAAAABAABAAAAAAABBDBDBACCBBBA	['D17A', 'D39A', 'C156A']	3	-6.553663925966248	-9.337659787357552	-12.858061130827991	-3.5204013434704393
ABAAABCBACABAACBDBABBDBDBBBAAACAABAAABDAABAABAAABCBAAAAACACBAABAADACCBAAAACACABBABABAAABABBAABDAABCABAABABAAAABDCBCAAADABCCCDDAAAAAAAABDBDACBADAAABDABBAAAACBBADAAACCAAABAAABAAABAABABAABABABAAACCCAAAABAAABBBBCACDCAACDBDCCCAAAAABADDBCACAAAAABAABAAAAAAABBDBDAACCBBBA	['A101B', 'A151B', 'A193C', 'B201A', 'B256A']	5	-6.557764865225181	-9.181998524320079	-12.706500807049451	-3.5245022827293724
ABAAABCBACBBAACBDBAABDBDBBBAAACAABAAABDAABAABAAABCBAAAAACACBAABAADACCAAAAACACABBABABAAABABBAABDAABCABAABABAAAABDCBCAAABABCCDDDAAAAAAAABDBDACBADAAABDABAAAAACBBADAAACCAAABAAABAAABAABABAABABABAAACCDAAAABBAABBABCACDCAACDBDCCCAAAAABADDBCACAAAAABAABAAAAAAABBDBDBACCBBBA	['A11B', 'B20A', 'B70A', 'A101B', 'D119B', 'C124D', 'A193C', 'C195D', 'B206A']	9	-6.561551974853501	-9.556929063022835	-13.085218455380527	-3.528289392357692
ABAAABCBACBBAACBDBAABDBDBBBAAACAABAAABDAABAABAAABCBAAAAACACBAABAADACCAAAAACACABBABABAAABABBAABDAABCABAABABAAAABDCBCAAABABCCDDDAAAAAAAABDBDACBADAAABDABAAAAACBBADAAACCAAABAAABAAABAABABAABABABAAACCDAAAABBAABBABCACDCAACDBDCCCAAAAABADDBCACAAAAABAABAAAAAAABBDBDBACCBBBA	['A11B', 'B20A', 'B70A', 'A101B', 'D119B', 'C124D', 'A193C', 'C195D', 'B206A']	9	-6.561551974853501	-9.556929063022835	-13.085218455380527	-3.528289392357692
ABAAABCBACBBAACBDBAABDBDBBBAAACAABAAABDAABAABAAABCBAAAAACACBAABAADACCAAAAACACABBABABAAABABBAABDAABCABAABABAAAABDCBCAAABABCCDDDAAAAAAAABDBDACBADAAABDABAAAAACBBADAAACCAAABAAABAAABAABABAABABABAAACCDAAAABBAABBABCACDCAACDBDCCCAAAAABADDBCACAAAAABAABAAAAAAABBDBDBACCBBBA	['A11B', 'B20A', 'B70A', 'A101B', 'D119B', 'C124D', 'A193C', 'C195D', 'B206A']	9	-6.561551974853501	-9.556929063022835	-13.085218455380527	-3.528289392357692
ABAAABCBACABAACBABABBDBDBBBAAACAABAAABDAABAABAAACCBAAAAACACBAABAADACCBAAAACACABBABABAAABABBAABDAABCAAAABABAAAABDCBCAAADABCCADDAAAAAAAABDBDACBADAAABDABAAAACCBBADAAACCAAABAAABAAABAABABAABABABAAACCCAAAABAAABBBBCACDCAACDBCCBCAAAAABADDBCACAAAAABAABAAAAAAABBABABACCBBBA	['D17A', 'B49C', 'C124A', 'A155C', 'A193C', 'B201A', 'D218C', 'C220B', 'D253A', 'D255A']	10	-6.573744361521676	-9.245355048653437	-12.785836827679304	-3.5404817790258676
ABAAABCBACABAACBDBABBDBDBBBAAACAABAAABAAABAACAAABCBAAAAACACBAABAADACCBAAAACACABBABABAAABABBAABDAABCABAABABAAAABDCBCAAADABCCCDDAAAAAAAABDBDACBADAAABDABAAAACCBBADAAACCAAABAAABAAABAABABAABABABAAAACCAAAABBAABBBBCACDCAACDBDCCCAAAAABADDBCACAAAAABAABAAAAAAABBDBDBACCBBBA	['D39A', 'B45C', 'A101B', 'A155C']	4	-6.5768385955598205	-9.665152624220354	-13.208728637284366	-3.543576013064012
ABAAABCBACABAACBDBABBDBDBBBAAACAABAAABAAABAACAAABCBAAAAACACBAABAADACCBAAAACACABBABABAAABABBAABDAABCABAABABAAAABDCBCAAADABCCCDDAAAAAAAABDBDACBADAAABDABAAAACCBBADAAACCAAABAAABAAABAABABAABABABAAAACCAAAABBAABBBBCACDCAACDBDCCCAAAAABADDBCACAAAAABAABAAAAAAABBDBDBACCBBBA	['D39A', 'B45C', 'A101B', 'A155C']	4	-6.5768385955598205	-9.665152624220354	-13.208728637284366	-3.543576013064012
ABAAABCBACBBAACBDBABBDBDBBBAAAAAABAAABAAABAACAAABCBAAAAACACBAABAADACCBAAAACACABBABABAAABABBAABDAABCABAABABAAAABDCBCAAADABCCCDDAAAAAAAABDBDACBADAAABDABBAAACCBBADAAACCAAABAAABAAABAABABAABABABAAAACCAAAABAAABBBBCACDCAACDBDCCCAAAAABADDBDACAAAAABAABAAAAAAABBDBDBACCBBBA	['A11B', 'C31A', 'D39A', 'B45C', 'A101B', 'A151B', 'A155C', 'B201A', 'C232D']	9	-6.58337359665893	-8.562893217866076	-12.113004232029198	-3.5501110141631216
ABAAABCBACABAACBDBABBDBCBBBAAACAABAAABDAABAABAAABCBAAAAACACBAABAADACCBAAACCACABBABABAAABABBAABDAABCABAABABAAAABDCBCAAADABCCCADAAAAAAAABDBDACBADAAABCABAAAAACBBADAAACCAAABAAABAAABAABABAABABABAAAACCAAAABAAABBBBCACDCAACABDCCCAAAAABADDBCACAAAAABAABAAAAAAABBDBDBACCBBBA	['D24C', 'A74C', 'A101B', 'D125A', 'D148C', 'B201A', 'D216A']	7	-6.585334591334686	-7.391555324167712	-10.943627333006589	-3.552072008838877
ABAAABCBACABAACBABABBDBDBBBBAACAABAAABDAABAABAAABABAAAAACACBAABAADACCBADAACACABBABABAAABABBAABDAABCAAAABABAAAABDCBCAAADABCCADDAAAAAAAABDBAACBADAAABCABAAAAAABBADABACCAAABAAABAAABAABABAABABABAAAACCAAAABBAABBBBAACDCAACDBDCCCAAAAABADDBCACAAAAABAABAAAAAAABBDBDAACCBBBA	['D17A', 'A28B', 'C50A', 'A72D', 'C124A', 'D138A', 'D148C', 'C156A', 'A162B', 'C208A', 'B256A']	11	-6.588986690156162	-8.510945810441626	-12.06666991810198	-3.555724107660353
ABAAABCBACABAACBDBABBDBDBBBAAACAABAAABDAABAABAAABCBAAAAACACBAABAADACCBAAAACACABBABABAAABABBAABDAABCABAABABAAAABDCBCAAADABCCCDDAAAAAAAABDBAACBADAAABCABAAAAAABBADAAACCAAABAAABAAABAABABAABABABAAAACCAAAABBAABBBBAACDCAACDBDCCCAAAAABADDBCACAAAAABAABAAAAAAABBDBDBACCBBBA	['A101B', 'D138A', 'D148C', 'C156A', 'C208A']	5	-6.599617261439562	-7.260986826353474	-10.827341505297227	-3.5663546789437532
ABAAABCBACBBAACBDBABBDBDBBBBAAABABAABBDAABAABAAABCBAAAABCACBAABAADACCBAAAACACABBABABAAABABBAABDAABCAAAABABAAAABDCBCAAACABBCDDDAAAAAAAABDBDACBADAAABDABBAAACCBBADAABCCAAABAAABAAABAABABAABABABAAAACCAAAABAAABBBBCACCCAACDBDCCCAAAAABADDBCAAAAAAABAABAAAABAABBDBDBACCBBBA	['A11B', 'A28B', 'C31A', 'A32B', 'A37B', 'A56B', 'D119C', 'C122B', 'C124D', 'A151B', 'A155C', 'A163B', 'B201A', 'D211C', 'C234A', 'A248B']	16	-6.6028009604196995	-10.93436766587547	-14.503906043799361	-3.569538377923891
ABAAADBBACABBACBDBABBDBDBBBAAAAAABAAABDAABAABAAABCBAAAAACACBAABAADACCBAAAACACAABABABAAABABBAABDAABCABAABABAAAABDCBCAAADABCCCDDAAAAAAAABDBDACBADAAABDABAAAAACBBADAAACCAAABAAABAAABAABABAABABABAAAACCAAAABAAABBBBCACDCAACDBDCCCAAAAABADDBCACAAAAABAABAAAAAAABBDBDBACCBBBA	['B6D', 'C7B', 'A13B', 'C31A', 'B79A', 'A101B', 'B201A']	7	-6.608812027843669	-7.1943231890618335	-10.769872634409694	-3.5755494453478605
ABAAABCBACABAACBABABBDBDBBBAAAAAABAAABDAABAABAAABCBAAAAACACBAABAADACCBADAACACABBABABAAABABBAABDAABCAAAABABAAAABDDBCAAADABCCAADAAAAAAAABDBCADBADAAABBABAAAAACBBADAAACCAAABAAABAAABAABABAABABABAAAACCAAAABBAABBABCACDCAACDBDCCCAAAAABADDBCACAAAAABAABAAAAAAABBDBDBACCBBBA	['D17A', 'C31A', 'A72D', 'C113D', 'C124A', 'D125A', 'D138C', 'C140D', 'D148B', 'B206A']	10	-9.654057779116556	-6.610728739731712	-13.23152393635246	-3.5774661572359037
ABAAABCBACABAACBABABBDBDBBBAAACAABAAABDAABAABAAABCBAAAAACACBAABAADACCBAAAACACABBABABAAABABBAABDAABCABAABABAAAABDCBCAAACABCCDADAAAAAAAACDBDACBADAAABDABBAAAACBBADAAACCAAABAAABAAABAABABAABABABAAAACBAAAABBAABBBBCACDCAACDBDCCCAAAAABADDBCACAAAAABAABAAAAAAABBDBDAACCBBBA	['D17A', 'A101B', 'D119C', 'C124D', 'D125A', 'B135C', 'A151B', 'C195B', 'B256A']	9	-6.6109378698747605	-12.478649912838591	-16.056325200217543	-3.577675287378952
ABAAABCBABABAACBDBABBDBDBBBAAACAABAAABDAABAABAAABCBAAAAACACBAABAADACCBAAAACACABBABABAAABABBAABDAABCABAABAAAAAABDCBCAAADABCCCDDAAAAAAAABDBDACBADAAABDABAAAACABBADAAACAAAABAAABAAABAABABAABABABAAAACBAAAABAAABBBBCACDCAACDBDCDCAAAAABADDBCACAAAAABAABAAAAAAABBDBDBACCBBBA	['C10B', 'A101B', 'B106A', 'A155C', 'C156A', 'C165A', 'C195B', 'B201A', 'C220D']	9	-6.6198652444873005	-9.77287022114615	-13.359472883137641	-3.586602661991492
ABAAABCBACABAACBDBABBDBDBBBAAAAAABAAABDAABAABAAABCBAAAAACACBAABAADACCBAAAACACABBABABAAABABBAABDAABCABAABABAAAABDCBCAAADABCCCDDAAAAAAAABDBDACBADAAABDABBAAACCBBADAACCCAAABAAABAAABAABABAABABBBAAAACCAAAABBABBBBBCACDCAACDBDCCCAAAAABADDBCADAAAAABAABAAAAAAABBDBDBACCBBBA	['C31A', 'A101B', 'A151B', 'A155C', 'A163C', 'A188B', 'A203B', 'C234D']	8	-7.517213430488482	-6.635597774729831	-11.119548622722505	-3.6023351922340225
ABAAABCBACABAACBDBABBDBDBBBAAACAABAAABDAABAABAAABCBAAAAACACBAABAADACCBAAAACACABBABABAAABABBAABDAABCABAABABAAAADDCBCAAADABCCCDDAAAAAAAABDBDACBADAAABDABBAAACCBBADAADCCAAABAAABAAABAABABAABABABAAAACCAAAABBAABBBBCACDCAACDBDCCCAAAAABADDBCACAAAAABAABAAAAAAABBDBDBACCBBBA	['A101B', 'B111D', 'A151B', 'A155C', 'A163D']	5	-6.6357459663413465	-8.930360158876283	-12.532843542721821	-3.602483383845538
ABAAABCBACABAACBDBABBDDDBBBAAAAAABAAABDAABAABAAABCBAAAAACACBAABAADACCBADAACACABBABABAAABABBAABDAABCAAAABABAAAABDCBCAAADABCCCDDAAAAAAAABDBDACBADAAABDABAAAAACBBADAAACCAAABAAABAAABAABABAABABABAAAACCAAAABAAABBBBCACBCAACDBDCCCAAAAABADDBCACAAAAABAABAAAAAAABBDBDBACCBBBA	['B23D', 'C31A', 'A72D', 'B201A', 'D211B']	5	-6.63809987786226	-6.869140337614226	-10.473977632980677	-3.604837295366451
ABAAABCBABABAACBDBABBDBDBBBAAACAABAAABDAABAABAAABCBAAAAACACBAABAADACCBAAAACACABBABABAAABABBAABDAABCAAAABABAAAABDCBCAAADABCCAADAAAAAAAABDBDACBADAAABDABAAAAAABBADAAACCAAABAAABAAABAABABAABABABAAAACCAAAABAAABBBBCACDCAACDBDCDCAAAAABADDBCACAAAAABAABAAAAAAABBDBDBACCBBBA	['C10B', 'C124A', 'D125A', 'C156A', 'B201A', 'C220D']	6	-6.65457710553892	-9.278558310092194	-12.899872833135305	-3.621314523043111
ABAAABCBABABAACBDBABBDBDBBBAAACAABAAABDAABAABAAABCBAAAAACACBAABAADACCBAAAACACABBABABAAABABBAABDAABCAAAABABAAAABDCBCAAADABCCAADAAAAAAAABDBDACBADAAABDABAAAAAABBADAAACCAAABAAABAAABAABABAABABABAAAACCAAAABAAABBBBCACDCAACDBDCDCAAAAABADDBCACAAAAABAABAAAAAAABBDBDBACCBBBA	['C10B', 'C124A', 'D125A', 'C156A', 'B201A', 'C220D']	6	-6.65457710553892	-9.278558310092194	-12.899872833135305	-3.621314523043111
ABAAABCBABABAACBDBABBDBDBBBAAACAABAAABDAABAABAAABCBAAAAACACBAABAADACCBAAAACACABBABABAAABABBAABDAABCAAAABABAAAABDCBCAAADABCCAADAAAAAAAABDBDACBADAAABDABAAAAAABBADAAACCAAABAAABAAABAABABAABABABAAAACCAAAABAAABBBBCACDCAACDBDCDCAAAAABADDBCACAAAAABAABAAAAAAABBDBDBACCBBBA	['C10B', 'C124A', 'D125A', 'C156A', 'B201A', 'C220D']	6	-6.65457710553892	-9.278558310092194	-12.899872833135305	-3.621314523043111
ABAAABCBABABAACBDBABBDBDBBBAAACAABAAABDAABAABAAABCBAAAAACACBAABAADACCBAAAACACABBABABAAABABBAABDAABCAAAABABAAAABDCBCAAADABCCAADAAAAAAAABDBDACBADAAABDABAAAAAABBADAAACCAAABAAABAAABAABABAABABABAAAACCAAAABAAABBBBCACDCAACDBDCDCAAAAABADDBCACAAAAABAABAAAAAAABBDBDBACCBBBA	['C10B', 'C124A', 'D125A', 'C156A', 'B201A', 'C220D']	6	-6.65457710553892	-9.278558310092194	-12.899872833135305	-3.621314523043111
ABAAABCBACABAACBDBABBDBDBBDBAACAABAAABDAABAACAAABCBAAAAACACBAABAADACCBAAAACACABBABABAAABABBAABDAABCAAAABABAAAABDCBCAAADABCCCDDAAAAAAAABDBDACBADAAABDABAAAAACBBADAAACCAAABAAABAAABAABABAABABABAAAACCAAAABBAABBBBCACDCAACDBDCCCAAAAABADDBCACAAAAABAABAAAAAAABBDBDBACCBBBA	['B27D', 'A28B', 'B45C']	3	-6.661368204979226	-8.74460572443786	-12.372711346921278	-3.6281056224834174
ABAAABCBACABAACBDBABBDBDBBBAAACAABAAABDAABAACAAABCBAAAAACACBAABAADACCBAAAACAAABBABACAAABABBAABDAABCABAABABAAAABDCBCAAADABCCCADAAAAAAAABDBDACBADAAABDABAAAAACBBADAAACCABABAAABAAABAABABAABABABAAAACCAAAABAAABBBBCACDCAACDBDCCCAAAAABADDBCACAAAAABAABAAAAAAABBDBDBACCBBBA	['B45C', 'C77A', 'B84C', 'A101B', 'D125A', 'A167B', 'B201A']	7	-6.671699137194082	-8.070718536997447	-11.70915509169572	-3.6384365546982735
ABAAABCBACABAACBABABBDBDABBAAACAAAAAABDAABAABAAABCBAAAAACACBAABAADACCBAAAACACABBABABAAABABBAABDAABCAAAABABAAAABDCBCAAADABCCDADAAAAAAAACDBDACBADAAABDABAAACCCBBADAAACCAAABAAABAAABAABABAABABABAAAACCAAAABBAABBBBCACDCAACDBDACCCAAAABADDBCACAAAAABAABAAAAAAABBDBDBACCBBBA	['D17A', 'B25A', 'B34A', 'C124D', 'D125A', 'B135C', 'A154C', 'A155C', 'C219A', 'A222C']	10	-6.674027138622478	-9.90905408418621	-13.549818640312878	-3.640764556126669
ABAAACCBABABAACBDBABBDBDBBBAAAAAABAAABDAABAABAAABCBAAAAACACBAABAADACCBAAAACACABBABABAAABABBCABDABBCABAABABAAAABDCBCAAAAABBCDDDAAAAAAAABDBDACBADAAABDABAAAAACBBADAACCCAAABAAABAAABAABABAABABABAAAACCAAAABBAABBBBCACDCAACDBDCCCAAAAABADDBCACAAAAABAABAAAAAAABBDBDBACCBBBA	['B6C', 'C10B', 'C31A', 'A92C', 'A97B', 'A101B', 'D119A', 'C122B', 'C124D', 'A163C']	10	-6.676915726391599	-10.138489551813109	-13.782142695708899	-3.64365314389579
ABAAABCBACABAACBABABBDBDBBBAAAAAABAAABDAABAABAAABCBAAAAACACBAABAADACCBAAAACACABBABABAAABABBAABDAABCAAAABABAAAACDDBCAAADABCCBADAAAAAAAABDBDACBADAAABDABAAAAACBBADAAACCAAABAAABAAABAABABAABABAAAAAACCAAAABBABBBBBCACDCAACDBDCCCAAAAABADDBCACAAAAABAABAAAAAAABBDBDBACCBBBA	['D17A', 'C31A', 'B111C', 'C113D', 'C124B', 'D125A', 'B189A', 'A203B']	8	-6.67782014443037	-8.681472156167729	-12.32602971810229	-3.644557561934562
ABAAABCBACBBAACBDBABCDBDBBBAAACAABAAABDAABAABAAABCBAAAAACACBAABAADACCBAAAACACABBABABAAABABBAABDAABCABAABABAAAABCABCAAADABCCCDDAAAAAAAABDBDACBADAAABDABAAAACCBBADAAACCAAABAAABAAABAABABAABABABAAAACCAAAABBAABBBBCACDCAACDBDCCCAAAAABADDBCACAAAAABAABAAAAAAABBDBDBACCBBBA	['A11B', 'B21C', 'A101B', 'D112C', 'C113A', 'A155C']	6	-6.683623218210414	-9.68587291656877	-13.336233552283375	-3.6503606357146055
ABAAABCBACABAACBDBABBDDDBBBAAACAABAAABDAABAABAAABCBAAAAACACBAABAADACCBADAACACABBABABAAABABBAABDAABCAAAABABAAAABDCBCAAADABCCCDDAAAAAAAABDBDACBADAAABDABAAAAACBBADAAACCAAABAAABAAABAABABAABABABAAAACCAAAABAAABBBBCACBCAACDBDCCCAAAAABADDBCACAAAAABAABAAAAAAABBDBDBACCBBBA	['B23D', 'A72D', 'B201A', 'D211B']	4	-6.685543893603608	-8.428365613726783	-12.080646924834582	-3.6522813111077994
ABAAABCBACABAACBABABBDBDBBBAAACAABAAABAAABAABAAABCBAAAAACACBAABAADACCBAAAACACABBABABAAABABBAABDAABCABAABABAAAABDCBCAAADABCCADDAAAAAAAABDBDADBADAAABBABAAAAACBBABAAACCABABAAABAAABAABABAABABABAAAACCAAAABAAABBBBCACDCAACDBDCCCAAAAABADDBCACAAAAABAABAAAAAAABBDBDBACCBBBA	['D17A', 'D39A', 'A101B', 'C124A', 'C140D', 'D148B', 'D160B', 'A167B', 'B201A']	9	-6.6912695213686675	-8.74378813567455	-12.401795074547408	-3.658006938872859
ABAAABCBACABAACBDBABBDBDBBBAAACAABAAABDAABAABAAABCBAAAAACACBAABAADACCBAAACCACABBABABAAABABBAABDBABCAAAABABAAAABDCBCAAADABCCCDDAAAAAAAABDBDACBADAAABDABAAAAACBBADAAACCAAABAAABAAABAABABAABABABAAAACCAAAABBAABBBBCACDCAACDBDCCCAAAAABADDBCACAAAAABAABAAAAAAABBDBDBACCBBBA	['A74C', 'A96B']	2	-6.691869928268716	-8.556421212357236	-12.215028558130143	-3.658607345772907
ABAAABCBACABAACBDBABBDBDBBBAAACAABAAABDAABAABAAABCBAAAAACACBAABAADACCBAAACCACABBABABAAABABBAABDBABCAAAABABAAAABDCBCAAADABCCCDDAAAAAAAABDBDACBADAAABDABAAAAACBBADAAACCAAABAAABAAABAABABAABABABAAAACCAAAABBAABBBBCACDCAACDBDCCCAAAAABADDBCACAAAAABAABAAAAAAABBDBDBACCBBBA	['A74C', 'A96B']	2	-6.691869928268716	-8.556421212357236	-12.215028558130143	-3.658607345772907
ABAAABCBACABAACBDBABBDBDBBBAAACAABAAABDAABAABAAABCBAAAAACACBAABAADACCBAAAACACABBABABAAABABBAABDAABCABAABABAAAABDCBCAAADABCCCDDAAAAAAAABDBDACBADAAABCABAAAAAABBADAAACCAAABAAABAAABAABABAABABABAAAACCAAAABBAABBBBAACDCAACDBDCCCAAAAABADDBCACAAAAABAABAAAAAAABBDBDBACCBBBA	['A101B', 'D148C', 'C156A', 'C208A']	4	-6.693250971380621	-9.349781996541424	-13.009770385426236	-3.6599883888848126
ABAAABCBACABAACBABABBDBDBBBBAACAABAAABDABBAADAAABBBAAAAACACBAABAADACCBAAAACACABBABABAAABABBAABDAABCAAAABABAAAABBCBCAAADABCCCDDACAAAAAABDBDACBADAAABDABAAAAACBBADAAACCAAABAAABAAABAABABAABABABAAAACCAAAABBAABBBBCACDCAACDBDCBBDAAAABADDBCACAAAAABAABAAAAAAABBDBDBACCBBBA	['D17A', 'A28B', 'A41B', 'B45D', 'C50B', 'D112B', 'A128C', 'C220B', 'C221B', 'A222D']	10	-6.695682850899175	-9.830737329059048	-13.493157597462414	-3.662420268403366
ABAAABCBABBBAACBDBABBDBDBBBAAACAABAAABAAABAABAAABABAAAAACACCAABAADACCBAAAACACABBABABAAABABBAABDAABCAAAABAAAAAABDCBCAAADABCCCDDAAAAAAAABDBDACBADAAABDABAAAAAABBADAAACCAAABAAABAAABAABABAABABABAAAACCAAAABAAABBBBCACDCAACDBDCCCAAAAABADDBAAAAAAAABAABAAAAAAABBDBDBACCBBBA	['C10B', 'A11B', 'D39A', 'C50A', 'B60C', 'B106A', 'C156A', 'B201A', 'C232A', 'C234A']	10	-6.69582313275896	-7.433697948668851	-11.096258498932002	-3.6625605502631515
ABAAABCBABABAACBDBABBDBDBBBAAACAABAAABDAABAABAAABCBAAAAACACBAABAADACCBAAAACACABBABABAAABABBAABDAABCAAAABABAAAABDCBCAAADABCCDADAAAAAAAABDBDACBADAAABDABAAACACBBADAAACCAAABAAABAAABAABABAABABABAAAACCAAAABBAABBBBCACDCAACDBDCCCAAAAABADDBCACAAAAABAABAAAAAAABBDBDBACCBBBA	['C10B', 'C124D', 'D125A', 'A154C']	4	-6.706160114845261	-9.049326281965477	-12.72222381431493	-3.6728975323494524
ABAAABCBABABAACBDBABBDBDBBBAAACAABAAABDAABAABAAABCBAAAAACACBAABAADACCBAAAACACABBABABAAABABBAABDAABCAAAABABAAAABDCBCAAADABCCDADAAAAAAAABDBDACBADAAABDABAAACACBBADAAACCAAABAAABAAABAABABAABABABAAAACCAAAABBAABBBBCACDCAACDBDCCCAAAAABADDBCACAAAAABAABAAAAAAABBDBDBACCBBBA	['C10B', 'C124D', 'D125A', 'A154C']	4	-6.706160114845261	-9.049326281965477	-12.72222381431493	-3.6728975323494524
ABAAABCBACBBAACBDBABBDBDBBBAAACAABAAABDAABAABAAABCBAAAAACACBAABAADACCBAAAACACABBABABAAABABBAABDAABCABAABABAAAABDCBCAAADABBCCDDAAAAAAAABDBDACBADAAABDABAAAAACBBADAAACCAAABAAABAAABAABABAABABABAAAACCAAAABBAABBBBCACDCAACDBDCCCAAAAABADDBAACAAAAABAABAAAAAAABBDBDBACCBBBA	['A11B', 'A101B', 'C122B', 'C232A']	4	-6.707783059915528	-9.189212111727102	-12.86373258914682	-3.674520477419719
ABAAABCBACBBAACBDBABBDBDBBBAAACAABAAABDAABAABAAABCBAAAAACACBAABAADACCBAAAACACABBABABAAABABBAABDAABCABAABABAAAABDCBCAAADABBCCDDAAAAAAAABDBDACBADAAABDABAAAAACBBADAAACCAAABAAABAAABAABABAABABABAAAACCAAAABBAABBBBCACDCAACDBDCCCAAAAABADDBAACAAAAABAABAAAAAAABBDBDBACCBBBA	['A11B', 'A101B', 'C122B', 'C232A']	4	-6.707783059915528	-9.189212111727102	-12.86373258914682	-3.674520477419719
ABAAABCBACBBAACBCBABBDBDBBBAAACAABAAABDAABAABAAABCBAAAAACACBAABAADACCBAAAACACABBABABAAABABBAABDAABCABAABABAAAABDCBCAAACABCCDDDAAAAAAAACDBDACBADAAABBABAAAAACBBADAAACCAAABAAABAAABAABBBAABABABAAAACCAAAABAAABBBBCACDCAACDBDCBCAAAAABADDBCACAAAAABAABAAAAAAABBDBDBACCBBBA	['A11B', 'D17C', 'A101B', 'D119C', 'C124D', 'B135C', 'D148B', 'A181B', 'B201A', 'C220B']	10	-6.708063660888001	-11.063350950804306	-14.738152029196499	-3.6748010783921927
ABAAABCBACABAACBDBABBDBDBBBAAACAABAAABDAABAABAAABCBAAAAACACBAABAADACCBAAAACACABBABABAAABABBAABDAABCAAAABABAAAABDCBCAAADABCCCDDAAAAAAAABDBDACBADAAABDABAAACACBBADAAACCAAABAAABAAABAABABAABABABAAAACCAAAABBAABBBBCACDCAACDBDCCCAAAAABADDBCACAAAAABAABAAAAAAABBDBDBACCBBBA	['A154C']	1	-6.709067306248471	-8.290389947564108	-11.96619467131677	-3.6758047237526625
ABAAABCBACABAACBABABBDBDBBBAAACAABAAABDAABAABAAABCBAAAAACACBAABAADACCBAAAACACABBABABAAABABBAABDAABCAAAABABAAAABDCBCAAADABCCCDDAAAAAAAABDBDACBADAAABDABAAAAACBBADAAACCAAABAAABAAABAABABAABABABAAAACCAAAABBAABBBBCACDCAACDBDBBCAAAAABADDBCACAAAAABAABAAAAAAABBDBABACCBBBA	['D17A', 'C219B', 'C220B', 'D255A']	4	-6.717479423386976	-8.815712466806872	-12.49992930769804	-3.6842168408911675
ABAAABDBACABAACBDBABBDBDBBBBAACAABAAABAAABAABAAABCBAAAAACACBAABAADACCBAAAACACABBABABAAABABDAABDAABCAAAABABAAAABDCBCAAADABCCADDAAAAAAAABDBDACAADAAABDABAAAAACBBADAAACCAAABAAABAAABAABABAABABABAAAACCAAAABBAABBBBAACDCAACABDCCCAAAAABADDBCADAAAAABAABAAAAAAABBDBDBACCBBBA	['C7D', 'A28B', 'D39A', 'B91D', 'C124A', 'B141A', 'C208A', 'D216A', 'C234D']	9	-6.719301809323952	-11.436856714513851	-15.122895941341994	-3.686039226828143
ABAAABCBACABAACBDBABBDBDBBBAAACAABAAABDAABAABAAABCBAAAAACACBAABAADACCBAAAACACABBABABAAABABBAABDAABCAAAABABAAAABCCBCAAADABCCCDDAAAAAAAABDBDACBADAAABDABAAABACBBADAAACCAAABAAABAAABAABABAABABABAAAACCAAAABAAABBBBCACDCAACDBDCCCAAAAABADDBCACAAAAABAABAAAAAAABBDBDBACCBBBA	['D112C', 'A154B', 'B201A']	3	-6.729378795949742	-8.204985102609498	-11.901101316063432	-3.6961162134539336
ABAAABCBACABAACBAAABCDBDBBBAAACAABAAABDAABAABAAABDBAAAAACAABAABAADACCBADAACACABBABABAAABABBAABDAABCABAABABAAAABDCBCAAABABCCDDDAAAAAAAABDBDACBADAAABDABAAAAACBBADAAACCAAABAAABAAABAABABAABABABAAAACCAAAABAAABBBBCACDCAACDBDCCCAAAAABADDBCACAAAAABAABAAAAAAABBDBDBACCBBBA	['D17A', 'B18A', 'B21C', 'C50D', 'C59A', 'A72D', 'A101B', 'D119B', 'C124D', 'B201A']	10	-6.730227801715955	-10.186760559183313	-13.88372577840346	-3.6969652192201465
ABAAABCBACABAACBABABBDBDBBBAAACAABAAABDAABAABAAABCBAAAAACACBAABAADACCBAAAACACABBABABAAABABBAABDAABCAAAABABAAAABDCBCAAADABCCDDDAAAAAAAABDBDACBADAAABDABAAACACBBADAAACCAAABAAABAAABAABABAABABABAAAACCAAAABAAABBBBCACDCAACDBDCCCAAAAABADDBCACAAAAABAABAAAAAAABBDBDBACCBBBA	['D17A', 'C124D', 'A154C', 'B201A']	4	-6.733058957150206	-9.202602460951312	-12.902398835605709	-3.6997963746543974
ABAAAABBACABAACBDBABBDBDBBBAAAAAABAAABDAABAABAAABCBAAAAACACBAABAADACCBAAACCACABBABABAAABABBAABDAABCAAAABABAAAABBCBCAAADABCCCADAAAAAAAABDBDACBADAAABDABAAAAACBBADAAACCAAABAAABAAABAABBBAABABABAAAACCAAAABBAABBABCACDCAACDBDCCCAAAAABADDBCADAAAAABAABAAAAAAABBDBDBACCBBBA	['B6A', 'C7B', 'C31A', 'A74C', 'D112B', 'D125A', 'A181B', 'B206A', 'C234D']	9	-6.733059488469735	-6.861200213403208	-10.560997119377134	-3.699796905973926
ABAAABDBACBBAACBDBABBDBDBBBAAAAAABAAABDAABAABAAABABAAAAACACBAABAADACCBAAABCACABBABABAAABABBAABDAABCAAAABABAAAABDDBCAAACABBCCDDAAAAAAAABDBDACBADAAABDABBAAACCBBADAAACCAAABAAABAAABAABABAABABABAAAACCAAAABBAABBBBAACBBAACCBDCCCAAAAABADDBCACAAAAABAABAAAAAAABBDBDBACCBBBA	['C7D', 'A11B', 'C31A', 'C50A', 'A74B', 'C113D', 'D119C', 'C122B', 'A151B', 'A155C', 'C208A', 'D211B', 'C212B', 'D216C']	14	-6.733952230773866	-9.401839916099561	-13.102529564377619	-3.7006896482780576
ABAAABCBACABAACBDBAABDBDBBBAAACAABAAABDAABAABAAABCBAAAAACACBAABAADACCAAAAACACABBABABAAABABBAABDABBCABAABABAAAABCCBCAAABABCCBADAAAAAAAABDBDADBADAAABBABAAAAACBBADAAACCAAABAAABAAABAABABAABABABAAAACCAAAABAAABBBBCACDCAACDBDCCCAAAAABADDBDACAAAAABAABAAAAAAABBDBDBACCBBBA	['B20A', 'B70A', 'A97B', 'A101B', 'D112C', 'D119B', 'C124B', 'D125A', 'C140D', 'D148B', 'B201A', 'C232D']	12	-6.736569186881752	-9.56111507161404	-13.264421675999984	-3.7033066043859435
ABAAABCBACABAACBDBABBDBDBBBAAACAABAAABDAABAABAAABCBAAAAACACBAABAADACCBAAAACACABBABABAAABABBAABDAABCABAABABAAAABDCBCAAADABCCCDDAAAAAAAABDBDACBADAAABDABAAAAACBBADAAACCAAABAAABAAABAABABAABABABAAAACCAAAABBAABBBBCACDCAACDBDCCCAAAAABADDBCADAAAAABAABAAAAAAABBDBDBACCBBBA	['A101B', 'C234D']	2	-6.737414205214009	-8.805738310766174	-12.509889933484374	-3.7041516227182
ABAAABCBACABAACBDBAABDBDBBBAAAAAABAAABDAABAAAAAABCBAAAAACACBAABAADACCBAAAACACABBABABAAABABBAABDAABCABAABABAAAABDCBCAAADABCCCDDAAAAAAAABDBDACBADAAABDABAAAACCABABAAACCAAABAAABAAABAABABAABABABAAAACCAAAABAAABBBBCACDCAABDBDCCCAAAAABADDBCACAAAAABAABAAAAAAABBDBDBACCBBBA	['B20A', 'C31A', 'B45A', 'A101B', 'A155C', 'B157A', 'D160B', 'B201A', 'C215B']	9	-6.743627870222554	-7.359726321854396	-11.07009160958114	-3.710365287726745
ABAAABCBACABAACBDBABBDBDBBBAAACAABAAABDAABAABAAABCBAAAAACACBAABAADACCBAAAACACABBABABAAABABBAABDAABCAAAABABAAAABDCBCAAADABCCCDDAAAAAAAABDBDACBADAAABDABAAAACCBBADAAACCAAABAAABAAABAABABAABABABAAAACCAAAABBAABBBBCACDCAACDBDCCCAAAAABADDBCACAAAAABAABAAAAAAABBDBDBACCBBBA	['A155C']	1	-6.744305937318131	-8.572667850618018	-12.28371120544034	-3.7110433548223227
ABAAABCBACABAACBDBABBDBDBBBAAACBABAAABAAABAABAAABABAAAAACACBAABAADACCBAAAACACABBABABAAABABBAABDAABCAAAABABAAAABBDBCAAADABCCDDDAAAAAAAABDBDACBADAAABDABAAAACCBBADAADCCAAABAAABAAABAABABAABABABAAAACCAAAABAAABBBBCACDCAACDBDCCCAAAAABADDBCAAAAAAABAABAAAAAAABBDBABACCBBBA	['A32B', 'D39A', 'C50A', 'D112B', 'C113D', 'C124D', 'A155C', 'A163D', 'B201A', 'C234A', 'D255A']	11	-6.744959073141217	-8.261452746082796	-11.973149236728204	-3.7116964906454086
ABAAABCBACABAACBDBABBDBDBBBAAACBABAAABDAABAABAAABCBAAAAACACBAABAADACCBAAAACACABBABABAAABABBAABDAABCAAAABABAAAABDCBCAAACABCCCDDAAAAAAAABDBDACBADAAABDABAAAAACBBADAAACCAAABAAABAAABAABABAABABABAAAACCAAAABAAABBBBCACCCAACDBDACCCAAAABADDBCACAAAAABAABAAAAAAABBDBDBACCBBBA	['A32B', 'D119C', 'B201A', 'D211C', 'C219A', 'A222C']	6	-6.751714962301776	-9.17415769767831	-12.892610077484278	-3.718452379805967
ABAAABCBACABAACCDBABBDBDBBBBAACAABAAABDAABAABAAABCBAAAAACACBAABAADACCBAAAACACABBABABAAABABBAABDAABCAAAABABAAAABBCBCAAACABCCCDDAAAAAAAABDBDACBADAAABDABAAAACABBADAAACCAAABAAABAAABAABABAABABABAAAACCAAAABAAABBBBCACDCAACDBDCCCAAAAABADDBCACAAAAABAABAAAAAAABBDBDBACCBBBA	['B16C', 'A28B', 'D112B', 'D119C', 'A155C', 'C156A', 'B201A']	7	-6.752129732398316	-10.156860784132732	-13.87572793403524	-3.7188671499025077
ABAAABCBACBBAACBDBABBDDDBBBBAACAABAAABAAABAABAAABABAAAAACACBAABAADACCBAAAACACABBABABAAAAABBAABDAABCABAABABAAAABDCBCAAABABCCCDDAAAAAAAABDBDADBADAAABBABAAAAACBBADAAACCAAABAAABAAABAABABAABABABAAAACCAAAABAAABBBBCACDCAABDBDCCCAAAAABADDBCADAAAAABAABAAAAAAABBABDBACCBBBA	['A11B', 'B23D', 'A28B', 'D39A', 'C50A', 'B88A', 'A101B', 'D119B', 'C140D', 'D148B', 'B201A', 'C215B', 'C234D', 'D253A']	14	-8.587494553765282	-6.75808451550256	-12.312316486772033	-3.7248219330067514
ABAAABCBACABAACBDBABBDBDBBBAAAAAABAAABDAABAABAAABCBAAAAACACBAABAADACCBAAAACACABBABABAAABABBAABDAABCAAAABABAAAACDDBCAAADABCCCADAAAAAAAABDBDADBADAAABBABAAAAACBBADAAACCAAABAAABAAABAABABAABABABAAAACCAAAABBABBBBBCACDCAACDBDCCCAAAAABADDBCACAAAAABAABAAAAAAABBDBDBACCBBBA	['C31A', 'B111C', 'C113D', 'D125A', 'C140D', 'D148B', 'A203B']	7	-9.36572900484316	-6.762111333169742	-13.094577755517093	-3.728848750673933
ABAAABCBACABAACBDBABBDBDBBBAAACAABAAABDAABAABAAABABAAAAACACBAABAADACCBAAAACACABBABABAAABABBAABDBABCAAAABABAAAABCCBCAAABABCCCADAAAAAAAABDBDACBADAAABDABAAAAACBBADAAACCAAABAAABAAABAABABAABABABAAAACCAAAABBAABBBBCACDCAACDBDCCCAAAAABADDBCACAAAAABAABAAAAAAABBDBDBACCBBBA	['C50A', 'A96B', 'D112C', 'D119B', 'D125A']	5	-6.765550301177427	-7.320634627685649	-11.052922346367268	-3.7322877186816186
ABAAABCBACABAACBDBAABDBDBBBAAACAABAAABDAABAABAAABCBAAAAACACBAABAADACCBAAAACACABBABABAAABABBAABDAABCABAABABAAAABDCBCAAADABCCCDDAAAAAAAABDBDACBADAAABDABAAAAACBBADAAACCAAABAAABAAABAABABAABABABAAACCCAAAABBAABBBBCACDCAACDBDCCCAAAAABADDBCACAAAAABAABAAAAAAABBDBDAACCBBBA	['B20A', 'A101B', 'A193C', 'B256A']	4	-6.769607215886936	-9.413708921027137	-13.150053554418264	-3.736344633391127
ABAAABCBABABABCBDBABBDDDBBBBABCAABAAABAAABAABAAABCBAAAAACACBAABAADACCBAAAACACABBABABAAABABBAABDAABCABAABABAAAABDCBCAAADABCCADDAAAAAAAABDBDACBADAAABDABBAAAACBBADAAACCAAABAAABAAABAABABAAAABABAAAACCAAAABAAABBABCACDCAACABDCCCAAAAABADDBCACAAAAABAABAAAAAAABBDBDBACCBBBA	['C10B', 'A14B', 'B23D', 'A28B', 'A30B', 'D39A', 'A101B', 'C124A', 'A151B', 'B185A', 'B201A', 'B206A', 'D216A']	13	-6.777362084481865	-10.00892492372077	-13.753024425706826	-3.7440995019860566
ABAAABCBACABAACBDBABBDBDBBBAAACAABAAABDAABAABAAABABAAAAACACBAABAADACCBADAACACABBABABAAABABBAABDAABCABAABABAAAABDCBCAAADABCCCDDAAAAAAAABDBDADBADAAABBABAAABACBBADABACCAAABAAABAAABAABABAABABABAAAACCAAAABBAABBBBCACDCAACDBDCCCAAAAABADDBCACAAAAABAABAAAAAAABBDBDBACCBBBA	['C50A', 'A72D', 'A101B', 'C140D', 'D148B', 'A154B', 'A162B']	7	-7.814701701281592	-6.778740478184773	-11.560179596970556	-3.745477895688964
ABAAABABACABAACBDBABBDBDBBBAAACAABAAABDAABAABAAABCBAAAAACACBAABAADACCBAAAACACABBABABAAABABBAABDAABCABAABABAAAABDCBCAAADABCCDDDAAAAAAAACDBDADBADAAABBABAAAAACBBADAAACCAAABAAABAAABAABBBAABABABAAAACCAAAABAAABBABCACDCAACDBDACCCAAAABADDBCACAAAAABAABAAAAAAABBDBDBACCBBBA	['C7A', 'A101B', 'C124D', 'B135C', 'C140D', 'D148B', 'A181B', 'B201A', 'B206A', 'C219A', 'A222C']	11	-6.7817575570661575	-7.723214399506105	-11.471709374076454	-3.748494974570349
ABAAABCBACABAACBABABBDBDBBBAAACAABAAABDAABAABAAABCBAAAAACACBAABAADACCBAAAACACABBABABAAABABBACBDAABCABAABABAAAABDCBCAAADABCCADDAAAAAAAACDBDACBCDAAABDABAAAAACBBADAAACCAAABAAABAAABAABABAABABABAAAACCAAAABAAABBBBCACDCAACDBDCCCAAAAABADDBCADAAAAABAABAAAAAAABBDBDBACCBBBA	['D17A', 'A93C', 'A101B', 'C124A', 'B135C', 'A142C', 'B201A', 'C234D']	8	-6.785905413096771	-10.636099639785243	-14.388742470386205	-3.752642830600962
ABAAABCBACABAACBABABBDBDBBBAAACAABAAABDAABAABAAABCBAAAAACACBAABAADACCBAAAACACABBABABAAABABBAABDAABCABAABABAAAABDCBCAAAAABBCAADAAAAAAAABDBDADBADAAABBABAAAAACBBADAAACCAAABAAABAAABAABABAABABABAAAACCAAAABBAABBBBCACBCAACDBDCCCAAAAABADDBCACAAAAABAABAAAAAAABBDBDAACCBBBA	['D17A', 'A101B', 'D119A', 'C122B', 'C124A', 'D125A', 'C140D', 'D148B', 'D211B', 'B256A']	10	-6.7865213609766215	-10.540866656665457	-14.29412543514627	-3.753258778480813
ABAAABCBACABAACBDBABBDBDBBBBADCAABAAABAAABAABAAABCBAAAAACACBAABAADACCBAAAACACABBABABAAABABBAABDAABCAAAABABAAAABACBCAAADABCCCDDAAAAAAAABDBDACBADAAABDABAAAAACBBADAAACCAAABAAABAAABAABABAABABABAAAACCAAAABAAABBBBCACDCAACDBDCBCAAAAABADDBCACAAAAABAABAAAAAAABBABDBACCBBBA	['A28B', 'A30D', 'D39A', 'D112A', 'B201A', 'C220B', 'D253A']	7	-6.787862900877371	-9.36767931652139	-13.122279634902952	-3.754600318381563
ABAAABCBACABAACBDBABBDBDBBBAAACAABAAABDAABAABAAABCBAAAAACACBAABAADACCBAAAACACABBABABAAABABBAABDAABCAAAABABAAAADBCBCAAADABCCADDAAAAAAAABDBDACBADAAABDABBAAACCBBADAADCCAAABAAABAAABAABABAABABABAAAACCAAAABAAABBBBCACDCAACDBDCCCAAAAABADDBCACAAAAABAABAAAAAAABBDBDBACCBBBA	['B111D', 'D112B', 'C124A', 'A151B', 'A155C', 'A163D', 'B201A']	7	-6.788050229195505	-9.633432222966803	-13.3882198696665	-3.754787646699697
ABAAABCBACABAACBDBABCDBDBBBAAACAABAAABDAABAABAAABABAAAAACACBAABAADACCBAAAACACABBABABAAABABBAABDAABCAAAABABAAAABDCBCAAADABCCCDDAAAAAAAABDBDACBADAAABDABAAAAACBBADAAACCAAABAAABAABBAABABAABABABAAAACCAAAABBAABBBBCACDCAACDBDCCCAAAAABADDBCACAAAAABAABAAAAAAABBDBDBACCBBBA	['B21C', 'C50A', 'A176B']	3	-7.10189767065458	-6.80045415830682	-10.869089246465592	-3.7671915758110117
ABAAABCBACABAACBDBABBDBDBBBAAACAABAAABAAABAABAAABCBAAAAACACBAABAADACCBAAAACACABBABABAAABABBAABDAABBAAAABABAAAABDCBCAAADABCCCDDAAAAAAAABDBDACBADAAABDABAAAACCBBADAAACCAAABAAABAAABAABABAABABABAAAACCAAAABAAABBBBCACDCAACDBDCCCAAAAABADDBCACAAAAABAABAAAAAAABBDBDBACCBBBA	['D39A', 'C99B', 'A155C', 'B201A']	4	-6.802232182351872	-8.650091572169913	-12.419061172025977	-3.7689695998560637
ABAAABCBACBBAACBDBABBDBDABBAAACAABAAABDAABAABAAABCBAAAAACACBAABAADACCBAAAACACABBABABAAABABBAABDAABCABAABABAAAABDCBCAAACABBCCDDAAAAAAAABCBDACBADAAABDABAAAACCBBADAAACCAAABAAABAAABAABABAABABABAAAACCAAAABBAABBBBCACDCAACDBDCCCAAAAABADDBCACAAAAABAABAAAAAAABBDBDBACCBBBA	['A11B', 'B25A', 'A101B', 'D119C', 'C122B', 'D136C', 'A155C']	7	-6.80246072798036	-9.89500191292609	-13.664200058410643	-3.769198145484552
ABAAABCBACABAACBABABBDBDBBBAAACAABAAABDAABAAAAAABCBAAAAACACBAABAADACCBAAAACACABBABABAAABABBAABDAABCABAABABAAAABDCBCAAADABCCAADAAAAAAAABDBBADBADAAABBABAAAAACABABAACCAAAABAAABAAABAABABAABABABAAAACCAAAABBAABBBBCACDCAACDBDCCCAAAAABADDBCACAAAAABAABAAAAAAABBDBDBACCBBBA	['D17A', 'B45A', 'A101B', 'C124A', 'D125A', 'D138B', 'C140D', 'D148B', 'B157A', 'D160B', 'A163C', 'C165A']	12	-6.809515800559893	-8.946015303459717	-12.722268521523802	-3.7762532180640846
ABAAABCBACABAACBDBABBDBDBBBAAACAABAAABDAABAABAAABBBAAAAACACBAABAADACCBAAAACACABBABABAAABABBAABDAABCAAAABABAAAABCCBCAAADABCCADDAAAAAAAABDBDACBADAAABDABAAAAACBBADAAACCAAABAAABAAABAABABAABABABAAAACCAAAABAAABBBBCACDCAACDBCCCAAAAAABADDBCACAAAAABAABAAAAAAABBDBDBACCBBBA	['C50B', 'D112C', 'C124A', 'B201A', 'D218C', 'C221A']	6	-6.8214495095890015	-7.903621878911508	-11.691808806004701	-3.788186927093193
ABAAABCBACBBAACBDBABBDBDBBBAAAAAABAAABDAABAABAAABCBAAAAACACBAABAADACCBAAAACACABBABABAAABABBAABDAABCABAABABAAAACDCBCAAACABCCCDDAAAAAAAABDBDACBADAAABDABAAAAACBBADAAACCAAABAAABAAABAABABAABABABAAAACCAAAABBAABBBBCACDCAACDBDCCCAAAAABADDBAACAAAAABAABAAAAAAABBDBDAACCBBBA	['A11B', 'C31A', 'A101B', 'B111C', 'D119C', 'C232A', 'B256A']	7	-6.824802983319387	-8.784318394929869	-12.575858795753447	-3.7915404008235782
ABAAABCBACABAACBABABBDBDBBBAAACAABAAABDAABAABAAABCBAAAAACACBAABAADACCBADAACACABBABABAAABABBAABDAABCAAAABABAAAABDCBCAAADABCCCDDAAAAAAAABDBDACBADAAABDABAAAAAABBADAAACCAAABAAABAAABAABABAABABABAAAACCAAAABAAABBBBAACDCAACDBDCCCAAAAABADDBCACAAAAABAABAAAAAAABBDBDBACCBBBA	['D17A', 'A72D', 'C156A', 'B201A', 'C208A']	5	-6.829204491805285	-9.505260551319225	-13.301202460628701	-3.7959419093094766
ABAAABCBACABAACBABABBDBDBBBAAACAABAAABDAABAABAAABBBAAAAACACBAABAADACCBAAAACACABBABABAAABABBAABDAABCABAABABAAAABDCBCAAADABCCADDAAAAAAAABDBCACBADAAABDABBAAACCBBADAAACCABABAAABAAABAABABAABABBBAAAACCAAAABBAABBBBCACDCAACDBDCBCAAAAABADDBDACAAAAABAABAAAAAAABBDBDBACCBBBA	['D17A', 'C50B', 'A101B', 'C124A', 'D138C', 'A151B', 'A155C', 'A167B', 'A188B', 'C220B', 'C232D']	11	-6.830576194217429	-8.916528130386723	-12.713841742108343	-3.79731361172162
ABAAABCBACABAACBABABBDBDBBBAAAAAABAAABDAABAABAAABCBAAAAACACBAABAADACCBAAAACACABBABABAAABABBAABDAABCAAAABABAAAACDDBCAAADABCCBDDAAAAAAAABDBDACBADAAABDABAAAAACBBADAAACCAAABAAABAAABAABABAABABABAAAACCAAAABBABBBBBCACDCAACDBDCCCAAAAABADDBCACAAAAABAABAAAAAAABBDBDBACCBBBA	['D17A', 'C31A', 'B111C', 'C113D', 'C124B', 'A203B']	6	-6.833684943825574	-9.479393821180565	-13.27981618251033	-3.8004223613297654
ABAAABCBACABAACBDBAABDBDBBBAAAAAABAAABDAABAABAAABBBAAAAACACBAABAADACCBAAAACACABBABABAAABABBAABDAABCABAABABAAAABDCBCAAADABCCCDDAAAAAAAABBBDADBADAAABBABAAAAACBBADAAACCAAABAAABAAABAABABAABABABAAAACCAAAABBAABBBBAACDCAACDBDCCCAAAAABADDBCACAAAAABAABAAAAAAABBDBDAACCBBBA	['B20A', 'C31A', 'C50B', 'A101B', 'D136B', 'C140D', 'D148B', 'C208A', 'B256A']	9	-9.428614569362253	-6.839004811801715	-13.23435679866816	-3.805742229305906
ABAAABCBABABAACBDBABBDBDBBBAAACAABAAABDAABAABAAABCBAAAAACACBAABAADACCBAAAACACABBABABAAABABBAABDAABCABAABABAAAABDCBCAAACABBCDCDAAAAAAAABDBDACBADAAABCABAAAAACBBADAAACCAAABAAABAAABAABABAABABABAAAACCAAAABBAABBBBCACDCAACDBCCCCAAAAABADDBCACAAAAABAABAAAAAAABBDBDBACCBBBA	['C10B', 'A101B', 'D119C', 'C122B', 'C124D', 'D125C', 'D148C', 'D218C']	8	-6.8477930126246065	-10.345273653947515	-14.159804084076313	-3.814530430128798
ABAAABCBACBBAACBDBABBDBCBBBAAAAAABAAABDAABAABAAABCBAAAAACACBAABAADACCBAAAACACABBABABAAABABBAABDAABCABAABABAAAABDCBCAAACABBCCADAAAAAAAABDBDACBADAAABDABAAAAACBBADAAACCAAABAAABAAABAABABAABABABAAAACCAAAABAAABBBBCACDCAACDBDCBCAAAAABADDBAACAAAAABAABAAAAAAABBDBDBACCBBBA	['A11B', 'D24C', 'C31A', 'A101B', 'D119C', 'C122B', 'D125A', 'B201A', 'C220B', 'C232A']	10	-6.851514542708173	-7.272467592702014	-11.09071955291438	-3.818251960212365
ABAAABCBACBBAACBDBABBDBCBBBAAAAAABAAABDAABAABAAABCBAAAAACACBAABAADACCBAAAACACABBABABAAABABBAABDAABCABAABABAAAABDCBCAAACABBCCADAAAAAAAABDBDACBADAAABDABAAAAACBBADAAACCAAABAAABAAABAABABAABABABAAAACCAAAABAAABBBBCACDCAACDBDCBCAAAAABADDBAACAAAAABAABAAAAAAABBDBDBACCBBBA	['A11B', 'D24C', 'C31A', 'A101B', 'D119C', 'C122B', 'D125A', 'B201A', 'C220B', 'C232A']	10	-6.851514542708173	-7.272467592702014	-11.09071955291438	-3.818251960212365
ABAAABABACBBAACBDBAABDBDBBBAAAAAABAAABDAABAABAAABCBAAAAACACBAABAADACCBAAAACACABBABABAAABABBAABDAABCABAABABAAAABDCBCAAADABCCCDDAAAAAAAACDBDACBADAAABDABBAAAACBBADAAACCAAABAAABAAABAABABAABABABAAAACCAAAABAAABBBBCACDCAACDBDCCCAAAAABADDBCACAAAAABAABAAAAAAABBDBDAACCBBBA	['C7A', 'A11B', 'B20A', 'C31A', 'A101B', 'B135C', 'A151B', 'B201A', 'B256A']	9	-6.853419944411144	-8.30596060861717	-12.126117970532505	-3.820157361915335
ABAAABCBACABABCBDBABBDBDBBBAAAAAABAAABDAABAABAAABCBAAAAACACBAABAADACCBAAAACACABBABABAAABABBAABDAABCAAAABAAAAAABBCBCAAADABCCAADAAAAAAACBBBDACBADAAABDABAAAAACBBADAAACCABABAAABAAABAABABAABABABAAAACCAAAABAAABBBBCACDCAACDBDCCCAAAAABADDBCADAAAAABAABAAAAAAABBDBDBACCBBBA	['A14B', 'C31A', 'B106A', 'D112B', 'C124A', 'D125A', 'A134C', 'D136B', 'A167B', 'B201A', 'C234D']	11	-6.856821467867121	-8.818070289649768	-12.64162917502108	-3.8235588853713125
ABAAABCBACABAACBDBABBDBDBBBAAACAABAAABDAABAABAAABABAAAAACACBAABAADACCBAAAACACABBABABAAABABBCABDAABCAAAABABAAAABDCBCAAADABCCCADAAAAAAAACDBDACBADAAABDABAAACACBBADABACCAAABAAABAAABAABABAABABABAAAACCAAAABAAABBBBCACDCAABDBDCCCAAAAABADDBCADAAAAABAABAAAAAAABBDBDBACCBBBA	['C50A', 'A92C', 'D125A', 'B135C', 'A154C', 'A162B', 'B201A', 'C215B', 'C234D']	9	-7.7167890758719295	-6.858910000853939	-11.54243649423006	-3.8256474183581304
ABAAABCBACBBAACBDBABBDBCABBAAAAAABAAABDAABAABAAABCBAAAAACACBAABAADACCBADAACACABBABABAAABABBAABDAABCABAABABAAAABDCBCAAACABBCADDAAAAAAAABDBDADBADAAABBABAAACACBBADAAACAAAABAAABAAABAABABAABABABAAAACCAAAABBAABBBBCACDCAACDBCCCCAAAAABADDBCACAAAAABAABAAAAAAABBABDBACCBBBA	['A11B', 'D24C', 'B25A', 'C31A', 'A72D', 'A101B', 'D119C', 'C122B', 'C124A', 'C140D', 'D148B', 'A154C', 'C165A', 'D218C', 'D253A']	15	-8.583837519166991	-6.8635425632528495	-12.414117499924032	-3.830279980757041
ABAAABCBACABABCBABABBDBDBBBAAACAABAAABDAABAABAAABCBAAAAACACBAABAADACCBADAACACABBABABAAABABBAABDAABCAAAABABAAAABDCBCAAADABCCADDAAAAAAAABDBDACBADAAABDABAAAAAABBADAAACCAAABAAABAAABAABABAABABABAAAACCAAAABAAABBBBCACDCAACDBDCCCAAAAABADDBCACAAAAABAABAAAAAAABBDBDAACCBBBA	['A14B', 'D17A', 'A72D', 'C124A', 'C156A', 'B201A', 'B256A']	7	-6.870249703293666	-11.034683681995375	-14.871670802793233	-3.8369871207978576
ABAAABCBACBBAACBDBABBDBDBBBAAACAABAAABDAABAABAAABCBAAAAACACBAABAADACCBAAAACACABBABABAAABABBAABDAABCABAABABAAAAADCBCAAACABBCCDDAAAAAAAABDBDACBADAAABDABBAAACCBBADAAACCAAABAAABAAABAABABAABABABAAAACCAAAABBAABBBBCACDCAACDBDCCCAAAAABADDBCACAAAAABAABAAAAAAABBDBDBACCBBBA	['A11B', 'A101B', 'B111A', 'D119C', 'C122B', 'A151B', 'A155C']	7	-6.875271698227152	-11.489337254752172	-15.331346370483516	-3.8420091157313436
ABAAABCBACABAACBDBABBDDDBBBBAACAABAABBDAABAABAAABCBAAAAACACBAABAADACCBADAACACABBABABAAABABBAABDAABCAAAABABAAAABDCBCAAAAABBCCADAAAAAAAABDBDACBADAAABDABAAAAACBBADAAACCAAABAAABAAABAABABAABABABAAAACCAAAABBAABBBBCACDCAABDBDCCDCAAAABADDBCACAAAAABAABAAAAAAABBDBDBACCBBBA	['B23D', 'A28B', 'A37B', 'A72D', 'D119A', 'C122B', 'D125A', 'C215B', 'C221D', 'A222C']	10	-6.885008574230596	-10.622619926856714	-14.474365918591502	-3.851745991734788
ABAAACCBABABAACBDBABBDBDBBBAAACAABAAABDAABAABAAABCBAAAAACACBAABAADACCBAAAACACABBABABAAABABBAABDAABCABAABABAAAABBCBCAAADABCCDADAAAAAAAACDBDACBADAAABDABAAAACCBBADAAACCAAABAAABAAABAABAAAABABABAAAACCAAAABAAABBABCACDCAACDBDCCCAAAAABADDBCACAAAAABAABAAAAAAABBDBDBACCBBBA	['B6C', 'C10B', 'A101B', 'D112B', 'C124D', 'D125A', 'B135C', 'A155C', 'B182A', 'B201A', 'B206A']	11	-6.88952534715645	-9.069085689698113	-12.925348454358755	-3.8562627646606416
ABAAABCBACABAACBDBABBDBDBBBAAACAABAAABDAABAABAAABCBAAAAACACBAABAADACCBADAACACABBABABAAABABBAABDAABCAAAABABAAAABDCBCAAADABCCADDAAAAAAAABDBDACBADAAABDABAAAAAABBADAAACCABABAAABAAABAABABAABABABAAAACCAAAABBAABBBBCACDCAACDBDCCCAAAAABADDBCACAAAAABAABAAAAAAABBDBDBACCBBBA	['A72D', 'C124A', 'C156A', 'A167B']	4	-6.894883597968146	-10.364957194746239	-14.226578210218577	-3.8616210154723376
ABAAABCBACABAACBDBABBDBDBBBAAACAABAAABDAABAABAAABCBAAAAACACBAABAADACCBADAACACABBABABAAABABBAABDAABCAAAABABAAAABDCBCAAADABCCADDAAAAAAAABDBDACBADAAABDABAAAAAABBADAAACCABABAAABAAABAABABAABABABAAAACCAAAABBAABBBBCACDCAACDBDCCCAAAAABADDBCACAAAAABAABAAAAAAABBDBDBACCBBBA	['A72D', 'C124A', 'C156A', 'A167B']	4	-6.894883597968146	-10.364957194746239	-14.226578210218577	-3.8616210154723376
ABAAABCBACABAACBDBABBDBDBBBAAACAABAAABDAABAABAAABCBAAAAACACBAABAADACCBAAAACACABBABABAAABABBAABDAABCABAABABAAAABDCBCAAADABCCCDDAAAAAAAABDBDACBADAAABDABAAAAACBBADAACCCAAABAAABAAABAABABAABABABAAAACBAAAABBAABBBBCACDCAACABDBCCAAAAABADDBCACAAAAABAABAAAAAAABBDBDBACCBBBA	['A101B', 'A163C', 'C195B', 'D216A', 'C219B']	5	-6.895056297304109	-8.990320138604147	-12.852113853412447	-3.8617937148083
ABAAABCBACABAACBABABBDBDBBBAAAAAABAAABDAABAABAAABCBAAAAACACBAABAADACCBAAAACACABBABABAAABABBAABDAABCABAABABAAAABBCBCAAADABCCDDDAAAAAAAABDBDADBADAAABBABAAAAACBBADAACCCAAABAAABAAABAABABAABABABAAAACCAAAABAAABBBBCACBCAACDBDCDCAAAAABADDBCACAAAAABAABAAAAAAABBDBDAACCBBBA	['D17A', 'C31A', 'A101B', 'D112B', 'C124D', 'C140D', 'D148B', 'A163C', 'B201A', 'D211B', 'C220D', 'B256A']	12	-6.895613722736016	-7.982066469703568	-11.844417609943775	-3.8623511402402073
ABAAABCBACABAACBDBABBDBDBBBBAACAABAABBAAABAABAAABCBAAAAACACBAABAADACCBAAAACACABBABABAAABABBAABDAABCAAAABABAAAABACBCAAACABCCDADAAAAAAAABDBDADBADAAABBABAAAAACBBADAAACCAAABAAABAAABAABABAABABABAAAACCAAAABBAABBBBCACDCAACDBCCCCAAAAABADDBCACAAAAABAABAAAAAAABBDBDBACCBBBA	['A28B', 'A37B', 'D39A', 'D112A', 'D119C', 'C124D', 'D125A', 'C140D', 'D148B', 'D218C']	10	-6.8999280265998095	-8.88290018538828	-12.749565629492281	-3.866665444104001
ABAAABCBACABAACBDBABBDBBBBBAAACAABAAABDAABAADAAABCBAAAAACACBAABAADACCBAAAACACABBABABAAABABBAABDAABCABAABABAAAABDCBCAAADABCCCADAAAAAAAABDBDADBADAAABBABAAAAACBBADAAACCAAABAAABAAABAABABAABABABAAAACCAAAABBAABBBBCACDCAACDBDCCCAAAAABADDBCACAAAAABAABAAAAAAABBDBDBACCBBBA	['D24B', 'B45D', 'A101B', 'D125A', 'C140D', 'D148B']	6	-8.876601443393156	-6.910325840552105	-12.753664701449452	-3.877063258056296
ABAAABCBACABAACBDBABBDBDBBBAAACAABAAABDAABAABAAABCBAAAAACACBAABAADACCBAAAACACABBABABAAABABBAABDAABCAAAABABAAAABDCBCAAADABCCCADAAAAAAAACDBDACBADAAABDABAAACACBBADABACCAAABAAABAAABAABABAABABABAAAACCAAAABAAABBBBCACDCAABDBDCCCAAAAABADDBCADAAAAABAABAAAAAAABBDBDBACCBBBA	['D125A', 'B135C', 'A154C', 'A162B', 'B201A', 'C215B', 'C234D']	7	-6.915761342039332	-8.437368505605264	-12.319867265148787	-3.882498759543523
ABAAABCBACABAACBDBABBDBDBBBAAACAABAAABAAABAABAAABCBAAAAACACBAABAADACCBADAACACABBABABAAABABBAABDAABCAAAABABAAAABDCBCAAADABCCCDDAAAAAAAABDBDACBADAAABDABAAAAACBBADCAACCAAABAAABAAABAABABAABABABAAAACCAAAABAAABBABCACDCAACDBDCCCAAAAABADDBCACAAAAABAABAAAAAAABBDBDBACCBBBA	['D39A', 'A72D', 'A161C', 'B201A', 'B206A']	5	-6.916548710083589	-7.457945229456527	-11.341231357044308	-3.8832861275877804
ABAAABCBACBBABCBDBABBDBDBBBAAAAAABAAABDAABAABAAABCBAAAAACACBAABAADACCBAAAACACABBABAAAAABABBAABDACBCAAAABABAAAABDDBCAAABABCCCDDAAAAAAAABDBDACBADAAABDABBAAACCABADAAACCAAABAAABAAABAABABAABABABAAAACCAAAABAAABBABBACDCAACDBCCCCAAAAABADDBCACAAAAABAABAAAAAAABBDBDBACCBBBA	['A11B', 'A14B', 'C31A', 'B84A', 'A97C', 'C113D', 'D119B', 'A151B', 'A155C', 'B157A', 'B201A', 'B206A', 'C208B', 'D218C']	14	-6.925480730831623	-7.571672554098768	-11.463890702434583	-3.8922181483358145
ABAAABCBACBBAACBDBABBDBBBBBBAACAABAAABDAABAABAAABCBAAAAACACBAABAADACCBAAAACACABBABABAAABABBAABDAABCABAABABAAAABDABCAAADABBCADDAAAAAAAABDBDADBADAAABBABAAAAACBBADAAACCAAABAAABAAABAABABAABABABAAAACCAAAABBAABBBBCACDCAACDBDCCCAAAAABADDBCACAAAAABAABAAAAAAABBDBDBACCBBBA	['A11B', 'D24B', 'A28B', 'A101B', 'C113A', 'C122B', 'C124A', 'C140D', 'D148B']	9	-6.927759004989639	-8.888517449580831	-12.783013872074662	-3.8944964224938303
ABAAABCBACBBABCBDBABBDBDBBBAAACAAAAAABDACBAABAAABCBAAAAACACBAABAADACCBAAAACACABBABABAAABACBAABDAABCABAABABAAAABDCBCAAADABCCCDDAAAAAAAABDBDACBADAAABDABAAAACABBADAAACCAAABAAABAAABAABABAABABABAAAACCAAAABBAABBBBAACDCAACDBDCCCAAAAABADDBCACAAAAABAABAAAAAAABBDBDAACCBBBA	['A11B', 'A14B', 'B34A', 'A41C', 'B90C', 'A101B', 'A155C', 'C156A', 'C208A', 'B256A']	10	-6.92968578916043	-10.061592915066285	-13.958016121730907	-3.896423206664622
ABAAABCBACABABCBAAABCDBDBBBAAACAABAAABDAABAABAAABDBAAAAACAABAABAADACCBADAACACABBABABAAABABBAABDAABCABAABABAAAABDCBCAAABABCCDDDAAAAAAAABDBDACBADAAABDABAAAAACBBADAAACCAAABAAABAAABAABABAABABABAAAACCAAAABAAABBBBCACDCAACDBDCCCAAAAABADDBCACAAAAABAABAAAAAAABBDBDBACCBBBA	['A14B', 'D17A', 'B18A', 'B21C', 'C50D', 'C59A', 'A72D', 'A101B', 'D119B', 'C124D', 'B201A']	11	-6.936776455258951	-10.534025422733976	-14.437539295497118	-3.903513872763142
ABAAABCBACABAACBDBABBDBDBBBAAACAABAAABDAABAABAAABABAAAAACACBAABAADACCBADAACACABBABABAAABABBAABDAABCAAAABABAAAABDCBCAAACABCCADDAAAAAAAABDBDACBADAAABDABAAAAACBBADAAACCAAABAAABAAABAABABAABABABAAAACCAAAABAAABBBBCACDCAACDBDCBCAAAAABADDBCACAAAAABAABAAAAAAABBDBDBACCBBBB	['C50A', 'A72D', 'D119C', 'C124A', 'B201A', 'C220B', 'A263B']	7	-6.941307373577729	-9.149106862925692	-13.057151654007612	-3.9080447910819203
ABAAABCBACABAACBDBABBDBDBBBAAACAABAAABDAABAABAAABCBAAAAACACBAABAADACCBAAAACACABBABABAAABABBAABDAABCABAABABAAAABDCBCAAADABCCCDDAAAAAAAABDBDACBADAAABDABBAAACABBADAAACCAAABAAABAAABAABABAABABABAAAACCAAAABBAABBBBAACDCAACDBDCCCAAAAABADDBCACAAAAABAABAAAAAAABBDBDBACCBBBA	['A101B', 'A151B', 'A155C', 'C156A', 'C208A']	5	-6.942539300303906	-10.419486764789326	-14.328763482597424	-3.9092767178080976
ABAAABCBACABAACBDBABBDBDBBBAAACAABAAABDAABAABAAABCBAAAAACACBAABAADACCBAAAACACABBABABAAABABBAABDAABCABAABABAAAABDCBCAAADABCCCDDAAAAAAAABDBDACBADAAABDABBAAACABBADAAACCAAABAAABAAABAABABAABABABAAAACCAAAABBAABBBBAACDCAACDBDCCCAAAAABADDBCACAAAAABAABAAAAAAABBDBDBACCBBBA	['A101B', 'A151B', 'A155C', 'C156A', 'C208A']	5	-6.942539300303906	-10.419486764789326	-14.328763482597424	-3.9092767178080976
ABAAABCBACABAACBDBABBDBDBBBAAAAAABAAABDAABAABAAABCBAAAAACACBAABAADACCBAAAACACABBABABAAABABBAABDAABCABAABABAAAABDCBCAAADABCCCDDAAAAAAAABDBDACBADAAABDABBAAAACBBADAAACCAAABAAABAAABAABABAABABABAAAACCAABABAAABBBBCACDCAACDBDCCCAAAAABADDBCACAAAAABAABAAAAAAABBDBDBACCBBBA	['C31A', 'A101B', 'A151B', 'A198B', 'B201A']	5	-6.9431366787757725	-7.1753857829316985	-11.085259879211662	-3.909874096279964
ABAAABCBACBBAACBDBABBDBCABBAAACAABAAABDAABAABAAABCBAAAAACACBAABAADACCBAAAACACABBABABAAABABBAABDAABCABAABABAAAABDCBCAAACABBCCDDAAAAAAAABCBDACBADAAABDABAAAACCBBADAAACCAAABAAABAAABAABABAABABABAAAACCAAAABBAABBBBCACDCAACDBDCCCAAAAABADDBCACAAAAABAABAAAAAAABBDBDBACCBBBA	['A11B', 'D24C', 'B25A', 'A101B', 'D119C', 'C122B', 'D136C', 'A155C']	8	-6.944973329780623	-8.97565418711747	-12.887364934402285	-3.9117107472848147
ABAAABCBACABAACBABAABDBDBBBBAACAABAAABAAABAABAAABCBAAAAACACBAABAADACCDAAAACACABBABABAAABABBAABDAABCAAAABABAAAABDCBCAAADABCCAADAAAAAAAABDBDADBADAAABBABAAAAACBBADAADCCAAABAAABAAABAABABAABABABAAAACCAAAABAAABBBBAACDCAACDBDCCCAAAAABADDBCACAAAAABAABAAAAAAABBDBDBACCBBBA	['D17A', 'B20A', 'A28B', 'D39A', 'B70D', 'C124A', 'D125A', 'C140D', 'D148B', 'A163D', 'B201A', 'C208A']	12	-6.955279647139832	-8.322370761976345	-12.244387826620368	-3.9220170646440238
ABAAACCBACABAACBABABBDBDBBBAAACAABAAABDAABAABAAABCBAAAAACACBAABAADACCBAAAACACABBABABAAABABBAABDAABCABAABABAAAABDCBCAAADABCCDDDAAAAAAAABDBDACBADAAABDABAAAACCBBADAACCCAAABAAABAAABAABABAABABABAAAACCAAAABAAABBBBCACDCAACDBDCCCAAAAABADDBCACAAAAABAABAAAAAAABBDBDBACCBBBA	['B6C', 'D17A', 'A101B', 'C124D', 'A155C', 'A163C', 'B201A']	7	-6.955291327787563	-10.114727056090487	-14.036755801382242	-3.9220287452917546
ABAAACCBACABAACBABABBDBDBBBAAACAABAAABDAABAABAAABCBAAAAACACBAABAADACCBAAAACACABBABABAAABABBAABDAABCAAAABABAAAABDCBCAAADABCCDAAAAAAAAAACDBDACBADAAABDABAAAAACBBADAAACCAAABAAABAAABAABABAABABBBAAAACCAAAABBAABBBBCACDCAACDBCCBCAAABAAADDBCAAAAAAABAABAAAAAAABBDBDBACCBBBA	['B6C', 'D17A', 'C124D', 'D125A', 'D126A', 'B135C', 'A188B', 'D218C', 'C220B', 'A225B', 'B227A', 'C234A']	12	-6.956625996856019	-7.796062832669122	-11.719426247029332	-3.9233634143602103
ABAAABCBACABAACBDBABBDBDBBBAAACAABAAABDAABAABAAABCBAAAAACACBAABAADACCBAAAACACABBABABAAABABBAABDAABCABAABABAAAABBCBCAAADABCCCDDAAAAAAAABDBDACBADAAABDABBAAACCBBADAAACCAAABAAABAAABAABABAABABABAAAACCAAAABBAABBBBCACDCAACDBDCBCAAAAABADDBCACAAAAABAABAAAAAAABBDBDBACCBBBA	['A101B', 'D112B', 'A151B', 'A155C', 'C220B']	5	-6.96572709758766	-10.445657325879438	-14.37812184097129	-3.9324645150918514
ABAAABCBACABAACBDBABBDBDBBBAAACAABAAABDAABAABAAABCBAAAAACACBAABAADACCBAAAACACABBABABAAABABCAABDAABCABAABABAAAABDCBCAAACABBCADDAAAAAAAABDBDACBADAAABDABAAAAACBBADAACCCAAABAAABAAABAABABAABABABAAAACCAAAABBAABBBBBACDCAACDBDCCCAAAAABADDBCACAAAAABAABAAAAAAABBDBBBACCBBBA	['B91C', 'A101B', 'D119C', 'C122B', 'C124A', 'A163C', 'C208B', 'D255B']	8	-6.966064933221787	-10.007717623811914	-13.940519974537892	-3.9328023507259786
ABAAABCBACBBABCBDBABBDBDBBBAAACBABAAABAAABAABAAABABAAAAACACBAABAADACCBAAAACACABBABABAAABABBAABDAABCABAABABAAAABDDBCAAADABCCCADAAAAAAAACDBDACBADAAABDABAAAACCBBADAAACCAAABAAABAAABAABABAABABABAAAACDAAAABAAABBBBCACDCAACDBDCCCAAAAABADDBCACAAAAABAABAAAAAAABBDBDBACCBBBA	['A11B', 'A14B', 'A32B', 'D39A', 'C50A', 'A101B', 'C113D', 'D125A', 'B135C', 'A155C', 'C195D', 'B201A']	12	-6.970622821943834	-8.74740372269298	-12.684763962141005	-3.937360239448026
ABAAABCBACBBAACBDBABBDBCBBBAAACAABAAABDAABAABAAABCBAAAAACACBAABAADACCBAAAACACABBABABAAABABBAABDAABCABAABABAAAABDCBCAAACABBCCDDAAAAAAAACDBDACBADAAABDABBAAACCBBADAAACCAAABAAABAAABAABABAABABABAAAACCAAAABBAABBBBCACDCAACDBDCCCAAAAABADDBCACAAAAABAABAAAAAAABBDBDAACCBBBA	['A11B', 'D24C', 'A101B', 'D119C', 'C122B', 'B135C', 'A151B', 'A155C', 'B256A']	9	-6.978732448769733	-11.41054071529652	-15.356010581570445	-3.9454698662739247
ABAAABCBACBBAACBDBABBDBDBBBAAACAABAAABDAABAABAAABABAAAAACACBAABAADACCBAAAACACABBABABAAABABBAABDAABCABAABABAAAABDCBCAAAAABBCCDDAAAAAAAABDBDACBADAAABDABAAAACCBBADAAACCAAABAAABAAABAABABAABABABAAAACCAAAABBAABBBBCACDCAACDBDCCCAAAAABADDBAACAAAAABAABAAAAAAABBDBDAACCBBBA	['A11B', 'C50A', 'A101B', 'D119A', 'C122B', 'A155C', 'C232A', 'B256A']	8	-6.979723430937156	-9.37125054417993	-13.317711392621277	-3.9464608484413475
ABAAACCBABABAACBDBABBDADBBBAAAAAABAAABDAABAABAAABCBAAAAACACBAABAADACCBAAAACACABBABABAAABABBAABDAABCABAABABAAAABDCBCAAADABCCADDAAAAAAAABDBDACBADAAABDABAAAAAABBADAAACCAAABAAABAAABAABABAABABABAAAACCAAAABAAABBBBCACDCAACDBDCCCAAAAABADDBCACAAAAABAABAAAAAAABBDBDBACCBBBA	['B6C', 'C10B', 'B23A', 'C31A', 'A101B', 'C124A', 'C156A', 'B201A']	8	-6.983329194365069	-8.275456041956204	-12.225522653825465	-3.9500666118692607
ABAAABCBACBBABCBDBABBDBABBBBAACAABAAABAAABAABAAABCBAAAAACACBAABAADACCBADACCACABBABABAAABABBAABDABBCAAAABABAAAABDCBCAAACAACCCDDAAAAAAAABDADACBADAAABDABBAAAACBBADAAABCAAABAAABAAABAABABAABAAABAAAACCAAAABAAABBBBCACDCAACDBDCCCAAAAABADDBAABAAAAABAABAAAAAAABBDBDBACCBBBA	['A11B', 'A14B', 'D24A', 'A28B', 'D39A', 'A72D', 'A74C', 'A97B', 'D119C', 'B121A', 'B137A', 'A151B', 'C164B', 'B187A', 'B201A', 'C232A', 'C234B']	17	-6.99278368987143	-11.636487055540783	-15.596008162916405	-3.959521107375622
ABAAABCBACBBABCBDBABBDBABBBBAACAABAAABAAABAABAAABCBAAAAACACBAABAADACCBADACCACABBABABAAABABBAABDABBCAAAABABAAAABDCBCAAACAACCCDDAAAAAAAABDADACBADAAABDABBAAAACBBADAAABCAAABAAABAAABAABABAABAAABAAAACCAAAABAAABBBBCACDCAACDBDCCCAAAAABADDBAABAAAAABAABAAAAAAABBDBDBACCBBBA	['A11B', 'A14B', 'D24A', 'A28B', 'D39A', 'A72D', 'A74C', 'A97B', 'D119C', 'B121A', 'B137A', 'A151B', 'C164B', 'B187A', 'B201A', 'C232A', 'C234B']	17	-6.99278368987143	-11.636487055540783	-15.596008162916405	-3.959521107375622
ABAAABCBACBBAACBDBABCDBDBBBAAACAABAAABDAABAABAAABABAAAAACACBAABAADACCBAAAACACABBABABAAABABBCABDAABCAAAABABAAAABDCBCAAACABCCADDAAAAAAAABDBDACBADAAABDABAAAAACBBADAAACCAAABAAABAAABAABABAABABABAAAACCAAAABBAABBBBCACDCAACDBDCCCAAAAABADDBCACAAAAABAABAAAAAAABBDBDAACCBBBA	['A11B', 'B21C', 'C50A', 'A92C', 'D119C', 'C124A', 'B256A']	7	-6.992808610899374	-9.31475096612121	-13.274296994524775	-3.9595460284035653
ABAAABCBACBBAACBCBABBDDDBBBAAACAABAAABDAABAABAAABABAAAAACACBAABAADACCBAAAACACABBABABAAABABBAABDAABCABAABABAAAABDCBCAAADABCCADDAAAAAAAACDBDACBADAAABDABBAAACCBBADAAACCAAABAAABAAABAABABAABABABAAAACCAAAABBAABBBBCACDCAACDBDCCCAAAAABADDBCACAAAAABAABAAAAAAABBDBDBACCBBBA	['A11B', 'D17C', 'B23D', 'C50A', 'A101B', 'C124A', 'B135C', 'A151B', 'A155C']	9	-6.995917657157406	-10.397705715076881	-14.360360789738479	-3.9626550746615976
ABAAABCBACABAACBABABBDBDBBBAAACAABAAABDAABAABAAABBBAAAAACACBAABAADACCBAAAACACABBABABAAABABBAABDAABCABAABABAAAAADDBCAAADABCCAADAAAAAAAABDBDADBADAAABBABAAAAACBBADAAACCAAABAAABAAABAABABAABABABAAAACCAAAABBAABBBBCACDCAACDBCCCCAAAAABADDBCACAAAAABAABAAAAAAABBDBDBACCBBBA	['D17A', 'C50B', 'A101B', 'B111A', 'C113D', 'C124A', 'D125A', 'C140D', 'D148B', 'D218C']	10	-7.003692282596603	-8.27595811613719	-12.246387816237984	-3.9704297001007944
ABAAABCBACABAACBDBAABDBDBBBAAACAABAAABDAABAABAAABCBAAAAACACBAABAADACCBAAAACACABBABABAAABABBAABDAABCAAAABABAAAABACBCAAADABCCADDAAAAAAAABDBDACBADAAABDABAAAAACBBADAAACCAAABAAABAAABAABABAABABABAAAACCAAAABBAABBBBCACDCAACDBDCCCAAAAABADDBCACAAAAABAABAAAAAAABBDBDBACCBBBA	['B20A', 'D112A', 'C124A']	3	-7.0190381582360715	-10.115805726469262	-14.101581302209524	-3.985775575740263
ABAAABCBACABABCBDBAABDBDBBBAAAAAABAAABDAABAABAAABCBAAAAACACBAABAADACCBAAAACACABBABABAAABABBAABDAABCABAABABAAAABDCBCAAADABCCADDAAAAAAAABDBDADBADAAABBABAAAAACBBADAAACCAAABAAABAAABAABABAABABABAAABCCAAAABAAABBBBCACBCAACDBBCCCAAAAABADDACACAAAAABAABAAAAAAABBDBDBACCBBBA	['A14B', 'B20A', 'C31A', 'A101B', 'C124A', 'C140D', 'D148B', 'A193B', 'B201A', 'D211B', 'D218B', 'B231A']	12	-9.146924391156062	-7.023793249129085	-13.137455057789339	-3.9905306666332763
ABAAABCBACABAACBABABBDBDBBBAAACAABAAABDAABAABAAABCBAAAAACACBAABAADACCBAAAACACABBABABAAABABBAABDAABCAAAABABAAAABDCBCAAADABCCCADAAAAAAAABDBDACBADAAABDABAAAAACBBADAAACCAAABAAABAAABAABABAABABABAAACCCAAAABAAABBBBCACDCAACDBDCCCAAAAABADDBAACAAAAABAABAAAAAAABBDBDBACCBBBA	['D17A', 'D125A', 'A193C', 'B201A', 'C232A']	5	-7.024756923085079	-8.091717526287539	-12.083211866876809	-3.99149434058927
ABAAABCBACABAACBABABBDBDBBBAAACAABAAABDAABAABAAABCBAAAAACACBAABAADACCBAAAACACABBABABAAABABBAABDAABCAAAABABAAAABDCBCAAADABCCCADAAAAAAAABDBDACBADAAABDABAAAAACBBADAAACCAAABAAABAAABAABABAABABABAAACCCAAAABAAABBBBCACDCAACDBDCCCAAAAABADDBAACAAAAABAABAAAAAAABBDBDBACCBBBA	['D17A', 'D125A', 'A193C', 'B201A', 'C232A']	5	-7.024756923085079	-8.091717526287539	-12.083211866876809	-3.99149434058927
ABAAABCBACBBAACBDBABCDBDABBAAACAABAAABDAABAABAAABCBAAAAACACBAABAADACCBAAAACACABBABABAAABABBAABDAABCAAAABABAAAABDCBCAAAAABBCCADAAAAAAAABDBDADBADAAABBABAAAAACBBADAAACCAAABAAABAAABAABABAABABABAAAACCAAAABAABBBBBCACDCAACDBCCCCAAAAABADDBCADAAAAABAABAAAAAAABBABDBACCBBBA	['A11B', 'B21C', 'B25A', 'D119A', 'C122B', 'D125A', 'C140D', 'D148B', 'B201A', 'A203B', 'D218C', 'C234D', 'D253A']	13	-10.004739062162116	-7.027856800210429	-13.999333279876737	-3.9945942177146208
ABAAABCBACABAACBDBAABDBDBBBAAACAABAAABDAABAABAAABCBAAAAACACBAABAADACCBAAAACACABBABABAAABABBAABDAABCABAABABAAAABDCBCAAADABCCADDAAAAAAAABDBDACBADAAABDABBAAACCABABAAACCAAABAAABAAABAABABAABABABAAACCCAAAABAAABBBBCACDCAACDBDCCCAAAAABADDBDACAAAAABAABAAAAAAABBDBDBACCBBBA	['B20A', 'A101B', 'C124A', 'A151B', 'A155C', 'B157A', 'D160B', 'A193C', 'B201A', 'C232D']	10	-7.028025245061144	-11.175754834868712	-15.170517497434048	-3.9947626625653356
ABAAABCBABABAACBDBABBDBDBBBAAAAAABAAABDAABAABAAABCBAAAAACACBAABAADACCBAAAACACABBABABAAABABBAABDAABCAAAABABAAAABADBCAAADABCCDADAAAAAAAABDBDACBADAAABDABAAAAACBBADAAACCAAABAAABAAABAABABAABABABAAAACCAAAABBAABBBBCACDCAACDBDCCCAAAAABADDBCACAAAAABAABAAAAAAABBDBDBACCBBBA	['C10B', 'C31A', 'D112A', 'C113D', 'C124D', 'D125A']	6	-7.037004751386121	-8.611773665965302	-12.615515834855614	-4.003742168890312
ABAAABCBACABABCBDBAABDBCABBAAAAAABAAABDAABAABAAABCBAAAAACAADAABAADACCBAAAACACABBABABAAABABBCABDAABCABAABABAAAABDCBCAAADABCCAADAAAAAAAABDBDACBADAAABDABAAAAACBBADAAACCAAABAAABAAABAABABAABABABAAAACCAAAABBAABBBBCACDCAAADBDCCCCAAAABADDBCACAAAAABAABAAAAAAABBDBDBACCBBBA	['A14B', 'B20A', 'D24C', 'B25A', 'C31A', 'C59A', 'B60D', 'A92C', 'A101B', 'C124A', 'D125A', 'C215A', 'A222C']	13	-8.831923738820478	-7.043691666302038	-12.842352822626708	-4.01042908380623
ABAAABCBACABAACBABABBDBDBBBAAACAABAAABDAABAABAAABCBAAAAACACBAABAADACCBAAAACACABBABABAAABABBAABDAABCAAAABABAAAABDCBCAAADABCCCADAAAAAAAABDBDACBADAAABDABAAAAACBBADAAACCAAABAAABAAABAABABAABABABAAACCCAAAABBAABBBBCACDCAACDBDCCCAAAAABADDBAACAAAAABAABAAAAAAABBDBDBACCBBBA	['D17A', 'D125A', 'A193C', 'C232A']	4	-7.044748686021194	-8.63746806976269	-12.648954173288075	-4.011486103525385
ABAAABCBACABAACBDBABBDBDBBBAAACAABAAABAAABAAAAAABCBAAAAACACBAABAADACCBAAAACACABBABABAAABABBAABDAABCAAAABABAAAABDCBCAAADABCCCDDAAAAAAAABDBDACBADAAABDABAAAAAABBADAAACCAAABAAABAAABAABABAABABABAAAACCAAAABAAABBBBCACDCAABCBDCCCAAAAABADDBCACAAAAABAABAAAAAAABBDBDBACCBBBA	['D39A', 'B45A', 'C156A', 'B201A', 'C215B', 'D216C']	6	-7.045665872981772	-8.372855549183441	-12.385258839669405	-4.012403290485963
ABAAABCBACABAACBABABBDBDBBBAAAAAABAAABDAABAABAAABABAAAAACACBAABAADACCBAAAACACABBABABAAABABBAABDAABCABAABABAAAABDCBCAAADABCCDDDAAAAAAAABDBCACBADAAABDABBAAACCBBADAACCCAAABAAABAAABAABABAABABABAAAACCAAAABAAABBBBCACDCAACDBDCCCAAAAABADDBCACAAAAABAABAAAAAAABBDBDBACCBBBA	['D17A', 'C31A', 'C50A', 'A101B', 'C124D', 'D138C', 'A151B', 'A155C', 'A163C', 'B201A']	10	-7.0494915714953095	-7.0671406108594965	-11.083369599858997	-4.016228988999501
ABAAABCBACABAACBDBAABDBDBBBAAACAABAAABDAABAABAAABCBAAAAACACBAABAADACCBAAAACACABBABABAAABABBAABDAABCAAAABABAAAABDCBCAAADABCCCDDAAAAAAAABDBDADBADAAABBABAAAAACBBACAAACCAAABAAABAAABAABABAABABABAAAACCAAAABAAABBBBCACDCAACDBDCCCAAAAABADDBCACAAAAABAABAAAAAAABBDBDBACCBBBA	['B20A', 'C140D', 'D148B', 'D160C', 'B201A']	5	-10.217130898265168	-7.050113638833864	-14.233981954603223	-4.016851056338055
ABAAABCBACABAACBDBAABDBDBBBAAACAABAAABDAABAABAAABCBAAAAACACBAABAADACCBAAAACACABBABABAAABABBAABDAABCAAAABABAAAABDCBCAAADABCCCDDAAAAAAAABDBDADBADAAABBABAAAAACBBACAAACCAAABAAABAAABAABABAABABABAAAACCAAAABAAABBBBCACDCAACDBDCCCAAAAABADDBCACAAAAABAABAAAAAAABBDBDBACCBBBA	['B20A', 'C140D', 'D148B', 'D160C', 'B201A']	5	-10.217130898265168	-7.050113638833864	-14.233981954603223	-4.016851056338055
ABAAABCBACABAACBDBABBDBDBBBAAAAAABAAABDAABAABAAABCBAAAAACACBAABAADACCBADACCACABBABABAAABABBAABDAABCAAAABABAAAACCCBCAAADABCCCDDAAAAAAAABDBDACBADAAABDABAAAAACBBADAAACCAAABAAABAAABAABABAABABABAAAACCAAAABBAABBABCACDCAACDBDCCCAAAAABADDBCACAAAAABAABAAAAAAABBDBDBACCBBBA	['C31A', 'A72D', 'A74C', 'B111C', 'D112C', 'B206A']	6	-8.324020410655066	-7.0597221585630905	-12.350479986722348	-4.026459576067282
ABAAABCBACABAACBDBABBDBDBBBAAACAABAAABDAABAABAAABABAAAAACACBAABAADACCBAAAACACABBABABAAABABBAABDAABCAAAABABAAAABDCBCAAADABCCCDDAAAAAAAABDBDACBADAAABDABBAAAACBBADAAACCAAABAAABAAABAABABAABABABAAAACCAAAABBAABBBBCACDCAACDBDCCCAAAAABADDBCACAAAAABAABAAAAAAABBDBDBACCBBBA	['C50A', 'A151B']	2	-7.060952606378123	-7.088524039805634	-11.116214063687949	-4.027690023882315
ABAAABDBACABAACBDBABBDBDBBBAAACAABAAABDAABAABAAABCBAAAAACACBAABAADACCBADAACACABBABABAAAAABBAABDAABCAAAABABAAAAADDBCAAADABCCAADAAAAAAAABDBDACBADAAABDABAAAAACBBADAACCCAAABAAABAAABAABABAABABABAAAACCAAAABBAABBBBAACDCAACDBDCCCAAAAABADDBCADAAAAABAABAAAAAAABBDBDBACCBBBA	['C7D', 'A72D', 'B88A', 'B111A', 'C113D', 'C124A', 'D125A', 'A163C', 'C208A', 'C234D']	10	-7.063351383432746	-11.913968875975115	-15.944057676912053	-4.030088800936937
ABAAABCBACBBAACBDBABBDBDBBBAAAAAABAABBDAABAABAAABCBAAAAACACBAAAAADACCBAAAACACABBABABAAABABBAABDAABCABAABABAAAACDCBCAAABABCCDBDAAAAAAAACDBDADBADAAABBABAAAAACBBADAAACCAAABAAABAAABAABABAABABABAAAACCAAAABAAABBBBCACDCAACDBDCCCAAAAABADDBCACAAAAABAABAAAAAAABBDBDBACCBBBA	['A11B', 'C31A', 'A37B', 'B63A', 'A101B', 'B111C', 'D119B', 'C124D', 'D125B', 'B135C', 'C140D', 'D148B', 'B201A']	13	-7.065332467434928	-8.292505250748945	-12.324575135688065	-4.032069884939119
ABAAABCBACBBABCBDBABBDDDBBBAAAAAABAAABDAABAABAAABCBAAAAACACBAABAADACCBAAAACACABBABABAAABABBAABDAABCAAAABABAAAABDCBCAAAAABBCCADAAAAAAAABDBDACBADAAABCABAAAAACABABAAACCAAABAAABAAABAABABAABABABAAAACCAAAABAAABBBBCACCCAABDBDCCDCAAAABADDBCACAAAAABAABAAAAAAABBDBDAACCBBBA	['A11B', 'A14B', 'B23D', 'C31A', 'D119A', 'C122B', 'D125A', 'D148C', 'B157A', 'D160B', 'B201A', 'D211C', 'C215B', 'C221D', 'A222C', 'B256A']	16	-7.0682563909795135	-8.804918243011343	-12.839912051495048	-4.034993808483705
ABAAABCBACABABCBDBABBCBDBBBAAACBABAABBAAABAABAAABCBAAAAACACBAABAADACCBAAAACACABBABABAAABABBAABDAABCABAABABAAAABDCBCAAADABCCCADAAAAAAAABDBDACBADAAABDABBAAAACBBADAADCCAAABCAABAAABAABABAABABABAAAACCAAAABAAABBBBCACDCAACDBDCCCAAAAABADDBCACAAAAABAABAAAAAAABBABDBACCBBBA	['A14B', 'D22C', 'A32B', 'A37B', 'D39A', 'A101B', 'D125A', 'A151B', 'A163D', 'A170C', 'B201A', 'D253A']	12	-7.068360398989171	-8.486314481328009	-12.52141229782137	-4.035097816493362
ABAAABDBACABAACBDBABBDBDBBBAAACAABAAABDAABAABAAABCBAAAAACACBAABAADACCBAAAACACABBABABAAABABBAABDAABCAAAABABAAAACDCBCAAADABCCCDDAAAAAAAABDBDACBADAAABDABAAAAACBBADAAACCAAABAAABAAABAABABAABABABAAAACCAAAABAAABBBBCACDCAACDBDCDCAAAAABADDBCACAAAAABAABAAAAAAABBDBDBACCBBBA	['C7D', 'B111C', 'B201A', 'C220D']	4	-7.070772208506241	-8.403681905911071	-12.441191531921504	-4.037509626010433
ABAAABCBACABABCBDBABBDBDBBBAAAAAABAAABDAABAABAAABCBAAAAACACBAABAADACCBAAAACACABBABABAAABABBAABDAABCABAABABAAAABBCBCAAADABCCAADAAAAAAABCABDACBADAAABDABAAAAACBBADAAACCAAABAAABAAABAABABAABABABAAAACCAAAABAABBBABCACDCAACDBDCCCAAAAAAADDBCADAAAAABAABAAAAAAABBDBCAACCBBBA	['A14B', 'C31A', 'A101B', 'D112B', 'C124A', 'D125A', 'A134B', 'B135C', 'D136A', 'B201A', 'A203B', 'B206A', 'B227A', 'C234D', 'D255C', 'B256A']	16	-7.07589121372439	-9.111660549853696	-13.154289181082277	-4.042628631228581
ABAAABCBACABAACBDBABBDBDBBBAABCAABAAABDAABAABAAABCBAAAAACACBAABAADACCBAAAACACABBABABAAABABBAABDAABCABAABABAAAABACBCAAADABCCCDDAAAAAAAABDBDACBADAAABDABAAAACCBBADAAACCAAABAAABAAABAABABAABABABAAAACCBAAABBAABBBBCACDBAACABDCCCAAAAABADDBCACAAAAABAABAAAAAAABBDBDBACCBBBA	['A30B', 'A101B', 'D112A', 'A155C', 'A196B', 'C212B', 'D216A']	7	-7.086307739606127	-10.086903521296335	-14.139948678406654	-4.0530451571103185
ABAAABCBACABAACBDBABBDBBBBBAAACAABAAABDAABAABAAABCBAAAAACACBAABAADACCBAAAACACABBABABAAABABBAABDAABCABAABABAAAABDCBCAAADABCCADDAAAAAAAABDBDACBADAAABDABAABCACBBADAAACCAAABAAABAAABAABABAABABABAAAACCAAAACAAABBBBCACDCAACABDCCAAAAAABADDBCACAAAAABAABAAAAAAABBDBDAACCBBBA	['D24B', 'A101B', 'C124A', 'A153B', 'A154C', 'B200C', 'B201A', 'D216A', 'C221A', 'B256A']	10	-7.086381582426839	-10.033951048942981	-14.087070048874011	-4.05311899993103
ABAAABCBACABAACBDBABBDBDBBBAAAAAABAAABDAABAABAAABCBAAAAACACBAABAADACCBAAAACACABBABABAAABABBAABDAABCAAAABABAAAABDCBCAAACABBCCDDAAAAAAAABDBDACBADAAABDABAAAAACBBADAAACCAAABAAABAAABAABABAABABABAAAACCAAAABBAABBBBCACDCAACDBDCCCAAAAABADDBCACAAAAABAABAAAAAAABBDBDBACCBBBA	['C31A', 'D119C', 'C122B']	3	-7.087390626547858	-8.100035462499363	-12.154163506551413	-4.0541280440520495
ABAAABCBACABAACBDBABBDBDBBBAAACAABAAABDAABAABAAABCBAAAAACACBAABAADACCBAAAACACABBABABAAABABBAABDAABCABABBABAAAABDCBCAAAAABBCDDDAAAAAAAABDBDACBADAAABDABAAAAACBBADAAACCAAABAAABAAABAABABAABABABAAAACCAAAABBAABBBBCACDCAACDBDCCCAAAAABADDBCACAAAAABAABAAAAAAABBDBDBACCBBBA	['A101B', 'A103B', 'D119A', 'C122B', 'C124D']	5	-7.08834433904849	-11.049414439563407	-15.104496196116088	-4.055081756552681
ABAAACCBACABABCBDBABADDBABBAAACAABAAABAAABAADAAABCBAAAAACACBAABAADACCBAAAACACABBABABAAABABBAABDAABCABAABABAAAABDCBCAAADABCCCDDAAAAAAAABDBDADBADAAABBABAAAAACBBADAAACCAAABAAABAAABAABABAABABABAAAACCAAAABAAABBBBCACDCAACDBDCCCAAAAABADDBCACAAAAABAABAAAAAAABBDBDBACCBBBA	['B6C', 'A14B', 'B21A', 'B23D', 'D24B', 'B25A', 'D39A', 'B45D', 'A101B', 'C140D', 'D148B', 'B201A']	12	-11.17678582132794	-7.088527672851342	-15.232050911683473	-4.055265090355533
ABAAABCBACABAACBDBAABDBDBBBAAACAABAAABDAABAABAAABABAAAAACACBAABAADACCBAAAACACABBABABAAAAABBAABDAABCABAABABAAAABBCBCAAADABCCCDDAAAAAAAABBBDADBADAAABBABAAAAACBBADAAACCAAABAAABAABBAABABAABABABAAAACCAAAABBAABBBBCACDCAACDBDCCCAAAAABADDBCACAAAAABAABAAAAAAABBDBDBACCBBBA	['B20A', 'C50A', 'B88A', 'A101B', 'D112B', 'D136B', 'C140D', 'D148B', 'A176B']	9	-10.14038055553101	-7.090691734541906	-14.197809707577107	-4.057429152046097
ABAAABABACBBAACBDBABBDBDBBBAAAAAABAAABDAABAABAAABBBAAAAACACBAABAADACCBADAACACABBABABAAABABBAABDAABCABAABABAAAABDCBCAAADABCCADDAAAAAAAACDBDADBADAAABBABAAAAACBBADAAACCAAABAAABAAABAABABAABABABAAAACCAAAAAAAABBBBCACDCAACDBDCBCAAAAABADDBCACAAAAABAABAAAAAAABBDBDBACCBBBA	['C7A', 'A11B', 'C31A', 'C50B', 'A72D', 'A101B', 'C124A', 'B135C', 'C140D', 'D148B', 'B200A', 'B201A', 'C220B']	13	-8.57368456129916	-7.0911955921619665	-12.631617570965318	-4.057933009666158
ABAAABCBACABAACBDBABBDBDBBBAAACAABAAABDAABAADAAABCBAAAAACACBAABAADACCBAAAACACABBABABAAABABBAABDAABCABAABABAAAABDCBCAAADABCCCDDAAAAAAAABDBDADBADAAABBABAAAAACABABAAACCAAABAAABAAABAABABAABABABAAAACCAAAABBAABBBBCACDCAABDBDCCCAAAAABADDBDACAAAAABAABAAAAAAABBDBDAACCBBBA	['B45D', 'A101B', 'C140D', 'D148B', 'B157A', 'D160B', 'C215B', 'C232D', 'B256A']	9	-7.095218997215852	-8.131904132169439	-12.193860546889482	-4.0619564147200435
ABAAABCBACABAACBDBABBDBDBBBAAACAABAAABDAABAABAAABCBAAAAACACBAABAADACCBAAAACACABBABABAAABABBAABDAABCAAAABABAAAABBCBCAAADABCCDDDAAAAAAAABDBDACBADAAABDABAAACCCBBADAAACCAAABAAABAAABAABABAABABABAAAACCAAAABAAABBBBCACDCAACDBDCCCAAAAABADDBCACAAAAABAABAAAAAAABBDBDBACCBBBA	['D112B', 'C124D', 'A154C', 'A155C', 'B201A']	5	-7.0982847947161645	-9.678706558857812	-13.743728771078167	-4.065022212220356
ABAAABCBACABAACBABABBDBDBBBAAACAABAAABDAABAABAAABCBAAAAACACBAABAADACCBADAACACABBABABAAABACBAABDAABCABAABABAAAABDCBCAAADABCCCDDACAAAAAABDBAACBADAAABCABAAAAAABBADAAACCAAABAAABAAABAABABAABABABAAAACCAAAABAAABBBBCACDCAACDBDCDCAAAAABADDBCACAAAAABAABAAAAAAABBDBDBACCBBBA	['D17A', 'A72D', 'B90C', 'A101B', 'A128C', 'D138A', 'D148C', 'C156A', 'B201A', 'C220D']	10	-7.870507764397189	-7.098601241566939	-11.93584642346832	-4.065338659071131
ABAAABCBACABAACBDBABBDBDBBBAAACAABAAABAAABAABAAABCBAAAAACACBAABAADACCDAAAACACABBABABAAABABBAABDAABCABAABABAAAABACBCAAACABCCCDDAAAAAAAABDBDACBADAAABDABAAAACCBBADAAACCAAABAAABAAABAABABAABAAABAAAACCAAAABBAABBBBCACDCAACDBDCCCAAAAABADDBAACAAAAABAABAAAAAAABBDBDBACCBBBA	['D39A', 'B70D', 'A101B', 'D112A', 'D119C', 'A155C', 'B187A', 'C232A']	8	-7.099017429398373	-11.11441535592894	-15.180170202831505	-4.065754846902564
ABAAACCBABABAACBABABBDBDBBBAAAAAABAAABDAABAABAAABCBAAAAACACBAABAADACCBAAAACACABBABABAAABABBAABDAABCABAABABAAAABDCBCAAADABCCADDAAAAAAAABBBDADBADAAABBABAAAAACBBADAAACCAAABAAABAAABAABABAABABABAAAACCAAAABBAABBABCACDCAACDBDCCCAAAAABADDBCACAAAAABAABAAAAAAABBDBCAACCBBBA	['B6C', 'C10B', 'D17A', 'C31A', 'A101B', 'C124A', 'D136B', 'C140D', 'D148B', 'B206A', 'D255C', 'B256A']	12	-9.230783585226163	-7.1033775014511775	-13.300898504181532	-4.070114918955369
ABAAABCBACABAACBDBABBDBDBBBAAACAABAAABDAABAABAAABCBAAAAACACBAABAADACCBAAAACACABBABABAAABABBAABDAABCAAAABABAAAABDCBCAAADABCCCDDAAAAAAAABDBDACBADAAABDABAAACACBBADAAACCAAABAAABAAABAABABAABABABAAAACCAAAABBAABBBBCACDCAACDBDCDCAAAAABADDBCACAAAAABAABAAAAAAABBDBDBACCBBBA	['A154C', 'C220D']	2	-7.106251668417826	-8.723909009218914	-12.796898095140932	-4.072989085922018
ABAAABCBACABAACBDBABBDDBBBBAAACAABAAABAAABAABAAABCBAAAAACACBAABAADACCBAAAACACABBABABAAABABBAABDAABCABAABABAAAABDCBCAAADABCCCDDAAAAAAAABDBDACBADAAABDABAAAACCBBADAAACCAAABAAABAAABAABABAABABABAAAACCAAAABBAABBABCACCCAACDBDCCCAAAAABADDBCACAAAAABAABAAAAAAABBDBDBACCBBBA	['B23D', 'D24B', 'D39A', 'A101B', 'A155C', 'B206A', 'D211C']	7	-7.109447153983638	-8.149953392727184	-12.226137964215013	-4.076184571487829
ABAAABCBACABAACBABABBDBDBBBAAAAAABAAABDAABAABAAABCBAAAAACACBAABAADACCBAAAACACABBABABAAABABBAABDAABCABAABABAAAABDCBCAAADABCCADDAAAAAAAABDBDACBADAAABDABBAAAACBBADAAACCAAABAAABAAABAABABAABABABAAAACCAAAABBAABBBBCACDCAACDBDCCCAAAAABADDBCADAAAAABAABAAAAAAABBDBDBACCBBBA	['D17A', 'C31A', 'A101B', 'C124A', 'A151B', 'C234D']	6	-7.111142226262018	-9.553437966358615	-13.631317610124825	-4.0778796437662095
ABAAABCBACABAACBABABBDBDBBBAAAAAABAAABDAABAABAAABCBAAAAACACBAABAADACCBAAAACACABBABABAAABABBAABDAABCABAABABAAAABCCBCAAADABCCDDDAAAAAAAACDBDACBADAAABDABAAAAACBBADAAACCAAABAAABAAABAABABAABABABAAABCCAAAABBAABBBBCACDCAACDBDCCCAAAAABADDBCACAAAAABAABAAAAAAABBDBDAACCBBBA	['D17A', 'C31A', 'A101B', 'D112C', 'C124D', 'B135C', 'A193B', 'B256A']	8	-7.123333344934508	-10.230673700076295	-14.320744462514995	-4.0900707624387
ABAAABCBACABAACBABABADDDBBBAAAAAABAAABDAABAADAAABCBAAAAACACBAABAADACCBAAAACACABBABABAAABABBAABDAABCABAABABAAAABDCBCAAADABCCAABAAAAAAAABDBDADBADAAABBABAAAAACBBADAAACCAAABAAABAABBAABABAABABABAAAACCAAAABBAABBBBCACDCAACDBCCCCAAAAABADDBCACAAAAABAABAAAAAAABBDBDBACCBBBA	['D17A', 'B21A', 'B23D', 'C31A', 'B45D', 'A101B', 'C124A', 'D125A', 'D126B', 'C140D', 'D148B', 'A176B', 'D218C']	13	-8.844064481323585	-7.123587045280146	-12.934388944107923	-4.090324462784338
ABAAABCBACABAACBDBABBDBDBBBAAACAABAAABDAABAABAAABCBAAAAACACBAABAADACCBADAACACABBABABAAABABBAABDAABCAAAABABAAAABDCBCAAAAABBCADDAAAAAAAABDBDACBADAAABDABAAAAACBBADAAACCAAABAAABAAABAABABAABABABAAAACCAAAABBAABBBBCACDCAABDBDCCCAAAAABADDBCACAAAAABAABAAAAAAABBDBDBACCBBBA	['A72D', 'D119A', 'C122B', 'C124A', 'C215B']	5	-7.130784264532849	-10.957204304606421	-15.054725986643462	-4.097521682037041
ABAAABCBACABAACBABABBDBDBBBBAACAABAAABDAABAABAAABCBAAAAACACBAABAADACCBAAAACACABBABABAAABABBAABDAABCAAAABABAAAABBCBCAAAAABBCDADAAAAAAAABDBDACBADAAABDABBAAACCABABAAACCAAABAAABAAABAABABAABABABAAAACCAAAABAAABBBBCACDCAACDBDCCCAAAAABADDBCACAAAAABAABAAAAAAABBDBDBACCBBBA	['D17A', 'A28B', 'D112B', 'D119A', 'C122B', 'C124D', 'D125A', 'A151B', 'A155C', 'B157A', 'D160B', 'B201A']	12	-7.141614489024505	-12.120644792419625	-16.228996698948322	-4.108351906528696
ABAAABCBACABABCBDBABCDBDBBBAAACAABAAABDAABAABAAABABAAAAACACBAABAADACCBAAAACACABBABABAAABABBAABDAABCAAAABABAAAABDCBCAAADABCCCDDAAAAAAAABDBDACBADAAABDABAAAAACBBADAAACCAAABAAABAABBAABABAABABABAAAACCAAAABBAABBBBCACDCAACDBDCCCAAAAABADDBCACAAAAABAABAAAAAAABBDBDBACCBBBA	['A14B', 'B21C', 'C50A', 'A176B']	4	-7.3084463241975754	-7.147719021857483	-11.42290276355925	-4.114456439361675
ABAAABCBACABAACBABABBDBDBBBAAACAABAAABDAABAABAAABCBAAAAACACBAABAADACCBAAAACACABBABAAAAABABBCABDAABCAAAABABAAAABDCBCAAADABCCBDDAAAAAAAABDBDACBADAAABDABAAAAAABBADAAACCAAABAAABAAABAABABAABABABAAAACCAAAABBABBBBBCACDCAACDBDCCCAAAAABADDBCACAAAAABAABAAAAAAABBDBDAACCBBBA	['D17A', 'B84A', 'A92C', 'C124B', 'C156A', 'A203B', 'B256A']	7	-7.163751243357183	-10.944848671526415	-15.07533733238779	-4.130488660861374
ABAAABCBACABAACBABABBDBDBBBAAACAABAAABDAABAABAAABCBAAAAACACBAABAADACCBAAAACACABBABAAAAABABBAABDAABCABAABABAAAACDCBCAAADABCCAADAAAAAAAABDBDACBADAAABDABAAAACCABAAAAACCAAABAAABAAABAABABAABABABAAAACCAAAABBAABBBBCACDCAACDBDCCCAAAAABADDBCACAAAAABAABAAAAAAABBDBDBACCBBBA	['D17A', 'B84A', 'A101B', 'B111C', 'C124A', 'D125A', 'A155C', 'B157A', 'D160A']	9	-7.171906715957448	-10.930994595371885	-15.069638728833525	-4.138644133461639
ABAAABCBACABAACBDBABBDBDBBBAAACAABAAABDAABAABAAABCBAAAAACACBAABAADACCBAAAACACABBABABAAABABBAABDAABCAAAABABAAAABDDBCAAADABCCCDDAAAAAAAABDBDACBADAAABDABAAAAACBBADAAACCAAABAAABAAABAABABAABABABAAAACCAAAABBAABBBBCACDCAACDBDCCCAAAAABADDBCACAAAAABAABAAAAAAABBDBDBACCBBBA	['C113D']	1	-7.175319941947237	-8.837530627817614	-12.979587987269042	-4.142057359451428
ABAAABCBACABAACBDBABBDBDBBBAAAAAABAAABDAABAABAAABCBAAAAACACBAABAADACCBAAAACACABBABABAAABABBAABDAABCAAAABABAAAACDCBCAAAAABBCCADAAAAAAAABDBDADBADAAABBABAAAAACBBADAAACCAAABAAABAAABAABABAABABABAAAACCAAAABAAABBBBCACCCAACDBDCCCAAAAABADDBCACAAAAABABBAAAAAAABBDBDAACCBBBA	['C31A', 'B111C', 'D119A', 'C122B', 'D125A', 'C140D', 'D148B', 'B201A', 'D211C', 'A242B', 'B256A']	11	-9.718999926699325	-7.185352244385285	-13.871089588588802	-4.152089661889477
ABAAACCBABABAACBABABBDDDBBBAAACAABBAABBAABAADAAABABAAAAACACBAABAADACCBAAAACACABBABABAAABABBAABDAABCAAAABABAAAABDCBCAAADABCCCDDAAAAAAAABDBDACBADAAABDABAAAAACBBADAAACCAAABAAABAAABAABABAABABABAAAACCAAAABAAABBBBCACDCAACDBDCCCAAAAABADDBCACAAAAABAABAAAAAAABBDBDBACCBBBA	['B6C', 'C10B', 'D17A', 'B23D', 'A35B', 'D39B', 'B45D', 'C50A', 'B201A']	9	-9.019202762050554	-7.189058314936119	-13.174998494490865	-4.1557957324403105
ABAAABCBACBBABCBDBAABDBDBBBAAAAAABAAABAAABAABAAABABAAAAACACBAABAADACCBAAAACACABBABABAAABABBAABDAABCAAAABABAAAABCDBCAAADABCCADDAAAAAAAABDBDACBADAAABDABAAAACCBCADAAACCAAABAAABAAABAABABAABABABAAAACCAAAABAAABBABCACDCAACDBDCCCAAAAABADDBCACAAAAABAABAAAAAAABBDBDBACCBBBA	['A11B', 'A14B', 'B20A', 'C31A', 'D39A', 'C50A', 'D112C', 'C113D', 'C124A', 'A155C', 'B158C', 'B201A', 'B206A']	13	-9.145762662170455	-7.189386642508907	-13.301886722183554	-4.156124060013099
ABAAABCBACABAACBDBABBDBDBBBAAACAABAAABDAABAABAAABABAAAAACACBAABAADACCBAAAACACABBABABAAABABBAABDAABCABAABABAAAACDCBCAAABABCCCDDAAAAAAAABDBDACBADAAABDABBAAACCBBADAAACCAAABAAABAAABAABABAABABABAAAACCAAAABBAABBBBCACDCAACDBDCCCAAAAAAADDBCACAAAAABAABAAAAAAABBCBDAACCBBBA	['C50A', 'A101B', 'B111C', 'D119B', 'A151B', 'A155C', 'B227A', 'D253C', 'B256A']	9	-7.191867645597085	-9.78421558716218	-13.942820650263457	-4.158605063101277
ABAAABCBACABAACBDBABBDDDBBBAAACAABAAABDAABAABAAABCBAAAAACACBAABAADACCBAAAACACABBABABAAABABBAABDAABCAAAABABAAAABDCBCAAADABCCADDAAAAAAAABDBDACBADAAABDABAAAACCBBADAAACCAAABAAABAAABAABABAABABABAAAACCAAAABBAABBBBCACDCAACDBDCCCAAAAABADDBCACAAAAABAABAAAAAAABBDBDBACCBBBA	['B23D', 'C124A', 'A155C']	3	-7.192424813983962	-9.935302188547212	-14.094464420035365	-4.159162231488153
ABAAABCBACABAACBDBABBDBDABBAAACAABAAABDAABAABAAABCBAAAAACACBAABAADACCBADAACACABBABABAAABABBAABDAABCAAAABABAAAABDCBCAAADABCCCDDAAAAAAAABDBDACBADAAABDABBAAAACBBADAAACCAAABAAABAAABAABABAABABABAAAACCAAAABBAABBBBCACCCAABDBDCCCAAAAABADDBCACAAAAABAABAAAAAAABBDBDBACCBBBA	['B25A', 'A72D', 'A151B', 'D211C', 'C215B']	5	-7.201171180931851	-8.435570538014872	-12.603479136450915	-4.167908598436043
ABAAABCBACBBAACBDBAABDBDBBBAAACAABAAABDAABAABAAABCBAAAAACACBAABAADACCBAAAACACABBABABAAABABBAABDAABCABAABABAAAABDCBCAAACABCCADDAAAAAAAABCBDACBADAAABDABAAAAACBBADAAACCAAABAAABAAABAABABAABABABAAACCCAAAABBAABBBBCACDCAACDBDCCCAAAAABADDBCACAAAAABAABAAAAAAABBDBDBACCBBBA	['A11B', 'B20A', 'A101B', 'D119C', 'C124A', 'D136C', 'A193C']	7	-7.20615049242042	-11.245245207072003	-15.418133116996614	-4.1728879099246114
ABAAABCBACABAACBABABBDBDBBBAAAAAABAAABDAABAABAAABCBAAAAACACBAABAADACCBADACCACABBABABAAABABBAABDAABCABAABABAAAABDDBCAAADABCCBADAAAAAAAABDBDACBADAAABDABBAAACABBADAAACCAAABABABAAABAABBBAABABABAAAACCAAAABAAABBABCACDCAACDBDCCAAAAAABADDBCACAAAAABAABAAAAAAABBDBDBACCBBBA	['D17A', 'C31A', 'A72D', 'A74C', 'A101B', 'C113D', 'C124B', 'D125A', 'A151B', 'A155C', 'C156A', 'A171B', 'A181B', 'B201A', 'B206A', 'C221A']	16	-7.207114044786067	-10.242587126296712	-14.41643858858697	-4.1738514622902585
ABAAABCBACABAACBDBABBDBDBBBAAACAABAAABDAABAABAAABABAAAAACACBAABAADACCBADAACACABBABABAAABABBAABDAABCABAABABAAAABCCBCAAADABCCADDAAAAAAAACDBAACBADAAABCABAAAAACBBADAAACCABABAAABAAABAABABAABABABAAAACCAAAABAAABBBBCACDCAACDBDCCCAAAAABADDBCACAAAAABAABAAAAAAABBDBDBACCBBBA	['C50A', 'A72D', 'A101B', 'D112C', 'C124A', 'B135C', 'D138A', 'D148C', 'A167B', 'B201A']	10	-7.508193152258173	-7.210010272421641	-11.684940842184005	-4.176747689925833
ABAAABCBABBBAACBDBABBDBDBBBAAAAAABAAABDAABAABAAABCBAAAAACACBAABAADACCBAAAACACABBABABAAABABBAABDAABCAAAABABAAAABDCBCAAACABBCCACAAAAAAAABDBDACBADAAABDABAAAACCBBADAACCCAAABAAABAAABAABABAABABABAAAACBAAAABBAABBBBCACDCAACDBDCCCAAAAABADDBCAAAAAAABAABAAAAAAABBDBDBACCBBBA	['C10B', 'A11B', 'C31A', 'D119C', 'C122B', 'D125A', 'D126C', 'A155C', 'A163C', 'C195B', 'C234A']	11	-7.210834940196946	-9.110021407686872	-13.28759376538801	-4.177572357701138
ABAAABCBACABAACBABABBDBDBBBAAAAAABAAABDAABAABAAABCBAAAAACACBAABAADACCBADAACACABBABABAAABABBAABDAABCABAABABAAAABCCBCAAADABCCADDAAAAAAAABDBDADBADAAABBABAAAAACBBADAAACCAAABAAABAAABAABABAAAABABAAAACCAAAABBAABBABCACDCAACDBDCCCAAAAABADDBCACAAAAABAABAAAAAAABBDBDBACCBBBA	['D17A', 'C31A', 'A72D', 'A101B', 'D112C', 'C124A', 'C140D', 'D148B', 'B185A', 'B206A']	10	-9.69947772519663	-7.212789885626989	-13.87900502832781	-4.179527303131181
ABAAABCBACBBBACBDBABBDBDBBBAAACAABAAABDAABAABAAABCBAAAAACACBAABAADACCBAAAACACABBABABAAABABBAABDAABCABAABABAAAABACBCAAACABBCCDDAAAAAAAABDBDADBADAAABBABAAAAACBBADAAACCAAABAAABAAABAABABAABABABAAAACCAAAABBAABBBBAACDCAACDBDCCCAAAAABADDBCACAAAAABAABAAAAAAABBDBDAACCBBBA	['A11B', 'A13B', 'A101B', 'D112A', 'D119C', 'C122B', 'C140D', 'D148B', 'C208A', 'B256A']	10	-7.214747895020992	-10.173591068916721	-14.355076381441904	-4.181485312525183
ABAAABCBACBBAACBDBABCDDDABBAAACAABAAABDAABAABAAABCBAAAAACACBAABAADACCBAAAACACABBABABAAABABBAABDAABCAAAABABAAAABDCBCAAADABCCCDDAAAAAAAABDBDACBADAAABDABAAAAACABADAAACCAAABAAABAAABAABABAABABABAAAACCAAAABAAABBBBCACDCAACDBDCCCAAAAABADDBCACAAAAABAABAAAAAAABBDBDBACCBBBA	['A11B', 'B21C', 'B23D', 'B25A', 'B157A', 'B201A']	6	-7.215611244319007	-7.28278030261572	-11.465128964438918	-4.182348661823198
ABAAABCBACABAACBDBABBDBDBBBAACCAABAAABBAABAABAAABCBAAAAACACBAABAADACCBADAACACABBABABAAABABBAABDAABCABAABABAAAABACBCAAACABCCCDDAAAAAAAABDBDADBADAAABBAAAAAAACBBADAAACAABABABABAAABAABABAABABABAAAACCAAAABAAABBBBCACDCAACDBDCACCAAAABADDBDACAAAAABAABAAAAAAABBDBDBACCBBBA	['A30C', 'D39B', 'A72D', 'A101B', 'D112A', 'D119C', 'C140D', 'D148B', 'B150A', 'C165A', 'A167B', 'A171B', 'B201A', 'C220A', 'A222C', 'C232D']	16	-7.2175324589479715	-10.450791585695697	-14.63506146214786	-4.184269876452163
ABAAABCBACABAACBDBABBDBDBBBAAACAABAAABDAABAABAAABCBAAAAACACBAABAADACCBAAAACACABBABABAAABABBAABDAABCAAAABABAAAABDCBCAAADABCCADCAAAAAAAABDBDACBADAAABDABAAAAAABBADAAACCAAABAAABAAABAABABAABABABAAAACBAAAABBAABBBBCACDCAACDBDCCCAAAAABADDBCACAAAAABAABAAAAAAABBDBDBACCBBBA	['C124A', 'D126C', 'C156A', 'C195B']	4	-7.222171092638746	-9.838350523234112	-14.02725903337705	-4.188908510142937
ABAAABCBACABAACBABABBDBDBBBBAACAABAAABDAABAAAAAABCBAAAAACACBAABAADACCBAAAACACABBABABAAABABBAABDAABCAAAABABAAAABDDBCAAADABCCBADAAAAAAAABDBDACBADAAABDABAAAAAABBADAAACCAAABAAABAAABAABABAABABABAAAACCAAAABBAABBBBCACDCAACDBDCDCAAAAABADDBCACAAAAABAABAAAAAAABBDBDBACCBBBA	['D17A', 'A28B', 'B45A', 'C113D', 'C124B', 'D125A', 'C156A', 'C220D']	8	-7.222487460099728	-11.357971906632883	-15.547196784236803	-4.18922487760392
ABAAABCBACABABCBDBABBDBDBBBAAACAABAAABDAABAABAAABCBAAAAACACBAABAADACCBAAAACACABBABABAAABABBAABDAABBABAABABAAAABDCBCAAADABCCCDDAAAAAAAACDBDACBADAAABDABAAAAACABADAAACCAAABAAABAAABAABABAABABABAAABCBAAAABBAABBBBCACDCAACDBDCCCAAAAABADDBCACAAAAABAABAAAAAAABBDBDBACCBBBA	['A14B', 'C99B', 'A101B', 'B135C', 'B157A', 'A193B', 'C195B']	7	-7.234172235941514	-10.31747202432598	-14.518381677771686	-4.200909653445706
ABAAABCBACABABCBDBABBDBDBBBAAACAABAAABDAABAABAAABCBAAAAACACBAABAADACCBAAAACACABBABABAAABABBAABDAABBABAABABAAAABDCBCAAADABCCCDDAAAAAAAACDBDACBADAAABDABAAAAACABADAAACCAAABAAABAAABAABABAABABABAAABCBAAAABBAABBBBCACDCAACDBDCCCAAAAABADDBCACAAAAABAABAAAAAAABBDBDBACCBBBA	['A14B', 'C99B', 'A101B', 'B135C', 'B157A', 'A193B', 'C195B']	7	-7.234172235941514	-10.31747202432598	-14.518381677771686	-4.200909653445706
ABAAABCBACABAACBDBABBDBDABBAAACAABAAABDAABAABAAABCBAAAAACACBAABAADACCBADAACACABBABABAAABABBAABDAABCAAAABABAAAABDCBCAAADABCCCDDAAAAAAAABDBDADBADAAABBABBAAAACBBADAAACCAAABAAABAAABAABABAABABABAAAACCAAAABBAABBBBCACCCAABDBDCCCAAAAABADDBCACAAAAABAABAAAAAAABBDBDBACCBBBA	['B25A', 'A72D', 'C140D', 'D148B', 'A151B', 'D211C', 'C215B']	7	-9.61717393132858	-7.240811544441385	-13.824722893274156	-4.207548961945577
ABAAABCBACABABCBDBABBDBDBBBBAACAABAAABAAABAABAAABCBAAAAACACBAABAADACCBAAAACACABBABABAAABABBAABDAABCAAAABABAAAABDCBCAAADABCCCDDAAAAAAAABDBDADBADAAABBABAAAAACBBADAAACCAAABAAABAAABAABABAABABABAAAACCAAAABAAABBBBCACDCAACDBDCCCAAAAABADDBCACAAAAABAABAAAAAAABBDBDBACCBBBA	['A14B', 'A28B', 'D39A', 'C140D', 'D148B', 'B201A']	6	-8.300600199727342	-7.2478865468583535	-12.515224164089886	-4.214623964362545
ABAAABCBACBBAACBCBABBDBDBBBAAACAABAAABDAABAABAAABABAAAAACACBAABAADACCBADAACACABBABABAAABABBAABDAABCAAAABABAAAABDCBCAAACABCCCDDAAAAAAAABDBDACBADAAABDABAAAAACBBADAAACCAAABAAABAAABAABABAABABABAAAACCAAAABBAABBBBCACDCAACDBDCBCAAAAABADDBCACAAAAABAABAAAAAAABBDBDBACCBBBA	['A11B', 'D17C', 'C50A', 'A72D', 'D119C', 'C220B']	6	-7.248071648413315	-8.865620980475796	-13.080430046393303	-4.214809065917507
ABAAABCBACABAACBDBABBDBDBBBAAACAABAAABDAABAABAAABCBAAAAACACBAABAADACCBAAAACACABBABABAAAAABBCABDAABCAAAABABAAAAADDBCAAADABCCAADAAAAAAAABDBDACBADAAABDABAAAAACBBADAACCCAAABAAABAAABAABABAABABABAAAACCAAAABBABBBBBAACDCAACDBDCCCAAAAABADDBCADAAAAABAABAAAAAAABBDBDBACCBBBA	['B88A', 'A92C', 'B111A', 'C113D', 'C124A', 'D125A', 'A163C', 'A203B', 'C208A', 'C234D']	10	-7.254858250264078	-11.764311211154563	-15.985906878922833	-4.22159566776827
ABAAABCBACABAACBDBABBDBDBBBAAACAABAAABDAABAABAAABCBAAAAACACBAABAADACCBAAAACACABBABABAAAAABBCABDAABCAAAABABAAAAADDBCAAADABCCAADAAAAAAAABDBDACBADAAABDABAAAAACBBADAACCCAAABAAABAAABAABABAABABABAAAACCAAAABBABBBBBAACDCAACDBDCCCAAAAABADDBCADAAAAABAABAAAAAAABBDBDBACCBBBA	['B88A', 'A92C', 'B111A', 'C113D', 'C124A', 'D125A', 'A163C', 'A203B', 'C208A', 'C234D']	10	-7.254858250264078	-11.764311211154563	-15.985906878922833	-4.22159566776827
ABAAABCBACABAACBDBABBDBDBBBAAACAABAAABDAABAABAAABCBAAAAACACBAABAADACCBAAAACACABBABABAAABABBAABDBABCABAABABAAAABDCBCAAADABCCADDAAAAAAAABDBDACBADAAABDABAAAAACBBADAAACCAAABAAABAAABAABABAABABABAAAACCAAAABAAABABBCACDBAACDBDCCCAAAAABADDBCACAAAAABAABAAAAAAABBDBDBACCBBBA	['A96B', 'A101B', 'C124A', 'B201A', 'B205A', 'C212B']	6	-7.264049461809918	-9.452306879189564	-13.683093758503674	-4.23078687931411
ABAAACCBACABAACBABAABDBDABBAAACAABAAABAAABAABAAABCBAAAAACACBAABAADACCBAAAACACABBABABAAABABBAABDAABCABAABABAAAABDCBCAAADABCCADDAAAAAAAABDBDACBADAAABDABAAAAACBBAAAAACCAAABAAABAAABAABABAABABABAAAACCAAAABAAABBBBCACCCAACDBDCCCAAAAABADDBCACAAAAABAABAAAAAAABBDBDBACCBBBA	['B6C', 'D17A', 'B20A', 'B25A', 'D39A', 'A101B', 'C124A', 'D160A', 'B201A', 'D211C']	10	-7.266291972948238	-9.842726009868784	-14.075755400321214	-4.23302939045243
ABAAABCBACBBAACBDBABBDBDBBBAAACAABAAABDAABAABAAABCBAAAAACACBAABAADACCBAAAACACABBABABAAABABBAABDAABCABAABABAAAAADCBCAAADABCCCDDAAAAAAAACDBDADBADAAABBABAAAAAABBADAAACCAAABAAABAAABAABABAABAAABAAAACCAAAABAAABBBBCACDCAACDBDCCCAAAAABADDBCACAAAAABAABAAAAAAABBDBDBACCBBBA	['A11B', 'A101B', 'B111A', 'B135C', 'C140D', 'D148B', 'C156A', 'B187A', 'B201A']	9	-7.2696909585502	-8.020856280782027	-12.257284656836418	-4.236428376054391
ABAAABCBACABAACBDBABBDBBBBBAAACAABAAABAAABAABAAABCBAAAAACACBAABAADACCBADAACACABBABABAAABABBAABDAABCAAAABAAAAAABDCBCAAADABCCCDDAAAAAAAABDBDADBADAAABBABAAAAACBBADAAACCAAABAAABAAABAABABAABABABAAACCCAAAABAAABBBBCACDCAACDBDCCCAAAAABADDBCACAAAAABAABAAAAAAABBDBDBACCBBBA	['D24B', 'D39A', 'A72D', 'B106A', 'C140D', 'D148B', 'A193C', 'B201A']	8	-9.611999571090564	-7.277298952423735	-13.85603594101849	-4.244036369927926
ABAAABCBACABABCBDBABBDBDBBBAAAAAABAAABDAABAABAAABABAAAAACACBAABAADACCBADAACACABBABABAAABABBAABDAABCABAABABAAAABDCBCAAAAABBCCDDAAAAAAAABDBDACBADAAABDABAAAAACBBADAACCCAAABABABAAABAABABAABABABAAAACCAAAABAAABBBBCACDCAACDBDCCCAAAAABADDBCACAAAAABAABAAAAAAABBDBDBACCBBBA	['A14B', 'C31A', 'C50A', 'A72D', 'A101B', 'D119A', 'C122B', 'A163C', 'A171B', 'B201A']	10	-7.320165352663025	-7.2903331736742985	-11.577235943841515	-4.25707059117849
ABAAABCBACABAACBDBABBDBDBBBAAAAAABAAABDAABAABAAABCBAAAAACACBAABAADACCBAAAACACABBABABAAABABBAABDAABCAAAABABAAAABDCBCAAADABCCCBDAAAAAAAABDBDACBADAAABDABAAAAAABBADAAACCABABAAABAAABAABABAABABABAAAACCAAAABBAABBBBCACDCAACDBDCCCAAAAABADDBCACAAAAABAABAAAAAAABBDBDBACCBBBA	['C31A', 'D125B', 'C156A', 'A167B']	4	-7.301097851945087	-7.291375812113984	-11.559211081563262	-4.258113229618175
ABAAABCBACABAACBDBABBDBDBBBAAACAABAAABDAABAABAAABCBAAAAACACBAABAADACCBAAAACACABBABABAAABABBAABDAABCABAABABAAAABDCBCAAADABCCCDDAAAAAAAABDBDACBADAAABDABAAAACCBBADAACCCAAABAAABAAABAABABAABABABAAAACCAAAABAAABBBBCACDCAACDBBCCCAAAAABADDBCADAAAAABAABAAAAAAABBDBDBACCBBBA	['A101B', 'A155C', 'A163C', 'B201A', 'D218B', 'C234D']	6	-7.297869907459244	-8.966251706908224	-13.23085903187166	-4.2646073249634355
ABAAABCBACABAACBDBABBDBDBBBAAAAAABAAABDAABAABAAABCBAAAAACACBAAAAADACCAAAAACACABBABABAAABABBAABDAABCABAABABAAAABDCBCAAABABBCCADAAAAAAAABDBDADBADAAABBABAAAAACBBACAAACCAAABAAABAAABAABABAABABABAAAACCAAAABAAABABBCACDCAACDBDCCCAAAAABADDBCADAAAAABAABAAAAAAABBDBDBACCBBBA	['C31A', 'B63A', 'B70A', 'A101B', 'D119B', 'C122B', 'D125A', 'C140D', 'D148B', 'D160C', 'B201A', 'B205A', 'C234D']	13	-8.937163274502382	-7.299677896749927	-13.2035785887565	-4.266415314254118
ABAAABCBACABABABDBABBDBDBBBAAACBABAAABAAABAABAAABABAAAAACACBAABAADACCBAAAACACABBABABAAABABBCABDAABCABAABABAAAABDCBCAAACABCCADDAAAAAAAACCBDACBADAAABDABAAAACCABABABACCAAABAAABAAABAABABAABABABAAAACCAAAABAAABBBBCACDCAACDBDCCCAAAAABADDBCAAAAAAACAABAAAAAAABBDBDBACCBBBA	['A14B', 'C15A', 'A32B', 'D39A', 'C50A', 'A92C', 'A101B', 'D119C', 'C124A', 'B135C', 'D136C', 'A155C', 'B157A', 'D160B', 'A162B', 'B201A', 'C234A', 'B240C']	18	-7.3018513831775635	-11.70655422002892	-15.975143020710675	-4.268588800681755
ABAAABCBACABAACBDBABBDBDBBBAAACAABAAABDAABAABAAABCBAAAAACACBAABAADACCBADACCACABBABABAAABABBAABDAABCABAABABAAAABDCBCAAADABCCCADAAAAAAAABDBDADBADAAABBABAAAAACBBADAAACCAAABADABAAABAABBBAABABABAAAACCAAAABAAABBBBCACDCAACDBDCCCAAAAABADDBCACAAAAABAABAAAAAAABBDBDAACCBBBA	['A72D', 'A74C', 'A101B', 'D125A', 'C140D', 'D148B', 'A171D', 'A181B', 'B201A', 'B256A']	10	-7.308130267309025	-8.472765309707029	-12.747632994520245	-4.274867684813216
ABAAABCBACABAACBDBABBDBDBBBAAACAABAAABDAABAABAAABCBAAAAAAACBAABAADACCBADAACACABBABABAAABABBAABDAABCAAAABABAAAABDCBCAAADABCCCDDAAAAAAAABDBDACBADAAABDABAAAAACBBADAAACCAAABAAABAAABAABABAABABABAAAACCAAAABBAABBBBCACDCAACDBDCCCAAAAABADDBCACAAAAABAABAAAAAAABBDBDBACCBBBA	['C57A', 'A72D']	2	-7.3170642296317965	-8.531495273084147	-12.815296920220135	-4.283801647135988
ABAAABCBACBBAACBDBABBDBBBBBAAAAAABAAABDAABAABAAABCBAAAAACACBAABAADACCBAAAACACABBABABAAABABBAABDAABCABAABABAAAABDCBCAAACABBCCDDAAAAAAAABDBDACBADAAABDABAAAACCBBADAAACCAAABAAABAAABAABABAABABABAAAACCAAAABBAABBBBCACDCABCCBDCCCAAAAABADDBCACAAAAABAABAAAAAAABBDBDBACCBBBA	['A11B', 'D24B', 'C31A', 'A101B', 'D119C', 'C122B', 'A155C', 'A214B', 'D216C']	9	-7.328846843680367	-8.606477337394608	-12.902061598579166	-4.295584261184558
ABAAABCBAABBAACBDBABBDBCBBBAAACAABAAABDAABAABAAABCBAAAAACACBAABAADACCBAAAACACABBABABAAABABBAABDAABCAAAABABAAAABDDBCAAADABBCDADAAAAAAAABDBDACBADAAABDABAAAAACBBADAAACCAAABAAABAAABAABABAABABABAAAACCAAAABBAABBBBCACDCAACDBDCBCAAAAABADDBCACAAAAABAABAAAAAAABBDBDBACCBBBA	['C10A', 'A11B', 'D24C', 'C113D', 'C122B', 'C124D', 'D125A', 'C220B']	8	-7.331527452683076	-9.383143457089318	-13.681408327276586	-4.298264870187268
ABAAADBBACABAACBABABBDBDBBBAAACAABAAABDAABAABAAABCBAAAAACACBAABAADACCBADAACACABBABABAAABABBAABDAABCAAAABABAAAABDCBCAAADABCCCDDAAAAAAAABDBDACBADAAABDABAAAAACBBADAAACCAAABAAABAAABAABABAABABABAAAACCAAAABAAABBBBCACDCAACDBDCCCAAAAABADDBCACAAAAABAABAAAAAAABBDBDAACCBBBA	['B6D', 'C7B', 'D17A', 'A72D', 'B201A', 'B256A']	6	-7.336237389827147	-9.687629037041916	-13.990603844373254	-4.3029748073313385
ABAAADBBACABAACBABABBDBDBBBAAACAABAAABDAABAABAAABCBAAAAACACBAABAADACCBADAACACABBABABAAABABBAABDAABCAAAABABAAAABDCBCAAADABCCCDDAAAAAAAABDBDACBADAAABDABAAAAACBBADAAACCAAABAAABAAABAABABAABABABAAAACCAAAABAAABBBBCACDCAACDBDCCCAAAAABADDBCACAAAAABAABAAAAAAABBDBDAACCBBBA	['B6D', 'C7B', 'D17A', 'A72D', 'B201A', 'B256A']	6	-7.336237389827147	-9.687629037041916	-13.990603844373254	-4.3029748073313385
ABAAABCBACABAACBDBABBDBDBBBAAACAABAAABDAABAABAAABCBAAAAACACBAABAADACCBAAAACACABBABABAAABABBAABDAABCABABBABAAAABDCBCAAAAABBCDDDAAAAAAAABDBDACBADAAABDABAAAAACBBADAAACCAAABAAABAAABAABABAABABABAAACCCAAAABBAABBBBCACDCAACDBDCCCAAAAABADDBCACAAAAABAABAAAAAAABBDBDBACCBBBA	['A101B', 'A103B', 'D119A', 'C122B', 'C124D', 'A193C']	6	-7.347642082488164	-11.252507629309548	-15.566887129301904	-4.314379499992356
ABAAABCBACABAACBDBABBDBDBBBAAACAABAAABDAABAABAAABCBAAAAACACBAABAADACCBAAAACACABBABABAAABABBAABDAABCAAAABABAAAABDCBCAAADABCCCBDAAAAAAAABDBDACBADAAABDABAAAAAABBADAAACCABABAAABAAABAABABAABABABAAAACCAAAABBAABBBBCACDCAACDBDCCCAAAAABADDBCACAAAAABAABAAAAAAABBDBDBACCBBBA	['D125B', 'C156A', 'A167B']	3	-7.348541867686436	-8.85060108822654	-13.165880373417167	-4.315279285190627
ABAAABCBACABAACBDBABBDBDBBBAAACAABAAABDAABAABAAABCBAAAAACACBAABAADACCBADAACACABBABABAAABABBAABDAABCAAAABABAAAABBDBCAAACABBCCDDAAAAAAAABDBDACBADAAABDABAAAAACBBADAAACCAAABAAABAAABAABABAABABABAAAACCAAAABBAABBABCACDCAACDBCCCCAAAAABADDBCACAAAAABAABAAAAAAABBDBDBACCBBBA	['A72D', 'D112B', 'C113D', 'D119C', 'C122B', 'B206A', 'D218C']	7	-7.357857758412138	-9.424841918022139	-13.749437093938468	-4.324595175916329
ABAAABCBACABAACBDBABBDBDBBBAAACAABAAABDAABAABAAABCBAAAAACACBAABAADACCBADAACACABBABABAAABABBAABDAABCAAAABABAAAABBDBCAAACABBCCDDAAAAAAAABDBDACBADAAABDABAAAAACBBADAAACCAAABAAABAAABAABABAABABABAAAACCAAAABBAABBABCACDCAACDBCCCCAAAAABADDBCACAAAAABAABAAAAAAABBDBDBACCBBBA	['A72D', 'D112B', 'C113D', 'D119C', 'C122B', 'B206A', 'D218C']	7	-7.357857758412138	-9.424841918022139	-13.749437093938468	-4.324595175916329
ABAAABCBACABAACBABABBDBDBBBBAACAABAAABDAABAABAAABCBAAAAACACBAABAADACCBADAACACABBABABAAABACBAABDAABCAAAABABAAAABDCBCAAABABCCCDDAAAAAAAABDBDACBADAAABDABBAAACCABABAAACCAAABAAABAAABAABABAABABABAAAACCAAAABBAABBBBCACDCAACDBDCCCAAAAABADDBAACAAAAABAABAAAAAAABBDBDBACCBBBA	['D17A', 'A28B', 'A72D', 'B90C', 'D119B', 'A151B', 'A155C', 'B157A', 'D160B', 'C232A']	10	-7.363904857775196	-10.999017983180238	-15.329660258459626	-4.330642275279388
ABAAABCBACABAACBDBABBDBBBBBAAACAABAAABDAABAABAAABCBAAAAACAABAABAADACCBAAAACACABBABABAAABABBAABDAABCABAABABAAAABDCBCAAACABCCADDAAAAAAAABCBDACBADAAABDABAAAACCBBADAAACCAAABAAABAAABAABABAABABABAAAACCAAAABBAABBBBCACDCAACDBDCCCAAAAABADDBBACAAAAABAABAAAAAAABBDBDAACCBBBA	['D24B', 'C59A', 'A101B', 'D119C', 'C124A', 'D136C', 'A155C', 'C232B', 'B256A']	9	-7.366844297153875	-11.500404477090342	-15.833986191748409	-4.333581714658067
ABAAABCBACABAACBDBABBDBDBBBAAACAABAAABDAABAADAAABCBAAAAACACBAABAADACCBAAAACACABBABABAAABABBAABDAABCAAAABABAAAABDCBCAAADABCCAADAAAAAAAABDBDACBADAAABDABBAAACABBADAADCAAAABAAABAAABAABAAAABABABAAAACCAAAABAAABBBBCACDBAACDBDCCCAAAAABADDBCACAAAAABAABAAAAAAABBDBDBACCBBBA	['B45D', 'C124A', 'D125A', 'A151B', 'A155C', 'C156A', 'A163D', 'C165A', 'B182A', 'B201A', 'C212B']	11	-7.372140750754625	-9.879251700331224	-14.21812986859004	-4.338878168258816
ABAAABCBACABAACBDBABBDBDBBBAAACAABAAABDAABAAAAAABDBAAAAACACBAABAADACBBADACCACABBABAAAAABABBAABDAABCABAABABAAAABBCBCAAADABCCCADAAAAAAAABDBDACBADAAABDABBAAACCABABAACCCAAABAAABAAABAABABAABABABAAAACCAAAABAAABBBBCACDBAABDBDCCCAAAAABADDBCACAAAAABAABAAAAAAABBDBDAACCBBBA	['B45A', 'C50D', 'C69B', 'A72D', 'A74C', 'B84A', 'A101B', 'D112B', 'D125A', 'A151B', 'A155C', 'B157A', 'D160B', 'A163C', 'B201A', 'C212B', 'C215B', 'B256A']	18	-7.372403075685725	-11.183615064685	-15.522755557874916	-4.339140493189916
ABAAABCBACABAACBDBABCDBDBBBAAACAABAAABDAABAADAAABCBAAAAACACBAABAADACCBAAAACACABBABABAAABABBAABDAABCAAAABABAAAABDCBCAAADABCCBDDAAAAAAAABDBDACBADAAABDABAAAAACBBADAAACCAAABAAABAAABAABAAAABABABAAAACCAAAABBAABBBBCACDCAACDBDCCCAAAAABADDBCACAAAAABAABAAAAAAABBDBDAACCBBBA	['B21C', 'B45D', 'C124B', 'B182A', 'B256A']	5	-7.37403190436271	-9.794015601248248	-14.134784923115149	-4.340769321866901
ABAAABCBACBBAACBDBABBDBDBABAAAAAABAAABDAABAABAAABCBAAAAACACDAABAADACCBAAAACACABBABABAAABABBAABDAABCAAAABABAAAABBCBCAAADABCCDACAAAAAAAABDBDACBADAAABDABAAAAACBBADAAACCAAABAAABAAABAABABAABABABAAADCCAAAABBABBBBBCACDCAACABDBCCAAAAABADDBCACAAAAABAABAAAAAAABBDBDBACCBBBA	['A11B', 'B26A', 'C31A', 'B60D', 'D112B', 'C124D', 'D125A', 'D126C', 'A193D', 'A203B', 'D216A', 'C219B']	12	-7.37773109623231	-9.246268995775608	-13.59073750951211	-4.344468513736501
ABAAABCBACABAACBDBAABDBDBBBAAAAAABAAABDAABAAAAAABCBAAAAACACBAABAADACCBAAAACACABBABABAAABABBAABDAABCABAABABAAAABDCBCAAADABCCCDDAAAAAAAACDBDACBADAAABDABBAAACCABABAAACCAAABAAABAAABAABABAABABABAAAACCAAAABAAABBBBCACDCAABDBDCCCAAAAABADDBCACAAAAABAABAAAAAAABBDBDBACCBBBA	['B20A', 'C31A', 'B45A', 'A101B', 'B135C', 'A151B', 'A155C', 'B157A', 'D160B', 'B201A', 'C215B']	11	-7.3785673507954925	-8.706949812331004	-13.052254580630688	-4.345304768299684
ABAAABCBACABAACBDBABBDBDBBBAAACAABAAABDAABAABAAABABAAAAACACBAABAADACCBAAACCACABBABABAAABABBAABDAABCABAABABAAAACDCBCAAADABCCCDDAAAAAAAABDBDACBADAAABDABAAAAACABACAAACCAAABAAABAAABAABABAABABABAAADCCAAAABAAABBBBCACDCAACDBDCCCAAAAABADDBCACAAAAABAABAAAAAAABBABDBACCBBBA	['C50A', 'A74C', 'A101B', 'B111C', 'B157A', 'D160C', 'A193D', 'B201A', 'D253A']	9	-7.614716792246327	-7.388907141954405	-11.970361351704923	-4.355644559458597
ABAAABCBACABABCBDBABBDBDABBAAACAAAAAABDAABAABAAABCBAAAAACACBAABAADACCBAAAACACABBABABAAABABBAABDAABCCBAABABAAAABCCBCAAABABCCAADAAAAAAAABBBDACBADAAABDABAAAAACBBADAAACCAAABAAABAAABAABABAABABABAAAACCAAAABAAABBBBCACDCAACDBBCCCAAAAABADDBCADAAAAABAABAAAAAAABBDBDBACCBBBA	['A14B', 'B25A', 'B34A', 'A100C', 'A101B', 'D112C', 'D119B', 'C124A', 'D125A', 'D136B', 'B201A', 'D218B', 'C234D']	13	-7.397022938122973	-9.804228204971878	-14.167988560599042	-4.363760355627164
ABAAADBBACBBABCBDBABBDBDBBBAAAAAABAAABDAABAABAAABABAAAAACACBAABAADACCBAAAACACABBABABAAABABBAABDAABCAAAABABAAAABDDBCAAADABCCCADAAAAAAAABDBDACBADAAABDABBAAACCBBADAAACCAAABAAABAAABAABABAABABABAAAACCAAAABAAABBBBCACDCAACDBDCCCAAAAABADDBCACAAAAABAABAAAAAAABBDBDAACCBBBA	['B6D', 'C7B', 'A11B', 'A14B', 'C31A', 'C50A', 'C113D', 'D125A', 'A151B', 'A155C', 'B201A', 'B256A']	12	-8.180509648052976	-7.398614802834345	-12.545861868391512	-4.365352220338536
ABAAABCBACABAACBDBABBDBBABBAAACAABAAABAAABAADAAABCBAAAAACACBAABAADACCBAAAACACABBABABAAABABBAABDAABCABAABABAAAABDCBCAAACABBCCCDAAAAAAAABDBDACBADAAABDABAAAAACBBADAAACCAAABAAABAAABAABABAABABABAAAACCAAAABBAABBABCACDCAACDBDCCCAAAAABADDBCACAAAAABAABAAAAAAABBDBABACCBBBA	['D24B', 'B25A', 'D39A', 'B45D', 'A101B', 'D119C', 'C122B', 'D125C', 'B206A', 'D255A']	10	-7.4008749953936785	-8.118231042724801	-12.485843455622671	-4.36761241289787
ABAAABCBACABAACBBBABBDBDBBBAAACAABAAABDAABAABAAABCBAAAAACACBAABAADACCBAAAACACABBABABAAABABBAABDAABCAAAABABAAAABDCBCAAACABCCDAAAAAAAAAABDBDACBADAAABDABAAAAACBBADAAACCAAABAAABAAABAABAAAABABABAAAACCAAAABBAABBABCACDCAACDBDCCCAAAAABADDBCACAAAAABAABAAAAAAABBDBDBACCBBBA	['D17B', 'D119C', 'C124D', 'D125A', 'D126A', 'B182A', 'B206A']	7	-7.402196871349588	-8.64570883937995	-13.014643128233729	-4.368934288853779
ABAAABCBACABAACBBBABBDBDBBBAAACAABAAABDAABAABAAABCBAAAAACACBAABAADACCBAAAACACABBABABAAABABBAABDAABCAAAABABAAAABDCBCAAACABCCDAAAAAAAAAABDBDACBADAAABDABAAAAACBBADAAACCAAABAAABAAABAABAAAABABABAAAACCAAAABBAABBABCACDCAACDBDCCCAAAAABADDBCACAAAAABAABAAAAAAABBDBDBACCBBBA	['D17B', 'D119C', 'C124D', 'D125A', 'D126A', 'B182A', 'B206A']	7	-7.402196871349588	-8.64570883937995	-13.014643128233729	-4.368934288853779
ABAAABCBACABAACBDBAABDBDBBBAAACAABAAABDAABAABAAABCBAAAAACACBAABAADACCBAAAACACABBABABAAABABBAABDAABCAAAABABAAAABBCBCAAADABCCCDDAAAAAAAABDBDADBADAAABBABAAAAACBBADAAACCAAABAAABAAABAABABAABABABAAAACCAAAABAAABBBBCACDBAACDBDCCCAAAAABADDBCACAAAAABAABAAAAAAABBDBDBACCBBBA	['B20A', 'D112B', 'C140D', 'D148B', 'B201A', 'C212B']	6	-10.44375146436505	-7.421043637179537	-14.831532519048778	-4.387781054683728
ABAAABCBACABAACBDBAABDBDBBBAAAAAABAAABDAABAABAAABCBAAAAACACBAABAADACCBAAAACACABBABACAAABABBAABDAABCABAABABAAAABACBCAAADABCCDDDAAAAAAAABDBDADBADAAABBABAAAAACBBADAAACCAAABAAABAAABAABABAABABABAAAACCAAAABBAABBBBCACDCAACDBDCCCAAAAABADDBCACAAAAABAABAAAAAAABBDBDBACCBBBA	['B20A', 'C31A', 'B84C', 'A101B', 'D112A', 'C124D', 'C140D', 'D148B']	8	-10.030283214291558	-7.426263498578919	-14.423284130374668	-4.3930009160831105
ABAAABCBACBBAACBDBAABDBDBBBAAACAABAAABDAABAABAAABCBAAAAACACBAABAADACCAAAAACACABBABABAAABABBAABDAABCABAABABAAAABDCBCAAABABCCDDDAAAAAAAABDBDADBADAAABBABAAAAACBBADAAACCAAABAAABAAABAABABAABABABAAACCDAAAABBAABBABCACDCAACDBCCCCAAAAABADDBCACAAAAABAABAAAAAAABBDBDBACCBBBA	['A11B', 'B20A', 'B70A', 'A101B', 'D119B', 'C124D', 'C140D', 'D148B', 'A193C', 'C195D', 'B206A', 'D218C']	12	-7.958845833083615	-7.441784552269382	-12.367367802857189	-4.408521969773574
ABAAABCBACABAACBABABBDBDBBBAAACAABAAABDAABAACAAABCBAAAAACACBAABAADACCBADAACACABBABABAAABACBAABDAABCABAABABAAAABDCBCAAADABCCCDDAAAAAAAABDBDACBADAAABDABAAAACCBBADAAACCAAABAAABAAABAABABAABABABAAAACCAAAABBAABBBBCACDCAACDBDCCCAAAAABADDBCACAAAAABAABAAAAAAABBDBDAACCBBBA	['D17A', 'B45C', 'A72D', 'B90C', 'A101B', 'A155C', 'B256A']	7	-7.486051811603829	-10.41398816180299	-14.866777390911011	-4.452789229108021
ABAAABCBACABAACBABABBDBDBBBAAAAAABAAABDAABAABAAABCBAAAAACACBAAAAADACCBAAACCACABBABABAAABABBAABDAABCABAABABAAAABDCBCAAADABCCCDDAAAAAAAABDBDADBADAAABCABAAAAAABBADAAACCAAABAAABAAABAABABAABABABAAAACCAAAABBAABBBBCACDCAACABDCCCAAAAABADDBCACAAAAABAABAAAAAAABBDBDAACCBBBA	['D17A', 'C31A', 'B63A', 'A74C', 'A101B', 'C140D', 'D148C', 'C156A', 'D216A', 'B256A']	10	-7.495574873639271	-8.470161864039255	-12.932474155182717	-4.462312291143462
ABAAABCBACBBAACBDBABBDBDBBBAAACAABAAABDAABAABAAABABAAAAACACBAABAADACCBAAAACACABBABABAAABABBAABDAABCAAAABABAAAABDCBCAAACABBCCDDAAAAAAAABDBDACBADAAABDABAAAACCBBADAAACCAAABAAABAAABAABABAABABABAAAACDAAAABAAABBBBCACDCAACDBBCCCAAAAABADDBCACAAAAABAABAAAAAAABBDBDBACCBBBA	['A11B', 'C50A', 'D119C', 'C122B', 'A155C', 'C195D', 'B201A', 'D218B']	8	-7.498081004945561	-8.145096988620935	-12.609915411070688	-4.464818422449753
ABAAABCBACABAACBDBABBDDDBBBAAAAAABAAABDAABAABAAABCBAAAAACACBAABAADACCBAAAACACABBABABAAABABBAABDAABCABAABABAAAABDCBCAAAAABBCCADAAAAAAAABDBDACBADAAABBABAAAAACBBADAAACCAAABAAABAAABAABABAABABABAAAACCAAAABBAABBBBCACDCAABDBDCCDCAAAABADDBCACAAAAABAABAAAAAAABBDBDBACCBBBA	['B23D', 'C31A', 'A101B', 'D119A', 'C122B', 'D125A', 'D148B', 'C215B', 'C221D', 'A222C']	10	-7.498959980672225	-7.791949630176532	-12.257647028352949	-4.465697398176417
ABAAABCBACABAACBDBABBDBDBBBAAACAABAAABDAABAABAAABCBAAAAACACBAABAADACCBADAACACABBABABAAABABBAABDAABCAAAABABAAAABDCBCAAADABCCCDDAAAAAAAABDBDACBADAAABCABAAAAACBBADAAACCAAABAAABAAABAABBBAABABABAAAACCAAAABAAABBBBCACDCAACDBDCCCAAAAABADDBCACAAAAABAABAAAAAAABBDBDBACCBBBA	['A72D', 'D148C', 'A181B', 'B201A']	4	-7.50027218577452	-8.703006252151681	-13.170015855430393	-4.467009603278711
ABAAABCBACBBAACBDBABBDBDBBBAAAAAABAABBDAABAABAAABCBAAAAACACBAABAADACCBAAAACACABBABABAAABABBAABDAABCAAAABABAAAABDDBCAAACABBCDDDAAAAAAAABDBDACBADAAABDABAAAACCBBADAAACCAAABAAABAAABAABABAABABABAAAACCBAAABAAABBBBCACDCAACDBDCCCAAAAABADDBCACAAAAABAABAAAAAAABBDDBBACCBBBA	['A11B', 'C31A', 'A37B', 'C113D', 'D119C', 'C122B', 'C124D', 'A155C', 'A196B', 'B201A', 'B254D', 'D255B']	12	-7.5125605028588325	-7.832292200502707	-12.31159012086573	-4.479297920363024
ABAAACCBACABAACBABABBDBDBBBAAACAABAAABDAABAABAAABCBAAAAACACBAABAADACCBAAAACACABBABABAAABABBAABDAABCAAAABABAAAABDDBCAAACABCCBADAAAAAAAABDBDACBADAAABDABAAAAACBBADAAACCAAABAAABAAABAABABAABABABAAAACCAAAABBAABBABCACDCAACDBDCCCAAAAABADDBCACAAAAABAABAAAAAAABBDBDBACCBBBA	['B6C', 'D17A', 'C113D', 'D119C', 'C124B', 'D125A', 'B206A']	7	-7.512597767379702	-9.799842058186186	-14.27917724307008	-4.479335184883894
ABAAABCBACABAACBABABBDBDBBBAAACAABAAABDAABAABAAABCBAAAAACACBAABAADACCBAAAACACABBABABAAABABBAABDAABCAAAABABAAAACDCBCAAADABCCADDAAAAAAAABDBDACBADAAABDABAAAAACBBADAAACCAAABAAABAAABAABABAABABABAAAACCAAAABBAABBBBCACDCAACDBDCCCAAAAABADDBCACAAAAABAABAAAAAAABBABDAACCBBBA	['D17A', 'B111C', 'C124A', 'D253A', 'B256A']	5	-7.515411000465974	-10.572893179923994	-15.05504159789416	-4.482148417970166
ABAAABCBACABABCBDBABBDBDBBBAAACAAAAAABAAABAABAAABCBAAAAACACBAABAADACCBABAACACABBABABAAABABBAABDAABCABAABABAAAABACBCAAADABCCCDDAAAAAAAABDBDACBADAAABDABAAAAACBBADAAACCAAABAAABAAABAABABAABABABAAAACCAAAABAAABBBBCACDCAACDBDCCCAAAAABADDBCACAAAAABAABAAAAAAABBDBDBACCBBBA	['A14B', 'B34A', 'D39A', 'A72B', 'A101B', 'D112A', 'B201A']	7	-7.521561346220551	-9.233701616030885	-13.722000379755627	-4.4882987637247425
ABAAABCBACABAACBABABBDBDBBBAAACAABAAABDAABAABAAABCBAAAAACACBAABAADACCBADAACACABBABACAAABABBAABDAABCAAAABABAAAABDCBCABADABCCAADAAAAAAAABDBDACBADAAABDABAAACACBBADAAACCAAABAAABAAABAABABAABABABAAAACCAAAABAAABBBBCACDCAACDBDCCAAAAAABADDBCACAAAAABAABAAAAAAABBDBDBACCBBBA	['D17A', 'A72D', 'B84C', 'A117B', 'C124A', 'D125A', 'A154C', 'B201A', 'C221A']	9	-7.5226703498046845	-10.041099427704467	-14.530507195013342	-4.489407767308876
ABAAABCBACBBAACBDBAABDBDBBBAAACAABAAABDACBAABAAABCBAAAAACACBAABAADACCBAAAACACABBABABAAABABBAABDAABCAAAABABAAAABBCBCAAADABCCCDDAAAAAAAABDBDACBADAAABDABBAAAACBBADAAACCAAABAAABAAABAABABAABABABAAAACCAAAABAAABBBBCACDCAACDBDCCCAAAAABADDBCACAAAAABAABAAAAAAABBDBDBACCBBBA	['A11B', 'B20A', 'A41C', 'D112B', 'A151B', 'B201A']	6	-7.526473908452317	-9.301380989112658	-13.794592315069167	-4.4932113259565085
ABAAABCBACBBAACBDBAABDBDBBBAAACAABAAABDACBAABAAABCBAAAAACACBAABAADACCBAAAACACABBABABAAABABBAABDAABCAAAABABAAAABBCBCAAADABCCCDDAAAAAAAABDBDACBADAAABDABBAAAACBBADAAACCAAABAAABAAABAABABAABABABAAAACCAAAABAAABBBBCACDCAACDBDCCCAAAAABADDBCACAAAAABAABAAAAAAABBDBDBACCBBBA	['A11B', 'B20A', 'A41C', 'D112B', 'A151B', 'B201A']	6	-7.526473908452317	-9.301380989112658	-13.794592315069167	-4.4932113259565085
ABAAABCBACABAACBDBABBDDDBBBAAACAABAAABDAABAABAAABCBAAAAACACBAABAADACCBAAABCACABBABABAAABABBAABDAABCABAABABAAAABDCBCAAADABCCCDDAAAAAAAABDBDADBADAAABBABAAAAACBBADAAACCAAABAAABAAABAABABAABABABAAAACCAAAABBAABBBBCACDCAACDBDCCCAAAAABADDBCACAAAAABAABAAAAAAABBDBDBACCBBBA	['B23D', 'A74B', 'A101B', 'C140D', 'D148B']	5	-7.983588156988844	-7.5269770528393565	-12.477302627332392	-4.493714470343548
ABAAABCBACABAACBDBABBDDDBBBAAACAABAAABDAABAABAAABCBAAAAACACBAABAADACCBAAABCACABBABABAAABABBAABDAABCABAABABAAAABDCBCAAADABCCCDDAAAAAAAABDBDADBADAAABBABAAAAACBBADAAACCAAABAAABAAABAABABAABABABAAAACCAAAABBAABBBBCACDCAACDBDCCCAAAAABADDBCACAAAAABAABAAAAAAABBDBDBACCBBBA	['B23D', 'A74B', 'A101B', 'C140D', 'D148B']	5	-7.983588156988844	-7.5269770528393565	-12.477302627332392	-4.493714470343548
ABAAABCBACABAACBABAABDBDBBBAAAAAABAAABCAABAADAAABCBAAAAACACBAAAAADACCBAAAACACABBABABAAABABBAABDAABCABAABABAAAABCCBCAAADABCCADDAAAAAAAABDBDBDBADAAABBABAAAAACBBADAAACCAAABAAABAAABAABBBAABABABAAAACCAAAABAAABBBBCACDCAACDBDCCCAAAAABADDBCACAAAAABAABAAAAAAABBDBDBACCBBBA	['D17A', 'B20A', 'C31A', 'D39C', 'B45D', 'B63A', 'A101B', 'D112C', 'C124A', 'A139B', 'C140D', 'D148B', 'A181B', 'B201A']	14	-10.317063555354252	-7.549358251009835	-14.833159223868279	-4.516095668514026
ABAAABCBACABAACBDBABBDBDBBDBAACAABAAABDAABAACAAABCBAAAAACACBAABAADACCBAAAACACABBABABAAABABBAABDAABCAAAABABAAAABDCBCAAADABCCCDDAAAAAAAABDBDADBADAAABBABAAAAACBBADAAACCAAABAAABAAABAABABAABABABAAAACCAAAABBAABBBBCACDCAACDBDCCCAAAAABADDBCACAAAAABAABAAAAAAABBDBDBACCBBBA	['B27D', 'A28B', 'B45C', 'C140D', 'D148B']	5	-9.077370955375955	-7.549846730864374	-13.59395510374452	-4.516584148368565
ABAAABCBACABAACBDBABBDBDBBBAAACAABAAABDAABAABAAABABAAAAACACBAABAADACCBAAAACACABBABABAAABABBAABDAABCAAAABABAAAAAACBCAAADABCCDDCAAAAAAAABDBDACBADAAABDABAAAACCBBADAAACCAAABAAABAAABAABABAABABABAAAACCBAAABAAABBBBCACDCAACDBDCCCAAAAABADDBCAAAAAAABAABAAAAAAABBABDBACCBBBA	['C50A', 'B111A', 'D112A', 'C124D', 'D126C', 'A155C', 'A196B', 'B201A', 'C234A', 'D253A']	10	-7.551460594171658	-8.829154645529343	-13.347352657205192	-4.51819801167585
ABAAABCBACABAACBDBABBDBDBBBAAACAABAAABDAABAABAAABCBAAAAACACBAABAADACCBAAAACACABBABABAAABABBAABDAABCAAAABABAAAADDCBCAAADABCCCDDAAAAAAAABDBDADBADAAABBABAAAAACBBADAAACCAAABAAABAAABAABABAABABABAAAACCAAAABBAABBBBCACDCAACDBDCCCAAAAABADDBCACAAAAABAABAAAAAAABBDBDAACCBBBA	['B111D', 'C140D', 'D148B', 'B256A']	4	-9.326501053525135	-7.553908589266939	-13.847147060296265	-4.5206460067711305
ABAAABCBACBBAACBDBABBDBDBBBAAACAABAAABDAABAABAAABCBAAAAACACBAABAADACCBAAAACACABBABABAAABABBAABDAABCABAABABAAAABDCBCAAADABCCCDDAAAAAAAABDBDADBADAAABBABAAAAACBBADAAACCAAABAAABAAABAABABAABABABAAAACDAAAABBABBBBBCACDCAACDBDCCCAAAAABADDBCACAAAAABAABAAAAAAABBDBDBACCBBBA	['A11B', 'A101B', 'C140D', 'D148B', 'C195D', 'A203B']	6	-7.5553610196802765	-7.737376687087817	-12.259475124272285	-4.522098437184468
ABAAABCBACABAACBABABBDBDBBBAAACAABAAABDABBAABAAABCBAAAAACACBAABAADACCBADAACACABBABABAAABABBAABDAABCABAABABAAAABDCBCAAAAABBCCADAAAAAAAABDBDACBADAAABDABAAAAACBBADAAACCAAABAAABAAABAABABAABABABAAAACCAAAABAAABBBBCACDCAACDBABCCAAAAABADDBCADAAAAABAABAAAAAAABBDBDAACCBBBA	['D17A', 'A41B', 'A72D', 'A101B', 'D119A', 'C122B', 'D125A', 'B201A', 'D218A', 'C219B', 'C234D', 'B256A']	12	-7.5562052635941654	-11.432879819505615	-15.955822500603972	-4.522942681098357
ABAAABCBACABAACBABABBDBDBBBAAACAABAAABBAABAABAAABCBAAAAACACBAABAADACCBAAAACACABBABABAAABABBAABDBABCABAABABAAAABDCBCAAADABCCADDAAAAAAAABDBDADBADAAABBABAAAAACBBADAADCCAAABAAABAAABAABABAABABABAAAACCAAAABAAABBBBCACDCAACDBDCCCAAAAABADDBCACAAAAABAABAAAAAAABBDBDBACCBBBA	['D17A', 'D39B', 'A96B', 'A101B', 'C124A', 'C140D', 'D148B', 'A163D', 'B201A']	9	-7.564639505464584	-7.587637609307421	-12.119014532276196	-4.531376922968775
ABAAABCBACABAACBDBAABDBDBBBAAACAABAAABBAABAABAAABABAAAAACACBAABAADACCBAAAACACABBABABAAABABBAABDAABCABAABABAAAABDCBCAAACABBCADDAAAAAAAABDBDACBADAAABDABAAAAACBBADAAACCAAABAAABAAABAABABAABABABAAAACCAAAABAAABBBBCACDCAACDBDCCCCAAAABADDBCACAAAAABAABAAAAAAABBDBDBACCBBBA	['B20A', 'D39B', 'C50A', 'A101B', 'D119C', 'C122B', 'C124A', 'B201A', 'A222C']	9	-7.569667221745476	-9.68098809334333	-14.217392732592998	-4.5364046392496675
ABAAABCBACABAACBDBABBDBDBBBAAACAABAAABDAABAABAAABCBAAAAACACBAABAADACCBADAACACABBABABAAABABBAABDAABCAAAABABAAAABCCBCAAAAABBCADDAAAAAAAABDBDACBADAAABDABAAAAACBBADAAACCAAABAAABAAABAABABAABABABAAAACCAAAABAABBBBBCACDCAACDBDACCCAAAABADDBCACAAAAABAABAAAAAAABBDBDBACCBBBA	['A72D', 'D112C', 'D119A', 'C122B', 'C124A', 'B201A', 'A203B', 'C219A', 'A222C']	9	-7.581902518169954	-12.099686630041106	-16.64832656571525	-4.548639935674146
ABAAABCBACBBAACBDBABCDDDBBBAAACAABAAABDAABAABAAABCBAAAAACACBAABAADACCBAAAACACABBABABAAABABBAABDAABCABAABABAAAAADCBCAAADABBCADDAAAAAAAABDBDACBADAAABDABBAAACCBBADAAACCAAABAAABAAABAABABAABABABAAAACCAAAABAAABBBBCACDCAACDBDCCCAAAAABADDBCACAAAAABAABAAAAAAABBDBDBACCBBBA	['A11B', 'B21C', 'B23D', 'A101B', 'B111A', 'C122B', 'C124A', 'A151B', 'A155C', 'B201A']	10	-7.587523305555806	-11.658392827885109	-16.212653550945106	-4.554260723059997
ABAAABCBACBBAACBDBABCDBDABBAAACAABAAABDAABAABAAABCBAAAAACACBAABAADACCBAAAACACABBABABAAABABBAABDAABCAAAABABAAAABDCBCAAAAABBCCADAAAAAAAABDBDACBADAAABDABAAAAACBBADAAACCAAABAAABAAABAABABAABABABAAAACCAAAABAABBBBBCACDCAACDBCCCCAAAAABADDBCADAAAAABAABAAAAAAABBABDBACCBBBA	['A11B', 'B21C', 'B25A', 'D119A', 'C122B', 'D125A', 'B201A', 'A203B', 'D218C', 'C234D', 'D253A']	11	-7.588736311765388	-8.222615793783916	-12.778089523053495	-4.555473729269579
ABAAABCBACBBAACBDBABCDBDABBAAACAABAAABDAABAABAAABCBAAAAACACBAABAADACCBAAAACACABBABABAAABABBAABDAABCAAAABABAAAABDCBCAAAAABBCCADAAAAAAAABDBDACBADAAABDABAAAAACBBADAAACCAAABAAABAAABAABABAABABABAAAACCAAAABAABBBBBCACDCAACDBCCCCAAAAABADDBCADAAAAABAABAAAAAAABBABDBACCBBBA	['A11B', 'B21C', 'B25A', 'D119A', 'C122B', 'D125A', 'B201A', 'A203B', 'D218C', 'C234D', 'D253A']	11	-7.588736311765388	-8.222615793783916	-12.778089523053495	-4.555473729269579
ABAAABCBACBBAACBDBABCDBDABBAAACAABAAABDAABAABAAABCBAAAAACACBAABAADACCBAAAACACABBABABAAABABBAABDAABCAAAABABAAAABDCBCAAAAABBCCADAAAAAAAABDBDACBADAAABDABAAAAACBBADAAACCAAABAAABAAABAABABAABABABAAAACCAAAABAABBBBBCACDCAACDBCCCCAAAAABADDBCADAAAAABAABAAAAAAABBABDBACCBBBA	['A11B', 'B21C', 'B25A', 'D119A', 'C122B', 'D125A', 'B201A', 'A203B', 'D218C', 'C234D', 'D253A']	11	-7.588736311765388	-8.222615793783916	-12.778089523053495	-4.555473729269579
ABAAAABBACABAACBABABBDBDBBBAAAAAABAAABDAABAABAAABCBAAAAACACBAABAADACCBAAAACACABBABABAAABABBAABDAABCABAABABAAAABDCBCAAADABCCCADAAAAAAAABDBBADBADAAABBABAAAAAABBADAAACCAAABAAABAAABAABABAABABABAAAACCAAAABBABBBBBCACDCAACDBDCCBCAAAABADDBCACAAAAABAABAAAAAAABBDBDAACCBBBA	['B6A', 'C7B', 'D17A', 'C31A', 'A101B', 'D125A', 'D138B', 'C140D', 'D148B', 'C156A', 'A203B', 'C221B', 'A222C', 'B256A']	14	-8.969897935865447	-7.592592852161033	-13.529228205530671	-4.5593302696652245
ABAAABCBACABAACBABABBDBDBBBAAACAABAAABDAABAABAAABCBAAAAACACBAABAADACCBAAAACACABBABABAAABABBAABDAABCAAAABABAAAABDCBCAAACABBCAADAAAAAAAABDBDADBADAAABBABAAAAACBBADAAACCAAABAAABAAABAABABAABABABAAAACCAAAABAAABBABCACDBAACABCACCAAAAABADDBCACAAAAABAABAAAAAAABBDBDAACCBBBA	['D17A', 'D119C', 'C122B', 'C124A', 'D125A', 'C140D', 'D148B', 'B201A', 'B206A', 'C212B', 'D216A', 'D218C', 'C219A', 'B256A']	14	-7.594054145505652	-8.263184935291065	-12.823976498300908	-4.560791563009843
ABAAACCBACABAACBABABBDBDBBBAAACAABAAABDAABAABAAABCBAAAAACACBAABAADACCBAAAACACABBABABAAABABBAABDAABCABAABABAAAAADCBCAAADABCCCDDAAAAAAAABDBDACAADAAABDABAAAAACBBADAAACCAAABAAABAAABAABABAABABABAAAACCAAAABBAABBBBCACDBAACABDCCCAAAAABADDBCACAAAAABAABAAAAAAABBDBDBACCBBBA	['B6C', 'D17A', 'A101B', 'B111A', 'B141A', 'C212B', 'D216A']	7	-7.597049479372799	-10.249717102822615	-14.813503999699606	-4.563786896876991
ABAAABCBACABAACBABABBDBDBBBBAACAABAAABAAABAABAAABCBAAAAACACBAABAADACCBAAAACACABBABABAAABABBAABDAABCAAAABABAAAABDCBCAAADABCCCDDAAAAAAAABDBDADBADAAABBABAAAAACBBADAAACCAAABAAABAAABAABABAABABABAAAACCAAAABBAABBBBCACDCAACDBCCBCAAAAABADDBAACAAAAABAABAAAAAAABBDBDBACCBBBA	['D17A', 'A28B', 'D39A', 'C140D', 'D148B', 'D218C', 'C220B', 'C232A']	8	-7.955619192915037	-7.601456400909228	-12.523813011328457	-4.56819381841342
ABAAABCBACABAACBDBABBDBDBBBAAACAABAAABDAABAABAAABCBAAAAACACBAABAADACCBAAAACACABBABABAAABABBAABDAABCAAAABABAAAACDCBCAAAAABBCCADAAAAAAAABDBDACBADAAABDABAAAAACBBADAAACCAAABAAABAAABAABABAABABABAAAACCAAAABAAABBBBCACDCAACDBDCCCAAAAABADDBCACAAAAABAABAAAAAAABBDBDBACCBBBA	['B111C', 'D119A', 'C122B', 'D125A', 'B201A']	5	-7.602890130830929	-9.10856768299709	-13.67819523133221	-4.56962754833512
ABAAABCBACABABCBDBABBDBDBBBAAACAABAAABDAABAABAAABCBAAAAACACCAABAADACCBAAAACACABBABABAAABABBAABDAABCABAABABAAAABCCBCAAADABCCADDAAAAAAAABDBCACBADAAABDABAAAAACBBADAAACCAAABAAABAAABAABABAABABABAAAACCAAAABAAABBBBCACDCAACDBDCCCAAAAABADDBCACAAAAABAABAAAAAAABBDBDBACCBBBA	['A14B', 'B60C', 'A101B', 'D112C', 'C124A', 'D138C', 'B201A']	7	-7.611112944083288	-9.443253440287663	-14.021103801875142	-4.57785036158748
ABAAABCBACABABCBDBABBDBDBBBAAACAABAAABDAABAABAAABCBAAAAACACCAABAADACCBAAAACACABBABABAAABABBAABDAABCABAABABAAAABCCBCAAADABCCADDAAAAAAAABDBCACBADAAABDABAAAAACBBADAAACCAAABAAABAAABAABABAABABABAAAACCAAAABAAABBBBCACDCAACDBDCCCAAAAABADDBCACAAAAABAABAAAAAAABBDBDBACCBBBA	['A14B', 'B60C', 'A101B', 'D112C', 'C124A', 'D138C', 'B201A']	7	-7.611112944083288	-9.443253440287663	-14.021103801875142	-4.57785036158748
ABAAABCBACABAACBDBABBDBDBBBAAACAABAAABAAABAACAAABCBAAAAACACBAAAAADACCBACABCACABBABABAAABABBCABDAABCAAAABABAAAABDCBCAAADABCCCDDAAAAAAAABDBDACBADAAABDABAAAAACBBADAAACCAAABAAABAAABAABABAABABABAAAACCAAAABBAABBBBCACDCAACCBDCCCAAAAABADDBCADAAAAABAABAAAAAAABBDBDBACCBBBA	['D39A', 'B45C', 'B63A', 'A72C', 'A74B', 'A92C', 'D216C', 'C234D']	8	-7.612412144197151	-9.889211000379873	-14.468360562081216	-4.5791495617013425
ABAAABCBACBBAACBDBABBDBCBBBAAACAABAAABDAABAABAAABCBAAAAACACBAABAADACCBAAAACACABBABABAAABABBAABDAABCABAABABAAAABDCBCAAACABCCCDDAAAAAAAABDBDACBADAAABDABBAAACCBBADAAACCAAABAAABAAABAABABAABABABAAAACCAAAABBAABBAACACDBAACDBDCCCAAAAABADDBCACAAAAABAABAAAAAAABBDBDBACCBBBA	['A11B', 'D24C', 'A101B', 'D119C', 'A151B', 'A155C', 'B206A', 'B207A', 'C212B']	9	-7.619730132399127	-8.95350915796007	-13.539976707863389	-4.586467549903318
ABAAABCBACBBAACBDBABCDBDBBBAAACAABAAABDAABAABAAABCBAAAAACACBAABAADACCBAAAACABABBABABAAABABBAABDAABCAAAABABAAAABDCBCAAACABBCCADAAAAAAAABDBDACBADAAABDABAAAAACBBADAAACCAAABAAABAAABAABABAABABABAAAACCAAAABBAABBBBCACDCAACDBDCCCAAAAABADDBAAAAAAAABAABAAAAAAABBDBDBACCBBBA	['A11B', 'B21C', 'C77B', 'D119C', 'C122B', 'D125A', 'C232A', 'C234A']	8	-7.62072979635559	-10.370621571230004	-14.958088785089785	-4.587467213859782
ABAAABCBACABAACBDBABBDBDBBBAAACAABAAABDAABAABAAABCBAAAAACACBAABAADACCBAAAACACABBABABAAABABBAABDAABCAAAABABAAAABDDBCAAADABCCCDDAAAAAAAABDBDACBADAAABDABAAAAAABBADAAACCAAABAAABAAABAABABAABABABAAAACCAAAABBAABBBBCACDCAACDBDCCCAAAAABADDBCACAAAAABAABAAAAAAABBDBDBACCBBBA	['C113D', 'C156A']	2	-7.622217143187299	-9.247499562770827	-13.836454123462318	-4.588954560691491
ABAAACCBACABAACBABAABCBDBBBCAACAABBAABBAABAABAAABCBAAAAACACBAABAADACCBAAAACACABBABABAAABABBAABDAABCABAABABAAAABDCBCAAADABCCCADAAAAAAAABCBDADBADAAABBABAAAAACBBADAAACCAAABAAABAAABAABABAABABABAAAACCAAAAAAAABBBBCACDCAACDBDCCCAAAAABADDBCACAAAAABAABAAAAAAABBDBDBACCBBBA	['B6C', 'D17A', 'B20A', 'D22C', 'A28C', 'A35B', 'D39B', 'A101B', 'D125A', 'D136C', 'C140D', 'D148B', 'B200A', 'B201A']	14	-10.409478795481846	-7.630519554921193	-15.00673576790723	-4.5972569724253844
ABAAABCBACABAACBDBAABDBDBBBAAACAABAAABDAABAABAAABCBAAAAACACBAABAADACCBADAACACABBABABAAABABBAABDAABCABAABABAAAABDABCAAADABCCDBDAAAAAAAABDBDACBADAAABDABAAAAACBBADAAACCAAABAAABAAABAABABAABABABAAAACCAAAABBAAABABCACDCAACDBDCCCAAAAABADDBCACAAAAABAABAAAAAAABBDBDBACCBBBA	['B20A', 'A72D', 'A101B', 'C113A', 'C124D', 'D125B', 'B204A', 'B206A']	8	-7.6371159453410655	-9.367617740732385	-13.971471103577642	-4.603853362845257
ABAAABCBACABAACBDBABBDBDBBBAAACAABAAABDAABAABAAABCBAAAAACACBAABAADACCBAAAACACABBABABAAABABBAABDAABCAAAABABAAAACDCBCAAADABCCCDDAAAAAAAABDBDACBADAAABDABAAAAACBBADAAACCAAABAAABAAABAABABAABABABAAAACCAAAABBAABBBBCACDCAACABDCCCAAAAABADDBCACAAAAABAABAAAAAAABBDBDBACCBBBA	['B111C', 'D216A']	2	-7.649771417258307	-8.704308211308671	-13.32081704607117	-4.616508834762499
ABAAABCBACABAACBABABBDBDBBBAAACAABAAABDAABAABAAABCBAAAAACACBAABAADACCBAAAACACABBABABAAABABBAABDCABCABAABABAAAABDCBCAAACABBCADDAAAAAAAABDBDACBADAAABDABAAAACABBADAAACCAAABAAABAAABAABABAABABABAAAACCAAAABAAABBABAACDCAACDBDCCCAAAAAAADDBCACAAAAABAABAAAAAAABBBBDAACCBBBA	['D17A', 'A96C', 'A101B', 'D119C', 'C122B', 'C124A', 'A155C', 'C156A', 'B201A', 'B206A', 'C208A', 'B227A', 'D253B', 'B256A']	14	-7.656181251164526	-11.970927392103476	-16.593846060772194	-4.622918668668717
ABAAABCBACABAACBDBABBDBDBBBAAACAAAAAABDAABAABAAABCBAAAAACACBAABAADACCBAAAACACABBABABAAABABBAABDAABCAAAABABAAAABDCBCAAADABCCDDDAAAAAAAABDBDACBADAAABDABAAAAACBBADAAACCAAABAAABAAABAABABAABABABAAAACCAAAABBAABBBBCACDCAACDBDCCCAAAAABADDBCACAAAAABAABAAAAAAABBDBDBACCBBBA	['B34A', 'C124D']	2	-7.67702403687872	-8.67414082956384	-13.31790228394675	-4.643761454382911
ABAAABCBACBBAACBDBABBDBDBBBAAACAABAAABDAABAABAAABCBAAAAACACBAABAADACCBADAACACABBABABAAABABBAABDAABCABAABABAAAABDDBCAAADABCCBBDAAAAAAAABDBDACBADAAABDABBAAACCBBADCAACCAAABAAABAAABAABABAABABABAAAACCAAAABBAABBBBCACDCAACDBDCCCAAAAABADDBCACAAAAABAABAAAAAAABBDDDAACCBBBA	['A11B', 'A72D', 'A101B', 'C113D', 'C124B', 'D125B', 'A151B', 'A155C', 'A161C', 'B254D', 'B256A']	11	-7.682064771395744	-11.83745629384066	-16.486258482740595	-4.648802188899936
ABAAABCBACABABCBDBABBDBDBBBAAACAABAAABDAABAABAAABCBAAAAACACBAAAAADACCBAAAACACABBABABAAABABBAABDAABCABAABABAAAABACBCAAADABCCCDDAAAAAAAABDBDADBADAAABBABAAAAACBBADAAACCAAABAAABAAABAABABAABABABAAACCCAAAABBAABBBBCACDCAACDBDCCCAAAAABABDBCACAAAAABAABAAAAAAABBDBDBACCBBBA	['A14B', 'B63A', 'A101B', 'D112A', 'C140D', 'D148B', 'A193C', 'D229B']	8	-8.611725234193727	-7.685265107516898	-13.263727759214817	-4.652002525021089
ABAAABCBACABABCBDBABBDBDBBBAAACAABAAABDAABAABAAABCBAAAAACACBAAAAADACCBAAAACACABBABABAAABABBAABDAABCABAABABAAAABACBCAAADABCCCDDAAAAAAAABDBDADBADAAABBABAAAAACBBADAAACCAAABAAABAAABAABABAABABABAAACCCAAAABBAABBBBCACDCAACDBDCCCAAAAABABDBCACAAAAABAABAAAAAAABBDBDBACCBBBA	['A14B', 'B63A', 'A101B', 'D112A', 'C140D', 'D148B', 'A193C', 'D229B']	8	-8.611725234193727	-7.685265107516898	-13.263727759214817	-4.652002525021089
ABAAABCBACABAACBDBABBDBDBBBAAACAABAAABDAABAABAAABCBAAAAACACBAABAADACCBADAACACABBABABAAABABBAABDAABCAAAABABAAAABBCBCAAADABCCDDBAAAAAAAABDBDADBADAAABBABAAAAACBBADAAACCAAABAAABAAABAABABAABABABAAAACCAAAABAAABBBBCACDCAACDBCCCCAAAAABADDBCACAAAAABAABAAAAAAABBDBDBACCBBBA	['A72D', 'D112B', 'C124D', 'D126B', 'C140D', 'D148B', 'B201A', 'D218C']	8	-8.7141339185182	-7.688998142228229	-13.36986947825062	-4.65573555973242
ABAAABCBABABAACBDBABADBDBBBAAACAABAAABDAABAABAAABABAAAAACACBAABAADACCBAAABCACABBABABAAABABBCABDAABCAAAABABAAAABDCBCAAADABCCCDDAAAAAAAABDBDACBADAAABDABBAAAACBBADAAACCAAABAAABAAABAABABAABABABAAAACCAAAABBAABBBBCACCCAACDBDCCCAAAAABADDBCACAAAAABAABAAAAAAABBDBDBACCBBBA	['C10B', 'B21A', 'C50A', 'A74B', 'A92C', 'A151B', 'D211C']	7	-7.7515570253599435	-7.69141295782174	-12.409707400685875	-4.658150375325931
ABAAABCBACABAACBABABBDBDBBBBAACAABAAABDAABAABAAABABAAAAACACBAABAADACCBAAAACACABBABABAAABABBAABDAABCAAAABABAAAABDCBCAAADABCCDDDAAAAAAAABDBDACBADAAABDABBAAACCBBADAAACCABABAAABAAABAABABAABABABAAAACCAAAABBAABBBBCACCCAACDBDCCCAAAAAAADDBCACAAAAABAABAAAAAAABBDBCAACCBBBA	['D17A', 'A28B', 'C50A', 'C124D', 'A151B', 'A155C', 'A167B', 'D211C', 'B227A', 'D255C', 'B256A']	11	-7.691628001397476	-10.063681700703455	-14.722047119605122	-4.658365418901667
ABAAABCBACABAACBABABBDBDBBBBAACAABAAABDAABAAAAAABCBAAAAACACBAABAADACCBAAAACACABBABABAAABABBAABDAABCAAAABABAAAABDDBCAAADABCCDADAAAAAAAABDBDACBADAAABDABAAAAAABBADAAACCAAABAAABAAABAABABAABABABAAAACCAAAABBAABBBBCACDCAACDBDCDCAAAAABADDBCACAAAAABAABAAAAAAABBDBDBACCBBBA	['D17A', 'A28B', 'B45A', 'C113D', 'C124D', 'D125A', 'C156A', 'C220D']	8	-7.704639275325462	-11.55661489252816	-16.227991585357813	-4.671376692829654
ABAAABCBACABABCBDBABBDBDBBBAAACBABAAABDAABAABAAABCBAAAAACACBAABAADACCBAAAACACABBABABAAABABBAABDAABCABAABABAAAABDCBCAAADABCCCDDAAAAAAAABBBCACBADAAABDABBAAACCBBADAABCCAAABAAABAAABAABABAABABABAAAACCAAAABAAABBABCACDCAACDBDCDCAAAAABADDBCACAAAAABAABAAAAAAABBDBDBACCBBBA	['A14B', 'A32B', 'A101B', 'D136B', 'D138C', 'A151B', 'A155C', 'A163B', 'B201A', 'B206A', 'C220D']	11	-7.71305685560219	-8.684747846768005	-13.364542119874386	-4.679794273106381
ABAAABCBACBBAACBDBABBDBCBBBAAACAABAAABDAABAABAAABCBAAAAACACBAABAADACCBAAAACACABBABABAAABABBAABDAABCABAABABAAAABACBCAAADABCCCADAAAAAAAABDBDADBADAAABCABAAAAAABBADAACCCAAABAAABAAABAABABAABABABAAAACCAAAABBAABBBBCACDCAACDBDCCCAAAAABADDBCACAAAAABAABAAAAAAABBDBDBACCBBBA	['A11B', 'D24C', 'A101B', 'D112A', 'D125A', 'C140D', 'D148C', 'C156A', 'A163C']	9	-7.715758546954021	-7.751222421386046	-12.433718385844259	-4.682495964458212
ABAAABCBACABAACBABABBDBDBBBAAAAAABAAABDAABAABAAABCBAAAAACACBAABAADACCBAAAACACABBABABAAABABBAABDAABCAAAABABAAAABDCBCAAADABCCDAAAAAAAAAABDBCACBADAAABDABBAAACABBADAAACCAAABAAABAAABAABABAABABABAAAACCAAAABAAABBABCACDCAACDBDCCCAAAAABADDBDACAAAAABAABAAAAAAABBDBDAACCBBBA	['D17A', 'C31A', 'C124D', 'D125A', 'D126A', 'D138C', 'A151B', 'A155C', 'C156A', 'B201A', 'B206A', 'C232D', 'B256A']	13	-7.717022568685934	-7.998380375531269	-12.682140361721395	-4.683759986190125
ABAAABCBACABAACBDBABBDBDBBBAAACAABAAABDAABAAAAAABCBAAAAACACBAABAADACCBAAAACACABBABABAAABABBAABDAABCAAAABABAAAABDCBCAAADABCCCDDAAAAAAAABDBDADBADAAABBABAAAAAABBADAAACCAAABAAABAAABAABABAABABABAAAACCAAAABBAABBBBCACDCAACDBDCCCAAAAABADDBCACAAAAABAABAAAAAAABBDBDBACCBBBA	['B45A', 'C140D', 'D148B', 'C156A']	4	-9.728987081674859	-7.730995169811649	-14.4267196689907	-4.697732587315841
ABAAABDBACABAACBABAABDBDBBBAAACAABAAABDAABAABAAABCBAAAAACACBAABAADACCBAAAACACABBABABAAABABBAABDAABCABAABABAAAABCCBCAAACABCCADDAAAAAAAACDBDACBADAAABDABAAAACCBBADAAACCAAABAAABAAABAABABAABABABAAAACCAAAABBAABBBBCACDCAACDBDCBCAAAAABADDBCACAAAAABAABAAAAAAABBDBDBACCBBBA	['C7D', 'D17A', 'B20A', 'A101B', 'D112C', 'D119C', 'C124A', 'B135C', 'A155C', 'C220B']	10	-7.7490772812161595	-13.396380094782216	-18.112194793502567	-4.715814698720351
ABAAABCBABBBAACBDBABBDBDBBBAAAAAABAAABDAABAABAAABCBAAAAACACBAABAADACCBAAAACACABBABABAAABABBAABDAABCABAABABAAAACACBCAAACABBCCDDAAAAAAAABDBDADBADAAABBABAAAAACBBADAAACCAAABAAABAAABAABABAABABABAAAACCAAAABBAABBBBCACDCAACDBCCCCAAAAABADDBCADAAAAABAABAAAAAAABBDBDBACCBBBA	['C10B', 'A11B', 'C31A', 'A101B', 'B111C', 'D112A', 'D119C', 'C122B', 'C140D', 'D148B', 'D218C', 'C234D']	12	-9.245319480774924	-7.766568030201597	-13.978624928480713	-4.7333054477057885
ABAAACCBABABAACBDBABBDBDBBBAAACAABAAABDAABAADAAABCBAAAAACACBAABAADACCBAAAACACABBABABAAABABBAABDAABCABAABABAAAABDCBCAAACABBCADDAAAAAAAABDBDACBADAAABDABAAAAACBBADAAACCAAABAAABAAABAABABAABABABAAAACCAAAABBAABBBBCACDCAACDBDCCCAAAAABADDBCACAAAAABAABAAAAAAABBDBDBACCBBBA	['B6C', 'C10B', 'B45D', 'A101B', 'D119C', 'C122B', 'C124A']	7	-7.771014204947278	-11.832773914531572	-16.57052553698304	-4.737751622451469
ABAAABCBACABAACBDBABBDBDBBBAAAAAABAAABDAABAABAAABCBAAAAACACBAABAADACCBAAAACACABBABABAAABABBAABDAABCABAABABAAAABBDBCAAADABCCCDDAAAAAAAABDBDACBADAAABDABBAAACAABADAAACCAAABAAABAAABAABABAABABABAAAACCAAAABAAABBBBCACDCAACDBCCCCAAAAABACDBCACAAAAABAABAAAAAAABBABDAACCBBBA	['C31A', 'A101B', 'D112B', 'C113D', 'A151B', 'A155C', 'C156A', 'B157A', 'B201A', 'D218C', 'D229C', 'D253A', 'B256A']	13	-7.773858296917751	-8.567480883531971	-13.308076597953914	-4.740595714421943
ABAAABCBABBBAACBDBABBDBDBBBAAACAABAAABDAABAABAAABCBAAAAACACBAABAADACCBAAAACACABBABABAAABABBAABDAABCAAAABABAAAABDCBCAAADABCCCDDAAAAAAAABDBDACBADAAABDABAAAAACBBADAAACCAAABAAABAAABAABABAABABABAAABCBAAAABBAABBABAACDBAACDBDCCCAAAAABADDBCACAAAAABAABAAAAAAABBDCDBACCBBBA	['C10B', 'A11B', 'A193B', 'C195B', 'B206A', 'C208A', 'C212B', 'B254C']	8	-8.30251287156716	-7.77774671788211	-13.046997006953461	-4.744484135386301
ABAAACCBABABAACBDBABBDADBBBAAAAAABAAABDAABAABAAABCBAAAAACACBAABAADACCBAAAACACABBABABAAABABBAABDAABCABAABABAAAABDCBCAAADABCCADDAAAAAAAABDBDACBADAAABDABBAAACABBADAAACCAAABAAABAAABAABABAABABABAAAACCAAAABAAABBBBCACDCAACDBDCCCAAAAABADDBDACAAAAABAABAAAAAAABBDBDBACCBBBA	['B6C', 'C10B', 'B23A', 'C31A', 'A101B', 'C124A', 'A151B', 'A155C', 'C156A', 'B201A', 'C232D']	11	-7.782152759609744	-9.819170239774394	-14.56806041688833	-4.748890177113935
ABAAACCBABABAACBDBABBDADBBBAAAAAABAAABDAABAABAAABCBAAAAACACBAABAADACCBAAAACACABBABABAAABABBAABDAABCABAABABAAAABDCBCAAADABCCADDAAAAAAAABDBDACBADAAABDABBAAACABBADAAACCAAABAAABAAABAABABAABABABAAAACCAAAABAAABBBBCACDCAACDBDCCCAAAAABADDBDACAAAAABAABAAAAAAABBDBDBACCBBBA	['B6C', 'C10B', 'B23A', 'C31A', 'A101B', 'C124A', 'A151B', 'A155C', 'C156A', 'B201A', 'C232D']	11	-7.782152759609744	-9.819170239774394	-14.56806041688833	-4.748890177113935
ABAAACCBABABAACBDBABBDADBBBAAAAAABAAABDAABAABAAABCBAAAAACACBAABAADACCBAAAACACABBABABAAABABBAABDAABCABAABABAAAABDCBCAAADABCCADDAAAAAAAABDBDACBADAAABDABBAAACABBADAAACCAAABAAABAAABAABABAABABABAAAACCAAAABAAABBBBCACDCAACDBDCCCAAAAABADDBDACAAAAABAABAAAAAAABBDBDBACCBBBA	['B6C', 'C10B', 'B23A', 'C31A', 'A101B', 'C124A', 'A151B', 'A155C', 'C156A', 'B201A', 'C232D']	11	-7.782152759609744	-9.819170239774394	-14.56806041688833	-4.748890177113935
ABAAACCBABABAACBDBABBDADBBBAAAAAABAAABDAABAABAAABCBAAAAACACBAABAADACCBAAAACACABBABABAAABABBAABDAABCABAABABAAAABDCBCAAADABCCADDAAAAAAAABDBDACBADAAABDABBAAACABBADAAACCAAABAAABAAABAABABAABABABAAAACCAAAABAAABBBBCACDCAACDBDCCCAAAAABADDBDACAAAAABAABAAAAAAABBDBDBACCBBBA	['B6C', 'C10B', 'B23A', 'C31A', 'A101B', 'C124A', 'A151B', 'A155C', 'C156A', 'B201A', 'C232D']	11	-7.782152759609744	-9.819170239774394	-14.56806041688833	-4.748890177113935
ABAAACCBABABAACBDBABBDADBBBAAAAAABAAABDAABAABAAABCBAAAAACACBAABAADACCBAAAACACABBABABAAABABBAABDAABCABAABABAAAABDCBCAAADABCCADDAAAAAAAABDBDACBADAAABDABBAAACABBADAAACCAAABAAABAAABAABABAABABABAAAACCAAAABAAABBBBCACDCAACDBDCCCAAAAABADDBDACAAAAABAABAAAAAAABBDBDBACCBBBA	['B6C', 'C10B', 'B23A', 'C31A', 'A101B', 'C124A', 'A151B', 'A155C', 'C156A', 'B201A', 'C232D']	11	-7.782152759609744	-9.819170239774394	-14.56806041688833	-4.748890177113935
ABAAABCBABABAACBDBABBDBDBBBAAAAAABAAABDAABAABAAABCBAAAAACACBAABAADACCBADAACACABBABABAAABABBAABDAABCABAABABAAAABDCBCAAAAABBCCADAAAAAAAABDBDACBADAAABDABAAAAAABBADAAACCAAABAAABAAABAABABAABABABAAAACCAAAABAAABBABCACDCAACABDCCAAAAAABADDBCACAAAAABAABAAAAAAABBDBDAACCBBBA	['C10B', 'C31A', 'A72D', 'A101B', 'D119A', 'C122B', 'D125A', 'C156A', 'B201A', 'B206A', 'D216A', 'C221A', 'B256A']	13	-7.795731159625575	-8.409861789055867	-13.172330366185633	-4.762468577129766
ABAAABDBACABAACBABAABDBDBBBAAACAABAAABDAABAABAAABABAAAAACACBAABAADACCBAAAACACABBABABAAABABBAABDAABCABAABABAAAABCDBCAAABABCCADDAAAAAAAABDBDACBADAAABDABAAAACCBBADAAACCAAABAAABAAABAABABAABABABAAAACCAAAABBAABBABAACDCAACDBDCBCAAAAAAADDBCACAAAAABAABAAAAAAABBBBDAACCBBBA	['C7D', 'D17A', 'B20A', 'C50A', 'A101B', 'D112C', 'C113D', 'D119B', 'C124A', 'A155C', 'B206A', 'C208A', 'C220B', 'B227A', 'D253B', 'B256A']	16	-7.803814315702766	-11.429151567601366	-16.199703300808324	-4.770551733206958
ABAAABCBACABAACBDBAABDBDBBBAAACAABAAABDAABAABAAABCBAAAAACACBAABAADACCBAAAACACABBABABAAABABBAABDAABCAAAABABAAAABDCBCAAADABCCCDDAAAAAAAABDBDACBADAAABDABAAAAACBBADAAACCAAABAAABAAABAABABAABABABAAAACCAAAACAAABBBBCACDCAACDBDCCCAAAAABADDBCACAAAAABAABAAAAAAABBDBDBACCBBBA	['B20A', 'B200C', 'B201A']	3	-7.810377421556041	-7.95506663780543	-12.732181476865662	-4.777114839060232
ABAAACCBACABAACBABABBDBDBBBAAAAAABAAABDAABAABAAABCBAAAAACACBAABAADACCBAAAACACABBABABAAABABBAABDAABCAAAABABAAAABDCBCAAADABCCDADAAAAAAAABDBDACBADAAABDABAAAAACBBADAAACCAAABAAABAAABAABABAABABABAAAACCAAAABBAABBBBCACDCAACDBDCCCAAAAABADDBAACAAAAABAABAAAAAAABBDBDBACCBBBA	['B6C', 'D17A', 'C31A', 'C124D', 'D125A', 'C232A']	6	-7.810734804486856	-8.075536273856414	-12.853008495847462	-4.777472221991047
ABAAABCBACABAACBDBABBDBDBBBAAACAABAAABDAABAABAAABCBAAAAACACBAABAADACCBAAAACACABBABABAAABABBAABDAABCAAAABABAAAABBCBCAAADABBCDDDAAAAAAAABDBAAABADAAABAABAAAAACBBADAAACCAAABAAABAAABAABABAABABABAAAACCAAAABBAABBBBCACDCAACDBDCCCAAAAABADDBCACAAAAABAABAAAAAAABBDBDAACCBBBA	['D112B', 'C122B', 'C124D', 'D138A', 'C140A', 'D148A', 'B256A']	7	-7.813596499385312	-8.151724619296147	-12.93205853618565	-4.780333916889504
ABAAACCBACABAACBDBABBDBDBBBAAAAAABAAABBAABAABAAABCBAAAAACACBAABAADACCBADAACACABBABABAAABABBAABDAABCAAAABABAAAABDCBCAAAAABBCCADAAAAAAAABDBDACBADAAABDABAAAAACBBADAAACCAAABAAABAABBAABABAABABABAAAACCAAAABBABBBBBCACDCAABDBDCCDCAAAABADDBCACAAAAABAABAAAAAAABBDBDBACCBBBA	['B6C', 'C31A', 'D39B', 'A72D', 'D119A', 'C122B', 'D125A', 'A176B', 'A203B', 'C215B', 'C221D', 'A222C']	12	-7.8180646460969	-9.389840173040284	-14.174642236641375	-4.7848020636010915
ABAAABCBACBBAACBDBABBDBDBBBAAACBABAAABDACBAABAAABCBAAAAACACBAABAADACCBAAAACACABBABABAAABABBAABDAABCABAABABAAAACDCBCAAADABCCCDDAAAAAAAABDBDADBADAAABBABAAAAACBBADAAACCAAABAAABAAABAABABAABABABAAAACCAAAABBAABBBBCACDCAACDBDCCCBAAAABADDBCACAAAAABAABAAAAAAABBDBDBACCBBBA	['A11B', 'A32B', 'A41C', 'A101B', 'B111C', 'C140D', 'D148B', 'A222B']	8	-9.223179841181263	-7.822207870398415	-14.01212512908387	-4.788945287902607
ABAAABCBABABAACBDBABBDBDBBBAAACAABAAABDAABAABAAABCBAAAAACACBAABAADACCBADAACACABBABABAAABABBAABDAABCAAAABABAAAABDCBCAAADABCAADDBAAAAAAABDBBACBADAAABBABAAAAACBBADAAACCAAABAAABAAABAABABAABABABAAAACCAAAABBAABBBBCACDCAACDBDCCCAAAAABADDBDACAAAAABAABAAAAAAABBDBDBACCBBBA	['C10B', 'A72D', 'C123A', 'C124A', 'A127B', 'D138B', 'D148B', 'C232D']	8	-7.831979562266497	-9.403885147970868	-14.202602127741557	-4.798716979770688
ABAAABCBACABAACBDBABBDBDBBBAAACBABAAABDAABAABAAABCBAAAAACACBAABAADACCBAAAACACABBABABAAABABBAABDAABCAAAABABAAAABDCBCAAADABCCCDDAAAAAAAABDBDACBADAAABDABAAAAACBBADAAACCAAABAAABAAABAABABAABABABAAAACCAAAABAAABBBBCACDCAACDBDCCCBAAAABADDBCADAAAAABAABAAAAAAABBDBDBACCBBBA	['A32B', 'B201A', 'A222B', 'C234D']	4	-8.526018454460427	-7.835997694142861	-13.32875356610748	-4.802735111647053
ABAAABCBACABAACBDBABBDBDBBBAAACAABAAABDAABAABAAABCBAAAAACACBAABAADACCBAAAACACABBABABAAABABBAABDAABCAAAABABAAAABDCBCAAADABCCADDAAAAAAAABDBBADBADAAABBABAAACACBBADAAACCAAABAAABAAABAABABAABABABAAACCCAAAABAAABBBBAACDCAACDBDCCCAAAAABADDBCACAAAAABAABAAAAAAABBDBDBACCBBBA	['C124A', 'D138B', 'C140D', 'D148B', 'A154C', 'A193C', 'B201A', 'C208A']	8	-8.624773165211082	-7.838894684769912	-13.430405267485185	-4.805632102274103
ABAAABCBACABAACBDBABBDBDBBBAAACAABAAABDAABAABAAABCBAAAAACACBAABAADACCBAAAACACABBABABAAABABBAABDAABCACAABABAAAABDCBCAAADABCCDADAAAAAAAACDBDACBADAAABDABBAAACCBBADAACCCAAABAAABAAABAABABAABABABAAAACCAAAABAAABBBBCACDCAACDBDCCCAAAAABADDBCADAAAAABAABAAAAAAABBDBDAACCBBBA	['A101C', 'C124D', 'D125A', 'B135C', 'A151B', 'A155C', 'A163C', 'B201A', 'C234D', 'B256A']	10	-7.840920869028196	-10.405036194220884	-15.212694480753271	-4.807658286532387
ABAAABCBACABABCBDBABBDBCBBBAAACAABAAABDAABAABAAABCBAAAAACACBAABAADACCBAAACCACABBABABAAABABBAABDAABCAAAABABAAAABBCBCAAADABCCDADAAAAAAABBABDACBADAAABDABAAAAACBBADAAACCAAABAAABAAABAABABAABABABAAAACCAAAABAAABBABCACDCAACDBDCCCAAAAABADDBCADAAAAABAABAAAAAAABBDBCAACCBBBA	['A14B', 'D24C', 'A74C', 'D112B', 'C124D', 'D125A', 'A134B', 'D136A', 'B201A', 'B206A', 'C234D', 'D255C', 'B256A']	13	-7.847211438929662	-8.309301621717168	-13.123250478151022	-4.8139488564338535
ABAAACCBABABAACBDBABBDBDBBBAAACAABAAABDAABAABAAABCBAAAAACACBAABAADACCBAAAACACABBABABAAABABDAABDABBCAAAABABAAAABDCBCAAAAABBCAADAAAAAAAABDBDACBADAAABDABAAAAACBBADAAACCAAABAAABAAABAABABAABABABAAAACCAAAABBAABBBBCACDCAACDBDCBCAAAAAAADDBCADAAAAABAABAAAAAAABBDBDBACCBBBA	['B6C', 'C10B', 'B91D', 'A97B', 'D119A', 'C122B', 'C124A', 'D125A', 'C220B', 'B227A', 'C234D']	11	-7.858648429857567	-12.296597901236964	-17.121983748598723	-4.825385847361758
ABAAABCBACABAACBDBABBDBDBBBAAAAAABAAABDAABAABAAABCBAAAAACACBAABAADACCBADAACACABBABABAAABABBAABDAABCABAABABAAAACDCBCAAACABBCCDDAAAAAAAABDBDADBADAAABBABAAAAACBBADAAACCAAABAAABAAABAAAABAABABABAAAACCAAAABAAABBBBCACDCAACDBDCCCAAAAABADDBCACAAAAABAABAAAAAAABBDBDBACCBBBA	['C31A', 'A72D', 'A101B', 'B111C', 'D119C', 'C122B', 'C140D', 'D148B', 'B180A', 'B201A']	10	-10.288081146543846	-7.864949207258178	-15.119767771306215	-4.831686624762369
ABAAABCBACABABCBDBABCDBDBBBAAACAABAAABDAABAABAAABCBAAAAACACBAABAADACCBAAAACACABBABABAAABABBAABDAABCABAABABAAAABDCBCAAADABCCCDDAAAAAAAABDBDADBADAAABBABAAAAACBBADAAACCAAABAAABAAABAABABAABABABAAAACCAAAABBAABBBBCACDCAACDBDACCCAAAABADDBCACAAAAABAABAAAAAAABBDBDAACCBBBA	['A14B', 'B21C', 'A101B', 'C140D', 'D148B', 'C219A', 'A222C', 'B256A']	8	-7.866462226724252	-8.703362824831856	-13.5365624690603	-4.8331996442284435
ABBAABCBACABAACBDBABBDBDBBBAAACAABAAABDAABAABAAABCBAAAAACACBAABAADACCBAAAACACABBABABAAABABBAABDAABCABAABABAAAABDCBCAAADABCCCDDAAAAAAAABDBDADBADAAABCABAAAAAABBADAAACCAAABAAABAAABAABABAABABABAAAACCAAAABBAABBBBAACDCAACDBDCCCAAAAABADDBCACAAAAABAABAAAAAAABBDBDBACCBBBA	['A3B', 'A101B', 'C140D', 'D148C', 'C156A', 'C208A']	6	-7.8713319771923125	-8.817557745118393	-13.655627139814897	-4.838069394696504
ABAAABCBACABAACBDBABBDBDBBBAAACAABAAABDAABAABAAABCBAAAAACACBAABAADACCBAAAACACABBABABAAABABBAABDAABCAAAABAAAAAABDCBCAAADABCCADDAAAAAAAABDBDACBADAAABDABBAAACCBBADAAACCAAABAAABAAABAABABAABABABAAADCCAAAABAAABBABCACDCAACDBDCCCAAAAABADDBDACAAAAABAABAAAAAAABBABDBACCBBBA	['B106A', 'C124A', 'A151B', 'A155C', 'A193D', 'B201A', 'B206A', 'C232D', 'D253A']	9	-7.873304954497144	-9.015567917813314	-13.85561028981465	-4.840042372001335
ABAAABCBACABAACBDBABBDBDBBBAAACAABAAABDAABAABAAABCBAAAAACACBAABAADACCBAAAACACABBABABAAABABBAABDAABCABAABABAAAABDCBCAAADABCCCDDAAAAAAAABDBDADBADAAABCABAAAAAABBADAAACCAAABAAABAAABAABABAABABABAAAACCAAAABBAABBBBAACDCAACDBDCCCAAAAABADDBCACAAAAABAABAAAAAAABBDBDBACCBBBA	['A101B', 'C140D', 'D148C', 'C156A', 'C208A']	5	-7.887191640678793	-8.746160168637289	-13.600089226820273	-4.853929058182985
ABAAABCBACABAACBDBABBDBDBBBAAACAABAAABDAABAABAAABCBAAAAACACBAABAADACCBADAACACABBABABAAAAABBCABDAABCAAAABABAAAAADDBCAAADABCCAADAAAAAAAABDBDACBADAAABDABAAAAACBBADAACCCAAABAAABAAABAABABAABABABAAAACCAAAABBABBBBBAACDCAACDBDCCCAAAAABADDBCADAAAAABAABAAAAAAABBDBDBACCBBBA	['A72D', 'B88A', 'A92C', 'B111A', 'C113D', 'C124A', 'D125A', 'A163C', 'A203B', 'C208A', 'C234D']	11	-7.901602039579302	-12.433802867279155	-17.30214232436265	-4.8683394570834935
ABAAABCBACABAACBABABBDBDBBBAAACAAAAAABDAABAABAAABBBAAAAACACBAABAADACCBAAAACACABBABABAAABABBCABDAABCAAAABABAAAABDCBCAAADABCCAADAAAAAAAABDBDACBADAAABDABAAAAACBBADAAACCAAABAAABAAABAABABAABABABAAAACCAAAABAAABAABAACCBAACDBDCCCAAAAABADDBCACAAAAABAABAAAAAAABBDBDBACCBBBA	['D17A', 'B34A', 'C50B', 'A92C', 'C124A', 'D125A', 'B201A', 'B205A', 'B206A', 'C208A', 'D211C', 'C212B']	12	-8.625994965434074	-7.918942805816187	-13.511675188754452	-4.885680223320378
ABAAABCBACABAACBABABBDBDBBBAAACAAAAAABDAABAABAAABBBAAAAACACBAABAADACCBAAAACACABBABABAAABABBCABDAABCAAAABABAAAABDCBCAAADABCCAADAAAAAAAABDBDACBADAAABDABAAAAACBBADAAACCAAABAAABAAABAABABAABABABAAAACCAAAABAAABAABAACCBAACDBDCCCAAAAABADDBCACAAAAABAABAAAAAAABBDBDBACCBBBA	['D17A', 'B34A', 'C50B', 'A92C', 'C124A', 'D125A', 'B201A', 'B205A', 'B206A', 'C208A', 'D211C', 'C212B']	12	-8.625994965434074	-7.918942805816187	-13.511675188754452	-4.885680223320378
ABAAABCBACABAACBABABBDBDBBBAAACAABAAABDAABAABAAABCBAAAAACACBAABAADACCBADAACACABBABABAAABABBCABDAABCAAAABABAAAABDCBCAAADABCCADDAAAAAAAABDBDACBADAAABDABAAAACCBBADAAACCAAABAAABAAABAABABAABABABAAAACCAAAABBAABBBBCACDCAACDBDCCCAAAAABADDBCACAAAAABAABAAAAAAABBDBDBACCBBBA	['D17A', 'A72D', 'A92C', 'C124A', 'A155C']	5	-7.920291421702132	-10.926729951490415	-15.813758790696738	-4.887028839206323
ABAAABCBACABAACBABABBDBDBBBAAACAABAAABDAABAABAAABCBAAAAACACBAABAADACCBAAACCACABBABAAAAABABBAABDAABCAAAABABAAAABBCBCAAADABCCCDDAAAAAAAABDBDADBADAAABCABAAAAACABABAAACCAAABAAABAAABAABABAABABABAAAACCAAAABAAABABBCACDCAACDBDCCCAAAAABADDBCACAAAAABAABAAAAAAABBDBDAACABBBA	['D17A', 'A74C', 'B84A', 'D112B', 'C140D', 'D148C', 'B157A', 'D160B', 'B201A', 'B205A', 'B256A', 'C259A']	12	-7.921633507823572	-9.259927094826708	-14.14829802015447	-4.888370925327763
ABAAABCBABBBAACBDBABBDBDBBBAAACAABAAABDAABAABAAABCBAAAAACACBAABAADACCBAAAACACABBABABAAABABBAABDAABCAAAABABAAAABDCBCAAADABCCADDAAAAAAAABDBDACBADAAABDABAAAAACBBADAAACCAAABAAABAAABAABABAABABABAAABCBAAAABBAABBABAACDBAACDBDCCCAAAAABADDBCACAAAAABAABAAAAAAABBDCDBACCBBBA	['C10B', 'A11B', 'C124A', 'A193B', 'C195B', 'B206A', 'C208A', 'C212B', 'B254C']	9	-7.93788123736158	-8.91672714377637	-13.821345798642142	-4.9046186548657715
ABAAABCBACABAACBDBABBDBDBBBAAACAABAAABDAABAABAAABCBAAAAACACAAABAADACCBAAAACACABBABABAAABABBAABDAABCAAAABABAAAABDDBCAAADABCCCDDAAAAAAAABDBDACBADAAABDABBAAACCBBADAADCCAAABAAABAAABAABAAAABABABAAAACCAAAABAAABBBBCACDCAACDBDCCCAAAAABADDBCACAAAAABAABAAAAAAABBDBDBACCBBBA	['B60A', 'C113D', 'A151B', 'A155C', 'A163D', 'B182A', 'B201A']	7	-7.944510271772742	-8.687633488763822	-13.598881178040756	-4.911247689276934
ABAAABCBACABAACBDBABBDBDBBBAAACAABAAABDAABAABAAABCBAAAAACACAAABAADACCBAAAACACABBABABAAABABBAABDAABCAAAABABAAAABDDBCAAADABCCCDDAAAAAAAABDBDACBADAAABDABBAAACCBBADAADCCAAABAAABAAABAABAAAABABABAAAACCAAAABAAABBBBCACDCAACDBDCCCAAAAABADDBCACAAAAABAABAAAAAAABBDBDBACCBBBA	['B60A', 'C113D', 'A151B', 'A155C', 'A163D', 'B182A', 'B201A']	7	-7.944510271772742	-8.687633488763822	-13.598881178040756	-4.911247689276934
ABAAABCBABABAACBDBABBDBDBBBAAACAABAAABDAABAABAAABCBAAAAACACBAABAADACCBAAAACACABBABABAAABABBAABDAABCAAAABABAAAABDCBCAAAAABBCDADAAAAAAAABDBDACBADAAABDABAAACCCBBADAAACCAAABAAABAAABAABABAABABABAAAACCAAAABBAABBBBCACCCAACDBDCCCAAAAABADDBCACAAAAABAABAAAAAAABBDBDBACCBBBA	['C10B', 'D119A', 'C122B', 'C124D', 'D125A', 'A154C', 'A155C', 'D211C']	8	-7.951984135201201	-11.316554313962115	-16.235275866667507	-4.918721552705392
ABAAABCBACABAACBDBABBDBDBBBBAACAAAAABBDAABAABAAABCBAAAAACACBAABAADACCBAAAACACABBABABAAABABBAABDAABCAAAABABAAAABDCBCAAADABCCCDDAAAAAAAABDBDACBADAAABDABAAAAACBBADAAACCAAABAAABAAABAABABAABABABAAAACCAAAABAAABBBBCACDCAACDBDCCCAAAAABADDBCADAAAAABAABAAAAAAABBABDBACCBBBA	['A28B', 'B34A', 'A37B', 'B201A', 'C234D', 'D253A']	6	-9.01729641132988	-7.9592001461132895	-13.943233974947361	-4.925937563617481
ABAAABCBACBBAACBDBABBDBCBBBAAACAABAAABDACBAABAAABCBAAAAACACBAABAADACCBADAACACABBABABAAABABBAABDAABCAAAABABAAAABACBCAAACABCCCDDAAAAAAAABDBBADBADAAABBABAAAAACBBADAAACCAAABAAABAAABAABABAABABABAAAACCAAAABBAABBBBCACDCAACDBDCCCAAAAABADDBCACAAAAABAABAAAAAAABBDBDBACCBBBA	['A11B', 'D24C', 'A41C', 'A72D', 'D112A', 'D119C', 'D138B', 'C140D', 'D148B']	9	-9.166967001976445	-7.9678946882195305	-14.101599107700167	-4.934632105723722
ABAAABCBACABAACBDBAABDBDBBBAAACAABAAABAAABAABAAABCBAAAAACACBAABAADACCBAAAACACABBABABAAABABBAABDAABCAAAABABAAAABDCBCAAADABCCCDDAAAAAAAABDBDACBADAAABDABAAAACCBBADAAACCAAABAAABAAABAABABAABABABAAAACCAAAABBABBBABCACDCAACDBDCCCAAAAABADDBAACAAAAABAABAAAAAAABBDBDBACCBBBA	['B20A', 'D39A', 'A155C', 'A203B', 'B206A', 'C232A']	6	-7.968512448715046	-8.79632839045371	-13.731578256672947	-4.9352498662192374
ABAAABCBACBBAACBDBAABDBDBBBAAACAABAAABDAABAABAAABCBAAAAACACBAABAADACCBAAABCACABBABABAAABABBAABDAABCABAABABAAAABDCBCAAACABBCADDAAAAAAAABDBDACBADAAABDABBAAACCBBADAAACCAAABAAABAAABAABABAABABABAAAACDAAAABBABBBBBCACDCAACDBDCCCAAAAAAADDBCACAAAAABAABAAAAAAABBDBCAACCBBBA	['A11B', 'B20A', 'A74B', 'A101B', 'D119C', 'C122B', 'C124A', 'A151B', 'A155C', 'C195D', 'A203B', 'B227A', 'D255C', 'B256A']	14	-7.970389306778088	-13.77486765148933	-18.71199437577161	-4.93712672428228
ABAAAAABACABAACBDBABBDBDBBBAAACBABAAABDAABAADAAABCBAAAAACACBAABAADACCBAAAACACABBABABAAABABBAABDAABCABAABABAAAABDCBCAAADABCCCADAAAAAAAACDBDADBADAAABBABAAAAACBBADAAACCAAABAAABAAABAABABAABABABAAAACCAAAABBAABBBBCACDCAACDBDCCCAAAAABADDBCACAAAAABAABAAAAAAABBDBDBACCBBBA	['B6A', 'C7A', 'A32B', 'B45D', 'A101B', 'D125A', 'B135C', 'C140D', 'D148B']	9	-9.731249194359407	-7.980020706512732	-14.67800731837633	-4.946758124016924
ABAAACCBABABAACBDBABBDBDABBAAAAAABAAABBAABAABAAABCBAAAAACACBAABAADACCBADAACACABBABABAAABABBAABDAABCABAABABAAAABDCBCAAADABBCADDAAAAAAAABDBDADBADAAABBABAAAAACBBADAAACCAAABAAABAAABAABABAABABABAAAACCAAAABBAABBBBCACDCAACDBDACCCAAAABADDBCACAAAAABAABAAAAAAABBDBDBACCBBBA	['B6C', 'C10B', 'B25A', 'C31A', 'D39B', 'A72D', 'A101B', 'C122B', 'C124A', 'C140D', 'D148B', 'C219A', 'A222C']	13	-9.164396780310199	-7.981905129709048	-14.113039327523438	-4.94864254721324
ABAAABCBACABAACBABABBDBDBBBAAAAAABAAABDAABAABAAABCBAAAAACACAAABAADACCBAAAACACABBABABAAABABBAABDAABCAAAABABAAAABDCBCAAADABCCDADAAAAAAAABDBDACBADAAABDABAAAAACBBADAAACCAAABAAABAAABAABAAAABABABAAAACCAAAABBAABBBBCACDCAACDBDCCCAAAAAAADDBCACAAAAABAABAAAAAAABBBBDAACCBBBA	['D17A', 'C31A', 'B60A', 'C124D', 'D125A', 'B182A', 'B227A', 'D253B', 'B256A']	9	-7.982098893960938	-8.408937227883143	-13.357773539348273	-4.948836311465129
ABAAABCBACBBAACBDBABBDBCBBBAAAAAABAAABDAABAADAAABCBAAAAACACBAABAADACCBADAACACABBABABAAABABBAABDAABCAAAABABAAAABCCBCAAACABBCCADAAAAAAAABDBDACBADAAABDABAAAAACBBADAAACCAAABAAABAAABAABABAABABABAAAACCAAAABBAABBBBCACDCAABDBDCCCAAAAABADDBCACAAAAABAABAAAAAAABBDBDBACCBBBA	['A11B', 'D24C', 'C31A', 'B45D', 'A72D', 'D112C', 'D119C', 'C122B', 'D125A', 'C215B']	10	-8.715607760241255	-7.982156034995569	-13.664501212741015	-4.94889345249976
ABAAABCBACBBAACBDBABBDBDBBBAAACBABAAABAAABAABAAABCBAAAAACACBAABAADACCBAAAACACABBABABAAAAABBAABDAABCABAABABAAAABDCBCAAADABCCCDDAAAAAAAABDBDACBADAAABDABAAAACCBBADAAACCAAABAAABAAABAABABAABABABAAAACCAAAABAAABBBBCACDCAACDBDCCCAAAAABADDBCACAAAAABAABAAAAAAABBABDBACCBBBA	['A11B', 'A32B', 'D39A', 'B88A', 'A101B', 'A155C', 'B201A', 'D253A']	8	-7.983908312162384	-9.05610345720197	-14.006749186868547	-4.950645729666576
ABAAABCBACABAACBABABBDBDBBBAAACAABAAABDAABAABAAABCBAAAAACACBAABAADACCBADAACACABBABAAAAABABBAABDAABCABAABABAAAABBCBCAAADABCCADDAAAAAAAABDBDADBADAAABBABAAACACBBADAAACAAAABAAABAAABAABABAABABABAAAACCAAAABBAABBBBCACDCAACDBDCCCAAAAABADDBCAAAAAAABAABAAAAAAABBDBDBACCBBBA	['D17A', 'A72D', 'B84A', 'A101B', 'D112B', 'C124A', 'C140D', 'D148B', 'A154C', 'C165A', 'C234A']	11	-7.9850828654598445	-10.986399442394031	-15.938219725358067	-4.951820282964036
ABAAABCBACABAACBDBABBDBDBBBAAACAABAAABDAABAABAAABCBAABAACACBAABAADACCBAAAACACAABABABAAABABBAABDAABCAAAABABAAAABDCBCAAADABCCADDAAAAAAAABCBAABBADAAABCABAAAAACBBADAAACCAAABAAABAAABAABABAABABABAAAACCAAAABBAABBBBBACDCAACDBDCCCAAAAABADDBCAAAAAAABAABAAAAAAABBDBDBACABBBA	['A54B', 'B79A', 'C124A', 'D136C', 'D138A', 'C140B', 'D148C', 'C208B', 'C234A', 'C259A']	10	-7.985522686503828	-8.538845790928463	-13.491105894936481	-4.952260104008019
ABAAABCBACBBAACBDBABBDBDBBBBAACAABAAABDAABAADAAABCBAAAAACACBAABAADACCBAAAACACABBABABAAABABBAABDAABCABAABABAAAABDCBCAAADABCCDDDAAAAAAAABDBDADBADAAABBABAAAAACBBADAAACCAAABAAABAAABAABABAABABABAAACCCAAAABBAABBBBCACDCAACDBDCCCAAAAABADDBCACAAAAABAABAAAAAAABBDBDAACCBBBA	['A11B', 'A28B', 'B45D', 'A101B', 'C124D', 'C140D', 'D148B', 'A193C', 'B256A']	9	-7.991485025500879	-9.420723122515483	-14.378945565520553	-4.95822244300507
ABAAABCBACBBAACBDBABBDBDBBBAAAAAABAAAADAABAACAAABCBAAAAACACBAABAADACCBADAACACABBABADAAABABBAABDAABCAAAABABAAAABDCBCAAADABCCDDDAAAAAAAABDBDACBADAAABDABAAAAACBBADAACCCAAABAAABAAABAABABAABABABAAACCCAAAABAAABBBBCACDCAACDBDCCCAAAAABADDBCACAAAAABAABAAAAAAABBDBDBACCBBBA	['A11B', 'C31A', 'B38A', 'B45C', 'A72D', 'B84D', 'C124D', 'A163C', 'A193C', 'B201A']	10	-7.992442358983681	-8.203238826681627	-13.162418603169499	-4.959179776487872
ABAAABCBACABAACBABABBDBDBBBAAACAABAAABDAABAABAAABABAAAAACACBAABAADACCBADAACACABBABABAAABABBAABDAABCAAAABABAAAABDDBCAAADABCCAADAAAAAAAABDBDADBADAAABBABAAAAACBBADAAACCAAABAAABAAABAABABAABABABAAAACCAAAABAAABBBBCACDCAACDBDCBCAAAAAAADDBCACAAAAABAABAAAAAAABBDBDBACCBBBA	['D17A', 'C50A', 'A72D', 'C113D', 'C124A', 'D125A', 'C140D', 'D148B', 'B201A', 'C220B', 'B227A']	11	-10.194602374685928	-7.994672410161002	-15.156012202351121	-4.961409827665193
ABAAABCBACABAABADBABBDBDBBBAAACAABAAABDAABAABAAABCBAAAAACACBAABAADACCBADAACACABBABABAAAAABBAABDAABCABAABABAAAABDCBCAAADABBCCADAAAAAAAACDBDADBADAAABBABAAAAACBBADAAACCAAABAAABAAABAABBBAABABABAAAACCAAAABAAABBBBCACDCAACDBDCCCAAAAABADDBCAAAAAAABAABAAAAAAABBDBDBACCBBBA	['C15B', 'B16A', 'A72D', 'B88A', 'A101B', 'C122B', 'D125A', 'B135C', 'C140D', 'D148B', 'A181B', 'B201A', 'C234A']	13	-8.005452748620883	-9.500408008199884	-14.472598174324958	-4.972190166125074
ABAAABCBACABAACBDBABBDBDBBBAAACAAAAAABDAABAABAAABCBAAAAACACBAABAADACCBAAAACACABBABABAAABABBCABDAABCAAAABABAAAABDCBCAAADABCCCDDAAAAAAAABDBDACAADAAABDABAAAAACBBADAAACCAAABAAABAAABAABABAABABABAAAACCAAAABBAABBBBCACDCAACDBDCCCAAAAABADDBCACAAAAABAABAAAAAAABBDBDBACCBBBA	['B34A', 'A92C', 'B141A']	3	-8.861831080634147	-8.012606160686119	-13.841174658824457	-4.97934357819031
ABAAABCBACBBABCBDBAABDBDBBBAAACAABAAABDAABAABAAABCBAAAAACACBAABAADACCBAAAACACABBABABAAABABBAABDAABCAAAABABAAAABDDBCAAADABCCDADAAAAAAAABDBDADBADAAABBABAAAAACBBADAAACCAAABAAABAAABAABABAABABABAAACCCAAAABBAABBABCACDCAACDBDCCCAAAAABADDBCACAAAAABAABAAAAAAABBDBDBACCBBBA	['A11B', 'A14B', 'B20A', 'C113D', 'C124D', 'D125A', 'C140D', 'D148B', 'A193C', 'B206A']	10	-10.584841627860442	-8.015626565989805	-15.567205611354439	-4.982363983493997
ABAAABCBACABABCBDBABBDBDBBBAAACAABAAABDAABAABAAABCBAAAAACACBAAAAADACCBAAAACACABBABABAAABABBAABDAABCABAABABAAAABACBCAAADABCCCDDAAAAAAAABDBDADBADAAABBABAAAAACBBADAAACCAAABAAABAAABAABABAABABABAAACCCAAAABBAABBBBCACDCAACDBDCCCAAAAABADDBCACAAAAABAABAAAAAAABBDBDBACCBBBA	['A14B', 'B63A', 'A101B', 'D112A', 'C140D', 'D148B', 'A193C']	7	-8.0184327296447	-8.442303045158042	-13.427473192306934	-4.985170147148892
ABAAABCBACBBABCBCBABBDDDBBBBABCAABAAABDAABAABAAABCBAAAAACACBAABAADACCBADAACACABBABABAAABABBAABDAABCAAAABABAAAABDCBCAAADABCCCDDAAAAAAAABDBDACBADAAABDABBAAACCBBADAAACCAAABAAABAAABAABABAABABABAAAACCAAAABAAABBABCACDCAACDBDCCCAAAAABADDBCACAAAAABAABAAAAAAABBDBDBACCBBBA	['A11B', 'A14B', 'D17C', 'B23D', 'A28B', 'A30B', 'A72D', 'A151B', 'A155C', 'B201A', 'B206A']	11	-8.031749232439324	-9.306853151341784	-14.3053398012853	-4.998486649943516
ABAAABCBACABAACBDBABBDBDBBBAAACAABAAABDAABAABAAABCBAABAACACBAABAADACCBADAACACAABABABAAAAABBAABDAABCAAAABABAAAAADDBCAAADABCCAADAAAAAAAABDBAACBADAAAACABAAAAACBBADAACCCAAABAAABAAABAABABAABABABAAAACCAAAABBABBBBBAACDCAACDBDCCCAAAAABADDBCADAAAAABAABAAAAAAABBDBDBACCBBBA	['A54B', 'A72D', 'B79A', 'B88A', 'B111A', 'C113D', 'C124A', 'D125A', 'D138A', 'B147A', 'D148C', 'A163C', 'A203B', 'C208A', 'C234D']	15	-8.036225407384336	-11.067855737608625	-16.070818562497152	-5.002962824888527
ABAAABCBACABAACBDBAABDBDBBBAAACAABAAABDAABAABAAABCBAAAAACACBAABAADACCBAAAACACABBABABAAABABBCABDAABCAAAABABAAAABACBCAAADABCCADDAAAAAAAABDBDACBADAAABDABAAAAACBBADAAACCAAABAAABAAABAABABAABABABAAAACCAAAABBAABBBBCACDCAACDBDCCCAAAAABADDBCACAAAAABAABAAAAAAABBDBDBACCBBBA	['B20A', 'A92C', 'D112A', 'C124A']	4	-8.038896473823115	-10.165156649396522	-15.170790540723829	-5.005633891327307
ABAAABCBABBBAACBDBABBDBDBBBAAACAABAAABDAABAABAAABCBAAAAACACBAABAADACCBAAAACACABBABABAAABABCAABDAABCABAABABAAAAADCBCAAADABCCDDDAAAAAAAABDBDADBADAAABBABAAAAACBBADAAACCAAABAAABAAABAABABAABABABAAAACCAAAABBAABBBBCACDCAACDBDCCCAAAAABADDBCACAAAAABAABAAAAAAABBDBDBACCBBBA	['C10B', 'A11B', 'B91C', 'A101B', 'B111A', 'C124D', 'C140D', 'D148B']	8	-8.051702289609239	-8.470157799281878	-13.488597506395308	-5.01843970711343
ABAAABCBACBBAACBCBABBDDDBBDAAACAABAAABDAABAABAAABCBAAAAACACBAABAADACCBAAAACACABBABABAAABABBAABDAABCAAAABABAAAABDDBCAAACABCCADDAAAAAAAABDBDACBADAAABDABAAAAACBBADAAACCAAABAAABAAABAABABAABABABAAAACCAAAABBAABBABCACDCAACDBDCCCAAAAABADDBCACAAAAABAABAAAAAAABBDBDBACCBBBA	['A11B', 'D17C', 'B23D', 'B27D', 'C113D', 'D119C', 'C124A', 'B206A']	8	-8.065945951500908	-10.455323631569627	-15.488007000574726	-5.032683369005099
ABAAABCBACABAACBDBABBDBDBBBAAACAABAAABDAABAABAAABCBAAAAACACBAAAAADACCBAAAACACABBABABAAABABBAABDAABCAAAABABAAAABDCBCAAADABCCDDDAAAAAAAABDBDADBADAAABBABAAAAACBBADAAACCAAABAAABAAABAABABAABABABAAAACCAAAABBAABBBBCACDCAACDBBCCCAAAAABADDBCACAAAAABAABAAAAAAABBDBDBACCBBBA	['B63A', 'C124D', 'C140D', 'D148B', 'D218B']	5	-8.73042051284574	-8.066177136468468	-13.7633350668184	-5.03291455397266
ABAAABCBACABAACBABABBDBDBBBBAACAABAAABAAABAABAAABCBAAAAACACBAABAADACCBAAAACACABBABABAAABABBAABDAABCAAAABABAAAABDCBCAAACABBCAADAAAAAAAABDBDADBADAAABBABAAAAACBBADAAACCAAABAAABAAABAABABAABABABAAAACCAAAABBAABBBBCACDCAACDBDCCCAAAAABADDBCACAAAAABAABAAAAAAABBDBDBACCBBBA	['D17A', 'A28B', 'D39A', 'D119C', 'C122B', 'C124A', 'D125A', 'C140D', 'D148B']	9	-8.06813970929943	-10.433021006145282	-15.467898132948903	-5.034877126803622
ABAAABCBACABAACBDBABBDBDBBBAAAAAABAAABDAABAABAAABCBAAAAACACBAABAADACCBADAACACABBABABAAABABBAABDAABCAAAABABAAAABCCBCAAAAABBCADDAAAAAAAABDBDACBADAAABDABAAAAACBBADAAACCAAABAAABAAABAABABAABABABAAAACCAAAABAAABBBBCACDCAACDBDACCCAAAABADDBCACAAAAABAABAAAAAAABBDBDBACCBBBA	['C31A', 'A72D', 'D112C', 'D119A', 'C122B', 'C124A', 'B201A', 'C219A', 'A222C']	9	-8.068950268207118	-9.997269995481474	-15.032957681192784	-5.035687685711309
ABAAABCBACABAACBDBABBDBDBBBAAAAAABAAABDAABAABAAABCBAAAAACACBAABAADACCBADAACACABBABABAAABACBAABDAABCABAABABAAAABDCBCAAADABCCCDDAAAAAAAABBBDACBADAAABDABBAAAACBBADAAACCAAABAAABAAABAABABAABABABAAAACCAAAABBAABBBBCACDCAACDBDCCCAAAAABADDBCACAAAAABAABAAAAAAABBDBDBACCBBBA	['C31A', 'A72D', 'B90C', 'A101B', 'D136B', 'A151B']	6	-8.33887924789451	-8.070551763725234	-13.376168429123936	-5.037289181229426
ABAAABCBACABAACBDBABBDBDBBBAAACAABAAABDAABAABAAABCBAAAAACACBAABAADACCBADABCACABBABABAAABABBAABDAABCBBAABABAAAACDCBCAAACABCCAADAAAAAAAABDBDADBADAAABCABAAAAACABADAAACCAAABAAABAAABAABABAABABABAAAACCAAAABBAABBBBCACDCAACDBDCCCAAAAABADDBCACAAAAABAABAAAAAAABBDBDBACCBBBA	['A72D', 'A74B', 'A100B', 'A101B', 'B111C', 'D119C', 'C124A', 'D125A', 'C140D', 'D148C', 'B157A']	11	-8.07107654842548	-11.125219469395233	-16.163033435324905	-5.037813965929672
ABAAABCBACABAACBDBABBDBDBBBAAACAABAAABDACBAABAAABCBAAAAACACBAABAADACCBAAAACACABBABABAAABABBAABDAABCAAAABABAAAABDCBCAAADABCCADDAAAAAAAABDBDADBADAAABBABAAAAACBBADAAACCAAABAAABAAABAABABAABABABAAACCCAAAABAAABBBBAACDBAACABCCCCAAAAABADDBCACAAAAABAABAAAAAAABBDBDBACCBBBA	['A41C', 'C124A', 'C140D', 'D148B', 'A193C', 'B201A', 'C208A', 'C212B', 'D216A', 'D218C']	10	-8.11864858539775	-8.074336928286357	-13.159722931188298	-5.041074345790548
ABAAABCBACABAACBABABBDBDBBBAAAAAABAAABDAABAADAAABCBAAAAACACBAABAADACCBAAAACACABBABABAAABABBAABDAABCABAABABAAAABDDBCAAADABCCAADAAAAAAAABDBDADBADAAABBABAAAAACBBADAACCCAAABAAABAAABAABBBAABABABAAAACCAAAABAAABBBBCACDCAACDBDCCCAAAAABADDBCACAAAAABAABAAAAAAABBDBDBACCBBBA	['D17A', 'C31A', 'B45D', 'A101B', 'C113D', 'C124A', 'D125A', 'C140D', 'D148B', 'A163C', 'A181B', 'B201A']	12	-8.084889793535694	-8.10658556825365	-13.158212779293535	-5.051627211039886
ABAAABCBACABABCBDBABBDBDBBBAAAAAABAAABDAABAABAAABCBAAAAACACBAABAADACCBAAAACACABBABABAAABABBAABDAABCABAABABAAAABCCBCAAADABCCAADAAAAAAABCABDACBADAAABDABAAAAACBBADAAACCAAABAAABAAABAABABAABABABAAAACCAAAABBAABBABCACDCAACDBDCCCAAAAABADDBCADAAAAABAABAAAAAAABBDBDBACCBBBA	['A14B', 'C31A', 'A101B', 'D112C', 'C124A', 'D125A', 'A134B', 'B135C', 'D136A', 'B206A', 'C234D']	11	-8.09589909366332	-8.634558213379933	-13.697194724547444	-5.062636511167511
ABAAABCBABABAACBDBABBDBDBBBAAAAAABAAABDAABAABAAABCBAAAAACACBAABAADACCBADAACACABBABABAAABABBAABDAABCABAABABAAAABDCBCAAADABBCADDAAAAAAAABDBDADBADAAABBABAAAAACBBADAAACCAAABAAABAAABAABABAABABABAAAACCAAAABAAABBBBCACDCAACDBDCBCAAAAAAADDBCACAAAAABAABAAAAAAABBDBDBACCBBBA	['C10B', 'C31A', 'A72D', 'A101B', 'C122B', 'C124A', 'C140D', 'D148B', 'B201A', 'C220B', 'B227A']	11	-9.978788525098935	-8.098565011721803	-15.044090954324929	-5.065302429225994
ABAAABCBACBBAACBDBABBDBDBBBAAAAAABAAABDAABAABAAABCBAAAAACACBAABAADACCBAAAACACAABABABAAABABBAABDAABCAAAABABAAAABDCBCAAADABCCCBDAAAAAAAABDBDAABADAAABCABAAAAACBCADAAACCAAABAAABAAABAABABAABABABAAAACCAAAABBAABBBBCACDCAACDBDCCCAAAAABADDBCAAAAAAABAABAAAAAAABBDBDBACCBBBA	['A11B', 'C31A', 'B79A', 'D125B', 'C140A', 'D148C', 'B158C', 'C234A']	8	-8.753003365593031	-8.099241148185683	-13.818981931282906	-5.065978565689875
ABAAADBBABABAACBDBABBDBDBBBAAAAAABAAABDAABAABAAABCBAAAAACACBAABAADACCBADAACACABBABACAAABABAAABDAABCABAABABAAAABBCBCAAADABCCCDDAAAAAAAABDBDACBADAAABDABBAAACCBBADAAACCAAABAAABAAABAABABAABABABAAAACCAAAABAAABBABCACDCAACDBDCCCAAAAABADDBCACAAAAABAABAAAAAAABBDBDBACCBBBA	['B6D', 'C7B', 'C10B', 'C31A', 'A72D', 'B84C', 'B91A', 'A101B', 'D112B', 'A151B', 'A155C', 'B201A', 'B206A']	13	-9.430835663108155	-8.111488162045134	-14.50906124265748	-5.078225579549326
ABAAABCBACBBAACBDBABBDBCBBBAAACAABAAABDAABAABAAABABAAAAACACBAABAADAACBAAACCACABBABABAAABABBAABDAABCAAAABABAAAABBDBCAAACABBCDDDAAAAAAAABDBDACBADAAABDABBAAACCABABAAACCAAABAAABAAABAABABAABABABAAAACCAAAABAAABBABAACDBAACDBDCCCAAAAABADDBCACAAAAABAABAAAAAAABBDBDBACCBBBA	['A11B', 'D24C', 'C50A', 'C68A', 'A74C', 'D112B', 'C113D', 'D119C', 'C122B', 'C124D', 'A151B', 'A155C', 'B157A', 'D160B', 'B201A', 'B206A', 'C208A', 'C212B']	18	-8.138859944418073	-9.990047721395968	-15.095645083318232	-5.105597361922264
ABAAABCBABABAACBDBABBDBDBBBAAACAABAAABDAABAABAAABCBAAAAACAABAABAADACCBAAAACACABBABABAAABABBAABDAABCAAAABABAAAABDCBCAAACABDCAADAAAAAAAABDBDADBADAAABBABAAAAACBBADAAACCAAABAAABAAABAABABAABABABAAAACCAAAABBAABBBBCACDCAACDBCCCCAAAAABADDBCACAAAAABAABAAAAAAABBDBDBACCBBBA	['C10B', 'C59A', 'D119C', 'C122D', 'C124A', 'D125A', 'C140D', 'D148B', 'D218C']	9	-8.251163778593764	-8.175163065054221	-13.393064261152176	-5.1419004825584125
ABAAACCBABABBACBDBABBDBDBBBAAACAABAAABDAABAABAAABCBAAAAACACBAABAADACCBADAACACABBABABAAABABBAABDAABCAAAABABAAAABDCBCAAADABCCBAAAAAAAAAABDBDADBADAAABBABAAAAACBBADAAACCAAABAAABAAABAABABAABABABAAAACCAAAABBAABBBBCACDCAACDBDCCCAAAAABADDBCACAAAAABAABAAAAAAABBDBDBACCBBBA	['B6C', 'C10B', 'A13B', 'A72D', 'C124B', 'D125A', 'D126A', 'C140D', 'D148B']	9	-9.856669780541779	-8.177575905312551	-15.000983103358521	-5.144313322816743
ABAAABCBACBBAACBDBABBDBDBBBAAACBABAABBDAABAABAAABCBAAAAACACBAABAADACCBAAAACACABBABABAAABABBAABDAABCABAABABAAAABDCBCAAADABCCCDDAAAAAAAABDBDADBADAAABCABAAAAACBBADAAACCAAABAAABAAABAABABAABABABAAAACCAAAABAAABBBBCACDCAACDBDCCCAAAAABADDBAACAAAAABAABAAAAAAABBDBDAACCBBBA	['A11B', 'A32B', 'A37B', 'A101B', 'C140D', 'D148C', 'B201A', 'C232A', 'B256A']	9	-8.790722532896325	-8.177643432718469	-13.935103383118985	-5.14438085022266
ABAAABCBACABAACBDBABBDBDBBBAAACAABAAABDAABAABAAABCBAAAAACACBAABAADACCBADAACACABBABABAAABABBAABDAABCAAAABABAAAACDCBCAAADABCCCDDAAAAAAAABDBDADBADAAABBABAAAAACBBADAAACAAAABAAABAAABAABBBAABABABAAAACCAAAABAAABBBBCACDCAACDBDCCCAAAAABADDBAACAAAAABAABAAAAAAABBDBDBACCBBBA	['A72D', 'B111C', 'C140D', 'D148B', 'C165A', 'A181B', 'B201A', 'C232A']	8	-9.809061428764835	-8.180063667678041	-14.955862513947068	-5.146801085182233
ABAAABCBACAAABCBDBABADCDBBBAAAAAABAAABDAABAABAAABCBAAAAACACBAABAADACCBAAAACACABBABABAAABABBCABDAABCABAABABAAAABDCBCAAADABCCADDAAAAAAAABDBDACBADAAABDABBAAACCBBADAAACCAAABAAABAAABAABABAABABABAAAACCAAAABBAAABBBCACDCAABDBDCCCAAAAABADDBCACAAAAABAABAAAAAAABBDBDBACCBBBA	['B12A', 'A14B', 'B21A', 'B23C', 'C31A', 'A92C', 'A101B', 'C124A', 'A151B', 'A155C', 'B204A', 'C215B']	12	-8.185256715165451	-9.00483844561677	-14.156832578286412	-5.151994132669643
ABAAABCBACBBAACBDBABBDBDBBBAAACAABAAABDAABAACAAABCBAAAAACACBAABAADACCBAAAACACABBABABAAABABCAABDAABCABAABABAAAABDCBCAAADABCCCDDAAAAAAAABDBDADBADAAABBABAAAAACBBADAAACCAAABAAABAAABAABABAABABABAAAACBAAAABBABBBBBCACDCAACDBDCCCAAAAABADDBCACAAAAABAABAAAAAAABBDBDBACCBBBA	['A11B', 'B45C', 'B91C', 'A101B', 'C140D', 'D148B', 'C195B', 'A203B']	8	-8.94227909320034	-8.18903448616038	-14.098050996864913	-5.155771903664572
ABAAABCBACABAACBDBABBDDDBBBAAACAABAAABDAABAABAAABCBAAAAACACBAABAADACCBAAAACACABBABABAAABABBCABDAABCAAAABABAAAABDCBCAAADABCCADDAAAAAAAABDBDACBADAAABDABAAAACCBBADAAACCAAABAAABAAABAABABAABABABAAAACCAAAABBAABBBBCACDCAACDBDCCCAAAAABADDBCACAAAAABAABAAAAAAABBDBDBACCBBBA	['B23D', 'A92C', 'C124A', 'A155C']	4	-8.212283129571006	-9.984653111474472	-15.16367365854967	-5.179020547075197
ABAAABCBACABAACBDBABBDBDBBBAAACAABAAABDAABAABAAABCBAAAAACACBAABAADACCBADAACACABBABABAAAAABBAABDAABCAAAABABAAAAADDBCAAADABCCAADAAAAAAAABDBAACBADAAAACABAAAAACBBADAACCCAAABAAABAAABAABABAABABABAAAACCAAAABBABBBBBAACDCAACDBDCCCAAAAABADDBCADAAAAABAABAAAAAAABBDBDBACCBBBA	['A72D', 'B88A', 'B111A', 'C113D', 'C124A', 'D125A', 'D138A', 'B147A', 'D148C', 'A163C', 'A203B', 'C208A', 'C234D']	13	-8.217310569249094	-10.488461170316441	-15.672509157069726	-5.184047986753285
ABAAABCBACABAACBDBAABDBDBBBAAACAABAAABDAABAABAAABABAAAAACACBAABAADACCBAAAACACABBABABAAABABBCABDAABCAAAABABAAAABDCBCAAADABCCADDAAAAAAAABDBDACBADAAABDABAAAACCABAAAAACCAAABAAABAAABAABABAABABABAAACCCAAAABAAABBBBCACDCAACDBCCDCAAAAABADDBCACAAAAABAABAAAAAAABBDBDAACCBBBA	['B20A', 'C50A', 'A92C', 'C124A', 'A155C', 'B157A', 'D160A', 'A193C', 'B201A', 'D218C', 'C220D', 'B256A']	12	-8.261682713637128	-8.22393666903372	-13.452356800175039	-5.190674086537911
ABAAABCBACABAACBABABBDBDBBBAAAAAABAAABDAABAABAAABCBAAAAACACBAABAADACCBADAACACABBABABAAABABBAABDAABCAAABBABAAAABBCBCAAADABCCDBDAAAAAAAABDBDACBADAAABDABAAAAAABBADAAACCAAABAAABAAABAABABAABABABAAAACCAAAABAAABBABCACDCAACDBDCCCAAAAABADDBCACAAAAABAABAAAAAAABBDBDBACCBBBA	['D17A', 'C31A', 'A72D', 'A103B', 'D112B', 'C124D', 'D125B', 'C156A', 'B201A', 'B206A']	10	-8.287450743606314	-8.229048981302185	-13.48323714241269	-5.195786398806376
ABAAABCBACBBAACBDBABBDBDBBBAAACAABAAABDAABAABAAABCBAAAAACACBAABAADACCBADAACACABBABABAAABABBAABDAABCAAAABABAAAABACBCAAACABBCCADAAAAAAAABDBAADBADAAABCABAAAAACBBADAAACCAAABABABAAABAABABAABABABAAAACCBABABAAABBBBCACCCAABDBDCDCAAAAABADDBCACAAAAABAABAAAAAAABBDBDBACCBBBA	['A11B', 'A72D', 'D112A', 'D119C', 'C122B', 'D125A', 'D138A', 'C140D', 'D148C', 'A171B', 'A196B', 'A198B', 'B201A', 'D211C', 'C215B', 'C220D']	16	-10.20878958585672	-8.23181411853875	-15.407341121899663	-5.198551536042942
ABAAABCBACABAACBABABBDBDBBBAAACAABAAABDAABAABAAABCBAAAAACACBAABAADACCBAAAACACABBABABAAABABBAABDAABCAAAABABAAAABDCBCAAADABCCDADAAAAAAAABDBDADBADAAABBABAAACACBBADAAACAAAABAAABAAABAABABAABABABAAAACCAAAABBAABBBBCACDCAACDBDCCCAAAAABADDBCACAAAAABAABAAAAAAABBDBDBACCBBBA	['D17A', 'C124D', 'D125A', 'C140D', 'D148B', 'A154C', 'C165A']	7	-8.234486933564767	-8.536959241115255	-13.738183592184214	-5.201224351068959
ABAAABCBACABAACBDBABBDBDBBBAAACAABAAABDAABAABAAABCBAAAAACACBAABAACACCBAAAACACABBABABAAABABBAABDAABCAAAABABAAAABACBCAAADABCCCAAAAAAAAAABDBDACBADAAABDABAAACACBBADAAACCAAABAAABAAABAABABAABABABAAAACCAAAABBAABBBBCACDCAACDBDCCCAAAAABADDBCADAAAAABAABAAAAAAABBDBDBACCBBBA	['D66C', 'D112A', 'D125A', 'D126A', 'A154C', 'C234D']	6	-8.241495119640604	-9.247495395102305	-14.4557279322471	-5.208232537144795
ABAAABCBACABAACBDBABBDDDBBBAAACAABAAABDAABAABAAABCBAAAAACACBAABAADACCBAAAACACABBABACAAABABBAABDAABCAAAABABAAAABDCBCAAAAABBCCADAAAAAAAABDBDADBADAAABBABAAAAACBBADAAACCAAABAAABAAABAABABAABABABAAAACCAAAABAAABBBBCACDCAABDBDCCDCAAAABADDBCACAAAAABAABAAAAAAABBDBDAACCBBBA	['B23D', 'B84C', 'D119A', 'C122B', 'D125A', 'C140D', 'D148B', 'B201A', 'C215B', 'C221D', 'A222C', 'B256A']	12	-9.889109532115981	-8.248439794799197	-15.104286744419369	-5.215177212303388
ABAAABCBACABAACBDBABBDBDBBBAAACAABAAABDAABAABAAABCBAAAAACACBAABAADACCBAAAACACAABABABAAAAABBAABDAABCAAAABABAAAAADDBCAAADABCCAADAAAAAAAABDBAACBADAAAACABAAAAACBBADAACCCAAABAAABAAABAABABAABABABAAAACCAAAABBABBBBBAACDCAACDBDCCCAAAAABADDBCADAAAAABAABAAAAAAABBDBDBACCBBBA	['B79A', 'B88A', 'B111A', 'C113D', 'C124A', 'D125A', 'D138A', 'B147A', 'D148C', 'A163C', 'A203B', 'C208A', 'C234D']	13	-8.24982191529125	-10.281510091823293	-15.498069424618734	-5.216559332795441
ABAAABCBACBBAACBDBAABDBDBBBAAACAABAAABDAABAABAAABCBAAAAACACBAABAADACCBAAAACACABBABABAAABABBAABDAABCABAABABAAAACDCBCAAACABBCCDDAAAAAAAABDBDACBADAAABDABAAAACCBBADAAACCAAABAAABAAABAABABAABABABAAAACCAAAABAAABBBBCACDCAACDBDCCCAAAAABADDBCACAAAAABAABAAAAAAABBDBDBACCBBBA	['A11B', 'B20A', 'A101B', 'B111C', 'D119C', 'C122B', 'A155C', 'B201A']	8	-8.25072312145494	-10.719295518909348	-15.936756057868479	-5.217460538959131
ABAAABCBACABAACBDBABBDBDBBBAAAAAABAAABDAABAAAAAABCBAAAAACACBAABAADACCBAAAACACABBABABAAABABBAABDAABCABAABABAAAABDCBCAAAAABBCCDDAAAAAAAABDBDADBADAAABBABAAAAACABABAACCCAAABAAABAABBAABABAABABABAAAACCAAAABAAABBBBBACDCAABDBDCCCAAAAABADDBCADAAAAABAABAAAAAAABBCBDAACCBBBA	['C31A', 'B45A', 'A101B', 'D119A', 'C122B', 'C140D', 'D148B', 'B157A', 'D160B', 'A163C', 'A176B', 'B201A', 'C208B', 'C215B', 'C234D', 'D253C', 'B256A']	17	-10.667537232395262	-8.257095921289874	-15.891370571189327	-5.223833338794066
ABAAABCBACABAACBDBABBDBDBBBAAAAAABAAABDAABAABAAABCBAAAAACACBAABAADACCBAAAACACABBABABAAABABBAABDAABCAAAABABAAAABDCBCAAADABCCDADAAAAAAAABDBDACBADAAABDABAAAAACBBADAAACCAAABAAABAAABAABABAABABABAAAACCAAAABBAABBBBCACDCAACDBDCCCAAAAABADDBAADAAAAABAABAAAAAAABBABDAACCBBBA	['C31A', 'C124D', 'D125A', 'C232A', 'C234D', 'D253A', 'B256A']	7	-9.036942108301446	-8.26175206337939	-14.265431589185027	-5.228489480883582
ABAAABCBABABAACBDBABBDBDBBBAAACAABAAABDAABAABAAABCBAAAAACACBAABAADACCBADAACACABBABADAAABABBAABDAABCAAAABABAAAABDCBCAAADABCCCDDAAAAAAAACDBDACBADAAABDABBAACCCBBADAAACCAAABAAABAAABAABABAABABABAAAACCAAAABAAABBBBCACDCAACDBDCCCAAAAABADDBDACAAAAABAABAAAAAAABBDBDBACCBBBA	['C10B', 'A72D', 'B84D', 'B135C', 'A151B', 'A154C', 'A155C', 'B201A', 'C232D']	9	-8.270857818191871	-10.599107163463486	-15.836702399159549	-5.2375952356960624
ABCAABCBACABAACBABABADBCBBBAAACAABAAABDAABAABAAABCBAAAAACACBAABAADACCBADAACABABBABABAAABABBAABDAABCABAABABAAAABDDBCAAADABCCADDAAAAAAAABDBDACBADAAABDABBAAACCBBADAAACCAAABAAABAAABAABABAABABABAAAACCAAAABBAABBBBCACDCAACDBDCCCAAAAABADDBDACAAAAABAABAAAAAAABBDBDBACCBBBA	['A3C', 'D17A', 'B21A', 'D24C', 'A72D', 'C77B', 'A101B', 'C113D', 'C124A', 'A151B', 'A155C', 'C232D']	12	-8.272142767673358	-12.384935221081832	-17.623815406259382	-5.23888018517755
ABAAABCBACABAACBDBABBDBDBBBAAAAAABAAABDAABAABAAABCBAAAAACACBAABAADACCBADAACACABBABABAAABABBAABDAABCAAAABABAAAABDCBCAAADABCCDDCAAAAAAAACDBDACBADAAABBABAAAAACBBADAAACCAAABAAABAAABAABABAABABABAAAACCAAAABBAABBBBCACDCAACDBDCCCAAAAABADDBCACAAAAABAABAAAAAAABBDBDBACCBBBA	['C31A', 'A72D', 'C124D', 'D126C', 'B135C', 'D148B']	6	-8.276995241874829	-8.310319101874484	-13.554051761253504	-5.24373265937902
ABAAABCBACBBAACBDBABBDBDBBBAAACAABAAABDAABAABAAABCBAAAAACACBAABAADACCBAAAACACABBABABAAABABBAABDAABCAAAABABAAAACDCBCAAADABCCDDDAAAAAAAABDBDAABADAAABCABAAAAACBBADAAACCABABAAABAAABAABABAABABABAAAACCAAAABBAABBBBCACDCAACDBDCCCAAAAABADDBCACAAAAABAABAAAAAAABBDBDBACCBBBA	['A11B', 'B111C', 'C124D', 'C140A', 'D148C', 'A167B']	6	-8.304138933075592	-9.785604370728834	-15.056480721308617	-5.270876350579783
ABAAABCBACABAACBDBABBDBDBBBAAACAAAAAABDAABAABAAABCBAAAAACACBAABAADACCBAAAACACABBABABAAABABBAABDAABCABAABABAAAABCCBCAAADABCCCDDAAAAAAAABDBDACBADAAABDABAAAAACBBADAAACCAAABAAABAAABAABABAABABABAAAACCAAAABAAABBBBCACDCAACDBDCCCAAAAABADDBCADAAAAABAABAAAAAAABBDBDBACCBBBA	['B34A', 'A101B', 'D112C', 'B201A', 'C234D']	5	-9.16118201543577	-8.305133997899247	-14.433053430839209	-5.271871415403439
ABAAABCBACABABCBDBABBDBDBBBAAACAABAAABDAABAABAAABCBAAAAACACBAABAADACCBAAAACACABBABABAAABABBAABDAABCABAABABAAAABACBCAAADABCCCDDAAAAAAAABDBDADBADAAABBABAAAAACBBADAAACCAAABAAABAAABAABABAABABABAAACCCAAAABBAABBBBCACDCAACDBDCCCAAAAABADDBCACAAAAABAABAAAAAAABBDBDBACCBBBA	['A14B', 'A101B', 'D112A', 'C140D', 'D148B', 'A193C']	6	-8.487881479552016	-8.309220316325082	-13.763839213381289	-5.275957733829273
ABAAABCBABABAACBDBABBDBDBBBAAACBABAAABDAABAADAAABCBAAAAACACBAABAADACCBAAAACACABBABABAAABABBAABDAABCABAABABAAAABDCBCAAADABCCCADAAAAAAAABDBDADBADAAABBABAAAAACBBADAACCCAAABAAABAAABAABABAABABABAAAACCAAAABBAABBBBCACDCAACDBDCCCAAAAAAADDBCACAAAAABAABAAAAAAABBCBDAACCBBBA	['C10B', 'A32B', 'B45D', 'A101B', 'D125A', 'C140D', 'D148B', 'A163C', 'B227A', 'D253C', 'B256A']	11	-10.389151128707454	-8.31105269069667	-15.666941236908315	-5.277790108200861
ABAAABCBABABAACBDBABADBDBBBAAACAABAAABDAABAABAAABCBAAAAACACBAABAADACCBAAAACACABBABABAAABABBAABDAABCAAAABABAAAABDCBCAAADABCCCDDAAAAAAAABDBCACBADAAABDABBAAACCBBADAAACCAAABBAABAAABAABABAABABABAAAACCAAAABBAABBBBCACDCAACDBDCCCAAAAABADDBCACAAAAABAABAAAAAAABBDBDBACCBBBA	['C10B', 'B21A', 'D138C', 'A151B', 'A155C', 'A170B']	6	-8.324139305157587	-9.25187885874766	-14.542755581409438	-5.290876722661778
ABAAABCBACBBAACBDBABBDBDBBBAAABBABAAABAAABAABAAABCBAAAAACACBAABAADACCBADAACACABBABABAAABABBCABDAABCABAABABAAAADDCBCAAACABCCCDDAAAAAAAACDBDACBADAAABDABAAAACCBBADAAACCAAABAAABAAABAABABAABABABAAACCCAAAABAAABBBBCACDCAACDBCCCCAAAAABADDBCACAAAAABAABAAAAAAABBDBDBACCBBBA	['A11B', 'C31B', 'A32B', 'D39A', 'A72D', 'A92C', 'A101B', 'B111D', 'D119C', 'B135C', 'A155C', 'A193C', 'B201A', 'D218C']	14	-8.326157917967066	-9.964796094660414	-15.257691430131672	-5.292895335471258
ABAAABCBACABAACBDBABBDBDBBBAAACAABAAABDAABAABAAABCBAAAAACACBAABAADACCBADAACACABBABABAAABABBAABDAABCABAABABAAAABDCBCAAACABCCCDDAAAAAAAABBBDACBADAAABDABAAAACCBBADAAACCAAABAAABAAABAABABAABABBBAAAACCAABABAAABBBBCACDCAACDADCCCAAAAABADDBCACAAAAABAABAAAAAAABBDBDAACCBBBA	['A72D', 'A101B', 'D119C', 'D136B', 'A155C', 'A188B', 'A198B', 'B201A', 'B217A', 'B256A']	10	-8.3275329337921	-8.455003452458186	-13.749273803754477	-5.294270351296291
ABAAABCBACABAACBABABBDBDBBBAAACAABAAABDAABAABAAABCBAAAAACACBAABAADACCBAAAACACABBABABAAABABCAABDAABCABAABABAAAABDCBCAAADABCCADDAAAAAAAABDBDACBADAAABDABAAAAAABBACAAACCAAABAAABAAABAABABAABABABAAAACCAAAABAAABBBBCACDCAACDBDCCCAAAAAAABDBCACAAAAABAABAAAAAAABBBBDAACCBBBA	['D17A', 'B91C', 'A101B', 'C124A', 'C156A', 'D160C', 'B201A', 'B227A', 'D229B', 'D253B', 'B256A']	11	-8.331641643075272	-10.131650728610111	-15.430029789189575	-5.298379060579464
ABAAABCBACABAACBDBABBDBDBBBAAACAABAAABAAABAABAAABABAAAAACACBAABAADACCBAAAACACABBABABAAABABBAABDAABCAAAABABAAAABDDBCAAADABCCADDAAAAAAAABDBDACBADAAABDABAAAACCBBADAAACCAAABAAABAAABAABABAABABABAAAACCAAAABAAABBBBCACDCAACDBDCCCAAAAABAADBCACAAAAABAABAAAAAAABBAADBACCBBBA	['D39A', 'C50A', 'C113D', 'C124A', 'A155C', 'B201A', 'D229A', 'D253A', 'B254A']	9	-8.336982385488227	-8.632547661167337	-13.936267464159755	-5.303719802992418
ABAAABCBACABAACBDBAABDBDBBBAAACAABAAABDAABAABAAABCBAAAAACACBAABAADACCBAAAACACABBABABAAABABBAABDAABCABAABABAAAADCCBCAAADABCCCDDAAAAAAAABDBDACBADAAABDABAAAAACBBADAAACCAAABAAABAAABAABBBAABABABAAACCCAAAABAAABBBBCACDCAACDBDCCCAAAAABADDBCACAAAAABAABAAAAAAABBDBDAACCBBBA	['B20A', 'A101B', 'B111D', 'D112C', 'A181B', 'A193C', 'B201A', 'B256A']	8	-8.350857674377039	-9.880090778198792	-15.197685870080022	-5.3175950918812305
ABAAADABABABAACBDBAABDBDBBBAAACAABAAABDAABAABAAABCBAAAAACACBAABAADACCBADAACACABBABABAAABABBAABDAABCAAAABABAAAABDCBCAAACABDCCADAAAAAAAABDBDACBADAAABDABAAAAACBBADAAACCAAABAAABAAABAABABAABABABAAAACCAAAABBABBBABCACDCAACDBDCCCAAAAABADDBCACAAAAABAABAAAAAAABBDBDBACCBBBA	['B6D', 'C7A', 'C10B', 'B20A', 'A72D', 'D119C', 'C122D', 'D125A', 'A203B', 'B206A']	10	-8.3514328438323	-9.691771857877029	-15.00994211921352	-5.3181702613364905
ABAAABCBACBBAACBDBABCDBDABBAAACAABAAABDAABAABAAABCBAAAAACACBAABAADACCBAAAACACABBABABAAABABBAABDAABCAAAABABAAAABDCBCAAAAABBCCADAAAAAAAABDBDACBADAAABCABAAAAACBBADAAACCAAABAAABAAABAABABAABABABAAAACCAAAABAABBBBBCACDCAACDBCCCCAAAAABADDBCADAAAAABAABAAAAAAABBABDBACCBBBA	['A11B', 'B21C', 'B25A', 'D119A', 'C122B', 'D125A', 'D148C', 'B201A', 'A203B', 'D218C', 'C234D', 'D253A']	12	-8.627548046642914	-8.352656228438718	-13.946941692585824	-5.31939364594291
ABAAABCBACBBAACBDBAABDBDBBBAAACAABAAABDAABAABAAABCBAAAAACACBAABAADACCAAAAACACABBABABAAABABBAABDAABCABAABABAAAABDCBCAAABABCCDDDAAAAAAAABDBDADBADAAABBABAAAAACBBADAAACCAAABAAABAAABAABABAABABABAAACCDAAAABBAABBABCACDCAACDBDCCCAAAAABADDBCACAAAAABAABAAAAAAABBDBDBACCBBBA	['A11B', 'B20A', 'B70A', 'A101B', 'D119B', 'C124D', 'C140D', 'D148B', 'A193C', 'C195D', 'B206A']	11	-8.97755472525023	-8.362170069449348	-14.306462212203769	-5.32890748695354
ABAAABCBACBBAACBDBAABDBDBBBAAACAABAAABDAABAABAAABCBAAAAACACBAABAADACCAAAAACACABBABABAAABABBAABDAABCABAABABAAAABDCBCAAABABCCDDDAAAAAAAABDBDADBADAAABBABAAAAACBBADAAACCAAABAAABAAABAABABAABABABAAACCDAAAABBAABBABCACDCAACDBDCCCAAAAABADDBCACAAAAABAABAAAAAAABBDBDBACCBBBA	['A11B', 'B20A', 'B70A', 'A101B', 'D119B', 'C124D', 'C140D', 'D148B', 'A193C', 'C195D', 'B206A']	11	-8.97755472525023	-8.362170069449348	-14.306462212203769	-5.32890748695354
ABAAABCBACBBAACBDBAABDBDBBBAAACAABAAABDAABAABAAABCBAAAAACACBAABAADACCAAAAACACABBABABAAABABBAABDAABCABAABABAAAABDCBCAAABABCCDDDAAAAAAAABDBDADBADAAABBABAAAAACBBADAAACCAAABAAABAAABAABABAABABABAAACCDAAAABBAABBABCACDCAACDBDCCCAAAAABADDBCACAAAAABAABAAAAAAABBDBDBACCBBBA	['A11B', 'B20A', 'B70A', 'A101B', 'D119B', 'C124D', 'C140D', 'D148B', 'A193C', 'C195D', 'B206A']	11	-8.97755472525023	-8.362170069449348	-14.306462212203769	-5.32890748695354
ABAAABCBACBBAACBDBABBDBCBBBAAAAAABAAABDAABAABAAABCBAAAAACACBAABAADACCBAAAACACABBABABAAABABBAABDAABCABAABABAAAABDCBCAAACABBCCDDAAAAAAAABBBDACBADAAABDAABAAACCBBADAAACCAAABAAABAAABAABABAABABABAAAACCAAAABBAABBBBCACCCAACDBDCCCAAAAABADDBCACAAAAABAABAAAAAAABBDBDBACCBBBA	['A11B', 'D24C', 'C31A', 'A101B', 'D119C', 'C122B', 'D136B', 'B150A', 'A151B', 'A155C', 'D211C']	11	-8.362422740785405	-9.591783731681062	-14.920943889970658	-5.329160158289596
ABAAABCBACABAACBDBABBDBDBBBAAACAABAAABDAABAABAAABCBAAAAACACBAABAADACCBAAAACACABBABABAAABABBCABDBABCABAABABAAAABDCBCAAADABCCCDDAAAAAAAABDBDACBADAAABDABAAAAACBBADAAACCAAABAAABAAABAABABAABABABAAAACCAAAABAAABABBCACDBAACDBDCCCAAAAABADDBCACAAAAABAABAAAAAAABBDBDBACCBBBA	['A92C', 'A96B', 'A101B', 'B201A', 'B205A', 'C212B']	6	-8.648539411602542	-8.362677376222564	-13.977954205329297	-5.329414793726755
ABAAABCBACABAACBDBABABDBBBBAAACAABAAABDAABAABAAABCBAAAAACACBAABAADACCBAAAACACABBABADAAABABBAABDAABCAAAABABAAAABDCBCAAADABCCCDDAAAAAAAABDBDACBADAAABDABBAACCCBBADAAACAAAABAAABAAABAABABAABABABAAAACCAAAABAAABBBBCACDCAACDBDCCCAAAAABADDBDACAAAAABAABAAAAAAABBDBDBACCBBBA	['B21A', 'D22B', 'B23D', 'D24B', 'B84D', 'A151B', 'A154C', 'A155C', 'C165A', 'B201A', 'C232D']	11	-8.372310086386278	-9.552389657517779	-14.891437161408248	-5.33904750389047
ABBAABCBACABAACBABABBDBDBBBAAACAABAAABAAABAABAAABABAAAAACACBAABAADACCBADAACACABBABABAAABABBAABDAABCAAAABABAAAABDCBCAAADABCCCDDAAAAAAAABDBDACBADAAABDABBAAACAABADAAACCAAABAAAAAAABAABABAABABABAAAACCAAAABBAABBBBCACDCAACDBDCCCAAAAABADDBDACAAAAABAABAAAAAAABBDBDBACCBBBA	['A3B', 'D17A', 'D39A', 'C50A', 'A72D', 'A151B', 'A155C', 'C156A', 'B157A', 'B173A', 'C232D']	11	-8.37642296566628	-10.013454487983836	-15.356614871154306	-5.343160383170471
ABAAABDBACABAACBDBABBDBDBBBAAACAABAAABAAABAABAAABCBAAAAACACBAABAADACCBAAAACACABBABABAAABABBAABDAABCABAABABAAAABDCBCAAADABCCDDDAAAAAAAABDBCADBADAAABBABAAAAACBBADAAACCAAABAAABAAABAABABAABABABAAAACCAAAABAAABBBBCABDCAACDBDCBCAAAAAAADDBCACAAAAABAABAAAAAAABBDBDBACCBBBA	['C7D', 'D39A', 'A101B', 'C124D', 'D138C', 'C140D', 'D148B', 'B201A', 'C210B', 'C220B', 'B227A']	11	-9.299670131178573	-8.399003426049603	-14.665410974732367	-5.3657408435537945
ABAAABCBACABAACBABABBDBDBBBAAACAABAAABDAABAABAAABCBAAAAACACBAABAADACCBAAAACACABBABABAABBABBAABDAABCAAAABABAAAABDCBCAAADABCCDADAAAAAAAABDBDADBADAAABBABAAACACBBADAAACCAAABAAABAAABAABABAABABABAAAACCAAAABBAABBBBCACDCAACDBDCCCAAAAABADDBCACAAAAABAABAAAAAAABBDBDBACCBBBA	['D17A', 'A87B', 'C124D', 'D125A', 'C140D', 'D148B', 'A154C']	7	-8.905220355605707	-8.403684286837233	-14.275642059947131	-5.370421704341425
ABAAABABACABAACBDBABBDBDBBBAAACAABAAABDAABAABAAABCBAAAAACACBAACAADACCBAAAACACABBABABAAABABBAABDAABCAAAABABAAAABDCBCAAACABBCAADAAAAAAAABDBDADBADAAABBABAAAAACBBADAAACCAAABAAABAAABAABABAABABABAAAACCAAAABBAABBBBCACDCAACDBDACCCAAAABADDBCACAAAAABAABAAAAAAABBDBDBACCBBBA	['C7A', 'B63C', 'D119C', 'C122B', 'C124A', 'D125A', 'C140D', 'D148B', 'C219A', 'A222C']	10	-8.425412283046171	-9.814813076489372	-15.206962777039735	-5.3921497005503625
ABAAACCBACABAACBABABBDBDBBBAAACAABAAABDAABAABAAABCBAAAAACACBAABAADACCBAAAACACABAABABAAABABBAABDAABCABAABABAAAABDCBCAAADABCCDBDAAAAAAAABDBDACBADAAABDABBAAACCBBADAAACCAAABAAABAAABAABABAABABABAAACCCAAAABBAABBBBCACDBAACDBDCCCAAAAABADDBCACAAAAABAABAAAAAAABBDBDBACCBBBA	['B6C', 'D17A', 'B80A', 'A101B', 'C124D', 'D125B', 'A151B', 'A155C', 'A193C', 'C212B']	10	-8.426043319283053	-11.818709182058228	-17.211489918845473	-5.392780736787245
ABAAABCBACABAACBABABBDBDBBBAAACAABAAABDAABAABAAABCBAAAAACACBAABAADACCBADAACACABBABABAAABABBCABDAABCAAAABABAAAABBCBCAAADABCCABDAAAAAAAABDBDACBADAAABDABAAAACCBBADAAACCAAABAAABAAABAABABAABABABAAAACCAAAABBAABBABCACDCAACDBDCCCAAAAABADDBCACAAAAABAABAAAAAAABBDBDBACCBBBA	['D17A', 'A72D', 'A92C', 'D112B', 'C124A', 'D125B', 'A155C', 'B206A']	8	-8.443724654382095	-10.444418397237314	-15.8548804691236	-5.410462071886286
ABAAABCBACABAACBABABBDBDABBAAACAABAAABDAABAABAAABCBAAAAACACBAABAADACCBAAAACACABBABADAAABABBAABDAABCABAABABAAAABDCBCAAADABCCBBDAAAAAAAACDBDADBADAAABBABAAACACBBADAAACCAAABAAABAAABAABABAABABABAAAACCAAAABBAABBBBCACDCAACDBDCCCAAAAABADDBCACAAAAABAABAAAAAAABBDBDBACCBBBA	['D17A', 'B25A', 'B84D', 'A101B', 'C124B', 'D125B', 'B135C', 'C140D', 'D148B', 'A154C']	10	-8.45718183482495	-8.719460443098797	-14.143379695427939	-5.423919252329142
ABAAABCBACABAACBDBABBDBDBBBAAACAABAAABDAABAABAAABABAAAAACACBAABAADACCBADAACACABBABABAAABABBAABDAABCAAAABABAAAABDCBCAAACABBCABDAAAAAAAABDBDADBADAAABBABAAAAACBBADAABCCAAABAAABAAABAABABAABABABAAAACCAAAABBAABBBBCACDCAACDBDCCCAAAAABADDBCACAAAAABAABAAAAAAABBDBDAACCBBBA	['C50A', 'A72D', 'D119C', 'C122B', 'C124A', 'D125B', 'C140D', 'D148B', 'A163B', 'B256A']	10	-8.460717933950946	-9.320249731623335	-14.747705083078472	-5.427455351455137
ABAAABCBACABAACBDBABBDBDBBBAAACAABAAABDAABAABAAABABAAAAACACBAABAADACCBADAACACABBABABAAABABBAABDAABCAAAABABAAAABDCBCAAACABBCABDAAAAAAAABDBDADBADAAABBABAAAAACBBADAABCCAAABAAABAAABAABABAABABABAAAACCAAAABBAABBBBCACDCAACDBDCCCAAAAABADDBCACAAAAABAABAAAAAAABBDBDAACCBBBA	['C50A', 'A72D', 'D119C', 'C122B', 'C124A', 'D125B', 'C140D', 'D148B', 'A163B', 'B256A']	10	-8.460717933950946	-9.320249731623335	-14.747705083078472	-5.427455351455137
ABAAABCBACABAACBDBABBDBDBBBAAACAABAAABDAABAABAAABABAAAAACACBAABAADACCBADAACACABBABABAAABABBAABDAABCAAAABABAAAABDCBCAAACABBCABDAAAAAAAABDBDADBADAAABBABAAAAACBBADAABCCAAABAAABAAABAABABAABABABAAAACCAAAABBAABBBBCACDCAACDBDCCCAAAAABADDBCACAAAAABAABAAAAAAABBDBDAACCBBBA	['C50A', 'A72D', 'D119C', 'C122B', 'C124A', 'D125B', 'C140D', 'D148B', 'A163B', 'B256A']	10	-8.460717933950946	-9.320249731623335	-14.747705083078472	-5.427455351455137
ABAAABCBACABAACBABABBDBDBBBAAACBABAAABDAABAABAAABCBAAAAACACBAABAADACCBAAACCACABBABABAAABABBAABDAABCAAAABABAAAABDCBCAAADABCCABDAAAAAAAABBBDADBADAAABBABAAAAACBBADAAACAAAABAAABAAABAABABAABABABAAAACCAAAABAAABBBBCACDCAACDBDCCCAAAAABADDBCAAAAAAABAABAAAAAAABBDBDAACABBBA	['D17A', 'A32B', 'A74C', 'C124A', 'D125B', 'D136B', 'C140D', 'D148B', 'C165A', 'B201A', 'C234A', 'B256A', 'C259A']	13	-8.499617522349581	-10.382050778629491	-15.848405718483264	-5.4663549398537725
ABAAABCBACABAACBDBABBDBDBBBAAACAABAAABDAABAABAAABCBAAAAACACBAABAADACCBAAAACACABBABABAAABABBAABDAABCAAAABABAAAABDCBCAAADABCCADDAAAAAAAABDBDACBADAAABDABBAAACCBBADABACCAAABBAABAAABAABABAABABABAAAACCAAAAAAAABBBBCACDCAACDBDCBCAAAAABADDBCADAAAAABAABAAAAAAABBDBDBACCBBBA	['C124A', 'A151B', 'A155C', 'A162B', 'A170B', 'B200A', 'B201A', 'C220B', 'C234D']	9	-8.499967527808622	-10.756143728009192	-16.222848673322005	-5.466704945312813
ABAAABCBACBBAACBDBABCDBDABBAAACAABAAABDAABAABAAABCBAAAAACACBAABAADACCBAAAACACABBABABAAABABBAABDAABCAAAABABAAAABDCBCAAAAABBCCADAAAAAAAABDBDACBADAAABDABBAAAACBBADAAACCAAABAAABAAABAABABAABABABAAAACCAAAABAABBBBBCACDCAACDBCCCCAAAAABADDBCADAAAAABAABAAAAAAABBABDBACCBBBA	['A11B', 'B21C', 'B25A', 'D119A', 'C122B', 'D125A', 'A151B', 'B201A', 'A203B', 'D218C', 'C234D', 'D253A']	12	-8.500524969073012	-8.894321203668369	-14.361583590245573	-5.467262386577204
ABAAABCBACABAACBDBABBDDDBBBAAACAABAAABDAABAABAAABCBAAAAACACBAABAADACCBADAACACABBABABAAABABBAABDAABCAAAABABAAAABDCBCAAADABCCCDDAAAAAAAABDBDADBADAAABCABAAAAACBBADAAACCAAABAAABAAABAABABAABABABAAAACCAAAABBAABBBBCACBCAACDBDCCCAAAAABADDBCACAAAAABAABAAAAAAABBDBDBACCBBBA	['B23D', 'A72D', 'C140D', 'D148C', 'D211B']	5	-8.938288060715422	-8.5005347639526	-14.405560242172214	-5.467272181456792
ABAAABCBACABAACBABABBDBDBBBAAACAABAAABDAABAABAAABCBAAAAACACBAABAADACCBAAAACACABBABABAAABABBAABDAABCABAABABAAAABDCBCAAADABCCADDAAAAAAAABDBDADBADAAABBABAAAAACBBADAAACCAAABAAAAAABBAABABAABABABAAAACCAAAABBAABBBBCACDCAACDBDCCCAAAAABADDBCACAAAAABAABAAAAAAABBDBDBACCBBBA	['D17A', 'A101B', 'C124A', 'C140D', 'D148B', 'B173A', 'A176B']	7	-8.502143301768228	-8.804065278236521	-14.272945997508941	-5.46888071927242
ABAAABCBACABBBCBDBABBDBDBBBAAACAABAAABDAABAABAAABCBAAAAACACBAABAADACCBAAAACACABBABABAAABABBAABDAABCAAAABABAAAABDCBCAAADABCCDDDAAAAAAAABDBDADBADAAABBABAAACACBBADAAACCAAABAAABAAABAABABAABABABAAAACCAAAABAAABBBBCACCCAACDBDCCCAAAAABADDBCACAAAAABAABAAAAAAABBDBDAACCBBBA	['A13B', 'A14B', 'C124D', 'C140D', 'D148B', 'A154C', 'B201A', 'D211C', 'B256A']	9	-8.713431052630767	-8.506111687951488	-14.186280158086447	-5.47284910545568
ABAAADBBACABAACBABABBDBDBBBAAACAABAAABDAABAABAAABCBAAAAACACBAABAADACCBADAACACABBABABAAABABBAABDAABCAAAABABAAAABDCBCAAADABCCCDDAAAAAAAABDBDADBADAAABDABAAAAACBBADAAACCAAABAAABAAABAABABAABABABAAAACCAAAABAAABBBBCACDCAACDBDCCCAAAAABADDBCACAAAAABAABAAAAAAABBDBDAACCBBBA	['B6D', 'C7B', 'D17A', 'A72D', 'C140D', 'B201A', 'B256A']	7	-8.53017805912532	-9.08400720913778	-14.580922685767291	-5.4969154766295105
ABAAABCBACABABCBDBABBDBDBBBAAACAABAAABAAABAABAAABCBAAAAACACBAABAADACCBAAAACACABBABABAAABABBAABDAABCABAABABAAAABDCBCAAADABCCADDAAAAAAAABDBDADBADAAABBABAAAAACBBADAAACCAAABAAABAAABAABABAABABABAAAACCAAAABAAABBBBCACDCAACDBDCCCAAAAABADDBCACAAAAABAABAAAAAAABBABDBACCBBBA	['A14B', 'D39A', 'A101B', 'C124A', 'C140D', 'D148B', 'B201A', 'D253A']	8	-9.043571496149525	-8.532256097038044	-14.54256501069176	-5.498993514542235
ABAAABCBACABAACBDBABBDBDBBBAAACAABAAABDAABAABAAABCBAAAAACACBAACAADACCBADACCACABBABABAAABABBAABDAABCAAAABABAAAABDCBCAAADABCCADDAAAAAAAABDBDADBADAAABCABAAAAAABBADAADCCAAABAAABAAABAABAAAABABABAAAACCAAAABAAABBBBCACDCAACDBDCCCAAAAABADDBCACAAAAABAABAAAAAAABBDCDBACABBBA	['B63C', 'A72D', 'A74C', 'C124A', 'C140D', 'D148C', 'C156A', 'A163D', 'B182A', 'B201A', 'B254C', 'C259A']	12	-8.807895418722183	-8.540172016160795	-14.31480485238717	-5.506909433664987
ABAAABCBACABABCBDBAABDBDBBBAAACBABAAABDAABAAAAAABCBAAAAACACBAABAADACCBAAAACACABBABABAAABABBAABDAABCACAABABAAAABDCBCAAADABCCCDDAAAAAAAABBBCACBADAAABDABBAAACCBBADAABCCAAABAAABAAABAABABAABABABAAAACCAAAABAAABBABCACDCAACDBDCDCAAAAABADDBCACAAAAABAABAAAAAAABBDBDBACCBBBA	['A14B', 'B20A', 'A32B', 'B45A', 'A101C', 'D136B', 'D138C', 'A151B', 'A155C', 'A163B', 'B201A', 'B206A', 'C220D']	13	-9.9082885410171	-8.554250931338174	-15.429276889859466	-5.520988348842366
ABAAABCBACBBAACBDBABCDBDABBAAACAABAAABDAABAABAAABCBAAAAACACBAABAADACCBAAAACACABBABABAAABABBAABDAABCAAAABABAAAABDCBCAAAAABBCCADAAAAAAAABDBDACBADAAABCABAAAAACBBADAAACCAAABAAABAAABAABABAABABABAAAACCAAAABAABBBBBCACDCAACDBCCCCAAAAABADDBCADAAAAABAABAAAAAAABBABDBACABBBA	['A11B', 'B21C', 'B25A', 'D119A', 'C122B', 'D125A', 'D148C', 'B201A', 'A203B', 'D218C', 'C234D', 'D253A', 'C259A']	13	-8.557654716307297	-8.556905857665697	-14.081297991477186	-5.5236432751698885
ABAAABCBACABAACBABABBDBDBBBAAACAABAAABDAABAABAAABCBAAAAACACBAABAADACCBADAACACABBABABAAABABBAABDAABCABAABABAAAABDCBCAAADABCCCDDAAAAAAAABDBDADBADAAABBABAAAAAABBADAAACCAAABAAABAAABAABABAABABABAAAACCAAAABAAABBBBAACDCAACDBDCCCAAAAABADDBCACAAAAABAABAAAAAAABBDBDBACCBBBA	['D17A', 'A72D', 'A101B', 'C140D', 'D148B', 'C156A', 'B201A', 'C208A']	8	-8.571209026966244	-8.64496277688886	-14.182909221359296	-5.537946444470435
ABAAABCBACABAACBDBABBDBDBBBAAACBABAAABDAABAACAAABCBAAAAACACBAABAADACCBADAACACABBABABAAABABBAABDAABCAAAABABAAAABDCBCAAADABCCCDDAAAAAAAABDBDACBADAAABDABAAAACCBBADAAACCAAABAAABAAABAABABAABABABAAAACCAAAABAAABAABCACDBAACDBDBCDCAAAABADDBCACAAAAABAABAAAAAAABBDBABACCBBBA	['A32B', 'B45C', 'A72D', 'A155C', 'B201A', 'B205A', 'B206A', 'C212B', 'C219B', 'C221D', 'A222C', 'D255A']	12	-9.910633211256936	-8.580364443798317	-15.457735072559444	-5.547101861302508
ABAAABCBACABAACBABAABDBDBBBBAACAABAAABAAABAADAAABCBAAAAACACBAABAADACCBAAAACACABBABABAAABABBAABDAABCAAAABABAAAABDABCAAADABCCDADAAAAAAAABDBDADBADAAABBABAAAAACBBADAACCCAAABAAABAAABAABABAABABABAAAACCAAAABAAABBBBCACDCAACDBDCCCAAAAABADDBCACAAAAABAABAAAAAAABBDBDBACCBBBA	['D17A', 'B20A', 'A28B', 'D39A', 'B45D', 'C113A', 'C124D', 'D125A', 'C140D', 'D148B', 'A163C', 'B201A']	12	-8.603531464235857	-9.02467200436513	-14.594940886105178	-5.5702688817400485
ABAAABCBACABAACBABABBDBDBBBBAACAABAAABDAABAABAAABCBAAAAACACBAABAADACCBADAACACABBABABAAABABBAABDAABCAAAABABAAAABDCBCAAADABCCAACAAAAAAAABDBDADAADAAABBABAAAAACBBADAAACCAAABAAABAAABAABABAABABABAAAACCAAAABBAABBBBCACDCAACDBDCCCAAAAABADDBCACAAAAABAABAAAAAAABBDBDBACCBBBA	['D17A', 'A28B', 'A72D', 'C124A', 'D125A', 'D126C', 'C140D', 'B141A', 'D148B']	9	-8.612722968216985	-9.461214439914329	-15.040674825635506	-5.579460385721177
ABAAABCBACBBAACBDBABBDBDBBBAAACAABAAABDAABAACAAABCBAAAAACACBAABAADACCBADAACACABBABABAAABABBAABDAABCAAAABABAAAABDDBCAAADABCCDDDAAAAAAAABDBDACBADAAABDABAAAAACBBADAAACCAAABAAABAAABAABABAABABABAAAACDAAAABBAABBBBCACDCAACDBDCCCAAAAABADDBCACAAAAABAABAAAAAAABBDBDBACCBBBA	['A11B', 'B45C', 'A72D', 'C113D', 'C124D', 'C195D']	6	-8.613659544149414	-10.849801145930542	-16.430198107584147	-5.580396961653605
ABAAABCBABBBAACBDBABCDBDBBBAAACAABAAABDAABAABAAABABAAAAACACBAABAADACCBADAACACABBABABAAABABBAABDAABCAAAABABAAAABDABCAAACABBCCADAAAAAAAABDBDADBADAAABBABAAAAACBBADAAACCAAABAAABAAABAABABAABABABAAAACCAAAABBAABBBBCACDCAACDBDCCCAAAAABADDBCADAAAAABAABAAAAAAABBABDAACCBBBA	['C10B', 'A11B', 'B21C', 'C50A', 'A72D', 'C113A', 'D119C', 'C122B', 'D125A', 'C140D', 'D148B', 'C234D', 'D253A', 'B256A']	14	-11.117473832564428	-8.62590036864276	-16.71011161871138	-5.592637786146952
ABAAABCBABBBAACBDBABCDBDBBBAAACAABAAABDAABAABAAABABAAAAACACBAABAADACCBADAACACABBABABAAABABBAABDAABCAAAABABAAAABDABCAAACABBCCADAAAAAAAABDBDADBADAAABBABAAAAACBBADAAACCAAABAAABAAABAABABAABABABAAAACCAAAABBAABBBBCACDCAACDBDCCCAAAAABADDBCADAAAAABAABAAAAAAABBABDAACCBBBA	['C10B', 'A11B', 'B21C', 'C50A', 'A72D', 'C113A', 'D119C', 'C122B', 'D125A', 'C140D', 'D148B', 'C234D', 'D253A', 'B256A']	14	-11.117473832564428	-8.62590036864276	-16.71011161871138	-5.592637786146952
ABAAABCBABBBAACBDBABCDBDBBBAAACAABAAABDAABAABAAABABAAAAACACBAABAADACCBADAACACABBABABAAABABBAABDAABCAAAABABAAAABDABCAAACABBCCADAAAAAAAABDBDADBADAAABBABAAAAACBBADAAACCAAABAAABAAABAABABAABABABAAAACCAAAABBAABBBBCACDCAACDBDCCCAAAAABADDBCADAAAAABAABAAAAAAABBABDAACCBBBA	['C10B', 'A11B', 'B21C', 'C50A', 'A72D', 'C113A', 'D119C', 'C122B', 'D125A', 'C140D', 'D148B', 'C234D', 'D253A', 'B256A']	14	-11.117473832564428	-8.62590036864276	-16.71011161871138	-5.592637786146952
ABAAABCBABABAACBDBABBDBDBBBAAACAABAAABDAABAABAAABCBAAAAACACBAABAADACCBAAAACACABBABABAAABABBAABDAABCABAABABAAAABDCBCAAACABCCCDDAAAAAAAABCBDADBADAAABBABAAAAACBBADAAACCAAABAAABAAABAABABAABABABAAAACCAAAABBAABBBBCACDCAACDBDCCCAAAAABADDBDACAAAAABAABAAAAAAABBDBDBACCBBBA	['C10B', 'A101B', 'D119C', 'D136C', 'C140D', 'D148B', 'C232D']	7	-8.632364268181846	-8.768090118159307	-14.367191803845344	-5.599101685686037
ABAAACCBACABAACBABABBDBDBBBAAAAAABAAABDAABAABAAABCBAAAAACACBAABAADACCBAAAACACABBABABAAABABBAABDAABCAAAABABAAAABDCBCAAADABCCDBDAAAAAAAABDBDACBADAAABDABAAAAACBBADAAACCAAABAAABAAABAABABAABABABAAAACCAAAABBAABBBBCACDCAACDBDCCCAAAAABADDBAACAAAAABAABAAAAAAABBDBDBACCBBBA	['B6C', 'D17A', 'C31A', 'C124D', 'D125B', 'C232A']	6	-8.868632320081815	-8.632855672825826	-14.468225410411833	-5.599593090330018
ABAAABCBACABAACBDBABBDBDBBBAAACAABAAABDAABAABAAABCBAAAAACACBAABAADACCBADAACACABBABABAAABABBAABDAABCABAABABAAAABDCBCAAACABCCCABAAAAAAAABDBDADBADAAABBABAAAAACBBADAAACCAAABAAABAAABAABABAABABABAAABCCAAAABAAABBBBCACDCAACDBDCCCAAAAABADDBCACAAAAABAABAAAAAAABBDBDBACCBBBA	['A72D', 'A101B', 'D119C', 'D125A', 'D126B', 'C140D', 'D148B', 'A193B', 'B201A']	9	-9.666174565674737	-8.648987048742129	-15.281899031921057	-5.61572446624632
ABAAABCBACBBAACBDBABBDBDBBBAAACAABAAABDAABAABAAABCBAAAAACACBAABAADACCBAAAACACABBABABAAABABBAABDAABCAAAABABAAAABDDBCAAACABBCCADAAAAAAAABDBDACAADAAABDABAAAAACBBADAAACCAAABAAABAAABAABABAABABABAAAACCAAAABBAABBBBCACDCAACDBDCCCAAAAABADDBCADAAAAABAABAAAAAAABBDBDBACCBBBA	['A11B', 'C113D', 'D119C', 'C122B', 'D125A', 'B141A', 'C234D']	7	-8.649826601613313	-10.853489296947373	-16.470053316064877	-5.616564019117504
ABAAABCBACBBAACBDBABBDBDBBBAAACAABAAABDAABAABAAABCBAAAAACACBAABAADACCBAAAACACABBABABAAABABBAABDAABCAAAABABAAAABDDBCAAACABBCCADAAAAAAAABDBDACAADAAABDABAAAAACBBADAAACCAAABAAABAAABAABABAABABABAAAACCAAAABBAABBBBCACDCAACDBDCCCAAAAABADDBCADAAAAABAABAAAAAAABBDBDBACCBBBA	['A11B', 'C113D', 'D119C', 'C122B', 'D125A', 'B141A', 'C234D']	7	-8.649826601613313	-10.853489296947373	-16.470053316064877	-5.616564019117504
ABAAABCBACBBAACBDBABBDBDABBBAACAABAABBAAABAABAAABBBAAAAACACBAABAADACCBAAACCACABBABABAAABABBAABDAABCAAAABABAAAABDCBCAAADABCCADDAAAAAAAABDBCACBADAAABDABBAAACCABAAAAACCAAABAAABAAABAABABAABABABAAAACCAAAABBABBBBBBACDCAACDBDCCCAAAAABADDBDADAAAAABAABAAAAAAABBAADBACCBBBA	['A11B', 'B25A', 'A28B', 'A37B', 'D39A', 'C50B', 'A74C', 'C124A', 'D138C', 'A151B', 'A155C', 'B157A', 'D160A', 'A203B', 'C208B', 'C232D', 'C234D', 'D253A', 'B254A']	19	-8.663364009466022	-11.266797543008579	-16.896898969978793	-5.630101426970214
ABAAABCBACABABCBDBABBDBDBBBAAACAABAAABDAABAABAAABCBAAAAACACBAABAADACCBADAACACABBABABAAABABBAABDAABCAAAABABAAAABDCBCAAADABCCDADAAAAAAAABDBDACBADAAABCABAAAAACBBADAAACCAAABAAABAAABAABABAABABABAAAACCAAAABAAABBBBCACDCAACDBDCCCAAAAABADDBAACAAAAABAABAAAAAAABBDBDAACCBBBA	['A14B', 'A72D', 'C124D', 'D125A', 'D148C', 'B201A', 'C232A', 'B256A']	8	-8.666190655669197	-9.974767347302986	-15.607695420476375	-5.632928073173389
ABAAABCBACABAACBDBABBDBDBBBAAAAAABAAABDAABAABAAABCBAAAAACACBAABAADACCBADAACACABBABABAAABABBAABDAABCABAABABAAAABCCBCAAADABACADDAAAAAAAACDBDADBADAAABBABAAAAACBBADAAACCAAABAAABAAABAABABAABABABAAAACCAAAABAAABBBBCACDCAACDBBCCCAAABABADDBCACAAAAABAABAAAAAAACBDBDBACCBBBA	['C31A', 'A72D', 'A101B', 'D112C', 'C122A', 'C124A', 'B135C', 'C140D', 'D148B', 'B201A', 'D218B', 'A225B', 'B251C']	13	-10.090640582842752	-8.674459258298157	-15.7318372586451	-5.641196675802348
ABAAABCBACABAACBDBABBDBDBBBAAAAAABAAABDAABAABAAABCBAAAAACAABAABAADACCBAAACCACABBABABAAABABBAABDAABCABAABABAAAABCBBCAAADABCCAADAAAAAAAABDBDADBADAAABBABAAAAACBBADAAACCAAABAAABAAABAABABAABABABAAAACCAAAABBABBBBBCACDCAACDBDCCCAAAAABADDBCAAAAAAABAABAAAAAAABBABDAACCBBBA	['C31A', 'C59A', 'A74C', 'A101B', 'D112C', 'C113B', 'C124A', 'D125A', 'C140D', 'D148B', 'A203B', 'C234A', 'D253A', 'B256A']	14	-8.6896900923457	-9.025801656738622	-14.682229166588513	-5.656427509849891
ABAAABCBACBBABCBDBABBDBDBBBAAACBABAAABDAABAABAAABCBAAAAACACBAABAADACCBAAAACACABBABABAAABABBAABDAABCAAAABABAAAABDCBCAAADABCCCDDAAAAAAAABDBDACBADAAABDABAAAAACBBADAAACCAAABAAABAAABAABABAABABABAAAACCAAAABAAABBBBAACDBAACDBDCCCAAAAABADDBAABAAAAABAABAAAAAAABBDBDBACCBBBA	['A11B', 'A14B', 'A32B', 'B201A', 'C208A', 'C212B', 'C232A', 'C234B']	8	-8.796549551887438	-8.702594899077667	-14.465881868469296	-5.669332316581858
ABAAABCBACBBABCBDBABBDBDBBBAAACBABAAABDAABAABAAABCBAAAAACACBAABAADACCBAAAACACABBABABAAABABBAABDAABCAAAABABAAAABDCBCAAADABCCCDDAAAAAAAABDBDACBADAAABDABAAAAACBBADAAACCAAABAAABAAABAABABAABABABAAAACCAAAABAAABBBBAACDBAACDBDCCCAAAAABADDBAABAAAAABAABAAAAAAABBDBDBACCBBBA	['A11B', 'A14B', 'A32B', 'B201A', 'C208A', 'C212B', 'C232A', 'C234B']	8	-8.796549551887438	-8.702594899077667	-14.465881868469296	-5.669332316581858
ABAAABCBACABAACBDBABBDBDBBBAAACAABAAABDAABAABAAABCBAAAAACACBAABAADACCBADAACACABBABABAAABABBAABDAABCAAAABABAAAABBCBCAAADABCCCBDAAAAAAAABDBCACBADAAABDABAAAACCBBADAAACCABABAAABAAABAABABAABABABAAAACBAAAABBAABBBBCACDCAACDBDCCCAAAAABADDBCACAAAAABAABAAAAAAABBDBDBACCBBBA	['A72D', 'D112B', 'D125B', 'D138C', 'A155C', 'A167B', 'C195B']	7	-8.716466330224648	-9.924325877305819	-15.607529625034658	-5.6832037477288395
ABAAABCBACBBAACBCBABBDBDBBBAAACAABAAABDAABAABAAABCBAAAAACACBAABAADACCBADAACACABBABABAAABABBAABDAABCAAAABABAAAABDCBCAAADABCCCDDAAAAAAAABDBDACBADAAABDABBAAACCBBADAAACCAAABAAABAAABAABABAABABABAAAACCAABABAAABBBBCACCCAACDBDCCCAAAAABADDBCACAAAAABAABAAAAAAABBDBDBACCBBBA	['A11B', 'D17C', 'A72D', 'A151B', 'A155C', 'A198B', 'B201A', 'D211C']	8	-8.719983610091731	-10.271081220329506	-15.957802247925429	-5.686721027595922
ABAAABCBACABABCBDBABBDBDBBBAAACAABAAABDAABAABAAABCBAAAAACACBAABAADACCBAAAACACAABABABAAABABBAABDAABCAAAABABAAAABACBCAAADABCCCBDAAAAAAAABDBDADBADAAABBABAAAAAABBADAADCCAAABAAABAAABAABABAABABABAAAACCAAAABBAABBBBBACDCAACDBDCCCAAAAABADDBCACAAAAABAABAAAAAAABBDBDAACCBBBA	['A14B', 'B79A', 'D112A', 'D125B', 'C140D', 'D148B', 'C156A', 'A163D', 'C208B', 'B256A']	10	-9.886163909221068	-8.724757576797856	-15.577658903523115	-5.691494994302047
ABAAABCBACABAACBDBABBDBDBBBAAACAABAAABDAABAABAAABCBAAAAACACBAABAADACCBAAAACACABBABABAAABABBAABDAABCABAABAAAAAABDDBCAAADABCCBADAAAAAAAABDBDADBADAAABBABAAAAACBBADAAACCABABAAABAAABAABABAABABABAAAACCAAAABBAABBBBCACDCAACDBDCCCAAAAABADDBCADAAAAABAABAAAAAAABBDBDBACCBBBA	['A101B', 'B106A', 'C113D', 'C124B', 'D125A', 'C140D', 'D148B', 'A167B', 'C234D']	9	-8.7355758787362	-9.131213490356458	-14.833526786596849	-5.702313296240391
ABAAABCBACABABCBDBAABDBDBBBAAACBABAAABDAABAADAAABCBAAAAACACBAABAADACCBAAAACACABBABABAAABABBAABAAABCABABBABAAAABDCBCAAADABCCADDAAAAAAAABDBAACBADAAAACABAAAAACBBADAACCCAAABAAABAAABAABABAABABABAAAACCAAAABAAABBBBCACDCAABDBDCCCCAAAABADDBCACAAAAABAABAAAAAAABBDBDBACCBBBA	['A14B', 'B20A', 'A32B', 'B45D', 'D95A', 'A101B', 'A103B', 'C124A', 'D138A', 'B147A', 'D148C', 'A163C', 'B201A', 'C215B', 'A222C']	15	-9.136429731035605	-8.748206638236297	-14.851373786776094	-5.714944055740489
ABAAABCBACABABCBDBAABDBDBBBAAACBABAAABDAABAADAAABCBAAAAACACBAABAADACCBAAAACACABBABABAAABABBAABAAABCABABBABAAAABDCBCAAADABCCADDAAAAAAAABDBAACBADAAAACABAAAAACBBADAACCCAAABAAABAAABAABABAABABABAAAACCAAAABAAABBBBCACDCAABDBDCCCCAAAABADDBCACAAAAABAABAAAAAAABBDBDBACCBBBA	['A14B', 'B20A', 'A32B', 'B45D', 'D95A', 'A101B', 'A103B', 'C124A', 'D138A', 'B147A', 'D148C', 'A163C', 'B201A', 'C215B', 'A222C']	15	-9.136429731035605	-8.748206638236297	-14.851373786776094	-5.714944055740489
ABAAABCBACABAACBDBABBDBDBBBAAACAABAAABDAABAABAAABCBAAAAACACBAABAADACCBADAACACABBABABAAABABBAABDAABCAAAABABAAAABDCBCAAADABCCCDDAAAAAAAABDBDADBADAAABCABAAAAAABBADAAACCABABAAABAAABAABABAABABABAAAACCAAAABBAABBBBCACDCAACDBDCCCAAAAABADDBCACAAAAABAABAAAAAAABBDBDBACCBBBA	['A72D', 'C140D', 'D148C', 'C156A', 'A167B']	5	-9.492267636349425	-8.752395375602646	-15.211400429456262	-5.719132793106837
ABAAABCBADABABCBDBABBDBDBBBAAACAABAAABDAABAABAAABCBAAAAACACBAABAADACCBAAAACACAABABABAAABABBAABDAABCAAAABABAAAABDCBCAAADABCCCBDAAAAAAAABDBDAABADAAABCABAAAAAABBADAADCCAAABAAABAAABAABABAABABABAAAACCAAAABBAABBBBBACDCAACDBDCCCAAAAABADDBDACAAAAABAABAAAAAAABBDBDAACCBBBA	['C10D', 'A14B', 'B79A', 'D125B', 'C140A', 'D148C', 'C156A', 'A163D', 'C208B', 'C232D', 'B256A']	11	-8.760755648138002	-10.091935222008033	-15.819428287650226	-5.727493065642193
ABAAABCBACABAACBABABBDBDBBBAAACAABAAABDAABAABAAABCBAAAAACACBAABAADACCBAAAACACABBABABAAABABBAABDAABCABAABABAAAADCCBCAAABABCBDDDAAAAAAAABDBDACBADAAABDABBAAACAABADAAACCAAABAAABAAACAABABAABABABAAAACCAAAABBAABBBBCACDCAACDBDCCCAAAAABADDBCACAAAAABAABAAAAAAABBDBDAACCBBBA	['D17A', 'A101B', 'B111D', 'D112C', 'D119B', 'C123B', 'C124D', 'A151B', 'A155C', 'C156A', 'B157A', 'B177C', 'B256A']	13	-8.792694716481492	-13.655961601732997	-19.41539373571868	-5.759432133985683
ABAAABCBACABAACBDBAABDBDBBBAAACAABAAABAAABAABAAABCBAAAAACACBAABAADACCBAAAACACABBABABAAABABBAABDAABCABAABABAAAABDCBCAAACABCCCDDAAAAAAAABDBDADBADAAABBABAAAAACBBADAAACCAAABAAABAAABAABABAABABABAAAACCAAAABAABBBBBCACDCAACDBDCCCAAAAABADDBCACAAAAABAABAAAAAAABBDBDBACCBBBA	['B20A', 'D39A', 'A101B', 'D119C', 'C140D', 'D148B', 'B201A', 'A203B']	8	-8.793992439517751	-8.874523064558161	-14.635252921580104	-5.760729857021943
ABAAACCBABABAACBDBAABDBDBBBAAAAAABAAABDAABAABAAABABAAAAACACBAABAADACCBAAAACACABBABABAAABABBAABDAABCABAABABAAAABDDBCAAACABCCDADAAAAAAAABDBDACBADAAABDABAAAACAABADAAACCAAABAAABAAABAABABAABABABAAAACCAAAABAAABBBBCACDCAACDBDCCCAAAAABADDBCACAAAAABAABAAAAAAABBDBDBACCBBBA	['B6C', 'C10B', 'B20A', 'C31A', 'C50A', 'A101B', 'C113D', 'D119C', 'C124D', 'D125A', 'A155C', 'C156A', 'B157A', 'B201A']	14	-9.439485807204619	-8.798428608541144	-15.204651833249955	-5.7651660260453355
ABAAABCBACABAACBDBABBDBDBBBAAACAABAAABDAABAABAAABCBAAAAACACBAAAAADACCBAABCCACABBABABAAABABBAABDBABCABAABABAAAABBCBCAAADABCCCDDAAAAAAAABDBDADBADAAABBABAAAAACBBADAAACCAAABAAABAAABAABABAABABABAAAACCAAAABBAABBBBAACDCAACDBDCCCAAAAABADDBAACAAAAABAABAAAAAAABBDBDBACCBBBA	['B63A', 'A73B', 'A74C', 'A96B', 'A101B', 'D112B', 'C140D', 'D148B', 'C208A', 'C232A']	10	-8.806290394160897	-8.903862827894045	-14.676890639559133	-5.773027811665088
ABAAABCBACABAACBDBABBDBDBBBAAACAABAAABDAABAABAAABCBAAAAACACBAAAAADACCBAABCCACABBABABAAABABBAABDBABCABAABABAAAABBCBCAAADABCCCDDAAAAAAAABDBDADBADAAABBABAAAAACBBADAAACCAAABAAABAAABAABABAABABABAAAACCAAAABBAABBBBAACDCAACDBDCCCAAAAABADDBAACAAAAABAABAAAAAAABBDBDBACCBBBA	['B63A', 'A73B', 'A74C', 'A96B', 'A101B', 'D112B', 'C140D', 'D148B', 'C208A', 'C232A']	10	-8.806290394160897	-8.903862827894045	-14.676890639559133	-5.773027811665088
ABAAABCBACABAACBABABBDBDBBBAAACAABAAABDAABAABAAABCBAAAAACACBAABAADACCBADAACACABBABABAAABABBAABDAABCABAABABAAAADDCBCAAADABCCDBDAAAAAAAABDBDADBADAAABBABAAAAACBBADAACCCABABAAABAAABAABABAABABABAAAACCAAAABBAABBBBCACDCAACDBCCCCAAAAABADDBCACAAAAABAABAAAAAAABBDBDAACCBBBA	['D17A', 'A72D', 'A101B', 'B111D', 'C124D', 'D125B', 'C140D', 'D148B', 'A163C', 'A167B', 'D218C', 'B256A']	12	-8.816403762204573	-9.548165863816394	-15.331307043525157	-5.783141179708764
ABAAABCBACABAACBABABBDBDBBBAAACAABAAABDAABAABAAABCBAAAAACACBAABAADACCBAAAACACABBABABAABBABBAABDAABCAAAABABAAAABACBCAAADABCCDADAAAAAAAABDBDADBADAAABBABAAACACBBADAAACCAAABAAABAAABAABABAABABABAAAACCAAAABBAABBBBCACDCAACDBDCCCAAAAABADDBCACAAAAABAABAAAAAAABBDBDBACCBBBA	['D17A', 'A87B', 'D112A', 'C124D', 'D125A', 'C140D', 'D148B', 'A154C']	8	-8.81725637218915	-8.978216266696109	-14.76221005638945	-5.783993789693341
ABAAABCBACABAACBABABBDBABBBAAACAABAAABAAABAABAAABCBAAAAACACBAABAADACCBAAAACACABBABABAAABABBAABDAABCABAABABAAAABDCBCAAADABCCDDDAAAAAAAABDBDADBADAAABBABAAAAACBBADAAACCABABAAABAAABAABABAABABABAAAACCAAAABAAABBBBCACDBAACDBDCCCAAAAABADDBCACAAAAABAABAAAAAAABBDBDBACCBBBA	['D17A', 'D24A', 'D39A', 'A101B', 'C124D', 'C140D', 'D148B', 'A167B', 'B201A', 'C212B']	10	-8.900931844254956	-8.818845557485474	-14.686514819244621	-5.785582974989666
ABAAABCBACABAACBABABBDBABBBAAACAABAAABAAABAABAAABCBAAAAACACBAABAADACCBAAAACACABBABABAAABABBAABDAABCABAABABAAAABDCBCAAADABCCDDDAAAAAAAABDBDADBADAAABBABAAAAACBBADAAACCABABAAABAAABAABABAABABABAAAACCAAAABAAABBBBCACDBAACDBDCCCAAAAABADDBCACAAAAABAABAAAAAAABBDBDBACCBBBA	['D17A', 'D24A', 'D39A', 'A101B', 'C124D', 'C140D', 'D148B', 'A167B', 'B201A', 'C212B']	10	-8.900931844254956	-8.818845557485474	-14.686514819244621	-5.785582974989666
ABAAABCBACABAACBABABBDBABBBAAACAABAAABAAABAABAAABCBAAAAACACBAABAADACCBAAAACACABBABABAAABABBAABDAABCABAABABAAAABDCBCAAADABCCDDDAAAAAAAABDBDADBADAAABBABAAAAACBBADAAACCABABAAABAAABAABABAABABABAAAACCAAAABAAABBBBCACDBAACDBDCCCAAAAABADDBCACAAAAABAABAAAAAAABBDBDBACCBBBA	['D17A', 'D24A', 'D39A', 'A101B', 'C124D', 'C140D', 'D148B', 'A167B', 'B201A', 'C212B']	10	-8.900931844254956	-8.818845557485474	-14.686514819244621	-5.785582974989666
ABAAABCBACABAACBDBABBDBDBBBAAACAABAAABDAABAABAAABCBAAAAACACBAABAADACCBADAACACABBABABAAABABBAABDAABCAAAABABAAAABDCBCAAADABCCCDDAAAAAAAABDBDACBADAAABDABAAACCCBBADAAACAAAABAAABAAABAABABAABABABAAAACCAAAABAAABBBBCACDBAACDBDCCCAAAAABADDBCADAAAAABAABAAAAAAABBDBDBACCBBBA	['A72D', 'A154C', 'A155C', 'C165A', 'B201A', 'C212B', 'C234D']	7	-8.856286438880488	-9.93034499368514	-15.753368850069819	-5.82302385638468
ABAAABCBACBBABCBCBABBDBDBBBAAACAABAAABAAABAABAAABCBAAAAACACDAABAADADCBAAAACACABBABABAAABABBCABDAABCAAAABABAAAABBCBCAAADABCCADDAAAAAAAABDBDACBADAAABDABAAAAACBBADAAACCAAABAAABAAABAABABAABABABAAAACCAAAABBAABBABCACDBAACDBDCCCAAAAABADDBCACAAAAABAABAAAAAAABBDBDBACCBBBA	['A11B', 'A14B', 'D17C', 'D39A', 'B60D', 'C68D', 'A92C', 'D112B', 'C124A', 'B206A', 'C212B']	11	-8.862492773449048	-10.253413188307604	-16.082643379260844	-5.82923019095324
ABAAABCBACBBAACBDBABCDBDABBAAACAABAAABDAABAABAAABCBAAAAACACBAABAADACCBAAAACACABBABABAAABABBAABDAABCAAAABABAAAABDCBCAAAAABBCCADAAAAAAAABDBDACBADAAABCABAAAACCBBADAAACCAAABAAABAAABAABABAABABABAAAACCAAAABAABBBBBCACDCAACDBCCCCAAAAABADDBCADAAAAABAABAAAAAAABBABDBACCBBBA	['A11B', 'B21C', 'B25A', 'D119A', 'C122B', 'D125A', 'D148C', 'A155C', 'B201A', 'A203B', 'D218C', 'C234D', 'D253A']	13	-9.003859453136101	-8.88069602145697	-14.851292892097263	-5.847433438961161
ABAAABCBACABAACBDBABBDBDBBBAAACAABAAABDAABAABAAABCBAAAAACACBAABAADACCBADAACACAABABABAAAAABBAABDAABCAAAABABAAAAADDBCAAADABCCAADAAAAAAAABDBAACBADAAAACABAAAAACBBADAACCCAAABAAABAAABAABABAABABABAAAACCAAAABBABBBBBAACDCAACDBDCCCAAAAABADDBCADAAAAABAABAAAAAAABBDBDBACCBBBA	['A72D', 'B79A', 'B88A', 'B111A', 'C113D', 'C124A', 'D125A', 'D138A', 'B147A', 'D148C', 'A163C', 'A203B', 'C208A', 'C234D']	14	-8.896565704606473	-10.951001747947885	-16.81430487005855	-5.863303122110665
ABAAACCBABABAACBDBABBDBDBBBAAACAABAAABDAABAABAAABABAAAAACACBAABAADACCBADAACACABBABABAAABABBAABDAABCAAAABABAAAABDCBCAAACABBCDDDAAAAAAAABDBDACBADAAABDABBAAACCBBADAADCCAAABAAABAAABAABABAABABABAAAACCAAAABBAABBBBCACDCAACDBDCCCAAAAABADDBCACAAAAABAABAAAAAAABBDBDBACCBBBA	['B6C', 'C10B', 'C50A', 'A72D', 'D119C', 'C122B', 'C124D', 'A151B', 'A155C', 'A163D']	10	-8.89664701698348	-10.28283798226039	-16.14622241674806	-5.863384434487671
ABAAABCBACABAACBDBABBDBBBBBAAACAABAAABDAABAABAAABCBAAAAACACBAABAADACCBAAAACACABBABABAAABABBAABDAABCAAAABABAAAABDCBCAAACABBCAADAAAAAAAABDBDACBADAAABDABBAAACCBBADAAACCAAABAAABAAABAABABAABABABAAAACCAAAABAAABABBCACDCAACDBDCCCAAAAABADDBCACAAAAABAABAAAAAAABBDBCBACCBBBA	['D24B', 'D119C', 'C122B', 'C124A', 'D125A', 'A151B', 'A155C', 'B201A', 'B205A', 'D255C']	10	-8.924734315602109	-10.65752146250452	-16.54899319561082	-5.8914717331063
ABAAABCBACABAACBDBABBDBDBBBAAACAABAAABDAABAABAAABCBAAAAACACBAABAADACCBAAAACACABBABABAAABABBAABDAABCAAAABABAAAABDCBCAAADABCCCBDAAAAAAAABDBDADBADAAABCABAAAAAABBADAAACCAAABAAABAAABAABABAABABABAAAACCAAAABBAABBBBBACDCAACDBDCCCAAAAABADDBCACAAAAABAABAAAAAAABBDBDAACCBBBA	['D125B', 'C140D', 'D148C', 'C156A', 'C208B', 'B256A']	6	-10.0812540310435	-8.94025041066925	-15.988241859216942	-5.906987828173442
ABAAABCBABABAACBDBABBDBDBBBAAACAABAAABDAABAABAAABCBAAAAACACBAABAADACCBADAACACABBABABAAABABBAABDAABCABAABABAAAABDCBCAAADABCCCDDAAAAAAAABDBDACBADAAABCABAAAAAABBADAAACCAAABAAABAAABAABABAABABABAAAACCAAAABBAABBBBCACDCAACDBDCCCAAAAABADDBCADAAAAABAABAAAAAAABBDBDBACCBBBA	['C10B', 'A72D', 'A101B', 'D148C', 'C156A', 'C234D']	6	-9.0191184298601	-10.075655133434338	-16.06151098079863	-5.9858558473642915
ABAAABCBABABAACBDBAABDBDBBBAAACAABAAABDAABAABAAABABAAAAACACBAABAADACCBADAACACABBABABAAABABBAABDAABCABAABABAAAABDCBCAAAAABBCCADAAAAAAAABDBDADBADAAABBABAAAAACBBADAAACCAAABAAABAAABAABBBAABABABAAAACCAAAABBAABBBBCACCCAACDBDCCDCAAAABADDBCACAAAAABAABAAAAAAABBDBDBACCBBBA	['C10B', 'B20A', 'C50A', 'A72D', 'A101B', 'D119A', 'C122B', 'D125A', 'C140D', 'D148B', 'A181B', 'D211C', 'C221D', 'A222C']	14	-9.463947035605088	-9.0233431760862	-15.45402762919548	-5.990080593590392
ABAAACCBACBBAACBABABBDBDBBBAAAAAABAAABDAABAABAAABCBAAAAACACBAAAAADACCBAAACCACABBABABAAABABBAABDBABCABAABABAAAABCCBCAAADABCCDADAAAAAAABBABDACBADAAABDABAAAAACABACAAACCAAABAAABAAABAABABAABABABAAAACCAAAABAAABBABCACCCAACDBDCCCAAAAABADDBCADAAAAABAABAAAAAAABBDBDBACCBBBA	['B6C', 'A11B', 'D17A', 'C31A', 'B63A', 'A74C', 'A96B', 'A101B', 'D112C', 'C124D', 'D125A', 'A134B', 'D136A', 'B157A', 'D160C', 'B201A', 'B206A', 'D211C', 'C234D']	19	-9.411570952972397	-9.026475469552679	-15.404783840029268	-5.99321288705687
ABAAACCBACBBAACBABABBDBDBBBAAAAAABAAABDAABAABAAABCBAAAAACACBAAAAADACCBAAACCACABBABABAAABABBAABDBABCABAABABAAAABCCBCAAADABCCDADAAAAAAABBABDACBADAAABDABAAAAACABACAAACCAAABAAABAAABAABABAABABABAAAACCAAAABAAABBABCACCCAACDBDCCCAAAAABADDBCADAAAAABAABAAAAAAABBDBDBACCBBBA	['B6C', 'A11B', 'D17A', 'C31A', 'B63A', 'A74C', 'A96B', 'A101B', 'D112C', 'C124D', 'D125A', 'A134B', 'D136A', 'B157A', 'D160C', 'B201A', 'B206A', 'D211C', 'C234D']	19	-9.411570952972397	-9.026475469552679	-15.404783840029268	-5.99321288705687
ABAAABCBACABAACBABABBDBDBBBBAACAABAAABDAABAABAAABCBAAAAACACBAABAADACCBADAACACABBABABAAABABBAABDAABCAAAABABAAAABDCBCAAADABCCBDDAAAAAAAABDBDADBADAAABBABAAAAACBBADAAACCAAABAAABAAABAABABAABABABAAAACCAAAABBAABBBBBACDCAACDBDCCCAAAAABADDBCACAAAAABAABAAAAAAABBDBDBACCBBBA	['D17A', 'A28B', 'A72D', 'C124B', 'C140D', 'D148B', 'C208B']	7	-9.043027074983911	-9.179617899440927	-15.18938239192903	-6.009764492488102
ABAAABCBACABAACBDBAABDDDBBBAAACAABAAABDAABAABAAABCBAAAAACACBAABAADACCBADAACACABBABABAAABABBCABDAABCAAAABABAAAABDCBCAAADABCCADDAAAAAAAABDBDACBADAAABDABAAAAACBBADAAACCAAABAAABAAABAABABAABABABAAAACCAAAABBAAABABCACDCAACDBDCCCAAAAABADDBCACAAAAABAABAAAAAAABBDBDBACCBBBA	['B20A', 'B23D', 'A72D', 'A92C', 'C124A', 'B204A', 'B206A']	7	-9.770399090601131	-9.07539221031766	-15.812528718422982	-6.042129627821851
ABAAABCBABABAACBDBAABDBDBBBAAACBABAAABDAABAABAAABABAAAAACACBAABAADACCBADAACACABBABABAAABABBAABDAABCABAABABAAAABDCBCAAAAABBCCADAAAAAAAABDBDADBADAAABBABAAAAACBBADAAACCAAABAAABAAABAABBBAABABABAAAACCAAAABBAABBBBCACCCAACDBDCCDCAAAABADDBCACAAAAABAABAAAAAAABBDBDBACCBBBA	['C10B', 'B20A', 'A32B', 'C50A', 'A72D', 'A101B', 'D119A', 'C122B', 'D125A', 'C140D', 'D148B', 'A181B', 'D211C', 'C221D', 'A222C']	15	-10.343575783306733	-9.08801696493174	-16.398330165742664	-6.054754382435931
ABAAABCBABABAACBDBAABDBDBBBAAACBABAAABDAABAABAAABABAAAAACACBAABAADACCBADAACACABBABABAAABABBAABDAABCABAABABAAAABDCBCAAAAABBCCADAAAAAAAABDBDADBADAAABBABAAAAACBBADAAACCAAABAAABAAABAABBBAABABABAAAACCAAAABBAABBBBCACCCAACDBDCCDCAAAABADDBCACAAAAABAABAAAAAAABBDBDBACCBBBA	['C10B', 'B20A', 'A32B', 'C50A', 'A72D', 'A101B', 'D119A', 'C122B', 'D125A', 'C140D', 'D148B', 'A181B', 'D211C', 'C221D', 'A222C']	15	-10.343575783306733	-9.08801696493174	-16.398330165742664	-6.054754382435931
ABAAABCBACABABCBABABBDBDBBBAAACAAAAAABDAABAABAAABDBAAAAACACBAABAADACCBADAACACABBABABAAABABBAABDAABCAAAABABAAAABDCBCAAADABCCADDAAAAAAAABDBDACBADAAABCABAAAAACBBADAAACCAAABAAABAAABAABABAABABABAAAACCAAAABAAABBBBCACDCAACDBDCCCAAAAABADDBCACAAAAABAABAAAAAAABBDBDBACCBBBA	['A14B', 'D17A', 'B34A', 'C50D', 'A72D', 'C124A', 'D148C', 'B201A']	8	-9.144942229846492	-9.637419927370502	-15.749099574721185	-6.111679647350684
ABAAABABACABAACBABABBDBDBBBAAAAAABAAABDAABAABAAABCBAAAAACACBAABAADACCBADAACACABBABABAAABABBAABDAABCAAAABABAAAABDCBCAAACABBCAAAAAAAAAAABDBDADBADAAABBABAAAAACBBADAAACAAAABAAABAAABAABABAABABABAAAACCAAAABAAABBBBCACDCAACABDCCCAAAAABADDBCACAAAAABAABAAAAAAABBDBDAACCBBBA	['C7A', 'D17A', 'C31A', 'A72D', 'D119C', 'C122B', 'C124A', 'D125A', 'D126A', 'C140D', 'D148B', 'C165A', 'B201A', 'D216A', 'B256A']	15	-9.605125799076632	-9.199371389549924	-15.771234606130747	-6.1661088070541155
ABAAABCBACBBABCBDBABCDDDBBBAAACAABAAABDAABAABAAABCBAAAAACACBAABAADACCBAAAACACABBABABAAAAABBAABDAABCAAAABABAAAABDDBCAAACABCCDADAAAAAAAABDBDACBADAAABDABAAAACCBBADAAACCAAABAAABAAAAAABABAABABABAAAACCAAAABBAABBABCACDCAACDBDCCCAAAAABADDBCACAAAAABAABAAAAAAABBDBDBACCBBBA	['A11B', 'A14B', 'B21C', 'B23D', 'B88A', 'C113D', 'D119C', 'C124D', 'D125A', 'A155C', 'B177A', 'B206A']	12	-9.199542606016621	-10.955068660128745	-17.121348683649558	-6.166280023520812
ABAAADBBACABAACBABABBDBDBBBAAACAABAAABDAABAABAAABCBAAAAACACBAABAADACCBADAACACABBABABAAABABBAABDAABCAAAABABAAAABDCBCAAADABCCCDDAAAAAAAABDBDADBADAAABCABAAAAACBBADAAACCAAABAAABAAABAABABAABABABAAAACCAAAABAAABBBBCACDCAACDBDCCCAAAAABADDBCACAAAAABAABAAAAAAABBDBDAACCBBBA	['B6D', 'C7B', 'D17A', 'A72D', 'C140D', 'D148C', 'B201A', 'B256A']	8	-9.568989794002846	-9.214047643792583	-15.74977485529962	-6.180785061296774
ABAAABCBACABAACBDBABBDBDBBBAAACAABAAABDAABAABAAABCBAAAAACACBAABAADACCBAAAACACABBABABAAABABBCABDAABCABAABABAAAABCCBCAAADABCCCDDAAAAAAAABDBDACBADAAABDABAAAAACBBADAAACCAAABAAABAAABAABABAABABABAAAACCAAAABBAABBBBCACDCAACDBDCDCAAAAABADDBCACAAAAABAABAAAAAAABBABDBACCBBBA	['A92C', 'A101B', 'D112C', 'C220D', 'D253A']	5	-9.662627454148605	-9.259924049925758	-15.889288921578554	-6.226661467429949
ABAAABCBABABAACBDBABBDBDBBBAAACAABAAABDAABAABAAABCBAAAAACACBAABAADACCBADAACACABBABAAAAABABBAABDAABCABAABABAAAABDCBCAAADABCCCDDAAAAAAAABDBDACBADAAABDABBAAAACBBADAAACCAAABAAABAAABAABABAABABABAAAACCAAAABBAABBBBCACDCAACDBBCCCAAAAABADDBCADAAAAABAABAAAAAAABBDBDBACCBBBA	['C10B', 'A72D', 'B84A', 'A101B', 'A151B', 'D218B', 'C234D']	7	-9.280089183477685	-10.493380691594211	-16.740207292576088	-6.246826600981876
ABAAABCBACABAACBABABBDBDBBBAAACAABAAABDAABAABAAABCBAAAAACACBAABAADACCBADAACACABBABABAAABABBAABDAAACAAAABABAAAADDDBCAAADABCCAABAAAAAAAABDBDACBADAAABDABBAAACCBBADAAACCAAABBAABAAABAABABAABABABAAAACCAAAABAAABBBBCACDCAACDBDCBCAAAAABADDBCACAAAAABAABAAAAAAAABDBDBACCBBBA	['D17A', 'A72D', 'B98A', 'B111D', 'C113D', 'C124A', 'D125A', 'D126B', 'A151B', 'A155C', 'A170B', 'B201A', 'C220B', 'B251A']	14	-9.291996343294159	-12.619456486514537	-18.878190247312887	-6.25873376079835
ABAAABCBABABAACBDBABADBDBBBAAACAABAAABDAABAABAAABCBAAAAACACBAABAADACCBAAAACACABBABABAAABABBCABDAABCAAAABABAAAABDCBCAAADABCCCDDAAAAAAAABDBDACBADAAABDABBAAACCBBADAAACCAAABAAABAAABAABABAABABABAAAACCAAAABBAABBBBCACDCAACDBDCCCAAAAABADDBCACAAAAABAABAAAAAAABBDBDBACCBBBA	['C10B', 'B21A', 'A92C', 'A151B', 'A155C']	5	-9.314893088536337	-9.46339763418655	-15.745028140227078	-6.281630506040528
ABAAABCBACABAACBABABBDBDBBBAAACAABAAABDAABAABAAABCBAAAAACACBAABAADACCBADAACACABBABABAAABABBAABDAABCAAAABABAAAABDCBCAAADABCCADDAAAAAAAABDBDADBADAAABBABAAACCCBBADAAACCAAABBAABAAABAABABAABABABAAAACCAAAABAAABBBBCACDCAACDBDCCCAAAAABADDBCACAAAAABAABAAAAAAABBDBDBACCBBBA	['D17A', 'A72D', 'C124A', 'C140D', 'D148B', 'A154C', 'A155C', 'A170B', 'B201A']	9	-9.315175739815459	-9.514057971275179	-15.795971128594829	-6.28191315731965
ABAAABCBACABABCBDBABBDBDBBBAAACAABAAABDAABAABAAABCBAAAAACACBAABAADACCBAAAACACABBABABAAABABBAABDAABCABAABABAAAABDCBCAAACABCCADDAAAAAAAABABBAABCDAAABCABAAAAACBBADAAACCAAABAAABAAABAABABAABABABAAAACCAAAABBABBBBBBACDCAACDBCCCCAAAAAAADDBCADAAAAABAABAAAAAAABBDBDAACCBBBA	['A14B', 'A101B', 'D119C', 'C124A', 'D136A', 'D138B', 'C140A', 'A142C', 'D148C', 'A203B', 'C208B', 'D218C', 'B227A', 'C234D', 'B256A']	15	-9.379113079514354	-11.721966231212718	-18.067816728231264	-6.345850497018546
ABAAABCBACABAACBABABBDBABBBBAACAABAAABDAABAADAAABCBAAAAACACBAABAADACCBADAACACABBABABAAABABBAABDAABCAAAABABAAAABDCBCAAADABCCADDAAAAAAAABDBDADBADAAABBABAAAAACBBADAAACCAAABAAABAAABAABABAABABABAAAACCAAAABBAABBBBCACDCAACDBDCCCAAAAABADDBCACAAAAABAABAAAAAAABBDBDBACCBBBA	['D17A', 'D24A', 'A28B', 'B45D', 'A72D', 'C124A', 'C140D', 'D148B']	8	-9.419338713167235	-9.683887219958706	-16.069963350630132	-6.386076130671427
ABAAABCBACABABCBABABBDBDBBBAAACAABAAABDAABAABAAABCBAAAAACACCAABAADACCBAAAACACABBABABAAABABBAABDAABCABAABABAAAABCCBCAAADABCCADDAAAAAAAACDBCADBADAAABBABAAAAACBBADAAACCAAABAAABAAABAABABAABABABAAAACCAAAABAAABBBBCACDCAACDBDCCCAAAAABADDBCACAAAAABAABAAAAAAABBDBDBACCBBBA	['A14B', 'D17A', 'B60C', 'A101B', 'D112C', 'C124A', 'B135C', 'D138C', 'C140D', 'D148B', 'B201A']	11	-9.624281531432644	-9.420251623232616	-16.01127057216945	-6.3869890407368075
ABAAABCBACABAACBDBAABDBDBBBAAACAABAAABDAABAABAAABCBAAAAACACBAABAADACCBAAAACACABBABABAAABABBAABDAABCAAAABABAAAABCDBCAAADABCCCADAAAAAAAABDBDACBADAAABDABAAAAACBBADAAACCAAABABABAAABAABABAABABABAAAACCAAAACBAABBBBCACDCAACDBDCCCAAAAABADDBCACAAAAABAABAAAAAAABBDBDBACCBBBA	['B20A', 'D112C', 'C113D', 'D125A', 'A171B', 'B200C']	6	-9.822631180519238	-9.504107055923669	-16.293475653947098	-6.47084447342786
ABAAABCBACABAACBDBAABDBDBBBAAACAABAAABDAABAABAAABCBAAAAACACBAABAADACCBAAAACACABBABABAAABABBAABDAABCAAAABABAAAABCDBCAAADABCCCADAAAAAAAABDBDACBADAAABDABAAAAACBBADAAACCAAABABABAAABAABABAABABABAAAACCAAAACBAABBBBCACDCAACDBDCCCAAAAABADDBCACAAAAABAABAAAAAAABBDBDBACCBBBA	['B20A', 'D112C', 'C113D', 'D125A', 'A171B', 'B200C']	6	-9.822631180519238	-9.504107055923669	-16.293475653947098	-6.47084447342786
ABAAACCBACABAACBABABBDBDBBBAAACBABAAABDAABAADAAABCBAAAAACACBAABAADACCBAAAACACABBABABAAABABBAABDAABCAAAABABAAAABDCBCAAADABCCDDDAAAAAAAABDBDACBADAAABDABAAAAACBBADAAACCAAABAAABAAABAABABAABABABAAAACCAAAABBABBBBBCACDCAACDBDCCCAAAAABADDBCACAAAAABAABAAAAAAABBABDBACCBBBA	['B6C', 'D17A', 'A32B', 'B45D', 'C124D', 'A203B', 'D253A']	7	-9.529562833020464	-10.770719364722027	-17.26701961524668	-6.496300250524655
ABAAABDBACABAACBDBAABDBDBBBAAAAAABAAABDAABAABAAABCBAAAAACACDAABAADACCBAAAACACABBABABAAABABBAABDBABCABAABABAAAABBCBCAAADABCCDBDAAAAAAAACDBDADBADAAABBABAAAAACBBADAAACCAAABAAABAAABAABAAAABABABAAAACCAAAABAABBBBBCACDCAACABDCCCAAAAABADDBCACAAAAABAABAAAAAAABBDBDAACCBBBA	['C7D', 'B20A', 'C31A', 'B60D', 'A96B', 'A101B', 'D112B', 'C124D', 'D125B', 'B135C', 'C140D', 'D148B', 'B182A', 'B201A', 'A203B', 'D216A', 'B256A']	17	-11.14749831543304	-9.598369963438017	-17.71260569637525	-6.565107380942209
ABAAABCBACBBAACBDBABBDBDBBBAAACAABAAABDAABAABAAABCBAAAAACACBAABAADACCBAAAACACABBABABAAABABBAABDAABCAAAABABAAAABDDACAAADABCCDBDAAAAAAAABDBDACBADAAAACABAAAAACBAADAAACCAAABAAABAAABAABABAABABABAAAACDAAAABBAABBBBCACDCAACDBDCCCAAAAABADDBCACAAAAABAABAAAAAAABBDBDBACCBBBA	['A11B', 'C113D', 'B114A', 'C124D', 'D125B', 'B147A', 'D148C', 'B158A', 'C195D']	9	-9.601427721558139	-10.441723883355735	-17.009889022418065	-6.56816513906233
ABAAACCBABABBACBDBABBDBDBBBAAAAAABAAABDAABAABAAABCBAAAAACACBAABAADACCBAAAACACABBABABAAABABBAABDAABCABAABABAAAABCCBCAAACABBCDDDAAAAAAAABDBDACBADAAABDABAAAACABBADAAACCAAABAAABAAABAABABAABABABAAAACCAAAABBAABBBBCACDCAACDBDCCCAAAAABADDBCACAAAAABAABAAAAAAABBDBABACCBBBA	['B6C', 'C10B', 'A13B', 'C31A', 'A101B', 'D112C', 'D119C', 'C122B', 'C124D', 'A155C', 'C156A', 'D255A']	12	-9.604113476118073	-10.61354907086934	-17.184399964491604	-6.570850893622264
ABAAABDBACABAACBABABBDBDBBBAAACAABAAABDAABAABAAABCBAAAAACACBAABAADACCBADAACACABBABABAAABABBAABDAABCABAABABAAAABDCBCAAADABCCCBDAAAAAAAABDBDADBADAAABBABAAAAACBBADAAACCAAABAAABAAABAABABAABABABAAAACCAAAABBAABBBBCACDCAACDBDCBCAABAABADDBCADAAAAABAABAAAAAAABBDBDBACCBBBA	['C7D', 'D17A', 'A72D', 'A101B', 'D125B', 'C140D', 'D148B', 'C220B', 'A224B', 'C234D']	10	-10.455927691189572	-9.676382513687713	-17.099047622381477	-6.6431199311919045
ABAAACCBABABAACBDBABBDBDBBBAAACAABAAABDAABAABAAABCBAAAAACACBAABAADACCBAAAACACABBABABAAABABBAABDAABCAAAABABAAAABDCBCAAAAABBCAADAAAAAAAABDBDACBADAAABDABAAAAACBBADAAACCAAABAAABAAABAABABAABABABAAAACCAAAABBAABBBBCACDCAACDBDCBCAAAAAAADDBCADAAAAABAABAAAAAAABBDBDBACCBBBA	['B6C', 'C10B', 'D119A', 'C122B', 'C124A', 'D125A', 'C220B', 'B227A', 'C234D']	9	-9.683311890112236	-11.604402144876076	-18.254451452492503	-6.6500493076164275
ABAAABCBACABAACBDBABBDBDBBBAAACAABAAABDAABAABAAABCBAAAAACACBAABAADACCBADAACACABBABABAAABABBAABAAABCAAAABABAAAACDDBCAAADABCCADDAAAAAAAABDBDACBADAAABDABAAAACCBBADAAACCAAABAAAAAAABAABABAABABABAAAACCAAAABBAABBBBCACDCAACDBDCCCAAAAABADDBCACAAAAABAABAAAAAAABBABDBACCBBBA	['A72D', 'D95A', 'B111C', 'C113D', 'C124A', 'A155C', 'B173A', 'D253A']	8	-9.71374379307963	-11.741169548098696	-18.421650758682517	-6.680481210583821
ABAAABCBACBBAACBCBABBDDDBBBAAACAABAAABDAABAABAAABCBAAAAACACBAABAADACCBAABACACABBABABAAABABBCABDAABCAAAABABAAAABDCBCAAADABCCADDAAAAAAAABDBDACBADAAABDABAABAACBBADAAACCAAABAAABAAABAABABAABABABAAACCCAAAABAAABBBBBACDDAACABDCBCAAAAABADDBCACAAAAABAABAAAAAAABBDBDBACCBBBA	['A11B', 'D17C', 'B23D', 'A73B', 'A92C', 'C124A', 'A153B', 'A193C', 'B201A', 'C208B', 'C212D', 'D216A', 'C220B']	13	-9.775441202451475	-10.738001253848779	-17.480179873804445	-6.742178619955666
ABAAABCBABABAACBDBABBDBDBBBAAACAABAAABDAABAABAAABCBAAAAACACBAABAADACCBADAACACABBABABAAABABBAABDAABCAAAABABAAAABDDBCAAADABCCAADAAAAAAAABDBDADBADAAABBABBAAAACBBADAAACCAAABAAABAAABAABABAABABABAAAACCAAAABBAABBBBCACDCAACCBDCCCAAAAABADDBCACAAAAABAABAAAAAAABBDBDBACCBBBA	['C10B', 'A72D', 'C113D', 'C124A', 'D125A', 'C140D', 'D148B', 'A151B', 'D216C']	9	-10.918131727958098	-9.896402117301477	-17.781271262763767	-6.8631395348056685
ABAAABCBACABAACBABAABDBDBBBBAACAABAAABAAABAADAAABCBAAAAACACBAABAADACCBAAAACACABBABABAAABABBAABDAABCAAAABABAAAABDDBCAAADABCCDADAAAAAAAABDBDADBADAAABBABAAAAACBBADAACCCAAABAAABAAABAABABAABABABAAAACCAAAABAAABBBBCACDCAACDBDCCCAAAAABADDBCACAAAAABAABAAAAAAABBDBDBACABBBA	['D17A', 'B20A', 'A28B', 'D39A', 'B45D', 'C113D', 'C124D', 'D125A', 'C140D', 'D148B', 'A163C', 'B201A', 'C259A']	13	-10.238010107772425	-9.907914568117121	-17.112662093393737	-6.874651985621313
ABAAABCBACBBAACBDBAABDBDBBBAAACAABAAABDAABAACAAABCBAAAAACACBAABAADACCBAAAACACABBABABAAABABBAABDAABCAAAABABAAAABDCBCAAACABBCCDDAAAAAAAABDBDADBADAAABBABAAAAACBBADAAACCAAABAAABAAABAABABAABABABAAAACDAAAABBAABBBBAACDCAACDBDCCCAAAAABADDBCAAAAAAABAABAAAAAAABBDBDAACCBBBA	['A11B', 'B20A', 'B45C', 'D119C', 'C122B', 'C140D', 'D148B', 'C195D', 'C208A', 'C234A', 'B256A']	11	-10.04073008755222	-10.50396235237713	-17.51142985743354	-7.007467505056411
ABAAABCBACABAACBABABBDBDBBBAAACAABAAABDAABAABAAABCBAAAAACACBAABAADACCBAAAACACABBABABAAABABBAABDAABCABAABABAAAABDCBCAAADABCCCDDAAAAAAAABBBDACBADAAABDABBAAACCABAAAAACCAAADAAABAAABAABABAABABABAAAACCAAAABBAABBBBBACDCAACDBDCCCAAAAABADDBDADAAAAABAABAAAAAAABBABDAACCBBBA	['D17A', 'A101B', 'D136B', 'A151B', 'A155C', 'B157A', 'D160A', 'B169D', 'C208B', 'C232D', 'C234D', 'D253A', 'B256A']	13	-10.178807262796909	-11.523804466211004	-18.669349146512104	-7.1455446803011
ABAAABCBACABABCBDBABBDBBABBAAACAABAAABDAABAAAAAABCBAAAAACACBAABAADACCBAAAACACABBABABAAABABBAABDAABCAAAABABAAAABDDBCAAADABCCDADAAAAAAAABDBDAABADAAABCABAAAAACABACAAACCAAABAAABAAABAABABAABABABAAAACCAAAABBAABBBBCACDCAACDBDCBCAAAAAAADDBCAAAAAAABAABAAAAAAABBDBDAACCBBBA	['A14B', 'D24B', 'B25A', 'B45A', 'C113D', 'C124D', 'D125A', 'C140A', 'D148C', 'B157A', 'D160C', 'C220B', 'B227A', 'C234A', 'B256A']	15	-10.289964797673747	-11.24953636477585	-18.506238579953788	-7.256702215177938
ABAAABCBACABABCBDBABBDBBABBAAACAABAAABDAABAAAAAABCBAAAAACACBAABAADACCBAAAACACABBABABAAABABBAABDAABCAAAABABAAAABDDBCAAADABCCDADAAAAAAAABDBDAABADAAABCABAAAAACABACAAACCAAABAAABAAABAABABAABABABAAAACCAAAABBAABBBBCACDCAACDBDCBCAAAAAAADDBCAAAAAAABAABAAAAAAABBDBDAACCBBBA	['A14B', 'D24B', 'B25A', 'B45A', 'C113D', 'C124D', 'D125A', 'C140A', 'D148C', 'B157A', 'D160C', 'C220B', 'B227A', 'C234A', 'B256A']	15	-10.289964797673747	-11.24953636477585	-18.506238579953788	-7.256702215177938
ABAAABCBACABAACBABABBDBDBBBAAACAABAAABDAABAABAAABCBAAAAACACBAABAADACCBADAACACABBABABAAABABBAABDAABCABAABABAAAABDCBCAAADABCCDADAAAAAAAABDBDADBADAAABBABAAAAACBBADAAACCABABAAAAAAABABBABAABABABAAABCBAAAABBAABBBBCACDCAACDBDCBCAAAAAAADDBCACAAAAABAABAAAAAAABBDBCAACCBBBA	['D17A', 'A72D', 'A101B', 'C124D', 'D125A', 'C140D', 'D148B', 'A167B', 'B173A', 'A179B', 'A193B', 'C195B', 'C220B', 'B227A', 'D255C', 'B256A']	16	-11.160154139855877	-10.51313841229421	-18.64002996965428	-7.479875829798402
ABAAACCBABABAACBDBABBDBDBBBAAAAAABAAABBAABAABAAABCBAAAAACACBAABAADACCBADAACACABBABABAAABABBAABDAABCABAABAAAAAABDCBCAAACABCCCDDAAAAAAAABDBDACBADAAABDABBAAACCBBADAAACCAAABAAABAAABAABABAABABABAAAACCAAAABBAABABBBACDCAACDBDCCCAAAAABADDBCACAAAAABAABAAAAAAABBABCAACCBBBA	['B6C', 'C10B', 'C31A', 'D39B', 'A72D', 'A101B', 'B106A', 'D119C', 'A151B', 'A155C', 'B205A', 'C208B', 'D253A', 'D255C', 'B256A']	15	-11.068479232024401	-10.65833965173806	-18.693556301266653	-7.625077069242252
