protein,drug,pair,reduced pair,stanford pairs on this reduced pair,bivariate count,range,mean dE double
IN,bictegravir,E138A-G140A,138-140,2,1,13.817125827074051,-12.681034504292441
IN,bictegravir,E138A-G140S,138-140,1,13,18.27207872271537,-10.325473435723879
IN,bictegravir,E138A-Q148H,138-148,1,15,16.742628002166747,-8.038836070211207
IN,bictegravir,E138A-Q148R,138-148,1,1,14.25270355939865,-9.667198244128071
IN,bictegravir,E138K-G140A,138-140,4,3,14.46393302977085,-12.484259404351965
IN,bictegravir,E138K-G140C,138-140,2,5,12.741494476795197,-11.151601071399256
IN,bictegravir,E138K-G140S,138-140,2,13,18.27643600702286,-10.208837898271005
IN,bictegravir,E138K-Q148H,138-148,2,11,15.800467252731323,-7.474555430060527
IN,bictegravir,E138K-Q148K,138-148,4,4,12.485106712579727,-9.187076944650197
IN,bictegravir,E138K-Q148R,138-148,2,22,13.569714248180386,-7.031815238125989
IN,bictegravir,G140A-Q148K,140-148,4,4,11.878794801235198,-11.139574990116182
IN,bictegravir,G140A-Q148R,140-148,2,10,11.608012986183164,-8.390014454771261
IN,bictegravir,G140C-Q148R,140-148,1,6,11.228775572776794,-9.804043350588591
IN,bictegravir,G140S-Q148H,140-148,1,221,10.264471149444578,-2.778059520193788
IN,bictegravir,G140S-Q148K,140-148,2,2,10.510659766197204,-9.620790390890154
IN,bictegravir,G140S-Q148R,140-148,1,19,11.486692333221432,-6.152529148586461
IN,cabotegravir,T66I-T97A,66-97,1,1,10.087036171555518,-12.226582348981841
IN,cabotegravir,T66A-L74M,66-74,1,1,8.792525756359097,-12.703429730554095
IN,cabotegravir,L74M-T97A,74-97,1,30,11.031851255893704,-7.426348239183426
IN,cabotegravir,L74M-E138A,74-138,1,1,9.335794797539709,-11.14440032277928
IN,cabotegravir,L74M-E138K,74-138,2,3,9.531832575798035,-9.43571626370559
IN,cabotegravir,L74M-G140C,74-140,1,2,9.19249074459076,-10.06563835495808
IN,cabotegravir,L74M-G140S,74-140,1,3,14.31396254301071,-9.074861045169538
IN,cabotegravir,L74M-Q148H,74-148,1,2,15.295958507061005,-8.45300450255392
IN,cabotegravir,L74M-Q148R,74-148,1,3,12.834615826606747,-7.853785769409332
IN,cabotegravir,L74M-N155H,74-155,1,4,12.044582414627074,-8.041168152308854
IN,cabotegravir,T97A-E138A,97-138,1,4,9.401072484254833,-9.721529793812604
IN,cabotegravir,T97A-E138K,97-138,2,4,10.23952161669731,-10.115232287005323
IN,cabotegravir,T97A-G140S,97-140,1,5,13.812786686420441,-8.947592197129595
IN,cabotegravir,T97A-Q148H,97-148,1,5,14.375720286369322,-7.7896630448396085
IN,cabotegravir,T97A-N155H,97-155,1,15,13.585788571834565,-7.234679750316456
IN,cabotegravir,E138A-G140A,138-140,2,1,13.817125827074051,-12.681034504292441
IN,cabotegravir,E138A-G140S,138-140,1,13,18.27207872271537,-10.325473435723879
IN,cabotegravir,E138A-Q148H,138-148,1,15,16.742628002166747,-8.038836070211207
IN,cabotegravir,E138A-Q148R,138-148,1,1,14.25270355939865,-9.667198244128071
IN,cabotegravir,E138K-G140A,138-140,4,3,14.46393302977085,-12.484259404351965
IN,cabotegravir,E138K-G140C,138-140,2,5,12.741494476795197,-11.151601071399256
IN,cabotegravir,E138K-G140S,138-140,2,13,18.27643600702286,-10.208837898271005
IN,cabotegravir,E138K-Q148H,138-148,2,11,15.800467252731323,-7.474555430060527
IN,cabotegravir,E138K-Q148K,138-148,4,4,12.485106712579727,-9.187076944650197
IN,cabotegravir,E138K-Q148R,138-148,2,22,13.569714248180386,-7.031815238125989
IN,cabotegravir,E138K-N155H,138-155,2,3,9.521565723419187,-9.294487881342896
IN,cabotegravir,G140A-Q148K,140-148,4,4,11.878794801235198,-11.139574990116182
IN,cabotegravir,G140A-Q148R,140-148,2,10,11.608012986183164,-8.390014454771261
IN,cabotegravir,G140C-Q148R,140-148,1,6,11.228775572776794,-9.804043350588591
IN,cabotegravir,G140S-Q148H,140-148,1,221,10.264471149444578,-2.778059520193788
IN,cabotegravir,G140S-Q148K,140-148,2,2,10.510659766197204,-9.620790390890154
IN,cabotegravir,G140S-Q148R,140-148,1,19,11.486692333221432,-6.152529148586461
IN,cabotegravir,G140S-N155H,140-155,1,1,12.15462028980255,-8.163409716770298
IN,cabotegravir,Q148H-N155H,148-155,1,1,13.204491591453552,-7.058067904925737
IN,cabotegravir,Q148R-N155H,148-155,1,1,11.230510616302487,-7.608273458773972
IN,dolutegravir,E138A-G140A,138-140,2,1,13.817125827074051,-12.681034504292441
IN,dolutegravir,E138A-G140S,138-140,1,13,18.27207872271537,-10.325473435723879
IN,dolutegravir,E138A-Q148H,138-148,1,15,16.742628002166747,-8.038836070211207
IN,dolutegravir,E138A-Q148R,138-148,1,1,14.25270355939865,-9.667198244128071
IN,dolutegravir,E138K-G140A,138-140,4,3,14.46393302977085,-12.484259404351965
IN,dolutegravir,E138K-G140C,138-140,2,5,12.741494476795197,-11.151601071399256
IN,dolutegravir,E138K-G140S,138-140,2,13,18.27643600702286,-10.208837898271005
IN,dolutegravir,E138K-S147G,138-147,2,13,9.497529315948487,-11.246033130268582
IN,dolutegravir,E138K-Q148H,138-148,2,11,15.800467252731323,-7.474555430060527
IN,dolutegravir,E138K-Q148K,138-148,4,4,12.485106712579727,-9.187076944650197
IN,dolutegravir,E138K-Q148R,138-148,2,22,13.569714248180386,-7.031815238125989
IN,dolutegravir,E138K-N155H,138-155,2,3,9.521565723419187,-9.294487881342896
IN,dolutegravir,G140A-Q148K,140-148,4,4,11.878794801235198,-11.139574990116182
IN,dolutegravir,G140A-Q148R,140-148,2,10,11.608012986183164,-8.390014454771261
IN,dolutegravir,G140C-Q148R,140-148,1,6,11.228775572776794,-9.804043350588591
IN,dolutegravir,G140S-Q148H,140-148,1,221,10.264471149444578,-2.778059520193788
IN,dolutegravir,G140S-Q148K,140-148,2,2,10.510659766197204,-9.620790390890154
IN,dolutegravir,G140S-Q148R,140-148,1,19,11.486692333221432,-6.152529148586461
IN,dolutegravir,G140S-N155H,140-155,1,1,12.15462028980255,-8.163409716770298
IN,dolutegravir,S147G-Q148R,147-148,1,11,11.91740596294403,-9.522669872006432
IN,dolutegravir,S147G-N155H,147-155,1,3,13.556132501363754,-10.973020371635918
IN,dolutegravir,Q148H-N155H,148-155,1,1,13.204491591453552,-7.058067904925737
IN,dolutegravir,Q148R-N155H,148-155,1,1,11.230510616302487,-7.608273458773972
IN,elvitegravir,T66I-T97A,66-97,1,1,10.087036171555518,-12.226582348981841
IN,elvitegravir,E92Q-T97A,92-97,2,5,10.647713649272918,-8.918898000030733
IN,elvitegravir,E92Q-N155H,92-155,2,11,12.855491590499874,-7.372181789112873
IN,elvitegravir,E92V-T97A,92-97,1,1,9.975191187858577,-12.654563702765058
IN,elvitegravir,E92V-N155H,92-155,1,1,11.433056718111038,-11.478158410980564
IN,elvitegravir,T97A-F121Y,97-121,1,2,10.195181810855864,-12.684633457831673
IN,elvitegravir,T97A-E138A,97-138,1,4,9.401072484254833,-9.721529793812604
IN,elvitegravir,T97A-E138K,97-138,2,4,10.23952161669731,-10.115232287005323
IN,elvitegravir,T97A-G140S,97-140,1,5,13.812786686420441,-8.947592197129595
IN,elvitegravir,T97A-S147G,97-147,1,3,11.38324956893921,-12.140417355680494
IN,elvitegravir,T97A-Q148H,97-148,1,5,14.375720286369322,-7.7896630448396085
IN,elvitegravir,T97A-N155H,97-155,1,15,13.585788571834565,-7.234679750316456
IN,elvitegravir,E138A-G140A,138-140,2,1,13.817125827074051,-12.681034504292441
IN,elvitegravir,E138A-G140S,138-140,1,13,18.27207872271537,-10.325473435723879
IN,elvitegravir,E138A-Q148H,138-148,1,15,16.742628002166747,-8.038836070211207
IN,elvitegravir,E138A-Q148R,138-148,1,1,14.25270355939865,-9.667198244128071
IN,elvitegravir,E138K-G140A,138-140,4,3,14.46393302977085,-12.484259404351965
IN,elvitegravir,E138K-G140C,138-140,2,5,12.741494476795197,-11.151601071399256
IN,elvitegravir,E138K-G140S,138-140,2,13,18.27643600702286,-10.208837898271005
IN,elvitegravir,E138K-S147G,138-147,2,13,9.497529315948487,-11.246033130268582
IN,elvitegravir,E138K-Q148H,138-148,2,11,15.800467252731323,-7.474555430060527
IN,elvitegravir,E138K-Q148K,138-148,4,4,12.485106712579727,-9.187076944650197
IN,elvitegravir,E138K-Q148R,138-148,2,22,13.569714248180386,-7.031815238125989
IN,elvitegravir,E138K-N155H,138-155,2,3,9.521565723419187,-9.294487881342896
IN,elvitegravir,G140A-Q148K,140-148,4,4,11.878794801235198,-11.139574990116182
IN,elvitegravir,G140A-Q148R,140-148,2,10,11.608012986183164,-8.390014454771261
IN,elvitegravir,G140C-Q148R,140-148,1,6,11.228775572776794,-9.804043350588591
IN,elvitegravir,G140S-Q148H,140-148,1,221,10.264471149444578,-2.778059520193788
IN,elvitegravir,G140S-Q148K,140-148,2,2,10.510659766197204,-9.620790390890154
IN,elvitegravir,G140S-Q148R,140-148,1,19,11.486692333221432,-6.152529148586461
IN,elvitegravir,G140S-N155H,140-155,1,1,12.15462028980255,-8.163409716770298
IN,elvitegravir,S147G-Q148R,147-148,1,11,11.91740596294403,-9.522669872006432
IN,elvitegravir,S147G-N155H,147-155,1,3,13.556132501363754,-10.973020371635918
IN,elvitegravir,Q148H-N155H,148-155,1,1,13.204491591453552,-7.058067904925737
IN,elvitegravir,Q148R-N155H,148-155,1,1,11.230510616302487,-7.608273458773972
IN,raltegravir,L74M-E92Q,74-92,2,6,9.404620742797851,-8.537722861669103
IN,raltegravir,L74M-E92V,74-92,1,1,8.74071532189846,-12.335497933406321
IN,raltegravir,L74M-T97A,74-97,1,30,11.031851255893704,-7.426348239183426
IN,raltegravir,L74M-E138A,74-138,1,1,9.335794797539709,-11.14440032277928
IN,raltegravir,L74M-E138K,74-138,2,3,9.531832575798035,-9.43571626370559
IN,raltegravir,L74M-G140C,74-140,1,2,9.19249074459076,-10.06563835495808
IN,raltegravir,L74M-G140S,74-140,1,3,14.31396254301071,-9.074861045169538
IN,raltegravir,L74M-Y143A,74-143,5,6,10.489765155315395,-9.833361548234205
IN,raltegravir,L74M-Y143C,74-143,1,6,10.642628324031827,-10.328779935201661
IN,raltegravir,L74M-Y143R,74-143,1,17,11.825386321544645,-8.136928786606084
IN,raltegravir,L74M-Q148H,74-148,1,2,15.295958507061005,-8.45300450255392
IN,raltegravir,L74M-Q148R,74-148,1,3,12.834615826606747,-7.853785769409332
IN,raltegravir,L74M-N155H,74-155,1,4,12.044582414627074,-8.041168152308854
IN,raltegravir,E92Q-T97A,92-97,2,5,10.647713649272918,-8.918898000030733
IN,raltegravir,E92Q-Y143A,92-143,10,1,10.059578561782832,-11.495421259642624
IN,raltegravir,E92Q-N155H,92-155,2,11,12.855491590499874,-7.372181789112873
IN,raltegravir,E92V-T97A,92-97,1,1,9.975191187858577,-12.654563702765058
IN,raltegravir,E92V-N155H,92-155,1,1,11.433056718111038,-11.478158410980564
IN,raltegravir,T97A-F121Y,97-121,1,2,10.195181810855864,-12.684633457831673
IN,raltegravir,T97A-E138A,97-138,1,4,9.401072484254833,-9.721529793812604
IN,raltegravir,T97A-E138K,97-138,2,4,10.23952161669731,-10.115232287005323
IN,raltegravir,T97A-G140S,97-140,1,5,13.812786686420441,-8.947592197129595
IN,raltegravir,T97A-Y143A,97-143,5,12,10.394344711303711,-9.103849676288053
IN,raltegravir,T97A-Y143C,97-143,1,17,10.798508942127224,-8.915582552674364
IN,raltegravir,T97A-Y143R,97-143,1,39,11.77109007835388,-6.838915533609078
IN,raltegravir,T97A-Q148H,97-148,1,5,14.375720286369322,-7.7896630448396085
IN,raltegravir,T97A-N155H,97-155,1,15,13.585788571834565,-7.234679750316456
IN,raltegravir,E138A-G140A,138-140,2,1,13.817125827074051,-12.681034504292441
IN,raltegravir,E138A-G140S,138-140,1,13,18.27207872271537,-10.325473435723879
IN,raltegravir,E138A-Y143A,138-143,5,4,11.929667363315819,-12.40074837660478
IN,raltegravir,E138A-Y143C,138-143,1,1,10.894182908535004,-12.77892244191474
IN,raltegravir,E138A-Q148H,138-148,1,15,16.742628002166747,-8.038836070211207
IN,raltegravir,E138A-Q148R,138-148,1,1,14.25270355939865,-9.667198244128071
IN,raltegravir,E138K-G140A,138-140,4,3,14.46393302977085,-12.484259404351965
IN,raltegravir,E138K-G140C,138-140,2,5,12.741494476795197,-11.151601071399256
IN,raltegravir,E138K-G140S,138-140,2,13,18.27643600702286,-10.208837898271005
IN,raltegravir,E138K-Y143C,138-143,2,1,10.457552301883695,-12.018833505388228
IN,raltegravir,E138K-Q148H,138-148,2,11,15.800467252731323,-7.474555430060527
IN,raltegravir,E138K-Q148K,138-148,4,4,12.485106712579727,-9.187076944650197
IN,raltegravir,E138K-Q148R,138-148,2,22,13.569714248180386,-7.031815238125989
IN,raltegravir,E138K-N155H,138-155,2,3,9.521565723419187,-9.294487881342896
IN,raltegravir,G140A-Q148K,140-148,4,4,11.878794801235198,-11.139574990116182
IN,raltegravir,G140A-Q148R,140-148,2,10,11.608012986183164,-8.390014454771261
IN,raltegravir,G140C-Q148R,140-148,1,6,11.228775572776794,-9.804043350588591
IN,raltegravir,G140S-Y143A,140-143,5,4,17.059939050674437,-10.715338456410853
IN,raltegravir,G140S-Q148H,140-148,1,221,10.264471149444578,-2.778059520193788
IN,raltegravir,G140S-Q148K,140-148,2,2,10.510659766197204,-9.620790390890154
IN,raltegravir,G140S-Q148R,140-148,1,19,11.486692333221432,-6.152529148586461
IN,raltegravir,G140S-N155H,140-155,1,1,12.15462028980255,-8.163409716770298
IN,raltegravir,Y143A-Q148H,143-148,5,4,17.544110146164893,-9.577335288021407
IN,raltegravir,Y143C-N155H,143-155,1,6,13.069927346706388,-9.050567610341995
IN,raltegravir,Y143R-N155H,143-155,1,1,14.527397441864013,-9.226867555643691
IN,raltegravir,Q148H-N155H,148-155,1,1,13.204491591453552,-7.058067904925737
IN,raltegravir,Q148R-N155H,148-155,1,1,11.230510616302487,-7.608273458773972
PR,atazanavir,L10F-K20T,10-20,1,128,12.873344910144807,-4.295585089172978
PR,atazanavir,L10F-L24F,10-24,1,4,13.897215127944948,-10.012553671264659
PR,atazanavir,L10F-L24I,10-24,2,43,11.879463756084444,-6.500578198100452
PR,atazanavir,L10F-V32I,10-32,1,55,11.227877229452135,-6.263417006983388
PR,atazanavir,L10F-L33F,10-33,1,126,13.632913422584533,-4.95981165905028
PR,atazanavir,L10F-M46I,10-46,1,235,12.47236992120743,-2.8590135813411814
PR,atazanavir,L10F-M46L,10-46,1,74,12.54261637926102,-4.165646548898019
PR,atazanavir,L10F-M46V,10-46,1,1,11.031241869926454,-7.659115457417355
PR,atazanavir,L10F-G48A,10-48,7,3,11.155667078495028,-7.74907153256094
PR,atazanavir,L10F-I50V,10-50,1,13,10.384450817108156,-6.639567880423808
PR,atazanavir,L10F-F53L,10-53,1,30,11.558464694023133,-6.246743229933201
PR,atazanavir,L10F-I54A,10-54,3,6,14.234322857856762,-7.239187113129112
PR,atazanavir,L10F-I54L,10-54,2,69,13.31583836078644,-5.098743055891344
PR,atazanavir,L10F-I54V,10-54,1,213,14.345704770088197,-3.293906581631475
PR,atazanavir,L10F-G73A,10-73,4,21,12.664261567592625,-7.1227059688699645
PR,atazanavir,L10F-G73S,10-73,1,67,13.957409828901294,-6.429602599061778
PR,atazanavir,L10F-G73T,10-73,1,42,12.66646500825882,-6.771052090353911
PR,atazanavir,L10F-V82A,10-82,1,138,14.101703727245333,-3.6681052281747974
PR,atazanavir,L10F-V82C,10-82,6,52,13.658082377910615,-4.688059688747034
PR,atazanavir,L10F-I84V,10-84,1,191,10.687445282936096,-3.890942573474293
PR,atazanavir,L10F-N88D,10-88,1,56,10.791301035881043,-5.917507868572
PR,atazanavir,L10F-N88G,10-88,2,2,10.515332993865014,-9.224481773625687
PR,atazanavir,L10F-N88S,10-88,1,6,7.745385730266571,-7.184582479595616
PR,atazanavir,L10F-L90M,10-90,1,277,14.693542551994325,-2.939782738577307
PR,atazanavir,K20T-L24F,20-24,1,3,10.227519160509111,-11.339416506795796
PR,atazanavir,K20T-L24I,20-24,2,34,9.568505752086644,-7.538247812262063
PR,atazanavir,K20T-V32I,20-32,1,27,9.073229575157168,-8.031572519857338
PR,atazanavir,K20T-L33F,20-33,1,43,10.870601975917818,-7.783957520090762
PR,atazanavir,K20T-M46I,20-46,1,254,9.437166488170625,-3.829552838435941
PR,atazanavir,K20T-M46L,20-46,1,47,8.818343257904052,-5.343992267261975
PR,atazanavir,K20T-M46V,20-46,1,2,8.336753273010256,-8.471273263449897
PR,atazanavir,K20T-G48A,20-48,7,20,8.858821904659273,-7.939665365464425
PR,atazanavir,K20T-I50V,20-50,1,10,7.763823926448822,-8.122703387610445
PR,atazanavir,K20T-F53L,20-53,1,29,8.679838967323303,-7.237240331865286
PR,atazanavir,K20T-I54A,20-54,3,12,13.062452697753907,-8.33662633389339
PR,atazanavir,K20T-I54L,20-54,2,45,10.938407337665563,-6.761548032190149
PR,atazanavir,K20T-I54V,20-54,1,178,12.109316861629488,-4.8876937379378775
PR,atazanavir,K20T-G73A,20-73,4,27,9.56974983215332,-7.711471311046029
PR,atazanavir,K20T-G73S,20-73,1,147,11.005204951763156,-6.534066584346173
PR,atazanavir,K20T-G73T,20-73,1,36,10.621351981163029,-8.164086248661716
PR,atazanavir,K20T-V82A,20-82,1,87,12.22002398967743,-5.170711401872167
PR,atazanavir,K20T-V82C,20-82,6,47,11.304907989501952,-5.928848558925288
PR,atazanavir,K20T-I84V,20-84,1,187,10.190294647216799,-5.65467387325866
PR,atazanavir,K20T-N88D,20-88,1,32,8.933736073970795,-7.630430357917596
PR,atazanavir,K20T-N88G,20-88,2,3,8.81941377222538,-10.166079549601012
PR,atazanavir,K20T-N88S,20-88,1,16,7.251798415184021,-7.388927990866208
PR,atazanavir,K20T-L90M,20-90,1,357,10.704812312126162,-3.40536081599375
PR,atazanavir,L24F-V32I,24-32,1,2,9.727680373191834,-12.90876607052499
PR,atazanavir,L24F-L33F,24-33,1,17,11.088125348091125,-10.445235895583384
PR,atazanavir,L24F-M46I,24-46,1,10,10.720265489816665,-9.304310473730549
PR,atazanavir,L24F-M46L,24-46,1,14,10.121513605117798,-9.076025452509183
PR,atazanavir,L24F-F53L,24-53,1,5,9.742389905452729,-11.938355113444572
PR,atazanavir,L24F-I54L,24-54,2,4,12.78502593636513,-11.803174531761224
PR,atazanavir,L24F-I54V,24-54,1,16,13.04968217611313,-9.787572436418952
PR,atazanavir,L24F-G73A,24-73,4,2,10.879703664779662,-12.734541862857268
PR,atazanavir,L24F-G73S,24-73,1,13,12.464559066295624,-11.098199482433067
PR,atazanavir,L24F-G73T,24-73,1,4,11.753555953502657,-12.488701386688417
PR,atazanavir,L24F-V82A,24-82,1,15,12.831150496006014,-9.4225522746438
PR,atazanavir,L24F-V82C,24-82,6,2,11.968760550022127,-11.036535401333078
PR,atazanavir,L24F-I84V,24-84,1,8,10.862755590677263,-10.987966606211433
PR,atazanavir,L24F-L90M,24-90,1,26,12.352130663394933,-8.031317103227467
PR,atazanavir,L24I-V32I,24-32,2,2,11.405904626846315,-11.043593366407576
PR,atazanavir,L24I-L33F,24-33,2,59,10.928367650508882,-8.326419405671793
PR,atazanavir,L24I-M46I,24-46,2,148,9.144597613811495,-5.369769523398471
PR,atazanavir,L24I-M46L,24-46,2,143,10.242941784858704,-6.242322924952373
PR,atazanavir,L24I-M46V,24-46,2,1,9.614087814092638,-10.557746647002629
PR,atazanavir,L24I-G48A,24-48,14,27,14.539082252979277,-10.742548583079971
PR,atazanavir,L24I-I50V,24-50,2,1,11.109343087673189,-11.524393514224089
PR,atazanavir,L24I-F53L,24-53,2,29,10.645797741413116,-9.280691494253805
PR,atazanavir,L24I-I54A,24-54,6,15,14.867825949192047,-10.321680777328131
PR,atazanavir,L24I-I54L,24-54,4,7,11.041443705558777,-8.6333209914444
PR,atazanavir,L24I-I54V,24-54,2,266,13.2720023393631,-6.044725422020969
PR,atazanavir,L24I-G73A,24-73,8,11,9.270155858993531,-9.631204146955769
PR,atazanavir,L24I-G73S,24-73,2,14,9.95128662586212,-9.224395885899167
PR,atazanavir,L24I-G73T,24-73,2,7,9.95357033610344,-10.107957600405514
PR,atazanavir,L24I-V82A,24-82,2,258,13.986438965797426,-5.58351781103636
PR,atazanavir,L24I-V82C,24-82,12,54,13.22061359882355,-6.915392459477518
PR,atazanavir,L24I-I84V,24-84,2,63,10.176332294940948,-7.611506762080247
PR,atazanavir,L24I-N88D,24-88,2,3,9.364260959625248,-10.430590027714256
PR,atazanavir,L24I-L90M,24-90,2,10,12.955379259586335,-8.367244191496468
PR,atazanavir,V32I-L33F,32-33,1,88,8.826204717159277,-7.885479710111476
PR,atazanavir,V32I-M46I,32-46,1,196,7.312994217872621,-4.723399721678418
PR,atazanavir,V32I-M46L,32-46,1,31,7.640280842781069,-6.417229062629351
PR,atazanavir,V32I-M46V,32-46,1,3,7.168694353103638,-9.172117959026854
PR,atazanavir,V32I-G48A,32-48,7,6,9.96846957206726,-10.314822087277808
PR,atazanavir,V32I-I50V,32-50,1,4,8.573025941848758,-10.49726179987975
PR,atazanavir,V32I-F53L,32-53,1,48,8.615053868293765,-8.710395539236204
PR,atazanavir,V32I-I54A,32-54,3,3,14.02682332545519,-11.226476917199255
PR,atazanavir,V32I-I54L,32-54,2,88,11.251240038871765,-7.571965751975722
PR,atazanavir,V32I-I54V,32-54,1,41,12.779079008102418,-7.789751053576712
PR,atazanavir,V32I-G73A,32-73,4,21,9.020109391212463,-9.387987533764957
PR,atazanavir,V32I-G73S,32-73,1,43,11.10872383117676,-8.962443982475746
PR,atazanavir,V32I-G73T,32-73,1,10,10.61662485599518,-10.542370660696994
PR,atazanavir,V32I-V82A,32-82,1,168,10.647753620147705,-4.96454538947229
PR,atazanavir,V32I-V82C,32-82,6,13,9.703287410736085,-7.541813242873879
PR,atazanavir,V32I-I84V,32-84,1,51,9.203963160514832,-8.100455152298178
PR,atazanavir,V32I-N88D,32-88,1,4,8.559157466888427,-9.93742312281254
PR,atazanavir,V32I-L90M,32-90,1,163,10.525287508964542,-5.662245599586915
PR,atazanavir,L33F-M46I,33-46,1,219,11.53962750434876,-5.270260425803501
PR,atazanavir,L33F-M46L,33-46,1,106,11.029811871051791,-5.951547506621234
PR,atazanavir,L33F-M46V,33-46,1,3,10.437337434291841,-9.346168559361347
PR,atazanavir,L33F-G48A,33-48,7,54,11.141943120956423,-8.911703570091186
PR,atazanavir,L33F-I50V,33-50,1,31,8.056174206733704,-8.135183732798764
PR,atazanavir,L33F-F53L,33-53,1,81,9.628828620910644,-7.438413495373392
PR,atazanavir,L33F-I54A,33-54,3,53,12.899781876802445,-7.857227337670932
PR,atazanavir,L33F-I54L,33-54,2,128,10.420335841178893,-5.643528947448146
PR,atazanavir,L33F-I54V,33-54,1,241,11.804698705673221,-5.038317506933901
PR,atazanavir,L33F-G73A,33-73,4,35,9.904145801067354,-8.468474479366726
PR,atazanavir,L33F-G73S,33-73,1,94,11.119974827766418,-7.618345055344226
PR,atazanavir,L33F-G73T,33-73,1,36,10.736623495817184,-8.801418605227605
PR,atazanavir,L33F-V82A,33-82,1,263,12.696299636363987,-4.925705714956996
PR,atazanavir,L33F-V82C,33-82,6,70,11.72777030467987,-6.07497759568138
PR,atazanavir,L33F-I84V,33-84,1,189,9.942792987823486,-6.181349467484838
PR,atazanavir,L33F-N88D,33-88,1,28,8.99293797016144,-8.23278331455437
PR,atazanavir,L33F-N88G,33-88,2,1,8.399869096279144,-11.543151069196323
PR,atazanavir,L33F-N88S,33-88,1,1,6.625837123394013,-9.752393488147526
PR,atazanavir,L33F-L90M,33-90,1,340,11.994916296005252,-4.573146368096046
PR,atazanavir,M46I-G48A,46-48,7,39,11.167656803131106,-7.5492226185215126
PR,atazanavir,M46I-I50V,46-50,1,49,7.621475672721863,-5.82449736178652
PR,atazanavir,M46I-F53L,46-53,1,108,9.78749704360962,-5.629016845679847
PR,atazanavir,M46I-I54A,46-54,3,46,14.579214477539065,-6.8967366848773795
PR,atazanavir,M46I-I54L,46-54,2,116,13.082437729835512,-5.604160846923779
PR,atazanavir,M46I-I54V,46-54,1,457,13.577084183692932,-3.4522350536414703
PR,atazanavir,M46I-G73A,46-73,4,60,10.342276191711425,-6.307215095607599
PR,atazanavir,M46I-G73S,46-73,1,207,11.664292126894,-5.5994912670680606
PR,atazanavir,M46I-G73T,46-73,1,93,11.614260196685793,-6.551686819302222
PR,atazanavir,M46I-V82A,46-82,1,404,12.023963713645935,-3.110453280263732
PR,atazanavir,M46I-V82C,46-82,6,176,11.280522084236146,-3.749704273058111
PR,atazanavir,M46I-I84V,46-84,1,385,10.128028607368469,-3.9779805564473265
PR,atazanavir,M46I-N88D,46-88,1,44,7.9332474350929285,-6.25873712157201
PR,atazanavir,M46I-N88G,46-88,2,14,7.375776812434199,-7.466239818196007
PR,atazanavir,M46I-N88S,46-88,1,36,5.907537341117859,-5.806942451214206
PR,atazanavir,M46I-L90M,46-90,1,709,11.883778977394105,-2.421601111761534
PR,atazanavir,M46L-G48A,46-48,7,65,11.53044922351837,-7.497575426975921
PR,atazanavir,M46L-I50V,46-50,1,5,8.023392939567564,-8.317499363036164
PR,atazanavir,M46L-F53L,46-53,1,46,9.793956780433655,-6.8400548495626285
PR,atazanavir,M46L-I54A,46-54,3,20,14.864139038324359,-8.426510724287004
PR,atazanavir,M46L-I54L,46-54,2,33,12.370966708660129,-5.867972494241653
PR,atazanavir,M46L-I54V,46-54,1,346,13.465923070907595,-4.145589510684151
PR,atazanavir,M46L-G73A,46-73,4,12,9.639684689044952,-7.496772767767806
PR,atazanavir,M46L-G73S,46-73,1,43,11.434385907649995,-7.065861408814997
PR,atazanavir,M46L-G73T,46-73,1,8,10.938307523727417,-8.550629992310721
PR,atazanavir,M46L-V82A,46-82,1,398,11.838690304756165,-3.0945014472287506
PR,atazanavir,M46L-V82C,46-82,6,53,10.836649131774902,-4.811623516785806
PR,atazanavir,M46L-I84V,46-84,1,97,9.454453134536745,-5.233705503064258
PR,atazanavir,M46L-N88D,46-88,1,14,7.488530611991882,-7.229739868727019
PR,atazanavir,M46L-N88G,46-88,2,2,6.319715705513954,-9.45737686534453
PR,atazanavir,M46L-N88S,46-88,1,5,4.6937154769897464,-7.499628924083898
PR,atazanavir,M46L-L90M,46-90,1,252,11.133559584617615,-3.4495152032912926
PR,atazanavir,M46V-G48A,46-48,7,7,10.541432499885559,-9.67612665565244
PR,atazanavir,M46V-I50V,46-50,1,1,7.502504503726961,-10.587701990576738
PR,atazanavir,M46V-F53L,46-53,1,4,8.859865087270737,-9.23626190333345
PR,atazanavir,M46V-I54A,46-54,3,4,13.942885518074036,-10.5099756162307
PR,atazanavir,M46V-I54L,46-54,2,2,11.474547946453098,-8.978231338285328
PR,atazanavir,M46V-I54V,46-54,1,9,12.354658299684525,-7.365362476625345
PR,atazanavir,M46V-G73A,46-73,4,1,8.719223546981812,-10.456941901995505
PR,atazanavir,M46V-V82A,46-82,1,12,11.776052790880204,-6.984815958167725
PR,atazanavir,M46V-V82C,46-82,6,2,10.83616979122162,-8.096848914608517
PR,atazanavir,M46V-I84V,46-84,1,3,8.776918321847916,-8.672262085877007
PR,atazanavir,M46V-N88D,46-88,1,1,7.874027681350708,-10.613174727551913
PR,atazanavir,M46V-N88S,46-88,1,1,5.573845869302749,-10.170744393923158
PR,atazanavir,M46V-L90M,46-90,1,10,10.237708246707918,-6.454981286702401
PR,atazanavir,G48A-I50V,48-50,7,30,9.15967676639557,-9.278928535665187
PR,atazanavir,G48A-F53L,48-53,7,26,10.568589878082275,-9.141359107783504
PR,atazanavir,G48A-I54A,48-54,21,106,13.950734692811965,-7.969615118312543
PR,atazanavir,G48A-I54L,48-54,14,8,10.784097146987918,-8.500461244635323
PR,atazanavir,G48A-I54V,48-54,7,155,12.647689664363863,-6.368720451884637
PR,atazanavir,G48A-G73A,48-73,28,1,9.82836939096451,-11.149290056422274
PR,atazanavir,G48A-G73S,48-73,7,3,11.411822867393493,-10.678042940795422
PR,atazanavir,G48A-V82A,48-82,7,249,12.917510461807256,-5.175065512101829
PR,atazanavir,G48A-V82C,48-82,42,44,11.858220982551577,-6.520193314948975
PR,atazanavir,G48A-I84V,48-84,7,64,9.129149174690246,-7.237785142863695
PR,atazanavir,G48A-L90M,48-90,7,109,11.27283697128296,-6.381101597728772
PR,atazanavir,I50V-F53L,50-53,1,9,7.478748321533203,-9.370704735585223
PR,atazanavir,I50V-I54A,50-54,3,25,13.66251221895218,-10.013740842232249
PR,atazanavir,I50V-I54V,50-54,1,31,11.812993490695954,-7.456577150969914
PR,atazanavir,I50V-G73A,50-73,4,2,7.471711957454683,-10.597775637633747
PR,atazanavir,I50V-G73S,50-73,1,8,9.35339697599411,-9.596099428762722
PR,atazanavir,I50V-G73T,50-73,1,4,8.756289124488832,-11.205488686140907
PR,atazanavir,I50V-V82A,50-82,1,50,11.428283190727235,-6.375601190646324
PR,atazanavir,I50V-V82C,50-82,6,6,10.525585043430329,-8.31500308700493
PR,atazanavir,I50V-N88D,50-88,1,3,7.821505355834962,-10.14610613519799
PR,atazanavir,I50V-L90M,50-90,1,34,10.038066387176515,-6.734805274687646
PR,atazanavir,F53L-I54A,53-54,3,3,14.012060153484345,-10.744541525310998
PR,atazanavir,F53L-I54L,53-54,2,29,11.062473952770235,-7.99853591544198
PR,atazanavir,F53L-I54V,53-54,1,161,12.12461124658585,-5.636089470215311
PR,atazanavir,F53L-G73A,53-73,4,15,8.666364729404451,-9.12537293446017
PR,atazanavir,F53L-G73S,53-73,1,38,10.734914803504944,-8.519964599732681
PR,atazanavir,F53L-G73T,53-73,1,5,10.051587140560152,-10.404217275944514
PR,atazanavir,F53L-V82A,53-82,1,155,12.457784128189086,-5.496253533058534
PR,atazanavir,F53L-V82C,53-82,6,33,11.180910313129425,-6.671620739451014
PR,atazanavir,F53L-I84V,53-84,1,52,9.152046656608581,-7.362079494476527
PR,atazanavir,F53L-N88D,53-88,1,6,7.653741812705995,-9.195747626545446
PR,atazanavir,F53L-L90M,53-90,1,164,10.161297583580017,-4.982577913587231
PR,atazanavir,I54A-G73A,54-73,12,1,13.250187337398529,-11.291708070657586
PR,atazanavir,I54A-G73S,54-73,3,4,14.941095030307771,-10.665291197147814
PR,atazanavir,I54A-G73T,54-73,3,2,13.597829085588458,-11.365451714744866
PR,atazanavir,I54A-V82A,54-82,3,125,13.413453674316417,-5.885215528515508
PR,atazanavir,I54A-V82C,54-82,18,25,12.976646953821183,-7.359757804406086
PR,atazanavir,I54A-I84V,54-84,3,14,13.891271924972537,-9.007745681804867
PR,atazanavir,I54A-N88D,54-88,3,1,11.283905982971191,-10.875807939916067
PR,atazanavir,I54A-L90M,54-90,3,55,15.434450554847718,-6.944914862219303
PR,atazanavir,I54L-G73A,54-73,8,17,11.545591115951538,-8.99655608138536
PR,atazanavir,I54L-G73S,54-73,2,50,13.192150521278382,-8.112040771356083
PR,atazanavir,I54L-G73T,54-73,2,28,12.193153214454654,-8.586299715056729
PR,atazanavir,I54L-V82A,54-82,2,76,11.92465711832047,-5.527710546075567
PR,atazanavir,I54L-V82C,54-82,12,15,11.40068768262863,-6.956360702558491
PR,atazanavir,I54L-I84V,54-84,2,106,11.42877383232117,-6.188943223015857
PR,atazanavir,I54L-N88D,54-88,2,9,9.548350226879123,-8.849009826066602
PR,atazanavir,I54L-N88S,54-88,2,1,6.973118293285371,-9.617240066164795
PR,atazanavir,I54L-L90M,54-90,2,173,13.251072728633881,-4.6005745984529085
PR,atazanavir,I54V-G73A,54-73,4,37,12.175906455516815,-7.108450800383989
PR,atazanavir,I54V-G73S,54-73,1,162,14.219428849220277,-6.420782448604521
PR,atazanavir,I54V-G73T,54-73,1,63,12.62483012676239,-7.117416293480663
PR,atazanavir,I54V-V82A,54-82,1,877,11.933600163459781,-2.3832296208408374
PR,atazanavir,I54V-V82C,54-82,6,235,11.198040258884431,-3.6419084900732424
PR,atazanavir,I54V-I84V,54-84,1,319,12.407100653648378,-4.634035204870271
PR,atazanavir,I54V-N88D,54-88,1,33,10.187325406074525,-6.727926086909717
PR,atazanavir,I54V-N88G,54-88,2,3,10.725443583726886,-9.916411672049405
PR,atazanavir,I54V-N88S,54-88,1,1,8.347971725463868,-8.480621122336586
PR,atazanavir,I54V-L90M,54-90,1,710,14.006096935272218,-2.936200470087851
PR,atazanavir,G73A-V82A,73-82,4,22,13.220569682121278,-7.585306647310324
PR,atazanavir,G73A-V82C,73-82,24,12,12.23995395898819,-8.271029165507198
PR,atazanavir,G73A-I84V,73-84,4,32,10.903485095500947,-8.322315502314845
PR,atazanavir,G73A-N88S,73-88,4,1,8.473840808868413,-11.12516840380566
PR,atazanavir,G73A-L90M,73-90,4,82,10.028820049762727,-5.617499372707566
PR,atazanavir,G73S-V82A,73-82,1,128,14.345466375350954,-6.2493021808864775
PR,atazanavir,G73S-V82C,73-82,6,37,13.025234806537629,-7.451628455779337
PR,atazanavir,G73S-I84V,73-84,1,161,12.077976274490357,-7.119016995373624
PR,atazanavir,G73S-N88D,73-88,1,1,10.969097077846527,-10.691828606599998
PR,atazanavir,G73S-L90M,73-90,1,431,11.461201083660127,-4.125668035100513
PR,atazanavir,G73T-V82A,73-82,1,23,14.257685101032257,-8.065580196096684
PR,atazanavir,G73T-V82C,73-82,6,6,13.450039607286453,-9.23855438346203
PR,atazanavir,G73T-I84V,73-84,1,80,11.760194945335389,-7.740785017917537
PR,atazanavir,G73T-L90M,73-90,1,136,10.694448280334473,-5.3744448930599225
PR,atazanavir,V82A-I84V,82-84,1,143,13.952487194538119,-5.610013581507052
PR,atazanavir,V82A-N88D,82-88,1,15,10.377789390087129,-7.0313230461759035
PR,atazanavir,V82A-N88G,82-88,2,1,11.07224795818329,-9.890468548242191
PR,atazanavir,V82A-N88S,82-88,1,1,9.05131540298462,-8.098129625923788
PR,atazanavir,V82A-L90M,82-90,1,594,13.693894410133364,-2.8297584340341664
PR,atazanavir,V82C-I84V,82-84,6,102,12.949749422073365,-5.88680962642521
PR,atazanavir,V82C-N88D,82-88,6,3,9.38142466545105,-8.319084744961792
PR,atazanavir,V82C-N88S,82-88,6,1,7.912855076789855,-8.580545029472136
PR,atazanavir,V82C-L90M,82-90,6,185,13.099372208118439,-3.8334675844726127
PR,atazanavir,I84V-N88D,84-88,1,25,8.552273678779603,-7.98372502720339
PR,atazanavir,I84V-N88G,84-88,2,6,8.894334131479265,-10.185180788723043
PR,atazanavir,I84V-N88S,84-88,1,4,7.8987010598182685,-9.089026499136095
PR,atazanavir,I84V-L90M,84-90,1,542,11.676586294174195,-3.6197096255740018
PR,atazanavir,N88D-L90M,88-90,1,62,9.900145387649538,-6.002149951889876
PR,atazanavir,N88G-L90M,88-90,2,10,10.42501306831837,-8.520227415048096
PR,atazanavir,N88S-L90M,88-90,1,8,9.502749860286714,-7.499606338528274
PR,darunavir,V32I-L33F,32-33,1,88,8.826204717159277,-7.885479710111476
PR,darunavir,V32I-I47V,32-47,2,156,7.3267999410629265,-6.0868888429083885
PR,darunavir,V32I-I50V,32-50,1,4,8.573025941848758,-10.49726179987975
PR,darunavir,V32I-I54A,32-54,3,3,14.02682332545519,-11.226476917199255
PR,darunavir,V32I-I54L,32-54,2,88,11.251240038871765,-7.571965751975722
PR,darunavir,V32I-I54V,32-54,1,41,12.779079008102418,-7.789751053576712
PR,darunavir,V32I-T74P,32-74,1,14,7.2654332876205485,-8.428448626924887
PR,darunavir,V32I-L76V,32-76,1,5,10.115551090240478,-11.022317915810387
PR,darunavir,V32I-I84V,32-84,1,51,9.203963160514832,-8.100455152298178
PR,darunavir,V32I-L89T,32-89,2,52,8.619240212440491,-9.02469375859
PR,darunavir,L33F-I47V,33-47,2,78,9.274467718601226,-8.256704680005743
PR,darunavir,L33F-I50V,33-50,1,31,8.056174206733704,-8.135183732798764
PR,darunavir,L33F-I54A,33-54,3,53,12.899781876802445,-7.857227337670932
PR,darunavir,L33F-I54L,33-54,2,128,10.420335841178893,-5.643528947448146
PR,darunavir,L33F-I54V,33-54,1,241,11.804698705673221,-5.038317506933901
PR,darunavir,L33F-T74P,33-74,1,68,8.789908146858215,-7.090339358505873
PR,darunavir,L33F-L76V,33-76,1,50,10.042201495170593,-8.46386374559795
PR,darunavir,L33F-I84V,33-84,1,189,9.942792987823486,-6.181349467484838
PR,darunavir,L33F-L89T,33-89,2,51,10.86198939085007,-9.033865259365944
PR,darunavir,I47V-I50V,47-50,2,5,7.788537597656251,-10.422667391397281
PR,darunavir,I47V-I54A,47-54,6,7,12.669438150525094,-10.101115510490072
PR,darunavir,I47V-I54L,47-54,4,89,10.278694748878479,-7.181467642555512
PR,darunavir,I47V-I54V,47-54,2,51,11.300048893690112,-6.838164032382431
PR,darunavir,I47V-T74P,47-74,2,12,7.276004886627198,-8.75271714553759
PR,darunavir,I47V-L76V,47-76,2,12,9.464418673515322,-10.211824213946972
PR,darunavir,I47V-I84V,47-84,2,68,9.398316216468814,-7.6582398519471235
PR,darunavir,I47V-L89T,47-89,4,47,9.243812966346741,-9.534035152804934
PR,darunavir,I50V-I54A,50-54,3,25,13.66251221895218,-10.013740842232249
PR,darunavir,I50V-I54V,50-54,1,31,11.812993490695954,-7.456577150969914
PR,darunavir,I50V-T74P,50-74,1,9,6.725450372695923,-8.855426067816527
PR,darunavir,I50V-L76V,50-76,1,7,8.317447543144228,-10.53674077599129
PR,darunavir,I50V-L89T,50-89,2,9,7.685729348659524,-10.14045744085792
PR,darunavir,I54A-T74P,54-74,3,29,13.221319189667703,-8.803882409077001
PR,darunavir,I54A-I84V,54-84,3,14,13.891271924972537,-9.007745681804867
PR,darunavir,I54A-L89T,54-89,6,6,13.231986784935001,-10.426151741784059
PR,darunavir,I54L-T74P,54-74,2,23,9.651258480548861,-7.066257948784611
PR,darunavir,I54L-L76V,54-76,2,25,11.19094091653824,-8.21547030202666
PR,darunavir,I54L-I84V,54-84,2,106,11.42877383232117,-6.188943223015857
PR,darunavir,I54L-L89T,54-89,4,52,11.481820189952852,-8.226284007474963
PR,darunavir,I54V-T74P,54-74,1,134,11.335571885108948,-5.459027878722199
PR,darunavir,I54V-L76V,54-76,1,97,12.762718224525454,-6.850062550914893
PR,darunavir,I54V-I84V,54-84,1,319,12.407100653648378,-4.634035204870271
PR,darunavir,I54V-L89T,54-89,2,53,12.259187138080598,-7.070952212223343
PR,darunavir,T74P-L76V,74-76,1,4,8.815864562988283,-9.945371742357358
PR,darunavir,T74P-I84V,74-84,1,92,7.634096002578735,-5.972031210548197
PR,darunavir,T74P-L89T,74-89,2,13,7.491431558132173,-8.850303418561165
PR,darunavir,L76V-I84V,76-84,1,49,10.45177440643311,-8.203775956843785
PR,darunavir,L76V-L89T,76-89,2,17,9.484688806533814,-9.988237707990168
PR,darunavir,I84V-L89T,84-89,2,60,10.1685296535492,-8.324258180299282
PR,fosamprenavir,L10F-V32I,10-32,1,55,11.227877229452135,-6.263417006983388
PR,fosamprenavir,L10F-M46I,10-46,1,235,12.47236992120743,-2.8590135813411814
PR,fosamprenavir,L10F-M46L,10-46,1,74,12.54261637926102,-4.165646548898019
PR,fosamprenavir,L10F-M46V,10-46,1,1,11.031241869926454,-7.659115457417355
PR,fosamprenavir,L10F-I47V,10-47,2,55,12.019021916389466,-6.387803763730513
PR,fosamprenavir,L10F-I50V,10-50,1,13,10.384450817108156,-6.639567880423808
PR,fosamprenavir,L10F-I54A,10-54,3,6,14.234322857856762,-7.239187113129112
PR,fosamprenavir,L10F-I54L,10-54,2,69,13.31583836078644,-5.098743055891344
PR,fosamprenavir,L10F-I54V,10-54,1,213,14.345704770088197,-3.293906581631475
PR,fosamprenavir,L10F-G73A,10-73,4,21,12.664261567592625,-7.1227059688699645
PR,fosamprenavir,L10F-G73S,10-73,1,67,13.957409828901294,-6.429602599061778
PR,fosamprenavir,L10F-G73T,10-73,1,42,12.66646500825882,-6.771052090353911
PR,fosamprenavir,L10F-L76V,10-76,1,36,12.30179809331894,-6.61384193476831
PR,fosamprenavir,L10F-V82A,10-82,1,138,14.101703727245333,-3.6681052281747974
PR,fosamprenavir,L10F-V82C,10-82,6,52,13.658082377910615,-4.688059688747034
PR,fosamprenavir,L10F-I84V,10-84,1,191,10.687445282936096,-3.890942573474293
PR,fosamprenavir,L10F-L90M,10-90,1,277,14.693542551994325,-2.939782738577307
PR,fosamprenavir,V32I-M46I,32-46,1,196,7.312994217872621,-4.723399721678418
PR,fosamprenavir,V32I-M46L,32-46,1,31,7.640280842781069,-6.417229062629351
PR,fosamprenavir,V32I-M46V,32-46,1,3,7.168694353103638,-9.172117959026854
PR,fosamprenavir,V32I-I47V,32-47,2,156,7.3267999410629265,-6.0868888429083885
PR,fosamprenavir,V32I-I50V,32-50,1,4,8.573025941848758,-10.49726179987975
PR,fosamprenavir,V32I-I54A,32-54,3,3,14.02682332545519,-11.226476917199255
PR,fosamprenavir,V32I-I54L,32-54,2,88,11.251240038871765,-7.571965751975722
PR,fosamprenavir,V32I-I54V,32-54,1,41,12.779079008102418,-7.789751053576712
PR,fosamprenavir,V32I-G73A,32-73,4,21,9.020109391212463,-9.387987533764957
PR,fosamprenavir,V32I-G73S,32-73,1,43,11.10872383117676,-8.962443982475746
PR,fosamprenavir,V32I-G73T,32-73,1,10,10.61662485599518,-10.542370660696994
PR,fosamprenavir,V32I-L76V,32-76,1,5,10.115551090240478,-11.022317915810387
PR,fosamprenavir,V32I-V82A,32-82,1,168,10.647753620147705,-4.96454538947229
PR,fosamprenavir,V32I-V82C,32-82,6,13,9.703287410736085,-7.541813242873879
PR,fosamprenavir,V32I-I84V,32-84,1,51,9.203963160514832,-8.100455152298178
PR,fosamprenavir,V32I-L90M,32-90,1,163,10.525287508964542,-5.662245599586915
PR,fosamprenavir,M46I-I47V,46-47,2,179,8.998586344718934,-5.160817948988461
PR,fosamprenavir,M46I-I50V,46-50,1,49,7.621475672721863,-5.82449736178652
PR,fosamprenavir,M46I-I54A,46-54,3,46,14.579214477539065,-6.8967366848773795
PR,fosamprenavir,M46I-I54L,46-54,2,116,13.082437729835512,-5.604160846923779
PR,fosamprenavir,M46I-I54V,46-54,1,457,13.577084183692932,-3.4522350536414703
PR,fosamprenavir,M46I-G73A,46-73,4,60,10.342276191711425,-6.307215095607599
PR,fosamprenavir,M46I-G73S,46-73,1,207,11.664292126894,-5.5994912670680606
PR,fosamprenavir,M46I-G73T,46-73,1,93,11.614260196685793,-6.551686819302222
PR,fosamprenavir,M46I-L76V,46-76,1,151,8.325915265083314,-4.851790183793016
PR,fosamprenavir,M46I-V82A,46-82,1,404,12.023963713645935,-3.110453280263732
PR,fosamprenavir,M46I-V82C,46-82,6,176,11.280522084236146,-3.749704273058111
PR,fosamprenavir,M46I-I84V,46-84,1,385,10.128028607368469,-3.9779805564473265
PR,fosamprenavir,M46I-L90M,46-90,1,709,11.883778977394105,-2.421601111761534
PR,fosamprenavir,M46L-I47V,46-47,2,8,8.487019646167756,-7.758681543338424
PR,fosamprenavir,M46L-I50V,46-50,1,5,8.023392939567564,-8.317499363036164
PR,fosamprenavir,M46L-I54A,46-54,3,20,14.864139038324359,-8.426510724287004
PR,fosamprenavir,M46L-I54L,46-54,2,33,12.370966708660129,-5.867972494241653
PR,fosamprenavir,M46L-I54V,46-54,1,346,13.465923070907595,-4.145589510684151
PR,fosamprenavir,M46L-G73A,46-73,4,12,9.639684689044952,-7.496772767767806
PR,fosamprenavir,M46L-G73S,46-73,1,43,11.434385907649995,-7.065861408814997
PR,fosamprenavir,M46L-G73T,46-73,1,8,10.938307523727417,-8.550629992310721
PR,fosamprenavir,M46L-L76V,46-76,1,25,8.651074290275576,-6.9949980848985875
PR,fosamprenavir,M46L-V82A,46-82,1,398,11.838690304756165,-3.0945014472287506
PR,fosamprenavir,M46L-V82C,46-82,6,53,10.836649131774902,-4.811623516785806
PR,fosamprenavir,M46L-I84V,46-84,1,97,9.454453134536745,-5.233705503064258
PR,fosamprenavir,M46L-L90M,46-90,1,252,11.133559584617615,-3.4495152032912926
PR,fosamprenavir,M46V-I47V,46-47,2,3,7.82228881120683,-9.378604421067832
PR,fosamprenavir,M46V-I50V,46-50,1,1,7.502504503726961,-10.587701990576738
PR,fosamprenavir,M46V-I54A,46-54,3,4,13.942885518074036,-10.5099756162307
PR,fosamprenavir,M46V-I54L,46-54,2,2,11.474547946453098,-8.978231338285328
PR,fosamprenavir,M46V-I54V,46-54,1,9,12.354658299684525,-7.365362476625345
PR,fosamprenavir,M46V-G73A,46-73,4,1,8.719223546981812,-10.456941901995505
PR,fosamprenavir,M46V-L76V,46-76,1,1,7.481233650445938,-9.803961093006118
PR,fosamprenavir,M46V-V82A,46-82,1,12,11.776052790880204,-6.984815958167725
PR,fosamprenavir,M46V-V82C,46-82,6,2,10.83616979122162,-8.096848914608517
PR,fosamprenavir,M46V-I84V,46-84,1,3,8.776918321847916,-8.672262085877007
PR,fosamprenavir,M46V-L90M,46-90,1,10,10.237708246707918,-6.454981286702401
PR,fosamprenavir,I47V-I50V,47-50,2,5,7.788537597656251,-10.422667391397281
PR,fosamprenavir,I47V-I54A,47-54,6,7,12.669438150525094,-10.101115510490072
PR,fosamprenavir,I47V-I54L,47-54,4,89,10.278694748878479,-7.181467642555512
PR,fosamprenavir,I47V-I54V,47-54,2,51,11.300048893690112,-6.838164032382431
PR,fosamprenavir,I47V-G73A,47-73,8,26,9.57486879825592,-9.19044837468351
PR,fosamprenavir,I47V-G73S,47-73,2,40,11.092241454124451,-8.939280184708053
PR,fosamprenavir,I47V-G73T,47-73,2,21,10.814183020591738,-9.841912782372297
PR,fosamprenavir,I47V-L76V,47-76,2,12,9.464418673515322,-10.211824213946972
PR,fosamprenavir,I47V-V82A,47-82,2,93,11.665277361869817,-6.440315425844827
PR,fosamprenavir,I47V-V82C,47-82,12,20,10.638530337810518,-7.406867751460881
PR,fosamprenavir,I47V-I84V,47-84,2,68,9.398316216468814,-7.6582398519471235
PR,fosamprenavir,I47V-L90M,47-90,2,153,11.392060256004338,-5.750613451476377
PR,fosamprenavir,I50V-I54A,50-54,3,25,13.66251221895218,-10.013740842232249
PR,fosamprenavir,I50V-I54V,50-54,1,31,11.812993490695954,-7.456577150969914
PR,fosamprenavir,I50V-G73A,50-73,4,2,7.471711957454683,-10.597775637633747
PR,fosamprenavir,I50V-G73S,50-73,1,8,9.35339697599411,-9.596099428762722
PR,fosamprenavir,I50V-G73T,50-73,1,4,8.756289124488832,-11.205488686140907
PR,fosamprenavir,I50V-L76V,50-76,1,7,8.317447543144228,-10.53674077599129
PR,fosamprenavir,I50V-V82A,50-82,1,50,11.428283190727235,-6.375601190646324
PR,fosamprenavir,I50V-V82C,50-82,6,6,10.525585043430329,-8.31500308700493
PR,fosamprenavir,I50V-L90M,50-90,1,34,10.038066387176515,-6.734805274687646
PR,fosamprenavir,I54A-G73A,54-73,12,1,13.250187337398529,-11.291708070657586
PR,fosamprenavir,I54A-G73S,54-73,3,4,14.941095030307771,-10.665291197147814
PR,fosamprenavir,I54A-G73T,54-73,3,2,13.597829085588458,-11.365451714744866
PR,fosamprenavir,I54A-V82A,54-82,3,125,13.413453674316417,-5.885215528515508
PR,fosamprenavir,I54A-V82C,54-82,18,25,12.976646953821183,-7.359757804406086
PR,fosamprenavir,I54A-I84V,54-84,3,14,13.891271924972537,-9.007745681804867
PR,fosamprenavir,I54A-L90M,54-90,3,55,15.434450554847718,-6.944914862219303
PR,fosamprenavir,I54L-G73A,54-73,8,17,11.545591115951538,-8.99655608138536
PR,fosamprenavir,I54L-G73S,54-73,2,50,13.192150521278382,-8.112040771356083
PR,fosamprenavir,I54L-G73T,54-73,2,28,12.193153214454654,-8.586299715056729
PR,fosamprenavir,I54L-L76V,54-76,2,25,11.19094091653824,-8.21547030202666
PR,fosamprenavir,I54L-V82A,54-82,2,76,11.92465711832047,-5.527710546075567
PR,fosamprenavir,I54L-V82C,54-82,12,15,11.40068768262863,-6.956360702558491
PR,fosamprenavir,I54L-I84V,54-84,2,106,11.42877383232117,-6.188943223015857
PR,fosamprenavir,I54L-L90M,54-90,2,173,13.251072728633881,-4.6005745984529085
PR,fosamprenavir,I54V-G73A,54-73,4,37,12.175906455516815,-7.108450800383989
PR,fosamprenavir,I54V-G73S,54-73,1,162,14.219428849220277,-6.420782448604521
PR,fosamprenavir,I54V-G73T,54-73,1,63,12.62483012676239,-7.117416293480663
PR,fosamprenavir,I54V-L76V,54-76,1,97,12.762718224525454,-6.850062550914893
PR,fosamprenavir,I54V-V82A,54-82,1,877,11.933600163459781,-2.3832296208408374
PR,fosamprenavir,I54V-V82C,54-82,6,235,11.198040258884431,-3.6419084900732424
PR,fosamprenavir,I54V-I84V,54-84,1,319,12.407100653648378,-4.634035204870271
PR,fosamprenavir,I54V-L90M,54-90,1,710,14.006096935272218,-2.936200470087851
PR,fosamprenavir,G73A-L76V,73-76,4,5,11.337205898761749,-11.07276834890168
PR,fosamprenavir,G73A-V82A,73-82,4,22,13.220569682121278,-7.585306647310324
PR,fosamprenavir,G73A-V82C,73-82,24,12,12.23995395898819,-8.271029165507198
PR,fosamprenavir,G73A-I84V,73-84,4,32,10.903485095500947,-8.322315502314845
PR,fosamprenavir,G73A-L90M,73-90,4,82,10.028820049762727,-5.617499372707566
PR,fosamprenavir,G73S-L76V,73-76,1,8,12.262074065208436,-10.712515394105177
PR,fosamprenavir,G73S-V82A,73-82,1,128,14.345466375350954,-6.2493021808864775
PR,fosamprenavir,G73S-V82C,73-82,6,37,13.025234806537629,-7.451628455779337
PR,fosamprenavir,G73S-I84V,73-84,1,161,12.077976274490357,-7.119016995373624
PR,fosamprenavir,G73S-L90M,73-90,1,431,11.461201083660127,-4.125668035100513
PR,fosamprenavir,G73T-L76V,73-76,1,2,12.544023156166077,-12.055901988576151
PR,fosamprenavir,G73T-V82A,73-82,1,23,14.257685101032257,-8.065580196096684
PR,fosamprenavir,G73T-V82C,73-82,6,6,13.450039607286453,-9.23855438346203
PR,fosamprenavir,G73T-I84V,73-84,1,80,11.760194945335389,-7.740785017917537
PR,fosamprenavir,G73T-L90M,73-90,1,136,10.694448280334473,-5.3744448930599225
PR,fosamprenavir,L76V-V82A,76-82,1,65,13.988286006450654,-7.241456862430752
PR,fosamprenavir,L76V-V82C,76-82,6,26,12.950613248348237,-7.935818697261622
PR,fosamprenavir,L76V-I84V,76-84,1,49,10.45177440643311,-8.203775956843785
PR,fosamprenavir,L76V-L90M,76-90,1,80,12.531924414634707,-6.79443300008291
PR,fosamprenavir,V82A-I84V,82-84,1,143,13.952487194538119,-5.610013581507052
PR,fosamprenavir,V82A-L90M,82-90,1,594,13.693894410133364,-2.8297584340341664
PR,fosamprenavir,V82C-I84V,82-84,6,102,12.949749422073365,-5.88680962642521
PR,fosamprenavir,V82C-L90M,82-90,6,185,13.099372208118439,-3.8334675844726127
PR,fosamprenavir,I84V-L90M,84-90,1,542,11.676586294174195,-3.6197096255740018
PR,indinavir,L10F-K20T,10-20,1,128,12.873344910144807,-4.295585089172978
PR,indinavir,L10F-L24F,10-24,1,4,13.897215127944948,-10.012553671264659
PR,indinavir,L10F-L24I,10-24,2,43,11.879463756084444,-6.500578198100452
PR,indinavir,L10F-V32I,10-32,1,55,11.227877229452135,-6.263417006983388
PR,indinavir,L10F-M46I,10-46,1,235,12.47236992120743,-2.8590135813411814
PR,indinavir,L10F-M46L,10-46,1,74,12.54261637926102,-4.165646548898019
PR,indinavir,L10F-M46V,10-46,1,1,11.031241869926454,-7.659115457417355
PR,indinavir,L10F-I54A,10-54,3,6,14.234322857856762,-7.239187113129112
PR,indinavir,L10F-I54L,10-54,2,69,13.31583836078644,-5.098743055891344
PR,indinavir,L10F-I54V,10-54,1,213,14.345704770088197,-3.293906581631475
PR,indinavir,L10F-G73A,10-73,4,21,12.664261567592625,-7.1227059688699645
PR,indinavir,L10F-G73S,10-73,1,67,13.957409828901294,-6.429602599061778
PR,indinavir,L10F-G73T,10-73,1,42,12.66646500825882,-6.771052090353911
PR,indinavir,L10F-L76V,10-76,1,36,12.30179809331894,-6.61384193476831
PR,indinavir,L10F-V82A,10-82,1,138,14.101703727245333,-3.6681052281747974
PR,indinavir,L10F-V82C,10-82,6,52,13.658082377910615,-4.688059688747034
PR,indinavir,L10F-I84V,10-84,1,191,10.687445282936096,-3.890942573474293
PR,indinavir,L10F-L90M,10-90,1,277,14.693542551994325,-2.939782738577307
PR,indinavir,K20T-L24F,20-24,1,3,10.227519160509111,-11.339416506795796
PR,indinavir,K20T-L24I,20-24,2,34,9.568505752086644,-7.538247812262063
PR,indinavir,K20T-V32I,20-32,1,27,9.073229575157168,-8.031572519857338
PR,indinavir,K20T-M46I,20-46,1,254,9.437166488170625,-3.829552838435941
PR,indinavir,K20T-M46L,20-46,1,47,8.818343257904052,-5.343992267261975
PR,indinavir,K20T-M46V,20-46,1,2,8.336753273010256,-8.471273263449897
PR,indinavir,K20T-I54A,20-54,3,12,13.062452697753907,-8.33662633389339
PR,indinavir,K20T-I54L,20-54,2,45,10.938407337665563,-6.761548032190149
PR,indinavir,K20T-I54V,20-54,1,178,12.109316861629488,-4.8876937379378775
PR,indinavir,K20T-G73A,20-73,4,27,9.56974983215332,-7.711471311046029
PR,indinavir,K20T-G73S,20-73,1,147,11.005204951763156,-6.534066584346173
PR,indinavir,K20T-G73T,20-73,1,36,10.621351981163029,-8.164086248661716
PR,indinavir,K20T-L76V,20-76,1,28,9.65230827331543,-8.172839927696828
PR,indinavir,K20T-V82A,20-82,1,87,12.22002398967743,-5.170711401872167
PR,indinavir,K20T-V82C,20-82,6,47,11.304907989501952,-5.928848558925288
PR,indinavir,K20T-I84V,20-84,1,187,10.190294647216799,-5.65467387325866
PR,indinavir,K20T-L90M,20-90,1,357,10.704812312126162,-3.40536081599375
PR,indinavir,L24F-V32I,24-32,1,2,9.727680373191834,-12.90876607052499
PR,indinavir,L24F-M46I,24-46,1,10,10.720265489816665,-9.304310473730549
PR,indinavir,L24F-M46L,24-46,1,14,10.121513605117798,-9.076025452509183
PR,indinavir,L24F-I54L,24-54,2,4,12.78502593636513,-11.803174531761224
PR,indinavir,L24F-I54V,24-54,1,16,13.04968217611313,-9.787572436418952
PR,indinavir,L24F-G73A,24-73,4,2,10.879703664779662,-12.734541862857268
PR,indinavir,L24F-G73S,24-73,1,13,12.464559066295624,-11.098199482433067
PR,indinavir,L24F-G73T,24-73,1,4,11.753555953502657,-12.488701386688417
PR,indinavir,L24F-V82A,24-82,1,15,12.831150496006014,-9.4225522746438
PR,indinavir,L24F-V82C,24-82,6,2,11.968760550022127,-11.036535401333078
PR,indinavir,L24F-I84V,24-84,1,8,10.862755590677263,-10.987966606211433
PR,indinavir,L24F-L90M,24-90,1,26,12.352130663394933,-8.031317103227467
PR,indinavir,L24I-V32I,24-32,2,2,11.405904626846315,-11.043593366407576
PR,indinavir,L24I-M46I,24-46,2,148,9.144597613811495,-5.369769523398471
PR,indinavir,L24I-M46L,24-46,2,143,10.242941784858704,-6.242322924952373
PR,indinavir,L24I-M46V,24-46,2,1,9.614087814092638,-10.557746647002629
PR,indinavir,L24I-I54A,24-54,6,15,14.867825949192047,-10.321680777328131
PR,indinavir,L24I-I54L,24-54,4,7,11.041443705558777,-8.6333209914444
PR,indinavir,L24I-I54V,24-54,2,266,13.2720023393631,-6.044725422020969
PR,indinavir,L24I-G73A,24-73,8,11,9.270155858993531,-9.631204146955769
PR,indinavir,L24I-G73S,24-73,2,14,9.95128662586212,-9.224395885899167
PR,indinavir,L24I-G73T,24-73,2,7,9.95357033610344,-10.107957600405514
PR,indinavir,L24I-L76V,24-76,2,19,12.906299257278446,-10.695516869583658
PR,indinavir,L24I-V82A,24-82,2,258,13.986438965797426,-5.58351781103636
PR,indinavir,L24I-V82C,24-82,12,54,13.22061359882355,-6.915392459477518
PR,indinavir,L24I-I84V,24-84,2,63,10.176332294940948,-7.611506762080247
PR,indinavir,L24I-L90M,24-90,2,10,12.955379259586335,-8.367244191496468
PR,indinavir,V32I-M46I,32-46,1,196,7.312994217872621,-4.723399721678418
PR,indinavir,V32I-M46L,32-46,1,31,7.640280842781069,-6.417229062629351
PR,indinavir,V32I-M46V,32-46,1,3,7.168694353103638,-9.172117959026854
PR,indinavir,V32I-I54A,32-54,3,3,14.02682332545519,-11.226476917199255
PR,indinavir,V32I-I54L,32-54,2,88,11.251240038871765,-7.571965751975722
PR,indinavir,V32I-I54V,32-54,1,41,12.779079008102418,-7.789751053576712
PR,indinavir,V32I-G73A,32-73,4,21,9.020109391212463,-9.387987533764957
PR,indinavir,V32I-G73S,32-73,1,43,11.10872383117676,-8.962443982475746
PR,indinavir,V32I-G73T,32-73,1,10,10.61662485599518,-10.542370660696994
PR,indinavir,V32I-L76V,32-76,1,5,10.115551090240478,-11.022317915810387
PR,indinavir,V32I-V82A,32-82,1,168,10.647753620147705,-4.96454538947229
PR,indinavir,V32I-V82C,32-82,6,13,9.703287410736085,-7.541813242873879
PR,indinavir,V32I-I84V,32-84,1,51,9.203963160514832,-8.100455152298178
PR,indinavir,V32I-L90M,32-90,1,163,10.525287508964542,-5.662245599586915
PR,indinavir,M46I-I54A,46-54,3,46,14.579214477539065,-6.8967366848773795
PR,indinavir,M46I-I54L,46-54,2,116,13.082437729835512,-5.604160846923779
PR,indinavir,M46I-I54V,46-54,1,457,13.577084183692932,-3.4522350536414703
PR,indinavir,M46I-G73A,46-73,4,60,10.342276191711425,-6.307215095607599
PR,indinavir,M46I-G73S,46-73,1,207,11.664292126894,-5.5994912670680606
PR,indinavir,M46I-G73T,46-73,1,93,11.614260196685793,-6.551686819302222
PR,indinavir,M46I-L76V,46-76,1,151,8.325915265083314,-4.851790183793016
PR,indinavir,M46I-V82A,46-82,1,404,12.023963713645935,-3.110453280263732
PR,indinavir,M46I-V82C,46-82,6,176,11.280522084236146,-3.749704273058111
PR,indinavir,M46I-I84V,46-84,1,385,10.128028607368469,-3.9779805564473265
PR,indinavir,M46I-L90M,46-90,1,709,11.883778977394105,-2.421601111761534
PR,indinavir,M46L-I54A,46-54,3,20,14.864139038324359,-8.426510724287004
PR,indinavir,M46L-I54L,46-54,2,33,12.370966708660129,-5.867972494241653
PR,indinavir,M46L-I54V,46-54,1,346,13.465923070907595,-4.145589510684151
PR,indinavir,M46L-G73A,46-73,4,12,9.639684689044952,-7.496772767767806
PR,indinavir,M46L-G73S,46-73,1,43,11.434385907649995,-7.065861408814997
PR,indinavir,M46L-G73T,46-73,1,8,10.938307523727417,-8.550629992310721
PR,indinavir,M46L-L76V,46-76,1,25,8.651074290275576,-6.9949980848985875
PR,indinavir,M46L-V82A,46-82,1,398,11.838690304756165,-3.0945014472287506
PR,indinavir,M46L-V82C,46-82,6,53,10.836649131774902,-4.811623516785806
PR,indinavir,M46L-I84V,46-84,1,97,9.454453134536745,-5.233705503064258
PR,indinavir,M46L-L90M,46-90,1,252,11.133559584617615,-3.4495152032912926
PR,indinavir,M46V-I54A,46-54,3,4,13.942885518074036,-10.5099756162307
PR,indinavir,M46V-I54L,46-54,2,2,11.474547946453098,-8.978231338285328
PR,indinavir,M46V-I54V,46-54,1,9,12.354658299684525,-7.365362476625345
PR,indinavir,M46V-G73A,46-73,4,1,8.719223546981812,-10.456941901995505
PR,indinavir,M46V-L76V,46-76,1,1,7.481233650445938,-9.803961093006118
PR,indinavir,M46V-V82A,46-82,1,12,11.776052790880204,-6.984815958167725
PR,indinavir,M46V-V82C,46-82,6,2,10.83616979122162,-8.096848914608517
PR,indinavir,M46V-I84V,46-84,1,3,8.776918321847916,-8.672262085877007
PR,indinavir,M46V-L90M,46-90,1,10,10.237708246707918,-6.454981286702401
PR,indinavir,I54A-G73A,54-73,12,1,13.250187337398529,-11.291708070657586
PR,indinavir,I54A-G73S,54-73,3,4,14.941095030307771,-10.665291197147814
PR,indinavir,I54A-G73T,54-73,3,2,13.597829085588458,-11.365451714744866
PR,indinavir,I54A-V82A,54-82,3,125,13.413453674316417,-5.885215528515508
PR,indinavir,I54A-V82C,54-82,18,25,12.976646953821183,-7.359757804406086
PR,indinavir,I54A-I84V,54-84,3,14,13.891271924972537,-9.007745681804867
PR,indinavir,I54A-L90M,54-90,3,55,15.434450554847718,-6.944914862219303
PR,indinavir,I54L-G73A,54-73,8,17,11.545591115951538,-8.99655608138536
PR,indinavir,I54L-G73S,54-73,2,50,13.192150521278382,-8.112040771356083
PR,indinavir,I54L-G73T,54-73,2,28,12.193153214454654,-8.586299715056729
PR,indinavir,I54L-L76V,54-76,2,25,11.19094091653824,-8.21547030202666
PR,indinavir,I54L-V82A,54-82,2,76,11.92465711832047,-5.527710546075567
PR,indinavir,I54L-V82C,54-82,12,15,11.40068768262863,-6.956360702558491
PR,indinavir,I54L-I84V,54-84,2,106,11.42877383232117,-6.188943223015857
PR,indinavir,I54L-L90M,54-90,2,173,13.251072728633881,-4.6005745984529085
PR,indinavir,I54V-G73A,54-73,4,37,12.175906455516815,-7.108450800383989
PR,indinavir,I54V-G73S,54-73,1,162,14.219428849220277,-6.420782448604521
PR,indinavir,I54V-G73T,54-73,1,63,12.62483012676239,-7.117416293480663
PR,indinavir,I54V-L76V,54-76,1,97,12.762718224525454,-6.850062550914893
PR,indinavir,I54V-V82A,54-82,1,877,11.933600163459781,-2.3832296208408374
PR,indinavir,I54V-V82C,54-82,6,235,11.198040258884431,-3.6419084900732424
PR,indinavir,I54V-I84V,54-84,1,319,12.407100653648378,-4.634035204870271
PR,indinavir,I54V-L90M,54-90,1,710,14.006096935272218,-2.936200470087851
PR,indinavir,G73A-L76V,73-76,4,5,11.337205898761749,-11.07276834890168
PR,indinavir,G73A-V82A,73-82,4,22,13.220569682121278,-7.585306647310324
PR,indinavir,G73A-V82C,73-82,24,12,12.23995395898819,-8.271029165507198
PR,indinavir,G73A-I84V,73-84,4,32,10.903485095500947,-8.322315502314845
PR,indinavir,G73A-L90M,73-90,4,82,10.028820049762727,-5.617499372707566
PR,indinavir,G73S-L76V,73-76,1,8,12.262074065208436,-10.712515394105177
PR,indinavir,G73S-V82A,73-82,1,128,14.345466375350954,-6.2493021808864775
PR,indinavir,G73S-V82C,73-82,6,37,13.025234806537629,-7.451628455779337
PR,indinavir,G73S-I84V,73-84,1,161,12.077976274490357,-7.119016995373624
PR,indinavir,G73S-L90M,73-90,1,431,11.461201083660127,-4.125668035100513
PR,indinavir,G73T-L76V,73-76,1,2,12.544023156166077,-12.055901988576151
PR,indinavir,G73T-V82A,73-82,1,23,14.257685101032257,-8.065580196096684
PR,indinavir,G73T-V82C,73-82,6,6,13.450039607286453,-9.23855438346203
PR,indinavir,G73T-I84V,73-84,1,80,11.760194945335389,-7.740785017917537
PR,indinavir,G73T-L90M,73-90,1,136,10.694448280334473,-5.3744448930599225
PR,indinavir,L76V-V82A,76-82,1,65,13.988286006450654,-7.241456862430752
PR,indinavir,L76V-V82C,76-82,6,26,12.950613248348237,-7.935818697261622
PR,indinavir,L76V-I84V,76-84,1,49,10.45177440643311,-8.203775956843785
PR,indinavir,L76V-L90M,76-90,1,80,12.531924414634707,-6.79443300008291
PR,indinavir,V82A-I84V,82-84,1,143,13.952487194538119,-5.610013581507052
PR,indinavir,V82A-L90M,82-90,1,594,13.693894410133364,-2.8297584340341664
PR,indinavir,V82C-I84V,82-84,6,102,12.949749422073365,-5.88680962642521
PR,indinavir,V82C-L90M,82-90,6,185,13.099372208118439,-3.8334675844726127
PR,indinavir,I84V-L90M,84-90,1,542,11.676586294174195,-3.6197096255740018
PR,lopinavir,L10F-K20T,10-20,1,128,12.873344910144807,-4.295585089172978
PR,lopinavir,L10F-L24F,10-24,1,4,13.897215127944948,-10.012553671264659
PR,lopinavir,L10F-L24I,10-24,2,43,11.879463756084444,-6.500578198100452
PR,lopinavir,L10F-V32I,10-32,1,55,11.227877229452135,-6.263417006983388
PR,lopinavir,L10F-L33F,10-33,1,126,13.632913422584533,-4.95981165905028
PR,lopinavir,L10F-M46I,10-46,1,235,12.47236992120743,-2.8590135813411814
PR,lopinavir,L10F-M46L,10-46,1,74,12.54261637926102,-4.165646548898019
PR,lopinavir,L10F-M46V,10-46,1,1,11.031241869926454,-7.659115457417355
PR,lopinavir,L10F-I47V,10-47,2,55,12.019021916389466,-6.387803763730513
PR,lopinavir,L10F-I50V,10-50,1,13,10.384450817108156,-6.639567880423808
PR,lopinavir,L10F-F53L,10-53,1,30,11.558464694023133,-6.246743229933201
PR,lopinavir,L10F-I54A,10-54,3,6,14.234322857856762,-7.239187113129112
PR,lopinavir,L10F-I54L,10-54,2,69,13.31583836078644,-5.098743055891344
PR,lopinavir,L10F-I54V,10-54,1,213,14.345704770088197,-3.293906581631475
PR,lopinavir,L10F-G73A,10-73,4,21,12.664261567592625,-7.1227059688699645
PR,lopinavir,L10F-G73S,10-73,1,67,13.957409828901294,-6.429602599061778
PR,lopinavir,L10F-G73T,10-73,1,42,12.66646500825882,-6.771052090353911
PR,lopinavir,L10F-L76V,10-76,1,36,12.30179809331894,-6.61384193476831
PR,lopinavir,L10F-V82A,10-82,1,138,14.101703727245333,-3.6681052281747974
PR,lopinavir,L10F-V82C,10-82,6,52,13.658082377910615,-4.688059688747034
PR,lopinavir,L10F-I84V,10-84,1,191,10.687445282936096,-3.890942573474293
PR,lopinavir,L10F-L90M,10-90,1,277,14.693542551994325,-2.939782738577307
PR,lopinavir,K20T-L24F,20-24,1,3,10.227519160509111,-11.339416506795796
PR,lopinavir,K20T-L24I,20-24,2,34,9.568505752086644,-7.538247812262063
PR,lopinavir,K20T-V32I,20-32,1,27,9.073229575157168,-8.031572519857338
PR,lopinavir,K20T-L33F,20-33,1,43,10.870601975917818,-7.783957520090762
PR,lopinavir,K20T-M46I,20-46,1,254,9.437166488170625,-3.829552838435941
PR,lopinavir,K20T-M46L,20-46,1,47,8.818343257904052,-5.343992267261975
PR,lopinavir,K20T-M46V,20-46,1,2,8.336753273010256,-8.471273263449897
PR,lopinavir,K20T-I47V,20-47,2,43,8.711664772033691,-7.500558603029117
PR,lopinavir,K20T-I50V,20-50,1,10,7.763823926448822,-8.122703387610445
PR,lopinavir,K20T-F53L,20-53,1,29,8.679838967323303,-7.237240331865286
PR,lopinavir,K20T-I54A,20-54,3,12,13.062452697753907,-8.33662633389339
PR,lopinavir,K20T-I54L,20-54,2,45,10.938407337665563,-6.761548032190149
PR,lopinavir,K20T-I54V,20-54,1,178,12.109316861629488,-4.8876937379378775
PR,lopinavir,K20T-G73A,20-73,4,27,9.56974983215332,-7.711471311046029
PR,lopinavir,K20T-G73S,20-73,1,147,11.005204951763156,-6.534066584346173
PR,lopinavir,K20T-G73T,20-73,1,36,10.621351981163029,-8.164086248661716
PR,lopinavir,K20T-L76V,20-76,1,28,9.65230827331543,-8.172839927696828
PR,lopinavir,K20T-V82A,20-82,1,87,12.22002398967743,-5.170711401872167
PR,lopinavir,K20T-V82C,20-82,6,47,11.304907989501952,-5.928848558925288
PR,lopinavir,K20T-I84V,20-84,1,187,10.190294647216799,-5.65467387325866
PR,lopinavir,K20T-L90M,20-90,1,357,10.704812312126162,-3.40536081599375
PR,lopinavir,L24F-V32I,24-32,1,2,9.727680373191834,-12.90876607052499
PR,lopinavir,L24F-L33F,24-33,1,17,11.088125348091125,-10.445235895583384
PR,lopinavir,L24F-M46I,24-46,1,10,10.720265489816665,-9.304310473730549
PR,lopinavir,L24F-M46L,24-46,1,14,10.121513605117798,-9.076025452509183
PR,lopinavir,L24F-I47V,24-47,2,1,9.754696589708331,-13.4644803026603
PR,lopinavir,L24F-F53L,24-53,1,5,9.742389905452729,-11.938355113444572
PR,lopinavir,L24F-I54L,24-54,2,4,12.78502593636513,-11.803174531761224
PR,lopinavir,L24F-I54V,24-54,1,16,13.04968217611313,-9.787572436418952
PR,lopinavir,L24F-G73A,24-73,4,2,10.879703664779662,-12.734541862857268
PR,lopinavir,L24F-G73S,24-73,1,13,12.464559066295624,-11.098199482433067
PR,lopinavir,L24F-G73T,24-73,1,4,11.753555953502657,-12.488701386688417
PR,lopinavir,L24F-V82A,24-82,1,15,12.831150496006014,-9.4225522746438
PR,lopinavir,L24F-V82C,24-82,6,2,11.968760550022127,-11.036535401333078
PR,lopinavir,L24F-I84V,24-84,1,8,10.862755590677263,-10.987966606211433
PR,lopinavir,L24F-L90M,24-90,1,26,12.352130663394933,-8.031317103227467
PR,lopinavir,L24I-V32I,24-32,2,2,11.405904626846315,-11.043593366407576
PR,lopinavir,L24I-L33F,24-33,2,59,10.928367650508882,-8.326419405671793
PR,lopinavir,L24I-M46I,24-46,2,148,9.144597613811495,-5.369769523398471
PR,lopinavir,L24I-M46L,24-46,2,143,10.242941784858704,-6.242322924952373
PR,lopinavir,L24I-M46V,24-46,2,1,9.614087814092638,-10.557746647002629
PR,lopinavir,L24I-I47V,24-47,4,2,9.87396788597107,-10.982879981534285
PR,lopinavir,L24I-I50V,24-50,2,1,11.109343087673189,-11.524393514224089
PR,lopinavir,L24I-F53L,24-53,2,29,10.645797741413116,-9.280691494253805
PR,lopinavir,L24I-I54A,24-54,6,15,14.867825949192047,-10.321680777328131
PR,lopinavir,L24I-I54L,24-54,4,7,11.041443705558777,-8.6333209914444
PR,lopinavir,L24I-I54V,24-54,2,266,13.2720023393631,-6.044725422020969
PR,lopinavir,L24I-G73A,24-73,8,11,9.270155858993531,-9.631204146955769
PR,lopinavir,L24I-G73S,24-73,2,14,9.95128662586212,-9.224395885899167
PR,lopinavir,L24I-G73T,24-73,2,7,9.95357033610344,-10.107957600405514
PR,lopinavir,L24I-L76V,24-76,2,19,12.906299257278446,-10.695516869583658
PR,lopinavir,L24I-V82A,24-82,2,258,13.986438965797426,-5.58351781103636
PR,lopinavir,L24I-V82C,24-82,12,54,13.22061359882355,-6.915392459477518
PR,lopinavir,L24I-I84V,24-84,2,63,10.176332294940948,-7.611506762080247
PR,lopinavir,L24I-L90M,24-90,2,10,12.955379259586335,-8.367244191496468
PR,lopinavir,V32I-L33F,32-33,1,88,8.826204717159277,-7.885479710111476
PR,lopinavir,V32I-M46I,32-46,1,196,7.312994217872621,-4.723399721678418
PR,lopinavir,V32I-M46L,32-46,1,31,7.640280842781069,-6.417229062629351
PR,lopinavir,V32I-M46V,32-46,1,3,7.168694353103638,-9.172117959026854
PR,lopinavir,V32I-I47V,32-47,2,156,7.3267999410629265,-6.0868888429083885
PR,lopinavir,V32I-I50V,32-50,1,4,8.573025941848758,-10.49726179987975
PR,lopinavir,V32I-F53L,32-53,1,48,8.615053868293765,-8.710395539236204
PR,lopinavir,V32I-I54A,32-54,3,3,14.02682332545519,-11.226476917199255
PR,lopinavir,V32I-I54L,32-54,2,88,11.251240038871765,-7.571965751975722
PR,lopinavir,V32I-I54V,32-54,1,41,12.779079008102418,-7.789751053576712
PR,lopinavir,V32I-G73A,32-73,4,21,9.020109391212463,-9.387987533764957
PR,lopinavir,V32I-G73S,32-73,1,43,11.10872383117676,-8.962443982475746
PR,lopinavir,V32I-G73T,32-73,1,10,10.61662485599518,-10.542370660696994
PR,lopinavir,V32I-L76V,32-76,1,5,10.115551090240478,-11.022317915810387
PR,lopinavir,V32I-V82A,32-82,1,168,10.647753620147705,-4.96454538947229
PR,lopinavir,V32I-V82C,32-82,6,13,9.703287410736085,-7.541813242873879
PR,lopinavir,V32I-I84V,32-84,1,51,9.203963160514832,-8.100455152298178
PR,lopinavir,V32I-L90M,32-90,1,163,10.525287508964542,-5.662245599586915
PR,lopinavir,L33F-M46I,33-46,1,219,11.53962750434876,-5.270260425803501
PR,lopinavir,L33F-M46L,33-46,1,106,11.029811871051791,-5.951547506621234
PR,lopinavir,L33F-M46V,33-46,1,3,10.437337434291841,-9.346168559361347
PR,lopinavir,L33F-I47V,33-47,2,78,9.274467718601226,-8.256704680005743
PR,lopinavir,L33F-I50V,33-50,1,31,8.056174206733704,-8.135183732798764
PR,lopinavir,L33F-F53L,33-53,1,81,9.628828620910644,-7.438413495373392
PR,lopinavir,L33F-I54A,33-54,3,53,12.899781876802445,-7.857227337670932
PR,lopinavir,L33F-I54L,33-54,2,128,10.420335841178893,-5.643528947448146
PR,lopinavir,L33F-I54V,33-54,1,241,11.804698705673221,-5.038317506933901
PR,lopinavir,L33F-G73A,33-73,4,35,9.904145801067354,-8.468474479366726
PR,lopinavir,L33F-G73S,33-73,1,94,11.119974827766418,-7.618345055344226
PR,lopinavir,L33F-G73T,33-73,1,36,10.736623495817184,-8.801418605227605
PR,lopinavir,L33F-L76V,33-76,1,50,10.042201495170593,-8.46386374559795
PR,lopinavir,L33F-V82A,33-82,1,263,12.696299636363987,-4.925705714956996
PR,lopinavir,L33F-V82C,33-82,6,70,11.72777030467987,-6.07497759568138
PR,lopinavir,L33F-I84V,33-84,1,189,9.942792987823486,-6.181349467484838
PR,lopinavir,L33F-L90M,33-90,1,340,11.994916296005252,-4.573146368096046
PR,lopinavir,M46I-I47V,46-47,2,179,8.998586344718934,-5.160817948988461
PR,lopinavir,M46I-I50V,46-50,1,49,7.621475672721863,-5.82449736178652
PR,lopinavir,M46I-F53L,46-53,1,108,9.78749704360962,-5.629016845679847
PR,lopinavir,M46I-I54A,46-54,3,46,14.579214477539065,-6.8967366848773795
PR,lopinavir,M46I-I54L,46-54,2,116,13.082437729835512,-5.604160846923779
PR,lopinavir,M46I-I54V,46-54,1,457,13.577084183692932,-3.4522350536414703
PR,lopinavir,M46I-G73A,46-73,4,60,10.342276191711425,-6.307215095607599
PR,lopinavir,M46I-G73S,46-73,1,207,11.664292126894,-5.5994912670680606
PR,lopinavir,M46I-G73T,46-73,1,93,11.614260196685793,-6.551686819302222
PR,lopinavir,M46I-L76V,46-76,1,151,8.325915265083314,-4.851790183793016
PR,lopinavir,M46I-V82A,46-82,1,404,12.023963713645935,-3.110453280263732
PR,lopinavir,M46I-V82C,46-82,6,176,11.280522084236146,-3.749704273058111
PR,lopinavir,M46I-I84V,46-84,1,385,10.128028607368469,-3.9779805564473265
PR,lopinavir,M46I-L90M,46-90,1,709,11.883778977394105,-2.421601111761534
PR,lopinavir,M46L-I47V,46-47,2,8,8.487019646167756,-7.758681543338424
PR,lopinavir,M46L-I50V,46-50,1,5,8.023392939567564,-8.317499363036164
PR,lopinavir,M46L-F53L,46-53,1,46,9.793956780433655,-6.8400548495626285
PR,lopinavir,M46L-I54A,46-54,3,20,14.864139038324359,-8.426510724287004
PR,lopinavir,M46L-I54L,46-54,2,33,12.370966708660129,-5.867972494241653
PR,lopinavir,M46L-I54V,46-54,1,346,13.465923070907595,-4.145589510684151
PR,lopinavir,M46L-G73A,46-73,4,12,9.639684689044952,-7.496772767767806
PR,lopinavir,M46L-G73S,46-73,1,43,11.434385907649995,-7.065861408814997
PR,lopinavir,M46L-G73T,46-73,1,8,10.938307523727417,-8.550629992310721
PR,lopinavir,M46L-L76V,46-76,1,25,8.651074290275576,-6.9949980848985875
PR,lopinavir,M46L-V82A,46-82,1,398,11.838690304756165,-3.0945014472287506
PR,lopinavir,M46L-V82C,46-82,6,53,10.836649131774902,-4.811623516785806
PR,lopinavir,M46L-I84V,46-84,1,97,9.454453134536745,-5.233705503064258
PR,lopinavir,M46L-L90M,46-90,1,252,11.133559584617615,-3.4495152032912926
PR,lopinavir,M46V-I47V,46-47,2,3,7.82228881120683,-9.378604421067832
PR,lopinavir,M46V-I50V,46-50,1,1,7.502504503726961,-10.587701990576738
PR,lopinavir,M46V-F53L,46-53,1,4,8.859865087270737,-9.23626190333345
PR,lopinavir,M46V-I54A,46-54,3,4,13.942885518074036,-10.5099756162307
PR,lopinavir,M46V-I54L,46-54,2,2,11.474547946453098,-8.978231338285328
PR,lopinavir,M46V-I54V,46-54,1,9,12.354658299684525,-7.365362476625345
PR,lopinavir,M46V-G73A,46-73,4,1,8.719223546981812,-10.456941901995505
PR,lopinavir,M46V-L76V,46-76,1,1,7.481233650445938,-9.803961093006118
PR,lopinavir,M46V-V82A,46-82,1,12,11.776052790880204,-6.984815958167725
PR,lopinavir,M46V-V82C,46-82,6,2,10.83616979122162,-8.096848914608517
PR,lopinavir,M46V-I84V,46-84,1,3,8.776918321847916,-8.672262085877007
PR,lopinavir,M46V-L90M,46-90,1,10,10.237708246707918,-6.454981286702401
PR,lopinavir,I47V-I50V,47-50,2,5,7.788537597656251,-10.422667391397281
PR,lopinavir,I47V-F53L,47-53,2,46,7.334065794944767,-8.125092787991054
PR,lopinavir,I47V-I54A,47-54,6,7,12.669438150525094,-10.101115510490072
PR,lopinavir,I47V-I54L,47-54,4,89,10.278694748878479,-7.181467642555512
PR,lopinavir,I47V-I54V,47-54,2,51,11.300048893690112,-6.838164032382431
PR,lopinavir,I47V-G73A,47-73,8,26,9.57486879825592,-9.19044837468351
PR,lopinavir,I47V-G73S,47-73,2,40,11.092241454124451,-8.939280184708053
PR,lopinavir,I47V-G73T,47-73,2,21,10.814183020591738,-9.841912782372297
PR,lopinavir,I47V-L76V,47-76,2,12,9.464418673515322,-10.211824213946972
PR,lopinavir,I47V-V82A,47-82,2,93,11.665277361869817,-6.440315425844827
PR,lopinavir,I47V-V82C,47-82,12,20,10.638530337810518,-7.406867751460881
PR,lopinavir,I47V-I84V,47-84,2,68,9.398316216468814,-7.6582398519471235
PR,lopinavir,I47V-L90M,47-90,2,153,11.392060256004338,-5.750613451476377
PR,lopinavir,I50V-F53L,50-53,1,9,7.478748321533203,-9.370704735585223
PR,lopinavir,I50V-I54A,50-54,3,25,13.66251221895218,-10.013740842232249
PR,lopinavir,I50V-I54V,50-54,1,31,11.812993490695954,-7.456577150969914
PR,lopinavir,I50V-G73A,50-73,4,2,7.471711957454683,-10.597775637633747
PR,lopinavir,I50V-G73S,50-73,1,8,9.35339697599411,-9.596099428762722
PR,lopinavir,I50V-G73T,50-73,1,4,8.756289124488832,-11.205488686140907
PR,lopinavir,I50V-L76V,50-76,1,7,8.317447543144228,-10.53674077599129
PR,lopinavir,I50V-V82A,50-82,1,50,11.428283190727235,-6.375601190646324
PR,lopinavir,I50V-V82C,50-82,6,6,10.525585043430329,-8.31500308700493
PR,lopinavir,I50V-L90M,50-90,1,34,10.038066387176515,-6.734805274687646
PR,lopinavir,F53L-I54A,53-54,3,3,14.012060153484345,-10.744541525310998
PR,lopinavir,F53L-I54L,53-54,2,29,11.062473952770235,-7.99853591544198
PR,lopinavir,F53L-I54V,53-54,1,161,12.12461124658585,-5.636089470215311
PR,lopinavir,F53L-G73A,53-73,4,15,8.666364729404451,-9.12537293446017
PR,lopinavir,F53L-G73S,53-73,1,38,10.734914803504944,-8.519964599732681
PR,lopinavir,F53L-G73T,53-73,1,5,10.051587140560152,-10.404217275944514
PR,lopinavir,F53L-L76V,53-76,1,13,8.882066655158997,-9.784645413472798
PR,lopinavir,F53L-V82A,53-82,1,155,12.457784128189086,-5.496253533058534
PR,lopinavir,F53L-V82C,53-82,6,33,11.180910313129425,-6.671620739451014
PR,lopinavir,F53L-I84V,53-84,1,52,9.152046656608581,-7.362079494476527
PR,lopinavir,F53L-L90M,53-90,1,164,10.161297583580017,-4.982577913587231
PR,lopinavir,I54A-G73A,54-73,12,1,13.250187337398529,-11.291708070657586
PR,lopinavir,I54A-G73S,54-73,3,4,14.941095030307771,-10.665291197147814
PR,lopinavir,I54A-G73T,54-73,3,2,13.597829085588458,-11.365451714744866
PR,lopinavir,I54A-V82A,54-82,3,125,13.413453674316417,-5.885215528515508
PR,lopinavir,I54A-V82C,54-82,18,25,12.976646953821183,-7.359757804406086
PR,lopinavir,I54A-I84V,54-84,3,14,13.891271924972537,-9.007745681804867
PR,lopinavir,I54A-L90M,54-90,3,55,15.434450554847718,-6.944914862219303
PR,lopinavir,I54L-G73A,54-73,8,17,11.545591115951538,-8.99655608138536
PR,lopinavir,I54L-G73S,54-73,2,50,13.192150521278382,-8.112040771356083
PR,lopinavir,I54L-G73T,54-73,2,28,12.193153214454654,-8.586299715056729
PR,lopinavir,I54L-L76V,54-76,2,25,11.19094091653824,-8.21547030202666
PR,lopinavir,I54L-V82A,54-82,2,76,11.92465711832047,-5.527710546075567
PR,lopinavir,I54L-V82C,54-82,12,15,11.40068768262863,-6.956360702558491
PR,lopinavir,I54L-I84V,54-84,2,106,11.42877383232117,-6.188943223015857
PR,lopinavir,I54L-L90M,54-90,2,173,13.251072728633881,-4.6005745984529085
PR,lopinavir,I54V-G73A,54-73,4,37,12.175906455516815,-7.108450800383989
PR,lopinavir,I54V-G73S,54-73,1,162,14.219428849220277,-6.420782448604521
PR,lopinavir,I54V-G73T,54-73,1,63,12.62483012676239,-7.117416293480663
PR,lopinavir,I54V-L76V,54-76,1,97,12.762718224525454,-6.850062550914893
PR,lopinavir,I54V-V82A,54-82,1,877,11.933600163459781,-2.3832296208408374
PR,lopinavir,I54V-V82C,54-82,6,235,11.198040258884431,-3.6419084900732424
PR,lopinavir,I54V-I84V,54-84,1,319,12.407100653648378,-4.634035204870271
PR,lopinavir,I54V-L90M,54-90,1,710,14.006096935272218,-2.936200470087851
PR,lopinavir,G73A-L76V,73-76,4,5,11.337205898761749,-11.07276834890168
PR,lopinavir,G73A-V82A,73-82,4,22,13.220569682121278,-7.585306647310324
PR,lopinavir,G73A-V82C,73-82,24,12,12.23995395898819,-8.271029165507198
PR,lopinavir,G73A-I84V,73-84,4,32,10.903485095500947,-8.322315502314845
PR,lopinavir,G73A-L90M,73-90,4,82,10.028820049762727,-5.617499372707566
PR,lopinavir,G73S-L76V,73-76,1,8,12.262074065208436,-10.712515394105177
PR,lopinavir,G73S-V82A,73-82,1,128,14.345466375350954,-6.2493021808864775
PR,lopinavir,G73S-V82C,73-82,6,37,13.025234806537629,-7.451628455779337
PR,lopinavir,G73S-I84V,73-84,1,161,12.077976274490357,-7.119016995373624
PR,lopinavir,G73S-L90M,73-90,1,431,11.461201083660127,-4.125668035100513
PR,lopinavir,G73T-L76V,73-76,1,2,12.544023156166077,-12.055901988576151
PR,lopinavir,G73T-V82A,73-82,1,23,14.257685101032257,-8.065580196096684
PR,lopinavir,G73T-V82C,73-82,6,6,13.450039607286453,-9.23855438346203
PR,lopinavir,G73T-I84V,73-84,1,80,11.760194945335389,-7.740785017917537
PR,lopinavir,G73T-L90M,73-90,1,136,10.694448280334473,-5.3744448930599225
PR,lopinavir,L76V-V82A,76-82,1,65,13.988286006450654,-7.241456862430752
PR,lopinavir,L76V-V82C,76-82,6,26,12.950613248348237,-7.935818697261622
PR,lopinavir,L76V-I84V,76-84,1,49,10.45177440643311,-8.203775956843785
PR,lopinavir,L76V-L90M,76-90,1,80,12.531924414634707,-6.79443300008291
PR,lopinavir,V82A-I84V,82-84,1,143,13.952487194538119,-5.610013581507052
PR,lopinavir,V82A-L90M,82-90,1,594,13.693894410133364,-2.8297584340341664
PR,lopinavir,V82C-I84V,82-84,6,102,12.949749422073365,-5.88680962642521
PR,lopinavir,V82C-L90M,82-90,6,185,13.099372208118439,-3.8334675844726127
PR,lopinavir,I84V-L90M,84-90,1,542,11.676586294174195,-3.6197096255740018
PR,nelfinavir,L10F-D30N,10-30,1,45,8.211980628967286,-5.935436813475894
PR,nelfinavir,L10F-M46I,10-46,1,235,12.47236992120743,-2.8590135813411814
PR,nelfinavir,L10F-M46L,10-46,1,74,12.54261637926102,-4.165646548898019
PR,nelfinavir,L10F-M46V,10-46,1,1,11.031241869926454,-7.659115457417355
PR,nelfinavir,L10F-V82A,10-82,1,138,14.101703727245333,-3.6681052281747974
PR,nelfinavir,L10F-V82C,10-82,6,52,13.658082377910615,-4.688059688747034
PR,nelfinavir,L10F-I84V,10-84,1,191,10.687445282936096,-3.890942573474293
PR,nelfinavir,L10F-N88D,10-88,1,56,10.791301035881043,-5.917507868572
PR,nelfinavir,L10F-N88G,10-88,2,2,10.515332993865014,-9.224481773625687
PR,nelfinavir,L10F-N88S,10-88,1,6,7.745385730266571,-7.184582479595616
PR,nelfinavir,L10F-L90M,10-90,1,277,14.693542551994325,-2.939782738577307
PR,nelfinavir,D30N-M46I,30-46,1,40,7.410876917839052,-6.009474944102785
PR,nelfinavir,D30N-M46L,30-46,1,10,6.6824406623840344,-7.118231782186679
PR,nelfinavir,D30N-M46V,30-46,1,3,6.882643592357639,-9.178418186498764
PR,nelfinavir,D30N-V82A,30-82,1,7,9.530086398124695,-6.991552630510514
PR,nelfinavir,D30N-V82C,30-82,6,1,8.437161850929261,-7.9620098055348505
PR,nelfinavir,D30N-I84V,30-84,1,13,9.025801110267643,-8.167421011958147
PR,nelfinavir,D30N-N88D,30-88,1,247,9.275145173072815,-5.257490958390846
PR,nelfinavir,D30N-N88G,30-88,2,1,8.674841678142549,-10.911614489152166
PR,nelfinavir,D30N-N88S,30-88,1,1,11.561597609519957,-10.266659060331966
PR,nelfinavir,D30N-L90M,30-90,1,34,9.636867141723634,-6.39898238747989
PR,nelfinavir,M46I-V82A,46-82,1,404,12.023963713645935,-3.110453280263732
PR,nelfinavir,M46I-V82C,46-82,6,176,11.280522084236146,-3.749704273058111
PR,nelfinavir,M46I-I84V,46-84,1,385,10.128028607368469,-3.9779805564473265
PR,nelfinavir,M46I-N88D,46-88,1,44,7.9332474350929285,-6.25873712157201
PR,nelfinavir,M46I-N88G,46-88,2,14,7.375776812434199,-7.466239818196007
PR,nelfinavir,M46I-N88S,46-88,1,36,5.907537341117859,-5.806942451214206
PR,nelfinavir,M46I-L90M,46-90,1,709,11.883778977394105,-2.421601111761534
PR,nelfinavir,M46L-V82A,46-82,1,398,11.838690304756165,-3.0945014472287506
PR,nelfinavir,M46L-V82C,46-82,6,53,10.836649131774902,-4.811623516785806
PR,nelfinavir,M46L-I84V,46-84,1,97,9.454453134536745,-5.233705503064258
PR,nelfinavir,M46L-N88D,46-88,1,14,7.488530611991882,-7.229739868727019
PR,nelfinavir,M46L-N88G,46-88,2,2,6.319715705513954,-9.45737686534453
PR,nelfinavir,M46L-N88S,46-88,1,5,4.6937154769897464,-7.499628924083898
PR,nelfinavir,M46L-L90M,46-90,1,252,11.133559584617615,-3.4495152032912926
PR,nelfinavir,M46V-V82A,46-82,1,12,11.776052790880204,-6.984815958167725
PR,nelfinavir,M46V-V82C,46-82,6,2,10.83616979122162,-8.096848914608517
PR,nelfinavir,M46V-I84V,46-84,1,3,8.776918321847916,-8.672262085877007
PR,nelfinavir,M46V-N88D,46-88,1,1,7.874027681350708,-10.613174727551913
PR,nelfinavir,M46V-N88S,46-88,1,1,5.573845869302749,-10.170744393923158
PR,nelfinavir,M46V-L90M,46-90,1,10,10.237708246707918,-6.454981286702401
PR,nelfinavir,V82A-I84V,82-84,1,143,13.952487194538119,-5.610013581507052
PR,nelfinavir,V82A-N88D,82-88,1,15,10.377789390087129,-7.0313230461759035
PR,nelfinavir,V82A-N88G,82-88,2,1,11.07224795818329,-9.890468548242191
PR,nelfinavir,V82A-N88S,82-88,1,1,9.05131540298462,-8.098129625923788
PR,nelfinavir,V82A-L90M,82-90,1,594,13.693894410133364,-2.8297584340341664
PR,nelfinavir,V82C-I84V,82-84,6,102,12.949749422073365,-5.88680962642521
PR,nelfinavir,V82C-N88D,82-88,6,3,9.38142466545105,-8.319084744961792
PR,nelfinavir,V82C-N88S,82-88,6,1,7.912855076789855,-8.580545029472136
PR,nelfinavir,V82C-L90M,82-90,6,185,13.099372208118439,-3.8334675844726127
PR,nelfinavir,I84V-N88D,84-88,1,25,8.552273678779603,-7.98372502720339
PR,nelfinavir,I84V-N88G,84-88,2,6,8.894334131479265,-10.185180788723043
PR,nelfinavir,I84V-N88S,84-88,1,4,7.8987010598182685,-9.089026499136095
PR,nelfinavir,I84V-L90M,84-90,1,542,11.676586294174195,-3.6197096255740018
PR,nelfinavir,N88D-L90M,88-90,1,62,9.900145387649538,-6.002149951889876
PR,nelfinavir,N88G-L90M,88-90,2,10,10.42501306831837,-8.520227415048096
PR,nelfinavir,N88S-L90M,88-90,1,8,9.502749860286714,-7.499606338528274
PR,saquinavir,L10F-L24F,10-24,1,4,13.897215127944948,-10.012553671264659
PR,saquinavir,L10F-L24I,10-24,2,43,11.879463756084444,-6.500578198100452
PR,saquinavir,L10F-G48A,10-48,7,3,11.155667078495028,-7.74907153256094
PR,saquinavir,L10F-I54A,10-54,3,6,14.234322857856762,-7.239187113129112
PR,saquinavir,L10F-I54L,10-54,2,69,13.31583836078644,-5.098743055891344
PR,saquinavir,L10F-I54V,10-54,1,213,14.345704770088197,-3.293906581631475
PR,saquinavir,L10F-G73A,10-73,4,21,12.664261567592625,-7.1227059688699645
PR,saquinavir,L10F-G73S,10-73,1,67,13.957409828901294,-6.429602599061778
PR,saquinavir,L10F-G73T,10-73,1,42,12.66646500825882,-6.771052090353911
PR,saquinavir,L10F-V82A,10-82,1,138,14.101703727245333,-3.6681052281747974
PR,saquinavir,L10F-V82C,10-82,6,52,13.658082377910615,-4.688059688747034
PR,saquinavir,L10F-I84V,10-84,1,191,10.687445282936096,-3.890942573474293
PR,saquinavir,L10F-L90M,10-90,1,277,14.693542551994325,-2.939782738577307
PR,saquinavir,L24F-I54L,24-54,2,4,12.78502593636513,-11.803174531761224
PR,saquinavir,L24F-I54V,24-54,1,16,13.04968217611313,-9.787572436418952
PR,saquinavir,L24F-G73A,24-73,4,2,10.879703664779662,-12.734541862857268
PR,saquinavir,L24F-G73S,24-73,1,13,12.464559066295624,-11.098199482433067
PR,saquinavir,L24F-G73T,24-73,1,4,11.753555953502657,-12.488701386688417
PR,saquinavir,L24F-V82A,24-82,1,15,12.831150496006014,-9.4225522746438
PR,saquinavir,L24F-V82C,24-82,6,2,11.968760550022127,-11.036535401333078
PR,saquinavir,L24F-I84V,24-84,1,8,10.862755590677263,-10.987966606211433
PR,saquinavir,L24F-L90M,24-90,1,26,12.352130663394933,-8.031317103227467
PR,saquinavir,L24I-G48A,24-48,14,27,14.539082252979277,-10.742548583079971
PR,saquinavir,L24I-I54A,24-54,6,15,14.867825949192047,-10.321680777328131
PR,saquinavir,L24I-I54L,24-54,4,7,11.041443705558777,-8.6333209914444
PR,saquinavir,L24I-I54V,24-54,2,266,13.2720023393631,-6.044725422020969
PR,saquinavir,L24I-G73A,24-73,8,11,9.270155858993531,-9.631204146955769
PR,saquinavir,L24I-G73S,24-73,2,14,9.95128662586212,-9.224395885899167
PR,saquinavir,L24I-G73T,24-73,2,7,9.95357033610344,-10.107957600405514
PR,saquinavir,L24I-V82A,24-82,2,258,13.986438965797426,-5.58351781103636
PR,saquinavir,L24I-V82C,24-82,12,54,13.22061359882355,-6.915392459477518
PR,saquinavir,L24I-I84V,24-84,2,63,10.176332294940948,-7.611506762080247
PR,saquinavir,L24I-L90M,24-90,2,10,12.955379259586335,-8.367244191496468
PR,saquinavir,G48A-I54A,48-54,21,106,13.950734692811965,-7.969615118312543
PR,saquinavir,G48A-I54L,48-54,14,8,10.784097146987918,-8.500461244635323
PR,saquinavir,G48A-I54V,48-54,7,155,12.647689664363863,-6.368720451884637
PR,saquinavir,G48A-G73A,48-73,28,1,9.82836939096451,-11.149290056422274
PR,saquinavir,G48A-G73S,48-73,7,3,11.411822867393493,-10.678042940795422
PR,saquinavir,G48A-V82A,48-82,7,249,12.917510461807256,-5.175065512101829
PR,saquinavir,G48A-V82C,48-82,42,44,11.858220982551577,-6.520193314948975
PR,saquinavir,G48A-I84V,48-84,7,64,9.129149174690246,-7.237785142863695
PR,saquinavir,G48A-L90M,48-90,7,109,11.27283697128296,-6.381101597728772
PR,saquinavir,I54A-G73A,54-73,12,1,13.250187337398529,-11.291708070657586
PR,saquinavir,I54A-G73S,54-73,3,4,14.941095030307771,-10.665291197147814
PR,saquinavir,I54A-G73T,54-73,3,2,13.597829085588458,-11.365451714744866
PR,saquinavir,I54A-V82A,54-82,3,125,13.413453674316417,-5.885215528515508
PR,saquinavir,I54A-V82C,54-82,18,25,12.976646953821183,-7.359757804406086
PR,saquinavir,I54A-I84V,54-84,3,14,13.891271924972537,-9.007745681804867
PR,saquinavir,I54A-L90M,54-90,3,55,15.434450554847718,-6.944914862219303
PR,saquinavir,I54L-G73A,54-73,8,17,11.545591115951538,-8.99655608138536
PR,saquinavir,I54L-G73S,54-73,2,50,13.192150521278382,-8.112040771356083
PR,saquinavir,I54L-G73T,54-73,2,28,12.193153214454654,-8.586299715056729
PR,saquinavir,I54L-V82A,54-82,2,76,11.92465711832047,-5.527710546075567
PR,saquinavir,I54L-V82C,54-82,12,15,11.40068768262863,-6.956360702558491
PR,saquinavir,I54L-I84V,54-84,2,106,11.42877383232117,-6.188943223015857
PR,saquinavir,I54L-L90M,54-90,2,173,13.251072728633881,-4.6005745984529085
PR,saquinavir,I54V-G73A,54-73,4,37,12.175906455516815,-7.108450800383989
PR,saquinavir,I54V-G73S,54-73,1,162,14.219428849220277,-6.420782448604521
PR,saquinavir,I54V-G73T,54-73,1,63,12.62483012676239,-7.117416293480663
PR,saquinavir,I54V-V82A,54-82,1,877,11.933600163459781,-2.3832296208408374
PR,saquinavir,I54V-V82C,54-82,6,235,11.198040258884431,-3.6419084900732424
PR,saquinavir,I54V-I84V,54-84,1,319,12.407100653648378,-4.634035204870271
PR,saquinavir,I54V-L90M,54-90,1,710,14.006096935272218,-2.936200470087851
PR,saquinavir,G73A-V82A,73-82,4,22,13.220569682121278,-7.585306647310324
PR,saquinavir,G73A-V82C,73-82,24,12,12.23995395898819,-8.271029165507198
PR,saquinavir,G73A-I84V,73-84,4,32,10.903485095500947,-8.322315502314845
PR,saquinavir,G73A-L90M,73-90,4,82,10.028820049762727,-5.617499372707566
PR,saquinavir,G73S-V82A,73-82,1,128,14.345466375350954,-6.2493021808864775
PR,saquinavir,G73S-V82C,73-82,6,37,13.025234806537629,-7.451628455779337
PR,saquinavir,G73S-I84V,73-84,1,161,12.077976274490357,-7.119016995373624
PR,saquinavir,G73S-L90M,73-90,1,431,11.461201083660127,-4.125668035100513
PR,saquinavir,G73T-V82A,73-82,1,23,14.257685101032257,-8.065580196096684
PR,saquinavir,G73T-V82C,73-82,6,6,13.450039607286453,-9.23855438346203
PR,saquinavir,G73T-I84V,73-84,1,80,11.760194945335389,-7.740785017917537
PR,saquinavir,G73T-L90M,73-90,1,136,10.694448280334473,-5.3744448930599225
PR,saquinavir,V82A-I84V,82-84,1,143,13.952487194538119,-5.610013581507052
PR,saquinavir,V82A-L90M,82-90,1,594,13.693894410133364,-2.8297584340341664
PR,saquinavir,V82C-I84V,82-84,6,102,12.949749422073365,-5.88680962642521
PR,saquinavir,V82C-L90M,82-90,6,185,13.099372208118439,-3.8334675844726127
PR,saquinavir,I84V-L90M,84-90,1,542,11.676586294174195,-3.6197096255740018
PR,tipranavir,L10F-L33F,10-33,1,126,13.632913422584533,-4.95981165905028
PR,tipranavir,L10F-K43T,10-43,1,36,12.512998771667482,-6.36260828224456
PR,tipranavir,L10F-M46I,10-46,1,235,12.47236992120743,-2.8590135813411814
PR,tipranavir,L10F-M46L,10-46,1,74,12.54261637926102,-4.165646548898019
PR,tipranavir,L10F-M46V,10-46,1,1,11.031241869926454,-7.659115457417355
PR,tipranavir,L10F-I47V,10-47,2,55,12.019021916389466,-6.387803763730513
PR,tipranavir,L10F-I54A,10-54,3,6,14.234322857856762,-7.239187113129112
PR,tipranavir,L10F-I54L,10-54,2,69,13.31583836078644,-5.098743055891344
PR,tipranavir,L10F-I54V,10-54,1,213,14.345704770088197,-3.293906581631475
PR,tipranavir,L10F-Q58E,10-58,1,40,11.532097792625434,-5.726081447778906
PR,tipranavir,L10F-T74P,10-74,1,45,10.942487335205083,-5.2570550343070686
PR,tipranavir,L10F-V82A,10-82,1,138,14.101703727245333,-3.6681052281747974
PR,tipranavir,L10F-V82C,10-82,6,52,13.658082377910615,-4.688059688747034
PR,tipranavir,L10F-N83D,10-83,1,4,12.448886382579802,-9.416194212971657
PR,tipranavir,L10F-I84V,10-84,1,191,10.687445282936096,-3.890942573474293
PR,tipranavir,L10F-L89T,10-89,2,42,13.017808771133422,-6.991242824159851
PR,tipranavir,L33F-K43T,33-43,1,87,9.917743897438053,-7.803633171331705
PR,tipranavir,L33F-M46I,33-46,1,219,11.53962750434876,-5.270260425803501
PR,tipranavir,L33F-M46L,33-46,1,106,11.029811871051791,-5.951547506621234
PR,tipranavir,L33F-M46V,33-46,1,3,10.437337434291841,-9.346168559361347
PR,tipranavir,L33F-I47V,33-47,2,78,9.274467718601226,-8.256704680005743
PR,tipranavir,L33F-I54A,33-54,3,53,12.899781876802445,-7.857227337670932
PR,tipranavir,L33F-I54L,33-54,2,128,10.420335841178893,-5.643528947448146
PR,tipranavir,L33F-I54V,33-54,1,241,11.804698705673221,-5.038317506933901
PR,tipranavir,L33F-Q58E,33-58,1,74,9.169321775436403,-7.185829522370666
PR,tipranavir,L33F-T74P,33-74,1,68,8.789908146858215,-7.090339358505873
PR,tipranavir,L33F-V82A,33-82,1,263,12.696299636363987,-4.925705714956996
PR,tipranavir,L33F-V82C,33-82,6,70,11.72777030467987,-6.07497759568138
PR,tipranavir,L33F-N83D,33-83,1,12,9.490943479537968,-10.415498582217614
PR,tipranavir,L33F-I84V,33-84,1,189,9.942792987823486,-6.181349467484838
PR,tipranavir,L33F-L89T,33-89,2,51,10.86198939085007,-9.033865259365944
PR,tipranavir,K43T-M46I,43-46,1,114,10.101642978191377,-5.843846218400812
PR,tipranavir,K43T-M46L,43-46,1,48,10.399077332019807,-7.1487361054906655
PR,tipranavir,K43T-M46V,43-46,1,1,9.551804518699647,-10.608196880274344
PR,tipranavir,K43T-I47V,43-47,2,48,8.233276367187507,-8.879008115706036
PR,tipranavir,K43T-I54A,43-54,3,26,13.773672530055046,-9.555482218957355
PR,tipranavir,K43T-I54L,43-54,2,49,10.700979042053223,-7.207534883561464
PR,tipranavir,K43T-I54V,43-54,1,144,12.41291515827179,-5.991509493347298
PR,tipranavir,K43T-Q58E,43-58,1,4,9.231519424915314,-9.884254594538655
PR,tipranavir,K43T-T74P,43-74,1,38,8.083787465095522,-7.75564744758131
PR,tipranavir,K43T-V82A,43-82,1,191,11.579688739776612,-4.929425191336463
PR,tipranavir,K43T-V82C,43-82,6,38,10.21796406507492,-6.131374527850627
PR,tipranavir,K43T-N83D,43-83,1,2,9.359890651702884,-12.31439591557205
PR,tipranavir,K43T-I84V,43-84,1,51,9.142699575424196,-7.6976811971469745
PR,tipranavir,K43T-L89T,43-89,2,30,8.791711694002153,-9.306669937684845
PR,tipranavir,M46I-I47V,46-47,2,179,8.998586344718934,-5.160817948988461
PR,tipranavir,M46I-I54A,46-54,3,46,14.579214477539065,-6.8967366848773795
PR,tipranavir,M46I-I54L,46-54,2,116,13.082437729835512,-5.604160846923779
PR,tipranavir,M46I-I54V,46-54,1,457,13.577084183692932,-3.4522350536414703
PR,tipranavir,M46I-Q58E,46-58,1,123,8.655632400512697,-4.891550866103423
PR,tipranavir,M46I-T74P,46-74,1,97,8.477656769752503,-5.032996266628836
PR,tipranavir,M46I-V82A,46-82,1,404,12.023963713645935,-3.110453280263732
PR,tipranavir,M46I-V82C,46-82,6,176,11.280522084236146,-3.749704273058111
PR,tipranavir,M46I-N83D,46-83,1,10,9.24369537830353,-8.902270734663759
PR,tipranavir,M46I-I84V,46-84,1,385,10.128028607368469,-3.9779805564473265
PR,tipranavir,M46I-L89T,46-89,2,88,10.5710164308548,-6.722702563582755
PR,tipranavir,M46L-I47V,46-47,2,8,8.487019646167756,-7.758681543338424
PR,tipranavir,M46L-I54A,46-54,3,20,14.864139038324359,-8.426510724287004
PR,tipranavir,M46L-I54L,46-54,2,33,12.370966708660129,-5.867972494241653
PR,tipranavir,M46L-I54V,46-54,1,346,13.465923070907595,-4.145589510684151
PR,tipranavir,M46L-Q58E,46-58,1,71,8.657245564460757,-5.79531254027228
PR,tipranavir,M46L-T74P,46-74,1,74,8.219198799133302,-5.518128576488503
PR,tipranavir,M46L-V82A,46-82,1,398,11.838690304756165,-3.0945014472287506
PR,tipranavir,M46L-V82C,46-82,6,53,10.836649131774902,-4.811623516785806
PR,tipranavir,M46L-N83D,46-83,1,3,9.026478290557863,-10.238479262614547
PR,tipranavir,M46L-I84V,46-84,1,97,9.454453134536745,-5.233705503064258
PR,tipranavir,M46L-L89T,46-89,2,16,10.107337081432343,-7.874649642654507
PR,tipranavir,M46V-I47V,46-47,2,3,7.82228881120683,-9.378604421067832
PR,tipranavir,M46V-I54A,46-54,3,4,13.942885518074036,-10.5099756162307
PR,tipranavir,M46V-I54L,46-54,2,2,11.474547946453098,-8.978231338285328
PR,tipranavir,M46V-I54V,46-54,1,9,12.354658299684525,-7.365362476625345
PR,tipranavir,M46V-Q58E,46-58,1,4,7.784924703836442,-8.597310779583616
PR,tipranavir,M46V-V82A,46-82,1,12,11.776052790880204,-6.984815958167725
PR,tipranavir,M46V-V82C,46-82,6,2,10.83616979122162,-8.096848914608517
PR,tipranavir,M46V-I84V,46-84,1,3,8.776918321847916,-8.672262085877007
PR,tipranavir,I47V-I54A,47-54,6,7,12.669438150525094,-10.101115510490072
PR,tipranavir,I47V-I54L,47-54,4,89,10.278694748878479,-7.181467642555512
PR,tipranavir,I47V-I54V,47-54,2,51,11.300048893690112,-6.838164032382431
PR,tipranavir,I47V-Q58E,47-58,2,19,7.5147253513336185,-8.619407216796159
PR,tipranavir,I47V-T74P,47-74,2,12,7.276004886627198,-8.75271714553759
PR,tipranavir,I47V-V82A,47-82,2,93,11.665277361869817,-6.440315425844827
PR,tipranavir,I47V-V82C,47-82,12,20,10.638530337810518,-7.406867751460881
PR,tipranavir,I47V-N83D,47-83,2,2,8.652946162223818,-12.623229984905173
PR,tipranavir,I47V-I84V,47-84,2,68,9.398316216468814,-7.6582398519471235
PR,tipranavir,I47V-L89T,47-89,4,47,9.243812966346741,-9.534035152804934
PR,tipranavir,I54A-Q58E,54-58,3,12,12.753976631164551,-9.184528116789204
PR,tipranavir,I54A-T74P,54-74,3,29,13.221319189667703,-8.803882409077001
PR,tipranavir,I54A-V82A,54-82,3,125,13.413453674316417,-5.885215528515508
PR,tipranavir,I54A-V82C,54-82,18,25,12.976646953821183,-7.359757804406086
PR,tipranavir,I54A-I84V,54-84,3,14,13.891271924972537,-9.007745681804867
PR,tipranavir,I54A-L89T,54-89,6,6,13.231986784935001,-10.426151741784059
PR,tipranavir,I54L-Q58E,54-58,2,36,9.977693414688112,-6.82875219985921
PR,tipranavir,I54L-T74P,54-74,2,23,9.651258480548861,-7.066257948784611
PR,tipranavir,I54L-V82A,54-82,2,76,11.92465711832047,-5.527710546075567
PR,tipranavir,I54L-V82C,54-82,12,15,11.40068768262863,-6.956360702558491
PR,tipranavir,I54L-N83D,54-83,2,2,11.543304896354673,-12.066092044282085
PR,tipranavir,I54L-I84V,54-84,2,106,11.42877383232117,-6.188943223015857
PR,tipranavir,I54L-L89T,54-89,4,52,11.481820189952852,-8.226284007474963
PR,tipranavir,I54V-Q58E,54-58,1,170,11.446246957778932,-5.313029290884472
PR,tipranavir,I54V-T74P,54-74,1,134,11.335571885108948,-5.459027878722199
PR,tipranavir,I54V-V82A,54-82,1,877,11.933600163459781,-2.3832296208408374
PR,tipranavir,I54V-V82C,54-82,6,235,11.198040258884431,-3.6419084900732424
PR,tipranavir,I54V-N83D,54-83,1,10,12.615780138969422,-9.642926244915262
PR,tipranavir,I54V-I84V,54-84,1,319,12.407100653648378,-4.634035204870271
PR,tipranavir,I54V-L89T,54-89,2,53,12.259187138080598,-7.070952212223343
PR,tipranavir,Q58E-T74P,58-74,1,19,7.454879903793335,-7.9276513190016855
PR,tipranavir,Q58E-V82A,58-82,1,139,11.688425552845,-5.193012808999878
PR,tipranavir,Q58E-V82C,58-82,6,41,10.716367053985596,-6.391104736308292
PR,tipranavir,Q58E-N83D,58-83,1,3,8.530555677413943,-11.464695746515552
PR,tipranavir,Q58E-I84V,58-84,1,92,8.924146604537965,-6.572232316557037
PR,tipranavir,Q58E-L89T,58-89,2,18,8.475619375705719,-9.124264414016086
PR,tipranavir,T74P-V82A,74-82,1,130,11.804013001918792,-5.127311156549525
PR,tipranavir,T74P-V82C,74-82,6,43,10.784310138225555,-6.005847262291013
PR,tipranavir,T74P-N83D,74-83,1,1,8.11189575195313,-11.634538453073615
PR,tipranavir,T74P-I84V,74-84,1,92,7.634096002578735,-5.972031210548197
PR,tipranavir,T74P-L89T,74-89,2,13,7.491431558132173,-8.850303418561165
PR,tipranavir,V82A-N83D,82-83,1,4,12.895825076103211,-10.013004855101768
PR,tipranavir,V82A-I84V,82-84,1,143,13.952487194538119,-5.610013581507052
PR,tipranavir,V82A-L89T,82-89,2,50,12.632274413108826,-7.04973788842063
PR,tipranavir,V82C-I84V,82-84,6,102,12.949749422073365,-5.88680962642521
PR,tipranavir,V82C-L89T,82-89,12,19,11.48133563399315,-7.962647726020128
PR,tipranavir,N83D-I84V,83-84,1,16,9.04830710887909,-9.369449965413105
PR,tipranavir,I84V-L89T,84-89,2,60,10.1685296535492,-8.324258180299282
RT,zidovudine,M41L-D67E,41-67,1,86,13.693108841776848,-5.274210140657356
RT,zidovudine,M41L-D67G,41-67,4,346,15.610505247116087,-3.9093039726381007
RT,zidovudine,M41L-D67N,41-67,1,4040,16.773991894721984,-1.5270021806261533
RT,zidovudine,M41L-K70E,41-70,4,87,11.264360845088953,-4.938435214796698
RT,zidovudine,M41L-K70G,41-70,2,47,11.875023356080055,-5.764012088380017
RT,zidovudine,M41L-K70R,41-70,1,1307,12.622660946846008,-3.271603411984491
RT,zidovudine,M41L-L210W,41-210,1,4939,18.73904585838317,-2.389224260824974
RT,zidovudine,M41L-T215F,41-215,3,1098,14.915850511193272,-1.1675513446400119
RT,zidovudine,M41L-T215Y,41-215,1,6114,17.861515203118323,0.6265883532205143
RT,zidovudine,M41L-T215A,41-215,7,274,14.21232464760542,-1.8702267401372223
RT,zidovudine,M41L-K219E,41-219,2,734,14.941278612613678,-3.713062294760312
RT,zidovudine,M41L-K219N,41-219,2,1495,15.527419674396512,-3.5447568639664926
RT,zidovudine,M41L-K219Q,41-219,1,845,14.82887827157974,-3.897073762533462
RT,zidovudine,D67E-K70E,67-70,4,3,5.2619247913360585,-9.098136843730634
RT,zidovudine,D67E-K70G,67-70,2,1,6.689341637492179,-9.81920969044312
RT,zidovudine,D67E-K70R,67-70,1,9,7.927729724347591,-7.186148813994972
RT,zidovudine,D67E-L210W,67-210,1,76,13.45677578449249,-6.737985936270817
RT,zidovudine,D67E-T215F,67-215,3,15,12.65847147554159,-4.966747627112898
RT,zidovudine,D67E-T215Y,67-215,1,87,15.778618252277367,-3.824492161200505
RT,zidovudine,D67E-T215A,67-215,7,5,11.933894342184066,-6.010468736160093
RT,zidovudine,D67E-K219E,67-219,2,1,9.334207801520824,-8.086892748238068
RT,zidovudine,D67E-K219N,67-219,2,7,8.74825693666935,-8.581344173901012
RT,zidovudine,D67E-K219Q,67-219,1,2,9.588512578606604,-8.009055809050505
RT,zidovudine,D67G-K70E,67-70,16,37,7.168611586093899,-6.722859722242959
RT,zidovudine,D67G-K70G,67-70,8,16,8.844857412576676,-7.650304073768878
RT,zidovudine,D67G-K70R,67-70,4,369,10.866918587684616,-4.790580703078539
RT,zidovudine,D67G-L210W,67-210,4,230,15.109864908456801,-5.51967176842392
RT,zidovudine,D67G-T215F,67-215,12,228,15.357748091220852,-3.4408982448752266
RT,zidovudine,D67G-T215Y,67-215,4,284,17.871683236956592,-2.5670399984419174
RT,zidovudine,D67G-T215A,67-215,28,22,14.064925199747083,-4.365603864217515
RT,zidovudine,D67G-K219E,67-219,8,208,11.496829557418824,-5.2908169913443475
RT,zidovudine,D67G-K219N,67-219,8,153,9.587956905364983,-5.719505301124419
RT,zidovudine,D67G-K219Q,67-219,4,169,12.110173046588896,-5.742109229488709
RT,zidovudine,D67N-K70E,67-70,4,59,7.861429297924039,-5.426553846489356
RT,zidovudine,D67N-K70G,67-70,2,89,9.529516392946244,-5.4911663670368815
RT,zidovudine,D67N-K70R,67-70,1,2943,11.365990698337555,-2.5155992979641644
RT,zidovudine,D67N-L210W,67-210,1,3024,16.412187528610225,-3.0619544303158217
RT,zidovudine,D67N-T215F,67-215,3,1783,16.154821801185605,-1.1407682991684542
RT,zidovudine,D67N-T215Y,67-215,1,3455,18.8139826491475,-0.04529384418183116
RT,zidovudine,D67N-T215A,67-215,7,199,14.930639681220054,-2.0247897372452095
RT,zidovudine,D67N-K219E,67-219,2,1175,11.900383949279785,-3.1357709245966463
RT,zidovudine,D67N-K219N,67-219,2,1089,10.96683719158172,-4.159697651763726
RT,zidovudine,D67N-K219Q,67-219,1,2082,12.531078779697413,-2.9815497539609104
RT,zidovudine,K70E-L210W,70-210,4,69,11.061750000715254,-6.494989073661897
RT,zidovudine,K70E-T215F,70-215,12,9,11.703600478172302,-4.932227857735899
RT,zidovudine,K70E-T215Y,70-215,4,85,14.498842060379676,-3.5217514333913016
RT,zidovudine,K70E-T215A,70-215,28,9,10.429037773609162,-5.215330872121182
RT,zidovudine,K70E-K219E,70-219,8,9,7.845163106918333,-7.745222347270788
RT,zidovudine,K70E-K219N,70-219,8,34,6.674128353595731,-7.379929599732493
RT,zidovudine,K70E-K219Q,70-219,4,5,9.38558984994888,-7.775261275716358
RT,zidovudine,K70G-L210W,70-210,2,24,11.656232607364652,-7.549997585257435
RT,zidovudine,K70G-T215F,70-215,6,39,12.418337666988373,-4.943274129456241
RT,zidovudine,K70G-T215Y,70-215,2,44,14.588188001513476,-4.266959286955735
RT,zidovudine,K70G-T215A,70-215,14,4,10.699938100576398,-6.094237543028135
RT,zidovudine,K70G-K219E,70-219,4,8,9.771209722757341,-8.20144262745304
RT,zidovudine,K70G-K219N,70-219,4,4,7.432816851139068,-8.745561503988728
RT,zidovudine,K70G-K219Q,70-219,2,48,11.455873385071753,-7.3776886947946
RT,zidovudine,K70R-L210W,70-210,1,485,11.998676991462707,-5.156263584221193
RT,zidovudine,K70R-T215F,70-215,3,1796,13.784992930293082,-2.24628880964049
RT,zidovudine,K70R-T215Y,70-215,1,758,14.894471669197081,-1.7521602354099999
RT,zidovudine,K70R-T215A,70-215,7,114,11.562802588939666,-3.5550402912684906
RT,zidovudine,K70R-K219E,70-219,2,1173,10.78702906370163,-3.807859432769341
RT,zidovudine,K70R-K219N,70-219,2,43,7.704577994346619,-6.112348370106535
RT,zidovudine,K70R-K219Q,70-219,1,2016,13.396619755029676,-3.9447008843510503
RT,zidovudine,L210W-T215F,210-215,3,257,16.778067253530015,-2.9465959998296207
RT,zidovudine,L210W-T215Y,210-215,1,4775,19.798120803385967,-0.7001829635566555
RT,zidovudine,L210W-T215A,210-215,7,193,15.29581645131111,-2.796111053658784
RT,zidovudine,L210W-K219E,210-219,2,429,14.067899060249328,-5.295812416059736
RT,zidovudine,L210W-K219N,210-219,2,1450,14.737451440095896,-4.69734898321676
RT,zidovudine,L210W-K219Q,210-219,1,253,14.06282542347908,-5.974230957231003
RT,zidovudine,T215F-K219E,215-219,6,664,14.71569347977638,-2.492236719849387
RT,zidovudine,T215F-K219N,215-219,6,24,15.232166497409342,-3.883906225673175
RT,zidovudine,T215F-K219Q,215-219,3,1321,15.45907554924488,-2.5508013191488623
RT,zidovudine,T215Y-K219E,215-219,2,577,16.701863899826996,-1.9992356868191965
RT,zidovudine,T215Y-K219N,215-219,2,1490,18.53985133767128,-2.023271700888453
RT,zidovudine,T215Y-K219Q,215-219,1,339,17.10367522537708,-2.730912499730275
RT,zidovudine,T215A-K219E,215-219,14,53,13.089160048961638,-3.9618724027276504
RT,zidovudine,T215A-K219N,215-219,14,28,14.310904383659363,-4.157605398212059
RT,zidovudine,T215A-K219Q,215-219,7,99,13.525674498081202,-3.7446231840492206
RT,stavudine,M41L-K65E,41-65,1,10,11.547760486602783,-7.355975354193393
RT,stavudine,M41L-K65N,41-65,1,2,9.644271355867383,-8.195910650471491
RT,stavudine,M41L-K65R,41-65,1,47,8.602499210834502,-5.732212201075261
RT,stavudine,M41L-D67E,41-67,1,86,13.693108841776848,-5.274210140657356
RT,stavudine,M41L-D67G,41-67,4,346,15.610505247116087,-3.9093039726381007
RT,stavudine,M41L-D67N,41-67,1,4040,16.773991894721984,-1.5270021806261533
RT,stavudine,M41L-K70E,41-70,4,87,11.264360845088953,-4.938435214796698
RT,stavudine,M41L-K70G,41-70,2,47,11.875023356080055,-5.764012088380017
RT,stavudine,M41L-K70R,41-70,1,1307,12.622660946846008,-3.271603411984491
RT,stavudine,M41L-L210W,41-210,1,4939,18.73904585838317,-2.389224260824974
RT,stavudine,M41L-T215F,41-215,3,1098,14.915850511193272,-1.1675513446400119
RT,stavudine,M41L-T215Y,41-215,1,6114,17.861515203118323,0.6265883532205143
RT,stavudine,M41L-T215A,41-215,7,274,14.21232464760542,-1.8702267401372223
RT,stavudine,M41L-K219E,41-219,2,734,14.941278612613678,-3.713062294760312
RT,stavudine,M41L-K219N,41-219,2,1495,15.527419674396512,-3.5447568639664926
RT,stavudine,M41L-K219Q,41-219,1,845,14.82887827157974,-3.897073762533462
RT,stavudine,K65E-D67G,65-67,4,1,8.953776484727857,-9.889010464702128
RT,stavudine,K65E-D67N,65-67,1,14,9.829399520158766,-7.474963248616037
RT,stavudine,K65E-K70G,65-70,2,1,6.183242416381836,-11.650047421009178
RT,stavudine,K65E-K70R,65-70,1,9,9.034425568580625,-8.908157042266794
RT,stavudine,K65E-L210W,65-210,1,11,11.64527706801891,-8.789391603078618
RT,stavudine,K65E-T215F,65-215,3,6,11.327003997564315,-6.857824756920212
RT,stavudine,K65E-T215Y,65-215,1,13,14.347910994291304,-5.6059531295227405
RT,stavudine,K65E-T215A,65-215,7,3,10.176813670247792,-7.332080400637864
RT,stavudine,K65E-K219E,65-219,2,4,9.65555639863014,-9.524556064837723
RT,stavudine,K65E-K219N,65-219,2,3,6.761770832538604,-9.702137667043127
RT,stavudine,K65E-K219Q,65-219,1,5,10.816334718465804,-9.670548938451564
RT,stavudine,K65N-D67N,65-67,1,2,7.98769061565399,-8.560198419375604
RT,stavudine,K65N-K70R,65-70,1,1,8.805785632133482,-10.015762035410827
RT,stavudine,K65N-L210W,65-210,1,1,10.342645704746243,-9.856785774853003
RT,stavudine,K65N-T215Y,65-215,1,2,12.831565779447555,-6.6888063298289895
RT,stavudine,K65N-T215A,65-215,7,1,8.496754828095437,-8.332283339944315
RT,stavudine,K65N-K219E,65-219,2,1,8.047339597344394,-10.483434728018857
RT,stavudine,K65R-D67G,65-67,4,19,8.564381021261212,-8.302495221720054
RT,stavudine,K65R-D67N,65-67,1,53,7.932637315988529,-6.175806081014287
RT,stavudine,K65R-K70E,65-70,4,49,7.044342243671417,-8.664465020283298
RT,stavudine,K65R-K70G,65-70,2,6,8.194084596633909,-10.151360153095117
RT,stavudine,K65R-K70R,65-70,1,71,10.401189941167829,-7.380941855149689
RT,stavudine,K65R-L210W,65-210,1,22,9.525570511817925,-7.447995276885848
RT,stavudine,K65R-T215F,65-215,3,21,9.501725271344183,-5.5376354314558025
RT,stavudine,K65R-T215Y,65-215,1,20,12.593907177448258,-4.641300637463827
RT,stavudine,K65R-T215A,65-215,7,25,8.448794686794281,-5.3055690813307335
RT,stavudine,K65R-K219E,65-219,2,76,9.349730587005615,-7.452373760742384
RT,stavudine,K65R-K219N,65-219,2,22,5.270291876792908,-7.691736337216702
RT,stavudine,K65R-K219Q,65-219,1,35,11.159951531887055,-8.087446014764154
RT,stavudine,D67E-K70E,67-70,4,3,5.2619247913360585,-9.098136843730634
RT,stavudine,D67E-K70G,67-70,2,1,6.689341637492179,-9.81920969044312
RT,stavudine,D67E-K70R,67-70,1,9,7.927729724347591,-7.186148813994972
RT,stavudine,D67E-L210W,67-210,1,76,13.45677578449249,-6.737985936270817
RT,stavudine,D67E-T215F,67-215,3,15,12.65847147554159,-4.966747627112898
RT,stavudine,D67E-T215Y,67-215,1,87,15.778618252277367,-3.824492161200505
RT,stavudine,D67E-T215A,67-215,7,5,11.933894342184066,-6.010468736160093
RT,stavudine,D67E-K219E,67-219,2,1,9.334207801520824,-8.086892748238068
RT,stavudine,D67E-K219N,67-219,2,7,8.74825693666935,-8.581344173901012
RT,stavudine,D67E-K219Q,67-219,1,2,9.588512578606604,-8.009055809050505
RT,stavudine,D67G-K70E,67-70,16,37,7.168611586093899,-6.722859722242959
RT,stavudine,D67G-K70G,67-70,8,16,8.844857412576676,-7.650304073768878
RT,stavudine,D67G-K70R,67-70,4,369,10.866918587684616,-4.790580703078539
RT,stavudine,D67G-L210W,67-210,4,230,15.109864908456801,-5.51967176842392
RT,stavudine,D67G-T215F,67-215,12,228,15.357748091220852,-3.4408982448752266
RT,stavudine,D67G-T215Y,67-215,4,284,17.871683236956592,-2.5670399984419174
RT,stavudine,D67G-T215A,67-215,28,22,14.064925199747083,-4.365603864217515
RT,stavudine,D67G-K219E,67-219,8,208,11.496829557418824,-5.2908169913443475
RT,stavudine,D67G-K219N,67-219,8,153,9.587956905364983,-5.719505301124419
RT,stavudine,D67G-K219Q,67-219,4,169,12.110173046588896,-5.742109229488709
RT,stavudine,D67N-K70E,67-70,4,59,7.861429297924039,-5.426553846489356
RT,stavudine,D67N-K70G,67-70,2,89,9.529516392946244,-5.4911663670368815
RT,stavudine,D67N-K70R,67-70,1,2943,11.365990698337555,-2.5155992979641644
RT,stavudine,D67N-L210W,67-210,1,3024,16.412187528610225,-3.0619544303158217
RT,stavudine,D67N-T215F,67-215,3,1783,16.154821801185605,-1.1407682991684542
RT,stavudine,D67N-T215Y,67-215,1,3455,18.8139826491475,-0.04529384418183116
RT,stavudine,D67N-T215A,67-215,7,199,14.930639681220054,-2.0247897372452095
RT,stavudine,D67N-K219E,67-219,2,1175,11.900383949279785,-3.1357709245966463
RT,stavudine,D67N-K219N,67-219,2,1089,10.96683719158172,-4.159697651763726
RT,stavudine,D67N-K219Q,67-219,1,2082,12.531078779697413,-2.9815497539609104
RT,stavudine,K70E-L210W,70-210,4,69,11.061750000715254,-6.494989073661897
RT,stavudine,K70E-T215F,70-215,12,9,11.703600478172302,-4.932227857735899
RT,stavudine,K70E-T215Y,70-215,4,85,14.498842060379676,-3.5217514333913016
RT,stavudine,K70E-T215A,70-215,28,9,10.429037773609162,-5.215330872121182
RT,stavudine,K70E-K219E,70-219,8,9,7.845163106918333,-7.745222347270788
RT,stavudine,K70E-K219N,70-219,8,34,6.674128353595731,-7.379929599732493
RT,stavudine,K70E-K219Q,70-219,4,5,9.38558984994888,-7.775261275716358
RT,stavudine,K70G-L210W,70-210,2,24,11.656232607364652,-7.549997585257435
RT,stavudine,K70G-T215F,70-215,6,39,12.418337666988373,-4.943274129456241
RT,stavudine,K70G-T215Y,70-215,2,44,14.588188001513476,-4.266959286955735
RT,stavudine,K70G-T215A,70-215,14,4,10.699938100576398,-6.094237543028135
RT,stavudine,K70G-K219E,70-219,4,8,9.771209722757341,-8.20144262745304
RT,stavudine,K70G-K219N,70-219,4,4,7.432816851139068,-8.745561503988728
RT,stavudine,K70G-K219Q,70-219,2,48,11.455873385071753,-7.3776886947946
RT,stavudine,K70R-L210W,70-210,1,485,11.998676991462707,-5.156263584221193
RT,stavudine,K70R-T215F,70-215,3,1796,13.784992930293082,-2.24628880964049
RT,stavudine,K70R-T215Y,70-215,1,758,14.894471669197081,-1.7521602354099999
RT,stavudine,K70R-T215A,70-215,7,114,11.562802588939666,-3.5550402912684906
RT,stavudine,K70R-K219E,70-219,2,1173,10.78702906370163,-3.807859432769341
RT,stavudine,K70R-K219N,70-219,2,43,7.704577994346619,-6.112348370106535
RT,stavudine,K70R-K219Q,70-219,1,2016,13.396619755029676,-3.9447008843510503
RT,stavudine,L210W-T215F,210-215,3,257,16.778067253530015,-2.9465959998296207
RT,stavudine,L210W-T215Y,210-215,1,4775,19.798120803385967,-0.7001829635566555
RT,stavudine,L210W-T215A,210-215,7,193,15.29581645131111,-2.796111053658784
RT,stavudine,L210W-K219E,210-219,2,429,14.067899060249328,-5.295812416059736
RT,stavudine,L210W-K219N,210-219,2,1450,14.737451440095896,-4.69734898321676
RT,stavudine,L210W-K219Q,210-219,1,253,14.06282542347908,-5.974230957231003
RT,stavudine,T215F-K219E,215-219,6,664,14.71569347977638,-2.492236719849387
RT,stavudine,T215F-K219N,215-219,6,24,15.232166497409342,-3.883906225673175
RT,stavudine,T215F-K219Q,215-219,3,1321,15.45907554924488,-2.5508013191488623
RT,stavudine,T215Y-K219E,215-219,2,577,16.701863899826996,-1.9992356868191965
RT,stavudine,T215Y-K219N,215-219,2,1490,18.53985133767128,-2.023271700888453
RT,stavudine,T215Y-K219Q,215-219,1,339,17.10367522537708,-2.730912499730275
RT,stavudine,T215A-K219E,215-219,14,53,13.089160048961638,-3.9618724027276504
RT,stavudine,T215A-K219N,215-219,14,28,14.310904383659363,-4.157605398212059
RT,stavudine,T215A-K219Q,215-219,7,99,13.525674498081202,-3.7446231840492206
RT,didanosine,K65E-L74V,65-74,1,4,5.785803461074828,-9.384538845222677
RT,didanosine,K65N-L74I,65-74,1,1,4.211711299419402,-11.033657416244438
RT,didanosine,K65R-L74I,65-74,1,7,5.254813468456268,-8.626020817003614
RT,didanosine,K65R-L74V,65-74,1,33,6.487017720937728,-7.735795258974577
RT,abacavir,K65E-L74V,65-74,1,4,5.785803461074828,-9.384538845222677
RT,abacavir,K65E-Y115F,65-115,1,1,4.617878460884091,-11.415763385330129
RT,abacavir,K65E-M184I,65-184,1,1,4.414445602893828,-10.10023264221209
RT,abacavir,K65E-M184V,65-184,1,10,4.6590666413307185,-6.5293344000826625
RT,abacavir,K65N-L74I,65-74,1,1,4.211711299419402,-11.033657416244438
RT,abacavir,K65N-Y115F,65-115,1,2,5.48456546664238,-12.098797689938937
RT,abacavir,K65N-M184I,65-184,1,1,3.1847220182418816,-10.86379482569174
RT,abacavir,K65N-M184V,65-184,1,3,3.274912327527998,-7.278235677515684
RT,abacavir,K65R-L74I,65-74,1,7,5.254813468456268,-8.626020817003614
RT,abacavir,K65R-L74V,65-74,1,33,6.487017720937728,-7.735795258974577
RT,abacavir,K65R-Y115F,65-115,1,105,8.745285856723786,-9.283089673529538
RT,abacavir,K65R-M184I,65-184,1,30,5.895949769020079,-7.638126536618619
RT,abacavir,K65R-M184V,65-184,1,287,5.494748067855833,-4.4601208293337695
RT,abacavir,L74I-Y115F,74-115,1,24,5.344984650611873,-8.02298968797632
RT,abacavir,L74I-M184I,74-184,1,15,7.063357663154598,-7.4689407994862185
RT,abacavir,L74I-M184V,74-184,1,900,6.891764831542966,-3.0039918515068473
RT,abacavir,L74V-Y115F,74-115,1,155,4.987744891643523,-5.791771355620074
RT,abacavir,L74V-M184I,74-184,1,22,6.708147138357159,-6.848032676721472
RT,abacavir,L74V-M184V,74-184,1,1294,6.09456434249878,-2.344221522700287
RT,abacavir,Y115F-M184I,115-184,1,9,4.639400243759154,-8.561918727129138
RT,abacavir,Y115F-M184V,115-184,1,331,4.64800738096237,-4.116166042998344
RT,emtricitabine/lamivudine,K65E-M184I,65-184,1,1,4.414445602893828,-10.10023264221209
RT,emtricitabine/lamivudine,K65E-M184V,65-184,1,10,4.6590666413307185,-6.5293344000826625
RT,emtricitabine/lamivudine,K65N-M184I,65-184,1,1,3.1847220182418816,-10.86379482569174
RT,emtricitabine/lamivudine,K65N-M184V,65-184,1,3,3.274912327527998,-7.278235677515684
RT,emtricitabine/lamivudine,K65R-M184I,65-184,1,30,5.895949769020079,-7.638126536618619
RT,emtricitabine/lamivudine,K65R-M184V,65-184,1,287,5.494748067855833,-4.4601208293337695
RT,tenofovir,K65E-K70G,65-70,2,1,6.183242416381836,-11.650047421009178
RT,tenofovir,K65E-K70R,65-70,1,9,9.034425568580625,-8.908157042266794
RT,tenofovir,K65N-K70R,65-70,1,1,8.805785632133482,-10.015762035410827
RT,tenofovir,K65R-K70E,65-70,4,49,7.044342243671417,-8.664465020283298
RT,tenofovir,K65R-K70G,65-70,2,6,8.194084596633909,-10.151360153095117
RT,tenofovir,K65R-K70R,65-70,1,71,10.401189941167829,-7.380941855149689
RT,TAMs,M41L-K70E,41-70,4,87,11.264360845088953,-4.938435214796698
RT,TAMs,M41L-K70G,41-70,2,47,11.875023356080055,-5.764012088380017
RT,TAMs,M41L-K70R,41-70,1,1307,12.622660946846008,-3.271603411984491
RT,TAMs,M41L-L210W,41-210,1,4939,18.73904585838317,-2.389224260824974
RT,TAMs,M41L-T215F,41-215,3,1098,14.915850511193272,-1.1675513446400119
RT,TAMs,M41L-T215Y,41-215,1,6114,17.861515203118323,0.6265883532205143
RT,TAMs,M41L-T215A,41-215,7,274,14.21232464760542,-1.8702267401372223
RT,TAMs,M41L-K219E,41-219,2,734,14.941278612613678,-3.713062294760312
RT,TAMs,M41L-K219N,41-219,2,1495,15.527419674396512,-3.5447568639664926
RT,TAMs,M41L-K219Q,41-219,1,845,14.82887827157974,-3.897073762533462
RT,TAMs,K70E-L210W,70-210,4,69,11.061750000715254,-6.494989073661897
RT,TAMs,K70E-T215F,70-215,12,9,11.703600478172302,-4.932227857735899
RT,TAMs,K70E-T215Y,70-215,4,85,14.498842060379676,-3.5217514333913016
RT,TAMs,K70E-T215A,70-215,28,9,10.429037773609162,-5.215330872121182
RT,TAMs,K70E-K219E,70-219,8,9,7.845163106918333,-7.745222347270788
RT,TAMs,K70E-K219N,70-219,8,34,6.674128353595731,-7.379929599732493
RT,TAMs,K70E-K219Q,70-219,4,5,9.38558984994888,-7.775261275716358
RT,TAMs,K70G-L210W,70-210,2,24,11.656232607364652,-7.549997585257435
RT,TAMs,K70G-T215F,70-215,6,39,12.418337666988373,-4.943274129456241
RT,TAMs,K70G-T215Y,70-215,2,44,14.588188001513476,-4.266959286955735
RT,TAMs,K70G-T215A,70-215,14,4,10.699938100576398,-6.094237543028135
RT,TAMs,K70G-K219E,70-219,4,8,9.771209722757341,-8.20144262745304
RT,TAMs,K70G-K219N,70-219,4,4,7.432816851139068,-8.745561503988728
RT,TAMs,K70G-K219Q,70-219,2,48,11.455873385071753,-7.3776886947946
RT,TAMs,K70R-L210W,70-210,1,485,11.998676991462707,-5.156263584221193
RT,TAMs,K70R-T215F,70-215,3,1796,13.784992930293082,-2.24628880964049
RT,TAMs,K70R-T215Y,70-215,1,758,14.894471669197081,-1.7521602354099999
RT,TAMs,K70R-T215A,70-215,7,114,11.562802588939666,-3.5550402912684906
RT,TAMs,K70R-K219E,70-219,2,1173,10.78702906370163,-3.807859432769341
RT,TAMs,K70R-K219N,70-219,2,43,7.704577994346619,-6.112348370106535
RT,TAMs,K70R-K219Q,70-219,1,2016,13.396619755029676,-3.9447008843510503
RT,TAMs,L210W-T215F,210-215,3,257,16.778067253530015,-2.9465959998296207
RT,TAMs,L210W-T215Y,210-215,1,4775,19.798120803385967,-0.7001829635566555
RT,TAMs,L210W-T215A,210-215,7,193,15.29581645131111,-2.796111053658784
RT,TAMs,L210W-K219E,210-219,2,429,14.067899060249328,-5.295812416059736
RT,TAMs,L210W-K219N,210-219,2,1450,14.737451440095896,-4.69734898321676
RT,TAMs,L210W-K219Q,210-219,1,253,14.06282542347908,-5.974230957231003
RT,TAMs,T215F-K219E,215-219,6,664,14.71569347977638,-2.492236719849387
RT,TAMs,T215F-K219N,215-219,6,24,15.232166497409342,-3.883906225673175
RT,TAMs,T215F-K219Q,215-219,3,1321,15.45907554924488,-2.5508013191488623
RT,TAMs,T215Y-K219E,215-219,2,577,16.701863899826996,-1.9992356868191965
RT,TAMs,T215Y-K219N,215-219,2,1490,18.53985133767128,-2.023271700888453
RT,TAMs,T215Y-K219Q,215-219,1,339,17.10367522537708,-2.730912499730275
RT,TAMs,T215A-K219E,215-219,14,53,13.089160048961638,-3.9618724027276504
RT,TAMs,T215A-K219N,215-219,14,28,14.310904383659363,-4.157605398212059
RT,TAMs,T215A-K219Q,215-219,7,99,13.525674498081202,-3.7446231840492206
RT,69 insertion complex,M41L-A62V,41-62,1,324,11.361704814434049,-4.263731117121471
RT,69 insertion complex,M41L-T69D,41-69,1,1073,14.372572582960128,-3.9591513253888935
RT,69 insertion complex,M41L-K70E,41-70,4,87,11.264360845088953,-4.938435214796698
RT,69 insertion complex,M41L-K70G,41-70,2,47,11.875023356080055,-5.764012088380017
RT,69 insertion complex,M41L-K70R,41-70,1,1307,12.622660946846008,-3.271603411984491
RT,69 insertion complex,M41L-L210W,41-210,1,4939,18.73904585838317,-2.389224260824974
RT,69 insertion complex,M41L-T215F,41-215,3,1098,14.915850511193272,-1.1675513446400119
RT,69 insertion complex,M41L-T215Y,41-215,1,6114,17.861515203118323,0.6265883532205143
RT,69 insertion complex,M41L-T215A,41-215,7,274,14.21232464760542,-1.8702267401372223
RT,69 insertion complex,M41L-K219E,41-219,2,734,14.941278612613678,-3.713062294760312
RT,69 insertion complex,M41L-K219N,41-219,2,1495,15.527419674396512,-3.5447568639664926
RT,69 insertion complex,M41L-K219Q,41-219,1,845,14.82887827157974,-3.897073762533462
RT,69 insertion complex,A62V-T69D,62-69,1,42,5.712288856506346,-7.36680686002217
RT,69 insertion complex,A62V-K70E,62-70,4,59,4.9428332209587085,-7.5350588697944385
RT,69 insertion complex,A62V-K70G,62-70,2,21,6.660558891296387,-8.54038933241996
RT,69 insertion complex,A62V-K70R,62-70,1,103,8.732491576671599,-6.515403670823902
RT,69 insertion complex,A62V-L210W,62-210,1,237,11.743645441532134,-5.8105516051882296
RT,69 insertion complex,A62V-T215F,62-215,3,128,10.945473086833953,-3.7329990870820144
RT,69 insertion complex,A62V-T215Y,62-215,1,319,14.335246893763525,-2.7090154346261075
RT,69 insertion complex,A62V-T215A,62-215,7,34,9.875280755758284,-4.512165535119965
RT,69 insertion complex,A62V-K219E,62-219,2,88,8.992442131042477,-6.708647835416304
RT,69 insertion complex,A62V-K219N,62-219,2,62,6.866350963711737,-6.914507792750019
RT,69 insertion complex,A62V-K219Q,62-219,1,87,9.901754698157307,-6.879564699950449
RT,69 insertion complex,T69D-K70E,69-70,4,10,6.109979844093321,-8.035041696294666
RT,69 insertion complex,T69D-K70G,69-70,2,1,8.727237659692754,-9.076859519646819
RT,69 insertion complex,T69D-K70R,69-70,1,550,10.820150506496429,-5.729838711495193
RT,69 insertion complex,T69D-L210W,69-210,1,846,14.358567905426023,-5.527818032912541
RT,69 insertion complex,T69D-T215F,69-215,3,436,14.134352740645408,-3.3142062060902164
RT,69 insertion complex,T69D-T215Y,69-215,1,878,17.08104994893074,-2.4188567918468244
RT,69 insertion complex,T69D-T215A,69-215,7,33,12.947305479645728,-4.330490183066959
RT,69 insertion complex,T69D-K219E,69-219,2,73,12.190448915958404,-7.267570647842017
RT,69 insertion complex,T69D-K219N,69-219,2,301,10.11585991382599,-6.799989925786143
RT,69 insertion complex,T69D-K219Q,69-219,1,513,12.911508101224896,-5.992079862389072
RT,69 insertion complex,K70E-L210W,70-210,4,69,11.061750000715254,-6.494989073661897
RT,69 insertion complex,K70E-T215F,70-215,12,9,11.703600478172302,-4.932227857735899
RT,69 insertion complex,K70E-T215Y,70-215,4,85,14.498842060379676,-3.5217514333913016
RT,69 insertion complex,K70E-T215A,70-215,28,9,10.429037773609162,-5.215330872121182
RT,69 insertion complex,K70E-K219E,70-219,8,9,7.845163106918333,-7.745222347270788
RT,69 insertion complex,K70E-K219N,70-219,8,34,6.674128353595731,-7.379929599732493
RT,69 insertion complex,K70E-K219Q,70-219,4,5,9.38558984994888,-7.775261275716358
RT,69 insertion complex,K70G-L210W,70-210,2,24,11.656232607364652,-7.549997585257435
RT,69 insertion complex,K70G-T215F,70-215,6,39,12.418337666988373,-4.943274129456241
RT,69 insertion complex,K70G-T215Y,70-215,2,44,14.588188001513476,-4.266959286955735
RT,69 insertion complex,K70G-T215A,70-215,14,4,10.699938100576398,-6.094237543028135
RT,69 insertion complex,K70G-K219E,70-219,4,8,9.771209722757341,-8.20144262745304
RT,69 insertion complex,K70G-K219N,70-219,4,4,7.432816851139068,-8.745561503988728
RT,69 insertion complex,K70G-K219Q,70-219,2,48,11.455873385071753,-7.3776886947946
RT,69 insertion complex,K70R-L210W,70-210,1,485,11.998676991462707,-5.156263584221193
RT,69 insertion complex,K70R-T215F,70-215,3,1796,13.784992930293082,-2.24628880964049
RT,69 insertion complex,K70R-T215Y,70-215,1,758,14.894471669197081,-1.7521602354099999
RT,69 insertion complex,K70R-T215A,70-215,7,114,11.562802588939666,-3.5550402912684906
RT,69 insertion complex,K70R-K219E,70-219,2,1173,10.78702906370163,-3.807859432769341
RT,69 insertion complex,K70R-K219N,70-219,2,43,7.704577994346619,-6.112348370106535
RT,69 insertion complex,K70R-K219Q,70-219,1,2016,13.396619755029676,-3.9447008843510503
RT,69 insertion complex,L210W-T215F,210-215,3,257,16.778067253530015,-2.9465959998296207
RT,69 insertion complex,L210W-T215Y,210-215,1,4775,19.798120803385967,-0.7001829635566555
RT,69 insertion complex,L210W-T215A,210-215,7,193,15.29581645131111,-2.796111053658784
RT,69 insertion complex,L210W-K219E,210-219,2,429,14.067899060249328,-5.295812416059736
RT,69 insertion complex,L210W-K219N,210-219,2,1450,14.737451440095896,-4.69734898321676
RT,69 insertion complex,L210W-K219Q,210-219,1,253,14.06282542347908,-5.974230957231003
RT,69 insertion complex,T215F-K219E,215-219,6,664,14.71569347977638,-2.492236719849387
RT,69 insertion complex,T215F-K219N,215-219,6,24,15.232166497409342,-3.883906225673175
RT,69 insertion complex,T215F-K219Q,215-219,3,1321,15.45907554924488,-2.5508013191488623
RT,69 insertion complex,T215Y-K219E,215-219,2,577,16.701863899826996,-1.9992356868191965
RT,69 insertion complex,T215Y-K219N,215-219,2,1490,18.53985133767128,-2.023271700888453
RT,69 insertion complex,T215Y-K219Q,215-219,1,339,17.10367522537708,-2.730912499730275
RT,69 insertion complex,T215A-K219E,215-219,14,53,13.089160048961638,-3.9618724027276504
RT,69 insertion complex,T215A-K219N,215-219,14,28,14.310904383659363,-4.157605398212059
RT,69 insertion complex,T215A-K219Q,215-219,7,99,13.525674498081202,-3.7446231840492206
RT,151 complex,A62V-V75I,62-75,1,314,4.672923743724821,-6.270270692192913
RT,151 complex,A62V-V75M,62-75,1,26,6.059656274318687,-7.375338710010722
RT,151 complex,A62V-V75A,62-75,3,112,5.833951592445372,-6.326079858250576
RT,151 complex,A62V-F77L,62-77,1,183,7.310263824462888,-8.613959190340896
RT,151 complex,A62V-F116Y,62-116,1,228,5.151757466793056,-9.06654838302197
RT,151 complex,A62V-Q151L,62-151,1,9,4.55309761166572,-10.141869155855629
RT,151 complex,A62V-Q151M,62-151,1,257,5.408478188514706,-8.079750931468235
RT,151 complex,V75I-F77L,75-77,1,253,4.376871573925015,-7.562956994298697
RT,151 complex,V75I-F116Y,75-116,1,316,5.334196722507474,-8.88337462556987
RT,151 complex,V75I-Q151L,75-151,1,6,4.503103965520857,-11.047713660722296
RT,151 complex,V75I-Q151M,75-151,1,333,5.659520685672755,-8.076531139831934
RT,151 complex,V75M-F77L,75-77,1,230,5.949229049682609,-5.832945347524775
RT,151 complex,V75M-F116Y,75-116,1,18,5.638897812366484,-9.372692275359354
RT,151 complex,V75M-Q151L,75-151,1,1,5.664006453752516,-10.855866381279387
RT,151 complex,V75M-Q151M,75-151,1,26,5.71385792493819,-8.546561850158009
RT,151 complex,V75A-F77L,75-77,3,8,5.406110161542886,-8.834840490665673
RT,151 complex,V75A-F116Y,75-116,3,4,5.4836986303329445,-10.57114374346164
RT,151 complex,V75A-Q151M,75-151,3,20,6.318719071149825,-9.393861525314257
RT,151 complex,F77L-F116Y,77-116,1,267,6.305905473232266,-9.847135667550859
RT,151 complex,F77L-Q151L,77-151,1,3,5.542049676179884,-11.884194949639689
RT,151 complex,F77L-Q151M,77-151,1,287,6.243018329143519,-8.936024294218024
RT,151 complex,F116Y-Q151L,116-151,1,8,5.423892581462857,-10.987865286533864
RT,151 complex,F116Y-Q151M,116-151,1,444,7.385042643547054,-7.214908928651045
RT,doravirine,A98G-V106A,98-106,1,5,5.063848841190338,-8.273060165820015
RT,doravirine,A98G-V106I,98-106,2,76,4.979486274719239,-6.420957303494665
RT,doravirine,A98G-V106M,98-106,1,3,4.95315306186676,-8.693627113594205
RT,doravirine,A98G-Y188F,98-188,2,3,3.481875002384184,-8.583416551772325
RT,doravirine,A98G-Y188L,98-188,1,53,5.389828681945801,-6.978003918563306
RT,doravirine,A98G-G190C,98-190,4,53,7.480788540840146,-7.21056254068489
RT,doravirine,A98G-G190E,98-190,2,14,6.212676367163658,-8.32419135941828
RT,doravirine,A98G-G190A,98-190,1,343,6.887374961376188,-5.059560321529045
RT,doravirine,A98G-P225H,98-225,1,63,6.640145671367645,-7.209275416535326
RT,doravirine,V106A-Y188L,106-188,1,2,5.5641391038894605,-8.62310511776994
RT,doravirine,V106A-Y188C,106-188,1,1,3.6815299838781357,-10.802564477128364
RT,doravirine,V106A-G190C,106-190,4,3,6.761303055286407,-8.92054081330346
RT,doravirine,V106A-G190A,106-190,1,83,5.547886312007902,-6.168653900291108
RT,doravirine,V106A-P225H,106-225,1,16,5.950505661964416,-8.665340320799821
RT,doravirine,V106I-Y188F,106-188,4,9,3.0791778564453125,-8.221848568072154
RT,doravirine,V106I-Y188L,106-188,2,215,5.14190855026245,-5.600138269471193
RT,doravirine,V106I-Y188C,106-188,2,14,3.6138990372419357,-8.656247267700348
RT,doravirine,V106I-G190C,106-190,8,57,7.456827259063718,-7.199819088375008
RT,doravirine,V106I-G190E,106-190,4,4,6.449679389595985,-8.924950386410641
RT,doravirine,V106I-G190A,106-190,2,196,6.346016156673431,-5.298982574606489
RT,doravirine,V106I-P225H,106-225,2,1,6.129348671436309,-8.604756593068398
RT,doravirine,V106M-Y188F,106-188,2,1,3.9481553435325605,-10.521424800524564
RT,doravirine,V106M-Y188L,106-188,1,3,5.118452918529509,-8.919798355898541
RT,doravirine,V106M-Y188C,106-188,1,3,4.100254547595977,-11.149811825227072
RT,doravirine,V106M-G190C,106-190,4,1,6.6824218988418576,-9.453772187691015
RT,doravirine,V106M-G190E,106-190,2,1,5.878553462028501,-10.478268680241042
RT,doravirine,V106M-G190A,106-190,1,55,5.77485961318016,-6.763873062163787
RT,doravirine,Y188F-G190C,188-190,8,5,5.6714460074901565,-9.337913079998748
RT,doravirine,Y188F-G190E,188-190,4,1,4.829071253538131,-10.599252450906244
RT,doravirine,Y188F-G190A,188-190,2,9,4.714404964447021,-7.764650628657761
RT,doravirine,Y188F-P225H,188-225,2,3,8.465985095500946,-9.970669466735867
RT,doravirine,Y188L-G190C,188-190,4,8,7.36321610212326,-8.431630603618965
RT,doravirine,Y188L-G190E,188-190,2,4,6.949293351173399,-9.345197584061209
RT,doravirine,Y188L-G190A,188-190,1,69,6.206559610366817,-6.467383870380433
RT,doravirine,Y188L-P225H,188-225,1,11,7.035415315628052,-8.460019662672327
RT,doravirine,Y188C-G190C,188-190,4,1,5.93648227751255,-10.709941071423128
RT,doravirine,Y188C-G190A,188-190,1,4,4.862598949670792,-8.869239047941566
RT,doravirine,Y188C-P225H,188-225,1,4,8.293921664357182,-10.762339839080228
RT,doravirine,G190C-P225H,190-225,4,5,6.202958890795706,-8.94991681367901
RT,doravirine,G190A-P225H,190-225,1,52,6.306348001956938,-7.0012701737745004
RT,efavirenz,L100I-K101E,100-101,2,16,5.593854653835295,-8.162849720338249
RT,efavirenz,L100I-K101P,100-101,1,1,8.058178533613678,-9.717893843580885
RT,efavirenz,L100I-K103H,100-103,1,16,4.7139384865760805,-7.485033509678533
RT,efavirenz,L100I-K103N,100-103,2,962,6.117739653587337,-3.3483115620845134
RT,efavirenz,L100I-K103S,100-103,1,14,5.86567032933235,-7.614380416774658
RT,efavirenz,L100I-V106A,100-106,1,4,6.250997364521026,-9.273949347163931
RT,efavirenz,L100I-V106I,100-106,2,7,5.837365585565566,-8.372475123214786
RT,efavirenz,L100I-V106M,100-106,1,4,6.354761064052578,-9.643260692512447
RT,efavirenz,L100I-V108I,100-108,1,48,8.169105434417723,-7.966341277660709
RT,efavirenz,L100I-Y181C,100-181,2,25,8.115800845623017,-7.8389257610564655
RT,efavirenz,L100I-Y181I,100-181,3,18,7.276897037029266,-8.999915415782711
RT,efavirenz,L100I-Y188F,100-188,2,3,7.1521848082542405,-9.810567001198848
RT,efavirenz,L100I-Y188L,100-188,1,25,7.722332620620726,-8.293408405223124
RT,efavirenz,L100I-Y188C,100-188,1,3,6.77956114709377,-10.673163075918803
RT,efavirenz,L100I-G190C,100-190,4,8,6.349996995925903,-8.79685150256483
RT,efavirenz,L100I-G190E,100-190,2,2,7.1409079194068905,-9.996400095735705
RT,efavirenz,L100I-G190A,100-190,1,28,6.7059844136238045,-7.462041641812319
RT,efavirenz,L100I-P225H,100-225,1,46,10.474420881271362,-8.896846488602028
RT,efavirenz,L100V-K101E,100-101,2,1,5.771528559923172,-10.249740094857692
RT,efavirenz,L100V-K103N,100-103,2,8,4.296964928507804,-7.369307578283883
RT,efavirenz,L100V-V106I,100-106,2,1,3.3979490131139745,-10.17609340318826
RT,efavirenz,L100V-V108I,100-108,1,4,4.4921889066696155,-9.453620609345133
RT,efavirenz,L100V-Y181C,100-181,2,5,5.726918292045593,-8.870584699205804
RT,efavirenz,L100V-Y181I,100-181,3,1,4.331310260295863,-11.47119275888672
RT,efavirenz,L100V-Y188F,100-188,2,1,2.8050415337085717,-12.030947162150989
RT,efavirenz,L100V-G190C,100-190,4,1,6.200145757198332,-10.829228004832574
RT,efavirenz,L100V-G190A,100-190,1,4,5.11167744398117,-8.934522707917
RT,efavirenz,L100V-P225H,100-225,1,1,6.804637807607648,-11.220871896510662
RT,efavirenz,K101E-K103H,101-103,2,72,6.331150424480436,-6.613375048410946
RT,efavirenz,K101E-K103N,101-103,4,168,5.65035741329193,-4.624904595216861
RT,efavirenz,K101E-K103S,101-103,2,14,7.075762408971784,-7.5411195238953
RT,efavirenz,K101E-V106A,101-106,2,17,6.95324667692184,-8.240392465994105
RT,efavirenz,K101E-V106I,101-106,4,123,7.2737891435623165,-6.525736815336969
RT,efavirenz,K101E-V106M,101-106,2,23,6.6438438355922695,-8.276570753407402
RT,efavirenz,K101E-V108I,101-108,2,255,6.733154356479644,-5.909499939321863
RT,efavirenz,K101E-Y181C,101-181,4,600,8.326695859432217,-5.0820705490884555
RT,efavirenz,K101E-Y181I,101-181,6,32,7.286604309082028,-7.775291303410075
RT,efavirenz,K101E-Y181V,101-181,2,17,7.775056183338165,-8.664609431919626
RT,efavirenz,K101E-Y188F,101-188,4,8,5.024560117721556,-8.67105986469264
RT,efavirenz,K101E-Y188L,101-188,2,46,6.484937906265247,-7.310429108581138
RT,efavirenz,K101E-Y188C,101-188,2,3,5.301892046630381,-9.984535789789822
RT,efavirenz,K101E-G190C,101-190,8,282,6.432056581974028,-5.12907673405324
RT,efavirenz,K101E-G190E,101-190,4,7,6.445631179213524,-8.273562344931772
RT,efavirenz,K101E-G190A,101-190,2,831,6.042242121696472,-3.825044053835808
RT,efavirenz,K101E-P225H,101-225,2,20,5.975750350952149,-7.973658421833285
RT,efavirenz,K101P-K103H,101-103,1,2,4.111649578809739,-8.043232661646996
RT,efavirenz,K101P-K103N,101-103,2,136,4.546869224309921,-4.632144974163265
RT,efavirenz,K101P-K103S,101-103,1,82,5.6058508276939385,-6.25946522716965
RT,efavirenz,K101P-V106A,101-106,1,1,4.8630160748958575,-9.396104968600213
RT,efavirenz,K101P-V106I,101-106,2,17,4.455586141347885,-7.821514168392637
RT,efavirenz,K101P-V106M,101-106,1,1,4.690210030227899,-9.846885453720207
RT,efavirenz,K101P-V108I,101-108,1,4,5.828176128864287,-8.220372392267386
RT,efavirenz,K101P-Y181C,101-181,2,6,6.248306331038474,-7.702609790813396
RT,efavirenz,K101P-Y181I,101-181,3,1,5.515343624353405,-9.69625704505312
RT,efavirenz,K101P-Y188F,101-188,2,2,4.115414443612094,-9.958307763782088
RT,efavirenz,K101P-Y188L,101-188,1,10,5.723528477549552,-8.509553183223192
RT,efavirenz,K101P-Y188C,101-188,1,1,3.6738532900810235,-11.048068569815417
RT,efavirenz,K101P-G190C,101-190,4,2,5.1434825956821415,-8.674255533828807
RT,efavirenz,K101P-G190E,101-190,2,1,5.681865656375885,-10.12209184663548
RT,efavirenz,K101P-G190A,101-190,1,48,5.051377406716346,-6.838061796615984
RT,efavirenz,K101P-P225H,101-225,1,5,7.397733539342879,-9.333301910523252
RT,efavirenz,K103H-V106A,103-106,1,11,4.336320090293882,-7.935041513604132
RT,efavirenz,K103H-V106I,103-106,2,29,4.348466235399247,-6.924991372112537
RT,efavirenz,K103H-V106M,103-106,1,20,4.5319728732109015,-8.179258522747118
RT,efavirenz,K103H-V108I,103-108,1,75,5.0807705998420705,-6.141333518168809
RT,efavirenz,K103H-Y181C,103-181,2,130,6.178314554691313,-5.677634795505242
RT,efavirenz,K103H-Y181I,103-181,3,11,5.410358744859696,-8.245759644794337
RT,efavirenz,K103H-Y181V,103-181,1,3,5.6448645830154405,-9.22467914339618
RT,efavirenz,K103H-Y188F,103-188,2,2,3.7161439597606654,-8.93475054066197
RT,efavirenz,K103H-Y188L,103-188,1,44,4.550980651378631,-6.875280672785819
RT,efavirenz,K103H-Y188C,103-188,1,1,4.364986246824264,-10.089985750003837
RT,efavirenz,K103H-G190C,103-190,4,4,6.102493596076965,-7.934631721973881
RT,efavirenz,K103H-G190E,103-190,2,20,5.760430788993833,-7.891350622568949
RT,efavirenz,K103H-G190A,103-190,1,164,5.793260073661801,-5.102692628360553
RT,efavirenz,K103H-P225H,103-225,1,15,5.597798508405683,-7.5775273917554395
RT,efavirenz,K103N-V106A,103-106,2,74,4.73229044675827,-5.339748308205013
RT,efavirenz,K103N-V106I,103-106,4,180,3.9640559911727906,-4.192205148652495
RT,efavirenz,K103N-V106M,103-106,2,49,4.62769060730934,-5.7066354462895355
RT,efavirenz,K103N-V108I,103-108,2,1048,5.808452296257018,-2.8653129438854226
RT,efavirenz,K103N-Y181C,103-181,4,1068,5.796685469150541,-2.7765039203517126
RT,efavirenz,K103N-Y181I,103-181,6,48,5.411306917667387,-5.641639839594248
RT,efavirenz,K103N-Y181V,103-181,2,9,5.503725397586818,-6.698511272384696
RT,efavirenz,K103N-Y188F,103-188,4,64,4.833219534158706,-5.422939493937785
RT,efavirenz,K103N-Y188L,103-188,2,203,5.471424055099484,-4.437924946896748
RT,efavirenz,K103N-Y188C,103-188,2,18,5.485670739412306,-6.906542346337953
RT,efavirenz,K103N-G190C,103-190,8,61,5.591046559810637,-5.369159019024645
RT,efavirenz,K103N-G190E,103-190,4,15,5.623677831888198,-6.456260546868477
RT,efavirenz,K103N-G190A,103-190,2,703,5.044086945056915,-2.9055174799638723
RT,efavirenz,K103N-P225H,103-225,2,921,6.905366504192351,-3.481399123223763
RT,efavirenz,K103S-V106A,103-106,1,3,5.028623312711714,-8.39738470146496
RT,efavirenz,K103S-V106I,103-106,2,24,4.595611566305157,-6.957998909916765
RT,efavirenz,K103S-V106M,103-106,1,8,5.457996594905852,-8.5690525276863
RT,efavirenz,K103S-V108I,103-108,1,17,5.78476026058197,-7.097126643181257
RT,efavirenz,K103S-Y181C,103-181,2,38,6.4235797822475424,-6.571524402296107
RT,efavirenz,K103S-Y181I,103-181,3,4,5.980657130479811,-8.711776463424162
RT,efavirenz,K103S-Y181V,103-181,1,2,6.003340488672251,-9.412925934507733
RT,efavirenz,K103S-Y188F,103-188,2,2,4.3469031751155836,-8.992528346543313
RT,efavirenz,K103S-Y188L,103-188,1,3,5.8013309597969025,-7.961487264170073
RT,efavirenz,K103S-G190C,103-190,4,10,5.641410863399504,-7.47955478175914
RT,efavirenz,K103S-G190E,103-190,2,1,5.571305257081982,-8.598975161513504
RT,efavirenz,K103S-G190A,103-190,1,230,5.089470529556274,-4.393620998822804
RT,efavirenz,K103S-P225H,103-225,1,17,6.3897693037986745,-7.524824697557304
RT,efavirenz,V106A-V108I,106-108,1,10,4.636597967147823,-7.89932832352734
RT,efavirenz,V106A-Y181C,106-181,2,31,6.287615084648131,-7.243676454279868
RT,efavirenz,V106A-Y181I,106-181,3,1,5.291860491037368,-9.622544310789415
RT,efavirenz,V106A-Y188L,106-188,1,2,5.5641391038894605,-8.62310511776994
RT,efavirenz,V106A-Y188C,106-188,1,1,3.6815299838781357,-10.802564477128364
RT,efavirenz,V106A-G190C,106-190,4,3,6.761303055286407,-8.92054081330346
RT,efavirenz,V106A-G190A,106-190,1,83,5.547886312007902,-6.168653900291108
RT,efavirenz,V106A-P225H,106-225,1,16,5.950505661964416,-8.665340320799821
RT,efavirenz,V106I-V108I,106-108,2,68,4.876323843002318,-6.509469481573445
RT,efavirenz,V106I-Y181C,106-181,4,160,6.6448051691055205,-5.70916981588534
RT,efavirenz,V106I-Y181I,106-181,6,16,5.66517333984375,-8.063059068227188
RT,efavirenz,V106I-Y181V,106-181,2,7,6.164887326955796,-9.029640975205727
RT,efavirenz,V106I-Y188F,106-188,4,9,3.0791778564453125,-8.221848568072154
RT,efavirenz,V106I-Y188L,106-188,2,215,5.14190855026245,-5.600138269471193
RT,efavirenz,V106I-Y188C,106-188,2,14,3.6138990372419357,-8.656247267700348
RT,efavirenz,V106I-G190C,106-190,8,57,7.456827259063718,-7.199819088375008
RT,efavirenz,V106I-G190E,106-190,4,4,6.449679389595985,-8.924950386410641
RT,efavirenz,V106I-G190A,106-190,2,196,6.346016156673431,-5.298982574606489
RT,efavirenz,V106I-P225H,106-225,2,1,6.129348671436309,-8.604756593068398
RT,efavirenz,V106M-V108I,106-108,1,9,5.108692759275435,-8.336438342804671
RT,efavirenz,V106M-Y181C,106-181,2,18,6.138343083858488,-7.783102452558559
RT,efavirenz,V106M-Y181I,106-181,3,1,5.338123929500578,-10.177768877793692
RT,efavirenz,V106M-Y181V,106-181,1,1,5.437763428688049,-10.909246246271923
RT,efavirenz,V106M-Y188F,106-188,2,1,3.9481553435325605,-10.521424800524564
RT,efavirenz,V106M-Y188L,106-188,1,3,5.118452918529509,-8.919798355898541
RT,efavirenz,V106M-Y188C,106-188,1,3,4.100254547595977,-11.149811825227072
RT,efavirenz,V106M-G190C,106-190,4,1,6.6824218988418576,-9.453772187691015
RT,efavirenz,V106M-G190E,106-190,2,1,5.878553462028501,-10.478268680241042
RT,efavirenz,V106M-G190A,106-190,1,55,5.77485961318016,-6.763873062163787
RT,efavirenz,V108I-Y181C,108-181,2,652,6.768692350387572,-4.597587019955043
RT,efavirenz,V108I-Y181I,108-181,3,20,5.706419205665586,-7.671070776676385
RT,efavirenz,V108I-Y181V,108-181,1,15,5.576153278350828,-8.145945487124132
RT,efavirenz,V108I-Y188F,108-188,2,5,4.419330048561095,-8.452933112887388
RT,efavirenz,V108I-Y188L,108-188,1,6,4.986498057842246,-7.621977563720359
RT,efavirenz,V108I-Y188C,108-188,1,1,3.964219781756401,-9.514508681826454
RT,efavirenz,V108I-G190C,108-190,4,21,7.3038816928863515,-7.765844791529047
RT,efavirenz,V108I-G190E,108-190,2,5,6.044833934307098,-8.581535112125959
RT,efavirenz,V108I-G190A,108-190,1,428,7.137257540225979,-5.060366301658074
RT,efavirenz,V108I-P225H,108-225,1,125,8.439459812641141,-7.094307141615889
RT,efavirenz,Y181C-Y188F,181-188,4,8,4.851255071163176,-7.853186593365673
RT,efavirenz,Y181C-Y188L,181-188,2,50,5.9092849493026725,-6.6324392541182515
RT,efavirenz,Y181C-Y188C,181-188,2,4,5.064185726642607,-8.845916684378842
RT,efavirenz,Y181C-G190C,181-190,8,213,8.54483504295349,-5.928227326430274
RT,efavirenz,Y181C-G190E,181-190,4,3,8.104835775494575,-8.297899262956337
RT,efavirenz,Y181C-G190A,181-190,2,1158,7.393808364868164,-3.694338161495591
RT,efavirenz,Y181C-P225H,181-225,2,38,6.414499676227567,-7.276916912033016
RT,efavirenz,Y181I-Y188L,181-188,3,8,5.872548830509184,-8.798181706021506
RT,efavirenz,Y181I-G190C,181-190,12,9,8.27441633939743,-8.99860567535016
RT,efavirenz,Y181I-G190E,181-190,6,2,7.797882062196731,-10.354947832612636
RT,efavirenz,Y181I-G190A,181-190,3,27,6.978210270404801,-7.289522505585503
RT,efavirenz,Y181I-P225H,181-225,3,1,5.609663981199264,-9.56289406906865
RT,efavirenz,Y181V-Y188L,181-188,1,3,6.09590590000152,-9.470436464214531
RT,efavirenz,Y181V-G190C,181-190,4,2,8.736150085926056,-9.93701336380357
RT,efavirenz,Y181V-G190E,181-190,2,1,8.133299028873441,-11.126995751419969
RT,efavirenz,Y181V-G190A,181-190,1,17,7.332285064458846,-7.927871890172379
RT,efavirenz,Y181V-P225H,181-225,1,1,5.287132918834685,-10.200598921266193
RT,efavirenz,Y188F-G190C,188-190,8,5,5.6714460074901565,-9.337913079998748
RT,efavirenz,Y188F-G190E,188-190,4,1,4.829071253538131,-10.599252450906244
RT,efavirenz,Y188F-G190A,188-190,2,9,4.714404964447021,-7.764650628657761
RT,efavirenz,Y188F-P225H,188-225,2,3,8.465985095500946,-9.970669466735867
RT,efavirenz,Y188L-G190C,188-190,4,8,7.36321610212326,-8.431630603618965
RT,efavirenz,Y188L-G190E,188-190,2,4,6.949293351173399,-9.345197584061209
RT,efavirenz,Y188L-G190A,188-190,1,69,6.206559610366817,-6.467383870380433
RT,efavirenz,Y188L-P225H,188-225,1,11,7.035415315628052,-8.460019662672327
RT,efavirenz,Y188C-G190C,188-190,4,1,5.93648227751255,-10.709941071423128
RT,efavirenz,Y188C-G190A,188-190,1,4,4.862598949670792,-8.869239047941566
RT,efavirenz,Y188C-P225H,188-225,1,4,8.293921664357182,-10.762339839080228
RT,efavirenz,G190C-P225H,190-225,4,5,6.202958890795706,-8.94991681367901
RT,efavirenz,G190A-P225H,190-225,1,52,6.306348001956938,-7.0012701737745004
RT,etravirine,V90I-A98G,90-98,1,42,4.083933150768279,-6.47238230736124
RT,etravirine,V90I-L100I,90-100,1,75,6.613455724716187,-7.103042017366875
RT,etravirine,V90I-L100V,90-100,1,2,3.038445019721985,-9.683373429753198
RT,etravirine,V90I-K101E,90-101,2,77,5.8453625380992875,-6.52672021336581
RT,etravirine,V90I-K101P,90-101,1,21,3.9917308032512606,-7.467475530936673
RT,etravirine,V90I-V106A,90-106,1,21,3.2846187472343438,-7.4260107214922915
RT,etravirine,V90I-V106I,90-106,2,47,3.287679195404052,-6.4190290317916
RT,etravirine,V90I-V106M,90-106,1,2,3.6677858084440222,-8.597938684180862
RT,etravirine,V90I-E138K,90-138,2,11,3.2052637338638315,-7.860635825163251
RT,etravirine,V90I-E138G,90-138,2,51,3.61653048992157,-6.405260531031658
RT,etravirine,V90I-E138Q,90-138,1,10,3.703759253025054,-8.109635907910581
RT,etravirine,V90I-V179F,90-179,2,11,4.235638058185576,-7.961515970662433
RT,etravirine,V90I-V179D,90-179,1,28,3.8635070443153365,-7.256052590298742
RT,etravirine,V90I-Y181C,90-181,2,230,5.337234997749328,-5.051457604037409
RT,etravirine,V90I-Y181I,90-181,3,7,4.1538256049156175,-8.088231457583277
RT,etravirine,V90I-Y181V,90-181,1,3,4.360314184427262,-8.80102305938825
RT,etravirine,V90I-G190C,90-190,4,50,6.077111852169034,-6.871600379668758
RT,etravirine,V90I-G190E,90-190,2,14,5.20769190788269,-8.085230950662252
RT,etravirine,V90I-G190A,90-190,1,164,5.280054044723508,-5.243591869103842
RT,etravirine,A98G-L100I,98-100,1,54,7.041380965709687,-7.625633136754743
RT,etravirine,A98G-L100V,98-100,1,5,3.7581985831260676,-9.591480352222936
RT,etravirine,A98G-K101E,98-101,2,186,7.648898983001708,-6.359804058796253
RT,etravirine,A98G-K101P,98-101,1,3,5.676261436194181,-8.359321461800466
RT,etravirine,A98G-V106A,98-106,1,5,5.063848841190338,-8.273060165820015
RT,etravirine,A98G-V106I,98-106,2,76,4.979486274719239,-6.420957303494665
RT,etravirine,A98G-V106M,98-106,1,3,4.95315306186676,-8.693627113594205
RT,etravirine,A98G-E138K,98-138,2,11,4.346062970161437,-8.089768673186255
RT,etravirine,A98G-E138G,98-138,2,40,4.350522768497466,-6.762740226735951
RT,etravirine,A98G-E138Q,98-138,1,9,5.361129617691039,-8.405573799558324
RT,etravirine,A98G-V179F,98-179,2,30,6.1246683418750685,-7.872066295794142
RT,etravirine,A98G-V179D,98-179,1,18,4.736785018444059,-7.622645592678373
RT,etravirine,A98G-Y181C,98-181,2,402,6.450861346721647,-4.905471138312995
RT,etravirine,A98G-Y181I,98-181,3,23,5.924342453479766,-7.792368903952654
RT,etravirine,A98G-Y181V,98-181,1,8,5.960077244043349,-8.69098143010413
RT,etravirine,A98G-G190C,98-190,4,53,7.480788540840146,-7.21056254068489
RT,etravirine,A98G-G190E,98-190,2,14,6.212676367163658,-8.32419135941828
RT,etravirine,A98G-G190A,98-190,1,343,6.887374961376188,-5.059560321529045
RT,etravirine,L100I-K101E,100-101,2,16,5.593854653835295,-8.162849720338249
RT,etravirine,L100I-K101P,100-101,1,1,8.058178533613678,-9.717893843580885
RT,etravirine,L100I-V106A,100-106,1,4,6.250997364521026,-9.273949347163931
RT,etravirine,L100I-V106I,100-106,2,7,5.837365585565566,-8.372475123214786
RT,etravirine,L100I-V106M,100-106,1,4,6.354761064052578,-9.643260692512447
RT,etravirine,L100I-E138K,100-138,2,12,5.7339020252227755,-8.961939187969042
RT,etravirine,L100I-E138G,100-138,2,15,6.48577193021774,-8.30301015100565
RT,etravirine,L100I-E138Q,100-138,1,12,7.378213369846344,-9.482721831826536
RT,etravirine,L100I-V179F,100-179,2,21,7.068481677770613,-8.86669690471472
RT,etravirine,L100I-V179D,100-179,1,19,5.813639986515044,-8.468409367535694
RT,etravirine,L100I-Y181C,100-181,2,25,8.115800845623017,-7.8389257610564655
RT,etravirine,L100I-Y181I,100-181,3,18,7.276897037029266,-8.999915415782711
RT,etravirine,L100I-G190C,100-190,4,8,6.349996995925903,-8.79685150256483
RT,etravirine,L100I-G190E,100-190,2,2,7.1409079194068905,-9.996400095735705
RT,etravirine,L100I-G190A,100-190,1,28,6.7059844136238045,-7.462041641812319
RT,etravirine,L100V-K101E,100-101,2,1,5.771528559923172,-10.249740094857692
RT,etravirine,L100V-V106I,100-106,2,1,3.3979490131139745,-10.17609340318826
RT,etravirine,L100V-V179F,100-179,2,1,3.993211871385574,-11.477006116870127
RT,etravirine,L100V-Y181C,100-181,2,5,5.726918292045593,-8.870584699205804
RT,etravirine,L100V-Y181I,100-181,3,1,4.331310260295863,-11.47119275888672
RT,etravirine,L100V-G190C,100-190,4,1,6.200145757198332,-10.829228004832574
RT,etravirine,L100V-G190A,100-190,1,4,5.11167744398117,-8.934522707917
RT,etravirine,K101E-V106A,101-106,2,17,6.95324667692184,-8.240392465994105
RT,etravirine,K101E-V106I,101-106,4,123,7.2737891435623165,-6.525736815336969
RT,etravirine,K101E-V106M,101-106,2,23,6.6438438355922695,-8.276570753407402
RT,etravirine,K101E-E138K,101-138,4,41,6.113831520080566,-7.4139260061786265
RT,etravirine,K101E-E138G,101-138,4,132,5.889556777477263,-6.037871281942552
RT,etravirine,K101E-E138Q,101-138,2,15,5.908742433786392,-8.387502697036268
RT,etravirine,K101E-V179F,101-179,4,46,7.474743568897242,-7.853153353899553
RT,etravirine,K101E-V179D,101-179,2,12,7.414071458578104,-8.402152270014998
RT,etravirine,K101E-Y181C,101-181,4,600,8.326695859432217,-5.0820705490884555
RT,etravirine,K101E-Y181I,101-181,6,32,7.286604309082028,-7.775291303410075
RT,etravirine,K101E-Y181V,101-181,2,17,7.775056183338165,-8.664609431919626
RT,etravirine,K101E-G190C,101-190,8,282,6.432056581974028,-5.12907673405324
RT,etravirine,K101E-G190E,101-190,4,7,6.445631179213524,-8.273562344931772
RT,etravirine,K101E-G190A,101-190,2,831,6.042242121696472,-3.825044053835808
RT,etravirine,K101P-V106A,101-106,1,1,4.8630160748958575,-9.396104968600213
RT,etravirine,K101P-V106I,101-106,2,17,4.455586141347885,-7.821514168392637
RT,etravirine,K101P-V106M,101-106,1,1,4.690210030227899,-9.846885453720207
RT,etravirine,K101P-E138K,101-138,2,4,3.5851133406162203,-9.200917136987693
RT,etravirine,K101P-E138G,101-138,2,13,4.402913749217987,-8.026689648271505
RT,etravirine,K101P-E138Q,101-138,1,8,5.3580306887626605,-9.560230002726794
RT,etravirine,K101P-V179F,101-179,2,7,5.384791266918181,-8.94963260882247
RT,etravirine,K101P-V179D,101-179,1,1,4.525954440236089,-9.23434490061201
RT,etravirine,K101P-Y181C,101-181,2,6,6.248306331038474,-7.702609790813396
RT,etravirine,K101P-Y181I,101-181,3,1,5.515343624353405,-9.69625704505312
RT,etravirine,K101P-G190C,101-190,4,2,5.1434825956821415,-8.674255533828807
RT,etravirine,K101P-G190E,101-190,2,1,5.681865656375885,-10.12209184663548
RT,etravirine,K101P-G190A,101-190,1,48,5.051377406716346,-6.838061796615984
RT,etravirine,V106A-E138K,106-138,2,3,3.8885333657264693,-9.445717530902995
RT,etravirine,V106A-E138G,106-138,2,11,4.571392273902893,-8.187439936318341
RT,etravirine,V106A-V179F,106-179,2,2,4.587362194061277,-9.359101805771138
RT,etravirine,V106A-V179D,106-179,1,14,4.53986608982086,-8.514682301062681
RT,etravirine,V106A-Y181C,106-181,2,31,6.287615084648131,-7.243676454279868
RT,etravirine,V106A-Y181I,106-181,3,1,5.291860491037368,-9.622544310789415
RT,etravirine,V106A-G190C,106-190,4,3,6.761303055286407,-8.92054081330346
RT,etravirine,V106A-G190A,106-190,1,83,5.547886312007902,-6.168653900291108
RT,etravirine,V106I-E138K,106-138,4,6,4.366056317090987,-8.458345943142731
RT,etravirine,V106I-E138G,106-138,4,18,4.793448889255521,-7.454850271814893
RT,etravirine,V106I-E138Q,106-138,2,8,3.883824241161342,-8.5922059611403
RT,etravirine,V106I-V179F,106-179,4,25,5.10999589562416,-7.823851912650103
RT,etravirine,V106I-V179D,106-179,2,42,5.547423565387726,-7.235039528634377
RT,etravirine,V106I-Y181C,106-181,4,160,6.6448051691055205,-5.70916981588534
RT,etravirine,V106I-Y181I,106-181,6,16,5.66517333984375,-8.063059068227188
RT,etravirine,V106I-Y181V,106-181,2,7,6.164887326955796,-9.029640975205727
RT,etravirine,V106I-G190C,106-190,8,57,7.456827259063718,-7.199819088375008
RT,etravirine,V106I-G190E,106-190,4,4,6.449679389595985,-8.924950386410641
RT,etravirine,V106I-G190A,106-190,2,196,6.346016156673431,-5.298982574606489
RT,etravirine,V106M-E138K,106-138,2,4,3.9320974826812742,-9.897017604143455
RT,etravirine,V106M-E138G,106-138,2,11,4.79923961162567,-8.644212169503277
RT,etravirine,V106M-V179F,106-179,2,3,4.559183859825135,-9.579565325257951
RT,etravirine,V106M-V179D,106-179,1,45,5.092517882585521,-7.831574341526991
RT,etravirine,V106M-Y181C,106-181,2,18,6.138343083858488,-7.783102452558559
RT,etravirine,V106M-Y181I,106-181,3,1,5.338123929500578,-10.177768877793692
RT,etravirine,V106M-Y181V,106-181,1,1,5.437763428688049,-10.909246246271923
RT,etravirine,V106M-G190C,106-190,4,1,6.6824218988418576,-9.453772187691015
RT,etravirine,V106M-G190E,106-190,2,1,5.878553462028501,-10.478268680241042
RT,etravirine,V106M-G190A,106-190,1,55,5.77485961318016,-6.763873062163787
RT,etravirine,E138K-V179F,138-179,4,10,4.53261568546295,-9.102793151077796
RT,etravirine,E138K-V179D,138-179,2,4,4.311949038505554,-9.210591937746898
RT,etravirine,E138K-Y181C,138-181,4,39,5.822669160366054,-7.01404418728657
RT,etravirine,E138K-Y181I,138-181,6,5,4.907137036323547,-9.49315359452485
RT,etravirine,E138K-Y181V,138-181,2,1,5.261031535267827,-10.578580334774594
RT,etravirine,E138K-G190C,138-190,8,9,7.410903096199033,-8.923274289351587
RT,etravirine,E138K-G190E,138-190,4,9,5.857705056667327,-9.405184628090051
RT,etravirine,E138K-G190A,138-190,2,29,6.157653570175162,-7.2223248124181625
RT,etravirine,E138G-V179F,138-179,4,16,4.12705932855606,-7.967137381072664
RT,etravirine,E138G-V179D,138-179,2,17,5.039798718690871,-7.944342331434242
RT,etravirine,E138G-Y181C,138-181,4,29,5.78729486465454,-6.769595811972217
RT,etravirine,E138G-Y181I,138-181,6,14,4.77048612833023,-8.2782504965676
RT,etravirine,E138G-Y181V,138-181,2,2,5.321533304452895,-9.478087100766166
RT,etravirine,E138G-G190C,138-190,8,34,7.079474365711213,-7.561663216063973
RT,etravirine,E138G-G190E,138-190,4,25,5.727768611907957,-7.896044567424555
RT,etravirine,E138G-G190A,138-190,2,100,5.795563864707945,-5.8702345119751005
RT,etravirine,E138Q-V179F,138-179,2,4,5.062779259681701,-9.730907076751397
RT,etravirine,E138Q-V179D,138-179,1,5,3.286506766080855,-9.37958358562423
RT,etravirine,E138Q-Y181C,138-181,2,28,5.5622033059597005,-7.424123349157655
RT,etravirine,E138Q-Y181I,138-181,3,1,4.871068352460861,-10.08093348457396
RT,etravirine,E138Q-G190C,138-190,4,6,6.192862272262571,-9.178547764147499
RT,etravirine,E138Q-G190E,138-190,2,1,4.968935173749923,-10.216992393199686
RT,etravirine,E138Q-G190A,138-190,1,28,5.839135324954986,-7.362902760554586
RT,etravirine,V179F-Y181C,179-181,4,107,6.813959050178527,-6.5477740231703825
RT,etravirine,V179F-Y181I,179-181,6,5,5.73821031451225,-9.152437179269885
RT,etravirine,V179F-Y181V,179-181,2,1,5.973841089010236,-10.294698644949207
RT,etravirine,V179F-G190C,179-190,8,37,7.491063398122785,-7.917826112768508
RT,etravirine,V179F-G190E,179-190,4,15,6.237884795665738,-9.01274446014001
RT,etravirine,V179F-G190A,179-190,2,70,6.690577304363249,-6.7067767113456505
RT,etravirine,V179D-Y181C,179-181,2,61,6.110697662830348,-6.743338507501436
RT,etravirine,V179D-Y181I,179-181,3,13,5.132772952318191,-8.636498053586022
RT,etravirine,V179D-Y181V,179-181,1,1,5.581906223297118,-10.027969318137817
RT,etravirine,V179D-G190C,179-190,4,5,7.1994762897491364,-8.711290996099379
RT,etravirine,V179D-G190E,179-190,2,15,6.604629629850379,-8.98166157583172
RT,etravirine,V179D-G190A,179-190,1,83,6.0502747893333435,-6.445500495199709
RT,etravirine,Y181C-G190C,181-190,8,213,8.54483504295349,-5.928227326430274
RT,etravirine,Y181C-G190E,181-190,4,3,8.104835775494575,-8.297899262956337
RT,etravirine,Y181C-G190A,181-190,2,1158,7.393808364868164,-3.694338161495591
RT,etravirine,Y181I-G190C,181-190,12,9,8.27441633939743,-8.99860567535016
RT,etravirine,Y181I-G190E,181-190,6,2,7.797882062196731,-10.354947832612636
RT,etravirine,Y181I-G190A,181-190,3,27,6.978210270404801,-7.289522505585503
RT,etravirine,Y181V-G190C,181-190,4,2,8.736150085926056,-9.93701336380357
RT,etravirine,Y181V-G190E,181-190,2,1,8.133299028873441,-11.126995751419969
RT,etravirine,Y181V-G190A,181-190,1,17,7.332285064458846,-7.927871890172379
RT,nevirapine,L100I-K101E,100-101,2,16,5.593854653835295,-8.162849720338249
RT,nevirapine,L100I-K101P,100-101,1,1,8.058178533613678,-9.717893843580885
RT,nevirapine,L100I-K103H,100-103,1,16,4.7139384865760805,-7.485033509678533
RT,nevirapine,L100I-K103N,100-103,2,962,6.117739653587337,-3.3483115620845134
RT,nevirapine,L100I-K103S,100-103,1,14,5.86567032933235,-7.614380416774658
RT,nevirapine,L100I-V106A,100-106,1,4,6.250997364521026,-9.273949347163931
RT,nevirapine,L100I-V106I,100-106,2,7,5.837365585565566,-8.372475123214786
RT,nevirapine,L100I-V106M,100-106,1,4,6.354761064052578,-9.643260692512447
RT,nevirapine,L100I-V108I,100-108,1,48,8.169105434417723,-7.966341277660709
RT,nevirapine,L100I-Y181C,100-181,2,25,8.115800845623017,-7.8389257610564655
RT,nevirapine,L100I-Y181I,100-181,3,18,7.276897037029266,-8.999915415782711
RT,nevirapine,L100I-Y188F,100-188,2,3,7.1521848082542405,-9.810567001198848
RT,nevirapine,L100I-Y188L,100-188,1,25,7.722332620620726,-8.293408405223124
RT,nevirapine,L100I-Y188C,100-188,1,3,6.77956114709377,-10.673163075918803
RT,nevirapine,L100I-G190C,100-190,4,8,6.349996995925903,-8.79685150256483
RT,nevirapine,L100I-G190E,100-190,2,2,7.1409079194068905,-9.996400095735705
RT,nevirapine,L100I-G190A,100-190,1,28,6.7059844136238045,-7.462041641812319
RT,nevirapine,L100V-K101E,100-101,2,1,5.771528559923172,-10.249740094857692
RT,nevirapine,L100V-K103N,100-103,2,8,4.296964928507804,-7.369307578283883
RT,nevirapine,L100V-V106I,100-106,2,1,3.3979490131139745,-10.17609340318826
RT,nevirapine,L100V-V108I,100-108,1,4,4.4921889066696155,-9.453620609345133
RT,nevirapine,L100V-Y181C,100-181,2,5,5.726918292045593,-8.870584699205804
RT,nevirapine,L100V-Y181I,100-181,3,1,4.331310260295863,-11.47119275888672
RT,nevirapine,L100V-Y188F,100-188,2,1,2.8050415337085717,-12.030947162150989
RT,nevirapine,L100V-G190C,100-190,4,1,6.200145757198332,-10.829228004832574
RT,nevirapine,L100V-G190A,100-190,1,4,5.11167744398117,-8.934522707917
RT,nevirapine,K101E-K103H,101-103,2,72,6.331150424480436,-6.613375048410946
RT,nevirapine,K101E-K103N,101-103,4,168,5.65035741329193,-4.624904595216861
RT,nevirapine,K101E-K103S,101-103,2,14,7.075762408971784,-7.5411195238953
RT,nevirapine,K101E-V106A,101-106,2,17,6.95324667692184,-8.240392465994105
RT,nevirapine,K101E-V106I,101-106,4,123,7.2737891435623165,-6.525736815336969
RT,nevirapine,K101E-V106M,101-106,2,23,6.6438438355922695,-8.276570753407402
RT,nevirapine,K101E-V108I,101-108,2,255,6.733154356479644,-5.909499939321863
RT,nevirapine,K101E-Y181C,101-181,4,600,8.326695859432217,-5.0820705490884555
RT,nevirapine,K101E-Y181I,101-181,6,32,7.286604309082028,-7.775291303410075
RT,nevirapine,K101E-Y181V,101-181,2,17,7.775056183338165,-8.664609431919626
RT,nevirapine,K101E-Y188F,101-188,4,8,5.024560117721556,-8.67105986469264
RT,nevirapine,K101E-Y188L,101-188,2,46,6.484937906265247,-7.310429108581138
RT,nevirapine,K101E-Y188C,101-188,2,3,5.301892046630381,-9.984535789789822
RT,nevirapine,K101E-G190C,101-190,8,282,6.432056581974028,-5.12907673405324
RT,nevirapine,K101E-G190E,101-190,4,7,6.445631179213524,-8.273562344931772
RT,nevirapine,K101E-G190A,101-190,2,831,6.042242121696472,-3.825044053835808
RT,nevirapine,K101P-K103H,101-103,1,2,4.111649578809739,-8.043232661646996
RT,nevirapine,K101P-K103N,101-103,2,136,4.546869224309921,-4.632144974163265
RT,nevirapine,K101P-K103S,101-103,1,82,5.6058508276939385,-6.25946522716965
RT,nevirapine,K101P-V106A,101-106,1,1,4.8630160748958575,-9.396104968600213
RT,nevirapine,K101P-V106I,101-106,2,17,4.455586141347885,-7.821514168392637
RT,nevirapine,K101P-V106M,101-106,1,1,4.690210030227899,-9.846885453720207
RT,nevirapine,K101P-V108I,101-108,1,4,5.828176128864287,-8.220372392267386
RT,nevirapine,K101P-Y181C,101-181,2,6,6.248306331038474,-7.702609790813396
RT,nevirapine,K101P-Y181I,101-181,3,1,5.515343624353405,-9.69625704505312
RT,nevirapine,K101P-Y188F,101-188,2,2,4.115414443612094,-9.958307763782088
RT,nevirapine,K101P-Y188L,101-188,1,10,5.723528477549552,-8.509553183223192
RT,nevirapine,K101P-Y188C,101-188,1,1,3.6738532900810235,-11.048068569815417
RT,nevirapine,K101P-G190C,101-190,4,2,5.1434825956821415,-8.674255533828807
RT,nevirapine,K101P-G190E,101-190,2,1,5.681865656375885,-10.12209184663548
RT,nevirapine,K101P-G190A,101-190,1,48,5.051377406716346,-6.838061796615984
RT,nevirapine,K103H-V106A,103-106,1,11,4.336320090293882,-7.935041513604132
RT,nevirapine,K103H-V106I,103-106,2,29,4.348466235399247,-6.924991372112537
RT,nevirapine,K103H-V106M,103-106,1,20,4.5319728732109015,-8.179258522747118
RT,nevirapine,K103H-V108I,103-108,1,75,5.0807705998420705,-6.141333518168809
RT,nevirapine,K103H-Y181C,103-181,2,130,6.178314554691313,-5.677634795505242
RT,nevirapine,K103H-Y181I,103-181,3,11,5.410358744859696,-8.245759644794337
RT,nevirapine,K103H-Y181V,103-181,1,3,5.6448645830154405,-9.22467914339618
RT,nevirapine,K103H-Y188F,103-188,2,2,3.7161439597606654,-8.93475054066197
RT,nevirapine,K103H-Y188L,103-188,1,44,4.550980651378631,-6.875280672785819
RT,nevirapine,K103H-Y188C,103-188,1,1,4.364986246824264,-10.089985750003837
RT,nevirapine,K103H-G190C,103-190,4,4,6.102493596076965,-7.934631721973881
RT,nevirapine,K103H-G190E,103-190,2,20,5.760430788993833,-7.891350622568949
RT,nevirapine,K103H-G190A,103-190,1,164,5.793260073661801,-5.102692628360553
RT,nevirapine,K103N-V106A,103-106,2,74,4.73229044675827,-5.339748308205013
RT,nevirapine,K103N-V106I,103-106,4,180,3.9640559911727906,-4.192205148652495
RT,nevirapine,K103N-V106M,103-106,2,49,4.62769060730934,-5.7066354462895355
RT,nevirapine,K103N-V108I,103-108,2,1048,5.808452296257018,-2.8653129438854226
RT,nevirapine,K103N-Y181C,103-181,4,1068,5.796685469150541,-2.7765039203517126
RT,nevirapine,K103N-Y181I,103-181,6,48,5.411306917667387,-5.641639839594248
RT,nevirapine,K103N-Y181V,103-181,2,9,5.503725397586818,-6.698511272384696
RT,nevirapine,K103N-Y188F,103-188,4,64,4.833219534158706,-5.422939493937785
RT,nevirapine,K103N-Y188L,103-188,2,203,5.471424055099484,-4.437924946896748
RT,nevirapine,K103N-Y188C,103-188,2,18,5.485670739412306,-6.906542346337953
RT,nevirapine,K103N-G190C,103-190,8,61,5.591046559810637,-5.369159019024645
RT,nevirapine,K103N-G190E,103-190,4,15,5.623677831888198,-6.456260546868477
RT,nevirapine,K103N-G190A,103-190,2,703,5.044086945056915,-2.9055174799638723
RT,nevirapine,K103S-V106A,103-106,1,3,5.028623312711714,-8.39738470146496
RT,nevirapine,K103S-V106I,103-106,2,24,4.595611566305157,-6.957998909916765
RT,nevirapine,K103S-V106M,103-106,1,8,5.457996594905852,-8.5690525276863
RT,nevirapine,K103S-V108I,103-108,1,17,5.78476026058197,-7.097126643181257
RT,nevirapine,K103S-Y181C,103-181,2,38,6.4235797822475424,-6.571524402296107
RT,nevirapine,K103S-Y181I,103-181,3,4,5.980657130479811,-8.711776463424162
RT,nevirapine,K103S-Y181V,103-181,1,2,6.003340488672251,-9.412925934507733
RT,nevirapine,K103S-Y188F,103-188,2,2,4.3469031751155836,-8.992528346543313
RT,nevirapine,K103S-Y188L,103-188,1,3,5.8013309597969025,-7.961487264170073
RT,nevirapine,K103S-G190C,103-190,4,10,5.641410863399504,-7.47955478175914
RT,nevirapine,K103S-G190E,103-190,2,1,5.571305257081982,-8.598975161513504
RT,nevirapine,K103S-G190A,103-190,1,230,5.089470529556274,-4.393620998822804
RT,nevirapine,V106A-V108I,106-108,1,10,4.636597967147823,-7.89932832352734
RT,nevirapine,V106A-Y181C,106-181,2,31,6.287615084648131,-7.243676454279868
RT,nevirapine,V106A-Y181I,106-181,3,1,5.291860491037368,-9.622544310789415
RT,nevirapine,V106A-Y188L,106-188,1,2,5.5641391038894605,-8.62310511776994
RT,nevirapine,V106A-Y188C,106-188,1,1,3.6815299838781357,-10.802564477128364
RT,nevirapine,V106A-G190C,106-190,4,3,6.761303055286407,-8.92054081330346
RT,nevirapine,V106A-G190A,106-190,1,83,5.547886312007902,-6.168653900291108
RT,nevirapine,V106I-V108I,106-108,2,68,4.876323843002318,-6.509469481573445
RT,nevirapine,V106I-Y181C,106-181,4,160,6.6448051691055205,-5.70916981588534
RT,nevirapine,V106I-Y181I,106-181,6,16,5.66517333984375,-8.063059068227188
RT,nevirapine,V106I-Y181V,106-181,2,7,6.164887326955796,-9.029640975205727
RT,nevirapine,V106I-Y188F,106-188,4,9,3.0791778564453125,-8.221848568072154
RT,nevirapine,V106I-Y188L,106-188,2,215,5.14190855026245,-5.600138269471193
RT,nevirapine,V106I-Y188C,106-188,2,14,3.6138990372419357,-8.656247267700348
RT,nevirapine,V106I-G190C,106-190,8,57,7.456827259063718,-7.199819088375008
RT,nevirapine,V106I-G190E,106-190,4,4,6.449679389595985,-8.924950386410641
RT,nevirapine,V106I-G190A,106-190,2,196,6.346016156673431,-5.298982574606489
RT,nevirapine,V106M-V108I,106-108,1,9,5.108692759275435,-8.336438342804671
RT,nevirapine,V106M-Y181C,106-181,2,18,6.138343083858488,-7.783102452558559
RT,nevirapine,V106M-Y181I,106-181,3,1,5.338123929500578,-10.177768877793692
RT,nevirapine,V106M-Y181V,106-181,1,1,5.437763428688049,-10.909246246271923
RT,nevirapine,V106M-Y188F,106-188,2,1,3.9481553435325605,-10.521424800524564
RT,nevirapine,V106M-Y188L,106-188,1,3,5.118452918529509,-8.919798355898541
RT,nevirapine,V106M-Y188C,106-188,1,3,4.100254547595977,-11.149811825227072
RT,nevirapine,V106M-G190C,106-190,4,1,6.6824218988418576,-9.453772187691015
RT,nevirapine,V106M-G190E,106-190,2,1,5.878553462028501,-10.478268680241042
RT,nevirapine,V106M-G190A,106-190,1,55,5.77485961318016,-6.763873062163787
RT,nevirapine,V108I-Y181C,108-181,2,652,6.768692350387572,-4.597587019955043
RT,nevirapine,V108I-Y181I,108-181,3,20,5.706419205665586,-7.671070776676385
RT,nevirapine,V108I-Y181V,108-181,1,15,5.576153278350828,-8.145945487124132
RT,nevirapine,V108I-Y188F,108-188,2,5,4.419330048561095,-8.452933112887388
RT,nevirapine,V108I-Y188L,108-188,1,6,4.986498057842246,-7.621977563720359
RT,nevirapine,V108I-Y188C,108-188,1,1,3.964219781756401,-9.514508681826454
RT,nevirapine,V108I-G190C,108-190,4,21,7.3038816928863515,-7.765844791529047
RT,nevirapine,V108I-G190E,108-190,2,5,6.044833934307098,-8.581535112125959
RT,nevirapine,V108I-G190A,108-190,1,428,7.137257540225979,-5.060366301658074
RT,nevirapine,Y181C-Y188F,181-188,4,8,4.851255071163176,-7.853186593365673
RT,nevirapine,Y181C-Y188L,181-188,2,50,5.9092849493026725,-6.6324392541182515
RT,nevirapine,Y181C-Y188C,181-188,2,4,5.064185726642607,-8.845916684378842
RT,nevirapine,Y181C-G190C,181-190,8,213,8.54483504295349,-5.928227326430274
RT,nevirapine,Y181C-G190E,181-190,4,3,8.104835775494575,-8.297899262956337
RT,nevirapine,Y181C-G190A,181-190,2,1158,7.393808364868164,-3.694338161495591
RT,nevirapine,Y181I-Y188L,181-188,3,8,5.872548830509184,-8.798181706021506
RT,nevirapine,Y181I-G190C,181-190,12,9,8.27441633939743,-8.99860567535016
RT,nevirapine,Y181I-G190E,181-190,6,2,7.797882062196731,-10.354947832612636
RT,nevirapine,Y181I-G190A,181-190,3,27,6.978210270404801,-7.289522505585503
RT,nevirapine,Y181V-Y188L,181-188,1,3,6.09590590000152,-9.470436464214531
RT,nevirapine,Y181V-G190C,181-190,4,2,8.736150085926056,-9.93701336380357
RT,nevirapine,Y181V-G190E,181-190,2,1,8.133299028873441,-11.126995751419969
RT,nevirapine,Y181V-G190A,181-190,1,17,7.332285064458846,-7.927871890172379
RT,nevirapine,Y188F-G190C,188-190,8,5,5.6714460074901565,-9.337913079998748
RT,nevirapine,Y188F-G190E,188-190,4,1,4.829071253538131,-10.599252450906244
RT,nevirapine,Y188F-G190A,188-190,2,9,4.714404964447021,-7.764650628657761
RT,nevirapine,Y188L-G190C,188-190,4,8,7.36321610212326,-8.431630603618965
RT,nevirapine,Y188L-G190E,188-190,2,4,6.949293351173399,-9.345197584061209
RT,nevirapine,Y188L-G190A,188-190,1,69,6.206559610366817,-6.467383870380433
RT,nevirapine,Y188C-G190C,188-190,4,1,5.93648227751255,-10.709941071423128
RT,nevirapine,Y188C-G190A,188-190,1,4,4.862598949670792,-8.869239047941566
RT,rilpivirine,L100I-K101E,100-101,2,16,5.593854653835295,-8.162849720338249
RT,rilpivirine,L100I-K101P,100-101,1,1,8.058178533613678,-9.717893843580885
RT,rilpivirine,L100I-E138K,100-138,2,12,5.7339020252227755,-8.961939187969042
RT,rilpivirine,L100I-E138G,100-138,2,15,6.48577193021774,-8.30301015100565
RT,rilpivirine,L100I-E138Q,100-138,1,12,7.378213369846344,-9.482721831826536
RT,rilpivirine,L100I-V179F,100-179,2,21,7.068481677770613,-8.86669690471472
RT,rilpivirine,L100I-V179D,100-179,1,19,5.813639986515044,-8.468409367535694
RT,rilpivirine,L100I-Y181C,100-181,2,25,8.115800845623017,-7.8389257610564655
RT,rilpivirine,L100I-Y181I,100-181,3,18,7.276897037029266,-8.999915415782711
RT,rilpivirine,L100I-Y188F,100-188,2,3,7.1521848082542405,-9.810567001198848
RT,rilpivirine,L100I-Y188L,100-188,1,25,7.722332620620726,-8.293408405223124
RT,rilpivirine,L100I-Y188C,100-188,1,3,6.77956114709377,-10.673163075918803
RT,rilpivirine,L100I-H221Y,100-221,1,97,6.403939318656921,-7.224430621555352
RT,rilpivirine,L100V-K101E,100-101,2,1,5.771528559923172,-10.249740094857692
RT,rilpivirine,L100V-V179F,100-179,2,1,3.993211871385574,-11.477006116870127
RT,rilpivirine,L100V-Y181C,100-181,2,5,5.726918292045593,-8.870584699205804
RT,rilpivirine,L100V-Y181I,100-181,3,1,4.331310260295863,-11.47119275888672
RT,rilpivirine,L100V-Y188F,100-188,2,1,2.8050415337085717,-12.030947162150989
RT,rilpivirine,L100V-H221Y,100-221,1,3,3.9706252038478844,-9.927137426916513
RT,rilpivirine,K101E-E138K,101-138,4,41,6.113831520080566,-7.4139260061786265
RT,rilpivirine,K101E-E138G,101-138,4,132,5.889556777477263,-6.037871281942552
RT,rilpivirine,K101E-E138Q,101-138,2,15,5.908742433786392,-8.387502697036268
RT,rilpivirine,K101E-V179F,101-179,4,46,7.474743568897242,-7.853153353899553
RT,rilpivirine,K101E-V179D,101-179,2,12,7.414071458578104,-8.402152270014998
RT,rilpivirine,K101E-Y181C,101-181,4,600,8.326695859432217,-5.0820705490884555
RT,rilpivirine,K101E-Y181I,101-181,6,32,7.286604309082028,-7.775291303410075
RT,rilpivirine,K101E-Y181V,101-181,2,17,7.775056183338165,-8.664609431919626
RT,rilpivirine,K101E-Y188F,101-188,4,8,5.024560117721556,-8.67105986469264
RT,rilpivirine,K101E-Y188L,101-188,2,46,6.484937906265247,-7.310429108581138
RT,rilpivirine,K101E-Y188C,101-188,2,3,5.301892046630381,-9.984535789789822
RT,rilpivirine,K101E-H221Y,101-221,2,148,7.0195297896861995,-6.733470907065863
RT,rilpivirine,K101P-E138K,101-138,2,4,3.5851133406162203,-9.200917136987693
RT,rilpivirine,K101P-E138G,101-138,2,13,4.402913749217987,-8.026689648271505
RT,rilpivirine,K101P-E138Q,101-138,1,8,5.3580306887626605,-9.560230002726794
RT,rilpivirine,K101P-V179F,101-179,2,7,5.384791266918181,-8.94963260882247
RT,rilpivirine,K101P-V179D,101-179,1,1,4.525954440236089,-9.23434490061201
RT,rilpivirine,K101P-Y181C,101-181,2,6,6.248306331038474,-7.702609790813396
RT,rilpivirine,K101P-Y181I,101-181,3,1,5.515343624353405,-9.69625704505312
RT,rilpivirine,K101P-Y188F,101-188,2,2,4.115414443612094,-9.958307763782088
RT,rilpivirine,K101P-Y188L,101-188,1,10,5.723528477549552,-8.509553183223192
RT,rilpivirine,K101P-Y188C,101-188,1,1,3.6738532900810235,-11.048068569815417
RT,rilpivirine,K101P-H221Y,101-221,1,13,4.575352245569229,-8.19884908914906
RT,rilpivirine,E138K-V179F,138-179,4,10,4.53261568546295,-9.102793151077796
RT,rilpivirine,E138K-V179D,138-179,2,4,4.311949038505554,-9.210591937746898
RT,rilpivirine,E138K-Y181C,138-181,4,39,5.822669160366054,-7.01404418728657
RT,rilpivirine,E138K-Y181I,138-181,6,5,4.907137036323547,-9.49315359452485
RT,rilpivirine,E138K-Y181V,138-181,2,1,5.261031535267827,-10.578580334774594
RT,rilpivirine,E138K-Y188F,138-188,4,3,2.996740221977234,-10.100567188321989
RT,rilpivirine,E138K-Y188L,138-188,2,11,4.468081009387969,-8.39185623382701
RT,rilpivirine,E138K-H221Y,138-221,2,16,4.429811334609986,-8.175044761730554
RT,rilpivirine,E138G-V179F,138-179,4,16,4.12705932855606,-7.967137381072664
RT,rilpivirine,E138G-V179D,138-179,2,17,5.039798718690871,-7.944342331434242
RT,rilpivirine,E138G-Y181C,138-181,4,29,5.78729486465454,-6.769595811972217
RT,rilpivirine,E138G-Y181I,138-181,6,14,4.77048612833023,-8.2782504965676
RT,rilpivirine,E138G-Y181V,138-181,2,2,5.321533304452895,-9.478087100766166
RT,rilpivirine,E138G-Y188F,138-188,4,5,4.074850428104401,-8.878819505389892
RT,rilpivirine,E138G-Y188L,138-188,2,49,5.40272251367569,-7.0210358427985575
RT,rilpivirine,E138G-H221Y,138-221,2,31,4.081500339508056,-7.088333983295503
RT,rilpivirine,E138Q-V179F,138-179,2,4,5.062779259681701,-9.730907076751397
RT,rilpivirine,E138Q-V179D,138-179,1,5,3.286506766080855,-9.37958358562423
RT,rilpivirine,E138Q-Y181C,138-181,2,28,5.5622033059597005,-7.424123349157655
RT,rilpivirine,E138Q-Y181I,138-181,3,1,4.871068352460861,-10.08093348457396
RT,rilpivirine,E138Q-Y188F,138-188,2,1,3.7034750401973717,-10.52298989458196
RT,rilpivirine,E138Q-Y188L,138-188,1,3,4.753051316738127,-9.028368884172554
RT,rilpivirine,E138Q-Y188C,138-188,1,1,3.352635549753902,-11.720403446981463
RT,rilpivirine,E138Q-H221Y,138-221,1,12,4.854254281520844,-8.714065296441314
RT,rilpivirine,V179F-Y181C,179-181,4,107,6.813959050178527,-6.5477740231703825
RT,rilpivirine,V179F-Y181I,179-181,6,5,5.73821031451225,-9.152437179269885
RT,rilpivirine,V179F-Y181V,179-181,2,1,5.973841089010236,-10.294698644949207
RT,rilpivirine,V179F-Y188F,179-188,4,2,3.706331038475036,-9.980378819063498
RT,rilpivirine,V179F-Y188L,179-188,2,16,4.720939791202545,-8.041087152941582
RT,rilpivirine,V179F-Y188C,179-188,2,1,3.462932953238486,-11.150072757534094
RT,rilpivirine,V179F-H221Y,179-221,2,40,5.717212277650832,-7.815720496018554
RT,rilpivirine,V179D-Y181C,179-181,2,61,6.110697662830348,-6.743338507501436
RT,rilpivirine,V179D-Y181I,179-181,3,13,5.132772952318191,-8.636498053586022
RT,rilpivirine,V179D-Y181V,179-181,1,1,5.581906223297118,-10.027969318137817
RT,rilpivirine,V179D-Y188F,179-188,2,4,3.7729887664318076,-9.445097047256823
RT,rilpivirine,V179D-Y188L,179-188,1,65,5.623784732818599,-7.101404537939291
RT,rilpivirine,V179D-Y188C,179-188,1,2,5.016212771832935,-10.681853033037592
RT,rilpivirine,V179D-H221Y,179-221,1,17,4.712688267230985,-7.954993467479075
RT,rilpivirine,Y181C-Y188F,181-188,4,8,4.851255071163176,-7.853186593365673
RT,rilpivirine,Y181C-Y188L,181-188,2,50,5.9092849493026725,-6.6324392541182515
RT,rilpivirine,Y181C-Y188C,181-188,2,4,5.064185726642607,-8.845916684378842
RT,rilpivirine,Y181C-H221Y,181-221,2,618,5.237712478637692,-4.278721486828384
RT,rilpivirine,Y181I-Y188L,181-188,3,8,5.872548830509184,-8.798181706021506
RT,rilpivirine,Y181I-H221Y,181-221,3,15,4.387711548805235,-7.850073060178596
RT,rilpivirine,Y181V-Y188L,181-188,1,3,6.09590590000152,-9.470436464214531
RT,rilpivirine,Y181V-H221Y,181-221,1,15,4.484125471115112,-8.126338139317664
RT,rilpivirine,Y188F-H221Y,188-221,2,10,4.071426558494568,-8.478045157995046
RT,rilpivirine,Y188L-H221Y,188-221,1,45,4.25606672763824,-6.986152564702784
RT,rilpivirine,Y188C-H221Y,188-221,1,3,4.369307842850685,-9.829536856928753
