p,d,m,rp,n,r,e,mean,a
IN,bictegravir,E138A-G140A,138-140,1,13.817,0.998,-12.681,2
IN,bictegravir,E138A-G140S,138-140,13,18.272,0.489,-10.325,1
IN,bictegravir,E138A-Q148H,138-148,15,16.743,2.132,-8.039,1
IN,bictegravir,E138A-Q148R,138-148,1,14.253,1.225,-9.667,1
IN,bictegravir,E138K-G140A,138-140,3,14.464,0.583,-12.484,4
IN,bictegravir,E138K-G140C,138-140,5,12.741,1.744,-11.152,2
IN,bictegravir,E138K-G140S,138-140,13,18.276,-0.006,-10.209,2
IN,bictegravir,E138K-Q148H,138-148,11,15.8,2.362,-7.475,2
IN,bictegravir,E138K-Q148K,138-148,4,12.485,4.901,-9.187,2
IN,bictegravir,E138K-Q148R,138-148,22,13.57,3.526,-7.032,2
IN,bictegravir,G140A-Q148K,140-148,4,11.879,5.613,-11.14,2
IN,bictegravir,G140A-Q148R,140-148,10,11.608,4.915,-8.39,2
IN,bictegravir,G140C-Q148R,140-148,6,11.229,2.99,-9.804,1
IN,bictegravir,G140S-Q148H,140-148,221,10.264,8.509,-2.778,1
IN,bictegravir,G140S-Q148K,140-148,2,10.511,5.184,-9.621,1
IN,bictegravir,G140S-Q148R,140-148,19,11.487,5.204,-6.153,1
IN,cabotegravir,L74I-T97A,74-97,12,10.217,1.061,-7.74,1
IN,cabotegravir,L74I-E138K,74-138,3,9.991,0.062,-10.196,2
IN,cabotegravir,L74I-G140S,74-140,12,14.204,0.508,-8.403,1
IN,cabotegravir,L74I-Q148H,74-148,7,14.964,-0.567,-8.146,1
IN,cabotegravir,L74I-Q148R,74-148,8,13.693,0.907,-7.507,1
IN,cabotegravir,L74I-N155H,74-155,8,11.223,-0.513,-7.293,1
IN,cabotegravir,T97A-E138A,97-138,4,9.401,0.84,-9.722,1
IN,cabotegravir,T97A-E138K,97-138,4,10.24,-0.16,-10.115,2
IN,cabotegravir,T97A-G140S,97-140,5,13.813,-0.583,-8.948,1
IN,cabotegravir,T97A-Q148H,97-148,5,14.376,-0.629,-7.79,1
IN,cabotegravir,T97A-N155H,97-155,15,13.586,-0.763,-7.235,1
IN,cabotegravir,E138A-G140A,138-140,1,13.817,0.998,-12.681,2
IN,cabotegravir,E138A-G140S,138-140,13,18.272,0.489,-10.325,1
IN,cabotegravir,E138A-Q148H,138-148,15,16.743,2.132,-8.039,1
IN,cabotegravir,E138A-Q148R,138-148,1,14.253,1.225,-9.667,1
IN,cabotegravir,E138K-G140A,138-140,3,14.464,0.583,-12.484,4
IN,cabotegravir,E138K-G140C,138-140,5,12.741,1.744,-11.152,2
IN,cabotegravir,E138K-G140S,138-140,13,18.276,-0.006,-10.209,2
IN,cabotegravir,E138K-Q148H,138-148,11,15.8,2.362,-7.475,2
IN,cabotegravir,E138K-Q148K,138-148,4,12.485,4.901,-9.187,2
IN,cabotegravir,E138K-Q148R,138-148,22,13.57,3.526,-7.032,2
IN,cabotegravir,E138K-N155H,138-155,3,9.522,-1.28,-9.294,2
IN,cabotegravir,G140A-Q148K,140-148,4,11.879,5.613,-11.14,2
IN,cabotegravir,G140A-Q148R,140-148,10,11.608,4.915,-8.39,2
IN,cabotegravir,G140C-Q148R,140-148,6,11.229,2.99,-9.804,1
IN,cabotegravir,G140S-Q148H,140-148,221,10.264,8.509,-2.778,1
IN,cabotegravir,G140S-Q148K,140-148,2,10.511,5.184,-9.621,1
IN,cabotegravir,G140S-Q148R,140-148,19,11.487,5.204,-6.153,1
IN,cabotegravir,G140S-N155H,140-155,1,12.155,-2.12,-8.163,1
IN,cabotegravir,Q148H-N155H,148-155,1,13.204,-2.237,-7.058,1
IN,cabotegravir,Q148R-N155H,148-155,1,11.231,-2.033,-7.608,1
IN,dolutegravir,E138A-G140A,138-140,1,13.817,0.998,-12.681,2
IN,dolutegravir,E138A-G140S,138-140,13,18.272,0.489,-10.325,1
IN,dolutegravir,E138A-Q148H,138-148,15,16.743,2.132,-8.039,1
IN,dolutegravir,E138A-Q148R,138-148,1,14.253,1.225,-9.667,1
IN,dolutegravir,E138K-G140A,138-140,3,14.464,0.583,-12.484,4
IN,dolutegravir,E138K-G140C,138-140,5,12.741,1.744,-11.152,2
IN,dolutegravir,E138K-G140S,138-140,13,18.276,-0.006,-10.209,2
IN,dolutegravir,E138K-S147G,138-147,13,9.498,2.657,-11.246,2
IN,dolutegravir,E138K-Q148H,138-148,11,15.8,2.362,-7.475,2
IN,dolutegravir,E138K-Q148K,138-148,4,12.485,4.901,-9.187,2
IN,dolutegravir,E138K-Q148R,138-148,22,13.57,3.526,-7.032,2
IN,dolutegravir,E138K-N155H,138-155,3,9.522,-1.28,-9.294,2
IN,dolutegravir,G140A-Q148K,140-148,4,11.879,5.613,-11.14,2
IN,dolutegravir,G140A-Q148R,140-148,10,11.608,4.915,-8.39,2
IN,dolutegravir,G140C-Q148R,140-148,6,11.229,2.99,-9.804,1
IN,dolutegravir,G140S-Q148H,140-148,221,10.264,8.509,-2.778,1
IN,dolutegravir,G140S-Q148K,140-148,2,10.511,5.184,-9.621,1
IN,dolutegravir,G140S-Q148R,140-148,19,11.487,5.204,-6.153,1
IN,dolutegravir,G140S-N155H,140-155,1,12.155,-2.12,-8.163,1
IN,dolutegravir,S147G-Q148R,147-148,11,11.917,2.654,-9.523,1
IN,dolutegravir,S147G-N155H,147-155,3,13.556,-0.623,-10.973,1
IN,dolutegravir,Q148H-N155H,148-155,1,13.204,-2.237,-7.058,1
IN,dolutegravir,Q148R-N155H,148-155,1,11.231,-2.033,-7.608,1
IN,elvitegravir,T66I-T97A,66-97,1,10.087,1.277,-12.227,1
IN,elvitegravir,E92Q-T97A,92-97,5,10.648,0.338,-8.919,2
IN,elvitegravir,E92Q-N155H,92-155,11,12.855,0.266,-7.372,2
IN,elvitegravir,T97A-F121Y,97-121,2,10.195,0.313,-12.685,1
IN,elvitegravir,T97A-E138A,97-138,4,9.401,0.84,-9.722,1
IN,elvitegravir,T97A-E138K,97-138,4,10.24,-0.16,-10.115,1
IN,elvitegravir,T97A-G140S,97-140,5,13.813,-0.583,-8.948,1
IN,elvitegravir,T97A-S147G,97-147,3,11.383,-0.021,-12.14,1
IN,elvitegravir,T97A-Q148H,97-148,5,14.376,-0.629,-7.79,1
IN,elvitegravir,T97A-N155H,97-155,15,13.586,-0.763,-7.235,1
IN,elvitegravir,E138A-G140A,138-140,1,13.817,0.998,-12.681,1
IN,elvitegravir,E138A-G140S,138-140,13,18.272,0.489,-10.325,1
IN,elvitegravir,E138A-Q148H,138-148,15,16.743,2.132,-8.039,1
IN,elvitegravir,E138A-Q148R,138-148,1,14.253,1.225,-9.667,1
IN,elvitegravir,E138K-G140A,138-140,3,14.464,0.583,-12.484,1
IN,elvitegravir,E138K-G140C,138-140,5,12.741,1.744,-11.152,1
IN,elvitegravir,E138K-G140S,138-140,13,18.276,-0.006,-10.209,1
IN,elvitegravir,E138K-S147G,138-147,13,9.498,2.657,-11.246,1
IN,elvitegravir,E138K-Q148H,138-148,11,15.8,2.362,-7.475,1
IN,elvitegravir,E138K-Q148K,138-148,4,12.485,4.901,-9.187,1
IN,elvitegravir,E138K-Q148R,138-148,22,13.57,3.526,-7.032,1
IN,elvitegravir,E138K-N155H,138-155,3,9.522,-1.28,-9.294,1
IN,elvitegravir,G140A-Q148K,140-148,4,11.879,5.613,-11.14,1
IN,elvitegravir,G140A-Q148R,140-148,10,11.608,4.915,-8.39,1
IN,elvitegravir,G140C-Q148R,140-148,6,11.229,2.99,-9.804,1
IN,elvitegravir,G140S-Q148H,140-148,221,10.264,8.509,-2.778,1
IN,elvitegravir,G140S-Q148K,140-148,2,10.511,5.184,-9.621,1
IN,elvitegravir,G140S-Q148R,140-148,19,11.487,5.204,-6.153,1
IN,elvitegravir,G140S-N155H,140-155,1,12.155,-2.12,-8.163,1
IN,elvitegravir,S147G-Q148R,147-148,11,11.917,2.654,-9.523,1
IN,elvitegravir,S147G-N155H,147-155,3,13.556,-0.623,-10.973,1
IN,elvitegravir,Q148H-N155H,148-155,1,13.204,-2.237,-7.058,1
IN,elvitegravir,Q148R-N155H,148-155,1,11.231,-2.033,-7.608,1
IN,raltegravir,L74M-E92Q,74-92,6,9.405,1.258,-8.538,1
IN,raltegravir,L74M-T97A,74-97,30,11.032,1.67,-7.426,1
IN,raltegravir,L74M-E138A,74-138,1,9.336,-0.142,-11.144,1
IN,raltegravir,L74M-E138K,74-138,3,9.532,1.142,-9.436,1
IN,raltegravir,L74M-G140C,74-140,2,9.192,1.636,-10.066,1
IN,raltegravir,L74M-G140S,74-140,3,14.314,-0.007,-9.075,1
IN,raltegravir,L74M-Y143R,74-143,17,11.825,1.781,-8.137,1
IN,raltegravir,L74M-Y143H,74-143,6,10.49,1.771,-9.833,1
IN,raltegravir,L74M-Y143C,74-143,6,10.643,0.939,-10.329,1
IN,raltegravir,L74M-Q148H,74-148,2,15.296,-0.658,-8.453,1
IN,raltegravir,L74M-Q148R,74-148,3,12.835,0.777,-7.854,1
IN,raltegravir,L74M-N155H,74-155,4,12.045,-1.148,-8.041,1
IN,raltegravir,E92Q-T97A,92-97,5,10.648,0.338,-8.919,1
IN,raltegravir,E92Q-Y143H,92-143,1,10.06,0.086,-11.495,1
IN,raltegravir,E92Q-N155H,92-155,11,12.855,0.266,-7.372,1
IN,raltegravir,T97A-F121Y,97-121,2,10.195,0.313,-12.685,1
IN,raltegravir,T97A-E138A,97-138,4,9.401,0.84,-9.722,1
IN,raltegravir,T97A-E138K,97-138,4,10.24,-0.16,-10.115,1
IN,raltegravir,T97A-G140S,97-140,5,13.813,-0.583,-8.948,1
IN,raltegravir,T97A-Y143R,97-143,39,11.771,2.836,-6.839,1
IN,raltegravir,T97A-Y143H,97-143,12,10.394,2.156,-9.104,1
IN,raltegravir,T97A-Y143C,97-143,17,10.799,2.068,-8.916,1
IN,raltegravir,T97A-Q148H,97-148,5,14.376,-0.629,-7.79,1
IN,raltegravir,T97A-N155H,97-155,15,13.586,-0.763,-7.235,1
IN,raltegravir,E138A-G140A,138-140,1,13.817,0.998,-12.681,1
IN,raltegravir,E138A-G140S,138-140,13,18.272,0.489,-10.325,1
IN,raltegravir,E138A-Y143H,138-143,4,11.93,0.523,-12.401,1
IN,raltegravir,E138A-Y143C,138-143,1,10.894,-0.111,-12.779,1
IN,raltegravir,E138A-Q148H,138-148,15,16.743,2.132,-8.039,1
IN,raltegravir,E138A-Q148R,138-148,1,14.253,1.225,-9.667,1
IN,raltegravir,E138K-G140A,138-140,3,14.464,0.583,-12.484,1
IN,raltegravir,E138K-G140C,138-140,5,12.741,1.744,-11.152,1
IN,raltegravir,E138K-G140S,138-140,13,18.276,-0.006,-10.209,1
IN,raltegravir,E138K-Y143C,138-143,1,10.458,0.094,-12.019,1
IN,raltegravir,E138K-Q148H,138-148,11,15.8,2.362,-7.475,1
IN,raltegravir,E138K-Q148K,138-148,4,12.485,4.901,-9.187,1
IN,raltegravir,E138K-Q148R,138-148,22,13.57,3.526,-7.032,1
IN,raltegravir,E138K-N155H,138-155,3,9.522,-1.28,-9.294,1
IN,raltegravir,G140A-Q148K,140-148,4,11.879,5.613,-11.14,1
IN,raltegravir,G140A-Q148R,140-148,10,11.608,4.915,-8.39,1
IN,raltegravir,G140C-Q148R,140-148,6,11.229,2.99,-9.804,1
IN,raltegravir,G140S-Y143H,140-143,4,17.06,0.231,-10.715,1
IN,raltegravir,G140S-Q148H,140-148,221,10.264,8.509,-2.778,1
IN,raltegravir,G140S-Q148K,140-148,2,10.511,5.184,-9.621,1
IN,raltegravir,G140S-Q148R,140-148,19,11.487,5.204,-6.153,1
IN,raltegravir,G140S-N155H,140-155,1,12.155,-2.12,-8.163,1
IN,raltegravir,Y143R-N155H,143-155,1,14.527,-2.317,-9.227,1
IN,raltegravir,Y143H-Q148H,143-148,4,17.544,0.209,-9.577,1
IN,raltegravir,Y143C-N155H,143-155,6,13.07,-0.376,-9.051,1
IN,raltegravir,Q148H-N155H,148-155,1,13.204,-2.237,-7.058,1
IN,raltegravir,Q148R-N155H,148-155,1,11.231,-2.033,-7.608,1
PR,atazanavir,L10F-K20T,10-20,128,12.873,0.696,-4.296,1
PR,atazanavir,L10F-L24I,10-24,43,11.879,1.122,-6.501,1
PR,atazanavir,L10F-V32I,10-32,55,11.228,0.181,-6.263,1
PR,atazanavir,L10F-L33F,10-33,126,13.633,1.069,-4.96,1
PR,atazanavir,L10F-M46I,10-46,235,12.472,1.537,-2.859,1
PR,atazanavir,L10F-M46L,10-46,74,12.543,0.87,-4.166,1
PR,atazanavir,L10F-G48V,10-48,3,11.156,-0.125,-7.749,1
PR,atazanavir,L10F-F53L,10-53,30,11.558,0.456,-6.247,1
PR,atazanavir,L10F-F53Y,10-53,3,12.668,0.368,-9.337,1
PR,atazanavir,L10F-I54L,10-54,69,13.316,1.629,-5.099,2
PR,atazanavir,L10F-I54V,10-54,213,14.346,1.635,-3.294,1
PR,atazanavir,L10F-I54T,10-54,6,14.234,1.651,-7.239,3
PR,atazanavir,L10F-G73C,10-73,21,12.664,0.714,-7.123,2
PR,atazanavir,L10F-G73S,10-73,67,13.957,0.126,-6.43,1
PR,atazanavir,L10F-G73T,10-73,42,12.666,1.62,-6.771,1
PR,atazanavir,L10F-V82A,10-82,138,14.102,0.544,-3.668,1
PR,atazanavir,L10F-V82T,10-82,52,13.658,0.444,-4.688,5
PR,atazanavir,L10F-I84V,10-84,191,10.687,2.07,-3.891,1
PR,atazanavir,L10F-I85V,10-85,49,11.538,0.904,-5.812,1
PR,atazanavir,L10F-N88S,10-88,6,7.745,0.679,-7.185,1
PR,atazanavir,L10F-L90M,10-90,277,14.694,0.623,-2.94,1
PR,atazanavir,K20T-L24I,20-24,34,9.569,0.356,-7.538,1
PR,atazanavir,K20T-V32I,20-32,27,9.073,-0.663,-8.032,1
PR,atazanavir,K20T-L33F,20-33,43,10.871,-1.478,-7.784,1
PR,atazanavir,K20T-M46I,20-46,254,9.437,0.905,-3.83,1
PR,atazanavir,K20T-M46L,20-46,47,8.818,0.266,-5.344,1
PR,atazanavir,K20T-G48V,20-48,20,8.859,-0.048,-7.94,1
PR,atazanavir,K20T-F53L,20-53,29,8.68,-0.038,-7.237,1
PR,atazanavir,K20T-F53Y,20-53,6,9.423,0.355,-10.05,1
PR,atazanavir,K20T-I54L,20-54,45,10.938,-0.027,-6.762,2
PR,atazanavir,K20T-I54V,20-54,178,12.109,0.092,-4.888,1
PR,atazanavir,K20T-I54T,20-54,12,13.062,0.272,-8.337,3
PR,atazanavir,K20T-G73C,20-73,27,9.57,0.801,-7.711,2
PR,atazanavir,K20T-G73S,20-73,147,11.005,0.796,-6.534,1
PR,atazanavir,K20T-G73T,20-73,36,10.621,0.451,-8.164,1
PR,atazanavir,K20T-V82A,20-82,87,12.22,-0.928,-5.171,1
PR,atazanavir,K20T-V82T,20-82,47,11.305,-0.647,-5.929,5
PR,atazanavir,K20T-I84V,20-84,187,10.19,0.258,-5.655,1
PR,atazanavir,K20T-I85V,20-85,65,8.524,0.736,-6.669,1
PR,atazanavir,K20T-N88S,20-88,16,7.252,1.15,-7.389,1
PR,atazanavir,K20T-L90M,20-90,357,10.705,1.051,-3.405,1
PR,atazanavir,L24I-V32I,24-32,2,11.406,-1.74,-11.044,1
PR,atazanavir,L24I-L33F,24-33,59,10.928,0.429,-8.326,1
PR,atazanavir,L24I-M46I,24-46,148,9.145,1.806,-5.37,1
PR,atazanavir,L24I-M46L,24-46,143,10.243,1.87,-6.242,1
PR,atazanavir,L24I-G48V,24-48,27,14.539,-0.844,-10.743,1
PR,atazanavir,L24I-F53L,24-53,29,10.646,-0.083,-9.281,1
PR,atazanavir,L24I-F53Y,24-53,1,10.081,0.159,-12.289,1
PR,atazanavir,L24I-I54L,24-54,7,11.041,0.413,-8.633,2
PR,atazanavir,L24I-I54V,24-54,266,13.272,1.304,-6.045,1
PR,atazanavir,L24I-I54T,24-54,15,14.868,0.543,-10.322,3
PR,atazanavir,L24I-G73C,24-73,11,9.27,0.877,-9.631,2
PR,atazanavir,L24I-G73S,24-73,14,9.951,0.088,-9.224,1
PR,atazanavir,L24I-G73T,24-73,7,9.954,0.529,-10.108,1
PR,atazanavir,L24I-V82A,24-82,258,13.986,1.575,-5.584,1
PR,atazanavir,L24I-V82T,24-82,54,13.221,1.221,-6.915,5
PR,atazanavir,L24I-I84V,24-84,63,10.176,0.301,-7.612,1
PR,atazanavir,L24I-I85V,24-85,9,10.654,-0.872,-10.087,1
PR,atazanavir,L24I-L90M,24-90,10,12.955,-3.684,-8.367,1
PR,atazanavir,V32I-L33F,32-33,88,8.826,0.439,-7.885,1
PR,atazanavir,V32I-M46I,32-46,196,7.313,1.978,-4.723,1
PR,atazanavir,V32I-M46L,32-46,31,7.64,1.171,-6.417,1
PR,atazanavir,V32I-G48V,32-48,6,9.968,-0.828,-10.315,1
PR,atazanavir,V32I-F53L,32-53,48,8.615,0.074,-8.71,1
PR,atazanavir,V32I-F53Y,32-53,5,8.813,0.536,-11.501,1
PR,atazanavir,V32I-I54L,32-54,88,11.251,0.224,-7.572,2
PR,atazanavir,V32I-I54V,32-54,41,12.779,-1.849,-7.79,1
PR,atazanavir,V32I-I54T,32-54,3,14.027,-1.712,-11.226,3
PR,atazanavir,V32I-G73C,32-73,21,9.02,0.616,-9.388,2
PR,atazanavir,V32I-G73S,32-73,43,11.109,-0.145,-8.962,1
PR,atazanavir,V32I-G73T,32-73,10,10.617,-0.441,-10.542,1
PR,atazanavir,V32I-V82A,32-82,168,10.648,1.711,-4.965,1
PR,atazanavir,V32I-V82T,32-82,13,9.703,0.056,-7.542,5
PR,atazanavir,V32I-I84V,32-84,51,9.204,-0.825,-8.1,1
PR,atazanavir,V32I-I85V,32-85,20,7.631,-0.162,-9.024,1
PR,atazanavir,V32I-L90M,32-90,163,10.525,-0.043,-5.662,1
PR,atazanavir,L33F-M46I,33-46,219,11.54,-0.009,-5.27,1
PR,atazanavir,L33F-M46L,33-46,106,11.03,0.262,-5.952,1
PR,atazanavir,L33F-G48V,33-48,54,11.142,-0.192,-8.912,1
PR,atazanavir,L33F-F53L,33-53,81,9.629,0.616,-7.438,1
PR,atazanavir,L33F-F53Y,33-53,4,10.157,-0.175,-11.367,1
PR,atazanavir,L33F-I54L,33-54,128,10.42,2.48,-5.644,2
PR,atazanavir,L33F-I54V,33-54,241,11.805,1.198,-5.038,1
PR,atazanavir,L33F-I54T,33-54,53,12.9,2.009,-7.857,3
PR,atazanavir,L33F-G73C,33-73,35,9.904,0.858,-8.468,2
PR,atazanavir,L33F-G73S,33-73,94,11.12,0.549,-7.618,1
PR,atazanavir,L33F-G73T,33-73,36,10.737,0.637,-8.801,1
PR,atazanavir,L33F-V82A,33-82,263,12.696,0.677,-4.926,1
PR,atazanavir,L33F-V82T,33-82,70,11.728,0.517,-6.075,5
PR,atazanavir,L33F-I84V,33-84,189,9.943,0.546,-6.181,1
PR,atazanavir,L33F-I85V,33-85,28,8.574,-0.374,-8.399,1
PR,atazanavir,L33F-N88S,33-88,1,6.626,-0.556,-9.752,1
PR,atazanavir,L33F-L90M,33-90,340,11.995,0.412,-4.573,1
PR,atazanavir,M46I-G48V,46-48,39,11.168,-1.396,-7.549,1
PR,atazanavir,M46I-F53L,46-53,108,9.787,0.179,-5.629,1
PR,atazanavir,M46I-F53Y,46-53,17,9.345,1.867,-7.643,1
PR,atazanavir,M46I-I54L,46-54,116,13.082,-0.378,-5.604,2
PR,atazanavir,M46I-I54V,46-54,457,13.577,0.138,-3.452,1
PR,atazanavir,M46I-I54T,46-54,46,14.579,0.198,-6.897,3
PR,atazanavir,M46I-G73C,46-73,60,10.342,1.019,-6.307,2
PR,atazanavir,M46I-G73S,46-73,207,11.664,0.327,-5.599,1
PR,atazanavir,M46I-G73T,46-73,93,11.614,0.757,-6.552,1
PR,atazanavir,M46I-V82A,46-82,404,12.024,0.546,-3.11,1
PR,atazanavir,M46I-V82T,46-82,176,11.281,0.917,-3.75,5
PR,atazanavir,M46I-I84V,46-84,385,10.128,0.721,-3.978,1
PR,atazanavir,M46I-I85V,46-85,114,9.256,0.653,-5.398,1
PR,atazanavir,M46I-N88S,46-88,36,5.908,1.739,-5.807,1
PR,atazanavir,M46I-L90M,46-90,709,11.884,0.51,-2.422,1
PR,atazanavir,M46L-G48V,46-48,65,11.53,-0.36,-7.498,1
PR,atazanavir,M46L-F53L,46-53,46,9.794,-0.121,-6.84,1
PR,atazanavir,M46L-F53Y,46-53,2,8.688,0.969,-9.452,1
PR,atazanavir,M46L-I54L,46-54,33,12.371,0.377,-5.868,2
PR,atazanavir,M46L-I54V,46-54,346,13.466,0.464,-4.146,1
PR,atazanavir,M46L-I54T,46-54,20,14.864,-0.313,-8.427,3
PR,atazanavir,M46L-G73C,46-73,12,9.64,0.669,-7.497,2
PR,atazanavir,M46L-G73S,46-73,43,11.434,-0.3,-7.066,1
PR,atazanavir,M46L-G73T,46-73,8,10.938,-0.403,-8.551,1
PR,atazanavir,M46L-V82A,46-82,398,11.839,1.806,-3.095,1
PR,atazanavir,M46L-V82T,46-82,53,10.837,1.1,-4.812,5
PR,atazanavir,M46L-I84V,46-84,97,9.454,0.342,-5.234,1
PR,atazanavir,M46L-I85V,46-85,28,8.687,0.218,-6.742,1
PR,atazanavir,M46L-N88S,46-88,5,4.694,0.957,-7.5,1
PR,atazanavir,M46L-L90M,46-90,252,11.134,0.362,-3.45,1
PR,atazanavir,G48V-F53L,48-53,26,10.569,0.159,-9.141,1
PR,atazanavir,G48V-F53Y,48-53,6,9.664,1.248,-11.343,1
PR,atazanavir,G48V-I54L,48-54,8,10.784,0.656,-8.5,2
PR,atazanavir,G48V-I54V,48-54,155,12.648,1.056,-6.369,1
PR,atazanavir,G48V-I54T,48-54,106,13.951,3.138,-7.97,3
PR,atazanavir,G48V-G73C,48-73,1,9.828,-0.893,-11.149,2
PR,atazanavir,G48V-G73S,48-73,3,11.412,-1.611,-10.678,1
PR,atazanavir,G48V-V82A,48-82,249,12.918,2.319,-5.175,1
PR,atazanavir,G48V-V82T,48-82,44,11.858,1.957,-6.52,5
PR,atazanavir,G48V-I84V,48-84,64,9.129,0.852,-7.238,1
PR,atazanavir,G48V-I85V,48-85,13,9.375,-0.193,-9.553,1
PR,atazanavir,G48V-L90M,48-90,109,11.273,-0.386,-6.381,1
PR,atazanavir,F53L-I54L,53-54,29,11.062,0.133,-7.999,2
PR,atazanavir,F53L-I54V,53-54,161,12.125,0.767,-5.636,1
PR,atazanavir,F53L-I54T,53-54,3,14.012,-0.843,-10.745,3
PR,atazanavir,F53L-G73C,53-73,15,8.666,0.588,-9.125,2
PR,atazanavir,F53L-G73S,53-73,38,10.735,0.022,-8.52,1
PR,atazanavir,F53L-G73T,53-73,5,10.052,-0.591,-10.404,1
PR,atazanavir,F53L-V82A,53-82,155,12.458,0.557,-5.496,1
PR,atazanavir,F53L-V82T,53-82,33,11.181,0.375,-6.672,5
PR,atazanavir,F53L-I84V,53-84,52,9.152,-0.277,-7.362,1
PR,atazanavir,F53L-I85V,53-85,19,8.0,0.01,-8.574,1
PR,atazanavir,F53L-L90M,53-90,164,10.161,0.564,-4.983,1
PR,atazanavir,F53Y-I54L,53-54,5,10.949,0.809,-10.523,2
PR,atazanavir,F53Y-I54V,53-54,5,11.625,0.315,-9.289,1
PR,atazanavir,F53Y-I54T,53-54,4,13.787,0.904,-12.198,3
PR,atazanavir,F53Y-G73S,53-73,5,10.882,0.396,-11.417,1
PR,atazanavir,F53Y-G73T,53-73,3,11.137,0.364,-12.721,1
PR,atazanavir,F53Y-V82A,53-82,7,12.577,-0.078,-9.172,1
PR,atazanavir,F53Y-V82T,53-82,2,11.744,-0.149,-10.236,5
PR,atazanavir,F53Y-I84V,53-84,8,9.86,0.304,-10.088,1
PR,atazanavir,F53Y-I85V,53-85,2,8.602,0.105,-11.713,1
PR,atazanavir,F53Y-L90M,53-90,16,10.861,0.763,-8.076,1
PR,atazanavir,I54L-G73C,54-73,17,11.546,0.29,-8.997,4
PR,atazanavir,I54L-G73S,54-73,50,13.192,-0.165,-8.112,2
PR,atazanavir,I54L-G73T,54-73,28,12.193,0.932,-8.586,2
PR,atazanavir,I54L-V82A,54-82,76,11.925,0.837,-5.528,2
PR,atazanavir,I54L-V82T,54-82,15,11.401,0.281,-6.956,10
PR,atazanavir,I54L-I84V,54-84,106,11.429,0.596,-6.189,2
PR,atazanavir,I54L-I85V,54-85,30,9.939,0.691,-7.539,2
PR,atazanavir,I54L-N88S,54-88,1,6.973,-0.802,-9.617,2
PR,atazanavir,I54L-L90M,54-90,173,13.251,0.438,-4.601,2
PR,atazanavir,I54V-G73C,54-73,37,12.176,0.412,-7.108,2
PR,atazanavir,I54V-G73S,54-73,162,14.219,-0.24,-6.421,1
PR,atazanavir,I54V-G73T,54-73,63,12.625,0.635,-7.117,1
PR,atazanavir,I54V-V82A,54-82,877,11.934,2.862,-2.383,1
PR,atazanavir,I54V-V82T,54-82,235,11.198,2.476,-3.642,5
PR,atazanavir,I54V-I84V,54-84,319,12.407,0.366,-4.634,1
PR,atazanavir,I54V-I85V,54-85,94,11.474,0.404,-6.06,1
PR,atazanavir,I54V-N88S,54-88,1,8.348,-1.408,-8.481,1
PR,atazanavir,I54V-L90M,54-90,710,14.006,0.307,-2.936,1
PR,atazanavir,I54T-G73C,54-73,1,13.25,-0.299,-11.292,6
PR,atazanavir,I54T-G73S,54-73,4,14.941,-1.013,-10.665,3
PR,atazanavir,I54T-G73T,54-73,2,13.598,-0.141,-11.365,3
PR,atazanavir,I54T-V82A,54-82,125,13.413,2.946,-5.885,3
PR,atazanavir,I54T-V82T,54-82,25,12.977,2.344,-7.36,15
PR,atazanavir,I54T-I84V,54-84,14,13.891,-0.564,-9.008,3
PR,atazanavir,I54T-I85V,54-85,13,12.474,0.704,-9.34,3
PR,atazanavir,I54T-L90M,54-90,55,15.434,-0.337,-6.945,3
PR,atazanavir,G73C-V82A,73-82,22,13.221,-0.854,-7.585,2
PR,atazanavir,G73C-V82T,73-82,12,12.24,-0.555,-8.271,10
PR,atazanavir,G73C-I84V,73-84,32,10.903,0.063,-8.322,2
PR,atazanavir,G73C-I85V,73-85,12,9.039,0.282,-9.561,2
PR,atazanavir,G73C-N88S,73-88,1,8.474,-0.369,-11.125,2
PR,atazanavir,G73C-L90M,73-90,82,10.029,1.767,-5.617,2
PR,atazanavir,G73S-V82A,73-82,128,14.345,-0.636,-6.249,1
PR,atazanavir,G73S-V82T,73-82,37,13.025,-0.854,-7.452,5
PR,atazanavir,G73S-I84V,73-84,161,12.078,0.125,-7.119,1
PR,atazanavir,G73S-I85V,73-85,48,10.493,0.297,-8.398,1
PR,atazanavir,G73S-L90M,73-90,431,11.461,2.267,-4.126,1
PR,atazanavir,G73T-V82A,73-82,23,14.258,-1.383,-8.066,1
PR,atazanavir,G73T-V82T,73-82,6,13.45,-1.572,-9.239,5
PR,atazanavir,G73T-I84V,73-84,80,11.76,0.905,-7.741,1
PR,atazanavir,G73T-I85V,73-85,20,10.818,0.452,-9.547,1
PR,atazanavir,G73T-L90M,73-90,136,10.694,2.339,-5.374,1
PR,atazanavir,V82A-I84V,82-84,143,13.952,-1.867,-5.61,1
PR,atazanavir,V82A-I85V,82-85,64,11.84,-0.196,-6.143,1
PR,atazanavir,V82A-N88S,82-88,1,9.051,-1.445,-8.098,1
PR,atazanavir,V82A-L90M,82-90,594,13.694,-0.28,-2.83,1
PR,atazanavir,V82T-I84V,82-84,102,12.95,-1.03,-5.887,5
PR,atazanavir,V82T-I85V,82-85,35,10.511,0.496,-6.479,5
PR,atazanavir,V82T-N88S,82-88,1,7.913,-0.933,-8.581,5
PR,atazanavir,V82T-L90M,82-90,185,13.099,-0.282,-3.833,5
PR,atazanavir,I84V-I85V,84-85,91,8.688,0.666,-6.679,1
PR,atazanavir,I84V-N88S,84-88,4,7.899,-0.824,-9.089,1
PR,atazanavir,I84V-L90M,84-90,542,11.677,0.673,-3.62,1
PR,atazanavir,I85V-N88S,85-88,2,6.406,0.02,-9.869,1
PR,atazanavir,I85V-L90M,85-90,137,10.897,0.197,-5.313,1
PR,atazanavir,N88S-L90M,88-90,8,9.503,-1.329,-7.5,1
PR,darunavir,V11I-V32I,11-32,18,8.322,-0.218,-10.161,1
PR,darunavir,V11I-L33F,11-33,38,10.261,0.254,-8.927,1
PR,darunavir,V11I-I47V,11-47,24,8.266,0.371,-9.773,1
PR,darunavir,V11I-I50V,11-50,5,7.083,0.501,-10.222,1
PR,darunavir,V11I-I54M,11-54,32,11.047,0.874,-8.459,2
PR,darunavir,V11I-T74P,11-74,11,7.539,-0.128,-9.09,1
PR,darunavir,V11I-L76V,11-76,5,9.447,-0.451,-11.038,1
PR,darunavir,V11I-I84V,11-84,57,9.554,0.355,-8.019,1
PR,darunavir,V11I-L89V,11-89,29,9.869,0.869,-9.99,1
PR,darunavir,V32I-L33F,32-33,88,8.826,0.439,-7.885,1
PR,darunavir,V32I-I47V,32-47,156,7.327,3.451,-6.087,1
PR,darunavir,V32I-I50V,32-50,4,8.573,-0.727,-10.497,1
PR,darunavir,V32I-I54M,32-54,88,11.251,0.224,-7.572,2
PR,darunavir,V32I-T74P,32-74,14,7.265,-0.393,-8.428,1
PR,darunavir,V32I-L76V,32-76,5,10.116,-1.418,-11.022,1
PR,darunavir,V32I-I84V,32-84,51,9.204,-0.825,-8.1,1
PR,darunavir,V32I-L89V,32-89,52,8.619,0.973,-9.025,1
PR,darunavir,L33F-I47V,33-47,78,9.274,0.21,-8.257,1
PR,darunavir,L33F-I50V,33-50,31,8.056,0.978,-8.135,1
PR,darunavir,L33F-I54M,33-54,128,10.42,2.48,-5.644,2
PR,darunavir,L33F-T74P,33-74,68,8.79,0.192,-7.09,1
PR,darunavir,L33F-L76V,33-76,50,10.042,0.508,-8.464,1
PR,darunavir,L33F-I84V,33-84,189,9.943,0.546,-6.181,1
PR,darunavir,L33F-L89V,33-89,51,10.862,0.123,-9.034,1
PR,darunavir,I47V-I50V,47-50,5,7.789,-0.469,-10.423,1
PR,darunavir,I47V-I54M,47-54,89,10.279,1.309,-7.181,2
PR,darunavir,I47V-T74P,47-74,12,7.276,-0.576,-8.753,1
PR,darunavir,I47V-L76V,47-76,12,9.464,-0.354,-10.212,1
PR,darunavir,I47V-I84V,47-84,68,9.398,-0.085,-7.658,1
PR,darunavir,I47V-L89V,47-89,47,9.244,0.597,-9.534,1
PR,darunavir,I50V-T74P,50-74,9,6.725,-0.033,-8.855,1
PR,darunavir,I50V-L76V,50-76,7,8.317,-0.072,-10.537,1
PR,darunavir,I50V-L89V,50-89,9,7.686,0.566,-10.14,1
PR,darunavir,I54M-T74P,54-74,23,9.651,0.253,-7.066,2
PR,darunavir,I54M-L76V,54-76,25,11.191,0.823,-8.215,2
PR,darunavir,I54M-I84V,54-84,106,11.429,0.596,-6.189,2
PR,darunavir,I54M-L89V,54-89,52,11.482,1.103,-8.226,2
PR,darunavir,T74P-L76V,74-76,4,8.816,-1.338,-9.945,1
PR,darunavir,T74P-I84V,74-84,92,7.634,0.573,-5.972,1
PR,darunavir,T74P-L89V,74-89,13,7.491,0.115,-8.85,1
PR,darunavir,L76V-I84V,76-84,49,10.452,-0.152,-8.204,1
PR,darunavir,L76V-L89V,76-89,17,9.485,0.644,-9.988,1
PR,darunavir,I84V-L89V,84-89,60,10.169,-0.038,-8.324,1
PR,fosamprenavir,L10F-V32I,10-32,55,11.228,0.181,-6.263,2
PR,fosamprenavir,L10F-M46I,10-46,235,12.472,1.537,-2.859,2
PR,fosamprenavir,L10F-M46L,10-46,74,12.543,0.87,-4.166,2
PR,fosamprenavir,L10F-I47V,10-47,55,12.019,0.461,-6.388,2
PR,fosamprenavir,L10F-I50V,10-50,13,10.384,0.896,-6.64,2
PR,fosamprenavir,L10F-I54L,10-54,69,13.316,1.629,-5.099,4
PR,fosamprenavir,L10F-I54V,10-54,213,14.346,1.635,-3.294,2
PR,fosamprenavir,L10F-G73S,10-73,67,13.957,0.126,-6.43,2
PR,fosamprenavir,L10F-L76V,10-76,36,12.302,1.097,-6.614,2
PR,fosamprenavir,L10F-V82A,10-82,138,14.102,0.544,-3.668,2
PR,fosamprenavir,L10F-V82F,10-82,52,13.658,0.444,-4.688,6
PR,fosamprenavir,L10F-I84V,10-84,191,10.687,2.07,-3.891,2
PR,fosamprenavir,L10F-L90M,10-90,277,14.694,0.623,-2.94,2
PR,fosamprenavir,L10I-V32I,10-32,117,10.653,-0.208,-4.741,1
PR,fosamprenavir,L10I-M46I,10-46,620,12.289,0.901,-1.414,1
PR,fosamprenavir,L10I-M46L,10-46,319,12.458,0.312,-2.642,1
PR,fosamprenavir,L10I-I47V,10-47,103,11.144,0.334,-4.618,1
PR,fosamprenavir,L10I-I50V,10-50,55,9.924,0.562,-5.077,1
PR,fosamprenavir,L10I-I54L,10-54,122,12.896,1.15,-3.535,2
PR,fosamprenavir,L10I-I54V,10-54,841,14.264,1.017,-1.869,1
PR,fosamprenavir,L10I-G73S,10-73,283,12.796,0.653,-4.059,1
PR,fosamprenavir,L10I-L76V,10-76,114,11.543,1.159,-4.662,1
PR,fosamprenavir,L10I-V82A,10-82,878,13.746,1.209,-1.33,1
PR,fosamprenavir,L10I-V82F,10-82,229,13.322,0.978,-2.48,3
PR,fosamprenavir,L10I-I84V,10-84,457,9.99,1.849,-2.191,1
PR,fosamprenavir,L10I-L90M,10-90,951,13.79,0.662,-1.021,1
PR,fosamprenavir,L10V-V32I,10-32,34,10.147,-0.022,-6.078,1
PR,fosamprenavir,L10V-M46I,10-46,132,10.992,1.162,-2.749,1
PR,fosamprenavir,L10V-M46L,10-46,58,11.243,0.571,-3.979,1
PR,fosamprenavir,L10V-I47V,10-47,31,10.323,0.451,-6.019,1
PR,fosamprenavir,L10V-I50V,10-50,7,9.091,0.399,-6.75,1
PR,fosamprenavir,L10V-I54L,10-54,22,12.471,0.704,-5.375,2
PR,fosamprenavir,L10V-I54V,10-54,124,13.675,0.689,-3.591,1
PR,fosamprenavir,L10V-G73S,10-73,31,12.177,0.134,-6.032,1
PR,fosamprenavir,L10V-L76V,10-76,21,10.611,0.913,-6.413,1
PR,fosamprenavir,L10V-V82A,10-82,125,13.32,0.642,-3.241,1
PR,fosamprenavir,L10V-V82F,10-82,43,12.72,0.671,-4.132,3
PR,fosamprenavir,L10V-I84V,10-84,48,9.657,0.946,-4.486,1
PR,fosamprenavir,L10V-L90M,10-90,171,12.724,0.636,-2.552,1
PR,fosamprenavir,V32I-M46I,32-46,196,7.313,1.978,-4.723,1
PR,fosamprenavir,V32I-M46L,32-46,31,7.64,1.171,-6.417,1
PR,fosamprenavir,V32I-I47V,32-47,156,7.327,3.451,-6.087,1
PR,fosamprenavir,V32I-I50V,32-50,4,8.573,-0.727,-10.497,1
PR,fosamprenavir,V32I-I54L,32-54,88,11.251,0.224,-7.572,2
PR,fosamprenavir,V32I-I54V,32-54,41,12.779,-1.849,-7.79,1
PR,fosamprenavir,V32I-G73S,32-73,43,11.109,-0.145,-8.962,1
PR,fosamprenavir,V32I-L76V,32-76,5,10.116,-1.418,-11.022,1
PR,fosamprenavir,V32I-V82A,32-82,168,10.648,1.711,-4.965,1
PR,fosamprenavir,V32I-V82F,32-82,13,9.703,0.056,-7.542,3
PR,fosamprenavir,V32I-I84V,32-84,51,9.204,-0.825,-8.1,1
PR,fosamprenavir,V32I-L90M,32-90,163,10.525,-0.043,-5.662,1
PR,fosamprenavir,M46I-I47V,46-47,179,8.999,1.378,-5.161,1
PR,fosamprenavir,M46I-I50V,46-50,49,7.621,1.23,-5.824,1
PR,fosamprenavir,M46I-I54L,46-54,116,13.082,-0.378,-5.604,2
PR,fosamprenavir,M46I-I54V,46-54,457,13.577,0.138,-3.452,1
PR,fosamprenavir,M46I-G73S,46-73,207,11.664,0.327,-5.599,1
PR,fosamprenavir,M46I-L76V,46-76,151,8.326,2.666,-4.852,1
PR,fosamprenavir,M46I-V82A,46-82,404,12.024,0.546,-3.11,1
PR,fosamprenavir,M46I-V82F,46-82,176,11.281,0.917,-3.75,3
PR,fosamprenavir,M46I-I84V,46-84,385,10.128,0.721,-3.978,1
PR,fosamprenavir,M46I-L90M,46-90,709,11.884,0.51,-2.422,1
PR,fosamprenavir,M46L-I47V,46-47,8,8.487,-0.362,-7.759,1
PR,fosamprenavir,M46L-I50V,46-50,5,8.023,-0.362,-8.317,1
PR,fosamprenavir,M46L-I54L,46-54,33,12.371,0.377,-5.868,2
PR,fosamprenavir,M46L-I54V,46-54,346,13.466,0.464,-4.146,1
PR,fosamprenavir,M46L-G73S,46-73,43,11.434,-0.3,-7.066,1
PR,fosamprenavir,M46L-L76V,46-76,25,8.651,1.406,-6.995,1
PR,fosamprenavir,M46L-V82A,46-82,398,11.839,1.806,-3.095,1
PR,fosamprenavir,M46L-V82F,46-82,53,10.837,1.1,-4.812,3
PR,fosamprenavir,M46L-I84V,46-84,97,9.454,0.342,-5.234,1
PR,fosamprenavir,M46L-L90M,46-90,252,11.134,0.362,-3.45,1
PR,fosamprenavir,I47V-I50V,47-50,5,7.789,-0.469,-10.423,1
PR,fosamprenavir,I47V-I54L,47-54,89,10.279,1.309,-7.181,2
PR,fosamprenavir,I47V-I54V,47-54,51,11.3,-0.161,-6.838,1
PR,fosamprenavir,I47V-G73S,47-73,40,11.092,0.103,-8.939,1
PR,fosamprenavir,I47V-L76V,47-76,12,9.464,-0.354,-10.212,1
PR,fosamprenavir,I47V-V82A,47-82,93,11.665,-0.156,-6.44,1
PR,fosamprenavir,I47V-V82F,47-82,20,10.639,-0.119,-7.407,3
PR,fosamprenavir,I47V-I84V,47-84,68,9.398,-0.085,-7.658,1
PR,fosamprenavir,I47V-L90M,47-90,153,11.392,0.073,-5.751,1
PR,fosamprenavir,I50V-I54V,50-54,31,11.813,-0.323,-7.457,1
PR,fosamprenavir,I50V-G73S,50-73,8,9.353,-0.02,-9.596,1
PR,fosamprenavir,I50V-L76V,50-76,7,8.317,-0.072,-10.537,1
PR,fosamprenavir,I50V-V82A,50-82,50,11.428,0.733,-6.376,1
PR,fosamprenavir,I50V-V82F,50-82,6,10.526,-0.22,-8.315,3
PR,fosamprenavir,I50V-L90M,50-90,34,10.038,-0.527,-6.735,1
PR,fosamprenavir,I54L-G73S,54-73,50,13.192,-0.165,-8.112,2
PR,fosamprenavir,I54L-L76V,54-76,25,11.191,0.823,-8.215,2
PR,fosamprenavir,I54L-V82A,54-82,76,11.925,0.837,-5.528,2
PR,fosamprenavir,I54L-V82F,54-82,15,11.401,0.281,-6.956,6
PR,fosamprenavir,I54L-I84V,54-84,106,11.429,0.596,-6.189,2
PR,fosamprenavir,I54L-L90M,54-90,173,13.251,0.438,-4.601,2
PR,fosamprenavir,I54V-G73S,54-73,162,14.219,-0.24,-6.421,1
PR,fosamprenavir,I54V-L76V,54-76,97,12.763,0.421,-6.85,1
PR,fosamprenavir,I54V-V82A,54-82,877,11.934,2.862,-2.383,1
PR,fosamprenavir,I54V-V82F,54-82,235,11.198,2.476,-3.642,3
PR,fosamprenavir,I54V-I84V,54-84,319,12.407,0.366,-4.634,1
PR,fosamprenavir,I54V-L90M,54-90,710,14.006,0.307,-2.936,1
PR,fosamprenavir,G73S-L76V,73-76,8,12.262,-1.441,-10.713,1
PR,fosamprenavir,G73S-V82A,73-82,128,14.345,-0.636,-6.249,1
PR,fosamprenavir,G73S-V82F,73-82,37,13.025,-0.854,-7.452,3
PR,fosamprenavir,G73S-I84V,73-84,161,12.078,0.125,-7.119,1
PR,fosamprenavir,G73S-L90M,73-90,431,11.461,2.267,-4.126,1
PR,fosamprenavir,L76V-V82A,76-82,65,13.988,-0.603,-7.241,1
PR,fosamprenavir,L76V-V82F,76-82,26,12.951,-0.285,-7.936,3
PR,fosamprenavir,L76V-I84V,76-84,49,10.452,-0.152,-8.204,1
PR,fosamprenavir,L76V-L90M,76-90,80,12.532,-0.78,-6.794,1
PR,fosamprenavir,V82A-I84V,82-84,143,13.952,-1.867,-5.61,1
PR,fosamprenavir,V82A-L90M,82-90,594,13.694,-0.28,-2.83,1
PR,fosamprenavir,V82F-I84V,82-84,102,12.95,-1.03,-5.887,3
PR,fosamprenavir,V82F-L90M,82-90,185,13.099,-0.282,-3.833,3
PR,fosamprenavir,I84V-L90M,84-90,542,11.677,0.673,-3.62,1
PR,indinavir,L10I-K20M,10-20,61,12.809,0.588,-4.808,1
PR,indinavir,L10I-K20R,10-20,375,14.186,0.294,-3.474,1
PR,indinavir,L10I-L24I,10-24,251,11.352,1.507,-4.249,1
PR,indinavir,L10I-V32I,10-32,117,10.653,-0.208,-4.741,1
PR,indinavir,L10I-M36I,10-36,697,13.806,0.083,-1.338,1
PR,indinavir,L10I-M46I,10-46,620,12.289,0.901,-1.414,1
PR,indinavir,L10I-M46L,10-46,319,12.458,0.312,-2.642,1
PR,indinavir,L10I-I54V,10-54,841,14.264,1.017,-1.869,1
PR,indinavir,L10I-A71V,10-71,927,13.522,0.532,-0.913,1
PR,indinavir,L10I-A71T,10-71,230,11.824,0.586,-1.793,1
PR,indinavir,L10I-G73S,10-73,283,12.796,0.653,-4.059,1
PR,indinavir,L10I-G73A,10-73,53,11.629,0.848,-5.145,1
PR,indinavir,L10I-L76V,10-76,114,11.543,1.159,-4.662,1
PR,indinavir,L10I-V77I,10-77,633,10.227,0.042,-1.215,1
PR,indinavir,L10I-V82A,10-82,878,13.746,1.209,-1.33,1
PR,indinavir,L10I-V82F,10-82,229,13.322,0.978,-2.48,2
PR,indinavir,L10I-I84V,10-84,457,9.99,1.849,-2.191,1
PR,indinavir,L10I-L90M,10-90,951,13.79,0.662,-1.021,1
PR,indinavir,L10R-K20M,10-20,19,13.816,0.798,-6.491,1
PR,indinavir,L10R-K20R,10-20,50,14.708,-0.251,-5.912,1
PR,indinavir,L10R-L24I,10-24,43,11.879,1.122,-6.501,1
PR,indinavir,L10R-V32I,10-32,55,11.228,0.181,-6.263,1
PR,indinavir,L10R-M36I,10-36,188,14.615,0.222,-3.133,1
PR,indinavir,L10R-M46I,10-46,235,12.472,1.537,-2.859,1
PR,indinavir,L10R-M46L,10-46,74,12.543,0.87,-4.166,1
PR,indinavir,L10R-I54V,10-54,213,14.346,1.635,-3.294,1
PR,indinavir,L10R-A71V,10-71,237,14.027,0.615,-2.731,1
PR,indinavir,L10R-A71T,10-71,57,12.669,0.494,-3.787,1
PR,indinavir,L10R-G73S,10-73,67,13.957,0.126,-6.43,1
PR,indinavir,L10R-G73A,10-73,21,12.664,0.714,-7.123,1
PR,indinavir,L10R-L76V,10-76,36,12.302,1.097,-6.614,1
PR,indinavir,L10R-V77I,10-77,106,10.619,-0.369,-3.391,1
PR,indinavir,L10R-V82A,10-82,138,14.102,0.544,-3.668,1
PR,indinavir,L10R-V82F,10-82,52,13.658,0.444,-4.688,2
PR,indinavir,L10R-I84V,10-84,191,10.687,2.07,-3.891,1
PR,indinavir,L10R-L90M,10-90,277,14.694,0.623,-2.94,1
PR,indinavir,L10V-K20M,10-20,10,12.121,0.479,-6.439,1
PR,indinavir,L10V-K20R,10-20,75,13.298,0.288,-5.001,1
PR,indinavir,L10V-L24I,10-24,25,10.772,0.687,-6.531,1
PR,indinavir,L10V-V32I,10-32,34,10.147,-0.022,-6.078,1
PR,indinavir,L10V-M36I,10-36,156,12.685,0.439,-2.617,1
PR,indinavir,L10V-M46I,10-46,132,10.992,1.162,-2.749,1
PR,indinavir,L10V-M46L,10-46,58,11.243,0.571,-3.979,1
PR,indinavir,L10V-I54V,10-54,124,13.675,0.689,-3.591,1
PR,indinavir,L10V-A71V,10-71,161,12.525,0.407,-2.435,1
PR,indinavir,L10V-A71T,10-71,29,10.889,-0.067,-3.842,1
PR,indinavir,L10V-G73S,10-73,31,12.177,0.134,-6.032,1
PR,indinavir,L10V-G73A,10-73,8,10.865,0.44,-7.007,1
PR,indinavir,L10V-L76V,10-76,21,10.611,0.913,-6.413,1
PR,indinavir,L10V-V77I,10-77,117,8.937,0.061,-2.714,1
PR,indinavir,L10V-V82A,10-82,125,13.32,0.642,-3.241,1
PR,indinavir,L10V-V82F,10-82,43,12.72,0.671,-4.132,2
PR,indinavir,L10V-I84V,10-84,48,9.657,0.946,-4.486,1
PR,indinavir,L10V-L90M,10-90,171,12.724,0.636,-2.552,1
PR,indinavir,K20M-L24I,20-24,15,11.892,0.207,-9.779,1
PR,indinavir,K20M-V32I,20-32,5,9.886,-0.642,-10.11,1
PR,indinavir,K20M-M36I,20-36,75,9.893,1.698,-5.605,1
PR,indinavir,K20M-M46I,20-46,42,10.493,0.702,-6.128,1
PR,indinavir,K20M-M46L,20-46,21,10.547,0.67,-7.036,1
PR,indinavir,K20M-I54V,20-54,47,13.702,0.257,-6.901,1
PR,indinavir,K20M-A71V,20-71,40,11.258,0.119,-5.989,1
PR,indinavir,K20M-A71T,20-71,18,9.666,0.408,-6.638,1
PR,indinavir,K20M-G73S,20-73,14,11.619,0.298,-9.07,1
PR,indinavir,K20M-G73A,20-73,5,10.146,0.58,-9.97,1
PR,indinavir,K20M-L76V,20-76,10,11.002,0.385,-9.81,1
PR,indinavir,K20M-V77I,20-77,7,6.071,-0.93,-6.774,1
PR,indinavir,K20M-V82A,20-82,47,13.589,-0.065,-6.656,1
PR,indinavir,K20M-V82F,20-82,13,12.421,0.098,-7.532,2
PR,indinavir,K20M-I84V,20-84,36,10.525,0.772,-7.308,1
PR,indinavir,K20M-L90M,20-90,54,11.696,0.391,-5.957,1
PR,indinavir,K20R-L24I,20-24,75,12.398,-0.158,-8.686,1
PR,indinavir,K20R-V32I,20-32,74,9.653,0.416,-7.67,1
PR,indinavir,K20R-M36I,20-36,567,9.395,3.333,-3.029,1
PR,indinavir,K20R-M46I,20-46,182,11.363,0.006,-5.183,1
PR,indinavir,K20R-M46L,20-46,128,11.428,0.078,-5.985,1
PR,indinavir,K20R-I54V,20-54,356,14.405,0.714,-5.129,1
PR,indinavir,K20R-A71V,20-71,359,12.372,0.409,-4.328,1
PR,indinavir,K20R-A71T,20-71,69,10.871,0.259,-5.416,1
PR,indinavir,K20R-G73S,20-73,52,12.439,-0.309,-8.185,1
PR,indinavir,K20R-G73A,20-73,12,10.455,-0.062,-9.12,1
PR,indinavir,K20R-L76V,20-76,44,11.105,0.047,-8.702,1
PR,indinavir,K20R-V77I,20-77,69,6.337,-0.314,-4.914,1
PR,indinavir,K20R-V82A,20-82,334,13.847,0.63,-4.756,1
PR,indinavir,K20R-V82F,20-82,98,12.677,0.697,-5.728,2
PR,indinavir,K20R-I84V,20-84,146,10.696,0.515,-6.097,1
PR,indinavir,K20R-L90M,20-90,329,12.443,0.263,-4.61,1
PR,indinavir,L24I-V32I,24-32,2,11.406,-1.74,-11.044,1
PR,indinavir,L24I-M36I,24-36,150,11.645,0.234,-6.078,1
PR,indinavir,L24I-M46I,24-46,148,9.145,1.806,-5.37,1
PR,indinavir,L24I-M46L,24-46,143,10.243,1.87,-6.242,1
PR,indinavir,L24I-I54V,24-54,266,13.272,1.304,-6.045,1
PR,indinavir,L24I-A71V,24-71,170,10.726,0.103,-5.812,1
PR,indinavir,L24I-A71T,24-71,33,9.41,0.054,-6.814,1
PR,indinavir,L24I-G73S,24-73,14,9.951,0.088,-9.224,1
PR,indinavir,L24I-G73A,24-73,11,9.27,0.877,-9.631,1
PR,indinavir,L24I-L76V,24-76,19,12.906,-0.608,-10.696,1
PR,indinavir,L24I-V77I,24-77,73,8.33,0.054,-6.121,1
PR,indinavir,L24I-V82A,24-82,258,13.986,1.575,-5.584,1
PR,indinavir,L24I-V82F,24-82,54,13.221,1.221,-6.915,2
PR,indinavir,L24I-I84V,24-84,63,10.176,0.301,-7.612,1
PR,indinavir,L24I-L90M,24-90,10,12.955,-3.684,-8.367,1
PR,indinavir,V32I-M36I,32-36,117,9.633,0.419,-5.526,1
PR,indinavir,V32I-M46I,32-46,196,7.313,1.978,-4.723,1
PR,indinavir,V32I-M46L,32-46,31,7.64,1.171,-6.417,1
PR,indinavir,V32I-I54V,32-54,41,12.779,-1.849,-7.79,1
PR,indinavir,V32I-A71V,32-71,176,8.418,1.176,-4.741,1
PR,indinavir,V32I-A71T,32-71,24,7.399,0.614,-6.234,1
PR,indinavir,V32I-G73S,32-73,43,11.109,-0.145,-8.962,1
PR,indinavir,V32I-G73A,32-73,21,9.02,0.616,-9.388,1
PR,indinavir,V32I-L76V,32-76,5,10.116,-1.418,-11.022,1
PR,indinavir,V32I-V77I,32-77,64,7.613,-0.264,-5.895,1
PR,indinavir,V32I-V82A,32-82,168,10.648,1.711,-4.965,1
PR,indinavir,V32I-V82F,32-82,13,9.703,0.056,-7.542,2
PR,indinavir,V32I-I84V,32-84,51,9.204,-0.825,-8.1,1
PR,indinavir,V32I-L90M,32-90,163,10.525,-0.043,-5.662,1
PR,indinavir,M36I-M46I,36-46,398,12.077,-0.529,-2.974,1
PR,indinavir,M36I-M46L,36-46,217,12.16,-0.407,-3.82,1
PR,indinavir,M36I-I54V,36-54,644,14.7,0.464,-3.02,1
PR,indinavir,M36I-A71V,36-71,673,12.523,0.098,-2.087,1
PR,indinavir,M36I-A71T,36-71,168,11.503,-0.307,-3.318,1
PR,indinavir,M36I-G73S,36-73,183,12.192,-0.051,-5.558,1
PR,indinavir,M36I-G73A,36-73,33,10.688,-0.214,-6.824,1
PR,indinavir,M36I-L76V,36-76,83,11.229,-0.028,-6.437,1
PR,indinavir,M36I-V77I,36-77,132,7.039,-1.949,-3.187,1
PR,indinavir,M36I-V82A,36-82,553,14.628,-0.003,-2.887,1
PR,indinavir,M36I-V82F,36-82,158,13.365,0.109,-3.829,2
PR,indinavir,M36I-I84V,36-84,316,11.622,-0.033,-4.166,1
PR,indinavir,M36I-L90M,36-90,702,12.311,0.201,-2.263,1
PR,indinavir,M46I-I54V,46-54,457,13.577,0.138,-3.452,1
PR,indinavir,M46I-A71V,46-71,579,11.841,0.086,-2.435,1
PR,indinavir,M46I-A71T,46-71,141,10.375,0.075,-3.356,1
PR,indinavir,M46I-G73S,46-73,207,11.664,0.327,-5.599,1
PR,indinavir,M46I-G73A,46-73,60,10.342,1.019,-6.307,1
PR,indinavir,M46I-L76V,46-76,151,8.326,2.666,-4.852,1
PR,indinavir,M46I-V77I,46-77,427,8.479,0.253,-2.592,1
PR,indinavir,M46I-V82A,46-82,404,12.024,0.546,-3.11,1
PR,indinavir,M46I-V82F,46-82,176,11.281,0.917,-3.75,2
PR,indinavir,M46I-I84V,46-84,385,10.128,0.721,-3.978,1
PR,indinavir,M46I-L90M,46-90,709,11.884,0.51,-2.422,1
PR,indinavir,M46L-I54V,46-54,346,13.466,0.464,-4.146,1
PR,indinavir,M46L-A71V,46-71,325,11.155,0.513,-3.06,1
PR,indinavir,M46L-A71T,46-71,46,9.787,0.053,-4.43,1
PR,indinavir,M46L-G73S,46-73,43,11.434,-0.3,-7.066,1
PR,indinavir,M46L-G73A,46-73,12,9.64,0.669,-7.497,1
PR,indinavir,M46L-L76V,46-76,25,8.651,1.406,-6.995,1
PR,indinavir,M46L-V77I,46-77,143,7.961,-0.025,-3.71,1
PR,indinavir,M46L-V82A,46-82,398,11.839,1.806,-3.095,1
PR,indinavir,M46L-V82F,46-82,53,10.837,1.1,-4.812,2
PR,indinavir,M46L-I84V,46-84,97,9.454,0.342,-5.234,1
PR,indinavir,M46L-L90M,46-90,252,11.134,0.362,-3.45,1
PR,indinavir,I54V-A71V,54-71,791,12.939,1.036,-2.529,1
PR,indinavir,I54V-A71T,54-71,146,11.801,0.528,-3.802,1
PR,indinavir,I54V-G73S,54-73,162,14.219,-0.24,-6.421,1
PR,indinavir,I54V-G73A,54-73,37,12.176,0.412,-7.108,1
PR,indinavir,I54V-L76V,54-76,97,12.763,0.421,-6.85,1
PR,indinavir,I54V-V77I,54-77,311,9.882,-0.266,-3.285,1
PR,indinavir,I54V-V82A,54-82,877,11.934,2.862,-2.383,1
PR,indinavir,I54V-V82F,54-82,235,11.198,2.476,-3.642,2
PR,indinavir,I54V-I84V,54-84,319,12.407,0.366,-4.634,1
PR,indinavir,I54V-L90M,54-90,710,14.006,0.307,-2.936,1
PR,indinavir,A71V-G73S,71-73,344,11.564,1.651,-4.229,1
PR,indinavir,A71V-G73A,71-73,21,11.797,-1.454,-7.411,1
PR,indinavir,A71V-L76V,71-76,122,9.784,0.879,-5.478,1
PR,indinavir,A71V-V77I,71-77,552,8.526,0.247,-2.031,1
PR,indinavir,A71V-V82A,71-82,782,12.332,1.132,-2.117,1
PR,indinavir,A71V-V82F,71-82,224,11.162,1.151,-3.116,2
PR,indinavir,A71V-I84V,71-84,439,10.047,0.777,-3.415,1
PR,indinavir,A71V-L90M,71-90,1031,11.543,1.326,-1.592,1
PR,indinavir,A71T-G73S,71-73,46,11.294,0.554,-6.179,1
PR,indinavir,A71T-G73A,71-73,20,10.928,-0.457,-7.267,1
PR,indinavir,A71T-L76V,71-76,12,8.537,-0.078,-7.36,1
PR,indinavir,A71T-V77I,71-77,206,7.617,0.381,-2.894,1
PR,indinavir,A71T-V82A,71-82,115,11.389,0.244,-3.693,1
PR,indinavir,A71T-V82F,71-82,39,10.36,0.373,-4.582,2
PR,indinavir,A71T-I84V,71-84,99,9.165,0.564,-4.557,1
PR,indinavir,A71T-L90M,71-90,232,10.781,0.781,-2.924,1
PR,indinavir,G73S-L76V,73-76,8,12.262,-1.441,-10.713,1
PR,indinavir,G73S-V77I,73-77,189,9.704,0.356,-5.278,1
PR,indinavir,G73S-V82A,73-82,128,14.345,-0.636,-6.249,1
PR,indinavir,G73S-V82F,73-82,37,13.025,-0.854,-7.452,2
PR,indinavir,G73S-I84V,73-84,161,12.078,0.125,-7.119,1
PR,indinavir,G73S-L90M,73-90,431,11.461,2.267,-4.126,1
PR,indinavir,G73A-L76V,73-76,5,11.337,-0.624,-11.073,1
PR,indinavir,G73A-V77I,73-77,41,8.49,0.263,-6.491,1
PR,indinavir,G73A-V82A,73-82,22,13.221,-0.854,-7.585,1
PR,indinavir,G73A-V82F,73-82,12,12.24,-0.555,-8.271,2
PR,indinavir,G73A-I84V,73-84,32,10.903,0.063,-8.322,1
PR,indinavir,G73A-L90M,73-90,82,10.029,1.767,-5.617,1
PR,indinavir,L76V-V77I,76-77,36,8.09,-0.704,-6.84,1
PR,indinavir,L76V-V82A,76-82,65,13.988,-0.603,-7.241,1
PR,indinavir,L76V-V82F,76-82,26,12.951,-0.285,-7.936,2
PR,indinavir,L76V-I84V,76-84,49,10.452,-0.152,-8.204,1
PR,indinavir,L76V-L90M,76-90,80,12.532,-0.78,-6.794,1
PR,indinavir,V77I-V82A,77-82,342,11.14,-0.407,-3.0,1
PR,indinavir,V77I-V82F,77-82,122,9.952,-0.022,-3.734,2
PR,indinavir,V77I-I84V,77-84,211,8.153,-0.322,-4.263,1
PR,indinavir,V77I-L90M,77-90,630,9.768,0.27,-2.188,1
PR,indinavir,V82A-I84V,82-84,143,13.952,-1.867,-5.61,1
PR,indinavir,V82A-L90M,82-90,594,13.694,-0.28,-2.83,1
PR,indinavir,V82F-I84V,82-84,102,12.95,-1.03,-5.887,2
PR,indinavir,V82F-L90M,82-90,185,13.099,-0.282,-3.833,2
PR,indinavir,I84V-L90M,84-90,542,11.677,0.673,-3.62,1
PR,lopinavir,L10F-K20M,10-20,19,13.816,0.798,-6.491,2
PR,lopinavir,L10F-K20R,10-20,50,14.708,-0.251,-5.912,2
PR,lopinavir,L10F-L24I,10-24,43,11.879,1.122,-6.501,2
PR,lopinavir,L10F-V32I,10-32,55,11.228,0.181,-6.263,2
PR,lopinavir,L10F-L33F,10-33,126,13.633,1.069,-4.96,2
PR,lopinavir,L10F-M46I,10-46,235,12.472,1.537,-2.859,2
PR,lopinavir,L10F-M46L,10-46,74,12.543,0.87,-4.166,2
PR,lopinavir,L10F-I47V,10-47,55,12.019,0.461,-6.388,4
PR,lopinavir,L10F-I50V,10-50,13,10.384,0.896,-6.64,2
PR,lopinavir,L10F-F53L,10-53,30,11.558,0.456,-6.247,2
PR,lopinavir,L10F-I54V,10-54,213,14.346,1.635,-3.294,2
PR,lopinavir,L10F-I54L,10-54,69,13.316,1.629,-5.099,4
PR,lopinavir,L10F-I54A,10-54,6,14.234,1.651,-7.239,6
PR,lopinavir,L10F-A71V,10-71,237,14.027,0.615,-2.731,2
PR,lopinavir,L10F-A71T,10-71,57,12.669,0.494,-3.787,2
PR,lopinavir,L10F-G73S,10-73,67,13.957,0.126,-6.43,2
PR,lopinavir,L10F-L76V,10-76,36,12.302,1.097,-6.614,2
PR,lopinavir,L10F-V82A,10-82,138,14.102,0.544,-3.668,2
PR,lopinavir,L10F-V82F,10-82,52,13.658,0.444,-4.688,6
PR,lopinavir,L10F-I84V,10-84,191,10.687,2.07,-3.891,2
PR,lopinavir,L10F-L90M,10-90,277,14.694,0.623,-2.94,2
PR,lopinavir,L10I-K20M,10-20,61,12.809,0.588,-4.808,1
PR,lopinavir,L10I-K20R,10-20,375,14.186,0.294,-3.474,1
PR,lopinavir,L10I-L24I,10-24,251,11.352,1.507,-4.249,1
PR,lopinavir,L10I-V32I,10-32,117,10.653,-0.208,-4.741,1
PR,lopinavir,L10I-L33F,10-33,275,13.25,0.399,-3.664,1
PR,lopinavir,L10I-M46I,10-46,620,12.289,0.901,-1.414,1
PR,lopinavir,L10I-M46L,10-46,319,12.458,0.312,-2.642,1
PR,lopinavir,L10I-I47V,10-47,103,11.144,0.334,-4.618,2
PR,lopinavir,L10I-I50V,10-50,55,9.924,0.562,-5.077,1
PR,lopinavir,L10I-F53L,10-53,154,10.599,1.069,-3.771,1
PR,lopinavir,L10I-I54V,10-54,841,14.264,1.017,-1.869,1
PR,lopinavir,L10I-I54L,10-54,122,12.896,1.15,-3.535,2
PR,lopinavir,L10I-I54A,10-54,139,14.74,2.095,-4.752,3
PR,lopinavir,L10I-A71V,10-71,927,13.522,0.532,-0.913,1
PR,lopinavir,L10I-A71T,10-71,230,11.824,0.586,-1.793,1
PR,lopinavir,L10I-G73S,10-73,283,12.796,0.653,-4.059,1
PR,lopinavir,L10I-L76V,10-76,114,11.543,1.159,-4.662,1
PR,lopinavir,L10I-V82A,10-82,878,13.746,1.209,-1.33,1
PR,lopinavir,L10I-V82F,10-82,229,13.322,0.978,-2.48,3
PR,lopinavir,L10I-I84V,10-84,457,9.99,1.849,-2.191,1
PR,lopinavir,L10I-L90M,10-90,951,13.79,0.662,-1.021,1
PR,lopinavir,L10V-K20M,10-20,10,12.121,0.479,-6.439,1
PR,lopinavir,L10V-K20R,10-20,75,13.298,0.288,-5.001,1
PR,lopinavir,L10V-L24I,10-24,25,10.772,0.687,-6.531,1
PR,lopinavir,L10V-V32I,10-32,34,10.147,-0.022,-6.078,1
PR,lopinavir,L10V-L33F,10-33,50,12.171,0.526,-5.073,1
PR,lopinavir,L10V-M46I,10-46,132,10.992,1.162,-2.749,1
PR,lopinavir,L10V-M46L,10-46,58,11.243,0.571,-3.979,1
PR,lopinavir,L10V-I47V,10-47,31,10.323,0.451,-6.019,2
PR,lopinavir,L10V-I50V,10-50,7,9.091,0.399,-6.75,1
PR,lopinavir,L10V-F53L,10-53,41,9.868,1.408,-4.963,1
PR,lopinavir,L10V-I54V,10-54,124,13.675,0.689,-3.591,1
PR,lopinavir,L10V-I54L,10-54,22,12.471,0.704,-5.375,2
PR,lopinavir,L10V-I54A,10-54,11,14.166,1.235,-7.006,3
PR,lopinavir,L10V-A71V,10-71,161,12.525,0.407,-2.435,1
PR,lopinavir,L10V-A71T,10-71,29,10.889,-0.067,-3.842,1
PR,lopinavir,L10V-G73S,10-73,31,12.177,0.134,-6.032,1
PR,lopinavir,L10V-L76V,10-76,21,10.611,0.913,-6.413,1
PR,lopinavir,L10V-V82A,10-82,125,13.32,0.642,-3.241,1
PR,lopinavir,L10V-V82F,10-82,43,12.72,0.671,-4.132,3
PR,lopinavir,L10V-I84V,10-84,48,9.657,0.946,-4.486,1
PR,lopinavir,L10V-L90M,10-90,171,12.724,0.636,-2.552,1
PR,lopinavir,K20M-L24I,20-24,15,11.892,0.207,-9.779,1
PR,lopinavir,K20M-V32I,20-32,5,9.886,-0.642,-10.11,1
PR,lopinavir,K20M-L33F,20-33,10,11.713,-0.875,-9.347,1
PR,lopinavir,K20M-M46I,20-46,42,10.493,0.702,-6.128,1
PR,lopinavir,K20M-M46L,20-46,21,10.547,0.67,-7.036,1
PR,lopinavir,K20M-I47V,20-47,9,9.584,0.272,-9.451,2
PR,lopinavir,K20M-I50V,20-50,1,8.639,-0.305,-10.604,1
PR,lopinavir,K20M-F53L,20-53,6,9.916,0.014,-9.284,1
PR,lopinavir,K20M-I54V,20-54,47,13.702,0.257,-6.901,1
PR,lopinavir,K20M-I54L,20-54,9,12.055,0.418,-8.494,2
PR,lopinavir,K20M-I54A,20-54,8,14.16,1.063,-9.724,3
PR,lopinavir,K20M-A71V,20-71,40,11.258,0.119,-5.989,1
PR,lopinavir,K20M-A71T,20-71,18,9.666,0.408,-6.638,1
PR,lopinavir,K20M-G73S,20-73,14,11.619,0.298,-9.07,1
PR,lopinavir,K20M-L76V,20-76,10,11.002,0.385,-9.81,1
PR,lopinavir,K20M-V82A,20-82,47,13.589,-0.065,-6.656,1
PR,lopinavir,K20M-V82F,20-82,13,12.421,0.098,-7.532,3
PR,lopinavir,K20M-I84V,20-84,36,10.525,0.772,-7.308,1
PR,lopinavir,K20M-L90M,20-90,54,11.696,0.391,-5.957,1
PR,lopinavir,K20R-L24I,20-24,75,12.398,-0.158,-8.686,1
PR,lopinavir,K20R-V32I,20-32,74,9.653,0.416,-7.67,1
PR,lopinavir,K20R-L33F,20-33,127,11.906,-0.113,-7.207,1
PR,lopinavir,K20R-M46I,20-46,182,11.363,0.006,-5.183,1
PR,lopinavir,K20R-M46L,20-46,128,11.428,0.078,-5.985,1
PR,lopinavir,K20R-I47V,20-47,53,10.125,0.064,-8.216,2
PR,lopinavir,K20R-I50V,20-50,31,9.861,0.254,-8.619,1
PR,lopinavir,K20R-F53L,20-53,88,10.676,0.618,-7.273,1
PR,lopinavir,K20R-I54V,20-54,356,14.405,0.714,-5.129,1
PR,lopinavir,K20R-I54L,20-54,53,12.468,0.787,-6.81,2
PR,lopinavir,K20R-I54A,20-54,50,15.017,0.989,-8.483,3
PR,lopinavir,K20R-A71V,20-71,359,12.372,0.409,-4.328,1
PR,lopinavir,K20R-A71T,20-71,69,10.871,0.259,-5.416,1
PR,lopinavir,K20R-G73S,20-73,52,12.439,-0.309,-8.185,1
PR,lopinavir,K20R-L76V,20-76,44,11.105,0.047,-8.702,1
PR,lopinavir,K20R-V82A,20-82,334,13.847,0.63,-4.756,1
PR,lopinavir,K20R-V82F,20-82,98,12.677,0.697,-5.728,3
PR,lopinavir,K20R-I84V,20-84,146,10.696,0.515,-6.097,1
PR,lopinavir,K20R-L90M,20-90,329,12.443,0.263,-4.61,1
PR,lopinavir,L24I-V32I,24-32,2,11.406,-1.74,-11.044,1
PR,lopinavir,L24I-L33F,24-33,59,10.928,0.429,-8.326,1
PR,lopinavir,L24I-M46I,24-46,148,9.145,1.806,-5.37,1
PR,lopinavir,L24I-M46L,24-46,143,10.243,1.87,-6.242,1
PR,lopinavir,L24I-I47V,24-47,2,9.874,-1.475,-10.983,2
PR,lopinavir,L24I-I50V,24-50,1,11.109,-1.39,-11.524,1
PR,lopinavir,L24I-F53L,24-53,29,10.646,-0.083,-9.281,1
PR,lopinavir,L24I-I54V,24-54,266,13.272,1.304,-6.045,1
PR,lopinavir,L24I-I54L,24-54,7,11.041,0.413,-8.633,2
PR,lopinavir,L24I-I54A,24-54,15,14.868,0.543,-10.322,3
PR,lopinavir,L24I-A71V,24-71,170,10.726,0.103,-5.812,1
PR,lopinavir,L24I-A71T,24-71,33,9.41,0.054,-6.814,1
PR,lopinavir,L24I-G73S,24-73,14,9.951,0.088,-9.224,1
PR,lopinavir,L24I-L76V,24-76,19,12.906,-0.608,-10.696,1
PR,lopinavir,L24I-V82A,24-82,258,13.986,1.575,-5.584,1
PR,lopinavir,L24I-V82F,24-82,54,13.221,1.221,-6.915,3
PR,lopinavir,L24I-I84V,24-84,63,10.176,0.301,-7.612,1
PR,lopinavir,L24I-L90M,24-90,10,12.955,-3.684,-8.367,1
PR,lopinavir,V32I-L33F,32-33,88,8.826,0.439,-7.885,1
PR,lopinavir,V32I-M46I,32-46,196,7.313,1.978,-4.723,1
PR,lopinavir,V32I-M46L,32-46,31,7.64,1.171,-6.417,1
PR,lopinavir,V32I-I47V,32-47,156,7.327,3.451,-6.087,2
PR,lopinavir,V32I-I50V,32-50,4,8.573,-0.727,-10.497,1
PR,lopinavir,V32I-F53L,32-53,48,8.615,0.074,-8.71,1
PR,lopinavir,V32I-I54V,32-54,41,12.779,-1.849,-7.79,1
PR,lopinavir,V32I-I54L,32-54,88,11.251,0.224,-7.572,2
PR,lopinavir,V32I-I54A,32-54,3,14.027,-1.712,-11.226,3
PR,lopinavir,V32I-A71V,32-71,176,8.418,1.176,-4.741,1
PR,lopinavir,V32I-A71T,32-71,24,7.399,0.614,-6.234,1
PR,lopinavir,V32I-G73S,32-73,43,11.109,-0.145,-8.962,1
PR,lopinavir,V32I-L76V,32-76,5,10.116,-1.418,-11.022,1
PR,lopinavir,V32I-V82A,32-82,168,10.648,1.711,-4.965,1
PR,lopinavir,V32I-V82F,32-82,13,9.703,0.056,-7.542,3
PR,lopinavir,V32I-I84V,32-84,51,9.204,-0.825,-8.1,1
PR,lopinavir,V32I-L90M,32-90,163,10.525,-0.043,-5.662,1
PR,lopinavir,L33F-M46I,33-46,219,11.54,-0.009,-5.27,1
PR,lopinavir,L33F-M46L,33-46,106,11.03,0.262,-5.952,1
PR,lopinavir,L33F-I47V,33-47,78,9.274,0.21,-8.257,2
PR,lopinavir,L33F-I50V,33-50,31,8.056,0.978,-8.135,1
PR,lopinavir,L33F-F53L,33-53,81,9.629,0.616,-7.438,1
PR,lopinavir,L33F-I54V,33-54,241,11.805,1.198,-5.038,1
PR,lopinavir,L33F-I54L,33-54,128,10.42,2.48,-5.644,2
PR,lopinavir,L33F-I54A,33-54,53,12.9,2.009,-7.857,3
PR,lopinavir,L33F-A71V,33-71,303,12.541,0.052,-4.572,1
PR,lopinavir,L33F-A71T,33-71,56,11.074,-0.103,-5.685,1
PR,lopinavir,L33F-G73S,33-73,94,11.12,0.549,-7.618,1
PR,lopinavir,L33F-L76V,33-76,50,10.042,0.508,-8.464,1
PR,lopinavir,L33F-V82A,33-82,263,12.696,0.677,-4.926,1
PR,lopinavir,L33F-V82F,33-82,70,11.728,0.517,-6.075,3
PR,lopinavir,L33F-I84V,33-84,189,9.943,0.546,-6.181,1
PR,lopinavir,L33F-L90M,33-90,340,11.995,0.412,-4.573,1
PR,lopinavir,M46I-I47V,46-47,179,8.999,1.378,-5.161,2
PR,lopinavir,M46I-I50V,46-50,49,7.621,1.23,-5.824,1
PR,lopinavir,M46I-F53L,46-53,108,9.787,0.179,-5.629,1
PR,lopinavir,M46I-I54V,46-54,457,13.577,0.138,-3.452,1
PR,lopinavir,M46I-I54L,46-54,116,13.082,-0.378,-5.604,2
PR,lopinavir,M46I-I54A,46-54,46,14.579,0.198,-6.897,3
PR,lopinavir,M46I-A71V,46-71,579,11.841,0.086,-2.435,1
PR,lopinavir,M46I-A71T,46-71,141,10.375,0.075,-3.356,1
PR,lopinavir,M46I-G73S,46-73,207,11.664,0.327,-5.599,1
PR,lopinavir,M46I-L76V,46-76,151,8.326,2.666,-4.852,1
PR,lopinavir,M46I-V82A,46-82,404,12.024,0.546,-3.11,1
PR,lopinavir,M46I-V82F,46-82,176,11.281,0.917,-3.75,3
PR,lopinavir,M46I-I84V,46-84,385,10.128,0.721,-3.978,1
PR,lopinavir,M46I-L90M,46-90,709,11.884,0.51,-2.422,1
PR,lopinavir,M46L-I47V,46-47,8,8.487,-0.362,-7.759,2
PR,lopinavir,M46L-I50V,46-50,5,8.023,-0.362,-8.317,1
PR,lopinavir,M46L-F53L,46-53,46,9.794,-0.121,-6.84,1
PR,lopinavir,M46L-I54V,46-54,346,13.466,0.464,-4.146,1
PR,lopinavir,M46L-I54L,46-54,33,12.371,0.377,-5.868,2
PR,lopinavir,M46L-I54A,46-54,20,14.864,-0.313,-8.427,3
PR,lopinavir,M46L-A71V,46-71,325,11.155,0.513,-3.06,1
PR,lopinavir,M46L-A71T,46-71,46,9.787,0.053,-4.43,1
PR,lopinavir,M46L-G73S,46-73,43,11.434,-0.3,-7.066,1
PR,lopinavir,M46L-L76V,46-76,25,8.651,1.406,-6.995,1
PR,lopinavir,M46L-V82A,46-82,398,11.839,1.806,-3.095,1
PR,lopinavir,M46L-V82F,46-82,53,10.837,1.1,-4.812,3
PR,lopinavir,M46L-I84V,46-84,97,9.454,0.342,-5.234,1
PR,lopinavir,M46L-L90M,46-90,252,11.134,0.362,-3.45,1
PR,lopinavir,I47V-I50V,47-50,5,7.789,-0.469,-10.423,2
PR,lopinavir,I47V-F53L,47-53,46,7.334,0.889,-8.125,2
PR,lopinavir,I47V-I54V,47-54,51,11.3,-0.161,-6.838,2
PR,lopinavir,I47V-I54L,47-54,89,10.279,1.309,-7.181,4
PR,lopinavir,I47V-I54A,47-54,7,12.669,0.156,-10.101,6
PR,lopinavir,I47V-A71V,47-71,120,10.416,-0.281,-5.788,2
PR,lopinavir,I47V-A71T,47-71,26,9.31,0.017,-6.46,2
PR,lopinavir,I47V-G73S,47-73,40,11.092,0.103,-8.939,2
PR,lopinavir,I47V-L76V,47-76,12,9.464,-0.354,-10.212,2
PR,lopinavir,I47V-V82A,47-82,93,11.665,-0.156,-6.44,2
PR,lopinavir,I47V-V82F,47-82,20,10.639,-0.119,-7.407,6
PR,lopinavir,I47V-I84V,47-84,68,9.398,-0.085,-7.658,2
PR,lopinavir,I47V-L90M,47-90,153,11.392,0.073,-5.751,2
PR,lopinavir,I50V-F53L,50-53,9,7.479,0.165,-9.371,1
PR,lopinavir,I50V-I54V,50-54,31,11.813,-0.323,-7.457,1
PR,lopinavir,I50V-I54A,50-54,25,13.663,0.703,-10.014,3
PR,lopinavir,I50V-A71V,50-71,57,8.94,0.719,-5.688,1
PR,lopinavir,I50V-A71T,50-71,4,7.474,-0.118,-7.469,1
PR,lopinavir,I50V-G73S,50-73,8,9.353,-0.02,-9.596,1
PR,lopinavir,I50V-L76V,50-76,7,8.317,-0.072,-10.537,1
PR,lopinavir,I50V-V82A,50-82,50,11.428,0.733,-6.376,1
PR,lopinavir,I50V-V82F,50-82,6,10.526,-0.22,-8.315,3
PR,lopinavir,I50V-L90M,50-90,34,10.038,-0.527,-6.735,1
PR,lopinavir,F53L-I54V,53-54,161,12.125,0.767,-5.636,1
PR,lopinavir,F53L-I54L,53-54,29,11.062,0.133,-7.999,2
PR,lopinavir,F53L-I54A,53-54,3,14.012,-0.843,-10.745,3
PR,lopinavir,F53L-A71V,53-71,170,9.588,0.871,-4.609,1
PR,lopinavir,F53L-A71T,53-71,16,8.075,0.238,-6.172,1
PR,lopinavir,F53L-G73S,53-73,38,10.735,0.022,-8.52,1
PR,lopinavir,F53L-L76V,53-76,13,8.882,-0.39,-9.785,1
PR,lopinavir,F53L-V82A,53-82,155,12.458,0.557,-5.496,1
PR,lopinavir,F53L-V82F,53-82,33,11.181,0.375,-6.672,3
PR,lopinavir,F53L-I84V,53-84,52,9.152,-0.277,-7.362,1
PR,lopinavir,F53L-L90M,53-90,164,10.161,0.564,-4.983,1
PR,lopinavir,I54V-A71V,54-71,791,12.939,1.036,-2.529,1
PR,lopinavir,I54V-A71T,54-71,146,11.801,0.528,-3.802,1
PR,lopinavir,I54V-G73S,54-73,162,14.219,-0.24,-6.421,1
PR,lopinavir,I54V-L76V,54-76,97,12.763,0.421,-6.85,1
PR,lopinavir,I54V-V82A,54-82,877,11.934,2.862,-2.383,1
PR,lopinavir,I54V-V82F,54-82,235,11.198,2.476,-3.642,3
PR,lopinavir,I54V-I84V,54-84,319,12.407,0.366,-4.634,1
PR,lopinavir,I54V-L90M,54-90,710,14.006,0.307,-2.936,1
PR,lopinavir,I54L-A71V,54-71,145,12.15,0.739,-4.431,2
PR,lopinavir,I54L-A71T,54-71,21,11.143,-0.042,-5.978,2
PR,lopinavir,I54L-G73S,54-73,50,13.192,-0.165,-8.112,2
PR,lopinavir,I54L-L76V,54-76,25,11.191,0.823,-8.215,2
PR,lopinavir,I54L-V82A,54-82,76,11.925,0.837,-5.528,2
PR,lopinavir,I54L-V82F,54-82,15,11.401,0.281,-6.956,6
PR,lopinavir,I54L-I84V,54-84,106,11.429,0.596,-6.189,2
PR,lopinavir,I54L-L90M,54-90,173,13.251,0.438,-4.601,2
PR,lopinavir,I54A-A71V,54-71,113,13.154,1.631,-5.665,3
PR,lopinavir,I54A-A71T,54-71,7,12.375,0.154,-7.908,3
PR,lopinavir,I54A-G73S,54-73,4,14.941,-1.013,-10.665,3
PR,lopinavir,I54A-V82A,54-82,125,13.413,2.946,-5.885,3
PR,lopinavir,I54A-V82F,54-82,25,12.977,2.344,-7.36,9
PR,lopinavir,I54A-I84V,54-84,14,13.891,-0.564,-9.008,3
PR,lopinavir,I54A-L90M,54-90,55,15.434,-0.337,-6.945,3
PR,lopinavir,A71V-G73S,71-73,344,11.564,1.651,-4.229,1
PR,lopinavir,A71V-L76V,71-76,122,9.784,0.879,-5.478,1
PR,lopinavir,A71V-V82A,71-82,782,12.332,1.132,-2.117,1
PR,lopinavir,A71V-V82F,71-82,224,11.162,1.151,-3.116,3
PR,lopinavir,A71V-I84V,71-84,439,10.047,0.777,-3.415,1
PR,lopinavir,A71V-L90M,71-90,1031,11.543,1.326,-1.592,1
PR,lopinavir,A71T-G73S,71-73,46,11.294,0.554,-6.179,1
PR,lopinavir,A71T-L76V,71-76,12,8.537,-0.078,-7.36,1
PR,lopinavir,A71T-V82A,71-82,115,11.389,0.244,-3.693,1
PR,lopinavir,A71T-V82F,71-82,39,10.36,0.373,-4.582,3
PR,lopinavir,A71T-I84V,71-84,99,9.165,0.564,-4.557,1
PR,lopinavir,A71T-L90M,71-90,232,10.781,0.781,-2.924,1
PR,lopinavir,G73S-L76V,73-76,8,12.262,-1.441,-10.713,1
PR,lopinavir,G73S-V82A,73-82,128,14.345,-0.636,-6.249,1
PR,lopinavir,G73S-V82F,73-82,37,13.025,-0.854,-7.452,3
PR,lopinavir,G73S-I84V,73-84,161,12.078,0.125,-7.119,1
PR,lopinavir,G73S-L90M,73-90,431,11.461,2.267,-4.126,1
PR,lopinavir,L76V-V82A,76-82,65,13.988,-0.603,-7.241,1
PR,lopinavir,L76V-V82F,76-82,26,12.951,-0.285,-7.936,3
PR,lopinavir,L76V-I84V,76-84,49,10.452,-0.152,-8.204,1
PR,lopinavir,L76V-L90M,76-90,80,12.532,-0.78,-6.794,1
PR,lopinavir,V82A-I84V,82-84,143,13.952,-1.867,-5.61,1
PR,lopinavir,V82A-L90M,82-90,594,13.694,-0.28,-2.83,1
PR,lopinavir,V82F-I84V,82-84,102,12.95,-1.03,-5.887,3
PR,lopinavir,V82F-L90M,82-90,185,13.099,-0.282,-3.833,3
PR,lopinavir,I84V-L90M,84-90,542,11.677,0.673,-3.62,1
PR,nelfinavir,L10F-D30N,10-30,45,8.212,0.403,-5.935,1
PR,nelfinavir,L10F-M36I,10-36,188,14.615,0.222,-3.133,1
PR,nelfinavir,L10F-M46I,10-46,235,12.472,1.537,-2.859,1
PR,nelfinavir,L10F-M46L,10-46,74,12.543,0.87,-4.166,1
PR,nelfinavir,L10F-A71V,10-71,237,14.027,0.615,-2.731,1
PR,nelfinavir,L10F-A71T,10-71,57,12.669,0.494,-3.787,1
PR,nelfinavir,L10F-V77I,10-77,106,10.619,-0.369,-3.391,1
PR,nelfinavir,L10F-V82A,10-82,138,14.102,0.544,-3.668,1
PR,nelfinavir,L10F-V82F,10-82,52,13.658,0.444,-4.688,3
PR,nelfinavir,L10F-I84V,10-84,191,10.687,2.07,-3.891,1
PR,nelfinavir,L10F-N88D,10-88,56,10.791,1.082,-5.918,1
PR,nelfinavir,L10F-N88S,10-88,6,7.745,0.679,-7.185,1
PR,nelfinavir,L10F-L90M,10-90,277,14.694,0.623,-2.94,1
PR,nelfinavir,L10I-D30N,10-30,47,6.718,-0.217,-4.619,1
PR,nelfinavir,L10I-M36I,10-36,697,13.806,0.083,-1.338,1
PR,nelfinavir,L10I-M46I,10-46,620,12.289,0.901,-1.414,1
PR,nelfinavir,L10I-M46L,10-46,319,12.458,0.312,-2.642,1
PR,nelfinavir,L10I-A71V,10-71,927,13.522,0.532,-0.913,1
PR,nelfinavir,L10I-A71T,10-71,230,11.824,0.586,-1.793,1
PR,nelfinavir,L10I-V77I,10-77,633,10.227,0.042,-1.215,1
PR,nelfinavir,L10I-V82A,10-82,878,13.746,1.209,-1.33,1
PR,nelfinavir,L10I-V82F,10-82,229,13.322,0.978,-2.48,3
PR,nelfinavir,L10I-I84V,10-84,457,9.99,1.849,-2.191,1
PR,nelfinavir,L10I-N88D,10-88,41,9.512,-0.031,-5.084,1
PR,nelfinavir,L10I-N88S,10-88,25,6.669,0.744,-5.174,1
PR,nelfinavir,L10I-L90M,10-90,951,13.79,0.662,-1.021,1
PR,nelfinavir,D30N-M36I,30-36,169,9.742,0.907,-5.119,1
PR,nelfinavir,D30N-M46I,30-46,40,7.411,-0.161,-6.009,1
PR,nelfinavir,D30N-M46L,30-46,10,6.682,-0.357,-7.118,1
PR,nelfinavir,D30N-A71V,30-71,72,6.687,0.32,-5.116,1
PR,nelfinavir,D30N-A71T,30-71,62,7.978,0.207,-6.179,1
PR,nelfinavir,D30N-V77I,30-77,146,9.218,0.437,-5.322,1
PR,nelfinavir,D30N-V82A,30-82,7,9.53,-1.576,-6.992,1
PR,nelfinavir,D30N-V82F,30-82,1,8.437,-1.542,-7.962,3
PR,nelfinavir,D30N-I84V,30-84,13,9.026,-1.1,-8.167,1
PR,nelfinavir,D30N-N88D,30-88,247,9.275,4.611,-5.257,1
PR,nelfinavir,D30N-N88S,30-88,1,11.562,-0.135,-10.267,1
PR,nelfinavir,D30N-L90M,30-90,34,9.637,-1.462,-6.399,1
PR,nelfinavir,M36I-M46I,36-46,398,12.077,-0.529,-2.974,1
PR,nelfinavir,M36I-M46L,36-46,217,12.16,-0.407,-3.82,1
PR,nelfinavir,M36I-A71V,36-71,673,12.523,0.098,-2.087,1
PR,nelfinavir,M36I-A71T,36-71,168,11.503,-0.307,-3.318,1
PR,nelfinavir,M36I-V77I,36-77,132,7.039,-1.949,-3.187,1
PR,nelfinavir,M36I-V82A,36-82,553,14.628,-0.003,-2.887,1
PR,nelfinavir,M36I-V82F,36-82,158,13.365,0.109,-3.829,3
PR,nelfinavir,M36I-I84V,36-84,316,11.622,-0.033,-4.166,1
PR,nelfinavir,M36I-N88D,36-88,122,9.967,0.52,-5.818,1
PR,nelfinavir,M36I-N88S,36-88,11,9.017,-0.422,-7.092,1
PR,nelfinavir,M36I-L90M,36-90,702,12.311,0.201,-2.263,1
PR,nelfinavir,M46I-A71V,46-71,579,11.841,0.086,-2.435,1
PR,nelfinavir,M46I-A71T,46-71,141,10.375,0.075,-3.356,1
PR,nelfinavir,M46I-V77I,46-77,427,8.479,0.253,-2.592,1
PR,nelfinavir,M46I-V82A,46-82,404,12.024,0.546,-3.11,1
PR,nelfinavir,M46I-V82F,46-82,176,11.281,0.917,-3.75,3
PR,nelfinavir,M46I-I84V,46-84,385,10.128,0.721,-3.978,1
PR,nelfinavir,M46I-N88D,46-88,44,7.933,0.292,-6.259,1
PR,nelfinavir,M46I-N88S,46-88,36,5.908,1.739,-5.807,1
PR,nelfinavir,M46I-L90M,46-90,709,11.884,0.51,-2.422,1
PR,nelfinavir,M46L-A71V,46-71,325,11.155,0.513,-3.06,1
PR,nelfinavir,M46L-A71T,46-71,46,9.787,0.053,-4.43,1
PR,nelfinavir,M46L-V77I,46-77,143,7.961,-0.025,-3.71,1
PR,nelfinavir,M46L-V82A,46-82,398,11.839,1.806,-3.095,1
PR,nelfinavir,M46L-V82F,46-82,53,10.837,1.1,-4.812,3
PR,nelfinavir,M46L-I84V,46-84,97,9.454,0.342,-5.234,1
PR,nelfinavir,M46L-N88D,46-88,14,7.489,0.231,-7.23,1
PR,nelfinavir,M46L-N88S,46-88,5,4.694,0.957,-7.5,1
PR,nelfinavir,M46L-L90M,46-90,252,11.134,0.362,-3.45,1
PR,nelfinavir,A71V-V77I,71-77,552,8.526,0.247,-2.031,1
PR,nelfinavir,A71V-V82A,71-82,782,12.332,1.132,-2.117,1
PR,nelfinavir,A71V-V82F,71-82,224,11.162,1.151,-3.116,3
PR,nelfinavir,A71V-I84V,71-84,439,10.047,0.777,-3.415,1
PR,nelfinavir,A71V-N88D,71-88,69,8.946,0.551,-5.513,1
PR,nelfinavir,A71V-N88S,71-88,5,7.041,-0.836,-7.006,1
PR,nelfinavir,A71V-L90M,71-90,1031,11.543,1.326,-1.592,1
PR,nelfinavir,A71T-V77I,71-77,206,7.617,0.381,-2.894,1
PR,nelfinavir,A71T-V82A,71-82,115,11.389,0.244,-3.693,1
PR,nelfinavir,A71T-V82F,71-82,39,10.36,0.373,-4.582,3
PR,nelfinavir,A71T-I84V,71-84,99,9.165,0.564,-4.557,1
PR,nelfinavir,A71T-N88D,71-88,61,9.012,0.845,-6.205,1
PR,nelfinavir,A71T-N88S,71-88,13,7.086,0.115,-7.04,1
PR,nelfinavir,A71T-L90M,71-90,232,10.781,0.781,-2.924,1
PR,nelfinavir,V77I-V82A,77-82,342,11.14,-0.407,-3.0,1
PR,nelfinavir,V77I-V82F,77-82,122,9.952,-0.022,-3.734,3
PR,nelfinavir,V77I-I84V,77-84,211,8.153,-0.322,-4.263,1
PR,nelfinavir,V77I-N88D,77-88,117,7.788,0.717,-5.635,1
PR,nelfinavir,V77I-N88S,77-88,33,8.152,0.503,-6.393,1
PR,nelfinavir,V77I-L90M,77-90,630,9.768,0.27,-2.188,1
PR,nelfinavir,V82A-I84V,82-84,143,13.952,-1.867,-5.61,1
PR,nelfinavir,V82A-N88D,82-88,15,10.378,-0.873,-7.031,1
PR,nelfinavir,V82A-N88S,82-88,1,9.051,-1.445,-8.098,1
PR,nelfinavir,V82A-L90M,82-90,594,13.694,-0.28,-2.83,1
PR,nelfinavir,V82F-I84V,82-84,102,12.95,-1.03,-5.887,3
PR,nelfinavir,V82F-N88D,82-88,3,9.381,-1.167,-8.319,3
PR,nelfinavir,V82F-N88S,82-88,1,7.913,-0.933,-8.581,3
PR,nelfinavir,V82F-L90M,82-90,185,13.099,-0.282,-3.833,3
PR,nelfinavir,I84V-N88D,84-88,25,8.552,-0.251,-7.984,1
PR,nelfinavir,I84V-N88S,84-88,4,7.899,-0.824,-9.089,1
PR,nelfinavir,I84V-L90M,84-90,542,11.677,0.673,-3.62,1
PR,nelfinavir,N88D-L90M,88-90,62,9.9,-0.033,-6.002,1
PR,nelfinavir,N88S-L90M,88-90,8,9.503,-1.329,-7.5,1
PR,saquinavir,L10I-L24I,10-24,251,11.352,1.507,-4.249,1
PR,saquinavir,L10I-G48V,10-48,266,11.191,1.676,-4.157,1
PR,saquinavir,L10I-I54V,10-54,841,14.264,1.017,-1.869,1
PR,saquinavir,L10I-I54L,10-54,122,12.896,1.15,-3.535,1
PR,saquinavir,L10I-I62V,10-62,866,11.109,0.286,-0.887,1
PR,saquinavir,L10I-A71V,10-71,927,13.522,0.532,-0.913,1
PR,saquinavir,L10I-A71T,10-71,230,11.824,0.586,-1.793,1
PR,saquinavir,L10I-G73S,10-73,283,12.796,0.653,-4.059,1
PR,saquinavir,L10I-V77I,10-77,633,10.227,0.042,-1.215,1
PR,saquinavir,L10I-V82A,10-82,878,13.746,1.209,-1.33,1
PR,saquinavir,L10I-V82F,10-82,229,13.322,0.978,-2.48,3
PR,saquinavir,L10I-I84V,10-84,457,9.99,1.849,-2.191,1
PR,saquinavir,L10I-L90M,10-90,951,13.79,0.662,-1.021,1
PR,saquinavir,L10R-L24I,10-24,43,11.879,1.122,-6.501,1
PR,saquinavir,L10R-G48V,10-48,3,11.156,-0.125,-7.749,1
PR,saquinavir,L10R-I54V,10-54,213,14.346,1.635,-3.294,1
PR,saquinavir,L10R-I54L,10-54,69,13.316,1.629,-5.099,1
PR,saquinavir,L10R-I62V,10-62,216,11.591,0.369,-2.721,1
PR,saquinavir,L10R-A71V,10-71,237,14.027,0.615,-2.731,1
PR,saquinavir,L10R-A71T,10-71,57,12.669,0.494,-3.787,1
PR,saquinavir,L10R-G73S,10-73,67,13.957,0.126,-6.43,1
PR,saquinavir,L10R-V77I,10-77,106,10.619,-0.369,-3.391,1
PR,saquinavir,L10R-V82A,10-82,138,14.102,0.544,-3.668,1
PR,saquinavir,L10R-V82F,10-82,52,13.658,0.444,-4.688,3
PR,saquinavir,L10R-I84V,10-84,191,10.687,2.07,-3.891,1
PR,saquinavir,L10R-L90M,10-90,277,14.694,0.623,-2.94,1
PR,saquinavir,L10V-L24I,10-24,25,10.772,0.687,-6.531,1
PR,saquinavir,L10V-G48V,10-48,28,10.08,1.396,-5.935,1
PR,saquinavir,L10V-I54V,10-54,124,13.675,0.689,-3.591,1
PR,saquinavir,L10V-I54L,10-54,22,12.471,0.704,-5.375,1
PR,saquinavir,L10V-I62V,10-62,133,10.465,-0.109,-2.669,1
PR,saquinavir,L10V-A71V,10-71,161,12.525,0.407,-2.435,1
PR,saquinavir,L10V-A71T,10-71,29,10.889,-0.067,-3.842,1
PR,saquinavir,L10V-G73S,10-73,31,12.177,0.134,-6.032,1
PR,saquinavir,L10V-V77I,10-77,117,8.937,0.061,-2.714,1
PR,saquinavir,L10V-V82A,10-82,125,13.32,0.642,-3.241,1
PR,saquinavir,L10V-V82F,10-82,43,12.72,0.671,-4.132,3
PR,saquinavir,L10V-I84V,10-84,48,9.657,0.946,-4.486,1
PR,saquinavir,L10V-L90M,10-90,171,12.724,0.636,-2.552,1
PR,saquinavir,L24I-G48V,24-48,27,14.539,-0.844,-10.743,1
PR,saquinavir,L24I-I54V,24-54,266,13.272,1.304,-6.045,1
PR,saquinavir,L24I-I54L,24-54,7,11.041,0.413,-8.633,1
PR,saquinavir,L24I-I62V,24-62,146,9.346,-0.041,-5.891,1
PR,saquinavir,L24I-A71V,24-71,170,10.726,0.103,-5.812,1
PR,saquinavir,L24I-A71T,24-71,33,9.41,0.054,-6.814,1
PR,saquinavir,L24I-G73S,24-73,14,9.951,0.088,-9.224,1
PR,saquinavir,L24I-V77I,24-77,73,8.33,0.054,-6.121,1
PR,saquinavir,L24I-V82A,24-82,258,13.986,1.575,-5.584,1
PR,saquinavir,L24I-V82F,24-82,54,13.221,1.221,-6.915,3
PR,saquinavir,L24I-I84V,24-84,63,10.176,0.301,-7.612,1
PR,saquinavir,L24I-L90M,24-90,10,12.955,-3.684,-8.367,1
PR,saquinavir,G48V-I54V,48-54,155,12.648,1.056,-6.369,1
PR,saquinavir,G48V-I54L,48-54,8,10.784,0.656,-8.5,1
PR,saquinavir,G48V-I62V,48-62,151,9.138,0.046,-5.909,1
PR,saquinavir,G48V-A71V,48-71,169,11.671,-0.103,-6.022,1
PR,saquinavir,G48V-A71T,48-71,30,9.757,0.144,-6.747,1
PR,saquinavir,G48V-G73S,48-73,3,11.412,-1.611,-10.678,1
PR,saquinavir,G48V-V77I,48-77,151,8.816,0.658,-5.808,1
PR,saquinavir,G48V-V82A,48-82,249,12.918,2.319,-5.175,1
PR,saquinavir,G48V-V82F,48-82,44,11.858,1.957,-6.52,3
PR,saquinavir,G48V-I84V,48-84,64,9.129,0.852,-7.238,1
PR,saquinavir,G48V-L90M,48-90,109,11.273,-0.386,-6.381,1
PR,saquinavir,I54V-I62V,54-62,651,11.737,0.161,-2.803,1
PR,saquinavir,I54V-A71V,54-71,791,12.939,1.036,-2.529,1
PR,saquinavir,I54V-A71T,54-71,146,11.801,0.528,-3.802,1
PR,saquinavir,I54V-G73S,54-73,162,14.219,-0.24,-6.421,1
PR,saquinavir,I54V-V77I,54-77,311,9.882,-0.266,-3.285,1
PR,saquinavir,I54V-V82A,54-82,877,11.934,2.862,-2.383,1
PR,saquinavir,I54V-V82F,54-82,235,11.198,2.476,-3.642,3
PR,saquinavir,I54V-I84V,54-84,319,12.407,0.366,-4.634,1
PR,saquinavir,I54V-L90M,54-90,710,14.006,0.307,-2.936,1
PR,saquinavir,I54L-I62V,54-62,101,10.619,-0.089,-4.729,1
PR,saquinavir,I54L-A71V,54-71,145,12.15,0.739,-4.431,1
PR,saquinavir,I54L-A71T,54-71,21,11.143,-0.042,-5.978,1
PR,saquinavir,I54L-G73S,54-73,50,13.192,-0.165,-8.112,1
PR,saquinavir,I54L-V77I,54-77,69,9.045,-0.117,-4.937,1
PR,saquinavir,I54L-V82A,54-82,76,11.925,0.837,-5.528,1
PR,saquinavir,I54L-V82F,54-82,15,11.401,0.281,-6.956,3
PR,saquinavir,I54L-I84V,54-84,106,11.429,0.596,-6.189,1
PR,saquinavir,I54L-L90M,54-90,173,13.251,0.438,-4.601,1
PR,saquinavir,I62V-A71V,62-71,731,10.271,-0.134,-1.901,1
PR,saquinavir,I62V-A71T,62-71,261,8.403,0.511,-2.421,1
PR,saquinavir,I62V-G73S,62-73,273,9.327,0.688,-4.807,1
PR,saquinavir,I62V-V77I,62-77,602,5.85,0.24,-2.0,1
PR,saquinavir,I62V-V82A,62-82,617,11.293,0.136,-2.477,1
PR,saquinavir,I62V-V82F,62-82,175,10.362,0.061,-3.53,3
PR,saquinavir,I62V-I84V,62-84,351,8.652,-0.197,-3.897,1
PR,saquinavir,I62V-L90M,62-90,883,9.984,0.468,-1.831,1
PR,saquinavir,A71V-G73S,71-73,344,11.564,1.651,-4.229,1
PR,saquinavir,A71V-V77I,71-77,552,8.526,0.247,-2.031,1
PR,saquinavir,A71V-V82A,71-82,782,12.332,1.132,-2.117,1
PR,saquinavir,A71V-V82F,71-82,224,11.162,1.151,-3.116,3
PR,saquinavir,A71V-I84V,71-84,439,10.047,0.777,-3.415,1
PR,saquinavir,A71V-L90M,71-90,1031,11.543,1.326,-1.592,1
PR,saquinavir,A71T-G73S,71-73,46,11.294,0.554,-6.179,1
PR,saquinavir,A71T-V77I,71-77,206,7.617,0.381,-2.894,1
PR,saquinavir,A71T-V82A,71-82,115,11.389,0.244,-3.693,1
PR,saquinavir,A71T-V82F,71-82,39,10.36,0.373,-4.582,3
PR,saquinavir,A71T-I84V,71-84,99,9.165,0.564,-4.557,1
PR,saquinavir,A71T-L90M,71-90,232,10.781,0.781,-2.924,1
PR,saquinavir,G73S-V77I,73-77,189,9.704,0.356,-5.278,1
PR,saquinavir,G73S-V82A,73-82,128,14.345,-0.636,-6.249,1
PR,saquinavir,G73S-V82F,73-82,37,13.025,-0.854,-7.452,3
PR,saquinavir,G73S-I84V,73-84,161,12.078,0.125,-7.119,1
PR,saquinavir,G73S-L90M,73-90,431,11.461,2.267,-4.126,1
PR,saquinavir,V77I-V82A,77-82,342,11.14,-0.407,-3.0,1
PR,saquinavir,V77I-V82F,77-82,122,9.952,-0.022,-3.734,3
PR,saquinavir,V77I-I84V,77-84,211,8.153,-0.322,-4.263,1
PR,saquinavir,V77I-L90M,77-90,630,9.768,0.27,-2.188,1
PR,saquinavir,V82A-I84V,82-84,143,13.952,-1.867,-5.61,1
PR,saquinavir,V82A-L90M,82-90,594,13.694,-0.28,-2.83,1
PR,saquinavir,V82F-I84V,82-84,102,12.95,-1.03,-5.887,3
PR,saquinavir,V82F-L90M,82-90,185,13.099,-0.282,-3.833,3
PR,saquinavir,I84V-L90M,84-90,542,11.677,0.673,-3.62,1
PR,tipranavir,L10V-L33F,10-33,50,12.171,0.526,-5.073,1
PR,tipranavir,L10V-M36I,10-36,156,12.685,0.439,-2.617,1
PR,tipranavir,L10V-M36L,10-36,11,12.334,0.731,-6.012,1
PR,tipranavir,L10V-M36V,10-36,14,10.982,1.005,-5.085,1
PR,tipranavir,L10V-K43T,10-43,34,11.14,0.475,-5.72,1
PR,tipranavir,L10V-M46L,10-46,58,11.243,0.571,-3.979,1
PR,tipranavir,L10V-I47V,10-47,31,10.323,0.451,-6.019,1
PR,tipranavir,L10V-I54A,10-54,11,14.166,1.235,-7.006,1
PR,tipranavir,L10V-I54M,10-54,22,12.471,0.704,-5.375,1
PR,tipranavir,L10V-I54V,10-54,124,13.675,0.689,-3.591,1
PR,tipranavir,L10V-Q58E,10-58,31,9.836,0.736,-5.038,1
PR,tipranavir,L10V-H69K,10-69,16,8.792,-0.247,-5.244,2
PR,tipranavir,L10V-T74P,10-74,49,9.208,1.125,-4.356,1
PR,tipranavir,L10V-V82L,10-82,43,12.72,0.671,-4.132,2
PR,tipranavir,L10V-N83D,10-83,3,10.185,0.659,-8.983,1
PR,tipranavir,L10V-I84V,10-84,48,9.657,0.946,-4.486,1
PR,tipranavir,L10V-L89I,10-89,8,9.143,1.024,-6.785,1
PR,tipranavir,L10V-L89M,10-89,6,9.282,0.153,-7.162,1
PR,tipranavir,L10V-L89V,10-89,12,11.324,0.26,-6.954,1
PR,tipranavir,L33F-M36I,33-36,176,11.722,-0.355,-5.211,1
PR,tipranavir,L33F-M36L,33-36,57,11.196,1.806,-6.857,1
PR,tipranavir,L33F-M36V,33-36,7,10.269,-0.525,-8.224,1
PR,tipranavir,L33F-K43T,33-43,87,9.918,0.46,-7.804,1
PR,tipranavir,L33F-M46L,33-46,106,11.03,0.262,-5.952,1
PR,tipranavir,L33F-I47V,33-47,78,9.274,0.21,-8.257,1
PR,tipranavir,L33F-I54A,33-54,53,12.9,2.009,-7.857,1
PR,tipranavir,L33F-I54M,33-54,128,10.42,2.48,-5.644,1
PR,tipranavir,L33F-I54V,33-54,241,11.805,1.198,-5.038,1
PR,tipranavir,L33F-Q58E,33-58,74,9.169,0.395,-7.186,1
PR,tipranavir,L33F-H69K,33-69,19,7.382,-0.297,-7.502,2
PR,tipranavir,L33F-T74P,33-74,68,8.79,0.192,-7.09,1
PR,tipranavir,L33F-V82L,33-82,70,11.728,0.517,-6.075,2
PR,tipranavir,L33F-N83D,33-83,12,9.491,1.138,-10.415,1
PR,tipranavir,L33F-I84V,33-84,189,9.943,0.546,-6.181,1
PR,tipranavir,L33F-L89I,33-89,8,8.43,0.154,-9.594,1
PR,tipranavir,L33F-L89M,33-89,14,8.631,0.374,-8.888,1
PR,tipranavir,L33F-L89V,33-89,51,10.862,0.123,-9.034,1
PR,tipranavir,M36I-K43T,36-43,135,11.77,0.36,-5.488,1
PR,tipranavir,M36I-M46L,36-46,217,12.16,-0.407,-3.82,1
PR,tipranavir,M36I-I47V,36-47,93,9.725,0.091,-5.898,1
PR,tipranavir,M36I-I54A,36-54,69,15.0,0.441,-6.593,1
PR,tipranavir,M36I-I54M,36-54,91,13.03,-0.014,-5.098,1
PR,tipranavir,M36I-I54V,36-54,644,14.7,0.464,-3.02,1
PR,tipranavir,M36I-Q58E,36-58,155,10.703,0.269,-4.867,1
PR,tipranavir,M36I-H69K,36-69,93,8.571,0.457,-4.466,2
PR,tipranavir,M36I-T74P,36-74,126,9.976,-0.038,-4.798,1
PR,tipranavir,M36I-V82L,36-82,158,13.365,0.109,-3.829,2
PR,tipranavir,M36I-N83D,36-83,14,11.006,1.467,-7.991,1
PR,tipranavir,M36I-I84V,36-84,316,11.622,-0.033,-4.166,1
PR,tipranavir,M36I-L89I,36-89,20,10.101,0.567,-6.904,1
PR,tipranavir,M36I-L89M,36-89,39,9.809,0.437,-6.441,1
PR,tipranavir,M36I-L89V,36-89,80,10.651,0.348,-6.419,1
PR,tipranavir,M36L-K43T,36-43,25,11.333,1.128,-8.37,1
PR,tipranavir,M36L-M46L,36-46,15,11.882,-0.231,-7.307,1
PR,tipranavir,M36L-I47V,36-47,12,9.49,0.395,-9.203,1
PR,tipranavir,M36L-I54A,36-54,8,15.022,0.711,-9.949,1
PR,tipranavir,M36L-I54M,36-54,10,12.997,-0.007,-8.718,1
PR,tipranavir,M36L-I54V,36-54,42,14.196,0.555,-6.555,1
PR,tipranavir,M36L-Q58E,36-58,11,10.105,0.479,-8.266,1
PR,tipranavir,M36L-H69K,36-69,4,8.019,0.354,-8.166,2
PR,tipranavir,M36L-T74P,36-74,6,9.914,-0.424,-8.759,1
PR,tipranavir,M36L-V82L,36-82,13,12.897,0.474,-7.115,2
PR,tipranavir,M36L-N83D,36-83,7,11.076,2.517,-10.542,1
PR,tipranavir,M36L-I84V,36-84,23,10.965,-0.03,-7.76,1
PR,tipranavir,M36L-L89I,36-89,2,9.861,0.534,-10.537,1
PR,tipranavir,M36L-L89M,36-89,2,9.507,0.292,-10.186,1
PR,tipranavir,M36L-L89V,36-89,10,10.427,0.551,-9.815,1
PR,tipranavir,M36V-K43T,36-43,6,10.05,-0.061,-8.758,1
PR,tipranavir,M36V-M46L,36-46,13,10.527,-0.394,-6.653,1
PR,tipranavir,M36V-I47V,36-47,6,8.343,0.502,-8.37,1
PR,tipranavir,M36V-I54A,36-54,2,13.928,-0.24,-10.129,1
PR,tipranavir,M36V-I54M,36-54,4,11.295,0.087,-7.852,1
PR,tipranavir,M36V-I54V,36-54,36,12.818,0.472,-5.867,1
PR,tipranavir,M36V-Q58E,36-58,4,8.867,-0.373,-8.344,1
PR,tipranavir,M36V-H69K,36-69,4,6.589,0.461,-7.347,2
PR,tipranavir,M36V-T74P,36-74,7,8.892,-0.157,-7.783,1
PR,tipranavir,M36V-V82L,36-82,14,11.687,0.421,-6.325,2
PR,tipranavir,M36V-N83D,36-83,1,9.32,1.618,-10.708,1
PR,tipranavir,M36V-I84V,36-84,23,9.371,0.533,-6.542,1
PR,tipranavir,M36V-L89I,36-89,3,8.546,0.94,-9.379,1
PR,tipranavir,M36V-L89V,36-89,1,8.813,-0.108,-9.723,1
PR,tipranavir,K43T-M46L,43-46,48,10.399,-0.224,-7.149,1
PR,tipranavir,K43T-I47V,43-47,48,8.233,0.332,-8.879,1
PR,tipranavir,K43T-I54A,43-54,26,13.774,0.712,-9.555,1
PR,tipranavir,K43T-I54M,43-54,49,10.701,1.278,-7.208,1
PR,tipranavir,K43T-I54V,43-54,144,12.413,0.715,-5.992,1
PR,tipranavir,K43T-Q58E,43-58,4,9.232,-1.783,-9.884,1
PR,tipranavir,K43T-H69K,43-69,11,6.453,-0.056,-8.051,2
PR,tipranavir,K43T-T74P,43-74,38,8.084,0.305,-7.756,1
PR,tipranavir,K43T-V82L,43-82,38,10.218,1.596,-6.131,2
PR,tipranavir,K43T-N83D,43-83,2,9.36,-0.138,-12.314,1
PR,tipranavir,K43T-I84V,43-84,51,9.143,-0.422,-7.698,1
PR,tipranavir,K43T-L89I,43-89,4,7.906,0.343,-10.185,1
PR,tipranavir,K43T-L89M,43-89,10,7.861,0.473,-9.532,1
PR,tipranavir,K43T-L89V,43-89,30,8.792,0.617,-9.307,1
PR,tipranavir,M46L-I47V,46-47,8,8.487,-0.362,-7.759,1
PR,tipranavir,M46L-I54A,46-54,20,14.864,-0.313,-8.427,1
PR,tipranavir,M46L-I54M,46-54,33,12.371,0.377,-5.868,1
PR,tipranavir,M46L-I54V,46-54,346,13.466,0.464,-4.146,1
PR,tipranavir,M46L-Q58E,46-58,71,8.657,0.713,-5.795,1
PR,tipranavir,M46L-H69K,46-69,19,7.107,-0.256,-6.244,2
PR,tipranavir,M46L-T74P,46-74,74,8.219,0.597,-5.518,1
PR,tipranavir,M46L-V82L,46-82,53,10.837,1.1,-4.812,2
PR,tipranavir,M46L-N83D,46-83,3,9.026,0.015,-10.238,1
PR,tipranavir,M46L-I84V,46-84,97,9.454,0.342,-5.234,1
PR,tipranavir,M46L-L89I,46-89,7,7.944,0.276,-8.213,1
PR,tipranavir,M46L-L89M,46-89,16,8.078,0.387,-7.723,1
PR,tipranavir,M46L-L89V,46-89,16,10.107,0.039,-7.875,1
PR,tipranavir,I47V-I54A,47-54,7,12.669,0.156,-10.101,1
PR,tipranavir,I47V-I54M,47-54,89,10.279,1.309,-7.181,1
PR,tipranavir,I47V-I54V,47-54,51,11.3,-0.161,-6.838,1
PR,tipranavir,I47V-Q58E,47-58,19,7.515,-0.136,-8.619,1
PR,tipranavir,I47V-H69K,47-69,9,6.19,-0.167,-8.375,2
PR,tipranavir,I47V-T74P,47-74,12,7.276,-0.576,-8.753,1
PR,tipranavir,I47V-V82L,47-82,20,10.639,-0.119,-7.407,2
PR,tipranavir,I47V-N83D,47-83,2,8.653,-0.225,-12.623,1
PR,tipranavir,I47V-I84V,47-84,68,9.398,-0.085,-7.658,1
PR,tipranavir,I47V-L89I,47-89,1,6.498,-0.249,-10.967,1
PR,tipranavir,I47V-L89M,47-89,4,7.218,0.129,-10.077,1
PR,tipranavir,I47V-L89V,47-89,47,9.244,0.597,-9.534,1
PR,tipranavir,I54A-Q58E,54-58,12,12.754,0.381,-9.185,1
PR,tipranavir,I54A-H69K,54-69,5,11.166,-0.034,-9.145,2
PR,tipranavir,I54A-T74P,54-74,29,13.221,0.338,-8.804,1
PR,tipranavir,I54A-V82L,54-82,25,12.977,2.344,-7.36,2
PR,tipranavir,I54A-I84V,54-84,14,13.891,-0.564,-9.008,1
PR,tipranavir,I54A-L89I,54-89,5,11.954,0.795,-10.927,1
PR,tipranavir,I54A-L89M,54-89,3,12.221,0.246,-10.869,1
PR,tipranavir,I54A-L89V,54-89,6,13.232,0.707,-10.426,1
PR,tipranavir,I54M-Q58E,54-58,36,9.978,0.953,-6.829,1
PR,tipranavir,I54M-H69K,54-69,10,8.207,-0.002,-7.298,2
PR,tipranavir,I54M-T74P,54-74,23,9.651,0.253,-7.066,1
PR,tipranavir,I54M-V82L,54-82,15,11.401,0.281,-6.956,2
PR,tipranavir,I54M-N83D,54-83,2,11.543,-0.683,-12.066,1
PR,tipranavir,I54M-I84V,54-84,106,11.429,0.596,-6.189,1
PR,tipranavir,I54M-L89I,54-89,2,9.047,0.218,-9.701,1
PR,tipranavir,I54M-L89M,54-89,7,9.52,0.503,-8.809,1
PR,tipranavir,I54M-L89V,54-89,52,11.482,1.103,-8.226,1
PR,tipranavir,I54V-Q58E,54-58,170,11.446,0.701,-5.313,1
PR,tipranavir,I54V-H69K,54-69,79,9.795,0.235,-5.312,2
PR,tipranavir,I54V-T74P,54-74,134,11.336,0.1,-5.459,1
PR,tipranavir,I54V-V82L,54-82,235,11.198,2.476,-3.642,2
PR,tipranavir,I54V-N83D,54-83,10,12.616,-0.011,-9.643,1
PR,tipranavir,I54V-I84V,54-84,319,12.407,0.366,-4.634,1
PR,tipranavir,I54V-L89I,54-89,14,10.682,0.491,-7.655,1
PR,tipranavir,I54V-L89M,54-89,34,10.94,0.167,-7.372,1
PR,tipranavir,I54V-L89V,54-89,53,12.259,0.486,-7.071,1
PR,tipranavir,Q58E-H69K,58-69,14,5.819,-0.195,-7.502,2
PR,tipranavir,Q58E-T74P,58-74,19,7.455,-0.66,-7.928,1
PR,tipranavir,Q58E-V82L,58-82,41,10.716,0.165,-6.391,2
PR,tipranavir,Q58E-N83D,58-83,3,8.531,0.047,-11.465,1
PR,tipranavir,Q58E-I84V,58-84,92,8.924,0.143,-6.572,1
PR,tipranavir,Q58E-L89I,58-89,1,6.817,-0.531,-10.324,1
PR,tipranavir,Q58E-L89M,58-89,12,6.809,0.501,-8.817,1
PR,tipranavir,Q58E-L89V,58-89,18,8.476,0.078,-9.124,1
PR,tipranavir,H69K-T74P,69-74,12,5.09,-0.16,-7.203,2
PR,tipranavir,H69K-V82L,69-82,16,9.227,-0.113,-6.297,4
PR,tipranavir,H69K-I84V,69-84,46,7.213,0.131,-6.307,2
PR,tipranavir,H69K-L89I,69-89,1,5.529,-0.142,-9.7,2
PR,tipranavir,H69K-L89M,69-89,12,5.905,1.062,-8.032,2
PR,tipranavir,H69K-L89V,69-89,12,6.828,0.165,-8.807,2
PR,tipranavir,T74P-V82L,74-82,43,10.784,0.209,-6.006,2
PR,tipranavir,T74P-N83D,74-83,1,8.112,-0.401,-11.635,1
PR,tipranavir,T74P-I84V,74-84,92,7.634,0.573,-5.972,1
PR,tipranavir,T74P-L89I,74-89,5,6.859,0.544,-9.081,1
PR,tipranavir,T74P-L89M,74-89,16,6.925,1.12,-8.008,1
PR,tipranavir,T74P-L89V,74-89,13,7.491,0.115,-8.85,1
PR,tipranavir,V82L-I84V,82-84,102,12.95,-1.03,-5.887,2
PR,tipranavir,V82L-L89I,82-89,4,9.644,0.117,-8.622,2
PR,tipranavir,V82L-L89M,82-89,11,9.864,0.65,-7.656,2
PR,tipranavir,V82L-L89V,82-89,19,11.481,0.081,-7.963,2
PR,tipranavir,N83D-I84V,83-84,16,9.048,1.43,-9.369,1
PR,tipranavir,N83D-L89I,83-89,4,8.519,1.301,-12.434,1
PR,tipranavir,N83D-L89M,83-89,1,8.672,0.377,-12.827,1
PR,tipranavir,I84V-L89I,84-89,9,7.675,-0.074,-8.977,1
PR,tipranavir,I84V-L89M,84-89,18,7.622,0.476,-7.972,1
PR,tipranavir,I84V-L89V,84-89,60,10.169,-0.038,-8.324,1
RT,zidovudine,M41L-D67N,41-67,4040,16.774,0.424,-1.527,1
RT,zidovudine,M41L-K70R,41-70,1307,12.623,-0.544,-3.272,1
RT,zidovudine,M41L-L210W,41-210,4939,18.739,1.563,-2.389,1
RT,zidovudine,M41L-T215Y,41-215,6114,17.862,3.436,0.627,1
RT,zidovudine,M41L-T215F,41-215,1098,14.916,2.485,-1.168,1
RT,zidovudine,M41L-K219Q,41-219,845,14.829,-0.373,-3.897,1
RT,zidovudine,M41L-K219E,41-219,734,14.941,-0.212,-3.713,1
RT,zidovudine,D67N-K70R,67-70,2943,11.366,2.205,-2.516,1
RT,zidovudine,D67N-L210W,67-210,3024,16.412,0.588,-3.062,1
RT,zidovudine,D67N-T215Y,67-215,3455,18.814,1.066,-0.045,1
RT,zidovudine,D67N-T215F,67-215,1783,16.155,1.283,-1.141,1
RT,zidovudine,D67N-K219Q,67-219,2082,12.531,2.73,-2.982,1
RT,zidovudine,D67N-K219E,67-219,1175,11.9,2.382,-3.136,1
RT,zidovudine,K70R-L210W,70-210,485,11.999,-0.889,-5.156,1
RT,zidovudine,K70R-T215Y,70-215,758,14.894,-0.233,-1.752,1
RT,zidovudine,K70R-T215F,70-215,1796,13.785,0.687,-2.246,1
RT,zidovudine,K70R-K219Q,70-219,2016,13.397,2.72,-3.945,1
RT,zidovudine,K70R-K219E,70-219,1173,10.787,2.772,-3.808,1
RT,zidovudine,L210W-T215Y,210-215,4775,19.798,2.695,-0.7,1
RT,zidovudine,L210W-T215F,210-215,257,16.778,1.262,-2.947,1
RT,zidovudine,L210W-K219Q,210-219,253,14.063,-0.917,-5.974,1
RT,zidovudine,L210W-K219E,210-219,429,14.068,-0.087,-5.296,1
RT,zidovudine,T215Y-K219Q,215-219,339,17.104,-0.482,-2.731,1
RT,zidovudine,T215Y-K219E,215-219,577,16.702,0.644,-1.999,1
RT,zidovudine,T215F-K219Q,215-219,1321,15.459,1.181,-2.551,1
RT,zidovudine,T215F-K219E,215-219,664,14.716,1.634,-2.492,1
RT,stavudine,M41L-K65R,41-65,47,8.602,-0.597,-5.732,1
RT,stavudine,M41L-K65E,41-65,10,11.548,-0.135,-7.356,1
RT,stavudine,M41L-K65N,41-65,2,9.644,-0.203,-8.196,1
RT,stavudine,M41L-D67N,41-67,4040,16.774,0.424,-1.527,1
RT,stavudine,M41L-K70R,41-70,1307,12.623,-0.544,-3.272,1
RT,stavudine,M41L-L210W,41-210,4939,18.739,1.563,-2.389,1
RT,stavudine,M41L-T215Y,41-215,6114,17.862,3.436,0.627,1
RT,stavudine,M41L-T215F,41-215,1098,14.916,2.485,-1.168,1
RT,stavudine,M41L-K219Q,41-219,845,14.829,-0.373,-3.897,1
RT,stavudine,M41L-K219E,41-219,734,14.941,-0.212,-3.713,1
RT,stavudine,K65R-D67N,65-67,53,7.933,-0.646,-6.176,1
RT,stavudine,K65R-K70R,65-70,71,10.401,-0.219,-7.381,1
RT,stavudine,K65R-L210W,65-210,22,9.526,-0.593,-7.448,1
RT,stavudine,K65R-T215Y,65-215,20,12.594,-1.495,-4.641,1
RT,stavudine,K65R-T215F,65-215,21,9.502,-1.157,-5.538,1
RT,stavudine,K65R-K219Q,65-219,35,11.16,-0.203,-8.087,1
RT,stavudine,K65R-K219E,65-219,76,9.35,0.362,-7.452,1
RT,stavudine,K65E-D67N,65-67,14,9.829,0.289,-7.475,1
RT,stavudine,K65E-K70R,65-70,9,9.034,0.25,-8.908,1
RT,stavudine,K65E-L210W,65-210,11,11.645,0.182,-8.789,1
RT,stavudine,K65E-T215Y,65-215,13,14.348,0.34,-5.606,1
RT,stavudine,K65E-T215F,65-215,6,11.327,0.323,-6.858,1
RT,stavudine,K65E-K219Q,65-219,5,10.816,0.138,-9.671,1
RT,stavudine,K65E-K219E,65-219,4,9.656,0.214,-9.525,1
RT,stavudine,K65N-D67N,65-67,2,7.988,-0.15,-8.56,1
RT,stavudine,K65N-K70R,65-70,1,8.806,-0.141,-10.016,1
RT,stavudine,K65N-L210W,65-210,1,10.343,-0.192,-9.857,1
RT,stavudine,K65N-T215Y,65-215,2,12.832,-0.265,-6.689,1
RT,stavudine,K65N-K219E,65-219,1,8.047,-0.031,-10.483,1
RT,stavudine,D67N-K70R,67-70,2943,11.366,2.205,-2.516,1
RT,stavudine,D67N-L210W,67-210,3024,16.412,0.588,-3.062,1
RT,stavudine,D67N-T215Y,67-215,3455,18.814,1.066,-0.045,1
RT,stavudine,D67N-T215F,67-215,1783,16.155,1.283,-1.141,1
RT,stavudine,D67N-K219Q,67-219,2082,12.531,2.73,-2.982,1
RT,stavudine,D67N-K219E,67-219,1175,11.9,2.382,-3.136,1
RT,stavudine,K70R-L210W,70-210,485,11.999,-0.889,-5.156,1
RT,stavudine,K70R-T215Y,70-215,758,14.894,-0.233,-1.752,1
RT,stavudine,K70R-T215F,70-215,1796,13.785,0.687,-2.246,1
RT,stavudine,K70R-K219Q,70-219,2016,13.397,2.72,-3.945,1
RT,stavudine,K70R-K219E,70-219,1173,10.787,2.772,-3.808,1
RT,stavudine,L210W-T215Y,210-215,4775,19.798,2.695,-0.7,1
RT,stavudine,L210W-T215F,210-215,257,16.778,1.262,-2.947,1
RT,stavudine,L210W-K219Q,210-219,253,14.063,-0.917,-5.974,1
RT,stavudine,L210W-K219E,210-219,429,14.068,-0.087,-5.296,1
RT,stavudine,T215Y-K219Q,215-219,339,17.104,-0.482,-2.731,1
RT,stavudine,T215Y-K219E,215-219,577,16.702,0.644,-1.999,1
RT,stavudine,T215F-K219Q,215-219,1321,15.459,1.181,-2.551,1
RT,stavudine,T215F-K219E,215-219,664,14.716,1.634,-2.492,1
RT,didanosine,K65R-L74V,65-74,33,6.487,-0.296,-7.736,1
RT,didanosine,K65E-L74V,65-74,4,5.786,-0.006,-9.385,1
RT,abacavir,K65R-L74V,65-74,33,6.487,-0.296,-7.736,1
RT,abacavir,K65R-Y115F,65-115,105,8.745,0.394,-9.283,1
RT,abacavir,K65R-M184V,65-184,287,5.495,-0.009,-4.46,1
RT,abacavir,K65E-L74V,65-74,4,5.786,-0.006,-9.385,1
RT,abacavir,K65E-Y115F,65-115,1,4.618,0.156,-11.416,1
RT,abacavir,K65E-M184V,65-184,10,4.659,-0.408,-6.529,1
RT,abacavir,K65N-Y115F,65-115,2,5.485,0.275,-12.099,1
RT,abacavir,K65N-M184V,65-184,3,3.275,-0.293,-7.278,1
RT,abacavir,L74V-Y115F,74-115,155,4.988,2.135,-5.792,1
RT,abacavir,L74V-M184V,74-184,1294,6.095,0.272,-2.344,1
RT,abacavir,Y115F-M184V,115-184,331,4.648,1.049,-4.116,1
RT,emtricitabine/lamivudine,K65R-M184V,65-184,287,5.495,-0.009,-4.46,1
RT,emtricitabine/lamivudine,K65R-M184I,65-184,30,5.896,0.784,-7.638,1
RT,emtricitabine/lamivudine,K65E-M184V,65-184,10,4.659,-0.408,-6.529,1
RT,emtricitabine/lamivudine,K65E-M184I,65-184,1,4.414,-0.008,-10.1,1
RT,emtricitabine/lamivudine,K65N-M184V,65-184,3,3.275,-0.293,-7.278,1
RT,emtricitabine/lamivudine,K65N-M184I,65-184,1,3.185,0.092,-10.864,1
RT,tenofovir,K65R-K70E,65-70,49,7.044,0.339,-8.664,1
RT,TAMs,M41L-K70R,41-70,1307,12.623,-0.544,-3.272,1
RT,TAMs,M41L-L210W,41-210,4939,18.739,1.563,-2.389,1
RT,TAMs,M41L-T215Y,41-215,6114,17.862,3.436,0.627,1
RT,TAMs,M41L-T215F,41-215,1098,14.916,2.485,-1.168,1
RT,TAMs,M41L-K219Q,41-219,845,14.829,-0.373,-3.897,1
RT,TAMs,M41L-K219E,41-219,734,14.941,-0.212,-3.713,1
RT,TAMs,K70R-L210W,70-210,485,11.999,-0.889,-5.156,1
RT,TAMs,K70R-T215Y,70-215,758,14.894,-0.233,-1.752,1
RT,TAMs,K70R-T215F,70-215,1796,13.785,0.687,-2.246,1
RT,TAMs,K70R-K219Q,70-219,2016,13.397,2.72,-3.945,1
RT,TAMs,K70R-K219E,70-219,1173,10.787,2.772,-3.808,1
RT,TAMs,L210W-T215Y,210-215,4775,19.798,2.695,-0.7,1
RT,TAMs,L210W-T215F,210-215,257,16.778,1.262,-2.947,1
RT,TAMs,L210W-K219Q,210-219,253,14.063,-0.917,-5.974,1
RT,TAMs,L210W-K219E,210-219,429,14.068,-0.087,-5.296,1
RT,TAMs,T215Y-K219Q,215-219,339,17.104,-0.482,-2.731,1
RT,TAMs,T215Y-K219E,215-219,577,16.702,0.644,-1.999,1
RT,TAMs,T215F-K219Q,215-219,1321,15.459,1.181,-2.551,1
RT,TAMs,T215F-K219E,215-219,664,14.716,1.634,-2.492,1
RT,69 insertion complex,M41L-A62V,41-62,324,11.362,-0.055,-4.264,1
RT,69 insertion complex,M41L-K70R,41-70,1307,12.623,-0.544,-3.272,1
RT,69 insertion complex,M41L-L210W,41-210,4939,18.739,1.563,-2.389,1
RT,69 insertion complex,M41L-T215Y,41-215,6114,17.862,3.436,0.627,1
RT,69 insertion complex,M41L-T215F,41-215,1098,14.916,2.485,-1.168,1
RT,69 insertion complex,M41L-K219Q,41-219,845,14.829,-0.373,-3.897,1
RT,69 insertion complex,M41L-K219E,41-219,734,14.941,-0.212,-3.713,1
RT,69 insertion complex,A62V-K70R,62-70,103,8.732,-0.614,-6.515,1
RT,69 insertion complex,A62V-L210W,62-210,237,11.744,0.107,-5.811,1
RT,69 insertion complex,A62V-T215Y,62-215,319,14.335,0.16,-2.709,1
RT,69 insertion complex,A62V-T215F,62-215,128,10.945,0.371,-3.733,1
RT,69 insertion complex,A62V-K219Q,62-219,87,9.902,-0.253,-6.88,1
RT,69 insertion complex,A62V-K219E,62-219,88,8.992,-0.165,-6.709,1
RT,69 insertion complex,K70R-L210W,70-210,485,11.999,-0.889,-5.156,1
RT,69 insertion complex,K70R-T215Y,70-215,758,14.894,-0.233,-1.752,1
RT,69 insertion complex,K70R-T215F,70-215,1796,13.785,0.687,-2.246,1
RT,69 insertion complex,K70R-K219Q,70-219,2016,13.397,2.72,-3.945,1
RT,69 insertion complex,K70R-K219E,70-219,1173,10.787,2.772,-3.808,1
RT,69 insertion complex,L210W-T215Y,210-215,4775,19.798,2.695,-0.7,1
RT,69 insertion complex,L210W-T215F,210-215,257,16.778,1.262,-2.947,1
RT,69 insertion complex,L210W-K219Q,210-219,253,14.063,-0.917,-5.974,1
RT,69 insertion complex,L210W-K219E,210-219,429,14.068,-0.087,-5.296,1
RT,69 insertion complex,T215Y-K219Q,215-219,339,17.104,-0.482,-2.731,1
RT,69 insertion complex,T215Y-K219E,215-219,577,16.702,0.644,-1.999,1
RT,69 insertion complex,T215F-K219Q,215-219,1321,15.459,1.181,-2.551,1
RT,69 insertion complex,T215F-K219E,215-219,664,14.716,1.634,-2.492,1
RT,151 complex,A62V-V75I,62-75,314,4.673,2.035,-6.27,1
RT,151 complex,A62V-F77L,62-77,183,7.31,0.246,-8.614,1
RT,151 complex,A62V-F116Y,62-116,228,5.152,0.641,-9.067,1
RT,151 complex,A62V-Q151M,62-151,257,5.408,0.913,-8.08,1
RT,151 complex,V75I-F77L,75-77,253,4.377,2.535,-7.563,1
RT,151 complex,V75I-F116Y,75-116,316,5.334,1.77,-8.883,1
RT,151 complex,V75I-Q151M,75-151,333,5.66,1.871,-8.077,1
RT,151 complex,F77L-F116Y,77-116,267,6.306,1.51,-9.847,1
RT,151 complex,F77L-Q151M,77-151,287,6.243,1.7,-8.936,1
RT,151 complex,F116Y-Q151M,116-151,444,7.385,4.382,-7.215,1
RT,doravirine,A98G-V106A,98-106,5,5.064,-0.672,-8.273,1
RT,doravirine,A98G-V106I,98-106,76,4.979,0.041,-6.421,2
RT,doravirine,A98G-V106M,98-106,3,4.953,-0.475,-8.694,1
RT,doravirine,A98G-Y188L,98-188,53,5.39,-0.285,-6.978,1
RT,doravirine,A98G-G190E,98-190,14,6.213,0.03,-8.324,1
RT,doravirine,A98G-P225H,98-225,63,6.64,0.352,-7.209,1
RT,doravirine,V106A-Y188L,106-188,2,5.564,-0.422,-8.623,1
RT,doravirine,V106A-P225H,106-225,16,5.951,0.232,-8.665,1
RT,doravirine,V106I-Y188L,106-188,215,5.142,1.552,-5.6,2
RT,doravirine,V106I-G190E,106-190,4,6.45,-0.258,-8.925,2
RT,doravirine,V106I-P225H,106-225,1,6.129,-0.923,-8.605,2
RT,doravirine,V106M-Y188L,106-188,3,5.118,-0.06,-8.92,1
RT,doravirine,V106M-G190E,106-190,1,5.879,0.022,-10.478,1
RT,doravirine,Y188L-G190E,188-190,4,6.949,-0.693,-9.345,1
RT,doravirine,Y188L-P225H,188-225,11,7.035,-0.518,-8.46,1
RT,efavirenz,L100I-K101P,100-101,1,8.058,-1.051,-9.718,1
RT,efavirenz,L100I-K103N,100-103,962,6.118,2.588,-3.348,1
RT,efavirenz,L100I-K103S,100-103,14,5.866,1.362,-7.614,1
RT,efavirenz,L100I-V106M,100-106,4,6.355,-0.301,-9.643,1
RT,efavirenz,L100I-V108I,100-108,48,8.169,-1.014,-7.966,1
RT,efavirenz,L100I-Y181C,100-181,25,8.116,-1.735,-7.839,1
RT,efavirenz,L100I-Y181I,100-181,18,7.277,-0.154,-9.0,1
RT,efavirenz,L100I-Y188L,100-188,25,7.722,-0.51,-8.293,1
RT,efavirenz,L100I-G190S,100-190,8,6.35,-0.69,-8.797,1
RT,efavirenz,L100I-G190A,100-190,28,6.706,-1.241,-7.462,1
RT,efavirenz,L100I-P225H,100-225,46,10.474,-0.325,-8.897,1
RT,efavirenz,K101P-K103N,101-103,136,4.547,0.821,-4.632,1
RT,efavirenz,K101P-K103S,101-103,82,5.606,2.355,-6.259,1
RT,efavirenz,K101P-V106M,101-106,1,4.69,0.011,-9.847,1
RT,efavirenz,K101P-V108I,101-108,4,5.828,-0.749,-8.22,1
RT,efavirenz,K101P-Y181C,101-181,6,6.248,-0.858,-7.703,1
RT,efavirenz,K101P-Y181I,101-181,1,5.515,-0.213,-9.696,1
RT,efavirenz,K101P-Y188L,101-188,10,5.724,-0.349,-8.51,1
RT,efavirenz,K101P-G190S,101-190,2,5.143,0.543,-8.674,1
RT,efavirenz,K101P-G190A,101-190,48,5.051,0.414,-6.838,1
RT,efavirenz,K101P-P225H,101-225,5,7.398,-0.316,-9.333,1
RT,efavirenz,K103N-V106M,103-106,49,4.628,-0.001,-5.707,1
RT,efavirenz,K103N-V108I,103-108,1048,5.808,1.038,-2.865,1
RT,efavirenz,K103N-Y181C,103-181,1068,5.797,-0.039,-2.777,1
RT,efavirenz,K103N-Y181I,103-181,48,5.411,-0.361,-5.642,1
RT,efavirenz,K103N-Y188L,103-188,203,5.471,-0.54,-4.438,1
RT,efavirenz,K103N-G190S,103-190,61,5.591,-1.313,-5.369,1
RT,efavirenz,K103N-G190A,103-190,703,5.044,-0.218,-2.906,1
RT,efavirenz,K103N-P225H,103-225,921,6.905,2.636,-3.481,1
RT,efavirenz,K103S-V106M,103-106,8,5.458,0.262,-8.569,1
RT,efavirenz,K103S-V108I,103-108,17,5.785,-0.199,-7.097,1
RT,efavirenz,K103S-Y181C,103-181,38,6.424,-0.856,-6.572,1
RT,efavirenz,K103S-Y181I,103-181,4,5.981,-0.453,-8.712,1
RT,efavirenz,K103S-Y188L,103-188,3,5.801,-0.982,-7.961,1
RT,efavirenz,K103S-G190S,103-190,10,5.641,0.004,-7.48,1
RT,efavirenz,K103S-G190A,103-190,230,5.089,1.722,-4.394,1
RT,efavirenz,K103S-P225H,103-225,17,6.39,1.647,-7.525,1
RT,efavirenz,V106M-V108I,106-108,9,5.109,-0.333,-8.336,1
RT,efavirenz,V106M-Y181C,106-181,18,6.138,-0.435,-7.783,1
RT,efavirenz,V106M-Y181I,106-181,1,5.338,-0.153,-10.178,1
RT,efavirenz,V106M-Y188L,106-188,3,5.118,-0.06,-8.92,1
RT,efavirenz,V106M-G190S,106-190,1,6.682,-0.02,-9.454,1
RT,efavirenz,V106M-G190A,106-190,55,5.775,0.839,-6.764,1
RT,efavirenz,V108I-Y181C,108-181,652,6.769,0.707,-4.598,1
RT,efavirenz,V108I-Y181I,108-181,20,5.706,0.247,-7.671,1
RT,efavirenz,V108I-Y188L,108-188,6,4.986,-1.322,-7.622,1
RT,efavirenz,V108I-G190S,108-190,21,7.304,-0.877,-7.766,1
RT,efavirenz,V108I-G190A,108-190,428,7.137,0.057,-5.06,1
RT,efavirenz,V108I-P225H,108-225,125,8.439,0.189,-7.094,1
RT,efavirenz,Y181C-Y188L,181-188,50,5.909,-0.98,-6.632,1
RT,efavirenz,Y181C-G190S,181-190,213,8.545,0.739,-5.928,1
RT,efavirenz,Y181C-G190A,181-190,1158,7.394,1.188,-3.694,1
RT,efavirenz,Y181C-P225H,181-225,38,6.414,-0.821,-7.277,1
RT,efavirenz,Y181I-Y188L,181-188,8,5.873,-0.463,-8.798,1
RT,efavirenz,Y181I-G190S,181-190,9,8.274,0.158,-8.999,1
RT,efavirenz,Y181I-G190A,181-190,27,6.978,0.082,-7.29,1
RT,efavirenz,Y181I-P225H,181-225,1,5.61,-0.431,-9.563,1
RT,efavirenz,Y188L-G190S,188-190,8,7.363,-0.884,-8.432,1
RT,efavirenz,Y188L-G190A,188-190,69,6.207,-0.771,-6.467,1
RT,efavirenz,Y188L-P225H,188-225,11,7.035,-0.518,-8.46,1
RT,efavirenz,G190S-P225H,190-225,5,6.203,-0.564,-8.95,1
RT,efavirenz,G190A-P225H,190-225,52,6.306,-0.466,-7.001,1
RT,etravirine,V90I-A98G,90-98,42,4.084,-0.369,-6.472,1
RT,etravirine,V90I-L100I,90-100,75,6.613,0.182,-7.103,1
RT,etravirine,V90I-K101E,90-101,77,5.845,-0.065,-6.527,2
RT,etravirine,V90I-K101P,90-101,21,3.992,0.2,-7.467,1
RT,etravirine,V90I-V106I,90-106,47,3.288,0.012,-6.419,1
RT,etravirine,V90I-E138A,90-138,51,3.617,0.362,-6.405,2
RT,etravirine,V90I-E138K,90-138,11,3.205,0.16,-7.861,1
RT,etravirine,V90I-E138Q,90-138,10,3.704,0.172,-8.11,1
RT,etravirine,V90I-V179D,90-179,28,3.864,0.237,-7.256,1
RT,etravirine,V90I-V179F,90-179,11,4.236,-0.12,-7.962,2
RT,etravirine,V90I-Y181C,90-181,230,5.337,0.302,-5.051,1
RT,etravirine,V90I-Y181I,90-181,7,4.154,-0.101,-8.088,1
RT,etravirine,V90I-Y181V,90-181,3,4.36,-0.018,-8.801,1
RT,etravirine,V90I-G190S,90-190,50,6.077,0.332,-6.872,1
RT,etravirine,V90I-G190A,90-190,164,5.28,0.091,-5.244,1
RT,etravirine,A98G-L100I,98-100,54,7.041,-0.372,-7.626,1
RT,etravirine,A98G-K101E,98-101,186,7.649,0.234,-6.36,2
RT,etravirine,A98G-K101P,98-101,3,5.676,-0.679,-8.359,1
RT,etravirine,A98G-V106I,98-106,76,4.979,0.041,-6.421,1
RT,etravirine,A98G-E138A,98-138,40,4.351,0.069,-6.763,2
RT,etravirine,A98G-E138K,98-138,11,4.346,-0.023,-8.09,1
RT,etravirine,A98G-E138Q,98-138,9,5.361,-0.081,-8.406,1
RT,etravirine,A98G-V179D,98-179,18,4.737,-0.128,-7.623,1
RT,etravirine,A98G-V179F,98-179,30,6.125,0.001,-7.872,2
RT,etravirine,A98G-Y181C,98-181,402,6.451,0.569,-4.905,1
RT,etravirine,A98G-Y181I,98-181,23,5.924,0.336,-7.792,1
RT,etravirine,A98G-Y181V,98-181,8,5.96,0.204,-8.691,1
RT,etravirine,A98G-G190S,98-190,53,7.481,0.066,-7.211,1
RT,etravirine,A98G-G190A,98-190,343,6.887,0.377,-5.06,1
RT,etravirine,L100I-K101E,100-101,16,5.594,-0.665,-8.163,2
RT,etravirine,L100I-K101P,100-101,1,8.058,-1.051,-9.718,1
RT,etravirine,L100I-V106I,100-106,7,5.837,-0.854,-8.372,1
RT,etravirine,L100I-E138A,100-138,15,6.486,-0.421,-8.303,2
RT,etravirine,L100I-E138K,100-138,12,5.734,0.22,-8.962,1
RT,etravirine,L100I-E138Q,100-138,12,7.378,-0.055,-9.483,1
RT,etravirine,L100I-V179D,100-179,19,5.814,0.237,-8.468,1
RT,etravirine,L100I-V179F,100-179,21,7.068,0.206,-8.867,2
RT,etravirine,L100I-Y181C,100-181,25,8.116,-1.735,-7.839,1
RT,etravirine,L100I-Y181I,100-181,18,7.277,-0.154,-9.0,1
RT,etravirine,L100I-G190S,100-190,8,6.35,-0.69,-8.797,1
RT,etravirine,L100I-G190A,100-190,28,6.706,-1.241,-7.462,1
RT,etravirine,K101E-V106I,101-106,123,7.274,0.345,-6.526,2
RT,etravirine,K101E-E138A,101-138,132,5.89,1.265,-6.038,4
RT,etravirine,K101E-E138K,101-138,41,6.114,1.152,-7.414,2
RT,etravirine,K101E-E138Q,101-138,15,5.909,0.347,-8.388,2
RT,etravirine,K101E-V179D,101-179,12,7.414,-0.625,-8.402,2
RT,etravirine,K101E-V179F,101-179,46,7.475,0.449,-7.853,4
RT,etravirine,K101E-Y181C,101-181,600,8.327,0.854,-5.082,2
RT,etravirine,K101E-Y181I,101-181,32,7.287,0.8,-7.775,2
RT,etravirine,K101E-Y181V,101-181,17,7.775,0.72,-8.665,2
RT,etravirine,K101E-G190S,101-190,282,6.432,3.304,-5.129,2
RT,etravirine,K101E-G190A,101-190,831,6.042,2.642,-3.825,2
RT,etravirine,K101P-V106I,101-106,17,4.456,0.231,-7.822,1
RT,etravirine,K101P-E138A,101-138,13,4.403,0.435,-8.027,2
RT,etravirine,K101P-E138K,101-138,4,3.585,0.523,-9.201,1
RT,etravirine,K101P-E138Q,101-138,8,5.358,0.332,-9.56,1
RT,etravirine,K101P-V179D,101-179,1,4.526,-0.183,-9.234,1
RT,etravirine,K101P-V179F,101-179,7,5.385,0.627,-8.95,2
RT,etravirine,K101P-Y181C,101-181,6,6.248,-0.858,-7.703,1
RT,etravirine,K101P-Y181I,101-181,1,5.515,-0.213,-9.696,1
RT,etravirine,K101P-G190S,101-190,2,5.143,0.543,-8.674,1
RT,etravirine,K101P-G190A,101-190,48,5.051,0.414,-6.838,1
RT,etravirine,V106I-E138A,106-138,18,4.793,-0.401,-7.455,2
RT,etravirine,V106I-E138K,106-138,6,4.366,-0.128,-8.458,1
RT,etravirine,V106I-E138Q,106-138,8,3.884,-0.001,-8.592,1
RT,etravirine,V106I-V179D,106-179,42,5.547,0.671,-7.235,1
RT,etravirine,V106I-V179F,106-179,25,5.11,0.42,-7.824,2
RT,etravirine,V106I-Y181C,106-181,160,6.645,-0.098,-5.709,1
RT,etravirine,V106I-Y181I,106-181,16,5.665,0.225,-8.063,1
RT,etravirine,V106I-Y181V,106-181,7,6.165,0.042,-9.03,1
RT,etravirine,V106I-G190S,106-190,57,7.457,0.401,-7.2,1
RT,etravirine,V106I-G190A,106-190,196,6.346,0.471,-5.299,1
RT,etravirine,E138A-V179D,138-179,17,5.04,0.242,-7.944,2
RT,etravirine,E138A-V179F,138-179,16,4.127,0.603,-7.967,4
RT,etravirine,E138A-Y181C,138-181,29,5.787,-1.016,-6.77,2
RT,etravirine,E138A-Y181I,138-181,14,4.77,0.171,-8.278,2
RT,etravirine,E138A-Y181V,138-181,2,5.322,-0.255,-9.478,2
RT,etravirine,E138A-G190S,138-190,34,7.079,0.302,-7.562,2
RT,etravirine,E138A-G190A,138-190,100,5.796,0.131,-5.87,2
RT,etravirine,E138K-V179D,138-179,4,4.312,0.219,-9.211,1
RT,etravirine,E138K-V179F,138-179,10,4.533,0.711,-9.103,2
RT,etravirine,E138K-Y181C,138-181,39,5.823,0.198,-7.014,1
RT,etravirine,E138K-Y181I,138-181,5,4.907,0.415,-9.493,1
RT,etravirine,E138K-Y181V,138-181,1,5.261,0.103,-10.579,1
RT,etravirine,E138K-G190S,138-190,9,7.411,0.183,-8.923,1
RT,etravirine,E138K-G190A,138-190,29,6.158,0.021,-7.222,1
RT,etravirine,E138Q-V179D,138-179,5,3.287,0.287,-9.38,1
RT,etravirine,E138Q-V179F,138-179,4,5.063,0.32,-9.731,2
RT,etravirine,E138Q-Y181C,138-181,28,5.562,0.016,-7.424,1
RT,etravirine,E138Q-Y181I,138-181,1,4.871,0.055,-10.081,1
RT,etravirine,E138Q-G190S,138-190,6,6.193,0.203,-9.179,1
RT,etravirine,E138Q-G190A,138-190,28,5.839,0.155,-7.363,1
RT,etravirine,V179D-Y181C,179-181,61,6.111,-0.071,-6.743,1
RT,etravirine,V179D-Y181I,179-181,13,5.133,0.835,-8.636,1
RT,etravirine,V179D-Y181V,179-181,1,5.582,0.165,-10.028,1
RT,etravirine,V179D-G190S,179-190,5,7.199,-0.075,-8.711,1
RT,etravirine,V179D-G190A,179-190,83,6.05,0.356,-6.446,1
RT,etravirine,V179F-Y181C,179-181,107,6.814,0.599,-6.548,2
RT,etravirine,V179F-Y181I,179-181,5,5.738,0.793,-9.152,2
RT,etravirine,V179F-Y181V,179-181,1,5.974,0.372,-10.295,2
RT,etravirine,V179F-G190S,179-190,37,7.491,1.155,-7.918,2
RT,etravirine,V179F-G190A,179-190,70,6.691,0.531,-6.707,2
RT,etravirine,Y181C-G190S,181-190,213,8.545,0.739,-5.928,1
RT,etravirine,Y181C-G190A,181-190,1158,7.394,1.188,-3.694,1
RT,etravirine,Y181I-G190S,181-190,9,8.274,0.158,-8.999,1
RT,etravirine,Y181I-G190A,181-190,27,6.978,0.082,-7.29,1
RT,etravirine,Y181V-G190S,181-190,2,8.736,0.031,-9.937,1
RT,etravirine,Y181V-G190A,181-190,17,7.332,0.255,-7.928,1
RT,nevirapine,L100I-K101P,100-101,1,8.058,-1.051,-9.718,1
RT,nevirapine,L100I-K103N,100-103,962,6.118,2.588,-3.348,1
RT,nevirapine,L100I-K103S,100-103,14,5.866,1.362,-7.614,1
RT,nevirapine,L100I-V106A,100-106,4,6.251,-0.586,-9.274,1
RT,nevirapine,L100I-V106M,100-106,4,6.355,-0.301,-9.643,1
RT,nevirapine,L100I-V108I,100-108,48,8.169,-1.014,-7.966,1
RT,nevirapine,L100I-Y181C,100-181,25,8.116,-1.735,-7.839,1
RT,nevirapine,L100I-Y181I,100-181,18,7.277,-0.154,-9.0,1
RT,nevirapine,L100I-Y188C,100-188,3,6.78,-0.013,-10.673,1
RT,nevirapine,L100I-Y188L,100-188,25,7.722,-0.51,-8.293,1
RT,nevirapine,L100I-Y188H,100-188,3,7.152,-0.277,-9.811,1
RT,nevirapine,L100I-G190A,100-190,28,6.706,-1.241,-7.462,1
RT,nevirapine,K101P-K103N,101-103,136,4.547,0.821,-4.632,1
RT,nevirapine,K101P-K103S,101-103,82,5.606,2.355,-6.259,1
RT,nevirapine,K101P-V106A,101-106,1,4.863,-0.231,-9.396,1
RT,nevirapine,K101P-V106M,101-106,1,4.69,0.011,-9.847,1
RT,nevirapine,K101P-V108I,101-108,4,5.828,-0.749,-8.22,1
RT,nevirapine,K101P-Y181C,101-181,6,6.248,-0.858,-7.703,1
RT,nevirapine,K101P-Y181I,101-181,1,5.515,-0.213,-9.696,1
RT,nevirapine,K101P-Y188C,101-188,1,3.674,0.007,-11.048,1
RT,nevirapine,K101P-Y188L,101-188,10,5.724,-0.349,-8.51,1
RT,nevirapine,K101P-Y188H,101-188,2,4.115,0.009,-9.958,1
RT,nevirapine,K101P-G190A,101-190,48,5.051,0.414,-6.838,1
RT,nevirapine,K103N-V106A,103-106,74,4.732,-0.485,-5.34,1
RT,nevirapine,K103N-V106M,103-106,49,4.628,-0.001,-5.707,1
RT,nevirapine,K103N-V108I,103-108,1048,5.808,1.038,-2.865,1
RT,nevirapine,K103N-Y181C,103-181,1068,5.797,-0.039,-2.777,1
RT,nevirapine,K103N-Y181I,103-181,48,5.411,-0.361,-5.642,1
RT,nevirapine,K103N-Y188C,103-188,18,5.486,0.098,-6.907,1
RT,nevirapine,K103N-Y188L,103-188,203,5.471,-0.54,-4.438,1
RT,nevirapine,K103N-Y188H,103-188,64,4.833,0.718,-5.423,1
RT,nevirapine,K103N-G190A,103-190,703,5.044,-0.218,-2.906,1
RT,nevirapine,K103S-V106A,103-106,3,5.029,-0.417,-8.397,1
RT,nevirapine,K103S-V106M,103-106,8,5.458,0.262,-8.569,1
RT,nevirapine,K103S-V108I,103-108,17,5.785,-0.199,-7.097,1
RT,nevirapine,K103S-Y181C,103-181,38,6.424,-0.856,-6.572,1
RT,nevirapine,K103S-Y181I,103-181,4,5.981,-0.453,-8.712,1
RT,nevirapine,K103S-Y188L,103-188,3,5.801,-0.982,-7.961,1
RT,nevirapine,K103S-Y188H,103-188,2,4.347,0.229,-8.993,1
RT,nevirapine,K103S-G190A,103-190,230,5.089,1.722,-4.394,1
RT,nevirapine,V106A-V108I,106-108,10,4.637,-0.554,-7.899,1
RT,nevirapine,V106A-Y181C,106-181,31,6.288,-0.555,-7.244,1
RT,nevirapine,V106A-Y181I,106-181,1,5.292,-0.257,-9.623,1
RT,nevirapine,V106A-Y188C,106-188,1,3.682,0.255,-10.803,1
RT,nevirapine,V106A-Y188L,106-188,2,5.564,-0.422,-8.623,1
RT,nevirapine,V106A-G190A,106-190,83,5.548,0.782,-6.169,1
RT,nevirapine,V106M-V108I,106-108,9,5.109,-0.333,-8.336,1
RT,nevirapine,V106M-Y181C,106-181,18,6.138,-0.435,-7.783,1
RT,nevirapine,V106M-Y181I,106-181,1,5.338,-0.153,-10.178,1
RT,nevirapine,V106M-Y188C,106-188,3,4.1,0.566,-11.15,1
RT,nevirapine,V106M-Y188L,106-188,3,5.118,-0.06,-8.92,1
RT,nevirapine,V106M-Y188H,106-188,1,3.948,0.039,-10.521,1
RT,nevirapine,V106M-G190A,106-190,55,5.775,0.839,-6.764,1
RT,nevirapine,V108I-Y181C,108-181,652,6.769,0.707,-4.598,1
RT,nevirapine,V108I-Y181I,108-181,20,5.706,0.247,-7.671,1
RT,nevirapine,V108I-Y188C,108-188,1,3.964,-0.27,-9.515,1
RT,nevirapine,V108I-Y188L,108-188,6,4.986,-1.322,-7.622,1
RT,nevirapine,V108I-Y188H,108-188,5,4.419,-0.326,-8.453,1
RT,nevirapine,V108I-G190A,108-190,428,7.137,0.057,-5.06,1
RT,nevirapine,Y181C-Y188C,181-188,4,5.064,-0.22,-8.846,1
RT,nevirapine,Y181C-Y188L,181-188,50,5.909,-0.98,-6.632,1
RT,nevirapine,Y181C-Y188H,181-188,8,4.851,-0.364,-7.853,1
RT,nevirapine,Y181C-G190A,181-190,1158,7.394,1.188,-3.694,1
RT,nevirapine,Y181I-Y188L,181-188,8,5.873,-0.463,-8.798,1
RT,nevirapine,Y181I-G190A,181-190,27,6.978,0.082,-7.29,1
RT,nevirapine,Y188C-G190A,188-190,4,4.863,-0.221,-8.869,1
RT,nevirapine,Y188L-G190A,188-190,69,6.207,-0.771,-6.467,1
RT,nevirapine,Y188H-G190A,188-190,9,4.714,-0.219,-7.765,1
RT,rilpivirine,L100I-K101E,100-101,16,5.594,-0.665,-8.163,1
RT,rilpivirine,L100I-K101P,100-101,1,8.058,-1.051,-9.718,1
RT,rilpivirine,L100I-E138A,100-138,15,6.486,-0.421,-8.303,2
RT,rilpivirine,L100I-E138K,100-138,12,5.734,0.22,-8.962,2
RT,rilpivirine,L100I-E138Q,100-138,12,7.378,-0.055,-9.483,1
RT,rilpivirine,L100I-V179L,100-179,21,7.068,0.206,-8.867,1
RT,rilpivirine,L100I-Y181C,100-181,25,8.116,-1.735,-7.839,1
RT,rilpivirine,L100I-Y181I,100-181,18,7.277,-0.154,-9.0,1
RT,rilpivirine,L100I-Y188L,100-188,25,7.722,-0.51,-8.293,1
RT,rilpivirine,L100I-H221Y,100-221,97,6.404,0.45,-7.224,1
RT,rilpivirine,K101E-E138A,101-138,132,5.89,1.265,-6.038,2
RT,rilpivirine,K101E-E138K,101-138,41,6.114,1.152,-7.414,2
RT,rilpivirine,K101E-E138Q,101-138,15,5.909,0.347,-8.388,1
RT,rilpivirine,K101E-V179L,101-179,46,7.475,0.449,-7.853,1
RT,rilpivirine,K101E-Y181C,101-181,600,8.327,0.854,-5.082,1
RT,rilpivirine,K101E-Y181I,101-181,32,7.287,0.8,-7.775,1
RT,rilpivirine,K101E-Y181V,101-181,17,7.775,0.72,-8.665,1
RT,rilpivirine,K101E-Y188L,101-188,46,6.485,-0.34,-7.31,1
RT,rilpivirine,K101E-H221Y,101-221,148,7.02,0.106,-6.733,1
RT,rilpivirine,K101P-E138A,101-138,13,4.403,0.435,-8.027,2
RT,rilpivirine,K101P-E138K,101-138,4,3.585,0.523,-9.201,2
RT,rilpivirine,K101P-E138Q,101-138,8,5.358,0.332,-9.56,1
RT,rilpivirine,K101P-V179L,101-179,7,5.385,0.627,-8.95,1
RT,rilpivirine,K101P-Y181C,101-181,6,6.248,-0.858,-7.703,1
RT,rilpivirine,K101P-Y181I,101-181,1,5.515,-0.213,-9.696,1
RT,rilpivirine,K101P-Y188L,101-188,10,5.724,-0.349,-8.51,1
RT,rilpivirine,K101P-H221Y,101-221,13,4.575,-0.186,-8.199,1
RT,rilpivirine,E138A-V179L,138-179,16,4.127,0.603,-7.967,2
RT,rilpivirine,E138A-Y181C,138-181,29,5.787,-1.016,-6.77,2
RT,rilpivirine,E138A-Y181I,138-181,14,4.77,0.171,-8.278,2
RT,rilpivirine,E138A-Y181V,138-181,2,5.322,-0.255,-9.478,2
RT,rilpivirine,E138A-Y188L,138-188,49,5.403,0.313,-7.021,2
RT,rilpivirine,E138A-H221Y,138-221,31,4.082,0.005,-7.088,2
RT,rilpivirine,E138K-V179L,138-179,10,4.533,0.711,-9.103,2
RT,rilpivirine,E138K-Y181C,138-181,39,5.823,0.198,-7.014,2
RT,rilpivirine,E138K-Y181I,138-181,5,4.907,0.415,-9.493,2
RT,rilpivirine,E138K-Y181V,138-181,1,5.261,0.103,-10.579,2
RT,rilpivirine,E138K-Y188L,138-188,11,4.468,0.201,-8.392,2
RT,rilpivirine,E138K-H221Y,138-221,16,4.43,0.193,-8.175,2
RT,rilpivirine,E138Q-V179L,138-179,4,5.063,0.32,-9.731,1
RT,rilpivirine,E138Q-Y181C,138-181,28,5.562,0.016,-7.424,1
RT,rilpivirine,E138Q-Y181I,138-181,1,4.871,0.055,-10.081,1
RT,rilpivirine,E138Q-Y188L,138-188,3,4.753,-0.196,-9.028,1
RT,rilpivirine,E138Q-H221Y,138-221,12,4.854,-0.102,-8.714,1
RT,rilpivirine,V179L-Y181C,179-181,107,6.814,0.599,-6.548,1
RT,rilpivirine,V179L-Y181I,179-181,5,5.738,0.793,-9.152,1
RT,rilpivirine,V179L-Y181V,179-181,1,5.974,0.372,-10.295,1
RT,rilpivirine,V179L-Y188L,179-188,16,4.721,0.515,-8.041,1
RT,rilpivirine,V179L-H221Y,179-221,40,5.717,0.414,-7.816,1
RT,rilpivirine,Y181C-Y188L,181-188,50,5.909,-0.98,-6.632,1
RT,rilpivirine,Y181C-H221Y,181-221,618,5.238,1.763,-4.279,1
RT,rilpivirine,Y181I-Y188L,181-188,8,5.873,-0.463,-8.798,1
RT,rilpivirine,Y181I-H221Y,181-221,15,4.388,0.791,-7.85,1
RT,rilpivirine,Y181V-Y188L,181-188,3,6.096,-0.337,-9.47,1
RT,rilpivirine,Y181V-H221Y,181-221,15,4.484,1.337,-8.126,1
RT,rilpivirine,Y188L-H221Y,188-221,45,4.256,0.031,-6.986,1
