Sequence	Mutations	Mutation_count	dm1	dm2	dm12	Dm1m2-min(dm1,dm2)
BCCDDDCDCDDDDCDDABCDABCABDBACBDCAADDCBCABACBCCABCACBCCCCCBDBACDBBBCBCBACCACADAACCBBABADBCCAAABBCCBB	['A63D', 'C82B']	2	-1.8108673	-4.592638	-4.5960293	-0.0033912659
BCCDDDCDCDDDDCDDABCDABCABDBACBDCAADDCBCABACBCCABCACBCCCCCBDBACDBBBCBCBACCACADAACCBBABADBCCAAABBCCBB	['A63D', 'C82B']	2	-1.8108673	-4.592638	-4.5960293	-0.0033912659
BCCDDDCDCCDDDCDDABCDABCABDBACBDCAADDBBCABACBCCAACACBCDCCCBDCACDBBBCBCBACCACACAACCBBABADBCCAABBBCCBB	['D10C', 'C37B', 'B48A', 'C54D', 'B60C', 'A63D', 'D77C', 'C82B', 'A93B']	9	-1.8117371	-4.816003	-4.820264	-0.004261017
BCCDDDCDCCDDDCDDABCDABCABDBACBDCAADDCBCABACBCBABCACBCDCCCBDBADDBBBCBCBBCCACACAACCBBABADBCBAABBBCCBB	['D10C', 'C46B', 'C54D', 'C62D', 'A63D', 'A71B', 'D77C', 'C82B', 'C90B', 'A93B']	10	-0.006062031	-2.1963978	-2.2024517	-0.0060539246
BCCDDDCDCDDDBCCDABCDABCABDBACBDCAADDABCABACBCCABCACBCCCCCBDBACDBBBCBCBADCACACAACCBBABADBCCAAABBCCBB	['D13B', 'D15C', 'C37A', 'A63D', 'C72D', 'D77C', 'C82B']	7	-1.8145084	-4.9115252	-4.918559	-0.007033825
AAADDDCDCCDDDCDDABCDABCABDBACBDDDADDABCABACBCDBBCACBCBCCCBDBACDBBBCBCBBDBACADAACCBBABADBABAABBBCCBB	['B1A', 'C2A', 'C3A', 'D10C', 'C32D', 'A33D', 'C37A', 'C46D', 'A47B', 'C54B', 'A63D', 'A71B', 'C72D', 'C73B', 'C82B', 'C89A', 'C90B', 'A93B']	18	-0.04857588	-1.7722893	-1.7793703	-0.007081032
BCCDDDCDCDDDDCDDABCDABCABDBACBDCAACDCBCABACBCCABCACBCDCCDBDCADDBBBCBCBBCCACADAACCBBABADBCCAAABBCCBB	['D35C', 'C54D', 'C57D', 'B60C', 'C62D', 'A63D', 'A71B', 'C82B']	8	-1.8157554	-2.6144457	-2.6227255	-0.0082798
BCCDDDCDCADBDCCDABDAABCABDBACDDCAADDCBCABACBCCABCACBCCCCCBDBACDBBBCBCBBCCACADAACCCBABADCCCAAABBCCBB	['D10A', 'D12B', 'D15C', 'C19D', 'D20A', 'B30D', 'A63D', 'A71B', 'B88C']	9	-1.8170433	-6.469201	-6.4787664	-0.009565353
BCCDDDCDCBDDBCDDABCDABCABDBACBDCCADBCBCABACBCCABCACBCCCCCBDBADDBBBCBCBACCACADAACCCBABADDCCAAABBCCBB	['D10B', 'D13B', 'A33C', 'D36B', 'C62D', 'A63D', 'B88D']	7	-1.8178039	-5.8234644	-5.833789	-0.010324478
AAADDDCDCDDDDCDDABCBABCABDBACBDCAACACBCABACBCBABCACBCDCCCBDBADDCBBCBCBACCCCADAACCBBACADBCCAAABBCCBB	['B1A', 'C2A', 'C3A', 'D20B', 'D35C', 'D36A', 'C46B', 'C54D', 'C62D', 'A63D', 'B64C', 'A74C', 'C82B', 'B85C']	14	-0.010686398	-1.4130855	-1.4237652	-0.010679722
BCCDDDCDCBDDBCDDABCAABCABDBACBDCBACACBCACACBCCABCACBCCCCCBDCADDBBBCBCBBCCACADABCCCBBBADBCBAAABBCCBB	['D10B', 'D13B', 'D20A', 'A33B', 'D35C', 'D36A', 'B41C', 'B60C', 'C62D', 'A63D', 'A71B', 'A79B', 'A84B', 'C90B']	14	-1.8184137	-4.812804	-4.823743	-0.010938644
AAADDDCDCBDDDCDDABCDABCABDBACBDCAADACBCABACBCBABCACBCDCCCBDBACDBBBCBCBBCCACADAACCBBABADBCCAABBBCCBB	['B1A', 'C2A', 'C3A', 'D10B', 'D36A', 'C46B', 'C54D', 'A63D', 'A71B', 'C82B', 'A93B']	11	-0.013604164	-2.7940335	-2.8076296	-0.013596058
BCCDDDCDCCDDDCCDABCCABCABDBACBDCAACABBCACACBCCABCACBCDCCDBDCDDDBBBCBCBBCCACACAACCBBABADBCBAABBBCCBB	['D10C', 'D15C', 'D20C', 'D35C', 'D36A', 'C37B', 'B41C', 'C54D', 'C57D', 'B60C', 'A61D', 'C62D', 'A63D', 'A71B', 'D77C', 'C82B', 'C90B', 'A93B']	18	-1.8220553	-2.3368616	-2.3514442	-0.014582634
BCCDDDCDCDDADCDDABCDABCABDBACBDCAADDBBCABACBCCABCACBCDCCCBDBCDDBBBCBCBACCACADAACCBBABADBCCAABBBCCBB	['D12A', 'C37B', 'C54D', 'A61C', 'C62D', 'A63D', 'C82B', 'A93B']	8	-1.822473	-3.5936632	-3.6086617	-0.014998436
BCCDDDCDCCDDDCDDABCDABCABDBACBDCAADDCBCABACBCCABCACBCDCCCBDBACDBBBCBCBBCDACADAACCCBBBADBCBAABBBCCBB	['D10C', 'C54D', 'A63D', 'A71B', 'C73D', 'A84B', 'C90B', 'A93B']	8	-1.8233356	-5.18251	-5.198366	-0.015856266
BCCDDDCDCBDDBCDDABCAABCABDBACBDCAADACBCABACBCCABCACBCCCCCBDBADDBBBCBCBBDCACACAACCCBBBADBCBAAABBCCBB	['D10B', 'D13B', 'D20A', 'D36A', 'C62D', 'A63D', 'A71B', 'C72D', 'D77C', 'A84B', 'C90B']	11	-1.8251686	-5.263106	-5.280799	-0.017693043
BCCDDDCDCDDDDDCDABCDABCABDBACBDCAADDBBCABACBCCABCACBCCCCCBDBADDBBBCCCBBCCACADAACCCBABADBCCAABBBCCBA	['C14D', 'D15C', 'C37B', 'C62D', 'A63D', 'B68C', 'A71B', 'A93B', 'B99A']	9	-1.8286352	-5.0707927	-5.091954	-0.021161556
AAADDDCDCCDDDCDDABCDABCABDBACBDCAACCCBCADACBCBACCACBBDCCCBDBACBCBBCBCBACCACACAACCABABADBCCAABBBCCBB	['B1A', 'C2A', 'C3A', 'D10C', 'D35C', 'D36C', 'B41D', 'C46B', 'B48C', 'C53B', 'C54D', 'A63B', 'B64C', 'D77C', 'C82A', 'A93B']	16	-0.021530628	-2.6313672	-2.652896	-0.02152872
AAADDDCDCCDDDCDDABCDABCABDBACBDCAADDCBCABACBCDABCACBCDCCCBDBADDBBBCBCBACDACADAACCBBABADBCBAABBCCCBB	['B1A', 'C2A', 'C3A', 'D10C', 'C46D', 'C54D', 'C62D', 'A63D', 'C73D', 'C82B', 'C90B', 'A93B', 'B95C']	13	-0.064250946	-0.1917715	-0.21452522	-0.022753716
BCCDDDCDCCDDBDCDABCBABCABDBACBDCAADCABCABACBCCABCACBCACCCBDBADACBBCBCBBCCACADAACCABABADBBCAAABBCCBB	['D10C', 'D13B', 'C14D', 'D15C', 'D20B', 'D36C', 'C37A', 'C54A', 'C62D', 'B64C', 'A71B', 'C82A', 'C89B']	13	-1.8398738	-5.8457537	-5.8781576	-0.032403946
BCCDDDCDCCDDBDCDABCBABCABDBACBDCAADCABCABACBCCABCACBCACCCBDBADACBBCBCBBCCACADAACCABABADBBCAAABBCCBB	['D10C', 'D13B', 'C14D', 'D15C', 'D20B', 'D36C', 'C37A', 'C54A', 'C62D', 'B64C', 'A71B', 'C82A', 'C89B']	13	-1.8398738	-5.8457537	-5.8781576	-0.032403946
BCCDDDCDCDDDBCDDABCDABCABDBACBDDBADDCBCABACBCDABCACBCCCCCBDBCCDBBBCBCBACCACACAACCBBBBADBCCAAABBCCBB	['D13B', 'C32D', 'A33B', 'C46D', 'A61C', 'A63D', 'D77C', 'C82B', 'A84B']	9	-0.07437229	-2.6704216	-2.7032986	-0.03287697
BCCDDDCDCADDDCDDABCCABCABDBACBDCAADACBCABACBCBABCACBBCCCCBDBADDBBBCBCBBCCCCADAACCBBABADBCBAABBBCCBB	['D10A', 'D20C', 'D36A', 'C46B', 'C53B', 'C62D', 'A63D', 'A71B', 'A74C', 'C82B', 'C90B', 'A93B']	12	-0.038250446	-1.5423393	-1.5805826	-0.038243294
AAADDDCDCAADBCDDABCDABCABDBACBDCBADDBBCABACBCBABCACBCBDCCBDBACDBBBCBCBBBDACADAACCBBABADBABAABBBCCBB	['B1A', 'C2A', 'C3A', 'D10A', 'D11A', 'D13B', 'A33B', 'C37B', 'C46B', 'C54B', 'C55D', 'A63D', 'A71B', 'C72B', 'C73D', 'C82B', 'C89A', 'C90B', 'A93B']	19	1.7692027	-0.2057476	-0.2440052	-0.0382576
BCCDCDCDCDDBDCDDABDDABCABDBACBDDAADDCBCABACBCDABCACBCCCCCBDBADCBBBCBCBBCCACADAACCBBABADBCCAAABBCCBB	['D5C', 'D12B', 'C19D', 'C32D', 'C46D', 'C62D', 'A63C', 'A71B', 'C82B']	9	-0.08212185	-2.68968	-2.7303057	-0.040625572
BCCBDDCDCBDDDCDDABCDABCABDBACBDCAACDBBCABACBCDABCACBCCCCCBDBACDBBBCBCCBCCCCADAACCCBBBADBCBAABBBCCBB	['D4B', 'D10B', 'D35C', 'C37B', 'C46D', 'A63D', 'B70C', 'A71B', 'A74C', 'A84B', 'C90B', 'A93B']	12	-0.08360767	-3.8217983	-3.8639107	-0.04211235
BCCDDDCDCADCDDDDABCDABCABDBACBDCAADDBBCABACBCDABCACBCDCCCBDBACDBBBCBCBCCCACADAACCBBABADBCBAABBCCCBB	['D10A', 'D12C', 'C14D', 'C37B', 'C46D', 'C54D', 'A63D', 'A71C', 'C82B', 'C90B', 'A93B', 'B95C']	12	-0.08372879	-0.5511894	-0.59342	-0.042230606
BCCDDDCDCBDDDCDDABCDABCABDBACBDCAACCABCABACBCCABCACBCCCCCBDBADBCBBCBCBACCCCADAACCCBBBADBCBAABBBCCBB	['D10B', 'D35C', 'D36C', 'C37A', 'C62D', 'A63B', 'B64C', 'A74C', 'A84B', 'C90B', 'A93B']	11	-1.8501644	-5.5879016	-5.6305943	-0.04269266
BCCDDDCDCCDDDCCDABBDABCABDBACBDCAACDBBCABACBBCABCACBCCCCDBDBADDBBBCBABCCCACADAACCBBABADBCCAABBCCCBB	['D10C', 'D15C', 'C19B', 'D35C', 'C37B', 'C45B', 'C57D', 'C62D', 'A63D', 'C69A', 'A71C', 'C82B', 'A93B', 'B95C']	14	-2.9555888	-1.8540621	-3.0021782	-0.046589375
BCCDDDCDCCDDDCDDABCDABCABDBACBDCAADDCBCACACBCBABCACBCCCCCBDBACDBBBCBCBBCCCCADAACCBBABADBCBAABBBCCBB	['D10C', 'B41C', 'C46B', 'A63D', 'A71B', 'A74C', 'C82B', 'C90B', 'A93B']	9	-0.047194004	-2.2686224	-2.3158073	-0.047184944
BCCDDDCDCCDDDCDDABCCABCDBDBACBDCBADACBCABACBCDABCACBCDCCCBDBACDBBBCBCBCCBACADAACCDBBBADBCCAAABBCCBB	['D10C', 'D20C', 'A24D', 'A33B', 'D36A', 'C46D', 'C54D', 'A63D', 'A71C', 'C73B', 'C82D', 'A84B']	12	-0.08924484	-3.5909529	-3.6387005	-0.047747612
BCCDDDCDCADCBCCDADCAABCABDBACBDCAABAABCABACBCDABCACBCACCCBDBACDCBBCBCBBCCCCACAACCABABADBBBAABBBCCBB	['D10A', 'D12C', 'D13B', 'D15C', 'B18D', 'D20A', 'D35B', 'D36A', 'C37A', 'C46D', 'C54A', 'A63D', 'B64C', 'A71B', 'A74C', 'D77C', 'C82A', 'C89B', 'C90B', 'A93B']	20	-0.08996391	-2.8818069	-2.930274	-0.04846716
BCCDDDCDCDDBDCDDABBDABCABDBACBDCAADDCBCABACBCCABCACBCCCCCBDBACDDBBCBCBACCACADAACCBBABADBCCAAABBCCBB	['D12B', 'C19B', 'A63D', 'B64D', 'C82B']	5	-1.8560896	-4.2166653	-4.2652817	-0.04861641
AAADDDCDCCDDDCDDABCCABCDBDBACBDCCACABBCACACBCBAACACBBDDCDBDBACDCBBCBCBACCACADAACCBBABADBCCAAABBCCBB	['B1A', 'C2A', 'C3A', 'D10C', 'D20C', 'A24D', 'A33C', 'D35C', 'D36A', 'C37B', 'B41C', 'C46B', 'B48A', 'C53B', 'C54D', 'C55D', 'C57D', 'A63D', 'B64C', 'C82B']	20	1.7576003	0.043393135	-0.006474495	-0.04986763
BCCDDDCDCCDDBCDDABCCABCDBDBACBDCBADABBCABACBCDABCACBCDDCCBDBACDABBCBABBCCACADAACCABABADBCCCAABBCCBB	['D10C', 'D13B', 'D20C', 'A24D', 'A33B', 'D36A', 'C37B', 'C46D', 'C54D', 'C55D', 'A63D', 'B64A', 'C69A', 'A71B', 'C82A', 'A91C']	16	1.7149343	-1.3062243	-1.3572693	-0.05104494
BCCDDDCDCCDDDCCDABCCABCDBDBACBDCAACAABCABADBCDABCACBCDACDBDBADDCBBCBCBACCACADAACCABBBADBCCAAABBCCBB	['D10C', 'D15C', 'D20C', 'A24D', 'D35C', 'D36A', 'C37A', 'C43D', 'C46D', 'C54D', 'C55A', 'C57D', 'C62D', 'A63D', 'B64C', 'C82A', 'A84B']	17	0.4294057	-0.9295335	-0.98106194	-0.051528454
BCCDDDCDCBDDDCDDABCDABCABDBACBDCAACCBBCACACBCCABCACBCDCCDBDBACDBBBCBCBBCCACADAACCABABADBCCAABBBCCBB	['D10B', 'D35C', 'D36C', 'C37B', 'B41C', 'C54D', 'C57D', 'A63D', 'A71B', 'C82A', 'A93B']	11	-1.8593354	-3.0717292	-3.1235886	-0.05185938
AAADDDCDCBDDDCCDABCAABCABDBACBDCADCACBCABACBCDABCACBCBCCDBDBBCDBBBCBCBBBCACCDAACCCBBCADBCBAAABBCCBB	['B1A', 'C2A', 'C3A', 'D10B', 'D15C', 'D20A', 'A34D', 'D35C', 'D36A', 'C46D', 'C54B', 'C57D', 'A61B', 'A63D', 'A71B', 'C72B', 'A76C', 'A84B', 'B85C', 'C90B']	20	-0.093607426	-1.80727	-1.8593864	-0.052116394
AAADDDCDCBDDDCCDABCAABCABDBACBDCADCACBCABACBCDABCACBCBCCDBDBBCDBBBCBCBBBCACCDAACCCBBCADBCBAAABBCCBB	['B1A', 'C2A', 'C3A', 'D10B', 'D15C', 'D20A', 'A34D', 'D35C', 'D36A', 'C46D', 'C54B', 'C57D', 'A61B', 'A63D', 'A71B', 'C72B', 'A76C', 'A84B', 'B85C', 'C90B']	20	-0.093607426	-1.80727	-1.8593864	-0.052116394
BCCDDDCDCDDDDCCDABCDABCABDBACBDCAACDCBCABACBCCAACACBCCCCCBDBACDBBBCBCBBCCACADAACCABABADBCBAABBBCCBB	['D15C', 'D35C', 'B48A', 'A63D', 'A71B', 'C82A', 'C90B', 'A93B']	8	-1.860301	-6.0180573	-6.0708866	-0.052829266
BCCDDDCDCDDDDCCDABCDABCABDBACBDDAACDBBCABACBCCABCACBCCCCCBDBACDBBBCBBBDCCACADAACCBBABADBCCAAABBCCBB	['D15C', 'C32D', 'D35C', 'C37B', 'A63D', 'C69B', 'A71D', 'C82B']	8	-1.8666277	-3.5849605	-3.6441145	-0.059154034
AAADDDCDCCDDDCDDABCDABCBBDBACBDCAACDBBCABACBCBAACACBCDCCCBDBADDBBBCBCBCCCACACAACCBBBBADBCCAABBBCCBB	['B1A', 'C2A', 'C3A', 'D10C', 'A24B', 'D35C', 'C37B', 'C46B', 'B48A', 'C54D', 'C62D', 'A63D', 'A71C', 'D77C', 'C82B', 'A84B', 'A93B']	17	-0.062415123	-2.7081633	-2.770568	-0.062404633
BCCDDDCDCCDCDCDDABCCABCABDBACBDCAACAABCACACBCDABCACBCDCCCBDBACDBBCCBCBBCCACADAACCABBBADBCBACBBCCCBB	['D10C', 'D12C', 'D20C', 'D35C', 'D36A', 'C37A', 'B41C', 'C46D', 'C54D', 'A63D', 'B66C', 'A71B', 'C82A', 'A84B', 'C90B', 'A92C', 'A93B', 'B95C']	18	-0.106672764	-1.7791681	-1.8443432	-0.06517506
BCCDDDCDCCDDBCDDABCDABCABDBACBDCBADDCBCABACBCDABCACBCDCCDBDBADDBBBCBCBCABACACAACCBBBBADBCBAABBBCCBB	['D10C', 'D13B', 'A33B', 'C46D', 'C54D', 'C57D', 'C62D', 'A63D', 'A71C', 'C72A', 'C73B', 'D77C', 'C82B', 'A84B', 'C90B', 'A93B']	16	-0.108585835	-0.7748728	-0.8419628	-0.067090034
BCCDDDCDCCDBDCDDABBDABCABDBACBDCBADDCBCABACBCCAACACBACCCCBDBACDBBBCBCBACCACADAACCBBABADBCCAAABBCCBB	['D10C', 'D12B', 'C19B', 'A33B', 'B48A', 'C53A', 'A63D', 'C82B']	8	-1.8752728	-5.001885	-5.069683	-0.06779814
AAADDDCDCADBDCCDABCCABCABDBACBDCAACACBCACACBBCABCACBBDCCDBDBDCABBBCBCBBCCCCADAACCBBBCADBBCAAABBCCBB	['B1A', 'C2A', 'C3A', 'D10A', 'D12B', 'D15C', 'D20C', 'D35C', 'D36A', 'B41C', 'C45B', 'C53B', 'C54D', 'C57D', 'A61D', 'A71B', 'A74C', 'C82B', 'A84B', 'B85C', 'C89B']	21	-1.8793349	-4.0122056	-4.084072	-0.07186651
BCCDDDCDCCDDDCDDABCDABCABDBACBDDAADDCBCABACBCDABCACBCCCCCBDBACDBBBCBCBBCBACADAACCBBABADBCCAAABBCCBB	['D10C', 'C32D', 'C46D', 'A63D', 'A71B', 'C73B', 'C82B']	7	-0.11485577	-2.493721	-2.5670824	-0.0733614
BCCDDDCDCDDDDCDDABCDABCABDBACBDCAACDBBCABACBCCABCACBCDCCCBDBACDBBBCBCBACCACADAACCBBABADBCCAAABBCCBB	['D35C', 'C37B', 'C54D', 'A63D', 'C82B']	5	-1.8810558	-4.115715	-4.189296	-0.07358074
BCCDDDCDCBDDDCDDABCDABCABDBACBDCAADAABCAAACBCBABCACBCDCCCBDBADDCBBCBCBBCCCCADAACCABABADBCBAABBBCCBB	['D10B', 'D36A', 'C37A', 'B41A', 'C46B', 'C54D', 'C62D', 'A63D', 'B64C', 'A71B', 'A74C', 'C82A', 'C90B', 'A93B']	14	-0.07598019	-3.6517758	-3.7277517	-0.075975895
AAADDDCDCCDDDCDDABCDABCABDBACBDCAADDCBCABACBCDABCACBCDCCDCDBACDCBBCBCBACCACACAACCABABADBCBAABBBCCBB	['B1A', 'C2A', 'C3A', 'D10C', 'C46D', 'C54D', 'C57D', 'B58C', 'A63D', 'B64C', 'D77C', 'C82A', 'C90B', 'A93B']	14	-0.117604256	-1.1690607	-1.2451696	-0.07610893
BCCDDDCDCCDDDCDDABCBABCABDBACBDCAACACBCACACBCCABCACBCCCCCBDBACACBBCBCBACCACADAACCBBABADBCCAAABBCCBB	['D10C', 'D20B', 'D35C', 'D36A', 'B41C', 'B64C', 'C82B']	7	-1.8836813	-4.6252937	-4.701502	-0.076208115
BCCDDDCDCADDDCDDABCDABCABDBACBDCAADDCBCABACBCCABCACBCCCCCBDBACDCBBCBCBACCACADAACCCBBBADBCBAAABBCCBB	['D10A', 'A63D', 'B64C', 'A84B', 'C90B']	5	-1.884798	-5.251861	-5.3291807	-0.07731962
BCCDDDCDCCDBDCCDABBCABCABDBACBDCAADACBCABACBCCAACACBCACCCBDBADCCBBCBCBBCCACADAACCBBABADBCCAAABBCCBB	['D10C', 'D12B', 'D15C', 'C19B', 'D20C', 'D36A', 'B48A', 'C54A', 'C62D', 'A63C', 'B64C', 'A71B', 'C82B']	13	-1.8861551	-4.675028	-4.753709	-0.07868099
BCCDDDCDCCDDDCDDABCAABCABDBACBDCAADDCBCABACBCDABCACBCCCCCBDBADDCBBCBCBBCCACCDAACCCBABADBCBAABBBCCBB	['D10C', 'D20A', 'C46D', 'C62D', 'A63D', 'B64C', 'A71B', 'A76C', 'C90B', 'A93B']	10	-0.12185955	-2.8164024	-2.8967667	-0.08036423
BCCDDDCDCCDDDCDDABCDABCABDBACBDCBADDCBCABACBCBABCACBCDCCCBDBACDBBBCBCBBCCACACAACCABBBADBCBAABBBCCBB	['D10C', 'A33B', 'C46B', 'C54D', 'A63D', 'A71B', 'D77C', 'C82A', 'A84B', 'C90B', 'A93B']	11	-0.08333969	-3.3594003	-3.4427338	-0.08333349
BCCDDDCDCCDDDCDDABCDABCABDBACBDCAADDCBCACACBCDABCACBBCCCCBDBADDCBBCBCBBCCCCACAACCABBBADBCBAABBBCCBB	['D10C', 'B41C', 'C46D', 'C53B', 'C62D', 'A63D', 'B64C', 'A71B', 'A74C', 'D77C', 'C82A', 'A84B', 'C90B', 'A93B']	14	-0.1249485	-2.1194448	-2.2029018	-0.08345699
BCCDDDCDCCDDDCDDABCCABCABDBACBDCBACABBCABACBCCABCCCBCDCCCBDCACDBBBCBCBBDCACADAACCBBABADBCCAAABBCCBB	['D10C', 'D20C', 'A33B', 'D35C', 'D36A', 'C37B', 'A50C', 'C54D', 'B60C', 'A63D', 'A71B', 'C72D', 'C82B']	13	-1.8920221	-3.831592	-3.9161396	-0.08454752
BCCDDDCDCCDDDCDDABCDABCDBDBACBDCAACABBCACACBCBAACACBCDCCCBDBACACBBCBCBBDCACADAACCBBABADBCCAABBBCCBB	['D10C', 'A24D', 'D35C', 'D36A', 'C37B', 'B41C', 'C46B', 'B48A', 'C54D', 'B64C', 'A71B', 'C72D', 'C82B', 'A93B']	14	-0.08809185	-3.56004	-3.6481285	-0.08808851
AAADDDCDCBDDDCCDABCCABCABDBACBDCAADACBCABACBCDABCACBCCCCCBDBADDBBBCBCBBCCCCADAACCABBBADBCCAAABBCCBB	['B1A', 'C2A', 'C3A', 'D10B', 'D15C', 'D20C', 'D36A', 'C46D', 'C62D', 'A63D', 'A71B', 'A74C', 'C82A', 'A84B']	14	-0.1304326	-2.4492989	-2.5382347	-0.08893585
BCCDDDCDCCDDDDDDABCDABCABDBACBDCAACCBBCABACBCCABCACBCDCCCBDBACDCBBCBCBCCCACADAACCABABADBCBAABBBCCBB	['D10C', 'C14D', 'D35C', 'D36C', 'C37B', 'C54D', 'A63D', 'B64C', 'A71C', 'C82A', 'C90B', 'A93B']	12	-1.8980379	-4.4608207	-4.551383	-0.09056234
BCCDDDCDCDDDBCDDADCAABCABDBACBDCAADDCBCABACBCCABCACBCCCCCBDBACDBBBCBCBBDCACACAACCCBABADBCBAAABBCCBB	['D13B', 'B18D', 'D20A', 'A63D', 'A71B', 'C72D', 'D77C', 'C90B']	8	-1.8989754	-4.6685905	-4.760085	-0.09149456
BCCDDDCDCDDDBCDDADCAABCABDBACBDCAADDCBCABACBCCABCACBCCCCCBDBACDBBBCBCBBDCACACAACCCBABADBCBAAABBCCBB	['D13B', 'B18D', 'D20A', 'A63D', 'A71B', 'C72D', 'D77C', 'C90B']	8	-1.8989754	-4.6685905	-4.760085	-0.09149456
BCCDDDCDCCDDDCDDABBDABCABDBACBDCBADDCBCABACBCCAACCCBCACCCBDBACDBBBCBCBBDCACADAACCBBABADBCCAABBBCCBB	['D10C', 'C19B', 'A33B', 'B48A', 'A50C', 'C54A', 'A63D', 'A71B', 'C72D', 'C82B', 'A93B']	11	-1.8996277	-5.3147697	-5.4069214	-0.09215164
BCCDDDCDCCDDDCDDABCDABCDBDBACBDCAACAABCABACBCBABCACBCDCCDBDBADDBBBCBCBBCBACADAACCBBABADBCCAAABBCCBB	['D10C', 'A24D', 'D35C', 'D36A', 'C37A', 'C46B', 'C54D', 'C57D', 'C62D', 'A63D', 'A71B', 'C73B', 'C82B']	13	-0.09218216	-0.7085438	-0.800725	-0.092181206
BCCDDDCDCCDDDCDDABCDABCDBDBACBDCAACAABCABACBCBABCACBCDCCDBDBADDBBBCBCBBCBACADAACCBBABADBCCAAABBCCBB	['D10C', 'A24D', 'D35C', 'D36A', 'C37A', 'C46B', 'C54D', 'C57D', 'C62D', 'A63D', 'A71B', 'C73B', 'C82B']	13	-0.09218216	-0.7085438	-0.800725	-0.092181206
BCCDDDCDCCDDDCDDABCDABCABDBACBDCAADDCBCACACBCCABCACBCCCCCCDBADBBBBCBCBBCBACADAACCCBBBADBCBAABBBCCBB	['D10C', 'B41C', 'B58C', 'C62D', 'A63B', 'A71B', 'C73B', 'A84B', 'C90B', 'A93B']	10	-1.9007759	-4.5297422	-4.623043	-0.09330082
BCCDDDCDCCDDDCDDABBCABCABDBACBDDAADACBCABACBCDBBCACBCDDCCBDBADDBBBCACBBCCACADAACCBBABADBCBAAABBCCBB	['D10C', 'C19B', 'D20C', 'C32D', 'D36A', 'C46D', 'A47B', 'C54D', 'C55D', 'C62D', 'A63D', 'B68A', 'A71B', 'C82B', 'C90B']	15	1.6708047	-1.0992446	-1.194417	-0.095172405
BCCDDDCDCBDDBCDDABCDABCABDBACBDCAADDBBCABACBCCABCACBCCCCCBDBACDBBBCBCBACCACACAACCCBABADDCCAABBBCCBB	['D10B', 'D13B', 'C37B', 'A63D', 'D77C', 'B88D', 'A93B']	7	-1.9030871	-5.833791	-5.9294004	-0.095609665
BCCDDDCDCADDDCCDABCCABCABDBACBDCAACABBCABACBCBABCACBCDDCDBDCBCDBBBCBCBBCCACCDAACCBBABADBCCAAABBCCBB	['D10A', 'D15C', 'D20C', 'D35C', 'D36A', 'C37B', 'C46B', 'C54D', 'C55D', 'C57D', 'B60C', 'A61B', 'A63D', 'A71B', 'A76C', 'C82B']	16	1.7114725	-0.6117134	-0.7077093	-0.0959959
BCCDDDCDCCDDDCDDABCCABCABDBACBDCBACABBCABACBCCAACACBCACCCBDBADDBBBCBCBBDCACACAACCBBACADBCCAABBBCCBB	['D10C', 'D20C', 'A33B', 'D35C', 'D36A', 'C37B', 'B48A', 'C54A', 'C62D', 'A63D', 'A71B', 'C72D', 'D77C', 'C82B', 'B85C', 'A93B']	16	-1.9061055	-4.5994077	-4.698039	-0.09863138
BCCDDDCDCCDDDCCDABCDABCABDBACBDCAADDCBCABACBCBABCACBCDCCCBDBACDBBBCBCAACCACADAACCBBABADBCBAAABBCCBB	['D10C', 'D15C', 'C46B', 'C54D', 'A63D', 'B70A', 'C82B', 'C90B']	8	-0.09869814	-2.890337	-2.989025	-0.098688126
BCCDDDCDCCDDDCCCABCAABCABDBACBDCAACACBCABACBCCABCACBCCCCDBDBDDBBBBBBCBACACCADAACCABABADBCBAAABBCCBB	['D10C', 'D15C', 'D16C', 'D20A', 'D35C', 'D36A', 'C57D', 'A61D', 'C62D', 'A63B', 'C67B', 'C73A', 'A74C', 'C82A', 'C90B']	15	-1.906229	-1.9846635	-2.0834208	-0.09875727
AAADDDCDCDDDDCDDABCDABCABDBACBDCAACABBCABACBCCABCACBCCCCCBDBADDBBBCBCBBCCACADAACCBBABADBCCAABBBCCBB	['B1A', 'C2A', 'C3A', 'D35C', 'D36A', 'C37B', 'C62D', 'A63D', 'A71B', 'C82B', 'A93B']	11	-1.9062419	-4.1426992	-4.2414646	-0.09876537
BCCDDDCDCCDDBCDDABCDABCABDBACBDCAADDCBCABACBCCABCACBCCCCCBDBACDBBBCBCBADCADACAACCBBABADBCCAAABBCCBB	['D10C', 'D13B', 'A63D', 'C72D', 'C75D', 'D77C', 'C82B']	7	-1.910347	-4.8088355	-4.911709	-0.102873325
BCCDDDCDCDDDDCCDABCDABCABDBACBDCAADDCBCACACBCCABCACBBCCCCBDBACDBBBCBCBACCACACAACCBBABADBCCAAABBCCBB	['D15C', 'B41C', 'C53B', 'A63D', 'D77C', 'C82B']	6	-1.9164419	-3.6129818	-3.7219496	-0.10896778
AAADDDCDCDDBDCCDABBDABCABDBACBDCAADDCBCABACBCBABCACBCCCCDBDBACDBBBCBCBBCCCCADAACCBBABADBCBAAABBCCBB	['B1A', 'C2A', 'C3A', 'D12B', 'D15C', 'C19B', 'C46B', 'C57D', 'A63D', 'A71B', 'A74C', 'C82B', 'C90B']	13	-0.52211905	-0.109044075	-0.631155	-0.10903597
BCCDDDCDCCDDDCDDABCDABCABDBACBDCAADDCBCABACBCCAACACBCACCCBDBACCBBBCBCBBCCACACAACCBBABADBCCAAABBCCBB	['D10C', 'B48A', 'C54A', 'A63C', 'A71B', 'D77C', 'C82B']	7	-1.918972	-5.6088667	-5.7203646	-0.11149788
BCCDDDCDCCDDDCDDABCDABCABDBACBDCAADDCBCABACBCCAACACBCACCCBDBACCBBBCBCBBCCACACAACCBBABADBCCAAABBCCBB	['D10C', 'B48A', 'C54A', 'A63C', 'A71B', 'D77C', 'C82B']	7	-1.918972	-5.6088667	-5.7203646	-0.11149788
BCCDDDCDCCDDDCDDABCDABCABDBACBDCAADDCBCABACBCCAACACBCACCCBDBACCBBBCBCBBCCACACAACCBBABADBCCAAABBCCBB	['D10C', 'B48A', 'C54A', 'A63C', 'A71B', 'D77C', 'C82B']	7	-1.918972	-5.6088667	-5.7203646	-0.11149788
BCCDDDCDCDDDDCDDABCDABCABDBACBDCAACACBCABACBCCABCACBCDCCCBDBADDBBBCBCBADCACADAACCBBABADBCCAABBBCCBB	['D35C', 'D36A', 'C54D', 'C62D', 'A63D', 'C72D', 'C82B', 'A93B']	8	-1.9206605	-4.772739	-4.8859224	-0.1131835
BCCDDDCDCDDDDCDDABCDABCABDBACBDCAACACBCABACBCCABCACBCDCCCBDBADDBBBCBCBADCACADAACCBBABADBCCAABBBCCBB	['D35C', 'D36A', 'C54D', 'C62D', 'A63D', 'C72D', 'C82B', 'A93B']	8	-1.9206605	-4.772739	-4.8859224	-0.1131835
BCCDDDCDCDDDDCDDABCDABCABDBACBDCAACACBCABACBCCABCACBCDCCCBDBADDBBBCBCBADCACADAACCBBABADBCCAABBBCCBB	['D35C', 'D36A', 'C54D', 'C62D', 'A63D', 'C72D', 'C82B', 'A93B']	8	-1.9206605	-4.772739	-4.8859224	-0.1131835
BCCDDDCDCCDDDCDDABBDABCABDBACBDCAADDCBCABACBCCAACCCBCACCCBDBCDDBBBCBDBBCCACACAACCBBABADBCBAABBBCCBB	['D10C', 'C19B', 'B48A', 'A50C', 'C54A', 'A61C', 'C62D', 'A63D', 'C69D', 'A71B', 'D77C', 'C82B', 'C90B', 'A93B']	14	-1.9234014	-4.081911	-4.197839	-0.115927696
BCCDDDCDCCDDBDDDABBCABCABDBACBDDAACAABCABADBCDABCACBBBCCDBDBACDBBBCBCBBCBACACAACCCBACADBABAAABBCCBB	['D10C', 'D13B', 'C14D', 'C19B', 'D20C', 'C32D', 'D35C', 'D36A', 'C37A', 'C43D', 'C46D', 'C53B', 'C54B', 'C57D', 'A63D', 'A71B', 'C73B', 'D77C', 'B85C', 'C89A', 'C90B']	21	-3.049932	-0.16040993	-3.16885	-0.11891794
AAADDDCDCDDDDCCDABCCABCDBDBACBDCAACABBCABACBCBABCACBCDDCDBDCADDCBBCBCBACCACADAACCBBABADBCCAAABBCCBB	['B1A', 'C2A', 'C3A', 'D15C', 'D20C', 'A24D', 'D35C', 'D36A', 'C37B', 'C46B', 'C54D', 'C55D', 'C57D', 'B60C', 'C62D', 'A63D', 'B64C', 'C82B']	18	1.6884236	0.41658735	0.29754257	-0.11904478
BCCDDDCDCADDDCDDABCDABCABDBACBDCAADDCBCABACBCDABCACBCDDCDBDCCCDBBBCBCBBDCACACAACCBBBBADBCBAAABBCCBB	['D10A', 'C46D', 'C54D', 'C55D', 'C57D', 'B60C', 'A61C', 'A63D', 'A71B', 'C72D', 'D77C', 'C82B', 'A84B', 'C90B']	14	1.6455207	-0.5515318	-0.6719847	-0.12045288
BCCDDDCDCCDDDCDDABCDABCABDBACBDCAACDABCACACBCDABCACBCDCCCBDBACDBBCCBCBBCCACADAACCABBBADBCBAABBCCCBB	['D10C', 'D35C', 'C37A', 'B41C', 'C46D', 'C54D', 'A63D', 'B66C', 'A71B', 'C82A', 'A84B', 'C90B', 'A93B', 'B95C']	14	-0.16352129	-1.8201618	-1.9421873	-0.12202549
AAADDDCDCCDDDCDDABCDABCDBDBACBDCAADABBCABACBCBAACACBCDCCCBDBADACBBCBCBADCACADAACCBBABADBCCAAABBCCBB	['B1A', 'C2A', 'C3A', 'D10C', 'A24D', 'D36A', 'C37B', 'C46B', 'B48A', 'C54D', 'C62D', 'B64C', 'C72D', 'C82B']	14	-0.124895096	-2.6405425	-2.7654333	-0.124890804
BCCDDDCDCDDDDCDDABCDABCABDBACBDDAADDCBCABACBCBABCACBCCCCCBDBACDBBBCBCBBCCACADAACCBBABADBCCAAABBCCBB	['C32D', 'C46B', 'A63D', 'A71B', 'C82B']	5	-0.1267891	-2.892509	-3.0192919	-0.1267829
BCCDDDCDCDDDDCDDABCDABCABDBACBDDAADDCBCABACBCBABCACBCCCCCBDBACDBBBCBCBBCCACADAACCBBABADBCCAAABBCCBB	['C32D', 'C46B', 'A63D', 'A71B', 'C82B']	5	-0.1267891	-2.892509	-3.0192919	-0.1267829
BCCDDDCDCCDDBDCDADCAABCABDBACBDCAADDCBCABACBCCABCACBCCCCCBDBADDBBBCBCBBCBACACAACCCBABADBCBAAABBCCBB	['D10C', 'D13B', 'C14D', 'D15C', 'B18D', 'D20A', 'C62D', 'A63D', 'A71B', 'C73B', 'D77C', 'C90B']	12	-1.9343138	-3.6478438	-3.7746773	-0.12683344
AAADDDCDCBADBCCDABCAABCABDBACDDCAADACBCACACBCCABCACBCCCCCBDBADDDBBBBCBBCCACACAACCCBABADCCCAAABBCCBB	['B1A', 'C2A', 'C3A', 'D10B', 'D11A', 'D13B', 'D15C', 'D20A', 'B30D', 'D36A', 'B41C', 'C62D', 'A63D', 'B64D', 'C67B', 'A71B', 'D77C', 'B88C']	18	-1.9362602	-5.6539288	-5.782716	-0.12878704
BCCDDDCDCCDDBCDDABCDABCABDBACBDDAADDCBCABACBCDABCACBCCCCCBDBACDBBBCBCBDCCACADAACCBBABADBCBAAABBCCBB	['D10C', 'D13B', 'C32D', 'C46D', 'A63D', 'A71D', 'C82B', 'C90B']	8	-0.17185831	-2.4333754	-2.563737	-0.13036156
BCCDDDCDCDDDDCDDABCDABCABDBACBDCAACACBCABACBCCABCACBBDCCCBDBACDCBBCBCBBCCACADAACCABABADBCCAAABBCCBB	['D35C', 'D36A', 'C53B', 'C54D', 'A63D', 'B64C', 'A71B', 'C82A']	8	-1.9382405	-4.7516637	-4.882432	-0.1307683
BCCDDDCDCCDDDCDDABCCABCABDBACBDCAACABBCABACBCCABCACBCDCCCBDBACABBBCBCBBCCACADAACCBBABADBCCAAABBCCBB	['D10C', 'D20C', 'D35C', 'D36A', 'C37B', 'C54D', 'A71B', 'C82B']	8	-1.9382601	-4.6005344	-4.7313185	-0.13078403
BCCDDDCDCCADDDDDABCAABCABDBACBDCAADDCBCABACBCCABCACBCCCCCBDBACDBBBCBCBDCBACADABCCCBBBADBABAABBBCCBB	['D10C', 'D11A', 'C14D', 'D20A', 'A63D', 'A71D', 'C73B', 'A79B', 'A84B', 'C89A', 'C90B', 'A93B']	12	-1.9415226	-5.333316	-5.4673634	-0.13404751
BCCDDDCDCCDBDCDDABDDABCABDBACBDCBADDCBCABADBCBABCACBCDCCCBDBADDBBBCBCBBCBACADAACCBBABADBCBAAABBCCBB	['D10C', 'D12B', 'C19D', 'A33B', 'C43D', 'C46B', 'C54D', 'C62D', 'A63D', 'A71B', 'C73B', 'C82B', 'C90B']	13	-0.1354289	-0.8465061	-0.9819279	-0.13542175
BCCDDDCDCCDDDDDDABCDABCABDBACBDCAADDCBCABACBCAAACACBCDCCCCDBCDDBBBCBCBBCCACACAACCBBABADBCBAABBBCCBB	['D10C', 'C14D', 'C46A', 'B48A', 'C54D', 'B58C', 'A61C', 'C62D', 'A63D', 'A71B', 'D77C', 'C82B', 'C90B', 'A93B']	14	0.11215258	-2.1837616	-2.3194885	-0.13572693
BCCDDDCDCCDDBCCDABCCABCABDBACBDCAACACBCACACBCCABCACBCDCCDBDBBCABBBCBCBACCCCADAACCBBABADBCCAAABBCCBB	['D10C', 'D13B', 'D15C', 'D20C', 'D35C', 'D36A', 'B41C', 'C54D', 'C57D', 'A61B', 'A74C', 'C82B']	12	-1.9432831	-3.5151768	-3.6509905	-0.13581371
AAADDDCDCDDDDCDDABCDABCABDBACBDCAADDCBCABACBCBABCACBCDCCCBDBACDBBBCBCBBCCACACAACCBBABADBCBAABBBCCBB	['B1A', 'C2A', 'C3A', 'C46B', 'C54D', 'A63D', 'A71B', 'D77C', 'C82B', 'C90B', 'A93B']	11	-0.13959455	-2.4534187	-2.5930042	-0.1395855
BCCDDDCDCCDDDCDDABCDABCABDBACBDCAADDCBCABACBCDAACACBCCCCCBDBADCBBBCBCBBCCACACAACCBBBBADBCBAABBBCCBA	['D10C', 'C46D', 'B48A', 'C62D', 'A63C', 'A71B', 'D77C', 'C82B', 'A84B', 'C90B', 'A93B', 'B99A']	12	-0.18129349	-4.188444	-4.3282404	-0.13979626
BCCDDDCDCCDDBCDDABCDABCABDBACBDDBADBCBCABACBCDABCACBCCCCCBDBADACBBCBCBACCACCDAACCCABBADBCBAAABBCCBB	['D10C', 'D13B', 'C32D', 'A33B', 'D36B', 'C46D', 'C62D', 'B64C', 'A76C', 'B83A', 'A84B', 'C90B']	12	-0.18275023	-4.308272	-4.4495335	-0.14126158
BCCDDDCDCADBDCDDABCDABCABDBACBDCAADDBBCABACBCBABCACBCDCCCBDBACDBBBCBCBBCCACADAACCBBABADBCBAAABBCCBB	['D10A', 'D12B', 'C37B', 'C46B', 'C54D', 'A63D', 'A71B', 'C82B', 'C90B']	9	-0.14163351	-1.4570751	-1.5986977	-0.14162254
BCCDDDCDCADBDCDCABBCABCDBDBACBDCAADBBBCACACBCBAACACBBDCCCBDBACDCBBCBCBACCACADAACCBBABADBCCAAABBCCBB	['D10A', 'D12B', 'D16C', 'C19B', 'D20C', 'A24D', 'D36B', 'C37B', 'B41C', 'C46B', 'B48A', 'C53B', 'C54D', 'A63D', 'B64C', 'C82B']	16	-0.14287567	-0.514225	-0.65709686	-0.14287186
BCCDDDCDCDDDDCDDABCAABCABDBACBDCAADDCBCABACBCCABCACBCCCCCBDBACDBBBCBABBDBACADAACCABABADBCBAAABBCCBB	['D20A', 'A63D', 'C69A', 'A71B', 'C72D', 'C73B', 'C82A', 'C90B']	8	-1.951499	-4.507971	-4.6519947	-0.1440239
BCCDDDCDCDDDDCDDABCDABCABDBACBDCAACCBBCABACBCCABCACBCDCCCBDBADDBBBCBCBBCCACACAACCABABADBCBAABBBCCBB	['D35C', 'D36C', 'C37B', 'C54D', 'C62D', 'A63D', 'A71B', 'D77C', 'C82A', 'C90B', 'A93B']	11	-1.9521179	-4.3429313	-4.4875755	-0.14464426
BCCDDDCDCDDDDCDDABCDABCABDBACBDDAADDCBCABACBCBABCACBCCCCCBDBACDBBBCBCBBDCACADAACCBBABADBCCAAABBCCBB	['C32D', 'C46B', 'A63D', 'A71B', 'C72D', 'C82B']	6	-0.14545155	-2.9697556	-3.115202	-0.1454463
BCCDDDCDCCDBDCDDABBDABCABDBACBDCAACABBCABACBCDABCACBCDCCCBDBADBBBBCBCBACCACADAACCBBABADBCBAABBCCCBB	['D10C', 'D12B', 'C19B', 'D35C', 'D36A', 'C37B', 'C46D', 'C54D', 'C62D', 'A63B', 'C82B', 'C90B', 'A93B', 'B95C']	14	-1.2971087	-0.19013596	-1.4457502	-0.14864159
BCCDDDCDCCDDDCCDABCDABCABDBACBDCAADDBBCABACBCBABCACBCDCCCBDBACDBBBBBCBBCCACADAACCBBABADBCBAAABBCCBB	['D10C', 'D15C', 'C37B', 'C46B', 'C54D', 'A63D', 'C67B', 'A71B', 'C82B', 'C90B']	10	-0.14887953	-1.6793051	-1.8281727	-0.1488676
BCCDDDCDCCDDDCDDABCDABCABDBACBDCAADDBBCACACBCDABCACBCDCCCBDBADDBBBCBCBCCCACADAACCBBABADBCBAABBCCCBB	['D10C', 'C37B', 'B41C', 'C46D', 'C54D', 'C62D', 'A63D', 'A71C', 'C82B', 'C90B', 'A93B', 'B95C']	12	-0.19296551	-0.2161932	-0.36766243	-0.15146923
BCCDDDCDCDDDDCDDABCDABCABDBACBDDAADDCBCABACBCBABCACBCCCCCBDBACDBBBCBCBBCCACACAACCBBABADBCCAAABBCCBB	['C32D', 'C46B', 'A63D', 'A71B', 'D77C', 'C82B']	6	-0.15194035	-2.8096828	-2.9616156	-0.15193272
BCCDDDCDCCDDDCDDABCCABCABDBACBDDAACACBCABACBCDABCACBCCCCCBDBADDBBBBBCBBDCACADAACCBBABADBCBAAABBCCBB	['D10C', 'D20C', 'C32D', 'D35C', 'D36A', 'C46D', 'C62D', 'A63D', 'C67B', 'A71B', 'C72D', 'C82B', 'C90B']	13	-0.19842577	-1.9323988	-2.0893345	-0.15693569
AAADDDCDCBDDDCDDABCCABCABDBACBDCBACACBCACADBCBABCACBCDCCCBDCADDBBBCBCBBCCACADAACCBBBBADBCBAABBBCCBB	['B1A', 'C2A', 'C3A', 'D10B', 'D20C', 'A33B', 'D35C', 'D36A', 'B41C', 'C43D', 'C46B', 'C54D', 'B60C', 'C62D', 'A63D', 'A71B', 'C82B', 'A84B', 'C90B', 'A93B']	20	-0.15823221	-1.2931685	-1.451395	-0.15822649
BCCDDDCDCCDDDCDDABCDABCABDBACBDCAADDCBCABACBCBABCACBCDCCCBDBACDBBBCBCBBCCACADAACCBBABADBCBAAABBCCBB	['D10C', 'C46B', 'C54D', 'A63D', 'A71B', 'C82B', 'C90B']	7	-0.16020727	-2.355115	-2.5153131	-0.16019821
BCCDDDCDCCDDDCDDABCDABCABDBACBDCAADDCBCABACBCBABCACBCDCCCBDBACDBBBCBCBBCCACADAACCBBABADBCBAAABBCCBB	['D10C', 'C46B', 'C54D', 'A63D', 'A71B', 'C82B', 'C90B']	7	-0.16020727	-2.355115	-2.5153131	-0.16019821
BCCDDDCDCCDDDCDDABCDABCABDBACBDCAADDCBCABACBCBABCACBCDCCCBDBACDBBBCBCBBCCACADAACCBBABADBCBAAABBCCBB	['D10C', 'C46B', 'C54D', 'A63D', 'A71B', 'C82B', 'C90B']	7	-0.16020727	-2.355115	-2.5153131	-0.16019821
BCCDDDCDCCDBDCDDABCDABCABDBACBDCBADDCBCACADBCDABCACBCDDCCBDBADDBBBCBCBBBDACACAACCBBABADBCBAABBCCCBB	['D10C', 'D12B', 'A33B', 'B41C', 'C43D', 'C46D', 'C54D', 'C55D', 'C62D', 'A63D', 'A71B', 'C72B', 'C73D', 'D77C', 'C82B', 'C90B', 'A93B', 'B95C']	18	1.6055708	1.2231607	1.0627575	-0.16040325
AAADDDCDCCDDDCDDADAAABCCBDBACBDCDADAABCABACBCDABCACBCDCCCBDBADDBBBCBABCCBACADAACCCBBBADBCBAACBBCCBB	['B1A', 'C2A', 'C3A', 'D10C', 'B18D', 'C19A', 'D20A', 'A24C', 'A33D', 'D36A', 'C37A', 'C46D', 'C54D', 'C62D', 'A63D', 'C69A', 'A71C', 'C73B', 'A84B', 'C90B', 'A93C']	21	-0.30289793	-0.20514965	-0.4665537	-0.16365576
BCCDDDCDCCDDDCDDABCDABCABDBACBDCAADDCBCABACBCCAACACBCDCCCBDBACABBBCBCBACCACACAACCBBABADBCCAAABBCCBB	['D10C', 'B48A', 'C54D', 'D77C', 'C82B']	5	-1.973094	-5.591561	-5.75718	-0.16561937
BCCDDDCDCDDDDCDDABCDABCABDBACBDCAADDCBCABACBCCABCACBCCCCCBDBADDBBBCBCBACCACADAACCABABADBCBAABBBCCBB	['C62D', 'A63D', 'C82A', 'C90B', 'A93B']	5	-1.9761219	-4.618914	-4.7875624	-0.16864824
BCCDDDCDCBDDDCDDABCDABCABDBACBDCBADDBBCABACBCDABCACBCDCCCBDBACDBBBCBCBBCCCCADAACCCBBBADBCBAABBBCCBB	['D10B', 'A33B', 'C37B', 'C46D', 'C54D', 'A63D', 'A71B', 'A74C', 'A84B', 'C90B', 'A93B']	11	-0.21020222	-3.4228811	-3.5915852	-0.16870403
AAADDDCDCBDDDCDDABDCABCABDBACBDCAACACBCABACBCCABCACBCDCCCBDBADDBBBCBCBDCBACADAACCCBBBADBCBAABBBCCBB	['B1A', 'C2A', 'C3A', 'D10B', 'C19D', 'D20C', 'D35C', 'D36A', 'C54D', 'C62D', 'A63D', 'A71D', 'C73B', 'A84B', 'C90B', 'A93B']	16	-1.978713	-4.575053	-4.7462883	-0.17123508
BCCDDDCDCCDDDCDDABCDABCABDBACBDDAADDABCACACBCDBBCACBCCDCCBDBCCDBBBCBCBCACACACAACCBBABADBCBAAABBCCBB	['D10C', 'C32D', 'C37A', 'B41C', 'C46D', 'A47B', 'C55D', 'A61C', 'A63D', 'A71C', 'C72A', 'D77C', 'C82B', 'C90B']	14	1.5934746	-1.307064	-1.4795685	-0.17250443
AAADDDCDCCDDDCDDABCCABCABDBACBDCBACACBCACACBCDBBCACBBDCCCCDBADDBBBCBCBBCCACADAACCBBABADBCBAABBBCCBB	['B1A', 'C2A', 'C3A', 'D10C', 'D20C', 'A33B', 'D35C', 'D36A', 'B41C', 'C46D', 'A47B', 'C53B', 'C54D', 'B58C', 'C62D', 'A63D', 'A71B', 'C82B', 'C90B', 'A93B']	20	-0.21454668	-0.7992811	-0.97233677	-0.17305565
BCCDDDCDCDDDDCDDABCDABCABDBACBDCAADDBBCABACBCCABCACBCCCCCBDBACCDBBCBCBADCACACAACCBBABADBCCAAABBCCBB	['C37B', 'A63C', 'B64D', 'C72D', 'D77C', 'C82B']	6	-1.9818344	-4.8485794	-5.0229397	-0.17436028
BCCDDDCDCCDDBCDDABCDABCCBDBACBDCBADDCBCABACBCBABCACBCCCCCBDBADDBBBCBCBACBACACAACCDBABADBABAABBBCCBB	['D10C', 'D13B', 'A24C', 'A33B', 'C46B', 'C62D', 'A63D', 'C73B', 'D77C', 'C82D', 'C89A', 'C90B', 'A93B']	13	-0.17827177	-2.9155436	-3.09381	-0.17826653
BCCDDDCDCBDDDDDDABCCABCABDBACBDDAACABBCABADBCDBBCACBCBDCDBDBACBCBBCBCBBACACADAACCBBABADBCCAAABBCCBB	['D10B', 'C14D', 'D20C', 'C32D', 'D35C', 'D36A', 'C37B', 'C43D', 'C46D', 'A47B', 'C54B', 'C55D', 'C57D', 'A63B', 'B64C', 'A71B', 'C72A', 'C82B']	18	1.5876997	0.26158714	0.08330631	-0.17828083
BCCDDDCDCCDDDCDDABCDABCABDBACBDDAADDCBCABACBCDBBCACBCCCCCBDBADDBBBCBCBACCACACAACCDBABADBCCADBBCCCBB	['D10C', 'C32D', 'C46D', 'A47B', 'C62D', 'A63D', 'D77C', 'C82D', 'A92D', 'A93B', 'B95C']	11	-0.22066021	-2.364984	-2.5441513	-0.17916727
AAADDDCDCDDDDCDDABCDABCABDBACBDDAADDBBCABACBCBABCACBCCCCCBDBACDBBBCBCBBCCACADAACCBBABADBCCAAABBCCBB	['B1A', 'C2A', 'C3A', 'C32D', 'C37B', 'C46B', 'A63D', 'A71B', 'C82B']	9	-0.18013477	-2.1145601	-2.2946863	-0.18012619
BCCDDDCDCCDDDCDDABCCABCABDBACBDCAACABBCACACBCDABCACBCDCCCBDBADDBBBCBCBACCCCADAACCBBABADBCBAABBCCCBB	['D10C', 'D20C', 'D35C', 'D36A', 'C37B', 'B41C', 'C46D', 'C54D', 'C62D', 'A63D', 'A74C', 'C82B', 'C90B', 'A93B', 'B95C']	15	-0.30520344	-0.22182274	-0.48552704	-0.1803236
AAADDDCDCBDDBCDDABCCABCABDBACBDCBACACBCABACBCDABCAABBDCCCBDBADABBBCBCBBCACCADAACCCBBBADBABAAABBCCBB	['B1A', 'C2A', 'C3A', 'D10B', 'D13B', 'D20C', 'A33B', 'D35C', 'D36A', 'C46D', 'C51A', 'C53B', 'C54D', 'C62D', 'A71B', 'C73A', 'A74C', 'A84B', 'C89A', 'C90B']	20	-0.22292614	-2.9698477	-3.1512852	-0.18143749
BCCDDDCDCCDDDCCDABCCABCABDBACBDCAACABBCABACBCBABCACBCDCCDBDBADDBBBCBCBACCACADAACCBBACADBCBAABBBCCBB	['D10C', 'D15C', 'D20C', 'D35C', 'D36A', 'C37B', 'C46B', 'C54D', 'C57D', 'C62D', 'A63D', 'C82B', 'B85C', 'C90B', 'A93B']	15	-1.115488	-0.18294525	-1.2984276	-0.18293953
BCCDDDCDCCDDDCDDABCDABCABDBACBDCAADDCBCABACBCBABCACBCDCCCBDBACDBBBCBCBBADACADAACCBBABADBCBAAABBCCBB	['D10C', 'C46B', 'C54D', 'A63D', 'A71B', 'C72A', 'C73D', 'C82B', 'C90B']	9	-0.18481588	-1.7188234	-1.9036303	-0.18480682
BCCDDDCDCCDDDCDDABCDABCABDBACBDCAADDCBCABACBCBABCACBCDCCCBDBADDBBBCBCBBCCACADAACCBBABADBCBAAABBCCBB	['D10C', 'C46B', 'C54D', 'C62D', 'A63D', 'A71B', 'C82B', 'C90B']	8	-0.1850133	-1.9115772	-2.0965824	-0.18500519
BCCDDDCDCCDDDCDDABCDABCABDBACBDCAADDCBCABACBCBABCACBCDCCCBDBADDBBBCBCBBCCACADAACCBBABADBCBAAABBCCBB	['D10C', 'C46B', 'C54D', 'C62D', 'A63D', 'A71B', 'C82B', 'C90B']	8	-0.1850133	-1.9115772	-2.0965824	-0.18500519
BCCDDDCDCCDDDCCDABCAABCABDBACBDCAADDCBCABACBCCABCACBCCCCCCDBACDBBBCBCBACBACADAACCCBABADBCBAAABBCCBB	['D10C', 'D15C', 'D20A', 'B58C', 'A63D', 'C73B', 'C90B']	7	-2.0000134	-4.6315007	-4.8240376	-0.19253683
BCCDDDCDCCDDBCDDABCDABCABDBACBDDBADDCBCABACBCCBBCACBCBCCCBDBADDBBACBBBAADACACAACCCBBBADBABAAABBCCBB	['D10C', 'D13B', 'C32D', 'A33B', 'A47B', 'C54B', 'C62D', 'A63D', 'B66A', 'C69B', 'C72A', 'C73D', 'D77C', 'A84B', 'C89A', 'C90B']	16	-2.0007467	-3.1263294	-3.319601	-0.19327164
BCCDDDCDCCDDDCDDABDCABCABDBACBDCAACACBCABADBCCABCACBCDCCCBDBCDDBBBCBBBCCCACADAACCBBABADBCCAAABBCCBB	['D10C', 'C19D', 'D20C', 'D35C', 'D36A', 'C43D', 'C54D', 'A61C', 'C62D', 'A63D', 'C69B', 'A71C', 'C82B']	13	-2.3064942	-2.002378	-2.5013952	-0.19490099
BCCDDDCDCCDDDCCBABCDABCABDBACBDDAADCCBCACADBCDBBCACBBBDCCBDCACDBBBCBCBBCCACADAACCBBABADBABAABBBCCBB	['D10C', 'D15C', 'D16B', 'C32D', 'D36C', 'B41C', 'C43D', 'C46D', 'A47B', 'C53B', 'C54B', 'C55D', 'B60C', 'A63D', 'A71B', 'C82B', 'C89A', 'C90B', 'A93B']	19	1.5689785	-0.89027405	-1.0872707	-0.19699669
BCCDDDCDCBDDBCDDABDCABCABDBACBDDBACABBCABACBCDBBCACBBBCCCBDBACBBBACBCBBCCCCADAACCCBBBADBABAAABBCCBB	['D10B', 'D13B', 'C19D', 'D20C', 'C32D', 'A33B', 'D35C', 'D36A', 'C37B', 'C46D', 'A47B', 'C53B', 'C54B', 'A63B', 'B66A', 'A71B', 'A74C', 'A84B', 'C89A', 'C90B']	20	-0.2409172	-2.0369954	-2.2364235	-0.19942808
BCCDDDCDCBDDDCDDABCDABCABDBACBDCAADDCBCABADBCDABCACBCDCCCBDBACDCBBCBCBACCACADAACCBBABADBCCAAABBCCBB	['D10B', 'C43D', 'C46D', 'C54D', 'A63D', 'B64C', 'C82B']	7	-0.24393463	-2.078308	-2.2807417	-0.20243359
BCCDDDCDCCDDDCDDABCDABCABDBACBDCAADDCBCABACBCBAACACBCDCCCBDBACDBBBCBCBBCCACACAACCBBBBADBCBAAABBCCBB	['D10C', 'C46B', 'B48A', 'C54D', 'A63D', 'A71B', 'D77C', 'C82B', 'A84B', 'C90B']	10	-0.20299768	-3.5518417	-3.7548304	-0.20298862
BCCDDDCDCCDDDCDDABCCABCDBDBACBDCCACABBCACACBCBAACACBBDDCDBDBACDCBBCBCBACCACADAACCBBABADBCCAAABBCCBB	['D10C', 'D20C', 'A24D', 'A33C', 'D35C', 'D36A', 'C37B', 'B41C', 'C46B', 'B48A', 'C53B', 'C54D', 'C55D', 'C57D', 'A63D', 'B64C', 'C82B']	17	1.603836	-0.35328007	-0.5569124	-0.20363235
BCCDDDCDCCDDBCDDABCBABCABDBACBDCAADACBCABACBCCABCACBCDCCCBDCDDCCBACBCBACCACADAACCABABADBCCAAABBCCBB	['D10C', 'D13B', 'D20B', 'D36A', 'C54D', 'B60C', 'A61D', 'C62D', 'A63C', 'B64C', 'B66A', 'C82A']	12	-2.0111127	-4.863576	-5.067213	-0.20363712
BCCDDDCDCCDDDCDDABCDABCABDBACBDCAADDCBCABACBCCABCACBCBCCCBDBACDBBBCBCBBCBACADAACCCBBBADBCBAAABBCCBB	['D10C', 'C54B', 'A63D', 'A71B', 'C73B', 'A84B', 'C90B']	7	-2.0113592	-5.0010114	-5.204894	-0.2038827
BCCDDDCDCBDDDCDDABCAABCABDBACBDCAAAACBCABACBCCABCACBCDCCCBDBADDBBBCBCBCCBACADAACCCBBCADBCBAAABBCCBB	['D10B', 'D20A', 'D35A', 'D36A', 'C54D', 'C62D', 'A63D', 'A71C', 'C73B', 'A84B', 'B85C', 'C90B']	12	-2.0115685	-4.457266	-4.661356	-0.20409012
BCCDDDCDCCDDBDDDABCCABCABDBACBDCBACACBCACACBCCABCACBBDCCCBDCBDDBBBCBCBBCBACADAACCBBABADBCBAAABBCCBB	['D10C', 'D13B', 'C14D', 'D20C', 'A33B', 'D35C', 'D36A', 'B41C', 'C53B', 'C54D', 'B60C', 'A61B', 'C62D', 'A63D', 'A71B', 'C73B', 'C82B', 'C90B']	18	-2.0143151	-2.9872189	-3.1940632	-0.20684433
BCCDDDCDCCDDBDDDABCCABCABDBACBDCBACACBCACACBCCABCACBBDCCCBDCBDDBBBCBCBBCBACADAACCBBABADBCBAAABBCCBB	['D10C', 'D13B', 'C14D', 'D20C', 'A33B', 'D35C', 'D36A', 'B41C', 'C53B', 'C54D', 'B60C', 'A61B', 'C62D', 'A63D', 'A71B', 'C73B', 'C82B', 'C90B']	18	-2.0143151	-2.9872189	-3.1940632	-0.20684433
BCCDDDCDCCDDBCDDABCDABCABDBACBBCAADACBCABACBCCABCACBCCCCCBDCCDDABBCBCBBACACCDAACCCBABADBCCAABBBCCBB	['D10C', 'D13B', 'D31B', 'D36A', 'B60C', 'A61C', 'C62D', 'A63D', 'B64A', 'A71B', 'C72A', 'A76C', 'A93B']	13	-2.0149188	-4.119388	-4.326832	-0.20744371
BCCDDDCDCCDDDCDDABCDABCABDBACBDCAADDCBCABACBCCABCACBCCCCCBDBADBBBBCCCBBCCACACAACCCBABADBCCAABBBCCBB	['D10C', 'C62D', 'A63B', 'B68C', 'A71B', 'D77C', 'A93B']	7	-2.0152617	-4.8152766	-5.0230637	-0.20778704
BCCDDDCDCCDDDCDDABCDABCABDBACBDCAACDCBCACACBCCABCACBCDCCDBDBACDBBBCBDBACCACACAACCBBABADBCCAAABBCCBB	['D10C', 'D35C', 'B41C', 'C54D', 'C57D', 'A63D', 'C69D', 'D77C', 'C82B']	9	-2.015274	-2.482935	-2.690734	-0.20779896
BCCDDDCDCCDDDCCDABCCABCABDBACBDCAACACBCABACBCCABCACBCDCCCBDBACDBBBCBCBBCCACADAACCCBBBADBCBAAABBCCBB	['D10C', 'D15C', 'D20C', 'D35C', 'D36A', 'C54D', 'A63D', 'A71B', 'A84B', 'C90B']	10	-2.015542	-5.4107685	-5.6188345	-0.20806599
BCCDDDCDCADBDCCDABBCABCABDBACBDCAACABBCABACBCCABCACBCDCCDBDBACABBBCBCBBCCACADAACCBBABADBCCAAABBCCBB	['D10A', 'D12B', 'D15C', 'C19B', 'D20C', 'D35C', 'D36A', 'C37B', 'C54D', 'C57D', 'A71B', 'C82B']	12	-2.0160265	-2.3416977	-2.5502539	-0.20855618
BCCDDDCDCCDCDDDDABCCABCABDBACBDCAACDBBCABACBCCAACACBCDCCCBDBACDBBBCBCBCCCACACAACCBBABADBCCAABBBCCBB	['D10C', 'D12C', 'C14D', 'D20C', 'D35C', 'C37B', 'B48A', 'C54D', 'A63D', 'A71C', 'D77C', 'C82B', 'A93B']	13	-2.016819	-4.336542	-4.5458813	-0.20933914
BCCDDDCDCCDDDCDDABCDABCABDBACBDCAADACBCABACBCCABCACBCCCCCBDCADDBBBCBABBDBACADAACCBBABADBCBAAABBCCBB	['D10C', 'D36A', 'B60C', 'C62D', 'A63D', 'C69A', 'A71B', 'C72D', 'C73B', 'C82B', 'C90B']	11	-2.0198598	-3.750094	-3.9624767	-0.2123828
BCCDDDCDCCDDDCDDABCAABCABDBACBDCAADDCBCABACBCCABCACBCCCCCCDBACABBBCBCBACCACADAACCDBABADBCCAAABBCCBB	['D10C', 'D20A', 'B58C', 'C82D']	4	-2.0263052	-6.3357058	-6.554537	-0.21883106
BCCDDDCDCDDDDCCDABCDABCABDBACBDDAADDBBCABACBCDBBCACBCCCCCBDBACDBBBCBCBACCACADAACCBBABADBCCACBBBCCBB	['D15C', 'C32D', 'C37B', 'C46D', 'A47B', 'A63D', 'C82B', 'A92C', 'A93B']	9	-0.26061153	-2.7631054	-2.9822235	-0.21911812
AAADDDCDCCDDDCDDABCCABCABDBACBDDAACACBCABADBCDBBCACBCDCCCBDCACDBBBCBCBBCCACADAACCBBABADBCBAABBBCCBB	['B1A', 'C2A', 'C3A', 'D10C', 'D20C', 'C32D', 'D35C', 'D36A', 'C43D', 'C46D', 'A47B', 'C54D', 'B60C', 'A63D', 'A71B', 'C82B', 'C90B', 'A93B']	18	-0.26166296	-1.5159364	-1.736104	-0.22016764
BCCDDDCDCCDDDCCDABCBABCABDBACBDCAADACBCABACBCCABCACBCCCCCCDBADDBBBCBCBACBACADAACCCBABADBCBAAABBCCBB	['D10C', 'D15C', 'D20B', 'D36A', 'B58C', 'C62D', 'A63D', 'C73B', 'C90B']	9	-2.0282164	-4.2147307	-4.4354734	-0.2207427
BCCDDDCDCCDDDCDDABCDADCABDBACBDCAADDBBCABACBCCABCACBCCCCCBDBADDBBBCBCBBCCCCACAACCCBABADBCCAABBBCCBB	['D10C', 'B22D', 'C37B', 'C62D', 'A63D', 'A71B', 'A74C', 'D77C', 'A93B']	9	-2.0286345	-4.3917656	-4.6129303	-0.2211647
BCCDDDCDCCDDDCDDABCCABCABDBACBDCBACABBCABACBCDABCACBCADCCBDBADDBBBDBCBBCCCCACAACCABABADBCBADBBBCCBB	['D10C', 'D20C', 'A33B', 'D35C', 'D36A', 'C37B', 'C46D', 'C54A', 'C55D', 'C62D', 'A63D', 'C67D', 'A71B', 'A74C', 'D77C', 'C82A', 'C90B', 'A92D', 'A93B']	19	1.5439601	-1.0508871	-1.2729034	-0.22201633
BCCDDDCDCCACDDDDABCDABCDBDBACBDCAACCABCACACBCCABCACBCCCCCBDBCCDBBBCBCBCDCACADAACCCBBBADBCCAABBBCCBB	['D10C', 'D11A', 'D12C', 'C14D', 'A24D', 'D35C', 'D36C', 'C37A', 'B41C', 'A61C', 'A63D', 'A71C', 'C72D', 'A84B', 'A93B']	15	-2.0298448	-4.494126	-4.7164946	-0.22236872
BCCDDDCDCDDDDCDDABCDABCABDBACBDDAADDABCABACBCDABCACBCCCCCBDBACDBBBCBCBBCCACADAACCBBABADBCCAAABBCCBB	['C32D', 'C37A', 'C46D', 'A63D', 'A71B', 'C82B']	6	-0.26667404	-3.2670813	-3.4922543	-0.225173
BCCDDDCDCCDDDCCCABCDABCABDBACBDCAADDABCABACBCCAACACBCCCCCBDBACCBBBCBCBACCACADAACCBBABADBCCAABBBCCBB	['D10C', 'D15C', 'D16C', 'C37A', 'B48A', 'A63C', 'C82B', 'A93B']	8	-2.0341277	-5.988936	-6.2155886	-0.22665262
BCCDDDCDCCDDDCDDABCDABCABDBACBDCAADDCBCABACBCCABCACBCBCCCBDBACDBBBCBCBBCBACACAACCCBBBADBCBAAABBCCBB	['D10C', 'C54B', 'A63D', 'A71B', 'C73B', 'D77C', 'A84B', 'C90B']	8	-2.0365086	-4.918185	-5.147216	-0.22903061
BCCDDDCDCCADDCCDABAAABCABDBACBDCAABACBCABACBCDABCCCBCDDCCCDBADDBBBCBCBBDBACADAACCBBACADBABAAABBCCBB	['D10C', 'D11A', 'D15C', 'C19A', 'D20A', 'D35B', 'D36A', 'C46D', 'A50C', 'C54D', 'C55D', 'B58C', 'C62D', 'A63D', 'A71B', 'C72D', 'C73B', 'C82B', 'B85C', 'C89A', 'C90B']	21	1.5365806	-0.48934746	-0.7187443	-0.22939682
BCCDDDCDCCDDDCDDABCCABCABDBACBDCAACABBCABADBCCAACACBCDCCCBDBACDBBBCBCBDCCACADAACCBBABADBCBAABBBCCBB	['D10C', 'D20C', 'D35C', 'D36A', 'C37B', 'C43D', 'B48A', 'C54D', 'A63D', 'A71D', 'C82B', 'C90B', 'A93B']	13	-2.0372634	-4.42264	-4.6524267	-0.22978687
BCCDDDCDCCADBCDDABCAABCABDBACBDCAADACBCABACBCCABCACBCDCCCBDBADDBBBCBCBBCDACADAACCCBBBADBCBAAABBCCBB	['D10C', 'D11A', 'D13B', 'D20A', 'D36A', 'C54D', 'C62D', 'A63D', 'A71B', 'C73D', 'A84B', 'C90B']	12	-2.0413408	-4.259636	-4.493499	-0.23386288
BCCDDDCDCCDDDCDDABCDABCABDBACBDCAACACBCABACBCCAACACBCDCCCCDCADDBBBCBBBBCCACACAACCABBBADBCCAACBBCCBB	['D10C', 'D35C', 'D36A', 'B48A', 'C54D', 'B58C', 'B60C', 'C62D', 'A63D', 'C69B', 'A71B', 'D77C', 'C82A', 'A84B', 'A93C']	15	-2.041338	-4.5091486	-4.7430124	-0.23386383
BCCDDDCDCDDDDCDDABBDABCABDBACBDCAADDCBCACACBCCABCACBCDCCCBDBADACBBCBCBACCACACAACCBBABADBCCAAABBCCBB	['C19B', 'B41C', 'C54D', 'C62D', 'B64C', 'D77C', 'C82B']	7	-2.0445528	-3.8133426	-4.05042	-0.23707724
BCCDDDCDCCDDDCDDABCCABCABDBACBDCAACACBCABADBCCBACACBBDCCCBDBADDBBACBCBBCCACADAACCABBBADBCCACABBCCBB	['D10C', 'D20C', 'D35C', 'D36A', 'C43D', 'A47B', 'B48A', 'C53B', 'C54D', 'C62D', 'A63D', 'B66A', 'A71B', 'C82A', 'A84B', 'A92C']	16	-2.0464015	-4.40548	-4.644412	-0.23893213
BCCDDDCDCBDDDCDDABCDABCDBDBACBDCAACDCBCABACBCCABCACBCCCCDBDBACDBBBCBCCACCACADAACCCBABADBCCAAABBCCBB	['D10B', 'A24D', 'D35C', 'C57D', 'A63D', 'B70C']	6	-2.0465732	-3.473146	-3.712243	-0.23909712
AAADDACDCCDDDCDDABCDABCABDBACBDCAADDCBCACACBCDABCACBCBCCCBDCADDBBBCBCBBCCACCCAACCABABADBCCAABBBCCBB	['B1A', 'C2A', 'C3A', 'D6A', 'D10C', 'B41C', 'C46D', 'C54B', 'B60C', 'C62D', 'A63D', 'A71B', 'A76C', 'D77C', 'C82A', 'A93B']	16	-0.28366184	-1.3662949	-1.6084623	-0.24216747
BCCDDDCDCCDDDCDDABBAABCABDBACBDCAACDCBCABACBCCABCACBCDCCCBDBACDCBBBBABDCDACADABCCCBBBADBCBAABBBCCBB	['D10C', 'C19B', 'D20A', 'D35C', 'C54D', 'A63D', 'B64C', 'C67B', 'C69A', 'A71D', 'C73D', 'A79B', 'A84B', 'C90B', 'A93B']	15	-2.0499945	-4.507215	-4.749737	-0.24252176
BCCDDDCDCCDBDCDDABBAABCABDBACBDCBACCABCABACBCCABCACBCBCCCBDBADDCBBCBCBACCCCACAACCCBABADBCBAABBBCCBB	['D10C', 'D12B', 'C19B', 'D20A', 'A33B', 'D35C', 'D36C', 'C37A', 'C54B', 'C62D', 'A63D', 'B64C', 'A74C', 'D77C', 'C90B', 'A93B']	16	-2.050599	-4.2598324	-4.5029554	-0.24312305
BCCDDDCDCADABCCDAACDABCABDBACBDCBADBCBCABACBACABCACBBDCCCBDBADDBBBCBCBADCACADAACCABABADBCCAAABBCCBB	['D10A', 'D12A', 'D13B', 'D15C', 'B18A', 'A33B', 'D36B', 'C45A', 'C53B', 'C54D', 'C62D', 'A63D', 'C72D', 'C82A']	14	-2.051188	-4.147732	-4.391447	-0.24371529
BCCDDDCDCDDDDCDDABCDABCABDBACBDCAADDCBCABACBCCABCACBCCDCDBDBACDBBBCBCBACCACADAACCBBABADBCCAAABBCCBB	['C55D', 'C57D', 'A63D', 'C82B']	4	-0.2443943	-3.2295437	-3.4739313	-0.24438763
BCCDDDCDCCDDDCDDABBDABCDBDBACBDCAADDCBBABACBCDABCACBCCCCCCDBADDCBBBBCBADCACADAACCCBABADBCCAABBBCCBB	['D10C', 'C19B', 'A24D', 'C39B', 'C46D', 'B58C', 'C62D', 'A63D', 'B64C', 'C67B', 'C72D', 'A93B']	12	-0.2877965	-2.9114513	-3.157755	-0.24630356
BCCDDDCDCADDDCCDABCAABCABDBACBDCAACACBCACACBCCABCACBBCCCCBDCADDBBACBBBBCCACADAACCBBABADBCBAAABBCCBB	['D10A', 'D15C', 'D20A', 'D35C', 'D36A', 'B41C', 'C53B', 'B60C', 'C62D', 'A63D', 'B66A', 'C69B', 'A71B', 'C82B', 'C90B']	15	-2.0559688	-2.055231	-2.3037262	-0.24775743
BCCDDDCDCDDDBCDDABCDABCABDBACBDCBADDCBCABADBCCABCACBCDCCCBDCACDCBBCBCBACCACACAACCABABADBCCAAABBCCBB	['D13B', 'A33B', 'C43D', 'C54D', 'B60C', 'A63D', 'B64C', 'D77C', 'C82A']	9	-2.05681	-4.0572743	-4.3066053	-0.249331
AAADDDCDCCDDDCCDABBCABCABDBACBDCAADDCBCABACBCBABCACBCCCCCCDBACDBBBCBCBACCACADAACCBBABADBCBAAABBCCBB	['B1A', 'C2A', 'C3A', 'D10C', 'D15C', 'C19B', 'D20C', 'C46B', 'B58C', 'A63D', 'C82B', 'C90B']	12	-0.254313	-1.3322897	-1.5865974	-0.25430775
AAADDDCDCCDDDCDDABCDABCABDBACBDCAACABBCABACBCCABCACBCACCCBDBACBBBBCBCBBCCACADAACCBBABADBCCAABBBCCBB	['B1A', 'C2A', 'C3A', 'D10C', 'D35C', 'D36A', 'C37B', 'C54A', 'A63B', 'A71B', 'C82B', 'A93B']	12	-2.0624428	-4.1695485	-4.4245157	-0.2549672
BCCDDDCDCBACDCCDABBAABCABDBACBDCAADDCBCABACBCDABCACBCCCCCCDBADDBBBCBCBCCCACACAACCCBBBADBCBACBBBCCBB	['D10B', 'D11A', 'D12C', 'D15C', 'C19B', 'D20A', 'C46D', 'B58C', 'C62D', 'A63D', 'A71C', 'D77C', 'A84B', 'C90B', 'A92C', 'A93B']	16	-0.29646587	-2.536604	-2.7915735	-0.2549696
AAADDDCDCDDDBCDDABBDABCABDBACBDCBADDCBCABACBCCABCACBCDCCCBDBACACBBCBCCACCACACAACCBBABADBCCAAABBCCBB	['B1A', 'C2A', 'C3A', 'D13B', 'C19B', 'A33B', 'C54D', 'B64C', 'B70C', 'D77C', 'C82B']	11	-2.0655365	-4.3423643	-4.600425	-0.25806046
AAADDDCDCCDDBCCDABCDABCABDBACBDDBADDCBCACADBCDBBCACBCACCCCDAADBBBBCBCBBCCACADAACCBBABADBABAAABBCCBB	['B1A', 'C2A', 'C3A', 'D10C', 'D13B', 'D15C', 'C32D', 'A33B', 'B41C', 'C43D', 'C46D', 'A47B', 'C54A', 'B58C', 'B60A', 'C62D', 'A63B', 'A71B', 'C82B', 'C89A', 'C90B']	21	-0.30086946	-1.0500169	-1.3093939	-0.259377
AAADDDCDCCDDDCDDABCDABCABDBACBDDAADDCBCABACBCDBBCACBCCCCCBDBACDBBBCBCBCCCACACAACCBBABADBCCAABBBCCBB	['B1A', 'C2A', 'C3A', 'D10C', 'C32D', 'C46D', 'A47B', 'A63D', 'A71C', 'D77C', 'C82B', 'A93B']	12	-0.30295992	-2.1449194	-2.4063845	-0.26146507
AAADDDCDCCDBDCDDABCDABCABDBACBDCAACDABCACACBCCABCACBCCCCCBDBACDBBBCBCBACCACADAACCBBABADBCCAAABBCCBB	['B1A', 'C2A', 'C3A', 'D10C', 'D12B', 'D35C', 'C37A', 'B41C', 'A63D', 'C82B']	10	-2.06954	-3.6562238	-3.9182844	-0.26206064
BCCDDDCDCDDDDCDDABDDABCABDBACBDCCADDABAACACBCCABCACBCBCCCBDBACDBBBCBCBACCACADAACCDBABADBCCAABBBCCBB	['C19D', 'A33C', 'C37A', 'C39A', 'B41C', 'C54B', 'A63D', 'C82D', 'A93B']	9	-2.0701709	-5.4478908	-5.7105846	-0.26269388
BCCDDDCDCDDDDCDDABCDABCABDBACBDCAADDABCABACBCCABCACBCCCCCBDBACACBBCBCBACCACACAACCBBABADBCCAAABBCCBB	['C37A', 'B64C', 'D77C', 'C82B']	4	-2.071928	-5.51392	-5.7783766	-0.26445675
BCCBDDCDCBDDDCDDABBDABCABDBACBDCBACBABCABACBCDABCACBCDCCCCDBADDBBABBABBBBACACAACCCBBCADBCBAAABACCBB	['D4B', 'D10B', 'C19B', 'A33B', 'D35C', 'D36B', 'C37A', 'C46D', 'C54D', 'B58C', 'C62D', 'A63D', 'B66A', 'C67B', 'C69A', 'A71B', 'C72B', 'C73B', 'D77C', 'A84B', 'B85C', 'C90B', 'B95A']	23	-0.30621386	-1.7777333	-2.0424528	-0.2647195
AAADDDCDCBDDDDCDABCAABCDBDBACBDCAACACBCABACBCDABCACBCDDCCBDBADDBBBCBCBDCBACADAACCCBBBADBCBAABBBCCBB	['B1A', 'C2A', 'C3A', 'D10B', 'C14D', 'D15C', 'D20A', 'A24D', 'D35C', 'D36A', 'C46D', 'C54D', 'C55D', 'C62D', 'A63D', 'A71D', 'C73B', 'A84B', 'C90B', 'A93B']	20	1.4998398	-2.5513954	-2.8175354	-0.26613998
BCCDDDCDCDDDDCCDABCDABCABDBACBDDAADACBCABACBCBABCACBCCCCCBDBACDBBBCBCBBCCACADAACCBBABADBCCAAABBCCBB	['D15C', 'C32D', 'D36A', 'C46B', 'A63D', 'A71B', 'C82B']	7	-0.26943588	-3.1619554	-3.4313822	-0.26942682
BCCDDDCDCCDDDCDDABBDABCABDBACBDDAADDCBCABACBCDABCACBBDCCCBDBACABBBCBCBBCCACADAACCBBABADBACAAABBCCBB	['D10C', 'C19B', 'C32D', 'C46D', 'C53B', 'C54D', 'A71B', 'C82B', 'C89A']	9	-0.31291866	-2.4663286	-2.7377567	-0.2714281
BCCDDDCDCCDBBCCDABCAABCABDBACBDCAADDCBCABACBCCAACACBCACCCBDBACDBBBCBCBDDCACACACCCABABADBCCACABBCCBB	['D10C', 'D12B', 'D13B', 'D15C', 'D20A', 'B48A', 'C54A', 'A63D', 'A71D', 'C72D', 'D77C', 'A79C', 'C82A', 'A92C']	14	-2.0797467	-4.78284	-5.0551167	-0.27227688
BCCDDDCDCDDDDCCDABCDABCABDBACBDCAACDBBCABACBCCABCACBCCCCCBDBACDBBBCBCBACCACADAACCBBABADBCCAAABBCCBB	['D15C', 'D35C', 'C37B', 'A63D', 'C82B']	5	-2.080173	-4.242831	-4.5155306	-0.27269936
BCCDDDCDCCDDDCDDABCAABCABDBACBDCAADACBCACABBCCABCACBCCCCCBDBADDBBBCBCBBACBCADAACCCBABADBCBAABBBCCBB	['D10C', 'D20A', 'D36A', 'B41C', 'C43B', 'C62D', 'A63D', 'A71B', 'C72A', 'A74B', 'C90B', 'A93B']	12	-2.0820851	-4.745735	-5.0203447	-0.27460957
BCCDDDCDCCDDDCDDABCAABCABDBACBDCAADACBCABACBCBABCACBBDCCCBDBADDBBBCBCBBCCACACAACCBBBCADBCCAAABBCCBB	['D10C', 'D20A', 'D36A', 'C46B', 'C53B', 'C54D', 'C62D', 'A63D', 'A71B', 'D77C', 'C82B', 'A84B', 'B85C']	13	-0.2746806	-1.8858066	-2.1604853	-0.2746787
BCCDDDCDCCDDDCCDABCCABCABDBACBDCAACABBCABACBCBABCACBCDCCDBDBADDBBBCBCBBCCACADAACCBBACADBCBAABBBCCBB	['D10C', 'D15C', 'D20C', 'D35C', 'D36A', 'C37B', 'C46B', 'C54D', 'C57D', 'C62D', 'A63D', 'A71B', 'C82B', 'B85C', 'C90B', 'A93B']	16	-0.6025696	-0.27603912	-0.87860394	-0.27603436
BCCDDDCDCCDDDCDDABCDABCABDBACDDCAADACBCABACBCCABCACBCCCCCBDBADDBBBCBCBACCACADAACCBBABADBCCAABBBCCBB	['D10C', 'B30D', 'D36A', 'C62D', 'A63D', 'C82B', 'A93B']	7	-2.084218	-5.747259	-6.024002	-0.27674294
BCCDDDCDCCDDDCDDABCDABCABDBACBDCAADDCBCABACBCCABCACBCCCCCBDBACDBBBCBCBBCCACADAACCCBBBADBCBAAABBCCBB	['D10C', 'A63D', 'A71B', 'A84B', 'C90B']	5	-2.0882235	-5.502407	-5.7831545	-0.2807474
BCCDDDCDCCDDDCDDABCDABCABDBACBDCAADDCBCACACBCCABCACBCBCCCCDBACCBDBCBCBADCACACAACCABABADBCCAAABBCCBB	['D10C', 'B41C', 'C54B', 'B58C', 'A63C', 'B65D', 'C72D', 'D77C', 'C82A']	9	-2.0901256	-4.6296253	-4.9122763	-0.28265095
BCCDDDCDCCDDDCDDABCDABCABDBACBDCAADDCBCABACBCCABCACBCCCCCCDCADCBBBCBCBBCBCCACAACCCBABADBCBAAABBCCBB	['D10C', 'B58C', 'B60C', 'C62D', 'A63C', 'A71B', 'C73B', 'A74C', 'D77C', 'C90B']	10	-2.094717	-4.3028975	-4.5901413	-0.28724384
BCCDDDCDCDDDDCCDABCDABCABDBACBDCAADDCBCABACBCBABCACBCDCCCBDBACDCBBCBCBACCACACAACCBBABADBCBAAABBCCBB	['D15C', 'C46B', 'C54D', 'A63D', 'B64C', 'D77C', 'C82B', 'C90B']	8	-0.2884164	-2.4625068	-2.7509146	-0.2884078
BCCDDDCDCDDDDCDDABCDABCABDBACBDDAADACBCABACBCDABCACBCCCCCBDBACDBBBCBCBBCCACADAACCBBABADBCCAABBBCCBB	['C32D', 'D36A', 'C46D', 'A63D', 'A71B', 'C82B', 'A93B']	7	-0.3300333	-3.5760393	-3.8645725	-0.2885332
BCCDDDCDCCDDDCDDABCDABCABDBACBDCBADDCBCABACBCDABCACBCDCCDBDBADDBBBCBCBCABACACAACCBBABADBCBAABBBCCBB	['D10C', 'A33B', 'C46D', 'C54D', 'C57D', 'C62D', 'A63D', 'A71C', 'C72A', 'C73B', 'D77C', 'C82B', 'C90B', 'A93B']	14	-0.3660102	-0.3300314	-0.65454674	-0.28853655
BCCDDDCDCBDDDCDDABCDABCABDBACBDCAACDABCACACBCDABCACBCDCCDBDBACDBBBCBCBBCCACADAACCBBABADBCBAABBBCCBB	['D10B', 'D35C', 'C37A', 'B41C', 'C46D', 'C54D', 'C57D', 'A63D', 'A71B', 'C82B', 'C90B', 'A93B']	12	-0.33034372	-1.3654003	-1.6542482	-0.28884792
BCCDDDCDCCDDDCDDABCDABCABDBACBDCAADDCBCABACBCCAACACBCACCCBDCADDBBBCBCBBCCACACAACCBBABADBCCAAABBCCBB	['D10C', 'B48A', 'C54A', 'B60C', 'C62D', 'A63D', 'A71B', 'D77C', 'C82B']	9	-2.0973282	-4.632797	-4.922653	-0.28985643
BCCDDDCDCCDDDCDDABCDABCABDBACBDCAADDCBCABACBBCABCACBCCCCCBDBACDBBBCBCBBCDACADAACCBBABADBCBAABBBCCBB	['D10C', 'C45B', 'A63D', 'A71B', 'C73D', 'C82B', 'C90B', 'A93B']	8	-2.0980277	-5.007016	-5.2975664	-0.29055023
BCCDDDCDCADDBCDDABCCABCABDBACBDCBACABBCABACBCBABCACBCDCCCCDCADDBBBCBCBBBBACADAACCBBABADBCBAAABBCCBB	['D10A', 'D13B', 'D20C', 'A33B', 'D35C', 'D36A', 'C37B', 'C46B', 'C54D', 'B58C', 'B60C', 'C62D', 'A63D', 'A71B', 'C72B', 'C73B', 'C82B', 'C90B']	18	-0.8394351	-0.29067898	-1.1301126	-0.29067755
BCCDDDCDCDDDDCDDABCDABCABDBACBDCAADDCBCABACBCBABCACBCDCCCBDBACDBBBCBCBBCCACACAACCBBABADBCBAABBBCCBB	['C46B', 'C54D', 'A63D', 'A71B', 'D77C', 'C82B', 'C90B', 'A93B']	8	-0.29336023	-2.850092	-3.1434393	-0.29334736
BCCDDDCDCDDDDCDDABCDABCABDBACBDCAADDCBCABACBCBABCACBCDCCCBDBACDBBBCBCBBCCACACAACCBBABADBCBAABBBCCBB	['C46B', 'C54D', 'A63D', 'A71B', 'D77C', 'C82B', 'C90B', 'A93B']	8	-0.29336023	-2.850092	-3.1434393	-0.29334736
BCCDDDCDCDDDDCDDABCDABCABDBACBDCAADDCBCABACBCBABCACBCDCCCBDBACDBBBCBCBBCCACACAACCBBABADBCBAABBBCCBB	['C46B', 'C54D', 'A63D', 'A71B', 'D77C', 'C82B', 'C90B', 'A93B']	8	-0.29336023	-2.850092	-3.1434393	-0.29334736
BCCDDDCDCDDDDCDDABCCABCBBDBACBDCAADDBBCABACBCCABCACBCCCCCBDBACCBBBCBCBBCCACADAACCCBABADBCCAABBBCCBB	['D20C', 'A24B', 'C37B', 'A63C', 'A71B', 'A93B']	6	-2.1014233	-5.5439496	-5.8378954	-0.2939458
AAADDDCDCDDDDCDDABBDABCDBDBACBDCBACACBCABACBCBABCACBCDCCDBDBADDBBBCBCBDCCACADAACCBBABADBCCAABBBCCBB	['B1A', 'C2A', 'C3A', 'C19B', 'A24D', 'A33B', 'D35C', 'D36A', 'C46B', 'C54D', 'C57D', 'C62D', 'A63D', 'A71D', 'C82B', 'A93B']	16	-0.30564976	-0.2946725	-0.6003189	-0.29466915
AAADDDCDCBDDDCCDABAAABCABDBACBDCAAABABAABACBCBABCACBCCDCCBDBBDDBBBBBCBCAACCADAACCCBABADBCBADABBCCBB	['B1A', 'C2A', 'C3A', 'D10B', 'D15C', 'C19A', 'D20A', 'D35A', 'D36B', 'C37A', 'C39A', 'C46B', 'C55D', 'A61B', 'C62D', 'A63D', 'C67B', 'A71C', 'C72A', 'C73A', 'A74C', 'C90B', 'A92D']	23	1.5126987	-0.9208946	-1.215662	-0.29476738
BCCDDDCBCCDDBCDDABCBABCABDBACBDCAADACBCABACBCCAACACBCCCCCBDBACDCBBCBBBACCACADAACCBBABADBCCAAABBCCBB	['D8B', 'D10C', 'D13B', 'D20B', 'D36A', 'B48A', 'A63D', 'B64C', 'C69B', 'C82B']	10	-2.1032429	-4.6136084	-4.909374	-0.29576588
AAADDDDDCCDDDCDDABCCABCABDBACBDCBACABBCABADBCCAACACBCACCCBDBADDCBBCBCBBCCACADAACCBBACADBCCAABBBCCBB	['B1A', 'C2A', 'C3A', 'C7D', 'D10C', 'D20C', 'A33B', 'D35C', 'D36A', 'C37B', 'C43D', 'B48A', 'C54A', 'C62D', 'A63D', 'B64C', 'A71B', 'C82B', 'B85C', 'A93B']	20	-2.1063628	-4.1376777	-4.4365683	-0.2988906
BCCDDDCDCBDDBCDDACCAABCABDBACBDCAADDCBCABACBCCABCACBCCCCCBDBACDBBBCBCBBDCACACAACCCBABADBCBAAABBCCBB	['D10B', 'D13B', 'B18C', 'D20A', 'A63D', 'A71B', 'C72D', 'D77C', 'C90B']	9	-2.1067038	-4.7398367	-5.0390596	-0.29922295
BCCDDDCDCCDDDCDDABCDABCABDBACBDCAADBBBCABACBCCABCACBCDCCDBDBADDBBBCBCBBCCACADAACCCABBADBCBAABBBCCBB	['D10C', 'D36B', 'C37B', 'C54D', 'C57D', 'C62D', 'A63D', 'A71B', 'B83A', 'A84B', 'C90B', 'A93B']	12	-2.1088495	-4.389304	-4.6906776	-0.30137348
BCCDDDCDCCDDBCDDABCBABCABBBACBDCAADACBCABACBCCAACACBCCCCCBDBACDCBBCBBBACCACADAACCBBABADBCCAAABBCCBB	['D10C', 'D13B', 'D20B', 'D26B', 'D36A', 'B48A', 'A63D', 'B64C', 'C69B', 'C82B']	10	-2.1091404	-4.6095057	-4.91117	-0.30166435
BCCDDDCDCBDBDCDDABDAABCABDBACDDCAACACBCABACBCCABCACBCCCCCBDBACACBBCBCBBCCACADAACCCBABADCCCAAABDCCBB	['D10B', 'D12B', 'C19D', 'D20A', 'B30D', 'D35C', 'D36A', 'B64C', 'A71B', 'B88C', 'B95D']	11	-2.109857	-8.03141	-8.333796	-0.30238533
BCCDDDCDCDDDBCDDABCAABCABDBACBDCAADACBCABACBCCABCACBCCCCCBDBADDCBBCBCBACCCCADAACCCBBBADBCBAAABBCCBB	['D13B', 'D20A', 'D36A', 'C62D', 'A63D', 'B64C', 'A74C', 'A84B', 'C90B']	9	-2.1099272	-5.282897	-5.585351	-0.302454
BCCDDDCDCDDDDCDDABCDABCABDBACBDDAADDCBCABACBCBABCACBCCDCCBDBACBBBBCBCBBCCACADAACCBBABADBCCAAABBCCBB	['C32D', 'C46B', 'C55D', 'A63B', 'A71B', 'C82B']	6	1.5004616	-2.6644301	-2.9714317	-0.3070016
BCCDDDCDCCDDDCCDABCDABCABDBACBDCAADACBCABACBCCAACACBCDCCCBDBADABBBCBCBACCACADAACCBBABADBCCAAABBCCBB	['D10C', 'D15C', 'D36A', 'B48A', 'C54D', 'C62D', 'C82B']	7	-2.115399	-5.5002975	-5.8082237	-0.30792618
BCCDDDCDCCDDDCCDABCDABCABDBACBDCAADACBCABACBCCAACACBCDCCCBDBADABBBCBCBACCACADAACCBBABADBCCAAABBCCBB	['D10C', 'D15C', 'D36A', 'B48A', 'C54D', 'C62D', 'C82B']	7	-2.115399	-5.5002975	-5.8082237	-0.30792618
BCCDDDCDCCDDDCCDABCDABCABDBACBDCAADACBCABACBCCAACACBCDCCCBDBADABBBCBCBACCACADAACCBBABADBCCAAABBCCBB	['D10C', 'D15C', 'D36A', 'B48A', 'C54D', 'C62D', 'C82B']	7	-2.115399	-5.5002975	-5.8082237	-0.30792618
AAADDDCDCCDDDCDDABCDABCABDBACBDCAADDCBCABACBCCABCACBCCCCDBDBADDBBBCBCBABAACACAACCCBBBADBCBAABBBCCBB	['B1A', 'C2A', 'C3A', 'D10C', 'C57D', 'C62D', 'A63D', 'C72B', 'C73A', 'D77C', 'A84B', 'C90B', 'A93B']	13	-2.117463	-2.2974367	-2.6074219	-0.30998516
AAADDDCDCCABCCCDABBAABCABDBACBDCAADACBCABACBCBABCACBCDDCDBDBADDBBBBBCBBCBACADAACCBBACADBCBAAABBCCBB	['B1A', 'C2A', 'C3A', 'D10C', 'D11A', 'D12B', 'D13C', 'D15C', 'C19B', 'D20A', 'D36A', 'C46B', 'C54D', 'C55D', 'C57D', 'C62D', 'A63D', 'C67B', 'A71B', 'C73B', 'C82B', 'B85C', 'C90B']	23	1.2635584	1.4965582	0.95265293	-0.31090546
BCCDDDCDCDDDDCDDABCDABCABDBACBDCAADDBBCABACBCCAACACBCDCCCBDBACBBBBCBCBACCACACAACCBBABADBCCAAABBCCBB	['C37B', 'B48A', 'C54D', 'A63B', 'D77C', 'C82B']	6	-2.1192393	-4.599437	-4.9112053	-0.31176805
BCCDDDCDCDDDDCDDABCDABCABDBACBDCAADDBBCABACBCCAACACBCDCCCBDBACBBBBCBCBACCACACAACCBBABADBCCAAABBCCBB	['C37B', 'B48A', 'C54D', 'A63B', 'D77C', 'C82B']	6	-2.1192393	-4.599437	-4.9112053	-0.31176805
BCCDDDCDCCDDDCDDAACCABCABDBACBDCCACAABCABACBCCABCACBCDCCCBDCACDBBBCBCBACCACADAACCABABADBDCAABBBCCBB	['D10C', 'B18A', 'D20C', 'A33C', 'D35C', 'D36A', 'C37A', 'C54D', 'B60C', 'A63D', 'C82A', 'C89D', 'A93B']	13	-2.1221986	-5.55988	-5.8746033	-0.3147235
BCCDDDCDCADDBCDDABCCABCABDBACDDCCACACBCABACBCCABCACBCDCCCBDBACDBBBCBCBCCCCCADAACCCBABADCCBAAABBCCBB	['D10A', 'D13B', 'D20C', 'B30D', 'A33C', 'D35C', 'D36A', 'C54D', 'A63D', 'A71C', 'A74C', 'B88C', 'C90B']	13	-2.123489	-6.2390084	-6.5550194	-0.31601095
BCCDDDCDCDDDDCCDABCCABCABDBACBDDAACABBCABACBCDABCACBCCDCDBDBACDBBBCBCBBCCACADAACCBBABADBABAABBBCCBB	['D15C', 'D20C', 'C32D', 'D35C', 'D36A', 'C37B', 'C46D', 'C55D', 'C57D', 'A63D', 'A71B', 'C82B', 'C89A', 'C90B', 'A93B']	15	1.446516	-1.5464358	-1.8658962	-0.3194604
BCCDDDCDCCDDDCDDABBDABCABDBACBDCAACDBBCABACBCCABCACBCDCCCBDBACDBBBCBCBBCDACADAACCABABADBCBAAABBCCBB	['D10C', 'C19B', 'D35C', 'C37B', 'C54D', 'A63D', 'A71B', 'C73D', 'C82A', 'C90B']	10	-2.130764	-3.171307	-3.4945946	-0.3232875
BCCDDDCDCDDDDCDDABCDABCABDBACBDDAADDCBCABACBCDABCACBCCCCCBDBACABBBCBCBBCCACADAACCBBAAADBCCAAABBCCBB	['C32D', 'C46D', 'A71B', 'C82B', 'B85A']	5	-0.36528063	-3.6084208	-3.9322023	-0.3237815
BCCDDDCDCDDDDCDDABCDABCABDBACBDCAADDCBCACACBCCABCACBCCCCCBDBACACBBCBCBACCACADAACCBBABADBCCAAABBCCBB	['B41C', 'B64C', 'C82B']	3	-2.131257	-4.845798	-5.1695824	-0.32378435
BCCDDDCDCBDDDCDDABCDABCABDBACBDCAADABBCABACBCCABCACBCCCCCBDCADDBBBCBDBACCACADAACCBBABADBCCAAABBCCBB	['D10B', 'D36A', 'C37B', 'B60C', 'C62D', 'A63D', 'C69D', 'C82B']	8	-2.131967	-3.7355685	-4.0600586	-0.32449007
BCCDDDCDCADDBCDDABCDABCABDBACDDCAADDCBCABACBCCABCACBCDCCDBDBADDBBBBBCBCACACACAACCCBABADCCBAABBBCCBB	['D10A', 'D13B', 'B30D', 'C54D', 'C57D', 'C62D', 'A63D', 'C67B', 'A71C', 'C72A', 'D77C', 'B88C', 'C90B', 'A93B']	14	-2.1323152	-4.4430585	-4.7678967	-0.32483816
BCCDDDCDCCDDDCDDABCDABCABDBACBDCAADDABCACACBCDABCACBCDCCCBDBADDBBBCBCBBCCACACAACCBBABADBCBAABBBCCBB	['D10C', 'C37A', 'B41C', 'C46D', 'C54D', 'C62D', 'A63D', 'A71B', 'D77C', 'C82B', 'C90B', 'A93B']	12	-0.3703122	-2.153099	-2.4819126	-0.32881355
BCCDDDCDCDDDDCDDABCDABCABDBACBDCAACDCBCABACBCCABCACBCCCCCBDBACDBBBCBCBACCACADAACCBBABADBCCAAABBCCBB	['D35C', 'A63D', 'C82B']	3	-2.1377616	-4.629052	-4.9593363	-0.33028412
BCCDDDCDCCDDDDDDABCDABCDBDBACBDCAADDCBCACACBCBABCACBCCDCDBDCACDCBBCBCBACCACADAACCBBABADBCCAAABBCCBB	['D10C', 'C14D', 'A24D', 'B41C', 'C46B', 'C55D', 'C57D', 'B60C', 'A63D', 'B64C', 'C82B']	11	1.4758086	-0.2137785	-0.54543495	-0.33165646
BCCDDDCDCDDDDCDDABCCABCABDBACBDCAACAABCABACBCCABCACBCDCCCBDBACDBBBCBCBACCACADAACCBBABADBCCAAABBCCBB	['D20C', 'D35C', 'D36A', 'C37A', 'C54D', 'A63D', 'C82B']	7	-2.1427693	-4.839027	-5.174322	-0.3352952
BCCDDDCDCDDDDCDDABCDABCABDBACBDCAADDCBCABACBCCAACACBCCCCCBDBACABBBCBCBADCCCADAACCBBABADBCCAAABBCCBB	['B48A', 'C72D', 'A74C', 'C82B']	4	-2.1454358	-5.9255204	-6.263485	-0.33796453
AAADDDCDCDDADCDDABCCABCABDBACBDCAACABBCACACBCCAACACBCDCCCBDBADDBBBCBCBBDCACACAACCBBABADBCBAABBBCCBB	['B1A', 'C2A', 'C3A', 'D12A', 'D20C', 'D35C', 'D36A', 'C37B', 'B41C', 'B48A', 'C54D', 'C62D', 'A63D', 'A71B', 'C72D', 'D77C', 'C82B', 'C90B', 'A93B']	19	-2.1485276	-4.082464	-4.4235144	-0.34105015
AAADDDCDCCDDBCDDABABABCDBDBACBDCCADACBCABACBCDABCACBCDCCCBDCACDBBBCBCBACCACADAACCCBBBADBCCAAABBCCBB	['B1A', 'C2A', 'C3A', 'D10C', 'D13B', 'C19A', 'D20B', 'A24D', 'A33C', 'D36A', 'C46D', 'C54D', 'B60C', 'A63D', 'A84B']	15	-0.38284826	-2.1185346	-2.4598846	-0.34135008
BCCDDDCDCCDDDCDDABCDABCABDBACBDCAACACBCABADBCBABCACBCDCCCBDBADDBBBCBCBBCCCCADAACCBBABADBCBAABBBCCBB	['D10C', 'D35C', 'D36A', 'C43D', 'C46B', 'C54D', 'C62D', 'A63D', 'A71B', 'A74C', 'C82B', 'C90B', 'A93B']	13	-0.34221792	-1.9248357	-2.267043	-0.34220743
BCCDDDCDCDDDDCDDABCCABCABDBACBDDAACACBCABACBCCABCACBCCCCCBDBCDDBBACBCBCACACADAACCCBABADBCBAAABBCCBB	['D20C', 'C32D', 'D35C', 'D36A', 'A61C', 'C62D', 'A63D', 'B66A', 'A71C', 'C72A', 'C90B']	11	-2.1542501	-3.9848647	-4.3316383	-0.34677362
BCCDDDCDCDDDDCDDABCCABCABDBACBDDAACACBCABACBCCABCACBCCCCCBDBCDDBBACBCBCACACADAACCCBABADBCBAAABBCCBB	['D20C', 'C32D', 'D35C', 'D36A', 'A61C', 'C62D', 'A63D', 'B66A', 'A71C', 'C72A', 'C90B']	11	-2.1542501	-3.9848647	-4.3316383	-0.34677362
BCCDDDCDCCDDDCDDABCCABCABDBACBDCAACABBCACACBCDABCACBCDCCCBDBADDBBBCBCBACCACADAACCBBABADBCBAABBCCCBB	['D10C', 'D20C', 'D35C', 'D36A', 'C37B', 'B41C', 'C46D', 'C54D', 'C62D', 'A63D', 'C82B', 'C90B', 'A93B', 'B95C']	14	-0.9022951	-0.39015484	-1.2509518	-0.34865665
BCCDDDCDCBDDDCDDABCDABCABDBACBDCAADDCBCABACBCDABCACBBDCCCBDBACBBBBCBCBACCACADAACCBBABADBDCAAABBCCBB	['D10B', 'C46D', 'C53B', 'C54D', 'A63B', 'C82B', 'C89D']	7	-0.39069748	-1.9166298	-2.265832	-0.34920216
BCCDDDCDCDDDDCDDABBDABCABDBACBDCAADDCBCABACBCCABCACBCCCCCBDBACDBBBCBCBADCACADAACCBBABADBCCAAABBCCBB	['C19B', 'A63D', 'C72D', 'C82B']	4	-2.156684	-4.2958546	-4.6450634	-0.34920883
BCCDDDCDCCDDDCDDABCDABCABDBACBDCBADDCBCABACBCBAACACBCDCCDBDCADDBBBCBCBBACACADAACCBBBBADBCCAABBBCCBB	['D10C', 'A33B', 'C46B', 'B48A', 'C54D', 'C57D', 'B60C', 'C62D', 'A63D', 'A71B', 'C72A', 'C82B', 'A84B', 'A93B']	14	-0.3496561	-2.1146555	-2.464303	-0.34964752
BCCDDDCDCCABBCCDABCAABCABDBACBDDADDAABCACACBCCBBCACBCCCCCBDBADDBBBCBCBCABACADAACCCBABADBCBAAABBCCBB	['D10C', 'D11A', 'D12B', 'D13B', 'D15C', 'D20A', 'C32D', 'A34D', 'D36A', 'C37A', 'B41C', 'A47B', 'C62D', 'A63D', 'A71C', 'C72A', 'C73B', 'C90B']	18	-2.15878	-3.9497504	-4.301057	-0.35130644
AAADDDCDCCDDDCDDABCDABCABDBACBDCBADDBBCABADBCCAACACBCDCCCBDBADDBBBCBCBCBCACACAACCABABADBCCAABBBCCBB	['B1A', 'C2A', 'C3A', 'D10C', 'A33B', 'C37B', 'C43D', 'B48A', 'C54D', 'C62D', 'A63D', 'A71C', 'C72B', 'D77C', 'C82A', 'A93B']	16	-2.1606183	-3.1765156	-3.5296593	-0.3531437
BCCDDDCDCCDDDCDBABCDABCABDBACBDCBADDBBCACACBCDABCACBCACCCBDBADDBBBCBCBBCDACACAACCBBABADBCBAAABBCCBB	['D10C', 'D16B', 'A33B', 'C37B', 'B41C', 'C46D', 'C54A', 'C62D', 'A63D', 'A71B', 'C73D', 'D77C', 'C82B', 'C90B']	14	-1.5164275	-0.3958063	-1.8707438	-0.35431623
BCCDDDCDCDDDDCDDABCDABCABDBACBDCAACACBCACACBCCABCACBCCCCCBDBADDDBBCBCBBCCACCDAACCCBABADBCCAABBBCCBB	['D35C', 'D36A', 'B41C', 'C62D', 'A63D', 'B64D', 'A71B', 'A76C', 'A93B']	9	-2.162087	-5.1411004	-5.4957123	-0.35461187
BCCDDDCDCDDDDCDDABCDABCABDBACBDDAADABBCABACBCDABCACBCCCCCBDBACDBBBCBCBBDCACADAACCBBABADBCBAAABBCCBB	['C32D', 'D36A', 'C37B', 'C46D', 'A63D', 'A71B', 'C72D', 'C82B', 'C90B']	9	-0.39808512	-2.7234287	-3.0800161	-0.3565874
BCCDDDCDCBDDDCDDABCDABCABDBACBDCBADBBBCACACBCCAACACBCDCCCBDCADDBBBCBCBDBCACADAACCABABADBCBAABBBCCBB	['D10B', 'A33B', 'D36B', 'C37B', 'B41C', 'B48A', 'C54D', 'B60C', 'C62D', 'A63D', 'A71D', 'C72B', 'C82A', 'C90B', 'A93B']	15	-2.1645098	-3.8235579	-4.1805935	-0.35703564
BCCDDDCDCBDDDCDDABCDABCABDBACBDCAADDCBCABACBCCABCACBCCCCCBDBACABBBCBCBACCACACAACCCBABADDCCAABBBCCBB	['D10B', 'D77C', 'B88D', 'A93B']	4	-2.1646237	-6.811662	-7.16881	-0.3571477
BCCDDDCDCADABCDBABCAABCABDBACBDDAADACBCABADBCDBBCACBBDDCCBDBACDBBBCBCBBCBACADAACCBBABADBABAAABBCCBB	['D10A', 'D12A', 'D13B', 'D16B', 'D20A', 'C32D', 'D36A', 'C43D', 'C46D', 'A47B', 'C53B', 'C54D', 'C55D', 'A63D', 'A71B', 'C73B', 'C82B', 'C89A', 'C90B']	19	1.4080555	-0.9051056	-1.2630281	-0.35792255
BCCDDDCDCCDDDCDDABCCABCABDBACBDCAADABBCABACBCCAACACBBDCCCBDBADDBBBCBABDACACADAACCBBABADBCBABABBCCBB	['D10C', 'D20C', 'D36A', 'C37B', 'B48A', 'C53B', 'C54D', 'C62D', 'A63D', 'C69A', 'A71D', 'C72A', 'C82B', 'C90B', 'A92B']	15	-2.165866	-3.6527333	-4.0111265	-0.3583932
BCCDDDCDCCDDDCCDABCDABCABDBACBDCAADDABCABACBCBABCACBCDCCCBDBADDBBBCBCBBCBACADAACCBBABADBCBAAABBCCBB	['D10C', 'D15C', 'C37A', 'C46B', 'C54D', 'C62D', 'A63D', 'A71B', 'C73B', 'C82B', 'C90B']	11	-0.3603711	-2.0095892	-2.3699532	-0.36036396
BCCDDDCDCDDDBCCDABBDABCABDBACBDCBACDABCACACBCCABCCCBCCCCCCDBACDBBBCBCBCDCACADAACCDBABADBACAABBBCCBA	['D13B', 'D15C', 'C19B', 'A33B', 'D35C', 'C37A', 'B41C', 'A50C', 'B58C', 'A63D', 'A71C', 'C72D', 'C82D', 'C89A', 'A93B', 'B99A']	16	-2.168898	-6.1325746	-6.4940014	-0.36142683
BCCDDDCDCDDBDCCDABCDABCABDBACBDDAACDABCABACBCBABCACBCCCCCBDBACDBBBCBCBBCCACADAACCBBABADBCCAAABBCCBB	['D12B', 'D15C', 'C32D', 'D35C', 'C37A', 'C46B', 'A63D', 'A71B', 'C82B']	9	-0.36226654	-2.9758444	-3.3381042	-0.36225986
BCCDDDCDCCDDDCDDABCDABCABDBACBDCAADDBBCABACBCDABCACBCDCCDBDBACDBBBCBCBBCCACADAACCBBABADBCBAABBBCCBB	['D10C', 'C37B', 'C46D', 'C54D', 'C57D', 'A63D', 'A71B', 'C82B', 'C90B', 'A93B']	10	-0.40421057	-1.0198784	-1.3825932	-0.36271477
BCCDDDCDCCDDDCCDABBCABCABDBACBDCAADABBCABACBBCABCACBCDCCDBDBACDBBBCBCBBCCACADAACCABACADBDBAABBBCCBB	['D10C', 'D15C', 'C19B', 'D20C', 'D36A', 'C37B', 'C45B', 'C54D', 'C57D', 'A63D', 'A71B', 'C82A', 'B85C', 'C89D', 'C90B', 'A93B']	16	-2.1721482	-3.421574	-3.78625	-0.364676
BCCDDDCDCDDDBCDDABCAABCABDBACBDCAADDCBCABACBCCABCACBCCCCCCDBACDBBBCBCBBCBACACAACCCBABADBCBAAABBCCBB	['D13B', 'D20A', 'B58C', 'A63D', 'A71B', 'C73B', 'D77C', 'C90B']	8	-2.1736917	-4.853203	-5.2194185	-0.3662157
BCCDDDCDCCDDDCDDABCDABCABDBACBDCAACACBCABADBCCAACACBCDCCCBDBADDBBBCBCBACCACADAACCBBABADBCCAABBBCCBB	['D10C', 'D35C', 'D36A', 'C43D', 'B48A', 'C54D', 'C62D', 'A63D', 'C82B', 'A93B']	10	-2.173759	-4.819517	-5.1857986	-0.3662815
BCCDDDCDCADDDCDDADCDABCABDBACBDCAACDCBCACACBCCABCACBCCCCCBDBACDBBBCBCBBCCACADAACCCBABADBCCAABBBCCBB	['D10A', 'B18D', 'D35C', 'B41C', 'A63D', 'A71B', 'A93B']	7	-2.1740746	-4.472782	-4.8393774	-0.36659527
BCCDDDCDCDDDDCDDABCDABCABDBACBDCAADDABCACACBCCABCACBCCCCCBDBACDBBBCBCBACCACADAACCBBABADBCCAAABBCCBB	['C37A', 'B41C', 'A63D', 'C82B']	4	-2.175117	-4.5078497	-4.875493	-0.36764336
BCCDDDCDCCDDDCDDABCDABCABDBACBDCAADDBBCABACBCCABCACBCBCCCBDBADDBBBCBCBCADACACACCCCBBBADBCBAABBBCCBB	['D10C', 'C37B', 'C54B', 'C62D', 'A63D', 'A71C', 'C72A', 'C73D', 'D77C', 'A79C', 'A84B', 'C90B', 'A93B']	13	-2.176342	-3.2933702	-3.6622353	-0.368865
AAADDDCDCCDDDDDDABCDABCABDBACBDCAADDCBCABACBCBABCACBCDCCCBDBADCBBBDBABBCCACACAACCBBABADBCCAABBBCCBB	['B1A', 'C2A', 'C3A', 'D10C', 'C14D', 'C46B', 'C54D', 'C62D', 'A63C', 'C67D', 'C69A', 'A71B', 'D77C', 'C82B', 'A93B']	15	-0.37043285	-1.3610935	-1.7315235	-0.37043
BCCDDDCDCDDDDCDDABCCABCABDBACBDDAADACBCABACBCDABCACBCCCCCBDBACDBBBBBABBDCACADAACCBBABADBCBAAABBCCBB	['D20C', 'C32D', 'D36A', 'C46D', 'A63D', 'C67B', 'C69A', 'A71B', 'C72D', 'C82B', 'C90B']	11	-0.41475534	-2.4961543	-2.8694143	-0.37326002
BCCDDDCDCADDDCCDABCDABCABDBACBDCAACABBCABACBCBABCACBCDCCCBDBACDBBBCBCBBCCACADAACCBBABADBCBAABBBCCBB	['D10A', 'D15C', 'D35C', 'D36A', 'C37B', 'C46B', 'C54D', 'A63D', 'A71B', 'C82B', 'C90B', 'A93B']	12	-0.37367582	-2.4117913	-2.7854605	-0.37366915
BCCDDDCDCCDDDCDDABCDABCABDBACBDCAACACBCABACBCCAACCCBCDCCCBDBADBBBBCBCBBCCACADAACCBBABADBCCAAABBCCBB	['D10C', 'D35C', 'D36A', 'B48A', 'A50C', 'C54D', 'C62D', 'A63B', 'A71B', 'C82B']	10	-2.1826906	-4.7416334	-5.11685	-0.37521648
BCCDDDCDCDDDDCDDABCDABCABDBACBDCAADDCBCABACBCCABCACBCCCCCBDBACDBBBCBCBBACACACAACCCBABADBCBAABBBCCBB	['A63D', 'A71B', 'C72A', 'D77C', 'C90B', 'A93B']	6	-2.1850257	-5.468065	-5.8456135	-0.3775487
BCCDDDCDCDDDDCDDABCDABCABDBACBDCAADDCBCABACBCCABCACBCCCCCBDBACDBBBCBCBBACACACAACCCBABADBCBAABBBCCBB	['A63D', 'A71B', 'C72A', 'D77C', 'C90B', 'A93B']	6	-2.1850257	-5.468065	-5.8456135	-0.3775487
BCCDDDCDCCDDDCCDABBCABCABDBACBDCAACABBCACACBCCABCACBCDCCCCDAADDBBBCBCCBCBACADAACCBBABADBCBAABBBCCBB	['D10C', 'D15C', 'C19B', 'D20C', 'D35C', 'D36A', 'C37B', 'B41C', 'C54D', 'B58C', 'B60A', 'C62D', 'A63D', 'B70C', 'A71B', 'C73B', 'C82B', 'C90B', 'A93B']	19	-2.187533	-3.4089856	-3.7890453	-0.38005972
BCCDDDCDCADDBCCDABBAABCABDBACBDDAADACBCABACBCDBBCACBCCCCCCDBACDCBBCBCBACCACADAACCCBBBADBCCADABBCCBB	['D10A', 'D13B', 'D15C', 'C19B', 'D20A', 'C32D', 'D36A', 'C46D', 'A47B', 'B58C', 'A63D', 'B64C', 'A84B', 'A92D']	14	-0.42435217	-3.0006847	-3.383545	-0.38286018
BCCDDDCDCCADBCDDABBCABCABDBACBDCBACABBCABACBCDABCCCBCCCCDBDBACDBBBCBCBBCCACADAACCBBABADBCBAABBBCCBB	['D10C', 'D11A', 'D13B', 'C19B', 'D20C', 'A33B', 'D35C', 'D36A', 'C37B', 'C46D', 'A50C', 'C57D', 'A63D', 'A71B', 'C82B', 'C90B', 'A93B']	17	-1.7979903	-0.42646885	-2.1829624	-0.3849721
BCCDDDCDCDDDDCCDABCCABCABDBACBDDAADACBCABACBCBABCACBCDDCDBDBACDBBBCBCBDCCACADAACCBBACADBCCAAABBCCBB	['D15C', 'D20C', 'C32D', 'D36A', 'C46B', 'C54D', 'C55D', 'C57D', 'A63D', 'A71D', 'C82B', 'B85C']	12	1.4224925	-0.996263	-1.3812389	-0.3849759
BCCDDDCDCDDBDCDDABCDABCABDBACBDCAADDCBCABACBCCABCACBCCCCCBDBCDDBBBCBCBAACACACAACCDBABADBCCAABBBCCBB	['D12B', 'A61C', 'C62D', 'A63D', 'C72A', 'D77C', 'C82D', 'A93B']	8	-2.1937828	-5.006083	-5.392391	-0.3863082
BCCDDDCDCCDDBCDDABCDABCABDBACBDCBADDCBCABACBCBAACACBCACCCBDBADDBBBCBCBBDCCCACAACCBBABADBCBAABBBCCBB	['D10C', 'D13B', 'A33B', 'C46B', 'B48A', 'C54A', 'C62D', 'A63D', 'A71B', 'C72D', 'A74C', 'D77C', 'C82B', 'C90B', 'A93B']	15	-0.38647413	-3.0741467	-3.4606123	-0.38646555
BCCDDDCDCDDDDCDDABCDABCABDBACBDCAADDCBCABABBCCABCACBCCCCCBDBACDBBBCBCBCACACADAACCABABADBCCAABBBCCBB	['C43B', 'A63D', 'A71C', 'C72A', 'C82A', 'A93B']	6	-2.1945772	-5.1593394	-5.546446	-0.38710642
BCCDDDCDCCDDBCDDBBCAABCABDBACBDCAADACBCABACBCCAACACBCDCCCBDCADDBBBCBCBCCCACADAACCBBBBADBCCAAABBCCBB	['D10C', 'D13B', 'A17B', 'D20A', 'D36A', 'B48A', 'C54D', 'B60C', 'C62D', 'A63D', 'A71C', 'C82B', 'A84B']	13	-2.1958003	-5.5116467	-5.899975	-0.38832808
BCCDDDCDCDDDBCDDABCCABCABDBACBDDAADACBCABADBCBABCACBCCCCCBDBADDBBBCBCBBCCACADAACCBBABADBABAAABBCCBB	['D13B', 'D20C', 'C32D', 'D36A', 'C43D', 'C46B', 'C62D', 'A63D', 'A71B', 'C82B', 'C89A', 'C90B']	12	-0.38835764	-1.9061341	-2.294487	-0.38835287
BCCDDDCDCCDDDCDDABCDABCABDBACBDCAAAACBCABACBCCABCACBCCCCCCDBADBBBBCBCBACCACADAACCCBABADBCBAABBCCCBB	['D10C', 'D35A', 'D36A', 'B58C', 'C62D', 'A63B', 'C90B', 'A93B', 'B95C']	9	-2.1963897	-3.8948426	-4.2837563	-0.38891363
BCCDDDCDCCDDDCCBABCCABCABDBACBDCAACABBCABACBCCABCACBCDCCDBDBACDBBBCBCBCCCACADAACCCBBBADBCBACBBBCCBB	['D10C', 'D15C', 'D16B', 'D20C', 'D35C', 'D36A', 'C37B', 'C54D', 'C57D', 'A63D', 'A71C', 'A84B', 'C90B', 'A92C', 'A93B']	15	-2.1972618	-3.7372603	-4.1270475	-0.3897872
AAADDDCDCCDCBDDDABCCABCABDBACBDCAADACBCABACBCBABCACBCDCCCCDBBCCCBBCBCBAACACADAACCBBABADBCCAAABBCCBB	['B1A', 'C2A', 'C3A', 'D10C', 'D12C', 'D13B', 'C14D', 'D20C', 'D36A', 'C46B', 'C54D', 'B58C', 'A61B', 'A63C', 'B64C', 'C72A', 'C82B']	17	-0.39156437	-2.6852002	-3.0767612	-0.39156103
BCCDDDCDCDDDDCDDABCDABCDBDBACBDCAACACBCACACBCDABCACBCDCCCBDCADDCBBCBCBADCACACAACCBBABADBCCAAABBCCBB	['A24D', 'D35C', 'D36A', 'B41C', 'C46D', 'C54D', 'B60C', 'C62D', 'A63D', 'B64C', 'C72D', 'D77C', 'C82B']	13	-0.43598843	-1.612885	-2.0073786	-0.39449358
BCCDDDCDCCDDDCDDABCCABCABDBACBDCAACABBCABACBCCABCACBCDCCCCDBADDBBBCBCBBCDACADAACCCBBBADBCBAAABBCCBB	['D10C', 'D20C', 'D35C', 'D36A', 'C37B', 'C54D', 'B58C', 'C62D', 'A63D', 'A71B', 'C73D', 'A84B', 'C90B']	13	-2.2022772	-4.014713	-4.4095163	-0.39480352
BCCDDDCDCCDDBCDDABCBABCABDBACBDCAADDCBCABACBCCABCACBCCCCDBDBACDBBBCBCBCCCACADAACCCBBBADBCBAAABBCCBB	['D10C', 'D13B', 'D20B', 'C57D', 'A63D', 'A71C', 'A84B', 'C90B']	8	-2.2035732	-3.5928044	-3.9889002	-0.39609575
BCCDDDCDCDDDDCDDABCDABCABDBACBDCADDDCBCACADBCCABCACBCCCCCBDBADDBBBCBCBABCACADAACCBBBBADBCCAAABBCCBB	['A34D', 'B41C', 'C43D', 'C62D', 'A63D', 'C72B', 'C82B', 'A84B']	8	-2.2041316	-3.6548767	-4.051531	-0.39665413
AAADDDCDCCDDCCCDABCAABCABDBACBDCAADACBCABACBCBABCACBCDDCCBDBADDBBBBBCBBCBACADAACCBBABADBCBAAABBCCBB	['B1A', 'C2A', 'C3A', 'D10C', 'D13C', 'D15C', 'D20A', 'D36A', 'C46B', 'C54D', 'C55D', 'C62D', 'A63D', 'C67B', 'A71B', 'C73B', 'C82B', 'C90B']	18	1.4103913	-1.1298966	-1.526968	-0.39707136
BCCDDDCDCCDDDCDDABDDABCABDBACBDCAADDCBCABACBCCABCACBBCCCCBDBACDBBBCBCBBCCACADAACCCBABADBCBAAABBCCBB	['D10C', 'C19D', 'C53B', 'A63D', 'A71B', 'C90B']	6	-2.2059622	-4.5351486	-4.9336357	-0.3984871
BCCDDDCDCCDDDCDDCBCDABCABDBACBDCAADDCBCABACBCCABCACBCCCCCCDBACDBBBCBCBBCDACAAAACCCBBBADBCBAABBBCCBB	['D10C', 'A17C', 'B58C', 'A63D', 'A71B', 'C73D', 'D77A', 'A84B', 'C90B', 'A93B']	10	-2.2060795	-5.21353	-5.612133	-0.39860296
BCCDDDCDCDDDDCCDABCAABCABDBACBDDAACDABCABACBCDBBCACBCCCCCBDBADDBBBCBCBBCBACACAACCABABADBCBAAABCCCBB	['D15C', 'D20A', 'C32D', 'D35C', 'C37A', 'C46D', 'A47B', 'C62D', 'A63D', 'A71B', 'C73B', 'D77C', 'C82A', 'C90B', 'B95C']	15	-0.44051695	-1.2416215	-1.640646	-0.3990245
BCCDDDCDCDDDDCBDABCDABCABDBACBDCAADDCBCABACBCCABCACBCCCCCBDBACDBBBCBCCBCCACACAACCCBABADBCCAABBBCABA	['D15B', 'A63D', 'B70C', 'A71B', 'D77C', 'A93B', 'C97A', 'B99A']	8	-2.20712	-5.81464	-6.214283	-0.39964294
BCCDDDCDCCDDDCDDABCDABCABDBACBDCAADABBCAAACBCCAACACBCACCCBDBACDDBBCBCBBCCACADAACCBBABADBCCAABBBCCBB	['D10C', 'D36A', 'C37B', 'B41A', 'B48A', 'C54A', 'A63D', 'B64D', 'A71B', 'C82B', 'A93B']	11	-2.2071981	-6.4277844	-6.827511	-0.3997264
BCCDDDCDCDDDDCCDABCCABCABDBACBDDAACACBCABADBCDABCACBCCDCCBDBADDBBBCBCBCCCACADAACCBBACADBCBAABBBCCBB	['D15C', 'D20C', 'C32D', 'D35C', 'D36A', 'C43D', 'C46D', 'C55D', 'C62D', 'A63D', 'A71C', 'C82B', 'B85C', 'C90B', 'A93B']	15	1.3646698	-1.6998191	-2.1011238	-0.40130472
BCCDDDCDCCDDDCDDABCDABCABDBACBDCBADDBBCABACBCCAACCCBCACCCBDBADCBBBCBDBBCCACACAACCBBABADBCCAABBBCCBB	['D10C', 'A33B', 'C37B', 'B48A', 'A50C', 'C54A', 'C62D', 'A63C', 'C69D', 'A71B', 'D77C', 'C82B', 'A93B']	13	-2.209175	-5.127332	-5.52903	-0.40169764
BCCDDDCDCDDDDCDDABCDABCABDBACBDCAADDCBCABACBCCABCACBCCCCCBDBADABBBCBCBACCACACAACCBBABADBCCAABBBCCBB	['C62D', 'D77C', 'C82B', 'A93B']	4	-2.210011	-5.0268464	-5.429384	-0.40253782
AAADDCCDCCDDDCDDABCCABCABDBACBDCBACABBCABACBCCABCACBBCCCCBDBACDBBBCBCBCCCACADAACCBBBBADBCCAAABBCCBB	['B1A', 'C2A', 'C3A', 'D6C', 'D10C', 'D20C', 'A33B', 'D35C', 'D36A', 'C37B', 'C53B', 'A63D', 'A71C', 'C82B', 'A84B']	15	-2.2104654	-3.7216868	-4.1246777	-0.40299082
BCCDDDCDCADDDCDDABBDABCABDBACBDDDADDCBCACACBCDBBCACBBBCCCBDCACDBBBCBCBBCAACADAACCCBBBADBCBAAABBCCBB	['D10A', 'C19B', 'C32D', 'A33D', 'B41C', 'C46D', 'A47B', 'C53B', 'C54B', 'B60C', 'A63D', 'A71B', 'C73A', 'A84B', 'C90B']	15	-1.5844755	-0.44912338	-1.9921026	-0.4076271
BCCDDDCDCADDBCDDABCDABCABDBACBDCAADDCBCACACBCCABCACBCCCCCBDBACDBBBCBCBACCCCACAACCCBABADBCBAABBBCCBB	['D10A', 'D13B', 'B41C', 'A63D', 'A74C', 'D77C', 'C90B', 'A93B']	8	-2.2170935	-4.420201	-4.829814	-0.40961313
BCCDDDCDCBDDDCDDABBDABCABDBACBDCBADDCBCACACBCDABCACBCDCCCBDBACDBBBCBCBBCDACADAACCABBBADBCBAABBBCCBB	['D10B', 'C19B', 'A33B', 'B41C', 'C46D', 'C54D', 'A63D', 'A71B', 'C73D', 'C82A', 'A84B', 'C90B', 'A93B']	13	-0.45483112	-2.1489534	-2.5622883	-0.41333485
BCCDDDCDCBDDDCDDABCDABCABDBACBDCAADDCBCABACBCDABCACBCDCCCBDBADDBBBBBBBBBBACADAACCABABADBCBAAABBCCBB	['D10B', 'C46D', 'C54D', 'C62D', 'A63D', 'C67B', 'C69B', 'A71B', 'C72B', 'C73B', 'C82A', 'C90B']	12	-1.7680473	-0.45594692	-2.182498	-0.41445065
BCCDDDCDCDDDDDCDABCDABCABDBACBDCAADDCBCACACBCCABCACBBCCCCBDBACDBBBCBCBACCACACAACCBBABADBCCAAABBCCBB	['C14D', 'D15C', 'B41C', 'C53B', 'A63D', 'D77C', 'C82B']	7	-2.2222672	-3.5582442	-3.9730358	-0.41479158
BCCDDDCDCADBDCDDABCCABCABDBACBDCAADACBCACACBCCABCACBCBCCCBDBADDBBBCBCBACCACADAACCDBABADBCCAABBBCCBB	['D10A', 'D12B', 'D20C', 'D36A', 'B41C', 'C54B', 'C62D', 'A63D', 'C82D', 'A93B']	10	-2.222972	-4.5641723	-4.9796667	-0.41549444
BCCDDDCDCCDDDCDDABCDABCABDBACBDCAADDCBCABADBCDABCACBCDCCCBDBADDBBBCBCBBBCACADAACCBBABADBCBAABBBCCBB	['D10C', 'C43D', 'C46D', 'C54D', 'C62D', 'A63D', 'A71B', 'C72B', 'C82B', 'C90B', 'A93B']	11	-0.45702124	-1.2100649	-1.6255894	-0.41552448
BCCDDDCDCDDCDCCDABBDABCABDBACBDDAADDABCABACBCDBBCACBCCDCCBDBADDBBBCBCBACCACACAACCBBABADBCCAABBCCCBB	['D12C', 'D15C', 'C19B', 'C32D', 'C37A', 'C46D', 'A47B', 'C55D', 'C62D', 'A63D', 'D77C', 'C82B', 'A93B', 'B95C']	14	1.3436475	-1.0710955	-1.4934254	-0.4223299
BCCDDDCDCCADBCDDABCAABCABDBACBDDAADACBCABACBCCBBCACBCCCCCBDBADDBBBCBCBDCCACADAACCCBABADBABAAABBCCBB	['D10C', 'D11A', 'D13B', 'D20A', 'C32D', 'D36A', 'A47B', 'C62D', 'A63D', 'A71D', 'C89A', 'C90B']	12	-2.229807	-4.291332	-4.713666	-0.4223342
BCCDDDCDCCDDDCCDBBBDABCDBDBACBDCAACABBCACACBCCABCACBCDCCCBDCCCDBBBCBABACCACADAACCABABADBCCAAABBCCBB	['D10C', 'D15C', 'A17B', 'C19B', 'A24D', 'D35C', 'D36A', 'C37B', 'B41C', 'C54D', 'B60C', 'A61C', 'A63D', 'C69A', 'C82A']	15	-2.2303023	-3.0143023	-3.437132	-0.42282963
BCDDDDCDCCDCDCDDABCCABCABDBACBDCAACAABCACACBCDABCACBCDCCCBDBACDBBCCBCBBCCACADAACCABBBADBCBACBBCCCBB	['C3D', 'D10C', 'D12C', 'D20C', 'D35C', 'D36A', 'C37A', 'B41C', 'C46D', 'C54D', 'A63D', 'B66C', 'A71B', 'C82A', 'A84B', 'C90B', 'A92C', 'A93B', 'B95C']	19	-0.46438265	-1.970942	-2.3938303	-0.42288828
BCCDDDCDCADDDCDDCBCCABCABDBACBDCAACACBCACACBCCABCACBCDCCCBDCADDBBBCBCBACCACADAACCBBABADBCCAAABBCCBB	['D10A', 'A17C', 'D20C', 'D35C', 'D36A', 'B41C', 'C54D', 'B60C', 'C62D', 'A63D', 'C82B']	11	-2.23065	-3.1940079	-3.6171808	-0.42317295
BCCDDDCDCADDDCDCABCCABCABDBACBDDAACACBCABADBCDBBCACBCBDCCBDCCDDBBBCBCBBCCACADAACCBBABADBCBAABBBCCBB	['D10A', 'D16C', 'D20C', 'C32D', 'D35C', 'D36A', 'C43D', 'C46D', 'A47B', 'C54B', 'C55D', 'B60C', 'A61C', 'C62D', 'A63D', 'A71B', 'C82B', 'C90B', 'A93B']	19	1.3411798	-0.29005623	-0.7148514	-0.42479515
BCCDDDCDCCDDDCDDABCAABCABDBACBDCBACBBBCABACBCCABCACBCDCCCBDBADDBBBBBCBBCBACADAACCCBBBADBCBAAABBCCBB	['D10C', 'D20A', 'A33B', 'D35C', 'D36B', 'C37B', 'C54D', 'C62D', 'A63D', 'C67B', 'A71B', 'C73B', 'A84B', 'C90B']	14	-2.2326126	-4.286611	-4.711747	-0.4251361
BCCDDDCDCCDDDCDDABCDABCABDBACBDCAADDBBCABACBCCABCACBCCCCCBDBACDBBBCBCBACCACACAACCABABADBCCAABBBCCBB	['D10C', 'C37B', 'A63D', 'D77C', 'C82A', 'A93B']	6	-2.233292	-4.5691276	-4.9949446	-0.425817
BCCDDDCDCCDCDCDDABBDABCABDBACBDDBACACBCABACBCBBBCACBCCCCCBDBACDCBBCBCBBDCACADAACCBBABADBCCAABBBCCBB	['D10C', 'D12C', 'C19B', 'C32D', 'A33B', 'D35C', 'D36A', 'C46B', 'A47B', 'A63D', 'B64C', 'A71B', 'C72D', 'C82B', 'A93B']	15	-0.42591763	-2.6484733	-3.0743876	-0.4259143
BCCDDDCDCCDCDDCDABCCABCDBDBACBDCAACABBCABACBCBABCACBCACCCBDBACDBBBCBCBBCCACADAACCBBABADBCCAAABBCCBB	['D10C', 'D12C', 'C14D', 'D15C', 'D20C', 'A24D', 'D35C', 'D36A', 'C37B', 'C46B', 'C54A', 'A63D', 'A71B', 'C82B']	14	-0.4260521	-1.6233168	-2.049364	-0.42604733
BCCDDDCDCBDDDCDDABCDABCABDBACDDCBADDCBCABACBCCABCACBCCCCCBDBACDBBBCBCBCDCACADAACCCBBBADCCCAAABBCCBB	['D10B', 'B30D', 'A33B', 'A63D', 'A71C', 'C72D', 'A84B', 'B88C']	8	-2.234167	-7.4137163	-7.840413	-0.42669678
BCCDDDCDCDDDDCDDABCCABCABDBACBDCAADDCBCABACBCCABCACBCCCCCBDBACDBBBCBCBACCACADAACCABABADBCCAABBBCCBB	['D20C', 'A63D', 'C82A', 'A93B']	4	-2.2347283	-4.977951	-5.405205	-0.42725372
BCCDDDCDCCDDDCDDADCDABCABDBACBDCAADDCBCABACBCDABCACBDCCCCBDBACDBBBCBCBACDACACAACCCBBBADBCBAABBCCCBB	['D10C', 'B18D', 'C46D', 'C53D', 'A63D', 'C73D', 'D77C', 'A84B', 'C90B', 'A93B', 'B95C']	11	-0.4713149	-2.0422401	-2.4720602	-0.42982006
BCCDDDCDCDDDDCDDABCDABCABDBACBDDAADDABCABACBCDABCACBCCCCCBDBACBBBBCBCBBCCACACAACCBBABADBCCAAABBCCBB	['C32D', 'C37A', 'C46D', 'A63B', 'A71B', 'D77C', 'C82B']	7	-0.47204304	-2.9561758	-3.3867207	-0.43054485
AAADDDCDCCDDDCDDABCCABCABDBACBDCBACACBCABAABCCABCACBCBCCCBDBADDBBABBABBCDACADAACCCBBBADBCBAAABBCCBB	['B1A', 'C2A', 'C3A', 'D10C', 'D20C', 'A33B', 'D35C', 'D36A', 'C43A', 'C54B', 'C62D', 'A63D', 'B66A', 'C67B', 'C69A', 'A71B', 'C73D', 'A84B', 'C90B']	19	-2.2387466	-3.740016	-4.1712904	-0.4312744
BCCDDDCDCCDDDCCDABCCABCABDBACBDCAADAABCACACBCCABCACBCACCCBDBACDBBBCBCBACCACADAACCBBABADBCCAAABBCCBB	['D10C', 'D15C', 'D20C', 'D36A', 'C37A', 'B41C', 'C54A', 'A63D', 'C82B']	9	-2.2401457	-4.3232527	-4.7559233	-0.4326706
BCCDDDCDCDDDDCDDABCDABCABDBACBDCAADACBCABACBCCABCACBCCCCCBDBADDBBBCBCBACCACADAACCBBABADBCCAAABBCCBB	['D36A', 'C62D', 'A63D', 'C82B']	4	-2.2430205	-4.423493	-4.8590384	-0.43554544
BCCDDDCDCCDDDCDDABCAABCABDBACBDCAADDCBCABACBCBABCACBCDDCDBDBACDBBBCBCBBCBACADAACCBBABADBCBAAABBCCBB	['D10C', 'D20A', 'C46B', 'C54D', 'C55D', 'C57D', 'A63D', 'A71B', 'C73B', 'C82B', 'C90B']	11	1.3718548	-0.6883688	-1.1239786	-0.43560982
BCCDDDCDCCDDDCDDABCDABCABDBACBDCAADDCBCABACBCCABCACBCCCCCBDBACDBBBCBCBCCCACADAACCCBBCADBCBACABACCBB	['D10C', 'A63D', 'A71C', 'A84B', 'B85C', 'C90B', 'A92C', 'B95A']	8	-2.243175	-5.0025864	-5.4382925	-0.43570614
BCCDDDCDCCDDDCDDABCDABCABDBACBDCAADDCBCABADBCDAACACBCACCCBDBADCCDBCBCBADCCCACAACCBBBCADBCCBAABBCCBB	['D10C', 'C43D', 'C46D', 'B48A', 'C54A', 'C62D', 'A63C', 'B64C', 'B65D', 'C72D', 'A74C', 'D77C', 'C82B', 'A84B', 'B85C', 'A91B']	16	-0.47767496	-3.4235864	-3.859767	-0.4361806
BCCDDDCDCCDDDCDDABCCABCABDBACBDCAADDABCACACBCDABCACBCCDCCBDBCDDDBBCBCBCACACACAACCABABADBCBAABBCCCBB	['D10C', 'D20C', 'C37A', 'B41C', 'C46D', 'C55D', 'A61C', 'C62D', 'A63D', 'B64D', 'A71C', 'C72A', 'D77C', 'C82A', 'C90B', 'A93B', 'B95C']	17	1.3293881	-0.67555904	-1.1121483	-0.43658924
AAADDDCDCCDDDCDDABCDABCABDBACBDDBADDCBCACACBCDBBCACBCBDCCBDCADDBBACBCCBCBACACAACCBBABADBCBAAABBCCBB	['B1A', 'C2A', 'C3A', 'D10C', 'C32D', 'A33B', 'B41C', 'C46D', 'A47B', 'C54B', 'C55D', 'B60C', 'C62D', 'A63D', 'B66A', 'B70C', 'A71B', 'C73B', 'D77C', 'C82B', 'C90B']	21	1.3289301	-0.28175068	-0.71879864	-0.43704796
AAADDDCDCBADBCDDABCAABCABDBACBDCAADAABCACACBCBABCACBCDCCCBDBADDBBBCBCBDBCACADAACCBBABADBBBAAABBCCBB	['B1A', 'C2A', 'C3A', 'D10B', 'D11A', 'D13B', 'D20A', 'D36A', 'C37A', 'B41C', 'C46B', 'C54D', 'C62D', 'A63D', 'A71D', 'C72B', 'C82B', 'C89B', 'C90B']	19	-0.43740797	-1.3101878	-1.7475872	-0.4373994
BCCDDDCDCCDDDCDDABCCABCABDBACBDCAACABBCABACBCCABCACBCDCCCBDCACDBBBCBCBBCCACAAAACCBBABADBCCAAABBCCBB	['D10C', 'D20C', 'D35C', 'D36A', 'C37B', 'C54D', 'B60C', 'A63D', 'A71B', 'D77A', 'C82B']	11	-2.244874	-3.5940895	-4.0314894	-0.43739986
BCCDDDCDCCDDDCCDABCAABCABDBACBDCAACDCBCABACBBCABCACBCCCCCBDBACDBBBCBCBBBBACADAACCBBABADBCBAAABBCCBB	['D10C', 'D15C', 'D20A', 'D35C', 'C45B', 'A63D', 'A71B', 'C72B', 'C73B', 'C82B', 'C90B']	11	-2.247661	-4.308885	-4.74907	-0.44018507
BCCDDDCDCCDDDDDDABCCABCABDBACBDCAADACBCABACBCBAACACBCDCCCCDBACCCBBCBCAACCACADAACCBBBBADBCCAAABBCCBB	['D10C', 'C14D', 'D20C', 'D36A', 'C46B', 'B48A', 'C54D', 'B58C', 'A63C', 'B64C', 'B70A', 'C82B', 'A84B']	13	-0.44282436	-4.730911	-5.173727	-0.44281626
AAADDDCDCCDBDCCDABABABCABDBACBDCAABACBCACADBCDABCCCBCDDCCBDBADDBBBCBCBBCCCCADAACCBBABADBCBAAABBCCBB	['B1A', 'C2A', 'C3A', 'D10C', 'D12B', 'D15C', 'C19A', 'D20B', 'D35B', 'D36A', 'B41C', 'C43D', 'C46D', 'A50C', 'C54D', 'C55D', 'C62D', 'A63D', 'A71B', 'A74C', 'C82B', 'C90B']	22	1.321528	0.8671961	0.42275047	-0.4444456
AAADDDCDCCDDBCDDABCDABCABDBACBDCBADBCBCABACBCDABCACBCDCCCCDBADDCBBCBCBACCACADAACCCABBADBDBAAABBCCBB	['B1A', 'C2A', 'C3A', 'D10C', 'D13B', 'A33B', 'D36B', 'C46D', 'C54D', 'B58C', 'C62D', 'A63D', 'B64C', 'B83A', 'A84B', 'C89D', 'C90B']	17	-0.48892307	-3.6735258	-4.1209545	-0.4474287
BCCDDDCDCBDDDCDDABCDABCABDBACBDDBADDCBCAAACBCDBBCACBCBCCCBDBACDBBBCBCBCCAACACAACCCBABADBCBAABBBCCBB	['D10B', 'C32D', 'A33B', 'B41A', 'C46D', 'A47B', 'C54B', 'A63D', 'A71C', 'C73A', 'D77C', 'C90B', 'A93B']	13	-0.48901892	-2.8290944	-3.276618	-0.4475236
AAADDDCDCBDDBCDCABCAABCABDBACBDCAADDCBCABACBCDABCACBCDCCCBDBADACBBCBCBACACCADAACCCBBBADBCBCAABBCCBB	['B1A', 'C2A', 'C3A', 'D10B', 'D13B', 'D16C', 'D20A', 'C46D', 'C54D', 'C62D', 'B64C', 'C73A', 'A74C', 'A84B', 'C90B', 'A91C']	16	-0.48991966	-1.8129768	-2.2614021	-0.4484253
BCCDDDCDCCDDDCDDABCBABCABDBACBDCAACACBCABACBCBABCACBCDCCCBDBADDCBBCBCBACCACADAACCBBACADBCCAAABBCCBB	['D10C', 'D20B', 'D35C', 'D36A', 'C46B', 'C54D', 'C62D', 'A63D', 'B64C', 'C82B', 'B85C']	11	-0.44943857	-1.7679353	-2.217369	-0.4494338
BCCDDDCDCCDDBCDDABCAABCABDBACBDCBADDCBCABACBCDABCACBCBCCCBDBACDBBBCBCBBCCCCACAACCCBBBADBCBAABBBCCBB	['D10C', 'D13B', 'D20A', 'A33B', 'C46D', 'C54B', 'A63D', 'A71B', 'A74C', 'D77C', 'A84B', 'C90B', 'A93B']	13	-0.49180698	-3.492299	-3.9426079	-0.4503088
BCCDDDCDCCDDDCDDABCCABCABDBACBDCAACAABCACACBCDABCACBCDCCCBDBACDBBCCBCBBCCACADAACCABBBADBCBAABBCCCBB	['D10C', 'D20C', 'D35C', 'D36A', 'C37A', 'B41C', 'C46D', 'C54D', 'A63D', 'B66C', 'A71B', 'C82A', 'A84B', 'C90B', 'A93B', 'B95C']	16	-0.49245787	-1.8291197	-2.2800817	-0.45096207
BCCDDDCDCCDDDCDDABCDABCABDBACBDDBADDBBCABACBCDBBCACBCCCCCBDBACDDBBCBCBCCAACADADCCCBBBADBABAABBBCCBB	['D10C', 'C32D', 'A33B', 'C37B', 'C46D', 'A47B', 'A63D', 'B64D', 'A71C', 'C73A', 'A79D', 'A84B', 'C89A', 'C90B', 'A93B']	15	-0.49325705	-3.0432563	-3.4950209	-0.45176458
BCCDDDCDCADDDCDDABCDABCABDBACBDCAADDABCACACBCCAACACBCCCCCBDAACDBBBCBCBACCCCACAACCBBABADBCCAAABBCCBB	['D10A', 'C37A', 'B41C', 'B48A', 'B60A', 'A63D', 'A74C', 'D77C', 'C82B']	9	-2.2597952	-5.2677903	-5.7201138	-0.45232344
BCCDDDCDCBDDDCDDABCDABCABDBACBDCAACDABCABACBCCABCACBCCCCCBDBADDBBBCBCBCCCACADAACCCBBCADBCBAAABBCCBB	['D10B', 'D35C', 'C37A', 'C62D', 'A63D', 'A71C', 'A84B', 'B85C', 'C90B']	9	-2.2637467	-4.920065	-5.376337	-0.45627213
BCCDDDCDCCDDDCCDABCDABCABDBACBDCAADABBCABACBBCABCACBCDCCCBDBADDBBBCBCBABAACADAACCBBABADBCCAAABBCCBB	['D10C', 'D15C', 'D36A', 'C37B', 'C45B', 'C54D', 'C62D', 'A63D', 'C72B', 'C73A', 'C82B']	11	-2.2678232	-3.4018736	-3.8622208	-0.46034718
BCCDDDCDCCDDDCDDABCCABCABDBACBDCAACACBCABACBCCABCACBCCCCCBDCADDBBBCBABBDBACADAACCBBABADBCBAAABBCCBB	['D10C', 'D20C', 'D35C', 'D36A', 'B60C', 'C62D', 'A63D', 'C69A', 'A71B', 'C72D', 'C73B', 'C82B', 'C90B']	13	-2.2683473	-3.5210705	-3.981945	-0.46087456
BCCDDDCDCCDDDCDDABCCABCABDBACBDCBABBBBCABACBCCABCACBCBCCCBDBADDBBBCBCBBCCACADAACCCABBADBBBAAABBCCBB	['D10C', 'D20C', 'A33B', 'D35B', 'D36B', 'C37B', 'C54B', 'C62D', 'A63D', 'A71B', 'B83A', 'A84B', 'C89B', 'C90B']	14	-2.2686806	-5.2808867	-5.742092	-0.46120548
BCCDDDCDCCDDDCDDABCCABCABDBACBDCAACACBCACABBCBABCACBCDCCCCDBADDBBBCBCBBCCACADAACCBBABADBCBAABBBCCBB	['D10C', 'D20C', 'D35C', 'D36A', 'B41C', 'C43B', 'C46B', 'C54D', 'B58C', 'C62D', 'A63D', 'A71B', 'C82B', 'C90B', 'A93B']	15	-0.46155977	-2.0113707	-2.4729242	-0.46155357
AAADDDCDCCDDBCDDABCCABCABDBACBDCBACABBCABACBCDABCACBCDDCCBDBADDBBBCBCBCBBACADAACCBBBBADBCBAABBCCCBB	['B1A', 'C2A', 'C3A', 'D10C', 'D13B', 'D20C', 'A33B', 'D35C', 'D36A', 'C37B', 'C46D', 'C54D', 'C55D', 'C62D', 'A63D', 'A71C', 'C72B', 'C73B', 'C82B', 'A84B', 'C90B', 'A93B', 'B95C']	23	1.3043222	0.12845516	-0.3331957	-0.46165085
BCCDDDCDCDDDDCDDABCDABCABDBACBDCAACACBCABACBCCABCACBCCCCDCDBADDBBBCBCBBCBACADAACCDBABADBCBAABBBCCBB	['D35C', 'D36A', 'C57D', 'B58C', 'C62D', 'A63D', 'A71B', 'C73B', 'C82D', 'C90B', 'A93B']	11	-2.2722545	-4.5803227	-5.045105	-0.46478224
BCCDDDCDCDDDDCDDABCDABCDBDBACBDCAADDABCABACBCDABCACBCCCCCBDBACACCBCBCBACCACADAACCABABADBCCAABBBCCBB	['A24D', 'C37A', 'C46D', 'B64C', 'B65C', 'C82A', 'A93B']	7	-0.50645876	-4.105965	-4.5709295	-0.4649644
BCCDDDCDCCDDDCDDABBCABCABDBACBDDCACDABCACADBCDBBCACBCCDCDBDBACDBBBCBCBBCCACACAACCBBACADBCBAABBBCCBB	['D10C', 'C19B', 'D20C', 'C32D', 'A33C', 'D35C', 'C37A', 'B41C', 'C43D', 'C46D', 'A47B', 'C55D', 'C57D', 'A63D', 'A71B', 'D77C', 'C82B', 'B85C', 'C90B', 'A93B']	20	1.2973995	0.23798943	-0.23058987	-0.4685793
AAADDDCDCBABBCCDABDAABCABDBACBDCAADACBCABACBCDABCACBCDCCCCDBADDBBBBBCBCDBACADACCCCBBBADBCBCAABBCCBB	['B1A', 'C2A', 'C3A', 'D10B', 'D11A', 'D12B', 'D13B', 'D15C', 'C19D', 'D20A', 'D36A', 'C46D', 'C54D', 'B58C', 'C62D', 'A63D', 'C67B', 'A71C', 'C72D', 'C73B', 'A79C', 'A84B', 'C90B', 'A91C']	24	-0.5111799	-0.67684937	-1.1465368	-0.46968746
BCCDDDCDCCDDDCCDABCDABCABDBACBDCAADDABCABACBCCABCACBCCCCCBDBADDBBBCBCBBABACACAACCCBABADBCBAAABBCCBB	['D10C', 'D15C', 'C37A', 'C62D', 'A63D', 'A71B', 'C72A', 'C73B', 'D77C', 'C90B']	10	-2.2771883	-4.5447383	-5.014452	-0.4697137
BCCDDDCDCCDDDCDDABCCABCABDBACBDDAADACBCABACBCDABCACBBCCCCBDBACCCDBCBCBBCCACADAACCBBABADBCCAAABBCCBB	['D10C', 'D20C', 'C32D', 'D36A', 'C46D', 'C53B', 'A63C', 'B64C', 'B65D', 'A71B', 'C82B']	11	-0.51387596	-3.0163546	-3.4887419	-0.4723873
AAADDDCDCCDDDCDDABCDABCABDBACBDCAACABBCABACBCCABCACBCDCCCBDBADDBBBBBCBDABACADAACCABABADBCBAAABBCCBB	['B1A', 'C2A', 'C3A', 'D10C', 'D35C', 'D36A', 'C37B', 'C54D', 'C62D', 'A63D', 'C67B', 'A71D', 'C72A', 'C73B', 'C82A', 'C90B']	16	-2.2813368	-2.8286166	-3.3024788	-0.47386217
BCCDDDCDCDDDDCCDABCDABCABDBACDDCBADBCBCABACBCCABCACBCCCCCBDBACDBBBCBCBACCCCADAACCCBABADCCBAABBBCCBB	['D15C', 'B30D', 'A33B', 'D36B', 'A63D', 'A74C', 'B88C', 'C90B', 'A93B']	9	-2.2843032	-7.537571	-8.014402	-0.47683144
BCCDDDCDCCDDDCDDAABCABCABDBACBDCAACACBCACADBCCABCACBCDCCDBDCBDDBBBCBCBACCACADAACCBBABADBCCAABBBCCBB	['D10C', 'B18A', 'C19B', 'D20C', 'D35C', 'D36A', 'B41C', 'C43D', 'C54D', 'C57D', 'B60C', 'A61B', 'C62D', 'A63D', 'C82B', 'A93B']	16	-3.0286183	-2.2843127	-3.5054588	-0.4768405
BCCDDDCDCCDDDCDDAABCABCABDBACBDCAACACBCACADBCCABCACBCDCCDBDCBDDBBBCBCBACCACADAACCBBABADBCCAABBBCCBB	['D10C', 'B18A', 'C19B', 'D20C', 'D35C', 'D36A', 'B41C', 'C43D', 'C54D', 'C57D', 'B60C', 'A61B', 'C62D', 'A63D', 'C82B', 'A93B']	16	-3.0286183	-2.2843127	-3.5054588	-0.4768405
BCCDDDCDCBDDDCDDABCDABCABDBACBDCAADDCBCABACBCBABCACBCDCCCBDBACDBBBCBCBACCACADAACCBBABADBCCAAABBCCBB	['D10B', 'C46B', 'C54D', 'A63D', 'C82B']	5	-0.4770441	-2.455574	-2.9326067	-0.47703266
BCCDDDCDCCDDBCCDABCCABCABDBACBDCBACACBCACACBCBABCACBBDBCDCDBADDBBBCBCBBCBACADAACCBBABADBCBAAABBCCBB	['D10C', 'D13B', 'D15C', 'D20C', 'A33B', 'D35C', 'D36A', 'B41C', 'C46B', 'C53B', 'C54D', 'C55B', 'C57D', 'B58C', 'C62D', 'A63D', 'A71B', 'C73B', 'C82B', 'C90B']	20	0.4748664	0.56962633	-0.0023269653	-0.47719336
BCCDDDCDCCDDBCDDABCDABCABDBACBDCAADDCBCABACBCBABCACBCCCCCBDBACDBBBCBCBBCCACADAACCBBABADCCBAAABBCCBB	['D10C', 'D13B', 'C46B', 'A63D', 'A71B', 'C82B', 'B88C', 'C90B']	8	-0.47742176	-3.1915698	-3.6689825	-0.4774127
BCCDDDCDCADDDCCDABCDABCABDBACBDCAADDCBCACACBCDABCACBBDCCCBDBACDBBBCBCBACCACACAACCBBABADBCBAAABBCCBB	['D10A', 'D15C', 'B41C', 'C46D', 'C53B', 'C54D', 'A63D', 'D77C', 'C82B', 'C90B']	10	-0.5196185	-1.0882998	-1.5664225	-0.4781227
BCCDDDCDCCDDDCDDABCCABCABDBACBDCAACACBCACACBCDABCACBCDCCCBDBADDCBBCBCBCCCACADAACCBBBBADBCBAABBBCCBB	['D10C', 'D20C', 'D35C', 'D36A', 'B41C', 'C46D', 'C54D', 'C62D', 'A63D', 'B64C', 'A71C', 'C82B', 'A84B', 'C90B', 'A93B']	15	-0.5211978	-2.2531457	-2.7328472	-0.47970152
BCCDDDCDCCDDDCDDABCDABCDBDBACBDCAACACBCACADBCCABCACBCCCCDBDBDCABBBCBCBACCACADAACCABABADBDCAAABBCCBB	['D10C', 'A24D', 'D35C', 'D36A', 'B41C', 'C43D', 'C57D', 'A61D', 'C82A', 'C89D']	10	-2.2883744	-3.6023326	-4.0832367	-0.4809041
AAADDDCDCCDDDCDDABCCABCABDBACBDCBDCACBCACACBCCAACCCBCACCCBDBACDBBBCBCBBCCACADAACCBBABADBCCAABBBCCBB	['B1A', 'C2A', 'C3A', 'D10C', 'D20C', 'A33B', 'A34D', 'D35C', 'D36A', 'B41C', 'B48A', 'A50C', 'C54A', 'A63D', 'A71B', 'C82B', 'A93B']	17	-2.2902946	-5.428163	-5.91098	-0.48281717
BCCDDDCDCCDDDDDDABCDABCABDBACBDCAADDCBCACACBCBABCACBCDCCCBDBACDBBBCBCBBCCACADAACCBBABADBCBAABBBCCBB	['D10C', 'C14D', 'B41C', 'C46B', 'C54D', 'A63D', 'A71B', 'C82B', 'C90B', 'A93B']	10	-0.48629618	-2.2501535	-2.7364416	-0.48628807
BCCDDDCDCCDDDDDDABCDABCABDBACBDCAADDCBCACACBCBABCACBCDCCCBDBACDBBBCBCBBCCACADAACCBBABADBCBAABBBCCBB	['D10C', 'C14D', 'B41C', 'C46B', 'C54D', 'A63D', 'A71B', 'C82B', 'C90B', 'A93B']	10	-0.48629618	-2.2501535	-2.7364416	-0.48628807
BCCDDDCDCDDDBCDDABCDABCABDBACBDCAADDCBCACACBCCABCACBCCCCCBDBACDBBBCBCBBDCCCACAACCCBABADBCBAABBBCCBB	['D13B', 'B41C', 'A63D', 'A71B', 'C72D', 'A74C', 'D77C', 'C90B', 'A93B']	9	-2.2940235	-5.036251	-5.5228004	-0.48654938
BCCDDDCDCCDDDCDDABCDABCABDBACBDCAADDCBCABACBCDABCACBCCCCCCDBDCDCBBCBCBACDACADAACCBBABADBCBAABBBCCBB	['D10C', 'C46D', 'B58C', 'A61D', 'A63D', 'B64C', 'C73D', 'C82B', 'C90B', 'A93B']	10	-0.52915716	-2.928948	-3.4166098	-0.48766184
BCCDDDCDCBDDDCCDABCAABBABDBACBDCAACABBCABACBCDABCCCBCDCCCBDCBCDBBBCBCBBCBACADAACCCBACADBABADBBBCCBB	['D10B', 'D15C', 'D20A', 'C23B', 'D35C', 'D36A', 'C37B', 'C46D', 'A50C', 'C54D', 'B60C', 'A61B', 'A63D', 'A71B', 'C73B', 'B85C', 'C89A', 'C90B', 'A92D', 'A93B']	20	-0.530499	-3.2769947	-3.765998	-0.48900318
BCCDDDCDCADDDDCDABCAABCABDBACBDCAADDCBCABACBCCABCACBCCCCCBDBADDBBBCBCBBCBACACAACCCBABADBCBAAABBCCBB	['D10A', 'C14D', 'D15C', 'D20A', 'C62D', 'A63D', 'A71B', 'C73B', 'D77C', 'C90B']	10	-2.2967072	-3.9286451	-4.4178753	-0.48923016
AAADDDCDCCDDDCDDABCDABCABDBACBDCAADDCBCABACBCCABCACBCCCCCBDBACDCBBCBCBACCACACAACCCBACADBCCAABBBCCBB	['B1A', 'C2A', 'C3A', 'D10C', 'A63D', 'B64C', 'D77C', 'B85C', 'A93B']	9	-2.29747	-4.8087516	-5.2987413	-0.48998976
BCCDDDCDCAADDCCDABCAABCABDBACBDCAACACBCABACBCCABCACBCCCCCBDBADDBBBCBABCDCCCADAACCCBABADBCBAAABBCCBB	['D10A', 'D11A', 'D15C', 'D20A', 'D35C', 'D36A', 'C62D', 'A63D', 'C69A', 'A71C', 'C72D', 'A74C', 'C90B']	13	-2.2995863	-3.9319592	-4.4240694	-0.49211025
BCCDDDCDCCDDDCDDABCDABCABDBACBDCAADDCBCABACBCCABCACBCCCCCBDBACDBBBCBCBACAACACAACCCBABADBCBAAABBCCBB	['D10C', 'A63D', 'C73A', 'D77C', 'C90B']	5	-2.2996397	-4.2983713	-4.790537	-0.49216557
BCCDDDCDCBDADCDDABCDABCABDBACBDCAADDCBCACACBCCABCACBCCDCCBDBADDBBBCBABCCCACACAACCABBBADBCCAAABBCCBB	['D10B', 'D12A', 'B41C', 'C55D', 'C62D', 'A63D', 'C69A', 'A71C', 'D77C', 'C82A', 'A84B']	11	-0.49289274	-4.110969	-4.603861	-0.4928918
AAADDDCDCCDDBCDDABCCABCABDBACBDCBACACBCACACBCCAACACBCACCCBDBADDBBBCBCBDCCACADAACCBBABADBCBAABBBCCBB	['B1A', 'C2A', 'C3A', 'D10C', 'D13B', 'D20C', 'A33B', 'D35C', 'D36A', 'B41C', 'B48A', 'C54A', 'C62D', 'A63D', 'A71D', 'C82B', 'C90B', 'A93B']	18	-2.3005385	-4.180488	-4.6735525	-0.4930644
BCCDDDCDCDDDDDDDABCDABCABDBACBDCAACCCBCACACBCBABCACBCCCCCBDBADDBBBCCCBBCCACADAACCCBABADDCBAABBBCBCB	['C14D', 'D35C', 'D36C', 'B41C', 'C46B', 'C62D', 'A63D', 'B68C', 'A71B', 'B88D', 'C90B', 'A93B', 'C97B', 'B98C']	14	-0.4932623	-3.5650716	-4.058323	-0.49325132
BCCDDDCDCADDDCDDABCDABCABDBACBDCAADDCBCACACBCBAACACBCDCCCBDBADDBBBCBDBBCCACACAACCBBABADBCBAABBBCCBB	['D10A', 'B41C', 'C46B', 'B48A', 'C54D', 'C62D', 'A63D', 'C69D', 'A71B', 'D77C', 'C82B', 'C90B', 'A93B']	13	-0.49397516	-2.4339075	-2.9278746	-0.49396706
BCCDDDCDCADDDCDDABCDABCABDBACBDCAADDCBCACACBCBAACACBCDCCCBDBADDBBBCBDBBCCACACAACCBBABADBCBAABBBCCBB	['D10A', 'B41C', 'C46B', 'B48A', 'C54D', 'C62D', 'A63D', 'C69D', 'A71B', 'D77C', 'C82B', 'C90B', 'A93B']	13	-0.49397516	-2.4339075	-2.9278746	-0.49396706
BCCDDDCDCBDDDCDBABCDABCABDBACBDCBADDBBCACACBCDABCACBCACCCBDBADDBBBCBCBBCDACACAACCBBABADBABAAABBCCBB	['D10B', 'D16B', 'A33B', 'C37B', 'B41C', 'C46D', 'C54A', 'C62D', 'A63D', 'A71B', 'C73D', 'D77C', 'C82B', 'C89A', 'C90B']	15	-0.9193721	-0.5380993	-1.4159784	-0.49660635
BCCDDDCDCDADBCCDABCCABCABDBACBDCAACABBCABACBCCABCACBBDCCCBDBADDBBBCBCBBCCACACAACCCBABADBCBADABBCCBB	['D11A', 'D13B', 'D15C', 'D20C', 'D35C', 'D36A', 'C37B', 'C53B', 'C54D', 'C62D', 'A63D', 'A71B', 'D77C', 'C90B', 'A92D']	15	-2.306602	-3.2457056	-3.7448378	-0.49913216
BCCDDDCDCCDDDCDDABCDABCABDBACBDCAADDCBCABACBCBAACACBCDCCCCDBADDDBBCBCBCCCACACAACCABABADBCBAABBBCCBB	['D10C', 'C46B', 'B48A', 'C54D', 'B58C', 'C62D', 'A63D', 'B64D', 'A71C', 'D77C', 'C82A', 'C90B', 'A93B']	13	-0.50332546	-3.3474183	-3.8507357	-0.50331736
BCADDDCDCBDDDCDDABCDABCABDBACBDCAADDCBCABACBCBABCACBCCCCCBDBACDBBBCBCBBCCACACAACCABABADBCBAABBBCCBB	['C3A', 'D10B', 'C46B', 'A63D', 'A71B', 'D77C', 'C82A', 'C90B', 'A93B']	9	-0.51160336	-2.9362736	-3.4478693	-0.5115957
AAADDDCDCCDDDCDDABCDABCABDBACBDCAACDABCABACBCCAACACBCACCCBDBACABBBCBCBBCCACADAACCBBABADBCCAABBBCCBB	['B1A', 'C2A', 'C3A', 'D10C', 'D35C', 'C37A', 'B48A', 'C54A', 'A71B', 'C82B', 'A93B']	11	-2.320652	-6.2615576	-6.7747364	-0.5131788
BCCDDDCDCCDDBCCDABBAABCABDBACBDCAABAABCABADBCCABCACBCDCCCBDBADCCBBCBCBACCCCADAACCABABADBCCAAABBCCBB	['D10C', 'D13B', 'D15C', 'C19B', 'D20A', 'D35B', 'D36A', 'C37A', 'C43D', 'C54D', 'C62D', 'A63C', 'B64C', 'A74C', 'C82A']	15	-2.3260322	-3.6318574	-4.1504164	-0.518559
BCCDDDCDCCDDDCDDABCDABCABDBACBDCBADDCBCABACBCDABCACBCDCCCBDBACDBBBCBCBBCCCCADAACCCBBBADBCBAABBBCCBB	['D10C', 'A33B', 'C46D', 'C54D', 'A63D', 'A71B', 'A74C', 'A84B', 'C90B', 'A93B']	10	-0.5609951	-3.7915368	-4.3110332	-0.51949644
BCCDDDCDCCDBDCDCABBAABCABDBACBDCAADACBAABACBCCABCACBCDCCCBDCADACBBCBCBBCCACADAACCABABADBCBAAABBCCBB	['D10C', 'D12B', 'D16C', 'C19B', 'D20A', 'D36A', 'C39A', 'C54D', 'B60C', 'C62D', 'B64C', 'A71B', 'C82A', 'C90B']	14	-2.3288984	-3.1730547	-3.694478	-0.52142334
BCCDDDCDCDDDDCDDABBCABCABDBACBDCAACACBCABACBCCABCACBCDCCCBDBACDBBBCBCBACCACADAACCBBABADBCCAAABBCCBB	['C19B', 'D20C', 'D35C', 'D36A', 'C54D', 'A63D', 'C82B']	7	-2.3300376	-4.131916	-4.654478	-0.522562
BCCDDDCDCADDDCDDABCDABCABDBACBDCAADDCBCABACBCCABCACBCCCCCBDBACCBBBCBCBAACCCACAACCCBABADBCCAAABBCCBB	['D10A', 'A63C', 'C72A', 'A74C', 'D77C']	5	-2.3309646	-4.9377427	-5.461233	-0.5234904
BCCDDDCDCCDDDCDDABCDABCABDBACBDCAADDBBCABACBCDABCACBCDDCCBDBACDBBBCBCBBCDACADAACCBBABADBCBAABBBCCBB	['D10C', 'C37B', 'C46D', 'C54D', 'C55D', 'A63D', 'A71B', 'C73D', 'C82B', 'C90B', 'A93B']	11	1.2412257	-1.8274918	-2.3522367	-0.524745
BCCDDDCDCCDDDCDDABCDABCABDBACBDCAADDBBCABACBCDABCACBCDDCCBDBACDBBBCBCBBCDACADAACCBBABADBCBAABBBCCBB	['D10C', 'C37B', 'C46D', 'C54D', 'C55D', 'A63D', 'A71B', 'C73D', 'C82B', 'C90B', 'A93B']	11	1.2412257	-1.8274918	-2.3522367	-0.524745
BCCDDDCDCDDDDCDDABCCABCABDBACBDCAACAABCACACBCCABCACBBCCCCBDBACDBBBCBABBCCACADAACCBBABADBCBAAABBCCBB	['D20C', 'D35C', 'D36A', 'C37A', 'B41C', 'C53B', 'A63D', 'C69A', 'A71B', 'C82B', 'C90B']	11	-2.3328943	-3.9378362	-4.4632607	-0.5254245
BCCDDDCDCCDDDCDDABCDABCABDBACBDCAADDCBCABACBCDAACACBCACCCBDBACDDBBCBCBBCCCCACAACCBBABADBCCAABBBCCBB	['D10C', 'C46D', 'B48A', 'C54A', 'A63D', 'B64D', 'A71B', 'A74C', 'D77C', 'C82B', 'A93B']	11	-0.5670738	-3.9579473	-4.4835224	-0.52557516
BCCDDDCDCBDDDCCDABCDABCABDBACBDCBADDCBCACACBCDABCACBCCCCCBDBADDBBACBCBACCACACAACCCBBBADCCBAABBCCCBB	['D10B', 'D15C', 'A33B', 'B41C', 'C46D', 'C62D', 'A63D', 'B66A', 'D77C', 'A84B', 'B88C', 'C90B', 'A93B', 'B95C']	14	-0.56866837	-2.6142306	-3.1414013	-0.52717066
BCCDDDCDCDDDDCDDABCCABCABDBACBDCAACAABCABACBCCABCACBCDCCCBDBACDBBBCBCBBCCACADAACCABABADBCCAAABBCCBB	['D20C', 'D35C', 'D36A', 'C37A', 'C54D', 'A63D', 'A71B', 'C82A']	8	-2.3362217	-5.2152224	-5.743973	-0.5287504
BCCDDDCDCBDDDCCDABCDABCABDBACBDCAADDBBCABACBCCABCACBCCCCCBDBACDBBBCBCBAACACACAACCCBABADBCCAAABBCCBB	['D10B', 'D15C', 'C37B', 'A63D', 'C72A', 'D77C']	6	-2.3362708	-4.6045012	-5.133296	-0.52879477
BCCDDDCDCCDDDCDDABBCABCABDBACBDCAADABBCABACBCCAACCCBCACCCBDBADDABBCBCBBDCACADAACCBBABADBCCADABBCCBB	['D10C', 'C19B', 'D20C', 'D36A', 'C37B', 'B48A', 'A50C', 'C54A', 'C62D', 'A63D', 'B64A', 'A71B', 'C72D', 'C82B', 'A92D']	15	-2.3368793	-3.6654935	-4.1949024	-0.52940893
BCCDDDCDCCDCDDDDABCDABCABDBACBDCAACDBBCABACBCCAACACBCDCCCBDBACDBBBDBCBCCCACADAACCABABADBCCAAABBCCBB	['D10C', 'D12C', 'C14D', 'D35C', 'C37B', 'B48A', 'C54D', 'A63D', 'C67D', 'A71C', 'C82A']	11	-2.3397365	-3.725429	-4.2576885	-0.53225946
AAADDDCDCCDDDCDDABCCABCABDBACBDCAACABBCABACBCCABCACBCDCCCBDBADDBBBCBCBBCCACADAACCCABBADBCBAAABBCCBB	['B1A', 'C2A', 'C3A', 'D10C', 'D20C', 'D35C', 'D36A', 'C37B', 'C54D', 'C62D', 'A63D', 'A71B', 'B83A', 'A84B', 'C90B']	15	-2.3430834	-4.7233977	-5.2590036	-0.5356059
BCCDDDCDCCDBDCDDABCAABCABDBACBDCAADDCBCABACBBCABCACBCCCCDBDBACDBBBBBCBBBBACADAACCBBABADBCBAAABBCCBB	['D10C', 'D12B', 'D20A', 'C45B', 'C57D', 'A63D', 'C67B', 'A71B', 'C72B', 'C73B', 'C82B', 'C90B']	12	-2.5061202	-2.3435216	-3.0421648	-0.5360446
BCCDDDCDCCDDDCDDABCDABCABDBACBDCBADDCBCABACBCBAACACBCDCCCBDBACACBBCBCBACCBCADAACCBBBBADBCCCAABBCCBB	['D10C', 'A33B', 'C46B', 'B48A', 'C54D', 'B64C', 'A74B', 'C82B', 'A84B', 'A91C']	10	-0.53775024	-3.888877	-4.4266214	-0.5377445
BCCDDDCDCDDDBCDDDDCAABCABDAACBDCAADDCBCABACBCCABCACBCCCCCBDBACDBBBCBCABDCACACAACCCBABADBCBAAABBCCBB	['D13B', 'A17D', 'B18D', 'D20A', 'B27A', 'A63D', 'B70A', 'A71B', 'C72D', 'D77C', 'C90B']	11	-2.3454552	-5.554106	-6.092084	-0.5379777
BCCDDDCDCCDDDCCDABBCABCABDBACBDCAACABBCACACBCCABCACBCDCCCCDAADDBBBCBCCCCCACADAACCBBABADBCBAABBBCCBB	['D10C', 'D15C', 'C19B', 'D20C', 'D35C', 'D36A', 'C37B', 'B41C', 'C54D', 'B58C', 'B60A', 'C62D', 'A63D', 'B70C', 'A71C', 'C82B', 'C90B', 'A93B']	18	-2.3467822	-3.4174232	-3.9567318	-0.53930855
BCCDDDCDCCDDDCDDABCDABCABDBACBDCAADDCBCABACBCDABCACBCCDCCBDBCDDBBBBBCBBCBACADAACCBBBBADBCBAAABBCCBB	['D10C', 'C46D', 'C55D', 'A61C', 'C62D', 'A63D', 'C67B', 'A71B', 'C73B', 'C82B', 'A84B', 'C90B']	12	1.2251153	-1.493578	-2.0344362	-0.54085827
BCCDDDCDCDDDDCCDABCDABCABDBACBDCAADDCBCACACBCCABCACBCCCCCBDBACABBBCBCBACCACACAACCBBABADBCCAAABBCCBB	['D15C', 'B41C', 'D77C', 'C82B']	4	-2.3489718	-4.679925	-5.221423	-0.5414982
BCCDDDCDCCDDDCDDABCDABCABDBACBDCAADDABCABACBCCABCACBCCCCCBDBACDBBBCBCBBCBACACAACCCBBBADBCBAABBBCCBB	['D10C', 'C37A', 'A63D', 'A71B', 'C73B', 'D77C', 'A84B', 'C90B', 'A93B']	9	-2.349329	-5.890186	-6.4320393	-0.5418534
AAADDDCDCDDDDCDDABCDABCABDBACBDCAADDCBCABACBCCABCACBCCCCCBDBACDBBBCBBBBCCACACAACCABABADBCBAAABBCCBB	['B1A', 'C2A', 'C3A', 'A63D', 'C69B', 'A71B', 'D77C', 'C82A', 'C90B']	9	-2.3500643	-3.6490574	-4.1916475	-0.54259014
BCCDDDCDCBDDDCDDABCDABCABDBACBDDAACACBCABACBCBABCACBCCCCCBDBACABBBCBCBBCCACADAACCBBABADBCCAAABBCCBB	['D10B', 'C32D', 'D35C', 'D36A', 'C46B', 'A71B', 'C82B']	7	-0.5443115	-3.598702	-4.143012	-0.5443101
BCCDDDCDCBDBDCDDABBAABCABDBACBDCAACABBCABACBCCABCACBCCCCDBDBADDBBBCBCBBCCACADAACCCBBBADBCBACABBCCBB	['D10B', 'D12B', 'C19B', 'D20A', 'D35C', 'D36A', 'C37B', 'C57D', 'C62D', 'A63D', 'A71B', 'A84B', 'C90B', 'A92C']	14	-2.3532906	-3.0953183	-3.6411362	-0.54581785
BCCDDDCDCCDDDCDDABCDABCABDBACBDCBADDCBCABACBCCABCACBCBCCCBDBACDBBBCBCAACDACADAACCCBABADBABAAABBCCBB	['D10C', 'A33B', 'C54B', 'A63D', 'B70A', 'C73D', 'C89A', 'C90B']	8	-2.358101	-4.884834	-5.435458	-0.5506244
BCCDDDCDCCDDDCDDABCDABCABDBACBDCBADDCBCABACBCCABCACBCBCCCBDBACDBBBCBCAACDACADAACCCBABADBABAAABBCCBB	['D10C', 'A33B', 'C54B', 'A63D', 'B70A', 'C73D', 'C89A', 'C90B']	8	-2.358101	-4.884834	-5.435458	-0.5506244
BCCDDDCDCDDDDCDDABCDABCABDBACBDDAACDABCABACBCDABCACBCCCCCBDBACDBBBCBCBBCCACADAACCBBABADBCCAAABBCCBB	['C32D', 'D35C', 'C37A', 'C46D', 'A63D', 'A71B', 'C82B']	7	-0.5935688	-3.303493	-3.8555632	-0.55207014
AAADDDCDCCDDDCCDABCCABCABDBACBDCBACABBCABACBCDABCCCBCDDCCCDCADDBBBCBCBCABACACAACCBBACADBCBAAABBCCBB	['B1A', 'C2A', 'C3A', 'D10C', 'D15C', 'D20C', 'A33B', 'D35C', 'D36A', 'C37B', 'C46D', 'A50C', 'C54D', 'C55D', 'B58C', 'B60C', 'C62D', 'A63D', 'A71C', 'C72A', 'C73B', 'D77C', 'C82B', 'B85C', 'C90B']	25	1.213758	-0.026895046	-0.57911587	-0.5522208
BCCDDDCDCBDDDCDBABCDABCABDBACBDCBADDCBCABACBCDABCACBBCCCCBDBADDBBBCBCBBCCCCACAACCCBBBADBCBAABBBCCBB	['D10B', 'D16B', 'A33B', 'C46D', 'C53B', 'C62D', 'A63D', 'A71B', 'A74C', 'D77C', 'A84B', 'C90B', 'A93B']	13	-0.59489536	-2.6745691	-3.227972	-0.5534029
BCCDDDCDCBDDDCDBABCDABCABDBACBDCBADDCBCABACBCDABCACBBCCCCBDBADDBBBCBCBBCCCCACAACCCBBBADBCBAABBBCCBB	['D10B', 'D16B', 'A33B', 'C46D', 'C53B', 'C62D', 'A63D', 'A71B', 'A74C', 'D77C', 'A84B', 'C90B', 'A93B']	13	-0.59489536	-2.6745691	-3.227972	-0.5534029
BCCDDDCDCBDDDDCDADCAABCABDBACBDCAACABBCABACBCDABCACBCDCCCBDBADDBBBCBCBDABACADABCCCBBCADBCBAABBBCCBB	['D10B', 'C14D', 'D15C', 'B18D', 'D20A', 'D35C', 'D36A', 'C37B', 'C46D', 'C54D', 'C62D', 'A63D', 'A71D', 'C72A', 'C73B', 'A79B', 'A84B', 'B85C', 'C90B', 'A93B']	20	-0.595428	-2.215425	-2.7693586	-0.5539336
BCCDDDCDCDDDDDDDABBDABCABDBACBDCAADDCBCABACBCCABCACBACCCCBDBACDBBBCBCBACCACADAACCBBABADBCCAAABBCCBB	['C14D', 'C19B', 'C53A', 'A63D', 'C82B']	5	-2.3623166	-4.619616	-5.1744595	-0.5548434
BCCCDDCDCBDDDCDDABCDABCABDBACBDCAADDCBCABACBCDABCCCBCCCCCBDBACDBBBCBBBBCCACCDAACCCBABADBCCBAABBCCBB	['D4C', 'D10B', 'C46D', 'A50C', 'A63D', 'C69B', 'A71B', 'A76C', 'A91B']	9	-0.5965247	-3.1031084	-3.6581345	-0.55502605
BCCDDDCDCDDDDCDDABCDABCABDBACBDCAADDCBCABACBCCABCACBCCCCCBDBACABBBCBCBACCACADAACCBBABADBCCAAABBCCBB	['C82B']	1	-2.3641562	-5.185563	-5.7422457	-0.5566826
BCCDDDCDCDDDDCDDABCDABCABDBACBDCAADDCBCABACBCCABCACBCCCCCBDBACABBBCBCBACCACADAACCBBABADBCCAAABBCCBB	['C82B']	1	-2.3641562	-5.185563	-5.7422457	-0.5566826
BCCDDDCDCCDDDCDDABCDABCABDBACBDCAADDBBCABACBCDABCACBCDCCDBDBACDBBBCBCBCACACADAACCBBACADBCCAABBBCCBB	['D10C', 'C37B', 'C46D', 'C54D', 'C57D', 'A63D', 'A71C', 'C72A', 'C82B', 'B85C', 'A93B']	11	-0.6294522	-0.59908485	-1.1870403	-0.5575881
AAADDDCDCBDDBCCDABCCABCABDBACBDCBACABBCABADBCCABCACBCDCCCBDCADDBBACBABCDCACADAACCCBBBADCCBAAABBCCBB	['B1A', 'C2A', 'C3A', 'D10B', 'D13B', 'D15C', 'D20C', 'A33B', 'D35C', 'D36A', 'C37B', 'C43D', 'C54D', 'B60C', 'C62D', 'A63D', 'B66A', 'C69A', 'A71C', 'C72D', 'A84B', 'B88C', 'C90B']	23	-2.3662715	-3.957903	-4.5167007	-0.55879784
BCCDDDCDCCDDDCDDABBDABCABDBACBDCAADDCBCACACBCCABCACBCCCCCBDBADACBBCBCBACCACCDAACCCBABADBCCAABBBCCBB	['D10C', 'C19B', 'B41C', 'C62D', 'B64C', 'A76C', 'A93B']	7	-2.367167	-4.544774	-5.1044636	-0.5596895
BCCDDDCDCCDDDCDDABCCABCABDBACBDCAACABBCABACBCCAACACBCACCCBDBADDBBBCBCBBCCACACAACCBBABADBCCAABBBCCBB	['D10C', 'D20C', 'D35C', 'D36A', 'C37B', 'B48A', 'C54A', 'C62D', 'A63D', 'A71B', 'D77C', 'C82B', 'A93B']	13	-2.3672457	-4.833543	-5.3933134	-0.5597706
AAADDDCDCBDDDCDDABCAABCABDBACBDDAADCCBCABACBCDBBCACBCBCCCBDBADDBBACBCBBADACADAACCCBABADBCBAAABBCCBB	['B1A', 'C2A', 'C3A', 'D10B', 'D20A', 'C32D', 'D36C', 'C46D', 'A47B', 'C54B', 'C62D', 'A63D', 'B66A', 'A71B', 'C72A', 'C73D', 'C90B']	17	-0.60144234	-1.3663411	-1.9262896	-0.55994844
BCCDDDCDCCDBDCDDABBAABCABDBACBDDBADACBCABADBCDBBCACBCCCCCBDBADDBBBCBCBBCBACADAACCBBABADBCBAAABBCCBB	['D10C', 'D12B', 'C19B', 'D20A', 'C32D', 'A33B', 'D36A', 'C43D', 'C46D', 'A47B', 'C62D', 'A63D', 'A71B', 'C73B', 'C82B', 'C90B']	16	-0.60348463	-0.66047573	-1.2224684	-0.56199265
BCCDDDCDCADDDCDDABCDABCABDBACBDCAACACBCACACBCCABCACBCBCCCBDBACBBBBCBCBBACACADAACCCBBBADBCCAABBBCCBB	['D10A', 'D35C', 'D36A', 'B41C', 'C54B', 'A63B', 'A71B', 'C72A', 'A84B', 'A93B']	10	-2.3702316	-5.1282096	-5.6909666	-0.562757
BCCDDDCDCDDDDCCDABCCABCABDBACBDDBACABBCABADBCDBBCACBCBDCDBDBACDBBBCBCBBCBACADAACCBBABADBABAABBBCCBB	['D15C', 'D20C', 'C32D', 'A33B', 'D35C', 'D36A', 'C37B', 'C43D', 'C46D', 'A47B', 'C54B', 'C55D', 'C57D', 'A63D', 'A71B', 'C73B', 'C82B', 'C89A', 'C90B', 'A93B']	20	1.1998758	-0.2906413	-0.8567438	-0.5661025
AAADDDCDCCDDDCDBABCDABCABDBACBDCBADDCBCABACBCBABCACBCDCCCBDBADDDBBCBCBCCCACACAACCCBBBADBCBADBBBCCBB	['B1A', 'C2A', 'C3A', 'D10C', 'D16B', 'A33B', 'C46B', 'C54D', 'C62D', 'A63D', 'B64D', 'A71C', 'D77C', 'A84B', 'C90B', 'A92D', 'A93B']	17	-0.56719255	-2.5591588	-3.1263456	-0.56718683
BCCDDDCDCDDDDCDBABCCABBABDBACBDCAADACBCABACBCCABCACBCCCCDBDBBCDBBBCBBBDCCACADAACCCBBBADCCBAACBBCCBB	['D16B', 'D20C', 'C23B', 'D36A', 'C57D', 'A61B', 'A63D', 'C69B', 'A71D', 'A84B', 'B88C', 'C90B', 'A93C']	13	-2.375267	-4.470722	-5.038512	-0.56779003
BCCDDDCDCADDBCDDABBCABCABDBACBDCBACABBCABADBCBABCACBBBDCCBDBADDBBBCBCBBCCCCADAACCBBABADBCBAABBBCCBB	['D10A', 'D13B', 'C19B', 'D20C', 'A33B', 'D35C', 'D36A', 'C37B', 'C43D', 'C46B', 'C53B', 'C54B', 'C55D', 'C62D', 'A63D', 'A71B', 'A74C', 'C82B', 'C90B', 'A93B']	20	1.2385182	-0.039492607	-0.6084347	-0.56894207
AAADDDCDCCDDDCDDABCDABCABDBACBDCAADDCBCACACBCBAACACBCDCCCCDCADDBBBCBCBCCCACACAACCBBABADBCBAABBBCCBB	['B1A', 'C2A', 'C3A', 'D10C', 'B41C', 'C46B', 'B48A', 'C54D', 'B58C', 'B60C', 'C62D', 'A63D', 'A71C', 'D77C', 'C82B', 'C90B', 'A93B']	17	-0.5718055	-1.8015041	-2.3733025	-0.5717983
BCCDDDCDCCDDDCCDABCCABCABDBACBDCAACACBCABACBCDABCCCBCDCCCCDCADDBBBCBCBBCCACADAACCBBABADBCBAAABBCCBB	['D10C', 'D15C', 'D20C', 'D35C', 'D36A', 'C46D', 'A50C', 'C54D', 'B58C', 'B60C', 'C62D', 'A63D', 'A71B', 'C82B', 'C90B']	15	-0.61384726	-1.731668	-2.3040218	-0.57235384
BCCDDDCDCCDDDCDDABCDABCABDBACBDCAADDCBCABACBCDABCACBCDCCCBDBACDBBBCBCBDCCACACAACCBBABADBCBAABBBCCBB	['D10C', 'C46D', 'C54D', 'A63D', 'A71D', 'D77C', 'C82B', 'C90B', 'A93B']	9	-0.6156068	-2.5755615	-3.1496696	-0.5741081
BCCDDDCDCCDDBCDDABCDABCABDBACBDCAADDCBCABACBCCABCACBCCCCCBDBACDCBBCBCBBCBACACAACCCBABADBCBAAABBCCBB	['D10C', 'D13B', 'A63D', 'B64C', 'A71B', 'C73B', 'D77C', 'C90B']	8	-2.3829918	-4.815382	-5.3908997	-0.57551765
BCCDDDCDCCDDDCDDABBDABCABDBACBDCAADDABCABACBCCABCACBACCCCBDBADDBBBCBBBACCACADAACCBBABADBCBAAABBCCBB	['D10C', 'C19B', 'C37A', 'C53A', 'C62D', 'A63D', 'C69B', 'C82B', 'C90B']	9	-2.383438	-3.5134645	-4.089428	-0.5759635
BCCDDDCDCCDDDCDDABBDABCABDBACBDCAADDABCABACBCCABCACBACCCCBDBADDBBBCBBBACCACADAACCBBABADBCBAAABBCCBB	['D10C', 'C19B', 'C37A', 'C53A', 'C62D', 'A63D', 'C69B', 'C82B', 'C90B']	9	-2.383438	-3.5134645	-4.089428	-0.5759635
BCCDDDCDCDDDDCDDABCDABCABDBACBDCAACACBCABACBCCABCACBCCCCCBDBADDBBBCBCBADCACADAACCBBABADBCCAABBBCCBB	['D35C', 'D36A', 'C62D', 'A63D', 'C72D', 'C82B', 'A93B']	7	-2.3844771	-4.9048004	-5.481803	-0.5770025
BCCDDDCDCDDDDCDDABCDABCABDBACBDCAACACBCABACBCCABCACBCCCCCBDBADDBBBCBCBADCACADAACCBBABADBCCAABBBCCBB	['D35C', 'D36A', 'C62D', 'A63D', 'C72D', 'C82B', 'A93B']	7	-2.3844771	-4.9048004	-5.481803	-0.5770025
BCCDDDCDCDDDDCDDABCDABCABDBACBDCAACACBCABACBCCABCACBCCCCCBDBADDBBBCBCBADCACADAACCBBABADBCCAABBBCCBB	['D35C', 'D36A', 'C62D', 'A63D', 'C72D', 'C82B', 'A93B']	7	-2.3844771	-4.9048004	-5.481803	-0.5770025
BCCDDDCDCADDBCDDABCAABCABDBACBDCAACAABCABACBCCABCACBCCCCDBDBADDCBBCBCBACCCCADAACCCBABADBCBAABBBCCBB	['D10A', 'D13B', 'D20A', 'D35C', 'D36A', 'C37A', 'C57D', 'C62D', 'A63D', 'B64C', 'A74C', 'C90B', 'A93B']	13	-2.3844833	-3.762721	-4.3397293	-0.57700825
BCCDDDCDCCADBCDCABCDABCABDBACBDDBADDCBCABADBCDABCACBCBCCCBDCACABBBCBCBBCCACADAACCABBBADBCCAABBBCCBB	['D10C', 'D11A', 'D13B', 'D16C', 'C32D', 'A33B', 'C43D', 'C46D', 'C54B', 'B60C', 'A71B', 'C82A', 'A84B', 'A93B']	14	-0.6187053	-2.870288	-3.4474955	-0.57720757
BCCDDDCDCDDDDCDDABCDABCABDBACBDCAADDBBCABACBCCABCACBCCCCCBDBADCBBBCBCBBBCACACAACCABABADBCBAAABBCCBB	['C37B', 'C62D', 'A63C', 'A71B', 'C72B', 'D77C', 'C82A', 'C90B']	8	-2.3868933	-3.6300006	-4.209423	-0.5794225
BCCDDDCDCBDDBCDDABCDABBABDBACDDCAADDABCACACBCCABCACBCCCCCBDBADDBBBCBCCCCCACADAACCCBABADCCCAABBBCCBB	['D10B', 'D13B', 'C23B', 'B30D', 'C37A', 'B41C', 'C62D', 'A63D', 'B70C', 'A71C', 'B88C', 'A93B']	12	-2.3894281	-6.994606	-7.57656	-0.581954
BCCDDDCDCCDDDCDDABCDABCABDBACBDCAACACBCABACBCCAACACBCACCCBDBACDBBBCBCBBCCACADAACCBBABADBCCAAABBCCBB	['D10C', 'D35C', 'D36A', 'B48A', 'C54A', 'A63D', 'A71B', 'C82B']	8	-2.3926888	-5.6389713	-6.224187	-0.58521557
BCCDDDCDCCDDDCDDABBDABCABDBACBDCAADDCBCABACBCBAACACBCDCCCCDBACDBBBCBABACCACACAACCBBBBADBCBAAABBCCBB	['D10C', 'C19B', 'C46B', 'B48A', 'C54D', 'B58C', 'A63D', 'C69A', 'D77C', 'C82B', 'A84B', 'C90B']	12	-0.5860877	-3.0104842	-3.5965643	-0.5860801
BCCDDDCDCDDDDCDDABCDABCABDBACBDCAADDCBCABACBCDABCACBDCCCCBDBADDBBBCBCBACCACACAACCCBBBADBCBACBBCCCBB	['C46D', 'C53D', 'C62D', 'A63D', 'D77C', 'A84B', 'C90B', 'A92C', 'A93B', 'B95C']	10	-0.63233995	-3.0631933	-3.6540394	-0.59084606
BCCDDDCDCCDDBCDDABBCADCABDBACBDCCACACBCABADBCBABCACBBDDCDBDCADDBBBCBCBBACACADAACCBBABADBABADABBCCBB	['D10C', 'D13B', 'C19B', 'D20C', 'B22D', 'A33C', 'D35C', 'D36A', 'C43D', 'C46B', 'C53B', 'C54D', 'C55D', 'C57D', 'B60C', 'C62D', 'A63D', 'A71B', 'C72A', 'C82B', 'C89A', 'C90B', 'A92D']	23	1.1182399	1.215405	0.52617836	-0.5920615
BCCDDDADCCDDBCCDABCAABCABDBACBDCAACBBBCABADBCCAACACBCDCCCBDCACDCBBCBCBACCACACAACCBBBBADBCCAAABBCCBB	['C7A', 'D10C', 'D13B', 'D15C', 'D20A', 'D35C', 'D36B', 'C37B', 'C43D', 'B48A', 'C54D', 'B60C', 'A63D', 'B64C', 'D77C', 'C82B', 'A84B']	17	-2.4056292	-5.093449	-5.6916027	-0.5981536
BCCDDDCDCCDDDCDDABBCABCABDBACBDCAACAABCABACBCCABCACBCDCCCBDCADDBBBCBCBBCCCCADAACCABABADBCCAABCBCCBB	['D10C', 'C19B', 'D20C', 'D35C', 'D36A', 'C37A', 'C54D', 'B60C', 'C62D', 'A63D', 'A71B', 'A74C', 'C82A', 'A93B', 'B94C']	15	-2.406901	-4.3669724	-4.9664	-0.5994277
BCCDDDCDCADDDCDDABCDABCABDBACBDCAADDCBCABACBCDABCACBCDCCCCDBACABBBCBCBACCACACAACCBBABADBCCAAABBCCBB	['D10A', 'C46D', 'C54D', 'B58C', 'D77C', 'C82B']	6	-0.64139557	-2.7382827	-3.3381805	-0.59989786
BCCDDDCDCADDDCDDABCDABCABDBACBDCAADDCBCABACBCDABCACBCDCCCCDBACABBBCBCBACCACACAACCBBABADBCCAAABBCCBB	['D10A', 'C46D', 'C54D', 'B58C', 'D77C', 'C82B']	6	-0.64139557	-2.7382827	-3.3381805	-0.59989786
AAADDDCDCADDDCDBABCCABCABDBACBDCBACABBCABACBCDBBCACBBDCCDCDCDCDBBBCBCBACCACADAACCBAABADBBBAAABBCCBB	['B1A', 'C2A', 'C3A', 'D10A', 'D16B', 'D20C', 'A33B', 'D35C', 'D36A', 'C37B', 'C46D', 'A47B', 'C53B', 'C54D', 'C57D', 'B58C', 'B60C', 'A61D', 'A63D', 'C82B', 'B83A', 'C89B', 'C90B']	23	-1.2901759	-0.6415272	-1.890212	-0.60003614
BCCDDDCDCDDDDCDDABCDABCABDBACBDDAACDBBCACACBCCBBCACBCCCCCBDBACDBBBCBCAACAACACAACCCBABADBCCAABBBCCBB	['C32D', 'D35C', 'C37B', 'B41C', 'A47B', 'A63D', 'B70A', 'C73A', 'D77C', 'A93B']	10	-2.4085195	-4.696495	-5.2975407	-0.6010456
AAADDDCDCCDBBCDDABCBABCABDBACBDCAADACBCABACBCDABCACBCDCCCBDBACDCBBCBCBACCACADAACCABBBADBCCAAABBCCBB	['B1A', 'C2A', 'C3A', 'D10C', 'D12B', 'D13B', 'D20B', 'D36A', 'C46D', 'C54D', 'A63D', 'B64C', 'C82A', 'A84B']	14	-0.6438966	-2.5658422	-3.1682434	-0.60240126
AAADDDCDCCDDBCDCABCDABCABDBACBDCBADDCBCABACBCBAACACBCACCCCDBADCBBBCBCBBCCACACAACCBBABADBCBAABBBCCBB	['B1A', 'C2A', 'C3A', 'D10C', 'D13B', 'D16C', 'A33B', 'C46B', 'B48A', 'C54A', 'B58C', 'C62D', 'A63C', 'A71B', 'D77C', 'C82B', 'C90B', 'A93B']	18	-0.60280275	-2.8274817	-3.4302807	-0.60279894
BCCDDDCDCCDDDCDBABADABCABDBACBDDAADDABCACACBBDBBCACBCCCCCBDBACDBBBCBCBBDCACADAACCBBABADBCBADBBBCCBB	['D10C', 'D16B', 'C19A', 'C32D', 'C37A', 'B41C', 'C45B', 'C46D', 'A47B', 'A63D', 'A71B', 'C72D', 'C82B', 'C90B', 'A92D', 'A93B']	16	-0.6462259	-2.5144358	-3.1191702	-0.6047344
BCCDDDCDCCDDBDDDABCDABCABDBACBDDBADDCBCABACBCDBBCACBBDCCCBDBACDBBBCBBBBCBACACAACCBBABADBCBAAABBCCBB	['D10C', 'D13B', 'C14D', 'C32D', 'A33B', 'C46D', 'A47B', 'C53B', 'C54D', 'A63D', 'C69B', 'A71B', 'C73B', 'D77C', 'C82B', 'C90B']	16	-0.761127	-0.64859486	-1.3682299	-0.6071029
BCCDDDCDCCDDDCDDABCCABCABDBACBDCAABABBCACACBCCABCACBCDCCCBDCACDBBBCBCBBDCACADAACCBBABADBCCAAABBCCBB	['D10C', 'D20C', 'D35B', 'D36A', 'C37B', 'B41C', 'C54D', 'B60C', 'A63D', 'A71B', 'C72D', 'C82B']	12	-2.416191	-3.075708	-3.6844225	-0.6087146
BCCDDDCDCADDDDDDCBCDABCABDBACBDCAADDCBCABACBCCABCACBCCCCCBDBACDBBBCBCBCACACADAACCCBABADBCCAAABBCCCB	['D10A', 'C14D', 'A17C', 'A63D', 'A71C', 'C72A', 'B98C']	7	-2.4174128	-4.939189	-5.5491247	-0.60993576
BCCDDDCDCCDDDCCDAABAABCABDBACBDCAADDCBCABACBCDABCACBCCCCCBDBACDBBBCBCBBDCACACAACCCBBCADACBAAABBCCBB	['D10C', 'D15C', 'B18A', 'C19B', 'D20A', 'C46D', 'A63D', 'A71B', 'C72D', 'D77C', 'A84B', 'B85C', 'B88A', 'C90B']	14	-0.6517801	-3.2728863	-3.883175	-0.6102886
BCCDDDCDCCDDDCDDABCDABCDBDBACBDCAACDBBCABADBCDABCACBCCDCDBDBACDBBBCBCBACCACACAACCBBABADBCCAAABBCCBB	['D10C', 'A24D', 'D35C', 'C37B', 'C43D', 'C46D', 'C55D', 'C57D', 'A63D', 'D77C', 'C82B']	11	1.154347	0.10577297	-0.50585556	-0.61162853
BCCDDDCDCCDBBCDDABCDABCABDBACBDCAADDCBCABACBCCABCACBCCCCCBDBACACBBCBCBACCACADAACCABABADBCCAAABBCCBB	['D10C', 'D12B', 'D13B', 'B64C', 'C82A']	5	-2.4191985	-5.0517316	-5.663453	-0.6117215
BCCDDDCDCADDDCDCABCDABCABDBACBDCAADDCBCABACBCCABCACBCCCCCBDBACBBBBCBCBACCACACAACCABABADBCCAAABBCCBB	['D10A', 'D16C', 'A63B', 'D77C', 'C82A']	5	-2.4206204	-3.8352265	-4.448374	-0.61314726
BCCDDDCDCADDDCCDABCDABCABDBACBDCAACABBCABACBCBABCACBCDCCDBDBACDBBBCBCBBCCACADAACCBBABADBCBAABBBCCBB	['D10A', 'D15C', 'D35C', 'D36A', 'C37B', 'C46B', 'C54D', 'C57D', 'A63D', 'A71B', 'C82B', 'C90B', 'A93B']	13	-0.61467123	-1.0486941	-1.6633606	-0.61466646
BCCDDDCDCCDDDCDDABBAABCABDBACBDCAADDCBCABACBCCABCACBCCCCDBDBADDBBACBCBCCCACACAACCCBABADBCBAAABBCCBB	['D10C', 'C19B', 'D20A', 'C57D', 'C62D', 'A63D', 'B66A', 'A71C', 'D77C', 'C90B']	10	-3.1342716	-2.4227743	-3.74957	-0.6152983
BCCDDDCDCDDDDDDDABCDABCABDBACBDDAADDCBCACACBCDABCACBCCCCCBDBACDBBBCBCBBCCACADAACCBBABADBCCAAABBCCBB	['C14D', 'C32D', 'B41C', 'C46D', 'A63D', 'A71B', 'C82B']	7	-0.65697956	-2.4613924	-3.0768738	-0.6154814
BCCDDDCDCCDDDCDDABCDABCABDBACBDCAADDCBCABACBCCABCACBCCCCCBDBCCDBBBABCBCCCACACAACCCBBBADBCBAABBBCCBB	['D10C', 'A61C', 'A63D', 'C67A', 'A71C', 'D77C', 'A84B', 'C90B', 'A93B']	9	-2.4231052	-5.2658005	-5.8814316	-0.6156311
BCCDDDCDCDDDDCDDABCAABCABDBACBDCAADDBBCABACBCCABCACBCCCCCBDBACDBBBCBCBBCBACADAACCCBBCADBCBAAABBCCBB	['D20A', 'C37B', 'A63D', 'A71B', 'C73B', 'A84B', 'B85C', 'C90B']	8	-2.4242682	-4.728401	-5.345192	-0.6167908
BCCDDDCDCDDDDCDDABCAABCABDBACBDCAADDBBCABACBCCABCACBCCCCCBDBACDBBBCBCBBCBACADAACCCBBCADBCBAAABBCCBB	['D20A', 'C37B', 'A63D', 'A71B', 'C73B', 'A84B', 'B85C', 'C90B']	8	-2.4242682	-4.728401	-5.345192	-0.6167908
BCCDDDCDCCDDDCDDABCDABCABDBACBDCBADDCBCABACBCDABCACBCDCCCBDBACDBBBCBCBBCCACCDAACCCBABADBCCAAABBCCBB	['D10C', 'A33B', 'C46D', 'C54D', 'A63D', 'A71B', 'A76C']	7	-0.6599641	-2.9244452	-3.5429096	-0.61846447
BCCDDDCDCCADDCDDABCDABCABDBACBDCBADDCBCABACBCDBBCACBBDCCCBDBADDBBBBBCBDBBACACAACCCBBCADBCBBAABBCCBB	['D10C', 'D11A', 'A33B', 'C46D', 'A47B', 'C53B', 'C54D', 'C62D', 'A63D', 'C67B', 'A71D', 'C72B', 'C73B', 'D77C', 'A84B', 'B85C', 'C90B', 'A91B']	18	-1.5932784	-0.6609287	-2.212717	-0.61943865
BCCDDDCDCBDDDCDDABCDABCABDBACBDDAADDCBCACACBCDBBCACBCCCCCBDBACDBBBCBCBDDCACACAACCABABADBCBAABBBCCBB	['D10B', 'C32D', 'B41C', 'C46D', 'A47B', 'A63D', 'A71D', 'C72D', 'D77C', 'C82A', 'C90B', 'A93B']	12	-0.66132975	-2.4315758	-3.0514145	-0.6198387
BCCDDDCDCDDDDCDDABCCABCABDBACBDCAADCBBCABACBCCABCACBCCCCCBDBACACBBCBCBACCACADAACCBBABADBCCAAABBCCBB	['D20C', 'D36C', 'C37B', 'B64C', 'C82B']	5	-2.4291687	-4.8076286	-5.429325	-0.6216965
AAADDBCDCAADDCDDABCDABCABDBACBDCAADDCBCABACBCCABCACBCCCCCBDBACDBBBCBCBBCCACACAACCCBABADBCCAABBBCCBB	['B1A', 'C2A', 'C3A', 'D6B', 'D10A', 'D11A', 'A63D', 'A71B', 'D77C', 'A93B']	10	-2.4321084	-4.22387	-4.8484964	-0.62462664
BCCDDDCDCCDDDCCDABCAABCABDBACBDCAADACBCABACBCCABCACBCCCCCCDBADDBBBCBCBACBACADAACCCBABADBCBAAABBCCBB	['D10C', 'D15C', 'D20A', 'D36A', 'B58C', 'C62D', 'A63D', 'C73B', 'C90B']	9	-2.432166	-4.462356	-5.0870447	-0.6246886
BCCDDDCDCCDDDCCDABCDABCABDBACBDCAADACBCABACBCCAACACBCACCCBDBADACBBCBCBACCACADAACCBBABADBCCAAABBCCBB	['D10C', 'D15C', 'D36A', 'B48A', 'C54A', 'C62D', 'B64C', 'C82B']	8	-2.434846	-5.7320085	-6.3593807	-0.62737226
BCCDDDCDCCDCDDDDABCCABCABDBACBDCAACCABCACACBCCABCACBCDCCCBDBACDBBCCBCBCCCACADAACCCBBBADBCBAABBCCCBB	['D10C', 'D12C', 'C14D', 'D20C', 'D35C', 'D36C', 'C37A', 'B41C', 'C54D', 'A63D', 'B66C', 'A71C', 'A84B', 'C90B', 'A93B', 'B95C']	16	-2.4370236	-3.4749904	-4.104537	-0.62954664
BCCDDDCDCDDDDDDDABCDABCABDBACBDCAADDCBCACACBCCABCACBCCCCCBDBACACBBCBCBACCACADAACCBBABADBCCAAABBCCBB	['C14D', 'B41C', 'B64C', 'C82B']	4	-2.4370832	-4.7910595	-5.4206686	-0.6296091
BCCDDDCDCCDDDCDDABCAABCABDBACBDCCACABBCABACBCBABCACBCBCCCCDBBDDBBABBCBCCBACADAACCBBABADBCBAAABBCCBB	['D10C', 'D20A', 'A33C', 'D35C', 'D36A', 'C37B', 'C46B', 'C54B', 'B58C', 'A61B', 'C62D', 'A63D', 'B66A', 'C67B', 'A71C', 'C73B', 'C82B', 'C90B']	18	-0.630672	-1.4049201	-2.0355883	-0.63066816
AAADDDCDCCDDDCCCABCCABCDBDBACBDCAACACBCACADBCDABCACBBDDCDBDBBCBBBBCBCBACCACADAACCBBABADBCCAAABBCCBB	['B1A', 'C2A', 'C3A', 'D10C', 'D15C', 'D16C', 'D20C', 'A24D', 'D35C', 'D36A', 'B41C', 'C43D', 'C46D', 'C53B', 'C54D', 'C55D', 'C57D', 'A61B', 'A63B', 'C82B']	20	1.134407	0.9858875	0.3543148	-0.6315727
BCCDDDCDCCDDDCDDABCCABCABDBACBDCAADAABCACACBCDABCACBCDDCCCDBACDBBBCBCBACCACADAACCBBBBADBCCAAABBCCBB	['D10C', 'D20C', 'D36A', 'C37A', 'B41C', 'C46D', 'C54D', 'C55D', 'B58C', 'A63D', 'C82B', 'A84B']	12	1.1343122	-2.8364167	-3.4680748	-0.6316581
BCCDDDCDCDDDDDCDABCDABCABDBACBDCAADDBBCABACBCCABCACBCCCCCBDBACDBBBCBCBBBBACADAACCABABADBCBAAABBCCBB	['C14D', 'D15C', 'C37B', 'A63D', 'A71B', 'C72B', 'C73B', 'C82A', 'C90B']	9	-2.4428577	-3.5030313	-4.1384153	-0.6353841
BCCDDDCDCCDDDCDDABCCABCDBDBACBDCAACABBCABADBCDABCACBBDCCCBDBADDCBBCBCBCCCDCADAACCABABADBCCAAABBCCBB	['D10C', 'D20C', 'A24D', 'D35C', 'D36A', 'C37B', 'C43D', 'C46D', 'C53B', 'C54D', 'C62D', 'A63D', 'B64C', 'A71C', 'A74D', 'C82A']	16	-0.67924356	-1.1667795	-1.804534	-0.63775444
BCCDDDCDCBDDBCDDABCCABCABDBACDDCAACACBCABACBCCABCACBCCCCCBDBADDDBBCBCBACCCCADAACCCBABADCBCAAABBCCBB	['D10B', 'D13B', 'D20C', 'B30D', 'D35C', 'D36A', 'C62D', 'A63D', 'B64D', 'A74C', 'B88C', 'C89B']	12	-2.450563	-7.4365845	-8.079677	-0.64309216
BCCDDDCDCCDDDCCDCBCAABCABDBACBDCAADACBCABACBCCABCACBCCCCCBDBADDBBBCBCBBCBACADAACCCBBBADBCBAAABBCCBB	['D10C', 'D15C', 'A17C', 'D20A', 'D36A', 'C62D', 'A63D', 'A71B', 'C73B', 'A84B', 'C90B']	11	-2.4509459	-5.1888475	-5.8323183	-0.64347076
BCCDDDCDCADDBCCDABCAABCABDBACBDCAADDCBCACACBCDABCACBCCCCCBDBACDCBBCBCBACCACCDAACCCBABADBBCAAABBCCBB	['D10A', 'D13B', 'D15C', 'D20A', 'B41C', 'C46D', 'A63D', 'B64C', 'A76C', 'C89B']	10	-0.68553257	-3.0168858	-3.660925	-0.64403915
BCCDDDCDCDDDBCDDABCDABCABDBACBDCAADDCBCABACBCCABCACBCCCCCBDBACDCBBCBCBACCACADAACCCBABADBCCADBBBCCBB	['D13B', 'A63D', 'B64C', 'A92D', 'A93B']	5	-2.4519644	-5.5614715	-6.205962	-0.6444907
BCCDDDCDCCDDDCCDABCDABCABDBACBDCAADDCBCACACBCDABCACBCDCCCBDBAACBBBCBDBAACACADAACCBBABADBCCAABBBCCBB	['D10C', 'D15C', 'B41C', 'C46D', 'C54D', 'C62A', 'A63C', 'C69D', 'C72A', 'C82B', 'A93B']	11	-0.6862383	-3.0287676	-3.6735086	-0.64474106
BCCDDDCDCCDDDCDDADCAABCABDBACBDCAADDCBCABACBCCABCACBCCCCDBDBACDBBBCBCBDCBACACAACCCBABADBCBAABBBCCBB	['D10C', 'B18D', 'D20A', 'C57D', 'A63D', 'A71D', 'C73B', 'D77C', 'C90B', 'A93B']	10	-2.4549828	-3.0534215	-3.7009249	-0.6475034
BCCDDDCDCAACBDCCABCAABCABDBACBDCAADACBCABACBCDBACACBDACCCBDBACCCBBCBABDCCCCADAACCBBABADBCBAABBBCCBB	['D10A', 'D11A', 'D12C', 'D13B', 'C14D', 'D15C', 'D16C', 'D20A', 'D36A', 'C46D', 'A47B', 'B48A', 'C53D', 'C54A', 'A63C', 'B64C', 'C69A', 'A71D', 'A74C', 'C82B', 'C90B', 'A93B']	22	-0.6899781	-2.9564257	-3.6049109	-0.6484852
BCCDDDCDCDDDDCDDABCDABCABDBACBDCAADDBBCACACBCCABCACBCCCCDBDBADDBBBBBCBACCACADAACCCBABADBCCAAABBCCBB	['C37B', 'B41C', 'C57D', 'C62D', 'A63D', 'C67B']	6	-4.360677	-2.4565248	-5.0097256	-0.6490488
BCCDDDCDCADDDCCDABCDABCABDBACBDCAACDCBCACACBCCABCACBCCCCCBDBADBBBBCBCBBCCACADAACCCBABADBCBAABBBCCBB	['D10A', 'D15C', 'D35C', 'B41C', 'C62D', 'A63B', 'A71B', 'C90B', 'A93B']	9	-2.4586973	-4.127971	-4.7791967	-0.65122557
BCBDDDCDCBDDDDCDABCBABCABDBACBDCAADDCBCABACBCDABCACBBDCCCBDBACDBBBCBCBBDBACACAACCCBBCADBCBAABBBCCBB	['C3B', 'D10B', 'C14D', 'D15C', 'D20B', 'C46D', 'C53B', 'C54D', 'A63D', 'A71B', 'C72D', 'C73B', 'D77C', 'A84B', 'B85C', 'C90B', 'A93B']	17	-0.69373655	-2.734501	-3.3867445	-0.6522436
BCCDDDCDCDDDDCDDABCDABCABDBACBDCAACABBCABACBCCABCACBCCCCCBDBADDBBBCBCBBCCACCDAACCCBABADBCCAABBBCCBB	['D35C', 'D36A', 'C37B', 'C62D', 'A63D', 'A71B', 'A76C', 'A93B']	8	-2.4601607	-4.8984256	-5.5511103	-0.6526847
BCCDDDCDCCDDBCDDABCDABCABDBACBDCAADDCBCABACBCCABCACBCCCCDBDBADDBBBCBCBBCCACACAACCCBBBADBCBAAABBCCBB	['D10C', 'D13B', 'C57D', 'C62D', 'A63D', 'A71B', 'D77C', 'A84B', 'C90B']	9	-2.4638205	-3.6092777	-4.265626	-0.6563482
BCCDDDCDCCDDDCDDABCDABCABDBACBDCAADDCBCABACBCCABCACBCCCCCBDBACCBBBCBCBACCACACAACCABABADBCCAAABBCCBB	['D10C', 'A63C', 'D77C', 'C82A']	4	-2.4656587	-4.9462843	-5.6044693	-0.658185
AAADDDCDCBADDCCDABCAABCABDBACBDCAADACBCABACBCDBBCACBCBCCCBDCADDBBBCBCBDCBACCDAACCCBBBADBABAABBBCCBB	['B1A', 'C2A', 'C3A', 'D10B', 'D11A', 'D15C', 'D20A', 'D36A', 'C46D', 'A47B', 'C54B', 'B60C', 'C62D', 'A63D', 'A71D', 'C73B', 'A76C', 'A84B', 'C89A', 'C90B', 'A93B']	21	-0.6997318	-1.8713374	-2.5295734	-0.658236
BCCDDDCDCDDDDCDDABCBABCABDBACBDCAADCCBCABACBCCABCACBCCCCCBDBACDBBBCBCBBCCACADAACCCBABADBCBAAABBCCBB	['D20B', 'D36C', 'A63D', 'A71B', 'C90B']	5	-2.4662604	-5.133573	-5.7923574	-0.6587844
BCCDDDCDCCDDDCDDABCDABCABDBACBDCAADDCBCABACBCBAACACBCDCCCBDBACDDBBCBCBDCCACACAACCBBABADBCBAABBBCCBB	['D10C', 'C46B', 'B48A', 'C54D', 'A63D', 'B64D', 'A71D', 'D77C', 'C82B', 'C90B', 'A93B']	11	-0.659986	-3.6443815	-4.3043585	-0.65997696
BCCDDDCDCBADDCDDABCAABCABDBACBDCBACACBCABACBCDABCACBCDCCCBDBADDCBBBBABBBDACADABCCCBBCADBCBAAABBCCBB	['D10B', 'D11A', 'D20A', 'A33B', 'D35C', 'D36A', 'C46D', 'C54D', 'C62D', 'A63D', 'B64C', 'C67B', 'C69A', 'A71B', 'C72B', 'C73D', 'A79B', 'A84B', 'B85C', 'C90B']	20	-0.701859	-1.4629083	-2.1232758	-0.6603675
BCCDDDCDCADDBCCCABCAABCABDBACBDCAADCCBCABACBCCABCACBCCCCCBDBADCABBCBCBBCCACACAACCCBABADBCBAABBBCCBB	['D10A', 'D13B', 'D15C', 'D16C', 'D20A', 'D36C', 'C62D', 'A63C', 'B64A', 'A71B', 'D77C', 'C90B', 'A93B']	13	-2.467924	-4.602366	-5.2628155	-0.6604495
BCCDDDCDCADDBCCCABCAABCABDBACBDCAADCCBCABACBCCABCACBCCCCCBDBADCABBCBCBBCCACACAACCCBABADBCBAABBBCCBB	['D10A', 'D13B', 'D15C', 'D16C', 'D20A', 'D36C', 'C62D', 'A63C', 'B64A', 'A71B', 'D77C', 'C90B', 'A93B']	13	-2.467924	-4.602366	-5.2628155	-0.6604495
BCCDDDCDCADDBCCCABCAABCABDBACBDCAADCCBCABACBCCABCACBCCCCCBDBADCABBCBCBBCCACACAACCCBABADBCBAABBBCCBB	['D10A', 'D13B', 'D15C', 'D16C', 'D20A', 'D36C', 'C62D', 'A63C', 'B64A', 'A71B', 'D77C', 'C90B', 'A93B']	13	-2.467924	-4.602366	-5.2628155	-0.6604495
BCCDDDCDCCDDDCDDABCDABCABDBACBDCAADDCBCABACBCCABCACBCCCCCBDBACACBBCBCBACCACACAACCCBABADDCCAAABBCCBB	['D10C', 'B64C', 'D77C', 'B88D']	4	-2.4693646	-6.5094976	-7.1713877	-0.66189003
BCCDDDCDCCDDDCDDABCCABCDBDBACBDCAACABBCABADBCDABCACBBDCCCBDBACDCBBCBCBACCDCADAACCABABADBCCAAABBCCBB	['D10C', 'D20C', 'A24D', 'D35C', 'D36A', 'C37B', 'C43D', 'C46D', 'C53B', 'C54D', 'A63D', 'B64C', 'A74D', 'C82A']	14	-0.7079344	-1.7389064	-2.4053507	-0.6664443
BCCDDDCDCDDDDCCDABCDABCABDBACBDCAADDCBCABABBCCABCACBCCCCCBDBCDDBBBCBCBADCCCADAACCCBABADBCBAABBBCCBB	['D15C', 'C43B', 'A61C', 'C62D', 'A63D', 'C72D', 'A74C', 'C90B', 'A93B']	9	-2.475412	-4.604039	-5.2719755	-0.6679363
BCCDDDCDCCDDBCDDABCDABCABDBACBDCAADDCBCACACBCCABCACBCCCCCBDBACDBBBCBCBACCCCACAACCCBABADBCBAABBBCCBB	['D10C', 'D13B', 'B41C', 'A63D', 'A74C', 'D77C', 'C90B', 'A93B']	8	-2.4761734	-4.655754	-5.3244524	-0.6686983
BCCDDDCDCCDCDDCDABCCABCDBDBACBDCAACABBCACACBCBABCACBCACCCBDBACDBBBCBCBBDCACADAACCBBABADBCCAAABBCCBB	['D10C', 'D12C', 'C14D', 'D15C', 'D20C', 'A24D', 'D35C', 'D36A', 'C37B', 'B41C', 'C46B', 'C54A', 'A63D', 'A71B', 'C72D', 'C82B']	16	-0.6690788	-1.2826943	-1.9517698	-0.6690755
BCCDDDCDCCDDBCDDABCDABCABDBACBDCBADDCBCABACBCBABCACBCBCCCBDBADDBBBCBCBBBBACACAACCBBABADBCBAAABBCCBB	['D10C', 'D13B', 'A33B', 'C46B', 'C54B', 'C62D', 'A63D', 'A71B', 'C72B', 'C73B', 'D77C', 'C82B', 'C90B']	13	-0.67148924	-0.829813	-1.5012989	-0.6714859
BCCDDDCDCADDBCDDADCDABCABDBACBDCAADDBBCABACBCDABCACBCCDCCBDBBCDBBBCBCBCACACACAACCCBABADDCBAABBBCCBB	['D10A', 'D13B', 'B18D', 'C37B', 'C46D', 'C55D', 'A61B', 'A63D', 'A71C', 'C72A', 'D77C', 'B88D', 'C90B', 'A93B']	14	1.0944128	-3.5009947	-4.172552	-0.6715574
BCCDDDCDCADDDCDDABCDABCABDBACBDCAACACBCABACBCBABCACBCDCCDBDBACDBBBCBCBBCCACADAACCBBABADBCBAABBBCCBB	['D10A', 'D35C', 'D36A', 'C46B', 'C54D', 'C57D', 'A63D', 'A71B', 'C82B', 'C90B', 'A93B']	11	-0.67226076	-1.4349179	-2.1071692	-0.6722512
BCCDDDCDCADDDCDDABCDABCABDBACBDCAACACBCABACBCBABCACBCDCCDBDBACDBBBCBCBBCCACADAACCBBABADBCBAABBBCCBB	['D10A', 'D35C', 'D36A', 'C46B', 'C54D', 'C57D', 'A63D', 'A71B', 'C82B', 'C90B', 'A93B']	11	-0.67226076	-1.4349179	-2.1071692	-0.6722512
BCCDDDCDCDDDDCCDABCDABCABDBACBDCAADDCBCABACBCDABCACBCDCCCCDBACDBBBCBCBACCACADAACCABABADBCBAAABBCCBB	['D15C', 'C46D', 'C54D', 'B58C', 'A63D', 'C82A', 'C90B']	7	-0.713994	-2.7711148	-3.4436111	-0.6724963
AAADDDCDCBDDBCDDABDAABCABDBACBDCBADDCBCABACBCDABCACBCCCCDBDBACDBBBCBCBCCCACACAACCCBBBADDCCAAABBCCBB	['B1A', 'C2A', 'C3A', 'D10B', 'D13B', 'C19D', 'D20A', 'A33B', 'C46D', 'C57D', 'A63D', 'A71C', 'D77C', 'A84B', 'B88D']	15	-0.7186761	-2.511188	-3.1883707	-0.6771827
BCCDDDCDCBDDDCCDABCAABCABDBACBDCAACABBCABACBCDABCCCBCDCCCBDBACDBBBBBCBBCBACADAACCBBABADBCBAAABBCCBB	['D10B', 'D15C', 'D20A', 'D35C', 'D36A', 'C37B', 'C46D', 'A50C', 'C54D', 'A63D', 'C67B', 'A71B', 'C73B', 'C82B', 'C90B']	15	-0.72131395	-1.6684566	-2.348277	-0.67982054
BCCDDDCDCCDDDCDDABCDABCABDBACBDCAADDCBCABACBCDAACACBCCCCCBDBADCBBBCBCBBCCACACAACCBBBBADBCBAABBBCCBB	['D10C', 'C46D', 'B48A', 'C62D', 'A63C', 'A71B', 'D77C', 'C82B', 'A84B', 'C90B', 'A93B']	11	-0.7228942	-4.013029	-4.6944294	-0.6814003
AAADDDCDCCDDDCCDABCCABCABDBACBDCAACABBCABADBCBAACACBCDCCCBDBACDCBBCBCBACCACADAACCBBBCADBCBAAABBCCBB	['B1A', 'C2A', 'C3A', 'D10C', 'D15C', 'D20C', 'D35C', 'D36A', 'C37B', 'C43D', 'C46B', 'B48A', 'C54D', 'A63D', 'B64C', 'C82B', 'A84B', 'B85C', 'C90B']	19	-0.6845541	-2.0860543	-2.770605	-0.68455076
AAADDDCDCADDBDCDAACAABCABDBACBDCAADDCBCABACBCDABCACBCCCCCCDBADDBBBCBCBBCCACACAACCCBABADBCBADABBCCBB	['B1A', 'C2A', 'C3A', 'D10A', 'D13B', 'C14D', 'D15C', 'B18A', 'D20A', 'C46D', 'B58C', 'C62D', 'A63D', 'A71B', 'D77C', 'C90B', 'A92D']	17	-0.72659063	-2.0401397	-2.7252378	-0.6850982
AAADDDCDCDDDDCDDABCBABCABDBACBDCAACACBCABACBCBABCACBCDCCCBDBADDBBBCBCBACCCCADAACCBBABADBCCAAABBCCBB	['B1A', 'C2A', 'C3A', 'D20B', 'D35C', 'D36A', 'C46B', 'C54D', 'C62D', 'A63D', 'A74C', 'C82B']	12	-0.68553257	-1.6342173	-2.3197374	-0.6855202
BCCDDDCDCADDBCDBABCDABCABDBACBDCBACACBCACACBCDABCACBBCCCCBDCCCDBBBCCCBBBAACADAACCCBBBADBCBAAABBCCBB	['D10A', 'D13B', 'D16B', 'A33B', 'D35C', 'D36A', 'B41C', 'C46D', 'C53B', 'B60C', 'A61C', 'A63D', 'B68C', 'A71B', 'C72B', 'C73A', 'A84B', 'C90B']	18	-1.7865896	-0.7272072	-2.4723024	-0.6857128
BCCDDDCDCCDDDCDDABCDABCABDBACBDCAADDBBCABACBCCABCACBCCCCCBDBADCBBBCBCBACCACACAACCABABADBCCAABBBCCBB	['D10C', 'C37B', 'C62D', 'A63C', 'D77C', 'C82A', 'A93B']	7	-2.4934735	-4.4891176	-5.1751184	-0.6860008
BCCDDDCDCCDDDCDDABCDABCABDBACBDCAADDBBCABACBCCABCACBCCCCCBDBADCBBBCBCBACCACACAACCABABADBCCAABBBCCBB	['D10C', 'C37B', 'C62D', 'A63C', 'D77C', 'C82A', 'A93B']	7	-2.4934735	-4.4891176	-5.1751184	-0.6860008
BCCDDDCDCCDDDCDDABCDABCABDBACBDCAADDBBCABACBCCABCACBCCCCCBDBADCBBBCBCBACCACACAACCABABADBCCAABBBCCBB	['D10C', 'C37B', 'C62D', 'A63C', 'D77C', 'C82A', 'A93B']	7	-2.4934735	-4.4891176	-5.1751184	-0.6860008
BCCDDDCDCCDDDCDDABCDABAABDBACBDCAADDCBCABACBCCABCACBCCCCCBDBCDDBBBCBCBBCBACADAACCCBABADBCBAABBBCCBB	['D10C', 'C23A', 'A61C', 'C62D', 'A63D', 'A71B', 'C73B', 'C90B', 'A93B']	9	-2.4945335	-4.4370766	-5.124134	-0.6870575
BCCDDDCDCCDDDCDDABCCABCABDBACBDCAACABBCABACBCCABCACBCDCCCBDBADDBBBCBCBBCCACADAACCCABBADBCBAAABBCCBB	['D10C', 'D20C', 'D35C', 'D36A', 'C37B', 'C54D', 'C62D', 'A63D', 'A71B', 'B83A', 'A84B', 'C90B']	12	-2.4968472	-5.1200714	-5.8094435	-0.68937206
BCCDDDCDCCDBDCDDABBDABCABDBACBDDAADBCBCABACBCDABCACBCCCCCBDBADDBBBCBCBBCBACADAACCBBABADBCCAAABBCCBB	['D10C', 'D12B', 'C19B', 'C32D', 'D36B', 'C46D', 'C62D', 'A63D', 'A71B', 'C73B', 'C82B']	11	-0.73115253	-1.7049923	-2.3946505	-0.68965816
BCCDDDCDCBDDBCDDABCDABCABDBACBDCAADDCBCABADBCDABCACBCDCCCBDBACDBBBCBCBCCCACADAACCBBABADBCCAAABBCCBB	['D10B', 'D13B', 'C43D', 'C46D', 'C54D', 'A63D', 'A71C', 'C82B']	8	-0.7323427	-1.8679447	-2.5587873	-0.6908426
BCCDDDCDCCDDDCDDABCDABCABDBACBDCBACBBBCABACBCCABCACBCDCCCBDBADDBBBBBCBBCBACADAACCCBBBADBCBAAABBCCBB	['D10C', 'A33B', 'D35C', 'D36B', 'C37B', 'C54D', 'C62D', 'A63D', 'C67B', 'A71B', 'C73B', 'A84B', 'C90B']	13	-2.4983735	-4.3601384	-5.051038	-0.6908994
BCCDDDCDCDDDDCDDABCDABBABDBACBDCAADDCBCABACBCDABCACBCCCCCBDCADCCBBCBCBAACACACAACCDBABADBCBAABBBCCBB	['C23B', 'C46D', 'B60C', 'C62D', 'A63C', 'B64C', 'C72A', 'D77C', 'C82D', 'C90B', 'A93B']	11	-0.7349763	-4.3121023	-5.005582	-0.69347954
BCCDDDCDCCDDDCDDABCDABCABDBACBDCAADDCBCABACBCDABCACBCDCCCBDBADDBBBBBCBBBBACACAACCBBABADBCBAAABBCCBB	['D10C', 'C46D', 'C54D', 'C62D', 'A63D', 'C67B', 'A71B', 'C72B', 'C73B', 'D77C', 'C82B', 'C90B']	12	-0.80854845	-0.736743	-1.5037937	-0.69524527
BCCDDDCDCCDDBCDDADBDABCABDBACBDDBADDCBCABACBCDBBCACBCBCCDBDBACDBBBCBCBBCBACADAACCCBBBADBCBAAABBCCBB	['D10C', 'D13B', 'B18D', 'C19B', 'C32D', 'A33B', 'C46D', 'A47B', 'C54B', 'C57D', 'A63D', 'A71B', 'C73B', 'A84B', 'C90B']	15	-0.88622665	-0.7382574	-1.5829916	-0.69676495
BCCDDDCDCCDDDCCDABCDABCABDBACBDDAADDABAACACBCBABCACBCCCCCBDBACDBBBCBCCBCCACADAACCBBABADBCCAAABBCCBB	['D10C', 'D15C', 'C32D', 'C37A', 'C39A', 'B41C', 'C46B', 'A63D', 'B70C', 'A71B', 'C82B']	11	-0.6969652	-2.0798864	-2.7768488	-0.69696236
BCCDDDCDCBDDDDDCABCDABCABDBACBDDAACDBBCABACBCCABCACBCCCCCBDBACDBBBCBCBACCACACAACCCBABADBCCAABBBCCBB	['D10B', 'C14D', 'D16C', 'C32D', 'D35C', 'C37B', 'A63D', 'D77C', 'A93B']	9	-2.5060468	-4.7699213	-5.4684896	-0.69856834
BCCDDDCDCDDDDCDDABCCABCABDBACBDCAADDCBCABACBCCABCACBCCCCCBDBADDBBBCBCBACCACADAACCDBABADBCCAABBBCCBB	['D20C', 'C62D', 'A63D', 'C82D', 'A93B']	5	-2.5060859	-5.7058454	-6.404454	-0.6986089
BCCDDDCDCDDDDCDDABCCABCABDBACBDCAADDCBCABACBCCABCACBCCCCCBDBADDBBBCBCBACCACADAACCDBABADBCCAABBBCCBB	['D20C', 'C62D', 'A63D', 'C82D', 'A93B']	5	-2.5060859	-5.7058454	-6.404454	-0.6986089
BCCDDDCDCDDDDCDDABCCABCABDBACBDDAADACBCABADBCDBBCACBCCCCCBDBACCCBBCBCBAACACADAACCBBABADBCCAABBBCCBB	['D20C', 'C32D', 'D36A', 'C43D', 'C46D', 'A47B', 'A63C', 'B64C', 'C72A', 'C82B', 'A93B']	11	-0.74996185	-2.8360806	-3.544549	-0.70846844
BCCDDDCDCADDDCDDABCCABCABDBACBDCAADACBCABACBCDABCACBCDCCCBDBACDBBBCBCBBDCACADAACCABABADBCBAABBBCCBB	['D10A', 'D20C', 'D36A', 'C46D', 'C54D', 'A63D', 'A71B', 'C72D', 'C82A', 'C90B', 'A93B']	11	-0.75099564	-2.8980012	-3.6074972	-0.709496
BCCDDDCDCCCDBCDDADCDADCABDBACBDCCACABBCABACBCDABCACBCDCCCCDBADDBBBCBABBCCCCADAACCCBBBADBCBADABBCCBB	['D10C', 'D11C', 'D13B', 'B18D', 'B22D', 'A33C', 'D35C', 'D36A', 'C37B', 'C46D', 'C54D', 'B58C', 'C62D', 'A63D', 'C69A', 'A71B', 'A74C', 'A84B', 'C90B', 'A92D']	20	-0.75198317	-1.7819653	-2.4924545	-0.7104893
BCCDDDCDCCDADCDDABCDABCABDBACBDCAADDCBCACACBCCABCACBCCCCCBDBADDBBBCBCBACAACACAACCCBBBADBCBAABBBCCBB	['D10C', 'D12A', 'B41C', 'C62D', 'A63D', 'C73A', 'D77C', 'A84B', 'C90B', 'A93B']	10	-2.5210915	-4.363726	-5.077339	-0.71361303
BCCDDDCDCADDBCDBABCCABCABDBACBDCCACACBCABACBCDABCACBCDCCDBDBACDBBBCBCBCCCACADAACCBBABADCCBAAABBCCBB	['D10A', 'D13B', 'D16B', 'D20C', 'A33C', 'D35C', 'D36A', 'C46D', 'C54D', 'C57D', 'A63D', 'A71C', 'C82B', 'B88C', 'C90B']	15	-0.7551737	-1.0914717	-1.8051481	-0.71367645
BCCDDDCDCADDDCDDABCDABCABDBACBDCAADDCBCABACBCAABCACBCDCCDBDBACDBBBCBCBCCCACADAACCBBABADBCCAAABBCCBB	['D10A', 'C46A', 'C54D', 'C57D', 'A63D', 'A71C', 'C82B']	7	-0.96336365	-0.4678316	-1.6790686	-0.7157049
AAADDDCDCCDDDCDDABCDABCABDBACBDCAADDCBDABACBCCABCACBCCCCCCDBACDBBBCBCBACCACACAACCCBABADBCBAABBBCCBB	['B1A', 'C2A', 'C3A', 'D10C', 'C39D', 'B58C', 'A63D', 'D77C', 'C90B', 'A93B']	10	-2.5244064	-5.127932	-5.844859	-0.71692705
BCCDDDCDCCDDBCDCABCDABCABDBACBDCAADDABCACACBCCABCACBCCCCDBDBADACBBCBCBCCCACADAACCBBABADBCCAAABBCCBB	['D10C', 'D13B', 'D16C', 'C37A', 'B41C', 'C57D', 'C62D', 'B64C', 'A71C', 'C82B']	10	-2.5251832	-2.745932	-3.463644	-0.7177119
BCCDDDCDCCDDDCDDABCCABCABDBACBDCAACABBCABACBCDABCACBCDCCDBDCCDDBBBCBCBBACACADAACCCBBCADBCBAABBBCCBB	['D10C', 'D20C', 'D35C', 'D36A', 'C37B', 'C46D', 'C54D', 'C57D', 'B60C', 'A61C', 'C62D', 'A63D', 'A71B', 'C72A', 'A84B', 'B85C', 'C90B', 'A93B']	18	-2.2711344	-0.76007557	-2.9897127	-0.71857834
BCCDDDCDCCDDBCDDABCDABCABDBACBDCBACACBCACACBCCABCACBCBCCCCDBACACBBCBCBACCACADAACCCBABADBCBAABBBCCBB	['D10C', 'D13B', 'A33B', 'D35C', 'D36A', 'B41C', 'C54B', 'B58C', 'B64C', 'C90B', 'A93B']	11	-2.5262175	-5.5846176	-6.303359	-0.7187414
BCCDDDCDCDDDDCDDABCDABCABDBACBDCAADDCBCABACBCCABCACBCBCCCCDBACDBBBCBCBACCACADAACCCBABADBCCAAABBCCBB	['C54B', 'B58C', 'A63D']	3	-2.527192	-5.0599127	-5.779628	-0.7197151
BCCDDDCDCCDDBCDDABCCABCABDBACBDCAADDBBCABACBCCABCACBCCCCCBDBACDBBBCBCBCCCACACAACCCBABADDCCAAABBCCBB	['D10C', 'D13B', 'D20C', 'C37B', 'A63D', 'A71C', 'D77C', 'B88D']	8	-2.5331855	-5.059501	-5.7852077	-0.7257066
BCCDDDCDCCDDBCDDADCDABCABDBACBDCAADDBBCABACBCDABCACBCCCCCBDBBCDBBBCBCBCACACACAACCCBABADACBAABBBCCBB	['D10C', 'D13B', 'B18D', 'C37B', 'C46D', 'A61B', 'A63D', 'A71C', 'C72A', 'D77C', 'B88A', 'C90B', 'A93B']	13	-0.7690749	-2.9498634	-3.6774397	-0.72757626
BCCDDDCDCDDDDCDDABCDABCABDBACBDCCADDABBABACBCCABCACBCCCCCBDBACDBBBCBCBBCCACADAACCCBABADBCCAABBBCCBB	['A33C', 'C37A', 'C39B', 'A63D', 'A71B', 'A93B']	6	-2.5372314	-6.74761	-7.477371	-0.7297611
BCCDDDCDCCDDDCDDABCCABCABDBACBDCAACACBCACACBCCAACACBCACCCBDBACDBBBCBCBBCCACADAACCBBABADBCCAAABBCCBB	['D10C', 'D20C', 'D35C', 'D36A', 'B41C', 'B48A', 'C54A', 'A63D', 'A71B', 'C82B']	10	-2.5386448	-4.955667	-5.6868362	-0.7311692
BCCDDDCDCCADDCDDABCDABCABDBACBDCAAAACBCABACBCCABCACBCCCCCBDBCCDBBBCBCBBDBACADAACCCBBBADBCBAABBBCCBB	['D10C', 'D11A', 'D35A', 'D36A', 'A61C', 'A63D', 'A71B', 'C72D', 'C73B', 'A84B', 'C90B', 'A93B']	12	-2.538989	-5.230353	-5.9618664	-0.7315135
BCCDDDCDCDDDBCCDABCDABCABDBACDDCBADDCBCABACBCCABCACBCCCCCBDBACDBBBCBCBCCCACADAACCCBBBADCCBAAABBCCBB	['D13B', 'D15C', 'B30D', 'A33B', 'A63D', 'A71C', 'A84B', 'B88C', 'C90B']	9	-2.543634	-7.3444576	-8.08062	-0.7361622
AAADDDCDCDDDDCDDABCDABCABDBACBDCAACCCBBACACBCCABCACBCCCCCBDBACDBBBCBCBBCCACADAACCCBABADDCCAABBBCCBB	['B1A', 'C2A', 'C3A', 'D35C', 'D36C', 'C39B', 'B41C', 'A63D', 'A71B', 'B88D', 'A93B']	11	-2.5444446	-6.579932	-7.3168983	-0.73696613
BCCDDDCDCCDDDCCDABCAABCABDBACBDCAACACBCABACBCCABCACBCDCCDBDBACDBBBCBCBDCBCCADAACCCBABADBCBAABBBCCBB	['D10C', 'D15C', 'D20A', 'D35C', 'D36A', 'C54D', 'C57D', 'A63D', 'A71D', 'C73B', 'A74C', 'C90B', 'A93B']	13	-2.5445833	-3.6544008	-4.39151	-0.7371092
BCCDDDCDCCDDCCDDABCDABCABDBACBDCAADDCBCABADBCDBBCACBCDCCCBDBADDCBCBBABADDACCDAACCCBBBADBCBAABBACCBB	['D10C', 'D13C', 'C43D', 'C46D', 'A47B', 'C54D', 'C62D', 'A63D', 'B64C', 'B66C', 'C67B', 'C69A', 'C72D', 'C73D', 'A76C', 'A84B', 'C90B', 'A93B', 'B95A']	19	-1.7696683	-0.7797699	-2.5079422	-0.73827386
BCCDDDCDCADDDCDDABCDABCABDBACBDCAACCCBAACACBCCABCACBCCCCCBDBADDBBBCBCBBCCCCACAACCCBABADBCBAABBBCCBB	['D10A', 'D35C', 'D36C', 'C39A', 'B41C', 'C62D', 'A63D', 'A71B', 'A74C', 'D77C', 'C90B', 'A93B']	12	-2.5460405	-3.7076745	-4.4462404	-0.7385659
AAADDDCDCADDDCDDABCDABCABDBACBDCBACACBCABACBCDAACCCBCDCCCBDBADDBBBCBCBBDCACADAACCBBABADBCBAABBBCCBB	['B1A', 'C2A', 'C3A', 'D10A', 'A33B', 'D35C', 'D36A', 'C46D', 'B48A', 'A50C', 'C54D', 'C62D', 'A63D', 'A71B', 'C72D', 'C82B', 'C90B', 'A93B']	18	-0.78014326	-2.8233209	-3.5619698	-0.7386489
BCCDDDCDCCDBDCDDABCBABCABDBACBDCAACDABCACACBCCABCACBCCCCDBDBACDBBBCBCBBCCACACAACCCBABADBCBAABBBCCBB	['D10C', 'D12B', 'D20B', 'D35C', 'C37A', 'B41C', 'C57D', 'A63D', 'A71B', 'D77C', 'C90B', 'A93B']	12	-2.5471687	-3.324882	-4.064575	-0.73969316
AAADDDCDCADDDCDDABCDABCABDBACBDCAACAABCABACBCCABCACBCCCCCCDBADDBBBCBCBBDBACACAACCCBABADBCBAAABBCCBB	['B1A', 'C2A', 'C3A', 'D10A', 'D35C', 'D36A', 'C37A', 'B58C', 'C62D', 'A63D', 'A71B', 'C72D', 'C73B', 'D77C', 'C90B']	15	-2.5474548	-4.36561	-5.105592	-0.73998165
BCCDDDCDCCDDDCDDABCCABCABDBACBDCAACABBCABACBCDABCACBCDCCCCDBADDBBBBBABBCCACADAACCABBCADBCBAAABBCCBB	['D10C', 'D20C', 'D35C', 'D36A', 'C37B', 'C46D', 'C54D', 'B58C', 'C62D', 'A63D', 'C67B', 'C69A', 'A71B', 'C82A', 'A84B', 'B85C', 'C90B']	17	-0.783957	-1.6857162	-2.4281788	-0.74246264
BCCDDDCDCADDDCCDABCCABCABDBACBDDAACCBBCABACBCDBBCCCBBDCCCBDBADDBBBCBCBACCACABAACCBBABADBCBAABBBCCBB	['D10A', 'D15C', 'D20C', 'C32D', 'D35C', 'D36C', 'C37B', 'C46D', 'A47B', 'A50C', 'C53B', 'C54D', 'C62D', 'A63D', 'D77B', 'C82B', 'C90B', 'A93B']	18	-0.7841861	-1.1639328	-1.9066257	-0.74269295
BCCDDDCDCDDDBCDDABCDABCABDBACBDCBADDCBCABACBCCABCACBCCCCCBDBACABBBCBCBACCACADAACCABBBADBCCAAABBCCBB	['D13B', 'A33B', 'C82A', 'A84B']	4	-2.5508814	-5.901359	-6.6447678	-0.7434087
BCCDDDCDCDDDDCDDABCDABCABDBACBDCAADDCBCACACBCCABCACBCCCCCBDBADDBBBCBCBBDCACACABCCCBABADBCCAABBBCCBB	['B41C', 'C62D', 'A63D', 'A71B', 'C72D', 'D77C', 'A79B', 'A93B']	8	-2.552197	-5.052376	-5.797098	-0.74472237
BCCDDDCDCDDDDCDDABCDABCABDBACBDCAADDCBCABACBCCABCACBCCCCCBDBACDBBBCBCBACCACADAACCDBABADBCCAABBBCCBB	['A63D', 'C82D', 'A93B']	3	-2.5596871	-6.4148164	-7.1670284	-0.75221205
AAADDDCDCCDDDCCDABBCABCABDBACBDCAACACBCACACBCDAACACBCCCCDBDBADDBBBCBCBACCCCADAACCABABADBCBAABBBCCBB	['B1A', 'C2A', 'C3A', 'D10C', 'D15C', 'C19B', 'D20C', 'D35C', 'D36A', 'B41C', 'C46D', 'B48A', 'C57D', 'C62D', 'A63D', 'A74C', 'C82A', 'C90B', 'A93B']	19	-2.4565172	-0.7942462	-3.2092695	-0.7527523
AAADDDCDCDDDDCDDABCDABCABDBACBDCAADDCBCABACBCCABCACBCCCCCBDBADDBBBCBCBBABACACAACCCBABADBCBAAABBCCBB	['B1A', 'C2A', 'C3A', 'C62D', 'A63D', 'A71B', 'C72A', 'C73B', 'D77C', 'C90B']	10	-2.5603423	-4.030086	-4.7829514	-0.7528653
AAADDDCDCDDDDCDDABCDABCABDBACBDCAADDCBCABACBCCABCACBCCCCCBDBADDBBBCBCBBABACACAACCCBABADBCBAAABBCCBB	['B1A', 'C2A', 'C3A', 'C62D', 'A63D', 'A71B', 'C72A', 'C73B', 'D77C', 'C90B']	10	-2.5603423	-4.030086	-4.7829514	-0.7528653
BCCDDDCDCCDDDCCDABCDABCABDBACBDCAACDCBCABACBCDABCACBCCCCCBDBACDBBBCBCBACCACADAACCCBABABBCBADBBCCCBB	['D10C', 'D15C', 'D35C', 'C46D', 'A63D', 'D87B', 'C90B', 'A92D', 'A93B', 'B95C']	10	-0.79472685	-2.5004177	-3.2536478	-0.7532301
BCCDDDCDCCDDBCCDABCDABCABDBACBDDAADDCBCACACBCDABCACBCCCCCBDBACABBBCBBBADCCCADAACCBBABADBDCAAABBCCBB	['D10C', 'D13B', 'D15C', 'C32D', 'B41C', 'C46D', 'C69B', 'C72D', 'A74C', 'C82B', 'C89D']	11	-0.79562855	-2.1684222	-2.9225597	-0.7541375
BCCDDDCDCADDDCDDABCDABCABDBACBDCAACDABCACACBCCABCACBCCCCCBDBACCDBBCBCBBACACADAACCCBABADBCCAABBBCCBB	['D10A', 'D35C', 'C37A', 'B41C', 'A63C', 'B64D', 'A71B', 'C72A', 'A93B']	9	-2.5617037	-5.880535	-6.6347656	-0.7542305
BCCDDDCDCDDDDCDDABCDABCABDBACBDCAADDCBCABACBCCABCACBCCCCCBDBACDBBBCBCBBCCACACAACCCBABADBCBAABBBCCBB	['A63D', 'A71B', 'D77C', 'C90B', 'A93B']	5	-2.5634446	-5.548873	-6.304843	-0.75597
BCCDDDCDCCDBBCDDABCBABCABDBACBDCAADACBCABACBCDABCACBCDCCCBDBACDCBBCBCBACCACADAACCABBBADBCCAAABBCCBB	['D10C', 'D12B', 'D13B', 'D20B', 'D36A', 'C46D', 'C54D', 'A63D', 'B64C', 'C82A', 'A84B']	11	-0.79766035	-2.9625154	-3.7186794	-0.7561641
BCCDDDCDCCDDDCDDABCDABCDBDBACBDCAADACBCABACBCDABCACBCCCCCBDBADCBBBCBCBACCACADAACCABABADBCCAABBBCCBB	['D10C', 'A24D', 'D36A', 'C46D', 'C62D', 'A63C', 'C82A', 'A93B']	8	-0.7986121	-3.027001	-3.7841148	-0.75711393
BCCDDDCDCDDDDCDDABCDABCABDBACBDCAADDCBCABAABCDABCACBCCCCCBDBADDBBBCBCBBACCCACAACCCBABADBCBACBBBCCBB	['C43A', 'C46D', 'C62D', 'A63D', 'A71B', 'C72A', 'A74C', 'D77C', 'C90B', 'A92C', 'A93B']	11	-0.79924107	-3.5632744	-4.32102	-0.75774574
BCCDDDCDCCDDDCDDABCDABCABDBACBDCAADDCBCABACBCCABCACBCCCCCBDBACDBBBCBCBCCCACACAACCCBBBADBCBAAABBCCBB	['D10C', 'A63D', 'A71C', 'D77C', 'A84B', 'C90B']	6	-2.572794	-5.1978965	-5.963214	-0.76531744
BCCDDDCDCCDDDCDDABCDABCABDBACBDCAADDCBCABACBCDABCACBCBCCCCDBACDBBBCBCBACCACCDAACCCBABADBCCAAABBCCBB	['D10C', 'C46D', 'C54B', 'B58C', 'A63D', 'A76C']	6	-0.80897284	-2.6835775	-3.4510498	-0.76747227
BCCDDDCDCCDDDCDDABCDABCABDBACBDCAACDBBCABACBCCABCACBCBCCCBDCADBBBBCBCBCCCACACAACCCBABADBCBAABBCCCBB	['D10C', 'D35C', 'C37B', 'C54B', 'B60C', 'C62D', 'A63B', 'A71C', 'D77C', 'C90B', 'A93B', 'B95C']	12	-2.7828364	-2.5765848	-3.5519438	-0.76910734
BCCDDDCDCDDCDCDDABAAABCABDBACBDCAACAABCABACBCDABCACBCCCCDBDBACDBBBCBCBCCCCCADAACCCBABADBCBAABBCCCBB	['D12C', 'C19A', 'D20A', 'D35C', 'D36A', 'C37A', 'C46D', 'C57D', 'A63D', 'A71C', 'A74C', 'C90B', 'A93B', 'B95C']	14	-2.6734152	-0.8135271	-3.445446	-0.77203083
BCCDDDCDCDDDBCDDABBDABCABDBACBDCBADDCBCABACBBBABCACBCDCCCCDBACDBBBCBCBBCCCCACAACCABBBADBCBAABBBCCBB	['D13B', 'C19B', 'A33B', 'C45B', 'C46B', 'C54D', 'B58C', 'A63D', 'A71B', 'A74C', 'D77C', 'C82A', 'A84B', 'C90B', 'A93B']	15	-0.77231884	-3.9030275	-4.6753387	-0.7723112
BCCDDDCDCDDDDDDDABCDABCABDBACBDCAADDCBCABACBCCABCACBCCCCCBDBADCBBBCBCBACCACADAACCABABADBCCAAABDCCBB	['C14D', 'C62D', 'A63C', 'C82A', 'B95D']	5	-2.5799165	-5.0682483	-5.8406944	-0.77244616
BCCDDDCDCDDDDCCDABCDABCABDBACBDCAADDCBCABACBCBABCACBCDCCCBDBACDBBBCBCAACCACADAACCBBABADBCCAAABBCCBB	['D15C', 'C46B', 'C54D', 'A63D', 'B70A', 'C82B']	6	-0.772624	-3.281427	-4.05404	-0.77261305
BCCDDDCDCCDDBDDDABCDABCABDBACBDCAADDCBCACACBCBABCACBCDDCCBDBACDBBBCBCBBCCACADAACCBBABADBCBAAABBCCBB	['D10C', 'D13B', 'C14D', 'B41C', 'C46B', 'C54D', 'C55D', 'A63D', 'A71B', 'C82B', 'C90B']	11	1.0324283	-1.8788376	-2.6538687	-0.7750311
BCCDDDCDCCDDBDDDABCDABCABDBACBDCAADDCBCACACBCBABCACBCDDCCBDBACDBBBCBCBBCCACADAACCBBABADBCBAAABBCCBB	['D10C', 'D13B', 'C14D', 'B41C', 'C46B', 'C54D', 'C55D', 'A63D', 'A71B', 'C82B', 'C90B']	11	1.0324283	-1.8788376	-2.6538687	-0.7750311
AAADDDCDCCCDBCDBABCCABCABDBACBDCBACABBCACACBCDABCACBCDCCCBDBADDBBBCBCBBCACCADAACCABABADBBBAABBBCCBB	['B1A', 'C2A', 'C3A', 'D10C', 'D11C', 'D13B', 'D16B', 'D20C', 'A33B', 'D35C', 'D36A', 'C37B', 'B41C', 'C46D', 'C54D', 'C62D', 'A63D', 'A71B', 'C73A', 'A74C', 'C82A', 'C89B', 'C90B', 'A93B']	24	-0.8167572	-0.91819763	-1.6934605	-0.77526283
BCCDDDCDCBDBDCDDABACABCABDBACDDCAADDCBCABACBCCABCACBCCCCCBDBACDBBBCBCBACCACACAACCCBABADCBCAAABBCCBB	['D10B', 'D12B', 'C19A', 'D20C', 'B30D', 'A63D', 'D77C', 'B88C', 'C89B']	9	-2.5869226	-6.548382	-7.3278246	-0.7794428
BCCDDDCDCDDDDCDDABCDABCABDBACBDCAADDCBCABACBCCABCACBCCCCCBDBADDBBBCBCBBCCACACAACCCBABADBCBAABBBCCBB	['C62D', 'A63D', 'A71B', 'D77C', 'C90B', 'A93B']	6	-2.5882535	-5.105335	-5.886115	-0.78077984
BCCDDDCDCCDDDCDDABBDABCABDBACBDCAADDABCABACBCCABCACBCDCCCBDCACDCBBCBCBBCDACACAACCCBABADBCBAABBBCCBB	['D10C', 'C19B', 'C37A', 'C54D', 'B60C', 'A63D', 'B64C', 'A71B', 'C73D', 'D77C', 'C90B', 'A93B']	12	-2.5892506	-4.519321	-5.301094	-0.7817731
BCCDDDCDCBDDDDCDABCDABCABDBACBDCAADDBBCABACBCDABCACBCCCCDBDBACDBBBCBCBACCACADAACCBBABADBCCAAABBCCBB	['D10B', 'C14D', 'D15C', 'C37B', 'C46D', 'C57D', 'A63D', 'C82B']	8	-1.4300928	-0.8250685	-2.213663	-0.7835703
BCCDDDCDCDDCDCDDABBDABCABDBACBDDAADDCBCABADBCDBBCCCBCCDCCBDBACDBBBDBCBACCACACAACCBBABADBCBAABBBCCBB	['D12C', 'C19B', 'C32D', 'C43D', 'C46D', 'A47B', 'A50C', 'C55D', 'A63D', 'C67D', 'D77C', 'C82B', 'C90B', 'A93B']	14	0.9815934	-0.6454544	-1.4298353	-0.7843809
BCCDDDCDCDDDBCDDABCAABCABDBACBDCAACACBBABACBCCABCACBCCCCDBDBADDBBBCBCBBCCCCACAACCCBABADBCBAABBBCCBB	['D13B', 'D20A', 'D35C', 'D36A', 'C39B', 'C57D', 'C62D', 'A63D', 'A71B', 'A74C', 'D77C', 'C90B', 'A93B']	13	-2.5953813	-4.382708	-5.170615	-0.7879071
BCCDDDCDCDDBDCDDABCDABCABDBACBDCAADDCBCABACBCCABCACBCCCCCBDBACDBBBCBCBBCCACACAACCCBABADBCBAABBBCCBB	['D12B', 'A63D', 'A71B', 'D77C', 'C90B', 'A93B']	6	-2.5968423	-5.267662	-6.057027	-0.7893648
BCCDDDCDCCDDDCCDABCBABCABDBACBDCAADACBCACACBCDABCACBCCCCCBDBACDCBBCBCBACCACADAACCCBBCADBCBADBBBCCBB	['D10C', 'D15C', 'D20B', 'D36A', 'B41C', 'C46D', 'A63D', 'B64C', 'A84B', 'B85C', 'C90B', 'A92D', 'A93B']	13	-0.83104515	-3.0877748	-3.877325	-0.7895503
BCCDDDCDCCDDDCCDABCBABCABDBACBDCAADACBCACACBCDABCACBCCCCCBDBACDCBBCBCBACCACADAACCCBBCADBCBADBBBCCBB	['D10C', 'D15C', 'D20B', 'D36A', 'B41C', 'C46D', 'A63D', 'B64C', 'A84B', 'B85C', 'C90B', 'A92D', 'A93B']	13	-0.83104515	-3.0877748	-3.877325	-0.7895503
AAADDDADCCDDDCCCABBCABCABDBACBDCAACABBCABACBCCAACACBCDCCCBDBADCBBBCBCBBDCCCADAACCABABADBCBAABBBCCBB	['B1A', 'C2A', 'C3A', 'C7A', 'D10C', 'D15C', 'D16C', 'C19B', 'D20C', 'D35C', 'D36A', 'C37B', 'B48A', 'C54D', 'C62D', 'A63C', 'A71B', 'C72D', 'A74C', 'C82A', 'C90B', 'A93B']	22	-2.5977178	-4.4288406	-5.2190857	-0.79024506
BCCDDDCDCDDDDCDDABCAABCABDBACBDCAADDCBCABACBCCABCACBCCCCCBDBACDBBBCBCBBCBACACAACCCBABADBCBAABBBCCBB	['D20A', 'A63D', 'A71B', 'C73B', 'D77C', 'C90B', 'A93B']	7	-2.5978565	-5.245223	-6.0356026	-0.7903795
BCCDDDCDCCDDDCDDABCDABCABDBACBDCAACDABCACACBCCABCACBCCCCCBDBADDBBBCBCBBCCACADAACCCBBBADBCBAABBBCCBB	['D10C', 'D35C', 'C37A', 'B41C', 'C62D', 'A63D', 'A71B', 'A84B', 'C90B', 'A93B']	10	-2.6000762	-5.378142	-6.170744	-0.79260206
BCCDDDCDCCDDDCDDABCCABCABDBACBDCAACABBCABACBCCABCACBBDCCCBDCACDBBBCBCBBCCACADAACCABABADBCCAAABBCCBB	['D10C', 'D20C', 'D35C', 'D36A', 'C37B', 'C53B', 'C54D', 'B60C', 'A63D', 'A71B', 'C82A']	11	-2.6010232	-3.647688	-4.4412374	-0.79354954
BCCDDDCDCDDDDCDDABCDABCABDBACBDDAADDCBCABACBCBBBCACBCCCCCBDBADDBBBCBCBCCCACACAACCBBABADBCCAABBBCCBB	['C32D', 'C46B', 'A47B', 'C62D', 'A63D', 'A71C', 'D77C', 'C82B', 'A93B']	9	-0.7936382	-2.2667189	-3.0603533	-0.7936344
AAADDDCDCBDDDCDDABBCABCABDBACBDCAACACBCABADBCDABCACBCDDCDBDBACDBBBCBCBBCCACACAACCABABADBCBADBBBCCBB	['B1A', 'C2A', 'C3A', 'D10B', 'C19B', 'D20C', 'D35C', 'D36A', 'C43D', 'C46D', 'C54D', 'C55D', 'C57D', 'A63D', 'A71B', 'D77C', 'C82A', 'C90B', 'A92D', 'A93B']	20	0.9718213	-0.15935516	-0.9535074	-0.79415226
BCCDDDCDCDDDDCDDABCDABCABDBACBDCAADDCBCACACBCCABCACBCCCCCBDBACDCBBCBCBBCBACADAACCCBABADBCBAABBBCCBB	['B41C', 'A63D', 'B64C', 'A71B', 'C73B', 'C90B', 'A93B']	7	-2.605567	-5.061812	-5.8599052	-0.7980933
BCCDDDCDCCADBCDDABCAABCABDBACBDCBADACBCABACBCCABCACBBCCCCBDCADDBBBCBCBBCBACADAACCCBBBADBABAAABBCCBB	['D10C', 'D11A', 'D13B', 'D20A', 'A33B', 'D36A', 'C53B', 'B60C', 'C62D', 'A63D', 'A71B', 'C73B', 'A84B', 'C89A', 'C90B']	15	-2.610609	-4.191562	-4.9946985	-0.80313635
BCCDDDCDCCDDBDCDABCCABCABDBACBDDBADABBCABACBCABBCACBCACCCBDBACDBBACBCBBDCACADAACCABABADBCBADABBCCBB	['D10C', 'D13B', 'C14D', 'D15C', 'D20C', 'C32D', 'A33B', 'D36A', 'C37B', 'C46A', 'A47B', 'C54A', 'A63D', 'B66A', 'A71B', 'C72D', 'C82A', 'C90B', 'A92D']	19	-0.55571985	-1.6373034	-2.4409037	-0.8036003
BCCDDDCDCBDDBCDDABCAABCABDBACBDCAADACBCABACBCDABCACBCDCCCBDBBCDBBBCBCBBCBACADAACCABABADBCBAAABBCCBB	['D10B', 'D13B', 'D20A', 'D36A', 'C46D', 'C54D', 'A61B', 'A63D', 'A71B', 'C73B', 'C82A', 'C90B']	12	-0.84607697	-3.243771	-4.048354	-0.8045831
BCCDDDCDCCDDDCDDABCDABCABDBACBDCAADDCBCABACBCCABCACBCCCCCBDBACACBBCBCBBCDACACAACCCBBBADBCBAAABBCCBB	['D10C', 'B64C', 'A71B', 'C73D', 'D77C', 'A84B', 'C90B']	7	-2.6124277	-5.5351253	-6.340081	-0.80495596
BCCDDDCDCDDDDCDDABCDABCABDBACBDCAADDCBCABACBCCABCACBCCCCCBDBACACBBCBCBACCACADAACCABABADBCCAAABBCCBB	['B64C', 'C82A']	2	-2.6132636	-5.5467663	-6.352557	-0.8057909
AAADDDCDCCDDDCDDABCDABCABDBACBDCAADDCBCABACBCDABCACBCCDCCBDBADDBBBCBCBCBAACACAACCABACADBCBAABBBCCBB	['B1A', 'C2A', 'C3A', 'D10C', 'C46D', 'C55D', 'C62D', 'A63D', 'A71C', 'C72B', 'C73A', 'D77C', 'C82A', 'B85C', 'C90B', 'A93B']	16	0.9599142	-0.54206467	-1.3481255	-0.8060608
BCCDDDCDCADDDCDDABCDABCABDBACBDCAADDBBCABACBCCABCACBCBCCCBDCADDBBBCBCBBCDACADAACCCBABADBCBAABBBCCBB	['D10A', 'C37B', 'C54B', 'B60C', 'C62D', 'A63D', 'A71B', 'C73D', 'C90B', 'A93B']	10	-2.6139412	-3.3654141	-4.171875	-0.80646086
BCCDDDCDCDDDBCDDABCDABCABDBACBDCAACACBCABACBCDABCACBCDCCCBDBADDBBBCBCBBCCCCADAACCBBABADCCCAAABBCCBB	['D13B', 'D35C', 'D36A', 'C46D', 'C54D', 'C62D', 'A63D', 'A71B', 'A74C', 'C82B', 'B88C']	11	-0.8494892	-3.1910224	-3.999014	-0.8079915
BCCDDDCDCCDDDCCCABCAABCABDBACBDCAADDCBCABACBCDABCACBBCCCCBDBBCCBBBCBABBCCACCCAACCCBBCADBCBAAABBCCBB	['D10C', 'D15C', 'D16C', 'D20A', 'C46D', 'C53B', 'A61B', 'A63C', 'C69A', 'A71B', 'A76C', 'D77C', 'A84B', 'B85C', 'C90B']	15	-0.85148	-3.0121522	-3.8221436	-0.80999136
BCCDDDCDCCDDDCCDABCDABCABDBACBDCAADDABCABACBCDABCAABCCCCCBDBACABBBCBCBBCCACADAACCBBABADBCCAAABBCCBB	['D10C', 'D15C', 'C37A', 'C46D', 'C51A', 'A71B', 'C82B']	7	-0.8523588	-4.2935357	-5.104398	-0.81086206
BCCDDDCDCDDDDCDDABCDABCABDBACBDCAADDCBCABACBCCABCACBCCCCCBDBADDBBBCCABACCACACAACCCBABADBCCAACBBCCBB	['C62D', 'A63D', 'B68C', 'C69A', 'D77C', 'A93C']	6	-2.618999	-4.4068346	-5.21836	-0.81152534
BCCDDDCDCDDDDCDDABCDABCABDBACBDCAADDCBCABACBCCABCACBCCCCCBDBACDCBBCBCBACCACACAACCCBABADBCBAABBBCCBB	['A63D', 'B64C', 'D77C', 'C90B', 'A93B']	5	-2.6190996	-5.5338807	-6.3455048	-0.81162405
BCCDDDCDCCDDDCCDABCDABCABDBACBDCAADDCBCABACBCCABCACBCCCCDBDBACDCBBCBCBACCACADAACCCBABADBCCAABBBCCBB	['D10C', 'D15C', 'C57D', 'A63D', 'B64C', 'A93B']	6	-2.6199641	-4.2194448	-5.031933	-0.8124881
BCCDDDCDCADDDCDCABCDABCABDBACBDCAADDCBCABACBCCABCACBCCCCCBDBACDABBCBCBBCCACACAACCCBABADBCCAABBBCCBB	['D10A', 'D16C', 'A63D', 'B64A', 'A71B', 'D77C', 'A93B']	7	-2.6218047	-4.7547812	-5.569111	-0.8143296
BCCDDDCDCCDDDCDDABCDABCABDBACBDCAADDCBCABACBCCABCACBCCCCCBDBACDBBBCBCBACCACADAACCCBABADBCCACBBBCCBB	['D10C', 'A63D', 'A92C', 'A93B']	4	-2.6219535	-5.695547	-6.510025	-0.8144779
BCCDDDCDCCDDBDDDABBDABCABDBACBDDAACBABCABACBCDABCACBBBCCDBDBACDBBBCBCBBCBACCCAACCCBABADBABAAABBCCBB	['D10C', 'D13B', 'C14D', 'C19B', 'C32D', 'D35C', 'D36B', 'C37A', 'C46D', 'C53B', 'C54B', 'C57D', 'A63D', 'A71B', 'C73B', 'A76C', 'D77C', 'C89A', 'C90B']	19	-1.5392466	-0.8574004	-2.355156	-0.8159094
BCCDDDCDCADDDCDDABCDABCABDBACBDCAADDCBCABACBCCABCACBCCCCCBDBACDCBBCBCBACCACADADCCCBABADBCCAAABBCCBB	['D10A', 'A63D', 'B64C', 'A79D']	4	-2.6263013	-4.94038	-5.759207	-0.8188267
BCCDDDCDCDDDDCCDABCDABCABDBACBDCAADACBCABACBCBABCACBCDDCDBDBADDBBBCBCBBCCACADAACCBBACADBCCAABBBCCBB	['D15C', 'D36A', 'C46B', 'C54D', 'C55D', 'C57D', 'C62D', 'A63D', 'A71B', 'C82B', 'B85C', 'A93B']	12	0.9865689	-1.2774296	-2.0983229	-0.8208933
AAADDDCDCCDDBCDDABCDABCABDBACBDCAADDABCABABBCDABCACBCBCCCCDBADDCBBCBCBACCACADAACCABABADBCCAABBBCCBB	['B1A', 'C2A', 'C3A', 'D10C', 'D13B', 'C37A', 'C43B', 'C46D', 'C54B', 'B58C', 'C62D', 'A63D', 'B64C', 'C82A', 'A93B']	15	-0.8627515	-2.6679254	-3.4891815	-0.82125616
BCCDDDCDCCDDDCDDABCAABCABDBACBDCAADACBCABACBCCABCACBCDCCCBDCADDBBBBBCBBCDACADAACCCBBBADBCBAAABBCCBB	['D10C', 'D20A', 'D36A', 'C54D', 'B60C', 'C62D', 'A63D', 'C67B', 'A71B', 'C73D', 'A84B', 'C90B']	12	-2.629015	-4.113595	-4.935134	-0.8215389
BCCDDDCDCCDDDCDDABCDABCABDBACBDCAADDCBCACACBCDABCACBCCCCCBDBADDBBBCBCBACCACADAACCABBBADBCBAABBCCCBB	['D10C', 'B41C', 'C46D', 'C62D', 'A63D', 'C82A', 'A84B', 'C90B', 'A93B', 'B95C']	10	-0.8674712	-1.5897312	-2.4157095	-0.8259783
BCCDDDCDCCDDDCDDABCDABCABDBACBDCAADDCBCABACBCDAACCCBDACCCBDBADABBBCBCBBDCCCACAACCBBABADBCCAABBBCCBB	['D10C', 'C46D', 'B48A', 'A50C', 'C53D', 'C54A', 'C62D', 'A71B', 'C72D', 'A74C', 'D77C', 'C82B', 'A93B']	13	-0.8719044	-4.0991445	-4.929557	-0.8304124
BCCDDDCDCCDDDCCDABCDABCABDBACBDCAACAABCABACBCCABCACBCDCCDBDBACDBBBCBCBBCCACACAACCCBABADBCBAABBBCCBB	['D10C', 'D15C', 'D35C', 'D36A', 'C37A', 'C54D', 'C57D', 'A63D', 'A71B', 'D77C', 'C90B', 'A93B']	12	-2.6379485	-4.4824996	-5.312974	-0.8304744
BCCDDDCDCCADBCDCABCDABCABDBACBDCAACDABCABACBCCABCACBCCCCCBDBACCCBBBBCBACCACACAACCABABADBCCAAABBCCBB	['D10C', 'D11A', 'D13B', 'D16C', 'D35C', 'C37A', 'A63C', 'B64C', 'C67B', 'D77C', 'C82A']	11	-2.638146	-4.5078425	-5.338516	-0.8306737
BCCDDDCDCCADBCDCABCDABCABDBACBDCAACDABCABACBCCABCACBCCCCCBDBACCCBBBBCBACCACACAACCABABADBCCAAABBCCBB	['D10C', 'D11A', 'D13B', 'D16C', 'D35C', 'C37A', 'A63C', 'B64C', 'C67B', 'D77C', 'C82A']	11	-2.638146	-4.5078425	-5.338516	-0.8306737
BCCDDDCDCCDDDCDDABCDABCABDBACBDCAADDCBCABACBCBABCACBCDCCCBDBACDBBBCBCBACCACADAACCBBABADBCCAABBBCCBB	['D10C', 'C46B', 'C54D', 'A63D', 'C82B', 'A93B']	6	-0.83084583	-2.8106003	-3.6414356	-0.83083534
BCCDDDCDCDDDDCCDABCDABCABDBACBDCAADDBBCABACBCCABCACBCCCCCBDBACBBBBCBCBACCACADAACCABABADBCCAAABBCCBB	['D15C', 'C37B', 'A63B', 'C82A']	4	-2.6398678	-4.2614393	-5.093834	-0.8323946
BCCDDDCDCDDDDCDDABCDABCABDBACBDCAACDCBCABACBCCABCACBCCCCCBDBACDBBBCBCBACCACADAACCABABADBCCAABBBCCBB	['D35C', 'A63D', 'C82A', 'A93B']	4	-2.6400309	-5.2797995	-6.1123543	-0.8325548
BCCDDDCDCCDDDCDDABCAABCABDBACBDCAACACBCABACBCDABCACBCCCCCBDBADDCBBCBCBBDCACCDAACCCBABADBCBAABBBCCBB	['D10C', 'D20A', 'D35C', 'D36A', 'C46D', 'C62D', 'A63D', 'B64C', 'A71B', 'C72D', 'A76C', 'C90B', 'A93B']	13	-0.87476254	-3.204454	-4.0377245	-0.83327055
BCCDDDCDCCDDDCDDABCAABCABDBACBDCAACACBCABACBCDABCACBCCCCCBDBADDCBBCBCBBDCACCDAACCCBABADBCBAABBBCCBB	['D10C', 'D20A', 'D35C', 'D36A', 'C46D', 'C62D', 'A63D', 'B64C', 'A71B', 'C72D', 'A76C', 'C90B', 'A93B']	13	-0.87476254	-3.204454	-4.0377245	-0.83327055
BCCDDDCDCDDDDCDDABCDABCABDBACBDCAADDCBCABACBCCABCACBCCCCDBDBACDBBBCBCBBCCACADAACCCBBBADBCBAAABBCCBB	['C57D', 'A63D', 'A71B', 'A84B', 'C90B']	5	-2.6413255	-4.349468	-5.18332	-0.8338518
BCCDDDCDCDDDDCDDABCDABCABDBACBDCAADDCBCABACBCCABCACBCCCCDBDBACDBBBCBCBBCCACADAACCCBBBADBCBAAABBCCBB	['C57D', 'A63D', 'A71B', 'A84B', 'C90B']	5	-2.6413255	-4.349468	-5.18332	-0.8338518
BCCDDDCDCDDDDCDDABCDABCABDBACBDCAADDCBCABACBCCABCACBCCCCDBDBACDBBBCBCBBCCACADAACCCBBBADBCBAAABBCCBB	['C57D', 'A63D', 'A71B', 'A84B', 'C90B']	5	-2.6413255	-4.349468	-5.18332	-0.8338518
BCCDDDCDCDDDDCDDABCDABCABDBACBDCAADDCBCABACBCBABCACBCDCCCBDBACDBBBCBCBBCCACADAACCBBABADBCCAAABBCCBB	['C46B', 'C54D', 'A63D', 'A71B', 'C82B']	5	-0.83413315	-2.7462044	-3.580329	-0.83412457
BCCDDDCDCDDDDCDDABCDABCABDBACBDCAADDCBCABACBCBABCACBCDCCCBDBACDBBBCBCBBCCACADAACCBBABADBCCAAABBCCBB	['C46B', 'C54D', 'A63D', 'A71B', 'C82B']	5	-0.83413315	-2.7462044	-3.580329	-0.83412457
BCCDDDCDCBDDDCDDABCDABCABDBACBDCAADDCBCABACBCDABCACBCDCCCCDBACACBBCBCBBCDACACAACCCBBBADBCBAAABBCCBB	['D10B', 'C46D', 'C54D', 'B58C', 'B64C', 'A71B', 'C73D', 'D77C', 'A84B', 'C90B']	10	-0.8778	-3.6290007	-4.46531	-0.83630943
BCCDDDCDCCDDDCDDABCDABCABDBACBDCBADDCBCABACBCDABCACBCACCCBDBADDBBBBBCBBBBACACAACCBBABADBCBAAABBCCBB	['D10C', 'A33B', 'C46D', 'C54A', 'C62D', 'A63D', 'C67B', 'A71B', 'C72B', 'C73B', 'D77C', 'C82B', 'C90B']	13	-1.3230395	-0.87820435	-2.159748	-0.83670855
AAADDDCDCBDDDCCBABAAADCABDBACBDCAACAABCABACBCDABCACBCDCCCCDCADDBBBBBBBBACACADAACCCBBCADCCBCAABBCCBB	['B1A', 'C2A', 'C3A', 'D10B', 'D15C', 'D16B', 'C19A', 'D20A', 'B22D', 'D35C', 'D36A', 'C37A', 'C46D', 'C54D', 'B58C', 'B60C', 'C62D', 'A63D', 'C67B', 'C69B', 'A71B', 'C72A', 'A84B', 'B85C', 'B88C', 'C90B', 'A91C']	27	-0.8805857	-1.1532254	-1.9923172	-0.8390918
BCCDDDCDCDDDDCDDABCDABCABDBACBDCAADDCBCABACBBCABCACBCDCCCBDBACDBBBCBCBACCACACAACCBBABADBCCAAABBCCBB	['C45B', 'C54D', 'A63D', 'D77C', 'C82B']	5	-2.6472812	-5.277959	-6.1177683	-0.8398094
BCCDDDCDCCDDDCDDABCDABCDBDBACBDCAADDCBCABABBCDABCACBCCCCCBDCADACBBCBABBCCCCACAACCCBBBADBCCAABBBCCBB	['D10C', 'A24D', 'C43B', 'C46D', 'B60C', 'C62D', 'B64C', 'C69A', 'A71B', 'A74C', 'D77C', 'A84B', 'A93B']	13	-0.8830981	-3.7295294	-4.5711336	-0.84160423
BCCDDDCDCCDDDCDDABCDABCABDBACBDCAACDBBCABACBCDABCACBCDCCCBDBACDCBBABCBBDCACADAACCABABADBCBAABBBCCBB	['D10C', 'D35C', 'C37B', 'C46D', 'C54D', 'A63D', 'B64C', 'C67A', 'A71B', 'C72D', 'C82A', 'C90B', 'A93B']	13	-0.88313293	-3.0784454	-3.920082	-0.84163666
BCCDDDCDCDDDDCCDABCDABCABDBACBDCAADACBCABACBCCABCACBCCCCCBDBADBCBBCBCBACCACADAACCDBABADBCCAAABBCCBB	['D15C', 'D36A', 'C62D', 'A63B', 'B64C', 'C82D']	6	-2.6541972	-5.7231035	-6.569831	-0.8467274
BCCDDDCDCDDDDCDDABBDABCABDBACBDCAADDCBCABACBCCABCACBCCCCDBDBACDBBBCBCBACCACADAACCCBABADBCBAAABBCBAB	['C19B', 'C57D', 'A63D', 'C90B', 'C97B', 'B98A']	6	-2.6547365	-3.185041	-4.032301	-0.84726
AAADDDCDCCDDDCCDABCCABCABDBACBDCAACACBCABACBCDABCCCBCDCCCBDBACDBBBCBCBBCCACADAACCBBABADCCCAAABBCCBB	['B1A', 'C2A', 'C3A', 'D10C', 'D15C', 'D20C', 'D35C', 'D36A', 'C46D', 'A50C', 'C54D', 'A63D', 'A71B', 'C82B', 'B88C']	15	-0.88983965	-2.8572402	-3.7055845	-0.8483443
BCCDDDCDCDDDDCDDABCDABCABDBACBDCAADDBBCABACBCDABCACBCDCCDBDBADDBBBABCBBCCACACAACCBBABADBCBAABBBCCBB	['C37B', 'C46D', 'C54D', 'C57D', 'C62D', 'A63D', 'C67A', 'A71B', 'D77C', 'C82B', 'C90B', 'A93B']	12	-0.8915267	-0.92427826	-1.7743092	-0.8500309
BCCDDDCDCDDDDCDDABCAABCABDBACBDCAACACBCABACBCCABCACBCDCCCBDBACACBBCBCBBDCACADAACCCBABADBCBAABBBCCBB	['D20A', 'D35C', 'D36A', 'C54D', 'B64C', 'A71B', 'C72D', 'C90B', 'A93B']	9	-2.657649	-6.4851894	-7.3353624	-0.850173
BCCDDDCDCCCDDCDBABBDABCABDBACBDCBADDCBCACACBCBABCACBCDDCCCDCADDABBCBCBDCAACACAACCBBABADBCBAABBBCCBB	['D10C', 'D11C', 'D16B', 'C19B', 'A33B', 'B41C', 'C46B', 'C54D', 'C55D', 'B58C', 'B60C', 'C62D', 'A63D', 'B64A', 'A71D', 'C73A', 'D77C', 'C82B', 'C90B', 'A93B']	20	0.9570265	0.19845486	-0.6519861	-0.850441
AAADDDCDCCDDDCDDABCAABCABDBACBDCAACACBCABACBCCABCACBCCCCCBDBACDBBBCBABBCCACADAACCCBBBADBCBAAABBCCBB	['B1A', 'C2A', 'C3A', 'D10C', 'D20A', 'D35C', 'D36A', 'A63D', 'C69A', 'A71B', 'A84B', 'C90B']	12	-2.6588678	-5.2894845	-6.140876	-0.8513913
AAADDDCDCDDDDCCDABCCABCABDBACBDCAACABBCACACBCBABCAABCDACCCDBACABBBCBDBACCACADAACCBBACADBDCAAABBCCBB	['B1A', 'C2A', 'C3A', 'D15C', 'D20C', 'D35C', 'D36A', 'C37B', 'B41C', 'C46B', 'C51A', 'C54D', 'C55A', 'B58C', 'C69D', 'C82B', 'B85C', 'C89D']	18	-0.329906	-2.6151252	-3.467454	-0.8523288
AAADDDCDCDDDDCCDABCCABCABDBACBDCAACABBCACACBCBABCAABCDACCCDBACABBBCBDBACCACADAACCBBACADBDCAAABBCCBB	['B1A', 'C2A', 'C3A', 'D15C', 'D20C', 'D35C', 'D36A', 'C37B', 'B41C', 'C46B', 'C51A', 'C54D', 'C55A', 'B58C', 'C69D', 'C82B', 'B85C', 'C89D']	18	-0.329906	-2.6151252	-3.467454	-0.8523288
BCCDDDCDCDDDDCDDABCDABCABDBACBDCAADDCBCABACBCCABCACBCCCCCBDBACDBBBCBCBACCACADAACCCBABADDCCAAABBCCBB	['A63D', 'B88D']	2	-2.660295	-6.131451	-6.98427	-0.85281897
BCCDDDCDCADDDCDDABCDABCABDBACDDCAADDCBCABACBCCABCACBCCCCCBDBACBBBBCBCBBCCACACAACCCBABADCCCAABBBCCBB	['D10A', 'B30D', 'A63B', 'A71B', 'D77C', 'B88C', 'A93B']	7	-2.6604614	-6.9303575	-7.783347	-0.8529897
BCCDDDCDCBDDDCDDABCDABCABDBACBDCAACDBBCABACBCCABCACBCCCCCBDBACDCBBCBCBACDACADAACCCBABADBCBAABBBCCBB	['D10B', 'D35C', 'C37B', 'A63D', 'B64C', 'C73D', 'C90B', 'A93B']	8	-2.6609745	-4.5188265	-5.372323	-0.85349655
BCCDDDCDCBDBBCDDABCDABCABDBACBDCAADDBBCABACBBCABCACBCCCCCBDBACACBBCBCBACCACACAACCBBABADBCCAAABBCCBB	['D10B', 'D12B', 'D13B', 'C37B', 'C45B', 'B64C', 'D77C', 'C82B']	8	-2.662263	-5.2173567	-6.0721474	-0.8547907
BCCDDDCDCCDDBCDDABCAABCABDBACBDCAADACBCACACBCCAACACBCACCCBDBACABBBCBCBBCCACADAACCBBABADBCCAAABBCCBB	['D10C', 'D13B', 'D20A', 'D36A', 'B41C', 'B48A', 'C54A', 'A71B', 'C82B']	9	-2.6623287	-5.7004175	-6.555271	-0.85485363
BCCDDDCDCCDDDCCDABCDABCABDBACBDCAACACBCABACBCCABCACBCCCCCBDBADDBBBCBCBCACACADAACCCBBBADBCBAAABBCCBB	['D10C', 'D15C', 'D35C', 'D36A', 'C62D', 'A63D', 'A71C', 'C72A', 'A84B', 'C90B']	10	-2.6635756	-5.062237	-5.918338	-0.85610104
AAADDDCDCBDDBCDDABCDABCABDBACBDDBADDCBCABACBCDBBCACBCBCCCBDBACDBBACBBBACAACACAACCCBABADBCBAAABBCCBB	['B1A', 'C2A', 'C3A', 'D10B', 'D13B', 'C32D', 'A33B', 'C46D', 'A47B', 'C54B', 'A63D', 'B66A', 'C69B', 'C73A', 'D77C', 'C90B']	16	-0.9521632	-0.89834213	-1.8090086	-0.8568454
BCCDDDCDCBDDDCDDABCDABCABDBACBDCAACDBBCABACBCCABCACBCCCCCBDBACDBBBCBCBCCCACACAACCCBABADBCCADABBCCBB	['D10B', 'D35C', 'C37B', 'A63D', 'A71C', 'D77C', 'A92D']	7	-2.6643362	-4.365579	-5.2224426	-0.8568635
AAADDDCDCCDBBCDDACAAABCABDBACBDCAADAABCACACBCBABCACBBDDCCBDBADDBBBCBCBBCBCCADAACCBBABADBCBAAABBCCBB	['B1A', 'C2A', 'C3A', 'D10C', 'D12B', 'D13B', 'B18C', 'C19A', 'D20A', 'D36A', 'C37A', 'B41C', 'C46B', 'C53B', 'C54D', 'C55D', 'C62D', 'A63D', 'A71B', 'C73B', 'A74C', 'C82B', 'C90B']	23	0.9478049	0.3199134	-0.53975105	-0.85966444
BCCDDDCDCADDDDCDABCDABCABDBACBDCAACCABCABACBCBABCACBCDCCDBDCCDDBBBCBCBACCACADAACCABABADBCCAABBBCCBB	['D10A', 'C14D', 'D15C', 'D35C', 'D36C', 'C37A', 'C46B', 'C54D', 'C57D', 'B60C', 'A61C', 'C62D', 'A63D', 'C82A', 'A93B']	15	-2.7635036	-0.86264133	-3.6261368	-0.8626332
BCCDDDCDCCDDBCDDABCDABBABDBACBDCAACDDBCACACBCDABCACBCCCCCBDBACABBBCBCBCCCACACAACCCBBBADDDCAAABBCCBB	['D10C', 'D13B', 'C23B', 'D35C', 'C37D', 'B41C', 'C46D', 'A71C', 'D77C', 'A84B', 'B88D', 'C89D']	12	-0.90492105	-5.3015914	-6.165018	-0.8634267
BCCDDDCDCCDDDCDDABCDADCDBDBACBDCAADDABCABACBCDABCACBCCDCDBDCCDDBBBCBCBBCCACACAACCCBBBADBCCAABBBCCBB	['D10C', 'B22D', 'A24D', 'C37A', 'C46D', 'C55D', 'C57D', 'B60C', 'A61C', 'C62D', 'A63D', 'A71B', 'D77C', 'A84B', 'A93B']	15	0.9019041	-1.469902	-2.3339758	-0.86407375
BCCDDDCDCCDDDCDDABCAABCABDBACBDCAADDABCACACBCCABCACBCCCCCBDBADDBBBCBCBBCBACACAACCCBABADBCBAABBBCCBB	['D10C', 'D20A', 'C37A', 'B41C', 'C62D', 'A63D', 'A71B', 'C73B', 'D77C', 'C90B', 'A93B']	11	-2.6748095	-4.5067425	-5.374076	-0.8673334
BCCDDDCDCCDDDCCDABCDABCABDBACBDCAADACBCABACBCBABCACBCDCCCBDBACDBBBCBCAACCACADAACCBBABADBCCAAABBCCBB	['D10C', 'D15C', 'D36A', 'C46B', 'C54D', 'A63D', 'B70A', 'C82B']	8	-0.8678646	-3.3456626	-4.213519	-0.8678565
BCCDDDCDCCDDDCCDABCDABCABDBACBDCAADACBCABACBCBABCACBCDCCCBDBACDBBBCBCAACCACADAACCBBABADBCCAAABBCCBB	['D10C', 'D15C', 'D36A', 'C46B', 'C54D', 'A63D', 'B70A', 'C82B']	8	-0.8678646	-3.3456626	-4.213519	-0.8678565
BCCDDDCDCDDDDCCDABCDABCABDBACBDCAACDABCABACBCCABCACBCCCCCBDBADDDBBCBCBACCACADAACCDBABADBCCAAABBCCBB	['D15C', 'D35C', 'C37A', 'C62D', 'A63D', 'B64D', 'C82D']	7	-2.6753497	-6.2474465	-7.115327	-0.86788034
BCCDDDCDCADDDCDDABCBABCABDBACBDCAADACBCABACBCDAACACBCDCCCBDBADDCDBCBCBACCACADAACCBBABADBCCAAABBCCBB	['D10A', 'D20B', 'D36A', 'C46D', 'B48A', 'C54D', 'C62D', 'A63D', 'B64C', 'B65D', 'C82B']	11	-0.91213894	-2.9836779	-3.8543177	-0.8706398
BCCDDDCDCBDDDCDDABCBABCABDBACBDCAACAABCABACBBCABCACBCCCCCBDBACDCBBCBCBACCACADAACCCBBBADBDBAAABBCCBB	['D10B', 'D20B', 'D35C', 'D36A', 'C37A', 'C45B', 'A63D', 'B64C', 'A84B', 'C89D', 'C90B']	11	-2.6781473	-6.844639	-7.715313	-0.87067413
BCCDDDCDCBDDDCDBABCDABCABDBACBDCBADDBBCABACBCDBBCACBCDCCCBDBADDBBBCBCBBCDACADABCCCBBBADBCBAABBBCCBB	['D10B', 'D16B', 'A33B', 'C37B', 'C46D', 'A47B', 'C54D', 'C62D', 'A63D', 'A71B', 'C73D', 'A79B', 'A84B', 'C90B', 'A93B']	15	-0.91306686	-2.1922636	-3.0638332	-0.87156963
BCCDDDCDCCDDDCDDABCDABCABDBACBDCAADDCBCABACBCCAACACBCCCCCBDBACACBBCBCBBCCACADAACCCBABADBCBAABBBCCBB	['D10C', 'B48A', 'B64C', 'A71B', 'C90B', 'A93B']	6	-2.6819248	-6.9236126	-7.7980614	-0.8744488
BCCDDDCDCDDDDCDDABCDABCABDBACBDCAADDCBCABACBCCABCACBCCCCCBDBACDBBBCBCBACCCCACAACCCBABADBCBAAABBCCBB	['A63D', 'A74C', 'D77C', 'C90B']	4	-2.683374	-4.919799	-5.795701	-0.8759022
BCCDDDCDCBDDBCDDABCDABCABDBACDDCBADDCBCABACBBCABCACBCBCCCBDBACDBBBCBCBACCACADAACCCBBBADCCBAABBBCCBB	['D10B', 'D13B', 'B30D', 'A33B', 'C45B', 'C54B', 'A63D', 'A84B', 'B88C', 'C90B', 'A93B']	11	-2.6857648	-8.277038	-9.155326	-0.87828827
BCCDDDCDCDDDDCCDABCDABCABDBACBDDAACABBCABACBCDBBCACBCCCCCBDBADDBBBCBCBBCBACADAACCBBABADBCBAABBBCCBB	['D15C', 'C32D', 'D35C', 'D36A', 'C37B', 'C46D', 'A47B', 'C62D', 'A63D', 'A71B', 'C73B', 'C82B', 'C90B', 'A93B']	14	-0.924067	-2.126247	-3.0088215	-0.88257456
AAADDDCDCCDDBCDDABCCABCABDBACBDCBACCBBCABACBCDABCCCBCDCCCBDBADDBBBCBCBACAACADAACCBBABADBCCAABBBCCBB	['B1A', 'C2A', 'C3A', 'D10C', 'D13B', 'D20C', 'A33B', 'D35C', 'D36C', 'C37B', 'C46D', 'A50C', 'C54D', 'C62D', 'A63D', 'C73A', 'C82B', 'A93B']	18	-1.0664473	-0.9247217	-1.9496727	-0.88322544
BCCDDDCDCCDDDCDDABCDABCABDBACBDCAADDABCABACBCCABCACBCCCCCBDBACDBBBCBCBBCBACACAACCCBABADBCBAABBBCCBB	['D10C', 'C37A', 'A63D', 'A71B', 'C73B', 'D77C', 'C90B', 'A93B']	8	-2.6913967	-5.441675	-6.325597	-0.8839216
BCCDDDCDCCDDDDDDABCDABCABDBACBDCAADDBBCACACBCCAACACBCCCCCBDBACACBBCBCBACCACADAACCBBABADBCCAAABBCCBB	['D10C', 'C14D', 'C37B', 'B41C', 'B48A', 'B64C', 'C82B']	7	-2.6917963	-5.0306687	-5.9149914	-0.88432264
BCCDDDCDCCDDDCDDABCDABCABDBACBDCAADDCBCABACBCCABCACBCCCCCBDBACDBBBCBCBCCCACADAACCCBBCADBCCAAABBCCBB	['D10C', 'A63D', 'A71C', 'A84B', 'B85C']	5	-2.691884	-5.162421	-6.04683	-0.88440895
BCCDDDCDCADDDCDDABCAABCABDBACBDCAADACBCABACBCDABCACBCCCCCBDBACDBBBCBCBBCCACCDAACCCBBBADBCCAAABBCCBB	['D10A', 'D20A', 'D36A', 'C46D', 'A63D', 'A71B', 'A76C', 'A84B']	8	-0.9264369	-3.4824734	-4.3674126	-0.8849392
BCCDDDCDCDDDDCDDABCAABCABDBACBDCAACACBCABACBCCABCACBCCCCCBDBADDCBBCBCBACCCCADAACCCBABADBCBAAABBCCBB	['D20A', 'D35C', 'D36A', 'C62D', 'A63D', 'B64C', 'A74C', 'C90B']	8	-2.6942496	-4.8744683	-5.761245	-0.88677645
BCCDDDCDCBDDDCDDABCDABCABDBACDDCAADDCBCABACBCCABCACBCCCCCBDBACDBBBCBCBACCACACAACCCBABADCCCAABBBCCBB	['D10B', 'B30D', 'A63D', 'D77C', 'B88C', 'A93B']	6	-2.6943388	-7.3135147	-8.200379	-0.88686466
BCCDDDCDCBDDDCDDABCDABCABDBACDDCAADDCBCABACBCCABCACBCCCCCBDBACDBBBCBCBACCACACAACCCBABADCCCAABBBCCBB	['D10B', 'B30D', 'A63D', 'D77C', 'B88C', 'A93B']	6	-2.6943388	-7.3135147	-8.200379	-0.88686466
BCCDDDCDCBDDDCDDABCDABCABDBACDDCAADDCBCABACBCCABCACBCCCCCBDBACDBBBCBCBACCACACAACCCBABADCCCAABBBCCBB	['D10B', 'B30D', 'A63D', 'D77C', 'B88C', 'A93B']	6	-2.6943388	-7.3135147	-8.200379	-0.88686466
BCCDDDCDCCDDDCDDABCAABCABDBACBDCAADDABCACACBCCABCACBCCCCCBDBADDBBBCBCBBCBACACAACCCBBBADBCCAABBBCCBB	['D10C', 'D20A', 'C37A', 'B41C', 'C62D', 'A63D', 'A71B', 'C73B', 'D77C', 'A84B', 'A93B']	11	-2.6945634	-5.1361866	-6.0232744	-0.8870878
BCCDDDCDCDDDDCDDCBCDABCABDBACBDCAADDCBCACACBCCABCACBCCCCCCDBADDBBBCBCBCCCACADAACCCBABADBCBAABBBCCBB	['A17C', 'B41C', 'B58C', 'C62D', 'A63D', 'A71C', 'C90B', 'A93B']	8	-2.6948366	-4.6920853	-5.579443	-0.8873577
BCCDDDCDCCDCDDDDABCDABCDBDBACBDCAACABBCACACBCDABCACBCDDCCBDCADDBBBCBCBCDCACACAACCBBABADBCCAABBBCCBB	['D10C', 'D12C', 'C14D', 'A24D', 'D35C', 'D36A', 'C37B', 'B41C', 'C46D', 'C54D', 'C55D', 'B60C', 'C62D', 'A63D', 'A71C', 'C72D', 'D77C', 'C82B', 'A93B']	19	0.8777938	-0.891552	-1.7797298	-0.8881779
BCCDDDCDCCDCDDDDABCDABCDBDBACBDCAACABBCACACBCDABCACBCDDCCBDCADDBBBCBCBCDCACACAACCBBABADBCCAABBBCCBB	['D10C', 'D12C', 'C14D', 'A24D', 'D35C', 'D36A', 'C37B', 'B41C', 'C46D', 'C54D', 'C55D', 'B60C', 'C62D', 'A63D', 'A71C', 'C72D', 'D77C', 'C82B', 'A93B']	19	0.8777938	-0.891552	-1.7797298	-0.8881779
AAADDDCDCDDDDCDDABCDABCABDBACBDCAADDABCABACBCCABCACBCCCCCBDBADDBBBCBCBACCACACAACCCBABADDCCAAABBCCBB	['B1A', 'C2A', 'C3A', 'C37A', 'C62D', 'A63D', 'D77C', 'B88D']	8	-2.6963725	-5.5414944	-6.4303913	-0.88889694
BCCDDDCDCCDDBCDDABCDABCABDBACBDCBACDCBBABACBCDABCACBCBCCCBDCCCDBBBCBCBBCCACADAACCDBBBADBCBAABBBCCBB	['D10C', 'D13B', 'A33B', 'D35C', 'C39B', 'C46D', 'C54B', 'B60C', 'A61C', 'A63D', 'A71B', 'C82D', 'A84B', 'C90B', 'A93B']	15	-0.9312377	-4.4345145	-5.324255	-0.88974047
BCCDDDCDCCDDACDDABCDABCABDBACBDCAADDBBCABACBCCABCACBCCCCCBDBADDBBBCBDBCACACADAACCCBABADBCCAABBBCCBB	['D10C', 'D13A', 'C37B', 'C62D', 'A63D', 'C69D', 'A71C', 'C72A', 'A93B']	9	-2.6985636	-4.834749	-5.7258415	-0.8910923
BCCDDDCDCCDDBCCDABCCABBABDBACBDCBADDCBCABACBCDABCACBBBCCCBDBACDBBBCBABBCBACACAACCCBABADBCBAAABBCCBB	['D10C', 'D13B', 'D15C', 'D20C', 'C23B', 'A33B', 'C46D', 'C53B', 'C54B', 'A63D', 'C69A', 'A71B', 'C73B', 'D77C', 'C90B']	15	-0.93311787	-2.0687008	-2.9603262	-0.8916254
AAADDDCDCBDDDCDDABCDABCABDBACBDCAADDCBCABACBCDABCACBCCCCCBDBACDBBBCBCBBCDACADABCCCBBBADBCBAABBBCCBB	['B1A', 'C2A', 'C3A', 'D10B', 'C46D', 'A63D', 'A71B', 'C73D', 'A79B', 'A84B', 'C90B', 'A93B']	12	-0.934577	-3.271267	-4.1643467	-0.89307976
BCCDDDCDCADDDCDDABCDABCABDBACBDCAACAABCABACBCCABCACBCCCCCCDBADDBBBCBCBBDBACACAACCCBABADBCBAAABBCCBB	['D10A', 'D35C', 'D36A', 'C37A', 'B58C', 'C62D', 'A63D', 'A71B', 'C72D', 'C73B', 'D77C', 'C90B']	12	-2.7012196	-4.7622843	-5.6560297	-0.8937454
BCCDDDCDCCDDDCDDABCCABCDBDBACBDCAACAABCACACBCDABCACBCDCCCBDBACCBBBCBCBBACACACAACCCBBBADBCCCABBBCCBB	['D10C', 'D20C', 'A24D', 'D35C', 'D36A', 'C37A', 'B41C', 'C46D', 'C54D', 'A63C', 'A71B', 'C72A', 'D77C', 'A84B', 'A91C', 'A93B']	16	-0.9355302	-3.4460893	-4.3401203	-0.89403105
BCCDDDCDCCDDDCDDABCDABCABDBACBDCBDDDBBCABACBCCABCACBCCCCCBDBADDBBBCBCBACBACACAACCCBBBADBCBAABBBCCBB	['D10C', 'A33B', 'A34D', 'C37B', 'C62D', 'A63D', 'C73B', 'D77C', 'A84B', 'C90B', 'A93B']	11	-2.7021103	-5.2128325	-6.1074696	-0.8946371
BCCCDDCDCBDDDCDDABCDABCABDBACBDCAADDCBCABACBCDABCCCBCDCCCBDBACDBBBCBBBBCCACCDAACCCBABADBBCAAABBCCBB	['D4C', 'D10B', 'C46D', 'A50C', 'C54D', 'A63D', 'C69B', 'A71B', 'A76C', 'C89B']	10	-0.93634176	-3.507882	-4.402725	-0.8948431
AAADDDCDCDABDCCDABBDABCABDBACBDCAADDCBCABACBCCABCACBCCCCCBDBACCBBBCBCBACCACADAACCDBABADBCCAAABBCCBB	['B1A', 'C2A', 'C3A', 'D11A', 'D12B', 'D15C', 'C19B', 'A63C', 'C82D']	9	-2.7041192	-5.044954	-5.941599	-0.89664507
BCCDDDCDCDDDDCDDABCDABCABDBACBDCAADDCBCACACBCCABCACBCCCCCBDBACDBBBCBCBACCACACAACCCBABADDCCAABBBCCBB	['B41C', 'A63D', 'D77C', 'B88D', 'A93B']	5	-2.705708	-5.998404	-6.896637	-0.89823294
BCCDDDCDCCADBCCDABCAABCABDBACBDCBACABBCABACBCDABCACBCBDCDBDBADDBBBCBCBBBBACADAACCBBABADBCBAAABBCCBB	['D10C', 'D11A', 'D13B', 'D15C', 'D20A', 'A33B', 'D35C', 'D36A', 'C37B', 'C46D', 'C54B', 'C55D', 'C57D', 'C62D', 'A63D', 'A71B', 'C72B', 'C73B', 'C82B', 'C90B']	20	0.74637365	0.86679554	-0.15280437	-0.899178
BCCDDDCDCCDDBDDDABBDABCABDBACBDDAACDABCABACBCDABCACBBBCCDBDBACDBBBCBCBBCBACACAACCCBABADBABAAABBCCBB	['D10C', 'D13B', 'C14D', 'C19B', 'C32D', 'D35C', 'C37A', 'C46D', 'C53B', 'C54B', 'C57D', 'A63D', 'A71B', 'C73B', 'D77C', 'C89A', 'C90B']	17	-2.7144222	-0.9475498	-3.6204824	-0.9060602
BCCDDDCDCDADDCDDABCDABCABDBACBDCAADDCBCABACBCCABCACBCCCCCBDBACDBBBCBCBBBBACADAACCCBBBADBCBAAABBCCBB	['D11A', 'A63D', 'A71B', 'C72B', 'C73B', 'A84B', 'C90B']	7	-2.715321	-4.559769	-5.467618	-0.90784883
BCCDDDCDCCDDDCDDABCAABCABDBACBDCAADDCBCABACBCDABCACBCCCCCBDBACACBBCBCBAAACCACAACCCBABADBCBAABBBCCBB	['D10C', 'D20A', 'C46D', 'B64C', 'C72A', 'C73A', 'A74C', 'D77C', 'C90B', 'A93B']	10	-0.95029354	-3.2483997	-4.157196	-0.9087963
BCCDDDCDCCDDDCDDABCAABCABDBACBDCAADDCBCABACBCCABCACBCCCCCBDBACDBBBCBCBDABACADAACCCBABADBCBAAABBCCBB	['D10C', 'D20A', 'A63D', 'A71D', 'C72A', 'C73B', 'C90B']	7	-2.7206364	-4.563573	-5.476733	-0.9131603
BCCDDDCDCCDDBCDDABCDABCABDBACBDCAACDCBCACACBCCABCACBCCCCCBDBADDBBACBCBCACACADAACCCBBBADBCBAAABBCCBB	['D10C', 'D13B', 'D35C', 'B41C', 'C62D', 'A63D', 'B66A', 'A71C', 'C72A', 'A84B', 'C90B']	11	-2.7221465	-4.2988305	-5.213504	-0.9146733
BCCDDDCDCDDDDCDDABBCABCABDBACBDCAADAABCABACBCCABCACBCDCCCBDCACDBBBCBCBBCCACADAACCABABADBCCAAABBCCBB	['C19B', 'D20C', 'D36A', 'C37A', 'C54D', 'B60C', 'A63D', 'A71B', 'C82A']	9	-2.7254028	-4.6357756	-5.5537014	-0.91792583
BCCDDDCDCDDDDCDDABCDABCABDBACBDCAADDBBCABACBCCABCACBCCCCCBDBADDCBBCBCBAACACADAACCCBABADBCCACABBCCDB	['C37B', 'C62D', 'A63D', 'B64C', 'C72A', 'A92C', 'B98D']	7	-2.7261615	-4.790175	-5.708865	-0.9186902
BCCDDDCDCCDDDCDDABBDABCABDBACBDCAADDCBCABACBCDABCACBCCCCCBDBACDDBBCBCBDACACACAACCDBABAABCBAACBCCCBB	['D10C', 'C19B', 'C46D', 'A63D', 'B64D', 'A71D', 'C72A', 'D77C', 'C82D', 'D87A', 'C90B', 'A93C', 'B95C']	13	-0.9615612	-2.568984	-3.489048	-0.920064
BCCDDDCDCADDDCDDABCDABCABDBACBDCAADDCBCABACBCDABCCCBCCCCCBDBADDABBCBCBBDCACCDAACCCBABADBCBAABBBCCBB	['D10A', 'C46D', 'A50C', 'C62D', 'A63D', 'B64A', 'A71B', 'C72D', 'A76C', 'C90B', 'A93B']	11	-0.96467686	-2.335989	-3.2591724	-0.92318344
BCCDDDCDCCDDDCCBABCAABCABDBACBDCAADDBBCABACBCDABCACBCDCCCBDBACDBBBCBCBACCACADAACCCBBCADBCBADABBCCBB	['D10C', 'D15C', 'D16B', 'D20A', 'C37B', 'C46D', 'C54D', 'A63D', 'A84B', 'B85C', 'C90B', 'A92D']	12	-0.9652176	-2.258523	-3.1822424	-0.9237194
BCCDDDCDCADBDCCDABCDABCABDBACBDCAADDCBCABACBCCABCACBCCCCCBDBACACBBCBCBACCACACAACCCBABADBCCAABBBCCBB	['D10A', 'D12B', 'D15C', 'B64C', 'D77C', 'A93B']	6	-2.7317243	-5.575875	-6.500123	-0.9242482
AAADDDCDCADDDCCDABCDABCABDBACBDCAACDABCABACBCCABCACBCCCCCBDBACDBBBCBCBACCACADAACCCBABADBCBAAABBCCBB	['B1A', 'C2A', 'C3A', 'D10A', 'D15C', 'D35C', 'C37A', 'A63D', 'C90B']	9	-2.7324467	-4.693122	-5.6180925	-0.9249706
BCCDDDCDCCCDBCCDABCAABCABDBACBDCAACABBCABACBCCABCACBCDCCCBDCACDBBBCBCBDCCACADAACCABBBADBACADABBCCBB	['D10C', 'D11C', 'D13B', 'D15C', 'D20A', 'D35C', 'D36A', 'C37B', 'C54D', 'B60C', 'A63D', 'A71D', 'C82A', 'A84B', 'C89A', 'A92D']	16	-2.7351766	-4.335876	-5.2635794	-0.9277034
BCCDDDCDCCCDBCCDABCAABCABDBACBDCAACABBCABACBCCABCACBCDCCCBDCACDBBBCBCBDCCACADAACCABBBADBACADABBCCBB	['D10C', 'D11C', 'D13B', 'D15C', 'D20A', 'D35C', 'D36A', 'C37B', 'C54D', 'B60C', 'A63D', 'A71D', 'C82A', 'A84B', 'C89A', 'A92D']	16	-2.7351766	-4.335876	-5.2635794	-0.9277034
BCCDDDCDCCCDBCCDABCAABCABDBACBDCAACABBCABACBCCABCACBCDCCCBDCACDBBBCBCBDCCACADAACCABBBADBACADABBCCBB	['D10C', 'D11C', 'D13B', 'D15C', 'D20A', 'D35C', 'D36A', 'C37B', 'C54D', 'B60C', 'A63D', 'A71D', 'C82A', 'A84B', 'C89A', 'A92D']	16	-2.7351766	-4.335876	-5.2635794	-0.9277034
BCCDDDCDCDDDBCDDABDDABCABDBACBDCBADDBBCABACBCBABCACBCDCCCBDBACADBBCBCBACCACACAACCBBABADBCBAAABBCCBB	['D13B', 'C19D', 'A33B', 'C37B', 'C46B', 'C54D', 'B64D', 'D77C', 'C82B', 'C90B']	10	-0.93278265	-2.8197174	-3.7524958	-0.93277836
BCCDDDCDCADDDCDDABCDABCABDBACBDDAACAABCACADBCDBBCACBBCDCCBDBACDABBCBDBBDCACADAACCBBABADBCBAABBBCCBB	['D10A', 'C32D', 'D35C', 'D36A', 'C37A', 'B41C', 'C43D', 'C46D', 'A47B', 'C53B', 'C55D', 'A63D', 'B64A', 'C69D', 'A71B', 'C72D', 'C82B', 'C90B', 'A93B']	19	0.83270526	-1.5764709	-2.5097456	-0.93327475
BCCDDDCDCDDDBCDDABCDABCABDBACBDCDADDABCABACBCCABCACBCCCCCBDBADDBBBCBCBBCBACADAACCABABADBCBAAABBCCBB	['D13B', 'A33D', 'C37A', 'C62D', 'A63D', 'A71B', 'C73B', 'C82A', 'C90B']	9	-2.7414832	-3.9088435	-4.8428555	-0.93401194
BCCDDDCDCDDDDCDDABCDABCABDBACBDCAADDCBCABAABCCABCACBCCCCCBDBACDBBBCBCBACCACACAACCCBABADBCBAABBBCCBB	['C43A', 'A63D', 'D77C', 'C90B', 'A93B']	5	-2.7418385	-5.7426677	-6.6770306	-0.9343629
BCCDDDCDCCDDDCDDABCCABCABDBACBDCAACACBCABACBCDABCACBCDCCCBDBACDBBBCBCBBCCACADAACCABBBADBCBAABBBCCBB	['D10C', 'D20C', 'D35C', 'D36A', 'C46D', 'C54D', 'A63D', 'A71B', 'C82A', 'A84B', 'C90B', 'A93B']	12	-0.9762411	-3.5412316	-4.475973	-0.9347415
AAADDDCDCDDDDDDDABCDABCABDBACBDCAADDCBBABACBCCABCACBCCCCDBDBCCDDBBCBCBBCCACACAACCCBABADBCCAABBBCCBB	['B1A', 'C2A', 'C3A', 'C14D', 'C39B', 'C57D', 'A61C', 'A63D', 'B64D', 'A71B', 'D77C', 'A93B']	12	-2.7422547	-4.2494106	-5.18419	-0.93477917
BCCDDDCDCDDDDCDDABCBABCABDBACBDCAADDCBCABACBCCABCACBCCCCCBDBACDBBBCBCBACCACADAACCCBABADBCCAABBBCCBB	['D20B', 'A63D', 'A93B']	3	-2.7433262	-5.3983855	-6.3342333	-0.93584776
BCCDDDCDCCDABCDDABCDABCABDBACBDCAACCBBAABACBCCABCACBCCCCCBDBADDBBBCBCBBCCACACAACCDBABADDCCAAABBCCBB	['D10C', 'D12A', 'D13B', 'D35C', 'D36C', 'C37B', 'C39A', 'C62D', 'A63D', 'A71B', 'D77C', 'C82D', 'B88D']	13	-2.743781	-5.5432124	-6.479519	-0.9363065
BCCDDDCDCBDDDCDDABCCABCABDBACBDDAACAABCABACBCDBBCACBCBCCCCDBADDBBBCBCBBCBACAAAACCCBBBADBABAABBBCCBB	['D10B', 'D20C', 'C32D', 'D35C', 'D36A', 'C37A', 'C46D', 'A47B', 'C54B', 'B58C', 'C62D', 'A63D', 'A71B', 'C73B', 'D77A', 'A84B', 'C89A', 'C90B', 'A93B']	19	-0.97921085	-3.183515	-4.121234	-0.93771887
BCCDDDCDCCDDBCDDABBCABCABDBACBDCBACABBCABACBCDABCCCBCDCCCBDBADDBBACBCCBACACADAACCBBABADBABADABBCCBB	['D10C', 'D13B', 'C19B', 'D20C', 'A33B', 'D35C', 'D36A', 'C37B', 'C46D', 'A50C', 'C54D', 'C62D', 'A63D', 'B66A', 'B70C', 'A71B', 'C72A', 'C82B', 'C89A', 'C90B', 'A92D']	21	-1.0469089	-0.97924995	-1.984662	-0.9377532
BCCDDDCDCCDDDCDDABBDABCABDBACBDDAADDABCABADBCDABCACBCCDCCBDBACDBBBCBBBBCCACADAACCBBABADBCBAAABBCCBB	['D10C', 'C19B', 'C32D', 'C37A', 'C43D', 'C46D', 'C55D', 'A63D', 'C69B', 'A71B', 'C82B', 'C90B']	12	0.8272319	-1.3457565	-2.2844954	-0.9387388
BCCDDDCDCDDDDCCDABCDADCABDBACDDCAADDCBCABACBCCABCACBCCCCCBDBACDBBBCBCBBCCACADAACCCBABADCCCAAABBCCBB	['D15C', 'B22D', 'B30D', 'A63D', 'A71B', 'B88C']	6	-2.7463274	-7.17964	-8.118496	-0.9388561
BCCDDDCDCADDDCDDABCDABCABDBACBDDBADBCBCABADBCDBBCACBCBCCCBDBADDDBBCBCBBCBACADAACCCBABADBCBAABBBCCBB	['D10A', 'C32D', 'A33B', 'D36B', 'C43D', 'C46D', 'A47B', 'C54B', 'C62D', 'A63D', 'B64D', 'A71B', 'C73B', 'C90B', 'A93B']	15	-0.9830084	-2.324245	-3.2657595	-0.9415145
BCCDDDCDCADDBCDDABBDABCABDBACBDCBACACBCABADBCDABCACBCADCCBDBACDBBBCBCBBCCCCADAACCBBABADBCBAABBBCCBB	['D10A', 'D13B', 'C19B', 'A33B', 'D35C', 'D36A', 'C43D', 'C46D', 'C54A', 'C55D', 'A63D', 'A71B', 'A74C', 'C82B', 'C90B', 'A93B']	16	0.8228545	-1.9380703	-2.8811903	-0.94312
AAADDDCDCBDDBCDDADCAABCABDBACBDCAADACBCABACBCDABCACBCDCCCBDBACDBBBCBCBBBBACADAACCCBBBADBCBAAABBCCBB	['B1A', 'C2A', 'C3A', 'D10B', 'D13B', 'B18D', 'D20A', 'D36A', 'C46D', 'C54D', 'A63D', 'A71B', 'C72B', 'C73B', 'A84B', 'C90B']	16	-0.98497677	-2.0609136	-3.0043936	-0.94348
BCCDDDCDCDDDDCDDABBDABCABDBACBDCAADDBBCABACBCCABCACBCCCCCBDBACDBBBBBBBBCCACACAACCCBBBADBCBADCBBCCBB	['C19B', 'C37B', 'A63D', 'C67B', 'C69B', 'A71B', 'D77C', 'A84B', 'C90B', 'A92D', 'A93C']	11	-2.7526379	-3.360592	-4.3057528	-0.94516087
BCCDDDCDCCDCDCDDABCDADCDBDBACBDCAACCCBCACACBCDABCACBCDDCCBDBACDBBBCBABBCCACADAACCCBBBADBCCAABBBCCBB	['D10C', 'D12C', 'B22D', 'A24D', 'D35C', 'D36C', 'B41C', 'C46D', 'C54D', 'C55D', 'A63D', 'C69A', 'A71B', 'A84B', 'A93B']	15	0.8206897	-3.1031508	-4.0484343	-0.9452834
BCCDDDCDCADDDCDDABCAABCABDBACBDCAACAABCACACBCCABCACBCCCCCBDCADDCBBCBCBBCCACADAACCCBABADBCBAABBBCCBB	['D10A', 'D20A', 'D35C', 'D36A', 'C37A', 'B41C', 'B60C', 'C62D', 'A63D', 'B64C', 'A71B', 'C90B', 'A93B']	13	-2.7563066	-4.8040385	-5.7528706	-0.94883204
BCCDDDCDCDDDDCDDABCDABCABDBACBDCAADDCBCABACBCCABCACBCCCCCBDBACACBBCBCBACCACADAACCCBABADDCCAAABBCCBB	['B64C', 'B88D']	2	-2.7563205	-6.8024793	-7.7513285	-0.9488492
BCCDDDCDCCDDDCDDABCDABCABDBACBDCAACACBCABADBCCAACACBCDCCCBDBADDCBBCBBBACCACADAACCBBABADBCCAAABBCCBB	['D10C', 'D35C', 'D36A', 'C43D', 'B48A', 'C54D', 'C62D', 'A63D', 'B64C', 'C69B', 'C82B']	11	-2.7567763	-3.8706298	-4.81993	-0.9493003
BCCDDDCDCCDDDCDDABCDABCABDBACBDCAADDCBCABACBCBABCACBCCCCCCDBACDBBBCBCBCAAACACAACCCBABADBCBAABBBCCBB	['D10C', 'C46B', 'B58C', 'A63D', 'A71C', 'C72A', 'C73A', 'D77C', 'C90B', 'A93B']	10	-0.95071316	-2.6284466	-3.5791512	-0.9507046
BCCDDDCDCCDDDCDCABDAABCABDBACBDCAADDCBCACACBCDABCACBCCCCDBDBACABBBCBCBCCCCCACAACCCBABADBCBADABBCCBB	['D10C', 'D16C', 'C19D', 'D20A', 'B41C', 'C46D', 'C57D', 'A71C', 'A74C', 'D77C', 'C90B', 'A92D']	12	-2.4063191	-0.99238014	-3.3572035	-0.95088434
AAADDDCDCDDDBCCDABCDABCABDBACBDCAADACBCABACBCCABCACBCCCCCBDBADDBBBCBCBACCACADAACCCBABADDCCAAABBCCBB	['B1A', 'C2A', 'C3A', 'D13B', 'D15C', 'D36A', 'C62D', 'A63D', 'B88D']	9	-2.7586274	-5.5570183	-6.508168	-0.95114994
BCCDDDCDCDDDDCDDABCDABCABDBACBDCDADDCBCABDCBCCABCACBCCCCCBDBACDCBBCBDBADCACADAACCCBABADBCCAAABBCCBB	['A33D', 'A42D', 'A63D', 'B64C', 'C69D', 'C72D']	6	-2.7593904	-4.677206	-5.629121	-0.9519148
AAADDDCDCBDDDCDDABCDABCABDBACDDCAACAABCACACBCCABCACBCDCCCBDBADDBBBCBCBCCCACADAACCCBABADCCBAABBBCCBB	['B1A', 'C2A', 'C3A', 'D10B', 'B30D', 'D35C', 'D36A', 'C37A', 'B41C', 'C54D', 'C62D', 'A63D', 'A71C', 'B88C', 'C90B', 'A93B']	16	-2.7595868	-6.340564	-7.292672	-0.9521084
BCCDDDCDCDDDBCDDABDDABCABDBACBDCAADDCBCABACBCCABCACBCCCCCBDBACDBBBCBCBACCCCADAACCCBABADBCCAAABBCCBB	['D13B', 'C19D', 'A63D', 'A74C']	4	-2.7595987	-5.1351576	-6.087286	-0.9521284
BCCDDDCDCDDDDCDDABCDABCABDBACBDCAADDBBCABACBCCABCACBCCCCDBDBACDBBBCBCBACCACADAACCABABADBCCAABBBCCBB	['C37B', 'C57D', 'A63D', 'C82A', 'A93B']	5	-2.761242	-3.4990149	-4.4527845	-0.9537697
AAADDDCDCCADBCDDABBCABCABDBACBDCBACABBCABACBCAABCCCBBCDCDBDBACDBBBCBCBBCCACADAACCBBABADBCBAAABBCCBB	['B1A', 'C2A', 'C3A', 'D10C', 'D11A', 'D13B', 'C19B', 'D20C', 'A33B', 'D35C', 'D36A', 'C37B', 'C46A', 'A50C', 'C53B', 'C55D', 'C57D', 'A63D', 'A71B', 'C82B', 'C90B']	21	-0.16161585	1.1012449	-1.1157217	-0.95410585
BCCDDDCDCDDDDCDDABCDABCABDBACBDCCADDABBACACBCCABCACBCCCCCBDBACDBBBCBCBBCCACADAACCCBABADBCCAABBBCCBB	['A33C', 'C37A', 'C39B', 'B41C', 'A63D', 'A71B', 'A93B']	7	-2.7615967	-6.3297424	-7.283868	-0.9541254
BCCDDDCDCDDDDCDDABCDABCABDBACBDCCADDABBACACBCCABCACBCCCCCBDBACDBBBCBCBBCCACADAACCCBABADBCCAABBBCCBB	['A33C', 'C37A', 'C39B', 'B41C', 'A63D', 'A71B', 'A93B']	7	-2.7615967	-6.3297424	-7.283868	-0.9541254
BCCDDDCDCCDDBCDDABCDABCABDBACBDCAACACBCABACBCCABCACBCCCCCBDBACDBBBCBCBBCCDCADAACCCBBBADCCBAAABBCCBB	['D10C', 'D13B', 'D35C', 'D36A', 'A63D', 'A71B', 'A74D', 'A84B', 'B88C', 'C90B']	10	-2.7618384	-7.1522846	-8.106649	-0.9543648
BCCDDDCDCADBDCCDABCDABCABDBACBDCAABABBCABACBCCABCACBCCCCDBDBACDBBBCBCBACCACADAACCCBABADBCCAAABBCCBB	['D10A', 'D12B', 'D15C', 'D35B', 'D36A', 'C37B', 'C57D', 'A63D']	8	-4.396266	-2.764182	-5.352972	-0.95670605
BCCDDDCDCCDDDCDDABCDABCABDBACBDCAADDCBCABACBCCABCACBCCCCCBDBACDBBBCBCBACCACACAACCCBABADBCBAABBBCCBB	['D10C', 'A63D', 'D77C', 'C90B', 'A93B']	5	-2.7642584	-5.245622	-6.202402	-0.95677996
BCCDDDCDCCDDDCDDABCDABCABDBACBDCAADDCBCABACBCCABCACBCCCCCBDBACDBBBCBCBACCACACAACCCBABADBCBAABBBCCBB	['D10C', 'A63D', 'D77C', 'C90B', 'A93B']	5	-2.7642584	-5.245622	-6.202402	-0.95677996
BCCDDDCDCCDDDCDDABCDABCABDBACBDCAADDCBCABACBCCABCACBCCCCCBDBACDBBBCBCBACCACACAACCCBABADBCBAABBBCCBB	['D10C', 'A63D', 'D77C', 'C90B', 'A93B']	5	-2.7642584	-5.245622	-6.202402	-0.95677996
BCCDDDCDCCDDDCDDABCDABCABDBACBDCAADDCBCABACBCCABCACBCCCCCBDBACDBBBCBCBACCACACAACCCBABADBCBAABBBCCBB	['D10C', 'A63D', 'D77C', 'C90B', 'A93B']	5	-2.7642584	-5.245622	-6.202402	-0.95677996
BCCDDDCDCDDDDCDDABCBABCABDBACBDCAADDCBCACADBCBABCACBCDCCCBDCADDBBBCBCBDCCACADAACCBBBBADBCBAAABBCCBB	['D20B', 'B41C', 'C43D', 'C46B', 'C54D', 'B60C', 'C62D', 'A63D', 'A71D', 'C82B', 'A84B', 'C90B']	12	-0.9571357	-1.0594912	-2.0166197	-0.9571285
BCCDDDCDCDDDBCCDABCDABCABDBACBDCAAAACBCABACBCCABCACBCCCCCBDBADDBBBCBCAACAACADAACCCBABADBCBAAABBCCBB	['D13B', 'D15C', 'D35A', 'D36A', 'C62D', 'A63D', 'B70A', 'C73A', 'C90B']	9	-2.7656236	-5.1148696	-6.073018	-0.9581485
AAADDBCDCDDCDDDDABCDABCABDBACBDCAACDBBCABACBCCABCACBCCCCDBDBACDBBBCCCBBCCACACAACCCBABADBCBAABBBCCBB	['B1A', 'C2A', 'C3A', 'D6B', 'D12C', 'C14D', 'D35C', 'C37B', 'C57D', 'A63D', 'B68C', 'A71B', 'D77C', 'C90B', 'A93B']	15	-3.2496953	-2.765954	-4.2081738	-0.95847845
BCCDDDCDCDDDDCDDABCDABCABDBACBDCAADDCBCACACBCCABCACBCCCCCCDBACDBBBCBCBACCACADAACCCBABADBCBAAABBCCBB	['B41C', 'B58C', 'A63D', 'C90B']	4	-2.7667713	-4.732385	-5.69168	-0.9592948
BCCDDDCDCDDDDCDDABCDABCABDBACBDCAADDCBCABACBCCABCACBCCCCCBDBADDBBBCBCBBCCACADAACCCBABADBCBAAABBCCBB	['C62D', 'A63D', 'A71B', 'C90B']	4	-2.7672048	-4.820514	-5.7802477	-0.9597335
BCCDDDADCCDDDCDDABCDABCABDBACBDCAADDCBCABACBCCABCACBCCCCCBDBADDBBBCBCBBDBACACAACCCBBBADBCBAAABBCCBA	['C7A', 'D10C', 'C62D', 'A63D', 'A71B', 'C72D', 'C73B', 'D77C', 'A84B', 'C90B', 'B99A']	11	-2.7683644	-5.349601	-6.3104954	-0.9608946
BCCDDDCDCDDDDCCDABCDABCABDBACBDCAACDABCACADBCCABCACBACCCCBDCACDBBBCBCBACCACADAACCBBABADBCCAAABBCCBB	['D15C', 'D35C', 'C37A', 'B41C', 'C43D', 'C53A', 'B60C', 'A63D', 'C82B']	9	-2.7688632	-4.3292007	-5.2905903	-0.96138954
AAADDDCDCCADBCDBABAAADCABDBACBDDCAADBBCABACBCDBBCACBCBCCCBDCACDBBBCBCADCBACACAACCCBBBADBABAABBBCCBB	['B1A', 'C2A', 'C3A', 'D10C', 'D11A', 'D13B', 'D16B', 'C19A', 'D20A', 'B22D', 'C32D', 'A33C', 'D35A', 'C37B', 'C46D', 'A47B', 'C54B', 'B60C', 'A63D', 'B70A', 'A71D', 'C73B', 'D77C', 'A84B', 'C89A', 'C90B', 'A93B']	27	-1.0030951	-1.7618179	-2.7234192	-0.96160126
BCCDDDCDCADDBCDDABCDABCABDBACBDCAACDCBCABACBCCABCACBCDCCCBDBADDBBACBABCCCACADAACCCBBBADBCCAAABBCCBB	['D10A', 'D13B', 'D35C', 'C54D', 'C62D', 'A63D', 'B66A', 'C69A', 'A71C', 'A84B']	10	-2.7710547	-4.5573	-5.5208797	-0.96357965
AAADDDCDCCDDDCDDABCDABCABDBACBDCAACAABCABACBCCABCACBCCCCCCDBADDBBBCBCBACCACADAACCCBABADBCBAABBBCCBB	['B1A', 'C2A', 'C3A', 'D10C', 'D35C', 'D36A', 'C37A', 'B58C', 'C62D', 'A63D', 'C90B', 'A93B']	12	-2.7713695	-5.111418	-6.0753098	-0.963892
BCCDDDCDCCDDDDDDABCDABCABDBACBDCCACACBCABACBCDABCACBCDCCCBDBADDBBBCBCBBCBACADAACCBBABADBCBAABBBCCBB	['D10C', 'C14D', 'A33C', 'D35C', 'D36A', 'C46D', 'C54D', 'C62D', 'A63D', 'A71B', 'C73B', 'C82B', 'C90B', 'A93B']	14	-1.0082784	-2.3733625	-3.3401423	-0.9667797
BCCDDDCDCCDDDCDDABCDABCABDBACBDCAADDCBCABACBCBAACACBCCCCCCDBADDDBBCBCBCCCACACAACCABABADBCBAABBBCCBB	['D10C', 'C46B', 'B48A', 'B58C', 'C62D', 'A63D', 'B64D', 'A71C', 'D77C', 'C82A', 'C90B', 'A93B']	12	-0.96714115	-3.4794793	-4.446616	-0.96713686
BCCDDDCDCCDDDCDDABCDABCABDBACBDCAADDBBCABACBCAAACACBBDDCCBDBACDBBBCBCBBDCACADADCCBBBBADBCCAABBBCCBB	['D10C', 'C37B', 'C46A', 'B48A', 'C53B', 'C54D', 'C55D', 'A63D', 'A71B', 'C72D', 'A79D', 'C82B', 'A84B', 'A93B']	14	1.0877566	-3.1134129	-4.081004	-0.9675913
BCCDDDCDCCDDDCDDABCCABCABDBACBDCAACABBCABACBCDABCACBCDCCCCDBADDBBBCBCBCCCACCDAACCCBBBADBCCAABBBCCBB	['D10C', 'D20C', 'D35C', 'D36A', 'C37B', 'C46D', 'C54D', 'B58C', 'C62D', 'A63D', 'A71C', 'A76C', 'A84B', 'A93B']	14	-1.0102744	-2.730915	-3.6996946	-0.96877956
BCCDDDCDCDDDBCDDABCAABCABDBACBDCAACABBCABACBCBABCACBCDCCCBDBADDCBBCBABACACCADAACCABABADBABAAABBCCBB	['D13B', 'D20A', 'D35C', 'D36A', 'C37B', 'C46B', 'C54D', 'C62D', 'A63D', 'B64C', 'C69A', 'C73A', 'A74C', 'C82A', 'C89A', 'C90B']	16	-0.9703407	-1.5703826	-2.540721	-0.97033834
BCCDDDCDCBDDDCDDABCDABCABDBACBDCAACDABCACACBCDABCACBCDCCDBDBACBCBBCBCBADCACADAACCBBABADBCCAAABBCCBB	['D10B', 'D35C', 'C37A', 'B41C', 'C46D', 'C54D', 'C57D', 'A63B', 'B64C', 'C72D', 'C82B']	11	-1.1508036	-1.0128641	-2.1221762	-0.9713726
BCCDDDCDCCDDDCDDABCCABCABDBACBDCAADABCCABACBCCABCACBCCCCCBDBADDBBBCBCBBCCCCADAACCCBABADBCBAABBBCCBB	['D10C', 'D20C', 'D36A', 'C37B', 'B38C', 'C62D', 'A63D', 'A71B', 'A74C', 'C90B', 'A93B']	11	-2.7792716	-4.6083045	-5.580101	-0.9717965
BCCDDDCDCCDDDCDDABCCABCABDBACBDCAADABCCABACBCCABCACBCCCCCBDBADDBBBCBCBBCCCCADAACCCBABADBCBAABBBCCBB	['D10C', 'D20C', 'D36A', 'C37B', 'B38C', 'C62D', 'A63D', 'A71B', 'A74C', 'C90B', 'A93B']	11	-2.7792716	-4.6083045	-5.580101	-0.9717965
BCCDDDCDCADDDCCDABCDABCABDBACBDCAADDCBCABACBCCABCACBCCCCCBDBACDBBBCBCBACCACADAACCCBABADBCCAAABBCCBB	['D10A', 'D15C', 'A63D']	3	-2.7812524	-4.901237	-5.8750124	-0.9737754
BCCDDDCDCDDDDCDDABCDABCABDBACBDCAADABBCABACBCCABCACBCCCCCBDBACDBBBCBCBBCCACADAACCCBBBADCCBAAABBCCBB	['D36A', 'C37B', 'A63D', 'A71B', 'A84B', 'B88C', 'C90B']	7	-2.7835426	-6.313743	-7.289812	-0.976069
BCCDDDCDCBDDACCDABCAABCABDBACBDCAABACBCACACBCDABCACBCDCCDBDBADDBBBBBCBDCCACADAACCCBABADACBAABBBCCBB	['D10B', 'D13A', 'D15C', 'D20A', 'D35B', 'D36A', 'B41C', 'C46D', 'C54D', 'C57D', 'C62D', 'A63D', 'C67B', 'A71D', 'B88A', 'C90B', 'A93B']	17	-1.4531083	-1.0187879	-2.4304028	-0.97729445
BCCDDDCDCDDDDCDDABADABCABDBACBDCAADDCBCABACBCDABCACBCCCCCCDBACDCBBCBCBACCACACAACCABABADBCBAAABBCCBB	['C19A', 'C46D', 'B58C', 'A63D', 'B64C', 'D77C', 'C82A', 'C90B']	8	-1.0194759	-2.3537655	-3.331746	-0.9779806
AAADDDCDCCDDBCDCABCBABCABDBACBDCAACDABCABACBCBAACACBCDCCCCDCDDCCBBCBCBCDCACADAACCBBBBADBCCCAABBCCBB	['B1A', 'C2A', 'C3A', 'D10C', 'D13B', 'D16C', 'D20B', 'D35C', 'C37A', 'C46B', 'B48A', 'C54D', 'B58C', 'B60C', 'A61D', 'C62D', 'A63C', 'B64C', 'A71C', 'C72D', 'C82B', 'A84B', 'A91C']	23	-0.9784546	-3.0347595	-4.0132113	-0.9784517
BCCDDDCDCBDDDCDDABCDABCABDBACBDCAADDABCACACBCDABCACBCDCCCBDBACBBBBCBCBACCACADAACCBBABADBCCAAABBCCBB	['D10B', 'C37A', 'B41C', 'C46D', 'C54D', 'A63B', 'C82B']	7	-1.021512	-2.1841974	-3.1642103	-0.9800129
BCCDDDCDCDDDDCDDABCDABCABDBACBDCAADDCBCABADBCCABCACBCCCCDBDBADDBBBCBCBACCACADAACCCBABADDCBAAABBCCBB	['C43D', 'C57D', 'C62D', 'A63D', 'B88D', 'C90B']	6	-2.788433	-3.6470242	-4.627981	-0.98095703
AAADDDCDCBDDDCDDABCDABCABDBACDDCAADDCBCACACBCCABCACBCCCCCBDBADDBBBCBCBACCACACAACCCBABADCCCAABBBCCBB	['B1A', 'C2A', 'C3A', 'D10B', 'B30D', 'B41C', 'C62D', 'A63D', 'D77C', 'B88C', 'A93B']	11	-2.7897463	-6.0554376	-7.0377054	-0.98226786
BCCDDDCDCCDDDCCDABCDABCABDBACBDCADCACBCABADBCCABCACBCBCCCBDBAADBBBCBCBBCCACADAACCCBABADBCCAABBBCCBB	['D10C', 'D15C', 'A34D', 'D35C', 'D36A', 'C43D', 'C54B', 'C62A', 'A63D', 'A71B', 'A93B']	11	-2.790576	-5.982866	-6.9659643	-0.9830985
BCCDDDCDCADDDCCDABCDABCABDBACBDCAACABBCABACBCAABCACBCDCCCBDBACDBBBCBCBBCCACADAACCBBABADBCCAABBBCCBB	['D10A', 'D15C', 'D35C', 'D36A', 'C37B', 'C46A', 'C54D', 'A63D', 'A71B', 'C82B', 'A93B']	11	-0.7354975	-2.344841	-3.3282108	-0.9833698
BCCDDDCDCDDBDCDCABBDABCABDBACBDDAACDABCABACBCDABCACBCCCCCBDBADCCBBCBCBBCCACADAACCBBABADBCCAAABBCCBB	['D12B', 'D16C', 'C19B', 'C32D', 'D35C', 'C37A', 'C46D', 'C62D', 'A63C', 'B64C', 'A71B', 'C82B']	12	-1.0262356	-2.362443	-3.347186	-0.9847431
BCCDDDCDCADDDCDDABCDABCABDBACBDCAADDCBCABACBCDABCACBCCCCCBDBADDCBBCBCBACCACCCAACCCBABADBCCAABBBCCBB	['D10A', 'C46D', 'C62D', 'A63D', 'B64C', 'A76C', 'D77C', 'A93B']	8	-1.0284286	-2.6593895	-3.6463223	-0.98693275
BCCDDDCDCADDDCDDABCDABCABDBACBDCAADDCBCABACBCDABCACBCCCCCBDBADDCBBCBCBACCACCCAACCCBABADBCCAABBBCCBB	['D10A', 'C46D', 'C62D', 'A63D', 'B64C', 'A76C', 'D77C', 'A93B']	8	-1.0284286	-2.6593895	-3.6463223	-0.98693275
BCCDDDCDCADDDCDDABCDABCABDBACBDCAADDCBCABACBCDABCACBCCCCCBDBADDCBBCBCBACCACCCAACCCBABADBCCAABBBCCBB	['D10A', 'C46D', 'C62D', 'A63D', 'B64C', 'A76C', 'D77C', 'A93B']	8	-1.0284286	-2.6593895	-3.6463223	-0.98693275
BCCDDDCDCCDCDCCCABCCABCDBDBACBDCAACACBCABADBCBABCACBCBCCCBDBADCBBBCBCBADCCCADAACCCBBBADBDCAAABBCCBB	['D10C', 'D12C', 'D15C', 'D16C', 'D20C', 'A24D', 'D35C', 'D36A', 'C43D', 'C46B', 'C54B', 'C62D', 'A63C', 'C72D', 'A74C', 'A84B', 'C89D']	17	-0.9880872	-2.0509849	-3.0390673	-0.9880824
BCCDDDCDCCDDBDDDABCDABCABDBACBDDBADDCBCACACBCDBBCACBCADCCBDBACDBBACBCBDCCACACAACCBBABADBCBAAABBCCBB	['D10C', 'D13B', 'C14D', 'C32D', 'A33B', 'B41C', 'C46D', 'A47B', 'C54A', 'C55D', 'A63D', 'B66A', 'A71D', 'D77C', 'C82B', 'C90B']	16	0.7758148	-1.5695333	-2.5596933	-0.99016
BCCDDDCDCCDDDDCDABCACBCABDBACBDCAADDCBCABACBCDAACACBCACCCBDBBCDBBBCBCBDCCACACAACCBBBCADBCCAABBBCCBB	['D10C', 'C14D', 'D15C', 'D20A', 'A21C', 'C46D', 'B48A', 'C54A', 'A61B', 'A63D', 'A71D', 'D77C', 'C82B', 'A84B', 'B85C', 'A93B']	16	-1.032011	-3.5654244	-4.5559406	-0.9905162
BCCDDDCDCCDDDCCDABCAABCABDBACBDCAACDBBCABACBCDABCACBCCCCDBDBACDBBBBBCBACCACADAACCCBBCADBCBADABBCCBB	['D10C', 'D15C', 'D20A', 'D35C', 'C37B', 'C46D', 'C57D', 'A63D', 'C67B', 'A84B', 'B85C', 'C90B', 'A92D']	13	-2.0859146	-1.0355797	-3.079997	-0.99408245
BCCDDDCDCADDBCDDABCDABCABDBACBDCAADDCBCABACBCCABCACBCCCCDBDBACDBBBCBBBDCCCCACAACCCBABADBCBAABBBCCBB	['D10A', 'D13B', 'C57D', 'A63D', 'C69B', 'A71D', 'A74C', 'D77C', 'C90B', 'A93B']	10	-3.1913376	-2.8028593	-4.186722	-0.9953842
BCCDDDCDCBDDBCDDABCDABCABDBACDDCCACABBCABACBCCABCACBCCCCCBDBACDCBBCBDBBCCACACAACCCBABADCCCAAABBCCBB	['D10B', 'D13B', 'B30D', 'A33C', 'D35C', 'D36A', 'C37B', 'A63D', 'B64C', 'C69D', 'A71B', 'D77C', 'B88C']	13	-2.8043003	-7.1295214	-8.126347	-0.9968252
BCCDDDCDCBDDDCDDABCDABCABDBACBDCBADDCBCABACBCBABCACBCDCCCBDBBDDBBCBBCBCADACADAACCCBBBADBCBAABBBCCBB	['D10B', 'A33B', 'C46B', 'C54D', 'A61B', 'C62D', 'A63D', 'B66C', 'C67B', 'A71C', 'C72A', 'C73D', 'A84B', 'C90B', 'A93B']	15	-0.997097	-2.3806343	-3.3777237	-0.9970894
BCCDDDCDCCDDDCDDABBDABCABDBACBDCAADDCBCABACBCCABCACBCCCCCBDBADDBBBCBDBCABACACAACCCBBBADBCBAABBBCCBB	['D10C', 'C19B', 'C62D', 'A63D', 'C69D', 'A71C', 'C72A', 'C73B', 'D77C', 'A84B', 'C90B', 'A93B']	12	-2.8053274	-4.496935	-5.494791	-0.99785614
BCCDDDCDCCDDDDDDABCDABCABDBACBDCAADDDBCACACBCCABCACBCCCCCBDBADDBBBCBCBACDACACAACCCBBBADBCBAABBBCCBB	['D10C', 'C14D', 'C37D', 'B41C', 'C62D', 'A63D', 'C73D', 'D77C', 'A84B', 'C90B', 'A93B']	11	-2.8069572	-4.623477	-5.622961	-0.99948406
BCCDDDCDCADDDCDDABCDABCABDBACBDCAADDABCABACBCCABCACBCCCCCBDBACDBBBCBCBAACACADAACCCBABADBCCAAABBCCBB	['D10A', 'C37A', 'A63D', 'C72A']	4	-2.8074179	-5.158454	-6.1583967	-0.9999428
BCCDDDCDCCDDDCDDABCDABCABDBACBDCAADDABDABACBCCABCACBCCCCCBDBADDBBBCBCBBCCCCACAACCCBABADBCCAABBBCCBB	['D10C', 'C37A', 'C39D', 'C62D', 'A63D', 'A71B', 'A74C', 'D77C', 'A93B']	9	-2.8075838	-5.5405474	-6.5406647	-1.0001173
BCCDDDCDCDDDDCDDABCDABCABDBACBDCAACACBCACACBCCABCACBCDCCCBDBACDBBBCBCBACCACADAACCABABADBCCAABBBCCBB	['D35C', 'D36A', 'B41C', 'C54D', 'A63D', 'C82A', 'A93B']	7	-2.8079271	-5.0042605	-6.004716	-1.0004554
BCCDDDCDCDDDDCDDABCDABCABDBACBDCAADDABCABACBCCABCCCBCCCCCBDBACBCBBCBCBACCACACAACCDBABADBCCAABBBCCBB	['C37A', 'A50C', 'A63B', 'B64C', 'D77C', 'C82D', 'A93B']	7	-2.8093624	-6.4429812	-7.444872	-1.0018907
BCCDDDCDCDDDBCDDABCDABCABDBACBDDAADDCBCABACBCCBBCACBCCCCCBDBACDBBACBCBACCACACAACCCBABADBCCAAABBCCBB	['D13B', 'C32D', 'A47B', 'A63D', 'B66A', 'D77C']	6	-2.8095536	-4.96183	-5.963908	-1.002078
BCCDDDCDCCDDDCDDABCDABCABDBACBDCAADDCBCABACBCCABCACBCCCCCBDBADDBBBCBCCBCBACADAACCCBBBADBCBAABBBCCBB	['D10C', 'C62D', 'A63D', 'B70C', 'A71B', 'C73B', 'A84B', 'C90B', 'A93B']	9	-2.8106003	-5.2764997	-6.279625	-1.0031252
BCCDDDCDCCDDDCDDABBDABCABDBACBDCAADDCBCABACBCDABCACBCDCCCBDBACDCBBCBCBACCACADAACCABABADBCBAABBBCCBB	['D10C', 'C19B', 'C46D', 'C54D', 'A63D', 'B64C', 'C82A', 'C90B', 'A93B']	9	-1.0452852	-2.658329	-3.662117	-1.003788
BCCDDDCDCDDDDCCDABCDABCABDBACBDCAADDCBCABACBCCABCACBCCCCCBDBADDBBBCBCBACCACADAACCCBABADBCBAABBBCCBB	['D15C', 'C62D', 'A63D', 'C90B', 'A93B']	5	-2.8113227	-5.0901227	-6.0939674	-1.0038447
BCCDDDCDCCDDBCDDABCCABCABDBACBDCCACABBCABACBCBABCACBCDCCCBDCADDBBBCBCBBCCACADAACCBBABADBCBAABBBCCBB	['D10C', 'D13B', 'D20C', 'A33C', 'D35C', 'D36A', 'C37B', 'C46B', 'C54D', 'B60C', 'C62D', 'A63D', 'A71B', 'C82B', 'C90B', 'A93B']	16	-1.0045495	-1.7973461	-2.8018827	-1.0045366
BCCDDDCDCCDDDCDDABCAABCABDBACBDCBACAABCACACBCBABCACBCBCCDBDBADDBBBCBCBACCACADAACCBBABADBCCAABBBCCBB	['D10C', 'D20A', 'A33B', 'D35C', 'D36A', 'C37A', 'B41C', 'C46B', 'C54B', 'C57D', 'C62D', 'A63D', 'C82B', 'A93B']	14	-1.7539382	-1.0050936	-2.7590294	-1.0050912
AAADDDCDCCCDBCDDABCCABCABDBACBDCBACABBCABACBCCABCACBCBCCCBDCADDBBBCBCBBCCCCADAACCCBBBADBCBAABBBCCBB	['B1A', 'C2A', 'C3A', 'D10C', 'D11C', 'D13B', 'D20C', 'A33B', 'D35C', 'D36A', 'C37B', 'C54B', 'B60C', 'C62D', 'A63D', 'A71B', 'A74C', 'A84B', 'C90B', 'A93B']	20	-2.812965	-3.8605704	-4.8660564	-1.005486
BCCDDDCDCCDDDCDDABCAABCABDBACBDCAADDCBCABACBCDABCACBCDDCCCDBACDBBBCBCBBCDACADAACCCBBBADBCBAAABBCCBB	['D10C', 'D20A', 'C46D', 'C54D', 'C55D', 'B58C', 'A63D', 'A71B', 'C73D', 'A84B', 'C90B']	11	0.7587023	-2.9546494	-3.9619188	-1.0072694
AAADDDADCAADDCDDABCDABCABDBACBDCAADDCBCABACBCCABCACBCCCCCBDBACDBBBCBCBBCCACACAACCCBABADBCCAABBBCCBB	['B1A', 'C2A', 'C3A', 'C7A', 'D10A', 'D11A', 'A63D', 'A71B', 'D77C', 'A93B']	10	-2.816135	-4.9295607	-5.938219	-1.0086584
BCCDDDCDCBDDBCDDABCDABCABDBACBDDCACACBCACACBCDBBCACBCCCCCBDBACDBBCCBCBBCCACADAACCCBBBADCCBAAABBCCBB	['D10B', 'D13B', 'C32D', 'A33C', 'D35C', 'D36A', 'B41C', 'C46D', 'A47B', 'A63D', 'B66C', 'A71B', 'A84B', 'B88C', 'C90B']	15	-1.0506778	-3.5983038	-4.6074867	-1.0091829
BCCDDDCDCBDDBCDDABCDABCABDBACBDDCACACBCACACBCDBBCACBCCCCCBDBACDBBCCBCBBCCACADAACCCBBBADCCBAAABBCCBB	['D10B', 'D13B', 'C32D', 'A33C', 'D35C', 'D36A', 'B41C', 'C46D', 'A47B', 'A63D', 'B66C', 'A71B', 'A84B', 'B88C', 'C90B']	15	-1.0506778	-3.5983038	-4.6074867	-1.0091829
BCCDDDCDCCDDDCCDABCCABCABDBACBDCAACABBCACACBCBABCACBCDCCDBDBBCDBBBCBCBAACACADAACCBBABADBCBAABBBCCBB	['D10C', 'D15C', 'D20C', 'D35C', 'D36A', 'C37B', 'B41C', 'C46B', 'C54D', 'C57D', 'A61B', 'A63D', 'C72A', 'C82B', 'C90B', 'A93B']	16	-1.1652122	-1.0114136	-2.1766233	-1.0114112
BCCDDDCDCDDDDCCDABCAABCABDBACBDCAADACBCABACBCCABCACBCCCCCBDBADDBBBCBCBCABACADAACCCBABADBCBAABBBCCBB	['D15C', 'D20A', 'D36A', 'C62D', 'A63D', 'A71C', 'C72A', 'C73B', 'C90B', 'A93B']	10	-2.8211627	-4.8514667	-5.865156	-1.0136895
BCCDDDCDCDDDDCDDABCDABCABDBACBDCAADDCBCABACBCBAACACBCDCCCBDCCDDBBBCBCBBDCACACAACCBBABADBCBAABBBCCBB	['C46B', 'B48A', 'C54D', 'B60C', 'A61C', 'C62D', 'A63D', 'A71B', 'C72D', 'D77C', 'C82B', 'C90B', 'A93B']	13	-1.0146213	-2.6254883	-3.6400995	-1.0146112
BCCDDDCDCCDDDCDDABCDABCABDBACBDCAADDCBCABADBCDABCACBCACCCBDBADDCBBCBCBBDCACACAACCABACADBCBAABBBCCBB	['D10C', 'C43D', 'C46D', 'C54A', 'C62D', 'A63D', 'B64C', 'A71B', 'C72D', 'D77C', 'C82A', 'B85C', 'C90B', 'A93B']	14	-1.057116	-2.0338497	-3.0494728	-1.0156231
BCCDDDCDCDDDDCDDABCDABCABDBACBDCAADDCBCABACBCCABCACBCCCCCBDBACDCBBCBCBACCACACAACCCBABADBCBAAABBCCBB	['A63D', 'B64C', 'D77C', 'C90B']	4	-2.8232012	-5.1662335	-6.18196	-1.0157266
BCCDDDCDCDDDDCDDABCDABCABDBACBDCAADDCBCABACBCCABCACBCCCCCBDBACDCBBCBCBACCACACAACCCBABADBCBAAABBCCBB	['A63D', 'B64C', 'D77C', 'C90B']	4	-2.8232012	-5.1662335	-6.18196	-1.0157266
BCCDDDCDCCDDBCDDABBCABCABDBACBDDBACABBCABADBCDBBCACBBDDCCBDBADDBBBCBCBBCBACACAACCBBABADBCBAAABBCCBB	['D10C', 'D13B', 'C19B', 'D20C', 'C32D', 'A33B', 'D35C', 'D36A', 'C37B', 'C43D', 'C46D', 'A47B', 'C53B', 'C54D', 'C55D', 'C62D', 'A63D', 'A71B', 'C73B', 'D77C', 'C82B', 'C90B']	22	0.7492914	0.28766108	-0.7290306	-1.0166917
BCCDDDCDCCDDDDDDABCDABCABDBACBDCAADDCBCABACBCCABCACBCCCCCBDBACDBBBCBCBDCCACADAACCCBBBADBCBAABBBCCBB	['D10C', 'C14D', 'A63D', 'A71D', 'A84B', 'C90B', 'A93B']	7	-2.8243008	-5.7094502	-6.7262726	-1.0168223
BCCDDDCDCCDDDCCDABAAABCABDBACBDCAACACBCACACBCCABCACBCCCCCBDBACDBBBCBCBBCBACADAACCCBBBADBCBAAABBCCBB	['D10C', 'D15C', 'C19A', 'D20A', 'D35C', 'D36A', 'B41C', 'A63D', 'A71B', 'C73B', 'A84B', 'C90B']	12	-2.8256216	-4.5371146	-5.5552607	-1.018146
BCCDDDCDCDDDDCDDABCDABCABDBACBDCBADDCBCACACBCDABCACBBCCCCBDBADDBBBCBCBABACCACAACCCBBBADBCBAAABBCCBB	['A33B', 'B41C', 'C46D', 'C53B', 'C62D', 'A63D', 'C72B', 'C73A', 'A74C', 'D77C', 'A84B', 'C90B']	12	-2.0322475	-1.0613718	-3.052123	-1.0198755
BCCDDDCDCBDDBCCDABCAABCABDBACBDCAAAAABCABACBCCABCACBCACCDBDBADABBBCBCBBCBCCACAACCCBABADBABAABBBCCBB	['D10B', 'D13B', 'D15C', 'D20A', 'D35A', 'D36A', 'C37A', 'C54A', 'C57D', 'C62D', 'A71B', 'C73B', 'A74C', 'D77C', 'C89A', 'C90B', 'A93B']	17	-2.827426	-4.483735	-5.5036907	-1.0199556
BCCDDDCDCBDDBCDDABCAABCABDBACBDCBADACBCABACBCDABCACBCDCCCBDBACDBBBCBCBACDACADAACCCBBBADBCBAABBCCCBB	['D10B', 'D13B', 'D20A', 'A33B', 'D36A', 'C46D', 'C54D', 'A63D', 'C73D', 'A84B', 'C90B', 'A93B', 'B95C']	13	-1.0635152	-2.4374151	-3.4594316	-1.0220165
BCCDDDCDCDDDDCCDABCDABCABDBACBDCAADDCBCABACBCCABCACBCCCCCBDBACDBBBCCABACCACACAACCCBABADBCCAAABBCCBB	['D15C', 'A63D', 'B68C', 'C69A', 'D77C']	5	-2.8305893	-5.177836	-6.2009487	-1.0231128
BCCDDDCDCDDDDCDDABCDABCABDBACBDCAADDCBCABABBCDABCACBCDCCCBDBADDBBBCBCBCCCACADAACCBBABADBCBAABBBCCBB	['C43B', 'C46D', 'C54D', 'C62D', 'A63D', 'A71C', 'C82B', 'C90B', 'A93B']	9	-1.0657964	-2.434538	-3.4588366	-1.0242987
AAADDDCDCBDDBCDDABAAABCABDBACBDCAACAABCABACBCDABCACBCDCCCBDBACDBBBCBCBCACACADAACCCBBBADBABADABBCCBB	['B1A', 'C2A', 'C3A', 'D10B', 'D13B', 'C19A', 'D20A', 'D35C', 'D36A', 'C37A', 'C46D', 'C54D', 'A63D', 'A71C', 'C72A', 'A84B', 'C89A', 'C90B', 'A92D']	19	-1.0682287	-2.832048	-3.8587818	-1.0267339
BCCDDDCDCDDDDCDDABCDABCABDBACBDCAADDCBCABACBCCABCACBCCCCDBDBACDCBBCBCBACCACADAACCCBABADBCBAABBBCCBB	['C57D', 'A63D', 'B64C', 'C90B', 'A93B']	5	-2.8349466	-4.2536125	-5.281084	-1.0274715
BCCDDDCDCCDDDCDDABCDABCABDBACDDCAADDCBCABACBCCABCACBCCCCCBDBACACBBCBCBBCCACACAACCCBABADCCCAABBBCCBB	['D10C', 'B30D', 'B64C', 'A71B', 'D77C', 'B88C', 'A93B']	7	-2.83535	-8.065019	-9.0928955	-1.0278769
BCCDDDCDCADDBDDDABCDABCABDBACBDCAADDCBCABACBCCABCACBCCCCCBDBADDBBBCBCBCCCCCACAACCCBABADBCCAAABBCCBB	['D10A', 'D13B', 'C14D', 'C62D', 'A63D', 'A71C', 'A74C', 'D77C']	8	-2.8357873	-4.0244884	-5.052804	-1.0283155
BCCDDDCDCCDDDCDDABCDABCABDBACBDCAADDCBCABACBCCABCACBCCCCCBDBACDBBBCBCBCABACACAACCCBABADBCBAAABBCCBB	['D10C', 'A63D', 'A71C', 'C72A', 'C73B', 'D77C', 'C90B']	7	-2.8366137	-4.4384556	-5.467593	-1.0291376
BCCDDDCDCDDDBCCDABCAABCABDBACBDCAADDCBCABACBCCABCACBCCCCDBDBACDBBBCBCBBCBACADAACCCBABADBCBAAABBCCBB	['D13B', 'D15C', 'D20A', 'C57D', 'A63D', 'A71B', 'C73B', 'C90B']	8	-2.837747	-3.5886917	-4.618964	-1.0302725
BCCDDDCDCBDBBCCDABBCABCABDBACBDCBACABBCACACBCBABCACBCBCCCBDBADDBBBCBCBCABACADAACCCBBBADBCBAAABBCCBB	['D10B', 'D12B', 'D13B', 'D15C', 'C19B', 'D20C', 'A33B', 'D35C', 'D36A', 'C37B', 'B41C', 'C46B', 'C54B', 'C62D', 'A63D', 'A71C', 'C72A', 'C73B', 'A84B', 'C90B']	20	-2.5648456	-1.0303512	-3.5951948	-1.0303493
BCCDDDCDCCDDDCDDABCDABCABDBACBDDAADDCBCABACBCDBBCACBCCCCCBDBADDBBBCBCBACCACACAACCCBABADBCCADBBCCCBB	['D10C', 'C32D', 'C46D', 'A47B', 'C62D', 'A63D', 'D77C', 'A92D', 'A93B', 'B95C']	10	-1.0740085	-1.6697054	-2.702221	-1.0325155
BCCDDDCDCBDDDCCDABCDABCABDBACDDCBACBBBCABADBCCABCACBCCCCCBDCADDBBBCBCBACCACADAACCCBBBADCCBAABBBCCBB	['D10B', 'D15C', 'B30D', 'A33B', 'D35C', 'D36B', 'C37B', 'C43D', 'B60C', 'C62D', 'A63D', 'A84B', 'B88C', 'C90B', 'A93B']	15	-2.8412108	-6.5026126	-7.5363455	-1.0337329
BCCDDDCDCCDDDCDDABCDABCABDBACBDCAADDCBCABACBCDABCACBCDCCCBDBACABBBCBCBBCCACADAACCBBABADBCCAAABBCCBB	['D10C', 'C46D', 'C54D', 'A71B', 'C82B']	5	-1.0753174	-3.1704636	-4.2042856	-1.0338221
AAADDDCDCBDDDCDDABCDABCABDBACBDCAADDCBCABACBCCABCACBCCCCCBDCCDDBBBCBCBACCDCACAACCCBABADBCCAABBBCCBB	['B1A', 'C2A', 'C3A', 'D10B', 'B60C', 'A61C', 'C62D', 'A63D', 'A74D', 'D77C', 'A93B']	11	-2.8432736	-4.5442877	-5.580084	-1.0357962
AAADDDCDCBDDBCDDADCAABCABDBACBDCAADACBCACACBCDABCACBCDCCCBDBACDBBBCBCBCCCACADAACCCBBBADBABAAABBCCBB	['B1A', 'C2A', 'C3A', 'D10B', 'D13B', 'B18D', 'D20A', 'D36A', 'B41C', 'C46D', 'C54D', 'A63D', 'A71C', 'A84B', 'C89A', 'C90B']	16	-1.0774851	-2.3949413	-3.4309282	-1.0359869
BCCDDDCDCCDDDCDDABCDABCABDBACBDCAACDBBCABACBCBABCACBCDDCDBDCADCCBACBCBBCCACADAACCBBBBADBCCAAABBCCBB	['D10C', 'D35C', 'C37B', 'C46B', 'C54D', 'C55D', 'C57D', 'B60C', 'C62D', 'A63C', 'B64C', 'B66A', 'A71B', 'C82B', 'A84B']	15	0.7684541	-1.0332661	-2.072279	-1.0390129
BCCDDDCDCCDBBCDCABDDABCABDBACBDCAADDCBCABACBCBAACACBCCCCCBDBACCBBBCBCBBACACADAACCBBABADBCCAABBBCCBB	['D10C', 'D12B', 'D13B', 'D16C', 'C19D', 'C46B', 'B48A', 'A63C', 'A71B', 'C72A', 'C82B', 'A93B']	12	-1.040556	-3.536008	-4.5765553	-1.0405474
BCCDDDCDCCDDDCDDABCCABCABDBACBDCAACABBCABACBCCABCACBCCCCDBDBACDBBBCBCBBCCACADAACCBBABADBCCAAABBDCBB	['D10C', 'D20C', 'D35C', 'D36A', 'C37B', 'C57D', 'A63D', 'A71B', 'C82B', 'C96D']	10	-2.8494291	-3.0859103	-4.1278667	-1.0419564
BCCDDDCDCCDDDCCDABAAABCABDBACBDCAACACBCACACBCCABCACBCCCCCBDBADDBBBCBCBBCBACADAACCCBBBADBCBAAABBCCBB	['D10C', 'D15C', 'C19A', 'D20A', 'D35C', 'D36A', 'B41C', 'C62D', 'A63D', 'A71B', 'C73B', 'A84B', 'C90B']	13	-2.8504295	-4.0935774	-5.136531	-1.0429535
AAADDDCDCBDDDACDABCAABCABDBACDDCAADACBCABACBCCABCACBCCCCCBDBADDBBBCBCBACCACADAACCCBACADCCCAAABBCCBB	['B1A', 'C2A', 'C3A', 'D10B', 'C14A', 'D15C', 'D20A', 'B30D', 'D36A', 'C62D', 'A63D', 'B85C', 'B88C']	13	-2.8516717	-6.162672	-7.2068653	-1.0441933
BCCDDDCDCADDBCDDABCDABCABDBACBDCAADDCBCABACBCDABCACBDCCCCCDBACDBBBCBCBACCACADAACCCBABADBCBAAABBCCBB	['D10A', 'D13B', 'C46D', 'C53D', 'B58C', 'A63D', 'C90B']	7	-1.0869188	-3.2008395	-4.2462635	-1.045424
BCCDDDCDCCDDDCDDABCDABCABDBACBDCAADACBCACACBCBABCACBCDCCCBDBACACBBCBCBBCCACADAACCBBABADBCCAABBBCCBB	['D10C', 'D36A', 'B41C', 'C46B', 'C54D', 'B64C', 'A71B', 'C82B', 'A93B']	9	-1.0456619	-3.4312453	-4.4769	-1.0456548
BCCDDDCDCCDDDCDDABCDABCABDBACBDCAADACBCACACBCBABCACBCDCCCBDBACACBBCBCBBCCACADAACCBBABADBCCAABBBCCBB	['D10C', 'D36A', 'B41C', 'C46B', 'C54D', 'B64C', 'A71B', 'C82B', 'A93B']	9	-1.0456619	-3.4312453	-4.4769	-1.0456548
BCCDDDCDCCDDDCDDABCDABCABDBACBDCAADDCBCABACBCBAACACBCDCCCBDBACDBBBCBCBBCCACACAACCABABADBCBAABBBCCBB	['D10C', 'C46B', 'B48A', 'C54D', 'A63D', 'A71B', 'D77C', 'C82A', 'C90B', 'A93B']	10	-1.0473356	-3.7540784	-4.801404	-1.0473256
BCCDDDCDCCDDDCDDABCDABCABDBACBDCAACDCBCACACBCDABCACBCCCCDBABACDBBBCBCBBDCCCACAACCCBBBADDCCAABBBCCBB	['D10C', 'D35C', 'B41C', 'C46D', 'C57D', 'D59A', 'A63D', 'A71B', 'C72D', 'A74C', 'D77C', 'A84B', 'B88D', 'A93B']	14	-1.0905042	-3.5484362	-4.5974483	-1.0490122
BCCDDDCDCADDBCCDABBAABCABDBACBDCAADDCBCABACBCDABCACBCDCCCBDBADDBBBCBCBCCBACADAACCABABADBCBAAABBCCBB	['D10A', 'D13B', 'D15C', 'C19B', 'D20A', 'C46D', 'C54D', 'C62D', 'A63D', 'A71C', 'C73B', 'C82A', 'C90B']	13	-1.2732325	-1.0926342	-2.3243713	-1.0511389
BCCDDDCDCDDDDCCDABCCABCABDBACBDCAADABBCABACBCDABCACBCDCCCBDBACDBBBCBABBCBACADAACCBBABADBCBAABBBCCBB	['D15C', 'D20C', 'D36A', 'C37B', 'C46D', 'C54D', 'A63D', 'C69A', 'A71B', 'C73B', 'C82B', 'C90B', 'A93B']	13	-1.0956559	-2.3134952	-3.367651	-1.0541558
BCCDDDCDCDDDDCDDABCDABCABDBACBDCAADDCBCABACBCCABCACBCCCCCBDBACDBBBCBCBBCBACACAACCCBABADBCBAABBBCCBB	['A63D', 'A71B', 'C73B', 'D77C', 'C90B', 'A93B']	6	-2.8636155	-5.318751	-6.374892	-1.0561414
BCCDDDCDCDDDDCDDABCDABCABDBACBDCAADDCBCABACBCCABCACBCCCCCBDBACDBBBCBCBBCBACACAACCCBABADBCBAABBBCCBB	['A63D', 'A71B', 'C73B', 'D77C', 'C90B', 'A93B']	6	-2.8636155	-5.318751	-6.374892	-1.0561414
BCCDDDCDCBDDDCDDABCDABCABDBACBDCAADDCBCABACBCBABCACBCCCCCBDBADBBBBCBCBBCCACCCAACCCBABADBCCAAABBCCBB	['D10B', 'C46B', 'C62D', 'A63B', 'A71B', 'A76C', 'D77C']	7	-1.0582728	-2.2853403	-3.343605	-1.0582647
BCCDDDCDCDDDBDDDABCCABCABDBACBDAAACABBCABACBCDABCACBCDDCDBDBCDDBBBCBCBCAAACADAACCCBBBADBCBBDABBCCBB	['D13B', 'C14D', 'D20C', 'C32A', 'D35C', 'D36A', 'C37B', 'C46D', 'C54D', 'C55D', 'C57D', 'A61C', 'C62D', 'A63D', 'A71C', 'C72A', 'C73A', 'A84B', 'C90B', 'A91B', 'A92D']	21	0.70683956	0.5944214	-0.464715	-1.0591364
BCCBDDCDCADDDCDDABCCABCABDBACBDCBABAABCABACBCBABCACBACCCDBDBADDBBBCBCBACCBCADAACCCABCADBBCAAABBCCBB	['D4B', 'D10A', 'D20C', 'A33B', 'D35B', 'D36A', 'C37A', 'C46B', 'C53A', 'C57D', 'C62D', 'A63D', 'A74B', 'B83A', 'A84B', 'B85C', 'C89B']	17	-1.0616169	-3.1474767	-4.2090874	-1.0616107
BCCBDDCDCADDDCDDABCCABCABDBACBDCBABAABCABACBCBABCACBACCCDBDBADDBBBCBCBACCBCADAACCCABCADBBCAAABBCCBB	['D4B', 'D10A', 'D20C', 'A33B', 'D35B', 'D36A', 'C37A', 'C46B', 'C53A', 'C57D', 'C62D', 'A63D', 'A74B', 'B83A', 'A84B', 'B85C', 'C89B']	17	-1.0616169	-3.1474767	-4.2090874	-1.0616107
BCCDDDCDCCDCDCDDABCDABCABDBACBDCAADDCBCACACBCCABCACBCCCCCBDBCDDBBBBBCBBCBACACAACCCBABADBCBAABBBCCBB	['D10C', 'D12C', 'B41C', 'A61C', 'C62D', 'A63D', 'C67B', 'A71B', 'C73B', 'D77C', 'C90B', 'A93B']	12	-2.8692956	-3.2011333	-4.2629538	-1.0618205
AAADDDCDCBDDBCDDABCDABCABDBACBDCAADDCBCABACBCDABCACBCCCCCBDBACDBBBCBCCACCACADAACCCBBBADBCBADBBCCCBB	['B1A', 'C2A', 'C3A', 'D10B', 'D13B', 'C46D', 'A63D', 'B70C', 'A84B', 'C90B', 'A92D', 'A93B', 'B95C']	13	-1.1042223	-2.3871737	-3.4498997	-1.062726
BCCDDDCDCCDCDCDDABDDABCABDBACBDCAADDCBCABACBBCABCACBCCCCCBDBADDBBBBBBBACDACADAACCBBABADBCBAAABBCCBB	['D10C', 'D12C', 'C19D', 'C45B', 'C62D', 'A63D', 'C67B', 'C69B', 'C73D', 'C82B', 'C90B']	11	-3.470399	-2.8729548	-4.535881	-1.0654821
BCCDDDCDCCDDDCDDABCDABCABDBACBDCAADDCBCABACBCBABCACBCCCCCBDBADDBBBCBCBACCCCADAACCABABADBCBAABBBCCBB	['D10C', 'C46B', 'C62D', 'A63D', 'A74C', 'C82A', 'C90B', 'A93B']	8	-1.066925	-2.4329586	-3.499877	-1.0669184
BCCDDDCDCADDDCDDABCCABCABDBACBDCAADACBCABACBCDBBCACBCDCCCBDBACDBBBCBCBBDCACADAACCABABADBCBAABBBCCBB	['D10A', 'D20C', 'D36A', 'C46D', 'A47B', 'C54D', 'A63D', 'A71B', 'C72D', 'C82A', 'C90B', 'A93B']	12	-1.112567	-2.6526132	-3.7236862	-1.071073
BCCDDDCDCCDDBCDDABCDABCABDBACBDCAADDCBCABACBCCABCACBCCCCCBDBACDCBBCBCBCCCACADAACCCBABADBCCAAABBCCBB	['D10C', 'D13B', 'A63D', 'B64C', 'A71C']	5	-2.8789124	-5.0875793	-6.1590195	-1.0714402
BCCDDDCDCCDDBCDDABCDABCABDBACBDCAADDCBCABACBCCABCACBCCCCCBDBACDCBBCBCBCCCACADAACCCBABADBCCAAABBCCBB	['D10C', 'D13B', 'A63D', 'B64C', 'A71C']	5	-2.8789124	-5.0875793	-6.1590195	-1.0714402
AAADDDCDCCDDBCDDABCAABCABDBACBDCAADDCBCABACBCCABCACBCCCCCBDBADDBBBCBCBCCBACADAACCCBABADBCBAAABBCCBB	['B1A', 'C2A', 'C3A', 'D10C', 'D13B', 'D20A', 'C62D', 'A63D', 'A71C', 'C73B', 'C90B']	11	-2.8798094	-3.6846824	-4.7570124	-1.07233
BCCDDDCDCBDBDCCCABBDABCABDBACBDCAADDCBCABACBCBABCACBCCDCCBDBACBCBBCBCBACCBCACAACCABACADBCCAAABBCCBB	['D10B', 'D12B', 'D15C', 'D16C', 'C19B', 'C46B', 'C55D', 'A63B', 'B64C', 'A74B', 'D77C', 'C82A', 'B85C']	13	0.73446846	-1.3348036	-2.4077978	-1.0729942
AAADDDCDCCDDDCDDABCAABCABDBACBDCAABABBCABACBCDBBCACBCDCCCCDBADCBBBCBCBAACACACAACCABACADBDCAAABBCCBB	['B1A', 'C2A', 'C3A', 'D10C', 'D20A', 'D35B', 'D36A', 'C37B', 'C46D', 'A47B', 'C54D', 'B58C', 'C62D', 'A63C', 'C72A', 'D77C', 'C82A', 'B85C', 'C89D']	19	-1.6130848	-1.1172829	-2.688877	-1.0757923
BCCDDDCDCDDDBCCDABCAABCABDBACBDCBACACBCABACBCBABCACBCCCCCCDBADDBBBCBCBBCBACADAACCABABADBCBAABBBCCBB	['D13B', 'D15C', 'D20A', 'A33B', 'D35C', 'D36A', 'C46B', 'B58C', 'C62D', 'A63D', 'A71B', 'C73B', 'C82A', 'C90B', 'A93B']	15	-1.0766706	-2.8702292	-3.9468966	-1.0766673
AAADDDCDCCDDDDDDABCDABCABDBACBDCAADDCBCABACBCBABCACBCDCCCBDBADCBBBDBABBCCACACAACCABABADBCCAABBBCCBB	['B1A', 'C2A', 'C3A', 'D10C', 'C14D', 'C46B', 'C54D', 'C62D', 'A63C', 'C67D', 'C69A', 'A71B', 'D77C', 'C82A', 'A93B']	15	-1.0768046	-1.6441936	-2.7209911	-1.0767975
BCCDDDCDCDDDDCDDABCDABCABDBACBDCADDCCBCABACBCCABCACBCCCCCBDBADDBBBCBCBACCACADAACCCBABADDCCAABBBCCBB	['A34D', 'D36C', 'C62D', 'A63D', 'B88D', 'A93B']	6	-2.8846269	-6.8320155	-7.9091682	-1.0771527
BCCDDDADCCDDDCDDABCAABCABDBACBDCAADDCBCABACBCCABCACBCCCCCBDBADDBBBBBCBBDBACACAACCCBBBADBCBAABBBCCBB	['C7A', 'D10C', 'D20A', 'C62D', 'A63D', 'C67B', 'A71B', 'C72D', 'C73B', 'D77C', 'A84B', 'C90B', 'A93B']	13	-2.886366	-5.1787167	-6.2576046	-1.0788879
BCCDDDCDCCDDBCDDABCDABCABDBACBDCAADDCBCABACBCCABCACBCCCCCBDCACDBBBCBCBBCBACACAACCCBBBADBCBAAABBCCBB	['D10C', 'D13B', 'B60C', 'A63D', 'A71B', 'C73B', 'D77C', 'A84B', 'C90B']	9	-2.8871117	-5.0167847	-6.0964212	-1.0796366
BCCDDDCDCCDDDCDDABCDABCABDBACBDCAADDCBCACACBCBABCACBCDCCCBDBACDBBBCBCBACCACACAACCBBABADBCCAABBBCCBB	['D10C', 'B41C', 'C46B', 'C54D', 'A63D', 'D77C', 'C82B', 'A93B']	8	-1.0803595	-2.309906	-3.390255	-1.080349
BCCDDDCDCDDDDCDDABCDABCABDBACBDCAADDCBCABACBCCABCACBCCCCCBDBADDBBBCBCBBCBACACAACCCBABADBCBAABBBCCBB	['C62D', 'A63D', 'A71B', 'C73B', 'D77C', 'C90B', 'A93B']	7	-2.8884244	-4.875213	-5.9561644	-1.0809512
BCCDDDCDCDDDDCDDABCDABCABDBACBDCAADDCBCABACBCCABCACBCCCCCBDBADDBBBCBCBBCBACACAACCCBABADBCBAABBBCCBB	['C62D', 'A63D', 'A71B', 'C73B', 'D77C', 'C90B', 'A93B']	7	-2.8884244	-4.875213	-5.9561644	-1.0809512
BCCDDDCDCCDDDCDDABCDABCABDBACBDCAACACBCABACBCCAACCCBCDCCCBDBADBBBBCBCBBCCACADAACCABABADBCCAAABBCCBB	['D10C', 'D35C', 'D36A', 'B48A', 'A50C', 'C54D', 'C62D', 'A63B', 'A71B', 'C82A']	10	-2.8890615	-5.0247335	-6.1063232	-1.0815897
BCCDDDCDCDDDDCCDABCAABCABDBACDDCAADACBCABACBCCABCACBCCCCCBDBACDBBBCBCBBCCACADAACCCBACADCCCAAABBCCBB	['D15C', 'D20A', 'B30D', 'D36A', 'A63D', 'A71B', 'B85C', 'B88C']	8	-2.8896837	-7.21601	-8.298218	-1.0822077
BCCDDDCDCADDBCCDABCDABCABDBACBDCAADDCBCABACBCCABCACBCCCCCBDBADDBBBCBCBACCACADAACCCBABADBCCAAABBCCBB	['D10A', 'D13B', 'D15C', 'C62D', 'A63D']	5	-2.8907013	-4.454028	-5.5372562	-1.0832281
BCCDDDCDCBDDDCDDABCDABCABDBACBDCAADDBBCABACBCDABCACBCCCCCBDBADDBBBCBCBBCBACACAACCABABADBCBAABBBCCBB	['D10B', 'C37B', 'C46D', 'C62D', 'A63D', 'A71B', 'C73B', 'D77C', 'C82A', 'C90B', 'A93B']	11	-1.1256266	-2.0542717	-3.138403	-1.0841312
BCCDDDCDCBDDDCDDABCDABCABDBACBDCAADDBBCABACBCDABCACBCCCCCBDBADDBBBCBCBBCBACACAACCABABADBCBAABBBCCBB	['D10B', 'C37B', 'C46D', 'C62D', 'A63D', 'A71B', 'C73B', 'D77C', 'C82A', 'C90B', 'A93B']	11	-1.1256266	-2.0542717	-3.138403	-1.0841312
BCCDDDCDCCDDDCDDABCDABCABDBACBDCAADDCBCABACBCCABCACBCCCCCBDBACDBBBDBABCCCACACAACCCBABADBCCAAABBCCBB	['D10C', 'A63D', 'C67D', 'C69A', 'A71C', 'D77C']	6	-2.8917966	-4.001967	-5.0862885	-1.0843215
BCCDDDCDCCDDDCCDABCCABCABDBACBDCAACABBCABADBCDABCCCBCDDCDBDCADDBBBCBABDCBACADAACCBBACADBABAABBBCCBB	['D10C', 'D15C', 'D20C', 'D35C', 'D36A', 'C37B', 'C43D', 'C46D', 'A50C', 'C54D', 'C55D', 'C57D', 'B60C', 'C62D', 'A63D', 'C69A', 'A71D', 'C73B', 'C82B', 'B85C', 'C89A', 'C90B', 'A93B']	23	-0.92116165	0.6802907	-2.0068474	-1.0856857
BCCDDDCDCCDDBCDDABCDABCABDBACBDCAADACBCABACBCCABCACBCCCCCBDCCADABBCBCBBACACADAACCCBABADBCCAABBBCCBB	['D10C', 'D13B', 'D36A', 'B60C', 'A61C', 'C62A', 'A63D', 'B64A', 'A71B', 'C72A', 'A93B']	11	-2.894043	-5.1144996	-6.201069	-1.0865693
BCCDDDCDCDDDDCCDABCDABCABDBACBDCAADDCBCABACBCCABCACBCCCCCBDBACDCBBCBCBACCACADAACCCBABADBCCAAABBCCBB	['D15C', 'A63D', 'B64C']	3	-2.895174	-5.425049	-6.5127487	-1.0876999
BCCDDDCDCDDDDCDDABCDABCABDBACBDCAADDCBCABACBCCABCACBCCCCCBDBACDBBBCBCBACCACACAACCCBABADBCCAABBBCCBA	['A63D', 'D77C', 'A93B', 'B99A']	4	-2.8965855	-5.812126	-6.9012394	-1.0891132
BCCDDDCDCDDDDCDDABCDABCABDBACBDCAADDCBCABACBCCABCACBCCCCCBDBACDBBBCBCBACCACACAACCCBABADBCCAABBBCCBA	['A63D', 'D77C', 'A93B', 'B99A']	4	-2.8965855	-5.812126	-6.9012394	-1.0891132
BCCDDDCDCDDDDCDDABCDABCABDBACBDCAADDCBCABACBCCABCACBCCCCCBDBACDBBBCBCBACCACACAACCCBABADBCCAABBBCCBA	['A63D', 'D77C', 'A93B', 'B99A']	4	-2.8965855	-5.812126	-6.9012394	-1.0891132
BCCDDDCDCDDDDCCDABAAABCABDBACBDCAAAACBCABACBCCABCACBCDCCCBDBADDBBBCBCBACBACADAACCCBBBADBCBAAABBCCBB	['D15C', 'C19A', 'D20A', 'D35A', 'D36A', 'C54D', 'C62D', 'A63D', 'C73B', 'A84B', 'C90B']	11	-2.897038	-4.5280457	-5.617608	-1.0895624
BCCDDDCDCCDDDCDDABCDABCABDBACDDCAADDCBCABABBCCABCACBCCCCCBDBCCDBBBCBCBACCCCACAACCCBABADCCCAABBBCCBB	['D10C', 'B30D', 'C43B', 'A61C', 'A63D', 'A74C', 'D77C', 'B88C', 'A93B']	9	-2.897668	-6.7375655	-7.8277607	-1.0901952
BCCDDDCDCCDDDCDDCBCDABCABDBACBDCAADDABCABACBCBABCACBCDCCCBDBACACBBCBDBACCACADAACCBBABADBCCAAABDCCBB	['D10C', 'A17C', 'C37A', 'C46B', 'C54D', 'B64C', 'C69D', 'C82B', 'B95D']	9	-1.0913053	-3.9983907	-5.089691	-1.0913005
BCCDDDCDCADDDCCDABBDABCABDBACBDCAADDCBCABACBCCABCACBCCCCCBDBACCBBBCBCBACCBCACAACCCBABADBCCAAABBCCBB	['D10A', 'D15C', 'C19B', 'A63C', 'A74B', 'D77C']	6	-2.8991275	-4.748099	-5.8397512	-1.0916524
BCCDDDCDCDDBDCCDABCDABCABDBACBDCAADACBCABACBCCABCACBCCCCCBDBADDBBBCBCBBCBACADAACCCBBBADBCBAAABBCCBB	['D12B', 'D15C', 'D36A', 'C62D', 'A63D', 'A71B', 'C73B', 'A84B', 'C90B']	9	-2.9013524	-5.02714	-6.1210203	-1.0938802
BCCDDDCDCCDDDCDDABCDABCABDBACBDCAADDCBCACACBCBABCACBCDCCCBDBACABBBCBCBBCCACADAACCBBABADBCCAABBBCCBB	['D10C', 'B41C', 'C46B', 'C54D', 'A71B', 'C82B', 'A93B']	7	-1.095581	-3.078751	-4.174322	-1.095571
BCCDDDCDCDDDDCDDABCDABCABDBACBDCAADDCBCACACBCCABCACBCCCCCBDBACDCBBCBCBACCACADAACCCBABADBCCACABBCCBB	['B41C', 'A63D', 'B64C', 'A92C']	4	-2.905261	-5.1982903	-6.2960787	-1.0977883
BCCDDDCDCADDBDCDABBAABCABDBACBDCAADDCBCABACBCDABCACBCCCCCBABACACBACBABACCACADAACCCBBBADBCCBCABBCCBB	['D10A', 'D13B', 'C14D', 'D15C', 'C19B', 'D20A', 'C46D', 'D59A', 'B64C', 'B66A', 'C69A', 'A84B', 'A91B', 'A92C']	14	-1.1394401	-4.373331	-5.471282	-1.0979509
BCCDDDCDCDDDDCCDADCAABCABDBACBDCAADABBCABACBCDABCACBCCCCCBDCADDBBBCBCBCBAACADAACCCBABADBCBAABBBCCBB	['D15C', 'B18D', 'D20A', 'D36A', 'C37B', 'C46D', 'B60C', 'C62D', 'A63D', 'A71C', 'C72B', 'C73A', 'C90B', 'A93B']	14	-2.3725586	-1.1400604	-3.471118	-1.0985594
BCCDDDCDCDDDBCDDABCDABCABDBACBDCAADDCBCABACBCDABCACBCCDCCBDBACDBBBCBCBBCBACACAACCBBABADBCBAABBBCCBB	['D13B', 'C46D', 'C55D', 'A63D', 'A71B', 'C73B', 'D77C', 'C82B', 'C90B', 'A93B']	10	0.6654782	-2.7898521	-3.8903437	-1.1004915
BCCDDDCDCDDDBDCDABCBABCABDBACBDCAADABBCABACBCCABCACBCCCCCBDBACDBBBCBCBBCBACADAACCCBABADBCBAABBBCCBB	['D13B', 'C14D', 'D15C', 'D20B', 'D36A', 'C37B', 'A63D', 'A71B', 'C73B', 'C90B', 'A93B']	11	-2.9089818	-4.9101872	-6.011691	-1.1015038
BCCDDDCDCADDBDCDABCAABCABDBACBDCAADACBCABACBCCABCACBCCCCCBDBACABBBCBCBACCACADAACCCBABADDCCAAABBCCBB	['D10A', 'D13B', 'C14D', 'D15C', 'D20A', 'D36A', 'B88D']	7	-2.9097543	-6.4161773	-7.5184526	-1.1022754
BCCDDDCDCDDCDDDDABCDABCABDBACBDCAADDCBCABACBCCABCACBCCCCCBDCADDBBBCCCBBCCACADAACCCBABADBCCAABBBCCBB	['D12C', 'C14D', 'B60C', 'C62D', 'A63D', 'B68C', 'A71B', 'A93B']	8	-2.9099398	-4.8764763	-5.978943	-1.1024666
AAADDDCDCCDDBCDDABCDABCABDBACBDCAADDCBCABACBCCABCACBCCCCCBDBACDDBBCBCBCDCACACAACCCBABADBCCAAABBCCBB	['B1A', 'C2A', 'C3A', 'D10C', 'D13B', 'A63D', 'B64D', 'A71C', 'C72D', 'D77C']	10	-2.9108958	-4.8864937	-5.989912	-1.1034184
BCCDDDCDCDDDBCDDABCDABCABDBACBDCAAAACBCABACBCCABCACBCCCCCBDBADDDBBCBCBADCCCADAACCCBABADBCBAABBBCCBB	['D13B', 'D35A', 'D36A', 'C62D', 'A63D', 'B64D', 'C72D', 'A74C', 'C90B', 'A93B']	10	-2.910911	-5.6219864	-6.7254257	-1.1034393
BCCDDDCDCADDDCDDABCDABCABDBACBDCAADDCBAACACBCDABCACBCCCCCBDBADDBBBCBCBBBBACACABCCCBABADBCBAABBBCCBB	['D10A', 'C39A', 'B41C', 'C46D', 'C62D', 'A63D', 'A71B', 'C72B', 'C73B', 'D77C', 'A79B', 'C90B', 'A93B']	13	-2.3338814	-1.1457596	-3.4381437	-1.1042624
BCCDDDCDCDDDDCDDABCDABCABDBACBDCAADDBBCABACBCCABCACBCCCCDBDCADDBBBCBCBACCACACAACCCBABADBCCAAABBCCBB	['C37B', 'C57D', 'B60C', 'C62D', 'A63D', 'D77C']	6	-4.5041227	-2.9121504	-5.608798	-1.1046753
BCCDDDCDCBDDDCDDABCDABCABDBACBDCAACDBBCABACBCDABCACBCCCCCBDBADDCBBCBCBBCDACADABCCCBABADBCBADABBCCBB	['D10B', 'D35C', 'C37B', 'C46D', 'C62D', 'A63D', 'B64C', 'A71B', 'C73D', 'A79B', 'C90B', 'A92D']	12	-1.1476092	-1.9089842	-3.0151033	-1.1061192
BCCDDDCDCDDDDCDDABCDABCABDBACBDCAACACBCACADBCCAACACBCDCCCBDBADDBBBCBCBACCACADAACCBBABADBCCAAABBCCBB	['D35C', 'D36A', 'B41C', 'C43D', 'B48A', 'C54D', 'C62D', 'A63D', 'C82B']	9	-2.914328	-4.244157	-5.3510103	-1.1068535
BCCDDDCDCCDDDCDDABCDABCABDBACBDCAADDCBCABACBCCABCACBCCCCCBDBACDBBBCBCBCCCACACAACCCBABADBCBAAABBCCBB	['D10C', 'A63D', 'A71C', 'D77C', 'C90B']	5	-2.9148617	-4.749386	-5.8567724	-1.1073866
BCCDDDCDCDDBBCDDABCDABCABDBACDDCAADDCBCABACBCCABCACBCCCCCBDBACDCBBCBCBBCCACACAACCCBABADCCCAAABBCCBB	['D12B', 'D13B', 'B30D', 'A63D', 'B64C', 'A71B', 'D77C', 'B88C']	8	-2.9163055	-7.0297213	-8.138556	-1.1088343
BCCDDDCDCDDDDCDDABCDABCDBDBACBDCAACDCBCABACBCCABCACBCCCCDBDBACDBBBCBCCACCACADAACCCBABADBCCAAABBCCBB	['A24D', 'D35C', 'C57D', 'A63D', 'B70C']	5	-2.9165807	-3.6706805	-4.779788	-1.1091075
AAADDDCDCCDDBCDDABCCABCABDBACBDCAACACBCABACBCDABAACBCDCCDCABACDBBBCBABACCACADAACCABABADBDCAAABBCCBB	['B1A', 'C2A', 'C3A', 'D10C', 'D13B', 'D20C', 'D35C', 'D36A', 'C46D', 'C49A', 'C54D', 'C57D', 'B58C', 'D59A', 'A63D', 'C69A', 'C82A', 'C89D']	18	-1.1506209	-1.6064606	-2.7155905	-1.1091299
AAADDDCDCCDDDCCDABCDABCABDBACBDCAADDCBCABACBCCABCACBCCCCCBDBACCBBBCBCBACCACADAACCCBABADBCCAABBBCCBB	['B1A', 'C2A', 'C3A', 'D10C', 'D15C', 'A63C', 'A93B']	7	-2.917842	-5.4712925	-6.5816574	-1.1103649
AAADDDCDCDDDDCCDABCDABCABDBACBDCAADDCBCACACBCCABCACBCCCCCBDBACABBBCBCBACCACADAACCDBABADBCCAABBBCCBB	['B1A', 'C2A', 'C3A', 'D15C', 'B41C', 'C82D', 'A93B']	7	-2.9188771	-6.1882544	-7.299659	-1.1114044
AAADDDCDCDDDDCCDABCDABCABDBACBDCAADDCBCACACBCCABCACBCCCCCBDBACABBBCBCBACCACADAACCDBABADBCCAABBBCCBB	['B1A', 'C2A', 'C3A', 'D15C', 'B41C', 'C82D', 'A93B']	7	-2.9188771	-6.1882544	-7.299659	-1.1114044
BCCDDDCDCDDDDCDDABCDABCABDBACBDCAADDCBCABACBCCABCACBCDCCCBDBADDABBCBABBCCACADAACCCBABADBCCAAABBCCBB	['C54D', 'C62D', 'A63D', 'B64A', 'C69A', 'A71B']	6	-2.9196653	-4.5704417	-5.6826324	-1.1121907
BCCDDDCDCDDDDCDDABCDABCABDBACBDCAADDABCABACBCCABCACBCCCCCBDBACACBBCBCBACCACACAACCCBABADDCCAAABBCCBB	['C37A', 'B64C', 'D77C', 'B88D']	4	-2.9213557	-7.052733	-8.166617	-1.1138844
BCCCDDCDCBDDDCDDABCDABCABDBACBDCAACDCBCABACBCDABCACBCDCCCBDBADDBBBCBCBDCBACADABCCCBBBADBCBAABBBCCBB	['D4C', 'D10B', 'D35C', 'C46D', 'C54D', 'C62D', 'A63D', 'A71D', 'C73B', 'A79B', 'A84B', 'C90B', 'A93B']	13	-1.157506	-3.9395847	-5.0555954	-1.1160107
BCCDDDCDCDDDBDDDABCDABCABDBACBDDAADDCBCABADBCDBBCACBCCCCCBDBACDCBBCBCBACCACADAACCBBABADBCCAAABBCCBB	['D13B', 'C14D', 'C32D', 'C43D', 'C46D', 'A47B', 'A63D', 'B64C', 'C82B']	9	-1.158638	-2.118349	-3.2354956	-1.1171465
BCCDDDCDCDDDDCDDABCDABCABDBACBDCAADDABCACACBCCABCACBCCCCDBDBADDCBBCBCBABCACADAACCCBABADBCCAAABBCCBB	['C37A', 'B41C', 'C57D', 'C62D', 'A63D', 'B64C', 'C72B']	7	-4.0418797	-2.9247847	-5.159192	-1.1173124
BCCDDDCDCCDDDCDBABADABCABDBACBDDAADDABCACACBBDBBCACBCCCCCBDBACDBBBCBCBADCACADAACCBBABADBCBADBBBCCBB	['D10C', 'D16B', 'C19A', 'C32D', 'C37A', 'B41C', 'C45B', 'C46D', 'A47B', 'A63D', 'C72D', 'C82B', 'C90B', 'A92D', 'A93B']	15	-1.1591439	-2.421341	-3.538993	-1.1176519
BCCDDDCDCDDDDCDDABCDABCABDBACBDCAADDCBCABACBCCABCACBCCCCCBDBACDBBBCBCBBCCACACAACCCBABADBCCAABBBCCBB	['A63D', 'A71B', 'D77C', 'A93B']	4	-2.9252672	-5.7298064	-6.8476	-1.1177936
BCCDDDCDCADDBCCDABCBABCABDBACBDCAACACBCACACBBCABCACBCDCCCBDBADDCBBCBCBACBACADAACCCBABADBCBAAABBCCBA	['D10A', 'D13B', 'D15C', 'D20B', 'D35C', 'D36A', 'B41C', 'C45B', 'C54D', 'C62D', 'A63D', 'B64C', 'C73B', 'C90B', 'B99A']	15	-2.930345	-4.636423	-5.7592964	-1.1228733
BCCDDDCDCBDBDDDDABDAABCABDBACDDCCABAABCACACBCCABCACBCBCCCBDBACDBBBCBCBCCCACADAACCCBACADCCCAABBBCCBB	['D10B', 'D12B', 'C14D', 'C19D', 'D20A', 'B30D', 'A33C', 'D35B', 'D36A', 'C37A', 'B41C', 'C54B', 'A63D', 'A71C', 'B85C', 'B88C', 'A93B']	17	-2.9343343	-6.073479	-7.2003336	-1.1268544
BCCDDDCDCADDDCCDABBCABCABDBACBDCAACACBCABACBCDABCACBCADCCBDBACDBBBCBBBBCCACADAACCABABADBCBADCBCCCBB	['D10A', 'D15C', 'C19B', 'D20C', 'D35C', 'D36A', 'C46D', 'C54A', 'C55D', 'A63D', 'C69B', 'A71B', 'C82A', 'C90B', 'A92D', 'A93C', 'B95C']	17	0.6371856	0.043787956	-1.085001	-1.128789
BCCDDDCDCDDDBCDDABCDABCABDBACDDCCACAABCABACBCCABCACBCDCCCBDBADDBBBCBCBCCCCCADAACCCBABADCCBAAABBCCBB	['D13B', 'B30D', 'A33C', 'D35C', 'D36A', 'C37A', 'C54D', 'C62D', 'A63D', 'A71C', 'A74C', 'B88C', 'C90B']	13	-2.9377756	-6.8396974	-7.970001	-1.1303039
BCCDDDCDCCDDBCDDABCDABBABDBACBDCAACDBBCABACBCDABCACBCCCCCBDBDDDCBBCBCBACCACCCAACCCBABADBCCAAABBCCBB	['D10C', 'D13B', 'C23B', 'D35C', 'C37B', 'C46D', 'A61D', 'C62D', 'A63D', 'B64C', 'A76C', 'D77C']	12	-1.1722617	-2.9813218	-4.112088	-1.1307664
BCCDDDCDCCDDDCDDABCCABCABDBACBDCBACABBCABACBCDABCACBBDCCDBDBADDBBBCBCBBCCCCADAACCCBBBADBCBAABBBCCBB	['D10C', 'D20C', 'A33B', 'D35C', 'D36A', 'C37B', 'C46D', 'C53B', 'C54D', 'C57D', 'C62D', 'A63D', 'A71B', 'A74C', 'A84B', 'C90B', 'A93B']	17	-1.8104992	-1.1749773	-2.943983	-1.1334839
AAADDDCDCBDDDCDDABBDABCABDBACBDCAACACBCABACBCDABCACBCCCCCBDCCDDBBBCBCBCABACADAACCCBABADBCBAAABBCCBB	['B1A', 'C2A', 'C3A', 'D10B', 'C19B', 'D35C', 'D36A', 'C46D', 'B60C', 'A61C', 'C62D', 'A63D', 'A71C', 'C72A', 'C73B', 'C90B']	16	-3.5040822	-1.1751328	-4.6377153	-1.1336331
BCCDDDCDCDDDDCDDABCDABCABDBACBDCAADDCBCABACBCCABCACBCCCCDBDBACDBBBCBCBBCBACADAACCCBBBADBCBAAABBCCBB	['C57D', 'A63D', 'A71B', 'C73B', 'A84B', 'C90B']	6	-2.9414973	-4.119346	-5.2533693	-1.1340232
AAADDDCDCBDDBCDDABCDABCABDBACBDCBACACBCABACBCDABCACBCDDCDBDCADDBBCCBCBCACACACAACCCBBBADBCBAABBCCCBB	['B1A', 'C2A', 'C3A', 'D10B', 'D13B', 'A33B', 'D35C', 'D36A', 'C46D', 'C54D', 'C55D', 'C57D', 'B60C', 'C62D', 'A63D', 'B66C', 'A71C', 'C72A', 'D77C', 'A84B', 'C90B', 'A93B', 'B95C']	23	0.6293206	0.10533142	-1.0313244	-1.1366558
BCCDDDCDCADDBDDDABBDABCABDBACBDCAADDCBCABACBCCABCACBCCCCCBDBACDCBBCBCBACCACADAACCCBABADBCBAAABBCCBB	['D10A', 'D13B', 'C14D', 'C19B', 'A63D', 'B64C', 'C90B']	7	-2.9444876	-4.370912	-5.507922	-1.1370101
AAADDDCDCBDDDCDDABCDABCABDBACBDCBADDCBCABACBCDABCACBCBDCDBDBADDBBBBBCBCABACACACCCCBBBADBCBAABBBCCBB	['B1A', 'C2A', 'C3A', 'D10B', 'A33B', 'C46D', 'C54B', 'C55D', 'C57D', 'C62D', 'A63D', 'C67B', 'A71C', 'C72A', 'C73B', 'D77C', 'A79C', 'A84B', 'C90B', 'A93B']	20	0.6277237	-0.18514538	-1.3233967	-1.1382513
BCCDDDCDCCDDDCCDABCCABCABDBACBDCAADACBCABACBCDABCACBCDCCCBDBADDBBBCBCBACCACCDAACCCBBBADBCCAAABBCCBB	['D10C', 'D15C', 'D20C', 'D36A', 'C46D', 'C54D', 'C62D', 'A63D', 'A76C', 'A84B']	10	-1.1820798	-2.8524795	-3.9930649	-1.1405854
BCCDDDCDCDDDDCDDABCDABCABDBACBDCAADDCBCACACBCCABCACBCCCCCCDBADCBBBCBCBBBCACACAACCCBABADBCCAABBBCCBB	['B41C', 'B58C', 'C62D', 'A63C', 'A71B', 'C72B', 'D77C', 'A93B']	8	-2.9488592	-4.5974355	-5.738822	-1.1413865
BCCDDDCDCDDDDCDDABCDABCABDBACBDCAADACBCABACBCCABCACBCCCCCBDBADDBBBCBCBACCACADAACCABABADBCCAAABBCCBB	['D36A', 'C62D', 'A63D', 'C82A']	4	-2.9493914	-4.706593	-5.8485136	-1.1419206
AAADDDCDCBDDBCCDABAAABCABDBACBDCAADACBCABACBCDABCACBCDCCCBDBACDBBBCBCBBCBACADAACCCBBBADBCBAAABBCCBB	['B1A', 'C2A', 'C3A', 'D10B', 'D13B', 'D15C', 'C19A', 'D20A', 'D36A', 'C46D', 'C54D', 'A63D', 'A71B', 'C73B', 'A84B', 'C90B']	16	-1.1835213	-2.6328082	-3.7748346	-1.1420264
BCCDDDCDCCDBDCDDABDBABCABDBACBDCAADACBCABACBCBABCACBCCCCCCDBACDBBBCBCBBCCACADAACCCBABADBCBAAABBCCBB	['D10C', 'D12B', 'C19D', 'D20B', 'D36A', 'C46B', 'B58C', 'A63D', 'A71B', 'C90B']	10	-1.1433277	-2.8530178	-3.996338	-1.1433201
BCCDDDCDCADDBCDDABCDABCABDBACBDCAADDCBCACACBCCABCACBCCCCDBDCACDBBBCBCBACCACADAACCCBABADBCCAAABBCCBB	['D10A', 'D13B', 'B41C', 'C57D', 'B60C', 'A63D']	6	-3.9848785	-2.9525428	-5.129943	-1.1450644
AAADDDCDCCDDDCDDABCCABCABDBACBDDAACABBCABACBCDABCACBCCCCCBDCACDBBBCBCBCDCACADAACCBBABADBCCAABBBCCBB	['B1A', 'C2A', 'C3A', 'D10C', 'D20C', 'C32D', 'D35C', 'D36A', 'C37B', 'C46D', 'B60C', 'A63D', 'A71C', 'C72D', 'C82B', 'A93B']	16	-1.1867657	-2.0454679	-3.1907387	-1.1452708
AAADDDCDCDCDBCDDABCDABCABDBACBDCBADDCBCABACBCCABCACBCBCCDBDCADDBBACBCBBCBACACAACCCBBBAABABAAABBCCBB	['B1A', 'C2A', 'C3A', 'D11C', 'D13B', 'A33B', 'C54B', 'C57D', 'B60C', 'C62D', 'A63D', 'B66A', 'A71B', 'C73B', 'D77C', 'A84B', 'D87A', 'C89A', 'C90B']	19	-3.7543483	-2.9546676	-4.9015436	-1.1471953
BCCDDDCDCADDBCDDABCDABCABDBACDDCADDACBCABACBCCABCACBCCCCCBDBACDBBBCBCBBCCACADAACCCBABADCCCAABBBCCBB	['D10A', 'D13B', 'B30D', 'A34D', 'D36A', 'A63D', 'A71B', 'B88C', 'A93B']	9	-2.9571314	-8.097767	-9.247423	-1.1496563
BCCDDDCDCCDDBCDDABCCABCABDBACBDCAADACBCACACBCDABCACBCBDCCBDBADDBBBCBCBCCCACADAACCABABADBCBAABBCCCBB	['D10C', 'D13B', 'D20C', 'D36A', 'B41C', 'C46D', 'C54B', 'C55D', 'C62D', 'A63D', 'A71C', 'C82A', 'C90B', 'A93B', 'B95C']	15	0.61488485	-0.7466469	-1.8977318	-1.1510849
BCCDDDCDCCDDDCDDABCDABCABDBACBDCAADAABCABACBCCABCACBCCCCCBDBADDBBBCBCBBCBACADAACCCBBBADBCBAAABBCCBB	['D10C', 'D36A', 'C37A', 'C62D', 'A63D', 'A71B', 'C73B', 'A84B', 'C90B']	9	-2.9604344	-5.4362197	-6.589183	-1.1529632
BCCDDDCDCDDDDCDDABCDABCABDBACBDCAADDCBCABACBCCABCACBCCCCCBDCACACBBCBDBACCACADAACCABABADBCCAABBBCCBB	['B60C', 'B64C', 'C69D', 'C82A', 'A93B']	5	-2.9610052	-5.8052983	-6.9588327	-1.1535344
BCCDDDCDCADDBCDDABCDABCABDBACDDCAADDABCABACBCCABCACBCCCCCBDBACDCBBCBCBACCACACAACCCBABADCCCAAABBCCBB	['D10A', 'D13B', 'B30D', 'C37A', 'A63D', 'B64C', 'D77C', 'B88C']	8	-2.9645262	-7.105207	-8.262262	-1.1570554
BCCDDDCDCCDDDCDDABCDABCABDBACBDCAACDBBCACACBCDABCACBCDCCCBDBADDBBBCBCBCCCACADAACCBBABADBCBAABBBCCBB	['D10C', 'D35C', 'C37B', 'B41C', 'C46D', 'C54D', 'C62D', 'A63D', 'A71C', 'C82B', 'C90B', 'A93B']	12	-1.1987033	-1.3362961	-2.4935007	-1.1572046
BCCDDDCDCCDCDDDDABCDABCABDBACBDCAADDCBCABACBCBABCACBCCCCCBDBCCDBBBABCBCCCACACAACCABABADBCBAABBCCCBB	['D10C', 'D12C', 'C14D', 'C46B', 'A61C', 'A63D', 'C67A', 'A71C', 'D77C', 'C82A', 'C90B', 'A93B', 'B95C']	13	-1.3854499	-1.1591225	-2.5445652	-1.1591153
BCCDDDCDCCDBDCDDABAAABCABDBACBDCAADDCBCABACBCCABCACBCCCCCBDBACDBBBCBCBCCBACADAACCCBABADBCBAAABBCCBB	['D10C', 'D12B', 'C19A', 'D20A', 'A63D', 'A71C', 'C73B', 'C90B']	8	-2.9666023	-3.697719	-4.856842	-1.159123
BCCDDDCDCDDDDDDDABCDABCABDBACBDCAADDCBCACACBCBABCACBCDCCCBDBACDBBBCBCBBCCACADAACCBBABADBCCAABBBCCBB	['C14D', 'B41C', 'C46B', 'C54D', 'A63D', 'A71B', 'C82B', 'A93B']	8	-1.160223	-2.641245	-3.8014574	-1.1602125
AAADDDCDCCDDDCDDABCDABCABDBACBDCAADDABCABACBCCABCACBCCCCCBDBACCBBBCBCBAACACACAACCCBABADBCCAABBBCCBB	['B1A', 'C2A', 'C3A', 'D10C', 'C37A', 'A63C', 'C72A', 'D77C', 'A93B']	9	-2.9691572	-5.645683	-6.8073635	-1.1616807
AAADDDCDCCDDBCCDADCAABCABDBACBDCAADABBCABADBCBAACACBCACCCBDBADDBBBCBCBACCACADAACCBBABADBCBAABBBCCBB	['B1A', 'C2A', 'C3A', 'D10C', 'D13B', 'D15C', 'B18D', 'D20A', 'D36A', 'C37B', 'C43D', 'C46B', 'B48A', 'C54A', 'C62D', 'A63D', 'C82B', 'C90B', 'A93B']	19	-1.1631637	-1.575532	-2.7386866	-1.1631546
AAADDDCDCCDDDCDDABCAABCABDBACBDCAADACBCABACBCCABCACBCCCCCBDBACABBBCBCBBCCACADAACCCBABADBCBAAABBCCBB	['B1A', 'C2A', 'C3A', 'D10C', 'D20A', 'D36A', 'A71B', 'C90B']	8	-2.971404	-5.451013	-6.6149406	-1.1639276
BCCDDDCDCADDDCCDABCDABCABDBACBDCAADACBCABACBCCABCACBCCCCDBDBACDCBBCBCBACCACADAACCCBABADBCCAAABBCCBB	['D10A', 'D15C', 'D36A', 'C57D', 'A63D', 'B64C']	6	-2.9723296	-3.890637	-5.0554905	-1.1648536
AAADDDCDCDDBDCDDABDDABCABDBACBDCAADDCBCABACBCCABCACBCCCCCBDBACDBBBCBCBACCACACAACCCBABADBCCAABBBCCBB	['B1A', 'C2A', 'C3A', 'D12B', 'C19D', 'A63D', 'D77C', 'A93B']	8	-2.9727297	-4.9140954	-6.0793476	-1.1652522
AAADDDCDCCDDDCCDABDDABCABDBACBDDAACAABCABACBCDBBCACBCCCCCBDBACDBBBCBCBACCACADAACCCBACADCCBADABBCCBB	['B1A', 'C2A', 'C3A', 'D10C', 'D15C', 'C19D', 'C32D', 'D35C', 'D36A', 'C37A', 'C46D', 'A47B', 'A63D', 'B85C', 'B88C', 'C90B', 'A92D']	17	-1.2069211	-3.3375425	-4.5029697	-1.1654272
BCCDDDCDCCDDDDCDABADABCABDBACBDCAADDABCABACBCCABCAABCCCCCBDBACABBBCBCBBCCACADAACCCBABADBCCAAABBCCBB	['D10C', 'C14D', 'D15C', 'C19A', 'C37A', 'C51A', 'A71B']	7	-2.973536	-6.2143936	-7.380457	-1.1660633
AAADDDCDCCDBDCCDABAAABCABDBACBDCAADACBCABACBCDBBCACBCBCCCCDBACDBBBCBCBBCBACADAACCCBBCADBCBAAABBCCBB	['B1A', 'C2A', 'C3A', 'D10C', 'D12B', 'D15C', 'C19A', 'D20A', 'D36A', 'C46D', 'A47B', 'C54B', 'B58C', 'A63D', 'A71B', 'C73B', 'A84B', 'B85C', 'C90B']	19	-1.2080388	-1.638103	-2.8046494	-1.1665463
BCCDDDCDCDDBDCCDABDBABCABDBACBDCAADDCBCABACBCCABCACBCCCCCBDBACDBBBCBBBACCACADAACCCBABADCCCAAABBCCBB	['D12B', 'D15C', 'C19D', 'D20B', 'A63D', 'C69B', 'B88C']	7	-2.9759746	-4.748571	-5.9170704	-1.1684995
BCCDDDCDCDDDBCDDACCAABCABDBACBDCAADDCBCABACBCCABCACBCCCCCBDBACDBBBCBCBBDCACACAACCCBABADBCBAAABBCCBB	['D13B', 'B18C', 'D20A', 'A63D', 'A71B', 'C72D', 'D77C', 'C90B']	8	-2.9767118	-4.9373703	-6.1066055	-1.1692352
BCCDDDCDCDDDBCDDACCAABCABDBACBDCAADDCBCABACBCCABCACBCCCCCBDBACDBBBCBCBBDCACACAACCCBABADBCBAAABBCCBB	['D13B', 'B18C', 'D20A', 'A63D', 'A71B', 'C72D', 'D77C', 'C90B']	8	-2.9767118	-4.9373703	-6.1066055	-1.1692352
BCCDDDCDCDDBDCDDABCAABCABDBACBDCAADDCBCABACBCCABCACBCCCCCBDCACDCBBCBCBACCACACAACCCBABADBCBAAABBCCBB	['D12B', 'D20A', 'B60C', 'A63D', 'B64C', 'D77C', 'C90B']	7	-2.979762	-4.6424913	-5.8147774	-1.172286
BCCDDDCDCADDBCCDABBDABCABDBACBDCAADDCBCABACBCCABCACBCCCCCBDBACCBBBCBCBACCBCACAACCCBABADBCCAAABBCCBB	['D10A', 'D13B', 'D15C', 'C19B', 'A63C', 'A74B', 'D77C']	7	-2.98377	-4.7444286	-5.920725	-1.1762962
BCCDDDCDCCDDDCDDABCDABCABDBACBDCAACCCBCABADBCBABCACBCDCCCBDCADDBBBCBCBBCCACADAACCBBBBADBCBAAABBCCBB	['D10C', 'D35C', 'D36C', 'C43D', 'C46B', 'C54D', 'B60C', 'C62D', 'A63D', 'A71B', 'C82B', 'A84B', 'C90B']	13	-1.176496	-1.9213066	-3.0977983	-1.1764917
BCCDDDCDCCDDDCDDABCDABCABDBACBDCAACCCBCABADBCBABCACBCDCCCBDCADDBBBCBCBBCCACADAACCBBBBADBCBAAABBCCBB	['D10C', 'D35C', 'D36C', 'C43D', 'C46B', 'C54D', 'B60C', 'C62D', 'A63D', 'A71B', 'C82B', 'A84B', 'C90B']	13	-1.176496	-1.9213066	-3.0977983	-1.1764917
BCCDDDCDCCDDDCDDABCCABCABDBACDDCCABACBCABACBCCABCACBCBCCCBDBADDBBBCBCBCCCACADAACCCBACADCCBAABBBCCBB	['D10C', 'D20C', 'B30D', 'A33C', 'D35B', 'D36A', 'C54B', 'C62D', 'A63D', 'A71C', 'B85C', 'B88C', 'C90B', 'A93B']	14	-2.984191	-5.7099504	-6.8866634	-1.176713
AAADDDCDCBDDDCDDABCCABCABDBACBDCAACABBCABACBCDBBCACBCDCCCBDBADDBBBCBCBBDCACADAACCABABADBCBAABBBCCBB	['B1A', 'C2A', 'C3A', 'D10B', 'D20C', 'D35C', 'D36A', 'C37B', 'C46D', 'A47B', 'C54D', 'C62D', 'A63D', 'A71B', 'C72D', 'C82A', 'C90B', 'A93B']	18	-1.2187929	-1.7157135	-2.893012	-1.1772985
BCCDDDCDCDDDDCDDABCDABCABDBACBDCAACACBCABACBCCABCACBCCCCDBDCCDDBBBCBCBACCACADAACCCBABADBCBAAABBCCBB	['D35C', 'D36A', 'C57D', 'B60C', 'A61C', 'C62D', 'A63D', 'C90B']	8	-4.573442	-2.9857726	-5.7517424	-1.1783004
BCCDDDCDCDDDDCCDABCDABCABDBACBDCAADACBCABACBCBABCACBCDCCCBDBACDBBBCBCAACCACADAACCBBABADBCCAAABBCCBB	['D15C', 'D36A', 'C46B', 'C54D', 'A63D', 'B70A', 'C82B']	7	-1.1799707	-3.555819	-4.7357826	-1.1799636
BCCDDDCDCDDDDCCDABCDABCABDBACBDCAADACBCABACBCBABCACBCDCCCBDBACDBBBCBCAACCACADAACCBBABADBCCAAABBCCBB	['D15C', 'D36A', 'C46B', 'C54D', 'A63D', 'B70A', 'C82B']	7	-1.1799707	-3.555819	-4.7357826	-1.1799636
BCCDDDCDCDDDDCCDABCDABCABDBACBDCAADACBCABACBCBABCACBCDCCCBDBACDBBBCBCAACCACADAACCBBABADBCCAAABBCCBB	['D15C', 'D36A', 'C46B', 'C54D', 'A63D', 'B70A', 'C82B']	7	-1.1799707	-3.555819	-4.7357826	-1.1799636
BCCDDDCDCDDDDCCDABCDABCABDBACBDCAADDCBCABACBCCABCACBCCCCCBDBACDBBBCBCBACCACADAACCCBABADBCBAAABBCCBB	['D15C', 'A63D', 'C90B']	3	-2.9906173	-5.1660123	-6.3491535	-1.1831412
BCCDDDCDCCDBDCDDABAAABCABDBACBDCAADDCBCABACBCCABCACBCCCCCBDBADDBBBCBCBCCBACADAACCCBABADBCBAAABBCCBB	['D10C', 'D12B', 'C19A', 'D20A', 'C62D', 'A63D', 'A71C', 'C73B', 'C90B']	9	-2.9914093	-3.2541804	-4.438113	-1.1839328
BCCDDDCDCCDDDCDDABCDABCABDBACBDCAADDCBCACACBCDABCACBCCCCCBDBADDBBBCBCBACCACADAACCABBBADBCCAABBCCCBB	['D10C', 'B41C', 'C46D', 'C62D', 'A63D', 'C82A', 'A84B', 'A93B', 'B95C']	9	-1.2292929	-1.7706652	-2.9584637	-1.1877985
BCCDDDCDCDDBDCDDABCDABCABDBACBDCAADDABCABACBCCABCACBCCCCCBDBACDCBBCBCBACCACACAACCCBABADBCBAAABBCCBB	['D12B', 'C37A', 'A63D', 'B64C', 'D77C', 'C90B']	6	-2.9964843	-5.218103	-6.407113	-1.1890101
BCCDDDCDCBDADCDDABCDABCABDBACDDCBADDCBCACACBCBABCACBCCCCCBDBADDDBBCCCBBACACACAACCCBABADCCCAABBBCCBB	['D10B', 'D12A', 'B30D', 'A33B', 'B41C', 'C46B', 'C62D', 'A63D', 'B64D', 'B68C', 'A71B', 'C72A', 'D77C', 'B88C', 'A93B']	15	-1.1901445	-5.0018945	-6.1920366	-1.1901422
BCCDDDCDCCDCDCDDABCAABCABDBACBDCBADDCBCABACBCDABCACBCDCCCBDBACDBBCCBABACBACACAACCCBBBADBCBAABBCCCBB	['D10C', 'D12C', 'D20A', 'A33B', 'C46D', 'C54D', 'A63D', 'B66C', 'C69A', 'C73B', 'D77C', 'A84B', 'C90B', 'A93B', 'B95C']	15	-1.2316527	-1.5633287	-2.7534838	-1.190155
BCCDDDCDCDDDDCCDADCAABCABDBACBDCAACACBAABACBCCABCACBCCCCCBDBADDBBBCBCBBBBACADAACCCBABADBCBAAABBCCBB	['D15C', 'B18D', 'D20A', 'D35C', 'D36A', 'C39A', 'C62D', 'A63D', 'A71B', 'C72B', 'C73B', 'C90B']	12	-2.9982238	-3.1034145	-4.2941628	-1.1907482
AAADDDCDCADDDCDBABCCABCABDBACBDCAACACBCABACBCBAACACBCDCCCBDBADBBBBCBCBBCCCCADAACCABABADBCCAABBBCCBB	['B1A', 'C2A', 'C3A', 'D10A', 'D16B', 'D20C', 'D35C', 'D36A', 'C46B', 'B48A', 'C54D', 'C62D', 'A63B', 'A71B', 'A74C', 'C82A', 'A93B']	17	-1.1921983	-2.3297644	-3.5219545	-1.1921902
BCCDDDCDCDDDDCCDABBDABCDBDBACBDCAACDBBCABACBCDABCACBCCCCCBDBACACBBCBCCACCACADAACCBBABADBCCAAABBCCBB	['D15C', 'C19B', 'A24D', 'D35C', 'C37B', 'C46D', 'B64C', 'B70C', 'C82B']	9	-1.2349033	-2.41932	-3.612729	-1.193409
BCCDDDCDCCDDBCDDABCDABCABDBACBDCAADACBCABACBCCABCACBCCCCCBDBADDCBBCBCBACCACADAACCCBABADBCBAAABBCCBB	['D10C', 'D13B', 'D36A', 'C62D', 'A63D', 'B64C', 'C90B']	7	-3.0027423	-4.86609	-6.0613585	-1.1952686
BCCDDDCDCBDDDCDDABCDABCABDBACBDCAADDCBCABACBCBABCACBCCCCDBDBACDBBBCBCBBCCACACAACCABABADBCCAABBBCCBB	['D10B', 'C46B', 'C57D', 'A63D', 'A71B', 'D77C', 'C82A', 'A93B']	8	-1.1963563	-1.8855543	-3.0819054	-1.196351
BCCDDDCDCBDDDCDDABCDABCABDBACBDCAADDCBCABACBCBABCACBCCCCDBDBACDBBBCBCBBCCACACAACCABABADBCCAABBBCCBB	['D10B', 'C46B', 'C57D', 'A63D', 'A71B', 'D77C', 'C82A', 'A93B']	8	-1.1963563	-1.8855543	-3.0819054	-1.196351
BCCDDDCDCBDDDCDDABCDABCABDBACBDCAADDCBCABACBCBABCACBCCCCDBDBACDBBBCBCBBCCACACAACCABABADBCCAABBBCCBB	['D10B', 'C46B', 'C57D', 'A63D', 'A71B', 'D77C', 'C82A', 'A93B']	8	-1.1963563	-1.8855543	-3.0819054	-1.196351
BCCDDDCDCCDDDCDDABCDABCABDBACDDCAADDCBCABACBCCABCACBCCCCCBDBADDBBBCBCBCCCACACAACCCBACADCCCAABBBCCBB	['D10C', 'B30D', 'C62D', 'A63D', 'A71C', 'D77C', 'B85C', 'B88C', 'A93B']	9	-3.0059686	-6.429534	-7.628031	-1.1984968
BCCDDDCDCDDDDCDDABCDABCABDBACBDCAADDCBCABABBCDABCACBCDCCCBDBADDBBBCBCBDCCACADAACCBBABADBCBAABBBCCBB	['C43B', 'C46D', 'C54D', 'C62D', 'A63D', 'A71D', 'C82B', 'C90B', 'A93B']	9	-1.2407279	-2.5503569	-3.749589	-1.1992321
BCCDDDCDCDDDBCDDABCDABCABDBACBDCAADDCBCABACBCCABCACBCCCCCBDBACDBBBCBCBBCCACACAACCCBABADBCCAABBBCCBB	['D13B', 'A63D', 'A71B', 'D77C', 'A93B']	5	-3.0099106	-5.7261367	-6.9285727	-1.202436
BCCDDDCDCDDDDCDDABCDABCABDBACBDCAABDBBCABACBCCABCACBCCCCDBDBADDBBBCBCBCDCACACAACCCBABADBCCAABBBCCBB	['D35B', 'C37B', 'C57D', 'C62D', 'A63D', 'A71C', 'C72D', 'D77C', 'A93B']	9	-4.6024284	-3.0115967	-5.806554	-1.2041254
BCCDDDCDCCDDDCDDABCAABCABDBACBDCAACABBCABACBCCABCACBCCCCCBDBACDBBBCBCBCDCCCACAACCCBABADBCBAAABBCCBB	['D10C', 'D20A', 'D35C', 'D36A', 'C37B', 'A63D', 'A71C', 'C72D', 'A74C', 'D77C', 'C90B']	11	-3.012024	-4.5143027	-5.718852	-1.2045493
BCCDDDCDCCDDBCCDABCDABCABDBACDDCAADDCBCABACBCCABCACBCCCCCBDBADCABBCBCBCCCBCADAACCCBABADBCCAABBBCCBB	['D10C', 'D13B', 'D15C', 'B30D', 'C62D', 'A63C', 'B64A', 'A71C', 'A74B', 'A93B']	10	-3.0136857	-6.1532145	-7.359433	-1.2062187
BCCDDDCDCDDCDDDDABCDABCABDBACBDCAACDCBCACACBCCABCACBCCCCCBDBADDBBBCCCBCCCACACAACCCBABADBCCAABBBCCBA	['D12C', 'C14D', 'D35C', 'B41C', 'C62D', 'A63D', 'B68C', 'A71C', 'D77C', 'A93B', 'B99A']	11	-3.0152464	-4.53493	-5.7427025	-1.2077723
BCCDDDCDCCDDDCDDABCAABCABDBACBDCAADDBBCABACBCCABCACBCCCCDBDCACDBBBCBCBDCBACACAACCCBABADBCBAABBBCCBB	['D10C', 'D20A', 'C37B', 'C57D', 'B60C', 'A63D', 'A71D', 'C73B', 'D77C', 'C90B', 'A93B']	11	-3.7571325	-3.0158257	-4.9654837	-1.2083511
BCCDDDCDCADDBDDDABCDABCABDBACBDCAADDABCABACBCCABCACBCCCCDBDBACDBBBCBCBACCCCADAACCCBABADBCCAABBBCCBB	['D10A', 'D13B', 'C14D', 'C37A', 'C57D', 'A63D', 'A74C', 'A93B']	8	-3.0161066	-4.0170736	-5.225706	-1.2086325
BCCDDDCDCBDDDCDDABCAABCABDBACBDCAACAABCABACBCDABCACBCCCCDBDBADDCBBCBCBAACACADAACCCBABADBCBAABBCCCBB	['D10B', 'D20A', 'D35C', 'D36A', 'C37A', 'C46D', 'C57D', 'C62D', 'A63D', 'B64C', 'C72A', 'C90B', 'A93B', 'B95C']	14	-1.5408492	-1.2524204	-2.751771	-1.2109218
BCCDDDCDCADDDCDDABCDABCABDBACBDCAACDABCABACBCCABCACBCCCCCBDBACDBBBCBCBACCACACAACCCBAAADBCCAABBBCCBB	['D10A', 'D35C', 'C37A', 'A63D', 'D77C', 'B85A', 'A93B']	7	-3.018982	-5.6419926	-6.8534966	-1.211504
AAADDDCDCDDDDCCDABCDABCABDBACBDCADADCBCABACBCCABCACBCCCCCBDBACCCBBCBCBACCACADAACCCBABADBCCAABBBCCBB	['B1A', 'C2A', 'C3A', 'D15C', 'A34D', 'D35A', 'A63C', 'B64C', 'A93B']	9	-3.019394	-6.4133463	-7.625263	-1.2119169
BCCDDDCDCCDDDCCDABCDABCABDBACBDCAACACBCACACBCCABCACBCCCCCBDBCCDBBBCBCBACCACADAACCCBBBADBCBAABBBCCBB	['D10C', 'D15C', 'D35C', 'D36A', 'B41C', 'A61C', 'A63D', 'A84B', 'C90B', 'A93B']	10	-3.0201068	-5.1446	-6.357231	-1.2126312
AAADDDCDCCCDDCDBABCDABCABDBACBDCBADDCBCABACBCDABCACBCDDCDBDBACDBBBCBBBBBBACADAACCABBBADBABCABBBCCBB	['B1A', 'C2A', 'C3A', 'D10C', 'D11C', 'D16B', 'A33B', 'C46D', 'C54D', 'C55D', 'C57D', 'A63D', 'C69B', 'A71B', 'C72B', 'C73B', 'C82A', 'A84B', 'C89A', 'C90B', 'A91C', 'A93B']	22	-0.72317314	0.55254364	-1.9366083	-1.2134352
BCCDDDCDCCDDDCCDABBDABCABDBACBDCAACBBBCABACBCDABCACBCDCCCBDBADDBBBCBABBCBACADAACCBBABADBCBAAABBCCBB	['D10C', 'D15C', 'C19B', 'D35C', 'D36B', 'C37B', 'C46D', 'C54D', 'C62D', 'A63D', 'C69A', 'A71B', 'C73B', 'C82B', 'C90B']	15	-1.5685115	-1.2556295	-2.7826433	-1.2141318
AAADDDCDCBABDACDABAAABCABDBACBDCAADACBCABACBCDABCACBCDDCDBDBADDBBBCBCBBBBACADAACCCCBCADBCBAAABBCCBB	['B1A', 'C2A', 'C3A', 'D10B', 'D11A', 'D12B', 'C14A', 'D15C', 'C19A', 'D20A', 'D36A', 'C46D', 'C54D', 'C55D', 'C57D', 'C62D', 'A63D', 'A71B', 'C72B', 'C73B', 'B83C', 'A84B', 'B85C', 'C90B']	24	-0.44343376	0.54978466	-1.6596298	-1.2161961
BCCDDDCDCDDDDCDDABCDABCABDBACBDCAACACBCABACBCDABCACBBCCCDBDBACDBBBCBCBACCACACAACCCBABADBCCAABBCCCBB	['D35C', 'D36A', 'C46D', 'C53B', 'C57D', 'A63D', 'D77C', 'A93B', 'B95C']	9	-3.8553386	-1.2607365	-5.07458	-1.2192416
BCCDDDCDCCDABCDCABCCABCABDBACBDDAADACBCABACBCBABCACBCCCCCBDBADBBBBCBCBBCCACADAACCBBABADBCCAAABBCCBB	['D10C', 'D12A', 'D13B', 'D16C', 'D20C', 'C32D', 'D36A', 'C46B', 'C62D', 'A63B', 'A71B', 'C82B']	12	-1.2209349	-1.8427281	-3.063654	-1.2209258
BCCDDDCDCCDDDCDDABCDABCABDBACBDCAADDCBCABACBCBABCACDCDDCCBDBADABBBCBCBACCACADAACCBBABADBCCAABBBCCBB	['D10C', 'C46B', 'B52D', 'C54D', 'C55D', 'C62D', 'C82B', 'A93B']	8	0.5863285	-2.739839	-3.960969	-1.2211299
BCCDDDCDCDDDBCDDABCDABCABDBACBDCAADDCBCABACBCCABCACBCCCCCBDBACBBBBCBCBACCACADAACCDBABADBCCAAABBCCBB	['D13B', 'A63B', 'C82D']	3	-3.0286517	-5.8154206	-7.036599	-1.2211785
BCCDDDCDCDDDDCDDABCDABCABDBACBDCAADDCBCABACBCCABCACBCCCCCBDBACDBBBCBCBACCACADAACCCBABADBCCADABBCCBB	['A63D', 'A92D']	2	-3.0286875	-5.119391	-6.3406067	-1.2212157
BCCDDDCDCCDBDCDDABCDABCABDBACBDCAADDCBCABACBCDABCACBCCDCCCDBACACBBCBDBACCACACAACCABBBADBCCAABBBCCBB	['D10C', 'D12B', 'C46D', 'C55D', 'B58C', 'B64C', 'C69D', 'D77C', 'C82A', 'A84B', 'A93B']	11	0.5439215	-4.061938	-5.283992	-1.222054
BCCDDDCDCCDDDCDDABCDABCABDBACBDCAADDCBCABACBCBAACACBCCCCCBDBACDCBBCBCBACCACACAACCBBABADBCCAABBBCCBB	['D10C', 'C46B', 'B48A', 'A63D', 'B64C', 'D77C', 'C82B', 'A93B']	8	-1.2222557	-3.7689815	-4.991229	-1.2222476
BCCDDDCDCDDDDCDDABCDABCABDBACBDCAADDCBCABACBCCABCACBCCCCCBDBACDBBBCBABACCACACAACCCBABADBCBAACBBCCBB	['A63D', 'C69A', 'D77C', 'C90B', 'A93C']	5	-3.035296	-4.7021966	-5.9300165	-1.2278199
BCCDDDCDCCDDDCBDABCDABCABDBACDDCCADDCBCABACBCCABCACBCCCCCBDBCCDBBBCBCBACCACADAACCCBABADCCCAAABBCCBB	['D10C', 'D15B', 'B30D', 'A33C', 'A61C', 'A63D', 'B88C']	7	-3.03578	-6.093712	-7.3220167	-1.2283049
BCCDDDCDCDDDDCCDABCDABCABDBACBDCAADDCBCABACBCCABCACBCCCCCBDBACDDBBCBCBACCACADAACCCBABADBCCAAABBCCBB	['D15C', 'A63D', 'B64D']	3	-3.0371103	-5.626215	-6.8558493	-1.2296343
BCCDDDCDCCDDDCDDABCDABCABDBACBDCAADDCBCABACBCCABCACBCCCCCBDBADDBBBCBCBABCACACAACCCBABADBCBAABBBCCBB	['D10C', 'C62D', 'A63D', 'C72B', 'D77C', 'C90B', 'A93B']	7	-3.0410194	-4.1882973	-5.4218388	-1.2335415
BCCDDDCDCCDBDCDDABBAABCABDBACBDCAADDCBCABACBCDABCACBCDCCCBDBACDBBBCBCBBCDACADABCCCBBBADBCBAABBBCCBB	['D10C', 'D12B', 'C19B', 'D20A', 'C46D', 'C54D', 'A63D', 'A71B', 'C73D', 'A79B', 'A84B', 'C90B', 'A93B']	13	-1.2772207	-2.7944899	-4.0302086	-1.2357187
BCCDDDCDCDDDDCCDABCDABCABDBACBDCAADDCBCABACBCBABCACBCCCCCBDBACDBBBCBCAACCACADAACCBBABADBCCAAABBCCBB	['D15C', 'C46B', 'A63D', 'B70A', 'C82B']	5	-1.2364407	-3.413488	-4.6499214	-1.2364335
BCCDDDCDCCDDBCDDABCCABCABDBACBDCAACAABCACACBCCABCACBBCCCCBDBADDCBBCBDBBCCACADAACCCBBBADBCBAAABBCCBB	['D10C', 'D13B', 'D20C', 'D35C', 'D36A', 'C37A', 'B41C', 'C53B', 'C62D', 'A63D', 'B64C', 'C69D', 'A71B', 'A84B', 'C90B']	15	-3.0441728	-4.6797576	-5.916459	-1.2367015
BCCDDDCDCDDDDCCDABCDABCABDBACBDCAADDCBCABACBCCABCACBCCCCCBDCACDBBBCBCAACCACADAACCCBABADBDCAAABBCCBB	['D15C', 'B60C', 'A63D', 'B70A', 'C89D']	5	-3.04431	-5.9328656	-7.1697006	-1.236835
BCCDDDCDCDDDBCDDABCDABCABDBACBDCAACACBCABACBCCABCACBCCCCCBDBADDCBBCBCBACCCCADAACCCBABADBCBAAABBCCBB	['D13B', 'D35C', 'D36A', 'C62D', 'A63D', 'B64C', 'A74C', 'C90B']	8	-3.0446515	-4.9443264	-6.181506	-1.2371798
BCCDDDCDCBDDDCCDABCDABCABDBACDDCBACBBBCABADBCCABCACBCCCCCBDCADDBBBCBCBACCACADAACCCBBBADCCBAAABBCCBB	['D10B', 'D15C', 'B30D', 'A33B', 'D35C', 'D36B', 'C37B', 'C43D', 'B60C', 'C62D', 'A63D', 'A84B', 'B88C', 'C90B']	14	-3.045312	-6.1349654	-7.372801	-1.2378354
BCCDDDCDCADDDCDDABCDABCABDBACBDCAADDCBCABACBCCABCACBCCCCCBDBACDBBBCBCBACCACADAACCCBABADBCCAAABBCCBB	['D10A', 'A63D']	2	-3.045951	-4.906181	-6.1446543	-1.2384734
BCCDDDCDCDDDBCDDABCDABCABDBACBDDAADDCBCABACBCDBBCACBCCCCCBDBACDCBBCBCBACCACADAACCCBABADBCBADBBBCCBB	['D13B', 'C32D', 'C46D', 'A47B', 'A63D', 'B64C', 'C90B', 'A92D', 'A93B']	9	-1.2805533	-3.3834152	-4.6224756	-1.2390604
BCCDDDCDCDDDDCDDABCDABCABDBACBDCAADACBCABACBCCABCACBCDCCCBDBACDBBBCBCBBCCACADAACCCBABADBCCAAABBCCBB	['D36A', 'C54D', 'A63D', 'A71B']	4	-3.0477495	-5.5873184	-6.827592	-1.2402735
BCCDDDCDCDDDDCDDABCDABCABDBACBDCAADACBCABACBCCABCACBCDCCCBDBACDBBBCBCBBCCACADAACCCBABADBCCAAABBCCBB	['D36A', 'C54D', 'A63D', 'A71B']	4	-3.0477495	-5.5873184	-6.827592	-1.2402735
BCCDDDCDCDDDDCDDABCDABCABDBACBDCAADACBCABACBCCABCACBCDCCCBDBACDBBBCBCBBCCACADAACCCBABADBCCAAABBCCBB	['D36A', 'C54D', 'A63D', 'A71B']	4	-3.0477495	-5.5873184	-6.827592	-1.2402735
BCCDDDCDCCDDDCDDABCDABCABDBACBDCAACDDBCACACBCCAACACBCCCCCBDBACDBBBCBCBCCCACACAACCCBABADBCBAABBBCCBB	['D10C', 'D35C', 'C37D', 'B41C', 'B48A', 'A63D', 'A71C', 'D77C', 'C90B', 'A93B']	10	-3.048469	-5.9675927	-7.2085876	-1.2409949
BCCDDDCDCDDDDCCDABCDABCABDBACBDCAADDCBCACACBCCABCACBCCCCCBDBADACBBCBCBACCBCACAACCCBABADBCCAABBBCCBB	['D15C', 'B41C', 'C62D', 'B64C', 'A74B', 'D77C', 'A93B']	7	-3.0488815	-5.381578	-6.6229897	-1.2414117
BCCDDDCDCDDDDCDDABCDABCABDBACBDCAADDCBCABADBCCABCACBCBCCCBDBACDBBBCBCBCCCACADAACCCBABADBCBAAABBCCBB	['C43D', 'C54B', 'A63D', 'A71C', 'C90B']	5	-3.0489364	-4.274235	-5.5156918	-1.241457
BCCDDDCDCADDDCDDABCDABCABDBACBDCAADDCBCABACBCCABCACBCCCCCBDBADABBBCBCBBCBACADAACCCBABADBCBAAABBCCBB	['D10A', 'C62D', 'A71B', 'C73B', 'C90B']	5	-3.049478	-4.737608	-5.9796104	-1.2420025
BCCDDDCDCBDDBCCDABCAABCABDBACDDCAACABBCABACBCCABCACBCDCCCBDBADDBBBCBCBACBACACAACCCBABADCCCAABBBCCBB	['D10B', 'D13B', 'D15C', 'D20A', 'B30D', 'D35C', 'D36A', 'C37B', 'C54D', 'C62D', 'A63D', 'C73B', 'D77C', 'B88C', 'A93B']	15	-3.051036	-6.3551807	-7.5987387	-1.2435579
BCCDDDCDCDDDDCDDABCCABCABDBACBDCCACACBCABACBCBABCACBCDCCCBDBACDBBBCBCBDCCACADAACCBBABADBCBAABBBCCBB	['D20C', 'A33C', 'D35C', 'D36A', 'C46B', 'C54D', 'A63D', 'A71D', 'C82B', 'C90B', 'A93B']	11	-1.245523	-2.899126	-4.14464	-1.2455139
BCCDDDCDCDDDDCCDADCDABCABDBACBDCAADACBCABACBCCABCACBCCCCCBDBACDBBBCBCBACCACADAACCCBABADBCCAAABBCCBB	['D15C', 'B18D', 'D36A', 'A63D']	4	-3.053668	-5.108652	-6.354843	-1.246191
BCCDDDCDCDDDBCDDABBAABCABDBACBDCAACBCBCABABBCCABCACBCCCCCBDBADDBBBCBCBDCCCCACAACCCBABADBCBADBBBCCBB	['D13B', 'C19B', 'D20A', 'D35C', 'D36B', 'C43B', 'C62D', 'A63D', 'A71D', 'A74C', 'D77C', 'C90B', 'A92D', 'A93B']	14	-3.0542903	-4.6192274	-5.866047	-1.2468195
BCCDDDCDCDDDBCDDABCDABCABDBACBDCAADDCBCABACBCCABCACBCCCCCBDBACDBBBCBCBCCCACADAACCCBABADCCBAAABBCCBB	['D13B', 'A63D', 'A71C', 'B88C', 'C90B']	5	-3.0552187	-5.746762	-6.994507	-1.247745
BCCDDDCDCBDDDCDDABCCABCABDBACDDCAACCBBCABACBCCABCACBCCCCCBDBACDBBBCBDBBCCACACAACCCBBBADCCCAAABBCCBB	['D10B', 'D20C', 'B30D', 'D35C', 'D36C', 'C37B', 'A63D', 'C69D', 'A71B', 'D77C', 'A84B', 'B88C']	12	-3.0555458	-7.12774	-8.37581	-1.2480698
BCCDDDCDCDDDDCCCABCDABCABDBACBDCAADDCBCABACBCCABCACBCCCCCBDBACCBBBCBCBACCCCADAACCCBABADBCCAABBBCCBB	['D15C', 'D16C', 'A63C', 'A74C', 'A93B']	5	-3.0558176	-5.625892	-6.874236	-1.248344
AAADDDCDCADABCDDABCDABCABDBACBDCBADDCBCACACBCDABCACBCCCCCBDCAADBBBCBCBCBAACACAACCCBABADBCBAABBBCCBB	['B1A', 'C2A', 'C3A', 'D10A', 'D12A', 'D13B', 'A33B', 'B41C', 'C46D', 'B60C', 'C62A', 'A63D', 'A71C', 'C72B', 'C73A', 'D77C', 'C90B', 'A93B']	18	-2.7111568	-1.2902327	-3.9598923	-1.2487354
BCCDDDCDCDDDDCDDABCDABCABDBACBDCAADDBBCABACBCBAACACBCDCCCBDCADDBBBCBCBBCCACADAACCBBABADBCBAABBBCCBB	['C37B', 'C46B', 'B48A', 'C54D', 'B60C', 'C62D', 'A63D', 'A71B', 'C82B', 'C90B', 'A93B']	11	-1.2487607	-2.7701426	-4.0188932	-1.2487507
BCCDDDCDCCDDBCDDABCDABCDBDBACBDCAADDCBCABACBCDABCACBCCCCCBDBACDBBBCBCBADBACADAACCCBBBADBCCAABBBCCBB	['D10C', 'D13B', 'A24D', 'C46D', 'A63D', 'C72D', 'C73B', 'A84B', 'A93B']	9	-1.2923932	-3.6007366	-4.851632	-1.2508955
BCCDDDCDCDDDDCDDABCDABCABDBACBDCAADDCBCABACBCCABCACBCCCCCBDCBDDBBBCCCBACCACACAACCCBABADBCCAABBBCCBB	['B60C', 'A61B', 'C62D', 'A63D', 'B68C', 'D77C', 'A93B']	7	-3.0599937	-5.5757837	-6.8283052	-1.2525215
BCCDDDCDCDDDDCCDABCDABCABDBACBDCAADABBCABACBCCABCACBCCCCDBDCCDDBBBCBCBCDCACADAACCCBABADBCCAABBBCCBB	['D15C', 'D36A', 'C37B', 'C57D', 'B60C', 'A61C', 'C62D', 'A63D', 'A71C', 'C72D', 'A93B']	11	-4.311843	-3.060378	-5.564749	-1.2529058
BCCDDDCDCCDBDADDABCAAACABDBACBDCAADAABCABACBCBABCACBCCCCCCDBACDBBBCBCBBCCACADAACCCBABADBCBAAABBCCBB	['D10C', 'D12B', 'C14A', 'D20A', 'B22A', 'D36A', 'C37A', 'C46B', 'B58C', 'A63D', 'A71B', 'C90B']	12	-1.2541475	-3.8122754	-5.066414	-1.2541385
BCCDDDCDCCDDDCDDABCDABCABDBACBDCAADDCBCACACBCBABCACBCCDCCBDCCDDBBBCBCBCCCACACAACCBBACADBCBAABBBCCBB	['D10C', 'B41C', 'C46B', 'C55D', 'B60C', 'A61C', 'C62D', 'A63D', 'A71C', 'D77C', 'C82B', 'B85C', 'C90B', 'A93B']	14	0.5533047	-0.7003145	-1.9544687	-1.2541542
BCCCDDCDCDDDDCDDABCDABCABDBACBDCAADDCBCABACBCCABCACBCCCCCBDBACDBBBCBCBACCACADAACCCBABADBCCAABBBCCBB	['D4C', 'A63D', 'A93B']	3	-3.0628185	-6.3108716	-7.5662184	-1.2553468
AAADDDCDCCDCDCDDABCDABCABDBACBDCAACACBCABACBCDABCACBCDCCCBDBADDBBBCBCBBDCACCDAACCCBBBADBCCAAABBCCBB	['B1A', 'C2A', 'C3A', 'D10C', 'D12C', 'D35C', 'D36A', 'C46D', 'C54D', 'C62D', 'A63D', 'A71B', 'C72D', 'A76C', 'A84B']	15	-1.2972522	-2.696825	-3.9525814	-1.2557564
BCCDDDCDCCDDBCDDABCDABCABDBACBDCAADDCBCABACBCCABCACBCCCCCBDBACDBBBCBCBBBBACADAACCCBABADBCBAAABBCCBB	['D10C', 'D13B', 'A63D', 'A71B', 'C72B', 'C73B', 'C90B']	7	-3.0670576	-4.206318	-5.4659004	-1.2595825
BCCDDDCDCCDDBCDDABCDABCABDBACBDCAADDCBCABACBCCABCACBCCCCCBDBACDBBBCBCBBBBACADAACCCBABADBCBAAABBCCBB	['D10C', 'D13B', 'A63D', 'A71B', 'C72B', 'C73B', 'C90B']	7	-3.0670576	-4.206318	-5.4659004	-1.2595825
BCCDDDCDCCDDBCDDABCDABCABDBACBDCAADDCBCABACBCCABCACBCCCCCBDBACDBBBCBCBBBBACADAACCCBABADBCBAAABBCCBB	['D10C', 'D13B', 'A63D', 'A71B', 'C72B', 'C73B', 'C90B']	7	-3.0670576	-4.206318	-5.4659004	-1.2595825
BCCDDDCDCDDDDCCDABCAABCABDBACDDCAACCCBCABACBCCABCACBCCCCCBDBADBBBBCBCBBACACACAACCCBABADCCCAABBBCCBB	['D15C', 'D20A', 'B30D', 'D35C', 'D36C', 'C62D', 'A63B', 'A71B', 'C72A', 'D77C', 'B88C', 'A93B']	12	-3.068048	-7.0003347	-8.26091	-1.2605753
BCCDDDCDCDDDDCDDABCDABCABDBACBDCAADDCBCABACBCCABCACBCCCCCBDBACACBBCBCBADCACADAACCCBABADBCCAAABBCCCB	['B64C', 'C72D', 'B98C']	3	-3.068522	-6.2331295	-7.494178	-1.2610483
BCCDDDCDCBDABCDDABCDABCABDBACDDCCACACBCABACBCCABCACBBBCCCBDCADDBBCCBCBCCCACADAACCCBBCADCCCAABBBCCBB	['D10B', 'D12A', 'D13B', 'B30D', 'A33C', 'D35C', 'D36A', 'C53B', 'C54B', 'B60C', 'C62D', 'A63D', 'B66C', 'A71C', 'A84B', 'B85C', 'B88C', 'A93B']	18	-3.0687618	-5.960003	-7.2212877	-1.2612848
BCCDDDCDCDDDDCDDABCDABCABDBACBDCAADDCBCABACBCDABCACBCCCCDBDBADDBBBCBCBACCACADAACCABABADBCCAAABBCCBB	['C46D', 'C57D', 'C62D', 'A63D', 'C82A']	5	-2.783043	-1.3031263	-4.0446787	-1.2616358
BCCDDDCDCBDDDCCDABCDABCABDBACBDDAACACBCABACBCDBBCACBCCCCCCDBADDBBBCBCBCCCACADAACCCBABADBCBAAABBCCBB	['D10B', 'D15C', 'C32D', 'D35C', 'D36A', 'C46D', 'A47B', 'B58C', 'C62D', 'A63D', 'A71C', 'C90B']	12	-1.3036613	-2.6893268	-3.9514933	-1.2621665
BCCDDDCDCCDDDCDDABCDABCABDBACBDCAADDCBCABACBCCABCACBCCCCDBDBADDDBCCBCBACCACADAACCCBABADBCCAAABBCCBB	['D10C', 'C57D', 'C62D', 'A63D', 'B64D', 'B66C']	6	-3.086318	-3.0707345	-4.349578	-1.2632599
BCCDDDCDCCDDDCCDABCDABCABDBACBDCAADDCBCABACBCCABCACBCCCCCBDBACCBBBCBCBACCACADAACCCBABADBCCAABBBCCBB	['D10C', 'D15C', 'A63C', 'A93B']	4	-3.0716066	-5.867965	-7.1320934	-1.2641282
BCCDDDCDCCDDDCCCABCCABCABDBACBDCAACACBCACACBCCABCACBCDCCDBDBDDCABBCBCCACCACADAACCCBABADBDBADABBCCBB	['D10C', 'D15C', 'D16C', 'D20C', 'D35C', 'D36A', 'B41C', 'C54D', 'C57D', 'A61D', 'C62D', 'A63C', 'B64A', 'B70C', 'C89D', 'C90B', 'A92D']	17	-3.8529854	-3.0719566	-5.1174707	-1.2644854
BCCDDDCDCDDDDCCDABCDABCABDBACBDCAADDCBCACACBCCABCACBCCCCCBDBACABBBCBCBACCACADAACCDBABADBCCAABBBCCBB	['D15C', 'B41C', 'C82D', 'A93B']	4	-3.0726418	-6.584929	-7.8500967	-1.2651677
BCCDDDCDCCDDDCDDCBBCABCABDBACBDCAACABBCABACBCCAACACBCACCCCDBADDBBBCBCBCCCACABAACCBBABADBCCAAABBCCBB	['D10C', 'A17C', 'C19B', 'D20C', 'D35C', 'D36A', 'C37B', 'B48A', 'C54A', 'B58C', 'C62D', 'A63D', 'A71C', 'D77B', 'C82B']	15	-3.0728292	-4.4701967	-5.7355537	-1.265357
BCCDDDCDCDDDDCDDABCDABCABDBACBDCAADDCBCABACBCCABCACBCCCCCBDBACDBBBCBCBACCACACAACCCBABADBCBAABBBCCBB	['A63D', 'D77C', 'C90B', 'A93B']	4	-3.076364	-5.4557776	-6.7246666	-1.268889
BCCDDDCDCDDDDCDDABCDABCABDBACBDCAADDCBCABACBCCABCACBCCCCCBDBACDBBBCBCBACCACACAACCCBABADBCBAABBBCCBB	['A63D', 'D77C', 'C90B', 'A93B']	4	-3.076364	-5.4557776	-6.7246666	-1.268889
BCCDDDCDCDDDBCCDABCDABCABDBACBDCAADDCBCABACBCCABCACBCCCCCBDBACDBBBDBABACCACACAACCCBABADBCCAAABBCCBB	['D13B', 'D15C', 'A63D', 'C67D', 'C69A', 'D77C']	6	-3.077345	-4.3320994	-5.601966	-1.2698665
BCCDDDCDCDDDBCDDABCDABCABDBACBDCAADDCBCABACBCCABCACBCCCCCBDBACDBBBCBCBBBCACADAACCCBABADBCBAAABBCCBB	['D13B', 'A63D', 'A71B', 'C72B', 'C90B']	5	-3.0789933	-4.6465945	-5.9181128	-1.2715182
BCCDDDCDCADBDCDDABCDABCABDBACBDCAADDCBCABACBCCABCACBCCCCCBDBACDBBBCBCBACCACADAACCCBABADBCCAAABBCCBB	['D10A', 'D12B', 'A63D']	3	-3.0793486	-4.6249714	-5.896842	-1.2718706
BCCDDDCDCADBDCDDABCDABCABDBACBDCAADDCBCABACBCCABCACBCCCCCBDBACDBBBCBCBACCACADAACCCBABADBCCAAABBCCBB	['D10A', 'D12B', 'A63D']	3	-3.0793486	-4.6249714	-5.896842	-1.2718706
BCCDDDCDCCDDDCDDABCDABCABDBACBDCAADACBCACACBCCABCACBCCCCDBDBADDBBBCBCBBCBACADAACCCBBBADBCBAABBBCCBB	['D10C', 'D36A', 'B41C', 'C57D', 'C62D', 'A63D', 'A71B', 'C73B', 'A84B', 'C90B', 'A93B']	11	-3.0818095	-3.6898222	-4.964157	-1.2743349
BCCDDDCDCCDDBCDDADCAADCABDBACBDCAADDCBCABACBCDABCACBCCCCCBDBACDBBBCBCBBBBACADAACCCBBCADBCBAAABBCCBB	['D10C', 'D13B', 'B18D', 'D20A', 'B22D', 'C46D', 'A63D', 'A71B', 'C72B', 'C73B', 'A84B', 'B85C', 'C90B']	13	-1.3161778	-1.8686628	-3.1433392	-1.2746763
BCCDDDCDCDDADCDDABCDABCABDBACBDCAACDBBCABACBCCABCACBCCCCDBDBADBBBBCBCBACCACADAACCCBABADBCCAAABBCCBB	['D12A', 'D35C', 'C37B', 'C57D', 'C62D', 'A63B']	6	-5.115611	-3.0829172	-6.391057	-1.2754459
BCCDDDCDCCDDDCCDABCCABCABDBACBDCAADACBCABACBCBABCACBCBCCCCDBADDBBBCBCBACCACADAACCCBBBADBCCACBBBCCBB	['D10C', 'D15C', 'D20C', 'D36A', 'C46B', 'C54B', 'B58C', 'C62D', 'A63D', 'A84B', 'A92C', 'A93B']	12	-1.2789865	-3.6050835	-4.8840637	-1.2789803
AAADDDCDCDDDDCCDABDDABCABDBACBDCAADDCBCABACBCCABCACBCCCCCBDBACCBBBCBCBACCACADAACCCBABADBCCAAABBCCBB	['B1A', 'C2A', 'C3A', 'D15C', 'C19D', 'A63C']	6	-3.0889597	-5.269069	-6.5505514	-1.2814822
BCCDDDCDCDDDDCDDABCDABCABDBACBDCAADDCBCABACBCCABCACBCCCCCBDBCCDCBBCBCBACCACADAACCCBABADBCCAAABBCCBB	['A61C', 'A63D', 'B64C']	3	-3.0890331	-4.909642	-6.191203	-1.2815609
BCCDDDCDCADDBCDDADCCABCABDBACBDCBACBBBCABACBCDAACACBCACCCBDBACDBBBCBCBBCCACADAACCABBBADBACAABBBCCBB	['D10A', 'D13B', 'B18D', 'D20C', 'A33B', 'D35C', 'D36B', 'C37B', 'C46D', 'B48A', 'C54A', 'A63D', 'A71B', 'C82A', 'A84B', 'C89A', 'A93B']	17	-1.323257	-3.7268128	-5.0085745	-1.2817616
BCCDDDCDCCDDDCCDABCDABCABDBACBDCAADDCBCABACBCCABCACBCCCCCBDBACCBBBCBCBADCACADAACCCBABADBCCAABBBCCBB	['D10C', 'D15C', 'A63C', 'C72D', 'A93B']	5	-3.0902681	-5.945212	-7.2280045	-1.2827926
BCCDDDCDCADDDCDDABCDABCABDBACBDCAADDCBCACACBCCABCACBCCCCCBDBACDBBBCBCBACCACACAACCCBABADBCCAABBBCCBB	['D10A', 'B41C', 'A63D', 'D77C', 'A93B']	5	-3.0913644	-4.773135	-6.057023	-1.2838879
BCCDDDCDCBDCBCDCABCAABCABDBACBDCAADDCBCABACBCDABCACBCDCCCBDBACCCDBCBCBADCACCDAACCCBABADBCCAAABBCCBB	['D10B', 'D12C', 'D13B', 'D16C', 'D20A', 'C46D', 'C54D', 'A63C', 'B64C', 'B65D', 'C72D', 'A76C']	12	-1.3266282	-3.0937219	-4.3788567	-1.2851348
BCCDDDCDCCDDDCDDABBDABCABDBACBDCBADDCBCABACBCBABCACBBDCCCBDCACDBBBCBCBCCCACADAACCBBABADBCCAAABBCCBB	['D10C', 'C19B', 'A33B', 'C46B', 'C53B', 'C54D', 'B60C', 'A63D', 'A71C', 'C82B']	10	-1.5560637	-1.2851667	-2.8412209	-1.2851572
BCCDDDCDCADDBCDDABCDABCABDBACBDCAADDCBCABACBCDABCACBCCCCCBDBACDBBBCBCBADCACACAACCCBACADBCBADABCCCBB	['D10A', 'D13B', 'C46D', 'A63D', 'C72D', 'D77C', 'B85C', 'C90B', 'A92D', 'B95C']	10	-1.3277097	-1.3345966	-2.6208105	-1.2862139
AAADDDCDCCDABCDDABCDABCABDBACBDCAADDCBCABACBCDABCACBCCCCCBDBADDCBBCBCBCACACACAACCCBBBADBCBAABBCCCBB	['B1A', 'C2A', 'C3A', 'D10C', 'D12A', 'D13B', 'C46D', 'C62D', 'A63D', 'B64C', 'A71C', 'C72A', 'D77C', 'A84B', 'C90B', 'A93B', 'B95C']	17	-1.328299	-1.9798927	-3.266696	-1.2868032
BCCDDDCDCCDDDCDDABBDABCABDBACBDCAADCCBDABACBCCAACACBCDCCDBDBADDBBBCBCBCCCACADAACCABABADBCBAABBBCCBB	['D10C', 'C19B', 'D36C', 'C39D', 'B48A', 'C54D', 'C57D', 'C62D', 'A63D', 'A71C', 'C82A', 'C90B', 'A93B']	13	-3.0949569	-3.7323833	-5.019868	-1.2874846
BCCDDDCDCDDDDCDDABCDABCABDBACBDCCADDABAABACBCCABCACBCCCCCBDBACDBBBCBDBBCCACACAACCCBABADBCCAABBBCCBB	['A33C', 'C37A', 'C39A', 'A63D', 'C69D', 'A71B', 'D77C', 'A93B']	8	-3.0964327	-5.5566444	-6.845607	-1.2889624
BCCDDDCDCCDDDCDDABCDABCABDBACBDCAADDCBCABACBCBABCACBCDCCCBDBACCBBBCBCBADCACADAACCBBABADBCCAAABBCCBB	['D10C', 'C46B', 'C54D', 'A63C', 'C72D', 'C82B']	6	-1.2889843	-2.8837266	-4.172703	-1.2889762
BCCDDDCDCDDDDCDDABCDABCABDBACBDCCADDCBCABACBCCABCACBCCCCCBDBADDBBBCBCBCCCACACAACCCBABADBCCAABBBCCBB	['A33C', 'C62D', 'A63D', 'A71C', 'D77C', 'A93B']	6	-3.0966244	-5.0912886	-6.3804417	-1.2891531
BCCDDDCDCCDDDCDDABCDABCABDBACBDDAADDCBCABACBCDABCACBBCCCCBDBAAABABCBCBBBBACACAACCBBABADBCCAAABBCCBB	['D10C', 'C32D', 'C46D', 'C53B', 'C62A', 'B65A', 'A71B', 'C72B', 'C73B', 'D77C', 'C82B']	11	-1.3310833	-1.8153825	-3.1049786	-1.2895961
BCCDDDCDCCDDDDCDABCAABCABDBACBDCAADDCBCAAACBCDABCACBCDCCCBDAADDCBBCBCBBCCACADAACCABBCADBCCAAABBCCBB	['D10C', 'C14D', 'D15C', 'D20A', 'B41A', 'C46D', 'C54D', 'B60A', 'C62D', 'A63D', 'B64C', 'A71B', 'C82A', 'A84B', 'B85C']	15	-1.3334827	-3.6966205	-4.9886065	-1.291986
BCCDDDCDCCADDCCDABAAABCABDBACBDCAADDBBCABACBBDBBCACBCCCCDBDBADDBBBCBCBBCCACADAACCCBBCADBCBAABBBCCBB	['D10C', 'D11A', 'D15C', 'C19A', 'D20A', 'C37B', 'C45B', 'C46D', 'A47B', 'C57D', 'C62D', 'A63D', 'A71B', 'A84B', 'B85C', 'C90B', 'A93B']	17	-3.0175958	-1.3347616	-4.3108606	-1.2932649
BCCDDDCDCCDDDCDDABCDABCABDBACBDCAADDCBCABACBCCABCACBCCCCCBDBACDBBBCBCBACCACADAACCCBABADBCCAABBBCCBB	['D10C', 'A63D', 'A93B']	3	-3.1009302	-5.509382	-6.8028364	-1.2934546
BCCDDDCDCDDDDCDDABCDABCABDBACBDCAADDCBCABACBCCABCACBCCCCCBDBADDBBBCBCBACCACACAACCCBABADBCBAABBBCCBB	['C62D', 'A63D', 'D77C', 'C90B', 'A93B']	5	-3.101172	-5.01224	-6.305938	-1.2936978
BCCDDDCDCDDDDCDDABCDABCABDBACBDCAADDCBCABACBCCABCACBCCCCCBDBADDBBBCBCBACCACACAACCCBABADBCBAABBBCCBB	['C62D', 'A63D', 'D77C', 'C90B', 'A93B']	5	-3.101172	-5.01224	-6.305938	-1.2936978
BCCDDDCDCDDDDCDDABCDABCABDBACBDCAADDCBCABACBCCABCACBCCCCCBDBADDBBBCBCBACCACACAACCCBABADBCBAABBBCCBB	['C62D', 'A63D', 'D77C', 'C90B', 'A93B']	5	-3.101172	-5.01224	-6.305938	-1.2936978
BCCDDDCDCDDBDCDDABDDABCABDBACBDCAADDCBCABACBCCABCACBCCCCCBDBACDBBBCBCBACCACADAACCCBABADBCCAABBBCCBB	['D12B', 'C19D', 'A63D', 'A93B']	4	-3.101345	-5.393594	-6.6874666	-1.2938728
BCCDDDCDCCDDDCDDADCDABCABDBACBDCAADDCBCABACBCDABCACBCCCCCBDBACDBBBCBCBACBACACAACCCBBBADBCBAABBCCCBB	['D10C', 'B18D', 'C46D', 'A63D', 'C73B', 'D77C', 'A84B', 'C90B', 'A93B', 'B95C']	10	-1.3374028	-2.1016579	-3.397561	-1.2959032
BCCDDDCDCCDDDCDDADCDABCABDBACBDCAADDCBCABACBCDABCACBCCCCCBDBACDBBBCBCBACBACACAACCCBBBADBCBAABBCCCBB	['D10C', 'B18D', 'C46D', 'A63D', 'C73B', 'D77C', 'A84B', 'C90B', 'A93B', 'B95C']	10	-1.3374028	-2.1016579	-3.397561	-1.2959032
BCCDDDCDCCDDBCDDABCDABCABDBACBDCAACACBCABACBCCABCACBCCCCCBDBACDDBBCBCBACCACADAACCCBBBADBCBAAABBCCBB	['D10C', 'D13B', 'D35C', 'D36A', 'A63D', 'B64D', 'A84B', 'C90B']	8	-3.1046977	-5.995715	-7.292941	-1.297226
BCCDDDCDCCDDBCDDABCDABCABDBACBDCAACACBCABACBCCABCACBCCCCCBDBACDDBBCBCBACCACADAACCCBBBADBCBAAABBCCBB	['D10C', 'D13B', 'D35C', 'D36A', 'A63D', 'B64D', 'A84B', 'C90B']	8	-3.1046977	-5.995715	-7.292941	-1.297226
BCCDDDCDCCDABCDCABCDABCABDBACBDDAADACBCABACBCCABCACBCCCCCBDBADBBBBCBCBBCCACADAACCCBABADBCCAAABBCCBB	['D10C', 'D12A', 'D13B', 'D16C', 'C32D', 'D36A', 'C62D', 'A63B', 'A71B']	9	-3.1056137	-4.674885	-5.9730234	-1.2981386
BCCDDDCDCCDDDCCDABBDABCABDBACBDCAACBBACABADBCDBBCACBBDDCCBDBADDBBBCBCBDCCACADAACCABACADBCCAAABBCCBB	['D10C', 'D15C', 'C19B', 'D35C', 'D36B', 'C37B', 'B38A', 'C43D', 'C46D', 'A47B', 'C53B', 'C54D', 'C55D', 'C62D', 'A63D', 'A71D', 'C82A', 'B85C']	18	-1.5760884	0.46689892	-2.875166	-1.2990775
BCCDDDCDCCDDDCCDABCDABCABDBACBDCAACDCBCABACBCBABCACBCDDCDBDBACDBBBCBBBBCCACADAACCBBABADBCBAAABBCCBB	['D10C', 'D15C', 'D35C', 'C46B', 'C54D', 'C55D', 'C57D', 'A63D', 'C69B', 'A71B', 'C82B', 'C90B']	12	0.5078902	-0.36414242	-1.6637154	-1.299573
BCCDDDCDCDDDDCDDABCDABCABDBACDDCAADDCBCABACBCCABCACBCCCCCBDBACDCBBCBCBACCACACAACCCBABADCCCAABBBCCBB	['B30D', 'A63D', 'B64C', 'D77C', 'B88C', 'A93B']	6	-3.1070833	-7.5891533	-8.888765	-1.299612
AAADDDCDCBDDDCDDABCDABCABDBACBDDBADDCBCABACBCDBBCACBCCCCDBDBACDBBBCBCBACCADADAACCCBBBADBCBAAABBCCBB	['B1A', 'C2A', 'C3A', 'D10B', 'C32D', 'A33B', 'C46D', 'A47B', 'C57D', 'A63D', 'C75D', 'A84B', 'C90B']	13	-1.341794	-2.0884957	-3.3887978	-1.300302
BCCDDDCDCADDBCDDABCDABCABDBACBDCBACAABCAAACBCBABCACBCACCCBDBADDCBBCBCBBCCCCADAACCABABADBCBAABBBCCBB	['D10A', 'D13B', 'A33B', 'D35C', 'D36A', 'C37A', 'B41A', 'C46B', 'C54A', 'C62D', 'A63D', 'B64C', 'A71B', 'A74C', 'C82A', 'C90B', 'A93B']	17	-1.3008299	-3.5778055	-4.8786345	-1.3008289
BCCDDDCDCDDCBDDDABCDABCABDBACBDCAADDCBCABACBCCABCACBCCCCCBDBADDBBBCCCBCDCACACAACCCBABADBCCAABBBCCBB	['D12C', 'D13B', 'C14D', 'C62D', 'A63D', 'B68C', 'A71C', 'C72D', 'D77C', 'A93B']	10	-3.1088905	-4.814548	-6.115963	-1.301415
AAADDDCDCCDBBCDDABCAABCABDBACBDCAADACBCABACBCDABCACBCDDCCBDBADDBBBBBCBBCBACADAACCABABADBCBAAABBCCBB	['B1A', 'C2A', 'C3A', 'D10C', 'D12B', 'D13B', 'D20A', 'D36A', 'C46D', 'C54D', 'C55D', 'C62D', 'A63D', 'C67B', 'A71B', 'C73B', 'C82A', 'C90B']	18	0.4637909	-1.2357664	-2.5379467	-1.3021803
BCCDDDCDCCDDDCDDABCCABCABDBACBDCAACABBCACACBCBABCACBCDCCCBDBADDBBBCBCBCCCACADAACCBBABADBCBAABBBCCBB	['D10C', 'D20C', 'D35C', 'D36A', 'C37B', 'B41C', 'C46B', 'C54D', 'C62D', 'A63D', 'A71C', 'C82B', 'C90B', 'A93B']	14	-1.5276399	-1.3037663	-2.831397	-1.3037572
BCCDDDCDCCDDDCDDABCCABCABDBACBDCAACABBCACACBCBABCACBCDCCCBDBADDBBBCBCBCCCACADAACCBBABADBCBAABBBCCBB	['D10C', 'D20C', 'D35C', 'D36A', 'C37B', 'B41C', 'C46B', 'C54D', 'C62D', 'A63D', 'A71C', 'C82B', 'C90B', 'A93B']	14	-1.5276399	-1.3037663	-2.831397	-1.3037572
BCCDDDCDCCDDDCDDABCAABCABDBACBDCAACACBCABACBCCABCCCBCCCCDBDBADDBBBCBCBBCCCCACAACCCBABADBCCAABBBCCBB	['D10C', 'D20A', 'D35C', 'D36A', 'A50C', 'C57D', 'C62D', 'A63D', 'A71B', 'A74C', 'D77C', 'A93B']	12	-3.112041	-3.7098489	-5.0144176	-1.3045688
BCCDDDCDCCDDDCDDABCDABCABDBACBDCAADDCBCABACBCCABCACBCCCCDBDBACDBBBCBCBCCBACACAACCCBBBADBCBAAABBCCBB	['D10C', 'C57D', 'A63D', 'A71C', 'C73B', 'D77C', 'A84B', 'C90B']	8	-3.1139622	-3.60468	-4.911168	-1.306488
AAADDDCDCCADBCDDABCDABCABDBACBDCBADDCBCABACBCDABCACBBBCCCBDBADDBBBCBCBBDDACADAACCCBBBADBCBAAABBCCBB	['B1A', 'C2A', 'C3A', 'D10C', 'D11A', 'D13B', 'A33B', 'C46D', 'C53B', 'C54B', 'C62D', 'A63D', 'A71B', 'C72D', 'C73D', 'A84B', 'C90B']	17	-1.7099705	-1.34799	-3.0164652	-1.3064947
BCCDDDCDCBCDDCDBABBDABCABDBACBDCBADDCBCACACBCDABCACBCDCCCBDBACDBBBCBCBBCBACADAACCABBBADBABCABBBCCBB	['D10B', 'D11C', 'D16B', 'C19B', 'A33B', 'B41C', 'C46D', 'C54D', 'A63D', 'A71B', 'C73B', 'C82A', 'A84B', 'C89A', 'C90B', 'A91C', 'A93B']	17	-1.3488922	-1.7010784	-3.0084753	-1.3073969
AAADDDCDCCDDBCDDABCDABCABDBACBDCBADBBBCABACBCCAACACBCACCCBDCADABBACBDBBACACADAACCABABADBCCAAABBCCBB	['B1A', 'C2A', 'C3A', 'D10C', 'D13B', 'A33B', 'D36B', 'C37B', 'B48A', 'C54A', 'B60C', 'C62D', 'B66A', 'C69D', 'A71B', 'C72A', 'C82A']	17	-3.1152601	-5.014596	-6.322384	-1.3077879
BCCDDDCDCCDDBCDDABCDABCABDBACBDCAADDCBCABACBCCABCACBCCCCCCDCCCDBBBABCBACCACADAACCCBABADBCCAAABBCCBB	['D10C', 'D13B', 'B58C', 'B60C', 'A61C', 'A63D', 'C67A']	7	-3.1201015	-4.648614	-5.96124	-1.3126259
BCCDDDCDCCDDDCDDABCDABCABDBACBDCAACDBBCABACBCDABCACBCDCCCBDBACDBBBCBCBCDCACACAACCBBABADBCCAABBBCCBB	['D10C', 'D35C', 'C37B', 'C46D', 'C54D', 'A63D', 'A71C', 'C72D', 'D77C', 'C82B', 'A93B']	11	-1.3551645	-2.3730583	-3.6867237	-1.3136654
BCCDDDCDCDDDDCDDABCAABCABDBACBDCAACACBCABACBCCABCACBCCCCCBDBACACBBCBCBBDCACADAACCCBABADBCBAABBBCCBB	['D20A', 'D35C', 'D36A', 'B64C', 'A71B', 'C72D', 'C90B', 'A93B']	8	-3.1214647	-6.6172504	-7.931241	-1.3139906
BCCDDDCDCDDDDCCDADCBABCABDBACBDCAADACBCABACBCCABCACBCCCCCBDBACDBBBCBBBACBACACAACCCBACADBCCAABBBCCBB	['D15C', 'B18D', 'D20B', 'D36A', 'A63D', 'C69B', 'C73B', 'D77C', 'B85C', 'A93B']	10	-3.123775	-3.8836193	-5.199918	-1.3162985
BCCDDDCDCDDDDCDDABCDABCABDBACBDCAADDCBCABACBCCABCACBCCCCCBDBADDBBBCBCBACCACACAACCCBABADBCCAAABBCCBA	['C62D', 'A63D', 'D77C', 'B99A']	4	-3.125495	-5.0009413	-6.318968	-1.3180265
BCCDDDCDCDDDDCDDABCDABCABDBACBDCBADDCBCABACBCCABCACBCBCCDBDBADDBBBCBCBACDACACAACCCBBBADBCCAABBBCCBB	['A33B', 'C54B', 'C57D', 'C62D', 'A63D', 'C73D', 'D77C', 'A84B', 'A93B']	9	-3.1256933	-3.4396844	-4.757905	-1.3182206
BCCDDDCDCCDDDCDDABCDABCABDBACBDCAADDCBCABACBCCABCACBCCCCCBDBACDBBBCBCBACCACACAACCCBABADBCCAABBBCCBB	['D10C', 'A63D', 'D77C', 'A93B']	4	-3.1260796	-5.4265556	-6.74516	-1.3186045
BCCDDDCDCADDDCDDABCDABCABDBACBDCAADDCBCABACBCDABCACBCCCCDBDBACDBBBCBCBBBCACACAACCCBABADBCBAABBBCCBB	['D10A', 'C46D', 'C57D', 'A63D', 'A71B', 'C72B', 'D77C', 'C90B', 'A93B']	9	-2.4852085	-1.360301	-3.8040123	-1.3188038
BCCDDDCDCCDDDCDDABBAABCABDBACBDCAAADCBCABACBCCABCACBCCCCCBDBACACBBCBCBACCCCACAACCCBABADBCCAAABBCCBB	['D10C', 'C19B', 'D20A', 'D35A', 'B64C', 'A74C', 'D77C']	7	-3.1271691	-5.1820607	-6.5017557	-1.319695
BCCDDDCDCCDDDCDDABCCABAABDBACBDCAACAABCABACBCCABCACBCDCCCBDCADDBBBCBCBCCCACACAACCCBBBADBCBAABBBCCBB	['D10C', 'D20C', 'C23A', 'D35C', 'D36A', 'C37A', 'C54D', 'B60C', 'C62D', 'A63D', 'A71C', 'D77C', 'A84B', 'C90B', 'A93B']	15	-3.12853	-5.4089346	-6.72999	-1.3210554
BCCDDDCDCDDDDCCDBBBCABCABDBACBDCAACACBCABACBCCABCACBCCCCCBDBADDBBBCBCBADCACADAACCBBABADBCCAAABBCCBB	['D15C', 'A17B', 'C19B', 'D20C', 'D35C', 'D36A', 'C62D', 'A63D', 'C72D', 'C82B']	10	-3.129377	-4.418349	-5.7402554	-1.3219066
BCCDDDCDCDDDDCDDABCDABCABDBACBDCCADDABAACACBCCABCACBCCCCCBDBACDBBBCBCBBCCACADAACCCBABADBCCAABBBCCBB	['A33C', 'C37A', 'C39A', 'B41C', 'A63D', 'A71B', 'A93B']	7	-3.1327267	-5.1617126	-6.486965	-1.3252525
BCCDDDCDCDDDBDCDABBDABCABDBACBDCAADDCBCACACBCCABCACBCCCCDBDBACDBBBCBCBACCACADAACCCBABADBCCAAABBCCBB	['D13B', 'C14D', 'D15C', 'C19B', 'B41C', 'C57D', 'A63D']	7	-4.5354214	-3.133542	-5.8614902	-1.3260689
BCCDDDCDCDDDDCDDABCDABCABDBACBDCAADDABCACACBCBABCACBCCCCCBDBCDDBBBCBCBACCCCADAACCBBABADBCCAABBBCCBB	['C37A', 'B41C', 'C46B', 'A61C', 'C62D', 'A63D', 'A74C', 'C82B', 'A93B']	9	-1.3278899	-1.9358091	-3.2636948	-1.3278856
BCCDDDCDCBDDBCDDABCDABCABDBACDDCAACAABCABACBCCABCACBCDCCCBDBADDBBBCBCBCCCACADAACCCBABADCCCAABBBCCBB	['D10B', 'D13B', 'B30D', 'D35C', 'D36A', 'C37A', 'C54D', 'C62D', 'A63D', 'A71C', 'B88C', 'A93B']	12	-3.1354518	-7.3323693	-8.660347	-1.3279777
BCCDDDCDCDDDDCDDABCDABCABDBACBDCAADDCBCABACBCCABCACBCCCCCBDBACDBBBCBCBACCACADAACCCBABADBCCACABBCCBB	['A63D', 'A92C']	2	-3.1381617	-5.5380554	-6.868746	-1.3306904
BCCDDDCDCDDDDCDDABCDABCABDBACBDCAADDCBCABACBCCABCACBCCCCCBDBACDBBBCBCBACCACADAACCCBABADBCCACABBCCBB	['A63D', 'A92C']	2	-3.1381617	-5.5380554	-6.868746	-1.3306904
BCCDDDCDCDDBDCCDABCDABCABDBACBDCAADDCBCACACBCCABCACBCCCCCBDBACDBBBCBCBACCBCADAACCCBABADBCCAAABBCCBB	['D12B', 'D15C', 'B41C', 'A63D', 'A74B']	5	-3.140397	-4.5880566	-5.9209795	-1.3329229
BCCDDDCDCDDDDCDDABCDABCABDBACBDCAADDCBCABACBCCABCACBCCCCCBDBACDDBBCBCBADCACACAACCCBABADBCCAABBBCCBB	['A63D', 'B64D', 'C72D', 'D77C', 'A93B']	5	-3.1415186	-5.993227	-7.3272705	-1.3340435
BCCDDDCDCCCDBCDDABCDABCABDBACBDCBADDCBCACACBBCABCACBCBCCCBDBACDBBBCBCBBCAACACAACCCBBBADBCBAABBBCCBB	['D10C', 'D11C', 'D13B', 'A33B', 'B41C', 'C45B', 'C54B', 'A63D', 'A71B', 'C73A', 'D77C', 'A84B', 'C90B', 'A93B']	14	-3.1430216	-5.1939354	-6.529478	-1.3355427
BCCDDDCDCADDDCDDABCDABCABDBACBDCAADDCBCABACBCBABCACBCCCCCBDBACACBBCBCBACCACADAACCBBABADBCCAAABBCCBB	['D10A', 'C46B', 'B64C', 'C82B']	4	-1.3357058	-3.010488	-4.3461857	-1.3356977
BCCDDDCDCDDADCCDABBDABCABDBACBDCAADDCBCACACBCCABCACBCCCCCBDBACDBBBCBCBACCACACAACCABABADBCCAABBBCCBB	['D12A', 'D15C', 'C19B', 'B41C', 'A63D', 'D77C', 'C82A', 'A93B']	8	-3.1435537	-4.4743195	-5.810401	-1.3360815
BCCDDDCDCDDDDCDDABCDABCABDBACBDCAADDCBCABACBCCABCACBCCCCCBDBACDCBBCBDBACCACACAACCCBABADBCCAABBBCCBB	['A63D', 'B64C', 'C69D', 'D77C', 'A93B']	5	-3.1438427	-5.7747045	-7.1110744	-1.33637
AAADDDCDCDDDDCCDABCDABCABDBACBDCCACAABCACACBCCABCACBCCCCCBDBADDBBBCBCBCCCACADAACCCBACADCCBAAABBCCBB	['B1A', 'C2A', 'C3A', 'D15C', 'A33C', 'D35C', 'D36A', 'C37A', 'B41C', 'C62D', 'A63D', 'A71C', 'B85C', 'B88C', 'C90B']	15	-3.144956	-4.8587613	-6.1962404	-1.3374791
BCCDDDCDCCDDDCDDABCCABCABDBACBDCAADAABCACACBCDABCACBCDDCCCDBACDBBBCBCBACCACADAACCABBBADBCCAAABBCCBB	['D10C', 'D20C', 'D36A', 'C37A', 'B41C', 'C46D', 'C54D', 'C55D', 'B58C', 'A63D', 'C82A', 'A84B']	12	0.42794085	-3.1195168	-4.457548	-1.3380313
BCCDDDCDCCDDDCDDABCDABCABDBACBDCAACDCBCACACBCCABCACBCCCCCCDBADCBBBCBCBCCCACADAACCCBABADBCCAABBBCCBB	['D10C', 'D35C', 'B41C', 'B58C', 'C62D', 'A63C', 'A71C', 'A93B']	8	-3.1459656	-4.8986206	-6.237113	-1.3384924
BCCDDDCDCDDBDDDDABCDABCABDBACBDDAADDCBCABACBCCBBCACBCCCCCBDBACDBBBCBCBACCACADAACCCBABADBCCAAABBCCBB	['D12B', 'C14D', 'C32D', 'A47B', 'A63D']	5	-3.1467721	-4.7847967	-6.12409	-1.3392935
BCCDDDCDCCDDDCDDABCDABCABDBACBDCAADDBBCABACBCCABCACBCCCCCBDCACDBBBCBCBBCBACACAACCCBABADBCBAABBBCCBB	['D10C', 'C37B', 'B60C', 'A63D', 'A71B', 'C73B', 'D77C', 'C90B', 'A93B']	9	-3.1475449	-4.5583143	-5.898382	-1.3400679
BCCDDDCDCDDDDCCDABCDABCABDBACBDCAADDCBCABACBCCABCACBCCCCCBDBACDBBBCBCBACCACADAACCCBABADBCCAABBBCCBB	['D15C', 'A63D', 'A93B']	3	-3.1483374	-5.714593	-7.0554543	-1.3408613
BCCDDDCDCDDDDCCDABCDABCABDBACBDCAADDCBCABACBCCABCACBCCCCCBDBACDBBBCBCBACCACADAACCCBABADBCCAABBBCCBB	['D15C', 'A63D', 'A93B']	3	-3.1483374	-5.714593	-7.0554543	-1.3408613
BCCDDDCDCCDDBCDCABCCABCABDBACBDCAADACBCABACBCDAACAABCCCCCBDBADCBBBCBCBBCCACADAACCBBBBADBCCAAABBCCBB	['D10C', 'D13B', 'D16C', 'D20C', 'D36A', 'C46D', 'B48A', 'C51A', 'C62D', 'A63C', 'A71B', 'C82B', 'A84B']	13	-1.3844843	-4.293407	-5.6363945	-1.3429875
BCCDDDCDCCDDDCDDABCDABCABDBACBDCAADDCBCABACBCCABCACBCCCCCBDBADDBBBCBCBACCACACAACCCBABADBCCAABBBCCBB	['D10C', 'C62D', 'A63D', 'D77C', 'A93B']	5	-3.1508884	-4.983018	-6.3264294	-1.3434114
BCCDDDCDCCDDDCDDABCDABCABDBACBDCAADDCBCABACBCDABCACBCCCCCBDBACDBBBCBCBBCCACCDAACCCBABADBCCAAABBCCBB	['D10C', 'C46D', 'A63D', 'A71B', 'A76C']	5	-1.3859982	-3.068654	-4.4131517	-1.3444977
BCCDDDCDCDDDBCCDABCDABCABDBACBDCAADDCBCABACBCCABCACBCCCCCBDBADDBBBCBCBABBACACAACCCBABADBCCAABBCCCBB	['D13B', 'D15C', 'C62D', 'A63D', 'C72B', 'C73B', 'D77C', 'A93B', 'B95C']	9	-3.156218	-3.2569609	-4.6057034	-1.3487425
BCCDDDCDCBDDBCDDABCDABCDBDBACBDCAADDCBDABACBCDABCACBCCCCDBDBADDBBBCBABCCCACADAACCCBABADBACAAABBCCBB	['D10B', 'D13B', 'A24D', 'C39D', 'C46D', 'C57D', 'C62D', 'A63D', 'C69A', 'A71C', 'C89A']	11	-2.0177264	-1.3906851	-3.3669138	-1.3491874
BCCDDDCDCDDDDCDDABCDABCABDBACBDCAADDCBCABACBCCABCACBCCCCCBDBACDBBBCBCBADCACADAACCCBABADBCCACABBCCBB	['A63D', 'C72D', 'A92C']	3	-3.156824	-5.615302	-6.964655	-1.3493528
BCCDDDCDCDDCDDCDABCDABCABDBACBDCAADDCBCACACBCCABCACBCCCCCBDCCDDBBBABCBADCACADAACCABABADBCCAABBBCCBB	['D12C', 'C14D', 'D15C', 'B41C', 'B60C', 'A61C', 'C62D', 'A63D', 'C67A', 'C72D', 'C82A', 'A93B']	12	-3.1586246	-3.6946769	-5.045829	-1.351152
BCCDDDCDCCDDBCDDABDCABCABDBACBDCAACABBCABACBCCABCACBCACCCBDBADDBBACBCBDCCACADAACCABABADBCCAAABBCCBB	['D10C', 'D13B', 'C19D', 'D20C', 'D35C', 'D36A', 'C37B', 'C54A', 'C62D', 'A63D', 'B66A', 'A71D', 'C82A']	13	-3.1589766	-3.7740927	-5.125597	-1.3515043
BCCDDDCDCCDDDCDDABCCABCABDBACBDCAACACBCACACBCCBACACBBACCCBDCCDDBBBCBCBBCCACADAACCBBABADBCCAABBBCCBB	['D10C', 'D20C', 'D35C', 'D36A', 'B41C', 'A47B', 'B48A', 'C53B', 'C54A', 'B60C', 'A61C', 'C62D', 'A63D', 'A71B', 'C82B', 'A93B']	16	-3.159762	-3.471016	-4.823303	-1.3522873
BCCDDDCDCDDDDCDDABCDABCABDBACBDCAADDCBCABACBCCABCACBCCCCCBDBACDCBBCBCBACCACADAACCCBABADBCCAAABBCCBB	['A63D', 'B64C']	2	-3.159873	-5.429993	-6.7823935	-1.3524003
BCCDDDCDCDDDDCDDABCDABCABDBACBDCAADDCBCABACBCCABCACBCCCCCBDBACDCBBCBCBACCACADAACCCBABADBCCAAABBCCBB	['A63D', 'B64C']	2	-3.159873	-5.429993	-6.7823935	-1.3524003
BCCDDDCDCDDDDCDDABCDABCABDBACBDCAADDCBCABACBCCABCACBCCCCCBDBACDCBBCBCBACCACADAACCCBABADBCCAAABBCCBB	['A63D', 'B64C']	2	-3.159873	-5.429993	-6.7823935	-1.3524003
BCCDDDADCADDDCCDABCDABCABDBACBDCAACDCBCABACBCCABCACBCCCCCBDBACDBBBCBCBACCCCADAACCCBABADBCCAABBBCCBB	['C7A', 'D10A', 'D15C', 'D35C', 'A63D', 'A74C', 'A93B']	7	-3.1599045	-5.487984	-6.840416	-1.3524318
AAADDDCDCCADDCCCABAAABCABDBACBDCAACABBCABACBCDABCACBCDDCCBDBADBBBBCBCBDCBACADAACCBBABADBCBAABBBCCBB	['B1A', 'C2A', 'C3A', 'D10C', 'D11A', 'D15C', 'D16C', 'C19A', 'D20A', 'D35C', 'D36A', 'C37B', 'C46D', 'C54D', 'C55D', 'C62D', 'A63B', 'A71D', 'C73B', 'C82B', 'C90B', 'A93B']	22	0.41354036	-0.06861496	-1.4210472	-1.3524323
BCCDDDCDCCDDDCDDABCDABCABDBACBDCAACCDBCACACBCCABCACBCCCCCBDBADDBBBCBCBACCACACAACCCBABADBCBAABBBCCBB	['D10C', 'D35C', 'D36C', 'C37D', 'B41C', 'C62D', 'A63D', 'D77C', 'C90B', 'A93B']	10	-3.1606412	-5.012276	-6.3654413	-1.3531651
BCCDDDCDCDDDDCDDABCAABCABDBACBDCAACACBCABACBCCABCACBCCCCDBDBADDBBBCBCBCCCACACAACCCBABADDCCAABBBCCBB	['D20A', 'D35C', 'D36A', 'C57D', 'C62D', 'A63D', 'A71C', 'D77C', 'B88D', 'A93B']	10	-3.1621299	-4.718327	-6.072982	-1.3546548
BCCDDDCDCCDADDDDABCDABCABDBACBDCAADDCBCABACBCCABCACBCCCCCBDCACBCBBCBCBBCCACADAACCCBABADBCBAABBBCCBB	['D10C', 'D12A', 'C14D', 'B60C', 'A63B', 'B64C', 'A71B', 'C90B', 'A93B']	9	-3.162343	-5.1584277	-6.513297	-1.3548694
BCCDDDCDCDDDDCDDABCDABCABDBACBDCAADDCBCABACBCCABCACBCCCCCBDBADDBBBCBCBACCACADAACCCBABADBCCACABBCCBB	['C62D', 'A63D', 'A92C']	3	-3.1629677	-5.0945177	-6.450017	-1.3554993
AAADDDCDCBDDBCDDABCCABCABDBACBDCBACABBCABACBCDBBCACBCDCCDBDBACDBBBCBCBBCBACADAACCCBBBADBCBAABBBCCBB	['B1A', 'C2A', 'C3A', 'D10B', 'D13B', 'D20C', 'A33B', 'D35C', 'D36A', 'C37B', 'C46D', 'A47B', 'C54D', 'C57D', 'A63D', 'A71B', 'C73B', 'A84B', 'C90B', 'A93B']	20	-2.2967443	-1.3976288	-3.6528816	-1.3561373
BCCDDDCDCDDDDCDDABCDABCABDBACBDCAADDCBCACACBCBABCACBCDCCCBDBACDBBBCBCBBCBACADAACCBBABADBCCAAABBCCBB	['B41C', 'C46B', 'C54D', 'A63D', 'A71B', 'C73B', 'C82B']	7	-1.3586683	-2.0982132	-3.4568777	-1.3586645
BCCDDDCDCDDDBCCDABCDABCABDBACBDCAACDCBCABACBCCABCACBCCCCCBDBACDBBBCBCBACCCCADAACCCBABADBCCAAABBCCBB	['D13B', 'D15C', 'D35C', 'A63D', 'A74C']	5	-3.1668844	-5.2113585	-6.5707674	-1.3594089
BCCDDDCDCADDDCDDABCDABCABDBACBDCAADDCBCABACBCCABCACBCCCCCBDBACDBBBCBCBACBACACAACCCBABADBCCAABBBCCBB	['D10A', 'A63D', 'C73B', 'D77C', 'A93B']	5	-3.167171	-4.96088	-6.3205757	-1.3596959
AAADDDCDCCDDBCDCABCDABCABDBACBDCBADDCBCABACBCBAACACBCDDCCBDBACCBBBCBCBACCCCACAACCABBBADBCCAAABBCCBB	['B1A', 'C2A', 'C3A', 'D10C', 'D13B', 'D16C', 'A33B', 'C46B', 'B48A', 'C54D', 'C55D', 'A63C', 'A74C', 'D77C', 'C82A', 'A84B']	16	0.44722128	-3.421588	-4.7818317	-1.3602438
BCCDDDCDCDDDDCDDABCAABCABDBACBDCAADDCBCABACBCCABCACBCCCCCBDBACDBBBCBCBACCACACAACCCBABADBCCAABBBCCBB	['D20A', 'A63D', 'D77C', 'A93B']	4	-3.1724262	-5.5631833	-6.928135	-1.3649516
BCCDDDCDCBDDDCDDABCDABCABDBACBDCAADDCBCABACBCDABCACBCCCCCBDBACDCBBCBCBACCACACAACCCBBBADBCBAABBBCCBB	['D10B', 'C46D', 'A63D', 'B64C', 'D77C', 'A84B', 'C90B', 'A93B']	8	-1.4070244	-4.0188785	-5.384405	-1.3655267
BCCDDDCDCDDDDCDDABCDABCABDBACBDCAADDABCABACBCCABCACBCCCCCBDBACCCBBCBCBACCACADAACCCBABADBCBAAABBCCBB	['C37A', 'A63C', 'B64C', 'C90B']	4	-3.1733127	-5.9456677	-7.311509	-1.3658414
AAADDDCDCDDBDCDDABDAABCABDBACBDCAADACBCACACBCCABCACBCCCCCBDBACCBBBCBCBADCCCADAACCCBABADBCCAAABBCCBB	['B1A', 'C2A', 'C3A', 'D12B', 'C19D', 'D20A', 'D36A', 'B41C', 'A63C', 'C72D', 'A74C']	11	-3.1745768	-4.684713	-6.051817	-1.367104
AAADDBCDCCDDDCDDABCDABCABDBACBDCAADDABCABACBCDABCACBCCCCCBDBACDCBBCBCBACDACACACCCCBBBADBCBAABBCCCBB	['B1A', 'C2A', 'C3A', 'D6B', 'D10C', 'C37A', 'C46D', 'A63D', 'B64C', 'C73D', 'D77C', 'A79C', 'A84B', 'C90B', 'A93B', 'B95C']	16	-2.0723138	-1.4090233	-3.4398413	-1.3675275
BCCDDDCDCADDDCDDABCDABCABDBACDDCAACCCBCABACBCCABCACBCCCCCBDBACDBBBCBCBBCCACADAACCCBABADCCCAABBBCCBB	['D10A', 'B30D', 'D35C', 'D36C', 'A63D', 'A71B', 'B88C', 'A93B']	8	-3.175562	-7.468348	-8.836438	-1.3680902
BCCDDDCDCADDDCDDABCDABCABDBACDDCAACCCBCABACBCCABCACBCCCCCBDBACDBBBCBCBBCCACADAACCCBABADCCCAABBBCCBB	['D10A', 'B30D', 'D35C', 'D36C', 'A63D', 'A71B', 'B88C', 'A93B']	8	-3.175562	-7.468348	-8.836438	-1.3680902
BCCDDDCDCADDDCDDABCDABCABDBACDDCAACCCBCABACBCCABCACBCCCCCBDBACDBBBCBCBBCCACADAACCCBABADCCCAABBBCCBB	['D10A', 'B30D', 'D35C', 'D36C', 'A63D', 'A71B', 'B88C', 'A93B']	8	-3.175562	-7.468348	-8.836438	-1.3680902
BCCDDDCDCCDDDCDDABCDABCABDBACBDCAADDCBCACABBCBABCACBCDCCCBDBACDBBBCBCBACCACADAACCBBABADBCCAABBBCCBB	['D10C', 'B41C', 'C43B', 'C46B', 'C54D', 'A63D', 'C82B', 'A93B']	8	-1.3685694	-2.5180836	-3.8866405	-1.368557
ACCDDDCDADDDDCDDABCDABCABDBACBDCAADDCBCACACBCCABCACBCCCCCBDBACACBBCBCBACCACADAACCCBABADDCCAAABBCCBB	['B1A', 'C9A', 'B41C', 'B64C', 'B88D']	5	-3.1765637	-6.320755	-7.689843	-1.3690882
AAADDDCDCCDDDCDDABCDABCABDBACBDCAADDCBCABACBCCABCACBCCCCCBDBADBBBBCBCBACCACACAACCCBABADBCCAABBBCCBB	['B1A', 'C2A', 'C3A', 'D10C', 'C62D', 'A63B', 'D77C', 'A93B']	8	-3.1773434	-4.358267	-5.728135	-1.3698683
BCCDDDCDCDDABCDDABCCABCABDBACBDCAACABBCABACBCCABCACBCCCCDCDBADDBBBCBCBBCBACADAACCCBBBADBCBAAABBCCBA	['D12A', 'D13B', 'D20C', 'D35C', 'D36A', 'C37B', 'C57D', 'B58C', 'C62D', 'A63D', 'A71B', 'C73B', 'A84B', 'C90B', 'B99A']	15	-3.1778274	-3.6015434	-4.971897	-1.3703537
BCCDDDCDCADDBCDDABCDABCABDBACBDCAADDCBCABACBCDABCACBDCCCCCDBACDBBBCBCBACBACACAACCCBABADBCBAAABBCCBB	['D10A', 'D13B', 'C46D', 'C53D', 'B58C', 'A63D', 'C73B', 'D77C', 'C90B']	9	-1.41224	-2.8878913	-4.2586403	-1.370749
BCCDDDCDCCADBCDDABCDADCABDBACBDCAADDBBCABACBCDBBCACBCBCCCBDBADDBBBCBCBDBBACACAACCCBBBADBABAABBBCCBB	['D10C', 'D11A', 'D13B', 'B22D', 'C37B', 'C46D', 'A47B', 'C54B', 'C62D', 'A63D', 'A71D', 'C72B', 'C73B', 'D77C', 'A84B', 'C89A', 'C90B', 'A93B']	18	-2.9012063	-1.4123783	-4.272091	-1.3708847
BCCDDDCDCCDBBCDDABDAABCABDBACBDCAADACBCABACBCCABCACBCCCCCBDBACDBBBBBABADCACADAACCCBABADBCBAAABBCCBB	['D10C', 'D12B', 'D13B', 'C19D', 'D20A', 'D36A', 'A63D', 'C67B', 'C69A', 'C72D', 'C90B']	11	-3.1785984	-4.5661864	-5.9373074	-1.3711209
BCCDDDCDCDDDDCDDABCDABCABDBACBDCAADDABCABACBCCABCACBCCCCDBDBACDCBBCBCBACCACADAACCCBABADBCBAAABBCCBB	['C37A', 'C57D', 'A63D', 'B64C', 'C90B']	5	-3.1789336	-4.219046	-5.5905056	-1.3714595
BCCDDDCDCCDDDCDDABCDABCABDBACBDCAACDBBCABACBCBABCACBCCCCDBDBACDBBBCBCBCCBACACAACCCBABADBCBAABBBCCBB	['D10C', 'D35C', 'C37B', 'C46B', 'C57D', 'A63D', 'A71C', 'C73B', 'D77C', 'C90B', 'A93B']	11	-3.785933	-1.3714828	-5.1574106	-1.3714776
AAADDDCDCDDDBCDDABCDABCABDBACBDCAADDCBCABACBCCABCACBCCCCCBDCACDBBBCBCBCCCACADAACCCBBBADBCBAAABBCCBB	['B1A', 'C2A', 'C3A', 'D13B', 'B60C', 'A63D', 'A71C', 'A84B', 'C90B']	9	-3.1795516	-4.921532	-6.2936068	-1.3720746
BCCDDDCDCADBDCDBABCCABCABDBACBDCAACABBCABACBCDABCACBBCCCCBDBACACBBCBABACCACACAACCABABADBCCCAABBCCBB	['D10A', 'D12B', 'D16B', 'D20C', 'D35C', 'D36A', 'C37B', 'C46D', 'C53B', 'B64C', 'C69A', 'D77C', 'C82A', 'A91C']	14	-3.4186835	-1.4136238	-4.790818	-1.3721347
BCCDDDCDCDDDBCDDABCDABCABDBACBDDBADDCBCACABBBCBBCACBCCCCCBDBACDBBBCBCBCCAACACAACCCBABADBCBAABBBCCBB	['D13B', 'C32D', 'A33B', 'B41C', 'C43B', 'C45B', 'A47B', 'A63D', 'A71C', 'C73A', 'D77C', 'C90B', 'A93B']	13	-3.1797833	-5.1083174	-6.480627	-1.3723097
BCCDDDCDCDDDDCBDABBCABCABDBACBDCAADDCBCACACBCCABCACBCCCCCBDBACBBBBCBCBBCCACADAACCCBABADBCBAABBBCCBB	['D15B', 'C19B', 'D20C', 'B41C', 'A63B', 'A71B', 'C90B', 'A93B']	8	-3.1799245	-3.9175687	-5.290016	-1.3724475
BCCDDDCDCDDDDCBDABBCABCABDBACBDCAADDCBCACACBCCABCACBCCCCCBDBACBBBBCBCBBCCACADAACCCBABADBCBAABBBCCBB	['D15B', 'C19B', 'D20C', 'B41C', 'A63B', 'A71B', 'C90B', 'A93B']	8	-3.1799245	-3.9175687	-5.290016	-1.3724475
BCCCDDCDCDDBDCDDABCAABCABDBACBDCAADDCBCABACBCDABCACBCCCCCBDBACDCBBCBCBACCCCADAACCCBABADBCBAABBBCCBB	['D4C', 'D12B', 'D20A', 'C46D', 'A63D', 'B64C', 'A74C', 'C90B', 'A93B']	9	-1.4142771	-3.918993	-5.291771	-1.3727779
BCCDDDCDCBDDDCDDABCAABCABDBACBDCBABACBCACACBCDABCACBCBDCCCDCCDDBBBCBCBBABACADAACCCBACADBABAABBBCCBB	['D10B', 'D20A', 'A33B', 'D35B', 'D36A', 'B41C', 'C46D', 'C54B', 'C55D', 'B58C', 'B60C', 'A61C', 'C62D', 'A63D', 'A71B', 'C72A', 'C73B', 'B85C', 'C89A', 'C90B', 'A93B']	21	0.39132547	-1.1478047	-2.5224524	-1.3746476
BCCDDDCDCDDDBCCDABCDABCABDBACBDCADDACBCABACBCCABCACBCCCCCBDBACDBBBCBCAACCACADAACCCBABADBCBAAABBCCBB	['D13B', 'D15C', 'A34D', 'D36A', 'A63D', 'B70A', 'C90B']	7	-3.1829295	-6.6557813	-8.031232	-1.3754506
AAADDDCDCCDCDDCDABCBABCDBDBACBDCAACACBCACACBCDAACACBCACCCBDBACDBBBCBCBDDCACADAACCABABADBCCAAABBCCBB	['B1A', 'C2A', 'C3A', 'D10C', 'D12C', 'C14D', 'D15C', 'D20B', 'A24D', 'D35C', 'D36A', 'B41C', 'C46D', 'B48A', 'C54A', 'A63D', 'A71D', 'C72D', 'C82A']	19	-1.4173341	-2.2613468	-3.637187	-1.3758402
BCCDDDCDCCDDDCDDABCDABCABDBACBDCAADDCBCABACBCCABCACBCCCCDBDBACDBBBCBCBACCACADAACCCBABADBCBAAABBCCBB	['D10C', 'C57D', 'A63D', 'C90B']	4	-3.1842065	-3.5977068	-4.9744387	-1.3767319
BCCDDDCDCDDDDCDDABCDABCABDBACBDCAADDCBCABACBCCABCACBCCCCCBDBACDBBBCBCBCACACADAACCCBABADBCCAAABBCCBB	['A63D', 'A71C', 'C72A']	3	-3.1852207	-5.142493	-6.5202417	-1.377749
BCCDDDCDCDDDDCDDABCDABCABDBACBDCAADDCBCABACBCCABCACBCCCCCBDBAABBBBCBCBBCCACACAACCCBABADBCCAAABBCCBB	['C62A', 'A63B', 'A71B', 'D77C']	4	-3.18544	-5.3909626	-6.7689323	-1.3779697
BCCDDDCDCCDDBCDDABCDABCABDBACBDCAADDCBCABACBCCABCACBCCCCCBDBACDBBBCBCBACCACADAACCCBABADBCCAABBBCCBB	['D10C', 'D13B', 'A63D', 'A93B']	4	-3.1855736	-5.5057125	-6.883808	-1.3780956
BCCDDDCDCCDCDDDDABCDABCABDBACBDCAACACBCABACBCCABCACBCCCCCBDBADDCBBDBCBACCACACAACCCBABADBCCAABBBCCBB	['D10C', 'D12C', 'C14D', 'D35C', 'D36A', 'C62D', 'A63D', 'B64C', 'C67D', 'D77C', 'A93B']	11	-3.186069	-4.206244	-5.584839	-1.3785949
BCCDDDCDCDDDDCDDABCDABCABDBACBDDAADDCBCABACBCCBBCACBCCCCCBDBACBBBBCBCBACCACADAACCCBABBDBCCAAABBCCBB	['C32D', 'A47B', 'A63B', 'A86B']	4	-3.1860785	-4.946457	-6.32506	-1.378603
BCCDDDCDCADDBCCDABCBABCABDBACBDCAACACBCABACBCBABCACBCCCCCBDBADDBBBCBCBCCCACADAACCCBABADDCBAABBBCCBB	['D10A', 'D13B', 'D15C', 'D20B', 'D35C', 'D36A', 'C46B', 'C62D', 'A63D', 'A71C', 'B88D', 'C90B', 'A93B']	13	-1.3789682	-3.4738975	-4.8528605	-1.378963
BCCDDDCDCDDDDCDDADCDABCABDBACBDCAACACBCABACBCCABCACBCCCCCBDBACDCBBCBCBACCACADAACCCBABADBCCAAABBCCBB	['B18D', 'D35C', 'D36A', 'A63D', 'B64C']	5	-3.1879978	-5.2281137	-6.608637	-1.3805232
BCCDDDCDCCDDDCDDABCDABCABDBACBDCAACACBCACACBCCABCACBCDCCCBDCADDCBBCBCBACCACADAACCCBABADBCBAABBBCCBB	['D10C', 'D35C', 'D36A', 'B41C', 'C54D', 'B60C', 'C62D', 'A63D', 'B64C', 'C90B', 'A93B']	11	-3.1903663	-4.5548844	-5.9377747	-1.3828902
BCCDDDCDCDDDDCDDABCDABCABDBACBDCAADDABCABACBCCABCACBCCCCCBDBACDBBBCBCBACCACACAACCCBABADBDCAABBBCCBB	['C37A', 'A63D', 'D77C', 'C89D', 'A93B']	5	-3.1907477	-6.091453	-7.4747305	-1.3832774
BCCDDDCDCDDDDCDDABCDABCABDBACBDCAADDCBCACACBCCACCACBCCCCCBDBADCBBBCBCBACCACACAACCCBABADBCCAAABBCCBB	['B41C', 'B48C', 'C62D', 'A63C', 'D77C']	5	-3.191184	-5.015316	-6.399026	-1.3837099
BCCDDDCDCDDBDCCBABBCABCABDBACBDCADDACBCABACBCCABCACBCCCCCBDCACCBBBCBCBACCACADAACCABBBADBCCAAABBCCBB	['D12B', 'D15C', 'D16B', 'C19B', 'D20C', 'A34D', 'D36A', 'B60C', 'A63C', 'C82A', 'A84B']	11	-3.1915798	-5.192057	-6.5761642	-1.3841071
BCCDDDCDCCDDDCDDABCDABCABDBACBDCAACACBCABACBCCABCACBCCCCCBDBADDBBBBBCBBCBACADAACCCBBBADBCBAAABBCCBB	['D10C', 'D35C', 'D36A', 'C62D', 'A63D', 'C67B', 'A71B', 'C73B', 'A84B', 'C90B']	10	-3.193707	-4.849964	-6.2361956	-1.3862314
BCCDDDCDCCDDDCDDABCCABCABDBACBDCAACABBCACACBCBABCACBCDCCCBDBDDAABBCBCBBCCCCADAACCBBABADBCBAABBBCCBB	['D10C', 'D20C', 'D35C', 'D36A', 'C37B', 'B41C', 'C46B', 'C54D', 'A61D', 'C62D', 'B64A', 'A71B', 'A74C', 'C82B', 'C90B', 'A93B']	16	-1.3864074	-2.3284383	-3.714839	-1.3864007
BCCDDDCDCCDDDCDDABCDABCABDBACBDCAADDCBCABACBCDABCACBCCCCCBDBACDBBBCBBBBCCACACAACCABBCADBCBAABBBCCBB	['D10C', 'C46D', 'A63D', 'C69B', 'A71B', 'D77C', 'C82A', 'A84B', 'B85C', 'C90B', 'A93B']	11	-1.4279723	-2.5865192	-3.9729948	-1.3864756
BCCDDDCDCCDDBCDDABCDABCABDBACBDCAADDCBCACACBCCABCACBCCCCCBDBACDCBBCBCBACCACADADCCCBABADBCCAAABBCCBB	['D10C', 'D13B', 'B41C', 'A63D', 'B64C', 'A79D']	6	-3.1943889	-4.7543974	-6.141308	-1.3869104
BCCDDDCDCDDDDDCDABCDABCABDBACBDDAACDCBCACACBCCBBCACBCCCCCBDBACDBBBCBCBACCACADAACCCBABADBCCAABBBCCBB	['C14D', 'D15C', 'C32D', 'D35C', 'B41C', 'A47B', 'A63D', 'A93B']	8	-3.195833	-5.047252	-6.435609	-1.3883567
BCCDDDCDCDDDDCDDAABAABCDBDBACBDCAADDCBCABACBCDABCACBCCCCDBDBACDBDBCBCBCDCACADAACCABABADBCCAAABBCCBB	['B18A', 'C19B', 'D20A', 'A24D', 'C46D', 'C57D', 'A63D', 'B65D', 'A71C', 'C72D', 'C82A']	11	-1.4867673	-1.4299746	-2.8752441	-1.3884768
BCCDDDCDCCDDDCDDABCDABCABDBACBDCAADDCBCABACBCCABCACBCCCCCBDBACACBBCBCBACCACADAACCCBABADBCCAABBBCCBB	['D10C', 'B64C', 'A93B']	3	-3.1969552	-6.18041	-7.569889	-1.3894792
BCCDDDCDCCDDDCDDABCDABCABDBACBDCAADDCBCABACBCCABCACBCCCCCBDBACACBBCBCBACCACADAACCCBABADBCCAABBBCCBB	['D10C', 'B64C', 'A93B']	3	-3.1969552	-6.18041	-7.569889	-1.3894792
AAADDDCDCDDDDCDDABADABCABDBACBDCAADDCBCABACBCCABCACBCCCCCBDBADABBBCBCBACCACADAACCDBABADBCCAAABBCCBB	['B1A', 'C2A', 'C3A', 'C19A', 'C62D', 'C82D']	6	-3.1972022	-5.2502513	-6.6399794	-1.3897281
BCCDDDCDCDDBDCDDABCDABCABDBACBDCAAADABCACACBCCABCACBCCCCCBDBACDBBBCBCBBCCACACAACCCBABADBCBAABBBCCBB	['D12B', 'D35A', 'C37A', 'B41C', 'A63D', 'A71B', 'D77C', 'C90B', 'A93B']	9	-3.1977534	-5.2508883	-6.641165	-1.3902764
BCCDDDCDCDDDDCCDABCDABCABDBACBDCAADDCBCABACBCCABCACBCCCCCBDBADDBBBCBCBACCACACAACCCBABADBCCAABBBCCBB	['D15C', 'C62D', 'A63D', 'D77C', 'A93B']	5	-3.1982946	-5.18823	-6.579048	-1.3908181
BCCDDDCDCADDBCDDABBDABCABDBACBDCAADDBBCABABBCCABCACBCCDCCBDBACDBBBCBCBBCBACADAACCCBABADBCBAABBBCCBB	['D10A', 'D13B', 'C19B', 'C37B', 'C43B', 'C55D', 'A63D', 'A71B', 'C73B', 'C90B', 'A93B']	11	-1.3920774	-4.3222437	-5.7143126	-1.3920689
BCCDDDCDCCDDDCDDABCDABCABDBACBDCAADDCBCABACBCDABCACBCDCCCBDBADABBBCBCBACCACACAACCBBABADBCCAABBBCCBB	['D10C', 'C46D', 'C54D', 'C62D', 'D77C', 'C82B', 'A93B']	7	-1.4340916	-2.9186516	-4.311243	-1.3925915
BCCDDDCDCCDDBCDDABCAABCABDBACBDCAACABBCABACBCCABCACBCCCCCBDCBDDBBBBBCBAACACADAACCCBABADDCCAAABBCCBB	['D10C', 'D13B', 'D20A', 'D35C', 'D36A', 'C37B', 'B60C', 'A61B', 'C62D', 'A63D', 'C67B', 'C72A', 'B88D']	13	-3.2010016	-5.3750606	-6.7685843	-1.3935237
BCCDDDCDCDDDDCDDABCDABCABDBACBDCAADDCBCABABBCCABCACBCCCCCBDBADDBBBCBCBBCBACACAACCCBABADBCBAABBBCCBB	['C43B', 'C62D', 'A63D', 'A71B', 'C73B', 'D77C', 'C90B', 'A93B']	8	-3.2017827	-5.0005646	-6.3948755	-1.394311
BCCDDDCDCDDDDCDDABCDABCABDBACBDCAADDCBCABACBCCABCACBCCCCCBDBACDBBBCBCBCCCACADAACCCBABADBCBAAABBCCBB	['A63D', 'A71C', 'C90B']	3	-3.201818	-5.0423675	-6.4367123	-1.3943448
BCCDDDCDCDDDDCDDABCDABCABDBACBDCAADDCBCABACBCCABCACBCCCCCBDBACBBBBCBCBCCCACADAACCCBABADBCCAAABBCCBA	['A63B', 'A71C', 'B99A']	3	-3.202258	-5.170637	-6.565426	-1.3947887
BCCDDDCDCBDDDCDDABCDABCABDBACBDCAADDBBCABACBCDBBCACBCDCCDBDBACDBBBCBCBBCDACADAACCCBBBADBCBAABBBCCBB	['D10B', 'C37B', 'C46D', 'A47B', 'C54D', 'C57D', 'A63D', 'A71B', 'C73D', 'A84B', 'C90B', 'A93B']	12	-2.0751095	-1.4393911	-3.4730072	-1.3978977
BCCDDDCDCCDDDCDDABCCABCABDBACBDCAACACBCABACBCCABCACBCCCCCBDBACDBBBCBCBBCBACACAACCCBABADBCBAABBBCCBB	['D10C', 'D20C', 'D35C', 'D36A', 'A63D', 'A71B', 'C73B', 'D77C', 'C90B', 'A93B']	10	-3.2073436	-5.1539664	-6.553833	-1.3998666
BCCDDDCDCCDDDCCDADCAABCABDBACBDCAACDBBCABACBCDABCACBCCCCCBDBACDBBBCBCBACCACADAACCCBABADDCCAABBBCCBB	['D10C', 'D15C', 'B18D', 'D20A', 'D35C', 'C37B', 'C46D', 'A63D', 'B88D', 'A93B']	10	-1.4415183	-3.5869403	-4.9869623	-1.400022
AAADDDCDCCDDDCCCABCCABCABDBACBDCAACACBAACADBCCAACACBCDCCCBDBADBBBBCBCBACCACADAACCCBABADBCBAABBBCCBB	['B1A', 'C2A', 'C3A', 'D10C', 'D15C', 'D16C', 'D20C', 'D35C', 'D36A', 'C39A', 'B41C', 'C43D', 'B48A', 'C54D', 'C62D', 'A63B', 'C90B', 'A93B']	18	-3.9763465	-3.208099	-5.3769674	-1.4006209
BCCDDDCDCCDDDCDDABCCABCABDBACBDCAACCABCABADBCDABCACBCDCCDBDBACDCBBCBDBBCCACACAACCABBCADBCCAABBBCCBB	['D10C', 'D20C', 'D35C', 'D36C', 'C37A', 'C43D', 'C46D', 'C54D', 'C57D', 'A63D', 'B64C', 'C69D', 'A71B', 'D77C', 'C82A', 'A84B', 'B85C', 'A93B']	18	-1.4425535	-1.8675046	-3.2685642	-1.4010596
BCCDDDCDCDDDDCDDABCDABCABDBACBDCAADDCBCABACBCDABCACBCDCCCBDBACACBBCBCBACCACADAACCBBABADBCCAAABBCCBB	['C46D', 'C54D', 'B64C', 'C82B']	4	-1.4430761	-3.3656268	-4.767208	-1.4015813
AAADDDDDCCDDBCDCABCBABCABDBACBDCBADDBBCABACBCDBBCACBCBCCCBDBACABBBCBCBBCCACCDAACCCBBBADBACAABBBCCBB	['B1A', 'C2A', 'C3A', 'C7D', 'D10C', 'D13B', 'D16C', 'D20B', 'A33B', 'C37B', 'C46D', 'A47B', 'C54B', 'A71B', 'A76C', 'A84B', 'C89A', 'A93B']	18	-1.4447007	-3.0400496	-4.4432573	-1.4032078
BCCDDDCDCDDDDCDDABADABCABDBACBDCAADDCBCABACBCCABCACBCCCCCBDBACDBBBCBCBCCCACADAACCCBABADBCBAAABBCCBB	['C19A', 'A63D', 'A71C', 'C90B']	4	-3.2108998	-4.4927344	-5.89616	-1.4034257
BCCDDDCDCDDDDCDDABCDABCABDBACBDCAADDCBCABABBCCABCACBCCCCCBDBACDBBBCBCBBCCACADAACCCBABADBCCAABBBCCBB	['C43B', 'A63D', 'A71B', 'A93B']	4	-3.2134771	-5.937984	-7.3439894	-1.4060054
BCCDDDCDCCDDDDDDABCDABCDBDBACBDCAACDCBCACACBCDABCACBCCCCCBDBACACBBCBCBACCCCADAACCCBBBADBCCAAABBCCBB	['D10C', 'C14D', 'A24D', 'D35C', 'B41C', 'C46D', 'B64C', 'A74C', 'A84B']	9	-1.4490361	-3.4561348	-4.863678	-1.4075432
BCCDDDCDCCDDDCDDABCDABCABDBACBDCAADDABCACACBCDABCACBCDCCCBDBADDBBBCBCBACCACACAACCBBABADBCCAAABBCCBB	['D10C', 'C37A', 'B41C', 'C46D', 'C54D', 'C62D', 'A63D', 'D77C', 'C82B']	9	-1.4491539	-1.873292	-3.2809448	-1.4076529
BCCDDDCDCDDDDCDDABCDABCABDBACBDCAADDCBCABAABCDABCACBCCCCDBDBADDBBBCBCBBCCACCCAACCCBABADBCCAABBBCCBB	['C43A', 'C46D', 'C57D', 'C62D', 'A63D', 'A71B', 'A76C', 'D77C', 'A93B']	9	-1.4504313	-2.0438862	-3.4528198	-1.4089336
BCCDDDCDCCDDDCDDABCDABCABDBACBDCAADDCBCABACBCBABCACBCDCCCBDBADABBBCBCBACCACADAACCBBABADBCCAABBBCCBB	['D10C', 'C46B', 'C54D', 'C62D', 'C82B', 'A93B']	6	-1.4089422	-2.9599857	-4.368922	-1.4089365
BCCDDDCDCDDDBCDDABCDABCABDBACBDCAADDABBABACBCCABCACBCCCCCBDBADDCBBCBCBACCACADAACCCBABADBCCAAABBCCBB	['D13B', 'C37A', 'C39B', 'C62D', 'A63D', 'B64C']	6	-3.2193098	-5.89106	-7.3029003	-1.4118404
BCCDDDCDCDDDDCDDABCDADCABDBACDDCAADDABCABACBCCABCACBCCCCCBDBADDBBBCBCBBDCACACAACCCBABADCCCAAABBCCBB	['B22D', 'B30D', 'C37A', 'C62D', 'A63D', 'A71B', 'C72D', 'D77C', 'B88C']	9	-3.219532	-7.0685506	-8.480613	-1.4120622
BCCDDDCDCCDDDCDDABCDABCABDBACBDCAADDBBCACACBCBABCACBCDCCCBDBACDBBBCBCBCCCACADAACCBBABADBCCAAABBCCBB	['D10C', 'C37B', 'B41C', 'C46B', 'C54D', 'A63D', 'A71C', 'C82B']	8	-1.4129238	-1.5152197	-2.928133	-1.4129133
BCCDDDCDCCDDDCDDABCDABCABDBACBDCAADDCBCABACBCDABCACBCCCCCBDBACDBBCCBCBACCACACAACCCBBBADACCAABBBCCBB	['D10C', 'C46D', 'A63D', 'B66C', 'D77C', 'A84B', 'B88A', 'A93B']	8	-1.4549179	-3.5583296	-4.9717474	-1.4134178
BCCDDDCDCCDDDCDDABCDABCABDBACBDCAADDCBCABACBCCABCACBCCCCCBDBACDCBBCBCBABBACACAACCCBABADBCCAABBBCCBB	['D10C', 'A63D', 'B64C', 'C72B', 'C73B', 'D77C', 'A93B']	7	-3.2209392	-4.6607494	-6.074214	-1.4134645
BCCDDDCDCDDBDCDDABCDABCABDBACBDCAACDBBCABABBCCABCACBCCCCDBDBADCCBBCBABCCCACACAACCCBABADBCCAAABBCCBB	['D12B', 'D35C', 'C37B', 'C43B', 'C57D', 'C62D', 'A63C', 'B64C', 'C69A', 'A71C', 'D77C']	11	-4.769392	-3.2212234	-6.1831474	-1.4137554
BCCDDDCDCDDDDCDDABCDABCABDBACBDCAACDCBCABACBCCABCACBCCCCCBDBADDDBBCBCBCACACADAACCCBABADBCCAAABBCCBB	['D35C', 'C62D', 'A63D', 'B64D', 'A71C', 'C72A']	6	-3.2215939	-5.0146375	-6.4287577	-1.4141202
BCCDDDCDCDDDDCDDABCDABCABDBACBDCAADDCBCACACBCCABCACBCCCCCBDBACDBBBCBABBCCACADAACCCBABADBCBAAABBCCBB	['B41C', 'A63D', 'C69A', 'A71B', 'C90B']	5	-3.22269	-4.792658	-6.2078714	-1.4152136
BCCDDDCDCADCBCDDABCDABCABDBACBDCAADDCBCABACBCCABCACBCCCCCBDBACDBBBCBCBACCACADAACCCBABADBCCAAABBCCBB	['D10A', 'D12C', 'D13B', 'A63D']	4	-3.2237844	-4.6663957	-6.0827007	-1.4163051
AAADDDCDCBDDDCDDABCCABCABDBACBDCBACBCBCACACBABABCACBCDDCCBDBADDCBBCBCBACCACADAACCCABBADBCBAAABBCCBB	['B1A', 'C2A', 'C3A', 'D10B', 'D20C', 'A33B', 'D35C', 'D36B', 'B41C', 'C45A', 'C46B', 'C54D', 'C55D', 'C62D', 'A63D', 'B64C', 'B83A', 'A84B', 'C90B']	19	0.39093018	-2.8897572	-4.3062906	-1.4165335
BCCDDDCDCCDDDCDDABCDABCABDBACBDCAADDCBCABACBCCAACACBCCCCCBDBACBBBBCBCBCCCACADAACCCBABADBCBAABBBCCBB	['D10C', 'B48A', 'A63B', 'A71C', 'C90B', 'A93B']	6	-3.2255397	-5.8028216	-7.220889	-1.4180675
BCCDDDCDCADDBCDDABCDABCABDBACBDCAADDCBCABACBCCABCACBCCCCCBDBACACBBCBCBACCACADAACCCBABADBCCAAABBCCBB	['D10A', 'D13B', 'B64C']	3	-3.2266192	-5.5735407	-6.9926863	-1.4191456
BCCDDDCDCCDDDCDDABCDABCABDBACBDCAADDCBCABACBCDABCACBCCCCCCDBADDBBBCBCBADCACACAACCCBABADDACAABBBCCBB	['D10C', 'C46D', 'B58C', 'C62D', 'A63D', 'C72D', 'D77C', 'B88D', 'C89A', 'A93B']	10	-1.4606481	-4.182812	-5.601967	-1.4191546
BCCDDDCDCDBDDCDDABCDABCABDBACBDCAADDBBCABACBCCABCACBCCCCCBDBACBBBBCBCBACCACACAACCCBABADBCCAABBBCCBB	['D11B', 'C37B', 'A63B', 'D77C', 'A93B']	5	-3.2274113	-5.1567345	-6.5766745	-1.41994
BCCDDDCDCCDDBCDDABCDABCABDBACBDCBADDCBCACACBCDAACCCBCACCCBDBADDBBBCBCBBDCBCACAACCBBABADBCCAABBBCCBB	['D10C', 'D13B', 'A33B', 'B41C', 'C46D', 'B48A', 'A50C', 'C54A', 'C62D', 'A63D', 'A71B', 'C72D', 'A74B', 'D77C', 'C82B', 'A93B']	16	-1.4616365	-2.9151106	-4.33525	-1.4201393
BCCDDDCDCDDDBCDDABCDABCABDBACBDCAADDABCABACBCCABCACBCCCCDBDBACDBBBCBCBACCACADAACCDBABADBCCAAABBCCBB	['D13B', 'C37A', 'C57D', 'A63D', 'C82D']	5	-3.2293134	-5.0134854	-6.4353256	-1.4218402
AAADDDCDCCDDBCCDABCDABCABDBACBDCAADDCBCACACBCDABCACBCDCCCBCBACCBBBCBCBADCACACAACCABABADBCCAABBBCCBB	['B1A', 'C2A', 'C3A', 'D10C', 'D13B', 'D15C', 'B41C', 'C46D', 'C54D', 'D59C', 'A63C', 'C72D', 'D77C', 'C82A', 'A93B']	15	-1.4635186	-2.8111014	-4.2331266	-1.4220252
BCCDDDCDCDDDDCDDABCDABCABDBACBDCAADDCBCABACBCCABCACBCCCCCBDBACDBBBCBCBACCACADAACCCBABADBDCAAABBCCBB	['A63D', 'C89D']	2	-3.229814	-5.4735518	-6.895894	-1.4223423
BCCDDDCDCCDDDCDDABCCABCABDBACBDCAACACBCABACBCCABCACBCDCCCBDBACDBBBCBABDABACADAACCCBABADBCBAABBBCCBB	['D10C', 'D20C', 'D35C', 'D36A', 'C54D', 'A63D', 'C69A', 'A71D', 'C72A', 'C73B', 'C90B', 'A93B']	12	-3.2302394	-4.864531	-6.2872944	-1.4227633
BCCDDDCDCCDBDCDDABCDABCABDBACBDCAADDCBCABACBCCABCACBCCCCCBDBACACBBCBCBACCACADAACCCBABADBCCAABBBCCBB	['D10C', 'D12B', 'B64C', 'A93B']	4	-3.2303529	-5.899199	-7.3220778	-1.4228787
BCCDDDCDCCDDBCDDABCDABCABDBACBDCBADDABCABACBCBAACCCBCACCCBDBADCBBBCBCBBDCACACAACCBBABADBCBAACBBCCBB	['D10C', 'D13B', 'A33B', 'C37A', 'C46B', 'B48A', 'A50C', 'C54A', 'C62D', 'A63C', 'A71B', 'C72D', 'D77C', 'C82B', 'C90B', 'A93C']	16	-1.4235182	-3.1669178	-4.5904284	-1.4235106
BCCDDDCDCCDDDCDDABCCABCABDBACBDCAACACBCABACBCCABCCCBCDCCCBDBACDBBBCCABDCDACADAACCCBABADBABAABBBCCBB	['D10C', 'D20C', 'D35C', 'D36A', 'A50C', 'C54D', 'A63D', 'B68C', 'C69A', 'A71D', 'C73D', 'C89A', 'C90B', 'A93B']	14	-3.231122	-4.6447787	-6.068424	-1.4236455
BCCDDDCDCCDDDCDDABBDABCABDBACBDCAADDABCABACBCCABCACBCCCCCBDBACDBBBCBCBACCACACAACCCBABADBCBAABBBCCBB	['D10C', 'C19B', 'C37A', 'A63D', 'D77C', 'C90B', 'A93B']	7	-3.231298	-5.2046714	-6.6284943	-1.4238229
BCCDDDCDCDDBBCDDABCDABCABDBACBDCAACDCBCACACBCCABCACBCCCCDBDCACDCBBCBCBACCACADAACCCBABADBCCAAABBCCBB	['D12B', 'D13B', 'D35C', 'B41C', 'C57D', 'B60C', 'A63D', 'B64C']	8	-4.459092	-3.231556	-5.883172	-1.4240799
BCCDDDCDCDDDBCDDABCDABCABDBACBDCAADDCBCABACBCCABCACBCCCCCBDBACDBBBCBCBACCBCADAACCCBABADBCCAAABBCCBB	['D13B', 'A63D', 'A74B']	3	-3.2319775	-5.2884107	-6.7129173	-1.4245067
BCCDDDCDCBDDCCCDABCAABCABDBACBDCAADACBCACACBBDABCACBCDCCCBDBADDBBBBBCBCBCACADAACCBBABADCCBAABBBCCBB	['D10B', 'D13C', 'D15C', 'D20A', 'D36A', 'B41C', 'C45B', 'C46D', 'C54D', 'C62D', 'A63D', 'C67B', 'A71C', 'C72B', 'C82B', 'B88C', 'C90B', 'A93B']	18	-1.4682407	-2.5333853	-3.960126	-1.4267406
AAADDDCDCDDCDDDDABCDABCABDBACBDCAACDBBCABACBCCABCACBCCCCCBDBACDBBBCBCBACCACADAACCCBABADDCCAABBBCCBB	['B1A', 'C2A', 'C3A', 'D12C', 'C14D', 'D35C', 'C37B', 'A63D', 'B88D', 'A93B']	10	-3.2354503	-5.4667077	-6.894678	-1.4279704
BCCDDDCDCADDDCDDABCDABCABDBACBDCAADDCBCABACBCDABCACBCCCCCBDBACDCBBCBCBADCCCACAACCCBABADBCBAABBBCCBB	['D10A', 'C46D', 'A63D', 'B64C', 'C72D', 'A74C', 'D77C', 'C90B', 'A93B']	9	-1.4694843	-3.2311096	-4.659096	-1.4279861
BCCDDDCDCDDDDCDDABCDABCABDBACBDCAADDCBCABACBCCABCACBCCCCCBDBCCDBBBCBCAACCACADAACCCBABADBCCAAABBCCBB	['A61C', 'A63D', 'B70A']	3	-3.2365694	-5.4648027	-6.8939	-1.4290972
BCCDDDCDCCDDDCDDABCDABCABDBACDDCAACDABCABACBCCABCACBCCCCCBDBACDCBBCBCBACCACADAACCCBABADCCCAABBBCCBB	['D10C', 'B30D', 'D35C', 'C37A', 'A63D', 'B64C', 'B88C', 'A93B']	8	-3.2366085	-7.831316	-9.260451	-1.4291353
BCCDDDCDCDDDDCDDABCDABCABDBACBDCAADDCBCABACBCCABCACBCCCCCBDBACDBBBCBCBAACACADAACCCBABADBCCAAABBCCBB	['A63D', 'C72A']	2	-3.238719	-5.271082	-6.7023277	-1.4312458
BCCDDDCDCDDDDCDDABCCABCABDBACBDDAACABBCABACBCDABCACBCCCCCBDBACDBBBCBCBCCCACACAACCBBABADBCCAAABBCCBB	['D20C', 'C32D', 'D35C', 'D36A', 'C37B', 'C46D', 'A63D', 'A71C', 'D77C', 'C82B']	10	-1.4743013	-2.2935815	-3.726386	-1.4328046
BCCDDDCDCDDDDCDDABCDABCABDBACBDCAADDABCABACBCCABCACBCCCCCBDBADDBBBCBCBACCACACAACCCBABADBCBAABBBCCBB	['C37A', 'C62D', 'A63D', 'D77C', 'C90B', 'A93B']	6	-3.241057	-5.34532	-6.778905	-1.4335847
BCCDDDCDCCDDDCDDABCDABCABDBACBDCAADDCBCACACBCDABCACBCCCCCBDBADDBBBCBCBABBACACAACCCBACADBCBAABBBCCBB	['D10C', 'B41C', 'C46D', 'C62D', 'A63D', 'C72B', 'C73B', 'D77C', 'B85C', 'C90B', 'A93B']	11	-3.3479724	-1.4750929	-4.7815695	-1.4335971
BCCDDDCDCDDDDCDDABCDABCABDBACBDCAADDCBCACACBCCABCACBCCCCCBDBACDBBBCBACBACACADAACCCBABADBCBAABBBCCBB	['B41C', 'A63D', 'C69A', 'B70C', 'A71B', 'C72A', 'C90B', 'A93B']	8	-3.2416692	-5.159602	-6.593792	-1.4341898
BCCDDDCDCDDDDCDDABCAABCABDBACBDCAADDABCACACBCDABCACBCCCCCBDBADDCBBCBCBACACCACAACCCBABADBCBAABBBCCBB	['D20A', 'C37A', 'B41C', 'C46D', 'C62D', 'A63D', 'B64C', 'C73A', 'A74C', 'D77C', 'C90B', 'A93B']	12	-1.4765863	-2.4181128	-3.8532019	-1.4350891
BCCDDDCDCCDDDCDDABCDABCABDBACBDCAADDCBDABACBCDABCACBCDCCCBDBACDBBBCBDBBCCACACAACCABABADBCBAABBBCCBB	['D10C', 'C39D', 'C46D', 'C54D', 'A63D', 'C69D', 'A71B', 'D77C', 'C82A', 'C90B', 'A93B']	11	-1.4773674	-3.3241034	-4.7599716	-1.4358683
BCCDDDCDCBACBCCDABAAABCABDBACBDCAAAACBCABACBCDABCACBCDCCCBDBACDBBBCBCBBBBACADAACCCBBBADBCBAABBBCCBB	['D10B', 'D11A', 'D12C', 'D13B', 'D15C', 'C19A', 'D20A', 'D35A', 'D36A', 'C46D', 'C54D', 'A63D', 'A71B', 'C72B', 'C73B', 'A84B', 'C90B', 'A93B']	18	-1.4778557	-2.306355	-3.742712	-1.436357
BCCDDDCDCADDBCCDAACDABCABDBACBDCAADACBCABADBCBAACACBCDCCCBDBADDBBBCBCBACCACADAACCBBABADBBCAAABBCCBB	['D10A', 'D13B', 'D15C', 'B18A', 'D36A', 'C43D', 'C46B', 'B48A', 'C54D', 'C62D', 'A63D', 'C82B', 'C89B']	13	-1.4367752	-3.363512	-4.8002796	-1.4367676
BCCDDDCDCDDDBCDDABCDABCABDBACBDCAADDCBCABACBCCABCACBCCCCCBDBACDCBBCBCBACCACADAACCCBABADBCCAAABBCCBB	['D13B', 'A63D', 'B64C']	3	-3.2445164	-5.4263234	-6.863367	-1.4370437
BCCDDDCDCCDDDCDDABCCABCABDBACBDCAACABBCABACBCBAACACBCDCCCBDBADCABBCBCBBCCACADAACCBBABADBCBAABBBCCBB	['D10C', 'D20C', 'D35C', 'D36A', 'C37B', 'C46B', 'B48A', 'C54D', 'C62D', 'A63C', 'B64A', 'A71B', 'C82B', 'C90B', 'A93B']	15	-1.4374642	-2.892467	-4.3299217	-1.4374547
BCCDDDCDCCADDCCDADBAABCABDBACBDCAADABBCABACBCDABCACBCCDCCBDBACABBBCBCCBCCACADACCCCBBBADACBAAABBCCBB	['D10C', 'D11A', 'D15C', 'B18D', 'C19B', 'D20A', 'D36A', 'C37B', 'C46D', 'C55D', 'B70C', 'A71B', 'A79C', 'A84B', 'B88A', 'C90B']	16	0.32830238	-2.4815826	-3.9192572	-1.4376745
BCCDDDCDCDDDDDDDABADABCABDBACBDCAACDABCABACBCCABCACBCCCCCBDBACDBBBCBCBCCCACADAACCABABADBCCAAABBCCBB	['C14D', 'C19A', 'D35C', 'C37A', 'A63D', 'A71C', 'C82A']	7	-3.245428	-4.51227	-5.9502277	-1.4379578
BCCDDDCDCCDDBCDDABCCABCABDBACBDCAACACBCABACBCCABCACBCCCCCBDCCDDBBBCBCBADCACADAACCCBABADDCCAABBBCCBB	['D10C', 'D13B', 'D20C', 'D35C', 'D36A', 'B60C', 'A61C', 'C62D', 'A63D', 'C72D', 'B88D', 'A93B']	12	-3.246117	-5.2749968	-6.7136374	-1.4386406
BCCDDDCDCDDDDCDDABCDABCABDBACBDCAADDCBCABACBCCABCACBCCCCDBDBACDBBBCBBBACCACACAACCCBABADBCCAAABBCCBB	['C57D', 'A63D', 'C69B', 'D77C']	4	-4.7194633	-3.246626	-6.158614	-1.4391508
AAADDDCDCDDDDCDDABCDABCABDBACBDCAADDCBCABACBCCABCACBCCCCDBDBACDCBBCBCBACCACADAACCCBABADBCCAAABBCCBB	['B1A', 'C2A', 'C3A', 'C57D', 'A63D', 'B64C']	6	-3.2471046	-3.6702251	-5.1098557	-1.4396305
BCCDDDCDCDDDDCDDABCDABCABDBACBDCAADDCBCACACBCCABCACBCCCCCBDBACDBBBCBCBCCCACACAACCCBABADBCBAABBBCCBB	['B41C', 'A63D', 'A71C', 'D77C', 'C90B', 'A93B']	6	-3.247231	-4.9093204	-6.349077	-1.4397569
AAADDDCDCDDDDCDDABCDABCABDBACBDCBADDCBCABACBCCABCACBCCCCCBDBACDBBBBBCBACCACADAACCCBABADBCCAAABBCCBB	['B1A', 'C2A', 'C3A', 'A33B', 'A63D', 'C67B']	6	-3.2474146	-4.653484	-6.093422	-1.4399381
BCCDDDCDCDDDBCDDABCDABCABDBACBDCAADDCBCABACBCCABCACBCCCCCBDBACDBBBCBCBACCACACAACCCBABADBCCACABBCCBB	['D13B', 'A63D', 'D77C', 'A92C']	4	-3.2479544	-5.4515595	-6.892043	-1.4404836
BCCDDDCDCCDCDDDBABCDABCABDBACBDCBADDBBCABACBCDABCACBCDDCCBDBADDBBBABCBBDCACACAACCABABADBCBCAABBCCBB	['D10C', 'D12C', 'C14D', 'D16B', 'A33B', 'C37B', 'C46D', 'C54D', 'C55D', 'C62D', 'A63D', 'C67A', 'A71B', 'C72D', 'D77C', 'C82A', 'C90B', 'A91C']	18	0.32467937	-1.0729485	-2.514245	-1.4412966
BCCDDDCDCBDDDCDDABCDABCABDBACBDCAACCBBCABACBCBABCACBCCCCCBDBADDDBBCBCBACCACADAACCCBDBADBCBAAABBCCBB	['D10B', 'D35C', 'D36C', 'C37B', 'C46B', 'C62D', 'A63D', 'B64D', 'A84D', 'C90B']	10	-1.4421945	-3.2614484	-4.703639	-1.4421906
BCCDDDCDCBDDDCDDABCDABCABDBACBDCAACCBBCABACBCBABCACBCCCCCBDBADDDBBCBCBACCACADAACCCBDBADBCBAAABBCCBB	['D10B', 'D35C', 'D36C', 'C37B', 'C46B', 'C62D', 'A63D', 'B64D', 'A84D', 'C90B']	10	-1.4421945	-3.2614484	-4.703639	-1.4421906
BCCDDDCDCDDDDCDDABCDABCABDBACBDCAADDCBCABACBCBABCACBCDCCCBDBACACBBCBCBACCACADAACCBBABADBCCAAABBCCBB	['C46B', 'C54D', 'B64C', 'C82B']	4	-1.4430761	-3.3241358	-4.767208	-1.4430723
BCCDDDCDCCDDDCDDABCCABCABDBACDDCAACCCBCABACBCCABCACBCCCCCBDBCDDBBBCBCBACCCCACAACCCBABADCCCAABBBCCBB	['D10C', 'D20C', 'B30D', 'D35C', 'D36C', 'A61C', 'C62D', 'A63D', 'A74C', 'D77C', 'B88C', 'A93B']	12	-3.2511773	-6.1303267	-7.574033	-1.443706
BCCDCDCDCADDDCDDABCDABCABDBACBDCAADDCBCABACBCCABCACBCCCCCBDBADCBBBCBCBACBACADAACCCBABADBCBAAABBCCBB	['D5C', 'D10A', 'C62D', 'A63C', 'C73B', 'C90B']	6	-3.2513256	-4.5767508	-6.020602	-1.4438515
BCCDDDCDCBDDDCDDABCAABCABDBACBDCAADDABCABACBCDABCACBCDDCDBDBACDBBBBBCBBBDACACAACCCBBCADBCBAABBBCCBB	['D10B', 'D20A', 'C37A', 'C46D', 'C54D', 'C55D', 'C57D', 'A63D', 'C67B', 'A71B', 'C72B', 'C73D', 'D77C', 'A84B', 'B85C', 'C90B', 'A93B']	17	0.3211341	-1.0401726	-2.485011	-1.4448385
BCCDDDCDCDDDDCDDABCAABCABDBACDDCAACACBCABACBCCABCACBCCCCCBDBADDBBBCBCBBCCBCADAACCCBABADCCCAAABBCCBB	['D20A', 'B30D', 'D35C', 'D36A', 'C62D', 'A63D', 'A71B', 'A74B', 'B88C']	9	-3.2538657	-7.053255	-8.499647	-1.446392
AAADDDCDCADDBCDDACCDABCABDBACBDCAACACBCACACBCCABCACBCCCCDBDBDDABBBCBCBACCCCACAACCCBABADBDBAAABBCCBB	['B1A', 'C2A', 'C3A', 'D10A', 'D13B', 'B18C', 'D35C', 'D36A', 'B41C', 'C57D', 'A61D', 'C62D', 'A74C', 'D77C', 'C89D', 'C90B']	16	-4.1685257	-3.254548	-5.6155987	-1.447073
BCCDDDCDCCDDBCDDABCDABCABDBACDDCAACACBCACACBCCABCACBCCCCCBDBACDBBBCBDBCACACADAACCCBABADCCBADABBCCBB	['D10C', 'D13B', 'B30D', 'D35C', 'D36A', 'B41C', 'A63D', 'C69D', 'A71C', 'C72A', 'B88C', 'C90B', 'A92D']	13	-3.2551746	-6.3424015	-7.790102	-1.4477005
BCCDDDCDCDDDDCDDABCDABCABDBACBDCAADDCBCABACBCCABCACBCCCCCBDBACDBBBCBCBACCACADAACCCBABADBCBAAABBCCBB	['A63D', 'C90B']	2	-3.2553163	-5.1709566	-6.6187983	-1.4478416
BCCDDDCDCDDDDCDDABCDABCABDBACBDCAADDCBCABACBCCABCACBCCCCCBDBACDBBBCBCBACCACADAACCCBABADBCBAAABBCCBB	['A63D', 'C90B']	2	-3.2553163	-5.1709566	-6.6187983	-1.4478416
BCCDDDCDCDDDDCDDABCDABCABDBACBDCAADDCBCABACBCCABCACBCCCCCBDBACDBBBCBCBACCACADAACCCBABADBCBAAABBCCBB	['A63D', 'C90B']	2	-3.2553163	-5.1709566	-6.6187983	-1.4478416
BCCDDDCDCDDDDCDDABCDABCABDBACBDCAADDCBCABACBCCABCACBCCCCCBDBACDBBBCBCBACCACADAACCCBABADBCBAAABBCCBB	['A63D', 'C90B']	2	-3.2553163	-5.1709566	-6.6187983	-1.4478416
BCCDDDCDCCDDDCDCABCDABCABDBACBDCAADDCBAABACBCCABCACBCCCCDBDBABCCBBCBCBACCACADAACCCBABADBCCAAABBCCBB	['D10C', 'D16C', 'C39A', 'C57D', 'C62B', 'A63C', 'B64C']	7	-4.1325455	-3.2557592	-5.5808334	-1.448288
BCCDDDCDCDDDDCDDABCDABCABDBACBDCAADDCBCACACBCCABCACBCCCCCBDBACCCBBCBCBACCACADAACCCBABADBCBAAABBCCBB	['B41C', 'A63C', 'B64C', 'C90B']	4	-3.257791	-5.1947193	-6.645035	-1.4503155
AAADDDCDCBACDACBABBAABCABDBACBDCAADACBCABACBCDBBCACBCDCCCBDBACDCBBCBCBBDDACADAACCCBBCADBCBDABBBCCBB	['B1A', 'C2A', 'C3A', 'D10B', 'D11A', 'D12C', 'C14A', 'D15C', 'D16B', 'C19B', 'D20A', 'D36A', 'C46D', 'A47B', 'C54D', 'A63D', 'B64C', 'A71B', 'C72D', 'C73D', 'A84B', 'B85C', 'C90B', 'A91D', 'A93B']	25	-1.492909	-1.9650011	-3.4164171	-1.451416
AAADDDCDCCDDDCCDABCDABCABDBACBDCAACACBCABACBCCABCACBCCCCCBDBACDBBBCBCBACCACADAACCCBABADBCBAAABBCCBB	['B1A', 'C2A', 'C3A', 'D10C', 'D15C', 'D35C', 'D36A', 'A63D', 'C90B']	9	-3.2589889	-4.869988	-6.321499	-1.4515109
BCCDDDCDCDDDBCCDABCDABCABDBACBDCAADDCBCACACBCCABCACBCCCCCBDBACACBBCBCCACCACADAACCABABADBCCAAABBCCBB	['D13B', 'D15C', 'B41C', 'B64C', 'B70C', 'C82A']	6	-3.25907	-5.2003894	-6.651987	-1.4515977
BCCDDDCDCCDDBCDDABCDABCABDBACBDCBADDCBCABACBCDABCACBCBCCCBDCADDDBBCBCBACCCCACAACCCBACADBCBAABBBCCBB	['D10C', 'D13B', 'A33B', 'C46D', 'C54B', 'B60C', 'C62D', 'A63D', 'B64D', 'A74C', 'D77C', 'B85C', 'C90B', 'A93B']	14	-1.4933724	-2.3917112	-3.843583	-1.4518719
BCCDDDCDCCDDDCDDABCDABCABDBACBDDAACACBCABACBCDABCACBCCCCCBDBACDCBBCBCBBCBACADAACCCBBBADBCBAAABBCCBB	['D10C', 'C32D', 'D35C', 'D36A', 'C46D', 'A63D', 'B64C', 'A71B', 'C73B', 'A84B', 'C90B']	11	-1.4942122	-3.9094577	-5.362178	-1.4527202
BCCDDDCDCCDDDCDDABCDABCABDBACBDDAACACBCABACBCDABCACBCCCCCBDBACDCBBCBCBBCBACADAACCCBBBADBCBAAABBCCBB	['D10C', 'C32D', 'D35C', 'D36A', 'C46D', 'A63D', 'B64C', 'A71B', 'C73B', 'A84B', 'C90B']	11	-1.4942122	-3.9094577	-5.362178	-1.4527202
AAAADDCDCDDDDCDDCBCDABCABDBACBDCAADDCBCABACBCCABCACBCCCCDBDCACDBBBCBCBACCACADAACCCBABADBCCAAABBCCBB	['B1A', 'C2A', 'C3A', 'D4A', 'A17C', 'C57D', 'B60C', 'A63D']	8	-3.9461079	-3.261325	-5.399955	-1.4538469
BCCDDDCDCDDCDCDDABBDABCABDBACBDCAADDCBCACACBCCABCACBCCCCCBDBACDCBBBBCBACCACADAACCCBABADBCCADABBCCBB	['D12C', 'C19B', 'B41C', 'A63D', 'B64C', 'C67B', 'A92D']	7	-3.262395	-3.8798895	-5.3348103	-1.4549208
AAADDDCDCDDDBCDDABCDABCABDBACBDDAADDABCABABBCDBBCACBCCCCDBDBACDCBBCBCBACAACADAACCCBABADBABAAABBCCBB	['B1A', 'C2A', 'C3A', 'D13B', 'C32D', 'C37A', 'C43B', 'C46D', 'A47B', 'C57D', 'A63D', 'B64C', 'C73A', 'C89A', 'C90B']	15	-1.9057083	-1.4969983	-3.3612146	-1.4555063
BCCDDDCDCDDDDCDDABCCABCABDBACBDCAADDBBCABACBCCABCACBCCCCCBDBACCBBBCBCBBCCACADAACCCBABADBCCAABBBCCBB	['D20C', 'C37B', 'A63C', 'A71B', 'A93B']	5	-3.2641954	-5.5294504	-6.986169	-1.4567184
BCCDDDCDCDDDDCDDABCCABCABDBACBDCAADDBBCABACBCCABCACBCCCCCBDBACCBBBCBCBBCCACADAACCCBABADBCCAABBBCCBB	['D20C', 'C37B', 'A63C', 'A71B', 'A93B']	5	-3.2641954	-5.5294504	-6.986169	-1.4567184
BCCDDDCDCDDDDCDDABCDABCABDBACBDCAACDABCABACBCCABCACBCCCCCBDBACDCBBCBCBACCACADAACCCBABADBCBAAABBCCBB	['D35C', 'C37A', 'A63D', 'B64C', 'C90B']	5	-3.264833	-5.6185527	-7.0759134	-1.4573607
AAADDDCDCCADBCDDABCDABCABDBACBDDBACAABCACACBCDBBCACBCBDCCBDBADDBBBCBCBCBAACADAACCCBBBADBCBAAABBCCBB	['B1A', 'C2A', 'C3A', 'D10C', 'D11A', 'D13B', 'C32D', 'A33B', 'D35C', 'D36A', 'C37A', 'B41C', 'C46D', 'A47B', 'C54B', 'C55D', 'C62D', 'A63D', 'A71C', 'C72B', 'C73A', 'A84B', 'C90B']	23	0.308393	-0.88003874	-2.3376236	-1.4575849
AAADDDCDCDDDDCDDABCDABCABDBACBDCAADDCBCABACBCCABCACBCCCCCBDBACCCBBCBCBACCACACAACCCBABADBCCAAABBCCBB	['B1A', 'C2A', 'C3A', 'A63C', 'B64C', 'D77C']	6	-3.266633	-5.314022	-6.773181	-1.4591589
AAADDDCDCDDDDCDDABCDABCABDBACBDCAADDCBCABACBCCABCACBCCCCCBDBACCCBBCBCBACCACACAACCCBABADBCCAAABBCCBB	['B1A', 'C2A', 'C3A', 'A63C', 'B64C', 'D77C']	6	-3.266633	-5.314022	-6.773181	-1.4591589
BCCDDDCDCCDDDCCDABCCABCABDBACBDCAACACBCABACBCAAACACBCACCCBDBADDBBBCBCBBCCACADAACCBBABADBCBAACBBCCBB	['D10C', 'D15C', 'D20C', 'D35C', 'D36A', 'C46A', 'B48A', 'C54A', 'C62D', 'A63D', 'A71B', 'C82B', 'C90B', 'A93C']	14	-1.2114697	-2.356358	-3.8157053	-1.4593472
BCCDDDCDCCDDDCDDABCDABCABDBACBDDAADDCBCACACBCDBBCACBCCCCCBDBADDCBBCBCBACCACADAACCCBACADBCBAABBBCCBB	['D10C', 'C32D', 'B41C', 'C46D', 'A47B', 'C62D', 'A63D', 'B64C', 'B85C', 'C90B', 'A93B']	11	-1.5038466	-2.248786	-3.7111406	-1.4623547
BCCDDDCDCCDDDCDDABCDABCABDBACBDCAADDCBCABACBCDAACACBCACCCBDBADDBBBCBCBBCCACACAACCBBABADBCCAABBBCCBB	['D10C', 'C46D', 'B48A', 'C54A', 'C62D', 'A63D', 'A71B', 'D77C', 'C82B', 'A93B']	10	-1.504303	-3.403473	-4.8662786	-1.4628057
AAADDDCDCCDDBCDDABCCABCABDBACBDCBADACBCABACBCDABCCCBCDCCCBDBADDBBACBCBBCCACADAACCABABADBCCAAABBCCBB	['B1A', 'C2A', 'C3A', 'D10C', 'D13B', 'D20C', 'A33B', 'D36A', 'C46D', 'A50C', 'C54D', 'C62D', 'A63D', 'B66A', 'A71B', 'C82A']	16	-1.5047002	-1.8690348	-3.332241	-1.4632063
BCCDDDCDCCDDBCDDABCAABCABDBACBDCAADDCBCABACBCDABCACBCCCCCBDBACDCBBCBCBACCACADAACCCBABADDCCAABBBCCBB	['D10C', 'D13B', 'D20A', 'C46D', 'A63D', 'B64C', 'B88D', 'A93B']	8	-1.5057073	-4.52387	-5.988078	-1.4642081
BCCDDDCDCCDDBCDDABCAABCABDBACBDCAADDCBCABACBCDABCACBCCCCCBDBACDCBBCBCBACCACADAACCCBABADDCCAABBBCCBB	['D10C', 'D13B', 'D20A', 'C46D', 'A63D', 'B64C', 'B88D', 'A93B']	8	-1.5057073	-4.52387	-5.988078	-1.4642081
BCCDDDCDCDDDDCDDABCDABCABDBACBDCAACACBCABACBCCABCACBCCCCCBDBACDBBBCBCBBCCACADAACCCBABADBCBAABBBCCBB	['D35C', 'D36A', 'A63D', 'A71B', 'C90B', 'A93B']	6	-3.2725377	-5.9425054	-7.407567	-1.4650617
BCCDDDCDCCDDDCCDABCDABCABDBACBDCAACCBBCABACBCCABCACBCCCCCBDCADDBBBCBCBBCBACACAACCCBBCADBCBAAABBCCBB	['D10C', 'D15C', 'D35C', 'D36C', 'C37B', 'B60C', 'C62D', 'A63D', 'A71B', 'C73B', 'D77C', 'A84B', 'B85C', 'C90B']	14	-3.2725754	-4.118547	-5.5836487	-1.4651017
BCCDDDCDCADDDCCDABCDABCABDBACBDCAADDBBCABACBCCABCACBCCCCCBDBADCBBBCBCBACCACACAACCCBABADBCCAAABBCCBB	['D10A', 'D15C', 'C37B', 'C62D', 'A63C', 'D77C']	6	-3.273695	-4.3571234	-5.823346	-1.4662228
BCCDDDCDCDDDDCCDAACDABCABDBACBDCAADDCBCABACBCCABCACBCCCCCBDBACDBBBCBCBACCACACAACCCBABADBCCAABBBCCBB	['D15C', 'B18A', 'A63D', 'D77C', 'A93B']	5	-3.274024	-5.932667	-7.3992157	-1.4665489
BCCDDDCDCDDDDCCDABCCABCABDBACBDCAADDCBCABACBCCABCACBCCCCCBDBACDBBBCBCBACCACADAACCCBABADBCCAAABBCCBB	['D15C', 'D20C', 'A63D']	3	-3.2740297	-5.081511	-6.5480633	-1.4665523
BCCDDDCDCDDDDCDDABCDABCABDBACBDCAADDCBCABACBCBABCACBCDCCCBDBADACBBCBCBACCACADAACCBBABADBCCAAABBCCBB	['C46B', 'C54D', 'C62D', 'B64C', 'C82B']	5	-1.4678841	-2.880598	-4.34848	-1.4678822
BCCDDDCDCDDDBCDDABCDABCABDBACDDCAADDABCABACBCCABCACBCCCCCBDBACDBBBCBCBBCCACACAACCCBABADCCCAABBBCCBB	['D13B', 'B30D', 'C37A', 'A63D', 'A71B', 'D77C', 'B88C', 'A93B']	8	-3.2759566	-7.933556	-9.402044	-1.4684882
AAADDDCDCCCDBCDDABBCABCABDBACBDDAACACBCABADBCDBBCACBCBCCCBDBACDBBBCBCBDBBACACAACCDBABADBABAABBBCCBB	['B1A', 'C2A', 'C3A', 'D10C', 'D11C', 'D13B', 'C19B', 'D20C', 'C32D', 'D35C', 'D36A', 'C43D', 'C46D', 'A47B', 'C54B', 'A63D', 'A71D', 'C72B', 'C73B', 'D77C', 'C82D', 'C89A', 'C90B', 'A93B']	24	-3.4543495	-1.5106888	-4.923547	-1.4691973
BCCDDDCDCBDDDCDDABCDABCABDBACBDCBADDCBCABACBCDABCACBBCCCCBDBACCBBBCBCBACCCCADAACCCBBBADBDCAAABBCCBB	['D10B', 'A33B', 'C46D', 'C53B', 'A63C', 'A74C', 'A84B', 'C89D']	8	-1.5145593	-3.667581	-5.140649	-1.4730678
BCCDDDCDCDDDDCDDABCDABCABDBACBDCAADDBBCABACBCCABCACBCCCCCBDBACDBBBCBCBACCACACAACCCBABADBCBAABBBCCBB	['C37B', 'A63D', 'D77C', 'C90B', 'A93B']	5	-3.2834744	-5.0745015	-6.5505	-1.4759984
BCCDDDCDCDDDDCDDABCDABCABDBACBDCAADDBBCABACBCCABCACBCCCCCBDBACDBBBCBCBACCACACAACCCBABADBCBAABBBCCBB	['C37B', 'A63D', 'D77C', 'C90B', 'A93B']	5	-3.2834744	-5.0745015	-6.5505	-1.4759984
BCCDDDCDCDDDDCCDABBDABCABDBACBDCAADDABCABACBCCABCACBCCCCDBDBACDBBBCBBBACCACADAACCCBABADBCCAAABBCCBB	['D15C', 'C19B', 'C37A', 'C57D', 'A63D', 'C69B']	6	-4.896652	-3.283556	-6.372735	-1.4760828
AAADDDCDCDDDDCDDABCDABCABDBACBDCAADDCBCABACBCCABCACBCCCCCBDBADDBBBCBCBACCACADAACCCBABADBCCAABBBCCBB	['B1A', 'C2A', 'C3A', 'C62D', 'A63D', 'A93B']	6	-3.2840805	-4.879328	-6.355933	-1.4766054
BCCDDDCDCDDDDCDDABCDABCABDBACBDCAADDCBCACACBCCABCACBCCCCCBDBACDBBBCBCBAACACACAACCCBABADBCCAABBBCCBB	['B41C', 'A63D', 'C72A', 'D77C', 'A93B']	5	-3.284132	-5.138035	-6.614691	-1.476656
BCCDDDCDCCDDDCDDABCDABCABDBACBDCAADDCBCABACBCBAACACBCACCCBDCCDDBBBCBCBBDCACACAACCBBABADBCBAABBBCCBB	['D10C', 'C46B', 'B48A', 'C54A', 'B60C', 'A61C', 'C62D', 'A63D', 'A71B', 'C72D', 'D77C', 'C82B', 'C90B', 'A93B']	14	-1.4792266	-2.5689383	-4.0481577	-1.4792194
BCCDDDCDCDDDDCDDABCDABCABDBACBDCAADDCBCABACBCCABCACBCBCCCBDCACDBBBCBCBCBCACACAACCCBABADBCBAABBBCCBB	['C54B', 'B60C', 'A63D', 'A71C', 'C72B', 'D77C', 'C90B', 'A93B']	8	-3.2867055	-4.2731237	-5.7523518	-1.479228
BCCDDDCDCCDDDCDDABCDABCABDBACBDCAADDCBCABACBCBAACACBCACCCBDBACDBBBCBCBBCCACACAACCBBABADBCCAABBBCCBB	['D10C', 'C46B', 'B48A', 'C54A', 'A63D', 'A71B', 'D77C', 'C82B', 'A93B']	9	-1.479495	-3.8055205	-5.2850056	-1.479485
BCCDDDCDCCDDDCDDABCCABCABDBACBDCAACABBCABACBCCABCACBCCCCDBDBACDBBBCBCBBCBACADAACCCBBBADBCBAABBBCCBB	['D10C', 'D20C', 'D35C', 'D36A', 'C37B', 'C57D', 'A63D', 'A71B', 'C73B', 'A84B', 'C90B', 'A93B']	12	-3.2882323	-3.9409308	-5.421686	-1.4807553
BCCDDDCDCBDBBCDDABCCABCABDBACBDDBACCBBCABAABCDBBCACBCCCCCBDBADDBBBCBCBCABACACAACCCBBBADBCBAAABBCCBB	['D10B', 'D12B', 'D13B', 'D20C', 'C32D', 'A33B', 'D35C', 'D36C', 'C37B', 'C43A', 'C46D', 'A47B', 'C62D', 'A63D', 'A71C', 'C72A', 'C73B', 'D77C', 'A84B', 'C90B']	20	-1.5223293	-2.0291615	-3.5100002	-1.4808388
BCCDDDCDCDDBDCDDABCDABCABDBACBDCAADDCBCABACBCCABCACBCCCCCBDBACDBBBCBCBACCACADAACCCBABADBCBAAABBCCBB	['D12B', 'A63D', 'C90B']	3	-3.288714	-4.8897457	-6.370984	-1.4812384
BCCDDDCDCDDDBCDDACCAABCABDBACBDCAADDCBCABACBCCABCACBCACCCBDBACDBBBCBCBBDCACACAACCCBABADBCBAAABBCCBB	['D13B', 'B18C', 'D20A', 'C54A', 'A63D', 'A71B', 'C72D', 'D77C', 'C90B']	9	-3.289606	-4.9589176	-6.4410486	-1.482131
BCCDDDCDCCDDDCDDABCDABCABDBACBDCBADDCBCABACBCBABCACBCDCCCBDBACDBBBCBCBBCBACACAACCCBBBADBCBAABBBCCBB	['D10C', 'A33B', 'C46B', 'C54D', 'A63D', 'A71B', 'C73B', 'D77C', 'A84B', 'C90B', 'A93B']	11	-1.4834089	-3.6054301	-5.088831	-1.4834008
AAADDDCDCDDDDCDDABCDABCABDBACBDCAADDCBCABACBCCABCACBCBCCCBDBACBBBBCBCBACCACACAACCCBABADBCCAAABBCCBB	['B1A', 'C2A', 'C3A', 'C54B', 'A63B', 'D77C']	6	-3.2917051	-4.373039	-5.8572664	-1.4842277
BCCDDDCDCCDDDCCDABCDABCABDBACBDCAADABBCACACBCDABCACBCDCCCBDBADACBBCBCBACCACADAACCBBABADBCCAABBBCCBB	['D10C', 'D15C', 'D36A', 'C37B', 'B41C', 'C46D', 'C54D', 'C62D', 'B64C', 'C82B', 'A93B']	11	-1.5257978	-2.5498815	-4.0341845	-1.484303
BCCDDDCDCCDDDCDDABCDABCABDBACBDCAADDCBCABACBCCABCACBCCCCCBDBACABBBCBCBACCACADAACCCBABADBCBAABBBCCBB	['D10C', 'C90B', 'A93B']	3	-3.292398	-5.9213734	-7.406296	-1.4849224
BCCDDDCDCDDDDCDDABCDABCABDBACBDCAACACBCACACBCCABCACBCDCCDBDBACDBBBCBCBBDCACADAACCCBABADBCBAABBBCCBB	['D35C', 'D36A', 'B41C', 'C54D', 'C57D', 'A63D', 'A71B', 'C72D', 'C90B', 'A93B']	10	-3.292745	-4.1067257	-5.5919952	-1.4852695
BCCDDDCDCDDDDCDDABCDABCABDBACBDCAACACBCACACBCCABCACBCDCCDBDBACDBBBCBCBBDCACADAACCCBABADBCBAABBBCCBB	['D35C', 'D36A', 'B41C', 'C54D', 'C57D', 'A63D', 'A71B', 'C72D', 'C90B', 'A93B']	10	-3.292745	-4.1067257	-5.5919952	-1.4852695
BCCDDDCDCDDCDCDDABBAABCABDBACBDCAADCBBCABACBCCABCACBCCCCCBDBACDBBBCBCBBCCACADAACCCBABADBCBAABBBCCBB	['D12C', 'C19B', 'D20A', 'D36C', 'C37B', 'A63D', 'A71B', 'C90B', 'A93B']	9	-3.2935653	-4.757421	-6.2435093	-1.4860883
BCCDDDCDCDDDDCDDABCDABCABDBACBDCAADDCBCABACBCCABCACBCCCCCBDBADDBBCCBCBACCACACAACCCBABADBCCAABBBCCBB	['C62D', 'A63D', 'B66C', 'D77C', 'A93B']	5	-3.2938042	-4.649538	-6.135872	-1.4863338
BCCDDDCDCCDDBCCDABCAABCABDBACBDCAADDCBCABACBCDBBCACBCDDCCBDBADDBBBBBCBABAACACAACCCBBBADBCBAABBBCCBB	['D10C', 'D13B', 'D15C', 'D20A', 'C46D', 'A47B', 'C54D', 'C55D', 'C62D', 'A63D', 'C67B', 'C72B', 'C73A', 'D77C', 'A84B', 'C90B', 'A93B']	17	0.27903652	-1.5420456	-3.0289822	-1.4869366
BCCDDDCDCDDDDCDDABCDABCABDBACBDDAADDBBCABADBCDBBCACBCCCCCBDBACACBBCBCBACCACADAACCBBABADBCCAAABBCCBB	['C32D', 'C37B', 'C43D', 'C46D', 'A47B', 'B64C', 'C82B']	7	-1.5285683	-2.3884058	-3.8754835	-1.4870777
BCCDDDCDCADDDCDDABCDABCABDBACBDCAADDCBCACACBCCABCACBCCCCCBDBACDBBBCBDBCBCACACAACCCBABADBCBAAABBCCBB	['D10A', 'B41C', 'A63D', 'C69D', 'A71C', 'C72B', 'D77C', 'C90B']	8	-3.29502	-3.5420685	-5.0296106	-1.4875422
AAADDDCDCCDDDCDDABCCABCABDBACBDCAACABBCACACBCCABCACBCDCCCBDCADDBBBCBCBBCBACADAACCCBABADBCBAABBBCCBB	['B1A', 'C2A', 'C3A', 'D10C', 'D20C', 'D35C', 'D36A', 'C37B', 'B41C', 'C54D', 'B60C', 'C62D', 'A63D', 'A71B', 'C73B', 'C90B', 'A93B']	17	-3.40982	-3.296369	-4.898712	-1.4888921
BCCDDDCDCCDDDCDDABCAABCABDBACBDCAACACBCACACBCDABCACBBCCCCBDBADDBBBCBBBBCCACADAACCCBABADBCBAAABBCCBB	['D10C', 'D20A', 'D35C', 'D36A', 'B41C', 'C46D', 'C53B', 'C62D', 'A63D', 'C69B', 'A71B', 'C90B']	12	-4.1048846	-1.530427	-5.5938177	-1.4889331
BCCDDDCDCBCDBCDDABAAABCABDBACBDCAADACBCABACBCDABCACBCDCCCBDBACDBBBCBACCCCACADAACCBBABADBACCAABBCCBB	['D10B', 'D11C', 'D13B', 'C19A', 'D20A', 'D36A', 'C46D', 'C54D', 'A63D', 'C69A', 'B70C', 'A71C', 'C82B', 'C89A', 'A91C']	15	-2.5559273	-1.5306444	-4.0450764	-1.4891491
BCCDDDCDCDDDBDCDABCAABCABDBACBDCAADABBCABACBCCABCACBCCCCCBDBADDCBBCBCBACCACADAACCCBABADBCBAAABBCCBB	['D13B', 'C14D', 'D15C', 'D20A', 'D36A', 'C37B', 'C62D', 'A63D', 'B64C', 'C90B']	10	-3.2973242	-4.561758	-6.051606	-1.4898481
BCCDDDCDCDDDDCDDABCCABCABDBACBDCAADACBCABACBCCABCACBCCCCCBDBADBBBBCBCBACCACADAACCDBABADBCCAAABBCCBB	['D20C', 'D36A', 'C62D', 'A63B', 'C82D']	5	-3.2977538	-5.3845105	-6.874789	-1.4902787
BCCDDDCDCADDBCDDABCAABCABDBACBDCAADDCBCACACBCDABCACBCCCCCBDBACDCBBCBCBACCACADAACCABABADBCCAAABBCCBB	['D10A', 'D13B', 'D20A', 'B41C', 'C46D', 'A63D', 'B64C', 'C82A']	8	-1.5320354	-2.2470875	-3.7376251	-1.4905376
AAADDDCDCDDDDCDDACCDABCABDBACBDCAACDBBCABACBCCABCACBCCCCCBDBACDBBBCBCBBACACACAACCCBABADBCCAABBBCCBB	['B1A', 'C2A', 'C3A', 'B18C', 'D35C', 'C37B', 'A63D', 'A71B', 'C72A', 'D77C', 'A93B']	11	-3.2987099	-4.6635585	-6.154791	-1.4912324
BCCDDDCDCDDDDCDDABCDABCABDBACBDCAADDCBCABACBCCABCACBCCCCCBDBACDBBBCBCBADCACACAACCCBABADBCBAAABBCCBB	['A63D', 'C72D', 'D77C', 'C90B']	4	-3.299127	-5.165377	-6.657032	-1.4916549
BCCDDDCDCCDDDCDDABCAABBABDBACBDCAADDCBCACACBCDABCACBBCCCCBDBACDBBBCBCBBCBACACAACCCBABADBCBAAABBCCBB	['D10C', 'D20A', 'C23B', 'B41C', 'C46D', 'C53B', 'A63D', 'A71B', 'C73B', 'D77C', 'C90B']	11	-1.533515	-2.1882992	-3.6803188	-1.4920197
BCCDDDCDCCDDDCDBABCDABCABDBACBDCAADDCBCABACBCDABCACBCDCCCBDBACDBBCCBCBBCBACACAACCCBBBADBCBAABBBCCBB	['D10C', 'D16B', 'C46D', 'C54D', 'A63D', 'B66C', 'A71B', 'C73B', 'D77C', 'A84B', 'C90B', 'A93B']	12	-1.5337105	-2.854165	-4.3463764	-1.4922113
BCCDDDCDCADDBCDDABCAABCABDBACBDCAADDCBCABACBCAABCACBCCCCCCDBADDBBBCBCBACCACACAACCCBABADDCCAAABBCCBB	['D10A', 'D13B', 'D20A', 'C46A', 'B58C', 'C62D', 'A63D', 'D77C', 'B88D']	9	-1.2450404	-3.0061212	-4.4990425	-1.4929214
BCCDDDCDCBDDDCCCABCBABCABDBACBDCAADDABCABACBCDABCACBCCCCCBDBBCCBBBCBABACCACACABCCCBBBADCCCAAABBCCBB	['D10B', 'D15C', 'D16C', 'D20B', 'C37A', 'C46D', 'A61B', 'A63C', 'C69A', 'D77C', 'A79B', 'A84B', 'B88C']	13	-1.5350428	-5.1863112	-6.679858	-1.493547
BCCDDDCDCCDCBCDDABCAABCABDBACBDCAADDCBCABACBCDABCACBCCCCCBDCACDBBBDBCBCDCCCACAACCCBABADBCBAAABBCCBB	['D10C', 'D12C', 'D13B', 'D20A', 'C46D', 'B60C', 'A63D', 'C67D', 'A71C', 'C72D', 'A74C', 'D77C', 'C90B']	13	-1.9966154	-1.5351782	-3.4902925	-1.4936771
BCCDDDCDCCDCBCDDABCAABCABDBACBDCAADDCBCABACBCDABCACBCCCCCBDCACDBBBDBCBCDCCCACAACCCBABADBCBAAABBCCBB	['D10C', 'D12C', 'D13B', 'D20A', 'C46D', 'B60C', 'A63D', 'C67D', 'A71C', 'C72D', 'A74C', 'D77C', 'C90B']	13	-1.9966154	-1.5351782	-3.4902925	-1.4936771
BCCDDDCDCDDDDCDDABCDABCABDBACBDCAADDCBCABACBCCABCACBCCCCCBDBACDDBBCBCBACCACADAACCCBABADBCCAAABBCCBB	['A63D', 'B64D']	2	-3.3018093	-5.6311593	-7.125495	-1.4943357
BCCDDDCDCDDDDCDDABCDABCABDBACBDCAADDCBCABACBCCABCACBCCCCCBDBACDDBBCBCBACCACADAACCCBABADBCCAAABBCCBB	['A63D', 'B64D']	2	-3.3018093	-5.6311593	-7.125495	-1.4943357
BCCDDDCDCDDDDCCDABCAABCABDBACBDCAAAACBCABACBCCABCACBCCCCCBDCADACBBCBCBADCACADAACCCBABADDCCAAABBCCBB	['D15C', 'D20A', 'D35A', 'D36A', 'B60C', 'C62D', 'B64C', 'C72D', 'B88D']	9	-3.302259	-6.5311155	-8.025901	-1.4947853
BCCDDDCDCCDDBCCDABCCABCABDBACBDDBADACBCACACBCDBBCACBBBCCCBDBACDBBBCBCBBCDACADAACCCBBBADBCBAAABBCCBB	['D10C', 'D13B', 'D15C', 'D20C', 'C32D', 'A33B', 'D36A', 'B41C', 'C46D', 'A47B', 'C53B', 'C54B', 'A63D', 'A71B', 'C73D', 'A84B', 'C90B']	17	-1.5364108	-1.7748318	-3.2697535	-1.4949217
BCCDDDCDCDDDDCDDABCDABCABDBACBDCAACDBBCABACBCCABCACBCCCCCBDBADDCBBCBCBCCCACADAACCCBABADBCBAAABBCCBB	['D35C', 'C37B', 'C62D', 'A63D', 'B64C', 'A71C', 'C90B']	7	-3.3033662	-4.3320713	-5.827964	-1.4958925
BCCDDDCDCCCDBCDBABCDABCABDBACBDCAADDBBCABADBCDABCACBADCCCBDBACDCBBCBCBBCCACADAACCABBBADBCBCAABBCCBB	['D10C', 'D11C', 'D13B', 'D16B', 'C37B', 'C43D', 'C46D', 'C53A', 'C54D', 'A63D', 'B64C', 'A71B', 'C82A', 'A84B', 'C90B', 'A91C']	16	-1.5376959	-1.8773508	-3.3735504	-1.4961996
BCCDDDCDCCDDDCDDABCAABCABDBACBDCAACDBBCABACBCDABCACBCDCCCBDCADDBBACBCBCAAACADAACCCBABADBCBAABBBCCBB	['D10C', 'D20A', 'D35C', 'C37B', 'C46D', 'C54D', 'B60C', 'C62D', 'A63D', 'B66A', 'A71C', 'C72A', 'C73A', 'C90B', 'A93B']	15	-1.7488441	-1.5380516	-3.2453947	-1.4965506
BCCDDDCDCCDDDCDDABCDABCABDBACBDCAADDCBCABACBCCABCACBCCCCCBDBACDBBBCBCBACCACADAACCCBABADBCCAAABBCCBB	['D10C', 'A63D']	2	-3.3050318	-5.1417346	-6.639292	-1.4975572
BCCDDDCDCDDBDCDDABBDABCABDBACBDDAADACBCABADBCDABCACBCCCCCBDBACDBBBCBCBCCCACADAACCBBABADBACAAABBCCBB	['D12B', 'C19B', 'C32D', 'D36A', 'C43D', 'C46D', 'A63D', 'A71C', 'C82B', 'C89A']	10	-1.5391092	-1.9642763	-3.4618883	-1.497612
BCCDDDCDCDDCDCDDABCDABCABDBACBDCAADDCBCABACBCCABCACBCCCCDBDBACDBBBBBCBBCCACACAACCCBABADBCCAABBBCCBB	['D12C', 'C57D', 'A63D', 'C67B', 'A71B', 'D77C', 'A93B']	7	-3.3057175	-3.8410063	-5.339246	-1.4982395
BCCDBDCDCCACBDDDABCAABCABDBACBDCAADACBCABACBCDABCACBCDCCCBDBACDBBBCBCBBCBACADAACCCBBBADBABAABBBCCBB	['D5B', 'D10C', 'D11A', 'D12C', 'D13B', 'C14D', 'D20A', 'D36A', 'C46D', 'C54D', 'A63D', 'A71B', 'C73B', 'A84B', 'C89A', 'C90B', 'A93B']	17	-1.5403795	-3.8696308	-5.368511	-1.4988804
AAADDDCDCDDDDCDDABCDABCABDBACBDCAADDCBCABACBCCABCACBCCCCCBDBADDBBBCBCBACCACACAACCCBABADBCCAABBBCCBB	['B1A', 'C2A', 'C3A', 'C62D', 'A63D', 'D77C', 'A93B']	7	-3.309229	-4.7965016	-6.298254	-1.5017524
AAADDDCDCDDDDCDDABCDABCABDBACBDCAADDCBCACACBCCABCACBCCCCCBDBACDBBBCBCBAACACADAACCCBABADBCCAAABBCCBB	['B1A', 'C2A', 'C3A', 'B41C', 'A63D', 'C72A']	6	-3.3093185	-4.4565425	-5.9583836	-1.5018411
BCCDDDCDCCDDDCDDABCAABCABDBACBDCAADDCBCABACBCDABCACBCCCCCBDBADDBBBCBABACBACACAACCCBABADBCCADBBCCCBB	['D10C', 'D20A', 'C46D', 'C62D', 'A63D', 'C69A', 'C73B', 'D77C', 'A92D', 'A93B', 'B95C']	11	-2.1739335	-1.5436735	-3.6761122	-1.5021787
BCCDDDCDCCDDDCDDABCDABCABDBACBDCAACACBCABACBCCABCACBCCCCCBDBADDBBBCBCBBCBACACAACCCBABADBCBAABBBCCBB	['D10C', 'D35C', 'D36A', 'C62D', 'A63D', 'A71B', 'C73B', 'D77C', 'C90B', 'A93B']	10	-3.3105607	-4.975864	-6.4789495	-1.5030856
BCCDDDCDCCDDDCDDABCDABCABDBACBDCAACACBCABACBCCABCACBCCCCCBDBADDBBBCBCBBCBACACAACCCBABADBCBAABBBCCBB	['D10C', 'D35C', 'D36A', 'C62D', 'A63D', 'A71B', 'C73B', 'D77C', 'C90B', 'A93B']	10	-3.3105607	-4.975864	-6.4789495	-1.5030856
BCCDDDCDCCDDDCDDABCDABCABDBACBDCAACACBCABACBCCABCACBCCCCCBDBADDBBBCBCBBCBACACAACCCBABADBCBAABBBCCBB	['D10C', 'D35C', 'D36A', 'C62D', 'A63D', 'A71B', 'C73B', 'D77C', 'C90B', 'A93B']	10	-3.3105607	-4.975864	-6.4789495	-1.5030856
BCCDDDCDCDDDDCDDABCDABCABDBACBDCAADDCBCACACBCCAACACBCCCCCBDBBDCBBBCBCBBCCBCACAACCCBABADBCCAABBBCCBB	['B41C', 'B48A', 'A61B', 'C62D', 'A63C', 'A71B', 'A74B', 'D77C', 'A93B']	9	-3.3107243	-6.587533	-8.090787	-1.5032539
BCCDDDCDCDDDDCDDABCDABCABDBACDDCAADDCBCABACBCCABCACBCCCCCBDBADCBBBCBCBBCCACACAACCCBABADCCCAABBBCCBB	['B30D', 'C62D', 'A63C', 'A71B', 'D77C', 'B88C', 'A93B']	7	-3.3116107	-7.524136	-9.0282755	-1.5041394
BCCDDDCDCBDDDCDDABCDABCABDBACBDCBADDABCABACBCDABCAABCCCCCBDBADDBBABBCBACDACACAACCCBBBADBCBAABBBCCBB	['D10B', 'A33B', 'C37A', 'C46D', 'C51A', 'C62D', 'A63D', 'B66A', 'C67B', 'C73D', 'D77C', 'A84B', 'C90B', 'A93B']	14	-1.5463028	-3.5635548	-5.0683613	-1.5048065
BCCDDDCDCDDDDDDDABCDABCABDBACBDCCADDCBCABACBCCABCACBCCCCCBDBADDBBBCBCBCCBACADAACCCBABADBCBAABBBCCBB	['C14D', 'A33C', 'C62D', 'A63D', 'A71C', 'C73B', 'C90B', 'A93B']	8	-3.3156495	-4.70832	-6.2164974	-1.5081773
BCCDDDCDCADDBCCDADCAABCABDBACBDCAADDCBCABACBCDABCACBCCDCDBDBACCBBBDBCBACCACACAACCCBABADBCCAABBBCCBB	['D10A', 'D13B', 'D15C', 'B18D', 'D20A', 'C46D', 'C55D', 'C57D', 'A63C', 'C67D', 'D77C', 'A93B']	12	0.25684595	-0.95580006	-2.4649258	-1.5091257
BCCDDDCACDDDDCDDABCDABCABDBACBDCAADDCBCABACBCCABCACBCCCCCBDBACDBBBCBCBACCACACAACCCBABADBCBAAABBCCBB	['D8A', 'A63D', 'D77C', 'C90B']	4	-3.31736	-5.5591035	-7.0689898	-1.5098863
BCCDDDCDCDDDDCCDABCDABCABDBACBDCAACDCBCABACBCCABCACBCCCCCBDBACDBBBCBCBACCACADAACCCBABADBCBAAABBCCBB	['D15C', 'D35C', 'A63D', 'C90B']	4	-3.317512	-5.202426	-6.7124615	-1.5100355
BCCDDDCDCDDDDCDDABCCABCABDBACBDCAACACBCABADBCCAACACBCDCCCBDBADDBBBCBCBACCACADAACCABABADBCCAAABBCCBB	['D20C', 'D35C', 'D36A', 'C43D', 'B48A', 'C54D', 'C62D', 'A63D', 'C82A']	9	-3.3179274	-4.679691	-6.1901445	-1.5104537
BCCDDDCDCDDDDCDDABCDABCABDBACBACAADDCBCACACBCCABCACBCCDCCBDBACACBBCBCBACCBCADAACCCBABADBCBAAABBCCBB	['D31A', 'B41C', 'C55D', 'B64C', 'A74B', 'C90B']	6	-1.5114832	-3.9192162	-5.4306955	-1.5114794
BCCDDDCDCDDDDCDDABCDABCABDBACBDCAADDABCACACBCCABCACBCCCCCBDBACDCBBCBCBACCACADAACCCBABADBCCAABBBCCBB	['C37A', 'B41C', 'A63D', 'B64C', 'A93B']	5	-3.3200226	-5.712852	-7.225404	-1.5125518
BCCDDDCDCDDDDDCDABCAABCABDBACBDCAACABBCABACBCCABCACBCDCCCBDBADDBBBCBCBBCBACADAACCCBABADBCBAAABBCCBB	['C14D', 'D15C', 'D20A', 'D35C', 'D36A', 'C37B', 'C54D', 'C62D', 'A63D', 'A71B', 'C73B', 'C90B']	12	-3.3202777	-4.2546477	-5.7674513	-1.5128036
BCCDDDCDCDDDBCDDACCAABCABDBACBDCAADDCBCABACBCCDBCACBCCCCCBDBACDBBBCBCBBDCACACAACCCBABADBCBAAABBCCBB	['D13B', 'B18C', 'D20A', 'A47D', 'A63D', 'A71B', 'C72D', 'D77C', 'C90B']	9	-3.3215852	-4.9658375	-6.479946	-1.5141087
BCCDDDCDCDDDDCDDADBDABCABDBACBDCAADDCBCABACBCBABCACBCCCCCBDBACDBBBCBCBACCACADAACCCBABADBCBACBBCCCBB	['B18D', 'C19B', 'C46B', 'A63D', 'C90B', 'A92C', 'A93B', 'B95C']	8	-1.5144315	-1.9468946	-3.461316	-1.5144215
BCCDDDCDCDDDDCDDADBDABCABDBACBDCAADDCBCABACBCBABCACBCCCCCBDBACDBBBCBCBACCACADAACCCBABADBCBACBBCCCBB	['B18D', 'C19B', 'C46B', 'A63D', 'C90B', 'A92C', 'A93B', 'B95C']	8	-1.5144315	-1.9468946	-3.461316	-1.5144215
BCCDDDCDCDDDDCDDADBDABCABDBACBDCAADDCBCABACBCBABCACBCCCCCBDBACDBBBCBCBACCACADAACCCBABADBCBACBBCCCBB	['B18D', 'C19B', 'C46B', 'A63D', 'C90B', 'A92C', 'A93B', 'B95C']	8	-1.5144315	-1.9468946	-3.461316	-1.5144215
BCCDDDCDCDDBDCDCABBDABCABDBACBDCAADACBCABACBCCABCACBCCCCDBDBADCCBBCBCBACCACADAACCCBABADBCCAAABBCCBB	['D12B', 'D16C', 'C19B', 'D36A', 'C57D', 'C62D', 'A63C', 'B64C']	8	-4.698145	-3.3221402	-6.2128105	-1.5146656
AAADDDCDCCDADCDDABDDABCABDBACBDCAADDCBCABACBCDAACACBCACCCBDCBCDBBBCBCBBCCACACAACCBBBBADBCCAABBBCCBB	['B1A', 'C2A', 'C3A', 'D10C', 'D12A', 'C19D', 'C46D', 'B48A', 'C54A', 'B60C', 'A61B', 'A63D', 'A71B', 'D77C', 'C82B', 'A84B', 'A93B']	17	-1.5569477	-4.3800855	-5.8955355	-1.51545
BCCDDDCDCADDDDCDABCDABCABDBACBDCAADDABCABACBCCABCACBCCCCCBDBACACBBCBCBACCACADAACCCBABADBCCAAABBCCBB	['D10A', 'C14D', 'D15C', 'C37A', 'B64C']	5	-3.32299	-5.850606	-7.3661213	-1.5155153
BCCDDDCDCDDDBCDDABCDABCABDBACBDCAADDCBCABACBCCABCACBCCCCCBDBACDBBBCBCBAACACADAACCCBABADBCCAAABBCCBB	['D13B', 'A63D', 'C72A']	3	-3.3233614	-5.267412	-6.7832994	-1.5158873
BCCDDDCDCCDDDCDDABCDABCABDBACBDCAADDCBCABACBCCABCACBCCCCCBDBACDBBBCBCBCBCACACAACCCBABADBCCAABBBCCBB	['D10C', 'A63D', 'A71C', 'C72B', 'D77C', 'A93B']	6	-3.3245344	-4.684179	-6.2012405	-1.5170617
BCCDDDCDCADABCDDABCDABCABDBACBDCAADDCBCABACBCDABCACBCCCCDBDBCCDBBBCBCBBCCACACAACCCBABADBCBAABBBCCBB	['D10A', 'D12A', 'D13B', 'C46D', 'C57D', 'A61C', 'A63D', 'A71B', 'D77C', 'C90B', 'A93B']	11	-2.7655048	-1.5606699	-4.2846794	-1.5191746
BCCDDDCDCBDBBCDDABBAABCABDBACBDCAACDCBCABACBCDABCACBCCCCCBDBADDCBBCBCBADAACACAACCCBABADBCBAAABBCCBB	['D10B', 'D12B', 'D13B', 'C19B', 'D20A', 'D35C', 'C46D', 'C62D', 'A63D', 'B64C', 'C72D', 'C73A', 'D77C', 'C90B']	14	-1.8342724	-1.5607986	-3.3535776	-1.5193052
BCCDDDCDCDDDDCDDABCDABCABDBACBDCAADDCBCABACBCCABCACBCCDCCBDBACDDBBCBCBACCACACAACCCBABADBCCAAABBCCBB	['C55D', 'A63D', 'B64D', 'D77C']	4	-1.5194888	-5.548333	-7.0678186	-1.5194855
BCCDDDCDCDDDDCDDABCDABCABDBACBDCAADDCBCABACBCCABCACBCCCCCBDBACDDBBCBCBACCACACAACCCBABADBCCAAABBCCBB	['A63D', 'B64D', 'D77C']	3	-3.3269587	-5.548333	-7.0678186	-1.5194855
BCCDDDCDCDDADCDDABCDABCABDBACBDCAADDCBCACACBCCABCACBCCCCCBDBADDBBBCBCBACCACADAACCDBABADBCCAABBBCCBB	['D12A', 'B41C', 'C62D', 'A63D', 'C82D', 'A93B']	6	-3.3273072	-5.6640134	-7.1838446	-1.5198312
BCCDDDCDCCDDDCDDABCDABCABDBACBDCAADDCBCACACBCDABCACBCCCCCBDBADDBBBCBCBBCCCCACAACCCBBBADBCBAABBBCCBB	['D10C', 'B41C', 'C46D', 'C62D', 'A63D', 'A71B', 'A74C', 'D77C', 'A84B', 'C90B', 'A93B']	11	-1.5613537	-2.9915113	-4.511368	-1.5198565
BCCDDDCDCDDDDCCDABCDABCABDBACBDCAACABBCABACBCDABCACBCDCCCBDBACDBBBCBCBBCCADADAACCBBABADCCCAAABBCCBB	['D15C', 'D35C', 'D36A', 'C37B', 'C46D', 'C54D', 'A63D', 'A71B', 'C75D', 'C82B', 'B88C']	11	-1.5626731	-3.8559427	-5.377121	-1.5211782
BCCDDDCDCDDCDCDDABCDABCABDBACBDCAADDBBCABACBCCABCACBCCCCCBDCACDBBBDBCBACCACACAACCCBABADBCBAAABBCCBB	['D12C', 'C37B', 'B60C', 'A63D', 'C67D', 'D77C', 'C90B']	7	-3.328876	-3.4269066	-4.948308	-1.5214014
BCCDDDCDCCDDBCDDABCDABCABDBACBDCAADDCBCABACBCDBBCACBBCCCCBDBACDDBBCBCBBCCCCACAACCCBBBADBCBAABBBCCBB	['D10C', 'D13B', 'C46D', 'A47B', 'C53B', 'A63D', 'B64D', 'A71B', 'A74C', 'D77C', 'A84B', 'C90B', 'A93B']	13	-1.5638256	-3.409109	-4.931444	-1.522335
BCCDDDCDCBDDDDDDABCDABCABDBACBDCAADDCBCACACBCDABCACBCCCCCBDBACACBBCBCBACCACADAACCBBABADBCCAAABBCCBB	['D10B', 'C14D', 'B41C', 'C46D', 'B64C', 'C82B']	6	-1.5670767	-2.8275452	-4.3531256	-1.5255804
BCCDDDCDCBDDDCDDABBDABCABDBACBDCAADDCBCABACBCCABCACBCCCCCBDBACACBBCBDBACCACADAACCCBABADBCCAAABBCCBB	['D10B', 'C19B', 'B64C', 'C69D']	4	-3.333229	-5.511243	-7.0369997	-1.5257568
AAADDDCDCDDDDCDDABBDABCABDBACBDCAADDCBCABACBCCABCACBCCCCCBDBACDCBBCBCBACCACADAACCCBABADBCCAAABBCCBB	['B1A', 'C2A', 'C3A', 'C19B', 'A63D', 'B64C']	6	-3.3332624	-4.65929	-6.185075	-1.525785
BCCDDDCDCDDDDCDDABCDABCABDBACBDCAADDBBCABACBCCABCACBCCCCDBDCACDBBBCBCBBCBACADAACCCBBBADBCBAABBBCCBB	['C37B', 'C57D', 'B60C', 'A63D', 'A71B', 'C73B', 'A84B', 'C90B', 'A93B']	9	-3.3334289	-3.9367123	-5.4626637	-1.5259514
BCCDDDCDCADDDCDDABCDABCABDBACBDCAACDABCABACBCCABCACBCCCCCBDBACDBBBCBCBACCACACAACCCBABADBCCAABBBCCBB	['D10A', 'D35C', 'C37A', 'A63D', 'D77C', 'A93B']	6	-3.3337793	-5.5604963	-7.0868006	-1.5263042
BCCDDDCDCADDDCDDABCDABCABDBACBDCAACDABCABACBCCABCACBCCCCCBDBACDBBBCBCBACCACACAACCCBABADBCCAABBBCCBB	['D10A', 'D35C', 'C37A', 'A63D', 'D77C', 'A93B']	6	-3.3337793	-5.5604963	-7.0868006	-1.5263042
BCCDDDCDCDDDDCDDABCDABCABDBACBDCAADDCBCABACBCCABCACBCCCCCBDBACACBBCBCBAACACADAACCCBABADBCCAAABBCCBB	['B64C', 'C72A']	2	-3.3347445	-5.94211	-7.4693813	-1.5272713
BCCDDDCDCDDDDCDDABCDABCABDBACBDCAADDCBCABACBCCABCACBCCCCCBDBACACBBCBCBAACACADAACCCBABADBCCAAABBCCBB	['B64C', 'C72A']	2	-3.3347445	-5.94211	-7.4693813	-1.5272713
BCCDDDCDCDDDDCDDABCDABCABDBACBDCAADDCBCABACBCCABCACBCCCCCBDBACACBBCBCBAACACADAACCCBABADBCCAAABBCCBB	['B64C', 'C72A']	2	-3.3347445	-5.94211	-7.4693813	-1.5272713
BCCDDDCDCADDDCDCABCDABCABDBACBDCAADDCBAABACBBCABCACBCCCCCBDBACDBBBCBCBACCACACAACCABABADBCBAAABBCCBB	['D10A', 'D16C', 'C39A', 'C45B', 'A63D', 'D77C', 'C82A', 'C90B']	8	-3.3348894	-4.189743	-5.7171583	-1.5274153
BCCDDDCDCCDDDCDDABCDABCABDBACBDCAADDCBCABACBCCABCACBCCCCCBDBACCBBBCBCBACCACADAACCCBABADBCCAABBBCCBB	['D10C', 'A63C', 'A93B']	3	-3.3363056	-5.8729095	-7.401739	-1.5288296
BCCDDDCDCCDDDCDDABCDABCABDBACBDCAADDCBCABACBCCABCACBCCCCCBDBACCBBBCBCBACCACADAACCCBABADBCCAABBBCCBB	['D10C', 'A63C', 'A93B']	3	-3.3363056	-5.8729095	-7.401739	-1.5288296
BCCDDDCDCDDDBCDDABCDABCABDBACBDCAACDCBCABACBCCABCACBCCCCCBDBACDBBBCBCBBCCACACAACCCBABADBCCAABBBCCBB	['D13B', 'D35C', 'A63D', 'A71B', 'D77C', 'A93B']	6	-3.3368053	-5.7625504	-7.2918816	-1.5293312
BCCDDDCDCDDDBCDDABCDABCABDBACBDCAACDCBCABACBCCABCACBCCCCCBDBACDBBBCBCBBCCACACAACCCBABADBCCAABBBCCBB	['D13B', 'D35C', 'A63D', 'A71B', 'D77C', 'A93B']	6	-3.3368053	-5.7625504	-7.2918816	-1.5293312
BCCDDDCDCDDDBCDDABCDABCABDBACBDCAACDCBCABACBCCABCACBCCCCCBDBACDBBBCBCBBCCACACAACCCBABADBCCAABBBCCBB	['D13B', 'D35C', 'A63D', 'A71B', 'D77C', 'A93B']	6	-3.3368053	-5.7625504	-7.2918816	-1.5293312
AAADDDCDCADDDDDCABCCABCABDBACBDDBACACBCABADBCDBACACBBBDCDBDBADCBBBCBCBBDCACADAACCBBABADBCCAAABBCCBB	['B1A', 'C2A', 'C3A', 'D10A', 'C14D', 'D16C', 'D20C', 'C32D', 'A33B', 'D35C', 'D36A', 'C43D', 'C46D', 'A47B', 'B48A', 'C53B', 'C54B', 'C55D', 'C57D', 'C62D', 'A63C', 'A71B', 'C72D', 'C82B']	24	0.2279973	0.23615837	-1.3018246	-1.5298219
AAADDDCDCDDDDCDDABCDABCABDBACBDCAADDABCABACBCCABCACBCCCCCBDBACACBBCBCBACCACADAACCCBABADBCBAAABBCCBB	['B1A', 'C2A', 'C3A', 'C37A', 'B64C', 'C90B']	6	-3.337462	-5.778392	-7.30838	-1.5299883
BCCDDDCDCCDDDCDDABCCABCABDBACBDCAACAABCACACBCCABCACBCDCCCBDCADDBBBCBCBCCCACACAACCCBBBADBCBAABBBCCBB	['D10C', 'D20C', 'D35C', 'D36A', 'C37A', 'B41C', 'C54D', 'B60C', 'C62D', 'A63D', 'A71C', 'D77C', 'A84B', 'C90B', 'A93B']	15	-3.3386912	-4.781522	-6.3127365	-1.5312147
BCBDDDCDCCDDDCDDABCDABCABDBACBDCAADDCBCABACBCCABCACBCCCCCBDBACDBBBCBCBACCACACAACCCBABADBCCAABBBCCBB	['C3B', 'D10C', 'A63D', 'D77C', 'A93B']	5	-3.3388348	-5.5662117	-7.0975704	-1.5313587
BCCDDDCDCDDDBCDDABCDABCABDBACDDCAADDCBCABACBCCABCACBCCCCCBDBACDBBBCBCBBCCACACAACCCBABADCCCAAABBCCBB	['D13B', 'B30D', 'A63D', 'A71B', 'D77C', 'B88C']	6	-3.3401732	-7.2328286	-8.7655325	-1.5327039
BCCDDDCDCDDDDCDDABCDABCABDBACBDCAADDCBCABABBCCABCACBCCCCCBDBACDBBBCBCBACCACADAACCCBABADBCCADABBCCBB	['C43B', 'A63D', 'A92D']	3	-3.3420448	-5.2447424	-6.779318	-1.5345755
BCCDDDCDCDDDDCDDABCDABCABDBACBDCAADDCBCABACBCCABCACBCCCCCBDBBCACBBCBCBAACACADAACCCBABADBCCAAABBCCBB	['A61B', 'B64C', 'C72A']	3	-3.345747	-6.526483	-8.064758	-1.5382752
BCCDDDCDCCDDDCDDABCDABCABDBACBDCAADDCBCABACBCCABCACBCCCCCBDBACDBBBCBCBACDACADAACCCBABADBCBAAABBCCBB	['D10C', 'A63D', 'C73D', 'C90B']	4	-3.3462372	-4.4053173	-5.9440784	-1.5387611
BCCDDDCDCCDDDCDDABCDABCABDBACBDCAACACBCACACBCCABCACBCCCCCBDBACDBBBCBCBBCBACADAACCCBBBADBCBAAABBCCBB	['D10C', 'D35C', 'D36A', 'B41C', 'A63D', 'A71B', 'C73B', 'A84B', 'C90B']	9	-3.3470016	-5.165222	-6.704751	-1.5395288
AAADDDCDCCDDBCDDABCAABCABDBACBDCAADDCBCABACBCDABCACBCCCCCBDBACDCBBCBCBBDCACAAAACCCBBBADBCBAABBBCCBB	['B1A', 'C2A', 'C3A', 'D10C', 'D13B', 'D20A', 'C46D', 'A63D', 'B64C', 'A71B', 'C72D', 'D77A', 'A84B', 'C90B', 'A93B']	15	-1.5816202	-3.5410376	-5.0811634	-1.5401258
ADCDDDCDCDDDDCDDBBBDABCABDBACBDCAADDCBCABACBCCABCACBCCCCDBDCCCDBBBCBCBCCCACADAACCCBABADBCCAAABBCCBB	['B1A', 'C2D', 'A17B', 'C19B', 'C57D', 'B60C', 'A61C', 'A63D', 'A71C']	9	-4.3800755	-3.3478222	-5.9204273	-1.5403519
BCCDDDCDCDDDDCDDACCDABCABDBACBDCAADDCBCABACBCCABCACBCCCCCBDBACABBBCBCBBCCACACAACCCBBBADBCBAAABBCCBB	['B18C', 'A71B', 'D77C', 'A84B', 'C90B']	5	-3.350388	-5.9787574	-7.5216703	-1.542913
BCCDDDCDCADDDDDDABCDABCABDBACBDCAADDCBCABACBCCABCACBCCCCCBDBACDBBBCBCBACCACADAACCCBABADBCCAAABBCCBB	['D10A', 'C14D', 'A63D']	3	-3.3517776	-4.8514423	-6.3957453	-1.5443029
BCCDDDCDCCDDDCDDABCCABCABDBACBDCAADABBCABACBBCABCACBCCCCCBDBADDCBBCBBBACCACADAACCBBABADBCBAAABBCCBB	['D10C', 'D20C', 'D36A', 'C37B', 'C45B', 'C62D', 'A63D', 'B64C', 'C69B', 'C82B', 'C90B']	11	-3.3517904	-3.7046618	-5.2489777	-1.5443158
BCCDDDCDCDDDBCDDABCDABCABDBACBDCAADDBBCABACBCCABCACBCCCCDBDCACDBBBCBCBACCACACAACCCBABADBCCAAABBCCBB	['D13B', 'C37B', 'C57D', 'B60C', 'A63D', 'D77C']	6	-4.563958	-3.3520184	-6.1085024	-1.5445442
BCCDDDCDCDDDDCCDABCDABCABDBACBDCAADDCBCABACBCCABCACBCCCCCBDBACDBBBCBCBACCACADAACCCBABADBCCAAABBCCBB	['D15C', 'A63D']	2	-3.352439	-5.346946	-6.8919115	-1.5449657
BCCDDDCDCDDDDCCDABCDABCABDBACBDCAADDCBCABACBCCABCACBCCCCCBDBACDBBBCBCBACCACADAACCCBABADBCCAAABBCCBB	['D15C', 'A63D']	2	-3.352439	-5.346946	-6.8919115	-1.5449657
BCCDDDCDCDDDDCCDABCDABCABDBACBDCAADDCBCABACBCCABCACBCCCCCBDBACDBBBCBCBACCACADAACCCBABADBCCAAABBCCBB	['D15C', 'A63D']	2	-3.352439	-5.346946	-6.8919115	-1.5449657
BCCDDDCDCDDDDCCDABCDABCABDBACBDCAADDCBCABACBCCABCACBCCCCCBDBACDBBBCBCBACCACADAACCCBABADBCCAAABBCCBB	['D15C', 'A63D']	2	-3.352439	-5.346946	-6.8919115	-1.5449657
BCCDDDCDCDDBDCDDABCDABCABDBACBDCAADDCBCACACBCCABCACBCCCCCBDBACDBBBCBCBADCACACAACCCBABADBCBAABBBCCBB	['D12B', 'B41C', 'A63D', 'C72D', 'D77C', 'C90B', 'A93B']	7	-3.3527884	-4.833946	-6.379258	-1.5453119
BCCDDDCDCCDDDCDDABCDABCABDBACBDCAADDCBCABACBCCABCACBCCCCCBDBACDBBBCBCBABCACADAACCCBABADBCCAABBBCCBB	['D10C', 'A63D', 'C72B', 'A93B']	4	-3.3528833	-4.8955946	-6.441003	-1.5454082
AAADDDCDCDDABCDBABCDABCABDBACBDCAADDABCACACBCCABCACBCCCCDBDBACDBBBCBCBACCACADAACCCBABADBCCAAABBCCBB	['B1A', 'C2A', 'C3A', 'D12A', 'D13B', 'D16B', 'C37A', 'B41C', 'C57D', 'A63D']	10	-4.628978	-3.3529997	-6.1745014	-1.5455236
BCCDDDCDCDDDDCCDABCAABCABDBACBDCAADACBCABACBCCABCACBCCCCCBDCADABBBCBCBACCBCADAACCCBABADBBBAAABBCCBB	['D15C', 'D20A', 'D36A', 'B60C', 'C62D', 'A74B', 'C89B', 'C90B']	8	-3.3538308	-5.986241	-7.5325966	-1.5463557
BCCDDDCDCDDDDCDDABCDABCABDBACBDCAADDCBCABACBCCABCACBCCCCDBDBACDCBBCBCBACCACACACCCCBABADBCCAAABBCCBB	['C57D', 'A63D', 'B64C', 'D77C', 'A79C']	5	-3.3541794	-3.4442782	-4.990985	-1.5467067
BCCDDDCDCCDDDCDDABCDABCABDBACBDCAADDCBCABACBCDABCACBCDCCCBDBACABBBCBCBACCACADAACCBBABADBCCAAABBCCBB	['D10C', 'C46D', 'C54D', 'C82B']	4	-1.5882359	-3.0773683	-4.6241064	-1.5467381
BCCDDDCDCDDDDCCDABCDABCABDBACBDCAACDCBCABACBCCABCACBCCCCDBDBACDBBBCBCBACCACADAACCCBABADBCBAABBBCCBB	['D15C', 'D35C', 'C57D', 'A63D', 'C90B', 'A93B']	6	-3.3544068	-4.206977	-5.7539062	-1.5469294
BCCDDDCDCCDDBCDDABCDABCABDBACBDDBADBCBCABACBCDABCACBCCCCCBDBADACBBCBCBACCACADAACCCABBADBCBAAABBCCBB	['D10C', 'D13B', 'C32D', 'A33B', 'D36B', 'C46D', 'C62D', 'B64C', 'B83A', 'A84B', 'C90B']	11	-1.5888662	-4.7084713	-6.255845	-1.5473738
BCCBDDCDCCDDDCDDABCDABCABDBACBDCAADDCBCABACBCBABCACBBCCCCBDBADDBBACBBBBCCACACAACCCBABADBCBAAABBCCBB	['D4B', 'D10C', 'C46B', 'C53B', 'C62D', 'A63D', 'B66A', 'C69B', 'A71B', 'D77C', 'C90B']	11	-1.548378	-1.6524754	-3.2008448	-1.5483694
BCCDDDCDCCDDBCDDABCCABCABDBACBDCBACBCBCACADBCDABCACBCADCCBDBADDBBACBCBBBCACADAACCABBBADBABADABBCCBB	['D10C', 'D13B', 'D20C', 'A33B', 'D35C', 'D36B', 'B41C', 'C43D', 'C46D', 'C54A', 'C55D', 'C62D', 'A63D', 'B66A', 'A71B', 'C72B', 'C82A', 'A84B', 'C89A', 'C90B', 'A92D']	21	0.21451092	-1.1997328	-2.7511978	-1.551465
BCCDDDCDCDDDDCDDABCCABCABDBACBDCAADDCBCABACBCCABCACBCCCCCBDBACDBBBCBCBACCACACAACCCBABADBCCAABBBCCBB	['D20C', 'A63D', 'D77C', 'A93B']	4	-3.3597775	-5.371277	-6.9235783	-1.5523014
BCCDDDCDCBDDDCDDABCDABCABDBAABDCAADDCBCABACBCBABCACBCCDCCBDBACDBBBCBCBACCACADAACCCBABADBCCAABBBCCBB	['D10B', 'C29A', 'C46B', 'C55D', 'A63D', 'A93B']	6	0.25510168	-2.4840307	-4.0363865	-1.5523558
BCCDDDCDCDDCDDDDABCDABCABDBACBDCAADDBBCABACBCCABCACBCCCCDBDCADCCBBABCBADCACACAACCCBABADBCCAAABBCCBB	['D12C', 'C14D', 'C37B', 'C57D', 'B60C', 'C62D', 'A63C', 'B64C', 'C67A', 'C72D', 'D77C']	11	-4.8251686	-3.3607783	-6.378477	-1.5533085
BCCDDDCDCCDDBCDDABCAABCABDBACBDCAADDCBCABACBCDABCACBCCCCCBDBACDBBBCBCBACCCCACAACCCBABADDCCAAABBCCBB	['D10C', 'D13B', 'D20A', 'C46D', 'A63D', 'A74C', 'D77C', 'B88D']	8	-1.5951304	-3.826962	-5.380595	-1.5536332
BCCDDDCDCCDDDCDDABCDABCABDBACBDCAADDCBCABACBCCABCACBCCCCCBDBADCBBBCBCBACCACADAACCCBABADBCCAABBBCCBB	['D10C', 'C62D', 'A63C', 'A93B']	4	-3.3611135	-5.429372	-6.9830103	-1.5536385
BCCDDDCDCCDDDCDDABCDABCABDBACBDCAADDCBCABACBCCABCACBCCCCCBDBADCBBBCBCBACCACADAACCCBABADBCCAABBBCCBB	['D10C', 'C62D', 'A63C', 'A93B']	4	-3.3611135	-5.429372	-6.9830103	-1.5536385
BCCDDDCDCDDDDCDDABCDABCABDBACBDCAADDCBCACABBCCABCACBCCCCCBDBADCBBBCBCBBCCACACAACCCBABADBCBAABBBCCBB	['B41C', 'C43B', 'C62D', 'A63C', 'A71B', 'D77C', 'C90B', 'A93B']	8	-3.3613515	-5.1763473	-6.7302237	-1.5538764
BCCDDDCDCCDDDCDDABCDABCABDBACBDCAADDCBCABACBCCABCACBCCCCCBDBACCBBBCBCBACCACACAACCCBABADBCCAABBBCCBB	['D10C', 'A63C', 'D77C', 'A93B']	4	-3.361456	-5.7900834	-7.3440647	-1.5539813
BCCDDDCDCDDDDCDDABCDABCABDBACBDDAACACBCABACBCBBBCACBCCCCCBDBADDBBBCBCBACCACADAACCBBABADBCCAABBBCCBB	['C32D', 'D35C', 'D36A', 'C46B', 'A47B', 'C62D', 'A63D', 'C82B', 'A93B']	9	-1.5562248	-2.7889395	-4.3451595	-1.55622
BCCDDDCDCCDDDCDDABCDABCABDBACDDCAACCDBCACACBCCABCACBCCCCCBDBADCBBBCBCBBDCACADAACCCBABADCCCAABBBCCBB	['D10C', 'B30D', 'D35C', 'D36C', 'C37D', 'B41C', 'C62D', 'A63C', 'A71B', 'C72D', 'B88C', 'A93B']	12	-3.364594	-7.684244	-9.2413645	-1.5571203
BCCDDDCDCDDDDCDDABCDADCABDBACBDCAACACBCACACBCCABCACBCCCCCBDCADDBBBCBCABACACADAACCCBABADBCCAABBBCCBB	['B22D', 'D35C', 'D36A', 'B41C', 'B60C', 'C62D', 'A63D', 'B70A', 'A71B', 'C72A', 'A93B']	11	-3.364954	-5.510744	-7.068223	-1.5574789
BCCDDDCDCDDDDCDDABCDABCABDBACBDCAADDCBCABACBCCABCACBCCCCDBDBACDBBBCBCBCCBACACAACCCBABADBCBAAABBCCBB	['C57D', 'A63D', 'A71C', 'C73B', 'D77C', 'C90B']	6	-3.7681346	-3.366325	-5.3269863	-1.5588517
AAADDDCDCDDBDCDDABBDABCABDBACBDCAADDCBCABACBCCABCACBCCCCCBDBACDCBBCBCBACCACADAACCCBABADBCCAAABBCCBB	['B1A', 'C2A', 'C3A', 'D12B', 'C19B', 'A63D', 'B64C']	7	-3.36666	-4.37808	-5.9372625	-1.5591826
BCCDDDCDCCDDDCDDABCDABCABDBACBDCAADDCBCABACBCCABCACBCCCCDBDBADDBBBCBCBACCACADAACCCBABADBCCAABBBCCBB	['D10C', 'C57D', 'C62D', 'A63D', 'A93B']	5	-3.3667345	-3.7027488	-5.2620077	-1.5592589
BCCDDDCDCDDDBCDCABCDABCABDBACBDCAADDBBCABACBCCABCACBCCCCCBDBACCCBBCBCBACCACADAACCCBABADBCCADABBCCBB	['D13B', 'D16C', 'C37B', 'A63C', 'B64C', 'A92D']	6	-3.3677464	-4.892178	-6.4524527	-1.5602746
BCCDDDCDCDDDBCDCABCDABCABDBACBDCAADDBBCABACBCCABCACBCCCCCBDBACCCBBCBCBACCACADAACCCBABADBCCADABBCCBB	['D13B', 'D16C', 'C37B', 'A63C', 'B64C', 'A92D']	6	-3.3677464	-4.892178	-6.4524527	-1.5602746
BCCDDDCDCDDDBCDCABCDABCABDBACBDCAADDBBCABACBCCABCACBCCCCCBDBACCCBBCBCBACCACADAACCCBABADBCCADABBCCBB	['D13B', 'D16C', 'C37B', 'A63C', 'B64C', 'A92D']	6	-3.3677464	-4.892178	-6.4524527	-1.5602746
BCCDDDCDCDDDDCDDABCCABCABDBACBDCAADACBCABACBCCABCACBCCCCDBDBACDCBBCBCBACCACADAACCCBABADBCBAAABBCCBB	['D20C', 'D36A', 'C57D', 'A63D', 'B64C', 'C90B']	6	-3.3679852	-3.8949218	-5.45543	-1.5605083
AAADDDCDCDDDBCDDABCDABCABDBACBDCAADDCBCABACBCCABCACBCCCCCBDBACDBBBCBCBACCACACAACCCBABADBCCAABBBCCBB	['B1A', 'C2A', 'C3A', 'D13B', 'A63D', 'D77C', 'A93B']	7	-3.3690634	-5.236369	-6.7979546	-1.5615854
BCCDDDCDCDDDBCCDABCDABCABDBACBDCAADDABAABACBCCABCACBCCCCCBDBADDCBBCBCBADCACACAACCCBABADBCCAAABBCCBB	['D13B', 'D15C', 'C37A', 'C39A', 'C62D', 'A63D', 'B64C', 'C72D', 'D77C']	9	-3.3695536	-4.7125053	-6.2745857	-1.5620804
BCCDDDCDCCDDDCDDABCDABCABDBACBDCAACACBCABACBCCABCACBCCCCCBDBADDBBBCBCBBCCACACAACCCBABADBCCAABBBCCBB	['D10C', 'D35C', 'D36A', 'C62D', 'A63D', 'A71B', 'D77C', 'A93B']	8	-3.3722115	-5.3869195	-6.9516563	-1.5647368
BCCDDDCDCCDDDCDDABCDABCABDBACBDCAACACBCABACBCCABCACBCCCCCBDBADDBBBCBCBBCCACACAACCCBABADBCCAABBBCCBB	['D10C', 'D35C', 'D36A', 'C62D', 'A63D', 'A71B', 'D77C', 'A93B']	8	-3.3722115	-5.3869195	-6.9516563	-1.5647368
BCCDDDCDCDDDDCCDABCDABCABDBACBDCAADDCBCACACBCCABCACBCCCCCBDBACDBBBCBCBACCACADAACCCBABADBCCAABBBCCBB	['D15C', 'B41C', 'A63D', 'A93B']	4	-3.3727026	-5.2967253	-6.861951	-1.5652256
BCCDDDCDCDDDDCCDABCDABCABDBACBDCAADDCBCACACBCCABCACBCCCCCBDBACDBBBCBCBACCACADAACCCBABADBCCAABBBCCBB	['D15C', 'B41C', 'A63D', 'A93B']	4	-3.3727026	-5.2967253	-6.861951	-1.5652256
BCCDDDCDCDDDDCCDABCDABCABDBACBDCAADDCBCACACBCCABCACBCCCCCBDBACDBBBCBCBACCACADAACCCBABADBCCAABBBCCBB	['D15C', 'B41C', 'A63D', 'A93B']	4	-3.3727026	-5.2967253	-6.861951	-1.5652256
BCCDDDCDCDDDDCCDABCDABCABDBACBDCAADDCBCACACBCCABCACBCCCCCBDBACDBBBCBCBACCACADAACCCBABADBCCAABBBCCBB	['D15C', 'B41C', 'A63D', 'A93B']	4	-3.3727026	-5.2967253	-6.861951	-1.5652256
BCCDDDCDCCDDDCDDABCDABCABDBACBDDBADDABCABACBCDBBCACBBBCCCBDCACDBBCCBCBBCBACACAACCCBABADBCBAAABBCCBB	['D10C', 'C32D', 'A33B', 'C37A', 'C46D', 'A47B', 'C53B', 'C54B', 'B60C', 'A63D', 'B66C', 'A71B', 'C73B', 'D77C', 'C90B']	15	-1.7871466	-1.6068282	-3.3524828	-1.5653362
BCCDDDCDCBDADCDDABCDABCABDBACBDCAADDCBCABACBCDABCACBCCCCDBDBACDCBBCBCBACCACADAACCABBBADBCCAAABBCCBB	['D10B', 'D12A', 'C46D', 'C57D', 'A63D', 'B64C', 'C82A', 'A84B']	8	-1.6073413	-2.186345	-3.7521935	-1.5658484
BCCDDDCDCBDDDCDDABCDABCABDBACBDCAADDCBCABACBCDBBCACBCDCCCBDBACDBBBCBCBCCCACADABCCCBBBADBCCAAABBCCBB	['D10B', 'C46D', 'A47B', 'C54D', 'A63D', 'A71C', 'A79B', 'A84B']	8	-1.6084142	-3.4375763	-5.0044937	-1.5669174
BCCDDDCDCCDDDCDDABCAABCABDBACBDCAADABBCABACBBCABCACBCCCCCBDBACDBBBCBCBBACACADAACCCBACADBCBCABBBCCBB	['D10C', 'D20A', 'D36A', 'C37B', 'C45B', 'A63D', 'A71B', 'C72A', 'B85C', 'C90B', 'A91C', 'A93B']	12	-3.375125	-5.3285956	-6.896246	-1.5676503
AAADDDCDCDDBBCDDABDDABCABDBACBDCAADDABCABACBCCABCACBCCCCCBDBACDBBBCBCBACCACADAACCCBABADBCCAAABBCCBB	['B1A', 'C2A', 'C3A', 'D12B', 'D13B', 'C19D', 'C37A', 'A63D']	8	-3.3762093	-4.958686	-6.52742	-1.5687342
BCCDDDCDCDDDDCDDABCAABCABDBACBDCDADDCBCABACBCCABCACBCCCCCBDBADDBBBCBCBBCBACACAACCCBABADBCBAAABBCCBB	['D20A', 'A33D', 'C62D', 'A63D', 'A71B', 'C73B', 'D77C', 'C90B']	8	-3.376245	-3.899232	-5.4679985	-1.5687666
BCCDDDCDCDDDDDDDABCDABCABDBACBDCCADDCBCABACBCCABCACBCCCCCBDBADDBBBCBCBCCCACADAACCCBABADBCCAABBBCCBB	['C14D', 'A33C', 'C62D', 'A63D', 'A71C', 'A93B']	6	-3.3773012	-5.1193757	-6.689204	-1.5698285
BCCDDDCDCCDDDCDDABCDABCABDBACBDCAADDCBCACACBCCABCACBCCCCCBDBACDBBBCBCCBCBACACAACCCBABADBCBAABBBCCBB	['D10C', 'B41C', 'A63D', 'B70C', 'A71B', 'C73B', 'D77C', 'C90B', 'A93B']	9	-3.3773756	-4.7708325	-6.3407307	-1.5698981
BCCDDDCDCDDDDCDDABCDABCABDBACBDCAADDCBCABACBCCABCACBCCCCCBDBACCDBBCBCBACCACACDACCCBABADBCCACABBCCBB	['A63C', 'B64D', 'D77C', 'A78D', 'A92C']	5	-3.37809	-6.172262	-7.7428827	-1.5706205
BCCDDDCDCDDDDCDDABCDABCABDBACBDCAADDABCABACBCCABCACBCCCCCBDBACDBBBCBCBAACACADAACCCBABADBCCAAABBCCBB	['C37A', 'A63D', 'C72A']	3	-3.378603	-5.604162	-7.175293	-1.5711308
BCCDDDCDCCDDBCDDABCDABCABDBACBDCCACABBCABACBCCABCACBCCCCCBDBACDBBBCBCBBBBACACAACCCBBBADBCBAAABBCCBB	['D10C', 'D13B', 'A33C', 'D35C', 'D36A', 'C37B', 'A63D', 'A71B', 'C72B', 'C73B', 'D77C', 'A84B', 'C90B']	13	-3.3786187	-4.5282364	-6.0993814	-1.571145
AAADDDCDCDDDBCCDABCAABBABDBACBDCAADACBCABACBCBABCACBCCCCCBDBACDBBBCBABCCCACADAACCCBABADBBCACABBCCBB	['B1A', 'C2A', 'C3A', 'D13B', 'D15C', 'D20A', 'C23B', 'D36A', 'C46B', 'A63D', 'C69A', 'A71C', 'C89B', 'A92C']	14	-1.5713048	-4.2215853	-5.792885	-1.5712996
AAADDDCDCDDDBCCDABCDABCABDBACBDCAADDCBCABACBCCABCACBCCCCCBDBACACBBCBCBACCACADAACCCBABADBCCAAABBCCBB	['B1A', 'C2A', 'C3A', 'D13B', 'D15C', 'B64C']	6	-3.3793411	-5.617631	-7.189498	-1.571867
BCCDDDCDCCDDDCDDABCDABCABDBACDDCAADDCBCABACBCCABCACBCCCCCBDBACDDBBCBBBACCCCACAACCCBABADCCCAAABBCCBB	['D10C', 'B30D', 'A63D', 'B64D', 'C69B', 'A74C', 'D77C', 'B88C']	8	-3.380103	-6.3848414	-7.957473	-1.5726314
BCCDDDCDCDDDDCCDABCDABCABDBACBDCAADDCBCABACBCCABCACBCCCCCBDBACCBBBCBCBACCACADAACCCBABADBCCAABBBCCBB	['D15C', 'A63C', 'A93B']	3	-3.3837128	-6.0781207	-7.654359	-1.5762382
AAADDDCDCDDDDCCDABCDABCABDBACBDCAADACBCABACBCCABCACBCCCCCBDBACCCBBCBCBACCACADAACCCBABADBCCAAABBCCBB	['B1A', 'C2A', 'C3A', 'D15C', 'D36A', 'A63C', 'B64C']	7	-3.3841305	-5.666295	-7.2429523	-1.5766573
BCCDDDCDCDDDDCDDABCDABCABDBACBDCAADDCBCACAABCCABCACBCCCCDBDBACDABBCBCBACCACADAACCCBABADBCBAAABBCCBB	['B41C', 'C43A', 'C57D', 'A63D', 'B64A', 'C90B']	6	-3.3846774	-3.4314637	-5.008669	-1.5772052
BCCDDDCDCDDDDCDDABBDABCABDBACBDCAADDCBCABACBCCABCACBCCCCCBDBACCCBBCBCBACCACACAACCCBABADBCBAAABBCCBB	['C19B', 'A63C', 'B64C', 'D77C', 'C90B']	5	-3.3857303	-5.155731	-6.733988	-1.5782566
BCCDDDCDCDDBDCCDABCDABCABDBACBDCAADDCBCABACBCCABCACBCCCCCBDBACDBBBCBCBACCACADAACCCBABADBCCAAABBCCBB	['D12B', 'D15C', 'A63D']	3	-3.3858356	-5.065736	-6.6440945	-1.5783587
AAADDDCDCCDDDCCDABCCABCABDBACBDCAACACBCACACBCBAACACBCACCCBDBADDBBBCBCBBCCACADAACCBBABADBCBAABBBCCBB	['B1A', 'C2A', 'C3A', 'D10C', 'D15C', 'D20C', 'D35C', 'D36A', 'B41C', 'C46B', 'B48A', 'C54A', 'C62D', 'A63D', 'A71B', 'C82B', 'C90B', 'A93B']	18	-1.5790648	-2.4897552	-4.0688143	-1.5790591
BCCDDDCDCDDDDCDDABBDABCABDBACBDCAADDCBCABACBCCABCACBCCCCCBDBACDBBBCBCBAACACACAACCCBABADBCCAABBBCCBB	['C19B', 'A63D', 'C72A', 'D77C', 'A93B']	5	-3.386922	-5.181873	-6.761321	-1.5794482
BCCDDDCDCDDBDCCDABCCABCABDBACBDCAADABBCABACBCCABCACBCCCCDBDCADABBBCBCBADCACADAACCCBABADBCCAAABBCCBB	['D12B', 'D15C', 'D20C', 'D36A', 'C37B', 'C57D', 'B60C', 'C62D', 'C72D']	9	-5.1485605	-3.387948	-6.7290363	-1.5804758
BCCDDDCDCDDDDCDDABCDABCABDBACBDCAACDABCABACBCCABCACBCCCCCBDBADDBBBCBCBACCACACAACCCBABADBCCAABBBCCBA	['D35C', 'C37A', 'C62D', 'A63D', 'D77C', 'A93B', 'B99A']	7	-3.3881721	-5.738082	-7.3187838	-1.5807018
BCCDDDCDCDDBDCCDABCDABCABDBACBDCAADDCBCACACBCCABCACBCCCCCBDBACCCBBCBCBACCACADAACCCBABADBCCAAABBCCBB	['D12B', 'D15C', 'B41C', 'A63C', 'B64C']	5	-3.3883114	-5.089497	-6.670335	-1.5808377
BCCDDDCDCCDDDCDDABCDABCABDBACBDCAADDCBCABACBCDABCACBCCCCCBDBACDBBBCBCBACCACACAACCCBBBADACCAABBBCCBB	['D10C', 'C46D', 'A63D', 'D77C', 'A84B', 'B88A', 'A93B']	7	-1.6241064	-4.101964	-5.684573	-1.5826092
BCCDDDCDCCDDDCDDADBDABCABDBACBDCAACDCBCABACBCDABCACBCCCCCBDBACDBBBCBCBBBBACADAACCCBBCADBCBAABBBCCBA	['D10C', 'B18D', 'C19B', 'D35C', 'C46D', 'A63D', 'A71B', 'C72B', 'C73B', 'A84B', 'B85C', 'C90B', 'A93B', 'B99A']	14	-1.6249952	-2.2860422	-3.8695412	-1.583499
BCCDDDCDCADDDCDDABCDABCABDBACBDCAADDBBCABACBCDABCACBCCCCCBDBCDDBDBCBABACCCCACAACCCBABADBCBAAABBCCBB	['D10A', 'C37B', 'C46D', 'A61C', 'C62D', 'A63D', 'B65D', 'C69A', 'A74C', 'D77C', 'C90B']	11	-3.000578	-1.6253624	-4.584445	-1.5838671
BCCDDDCDCCDDBCDDABCAABCABDBACBDCAABAABCABACBCDABCACBBDCCCBDCACDBBBCBCBBCCACADAACCABBBADBCBAACBBCCBB	['D10C', 'D13B', 'D20A', 'D35B', 'D36A', 'C37A', 'C46D', 'C53B', 'C54D', 'B60C', 'A63D', 'A71B', 'C82A', 'A84B', 'C90B', 'A93C']	16	-1.6253724	-2.2971973	-3.8810759	-1.5838785
AAADDDCDCDDDDCDDABCDABCABDBACBDCAACDBBCABACBCCABCACBCCCCCBDBACDBBBCBCBBCCDCACAACCCBABADBCCAABBBCCBB	['B1A', 'C2A', 'C3A', 'D35C', 'C37B', 'A63D', 'A71B', 'A74D', 'D77C', 'A93B']	10	-3.3914795	-5.6229496	-7.206954	-1.5840044
BCCDDDCDCDDDDCDDABCDABCABDBACBDCAACDABCABACBCCABCACBCCCCCBDBACDBBBCBCBBCCACACAACCCBABADBCCAABBBCCBB	['D35C', 'C37A', 'A63D', 'A71B', 'D77C', 'A93B']	6	-3.3920488	-6.0992994	-7.683879	-1.5845795
BCCDDDCDCDDDDCDDABCDABCABDBACBDCAADDCBCABACBCCABCACBCCCCCBDBCDDBBBCBCBACCACACAACCCBABADBCCAABBBCCBB	['A61C', 'C62D', 'A63D', 'D77C', 'A93B']	5	-3.3921537	-4.6728225	-6.2575035	-1.584681
AAADDDCDCDDDDCDDABCDABCABDBACBDCAACDBBCABACBCCABCACBCCCCCBDBACCCDBCBCBACCACADAACCDBABADBCCAAABBCCBB	['B1A', 'C2A', 'C3A', 'D35C', 'C37B', 'A63C', 'B64C', 'B65D', 'C82D']	9	-3.3935237	-6.063206	-7.6492577	-1.5860515
BCCDDDCDCDDDDCDDABCDABCABDBACBDCAADDCBCABACBCCABCACBCCCCCBDBACCCBBCBCBACCACADAACCCBABADBCCAAABBCCBB	['A63C', 'B64C']	2	-3.3952484	-5.793521	-7.381298	-1.5877771
BCCDDDCDCCDDDCDDABCDABCABDBACBDCAACDBBCABACBCDABCACBCCCCCBDBADDBBBCBCBBBCACCDAACCCBABADBCBAABBBCCBB	['D10C', 'D35C', 'C37B', 'C46D', 'C62D', 'A63D', 'A71B', 'C72B', 'A76C', 'C90B', 'A93B']	11	-1.6308413	-1.8531752	-3.442521	-1.5893459
AAADDDCDCDDDDCDDABCDABCABDBACBDCAADDCBCACACBCCABCACBCCCCCBDBACDDBBCBCBACCACACAACCCBABADBCCAAABBCCBB	['B1A', 'C2A', 'C3A', 'B41C', 'A63D', 'B64D', 'D77C']	7	-3.3975592	-4.733792	-6.3238754	-1.5900836
AAADDDCDCCDDDCDDABCCABCABDBACBDCAADABBCABACBCCABCACBCCCCDBDBADABBBCBCBCCCACADAACCCBABADBCCAABBBCCBB	['B1A', 'C2A', 'C3A', 'D10C', 'D20C', 'D36A', 'C37B', 'C57D', 'C62D', 'A71C', 'A93B']	11	-4.248809	-3.3980918	-5.839424	-1.5906153
BCCDDDCDCCDBDCDDABBDABCABDBACBDCAACACBCABACBCCABCACBCCCCDBDBBCABBBCBCBACCACADAACCBBABADBCCAAABBCCBB	['D10C', 'D12B', 'C19B', 'D35C', 'D36A', 'C57D', 'A61B', 'C82B']	8	-3.3988433	-3.8522472	-5.443618	-1.5913706
AAADDDCDCDDDDCDDABADABCABDBACBDCCADACBCABACBCCABCACBCCCCCBDBADDBBBCBCCCACACADAACCCBABADBCBAAABBCCBB	['B1A', 'C2A', 'C3A', 'C19A', 'A33C', 'D36A', 'C62D', 'A63D', 'B70C', 'A71C', 'C72A', 'C90B']	12	-3.3994956	-3.9529176	-5.544935	-1.5920177
BCCDDDCDCDDDDCDDABCDABCABDBACDDCAADDCBCABACBCCABCACBCCCCCBDBACDDBBCBCBCCCACACAACCCBABADCCCAAABBCCBB	['B30D', 'A63D', 'B64D', 'A71C', 'D77C', 'B88C']	6	-3.3996205	-7.294083	-8.886233	-1.5921502
BCCDDDCDCDDDDCDDABCDABCABDBACBDCAADDCBCABACBCCABCACBCCCCDBDBACDCBBCBCBACCACADAACCCBABADBCCAAABBCCBB	['C57D', 'A63D', 'B64C']	3	-3.4008703	-4.066899	-5.6602955	-1.5933967
BCCDDDCDCDDDDCDDABCDABCABDBACBDCAACDABBACACBCCABCACBCCCCCBDBACDBBBCBCBBCCACADAACCCBABADBCCAABBBCCBB	['D35C', 'C37A', 'C39B', 'B41C', 'A63D', 'A71B', 'A93B']	7	-3.4013634	-6.3394513	-7.933343	-1.5938916
BCCDDDCDCDDDDCDDABADABCABDBACBDCAADDABCACACBCCABCACBCCCCCBDBACDBBBCBCBACCACADAACCCBABADBCCADABBCCBB	['C19A', 'C37A', 'B41C', 'A63D', 'A92D']	5	-3.4020176	-4.484969	-6.0795155	-1.5945463
BCCDDDCDCDDDDCDDABCDABCABDBACBDCAACDCBCABACBCCABCACBCCCCCBDBACDBBBCBCBACCACADAACCCBABADBCCAAABBCCBA	['D35C', 'A63D', 'B99A']	3	-3.4024315	-5.5637193	-7.158677	-1.5949578
BCCDDDCDCAADBCCDCDCAABCABDBACBDCCABABBCABACBCDBBCACBCDDCDBDCADDBBBCBCBBABACADAACCCBBCADBABAABBBCCBB	['D10A', 'D11A', 'D13B', 'D15C', 'A17C', 'B18D', 'D20A', 'A33C', 'D35B', 'D36A', 'C37B', 'C46D', 'A47B', 'C54D', 'C55D', 'C57D', 'B60C', 'C62D', 'A63D', 'A71B', 'C72A', 'C73B', 'A84B', 'B85C', 'C89A', 'C90B', 'A93B']	27	0.16538668	0.17063904	-1.4299517	-1.5953383
AAADDDCDCBDDBDDDABCBABCABDBACBDCBACABBCABACBCDABCACBCDCCCBDBADDBBBCBCBBCBACADAACCCBBBADBCBAAABBCCBB	['B1A', 'C2A', 'C3A', 'D10B', 'D13B', 'C14D', 'D20B', 'A33B', 'D35C', 'D36A', 'C37B', 'C46D', 'C54D', 'C62D', 'A63D', 'A71B', 'C73B', 'A84B', 'C90B']	19	-1.6376085	-2.084475	-3.6805887	-1.5961137
BCCDDDCDCADDDCDBABCDABCABDBACBDCAADDABCABACBCCABCACBCCCCCBDBACCBBBCBCBACCACACAACCCBABADBCCAAABBCCBB	['D10A', 'D16B', 'C37A', 'A63C', 'D77C']	5	-3.4036322	-5.258696	-6.8548546	-1.5961585
BCCDDDCDCCDDDCCDABCCABCABDBACBDCAACAABCABACBCCABCACBCCCCCBDBADDBBBCBCBCCBACADAACCCBBBADBCBAAABBCCBB	['D10C', 'D15C', 'D20C', 'D35C', 'D36A', 'C37A', 'C62D', 'A63D', 'A71C', 'C73B', 'A84B', 'C90B']	12	-3.4036431	-4.9805684	-6.5767374	-1.596169
BCCDDDCDCDDDBCCDABCDABCABDBACBDCAADDBBCABACBCCABCACBCCCCCBDBACABBBCBCCACCACADAACCDBABADBCCAAABBCCBA	['D13B', 'D15C', 'C37B', 'B70C', 'C82D', 'B99A']	6	-3.4040303	-6.505724	-8.102282	-1.5965576
BCCDDDCDCCDDBCDDABCDABCABDBACDDCAADDCBCABACBCCABCACBCCCCCBDBADDBBACBCBCCCACACAACCCBABADCCCAAABBCCBB	['D10C', 'D13B', 'B30D', 'C62D', 'A63D', 'B66A', 'A71C', 'D77C', 'B88C']	9	-3.4045076	-6.2850304	-7.8820677	-1.5970373
BCCDDDCDCCDDDCDDABCAABCABDBACBDCCACACBCABACBCCABCACBCCCCCBDBADDBBBCBBBBCBACADAACCCBBBADBCBAAABBCCBB	['D10C', 'D20A', 'A33C', 'D35C', 'D36A', 'C62D', 'A63D', 'C69B', 'A71B', 'C73B', 'A84B', 'C90B']	12	-3.4049926	-4.433385	-6.030904	-1.5975189
BCCDDDCDCDDDDCDDABAAABCABDBACBDCAADDCBCACACBCCABCACBCCCCCBDBACDBBBCBCBACCACACAACCCBABADBCCAABBBCCBB	['C19A', 'D20A', 'B41C', 'A63D', 'D77C', 'A93B']	6	-3.4058723	-4.595683	-6.1940746	-1.5983915
BCCDDDCDCDDDDCDDABCDABCABDBACBDCAADDCBCABACBCCABCACBCCCCCBDBACCBBBCBCBBBCACACAACCCBABADBCCAABBBCCBB	['A63C', 'A71B', 'C72B', 'D77C', 'A93B']	5	-3.4125948	-5.479547	-7.084668	-1.6051211
BCCDDDCDCDDDDCDDABCDABCABDBACBDCAADDCBCABACBCCABCACBCCCCCBDBACDBBBCBCBACCACADAACCCBABADBCCAABBBCCBB	['A63D', 'A93B']	2	-3.4130373	-5.7195373	-7.325102	-1.6055646
BCCDDDCDCDDDDCDDABCDABCABDBACBDCAADDCBCABACBCCABCACBCCCCCBDBACDBBBCBCBACCACADAACCCBABADBCCAABBBCCBB	['A63D', 'A93B']	2	-3.4130373	-5.7195373	-7.325102	-1.6055646
BCCDDDCDCDDDDCDDABCDABCABDBACBDCAADDCBCABACBCCABCACBCCCCCBDBACDBBBCBCBACCACADAACCCBABADBCCAABBBCCBB	['A63D', 'A93B']	2	-3.4130373	-5.7195373	-7.325102	-1.6055646
BCCDDDCDCDDDDCDDABCDABCABDBACBDCAADDCBCABACBCCABCACBCCCCCBDBACDBBBCBCBACCACADAACCCBABADBCCAABBBCCBB	['A63D', 'A93B']	2	-3.4130373	-5.7195373	-7.325102	-1.6055646
BCCDDDCDCDDDDCDDABCDABCABDBACBDCAADDCBCABACBCCABCACBCCCCCBDBACDBBBCBCBACCACADAACCCBABADBCCAABBBCCBB	['A63D', 'A93B']	2	-3.4130373	-5.7195373	-7.325102	-1.6055646
BCCDDDCDCDDDDCDDABCDABCABDBACBDCAADDCBCABACBCCABCACBCCCCCBDBACDBBBCBCBACCACADAACCCBABADBCCAABBBCCBB	['A63D', 'A93B']	2	-3.4130373	-5.7195373	-7.325102	-1.6055646
BCCDDDCDCDDDDCDDABCDABCABDBACBDCAADDCBCABACBCCABCACBCCCCCBDBACDBBBCBCBACCACADAACCCBABADBCCAABBBCCBB	['A63D', 'A93B']	2	-3.4130373	-5.7195373	-7.325102	-1.6055646
BCCDDDCDCDDDDCDDABCDABCABDBACBDCAADDCBCABACBCCABCACBCCCCCBDBACDBBBCBCBACCACADAACCCBABADBCCAABBBCCBB	['A63D', 'A93B']	2	-3.4130373	-5.7195373	-7.325102	-1.6055646
BCCDDDCDCDDDDCCDABBDABCABDBACBDCABDDCBCABACBCCABCACBCCCCCBDBADDCBBBBCBACCACADAACCCBABADBCCAAABBCCBB	['D15C', 'C19B', 'A34B', 'C62D', 'A63D', 'B64C', 'C67B']	7	-3.4131613	-4.5752263	-6.180914	-1.6056876
BCCDDDCDCCDDDCDDABCDABCABDBACBDCAADDCBCABACBCBAACACBCDCCCBDBACDCBBCBCBACCCCACAACCCBABADBCBAABBBCCBB	['D10C', 'C46B', 'B48A', 'C54D', 'A63D', 'B64C', 'A74C', 'D77C', 'C90B', 'A93B']	10	-1.6057959	-4.0469065	-5.6526957	-1.6057892
BCCDDDCDCCDDDCDDABCDABCABDBACBDCAADDCBCABACBBDABCACBCCCCCBDBACDCBBCBCBABBACACAACCBBABADBCBAABBCCCBB	['D10C', 'C45B', 'C46D', 'A63D', 'B64C', 'C72B', 'C73B', 'D77C', 'C82B', 'C90B', 'A93B', 'B95C']	12	-1.649085	-1.7711039	-3.3786936	-1.6075897
BCCDDDCDCBDDDCDDABCDABCABDBACBDCAADDABCABACBCBABCACBCCCCCBDBACDBBBCBCBACCACACAACCABABADBCCAABBBCCBB	['D10B', 'C37A', 'C46B', 'A63D', 'D77C', 'C82A', 'A93B']	7	-1.6081634	-3.488637	-5.096795	-1.6081581
BCCDDDCDCBDDDCDDABCAABCABDBACBDCAACABBCABACBCDABCCCBCCCCCBDBADDCBBCBCBBCDACADABCCCBABADBCBADABBCCBB	['D10B', 'D20A', 'D35C', 'D36A', 'C37B', 'C46D', 'A50C', 'C62D', 'A63D', 'B64C', 'A71B', 'C73D', 'A79B', 'C90B', 'A92D']	15	-1.6508803	-2.037737	-3.6471262	-1.6093893
BCCDDDCDCDDDDCDDABCDABCABDBACBDCAADDCBCABACBCCABCACBCCCCCBDBACABBBCBCBBCBACACAACCCBABADBCBAABBBCCBB	['A71B', 'C73B', 'D77C', 'C90B', 'A93B']	5	-3.4169059	-5.911676	-7.5211086	-1.6094327
BCCDDDCDCDDDDCDDABCDABCABDBACBDCAADDCBCACABBCCABCACBCCCCCBDBCDDBBBCBCBBCCACACAACCCBABADBCCAABBBCCBB	['B41C', 'C43B', 'A61C', 'C62D', 'A63D', 'A71B', 'D77C', 'A93B']	8	-3.4169579	-4.473403	-6.0828876	-1.6094847
AAADDDCDCDDBDCDDABCCABCABDBACBDCAADDCBCABACBCCABCACBCCCCCBDBACDBBBCBCBACCACADAACCCBABADBCCAAABBCCBB	['B1A', 'C2A', 'C3A', 'D12B', 'D20C', 'A63D']	6	-3.4183617	-4.408572	-6.019453	-1.6108809
BCCDDDCDCDDCDCCDABCDABCABDBACBDCAADABBCACACBCDABCACBCDCCCBDBACDBBBCBCBACCACADAACCBBABADBCBAAABBCCBB	['D12C', 'D15C', 'D36A', 'C37B', 'B41C', 'C46D', 'C54D', 'A63D', 'C82B', 'C90B']	10	-1.6525426	-1.7478504	-3.3588953	-1.6110449
BCCDDDCDCDDDBCDDABCCABCABDBACBDCAADABBCABACBCCABCACBCCCCCBDBACDCBBCBCBACCACADAACCCBABADBCBAAABBCCBB	['D13B', 'D20C', 'D36A', 'C37B', 'A63D', 'B64C', 'C90B']	7	-3.4187427	-4.8730717	-6.484338	-1.6112661
BCCDDDCDCDDDDCCDABBDABCABDBACBDCAACDCBCABACBCCABCACBCCCCDBDBADDBBBCBCBACCACADAACCDBABADBCCAAABBCCBB	['D15C', 'C19B', 'D35C', 'C57D', 'C62D', 'A63D', 'C82D']	7	-3.418943	-3.8979726	-5.5094414	-1.6114688
BCCDDDCDCDDDBCDDABCCABCABDBACDDCAACAABCABACBCCABCACBCCCCDCDBADDBBBCBCBCCCACADAACCCBBBADCCBAAABBCCBB	['D13B', 'D20C', 'B30D', 'D35C', 'D36A', 'C37A', 'C57D', 'B58C', 'C62D', 'A63D', 'A71C', 'A84B', 'B88C', 'C90B']	14	-3.4191656	-5.9126587	-7.524351	-1.6116924
BCCDDDCDCDDDBCDDABCAABCABDBACBDCAACAABCABACBCCABCACBCCCCCBDBADDBBBCBABBCBCCADAACCCBABADBCBAAABBCCBB	['D13B', 'D20A', 'D35C', 'D36A', 'C37A', 'C62D', 'A63D', 'C69A', 'A71B', 'C73B', 'A74C', 'C90B']	12	-3.4192195	-4.935223	-6.5469685	-1.6117454
AAADDDCDCBDDBCCDABBAABCABDBACBDCBABAABCACACBCDABCACBCBCCCBDBADDBBACBCBBCBACADABCCCBBBADBABAAABBCCBB	['B1A', 'C2A', 'C3A', 'D10B', 'D13B', 'D15C', 'C19B', 'D20A', 'A33B', 'D35B', 'D36A', 'C37A', 'B41C', 'C46D', 'C54B', 'C62D', 'A63D', 'B66A', 'A71B', 'C73B', 'A79B', 'A84B', 'C89A', 'C90B']	24	-1.6535301	-1.9068389	-3.518876	-1.6120372
BCCDDDCDCBDDBCDDABCDABCABDBACBDCAADDBBCABACBCDABCACBCBCCCBDBADDBBBCBCBACCACAAAACCCBBBADDCCAABBBCCBB	['D10B', 'D13B', 'C37B', 'C46D', 'C54B', 'C62D', 'A63D', 'D77A', 'A84B', 'B88D', 'A93B']	11	-1.6546206	-3.6398206	-5.252943	-1.6131225
BCCDDDCDCADABCDDABCDABCABDBACBDCAADDBBCABACBCCABCACBCCCCCBDBACDCBBCBCBACCACACAACCCBABADBCCAAABBCCBB	['D10A', 'D12A', 'D13B', 'C37B', 'A63D', 'B64C', 'D77C']	7	-3.4240365	-4.627116	-6.243676	-1.61656
BCCDDDCDCDDDDCCCABCDABCABDBACBDCAADDCBCABACBCCABCACBCCCCCBDBADCCBBCBCBACCACADAACCCBABADBCCAAABBCCBB	['D15C', 'D16C', 'C62D', 'A63C', 'B64C']	5	-3.4245548	-5.061142	-6.6782227	-1.6170807
BCCDDDCDCCDDBCDDABCCABCABDBACBDCAACACBCABACBCDABCCCBCCCCCBDBADDBBBCBCBBCCACCDAACCDBABADBCCAAABBCCBB	['D10C', 'D13B', 'D20C', 'D35C', 'D36A', 'C46D', 'A50C', 'C62D', 'A63D', 'A71B', 'A76C', 'C82D']	12	-1.6596193	-3.2899785	-4.9081078	-1.6181293
BCCDDDCDCCDDDCCDABCAABCABDBACBDCAADACBCABADBCDABCCCBBCCCCBDCADDBBBCBCBBCCCCADAACCCBABADBCBAAABBCCBB	['D10C', 'D15C', 'D20A', 'D36A', 'C43D', 'C46D', 'A50C', 'C53B', 'B60C', 'C62D', 'A63D', 'A71B', 'A74C', 'C90B']	14	-2.8304167	-1.6599731	-4.4488916	-1.618475
BCCDDDCDCDDDDCDDABCDABCABDBACBDCAADDCBCABACBCCABCACBCCCCDBDBACDCBBCBCBACCACACAACCCBABADBCCAAABBCCBB	['C57D', 'A63D', 'B64C', 'D77C']	4	-3.4260197	-3.9840727	-5.60262	-1.6185474
BCCDDDCDCDDDDCCDABDDABCABDBACBDCAACACBCABACBCCABCACBCCCCCBDBACDDBBCBCBACCACADAACCCBABADBCCAAABBCCBB	['D15C', 'C19D', 'D35C', 'D36A', 'A63D', 'B64D']	6	-3.426261	-5.8922863	-7.511074	-1.6187878
BCCDDDCDCDDDDCDDABCDABCABDBACBDCAADDCBBABACBCCABCACBCCCCCBDBACDBBBCBCBACCACADAACCCBABADBCCAAABBCCBB	['C39B', 'A63D']	2	-3.4272385	-5.927084	-7.546852	-1.6197681
BCCDDDCDCCDDDCDDABCCABCABDBACBDCAACACBCACACBCDABCACBCDCCCCDBADBBBBCBCBBDCACADAACCDBABADBCCAABBBCCBB	['D10C', 'D20C', 'D35C', 'D36A', 'B41C', 'C46D', 'C54D', 'B58C', 'C62D', 'A63B', 'A71B', 'C72D', 'C82D', 'A93B']	14	-1.6618261	-3.4121423	-5.0324736	-1.6203313
BCCDDDCDCCDDDCDDABCCABCABDBACBDCAACACBCACACBCDABCACBCDCCCCDBADBBBBCBCBBDCACADAACCDBABADBCCAABBBCCBB	['D10C', 'D20C', 'D35C', 'D36A', 'B41C', 'C46D', 'C54D', 'B58C', 'C62D', 'A63B', 'A71B', 'C72D', 'C82D', 'A93B']	14	-1.6618261	-3.4121423	-5.0324736	-1.6203313
BCCDDDCDCCDDDCDDABCCABCABDBACBDCAACACBCACACBCDABCACBCDCCCCDBADBBBBCBCBBDCACADAACCDBABADBCCAABBBCCBB	['D10C', 'D20C', 'D35C', 'D36A', 'B41C', 'C46D', 'C54D', 'B58C', 'C62D', 'A63B', 'A71B', 'C72D', 'C82D', 'A93B']	14	-1.6618261	-3.4121423	-5.0324736	-1.6203313
BCCDDDCDCCDDBCDDABCDABCABDBACBDCAADDCBCABACBCCABCACBCCCCCBDBADDCDBCBCBACCACADAACCCBABADBCCAAABBCCBB	['D10C', 'D13B', 'C62D', 'A63D', 'B64C', 'B65D']	6	-3.4286022	-5.0885725	-6.7097015	-1.621129
BCCDDDCDCBDDDDDDADCDABCABDBACBDCAADDBBCACACBCDABCACBCCCCCBDBACDBBBCBCBCACACADAACCCBABADBCCACBBBCCBB	['D10B', 'C14D', 'B18D', 'C37B', 'B41C', 'C46D', 'A63D', 'A71C', 'C72A', 'A92C', 'A93B']	11	-1.6633182	-2.3662214	-3.9880419	-1.6218204
BCCDDDCDCBDDDDDDADCDABCABDBACBDCAADDBBCACACBCDABCACBCCCCCBDBACDBBBCBCBCACACADAACCCBABADBCCACBBBCCBB	['D10B', 'C14D', 'B18D', 'C37B', 'B41C', 'C46D', 'A63D', 'A71C', 'C72A', 'A92C', 'A93B']	11	-1.6633182	-2.3662214	-3.9880419	-1.6218204
BCCDDDCACCDDDCDDABCDABCABDBACBDCAADDCBCACACBCDABCACBCCCCCBDBACDBBBCBCBABDACACAACCCBABADBCBAACBBCCBB	['D8A', 'D10C', 'B41C', 'C46D', 'A63D', 'C72B', 'C73D', 'D77C', 'C90B', 'A93C']	10	-3.383504	-1.6634254	-5.0054274	-1.6219234
BCCDDDCDCDDDDCDDABCDABCABDBACBDCAADACBCABACBCCABCACBCCCCCBDBADCBBBCBCBACCACADAACCDBABADBCCAAABBCCBB	['D36A', 'C62D', 'A63C', 'C82D']	4	-3.431316	-6.2415514	-7.8653984	-1.623847
BCCDDDCDCADDDCCDABCDABCABDBACBDCAADABBCABACBCCABCACBCCCCDBDBACDBBBCBCBACCACADAACCCBABADBCCAABBBCCBB	['D10A', 'D15C', 'D36A', 'C37B', 'C57D', 'A63D', 'A93B']	7	-3.4326038	-3.7989035	-5.4240303	-1.6251268
BCCDDDCDCDDDBCDDABCDABCABDBACBDCAADDBBCABACBCCABCACBCCCCCBDCCCDCBBCBCBACCACACAACCCBABADBCBAAABBCCBB	['D13B', 'C37B', 'B60C', 'A61C', 'A63D', 'B64C', 'D77C', 'C90B']	8	-3.4330363	-4.0919333	-5.717494	-1.6255608
BCCDDDCDCCACDDDBABCDABCABDBACBDCAADDABCABACBCDABCACBCCCCCBDBADDBBBCBCBDCCACACAACCCBBBADACBAABBBCCBB	['D10C', 'D11A', 'D12C', 'C14D', 'D16B', 'C37A', 'C46D', 'C62D', 'A63D', 'A71D', 'D77C', 'A84B', 'B88A', 'C90B', 'A93B']	15	-1.6675677	-2.936798	-4.562868	-1.62607
BCCDDDCDCDDDDCDDABCDABCABDBACBDCAADDABCABACBCCABCACBCCCCCBDBACBBBBCBCBACCACADAACCCBABADBCCAAABDCCBB	['C37A', 'A63B', 'B95D']	3	-3.4339108	-5.7841506	-7.410592	-1.6264415
BCCDDDCDCDDDDCCDABADABCABDBACBDCAADDCBCABACBCCABCACBCCCCDBDBACDBBBCBCBACCACADAACCCBABADBCCAAABBCCBB	['D15C', 'C19A', 'C57D', 'A63D']	4	-3.6025152	-3.4342165	-5.2292576	-1.6267424
BCCDDDCDCADDDCDDABCDABCABDBACBDCAADDABCACACBCCABCACBCCCCCBDBACDBBBCBCBACCACACAACCCBABADBCCAAABBCCBB	['D10A', 'C37A', 'B41C', 'A63D', 'D77C']	5	-3.4353504	-4.738568	-6.3664417	-1.6278739
BCCDDDCDCCDDDCDDABBDABCABDBACBDCAADDABCABACBCCABCACBCCCCCBDBACDBBBCBCBACCACACAACCCBABADBCBAAABBCCBB	['D10C', 'C19B', 'C37A', 'A63D', 'D77C', 'C90B']	6	-3.4354005	-4.837024	-6.4649515	-1.6279273
BCCDDDCDCDDDDCDDABCDABCABDBACBDDAACDBBCABABBCDBBCACBCCCCCBDBACDBBBCBCBACCACACAACCBBABADBCCAABBBCCBB	['C32D', 'D35C', 'C37B', 'C43B', 'C46D', 'A47B', 'A63D', 'D77C', 'C82B', 'A93B']	10	-1.6696911	-2.6608243	-4.2890205	-1.6281962
BCCDDDCDCBDBBCDDABCAABCABDBACBDCAACABBCABACBCCABCACBCDCCCBDBACDBBBCBCBDBCACADAACCCCBBADBABCAABBCCBB	['D10B', 'D12B', 'D13B', 'D20A', 'D35C', 'D36A', 'C37B', 'C54D', 'A63D', 'A71D', 'C72B', 'B83C', 'A84B', 'C89A', 'C90B', 'A91C']	16	-3.4359984	-3.9773884	-5.605913	-1.6285248
BCCDDDCDCDDDDCDDABCCABCABDBACBDCAADDCBCABACBCCABCACBCCCCDBDBADDBBBCBCBCCCACACAACCCBABADBCCAABBBCCBB	['D20C', 'C57D', 'C62D', 'A63D', 'A71C', 'D77C', 'A93B']	7	-3.5720844	-3.4360542	-5.2006664	-1.628582
BCCDDDCDCADDBDDDABCDABCABDBACBDCAADDCBCABACBCCABCACBCCCCCBDBACDBBBCBCBACCACADAACCCBABADBCCAAABBCCBB	['D10A', 'D13B', 'C14D', 'A63D']	4	-3.4364195	-4.847772	-6.476716	-1.6289439
BCCDDDCDCDDBDCDDABCDABCABDBACBDCAADDABCABACBCCABCACBCCCCCBDBACDBBBCBCBAACACACAACCCBABADBCCAAABBCCBB	['D12B', 'C37A', 'A63D', 'C72A', 'D77C']	5	-3.437152	-5.240125	-6.8698053	-1.6296802
BCCDDDCDCCDDDCDDABCDABCABDBACBDCAADDCBCABACBCDABCACBCCCCCBDBACDBBBCBCBBCDACACABCCCBBBADBCBAABBBCCBB	['D10C', 'C46D', 'A63D', 'A71B', 'C73D', 'D77C', 'A79B', 'A84B', 'C90B', 'A93B']	10	-1.6713943	-3.5724936	-5.2023907	-1.6298971
BCCDDDCDCCDDBDDDABCDABCABDBACBDCAADDCBCABACBCDABCACBCCCCCBDBACDBBBCBCBACCACCDAACCCBBBADBBCAAABBCCBB	['D10C', 'D13B', 'C14D', 'C46D', 'A63D', 'A76C', 'A84B', 'C89B']	8	-1.6717305	-4.0644517	-5.694682	-1.6302304
BCCDDDCDCDDDDCDDABCDABCABDBACBDCAADDCBCABACBCCABCACBCCCCCBDBACDBBBCBCBACCACACAACCCBABADBCCAABBBCCBB	['A63D', 'D77C', 'A93B']	3	-3.4381857	-5.636711	-7.2674236	-1.6307125
BCCDDDCDCDDDDCDDABCDABCABDBACBDCAADDCBCABACBCCABCACBCCCCCBDBACDBBBCBCBACCACACAACCCBABADBCCAABBBCCBB	['A63D', 'D77C', 'A93B']	3	-3.4381857	-5.636711	-7.2674236	-1.6307125
BCCDDDCDCDDDDCDDABCDABCABDBACBDCAADDCBCABACBCCABCACBCCCCCBDBACDBBBCBCBACCACACAACCCBABADBCCAABBBCCBB	['A63D', 'D77C', 'A93B']	3	-3.4381857	-5.636711	-7.2674236	-1.6307125
BCCDDDCDCDDDDCDDABCDABCABDBACBDCAADDCBCABACBCCABCACBCCCCCBDBACDBBBCBCBACCACACAACCCBABADBCCAABBBCCBB	['A63D', 'D77C', 'A93B']	3	-3.4381857	-5.636711	-7.2674236	-1.6307125
BCCDDDCDCDDDDCDDABCDABCABDBACBDCAADDCBCABACBCCABCACBCCCCCBDBACDBBBCBCBACCACACAACCCBABADBCCAABBBCCBB	['A63D', 'D77C', 'A93B']	3	-3.4381857	-5.636711	-7.2674236	-1.6307125
BCCDDDCDCDDDDCDDABCDABCABDBACBDCAADDCBCABACBCCABCACBCCCCCBDBACDBBBCBCBACCACACAACCCBABADBCCAABBBCCBB	['A63D', 'D77C', 'A93B']	3	-3.4381857	-5.636711	-7.2674236	-1.6307125
BCCDDDCDCDDDDCDDABCDABCABDBACBDCAADDCBCABACBCCABCACBCCCCCBDBACDBBBCBCBACCACACAACCCBABADBCCAABBBCCBB	['A63D', 'D77C', 'A93B']	3	-3.4381857	-5.636711	-7.2674236	-1.6307125
BCCDDDCDCDDDDCDDABCDABCABDBACBDCAADDCBCABACBCCABCACBCCCCCBDBACDBBBCBCBACCACACAACCCBABADBCCAABBBCCBB	['A63D', 'D77C', 'A93B']	3	-3.4381857	-5.636711	-7.2674236	-1.6307125
BCCDDDCDCDDDDCDDABCDABCABDBACBDCAADDCBCABACBCCABCACBCCCCCBDBACDBBBCBCBACCACACAACCCBABADBCCAABBBCCBB	['A63D', 'D77C', 'A93B']	3	-3.4381857	-5.636711	-7.2674236	-1.6307125
BCCDDDCDCDDDDCDDABCDABCABDBACBDCAADDCBCABACBCCABCACBCCCCCBDBACDBBBCBCBACCACACAACCCBABADBCCAABBBCCBB	['A63D', 'D77C', 'A93B']	3	-3.4381857	-5.636711	-7.2674236	-1.6307125
BCCDDDCDCDDDDCDDABCDABCABDBACBDCAADDCBCABACBCCABCACBCCCCCBDBACDBBBCBCBACCACACAACCCBABADBCCAABBBCCBB	['A63D', 'D77C', 'A93B']	3	-3.4381857	-5.636711	-7.2674236	-1.6307125
BCCDDDCDCDDDDCDDABCDABCABDBACBDCAADDCBCABACBCCABCACBCCCCCBDBACDBBBCBCBACCACACAACCCBABADBCCAABBBCCBB	['A63D', 'D77C', 'A93B']	3	-3.4381857	-5.636711	-7.2674236	-1.6307125
BCCDDDCDCDDDDCDDABCDABCABDBACBDCAADDCBCABACBCCABCACBCCCCCBDBACDBBBCBCBACCACACAACCCBABADBCCAABBBCCBB	['A63D', 'D77C', 'A93B']	3	-3.4381857	-5.636711	-7.2674236	-1.6307125
BCCDDDCDCDDDDCDDABCDABCABDBACBDCAADDCBCABACBCCABCACBCCCCCBDBACDBBBCBCBACCACACAACCCBABADBCCAABBBCCBB	['A63D', 'D77C', 'A93B']	3	-3.4381857	-5.636711	-7.2674236	-1.6307125
BCCDDDCDCDDDDCDDABCDABCABDBACBDCAADDCBCABACBCCABCACBCCCCCBDBACDBBBCBCBACCACACAACCCBABADBCCAABBBCCBB	['A63D', 'D77C', 'A93B']	3	-3.4381857	-5.636711	-7.2674236	-1.6307125
BCCDDDCDCDDDDCDDABCDABCABDBACBDCAADDCBCABACBCCABCACBCCCCCBDBACDBBBCBCBACCACACAACCCBABADBCCAABBBCCBB	['A63D', 'D77C', 'A93B']	3	-3.4381857	-5.636711	-7.2674236	-1.6307125
BCCDDDCDCDDDDCDDABCDABCABDBACBDCAADDCBCABACBCCABCACBCCCCCBDBACDBBBCBCBACCACACAACCCBABADBCCAABBBCCBB	['A63D', 'D77C', 'A93B']	3	-3.4381857	-5.636711	-7.2674236	-1.6307125
BCCDDDCDCDDDDCDDABCDABCABDBACBDCAADDCBCABACBCCABCACBCCCCCBDBACDBBBCBCBACCACACAACCCBABADBCCAABBBCCBB	['A63D', 'D77C', 'A93B']	3	-3.4381857	-5.636711	-7.2674236	-1.6307125
BCCDDDCDCDDDDCDDABCAABCABDBACBDCAADACBCABABBCCABCACBCCCCDBDBACDBBBCBCBBCCACADAACCCBABADBCBAAABBCCBB	['D20A', 'D36A', 'C43B', 'C57D', 'A63D', 'A71B', 'C90B']	7	-3.4383378	-4.227174	-5.858036	-1.6308622
BCCDDDCDCDDDDCCDABCDABCABDBACBDCAADDBBCABACBCCABCACBCCCCCBDBACCBBBCBCCACCACADAACCCBABADDCCAAABBCCBB	['D15C', 'C37B', 'A63C', 'B70C', 'B88D']	5	-3.4395795	-6.188864	-7.8209677	-1.6321034
BCCDDDCDCDDDDCDDABCDABCABDBACBDCAADDABCABACBCCABCACBCCCCCBDBACDDBBCBCBACCACADAACCCBABADBCCAAABBCCBB	['C37A', 'A63D', 'B64D']	3	-3.4416943	-5.9642396	-7.59846	-1.6342206
BCCDDDCDCADDDCDDABCDABCABDBACBDCAACDCBBABACBCDABCACBCCCCCCDBADDCBBCBCBACCACADAACCCBABADBCBAAABBCCBB	['D10A', 'D35C', 'C39B', 'C46D', 'B58C', 'C62D', 'A63D', 'B64C', 'C90B']	9	-1.6757593	-3.1847348	-4.8189993	-1.6342645
BCCDDDCDCCDDDCDDABCCABCABDBACBDCAACACBCACACBCCABCACBCBCCCBDCADDBBBCBCBBCBACADAACCCBABADBCBAABBBCCBB	['D10C', 'D20C', 'D35C', 'D36A', 'B41C', 'C54B', 'B60C', 'C62D', 'A63D', 'A71B', 'C73B', 'C90B', 'A93B']	13	-3.443254	-3.9351068	-5.570881	-1.6357741
BCCDDDCDCCDDBCDDABCDABCABDBACBDCAADABBCABACBCCABCACBCCCCCBDBADCCBBCBCBACCACADAACCCBABADBCBAAABBCCBB	['D10C', 'D13B', 'D36A', 'C37B', 'C62D', 'A63C', 'B64C', 'C90B']	8	-3.4452271	-4.8483405	-6.4860964	-1.6377559
BCCDDDCDCDDDDCDDABCDABCABDBACBDCAADDCBCABACBCCABCACBCBCCCBDBACBBBBCBCBACCACACAACCCBABADBCCAAABBCCBB	['C54B', 'A63B', 'D77C']	3	-3.4454708	-4.7697124	-6.407709	-1.6379967
BCCDDDCDCDDDDCDDABCDABCABDBACBDCAADACBCABACBCCABCACBCCCCDBDBADCBBBCBCBBCCACADAACCCBABADBCBAABBBCCBB	['D36A', 'C57D', 'C62D', 'A63C', 'A71B', 'C90B', 'A93B']	7	-3.4468188	-4.462986	-6.102331	-1.6393452
BCCDDDCDCDDDDCDDABCDABCABDBACBDCAADACBCABACBCCABCACBCCCCDBDBADCBBBCBCBBCCACADAACCCBABADBCBAABBBCCBB	['D36A', 'C57D', 'C62D', 'A63C', 'A71B', 'C90B', 'A93B']	7	-3.4468188	-4.462986	-6.102331	-1.6393452
BCCDDDCDCDDDDCDDABADABCABDBACBDCAADDCBCABACBCCABCACBCCCCCBDBACDBBBCBCBACCACACAACCCBABADBCCAABBBCCBB	['C19A', 'A63D', 'D77C', 'A93B']	4	-3.4472675	-5.087078	-6.7268705	-1.6397924
BCCDDDCDCDDBDCDDABCDABCABDBACBDCAADACBCABACBCCABCACBCCCCDBDCADDCBBCBCBACCACADAACCCBABADBCCAAABBCCBB	['D12B', 'D36A', 'C57D', 'B60C', 'C62D', 'A63D', 'B64C']	7	-4.2553425	-3.447536	-5.895405	-1.6400623
BCCDDDCDCCDDDCDDABCCABCABDBACBDCBADACBCABACBCDABCCCBCCCCCBDBACDCBBCBCBBDCACADAACCABABADBCCAAABBCCBB	['D10C', 'D20C', 'A33B', 'D36A', 'C46D', 'A50C', 'A63D', 'B64C', 'A71B', 'C72D', 'C82A']	11	-1.6820168	-3.0727468	-4.71327	-1.6405234
BCCDDDCDCDDDDCCDABCDABCABDBACBDCAADDCBCABACBCCABCACBCCCCCBDBACACBBCBCBACCACADAACCCBABADBCCAAABBCCBB	['D15C', 'B64C']	2	-3.4484634	-6.017974	-7.658964	-1.6409903
BCCDDDCDCDDDBACDABBDABCABDBACBDCAADDCBCABACBCCABCACBCCCCDBDBACDBBBCBABACCACADAACCCBABADBCBAAABBCCBB	['D13B', 'C14A', 'D15C', 'C19B', 'C57D', 'A63D', 'C69A', 'C90B']	8	-4.3473716	-3.4491959	-5.98909	-1.6417184
BCCDDDCDCDDDDCDDABCDABCABDBACBDCAACDCBCABACBCCABCACBCCCCCBDBADDDBBCBCBACCACADAACCCBABADBCCAABBBCCBB	['D35C', 'C62D', 'A63D', 'B64D', 'A93B']	5	-3.4494095	-5.591682	-7.233618	-1.6419358
BCCDDDCDCCDDBCDDABCDABCABDBACBDCAADDBBCABACBDDABCACBCCCCCBDBADDBBBCBCBCBCACACAACCABABADBCBAABBBCCBB	['D10C', 'D13B', 'C37B', 'C45D', 'C46D', 'C62D', 'A63D', 'A71C', 'C72B', 'D77C', 'C82A', 'C90B', 'A93B']	13	-2.232997	-1.6849756	-3.8764791	-1.6434822
BCCDDDCDCDDDDCCDABCDABCABDBACBDCAADACBCABACBCBABCACBCCCCCBDBACDBBBCBCAACCACADAACCBBABADBCCAAABBCCBB	['D15C', 'D36A', 'C46B', 'A63D', 'B70A', 'C82B']	6	-1.6437855	-3.687881	-5.3316593	-1.6437783
BCCDDDCDCDDDDCCDABCDABCABDBACBDCAADACBCABACBCBABCACBCCCCCBDBACDBBBCBCAACCACADAACCBBABADBCCAAABBCCBB	['D15C', 'D36A', 'C46B', 'A63D', 'B70A', 'C82B']	6	-1.6437855	-3.687881	-5.3316593	-1.6437783
BCCDDDCDCCDDDCDDABCDABCABDBACBDCAADDABCACACBCBABCACBCCCCCBDBACDBBBCBCBAACACADAACCABBBADBCCAABBBCCBB	['D10C', 'C37A', 'B41C', 'C46B', 'A63D', 'C72A', 'C82A', 'A84B', 'A93B']	9	-1.6447959	-3.5086756	-5.153466	-1.6447906
BCCDDDCDCDDDDCDDABCDABCABDBACBDCAADABBCABACBCCABCACBCCCCCBDBADDBBBCBDBAACACADAACCCBABADBCCADABBCCBB	['D36A', 'C37B', 'C62D', 'A63D', 'C69D', 'C72A', 'A92D']	7	-3.4524508	-4.5480533	-6.193035	-1.6449819
BCCDDDCDCDDDBCDDABCAABCABDBACBDCAACACBCABACBCCABCACBCCCCCBDBACDBBBCBCBBCCACADAACCCBABADBCCAABBBCCBB	['D13B', 'D20A', 'D35C', 'D36A', 'A63D', 'A71B', 'A93B']	7	-3.4532423	-6.0462403	-7.692006	-1.6457658
BCCDDDCDCDDDDCDDABCDABCABDBACBDCDADDCBCABACBCCABCACBCCCCDBDBACDBBBCBCBACCACADAACCCBABADBCCAAABBCCBB	['A33D', 'C57D', 'A63D']	3	-4.407611	-3.453988	-6.054123	-1.646512
BCCDDDCDCDDDDCDDABCDABCABDBACBDCAADDBBCABACBCCABCACBCCCCCBDBADBBBBCBCBACCCCACAACCCBABADBCCAAABBCCBB	['C37B', 'C62D', 'A63B', 'A74C', 'D77C']	5	-3.4573317	-4.0478396	-5.6977043	-1.6498647
BCCDDDCDCCDDDCDCABCDABCABDBACBDCAADDCBCABACBCCABCACBCCCCCBDCACABBBCBCBBCCACADAACCCBBBADBCCAABBBCCBB	['D10C', 'D16C', 'B60C', 'A71B', 'A84B', 'A93B']	6	-3.4573565	-6.1910105	-7.840892	-1.6498814
BCCDDDCDCBDDDCDDABCDABCABDBACDDCAACCCBCABACBCCABCACBCCCCCBDBADDBBBCBCBADCACACAACCCBABADCCCAABBBCCBB	['D10B', 'B30D', 'D35C', 'D36C', 'C62D', 'A63D', 'C72D', 'D77C', 'B88C', 'A93B']	10	-3.4582787	-7.1743116	-8.825115	-1.6508036
BCCDDDCDCDDDDCDDABCAABCABDBACBDCAADACBCABACBCCABCACBCCCCCBDBACABBBCBCBACCACADAACCDBABADBCCAAABBCCBB	['D20A', 'D36A', 'C82D']	3	-3.4586644	-6.840958	-8.492148	-1.6511903
BCCDDDCDCCDDDCDDABCDABCABDBACBDCAADDCBCABACBCDABCACBBDCCCBDCADDBBBCBCBDCDACACAACCCBABADBCBAABBBCCBB	['D10C', 'C46D', 'C53B', 'C54D', 'B60C', 'C62D', 'A63D', 'A71D', 'C73D', 'D77C', 'C90B', 'A93B']	12	-3.3593931	-1.692769	-5.010663	-1.6512699
BCCDDDCDCDDCDDDDABCDABCABDBACBDCAADDCBCABACBCCABCACBCCCCCBDBACDBBBCBCBAACACACAACCCBABADBCCAABBBCCBB	['D12C', 'C14D', 'A63D', 'C72A', 'D77C', 'A93B']	6	-3.458784	-5.265047	-6.916357	-1.65131
BCCDDDCDCDDDDDDDABCDABCABDBACBDCAADDCBCABACBCDABCACBCDCCCBDBACABBBCBCBBCCACADAACCBBABADBCCAAABBCCBB	['C14D', 'C46D', 'C54D', 'A71B', 'C82B']	5	-1.6932487	-3.3258805	-4.9776316	-1.651751
BCCDDDCDCDDBDCDDABCDABCABDBACBDCAADDCBCABACBCCABCACBCCCCDBDBACDCBBCBCBACCACACAACCCBABADBCCAAABBCCBB	['D12B', 'C57D', 'A63D', 'B64C', 'D77C']	5	-3.4594173	-3.7028608	-5.354806	-1.6519451
BCCDDDCDCCDDBCDDABCDABCABDBACBDCAADDCBCABACBCCABCACBCCCCCBDBADDBBBBBCBACCACADAACCCBABADBCCAAABBCCBB	['D10C', 'D13B', 'C62D', 'A63D', 'C67B']	5	-3.460744	-4.404939	-6.0582066	-1.6532674
BCCDDDCDCDDDBCCDABCDABCABDBACBDCAADDCBCABACBCCABCACBCCCCCBDBACDBBBCBCBACCACACAACCCBABADBCCAAABBCCBB	['D13B', 'D15C', 'A63D', 'D77C']	4	-3.4622316	-5.260452	-6.915208	-1.6547561
BCCDDDCDCDDDDCDDABCDABCABDBACBDCAADDCBCABACBCCABCACBCCCCCBDBADDBBBCBCBACCACACAACCCBABADBCCAABBBCCBB	['C62D', 'A63D', 'D77C', 'A93B']	4	-3.4629946	-5.1931734	-6.8486958	-1.6555223
BCCDDDCDCDDDDCDDABCDABCABDBACBDCAADDCBCABACBCCABCACBCCCCCBDBADDBBBCBCBACCACACAACCCBABADBCCAABBBCCBB	['C62D', 'A63D', 'D77C', 'A93B']	4	-3.4629946	-5.1931734	-6.8486958	-1.6555223
BCCDDDCDCDDDDCDDABCDABCABDBACBDCAADDCBCABACBCCABCACBCCCCCBDBADDBBBCBCBACCACACAACCCBABADBCCAABBBCCBB	['C62D', 'A63D', 'D77C', 'A93B']	4	-3.4629946	-5.1931734	-6.8486958	-1.6555223
BCCDDDCDCDDDDCDDABCDABCABDBACBDCAADDCBCABACBCCABCACBCCCCCBDBADDBBBCBCBACCACACAACCCBABADBCCAABBBCCBB	['C62D', 'A63D', 'D77C', 'A93B']	4	-3.4629946	-5.1931734	-6.8486958	-1.6555223
AAADDDCDCDDDDCDDABCDABCABDBACBDCAADDCBCABACBCCABCACBCCCCCBDBACDBBBCBCBACCACADAACCCBABADBCCAAABBCCBB	['B1A', 'C2A', 'C3A', 'A63D']	4	-3.4633732	-4.9552174	-6.6111164	-1.655899
BCCDDDCDCDDDBDDDABCDABCABDBACBDCAACDCBCACACBCCABCACBCCCCCBDBACDBBBCBCBBACACADAACCCBABADBCCAABBBCCBB	['D13B', 'C14D', 'D35C', 'B41C', 'A63D', 'A71B', 'C72A', 'A93B']	8	-3.4634285	-5.2919617	-6.947912	-1.6559505
BCCDDDCDCCDDBCDDABCBABCABDBACBDCAADACBCABACBCDAACACBCCCCCBDBACDCBBCBBBACCACADAACCBBABADBCBAAABBCCBB	['D10C', 'D13B', 'D20B', 'D36A', 'C46D', 'B48A', 'A63D', 'B64C', 'C69B', 'C82B', 'C90B']	11	-1.6978431	-2.634943	-4.2912874	-1.6563444
BCCDDDCDCCDDBCDDABCBABCABDBACBDCAADACBCABACBCDAACACBCCCCCBDBACDCBBCBBBACCACADAACCBBABADBCBAAABBCCBB	['D10C', 'D13B', 'D20B', 'D36A', 'C46D', 'B48A', 'A63D', 'B64C', 'C69B', 'C82B', 'C90B']	11	-1.6978431	-2.634943	-4.2912874	-1.6563444
BCCDDDCDCDDDBCDDABCDABCABDBACBDCAADDBBCABACBCCABCACBCCCCCBDBADDBBBCBCBACCBCADAACCCBABADBCCAAABBCCBB	['D13B', 'C37B', 'C62D', 'A63D', 'A74B']	5	-3.4638948	-4.4635973	-6.120021	-1.6564236
BCCDDDCDCDDDDCDDABCDABCABDBACBDCAADDBBCABACBCCABCACBCCCCCBDBACCBBBCBCBCCCACACAACCCBABADBCBAABBBCCBB	['C37B', 'A63C', 'A71C', 'D77C', 'C90B', 'A93B']	6	-3.4653506	-5.30944	-6.9673185	-1.6578784
AAADDDCDCDDDDCDDABCDABCABDBACBDCAADDCBCACACBCCABCACBCCCCCBDBACCCBBCBCBACCACADAACCCBABADBCCAAABBCCBB	['B1A', 'C2A', 'C3A', 'B41C', 'A63C', 'B64C']	6	-3.465849	-4.9789805	-6.637354	-1.6583734
BCCDDDCDCADDBCCDABBAABCABDBACBDCAADACBCABACBCDABCACBCDCCCBDBADDBBBCBCBCCBACADAACCABBBADBCCAAABBCCBB	['D10A', 'D13B', 'D15C', 'C19B', 'D20A', 'D36A', 'C46D', 'C54D', 'C62D', 'A63D', 'A71C', 'C73B', 'C82A', 'A84B']	14	-1.7003322	-1.99647	-3.6553097	-1.6588397
BCCDDDCDCDDDDCDDABCDABCABDBACBDCAADDABCABACBCCABCACBCCCCCBDBACDDBBCBCBACCACACAACCCBABADBCCAAABBCCBB	['C37A', 'A63D', 'B64D', 'D77C']	4	-3.4668446	-5.8814135	-7.540785	-1.6593714
BCCDDDCDCADADCCBABCBABCABDBACBDCAAAACBCACACBCCABCACBCCCCCBDBADDBBBCBAAACDACADAACCCBABADBCBAAABBCCBB	['D10A', 'D12A', 'D15C', 'D16B', 'D20B', 'D35A', 'D36A', 'B41C', 'C62D', 'A63D', 'C69A', 'B70A', 'C73D', 'C90B']	14	-3.4678426	-3.753737	-5.4141064	-1.6603694
BCCDDDCDCDDBDDDDABDDABCABDBACBDCAADDCBCACACBCBABCACBCDCCCBDBACACBBCBCBACCACADAACCBBABADBCCAAABBCCBB	['D12B', 'C14D', 'C19D', 'B41C', 'C46B', 'C54D', 'B64C', 'C82B']	8	-1.6615753	-2.5255842	-4.187153	-1.6615686
BCCDDDCDCCDDDCCDABCAABCABDBACBDCAADDCBCABACBCDABCACBCCCCCBDBADDBBBCBCBBCBACACAACCCBBBADBCBAABBBCCBB	['D10C', 'D15C', 'D20A', 'C46D', 'C62D', 'A63D', 'A71B', 'C73B', 'D77C', 'A84B', 'C90B', 'A93B']	12	-1.7037926	-3.2691154	-4.9314117	-1.6622963
BCCDDDCDCDDDDCDDABBDABCABDBACBDCAADDCBCABACBCCABCACBCCCCCBDBACBBBBCBCBBCCACACADCCCBABADBCCAABBBCCBB	['C19B', 'A63B', 'A71B', 'D77C', 'A79D', 'A93B']	6	-3.470255	-5.0837936	-6.7465754	-1.6627817
BCDDDDCDCCDCDDDDABCDABCABDBACBDCAADDCBCABACBCCABCACBCCCCCBDBADDBBBDBCBACCACACAACCCBABADBCCAAABBCCBB	['C3D', 'D10C', 'D12C', 'C14D', 'C62D', 'A63D', 'C67D', 'D77C']	8	-3.4709024	-3.6414618	-5.3048887	-1.6634269
AAADDDCDCDDDDCDDABCDABCABDBACBDCAACDCBCABACBCCABCACBCCCCCBDBACDDBBCBCBACCACADAACCCBABADBCCAAABBCCBB	['B1A', 'C2A', 'C3A', 'D35C', 'A63D', 'B64D']	6	-3.4749393	-5.270899	-6.938363	-1.6674643
AAADDDCDCDDDDCDDABCDABCABDBACBDCAADDCBCABACBCCABCACBCCCCCBDBACABBBCBCBACCACADAACCCBABADBCCAAABBCCBA	['B1A', 'C2A', 'C3A', 'B99A']	4	-3.4750614	-5.7235575	-7.3911457	-1.6675882
AAADDDCDCCDDDCDDABCDABCABDBACBDCAADDABCABACBCDBBCACBBDCCCBDBACABBBCBCBBCCACACAACCABABADBCBAABBBCCBB	['B1A', 'C2A', 'C3A', 'D10C', 'C37A', 'C46D', 'A47B', 'C53B', 'C54D', 'A71B', 'D77C', 'C82A', 'C90B', 'A93B']	14	-1.7093678	-2.7744513	-4.4423275	-1.6678762
BCCDDDCDCADDDCDDABCDABCABDBACBDCAADDCBCACACBCCABCACBCCCCCBDCADDBBBCBCBACCACADAACCCBABADBCCAABBBCCBB	['D10A', 'B41C', 'B60C', 'C62D', 'A63D', 'A93B']	6	-3.4799452	-4.2434177	-5.915885	-1.6724672
BCCDDDCDCDDDDCDDABCDABCABDBACDDCAADDCBCABACBCCABCACBCCCCCBDBACDDBBCBCBACCACACAACCCBABADBCCAABBBCCBB	['B30D', 'A63D', 'B64D', 'D77C', 'A93B']	5	-3.4802608	-7.0822554	-8.755045	-1.6727896
AAADDDCDCADDBCDDABCDABCABDBACBDCAACDABCABACBCCABCACBCCCCDBDBACDBBBCBCBACCACADAACCCBABADBCCAABBBCCBB	['B1A', 'C2A', 'C3A', 'D10A', 'D13B', 'D35C', 'C37A', 'C57D', 'A63D', 'A93B']	10	-3.480505	-3.8798819	-5.5529127	-1.6730309
BCCDDDCDCBDDDCDDABCDABCABDBACBDCAADDCBCABACBCBABCACBCCCCCBDBACDBBBBBABBCCACADAACCCBABADBCBAACBBCCBB	['D10B', 'C46B', 'A63D', 'C67B', 'C69A', 'A71B', 'C90B', 'A93C']	8	-1.6734815	-2.5835285	-4.256997	-1.6734686
BCCDDDCDCDDDDCDDABCDABCABDBACBDCAADDABAABACBCCABCACBCCCCCBDBACDCBBCBCBACCACADAACCCBABADBCCAAABBCCBB	['C37A', 'C39A', 'A63D', 'B64C']	4	-3.4809895	-5.1702366	-6.843755	-1.6735182
BCCDDDCDCDDDDCDDABCDABCABDBACBDCAADDCBCABACBCCABCACBCBCCDBDBACDBBBCBCBACCACADAACCCBABADBCCAAABBCCBB	['C54B', 'C57D', 'A63D']	3	-3.4810982	-3.7175212	-5.391143	-1.6736217
BCCDDDCDCCDDBCCDABCDABCABDBACDDCAADDCBCABACBCCABCACBCCCCCBDBACDBBBCBCBACCACADAACCCBABADBCCAAABBCCBB	['D10C', 'D13B', 'D15C', 'B30D', 'A63D']	5	-3.48238	-6.299395	-7.9743013	-1.6749063
BCCDDDCDCCDDDCBDABCDABCABDBACBDCAADDABCABACBCCABCACBCCCCCBDBADDBBBCBCBACCACACAACCCBABADBCCAAABBCCBB	['D10C', 'D15B', 'C37A', 'C62D', 'A63D', 'D77C']	6	-3.4831734	-4.5197353	-6.1954355	-1.6757002
BCCDADCDCCDDDCDDABBDABCABDBACBDCAACDBBCABACBCDABCACBCDCCCBDBACDCBBCBCBACCACACAACCABABADBCBAABBBCCBB	['D5A', 'D10C', 'C19B', 'D35C', 'C37B', 'C46D', 'C54D', 'A63D', 'B64C', 'D77C', 'C82A', 'C90B', 'A93B']	13	-1.7195406	-2.4098768	-4.087919	-1.6780424
BCCDDDCDCCDDBCDDABCDABCABDBACBDCAADDCBCABACBCCABCACBCCCCCBDBACACBBCBCBACCACADAACCCBABADBCCAAABBCCBB	['D10C', 'D13B', 'B64C']	3	-3.4856997	-5.8090935	-7.487318	-1.6782246
AAADDDCDCDDDDCDDABCDABCABDBACBDCAADDCBCABACBCCABCACBCCCCCBDBADDABBCBCBACCACADAACCCBABADBCCAAABBCCBB	['B1A', 'C2A', 'C3A', 'C62D', 'A63D', 'B64A']	6	-3.4867067	-4.266261	-5.9454927	-1.6792316
BCCDDDCDCDDDDCDDABCDABCABDBACBDCAACDCBCABACBCCABCACBCCCCCBDBACDCBBCBCBACCACADAACCCBABADBCCAAABBCCBB	['D35C', 'A63D', 'B64C']	3	-3.4867687	-5.4664073	-7.1457024	-1.6792951
BCCDDDCDCDDDDCDDABCDABCABDBACBDCAACDCBCABACBCCABCACBCCCCCBDBACDCBBCBCBACCACADAACCCBABADBCCAAABBCCBB	['D35C', 'A63D', 'B64C']	3	-3.4867687	-5.4664073	-7.1457024	-1.6792951
BCCDDDCDCDDDDCDDABCDABCABDBACBDCAACDCBCABACBCCABCACBCCCCCBDBACDCBBCBCBACCACADAACCCBABADBCCAAABBCCBB	['D35C', 'A63D', 'B64C']	3	-3.4867687	-5.4664073	-7.1457024	-1.6792951
BCCDDDCDCDDDDCDDABCDABCABDBACBDCAACDCBCABACBCCABCACBCCCCCBDBACDCBBCBCBACCACADAACCCBABADBCCAAABBCCBB	['D35C', 'A63D', 'B64C']	3	-3.4867687	-5.4664073	-7.1457024	-1.6792951
BCCDDDCDCADADCDDABCDABCABDBACBDDAACACBCABACBCDBBCACBBCACCBDBACDBBBCBCBDCCACADAACCBBABADBCCAABBBCCBB	['D10A', 'D12A', 'C32D', 'D35C', 'D36A', 'C46D', 'A47B', 'C53B', 'C55A', 'A63D', 'A71D', 'C82B', 'A93B']	13	-1.1984468	-2.452073	-4.1314507	-1.6793776
BCCDDDCDCDDDDCDDABBDABCABDBACBDCAADDCBCABACBCCABCACBCCCCCBDBACDCBBCBCBACCACADAACCCBABADBCCAAABBCCBB	['C19B', 'A63D', 'B64C']	3	-3.4870281	-5.055963	-6.7355185	-1.6795554
BCCDDDCDCCDDDCDDABCDABCABDBACDDCAADDCBCABACBCCABCACBCCCCCBDBADCBBBCBCBACCACADAACCCBABADCCCAABBBCCBB	['D10C', 'B30D', 'C62D', 'A63C', 'B88C', 'A93B']	6	-3.4872756	-7.303712	-8.983515	-1.6798029
BCCDDDCDCDDDDCDDABCDABCABDBACBDCAACDCBCACACBCCABCACBCCCCCBDBACDBBBCBABCCCACADAACCCBABADBCCAABBCCCBB	['D35C', 'B41C', 'A63D', 'C69A', 'A71C', 'A93B', 'B95C']	7	-3.487883	-4.0722785	-5.7526846	-1.6804061
BCCDDDCDCDDDDCDDABCDABCABDBACBDCAADDBBCABACBCCABCACBCCCCDBDCACDBBBCBCBBCBACADAACCCBABADBCBAABBBCCBB	['C37B', 'C57D', 'B60C', 'A63D', 'A71B', 'C73B', 'C90B', 'A93B']	8	-3.6754966	-3.4882016	-5.356222	-1.6807256
AAADDDCDCDDDDCDDABCDABCABDBACBDCAADDCBCABACBCCABCACBCCCCCBDBACDBBBCBCBACCACACAACCCBABADBCCAAABBCCBB	['B1A', 'C2A', 'C3A', 'A63D', 'D77C']	5	-3.4885235	-4.872391	-6.553439	-1.6810479
AAADDDCDCDDDDCDDABCDABCABDBACBDCAADDCBCABACBCCABCACBCCCCCBDBADBBBBCBCBACCACACAACCCBABADBCCAABBBCCBB	['B1A', 'C2A', 'C3A', 'C62D', 'A63B', 'D77C', 'A93B']	7	-3.4894485	-4.568422	-6.2503977	-1.6819758
BCCDDDCDCDDDDCCDABBDABCABDBACBDCAACDCBCABACBCDABCACBCCCCDBDBACDBBBCBCBCCCACADAACCABAAADBCCAABBBCCBB	['D15C', 'C19B', 'D35C', 'C46D', 'C57D', 'A63D', 'A71C', 'C82A', 'B85A', 'A93B']	10	-2.5751867	-1.7246561	-4.2583456	-1.6831589
BCCDDDCDCDDDDACDABADABCABDBACBDCAADDCBCABACBCCABCACBCCCCCBDCCDDCBBCBCBACCACADAACCCBABADBCCAABBBCCBB	['C14A', 'D15C', 'C19A', 'B60C', 'A61C', 'C62D', 'A63D', 'B64C', 'A93B']	9	-3.4910793	-4.1876755	-5.871276	-1.6836004
AAADDDCDCDDDDCDDABCDABCABDBACBDCAADDCBCABACBCCABCACBCCCCCBDCCCDDBBCBCBACCACACAACCCBABADBCCAAABBCCBB	['B1A', 'C2A', 'C3A', 'B60C', 'A61C', 'A63D', 'B64D', 'D77C']	8	-3.4912767	-4.4623046	-6.146105	-1.6838002
BCCDDDCDCCDDDCDCABBCABCABDBACBDCAACACBAABACBCDABCACBCBCCCBDBADACBBCBCCACCCCADAACCBBBBADBCCAAABBCCBB	['D10C', 'D16C', 'C19B', 'D20C', 'D35C', 'D36A', 'C39A', 'C46D', 'C54B', 'C62D', 'B64C', 'B70C', 'A74C', 'C82B', 'A84B']	15	-2.3383117	-1.7276082	-4.0244255	-1.6861138
BCCDDDCDCDDDDCDDABCDABCABDBACBDCAADDABCACACBCCABCACBCCCCCBDBADBBBBCBCBBCCACACAACCCBABADBCCAABBBCCBB	['C37A', 'B41C', 'C62D', 'A63B', 'A71B', 'D77C', 'A93B']	7	-3.494544	-4.9734015	-6.6604757	-1.6870742
BCCDDDCDCDDDDCDDABCDABCABDBACBDCAADDCBCABACBCCABCACBCCCCDBDBACDBBBCBCBACCACACAACCCBABADBDCAAABBCCBB	['C57D', 'A63D', 'D77C', 'C89D']	4	-3.4959607	-4.0276313	-5.716118	-1.6884866
BCCDDDCDCCDDDCDDABBDABCABDBACBDCAADDABCABACBBCABCACBCCCCCBDBACDBBBCBCBCCCACACAACCCBABADDCBAABBBCCBB	['D10C', 'C19B', 'C37A', 'C45B', 'A63D', 'A71C', 'D77C', 'B88D', 'C90B', 'A93B']	10	-3.4960365	-6.755852	-8.444414	-1.6885619
BCCDDDCDCDDDDCDDABCAABCABDBACBDCAACACBCACACBCCABCACBCDCCCBDBADACBBCBCBACCBCADAACCCBABADBCCAAABBCCBB	['D20A', 'D35C', 'D36A', 'B41C', 'C54D', 'C62D', 'B64C', 'A74B']	8	-3.4971972	-5.206917	-6.896641	-1.689724
BCCDDDCDCADDBCCDABCDABCABDBACBDCAADACBCABADBCCABCACBCCCCCBDBACDBBBCBCBACCACADAACCCBABADBCCAAABBCCBB	['D10A', 'D13B', 'D15C', 'D36A', 'C43D', 'A63D']	6	-3.4973965	-4.6750984	-6.36502	-1.6899214
BCCDDDCDCDDDDCDDABCDABCABDBACBDCAADDCBCACACBCCABCACBCCCCCBDBADCBBBCBAABCBACACAACCCBABADBCBAAABBCCBB	['B41C', 'C62D', 'A63C', 'C69A', 'B70A', 'A71B', 'C73B', 'D77C', 'C90B']	9	-3.498464	-5.032963	-6.7239523	-1.6909895
BCCDDDCDCCDDDCDDABCCABCABDBACBDCAACACBCABACBCCABCACBBCCCCBDBACDBBBCBCBDCCACADAACCCBBBADBCBAAABBCCBB	['D10C', 'D20C', 'D35C', 'D36A', 'C53B', 'A63D', 'A71D', 'A84B', 'C90B']	9	-3.499167	-4.9678946	-6.659589	-1.6916943
BCCDDDCDCCDDDCDDABCDABCABDBACBDCAADDCBCABACBCCABCACBCCCCCBDBACDBBBCBABACBACADAACCCBABADBCBAAABBCCBB	['D10C', 'A63D', 'C69A', 'C73B', 'C90B']	5	-3.499308	-4.677153	-6.368987	-1.691834
BCCDDDCDCDDADCDDABCDABCABDBACBDCAADDCBCABACBCCABCACBCCCCCBDBACDCBBCBCBACCACACAACCCBABADBCCAABBBCCBB	['D12A', 'A63D', 'B64C', 'D77C', 'A93B']	5	-3.4993696	-5.825417	-7.517314	-1.6918969
BCCDDDCDCDDDDCCDABBCABCABDBACBDCAACABBCACACBCCABCACBCDCCCBDCDCDBBACBCBBCCACADAACCCBBBADCCBAAABBCCBB	['D15C', 'C19B', 'D20C', 'D35C', 'D36A', 'C37B', 'B41C', 'C54D', 'B60C', 'A61D', 'A63D', 'B66A', 'A71B', 'A84B', 'B88C', 'C90B']	16	-3.4996338	-5.5382047	-7.230362	-1.6921573
AAADDDCDCDDDDCDDABCDABCABDBACBDCAACDCBCABACBCCABCACBCCCCCBDBADDDBBCBCBACCACADAACCCBABADBCCAAABBCCBB	['B1A', 'C2A', 'C3A', 'D35C', 'C62D', 'A63D', 'B64D']	7	-3.4997473	-4.82736	-6.519635	-1.692275
BCCDDDCDCDDDDCDDABCDABCABDBACBDCAADDABCACACBCCABCACBCCCCCBDBACBCBBCBCBACCACADAACCCBABADBCCAABBBCCBB	['C37A', 'B41C', 'A63B', 'B64C', 'A93B']	5	-3.5002413	-5.484773	-7.1775446	-1.6927714
BCCDDDCDCDDDDCDDABCDABCABDBACBDCAADDABCACACBCCABCACBCCCCCBDBACBCBBCBCBACCACADAACCCBABADBCCAABBBCCBB	['C37A', 'B41C', 'A63B', 'B64C', 'A93B']	5	-3.5002413	-5.484773	-7.1775446	-1.6927714
BCCDDDCDCCDDBCDDABCDABCABDBACBDCAADDABCACACBCCABCACBCCCCCBDBACBCBBCBCBACCACACAACCCBABADBCCAAABBCCBB	['D10C', 'D13B', 'C37A', 'B41C', 'A63B', 'B64C', 'D77C']	7	-3.5020304	-4.820475	-6.515033	-1.6945577
AAAADDCDCDDDDCDDABBDABCABDBACBDCAADDABCABACBCCABCACBCCCCCBDBACACBBCBDBAACACADAACCCBABADBCCAAABBCCBB	['B1A', 'C2A', 'C3A', 'D4A', 'C19B', 'C37A', 'B64C', 'C69D', 'C72A']	9	-3.5028982	-5.2384057	-6.933831	-1.6954255
BCCCDDCDCDDDBCDDAABDABCABDBACBDCAADDCBCABABBCCABCACBCCCCCBDBACDBBBCBCBACCACADAACCCBABADBCCADABBCCBB	['D4C', 'D13B', 'B18A', 'C19B', 'C43B', 'A63D', 'A92D']	7	-3.504161	-5.7592764	-7.455968	-1.6966915
BCCDDDCDCDDDBCDDABCDABCABDBACBDCAADDCBCABACBCCABCACBCCCCCBDBADCCBBCBCBACCACADAACCCBABADBCCAAABBCCBB	['D13B', 'C62D', 'A63C', 'B64C']	4	-3.5046988	-5.3463135	-7.043541	-1.6972275
BCCDDDCDCDDADCDDABBAABCABDBACDDCAADDCBCABACBCCABCACBCCCCCBDBADDBBBCBCBCCCCCACAACCCBACADCCCAAABBCCBB	['D12A', 'C19B', 'D20A', 'B30D', 'C62D', 'A63D', 'A71C', 'A74C', 'D77C', 'B85C', 'B88C']	11	-3.5049248	-5.766755	-7.4642096	-1.6974545
BCCDDDCDCDDDDCDDABCDABCABDBACBDCAADDABCABACBCCABCACBCCCCCBDBACBCBBCBCBACCACACAACCCBABADBCCAAABBCCBB	['C37A', 'A63B', 'B64C', 'D77C']	4	-3.505128	-5.4521685	-7.149829	-1.6976604
BCCDDDCDCDDDBCCDABCDABCABDBACBDCAADDABCABACBCCABCACBCCCCCBDBCCDBBBCBCBACCACADAACCCBABADBCCAAABBCCBB	['D13B', 'D15C', 'C37A', 'A61C', 'A63D']	5	-3.5061264	-5.1560073	-6.854659	-1.6986518
BCCDDDCDCDDDDCDDABDDABCABDBACBDCAADDCBCABACBCCABCACBCCCCCBDBACCBBBCBCBACCACADAACCCBABADBCCAAABBCCBB	['C19D', 'A63C']	2	-3.5074224	-5.6706862	-7.370636	-1.6999497
AAADDDCDCDDDDCDDABCDABCABDBACBDCAADDCDCABACBCCABCACBCCCCDBDCCCDBBBCBCBBDCACACAACCCBABADBCCAABBBCCBB	['B1A', 'C2A', 'C3A', 'B38D', 'C57D', 'B60C', 'A61C', 'A63D', 'A71B', 'C72D', 'D77C', 'A93B']	12	-3.7571335	-3.50764	-5.457299	-1.7001657
BCCDBDCDCDDABCDDABCDABCABDBACBDCAADDBBCABACBCCABCACBCCCCCBDBACDBBBCBCBCCCACACAACCCBABADBCBAAABBCCBB	['D5B', 'D12A', 'D13B', 'C37B', 'A63D', 'A71C', 'D77C', 'C90B']	8	-3.5081086	-5.0858107	-6.7864428	-1.7006321
BCCDDDCDCBDDDCDDABCDABCABDBACBDCAADDABCACACBCCABCACBCCCCCBDBACDBBBCBCCACCACADAACCCBABADBCCAABBBCCBB	['D10B', 'C37A', 'B41C', 'A63D', 'B70C', 'A93B']	6	-3.5087757	-5.5173197	-7.2186174	-1.7012978
BCCDDDCDCADDDCCDABCAABCABDBACDDCAACCABCACACBCCABCACBCCCCCBDBACDBBBCBCBACCACADAACCCBACADCCCAAABBCCBB	['D10A', 'D15C', 'D20A', 'B30D', 'D35C', 'D36C', 'C37A', 'B41C', 'A63D', 'B85C', 'B88C']	11	-3.5087905	-6.5451097	-8.246425	-1.7013149
BCCDDDCDCDDDDCDDABCDABCABDBACBDCAADDCBCABACBCCABCACBCCCCCBDBACACBBCBCBACCACADAACCCBABADBCCAABBBCCBB	['B64C', 'A93B']	2	-3.5090618	-6.3905654	-8.0921545	-1.7015891
AAADDDCDCDDDDCDDABCDABCABDBACBDCAADDCBCABACBCCABCACBCCCCDBDBACDBBBCBCBACCACACAACCCBABADBCCAAABBCCBB	['B1A', 'C2A', 'C3A', 'C57D', 'A63D', 'D77C']	6	-3.729519	-3.509296	-5.43134	-1.7018213
BCCDDDCDCDDDBDDDABCDABCABDBACBDCAADDCBCACACBCCABCACBCCCCDBDBACDBBBCBCBACCACADAACCCBABADBCCAAABBCCBB	['D13B', 'C14D', 'B41C', 'C57D', 'A63D']	5	-4.472967	-3.512518	-6.178009	-1.7050419
BCCDDDCDCDDDBCDDABCDABCABDBACBDCAADDCBCACACBCCABCACBCCCCCBDBACDCBBCBCBADCACACAACCCBABADBCCAAABBCCBB	['D13B', 'B41C', 'A63D', 'B64C', 'C72D', 'D77C']	6	-3.5126925	-5.0028768	-6.7080936	-1.7052169
BCCDDDCDCCDDDCDDABCDABCABDBACBDCAADDBBCABACBCCABCACBCCCCCBDCACDBBACBCBCBCACACAACCCBABADBCBAAABBCCBB	['D10C', 'C37B', 'B60C', 'A63D', 'B66A', 'A71C', 'C72B', 'D77C', 'C90B']	9	-3.6550608	-3.5128975	-5.360483	-1.7054224
BCCDDDCDCCDDDCDDABCDABCABDBACBDCAADDCBCABACBCDBBCACBCCCCCBDBACDBBBCBCBBCCACCDAACCCBABADBCCAAABBCCBB	['D10C', 'C46D', 'A47B', 'A63D', 'A71B', 'A76C']	6	-1.7475715	-2.8232641	-4.529337	-1.7060728
BCCDDDCDCCADBDDDABCAABCABDBACBDDAADDCBCACACBCDBBCACBCBCCCCDCACDBBBCBCBDCBACACAACCCBABADBABAABBBCCBB	['D10C', 'D11A', 'D13B', 'C14D', 'D20A', 'C32D', 'B41C', 'C46D', 'A47B', 'C54B', 'B58C', 'B60C', 'A63D', 'A71D', 'C73B', 'D77C', 'C89A', 'C90B', 'A93B']	19	-1.7480421	-1.8156056	-3.522151	-1.7065454
BCCDDDCDCCDDDCDDABCDABCABDBACBDCAACDBBCABACBCCABCACBCCCCCBDBACDDBBCBCBCDCACACAACCCBABADBCCAAABBCCBB	['D10C', 'D35C', 'C37B', 'A63D', 'B64D', 'A71C', 'C72D', 'D77C']	8	-3.5140224	-4.9419727	-6.6485224	-1.7065496
BCCDDDCDCCDDDCDDABCDABCDBDBACBDCAADDCBCABACBCBABCACBCCCCCBDBACDBBBCBCBCCBACACAACCCBABADBCCAAABBCCBB	['D10C', 'A24D', 'C46B', 'A63D', 'A71C', 'C73B', 'D77C']	7	-1.7069097	-2.458096	-4.164998	-1.706902
BCCDDDCDCDDDBCDDABCDABCABDBACBDCAACACBCACACBCCABCACBCCCCDBDBACDBBBCBABCCCACADAACCCBABADBCBAAABBCCBB	['D13B', 'D35C', 'D36A', 'B41C', 'C57D', 'A63D', 'C69A', 'A71C', 'C90B']	9	-4.7419877	-3.5150132	-6.4495277	-1.70754
AAADDDCDCDDDDCDDABCDABCABDBACBDCAADDCBCABACBCCABCACBCCCCCBDBACDBBBCBABACCACADAACCCBABADBCCAABBBCCBB	['B1A', 'C2A', 'C3A', 'A63D', 'C69A', 'A93B']	6	-3.5152006	-5.2693386	-6.977062	-1.7077236
BCCDDDCDCDDBDCCDABCDABCABDBACBDCAADACBCABACBCCABCACBCCCCCBDBACBCBBCBCBACCACADAACCCBABADBCCAAABBCCBB	['D12B', 'D15C', 'D36A', 'A63B', 'B64C']	5	-3.5161371	-5.190151	-6.8988132	-1.708662
BCCDDDCDCDDBDCCDABCDABCABDBACBDCAADACBCABACBCCABCACBCCCCCBDBACBCBBCBCBACCACADAACCCBABADBCCAAABBCCBB	['D12B', 'D15C', 'D36A', 'A63B', 'B64C']	5	-3.5161371	-5.190151	-6.8988132	-1.708662
BCCDDDCDCCDDBDDDABCDABCABDBACBDCAADDCBCABACBCCABCACBCCCCCBDBACDBBBCBCBACCACACAACCCBABADBCCAABBBCCBB	['D10C', 'D13B', 'C14D', 'A63D', 'D77C', 'A93B']	6	-3.516549	-5.368148	-7.077221	-1.7090731
BCCDDDCDCBDDDCDDABCDABCABDBACBDCAADDCBCABACBCBABCACBCCCCDBDBACDBBBCBCBACCACACAACCABABADBCCAABBBCCBB	['D10B', 'C46B', 'C57D', 'A63D', 'D77C', 'C82A', 'A93B']	7	-1.7092748	-1.7924604	-3.501729	-1.7092686
AAADDDCDCDDDDCCDABCDABCABDBACBDCAADDCBCABACBCCABCACBCCCCCBDCCCDBBBCBCBACCACADAACCCBABADBCCAAABBCCBB	['B1A', 'C2A', 'C3A', 'D15C', 'B60C', 'A61C', 'A63D']	7	-3.516756	-4.2609167	-5.9701967	-1.70928
BCCDDDCDCDDDDCDDABCDABCABDBACDDCAADDCBCABACBCCABCACBCCCCCBDBACDCBBCBCBACCACADAACCCBABADBCCAAABBCCBB	['B30D', 'A63D', 'B64C']	3	-3.5172768	-6.596268	-8.306075	-1.7098069
BCCDDDCDCCDDDCDDABCAABCABDBACBDCAADCCBCABACBCCABCACBCCCCCBDBADDBBBCBCBDCBACADAACCCBABADBCBAAABBCCBB	['D10C', 'D20A', 'D36C', 'C62D', 'A63D', 'A71D', 'C73B', 'C90B']	8	-3.5174375	-4.391517	-6.1014795	-1.7099624
BCCDDDCDCDDDDCDDABCDABCABDBACDDCAADDCBCABACBCCABCACBCCCCCBDBCDDBBBCBCBACCACACAACCCBABADCCCAABBBCCBB	['B30D', 'A61C', 'C62D', 'A63D', 'D77C', 'B88C', 'A93B']	7	-3.518314	-6.5471625	-8.258006	-1.7108436
BCCDDDCDCCDDDCDDABCDABCABDBACBDCAADDCBCABADBCBAACACBCDCCDBDBACDBBBCBCBBCCACADAACCABBBADBCCAAABBCCBB	['D10C', 'C43D', 'C46B', 'B48A', 'C54D', 'C57D', 'A63D', 'A71B', 'C82A', 'A84B']	10	-1.7111917	-2.2387428	-3.9499302	-1.7111874
BCCDDDCDCDDCDDCDABCDABCABDBACBDCAADDCBCABACBCCABCACBCCCCCBDBCCDBBBCBCBADCACACAACCCBABADBCCAABBBCCBB	['D12C', 'C14D', 'D15C', 'A61C', 'A63D', 'C72D', 'D77C', 'A93B']	8	-3.5203257	-4.8978086	-6.6106577	-1.7128491
BCCDDDCDCCDDDCDDABCCABCABDBACBDCAADDBBCABACBCCABCACBCCCCCBDCACACBBCBCBACCACACAACCCBACADBCCAABBBCCBB	['D10C', 'D20C', 'C37B', 'B60C', 'B64C', 'D77C', 'B85C', 'A93B']	8	-3.5221481	-4.982633	-6.6973066	-1.7146735
BCCDDDCDCADDBCCDABCDABCABDBACBDCAADACBCACACBCCABCACBCCCCCBDBADDBBBCBCBACCACADAACCCBABADBCCAAABBCCBB	['D10A', 'D13B', 'D15C', 'D36A', 'B41C', 'C62D', 'A63D']	7	-3.5224133	-4.3105516	-6.025488	-1.7149363
BCCDDDCDCCDDBCDDABCDABCABDBACBDDAADDCBCABACBCDBBCACBCCCCCBDBACCABBCBCBACCACADAACCDBABADBCCAABBBCCBB	['D10C', 'D13B', 'C32D', 'C46D', 'A47B', 'A63C', 'B64A', 'C82D', 'A93B']	9	-1.7565374	-4.3219743	-6.0370216	-1.7150474
BCCDDDCDCCDDDCDDABBCABCABDBACBDCAACACBCABACBCBABCACBCDCCCCDBACDBBBCBCBBCCACACAACCCBBBADBCBAABBBCCBB	['D10C', 'C19B', 'D20C', 'D35C', 'D36A', 'C46B', 'C54D', 'B58C', 'A63D', 'A71B', 'D77C', 'A84B', 'C90B', 'A93B']	14	-1.7155352	-3.4983325	-5.2138596	-1.715527
AAADDDCDCDDDDCDDABCDABCABDBACBDCAADDBBCABACBCCABCACBCCCCCBDBADCBBBCBCBCACACACAACCCBABADBCCAAABBCCBB	['B1A', 'C2A', 'C3A', 'C37B', 'C62D', 'A63C', 'A71C', 'C72A', 'D77C']	9	-3.5238981	-4.201707	-5.9181337	-1.7164268
BCCDDDCDCDDDDCDDABCDABCABDBACBDCAADDABCACACBCCABCACBCCCCCBDBACDCBBCBCBACCACADAACCCBABADBCCAAABBCCBB	['C37A', 'B41C', 'A63D', 'B64C']	4	-3.5241241	-5.345205	-7.061859	-1.7166543
AAADDDCDCDDDDCCDABCDABCABDBACBDCAACDCBCABACBCCABCACBCCCCCBDBACDBBBCBCBACCACADAACCCBABADBCCAAABBCCBB	['B1A', 'C2A', 'C3A', 'D15C', 'D35C', 'A63D']	6	-3.525569	-4.986685	-6.7047787	-1.7180939
BCCDDDCDCDDDDCDDABCDABCABDBACBDCAADDCBCACACBCCABCACBCCCCCBDBACDDBBCBCBACCACADAACCCBABADBCCAAABBCCBB	['B41C', 'A63D', 'B64D']	3	-3.5261736	-5.213291	-6.9319897	-1.7186985
BCCDDDCDCDDDDCDDABBDABCABDBACBDCAADDABCABACBCCABCACBCCCCCBDBACDBBBCBCBAACACACAACCCBABADBCCAABBBCCBB	['C19B', 'C37A', 'A63D', 'C72A', 'D77C', 'A93B']	6	-3.5268068	-5.514953	-7.234288	-1.7193351
BCCDDDCDCDDDDCCDABCDABCABDBACBDCAACDABCABACBCCABCACBCCCCCBDBADDDBBCBCBACCACADAACCCBABADBCCAAABBCCBB	['D15C', 'D35C', 'C37A', 'C62D', 'A63D', 'B64D']	6	-3.528697	-5.5521684	-7.2733946	-1.7212262
BCCDDDCDCDDDDCDDABBDABCABDBACBDCAADDCBCABACBCCABCACBCCCCCBDBACDBBBCBCBCCCACADAACCCBABADBCBAAABBCCBB	['C19B', 'A63D', 'A71C', 'C90B']	4	-3.5289721	-4.6683373	-6.3898363	-1.721499
AAADDDCDCDDDDCDDABADABCABDBACBDCAADDABCABACBCCABCACBCCCCCBDBADACBBCBCBACCACADAACCCBABADBCCAABBBCCBB	['B1A', 'C2A', 'C3A', 'C19A', 'C37A', 'C62D', 'B64C', 'A93B']	8	-3.5290709	-5.3338013	-7.055399	-1.7215977
AAADDDCDCCDBDCDDABCDABCABDBACBDCAADDABCABACBCCABCACBCCCCCBDBADBBBBCBCBACCACADAACCCBABADBCCAAABBCCBB	['B1A', 'C2A', 'C3A', 'D10C', 'D12B', 'C37A', 'C62D', 'A63B']	8	-3.5295773	-4.125315	-5.847417	-1.7221017
BCCDDDCDCCDDDCDDABCDABCABDBACBDCAACDCBCABACBCCABCACBCCCCCBDBACDBBBCBBBADCACADAACCCBABADDCCAAABBCCBB	['D10C', 'D35C', 'A63D', 'C69B', 'C72D', 'B88D']	6	-3.5299296	-5.375612	-7.0980635	-1.7224517
BCCDDDCDCDDDBDCAABBDABCABDBACBDCAADDCBCACACBCCABCACBCCCCDBDBACDBBBCBCBACCACADAACCCBABADBCCAAABBCCBB	['D13B', 'C14D', 'D15C', 'D16A', 'C19B', 'B41C', 'C57D', 'A63D']	8	-5.0421505	-3.5308962	-6.7655725	-1.723422
BCCDDDCDCCDDDCDDABCDABCABDBACBDCAADACBCABACBCCABCACBCCCCCBDBADDABBCBCBACCACADAACCCBABADBCCAABBBCCBB	['D10C', 'D36A', 'C62D', 'A63D', 'B64A', 'A93B']	6	-3.5316105	-5.094818	-6.8189526	-1.7241344
BCCDDDCDCCDDDCDDABCDABCABDBACBDCAADDCBCABACBCCABCACBCCCCDBDBACDBBBCBCBABCACADAACCCBABADBCCAABBBCCBB	['D10C', 'C57D', 'A63D', 'C72B', 'A93B']	5	-3.5938797	-3.5325003	-5.318904	-1.7250242
BCCDDDCDCCDDDCDDABCDABCABDBACBDCAADDCBCABACBCCABCACBCCCCDBDBACDBBBCBCBABCACADAACCCBABADBCCAABBBCCBB	['D10C', 'C57D', 'A63D', 'C72B', 'A93B']	5	-3.5938797	-3.5325003	-5.318904	-1.7250242
BCCDDDCDCADDDCDDABCDABCABDBACBDCAACDABCACACBCCABCACBCCCCCBDBACDBBBCBCBACCACADAACCCBABADBCCAABBBCCBB	['D10A', 'D35C', 'C37A', 'B41C', 'A63D', 'A93B']	6	-3.5329952	-5.2254534	-6.9509726	-1.7255192
BCCDDDCDCDDDBCCDABCDABCABDBACBDCAADDCBCABACBCCABCACBCCCCCBDBACACBBCBCBACCACADAACCCBABADBCCAAABBCCBB	['D13B', 'D15C', 'B64C']	3	-3.5331068	-6.0143046	-7.739936	-1.7256312
BCCDDDCDCDDDBCCDABCDABCABDBACBDCAADDCBCABACBCCABCACBCCCCCBDBACACBBCBCBACCACADAACCCBABADBCCAAABBCCBB	['D13B', 'D15C', 'B64C']	3	-3.5331068	-6.0143046	-7.739936	-1.7256312
BCCDDDCDCDDDBCCDABCDABCABDBACBDCAADDCBCABACBCCABCACBCCCCCBDBACACBBCBCBACCACADAACCCBABADBCCAAABBCCBB	['D13B', 'D15C', 'B64C']	3	-3.5331068	-6.0143046	-7.739936	-1.7256312
BCCDDDCDCDDDBCCDABCDABCABDBACBDCAADDCBCABACBCCABCACBCCCCCBDBACACBBCBCBACCACADAACCCBABADBCCAAABBCCBB	['D13B', 'D15C', 'B64C']	3	-3.5331068	-6.0143046	-7.739936	-1.7256312
BCCDDDCDCDDDDCDDABCDABCABDBACBDCAACDBBCABACBCCABCACBCCCCCBDBACCBBBCBCBACCACADAACCDBABADBCCAAABBCCBB	['D35C', 'C37B', 'A63C', 'C82D']	4	-3.5331693	-6.0658345	-7.7915306	-1.7256961
BCCDDDCDCDDDBCDDABCDABCABDBACDDCCACAABCABACBCCABCACBCDCCCBDBADDBBBCBCBCCCACADAACCCBABADCCBAAABBCCBB	['D13B', 'B30D', 'A33C', 'D35C', 'D36A', 'C37A', 'C54D', 'C62D', 'A63D', 'A71C', 'B88C', 'C90B']	12	-3.5348682	-7.008029	-8.73542	-1.7273912
BCCDDDCDCDDDDCDDABCDABCABDBACBDCAADDABCABACBCCABCACBCCCCCBDBACCCBBCBCBACCACADAACCCBABADBCCAAABBCCBB	['C37A', 'A63C', 'B64C']	3	-3.5351343	-6.126601	-7.854265	-1.727664
BCCDDDCDCDDDDCDDABCDABCABDBACBDCAADDABCABACBCCABCACBCCCCCBDBACDBBBCBABACCACACAACCCBABADBCCAACBBCCBB	['C37A', 'A63D', 'C69A', 'D77C', 'A93C']	5	-3.537002	-5.2162104	-6.945739	-1.7295284
BCCDDDCDCCDDDCCDADCDABCABDBACBDCAADDBBCABACBBCABCACBCCCCDBDCADDBBACBCBCCCACACAACCCBABADCCBAABBBCCBB	['D10C', 'D15C', 'B18D', 'C37B', 'C45B', 'C57D', 'B60C', 'C62D', 'A63D', 'B66A', 'A71C', 'D77C', 'B88C', 'C90B', 'A93B']	15	-3.5378304	-3.7783403	-5.5086946	-1.7303543
BCCDDDCDCCDDDCCDADCDABCABDBACBDCAADDBBCABACBBCABCACBCCCCDBDCADDBBACBCBCCCACACAACCCBABADCCBAABBBCCBB	['D10C', 'D15C', 'B18D', 'C37B', 'C45B', 'C57D', 'B60C', 'C62D', 'A63D', 'B66A', 'A71C', 'D77C', 'B88C', 'C90B', 'A93B']	15	-3.5378304	-3.7783403	-5.5086946	-1.7303543
BCCDDDCDCADDDCDDABCDABCABDBACBDCAACDABCABACBCCABCACBCCCCCBDBACDBBBCBCBACCACACAACCCBABADBCCAAABBCCBB	['D10A', 'D35C', 'C37A', 'A63D', 'D77C']	5	-3.5378819	-5.192849	-6.923256	-1.7304068
BCCDDDCDCADDDCDDABCDABCABDBACBDCAACDABCABACBCCABCACBCCCCCBDBACDBBBCBCBACCACACAACCCBABADBCCAAABBCCBB	['D10A', 'D35C', 'C37A', 'A63D', 'D77C']	5	-3.5378819	-5.192849	-6.923256	-1.7304068
BCCDDDCDCDDDDCDDABCCABCABDBACBDCAADDCBCABACBCCABCACBCCCCCBDBACDBBBCBCBACCACADAACCCBABADBCCAAABBCCBB	['D20C', 'A63D']	2	-3.5387297	-5.086456	-6.817711	-1.731255
BCCDDDCDCDDDDCDDABCDABCABDBACDDCAADDCBCABACBCCABCACBCCCCCBDBACDBBBCBCBACCACADAACCCBABADCCCAABBBCCBB	['B30D', 'A63D', 'B88C', 'A93B']	4	-3.5391974	-7.593877	-9.3256035	-1.7317266
BCCDDDCDCBDDDCDDABCDABCABDBACDDCAADDBBCACACBCCABCACBCCCCCBDCADDBBBCBCBACCACACAACCCBABADCCCAABBBCCBB	['D10B', 'B30D', 'C37B', 'B41C', 'B60C', 'C62D', 'A63D', 'D77C', 'B88C', 'A93B']	10	-3.5395436	-5.9018273	-7.633897	-1.7320695
BCCDDDCDCCDDDCDDABCAABCABDBACBDCAADDBBCABACBCDABCACBCCCCCBDBADDBBBCBCBCABACACAACCCBABADBCBAAABBCCBB	['D10C', 'D20A', 'C37B', 'C46D', 'C62D', 'A63D', 'A71C', 'C72A', 'C73B', 'D77C', 'C90B']	11	-2.8027716	-1.7741356	-4.535412	-1.7326403
BCCDDDCDCCDDBCDDABCDABCABDBACDDCAACACBCABACBCCABCACBCCCCCBDCADCCBBCBCBCCCACADAACCCBABADBCCBAABBCCBB	['D10C', 'D13B', 'B30D', 'D35C', 'D36A', 'B60C', 'C62D', 'A63C', 'B64C', 'A71C', 'A91B']	11	-3.540444	-6.477599	-8.210573	-1.732974
BCCDDDCDCDDDDCDDABCDABCABDBACBDCAADDABCABACBCCABCACBCCCCDBDBACDCBBCBCBACCACADAACCCBABADBCCAAABBCCBB	['C37A', 'C57D', 'A63D', 'B64C']	4	-3.5407553	-4.3999796	-6.1332607	-1.7332811
BCCDDDCDCDDDDCDDABCDABCABDBACBDCAADDABCABACBCCABCACBCCCCDBDBACCBBBCBCBBCCACACAACCCBABADBCCAABBBCCBB	['C37A', 'C57D', 'A63C', 'A71B', 'D77C', 'A93B']	6	-3.541524	-5.0633206	-6.797369	-1.7340484
BCCDDDCDCDDDDCBDABBCABCABDBACBDCAADDCBCACACBCCABCACBCCCCCBDBACBBBBCBCBBCCACADAACCCBABADBCCAABBBCCBB	['D15B', 'C19B', 'D20C', 'B41C', 'A63B', 'A71B', 'A93B']	7	-3.5417461	-4.098502	-5.8327703	-1.7342682
BCCDDDCDCDDDDCBDABBCABCABDBACBDCAADDCBCACACBCCABCACBCCCCCBDBACBBBBCBCBBCCACADAACCCBABADBCCAABBBCCBB	['D15B', 'C19B', 'D20C', 'B41C', 'A63B', 'A71B', 'A93B']	7	-3.5417461	-4.098502	-5.8327703	-1.7342682
BCCDDDCDCDDDDCDDABCDABCABDBACBDCAADDCBCABACBCCABCACBCCCCDBDBACDDBBCBCBACCACADAACCCBABADBCCAAABBCCBB	['C57D', 'A63D', 'B64D']	3	-3.5428047	-4.268064	-6.003393	-1.7353292
BCCDDDCDCDDDDCDDABCDABCABDBACBDCAADDCBCABACBCCABCACBCCCCDBDBACDDBBCBCBACCACADAACCCBABADBCCAAABBCCBB	['C57D', 'A63D', 'B64D']	3	-3.5428047	-4.268064	-6.003393	-1.7353292
BCCDDDCDCCDADCCDACCDABCABDBACBDCAADDBBCABACBCCABCACBCCCCDBDBACDBBBCBCBACCACACAACCCBABADBCCAABBBCCBB	['D10C', 'D12A', 'D15C', 'B18C', 'C37B', 'C57D', 'A63D', 'D77C', 'A93B']	9	-4.1995564	-3.5439367	-5.936016	-1.7364597
BCCDDDCDCCDDDCDDABCCABCABDBACBDCBACABBCABACBCBAACACBCACCCBDBADDBBBCBCBBDCACADAACCBBABADBCBAABBBCCBB	['D10C', 'D20C', 'A33B', 'D35C', 'D36A', 'C37B', 'C46B', 'B48A', 'C54A', 'C62D', 'A63D', 'A71B', 'C72D', 'C82B', 'C90B', 'A93B']	16	-1.7367167	-2.9930668	-4.7297764	-1.7367096
AAADDDCDCDDDDCDDABCDABCABDBACBDCAACDBBCABACBCDABCACBCCDCDBDBADDBBBCBCBBCCACCDAACCCBABADBCBAABBBCCBB	['B1A', 'C2A', 'C3A', 'D35C', 'C37B', 'C46D', 'C55D', 'C57D', 'C62D', 'A63D', 'A71B', 'A76C', 'C90B', 'A93B']	14	0.02924347	-0.9173498	-2.6540794	-1.7367296
BCCDDDCDCCDDDDDDABCDABCABDBACBDCAADDCBCACACBCCABCACBCCCCCBDBADDDBBCBCBACCACADAACCCBABADBCCAAABBCCBB	['D10C', 'C14D', 'B41C', 'C62D', 'A63D', 'B64D']	6	-3.5447016	-4.5048585	-6.2420855	-1.737227
BCCDDDCDCCDDDCDDABCDABCABDBACBDCAADDCBCABACBCCABCACBCCCCCBDBACDBBBCBCCACCACADAACCCBABADBCBAAABBCCBB	['D10C', 'A63D', 'B70C', 'C90B']	4	-3.5447087	-5.0409064	-6.778139	-1.7372327
AAADDDCDCADDDCDDABCDABCABDBACBDCAADDCBCACACBCDABCACBCDCCCBDBACBBBBCBCBBCCACACAACCCBABADBCBAABBBCCBB	['B1A', 'C2A', 'C3A', 'D10A', 'B41C', 'C46D', 'C54D', 'A63B', 'A71B', 'D77C', 'C90B', 'A93B']	12	-1.7792635	-2.1625023	-3.9002686	-1.7377663
BCCDDDCDCDDDBCDDABCDABCABDBACBDCAADDCBCABACBCCABCACBCCCCCBDBADDBBBCBCBACCACACAACCCBABADBCCAABBBCCBB	['D13B', 'C62D', 'A63D', 'D77C', 'A93B']	5	-3.547637	-5.1895037	-6.9296684	-1.7401648
BCCDDDCDCDDDBCDDABCDABCABDBACBDCAADDCBCABACBCCABCACBCCCCCBDBADDBBBCBCBACCACACAACCCBABADBCCAABBBCCBB	['D13B', 'C62D', 'A63D', 'D77C', 'A93B']	5	-3.547637	-5.1895037	-6.9296684	-1.7401648
BCCDDDCDCDDDDCDDABCDABCABDBACBDCAADDABCABACBCCABCACBCCCCCBDBADDBBBCBCBCCCACACAACCCBABADBCCAABBBCCBB	['C37A', 'C62D', 'A63D', 'A71C', 'D77C', 'A93B']	6	-3.5493813	-5.3976645	-7.139576	-1.7419114
BCCDDDCDCDDDBCDDABCDABCABDBACBDCAACDCBCACACBCCABCACBCCCCDBDBACDBBBCBABACCACADAACCCBABADBCCAAABBCCBB	['D13B', 'D35C', 'B41C', 'C57D', 'A63D', 'C69A']	6	-4.749962	-3.5501432	-6.492629	-1.7426672
BCCDDDCDCCDBBCDDABCDABCABDBACBDCCADACBCABACBCDABCACBCCCCCBDBACACBBCBCBACCACADAACCABBBADBDCAAABBCCBB	['D10C', 'D12B', 'D13B', 'A33C', 'D36A', 'C46D', 'B64C', 'C82A', 'A84B', 'C89D']	10	-1.7842803	-4.15702	-5.89981	-1.7427897
BCCDDDCDCDDBDCDDABCDABCABDBACBDCAADDCBCABACBCCABCACBCCCCCBDBADADBBCBCBACCACADAACCCBABADBCBAAABBCCBB	['D12B', 'C62D', 'B64D', 'C90B']	4	-3.5514817	-5.3184023	-7.0624075	-1.7440052
BCCDDDCDCADADCCDABCAABCABDBACBDCAADDCBCABACBCDABCACBCCCCCBDCBDDBBBBBABBBBACACAACCCBABADBCBAAABBCCBB	['D10A', 'D12A', 'D15C', 'D20A', 'C46D', 'B60C', 'A61B', 'C62D', 'A63D', 'C67B', 'C69A', 'A71B', 'C72B', 'C73B', 'D77C', 'C90B']	16	-3.463395	-1.7864738	-5.208374	-1.7449789
BCCDDDCDCDDDDCDDABCDABCABDBACBDCAADDABCABACBCCABCACBCCCCCBDBACCCBBCBCBADCACADAACCCBABADBCCAAABBCCBB	['C37A', 'A63C', 'B64C', 'C72D']	4	-3.5537968	-6.203848	-7.9501753	-1.7463274
BCCDDDCDCDDBDCDDABCDABCABDBACBDCCACDBBCACACBCCABCACBCCCCCBDBACABBBCBCBBACACADAACCCBABADBCCAABBBCCBB	['D12B', 'A33C', 'D35C', 'C37B', 'B41C', 'A71B', 'C72A', 'A93B']	8	-3.5538845	-5.3075113	-7.053919	-1.7464075
BCCDDDCDCBDDDCDDABCAABCABDBACBDCAACABBCABACBCDBBCACBCDCCCBDCCDDBBBCBCBBCDACADAACCCBBCADBCCAABBBCCBB	['D10B', 'D20A', 'D35C', 'D36A', 'C37B', 'C46D', 'A47B', 'C54D', 'B60C', 'A61C', 'C62D', 'A63D', 'A71B', 'C73D', 'A84B', 'B85C', 'A93B']	17	-2.7897234	-1.788569	-4.5367947	-1.7470713
BCCDDDCDCDDDDCDDABCAABCABDBACBDCAADDCBCABACBCDABCACBCCCCCCDBACDCBBCBCBBCBACACAACCCBABADBCCAABBBCCBB	['D20A', 'C46D', 'B58C', 'A63D', 'B64C', 'A71B', 'C73B', 'D77C', 'A93B']	9	-1.7895055	-3.7175756	-5.465582	-1.7480063
BCCDDDCDCDDDDCDDABCDABCABDBACBDCAADDCBCABACBCCABCACBCCCCCBDBACDBBBCBCBACBACADAACCCBABADBCBAAABBCCBB	['A63D', 'C73B', 'C90B']	3	-3.5554872	-4.9408345	-6.6888504	-1.7480159
AAAADDCDCDDDDCDDABCDABCABDBACBDCAADDABCABACBCCABCACBCCCCCBDBACCBBBCBCBACCACACAACCCBABADBCCAAABBCCBB	['B1A', 'C2A', 'C3A', 'D4A', 'C37A', 'A63C', 'D77C']	7	-3.5557413	-5.243027	-6.991295	-1.7482677
BCCDDDCDCCADBCDCABCDABCABDBACBDCBADDCBCABADBCDABCACBCBCCCBDCACABBBCBCBBCCACADAACCABBBADBCCAABBBCCBB	['D10C', 'D11A', 'D13B', 'D16C', 'A33B', 'C43D', 'C46D', 'C54B', 'B60C', 'A71B', 'C82A', 'A84B', 'A93B']	13	-1.789865	-2.8560457	-4.604411	-1.7483654
BCCDDDCDCDDDDCDDABCDABCABDBACBDCAACDBBCABACBCCABCACBCCCCCBDBACDBBBCBCBCCCACADAACCCBABADBCCAAABBCCBA	['D35C', 'C37B', 'A63D', 'A71C', 'B99A']	5	-3.5560436	-5.0538535	-6.8024263	-1.7485728
BCCDDDCDCBDDDCDDABCDABCABDBACBDCAADACBCABACBCCABCCCBCCCCCBDBACABBBCBCBBCCACADAACCCBABADBCCAAABBCCBB	['D10B', 'D36A', 'A50C', 'A71B']	4	-3.556531	-6.0426555	-7.791712	-1.7490563
BCCDDDCDCCDDDCDDABCDABCABDBACBDCAADDCBCABACBCCABCACBCCCCCBDBACCABBCBCBADCACADAACCCBABADBCCAAABBCCBB	['D10C', 'A63C', 'B64A', 'C72D']	4	-3.5575953	-5.3370905	-7.0872116	-1.7501211
BCCDDDCDCDDDDCCDABCDABCABDBACBDCAADDCBAABACBCCABCACBCCCCCBDBADDBBBCBCBACCACADAACCCBABADBCCAAABBCCBB	['D15C', 'C39A', 'C62D', 'A63D']	4	-3.5584764	-4.310571	-6.061575	-1.7510037
BCCDDDCDCBDDDCDDABCDABCABDBACBDCBADDCBCABACBCDABCCCBCCCCCBDBACDBBBCBCBBCCACACAACCCBABADBCBAABBBCCBB	['D10B', 'A33B', 'C46D', 'A50C', 'A63D', 'A71B', 'D77C', 'C90B', 'A93B']	9	-1.7929039	-3.5011015	-5.2525053	-1.7514038
BCCDDDCDCCDDDCDDABCAABCABDBACBDCAACACBCABACBCCABCACBCCCCCBDBADDBBBCBCBCDCACADAACCCBABADBCCAABBBCCBB	['D10C', 'D20A', 'D35C', 'D36A', 'C62D', 'A63D', 'A71C', 'C72D', 'A93B']	9	-3.5593843	-5.2517786	-7.0036907	-1.7519121
AAADDDCDCDDDDCDDABCDABCABDBACBDCAADDCBCABACBCCABCACBCCCCCBDBACACBBCBCBACCACADAACCCBABADBCCAAABBCCBB	['B1A', 'C2A', 'C3A', 'B64C']	4	-3.5593977	-5.6262455	-7.378169	-1.7519236
AAADDDCDCDDDDCDDABCDABCABDBACBDCAADDCBCABACBCCABCACBCCCCCBDBACACBBCBCBACCACADAACCCBABADBCCAAABBCCBB	['B1A', 'C2A', 'C3A', 'B64C']	4	-3.5593977	-5.6262455	-7.378169	-1.7519236
AAADDDCDCDDDBCDDABCDABCABDBACBDCAACDCBCABACBCCABCACBCCCCCBDBACDDBBCBCBACCACADAACCCBABADBCCAAABBCCBB	['B1A', 'C2A', 'C3A', 'D13B', 'D35C', 'A63D', 'B64D']	7	-3.5595818	-5.2672286	-7.0193357	-1.7521071
BCCDDDCDCADDBCDDABCDABCABDBACBDCCADDABCABACBBCABCACBCCCCCBDBADDBBBCBCBCABACADAACCCBABADBCBAABBBCCBB	['D10A', 'D13B', 'A33C', 'C37A', 'C45B', 'C62D', 'A63D', 'A71C', 'C72A', 'C73B', 'C90B', 'A93B']	12	-3.5598254	-5.466161	-7.2185154	-1.7523546
BCCDDDCDCCDDDCDDABCDABCABDBACBDCAADDCBCABACBCBABCACBCCCCCBDBACCBBBCBCBADCACADAACCBBABADBCCAAABBCCBB	['D10C', 'C46B', 'A63C', 'C72D', 'C82B']	5	-1.752799	-3.015788	-4.7685785	-1.7527905
BCCDDDCDCDADBCDDABCAABCABDBACBDCAADACBCABACBCCABCACBCCCCCBDBACABBBCBABACCACADAACCDBABADBCCAAABBCCBB	['D11A', 'D13B', 'D20A', 'D36A', 'C69A', 'C82D']	6	-3.5621028	-6.47488	-8.229507	-1.7546272
BCCDDDCDCDADBCDDABCAABCABDBACBDCAADACBCABACBCCABCACBCCCCCBDBACABBBCBABACCACADAACCDBABADBCCAAABBCCBB	['D11A', 'D13B', 'D20A', 'D36A', 'C69A', 'C82D']	6	-3.5621028	-6.47488	-8.229507	-1.7546272
BCCDDDCDCDDDDCDDABCAABCABDBACBDCAAAACBCABACBCCABCACBCCCCCBDBADDBBBCBCBCCBACADAACCCBBBADBCBAAABBCCBB	['D20A', 'D35A', 'D36A', 'C62D', 'A63D', 'A71C', 'C73B', 'A84B', 'C90B']	9	-3.5629735	-5.0860977	-6.8415956	-1.7554979
BCCDDDCDCDDDDCDDABCCABCABDBACBDCAADDCBCABACBCCABCACBCCCCCBDBACDBBBCBCBACCACACAACCCBABADBCCAAABBCCBB	['D20C', 'A63D', 'D77C']	3	-3.563879	-5.0036297	-6.7600336	-1.7564039
BCCDDDCDCDDDDCDDABCDABCABDBACDDCAADDCBCABACBCCABCACBCCCCCBDBACDBBBCBCBACCACACAACCCBABADCCCAABBBCCBB	['B30D', 'A63D', 'D77C', 'B88C', 'A93B']	5	-3.5643468	-7.5110507	-9.267927	-1.7568765
BCCDDDCDCDDDDCDDABCDABCABDBACDDCAADDCBCABACBCCABCACBCCCCCBDBACDBBBCBCBACCACACAACCCBABADCCCAABBBCCBB	['B30D', 'A63D', 'D77C', 'B88C', 'A93B']	5	-3.5643468	-7.5110507	-9.267927	-1.7568765
BCCDDDCDCDDDDCDDABCDABCABDBACBDCAADDCBCABACBCCABCACBCCCCCBDBACBBBBCBCBCCCACACAACCCBABADBCCAABBBCCBB	['A63B', 'A71C', 'D77C', 'A93B']	4	-3.564907	-5.280043	-7.0374804	-1.7574372
AAADDDCDCADDDCDDABCCABCABDBACBDCAADACBCACACBCDABCACBCCCCCBDBACDBBBCBCBACCACADAACCABBBADBCCAABBBCCBB	['B1A', 'C2A', 'C3A', 'D10A', 'D20C', 'D36A', 'B41C', 'C46D', 'A63D', 'C82A', 'A84B', 'A93B']	12	-1.7994189	-2.674622	-4.4325476	-1.7579255
BCCDDDCDCBDBDCCDABBAABCABDBACBDCAADACBCABACBCDABCACBCDCCCCDBACDBBBBBABBCBACADAACCCCBBADBCBAAABBCCBB	['D10B', 'D12B', 'D15C', 'C19B', 'D20A', 'D36A', 'C46D', 'C54D', 'B58C', 'A63D', 'C67B', 'C69A', 'A71B', 'C73B', 'B83C', 'A84B', 'C90B']	17	-1.8009448	-2.6097078	-4.3691587	-1.7594509
BCCDDDCDCDDDDCDDABCDABCABDBACBDCAACDDBCACACBCCABCACBCCCCCBDBADBBBBCBCBCCCACACAACCCBABADBCCAABBBCCBB	['D35C', 'C37D', 'B41C', 'C62D', 'A63B', 'A71C', 'D77C', 'A93B']	8	-3.5677137	-4.8560233	-6.616267	-1.7602439
BCCDDDCDCDDDBCDDABCCABCABDBACBDCAADDCBCABACBCCABCACBCCCCCBDBACDBBBCBCBCCCACADAACCCBABADBCCAAABBCCBB	['D13B', 'D20C', 'A63D', 'A71C']	4	-3.5698748	-4.954198	-6.7165976	-1.7623997
BCCDDDCDCDDDDCDDABCDABCABDBACBDCAADDBBCABACBCCABCACBCCCCCBDBACBCBBCBCBACCACACAACCCBABADBCCAAABBCCBB	['C37B', 'A63B', 'B64C', 'D77C']	4	-3.5723534	-4.737812	-6.502695	-1.764883
BCCDDDCDCADDDCDDABCDABCABDBACBDCAACDABCACACBCCABCACBCCCCCBDBACABBBCBCBBCCACADAACCCBABADBCCAABBBCCBB	['D10A', 'D35C', 'C37A', 'B41C', 'A71B', 'A93B']	6	-3.5733662	-5.9114733	-7.6773663	-1.765893
BCCDDDCDCDDDDCCDABCDABCABDBACBDCAADDABCACACBCCABCACBCCCCCBDBACCBBBCBCBAACACADAACCCBABADBCCAAABBCCBB	['D15C', 'C37A', 'B41C', 'A63C', 'C72A']	5	-3.5736427	-5.5448775	-7.3110466	-1.7661691
BCCDDDCDCDDDDCDDABCDABCABDBACBDCAADBABCABACBCCABCACBCCCCCBDBADDCBBCBCBADCACADAACCCBABADBCCAAABBCCBB	['D36B', 'C37A', 'C62D', 'A63D', 'B64C', 'C72D']	6	-3.5741682	-5.706833	-7.4735327	-1.7666998
BCCDDDCDCDDDDCDDABCDABCABDBACBDCAADBABCABACBCCABCACBCCCCCBDBADDCBBCBCBADCACADAACCCBABADBCCAAABBCCBB	['D36B', 'C37A', 'C62D', 'A63D', 'B64C', 'C72D']	6	-3.5741682	-5.706833	-7.4735327	-1.7666998
BCCDDDCDCDDDDCDDABCDABCABDBACBDCAADBABCABACBCCABCACBCCCCCBDBADDCBBCBCBADCACADAACCCBABADBCCAAABBCCBB	['D36B', 'C37A', 'C62D', 'A63D', 'B64C', 'C72D']	6	-3.5741682	-5.706833	-7.4735327	-1.7666998
BCCDDDCDCDDDDCDDABCDABCABDBACBDCAADBABCABACBCCABCACBCCCCCBDBADDCBBCBCBADCACADAACCCBABADBCCAAABBCCBB	['D36B', 'C37A', 'C62D', 'A63D', 'B64C', 'C72D']	6	-3.5741682	-5.706833	-7.4735327	-1.7666998
BCCDDDCDCDDDDCDDABCDABCABDBACBDCAADBABCABACBCCABCACBCCCCCBDBADDCBBCBCBADCACADAACCCBABADBCCAAABBCCBB	['D36B', 'C37A', 'C62D', 'A63D', 'B64C', 'C72D']	6	-3.5741682	-5.706833	-7.4735327	-1.7666998
BCCDDDCDCADDDCDDABCAABCABDBACBDCAADCCBCABACBCDABCACBCCCCCBDBACDCBBCBCBACCACADAACCCBBBADBCBAABBBCCBB	['D10A', 'D20A', 'D36C', 'C46D', 'A63D', 'B64C', 'A84B', 'C90B', 'A93B']	9	-1.8085108	-3.9706745	-5.737688	-1.7670135
BCCDDDCDCDDDDCDDABCDABCABDBACBDCAADDCBCABACBCCABCACBCCCCCBDBACDBBBCBCBACBACADAACCCBBBADBCCAAABBCCBB	['A63D', 'C73B', 'A84B']	3	-3.575241	-5.5702786	-7.338051	-1.7677722
BCCDDDCDCCDDDCDDABCDABCABDBACBDCAACDCBCABACBCCAACACBCCCCCBDBACDBBBCBCBCCCACADAACCCBABADBCBAAABBCCBB	['D10C', 'D35C', 'B48A', 'A63D', 'A71C', 'C90B']	6	-3.5763183	-5.6996665	-7.4685125	-1.768846
BCCDDDCDCDDDBCCDAABDABCABDBACDDCBADDCBCABACBCCABCACBCCCCCBDCACDBBBCBCBACCACACAACCCBABADCCBAABBBCCBB	['D13B', 'D15C', 'B18A', 'C19B', 'B30D', 'A33B', 'B60C', 'A63D', 'D77C', 'B88C', 'C90B', 'A93B']	12	-3.5768614	-7.067222	-8.836607	-1.7693849
BCCDDDCDCDDDBCCDABCDABCABDBACBDCAADDCBCABACBCCABCACBCCCCCBDBACACBBCBCBADCACACAACCCBABADBCCAAABBCCBB	['D13B', 'D15C', 'B64C', 'C72D', 'D77C']	5	-3.5769186	-6.0087256	-7.7781706	-1.769445
BCCDDDCDCDDDDCDDABCDABCABDBACBDCAADDCBCABACBCCABCACBCBCCDBDBACACBBCBCBACCACADAACCCBABADBCCAAABBCCBB	['C54B', 'C57D', 'B64C']	3	-3.5771227	-4.3885484	-6.1581993	-1.7696509
BCCDDDCDCDDDDCDDABCDABCABDBACBDCAADDABCABACBCCABCACBCCCCCBDBACDBBBCBCBACCACACAACCCBABADBCCAABBBCCBB	['C37A', 'A63D', 'D77C', 'A93B']	4	-3.5780725	-5.9697914	-7.7403927	-1.7706013
BCCCDDCDCCDDDCDDABCDABCABDBACBDCBADDCBCABABBCCABCACBCCCCDBDBADDBBBABDBADCACADAACCCBABADBCCAAABBCCBB	['D4C', 'D10C', 'A33B', 'C43B', 'C57D', 'C62D', 'A63D', 'C67A', 'C69D', 'C72D']	10	-3.5785942	-4.3973885	-6.1685066	-1.7711182
AAADDDCDCADDDCCDABCDABCABDBACBDCAADACBCACACBCCABCACBCCCCDBDBDCCDBBCBCBACCACADAACCCBABADBCCAABBBCCBB	['B1A', 'C2A', 'C3A', 'D10A', 'D15C', 'D36A', 'B41C', 'C57D', 'A61D', 'A63C', 'B64D', 'A93B']	12	-3.5796032	-4.6322494	-6.404378	-1.7721286
BCCDDDCDCCDDBCDDABCAABCABDBACBDCAACACBCACACBCCABCACBCCCCCBDCADDBBBCBCBBCBACADAACCCBBBADBCBAAABBCCBB	['D10C', 'D13B', 'D20A', 'D35C', 'D36A', 'B41C', 'B60C', 'C62D', 'A63D', 'A71B', 'C73B', 'A84B', 'C90B']	13	-3.579615	-4.4754806	-6.2476206	-1.77214
BCCDDDCDCDDDDCDDABCDABCABDBACBDCAADDABCABACBCCABCACBCCCCDBDBACDBBBCBBBACCACACAACCCBABADBCCAAABBCCBB	['C37A', 'C57D', 'A63D', 'C69B', 'D77C']	5	-4.8593473	-3.5797067	-6.6315813	-1.772234
BCCDDDCDCCDDDCDDABCAABCABDBACBDCAACABBCABACBCDABCACBCCCCCBDCADDCBBCBCBBCCACCDAACCCBABADBCCAABBBCCBB	['D10C', 'D20A', 'D35C', 'D36A', 'C37B', 'C46D', 'B60C', 'C62D', 'A63D', 'B64C', 'A71B', 'A76C', 'A93B']	13	-1.8139558	-2.7578592	-4.53032	-1.7724609
BCCDDDCDCDDDDCDDABCBABCABDBACBDCAACACBCABACBCCABCACBCCCCCBDBADCBBBCBCBACCACADAACCCBABADBCBAAABBCCBB	['D20B', 'D35C', 'D36A', 'C62D', 'A63C', 'C90B']	6	-3.580027	-5.080599	-6.8531504	-1.7725515
BCCDDDCDCDDDDCCDABCDABCABDBACDDCAADACBCABACBCCABCACBCCCCCBDBACBBBBCBCBBCCACADAACCCBABADBCCAABBBCCBB	['D15C', 'B30D', 'D36A', 'A63B', 'A71B', 'A93B']	6	-3.580389	-7.0202765	-8.793195	-1.7729182
BCCDDDCDCDDDDCCDABCDABCABDBACDDCAADACBCABACBCCABCACBCCCCCBDBACBBBBCBCBBCCACADAACCCBABADBCCAABBBCCBB	['D15C', 'B30D', 'D36A', 'A63B', 'A71B', 'A93B']	6	-3.580389	-7.0202765	-8.793195	-1.7729182
AAADDBCDCBDDBCDDABCCABCABDBACBDCDACACBCABACBCDABCACBCDDCCBDBADDBBBCBCBCBCACADAACCCBBBADCCBACBBCCCBB	['B1A', 'C2A', 'C3A', 'D6B', 'D10B', 'D13B', 'D20C', 'A33D', 'D35C', 'D36A', 'C46D', 'C54D', 'C55D', 'C62D', 'A63D', 'A71C', 'C72B', 'A84B', 'B88C', 'C90B', 'A92C', 'A93B', 'B95C']	23	-0.007164955	-1.2717113	-3.0448503	-1.773139
AAADDDCDCDDDDCDDABCDABCABDBACBDCDADDCBCABACBCCABCACBCCCCCBDBACDCBBCBCBACCACACAACCCBABADBCCAAABBCCBB	['B1A', 'C2A', 'C3A', 'A33D', 'A63D', 'B64C', 'D77C']	7	-3.580738	-4.415688	-6.1889486	-1.7732606
AAADDDCDCADDDCCDABCAABCABDBACBDCAADDBBCABACBCDABCACBCCCCCBDBACDBBBCBCBBCBACACAACCCBABADBCBAABBBCCBB	['B1A', 'C2A', 'C3A', 'D10A', 'D15C', 'D20A', 'C37B', 'C46D', 'A63D', 'A71B', 'C73B', 'D77C', 'C90B', 'A93B']	14	-1.8153181	-2.25064	-4.024459	-1.773819
AAADDDCDCCDDDCDDABCDABCABDBACDDCAACACBCABACBCCABCACBCCCCCBDBACDCBBCBCBACCACADAACCCBABADBCCAABBBCCBB	['B1A', 'C2A', 'C3A', 'D10C', 'B30D', 'D35C', 'D36A', 'A63D', 'B64C', 'A93B']	10	-3.5815473	-6.6678925	-8.441962	-1.7740698
BCCDDDCDCDDDDCDDABCDABCABDBACBDCAACDBBCABACBCCABCACBCCCCCBDBADDBBBCBCBCCCACACAACCCBABADBCBAABBBCCBB	['D35C', 'C37B', 'C62D', 'A63D', 'A71C', 'D77C', 'C90B', 'A93B']	8	-3.5816789	-4.5387893	-6.312993	-1.7742038
BCCDDDCDCDDDDDDDABCDABCABDBACBDCAADDBBCABABBCCABCACBCCCCCBDBACCABBCBCBBACACADAACCCBABADBCCAABBBCCBB	['C14D', 'C37B', 'C43B', 'A63C', 'B64A', 'A71B', 'C72A', 'A93B']	8	-3.5818949	-5.539271	-7.313691	-1.7744203
BCCDDDCDCDDDDCDDABCDABCABDBACBDCAADDABCABACBCCABCACBCCCCDBDBACDBBBCBCBCCCACADAACCCBABADBCBAAABBCCBB	['C37A', 'C57D', 'A63D', 'A71C', 'C90B']	5	-3.5826993	-4.012354	-5.7875795	-1.7752256
BCCDDDCDCDDDDCDDABCDABCABDBACBDCAADDABCABACBCCABCACBCCCCDBDBACDBBBCBCBCCCACADAACCCBABADBCBAAABBCCBB	['C37A', 'C57D', 'A63D', 'A71C', 'C90B']	5	-3.5826993	-4.012354	-5.7875795	-1.7752256
BCCDDDCDCCADBCDDABCAABCABDBACBDCAADACBCABACBCDABCACBCCCCCBDBACDBBBCBCBCDCACADAACCABBBADBCCAAABBCCBB	['D10C', 'D11A', 'D13B', 'D20A', 'D36A', 'C46D', 'A63D', 'A71C', 'C72D', 'C82A', 'A84B']	11	-1.8173251	-3.1850843	-4.9609165	-1.7758322
BCCDDDCDCDDDDCCDABCDABCABDBACBDCAACACBCABACBCCABCACBCCCCCBDBACDBBBCBCBACCACADAACCCBABADBCCAAABDCCBB	['D15C', 'D35C', 'D36A', 'A63D', 'B95D']	5	-3.5833478	-5.9850097	-7.7608833	-1.7758737
BCCDDDCDCDDDDCCDABCDABCABDBACBDCAACACBCABACBCCABCACBCCCCCBDBACDBBBCBCBACCACADAACCCBABADBCCAAABDCCBB	['D15C', 'D35C', 'D36A', 'A63D', 'B95D']	5	-3.5833478	-5.9850097	-7.7608833	-1.7758737
BCCDDDCDCDDDDCDDABCDABCABDBACBDCAADDCBCACACBCCABCACBCCCCCBDBACDBBBCBCBCCCACADAACCCBABADBCCAABBBCCBB	['B41C', 'A63D', 'A71C', 'A93B']	4	-3.5839033	-5.17308	-6.9495106	-1.7764306
BCCDDDCDCDDDDCDDABCDABCABDBACBDCAADDCBCABACBCCABCACBCCCCCBDBACCABBCBABADCACADAACCCBABADBCCAAABBCCBA	['A63C', 'B64A', 'C69A', 'C72D', 'B99A']	5	-3.5840282	-5.669135	-7.44569	-1.7765551
BCCDDDCDCDDDDCDDABCDABCABDBACBDCAADDCBCABACBCCABCACBCCCCDBDCCCDBBBCBCBACCACACAACCCBABADBCCAABBBCCBB	['C57D', 'B60C', 'A61C', 'A63D', 'D77C', 'A93B']	6	-3.9972649	-3.584261	-5.7740498	-1.7767849
BCCDDDCDCDDDDCDDABCDABCABDBACBDCAACDBBCABACBCCABCACBCCCCCBDBACDBBBABCBBCCACACAACCCBABADBCCAABBBCCBB	['D35C', 'C37B', 'A63D', 'C67A', 'A71B', 'D77C', 'A93B']	7	-3.584527	-5.6055517	-7.3826046	-1.7770529
BCCDDDCDCDDBDCDDABCDABCABDBACBDCAADDBBCABACBCCABCACBCCCCCBDBACDCBBCBCBBCBACADAACCCBABADBCBAAABBDCBB	['D12B', 'C37B', 'A63D', 'B64C', 'A71B', 'C73B', 'C90B', 'C96D']	8	-3.5854578	-4.7588806	-6.536866	-1.7779856
BCCDDDCDCDDDDCDDABCDABCABDBACBDCAADDBBCABABBCCABCACBCCCCCBDBACCBBBCBCBBACADACAACCCBABADBCCAABBBCCBB	['C37B', 'C43B', 'A63C', 'A71B', 'C72A', 'C75D', 'D77C', 'A93B']	8	-3.585824	-6.1922035	-7.9705553	-1.7783518
BCCDDDCDCCDDDCDDABCDABCABDBACBDCAADACBCABACBCCABCACBCCCCCBDBACCBBBCBCBACCACADAACCCBABADBCBAAABBCCBB	['D10C', 'D36A', 'A63C', 'C90B']	4	-3.5859313	-5.5987225	-7.377178	-1.7784557
AAADDDCDCDDDDCDDABCDABCABDBACBDCAACDCBCABACBCCABCACBCCCCCBDBACDBBBCBCBACCACADAACCCBABADBCCAABBBCCBB	['B1A', 'C2A', 'C3A', 'D35C', 'A63D', 'A93B']	6	-3.5861673	-5.3592787	-7.137968	-1.7786894
BCCDDDCDCBDDBCDDABCCABCABDBACBDCAACACBCACACBCCABCACBBCCCCBDBACACBBCBCBACCACADAACCCBBBADBCCAAABBCCBB	['D10B', 'D13B', 'D20C', 'D35C', 'D36A', 'B41C', 'C53B', 'B64C', 'A84B']	9	-3.5866857	-5.423707	-7.202919	-1.779212
BCCDDDCDCDDDDCCDABCDABCABDBACBDCAADDCBCABACBCCABCACBCCCCCBDBACCBBBCBCBACCACADAACCCBABADBCCAAABBCCBB	['D15C', 'A63C']	2	-3.5878134	-5.7104735	-7.4908133	-1.7803397
BCCDDDCDCDDDBCCDABCDABCABDBACDDCAADDCBCABACBCCABCACBCCCCCBDBACDBBBCBCBACCACACAACCCBABADCCCAAABBCCBB	['D13B', 'D15C', 'B30D', 'A63D', 'D77C', 'B88C']	6	-3.5883927	-7.1347885	-8.915708	-1.7809191
BCCDDDCDCDDADCCDABBDABCABDBACBDCAADDCBCACACBCCABCACBCCCCCBDBACDBBBCBCBACCACAAAACCABABADBCCAABBBCCBB	['D12A', 'D15C', 'C19B', 'B41C', 'A63D', 'D77A', 'C82A', 'A93B']	8	-3.589384	-4.312629	-6.0945396	-1.7819104
BCCDDDCDCDDDDCCDABCDABCABDBACBDCAADDBBCABACBCCABCACBCCCCCBDBACCBBBCBCBACCACADAACCCBABADBCCAABBBCCBB	['D15C', 'C37B', 'A63C', 'A93B']	4	-3.5908232	-5.696845	-7.480191	-1.7833462
BCCDDDCDCDDCBCDDABCDABCABDBACBDCAADDCBCABACBCCABCACBCCCCCBDBACDBBBCBCBACCACADAACCCBABADBCCAABBBCCBB	['D12C', 'D13B', 'A63D', 'A93B']	4	-3.5908709	-5.4797506	-7.2631474	-1.7833967
BCCDDDCDCADDDCDDABCDABCABDBACBDCAADDABCACACBCCABCCCBCCCCCBDBACDBBBCBCBACCACACAACCCBABADBCCAABBBCCBB	['D10A', 'C37A', 'B41C', 'A50C', 'A63D', 'D77C', 'A93B']	7	-3.592935	-5.034102	-6.819562	-1.78546
BCCDDDCDCCDDDCDDABBDABCABDBACBDCAADDABCABACBCCABCACBCCCCCBDBACDBBBCBCBACCACACAACCCBABADBCCAABBBCCBB	['D10C', 'C19B', 'C37A', 'A63D', 'D77C', 'A93B']	6	-3.5931206	-5.385605	-7.1712523	-1.7856474
BCCDDDCDCDDDDCDDABCDABCABDBACBDCAADDCBCABACBCCABCACBCCCCCBDBACBBBBCBCBACCACADAACCCBABADBCCAABBBCCBB	['A63B', 'A93B']	2	-3.593256	-5.4914584	-7.2772427	-1.7857842
BCCDDDCDCDDDDCCDABCDABCABDBACBDCAADDCBCABACBCCABCACBCCCCDBDBACDBBBCBCBACCACADAACCCBABADBCCAAABBCCBB	['D15C', 'C57D', 'A63D']	3	-3.5934353	-3.98385	-5.7698107	-1.7859607
BCCDDDCDCDDDDCCDABCDABCABDBACBDCAADDCBCABACBCCABCACBCCCCDBDBACDBBBCBCBACCACADAACCCBABADBCCAAABBCCBB	['D15C', 'C57D', 'A63D']	3	-3.5934353	-3.98385	-5.7698107	-1.7859607
BCCDDDCDCDDCDDDDABCDABCABDBACBDDAADACBCACACBCDBBCACBCCCCCBDBACDBBBCBCBACCACADAACCBBABADBCCAABBBCCBB	['D12C', 'C14D', 'C32D', 'D36A', 'B41C', 'C46D', 'A47B', 'A63D', 'C82B', 'A93B']	10	-1.8279037	-2.5288296	-4.315237	-1.7864075
BCCDDDCDCDDDDCDDAACDABCABDBACBDCAADACBCABACBCCABCACBCCCCCCDBACCBBBCBCBCCCACADAACCCBABADBCCAAABBCCBB	['B18A', 'D36A', 'B58C', 'A63C', 'A71C']	5	-3.5939875	-6.141417	-7.92793	-1.7865129
BCCDDDCDCDDDDCDDABCDABCABDBACBDCAADDCBCACACBCCABCACBCCCCCBDCACDCBBCBCBACCACACAACCCBABADBCCAABBBCCBB	['B41C', 'B60C', 'A63D', 'B64C', 'D77C', 'A93B']	6	-3.5942106	-5.127942	-6.9146776	-1.7867355
BCCDDDCDCDDDDCDDABCDABCABDBACBDCAADDCBAABACBCCABCACBCCCCCBDBACDBBBCBCBACCACADAACCCBABADBCCAABBBCCBB	['C39A', 'A63D', 'A93B']	3	-3.594267	-5.1266994	-6.913493	-1.7867937
BACDDDCDCADDDDDDABCDABCABDBACBDCAACDABCABACBCCABCACBCCCCCBDBACDBBBCBCBACCACACAACCCBABADBCCAABBBCCBB	['C2A', 'D10A', 'C14D', 'D35C', 'C37A', 'A63D', 'D77C', 'A93B']	8	-3.5944118	-5.3741517	-7.161088	-1.7869363
AAADDDCDCDDADCDDABCDABCABDBACBDCAACACBCACACBCCABCACBCCCCDBDBACDBBBCBCBACCACADAACCCBABADBCCAAABBCCBB	['B1A', 'C2A', 'C3A', 'D12A', 'D35C', 'D36A', 'B41C', 'C57D', 'A63D']	9	-5.1814203	-3.5956616	-6.9696054	-1.7881851
AAAADDCDCDDDDCDDABCDABCABDBACBDCCADDABCABACBBCABCACBCCCCCBDBACDCBBCBCBACCACADAACCCBABADBCCAABBBCCBB	['B1A', 'C2A', 'C3A', 'D4A', 'A33C', 'C37A', 'C45B', 'A63D', 'B64C', 'A93B']	10	-3.5960598	-6.3349876	-8.123575	-1.7885876
BCCDDDCDCADDDCDDABCDABCDBDBACBDCAACACBCABACBCDABCACBCCCCCBDBADDBBBCBBBACCACACAACCCBABADBCCAAABBCCBB	['D10A', 'A24D', 'D35C', 'D36A', 'C46D', 'C62D', 'A63D', 'C69B', 'D77C']	9	-2.7963834	-1.8306675	-4.585555	-1.7891717
BCCDDDCDCCDDDCDDABCDABCABDBACBDCAADDCBCABACBCDABCACBCCCCCBDCADDCBBCBCCABAACACAACCCBABADBCBAABBBCCBB	['D10C', 'C46D', 'B60C', 'C62D', 'A63D', 'B64C', 'B70C', 'C72B', 'C73A', 'D77C', 'C90B', 'A93B']	12	-2.9054565	-1.8319178	-4.695876	-1.7904196
BCCDDDCDCCDDDCDDABCDABCABDBACBDCAADDCBCABACBCDABCACBCCCCCBDCADDCBBCBCCABAACACAACCCBABADBCBAABBBCCBB	['D10C', 'C46D', 'B60C', 'C62D', 'A63D', 'B64C', 'B70C', 'C72B', 'C73A', 'D77C', 'C90B', 'A93B']	12	-2.9054565	-1.8319178	-4.695876	-1.7904196
BCCDDDCDCDDDBCDDABCDABCABDBACDDCAADDCBCABACBCCABCACBCCCCCBDBADCABBCBCBBCCACACAACCCBABADCCCAAABBCCBB	['D13B', 'B30D', 'C62D', 'A63C', 'B64A', 'A71B', 'D77C', 'B88C']	8	-3.5988812	-6.907401	-8.698812	-1.7914104
BCCDDDCDCCDDDCDDABCDABCABDBACBDCAADDCACACACBCCAACACBCCCCCBDBACDBBBCBCBACCBCADAACCCBABADBCCAAABBCCBB	['D10C', 'B38A', 'B41C', 'B48A', 'A63D', 'A74B']	6	-3.599002	-4.6462545	-6.4377804	-1.7915258
BCCDDDCDCBDDDCDDABCDABCABDBACBDCAACAABCABACBBCABCACBCCCCCBDBACDABBCBCBACCACADAACCCBBBADBDBAABBBCCBB	['D10B', 'D35C', 'D36A', 'C37A', 'C45B', 'A63D', 'B64A', 'A84B', 'C89D', 'C90B', 'A93B']	11	-3.5995464	-7.2099175	-9.001992	-1.7920747
BCCDDDCDCDDDDCDDABCDABCABDBACBDCAADDABCABACBCCABCACBCCCCCBDBACBBBBCBCBACCACACAACCCBABADBCBAAABBCCBB	['C37A', 'A63B', 'D77C', 'C90B']	4	-3.6005712	-5.193132	-6.9862337	-1.7931018
BCCDDDCDCDDDDCDDABCDABCABDBACBDCAADDCBCACACBCCABCACBCCCCCBDBACACBBCBCBACCACACAACCCBABADBCBAAABBCCBB	['B41C', 'B64C', 'D77C', 'C90B']	4	-3.6008544	-5.3412905	-7.134671	-1.7933807
BCCDDDCDCADDBCDDABCDABCABDBACBDCBADDABCABADBCBAACACBCACCCBDBADACBBCBCBADCBCACAACCBBABADBCCAAABBCCBB	['D10A', 'D13B', 'A33B', 'C37A', 'C43D', 'C46B', 'B48A', 'C54A', 'C62D', 'B64C', 'C72D', 'A74B', 'D77C', 'C82B']	14	-1.7935896	-3.174553	-4.9681406	-1.7935877
BCCDDDCDCDDDBCDDABCDABCABDBACDDCAADDCBCABACBCCABCACBCCCCCBDBACDCBBCBCBACCACADAACCCBABADBCCAAABBCCBB	['D13B', 'B30D', 'A63D', 'B64C']	4	-3.6019192	-6.5925984	-8.387048	-1.7944493
BCCDDDCDCCDDDCDDABCDABCABDBACBDCAACDBBCABACBCCABCACBCCCCCBDCBCDCBBCBCBACCACACAACCCBABADBCCAABBBCCBB	['D10C', 'D35C', 'C37B', 'B60C', 'A61B', 'A63D', 'B64C', 'D77C', 'A93B']	9	-3.6027493	-5.5751634	-7.3704395	-1.7952762
BCCDDDCDCDDDDCDDABCDABCABDBACBDCAADDABCABACBCCABCACBCCCCCBDBADDBBBCBCBACCACACAACCCBABADBCCAABBBCCBB	['C37A', 'C62D', 'A63D', 'D77C', 'A93B']	5	-3.6028786	-5.5262537	-7.321661	-1.7954073
BCCDDDCDCDDDDCDDABCDABCABDBACBDCAADDABCABACBCCABCACBCCCCCBDBADDBBBCBCBACCACACAACCCBABADBCCAABBBCCBB	['C37A', 'C62D', 'A63D', 'D77C', 'A93B']	5	-3.6028786	-5.5262537	-7.321661	-1.7954073
BCCDDDCDCDDDDCDDABCDABCABDBACBDCAADDABCABACBCCABCACBCCCCCBDBADDBBBCBCBACCACACAACCCBABADBCCAABBBCCBB	['C37A', 'C62D', 'A63D', 'D77C', 'A93B']	5	-3.6028786	-5.5262537	-7.321661	-1.7954073
BCCDDDCDCDDDDCDDABCDABCABDBACBDCAADDABCABACBCCABCACBCCCCCBDBADDBBBCBCBACCACACAACCCBABADBCCAABBBCCBB	['C37A', 'C62D', 'A63D', 'D77C', 'A93B']	5	-3.6028786	-5.5262537	-7.321661	-1.7954073
BCCDDDCDCDDDDCDDABCDABCABDBACBDCAADDABCABACBCCABCACBCCCCCBDBADDBBBCBCBACCACACAACCCBABADBCCAABBBCCBB	['C37A', 'C62D', 'A63D', 'D77C', 'A93B']	5	-3.6028786	-5.5262537	-7.321661	-1.7954073
BCCDDDCDCCDDDCDDABCDABCABDBACBDCBACABBCABACBCBABCACBCCCCCCDCADDBBBCBCBCBAACADAACCDBABADBCBAABBBCCBB	['D10C', 'A33B', 'D35C', 'D36A', 'C37B', 'C46B', 'B58C', 'B60C', 'C62D', 'A63D', 'A71C', 'C72B', 'C73A', 'C82D', 'C90B', 'A93B']	16	-1.7954478	-2.1784153	-3.9738588	-1.7954435
AAADDDCDCDDDDCDDABCDABCABDBACBDCAADDABCABACBCCABCACBCCCCCBDBACDBBBCBCBACCACADAACCCBABADBCCAAABBCCBB	['B1A', 'C2A', 'C3A', 'C37A', 'A63D']	5	-3.6032581	-5.288297	-7.0840826	-1.7957854
BCCDDDCDCDDDBCCDABCAABCABDBACBDCAACACBCACACBCCABCACBCCCCDBDBACDBBBCBABACCACACAACCCBABADBDBAAABBCCBB	['D13B', 'D15C', 'D20A', 'D35C', 'D36A', 'B41C', 'C57D', 'A63D', 'C69A', 'D77C', 'C89D', 'C90B']	12	-3.902855	-3.6039639	-5.6993437	-1.7964888
BCCDDDCDCCDDDCDDABCDABCABDBACBDCAADDCBCACACBCCABCACBCCCCCBDBACDBDBCBCBCDCACADAACCCBABADBCBAAABBCCBB	['D10C', 'B41C', 'A63D', 'B65D', 'A71C', 'C72D', 'C90B']	7	-3.604125	-4.8075323	-6.6041822	-1.7966499
AAADDDCDCDDDDCDDABCDABCABDBACDDCBADDCBCABACBCCABCACBCCCCCBDBACDBBBBBCBACCACADAACCCBABADBCCAAABBCCBB	['B1A', 'C2A', 'C3A', 'B30D', 'A33B', 'A63D', 'C67B']	7	-3.6048183	-5.819758	-7.6171045	-1.7973466
BCCDDDCDCDDBBCDDABBDABCABDBACBDCAADDCBCABACBCCABCACBCCCCCBDBACDCBBCBCBACCACADAACCCBABADBCCAAABBCCBB	['D12B', 'D13B', 'C19B', 'A63D', 'B64C']	5	-3.6050682	-4.7710834	-6.568675	-1.7975917
BCCDDDCDCCDDDDDDABCDABCABDBACBDCAADDBBCABACBBCAACACBCDCCCBDBACDBBBCBCCACCACACAACCBBABADBCCAABBBCCBB	['D10C', 'C14D', 'C37B', 'C45B', 'B48A', 'C54D', 'A63D', 'B70C', 'D77C', 'C82B', 'A93B']	11	-3.605219	-5.9105825	-7.7083263	-1.7977438
AAADDDCDCADDDCDDABBDABCABDBACBDCAADABBCABACBCDABCACBCCCCCBDBADDBBBCBCBBCCCCADAACCCBBBADBCBAABBBCCBB	['B1A', 'C2A', 'C3A', 'D10A', 'C19B', 'D36A', 'C37B', 'C46D', 'C62D', 'A63D', 'A71B', 'A74C', 'A84B', 'C90B', 'A93B']	15	-1.8406019	-2.3790636	-4.178171	-1.7991076
BCCDDDCDCADDBDCDABCAABCABDBACBDCAADDBBCABACBCBABCACBCCCCCBDBADDCBBCBCBACCCDADAACCCBABADBCBAABBBCCBB	['D10A', 'D13B', 'C14D', 'D15C', 'D20A', 'C37B', 'C46B', 'C62D', 'A63D', 'B64C', 'A74C', 'C75D', 'C90B', 'A93B']	14	-1.8007298	-2.6691027	-4.4698257	-1.8007231
BCCDDDCDCDDDDDCDABCDABCABDBACBDCAADDABBABACBCCABCACBCCCCCBDBACDBBBCBCBACCACADAACCCBABADBCCAAABBCCBB	['C14D', 'D15C', 'C37A', 'C39B', 'A63D']	5	-3.6082506	-6.2004805	-8.00126	-1.8007793
BCCDDDCDCCDDDCDDABCDABCABDBACBDDAACABBCABADBCBBBCACBCCDCCBDBACDBBBCBCBCCCACADAACCBBABADBCCAAABBCCBB	['D10C', 'C32D', 'D35C', 'D36A', 'C37B', 'C43D', 'C46B', 'A47B', 'C55D', 'A63D', 'A71C', 'C82B']	12	0.0062890053	-1.6479483	-3.4491272	-1.8011789
BCCDDDCDCCDDDCDDABCCABCABDBACBDCAACACBCABACBCCABCACBCDCCCBDBACDBBBCBABDCBACADAACCCBABADBCBAABBBCCBB	['D10C', 'D20C', 'D35C', 'D36A', 'C54D', 'A63D', 'C69A', 'A71D', 'C73B', 'C90B', 'A93B']	11	-3.6086583	-4.945339	-6.746521	-1.8011818
BCCDDDCDCCADBCCDABCDABCABDBACBDCAADDBBCABACBCBABCACBCBCCCBDBACDBBBCBCBBCBACADAACCCBBBADBCBAAABBCCBB	['D10C', 'D11A', 'D13B', 'D15C', 'C37B', 'C46B', 'C54B', 'A63D', 'A71B', 'C73B', 'A84B', 'C90B']	12	-1.801281	-2.4947677	-4.2960405	-1.8012729
BCCDDDCDCADADCDDABCDABCABDBACBDCAADDCBCACACBCCABCACBCCCCCBDBACDBBBCBCBACCACACAACCCBABADBCCAABBBCCBB	['D10A', 'D12A', 'B41C', 'A63D', 'D77C', 'A93B']	6	-3.6098108	-4.883737	-6.6860714	-1.8023343
BCCDDDCDCDDDDCDDABBDABCABDBACBDCAADDCBCACACBCCABCACBCCCCCBDBACABBBCBCBBCCCCADAACCCBABADBCCAAABBCCBB	['C19B', 'B41C', 'A71B', 'A74C']	4	-3.6119347	-5.077681	-6.882144	-1.8044629
BCCDDDCDCBADDCDDABCAABCABDBACBDCAACACBCACACBCDABCACBCBCCCBDBADDBBBCBCBDCCACADAACCCBBCADBCBAABBBCCBB	['D10B', 'D11A', 'D20A', 'D35C', 'D36A', 'B41C', 'C46D', 'C54B', 'C62D', 'A63D', 'A71D', 'A84B', 'B85C', 'C90B', 'A93B']	15	-1.8464742	-2.50731	-4.3122854	-1.8049755
BCCDDDCDCBADDCDDABCAABCABDBACBDCAACACBCACACBCDABCACBCBCCCBDBADDBBBCBCBDCCACADAACCCBBCADBCBAABBBCCBB	['D10B', 'D11A', 'D20A', 'D35C', 'D36A', 'B41C', 'C46D', 'C54B', 'C62D', 'A63D', 'A71D', 'A84B', 'B85C', 'C90B', 'A93B']	15	-1.8464742	-2.50731	-4.3122854	-1.8049755
BCCDDDCDCDDDDCDDABCDABCABDBACBDCAACDBBCABACBCCABCACBCCCCDBDCACDBBBABCBACCACACAACCCBABADBCCAAABBCCBB	['D35C', 'C37B', 'C57D', 'B60C', 'A63D', 'C67A', 'D77C']	7	-4.931464	-3.612708	-6.736699	-1.8052349
AAADDDCDCDDDDCDDABCDABCABDBACBDCAADDCBBABABBCCABCACBCCCCCBDBADABBBCBCBCDCACACAACCCBABADBCCAAABBCCBA	['B1A', 'C2A', 'C3A', 'C39B', 'C43B', 'C62D', 'A71C', 'C72D', 'D77C', 'B99A']	10	-3.6136427	-5.846396	-7.6525707	-1.8061748
BCCDDDCDCCDDDCDDABCCABCABDBACBDCAACACBCABACBCCABCACBCCCCCBDBACCBBBCBCBAACACADAACCCBABADBCCAABBBCCBB	['D10C', 'D20C', 'D35C', 'D36A', 'A63C', 'C72A', 'A93B']	7	-3.61372	-5.8374715	-7.643712	-1.8062406
BCCDDDCDCDDDDCDDABCDABCABDBACBDCAADDCBCABACBCCABCACBCCCCCBDBACDABBCBCBACCACADAACCCBABADBCCAAABBCCBB	['A63D', 'B64A']	2	-3.6156635	-5.1064715	-6.9146624	-1.8081908
BCCDDDCDCDDDDCDDABCDABCABDBACBDCAADDCBCABACBCCABCACBCCCCCBDBACDABBCBCBACCACADAACCCBABADBCCAAABBCCBB	['A63D', 'B64A']	2	-3.6156635	-5.1064715	-6.9146624	-1.8081908
AAADDDCDCDDDDCDDABCDABCABDBACBDCAADDCBAABACBCCABCACBCCCCCBDBADDBBBCBCBCCCACADAACCCBABADBCCAAABBCCBB	['B1A', 'C2A', 'C3A', 'C39A', 'C62D', 'A63D', 'A71C']	7	-3.6159134	-3.790254	-5.598694	-1.8084397
BCCDDDCDCDDDDCDDABCDABCABDBACBDCAADDCBCABACBCCABCACBCCCCCBDBACDBBBCBCBACCACADAACCCBABADBCCAAABBCCBB	['A63D']	1	-3.617138	-5.35189	-7.1615553	-1.8096652
BCCDDDCDCDDDDCDDABCDABCABDBACBDCAADDCBCABACBCCABCACBCCCCCBDBACDBBBCBCBACCACADAACCCBABADBCCAAABBCCBB	['A63D']	1	-3.617138	-5.35189	-7.1615553	-1.8096652
BCCDDDCDCDDDDCDDABCDABCABDBACBDCAADDCBCABACBCCABCACBCCCCCBDBACDBBBCBCBACCACADAACCCBABADBCCAAABBCCBB	['A63D']	1	-3.617138	-5.35189	-7.1615553	-1.8096652
BCCDDDCDCDDDDCDDABCDABCABDBACBDCAADDCBCABACBCCABCACBCCCCCBDBACDBBBCBCBACCACADAACCCBABADBCCAAABBCCBB	['A63D']	1	-3.617138	-5.35189	-7.1615553	-1.8096652
BCCDDDCDCDDDDCDDABCDABCABDBACBDCAADDCBCABACBCCABCACBCCCCCBDBACDBBBCBCBACCACADAACCCBABADBCCAAABBCCBB	['A63D']	1	-3.617138	-5.35189	-7.1615553	-1.8096652
BCCDDDCDCDDDDCDDABCDABCABDBACBDCAADDCBCABACBCCABCACBCCCCCBDBACDBBBCBCBACCACADAACCCBABADBCCAAABBCCBB	['A63D']	1	-3.617138	-5.35189	-7.1615553	-1.8096652
BCCDDDCDCDDDDCDDABCDABCABDBACBDCAADDCBCABACBCCABCACBCCCCCBDBACDBBBCBCBACCACADAACCCBABADBCCAAABBCCBB	['A63D']	1	-3.617138	-5.35189	-7.1615553	-1.8096652
BCCDDDCDCDDDDCDDABCDABCABDBACBDCAADDCBCABACBCCABCACBCCCCCBDBACDBBBCBCBACCACADAACCCBABADBCCAAABBCCBB	['A63D']	1	-3.617138	-5.35189	-7.1615553	-1.8096652
BCCDDDCDCDDDDCDDABCDABCABDBACBDCAADDCBCABACBCCABCACBCCCCCBDBACDBBBCBCBACCACADAACCCBABADBCCAAABBCCBB	['A63D']	1	-3.617138	-5.35189	-7.1615553	-1.8096652
BCCDDDCDCDDDDCDDABCDABCABDBACBDCAADDCBCABACBCCABCACBCCCCCBDBACDBBBCBCBACCACADAACCCBABADBCCAAABBCCBB	['A63D']	1	-3.617138	-5.35189	-7.1615553	-1.8096652
BCCDDDCDCDDDDCDDABCDABCABDBACBDCAADDCBCABACBCCABCACBCCCCCBDBACDBBBCBCBACCACADAACCCBABADBCCAAABBCCBB	['A63D']	1	-3.617138	-5.35189	-7.1615553	-1.8096652
BCCDDDCDCDDDDCDDABCDABCABDBACBDCAADDCBCABACBCCABCACBCCCCCBDBACDBBBCBCBACCACADAACCCBABADBCCAAABBCCBB	['A63D']	1	-3.617138	-5.35189	-7.1615553	-1.8096652
BCCDDDCDCDDDDCDDABCDABCABDBACBDCAADDCBCABACBCCABCACBCCCCCBDBACDBBBCBCBACCACADAACCCBABADBCCAAABBCCBB	['A63D']	1	-3.617138	-5.35189	-7.1615553	-1.8096652
BCCDDDCDCDDDDCDDABCDABCABDBACBDCAADDCBCABACBCCABCACBCCCCCBDBACDBBBCBCBACCACADAACCCBABADBCCAAABBCCBB	['A63D']	1	-3.617138	-5.35189	-7.1615553	-1.8096652
BCCDDDCDCDDDDCDDABCDABCABDBACBDCAADDCBCABACBCCABCACBCCCCCBDBACDBBBCBCBACCACADAACCCBABADBCCAAABBCCBB	['A63D']	1	-3.617138	-5.35189	-7.1615553	-1.8096652
BCCDDDCDCDDDDCDDABCDABCABDBACBDCAADDCBCABACBCCABCACBCCCCCBDBACDBBBCBCBACCACADAACCCBABADBCCAAABBCCBB	['A63D']	1	-3.617138	-5.35189	-7.1615553	-1.8096652
BCCDDDCDCDDDDCDDABCDABCABDBACBDCAADDCBCABACBCCABCACBCCCCCBDBACDBBBCBCBACCACADAACCCBABADBCCAAABBCCBB	['A63D']	1	-3.617138	-5.35189	-7.1615553	-1.8096652
BCCDDDCDCDDDDCDDABCDABCABDBACBDCAADDCBCABACBCCABCACBCCCCCBDBACDBBBCBCBACCACADAACCCBABADBCCAAABBCCBB	['A63D']	1	-3.617138	-5.35189	-7.1615553	-1.8096652
BCCDDDCDCDDDDCDDABCDABCABDBACBDCAADDCBCABACBCCABCACBCCCCCBDBACDBBBCBCBACCACADAACCCBABADBCCAAABBCCBB	['A63D']	1	-3.617138	-5.35189	-7.1615553	-1.8096652
BCCDDDCDCDDDDCDDABCDABCABDBACBDCAADDCBCABACBCCABCACBCCCCCBDBACDBBBCBCBACCACADAACCCBABADBCCAAABBCCBB	['A63D']	1	-3.617138	-5.35189	-7.1615553	-1.8096652
BCCDDDCDCDDDDCDDABCDABCABDBACBDCAADDCBCABACBCCABCACBCCCCCBDBACDBBBCBCBACCACADAACCCBABADBCCAAABBCCBB	['A63D']	1	-3.617138	-5.35189	-7.1615553	-1.8096652
BCCDDDCDCDDDDCDDABCDABCABDBACBDCAADDCBCABACBCCABCACBCCCCCBDBACDBBBCBCBACCACADAACCCBABADBCCAAABBCCBB	['A63D']	1	-3.617138	-5.35189	-7.1615553	-1.8096652
BCCDDDCDCDDDDCDDABCDABCABDBACBDCAADDCBCABACBCCABCACBCCCCCBDBACDBBBCBCBACCACADAACCCBABADBCCAAABBCCBB	['A63D']	1	-3.617138	-5.35189	-7.1615553	-1.8096652
BCCDDDCDCDDDDCDDABCDABCABDBACBDCAADDCBCABACBCCABCACBCCCCCBDBACDBBBCBCBACCACADAACCCBABADBCCAAABBCCBB	['A63D']	1	-3.617138	-5.35189	-7.1615553	-1.8096652
BCCDDDCDCDDDDCDDABCDABCABDBACBDCAADDCBCABACBCCABCACBCCCCCBDBACDBBBCBCBACCACADAACCCBABADBCCAAABBCCBB	['A63D']	1	-3.617138	-5.35189	-7.1615553	-1.8096652
BCCDDDCDCDDDDCDDABCDABCABDBACBDCAADDCBCABACBCCABCACBCCCCCBDBACDBBBCBCBACCACADAACCCBABADBCCAAABBCCBB	['A63D']	1	-3.617138	-5.35189	-7.1615553	-1.8096652
BCCDDDCDCDDDDCDDABCDABCABDBACBDCAADDCBCABACBCCABCACBCCCCCBDBACDBBBCBCBACCACADAACCCBABADBCCAAABBCCBB	['A63D']	1	-3.617138	-5.35189	-7.1615553	-1.8096652
BCCDDDCDCDDDDCDDABCDABCABDBACBDCAADDCBCABACBCCABCACBCCCCCBDBACDBBBCBCBACCACADAACCCBABADBCCAAABBCCBB	['A63D']	1	-3.617138	-5.35189	-7.1615553	-1.8096652
BCCDDDCDCDDDDCDDABCDABCABDBACBDCAADDCBCABACBCCABCACBCCCCCBDBACDBBBCBCBACCACADAACCCBABADBCCAAABBCCBB	['A63D']	1	-3.617138	-5.35189	-7.1615553	-1.8096652
BCCDDDCDCDDDDCDDABCDABCABDBACBDCAADDCBCABACBCCABCACBCCCCCBDBACDBBBCBCBACCACADAACCCBABADBCCAAABBCCBB	['A63D']	1	-3.617138	-5.35189	-7.1615553	-1.8096652
BCCDDDCDCDDDDCDDABCDABCABDBACBDCAADDCBCABACBCCABCACBCCCCCBDBACDBBBCBCBACCACADAACCCBABADBCCAAABBCCBB	['A63D']	1	-3.617138	-5.35189	-7.1615553	-1.8096652
BCCDDDCDCDDDDCDDABCDABCABDBACBDCAADDCBCABACBCCABCACBCCCCCBDBACDBBBCBCBACCACADAACCCBABADBCCAAABBCCBB	['A63D']	1	-3.617138	-5.35189	-7.1615553	-1.8096652
BCCDDDCDCDDDDCDDABCDABCABDBACBDCAADDCBCABACBCCABCACBCCCCCBDBACDBBBCBCBACCACADAACCCBABADBCCAAABBCCBB	['A63D']	1	-3.617138	-5.35189	-7.1615553	-1.8096652
BCCDDDCDCDDDDCDDABCDABCABDBACBDCAADDCBCABACBCCABCACBCCCCCBDBACDBBBCBCBACCACADAACCCBABADBCCAAABBCCBB	['A63D']	1	-3.617138	-5.35189	-7.1615553	-1.8096652
BCCDDDCDCDDDDCDDABCDABCABDBACBDCAADDCBCABACBCCABCACBCCCCCBDBACDBBBCBCBACCACADAACCCBABADBCCAAABBCCBB	['A63D']	1	-3.617138	-5.35189	-7.1615553	-1.8096652
BCCDDDCDCDDDDCDDABCDABCABDBACBDCAADDCBCABACBCCABCACBCCCCCBDBACDBBBCBCBACCACADAACCCBABADBCCAAABBCCBB	['A63D']	1	-3.617138	-5.35189	-7.1615553	-1.8096652
BCCDDDCDCDDDDCDDABCDABCABDBACBDCAADDCBCABACBCCABCACBCCCCCBDBACDBBBCBCBACCACADAACCCBABADBCCAAABBCCBB	['A63D']	1	-3.617138	-5.35189	-7.1615553	-1.8096652
BCCDDDCDCDDDDCDDABCDABCABDBACBDCAADDCBCABACBCCABCACBCCCCCBDBACDBBBCBCBACCACADAACCCBABADBCCAAABBCCBB	['A63D']	1	-3.617138	-5.35189	-7.1615553	-1.8096652
BCCDDDCDCDDDDCDDABCDABCABDBACBDCAADDCBCABACBCCABCACBCCCCCBDBACDBBBCBCBACCACADAACCCBABADBCCAAABBCCBB	['A63D']	1	-3.617138	-5.35189	-7.1615553	-1.8096652
BCCDDDCDCDDDDCDDABCDABCABDBACBDCAADDCBCABACBCCABCACBCCCCCBDBACDBBBCBCBACCACADAACCCBABADBCCAAABBCCBB	['A63D']	1	-3.617138	-5.35189	-7.1615553	-1.8096652
BCCDDDCDCDDDDCDDABCDABCABDBACBDCAADDCBCABACBCCABCACBCCCCCBDBACDBBBCBCBACCACADAACCCBABADBCCAAABBCCBB	['A63D']	1	-3.617138	-5.35189	-7.1615553	-1.8096652
BCCDDDCDCDDDDCDDABCDABCABDBACBDCAADDCBCABACBCCABCACBCCCCCBDBACDBBBCBCBACCACADAACCCBABADBCCAAABBCCBB	['A63D']	1	-3.617138	-5.35189	-7.1615553	-1.8096652
BCCDDDCDCDDDDCDDABCDABCABDBACBDCAADDCBCABACBCCABCACBCCCCCBDBACDBBBCBCBACCACADAACCCBABADBCCAAABBCCBB	['A63D']	1	-3.617138	-5.35189	-7.1615553	-1.8096652
BCCDDDCDCDDDDCDDABCDABCABDBACBDCAADDCBCABACBCCABCACBCCCCCBDBACDBBBCBCBACCACADAACCCBABADBCCAAABBCCBB	['A63D']	1	-3.617138	-5.35189	-7.1615553	-1.8096652
BCCDDDCDCDDDDCDDABCDABCABDBACBDCAADDCBCABACBCCABCACBCCCCCBDBACDBBBCBCBACCACADAACCCBABADBCCAAABBCCBB	['A63D']	1	-3.617138	-5.35189	-7.1615553	-1.8096652
BCCDDDCDCDDDDCDDABCCABCABDBACBDCAADABBCABACBCCABCACBCCCCDBDBADDBBBCBCBADCACADAACCCBABADBCCAABBBCCBB	['D20C', 'D36A', 'C37B', 'C57D', 'C62D', 'A63D', 'C72D', 'A93B']	8	-4.233549	-3.6178322	-6.0439053	-1.8103561
BCCDDDCDCDDDDDCDABCDABCABDBACBDCAADDCBCABACBCDABCACBCCCCCBDBACDBBBCBCBACCACADAACCBBABADBCCAAABBCCBB	['C14D', 'D15C', 'C46D', 'A63D', 'C82B']	5	-1.8519955	-2.7669783	-4.5774755	-1.8104973
BCCDDDCDCDDDDCDDABCDABCABDBACBDCAADDABCABACBCBABCACBCCCCDBDCCCDBBBCBCBACCACACAACCCBACADBCCAABBBCCBB	['C37A', 'C46B', 'C57D', 'B60C', 'A61C', 'A63D', 'D77C', 'B85C', 'A93B']	9	-3.9195685	-1.8106375	-5.7302	-1.8106313
BCCDDDCDCDDDDCDDABCDABCABDBACBDCAADDCBCABACBCBABCACBCCCCCBDBACDBBBCBCBACCACADAACCBBABADBCCAAABBCCBB	['C46B', 'A63D', 'C82B']	3	-1.8108673	-2.7851706	-4.5960293	-1.8108587
BCCDDDCDCDDDDCDDABCDABCABDBACBDCAADDCBCABACBCCABCACBCCCCCBDBACBBBBCBCBACCACACAACCCBABADBCCAABBBCCBB	['A63B', 'D77C', 'A93B']	3	-3.6184063	-5.4086323	-7.2195673	-1.810935
BCCDDDCDCDDDDCDDABCDABCABDBACBDCAADDCBCABACBCCABCACBCCCCCBDBACBBBBCBCBACCACACAACCCBABADBCCAABBBCCBB	['A63B', 'D77C', 'A93B']	3	-3.6184063	-5.4086323	-7.2195673	-1.810935
BCCDDDCDCDDBAADDABCAABCABDBACDDCAADDCBCABACBCCABCACBCCCCCBDBACDBBBCBCBACCACACAACCCBABADCCCAAABBCCBB	['D12B', 'D13A', 'C14A', 'D20A', 'B30D', 'A63D', 'D77C', 'B88C']	8	-3.6188293	-7.1658573	-8.977215	-1.8113575
BCCDDDCDCDDBAADDABCAABCABDBACDDCAADDCBCABACBCCABCACBCCCCCBDBACDBBBCBCBACCACACAACCCBABADCCCAAABBCCBB	['D12B', 'D13A', 'C14A', 'D20A', 'B30D', 'A63D', 'D77C', 'B88C']	8	-3.6188293	-7.1658573	-8.977215	-1.8113575
BCCDDDCDCDDDDCDDABCDABCABDBACBDCAADDBBCABACBCCABCACBCCCCDBDCACCBBBCBCBBACACACAACCCBABADBCCAABBBCCBB	['C37B', 'C57D', 'B60C', 'A63C', 'A71B', 'C72A', 'D77C', 'A93B']	8	-3.6192532	-4.0991497	-5.910927	-1.8117771
BCCDDDCDCCDDDCDDABCDABCABDBACBDCAACACBCACACBCCABCACBCCCCDBDBADDBBBCBCBDCBACADAACCCBBBADBCBAABBBCCBB	['D10C', 'D35C', 'D36A', 'B41C', 'C57D', 'C62D', 'A63D', 'A71D', 'C73B', 'A84B', 'C90B', 'A93B']	12	-4.043057	-3.6203713	-5.8559513	-1.8128943
BCCDDDCDCBDDBCADABCDABCABDBACDDCCACACBCACACBCCABCACBCCCCCBDBACDCBBCBCBACCACADAACCCBABADCCCAAABBCCBB	['D10B', 'D13B', 'D15A', 'B30D', 'A33C', 'D35C', 'D36A', 'B41C', 'A63D', 'B64C', 'B88C']	11	-3.6219726	-7.210531	-9.025029	-1.814498
BCCDDDCDCCDDDCDBABCDABCABDBACBDCAADDCBCABACBCDABCACBCCCCCBDBACDBBBCBCBACCACCDAACCCBABADBCCAAABBCCBB	['D10C', 'D16B', 'C46D', 'A63D', 'A76C']	5	-1.8561883	-2.7142916	-4.528981	-1.8146896
AAADDDCDCCDDDCDDABCDABCABDBACBDCAADDABCACACBCCABCACBCCCCCBDCADCBBBCBCBACCACACAACCCBABADBCBAABBBCCBB	['B1A', 'C2A', 'C3A', 'D10C', 'C37A', 'B41C', 'B60C', 'C62D', 'A63C', 'D77C', 'C90B', 'A93B']	12	-3.6238503	-4.5151463	-6.331519	-1.8163729
BCCDDDCDCDDADCDDABCDABCABDBACBDCAADDCBAABACBCCABCACBCCCCCBDBACDBBBCBCBBCCACACAACCCBABADBCCAABBBCCBB	['D12A', 'C39A', 'A63D', 'A71B', 'D77C', 'A93B']	6	-3.6249456	-5.247573	-7.0650454	-1.8174725
BCCDDDCDCCDDBCDDABCDABCABDBACBDCAADDABCABACBCCABCACBCCCCCBDBACACBBCBCBACCACADAACCCBABADBCCAAABBCCBB	['D10C', 'D13B', 'C37A', 'B64C']	4	-3.6255856	-6.1421723	-7.960286	-1.8181138
BCCDDDCDCCDDBCDDABCCABCABDBACBDCAACABBCABACBBDABCACBCDCCCBDBADDBBBBBABBABACADAACCBBABADBCBAAABBCCBB	['D10C', 'D13B', 'D20C', 'D35C', 'D36A', 'C37B', 'C45B', 'C46D', 'C54D', 'C62D', 'A63D', 'C67B', 'C69A', 'A71B', 'C72A', 'C73B', 'C82B', 'C90B']	18	-2.6316204	-1.8596549	-4.4497805	-1.81816
BCCDDDCDCDDDDCDDABADABCABDBACBDCAADDCBCABACBCCABCACBCCCCCBDBACDBBBCBCBACCACADAACCCBABADBCCAAABBCCBB	['C19A', 'A63D']	2	-3.6262188	-4.802257	-6.621003	-1.8187461
BCCDDDCDCDDDDCDDABADABCABDBACBDCAADDCBCABACBCCABCACBCCCCCBDBACDBBBCBCBACCACADAACCCBABADBCCAAABBCCBB	['C19A', 'A63D']	2	-3.6262188	-4.802257	-6.621003	-1.8187461
BCCDDDCDCDDDDCDDABADABCABDBACBDCAADDCBCABACBCCABCACBCCCCCBDBACDBBBCBCBACCACADAACCCBABADBCCAAABBCCBB	['C19A', 'A63D']	2	-3.6262188	-4.802257	-6.621003	-1.8187461
AAADDDCDCDDDDCCDABCCABCABDBACBDDAACABBCACACBCBBBCACBCCCCDBDBACABBBCBCBACCACACAACCDBABADBCBAAABBCCBB	['B1A', 'C2A', 'C3A', 'D15C', 'D20C', 'C32D', 'D35C', 'D36A', 'C37B', 'B41C', 'C46B', 'A47B', 'C57D', 'D77C', 'C82D', 'C90B']	16	-3.080658	-1.8192286	-4.899887	-1.8192291
BCCDDDCDCDDDDCDDABCDABCABDBACBDCAADDABCACABBCCABCACBCCCCCBDBADDBBBCBCBBCCACACAACCCBABADBCCAABBBCCBB	['C37A', 'B41C', 'C43B', 'C62D', 'A63D', 'A71B', 'D77C', 'A93B']	8	-3.6276827	-5.3268323	-7.147045	-1.8202128
BCCDDDCDCDDDDCDDABCDABCABDBACBDCAACDBBAABACBCCABCACBCCCCDBDBADCDBBCBCBBCCACACAACCCBABADBCCAABBBCCBB	['D35C', 'C37B', 'C39A', 'C57D', 'C62D', 'A63C', 'B64D', 'A71B', 'D77C', 'A93B']	10	-3.8263521	-3.6282663	-5.647149	-1.820797
BCCDDDCDCDDBDCDDABCDABCABDBACBDCAADDCBCABABBCCABCACBCCCCDBDBADDBBBCBCBCCCACADAACCCBABADBCCAABBBCCBB	['D12B', 'C43B', 'C57D', 'C62D', 'A63D', 'A71C', 'A93B']	7	-3.9720964	-3.628456	-5.7930765	-1.8209801
BCCDDDCDCDDDDCDDABCDABCABDBACBDCAACDCBCABACBCCABCACBCCCCCBDBACDDBBCBCBACCACADAACCCBABADBCCAAABBCCBB	['D35C', 'A63D', 'B64D']	3	-3.628704	-5.667573	-7.488802	-1.821229
BCCDDDCDCDDDDCDDABCDABCABDBACBDCAACDCBCABACBCCABCACBCCCCCBDBACDDBBCBCBACCACADAACCCBABADBCCAAABBCCBB	['D35C', 'A63D', 'B64D']	3	-3.628704	-5.667573	-7.488802	-1.821229
BCCDDDCDCDDDDCDDABCDABCABDBACBDCAACDCBCABACBCCABCACBCCCCCBDBACDDBBCBCBACCACADAACCCBABADBCCAAABBCCBB	['D35C', 'A63D', 'B64D']	3	-3.628704	-5.667573	-7.488802	-1.821229
BCCDDDCDCDDDDCDDABCDABCABDBACBDCAACDCBCABACBCCABCACBCCCCCBDBACDDBBCBCBACCACADAACCCBABADBCCAAABBCCBB	['D35C', 'A63D', 'B64D']	3	-3.628704	-5.667573	-7.488802	-1.821229
BCCDDDCDCDDDDCDDABCDABCABDBACBDCAADABBCABACBCCABCACBCCCCDBDCACDBBBCBCBACCACACAACCCBABADBCCAAABBCCBB	['D36A', 'C37B', 'C57D', 'B60C', 'A63D', 'D77C']	6	-4.8866606	-3.6300807	-6.7092657	-1.8226051
BCCDDDCDCCDDDDDDABCDABCABDBACBDCAADDCBCABACBCCABCACBCCCCCBDBACBBBBCBCBADCACACAACCCBABADBCCAABBBCCBB	['D10C', 'C14D', 'A63B', 'C72D', 'D77C', 'A93B']	6	-3.6307883	-5.2209845	-7.044299	-1.8233147
BCCDDDCDCCDDDDDDABCDABCABDBACBDCAADDCBCABACBCCABCACBCCCCCBDBACBBBBCBCBADCACACAACCCBABADBCCAABBBCCBB	['D10C', 'C14D', 'A63B', 'C72D', 'D77C', 'A93B']	6	-3.6307883	-5.2209845	-7.044299	-1.8233147
BCCDDDCDCCCDDCDDABCCABCABDBACBDCBACACBCACACBCDABCACBCDDCDBDCADDBBBCBCBBACACCDAACCCBBBADBCBAABBBCCBB	['D10C', 'D11C', 'D20C', 'A33B', 'D35C', 'D36A', 'B41C', 'C46D', 'C54D', 'C55D', 'C57D', 'B60C', 'C62D', 'A63D', 'A71B', 'C72A', 'A76C', 'A84B', 'C90B', 'A93B']	20	-0.05864811	-0.9217806	-2.7464056	-1.824625
BCCDDDCDCDDDDCCDABDDABCABDBACBDCAADDABCACACBCCABCACBCCCCCBDBACCBBBCBCBACCACACAACCCBABADBCCAAABBCCBB	['D15C', 'C19D', 'C37A', 'B41C', 'A63C', 'D77C']	6	-3.632123	-5.4981275	-7.3227787	-1.8246512
BCCDDDCDCCDDBCDDABCAABCABDBACBDCAACDABCABACBCDABCACBCCCCCBDBACDBBBCBCBCACACADAACCCBBBADBCBADABBCCBB	['D10C', 'D13B', 'D20A', 'D35C', 'C37A', 'C46D', 'A63D', 'A71C', 'C72A', 'A84B', 'C90B', 'A92D']	12	-1.8664384	-3.493733	-5.318674	-1.8249412
BCCDDDCDCCDDBDDDABBDABCABDBACBDCAACDABCABACBCCABCACBCCCCDBDBACDBBBCBCBACCACACAACCCBABADBCCAAABBCCBB	['D10C', 'D13B', 'C14D', 'C19B', 'D35C', 'C37A', 'C57D', 'A63D', 'D77C']	9	-4.755582	-3.6328673	-6.5809755	-1.8253937
BCCDDDCDCDDDBDCDABCAABCABDBACBDCAADDCBCACACBCCABCACBCCCCDBDCACDBBBCBCBCCCACADAACCCBABADBACAABBBCCBB	['D13B', 'C14D', 'D15C', 'D20A', 'B41C', 'C57D', 'B60C', 'A63D', 'A71C', 'C89A', 'A93B']	11	-4.034679	-3.6337695	-5.8609705	-1.8262916
BCCDDDADCCDDBCCDABCAABCABDBACBDCAACDCBCABADBCAAACACBCDCCCBDBACDCBBCBCBACCACACAACCBBBBADBCCAAABBCCBB	['C7A', 'D10C', 'D13B', 'D15C', 'D20A', 'D35C', 'C43D', 'C46A', 'B48A', 'C54D', 'A63D', 'B64C', 'D77C', 'C82B', 'A84B']	15	-1.5786572	-3.278327	-5.1048603	-1.8265333
BCCDDDCDCCDDDCDDABCDABCABDBACBDCAACDBBCABACBCCABCACBCCCCCBDBACDBBBCBCBACCACADAACCCBABADBCCAABBBCCBB	['D10C', 'D35C', 'C37B', 'A63D', 'A93B']	5	-3.6349363	-5.1645193	-6.9919786	-1.8274593
BCCDDDCDCCDDDCDDABCDABCABDBACBDCAADDCBCACACBCAABCACBCDCCCBDBBCDCBBCBCCACCACACAACCABABADBCBAABBBCCBB	['D10C', 'B41C', 'C46A', 'C54D', 'A61B', 'A63D', 'B64C', 'B70C', 'D77C', 'C82A', 'C90B', 'A93B']	12	-1.5801468	-2.9067688	-4.7347918	-1.828023
BCCDDDCDCCDDDBDDABCDABCABDBACBDCAADDCBCABACBCCABCACBCCDCCBDBADDBAACBCAACCACACAACCCBABADBCBAAABBCCBB	['D10C', 'C14B', 'C55D', 'C62D', 'A63D', 'B65A', 'B66A', 'B70A', 'D77C', 'C90B']	10	-1.8290129	-4.4072456	-6.2362547	-1.829009
BCCDDDCDCCDDBCDDADCBABCABDBACBDCAACACBCABACBCDABCACBCDCCCBDBADDBBBCBCBCDBACADAACCCBBBADBCBAAABBCCBB	['D10C', 'D13B', 'B18D', 'D20B', 'D35C', 'D36A', 'C46D', 'C54D', 'C62D', 'A63D', 'A71C', 'C72D', 'C73B', 'A84B', 'C90B']	15	-1.8705254	-2.2595673	-4.0885973	-1.82903
BCCDDDCDCDDDDCDDABCDABCABDBACBDCAADDCBCABACBCCABCACBCCCCCBDBACDBBBCBCBCBCACACAACCCBABADBCCAABBBCCBB	['A63D', 'A71C', 'C72B', 'D77C', 'A93B']	5	-3.6366405	-4.8943343	-6.723505	-1.8291707
BCCDDDCDCBDDDCDDABCDABCABDBACBDCAADDCBCACACBCDABCACBCCCCCBDBADDBBBCBCBACCACADAACCCBBCADBCBAABBBCCBB	['D10B', 'B41C', 'C46D', 'C62D', 'A63D', 'A84B', 'B85C', 'C90B', 'A93B']	9	-1.870728	-2.8629599	-4.6921873	-1.8292274
BCCDDDBDCDDDDCDDABCDABCABDBACBDCAADDBBCACACBCCABCACBCCCCDBDBACDBBBCBCBACCACACAACCCBABADBCCAABBBCCBB	['C7B', 'C37B', 'B41C', 'C57D', 'A63D', 'D77C', 'A93B']	7	-4.3085356	-3.6371446	-6.1382065	-1.8296709
BCCDDDCDCDDDDCDDABCDABCABDBACBDCAADDCBCACACBCCABCACBCCCCCBDBACDBBBCBCBACCACADAACCCBABADBCCAABBBCCBB	['B41C', 'A63D', 'A93B']	3	-3.6374025	-5.301669	-7.1315966	-1.8299274
BCCDDDCDCDDDDCDDABCDABCABDBACBDCAADDCBCACACBCCABCACBCCCCCBDBACDBBBCBCBACCACADAACCCBABADBCCAABBBCCBB	['B41C', 'A63D', 'A93B']	3	-3.6374025	-5.301669	-7.1315966	-1.8299274
BCCDDDCDCDDDBCCDABCAABCABDBACBDCAADDCBCACACBCDABCACBCCCCCCDCBCDCBBCBCBBCBACACAACCCBABADBCBAABBBCCBB	['D13B', 'D15C', 'D20A', 'B41C', 'C46D', 'B58C', 'B60C', 'A61B', 'A63D', 'B64C', 'A71B', 'C73B', 'D77C', 'C90B', 'A93B']	15	-1.8719168	-3.5255265	-5.3559494	-1.8304229
BCCDDDCDCDDDDCCDABCDABCABDBACBDCAADDCBCABACBCBABCACBCCCCCBDBACDBBBCBCBACCACADAACCABACADBCCAABBBCCBB	['D15C', 'C46B', 'A63D', 'C82A', 'B85C', 'A93B']	6	-1.8308554	-3.1317368	-4.9625864	-1.8308496
AAADDDCDCDDDDCDDABCDABCABDBACBDCAADDCBCACACBCCABCACBCCCCCBDBACCBBBCBCAACCACACAACCCBABADBCCAAABBCCBB	['B1A', 'C2A', 'C3A', 'B41C', 'A63C', 'B70A', 'D77C']	7	-3.6385345	-5.4513144	-7.2823734	-1.831059
BCCDDDCDCDDDDCDDABCDABCABDBACBDCAADDBBCABACBCCABCACBCCCCCBDBACDBBBCBCBADCACADAACCCBABADBCCAABBBCCBB	['C37B', 'A63D', 'C72D', 'A93B']	4	-3.6388092	-5.415508	-7.2468433	-1.8313355
BCCDDDCDCDDDBCDDABCDABCABDBACBDCBACAABCABACBCCABCACBCBCCCBDBADDBBBCBCBBBBACADAACCCBABADBCBAAABBCCBB	['D13B', 'A33B', 'D35C', 'D36A', 'C37A', 'C54B', 'C62D', 'A63D', 'A71B', 'C72B', 'C73B', 'C90B']	12	-3.6388383	-4.333401	-6.1647644	-1.8313632
BCCDDDCDCADDDDDDABCDABCABDBACBDCAACDABCABACBCCABCACBCCCCCBDBACDBBBCBCBACCACACAACCCBABADBCCAABBBCCBB	['D10A', 'C14D', 'D35C', 'C37A', 'A63D', 'D77C', 'A93B']	7	-3.6396055	-5.5057564	-7.337887	-1.8321304
BCCDDDCDCADDDDDDABCDABCABDBACBDCAACDABCABACBCCABCACBCCCCCBDBACDBBBCBCBACCACACAACCCBABADBCCAABBBCCBB	['D10A', 'C14D', 'D35C', 'C37A', 'A63D', 'D77C', 'A93B']	7	-3.6396055	-5.5057564	-7.337887	-1.8321304
BCCDDDCDCADDDDDDABCDABCABDBACBDCAACDABCABACBCCABCACBCCCCCBDBACDBBBCBCBACCACACAACCCBABADBCCAABBBCCBB	['D10A', 'C14D', 'D35C', 'C37A', 'A63D', 'D77C', 'A93B']	7	-3.6396055	-5.5057564	-7.337887	-1.8321304
BCCDDDCDCADDDDDDABCDABCABDBACBDCAACDABCABACBCCABCACBCCCCCBDBACDBBBCBCBACCACACAACCCBABADBCCAABBBCCBB	['D10A', 'C14D', 'D35C', 'C37A', 'A63D', 'D77C', 'A93B']	7	-3.6396055	-5.5057564	-7.337887	-1.8321304
BCCDDDCDCADDDDDDABCDABCABDBACBDCAACDABCABACBCCABCACBCCCCCBDBACDBBBCBCBACCACACAACCCBABADBCCAABBBCCBB	['D10A', 'C14D', 'D35C', 'C37A', 'A63D', 'D77C', 'A93B']	7	-3.6396055	-5.5057564	-7.337887	-1.8321304
BCCDDDCDCADDDDDDABCDABCABDBACBDCAACDABCABACBCCABCACBCCCCCBDBACDBBBCBCBACCACACAACCCBABADBCCAABBBCCBB	['D10A', 'C14D', 'D35C', 'C37A', 'A63D', 'D77C', 'A93B']	7	-3.6396055	-5.5057564	-7.337887	-1.8321304
BCCDDDCDCADDDDDDABCDABCABDBACBDCAACDABCABACBCCABCACBCCCCCBDBACDBBBCBCBACCACACAACCCBABADBCCAABBBCCBB	['D10A', 'C14D', 'D35C', 'C37A', 'A63D', 'D77C', 'A93B']	7	-3.6396055	-5.5057564	-7.337887	-1.8321304
BCCDDDCDCADDDDDDABCDABCABDBACBDCAACDABCABACBCCABCACBCCCCCBDBACDBBBCBCBACCACACAACCCBABADBCCAABBBCCBB	['D10A', 'C14D', 'D35C', 'C37A', 'A63D', 'D77C', 'A93B']	7	-3.6396055	-5.5057564	-7.337887	-1.8321304
BCCDDDCDCDDDDCDDABCDABCABDBACBDCAADDBBCABABBCCABCACBCCCCCBDBADBBBBCBCBCCCBCACAACCCBABADBCCAABBBCCBB	['C37B', 'C43B', 'C62D', 'A63B', 'A71C', 'A74B', 'D77C', 'A93B']	8	-3.6403809	-4.5207715	-6.3536835	-1.832912
BCCDDDCDCCDDDCDDABCDABCABDBACBDCBADDCBCACACBCBAACACBCADCDBDBADDBBBCBCBACCACADAACCBBABADBCBAABBBCCBB	['D10C', 'A33B', 'B41C', 'C46B', 'B48A', 'C54A', 'C55D', 'C57D', 'C62D', 'A63D', 'C82B', 'C90B', 'A93B']	13	-0.025922298	-1.3776684	-3.211051	-1.8333826
BCCDDDCDCCDDDCDDABCAABCABDBACBDCAADDABCABACBCDABCACBCCDCDBDBDDCCBBBBABACAACADABCCCBBBADBCBAAABBCCBB	['D10C', 'D20A', 'C37A', 'C46D', 'C55D', 'C57D', 'A61D', 'C62D', 'A63C', 'B64C', 'C67B', 'C69A', 'C73A', 'A79B', 'A84B', 'C90B']	16	-0.067741394	-2.345706	-4.1794233	-1.8337173
AAADDDCDCDDDDCDDABCDABCABDBACDDCAADDCBCABACBCCABCACBCCCCCBDBACDBBBCBCBACCACACAACCCBABADBCCAABBBCCBB	['B1A', 'C2A', 'C3A', 'B30D', 'A63D', 'D77C', 'A93B']	7	-3.6418257	-6.406313	-8.240667	-1.8343544
AAADDDCDCDDDDCDDABCDABCABDBACDDCAADDCBCABACBCCABCACBCCCCCBDBACDBBBCBCBACCACACAACCCBABADBCCAABBBCCBB	['B1A', 'C2A', 'C3A', 'B30D', 'A63D', 'D77C', 'A93B']	7	-3.6418257	-6.406313	-8.240667	-1.8343544
BCCDDDCDCDDDDCDDABCDABCABDBACBDCAADDCBCABACBCCABCACBCCCCCBDBACDBBBCBDBCBCACACAACCCBABADBCBAAABBCCBB	['A63D', 'C69D', 'A71C', 'C72B', 'D77C', 'C90B']	6	-3.6418414	-4.4056444	-6.240017	-1.8343725
BCCDDDCDCCDDBCDDABCCABCABDBACBDCAADACBCACACBCCABCACBCCCCCBDBADACBBCBCBACCACADAACCCBACADBCCAABBBCCBB	['D10C', 'D13B', 'D20C', 'D36A', 'B41C', 'C62D', 'B64C', 'B85C', 'A93B']	9	-3.6421266	-5.025056	-6.859706	-1.83465
BCCDDDCDCDDDDCDDABCDABCABDBACBDCAADDCBCABACBCCABCACBCCCCCBDBACDBBBCBCBACCACACAACCCBABADBCCAAABBCCBB	['A63D', 'D77C']	2	-3.6422873	-5.269064	-7.10388	-1.834816
BCCDDDCDCDDDDCDDABCDABCABDBACBDCAADDCBCABACBCCABCACBCCCCCBDBACDBBBCBCBACCACACAACCCBABADBCCAAABBCCBB	['A63D', 'D77C']	2	-3.6422873	-5.269064	-7.10388	-1.834816
BCCDDDCDCDDDDCDDABCDABCABDBACBDCAADDCBCABACBCCABCACBCCCCCBDBACDBBBCBCBACCACACAACCCBABADBCCAAABBCCBB	['A63D', 'D77C']	2	-3.6422873	-5.269064	-7.10388	-1.834816
BCCDDDCDCDDDDCDDABCDABCABDBACBDCAADDCBCABACBCCABCACBCCCCCBDBACDBBBCBCBACCACACAACCCBABADBCCAAABBCCBB	['A63D', 'D77C']	2	-3.6422873	-5.269064	-7.10388	-1.834816
BCCDDDCDCDDDDCDDABCDABCABDBACBDCAADDCBCABACBCCABCACBCCCCCBDBACDBBBCBCBACCACACAACCCBABADBCCAAABBCCBB	['A63D', 'D77C']	2	-3.6422873	-5.269064	-7.10388	-1.834816
BCCDDDCDCDDDDCDDABCDABCABDBACBDCAADDCBCABACBCCABCACBCCCCCBDBACDBBBCBCBACCACACAACCCBABADBCCAAABBCCBB	['A63D', 'D77C']	2	-3.6422873	-5.269064	-7.10388	-1.834816
BCCDDDCDCDDDDCDDABCDABCABDBACBDCAADDCBCABACBCCABCACBCCCCCBDBACDBBBCBCBACCACACAACCCBABADBCCAAABBCCBB	['A63D', 'D77C']	2	-3.6422873	-5.269064	-7.10388	-1.834816
BCCDDDCDCDDDDCDDABCDABCABDBACBDCAADDCBCABACBCCABCACBCCCCCBDBACDBBBCBCBACCACACAACCCBABADBCCAAABBCCBB	['A63D', 'D77C']	2	-3.6422873	-5.269064	-7.10388	-1.834816
BCCDDDCDCDDDDCDDABCDABCABDBACBDCAADDCBCABACBCCABCACBCCCCCBDBACDBBBCBCBACCACACAACCCBABADBCCAAABBCCBB	['A63D', 'D77C']	2	-3.6422873	-5.269064	-7.10388	-1.834816
BCCDDDCDCDDDDCDDABCDABCABDBACBDCAADDCBCABACBCCABCACBCCCCCBDBACDBBBCBCBACCACACAACCCBABADBCCAAABBCCBB	['A63D', 'D77C']	2	-3.6422873	-5.269064	-7.10388	-1.834816
BCCDDDCDCDDDDCDDABCDABCABDBACBDCAADDCBCABACBCCABCACBCCCCCBDBACDBBBCBCBACCACACAACCCBABADBCCAAABBCCBB	['A63D', 'D77C']	2	-3.6422873	-5.269064	-7.10388	-1.834816
BCCDDDCDCDDDDCDDABCDABCABDBACBDCAADDCBCABACBCCABCACBCCCCCBDBACDBBBCBCBACCACACAACCCBABADBCCAAABBCCBB	['A63D', 'D77C']	2	-3.6422873	-5.269064	-7.10388	-1.834816
BCCDDDCDCDDDDCDDABCDABCABDBACBDCAADDCBCABACBCCABCACBCCCCCBDBACDBBBCBCBACCACACAACCCBABADBCCAAABBCCBB	['A63D', 'D77C']	2	-3.6422873	-5.269064	-7.10388	-1.834816
BCCDDDCDCDDDDCDDABCDABCABDBACBDCAADDCBCABACBCCABCACBCCCCCBDBACDBBBCBCBACCACACAACCCBABADBCCAAABBCCBB	['A63D', 'D77C']	2	-3.6422873	-5.269064	-7.10388	-1.834816
BCCDDDCDCDDDBCCDABCDABCABDBACBDCAADDCBCABACBCCABCACBCCCCCBDBACBBBBCBCBACCACACAACCCBABADBCCAAABBCCBB	['D13B', 'D15C', 'A63B', 'D77C']	4	-3.6424513	-5.032372	-6.8673496	-1.8349776
BCCDDDCDCDDDDCDDABCDABCABDBACBDCAADDCBCABACBCCABCACBCCCCCBDBADBBBBCBCBACCACACAACCCBABADBCCAABBBCCBB	['C62D', 'A63B', 'D77C', 'A93B']	4	-3.6432133	-4.9650946	-6.8008356	-1.835741
AAADDDCDCDDDDCDDABCDABCABDBACBDCAADDCBCABACBCCABCACBCCCCCBDBACBBBBCBCBACCACADAACCCBABADBCCAAABBCCBB	['B1A', 'C2A', 'C3A', 'A63B']	4	-3.643592	-4.7271385	-6.563257	-1.8361187
AAADDDCDCDDDDCDDABCDABCABDBACBDCAADDCBCABACBCCABCACBCCCCCBDBACBBBBCBCBACCACADAACCCBABADBCCAAABBCCBB	['B1A', 'C2A', 'C3A', 'A63B']	4	-3.643592	-4.7271385	-6.563257	-1.8361187
BCCDDDCDCDDDDDCDABCDABCABDBACBDCAADDABCACACBCCABCACBCCCCCBDBACDBBBCBCBAACACADAACCCBABADBCCAAABBCCBB	['C14D', 'D15C', 'C37A', 'B41C', 'A63D', 'C72A']	6	-3.6440964	-5.126611	-6.963234	-1.8366227
BCCDDDCDCDDDDCDDABCDABCABDBACBDCAADACBCABACBCDABCACBCDCCCBDBBCCBBBCBABAACACADAACCBBABADBCCAAABBCCBB	['D36A', 'C46D', 'C54D', 'A61B', 'A63C', 'C69A', 'C72A', 'C82B']	8	-1.878284	-3.782558	-5.619342	-1.8367839
BCCDDDCDCADDBCDCABCDABCABDBACDDCAADDABCABACBCCABCACBCCCCCBDBACCBBBCBCBBCCACACAACCCBABADBCCAAABBCCBB	['D10A', 'D13B', 'D16C', 'B30D', 'C37A', 'A63C', 'A71B', 'D77C']	8	-3.6446867	-6.4917655	-8.328981	-1.8372159
BCCDDDCDCDDDDCDDABCDABCABDBACBDCAADDCBCACACBCCABCACBCCCCCBDBACCCBBCBCBACCACACAACCCBABADBCCAAABBCCBB	['B41C', 'A63C', 'B64C', 'D77C']	4	-3.644763	-5.2928267	-7.1301165	-1.8372898
BCCDDDCDCDDDDCDDABCDABCABDBACBDCAADDBBCABACBCCABCACBCCCCCBDBACDBBBCBCBACCACACAACCCBABADBCCAABBBCCBB	['C37B', 'A63D', 'D77C', 'A93B']	4	-3.645296	-5.255435	-7.09326	-1.8378248
BCCDDDCDCDDDDCDDABCDABCABDBACBDCAADDBBCABACBCCABCACBCCCCCBDBACDBBBCBCBACCACACAACCCBABADBCCAABBBCCBB	['C37B', 'A63D', 'D77C', 'A93B']	4	-3.645296	-5.255435	-7.09326	-1.8378248
BCCDDDCDCCDDDCDDABCCABCABDBACBDCAACABBCABACBCCABCACBCCCCCBDCADDBBBCBCBCCCACACAACCCBBBADBCBAABBBCCBB	['D10C', 'D20C', 'D35C', 'D36A', 'C37B', 'B60C', 'C62D', 'A63D', 'A71C', 'D77C', 'A84B', 'C90B', 'A93B']	13	-3.6453671	-4.617095	-6.4549847	-1.8378897
BCCDDDCDCDDDDCCDABCDABCABDBACBDCAACDBBCABACBCCABCACBCCCCDBDCACDBBBCBCBACCACADAACCCBABADBCCAAABBCCBA	['D15C', 'D35C', 'C37B', 'C57D', 'B60C', 'A63D', 'B99A']	7	-3.974761	-3.6453967	-5.812684	-1.837923
BCCDDDCDCCDDBDDDABCDABCABDBACBDCBADDCBCACACBCDABCACBCBCCCBDBADDBBBBBCBACDACACAACCCBBBADBCBAABBBCCBB	['D10C', 'D13B', 'C14D', 'A33B', 'B41C', 'C46D', 'C54B', 'C62D', 'A63D', 'C67B', 'C73D', 'D77C', 'A84B', 'C90B', 'A93B']	15	-2.8718653	-1.8798475	-4.7102127	-1.8383474
BCCDDDCDCCCDBCCDABAAABCABDBACBDCAACACBCABACBCDABCACBCDCCCBDCADDBBBCBCBBCBACCDAACCCBABADBABAABBBCCBB	['D10C', 'D11C', 'D13B', 'D15C', 'C19A', 'D20A', 'D35C', 'D36A', 'C46D', 'C54D', 'B60C', 'C62D', 'A63D', 'A71B', 'C73B', 'A76C', 'C89A', 'C90B', 'A93B']	19	-2.2861538	-1.8803978	-4.125059	-1.8389053
BCCDDDCDCDDDDCDDABCDABCABDBACBDCAADDBBCABACBCBABCACBCCCCCBDBACDBBBCBCBACCACACAACCBBABADBCCAABBBCCBB	['C37B', 'C46B', 'A63D', 'D77C', 'C82B', 'A93B']	6	-1.8390255	-2.688716	-4.527732	-1.839016
BCCDDDCDCDDDDCDDABBDABCABDBACBDCAADDCBCABACBCCABCACBCCCCCBDBADBBBBCBBBACCACADAACCCBABADBCCAAABBCCBB	['C19B', 'C62D', 'A63B', 'C69B']	4	-4.9854965	-3.6469002	-6.8249254	-1.8394289
BCCDDDCDCCDABCDCABCDABCABDBACBDDAADDCBAABACBCCBBCACBCCCCDBDBACACBBCBCBCDCACADAACCCBABADBCCAABBBCCBB	['D10C', 'D12A', 'D13B', 'D16C', 'C32D', 'C39A', 'A47B', 'C57D', 'B64C', 'A71C', 'C72D', 'A93B']	12	-3.6470475	-3.765026	-5.6046	-1.8395739
BCCDDDCDCCDDDCDDABCDABCDBDBACBDCAADDCBCABACBBDABCACBCCCCCBDBACDBBBCBCBADAACACAACCCBABADBCCAABBBCCBB	['D10C', 'A24D', 'C45B', 'C46D', 'A63D', 'C72D', 'C73A', 'D77C', 'A93B']	9	-1.8811555	-3.6237984	-5.463457	-1.8396587
BCCDDDCDCDDDBCDDABCDABCABDBACBDCAADDCBCABACBCCABCACBCCCCCBDBACDBBBCBCBCCCACADAACCCBABADBCCAAABBCCBB	['D13B', 'A63D', 'A71C']	3	-3.648283	-5.219631	-7.060443	-1.8408117
BCCDDDCDCDDDDCDDABCDABCABDBACBDCAADDCBCABACBCCABCACBCCCCCBDBACABBBCBCBADCACACAACCCBABADBCBAABBBCCBB	['C72D', 'D77C', 'C90B', 'A93B']	4	-3.648316	-6.1259494	-7.966792	-1.8408427
AAADDDCDCDDDDCDDABCDABCABDBACBDCAADDABCACACBCCABCACBCCCCCBDBACDBBBCBCBACCACACAACCCBABADBCCAABBBCCBB	['B1A', 'C2A', 'C3A', 'C37A', 'B41C', 'A63D', 'D77C', 'A93B']	8	-3.648672	-5.1552515	-6.9964485	-1.841197
BCCDDDCDCDDDBCDDABCDABCABDBACDDCAADDCBCABACBCCABCACBCCCCCBDBACDBBBCBCBACCACACAACCCBABADCCCAABBBCCBB	['D13B', 'B30D', 'A63D', 'D77C', 'B88C', 'A93B']	6	-3.6489902	-7.5073805	-9.348899	-1.8415184
BCCDDDCDCDDDBCDDABCDABCABDBACBDCAADDCBCABACBCBABCACBCCDCCBDBACDBBBCBCBCCCACADAACCBBABADBCCAAABBCCBB	['D13B', 'C46B', 'C55D', 'A63D', 'A71C', 'C82B']	6	-0.034543037	-2.6529121	-4.494917	-1.8420048
BCCDDDCDCDDDDCDDABCDABCABDBACBDCAACDBBCABACBCCABCACBCCCCCBDCCCDCBBCBCBACCACADAACCCBABADBCBAAABBCCBB	['D35C', 'C37B', 'B60C', 'A61C', 'A63D', 'B64C', 'C90B']	7	-3.6501403	-4.2148423	-6.0575075	-1.8426652
BCCDDDCDCDDBDCDDABCDABCABDBACBDCAADDCBCABACBCCABCACBCCCCCBDBACDBBBCBCBACCACADAACCCBABADBCCAAABBCCBB	['D12B', 'A63D']	2	-3.6505356	-5.070679	-6.913741	-1.8430619
BCCDDDCDCDDBDCDDABCDABCABDBACBDCAADDCBCABACBCCABCACBCCCCCBDBACDBBBCBCBACCACADAACCCBABADBCCAAABBCCBB	['D12B', 'A63D']	2	-3.6505356	-5.070679	-6.913741	-1.8430619
BCCDDDCDCDDDBCDDABCDABCABDBACBDCAADDABCACACBCCABCACBCCCCCBDBACDBBBCBCBCCCACADAACCCBABADBCBAAABBCCBB	['D13B', 'C37A', 'B41C', 'A63D', 'A71C', 'C90B']	6	-3.6507106	-4.953911	-6.7971487	-1.8432379
AAADDDCDCDDDDCDDABCDABCABDBACBDCAACDABCABACBCCABCACBCCCCDBDBACBBBBCBCBACCACACAACCCBABADBCCAAABBCCBB	['B1A', 'C2A', 'C3A', 'D35C', 'C37A', 'C57D', 'A63B', 'D77C']	8	-4.3765173	-3.65071	-6.219755	-1.8432379
BCCDDDCDCDDDDCDDABCDABCABDBACBDCAACDABCABACBCCABCACBCCCCCBDBADDCBBCBCBACCACADAACCCBABADBCCAAABBCCBB	['D35C', 'C37A', 'C62D', 'A63D', 'B64C']	5	-3.6514616	-5.355949	-7.1999416	-1.8439927
BCCDDDCDCDDDBCDDABCDABCABDBACBDCAADACBCABACBCCABCACBCCCCCBDBACDCBBCBCBACCACADAACCCBABADBCCAAABBCCBB	['D13B', 'D36A', 'A63D', 'B64C']	4	-3.6518621	-5.7007165	-7.545105	-1.8443885
BCCDDDCDCDDDBCBDABBDABCABDBACBDCAACDCBCABACBCCABCACBCCCCCBDBADDBBBCBCBBCCACADAACCCBABADBCCAABBBCCBB	['D13B', 'D15B', 'C19B', 'D35C', 'C62D', 'A63D', 'A71B', 'A93B']	8	-3.6519146	-4.5990906	-6.443528	-1.8444376
BCCDDDCDCDDDDCDDABCDABCABDBACBDCAADDCBCABACBCCABCACBCCCCCBDCACDBBBCBCBAACACACAACCCBABADBCCAAABBCCBB	['B60C', 'A63D', 'C72A', 'D77C']	4	-3.652792	-5.019251	-6.8645706	-1.8453197
BCCDDDCDCDDDDCDDABCDABCABDBACBDCAADDCBCABACBCCABCACBCCCCCBDCACDBBBCBCBAACACACAACCCBABADBCCAAABBCCBB	['B60C', 'A63D', 'C72A', 'D77C']	4	-3.652792	-5.019251	-6.8645706	-1.8453197
BCCDDDCDCDDDDCDDABCDABCABDBACBDCAADDCBCABACBCCABCACBCCCCCBDCACDBBBCBCBAACACACAACCCBABADBCCAAABBCCBB	['B60C', 'A63D', 'C72A', 'D77C']	4	-3.652792	-5.019251	-6.8645706	-1.8453197
BCCDDDCDCBDDDCDDABCDABCABDBACDDCAACACBCACACBCCABCACBCCCCCBDBACDBBBCBCBACCACACAACCCBABADCCCAABBBCCBB	['D10B', 'B30D', 'D35C', 'D36A', 'B41C', 'A63D', 'D77C', 'B88C', 'A93B']	9	-3.652944	-7.2064524	-9.051923	-1.8454704
AAADDDCDCCDDDCDDABCAABCABDBACBDCAADDCBCABACBCDABCACBCCDCCBDBACDCBBCBCBACCACACAACCCBABADBCBAABBBCCBB	['B1A', 'C2A', 'C3A', 'D10C', 'D20A', 'C46D', 'C55D', 'A63D', 'B64C', 'D77C', 'C90B', 'A93B']	12	-0.08000088	-3.0875454	-4.9335155	-1.8459702
BCCDDDCDCDDDDCDDABCDABCABDBACBDCAADDCBCABACBCCABCACBCCCCDBDBACDBBBCBCBACCACADAACCCBABADBCCAABBBCCBB	['C57D', 'A63D', 'A93B']	3	-3.6540327	-4.356443	-6.202998	-1.8465552
BCCDDDCDCDDDDCDDABCDABCABDBACBDCAADDCBCABACBCCABCACBCCCCDBDBACDBBBCBCBACCACADAACCCBABADBCCAABBBCCBB	['C57D', 'A63D', 'A93B']	3	-3.6540327	-4.356443	-6.202998	-1.8465552
BCCDDDCDCDDDDCDDABCDABCABDBACBDCAADDCBCABACBCCABCACBCCCCDBDBACDBBBCBCBACCACADAACCCBABADBCCAABBBCCBB	['C57D', 'A63D', 'A93B']	3	-3.6540327	-4.356443	-6.202998	-1.8465552
BCCDDDCDCCDDDCDDABCDABCABDBACBDCAADABBCABACBCCABCACBCCCCCBDBACCDBBCBCBADCACADAACCCBABADBCCAABBBCCBB	['D10C', 'D36A', 'C37B', 'A63C', 'B64D', 'C72D', 'A93B']	7	-3.6540966	-6.1225424	-7.969161	-1.8466187
BCCDDDCDCBDDDCDDABCAABCABDBACBDCAACABBCABACBCDABCACBCCCCCBDBADDBBBCBCBBCBACADABCCCBBBADBCBAAABBCCBB	['D10B', 'D20A', 'D35C', 'D36A', 'C37B', 'C46D', 'C62D', 'A63D', 'A71B', 'C73B', 'A79B', 'A84B', 'C90B']	13	-1.8899851	-3.0381174	-4.886607	-1.8484898
BCCDDDCDCADDDDDDABCDABCABDBACBDCAADDCBCACACBCCABCACBCCCCCBDBACACBBCBDBACCACACAACCCBABADBCCAABBBCCBB	['D10A', 'C14D', 'B41C', 'B64C', 'C69D', 'D77C', 'A93B']	7	-3.656136	-5.4493136	-7.2979746	-1.848661
BCCDDDCDCDDDDCDDABBAABCABDBACBDCAADDCBCABACBCCABCACBCCCCCBDBACABBBCBCBBCBACADAACCCBABADBCBAAABBCCBB	['C19B', 'D20A', 'A71B', 'C73B', 'C90B']	5	-3.657251	-5.179297	-7.0290737	-1.8497767
BCCDDDCDCDDDDCDDABBAABCABDBACBDCAADDCBCABACBCCABCACBCCCCCBDBACABBBCBCBBCBACADAACCCBABADBCBAAABBCCBB	['C19B', 'D20A', 'A71B', 'C73B', 'C90B']	5	-3.657251	-5.179297	-7.0290737	-1.8497767
BCCDDDCDCDDDDCDDABBAABCABDBACBDCAADDCBCABACBCCABCACBCCCCCBDBACABBBCBCBBCBACADAACCCBABADBCBAAABBCCBB	['C19B', 'D20A', 'A71B', 'C73B', 'C90B']	5	-3.657251	-5.179297	-7.0290737	-1.8497767
BCCDDDCDCCDBDCDDABCBABCABDBACBDCAADACBCABACBCBABCACBCCCCCCDBACDBBBCBCBBCCACADAACCCBABADBCCAAABBCCBB	['D10C', 'D12B', 'D20B', 'D36A', 'C46B', 'B58C', 'A63D', 'A71B']	8	-1.8502374	-3.0786839	-4.928911	-1.8502274
AAADDDCDCDDDDCCDABCDABCABDBACBDCAADDCBCACACBCCABCACBCCCCCBDBACCBBBCBCBACCACADAACCCBABADBCCAAABBCCBB	['B1A', 'C2A', 'C3A', 'D15C', 'B41C', 'A63C']	6	-3.658413	-4.8959303	-6.746868	-1.8509378
BCCDDDCDCCDDDCDDABCCABCABDBACBDCAADACBCABACBCCABCACBCCCCCBDBADDBBBCBCBACCACADAACCCBABADBCCAAABBCCBB	['D10C', 'D20C', 'D36A', 'C62D', 'A63D']	5	-3.6587772	-4.7071548	-6.5584545	-1.8512998
BCCDDDCDCDDDBCDDABCAABCABDBACBDDAACABBCABADBCDBBCACBCCDCCBDBACDBBBCBCBCCCACADAACCBBABADBACAAABBCCBB	['D13B', 'D20A', 'C32D', 'D35C', 'D36A', 'C37B', 'C43D', 'C46D', 'A47B', 'C55D', 'A63D', 'A71C', 'C82B', 'C89A']	14	-0.08554554	-1.9520679	-3.8035898	-1.851522
BCCDDDCDCDDBDCDDABADABCABDBACBDCAADDCBCABACBCCABCACBCCCCCBDBACDBBBCBCBACCACADAACCCBABADBCCAAABBCCBB	['D12B', 'C19A', 'A63D']	3	-3.6596165	-4.521046	-6.373187	-1.8521409
BCCDDDCDCDDDDCDDABCDABCABDBACBDCAADDCBCABACBCCABCACBCCCCCBDBACDBBBCBCBADCACACAACCCBABADBCCAAABBCCBB	['A63D', 'C72D', 'D77C']	3	-3.6609497	-5.3463106	-7.199789	-1.8534784
BCCDDDCDCCDDDCDDABCDABCABDBACBDCAADDCBCACACBCCABCACBCCCCCBDBACABBBCBCBACCACADAACCCBACADBCCAABBBCCBB	['D10C', 'B41C', 'B85C', 'A93B']	4	-3.6610036	-5.385204	-7.2387295	-1.8535256
AAADDDCDCDDDBCCDABCAABCABDBACDDCAACBBBCABACBCCABCACBCCCCDBDBADDBBBCBCBBCCACADAACCCBABADCCCAAABBCCBB	['B1A', 'C2A', 'C3A', 'D13B', 'D15C', 'D20A', 'B30D', 'D35C', 'D36B', 'C37B', 'C57D', 'C62D', 'A63D', 'A71B', 'B88C']	15	-3.6615462	-4.999061	-6.853133	-1.8540721
BCCDDDCDCDDDDCDDABCAABCABDBACBDCAADDABCABACBCDABCACBCCDCCBDBADDCBBCBCBACCCCADAACCCBABADBCBAABBBCCBB	['D20A', 'C37A', 'C46D', 'C55D', 'C62D', 'A63D', 'B64C', 'A74C', 'C90B', 'A93B']	10	-0.088321686	-3.4984112	-5.352707	-1.8542957
BCCDDDCDCCDDDCDDABCCABCABDBACBDCAACABBCABACBCDABCACBCDDCDCDCADDBBBCBCBBBDACACAACCCBBCADBCBAABBBCCBB	['D10C', 'D20C', 'D35C', 'D36A', 'C37B', 'C46D', 'C54D', 'C55D', 'C57D', 'B58C', 'B60C', 'C62D', 'A63D', 'A71B', 'C72B', 'C73D', 'D77C', 'A84B', 'B85C', 'C90B', 'A93B']	21	-0.88014555	-0.08842945	-2.7345533	-1.8544078
BCCDDDCDCDDDDCDDABCDABCABDBACBDCAADDCBCACACBCCABCACBCCCCCBDBADDBBBCBCBACCACADAACCCBABADBCCAABBBCCBB	['B41C', 'C62D', 'A63D', 'A93B']	4	-3.6622086	-4.8581324	-6.712867	-1.8547344
BCCDDDCDCDDDDCDDABCDABCABDBACBDCAADDABCABACBCCABCACBCCCCDBDBACDBBBCBBBACCACADAACCCBABADBCCAAABBCCBB	['C37A', 'C57D', 'A63D', 'C69B']	4	-4.834198	-3.6625328	-6.6892557	-1.8550577
BCCDDDCDCCDDDCDDABCDABCABDBACBDCAACDCBCABACBCCABCACBCCCCCBDBACCBBBCBCBACCACADAACCCBABADBCCAABBBCCBB	['D10C', 'D35C', 'A63C', 'A93B']	4	-3.6632013	-5.9093227	-7.765049	-1.8557262
BCCDDDCDCCDDDCDDABCDABCABDBACBDCAADDBBCABACBCDABCACBCCCCCBDBADDBBBCBCBBCBACACAACCCBBBADBCBAABBBCCBA	['D10C', 'C37B', 'C46D', 'C62D', 'A63D', 'A71B', 'C73B', 'D77C', 'A84B', 'C90B', 'A93B', 'B99A']	12	-1.8997598	-3.1417284	-4.9999933	-1.8582649
BCCDDDCDCDDDDCDDABCDABCABDBACBDCAADDABCACACBCCABCACBCCCCCBDBACDDBBCBCBACCACADAACCCBABADBCCAAABBCCBB	['C37A', 'B41C', 'A63D', 'B64D']	4	-3.6660576	-5.546371	-7.404955	-1.8585839
BCCDDDCDCDDADCCDABCDABCABDBACBDCAADDBBCABACBCCABCACBCCCCCBDBACDCBBBBCBACCACADAACCCBABADBCCAAABBCCBB	['D12A', 'D15C', 'C37B', 'A63D', 'B64C', 'C67B']	6	-3.666995	-4.864788	-6.724306	-1.859518
BCCDDDCDCDDDBCDDABBDABCABDBACBDCAADDCBCABACBCCABCACBCCCCCBDBACDBBBCBCBACCACADAACCCBABADBCBAAABBCCBB	['D13B', 'C19B', 'A63D', 'C90B']	4	-3.6671119	-4.7932563	-6.652894	-1.8596377
BCCDDDCDCDDCBCDDABCDABCABDBACBDCDADDCBCABACBCCABCACBCCCCCBDBADCCBBCBCBACCACADAACCCBABADBCCACABBCCBB	['D12C', 'D13B', 'A33D', 'C62D', 'A63C', 'B64C', 'A92C']	7	-3.6683903	-4.7615547	-6.622472	-1.8609171
AAAADDCDCDDDBCCDABCDABCABDBACBDCAADDABCABACBCCABCACBCCCCCBDBACABBBCBCBACCACADAACCCBABADBCCAAABBCCBB	['B1A', 'C2A', 'C3A', 'D4A', 'D13B', 'D15C', 'C37A']	7	-3.6684504	-5.546636	-7.40761	-1.8609738
AAADDDCDCDDDDCDDABCDABCABDBACBDCAADDCBCABACBCCABCACBCCCCCBDBACBBBBCBCBACCACACAACCCBABADBCCAAABBCCBB	['B1A', 'C2A', 'C3A', 'A63B', 'D77C']	5	-3.6687422	-4.6443124	-6.505583	-1.8612704
BCCDDDCDCBDDDCDDABDCABCABDBACBDCAACACBCABACBCDABCACBCDCCCBDBADDBBCCBCBBCDACAAAACCCBBBADBCBAABBBCCBB	['D10B', 'C19D', 'D20C', 'D35C', 'D36A', 'C46D', 'C54D', 'C62D', 'A63D', 'B66C', 'A71B', 'C73D', 'D77A', 'A84B', 'C90B', 'A93B']	16	-1.9027739	-2.1981	-4.0593777	-1.8612776
BCCDDDCDCDDDDCDDABCDABCABDBACBDCAACDABCABACBCCABCACBCCCCDBDCCCDBBBCBCBACCACADAACCCBABADBCCAAABBCCBB	['D35C', 'C37A', 'C57D', 'B60C', 'A61C', 'A63D']	6	-4.642995	-3.668933	-6.5044546	-1.8614597
BCCDDDCDCCDDDCCDAACDABCABDBACBDCAADACBCABACBCCABCACBCCCCCBDBADACBBCBCBACCACADAACCCBABADBCCAAABBCCBB	['D10C', 'D15C', 'B18A', 'D36A', 'C62D', 'B64C']	6	-3.6690483	-5.9395723	-7.8011503	-1.861578
AAADDDCDCCDDDCDDABCDABCABDBACDDCAACACBCACACBCCABCACBCCCCCBDBCDDDBBCBCBACCACADAACCCBABADCCCAABBBCCBB	['B1A', 'C2A', 'C3A', 'D10C', 'B30D', 'D35C', 'D36A', 'B41C', 'A61C', 'C62D', 'A63D', 'B64D', 'B88C', 'A93B']	14	-3.6705709	-6.1953635	-8.058459	-1.8630958
AAADDDCDCCDDDCDDABCDABCABDBACDDCAACACBCACACBCCABCACBCCCCCBDBCDDDBBCBCBACCACADAACCCBABADCCCAABBBCCBB	['B1A', 'C2A', 'C3A', 'D10C', 'B30D', 'D35C', 'D36A', 'B41C', 'A61C', 'C62D', 'A63D', 'B64D', 'B88C', 'A93B']	14	-3.6705709	-6.1953635	-8.058459	-1.8630958
BCCDDDCDCCDDDCDDABCDABCABDBACBDCAACACBCABACBCCABCACBCCCCCBDBADDBBBCBCBBCBACACAACCCBABADBCCAABBBCCBB	['D10C', 'D35C', 'D36A', 'C62D', 'A63D', 'A71B', 'C73B', 'D77C', 'A93B']	9	-3.6723833	-5.1567974	-7.0217056	-1.8649082
BCCDDDCDCCDDDCDDABCDABCABDBACBDCAACACBCABACBCCABCACBCCCCCBDBADDBBBCBCBBCBACACAACCCBABADBCCAABBBCCBB	['D10C', 'D35C', 'D36A', 'C62D', 'A63D', 'A71B', 'C73B', 'D77C', 'A93B']	9	-3.6723833	-5.1567974	-7.0217056	-1.8649082
BCCDDDCDCDDDBCCDABCDABCABDBACBDCAADDCBCABACBCCABCACBCCCCCBDBACCBBBCBCBACCACADAACCCBABADBCCAAABBCCBB	['D13B', 'D15C', 'A63C']	3	-3.6724558	-5.7068048	-7.571786	-1.8649812
BCCDDDCDCDDDBCCDABCDABCABDBACBDCAADDCBCABACBCCABCACBCCCCCBDBACCBBBCBCBACCACADAACCCBABADBCCAAABBCCBB	['D13B', 'D15C', 'A63C']	3	-3.6724558	-5.7068048	-7.571786	-1.8649812
BCCDDDCDCCDDBDDDABCCABCABDBACBDDBACDCBCABACBCDBBCACBCBCCCBDBBCCCBACBABACCCCABAACCCBBBADBCCCAABBCCBB	['D10C', 'D13B', 'C14D', 'D20C', 'C32D', 'A33B', 'D35C', 'C46D', 'A47B', 'C54B', 'A61B', 'A63C', 'B64C', 'B66A', 'C69A', 'A74C', 'D77B', 'A84B', 'A91C']	19	-1.9065044	-3.6950092	-5.560025	-1.865016
BCCDDDCDCDDDDCDDABCDABCABDBACBDCAADDCBCABACBCDABCACBCCCCCBDBACACBBCBCBACCACADAACCBBABADBCCAAABBCCBB	['C46D', 'B64C', 'C82B']	3	-1.9068928	-3.4976878	-5.363085	-1.865397
BCCDDDCDCDDDDCCDABCDABCABDBACBDCAADDCBCABACBCCABCACBCCCCCBDBADABBBCBCBCCCACADAACCCBABADBCCAABBBCCBB	['D15C', 'C62D', 'A71C', 'A93B']	4	-3.6729355	-5.735391	-7.600855	-1.8654637
BCCDDDCDCDDDDCDDABCDABCABDBACBDCAADDCBCABACBCCABCACBCCCCCBDBADCBBBCBCBACCACADAACCCBABADBCCAABBBCCBB	['C62D', 'A63C', 'A93B']	3	-3.6732168	-5.6395273	-7.505269	-1.8657417
BCCDDDCDCCDCDCDDABBCABCABDBACBDCAADACBCABACBCBAACACBCACCCBDBADDBBBCBCBBCCACADAACCBBABADBCBAABBBCCBB	['D10C', 'D12C', 'C19B', 'D20C', 'D36A', 'C46B', 'B48A', 'C54A', 'C62D', 'A63D', 'A71B', 'C82B', 'C90B', 'A93B']	14	-1.8666129	-2.6626825	-4.5292845	-1.866602
BCCDDDCDCDDDDCDDABCDABCABDBACDDCAADDABCABACBCCABCACBCCCCCBDBADDBBBCBCBCCCACACAACCCBABADCCCAABBBCCBB	['B30D', 'C37A', 'C62D', 'A63D', 'A71C', 'D77C', 'B88C', 'A93B']	8	-3.6755424	-7.272005	-9.140079	-1.8680735
BCCDDDCDCDDDDCDDABADABCABDBACBDCAADDCBCABACBCCABCACBCCCCCBDBADDBBBCBCBACCACACAACCCBABADBCCAAABBCCBB	['C19A', 'C62D', 'A63D', 'D77C']	4	-3.676176	-4.275893	-6.144597	-1.8687038
BCCDDDCDCDDDDCDDABCAABCABDBACBDCAADABBCABACBCCABCACBCCCCCBDBACDBBBCBDCBCCACACAACCCBABADBCBAABBBCCBB	['D20A', 'D36A', 'C37B', 'A63D', 'C69D', 'B70C', 'A71B', 'D77C', 'C90B', 'A93B']	10	-3.6765618	-5.508458	-7.3775425	-1.8690844
BCCDDDCDCDDDBCDDABCDABCABDBACBDCAADACBCABACBCCABCACBCCCCCBDBADDCBBCBCBACCACADAACCCBABADBCCAAABBCCBB	['D13B', 'D36A', 'C62D', 'A63D', 'B64C']	5	-3.67667	-5.2571797	-7.126377	-1.8691974
BCCDDDCDCCDDDDCDABCDABCABDBACBDCAADDBBCABACBCCABCACBBCCCCBDBACABBBCBCBBCBACACAACCCBABADBCBAAABBCCBB	['D10C', 'C14D', 'D15C', 'C37B', 'C53B', 'A71B', 'C73B', 'D77C', 'C90B']	9	-3.6778975	-4.4188976	-6.289322	-1.8704243
BCCDDDCDCDDDBCDDABCDABCABDBACBDCAADDCBCABACBCDABCACBCCCCDBDBADDBBBCBCBBCCBCACAACCCBABADBCBAABBBCCBB	['D13B', 'C46D', 'C57D', 'C62D', 'A63D', 'A71B', 'A74B', 'D77C', 'C90B', 'A93B']	10	-2.4440894	-1.9127798	-4.315378	-1.8712888
BCCDDDCDCDDDDCDDABCDABCABDBACBDCAADDCBCABACBCCABCACBCCCCCBDBACCBBBCBDBACCACACAACCCBABADBCBAAABBCCBB	['A63C', 'C69D', 'D77C', 'C90B']	4	-3.678761	-5.511549	-7.382839	-1.8712902
BCCDDDCDCCDDDCDDABCDABCABDBACBDCAADDCBCABACBCCABCACBCCCCCBDBADABBBCBCBACCACADAACCCBABADBCCAABBBCCBB	['D10C', 'C62D', 'A93B']	3	-3.6790285	-5.658769	-7.530325	-1.8715558
BCCDDDCDCADDDCCDABBDABCABDBACBDCAADACBCABACBCCABCACBCCCCCBDBACCBBBCBCBACCACADACCCCBABADBCCAAABBCCBB	['D10A', 'D15C', 'C19B', 'D36A', 'A63C', 'A79C']	6	-3.679286	-4.625332	-6.497142	-1.87181
BCCDDDCDCDDDDCCDABCDABCABDBACBDCAACDCBCABACBCCABCACBCCCCCBDBACDBBBCBCBACCACADAACCCBABADBCCAAABBCCBB	['D15C', 'D35C', 'A63D']	3	-3.6793337	-5.3833594	-7.2552176	-1.8718581
BCCDDDCDCDDDDCCDABCDABCABDBACBDCAACDCBCABACBCCABCACBCCCCCBDBACDBBBCBCBACCACADAACCCBABADBCCAAABBCCBB	['D15C', 'D35C', 'A63D']	3	-3.6793337	-5.3833594	-7.2552176	-1.8718581
BCCDDDCDCDDDDCCDABCDABCABDBACBDCAACDCBCABACBCCABCACBCCCCCBDBACDBBBCBCBACCACADAACCCBABADBCCAAABBCCBB	['D15C', 'D35C', 'A63D']	3	-3.6793337	-5.3833594	-7.2552176	-1.8718581
BCCDDDCDCDDDDCCDABCDABCABDBACBDCAACDCBCABACBCCABCACBCCCCCBDBACDBBBCBCBACCACADAACCCBABADBCCAAABBCCBB	['D15C', 'D35C', 'A63D']	3	-3.6793337	-5.3833594	-7.2552176	-1.8718581
BCCDDDCDCCDDBCDCABCAABCABDBACBDCAACABBCABADBCCAACCCBCACCCBDAADCBBBCBCBAACBCADAACCBBABADBDCAAABBCCBB	['D10C', 'D13B', 'D16C', 'D20A', 'D35C', 'D36A', 'C37B', 'C43D', 'B48A', 'A50C', 'C54A', 'B60A', 'C62D', 'A63C', 'C72A', 'A74B', 'C82B', 'C89D']	18	-3.6793714	-4.7613306	-6.6332293	-1.8718987
BCCDDDCDCDDDBCDDABBDABCABDBACBDCBADDCBCABACBBBABCACBCDCCCCDBACDBBBCBCBBCCCCACAACCCBBBADBCBAABBBCCBB	['D13B', 'C19B', 'A33B', 'C45B', 'C46B', 'C54D', 'B58C', 'A63D', 'A71B', 'A74C', 'D77C', 'A84B', 'C90B', 'A93B']	14	-1.8722172	-4.3791795	-6.2513885	-1.8722091
BCCDDDCDCDDDDCCDABCDABCABDBACBDCAACDBBCABACBCCABCACBCCCCCBDBADCABBCBCBBBCACADAACCCBABADBCCAABBBCCBB	['D15C', 'D35C', 'C37B', 'C62D', 'A63C', 'B64A', 'A71B', 'C72B', 'A93B']	9	-3.6800842	-4.5236073	-6.3962183	-1.872611
BCCDDDCDCCDDDCDDABCDABCABDBACBDCAADDCBCABACBCBABCACBCCCCCBDBADABBBCBCBACCACADAACCBBABADBCCAABBBCCBB	['D10C', 'C46B', 'C62D', 'C82B', 'A93B']	5	-1.872757	-3.0920467	-4.964799	-1.8727522
BCCDDDCDCCDDDCDDABCDABCABDBACBDCAADDABCACACBBDABCACBCDCCCBDBACDBBBCBCBBDBACADAACCBBABADBCBAABBBCCBB	['D10C', 'C37A', 'B41C', 'C45B', 'C46D', 'C54D', 'A63D', 'A71B', 'C72D', 'C73B', 'C82B', 'C90B', 'A93B']	13	-1.914268	-3.4267988	-5.299569	-1.8727703
BCCDDDCDCDDDDCDDABCDABCABDBACBDCAADDCBCACACBCCABCACBCCCCCBDBADDBBBCBCBADCACADAACCCBABADBCCAABBBCCBB	['B41C', 'C62D', 'A63D', 'C72D', 'A93B']	5	-3.680872	-4.935379	-6.808777	-1.8733978
BCCDDDCDCDDDBCDDABCDABCABDBACDDCAADACBCABACBCCABCACBCCCCCBDBACDBBBCBDBBCCACADAACCCBABADCCCAABBBCCBB	['D13B', 'B30D', 'D36A', 'A63D', 'C69D', 'A71B', 'B88C', 'A93B']	8	-3.681188	-8.017584	-9.891304	-1.8737202
BCCDDDCDCDDCDDDDABCDABCABDBACBDCAACDCBCABACBCCABCACBCCCCCBDBACDCBBCBCBACCACADAACCCBABADBCCAABBBCCBB	['D12C', 'C14D', 'D35C', 'A63D', 'B64C', 'A93B']	6	-3.6816845	-5.5431976	-7.417406	-1.8742085
BCCDDDCDCDDDDCDDABCDABCABDBACDDCCADDCBCACACBCCABCACBCCCCCBDBACDBBBCBCBACCACADAACCCBABADBCCAABBBCCBB	['B30D', 'A33C', 'B41C', 'A63D', 'A93B']	5	-3.6819334	-6.4946485	-8.369109	-1.8744607
BCCDDDCDCDDDDDDDABCDABCABDBACBDCAADDCBCABACBCCABCACBCCCCCBDBACACBBCBCBACCACACAACCCBABADBCBAAABBCCBB	['C14D', 'B64C', 'D77C', 'C90B']	4	-3.6823173	-5.7044196	-7.5792646	-1.874845
BCCDDDCDCDDBBCDDABCBABCABDBACBDCAADACBCABACBCCABCACBCCCCCBDBACDBBBCBCBACCACADAACCCBABADBCCDAABBCCBB	['D12B', 'D13B', 'D20B', 'D36A', 'A63D', 'A91D']	6	-3.6832628	-5.248921	-7.1247053	-1.8757844
BCCDDDCDCCDCDCDDABBDABCABDBACBDCAADDCBCACACBCCABCACBCCCCCBDBACABBBDBCBACCACACAACCCBABADBCCAABBBCCBB	['D10C', 'D12C', 'C19B', 'B41C', 'C67D', 'D77C', 'A93B']	7	-3.6832657	-4.1166387	-5.992427	-1.8757882
BCCDDDCDCDDDDCDDABCDABCABDBACBDCAACDBBCACACBCCABCACBCCCCCBDBACDBBBCBCBBCCACACAACCCBABADBCCAABBBCCBB	['D35C', 'C37B', 'B41C', 'A63D', 'A71B', 'D77C', 'A93B']	7	-3.6836376	-4.967076	-6.843239	-1.876163
AAADDDCDCCDDDCDDABBDABCABDBACBDCAACDABCABACBCCABCACBCCCCCBDBACABBBCBCBACCCCADAACCCBACADBCCAAABBCCBB	['B1A', 'C2A', 'C3A', 'D10C', 'C19B', 'D35C', 'C37A', 'A74C', 'B85C']	9	-3.6838183	-4.8658834	-6.7422285	-1.8763452
BCCDDDCDCADDDDDDABCDABCABDBACDDCAACCCBCABACBCCABCACBCCCCCBDBACDBBBCBCBBCCACADAACCCBABADCCCAAABBCCBB	['D10A', 'C14D', 'B30D', 'D35C', 'D36C', 'A63D', 'A71B', 'B88C']	8	-3.6854906	-7.0459614	-8.923979	-1.8780174
BCCDDDCDCDDDBCDCABCDABCABDBACBDCAADDBBCABACBCCABCACBCCCCCBDBACACBBCBCBACCACADAACCCBABADBCCADABBCCBB	['D13B', 'D16C', 'C37B', 'B64C', 'A92D']	5	-3.6856613	-5.1215754	-6.9997654	-1.87819
BCCDDDCDCCDDBCCDABADABCABDBACBDCAADDCBCABACBCCABCACBCCCCCBDBACABBBCBCBACCACADAACCCBABADBCCAAABBCCBB	['D10C', 'D13B', 'D15C', 'C19A']	4	-3.6873465	-5.176413	-7.056284	-1.8798709
BCCDDDCDCDDDDCDDABCDABCABDBACBDCAADDCBCACACBCCABCACBCCCCCBDBADDBBBCBCBACCACACAACCCBABADBCCAABBBCCBB	['B41C', 'C62D', 'A63D', 'D77C', 'A93B']	5	-3.6873589	-4.775306	-6.6551895	-1.8798833
BCCDDDCDCCDBDCDDABCDABCABDBACBDCAADDCBCABACBCCABCACBCCCCCBDBACABBBCBCBACCACADAACCCBABADBCCAABBBCCBB	['D10C', 'D12B', 'A93B']	3	-3.6876183	-5.821096	-7.7012386	-1.8801427
BCCDDDCDCCDBDCDDABCDABCABDBACBDCAADDCBCABACBCCABCACBCCCCCBDBACABBBCBCBACCACADAACCCBABADBCCAABBBCCBB	['D10C', 'D12B', 'A93B']	3	-3.6876183	-5.821096	-7.7012386	-1.8801427
AAADDDCDCDDDDCDDABCDABCABDBACBDCAADDCBCACACBCCABCACBCCCCCBDBACDBBBCBCBACCACADAACCCBABADBCCAAABBCCBB	['B1A', 'C2A', 'C3A', 'B41C', 'A63D']	5	-3.6877375	-4.5373507	-6.417611	-1.8802605
AAADDDCDCDDDDCDDABCDABCABDBACBDCAADDCBCACACBCCABCACBCCCCCBDBACDBBBCBCBACCACADAACCCBABADBCCAAABBCCBB	['B1A', 'C2A', 'C3A', 'B41C', 'A63D']	5	-3.6877375	-4.5373507	-6.417611	-1.8802605
AAADDDCDCDDDDCDDABCDABCABDBACBDCAADDCBCACACBCCABCACBCCCCCBDBACDBBBCBCBACCACADAACCCBABADBCCAAABBCCBB	['B1A', 'C2A', 'C3A', 'B41C', 'A63D']	5	-3.6877375	-4.5373507	-6.417611	-1.8802605
BCCDDDCDCDDCBCDDABCDABCABDBACBDCAADDBBCABACBCBBBCACBCCCCDBDBACDBBBCBCBCCCACADAACCDBABADBCCAAABBCCBB	['D12C', 'D13B', 'C37B', 'C46B', 'A47B', 'C57D', 'A63D', 'A71C', 'C82D']	9	-3.6977997	-1.8815641	-5.579361	-1.8815613
BCCDDDCDCBDDDCDDABCDABCABDBACBDCAADDCBCABACBCCABCACBCCCCCBDCACABBBCBCBACCACADAACCCBABADBCCAAABBCCBB	['D10B', 'B60C']	2	-3.6893425	-5.578275	-7.460143	-1.8818679
BCCDDDCDCDDDDCDDABCDABCABDBACBDCAADDCBCABACBCCABCACBCCCCCBDBACDBBBCBCBABCACACAACCCBABADBCCAABBBCCBB	['A63D', 'C72B', 'D77C', 'A93B']	4	-3.6901388	-5.022924	-6.905591	-1.8826671
BCCDDDCDCDDBDDCCABCDABCABDBACBDCAADDCBAABACBCCABCACBCCCCCBDBADDBBBCBCBACCACADAACCCBABADBCCAAABBCCBB	['D12B', 'C14D', 'D15C', 'D16C', 'C39A', 'C62D', 'A63D']	7	-4.166897	-3.6907225	-6.050146	-1.8832493
BCCDDDCDCBDDBCDDABCDABCABDBACDDCAADDABCACACBCCABCACBCCCCCBDBADDBBBCBCCCCCACADAACCCBABADCCCAABBBCCBB	['D10B', 'D13B', 'B30D', 'C37A', 'B41C', 'C62D', 'A63D', 'B70C', 'A71C', 'B88C', 'A93B']	11	-3.690889	-6.8158627	-8.699277	-1.8834143
AAAADDCDCDDDDCDDABBDABCABDBACBDCAADDCBCABACBCCABCACBCCCCCBDCACDBBBCBCBACCACACAACCCBABADBCCAABBBCCBB	['B1A', 'C2A', 'C3A', 'D4A', 'C19B', 'B60C', 'A63D', 'D77C', 'A93B']	9	-3.6924582	-4.371032	-6.256013	-1.8849807
BCCDDDCDCCDDDCDDABCDABCABDBACBDCAACDBBCABACBCCABCACBCDCCCBDCCCDBBBCBCBACCACADAACCCBABADBCCAAABBCCBB	['D10C', 'D35C', 'C37B', 'C54D', 'B60C', 'A61C', 'A63D']	7	-3.693305	-3.9754548	-5.8612843	-1.8858294
BCCDDDCDCDDDBCDDABCDABCABDBACBDCAADACBCABACBCCABCACBCCCCCBDBACDBBBCBCBCCCACADAACCCBABADBCBAAABBCCBB	['D13B', 'D36A', 'A63D', 'A71C', 'C90B']	5	-3.6938062	-5.3130913	-7.1994247	-1.8863335
BCCDDDCDCDDDBCDDABCDABCABDBACBDCAADACBCABACBCCABCACBCCCCCBDBACDBBBCBCBCCCACADAACCCBABADBCBAAABBCCBB	['D13B', 'D36A', 'A63D', 'A71C', 'C90B']	5	-3.6938062	-5.3130913	-7.1994247	-1.8863335
BCCDDDCDCDDDDCDDABCDABCABDBACBDCAADDCBCABACBCCABCACBCCCCCBDBACDBBBCBABACCACACAACCCBABADBCCAABBBCCBB	['A63D', 'C69A', 'D77C', 'A93B']	4	-3.6941147	-5.583185	-7.4698277	-1.8866425
BCCDDDCDCDDDDCDDABCDABCABDBACBDCAADDCBCABACBCCABCACBCCCCCBDBACDBBBCBABACCACACAACCCBABADBCCAABBBCCBB	['A63D', 'C69A', 'D77C', 'A93B']	4	-3.6941147	-5.583185	-7.4698277	-1.8866425
BCCDDDCDCDBCDCDDABBDABCABDBACBDCAADDABCABACBCCABCACBCCCCCBDBADDBBBBBCBADCACACAACCCBABADBCCAAABBCCBB	['D11B', 'D12C', 'C19B', 'C37A', 'C62D', 'A63D', 'C67B', 'C72D', 'D77C']	9	-3.6941452	-4.4654946	-6.352169	-1.8866744
BCCDDDCDCADBDCCDABCAABCABDBACDDCAADAABCABACBCCABCACBCCCCDBDBACDBBBCBCBACCACADAACCCBABADBCCAAABBCCBB	['D10A', 'D12B', 'D15C', 'D20A', 'B30D', 'D36A', 'C37A', 'C57D', 'A63D']	9	-3.694521	-4.9571486	-6.8441954	-1.8870468
BCCDDDCDCDDDBCDDABCAABCABDBACDDCDADDCBCABACBCCABCACBCCCCCBDBACACBBCBCBBCCACADAACCCBABADCCCAAABBCCBB	['D13B', 'D20A', 'B30D', 'A33D', 'B64C', 'A71B', 'B88C']	7	-3.6947656	-7.378347	-9.265641	-1.8872943
BCCDDDCDCADDDCCDABCDABCABDBACBDCAACACBCABACBCCABCACBCCCCCBDBACBBBBCBCBACCACADAACCCBABADBCCAAABBCCBB	['D10A', 'D15C', 'D35C', 'D36A', 'A63B']	5	-3.695713	-4.983961	-6.872203	-1.8882418
BCCDDDCDCDDDDCDDABCDABCABDBACBDCAACDCBCABACBCCABCACBCCCCCBDCADDCBBCBCBACCACADAACCCBABADBCCAABBBCCBB	['D35C', 'B60C', 'C62D', 'A63D', 'B64C', 'A93B']	6	-3.6963978	-5.221512	-7.1104364	-1.8889246
BCCDDDCDCCDDBDDDABCDABCABDBACBDCAADDCBCABACBCDABCACBCCCCCBDBADDBBBCBCBACCACADAACCCBABADDACADBBBCCBB	['D10C', 'D13B', 'C14D', 'C46D', 'C62D', 'A63D', 'B88D', 'C89A', 'A92D', 'A93B']	10	-1.9317627	-3.91819	-5.8084574	-1.8902674
BCCDDDCDCDDDDCCDBBCBABCABDBACBDCAACACBCABACBCCABCACBCCCCCBDBACDBBBCBCBACCACADAACCCBABADBBCAAABBCCBB	['D15C', 'A17B', 'D20B', 'D35C', 'D36A', 'A63D', 'C89B']	7	-3.6981316	-6.560999	-8.451656	-1.8906574
BCCDDDCDCDDDDCDDABCDABCABDBACBDCAADDBBCABACBCCABCACBCCCCCBDCADDBBBCBBBACCACADAACCCBABADBCCAAABBCCBB	['C37B', 'B60C', 'C62D', 'A63D', 'C69B']	5	-5.0741577	-3.6987276	-6.965412	-1.8912544
AAADDDCDCDDDDCDDABCDABCABDBACBDCAADDCBCABACBCCABCACBCCCCCBDBACCBBBCBCBACCACADAACCCBABADBCCAAABBCCBB	['B1A', 'C2A', 'C3A', 'A63C']	4	-3.6987476	-5.318745	-7.210019	-1.891274
AAADDDCDCDDDDCDDABCDABCABDBACBDCAADACBCABACBCCABCACBCCCCCBDBBCBBBBCBCBACCACADAACCCBABADBCBAAABBCCBB	['B1A', 'C2A', 'C3A', 'D36A', 'A61B', 'A63B', 'C90B']	7	-3.7001195	-5.404971	-7.297616	-1.8926449
BCCDDDCDCCDDBCCDABADABCABDBACBDCAADDCBCABACBCCABCACBCCCCCBDBACACDBCBCBACCACADAACCCBABADBCCAAABBCCBB	['D10C', 'D13B', 'D15C', 'C19A', 'B64C', 'B65D']	6	-3.7014675	-5.5704575	-7.464451	-1.8939934
BCCDDDCDCCDBDCDDABBDABBABDBACBDCAADACBCABACBCBABCACBCCCCCBDBADDBBBCBCBACDACADAACCCBABABBCBAABBBCCBB	['D10C', 'D12B', 'C19B', 'C23B', 'D36A', 'C46B', 'C62D', 'A63D', 'C73D', 'D87B', 'C90B', 'A93B']	12	-1.894095	-2.5425215	-4.4366064	-1.8940849
BCCDDDCDCDDDDCCDABCDABCABDBACBDCAADDCBCABACBCCABCACBCCCCCBDBACABBBCBCBACCACADAACCCBABADBCCAABBBCCBB	['D15C', 'A93B']	2	-3.7016268	-6.307518	-8.201672	-1.8941536
BCCDDDCDCDDDDCCDABCDABCABDBACBDCAADDCBCABACBCCABCACBCCCCCBDBACABBBCBCBACCACADAACCCBABADBCCAABBBCCBB	['D15C', 'A93B']	2	-3.7016268	-6.307518	-8.201672	-1.8941536
BCCDDDCDCDDDBCDDABCDABCABDBACBDCAADDCBCABACBCCABCACBCCCCCBDBACDBBBCBCBACCACADAACCCBABADBCCAAABBCCBB	['D13B', 'A63D']	2	-3.7017803	-5.3482203	-7.242528	-1.8943076
BCCDDDCDCDDDBCDDABCDABCABDBACBDCAADDCBCABACBCCABCACBCCCCCBDBACDBBBCBCBACCACADAACCCBABADBCCAAABBCCBB	['D13B', 'A63D']	2	-3.7017803	-5.3482203	-7.242528	-1.8943076
BCCDDDCDCDDDBCDDABCDABCABDBACBDCAADDCBCABACBCCABCACBCCCCCBDBACDBBBCBCBACCACADAACCCBABADBCCAAABBCCBB	['D13B', 'A63D']	2	-3.7017803	-5.3482203	-7.242528	-1.8943076
BCCDDDCDCDDDBCDDABCDABCABDBACBDCAADDCBCABACBCCABCACBCCCCCBDBACDBBBCBCBACCACADAACCCBABADBCCAAABBCCBB	['D13B', 'A63D']	2	-3.7017803	-5.3482203	-7.242528	-1.8943076
BCCDDDCDCDDDBCDDABCDABCABDBACBDCAADDCBCABACBCCABCACBCCCCCBDBACDBBBCBCBACCACADAACCCBABADBCCAAABBCCBB	['D13B', 'A63D']	2	-3.7017803	-5.3482203	-7.242528	-1.8943076
BCCDDDCDCDDDBCDDABCDABCABDBACBDCAADDCBCABACBCCABCACBCCCCCBDBACDBBBCBCBACCACADAACCCBABADBCCAAABBCCBB	['D13B', 'A63D']	2	-3.7017803	-5.3482203	-7.242528	-1.8943076
BCCDDDCDCDDDBCDDABCDABCABDBACBDCAADDCBCABACBCCABCACBCCCCCBDBACDBBBCBCBACCACADAACCCBABADBCCAAABBCCBB	['D13B', 'A63D']	2	-3.7017803	-5.3482203	-7.242528	-1.8943076
BCCDDDCDCDDDBCDDABCDABCABDBACBDCAADDCBCABACBCCABCACBCCCCCBDBACDBBBCBCBACCACADAACCCBABADBCCAAABBCCBB	['D13B', 'A63D']	2	-3.7017803	-5.3482203	-7.242528	-1.8943076
BCCDDDCDCDDDBCDDABCDABCABDBACBDCAADDCBCABACBCCABCACBCCCCCBDBACDBBBCBCBACCACADAACCCBABADBCCAAABBCCBB	['D13B', 'A63D']	2	-3.7017803	-5.3482203	-7.242528	-1.8943076
BCCDDDCDCDDDBCDDABCDABCABDBACBDCAADDCBCABACBCCABCACBCCCCCBDBACDBBBCBCBACCACADAACCCBABADBCCAAABBCCBB	['D13B', 'A63D']	2	-3.7017803	-5.3482203	-7.242528	-1.8943076
BCCDDDCDCDDDBCDDABCDABCABDBACBDCAADDCBCABACBCCABCACBCCCCCBDBACDBBBCBCBACCACADAACCCBABADBCCAAABBCCBB	['D13B', 'A63D']	2	-3.7017803	-5.3482203	-7.242528	-1.8943076
BCCDDDCDCDDDBCDDABCDABCABDBACBDCAADDCBCABACBCCABCACBCCCCCBDBACDBBBCBCBACCACADAACCCBABADBCCAAABBCCBB	['D13B', 'A63D']	2	-3.7017803	-5.3482203	-7.242528	-1.8943076
BCCDDDCDCDDDBCDDABCDABCABDBACBDCAADDCBCABACBCCABCACBCCCCCBDBACDBBBCBCBACCACADAACCCBABADBCCAAABBCCBB	['D13B', 'A63D']	2	-3.7017803	-5.3482203	-7.242528	-1.8943076
BCCDDDCDCDDDBCDDABCDABCABDBACBDCAADDCBCABACBCCABCACBCCCCCBDBACDBBBCBCBACCACADAACCCBABADBCCAAABBCCBB	['D13B', 'A63D']	2	-3.7017803	-5.3482203	-7.242528	-1.8943076
BCCDDDCDCDDDBCDDABCDABCABDBACBDCAADDCBCABACBCCABCACBCCCCCBDBACDBBBCBCBACCACADAACCCBABADBCCAAABBCCBB	['D13B', 'A63D']	2	-3.7017803	-5.3482203	-7.242528	-1.8943076
BCCDDDCDCDDDBCDDABCDABCABDBACBDCAADDCBCABACBCCABCACBCCCCCBDBACDBBBCBCBACCACADAACCCBABADBCCAAABBCCBB	['D13B', 'A63D']	2	-3.7017803	-5.3482203	-7.242528	-1.8943076
BCCDDDCDCDDDDCDDABCDABCABDBACBDCAADDCBCACDCBCDABCACBCCCCCBDCADDBBBCBCBACCACACAACCCBABADBCBAAABBCCBB	['B41C', 'A42D', 'C46D', 'B60C', 'C62D', 'A63D', 'D77C', 'C90B']	8	-2.7870164	-1.9366236	-4.682144	-1.8951278
AAADDDCDCDDADCDDABCDABCABDBACBDCAADDCBCABACBCCABCACBCCCCDBDBACDBBBCBCBACCACADAACCCBABADBCCAAABBCCBB	['B1A', 'C2A', 'C3A', 'D12A', 'C57D', 'A63D']	6	-4.2228165	-3.702725	-6.118066	-1.8952494
BCCDDDCDCDDDBCDDADCAABCABDBACBDCAADDCBCABACBABABCACBCCCCCBDBACDBBBCBCBBDCACACAACCCBABADBCBAAABBCCBB	['D13B', 'B18D', 'D20A', 'C45A', 'C46B', 'A63D', 'A71B', 'C72D', 'D77C', 'C90B']	10	-1.8960524	-2.8504	-4.7464437	-1.8960438
BCCDDDCDCDDDDCDDABCDABCABDBACBDCAADDCBCABACBCCABCACBCCCCDBDBADDBBBCBCBACCACACAACCCBABADBCCAABBBCCBB	['C57D', 'C62D', 'A63D', 'D77C', 'A93B']	5	-3.70399	-3.8300781	-5.726591	-1.896513
BCCDDDCDCDDDDCDDABCDABCABDBACDDCAADDABCABACBCCABCACBCCCCCBDBACDBBBCBCBACCACACAACCCBABADCCCAABBBCCBB	['B30D', 'C37A', 'A63D', 'D77C', 'B88C', 'A93B']	6	-3.7042327	-7.844131	-9.740894	-1.8967633
BCCDDDCDCDDDDCCDABBDABCABDBACBDCAADDCBCABACBCCABCACBCCCCCBDBADDBBBCBCBACCACADAACCCBABADBCCAAABBCCBB	['D15C', 'C19B', 'C62D', 'A63D']	4	-3.7043982	-4.5293784	-6.426304	-1.8969254
BCCDDDCDCDDDDCDDABCDABCABDBACBDCAACDCBCABACBCCABCACBCCCCCBDBACDBBBCBCBCDCACADAACCCBABADBCCAABBBCCBB	['D35C', 'A63D', 'A71C', 'C72D', 'A93B']	5	-3.7050953	-5.704609	-7.602231	-1.8976221
BCCDDDCDCDDDDDCDABCDABCABDBACBDCAACDCBCACACBCDABCACBCDCCCBDBACDBBBCBCBACCACADAACCBBABADBCCAAABBCCBB	['C14D', 'D15C', 'D35C', 'B41C', 'C46D', 'C54D', 'A63D', 'C82B']	8	-1.9394388	-2.253459	-4.1514015	-1.8979425
BCCDDDCDCDDDDCDDABCDABCABDBACBDCAADACBCABACBCCABCACBCCCCCBDBADDBBBCBCBADCACADAACCCBABADBCBAAABBCCBB	['D36A', 'C62D', 'A63D', 'C72D', 'C90B']	5	-3.7061305	-5.079058	-6.9777184	-1.8986602
BCCDDDCDCCDDDCCDABCAABCABDBACBDCAACDCBCABACBCDABCACBCCCCCBDBACDBBBCBCBACCACADAACCCBABADDCCAABBBCCBB	['D10C', 'D15C', 'D20A', 'D35C', 'C46D', 'A63D', 'B88D', 'A93B']	8	-1.9405246	-4.480904	-6.3799276	-1.8990235
BCCDDDCDCDADDCDDABCDABCABDBACBDCAACDCBCABACBCCABCACBCCCCCBDBACDBBBCBCBACCACADAACCCBABADBCCAAABBCCBB	['D11A', 'D35C', 'A63D']	3	-3.7069006	-5.0794206	-6.9788465	-1.899426
BCCDDDCDCDDDBDCDABCDABCABDBACBDCAACDBBCABACBCCABCACBCCCCCBDBAADBBBCBCBDCCACADAACCCBABADBCBAABBBCCBB	['D13B', 'C14D', 'D15C', 'D35C', 'C37B', 'C62A', 'A63D', 'A71D', 'C90B', 'A93B']	10	-3.7082734	-5.3745008	-7.275299	-1.9007983
BCCDDDCDCDDDBCDDABCDABCABDBACBDCDADDBBCACACBCCABCACBCCCCCBDBACDBBCCBCBCCCACADAACCCBABADBCCAABBBCCBB	['D13B', 'A33D', 'C37B', 'B41C', 'A63D', 'B66C', 'A71C', 'A93B']	8	-4.2559443	-3.709692	-6.158161	-1.9022169
BCCDDDCDCDDDBCDDABCDABCABDBACDDCAADDABCABACBCCABCACBCCCCCBDBACDBBBCBCBBCCACACAACCCBABADBCCAAABBCCBB	['D13B', 'B30D', 'C37A', 'A63D', 'A71B', 'D77C']	6	-3.7113008	-6.857845	-8.761678	-1.9038329
BCCDDDCDCCDDDCDDABCCABCABDBACBDCAACACBCABACBCCABCACBCDCCCBDBACDBBBCBABDCDACADAACCCBABADBCBAABBBCCBB	['D10C', 'D20C', 'D35C', 'D36A', 'C54D', 'A63D', 'C69A', 'A71D', 'C73D', 'C90B', 'A93B']	11	-3.711514	-4.619977	-6.5240145	-1.9040375
BCCDDDCDCDDDDCDDABCDABCABDBACBDCAACDCBCABACBCCABCACBCCCCCBDBACDBBBCBCBCCCACACAACCCBABADBCCAABBBCCBB	['D35C', 'A63D', 'A71C', 'D77C', 'A93B']	5	-3.7115831	-5.544536	-7.4486456	-1.9041095
BCCDDDCDCCDDDCDDABCDABCABDBACBDCAADDCBCABACBCCAACACBCCCCCBDBACDBBBCBCBABCACADAACCCBABADBCCAABBBCCBB	['D10C', 'B48A', 'A63D', 'C72B', 'A93B']	5	-3.712594	-5.726636	-7.631757	-1.9051208
BCCDDDCDCDDDBCCDABCDABCABDBACDDCAADDCBCABACBCCABCACBCCCCDBDBACDCBBCBCCBBCACACAACCCBABADCCCAAABBCCBB	['D13B', 'D15C', 'B30D', 'C57D', 'A63D', 'B64C', 'B70C', 'A71B', 'C72B', 'D77C', 'B88C']	11	-3.712656	-5.4092097	-7.314393	-1.9051833
BCCDDDCDCDDBDCCDABCDABCABDBACBDCAACDCBCABACBCCABCACBCCCCCBDBACDBBBCBCBACCACADAACCCBABADBCCAAABBCCBB	['D12B', 'D15C', 'D35C', 'A63D']	4	-3.7127314	-5.1021476	-7.0074015	-1.9052539
BCCDDDCDCDDDBCDDABCDABCABDBACDDCAACACBCABACBCCABCACBCCCCCBDBACBBBBCBCBBCCACACAACCCBABADCCCAAABBCCBA	['D13B', 'B30D', 'D35C', 'D36A', 'A63B', 'A71B', 'D77C', 'B88C', 'B99A']	9	-3.7130332	-7.490971	-9.396532	-1.905561
BCCDDDCDCDDDDCCDABBDABCABDBACBDCAADDBBCABACBCCABCACBCCCCCBDBACDBBBCBCBBABACADAACCCBBBADBCCAAABBDCBB	['D15C', 'C19B', 'C37B', 'A63D', 'A71B', 'C72A', 'C73B', 'A84B', 'C96D']	9	-3.7131143	-5.1316495	-7.0372906	-1.9056411
BCCDDDCDCDDDDCDDABCDABCABDBACBDCAADDCBCABACBCCABCACBCCCCCBDBACACBBCBCBACCACADAACCCBABADBCCAAABBCCBB	['B64C']	1	-3.7131634	-6.022918	-7.9286127	-1.9056945
BCCDDDCDCDDDDCDDABCDABCABDBACBDCAADDCBCABACBCCABCACBCCCCCBDBACACBBCBCBACCACADAACCCBABADBCCAAABBCCBB	['B64C']	1	-3.7131634	-6.022918	-7.9286127	-1.9056945
BCCDDDCDCDDDDCDDABCDABCABDBACBDCAADDCBCABACBCCABCACBCCCCCBDBACACBBCBCBACCACADAACCCBABADBCCAAABBCCBB	['B64C']	1	-3.7131634	-6.022918	-7.9286127	-1.9056945
BCCDDDCDCDDDDCDDABCDABCABDBACBDCAADDCBCABACBCCABCACBCCCCCBDBACACBBCBCBACCACADAACCCBABADBCCAAABBCCBB	['B64C']	1	-3.7131634	-6.022918	-7.9286127	-1.9056945
BCCDDDCDCDDDDCDDABCDABCABDBACBDCAADDCBCABACBCCABCACBCCCCCBDBACACBBCBCBACCACADAACCCBABADBCCAAABBCCBB	['B64C']	1	-3.7131634	-6.022918	-7.9286127	-1.9056945
BCCDDDCDCDDDDCDDABCDABCABDBACBDCAADDCBCABACBCCABCACBCCCCCBDBACACBBCBCBACCACADAACCCBABADBCCAAABBCCBB	['B64C']	1	-3.7131634	-6.022918	-7.9286127	-1.9056945
BCCDDDCDCDDDDCDDABCDABCABDBACBDCAADDCBCABACBCCABCACBCCCCCBDBACACBBCBCBACCACADAACCCBABADBCCAAABBCCBB	['B64C']	1	-3.7131634	-6.022918	-7.9286127	-1.9056945
BCCDDDCDCDDDDCDDABCDABCABDBACBDCAADDCBCABACBCCABCACBCCCCCBDBACACBBCBCBACCACADAACCCBABADBCCAAABBCCBB	['B64C']	1	-3.7131634	-6.022918	-7.9286127	-1.9056945
BCCDDDCDCDDDDCDDABCDABCABDBACBDCAADDCBCABACBCCABCACBCCCCCBDBACACBBCBCBACCACADAACCCBABADBCCAAABBCCBB	['B64C']	1	-3.7131634	-6.022918	-7.9286127	-1.9056945
BCCDDDCDCDDDDCDDABCDABCABDBACBDCAADDCBCABACBCCABCACBCCCCCBDBACACBBCBCBACCACADAACCCBABADBCCAAABBCCBB	['B64C']	1	-3.7131634	-6.022918	-7.9286127	-1.9056945
BCCDDDCDCDDDDCDDABCDABCABDBACBDCAADDCBCABACBCCABCACBCCCCCBDBACACBBCBCBACCACADAACCCBABADBCCAAABBCCBB	['B64C']	1	-3.7131634	-6.022918	-7.9286127	-1.9056945
BCCDDDCDCDDDDCDDABCDABCABDBACBDCAADDCBCABACBCCABCACBCCCCCBDBACACBBCBCBACCACADAACCCBABADBCCAAABBCCBB	['B64C']	1	-3.7131634	-6.022918	-7.9286127	-1.9056945
BCCDDDCDCDDDDCDDABCDABCABDBACBDCAADDCBCABACBCCABCACBCCCCCBDBACACBBCBCBACCACADAACCCBABADBCCAAABBCCBB	['B64C']	1	-3.7131634	-6.022918	-7.9286127	-1.9056945
BCCDDDCDCDDDDCDDABCDABCABDBACBDCAADDCBCABACBCCABCACBCCCCCBDBACACBBCBCBACCACADAACCCBABADBCCAAABBCCBB	['B64C']	1	-3.7131634	-6.022918	-7.9286127	-1.9056945
BCCDDDCDCDDDDCDDABCDABCABDBACBDCAADDCBCABACBCCABCACBCCCCCBDBACACBBCBCBACCACADAACCCBABADBCCAAABBCCBB	['B64C']	1	-3.7131634	-6.022918	-7.9286127	-1.9056945
BCCDDDCDCDDDDCDDABCDABCABDBACBDCAADDCBCABACBCCABCACBCCCCCBDBACACBBCBCBACCACADAACCCBABADBCCAAABBCCBB	['B64C']	1	-3.7131634	-6.022918	-7.9286127	-1.9056945
BCCDDDCDCDDDDCDDABCDABCABDBACBDCAADDCBCABACBCCABCACBCCCCCBDBACACBBCBCBACCACADAACCCBABADBCCAAABBCCBB	['B64C']	1	-3.7131634	-6.022918	-7.9286127	-1.9056945
BCCDDDCDCDDDDCDDABCDABCABDBACBDCAADDCBCABACBCCABCACBCCCCCBDBACACBBCBCBACCACADAACCCBABADBCCAAABBCCBB	['B64C']	1	-3.7131634	-6.022918	-7.9286127	-1.9056945
BCCDDDCDCDDDDCDDABCDABCABDBACBDCAADDCBCABACBCCABCACBCCCCCBDBACACBBCBCBACCACADAACCCBABADBCCAAABBCCBB	['B64C']	1	-3.7131634	-6.022918	-7.9286127	-1.9056945
BCCDDDCDCDDDDCDDABCDABCABDBACBDCAADDCBCABACBCCABCACBCCCCCBDBACACBBCBCBACCACADAACCCBABADBCCAAABBCCBB	['B64C']	1	-3.7131634	-6.022918	-7.9286127	-1.9056945
BCCDDDCDCDDDDCDDABCDABCABDBACBDCAADDCBCABACBCCABCACBCCCCCBDBACACBBCBCBACCACADAACCCBABADBCCAAABBCCBB	['B64C']	1	-3.7131634	-6.022918	-7.9286127	-1.9056945
BCCDDDCDCDDDDCDDABCDABCABDBACBDCAADDCBCABACBCCABCACBCCCCCBDBACACBBCBCBACCACADAACCCBABADBCCAAABBCCBB	['B64C']	1	-3.7131634	-6.022918	-7.9286127	-1.9056945
BCCDDDCDCDDDDCDDABCDABCABDBACBDCAADDCBCABACBCCABCACBCCCCCBDBACACBBCBCBACCACADAACCCBABADBCCAAABBCCBB	['B64C']	1	-3.7131634	-6.022918	-7.9286127	-1.9056945
BCCDDDCDCDDDDCDDABCDABCABDBACBDCAADDCBCABACBCCABCACBCCCCCBDBACACBBCBCBACCACADAACCCBABADBCCAAABBCCBB	['B64C']	1	-3.7131634	-6.022918	-7.9286127	-1.9056945
BCCDDDCDCDDDDCDDABCDABCABDBACBDCAADDCBCABACBCCABCACBCCCCCBDBACACBBCBCBACCACADAACCCBABADBCCAAABBCCBB	['B64C']	1	-3.7131634	-6.022918	-7.9286127	-1.9056945
BCCDDDCDCDDDDCDDABCDABCABDBACBDCAADDCBCABACBCCABCACBCCCCCBDBACACBBCBCBACCACADAACCCBABADBCCAAABBCCBB	['B64C']	1	-3.7131634	-6.022918	-7.9286127	-1.9056945
BCCDDDCDCDDDDCDDABCDABCABDBACBDCAADDCBCABACBCCABCACBCCCCCBDBACACBBCBCBACCACADAACCCBABADBCCAAABBCCBB	['B64C']	1	-3.7131634	-6.022918	-7.9286127	-1.9056945
BCCDDDCDCDDDDCDDABCDABCABDBACBDCAADDCBCABACBCCABCACBCCCCCBDBACACBBCBCBACCACADAACCCBABADBCCAAABBCCBB	['B64C']	1	-3.7131634	-6.022918	-7.9286127	-1.9056945
BCCDDDCDCDDDDCDDABCDABCABDBACBDCAADDCBCABACBCCABCACBCCCCCBDBACACBBCBCBACCACADAACCCBABADBCCAAABBCCBB	['B64C']	1	-3.7131634	-6.022918	-7.9286127	-1.9056945
BCCDDDCDCDDDDCDDABCDABCABDBACBDCAADDCBCABACBCCABCACBCCCCCBDBACACBBCBCBACCACADAACCCBABADBCCAAABBCCBB	['B64C']	1	-3.7131634	-6.022918	-7.9286127	-1.9056945
BCCDDDCDCDDDDCDDABCDABCABDBACBDCAADDCBCABACBCCABCACBCCCCCBDBACACBBCBCBACCACADAACCCBABADBCCAAABBCCBB	['B64C']	1	-3.7131634	-6.022918	-7.9286127	-1.9056945
BCCDDDCDCDDDDCDDABCDABCABDBACBDCAADDCBCABACBCCABCACBCCCCCBDBACACBBCBCBACCACADAACCCBABADBCCAAABBCCBB	['B64C']	1	-3.7131634	-6.022918	-7.9286127	-1.9056945
BCCDDDCDCDDDBCDDABDDABCABDBACDDCAADDCBCABACBCCABCACBCCCCCBDBACDBBBCBCBACCACADAACCCBABADBCCAAABBCCBB	['D13B', 'C19D', 'B30D', 'A63D']	4	-3.714096	-6.4697638	-8.3763895	-1.9066257
BCCDDDCDCDDDBCDDABDDABCABDBACDDCAADDCBCABACBCCABCACBCCCCCBDBACDBBBCBCBACCACADAACCCBABADBCCAAABBCCBB	['D13B', 'C19D', 'B30D', 'A63D']	4	-3.714096	-6.4697638	-8.3763895	-1.9066257
BCCDDDCDCDDDDCDDABCDABCABDBACBDCAADDCBCABACBCBABCACBCCCCCBDBACACBBCBCBACCACADAACCBBABADBCCAAABBCCBB	['C46B', 'B64C', 'C82B']	3	-1.9068928	-3.4561977	-5.363085	-1.906887
BCCDDDCDCDDDDCDDABCDABCABDBACBDCAADDCBCABACBCBABCACBCCCCCBDBACACBBCBCBACCACADAACCBBABADBCCAAABBCCBB	['C46B', 'B64C', 'C82B']	3	-1.9068928	-3.4561977	-5.363085	-1.906887
BCCDDDCDCDDDDCDDABCDABCABDBACBDCAADDCBCACACBCCABCACBCCCCCBDCADDBBBCBCBACCACACAACCCBABADBCBAABBBCCBB	['B41C', 'B60C', 'C62D', 'A63D', 'D77C', 'C90B', 'A93B']	7	-3.71446	-4.425368	-6.3323526	-1.9069848
BCCDDDCDCDDDDCDDABCDABCABDBACBDCAADDCBCABACBCCABCACBCCCCCBDBADDBBBCBCBABCACACAACCCBABADBCCAABBBCCBB	['C62D', 'A63D', 'C72B', 'D77C', 'A93B']	5	-3.7149467	-4.579386	-6.486861	-1.907475
BCCDDDCDCDDDDCDDABDDABCABDBACBDCAACDCBCACACBCCABCACBCCCCCBDBACDBBACBCBACCACADAACCCBABADBCCAAABBCCBB	['C19D', 'D35C', 'B41C', 'A63D', 'B66A']	5	-3.7155218	-4.853283	-6.7613335	-1.9080505
BCCDDDCDCDDDDCCDABCAABCABDBACDDCAACCCBCABACBCCABCACBCCCCCBDBACDBBBCBCBACCACADAACCCBACADCCCAAABBCCBB	['D15C', 'D20A', 'B30D', 'D35C', 'D36C', 'A63D', 'B85C', 'B88C']	8	-3.7157278	-7.0756087	-8.983859	-1.9082503
BCCDDDCDCDDDBCDDABCDABCABDBACBDCAADDCBCABACBCCABCACBCCCCCBDBACDCDBCBCBACCACADAACCCBABADBCCAAABBCCBB	['D13B', 'A63D', 'B64C', 'B65D']	4	-3.7159014	-5.742265	-7.650695	-1.9084296
BCCDDDCDCDDDDCCDABCDABCABDBACBDCAACDCBCABACBCCABCACBCCCCDBDBACDBBBCBCBACCACADAACCCBABADBCCAABBBCCBB	['D15C', 'D35C', 'C57D', 'A63D', 'A93B']	5	-3.7162285	-4.3879104	-6.296664	-1.9087539
BCCDDDCDCDDDDCDDABCDABCABDBACDDCAADDBBCABACBCCABCACBCCCCCBDBACDBBBCBCBCCCACACAACCCBABADCCCAABBBCCBB	['B30D', 'C37B', 'A63D', 'A71C', 'D77C', 'B88C', 'A93B']	7	-3.717958	-7.0011854	-8.911674	-1.9104881
BCCDDDCDCDDDBDDDABCCABCABDBACBDCAADDCBCABACBCCABCACBCCCCCBBBADDCBBCBCBACCACADAACCCBABADBCCAAABBCCBB	['D13B', 'C14D', 'D20C', 'D59B', 'C62D', 'A63D', 'B64C']	7	-3.7182617	-4.7445836	-6.6553707	-1.9107871
BCCDDDCDCDDDBCDDABCDABCABDBACDDCADDCCBCABACBCCABCACBCCCCCBDBACDBBBCBCBBCCACADAACCCBABADCCCAAABBCCBB	['D13B', 'B30D', 'A34D', 'D36C', 'A63D', 'A71B', 'B88C']	7	-3.7186494	-8.09211	-10.003291	-1.9111814
BCCDDDCDCDDDBCDDABCDABCABDBACDDCADDCCBCABACBCCABCACBCCCCCBDBACDBBBCBCBBCCACADAACCCBABADCCCAAABBCCBB	['D13B', 'B30D', 'A34D', 'D36C', 'A63D', 'A71B', 'B88C']	7	-3.7186494	-8.09211	-10.003291	-1.9111814
BCCDDDCDCDDDDDDDABCDABCABDBACBDCAADDCBCABACBCCABCACBCCCCCBDBACDBBBCBCBACCACADAACCCBABADBCCAABBBCCBB	['C14D', 'A63D', 'A93B']	3	-3.7188625	-5.6647983	-7.576188	-1.9113898
BCCDDDCDCDDDDCDDABCDABCABDBACBDCAACDBBCABACBCCABCACBCCCCCBDBACDBBBCBCBCACACADAACCCBABADBCCAAABBCCBB	['D35C', 'C37B', 'A63D', 'A71C', 'C72A']	5	-3.719226	-4.7976303	-6.709383	-1.9117527
BCCDDDCDCCDDBCDDABBDABCABDBACBDCAADDCBCABACBCCABCACBCCCCCBDBACCBBBCBCBCCCACACAACCCBABADBCCAABBBCCBB	['D10C', 'D13B', 'C19B', 'A63C', 'A71C', 'D77C', 'A93B']	7	-3.7197542	-5.283794	-7.1960735	-1.9122796
BCCDDDCDCDDDDCDDABCAABCABDBACBDCAADDCBCABACBCDABCACBCCCCCBDBACACBBCBCBACCCCACAACCCBBCADBCBAAABBCCBB	['D20A', 'C46D', 'B64C', 'A74C', 'D77C', 'A84B', 'B85C', 'C90B']	8	-1.9539876	-3.9005961	-5.8130894	-1.9124932
BCCDDDCDCDDBDCDDABBCABCABDBACBDCAADDCBCABACBCCABCACBCCCCCBDBACDBBBCBCBACCACACAACCCBABADBCCAABBBCCBB	['D12B', 'C19B', 'D20C', 'A63D', 'D77C', 'A93B']	6	-3.7203293	-4.716036	-6.6288843	-1.9128485
BCCDDDCDCDDDBCDDABCDABCABDBACBDCAADDCBCABACBCCABCACBCCCCCBDBACDBBBCBCBADCACADAACCCBABADBCCAAABBCCBB	['D13B', 'A63D', 'C72D']	3	-3.7204428	-5.425467	-7.338437	-1.9129701
BCCDDDCDCDDDBCDDABCDABCABDBACDDCAADDCBCABACBCCABCACBCCCCCBDBACDBBBABABBCCACACAACCCBABADCCCAAABBCCBB	['D13B', 'B30D', 'A63D', 'C67A', 'C69A', 'A71B', 'D77C', 'B88C']	8	-3.721355	-7.3999095	-9.313795	-1.9138856
BCCDDDCDCCDDDCDDABBDABCABDBACBDCAADDCBCABACBCDABCACBCCCCCBDBADDBBBCBCBACBACACAACCABABADBCBAABBBCCBB	['D10C', 'C19B', 'C46D', 'C62D', 'A63D', 'C73B', 'D77C', 'C82A', 'C90B', 'A93B']	10	-2.316493	-1.955801	-4.2307987	-1.9143057
AAADDDCDCBDDDCDDABCCABCABDBACBDCAADACBCABACBCDBBCACBCBDCDBDBADDBBBCBCBBDDACADAACCCBBCADBCBAABBBCCBB	['B1A', 'C2A', 'C3A', 'D10B', 'D20C', 'D36A', 'C46D', 'A47B', 'C54B', 'C55D', 'C57D', 'C62D', 'A63D', 'A71B', 'C72D', 'C73D', 'A84B', 'B85C', 'C90B', 'A93B']	20	-0.14836979	-0.62821007	-2.5425577	-1.9143476
AAADDDCDCCDDDCDBABCCABCABDBACBDCAADABBCABACBCDABCACBCCCCCBDBDDDBBBBBCBBCCACCDAACCCBABADBCCAABBBCCBB	['B1A', 'C2A', 'C3A', 'D10C', 'D16B', 'D20C', 'D36A', 'C37B', 'C46D', 'A61D', 'C62D', 'A63D', 'C67B', 'A71B', 'A76C', 'A93B']	16	-1.9559846	-2.2967272	-4.211215	-1.9144878
BCCDDDCDCDDDDCCDABCDABCABDBACBDCAADDABCABACBCCABCACBCCCCCBDBADBBBBCBCBACCACACAACCCBABADBCCAAABBCCBB	['D15C', 'C37A', 'C62D', 'A63B', 'D77C']	5	-3.7224998	-4.9255834	-6.8406124	-1.915029
BCCDDDCDCDDDDCDDABCDABCABDBACBDCAADDCBCABABBCCABCACBCCCCCBDBADDBBBCBCBCCCACACAACCCBABADBCCAABBBCCBB	['C43B', 'C62D', 'A63D', 'A71C', 'D77C', 'A93B']	6	-3.7228537	-5.1899357	-7.105318	-1.9153824
BCCDDDCDCCDDDCDDABCDABCABDBACBDCAACACBCACACBCCABCACBCCCCDBDBACCBBBCBCBACCACADAACCCBABADBCCAABBBCCAA	['D10C', 'D35C', 'D36A', 'B41C', 'C57D', 'A63C', 'A93B', 'B98A', 'B99A']	9	-3.7230058	-4.7792416	-6.6947756	-1.915534
BCCDDDCDCDDDDCDDABCDABCABDBACBDCAADDABCABACBCCABCACBCCCCCBDBADABBBCBCBCACACACAACCCBABADBCCAABBBCCBB	['C37A', 'C62D', 'A71C', 'C72A', 'D77C', 'A93B']	6	-3.7242498	-5.9097815	-7.82656	-1.9167786
BCCDDDCDCDDDDCDDABCDABCABDBACBDCAADACBCABACBCCABCACBCCCCCBDBACDBBBCBABBDBACADAACCCBABADBCBAAABBCCBB	['D36A', 'A63D', 'C69A', 'A71B', 'C72D', 'C73B', 'C90B']	7	-3.724504	-5.332043	-7.249074	-1.9170308
BCCDDDCDCCDDDCDDABCAABCABDBACBDCAADDCBCABACBCDABCACBCCCCCBDCACACBBCBCBACAACACAACCCBBCADBCBAAABBCCBB	['D10C', 'D20A', 'C46D', 'B60C', 'B64C', 'C73A', 'D77C', 'A84B', 'B85C', 'C90B']	10	-1.9591794	-3.1101627	-5.0278473	-1.9176846
BCCDDDCDCDDDDCDDABCDABCABDBACBDCAADDCBCABACBCBAACACBCDCCCBDBACDCBBCBCBACCCCACAACCCBABADBCBAABBBCCBB	['C46B', 'B48A', 'C54D', 'A63D', 'B64C', 'A74C', 'D77C', 'C90B', 'A93B']	9	-1.917901	-4.257063	-6.1749573	-1.9178944
BCCDDDCDCDDADCDDABCCABCABDBACBDCAAAACBCABACBCCABCACBCCCCDBDBACDBBBCBCBBCCACADAACCCBBBADBCBAAABBCCBB	['D12A', 'D20C', 'D35A', 'D36A', 'C57D', 'A63D', 'A71B', 'A84B', 'C90B']	9	-3.725368	-4.5370393	-6.454936	-1.9178967
BCCDDDCDCDDDBCDDABCDABCABDBACBDCAADDCBCABACBCCABCACBCCCCCBDBADDBBBCBCBACCACADAACCCBABADBCCAAABBCCBB	['D13B', 'C62D', 'A63D']	3	-3.7265873	-4.9046826	-6.823797	-1.9191146
AAADDDCDCDDDDCDDABCDABCABDBACBDCBADDBBCABACBCBABCACBCCCCCBDBADDBBBCBCBBCBCCADAACCCBBBADBCBAAABBCCBB	['B1A', 'C2A', 'C3A', 'A33B', 'C37B', 'C46B', 'C62D', 'A63D', 'A71B', 'C73B', 'A74C', 'A84B', 'C90B']	13	-1.9193406	-2.273006	-4.1923456	-1.9193397
AAADDDCDCDDDDCDDABCDABCABDBACBDCAADDBBCABACBCCABCACBCCCCCBDBACCBBBCBCBACCACACAACCCBABADBCCAABBBCCBB	['B1A', 'C2A', 'C3A', 'C37B', 'A63C', 'D77C', 'A93B']	7	-3.7269068	-5.222289	-7.1417217	-1.9194326
BCCDDDCDCDDDBCDDABCDABCABDBACBDCAADDCBCABACBCCABCACBCCCCCBDBACDBBBCBCBACCACACAACCCBABADBCCAAABBCCBB	['D13B', 'A63D', 'D77C']	3	-3.7269306	-5.265394	-7.1848536	-1.9194593
BCCDDDCDCDDDBCDDABCDABCABDBACBDCCACACBCABACBCCABCCCBCDCCCBDBADDBBBCBABBCBACADAACCCBABADBCBAAABBCCBB	['D13B', 'A33C', 'D35C', 'D36A', 'A50C', 'C54D', 'C62D', 'A63D', 'C69A', 'A71B', 'C73B', 'C90B']	12	-3.7271848	-4.666531	-6.5862427	-1.9197116
BCCDDDCDCADDDCDDABCDABCABDBACBDCAADDCBAACACBCCABCACBCCCCCBDBACBBBBCBDBACCACADAACCCBABADBCCAAABBCCBB	['D10A', 'C39A', 'B41C', 'A63B', 'C69D']	5	-3.7946882	-3.7272873	-5.7145023	-1.9198141
BCCDDDCDCADDDCDDABCDABCABDBACBDCAADDCBAACACBCCABCACBCCCCCBDBACBBBBCBDBACCACADAACCCBABADBCCAAABBCCBB	['D10A', 'C39A', 'B41C', 'A63B', 'C69D']	5	-3.7946882	-3.7272873	-5.7145023	-1.9198141
BCCDDDCDCADDDCDDABCDABCABDBACBDCAADDCBAACACBCCABCACBCCCCCBDBACBBBBCBDBACCACADAACCCBABADBCCAAABBCCBB	['D10A', 'C39A', 'B41C', 'A63B', 'C69D']	5	-3.7946882	-3.7272873	-5.7145023	-1.9198141
BCCDDDCDCADDDCDDABCDABCABDBACBDCAACDBBCABACBCDABCACBCCCCCBDBACDCBBCBCBACCACADAACCCBABADDCCAABBBCCBB	['D10A', 'D35C', 'C37B', 'C46D', 'A63D', 'B64C', 'B88D', 'A93B']	8	-1.9617486	-4.02065	-5.9409018	-1.9202518
BCCDDDCDCDDDDCDDABCDABCABDBACBDCAACDCBCABACBCCABCACBCCCCDBDBACDCBBCBCBACCACADAACCCBABADBCCAAABBCCBB	['D35C', 'C57D', 'A63D', 'B64C']	4	-3.727765	-4.1033115	-6.0236053	-1.9202938
BCCDDDCDCCDDDCDDABCDABCABDBACBDCAACDCBCABACBCCABCACBCCCCCBDBACACBBCBCBACCACADAACCCBABADBCCAAABBCCBB	['D10C', 'D35C', 'B64C']	3	-3.727953	-5.8491755	-7.769655	-1.9204798
BCCDDDCDCDDBDCDDABDDABCABDBACBDCAACDCBCABACBCCABCACBCCCCCBDBACACBBCBCBACCACADAACCCBABADBCCAAABBCCBB	['D12B', 'C19D', 'D35C', 'B64C']	4	-3.7283669	-5.7333875	-7.6542835	-1.920896
BCCDDDCDCDDADCCDABCBABCABDBACBDCAACACBCACACBCCABCACBCCCCCBDBDCDBBBCBCBCACACADAACCCBABADBCBAAABBCCBB	['D12A', 'D15C', 'D20B', 'D35C', 'D36A', 'B41C', 'A61D', 'A63D', 'A71C', 'C72A', 'C90B']	11	-3.729506	-5.2628164	-7.184849	-1.9220324
BCCDDDCDCDDDDCDDABCDABCABDBACBDCAADDCBCABACBCCABCACBCCCCCBDBACACBBCBCBADCACADAACCCBABADBCCAAABBCCBB	['B64C', 'C72D']	2	-3.7318258	-6.100165	-8.024521	-1.924356
BCCDDDCDCDDDDCDDABCDABCABDBACBDCAADDCBCABACBCCABCACBCCCCCBDBACACBBCBCBADCACADAACCCBABADBCCAAABBCCBB	['B64C', 'C72D']	2	-3.7318258	-6.100165	-8.024521	-1.924356
BCCDDDCDCDDDDCDDABCDABCABDBACBDCDADDCBCABACBCCABCACBCCCCCBDBACDBBBCBDBACCCCADAACCCBABADBCCAAABBCCBB	['A33D', 'A63D', 'C69D', 'A74C']	4	-3.7324429	-4.7086415	-6.6336155	-1.924974
BCCDDDCDCDDDDCDDABCDABCABDBACDDCAADDABCABACBBCABCACBCCCCCBDBACDBBBCBCBCCCACADAACCABABADBCCAAABDCCBB	['B30D', 'C37A', 'C45B', 'A63D', 'A71C', 'C82A', 'B95D']	7	-3.732778	-7.473973	-9.399285	-1.9253125
BCCDDDCDCDDDDCCDABCDABCABDBACBDCAADACBAACACBCCABCACBCCCCCBDBADDCBBCBCBACCACADAACCCBABADBCCAAABBCCBB	['D15C', 'D36A', 'C39A', 'B41C', 'C62D', 'A63D', 'B64C']	7	-3.7329235	-4.245197	-6.1706486	-1.9254518
BCCDDDCDCCDDBCDDABCCABCABDBACBDCAACACBCACACBCCABCACBCDCCCBDCADDBBBCBCBDCBACADAACCCBBBADBCBAABBBCCBB	['D10C', 'D13B', 'D20C', 'D35C', 'D36A', 'B41C', 'C54D', 'B60C', 'C62D', 'A63D', 'A71D', 'C73B', 'A84B', 'C90B', 'A93B']	15	-3.7334018	-4.4132957	-6.33922	-1.9259243
BCCDDDCDCDDDDCDDABCDABCABDBACDDCAADDCBCABACBCCABCACBCCCCCBDBACDBBBCBCBCDCACACAACCCBABADCCCAAABBCCBB	['B30D', 'A63D', 'A71C', 'C72D', 'D77C', 'B88C']	6	-3.7336125	-7.092061	-9.018204	-1.9261427
BCCDDDCDCDDDDCDDABCDABCABDBACBDCAADACBCABACBCCABCACBCCCCCBDBADDDBBCBCBACCACADAACCCBABADBCCAAABBCCBB	['D36A', 'C62D', 'A63D', 'B64D']	4	-3.7339602	-5.4620132	-7.388503	-1.9264898
BCCDDDCDCDDDDCDDABCDABCABDBACBDCAADDCBCABACBCCABCACBCCCCCBDBCDDBBBCBDBACCACADAACCCBABADBCCAAABBCCBB	['A61C', 'C62D', 'A63D', 'C69D']	4	-3.734024	-4.447892	-6.374446	-1.9265537
BCCDDDCDCDDDDCDDABCDABCABDBACBDCAADACBCABACBCCABCACBCCCCCBDBACDDBBCBCBACCACACAACCCBABADBCCAAABBCCBB	['D36A', 'A63D', 'B64D', 'D77C']	4	-3.7343044	-5.822725	-7.7495575	-1.9268327
BCCDDDCDCCDDDCDDABCAABCABDBACBDCAACACBCABACBCDABCACBCCCCCBDBADDCBBCBCBACAACADAACCCBBBADBCBAAABBCCBB	['D10C', 'D20A', 'D35C', 'D36A', 'C46D', 'C62D', 'A63D', 'B64C', 'C73A', 'A84B', 'C90B']	11	-1.9684467	-2.9355712	-4.862521	-1.92695
BCCDDDCDCBADDCDDABCDADCABDBACBDCCACACBCABACBCDABCACBCDCCCBDBADDBBBCBCBBBBACADAACCCCBCADBCBAAABBCCBB	['D10B', 'D11A', 'B22D', 'A33C', 'D35C', 'D36A', 'C46D', 'C54D', 'C62D', 'A63D', 'A71B', 'C72B', 'C73B', 'B83C', 'A84B', 'B85C', 'C90B']	17	-1.9982891	-1.9701777	-3.9269714	-1.9286823
BCCDDDCDCCCDDCCDADAAADCABDBACBDCAADACBCABACBCDBBCACBCBDCCBDBACDCBBCBCBBBDACADAACCCBBCADBCBAAABBCCBB	['D10C', 'D11C', 'D15C', 'B18D', 'C19A', 'D20A', 'B22D', 'D36A', 'C46D', 'A47B', 'C54B', 'C55D', 'A63D', 'B64C', 'A71B', 'C72B', 'C73D', 'A84B', 'B85C', 'C90B']	20	-0.16355658	-0.61928034	-2.5488157	-1.9295354
BCCDDDCDCDDDDCDDABCDABCABDBACBDCAADDCBCABACBCCABCACBCCCCCBDBACACBBCBCBACCACACAACCCBABADBCCAAABBCCBB	['B64C', 'D77C']	2	-3.7383127	-5.940092	-7.8709345	-1.9308424
BCCDDDCDCDDDDCDDABCDABCABDBACBDCAADDCBCABACBCCABCACBCCCCCBDBACACBBCBCBACCACACAACCCBABADBCCAAABBCCBB	['B64C', 'D77C']	2	-3.7383127	-5.940092	-7.8709345	-1.9308424
BCCDDDCDCDDDDCDDABCDABCABDBACBDCAADDCBCABACBCCABCACBCCCCCBDBACACBBCBCBACCACACAACCCBABADBCCAAABBCCBB	['B64C', 'D77C']	2	-3.7383127	-5.940092	-7.8709345	-1.9308424
BCCDDDCDCDDDDCDDABCDABCABDBACBDCAADDCBCABACBCCABCACBCCCCCBDBACACBBCBCBACCACACAACCCBABADBCCAAABBCCBB	['B64C', 'D77C']	2	-3.7383127	-5.940092	-7.8709345	-1.9308424
BCCDDDCDCADDDCDDABCDABCABDBACBDCAADDCBCABACBCCABCACBCCCCDBDDACDBBBABCBADCACACAACCCBABADBCCAAABBCCBB	['D10A', 'C57D', 'B60D', 'A63D', 'C67A', 'C72D', 'D77C']	7	-3.7385201	-3.7953467	-5.7263937	-1.931047
AAADDDCDCCDDDCDDABCCABCABDBACBDCAACAABCACACBCCABCACBCCCCCBDBADDBBBCBCCDBCACAAAACCCBBBADBCBAAABBCCBB	['B1A', 'C2A', 'C3A', 'D10C', 'D20C', 'D35C', 'D36A', 'C37A', 'B41C', 'C62D', 'A63D', 'B70C', 'A71D', 'C72B', 'D77A', 'A84B', 'C90B']	17	-4.938133	-3.7387152	-6.8693743	-1.9312415
AAADDDCDCDDADCDDABCDABCABDBACBDCAACDCBCABACBCCABCACBCCCCDBDBACDBBBCBCBACCACADAACCCBABADBCCAAABBCCBB	['B1A', 'C2A', 'C3A', 'D12A', 'D35C', 'C57D', 'A63D']	7	-4.5497103	-3.7391376	-6.481373	-1.9316626
BCCDDDCDCDDDDCCDABCAABCABDBACBDCAACDABCACACBCCABCACBCCCCCBDBADDBBBCBCBACBACADAACCCBABADBCBAAABBCCBB	['D15C', 'D20A', 'D35C', 'C37A', 'B41C', 'C62D', 'A63D', 'C73B', 'C90B']	9	-3.7409806	-4.3704486	-6.303954	-1.9335055
BCCDDDCDCBDDDCDDABCAABCABDBACBDCAADDCBCABACBCDBBCACBBCCCCBDBACDBBBCBBBBCBACADAACCCCBCADBCBBAABBCCBB	['D10B', 'D20A', 'C46D', 'A47B', 'C53B', 'A63D', 'C69B', 'A71B', 'C73B', 'B83C', 'A84B', 'B85C', 'C90B', 'A91B']	14	-2.1939917	-1.9753537	-4.1278553	-1.9338636
BCCDDDCDCCDDDCDDABDDABCABDBACBDCDADDCBCACACBCBABCACBCDDCCBDBADDBBBBBBBCACACADAACCABABADBCCAAABBCCBB	['D10C', 'C19D', 'A33D', 'B41C', 'C46B', 'C54D', 'C55D', 'C62D', 'A63D', 'C67B', 'C69B', 'A71C', 'C72A', 'C82A']	14	-0.837935	-0.1267786	-2.7721758	-1.9342408
BCCDDDCDCDDDDCDDABCDABCABDBACBDCAADDCBCABACBCCABCACBCCCCCBDBACDBBBABCBACCACADAACCCBABADBCCAAABBCCBB	['A63D', 'C67A']	2	-3.7423916	-5.572498	-7.5074177	-1.9349198
BCCDDDCDCDDDDCDDABCDABCABDBACBDCAADDCBCABACBCDABCACBCCCCCBDBACDBBBCBCBACCACACAACCABABADBCBAABBBCCBB	['C46D', 'A63D', 'D77C', 'C82A', 'C90B', 'A93B']	6	-1.9764652	-3.2136478	-5.148615	-1.934967
BCCDDDCDCDDDDCDDABCDABCABDBACDDCAADDCBCABACBCCABCACBCCCCCBDBACDBBBCBCBACCACADAACCCBABADCCCAAABBCCBB	['B30D', 'A63D', 'B88C']	3	-3.743299	-7.2262297	-9.162059	-1.9358292
BCCDDDCDCDDDDCCDABCAABCABDBACDDCAACCCBBABACBCCABCACBCCCCCBDBACDBBBCBCBACCACADAACCCBABADCCCAAABBCCBB	['D15C', 'D20A', 'B30D', 'D35C', 'D36C', 'C39B', 'A63D', 'B88C']	8	-3.7434096	-7.950039	-9.885972	-1.9359331
BCCDDDCDCDDDDCDDABCDABCABDBACBDCAADDCBCABACBCCABCACBCCCCCBDBACBBBBCBCBCCCACADAACCCBABADBCCAAABBCCBB	['A63B', 'A71C']	2	-3.7438583	-4.995222	-6.93161	-1.936388
BCCDDDCDCDDDDDDDABCDABCABDBACBDCAADDCBCABACBCCABCACBCCCCCBDBACDBBBCBCBACCACACAACCCBABADBCCAABBBCCBB	['C14D', 'A63D', 'D77C', 'A93B']	4	-3.7440128	-5.581972	-7.5185137	-1.9365416
BCCDDDCDCDDDDDDDABCDABCABDBACBDCAADDCBCABACBCCABCACBCCCCCBDBACDBBBCBCBACCACACAACCCBABADBCCAABBBCCBB	['C14D', 'A63D', 'D77C', 'A93B']	4	-3.7440128	-5.581972	-7.5185137	-1.9365416
BCCDDDCDCDDDDCDDABCDABCABDBACBDCAADDCBAABACBCCABCACBCCCCCBDBACDBBBCBCBCCCACADAACCCBABADBCCAAABBCCBB	['C39A', 'A63D', 'A71C']	3	-3.7448711	-4.630463	-6.5678644	-1.9374013
BCCDDDCDCDDDDCCDABCDABCABDBACBDCAADDCBCABACBCCABCACBCCCCCBDBACABBBCBCBADCACACAACCCBABADBCCAABBBCCBB	['D15C', 'C72D', 'D77C', 'A93B']	4	-3.7454386	-6.3019385	-8.239902	-1.937963
BCCDDDCDCCDDBCDDABCDABCABDBACBDCAADDCBCABACBCDABCACBCCCCCBDBADDBBBCBCBBCCACACAACCCBBBADBABAABBBCCBB	['D10C', 'D13B', 'C46D', 'C62D', 'A63D', 'A71B', 'D77C', 'A84B', 'C89A', 'C90B', 'A93B']	11	-1.9795704	-3.7037125	-5.6417885	-1.938076
BCCDDDCDCCDDBCDDABCDABCABDBACBDCAADDCBCABACBCDABCACBCCCCCBDBADDBBBCBCBBCCACACAACCCBBBADBABAABBBCCBB	['D10C', 'D13B', 'C46D', 'C62D', 'A63D', 'A71B', 'D77C', 'A84B', 'C89A', 'C90B', 'A93B']	11	-1.9795704	-3.7037125	-5.6417885	-1.938076
BCCDDDCDCCDBDCCDABBDABCABDBACBDCAADACBCABACBCCAACACBCCCCCBDBADCBBCCBCBBCCACADAACCCBABADBCCAAABBCCBB	['D10C', 'D12B', 'D15C', 'C19B', 'D36A', 'B48A', 'C62D', 'A63C', 'B66C', 'A71B']	10	-3.7460136	-5.0564322	-6.994972	-1.93854
BCCDDDCDCDDDDCDDABCDABCABDBACBDCAADACBCABACBCCABCACBCCCCCBDBADAABBCBCBACCACADAACCDBABADBCCAAABBCCBB	['D36A', 'C62D', 'B64A', 'C82D']	4	-3.7477574	-6.2255306	-8.165815	-1.9402847
BCCDDDCDCDDDDCDDABCDABCABDBACBDCAADACBCABACBCCABCACBCCCCCBDBADAABBCBCBACCACADAACCDBABADBCCAAABBCCBB	['D36A', 'C62D', 'B64A', 'C82D']	4	-3.7477574	-6.2255306	-8.165815	-1.9402847
BCCDDDCDCDDDBCDDABBDABCABDBACBDCAADDABCABACBCCABCACBCCCCCBDBACACBBCBCBACCACACAACCCBABADBCCAAABBCCBA	['D13B', 'C19B', 'C37A', 'B64C', 'D77C', 'B99A']	6	-3.748394	-6.070887	-8.011813	-1.9409261
BCCDDDCDCBCDBDCDABCAABCABDBACBDCAADDCBCABACBCDABCACBCDCCCBDBADDBBBCBCBBBBACADAACCCBBBADBCBAAABBCCBB	['D10B', 'D11C', 'D13B', 'C14D', 'D15C', 'D20A', 'C46D', 'C54D', 'C62D', 'A63D', 'A71B', 'C72B', 'C73B', 'A84B', 'C90B']	15	-2.4610853	-1.9837193	-4.403308	-1.9422226
BCCDDDCDCDDDDCDDABCDABCABDBACBDCAADDCBCABABBCCABCACBCCCCCBDBADDBBBCBCBACCACADAACCCBABADBCCAABBBCCBB	['C43B', 'C62D', 'A63D', 'A93B']	4	-3.7512007	-5.401351	-7.3450785	-1.9437275
BCCDDDCDCCDDDCDDABAAABCABDBACBDCAADDCBCACACBCDABCACBCCCCCBDBACDBBBCBCAABDACADAACCCBABADBCBAABBBCCBB	['D10C', 'C19A', 'D20A', 'B41C', 'C46D', 'A63D', 'B70A', 'C72B', 'C73D', 'C90B', 'A93B']	11	-3.0520458	-1.9854317	-4.9959784	-1.9439325
BCCDDDCDCDDDDCDDABCDABCABDBACBDCAADACBCABACBCCABCACBCCCCCBDBADDDBBCBCBADCACADAACCCBABADBCCAAABBCCBB	['D36A', 'C62D', 'A63D', 'B64D', 'C72D']	5	-3.7526236	-5.53926	-7.484413	-1.9451532
BCCDDDCDCDDDDCDDACCDABCABDBACBDCAACDBBCABACBCCABCACBCCCCDBDCACDCBBCBCBADCACADAACCCBABADBCCAABBBCCBB	['B18C', 'D35C', 'C37B', 'C57D', 'B60C', 'A63D', 'B64C', 'C72D', 'A93B']	9	-4.5099792	-3.7540183	-6.456524	-1.9465446
BCCDDDCDCCDDDCDDABBDABCABDBACBDCAADDCBCACACBCBAACACBCDDCCBDBACBBBBCBCBACCACACAACCBBABADBCCAABBBCCBB	['D10C', 'C19B', 'B41C', 'C46B', 'B48A', 'C54D', 'C55D', 'A63B', 'D77C', 'C82B', 'A93B']	11	-0.13997364	-2.5388374	-4.486274	-1.9474363
BCCDDDCDCDDBDCDDABBDABCABDBACBDCAADDCBCABACBCCABCACBCCCCCBDBACCCBBCBCBACCACADAACCCBABADBCCAAABBCCBB	['D12B', 'C19B', 'A63C', 'B64C']	4	-3.7557993	-5.138279	-7.086605	-1.9483261
BCCDDDCDCDDBDCDDABBDABCABDBACBDCAADDCBCABACBCCABCACBCCCCCBDBACCCBBCBCBACCACADAACCCBABADBCCAAABBCCBB	['D12B', 'C19B', 'A63C', 'B64C']	4	-3.7557993	-5.138279	-7.086605	-1.9483261
BCCDDDCDCDDBDCDDABBDABCABDBACBDCAADDCBCABACBCCABCACBCCCCCBDBACCCBBCBCBACCACADAACCCBABADBCCAAABBCCBB	['D12B', 'C19B', 'A63C', 'B64C']	4	-3.7557993	-5.138279	-7.086605	-1.9483261
BCCDDDCDCDDDDCDDABCDABCABDBACBDCAADDCBCABACBCCABCACBCCCCCBDCCCDBBBCBCBACCACACAACCCBABADBCCAABBBCCBB	['B60C', 'A61C', 'A63D', 'D77C', 'A93B']	5	-3.7562695	-4.9473553	-6.8961535	-1.9487982
BCCDDDCDCDDDDCCDABCDABCABDBACBDCAADDCBCACACBCCABCACBCCCCCBDBACBBBBCBCBACCACADAACCCBABADBCCAAABBCCBB	['D15C', 'B41C', 'A63B']	3	-3.7570238	-4.7009993	-6.650549	-1.9495497
BCCDDDCDCDDDDCDDABCDABCABDBACBDCAADDABCABACBCCABCACBCCCCCBDBACDBBBCBCBACCACADAACCCBABADBCCAAABBCCBB	['C37A', 'A63D']	2	-3.757022	-5.6849704	-7.6345205	-1.9495502
BCCDDDCDCDDDDCDDABCDABCABDBACBDCAADDABCABACBCCABCACBCCCCCBDBACDBBBCBCBACCACADAACCCBABADBCCAAABBCCBB	['C37A', 'A63D']	2	-3.757022	-5.6849704	-7.6345205	-1.9495502
BCCDDDCDCDDDDCDDABCDABCABDBACBDCAADDABCABACBCCABCACBCCCCCBDBACDBBBCBCBACCACADAACCCBABADBCCAAABBCCBB	['C37A', 'A63D']	2	-3.757022	-5.6849704	-7.6345205	-1.9495502
BCCDDDCDCDDDDCDDABCDABCABDBACBDCAADDABCABACBCCABCACBCCCCCBDBACDBBBCBCBACCACADAACCCBABADBCCAAABBCCBB	['C37A', 'A63D']	2	-3.757022	-5.6849704	-7.6345205	-1.9495502
BCCDDDCDCDDDDCDDABCDABCABDBACBDCAADDABCABACBCCABCACBCCCCCBDBACDBBBCBCBACCACADAACCCBABADBCCAAABBCCBB	['C37A', 'A63D']	2	-3.757022	-5.6849704	-7.6345205	-1.9495502
BCCDDDCDCDDDDCDDABCDABCABDBACBDCAADDABCABACBCCABCACBCCCCCBDBACDBBBCBCBACCACADAACCCBABADBCCAAABBCCBB	['C37A', 'A63D']	2	-3.757022	-5.6849704	-7.6345205	-1.9495502
BCCDDDCDCDDDDCDDABCDABCABDBACBDCAADDABCABACBCCABCACBCCCCCBDBACDBBBCBCBACCACADAACCCBABADBCCAAABBCCBB	['C37A', 'A63D']	2	-3.757022	-5.6849704	-7.6345205	-1.9495502
AAADDDCDCDDBDCDDABCDABCABDBACBDCAADDCBCABACBCCABCACBCCCCCBDBACCBBBCBCBACCACACAACCCBABADBCCAAABBCCBB	['B1A', 'C2A', 'C3A', 'D12B', 'A63C', 'D77C']	6	-3.7572947	-4.9547086	-6.9045277	-1.9498191
BCCDDDCDCDDDBCCDABCDABCABDBACBDCAADDCBCACACBCCABCACBCCCCCBDBACACBBCBCBACCACADAACCCBABADBCCAAABBCCBB	['D13B', 'D15C', 'B41C', 'B64C']	4	-3.757471	-5.596436	-7.5464325	-1.9499965
BCCDDDCDCDDDBCCDABCDABCABDBACBDCAADDCBCACACBCCABCACBCCCCCBDBACACBBCBCBACCACADAACCCBABADBCCAAABBCCBB	['D13B', 'D15C', 'B41C', 'B64C']	4	-3.757471	-5.596436	-7.5464325	-1.9499965
BCCDDDCDCBDDBCDDABCDABCABDBACDDCBADDCBCABACBBCABCACBCBCCCBDCCDDBBBCBCBACCACACAACCCBABADCCCAABBBCCBB	['D10B', 'D13B', 'B30D', 'A33B', 'C45B', 'C54B', 'B60C', 'A61C', 'C62D', 'A63D', 'D77C', 'B88C', 'A93B']	13	-3.7576947	-6.7937427	-8.74396	-1.9502177
BCCDDDCDCDDDDCDDABCDABCABDBACBDCAADDABCABACBCCABCACBCCCCCBDBACBBBBCBCBACCACACAACCCBABADBCCAABBBCCBB	['C37A', 'A63B', 'D77C', 'A93B']	4	-3.7582912	-5.7417126	-7.6925335	-1.9508209
BCCDDDCDCDDDDCDDABCDABCABDBACBDCAACABBCABACBCCABCACBCCCCDBDBADDBBBCBCBACCACACAACCCBABADBCCAABBBCCBB	['D35C', 'D36A', 'C37B', 'C57D', 'C62D', 'A63D', 'D77C', 'A93B']	8	-4.64534	-3.7596068	-6.597473	-1.9521332
BCCDDDCDCADDDCDDABCDABCABDBACBDCAACDBBCABACBCCABCACBCCCCCBDBACBBBBCBCBACCACADAACCCBABADBCCAAABBCCBB	['D10A', 'D35C', 'C37B', 'A63B']	4	-3.7601757	-4.3332405	-6.285941	-1.9527006
AAADDDCDCDDDBCDDABCDABCABDBACBDCAADDABCABACBCCABCACBCCCCCBDBACDBBBCBCBABCACACAACCCBABADBCCAABBBCCBB	['B1A', 'C2A', 'C3A', 'D13B', 'C37A', 'A63D', 'C72B', 'D77C', 'A93B']	9	-3.7609024	-4.9556613	-6.909089	-1.9534278
AAADDDCDCDDDDCDDABCDABCABDBACBDCAACDCBCABACBCCABCACBCCCCCBDBACDBBBCBCBCCCACACAACCCBABADBCCAAABBCCBB	['B1A', 'C2A', 'C3A', 'D35C', 'A63D', 'A71C', 'D77C']	7	-3.76192	-4.780216	-6.734662	-1.9544458
BCCDDDCDCDDDDCDDABCCABCABDBACBDCAADABBCABACBCBABCACBCCDCCBDBADBBBBCBCBACCCCADAACCBBABADBCCAAABBCCBB	['D20C', 'D36A', 'C37B', 'C46B', 'C55D', 'C62D', 'A63B', 'A74C', 'C82B']	9	-0.14737988	-1.5729017	-3.527748	-1.9548464
BCCDDDCDCADDBDDDABBDABCABDBACBDCAADDCBCABACBCCABCACBCCCCCBDBACDBBBCBCBACCACADAACCCBABADBCCAAABBCCBB	['D10A', 'D13B', 'C14D', 'C19B', 'A63D']	5	-3.7635736	-4.4737425	-6.429838	-1.9560957
BCCDDDCDCADDBDDDABBDABCABDBACBDCAADDCBCABACBCCABCACBCCCCCBDBACDBBBCBCBACCACADAACCCBABADBCCAAABBCCBB	['D10A', 'D13B', 'C14D', 'C19B', 'A63D']	5	-3.7635736	-4.4737425	-6.429838	-1.9560957
BCCDDDCDCDDDDCDDABCDABCABDBACBDCAACDCBCABACBCCABCACBCCCCCBDBACDBBBCBCBACCACACAACCCBABADBCCAABBBCCBB	['D35C', 'A63D', 'D77C', 'A93B']	4	-3.7650814	-5.6731253	-7.6307325	-1.9576073
BCCDDDCDCDDDDCDDABCDABCABDBACBDCAACDCBCABACBCCABCACBCCCCCBDBACDBBBCBCBACCACACAACCCBABADBCCAABBBCCBB	['D35C', 'A63D', 'D77C', 'A93B']	4	-3.7650814	-5.6731253	-7.6307325	-1.9576073
BCCDDDCDCDDDDCDDABCDABCABDBACBDCAACDCBCABACBCCABCACBCCCCCBDBACDBBBCBCBACCACACAACCCBABADBCCAABBBCCBB	['D35C', 'A63D', 'D77C', 'A93B']	4	-3.7650814	-5.6731253	-7.6307325	-1.9576073
BCCDDDCDCDDDDCDDABCDABCABDBACBDCAACDCBCABACBCCABCACBCCCCCBDBACDBBBCBCBACCACACAACCCBABADBCCAABBBCCBB	['D35C', 'A63D', 'D77C', 'A93B']	4	-3.7650814	-5.6731253	-7.6307325	-1.9576073
BCCDDDCDCDDDDCDDABCDABCABDBACBDCAACDCBCABACBCCABCACBCCCCCBDBACDBBBCBCBACCACACAACCCBABADBCCAABBBCCBB	['D35C', 'A63D', 'D77C', 'A93B']	4	-3.7650814	-5.6731253	-7.6307325	-1.9576073
BCCDDDCDCDDDDCDDABCDABCABDBACBDCAADDCBCABACBCCABCACBCCCCCBDBADDBBBBBABACCACACAACCCBABADBCCAABBBCCBB	['C62D', 'A63D', 'C67B', 'C69A', 'D77C', 'A93B']	6	-3.7651825	-4.850059	-6.807767	-1.9577079
BCCDDDCDCBDDDCDDABCDABCABDBACBDCAAAACBCABACBCBABCACBCCCCDBDBCDDBDBCBCBBCCACADAACCCBABADBCBAABBBCCBB	['D10B', 'D35A', 'D36A', 'C46B', 'C57D', 'A61C', 'C62D', 'A63D', 'B65D', 'A71B', 'C90B', 'A93B']	12	-2.978642	-1.9580584	-4.936693	-1.9580512
BCCDDDCDCDDDDCDDABADABCABDBACBDCAADDABCABACBCCABCACBCCCCCBDBACDBBBCBCBACCACADAACCCBABADBCCAAABBCCBB	['C19A', 'C37A', 'A63D']	3	-3.7661028	-5.135337	-7.0939674	-1.9586306
BCCDDDCDCDDDDDDDABCDABCABDBACBDCCADDCBCABACBCCABCACBCCCCCBDBADDBABCBCBCCCACADAACCCBABADBCCAABBBCCBB	['C14D', 'A33C', 'C62D', 'A63D', 'B65A', 'A71C', 'A93B']	7	-3.7665262	-4.7618604	-6.720914	-1.9590535
BCCDDDCDCDDDBCDDABCDABCABDBACDDCAACACBCABACBCCABCACBCCCCCBDBADDCBBCBCBACCACADAACCCBABADCCBAAABBCCBB	['D13B', 'B30D', 'D35C', 'D36A', 'C62D', 'A63D', 'B64C', 'B88C', 'C90B']	9	-3.7679043	-6.986998	-8.947428	-1.9604297
BCCDDDCDCADDBCDDABBDABCABDBACBDCAADDCBCABACBCDABCACBCCCCCBDBACDBBBCBCBACAACADAACCCBABADBCBAAABBCCBB	['D10A', 'D13B', 'C19B', 'C46D', 'A63D', 'C73A', 'C90B']	7	-2.427206	-2.0019655	-4.3876696	-1.9604635
BCCDDDCDCDDDDCDDABCDABCABDBACBDCAACDABCABACBCCABCACBCCCCCBDBACDDBBCBCBACCACADAACCCBABADBCCAAABBCCBB	['D35C', 'C37A', 'A63D', 'B64D']	4	-3.768588	-6.000652	-7.961769	-1.9611173
BCCDDDCDCCDDDCDDABCCABAABDBACBDCAACABBCABACBCDAACACBCACCCBDBADDBBBCBCBBACACACAACCBBABADBCCAABBBCCBB	['D10C', 'D20C', 'C23A', 'D35C', 'D36A', 'C37B', 'C46D', 'B48A', 'C54A', 'C62D', 'A63D', 'A71B', 'C72A', 'D77C', 'C82B', 'A93B']	16	-2.0030317	-3.1962996	-5.157836	-1.9615364
BCCDDDCDCDDDDCDDABCDABCABDBACDDCAADDCBCABACBCCABCACBCCCCCBDBACDBBBCBCBACCACADAACCCBABADBCCAABBBCCBB	['B30D', 'A63D', 'A93B']	3	-3.77044	-6.8858128	-8.848782	-1.9629688
BCCDDDCDCDDDDCDDABCDABCABDBACDDCAADDCBCABACBCCABCACBCCCCCBDBACDBBBCBCBACCACADAACCCBABADBCCAABBBCCBB	['B30D', 'A63D', 'A93B']	3	-3.77044	-6.8858128	-8.848782	-1.9629688
BCCDDDCDCCDDBCDDABCDABCABDBACBDCAADDABCABACBCCABCACBCCCCDBDBACDBBBCBCBACCACADAACCCBABADBCCAAABBCCBB	['D10C', 'D13B', 'C37A', 'C57D', 'A63D']	5	-3.7705574	-4.108051	-6.0711317	-1.9630809
BCCDDDCDCCDDDCDDABCCABCABDBACBDCAADABBCACACBCBABCACBBCDCCBDBACDBBBCBCBCCCACADAACCBBABADBCBAAABBCCBB	['D10C', 'D20C', 'D36A', 'C37B', 'B41C', 'C46B', 'C53B', 'C55D', 'A63D', 'A71C', 'C82B', 'C90B']	12	-0.15714407	-1.0012884	-2.9658918	-1.9646034
BCCDDDCDCDDDDCDDABCDABCABDBACBDCAACDBBCABACBCCABCACBCCCCCBDBADDBBBCBBBCCCACADAACCCBABADBCCAAABBCCBB	['D35C', 'C37B', 'C62D', 'A63D', 'C69B', 'A71C']	6	-4.9586306	-3.775558	-6.9267178	-1.9680872
BCCDDDCDCDDDDCDDABCDABCABDBACBDCAADDCBCABABBCCABCACBCCCCCBDBADDBBBCBCBACCACACAACCCBABADBCCAABBBCCBB	['C43B', 'C62D', 'A63D', 'D77C', 'A93B']	5	-3.776352	-5.318525	-7.287405	-1.9688802
AAADDDCDCBDDBCCDABCAABCABDBACBDCAACACBCABACBCDABCACBCDCCCBDBACABBBCBCBADCACADAACCCBBBADBBBAAABBCCBB	['B1A', 'C2A', 'C3A', 'D10B', 'D13B', 'D15C', 'D20A', 'D35C', 'D36A', 'C46D', 'C54D', 'C72D', 'A84B', 'C89B', 'C90B']	15	-2.0104475	-4.7248454	-6.693798	-1.9689527
BCCDDDCDCDDDDCDDABCDABCABDBACBDCAADDABCACACBCCABCACBCCCCCBDBACDBBBCBCBACCACADAACCCBABADBCCAABBBCCBB	['C37A', 'B41C', 'A63D', 'A93B']	4	-3.7772856	-5.634749	-7.6045628	-1.9698138
AAADDDCDCCDDBCDDABCAABCABDBACBDCAADDCBAACACBCDABCACBCDDCCCDBACDBBBCBBBCCCACADAACCCBBBADBACADABBCCBB	['B1A', 'C2A', 'C3A', 'D10C', 'D13B', 'D20A', 'C39A', 'B41C', 'C46D', 'C54D', 'C55D', 'B58C', 'A63D', 'C69B', 'A71C', 'A84B', 'C89A', 'A92D']	18	-0.20456362	-1.2961645	-3.2667017	-1.9705372
BCCDDDCDCCDDDCCDABBDABCABDBACBDCAADDABCACABBCDABCACBCCCCCBDBADDCBBBBCBACDACADAACCCBABADBCBAABBBCCBB	['D10C', 'D15C', 'C19B', 'C37A', 'B41C', 'C43B', 'C46D', 'C62D', 'A63D', 'B64C', 'C67B', 'C73D', 'C90B', 'A93B']	14	-3.4960055	-2.0135508	-5.4680595	-1.972054
BCCDDDCDCDDDBCDDABCAABCABDBACBDCAACACBCABACBCCABCACBCCCCCBDBADDBBBCBCBCCCACADAACCCBABADBCBAAABBCCBB	['D13B', 'D20A', 'D35C', 'D36A', 'C62D', 'A63D', 'A71C', 'C90B']	8	-3.7797494	-4.832437	-6.8047132	-1.9722762
BCCDDDCDCDDDDCDDABCDABCABDBACBDCAADDABCABACBCCABCACBCCCCCBDBADDBBBCBCBACCACADAACCCBABADBCCAAABBCCBB	['C37A', 'C62D', 'A63D']	3	-3.7818289	-5.2414327	-7.21579	-1.9743571
BCCDDDCDCCDDBCDDABCCABCABDBACBDCAADDCBCABACBCCABCACBCCCCCBDBACDBDBCBCBACCACADAACCCBABADBCCAAABBCCBB	['D10C', 'D13B', 'D20C', 'A63D', 'B65D']	5	-3.782652	-5.188573	-7.163746	-1.975173
BCCDDDCDCDDDDCDDABCDABCABDBACBDCAACDCBCABACBCCABCACBCCCCCBDBACDBBBCBCBADCACACAACCCBABADBCCAABBBCCBB	['D35C', 'A63D', 'C72D', 'D77C', 'A93B']	5	-3.783743	-5.750372	-7.7266407	-1.9762688
BCCDDDCDCDDDDCDDABCDABCABDBACBDCAACDCBCABACBCCABCACBCCCCCBDBACDBBBCBCBADCACACAACCCBABADBCCAABBBCCBB	['D35C', 'A63D', 'C72D', 'D77C', 'A93B']	5	-3.783743	-5.750372	-7.7266407	-1.9762688
BCCDDDCDCDDDDCDDABCDABCABDBACBDCAACDCBCABACBCCABCACBCCCCCBDBACDBBBCBCBADCACACAACCCBABADBCCAABBBCCBB	['D35C', 'A63D', 'C72D', 'D77C', 'A93B']	5	-3.783743	-5.750372	-7.7266407	-1.9762688
BCCDDDCDCDDDDCDDABCDABCABDBACBDCAACDCBCABACBCCABCACBCCCCCBDBACDBBBCBCBADCACACAACCCBABADBCCAABBBCCBB	['D35C', 'A63D', 'C72D', 'D77C', 'A93B']	5	-3.783743	-5.750372	-7.7266407	-1.9762688
BCCDDDCDCCDDDCDDABCDABCABDBACBDCAACDCBAABACBCCABCACBCCCCCBDBADDBBBCBCBCCCACADAACCCBABADBCCAAABBCCBB	['D10C', 'D35C', 'C39A', 'C62D', 'A63D', 'A71C']	6	-3.7844687	-4.0131836	-5.990177	-1.9769936
BCCDDDCDCDDDDCCDABCDABCABDBACBDCAADACBCABACBCCABCACBCCCCCBDBADDBBBCBCBACCACADAACCCBABADBCCAAABBCCBB	['D15C', 'D36A', 'C62D', 'A63D']	4	-3.7845898	-5.1778016	-7.154917	-1.9771152
BCCDDDCDCCDDDCCDABCDABCABDBACBDCAADBABCABACBCCABCACBCCCCCBDBADABBBCBCBACCACADAACCCBABADBCCAABBBCCBB	['D10C', 'D15C', 'D36B', 'C37A', 'C62D', 'A93B']	6	-3.7851524	-6.296954	-8.274635	-1.9776812
BCCDDDCDCBDDDCDDABCAABCABDBACBDCAADDCBCABACBCDABCACBCBCCCBDBACDBBBCBCBBCDACACAACCCBABADBCCAAABBCCBB	['D10B', 'D20A', 'C46D', 'C54B', 'A63D', 'A71B', 'C73D', 'D77C']	8	-2.0195928	-2.4983602	-4.476451	-1.9780908
BCCDDDCDCADDDCDDABCDABCABDBACDDCAADDCBCABACBCCABCACBCCCCCBDBADCBBBABCBACCACADAACCCBABADBCCAAABBCCBB	['D10A', 'B30D', 'C62D', 'A63C', 'C67A']	5	-3.7887917	-6.2130527	-8.194374	-1.9813213
BCCDDDCDCDDBDCDDABCDABCABDBACBDCAADDABCABACBCCABCACBCCCCCBDBACDBBBCBCBACCACADAACCCBABADBCCAAABBCCBB	['D12B', 'C37A', 'A63D']	3	-3.7904196	-5.4037595	-7.3867064	-1.9829469
BCCDDDCDCDDDDCCDABCDABCABDBACBDCAACDCBCABACBCCABCACBCCCCDBDBACDBBBBBDBACCACADAACCCBABADBCCAAABBCCBB	['D15C', 'D35C', 'C57D', 'A63D', 'C67B', 'C69D']	6	-4.129511	-3.7905655	-6.1126013	-1.9830904
BCCDDDCDCADDBCDDABBDABCABDBACBDCAADDCBCABACBCDABCACBCCCCCBDBACDBBBCBCBACDACADAACCCBABADBCBAAABBCCBB	['D10A', 'D13B', 'C19B', 'C46D', 'A63D', 'C73D', 'C90B']	7	-3.4989529	-2.0260859	-5.4835396	-1.9845867
BCCDDDCDCDDDDCDDABCDABCABDBACBDCAADDCBCABACBCCABCACBCCCCCBDBADDBBBABCBACCACACAACCCBABADBCCAAABBCCBB	['C62D', 'A63D', 'C67A', 'D77C']	4	-3.7923489	-5.046134	-7.0310125	-1.9848785
BCCDDDCDCDDDDCDDABCDABCABDBACBDCAACACBCABACBCCABCACBCCCCCBDBADCCBBCBCBACCACADAACCCBABADBCBAAABBCCBB	['D35C', 'D36A', 'C62D', 'A63C', 'B64C', 'C90B']	6	-3.7924743	-5.4798555	-7.464856	-1.9850006
BCCDDDCDCDDDDDDDABCDABCABDBACBDCAACDCBCABACBCCABCACBCCCCCBDBACDCBBCBCBACCACADAACCCBABADBCCAAABBCCBB	['C14D', 'D35C', 'A63D', 'B64C']	4	-3.792595	-5.4116673	-7.3967905	-1.9851232
BCCDDDCDCDDBDCDDABCDABCABDBACBDCAADDABCACACBCCABCACBCCCCCBDBACCCBBCBCBACCACADAACCCBABADBCCAAABBCCBB	['D12B', 'C37A', 'B41C', 'A63C', 'B64C']	5	-3.7928963	-5.427523	-7.4129457	-1.9854226
BCCDDDCDCDDBDCCDABCDABCABDBACBDCAADACBCABACBCCABCACBCCCCCBDBACDBBBCBCBACCACADAACCCBABADBCCAAABBCCBB	['D12B', 'D15C', 'D36A', 'A63D']	4	-3.7931805	-5.340128	-7.3258314	-1.9857035
AAADDDCDCDDDDCDDABCDABCABDBACBDCAACDBBCABACBCCABCACBCCCCCBDBACDBBBCBCBACCACADAACCCBABADBCCAABBBCCBB	['B1A', 'C2A', 'C3A', 'D35C', 'C37B', 'A63D', 'A93B']	7	-3.7932777	-4.978003	-6.9638033	-1.9858003
BCCDDDCDCDDDDCDDABCDABCABDBACBDCAADDCBCABACBCCABCACBCCCCCBDBADBBBBCBCBCCCACACAACCCBABADBCCAAABBCCBB	['C62D', 'A63B', 'A71C', 'D77C']	4	-3.7938147	-4.4688582	-6.455204	-1.9863458
BCCDDDCDCDDDDCCCABBAABCABDBACBDCAAAACBCABACBCCABCACBCCCCDBDBADCBBBCBCCACCCCADAACCCBABADBCCAABBBCCBB	['D15C', 'D16C', 'C19B', 'D20A', 'D35A', 'D36A', 'C57D', 'C62D', 'A63C', 'B70C', 'A74C', 'A93B']	12	-4.628518	-3.7942095	-6.6152534	-1.9867353
BCCDDDCDCDDDDCDDABCCABCABDBACBDCAADABBCABACBCCABCACBCCCCCBDBADDBBBCBCBDCDACADAACCCBBBADBCBAABBBCCBB	['D20C', 'D36A', 'C37B', 'C62D', 'A63D', 'A71D', 'C73D', 'A84B', 'C90B', 'A93B']	10	-3.7944627	-4.603006	-6.5899906	-1.9869847
BCCDDDCDCDDBDCDDABCDABCABDBACBDCDADDCBCABACBCCABCACBCCCCCBDBACDCBBCBABACCACADAACCCBABADBCCAABBBCCBB	['D12B', 'A33D', 'A63D', 'B64C', 'C69A', 'A93B']	6	-3.7945766	-4.928097	-6.9151955	-1.9870987
BCCDDDCDCDDDDDDDABCDABCABDBACBDCAACDABCACACBCCABCACBCCCCDBDCACDCBBCBCBACCACADAACCCBABADBCCAAABBCCBB	['C14D', 'D35C', 'C37A', 'B41C', 'C57D', 'B60C', 'A63D', 'B64C']	8	-4.786763	-3.7947788	-6.77407	-1.9873066
BCCDDDCDCDADDCCBABCDABCABDBACDDCAADDCBCABABBCCABCACBCCCCCBDBACDBBBCBABACCACADAACCCBABADBCCAABBBCCBB	['D11A', 'D15C', 'D16B', 'B30D', 'C43B', 'A63D', 'C69A', 'A93B']	8	-3.795167	-6.382543	-8.370238	-1.9876952
BCCDDDCDCCDDDCDBABCCABCABDBACBDCAADABBCACACBCDBBCACBCCCCCBDBDDDBBBBBCBBCCACCDAACCCBABADBCCAABBBCCBB	['D10C', 'D16B', 'D20C', 'D36A', 'C37B', 'B41C', 'C46D', 'A47B', 'A61D', 'C62D', 'A63D', 'C67B', 'A71B', 'A76C', 'A93B']	15	-2.6956868	-2.0301437	-4.6843367	-1.9886498
BCCDDDCDCCDDDDDDABCDABCABDBACBDCAADDABCACACBCCABCACBCCCCCBDBACDBBBCBCBACCACACAACCCBABADBCCAABBBCCBB	['D10C', 'C14D', 'C37A', 'B41C', 'A63D', 'D77C', 'A93B']	7	-3.7961578	-5.287029	-7.275712	-1.9886832
BCCDDDCDCDDDBCDDABBDABCABDBACBDCAADDCBCABACBCCABCACBCCCCCBDBACDBBBCBCBCCCACACAACCCBABADBCCAABBBCCBB	['D13B', 'C19B', 'A63D', 'A71C', 'D77C', 'A93B']	6	-3.796485	-5.1304216	-7.1194353	-1.9890137
BCCDDDCDCDDDBCDDABBDABCABDBACBDCAADDCBCABACBCCABCACBCCCCCBDBACDBBBCBCBCCCACACAACCCBABADBCCAABBBCCBB	['D13B', 'C19B', 'A63D', 'A71C', 'D77C', 'A93B']	6	-3.796485	-5.1304216	-7.1194353	-1.9890137
BCCDDDCDCCDDDCCDABCDABCABDBACDDCAADDCBCABACBCCABCACBCCCCCBDBADABBBCBCBACCACACAACCCBABADBCCAABBBCCBB	['D10C', 'D15C', 'B30D', 'C62D', 'D77C', 'A93B']	6	-3.7968826	-6.7372737	-8.726682	-1.989408
BCCDDDCDCCDDBCDDABCDABCABDBACBDCAADACBCABACBCCABCACBCCCCCBDBACDBBBCBCBACCACADAACCCBABADBCCAAABBCCBB	['D10C', 'D13B', 'D36A', 'A63D']	4	-3.7970219	-5.4124584	-7.4020042	-1.9895458
AAADDDCDCCADDCCDABCDABCABDBACBDCAADDCBCABACBCDABCCCBBCCCCBDBACDBBBCBCBBCCACADAACCCBABADBCBAAABBCCBB	['B1A', 'C2A', 'C3A', 'D10C', 'D11A', 'D15C', 'C46D', 'A50C', 'C53B', 'A63D', 'A71B', 'C90B']	12	-2.257141	-2.0312862	-4.246931	-1.98979
BCCDDDCDCDDDDCDDABCDABCABDBACBDCAADDCBCABACBCCABCACBCCCCCBDBACBBBBCBCBACCACADAACCCBABADBCCAAABBCCBB	['A63B']	1	-3.7973566	-5.1238112	-7.113696	-1.9898849
BCCDDDCDCDDDDCDDABCDABCABDBACBDCAADDCBCABACBCCABCACBCCCCCBDBACBBBBCBCBACCACADAACCCBABADBCCAAABBCCBB	['A63B']	1	-3.7973566	-5.1238112	-7.113696	-1.9898849
BCCDDDCDCDDDDCDDABCDABCABDBACBDCAADDCBCABACBCCABCACBCCCCCBDBACBBBBCBCBACCACADAACCCBABADBCCAAABBCCBB	['A63B']	1	-3.7973566	-5.1238112	-7.113696	-1.9898849
BCCDDDCDCDDDDCDDABCDABCABDBACBDCAADDCBCABACBCCABCACBCCCCCBDBACBBBBCBCBACCACADAACCCBABADBCCAAABBCCBB	['A63B']	1	-3.7973566	-5.1238112	-7.113696	-1.9898849
BCCDDDCDCDDDDCDDABCDABCABDBACBDCAADDCBCABACBCCABCACBCCCCCBDBACBBBBCBCBACCACADAACCCBABADBCCAAABBCCBB	['A63B']	1	-3.7973566	-5.1238112	-7.113696	-1.9898849
BCCDDDCDCDDDBCDDABCDABCABDBACBDCAADDCBCABACBCCABCACBCCCCCBDBACACBBCBCBACCACADAACCCBABADBCCAAABBCCBB	['D13B', 'B64C']	2	-3.7978058	-6.019248	-8.0095825	-1.9903345
BCCDDDCDCDDDDCDDABCDABCABDBACDDCAACDCBCABACBCCABCACBCCCCDBDBACDBBBCBCBBCCACADAACCCBABADCCCAAABBCCBB	['B30D', 'D35C', 'C57D', 'A63D', 'A71B', 'B88C']	6	-3.7982726	-5.992643	-7.9834414	-1.9907985
BCCDDDCDCBDDDCDDABCAABCABDBACBDCAADABBCABACBCDBBCACBCDCCCBDBACDBBBCBABBDDACADAACCCBBCADBCBAABBBCCBB	['D10B', 'D20A', 'D36A', 'C37B', 'C46D', 'A47B', 'C54D', 'A63D', 'C69A', 'A71B', 'C72D', 'C73D', 'A84B', 'B85C', 'C90B', 'A93B']	16	-2.0327058	-2.7278376	-4.7190504	-1.9912128
BCCDDDCDCDDDDCDDABCDABCABDBACBDCAADDCBCABACBCCABCACBCCCCCBDBADDBBBCBCCACCBCACAACCCBABADBCCAAABBCCBB	['C62D', 'A63D', 'B70C', 'A74B', 'D77C']	5	-3.798791	-4.845822	-6.837144	-1.991322
BCCDDDCDCDDDDCDDABCDABCABDBACBDCAADDCBCABACBCCABCACBCCCCCBDBACACBBCBCBACCDCADAACCCBABADBCCAAABBCCBB	['B64C', 'A74D']	2	-3.7991352	-6.657595	-8.649261	-1.9916663
BCCDDDCDCDDDBCDDABCDABCABDBACDDCAADDCBCABACBCCABCACBCCCCCBDBACDBBBCBCBCCCACACAACCCBABADCCCAAABBCCBB	['D13B', 'B30D', 'A63D', 'A71C', 'D77C', 'B88C']	6	-3.7995934	-7.011144	-9.003268	-1.9921241
BCCDDDCDCDDDBCDDABCDABCABDBACDDCAADDCBCABACBCCABCACBCCCCCBDBACDBBBCBCBCCCACACAACCCBABADCCCAAABBCCBB	['D13B', 'B30D', 'A63D', 'A71C', 'D77C', 'B88C']	6	-3.7995934	-7.011144	-9.003268	-1.9921241
BCCDDDCDCDDDBCDDABCDABCABDBACDDCAADDCBCABACBCCABCACBCCCCCBDBACDBBBCBCBCCCACACAACCCBABADCCCAAABBCCBB	['D13B', 'B30D', 'A63D', 'A71C', 'D77C', 'B88C']	6	-3.7995934	-7.011144	-9.003268	-1.9921241
BCCDDDCDCBDDDCDDABCAABCABDBACBDCAACABBCABACBCDABCACBCDCCCBDCCDDBBBCBCBBCDACADAACCCBBCADBCCAABBBCCBB	['D10B', 'D20A', 'D35C', 'D36A', 'C37B', 'C46D', 'C54D', 'B60C', 'A61C', 'C62D', 'A63D', 'A71B', 'C73D', 'A84B', 'B85C', 'A93B']	16	-2.428153	-2.033958	-4.4206123	-1.9924593
BCCDDDCDCDDDDACDABCDABCABDBACBDCAADDCBCABACBCCABCACBCCCCCBDBACDBBBCBCBACCACADAACCCBABADBCCAAABBCCBB	['C14A', 'D15C', 'A63D']	3	-3.8004723	-5.424451	-7.417452	-1.993001
BCCDDDCDCCDDDCDDABCDABCABDBACBDCAADDCBCACACBCDAACACBCCCCDBDBACCBBBCBABCCCACADAACCBBABADBCBAABBBCCBB	['D10C', 'B41C', 'C46D', 'B48A', 'C57D', 'A63C', 'C69A', 'A71C', 'C82B', 'C90B', 'A93B']	11	-2.1957126	-2.034707	-4.188924	-1.9932113
BCCDDDCDCDDDDCCDABBDABCABDBACBDCAADDCBCABACBCCABCACBCCCCCBDBACACBBCBCBACCACACAACCCBABADBCCAAABBCCBB	['D15C', 'C19B', 'B64C', 'D77C']	4	-3.800767	-5.561118	-7.554412	-1.9932938
BCCDDDCDCDDDDCCDABBDABCABDBACBDCAADDCBCABACBCCABCACBCCCCCBDBACACBBCBCBACCACACAACCCBABADBCCAAABBCCBB	['D15C', 'C19B', 'B64C', 'D77C']	4	-3.800767	-5.561118	-7.554412	-1.9932938
BCCDDDCDCDDDDCDDABCDABCABDBACBDCAADDABCABACBCCABCACBCCCCCBDBACDBBBCBCBADCACACAACCCBABADBCCAAABBCCBB	['C37A', 'A63D', 'C72D', 'D77C']	4	-3.8008356	-5.679391	-7.672756	-1.9933653
BCCDDDCDCDDDBDDDAACDABCABDBACDDCAADDCBCABACBCCABCACBCCCCCBDBADCABBCBCBBCCACACAACCCBABADCCCAABBBCCBB	['D13B', 'C14D', 'B18A', 'B30D', 'C62D', 'A63C', 'B64A', 'A71B', 'D77C', 'B88C', 'A93B']	11	-3.8011422	-7.52121	-9.514879	-1.993669
BCCDDDCDCDDDDCDDABBDABCABDBACBDCAADDCBCABACBCCABCACBCCCCCBDBACCBBBCBCBAACACADAACCCBABADBCCAAABBCCBB	['C19B', 'A63C', 'C72A']	3	-3.8012466	-5.2605796	-7.2543516	-1.993772
BCCDDDCDCDDDDCCDABCDABCABDBACBDCAACACBCABACBCCABCACBCCCCCBDBADDBBBCBCAACCACADAACCCBABADBCCAAABBCCBB	['D15C', 'D35C', 'D36A', 'C62D', 'A63D', 'B70A']	6	-3.8017578	-5.847475	-7.841757	-1.9942818
BCCDDDCDCDDCDCDDABBDABCABDBACBDCAADDABCABACBCCABCACBCCCCCBDBACCBBBCBCBCACACACAACCCBABADBCCAABBBCCBB	['D12C', 'C19B', 'C37A', 'A63C', 'A71C', 'C72A', 'D77C', 'A93B']	8	-3.8018723	-5.5137734	-7.508175	-1.9944015
BCCDDDCDCDDDDCDDABCDABCABDBACBDCAADDABCACACBCCABCACBCCCCCBDBACDBBBCBCBACCACACAACCCBABADBCCAABBBCCBB	['C37A', 'B41C', 'A63D', 'D77C', 'A93B']	5	-3.8024359	-5.551923	-7.5468874	-1.9949646
BCCDDDCDCDDDDCDDABCDABCABDBACBDCAADDABCACACBCCABCACBCCCCCBDBACDBBBCBCBACCACACAACCCBABADBCCAABBBCCBB	['C37A', 'B41C', 'A63D', 'D77C', 'A93B']	5	-3.8024359	-5.551923	-7.5468874	-1.9949646
BCCDDDCDCDDDDCDDABCDABCABDBACBDCAACDBBCABABBCCABCACBCCCCCBDBACDCBBCBCBACCACADAACCCBABADBCCAABBBCCBB	['D35C', 'C37B', 'C43B', 'A63D', 'B64C', 'A93B']	6	-3.8031368	-5.5781293	-7.5737925	-1.9956632
BCCDDDCDCADDDCDDBBCDABCABDBACBDCAADDBBCABACBCCABCACBCCCCDBDCACDBBBCBCBACCACACAACCCBABADBCCAABBBCCBB	['D10A', 'A17B', 'C37B', 'C57D', 'B60C', 'A63D', 'D77C', 'A93B']	8	-4.2607813	-3.8032355	-6.2565413	-1.99576
BCCDDDCDCDDDDCDDABCDABCABDBACDDCAADDCBCABACBCCABCACBCCCCDBDBACDBBBCBCBACCACACAACCCBABADCCCAABBBCCBB	['B30D', 'C57D', 'A63D', 'D77C', 'B88C', 'A93B']	6	-3.805344	-6.1479573	-8.145827	-1.99787
BCCDDDCDCDDDBCDDABCCABCABDBACBDCAADABBCABACBCCABCACBCCCCCBDBADDCBBCBCBACCACADAACCCBABADBCCAAABBCCBB	['D13B', 'D20C', 'D36A', 'C37B', 'C62D', 'A63D', 'B64C']	7	-3.8053713	-4.6104665	-6.608364	-1.9978976
BCCDDDCDCCDBDCDDABCAABCABDBACBDCAADDCBCACACBCDABCACBCCCCCBDCADDBBBCBCBBCBACADAACCCBABADBCBAABBBCCBB	['D10C', 'D12B', 'D20A', 'B41C', 'C46D', 'B60C', 'C62D', 'A63D', 'A71B', 'C73B', 'C90B', 'A93B']	12	-2.9320946	-2.0402918	-4.930887	-1.9987926
BCCDDDCDCDDBDDCDABCDABCABDBACBDCAADDCBCABACBCCABCACBCCCCCBDBACACBBCBCBADCACADAACCCBABADBCCAAABBCCBB	['D12B', 'C14D', 'D15C', 'B64C', 'C72D']	5	-3.8063498	-5.7592707	-7.7581444	-1.9988737
BCCDDDCDCDDDDCDDABCDABCABDBACBDCAADCCBCABACBCCABCACBCCCCCBDBACDBBBCBCBACCACADAACCCBABADBCCAABBBCCBB	['D36C', 'A63D', 'A93B']	3	-3.80661	-5.91021	-7.9093494	-1.9991393
BCCDDDCDCDDDDCDDABCDABCABDBACBDCAADCCBCABACBCCABCACBCCCCCBDBACDBBBCBCBACCACADAACCCBABADBCCAABBBCCBB	['D36C', 'A63D', 'A93B']	3	-3.80661	-5.91021	-7.9093494	-1.9991393
BCCDDDCDCDDDBCCDABCDABCABDBACBDCAADDCBCACACBCCABCACBCCCCCBDBADACBBCBCBACCACACAACCCBABADBCCAAABBCCBB	['D13B', 'D15C', 'B41C', 'C62D', 'B64C', 'D77C']	6	-3.8074284	-5.070071	-7.0700283	-1.9999571
BCCDDDCDCDDDDCDDABCDABCABDBACBDCAADDCBCABACBCCABCACBCCCCCBDBACABBBCBCBACCACADAACCCBABADBCBAAABBCCBB	['C90B']	1	-3.8086047	-5.7638817	-7.7650137	-2.001132
BCCDDDCDCDDDDCDDABCDABCABDBACBDCAADDCBCABACBCCABCACBCCCCCBDBACABBBCBCBACCACADAACCCBABADBCBAAABBCCBB	['C90B']	1	-3.8086047	-5.7638817	-7.7650137	-2.001132
BCCDDDCDCDDBDCDDABBDABCABDBACBDCAADDCBCABABBCCABCACBCCCCCBDBACCBBBCBCBBCCACADAACCCBABADBCCAABBBCCBB	['D12B', 'C19B', 'C43B', 'A63C', 'A71B', 'A93B']	6	-3.8094025	-5.6462708	-7.648198	-2.0019274
BCCDDDCDCADBBCDDABCDABCABDBACBDCDADDCBCABACBCCABCACBCCCCCBDBACACBBCBCBACCACADAACCCBABADBCCAAABBCCBB	['D10A', 'D12B', 'D13B', 'A33D', 'B64C']	5	-3.809495	-4.7575216	-6.7595425	-2.0020208
BCCDDDCDCDDDDCDDABCDABCABDBACBDCAADDCBCABACBCCABCACBCCCCCBDBCDDBDBCBCBCCCACACAACCCBABADBCCAABBBCCBB	['A61C', 'C62D', 'A63D', 'B65D', 'A71C', 'D77C', 'A93B']	7	-3.8100405	-4.860175	-6.8627453	-2.0025702
AAADDDCDCBDDDCDDABBAABCABDBACBDCAADACBCABACBCDBBCACBCBCCCBDBBCDBBBCBCBBDDACADAACCCBBCADBCBAAABBCCBB	['B1A', 'C2A', 'C3A', 'D10B', 'C19B', 'D20A', 'D36A', 'C46D', 'A47B', 'C54B', 'A61B', 'A63D', 'A71B', 'C72D', 'C73D', 'A84B', 'B85C', 'C90B']	18	-2.0449414	-2.4694476	-4.4728966	-2.003449
BCCDDDCDCCDDDCDDABCDABCABDBACBDCDADDCBCACACBCCABCACBCCCCCBDBACDBBBCBCBACBACADAACCCBABADBCBAABBBCCBB	['D10C', 'A33D', 'B41C', 'A63D', 'C73B', 'C90B', 'A93B']	7	-3.8131242	-4.145652	-6.1512976	-2.0056458
BCCDDDCDCDDDDCDDABCDABCABDBACDDCAADDCBCACACBCCABCACBCCCCCBDBADDBBBCBCBACCACACAACCCBABADCCCAABBBCCBB	['B30D', 'B41C', 'C62D', 'A63D', 'D77C', 'B88C', 'A93B']	7	-3.81352	-6.6496444	-8.655692	-2.0060477
BCCDDDCDCDDCDCDDABCDABCABDBACBDCAADDABCABACBCCABCACBCCCCCBDBACACBBBBCBACCACACAACCCBABADBCCAABBBCCBB	['D12C', 'C37A', 'B64C', 'C67B', 'D77C', 'A93B']	6	-3.81355	-6.115114	-8.121193	-2.0060787
BCCDDDCDCDDDDCDDABBDABCABDBACBDCAACDCBCABACBCCABCACBCCCCCBDBACDCBBCBCBACCACADAACCCBABADBCCAAABBCCBB	['C19B', 'D35C', 'A63D', 'B64C']	4	-3.8139238	-5.092376	-7.0988264	-2.0064502
BCCDDDCDCBDDDCDDABCDABCABDBACBDCAADDCBCACACBCBABCACBCCCCCBDBADDBBBCBCBACCACACAACCCBACADCCBAABBBCCBB	['D10B', 'B41C', 'C46B', 'C62D', 'A63D', 'D77C', 'B85C', 'B88C', 'C90B', 'A93B']	10	-2.0067024	-2.9981966	-5.0048895	-2.006693
AAADDDCDCDDDDCDDABCDABCABDBACBDCAACDCBCABACBCCABCACBCCCCCBDBACDBBBCBCBACCACACAACCCBABADBCCAAABBCCBB	['B1A', 'C2A', 'C3A', 'D35C', 'A63D', 'D77C']	6	-3.8154182	-4.9088054	-6.916748	-2.0079427
BCCDDDCDCDDABDDDABCDABCABDBACBDCDADDABCACACBCCABCACBCCCCCCDBADDCBBCBCBACCACADAACCCBABADBCCACABBCCBB	['D12A', 'D13B', 'C14D', 'A33D', 'C37A', 'B41C', 'B58C', 'C62D', 'A63D', 'B64C', 'A92C']	11	-3.8154402	-4.5845146	-6.5924807	-2.007966
BCCDDDCDCDDDDCDDABCDABCABDBACBDCAADDCBCABACBCCABCACBCCCCCBDBACDBBBCBCBCBCACADAACCCBABADBCCAAABBCCBB	['A63D', 'A71C', 'C72B']	3	-3.8155928	-4.6095133	-6.6176357	-2.0081224
BCCDDDCDCDDADCDDABDDABCABDBACBDCAADDCBCABACBCCABCACBCCCCCBDBACDBBBCBCBACCACACAACCCBABADBCCAAABBCCBB	['D12A', 'C19D', 'A63D', 'D77C']	4	-3.8156452	-5.3349347	-7.34311	-2.0081754
BCCDDDCDCDDDDCDDABCDABCABDBACBDCAADDCBCABACBCCABCACBCCCCCBDBACBBBBCBCBADCACADAACCCBABADBCCAAABBCCBB	['A63B', 'C72D']	2	-3.81602	-5.201058	-7.209607	-2.0085492
BCCDDDCDCDDDBCDDABCDABCABDBACBDCAACACBCABACBCDABCCCBCCCCCBDBADDBBBCBCBBCCACCDAACCDBABADBCCAAABBCCBB	['D13B', 'D35C', 'D36A', 'C46D', 'A50C', 'C62D', 'A63D', 'A71B', 'A76C', 'C82D']	10	-2.0501318	-3.765571	-5.774208	-2.008637
BCCDDDCDCDDDDCDDABCDABCABDBACBDCAADACBCACACBCCABCACBCCCCCBDBADDCBBCBCBACCACADAACCCBABADBCCAAABBCCBB	['D36A', 'B41C', 'C62D', 'A63D', 'B64C']	5	-3.81639	-4.84298	-6.851898	-2.0089183
BCCDDDCDCCDDBDDDABCDABCABDBACBDCAADDCBCABACBCCABCACBCCCCCBDBACACBBCBCBACCACACAACCCBABADBCCAAABBCCBB	['D10C', 'D13B', 'C14D', 'B64C', 'D77C']	5	-3.8166766	-5.671529	-7.680731	-2.009202
BCCDDDCDCCDDDDDDABCDABCABDBACBDCAADDCBCABACBCBABCACBCCCCCBDBACBBBBCBCBACCACACAACCBBABADBCCAAABBCCBB	['D10C', 'C14D', 'C46B', 'A63B', 'D77C', 'C82B']	6	-2.0099573	-2.2093716	-4.2193203	-2.0099487
BCCDDDCDCCDDDCCDABCAABCABDBACBDCAADACBCACACBCDABCACBCCCCCBDBADDBBBCBCBABBACADAACCCBABADBCBAABBBCCBB	['D10C', 'D15C', 'D20A', 'D36A', 'B41C', 'C46D', 'C62D', 'A63D', 'C72B', 'C73B', 'C90B', 'A93B']	12	-3.4172912	-2.053074	-5.4288664	-2.0115752
BCCDDDCDCDDDDCCDABCDABCABDBACBDCAACDABCABACBCCABCACBCCCCCBDBACDBBBCBCBACCACADAACCCBABADBCCAAABBCCBB	['D15C', 'D35C', 'C37A', 'A63D']	4	-3.8192177	-5.7164397	-7.7281847	-2.011745
BCCDDDCDCADDBCDDABCAABCABDBACBDCDADAABCABACBCDBBCACBCCCCDBDBACDCBBCBCBACCACADAACCCBBBADBCCAAABBCCBB	['D10A', 'D13B', 'D20A', 'A33D', 'D36A', 'C37A', 'C46D', 'A47B', 'C57D', 'A63D', 'B64C', 'A84B']	12	-3.7647784	-2.0537987	-5.7770805	-2.0123022
BCCDDDCDCDDADCDDABCDABCABDBACBDCAADDCBCABACBCCABCACBCCCCCBDBACDDBBCBCBACCACADAACCCBABADBCCAAABBCCBB	['D12A', 'A63D', 'B64D']	3	-3.8202553	-5.741762	-7.754545	-2.012783
BCCDDDCDCDDDDCDDABCDABCABDBACBDCAADACBCABACBCCABCACBCCCCCBDBACDBBBCBCBACCACADAACCCBABADBCCAABBBCCBB	['D36A', 'A63D', 'A93B']	3	-3.8203802	-5.99393	-8.006838	-2.012908
BCCDDDCDCDDDDCDDABCDABCABDBACBDCAADDABCACACBCCABCACBCCCCCBDBACDBBBCBCBADCACACAACCCBABADBCCAABBBCCBB	['C37A', 'B41C', 'A63D', 'C72D', 'D77C', 'A93B']	6	-3.8210983	-5.6291695	-7.6427956	-2.013626
BCCDDDCDCDDDDCDDABCDABCABDBACBDCBADDABAABACBCCABCACBCCCCCBDBADACBBCBCBACCACACAACCCBABADBCCAAABBCCBB	['A33B', 'C37A', 'C39A', 'C62D', 'B64C', 'D77C']	6	-3.8220158	-5.224651	-7.239197	-2.014546
BCCDDDCDCDDDDCDDABCDABCABDBACBDCAADDCBCABACBCCABCACBCCCCCBDBACBBBBCBCBACCACACAACCCBABADBCCAAABBCCBB	['A63B', 'D77C']	2	-3.822507	-5.040985	-7.0560226	-2.0150375
AAADDDCDCDDBDCDDABBDABCABDBACBDCAADDCBCABACBCCABCACBCCCCCBDBACDBBBCBCBACCACADAACCCBABADBCCAAABBCCBB	['B1A', 'C2A', 'C3A', 'D12B', 'C19B', 'A63D']	6	-3.823924	-4.299977	-6.3164234	-2.0164466
AAADDDCDCDDDDCDDABCDABCABDBACBDCAADDCBCABACBCCABCACBCCCCCBDBACABBBCBCBACCACACAACCCBACADBCCAAABBCCBB	['B1A', 'C2A', 'C3A', 'D77C', 'B85C']	5	-3.8242297	-5.1660814	-7.1828375	-2.016756
AAADDDCDCDDDDCDDABCDABCABDBACBDCAADDCBCABACBCCABCACBCCCCCBDBACABBBCBCBACCACACAACCCBACADBCCAAABBCCBB	['B1A', 'C2A', 'C3A', 'D77C', 'B85C']	5	-3.8242297	-5.1660814	-7.1828375	-2.016756
BCCDDDCDCDDDDCDDABDDABCABDBACBDCAADDCBCABACBCCABCACBCCCCCBDBACABBBCBCBACCACADAACCCBABADBCCAAABBCCBB	['C19D']	1	-3.8253374	-5.9000835	-7.9179487	-2.0178652
BCCDDDCDCDDDDCDDABDDABCABDBACBDCAADDCBCABACBCCABCACBCCCCCBDBACABBBCBCBACCACADAACCCBABADBCCAAABBCCBB	['C19D']	1	-3.8253374	-5.9000835	-7.9179487	-2.0178652
BCCDDDCDCDDDDCDDABCDABCABDBACBDCAADDBBCABACBCCABCACBCCCCCBDBACBBBBCBCBACCACACAACCCBABADBCCAABBBCCBB	['C37B', 'A63B', 'D77C', 'A93B']	4	-3.8255157	-5.027356	-7.0453997	-2.0180435
BCCDDDCDCDDDDCDDABCDABCABDBACBDCAADDBBCABACBCCABCACBCCCCCBDBACBBBBCBCBACCACACAACCCBABADBCCAABBBCCBB	['C37B', 'A63B', 'D77C', 'A93B']	4	-3.8255157	-5.027356	-7.0453997	-2.0180435
BCCDDDCDCDDDDCDDABCDABCABDBACBDCAADDBBCABACBCCABCACBCCCCCBDBACBBBBCBCBACCACACAACCCBABADBCCAABBBCCBB	['C37B', 'A63B', 'D77C', 'A93B']	4	-3.8255157	-5.027356	-7.0453997	-2.0180435
BCCDDDCDCDDDDCDDABBAABCABDBACDDCAACACBCABACBCCABCACBCCCCCCDBACDBBBCBCBACCACADAACCCBABADCCCAAABBCCBB	['C19B', 'D20A', 'B30D', 'D35C', 'D36A', 'B58C', 'A63D', 'B88C']	8	-3.8260236	-7.068772	-9.087319	-2.0185475
BCCDDDCDCDDDBCDDACCDABCABDBACDDCAADDABCABACBCCABCACBCCCCCBDBACDBBBCBCBBCCACADAACCCBABADCCCAAABBCCBB	['D13B', 'B18C', 'B30D', 'C37A', 'A63D', 'A71B', 'B88C']	7	-3.826527	-7.40483	-9.423886	-2.0190563
BCCDDDCDCDDDBCDDACCDABCABDBACDDCAADDABCABACBCCABCACBCCCCCBDBACDBBBCBCBBCCACADAACCCBABADCCCAAABBCCBB	['D13B', 'B18C', 'B30D', 'C37A', 'A63D', 'A71B', 'B88C']	7	-3.826527	-7.40483	-9.423886	-2.0190563
AAADDDCDCDDDDCDDABCDABCABDBACBDCAACDCBCABACBCCABCACBCCCCDBDBACDBBBCBCBACCACADAACCCBABADBCCAABBBCCBB	['B1A', 'C2A', 'C3A', 'D35C', 'C57D', 'A63D', 'A93B']	7	-3.8271637	-3.996182	-6.015871	-2.019689
BCCDDDCDCDDDDCDDABCDABCABDBACBDCAADACBCABACBCCABCACBCCCCCBDBADCCBBCBCBACCACADAACCCBABADBCCAAABBCCBB	['D36A', 'C62D', 'A63C', 'B64C']	4	-3.8274002	-5.6243753	-7.644306	-2.0199308
BCCDDDCDCCDDDCDDABCDABCABDBACBDCAADDCBCABACBCCABCACBCCCCCBDBADDBBBCBBBCCCACACAACCCBABADBCCAAABBCCBB	['D10C', 'C62D', 'A63D', 'C69B', 'A71C', 'D77C']	6	-4.1376724	-3.8274379	-6.1576414	-2.019969
BCCDDDCDCADDBCDDABCDABCABDBACBDCAACDBBCABACBCDABCACBCCCCCBDBADDCBBCBCBCDCACACAACCCBABADDCCAABBBCCBB	['D10A', 'D13B', 'D35C', 'C37B', 'C46D', 'C62D', 'A63D', 'B64C', 'A71C', 'C72D', 'D77C', 'B88D', 'A93B']	13	-2.0615125	-3.4392743	-5.4592915	-2.0200171
BCCDDDCDCDDABDDDABCAABCABDBACBDCAADDCBCABACBCCABCACBCCCCCBDBACDCBBCBCBACCACACAACCCBABADBCCAAABBCCBB	['D12A', 'D13B', 'C14D', 'D20A', 'A63D', 'B64C', 'D77C']	7	-3.8281784	-5.3258348	-7.3465385	-2.0207038
BCCDDDCDCDDDDCCDABADABCABDBACBDCAACDABCABACBCCABCACBCCCCCBDBACDBBBCBCBACCACADAACCCBABADBCCAAABBCCBB	['D15C', 'C19A', 'D35C', 'C37A', 'A63D']	5	-3.8282995	-5.1668067	-7.1876326	-2.0208259
BCCDDDCDCDDDDCCDABADABCABDBACBDCAACDABCABACBCCABCACBCCCCCBDBACDBBBCBCBACCACADAACCCBABADBCCAAABBCCBB	['D15C', 'C19A', 'D35C', 'C37A', 'A63D']	5	-3.8282995	-5.1668067	-7.1876326	-2.0208259
BCCDDDCDCDDDDCCDABADABCABDBACBDCAACDABCABACBCCABCACBCCCCCBDBACDBBBCBCBACCACADAACCCBABADBCCAAABBCCBB	['D15C', 'C19A', 'D35C', 'C37A', 'A63D']	5	-3.8282995	-5.1668067	-7.1876326	-2.0208259
BCCDDDCDCDDDDCCDABADABCABDBACBDCAACDABCABACBCCABCACBCCCCCBDBACDBBBCBCBACCACADAACCCBABADBCCAAABBCCBB	['D15C', 'C19A', 'D35C', 'C37A', 'A63D']	5	-3.8282995	-5.1668067	-7.1876326	-2.0208259
BCCDDDCDCCDDDCDDABCDABCABDBACBDCAADACBCACACBCCABCACBCCCCCBDBACACBBCBCBACCACADAACCCBABADBCCAABBBCCBB	['D10C', 'D36A', 'B41C', 'B64C', 'A93B']	5	-3.8286676	-6.0369344	-8.058126	-2.021192
BCCDDDCDCDDDDCCDABCDABCABDBACBDCAACCBBCABACBCCABCACBCCCCDBDBADDBBBCBCBBCCACADAACCCBABADBCCAABBBCCBB	['D15C', 'D35C', 'D36C', 'C37B', 'C57D', 'C62D', 'A63D', 'A71B', 'A93B']	9	-3.828802	-3.8468642	-5.8681955	-2.0213313
BCCDDDCDCDDDDCDDABCDABCABDBACBDCAACABBCACACBCCABCACBCCCCCCDBADACBBCBCBACCACADAACCCBABADBCBAAABBCCBB	['D35C', 'D36A', 'C37B', 'B41C', 'B58C', 'C62D', 'B64C', 'C90B']	8	-3.8289552	-4.8894014	-6.910883	-2.0214815
BCCDDDCDCDDDDCDDABBDABCABDBACBDCAADDABCABACBCCABCACBCCCCCBDBACACABCBCBACCACADAACCCBABABBCCAAABBCCBB	['C19B', 'C37A', 'B64C', 'B65A', 'D87B']	5	-3.8301435	-5.8471217	-7.869795	-2.0226731
BCCDDDCDCDDBDCDDABCDABCABDBACBDCAADDCBCABACBCCABCACBCCCCCBDBACBBBBCBCBACCACADAACCCBABADBCCAAABBCCBB	['D12B', 'A63B']	2	-3.8307543	-4.8426003	-6.865882	-2.0232816
AAADDDCDCDDDDDCDABCDABCABDBACBDCAACDCBCABACBCCABCACBCCCCCBDBACDBBBCBCBACCACADAACCCBABADBCCAAABBCCBB	['B1A', 'C2A', 'C3A', 'C14D', 'D15C', 'D35C', 'A63D']	7	-3.8313951	-4.9319468	-6.955865	-2.0239182
BCCDDDCDCCDDBCDDABCAABCABDBACBDCAACACBCACACBCCABCACBCCDCCBDCADDBBBCBCBBBBACADAACCCBBBADBCBAAABBCCBB	['D10C', 'D13B', 'D20A', 'D35C', 'D36A', 'B41C', 'C55D', 'B60C', 'C62D', 'A63D', 'A71B', 'C72B', 'C73B', 'A84B', 'C90B']	15	-2.0240974	-3.8616939	-5.885787	-2.0240932
BCCDDDCDCDDDDCDDABCDABCABDBACBDCAADDABCACACBCCABCACBCCCCCBDBACABBBCBABACCACADAACCCBABADDCCAAABBCCBB	['C37A', 'B41C', 'C69A', 'B88D']	4	-3.8337607	-6.586062	-8.612349	-2.0262866
BCCDDDCDCDDDDCDDABCDABCABDBACDDCAACDCBCACACBCCABCACBCCCCCBDBACDBBBCBCBBCCACACAACCCBABADBCCAABBBCCBB	['B30D', 'D35C', 'B41C', 'A63D', 'A71B', 'D77C', 'A93B']	7	-3.833932	-6.514627	-8.541086	-2.0264592
BCCDDDCDCCDDDDDDABCDABCABDBACBDCAADDCBCACACBCCABCACBCCCCCBDBACDBBBCBCBACCACADAACCCBABADBCCAAABBCCBB	['D10C', 'C14D', 'B41C', 'A63D']	4	-3.8352232	-4.669127	-6.6968756	-2.0277486
BCCDDDCDCBDDDCDDABCDABCABDBACDDCAADDCBCACACBCCABCACBCCCCCBDBDCABBBCBCBACCACACAACCCBABADCCCAABBBCCBB	['D10B', 'B30D', 'B41C', 'A61D', 'D77C', 'B88C', 'A93B']	7	-3.8354573	-8.112388	-10.140371	-2.0279837
BCCDDDCDCDDDDCDDABCDABCABDBACBDCAACDBBCABACBCCABCACBCCCCCBDBACDDBBCBCBACCACADAACCCBABADBCCAAABBCCBB	['D35C', 'C37B', 'A63D', 'B64D']	4	-3.8358145	-5.286297	-7.314637	-2.0283403
BCCDDDCDCADDBCDDABCDABCABDBACBDCAADDCBCACACBCCABCACBCCCCCBDCCCDBBBCBDBACCACADAACCCBABADBCCAAABBCCBB	['D10A', 'D13B', 'B41C', 'B60C', 'A61C', 'A63D', 'C69D']	7	-3.8359623	-3.8551788	-5.883664	-2.0284853
BCCDDDCDCDDDDCDDABBDABCABDBACBDCAADDCBCABACBCCABCACBCCCCCBDBACACBBCBCBACCACADAACCCBABADBCCAABBBCCBB	['C19B', 'B64C', 'A93B']	3	-3.836216	-6.0165353	-8.0452795	-2.0287442
AAADDDCDCDDDDDDDABADABCABDBACBDCAACDBBCABACBCCABCACBCCCCCBDCACDBBBCBCBACCACADAACCCBABADBCCAAABBCCBB	['B1A', 'C2A', 'C3A', 'C14D', 'C19A', 'D35C', 'C37B', 'B60C', 'A63D']	9	-4.701208	-3.836978	-6.730709	-2.029501
BCCDDDCDCDDDDCDDABCDABCABDBACBDCAADDBBCABACBCCABCACBCCCCCBDBACDBBBCBCCACCACADAACCCBABADBCCADABBCCBB	['C37B', 'A63D', 'B70C', 'A92D']	4	-3.8372965	-4.81822	-6.8480444	-2.0298243
AAADDDCDCCDDDCDDABCAABCABDBACBDCAADDCBCABACBCDABCACBCCCCCBDBACDBBBCBCBBCDACADAACCCBBBADBCBAAABBCCBB	['B1A', 'C2A', 'C3A', 'D10C', 'D20A', 'C46D', 'A63D', 'A71B', 'C73D', 'A84B', 'C90B']	11	-2.0717268	-2.710744	-4.7409716	-2.0302277
AAADDDCDCDDDDCDDABCDABCABDBACBDCAADDCBCABACBCCABCACBCCCCCBDBACABBBCBCBACCACACAACCCBABADBCCAABBBCCBB	['B1A', 'C2A', 'C3A', 'D77C', 'A93B']	5	-3.8377113	-5.8329635	-7.863201	-2.0302377
BCCDDDCDCDDBDCDDABCDABCABDBACBDCAACDCBCABACBCCABCACBCCCCCBDBADDBBBCBCBCBCACACAACCCBABADBCCAAABBCCBB	['D12B', 'D35C', 'C62D', 'A63D', 'A71C', 'C72B', 'D77C']	7	-4.2258415	-3.8383517	-6.2567234	-2.030882
BCCDDDCDCCDDDCDDABCDABCABDBACDDCAADDABCABACBCCABCACBCCCCDBDBACDBBBCBCBACCACADAACCCBABADBCCAABBBCCBB	['D10C', 'B30D', 'C37A', 'C57D', 'A63D', 'A93B']	6	-3.8392172	-5.6456437	-7.6773853	-2.0317416
BCCDDDCDCCDDBCDDABCDABCABDBACBDCAADDCBCACACBCCABCACBCCCCCBDBADCBBBCBCBCDCACADAACCCBABADBCCAAABBCCBB	['D10C', 'D13B', 'B41C', 'C62D', 'A63C', 'A71C', 'C72D']	7	-3.839386	-4.588844	-6.620755	-2.0319114
BCCDDDCDCDDDDCCDABCDABCABDBACBDCAACDABCACACBCCABCACBCCCCCBDBACDBBBCBCBACCACADAACCCBABADBCCAABBBCCBB	['D15C', 'D35C', 'C37A', 'B41C', 'A63D', 'A93B']	6	-3.8394823	-5.666218	-7.698223	-2.0320053
BCCDDDCDCDDBDCDDABADABCABDBACBDCAADDCBCABACBCCABCACBCCCCCBDBACBBBBCBCBACCACADAACCCBABADBCCAAABBCCBB	['D12B', 'C19A', 'A63B']	3	-3.8398352	-4.2929673	-6.32533	-2.0323625
BCCDDDCDCBDDDCDDABCDABCABDBACBDCAADDABCABACBCDABCACBCCCCCBDBACBBBBCBCBBCDACACAACCCBBBADBCBAABBBCCBB	['D10B', 'C37A', 'C46D', 'A63B', 'A71B', 'C73D', 'D77C', 'A84B', 'C90B', 'A93B']	10	-2.074501	-3.5833883	-5.616394	-2.0330057
BCCDDDCDCCDDDCDDABCDABCABDBACBDCAADABBCABACBCCABCACBCCCCCBDBACDBBBABCBACCACADAACCCBABADBCCAABBBCCBB	['D10C', 'D36A', 'C37B', 'A63D', 'C67A', 'A93B']	6	-3.840642	-5.6231065	-7.656273	-2.0331664
BCCDDDCDCDDDDCDDABCDABCABDBACBDCAADDCBCACACBCCABCACBCCCCCBDBACDBBBCBCBACCACADAACCCBABADBCCAAABBCCBB	['B41C', 'A63D']	2	-3.8415031	-4.934022	-6.968053	-2.034031
BCCDDDCDCDDDDCDDABCDABCABDBACBDCAADDCBCACACBCCABCACBCCCCCBDBACDBBBCBCBACCACADAACCCBABADBCCAAABBCCBB	['B41C', 'A63D']	2	-3.8415031	-4.934022	-6.968053	-2.034031
BCCDDDCDCDDDDCDDABCDABCABDBACBDCAADDCBCACACBCCABCACBCCCCCBDBACDBBBCBCBACCACADAACCCBABADBCCAAABBCCBB	['B41C', 'A63D']	2	-3.8415031	-4.934022	-6.968053	-2.034031
BCCDDDCDCDDDBCDDABCDABCABDBACBDCAADDABCABACBCCABCACBCCCCCBDBACDBBBCBCBACCACADAACCCBABADBCCAAABBCCBB	['D13B', 'C37A', 'A63D']	3	-3.8416653	-5.6813	-7.715494	-2.034194
BCCDDDCDCDDDDCDDCBCDABCABDBACBDCAADDABCABACBCCABCACBCCCCDBDBACDDBBCBCBACCACADAACCCBABADBCCAAABBCCBB	['A17C', 'C37A', 'C57D', 'A63D', 'B64D']	5	-3.8435469	-4.7653255	-6.8013954	-2.0360699
BCCDDDCDCCDADCDDABCDABCABDBACBDCAADDCBCACACBCCABCACBCCCCCBDBACDBBBCBCBACCACADAACCCBABADBCCAABBBCCBB	['D10C', 'D12A', 'B41C', 'A63D', 'A93B']	5	-3.8437433	-5.2021174	-7.2383823	-2.036265
BCCDDDCDCDDDDCDDABCDABCABDBACBDCAADDBBCABACBCCABCACBCCCCCBDBACBBBBCBCBADCACACAACCCBABADBCCAABBBCCBB	['C37B', 'A63B', 'C72D', 'D77C', 'A93B']	5	-3.8441772	-5.104603	-7.141309	-2.036706
BCCDDDCDCCDBDCDDABCDABCABDBACBDCBACBCBCABACBCDABCACBCDCCCCDBADDBBBCBCBACBACADAACCCBBBADBCBAAABBCCBB	['D10C', 'D12B', 'A33B', 'D35C', 'D36B', 'C46D', 'C54D', 'B58C', 'C62D', 'A63D', 'C73B', 'A84B', 'C90B']	13	-2.0784082	-2.8700142	-4.9069242	-2.03691
BCCDDDCDCCDDDDDDABCDABCABDBACBDCAADDABCACACBCDABCACBCCCCCBDBADDBBBCBCBDCCACACAACCCBBBADACBAABBBCCBB	['D10C', 'C14D', 'C37A', 'B41C', 'C46D', 'C62D', 'A63D', 'A71D', 'D77C', 'A84B', 'B88A', 'C90B', 'A93B']	13	-2.0786023	-3.3251972	-5.3623047	-2.0371075
BCCDDDCDCDDDBCDDABCDABCABDBACDDCAADDCBCACACBCCABCACBCCCCCBDBADDBBBCBCBCCCACACAACCCBABADCCCAABBBCCBB	['D13B', 'B30D', 'B41C', 'C62D', 'A63D', 'A71C', 'D77C', 'B88C', 'A93B']	9	-3.844664	-6.517386	-8.55458	-2.0371938
BCCDDDCDCCDDDDDDABCDABCABDBACBDCDADDABAABACBCCABCACBCCCCCBDBADDCBBCBCBACCACADAACCCBABADBCCAABBBCCBB	['D10C', 'C14D', 'A33D', 'C37A', 'C39A', 'C62D', 'A63D', 'B64C', 'A93B']	9	-3.8448954	-4.2946434	-6.3320627	-2.0374193
BCCDDDCDCDDDDCDDABCDABCABDBACBDCAADACBCABACBCCABCACBCCCCCBDBADDBBBCBCBACCACADAACCCBABADBCCAABBBCCBB	['D36A', 'C62D', 'A63D', 'A93B']	4	-3.8451881	-5.550392	-7.588109	-2.0377169
BCCDDDCDCDDDDCDDABCDABCABDBACBDCAADACBCABACBCCABCACBCCCCCBDBADDBBBCBCBACCACADAACCCBABADBCCAABBBCCBB	['D36A', 'C62D', 'A63D', 'A93B']	4	-3.8451881	-5.550392	-7.588109	-2.0377169
BCCDDDCDCDDDBCDDABCDABCABDBACBDCAADDCBCABACBCCABCACBCCCCCBDBADDBBBCBCBACBACACAACCCBABADBCCAABBBCCBB	['D13B', 'C62D', 'A63D', 'C73B', 'D77C', 'A93B']	6	-3.847807	-4.9593816	-6.9997177	-2.0403361
BCCDDDCDCDDDDCDDABCDABCABDBACBDCAADBCBCABACBCCABCACBCCCCCBDBACDBBBCBCBACCACADAACCCBABADBCCAAABBCCBB	['D36B', 'A63D']	2	-3.848075	-5.66194	-7.702545	-2.040605
BCCDDDCDCCDDDCDDABCDABCABDBACBDCAADDCBCACACBCDABCACBBCCCCBDBACDBBBCBCBBCBACACAACCCBABADBCBAAABBCCBB	['D10C', 'B41C', 'C46D', 'C53B', 'A63D', 'A71B', 'C73B', 'D77C', 'C90B']	9	-3.1007357	-2.083084	-5.1423254	-2.0415897
AAADDDCDCBCDDCDDABCAABCABDBACBDDAACAABCABADBCDABCACBBDCCCBDBACDBBBCBCBACCACADAACCCBABADBCBAAABBCCBB	['B1A', 'C2A', 'C3A', 'D10B', 'D11C', 'D20A', 'C32D', 'D35C', 'D36A', 'C37A', 'C43D', 'C46D', 'C53B', 'C54D', 'A63D', 'C90B']	16	-2.5074854	-2.0834908	-4.5494833	-2.041998
BCCDDDCDCDDCDCDDABBAABCABDBACBDCAADDCBCABACBCCABCACBCCCCCBDBACDBBBCBCBACCADADAACCCBABADBCCAABBBCCBB	['D12C', 'C19B', 'D20A', 'A63D', 'C75D', 'A93B']	6	-3.8507538	-5.4714637	-7.514742	-2.0432782
BCCDDDCDCDDDDCCCABCDABCABDBACBDCAADDCBCABACBCCABCACBCCCCCBDBADBBBBCBCBACCACACAACCCBABADBCCAAABBCCBB	['D15C', 'D16C', 'C62D', 'A63B', 'D77C']	5	-3.8518114	-4.308606	-6.3529434	-2.0443373
BCCDDDCDCADDDCDDABCDABCABDBACBDCAADDCBCABACBCBABCACBCCCCCBDBACDBBBCBCBADCACACAACCCBABADBCBACBBBCCBB	['D10A', 'C46B', 'A63D', 'C72D', 'D77C', 'C90B', 'A92C', 'A93B']	8	-2.0448647	-3.466013	-5.51087	-2.044857
BCCDDDCDCDDDDCDDABCDABCABDBACBDCAADDCBCABACBCCABCACBCCCCCBDBACCBBBCBCBACCACADAACCCBABADBCCAAABBCCBB	['A63C']	1	-3.8525114	-5.715418	-7.760456	-2.0450382
BCCDDDCDCDDDDCDDABCDABCABDBACBDCAADDCBCABACBCCABCACBCCCCCBDBACCBBBCBCBACCACADAACCCBABADBCCAAABBCCBB	['A63C']	1	-3.8525114	-5.715418	-7.760456	-2.0450382
BCCDDDCDCDDDDCDDABCDABCABDBACBDCAADDCBCABACBCCABCACBCCCCCBDBACCBBBCBCBACCACADAACCCBABADBCCAAABBCCBB	['A63C']	1	-3.8525114	-5.715418	-7.760456	-2.0450382
BCCDDDCDCDDDDCDDABCDABCABDBACBDCAADDCBCABACBCCABCACBCCCCCBDBACCBBBCBCBACCACADAACCCBABADBCCAAABBCCBB	['A63C']	1	-3.8525114	-5.715418	-7.760456	-2.0450382
BCCDDDCDCDDDDCDDABCDABCABDBACBDCAADDCBCABACBCCABCACBCCCCCBDBACCBBBCBCBACCACADAACCCBABADBCCAAABBCCBB	['A63C']	1	-3.8525114	-5.715418	-7.760456	-2.0450382
BCCDDDCDCDDDDCDDABCDABCABDBACBDCAADDCBCABACBCCABCACBCCCCCBDBACCBBBCBCBACCACADAACCCBABADBCCAAABBCCBB	['A63C']	1	-3.8525114	-5.715418	-7.760456	-2.0450382
BCCDDDCDCDDDDCDDABCDABCABDBACBDCAADDABCABACBCCABCACBCCCCCBDBACACBBCBCBACCACADAACCCBABADBCCAAABBCCBB	['C37A', 'B64C']	2	-3.8530483	-6.355998	-8.401577	-2.045579
BCCDDDCDCDDDDCDDABCDABCABDBACBDCAADDABCABACBCCABCACBCCCCCBDBACACBBCBCBACCACADAACCCBABADBCCAAABBCCBB	['C37A', 'B64C']	2	-3.8530483	-6.355998	-8.401577	-2.045579
BCCDDDCDCDDDDCDDABCDABCABDBACBDCAADDABCABACBCCABCACBCCCCCBDBACACBBCBCBACCACADAACCCBABADBCCAAABBCCBB	['C37A', 'B64C']	2	-3.8530483	-6.355998	-8.401577	-2.045579
BCCDDDCDCDDDDCDDABCDABCABDBACBDCAADDABCABACBCCABCACBCCCCCBDBACACBBCBCBACCACADAACCCBABADBCCAAABBCCBB	['C37A', 'B64C']	2	-3.8530483	-6.355998	-8.401577	-2.045579
BCCDDDCDCDDDDCDDABCDABCABDBACBDCAADDABCABACBCCABCACBCCCCCBDBACACBBCBCBACCACADAACCCBABADBCCAAABBCCBB	['C37A', 'B64C']	2	-3.8530483	-6.355998	-8.401577	-2.045579
BCCDDDCDCDDDDCDDABCDABCABDBACBDCAADDABCABACBCCABCACBCCCCCBDBACACBBCBCBACCACADAACCCBABADBCCAAABBCCBB	['C37A', 'B64C']	2	-3.8530483	-6.355998	-8.401577	-2.045579
BCCDDDCDCDDDDCDDABCDABCABDBACBDCAADDABCABACBCCABCACBCCCCCBDBACACBBCBCBACCACADAACCCBABADBCCAAABBCCBB	['C37A', 'B64C']	2	-3.8530483	-6.355998	-8.401577	-2.045579
AAADDDCDCDDDDCDDABCDABCABDBACBDCAACDBBCABABBCCABCACBCCCCCBDBACDCBBCBCBACCACADAACCCBABADBCCAAABBCCBB	['B1A', 'C2A', 'C3A', 'D35C', 'C37B', 'C43B', 'A63D', 'B64C']	8	-3.8534727	-4.81381	-6.859807	-2.0459971
BCCDDDCDCCDDDCDDAACAABCABDBACBDCAACDCBCACACBCDABCACBCCCCCBDCADDBBBCBCBCCAACADAACCCBABADBCBAABBBCCBB	['D10C', 'B18A', 'D20A', 'D35C', 'B41C', 'C46D', 'B60C', 'C62D', 'A63D', 'A71C', 'C73A', 'C90B', 'A93B']	13	-2.816657	-2.0876503	-4.8628063	-2.0461493
BCCDDDCDCCDDDCDDABCDABCABDBACBDCAADDABCACACBCCABCACBCCCCCBDCACDBBBCBCBACCACADAACCCBABADBCCAABBBCCBB	['D10C', 'C37A', 'B41C', 'B60C', 'A63D', 'A93B']	6	-3.854106	-5.255589	-7.3022213	-2.0466323
BCCDDDCDCCDDDDCDABCDABCABDBACBDCAADDABCACACBCCABCACBCCCCCBDBACCBBBABDBAACACADAACCCBABADBCCAAABBCCBB	['D10C', 'C14D', 'D15C', 'C37A', 'B41C', 'A63C', 'C67A', 'C69D', 'C72A']	9	-3.8555412	-5.5604806	-7.608547	-2.0480666
BCCDDDCDCCDDDCDDABCDABCABDBACBDCAACACBCABACBCCABCACBCCCCCBDBADDBBBCBCBCBBACADAACCCBABADBCBAAABBCCBB	['D10C', 'D35C', 'D36A', 'C62D', 'A63D', 'A71C', 'C72B', 'C73B', 'C90B']	9	-4.2008853	-3.8555708	-6.2489815	-2.0480962
BCCDDDCDCDDDDCDDABCDABCABDBACBDCAADDCBCACACBCCABCACBCCCCDBDBACDBBBCBCBACCACACAACCCBABADBCCAABBBCCBB	['B41C', 'C57D', 'A63D', 'D77C', 'A93B']	5	-3.9035482	-3.8557477	-5.9518204	-2.0482721
BCCDDDCDCCDDDCDDACCDABCABDBACBDCAADDCBCABACBCDABCACBCDCCDBDBACDBBBCBABCCCACADAACCCBBBADBCBAABBBCCBB	['D10C', 'B18C', 'C46D', 'C54D', 'C57D', 'A63D', 'C69A', 'A71C', 'A84B', 'C90B', 'A93B']	11	-2.748272	-2.0898037	-4.7965775	-2.0483055
BCCDDDCDCDDDDCCDABCDABCABDBACBDCAADACBCABACBCCABCACBCCCCCBDBACACBBCBCBACCACADAACCCBABADBCCAAABBCCBB	['D15C', 'D36A', 'B64C']	3	-3.8558092	-6.2923665	-8.340701	-2.0483346
BCCDDDCDCDDDDCCDABCDABCABDBACBDCAADACBCABACBCCABCACBCCCCCBDBACACBBCBCBACCACADAACCCBABADBCCAAABBCCBB	['D15C', 'D36A', 'B64C']	3	-3.8558092	-6.2923665	-8.340701	-2.0483346
BCCDDDCDCDDBDCDDABCDABCABDBACBDCAADDCBCABACBCCABCACBCCCCCBDBACBBBBCBCBACCACACAACCCBABADBCCAAABBCCBB	['D12B', 'A63B', 'D77C']	3	-3.8559046	-4.759774	-6.8082085	-2.0484343
BCCDDDCDCBDDBCCCABCAABCABDBACBDCAADDCBAABACBCBABCACBCCCCCBDBACBCBBCBCBADCBCACAACCCBABADBCCAAABBCCBB	['D10B', 'D13B', 'D15C', 'D16C', 'D20A', 'C39A', 'C46B', 'A63B', 'B64C', 'C72D', 'A74B', 'D77C']	12	-2.0487056	-2.1726422	-4.221342	-2.0486999
BCCDDDCDCCDDBCDDABCDABCABDBACBDCAACDABCABACBCCABCACBCCCCCBDBACDBBBCBCBACCACADAACCCBABADBCCAAABBCCBB	['D10C', 'D13B', 'D35C', 'C37A', 'A63D']	5	-3.8564568	-5.5075583	-7.5565414	-2.048983
BCCDDDCDCDDDDCDDABCDABCABDBACBDCDADDCBCABACBCCABCACBCCCCCBDBACDBBBCBCAACCACADAACCCBABADBCCAAABBCCBB	['A33D', 'A63D', 'B70A']	3	-3.8568878	-5.450346	-7.4997597	-2.0494137
BCCDDDCDCCDDDCDDABCDABCCBDBACBDCAADDABCABACBBDABCACBCCDCDBDBACDBBBCBCBBADACACAACCCBABADBCBAABBBCCBB	['D10C', 'A24C', 'C37A', 'C45B', 'C46D', 'C55D', 'C57D', 'A63D', 'A71B', 'C72A', 'C73D', 'D77C', 'C90B', 'A93B']	14	-0.28355217	-2.1485567	-4.198079	-2.0495224
BCCDDDCDCDDDDCDDABCDABCABDBACBDCAADDCBCABACBCCABCACBCCCCDBDBACDBBBCBCBACCACADAACCCBABADBCCAAABBCCBB	['C57D', 'A63D']	2	-3.8581333	-3.9887958	-6.0394545	-2.0506587
BCCDDDCDCDDDDCDDABCDABCABDBACBDCAADDCBCABACBCCABCACBCCCCDBDBACDBBBCBCBACCACADAACCCBABADBCCAAABBCCBB	['C57D', 'A63D']	2	-3.8581333	-3.9887958	-6.0394545	-2.0506587
BCCDDDCDCDDDDCDDABCDABCABDBACBDCAADDCBCABACBCCABCACBCCCCDBDBACDBBBCBCBACCACADAACCCBABADBCCAAABBCCBB	['C57D', 'A63D']	2	-3.8581333	-3.9887958	-6.0394545	-2.0506587
BCCDDDCDCDDDDCDDABCDABCABDBACBDCAADDCBCABACBCCABCACBCCCCDBDBACDBBBCBCBACCACADAACCCBABADBCCAAABBCCBB	['C57D', 'A63D']	2	-3.8581333	-3.9887958	-6.0394545	-2.0506587
BCCDDDCDCDDDDCDDABCDABCABDBACBDCAADDCBCABACBCCABCACBCCCCDBDBACDBBBCBCBACCACADAACCCBABADBCCAAABBCCBB	['C57D', 'A63D']	2	-3.8581333	-3.9887958	-6.0394545	-2.0506587
BCCDDDCDCDDDDCDDABCDABCABDBACBDCAADDCBCABACBCCABCACBCCCCDBDBACDBBBCBCBACCACADAACCCBABADBCCAAABBCCBB	['C57D', 'A63D']	2	-3.8581333	-3.9887958	-6.0394545	-2.0506587
BCCDDDCDCCDDDCDDABCAABCABDBACBDCAADCCBCABACBCDABCACBCCCCCBDBADDCBBCBCBACCACADAACCCBBBADBCBAABBBCCBB	['D10C', 'D20A', 'D36C', 'C46D', 'C62D', 'A63D', 'B64C', 'A84B', 'C90B', 'A93B']	10	-2.0923996	-3.762689	-5.813593	-2.0509038
BCCDDDCDCDDBDCDDABDDABCABDBACDDCBADDCBCABACBBCABCACBCBCCDBDBACDBBBCBCBCCCACACAACCCBACADCCCAABBBCCBB	['D12B', 'C19D', 'B30D', 'A33B', 'C45B', 'C54B', 'C57D', 'A63D', 'A71C', 'D77C', 'B85C', 'B88C', 'A93B']	13	-3.8583937	-6.0109773	-8.061897	-2.05092
BCCDDDCDCDDDDCDDABDDABCABDBACBDCAADDCBCABACBCCABCACBCCCCDBDBADABBBCBCBCCCACACAACCCBABADBCCAABBBCCBB	['C19D', 'C57D', 'C62D', 'A71C', 'D77C', 'A93B']	6	-3.8586922	-4.2496824	-6.3009024	-2.05122
BCCDDDCDCADCDDDDABCDABCABDBACBDDAACCBBCABACBCDBBCACBCCCCCBDBADDBBBCCCBBCCACACAACCCBABADBCCAABBBCCBB	['D10A', 'D12C', 'C14D', 'C32D', 'D35C', 'D36C', 'C37B', 'C46D', 'A47B', 'C62D', 'A63D', 'B68C', 'A71B', 'D77C', 'A93B']	15	-2.0929713	-2.365631	-4.4171095	-2.0514784
BCCDDDCDCDDDBCCDABBDABCABDBACBDCAADDCBCABACBCCABCACBCCCCCBDBACACBBCBCBACCACADAACCCBABADBCCAAABBCCBB	['D13B', 'D15C', 'C19B', 'B64C']	4	-3.86026	-5.6402736	-7.693059	-2.0527854
BCCDDDCDCDDDDCDDABCDABCABDBACBDCAADDBBCABACBCCABCACBCCCCDBDBACDBBBCBCBACCACADAACCCBABADBCCAABBBCCBB	['C37B', 'C57D', 'A63D', 'A93B']	4	-3.8611422	-3.9751668	-6.0288315	-2.0536647
BCCDDDCDCDDDBDDDABCAABCABDBACBDCAACDCBCACACBCCABCACBCCCCCBDBACABBBCBABACCACADAACCDBABADBDCAAABBCCBB	['D13B', 'C14D', 'D20A', 'D35C', 'B41C', 'C69A', 'C82D', 'C89D']	8	-3.8616505	-6.194836	-8.249017	-2.0541806
AAADDDCDCADBDCDDABCDABCABDBACBDCAADABBCACACBCCABCACBCCCCCBDBACDCBBCBCCACCACADAACCCBABADBCCAAABBCCBB	['B1A', 'C2A', 'C3A', 'D10A', 'D12B', 'D36A', 'C37B', 'B41C', 'A63D', 'B64C', 'B70C']	11	-3.9086385	-3.8617525	-5.9629135	-2.054275
BCCDDDCDCDDDDCDDABADABCABDBACBDCAADDABCABACBCCABCACBCCCCCBDBACACBBCBCBACCACADAACCCBABADBCCAAABBCCBB	['C19A', 'C37A', 'B64C']	3	-3.8621292	-5.806365	-7.861023	-2.054658
BCCDDDCDCDDDDCCBABCDABCABDBACBDCAADDCBCABACBCCABCACBCCCCCBDBACABBBCBCBACCACADAACCCBABADBCCAAABBCCBB	['D15C', 'D16B']	2	-3.862999	-5.6786036	-7.734129	-2.0555253
BCCDDDCDCDDDBCDDABCDABCABDBACBDCAADDBBCABACBCDABCACBCCCCCBDBADBBBBCBCBACCCCACAACCCBABADBCBAAABBCCBB	['D13B', 'C37B', 'C46D', 'C62D', 'A63B', 'A74C', 'D77C', 'C90B']	8	-3.1801524	-2.0972586	-5.235921	-2.0557685
BCCDDDCDCDDDDCCDABCDABCABDBACBDCAACDCBCACACBCCABCACBCCCCCBDBACDBBBCBCBACCACADAACCCBABADBACAAABBCCBB	['D15C', 'D35C', 'B41C', 'A63D', 'C89A']	5	-3.8645463	-5.0951614	-7.152233	-2.0570717
BCCDDDCDCDDDDCDDABCDABCABDBACBDCDADDABCABACBCCABCACBCCCCDBDBACDCBBCBCBACCACADAACCCBABADBCCAAABBCCBB	['A33D', 'C37A', 'C57D', 'A63D', 'B64C']	5	-4.090233	-3.8651714	-6.14793	-2.0576973
BCCDDDCDCDDDDCDDABCDABCABDBACBDCDADDABCABACBCCABCACBCCCCDBDBACDCBBCBCBACCACADAACCCBABADBCCAAABBCCBB	['A33D', 'C37A', 'C57D', 'A63D', 'B64C']	5	-4.090233	-3.8651714	-6.14793	-2.0576973
BCCDDDCDCDDDDCDDABBCABCABDBACBDCAADDCBCABACBCCABCACBCCCCCBDBACDBBBCBCBACCACADAACCCBABADBCCAAABBCCBB	['C19B', 'D20C', 'A63D']	3	-3.8658829	-4.7124257	-6.770832	-2.0584064
BCCDDDCDCDDDBCDDABCDABCABDBACBDCAADDABCABACBCCABCACBCCCCCBDBADDBBBCBCBACCACADAACCCBABADBCCAAABBCCBB	['D13B', 'C37A', 'C62D', 'A63D']	4	-3.8664713	-5.2377625	-7.2967625	-2.059
BCCDDDCDCDDDDCBDABCDABCABDBACBDCAADDABCABACBCCABCACBCCCCCBDBACACBBCBCBACCACACAACCCBABADBCCAAABBCCBB	['D15B', 'C37A', 'B64C', 'D77C']	4	-3.866496	-5.8444552	-7.9034815	-2.0590262
BCCDDDCDCDDDDDCDABCDABCABDBACBDCAADDBBCABACBCCABCACBCCCCCBDBACBBBBCBCBACCACACAACCCBABADBCCAABBBCCBB	['C14D', 'D15C', 'C37B', 'A63B', 'D77C', 'A93B']	6	-3.866642	-4.967673	-7.026842	-2.0591693
BCCDDDCDCDDDDDCDABCDABCABDBACBDCAADDBBCABACBCCABCACBCCCCCBDBACBBBBCBCBACCACACAACCCBABADBCCAABBBCCBB	['C14D', 'D15C', 'C37B', 'A63B', 'D77C', 'A93B']	6	-3.866642	-4.967673	-7.026842	-2.0591693
BCCDDDCDCDDDDDCDABCDABCABDBACBDCAADDBBCABACBCCABCACBCCCCCBDBACBBBBCBCBACCACACAACCCBABADBCCAABBBCCBB	['C14D', 'D15C', 'C37B', 'A63B', 'D77C', 'A93B']	6	-3.866642	-4.967673	-7.026842	-2.0591693
BCCDDDCDCDDDBCDDABCDABCABDBACBDCAADDABCABACBCCABCACBCCCCCBDBACDBBBCBCBACCACACAACCCBABADBCCAAABBCCBB	['D13B', 'C37A', 'A63D', 'D77C']	4	-3.8668156	-5.598474	-7.6578197	-2.0593457
BCCDDDCDCDDDBCDDABCDABCABDBACBDCAADDABCABACBCCABCACBCCCCCBDBACDBBBCBCBACCACACAACCCBABADBCCAAABBCCBB	['D13B', 'C37A', 'A63D', 'D77C']	4	-3.8668156	-5.598474	-7.6578197	-2.0593457
BCCDDDCDCDDDBCDDABCDABCABDBACBDCAADDABCABACBCCABCACBCCCCCBDBACDBBBCBCBACCACACAACCCBABADBCCAAABBCCBB	['D13B', 'C37A', 'A63D', 'D77C']	4	-3.8668156	-5.598474	-7.6578197	-2.0593457
BCCDDDCDCDDDBCDDABCDABCABDBACBDCAADDABCABACBCCABCACBCCCCCBDBACDBBBCBCBACCACACAACCCBABADBCCAAABBCCBB	['D13B', 'C37A', 'A63D', 'D77C']	4	-3.8668156	-5.598474	-7.6578197	-2.0593457
BCCDDDCDCDDDBCDDABCDABCABDBACBDCAADDABCABACBCCABCACBCCCCCBDBACDBBBCBCBACCACACAACCCBABADBCCAAABBCCBB	['D13B', 'C37A', 'A63D', 'D77C']	4	-3.8668156	-5.598474	-7.6578197	-2.0593457
BCCDDDCDCDDDBCDDABCDABCABDBACBDCAADDABCABACBCCABCACBCCCCCBDBACDBBBCBCBACCACACAACCCBABADBCCAAABBCCBB	['D13B', 'C37A', 'A63D', 'D77C']	4	-3.8668156	-5.598474	-7.6578197	-2.0593457
BCCDDDCDCDDDBCDDABCDABCABDBACBDCAADDABCABACBCCABCACBCCCCCBDBACDBBBCBCBACCACACAACCCBABADBCCAAABBCCBB	['D13B', 'C37A', 'A63D', 'D77C']	4	-3.8668156	-5.598474	-7.6578197	-2.0593457
BCCDDDCDCDDDBCDDABCDABCABDBACBDCAADDABCABACBCCABCACBCCCCCBDBACDBBBCBCBACCACACAACCCBABADBCCAAABBCCBB	['D13B', 'C37A', 'A63D', 'D77C']	4	-3.8668156	-5.598474	-7.6578197	-2.0593457
BCCDDDCDCDDDBCDDABCDABCABDBACBDCAADDABCABACBCCABCACBCCCCCBDBACDBBBCBCBACCACACAACCCBABADBCCAAABBCCBB	['D13B', 'C37A', 'A63D', 'D77C']	4	-3.8668156	-5.598474	-7.6578197	-2.0593457
BCCDDDCDCDDDBCDDABCDABCABDBACBDCAADDABCABACBCCABCACBCCCCCBDBACDBBBCBCBACCACACAACCCBABADBCCAAABBCCBB	['D13B', 'C37A', 'A63D', 'D77C']	4	-3.8668156	-5.598474	-7.6578197	-2.0593457
BCCDDDCDCDDDBCDDABCDABCABDBACBDCAADDABCABACBCCABCACBCCCCCBDBACDBBBCBCBACCACACAACCCBABADBCCAAABBCCBB	['D13B', 'C37A', 'A63D', 'D77C']	4	-3.8668156	-5.598474	-7.6578197	-2.0593457
BCCDDDCDCDDDBCDDABCDABCABDBACBDCAADDABCABACBCCABCACBCCCCCBDBACDBBBCBCBACCACACAACCCBABADBCCAAABBCCBB	['D13B', 'C37A', 'A63D', 'D77C']	4	-3.8668156	-5.598474	-7.6578197	-2.0593457
BCCDDDCDCDDDDCDDABCDABCABDBACBDCAACDBBCABACBCCABCCCBCCCCCBDBACDBBBBBCBBCCACACAACCCBABADBCCAABBBCCBB	['D35C', 'C37B', 'A50C', 'A63D', 'C67B', 'A71B', 'D77C', 'A93B']	8	-3.8672209	-5.0232425	-7.0829887	-2.0597463
BCCDDDCDCDDDDCDDABCDABCABDBACBDCAADDBBCABACBCCABCACBCCCCCBDBADDBBBCBBBACCACADAACCCBABADBCCAAABBCCBB	['C37B', 'C62D', 'A63D', 'C69B']	4	-4.685233	-3.8677325	-6.745495	-2.0602617
BCCDDDCDCBDDDCDDABCDABCABDBACDDCAADDABCACACBCCABCACBCCCCCBDBADABBBCBCBACCACACAACCCBABADBCCAABBBCCBB	['D10B', 'B30D', 'C37A', 'B41C', 'C62D', 'D77C', 'A93B']	7	-3.8679285	-6.67005	-8.730506	-2.0604558
AAADDDCDCDDDDCDDABCDABCABDBACBDCAADDCBCACACBCCABCACBCCCCCBDBACBBBBCBCBACCACADAACCCBABADBCCAAABBCCBB	['B1A', 'C2A', 'C3A', 'B41C', 'A63B']	5	-3.8679562	-4.309271	-6.369752	-2.060481
BCCDDDCDCDDDDCDDABBCABCABDBACBDCAADDBBCABACBCCABCACBCCCCCBDBACDBBBCBCBACCACADAACCCBABADBCCAABBBCCBB	['C19B', 'D20C', 'C37B', 'A63D', 'A93B']	5	-3.8688917	-4.698796	-6.760213	-2.061417
BCCDDDCDCBDDDDDDABCDABCABDBACBDCAADDABCACACBCDABCACBCCCCCBDBADDBBBCBCBACCACACAACCCBABADACCAABBBCCBB	['D10B', 'C14D', 'C37A', 'B41C', 'C46D', 'C62D', 'A63D', 'D77C', 'B88A', 'A93B']	10	-2.103156	-3.0830088	-5.1446686	-2.0616598
BCCDDDCDCDDDDCDDABCDABCABDBACBDCAADDCBCABACBCCABCACBCCCCCBDBACCABBCBCBADCACADAACCCBABADBCCAAABBCCBB	['A63C', 'B64A', 'C72D']	3	-3.8697004	-5.547246	-7.609474	-2.0622282
BCCDDDCDCDDDDCDDABCDABCABDBACBDCAADDCBCABACBCCABCACBCCCCCBDBACCABBCBCBADCACADAACCCBABADBCCAAABBCCBB	['A63C', 'B64A', 'C72D']	3	-3.8697004	-5.547246	-7.609474	-2.0622282
BCCDDDCDCBADDCDDABCAABCABDBACBDCAADDCBCACACBCBABCACBCBCCCBDBACABBBCBCBDCCACADAACCCBBBADBCBAAABBCCBB	['D10B', 'D11A', 'D20A', 'B41C', 'C46B', 'C54B', 'A71D', 'A84B', 'C90B']	9	-2.062399	-3.123064	-5.1854544	-2.0623903
BCCDDDCDCCDDDCDDABCDABCABDBACBDCAACDBBCABACBCCABCACBCCCCCBDBACCBBBCBCBACCACADAACCCBABADBCCAABBBCCBB	['D10C', 'D35C', 'C37B', 'A63C', 'A93B']	5	-3.8703117	-5.528047	-7.5908813	-2.0628343
BCCDDDCDCCDDDCDDABCDABCABDBACBDCAACDBBCABACBCCABCACBCCCCCBDBACCBBBCBCBACCACADAACCCBABADBCCAABBBCCBB	['D10C', 'D35C', 'C37B', 'A63C', 'A93B']	5	-3.8703117	-5.528047	-7.5908813	-2.0628343
BCCDDDCDCCDDDCDDABCDABCABDBACBDCAACDBBCABACBCCABCACBCCCCCBDBACCBBBCBCBACCACADAACCCBABADBCCAABBBCCBB	['D10C', 'D35C', 'C37B', 'A63C', 'A93B']	5	-3.8703117	-5.528047	-7.5908813	-2.0628343
BCCDDDCDCDDDDCDDABCDABCABDBACBDCAADDCBCABACBCCABCACBCCCCCBDBACCBBBCBCBADCACADAACCCBABADBCCAAABBCCBB	['A63C', 'C72D']	2	-3.8711748	-5.7926645	-7.856367	-2.0637026
BCCDDDCDCDDDDCDDABCDABCABDBACBDCAADDCBCABACBCCABCACBCCCCCBDBACCBBBCBCBADCACADAACCCBABADBCCAAABBCCBB	['A63C', 'C72D']	2	-3.8711748	-5.7926645	-7.856367	-2.0637026
BCCDDDCDCDDDDCDDABCDABCABDBACBDCAADDCBCABACBCCABCACBCCCCCBDBACCBBBCBCBADCACADAACCCBABADBCCAAABBCCBB	['A63C', 'C72D']	2	-3.8711748	-5.7926645	-7.856367	-2.0637026
BCCDDDCDCDDDDCDDABCDABCABDBACBDCAADDCBCABACBCCABCACBCCCCCBDBACCBBBCBCBADCACADAACCCBABADBCCAAABBCCBB	['A63C', 'C72D']	2	-3.8711748	-5.7926645	-7.856367	-2.0637026
BCCDDDCDCDDDDCDDABCDABCABDBACBDCAADDCBCABACBCCABCACBCCCCCBDBACCBBBCBCBADCACADAACCCBABADBCCAAABBCCBB	['A63C', 'C72D']	2	-3.8711748	-5.7926645	-7.856367	-2.0637026
BCCDDDCDCDDDDCDDABCDABCABDBACBDCAADDCBCABACBCCABCACBCCCCCBDBACCBBBCBCBADCACADAACCCBABADBCCAAABBCCBB	['A63C', 'C72D']	2	-3.8711748	-5.7926645	-7.856367	-2.0637026
BCCDDDCDCDDDDCDDABCDABCABDBACBDCAADDCBCABACBCCABCACBCCCCCBDBACCBBBCBCBADCACADAACCCBABADBCCAAABBCCBB	['A63C', 'C72D']	2	-3.8711748	-5.7926645	-7.856367	-2.0637026
BCCDDDCDCCDDBCDDABCCABCABDBACDDCAACACBCABACBCCABCACBCCCCDBDBADDBBBCBCBACCACADAACCCBABADCCBAABBBCCBB	['D10C', 'D13B', 'D20C', 'B30D', 'D35C', 'D36A', 'C57D', 'C62D', 'A63D', 'B88C', 'C90B', 'A93B']	12	-3.8715496	-5.437854	-7.5019274	-2.0640736
BCCDDDCDCCDDDCDDABCDABCABDBACBDCAADDCBCACACBBCABCACBCCCCCBDBACDBBBCBDBBCBACACAACCCBBBADBCBAABBBCCBB	['D10C', 'B41C', 'C45B', 'A63D', 'C69D', 'A71B', 'C73B', 'D77C', 'A84B', 'C90B', 'A93B']	11	-3.8718095	-6.099336	-8.163673	-2.0643373
BCCDDDCDCDDDDCDDABCDABCABDBACBDCAADDCBCABACBCBABCACBCCCCCBDBACCBBBCBCBADCACADAACCBBABADBCCAAABBCCBB	['C46B', 'A63C', 'C72D', 'C82B']	4	-2.0649037	-3.225944	-5.290842	-2.064898
BCCDDDCDCDDDDCDDABCDABCABDBACBDCAADDCBCABACBCCABCACBCCCCCBDBACDBBBCBABACCACADAACCCBABADBCCAAABBCCBB	['A63D', 'C69A']	2	-3.873064	-5.298364	-7.3639565	-2.0655923
BCCDDDCDCDDDDCDDABADABCABDBACBDCAADDABCABACBCCABCACBCCCCCBDBBCACBBCBCBACCACADAACCCBABADBCCAAABBCCBB	['C19A', 'C37A', 'A61B', 'B64C']	4	-3.8731318	-6.3907375	-8.4564	-2.0656624
BCCDDDCDCDDDDDDDABCDABCABDBACBDCAADDCBCABACBCCABCACBCCCCCBDBADCBBBCBCAACCACADAACCCBABADBCCAAABBCCBB	['C14D', 'C62D', 'A63C', 'B70A']	4	-3.8734188	-5.8504047	-7.9163513	-2.0659466
BCCDDDCDCDDDDDDDABCDABCABDBACBDCAADDCBCABACBCCABCACBCCCCCBDBADCBBBCBCAACCACADAACCCBABADBCCAAABBCCBB	['C14D', 'C62D', 'A63C', 'B70A']	4	-3.8734188	-5.8504047	-7.9163513	-2.0659466
BCCDDDCDCDDDDDDDABCDABCABDBACBDCAADDCBCABACBCCABCACBCCCCCBDBADCBBBCBCAACCACADAACCCBABADBCCAAABBCCBB	['C14D', 'C62D', 'A63C', 'B70A']	4	-3.8734188	-5.8504047	-7.9163513	-2.0659466
BCCDDDCDCDDDDDDDABCDABCABDBACBDCAADDCBCABACBCCABCACBCCCCCBDBADCBBBCBCAACCACADAACCCBABADBCCAAABBCCBB	['C14D', 'C62D', 'A63C', 'B70A']	4	-3.8734188	-5.8504047	-7.9163513	-2.0659466
BCCDDDCDCDDDDDDDABCDABCABDBACBDCAADDCBCABACBCCABCACBCCCCCBDBADCBBBCBCAACCACADAACCCBABADBCCAAABBCCBB	['C14D', 'C62D', 'A63C', 'B70A']	4	-3.8734188	-5.8504047	-7.9163513	-2.0659466
BCCDDDCDCDDDDCDDABCDABCABDBACBDCAADDBBCABACBCDABCACBCDCCCBDBACABBBCBCBACCACADAACCBBABADBCCAAABBCCBB	['C37B', 'C46D', 'C54D', 'C82B']	4	-2.10745	-2.906249	-4.9722023	-2.0659533
AAADDDCDCCDDBCDDABCAABCABDBACBDCAACABBCACACBADAACACBDDCCCBDCADACBBCBCBACCACADAACCABABADBCBAAABBCCBB	['B1A', 'C2A', 'C3A', 'D10C', 'D13B', 'D20A', 'D35C', 'D36A', 'C37B', 'B41C', 'C45A', 'C46D', 'B48A', 'C53D', 'C54D', 'B60C', 'C62D', 'B64C', 'C82A', 'C90B']	20	-2.1079264	-2.7691517	-4.8355856	-2.066434
BCCDDDCDCDDDBCDDABCDABCABDBACBDCAADDCBCABACBCCABCACBCCCCDBDCACDCBBCBCBACCACADAACCCBABADBCCAAABBCCBB	['D13B', 'C57D', 'B60C', 'A63D', 'B64C']	5	-3.8744373	-3.8942237	-5.9611874	-2.0669637
BCCDDDCDCDDDBCDDABCDABCABDBACBDCAADDCBCABACBCCABCACBCCCCDBDCACDCBBCBCBACCACADAACCCBABADBCCAAABBCCBB	['D13B', 'C57D', 'B60C', 'A63D', 'B64C']	5	-3.8744373	-3.8942237	-5.9611874	-2.0669637
BCCDDDCDCCDDDCDDABCDABCABDBACBDCAACACBCABACBCCABCACBCCCCCBDBACDBBBCBABACCADADAACCCBBBADBCBAAABBCCBB	['D10C', 'D35C', 'D36A', 'A63D', 'C69A', 'C75D', 'A84B', 'C90B']	8	-3.8744435	-6.1021934	-8.169164	-2.0669703
BCCDDDCDCDDDDCCDABCDABCABDBACBDCAADACBCABACBCCABCACBCCCCCBDBACACBBCBCBADCACADAACCCBABADBCCAAABBCCBB	['D15C', 'D36A', 'B64C', 'C72D']	4	-3.8744717	-6.369613	-8.43661	-2.066997
AAADDDCDCDDDDCDDABCDABCABDBACBDCAADDCBCABABBCCABCACBCCCCCBDBADDBBBCBCBABCACACAACCCBABADBCCAABBBCCBB	['B1A', 'C2A', 'C3A', 'C43B', 'C62D', 'A63D', 'C72B', 'D77C', 'A93B']	9	-3.8745403	-4.308067	-6.3751326	-2.0670657
BCCDDDCDCCDDDCDDABCDABCABDBACBDCAADDCBCABACBCDABCACBCCCCCBDBACABBBCBCBACCACCDAACCCBBBADBCCAAABBCCBB	['D10C', 'C46D', 'A76C', 'A84B']	4	-2.1101394	-4.0169926	-6.085634	-2.0686417
BCCDDDCDCDDDDCDDABCDABCABDBACBDCAADDCBCABACBCCABCACBCCCCCBDBACCBBBCBCBACCACACAACCCBABADBCCAAABBCCBB	['A63C', 'D77C']	2	-3.8776617	-5.6325917	-7.7027826	-2.070191
BCCDDDCDCDDDDCDDABCDABCABDBACBDCAADDABCABACBCCABCACBCCCCCBDBADACBBCBCBACCACADAACCCBABADBCCAAABBCCBB	['C37A', 'C62D', 'B64C']	3	-3.8778553	-5.912461	-7.9828463	-2.0703855
BCCDDDCDCDDDDCDDABCDABCABDBACBDCAADDABCABACBCCABCACBCCCCCBDBADACBBCBCBACCACADAACCCBABADBCCAAABBCCBB	['C37A', 'C62D', 'B64C']	3	-3.8778553	-5.912461	-7.9828463	-2.0703855
BCCDDDCDCDDDDCDDABCDABCABDBACBDCAADDABCABACBCCABCACBCCCCCBDBACACBBCBCBACCACACAACCCBABADBCCAAABBCCBB	['C37A', 'B64C', 'D77C']	3	-3.8781986	-6.273172	-8.343902	-2.0707297
BCCDDDCDCDDDDCDDABCDABCABDBACBDCAADDABCABACBCCABCACBCCCCCBDBACACBBCBCBACCACACAACCCBABADBCCAAABBCCBB	['C37A', 'B64C', 'D77C']	3	-3.8781986	-6.273172	-8.343902	-2.0707297
BCCDDDCDCCDDDCDDABCDABCABDBACBDCAADDCBCACACBCCABCACBCCCCCBDBACABBBCBCBACCACADAACCCBABADBCCAABBBCCBB	['D10C', 'B41C', 'A93B']	3	-3.8785858	-5.6844387	-7.7555475	-2.0711088
BCCDDDCDCCDDDCDDABCDABCABDBACBDCAADDCBCACACBCCABCACBCCCCCBDBACABBBCBCBACCACADAACCCBABADBCCAABBBCCBB	['D10C', 'B41C', 'A93B']	3	-3.8785858	-5.6844387	-7.7555475	-2.0711088
BCCDDDCDCBDDDCDDABCDABCABDBACBDCAADDCBCABACBCBABCACBCCCCDBDBACDBBBCBCBBCBACADAACCCBBBADBCBAAABBCCBB	['D10B', 'C46B', 'C57D', 'A63D', 'A71B', 'C73B', 'A84B', 'C90B']	8	-2.0714884	-2.1143408	-4.1858225	-2.0714817
BCCDDDCDCDDCDDDDABCDABCABDBACBDCAADDABCABACBCCABCACBCCCCCBDBACBCBBCBCBACCACADAACCCBABADBCCAAABBCCBB	['D12C', 'C14D', 'C37A', 'A63B', 'B64C']	5	-3.878995	-5.2441382	-7.3156643	-2.071526
BCCDDDCDCDDDDCDDABCDABCABDBACBDCAACDABCABACBCCABCACBCCCCCBDBACDBBBCBCBACCACADAACCCBABADBCCAABBBCCBB	['D35C', 'C37A', 'A63D', 'A93B']	4	-3.879815	-6.0890303	-8.161374	-2.0723438
BCCDDDCDCDDBDCDDABBDABCABDBACBDCAADDCBCABACBCDABCACBCCDCCBDBACDCBBCBCBACCACCDAACCCBABADBCCAAABBCCBB	['D12B', 'C19B', 'C46D', 'C55D', 'A63D', 'B64C', 'A76C']	7	-0.3068409	-2.6085758	-4.681386	-2.0728102
BCCDDDCDCDDDDCDDABCDABCABDBACBDCAADDBBCABACBCCABCACBCCCCCBDBACCBBBCBCBACCACACAACCCBABADBCCAABBBCCBB	['C37B', 'A63C', 'D77C', 'A93B']	4	-3.8806705	-5.618963	-7.6921597	-2.073197
BCCDDDCDCDDDDCDDABCDABCABDBACBDCAADDBBCABACBCCABCACBCCCCCBDBACCBBBCBCBACCACACAACCCBABADBCCAABBBCCBB	['C37B', 'A63C', 'D77C', 'A93B']	4	-3.8806705	-5.618963	-7.6921597	-2.073197
BCCDDDCDCDDDBCDDABCDABCABDBACBDCAADDCBCABACBCCABCACBCCCCCBDBACBBBBCBCBACCACADAACCCBABADBCCAAABBCCBB	['D13B', 'A63B']	2	-3.881999	-5.1201415	-7.194669	-2.0745273
BCCDDDCDCDDBDCDDABCDABCABDBACBDCAADDABCACACBCCABCACBCCCCCBDBADDBBBCBBBACCACADAACCCBABADBCCAAABBCCBB	['D12B', 'C37A', 'B41C', 'C62D', 'A63D', 'C69B']	6	-4.8757715	-3.8830109	-6.951309	-2.0755377
BCCDDDCDCDDDBCDDABCDABCABDBACBDCAADDCBCABACBCCABCACBCCCCCBDBACDBBBCBDBADCACADAACCCBABADBCCAAABBCCBB	['D13B', 'A63D', 'C69D', 'C72D']	4	-3.8833637	-5.4853573	-7.5612507	-2.0758934
AAAADDCDCDDDDDDDBBCDABCABDBACBDCAADDABCABACBCCABCACBCCCCCBDBACBBBBCBCBACCACACAACCCBABADBBCAABBBCCBB	['B1A', 'C2A', 'C3A', 'D4A', 'C14D', 'A17B', 'C37A', 'A63B', 'D77C', 'C89B', 'A93B']	11	-3.8834763	-6.18873	-8.264735	-2.0760055
AAADDDCDCCDDDCDDABCDABCABDBACBDCAADDCBCABACBCDABCACBCCCCCBDBADDBBBCBCCBCDACADABCCCBBBADBCBAABBBCCBB	['B1A', 'C2A', 'C3A', 'D10C', 'C46D', 'C62D', 'A63D', 'B70C', 'A71B', 'C73D', 'A79B', 'A84B', 'C90B', 'A93B']	14	-2.1187859	-2.895214	-4.9725	-2.0772858
BCCDDDCDCDDDBCDDABCDABCABDBACDDCAADDCBCABACBCCABCACBCCCCCBDBACDCBBCBCBACCADADAACCCBABADBCCAAABBCCBB	['D13B', 'B30D', 'A63D', 'B64C', 'C75D']	5	-3.8850517	-7.0282	-9.105783	-2.0775833
BCCDDDCDCCDDDCDDABCDABCABDBACBDCAACACBCABACBCCABCACBCCCCCBDBADDBBBCBCBACCACACAACCCBABADBCCAABBBCCBB	['D10C', 'D35C', 'D36A', 'C62D', 'A63D', 'D77C', 'A93B']	7	-3.88513	-5.293824	-7.371477	-2.077653
BCCDDDCDCCDDBCCDADCDABCABDBACBDCAADDCBCABACBCDABCACBCCCCCBDBADDBBBCBCBADDACADAACCCBABADBCBAABBBCCBB	['D10C', 'D13B', 'D15C', 'B18D', 'C46D', 'C62D', 'A63D', 'C72D', 'C73D', 'C90B', 'A93B']	11	-2.2994337	-2.1193943	-4.37733	-2.077896
BCCDDDCDCDDDDDDDABCDABCABDBACBDCAACDCBCABACBCCABCACBCCCCDBDBACDBBBCBCCACCACADAACCCBABADBCCAAABACCBB	['C14D', 'D35C', 'C57D', 'A63D', 'B70C', 'B95A']	6	-5.4844418	-3.885508	-7.562475	-2.0780334
BCCDDDCDCADDDCCDABCDABCABDBACBDCAACDCBCACACBCCABCACBCCCCCBDBACABBBCBCBACCACADAACCCBABADBCCAAABBCCBB	['D10A', 'D15C', 'D35C', 'B41C']	4	-3.8858032	-5.1127043	-7.1910334	-2.078329
BCCDDDCDCCDDBCDDABCDABCABDBACBDCAADDCBCABACBCCABCACBCCCCCBDBADDBDBCBCBACCACADAACCCBABADBCCAAABBCCBB	['D10C', 'D13B', 'C62D', 'A63D', 'B65D']	5	-3.885868	-5.0104694	-7.0888634	-2.078394
BCCDDDCDCDDDDCDDABCDABCABDBACBDCAADDCBCABACBCCABCACBCCCCCBDBACABBBCBCCCACACACAACCCBABADBCCACABBCCBB	['B70C', 'A71C', 'C72A', 'D77C', 'A92C']	5	-3.8861828	-5.9188623	-7.9975758	-2.0787134
BCCDDDCDCDDDDCDCABCDABCABDBACBDCAADDCBCABACBCCABCACBCCCCCBDBACDBBBCBCBACCACADAACCCBABADBCCAAABBCCBB	['D16C', 'A63D']	2	-3.8863335	-5.0679927	-7.1468525	-2.0788598
BCCDDDCDCDDDDCCDABCDABCABDBACBDCAACDBBCABACBCCABCACBCCCCCBDBACDBBBCBCBACCACADAACCCBABADBCCAAABBCCBB	['D15C', 'D35C', 'C37B', 'A63D']	4	-3.886444	-5.0020833	-7.081053	-2.0789695
BCCDDDCDCDDDDCCDABCDABCABDBACBDCAACDBBCABACBCCABCACBCCCCCBDBACDBBBCBCBACCACADAACCCBABADBCCAAABBCCBB	['D15C', 'D35C', 'C37B', 'A63D']	4	-3.886444	-5.0020833	-7.081053	-2.0789695
BCCDDDCDCDDBDCDDABCDABCABDBACBDCAADDABCABACBCCABCACBCCCCCBDBACACBBCBCBACCACADAACCCBABADBCCAAABBCCBB	['D12B', 'C37A', 'B64C']	3	-3.886446	-6.0747876	-8.153763	-2.0789752
BCCDDDCDCDDDDCDDABCDABCDBDBACBDCAADDCBCABACBCDABCACBCCCCCBDBACABBBCBCBACCACACAACCCBABADBCCAABBBCCBB	['A24D', 'C46D', 'D77C', 'A93B']	4	-2.121529	-4.029026	-6.1090574	-2.0800314
BCCDDDCDCADDDCDDABCAABCABDBACBDCAADACBCABACBCDABCACBCCCCCBDBACABBBCBCBBCBACCDAACCCBABADBCCAAABBCCBB	['D10A', 'D20A', 'D36A', 'C46D', 'A71B', 'C73B', 'A76C']	7	-2.121965	-3.3967648	-5.477232	-2.0804672
BCCDDDCDCDDBDCDDABCAABCABDBACBDCAACDCBCABACBCBABCACBCCCCCBDBADDBBBCBCBBBCACADAACCCBABADBCBAAABBCCBB	['D12B', 'D20A', 'D35C', 'C46B', 'C62D', 'A63D', 'A71B', 'C72B', 'C90B']	9	-3.1136909	-2.0809317	-5.194618	-2.0809274
BCCDDDCDCDDBDCDDABCAABCABDBACBDCAACDCBCABACBCBABCACBCCCCCBDBADDBBBCBCBBBCACADAACCCBABADBCBAAABBCCBB	['D12B', 'D20A', 'D35C', 'C46B', 'C62D', 'A63D', 'A71B', 'C72B', 'C90B']	9	-3.1136909	-2.0809317	-5.194618	-2.0809274
BCCDDDCDCDDDDCDDABCAABCABDBACDDCAADDABCABACBCCABCACBCCCCCBDBACABBBCBCBBCCACADAACCCBABADBCCAAABBCCBB	['D20A', 'B30D', 'C37A', 'A71B']	4	-3.889038	-7.4637375	-9.545306	-2.0815687
BCCDDDCDCDDBDCDCABBDABCABDBACBDCAADDCBCABACBCCABCACBCCCCCBDBACACBBCBCBACCACACAACCCBABADBCCACABBCCBB	['D12B', 'D16C', 'C19B', 'B64C', 'D77C', 'A92C']	6	-3.8890848	-5.1871185	-7.26873	-2.0816116
BCCDDDCDCDDDDCDDAACDABCABDBACDDCAADDCBCACACBCCABCACBCCCCCBDBACDBBBCBCBACCACACAACCCBABADCCCAABBBCCBB	['B18A', 'B30D', 'B41C', 'A63D', 'D77C', 'B88C', 'A93B']	7	-3.8892484	-7.394081	-9.475859	-2.0817776
BCCDDDCDCDDCBCDDABBDABCABDBACBDCAADDCBCABACBCCABCACBCCCCCBDBACDBBBCBCBCCCACACAACCCBABADBCCAABBBCCBB	['D12C', 'D13B', 'C19B', 'A63D', 'A71C', 'D77C', 'A93B']	7	-3.889677	-4.8943048	-6.976508	-2.0822034
BCCDDDCDCDDDDCDDABCDABCABDBACBDCAADDCBCABACBCCABCACBCCCCCBDBACDBBBCBCBBCBACABACCCCBABADBCAAAABBCCBB	['A63D', 'A71B', 'C73B', 'D77B', 'A79C', 'C90A']	6	-3.8896933	-5.109243	-7.1914663	-2.0822234
BCCDDDCDCCDDDDDDABCCABCABDBACDDCAADDCBCABACBCCABCACBCCCCCBDBACDBBBCBCBACCACADAACCCBABADBCCAAABBCCBB	['D10C', 'C14D', 'D20C', 'B30D', 'A63D']	5	-3.8898535	-5.9878345	-8.070214	-2.0823798
BCCDDDCDCDDDDCDDABCDABCABDBACBDCAACDCBCABACBCCABCACBCCCCCBDBACDBBBCBCBCCCACADAACCCBABADBCCAAABBCCBB	['D35C', 'A63D', 'A71C']	3	-3.8905334	-5.259715	-7.342778	-2.0830631
BCCDDDCDCCDBDCDDABCDABCABDBACBDCAADDCBCABACBCCABCACBCCCCCBDBACABBBCBCBACCACADAACCCBABADBCCAAABBCCBB	['D10C', 'D12B']	2	-3.8917198	-5.453449	-7.537695	-2.0842462
BCCDDDCDCDDBDCCDABBAABCABDBACBDCAACABBCABACBCCABCACBCCCCDBDBDCCBBBCBCBAACACADAACCCBABADDCCAAABBCCBB	['D12B', 'D15C', 'C19B', 'D20A', 'D35C', 'D36A', 'C37B', 'C57D', 'A61D', 'A63C', 'C72A', 'B88D']	12	-3.8931537	-4.870704	-6.9563856	-2.0856814
BCCDDDCDCDDDDCDDABCDABCABDBACBDCAACACBCABACBCCABCACBCCCCCBDBACDCBBCBCBACCACADAACCCBABADBCCAAABBCCBB	['D35C', 'D36A', 'A63D', 'B64C']	4	-3.8941145	-5.7407994	-7.827441	-2.0866418
BCCDDDCDCDDDDCDDABCDABCABDBACBDCAADDCBCABACBCCABCACBCCCCCBDBACDBBBCBCBABCACACAACCCBABADBCCAAABBCCBB	['A63D', 'C72B', 'D77C']	3	-3.8942404	-4.655277	-6.7420464	-2.0867696
BCCDDDCDCDDDDDDDABCDABCABDBACDDCAADDCBCABACBCCABCACBCCCCCBDBADDBBBCBCBACCACACAACCCBABADCCCAABBBCCBB	['C14D', 'B30D', 'C62D', 'A63D', 'D77C', 'B88C', 'A93B']	7	-3.8949819	-7.0127745	-9.100286	-2.087511
BCCDDDCDCDDDDCDDABCDABCABDBACBDCAADDCBCACABBCCABCACBCCCCCBDBCDDBBBCBCBCDCACACAACCCBABADBCCAABBBCCBB	['B41C', 'C43B', 'A61C', 'C62D', 'A63D', 'A71C', 'C72D', 'D77C', 'A93B']	9	-3.8950424	-4.328965	-6.4165354	-2.0875702
BCCDDDCDCDDCBDDDABCDABCABDBACBDCAADDCBCABACBCCABCACBCCCCCBDBACDBBBCBCBACCACADAACCCBABADBCCAABBBCCBB	['D12C', 'D13B', 'C14D', 'A63D', 'A93B']	5	-3.896696	-5.425012	-7.5142336	-2.0892215
BCCDDDCDCDDDDCCDABCDABCABDBACBDCAADDABCACACBCCABCACBCCCCCBDBACBBBBCBCBACCACADAACCCBABADBCCAAABBCCBB	['D15C', 'C37A', 'B41C', 'A63B']	4	-3.8969069	-5.034079	-7.123514	-2.089435
BCCDDDCDCDDDDCDDABCDABCABDBACBDCAADDCBCACACBCCABCACBCCCCCBDBACCBBBCBCBACCACACAACCCBABADBCCAABBBCCBB	['B41C', 'A63C', 'D77C', 'A93B']	4	-3.8979254	-5.5823708	-7.672824	-2.0904531
BCCDDDCDCDDBDCDCABBDABCABDBACBDCAADDCBAABACBCCABCACBCCCCCBDBACDCBBCBCBACCACADAACCCBABADBCCAAABBCCBB	['D12B', 'D16C', 'C19B', 'C39A', 'A63D', 'B64C']	6	-3.9708538	-3.8980165	-6.0613956	-2.0905418
AAADDDCDCDDDDCDDABCDABCABDBACBDCAADABBCABACBCCABCACBCCCCCBDBADDBBBCBCBACCACADAACCCBABADBCCAABBBCCBB	['B1A', 'C2A', 'C3A', 'D36A', 'C37B', 'C62D', 'A63D', 'A93B']	8	-3.8985329	-4.7724433	-6.8635035	-2.0910602
BCCDDDCDCDDDDCDDABCDABCABDBACBDCAADDABCACACBCCABCACBCCCCCBDBACCDBBCBCBACCACADAACCCBABADBCCAAABBCCBB	['C37A', 'B41C', 'A63C', 'B64D']	4	-3.901431	-5.9098983	-8.003856	-2.0939574
BCCDDDCDCDDDDCDDABCDABCABDBACBDCAADDBBCABACBCCABCACBCCCCCBDBACDBBBCBCBACCADADAACCCBABADBCCAABBBCCBB	['C37B', 'A63D', 'C75D', 'A93B']	4	-3.9032774	-5.7738633	-7.86967	-2.0958066
BCCDDDCDCDDBDCDDABCDABCABDBACBDCAADDCBAACACBCCABCACBCCDCCBDCACDBBBCBCBACCACADAACCCBABADBCCAAABBCCBA	['D12B', 'C39A', 'B41C', 'C55D', 'B60C', 'A63D', 'B99A']	7	-2.0959835	-4.066385	-6.162362	-2.0959773
BCCDDDCDCDDDDCDDABCDABCABDBACBDCADDDCBCABACBCCABCACBCCCCCBDBADDBBBCBCBABCACADAACCCBABADBCCAAABBCCBB	['A34D', 'C62D', 'A63D', 'C72B']	4	-3.9039488	-4.8803473	-6.9768248	-2.0964775
BCCDDDCDCDDDDCDBABCDABCABDBACBDCAACDBBCABACBCCABCACBCCCCCBDBACDBBBCBCBACCACADAACCCBABADBCCAABBBCCBB	['D16B', 'D35C', 'C37B', 'A63D', 'A93B']	5	-3.904313	-5.113408	-7.210245	-2.096837
BCCDDDCDCDDDDCDDABCDABCABDBACBDCAADDCDCABACBCCABCACBCCCCDBDCCCDBBBCBCBBDCACACAACCCBABADBCCAABBBCCBB	['B38D', 'C57D', 'B60C', 'A61C', 'A63D', 'A71B', 'C72D', 'D77C', 'A93B']	9	-3.9108982	-3.9043145	-6.007737	-2.096839
BCCDDDCDCDDDBCDDABCDABCABDBACBDDAACDABCABACBCDBBCACBCCCCCBDBADDBBBCBCBACCACADAACCCBABADBCBAABBCCCBB	['D13B', 'C32D', 'D35C', 'C37A', 'C46D', 'A47B', 'C62D', 'A63D', 'C90B', 'A93B', 'B95C']	11	-2.1390138	-2.3800755	-4.4775934	-2.097518
BCCDDDCDCDDDDCDDABCAABCABDBACBDCAAAACBCABACBCCABCACBCCCCCBDBADDBBBCBCBCCBACADAACCCBABADBCBAAABBCCBB	['D20A', 'D35A', 'D36A', 'C62D', 'A63D', 'A71C', 'C73B', 'C90B']	8	-3.9050403	-4.637587	-6.7351522	-2.0975652
BCCDDDCDCDDDDCCDABCDABCABDBACBDCAADDCBCABACBCCABCACBCCCCCBDBACABBBCBCBACCACADAACCCBABADBCCAAABBCCBB	['D15C']	1	-3.9057274	-5.939871	-8.038127	-2.098256
BCCDDDCDCDDDDCCDABCDABCABDBACBDCAADDCBCABACBCCABCACBCCCCCBDBACABBBCBCBACCACADAACCCBABADBCCAAABBCCBB	['D15C']	1	-3.9057274	-5.939871	-8.038127	-2.098256
BCCDDDCDCDDDDCCDABCDABCABDBACBDCAADDCBCABACBCCABCACBCCCCCBDBACABBBCBCBACCACADAACCCBABADBCCAAABBCCBB	['D15C']	1	-3.9057274	-5.939871	-8.038127	-2.098256
BCCDDDCDCDDDDCCDABCDABCABDBACBDCAADDCBCABACBCCABCACBCCCCCBDBACABBBCBCBACCACADAACCCBABADBCCAAABBCCBB	['D15C']	1	-3.9057274	-5.939871	-8.038127	-2.098256
BCCDDDCDCDDDDCCDABCDABCABDBACBDCAADDCBCABACBCCABCACBCCCCCBDBACABBBCBCBACCACADAACCCBABADBCCAAABBCCBB	['D15C']	1	-3.9057274	-5.939871	-8.038127	-2.098256
BCCDDDCDCDDDDCCDABCDABCABDBACBDCAADDCBCABACBCCABCACBCCCCCBDBACABBBCBCBACCACADAACCCBABADBCCAAABBCCBB	['D15C']	1	-3.9057274	-5.939871	-8.038127	-2.098256
BCCDDDCDCDDDDCCDABCDABCABDBACBDCAADDCBCABACBCCABCACBCCCCCBDBACABBBCBCBACCACADAACCCBABADBCCAAABBCCBB	['D15C']	1	-3.9057274	-5.939871	-8.038127	-2.098256
BCCDDDCDCDDDDCCDABCDABCABDBACBDCAADDCBCABACBCCABCACBCCCCCBDBACABBBCBCBACCACADAACCCBABADBCCAAABBCCBB	['D15C']	1	-3.9057274	-5.939871	-8.038127	-2.098256
BCCDDDCDCDDDDCCDABCDABCABDBACBDCAADDCBCABACBCCABCACBCCCCCBDBACABBBCBCBACCACADAACCCBABADBCCAAABBCCBB	['D15C']	1	-3.9057274	-5.939871	-8.038127	-2.098256
BCCDDDCDCDDDDCCDABCDABCABDBACBDCAADDCBCABACBCCABCACBCCCCCBDBACABBBCBCBACCACADAACCCBABADBCCAAABBCCBB	['D15C']	1	-3.9057274	-5.939871	-8.038127	-2.098256
BCCDDDCDCDDDDCCDABCDABCABDBACBDCAADDCBCABACBCCABCACBCCCCCBDBACABBBCBCBACCACADAACCCBABADBCCAAABBCCBB	['D15C']	1	-3.9057274	-5.939871	-8.038127	-2.098256
BCCDDDCDCDDDDCCDABCDABCABDBACBDCAADDCBCABACBCCABCACBCCCCCBDBACABBBCBCBACCACADAACCCBABADBCCAAABBCCBB	['D15C']	1	-3.9057274	-5.939871	-8.038127	-2.098256
BCCDDDCDCDDDDCCDABCDABCABDBACBDCAADDCBCABACBCCABCACBCCCCCBDBACABBBCBCBACCACADAACCCBABADBCCAAABBCCBB	['D15C']	1	-3.9057274	-5.939871	-8.038127	-2.098256
BCCDDDCDCDDCDDDDABCDABCABDBACBDCAADDABCABACBCCABCACBCCCCCBDBCCDBBBCBCBACCACACAACCCBABADBCCAABBBCCBB	['D12C', 'C14D', 'C37A', 'A61C', 'A63D', 'D77C', 'A93B']	7	-3.906248	-5.158584	-7.2573624	-2.0987782
BCCDDDCDCBDDDCDDABCDABCABDBACBDCAACDCBCABACBCCABCACBCCCCDBDBACDBBBCBCCACCACADAACCCBABADBCCAAABBCCBB	['D10B', 'D35C', 'C57D', 'A63D', 'B70C']	5	-3.91652	-3.9077778	-6.016824	-2.1003036
BCCDDDCDCBDDDCDDABCDABCABDBACBDCAACDCBCABACBCCABCACBCCCCDBDBACDBBBCBCCACCACADAACCCBABADBCCAAABBCCBB	['D10B', 'D35C', 'C57D', 'A63D', 'B70C']	5	-3.91652	-3.9077778	-6.016824	-2.1003036
BCCDDDCDCDDDDCDDABCBABCABDBACBDCAACACBCABACBCDABCACBCCCCCBDBACCCBBCBCBACCACADAACCABACADBCCAAABBCCBB	['D20B', 'D35C', 'D36A', 'C46D', 'A63C', 'B64C', 'C82A', 'B85C']	8	-2.1422968	-3.2418075	-5.3426104	-2.100803
BCCDDDCDCDDDBCDDABCDABCABDBACBDCAADDBBCABACBCCABCACBCCCCCBDBACDBBBCBCBACCACADAACCCBABADBCCAAABBCCBB	['D13B', 'C37B', 'A63D']	3	-3.9088898	-4.9669447	-7.0683613	-2.1014166
BCCDDDCDCDDDBCDDABCDABCABDBACBDCAADDBBCABACBCCABCACBCCCCCBDBACDBBBCBCBACCACADAACCCBABADBCCAAABBCCBB	['D13B', 'C37B', 'A63D']	3	-3.9088898	-4.9669447	-7.0683613	-2.1014166
BCCDDDCDCDDDDCDDABCDABCABDBACBDCAACDCBCABACBCCABCACBCCCCCBDBACDBBBCBCBCDCACADAACCCBABADBCCAAABBCCBB	['D35C', 'A63D', 'A71C', 'C72D']	4	-3.9091969	-5.3369617	-7.4386864	-2.1017246
BCCDDDCDCDDDBCDDABCDABCABDBACDDCAACBCBCABACBCCABCACBCCCCCBDBADACBBCBCBACCCCADAACCCBABADCCCAAABBCCBB	['D13B', 'B30D', 'D35C', 'D36B', 'C62D', 'B64C', 'A74C', 'B88C']	8	-3.9095159	-7.628182	-9.73023	-2.1020484
BCCDDDCDCCDDDCDDABCDABCABDBACBDCAADDBBCABACBCCABCACBCCCCCBDBACDBBBCBCCACCACADAACCCBABADBCCAABBBCCBB	['D10C', 'C37B', 'A63D', 'B70C', 'A93B']	5	-3.9095402	-5.208211	-7.310276	-2.102065
BCCDDDCDCDDDDCDDABBDABCABDBACDDCAADDCBCABACBCCABCACBCCCCCBDBACDBBBCBCBADCACACAACCCBABADCCCAABBBCCBB	['C19B', 'B30D', 'A63D', 'C72D', 'D77C', 'B88C', 'A93B']	7	-3.9101634	-7.214267	-9.316959	-2.1026926
BCCDDDCDCDDBDCDDABCDABCABDBACBDCAADDCBCACACBCCABCACBCCCCCBDBACDBBBCBBBACCACACAACCCBABADBCCAAABBCCBB	['D12B', 'B41C', 'A63D', 'C69B', 'D77C']	5	-4.736229	-3.9106421	-6.8393974	-2.1031685
AAADDABDCDDDDCDDABCDABCABDBACBDCAADDCBCABACBCCABCACBCCCCCBDBACBBBBCBCBACCACADAACCCBABADBCCAAABBCCBB	['B1A', 'C2A', 'C3A', 'D6A', 'C7B', 'A63B']	6	-3.9106884	-5.077146	-7.180361	-2.1032147
BCCDDDCDCCDDDCDDABCDABCABDBACBDCAACAABCABACBCBABCACBCDCCCBDBACDCBBCBCBACCACADAACCCBABADBCBADBBBCCBB	['D10C', 'D35C', 'D36A', 'C37A', 'C46B', 'C54D', 'A63D', 'B64C', 'C90B', 'A92D', 'A93B']	11	-2.103706	-3.8784065	-5.982107	-2.1037006
BCCDDDCDCDDBDCDDABCDABCABDBACBDCAADDABCABACBCCABCACBCCCCCBDBACACBBCBCBACCACACAACCCBABADBCCAAABBCCBB	['D12B', 'C37A', 'B64C', 'D77C']	4	-3.9115963	-5.9919615	-8.096087	-2.104126
AAADDDCDCDDDDCDDABDDABCABDBACBDCAADABBCABACBCCABCACBCCCCCBDBACBBBBCBCBACCACADAACCCBABADBCCAAABBCCBB	['B1A', 'C2A', 'C3A', 'C19D', 'D36A', 'C37B', 'A63B']	7	-3.9129581	-4.5755234	-6.6810102	-2.1054869
BCCDDDCDCBDDDCDDABCDABCABDBACBDCAADDBBCABACBCDABCACBCDCCCBDBACDCBCCBDCACDACACAACCCBBBADBCBAABBBCCBB	['D10B', 'C37B', 'C46D', 'C54D', 'A63D', 'B64C', 'B66C', 'C69D', 'B70C', 'C73D', 'D77C', 'A84B', 'C90B', 'A93B']	14	-2.1485777	-2.5464182	-4.6534996	-2.1070814
BCCDDDCDCDDDDCCDABCDABCABDBACBDCAACDCBCABACBCCABCACBCCCCCBDBACCBBBCBCBACCACADAACCCBABADBCCAAABBCCBB	['D15C', 'D35C', 'A63C']	3	-3.9147072	-5.746887	-7.8541183	-2.1072311
BCCDDDCDCBDDDCCDABCDABCABDBACDDCAADDABCACACBCCABCACBCCCCCBDBDCABBBCBCBACCACACAACCCBABADCCCAAABBCCBB	['D10B', 'D15C', 'B30D', 'C37A', 'B41C', 'A61D', 'D77C', 'B88C']	8	-3.9147468	-8.072876	-10.180148	-2.1072721
AAADDDCDCDDABDDDABCDABCABDBACBDCAADDCBCABACBCCABCACBCCCCCBDBACDCBBCBCBACCACADAACCCBABADBCCAAABBCCBB	['B1A', 'C2A', 'C3A', 'D12A', 'D13B', 'C14D', 'A63D', 'B64C']	8	-3.9150248	-5.085516	-7.193063	-2.1075468
BCCDDDCDCDDDDCCDABCDABCABDBACDDCBACBBBCABADBCCABCACBCCCCCBDCADDBBBCBCBACCACADAACCCBBBADCCBAAABBCCBB	['D15C', 'B30D', 'A33B', 'D35C', 'D36B', 'C37B', 'C43D', 'B60C', 'C62D', 'A63D', 'A84B', 'B88C', 'C90B']	13	-3.9153204	-6.3325	-8.440346	-2.1078458
BCCDDDCDCDDCDCDDABBDABCABDBACDDCAADDCBCABACBCCABCACBCCCCCBDBACDBBBCBCBACCACADAACCCBABADBCCACABBCCBB	['D12C', 'C19B', 'B30D', 'A63D', 'A92C']	5	-3.9159098	-6.094182	-8.202624	-2.1084423
BCCDDDCDCDDDDCDDABCDABCABDBACBDCAADACBCABACBCCABCACBCCCCCBDBACACBBCBCBACCACADAACCCBABADBCCAABBBCCBB	['D36A', 'B64C', 'A93B']	3	-3.9164066	-6.6649575	-8.773892	-2.1089349
BCCDDDCDCCDDDDDDABCDABCABDBACBDCAADDCBCABACBCDABCACBCCDCCBDBADDBBBCBCBBBBACACABCCCBBBADBCBAABBBCCBB	['D10C', 'C14D', 'C46D', 'C55D', 'C62D', 'A63D', 'A71B', 'C72B', 'C73B', 'D77C', 'A79B', 'A84B', 'C90B', 'A93B']	14	-0.34365654	-2.7857924	-4.895422	-2.1096296
BCCDDDCDCDDBBCDDABCDABCABDBACBDCAADDABCABACBCCABCACBCCCCCBDBACDBBBCBCBADCACACAACCCBABADBCCAAABBCCBB	['D12B', 'D13B', 'C37A', 'A63D', 'C72D', 'D77C']	6	-3.9188747	-5.3945103	-7.505912	-2.1114016
BCCDDDCDCDDDDCDDABCDABCABDBACBDCAADDBBCABACBCCABCACBCCCCCBDBACACBBCBCBACCACADAACCCBABADBCCAAABBCCBB	['C37B', 'B64C']	2	-3.9202728	-5.641642	-7.754445	-2.112803
BCCDDDCDCADBDCDDABCAABCABDBACBDCAACACBCACACBCDABCACBCCCCCBDBACCCBBCBCBBCCACACAACCCBBBADBCBAABBBCCBB	['D10A', 'D12B', 'D20A', 'D35C', 'D36A', 'B41C', 'C46D', 'A63C', 'B64C', 'A71B', 'D77C', 'A84B', 'C90B', 'A93B']	14	-2.1545448	-3.765524	-5.8785725	-2.1130486
BCCDDDCDCBDDDCDDABCDABCABDBACBDAAADACBCABACBCDABCACBCCCCCBDBACDCBBCBCBBCCACADAACCCBABADBCCAAABBCCBB	['D10B', 'C32A', 'D36A', 'C46D', 'A63D', 'B64C', 'A71B']	7	-2.1554227	-3.0989618	-5.2128897	-2.1139278
BCCDDDCDCCDDDCCDABCDABCABDBACBDCAADACBCABACBCCAACACBCDCCCBDBADABBBCBCBACCACADAACCCBABADBCCAAABBCCBB	['D10C', 'D15C', 'D36A', 'B48A', 'C54D', 'C62D']	6	-3.921669	-6.2595496	-8.373744	-2.1141944
BCCDDDCDCDDBDDDDABCDABCABDBACBDCAACDCBCABACBCCABCACBCCCCDBDBACDBBBCBCBCDCACACAACCCBABADBCCAABBBCCBB	['D12B', 'C14D', 'D35C', 'C57D', 'A63D', 'A71C', 'C72D', 'D77C', 'A93B']	9	-4.310466	-3.9227366	-6.4257298	-2.115264
BCCDDDCDCDDDDCCDABCDABCABDBACBDCAACDBBCABACBCCABCACBCCCCDBDBACDBBBCBCBACCACADAACCCBABADBCCAABBBCCBB	['D15C', 'D35C', 'C37B', 'C57D', 'A63D', 'A93B']	6	-3.923339	-4.0066338	-6.1224995	-2.1158657
BCCDDDCDCDDDDCDDABCDABCABDBACBDCAACDABCABACBCCABCACBCCCCCBDBACDBBBCBCBADCACACAACCCBABADBCCAABBBCCBB	['D35C', 'C37A', 'A63D', 'C72D', 'D77C', 'A93B']	6	-3.9236298	-6.083451	-8.199609	-2.116158
BCCDDDCDCDDDDCCDABCDABCABDBACBDCAADDCBCABACBCCABCACBCCCCCBDBACABBBCBCBADCACADAACCCBABADBCCAAABBCCBB	['D15C', 'C72D']	2	-3.9243898	-6.0171175	-8.134034	-2.1169167
BCCDDDCDCDDDDCCDABCDABCABDBACBDCAADDCBCACACBCCABCACBCCCCCBDBACABBBCBCBACCACADAACCCBABADBCCAABBBCCBB	['D15C', 'B41C', 'A93B']	3	-3.925991	-5.8896503	-8.008165	-2.118515
BCCDDDCDCDDDDCCDABCDABCABDBACBDCAADDCBCACACBCCABCACBCCCCCBDBACABBBCBCBACCACADAACCCBABADBCCAABBBCCBB	['D15C', 'B41C', 'A93B']	3	-3.925991	-5.8896503	-8.008165	-2.118515
BCCDDDCDCDDDDCCDABCDABCABDBACBDCAADDCBCACACBCCABCACBCCCCCBDBACABBBCBCBACCACADAACCCBABADBCCAABBBCCBB	['D15C', 'B41C', 'A93B']	3	-3.925991	-5.8896503	-8.008165	-2.118515
BCCDDDCDCDDDDCCDABCDABCABDBACBDCAADDCBCACACBCCABCACBCCCCCBDBACABBBCBCBACCACADAACCCBABADBCCAABBBCCBB	['D15C', 'B41C', 'A93B']	3	-3.925991	-5.8896503	-8.008165	-2.118515
BCCDDDCDCDDDDCCDABCDABCABDBACBDCAADDCBCACACBCCABCACBCCCCCBDBACABBBCBCBACCACADAACCCBABADBCCAABBBCCBB	['D15C', 'B41C', 'A93B']	3	-3.925991	-5.8896503	-8.008165	-2.118515
BCCDDDCDCDDDDCDDABCDABCABDBACBDCCADDCBCACACBCCABCACBCCCCCBDBACDBBBCBCCACCACADAACCCBABADBCCAABBBCCBB	['A33C', 'B41C', 'A63D', 'B70C', 'A93B']	5	-3.9260292	-5.4084797	-7.527033	-2.1185532
BCCDDDCDCDDDDCDDABCDABCABDBACBDCBADBCBBACABBCDBBCACBBDCCCBDBADDBBBCBCBBCCACADAACCABABADBCCAABBBCCBB	['A33B', 'D36B', 'C39B', 'B41C', 'C43B', 'C46D', 'A47B', 'C53B', 'C54D', 'C62D', 'A63D', 'A71B', 'C82A', 'A93B']	14	-2.1600814	-2.856079	-4.9746666	-2.1185875
BCCDDDCDCDDDBCDDABCDABCABDBACBDCAADDCBCACACBCCABCACBCCCCCBDBACDBBBCBCBACCACADAACCCBABADBCCAAABBCCBB	['D13B', 'B41C', 'A63D']	3	-3.9261436	-4.930353	-7.0490227	-2.1186695
BCCDDDCDCDDDBCDDABCDABCABDBACBDCAADDCBCACACBCCABCACBCCCCCBDBACDBBBCBCBACCACADAACCCBABADBCCAAABBCCBB	['D13B', 'B41C', 'A63D']	3	-3.9261436	-4.930353	-7.0490227	-2.1186695
BCCDDDCDCDDDDCDDABCDABCABDBACBDCAADDCBCABACBCCABCACBCCCCCBDBACCDABCBCBACCACADAACCCBABADBCCAAABBCCBB	['A63C', 'B64D', 'B65A']	3	-3.9264088	-5.6371717	-7.7561064	-2.1189346
BCCDDDCDCDDCDCDDABBAABCABDBACBDCAADDCBCABACBCDABCACBCCCCCBDBACDBBBBBCBACDACACAACCCBABADBCBAABBBCCBB	['D12C', 'C19B', 'D20A', 'C46D', 'A63D', 'C67B', 'C73D', 'D77C', 'C90B', 'A93B']	10	-3.6802373	-2.1610508	-5.7997885	-2.1195512
AAADDDCDCCADBCDDABCAABCABDBACBDCAACABBCABACBCDABCACBCDDCDCDCACDBBBCBCBBBBACADAACCCBBBADBCBAAABBCCBB	['B1A', 'C2A', 'C3A', 'D10C', 'D11A', 'D13B', 'D20A', 'D35C', 'D36A', 'C37B', 'C46D', 'C54D', 'C55D', 'C57D', 'B58C', 'B60C', 'A63D', 'A71B', 'C72B', 'C73B', 'A84B', 'C90B']	22	-0.6554098	-0.35442448	-2.7758121	-2.1204023
BCCDDDCDCDDDDCDDABCCABCABDBACDDCAADDCBCABACBCCABCACBCCCCDBDBADDBBBCBCBCCCACACAACCCBABADBCCAABBBCCBB	['D20C', 'B30D', 'C57D', 'C62D', 'A63D', 'A71C', 'D77C', 'A93B']	8	-3.9294872	-4.6023293	-6.7243443	-2.122015
BCCDDDCDCADDBDDDABCDABCABDBACBDCAADDCBCABACBCBABCACBCCCCDBDBACDBBBCBCBADCACADAACCCBABADBCCAABBBCCBB	['D10A', 'D13B', 'C14D', 'C46B', 'C57D', 'A63D', 'C72D', 'A93B']	8	-3.4919772	-2.1221018	-5.614072	-2.1220946
BCCDDDCDCDDBDCDDABCDABCABDBACBDCAADDCBCABACBCCABCACBCCCCCBDBACCBBBCBCBADCACACAACCCBABADBCCAAABBCCBB	['D12B', 'A63C', 'C72D', 'D77C']	4	-3.9297218	-5.4286275	-7.5508776	-2.12225
BCCDDDCDCDDDDCDDABCDABCABDBACBDCAADDBBCABABBCCABCACBCCCCCBDBADDBBBCBCBCCCACACAACCCBABADBCCAABBBCCBB	['C37B', 'C43B', 'C62D', 'A63D', 'A71C', 'D77C', 'A93B']	7	-3.929965	-4.80866	-6.9311543	-2.1224942
BCCDDDCDCCDDBCCDABCBABCABDBACBDCAADACBCABACBCDABCACBCCCCCBDCADDBBBCBCBDCCCCADAACCCBBBAABCBAABBBCCBB	['D10C', 'D13B', 'D15C', 'D20B', 'D36A', 'C46D', 'B60C', 'C62D', 'A63D', 'A71D', 'A74C', 'A84B', 'D87A', 'C90B', 'A93B']	15	-2.164342	-3.5281057	-5.6509514	-2.1228456
BCCDDDCDCDDDDCDDABCDABCABDBACDDCAACCABCABACBCCABCACBCCCCCBDBACDBBBCBCBBDCACACAACCCBABADCCCAABBBCCBB	['B30D', 'D35C', 'D36C', 'C37A', 'A63D', 'A71B', 'C72D', 'D77C', 'B88C', 'A93B']	10	-3.9304461	-8.241558	-10.364533	-2.1229753
BCCDDDCDCDDDDCDDABCDABCABDBACBDCAADDCBCABABBCCABCACBCCCCCBDBACDBBBCBCBACCACADAACCCBABADBCCAAABBCCBB	['C43B', 'A63D']	2	-3.9304953	-5.4772415	-7.6002645	-2.123023
BCCDDDCDCDDDDCCDABCDABCABDBACBDCAADDCBCABACBCCABCACBCCCCCBDBACABBBCBCBACCACACAACCCBABADBCCAAABBCCBB	['D15C', 'D77C']	2	-3.9308777	-5.8570447	-7.9804487	-2.123404
BCCDDDCDCDDDDCCDABCDABCABDBACBDCAADDCBCABACBCCABCACBCCCCCBDBACABBBCBCBACCACACAACCCBABADBCCAAABBCCBB	['D15C', 'D77C']	2	-3.9308777	-5.8570447	-7.9804487	-2.123404
BCCDDDCDCDDBDCDDABCDABCABDBACBDCAADDCBCABACBCCABCACBCCCCCBDBACDBBBCBCBACCACADAACCCBABADBCCACABBDCBB	['D12B', 'A63D', 'A92C', 'C96D']	4	-3.9312053	-5.5661793	-7.6899147	-2.1237354
BCCDDDCDCDDADCDDABCDABCABDBACBDCAADDCBCABACBCCABCACBCCCCCBDBACDBBBCBCBACCACADAACCCBABADBCCAABBBCCBB	['D12A', 'A63D', 'A93B']	3	-3.9314833	-5.83014	-7.954152	-2.124012
BCCDDDCDCDDDDCDDABBDABCABDBACBDCAADDCBCABACBCDABCACBCCCCCBDBADDBBBCBCBACBACACAACCABABADBCBAABBBCCBB	['C19B', 'C46D', 'C62D', 'A63D', 'C73B', 'D77C', 'C82A', 'C90B', 'A93B']	9	-2.6285982	-2.1659575	-4.753063	-2.124465
BCCDDDCDCADDDCDDABCDABCABDBACBDCAADDABCABACBCBABCACBBCDCCBDBACDBBBBBCBBCBACACAACCCBABADBCBAAABCCCBB	['D10A', 'C37A', 'C46B', 'C53B', 'C55D', 'A63D', 'C67B', 'A71B', 'C73B', 'D77C', 'C90B', 'B95C']	12	-0.3171258	-1.183711	-3.308299	-2.124588
BCCDDDCDCDDDDCDDABCDABCABDBACDDCAADDCBCABACBCCABCACBCCCCCBDBACDBBBCBCBBCCACAAAACCCBABADBCCAAABBCCBB	['B30D', 'A63D', 'A71B', 'D77A']	4	-3.932603	-6.3667445	-8.49188	-2.125136
BCCDDDCDCDDBDCCDABCDABCABDBACBDCAACDBBCABABBCCABCACBCCCCCBDBACABBBCBCBACCACADAACCDBABADBCCAAABBCCBB	['D12B', 'D15C', 'D35C', 'C37B', 'C43B', 'C82D']	6	-3.9331412	-6.134426	-8.260094	-2.1256676
BCCDDDCDCDDDDCDDABCDABCABDBACBDCAACDBBCABACBCCABCACBCCCCCBDBACABBBCBCBBABACACAACCCBABADBCCAABBBCCBB	['D35C', 'C37B', 'A71B', 'C72A', 'C73B', 'D77C', 'A93B']	7	-3.9343147	-5.666939	-7.7937794	-2.1268406
BCCDDDCDCDDDDCDDABCDABCABDBACDDCAADDABCABACBCCABCACBCCCCCBDBACDBBBCBCBACCACACAACCCBABADBCCAABBBCCBB	['B30D', 'C37A', 'A63D', 'D77C', 'A93B']	5	-3.9354753	-7.136067	-9.264071	-2.1280046
BCCDDDCDCDDDDCDDABCDABCABDBACBDCAADDABCABACBCCABCACBCCCCCBDBACBBBBCBCBACCACADAACCCBABADBCCAAABBCCBB	['C37A', 'A63B']	2	-3.9372406	-5.4568915	-7.5866613	-2.1297698
BCCDDDCDCDDDDCDDABCDABCABDBACBDCAADDABCABACBCCABCACBCCCCCBDBACBBBBCBCBACCACADAACCCBABADBCCAAABBCCBB	['C37A', 'A63B']	2	-3.9372406	-5.4568915	-7.5866613	-2.1297698
BCCDDDCDCDDDDCDDABCDABCABDBACBDCAADDABCABACBCCABCACBCCCCCBDBACBBBBCBCBACCACADAACCCBABADBCCAAABBCCBB	['C37A', 'A63B']	2	-3.9372406	-5.4568915	-7.5866613	-2.1297698
BCCDDDCDCDDDDCDDABCDABCABDBACBDCAADDCBCACACBCCABCACBCCCCCBDBACACBBCBCBACCACADAACCCBABADBCCAAABBCCBB	['B41C', 'B64C']	2	-3.9375277	-5.60505	-7.7351065	-2.1300564
BCCDDDCDCDDDBCDDABCDABCABDBACBDCAADDABCABACBCCABCACBCCCCCBDBACACBBCBCBACCACADAACCCBABADBCCAAABBCCBB	['D13B', 'C37A', 'B64C']	3	-3.9376907	-6.3523283	-8.48255	-2.1302214
BCCDDDCDCDDDDCDDABCDABCABDBACBDCAADDCBCABACBCCABCACBCCCCCBDBACABBBCBCBCCCACACAACCCBABADBCCAABBBCCBB	['A71C', 'D77C', 'A93B']	3	-3.9379778	-6.101047	-8.231555	-2.130508
BCCDDDCDCCDDDCDDABBCABCABDBACBDCAACABBCABACBCCABCACBCACCCBDBADDBBBBBABDCBACADAACCDBABADBCBAAABBCCBB	['D10C', 'C19B', 'D20C', 'D35C', 'D36A', 'C37B', 'C54A', 'C62D', 'A63D', 'C67B', 'C69A', 'A71D', 'C73B', 'C82D', 'C90B']	15	-4.3414545	-3.9381456	-6.472128	-2.1306734
BCCDDDCDCDDADCDDABCCABCABDBACDDCAACACBCABACBCCABCACBCCCCDCDBADCCBBCBCBACCACADAACCCBABADBCCAAABBCCBA	['D12A', 'D20C', 'B30D', 'D35C', 'D36A', 'C57D', 'B58C', 'C62D', 'A63C', 'B64C', 'B99A']	11	-3.9382267	-5.4638453	-7.5945997	-2.1307545
BCCDDDCDCCDBDCCDABBDABCABDBACBDCAABABBCACACBCCABCACBCCCCCBDBACDBBBCBCBACCACADAACCCBABADBCCAABBBCCBB	['D10C', 'D12B', 'D15C', 'C19B', 'D35B', 'D36A', 'C37B', 'B41C', 'A63D', 'A93B']	10	-4.7617683	-3.9385796	-6.892871	-2.1311026
AAADDDCDCCDCBDDDABCDABCABDBACBDCAADDCBCABACBCDABCACBCCCCCBDCADDBBBCBCBCDCACADADCCDBBBADBCCACBBBCCBB	['B1A', 'C2A', 'C3A', 'D10C', 'D12C', 'D13B', 'C14D', 'C46D', 'B60C', 'C62D', 'A63D', 'A71C', 'C72D', 'A79D', 'C82D', 'A84B', 'A92C', 'A93B']	18	-2.1729422	-3.6743693	-5.8058186	-2.1314492
AAADDDCDCDDDDDDCABCDABCABDBACBDCAADDCBCABACBCCABCACBCCCCCBDBADBBBBCBCBADCACACAACCCBABADBCCAAABBCCBB	['B1A', 'C2A', 'C3A', 'C14D', 'D16C', 'C62D', 'A63B', 'C72D', 'D77C']	9	-4.2872353	-3.939385	-6.4191465	-2.1319113
AACDDDCDCCDDDCDDABCDABCABDBACDDCAADDCBCABACBCCABCACBCCCCCBDBACABBBCBCBACCACADAACCCBABADBCCAABBBCCBB	['B1A', 'C2A', 'D10C', 'B30D', 'A93B']	5	-3.9397964	-7.0033536	-9.135676	-2.1323228
BCCDDDCDCDDDDCCDABCDABCABDBACBDCAADACBCABACBCCABCACBCCCCCBDBACBBBBCBCBACCACADAACCCBABADBCCAAABBCCBB	['D15C', 'D36A', 'A63B']	3	-3.9400015	-5.3932605	-7.5257883	-2.1325278
BCCDDDCDCDDDBCDDABCCABCABDBACBDDAABABBCACACBCDBBCACBCCCCCBDBACDBBBCBCBACCACADAACCCBABADBCCAAABBCCBB	['D13B', 'D20C', 'C32D', 'D35B', 'D36A', 'C37B', 'B41C', 'C46D', 'A47B', 'A63D']	10	-4.378768	-2.1750464	-6.5123158	-2.1335478
BCCDDDCDCCDDDCDDABBDABCABDBACBDCAADDCBCABACBCDABCACBCCCCCBDBACDBBBBBABBBBACADAACCCBBBADBCBAAABBCCBB	['D10C', 'C19B', 'C46D', 'A63D', 'C67B', 'C69A', 'A71B', 'C72B', 'C73B', 'A84B', 'C90B']	11	-3.269691	-2.175376	-5.4035673	-2.1338763
BCCDDDCDCDDDDDDDABCDABCABDBACBDCAADDCBCABACBCCABCACBCCCCCBDBACDBBBCBCBADCACADAACCCBABADBCCAAABBCCBB	['C14D', 'A63D', 'C72D']	3	-3.9416265	-5.3743978	-7.5085545	-2.1341567
BCCDDDCDCCDDDCDDABCDABCABDBACBDCAADDCBCABACBCDABCACBCCCCCBDBACDBBBCBCBACCACACAACCCBABADBCBADBBBCCBB	['D10C', 'C46D', 'A63D', 'D77C', 'C90B', 'A92D', 'A93B']	7	-2.1758084	-3.2471447	-5.3814573	-2.1343126
BCCDDDCDCDDDDCDDABCDABCABDBACBDCAADDCBCABACBCCABCACBCCCCDBDBBCDBBBCBCBABCACACAACCCBABADBCCAABBBCCBB	['C57D', 'A61B', 'A63D', 'C72B', 'D77C', 'A93B']	6	-3.9421377	-4.244202	-6.3788652	-2.134663
BCCDDDCDCDDDBCDDABCDABCABDBACBDCAADDCBCABACBCCABCACBCCCCDBDBACDBBBCBCBACCACADAACCCBABADBCCAAABBCCBB	['D13B', 'C57D', 'A63D']	3	-3.9427767	-3.9851265	-6.120428	-2.1353016
BCCDDDCDCDDDBCDDABCDABCABDBACBDCAADDCBCABACBCCABCACBCCCCDBDBACDBBBCBCBACCACADAACCCBABADBCCAAABBCCBB	['D13B', 'C57D', 'A63D']	3	-3.9427767	-3.9851265	-6.120428	-2.1353016
BCCDDDCDCDDDBCDDABCDABCABDBACBDCAADDCBCABACBCCABCACBCCCCDBDBACDBBBCBCBACCACADAACCCBABADBCCAAABBCCBB	['D13B', 'C57D', 'A63D']	3	-3.9427767	-3.9851265	-6.120428	-2.1353016
BCCDDDCDCDDDDCDDABCDABCABDBACBDCBACDBBCABACBCCABCACBCCCCDBDBACDCDBCBCBACCACACAACCCBABADBCCAAABBCCBB	['A33B', 'D35C', 'C37B', 'C57D', 'A63D', 'B64C', 'B65D', 'D77C']	8	-4.1691904	-3.9430041	-6.3047237	-2.1355333
BCCDDDCDCDDDDDDDABCDABCABDBACBDCAADDCBCACACBCCABCACBCCCCCBDBACDBBBCBCBACCACADAACCCBABADBCCAABBBCCBB	['C14D', 'B41C', 'A63D', 'A93B']	4	-3.9432278	-5.2469306	-7.3826847	-2.135754
BCCDDDCDCDDDDCDDABCDABCABDBACBDCAACACBCABACBCCABCACBCCCCDBDBADDBBBCBCBBDCACACAACCCBABADBCCAABBBCCBB	['D35C', 'D36A', 'C57D', 'C62D', 'A63D', 'A71B', 'C72D', 'D77C', 'A93B']	9	-3.9439735	-4.3112245	-6.447728	-2.1365037
BCCDDDCDCDDDDCDDABCDABCABDBACBDCAACDCBCABACBCCABCACBCCCCCBDBACDBBBCBCBACCACADAACCCBABADBCCAAABBCCBB	['D35C', 'A63D']	2	-3.9440317	-5.388304	-7.524864	-2.13656
BCCDDDCDCDDDDCDDABCDABCABDBACBDCAACDCBCABACBCCABCACBCCCCCBDBACDBBBCBCBACCACADAACCCBABADBCCAAABBCCBB	['D35C', 'A63D']	2	-3.9440317	-5.388304	-7.524864	-2.13656
BCCDDDCDCDDDDCDDABCDABCABDBACBDCAACDCBCABACBCCABCACBCCCCCBDBACDBBBCBCBACCACADAACCCBABADBCCAAABBCCBB	['D35C', 'A63D']	2	-3.9440317	-5.388304	-7.524864	-2.13656
BCCDDDCDCDDDDCDDABCDABCABDBACBDCAACDCBCABACBCCABCACBCCCCCBDBACDBBBCBCBACCACADAACCCBABADBCCAAABBCCBB	['D35C', 'A63D']	2	-3.9440317	-5.388304	-7.524864	-2.13656
BCCDDDCDCDDDDCDDABCDABCABDBACBDCAACDCBCABACBCCABCACBCCCCCBDBACDBBBCBCBACCACADAACCCBABADBCCAAABBCCBB	['D35C', 'A63D']	2	-3.9440317	-5.388304	-7.524864	-2.13656
BCCDDDCDCDDDDCDDABCDABCABDBACBDCAACDCBCABACBCCABCACBCCCCCBDBACDBBBCBCBACCACADAACCCBABADBCCAAABBCCBB	['D35C', 'A63D']	2	-3.9440317	-5.388304	-7.524864	-2.13656
BCCDDDCDCDDDDCDDABCDABCABDBACBDCAACDCBCABACBCCABCACBCCCCCBDBACDBBBCBCBACCACADAACCCBABADBCCAAABBCCBB	['D35C', 'A63D']	2	-3.9440317	-5.388304	-7.524864	-2.13656
BCCDDDCDCDDDDCDDABCDABCABDBACBDCAACDCBCABACBCCABCACBCCCCCBDBACDBBBCBCBACCACADAACCCBABADBCCAAABBCCBB	['D35C', 'A63D']	2	-3.9440317	-5.388304	-7.524864	-2.13656
BCCDDDCDCDDDDCDDABCDABCABDBACBDCAACDCBCABACBCCABCACBCCCCCBDBACDBBBCBCBACCACADAACCCBABADBCCAAABBCCBB	['D35C', 'A63D']	2	-3.9440317	-5.388304	-7.524864	-2.13656
BCCDDDCDCDDDDCDDABCDABCABDBACBDCAACDCBCABACBCCABCACBCCCCCBDBACDBBBCBCBACCACADAACCCBABADBCCAAABBCCBB	['D35C', 'A63D']	2	-3.9440317	-5.388304	-7.524864	-2.13656
BCCDDDCDCDDDDCDDABCDABCABDBACBDCAACDCBCABACBCCABCACBCCCCCBDBACDBBBCBCBACCACADAACCCBABADBCCAAABBCCBB	['D35C', 'A63D']	2	-3.9440317	-5.388304	-7.524864	-2.13656
BCCDDDCDCDDDDCDDABCDABCABDBACBDCAACDCBCABACBCCABCACBCCCCCBDBACDBBBCBCBACCACADAACCCBABADBCCAAABBCCBB	['D35C', 'A63D']	2	-3.9440317	-5.388304	-7.524864	-2.13656
BCCDDDCDCDDDDCDDABCDABCABDBACBDCAACACBCABACBCCABCACBCCCCDBDBADDBBBCBCBADCACADAACCCBABADDCAAAABBCCBB	['D35C', 'D36A', 'C57D', 'C62D', 'A63D', 'C72D', 'B88D', 'C90A']	8	-3.944036	-4.7733283	-6.90989	-2.1365619
BCCDDDCDCDDDDCDDABCDABCABDBACBDCAADBCBCABACBCCABCACBCCCCCBDBACACBBCBCBACCACADAACCCBABADBCCAAABBCCBB	['D36B', 'B64C']	2	-3.9441013	-6.332968	-8.469601	-2.1366324
BCCDDDCDCDDDBCCDABCDABCABDBACDDCAADDABCABACBCCABCACBCCCCDBDBACDBBBCBCBACCACADAACCCBABADCCCAAABBCCBB	['D13B', 'D15C', 'B30D', 'C37A', 'C57D', 'A63D', 'B88C']	7	-3.9441247	-6.1876	-8.324249	-2.1366491
BCCDDDCDCDDDDCDDABBDABCABDBACBDCAADDCBCABACBCCABCACBCCCCCBDBACDBBBCBCBACCACADAACCCBABADBCCAAABBCCBB	['C19B', 'A63D']	2	-3.944291	-4.97786	-7.1146784	-2.1368184
BCCDDDCDCDDDDCDDABCDABCABDBACBDCDADDCBCABACBCCABCACBCCCCCBDBACCCBBCBCBACCACADAACCCBABADBCCAAABBCCBB	['A33D', 'A63C', 'B64C']	3	-3.944727	-5.2587132	-7.3959675	-2.1372542
BCCDDDCDCDDDDCDDABCDABCABDBACBDCDADDCBCABACBCCABCACBCCCCCBDBACCCBBCBCBACCACADAACCCBABADBCCAAABBCCBB	['A33D', 'A63C', 'B64C']	3	-3.944727	-5.2587132	-7.3959675	-2.1372542
BCCDDDCDCDDDDCDDABCDABCABDBACBDCAADDCBCACACBCCABCACBCCCCCBDCADCBBBCBCBADCACACAACCCBABADBCCADABBCCBB	['B41C', 'B60C', 'C62D', 'A63C', 'C72D', 'D77C', 'A92D']	7	-3.9459677	-4.4469295	-6.5854254	-2.138496
AAADDDCDCDDDDCCCABCDABCABDBACBDCAADDABCABACBCCABCACBCCCCDBDBACCBBBCBABACCACADAACCCBABADBCCAAABBCCBB	['B1A', 'C2A', 'C3A', 'D15C', 'D16C', 'C37A', 'C57D', 'A63C', 'C69A']	9	-4.3400536	-3.9463606	-6.478938	-2.1388845
BCCDDDCDCDDDDCDDABCDABCABDBACBDCAACDABCACACBCCABCACBCCCCCBDBACDBBBCBCBACCACADAACCCBABADBCBAAABBCCBB	['D35C', 'C37A', 'B41C', 'A63D', 'C90B']	5	-3.9464612	-5.122583	-7.261568	-2.1389852
AAADDDCDCDDDDCDDABCDABCABDBACBDCAACDABCACACBCCABCACBCCCCCBDBADDBBBCBCBCCCACACAACCCBABADBCCAABBBCCBB	['B1A', 'C2A', 'C3A', 'D35C', 'C37A', 'B41C', 'C62D', 'A63D', 'A71C', 'D77C', 'A93B']	11	-3.9468756	-4.6195364	-6.758938	-2.1394014
BCCDDDCDCDDDDCDDABCDABCABDBACBDCAACDBBCABACBCCABCACBCCCCCBDBACDBBBCBCBACCACADAACCCBABADBCCAABBBCCBB	['D35C', 'C37B', 'A63D', 'A93B']	4	-3.9470415	-5.374675	-7.514242	-2.1395674
BCCDDDCDCDDDDCDDABCDABCABDBACBDCAACDBBCABACBCCABCACBCCCCCBDBACDBBBCBCBACCACADAACCCBABADBCCAABBBCCBB	['D35C', 'C37B', 'A63D', 'A93B']	4	-3.9470415	-5.374675	-7.514242	-2.1395674
BCCDDDCDCDDDDCDDABCDABCABDBACBDCAACDBBCABACBCCABCACBCCCCCBDBACDBBBCBCBACCACADAACCCBABADBCCAABBBCCBB	['D35C', 'C37B', 'A63D', 'A93B']	4	-3.9470415	-5.374675	-7.514242	-2.1395674
BCCDDDCDCDDDDCDDABCDABCABDBACBDCAACDBBCABACBCCABCACBCCCCCBDBACDBBBCBCBACCACADAACCCBABADBCCAABBBCCBB	['D35C', 'C37B', 'A63D', 'A93B']	4	-3.9470415	-5.374675	-7.514242	-2.1395674
AAADDDCDCDDDDCDDABCAABCABDBACBDCAADDCBCABACBCDABCACBCCCCCBDBACDBBBCBCBDCCCCACAACCCBABADBCBAABBBCCBB	['B1A', 'C2A', 'C3A', 'D20A', 'C46D', 'A63D', 'A71D', 'A74C', 'D77C', 'C90B', 'A93B']	11	-2.181179	-3.038498	-5.178179	-2.1396809
BCCDDDCDCDDDDCDDABCDABCABDBACBDCAADDABCABACBCCABCACBCCCCCBDBACABBBCBCBACCACACAACCCBABADBDCAAABBCCBB	['C37A', 'D77C', 'C89D']	3	-3.9481378	-6.316731	-8.457399	-2.1406684
BCCDDDCDCDDDDCDDABCDABCABDBACBDCAADDABCABACBCCABCACBCCCCCBDBACABBBCBCBACCACACAACCCBABADBDCAAABBCCBB	['C37A', 'D77C', 'C89D']	3	-3.9481378	-6.316731	-8.457399	-2.1406684
BCCDDDCDCDDDDCDDABCDABCABDBACBDCAADDABCABACBCCABCACBCCCCCBDBACABBBCBCBACCACACAACCCBABADBDCAAABBCCBB	['C37A', 'D77C', 'C89D']	3	-3.9481378	-6.316731	-8.457399	-2.1406684
BCCDDDCDCDDDDCCDABCDABCABDBACBDCAADDBBCABACBCCABCACBCCCCCBDCACDBBBCBCBACCACADAACCCBABADBCCAAABBCCBB	['D15C', 'C37B', 'B60C', 'A63D']	4	-3.948471	-4.796665	-6.937662	-2.140997
BCCDDDCDCDDDBDCDABCDABCABDBACBDCAADDBBCABACBCCABCACBCCCCCBDBACDBBBCBCBACCACADAACCCBABADBCCAAABBCCBB	['D13B', 'C14D', 'D15C', 'C37B', 'A63D']	5	-3.950017	-4.9072614	-7.0498037	-2.1425424
BCCDDDCDCDDDDDDDABCDABCABDBACBDCAADDABCACACBCCABCACBCCCCCBDBACDBBBCBCBACCACACAACCCBABADBCBAAABBCCBB	['C14D', 'C37A', 'B41C', 'A63D', 'D77C', 'C90B']	6	-3.950542	-4.9486036	-7.091673	-2.1430693
BCCDDDCDCDDBDCDDABCDABCABDBACBDCAADDCBCABACBCCABCACBCCCCCBDBACDBBBCBCBACBACADAACCCBABADBCCAAABBCCBB	['D12B', 'A63D', 'C73B']	3	-3.9507065	-4.840557	-6.9837914	-2.1432343
BCCDDDCDCDDDDDDDABCDABCABDBACBDCAADDBBCABACBCCABCACBCCCCCBDBACDBBBCBCBACCACACAACCCBABADBCCAABBBCCBB	['C14D', 'C37B', 'A63D', 'D77C', 'A93B']	5	-3.9511213	-5.200696	-7.344345	-2.143649
BCCDDDCDCDDDDCDDABCDABCABDBACBDCAADDABCABACBCCABCACBCCCCCBDBACBCDBCBCBACCACADAACCCBABADBCCAAABBCCBB	['C37A', 'A63B', 'B64C', 'B65D']	4	-3.9513636	-5.8509364	-7.99483	-2.1438937
BCCDDDCDCDDADCDDABCDABCABDBACBDCAADDBBCABACBCCABCACBCCCCDBDBACDBBBCBCBCDCACACAACCCBABADBCCAABBBCCBB	['D12A', 'C37B', 'C57D', 'A63D', 'A71C', 'C72D', 'D77C', 'A93B']	8	-4.3699045	-3.9516006	-6.5140314	-2.144127
BCCDDDCDCCDDBCCCABCBABCABDBACBDCAACACBCACACBCCABCACBCCCCDBDBDCCBBBCBCBDACACADAACCCBABADBCCAAABBCCBB	['D10C', 'D13B', 'D15C', 'D16C', 'D20B', 'D35C', 'D36A', 'B41C', 'C57D', 'A61D', 'A63C', 'A71D', 'C72A']	13	-4.265918	-3.951675	-6.410117	-2.1441994
BCCDDDCDCCDDDCCDABADABCABDBACBDCAADACBCABACBCCABCACBCCCCCBDBADDBDBCBCBACCACADAACCCBABADBCCAAABBCCBB	['D10C', 'D15C', 'C19A', 'D36A', 'C62D', 'A63D', 'B65D']	7	-3.9529524	-4.733953	-6.879431	-2.1454778
BCCDDDCDCDDBDCDDABBDABCABDBACBDCAACDBBCABACBCDABCACBCCCCCBDBADDCBBCBCBACCACCDAACCCBABADBCCAABBBCCBB	['D12B', 'C19B', 'D35C', 'C37B', 'C46D', 'C62D', 'A63D', 'B64C', 'A76C', 'A93B']	10	-2.4690204	-2.1878195	-4.615342	-2.1463218
BCCDDDCDCDDDDCDBABCDABCABDBACBDCAACDBBCABACBCCABCACBCCCCCBDBADDBBBCBCBACCACACAACCCBABADBCCAABBBCCBB	['D16B', 'D35C', 'C37B', 'C62D', 'A63D', 'D77C', 'A93B']	7	-3.9542694	-4.5870442	-6.733841	-2.1467967
BCCDDDCDCDDBDCDDABBDABCABDBACBDCAADDCBCABACBCCABCACBCCCCCBDBACDBBBCBBBACCACACAACCCBABADBCCAAABBCCBB	['D12B', 'C19B', 'A63D', 'C69B', 'D77C']	5	-4.839018	-3.9544783	-6.986025	-2.147007
BCCDDDCDCDDDDCDDABCDABCABDBACBDCAADDCBCABABBCCABCACBCCCCDBDBADDBBBCBCBACCACACAACCCBABADBCCAABBBCCBB	['C43B', 'C57D', 'C62D', 'A63D', 'D77C', 'A93B']	6	-4.0173473	-3.95543	-6.165304	-2.1479568
BCCDDDCDCDDBDDDDABCDABCABDBACBDCAADDCBCABACBCCABCACBCCCCCBDBACDBBBCBCBACCACADAACCCBABADBCCAAABBCCBB	['D12B', 'C14D', 'A63D']	3	-3.9563618	-5.0159407	-7.1648293	-2.1488886
BCCDDDCDCDDDDCDDABCDABCABDBACDDCADDAABCABACBCCABCACBCCCCCBDBADDDBBCBCBCCCACADAACCCBABADCCCAAABBCCBB	['B30D', 'A34D', 'D36A', 'C37A', 'C62D', 'A63D', 'B64D', 'A71C', 'B88C']	9	-3.9565606	-8.126627	-10.275717	-2.1490898
BCCDDDCDCDDDDCDDABCDABCABDBACBDCAADDCBCABACBCCABCACBCCCCDBDBBCABBBCBCBBBCACADAACCCBABADBCCAABBBCCBB	['C57D', 'A61B', 'A71B', 'C72B', 'A93B']	5	-3.9573603	-5.013049	-7.1629343	-2.1498852
BCCDDDCDCCDDDCDDABCDABCABDBACBDCAADDCBCACACBCDABCACBCCCCCBDBADDBBACBCBACCACADAACCABBBADBCCAABBACCBB	['D10C', 'B41C', 'C46D', 'C62D', 'A63D', 'B66A', 'C82A', 'A84B', 'A93B', 'B95A']	10	-2.1924376	-2.616869	-4.767808	-2.150939
BCCDDDCDCDDDDCDDABCDABCABDBACBDCAADDBBCABABBCCABCACBCCCCCBDBACDBBBCBCBACCACACAACCCBABADBCCAABBBCCBB	['C37B', 'C43B', 'A63D', 'D77C', 'A93B']	5	-3.9586554	-5.380787	-7.531968	-2.1511812
BCCDDDCDCCDCDCDDABCDABCABDBACBDCAADDABCABACBCDABCACBCCCCCBDBADDBBACBCBACBACACAACCCBBBADBCBAABBCCCBB	['D10C', 'D12C', 'C37A', 'C46D', 'C62D', 'A63D', 'B66A', 'C73B', 'D77C', 'A84B', 'C90B', 'A93B', 'B95C']	13	-2.1936145	-2.1953468	-4.3474646	-2.1521177
BCCDDDCDCDDDBCCDABCDABCABDBACBDCAACDCBCACACBCCABCACBCCCCCBDBADDBBBCBCBCCCACADAACCCBABADBCCAAABBCCBB	['D13B', 'D15C', 'D35C', 'B41C', 'C62D', 'A63D', 'A71C']	7	-3.95965	-4.389694	-6.541868	-2.152174
BCCDDDCDCDDDDCDDABCDABCABDBACBDCAACDBBCABACBCCABCACBCCCCDBDBACDBDBCBCBACCACADAACCCBABADBCCAAABBCCBB	['D35C', 'C37B', 'C57D', 'A63D', 'B65D']	5	-4.8635216	-3.9598732	-7.0159216	-2.1524
BCCDDDCDCDDDDCDDABCDABCABDBACBDCAACDBBCABACBCCABCACBCCCCDBDBACDBDBCBCBACCACADAACCCBABADBCCAAABBCCBB	['D35C', 'C37B', 'C57D', 'A63D', 'B65D']	5	-4.8635216	-3.9598732	-7.0159216	-2.1524
BCCDDDCDCDDDDCDDABBDABCABDBACBDCAADDCBDACACBCCABCACBCCCCCBDBADCBBBCBCBBACACADAACCCBABADBCCAABBBCCBB	['C19B', 'C39D', 'B41C', 'C62D', 'A63C', 'A71B', 'C72A', 'A93B']	8	-3.9602194	-5.159603	-7.3123484	-2.1527452
BCCDDDCDCDDDDCDDABBDABCABDBACBDCAADDCBCACACBCCABCACBCCCCCBDBADDBBBCBCBCCCACACAACCCBABADBCCAABBBCCBB	['C19B', 'B41C', 'C62D', 'A63D', 'A71C', 'D77C', 'A93B']	7	-3.9610147	-4.2726865	-6.4262276	-2.153541
BCCDDDCDCDDDDCDDABCDABCABDBACBDCAACDBBCABACBCCABCACBCCCCCBDBADDBBBCBCBCDCACACAACCCBABADBCCAABBBCCBB	['D35C', 'C37B', 'C62D', 'A63D', 'A71C', 'C72D', 'D77C', 'A93B']	8	-3.962164	-4.7969694	-6.951659	-2.1546898
BCCDDDCDCDDBDDDDABCDABCABDBACBDCAADDCBCABACBCCABCACBCCCCCBDBADABBBCBCBACCCCACAACCCBABADBCCAAABBCCBB	['D12B', 'C14D', 'C62D', 'A74C', 'D77C']	5	-3.9625158	-4.9141703	-7.069216	-2.1550455
BCCDDDCDCDDDDCDDABCDABCABDBACBDCAACDCBCABACBCCABCACBCCCCCBDBACDBBBCBCBADCACADAACCCBABADBCCAAABBCCBB	['D35C', 'A63D', 'C72D']	3	-3.9626951	-5.465551	-7.6207724	-2.1552215
BCCDDDCDCDDDBCDDABCDABCABDBACBDCAADDABCABACBCCABCACBCCCCCBDBACACBBCBCBACCACACAACCCBABADBCCAAABBCCBB	['D13B', 'C37A', 'B64C', 'D77C']	4	-3.96284	-6.269502	-8.424873	-2.1553712
BCCDDDCDCDDDBCDDABCDABCABDBACBDCAADDABCABACBCCABCACBCCCCCBDBACACBBCBCBACCACACAACCCBABADBCCAAABBCCBB	['D13B', 'C37A', 'B64C', 'D77C']	4	-3.96284	-6.269502	-8.424873	-2.1553712
BCCDDDCDCDDDBCDDABCDABCABDBACBDCAADDABCABACBCCABCACBCCCCCBDBACACBBCBCBACCACACAACCCBABADBCCAAABBCCBB	['D13B', 'C37A', 'B64C', 'D77C']	4	-3.96284	-6.269502	-8.424873	-2.1553712
BCCDDDCDCDDDBCDDABCDABCABDBACBDCAADDABCABACBCCABCACBCCCCCBDBACACBBCBCBACCACACAACCCBABADBCCAAABBCCBB	['D13B', 'C37A', 'B64C', 'D77C']	4	-3.96284	-6.269502	-8.424873	-2.1553712
BCCDDDCDCDDDBCDDABCDABCABDBACBDCAADDABCABACBCCABCACBCCCCCBDBACACBBCBCBACCACACAACCCBABADBCCAAABBCCBB	['D13B', 'C37A', 'B64C', 'D77C']	4	-3.96284	-6.269502	-8.424873	-2.1553712
BCCDDDCDCDDDBCDDABCDABCABDBACBDCAADDCBCACACBCCABCACBCCCCCBDBACDBBBCBCBACCACADADCCCBABADBCCAAABBCCBB	['D13B', 'B41C', 'A63D', 'A79D']	4	-3.9637585	-4.8864493	-7.0427322	-2.156283
BCCDDDCDCCDDDCDDABCAABCABDBACBDCAADDCBCABACBCDABCACBCCCCCBDBADDBBBBBCBACDACACAACCCBBBADBCBAAABBCCBB	['D10C', 'D20A', 'C46D', 'C62D', 'A63D', 'C67B', 'C73D', 'D77C', 'A84B', 'C90B']	10	-2.83463	-2.198369	-4.9915037	-2.1568737
BCCDDCCDCDDDBCDDABCCABCABDBACDDCCACABBCABACBCCABCACBCCCCDCDBADDBBBCBCBCBCACADAACCCBBBADCCBAAABBCCBB	['D6C', 'D13B', 'D20C', 'B30D', 'A33C', 'D35C', 'D36A', 'C37B', 'C57D', 'B58C', 'C62D', 'A63D', 'A71C', 'C72B', 'A84B', 'B88C', 'C90B']	17	-3.965024	-4.8492465	-7.006796	-2.1575494
BCCDDDCDCDDDBCDDABCDABCABDBACBDCAADDCBCABACBBCABCACBCCCCCBDBACBBBBCBCBADCACACAACCCBABADBCCAAABBBBBA	['D13B', 'C45B', 'A63B', 'C72D', 'D77C', 'C96B', 'C97B', 'B99A']	8	-3.965909	-5.8147793	-7.973218	-2.1584387
BCCDDDCDCDDDDCDDABCDABCABDBACBDCAADDCBCABACBCCABCACBCCCCCBDBACABBBCBCBACCACADAACCCBABADBCCAABBBCCBB	['A93B']	1	-3.9663248	-6.3124623	-8.471315	-2.158853
BCCDDDCDCDDDDCDDABCDABCABDBACBDCAADDCBCABACBCCABCACBCCCCCBDBACABBBCBCBACCACADAACCCBABADBCCAABBBCCBB	['A93B']	1	-3.9663248	-6.3124623	-8.471315	-2.158853
BCCDDDCDCDDDDCDDABCDABCABDBACBDCAADDCBCABACBCCABCACBCCCCCBDBACABBBCBCBACCACADAACCCBABADBCCAABBBCCBB	['A93B']	1	-3.9663248	-6.3124623	-8.471315	-2.158853
AAADDDCDCDDDDCDDABCDABCABDBACBDCAADACBCABACBCCABCACBCCCCCBDBACACBBCBCBACCACADAACCCBABADBCCAAABBCCBB	['B1A', 'C2A', 'C3A', 'D36A', 'B64C']	5	-3.9667444	-5.9006386	-8.059908	-2.1592693
BCCDDDCDCDDDDCDDABCDABCABDBACDDCAACDBBCABACBCCABCACBCCCCCBDBACDBBBCBCBACCACADAACCCBABADBCCAAABBCCBA	['B30D', 'D35C', 'C37B', 'A63D', 'B99A']	5	-3.9669466	-6.348717	-8.508195	-2.1594777
BCCDDDCDCCDDBCDDADCBABCABDBACBDCAADDBBCABACBCDBBCACBCADCCBDBACDBBBCBCBDDCACACAACCCBABADCACADABBCCBB	['D10C', 'D13B', 'B18D', 'D20B', 'C37B', 'C46D', 'A47B', 'C54A', 'C55D', 'A63D', 'A71D', 'C72D', 'D77C', 'B88C', 'C89A', 'A92D']	16	-0.39435387	-2.5200167	-4.6803474	-2.1603308
BCCDDDCDCDDDBCDDABCDABCABDBACBDCAADDCBCACACBCCABCACBCCCCCBDBACACBBCBCBCCCACADAACCCBABADBCCAAABBCCBB	['D13B', 'B41C', 'B64C', 'A71C']	4	-3.9686718	-5.472791	-7.6339912	-2.1612
BCCDDDCDCDDDBCDDABCDABCABDBACBDCAADDCBCACACBCCABCACBCCCCCBDBACACBBCBCBCCCACADAACCCBABADBCCAAABBCCBB	['D13B', 'B41C', 'B64C', 'A71C']	4	-3.9686718	-5.472791	-7.6339912	-2.1612
BCCDDDCDCDDDBCDDABCDABCABDBACBDCAADDCBCACACBCCABCACBCCCCCBDBACACBBCBCBCCCACADAACCCBABADBCCAAABBCCBB	['D13B', 'B41C', 'B64C', 'A71C']	4	-3.9686718	-5.472791	-7.6339912	-2.1612
BCCDDDCDCDDDDCDDABCDABCABDBACBDCAACDCBCABACBCCABCACBCCCCCBDBADDBBBCBCBACCACADAACCCBABADBCCAAABBCCBB	['D35C', 'C62D', 'A63D']	3	-3.9688377	-4.9447665	-7.1061325	-2.161366
BCCDDDCDCDDDDCDDABCDABCABDBACBDCAACDCBCABACBCCABCACBCCCCCBDBACDBBBCBCBACCACACAACCCBABADBCCAAABBCCBB	['D35C', 'A63D', 'D77C']	3	-3.969182	-5.305478	-7.467188	-2.1617098
BCCDDDCDCDDDDCDDABCDABCABDBACBDCAACDCBCABACBCCABCACBCCCCCBDBACDBBBCBCBACCACACAACCCBABADBCCAAABBCCBB	['D35C', 'A63D', 'D77C']	3	-3.969182	-5.305478	-7.467188	-2.1617098
BCCDDDCDCDDDDCDDABCDABCABDBACBDCAACDCBCABACBCCABCACBCCCCCBDBACDBBBCBCBACCACACAACCCBABADBCCAAABBCCBB	['D35C', 'A63D', 'D77C']	3	-3.969182	-5.305478	-7.467188	-2.1617098
BCCDDDCACDDDDCCDABCDABCABDBACBDCAADDBBCABACBCCABCACBCCCCCBDBACABBBCBCBACCACACAACCCBABADBCCAABBBCCBB	['D8A', 'D15C', 'C37B', 'D77C', 'A93B']	5	-3.9707813	-6.314388	-8.477695	-2.1633077
BCCDDDCDCDDDBCCDABCDABCABDBACBDCAACDBBCABACBCCABCACBCCCCCBDBACDBBBCBCBACCACADAACCCBABADBCCAAABBCCBB	['D13B', 'D15C', 'D35C', 'C37B', 'A63D']	5	-3.9710875	-4.998413	-7.1620235	-2.1636105
AAADDDCDCDDDDCDDABCDABCABDBACBDCAACDCBCABACBCCABCACBCCCCCBDBACDBBBCBDBADCACADAACCCBABADBCCAAABBCCBB	['B1A', 'C2A', 'C3A', 'D35C', 'A63D', 'C69D', 'C72D']	7	-3.9718513	-5.128769	-7.293145	-2.1643763
BCCDDDCDCDDDDCDDABCDABCABDBACBDCDACDABCABACBCCABCACBCCCCCBDBACDCBBCBCBACCACADAACCCBABADBCCAABBBCCBB	['A33D', 'D35C', 'C37A', 'A63D', 'B64C', 'A93B']	6	-3.9720306	-5.632327	-7.7968855	-2.1645584
AAADDDCDCDDDDCDDABCDABCABDBACBDCAACDABCABACBCCABCACBCCCCCBDBACDBBBCBCBADCACACAACCCBABADBCCAAABBCCBB	['B1A', 'C2A', 'C3A', 'D35C', 'C37A', 'A63D', 'C72D', 'D77C']	8	-3.9739656	-5.3191323	-7.4856234	-2.166491
BCCDDDCDCDDDDCDDABCDABCABDBACDDCAADDCBCABACBCCABCACBCCCCCBDBACDBBBCBCBACCACADAACCCBABADBCCAAABBCCBB	['B30D', 'A63D']	2	-3.9745417	-6.5181656	-8.685237	-2.1670713
AAADDDCDCDDDBDDDABCDABCABDBACBDCAADDCBCABACBCCABCACBCCCCCBDBACACBBCBCBACCACACAACCCBABADBCCAAABBCCBB	['B1A', 'C2A', 'C3A', 'D13B', 'C14D', 'B64C', 'D77C']	7	-3.9750166	-5.4850116	-7.6525507	-2.1675391
BCCDDDCDCCDDDCDDABCCABCABDBACBDCAACAABCACACBCBABCACBCBCCCBDBADDBBBCBCBBCCACADAACCCBBBADBCBADABBCCBB	['D10C', 'D20C', 'D35C', 'D36A', 'C37A', 'B41C', 'C46B', 'C54B', 'C62D', 'A63D', 'A71B', 'A84B', 'C90B', 'A92D']	14	-2.1676269	-2.708208	-4.8758297	-2.1676216
BCCDDDCDCDDCBDDDABCDABCABDBACBDCAADDCBCABACBCCABCACBCCCCCBDBCCDBBBCBCBCCCACADAACCCBABADBCCAAABBCCBB	['D12C', 'D13B', 'C14D', 'A61C', 'A63D', 'A71C']	6	-3.9764585	-4.408425	-6.5774136	-2.1689887
BCCDDDCDCBDDDCDDABCDADCABDBACBDCCAAACBCACACBCDABCACBCCCCCBDBADDBBBCBCBBBBACADAACCCABCADBCBAAABBCCBB	['D10B', 'B22D', 'A33C', 'D35A', 'D36A', 'B41C', 'C46D', 'C62D', 'A63D', 'A71B', 'C72B', 'C73B', 'B83A', 'A84B', 'B85C', 'C90B']	16	-2.210504	-2.508039	-4.6770496	-2.1690106
BCCDDDCDCDDDDCDDABCDABCABDBACDDCAADDBBCABACBCCABCACBCCCCCBDBACDBBBCBCBACCACADAACCCBABADBCCAABBBCCBB	['B30D', 'C37B', 'A63D', 'A93B']	4	-3.9775505	-6.5045366	-8.674617	-2.1700802
BCCDDDCDCDDDDCCCABCDABCABDBACBDCAACDABAACACBCCABCACBCCCCCBDBADDBBBCBCBACCACADAACCCBABADBCCAAABBCCBB	['D15C', 'D16C', 'D35C', 'C37A', 'C39A', 'B41C', 'C62D', 'A63D']	8	-4.518818	-3.9782977	-6.689644	-2.170826
BCCDDDCDCCDDDCDDABCDABCABDBACBDCAADDCBCACACBCDABCACBCCCCCBDBADCCBACBABACCACACAACCCBBBADBCBADABBCCBB	['D10C', 'B41C', 'C46D', 'C62D', 'A63C', 'B64C', 'B66A', 'C69A', 'D77C', 'A84B', 'C90B', 'A92D']	12	-2.213265	-2.7822847	-4.9540577	-2.171773
BCCDDDCDCDDDBDDDABCDABCABDBACBDCAADDCBCABACBCCABCACBCCCCCBDBACDBBBCBCBCCCACACAACCCBABADBCCAAABBCCBB	['D13B', 'C14D', 'A63D', 'A71C', 'D77C']	5	-3.9792576	-5.082066	-7.253853	-2.1717868
BCCDDDCDCDDDDCDDABCDABCABDBACBDCAADDABCABACBCCABCACBCCCCCBDBACDBBBCBCBCBCACACAACCCBABADBCCAAABBCCBB	['C37A', 'A63D', 'A71C', 'C72B', 'D77C']	5	-3.980628	-4.8597674	-7.0329275	-2.17316
BCCDDDCDCCDDDCDDABCDABCABDBACBDCAACDCBCABACBCDABCACBCCCCCBDBACDBBBCBCBACCACACAACCABBBADBCCAAABBCCBB	['D10C', 'D35C', 'C46D', 'A63D', 'D77C', 'C82A', 'A84B']	7	-2.2151122	-3.3017015	-5.475319	-2.1736174
BCCDDDCDCDDCDDDDABCDABCABDBACBDCAADDCBCACACBCCABCACBCCCCCBDBACCDBBCBCBACCACACAACCCBABADBCCAABBBCCBB	['D12C', 'C14D', 'B41C', 'A63C', 'B64D', 'D77C', 'A93B']	7	-3.981614	-5.570783	-7.7449226	-2.1741395
BCCDDDCDCCDDDCDDABCDABCABDBACBDCAACDCBCABACBCDABCACBBCCCCBDCCCDBBBCBCBBCBACACAACCCBABADBCBAABBBCCBB	['D10C', 'D35C', 'C46D', 'C53B', 'B60C', 'A61C', 'A63D', 'A71B', 'C73B', 'D77C', 'C90B', 'A93B']	12	-3.3172474	-2.2156563	-5.4914083	-2.174161
BCCDDDCDCDDDDCDDABCDABCABDBACBDCAADDCBCABACBCCABCACBCCCCDBDBACDBBBABCBACCACADAACCCBABADBCCAAABBCCBB	['C57D', 'A63D', 'C67A']	3	-3.983387	-4.2094035	-6.385317	-2.1759133
BCCDDDCDCDDDDCCDABCDABCABDBACBDCAADACBCACACBCCABCACBCCCCCBDBACDBBBCBCBACCACADAACCCBABADBCCAAABBCCBB	['D15C', 'D36A', 'B41C', 'A63D']	4	-3.984148	-5.2034698	-7.380142	-2.1766725
BCCDDDCDCCDDBCDDABBAABCABDBACBDCAADAABCACACBCDABCACBBCCCCBDCACDBBBCBCBCABACADAACCCBABADBCBAABBBCCBB	['D10C', 'D13B', 'C19B', 'D20A', 'D36A', 'C37A', 'B41C', 'C46D', 'C53B', 'B60C', 'A63D', 'A71C', 'C72A', 'C73B', 'C90B', 'A93B']	16	-4.034677	-2.2183056	-6.211485	-2.1768079
BCCDDDCDCDDDDCCDABCDABCABDBACBDCAADACBCACACBCCABCACBCCCCCBDBADBBBBCBCBACCACADAACCCBABADBCCAABBBCCBB	['D15C', 'D36A', 'B41C', 'C62D', 'A63B', 'A93B']	6	-3.985074	-4.8995	-7.0771008	-2.1776009
BCCDDDCDCDDDBCDDABCDABCABDBACDDCAADDCBCABACBCBABCACBCCCCCBDBADDBBBDBABBCCCCACAACCCBABADCCCAABBBCCBB	['D13B', 'B30D', 'C46B', 'C62D', 'A63D', 'C67D', 'C69A', 'A71B', 'A74C', 'D77C', 'B88C', 'A93B']	12	-2.1788993	-4.2527866	-6.4316826	-2.178896
AAADDDCDCADDDCCDABCDABCABDBACBDCAACACBCACACBCCABCACBCCCCDBDBDCDBBBCBCBACCACADAACCCBABADBCCAABBBCCBB	['B1A', 'C2A', 'C3A', 'D10A', 'D15C', 'D35C', 'D36A', 'B41C', 'C57D', 'A61D', 'A63D', 'A93B']	12	-3.986453	-4.025867	-6.2048426	-2.1789756
BCCDDDCDCCDDDCDDABCDABCABDBACBDCAADDCBCACACBCBABCACBCCDCCBDBADDBBACBCBACCACACAACCCBBBADBCBADABBCCBB	['D10C', 'B41C', 'C46B', 'C55D', 'C62D', 'A63D', 'B66A', 'D77C', 'A84B', 'C90B', 'A92D']	11	-0.37175894	-2.3526907	-4.53191	-2.1792192
BCCDDDCDCDDDDCDDACCDABCABDBACBDCAADDCBCABACBCCABCACBCCCCCBDBACDBBBCBCBACCACADAACCCBABADBCCAAABBCCBB	['B18C', 'A63D']	2	-3.9887552	-5.107986	-7.2892675	-2.1812816
BCCDDDCDCCDDDCDDABCDABCABDBACBDCAADDCBCACABBCCABCACBCCCCCBDBADDBBBCBCBACBACACAACCCBABADBCCAABBBCCBB	['D10C', 'B41C', 'C43B', 'C62D', 'A63D', 'C73B', 'D77C', 'A93B']	8	-3.9887838	-4.460381	-6.6416893	-2.1813083
BCCDDDCDCDDBDCDCADBDABCABDBACBDCAACDCBCABACBCCABCACBCCCCCBDBACACBBCBCBACCACACAACCCBABADBCCAAABBCCBB	['D12B', 'D16C', 'B18D', 'C19B', 'D35C', 'B64C', 'D77C']	7	-3.98884	-4.5246806	-6.706045	-2.1813645
BCCDDDCDCDDDDCDDABCDABCABDBACBDCAACACBCABACBCCABCACBCCCCCBDBACDBBBCBCBACCACADAACCCBABADBCBAAABBCCBB	['D35C', 'D36A', 'A63D', 'C90B']	4	-3.9895568	-5.481763	-7.663846	-2.1820831
BCCDDDCDCDDDBCDDABCDABCABDBACBDCAACDABCABACBCCABCACBCCCCCBDBACDBBBCBCBACCACACAACCCBABADBCCAABBBCCBB	['D13B', 'D35C', 'C37A', 'A63D', 'D77C', 'A93B']	6	-3.9896088	-6.002536	-8.184672	-2.1821365
BCCDDDCDCDDDDCDDABCDABCABDBACBDCAACDBBCABACBCCABCACBCCCCCBDBACDBBACBCBCCCACADAACCCBABADBCCAAABBCCBB	['D35C', 'C37B', 'A63D', 'B66A', 'A71C']	5	-3.9898567	-4.8060174	-6.9884043	-2.1823869
BCCDDDCDCCDDDCDDABCDBBCABDBACBDCAACDABCABACBCCABCACBCCCCCBDBADBBBBCBCBACCACADAACCCBABADBCCAABBBCCBB	['D10C', 'A21B', 'D35C', 'C37A', 'C62D', 'A63B', 'A93B']	7	-3.9902344	-5.2453504	-7.428112	-2.1827617
BCCDDDCDCDDDDCDDABCDABCABDBACBDCAADDCBCABACBCCABCACBCCCCCBDBCDBBDBCBCBCCCACACAACCCBABADBCCAABBBCCBB	['A61C', 'C62D', 'A63B', 'B65D', 'A71C', 'D77C', 'A93B']	7	-3.9902592	-4.6320963	-6.814885	-2.1827888
BCCDDDCDCDDDBCCDABCDABCABDBACBDCAADDCBCABACBCCABCACBCCCCCBDBACABBBCBCBACCACADAACCCBABADBCCAAABBCCBB	['D13B', 'D15C']	2	-3.9903698	-5.9362016	-8.119098	-2.1828961
BCCDDDCDCCDDDCDDABCCABCABDBACBDCAACABBCABACBCDBBCACBCACCCBDBACDCBBCBCBBDCACADAACCABABADBCBAABBBCCBB	['D10C', 'D20C', 'D35C', 'D36A', 'C37B', 'C46D', 'A47B', 'C54A', 'A63D', 'B64C', 'A71B', 'C72D', 'C82A', 'C90B', 'A93B']	15	-2.2250981	-2.7750144	-4.958619	-2.1836047
AAADDDCDCCDDDCCDABCCABCABDBACBDCAACABBCABACBCDABCCCBCADCCBDBADDBBBCBCBDCCACADAACCABABADBCBAABBCCCBB	['B1A', 'C2A', 'C3A', 'D10C', 'D15C', 'D20C', 'D35C', 'D36A', 'C37B', 'C46D', 'A50C', 'C54A', 'C55D', 'C62D', 'A63D', 'A71D', 'C82A', 'C90B', 'A93B', 'B95C']	20	-0.4181962	-0.7582302	-2.9424028	-2.1841726
BCCDDDCDCDDDDCCDABCDABCABDBACBDCAADABBCABACBCCABCACBCCCCCBDBADDBBBCBCBACCACADAACCCBABADBCCAAABBCCBB	['D15C', 'D36A', 'C37B', 'C62D', 'A63D']	5	-3.9917002	-4.796525	-6.980753	-2.184228
BCCDDDCDCDDDDCCDABCDABCABDBACBDCAADABBCABACBCCABCACBCCCCCBDBADDBBBCBCBACCACADAACCCBABADBCCAAABBCCBB	['D15C', 'D36A', 'C37B', 'C62D', 'A63D']	5	-3.9917002	-4.796525	-6.980753	-2.184228
BCCDDDCDCDDDDCDDABCDABCABDBACBDCAADDABCABACBCCABCACBCCCCCBDBBCBBBBCBCBADCACACAACCCBABADBCCAAABBCCBB	['C37A', 'A61B', 'A63B', 'C72D', 'D77C']	5	-3.9920578	-6.035685	-8.220275	-2.1845899
BCCDDDCDCDDDDCDDABCDABCABDBACBDCAADDCBCACACBCCABCACBCCCCCBDCADDBBBCBCBABCACACAACCCBABADBCCAABBBCCBB	['B41C', 'B60C', 'C62D', 'A63D', 'C72B', 'D77C', 'A93B']	7	-4.3282337	-3.9925141	-6.5132723	-2.1850386
BCCDDDCDCDDDDCDDABCDABCABDBACBDCAADDCBCACACBCCABCACBCCCCCBDCADDBBBCBCBABCACACAACCCBABADBCCAABBBCCBB	['B41C', 'B60C', 'C62D', 'A63D', 'C72B', 'D77C', 'A93B']	7	-4.3282337	-3.9925141	-6.5132723	-2.1850386
BCCDDDCDCCDDBCDDABCDABCABDBACBDCAACBCBCABACBCCABCACBCCCCDBDBACDBBBCBCBCCCACADAACCCBABADBCCAAABBCCBB	['D10C', 'D13B', 'D35C', 'D36B', 'C57D', 'A63D', 'A71C']	7	-4.135008	-3.992844	-6.3203773	-2.1853695
AAADDDCDCBDDBCDDABCAABCABDBACBDCAADACBCACACBCDABCACBCDCCCBDBACDBBBCBCBACBACADAACCCBABADBCBAAABBCCBB	['B1A', 'C2A', 'C3A', 'D10B', 'D13B', 'D20A', 'D36A', 'B41C', 'C46D', 'C54D', 'A63D', 'C73B', 'C90B']	13	-2.5184908	-2.2279124	-4.7049026	-2.1864119
BCCDDDCDCDDBDCCDABBAABCABDBACBDCAADDCBCABACBCBABCACBCCCCCBDBACABBBCBCBBCCCCADAACCCBBBADBCBAAABBCCBB	['D12B', 'D15C', 'C19B', 'D20A', 'C46B', 'A71B', 'A74C', 'A84B', 'C90B']	9	-2.1866179	-3.5959706	-5.782586	-2.1866155
BCCDDDCDCCDDDCDDABCDABCABDBACBDCAACACBCABACBCCAACACBCDCCDBDCADDBBBCBCBACCACADAACCCBABADBCBAAABBCCBB	['D10C', 'D35C', 'D36A', 'B48A', 'C54D', 'C57D', 'B60C', 'C62D', 'A63D', 'C90B']	10	-4.2280707	-3.9949489	-6.4155455	-2.1874747
BCCDDDCDCDDDDCCDABCDABCABDBACBDCAADACBCABACBCCABCACBCCCCCBDBACCBBBCBCBACCACADAACCCBABADBCCAAABBCCBB	['D15C', 'D36A', 'A63C']	3	-3.9951563	-5.984866	-8.172548	-2.1876822
BCCDDDCDCDDDBCDDABAAABCABDBACBDCCADACBCABACBCDABCACBCCCCCBDBACACBBCBCBACCACCDAACCCBABADBCCAAABBCCBB	['D13B', 'C19A', 'D20A', 'A33C', 'D36A', 'C46D', 'B64C', 'A76C']	8	-2.229485	-3.531005	-5.718992	-2.1879873
BCCDDDCDCDDADCCDABBDABCABDBACBDCAACACBCABACBCCABCACBCCCCCBDBADCBBBCBCBADCACACAACCDBABADBDCAAABBCCBB	['D12A', 'D15C', 'C19B', 'D35C', 'D36A', 'C62D', 'A63C', 'C72D', 'D77C', 'C82D', 'C89D']	11	-3.9956026	-6.125673	-8.3138075	-2.1881347
AAADDDCDCDDDDCDDABBDABCABDBACBDCAACDABCABACBCCABCACBCCCCCBDBACABBBCBCBACCCCADAACCCBACADBCCAAABBCCBB	['B1A', 'C2A', 'C3A', 'C19B', 'D35C', 'C37A', 'A74C', 'B85C']	8	-3.9959226	-5.0760384	-7.26449	-2.1884518
BCCDDDCDCDDDDCDDABCDABCABDBACBDCAADDCBCABACBCCABCACBCCCCCBDBACDBBBCBBBABCACACAACCCBABADBCCAAABBCCBB	['A63D', 'C69B', 'C72B', 'D77C']	4	-4.73042	-3.995933	-6.9188824	-2.1884623
BCCDDDCDCDDDDCDDABCAABCABDBACDDCAAAAABCABADBCCABCACBCCCCDBDBACDBBBCBCBBCCACADAACCCBACADCCCAAABBCCBB	['D20A', 'B30D', 'D35A', 'D36A', 'C37A', 'C43D', 'C57D', 'A63D', 'A71B', 'B85C', 'B88C']	11	-3.9960794	-5.7620926	-7.950697	-2.1886044
AAADDDCDCDDDDCCDABCDABCABDBACDDCAADDCBCABDCBCDABCACBCCCCCBDBACDBBBCBCBACCACACAACCCBACADBCCAAABBCCBB	['B1A', 'C2A', 'C3A', 'D15C', 'B30D', 'A42D', 'C46D', 'A63D', 'D77C', 'B85C']	10	-2.2321014	-3.6133904	-5.803993	-2.1906028
BCCDDDCDCDDBDCDDABCDABCABDBACBDCDADDCBCACACBCCABCACBCCCCCBDBACCCBBCBCBACCACADAACCCBABADBCCAABBBCCBB	['D12B', 'A33D', 'B41C', 'A63C', 'B64C', 'A93B']	6	-3.9983883	-4.927282	-7.1181927	-2.1909108
BCCDDDCDCDDDDCCDABCDABCABDBACBDCAACDABCABACBCCABCACBCCCCCBDBACBBBBCBCBACCACADAACCCBABADBCCAAABBCCBB	['D15C', 'D35C', 'C37A', 'A63B']	4	-3.9994364	-5.488361	-7.6803255	-2.1919646
BCCDDDCDCDDDDCDDABCDABCABDBACDDCAADDCBCABACBCCABCACBCCCCCBDBACDBBBCBCBACCACACAACCCBABADBCCAAABBCCBB	['B30D', 'A63D', 'D77C']	3	-3.999691	-6.4353395	-8.627562	-2.192222
BCCDDDCDCDDDDCCDABCDABCABDBACBDCAACDCBCACACBCCABCACBCCCCCBDBACACBBCBCBACCACADAACCCBABADBCCAAABBCCBB	['D15C', 'D35C', 'B41C', 'B64C']	4	-3.9997244	-5.6365175	-7.8287687	-2.1922512
BCCDDDCDCBDDDCDDABCDABCABDBACBDCAADDCBCABACBCDABCACBCCCCCBDBACDBBBCBCBBCCACADAACCCBABADBCCAAABBCCBB	['D10B', 'C46D', 'A63D', 'A71B']	4	-2.2342105	-3.481473	-5.674184	-2.1927109
BCCDDDCDCCDDDCDCABCDABCABDBACBDCAADDABCABACBCCABCACBCCCCCBDBACCBBBCBABACCACADAACCCBABADBCCAABBBCCBB	['D10C', 'D16C', 'C37A', 'A63C', 'C69A', 'A93B']	6	-4.001315	-5.868566	-8.062406	-2.1938396
BCCDDDCDCDDABDDDABCDABCABDBACBDCAADDCBCABACBCCABCACBCCCCCBDBADDBBBCBCBBCBACACAACCCBABADBCBAAABBCCBB	['D12A', 'D13B', 'C14D', 'C62D', 'A63D', 'A71B', 'C73B', 'D77C', 'C90B']	9	-4.0014415	-4.559762	-6.753729	-2.1939669
BCCDDDCDCDDABDDDABCDABCABDBACBDCAADDCBCABACBCCABCACBCCCCCBDBADDBBBCBCBBCBACACAACCCBABADBCBAAABBCCBB	['D12A', 'D13B', 'C14D', 'C62D', 'A63D', 'A71B', 'C73B', 'D77C', 'C90B']	9	-4.0014415	-4.559762	-6.753729	-2.1939669
BCCDDDCDCCDDDCDDABCAABCABDBACBDCAACABBCABACBCDABCACBCDCCCBDCADDBBBCBCBBCBACACAACCCBBCADBCBAAABBCCBB	['D10C', 'D20A', 'D35C', 'D36A', 'C37B', 'C46D', 'C54D', 'B60C', 'C62D', 'A63D', 'A71B', 'C73B', 'D77C', 'A84B', 'B85C', 'C90B']	16	-2.8214698	-2.235642	-5.0156136	-2.1941438
BCCDDDCDCADDDCDDABADABCABDBACBDCAADDCBCABACBCDABCACBCCCCCBDBACACBBCBCBADCCCACAACCCBABADBCBAAABBCCBB	['D10A', 'C19A', 'C46D', 'B64C', 'C72D', 'A74C', 'D77C', 'C90B']	8	-2.2359562	-2.9067526	-5.1012135	-2.1944609
BCCDDDCDCCDDBCDDABCDABCABDBACBDCAADDABCABACBCBAACACBCCCCDBDBACDBBBCBDBBBCACADAACCABABADBCCAAABBCCBB	['D10C', 'D13B', 'C37A', 'C46B', 'B48A', 'C57D', 'A63D', 'C69D', 'A71B', 'C72B', 'C82A']	11	-2.9323225	-2.1946707	-5.1269894	-2.1946669
BCCDDDCDCCDDDCDDABCAABCABDBACBDCAACDBBCABACBCDABCACBCCCCCBDBCCDCBBCBCBBCDACACAACCCBBBADBCBAAABBCCBB	['D10C', 'D20A', 'D35C', 'C37B', 'C46D', 'A61C', 'A63D', 'B64C', 'A71B', 'C73D', 'D77C', 'A84B', 'C90B']	13	-2.2565432	-2.2374783	-4.452527	-2.195984
BCCDDDCDCCDDDDDDABCDABCABDBACBDCAADDCBCABACBCCABCACBCCCCCBDBACABBBCBCBADCACACAACCCBABADBCCAABBBCCBB	['D10C', 'C14D', 'C72D', 'D77C', 'A93B']	5	-4.0038586	-6.0419884	-8.238373	-2.1963844
BCCDDDCDCDDDDCDDABCDABCABDBACBDCAADDBBCABACBCCABCACBCCCCCBDBACBBBBCBCBACCACADAACCCBABADBCCAAABBCCBB	['C37B', 'A63B']	2	-4.004466	-4.742535	-6.9395304	-2.1969953
BCCDDDCDCDDDDCDDABCDABCABDBACBDCAADDBBCABACBCCABCACBCCCCCBDBACBBBBCBCBACCACADAACCCBABADBCCAAABBCCBB	['C37B', 'A63B']	2	-4.004466	-4.742535	-6.9395304	-2.1969953
BCCDDDCDCDDDDCDDABCDABCABDBACBDCAADDBBCABACBCCABCACBCCCCCBDBACBBBBCBCBACCACADAACCCBABADBCCAAABBCCBB	['C37B', 'A63B']	2	-4.004466	-4.742535	-6.9395304	-2.1969953
BCCDDDCDCADDDCDDABCDABCABDBACBDCAACACBCACACBCCABCACBCCCCCBDBACDBBBCBCBACCACADAACCCBABADBCCAAABBCCBB	['D10A', 'D35C', 'D36A', 'B41C', 'A63D']	5	-4.0045576	-4.799118	-6.9961996	-2.1970816
BCCDDDCDCDDBDCDDABBDABCABDBACBDCAADDCBCABACBCCABCACBCCCCDBDBACACBBCBCBACCACADAACCCBABADBCCAAABBCCBB	['D12B', 'C19B', 'C57D', 'B64C']	4	-4.3147097	-4.004581	-6.511818	-2.1971083
BCCDDDCDCBDDBDDDABCDABCABDBACDDCCACACBCACACBCCABCACBCCCCCBDBACACBBCBCBACCACADAACCCBABADCCCAAABBCCBB	['D10B', 'D13B', 'C14D', 'B30D', 'A33C', 'D35C', 'D36A', 'B41C', 'B64C', 'B88C']	10	-4.0055165	-7.560955	-9.759	-2.1980448
BCCDDDCDCDDDDCDCABCDABCABDBACBDCAADDCBCABACBCCABCACBCCCCCBDBADACBBCBCBACCACADAACCCBABADBCCAAABBCCBB	['D16C', 'C62D', 'B64C']	3	-4.007168	-5.295483	-7.495179	-2.199696
BCCDDDCDCDDDBDDDABCDABCABDBACBDCAADDCBCABACBCCABCACBCCCCCBDBACDBBBCBCBACCACADAACCCBABADBCCAAABBCCBB	['D13B', 'C14D', 'A63D']	3	-4.0076065	-5.2934813	-7.493616	-2.2001348
BCCDDDCDCDDDDCDDABCDABCABDBACBDCAADDCBCABACBCCABCACBCCCCDBDBACDBBBABCBACCACACAACCCBABADBCCAAABBCCBB	['C57D', 'A63D', 'C67A', 'D77C']	4	-4.0085373	-4.1265774	-6.3276415	-2.201064
BCCDDDCDCDDDDCDDABCDABCABDBACBDCAADDCBCABACBCCABCACBCCCCDBDBACDBBBABCBACCACACAACCCBABADBCCAAABBCCBB	['C57D', 'A63D', 'C67A', 'D77C']	4	-4.0085373	-4.1265774	-6.3276415	-2.201064
BCCDDDCDCCDDDCDDABCDABCABDBACBDCAACDBBCABACBCCABCACBCCCCCBDBACDBBBCBBBCCCACADAACCCBABADBCCAAABBCCBB	['D10C', 'D35C', 'C37B', 'A63D', 'C69B', 'A71C']	6	-4.6217194	-4.0089393	-6.823188	-2.2014685
BCCDDDCDCDDDDCDDABCDABCABDBACBDCAADDBBCABACBCCABCACBCCCCCBDCACDBBBCBCBACCACADAACCCBABADBCCAABBBCCBB	['C37B', 'B60C', 'A63D', 'A93B']	4	-4.0090694	-5.169256	-7.3708534	-2.2015972
BCCDDDCDCDDDDCDDACCDABCABDBACBDCAADDABCACACBCCABCACBCCCCCBDBADBDBBCBCBCCCACACAACCCBABADBCCAABBBCCBB	['B18C', 'C37A', 'B41C', 'C62D', 'A63B', 'B64D', 'A71C', 'D77C', 'A93B']	9	-4.010254	-4.787081	-6.9898624	-2.2027817
BCCDDDCDCDDDDCDDABCDABCABDBACBDCAACDBBCABACBCCABCACBCCCCDBDBACDBBBCBCBACCACADAACCCBABADBCCAABBBCCBB	['D35C', 'C37B', 'C57D', 'A63D', 'A93B']	5	-4.188038	-4.0115786	-6.3921404	-2.2041025
BCCDDDCDCDDDDCDDABCDABCABDBACBDCAACDABCABACBCCABCACBCCCCCBDBCCDBBBCBCBACCACADAACCCBABADBCCAAABBCCBB	['D35C', 'C37A', 'A61C', 'A63D']	4	-4.013075	-5.2010336	-7.406638	-2.2056046
BCCDDDCDCCDDBCDDABCBABCABDBACBDCAADDBBCABACBCDBBCACBBCCCCBDBACDCBBCBCBACCACACAACCCBBBADBDCAAABBCCBB	['D10C', 'D13B', 'D20B', 'C37B', 'C46D', 'A47B', 'C53B', 'A63D', 'B64C', 'D77C', 'A84B', 'C89D']	12	-2.2478986	-2.5156999	-4.72211	-2.20641
AAADDDCDCDDDDCDDABCDABCABDBACBDCAACDCBCACACBCCABCACBCCCCCBDBACDBBBCBCBACCACADAACCCBABADBCCAAABBCCBB	['B1A', 'C2A', 'C3A', 'D35C', 'B41C', 'A63D']	6	-4.014632	-4.573762	-6.780918	-2.2071562
BCCDDDCDCDDBDCDDABCDABCABDBACBDCAADDABCACACBCCABCACBCCCCCBDBACDBBBCBCBACCACADAACCCBABADBCCAAABBCCBB	['D12B', 'C37A', 'B41C', 'A63D']	4	-4.014784	-4.9858923	-7.193204	-2.2073116
BCCDDDCDCDDDDCDDABCDABCABDBACDDCAADDCBCABACBCCABCACBCCCCCBDBACABBBCBCBBCCACADAACCCBABADBCCAAABBCCBB	['B30D', 'A71B']	2	-4.0149126	-7.2041855	-9.411629	-2.2074432
BCCDDDCDCDDDDCDDABCDABCABDBACBDCAADDCBCABACBCCABCACBCCCCCBDBADABBBCBCBACCACACAACCCBABADBCCAABBBCCBB	['C62D', 'D77C', 'A93B']	3	-4.016282	-5.7860985	-7.9949083	-2.2088099
BCCDDDCDCDDADCDDABCDABCABDBACBDCAADDCBCABACBCCABCACBCCCCDBDBACDBBBCBCBACCACACAACCCBABADBCCAAABBCCBB	['D12A', 'C57D', 'A63D', 'D77C']	4	-4.4017305	-4.016573	-6.6108274	-2.209097
BCCDDDCDCCDDDCDDABCAABCABDBACBDCAACABBCABACBCDABCACBCCCCCBDBACDBBBCBBBBDCACADAACCCBBBADBDBACCBBCCBB	['D10C', 'D20A', 'D35C', 'D36A', 'C37B', 'C46D', 'A63D', 'C69B', 'A71B', 'C72D', 'A84B', 'C89D', 'C90B', 'A92C', 'A93C']	15	-2.2512622	-2.9857507	-5.1955175	-2.2097669
BCCDDDCDCDDDDCDDABCAABCABDBACBDCAACDBBCABACBCCABCACBCCCCCBDCACDBBBCBBBBCCACADAACCCBABADBCBAAABBCCBB	['D20A', 'D35C', 'C37B', 'B60C', 'A63D', 'C69B', 'A71B', 'C90B']	8	-4.235747	-4.017313	-6.4455833	-2.2098365
BCCDDDCDCDDDDCCDABCDABCABDBACBDCAACDBBCACACBCCABCACBCCCCCBDBADDBBBCBCBACCDCADAACCCBABADBCCAABBBCCBB	['D15C', 'D35C', 'C37B', 'B41C', 'C62D', 'A63D', 'A74D', 'A93B']	8	-4.0174875	-5.1430006	-7.353015	-2.2100143
BCCDDDCDCDDDDCDDABCDABCABDBACBDCAADDABCABACBCCABCACBCCCCCBDBACCBBBCBCBACCACACAACCCBABADBCCAAABBCCBB	['C37A', 'A63C', 'D77C']	3	-4.0175467	-5.965672	-8.175747	-2.210075
BCCDDDCDCDDDDCDCABCCABCABDBACBDCAADACBAABACBCCABCACBCCCCCBDBADDCBBCBCCACCACADAACCCBABADBCBAAABBCCBB	['D16C', 'D20C', 'D36A', 'C39A', 'C62D', 'A63D', 'B64C', 'B70C', 'C90B']	9	-4.2037234	-4.0178504	-6.414097	-2.2103734
BCCDDDCDCDDDDCDDABCDABCABDBACBDCAADDBBCABACBCCABCACBCCCCCBDBACBCDBCBCBACCACADAACCCBABADBCCAAABBCCBB	['C37B', 'A63B', 'B64C', 'B65D']	4	-4.018588	-5.13658	-7.347698	-2.2111182
BCCDDDCDCDDDDDDDABCDABCABDBACBDCAADDCBCABACBCCABCACBCCCCCBDBACACBBCBCBACCACADAACCCBABADBCCAAABBCCBB	['C14D', 'B64C']	2	-4.0189905	-5.968179	-8.1797	-2.2115207
BCCDDDCDCDDDDCDDACCDABCABDBACBDCAADDCBCABACBCCABCACBCCCCCBDBACCBBBCBCBACCACADAACCCBABADBCCAABBBCCBB	['B18C', 'A63C', 'A93B']	3	-4.020029	-5.839161	-8.051713	-2.212552
BCCDDDCDCDDADDDDABCDABCABDBACBDCAADDBBCABACBCCABCACBCCCCCBDBDDDBBBCCCBCDCACACAACCCBABADBCCAABBBCCBB	['D12A', 'C14D', 'C37B', 'A61D', 'C62D', 'A63D', 'B68C', 'A71C', 'C72D', 'D77C', 'A93B']	11	-4.0200796	-5.407477	-7.6200867	-2.2126098
BCCDDDCDCDDDDCDDABCDABCABDBACDDCAACACBCABACBCCABCACBCCCCCBDBACDCBBCBCBACCACADAACCCBABADCCCAAABBCCBB	['B30D', 'D35C', 'D36A', 'A63D', 'B64C', 'B88C']	6	-4.0202756	-7.615138	-9.82794	-2.212802
BCCDDDCDCDDDDCDDABCDABCABDBACDDCAACACBCABACBCCABCACBCCCCCBDBACDCBBCBCBACCACADAACCCBABADCCCAAABBCCBB	['B30D', 'D35C', 'D36A', 'A63D', 'B64C', 'B88C']	6	-4.0202756	-7.615138	-9.82794	-2.212802
BCCDDDCDCDDDDCDDABCDABCABDBACDDCAADDBBCACACBCCABCACBCCCCCBDBADDBBBCBCBACCACACAACCCBABADCCCAABBBCCBB	['B30D', 'C37B', 'B41C', 'C62D', 'A63D', 'D77C', 'B88C', 'A93B']	8	-4.0206294	-6.2683682	-8.481526	-2.2131581
BCCDDDCDCDDDDCDDABCDABCABDBACBDCAADDCBCABACBCCABCACBCCCCCBDBACBBBBCBCBCBCACACAACCCBABADBCCAAABBCCBB	['A63B', 'A71C', 'C72B', 'D77C']	4	-4.020961	-4.2986083	-6.512101	-2.2134929
BCCDDDCDCDDDDCDDABCDABCABDBACBDCAADDCBCACACBCCABCACBCCCCCBDBACBBBBCBCBACCACADAACCCBABADBCCAAABBCCBB	['B41C', 'A63B']	2	-4.021721	-4.705943	-6.9201937	-2.2142506
BCCDDDCDCDDDDCDDABCDABCABDBACBDCAADDCBCACACBCCABCACBCCCCCBDBACBBBBCBCBACCACADAACCCBABADBCCAAABBCCBB	['B41C', 'A63B']	2	-4.021721	-4.705943	-6.9201937	-2.2142506
BCCDDDCDCDDDDDDDABCDABCABDBACBDCAADDABCACACBCCABCACBCCCCCBDBADDDBBCBCBACCACACAACCCBABADBCCAAABBCCBB	['C14D', 'C37A', 'B41C', 'C62D', 'A63D', 'B64D', 'D77C']	7	-4.021841	-4.9652686	-7.179638	-2.2143693
BCCDDDCDCDDDBCDDABCDABCABDBACBDCAADDCBCACACBCCABCACBCCCCCBDBACACBBCBCBACCACADAACCCBABADBCCAAABBCCBB	['D13B', 'B41C', 'B64C']	3	-4.02217	-5.6013803	-7.8160763	-2.214696
BCCDDDCDCCDDBCDDABCDABCABDBACBDCAADDCBCABACBCCABCACBCCCCCBDBACCCBBCBBBADCACADAACCCBABADBCCAAABBCCBB	['D10C', 'D13B', 'A63C', 'B64C', 'C69B', 'C72D']	6	-4.022629	-4.997599	-7.2127514	-2.2151523
BCCDDDCDCDDDDCDDABCDABCABDBACBDCAADDBBCABACBCCABCACBCCCCCBDBACDBBBCBCBCBCACADAACCCBABADBCCAAABBCCBB	['C37B', 'A63D', 'A71C', 'C72B']	4	-4.022702	-4.228237	-6.443469	-2.215232
BCCDDDCDCDDDDCDDABCDABCABDBACBDCAADDBBCABACBCCABCACBCCCCCBDBACDBBBCBCBCBCACADAACCCBABADBCCAAABBCCBB	['C37B', 'A63D', 'A71C', 'C72B']	4	-4.022702	-4.228237	-6.443469	-2.215232
BCCDDDCDCDDDDCDDABCDABCABDBACBDCAADACBCABACBCCABCACBCCCCCBDBACDBBBCBCBACCACADAACCCBABADBCCAAABBCCBB	['D36A', 'A63D']	2	-4.024481	-5.6262827	-7.843293	-2.2170105
BCCDDDCDCDDDDCDDABCDABCABDBACBDCAADACBCABACBCCABCACBCCCCCBDBACDBBBCBCBACCACADAACCCBABADBCCAAABBCCBB	['D36A', 'A63D']	2	-4.024481	-5.6262827	-7.843293	-2.2170105
BCCDDDCDCDDDDCDDABCDABCABDBACBDCAADACBCABACBCCABCACBCCCCCBDBACDBBBCBCBACCACADAACCCBABADBCCAAABBCCBB	['D36A', 'A63D']	2	-4.024481	-5.6262827	-7.843293	-2.2170105
BCCDDDCDCDDDDCDDABCDABCABDBACBDCAADACBCABACBCCABCACBCCCCCBDBACDBBBCBCBACCACADAACCCBABADBCCAAABBCCBB	['D36A', 'A63D']	2	-4.024481	-5.6262827	-7.843293	-2.2170105
BCCDDDCDCDDDDCDDABCDABCABDBACBDCAADACBCABACBCCABCACBCCCCCBDBACDBBBCBCBACCACADAACCCBABADBCCAAABBCCBB	['D36A', 'A63D']	2	-4.024481	-5.6262827	-7.843293	-2.2170105
BCCDDDCDCDDDDCDDABCDABCABDBACBDCAADACBCABACBCCABCACBCCCCCBDBACDBBBCBCBACCACADAACCCBABADBCCAAABBCCBB	['D36A', 'A63D']	2	-4.024481	-5.6262827	-7.843293	-2.2170105
BCCDDDCDCDDDDCDDABCDABCABDBACBDCAADACBCABACBCCABCACBCCCCCBDBACDBBBCBCBACCACADAACCCBABADBCCAAABBCCBB	['D36A', 'A63D']	2	-4.024481	-5.6262827	-7.843293	-2.2170105
BCCDDDCDCDDDDCDDABCDABCABDBACBDCAADACBCABACBCCABCACBCCCCCBDBACDBBBCBCBACCACADAACCCBABADBCCAAABBCCBB	['D36A', 'A63D']	2	-4.024481	-5.6262827	-7.843293	-2.2170105
BCCDDDCDCDDDDCDDABCDABCABDBACBDCAADACBCABACBCCABCACBCCCCCBDBACDBBBCBCBACCACADAACCCBABADBCCAAABBCCBB	['D36A', 'A63D']	2	-4.024481	-5.6262827	-7.843293	-2.2170105
BCCDDDCDCDDDDCDDABCCABCABDBACBDCAADACBCACACBCCABCACBCCCCDBDBACDBBBCBCBADCACADAACCCBABADBCCAABBBCCBB	['D20C', 'D36A', 'B41C', 'C57D', 'A63D', 'C72D', 'A93B']	7	-4.225998	-4.024778	-6.4432993	-2.2173014
BCCDDDCDCDDDDCDDABCDABCABDBACBDCAACDCBCABACBCCABCACBCCCCDBDBACDBBBCBCBACCACADAACCCBABADBCCAAABBCCBB	['D35C', 'C57D', 'A63D']	3	-4.185028	-4.0252085	-6.4027624	-2.2177343
BCCDDDCDCDDDDCDDABCDABCABDBACBDCAACDCBCABACBCCABCACBCCCCDBDBACDBBBCBCBACCACADAACCCBABADBCCAAABBCCBB	['D35C', 'C57D', 'A63D']	3	-4.185028	-4.0252085	-6.4027624	-2.2177343
BCCDDDCDCDDDDCDDABCDABCABDBACBDCAACDCBCABACBCCABCACBCCCCDBDBACDBBBCBCBACCACADAACCCBABADBCCAAABBCCBB	['D35C', 'C57D', 'A63D']	3	-4.185028	-4.0252085	-6.4027624	-2.2177343
BCCDDDCDCDDDDCDDABCDABCABDBACBDCAACDCBCABACBCCABCACBCCCCDBDBACDBBBCBCBACCACADAACCCBABADBCCAAABBCCBB	['D35C', 'C57D', 'A63D']	3	-4.185028	-4.0252085	-6.4027624	-2.2177343
BCCDDDCDCDDDDCDDABCDABCABDBACBDCAACDCBCABACBCCABCACBCCCCDBDBACDBBBCBCBACCACADAACCCBABADBCCAAABBCCBB	['D35C', 'C57D', 'A63D']	3	-4.185028	-4.0252085	-6.4027624	-2.2177343
BCCDDDCDCDDDDCDDABCDABCABDBACBDCAACDCBCABACBCCABCACBCCCCDBDBACDBBBCBCBACCACADAACCCBABADBCCAAABBCCBB	['D35C', 'C57D', 'A63D']	3	-4.185028	-4.0252085	-6.4027624	-2.2177343
BCCDDDCDCDDDDCDDABCDABCABDBACBDCAACDCBCABACBCCABCACBCCCCDBDBACDBBBCBCBACCACADAACCCBABADBCCAAABBCCBB	['D35C', 'C57D', 'A63D']	3	-4.185028	-4.0252085	-6.4027624	-2.2177343
BCCDDDCDCDDDDCDDABCDABCABDBACBDCAACDCBCABACBCCABCACBCCCCDBDBACDBBBCBCBACCACADAACCCBABADBCCAAABBCCBB	['D35C', 'C57D', 'A63D']	3	-4.185028	-4.0252085	-6.4027624	-2.2177343
BCCDDDCDCDDDDCDDABCDABCABDBACBDCAACDCBCABACBCCABCACBCCCCDBDBACDBBBCBCBACCACADAACCCBABADBCCAAABBCCBB	['D35C', 'C57D', 'A63D']	3	-4.185028	-4.0252085	-6.4027624	-2.2177343
BCCDDDCDCDDDDCDDABCDABCABDBACBDCAACDCBCABACBCCABCACBCCCCDBDBACDBBBCBCBACCACADAACCCBABADBCCAAABBCCBB	['D35C', 'C57D', 'A63D']	3	-4.185028	-4.0252085	-6.4027624	-2.2177343
BCCDDDCDCDDDDCDDABCDABCABDBACBDCAACDCBCABACBCCABCACBCCCCDBDBACDBBBCBCBACCACADAACCCBABADBCCAAABBCCBB	['D35C', 'C57D', 'A63D']	3	-4.185028	-4.0252085	-6.4027624	-2.2177343
BCCDDDCDCDDDDCDDABCDABCABDBACBDCAACDCBCABACBCCABCACBCCCCDBDBACDBBBCBCBACCACADAACCCBABADBCCAAABBCCBB	['D35C', 'C57D', 'A63D']	3	-4.185028	-4.0252085	-6.4027624	-2.2177343
BCCDDDCDCDDDDCDDABCCABCABDBACBDCAACDABCACACBCCABCACBCCCCCBDBACDBBBCBCBACCACADAACCCBABADBCCAABBBCCBB	['D20C', 'D35C', 'C37A', 'B41C', 'A63D', 'A93B']	6	-4.025773	-5.4057274	-7.6240225	-2.218295
BCCDDDCDCDDDBDDDABCDABCABDBACBDCAADDCBCABACBCCABCACBCCCCCBDBACDBBBCBCBADCACADAACCCBABADBCCAAABBCCBB	['D13B', 'C14D', 'A63D', 'C72D']	4	-4.026269	-5.370728	-7.589526	-2.2187982
BCCDDDCDCDDDBCCCABCDABCABDBACBDCAADDABCABACBCCABCACBCCCCCBDBACBBBBCBCBACCACADAACCCBABADBCCAAABBCCBB	['D13B', 'D15C', 'D16C', 'C37A', 'A63B']	5	-4.0263815	-5.1643806	-7.3832903	-2.2189097
BCCDDDCDCBDDDCDDABCCABCABDBACBDCAADDABCABACBBCABCACBCCCCCBDBACDBBBCBCBBBBACADAACCCCBBADBCBAAABBCCBB	['D10B', 'D20C', 'C37A', 'C45B', 'A63D', 'A71B', 'C72B', 'C73B', 'B83C', 'A84B', 'C90B']	11	-4.0265512	-5.684956	-7.9040384	-2.2190824
BCCDDDCDCDDDDCDDABCDABCABDBACBDCAADDCBAACACBCDABCACBCCCCCCDBACDBBBCBBBACCACACAACCCBBBADBCCAAABBCCBB	['C39A', 'B41C', 'C46D', 'B58C', 'A63D', 'C69B', 'D77C', 'A84B']	8	-3.8290863	-2.2608423	-6.0484333	-2.219347
BCCDDDCDCDDDDCDDABCDABCABDBACBDCAADABBCABACBCCABCACBCCCCCBDBACDBBBCBCBACCACADAACCCBABADBCCAABBBCCBB	['D36A', 'C37B', 'A63D', 'A93B']	4	-4.0274906	-5.6126537	-7.832673	-2.2200193
BCCDDDCDCDDDBCDDABCDABCABDBACBDCAACDCBCABACBCCABCACBCCCCCBDBACDBBBCBCBACCACADAACCCBABADBCCAAABBCCBB	['D13B', 'D35C', 'A63D']	3	-4.028674	-5.384634	-7.605834	-2.2212
BCCDDDCDCDDDDDDDABCAABCABDBACDDCAACACBCABACBCCABCACBCCCCCBDBADDBBBCBCBBCCACADAACCCBABADCCCAAABBCCBB	['C14D', 'D20A', 'B30D', 'D35C', 'D36A', 'C62D', 'A63D', 'A71B', 'B88C']	9	-4.0294957	-7.0583267	-9.280349	-2.222022
BCCDDDCDCDDBDCDDABBDABCABDBACBDCAACDBBCABACBCDABCACBCCCCCBDBACDCBBCBCBACCACCDAACCCBABADBCCAAABBCCBB	['D12B', 'C19B', 'D35C', 'C37B', 'C46D', 'A63D', 'B64C', 'A76C']	8	-2.648315	-2.263712	-4.870528	-2.2222133
BCCDDDCDCDDBDCDDABBDABCABDBACBDCAACDBBCABACBCDABCACBCCCCCBDBACDCBBCBCBACCACCDAACCCBABADBCCAAABBCCBB	['D12B', 'C19B', 'D35C', 'C37B', 'C46D', 'A63D', 'B64C', 'A76C']	8	-2.648315	-2.263712	-4.870528	-2.2222133
BCCDDDCDCADDDCDDABCDADCABDBACBDCAADDCBCACACBCDABCACBCCCCCBDCADACBBCBCBACCACACAACCCBACADBCCAAABBCCBB	['D10A', 'B22D', 'B41C', 'C46D', 'B60C', 'C62D', 'B64C', 'D77C', 'B85C']	9	-3.368287	-2.264019	-5.59081	-2.2225227
BCCDDDCDCCDDDCDDABCCABCABDBACBDCBACABBCABADBCDAACCCBCACCCBDBADDBBBCBCBBDCACACAACCBBACADBCCAABBBCCBB	['D10C', 'D20C', 'A33B', 'D35C', 'D36A', 'C37B', 'C43D', 'C46D', 'B48A', 'A50C', 'C54A', 'C62D', 'A63D', 'A71B', 'C72D', 'D77C', 'C82B', 'B85C', 'A93B']	19	-2.4919457	-2.2644558	-4.7149076	-2.222962
BCCDDDCDCCDDDCDDABCCABCABDBACBDCBACABBCABADBCDAACCCBCACCCBDBADDBBBCBCBBDCACACAACCBBACADBCCAABBBCCBB	['D10C', 'D20C', 'A33B', 'D35C', 'D36A', 'C37B', 'C43D', 'C46D', 'B48A', 'A50C', 'C54A', 'C62D', 'A63D', 'A71B', 'C72D', 'D77C', 'C82B', 'B85C', 'A93B']	19	-2.4919457	-2.2644558	-4.7149076	-2.222962
BCCDDDCDCCDDDCDDABCCABCABDBACBDCBACABBCABADBCDAACCCBCACCCBDBADDBBBCBCBBDCACACAACCBBACADBCCAABBBCCBB	['D10C', 'D20C', 'A33B', 'D35C', 'D36A', 'C37B', 'C43D', 'C46D', 'B48A', 'A50C', 'C54A', 'C62D', 'A63D', 'A71B', 'C72D', 'D77C', 'C82B', 'B85C', 'A93B']	19	-2.4919457	-2.2644558	-4.7149076	-2.222962
BCCDDDCDCDDDDCDDABCDABCABDBACBDCAADACBCABACBBCABCACBCCCCDBDCCDDBBBCBCBACCACADAACCCBABADBCCAAABBCCBB	['D36A', 'C45B', 'C57D', 'B60C', 'A61C', 'C62D', 'A63D']	7	-5.8834476	-4.0305037	-8.106476	-2.2230282
BCCDDDCDCDDDBCDDABCCABCABDBACBDCAADACBCABACBCCABCACBCCCCCBDBACDBBBCBCBACCACADAACCCBABADBCCAAABBCCBB	['D13B', 'D20C', 'D36A', 'A63D']	4	-4.030717	-5.357179	-7.5804205	-2.2232413
BCCDDDCDCCDDDCDDABCDABCABDBACBDCBDDBABCABACBBCABCACBCBCCDBDBADDDBBCBCBDCCACADAACCCBABADBCBAAABBCCBB	['D10C', 'A33B', 'A34D', 'D36B', 'C37A', 'C45B', 'C54B', 'C57D', 'C62D', 'A63D', 'B64D', 'A71D', 'C90B']	13	-4.031816	-5.266367	-7.490711	-2.2243443
BCCDDDCDCCDDDCCDABCDABCABDBACBDCAADDBBCABABBCCABCACBCCCCCBDBACDBDBCBCBACCACADAACCCBABADBCCAAABBCCBB	['D10C', 'D15C', 'C37B', 'C43B', 'A63D', 'B65D']	6	-4.0321884	-5.196808	-7.421521	-2.2247133
BCCDDDCDCCDDBCDDABCAABCABDBACBDCAADACBCABACBCDABCACBCCCCCBDCCADABBCBCBBACACADAACCCBABADBCBAABBBCCBB	['D10C', 'D13B', 'D20A', 'D36A', 'C46D', 'B60C', 'A61C', 'C62A', 'A63D', 'B64A', 'A71B', 'C72A', 'C90B', 'A93B']	14	-2.2664595	-3.094058	-5.3190184	-2.2249603
AAADDDCDCDDBDCDDABCDABCABDBACBDCAACACBCACACBCCABCACBCCCCCBDCADDCBBCBCBACCACADAACCCBABADBCCAAABBCCBB	['B1A', 'C2A', 'C3A', 'D12B', 'D35C', 'D36A', 'B41C', 'B60C', 'C62D', 'A63D', 'B64C']	11	-4.4118414	-4.032503	-6.6368713	-2.22503
BCCDDDCDCDDDDCDDABCDABCABDBACBDCAADDCBAABACBCCABCACBCCCCCBDCADDBBBCBCBACCACACAACCCBABADBCCAABBBCCBB	['C39A', 'B60C', 'C62D', 'A63D', 'D77C', 'A93B']	6	-4.033148	-4.4313307	-6.657007	-2.2256765
BCCDDDCDCCDDDCDDABCCABCABDBACBDCAACACBCABACBCCABCCCBCDCCCBDBACDBBBCBABDCDACADAACCCBABADBABAABBBCCBB	['D10C', 'D20C', 'D35C', 'D36A', 'A50C', 'C54D', 'A63D', 'C69A', 'A71D', 'C73D', 'C89A', 'C90B', 'A93B']	13	-4.034046	-4.677535	-6.904106	-2.226571
BCCDDDCDCCDDDCDDABCCABCABDBACBDCAACACBCABACBCCABCCCBCDCCCBDBACDBBBCBABDCDACADAACCCBABADBABAABBBCCBB	['D10C', 'D20C', 'D35C', 'D36A', 'A50C', 'C54D', 'A63D', 'C69A', 'A71D', 'C73D', 'C89A', 'C90B', 'A93B']	13	-4.034046	-4.677535	-6.904106	-2.226571
BCCDDDCDCDDDDCDDABCDABCABDBACBDCAADDABCABACBCCABCACBCCCCCBDBACCBBBCBCBADCACACAACCCBABADBCCAAABBCCBB	['C37A', 'A63C', 'C72D', 'D77C']	4	-4.03621	-6.0429187	-8.271659	-2.2287402
BCCDDDCDCDDDDCDDABCDABCABDBACDDCAADDCBCABACBCCABCACBCCCCDBDBACDBBBCBCBACCACACAACCCBABADBCCAABBBCCBB	['B30D', 'C57D', 'A63D', 'D77C', 'A93B']	5	-4.0365868	-5.4398932	-7.6690044	-2.2291112
BCCDDDCDCDDDDCCDABCDABCABDBACBDCAADACBCABACBCCABCACBCCCCCBDBADCBBBCBCBADCACADAACCCBABADBCCAAABBCCBB	['D15C', 'D36A', 'C62D', 'A63C', 'C72D']	5	-4.0386267	-5.6185746	-7.8497286	-2.231154
BCCDDDCDCDDCDCDDABBDABCABDBACBDCAADDABCABACBCCABCACBCCCCCBDBACDBBBCBCBACCADADAACCCBACADBCCAABBBCCBB	['D12C', 'C19B', 'C37A', 'A63D', 'C75D', 'B85C', 'A93B']	7	-4.038814	-5.5788364	-7.8101807	-2.2313442
BCCDDDCDCDDDDDDDABCDABCABDBACBDCAADDCBCACACBCCABCACBCCCCCBDCADDBBBCBCBADCACACAACCCBABADBCBAABBBCCBB	['C14D', 'B41C', 'B60C', 'C62D', 'A63D', 'C72D', 'D77C', 'C90B', 'A93B']	9	-4.0389485	-4.447875	-6.679346	-2.231471
BCCDDDCDCDDDDDCDADCDABCABDBACBDCAACDBBCABACBCCABCACBCCCCCBDBACABBBCBCBACCACADAACCCBABADBCCAAABBCCBB	['C14D', 'D15C', 'B18D', 'D35C', 'C37B']	5	-4.039443	-5.027584	-7.259549	-2.231965
BCCDDDCDCDDDDADDABCDABCABDBACBDCAADDCBCABABBCCABCACBCCCCCBDBADCBDBCBCBBACACACAACCCBABADBCCAABBBCCBB	['C14A', 'C43B', 'C62D', 'A63C', 'B65D', 'A71B', 'C72A', 'D77C', 'A93B']	9	-4.0398083	-6.0877876	-8.320122	-2.2323341
BCCDDDCDCDDDDCDDABCDABCABDBACBDCAACDCBCABACBCCABCACBCCCCCBDBACACBBCBCBACCACADAACCCBABADBCCAAABBCCBB	['D35C', 'B64C']	2	-4.040058	-6.0593324	-8.291918	-2.2325854
BCCDDDCDCDDDDCDDABCDABCABDBACBDCAACDCBCABACBCCABCACBCCCCCBDBACACBBCBCBACCACADAACCCBABADBCCAAABBCCBB	['D35C', 'B64C']	2	-4.040058	-6.0593324	-8.291918	-2.2325854
BCCDDDCDCDDDDCDDABCDABCDBDBACBDCAACACBCABACBCDABCACBCCCCCBDBADDBBBCBBBACCACACAACCCBABADBCCAAABBCCBB	['A24D', 'D35C', 'D36A', 'C46D', 'C62D', 'A63D', 'C69B', 'D77C']	8	-3.367568	-2.2763777	-5.6024485	-2.2348804
BCCDDDCDCCDDDCDDABCDABCABDBACBDCAADDCBCABACBCCABCACBCCCCCBDCACABBBCBCBACCACADAACCCBABADBCCAABBBCCBB	['D10C', 'B60C', 'A93B']	3	-4.043145	-5.933302	-8.168973	-2.235671
BCCDDDCDCDDDDCCDABCDABCABDBACBDCAACDABCACACBCCABCACBCCCCCBDBACDBBBCBCBACCACADAACCCBABADBCCAAABBCCBB	['D15C', 'D35C', 'C37A', 'B41C', 'A63D']	5	-4.043583	-5.2985706	-7.5346785	-2.2361078
BCCDDDCDCCDDDCDDABCDABCABDBACBDCAADDCBCABACBCDABCACBCCCCCCDBADDBBBCBDBBBBACACAACCCBABADBCBAABBBCCBB	['D10C', 'C46D', 'B58C', 'C62D', 'A63D', 'C69D', 'A71B', 'C72B', 'C73B', 'D77C', 'C90B', 'A93B']	12	-2.278283	-2.3244772	-4.561263	-2.236786
BCCDDDCDCCDDBCDDABBDABCABDBACBDCAADDCBCABABBCCABCACBCCCCCBDBACDCDBCBCBACCACADAACCCBABADBCCAAABBCCBB	['D10C', 'D13B', 'C19B', 'C43B', 'A63D', 'B64C', 'B65D']	7	-4.0443087	-5.2834315	-7.5202656	-2.236834
BCCDDDCDCDDBDCDDABCDABCABDBACBDCDADDABCABACBCCABCACBCCCCCBDBADDDBBCBBBACCACADAACCCBABADBCCAAABBCCBB	['D12B', 'A33D', 'C37A', 'C62D', 'A63D', 'B64D', 'C69B']	7	-4.8855553	-4.0453396	-7.1234217	-2.2378664
BCCDDDCDCDDDDCCDABCDABCABDBACBDCAADDABCABACBCCABCACBCCCCCBDBACABBBCBCBACCACADAACCCBABADBCCAAABBCCBB	['D15C', 'C37A']	2	-4.0456123	-6.2729506	-8.511092	-2.2381415
BCCDDDCDCDDDDCCDABCDABCABDBACBDCAADDABCABACBCCABCACBCCCCCBDBACABBBCBCBACCACADAACCCBABADBCCAAABBCCBB	['D15C', 'C37A']	2	-4.0456123	-6.2729506	-8.511092	-2.2381415
BCCDDDCDCDDDDCCDABCDABCABDBACBDCAADDABCABACBCCABCACBCCCCCBDBACABBBCBCBACCACADAACCCBABADBCCAAABBCCBB	['D15C', 'C37A']	2	-4.0456123	-6.2729506	-8.511092	-2.2381415
BCCDDDCDCDDDDCCDABCDABCABDBACBDCAADDABCABACBCCABCACBCCCCCBDBACABBBCBCBACCACADAACCCBABADBCCAAABBCCBB	['D15C', 'C37A']	2	-4.0456123	-6.2729506	-8.511092	-2.2381415
BCCDDDCDCDDDDCCDABCDABCABDBACBDCAADDABCABACBCCABCACBCCCCCBDBACABBBCBCBACCACADAACCCBABADBCCAAABBCCBB	['D15C', 'C37A']	2	-4.0456123	-6.2729506	-8.511092	-2.2381415
BCCDDDCDCDDBDCDCABBDABCABDBACBDCAADABBAABACBCCABCACBCCCCCBDBACCBBBCBCBAACACADAACCDBABADBCCAAABBCCBB	['D12B', 'D16C', 'C19B', 'D36A', 'C37B', 'C39A', 'A63C', 'C72A', 'C82D']	9	-4.0461783	-4.691029	-6.9297323	-2.2387033
BCCDDDCDCDDBDADDABADABCABDBACDDCAADDCBCABACBCCABCACBCCCCCBDBACACBBCBCBBCCACADAACCCBABADBCCAAABBCCBB	['D12B', 'C14A', 'C19A', 'B30D', 'B64C', 'A71B']	6	-4.0481615	-6.528949	-8.769641	-2.2406921
BCCDDDCDCDDDDCDDABCDABCABDBACBDCAADDBBCABACBCCABCACBCCCCCBDBACBBBBCBCBADCACACAACCCBABADBCCAAABBCCBB	['C37B', 'A63B', 'C72D', 'D77C']	4	-4.048279	-4.7369556	-6.977764	-2.2408085
BCCDDDCDCCDDDCDDABCDABCABDBACBDCAACDABCABACBCCABCACBCCCCCBDBADCABBCBCBADCACADAACCCBABADBCCAAABBCCBB	['D10C', 'D35C', 'C37A', 'C62D', 'A63C', 'B64A', 'C72D']	7	-4.049185	-5.263045	-7.504757	-2.241712
BCCDDDCDCDDDDCDDABCDABCABDBACBDCAADACBCABACBCCABCACBCCCCCBDBADDBBBCBCBACCACADAACCCBABADBCCAAABBCCBB	['D36A', 'C62D', 'A63D']	3	-4.0492887	-5.182745	-7.4245625	-2.2418175
BCCDDDCDCDDDDCDDABCDABCABDBACBDCAADACBCABACBCCABCACBCCCCCBDBADDBBBCBCBACCACADAACCCBABADBCCAAABBCCBB	['D36A', 'C62D', 'A63D']	3	-4.0492887	-5.182745	-7.4245625	-2.2418175
BCCDDDCDCDDDDCDDABCDABCABDBACBDCAADACBCABACBCCABCACBCCCCCBDBADDBBBCBCBACCACADAACCCBABADBCCAAABBCCBB	['D36A', 'C62D', 'A63D']	3	-4.0492887	-5.182745	-7.4245625	-2.2418175
BCCDDDCDCCDDDCDDABCDABCABDBACBDCAADACBCABACBCCABCACBCCCCCBDCCCDBBBCBCCAACACADAACCCBABADBCCAABBBCCBB	['D10C', 'D36A', 'B60C', 'A61C', 'A63D', 'B70C', 'C72A', 'A93B']	8	-4.0494413	-5.0937176	-7.335681	-2.2419634
BCCDDDCDCCDDDCDDABCDABCABDBACBDCAADACBCABACBCCABCACBCCCCCBDCCCDBBBCBCCAACACADAACCCBABADBCCAABBBCCBB	['D10C', 'D36A', 'B60C', 'A61C', 'A63D', 'B70C', 'C72A', 'A93B']	8	-4.0494413	-5.0937176	-7.335681	-2.2419634
BCCDDDCDCCDABCDDADCDABCABDBACBDCAACABBCACACBCCABCACBCCCCDBDCDCACBBABCBACCACADAACCCBABADBCBAAABBCCBB	['D10C', 'D12A', 'D13B', 'B18D', 'D35C', 'D36A', 'C37B', 'B41C', 'C57D', 'B60C', 'A61D', 'B64C', 'C67A', 'C90B']	14	-5.220562	-4.0500603	-7.4631443	-2.2425823
BCCDDDCDCDDDDCDDABADABCABDBACBDCAADABBCABACBCCABCACBCCCCCBDBACDCDBCBCBACCACADAACCCBABADBCCAABBBCCBB	['C19A', 'D36A', 'C37B', 'A63D', 'B64C', 'B65D', 'A93B']	7	-4.0506935	-5.457066	-7.700284	-2.243218
BCCDDDCDCDDDDDDDABCDABCABDBACBDCAACDBBCABACBCCABCACBCCCCCBDBADDBBBCBCBCBCACACAACCCBABADBCCAABBBCCBB	['C14D', 'D35C', 'C37B', 'C62D', 'A63D', 'A71C', 'C72B', 'D77C', 'A93B']	9	-4.501279	-4.0511956	-6.745002	-2.243723
BCCDDDCDCDDDDDDDABCDABCABDBACBDCAACDBBCABACBCCABCACBCCCCCBDBADDBBBCBCBCBCACACAACCCBABADBCCAABBBCCBB	['C14D', 'D35C', 'C37B', 'C62D', 'A63D', 'A71C', 'C72B', 'D77C', 'A93B']	9	-4.501279	-4.0511956	-6.745002	-2.243723
BCCDDDCDCDDDDCDDABCDABCABDBACBDCAADDCBCACACBCCABCACBCCCCCBDCACDBBBCBCBACCACACAACCCBABADBCCAABBBCCBB	['B41C', 'B60C', 'A63D', 'D77C', 'A93B']	5	-4.0514746	-5.049839	-7.2938385	-2.2439995
BCCDDDCDCDDDDCDDABCDABCABDBACBDCAADDCBCACACBCCABCACBCCCCCBDCACDBBBCBCBACCACACAACCCBABADBCCAABBBCCBB	['B41C', 'B60C', 'A63D', 'D77C', 'A93B']	5	-4.0514746	-5.049839	-7.2938385	-2.2439995
BCCDDDCDCDDDDCDDABCDABCABDBACBDCAADDCBCACACBCCABCACBCCCCCBDCACDBBBCBCBACCACACAACCCBABADBCCAABBBCCBB	['B41C', 'B60C', 'A63D', 'D77C', 'A93B']	5	-4.0514746	-5.049839	-7.2938385	-2.2439995
BCCDDDCDCDDDDCDDABCDABCABDBACBDCAADDCBCACACBCCABCACBCCCCCBDCACDBBBCBCBACCACACAACCCBABADBCCAABBBCCBB	['B41C', 'B60C', 'A63D', 'D77C', 'A93B']	5	-4.0514746	-5.049839	-7.2938385	-2.2439995
BCCDDDCDCDDDDCDDABCDABCABDBACBDCAADDCBCACACBCCABCACBCCCCCBDCACDBBBCBCBACCACACAACCCBABADBCCAABBBCCBB	['B41C', 'B60C', 'A63D', 'D77C', 'A93B']	5	-4.0514746	-5.049839	-7.2938385	-2.2439995
BCCDDDCDCDDDBCDDABCDABCABDBACBDCAACDCBCABACBCCABCACBCCCCCBDBACDBBBCBCBACCACACAACCCBABADBCCAAABBCCBB	['D13B', 'D35C', 'A63D', 'D77C']	4	-4.0538254	-5.301808	-7.5481606	-2.2463527
BCCDDDCDCDDDDCDDABCDABCABDBACDDCAADDCBCACACBCCABCACBCCCCDBDBADDBBBCBCBACCACACAACCCBABADCCCAABBBCCBB	['B30D', 'B41C', 'C57D', 'C62D', 'A63D', 'D77C', 'B88C', 'A93B']	8	-4.0545163	-5.2865505	-7.5335913	-2.2470407
BCCDDDCDCDDDDCCDABCDABCABDBACBDCADCABBCABACBCDABCACBCDCCCBDBACDBBBCBABACCACADAACCBBABADBCCAAABBCCBB	['D15C', 'A34D', 'D35C', 'D36A', 'C37B', 'C46D', 'C54D', 'A63D', 'C69A', 'C82B']	10	-2.289682	-3.1514382	-5.3996267	-2.2481885
BCCDDDCDCDDDBCDDABCDABCABDBACBDCBADDCBCABACBCCABCACBCCCCCBDCADBBBBCBCBACCACACAACCCBABADBCCAAABBCCBB	['D13B', 'A33B', 'B60C', 'C62D', 'A63B', 'D77C']	6	-4.0586576	-4.412628	-6.6638145	-2.2511864
BCCDDDCDCDDDBCDDABCDABCABDBACDDCAADDCBCABACBCCABCACBCCCCCBDBACDBBBCBCBACCACADAACCCBABADBCCAAABBCCBB	['D13B', 'B30D', 'A63D']	3	-4.059184	-6.5144954	-8.766209	-2.2517133
BCCDDDCDCDDDBCDDABCDABCABDBACDDCAADACBCABACBCCABCACBCCCCCBDBADDBBBCBCBCACACADAACCCBABADBCCAAABBCCBB	['D13B', 'B30D', 'D36A', 'C62D', 'A63D', 'A71C', 'C72A']	7	-4.0594196	-6.135954	-8.387905	-2.2519512
BCCDDDCDCDDDBCDDABCDABCABDBACDDCAADACBCABACBCCABCACBCCCCCBDBADDBBBCBCBCACACADAACCCBABADBCCAAABBCCBB	['D13B', 'B30D', 'D36A', 'C62D', 'A63D', 'A71C', 'C72A']	7	-4.0594196	-6.135954	-8.387905	-2.2519512
BCCDDDCDCDDDDCDDABCDABCABDBACBDCAADDBBCABACBCCABCACBCCCCCBDBACCBBBCBCBACCACADAACCCBABADBCCAAABBCCBB	['C37B', 'A63C']	2	-4.059622	-5.3341417	-7.5862923	-2.2521505
BCCDDDCDCDDDDCDDABCDABCABDBACBDCAADDBBCABACBCCABCACBCCCCCBDBACCBBBCBCBACCACADAACCCBABADBCCAAABBCCBB	['C37B', 'A63C']	2	-4.059622	-5.3341417	-7.5862923	-2.2521505
BCCDDDCDCCDDBCDDABCDABCABDBACBDCAADDCBCABACBCDABCACBCCCCCBDBACDBBBCBCBBCBACACAACCCBBBADBCBAABBBCCBB	['D10C', 'D13B', 'C46D', 'A63D', 'A71B', 'C73B', 'D77C', 'A84B', 'C90B', 'A93B']	10	-2.2940855	-3.7874584	-6.0400467	-2.2525883
BCCDDDCDCDDDDCDDABCDABCABDBACBDCAADDBBCABACBCCABCACBCCCCCBDBACDBBBABCBACCDCACAACCCBABADBCCAAABBCCBB	['C37B', 'A63D', 'C67A', 'A74D', 'D77C']	5	-4.060624	-5.743073	-7.996228	-2.2531552
BCCDDDCDCDDDBDDDABCDABCABDBACBDCAACDABCABACBCCABCACBCCCCCBDBACDCBBCBCBADCACACAACCCBABADBCCAAABBCCBB	['D13B', 'C14D', 'D35C', 'C37A', 'A63D', 'B64C', 'C72D', 'D77C']	8	-4.060935	-5.735498	-7.9889603	-2.2534623
AAADDDCDCCDDDCDDABBDADCABDBACBDCAACDABCABACBCCABCACBCCCCCBDBACABBBCBCBACCACADAACCCBACADBCCAAABBCCBB	['B1A', 'C2A', 'C3A', 'D10C', 'C19B', 'B22D', 'D35C', 'C37A', 'B85C']	9	-4.0615563	-4.899476	-7.1535597	-2.2540836
AAADDDCDCADDBCCDABCCABCABDBACBDCAADACBCACACBCDABCACBCCCCCBDCACDBBBCBCBCCCACADAACCCBBBADBCBAAABBCCBB	['B1A', 'C2A', 'C3A', 'D10A', 'D13B', 'D15C', 'D20C', 'D36A', 'B41C', 'C46D', 'B60C', 'A63D', 'A71C', 'A84B', 'C90B']	15	-2.896968	-2.2959862	-5.151454	-2.254486
AAADDDCDCDDDDCDDABCDABCABDBACBDCAADDCBCACACBCCABCACBCCCCCBDBACABBBCBCBACCACACAACCCBABADBCCAABBBCCBB	['B1A', 'C2A', 'C3A', 'B41C', 'D77C', 'A93B']	6	-4.0620766	-5.415096	-7.669696	-2.2546
BCCDDDCDCADDDDDDABCDABCABDBACBDCAADABBCABACBCCABCACBCCCCCBDBACACBBCBCBACCACADAACCCBABADBCCAAABBCCBB	['D10A', 'C14D', 'D36A', 'C37B', 'B64C']	5	-4.062257	-5.4155874	-7.670371	-2.2547836
AAADDDCDCDDDDCCDABCDABCABDBACBDCAADDCBCABACBCCABCACBCCCCCBDBACBBBBCBBBACCACADAACCCBABADBCCAAABBCCBB	['B1A', 'C2A', 'C3A', 'D15C', 'A63B', 'C69B']	6	-4.2150726	-4.06285	-6.4704485	-2.2553759
AAADDDCDCCCDBDDDABCDADCABDBACBDCCACABBCABACBCDABCACBCCCCCBDBADDBBBCBCBBDBACADAACCCBBBADBCBAAABBCCBB	['B1A', 'C2A', 'C3A', 'D10C', 'D11C', 'D13B', 'C14D', 'B22D', 'A33C', 'D35C', 'D36A', 'C37B', 'C46D', 'C62D', 'A63D', 'A71B', 'C72D', 'C73B', 'A84B', 'C90B']	20	-4.0353346	-2.2974873	-6.2913256	-2.255991
BCCDDDCDCDDDDCCDABCAABCABDBACBDCAACDBBCABACBCDABCACBCCCCDBDBACDBBBCBCBBCBACADAACCCBBBADBCBAABBBCCBB	['D15C', 'D20A', 'D35C', 'C37B', 'C46D', 'C57D', 'A63D', 'A71B', 'C73B', 'A84B', 'C90B', 'A93B']	12	-2.740941	-2.2976766	-4.9971237	-2.2561827
AAAADDCDCDDDDCDDBBCDABCABDBACBDCAACDCBCABACBCCABCACBCCCCCBDBADDBBBCBCBACCACADAACCCBABADBCCAAABBCCBB	['B1A', 'C2A', 'C3A', 'D4A', 'A17B', 'D35C', 'C62D', 'A63D']	8	-4.0637865	-4.747729	-7.0040436	-2.2563148
BCCDDDCDCDDDDCCDABCDABCABDBACBDCAADDABCABACBCCABCACBCCCCCBDBACABBBCBCBADCACADAACCCBABADBCCAAABBCCBB	['D15C', 'C37A', 'C72D']	3	-4.0642757	-6.3501973	-8.607002	-2.256805
AAADDDCDCADADCCDABCDABCABDBACBDCAACACBCACACBCCABCACBCCCCCBDBADDBBBCBCBACCACADAACCCBABADBCCAAABBCCBB	['B1A', 'C2A', 'C3A', 'D10A', 'D12A', 'D15C', 'D35C', 'D36A', 'B41C', 'C62D', 'A63D']	11	-4.129348	-4.064564	-6.3864365	-2.2570887
AAADDDCDCADADCCDABCDABCABDBACBDCAACACBCACACBCCABCACBCCCCCBDBADDBBBCBCBACCACADAACCCBABADBCCAAABBCCBB	['B1A', 'C2A', 'C3A', 'D10A', 'D12A', 'D15C', 'D35C', 'D36A', 'B41C', 'C62D', 'A63D']	11	-4.129348	-4.064564	-6.3864365	-2.2570887
BCCDDDCDCDDDDCDDABCDABCABDBACBDCAACDCBCABACBCCABCACBCCCCCBDBADACBBCBCBACCACADAACCCBABADBCCAAABBCCBB	['D35C', 'C62D', 'B64C']	3	-4.064864	-5.615794	-7.873189	-2.2573948
AAADDDCDCDDDDCDDABCDABCABDBACBDCAADDCBCABACBCCABCACBCCCCCBDBACDBBBCBCCACCACADAACCCBABADBCCAAABBCCBB	['B1A', 'C2A', 'C3A', 'A63D', 'B70C']	5	-4.0648727	-5.0353227	-7.292721	-2.2573981
BCCDDDCDCDDDDCCDABCDABCABDBACBDCAADDABCACACBCCABCACBCCCCCBDBACABBBCBCBACCACADAACCCBABADBCCAABBBCCBB	['D15C', 'C37A', 'B41C', 'A93B']	4	-4.065875	-6.2227297	-8.481131	-2.258401
BCCDDDCDCDDBBCCCABCDABCABDBACBDCAADDCBBABACBCCABCACBCCCCCBDBADCBBBCBABACCACADAACCCBABADBCCAAABBCCBB	['D12B', 'D13B', 'D15C', 'D16C', 'C39B', 'C62D', 'A63C', 'C69A']	8	-4.0658846	-5.219825	-7.4782343	-2.2584095
BCCDDDCDCDDDBCDDABCDABCABDBACDDCAACDABCABACBCCABCACBCCCCDBDBACDBBBCBCBBDCACACAACCCBABADCCCAAABBCCBB	['D13B', 'B30D', 'D35C', 'C37A', 'C57D', 'A63D', 'A71B', 'C72D', 'D77C', 'B88C']	10	-4.0666127	-6.316474	-8.575613	-2.259139
BCCDDDCDCDDDDCDDABCCABCABDBACBDCAADACBCABACBCCABCACBCCCCCBDBADACBBCBCBACCACADAACCCBABADBCCAAABBCCBB	['D20C', 'D36A', 'C62D', 'B64C']	4	-4.066907	-5.588338	-7.8477736	-2.2594357
BCCDDDCDCDDDDCDCABCDABCABDBACBDCAADDCBAABACBCCABCACBCCCCCBDBACDBBBCBCBACCACADAACCCBABADBCCAAABBCCBB	['D16C', 'C39A', 'A63D']	3	-4.067565	-4.475155	-6.7352467	-2.2600918
AAADDDCDCDDDDCCDABCDABCABDBACBDCAACDABCACACBCCABCACBCCCCCBDBACBBBBCBCBACCACADAACCCBABADBCCAAABBCCBB	['B1A', 'C2A', 'C3A', 'D15C', 'D35C', 'C37A', 'B41C', 'A63B']	8	-4.070038	-4.6738176	-6.9363794	-2.2625618
BCCDDDCDCDDBDCDDABBDABCABDBACBDCAACDABCABACBCCABCACBCCCCDBDBACDBBBCBCBACCACADAACCCBABADBCCAABBBCCBB	['D12B', 'C19B', 'D35C', 'C37A', 'C57D', 'A63D', 'A93B']	7	-4.4813633	-4.070694	-6.744582	-2.2632189
BCCDDDCDCADDDCDDABCDABCABDBACBDDAACABBCABACBCDBBCACBCCCCCBDBACDCBBABCBACCACACAACCCBABADBCBAABBBCCBB	['D10A', 'C32D', 'D35C', 'D36A', 'C37B', 'C46D', 'A47B', 'A63D', 'B64C', 'C67A', 'D77C', 'C90B', 'A93B']	13	-2.3049307	-3.2411852	-5.5046215	-2.2634363
BCCDDDCDCDDBDCDDABCDABCABDBACBDCAADDCBCABACBCCABCACBCCCCDBDBACCBBBCBCBACCACADAACCCBABADBCCAAABBCCBB	['D12B', 'C57D', 'A63C']	3	-4.1269054	-4.0711117	-6.390543	-2.2636375
BCCDDDCDCCDCDCDDABADABCABDBACBDCAACDCBCABACBCCAACACBCDCCCBDBACDBDBCBCBCCCACACAACCCBABADBCCAAABBCCBB	['D10C', 'D12C', 'C19A', 'D35C', 'B48A', 'C54D', 'A63D', 'B65D', 'A71C', 'D77C']	10	-4.0731297	-5.1959057	-7.4615583	-2.2656527
BCCDDDCDCDDBDCDDABBDABCABDBACBDCAADDCBCABACBCCABCACBCCCCCBDBACACBBCBCBACCACADAACCCBABADBCCAAABBCCBB	['D12B', 'C19B', 'B64C']	3	-4.0737143	-5.3676763	-7.633919	-2.2662425
BCCDDDCDCDDBDCDDABBDABCABDBACBDCAADDCBCABACBCCABCACBCCCCCBDBACACBBCBCBACCACADAACCCBABADBCCAAABBCCBB	['D12B', 'C19B', 'B64C']	3	-4.0737143	-5.3676763	-7.633919	-2.2662425
BCCDDDCDCDDDDCDDABCDABCABDBACBDCDADDCBCABACBCCABCACBCCCCCBDBACDBBBCBCBCBCACADAACCCBABADBCCAAABBCCBB	['A33D', 'A63D', 'A71C', 'C72B']	4	-4.3650694	-4.074706	-6.632304	-2.2672348
BCCDDDCDCDDDDCDDABAAABCABDBACBDCAADDCBCABACBCDABCACBCCCCCBDBADDCBBCBCBACDACADAACCCBBBADBCBAAABBCCBB	['C19A', 'D20A', 'C46D', 'C62D', 'A63D', 'B64C', 'C73D', 'A84B', 'C90B']	9	-2.627139	-2.30941	-4.895049	-2.26791
AAADDDCDCDDDBCDDABCDABCABDBACBDCAADACBCABACBCCABCACBCCCCCBDBADACBBCBCBACCACADAACCCBABADBCCAAABBCCBB	['B1A', 'C2A', 'C3A', 'D13B', 'D36A', 'C62D', 'B64C']	7	-4.076193	-5.45343	-7.72215	-2.2687197
BCCDDDCDCDDBDCDBABBDABCABDBACBDCAADDCBCACACBCCABCACBCCCCCBDBACACBBCBCBACCACACAACCCBABADBCCAABBBCCBB	['D12B', 'D16B', 'C19B', 'B41C', 'B64C', 'D77C', 'A93B']	7	-4.076398	-4.9733624	-7.2422876	-2.2689252
BCCDDDCDCDDDDCDDABCDABCABDBACBDCAADDABCACACBCCABCACBCCCCCBDBACACBBCBCBACCACADAACCCBABADBCCAAABBCCBB	['C37A', 'B41C', 'B64C']	3	-4.0774126	-5.93813	-8.208074	-2.2699437
BCCDDDCDCDDDDCDDABCDABCABDBACBDCAADDABCACACBCCABCACBCCCCCBDBACACBBCBCBACCACADAACCCBABADBCCAAABBCCBB	['C37A', 'B41C', 'B64C']	3	-4.0774126	-5.93813	-8.208074	-2.2699437
BCCDDDCDCDDDDCDDABCDABCABDBACBDCAADDABCACACBCCABCACBCCCCCBDBACACBBCBCBACCACADAACCCBABADBCCAAABBCCBB	['C37A', 'B41C', 'B64C']	3	-4.0774126	-5.93813	-8.208074	-2.2699437
BCCDDDCDCDDDDCDDABCDABCABDBACBDCAADDABCACACBCCABCACBCCCCCBDBACACBBCBCBACCACADAACCCBABADBCCAAABBCCBB	['C37A', 'B41C', 'B64C']	3	-4.0774126	-5.93813	-8.208074	-2.2699437
BCCDDDCDCDDDDCDDABCDABCABDBACDDCAACDCBCABACBCCABCACBCCCCDBDBACDBBBCBCBCCCACACAACCCBABADCCCAABBBCCBB	['B30D', 'D35C', 'C57D', 'A63D', 'A71C', 'D77C', 'B88C', 'A93B']	8	-4.0787406	-6.0557795	-8.327047	-2.271268
BCCDDDCDCDDBDCCDABCDABCABDBACBDCAADDABCABACBCCABCACBCCCCCBDBACABBBCBCBACCACADAACCCBABADBCCAAABBCCBB	['D12B', 'D15C', 'C37A']	3	-4.079009	-5.9917393	-8.263277	-2.2715378
BCCDDDCDCDDDDCDDABCDABCABDBACBDCAACACBCABACBCCABCACBCCCCDBDBADBBBBCBCBBCCACADAACCCBABADBCCAABBBCCBB	['D35C', 'D36A', 'C57D', 'C62D', 'A63B', 'A71B', 'A93B']	7	-4.0803814	-4.088724	-6.361635	-2.272911
BCCDDDCDCDDDBCDDABCDABCABDBACBDCAADDABCABACBCCABCACBCCCCDBDBACDBBBCBCBACCACADAACCCBABADBCCAAABBCCBB	['D13B', 'C37A', 'C57D', 'A63D']	4	-4.0826597	-4.3182063	-6.5933905	-2.2751842
BCCDDDCDCDDBDCDDABCDABCABDBACBDCAADACBCABACBCCABCACBCCCCCBDBADDBBBCBCBACCACADAACCCBABADBCCAAABBCCBB	['D12B', 'D36A', 'C62D', 'A63D']	4	-4.0826864	-4.9015346	-7.1767483	-2.2752137
BCCDDDCDCDDDDCDDABCDABCABDBACBDCAACDABCABACBCCABCACBCCCCCBDBACDBBBCBCBACCACADAACCCBABADBCCAAABBCCBB	['D35C', 'C37A', 'A63D']	3	-4.0839157	-5.721383	-7.9978294	-2.2764463
BCCDDDCDCDDDDCDDABCDABCABDBACBDCAACDABCABACBCCABCACBCCCCCBDBACDBBBCBCBACCACADAACCCBABADBCCAAABBCCBB	['D35C', 'C37A', 'A63D']	3	-4.0839157	-5.721383	-7.9978294	-2.2764463
BCCDDDCDCDDDDCDDABCDABCABDBACBDCAACDABCABACBCCABCACBCCCCCBDBACDBBBCBCBACCACADAACCCBABADBCCAAABBCCBB	['D35C', 'C37A', 'A63D']	3	-4.0839157	-5.721383	-7.9978294	-2.2764463
BCCDDDCDCDDDDCDDABCDABCABDBACBDCAACDABCABACBCCABCACBCCCCCBDBACDBBBCBCBACCACADAACCCBABADBCCAAABBCCBB	['D35C', 'C37A', 'A63D']	3	-4.0839157	-5.721383	-7.9978294	-2.2764463
BCCDDDCDCDDDDCDDABCDABCABDBACBDCAACDABCABACBCCABCACBCCCCCBDBACDBBBCBCBACCACADAACCCBABADBCCAAABBCCBB	['D35C', 'C37A', 'A63D']	3	-4.0839157	-5.721383	-7.9978294	-2.2764463
AAADDDCDCDDDDCCDABCDABCABDBACBDCAADAABCACACBCCABCACBCCCCCBDBACACBBCBCBADCACADAACCCBABADBCCAAABBCCBB	['B1A', 'C2A', 'C3A', 'D15C', 'D36A', 'C37A', 'B41C', 'B64C', 'C72D']	9	-4.084957	-5.8881497	-8.165634	-2.2774844
BCCDDDCDCDDDDCDDABCDABCABDBACBDCAACDABCABACBCBABCACBCCCCCBDBACDBBBCBCBACCACADAACCBBABADBCCAAABBCCBB	['D35C', 'C37A', 'C46B', 'A63D', 'C82B']	5	-2.2776475	-3.154664	-5.4323053	-2.2776413
BCCDDDCDCDDDBCCDABBDABCABDBACBDCAADDABCABACBCCABCACBCCCCCBDBACCBBBCBAAACCACADAACCCBABADBCCAAABBCCBB	['D13B', 'D15C', 'C19B', 'C37A', 'A63C', 'C69A', 'B70A']	7	-4.0856934	-6.2455907	-8.52381	-2.2782197
BCCDDDCDCDDDDCCDABCDABCABDBACBDCAACACBCABACBCCABCACBCCCCCBDBACDBBBCBCBACCACADAACCCBABADBCCAAABBCCBB	['D15C', 'D35C', 'D36A', 'A63D']	4	-4.0866776	-5.6577506	-7.9369545	-2.279204
BCCDDDCDCDDCDDDDABCDABCABDBACBDCAACACBCABACBCCABCACBCCCCDBDBACDCBBCBCBACCACADAACCCBABADBCCAAABBCCBB	['D12C', 'C14D', 'D35C', 'D36A', 'C57D', 'A63D', 'B64C']	7	-4.5341263	-4.086847	-6.8135023	-2.279376
BCCDDDCDCDDCDDDDABCAABCABDBACBDCAADDCBCABACBCDABCACBCCCCCBDBADBBBBCACBBCCCCACAACCCBABADBCBAABBBCCBB	['D12C', 'C14D', 'D20A', 'C46D', 'C62D', 'A63B', 'B68A', 'A71B', 'A74C', 'D77C', 'C90B', 'A93B']	12	-2.4097853	-2.3209562	-4.689249	-2.2794638
AAAADDCDCDDDDCDDABCDABCABDBACBDCAADDABCACACBCCABCACBCCCCCBDBACACDBCBCBACCACADAACCCBABADBCCAAABBCCBB	['B1A', 'C2A', 'C3A', 'D4A', 'C37A', 'B41C', 'B64C', 'B65D']	8	-4.086993	-5.531428	-7.8109455	-2.2795177
BCCDDDCDCDDDDCDDABCDABCABDBACBDCAADDABCABACBCCABCACBCCCCDBDBACBBBBCBCBADCACACAACCCBABADBCCAAABBCCBB	['C37A', 'C57D', 'A63B', 'C72D', 'D77C']	5	-4.2220497	-4.088218	-6.502795	-2.2807455
BCCDDDCDCDDBDCDDABBDABCABDBACBDCAADDCBCABACBCDABCACBCCCCDBDBACDBBBCBCBCCCACACAACCCBABADDCBAABBBCCBB	['D12B', 'C19B', 'C46D', 'C57D', 'A63D', 'A71C', 'D77C', 'B88D', 'C90B', 'A93B']	10	-2.66757	-2.3224325	-4.9485044	-2.2809343
BCCDDDCDCDDDBDCDABCDABCABDBACBDCAADDCBCACACBCCABCACBCCCCCBDBACACBBCBCBACCACACAACCCBABADBCCAAABBCCBB	['D13B', 'C14D', 'D15C', 'B41C', 'B64C', 'D77C']	6	-4.0884466	-5.458871	-7.7398443	-2.2809734
BCCCDDCDCDDDDCDCABCDABCABDBACBDCAADDCBCABACBCCABCACBCCCCCBDBACABBBCBCBACCACADAACCCBABADBCCAAABBCCBB	['D4C', 'D16C']	2	-4.089406	-6.252252	-8.534184	-2.2819324
BCCDDDCDCDDDDCCDABCDABCABDBACBDCAACABBCABACBCCABCACBCCCCCBDBACDBBBCBCBACCACADAACCCBABADBCCAABBBCCBB	['D15C', 'D35C', 'D36A', 'C37B', 'A63D', 'A93B']	6	-4.0896873	-5.644122	-7.9263344	-2.2822123
BCCDDDCDCDDDDCDDABCDABCABDBACBDCAADDCBCABACBCCABCACBCCCCCBDCADADBBCBCBACCACACAACCCBABADBCCAABBBCCBB	['B60C', 'C62D', 'B64D', 'D77C', 'A93B']	5	-4.089875	-5.896363	-8.178764	-2.2824016
BCCDDDCDCDDDDCDDABCDABCABDBACBDCAADDCBCABACBCCABCACBCCCBCBDBACCABBCBCBADCACADAACCCBABADBCCAAABBCCBB	['C56B', 'A63C', 'B64A', 'C72D']	4	-4.0904408	-5.608707	-7.891675	-2.282968
BCCDDDCDCDDDDCDDABCDABCABDBACBDCAADDCBCABACBCCABCACBCCCCCBDBACDBBBCBBBACCACADAACCCBABADBCBAAABBCCBB	['A63D', 'C69B', 'C90B']	3	-4.091496	-4.511613	-6.795637	-2.2840242
BCCDDDCDCDDDDCDDABCDABCABDBACBDCAADDCBCABACBCCABCACBCCCCCBDBACDBBBCBBBACCACADAACCCBABADBCBAAABBCCBB	['A63D', 'C69B', 'C90B']	3	-4.091496	-4.511613	-6.795637	-2.2840242
BCCDDDCDCDDDDCDDABCAABCABDBACBDCAADDABCABACBCDABCACBCCCCCBDBAADBBBCBCBDCCCCADAACCCBABADBCBAABBBCCBB	['D20A', 'C37A', 'C46D', 'C62A', 'A63D', 'A71D', 'A74C', 'C90B', 'A93B']	9	-2.3255315	-4.1079583	-6.3919954	-2.284037
BCCDDDCDCDDDBCDDABCDABCABDBACBDCAADDCBCABACBCCABCACBCCCCCBDBACDBBBCBBBACCBCACAACCCBABADBCCAAABBCCBB	['D13B', 'A63D', 'C69B', 'A74B', 'D77C']	5	-4.0933075	-4.546241	-6.832079	-2.2858381
BCCDDDCDCDDCDCDDABBDABCABDBACBDCAADDCBCABACBCCABCACBCCCCCBDBACCBBBCBCBACCACACAACCCBABADBCCAABBBCCBB	['D12C', 'C19B', 'A63C', 'D77C', 'A93B']	5	-4.0939045	-5.3900905	-7.6765213	-2.2864308
BCCDDDCDCDDCDCDDABBDABCABDBACBDCAADDCBCABACBCCABCACBCCCCCBDBACCBBBCBCBACCACACAACCCBABADBCCAABBBCCBB	['D12C', 'C19B', 'A63C', 'D77C', 'A93B']	5	-4.0939045	-5.3900905	-7.6765213	-2.2864308
BCCDDDCDCCDDDCDDABCDABCABDBACBDCAADDCBCABACBCDABCACBCCCCCBDCCDDCBACBCBACDACADAACCCBBBADBCBAABBBCCBB	['D10C', 'C46D', 'B60C', 'A61C', 'C62D', 'A63D', 'B64C', 'B66A', 'C73D', 'A84B', 'C90B', 'A93B']	12	-2.5779076	-2.3282852	-4.8646946	-2.286787
BCCDDDCDCDDDBCDDABCDABCABDBACBDCAADAABCABACBCCABCACBCCCCCBDBADDBBBCBCBACCACACAACCCBABADBCCAABBBCCBB	['D13B', 'D36A', 'C37A', 'C62D', 'A63D', 'D77C', 'A93B']	7	-4.094866	-5.796978	-8.08437	-2.2873917
BCCDDDCDCCCDDCCDABCAABCABDBACBDCAACACBCABACBCDABCACBCDCCCBDBADDBBBCBCBBCDACADAACCCBBCADBCBAAABBCCBB	['D10C', 'D11C', 'D15C', 'D20A', 'D35C', 'D36A', 'C46D', 'C54D', 'C62D', 'A63D', 'A71B', 'C73D', 'A84B', 'B85C', 'C90B']	15	-2.9960828	-2.3295016	-5.284088	-2.2880054
BCCDDDCDCDDDDCCDABCDABCABDBACBDCAADDABCABACBCCABCACBCCCCCBDBADABBBCBCBACCACACAACCCBABADBCCAAABBCCBB	['D15C', 'C37A', 'C62D', 'D77C']	4	-4.0955687	-5.7465873	-8.034685	-2.2880979
BCCDDDCDCDDDDCDDABCDABCABDBACBDCAACABBCABACBCBABCACBCDCCCBDBACDBBBCBCBACCACADAACCBBABADBCCAAABBCCBB	['D35C', 'D36A', 'C37B', 'C46B', 'C54D', 'A63D', 'C82B']	7	-2.288403	-2.5826378	-4.8710346	-2.2883968
BCCDDDCDCDDBDDDDABCDABCABDBACBDCAADDABCABACBCCABCACBCCCCCBDBACDBBBCBCBACCACADAACCCBABADBCCAAABBCCBB	['D12B', 'C14D', 'C37A', 'A63D']	4	-4.0962467	-5.3490205	-7.6377954	-2.288775
BCCDDDCDCDDADCCDABCDABCABDBACBDCAADDCBCACACBCCABCACBCCCCCBDBACBBBBCBCBACCACACAACCCBABADBCCAABBBCCBB	['D12A', 'D15C', 'B41C', 'A63B', 'D77C', 'A93B']	6	-4.0965195	-5.0964227	-7.3854656	-2.289043
BCCDDDCDCDDADCCDABCDABCABDBACBDCAADDCBCACACBCCABCACBCCCCCBDBACBBBBCBCBACCACACAACCCBABADBCCAABBBCCBB	['D12A', 'D15C', 'B41C', 'A63B', 'D77C', 'A93B']	6	-4.0965195	-5.0964227	-7.3854656	-2.289043
BCCDDDCDCDDDDCDDABCDABCABDBACBDCAACDBBCABACBCCABCACBCCCCCBDBACDBBBCBCBCCCACADAACCCBABADBCCAAABBCCBB	['D35C', 'C37B', 'A63D', 'A71C']	4	-4.097644	-4.8784385	-7.1686115	-2.290173
BCCDDDCDCDDDDCDDABCDABCABDBACBDCAACDBBCABACBCCABCACBCCCCCBDBACDBBBCBCBCCCACADAACCCBABADBCCAAABBCCBB	['D35C', 'C37B', 'A63D', 'A71C']	4	-4.097644	-4.8784385	-7.1686115	-2.290173
BCCDDDCDCDDDDCDDABCDABCABDBACBDCAACDBBCABACBCCABCACBCCCCCBDBACDBBBCBCBCCCACADAACCCBABADBCCAAABBCCBB	['D35C', 'C37B', 'A63D', 'A71C']	4	-4.097644	-4.8784385	-7.1686115	-2.290173
BCCDDDCDCDDDDCDDABCDABCABDBACBDCAACDBBCABACBCCABCACBCCCCCBDBACDBBBCBCBCCCACADAACCCBABADBCCAAABBCCBB	['D35C', 'C37B', 'A63D', 'A71C']	4	-4.097644	-4.8784385	-7.1686115	-2.290173
BCCDDDCDCDDDDCDDABCDABCABDBACBDCAACDBBCABACBCCABCACBCCCCCBDBACDBBBCBCBCCCACADAACCCBABADBCCAAABBCCBB	['D35C', 'C37B', 'A63D', 'A71C']	4	-4.097644	-4.8784385	-7.1686115	-2.290173
BCCDDDCDCDDDBCCDABCDABCABDBACBDCAACDABCACACBCCABCACBCCCCCBDBADDBBBCBCBCCCACADAACCCBABADBCCAAABBCCBB	['D13B', 'D15C', 'D35C', 'C37A', 'B41C', 'C62D', 'A63D', 'A71C']	8	-4.099534	-4.722774	-7.0148335	-2.2920594
BCCDDDCDCDDDDCDDABCDABCABDBACBDCAADDCBCABACBCCABCACBCCCCCBDBADDBBBCBBBAACACADAACCCBABADBCCAAABBCCBB	['C62D', 'A63D', 'C69B', 'C72A']	4	-4.0997047	-4.1682005	-6.460432	-2.2922316
BCCDDDCDCDDDDCDDABCDABCABDBACBDCAADDCBCACACBCCABCACBCCCCCBDBACACBBCBDBACCACADAACCCBABADBCCAAABBCCBB	['B41C', 'B64C', 'C69D']	3	-4.1004486	-5.66494	-7.95792	-2.2929802
BCCDDDCDCDDCBDDDABCDABCABDBACBDCAADDCBCABACBCCABCACBCCCCCBDBACDBBBCBCBACCACADAACCCBABADBCCAAABBCCBB	['D12C', 'D13B', 'C14D', 'A63D']	4	-4.1007967	-5.057365	-7.35069	-2.293325
BCCDDDCDCCDDDCDDABCDABCABDBACBDCAACDCBCABACBCBABCACBCBCCDBDCAADBBACBCBBCCACADAACCCBBBADBCCAAABBCCBB	['D10C', 'D35C', 'C46B', 'C54B', 'C57D', 'B60C', 'C62A', 'A63D', 'B66A', 'A71B', 'A84B']	11	-2.7978868	-2.2933712	-5.0912533	-2.2933664
BCCDDDCDCCDDDCDDABCDABCABDBACBDCAACDCBCABACBCBABCACBCBCCDBDCAADBBACBCBBCCACADAACCCBBBADBCCAAABBCCBB	['D10C', 'D35C', 'C46B', 'C54B', 'C57D', 'B60C', 'C62A', 'A63D', 'B66A', 'A71B', 'A84B']	11	-2.7978868	-2.2933712	-5.0912533	-2.2933664
BCCDDDCDCCDDDCDDABCDABCABDBACBDCAADAABCACACBCCABCACBCCCCCBDBADDBBBCBCBACCACADAACCCBABADBCCAAABBCCBB	['D10C', 'D36A', 'C37A', 'B41C', 'C62D', 'A63D']	6	-4.1014347	-4.8878026	-7.1817646	-2.293962
AAADDDCDCDDDDCDDABCDABCABDBACBDCAADDCBCACACBCCABCACBCCCCCBDCACDBBBCBCBACCACACAACCCBABADBCCAAABBCCBB	['B1A', 'C2A', 'C3A', 'B41C', 'B60C', 'A63D', 'D77C']	7	-4.1018114	-4.2855196	-6.579854	-2.2943344
BCCDDDCDCDDDDCDDABCDABCABDBACBDCAADDCBCACACBCCABCACBCCCCCBDBACCBBBCBCBACCACACAACCCBABADBCCAAABBCCBB	['B41C', 'A63C', 'D77C']	3	-4.102026	-5.2147236	-7.5092773	-2.2945538
BCCDDDCDCDDDDCDDABCDABCABDBACBDCAADDABCACACBCCABCACBCCCCCBDBACACBBCBCBACCACACAACCCBABADBCCAAABBCCBB	['C37A', 'B41C', 'B64C', 'D77C']	4	-4.102563	-5.855304	-8.150397	-2.2950935
BCCDDDCDCDDDDCDDABCDABCABDBACBDCAACDABCABACBCCABCACBCCCCCBDBACDBBBCBCBADCACADAACCCBABADBCCAAABBCCBB	['D35C', 'C37A', 'A63D', 'C72D']	4	-4.102579	-5.7986298	-8.0937395	-2.2951097
BCCDDDCDCDDDDDDDABCDABCABDBACBDCAADDCBCABACBCCABCACBCCCCCBDBACDBBBCBCBACCACADCACCCBABADBCCAAABBCCBB	['C14D', 'A63D', 'A78C']	3	-4.102745	-5.3422832	-7.637558	-2.2952747
BCCDDDCDCDDDBDDDABCDABCABDBACBDCAADDCBCABACBCCABCACBCCCCCBDBACACBBCBCBACCACADAACCCBABADBCCAAABBCCBB	['D13B', 'C14D', 'B64C']	3	-4.103632	-5.9645095	-8.260669	-2.2961593
BCCDDDCDCDDDBCDDABCDABCABDBACBDCAADDABCABACBCCABCACBCCCCCBDBACCBABCBCBACCACACAACCCBABADBDCAAABBCCBB	['D13B', 'C37A', 'A63C', 'B65A', 'D77C', 'C89D']	6	-4.104092	-5.726148	-8.022772	-2.2966237
BCCDDDCDCDDDDCDDABCAABCABDBACBDCAACACBCABACBCCABCACBCCCCCBDBACDBBBCBCBADCACADAACCCBABADBCCAAABBCCBB	['D20A', 'D35C', 'D36A', 'A63D', 'C72D']	5	-4.1042824	-5.6664147	-7.9632206	-2.2968059
BCCDDDCDCDDDDCDDABCAABCABDBACBDCAACACBCABACBCCABCACBCCCCCBDBACDBBBCBCBADCACADAACCCBABADBCCAAABBCCBB	['D20A', 'D35C', 'D36A', 'A63D', 'C72D']	5	-4.1042824	-5.6664147	-7.9632206	-2.2968059
AAADDDCDCDDDDCDDABCDABCABDBACBDCAADDABCABACBCCABCACBCCCCDBDBACCBBBCBCBACCACACAACCCBABADBCCAAABBCCBB	['B1A', 'C2A', 'C3A', 'C37A', 'C57D', 'A63C', 'D77C']	7	-4.1047783	-4.205904	-6.503209	-2.297305
BCCDDDCDCCDDDCCDABCDABCABDBACBDDAADAABCACACBCDABCACBCCCCCBDBACABBBCBCBBCCACADAACCCBBBADBCCAAABBCCBB	['D10C', 'D15C', 'C32D', 'D36A', 'C37A', 'B41C', 'C46D', 'A71B', 'A84B']	9	-2.3390727	-4.7091885	-7.0067654	-2.297577
BCCDDDCDCDDDDCDDABCDABCABDBACBDCAACDCBCABACBCCABCACBCCCCDBDBACDBBBCBCCACCACADAACCCBABADBCCAAABBCCBB	['D35C', 'C57D', 'A63D', 'B70C']	4	-4.7865276	-4.105314	-7.084365	-2.2978373
BCCDDDCDCDDDDDDDABCDABCABDBACBDCAADDABCABACBCCABCACBCCCCCBDBACDBBBCBCBADCACACAACCCBABADBCCAAABBCCBB	['C14D', 'C37A', 'A63D', 'C72D', 'D77C']	5	-4.106661	-5.624653	-7.9238434	-2.2991905
BCCDDDCDCDDDDDDDABCDABCABDBACBDCAADDABCABACBCCABCACBCCCCCBDBACDBBBCBCBADCACACAACCCBABADBCCAAABBCCBB	['C14D', 'C37A', 'A63D', 'C72D', 'D77C']	5	-4.106661	-5.624653	-7.9238434	-2.2991905
BCCDDDCDCDDDDDDDABCDABCABDBACBDCAADDABCABACBCCABCACBCCCCCBDBACDBBBCBCBADCACACAACCCBABADBCCAAABBCCBB	['C14D', 'C37A', 'A63D', 'C72D', 'D77C']	5	-4.106661	-5.624653	-7.9238434	-2.2991905
BCCDDDCDCDDDDDDDABCDABCABDBACBDCAADDABCABACBCCABCACBCCCCCBDBACDBBBCBCBADCACACAACCCBABADBCCAAABBCCBB	['C14D', 'C37A', 'A63D', 'C72D', 'D77C']	5	-4.106661	-5.624653	-7.9238434	-2.2991905
BCCDDDDDCDDDDCCDABCDABCABDBACBDCAACDABCABACBCCABCACBCCCCCBDBACDBBBCBCBACCACADAACCCBBBADBCCAAABBCCBB	['C7D', 'D15C', 'D35C', 'C37A', 'A63D', 'A84B']	6	-4.1080933	-6.5130734	-8.813696	-2.3006225
BCCDDDCDCDDDDCCDABCDABCABDBACBDCAADACBCABACBCCABCACBCCCCCBDBACABBBCBCBACCACADAACCCBABADBCCAABBBCCBB	['D15C', 'D36A', 'A93B']	3	-4.1089706	-6.5819106	-8.883406	-2.301495
BCCDDDCDCDDDDCDDABCDABCABDBACBDCAACDABCABACBCCABCACBCCCCCBDBACDBBBCBCBACCACACAACCCBABADBCCAAABBCCBB	['D35C', 'C37A', 'A63D', 'D77C']	4	-4.109067	-5.638557	-7.940154	-2.301597
BCCDDDCDCDDDDCDDABCDABCABDBACBDCAACDABCABACBCCABCACBCCCCCBDBACDBBBCBCBACCACACAACCCBABADBCCAAABBCCBB	['D35C', 'C37A', 'A63D', 'D77C']	4	-4.109067	-5.638557	-7.940154	-2.301597
BCCDDDCDCDDDDCDCABCDABCABDBACBDCAADDCBAACACBCCABCACBCCCCCBDBABBBBBCBCBACCACADAACCCBABADBCCAABBBCCBB	['D16C', 'C39A', 'B41C', 'C62B', 'A63B', 'A93B']	6	-4.6260242	-4.1090817	-6.9276323	-2.301608
BCCDDDCDCDDDBCDDABCDABCABDBACBDCAADACBCABACBCCABCACBCCCCCBDBACDBBBCBCBACCACADAACCCBABADBCCAAABBCCBB	['D13B', 'D36A', 'A63D']	3	-4.109124	-5.622614	-7.924265	-2.301651
BCCDDDCDCDDDBCDDABCDABCABDBACBDCAADACBCABACBCCABCACBCCCCCBDBACDBBBCBCBACCACADAACCCBABADBCCAAABBCCBB	['D13B', 'D36A', 'A63D']	3	-4.109124	-5.622614	-7.924265	-2.301651
BCCDDDCDCCDDDCDDABCDABCABDBACBDCAADDBBCABACBCBABCACBCCCCCBDBACDBBBCBCBACAACACAACCCBABADBCBAABBBCCBB	['D10C', 'C37B', 'C46B', 'A63D', 'C73A', 'D77C', 'C90B', 'A93B']	8	-2.3026485	-2.477274	-4.779914	-2.30264
BCCDDDCDCDDDDCCDABCDABCABDBACBDCAACACBCABACBCCABCACBCCCCCBDBADDBBBCBCBACCACADAACCCBABADBCCAAABBCCBB	['D15C', 'D35C', 'D36A', 'C62D', 'A63D']	5	-4.1114855	-5.2142124	-7.5182247	-2.3040123
BCCDDDCDCDDDDCCDABCDABCABDBACBDCAACACBCABACBCCABCACBCCCCCBDBADDBBBCBCBACCACADAACCCBABADBCCAAABBCCBB	['D15C', 'D35C', 'D36A', 'C62D', 'A63D']	5	-4.1114855	-5.2142124	-7.5182247	-2.3040123
BCCDDDCDCDDDDCCDABCDABCABDBACBDCAACACBCABACBCCABCACBCCCCCBDBADDBBBCBCBACCACADAACCCBABADBCCAAABBCCBB	['D15C', 'D35C', 'D36A', 'C62D', 'A63D']	5	-4.1114855	-5.2142124	-7.5182247	-2.3040123
AAADDDCDCDDDDCDDABCDABCABDBACBDCAADDCBCABACBCCABCACBCCCCCBDBACDBBBCBBCACCACACAACCCBABADBCBAAABBCCBB	['B1A', 'C2A', 'C3A', 'A63D', 'C69B', 'B70C', 'D77C', 'C90B']	8	-4.56438	-4.1122193	-6.8691235	-2.3047433
BCCDADCDCDDDDDDDABCDABCABDBACBDCAADDCBCABACBCCABCACBCCCCDBDBACDBBBCBCBACCACADAACCCBABADBCCAAABBCCBB	['D5A', 'C14D', 'C57D', 'A63D']	4	-4.2790613	-4.113294	-6.584878	-2.3058167
BCCDDDCDCBDDDCDDABCCABCABDBACBDCAADACBCACACBCDABCACBCCCCCBDBADDCBBCBCBACDACADAACCCABBADBCBAABBBCCBB	['D10B', 'D20C', 'D36A', 'B41C', 'C46D', 'C62D', 'A63D', 'B64C', 'C73D', 'B83A', 'A84B', 'C90B', 'A93B']	13	-2.3477	-3.2229414	-5.5291443	-2.306203
BCCDDDCDCDDDBCDDABCDABCABDBACBDCAADDCBCABACBCCABCACBCCCCCBDCACDBBBCBCBACCACACAACCCBABADBCCAAABBCCBB	['D13B', 'B60C', 'A63D', 'D77C']	4	-4.1158533	-5.0963893	-7.404771	-2.3083816
BCCDDDCDCDDDBCDDABCDABCABDBACBDCAADDCBCABACBCCABCACBCCCCCBDCACDBBBCBCBACCACACAACCCBABADBCCAAABBCCBB	['D13B', 'B60C', 'A63D', 'D77C']	4	-4.1158533	-5.0963893	-7.404771	-2.3083816
BCCDDDCDCDDADCDDABCDABCABDBACBDCCACDCBCACACBCCABCACBCCCCCBDBACDBBBCBCBCCCACADAACCCBABADBCCAABBBCCBB	['D12A', 'A33C', 'D35C', 'B41C', 'A63D', 'A71C', 'A93B']	7	-4.116372	-5.346801	-7.655697	-2.308896
BCCDDDCDCDDBDCDDABCDABCABDBACBDCAACDABCABACBCCABCACBCCCCCBDBACDBBBCBCBACCACADAACCCBABADBCCAAABBCCBB	['D12B', 'D35C', 'C37A', 'A63D']	4	-4.1173134	-5.440173	-7.7500153	-2.309842
BCCDDDCDCCDDDCDDABCDABCABDBACBDCAADDBBCABABBCCABCACBCCCCDBDBDCBABBCBCBADCACADAACCCBABADBCCAABBBCCBB	['D10C', 'C37B', 'C43B', 'C57D', 'A61D', 'A63B', 'B64A', 'C72D', 'A93B']	9	-4.42327	-4.1179256	-6.7337246	-2.3104544
BCCDDDCDCDDDDCDDABCDABCABDBACBDCDADDABCABACBCCABCACBCCCCCBDBACBBBBCBCBADCACADAACCCBABADBDCAAABBCCBB	['A33D', 'C37A', 'A63B', 'C72D', 'C89D']	5	-4.1180596	-5.120993	-7.4315825	-2.3105893
BCCDDDCDCDDDBCDDABCDABCABDBACDDCAACAABCABACBCCABCACBCCCCDBDBADDBBBCBCBBCCACACAACCCBABADCCBAAABBCCBB	['D13B', 'B30D', 'D35C', 'D36A', 'C37A', 'C57D', 'C62D', 'A63D', 'A71B', 'D77C', 'B88C', 'C90B']	12	-4.1182804	-5.889148	-8.199956	-2.3108077
BCCDDDCDCDDDDCDDABCDABCABDBACBDCAADACBCABACBCCABCACBCCCCCBDBACACBBCBCBACCACADAACCCBABADBCCAAABBCCBB	['D36A', 'B64C']	2	-4.1205072	-6.2973104	-8.610348	-2.3130374
BCCDDDCDCDDDDCDDABCDABCABDBACBDCAADACBCABACBCCABCACBCCCCCBDBACACBBCBCBACCACADAACCCBABADBCCAAABBCCBB	['D36A', 'B64C']	2	-4.1205072	-6.2973104	-8.610348	-2.3130374
BCCDDDCACDDDDCDDABCDABCABDBACBDCDDCDABCABACBCCABCACBCCCCDBDBACDCBBCBCBACCACADAACCCBBBADBCCAAABBCCBB	['D8A', 'A33D', 'A34D', 'D35C', 'C37A', 'C57D', 'A63D', 'B64C', 'A84B']	9	-4.1220083	-5.406851	-7.721388	-2.314537
BCCDDDCDCCDDBDCDABCDABCABDBACBDCAADDBBCABACBBCABCACBCCCCCBDBCDDBBACBCBCCBACACAACCCBBBADBCBAABBBCCBB	['D10C', 'D13B', 'C14D', 'D15C', 'C37B', 'C45B', 'A61C', 'C62D', 'A63D', 'B66A', 'A71C', 'C73B', 'D77C', 'A84B', 'C90B', 'A93B']	16	-4.1230006	-4.7546926	-7.070221	-2.3155284
BCCDDDCDCDDDDCDDABCDABCABDBACBDCAACDCBCABACBCCABCACBCCCCCBDBACBBBBCBCBACCACADAACCCBABADBCCAAABBCCBB	['D35C', 'A63B']	2	-4.1242514	-5.1602254	-7.477005	-2.3167796
BCCDDDCDCDDDDCDDABCDABCABDBACBDCDADDABCACACBCCABCACBCCCCCBDBACDCBBCBABACCACADAACCCBABADBCCAABBBCCBB	['A33D', 'C37A', 'B41C', 'A63D', 'B64C', 'C69A', 'A93B']	7	-4.125428	-5.12452	-7.4424734	-2.3179536
AAADDDCDCDDDBCDDABCDABCABDBACBDDAADDCBCABACBCDBBCACBCCCCCBDBACDBBBCBCBAACACADAACCCBABADBCCAAABBCCBB	['B1A', 'C2A', 'C3A', 'D13B', 'C32D', 'C46D', 'A47B', 'A63D', 'C72A']	9	-2.3600078	-2.8736153	-5.1921253	-2.31851
AAADDDCDCDDDDCDDABCDABCABDBACBDCAADACBCABACBCCABCACBCCCCCBDBADDBBBCBBBACCACADAACCCBABADBCCAAABBCCBB	['B1A', 'C2A', 'C3A', 'D36A', 'C62D', 'A63D', 'C69B']	7	-4.7317047	-4.1267285	-7.0509605	-2.3192558
AAADDDCDCCDDBCDDABCDABCABDBACBDCAADDABCABACBCDABCACBCCCCCBDBADDBBBCBCBCABACADAACCCBBBADBCBAABBBCCBB	['B1A', 'C2A', 'C3A', 'D10C', 'D13B', 'C37A', 'C46D', 'C62D', 'A63D', 'A71C', 'C72A', 'C73B', 'A84B', 'C90B', 'A93B']	15	-2.3608656	-3.0606613	-5.3800297	-2.3193684
BCCDDDCDCDDADCDDABCDABCABDBACBDCAADDCBCACACBCCABCACBCCCCCBDBACDBBBCBCBCCCACACAACCCBABADBCCAABBBCCBB	['D12A', 'B41C', 'A63D', 'A71C', 'D77C', 'A93B']	6	-4.1274996	-5.2008576	-7.5208845	-2.3200269
BCCDDDCDCCDDDCDDABCDABCABDBACDDCAACABBCABACBCCABCACBCCCCDBDBACDBBBCBCBBCCACADAACCCBABADBCCAABBBCCBB	['D10C', 'B30D', 'D35C', 'D36A', 'C37B', 'C57D', 'A63D', 'A71B', 'A93B']	9	-4.1277647	-5.3351855	-7.6554756	-2.32029
BCCDDDCDCDDDBCCDCBCDABCABDBACDDCAADACBCACACBCCABCACBCCCCCBDBACDCBBCBCBACCACADAACCCBABADBCCAAABBCCBB	['D13B', 'D15C', 'A17C', 'B30D', 'D36A', 'B41C', 'A63D', 'B64C']	8	-4.1297874	-6.6083584	-8.930673	-2.3223143
BCCDDDCDCDDDDCCDABCDABCABDBACBDCAADDCBCACACBCCABCACBCCCCCBDBACABBBCBCBACCACADAACCCBABADBCCAAABBCCBB	['D15C', 'B41C']	2	-4.1300917	-5.522003	-7.844619	-2.3226156
BCCDDDCDCDDDDCDDABCDABCABDBACBDCAACDCBCABACBCCABCACBCCCCCBDBACDBDBCBCAACCACACAACCCBABADBCCAAABBCCBB	['D35C', 'A63D', 'B65D', 'B70A', 'D77C']	5	-4.1308393	-6.254683	-8.578048	-2.3233647
BCCDDDCDCDDDDCDDABCDABCABDBACBDCAACDCBCABACBCCABCACBCCCCCBDBACDBBBCBDBACCACACAACCCBABADBCCAAABBCCBB	['D35C', 'A63D', 'C69D', 'D77C']	4	-4.132102	-5.3653684	-7.6899996	-2.3246312
BCCDDDCDCCDDDCDDABBAABCABDBACBDCAADDCBCABACBCDABCACBCCCCCBDBACDBBBCBCBBDDACADAACCCBBBADBCBAABBBCCBB	['D10C', 'C19B', 'D20A', 'C46D', 'A63D', 'A71B', 'C72D', 'C73D', 'A84B', 'C90B', 'A93B']	11	-2.3672066	-3.1782808	-5.50399	-2.3257093
BCCDDDCDCCDDDCDDABCCABCABDBACBDCAACABBCABACBCDAACACBCACCCBDBADDBBBCBCBBCCACACAACCBBABADBCCAABBBCCBB	['D10C', 'D20C', 'D35C', 'D36A', 'C37B', 'C46D', 'B48A', 'C54A', 'C62D', 'A63D', 'A71B', 'D77C', 'C82B', 'A93B']	14	-2.3672457	-3.067564	-5.3933134	-2.3257494
BCCDDDCDCDDDBCDDABCCABCABDBACBDCAADAABCABACBCCABCACBCCCCCBDBADDBBBCBCBACBACADAACCCBABADBCBAAABBCCBB	['D13B', 'D20C', 'D36A', 'C37A', 'C62D', 'A63D', 'C73B', 'C90B']	8	-4.133758	-4.835666	-7.16195	-2.326284
BCCDDDCDCDDDBCDDABCDABCABDBACBDCAADACBCABACBCCABCACBCCCCCBDBADDBBBCBCBACCACADAACCCBABADBCCAAABBCCBB	['D13B', 'D36A', 'C62D', 'A63D']	4	-4.133931	-5.1790767	-7.505535	-2.3264585
BCCDDDCDCDDDBDDDABCCABCABDBACBDCAADABBCABACBCCABCACBCCCCCBDBADDBBBBBABACCACADAACCCBABADBCCAAABBCCBB	['D13B', 'C14D', 'D20C', 'D36A', 'C37B', 'C62D', 'A63D', 'C67B', 'C69A']	9	-4.8706484	-4.134511	-7.197686	-2.3270378
BCCDDDCDCDDDDCDDABCDABCABDBACBDCAADACBCABACBCCABCACBCCCCDBDBACDBBBCBCBCCCACADAACCCBABADBCCAAABBCCBB	['D36A', 'C57D', 'A63D', 'A71C']	4	-4.211979	-4.1345997	-6.5391054	-2.3271265
BCCDDDCDCCDDDCDDABCDABCABDBACBDCAACDBBCABACBCCABCACBCCCCCBDBACABBBCBCBCCCACADAACCCBABADBCCAABBBCCBB	['D10C', 'D35C', 'C37B', 'A71C', 'A93B']	5	-4.1347284	-5.628855	-7.956109	-2.3272538
BCCDDDCDCDDBDCDCABBDABCABDBACBDCAADDCBCABACBCCABCACBCCCCDBDCBCABBBCBCBADCACADAACCCBABADBCCAAABBCCBB	['D12B', 'D16C', 'C19B', 'C57D', 'B60C', 'A61B', 'C72D']	7	-5.4597588	-4.135195	-7.7874794	-2.3277206
BCCDDDCDCDDBDCDCABBDABCABDBACBDCAADDCBCABACBCCABCACBCCCCDBDCBCABBBCBCBADCACADAACCCBABADBCCAAABBCCBB	['D12B', 'D16C', 'C19B', 'C57D', 'B60C', 'A61B', 'C72D']	7	-5.4597588	-4.135195	-7.7874794	-2.3277206
BCCDDDCDCDDADCDDABCDABCABDBACBDCAADDCBCABACBCCABCACBCCCCCBDBACDBBBCBCBACCACADAACCCBABADBCCAAABBCCBB	['D12A', 'A63D']	2	-4.135584	-5.462493	-7.7906055	-2.3281126
BCCDDDCDCDDDDCDDABCDABCABDBACBDCAADACBCABACBCCABCACBCCCCDBDBADDBDBCBCBACCACADAACCCBABADBCCAAABBCCBB	['D36A', 'C57D', 'C62D', 'A63D', 'B65D']	5	-4.76167	-4.135592	-7.0897884	-2.3281183
BCCDDDCDCDDDDCDDABCDABCABDBACBDCAACAABCACACBCCABCACBCCCCDBDBADDBBBCBCBACCACADAACCCBABADBCCAABBBCCBB	['D35C', 'D36A', 'C37A', 'B41C', 'C57D', 'C62D', 'A63D', 'A93B']	8	-4.7773294	-4.1389203	-7.108777	-2.3314476
BCCDDDCDCDDDDCDDABCDABCABDBACBDCDADDDBCABACBCCABCACBCCCCCBDBADDDBBCBBBACCACADAACCCBABADBCCAAABBCCBB	['A33D', 'C37D', 'C62D', 'A63D', 'B64D', 'C69B']	6	-4.1390133	-4.394444	-6.7259836	-2.3315396
BCCDDDCDCDDDDCDDABCDABCABDBACBDCAADACBCABACBCCABCACBCCCCCBDBACACBBCBCBADCACADAACCCBABADBCCAAABBCCBB	['D36A', 'B64C', 'C72D']	3	-4.1391706	-6.374557	-8.706256	-2.331699
BCCDDDCDCDDDDCDDABCDABCABDBACDDCAADDABCABACBCCABCACBCCCCCBDBADDBBBCBCBACCACADAACCCBABADBCCAAABBCCBB	['B30D', 'C37A', 'C62D', 'A63D']	4	-4.1392336	-6.407709	-8.739473	-2.3317642
BCCDDDCDCDDDDDDDABCDABCABDBACBDCAACDABCABACBCCABCACBCCCCDBDBACDBBBCBCBAACACACAACCCBABADBCCAAABBCCBB	['C14D', 'D35C', 'C37A', 'C57D', 'A63D', 'C72A', 'D77C']	7	-4.2774706	-4.1399164	-6.609913	-2.3324423
BCCDDDCDCCDDDCDDABADABCABDBACBDCAACDCBCABACBCCABCACBCCCCCBDBACABBBCBCBCCCACADAACCCBABADBCCAAABBCCBB	['D10C', 'C19A', 'D35C', 'A71C']	4	-4.1407995	-5.092851	-7.426177	-2.3333259
BCCDDDCDCCDDDCDDABADABCABDBACBDCAACDCBCABACBCCABCACBCCCCCBDBACABBBCBCBCCCACADAACCCBABADBCCAAABBCCBB	['D10C', 'C19A', 'D35C', 'A71C']	4	-4.1407995	-5.092851	-7.426177	-2.3333259
BCCDDDCDCDDDDCCCABCDABCABDBACBDCAADDBBCABACBCCABCACBCCCCCBDBACCBBBCBABACCACACAACCCBABADBCCAABBBCCBB	['D15C', 'D16C', 'C37B', 'A63C', 'C69A', 'D77C', 'A93B']	7	-4.141095	-5.276595	-7.6102133	-2.3336182
BCCDDDCDCDDDDCDDABCDABCABDBACBDCAADDCBCABACBCCABCACBCCCCCBDBACABBBCBCBCCCACACAACCCBABADBCCAAABBCCBB	['A71C', 'D77C']	2	-4.1420784	-5.7334	-8.06801	-2.3346105
BCCDDDCDCDDBDCDDABCDABCABDBACBDCAACDABCABACBCCABCACBCCCCCBDBACDBBBCBCBACCACACAACCCBABADBCCAAABBCCBB	['D12B', 'D35C', 'C37A', 'A63D', 'D77C']	5	-4.1424646	-5.357347	-7.69234	-2.334993
BCCDDDCDCDDBBCDDABCDABCABDBACBDCAADACBCABACBCCABCACBCCCCCBDBACDBBBCBCBACCACADAACCCBABADBCCAAABBCCBB	['D12B', 'D13B', 'D36A', 'A63D']	4	-4.142522	-5.3414035	-7.676449	-2.3350453
BCCDDDCDCDDDDCCDABCDABCABDBACBDCAACACBCABACBCCABCACBCCCCCBDBADCBBBCBCBACCACADAACCCBABADBCCAABBBCCBB	['D15C', 'D35C', 'D36A', 'C62D', 'A63C', 'A93B']	6	-4.1427593	-5.9453874	-8.280673	-2.3352857
BCCDDDCDCDDDDDCDABCDABCABDBACBDCAADDCBCACACBCCABCACBCCCCCBDBACCBBBCBCBACCACACAACCCBABADBCCAAABBCCBB	['C14D', 'D15C', 'B41C', 'A63C', 'D77C']	5	-4.143154	-5.155041	-7.490718	-2.3356767
BCCDDDCDCDDDDCCDABCDABCABDBACDDCAADACBCACACBCCABCACBCCCCCBDBACABBBCCABACCACADAACCCBABADBCCAABBBCCBB	['D15C', 'B30D', 'D36A', 'B41C', 'B68C', 'C69A', 'A93B']	7	-4.1437426	-7.2440333	-9.5803	-2.336267
BCCDDDCDCCDDDCDDABCDABCABDBACBDCAACDCBCABACBCDABCACBCCCCCCDBADDBBBCBCBACCACADAACCCBABADBCBAABBBCCBB	['D10C', 'D35C', 'C46D', 'B58C', 'C62D', 'A63D', 'C90B', 'A93B']	8	-2.377904	-3.1346388	-5.4710445	-2.3364058
AAADDDCDCDDDDDDDABCDABCABDBACBDCAACACBCACACBCCABCACBCCCCDBDBACABBBCBCBACCACADAACCCBABADBDCAAABBCCBB	['B1A', 'C2A', 'C3A', 'C14D', 'D35C', 'D36A', 'B41C', 'C57D', 'C89D']	9	-5.134765	-4.1449056	-7.4721985	-2.3374333
BCCDDDCDCDDDDCDCABCDABCABDBACBDCAADDCBCABACBCCABCACBCCCCDBDBACCBBBCBCBADCACADAACCCBABADBCCAAABBCCBB	['D16C', 'C57D', 'A63C', 'C72D']	4	-4.3813677	-4.145673	-6.7195625	-2.3381948
BCCDDDCDCDDDDCDDABCDABCABDBACBDCAACACBCACACBCCABCACBCCCCDBDBACDBBBCBCBADCACADAACCCBABADBCBAABBBCCBB	['D35C', 'D36A', 'B41C', 'C57D', 'A63D', 'C72D', 'C90B', 'A93B']	8	-4.2694793	-4.1456923	-6.6076956	-2.3382163
BCCDDDCDCDDDDCDCABCDABCABDBACBDCAADDCBCABACBCCABCACBCCCCCBDBADCBBBCBCBACCACADAACCCBABADBCCAAABBCCBB	['D16C', 'C62D', 'A63C']	3	-4.146516	-4.9879827	-7.3270264	-2.3390436
BCCDDDCDCCDDBCDDABCDABCABDBACBDCAADACBCACACBCCABCACBCCCCCBDBACDBBBABCBACCACADAACCCBABADBCCAAABBCCBB	['D10C', 'D13B', 'D36A', 'B41C', 'A63D', 'C67A']	6	-4.14664	-5.2151976	-7.5543604	-2.3391628
BCCDDDCDCDDDDCDDABCDABCABDBACBDCAACDABCABACBCCABCACBCCCCDBDBACDBBBCBCBCCCACACAACCCBABADBCCAAABBCCBB	['D35C', 'C37A', 'C57D', 'A63D', 'A71C', 'D77C']	6	-4.296565	-4.1468735	-6.6359673	-2.3394022
BCCDDDCDCDDDDCDDABCDABCABDBACBDCAACDABCABACBCCABCACBCCCCDBDBACDBBBCBCBCCCACACAACCCBABADBCCAAABBCCBB	['D35C', 'C37A', 'C57D', 'A63D', 'A71C', 'D77C']	6	-4.296565	-4.1468735	-6.6359673	-2.3394022
BCCDDDCDCDDDDDDDABCDABCABDBACBDCAADDCBCACACBCCABCACBCCCCCBDBACDBBBCBCBACCACADAACCCBABADBCCAAABBCCBB	['C14D', 'B41C', 'A63D']	3	-4.1473284	-4.8792834	-7.21914	-2.3398566
BCCDDDCDCDDDDDDDABCDABCABDBACBDCAADDCBCACACBCCABCACBCCCCCBDBACDBBBCBCBACCACADAACCCBABADBCCAAABBCCBB	['C14D', 'B41C', 'A63D']	3	-4.1473284	-4.8792834	-7.21914	-2.3398566
BCCDDDCDCDDDDDDDABCDABCABDBACBDCAADDCBCACACBCCABCACBCCCCCBDBACDBBBCBCBACCACADAACCCBABADBCCAAABBCCBB	['C14D', 'B41C', 'A63D']	3	-4.1473284	-4.8792834	-7.21914	-2.3398566
BCCDDDCDCDDDDDDDABCDABCABDBACBDCAADDCBCACACBCCABCACBCCCCCBDBACDBBBCBCBACCACADAACCCBABADBCCAAABBCCBB	['C14D', 'B41C', 'A63D']	3	-4.1473284	-4.8792834	-7.21914	-2.3398566
BCCDDDCDCDDBDCCDABBDABCABDBACBDCAADACBCABACBCCABCACBCCCCCBDCACDBBBCBCBACCACADAACCCBABADBCBAAABBCCBB	['D12B', 'D15C', 'C19B', 'D36A', 'B60C', 'A63D', 'C90B']	7	-4.1474366	-4.6161585	-6.9561176	-2.3399591
BCCDDDCDCDDDBDDDABCDABCABDBACBDCAADDABCABACBCCABCACBCCCCCBDBACDBBBCBCBACCACADAACCCBABADBCCAAABBCCBB	['D13B', 'C14D', 'C37A', 'A63D']	4	-4.1474905	-5.6265616	-7.9665813	-2.3400197
BCCDDDCDCDDDDDDCABCDABCABDBACBDCAADDABCACACBCCABCACBCCCCCBDBADCDBBCBCBAACACACAACCCBABADBCCAAABBCCBB	['C14D', 'D16C', 'C37A', 'B41C', 'C62D', 'A63C', 'B64D', 'C72A', 'D77C']	9	-4.147993	-4.964091	-7.3046093	-2.3405185
BCCDDDCDCDDDDDDCABCDABCABDBACBDCAADDABCACACBCCABCACBCCCCCBDBADCDBBCBCBAACACACAACCCBABADBCCAAABBCCBB	['C14D', 'D16C', 'C37A', 'B41C', 'C62D', 'A63C', 'B64D', 'C72A', 'D77C']	9	-4.147993	-4.964091	-7.3046093	-2.3405185
BCCDDDCDCDDDDDDCABCDABCABDBACBDCAADDABCACACBCCABCACBCCCCCBDBADCDBBCBCBAACACACAACCCBABADBCCAAABBCCBB	['C14D', 'D16C', 'C37A', 'B41C', 'C62D', 'A63C', 'B64D', 'C72A', 'D77C']	9	-4.147993	-4.964091	-7.3046093	-2.3405185
BCCDDDCDCDDDDCDDABCDABCABDBACBDCAACDDBCACACBCCABCACBCCCCCBDBACABBBCBCBACCACADAACCCBABADBCCAAABBCCBB	['D35C', 'C37D', 'B41C']	3	-4.148424	-5.9643335	-8.3052845	-2.340951
BCCDDDCDCADBDCDDABBDABCABDBACDDCAADDCBCABACBBCABCACBCCCCCBDBACDBBBCBCBACCACACAACCCBABADCCCACBBBCCBB	['D10A', 'D12B', 'C19B', 'B30D', 'C45B', 'A63D', 'D77C', 'B88C', 'A92C', 'A93B']	10	-4.1498156	-7.496473	-9.838815	-2.342342
BCCDDDCDCDDBDCDDABBDABCABDBACBDCAACDCBCACABBCCABCACBCCCCCBDBACDBBBCBCBBCCACACAACCCBABADBCCAABBBCCBB	['D12B', 'C19B', 'D35C', 'B41C', 'C43B', 'A63D', 'A71B', 'D77C', 'A93B']	9	-4.1504374	-4.818462	-7.1614227	-2.3429608
BCCDDDCDCDDDDCDDABCDABCABDBACBDCAACDBBCABACBCCABCACBCCCCCBDBACDBBBCBCBACCACADAACCCBABADBCCAAABBCCBB	['D35C', 'C37B', 'A63D']	3	-4.151142	-5.0070276	-7.3506975	-2.34367
BCCDDDCDCDDDDCDDABCDABCABDBACBDCAACDBBCABACBCCABCACBCCCCCBDBACDBBBCBCBACCACADAACCCBABADBCCAAABBCCBB	['D35C', 'C37B', 'A63D']	3	-4.151142	-5.0070276	-7.3506975	-2.34367
BCCDDDCDCDDDDCDDABCDABCABDBACBDCAACDBBCABACBCCABCACBCCCCCBDBACDBBBCBCBACCACADAACCCBABADBCCAAABBCCBB	['D35C', 'C37B', 'A63D']	3	-4.151142	-5.0070276	-7.3506975	-2.34367
BCCDDDCDCDDDDCDDABCDABCABDBACBDCAACDBBCABACBCCABCACBCCCCCBDBACDBBBCBCBACCACADAACCCBABADBCCAAABBCCBB	['D35C', 'C37B', 'A63D']	3	-4.151142	-5.0070276	-7.3506975	-2.34367
BCCDDDCDCCDDDCDDABCAABCABDBACBDCAADDCBCABACBCDABCACBCDCCCBDBACBBBBCBCBCCCACACAACCCBBBADBCCAAABBCCBB	['D10C', 'D20A', 'C46D', 'C54D', 'A63B', 'A71C', 'D77C', 'A84B']	8	-2.38526	-3.179183	-5.5229435	-2.3437605
BCCDDDCDCDDADADDABCDABCABDBACBDCAADDCBCABACBCCABCACBCCCCCBDBACDCBBCBCBACCACACAACCCBABADBCCAAABBCCBB	['D12A', 'C14A', 'A63D', 'B64C', 'D77C']	5	-4.1515055	-5.535276	-7.8793097	-2.3440337
AAADDDCDCDDDDCDDABCDABCABDBACBDCAACABBCACACBCCABCACBCCCCDBDCDCABBBCBCBACCACADAACCCBABADBCCAAABBCCBB	['B1A', 'C2A', 'C3A', 'D35C', 'D36A', 'C37B', 'B41C', 'C57D', 'B60C', 'A61D']	10	-6.1757593	-4.1515174	-8.519803	-2.3440437
BCCDDDCDCCDDDCDDABCAABCABDBACBDCAADDBBCABACBCDABCACBCCCCCBDBADDBBBCBCCCABACADAACCCBBBADBCBAAABBCCBB	['D10C', 'D20A', 'C37B', 'C46D', 'C62D', 'A63D', 'B70C', 'A71C', 'C72A', 'C73B', 'A84B', 'C90B']	12	-3.037053	-2.3855772	-5.381135	-2.3440819
AAADDDCDCDDDDCCDABCDABCABDBACBDCAADDBBAABACBCDABCACBCCCCCBDBADDBBBCBCBBCCACADAACCCBABADCCBAAABBCCBB	['B1A', 'C2A', 'C3A', 'D15C', 'C37B', 'C39A', 'C46D', 'C62D', 'A63D', 'A71B', 'B88C', 'C90B']	12	-2.5058384	-2.3868666	-4.8512077	-2.3453693
BCCDDDCDCDDBDCDDABCDABCABDBACBDCAADDCBCACACBCCABCACBCCCCCBDBACCBBBCBCBADCACACAACCCBABADBCCAAABBCCBB	['D12B', 'B41C', 'A63C', 'C72D', 'D77C']	5	-4.154087	-5.0107603	-7.3573713	-2.346611
BCCDDDCDCADDBCDBABCDABCABDBACDDCAACABBCABACBCCABCACBCCCCCBDBACDBBBCBCBACCACADAACCCBABADCCCAAABBCCBB	['D10A', 'D13B', 'D16B', 'B30D', 'D35C', 'D36A', 'C37B', 'A63D', 'B88C']	9	-4.155375	-6.445113	-8.793013	-2.3478994
BCCDDDCDCDDDDCDDABCDABCABDBACDDCBACACBCABACBCCABCACBCCCCCBDBADDDBBCBCBACCACADAACCCBABADBCCAAABBCCBB	['B30D', 'A33B', 'D35C', 'D36A', 'C62D', 'A63D', 'B64D']	7	-4.156039	-6.6525555	-9.001122	-2.348567
BCCDDDCDCDDDDCCDABCDABCABDBACDDCAACDABCACACBCCABCACBCCCCDBDBACDCBBCBCBCCCACACAACCCBABADBCCAAABBCCBB	['D15C', 'B30D', 'D35C', 'C37A', 'B41C', 'C57D', 'A63D', 'B64C', 'A71C', 'D77C']	10	-4.156371	-4.968437	-7.317335	-2.348898
AAADDDCDCDDDDCDDABCDABCABDBACBDCAADDABCABACBCCABCACBCCCCCBDBACABBBCBCBACCACADAACCCBABADBCCAAABBCCBB	['B1A', 'C2A', 'C3A', 'C37A']	4	-4.1565456	-5.8812222	-8.230296	-2.349074
BCCDDDCDCDDDDCDDABCDABCABDBACBDCAABDBBCABACBCCABCACBCCCCCBDBADCCBBCBBBCDCACACAACCCBABADBCCAABBBCCBB	['D35B', 'C37B', 'C62D', 'A63C', 'B64C', 'C69B', 'A71C', 'C72D', 'D77C', 'A93B']	10	-4.9757233	-4.15698	-7.3252325	-2.3495092
BCCDDDCDCDDDDCCDABCDABCABDBACBDCAACDBBCABACBCBABCACBCCCCCBDBADDBBBCBCBACCACCDAACCCBABADBCCAAABBCCBB	['D15C', 'D35C', 'C37B', 'C46B', 'C62D', 'A63D', 'A76C']	7	-2.505136	-2.350875	-4.8560047	-2.3508687
BCCDDDCDCDDDBDDDABCDABCABDBACDDCAADDCBCABACBCCABCACBCCCCCBDBACDBBBCBCBACCACACAACCCBABADCCCAAABBCCBB	['D13B', 'C14D', 'B30D', 'A63D', 'D77C', 'B88C']	6	-4.158918	-7.084995	-9.436442	-2.3514476
BCCDDDCDCDDDBCCDABCDABCABDBACBDCAADDCBCABACBCCABCACBCCCCCBDBACACBBCBCCACCACACAACCCBABADBCCAAABBCCBB	['D13B', 'D15C', 'B64C', 'B70C', 'D77C']	5	-4.1597557	-6.0115843	-8.363864	-2.3522797
BCCDDDCDCDDADCDDABCDABCABDBACBDCAADDCBCABACBCCABCACBCCCCCBDBADDBBBCBCBACCACADAACCCBABADBCCAAABBCCBB	['D12A', 'C62D', 'A63D']	3	-4.16039	-5.018955	-7.371874	-2.3529186
BCCDDDCDCCDDBDDDABCDABCABDBACBDCAADDCBCABACBCDABCACBCCCCCBDBACDCBBCBCBBBBACACAACCCBBBADBCBAABBBCCBB	['D10C', 'D13B', 'C14D', 'C46D', 'A63D', 'B64C', 'A71B', 'C72B', 'C73B', 'D77C', 'A84B', 'C90B', 'A93B']	13	-2.3946009	-3.1970367	-5.5501404	-2.3531036
BCCDDDCDCDDADCDDABCDABCABDBACBDCAADDCBCABACBCCABCACBCCCCCBDBACDBBBCBCBACCACACAACCCBABADBCCAAABBCCBB	['D12A', 'A63D', 'D77C']	3	-4.160733	-5.379667	-7.7329283	-2.3532615
BCCDDDCDCDDADCDDABCDABCABDBACBDCAADDCBCABACBCCABCACBCCCCCBDBACDBBBCBCBACCACACAACCCBABADBCCAAABBCCBB	['D12A', 'A63D', 'D77C']	3	-4.160733	-5.379667	-7.7329283	-2.3532615
BCCDDDCDCDDCDCDDABBDABCABDBACBDCAACACBCABACBCCABCACBCCCCCBDBACDBBBCBCBCACACACAACCCBABADBCCAABBBCCBB	['D12C', 'C19B', 'D35C', 'D36A', 'A63D', 'A71C', 'C72A', 'D77C', 'A93B']	9	-4.1608524	-5.1279716	-7.481351	-2.3533792
BCCDDDCDCCDDDCDDABCDABCABDBACBDCAADDCBCACACBCCABCACBCCCCCBDBACCBBBCBCCACCACADAACCCBABADBCCAABBBCCBB	['D10C', 'B41C', 'A63C', 'B70C', 'A93B']	5	-4.1621695	-5.5351467	-7.889839	-2.3546925
BCCDDDCDCCDDDCDDABCDABCABDBACBDCAADDCBCABACBCCABCACBCCCCCBDCACDBBBCBCBACCACACAACCCBABADBCCAAACBCCBB	['D10C', 'B60C', 'A63D', 'D77C', 'B94C']	5	-4.1621985	-5.039067	-7.393795	-2.3547282
BCCDDDCDCBDDCDDDABCAADCABDBACBDCAACACBCABACBCDABCACBCDCCCBDBACDCBBCBCBACDACADAACCCBBCADBCBAAABACCBB	['D10B', 'D13C', 'C14D', 'D20A', 'B22D', 'D35C', 'D36A', 'C46D', 'C54D', 'A63D', 'B64C', 'C73D', 'A84B', 'B85C', 'C90B', 'B95A']	16	-2.3971562	-2.568797	-4.9244585	-2.3556614
BCCDDDCDCDDDBCDDABCDABCABDBACDDCAADDCBCABACBCCABCACBCCCCCBDBACDBBBCBCBACCADACAACCCBABADBCCAABBBCCBB	['D13B', 'B30D', 'A63D', 'C75D', 'D77C', 'A93B']	6	-4.1633644	-7.2349186	-9.590814	-2.355895
BCCDDDCDCDDDDCDCABCDABCABDBACBDCAADDCBAABACBCCABCACBCCCCCBDBACBBBBCBCBACCACACAACCCBABADBCCAAABBCCBB	['D16C', 'C39A', 'A63B', 'D77C']	4	-4.272933	-4.16425	-6.629711	-2.3567781
BCCDDDCDCDDDDCDDABCDABCABDBACBDCAADDCBCABACBCCABCACBCACCCBDBACCBBBCBCBACCACADAACCCBABADBCCAAABBCCBB	['C54A', 'A63C']	2	-4.165407	-5.7369647	-8.0949	-2.3579354
BCCDDDCDCDDDDDDDABCDABCABDBACBDCAADDCBCACACBCCABCACBCCCCCBDBACDBBBCBCBCBCACACAACCCBABADBCCAABBBCCBB	['C14D', 'B41C', 'A63D', 'A71C', 'C72B', 'D77C', 'A93B']	7	-4.166831	-4.4217277	-6.781086	-2.3593583
BCCDDDCDCDDDDDCCABCCABCABDBACBDCAADAABAADACBCCABCACBCCCCCBDBACABBBCBABACCACADAACCCBABADBCCAABBBCCBB	['C14D', 'D15C', 'D16C', 'D20C', 'D36A', 'C37A', 'C39A', 'B41D', 'C69A', 'A93B']	10	-4.1670237	-5.834496	-8.194044	-2.359548
BCCDDDCDCADDDCDDBBCDABCABDBACBDDAADDCBCABACBCDABCACBCCCCDBDBACDBBBCBCCACCCCADAACCCBABADBBCAAABBCCBB	['D10A', 'A17B', 'C32D', 'C46D', 'C57D', 'A63D', 'B70C', 'A74C', 'C89B']	9	-2.401359	-2.927524	-5.287388	-2.3598638
BCCDDDCDCDDDDCDDABCDABCABDBACBDCAACDCBCACACBCCABCACBCCCCCBDBACDBBBCBCBACCACADAACCCBABADBCCAAABBCCBB	['D35C', 'B41C', 'A63D']	3	-4.168397	-4.970436	-7.331359	-2.3609228
BCCDDDCDCDDDBCDDABCDABCABDBACBDCAACDABCABACBCCABCACBCCCCCBDBACDBBBCBCBACCACADAACCCBABADBCCAAABBCCBB	['D13B', 'D35C', 'C37A', 'A63D']	4	-4.168559	-5.717715	-8.078802	-2.3610873
BCCDDDCDCDDDDCCCABCDABCABDBACBDCDADDABCABACBCCABCACBCCCCDBDBACACBBCBCBACCACADAACCCBABADBCCAAABBCCBB	['D15C', 'D16C', 'A33D', 'C37A', 'C57D', 'B64C']	6	-4.64802	-4.169253	-7.0098	-2.3617802
BCCDDDCDCDDDDCDDABCDABCABDBACBDCAACDCBCACACBCCABCACBCCCCCBDBADBBBBCBCBACCACADAACCCBABADBCCAABBBCCBB	['D35C', 'B41C', 'C62D', 'A63B', 'A93B']	5	-4.169323	-4.666465	-7.0283165	-2.3618517
BCCDDDCDCDDDDCDDABCDABCABDBACBDCAACDCBCACACBCCABCACBCCCCCBDBADBBBBCBCBACCACADAACCCBABADBCCAABBBCCBB	['D35C', 'B41C', 'C62D', 'A63B', 'A93B']	5	-4.169323	-4.666465	-7.0283165	-2.3618517
BCCDDDCDCDDDDCDDABCDABCABDBACBDCAADDCBCABACBCCABCACBCCCCCBDBACABBBCBCBACCACADAACCCBABADBCCAAABBCCBB	[]	0	-4.1704254	-5.944815	-8.30777	-2.3629546
BCCDDDCDCDDDDCDDABCDABCABDBACBDCAADDCBCABACBCCABCACBCCCCCBDBACABBBCBCBACCACADAACCCBABADBCCAAABBCCBB	[]	0	-4.1704254	-5.944815	-8.30777	-2.3629546
BCCDDDCDCDDDDCDDABCDABCABDBACBDCAADDCBCABACBCCABCACBCCCCCBDBACABBBCBCBACCACADAACCCBABADBCCAAABBCCBB	[]	0	-4.1704254	-5.944815	-8.30777	-2.3629546
BCCDDDCDCDDDDCDDABCDABCABDBACBDCAADDCBCABACBCCABCACBCCCCCBDBACABBBCBCBACCACADAACCCBABADBCCAAABBCCBB	[]	0	-4.1704254	-5.944815	-8.30777	-2.3629546
BCCDDDCDCDDDDCDDABCDABCABDBACBDCAADDCBCABACBCCABCACBCCCCCBDBACABBBCBCBACCACADAACCCBABADBCCAAABBCCBB	[]	0	-4.1704254	-5.944815	-8.30777	-2.3629546
BCCDDDCDCDDDDCDDABCDABCABDBACBDCAADDCBCABACBCCABCACBCCCCCBDBACABBBCBCBACCACADAACCCBABADBCCAAABBCCBB	[]	0	-4.1704254	-5.944815	-8.30777	-2.3629546
BCCDDDCDCDDDDCDDABCDABCABDBACBDCAADDCBCABACBCCABCACBCCCCCBDBACABBBCBCBACCACADAACCCBABADBCCAAABBCCBB	[]	0	-4.1704254	-5.944815	-8.30777	-2.3629546
BCCDDDCDCDDDDCDDABCDABCABDBACBDCAADDCBCABACBCCABCACBCCCCCBDBACABBBCBCBACCACADAACCCBABADBCCAAABBCCBB	[]	0	-4.1704254	-5.944815	-8.30777	-2.3629546
BCCDDDCDCDDDDCDDABCDABCABDBACBDCAADDCBCABACBCCABCACBCCCCCBDBACABBBCBCBACCACADAACCCBABADBCCAAABBCCBB	[]	0	-4.1704254	-5.944815	-8.30777	-2.3629546
BCCDDDCDCDDDDCDDABCDABCABDBACBDCAADDCBCABACBCCABCACBCCCCCBDBACABBBCBCBACCACADAACCCBABADBCCAAABBCCBB	[]	0	-4.1704254	-5.944815	-8.30777	-2.3629546
BCCDDDCDCDDDDCDDABCDABCABDBACBDCAADDCBCABACBCCABCACBCCCCCBDBACABBBCBCBACCACADAACCCBABADBCCAAABBCCBB	[]	0	-4.1704254	-5.944815	-8.30777	-2.3629546
BCCDDDCDCDDDDCDDABCDABCABDBACBDCAADDCBCABACBCCABCACBCCCCCBDBACABBBCBCBACCACADAACCCBABADBCCAAABBCCBB	[]	0	-4.1704254	-5.944815	-8.30777	-2.3629546
BCCDDDCDCDDDDCDDABCDABCABDBACBDCAADDCBCABACBCCABCACBCCCCCBDBACABBBCBCBACCACADAACCCBABADBCCAAABBCCBB	[]	0	-4.1704254	-5.944815	-8.30777	-2.3629546
BCCDDDCDCDDDDCDDABCDABCABDBACBDCAADDCBCABACBCCABCACBCCCCCBDBACABBBCBCBACCACADAACCCBABADBCCAAABBCCBB	[]	0	-4.1704254	-5.944815	-8.30777	-2.3629546
BCCDDDCDCDDDDCDDABCDABCABDBACBDCAADDCBCABACBCCABCACBCCCCCBDBACABBBCBCBACCACADAACCCBABADBCCAAABBCCBB	[]	0	-4.1704254	-5.944815	-8.30777	-2.3629546
BCCDDDCDCDDDDCDDABCDABCABDBACBDCAADDCBCABACBCCABCACBCCCCCBDBACABBBCBCBACCACADAACCCBABADBCCAAABBCCBB	[]	0	-4.1704254	-5.944815	-8.30777	-2.3629546
BCCDDDCDCDDDDCDDABCDABCABDBACBDCAADDCBCABACBCCABCACBCCCCCBDBACABBBCBCBACCACADAACCCBABADBCCAAABBCCBB	[]	0	-4.1704254	-5.944815	-8.30777	-2.3629546
BCCDDDCDCDDDDCDDABCDABCABDBACBDCAADDCBCABACBCCABCACBCCCCCBDBACABBBCBCBACCACADAACCCBABADBCCAAABBCCBB	[]	0	-4.1704254	-5.944815	-8.30777	-2.3629546
BCCDDDCDCDDDDCDDABCDABCABDBACBDCAADDCBCABACBCCABCACBCCCCCBDBACABBBCBCBACCACADAACCCBABADBCCAAABBCCBB	[]	0	-4.1704254	-5.944815	-8.30777	-2.3629546
BCCDDDCDCDDDDCDDABCDABCABDBACBDCAADDCBCABACBCCABCACBCCCCCBDBACABBBCBCBACCACADAACCCBABADBCCAAABBCCBB	[]	0	-4.1704254	-5.944815	-8.30777	-2.3629546
BCCDDDCDCDDDDCDDABCDABCABDBACBDCAADDCBCABACBCCABCACBCCCCCBDBACABBBCBCBACCACADAACCCBABADBCCAAABBCCBB	[]	0	-4.1704254	-5.944815	-8.30777	-2.3629546
BCCDDDCDCDDDDCDDABCDABCABDBACBDCAADDCBCABACBCCABCACBCCCCCBDBACABBBCBCBACCACADAACCCBABADBCCAAABBCCBB	[]	0	-4.1704254	-5.944815	-8.30777	-2.3629546
BCCDDDCDCDDDDCDDABCDABCABDBACBDCAADDCBCABACBCCABCACBCCCCCBDBACABBBCBCBACCACADAACCCBABADBCCAAABBCCBB	[]	0	-4.1704254	-5.944815	-8.30777	-2.3629546
BCCDDDCDCDDDDCDDABCDABCABDBACBDCAADDCBCABACBCCABCACBCCCCCBDBACABBBCBCBACCACADAACCCBABADBCCAAABBCCBB	[]	0	-4.1704254	-5.944815	-8.30777	-2.3629546
BCCDDDCDCDDDDCDDABCDABCABDBACBDCAADDCBCABACBCCABCACBCCCCCBDBACABBBCBCBACCACADAACCCBABADBCCAAABBCCBB	[]	0	-4.1704254	-5.944815	-8.30777	-2.3629546
BCCDDDCDCDDDDCDDABCDABCABDBACBDCAADDCBCABACBCCABCACBCCCCCBDBACABBBCBCBACCACADAACCCBABADBCCAAABBCCBB	[]	0	-4.1704254	-5.944815	-8.30777	-2.3629546
BCCDDDCDCDDDDCDDABCDABCABDBACBDCAADDCBCABACBCCABCACBCCCCCBDBACABBBCBCBACCACADAACCCBABADBCCAAABBCCBB	[]	0	-4.1704254	-5.944815	-8.30777	-2.3629546
BCCDDDCDCDDDDCDDABCDABCABDBACBDCAADDCBCABACBCCABCACBCCCCCBDBACABBBCBCBACCACADAACCCBABADBCCAAABBCCBB	[]	0	-4.1704254	-5.944815	-8.30777	-2.3629546
BCCDDDCDCDDDDCDDABCDABCABDBACBDCAADDCBCABACBCCABCACBCCCCCBDBACABBBCBCBACCACADAACCCBABADBCCAAABBCCBB	[]	0	-4.1704254	-5.944815	-8.30777	-2.3629546
BCCDDDCDCDDDDCDDABCDABCABDBACBDCAADDCBCABACBCCABCACBCCCCCBDBACABBBCBCBACCACADAACCCBABADBCCAAABBCCBB	[]	0	-4.1704254	-5.944815	-8.30777	-2.3629546
BCCDDDCDCDDDDCDDABCDABCABDBACBDCAADDCBCABACBCCABCACBCCCCCBDBACABBBCBCBACCACADAACCCBABADBCCAAABBCCBB	[]	0	-4.1704254	-5.944815	-8.30777	-2.3629546
BCCDDDCDCDDDDCDDABCDABCABDBACBDCAADDCBCABACBCCABCACBCCCCCBDBACABBBCBCBACCACADAACCCBABADBCCAAABBCCBB	[]	0	-4.1704254	-5.944815	-8.30777	-2.3629546
BCCDDDCDCDDDDCDDABCDABCABDBACBDCAADDCBCABACBCCABCACBCCCCCBDBACABBBCBCBACCACADAACCCBABADBCCAAABBCCBB	[]	0	-4.1704254	-5.944815	-8.30777	-2.3629546
BCCDDDCDCDDDDCDDABCDABCABDBACBDCAADDCBCABACBCCABCACBCCCCCBDBACABBBCBCBACCACADAACCCBABADBCCAAABBCCBB	[]	0	-4.1704254	-5.944815	-8.30777	-2.3629546
BCCDDDCDCDDDDCDDABCDABCABDBACBDCAADDCBCABACBCCABCACBCCCCCBDBACABBBCBCBACCACADAACCCBABADBCCAAABBCCBB	[]	0	-4.1704254	-5.944815	-8.30777	-2.3629546
BCCDDDCDCDDDDCDDABCDABCABDBACBDCAADDCBCABACBCCABCACBCCCCCBDBACABBBCBCBACCACADAACCCBABADBCCAAABBCCBB	[]	0	-4.1704254	-5.944815	-8.30777	-2.3629546
BCCDDDCDCDDDDCDDABCDABCABDBACBDCAADDCBCABACBCCABCACBCCCCCBDBACABBBCBCBACCACADAACCCBABADBCCAAABBCCBB	[]	0	-4.1704254	-5.944815	-8.30777	-2.3629546
BCCDDDCDCDDDDCDDABCDABCABDBACBDCAADDCBCABACBCCABCACBCCCCCBDBACABBBCBCBACCACADAACCCBABADBCCAAABBCCBB	[]	0	-4.1704254	-5.944815	-8.30777	-2.3629546
BCCDDDCDCDDDDCDDABCDABCABDBACBDCAADDCBCABACBCCABCACBCCCCCBDBACABBBCBCBACCACADAACCCBABADBCCAAABBCCBB	[]	0	-4.1704254	-5.944815	-8.30777	-2.3629546
BCCDDDCDCDDDDCDDABCDABCABDBACBDCAADDCBCABACBCCABCACBCCCCCBDBACABBBCBCBACCACADAACCCBABADBCCAAABBCCBB	[]	0	-4.1704254	-5.944815	-8.30777	-2.3629546
BCCDDDCDCDDDDCDDABCDABCABDBACBDCAADDCBCABACBCCABCACBCCCCCBDBACABBBCBCBACCACADAACCCBABADBCCAAABBCCBB	[]	0	-4.1704254	-5.944815	-8.30777	-2.3629546
BCCDDDCDCDDDDCDDABCDABCABDBACBDCAADDCBCABACBCCABCACBCCCCCBDBACABBBCBCBACCACADAACCCBABADBCCAAABBCCBB	[]	0	-4.1704254	-5.944815	-8.30777	-2.3629546
BCCDDDCDCDDDDCDDABCDABCABDBACBDCAADDABCABACBCCABCACBCCCCCBDCADDBBBCBCBACCACADAACCCBABADBCCAAABBCCBB	['C37A', 'B60C', 'C62D', 'A63D']	4	-4.1707525	-5.0724277	-7.435709	-2.3632812
BCCDDDCDCDDDDCCDABCDABCABDBACDDCAACDCBDACACBCCABCACBCCCCCBDBACDBBBCBCBBCCACADAACCCBABADBCCAABBBCCBB	['D15C', 'B30D', 'D35C', 'C39D', 'B41C', 'A63D', 'A71B', 'A93B']	8	-4.170903	-6.892194	-9.255622	-2.363428
BCCDDDCDCDDDDCDDABCDABCABDBACDDCAADDCBCACACBCCABCACBCCCCCBDCACACBBCBCBBCCACADAACCCBABADBCCAAABBCCBB	['B30D', 'B41C', 'B60C', 'B64C', 'A71B']	5	-4.1709366	-6.695415	-9.058882	-2.3634667
BCCDDDCDCDDDDCCDCBCDABCABDBACBDCAADACBCABACBCCABCACBCCCCDBDBBCDBBBCBCBACCACADAACCCBABADBCCAAABBCCBB	['D15C', 'A17C', 'D36A', 'C57D', 'A61B', 'A63D']	6	-4.17264	-5.006795	-7.3719616	-2.3651667
BCCDDDCDCDDDBCDDABCDABCABDBACBDCAADDCBCABACBCCABCACBCCCCCBDBACDBDBCBCBACCACADAACCCBABADBCCAAABBCCBB	['D13B', 'A63D', 'B65D']	3	-4.1731653	-5.664162	-8.029855	-2.3656926
BCCDDDCDCCDDBDCDABCAABCABDBACBDCAACAABCACACBCCABCACBCCCCCBDBADDBBBCBCBCCBACADAACCCBABADBCBAAABBCCBB	['D10C', 'D13B', 'C14D', 'D15C', 'D20A', 'D35C', 'D36A', 'C37A', 'B41C', 'C62D', 'A63D', 'A71C', 'C73B', 'C90B']	14	-4.1731915	-4.2476883	-6.6134024	-2.365714
BCCDDDCDCDDBDCDCABBDABCABDBACBDCAADDCBAABACBCCABCACBCCCCCBDBABCCBBCBCBACCACADAACCCBABADBCCAAABBCCBB	['D12B', 'D16C', 'C19B', 'C39A', 'C62B', 'A63C', 'B64C']	7	-4.5642033	-4.1737695	-6.930501	-2.3662977
BCCDDDCDCDDDDCDDBBCDABCABDBACBDCAADDCBCABACBCCABCACBCCCCCBDBACDBBBCBCBACCACADAACCCBABADBCCAAABBCCBB	['A17B', 'A63D']	2	-4.173888	-5.877499	-8.243917	-2.3664184
BCCDDDCDCDDDDCCDABBDABCABDBACBDCAADDCBCABACBCCABCACBCCCCCBDAACACBBCBCBACCBCADAACCCBABADBCCAAABBCCBB	['D15C', 'C19B', 'B60A', 'B64C', 'A74B']	5	-4.173911	-6.209899	-8.576339	-2.3664398
BCCDDDCDCCDDDCDDADCDABCABDBACBDCAADDCBCABACBCDABCACBCCCCCBDBACDBBBCBCBACBACACAACCCBBBADBCBAABBACCBB	['D10C', 'B18D', 'C46D', 'A63D', 'C73B', 'D77C', 'A84B', 'C90B', 'A93B', 'B95A']	10	-2.4083347	-3.0202818	-5.3871174	-2.3668356
BCCDDDCDCDDDDCDDABCDABCABDBACBDCAACDBBCABACBCCABCACBCCCCCBDBACDBBBCBCBACCACACAACCCBABADBCCAAABBCCBB	['D35C', 'C37B', 'A63D', 'D77C']	4	-4.1762924	-4.9242015	-7.293021	-2.3688197
BCCDDDCDCDDDDDDDABBDABCABDBACBDCAADDBBCABACBCCABCACBCCCCCBDBACBBBBCBCBCDCACACAACCCBABADBCCAAABBCCBB	['C14D', 'C19B', 'C37B', 'A63B', 'A71C', 'C72D', 'D77C']	7	-4.627761	-4.179596	-6.9998884	-2.3721275
BCCDDDCDCDDDDCDDABBDABCABDBACBDCAADDCBCABACBCCABCACBCCCCCBDBACCBBBCBCBACCACADAACCCBABADBCCAAABBCCBB	['C19B', 'A63C']	2	-4.1796646	-5.3413877	-7.7135773	-2.3721895
BCCDDDCDCDDDDCDDABCDABCABDBACBDCAACDABCABACBCCABCACBCCCCCBDBACACBBCBCBACCACADAACCCBABADBCCAAABBCCBB	['D35C', 'C37A', 'B64C']	3	-4.179942	-6.392411	-8.764885	-2.3724737
BCCDDDCDCDDDDCDDABCDABCABDBACBDCAACDABCABACBCCABCACBCCCCCBDBACACBBCBCBACCACADAACCCBABADBCCAAABBCCBB	['D35C', 'C37A', 'B64C']	3	-4.179942	-6.392411	-8.764885	-2.3724737
BCCDDDCDCDDDDCDDABCDABCABDBACBDCAACDABCABACBCCABCACBCCCCCBDBACACBBCBCBACCACADAACCCBABADBCCAAABBCCBB	['D35C', 'C37A', 'B64C']	3	-4.179942	-6.392411	-8.764885	-2.3724737
BCCDDDCDCDDDDCDDABCDABCABDBACBDCAACDABCABACBCCABCACBCCCCCBDBACACBBCBCBACCACADAACCCBABADBCCAAABBCCBB	['D35C', 'C37A', 'B64C']	3	-4.179942	-6.392411	-8.764885	-2.3724737
BCCDDDCDCDDDDCDDABCAABCABDBACBDCAACACBCABACBCCABCACBCCCCCBDCADDBBBCBABBCBACADAACCCBABADBCBAAABBCCBB	['D20A', 'D35C', 'D36A', 'B60C', 'C62D', 'A63D', 'C69A', 'A71B', 'C73B', 'C90B']	10	-4.1807065	-4.6051397	-6.9783707	-2.373231
BCCDDDCDCCDDDCDDABCDABCABDBACBDCAACABBCACACBCDABCACBCCCCDBDBADDCBBCBCBBCCACADAACCCABBADBCBAABBBCCBB	['D10C', 'D35C', 'D36A', 'C37B', 'B41C', 'C46D', 'C57D', 'C62D', 'A63D', 'B64C', 'A71B', 'B83A', 'A84B', 'C90B', 'A93B']	15	-2.8430672	-2.4163747	-5.217949	-2.3748817
BCCDDDCDCDDBDCDDABBDABCABDBACBDCAADDCBCABACBCCABCACBCCCCCBDBACBBBBCBCBACCACACAACCCBABADBCCAAABBCCBB	['D12B', 'C19B', 'A63B', 'D77C']	4	-4.183057	-4.385743	-6.7613287	-2.3755856
BCCDDDCDCDDDDDDDABCDABCABDBACBDCAACDCBCACACBCCABCACBCCCCCBDBADDDBBCBCBACCACADAACCCBABADBCCAAABBCCBB	['C14D', 'D35C', 'B41C', 'C62D', 'A63D', 'B64D']	6	-4.1837015	-4.751427	-7.127656	-2.3762288
BCCDDDCDCDDDDCCDABCDABCABDBACBDCAADDBBCABACBCCABCACBCCCCCBDCACCBBBCBCBACCACADAACCCBABADBCCAAABBCCBB	['D15C', 'C37B', 'B60C', 'A63C']	4	-4.1838446	-5.160193	-7.536563	-2.37637
BCBDDDCACDDDDCDDABCDABCABDBACBDCAADDCBCABACBCCABCACBCCCCCBDBADDBDBCBCBACCACACAACCCBABADBCCAABBBCCBB	['C3B', 'D8A', 'C62D', 'A63D', 'B65D', 'D77C', 'A93B']	7	-4.1840296	-6.1197443	-8.496302	-2.3765574
AAADDDCDCBDDDCCDABCAABCABDBACBDCAACACBCABACBCDABCACBCCCCCBDBADDBBBCBCBACBACADAACCCBBBADBCBAAABBCCBB	['B1A', 'C2A', 'C3A', 'D10B', 'D15C', 'D20A', 'D35C', 'D36A', 'C46D', 'C62D', 'A63D', 'C73B', 'A84B', 'C90B']	14	-2.4182358	-2.8179517	-5.1946898	-2.376738
BCCDDDCDCCDDDDDDABCDABCABDBACBDCAADDCBCACACBCCABCACBCCCCCBDBACABBBCBCBACCACADAACCCBABADBCCAABBBCCBB	['D10C', 'C14D', 'B41C', 'A93B']	4	-4.184412	-5.629699	-8.006636	-2.3769364
AAADDDCDCDDDDCDDABCDABCABDBACBDCAADDCBCABACBCCABCACBCCCCDBDBACABBBCBCBACCACADAACCCBABADBCCAAABBCCBB	['B1A', 'C2A', 'C3A', 'C57D']	4	-4.257657	-4.185047	-6.63523	-2.377573
AAADDDCDCDDDDCDDABCDABCABDBACBDCAADDCBCABACBCCABCACBCCCCDBDBACABBBCBCBACCACADAACCCBABADBCCAAABBCCBB	['B1A', 'C2A', 'C3A', 'C57D']	4	-4.257657	-4.185047	-6.63523	-2.377573
BCCDDDCDCDDDBCDDABCDABCABDBACBDCAADDCBCABACBCCABCACBCCCCCBDCACACBBCBCBACCACADAACCCBABADBCCAAABBCCBB	['D13B', 'B60C', 'B64C']	3	-4.1867294	-5.8502436	-8.229501	-2.3792572
BCCDDDCDCDDDDCDDABCDABCABDBACBDCAADDBBCABACBCCABCACBCCCCCBDCACDBBBCBCBABCACADAACCCBABADBCCAAABBCCBB	['C37B', 'B60C', 'A63D', 'C72B']	4	-4.465123	-4.1878214	-6.8454714	-2.3803482
BCCDDDCDCDDDDCDDABCDABCABDBACBDCAADDCBCABACBCCABCACBCCCCCBDBADCDBBCBCCACCACACAACCCBABADBCCAAABBCCBB	['C62D', 'A63C', 'B64D', 'B70C', 'D77C']	5	-4.1886387	-5.5484285	-7.929595	-2.3811665
BCCDDDCDCDDDDCDCABCDABCABDBACBDCAADDCBAABACBCCABCACBCCCCCBDBACACBBCBCBACCACACAACCCBABADBCCAAABBCCBB	['D16C', 'C39A', 'B64C', 'D77C']	4	-4.1887407	-5.063357	-7.444627	-2.38127
BCCDDDCDCDDDDCDDABCDABCABDBACBDCAADDCBCACACBCCABCACBCCCCCBDBACABBBCBCBACCACADAACCCBABADBCCAABBBCCBB	['B41C', 'A93B']	2	-4.190691	-5.894594	-8.277812	-2.3832178
BCCDDDCDCDDDDCDDABCDABCABDBACBDCAADDCBCACACBCCABCACBCCCCCBDBACABBBCBCBACCACADAACCCBABADBCCAABBBCCBB	['B41C', 'A93B']	2	-4.190691	-5.894594	-8.277812	-2.3832178
BCCDDDCDCDDDDCDDABCDABCABDBACBDCAADDCBCACACBCCABCACBCCCCCBDBACABBBCBCBACCACADAACCCBABADBCCAABBBCCBB	['B41C', 'A93B']	2	-4.190691	-5.894594	-8.277812	-2.3832178
BCCDDDCDCDDDDCDDABCDABCABDBACBDCAADDCBCACACBCCABCACBCCCCCBDBACABBBCBCBACCACADAACCCBABADBCCAABBBCCBB	['B41C', 'A93B']	2	-4.190691	-5.894594	-8.277812	-2.3832178
BCCDDDCDCDDDDCDDABCDABCABDBACBDCAACACBCABACBCCABCACBCCCCCBDBADDBBBCBCBADCACADAACCCBABADBCCAABBBCCBB	['D35C', 'D36A', 'C62D', 'A63D', 'C72D', 'A93B']	6	-4.1907463	-5.6640525	-8.047327	-2.3832746
BCCDDDCDCDDDDDCDABBDABCABDBACBDCAADDCBCABACBCCABCACBCCCCCBDBACBBBBCBCBACCACACAACCCBABADBCCAAABBCCBB	['C14D', 'D15C', 'C19B', 'A63B', 'D77C']	5	-4.1907883	-4.607271	-6.990589	-2.383318
BCCDDDCDCDDDDCDDCBCDABCABDBACBDCAADDCBCABACBCCABCACBCCCCCBDCADDBBBCBCBACCACADAACCCBABADBCCAAABBCCBB	['A17C', 'B60C', 'C62D', 'A63D']	4	-4.191725	-4.9035273	-7.287781	-2.3842535
AAADDDCDCDDDDCDDABCDABCABDBACBDCAACDBBCACACBCCABCACBCCCCCBDBACDBBBCBCBACCACADAACCCBABADBCCAAABBCCBB	['B1A', 'C2A', 'C3A', 'D35C', 'C37B', 'B41C', 'A63D']	7	-4.2217417	-4.1924863	-6.6067514	-2.3850098
BCCDDDCDCDDDDCDDABCDABCABDBACBDCAADBABCABACBCCABCACBCCCCCBDBADBBBBCBCBACCACADAACCCBABADBCCAAABBCCBB	['D36B', 'C37A', 'C62D', 'A63B']	4	-4.1929865	-5.3234043	-7.7089205	-2.3855162
BCCDDDCDCDDDBCCDABBCABCABDBACBDCAACABBCACACBCCABCACBCCCCCBDBADDBBBCBCBACCACADAACCCBABADBCCACBBBCCBB	['D13B', 'D15C', 'C19B', 'D20C', 'D35C', 'D36A', 'C37B', 'B41C', 'C62D', 'A63D', 'A92C', 'A93B']	12	-4.1932707	-4.325744	-6.71154	-2.385796
BCCDDDCDCDDDDCDDABCDABCABDBACDDCAACCBBCABACBCCABCACBCCCCCBDBADDDBBCBCBADCACADAACCCBABADCCCAABBBCCBB	['B30D', 'D35C', 'D36C', 'C37B', 'C62D', 'A63D', 'B64D', 'C72D', 'B88C', 'A93B']	10	-4.19492	-7.3526645	-9.74011	-2.387446
BCCDDDCDCDDDDCDDABCDABCABDBACBDCAADDCBCABACBCCABCACBCCCCCBDBADABBBCBCBACCACADAACCCBABADBCCAAABBCCBB	['C62D']	1	-4.1952324	-5.5012774	-7.889039	-2.3877616
BCCDDDCDCDDDDCDDABCDABCABDBACBDCAADDCBCABACBCCABCACBCCCCCBDBADABBBCBCBACCACADAACCCBABADBCCAAABBCCBB	['C62D']	1	-4.1952324	-5.5012774	-7.889039	-2.3877616
BCCDDDCDCDDDDCDDABCDABCABDBACBDCAADDCBCACAABCCABCACBCCCCCBDCACDBBBCBCBACCACACAAACCBABADBCCAABBBCCBB	['B41C', 'C43A', 'B60C', 'A63D', 'D77C', 'C80A', 'A93B']	7	-4.195391	-4.2284975	-6.616415	-2.3879175
BCCDDDCDCDDDDCDDABCDABCABDBACBDCAADDCBCABACBCCABCACBCCCCCBDBACABBBCBCBACCACACAACCCBABADBCCAAABBCCBB	['D77C']	1	-4.1955757	-5.861989	-8.250094	-2.3881054
BCCDDDCDCDDDDCDDABCDABCABDBACBDCAADDCBCABACBCCABCACBCCCCCBDBACABBBCBCBACCACACAACCCBABADBCCAAABBCCBB	['D77C']	1	-4.1955757	-5.861989	-8.250094	-2.3881054
BCCDDDCDCDDDDCDDABCDABCABDBACBDCAADDCBCABACBCCABCACBCCCCCBDBACABBBCBCBACCACACAACCCBABADBCCAAABBCCBB	['D77C']	1	-4.1955757	-5.861989	-8.250094	-2.3881054
BCCDDDCDCDDDDCDDABCDABCABDBACBDCAADDCBCABACBCCABCACBCCCCCBDBACABBBCBCBACCACACAACCCBABADBCCAAABBCCBB	['D77C']	1	-4.1955757	-5.861989	-8.250094	-2.3881054
BCCDDDCDCDDDDCDDABCDABCABDBACBDCAADDCBCABACBCCABCACBCCCCCBDBACABBBCBCBACCACACAACCCBABADBCCAAABBCCBB	['D77C']	1	-4.1955757	-5.861989	-8.250094	-2.3881054
BCCDDDCDCDDDDCDDABCDABCABDBACBDCAADCABCACACBCCABCACBCCCCCBDBADDBBBCBCBACCACADAACCCBABADBCCAABBBCCBB	['D36C', 'C37A', 'B41C', 'C62D', 'A63D', 'A93B']	6	-4.1956663	-5.3818846	-7.7700796	-2.388195
BCCDDDCDCCDDDCDDABCDABCABDBACBDCAADDCBCABACBCDABCACBCCCCCBDBACDBBBCBCBBCCACADAACCCBABADBCBAAABBCCBB	['D10C', 'C46D', 'A63D', 'A71B', 'C90B']	5	-2.4302912	-3.287919	-5.676711	-2.388792
BCCDDDCDCDDDDCDDABCDABCABDBACBDCAACDCBCABACBCCABCACBCCCCCBDBACCABBCBCBADCACADAACCCBABADBCCAAABBCCBB	['D35C', 'A63C', 'B64A', 'C72D']	4	-4.196595	-5.5836606	-7.972781	-2.3891206
BCCDDDCDCDDBDCDDABCDABCABDBACBDCAADDABCABACBCCABCACBCCCCDBDBDCBBBBCBCBAACACADAACCCBABADBCCAAABBCCBB	['D12B', 'C37A', 'C57D', 'A61D', 'A63B', 'C72A']	6	-4.196681	-4.3555937	-6.7448015	-2.3892078
BCCDDDCDCDDDDCDDABCDABCABDBACBDCAACDCBCABACBCCABCACBCCCCCBDBACDABBCBABACCACADAACCCBABADBCCAAABBCCBB	['D35C', 'A63D', 'B64A', 'C69A']	4	-4.1984854	-5.0893598	-7.4803715	-2.3910117
BCCDDDCDCDDDDCDDABCDABCABDBACBDCAACDCBCABACBCCABCACBCCCCCBDBACDABBCBABACCACADAACCCBABADBCCAAABBCCBB	['D35C', 'A63D', 'B64A', 'C69A']	4	-4.1984854	-5.0893598	-7.4803715	-2.3910117
BCCDDDCDCDDDDCDDABCDABCABDBACBDCAADDCBCACACBCCABCACBCCCCCBDBACACBBCBBBACCCCACAACCCBABADBCCAAABBCCBB	['B41C', 'B64C', 'C69B', 'A74C', 'D77C']	5	-4.201765	-4.6945486	-7.0888443	-2.3942957
BCCDDDCDCCDCBDDDABCAABCABDBACBDCAADDCBCABACBCDABCACBCCCCCBDBACDBBCCBCBBCBACADAACCCBBBADBCBAAABBCCBB	['D10C', 'D12C', 'D13B', 'C14D', 'D20A', 'C46D', 'A63D', 'B66C', 'A71B', 'C73B', 'A84B', 'C90B']	12	-2.4371061	-2.5946178	-4.990226	-2.395608
BCCDDDCDCDDDBCDDABCDABCABDBACBDCAACACBCABACBCCAACACBCCCCDBDBADACBBCBCBACCCCADAACCCABBADBCCAAABBCCBB	['D13B', 'D35C', 'D36A', 'B48A', 'C57D', 'C62D', 'B64C', 'A74C', 'B83A', 'A84B']	10	-4.203088	-6.1638107	-8.559433	-2.3956223
BCCDDDCDCDDBDCDDABCDABCABDBACBDCAADDCBCABACBCCABCACBCCCCCBDBACABBBCBCBACCACADAACCCBABADBCCAAABBCCBB	['D12B']	1	-4.203823	-5.6636043	-8.059956	-2.3963513
BCCDDDCDCDDBDCDDABCDABCABDBACBDCAADDCBCABACBCCABCACBCCCCCBDBACABBBCBCBACCACADAACCCBABADBCCAAABBCCBB	['D12B']	1	-4.203823	-5.6636043	-8.059956	-2.3963513
BCCDDDCDCDDDDCDDABCDABCABDBACBDCAACDCBCABACBCCABCACBCCCCCBDBADCBBBCBCBACCACADAACCCBABADBCCAAABBCCBB	['D35C', 'C62D', 'A63C']	3	-4.204212	-5.3082943	-7.7050343	-2.39674
BCCDDDCDCDDDDCDDABCCABCABDBACBDCAACACBCABACBCCABCACBCCCCDBDBACDBBBCBCAACCACADAACCCBABADBCCAAABBCCBB	['D20C', 'D35C', 'D36A', 'C57D', 'A63D', 'B70A']	6	-4.204238	-4.6674275	-7.064193	-2.3967652
BCCDDDCDCDDDDCCDABCDABCABDBACDDCAADDABCABACBCCABCACBCCCCDBDCCCDBBBCBCBACCACADAACCCBABADBCCAABBBCCBB	['D15C', 'B30D', 'C37A', 'C57D', 'B60C', 'A61C', 'A63D', 'A93B']	8	-4.204706	-5.161499	-7.5587273	-2.3972282
BCCDDDCDCDDDDCCDABCDABCABDBACDDCAADDABCABACBCCABCACBCCCCDBDCCCDBBBCBCBACCACADAACCCBABADBCCAABBBCCBB	['D15C', 'B30D', 'C37A', 'C57D', 'B60C', 'A61C', 'A63D', 'A93B']	8	-4.204706	-5.161499	-7.5587273	-2.3972282
BCCDDDCDCDDDDCDDABCDABCABDBACBDCAADACBCABACBCCABCACBCCCCCBDBACBBBBCBCBACCACADAACCCBABADBCCAAABBCCBB	['D36A', 'A63B']	2	-4.2047005	-5.398204	-7.795434	-2.3972301
BCCDDDCDCDDDBCDDABCDABCABDBACBDCAADACBCABACBCCABCACBCCCCCBDBACACBBCBCBACCACADAACCCBABADBCCAAABBCCBB	['D13B', 'D36A', 'B64C']	3	-4.2051506	-6.293642	-8.6913185	-2.3976765
BCCDDDCDCDDDBCDDABCDABCABDBACBDCAADACBCABACBCCABCACBCCCCCBDBACACBBCBCBACCACADAACCCBABADBCCAAABBCCBB	['D13B', 'D36A', 'B64C']	3	-4.2051506	-6.293642	-8.6913185	-2.3976765
BCCDDDCDCDDDBCDDABCDABCABDBACBDCAADACBCABACBCCABCACBCCCCCBDBACACBBCBCBACCACADAACCCBABADBCCAAABBCCBB	['D13B', 'D36A', 'B64C']	3	-4.2051506	-6.293642	-8.6913185	-2.3976765
BCCDDDCDCDDDBCDDABCDABCABDBACBDCAADACBCABACBCCABCACBCCCCCBDBACACBBCBCBACCACADAACCCBABADBCCAAABBCCBB	['D13B', 'D36A', 'B64C']	3	-4.2051506	-6.293642	-8.6913185	-2.3976765
BCCDDDCDCCDDDCDDABCDABCABDBACBDCAACDCBCACACBCCABCACBCCCCCBDBACABBBCBCBACCACADAACCCBABADBCCAABBBCCBB	['D10C', 'D35C', 'B41C', 'A93B']	4	-4.2054815	-5.720852	-8.118856	-2.3980045
BCCDDDCDCCDDDCDDABCDABCABDBACBDCAACDCBCACACBCCABCACBCCCCCBDBACABBBCBCBACCACADAACCCBABADBCCAABBBCCBB	['D10C', 'D35C', 'B41C', 'A93B']	4	-4.2054815	-5.720852	-8.118856	-2.3980045
BCCDDDCDCDDBDCDDABCDABCABDBACBDCAACACBCABACBCCABCACBCCCCCBDBACDBBBCBCBACCACACAACCCBABADBCCAABBBCCBB	['D12B', 'D35C', 'D36A', 'A63D', 'D77C', 'A93B']	6	-4.205825	-5.6663055	-8.064655	-2.3983498
BCCDDDCDCDDDBCDDABCDABCABDBACBDCAADDABCACACBCCABCACBCCCCCBDBACACBBCBCBADCACACAACCCBABADBCCAAABBCCBB	['D13B', 'C37A', 'B41C', 'B64C', 'C72D', 'D77C']	6	-4.205868	-5.9288816	-8.327275	-2.3983936
BCCDDDCDCDDDBCDDABCDABCABDBACBDCAADDABCACACBCCABCACBCCCCCBDBACACBBCBCBADCACACAACCCBABADBCCAAABBCCBB	['D13B', 'C37A', 'B41C', 'B64C', 'C72D', 'D77C']	6	-4.205868	-5.9288816	-8.327275	-2.3983936
BCCDDDCDCCDDDCDDABCDABCABDBACBDCAADDBBCABACBCDABCACBCCCCCBDBADDBBBCBCBBCBACACAACCCBBBADBCBAABBBCCBB	['D10C', 'C37B', 'C46D', 'C62D', 'A63D', 'A71B', 'C73B', 'D77C', 'A84B', 'C90B', 'A93B']	11	-2.4413605	-2.9663134	-5.3661785	-2.3998652
BCCDDDCDCDDDDCDCABCDABCABDBACBDCAADDABAABACBCCABCACBCCCCCBDBACDBBBCBCBACCACADAACCCBABADBCCAAABBCCBB	['D16C', 'C37A', 'C39A', 'A63D']	4	-4.207449	-4.808236	-7.208212	-2.3999758
BCCDDDCDCDDADCBDABCDABCABDBACBDCAADDBBCABACBCCABCACBCCCCCBDBADDBBBCBCBACCACADAACCCBABADBCCAAABBCCBB	['D12A', 'D15B', 'C37B', 'C62D', 'A63D']	5	-4.3557987	-4.208963	-6.75729	-2.4014912
BCCDDDCDCCDDDDCDABCDABCABDBACBDCAACDCBCABACBCCABCACBCCCCCBDBACABBBCBBBACCACADAACCDBABADBCCAAABBCCBB	['D10C', 'C14D', 'D15C', 'D35C', 'C69B', 'C82D']	6	-4.2091756	-5.7473245	-8.149027	-2.4017024
BCCDDDCDCCDDDDCDABCDABCABDBACBDCAACDCBCABACBCCABCACBCCCCCBDBACABBBCBBBACCACADAACCDBABADBCCAAABBCCBB	['D10C', 'C14D', 'D15C', 'D35C', 'C69B', 'C82D']	6	-4.2091756	-5.7473245	-8.149027	-2.4017024
BCCDDDCDCCDDDDCDABCDABCABDBACBDCAACDCBCABACBCCABCACBCCCCCBDBACABBBCBBBACCACADAACCDBABADBCCAAABBCCBB	['D10C', 'C14D', 'D15C', 'D35C', 'C69B', 'C82D']	6	-4.2091756	-5.7473245	-8.149027	-2.4017024
BCCDDDCDCDDBDCDDABBDABCABDBACBDCAACDBBCABACBCDABCACBCCCCCBDBACDCBBCBCBACCACCDAACCCBABADBCCAABBBCCBB	['D12B', 'C19B', 'D35C', 'C37B', 'C46D', 'A63D', 'B64C', 'A76C', 'A93B']	9	-2.4442134	-2.6313581	-5.034073	-2.4027147
BCCDDDCDCDDBDCDDABBDABCABDBACBDCAACDBBCABACBCDABCACBCCCCCBDBACDCBBCBCBACCACCDAACCCBABADBCCAABBBCCBB	['D12B', 'C19B', 'D35C', 'C37B', 'C46D', 'A63D', 'B64C', 'A76C', 'A93B']	9	-2.4442134	-2.6313581	-5.034073	-2.4027147
BCCDDDCDCDDBDCDDABBDABCABDBACBDCAACDBBCABACBCDABCACBCCCCCBDBACDCBBCBCBACCACCDAACCCBABADBCCAABBBCCBB	['D12B', 'C19B', 'D35C', 'C37B', 'C46D', 'A63D', 'B64C', 'A76C', 'A93B']	9	-2.4442134	-2.6313581	-5.034073	-2.4027147
BCCDDDCDCDDBDCDDABBDABCABDBACBDCAACDBBCABACBCDABCACBCCCCCBDBACDCBBCBCBACCACCDAACCCBABADBCCAABBBCCBB	['D12B', 'C19B', 'D35C', 'C37B', 'C46D', 'A63D', 'B64C', 'A76C', 'A93B']	9	-2.4442134	-2.6313581	-5.034073	-2.4027147
BCCDDDCDCDDBDCDDABBDABCABDBACBDCAACDBBCABACBCDABCACBCCCCCBDBACDCBBCBCBACCACCDAACCCBABADBCCAABBBCCBB	['D12B', 'C19B', 'D35C', 'C37B', 'C46D', 'A63D', 'B64C', 'A76C', 'A93B']	9	-2.4442134	-2.6313581	-5.034073	-2.4027147
BCCDDDCDCDDDDCDDABCDABCABDBACDDCAADDABCABACBCCABCACBCCCCCBDBACACBBCBCBACCACADAACCCBABADBCCAAABBCCBB	['B30D', 'C37A', 'B64C']	3	-4.210453	-7.522274	-9.925258	-2.4029837
BCCDDDCDCDDDDDDDABCDABCABDBACBDCAADDCBCABACBCCABCACBCCCCCBDCACCBBBCBCBACCACACAACCCBABADBCBAAABBCCBB	['C14D', 'B60C', 'A63C', 'D77C', 'C90B']	5	-4.210591	-5.2279143	-7.631034	-2.4031196
BCCDDDCDCDDDBCCDABBDABCABDBACDDCAADDCBCACACBCCABCACBCCCCCBDBACACBBCBCBACCACADAACCCBABADCCCAAABBCCBB	['D13B', 'D15C', 'C19B', 'B30D', 'B41C', 'B64C', 'B88C']	7	-4.2107863	-7.096745	-9.500058	-2.4033132
BCCDDDCDCDDDDDCDABCDABCABDBACBDCAADDCBCABACBCCABCACBCCCCCBDBACABBBCBCBACCACADAACCCBABADBCCAAABBCCBB	['C14D', 'D15C']	2	-4.2115555	-5.8851314	-8.289214	-2.4040828
BCCDDDCDCDDDDCCDABCDABCABDBACDDCAACACBCABACBCCABCACBCCCCCBDBACDBBBCBCBACCACADAACCCBABADCCCAAABBCCBB	['D15C', 'B30D', 'D35C', 'D36A', 'A63D', 'B88C']	6	-4.2128406	-7.532091	-9.937456	-2.405365
BCCDDDCDCDDDDCCDABBDABCABDBACBDCAACDBBCABACBCCABCACBCCCCCBDBACDBBBCBCBACCACADAACCCBABADBCCAAABBCCBB	['D15C', 'C19B', 'D35C', 'C37B', 'A63D']	5	-4.2135963	-4.628052	-7.034175	-2.4061227
BCCDDDCDCDDDDCDDABCDABCABDBACBDCAACACBCACACBCCABCACBCCCCCBDBACDBBBCBCBACCACADAACCCBABADBCBAAABBCCBB	['D35C', 'D36A', 'B41C', 'A63D', 'C90B']	5	-4.21392	-5.0638947	-7.470338	-2.406443
BCCDDDCDCDDDBDDDABCDABCABDBACBDCAADDBBCABACBCCABCACBCCCCCBDBACDBBBCBCBACCACADAACCCBABADBCCAAABBCCBB	['D13B', 'C14D', 'C37B', 'A63D']	4	-4.214716	-4.912205	-7.3194494	-2.4072442
BCCDDDCDCDDDBCDDABCAABCABDBACBDCAADDCBCABACBCDABCACBCCCCCBDBACDBBBCBCBCCCCCACAACCCBABADBCBAAABBCCBB	['D13B', 'D20A', 'C46D', 'A63D', 'A71C', 'A74C', 'D77C', 'C90B']	8	-2.4487572	-2.9480343	-5.355295	-2.407261
BCCCBDCDCDDDDCDDABADABCABDBACBDCAADDCBCACACBCCABCACBCCCCCBDCACDBBBCBBBADCACADAACCCBABADBCCAAABBCCBB	['D4C', 'D5B', 'C19A', 'B41C', 'B60C', 'A63D', 'C69B', 'C72D']	8	-4.2150707	-4.6252313	-7.0328274	-2.407596
BCCDDDCDCCDDBCCDABCDABCABDBACBDCAADAABCACACBCDABCACBCCCCCBDBACCBBBCBCBAACACADAACCABABADBCCAABBBCCBB	['D10C', 'D13B', 'D15C', 'D36A', 'C37A', 'B41C', 'C46D', 'A63C', 'C72A', 'C82A', 'A93B']	11	-2.4495268	-3.7309604	-6.138994	-2.4080338
BCCDDDCDCDDDDCCDABCDABCABDBACDDCAACABBCABACBCCABCACBCCCCCBDBACDBBBCBCBACCACADAACCCBABADCCCAABBBCCBB	['D15C', 'B30D', 'D35C', 'D36A', 'C37B', 'A63D', 'B88C', 'A93B']	8	-4.2158504	-7.5184617	-9.926836	-2.4083743
BCCDDDCDCDDDDCDDABBDABCABDBACBDCAADDABAACACBCCABCACBCCCCCBDBACDBBBCBCBACCACACAACCCBABADBCCAAABBCCBB	['C19B', 'C37A', 'C39A', 'B41C', 'A63D', 'D77C']	6	-4.51492	-4.2174087	-6.924856	-2.409936
BCCDDDCDCDDBDCDDAACDABCABDBACBDCAACDABCABACBCCABCACBCCCCCBDBACDBBBCBCBACCACADAACCCBABADBCCAAABBCCBB	['D12B', 'B18A', 'D35C', 'C37A', 'A63D']	5	-4.2178516	-5.741073	-8.151452	-2.410379
BCCDDDCDCDDDDCDDABCDABCABDBACBDCAADDCBCABACBCCABCACBCCCCCBDBACDBBBCBCCACCACADAACCCBABADBCCAAABBCCBB	['A63D', 'B70C']	2	-4.2186365	-5.4319954	-7.8431606	-2.4111652
BCCDDDCDCDDDDCDDABCDABCABDBACBDCAADDCBCABACBCCABCACBCCCCCBDBACDBBBCBCCACCACADAACCCBABADBCCAAABBCCBB	['A63D', 'B70C']	2	-4.2186365	-5.4319954	-7.8431606	-2.4111652
BCCDDDCDCDDDDCDDABBDABCABDBACBDCAADDBBCABACBCCABCACBCCCCCBDBACDBBBCBCCCBCACACAACCCBABADBCCAABBBCCBB	['C19B', 'C37B', 'A63D', 'B70C', 'A71C', 'C72B', 'D77C', 'A93B']	8	-4.7724037	-4.2191334	-7.184066	-2.411662
BCCDDDCDCDDADCCDABCDABCABDBACBDCAACDBBCABACBCCABCACBCCCCCBDBACDBBBCBCBADCACADAACCCBABADBCCAABBBCCBB	['D12A', 'D15C', 'D35C', 'C37B', 'A63D', 'C72D', 'A93B']	7	-4.219452	-5.55758	-7.969554	-2.411974
BCCDDDCDCDDABCDDABCDABCABDBACBDCAADDCBCABACBCCABCACBCCCCCBDBACDBBBCBCBACCACADAACCCBABADBCCAAABBCCBB	['D12A', 'D13B', 'A63D']	3	-4.2202263	-5.4588246	-7.8715763	-2.4127517
BCCDDDCDCDDDDCDDABCDABCABDBACBDCAADDCBCABACBCCABCACBCCCCCBDBADABBBCBCBACCACACAACCCBABADBCCAAABBCCBB	['C62D', 'D77C']	2	-4.2203827	-5.4184513	-7.8313637	-2.4129124
BCCDDDCDCDDBDCDDABCDABCABDBACBDCAACDABCACACBCCABCACBCCCCCBDBACABBBCBCBBDCACACAACCCBABADBCCAABBBCCBB	['D12B', 'D35C', 'C37A', 'B41C', 'A71B', 'C72D', 'D77C', 'A93B']	8	-4.2217627	-6.070392	-8.484679	-2.414287
BCCDDDCDCADDBDDDABCDABCABDBACBDCAADDCBCACACBCDABCACBCCCCCBDBBCDBBBCBCBCCCACADAACCCBABADDCCAABBBCCBB	['D10A', 'D13B', 'C14D', 'B41C', 'C46D', 'A61B', 'A63D', 'A71C', 'B88D', 'A93B']	10	-2.4573455	-4.2669168	-6.682762	-2.4158454
BCCDDDCDCDDDDCDDABCDABCABDBACBDCAADACBCABACBCCABCACBCCCCCBDBACBBBBCBCBADCACADAACCCBABADBCCAAABBCCBB	['D36A', 'A63B', 'C72D']	3	-4.223364	-5.4754505	-7.891343	-2.4158926
AAADDDCDCDDDBCDDABCDABCABDBACDDCDADDCBCABACBCCABCACBCCCCCBDBACDBBBCBCBACCACADAACCCBABADCCCAAABBCCBB	['B1A', 'C2A', 'C3A', 'D13B', 'B30D', 'A33D', 'A63D', 'B88C']	8	-4.223655	-6.2910795	-8.707262	-2.4161825
BCCDDDCDCCDDBCDDABCDABCABDBACBDCAADDABCACACBCDABCACBBCCCCBDBACCABBCBCBBCCCCACAACCCBABADBCBAABBBCCBB	['D10C', 'D13B', 'C37A', 'B41C', 'C46D', 'C53B', 'A63C', 'B64A', 'A71B', 'A74C', 'D77C', 'C90B', 'A93B']	13	-2.4578	-2.9600387	-5.3763466	-2.416308
BCCDDDCDCBDDDCDDABBDABCABDBACBDCAADDCBCABACBCDBBCACBCDCCCBDBACDBBBCBCBBCCACADAACCCBABADBCCAAABBCCBB	['D10B', 'C19B', 'C46D', 'A47B', 'C54D', 'A63D', 'A71B']	7	-2.4591203	-2.729992	-5.1476126	-2.4176207
BCCDDDCDCDDDDCCDABCCABCABDBACBDCAADABBCABACBCCABCACBCCCCDBDBACACBBCBCBACCACADAACCCBABADBCCAAABBCCBB	['D15C', 'D20C', 'D36A', 'C37B', 'C57D', 'B64C']	6	-4.2255077	-4.282558	-6.700591	-2.4180331
BCCDDDCDCDDDDCDDABCDABCABDBACBDCAADDBBCABACBCCABCACBCCCCCBDBACDBBBCBCCCBCACACAACCCBABADBCCAAABBCCBB	['C37B', 'A63D', 'B70C', 'A71C', 'C72B', 'D77C']	6	-4.64935	-4.225517	-7.067397	-2.418047
BCCDDDCDCDDDDCCDABCDABCABDBACBDCAADDCBCACACBCCBBCACBCCCCCBDBACCBBBCBABACCACADAACCCBABADBCCAABBBCCBB	['D15C', 'B41C', 'A47B', 'A63C', 'C69A', 'A93B']	6	-4.2255764	-5.3613377	-7.779438	-2.4181004
AAADDDCDCDDDDCDDCBCDABCABDBACBDCAADDCBCABACBCCABCACBCCCCCBDBACDBBBCBCCACCACADAACCCBABADBCCAAABBCCBB	['B1A', 'C2A', 'C3A', 'A17C', 'A63D', 'B70C']	6	-4.225729	-5.199503	-7.617757	-2.418254
BCCDDDCDCDDDDCDDABCDABCABDBACDDCAACAABCABACBDCABCACBCCCCCBDBACDCBBCBCBACCACADAACCCBACADBCCAAABBCCBB	['B30D', 'D35C', 'D36A', 'C37A', 'C45D', 'A63D', 'B64C', 'B85C']	8	-4.2274413	-7.1932626	-9.613235	-2.419973
BCCDDDCDCDDDDCCDABCDABCABDBACBDCAACABBCABACBCCABCACBCCCCDBDBACDBDBCBCBACCACADAACCCBABADBCCAAABBCCBB	['D15C', 'D35C', 'D36A', 'C37B', 'C57D', 'A63D', 'B65D']	7	-5.0061684	-4.2293205	-7.4280157	-2.4218473
BCCDDDCDCDDDDDCDABCDABCABDBACBDCAADDCBCABACBCCABCACBCCCCCBDBACABBBCBCBADCACADAACCCBABADBCCAAABBCCBB	['C14D', 'D15C', 'C72D']	3	-4.230218	-5.962378	-8.385122	-2.4227443
BCCDDDCDCDDDDCDDABCDABCABDBACBDCAADDCBCABACBCCABCACBCCCCCBDBACBBABCBCBADCACACAACCCBABADBCCAAABBCCBB	['A63B', 'B65A', 'C72D', 'D77C']	4	-4.2303953	-4.7607164	-7.1836433	-2.422927
BCCDDDCDCDDDDCDDABCDABCABDBACBDCAADDCBCACACBCCABCACBCCCCCBDCACDBBBCBCBACCACADAACCCBABADBCCAAABBCCBB	['B41C', 'B60C', 'A63D']	3	-4.230424	-4.765018	-7.1879683	-2.4229503
BCCDDDCDCDDDBCCDABCDABCABDBACBDCAACDBBCABABBCCABCACBCCCCCBDBACDBBBCBCBCCCACADAACCCBABADBCCAAABBCCBB	['D13B', 'D15C', 'D35C', 'C37B', 'C43B', 'A63D', 'A71C']	7	-4.2309465	-4.9951763	-7.4186497	-2.4234734
BCCDDDCDCDDDDCDDABCDABCABDBACBDCAADABBCABACBCCABCACBCCCCCBDBACDBBBCBCBACCACADAACCCBABADBCCAAABBCCBB	['D36A', 'C37B', 'A63D']	3	-4.231591	-5.2450066	-7.6691265	-2.42412
BCCDDDCDCDDDDCDDABCDABCABDBACBDCAADABBCABACBCCABCACBCCCCCBDBACDBBBCBCBACCACADAACCCBABADBCCAAABBCCBB	['D36A', 'C37B', 'A63D']	3	-4.231591	-5.2450066	-7.6691265	-2.42412
BCCDDDCDCDDBDCDDABCDABCABDBACBDCDADDABCABACBCCABCACBCCCCCBDBACACBBCBCBACCACADAACCCBABADBCCAABBBCCBB	['D12B', 'A33D', 'C37A', 'B64C', 'A93B']	5	-4.231823	-5.907627	-8.331979	-2.4243517
BCCDDDCDCDDCBCDDABCDABCABDBACBDCDADDCBCABADBCCABCACBCCCCCBDBACCCBBBBCBACCACADAACCCBABADBCCAAABBCCBB	['D12C', 'D13B', 'A33D', 'C43D', 'A63C', 'B64C', 'C67B']	7	-4.392976	-4.232479	-6.81798	-2.425004
BCCDDDCDCDDDDCCDABCDABCABDBACBDCAACDCBCABACBCCABCACBCCCCCBDBACABBBCBCBACCACADAACCCBABADBCCAAABBCCBB	['D15C', 'D35C']	2	-4.232621	-5.976284	-8.401432	-2.425148
BCCDDDCDCDDDDCCDABCDABCABDBACBDCAACDCBCABACBCCABCACBCCCCCBDBACABBBCBCBACCACADAACCCBABADBCCAAABBCCBB	['D15C', 'D35C']	2	-4.232621	-5.976284	-8.401432	-2.425148
BCCDDDCDCDDDDCCDABCDABCABDBACBDCAACDCBCABACBCCABCACBCCCCCBDBACABBBCBCBACCACADAACCCBABADBCCAAABBCCBB	['D15C', 'D35C']	2	-4.232621	-5.976284	-8.401432	-2.425148
BCCDDDCDCDDDDCCDABCDABCABDBACBDCAACDCBCABACBCCABCACBCCCCCBDBACABBBCBCBACCACADAACCCBABADBCCAAABBCCBB	['D15C', 'D35C']	2	-4.232621	-5.976284	-8.401432	-2.425148
BCCDDDCDCDDDDCCDABCDABCABDBACBDCAACDCBCABACBCCABCACBCCCCCBDBACABBBCBCBACCACADAACCCBABADBCCAAABBCCBB	['D15C', 'D35C']	2	-4.232621	-5.976284	-8.401432	-2.425148
BCCDDDCDCDDDDCDDABBDABCABDBACBDCAADDBBCABACBCCABCACBCCCCCBDBADCBBBCBCBACCACACAACCCBABADBCCAABBBCCBB	['C19B', 'C37B', 'C62D', 'A63C', 'D77C', 'A93B']	6	-4.2326307	-4.801394	-7.226551	-2.425157
BCCDDDCDCDDDDDCDBBCDABCABDBACBDCAADDCBCABACBCCABCACBCCCCCBDBACDBBBCBCBADCACADAACCCBABADBCCAAABBCCBB	['C14D', 'D15C', 'A17B', 'A63D', 'C72D']	5	-4.23368	-5.8950615	-8.321271	-2.4262094
BCCDDDCDCDDCDCDDABBDABCABDBACBDCAADDABCABACBCCABCACBCCCCCBDBACCBBBCBCBACCACACAACCCBABADBCCAABBBCCBB	['D12C', 'C19B', 'C37A', 'A63C', 'D77C', 'A93B']	6	-4.2337894	-5.7231708	-8.1494875	-2.4263167
BCCDDDCDCDDDBCDDABCDABCABDBACBDCAACDBBCABACBCCABCACBCCCCCBDBACDABBCBCBACCACADAACCCBABADBCCAAABBCCBB	['D13B', 'D35C', 'C37B', 'A63D', 'B64A']	5	-4.234312	-4.757939	-7.1847763	-2.4268374
BCCDDDCDCDDDDCDDABCDABCABDBACDDCAACDABCABACBCCABCACBCCCCCBDBACDBBBCBCBACCACADAACCCBABADBCCAABBBCCBB	['B30D', 'D35C', 'C37A', 'A63D', 'A93B']	5	-4.237221	-7.255306	-9.685056	-2.42975
BCCDDDCDCDDDDCDDBBCDABCABDBACBDCAADDCBCABACBCCABCACBCCCCDBDBACDBBBCBCCACCACADAACCCBABADBBCAAABDCCBB	['A17B', 'C57D', 'A63D', 'B70C', 'C89B', 'B95D']	6	-4.2374673	-5.620562	-8.050553	-2.4299912
BCCDDDCDCDDDDCDDABCDABCABDBACDDCAACCCBCABACBCCABCACBCCCCCBDBACDCBBCBCBACCACADAACCCBABADBCCAAABBCCBB	['B30D', 'D35C', 'D36C', 'A63D', 'B64C']	5	-4.237748	-6.823354	-9.253632	-2.4302778
BCCDDDCDCDDBDCDDABBDABCABDBACBDCAADDCBCABACBCCABCACBCCCCCBDBACCBBBCBCBACCACACAACCCBABADBCCAAABBCCBB	['D12B', 'C19B', 'A63C', 'D77C']	4	-4.2382116	-4.9773498	-7.4080887	-2.430739
BCCDDDCDCDDBDCDDABBDABCABDBACBDCAADDCBCABACBCCABCACBCCCCCBDBACCBBBCBCBACCACACAACCCBABADBCCAAABBCCBB	['D12B', 'C19B', 'A63C', 'D77C']	4	-4.2382116	-4.9773498	-7.4080887	-2.430739
BCCDDDCDCDDBDCDDABBDABCABDBACBDCAADDCBCABACBCCABCACBCCCCCBDBACCBBBCBCBACCACACAACCCBABADBCCAAABBCCBB	['D12B', 'C19B', 'A63C', 'D77C']	4	-4.2382116	-4.9773498	-7.4080887	-2.430739
BCCDDDCDCCDDDCDDABCDABCABDBACDDCAACDCBCACACBCCABCACBCCCCCBDBACDBBBCBCBACCACACAACCCBABADBCCAAABBCCBB	['D10C', 'B30D', 'D35C', 'B41C', 'A63D', 'D77C']	6	-4.238846	-5.843728	-8.275099	-2.4313707
BCCDDDCDCDDDDCDDABCDABCABDBACBDCAADDABCACACBCCABCACBCCCCCBDBACACBBCBDBACCACADAACCCBABADBCCAAABBCCBB	['C37A', 'B41C', 'B64C', 'C69D']	4	-4.2403326	-5.99802	-8.430885	-2.4328651
BCCDDDCDCDDDDCCDABCDABCABDBACDDCAACCCBBABACBCCABCACBCCCCCBDBACDBBBCBCBACCACADAACCCBABADBCCAAABBCCBB	['D15C', 'B30D', 'D35C', 'D36C', 'C39B', 'A63D']	6	-4.2404127	-7.3155003	-9.748444	-2.4329433
BCCDDDCDCDDDDCDDABCDABCABDBACBDCAADDABCABACBCCABCACBCCCCCBDBACCBBBCBCCAACACACAACCCBABADBCCAAABBCCBB	['C37A', 'A63C', 'B70C', 'C72A', 'D77C']	5	-4.2406263	-5.964969	-8.398123	-2.4331536
BCCDDDCDCCDDDCDDABADABCABDBACBDCAADDCBCABACBCCABCACBCCCCCBDBACDBBBCBCCACBACACAACCCBABADBCCAAABBCCBB	['D10C', 'C19A', 'A63D', 'B70C', 'C73B', 'D77C']	6	-4.2409325	-4.3592577	-6.792718	-2.4334602
BCCDDDCDCDDDDDCDABBDABCABDBACBDCAADDCBCACACBCCABCACBCCCCCBDBACCBBBCBCBACCACADAACCCBABADBCCAABBBCCBB	['C14D', 'D15C', 'C19B', 'B41C', 'A63C', 'A93B']	6	-4.2410574	-5.231483	-7.665063	-2.43358
BCCDDDCDCCDBDCCDABBAABCABDBACBDCAACACBCACACBCCABCACBCCCCDBDBDCABBBCBCBCCCACADAACCCBABADDCCAAABBCCBB	['D10C', 'D12B', 'D15C', 'C19B', 'D20A', 'D35C', 'D36A', 'B41C', 'C57D', 'A61D', 'A71C', 'B88D']	12	-4.2411375	-4.805574	-7.239237	-2.433663
AAADDDCDCDDDDCDDABCDABCABDBACBDCAADDABCACACBCCABCACBCCCCCBDCCCACBBCBCBACCACADAACCCBABADBCCAAABBCCBB	['B1A', 'C2A', 'C3A', 'C37A', 'B41C', 'B60C', 'A61C', 'B64C']	8	-4.2417297	-4.8521028	-7.28636	-2.434257
AAAADDCDCDDDBCDDABCDABCABDBACBDCAACDABCABACBCBABCACBCCCCDBDCACDBBBCBCBACCACADAACCCBABADDCCAAABBCCBB	['B1A', 'C2A', 'C3A', 'D4A', 'D13B', 'D35C', 'C37A', 'C46B', 'C57D', 'B60C', 'A63D', 'B88D']	12	-3.3798327	-2.4350605	-5.814885	-2.4350524
BCCDDDCDCCDCDDDDABCDABCABDBACBDCAADDCBCABACBCBABCACBCDDCCBDBACDBBCCBABBCBACACAACCCBBBADBCBAAABBCCBB	['D10C', 'D12C', 'C14D', 'C46B', 'C54D', 'C55D', 'A63D', 'B66C', 'C69A', 'A71B', 'C73B', 'D77C', 'A84B', 'C90B']	14	-0.6280165	-2.3619118	-4.797387	-2.4354753
BCCDDDCDCDDDDCDDABCDABCABDBACBDCAADDCBDABACBCCABCACBCCCCCBDBACDBBBCBCBACCACADAACCCBABADBCCAAABBCCBB	['C39D', 'A63D']	2	-4.2439566	-5.651576	-8.088063	-2.4364872
BCCDDDCDCDDABCDDABCDABCABDBACBDCAADDCBCABACBCCABCACBCCCCCBDBADDBBBCBCBACCACADAACCCBABADBCCAAABBCCBB	['D12A', 'D13B', 'C62D', 'A63D']	4	-4.2450333	-5.015287	-7.4528465	-2.4375596
BCCDDDCDCDDDDCDDABCDABCABDBACBDCAADCABCABACBCCABCACBCCCCCBDBACACBBCBCBACCACADAACCCBABADBCCAAABBCCBB	['D36C', 'C37A', 'B64C']	3	-4.246621	-6.5466704	-8.985825	-2.4391541
BCCDDDCDCDDDDDDDBBCDABCABDBACBDCAADDCBCABACBCCABCACBCCCCCBDBADDBBBCBCBCCCACADAACCCBABADBCCAABBBCCBB	['C14D', 'A17B', 'C62D', 'A63D', 'A71C', 'A93B']	6	-4.2469234	-5.618281	-8.0577345	-2.4394536
BCCDDDCDCDDDDCDDABCDABCABDBACBDCAADDCBCABACBCDABCACBCCCCCBDBADDBBBCBCBACCACADAACCCBABADDCCAABBBCCBB	['C46D', 'C62D', 'A63D', 'B88D', 'A93B']	5	-2.4810004	-4.2895823	-6.729084	-2.4395018
BCCDDDCDCDDDDBCCABBDABCABDBACBDCAADDCBCACACBCCABCACBCCCCCBDBACCCBBCBABACCACADAACCCBABADBCBAAABBCCBB	['C14B', 'D15C', 'D16C', 'C19B', 'B41C', 'A63C', 'B64C', 'C69A', 'C90B']	9	-4.516973	-4.2478013	-6.957299	-2.4403262
BCCDDDCDCDDDBCDDABCDABCABDBACBDCAACDCBCACACBCCABCACBCCCCCBDBADDBBBCBCBCCCACACAACCCBABADBCCAAABBCCBB	['D13B', 'D35C', 'B41C', 'C62D', 'A63D', 'A71C', 'D77C']	7	-4.2494984	-4.311812	-6.7538366	-2.4420247
BCCDDDCDCDDDDCDDABCDABCABDBACBDCAADABBCABACBCCABCACBCCCCDBDBACDBBBCBCBACCACADAACCCBABADBCCAABBBCCBB	['D36A', 'C37B', 'C57D', 'A63D', 'A93B']	5	-4.268487	-4.249559	-6.7105722	-2.4420853
BCCDDDCDCDDDDCDDABCDABCABDBACBDCAADDCBCABACBCCABCACBCCCCCBDBACBBBBCBCBACCACADAACCCBABADBCCABABBCCBB	['A63B', 'A92B']	2	-4.2498336	-5.312992	-7.755354	-2.4423618
AAADDDCDCDDADCDDABCCABCABDBACBDCAADDBBCABACBCCABCACBCCCCCBDCACDBBBCBCBACCACADAACCCBABADBCCAAABBCCBB	['B1A', 'C2A', 'C3A', 'D12A', 'D20C', 'C37B', 'B60C', 'A63D']	8	-4.499444	-4.2501054	-6.94207	-2.442626
BCCDDDCDCDDDDDDDABBDABCABDBACBDCAADDCBCABACBCCABCACBCCCCCBDBACDBBBCBCBACCACADAACCCBABADBCCAAABBCCBB	['C14D', 'C19B', 'A63D']	3	-4.2501173	-4.9231205	-7.3657656	-2.442645
BCCDDDCDCDDDDDDDABBDABCABDBACBDCAADDCBCABACBCCABCACBCCCCCBDBACDBBBCBCBACCACADAACCCBABADBCCAAABBCCBB	['C14D', 'C19B', 'A63D']	3	-4.2501173	-4.9231205	-7.3657656	-2.442645
BCCDDDCDCDDDDCDDABCDABCABDBACBDCAADABBCABACBCCABCACBCCCCCBDBACDBBBCBCBADCACADAACCCBABADBCCAAABBCCBB	['D36A', 'C37B', 'A63D', 'C72D']	4	-4.2502546	-5.322253	-7.7650366	-2.4427834
BCCDDDCDCDDDBCDDABCDABCABDBACDDCAADDCBCABACBCCABCACBCCCCCBDBACABBBCBCBACCACACAACCCBABADBDCAAABBCCBB	['D13B', 'B30D', 'D77C', 'C89D']	4	-4.2503	-7.146256	-9.589088	-2.4428325
BCCDDDCDCDDDDCDDABBDABCABDBACBDCAACDABCABACBCCABCACBCCCCCBDBACDBBBCBCBADCACACAACCCBABADBCCAABBBCCBB	['C19B', 'D35C', 'C37A', 'A63D', 'C72D', 'D77C', 'A93B']	7	-4.250784	-5.70942	-8.152732	-2.4433117
BCCDDDCDCDDDDCDDABCDABCABDBACDDCAACACBCABADBCCABCACBCCCCDBDBACDBBBCBCBBCCACACAACCCBABADCCCAABBBCCBB	['B30D', 'D35C', 'D36A', 'C43D', 'C57D', 'A63D', 'A71B', 'D77C', 'B88C', 'A93B']	10	-4.2508216	-6.0549955	-8.4983425	-2.443347
BCCDDDCDCDDDDCDDABCDABCABDBACDDCAACACBCABACBCCABCACBCCCCDBDBACDBBBCBCBBDCACADAACCCBABADBCCAABBBCCBB	['B30D', 'D35C', 'D36A', 'C57D', 'A63D', 'A71B', 'C72D', 'A93B']	8	-4.251421	-6.003864	-8.447811	-2.4439473
BCCDDDCDCDDDDDCDABBDABCABDBACBDCAADDBBCABACBCCABCACBCCCCCBDBACADBBCBCBACCACACAACCCBABADBCCAABBBCCBB	['C14D', 'D15C', 'C19B', 'C37B', 'B64D', 'D77C', 'A93B']	7	-4.2515373	-5.6939154	-8.137978	-2.4440622
BCCDDDCDCCDDBCDDABCDABCABDBACDDCAACABBCABACBCCABCACBCCCCCBDBACDBBBCBCBACCACADAACCCBABADCCCAABBBCCBB	['D10C', 'D13B', 'B30D', 'D35C', 'D36A', 'C37B', 'A63D', 'B88C', 'A93B']	9	-4.2530856	-7.3095818	-9.75519	-2.4456081
BCCDDDCDCDDDDDDDABCCABCABDBACBDCAADABBCABACBCCABCACBCCCCCBDBADBBBBCBCBACCACADAACCCBABADBCCAAABBCCBB	['C14D', 'D20C', 'D36A', 'C37B', 'C62D', 'A63B']	6	-4.664036	-4.2532153	-7.109782	-2.4457464
BCCDDDCDCDDBBCDDABBDABCABDBACBDCAADACBCABACBCCABCACBCCDCDBDBACDCBBCBCBACCACADAACCCBABADBCCAAABBCCBB	['D12B', 'D13B', 'C19B', 'D36A', 'C55D', 'C57D', 'A63D', 'B64C']	8	-2.4459395	-3.6823792	-6.128314	-2.4459348
BCCDDDCDCDDDDCDDABCDABCABDBACBDCAADDCBCABACBCDABCACBCCCCCBDBACDBBBCBCBACCACACAACCCBABADBCBADBBBCCBB	['C46D', 'A63D', 'D77C', 'C90B', 'A92D', 'A93B']	6	-2.4879136	-3.4573011	-5.903716	-2.446415
BCCDDDCDCDDDBCDDABCCABCABDBACBDCAADACBCABACBCCABCACBCCCCCBDBADDBBBCBBBACCACADAACCCBABADBCCAAABBCCBB	['D13B', 'D20C', 'D36A', 'C62D', 'A63D', 'C69B']	6	-4.8917036	-4.2542973	-7.338526	-2.4468222
BCCDDDCDCADDDCDDABCDABCABDBACBDCAADDABCABACBCDABCACBCDCCCBDBACDCBBCBCBACDACACAACCCBABADBCCAABBBCCBB	['D10A', 'C37A', 'C46D', 'C54D', 'A63D', 'B64C', 'C73D', 'D77C', 'A93B']	9	-2.488833	-3.148662	-5.595996	-2.4473338
BCCDDDCDCDDDBCDDABCDABCABDBACBDCAADDCBCABACBCCABCACBCCCCCBDBACABBBCBCBACCACADAACCCBABADBCCAAABBCCBB	['D13B']	1	-4.255069	-5.9411454	-8.388742	-2.447597
BCCDDDCDCDDDBCDDABCDABCABDBACBDCAADDCBCABACBCCABCACBCCCCCBDBACABBBCBCBACCACADAACCCBABADBCCAAABBCCBB	['D13B']	1	-4.255069	-5.9411454	-8.388742	-2.447597
BCCDDDCDCDDDBCDDABCDABCABDBACBDCAADDCBCABACBCCABCACBCCCCCBDBACABBBCBCBACCACADAACCCBABADBCCAAABBCCBB	['D13B']	1	-4.255069	-5.9411454	-8.388742	-2.447597
BCCDDDCDCDDADCDDABBDABCABDBACBDCAADDCBCABACBCCABCACBCCCCCBDBACDBBBCBCBACCACADAACCCBABADBCCAABBBCCBB	['D12A', 'C19B', 'A63D', 'A93B']	4	-4.2586355	-5.45611	-7.9072733	-2.4511633
BCCDDDCDCDDDBCDDABCDABCABDBACBDCAADACBCABACBCCABCACBCCCCDBDBACDBBBCBCBACCACADAACCCBABADBCCAAABBCCBB	['D13B', 'D36A', 'C57D', 'A63D']	4	-4.3501205	-4.2595186	-6.802163	-2.4520426
BCCDDDCDCDDDDCDDABCAABCABDBACBDCAACDABCABACBCDABCACBCCCCDBDBACDBBBCBCBCCCACACAACCCBABADBCBAABBBCCBB	['D20A', 'D35C', 'C37A', 'C46D', 'C57D', 'A63D', 'A71C', 'D77C', 'C90B', 'A93B']	10	-3.4648824	-2.4940796	-5.917468	-2.4525857
BCCDDDCDCDDDBCCDABCDABCABDBACBDCAADDCBCACABBCCABCACBCCCCCBDBADCBBBCBCBACCACACAACCCBABADBCCAAABBCCBB	['D13B', 'D15C', 'B41C', 'C43B', 'C62D', 'A63C', 'D77C']	7	-4.2601347	-4.8879232	-7.3405848	-2.4526615
BCCDDDCDCDDDDCDDABCDABCABDBACBDCAADAABCABACBCCABCACBCCCCCBDBACACBBCBCBACCACADAACCCBABADBCCAAABBCCBB	['D36A', 'C37A', 'B64C']	3	-4.260393	-6.6303916	-9.083314	-2.4529223
BCCDDDCDCCDDDCDDABCDABCABDBACBDCAADDCBCACABBCCABCACBCCCCCBDBADDBBBCBCBACBACACAACCCBABAABCCAABBBCCBB	['D10C', 'B41C', 'C43B', 'C62D', 'A63D', 'C73B', 'D77C', 'D87A', 'A93B']	9	-4.2604337	-4.826526	-7.2794857	-2.4529595
BCCDDDCDCDDDDCCDABCDABCABDBACDDCAACDCBCACACBCCABCACBCCCCCBDBACDBBBCBCBACCACADAACCCBABADBCCAAABBCCBB	['D15C', 'B30D', 'D35C', 'B41C', 'A63D']	5	-4.2611027	-6.1317654	-8.585393	-2.4536276
BCCDDDCDCCDDDCDDABCDABCABDBACBDCBACABBCABACBCDAACCCBCACCCBDBACDBBBCBCBBCCACADAACCBBABADBCCAABBBCCBB	['D10C', 'A33B', 'D35C', 'D36A', 'C37B', 'C46D', 'B48A', 'A50C', 'C54A', 'A63D', 'A71B', 'C82B', 'A93B']	13	-2.495162	-3.775106	-6.2287683	-2.4536624
BCCDDDCDCDDADDDDABCDABCABDBACBDCAADDCBCABACBCCABCACBCCCCCBDBACDBBBCBCBACCACACAACCCBABADBCCAABBBCCBB	['D12A', 'C14D', 'A63D', 'D77C', 'A93B']	5	-4.2624598	-5.6925755	-8.147563	-2.4549875
BCCDDDCDCCDDBCDDABCDABCABDBACBDCAADDCBCABACBCDABCACBBCCCCBDBACDBBBCBCBBCBACACAACCCBABADBCBAAABBCCBB	['D10C', 'D13B', 'C46D', 'C53B', 'A63D', 'A71B', 'C73B', 'D77C', 'C90B']	9	-2.9610138	-2.4972825	-5.4168015	-2.4557877
BCCDDDCDCDDDDDDDABBDABCABDBACBDCAADDCBCABACBCCABCACBCCCCCBDBACDBBBCBBBACCACADAACCCBABADBCCAAABBCCBB	['C14D', 'C19B', 'A63D', 'C69B']	4	-5.086295	-4.263777	-7.5426006	-2.4563055
BCCDDDCDCDDBDCDDABCDABCABDBACBDCAADDCBCACACBCCABCACBCCCCCBDCACDBBBCBCBACCACADAACCCBABADBCCAAABBCCBB	['D12B', 'B41C', 'B60C', 'A63D']	4	-4.2638226	-4.483807	-6.940156	-2.456349
BCCDDDCDCDDDDCDDABCDABCABDBACBDCAACDCBCACACBCCABCACBCCCCCBDBACACBBCBCBACCACADAACCCBABADBCCAAABBCCBB	['D35C', 'B41C', 'B64C']	3	-4.2644234	-5.6414633	-8.098413	-2.4569502
BCCDDDCDCDDABDCDABCDABCABDBACBDCAADDBBCABACBCCABCACBCCCCCBDBACCCBBCBCBADCACADAACCCBABADBCCAAABBCCBB	['D12A', 'D13B', 'C14D', 'D15C', 'C37B', 'A63C', 'B64C', 'C72D']	8	-4.265239	-5.5367417	-7.994506	-2.4577641
BCCDDDCDCDDDDCDDABCDABCABDBACBDCAADDCBCABACBCCABCACBCCCCCBDCADCBBBCBCBACCACADAACCCBABADBCCAAABBCCBB	['B60C', 'C62D', 'A63C']	3	-4.266241	-5.102875	-7.5616436	-2.4587684
BCCDDDCDCDDDDDDDABBAABCABDBACBDCAACACBCABACBCCABCACBCCCCCBDBACACBBCBCBADCACADAACCCBABADBCBAABBBCCBB	['C14D', 'C19B', 'D20A', 'D35C', 'D36A', 'B64C', 'C72D', 'C90B', 'A93B']	9	-4.2673626	-6.0953865	-8.555276	-2.4598894
BCCDDDCDCCDDDCCDABCAABCABDBACBDCAADACBCACACBCDABCACBCCCCCBDBADDBBBCBCBABBACADAACCCBBBADBCBAABBBCCBB	['D10C', 'D15C', 'D20A', 'D36A', 'B41C', 'C46D', 'C62D', 'A63D', 'C72B', 'C73B', 'A84B', 'C90B', 'A93B']	13	-3.075224	-2.5015845	-5.5353107	-2.4600868
BCCDDDCDCADDDCDDABCDABCABDBACDDCAADDCBCABACBBCABCACBCCCCCBDBACDBBBCBCBACCACACAACCCBABADCCCAABBBCCBB	['D10A', 'B30D', 'C45B', 'A63D', 'D77C', 'B88C', 'A93B']	7	-4.26824	-7.9655495	-10.426316	-2.4607668
BCCCDDCDCDDDDDCDABCDABCABDBACBDCAADACBCABACBCCABCACBCCCCCBDBACABBBCBCBACCACADAACCCBABADBCCAAABBCCBB	['D4C', 'C14D', 'D15C', 'D36A']	4	-4.2686825	-6.7508583	-9.212066	-2.4612074
BCCDDDCDCDDDBDDDABCAABCABDBACBDCAACACBCACACBCCABCACBCCCCCBDBACABBBCBABACCACADAACCDBABADBDCAAABBCCBB	['D13B', 'C14D', 'D20A', 'D35C', 'D36A', 'B41C', 'C69A', 'C82D', 'C89D']	9	-4.2689953	-6.4692287	-8.930754	-2.461525
AAADDDCDCDDDDCDDABCDABCABDBACBDCDADDABCACACBCCABCACBCCCCCBDBACACBBCBCBACCACADAACCCBABADBCCAABBBCCBB	['B1A', 'C2A', 'C3A', 'A33D', 'C37A', 'B41C', 'B64C', 'A93B']	8	-4.269026	-5.3742976	-7.835847	-2.4615493
BCCDDDCDCDDDDCDDABCDABCABDBACBDCAADDCBDABACBCCABCACBCCCCCBDBACDBBBCBCBACCACACAACCCBABADBCCAAABBCCBB	['C39D', 'A63D', 'D77C']	3	-4.269107	-5.56875	-8.030388	-2.461638
BCCDDDCDCDDDDCDDABBDABCABDBACBDCAACDCBCABACBCCABCACBCCCCCBDBACDABBCBCBACCACADAACCCBABADBCCAAABBCCBB	['C19B', 'D35C', 'A63D', 'B64A']	4	-4.2697124	-4.7688546	-7.2310944	-2.4622397
BCCDDDCDCDDDDCCDABCDABCABDBACBDCAADDABCACACBCCABCACBCCCCCBDBACABBBCBCBACCACADAACCCBABADBCCAAABBCCBB	['D15C', 'C37A', 'B41C']	3	-4.2699757	-5.8550825	-8.317586	-2.4625034
BCCDDDCDCDDDDCCDABCDABCABDBACBDCAADDABCACACBCCABCACBCCCCCBDBACABBBCBCBACCACADAACCCBABADBCCAAABBCCBB	['D15C', 'C37A', 'B41C']	3	-4.2699757	-5.8550825	-8.317586	-2.4625034
BCCDDDCDCDDDDCCDABCDABCABDBACBDCAADDABCACACBCCABCACBCCCCCBDBACABBBCBCBACCACADAACCCBABADBCCAAABBCCBB	['D15C', 'C37A', 'B41C']	3	-4.2699757	-5.8550825	-8.317586	-2.4625034
BCCDDDCDCDDDDDCDABCDABCABDBACBDCAADABBCABACBCCABCACBCCCCCBDBACDBBBCBCBACCACADAACCCBABADBCCAAABBCCBB	['C14D', 'D15C', 'D36A', 'C37B', 'A63D']	5	-4.2727194	-5.185324	-7.650569	-2.4652448
BCCDDDCDCDDDDDDDABCDABCABDBACBDCAACDCBCABACBCCABCACBCCCCCBDBADDBBBCBCBACCACADAACCCBABADBCCAAABBCCBB	['C14D', 'D35C', 'C62D', 'A63D']	4	-4.274666	-4.8900275	-7.3572216	-2.467194
BCCDDDCDCDDDDCDDABCDABCABDBACBDCAADDCBCACACBCDABCACBCCCCCBDBACDBBBCBBBACCACADAACCCBABADBCCAAABBCCBB	['B41C', 'C46D', 'A63D', 'C69B']	4	-4.677681	-2.5087013	-7.144888	-2.467207
BCCDDDCDCDDDDCCDABCDABCABDBACBDCAACDBBCABACBCCABCACBCCCCCBDCACDBBBCBCBACCACADAACCCBABADBCCAAABBCCBB	['D15C', 'D35C', 'C37B', 'B60C', 'A63D']	5	-4.275367	-4.8330784	-7.30097	-2.4678917
BCCDDDCDCDDDDCDDABCDABCABDBACBDCAACDABCABACBCCABCACBCCCCDBDBACDBBBCBCBACCACACAACCCBABADBCCAAABBCCBB	['D35C', 'C37A', 'C57D', 'A63D', 'D77C']	5	-4.3500624	-4.2754626	-6.8180523	-2.46799
BCCDDDCDCDDDBCDDABCDABCABDBACBDCAACDCBCACACBCCABCACBCCCCCBDBACDBBBCBCBACCACACAACCCBABADBCCAAABBCCBB	['D13B', 'D35C', 'B41C', 'A63D', 'D77C']	5	-4.2781897	-4.8839397	-7.3546543	-2.4707146
BCCDDDCDCDDDDCDDABCDABCABDBACBDCAADACBCABACBCCABCACBCCCCCBDBACCBBBCBCBADCACADAACCCBABADBCCAAABBCCBB	['D36A', 'A63C', 'C72D']	3	-4.2785177	-6.067057	-8.538103	-2.471046
AAADDDCDCDDDDCDDABBDABCABDBACBDCAACDCBCABACBCCABCACBCCCCCBDBACDBBBCBDBACCACADAACCCBABADBCCAAABBCCBB	['B1A', 'C2A', 'C3A', 'C19B', 'D35C', 'A63D', 'C69D']	7	-4.280341	-4.677491	-7.150359	-2.472868
BCCDDDCDCADADCCDABCDABCABDBACBDCAACACBCACACBCCABCACBCCCCCBDBADDBBBCBCBACCACADAACCCBABADBCCAAABBCCBB	['D10A', 'D12A', 'D15C', 'D35C', 'D36A', 'B41C', 'C62D', 'A63D']	8	-4.2831125	-4.4612374	-6.9368725	-2.475635
BCCDDDCDCDDADCDDABBDABCABDBACBDCAADDCBCABACBCCABCACBCCCCCBDBACDBBBCBCBACCACACAACCCBABADBCCAABBBCCBB	['D12A', 'C19B', 'A63D', 'D77C', 'A93B']	5	-4.283787	-5.373284	-7.849598	-2.476314
BCCDDDCDCBDDDCDDABCDABCABDBACDDCBACBABCACACBCCABCACBCCCCDBDCADACBBCBCBACCACADAACCCBABADCCCAAABBCCBB	['D10B', 'B30D', 'A33B', 'D35C', 'D36B', 'C37A', 'B41C', 'C57D', 'B60C', 'C62D', 'B64C', 'B88C']	12	-4.2839074	-5.973612	-8.450047	-2.4764347
BCCDDDCDCCDDDDDDABCDABCABDBACBDCAADDCBCABACBCBABCACBCCDCCBDBADDBBBCBCBBABACADAACCCBABADBCBAABBBCCBB	['D10C', 'C14D', 'C46B', 'C55D', 'C62D', 'A63D', 'A71B', 'C72A', 'C73B', 'C90B', 'A93B']	11	-0.67110634	-2.8048677	-5.2834377	-2.47857
BCCDDDCDCADDBCDDABCDABCABDBACBDCCADACBCABACBCDABCACBCCCCDBDBACDCBBCBCBACCACADAACCCBABADBCCAABBBCCBB	['D10A', 'D13B', 'A33C', 'D36A', 'C46D', 'C57D', 'A63D', 'B64C', 'A93B']	9	-2.8046985	-2.5202837	-5.2834864	-2.478788
BCCDDDCDCCDDDCDDABCDABCABDBACBDCAACDABCABACBCDABCACBCACCCBDBADDBBBCBCBBCCACACAACCABABADBCCAAABBCCBB	['D10C', 'D35C', 'C37A', 'C46D', 'C54A', 'C62D', 'A63D', 'A71B', 'D77C', 'C82A']	10	-2.5218482	-2.8573747	-5.3377323	-2.4803576
BCCDDDCDCADDDCDDABCDABCABDBACBDCAADACBCABACBCCABCACBCCCCCBDBACDBBBCBBBACCACADAACCCBABADBCCAAABBCCBB	['D10A', 'D36A', 'A63D', 'C69B']	4	-4.2894773	-4.5212307	-7.003233	-2.4820023
BCCDDDCDCCDDBCDDABCDABCABDBACBDDAADDCBCABACBCDBBCACBCCCCCBDBACDABBABCBACCACACAACCCBABADBCCAABBBCCBB	['D10C', 'D13B', 'C32D', 'C46D', 'A47B', 'A63D', 'B64A', 'C67A', 'D77C', 'A93B']	10	-2.5249157	-3.4009504	-5.8843718	-2.4834213
BCCDDDCDCDDDDDCCABCDABCABDBACBDCAADDABCABACBCCABCACBCCCCCBDBADBBBBCBCBADCACADAACCCBABADBCCAAABBCCBB	['C14D', 'D15C', 'D16C', 'C37A', 'C62D', 'A63B', 'C72D']	7	-4.2910357	-4.7470193	-7.230583	-2.483564
BCCDDDCDCDDDDCDCABCDABCABDBACBDCAADDCBCABACBCCABCACBCCCCCBDBADCBBBCBCBABCACACAACCCBABADBCCAAABBCCBB	['D16C', 'C62D', 'A63C', 'C72B', 'D77C']	5	-4.4236183	-4.291369	-6.9075146	-2.4838963
BCCDDDCDCADADCCCABCDABCABDBACBDCAADDCBDABACBCCABCACBCCCCCBDBACACBBCBCBACCACADAACCCBABADBCCAAABBCCBB	['D10A', 'D12A', 'D15C', 'D16C', 'C39D', 'B64C']	6	-4.2917433	-5.698656	-8.182926	-2.48427
BCCDDDCDCDDCDDDDABCDABCABDBACBDCAACDBBCABACBCCABCACBCCCCCBDBACDBBBCBCBCCCACADAACCCBABADBCCAABBBCCBB	['D12C', 'C14D', 'D35C', 'C37B', 'A63D', 'A71C', 'A93B']	7	-4.2925596	-4.9552298	-7.440317	-2.4850874
BCCDDDCDCDDBBCDDABBDABCABDBACBDCAADDABCACABBCCABCACBCCCCCBDBBCCDBBCBCBAACACADAACCCBABADBCCAAABBCCBB	['D12B', 'D13B', 'C19B', 'C37A', 'B41C', 'C43B', 'A61B', 'A63C', 'B64D', 'C72A']	10	-4.2925673	-5.8799043	-8.364997	-2.4850926
BCCDDDCDCDDDDCCDABCDABCABDBACBDCAACDCBCACACBCCABCACBCCCCCBDCACDBBBCBCBACCACADAACCCBABADBCCAAABBCCBB	['D15C', 'D35C', 'B41C', 'B60C', 'A63D']	5	-4.2926207	-4.796486	-7.2816286	-2.4851427
BCCDDDCDCDDCBDDDABCDABCABDBACBDCAACDBBCABACBCCABCACBCCDCCBDBACDBBBCBCBACCACADAACCCBBBADBCCAAABBCCBB	['D12C', 'D13B', 'C14D', 'D35C', 'C37B', 'C55D', 'A63D', 'A84B']	8	-2.4852653	-5.161013	-7.6462746	-2.4852614
BCCDDDCDCDDCDDDDABCDABCABDBACBDCAACACBCABACBCCABCACBCCCCCBDBACDCBBCBCBACCACADAACCCBABADBCCAAABBCCBB	['D12C', 'C14D', 'D35C', 'D36A', 'A63D', 'B64C']	6	-4.293132	-5.449944	-7.935603	-2.4856591
BCCDDDCDCDDDDCDDABBDABCABDBACBDCAADDCBCABACBCCABCACBCCCCCBDBACABBBCBCBACCACADAACCCBABADBCCAABBBCCBB	['C19B', 'A93B']	2	-4.293479	-5.938432	-8.424437	-2.4860044
BCCDDDCDCDDDDCDDABCCABCABDBACBDCAACACBCABACBCCABCACBCCCCCBDBADDBBBCBBBACCACADAACCCBABADBCCAAABBCCBB	['D20C', 'D35C', 'D36A', 'C62D', 'A63D', 'C69B']	6	-5.133956	-4.294379	-7.620861	-2.486905
BCCDDDCDCDDDDDDDABCDABCABDBACBDCAACDCBCACACBCCABCACBCCCCCBDBACDBBBCBCBACCACACAACCCBABADBCCAABBBCCBB	['C14D', 'D35C', 'B41C', 'A63D', 'D77C', 'A93B']	6	-4.295273	-5.2005186	-7.6883144	-2.4877958
BCCDDDCDCDDCDDDDABCDABCABDBACBDCAADDCBCABACBCCABCACBCCCCCBDBADCBBBCBCBCBCACACAACCCBABADBCCAABBBCCBB	['D12C', 'C14D', 'C62D', 'A63C', 'A71C', 'C72B', 'D77C', 'A93B']	8	-4.2958393	-4.5234685	-7.011838	-2.4883695
BCCDDDCDCDDDDCDDABCDABCABDBACBDCAADDCBCABACBCCABCACBCCCCDBDBACDBBBCBCBACCACADAACCCBABADBCCAAABBDCBB	['C57D', 'A63D', 'C96D']	3	-4.6177793	-4.2981305	-7.1084375	-2.4906583
BCCDDDCDCDDDDCDDABCDABCABDBACDDCAACACBCABACBCCABCACBCCCCCBDBADDBBBCBCBACCACADAACCCBABADCCCAABBBCCBB	['B30D', 'D35C', 'D36A', 'C62D', 'A63D', 'B88C', 'A93B']	7	-4.298245	-7.4611454	-9.951918	-2.4907722
BCCDDDCDCDDDDCDDABCDABCABDBACBDCCADDABCACACBCDABCACBCCCCCBDBACDBBBCBCBACCACACAACCCBABADDCCAABBBCCBB	['A33C', 'C37A', 'B41C', 'C46D', 'A63D', 'D77C', 'B88D', 'A93B']	8	-2.532721	-4.5922103	-7.083434	-2.4912238
BCCDDDCDCCDDDCCDABCDABCABDBACDDCAADDBBCACACBCCABCACBCCCCCBDCADCBBBCBCBACCACACAACCCBABADBCCAABBBCCBB	['D10C', 'D15C', 'B30D', 'C37B', 'B41C', 'B60C', 'C62D', 'A63C', 'D77C', 'A93B']	10	-4.299366	-5.539727	-8.031616	-2.491889
BCCDDDCDCDDDDCDDABCDABCABDBACBDCAACACBCABACBCCABCACBCCCCDBDBACDBBBCBCBACCACADAACCCBABADBCCAAABBCCBB	['D35C', 'D36A', 'C57D', 'A63D']	4	-4.592373	-4.2996	-7.0844994	-2.4921265
BCCDDDCDCDDDDCDDABCDABCABDBACBDCAACDCBCABACBCCABCACBCCCCDBDBACACBBCBCBADCACADAACCCBABADBCCAAABBCCBB	['D35C', 'C57D', 'B64C', 'C72D']	4	-4.299716	-4.7734823	-7.265728	-2.4922457
BCCDDDCDCDDBDCDDABCDABCABDBACBDCAADDCBCABACBCCABCACBCCCCDBDBACABBBCBCBACCACADAACCCBABADBCCAAABBCCBB	['D12B', 'C57D']	2	-4.4448204	-4.300509	-6.9378567	-2.4930363
BCCDDDCDCDDABDDDABCDABCABDBACBDCAADDBBCABACBCCABCACBCCCCCBDBACDCBBCBCBACCACACAACCCBABADBCCAAABBCCBB	['D12A', 'D13B', 'C14D', 'C37B', 'A63D', 'B64C', 'D77C']	7	-4.30105	-5.0180855	-7.5116625	-2.493577
BCCDDDCDCDDDDCDDABCDABCABDBACDDCAACDCBCABACBCCABCACBCCCCCBDBACDBBBCBCBACCACADAACCCBABADBCCAAABBCCBB	['B30D', 'D35C', 'A63D']	3	-4.3014364	-6.5545783	-9.048545	-2.4939666
BCCDDDCDCDDDDCDDABCDABCABDBACBDCAADDCBCABACBCCABCACBBACBCBDBACDBBBCBBBACCACADAACCCBABADBCCAAABBCCBB	['C53B', 'C54A', 'C56B', 'A63D', 'C69B']	5	-5.107709	-4.3015385	-7.6017733	-2.4940643
BCCDDDCDCCDDDCDDABCDABCABDBACBDCBADDBBCABACBCBABCACBCCCCCBDBADDBBBCBCBACDACACAACCCBBBADBCBAABBBCCBB	['D10C', 'A33B', 'C37B', 'C46B', 'C62D', 'A63D', 'C73D', 'D77C', 'A84B', 'C90B', 'A93B']	11	-2.7949162	-2.4942198	-5.289131	-2.494215
BCCDDDCDCDDDBCDDABCDABCABDBACBDCAADDCBCABACBCCABCACBCCCCCBDBACDBBBCBCCACCACADAACCCBABADBCCAAABBCCBB	['D13B', 'A63D', 'B70C']	3	-4.30328	-5.4283257	-7.9241323	-2.4958067
BCCDDDCDCDDDDCCDABCDABCABDBACBDCAADDABCABACBCCABCACBCCCCDBDBACABBBCBCBADCACADAACCCBABADBCCAAABBCCBB	['D15C', 'C37A', 'C57D', 'C72D']	4	-4.305271	-4.987102	-7.4849005	-2.4977984
BCCDDDCDCDDDBCDDABCDABCABDBACBDCAADACBCACACBCCABCACBCCCCCBDBAAACBBCBCBACCACADAACCCBABADBCCAAABBCCBB	['D13B', 'D36A', 'B41C', 'C62A', 'B64C']	5	-4.3053665	-6.1326547	-8.630547	-2.497892
BCCDDDCDCDDABCDDABBDABCABDBACBDCAACDCBCABACBCCABCACBCCCCCBDBADDBBBABCBBCCACADAACCCBABADBCCAABBBCCBB	['D12A', 'D13B', 'C19B', 'D35C', 'C62D', 'A63D', 'C67A', 'A71B', 'A93B']	9	-4.307316	-5.3590198	-7.858861	-2.4998412
BCCDDDCDCDDDDCDDABCDABCABDBACBDCAACDABCACACBCCABCACBCCCCCBDBACDBBBCBCBACCACADAACCCBABADBCCAAABBCCBB	['D35C', 'C37A', 'B41C', 'A63D']	4	-4.308282	-5.3035164	-7.804325	-2.5008087
BCCDDDCDCDDDDCDDABCDABCABDBACBDCAACDABCACACBCCABCACBCCCCCBDBACDBBBCBCBACCACADAACCCBABADBCCAAABBCCBB	['D35C', 'C37A', 'B41C', 'A63D']	4	-4.308282	-5.3035164	-7.804325	-2.5008087
BCCDDDCDCDDDDCDDABBDABCABDBACBDCAADDABCACACBCCABCACBCCCCCBDBACDBBBCBCBACCACADAACCCBABADBCCAAABBCCBB	['C19B', 'C37A', 'B41C', 'A63D']	4	-4.3085403	-4.893071	-7.3941383	-2.5010672
BCCDDDCDCDDDDCDDABCDABCABDBACBDCAADDABCABACBCCABCACBCCCCCBDBACABBBCBCBACCACADAACCCBABADBCCAAABBCCBB	['C37A']	1	-4.3103104	-6.2778955	-8.780735	-2.5028396
BCCDDDCDCDDDDCDDABCDABCABDBACBDCAADDABCABACBCCABCACBCCCCCBDBACABBBCBCBACCACADAACCCBABADBCCAAABBCCBB	['C37A']	1	-4.3103104	-6.2778955	-8.780735	-2.5028396
BCCDDDCDCDDDDCDDABCDABCABDBACBDCAADDABCABACBCCABCACBCCCCCBDBACABBBCBCBACCACADAACCCBABADBCCAAABBCCBB	['C37A']	1	-4.3103104	-6.2778955	-8.780735	-2.5028396
BCCDDDCDCDDDDCDDABCDABCABDBACBDCAADDABCABACBCCABCACBCCCCCBDBACABBBCBCBACCACADAACCCBABADBCCAAABBCCBB	['C37A']	1	-4.3103104	-6.2778955	-8.780735	-2.5028396
BCCDDDCDCDDDDCDDABCDABCABDBACBDCAADDABCABACBCCABCACBCCCCCBDBACABBBCBCBACCACADAACCCBABADBCCAAABBCCBB	['C37A']	1	-4.3103104	-6.2778955	-8.780735	-2.5028396
BCCDDDCDCDDDDCDDABCDABCABDBACBDCAADDABCABACBCCABCACBCCCCCBDBACABBBCBCBACCACADAACCCBABADBCCAAABBCCBB	['C37A']	1	-4.3103104	-6.2778955	-8.780735	-2.5028396
BCCDDDCDCDDDDCDDABCDABCABDBACBDCAADDABCABACBCCABCACBCCCCCBDBACABBBCBCBACCACADAACCCBABADBCCAAABBCCBB	['C37A']	1	-4.3103104	-6.2778955	-8.780735	-2.5028396
BCCDDDCDCDDDBCCBABBAABCABDBACDDCAADACBCABACBCCABCACBCCCCCBDBACABBBCBABBCCACACAACCCBABADCCCAAABBCCBB	['D13B', 'D15C', 'D16B', 'C19B', 'D20A', 'B30D', 'D36A', 'C69A', 'A71B', 'D77C', 'B88C']	11	-4.310702	-7.33285	-9.836077	-2.5032268
BCCDDDCDCDDDDCDDABCDABCABDBACBDCAADDBBCACACBCCABCACBCCCCCBDCACDBABCBCBACCACACAACCCBABADBCCAABBBCCBB	['C37B', 'B41C', 'B60C', 'A63D', 'B65A', 'D77C', 'A93B']	7	-4.64781	-4.3110466	-7.1513834	-2.5035734
BCCDDDCDCDDDDCDDABCAABCABDBACBDCAADDBBCABACBCBABCACBCCCCCBDBACCBBBCBCBBCCCCACAACCCBABADBCCAABBBCCBB	['D20A', 'C37B', 'C46B', 'A63C', 'A71B', 'A74C', 'D77C', 'A93B']	8	-2.504899	-3.6627288	-6.1676235	-2.5048947
BCCDDDCDCDDDDCDDABCAABCABDBACBDCAADDBBCABACBCBABCACBCCCCCBDBACCBBBCBCBBCCCCACAACCCBABADBCCAABBBCCBB	['D20A', 'C37B', 'C46B', 'A63C', 'A71B', 'A74C', 'D77C', 'A93B']	8	-2.504899	-3.6627288	-6.1676235	-2.5048947
BCCDDDCDCCDDDCDDABCDABCAADBACBDCAACDBBCABACBCCABCACBCCCCCBDBACDBBBCBBBADCACADAACCCBABADBCCAAABBCCBB	['D10C', 'B25A', 'D35C', 'C37B', 'A63D', 'C69B', 'C72D']	7	-5.0046263	-4.3123803	-7.509533	-2.5049067
BCCDDDCDCDDBDCDCABBDABCABDBACBDCAACDABCABACBCCABCACBCCCCCBDBACCCBBCBCBACCACACAACCCBABADBCCAABBBCCBB	['D12B', 'D16C', 'C19B', 'D35C', 'C37A', 'A63C', 'B64C', 'D77C', 'A93B']	9	-4.312825	-5.5086966	-8.014049	-2.505352
BCCDDDCDCDDDDCCDABCDABCABDBACBDCAADACBCABACBCCABCACBCCCCCBDBACABBBCBCBACCACADAACCCBABADBCCAAABBCCBB	['D15C', 'D36A']	2	-4.3130713	-6.2142634	-8.719861	-2.5055976
BCCDDDCDCDDDDCCDABCDABCABDBACBDCAADACBCABACBCCABCACBCCCCCBDBACABBBCBCBACCACADAACCCBABADBCCAAABBCCBB	['D15C', 'D36A']	2	-4.3130713	-6.2142634	-8.719861	-2.5055976
BCCDDDCDCDDDBCDDABCDABCABDBACBDCAACDBBCABACBCBABCACBCCCCCBDCCCDBBBCBCBACCACADAACCCBABADBCCAAABBCCBB	['D13B', 'D35C', 'C37B', 'C46B', 'B60C', 'A61C', 'A63D']	7	-4.5538664	-2.5065327	-7.060396	-2.5065298
BCCDDDCDCDDDDCCCABCDABCABDBACBDCAACDABAACACBCCABCACBCCCCCBDBADDBBBCBCBACCACADAACCCBABADBCCAABBBCCBB	['D15C', 'D16C', 'D35C', 'C37A', 'C39A', 'B41C', 'C62D', 'A63D', 'A93B']	9	-4.3147173	-4.345945	-6.8531885	-2.5072436
BCCDDDCDCDDCDDDDABCDABCABDBACBDCAADDBBCABACBCCABCACBCCCCCBDBADDBBBCBCBACCACADAACCCBABAABCCAABBBCCBB	['D12C', 'C14D', 'C37B', 'C62D', 'A63D', 'D87A', 'A93B']	7	-4.315621	-4.9700117	-7.478162	-2.50815
BCCDDDCDCDDADCDDABCDABCABDBACBDCAADDCBCABACBCCABCACBCCCCCBDBACBBBBCBCBACCACADAACCCBABADBCCAAABBCCBB	['D12A', 'A63B']	2	-4.3158026	-5.234414	-7.7427464	-2.5083323
AAADDDCDCDDBDCDDABBDABCABDBACBDCAACDABCABACBCCABCACBCCCCCBDBACDBBBCBCBACCACACAACCCBABADBCCAAABBCCBB	['B1A', 'C2A', 'C3A', 'D12B', 'C19B', 'D35C', 'C37A', 'A63D', 'D77C']	9	-4.315853	-4.586643	-7.095022	-2.508379
BCCDDDCDCDDDDDDDABCDABCABDBACBDCAADDCBCACACBCCABCACBCCCCCBDBACDCBBCBCCACCACACAACCCBABADBCCAAABBCCBB	['C14D', 'B41C', 'A63D', 'B64C', 'B70C', 'D77C']	6	-4.3167114	-4.9546657	-7.4639006	-2.509235
BCCDDDCDCCDDDCDDABCDABCABDBACBDCAADDCBCABACBCDABCACBCCCCCBDBACDBBBCBCBBCBACACAACCCBABADBCBAABBBCCBB	['D10C', 'C46D', 'A63D', 'A71B', 'C73B', 'D77C', 'C90B', 'A93B']	8	-2.5515108	-3.342618	-5.8526278	-2.5100098
BCCDDDCDCCDDDCDDABCDABCABDBACBDCAADDCBCABACBCDABCACBCCCCCBDBACDBBBCBCBBCBACACAACCCBABADBCBAABBBCCBB	['D10C', 'C46D', 'A63D', 'A71B', 'C73B', 'D77C', 'C90B', 'A93B']	8	-2.5515108	-3.342618	-5.8526278	-2.5100098
BCCDDDCDCCDDDCDDABCDABCABDBACBDCAADDCBCABACBCDABCACBCCCCCBDBACDBBBCBCBBCBACACAACCCBABADBCBAABBBCCBB	['D10C', 'C46D', 'A63D', 'A71B', 'C73B', 'D77C', 'C90B', 'A93B']	8	-2.5515108	-3.342618	-5.8526278	-2.5100098
BCCDDDCDCDDDDCCDABCDABCABDBACBDCAADDCBCACACBCCABCACBCCCCCBDBACABBBCBCBACCACADAACCCBABADBCCAABBACCBB	['D15C', 'B41C', 'A93B', 'B95A']	4	-4.3180795	-5.7245836	-8.235188	-2.510604
BCCDDDCDCDDDDCDDABCDABCABDBACBDCAACDCBCABACBCCABCACBCCCCCBDBACABBBCBCBACCACACAACCCBABADBCCAABBBCCBB	['D35C', 'D77C', 'A93B']	3	-4.31837	-6.26605	-8.776948	-2.510898
BCCDDDCDCCDDBCDDABCDABCABDBACBDCAADDCBCABACBCCAACACBCCCCCBDCACBBBBCBCBACCACADAACCCBABADBCCAAABBCCBB	['D10C', 'D13B', 'B48A', 'B60C', 'A63B']	5	-4.3185263	-5.572023	-8.083077	-2.5110545
BCCDDDCDCDDDDCDDABBDABCABDBACBDCAADDCBCABACBCCABCACBCCCCCBDBACABBBCBCBACCACACAACCCBABADBCCAABBBCCBB	['C19B', 'D77C', 'A93B']	3	-4.3186293	-5.855606	-8.366763	-2.511157
BCCDDDCDCDDDDCDDABBDABCABDBACBDCAADDCBCABACBCCABCACBCCCCCBDBACABBBCBCBACCACACAACCCBABADBCCAABBBCCBB	['C19B', 'D77C', 'A93B']	3	-4.3186293	-5.855606	-8.366763	-2.511157
BCCDDDCDCDDCDDDCABCDABCABDBACBDCAADBCBCABACBCCABCACBCCCCCBDBADCCBBCBCBACCACADAACCCBABADBCCAAABBCCBB	['D12C', 'C14D', 'D16C', 'D36B', 'C62D', 'A63C', 'B64C']	7	-4.319207	-5.0852795	-7.5970135	-2.511734
BCCDDDCDCDDDDCDDABCDABCABDBACBDCAACDABCACACBCCABCACBCCCCCBDBBCDBBBCBCBACCACADAACCCBABADBCCAAABBCCBB	['D35C', 'C37A', 'B41C', 'A61B', 'A63D']	5	-4.3192854	-5.887888	-8.399701	-2.5118132
BCCDDDCDCDDDDCDDABCDABCABDBACBDCAADDABCACACBCCABCACBCCCCDBDCBCDBBBCBCBACCACADAACCCBABADBCCAAABBCCBB	['C37A', 'B41C', 'C57D', 'B60C', 'A61B', 'A63D']	6	-4.6223087	-4.319375	-7.1342106	-2.5119019
BCCDDDCDCCDBBCDDABBDABCABDBACDDCAADDCBCABACBCCABCACBCCCCCBDBACDBDBCBCBCCCACACAACCCBABADCCCAAABBCCBB	['D10C', 'D12B', 'D13B', 'C19B', 'B30D', 'A63D', 'B65D', 'A71C', 'D77C', 'B88C']	10	-4.319422	-6.461689	-8.973638	-2.5119486
BCCDDDCDCDDDDCDDABCDABCABDBACBDCAADDCBCABACBCCABCACBCCCCCBDBACDBBBBBBBACCACACAACCCBABADBCCAAABBCCBB	['A63D', 'C67B', 'C69B', 'D77C']	4	-4.524729	-4.320132	-7.0373898	-2.512661
AAADDDCDCCDDDCDDABBDABCABDBACBDCAACDABCABACBCDAACACBCACCCBDBACDBBBCBABBCCACADAACCBBABADBCCAAABBCCBB	['B1A', 'C2A', 'C3A', 'D10C', 'C19B', 'D35C', 'C37A', 'C46D', 'B48A', 'C54A', 'A63D', 'C69A', 'A71B', 'C82B']	14	-2.5545444	-3.107452	-5.6204977	-2.5130458
BCCDDDCDCDDDDADBABCDABCABDBACBDCAADDCBAABACBCCABCACBCCCCCBDCADCBBBCBCBADCACACAACCCBABADBCCAAABBCCBB	['C14A', 'D16B', 'C39A', 'B60C', 'C62D', 'A63C', 'C72D', 'D77C']	8	-4.89659	-4.320696	-7.4098167	-2.5132265
BCCDDDCDCDDDDDDDABCDABCABDBACBDCAADDABCACACBCCABCACBCCCCCBDBACCCBBCBABACCACADAACCCBABADBCCAAABBCCBB	['C14D', 'C37A', 'B41C', 'A63C', 'B64C', 'C69A']	6	-4.321252	-5.600468	-8.114249	-2.513781
BCCDDDCDCCDDDCDCABCCABCABDBACBDCAADACBCABACBCCABCACBCCCCCBDBADCCDBABCBADCACADAACCCBABADBCCAAABBCCBB	['D10C', 'D16C', 'D20C', 'D36A', 'C62D', 'A63C', 'B64C', 'B65D', 'C67A', 'C72D']	10	-4.3213873	-5.478683	-7.9925966	-2.5139136
BCCDDDCDCDDDDCDDABCCABCABDBACBDCAADABBCABACBCCABCACBCCCCCBDBADDCBBCBCCACCACADAACCCBABADBCCAAABBCCBB	['D20C', 'D36A', 'C37B', 'C62D', 'A63D', 'B64C', 'B70C']	7	-4.3222284	-4.6942434	-7.208995	-2.5147514
BCCDDDCDCDDDDCDDABCDABCABDBACBDCAADDCBCABACBCCABCACBCCCCCBDBACCADBCBCBACCACADAACCCBABADBCCAAABBCCBB	['A63C', 'B64A', 'B65D']	3	-4.322423	-5.785941	-8.300892	-2.5149508
BCCDDDCDCCDDDCDDABCDABCABDBACBDCAADDCBCABACBCDABCACBCCCCCBDBACDBBBCBCBACDACACAACCCBABADBCBAAABBCCBB	['D10C', 'C46D', 'A63D', 'C73D', 'D77C', 'C90B']	6	-3.3713875	-2.5565138	-5.886403	-2.5150156
AAADDDCDCDDDDDDDABCDABCABDBACBDCAADDCBCABACBCCABCACBCCCCCBDBACABBBCBCBACCACADAACCCBABADBCCAAABBCCBB	['B1A', 'C2A', 'C3A', 'C14D']	4	-4.322489	-5.493403	-8.008419	-2.515016
BCCDDDCDCDDDDCDDABCDABCABDBACBDCAACDABCABACBCCABCACBCCCCDBDBACDBBBCBCBACCACADAACCCBABADBCCAAABBCCBB	['D35C', 'C37A', 'C57D', 'A63D']	4	-4.324913	-4.358289	-6.8757286	-2.5174398
BCCDDDCDCDDDDCDDABCDABCABDBACBDCAACDABCABACBCCABCACBCCCCDBDBACDBBBCBCBACCACADAACCCBABADBCCAAABBCCBB	['D35C', 'C37A', 'C57D', 'A63D']	4	-4.324913	-4.358289	-6.8757286	-2.5174398
BCCDDDCDCDDDDCDDABCDABCABDBACBDCAACDABCABACBCCABCACBCCCCDBDBACDBBBCBCBACCACADAACCCBABADBCCAAABBCCBB	['D35C', 'C37A', 'C57D', 'A63D']	4	-4.324913	-4.358289	-6.8757286	-2.5174398
BCCDDDCDCDDCBDDDABCDABCABDBACBDCAADDCBCACACBCCABCACBCCCCCBDBACDBBBCBCBACCACADAACCCBABADBCCAAABBCCBB	['D12C', 'D13B', 'C14D', 'B41C', 'A63D']	5	-4.325162	-4.639497	-7.1571846	-2.5176878
BCCDDDCDCDDDDCDDABCDABCABDBACBDCAADDCBCACACBCCABCACBCCCCCBDCACACBBCBCBACCACADAACCCBABADBCCAAABBCCBB	['B41C', 'B60C', 'B64C']	3	-4.3264513	-5.436046	-7.9550257	-2.5189795
BCCDDDCDCDDDDCDDABCDABCABDBACBDCAADACBCABACBCCABCACBCCCCCBDBACDBBBBBABACCACADAACCCBABADBCCAAABBCCBB	['D36A', 'A63D', 'C67B', 'C69A']	4	-4.3266706	-5.2831683	-7.8023653	-2.519197
BCCDDDCDCDDDDCDDABCDABCABDBACBDCDADDABCACACBCCABCACBCCCCCBDBACDBBBCBCBACCACADAACCCBABADBCCAABBBCCBB	['A33D', 'C37A', 'B41C', 'A63D', 'A93B']	5	-4.326764	-5.0999427	-7.619233	-2.5192904
BCCDDDCDCDDDDCDDABCDABCABDBACBDCAACACACABACBCCABCACBCCCCCBDBACDBBBCBCBACCACADAACCCBABADBCCAABBBCCBB	['D35C', 'D36A', 'B38A', 'A63D', 'A93B']	5	-4.326975	-5.181497	-7.7009964	-2.5194993
BCCDDDCDCDDDDDDDABCDABCABDBACBDCAADDCBCACACBCCABCACBCCCCCBDBACBBBBCBCBACCACADAACCCBABADBCCAAABBCCBB	['C14D', 'B41C', 'A63B']	3	-4.327547	-4.6512046	-7.171281	-2.5200763
BCCDDDCDCDDDDCDDABCDABCABDBACBDCAADDCBCACACBCDABCACBCCCCCBDBADDBBBCBCBACCACADAACCABABADBCCAABBBCCBB	['B41C', 'C46D', 'C62D', 'A63D', 'C82A', 'A93B']	6	-2.5623093	-2.6160011	-5.136816	-2.520815
BCCDDDCDCDDDBCDDABCDABCABDBACDDCAACACBCACACBCCABCACBCCCCCBDBACDCBBCBCBACCACADAACCCBABADCCCAAABBCCBB	['D13B', 'B30D', 'D35C', 'D36A', 'B41C', 'A63D', 'B64C', 'B88C']	8	-4.3292823	-7.1936	-9.715409	-2.521809
BCCDDDCDCCDDBCDDABCDABCABDBACBDCAACDCBCACACBCCABCACBCCCCCBDCACDBBBCBCBACCACADAACCCBABADBCCAAABBCCBB	['D10C', 'D13B', 'D35C', 'B41C', 'B60C', 'A63D']	6	-4.329859	-4.5876045	-7.1099863	-2.5223818
BCCDDDCDCDDDDDDDABCDABCABDBACBDCAADACBCABACBCCABCACBCCCCCBDBACDBBBCBCBACCACADAACCCBABADBCCAAABBCCBB	['C14D', 'D36A', 'A63D']	3	-4.330309	-5.5715437	-8.09438	-2.5228367
BCCDDDCDCDDDDCDDABCDABCABDBACBDCAACDBBCABACBCCABCACBCCCCCBDBACBBBBCBCBACCACADAACCCBABADBCCAAABBCCBB	['D35C', 'C37B', 'A63B']	3	-4.331361	-4.778949	-7.3028383	-2.5238895
BCCDDDCDCDDDDCDDABCDABCABDBACBDCAACDCBCACACBCCABCACBCCCCCBDBACBBBBCBBBACCACADAACCDBABADBCCAAABBCCBB	['D35C', 'B41C', 'A63B', 'C69B', 'C82D']	5	-4.331449	-4.778291	-7.302268	-2.5239768
BCCDDDCDCCDDBCDCABCDABCABDBACDDCAACBABCABACBDCABCACBCCCCCBDBADCCBBCBCBCDCACADAACCCBABADBCCAABBBCCBB	['D10C', 'D13B', 'D16C', 'B30D', 'D35C', 'D36B', 'C37A', 'C45D', 'C62D', 'A63C', 'B64C', 'A71C', 'C72D', 'A93B']	14	-4.3315973	-7.2667274	-9.7908535	-2.524126
BCCDDDCDCDDDDCDDABCDABCABDBACBDCAACDBBCABACBCCABCACBCCCCCBDBACCBBBCBCBCCCACADAACCCBABADBCCAAABBCCBB	['D35C', 'C37B', 'A63C', 'A71C']	4	-4.3330183	-5.2419662	-7.7675123	-2.525546
BCCDDDCDCDDDDCDDABCDABCABDBACBDCAADBABCACACBCCABCACBCCCCCBDBADACBBCBCBACCACADAACCCBABADBCCAAABBCCBB	['D36B', 'C37A', 'B41C', 'C62D', 'B64C']	5	-4.3331566	-5.804642	-8.330331	-2.5256886
BCCDDDCDCDDDDCDDABCDABCABDBACBDCAADDCBCABACBCCABCACBCCCCCBDBACABBBCBDBACCACADAACCCBABADBCCAAABBCCBB	['C69D']	1	-4.3333454	-6.0047054	-8.5305805	-2.525875
BCCDDDCDCDDDDCDDABCCABCABDBACBDCAADABBCABACBCCABCACBCCCCCBDBACBBBBCBCBACCACADAACCCBABADBCCAAABBCCBB	['D20C', 'D36A', 'C37B', 'A63B']	4	-4.3334026	-4.751494	-7.277424	-2.52593
BCCDDDCDCCDDDCDBABCDABCABDBACBDCAADDBBCABACBCAAACACBCACCCBDBACDBBBCBCBDCCACACAACCBBABADBCCAABBBCCBB	['D10C', 'D16B', 'C37B', 'C46A', 'B48A', 'C54A', 'A63D', 'A71D', 'D77C', 'C82B', 'A93B']	11	-2.2782278	-2.809228	-5.335332	-2.526104
AAADDDCDCCDDDCCDABCBABCABDBACBDCAACACBCACACBCDAACACBCACCCBDBADDBBBCBCBACCACADAACCABABADBCCAABBBCCBB	['B1A', 'C2A', 'C3A', 'D10C', 'D15C', 'D20B', 'D35C', 'D36A', 'B41C', 'C46D', 'B48A', 'C54A', 'C62D', 'A63D', 'C82A', 'A93B']	16	-2.568874	-2.846467	-5.3738422	-2.5273752
BCCDDDCDCDDABDDDABCDABCABDBACBDCAADDCBCACACBCCABCACBCCCCCBDBACDBBBCBCBCCCACADAACCCBABADBCBAAABBCCBB	['D12A', 'D13B', 'C14D', 'B41C', 'A63D', 'A71C', 'C90B']	7	-4.3350987	-4.6766953	-7.204319	-2.5276237
AAADDDCDCDDDDCDDABCDABCABDBACBDCAACABBCABACBCCABCACBCCCCCBDCACCBBBCBCBBCCACACAACCCBABADBCCAABBBCCBB	['B1A', 'C2A', 'C3A', 'D35C', 'D36A', 'C37B', 'B60C', 'A63C', 'A71B', 'D77C', 'A93B']	11	-4.3371506	-5.457186	-7.986861	-2.529675
BCCDDDCDCDDDDDDDABCDABCABDBACBDCAADDABCACACBCCABCACBCCCCCBDBADDBBBCBCBACCACACAACCCBABADBCCAAABBCCBB	['C14D', 'C37A', 'B41C', 'C62D', 'A63D', 'D77C']	6	-4.3371696	-4.6859994	-7.215699	-2.5296998
BCCDDDCDCDDDDCDDABBDABCABDBACBDCAADDCBCABACBCCABCACBCCCCCBDBACABBBCBCBADCACACAACCCBABADBCCAABBBCCBB	['C19B', 'C72D', 'D77C', 'A93B']	4	-4.3372927	-5.9328527	-8.462674	-2.5298214
BCCDDDCDCDDDDCDDACCDABCABDBACBDCAADDABCABACBCCABCACBCCCCCBDBADDBBBCBBBACCACADAACCCBABADBCCAAABBCCBB	['B18C', 'C37A', 'C62D', 'A63D', 'C69B']	5	-4.989629	-4.338185	-7.52034	-2.5307112
BCCDDDCDCDDDDCDDACCDABCABDBACBDCAADDABCABACBCCABCACBCCCCCBDBADDBBBCBBBACCACADAACCCBABADBCCAAABBCCBB	['B18C', 'C37A', 'C62D', 'A63D', 'C69B']	5	-4.989629	-4.338185	-7.52034	-2.5307112
BCCDDDCDCDDDDCDDACCDABCABDBACBDCAADDABCABACBCCABCACBCCCCCBDBADDBBBCBBBACCACADAACCCBABADBCCAAABBCCBB	['B18C', 'C37A', 'C62D', 'A63D', 'C69B']	5	-4.989629	-4.338185	-7.52034	-2.5307112
BCCDDDCDCDDDDCCDABBDABCABDBACDDCAACACBCABACBCCABCACBCCCCCBDBACDBBBCBCBCACACADAACCCBABADBCCAAABBCCBB	['D15C', 'C19B', 'B30D', 'D35C', 'D36A', 'A63D', 'A71C', 'C72A']	8	-4.33932	-6.2405987	-8.772445	-2.531846
BCCDDDCDCDDADCDDABCDABCABDBACBDCAADDCBCABACBCCABCACBCCCCCBDBADBBBBCBCBACCACADAACCCBABADBCCAAABBCCBB	['D12A', 'C62D', 'A63B']	3	-4.3406096	-4.7908764	-7.3240156	-2.5331392
BCCDDDCDCDDABCDDABCDABCABDBACBDCAADDCBCABACBCCABCACBCCCCCBDBACACBBCBCBACCACACAACCCBABADBCCAAABBCCBB	['D12A', 'D13B', 'B64C', 'D77C']	4	-4.341403	-6.0470266	-8.580956	-2.5339298
BCCDDDCDCDDBDCDDABCDABCABDBACBDCAADDABCABACBCCABCACBCCCCCBDBACABBBCBCBACCACADAACCCBABADBCCAAABBCCBB	['D12B', 'C37A']	2	-4.343708	-5.9966846	-8.532921	-2.5362363
BCCDDDCDCDDBDCDDABCDABCABDBACBDCAADDABCABACBCCABCACBCCCCCBDBACABBBCBCBACCACADAACCCBABADBCCAAABBCCBB	['D12B', 'C37A']	2	-4.343708	-5.9966846	-8.532921	-2.5362363
AAADDDCDCDDDDCDDABBDABCABDBACBDCAADDCBCABACBCCABCACBCCCCCBDBACABBBCBCBACCACADAACCCBABADBCCAAABBCCBB	['B1A', 'C2A', 'C3A', 'C19B']	4	-4.343815	-5.174112	-7.710453	-2.5363412
BCCDDDCDCDDADCDDABCDABCABDBACBDCAADDABCACACBCCABCACBCCCCCBDBADDBBBCBCBACCACACAACCCBABADBCCAABBBCCBB	['D12A', 'C37A', 'B41C', 'C62D', 'A63D', 'D77C', 'A93B']	7	-4.3456907	-5.2189894	-7.757206	-2.5382166
BCCDDDCDCCDDDCDDABCDABCABDBACBDCAADACCCACACBCCABCACBCCCCCBDBADDBBBCBCBACCACADAACCCBABADBCCAABBBCCBB	['D10C', 'D36A', 'B38C', 'B41C', 'C62D', 'A63D', 'A93B']	7	-4.3467655	-5.093317	-7.6326075	-2.5392904
BCCDDDCDCDDDBCDDABCDABCABDBACBDCDADDCBCABACBCCABCACBCCCCCBDBACACBBCBCBACCACADAACCCBABADBCCAAABBCCBB	['D13B', 'A33D', 'B64C']	3	-4.3472843	-5.484442	-8.024254	-2.5398116
BCCDDDCDCDDDBCDDABCDABCABDBACDDCAACAABCABACBCCABCACBCCCCCBDBADDBBBCBCBAACACADAACCCBABADCCCAAABBCCBB	['D13B', 'B30D', 'D35C', 'D36A', 'C37A', 'C62D', 'A63D', 'C72A', 'B88C']	9	-4.348454	-7.3421016	-9.883082	-2.5409808
BCCDDDBDCDDDDCDDABCDABCABDBACBDCAACDBBCABACBCCABCACBCCCCCBDBACDBBBCBCBACCACADAACCCBABADBCCAAABBCCBB	['C7B', 'D35C', 'C37B', 'A63D']	4	-4.349019	-5.1697006	-7.7112484	-2.5415478
BCCDDDCDCDDDDCCDABCDABCABDBACBDCAACABBCABACBCCABCACBCCCCCBDBADCBBBCBCBACCACADAACCCBABADBCCAABBBCCBB	['D15C', 'D35C', 'D36A', 'C37B', 'C62D', 'A63C', 'A93B']	7	-4.3498697	-5.5641108	-8.106505	-2.5423946
BCCDDDCDCDDDDCDDABCDABCABDBACBDCAACABBCABACBCCABCACBCCCCCBDBADDBBBCBCBCCCACACAACCCBABADBCCAABBBCCBB	['D35C', 'D36A', 'C37B', 'C62D', 'A63D', 'A71C', 'D77C', 'A93B']	8	-4.3508453	-4.9941144	-7.537489	-2.5433745
BCCDDDCDCDDBBCCDABBDABCABDBACBDCAADDCBCABACBCCABCACBCCCCCBDBACABBBCBCBACCACADAACCCBABADBCCAAABBCCBB	['D12B', 'D13B', 'D15C', 'C19B']	4	-4.3509207	-5.2809596	-7.8244047	-2.543445
BCCDDDCDCDDDDCDDABCDABCABDBACBDCAACACBCABACBCCABCACBCCCCCBDBACDBBBCBCBACCACADAACCCBABADBCCAAABBCCBB	['D35C', 'D36A', 'A63D']	3	-4.3513775	-5.6626964	-8.206601	-2.5439048
BCCDDDCDCDDDDCDDABCDABCABDBACBDCAACACBCABACBCCABCACBCCCCCBDBACDBBBCBCBACCACADAACCCBABADBCCAAABBCCBB	['D35C', 'D36A', 'A63D']	3	-4.3513775	-5.6626964	-8.206601	-2.5439048
BCCDDDCDCDDDDDCDABCDABCABDBACBDCAADDABCABACBCCABCACBCCCCCBDBACABBBCBCBACCACADAACCCBABADBCCAAABBCCBB	['C14D', 'D15C', 'C37A']	3	-4.3514385	-6.218212	-8.762177	-2.5439653
BCCDDDCDCDDDBDDDABCDABCABDBACBDCBACBBBCABACBCCABCACBCCCCCBDCACABBBCBCBACCACADAACCABABADBCCAAABBCCBB	['D13B', 'C14D', 'A33B', 'D35C', 'D36B', 'C37B', 'B60C', 'C82A']	8	-4.352643	-5.194292	-7.739461	-2.5451689
BCCDDDCDCDDBDCDDABBDABCABDBACBDCAADDABCABACBCCABCACBCCCCCBDBACCBBBCBCBACCACADAACCCBABADBCCAAABBCCBB	['D12B', 'C19B', 'C37A', 'A63C']	4	-4.3529463	-5.393257	-7.9387283	-2.5454712
BCCDDDCDCDDDDCCCABCCABCABDBACBDCAACAABAACACBCCABCACBCCCCCBDBADDBBBCBCBACCACADAACCCBABADBCCAABBBCCBB	['D15C', 'D16C', 'D20C', 'D35C', 'D36A', 'C37A', 'C39A', 'B41C', 'C62D', 'A63D', 'A93B']	11	-4.643654	-4.354901	-7.191079	-2.5474253
BCCDDDCDCDDCDCDDABDDABCABDBACBDCAADDCBCABACBCCABCACBCCCCCBDBACACDBCBCCACCACACAACCCBABADBCCAABBBCCBB	['D12C', 'C19D', 'B64C', 'B65D', 'B70C', 'D77C', 'A93B']	7	-4.355197	-6.4229364	-8.970661	-2.5477247
BCCDDDCDCDDDDCCDABCDABCABDBACBDCAACDCBCABACBCCABCACBCCCCCBDBADBBDBCBCBACCACADAACCCBABADBCCAAABBCCBB	['D15C', 'D35C', 'C62D', 'A63B', 'B65D']	5	-4.3557434	-5.027684	-7.5759554	-2.5482712
BCCDDDCDCDDDBCDDABCDABCABDBACDDCAADBCBCABACBCCABCACBCCCCDBDBACDCBBCBCBACCADADAACCCBABADBCCAAABBCCBB	['D13B', 'B30D', 'D36B', 'C57D', 'A63D', 'B64C', 'C75D']	7	-4.356987	-5.975157	-8.524672	-2.5495148
BCCDDDCDCDDDDCCDABCDABCABDBACBDCAACDBBCABACBCCABCACBCCCCCBDBACDBDBCBCBACCACADAACCCBABADBCCAAABBCCBB	['D15C', 'D35C', 'C37B', 'A63D', 'B65D']	5	-4.357828	-5.318025	-7.8683777	-2.5503526
BCCDDDCDCDDDDCDDABCDABCABDBACBDCAADDCBCABACBCCABCACBCCCCCBDBACABBBCBDBACCACACAACCCBABADBCCAAABBCCBB	['C69D', 'D77C']	2	-4.3584967	-5.9218793	-8.472906	-2.5510268
BCCDDDCDCDDDDCDDABCDABCABDBACBDCAADDCBCABACBCCABCACBCCCCCBDBACABBBCBDBACCACACAACCCBABADBCCAAABBCCBB	['C69D', 'D77C']	2	-4.3584967	-5.9218793	-8.472906	-2.5510268
BCCDDDCDCDDBDCDDABBDABCABDBACBDCAADDCBCACACBCCABCACBCCCCCBDBACDBBBCBCCACCACADAACCCBABADBCCAAABBCCBB	['D12B', 'C19B', 'B41C', 'A63D', 'B70C']	5	-4.8035517	-4.3588867	-7.3549614	-2.5514097
BCCDDDCDCDDDDCDDBBCDABCABDBACBDCAADDABCACACBCCABCACBCCCCCBDBACDBBBCBCBACCACACAACCCBABADBCCAABBBCCBB	['A17B', 'C37A', 'B41C', 'A63D', 'D77C', 'A93B']	6	-4.359188	-6.0775323	-8.629249	-2.5517163
BCCDDDCDCDDADCDDABCDABCABDBACBDCAADABBCABACBCCABCACBCCCCDBDBACDBBBCBCBACCACADAACCCBABADBCCAABBBCCBB	['D12A', 'D36A', 'C37B', 'C57D', 'A63D', 'A93B']	6	-4.786935	-4.3601613	-7.3396215	-2.5526867
BCCDDDCDCDDBDCDDABCDABCABDBACBDCAADABBCABACBCCABCACBCCCCCBDBACACBBCBCBACCACADAACCCBABADBCCAAABBCCBB	['D12B', 'D36A', 'C37B', 'B64C']	4	-4.3610163	-5.634824	-8.188367	-2.553543
BCCDDDCDCDDDDCDDABCDABCABDBACBDCAACDBBCABACBCCABCACBCCCCCBDCACDBBBCBCBACCACACAACCCBABADBCCAABBBCCBB	['D35C', 'C37B', 'B60C', 'A63D', 'D77C', 'A93B']	6	-4.3611155	-5.1228437	-7.676485	-2.5536413
BCCDDDCDCADDBCDDABCDABCABDBACBDCCACABBCABACBBCABCACBCCCCCBDBADDBBBCBCBCABACADAACCCBABADBCBAABBBCCBB	['D10A', 'D13B', 'A33C', 'D35C', 'D36A', 'C37B', 'C45B', 'C62D', 'A63D', 'A71C', 'C72A', 'C73B', 'C90B', 'A93B']	14	-4.3612905	-5.0626106	-7.6164246	-2.553814
BCCDDDCDCCDDBCDDABCDABCABDBACBDCDADDBBCABACBCDABCACBCCCCCBDBADABBBCBCBACCACADAACCCBABADACCAAABBCCBB	['D10C', 'D13B', 'A33D', 'C37B', 'C46D', 'C62D', 'B88A']	7	-3.564455	-2.5982656	-6.1212263	-2.5567713
BCCDDDCDCDDDDDCDABCDABCABDBACBDCAADDCBCABACBCCABCACBCCCCCBDBACCBDBCBCBACCACADAACCCBABADBCCAAABBCCBB	['C14D', 'D15C', 'A63C', 'B65D']	4	-4.3650236	-5.971676	-8.529225	-2.5575495
BCCDDDCDCDDDDDCDABCDABCABDBACBDCAACDBBCABACBCCABCACBCCCCCBDBACDBBBCBBBADCACADAACCCBABADBCCAAABBCCBB	['C14D', 'D15C', 'D35C', 'C37B', 'A63D', 'C69B', 'C72D']	7	-5.0471115	-4.3652477	-7.604884	-2.5577726
BCCDDDCDCDDBDCDDABCDABCABDBACBDCAACDCBCABACBCCABCACBCCCCCBDCACDBBBCBCBACCACADAACCCBABADBCCAAABBCCBB	['D12B', 'D35C', 'B60C', 'A63D']	4	-4.366352	-4.9380884	-7.4969673	-2.558879
AAADDDCDCDDDDCDDABCDABCABDBACBDCAACDCBCABACBCCABCACBCCCCCBDBACABBBCBCBACCACACAACCCBABADBCCAAABBCCBB	['B1A', 'C2A', 'C3A', 'D35C', 'D77C']	5	-4.3687067	-5.5017295	-8.062961	-2.5612311
BCCDDDCDCDDDBCDCABCDABCABDBACBDCAADDABCABACBCCABCACBCCCCCBDBADCABBCBCBACCACADAACCCBABADBCCAAABBCCBB	['D13B', 'D16C', 'C37A', 'C62D', 'A63C', 'B64A']	6	-4.369569	-5.0719743	-7.6340685	-2.5620942
BCCDDDCDCDDDDCDDABCDABCABDBACBDCAACACBCABACBCCABCACBCCCCCBDBACDBBBCBCBADCACADAACCCBABADBCCAAABBCCBB	['D35C', 'D36A', 'A63D', 'C72D']	4	-4.370041	-5.739943	-8.302512	-2.5625691
BCCDDDCDCDDDDCCDABCDABCABDBACBDCAACDBBCABACBCCABCACBCCCCCBDCACACBBCBCBACCACADAACCCBABADBCCAAABBCCBB	['D15C', 'D35C', 'C37B', 'B60C', 'B64C']	5	-4.3713923	-5.504105	-8.068024	-2.5639186
BCCDDDCDCCDDDCDDABCDABCABDBACBDCAADACBCACACBCCABCACBCCCCCBDCACDBBBBBCBACCACADAACCCBABADBCCAAABBCCBB	['D10C', 'D36A', 'B41C', 'B60C', 'A63D', 'C67B']	6	-4.371928	-4.5396667	-7.1041193	-2.5644526
BCCDDDCDCDDDDCCDABBDABCABDBACBDCAADDABCABACBCCABCACBCCCCCBDBACABBBCBCBACCACADAACCCBABADBCCAAABBCCBB	['D15C', 'C19B', 'C37A']	3	-4.3727646	-5.8989196	-8.464214	-2.5652947
BCCDDDCDCCDDDCDDABCDABCABDBACBDCAACDABCABACBCDABCACBCCCCCBDBADDBBBCBCBCCCACACAACCCBABADDCCAABBBCCBB	['D10C', 'D35C', 'C37A', 'C46D', 'C62D', 'A63D', 'A71C', 'D77C', 'B88D', 'A93B']	10	-2.607329	-4.2375035	-6.803336	-2.5658326
BCCDDDCDCDDDDCDDABCDABCABDBACBDCAADACBCABACBCCABCACBCCCCCBDBACABBBCBCBACCACADAACCCBABADBCCAABBBCCBB	['D36A', 'A93B']	2	-4.3736696	-6.5868545	-9.153052	-2.5661979
BCCDDDCDCDDDDCDDABCDABCABDBACDDCAADDABCABACBCCABCACBCCCCCBDBACCBBBCBCBACCACACAACCCBABADBCCAAABBCCBB	['B30D', 'C37A', 'A63C', 'D77C']	4	-4.3749504	-7.131948	-9.6994295	-2.5674815
BCCDDDCDCDDDDCDDABCDABCABDBACBDCAACACBCABACBCCABCACBCCCCCBDBACDBBBCBCBACCACACAACCCBABADBCCAAABBCCBB	['D35C', 'D36A', 'A63D', 'D77C']	4	-4.376527	-5.57987	-8.148925	-2.5690546
BCCDDDCDCDDDDCDDABCDABCABDBACBDCAADDBBCABACBCCABCACBCCCCCBDBACABBBCBCBACCACADAACCCBABADBCCAAABBCCBB	['C37B']	1	-4.377537	-5.563539	-8.133602	-2.570063
BCCDDDCDCDDDDCDDABCDABCABDBACBDCAADDBBCABACBCCABCACBCCCCCBDBACABBBCBCBACCACADAACCCBABADBCCAAABBCCBB	['C37B']	1	-4.377537	-5.563539	-8.133602	-2.570063
BCCDDDCDCDDDDCDDABCDABCABDBACBDCAADDBBCABACBCCABCACBCCCCCBDBACABBBCBCBACCACADAACCCBABADBCCAAABBCCBB	['C37B']	1	-4.377537	-5.563539	-8.133602	-2.570063
BCCDDDCDCDDDDCDDABCDABCABDBACBDCAACDCBCACACBCCABCACBCCCCCBDCADDBBBCBCBACCACADAACCCBABADBCCAABBBCCBB	['D35C', 'B41C', 'B60C', 'C62D', 'A63D', 'A93B']	6	-4.378027	-4.7255387	-7.296094	-2.5705552
BCCDDDCDCDDBDCDCABBDABCABDBACBDCADDDCBCABACBCCABCACBCCCCCBDBACACBBCBCBACCACACAACCCBABADBCCAAABBCCBB	['D12B', 'D16C', 'C19B', 'A34D', 'B64C', 'D77C']	6	-4.378112	-5.5867352	-8.157375	-2.57064
BCCDDDCDCCDDDCDDABCDABCABDBACBDCAADDCBCABACBCDABCACBCCCCCBDBACDCBBCBCBCCCACACAACCCBABADBCCAABBBCCBB	['D10C', 'C46D', 'A63D', 'B64C', 'A71C', 'D77C', 'A93B']	7	-2.6153188	-3.6100922	-6.183915	-2.573823
BCCDDDCDCDDDDCDDABCDABCABDBACBDCDADDCBCACACBBCABCACBCCCCDBDBACDCBBCBCBACCACADAACCCBABADBCCAABBBCCBB	['A33D', 'B41C', 'C45B', 'C57D', 'A63D', 'B64C', 'A93B']	7	-5.2456894	-4.382078	-7.8202953	-2.574606
BCCDDDCDCDDDDCDDBBCDABCABDBACBDCAADDABCACACBCCABCACBCCCCCBDBADDBBBCBCBACCACACAACCCBABADBCCAABBBCCBB	['A17B', 'C37A', 'B41C', 'C62D', 'A63D', 'D77C', 'A93B']	7	-4.383996	-5.6339946	-8.21052	-2.5765252
BCCDDDCDCDDDDCDDABCDABCABDBACBDCAADDCBCABACBCCABCACBCCCCCBDBACABBBCBCCACCACADAACCCBABADBDCAAABBCCBB	['B70C', 'C89D']	2	-4.384602	-6.146582	-8.723712	-2.5771298
BCCDDDCDCDDBDCDDABCDABCABDBACBDCAACACBCABACBCCABCACBCCCCCBDBACDBBBCBCBACCACADAACCCBABADBCCAAABBCCBB	['D12B', 'D35C', 'D36A', 'A63D']	4	-4.384775	-5.3814845	-7.958787	-2.5773025
BCCDDDCDCDDDDCDDABCAABCABDBACBDCAACACBCABACBCDABCACBCCCCCBDBADDBBBCBCBACAACADAACCCBABADBCBAAABBCCBB	['D20A', 'D35C', 'D36A', 'C46D', 'C62D', 'A63D', 'C73A', 'C90B']	8	-3.079884	-2.619114	-5.657502	-2.5776181
BCCDDDCDCDDDBCDDABCDABCABDBACBDCAADACBCABACBCCABCACBCCCCCBDBADDBBBCBCBABCACADAACCCBABADBCCAAABBCCBB	['D13B', 'D36A', 'C62D', 'A63D', 'C72B']	5	-4.3858843	-4.5652895	-7.1436987	-2.5784092
BCCDDDCDCDDDDCDDABCDABCABDBACBDCAACDBBCABACBCCABCACBCCCCCBDBACCBBBCBCBACCACADAACCCBABADBCCAAABBCCBB	['D35C', 'C37B', 'A63C']	3	-4.3865156	-5.3705554	-7.9495983	-2.579043
BCCDDDCDCDDDDCDDACCDABCABDBACBDCAADACBCABACBCCABCACBCCCCDBDBACDBBBCBCBACCACADAACCCBABADBCCAABBBCCBB	['B18C', 'D36A', 'C57D', 'A63D', 'A93B']	5	-4.4329967	-4.38693	-7.012451	-2.5794544
BCCDDDCDCDDDDCDDABCDABCABDBACBDCAADDBBCABACBCCABCACBCCCCCBDBACDBBBCBBBADCACADAACCCBABADBCCAAABBCCBB	['C37B', 'A63D', 'C69B', 'C72D']	4	-4.6790895	-4.388517	-7.2601357	-2.581046
BCCDDDCDCDDCDDDDABCDABCABDBACBDCAACACBCABACBCCABCACBCCCCCBDBACDBBBCBCBACCACADAACCCBABADBCBAAABBCCBB	['D12C', 'C14D', 'D35C', 'D36A', 'A63D', 'C90B']	6	-4.388573	-5.1909075	-7.772005	-2.5810976
BCCDDDCDCDDDDCDDABCDABCABDBACDDCAADDCBCABACBCCABCACBCCCCCBDCACDBBBCBCBACCACACAACCCBABADBCCAAABBCCBB	['B30D', 'B60C', 'A63D', 'D77C']	4	-4.3886156	-6.2663345	-8.847479	-2.5811443
BCCDDDCDCDDDDCDDABCAABCABDBACBDCAADDCBCABACBCDABCACBCCCCCBDBADDBBBCBCBBCBACACAACCCBABADBCBAABBBCCBB	['D20A', 'C46D', 'C62D', 'A63D', 'A71B', 'C73B', 'D77C', 'C90B', 'A93B']	9	-2.622663	-3.0357065	-5.616872	-2.5811653
BCCDDDCDCDDADDCDABCDABCABDBACDDCAADDCBCABACBCCABCACBCCCCDBDBADDBBBCBCBACCACACAACCCBABADCCCAABBBCCBB	['D12A', 'C14D', 'D15C', 'B30D', 'C57D', 'C62D', 'A63D', 'D77C', 'B88C', 'A93B']	10	-4.389725	-5.7553377	-8.337588	-2.5822506
AAADDDCDCCDDDCDDABCDABCABDBACBDCAACDBBCABACBCDABCACBCCDCDBDBACDCBBCBCBACDACAAAACCCBBBADBCBAAABBCCBB	['B1A', 'C2A', 'C3A', 'D10C', 'D35C', 'C37B', 'C46D', 'C55D', 'C57D', 'A63D', 'B64C', 'C73D', 'D77A', 'A84B', 'C90B']	15	-1.8316545	-0.8168049	-4.4144335	-2.582779
BCCDDDCDCCDDDCDDABCDABCABDBACBDCAADDCBCABACBCCABCACBCCCCCBDBADDBBBCBBBACCADACAACCCBABADBCCAAABBCCBB	['D10C', 'C62D', 'A63D', 'C69B', 'C75D', 'D77C']	6	-4.4743013	-4.391629	-7.058461	-2.5841599
BCCDDDCDCCDDDCDDABCDABCABDBACDDCAADACBCABACBCCABCACBCCCCCBDBACABBBCBCBACCACADAACCCBABADCCCAAABBCCBB	['D10C', 'B30D', 'D36A', 'B88C']	4	-4.391829	-7.88339	-10.467749	-2.5843587
BCCDDDCDCDDBDCCDBBBBABCABDBACBDCAADABBCABACBCCABCACBCCCCCBDBACBBBBCBCBACCACADAACCCBABADBCCAAABBCCBB	['D12B', 'D15C', 'A17B', 'C19B', 'D20B', 'D36A', 'C37B', 'A63B']	8	-4.394705	-4.5611973	-7.148427	-2.5872297
BCCDDDCDCDDDDCDDABCDABCABDBACBDCAADDCBCACACBCCABCACBCCCCCBDBACABBBCBCBACCACADAACCCBABADBCCAAABBCCBB	['B41C']	1	-4.3947916	-5.526947	-8.114265	-2.5873184
BCCDDDCDCDDDDCDDABCDABCABDBACBDCAADDCBCACACBCCABCACBCCCCCBDBACABBBCBCBACCACADAACCCBABADBCCAAABBCCBB	['B41C']	1	-4.3947916	-5.526947	-8.114265	-2.5873184
BCCDDDCDCADDBCCDABCDABCABDBACDDCAADDCBCABACBCDABCACBCCCCCBDBACBBBBCBCBACCACADAACCCBABADCCCAAABBCCBA	['D10A', 'D13B', 'D15C', 'B30D', 'C46D', 'A63B', 'B88C', 'B99A']	8	-2.6306748	-4.953263	-7.542446	-2.5891833
BCCDDDCDCDDBDCDDABBDABCABDBACBDCAADDCBCABACBCDABCACBCCCCDBDBACDBBBCBCBACCACACAACCCBABADDCCAABBBCCBB	['D12B', 'C19B', 'C46D', 'C57D', 'A63D', 'D77C', 'B88D', 'A93B']	8	-3.082891	-2.631956	-5.6733494	-2.5904584
BCCDDDCDCDDDDCDDABCDABCABDBACBDCAADDCBCABACBBCABCACBCCCCCBDBACDDBBCBCBACCACACAACCCBABADBCCAABBBCCBB	['C45B', 'A63D', 'B64D', 'D77C', 'A93B']	5	-4.397935	-6.8161883	-9.406652	-2.590464
BCCDDDCDCDDDDCDDABCDABCABDBACBDCAADDCBCABACBBCABCACBCCCCCBDBACDDBBCBCBACCACACAACCCBABADBCCAABBBCCBB	['C45B', 'A63D', 'B64D', 'D77C', 'A93B']	5	-4.397935	-6.8161883	-9.406652	-2.590464
BCCDDDCDCDDDDCDDABCDABCABDBACBDCAACDBBCABACBCCABCACBCCCCCBDBACCCDBCBCBACCACADAACCCBABADBCCAAABBCCBB	['D35C', 'C37B', 'A63C', 'B64C', 'B65D']	5	-4.4006386	-5.7646003	-8.357766	-2.5931659
BCCDDDCDCDDDDCDDABBAABCABDBACBDCAADACBCABACBCDABCACBCCCCCCDBADCCBBCBCBACCACACAACCCBABADBCBAABBBCCBB	['C19B', 'D20A', 'D36A', 'C46D', 'B58C', 'C62D', 'A63C', 'B64C', 'D77C', 'C90B', 'A93B']	11	-2.6351128	-3.4940195	-6.087638	-2.5936184
BCCDDDCDCDDBDCCDABBDABCABDBACBDCAADACBCACACBCCABCACBCCCCDBDBDCABBBCBCBACCACADAACCCBABADBCCAAABBCCBB	['D12B', 'D15C', 'C19B', 'D36A', 'B41C', 'C57D', 'A61D']	7	-5.502449	-4.401871	-8.096848	-2.5943985
BCCDDDCDCCDDBCDDABCDABCABDBACBDCAADDCBCABACBCDABCACBCCCCCBDBACDBBBCBCBBCBACACAACCCBABADBCBAABBBCCBB	['D10C', 'D13B', 'C46D', 'A63D', 'A71B', 'C73B', 'D77C', 'C90B', 'A93B']	9	-2.6361532	-3.3389482	-5.9336033	-2.594655
BCCDDDCDCDDDDCDDABCDABCABDBACBDCDADDABCABACBCCABCACBCCCCCBDBACACBBCBCBACCACADAACCCBABADBCCAAABBCCBB	['A33D', 'C37A', 'B64C']	3	-4.402526	-5.821192	-8.416246	-2.5950546
BCCDDDCDCDDDDCDDABCDABCABDBACBDCDADDABCABACBCCABCACBCCCCCBDBACACBBCBCBACCACADAACCCBABADBCCAAABBCCBB	['A33D', 'C37A', 'B64C']	3	-4.402526	-5.821192	-8.416246	-2.5950546
BCCDDDCDCDDDDCDDABCDABCABDBACBDCDADDABCABACBCCABCACBCCCCCBDBACACBBCBCBACCACADAACCCBABADBCCAAABBCCBB	['A33D', 'C37A', 'B64C']	3	-4.402526	-5.821192	-8.416246	-2.5950546
BCCDDDCDCDDDDCDDABBDABCABDBACBDCAADACBCABACBCCABCACBCCCCCBDBACDBBBCBABACCACADAACCCBABADBCCAABBBCCBB	['C19B', 'D36A', 'A63D', 'C69A', 'A93B']	5	-4.4034624	-5.566374	-8.162362	-2.5959883
BCCDDDCDCDDDDCDDABCDABCABDBACBDCAADDCBCABACBCDABCACBCCCCCBDBACDCBBCBCBADCACACAACCCBABADBCBAABBBCCBB	['C46D', 'A63D', 'B64C', 'C72D', 'D77C', 'C90B', 'A93B']	7	-2.637762	-3.845149	-6.441416	-2.5962667
BCCDDDCDCDDDDCDDABCDABCABDBACBDCAACDCBCACACBCCABCACBCCCCCBDBACCBBBCBCBACCACADAACCCBABADBCCAAABBCCBB	['D35C', 'B41C', 'A63C']	3	-4.4037704	-5.333963	-7.9302607	-2.5962977
BCCDDDCDCDDDDCDDABCDABCABDBACBDCAACDCBCACACBCCABCACBCCCCCBDBACCBBBCBCBACCACADAACCCBABADBCCAAABBCCBB	['D35C', 'B41C', 'A63C']	3	-4.4037704	-5.333963	-7.9302607	-2.5962977
BCCDDDCDCDDDDCDDABCDABCABDBACBDCAACDCBCACACBCCABCACBCCCCCBDBACCBBBCBCBACCACADAACCCBABADBCCAAABBCCBB	['D35C', 'B41C', 'A63C']	3	-4.4037704	-5.333963	-7.9302607	-2.5962977
BCCDDDCDCDDDDCDDABCDABCABDBACBDCAADDABCACACBCCABCACBCCCCCBDBACDBBBCBCCACCACACAACCCBABADBCCAABBBCCBB	['C37A', 'B41C', 'A63D', 'B70C', 'D77C', 'A93B']	6	-4.4039345	-5.632028	-8.22849	-2.5964618
BCCDDDCDCDDDDCDDABCDABCABDBACBDCAACABBCABACBCCABCACBCCCCCBDBADDBBBCBCBACCACACAACCCBABADBCCAABBBCCBB	['D35C', 'D36A', 'C37B', 'C62D', 'A63D', 'D77C', 'A93B']	7	-4.4043436	-5.1227036	-7.719574	-2.5968704
BCCDDDCDCCDDDCDDABCDABCABDBACBDCAADDCBCABACBCDAACCCBCACCCBDBACDBBBCBDBDCCACACAACCBBABADBCCAABBBCCBB	['D10C', 'C46D', 'B48A', 'A50C', 'C54A', 'A63D', 'C69D', 'A71D', 'D77C', 'C82B', 'A93B']	11	-2.6384535	-3.728922	-6.325877	-2.5969553
BCCDDDCDCCDDBCDDABCDABCABDBACBDCAADDCBCABACBCDABCACBCCCCCBDBACDCBBCBABBCBACACAACCCBABADBCBAAABBCCBB	['D10C', 'D13B', 'C46D', 'A63D', 'B64C', 'C69A', 'A71B', 'C73B', 'D77C', 'C90B']	10	-2.638918	-2.9958768	-5.593301	-2.597424
BCCDDDCDCDDDDCDDABCDABCABDBACBDCAACABBCABACBCCABCACBCCCCCBDCADDBBBCBCBACCACACAACCCBABADBCBAAABBCCBB	['D35C', 'D36A', 'C37B', 'B60C', 'C62D', 'A63D', 'D77C', 'C90B']	8	-4.635546	-4.4051185	-7.2331924	-2.5976462
BCCDDDCDCCDDDCDDABBDABCABDBACBDCAADDCBCACABBCCABCACBCCCCCBDBACCBBBCBCBACCACADAACCCBABADBCCAAABBCCBB	['D10C', 'C19B', 'B41C', 'C43B', 'A63C']	5	-4.405284	-4.8387156	-7.4365253	-2.5978098
BCCDDDCDCDDBDCCDABBDABCABDBACBDCAADDABCABACBCCABCACBCCCCCBDBACABBBCBCBACCACADAACCCBABADBCCAAABBCCBB	['D12B', 'D15C', 'C19B', 'C37A']	4	-4.4061623	-5.6177096	-8.2164	-2.5986905
BCCDDDCDCDDDDCDDABCDABCABDBACBDCAACACBCABACBCCABCACBCCCCDBDBACDBBBCBCBADCACADAACCCBABADBCCAABBBCCBB	['D35C', 'D36A', 'C57D', 'A63D', 'C72D', 'A93B']	6	-4.4069347	-4.744494	-7.343955	-2.599461
BCCDDDCDCDDDDCDDABBDABCABDBACBDCAADACBCABACBCCABCACBCCCCCBDBADCBBBCBCBACCACADAACCCBABADBCCAABBBCCBB	['C19B', 'D36A', 'C62D', 'A63C', 'A93B']	5	-4.4077168	-5.53989	-8.140134	-2.600244
BCCDDDCDCDDDDCCDABCDABCABDBACDDCAAAABBCABACBCCABCACBCCCCCBDBACDBBBCBCBACCADADAACCCBABADCCCAABBBCCBB	['D15C', 'B30D', 'D35A', 'D36A', 'C37B', 'A63D', 'C75D', 'B88C', 'A93B']	9	-4.4087434	-7.9856644	-10.586936	-2.6012716
BCCDDDCDCDDDDCCDABCDABCABDBACBDCAACDCACACACBCCABCACBCCCCCBDBADCBBBCBCBACCACADAACCCBABAABCCAABBBCCBB	['D15C', 'D35C', 'B38A', 'B41C', 'C62D', 'A63C', 'D87A', 'A93B']	8	-4.4111276	-4.770425	-7.3740816	-2.6036568
BCCDDDCDCDDBDCDDABCDABCABDBACBDCAADDCBCABACBCCABCACBCCCCCBDBACDBBBCBBBACCACADAACCCBABADBCCAAABBCCBB	['D12B', 'A63D', 'C69B']	3	-4.4867153	-4.4113355	-7.09058	-2.6038647
BCCDDDCDCDDBDCDDABCDABCABDBACBDCAADDCBCABACBCCABCACBCCCCCBDBACDBBBCBBBACCACADAACCCBABADBCCAAABBCCBB	['D12B', 'A63D', 'C69B']	3	-4.4867153	-4.4113355	-7.09058	-2.6038647
BCCDDDCDCCDDDCDDABCDABCABDBACBDCAADDCBCACACBCDABCACBCCCCCBDBADDBBBCBCBACCACADAACCCBBBADBCBAABBBCCBB	['D10C', 'B41C', 'C46D', 'C62D', 'A63D', 'A84B', 'C90B', 'A93B']	8	-2.6462135	-3.1495733	-5.7542896	-2.6047163
BCCDDDCDCDDDDCDDABCDABCABDBACBDCAACACBCABACBCCABCACBCCCCDBDBACDBBBCBCBACCACACAACCCBABADBCCAABBBCCBB	['D35C', 'D36A', 'C57D', 'A63D', 'D77C', 'A93B']	6	-4.4134226	-4.584421	-7.1903696	-2.6059484
BCCDDDCDCDDDDCDDABCDABCABDBACBDCAACACBCABACBCCABCACBCCCCDBDBACDBBBCBCBACCACACAACCCBABADBCCAABBBCCBB	['D35C', 'D36A', 'C57D', 'A63D', 'D77C', 'A93B']	6	-4.4134226	-4.584421	-7.1903696	-2.6059484
BCCDDDCDCCDDBCDDABCAABCABDBACBDCAABAABCAAACBCDBBCACBBDCCCBDCACDCBBCBCBBCCACACAACCABABADBCBAABBBCCBB	['D10C', 'D13B', 'D20A', 'D35B', 'D36A', 'C37A', 'B41A', 'C46D', 'A47B', 'C53B', 'C54D', 'B60C', 'A63D', 'B64C', 'A71B', 'D77C', 'C82A', 'C90B', 'A93B']	19	-2.647618	-2.8582182	-5.464345	-2.6061268
BCCDDDCDCDDBDDDDABBDABCABDBACBDCAACDCBCABACBCCABCACBCCCCCBDBACCCBBCBCBACCACACAACCCBABADBCCAAABBCCBB	['D12B', 'C14D', 'C19B', 'D35C', 'A63C', 'B64C', 'D77C']	7	-4.4136705	-5.0371284	-7.643324	-2.6061954
BCCDDDCDCDDDDCDDABBDABCABDBACBBCAACDCBCABACBCCABCACBCCCCCBDBACDBBBCBCBCCCACACAACCCBABADBCCAABBBCCBB	['C19B', 'D31B', 'D35C', 'A63D', 'A71C', 'D77C', 'A93B']	7	-4.416773	-5.276013	-7.885313	-2.6093001
BCCDDDCDCCDDDCDDABCDABCABDBACBDCAACDABCABACBCDABCACBCCCCCBDBACDBBBCBCBBCBACADAACCCBBBADBCBAABBBCCBB	['D10C', 'D35C', 'C37A', 'C46D', 'A63D', 'A71B', 'C73B', 'A84B', 'C90B', 'A93B']	10	-2.6510754	-4.243447	-6.8530254	-2.6095786
BCCDDDCDCDDDDCDDABCDABCABDBACBDCAACABBCABACBCCABCACBCCCCCBDBDCCBBBCBCBAACACADAACCCBABADBCBAAABBCCBB	['D35C', 'D36A', 'C37B', 'A61D', 'A63C', 'C72A', 'C90B']	7	-4.417086	-6.0070224	-8.616635	-2.609613
BCCDDDCDCCDDDCDDABCAABCABDBACBDCAAAACBCABACBCDABCACBCCCCCBDBACABBBCBABCCCACCDAACCCBBBADBACAAABBCCBB	['D10C', 'D20A', 'D35A', 'D36A', 'C46D', 'C69A', 'A71C', 'A76C', 'A84B', 'C89A']	10	-2.6516614	-4.233426	-6.8435917	-2.6101656
BCCDDDCDCDDDDCDDABCDABCABDBACBDCAADDCBCACACBCCABCACBCCCCCBDBACABBBCBCBACCACACAACCCBABADBCCAAABBCCBB	['B41C', 'D77C']	2	-4.419941	-5.444121	-8.05659	-2.6124692
BCCDDDCDCDDDDCDDABCDABCABDBACBDCAADDCBCABABBCCABCACBCCCCCBDBACDBDBCBCBADCACADAACCCBABADBCCAAABBCCBB	['C43B', 'A63D', 'B65D', 'C72D']	4	-4.4205427	-5.87043	-8.483501	-2.6130714
AAADDDCDCCDDBCDDABCDABCABDBACBDCCACBBBCABACBCBBBCACBCBDCDBDBADDBBACBCBBCCACADAACCCBBBADBCBAAABBCCBB	['B1A', 'C2A', 'C3A', 'D10C', 'D13B', 'A33C', 'D35C', 'D36B', 'C37B', 'C46B', 'A47B', 'C54B', 'C55D', 'C57D', 'C62D', 'A63D', 'B66A', 'A71B', 'A84B', 'C90B']	20	-0.80625725	-0.8907671	-3.5044909	-2.6137238
BCCDDDCDCADDBCDCABCDABCABDBACDDCAADACBCABACBACABCACBCCCCCBDBADCBBBCBCBACCACADAACCCBABADBCCAAABBCCBB	['D10A', 'D13B', 'D16C', 'B30D', 'D36A', 'C45A', 'C62D', 'A63C']	8	-4.4217987	-5.968552	-8.582876	-2.614324
BCCDDDCDCDDDDCDDABCDABCABDBACBDCDADDABCACACBCCABCACBCCCCCBDBACACBBCBCBACCACADAACCCBABADBCCAABBBCCBB	['A33D', 'C37A', 'B41C', 'B64C', 'A93B']	5	-4.4227886	-5.770971	-8.386288	-2.6153169
BCCDDDCDCDDDDCDDABCDABCABDBACBDCDADDABCACACBCCABCACBCCCCCBDBACACBBCBCBACCACADAACCCBABADBCCAABBBCCBB	['A33D', 'C37A', 'B41C', 'B64C', 'A93B']	5	-4.4227886	-5.770971	-8.386288	-2.6153169
BCCDDDCDCDDDDCDDABCDABCABDBACBDCDADDABCACACBCCABCACBCCCCCBDBACACBBCBCBACCACADAACCCBABADBCCAABBBCCBB	['A33D', 'C37A', 'B41C', 'B64C', 'A93B']	5	-4.4227886	-5.770971	-8.386288	-2.6153169
BCCDDDCDCDDDDCDDABCDABCABDBACBDCAADDCBCABACBCDABCACBCCCCCBDBACACBBCBCBBCCACACAACCCBABADBCBAABBBCCBB	['C46D', 'B64C', 'A71B', 'D77C', 'C90B', 'A93B']	6	-2.6594706	-4.4539227	-7.0718966	-2.6179738
BCCDDDCDCDDDDCDDABCDABCABDBACBDCAADDCBCABACBCDABCACBCCCCCBDBACACBBCBCBBCCACACAACCCBABADBCBAABBBCCBB	['C46D', 'B64C', 'A71B', 'D77C', 'C90B', 'A93B']	6	-2.6594706	-4.4539227	-7.0718966	-2.6179738
BCCDDDCDCDDDDCDDABCDABCABDBACBDCAADDCBCABACBCDABCACBCCCCCBDBACDBBBCBCBACCACADAACCCBABADDCCAAABBCCBB	['C46D', 'A63D', 'B88D']	3	-2.660295	-4.365473	-6.98427	-2.6187973
BCCDDDCDCDDBDCDDABBDABCABDBACBDCAADDCBCACACBCCABCACBCCCCCBDBADABBBCBCBACCACADAACCCBABADBCCAAABBCCBB	['D12B', 'C19B', 'B41C', 'C62D']	4	-4.7801485	-4.428168	-7.4008436	-2.620695
BCCDDDCDCDDDBCDDABCDABCABDBACBDCAADACBCACACBCCABCACBCCCCCBDBACACBBCBCBACCACADAACCCBABADBCCAAABBCCBB	['D13B', 'D36A', 'B41C', 'B64C']	4	-4.429515	-5.8757734	-8.497813	-2.6220398
BCCDDDCDCDDDDCCDABCDABCABDBACDDCAACCBBCABACBCCABCACBCCCCCBDBADDBBBCBCBACCACADAACCCBABADCCCAAABBCCBB	['D15C', 'B30D', 'D35C', 'D36C', 'C37B', 'C62D', 'A63D', 'B88C']	8	-4.430987	-6.6235566	-9.247071	-2.6235147
BCCDDDCDCCDDDCCDABCDABCABDBACBDCAACDBBCABACBCDABCACBCCCCCBDBACDBBBCBCBACCACADAACCCBBBADBCBAABBBCCBB	['D10C', 'D15C', 'D35C', 'C37B', 'C46D', 'A63D', 'A84B', 'C90B', 'A93B']	9	-2.6663465	-3.661172	-6.2860184	-2.6248465
BCCDDDCDCDDDDCDDAABDABCABDBACBDCAADDCBCABACBCCABCACBCCCCCBDCACDBBBCBCBACCACADAACCCBABADBCCAAABBCCBB	['B18A', 'C19B', 'B60C', 'A63D']	4	-4.43375	-5.1097546	-7.7360325	-2.626278
BCCDDDCDCDDDDDCDABCDABCABDBACBDCAADDCBCACACBCCABCACBCCCCCBDBACABBBCBCBACCACADAACCCBABADBCCAAABBCCBB	['C14D', 'D15C', 'B41C']	3	-4.435919	-5.4672647	-8.095708	-2.6284432
BCCDDDCDCDDBDCDDABCDABCABDBACBDCDADDABCABACBCCABCACBCCCCCBDBACACBBCBCBACCACADAACCCBABADBCCAAABBCCBB	['D12B', 'A33D', 'C37A', 'B64C']	4	-4.4359236	-5.53998	-8.168432	-2.6284523
BCCDDDCDCCDDDCCDABCDABCABDBACBDAAACAABCACACBCCABCACBCCCCCBDBACDBBBCBCBBCBACADAACCCBACADBCCAAABBDCBB	['D10C', 'D15C', 'C32A', 'D35C', 'D36A', 'C37A', 'B41C', 'A63D', 'A71B', 'C73B', 'B85C', 'C96D']	12	-4.439272	-4.5008736	-7.1326733	-2.6317997
BCCDDDCDCDDDDCCDABCDABCABDBACBDCAACDBBCABACBCCABCACBCCCCCBDBACABBBCBCBACCACADAACCCBABADBCCAAABBCCBB	['D15C', 'D35C', 'C37B']	3	-4.4397326	-5.595008	-8.227265	-2.6322575
BCCDDDCDCCDBDCDBABCDABCABDBACBDCAACABBCABACBCDABCACBBCCCCBDBACACBBCBABACCACACAACCABABADBCCAAABDCCBB	['D10C', 'D12B', 'D16B', 'D35C', 'D36A', 'C37B', 'C46D', 'C53B', 'B64C', 'C69A', 'D77C', 'C82A', 'B95D']	13	-3.1316824	-2.6745715	-5.764765	-2.6330824
BCCDDDCDCDDDDCDDABCDABCABDBACDDCAACABBCABACBCCABCACBCCCCCBDBACDBBBCBBBBCCACADAACCCBABADCCBAABBBCCBB	['B30D', 'D35C', 'D36A', 'C37B', 'A63D', 'C69B', 'A71B', 'B88C', 'C90B', 'A93B']	10	-4.441989	-6.776224	-9.410739	-2.6345148
BCCDDDCDCDDDDCCDABCDABCABDBACDDCAACACBCABACBCCABCACBCCCCCBDBACDBBBCBCBACCACADAACCCBABADBCCAAABBCCBB	['D15C', 'B30D', 'D35C', 'D36A', 'A63D']	5	-4.4440823	-6.824026	-9.460636	-2.63661
BCCDDDCDCDDDDCCDABCDABCABDBACDDCAACACBCABACBCCABCACBCCCCCBDBACDBBBCBCBACCACADAACCCBABADBCCAAABBCCBB	['D15C', 'B30D', 'D35C', 'D36A', 'A63D']	5	-4.4440823	-6.824026	-9.460636	-2.63661
BCCDDDCDCDDDDCDDABCDABCABDBACBDCAADDBBCABABBCCABCACBCCCCDBDBDCBBDBCBCBACCACADAACCCBABADBCCAAABBCCBB	['C37B', 'C43B', 'C57D', 'A61D', 'A63B', 'B65D']	6	-5.393669	-4.4445496	-8.030747	-2.6370783
BCCDDDCDCDDABCDDABCDABCABDBACBDCAADDCBCACACBCCABCACBCCCCCBDBACDBBBCBCBACCACADAACCCBABADBCCAAABBCCBB	['D12A', 'D13B', 'B41C', 'A63D']	4	-4.4445896	-5.040957	-7.678071	-2.637114
BCCDDDCDCDDABCDDABCDABCABDBACBDCAADDCBCACACBCCABCACBCCCCCBDBACDBBBCBCBACCACADAACCCBABADBCCAAABBCCBB	['D12A', 'D13B', 'B41C', 'A63D']	4	-4.4445896	-5.040957	-7.678071	-2.637114
BCCDDDCDCDDDDCDDABCDABCABDBACBDCAADACBCABACBCCABCACBCCCCCBDBACDBBBCBCCACCACACAACCCBABADBCCAABBBCCBB	['D36A', 'A63D', 'B70C', 'D77C', 'A93B']	5	-4.44703	-5.991209	-8.630765	-2.639556
BCCDDDCDCDDDDCDDABCDABCABDBACBDCAACACBCABACBCCABCACBCCCCCBDBACACBBCBCBACCACADAACCCBABADBCCAAABBCCBB	['D35C', 'D36A', 'B64C']	3	-4.447403	-6.3337245	-8.973655	-2.6399302
BCCDDDCDCDDDBCCDABCDABCABDBACBDCAACACBCABACBCCABCACBCCCCCBDBADBBBBCBCCABCACADAACCCBABADBCCAAABBCCBB	['D13B', 'D15C', 'D35C', 'D36A', 'C62D', 'A63B', 'B70C', 'C72B']	8	-5.2297983	-4.448782	-7.871106	-2.6413078
BCCDDDCDCDDCDDDDABCDABCABDBACBDCAADDABCABACBBCABCACBCCCCCBDBACDBBBCCCBACCACACAACCCBABADBCCAABBBCCBB	['D12C', 'C14D', 'C37A', 'C45B', 'A63D', 'B68C', 'D77C', 'A93B']	8	-4.4492397	-6.5463862	-9.188155	-2.641769
BCCDDDCDCDDDBCDDABCDABCABDBACBDDAADDCBCABACBCDBBCACBCCCCCBDBACDCBBCBCBACCACADAACCCBABADBCCABBBBCCBB	['D13B', 'C32D', 'C46D', 'A47B', 'A63D', 'B64C', 'A92B', 'A93B']	8	-2.683302	-3.9860287	-6.6278343	-2.6418056
BCCDDDCDCDDDBDDBABCDABCABDBACBDCAACDABCABACBCCABCACBCCCCCBDBACDBBBCBCBADCACADAACCCBABADBCCAAABBCCBB	['D13B', 'C14D', 'D16B', 'D35C', 'C37A', 'A63D', 'C72D']	7	-4.4503202	-5.4789543	-8.121804	-2.64285
BCCDDDCDCDDDDCDDABCDABCABDBACBDCAADDBBCABACBCCABCACBCCCCCBDBACDBBBCBCCACCACACAACCCBABADBCCAAABBCCBB	['C37B', 'A63D', 'B70C', 'D77C']	4	-4.450897	-4.967893	-7.6113186	-2.6434255
BCDDDDCDCCDDDCDDABCDABCABDBACDDCAAAACBCACACBCCABCACBCCCCCBDBACDBBBCBCBACCACADAACCCBABADCCCAABBBCCBB	['C3D', 'D10C', 'B30D', 'D35A', 'D36A', 'B41C', 'A63D', 'B88C', 'A93B']	9	-4.453173	-7.500034	-10.14573	-2.6456962
BCCDDDCDCDDDDCDDABCDABCABDBACBDCAADDCBCABACBCCABCACBCCCCCBDBACDBBBCBBBACCACADAACCCBABADBCCAAABBCCBB	['A63D', 'C69B']	2	-4.4533167	-4.6925464	-7.3383923	-2.645846
BCCDDDCDCDDDDCDDABCDABCABDBACBDCAADDCBCABACBCCABCACBCCCCCBDBACDBBBCBBBACCACADAACCCBABADBCCAAABBCCBB	['A63D', 'C69B']	2	-4.4533167	-4.6925464	-7.3383923	-2.645846
BCCDDDCDCDDDDCDDABCDABCABDBACBDCAADDCBCABACBCCABCACBCCCCCBDBACDBBBCBBBACCACADAACCCBABADBCCAAABBCCBB	['A63D', 'C69B']	2	-4.4533167	-4.6925464	-7.3383923	-2.645846
BCCDDDCDCDDDDCDDABCDABCABDBACBDCAADDCBCABACBCCABCACBCCCCCBDBACDBBBCBBBACCACADAACCCBABADBCCAAABBCCBB	['A63D', 'C69B']	2	-4.4533167	-4.6925464	-7.3383923	-2.645846
BCCDDDCDCDDDDCDDABCDABCABDBACBDCAADDCBCABACBCCABCACBCCCCCBDBACDBBBCBBBACCACADAACCCBABADBCCAAABBCCBB	['A63D', 'C69B']	2	-4.4533167	-4.6925464	-7.3383923	-2.645846
BCCDDDCDCDDDDCDDABCDABCABDBACBDCAADDCBCABACBCCABCACBCCCCCBDBACDBBBCBBBACCACADAACCCBABADBCCAAABBCCBB	['A63D', 'C69B']	2	-4.4533167	-4.6925464	-7.3383923	-2.645846
BCCDDDCDCDDDDCDDABCDABCABDBACBDCAADDCBCABACBCCABCACBCCCCCBDBACDBBBCBBBACCACADAACCCBABADBCCAAABBCCBB	['A63D', 'C69B']	2	-4.4533167	-4.6925464	-7.3383923	-2.645846
BCCDDDCDCDDDDCDDABCDABCABDBACBDCAADDCBCABACBCCABCACBCCCCCBDBACDBBBCBBBACCACADAACCCBABADBCCAAABBCCBB	['A63D', 'C69B']	2	-4.4533167	-4.6925464	-7.3383923	-2.645846
AAADDDCDCCDDBCDDABCDABCABDBACDDCAACAABCACACBCCABCACBCCCCCBDBACDBBBBBCBCCCACADAACCCBABADCCCAAABBCCBB	['B1A', 'C2A', 'C3A', 'D10C', 'D13B', 'B30D', 'D35C', 'D36A', 'C37A', 'B41C', 'A63D', 'C67B', 'A71C', 'B88C']	14	-4.4533267	-6.423569	-9.069422	-2.6458526
BCCDDDCDCCDDBCDDABCDABCABDBACDDCAACDDBCACACBCDABCACBCCCCCBDBACACBBCBCBADCACACAACCCBACADDCCAAABBCCBB	['D10C', 'D13B', 'B30D', 'D35C', 'C37D', 'B41C', 'C46D', 'B64C', 'C72D', 'D77C', 'B85C', 'B88D']	12	-2.6904907	-5.703655	-8.35265	-2.648995
BCCDDDCDCDDBDCDDABBDABCABDBACBDCAADDABCACACBCCABCACBCCCCCBDBACACBBCBCBADCACADAACCCBABADBCCAAABBCCBB	['D12B', 'C19B', 'C37A', 'B41C', 'B64C', 'C72D']	6	-4.456627	-5.360136	-8.009289	-2.6491528
BCCDDDCDCDDDDCDDABCDABCABDBACBDCAADDABCABADBCCABCCCBCCCCCBDBACDBBBCBBBACCACADAACCCBABADBCCAAABBCCBB	['C37A', 'C43D', 'A50C', 'A63D', 'C69B']	5	-5.179043	-4.4566526	-7.828224	-2.6491814
BCCDDDCDCDDDDCDDABCDABCABDBACBDCDADDABCABACBCCABCACBCCCCDBDBACACBBCBCBACCACADAACCCBABADBCCAAABBCCBB	['A33D', 'C37A', 'C57D', 'B64C']	4	-4.6435204	-4.4580956	-7.2941427	-2.6506224
BCCDDDCDCDDDBCDDABBDABCABDBACBDCAACDBBCABACBCCABCACBCCCCCBDCACDBBBCBCBACCACADAACCCBABADBCCAAABBCCBB	['D13B', 'C19B', 'D35C', 'C37B', 'B60C', 'A63D']	6	-4.9518614	-4.4603224	-7.6047115	-2.6528502
BCCDDDCDCBDDDCDDABCDABCABDBACBDCAADDCBCABACBCDABCACBCCCCDBDBACACBBCBCBACCACADAACCCBABADBCCAAABBCCBB	['D10B', 'C46D', 'C57D', 'B64C']	4	-3.0841508	-2.6963081	-5.738963	-2.6548123
BCCDDDCDCDDADCDDABBDABCABDBACBDCAADDCBCABACBCCABCACBCCCCCBDBACDBBBCBCBACCACADAACCCBABADBCCAAABBCCBB	['D12A', 'C19B', 'A63D']	3	-4.462736	-5.088463	-7.7437267	-2.655264
BCCDDDCDCCDDDCCDABCDABCABDBACBDCAACDCBCABACBCCABCACBCCDCDBDBACDBBBCBBBADCACADAACCCBABADBCCAAABBCCBB	['D10C', 'D15C', 'D35C', 'C55D', 'C57D', 'A63D', 'C69B', 'C72D']	8	-2.6555982	-3.2280107	-5.883602	-2.6555915
AAADDDCDCCDDBCDDABCAABCABDBACBDCAADACBCABACBCDABCACBCCCCCBDBDCBDBBCBCBACCACADAACCCBBBADBCBAABBBCCBB	['B1A', 'C2A', 'C3A', 'D10C', 'D13B', 'D20A', 'D36A', 'C46D', 'A61D', 'A63B', 'B64D', 'A84B', 'C90B', 'A93B']	14	-2.6978607	-4.486506	-7.142868	-2.656362
BCCDDDCDCDDDDCDDABCDABCABDBACBDCAACDBBCABABBCCABCACBCCCCCBDBACDBBBCBCBACCACADAACCCBABADBCCAAABBCCBB	['D35C', 'C37B', 'C43B', 'A63D']	4	-4.4644995	-5.132379	-7.789407	-2.6570277
BCCDDDCDCADDDCDDABCDABCABDBACBDCAACDBBCABACBCDABCACBCCDCDBDBACDBBBCBCBCCBACADAACCCBABADBCBAAABBCCBB	['D10A', 'D35C', 'C37B', 'C46D', 'C55D', 'C57D', 'A63D', 'A71C', 'C73B', 'C90B']	10	-1.8983335	-0.89260006	-4.5569057	-2.6585722
BCCDDDCDCDDDDCDDABCDABCABDBACDDCAACCBBCABACBCCABCACBCCCCCBDBACDBBBCBCBACCACADAACCCBABADCCCAABBBCCBB	['B30D', 'D35C', 'D36C', 'C37B', 'A63D', 'B88C', 'A93B']	7	-4.4667773	-7.4396863	-10.098992	-2.659306
BCCDDDCDCDDDDCDDABCDABCABDBACDDCAACABBCABACBCCABCACBCCCCDBDBACDCBBCBCBACCACADAACCCBABADCCCAAABBCCBB	['B30D', 'D35C', 'D36A', 'C37B', 'C57D', 'A63D', 'B64C', 'B88C']	8	-4.4683814	-5.8707666	-8.531675	-2.6609087
BCCDDDCDCDDDDCCDABCDABCABDBACBDCAACACBCACACBCCABCACBCCCCDBDBACABBBCBCBACCACADAACCCBABADBCCAAABBCCBB	['D15C', 'D35C', 'D36A', 'B41C', 'C57D']	5	-5.1053286	-4.46971	-7.767564	-2.6622353
BCCDDDCDCBDDDCDDABCDABCABDBACDDCAACABBCABACBBCABCACBCBCCCBDBACDBBBCBBBBCCACADAACCCBABADCCBAABBBCCBB	['D10B', 'B30D', 'D35C', 'D36A', 'C37B', 'C45B', 'C54B', 'A63D', 'C69B', 'A71B', 'B88C', 'C90B', 'A93B']	13	-4.470023	-7.207624	-9.870172	-2.6625476
BCCDDDCDCDDDDCDDABCDABCABDBACDDCAACACBCABACBCCABCACBCCCCDBDBACDBBBCBCBACCACADAACCCBABADBBCAABBBCCBB	['B30D', 'D35C', 'D36A', 'C57D', 'A63D', 'C89B', 'A93B']	7	-4.470089	-6.5323143	-9.194928	-2.6626139
BCCDDDCDCDDDDDCDABCDABCABDBACBDCAACDABCACACBCCABCACBCCCCCBDBADACBBCBCBACCACADAACCCBABADBCCAAABBCCBB	['C14D', 'D15C', 'D35C', 'C37A', 'B41C', 'C62D', 'B64C']	7	-4.4702425	-5.471321	-8.134091	-2.6627703
BCCDDDCDCCDDDCDDABCDABCABDBACBDCAACABBCACACBCCABCACBCCCCCBDBACDBBBCBCBACCACADAACCCBABADBCCAAABBCCBB	['D10C', 'D35C', 'D36A', 'C37B', 'B41C', 'A63D']	6	-4.470748	-4.6533957	-7.3166666	-2.663271
BCCDDDCDCDDADCDDABCDABCABDBACDDCAADDCBCABACBCCABCACBCCCCCBDCACDBBBCBCBACCACACAACCCBABADCCCAABBBCCBB	['D12A', 'B30D', 'B60C', 'A63D', 'D77C', 'B88C', 'A93B']	7	-4.4717183	-7.4526486	-10.116895	-2.664246
BCCDDDCDCDDDDCDDABCDABCABDBACBDCAACDBBCABACBCCABCACBCCCCCBDBACABBBCBCBCCCACACAACCCBABADBCCAABBBCCBB	['D35C', 'C37B', 'A71C', 'D77C', 'A93B']	5	-4.471983	-5.7561846	-8.420695	-2.6645107
BCCDDDCDCCDBDCDCABBDABCABDBACBDCAADDCBAABACBCDABCACBCCDCCBDCACACBBCBCBBCCACCCAACCCBABADBCCAAABBCCBB	['D10C', 'D12B', 'D16C', 'C19B', 'C39A', 'C46D', 'C55D', 'B60C', 'B64C', 'A71B', 'A76C', 'D77C']	12	-0.8996086	-1.9558725	-4.6214523	-2.6655798
BCCDDDCDCDDBDCCDABCDABCABDBACBDCAACDBBCABACBCCABCACBCCCCCBDBACABBBCBCBACCACADAACCCBABADBCCAAABBCCBB	['D12B', 'D15C', 'D35C', 'C37B']	4	-4.47313	-5.3137965	-7.979451	-2.6656547
BCCDDDCDCDDDDCDDABBDABCABDBACBDCAACACBCABACBCCABCACBCCCCCBDBACDBBBCBCBACCACADAACCCBABADBCCAABBBCCBB	['C19B', 'D35C', 'D36A', 'A63D', 'A93B']	5	-4.47443	-5.6563134	-8.323269	-2.6669555
BCCDDDCDCCDADDDDABCDABCABDBACBDCAADDCBCABACBCCABCACBCCCCCBDBADABBBCBCBCCCACACAACCCBABADBCCAABBBCCBB	['D10C', 'D12A', 'C14D', 'C62D', 'A71C', 'D77C', 'A93B']	7	-4.4749537	-5.5032187	-8.170699	-2.6674805
BCCDDDCDCDDDDCDDABCDABCABDBACBDCAACDBBCABACBCCABCACBCCCCDBDBACABBBCBCBCCCACADAACCCBABADBCCAABBBCCBB	['D35C', 'C37B', 'C57D', 'A71C', 'A93B']	5	-4.687828	-4.4759145	-7.35627	-2.6684418
BCCDDDCDCCDDDCDDABCDABCABDBACBDCAADDCBCABACBCDABCACBCCCCCBDBADDBBBCBCBAABACACAACCCBABADBCBAABBBCCBB	['D10C', 'C46D', 'C62D', 'A63D', 'C72A', 'C73B', 'D77C', 'C90B', 'A93B']	9	-2.7108183	-2.7251759	-5.394494	-2.6693182
BCCDDDCDCDDDDCCDABADABCABDBACDDCAACDBBCABADBCCABCACBCCCCCBDBACDBBBCBCBACCACADAACCCBABADBCCAAABBCCBB	['D15C', 'C19A', 'B30D', 'D35C', 'C37B', 'C43D', 'A63D']	7	-4.477084	-5.121865	-7.7914753	-2.6696105
BCCDDDCDCDDDDCDDABCDABCABDBACDDCAACACBCABACBCCABCACBCCCCCBDBACDBBBCBCBACCACADAACCCBABADCCCAAABBCCBB	['B30D', 'D35C', 'D36A', 'A63D', 'B88C']	5	-4.4775395	-7.537035	-10.207102	-2.6700668
BCCDDDCDCDDDDCDDADCDABCABDBACBDCAADDCBCABACBCBABCACBCCCCCBDBACDBBBCBCBACBACACAACCCBABADBCBAABBBCCBB	['B18D', 'C46B', 'A63D', 'C73B', 'D77C', 'C90B', 'A93B']	7	-2.6704187	-2.9055023	-5.5759106	-2.6704082
BCCDDDCDCDDDDCDDABCDABCABDBACBDCAADDCBCABACBCCABCACBCCCCCBDBACDBBBCBBBACCACACAACCCBABADBCCAAABBCCBB	['A63D', 'C69B', 'D77C']	3	-4.478467	-4.60972	-7.280718	-2.6709976
BCCDDDCDCDDDDCDDABCDABCABDBACBDCAADDCBCABACBCCABCACBCCCCCBDBACDBBBCBBBACCACACAACCCBABADBCCAAABBCCBB	['A63D', 'C69B', 'D77C']	3	-4.478467	-4.60972	-7.280718	-2.6709976
BCCDDDCDCDDADCDDABCDABCABDBACDDCAADDABCABACBCCABCACBCCCCCBDBADDBBBCBCBACCACACAACCCBABADBCCAABBBCCBB	['D12A', 'B30D', 'C37A', 'C62D', 'A63D', 'D77C', 'A93B']	7	-4.4787292	-6.803132	-9.47439	-2.671258
BCCDDDCDCDDADCDDABCCABCABDBACDDCAACACBCABACBCCABCACBCCCCDCDBADCCBBCBCBACCACADAACCCBABADBCCAAABBCCBB	['D12A', 'D20C', 'B30D', 'D35C', 'D36A', 'C57D', 'B58C', 'C62D', 'A63C', 'B64C']	10	-4.479827	-5.28843	-7.960785	-2.6723547
BCCDDDCDCCDDDCDDABCDABCABDBACBDCAADDCBCABACBCDABCACBCCCCCBDBACDCBBCBCCACDACACAACCCBABADBCBAAABBCCBB	['D10C', 'C46D', 'A63D', 'B64C', 'B70C', 'C73D', 'D77C', 'C90B']	8	-3.5156224	-2.7147217	-6.1888485	-2.673226
BCCDDDCDCCDDDCDDABCDABCABDBACBDCAADDCBCACACBCBABCACBCCCCCBDBACDDBBCBCBACCACACAACCCBABADBCBAABBBCCBB	['D10C', 'B41C', 'C46B', 'A63D', 'B64D', 'D77C', 'C90B', 'A93B']	8	-2.673294	-3.2995524	-5.9728384	-2.673286
BCCDDDCDCDDBDCDDABBDABCABDBACBDCAADACBCABACBCCABCACBCCCCCBDBACACBBCBCBACCACADAACCCBABADBCCAAABBCCBB	['D12B', 'C19B', 'D36A', 'B64C']	4	-4.481059	-5.6420693	-8.315656	-2.6735864
BCCDDDCDCDDDBCDDABCDABCABDBACDDCAACDABCABACBCCABCACBCCCCDBDBACDBBBCBCBCCCACADAACCCBABADCCCAAABBCCBB	['D13B', 'B30D', 'D35C', 'C37A', 'C57D', 'A63D', 'A71C', 'B88C']	8	-4.482219	-6.100369	-8.775115	-2.674746
BCCDDDCDCDDADCDDABCDABCABDBACBDCAADDCBCACACBCCABCACBCCCCCBDBADDBBBCBCBABCADADAACCCBABADBCAAAABBCCBB	['D12A', 'B41C', 'C62D', 'A63D', 'C72B', 'C75D', 'C90A']	7	-5.1848726	-4.48336	-7.8607635	-2.675891
BCCDDDCDCCDDDDDDABCCABCABDBACBDDAACDBBCABACBCDABCACBCCCCCBDBACDBBBCBCBADCACACAACCCBABADBCCAAABBCCBB	['D10C', 'C14D', 'D20C', 'C32D', 'D35C', 'C37B', 'C46D', 'A63D', 'C72D', 'D77C']	10	-2.9391084	-2.7193818	-5.616994	-2.6778855
BCCDDDCDCDDDBCDDABCDABCABDBACBDCAADACBCABACBCCABCACBCCCCCBDBADACBBCBABACCACADAACCCBABADBCCAAABBCCBB	['D13B', 'D36A', 'C62D', 'B64C', 'C69A']	5	-4.4858847	-5.796578	-8.474991	-2.678413
BCCDDDCDCDDDBCDDABCDABCABDBACBDCAADACBCABACBCCABCACBCCCCCBDBADACBBCBABACCACADAACCCBABADBCCAAABBCCBB	['D13B', 'D36A', 'C62D', 'B64C', 'C69A']	5	-4.4858847	-5.796578	-8.474991	-2.678413
BCCDDDCDCDDDDCDDABCAABCABDBACBDCAADACBCABACBCDABCACBCDCCCBDBACDBBBCBCBBCBACADAACCCBABADBCBAAABBCCBB	['D20A', 'D36A', 'C46D', 'C54D', 'A63D', 'A71B', 'C73B', 'C90B']	8	-2.7203383	-3.3367548	-6.0155973	-2.6788425
BCCDDDCDCDDDDCDDABCDABCABDBACDDCAACACBCABACBCCABCACBCCCCCBDBACCCBBCBCBACCACADAACCCBABADBCCAAABBCCBB	['B30D', 'D35C', 'D36A', 'A63C', 'B64C']	5	-4.4868927	-7.270602	-9.950024	-2.6794214
BCCDDDCDCDDDDCDDABCDABCABDBACBDCDADDCBCACACBCCABCACBCCCCCBDBACACBBCBCBACCACADAACCCBABADBCCAAABBCCBB	['A33D', 'B41C', 'B64C']	3	-4.487006	-5.070243	-7.749775	-2.679532
BCCDDDCDCDDDDCDDABCDABCABDBACBDCDADDCBCACACBCCABCACBCCCCCBDBACACBBCBCBACCACADAACCCBABADBCCAAABBCCBB	['A33D', 'B41C', 'B64C']	3	-4.487006	-5.070243	-7.749775	-2.679532
BCCDDDCDCDDADDDDABCDABCABDBACBDCAADDBBCABACBCCABCACBCCCCCBDBACDBBBCBCBADCACACAACCCBABADBCCAABBBCCBB	['D12A', 'C14D', 'C37B', 'A63D', 'C72D', 'D77C', 'A93B']	7	-4.4882317	-5.3885455	-8.069304	-2.680759
BCCDDDCDCDDDDCDDABCDABCABDBACBDCAADDCBCABACBCCABCACBCCCCCBDCCCABBBCBCBACCACADAACCCBABADBCCAAABBCCBB	['B60C', 'A61C']	2	-4.488508	-5.2554593	-7.9364967	-2.6810374
BCCDDDCDCDDDBCDDABCAABCABDBACBDCAADACBCACACBCCABCACBCCCCCBDBACABBBCBABACCACADAACCCBABADBDCAAABBCCBB	['D13B', 'D20A', 'D36A', 'B41C', 'C69A', 'C89D']	6	-4.4896226	-5.7922764	-8.474424	-2.682148
BCCDDDCDCDDDBDCDABCAABCABDBACBDCAADDABCACACBCDABCACBCCCCCCDBACABBBCBCBACCACADAACCCBABADDCCAAABBCCBB	['D13B', 'C14D', 'D15C', 'D20A', 'C37A', 'B41C', 'C46D', 'B58C', 'B88D']	9	-2.724935	-4.716023	-7.399459	-2.683436
BCCDDDCDCDDDDCDCABCCABCABDBACBDCAADACBAABACBCCABCACBCCCCCBDBACACBBCBCBACCACADAACCCBABADBCCAAABBCCBB	['D16C', 'D20C', 'D36A', 'C39A', 'B64C']	5	-4.492526	-5.1551414	-7.840193	-2.6850514
AAADDDCDCDDDDCCDABCDABCABDBACBDCAACACBCACACBCCABCACBCCCCDBDBDCCBDBCBCBAACCCADAACCCBABADBCCAAABBCCBB	['B1A', 'C2A', 'C3A', 'D15C', 'D35C', 'D36A', 'B41C', 'C57D', 'A61D', 'A63C', 'B65D', 'C72A', 'A74C']	13	-4.4929876	-4.534258	-7.2197742	-2.6855164
BCCDDDCDCCDDDDDDABCDABCABDBACBDCAADDCBCACACBCAABCACBCACCCBDBACACBBCBCBACCACADAACCBBABADBCCAAABBCCBB	['D10C', 'C14D', 'B41C', 'C46A', 'C54A', 'B64C', 'C82B']	7	-2.437873	-2.5470972	-5.232847	-2.68575
AAADDDCDCDDDDBDDABCDABCABDBACBDCAADDCBCABACBCCABCACBCCCCCBDBACCBBBBBABACCACACAACCCBABADBCCAABBBCCBB	['B1A', 'C2A', 'C3A', 'C14B', 'A63C', 'C67B', 'C69A', 'D77C', 'A93B']	9	-4.4935875	-5.0299344	-7.7160454	-2.686111
BCCDDDCDCCDDDCDDABCDABCABDBACBDCAACDCBCABACBCDABCACBCCDCDBDBACDCBCCBCBACDACADAACCCBBCADBCBAAABBCCBB	['D10C', 'D35C', 'C46D', 'C55D', 'C57D', 'A63D', 'B64C', 'B66C', 'C73D', 'A84B', 'B85C', 'C90B']	12	-0.9205575	-0.9963999	-3.6829357	-2.6865358
BCCDDDCDCDDDDCDDABCDABCABDBACBDCAACABBCABACBCBABCACBCCCCCBDBADDBBBCBABACCACCDAACCCBABADBCCAABBBCCBA	['D35C', 'D36A', 'C37B', 'C46B', 'C62D', 'A63D', 'C69A', 'A76C', 'A93B', 'B99A']	10	-2.6874056	-3.119749	-5.807149	-2.6873999
BCCDDDCDCDDDDCDDABCDABCABDBACBDCAACBCBCACACBCCABCACBCCCCCBDBACACBBCBCBACCACADAACCCBABADBCCAAABBCCBB	['D35C', 'D36B', 'B41C', 'B64C']	4	-4.4953613	-5.951514	-8.639403	-2.6878896
BCCDDDCDCDDDDCDDABCDABCABDBACBDCAACDCBCABACBCCABCACBCCCCCBDBACABBBCBCBACCACADAACCCBABADBCCAAABBCCBB	['D35C']	1	-4.49732	-5.981229	-8.671077	-2.689848
BCCDDDCDCADDBCDDCBCCABCABDBACBDCAACACBCABACBCAABCACBBCCCCCDBADDBBBCBCBCCCDCADAACCCBABADBCBAAABBCCBB	['D10A', 'D13B', 'A17C', 'D20C', 'D35C', 'D36A', 'C46A', 'C53B', 'B58C', 'C62D', 'A63D', 'A71C', 'A74D', 'C90B']	14	-3.0505915	-2.443604	-5.742076	-2.6914845
BCCDDDCDCCDDDCDDABCDABCABDBACBDCAADDCBCACACBBDABCACBCCCCCBDBACDBBBCBCBBCBACACAACCABACADBCBAABBBCCBB	['D10C', 'B41C', 'C45B', 'C46D', 'A63D', 'A71B', 'C73B', 'D77C', 'C82A', 'B85C', 'C90B', 'A93B']	12	-2.7334752	-3.049571	-5.7415504	-2.6919794
BCCDDDCDCBDDDCDDABCDABCABDBACBDCAACDBBCABACBCDABCACBCCCCCBDBACDBBBCBCBCCCACADAACCCBABADBCBAAABBCCBB	['D10B', 'D35C', 'C37B', 'C46D', 'A63D', 'A71C', 'C90B']	7	-2.8658142	-2.7339916	-5.5583105	-2.6924963
BCCDDDCDCDDDDCDDABCDABCABDBACBDCAADDCBCABACBBCABCACBCCCCCBDBACDBBBCBCBBCBACACAACCCBABADBCCAABBBCCBB	['C45B', 'A63D', 'A71B', 'C73B', 'D77C', 'A93B']	6	-4.500517	-6.399893	-9.092942	-2.6930494
BCCDDDCDCDDDDCDDBBCDABCABDBACBDCAACDCBCABACBCCABCACBCCCCCBDBACDBBBCBCBACCACADAACCCBABADBCCAAABBCCBB	['A17B', 'D35C', 'A63D']	3	-4.500784	-5.913913	-8.607224	-2.6933117
BCCDDDCDCCDDDDDDABCDABCABDBACBDCAACDBBCABACBCDABCACBCCCCCBDCADDBBBCBCBDCCCCACAACCCBBBADBCBAABBBCCBB	['D10C', 'C14D', 'D35C', 'C37B', 'C46D', 'B60C', 'C62D', 'A63D', 'A71D', 'A74C', 'D77C', 'A84B', 'C90B', 'A93B']	14	-3.2000942	-2.7349072	-5.893509	-2.6934147
BCCDDDCDCCDDDCDDABCDABCABDBACBDCAACDBBCABACBBCABCACBCCCCCBDBACDBBBCBCBADDACACAACCDBABADBCCAABBBCCBB	['D10C', 'D35C', 'C37B', 'C45B', 'A63D', 'C72D', 'C73D', 'D77C', 'C82D', 'A93B']	10	-4.5035076	-6.1989427	-8.894975	-2.696032
BCCDDDCDCDDBDCDDABCDABCABDBACBDCAADDCBCACACBCCABCACBCCCCCBDBADABBBCBABACCACADAACCCBABADBCCAABBBCCBB	['D12B', 'B41C', 'C62D', 'C69A', 'A93B']	5	-4.504822	-5.1163197	-7.8136683	-2.6973486
BCCDDDCDCCDDDCDDABCDABCABDBACBDCAADDCBCABACBCDABCACBCCCCCBDBADDBBBCBDBBCBACACAACCCBABADBCBAABBBCCBB	['D10C', 'C46D', 'C62D', 'A63D', 'C69D', 'A71B', 'C73B', 'D77C', 'C90B', 'A93B']	10	-2.7392392	-2.958969	-5.6567116	-2.6977425
BCCDDDCDCDDDDCDDABBDABCABDBACBDCAACDCBCABACBCCABCACBCCCCCBDBACCBBBCBCBACCACADAACCCBABADBCCAAABBCCBB	['C19B', 'D35C', 'A63C']	3	-4.5065603	-5.377801	-8.076888	-2.6990871
AAADDDCDCDDDDCDDABBDABCABDBACBDCAADDABCABACBCCABCACBCCCCCBDBACABBBCBCBACCACACAACCCBABADBCCAAABBCCBB	['B1A', 'C2A', 'C3A', 'C19B', 'C37A', 'D77C']	6	-4.50885	-5.4243655	-8.125744	-2.7013783
BCCDDDCDCDDDBCDCABCDABCABDBACBDCAADDABAABACBCCABCACBCCCCCBDCADCCBBCBCBACCACACAACCCBABADBCCAAABBCCBB	['D13B', 'D16C', 'C37A', 'C39A', 'B60C', 'C62D', 'A63C', 'B64C', 'D77C']	9	-4.5090837	-4.550828	-7.2524385	-2.7016106
BCCDDDCDCDDBBDDDABCAABCABDBACBDCDACAABCACACBCCABCACBCCCCCBDCADACBBCBCBACCACADAACCDBABADBCBAABBBCCBB	['D12B', 'D13B', 'C14D', 'D20A', 'A33D', 'D35C', 'D36A', 'C37A', 'B41C', 'B60C', 'C62D', 'B64C', 'C82D', 'C90B', 'A93B']	15	-4.5136967	-5.5704284	-8.2766485	-2.7062201
BCCDDDCDCADDDCDDABCDABCABDBACBDCAACDCBCABACBCDABCACBCCCCCBDBACCCBBCBABBDDACADAACCCBABADBCBAABBBCCBB	['D10A', 'D35C', 'C46D', 'A63C', 'B64C', 'C69A', 'A71B', 'C72D', 'C73D', 'C90B', 'A93B']	11	-2.749734	-3.3662906	-6.0745296	-2.708239
BCCDDDCDCDDDDCDDABCDABCABDBACBDCAADACBCABACBCCABCACBCCCCCBDBACCBBBCBABACCACADAACCCBABADBCCAAABBCCBB	['D36A', 'A63C', 'C69A']	3	-4.5157833	-5.9362836	-8.644594	-2.7083106
AAADDDCDCADDDDDDABCDABCABDBACBDCAADDCBCACACBCAAACACBCCCCCBDCACDBBBCBCBACCACADAACCCBABADBCBAAABBCCBB	['B1A', 'C2A', 'C3A', 'D10A', 'C14D', 'B41C', 'C46A', 'B48A', 'B60C', 'A63D', 'C90B']	11	-3.8091874	-2.4626513	-6.5197153	-2.710528
BCCDDDCDCDDDDCDDABBDABCABDBACBDCAACACBCABACBCCABCACBCCCCDBDBACABBBCBCBACCACADAACCCBABADBCCAAABBCCBB	['C19B', 'D35C', 'D36A', 'C57D']	4	-5.4728165	-4.518495	-8.183837	-2.7110205
BCCDDDCDCCDDDCDDABCDABCABDBACBDCAACDCBCABACBCDABCACBCCCCCBDBACCCBBCBCBBDDACADAACCCBABADBCBAABBBCCBB	['D10C', 'D35C', 'C46D', 'A63C', 'B64C', 'A71B', 'C72D', 'C73D', 'C90B', 'A93B']	10	-2.7528877	-3.6553707	-6.366762	-2.7113914
BCCDDDCDCDDDBCDDBBCDABCABDBACBDCAADDABCABACBCCABCACBCCCCCBDBACACBBCBCBACCACACAACCCBABADBCCAAABBCCBB	['D13B', 'A17B', 'C37A', 'B64C', 'D77C']	5	-4.5195913	-6.7951117	-9.507235	-2.712123
BCCDDDCDCCDDDCCDABCDABCABDBACBDCAACDBBCABACBCBABCACBCBCCCBDBACDBBBCBCBACCACADAACCCBABADBCCAAABBCCBB	['D10C', 'D15C', 'D35C', 'C37B', 'C46B', 'C54B', 'A63D']	7	-3.1973019	-2.7131824	-5.9104786	-2.7131767
BCCDDDCDCDDDDCDDABCDABCABDBACBDCAACDBBCABACBCCABCACBCCCCDBDBACABBBCBCBACCACACAACCCBABADBCCAABBBCCBB	['D35C', 'C37B', 'C57D', 'D77C', 'A93B']	5	-4.7664766	-4.5216775	-7.4806795	-2.714203
BCCDDDCDCCDDBDCDABCDABCABDBACDDCAADDBBCABACBBCABCACBCCCCCBDBADDBBBCBCBACCACACAACCCBABADCCBAABBBCCBB	['D10C', 'D13B', 'C14D', 'D15C', 'B30D', 'C37B', 'C45B', 'C62D', 'A63D', 'D77C', 'B88C', 'C90B', 'A93B']	13	-4.523186	-7.132003	-9.847715	-2.7157125
BCCDDDCDCDDDBCCDABCDABCABDBACBDCAACDBBCABACBCCABCACBCCCCCBDBACABBBCBCBACCACADAACCCBABADBCCAAABBCCBB	['D13B', 'D15C', 'D35C', 'C37B']	4	-4.524376	-5.591338	-8.308239	-2.7169008
AAADDDCDCDDDBDDDABCAABCABDBACBDCAADACBCACACBCCABCACBCCCCCBDCADACBBCBCBACCACADAACCCBABADBCCAABBBCCBB	['B1A', 'C2A', 'C3A', 'D13B', 'C14D', 'D20A', 'D36A', 'B41C', 'B60C', 'C62D', 'B64C', 'A93B']	12	-4.525447	-5.1059365	-7.8239098	-2.7179732
BCCDDDCDCDDDBCDDABCDABCABDBACBDCAACDBBCABACBCDABCACBCCCCCBDBDCDCBBCBCBACCACCCAACCCBABADBCCAAABBCCBB	['D13B', 'D35C', 'C37B', 'C46D', 'A61D', 'A63D', 'B64C', 'A76C', 'D77C']	9	-2.7610211	-3.4562716	-6.1757965	-2.7195249
BCCDDDCDCDDDBCDDABCDABCABDBACBDCAADDCBCACACBCCABCACBCCCCCBDBACDBBBCBCCACCACADAACCCBABADBCCAAABBCCBB	['D13B', 'B41C', 'A63D', 'B70C']	4	-4.527643	-5.0104585	-7.730625	-2.7201667
BCCDDDCDCDDDDCDDABCDABCABDBACDDCAACACBCABACBCCABCACBCCCCCBDBADDBBBCBCBACCACADAACCCBABADBCCAABBBCCBB	['B30D', 'D35C', 'D36A', 'C62D', 'A63D', 'A93B']	6	-4.5294876	-6.7530813	-9.475095	-2.7220135
BCCDDDCDCDDBDCDDABBDABCABDBACBDCAADDCBCABACBCCABCACBCCCCCBDBACABBBCBCBACCACADAACCCBABADBCCAAABBCCBB	['D12B', 'C19B']	2	-4.5309763	-5.289573	-8.013076	-2.7235026
BCCDDDCDCDDDDCDDABCDABCABDBACDDCAADAABCABACBCCABCACBCCCCDBDBACDBBBCBCBACCACADAACCCBABADCCCAAABBCCBB	['B30D', 'D36A', 'C37A', 'C57D', 'A63D', 'B88C']	6	-4.531525	-6.4706087	-9.194659	-2.7240505
BCCDDDCDCDDDBCDDABCDABCABDBACBDCAACACBCABACBCCABCACBCCCCCBDBACACBBCBCBACCACADAACCCBABADBCCAAABBCCBB	['D13B', 'D35C', 'D36A', 'B64C']	4	-4.5320463	-6.3300543	-9.054626	-2.7245722
BCCDDDCDCDDDBCDDABCDABCABDBACDDCAACACBCACACBCCABCACBCCCCCBDBADCBBBCBCBBCCACADAACCCBABADCCCAAABBCCBB	['D13B', 'B30D', 'D35C', 'D36A', 'B41C', 'C62D', 'A63C', 'A71B', 'B88C']	9	-4.533809	-7.1285815	-9.8549185	-2.726337
BCCDDDCDCDDDDCDDABCDABCABDBACBDCAABDBBCACACBCCABCACBCCCCCBDBACDBBBCBCBACCACADAACCCBABADBCCAABBBCCBB	['D35B', 'C37B', 'B41C', 'A63D', 'A93B']	5	-4.570676	-4.5345316	-7.2977314	-2.7270555
BCCDDDCDCDDDDCDDABCDABCABDBACBDCAADDABCACACBCCABCACBCCCCCBDBACABBBCBCBACCACADAACCCBABADBCCAAABBCCBB	['C37A', 'B41C']	2	-4.5346746	-5.860027	-8.58723	-2.727203
BCCDDDCDCDDDDCDDABCDABCABDBACBDCAADDABCACACBCCABCACBCCCCCBDBACABBBCBCBACCACADAACCCBABADBCCAAABBCCBB	['C37A', 'B41C']	2	-4.5346746	-5.860027	-8.58723	-2.727203
BCCDDDCDCDDDDCDDABCDABCABDBACBDDAADACBCABACBCDABCACBCCCCCBDBADDBBACBCBACCACADAACCCBABADBCCAAABBCCBB	['C32D', 'D36A', 'C46D', 'C62D', 'A63D', 'B66A']	6	-2.7703419	-3.3585901	-6.0874376	-2.7288475
BCCDDDCDCCDDDCDCABCDABCABDBACBDCAACACBCABACBCCABCACBCCCCDBDBACCBBBCBCBACCACADAACCCBABADBCCAABBBCCBB	['D10C', 'D16C', 'D35C', 'D36A', 'C57D', 'A63C', 'A93B']	7	-4.58074	-4.5367217	-7.309985	-2.7292452
BCCDDDCDCDDDDCCDABCDABCABDBACBDCAADACBCACACBCCABCACBCCCCCBDBACABBBCBCBACCACADAACCCBABADBCCAAABBCCBB	['D15C', 'D36A', 'B41C']	3	-4.5374365	-5.7963943	-8.526358	-2.7299633
BCCDDDCDCDDDDCCDABCDABCABDBACBDCAADACBCACACBCCABCACBCCCCCBDBACABBBCBCBACCACADAACCCBABADBCCAAABBCCBB	['D15C', 'D36A', 'B41C']	3	-4.5374365	-5.7963943	-8.526358	-2.7299633
BCCDDDCDCDDDDCCDABCDABCABDBACBDCAADACBCACACBCCABCACBCCCCCBDBACABBBCBCBACCACADAACCCBABADBCCAAABBCCBB	['D15C', 'D36A', 'B41C']	3	-4.5374365	-5.7963943	-8.526358	-2.7299633
BCCDDDCDCDDDDCDDABBDABCABDBACDDCAADDABCABACBCCABCACBCCCCCBDBACACBBCBCBACCACADAACCCBABADBCCAAABBCCBB	['C19B', 'B30D', 'C37A', 'B64C']	4	-4.5376062	-7.148244	-9.87838	-2.730136
BCCDDDCDCDDDDCDDABCDABCABDBACBDCAACDCBCABACBCCABCACBCBCCCBDBACDBBBCBBCACCACADAACCCBABADBCCAAABBCCBB	['D35C', 'C54B', 'A63D', 'C69B', 'B70C']	5	-5.004674	-4.5377917	-7.734991	-2.730317
BCCDDDCDCCDDDCDDABCBABCABDBACBDCAACAABCACACBCDABCACBCCCCCBDBACDBBBCBCBCCCACADAACCCBBBADBCBAABBBCCBB	['D10C', 'D20B', 'D35C', 'D36A', 'C37A', 'B41C', 'C46D', 'A63D', 'A71C', 'A84B', 'C90B', 'A93B']	12	-2.7723236	-3.7872558	-6.5180817	-2.730826
BCCDDDCDCCDDDCDDABCBABCABDBACBDCAACAABCACACBCDABCACBCCCCCBDBACDBBBCBCBCCCACADAACCCBBBADBCBAABBBCCBB	['D10C', 'D20B', 'D35C', 'D36A', 'C37A', 'B41C', 'C46D', 'A63D', 'A71C', 'A84B', 'C90B', 'A93B']	12	-2.7723236	-3.7872558	-6.5180817	-2.730826
BCCDDDCDCCDDDCDDABCBABCABDBACBDCAACAABCACACBCDABCACBCCCCCBDBACDBBBCBCBCCCACADAACCCBBBADBCBAABBBCCBB	['D10C', 'D20B', 'D35C', 'D36A', 'C37A', 'B41C', 'C46D', 'A63D', 'A71C', 'A84B', 'C90B', 'A93B']	12	-2.7723236	-3.7872558	-6.5180817	-2.730826
BCCDDDCDCDDDBCDDABCAABCABDBACBDCAADDABCABACBCDABCACBCCCCCBDBACDBBBCBABBBBACACAACCCBABADBCBAAABBCCBB	['D13B', 'D20A', 'C37A', 'C46D', 'A63D', 'C69A', 'A71B', 'C72B', 'C73B', 'D77C', 'C90B']	11	-3.5343661	-2.7736955	-6.2665653	-2.7321992
BCCDDDCDCCDDDCDDABCDABCABDBACBDCAADDCBCABACBCDABCACBCCCCCBDBADDDBBCBCBACBACACAACCCBABADBCBAABBBCCBB	['D10C', 'C46D', 'C62D', 'A63D', 'B64D', 'C73B', 'D77C', 'C90B', 'A93B']	9	-2.7739077	-3.0852513	-5.817663	-2.7324119
BCCDDDCDCDDDBDDDABCDABCABDBACBDCAACDBBCABACBCCABCACBCCCCCBDBACDBBBCBCBACCACADAACCCBABADBCCAAABBCCBB	['D13B', 'C14D', 'D35C', 'C37B', 'A63D']	5	-4.5416107	-4.948619	-7.6827555	-2.7341366
BCCDDDCDCDDDDCDDABBDABCABDBACBDCAADDCBCACACBCCABCACBCCCCCBDBACABBBCBCBACCACACAACCCBABADBCCAABBBCCBB	['C19B', 'B41C', 'D77C', 'A93B']	4	-4.5429935	-5.4377384	-8.173258	-2.7355194
BCCDDDCDCDDADCDDABADABCABDBACBDCAADDABCABACBCCABCACBCCCCCBDBACACBBCBDBACCACADAACCCBABADBCCAAABBCCBB	['D12A', 'C19A', 'C37A', 'B64C', 'C69D']	5	-4.543495	-5.976858	-8.712884	-2.7360258
BCCDDDCDCDDDDCDDABCDABCABDBACBDCAADDBBCABACBCCABCACBCCDCDBDBACDBBBCBBBCCCACACAACCCBABADBCCAAABBCCBB	['C37B', 'C55D', 'C57D', 'A63D', 'C69B', 'A71C', 'D77C']	7	-3.0656066	-2.736762	-5.8023624	-2.7367558
BCCDDDCDCDDDDCDDABCDABCABDBACBDCAADDABCACACBCCABCACBCCCCCBDBBCABBBCBCBACCACADAACCCBABADBCCAAABBCCBB	['C37A', 'B41C', 'A61B']	3	-4.545678	-6.4443994	-9.182608	-2.7382083
BCCDDDCDCDDDDCDDABCDABCABDBACBDCAADDCBCACACBCCABCACBCCCCCBDBACCBDBCBCBACCACADAACCCBABADBCCAAABBCCBB	['B41C', 'A63C', 'B65D']	3	-4.5482597	-5.6134915	-8.354279	-2.740787
AAADDDCDCDDBDDCDABCDABCABDBACBDCAADDABCABACBCCABCACBCCCCCBDCCCABBBCBCBACCACADAACCCBABADBCCAAABBCCBB	['B1A', 'C2A', 'C3A', 'D12B', 'C14D', 'D15C', 'C37A', 'B60C', 'A61C']	9	-4.5491543	-4.8509727	-7.5926514	-2.7416787
AAADDDCDCDDBDDCDABCDABCABDBACBDCAADDABCABACBCCABCACBCCCCCBDCCCABBBCBCBACCACADAACCCBABADBCCAAABBCCBB	['B1A', 'C2A', 'C3A', 'D12B', 'C14D', 'D15C', 'C37A', 'B60C', 'A61C']	9	-4.5491543	-4.8509727	-7.5926514	-2.7416787
BCCDDDCDCCDDDCDDABCDABCABDBACBDCAACDCBCACACBCDABCACBCCCCCBDBACDCBBCBCBACDACADAACCCBBBADBCBAAABBCCBB	['D10C', 'D35C', 'B41C', 'C46D', 'A63D', 'B64C', 'C73D', 'A84B', 'C90B']	9	-3.0981665	-2.7844958	-5.8411646	-2.7429981
BCCDDDCDCDDDDCDDABDDABCABDBACBDCAADDBBCABACBCCABCACBCCCCCBDBACDBDBCBCCACCACADAACCCBABADBCCAAABBCCBB	['C19D', 'C37B', 'A63D', 'B65D', 'B70C']	5	-4.552043	-5.3219285	-8.0665	-2.7445712
BCCDDDCDCDDDBDDDABCCABCABDBACDDCBACACBCABACBCCABCACBCCCCCBDBADDBBBCBCBACCACADAACCCBABADCCCAAABBCCBB	['D13B', 'C14D', 'D20C', 'B30D', 'A33B', 'D35C', 'D36A', 'C62D', 'A63D', 'B88C']	10	-4.5521865	-6.7575073	-9.502219	-2.7447119
BCCDDDCDCDDDDCCDABCDABCABDBACBDCAADDABCACACBCCABCACBCCCCCBDBACCBBBCBCCACCACADAACCCBABADBCCAAABBCCBB	['D15C', 'C37A', 'B41C', 'A63C', 'B70C']	5	-4.553561	-5.705791	-8.451878	-2.7460866
BCCDDDCDCDDDDCCDABCDABCABDBACBDCAADDABCACACBCCABCACBCCCCCBDBACCBBBCBCCACCACADAACCCBABADBCCAAABBCCBB	['D15C', 'C37A', 'B41C', 'A63C', 'B70C']	5	-4.553561	-5.705791	-8.451878	-2.7460866
BCCDDDCDCDDDDCDCABCDABCABDBACBDCAADACBCABACBCCABCACBCCCCCBDBADCBBBCBCBACCACADAACCCBABADBCCAAABBCCBB	['D16C', 'D36A', 'C62D', 'A63C']	4	-4.5538616	-5.2623754	-8.008764	-2.746389
BCCDDDCDCDDDDCDDABCDADCABDBACBDCAADDABCABACBCDABCACBCCCCDBDBADDBBBCBCBBDCACACAACCCBBBADBCCAABBBCCBB	['B22D', 'C37A', 'C46D', 'C57D', 'C62D', 'A63D', 'A71B', 'C72D', 'D77C', 'A84B', 'A93B']	11	-2.788197	-2.8812933	-5.6279974	-2.746704
BCCDDDCDCDDBBCDDABBDABCABDBACBDCAACDABCABACBCCABCACBCCCCCBDBACDBBBCBCBACCACACAACCCBABADBCCAAABBCCBB	['D12B', 'D13B', 'C19B', 'D35C', 'C37A', 'A63D', 'D77C']	7	-4.5542603	-4.979647	-7.7264347	-2.7467875
BCCDDDCDCDDDDCDDABCDABCABDBACBDCAACDABCABACBCCABCACBCCCCCBDBACDBDBCBCBACCACADAACCCBABADBCCAAABBCCBB	['D35C', 'C37A', 'A63D', 'B65D']	4	-4.5553017	-6.037325	-8.785155	-2.7478304
BCCDDDCDCDDDDCDDABCDABCABDBACDDCAACACBCABACBCCABCACBCCCCCBDBACDBBBCBCBACCADADAACCCBABADCCCAABBBCCBB	['B30D', 'D35C', 'D36A', 'A63D', 'C75D', 'B88C', 'A93B']	7	-4.5565686	-8.340284	-11.089382	-2.7490978
BCCDDDCACCDABCDDABCAABCABDBACBDDDADACBCACACBCDBBCACBCCCCCBDBACDBBBCBCBCCCACADAACCCBABADBABAAABBCCBB	['D8A', 'D10C', 'D12A', 'D13B', 'D20A', 'C32D', 'A33D', 'D36A', 'B41C', 'C46D', 'A47B', 'A63D', 'A71C', 'C89A', 'C90B']	15	-3.5963845	-2.790856	-6.345751	-2.7493663
BCCDDDCDCDDDDCDDABCDABCABDBACBDCAACABBCABACBCCABCACBCCCCCBDBACDBBBCBCBACCACADAACCCBABADBCCAAABBCCBB	['D35C', 'D36A', 'C37B', 'A63D']	4	-4.558487	-5.2814207	-8.032434	-2.7510138
BCCDDDCDCDDDBCDDABCDABCABDBACBDCAADDCBCACACBCCABCACBCCCCDCDBDCABBBCBDBACCACACAACCCBABADBCCAAABBCCBB	['D13B', 'B41C', 'C57D', 'B58C', 'A61D', 'C69D', 'D77C']	7	-4.5590563	-4.7403555	-7.4919405	-2.751585
BCCDDDCDCDDDDCDDABCDABCABDBACBDCAADDABCACACBCCABCACBCCCCCBDBACABBBCBCBACCACACAACCCBABADBCCAAABBCCBB	['C37A', 'B41C', 'D77C']	3	-4.559824	-5.7772007	-8.529555	-2.7523546
BCCDDDCDCDDDDCDDABCDABCABDBACBDCAADDABCACACBCCABCACBCCCCCBDBACABBBCBCBACCACACAACCCBABADBCCAAABBCCBB	['C37A', 'B41C', 'D77C']	3	-4.559824	-5.7772007	-8.529555	-2.7523546
BCCDDDCDCDDDBDDDABCDABCABDBACBDCAADDCBCABACBCCABCACBCCCCCBDBACABBBCBCBACCACADAACCCBABADBCCAAABBCCBB	['D13B', 'C14D']	2	-4.560895	-5.8864064	-8.639829	-2.7534223
BCCDDDCDCDDDDCDDABCDABCABDBACBDCAACDCBCACACBCCABCACBCCCCCBDBACABBBCBCBADCACACAACCCBABADBCCAABBBCCBB	['D35C', 'B41C', 'C72D', 'D77C', 'A93B']	5	-4.5613985	-5.925428	-8.67935	-2.753922
BCCDDDCDCDDDDCDDABCDABCABDBACDDCDADDCBCABACBACABCACBCCCCCBDBACABBBCBCBBCCACADAACCCBABADBCCAAABBCCBB	['B30D', 'A33D', 'C45A', 'A71B']	4	-4.561466	-6.658657	-9.412653	-2.753996
BCCDDDCDCDDDBCDDABCDABCABDBACDDCAACACBCABACBCCABCACBCCCCCBDBACDBBBCBCBACCACADAACCCBABADCCCAAABBCCBB	['D13B', 'B30D', 'D35C', 'D36A', 'A63D', 'B88C']	6	-4.562181	-7.5333657	-10.2880745	-2.7547088
BCCDDDCDCDDDDDCDABBDABCABDBACBDCAADDCBCABACBCCABCACBCCCCCBDBACABBBCBCBACCACACAACCCBABADBCCAAABBCCBB	['C14D', 'D15C', 'C19B', 'D77C']	4	-4.563858	-5.428275	-8.18466	-2.7563848
BCCDDDCDCDDDDCDDABCDABCABDBACBDCAADCCBCABACBCCABCACBCCCCCBDBACABBBCBCBACCACADAACCCBABADBCCAAABBCCBB	['D36C']	1	-4.563999	-6.135488	-8.892016	-2.7565284
BCCDDDCDCDDDDCDCABCDABCABDBACBDCAADDCBAABACBCCABCACBCCCCCBDBABACBBCBCBADCACACAACCCBABADBCCAAABBCCBB	['D16C', 'C39A', 'C62B', 'B64C', 'C72D', 'D77C']	6	-4.56538	-5.0528297	-7.8107395	-2.7579098
BCCDDDCDCDDDDCDDABCDABCABDBACBDCAACDCBCABACBCDABCACBCCCCCBDBACDBBBCBCBADCACADAACCCBABADDCCAABBBCCBB	['D35C', 'C46D', 'A63D', 'C72D', 'B88D', 'A93B']	6	-2.8017507	-4.84678	-7.607033	-2.760253
BCCDDDCDCDDDDCDDABCDABCABDBACBDCAACDCBCABACBCDABCACBCCCCCBDBACDBBBCBCBADCACADAACCCBABADDCCAABBBCCBB	['D35C', 'C46D', 'A63D', 'C72D', 'B88D', 'A93B']	6	-2.8017507	-4.84678	-7.607033	-2.760253
BCCDDDCDCCDDBCDDABCDABCABDBACBDCAADDCBCABACBCDABCACBCCCCCBDBADDBBBCBCBACBACACAACCCBABADBCBAABBBCCBB	['D10C', 'D13B', 'C46D', 'C62D', 'A63D', 'C73B', 'D77C', 'C90B', 'A93B']	9	-3.1738791	-2.8023138	-5.934697	-2.760818
BCCDDDCDCDDDACCDABCDABCABDBACDDCAACABBCABACBCCABCACBCCCCCBDBACDBBBCBCBACCADADAACCCBABADBCCAAABBCCBB	['D13A', 'D15C', 'B30D', 'D35C', 'D36A', 'C37B', 'A63D', 'C75D']	8	-4.5690336	-7.1780415	-9.939603	-2.7615614
BCCDDDCDCDDDDCDDABCCABCABDBACBDCAACABBCABACBCCABCACBBCCCCBDBADDBDBCBCBCCCACACAACCCBABADBCCAABBBCCBB	['D20C', 'D35C', 'D36A', 'C37B', 'C53B', 'C62D', 'A63D', 'B65D', 'A71C', 'D77C', 'A93B']	11	-4.86458	-4.5706034	-7.6277103	-2.7631302
BCCDDDCDCCDDDCDDABCDABCABDBACBDCAADDCBCABACBCDBBCACBCDCCCBDBACDBBBCBCBCCCACADAACCCBBBADBCCAAABBCCBB	['D10C', 'C46D', 'A47B', 'C54D', 'A63D', 'A71C', 'A84B']	7	-2.8072228	-3.3182278	-6.083956	-2.765728
BCCDDDCDCDDDDCCDABCDABCABDBACBDCAADAABCACACBBCABCACBCCCCCBDBADDBBBCBCBCCCACADAACCCBABADCCBAABBBCCBB	['D15C', 'D36A', 'C37A', 'B41C', 'C45B', 'C62D', 'A63D', 'A71C', 'B88C', 'C90B', 'A93B']	11	-4.5732555	-6.7594094	-9.525193	-2.7657838
BCCDDDCDCDDDBCCDABBDABCABDBACDDCAACACBCACACBCCABCACBCCCCDBDCACDBBBCBCBADCACADAACCCBABADBCCAAABBCCBB	['D13B', 'D15C', 'C19B', 'B30D', 'D35C', 'D36A', 'B41C', 'C57D', 'B60C', 'A63D', 'C72D']	11	-5.7288237	-4.573603	-8.494953	-2.7661295
BCCDDDCDCDDBDCDDABBDABCABDBACBDCAADDCBCABACBCCABCACBCCCCCBDBACABBBCBCBADCACACAACCCBABADBCCAAABBCCBB	['D12B', 'C19B', 'C72D', 'D77C']	4	-4.57479	-5.2839937	-8.051313	-2.7673197
BCCDDDCDCCDABCDDABCDABCABDBACBDCBADDCBCABADBCBAACCCBCACCCBDBACBBBBCBDBBDCACACAACCBBABADBCCAABBBCCBB	['D10C', 'D12A', 'D13B', 'A33B', 'C43D', 'C46B', 'B48A', 'A50C', 'C54A', 'A63B', 'C69D', 'A71B', 'C72D', 'D77C', 'C82B', 'A93B']	16	-2.7680092	-3.2403913	-6.008395	-2.768004
BCCDDDCDCDDDDCDDABCDABCABDBACBDCAACACBCACACBCCABCACBCCCCCBDBACDBBBCBCBACCACADAACCCBABADBCCAAABBCCBB	['D35C', 'D36A', 'B41C', 'A63D']	4	-4.575742	-5.244828	-8.013095	-2.7682667
BCCDDDCDCDDDDCCDABCDABCABDBACBDCAADDCBCABACBCDABCACBCCCCCBDBADDBBBCBCBACCACADAACCCBABADBCBAABBBCCBB	['D15C', 'C46D', 'C62D', 'A63D', 'C90B', 'A93B']	6	-2.8113227	-3.3241425	-6.0939674	-2.769825
BCCDDDCDCADDDDDDABCDABCABDBACDDCAAAACBCACACBCCABCACBCCCCCBDBACDBBBCBCBACCACADAACCCBABADBCCAAABBCCBB	['D10A', 'C14D', 'B30D', 'D35A', 'D36A', 'B41C', 'A63D']	7	-4.577552	-5.942256	-8.712331	-2.7700748
BCCDDDCDCDDDDCDDABCDABCABDBACBDCAADACBCABACBCCABCACBCCCCCBDBACABBBCBCBACCACADAACCCBABADBCCAAABBCCBB	['D36A']	1	-4.57777	-6.2192073	-8.989506	-2.7702985
AAADDDCDCDDDDCDDABCDABCABDBACBDCAADDABCABACBCCABCACBCCCCCBDBACACBBCBBBADCACACAACCCBABADBCCAAABBCCBB	['B1A', 'C2A', 'C3A', 'C37A', 'B64C', 'C69B', 'C72D', 'D77C']	8	-4.579276	-5.294402	-8.066206	-2.7718039
BCCDDDCDCDDADCDDABCDABCABDBACBDCAACACBCABACBCCABCACBCCCCCBDBADDDBBCBCBACCACADAACCCBABADBCCAAABBCCBB	['D12A', 'D35C', 'D36A', 'C62D', 'A63D', 'B64D']	6	-4.579302	-5.609028	-8.380858	-2.7718306
AAADDDCDCDDDDADDABADABCABDBACBDCAADDABCABACBCCABCACBCCCCCBDCBCACBBCBCBACCACACAACCCBABADBCCAAABBCCBB	['B1A', 'C2A', 'C3A', 'C14A', 'C19A', 'C37A', 'B60C', 'A61B', 'B64C', 'D77C']	10	-4.5814753	-5.819739	-8.593744	-2.7740054
BCCDDDCDCDDDBCDDABBDABCABDBACBDCAADDCBCABACBCCABCACBCCCCCBDBACABBBCBCBACCACADAACCCBABADBCCAAABBCCBB	['D13B', 'C19B']	2	-4.582221	-5.567115	-8.341865	-2.7747498
BCCDDDCDCCDDDCDDABCDABCABDBACBDCAADDCBCABACBCDABCACBCCCCCBDBACDBBBCBCBBCCACACAACCCBABADBCCAAABBCCBB	['D10C', 'C46D', 'A63D', 'A71B', 'D77C']	5	-2.8172626	-3.3860264	-6.161791	-2.7757645
BCCDDDCDCDDDDCDCABCDABCABDBACBDCAACDABCABACBCCABCACBCCCCCBDBADBBBBCBCBACCACACAACCCBABADBCCAAABBCCBB	['D16C', 'D35C', 'C37A', 'C62D', 'A63B', 'D77C']	6	-4.58329	-4.683043	-7.458864	-2.7758212
BCCDDDCDCDDDDCDCABCDABCABDBACBDCAACDABCABACBCCABCACBCCCCCBDBADBBBBCBCBACCACACAACCCBABADBCCAAABBCCBB	['D16C', 'D35C', 'C37A', 'C62D', 'A63B', 'D77C']	6	-4.58329	-4.683043	-7.458864	-2.7758212
BCCDDDCDCDDDDCDCABCDABCABDBACBDCAACDABCABACBCCABCACBCCCCCBDBADBBBBCBCBACCACACAACCCBABADBCCAAABBCCBB	['D16C', 'D35C', 'C37A', 'C62D', 'A63B', 'D77C']	6	-4.58329	-4.683043	-7.458864	-2.7758212
BCCDDDCDCDDDDCDDABCDABCABDBACBDCAADDCBCABACBCCABCACBCCCCCBDCACABBBCBCBACCACACAACCCBABADBCCAAABBCCBB	['B60C', 'D77C']	2	-4.5844984	-5.692984	-8.470012	-2.7770276
BCCDDDCDCDDBDCCDABCDABCABDBACBDCAADACBCABACBCCAACACBCDCCCBDCCDABBBCBCBACCACADAACCCBABADBCCAAABBCCBB	['D12B', 'D15C', 'D36A', 'B48A', 'C54D', 'B60C', 'A61C', 'C62D']	8	-4.585252	-5.4991393	-8.276917	-2.7777781
BCCDDDCDCDDDDCDDBBCDABCABDBACBDCAADDCBCABACBCCABCACBCCCCCBDCADDBBBCBCBACCACADAACCCBABADBCCAAABBCCBB	['A17B', 'B60C', 'C62D', 'A63D']	4	-4.58762	-5.2649565	-8.045105	-2.7801485
BCCDDDCDCDDDDCDDABCDABCABDBACDDCAACAABCABACBCCABCACBCCCCCBDBACDBBBCBCBCCCACACAACCCBABADCCCAAABBCCBB	['B30D', 'D35C', 'D36A', 'C37A', 'A63D', 'A71C', 'D77C', 'B88C']	8	-4.5890756	-7.6587	-10.440307	-2.7816067
BCCDDDCDCDDDBCDDABCDABCABDBACDDCAACACBCABACBCCABCACBCCCCCBDBADDCBBCBCBCCCADADAACCCBABADBCCAAABBCCBB	['D13B', 'B30D', 'D35C', 'D36A', 'C62D', 'A63D', 'B64C', 'A71C', 'C75D']	9	-4.590601	-6.7668805	-9.550013	-2.783132
AAADDDCDCCDDDCDDABBDABCABDBACDDCAADDCBCACACBCCABCACBCCCCCBDBACDBDBCBCCACCACADAACCCBABADBCCAAABBCCBA	['B1A', 'C2A', 'C3A', 'D10C', 'C19B', 'B30D', 'B41C', 'A63D', 'B65D', 'B70C', 'B99A']	11	-4.5914745	-5.690901	-8.474896	-2.7839956
BCCDDDCDCDDDDCDDABCDABCABDBACBDCAACDABCABACBBCABCACBCCCCCBDBACDBBBCBCBAACACADAACCCBABADBDCAAABBCCBB	['D35C', 'C37A', 'C45B', 'A63D', 'C72A', 'C89D']	6	-4.5932536	-6.662446	-9.448231	-2.7857847
BCCDDDCDCDDDDDDDABBDABCABDBACBDCAADDABCABACBCCABCACBCCCCCBDBACBBBBCBCBACCACACAACCCBABADBCCAAABBCCBB	['C14D', 'C19B', 'C37A', 'A63B', 'D77C']	5	-4.5953703	-4.9452953	-7.7331953	-2.7879
AAADDDCDCDDDBDCDABCCABCABDBACDDCAACACBCACACBCCABCACBCCCCCBDBACDBBBCBCBACCACADAACCCBABADCCCAAABBCCBB	['B1A', 'C2A', 'C3A', 'D13B', 'C14D', 'D15C', 'D20C', 'B30D', 'D35C', 'D36A', 'B41C', 'A63D', 'B88C']	13	-4.5955014	-6.3937035	-9.181729	-2.7880259
BCCDDDCDCDDDDCCDABCDABCABDBACBDCAACDABCACACBCCABCACBCCCCCBDBACABBBCBCBACCACADAACCCBABADBCCAAABBCCBB	['D15C', 'D35C', 'C37A', 'B41C']	4	-4.5968714	-5.891495	-8.680894	-2.7893987
BCCDDDCDCDDDDCCDABCDABCABDBACBDCAACDABCACACBCCABCACBCCCCCBDBACABBBCBCBACCACADAACCCBABADBCCAAABBCCBB	['D15C', 'D35C', 'C37A', 'B41C']	4	-4.5968714	-5.891495	-8.680894	-2.7893987
BCCDDDCDCDDDDCCDABCDABCABDBACBDCAACDABCACACBCCABCACBCCCCCBDBACABBBCBCBACCACADAACCCBABADBCCAAABBCCBB	['D15C', 'D35C', 'C37A', 'B41C']	4	-4.5968714	-5.891495	-8.680894	-2.7893987
BCCDDDCDCDDDDCCDABCDABCABDBACBDCAACDABCACACBCCABCACBCCCCCBDBACABBBCBCBACCACADAACCCBABADBCCAAABBCCBB	['D15C', 'D35C', 'C37A', 'B41C']	4	-4.5968714	-5.891495	-8.680894	-2.7893987
BCCDDDCDCDDDDCCDABCDABCABDBACBDCAACDABCACACBCCABCACBCCCCCBDBACABBBCBCBACCACADAACCCBABADBCCAAABBCCBB	['D15C', 'D35C', 'C37A', 'B41C']	4	-4.5968714	-5.891495	-8.680894	-2.7893987
AAADDDCDCCDDDCCDABBCABCABDBACBDCADCACBCACACBCDAACCCBCACCCBDBACACBBCBCBACCCCADAACCBBABADBCCAAABBCCBB	['B1A', 'C2A', 'C3A', 'D10C', 'D15C', 'C19B', 'D20C', 'A34D', 'D35C', 'D36A', 'B41C', 'C46D', 'B48A', 'A50C', 'C54A', 'B64C', 'A74C', 'C82B']	18	-2.8309212	-3.3373094	-6.1267376	-2.7894282
BCCDDDCDCDDDDCDDABCDABCABDBACBDCAADDCBCACACBCCABCACBCCCCCBDBACDBBBCBCBACCACADAACCCBABADBCCAAABBDCBB	['B41C', 'A63D', 'C96D']	3	-4.601149	-5.2433567	-8.037035	-2.7936783
BCCDDDCDCDDDDCDDABCDABCABDBACBDCAADACBCABACBCCABCACBCCCCCBDBADABBBCBCBACCACADAACCCBABADBCCAAABBCCBB	['D36A', 'C62D']	2	-4.602577	-5.77567	-8.570777	-2.795107
BCCDDDCDCDDDDCDDABCDABCABDBACBDCAADACBCABACBCCABCACBCCCCCBDBADABBBCBCBACCACADAACCCBABADBCCAAABBCCBB	['D36A', 'C62D']	2	-4.602577	-5.77567	-8.570777	-2.795107
BCCDDDCDCDDDDCDDABCDABCABDBACBDCAADACBCABACBCCABCACBCCCCCBDBADABBBCBCBACCACADAACCCBABADBCCAAABBCCBB	['D36A', 'C62D']	2	-4.602577	-5.77567	-8.570777	-2.795107
BCCDDDCDCDDBDCDDABBDABCABDBACBDCAADDCBDABACBCCABCACBCCCCCBDBACDBBBCBCBACCACADAACCCBABADBCCAAABBCCBB	['D12B', 'C19B', 'C39D', 'A63D']	4	-4.6045074	-4.9963346	-7.793371	-2.7970366
BCCDDDCDCDDDBCDDABCDABCABDBACBDCAADACBCABACBCCABCACBCCCCCBDBADDBDBCBCBACCACADAACCCBABADBCCAAABBCCBB	['D13B', 'D36A', 'C62D', 'A63D', 'B65D']	5	-4.605317	-5.4950185	-8.292862	-2.7978435
BCCDDDCDCCDBBCCDABBDABCABDBACBDCAADDCBCABACBBCABCACBCCCCCBDBADDBBBCBCBACCACACAACCCBABADBCCAABBBCCBB	['D10C', 'D12B', 'D13B', 'D15C', 'C19B', 'C45B', 'C62D', 'A63D', 'D77C', 'A93B']	10	-4.6064625	-5.219372	-8.018356	-2.7989845
BCCDDDCDCDDDBCDDABCCABCABDBACDDCBDCACBCACACBCBABCACBCBCCCCDBACDBBBCBCBACCACADAACCCBABADCCBAABBBCCBB	['D13B', 'D20C', 'B30D', 'A33B', 'A34D', 'D35C', 'D36A', 'B41C', 'C46B', 'C54B', 'B58C', 'A63D', 'B88C', 'C90B', 'A93B']	15	-2.8001008	-5.510962	-8.311054	-2.8000922
AAADDDCDCDDDDCDDCBCDABCABDBACBDCAADACBCABACBCCABCACBCCCCCBDBADABBBCBCBACCACADAACCCBABADBCCAAABBCCBB	['B1A', 'C2A', 'C3A', 'A17C', 'D36A', 'C62D']	6	-4.6096706	-5.5431776	-8.345376	-2.8021984
BCCDDDCDCDDDDCCDABBDABCABDBACBDCAADDCBCACACBCCABCACBCCCCCBDBACCBDBCBCBACCACADAACCCBABADBCCAAABBCCBB	['D15C', 'C19B', 'B41C', 'A63C', 'B65D']	5	-4.610715	-5.2345166	-8.037756	-2.8032393
BCCDDDCDCDDDDDDDABCDABCABDBACBDCAACDABCACACBCCABCACBCCCCCBDBACDBBBCBCBACCACADAACCCBABADBCCAAABBCCBB	['C14D', 'D35C', 'C37A', 'B41C', 'A63D']	5	-4.614107	-5.2487764	-8.055411	-2.806635
BCCDDDCDCDDDDDDDABCDABCABDBACBDCAACDABCACACBCCABCACBCCCCCBDBACDBBBCBCBACCACADAACCCBABADBCCAAABBCCBB	['C14D', 'D35C', 'C37A', 'B41C', 'A63D']	5	-4.614107	-5.2487764	-8.055411	-2.806635
BCCDDDCDCDDDDCDDABCDABCABDBACBDCAACABBCABABBCCABCACBCCCCCBDBACDBBBCBCBCCCACADAACCCBABADBCCAABBBCCBB	['D35C', 'D36A', 'C37B', 'C43B', 'A63D', 'A71C', 'A93B']	7	-4.6142464	-5.645831	-8.452604	-2.8067732
BCCABDCDCDDDBCDDABCDABCABDBACBDCAADDCBCACACBCDABCACBCCCCCBDBACDBBBCBCBACBACACAACCCBABADBCBAABBBCCBB	['D4A', 'D5B', 'D13B', 'B41C', 'C46D', 'A63D', 'C73B', 'D77C', 'C90B', 'A93B']	10	-2.8484426	-3.1127782	-5.9197216	-2.8069434
BCCDDDCDCDDCDDDDABCDABCABDBACBDCAADDCBCACACBCCABCACBCCCCCBDBADABBBCBCBACCACADAACCCBABADBCCAABBBCCBB	['D12C', 'C14D', 'B41C', 'C62D', 'A93B']	5	-4.6145134	-5.1601996	-7.9672413	-2.8070416
AAADDDCDCDDDDCCDABCCABCABDBACBDCAACABBCABACBCCABCACBCCCCCBDBACABBBCBCBACCACADAACCCBABADBCCAAABBCCBB	['B1A', 'C2A', 'C3A', 'D15C', 'D20C', 'D35C', 'D36A', 'C37B']	8	-4.6149044	-5.2072883	-8.014719	-2.8074307
BCCDDDCDCDDCDDDDABCDABCABDBACBDCAADDABCACACBCCABCACBCCCCCBDBACCBBBCBCBACCACADAACCCBABADBCCAAABBCCBB	['D12C', 'C14D', 'C37A', 'B41C', 'A63C']	5	-4.615778	-5.339774	-8.148078	-2.8083038
BCCDDDCDCADDBCDCABCDABCABDBACBDCAADACBCABACBCCABCACBCCCCCBDBACABBBCBABACCACADAACCCBABADBCCAAABBCCBB	['D10A', 'D13B', 'D16C', 'D36A', 'C69A']	5	-4.616354	-5.4324055	-8.2412815	-2.808876
BCCDDDCDCADDBCDCABCDABCABDBACBDCAADACBCABACBCCABCACBCCCCCBDBACABBBCBABACCACADAACCCBABADBCCAAABBCCBB	['D10A', 'D13B', 'D16C', 'D36A', 'C69A']	5	-4.616354	-5.4324055	-8.2412815	-2.808876
BCCDDDCDCDDCDDDDABCDABCABDBACBDCAADDBDCACACBCCABCACBCCCCCBDBADCBBBCBCBACCACACAACCCBABADBCCAABBBCCBB	['D12C', 'C14D', 'C37B', 'B38D', 'B41C', 'C62D', 'A63C', 'D77C', 'A93B']	9	-4.9367476	-4.6164117	-7.7456875	-2.80894
BCCDDDCDCDDDDCDDABCDABCABDBACBDCAADDABCABACBCBABCACBCCCCCBDBACDBBBABCBBACACACAACCCBABADBCCAABBBCCBB	['C37A', 'C46B', 'A63D', 'C67A', 'A71B', 'C72A', 'D77C', 'A93B']	8	-2.8119879	-4.395219	-7.207203	-2.811984
BCCDDDCDCDDDDCCCABCDABCABDBACBDCAACAABAACACBCCABCACBCCCCCBDBADDBBBCBCBACCACADAACCCBABADBCCAABBBCCBB	['D15C', 'D16C', 'D35C', 'D36A', 'C37A', 'C39A', 'B41C', 'C62D', 'A63D', 'A93B']	10	-4.722062	-4.620337	-7.5349245	-2.8128624
BCCDDDCDCDDDDCCCABCDABCABDBACBDCAACAABAACACBCCABCACBCCCCCBDBADDBBBCBCBACCACADAACCCBABADBCCAABBBCCBB	['D15C', 'D16C', 'D35C', 'D36A', 'C37A', 'C39A', 'B41C', 'C62D', 'A63D', 'A93B']	10	-4.722062	-4.620337	-7.5349245	-2.8128624
BCCDDDCDCDDDDCCCABCDABCABDBACBDCAACAABAACACBCCABCACBCCCCCBDBADDBBBCBCBACCACADAACCCBABADBCCAABBBCCBB	['D15C', 'D16C', 'D35C', 'D36A', 'C37A', 'C39A', 'B41C', 'C62D', 'A63D', 'A93B']	10	-4.722062	-4.620337	-7.5349245	-2.8128624
BCCDDDCDCDDDDCDDABCDABCABDBACBDCAADDCBCABACBCDABCACBCCCCCBDBACCCBBCBCBACCACACAACCCBABADBCBAABBBCCBB	['C46D', 'A63C', 'B64C', 'D77C', 'C90B', 'A93B']	6	-2.854475	-4.13143	-6.9444075	-2.8129773
BCCDDDCDCDDDBDDDABCDABCABDBACBDCAADABBCABACBCCABCACBCCCCCBDBACDBBBCBCBACCACADAACCCBABADBCCAAABBCCBB	['D13B', 'C14D', 'D36A', 'C37B', 'A63D']	5	-4.62206	-5.186598	-8.001186	-2.8145885
BCCDDDCDCDDDBDDDABCDABCABDBACBDCAADABBCABACBCCABCACBCCCCCBDBACDBBBCBCBACCACADAACCCBABADBCCAAABBCCBB	['D13B', 'C14D', 'D36A', 'C37B', 'A63D']	5	-4.62206	-5.186598	-8.001186	-2.8145885
BCCDDDCDCDDDDCDDABCDABCABDBACBDCAACDBBCABACBCCABCACBCCCCCBDBACDBDBCBCBACCACADAACCCBABADBCCAAABBCCBB	['D35C', 'C37B', 'A63D', 'B65D']	4	-4.622526	-5.3229694	-8.138022	-2.815053
AAADDDCDCDDBDDDDABCDABCABDBACBDCAACCCBCABACBCCABCACBCCCCCBDBADDBBBABCBACCACADAACCCBABADBCCAAABBCCBB	['B1A', 'C2A', 'C3A', 'D12B', 'C14D', 'D35C', 'D36C', 'C62D', 'A63D', 'C67A']	10	-4.673126	-4.623423	-7.4890747	-2.8159485
BCCDDDCDCDDADCDDABCDABCABDBACBDCAACDBBCACACBCCABCACBCCCCCBDBADDBBBCBCBACCACADAACCCBABADBCCAABBBCCBB	['D12A', 'D35C', 'C37B', 'B41C', 'C62D', 'A63D', 'A93B']	7	-4.7146597	-4.623871	-7.5310564	-2.8163967
BCCDDDCDCDDBDCDDABCDABCABDBACBDCDADDABCABACBCCABCACBCCCCCBDBACACBBCBCBACCACADAACCCBABADBCCAABBACCBB	['D12B', 'A33D', 'C37A', 'B64C', 'A93B', 'B95A']	6	-4.6239114	-5.7425604	-8.559	-2.8164396
BCCDDDCDCDDDDCCDABBDABCABDBACBDCAADDBBCABACBCCABCACBCCCCCBDCACABBBCBCBACCACADAACCCBABADBCCAABBBCCBB	['D15C', 'C19B', 'C37B', 'B60C', 'A93B']	5	-4.624813	-5.3832064	-8.200546	-2.81734
BCCDDDCDCDDADCDDABCDABCABDBACBDCAACDABCABACBCCABCACBCCCCCBDBACDBBBCBCBACCACACAACCCBABADBCCAAABBCCBB	['D12A', 'D35C', 'C37A', 'A63D', 'D77C']	5	-4.627514	-5.749161	-8.569203	-2.8200426
BCCDDDCDCCDBDDDDABCDABCABDBACBDCAADDCBCACACBCCABCACBCCCCCBDBACDBBBCBCBACCACADAACCCBABADBCCAAABBDCBB	['D10C', 'D12B', 'C14D', 'B41C', 'A63D', 'C96D']	6	-4.628268	-4.697252	-7.5180435	-2.8207917
BCCDDDCDCDDDDCDDABCDABCABDBACDDCAACCABCABACBCCABCACBCCCCCBDBACDBBBCBCBACCACACAACCCBABADCCCAAABBCCBB	['B30D', 'D35C', 'D36C', 'C37A', 'A63D', 'D77C', 'B88C']	7	-4.628803	-7.7035685	-10.524902	-2.821334
BCCDDDCDCDDDDCDDABCDABCABDBACBDCAADACBCABACBCCABCACBCCCCCBDBACABBBCBABACCACADAACCCBABADBCCAABBBCCBB	['D36A', 'C69A', 'A93B']	3	-4.6295967	-6.533328	-9.355451	-2.8221226
BCCDDDCDCDDDBCDDABBDABCABDBACBDCAADDCBCABACBCCABCACBCCCCCBDBACDBBBCBCCACCACADAACCCBABADBCCAAABBCCBB	['D13B', 'C19B', 'A63D', 'B70C']	4	-4.630432	-5.054295	-7.8772545	-2.8229594
BCCDDDCDCDDDBCDDABCDABCABDBACDDCAADDBBCABABBCCABCACBCCCCCBDBACDBBBCBCBACCADADAACCCBABADCCCAAABBCCBB	['D13B', 'B30D', 'C37B', 'C43B', 'A63D', 'C75D', 'B88C']	7	-4.631541	-7.4022374	-10.226309	-2.8240714
BCCDDDCDCDDDDCDDABCDABCABDBACBDCAACACBCABACBCCABCACBCCCCCBDBADCBBBCBCBACCACACAACCCBABADBCCAAABBCCBB	['D35C', 'D36A', 'C62D', 'A63C', 'D77C']	5	-4.636709	-5.49986	-8.329097	-2.829237
BCCDDDCDCDDDDCDDABCDABCABDBACBDCAACDABCABACBCCABCACBCCCCCBDBACABBBCBCBACCACADAACCCBABADBCCAAABBCCBB	['D35C', 'C37A']	2	-4.637205	-6.314308	-9.144043	-2.8297348
BCCDDDCDCDDDDCDDABCDABCABDBACBDCAADDBBCABABBCCABCACBCCCCCBDBACABBBCBCBCCCACADAACCCBABADBCCAAABBCCBB	['C37B', 'C43B', 'A71C']	3	-4.637397	-5.560302	-8.390226	-2.8299246
BCCDDDCDCDDDDCDDABBDABCABDBACBDCAADDABCABACBCCABCACBCCCCCBDBACABBBCBCBACCACADAACCCBABADBCCAAABBCCBB	['C19B', 'C37A']	2	-4.6374645	-5.9038653	-8.733858	-2.8299928
BCCDDDCDCDDDDDDDABCDABCABDBACBDCAADDCBCABACBCCABCACBCCCCCBDBACDBBBCBBBACCACADAACCCBABADBCCAAABBCCBB	['C14D', 'A63D', 'C69B']	3	-4.759144	-4.6378074	-7.5894785	-2.8303347
BCCDDDCDCCDDBCDDABCDABCABDBACDDCAACACBCABACBCCABCACBCCCCCBDBACDCBBCBBBACCADADAACCCBABADBCCAAABDCCBB	['D10C', 'D13B', 'B30D', 'D35C', 'D36A', 'A63D', 'B64C', 'C69B', 'C75D', 'B95D']	10	-4.6400375	-6.7967668	-9.6293335	-2.8325667
BCCDDDCDCDDDDCCDABBDABCABDBACBDCAADACBCABACBCCABCACBCCCCCBDBACABBBCBCBACCACADAACCCBABADBCCAAABBCCBB	['D15C', 'C19B', 'D36A']	3	-4.6402254	-5.8402333	-8.672985	-2.8327518
BCCDDDCDCDDBDCCBABBDABCABDBACBDCAADBABCABACBCCABCACBCCCCCBDBADACBBCBBBACCACADAACCCBABADBCCAAABBCCBB	['D12B', 'D15C', 'D16B', 'C19B', 'D36B', 'C37A', 'C62D', 'B64C', 'C69B']	9	-4.9980955	-4.6417146	-7.8323393	-2.8342438
BCCDDDCDCDDDDCDDABCDABCABDBACDDCAACAABCABACBCCABCACBCCCCCBDBADDBBBCBCBACCACADAACCCBABADCCCAAABBCCBB	['B30D', 'D35C', 'D36A', 'C37A', 'C62D', 'A63D', 'B88C']	7	-4.6422305	-7.4265776	-10.261336	-2.8347588
BCCDDDCDCDDDDCDDABCDABCABDBACBDCAADDCBCACACBCDABCACBCCCCCBDBACDCBBCBCBACDACADAACCCBABADBCBAABBBCCBB	['B41C', 'C46D', 'A63D', 'B64C', 'C73D', 'C90B', 'A93B']	7	-3.221342	-2.8773766	-6.0572205	-2.8358784
BCCDDDCDCDDDDCDDABCDABCABDBACBDCAACDCBCABACBCCABCACBCCCCCBDBACDBBBCBBBACCACACAACCCBABADBCCAAABBCCBB	['D35C', 'A63D', 'C69B', 'D77C']	4	-4.805361	-4.6461344	-7.644023	-2.8386621
BCCDDDCDCADDBCDDABCDABCABDBACBDCAADDABCABACBCDABCACBCCCCCBDBACDBBBCBCBCCCACACAACCCBABADBCBAAABBCCBB	['D10A', 'D13B', 'C37A', 'C46D', 'A63D', 'A71C', 'D77C', 'C90B']	8	-2.880309	-3.0772657	-5.9160786	-2.8388128
BCCDDDCDCDDDDCDDABCDABCABDBACDDCAACACBCABAABCCABCACBCCCCCBDBADCCDBCBCBACCACADAACCCBABADBCCAAABBCCBB	['B30D', 'D35C', 'D36A', 'C43A', 'C62D', 'A63C', 'B64C', 'B65D']	8	-4.6485605	-7.429897	-10.2709875	-2.8410907
BCCDDDCDCDDDDCDDABCDABCABDBACBDCAACABBCABACBCCABCACBCCCCCBDBACDBBBABCBCDCACADAACCCBABADBCCAAABBCCBB	['D35C', 'D36A', 'C37B', 'A63D', 'C67A', 'A71C', 'C72D']	7	-4.6489058	-5.450686	-8.292119	-2.841433
BCCDDDCDCDDDDCDDABCDABCABDBACBDDAACDBBCABACBCDBBCACBCCCCCBDBACDBBBCBCBACBACACAACCCBABADBCBAABBBCCBB	['C32D', 'D35C', 'C37B', 'C46D', 'A47B', 'A63D', 'C73B', 'D77C', 'C90B', 'A93B']	10	-3.1009517	-2.8836694	-5.9431257	-2.842174
BCCDDDCDCDDDDCDDABBAABCABDBACBDCAACDCBCABACBCDABCACBCCCCCBDBACDBBBCBCBBCBACADAACCCBBBADBCBAABBBCCBB	['C19B', 'D20A', 'D35C', 'C46D', 'A63D', 'A71B', 'C73B', 'A84B', 'C90B', 'A93B']	10	-2.884688	-3.6729631	-6.516157	-2.843194
BCCDDDCDCDDDDCDDABCDABCABDBACBDCAACDBBCABACBCCABCACBCCCCCBDBACABBBCBCBCCCACADAACCCBABADBCCAAABBCCBB	['D35C', 'C37B', 'A71C']	3	-4.6509333	-5.4713635	-8.314825	-2.8434615
BCCDDDCDCDDDDCDDABBDABCABDBACBDCAADDABCABACBCCABCACBCCCCCBDBACDBBBCBBBACCACADAACCCBABADBCCAAABBCCBB	['C19B', 'C37A', 'A63D', 'C69B']	4	-4.920355	-4.6515965	-7.7644796	-2.8441248
BCCDDDCDCCDDDCCDABCDABCABDBACBDCAADDCBCABACBCAAACACBCDCCCBDBADDABBCBCBACCACADAACCCBABADBCBAAABBCCBB	['D10C', 'D15C', 'C46A', 'B48A', 'C54D', 'C62D', 'A63D', 'B64A', 'C90B']	9	-2.5977383	-2.9105263	-5.7561455	-2.8456192
AAADDDCDCDDBDCDDABBDABCABDBACDDCAACAABCABACBCCABCACBCCCCDBDBACDBBBCBCBDACACADAACCCBABADBCCAAABBCCBB	['B1A', 'C2A', 'C3A', 'D12B', 'C19B', 'B30D', 'D35C', 'D36A', 'C37A', 'C57D', 'A63D', 'A71D', 'C72A']	13	-5.039463	-4.653462	-7.8854485	-2.8459854
BCCDDDCDCDDDBCDDABCCABCABDBACDDCAACACBCABACBCCABCACBCCCCDBDBCCDBBBCBCBACCACADAACCCBABADCCCAAABBCCBB	['D13B', 'D20C', 'B30D', 'D35C', 'D36A', 'C57D', 'A61C', 'A63D', 'B88C']	9	-4.653929	-5.384483	-8.23094	-2.846457
BCCDDDCDCDDDBCDDABCCABCABDBACDDCAACACBCABACBCCABCACBCCCCDBDBCCDBBBCBCBACCACADAACCCBABADCCCAAABBCCBB	['D13B', 'D20C', 'B30D', 'D35C', 'D36A', 'C57D', 'A61C', 'A63D', 'B88C']	9	-4.653929	-5.384483	-8.23094	-2.846457
BCCDDDCDCDDDDCDDABCDABCABDBACBDCAACABBCABACBCCABCACBCCCCCBDBACACBBCBCBACCACADAACCCBABADBCCAAABBCCBB	['D35C', 'D36A', 'C37B', 'B64C']	4	-4.6545134	-5.952449	-8.79949	-2.8470411
BCCDDDCDCDDDDDDDABCDABCABDBACBDCAACABBCACACBCCABCACBCCCCCBDBACDBBBCBCCACCACADAACCCBABADBCCADABBCCBB	['C14D', 'D35C', 'D36A', 'C37B', 'B41C', 'A63D', 'B70C', 'A92D']	8	-5.101726	-4.656419	-7.9506683	-2.8489423
BCCDDDCDCDDDBCDDABCDABCABDBACBDCAACDCBCABACBCDABCACBCCCCCBDBADDBBBCBCBBCCBCACAACCCBABADBCCAABBBCCBB	['D13B', 'D35C', 'C46D', 'C62D', 'A63D', 'A71B', 'A74B', 'D77C', 'A93B']	9	-2.8918095	-3.4932237	-6.3435373	-2.8503137
BCCDDDCDCDDDDCDDABBDABCABDBACBDCAACDBBCABACBCCABCACBCCCCCBDBACCBBBCBCBCCCACADAACCCBABADBCCAAABBCCBB	['C19B', 'D35C', 'C37B', 'A63C', 'A71C']	5	-4.6601715	-4.867935	-7.7206354	-2.8527002
BCCDDDCDCDDDDDDDABCDABCABDBACBDCAADDCBCACACBCDABCACBCCDCCBDBACABBBCBCBACCACADAACCBBABADBCCAAABBCCBB	['C14D', 'B41C', 'C46D', 'C55D', 'C82B']	5	-1.0868788	-2.9469786	-5.7998285	-2.85285
BCCDDDCDCDDDDCDDABCDABCABDBACBDCAADDABCACABBCDABCACBCCCCCBDBADDCBBCBDBACCACACAACCCBABADBCBADBBBCCBB	['C37A', 'B41C', 'C43B', 'C46D', 'C62D', 'A63D', 'B64C', 'C69D', 'D77C', 'C90B', 'A92D', 'A93B']	12	-2.895987	-3.1923199	-6.046813	-2.8544931
BCCDDDCDCDDDDCDDABCAABCABDBACBDCAACDCBCABACBCDABCACBCCDCDBDBACDCBBCBCBACCACADAACCCBABADBCBAABBBCCBB	['D20A', 'D35C', 'C46D', 'C55D', 'C57D', 'A63D', 'B64C', 'C90B', 'A93B']	9	-1.0886116	-2.4505167	-5.3051004	-2.8545837
BCCDDDCDCDDDDDCDABBDABCABDBACBDCAACDCBCACABBCCABCACBCCCCCBDBACDBBBCBCBACCACADAACCCBABADBCCAAABBCCBB	['C14D', 'D15C', 'C19B', 'D35C', 'B41C', 'C43B', 'A63D']	7	-4.8500357	-4.6620727	-7.7046337	-2.854598
BCCDDDCDCDDDBCDDABCDABCABDBACBDCAADACBCABACBCCABCACBCCCCCBDBACABBBCBCBACCACADAACCCBABADBCCAAABBCCBB	['D13B', 'D36A']	2	-4.6624136	-6.2155385	-9.0704775	-2.854939
BCCDDDCDCDDDBCDDABCDABCABDBACBDCAADACBCABACBCCABCACBCCCCCBDBACABBBCBCBACCACADAACCCBABADBCCAAABBCCBB	['D13B', 'D36A']	2	-4.6624136	-6.2155385	-9.0704775	-2.854939
BCCDDDCDCDDDDCDDABBDABCABDBACBDCAADDABCABACBCCABCACBCCCCCBDBACABBBCBCBACCACACAACCCBABADBCCAAABBCCBB	['C19B', 'C37A', 'D77C']	3	-4.662615	-5.821039	-8.676182	-2.8551426
BCDDDDCDCCDDDCDDABCDABCABDBACDDCAACAABCABACBCCABCACBCCCCCBDBACDBBBCBCBACCACADAACCCBABADCCCAAABBCCBB	['C3D', 'D10C', 'B30D', 'D35C', 'D36A', 'C37A', 'A63D', 'B88C']	8	-4.66303	-7.8517337	-10.7072935	-2.8555598
BCCDDDCDCDDDBCDDABCDABCABDBACBDCAADDABCACACBCCABCACBCCCCCBDBACABBBCBCBADCACACAACCCBABADBCCAAABBCCBB	['D13B', 'C37A', 'B41C', 'C72D', 'D77C']	5	-4.6631308	-5.850779	-8.706437	-2.855658
BCCDDDCDCDDDBCDDABCDABCABDBACBDCAADDABCACACBCCABCACBCCCCCBDBACABBBCBCBADCACACAACCCBABADBCCAAABBCCBB	['D13B', 'C37A', 'B41C', 'C72D', 'D77C']	5	-4.6631308	-5.850779	-8.706437	-2.855658
BCCDDDCDCDDDDCCDABCDABCABDBACBDCAACACBCABACBCCABCACBCCCCCBDBADABBBCBCBACCACADAACCCBABADBCCAAABBCCBB	['D15C', 'D35C', 'D36A', 'C62D']	4	-4.664774	-5.807137	-8.664439	-2.8573022
BCCDDDCDCDDDDCCDABCDABCABDBACBDCAACACBCABACBCCABCACBCCCCCBDBADABBBCBCBACCACADAACCCBABADBCCAAABBCCBB	['D15C', 'D35C', 'D36A', 'C62D']	4	-4.664774	-5.807137	-8.664439	-2.8573022
AAADDDCDCDDDDCDDABCDABCABDBACBDCAACDABCABACBCCABCACBCCCCCBDBACDBBBCBBBACCACADAACCCBABADBCCAAABBCCBB	['B1A', 'C2A', 'C3A', 'D35C', 'C37A', 'A63D', 'C69B']	7	-4.7663317	-4.665368	-7.6242266	-2.857895
AAADDDCDCDDDDCDDABCDABCABDBACBDCAACDABCABACBCCABCACBCCCCCBDBACDBBBCBBBACCACADAACCCBABADBCCAAABBCCBB	['B1A', 'C2A', 'C3A', 'D35C', 'C37A', 'A63D', 'C69B']	7	-4.7663317	-4.665368	-7.6242266	-2.857895
BCCDDDCDCDDDBCDDABCDABCABDBACBDCDADDABAABACBCCABCACBCCCCCBDBACACBBCBCBACCACADAACCCBABADBCCAAABBCCBB	['D13B', 'A33D', 'C37A', 'C39A', 'B64C']	5	-4.668398	-5.2246847	-8.08561	-2.8609257
BCCDDDCDCDDDDCDDABCDABCABDBACBDCAACDBBCACACBCCABCACBCCCCCBDBACABBBCBCBCCCACADAACCCBABADBCCAABBBCCBB	['D35C', 'C37B', 'B41C', 'A71C', 'A93B']	5	-4.671196	-5.4211426	-8.284865	-2.8637228
BCCDDDCDCDDDDCDDABCDABCABDBACBDCAADACBCACACBCCABCACBCCCCCBDBACDBBBCBCCACCACACAACCCBABADBCCAABBBCCBB	['D36A', 'B41C', 'A63D', 'B70C', 'D77C', 'A93B']	6	-4.6713953	-5.573342	-8.437262	-2.8639197
BCCDDDCDCCDDDCDDABBCABCABDBACBDCADCACBCACACBCDBBCACBCBCCCBDBACDBBBCBCBCCCACADAACCCBBCADBCBAABBBCCBB	['D10C', 'C19B', 'D20C', 'A34D', 'D35C', 'D36A', 'B41C', 'C46D', 'A47B', 'C54B', 'A63D', 'A71C', 'A84B', 'B85C', 'C90B', 'A93B']	16	-3.3278975	-2.905748	-6.1921415	-2.864244
BCCDDDCDCDDDDCDDABCDABCABDBACBDCAADDABCABACBCCABCCCBCCCCCBDBACABBBCBCBACCACADAACCCBABADBCCAAABBCCBB	['C37A', 'A50C']	2	-4.671998	-6.2057824	-9.070311	-2.8645282
BCCDDDCDCCDDDCDDABCDABCABDBACBDCAADDCBCABACBCDABCACBCCCCCBDBADDBBBCBABACCACACAACCCBBBADBCBAAABBCCBB	['D10C', 'C46D', 'C62D', 'A63D', 'C69A', 'D77C', 'A84B', 'C90B']	8	-2.9070282	-3.0634441	-5.928973	-2.865529
BCCDDDCDCDDBDCCDABCDABCABDBACBDCAADDCBCABACBCAABCACBCCCCCBDBACDCBBCBCAACCACADAACCCBABADBCCAAABBCCBB	['D12B', 'D15C', 'C46A', 'A63D', 'B64C', 'B70A']	6	-2.6188436	-3.7217474	-6.5884705	-2.866723
BCCDDDCDCDDDDCDDABCDABCABDBACBDCAADDBBCABACBCCABCACBCCCCCBDBADABBBCBCBBCCACACAACCCBABADBCCAAABBDCBB	['C37B', 'C62D', 'A71B', 'D77C', 'C96D']	5	-4.6742206	-5.439605	-8.306356	-2.8667512
BCCDDDCDCDDDBCDDABCCABCABDBACDDCAACABBCABACBCCABCACBCCCCDBDBACDBBBCBCBCCCACADAACCCBABADCCCAABBBCCBB	['D13B', 'D20C', 'B30D', 'D35C', 'D36A', 'C37B', 'C57D', 'A63D', 'A71C', 'B88C', 'A93B']	11	-4.6742797	-5.762616	-8.629423	-2.866807
BCCDDDCDCDDDDCDDABCDABCABDBACBDCAACDBBCABACBCCABCACBCCCCCBDBACABBBCBCBCCCACACAACCCBABADBCCAAABBCCBB	['D35C', 'C37B', 'A71C', 'D77C']	4	-4.6760836	-5.3885374	-8.257151	-2.8686132
BCCDDDCDCDDDBCDDABCAABCABDBACDDCAACACBCABACBDCABCACBCCCCCBDBACACBBCBCBACCACADAACCCBABADBCCAAABBCCBB	['D13B', 'D20A', 'B30D', 'D35C', 'D36A', 'C45D', 'B64C']	7	-4.677311	-7.675146	-10.544989	-2.8698425
BCCDDDCDCDDDDCDDABCDABCABDBACBDCAADACBCABACBCCABCACBCCCCCBDBACDBBBCBACACCACADAACCCBABADBCCAABBBCCBB	['D36A', 'A63D', 'C69A', 'B70C', 'A93B']	5	-4.677807	-6.0205092	-8.8908415	-2.8703322
BCCDDDCDCDDDDDCDABCDABCABDBACBDCAADDBBCACACBCCABCACBCCCCCBDCCCABBBCBCBACCACACAACCCBABADBCCAABBBCCBB	['C14D', 'D15C', 'C37B', 'B41C', 'B60C', 'A61C', 'D77C', 'A93B']	8	-4.7821608	-4.681453	-7.6561394	-2.8739786
BCCDDDCDCDDDBCDDABCDABCABDBACBDCAADDCBCABACBCDABCACBCCCCDBDBACDBBBCBCBACCACACAACCCBABADDCCAAABBCCBB	['D13B', 'C46D', 'C57D', 'A63D', 'D77C', 'B88D']	6	-3.011084	-2.9158802	-5.8854685	-2.8743844
BCCDDDCDCBDDBCDDABCAABCABDBACBDCAABACBCABACBCDABCACBCBDCCBDCADDCBBCBCBACCACADAACCCBABADBCBAAABBCCBB	['D10B', 'D13B', 'D20A', 'D35B', 'D36A', 'C46D', 'C54B', 'C55D', 'B60C', 'C62D', 'A63D', 'B64C', 'C90B']	13	-1.1096601	-2.2130613	-5.0886908	-2.8756294
BCCDDDCDCDDDDCDDABCCABCABDBACBDCAADABBCABACBCCABCACBCCCCDBDBACACDBCBCCACCACADAACCCBABADBCCAAABBCCBB	['D20C', 'D36A', 'C37B', 'C57D', 'B64C', 'B65D', 'B70C']	7	-5.56309	-4.6835513	-8.439166	-2.8760762
BCCDDDCDCDDDDCDDABCDABCABDBACBDCAACDABCABACBCCABCACBCCCCCBDBACDBBBCBCCACCACADAACCCBABADBCCAAABBCCBB	['D35C', 'C37A', 'A63D', 'B70C']	4	-4.6854153	-5.8014884	-8.679432	-2.8779435
BCCDDDCDCDDDDCDDABCDABCABDBACBDCAADDBBCABACBCCABCACBCCDCCBDBACDBBBCBBBACCACACAACCCBABADBCCAAABBCCBB	['C37B', 'C55D', 'A63D', 'C69B', 'D77C']	5	-2.8781085	-4.228444	-7.106551	-2.878107
BCCDDDCDCDDDDCDDABCDABCABDBACBDCAADDBBCABACBCCABCACBCCDCCBDBACDBBBCBBBACCACACAACCCBABADBCCAAABBCCBB	['C37B', 'C55D', 'A63D', 'C69B', 'D77C']	5	-2.8781085	-4.228444	-7.106551	-2.878107
BCCDDDCDCDDDDCDDABCDABCABDBACBDCAADDCBCABACBCDABCACBCCCCCBDBACCBBBCBCBACCACACAACCCBABADDCCAAABBCCBB	['C46D', 'A63C', 'D77C', 'B88D']	4	-2.9208188	-4.6461744	-7.5254974	-2.879323
BCCDDDCDCDDDDCDDABCAABCABDBACBDCAACDCBCABACBCDABCACBCCCCCBDBADDBBBCBCBBCBACADAACCCBABADBCBAABBBCCBB	['D20A', 'D35C', 'C46D', 'C62D', 'A63D', 'A71B', 'C73B', 'C90B', 'A93B']	9	-2.9244094	-3.154945	-6.037859	-2.882914
BCCDDDCDCDDDDCDDABCDABCABDBACBDCAADDBBCABABBCCABCACBCCCCCBDBACABBBCBCBACCACADAACCCBABADBCCAAABBCCBB	['C37B', 'C43B']	2	-4.690894	-5.688891	-8.572313	-2.8834224
BCCDDDCDCDDDDCDDABCDABCABDBACBDCAADDBBCABABBCCABCACBCCCCCBDBACABBBCBCBACCACADAACCCBABADBCCAAABBCCBB	['C37B', 'C43B']	2	-4.690894	-5.688891	-8.572313	-2.8834224
BCCDDDCDCCDCDDDCABCCABCABDBACBDCAACAABCACACBCDAACCCBCACCCBDBACCCBBCBCBACCACADAACCBBACADBCCAAABBCCBB	['D10C', 'D12C', 'C14D', 'D16C', 'D20C', 'D35C', 'D36A', 'C37A', 'B41C', 'C46D', 'B48A', 'A50C', 'C54A', 'A63C', 'B64C', 'C82B', 'B85C']	17	-3.7818756	-2.9252033	-6.6655807	-2.8837051
BCCDDDCDCDDBDCCDABBDABCABDBACBDCAADAABCACACBCDABCACBCCCCCBDCADABBBCBCBACCCCADAACCCBABADBCCAAABBCCBB	['D12B', 'D15C', 'C19B', 'D36A', 'C37A', 'B41C', 'C46D', 'B60C', 'C62D', 'A74C']	10	-4.8545113	-2.9273787	-7.7403975	-2.8858862
BCCDDDCDCDDBDCDDABBDABCABDBACBDCAADDCBCABACBCCABCACBCCCCCBDBACABBBCBDBACCACADAACCCBABADBCCAAABBCCBB	['D12B', 'C19B', 'C69D']	3	-4.6938972	-5.3494635	-8.235888	-2.886424
BCCDDDCDCDDBDCDDABBDABCABDBACBDCAADDCBCABACBCCABCACBCCCCCBDBACABBBCBDBACCACADAACCCBABADBCCAAABBCCBB	['D12B', 'C19B', 'C69D']	3	-4.6938972	-5.3494635	-8.235888	-2.886424
BCCDDDCDCCDDBCDDABCAABCABDBACBDCAADDCBCABACBCDABCACBCCCCCBDBACACBBBBCBACCACACAACCCBABADBCBAAABBCCBB	['D10C', 'D13B', 'D20A', 'C46D', 'B64C', 'C67B', 'D77C', 'C90B']	8	-2.929531	-3.4162378	-6.304269	-2.888031
AAADDDCDCDDDDCCDABCDABCABDBACBDCAACACBCACACBCCABCACBCCCCDBDBDCABBBCBCBACCACADAACCCBABADBCCAAABBCCBB	['B1A', 'C2A', 'C3A', 'D15C', 'D35C', 'D36A', 'B41C', 'C57D', 'A61D']	9	-5.315029	-4.696852	-8.204408	-2.8893785
BCCDDDCDCDDDDCDDABCDABCABDBACBDCDADDABCABACBCCABCACBCCCCCBDBACACBBCBCBACCACADDACCCBABADBCCAAABBCCBB	['A33D', 'C37A', 'B64C', 'A78D']	4	-4.697258	-5.8954277	-8.785215	-2.8897877
AAADDDCDCDDDDDDDABCDABCABDBACBDCAACDCBCABACBCCABCACBCCCCCBDBACDBBBCBCCACCACADAACCCBABADBCCAAABBCCBB	['B1A', 'C2A', 'C3A', 'C14D', 'D35C', 'A63D', 'B70C']	7	-4.6975937	-5.0169973	-7.907115	-2.8901176
BCCDDDCDCDDADCDDABBDABCABDBACBDCAADDABCABACBCCABCACBCCCCCBDBACACBBCBCBACCACADAACCCBABADBCCAAABBCCBB	['D12A', 'C19B', 'C37A', 'B64C']	4	-4.6986475	-6.0925713	-8.9837475	-2.8911762
BCCDDDCDCADDBCDDABCDABCABDBACBDCDADDABAABACBCCABCACBCCCCCBDBACACBBCBCCACCACADAACCCBABADBCCAAABBCCBB	['D10A', 'D13B', 'A33D', 'C37A', 'C39A', 'B64C', 'B70C']	7	-4.6987123	-4.8590803	-7.7503157	-2.8912354
BCCDDDCDCDDDDCDDABCCABCABDBACDDCAACACBCACACBCCABCACBCCCCCBDBADDBBBCBCBACCACACAACCCBABADBCCAABBBCCBB	['D20C', 'B30D', 'D35C', 'D36A', 'B41C', 'C62D', 'A63D', 'D77C', 'A93B']	9	-4.700594	-5.98695	-8.880068	-2.893118
AAADDDCDCCDDDCDDABCDABAABDBACBDCAACAABCABACBCDABCCCBCCCCCBDBADACBBCBBBACCACADAACCBBABADBCCAABBBCCBB	['B1A', 'C2A', 'C3A', 'D10C', 'C23A', 'D35C', 'D36A', 'C37A', 'C46D', 'A50C', 'C62D', 'B64C', 'C69B', 'C82B', 'A93B']	15	-3.3479242	-2.9369407	-6.243371	-2.8954468
BCCDDDCDCDDDDDDDABBDABCABDBACDDCAADDCBCABACBCCABCACBCCCCCBDBACACBBCBCBACCACADAACCCBABADBCCAAABBCCBB	['C14D', 'C19B', 'B30D', 'B64C']	4	-4.7035465	-6.760423	-9.656501	-2.8960776
BCCDDDCDCDDDDCDDABCDABCABDBACBDCAACDBBCABACBCCABCACBCCCCCBDBACABBBCBCBACCACADAACCCBABADBCCAAABBCCBB	['D35C', 'C37B']	2	-4.7044306	-5.5999527	-8.49691	-2.8969574
BCCDDDCDCDDDDCDDABCDABCABDBACBDCAACDBBCABACBCCABCACBCCCCCBDBACABBBCBCBACCACADAACCCBABADBCCAAABBCCBB	['D35C', 'C37B']	2	-4.7044306	-5.5999527	-8.49691	-2.8969574
BCCDDDCDCDDDDDDDABCDABCABDBACBDCAADDCBCACACBCDABCACBCCCCCBDBACACBBCBCBACCACADAACCABABADBCCAABBBCCBB	['C14D', 'B41C', 'C46D', 'B64C', 'C82A', 'A93B']	6	-2.9393525	-3.675828	-6.5736885	-2.8978605
BCCDDDCDCDDDDBDDABCDABCABDBACBDCAADDABCABACBCCABCACBCCCCCBDBADDBAACBAAACCACACAACCCBABADBCCAAABBCCBB	['C14B', 'C37A', 'C62D', 'A63D', 'B65A', 'B66A', 'C69A', 'B70A', 'D77C']	9	-4.7062197	-5.07789	-7.9766397	-2.8987498
BCCDDDCDCDDDDCCDABBDABCABDBACDDCAADDCBCABACBCDABCACBCCCCCBDBACABBBCBCBBCCACACAACCCBABADACCAAABBCCBB	['D15C', 'C19B', 'B30D', 'C46D', 'A71B', 'D77C', 'B88A']	7	-2.9426107	-4.969283	-7.8703995	-2.9011164
BCCDDDCDCDDDDCDDABCDABCABDBACDDCAACACBCABACBCCABCACBCCCCCBDBACDBBBCBCBACCACADAACCCBABADBCCAAABBCCBB	['B30D', 'D35C', 'D36A', 'A63D']	4	-4.7087812	-6.828971	-9.73028	-2.901309
BCCDDDCDCDDDDCDDABCDABCABDBACDDCAACACBCABACBCCABCACBCCCCCBDBACDBBBCBCBACCACADAACCCBABADBCCAAABBCCBB	['B30D', 'D35C', 'D36A', 'A63D']	4	-4.7087812	-6.828971	-9.73028	-2.901309
BCCDDDCDCDDDDCDDABCDABCABDBACDDCAACACBCABACBCCABCACBCCCCCBDBACDBBBCBCBACCACADAACCCBABADBCCAAABBCCBB	['B30D', 'D35C', 'D36A', 'A63D']	4	-4.7087812	-6.828971	-9.73028	-2.901309
BCCDDDCDCDDDDCDDABCDABCABDBACDDCAACACBCABACBCCABCACBCCCCCBDBACDBBBCBCBACCACADAACCCBABADBCCAAABBCCBB	['B30D', 'D35C', 'D36A', 'A63D']	4	-4.7087812	-6.828971	-9.73028	-2.901309
BCCDDDCDCBDDDCDDABCDABCABDBACDDCAACACBCABACBCCABCACBCCCCDBDBADDBBBCBBBACCACADAACCCBABADCCCAAABBCCBB	['D10B', 'B30D', 'D35C', 'D36A', 'C57D', 'C62D', 'A63D', 'C69B', 'B88C']	9	-4.709514	-4.873522	-7.775565	-2.9020433
BCCDDDCDCDDDDDDDABBDABCABDBACBDCAADDABCACACBCCABCACBCCCCCBDBACACBBCBCBACCACADAACCCBABADBCCAAABBCCBB	['C14D', 'C19B', 'C37A', 'B41C', 'B64C']	5	-4.710393	-5.509361	-8.412283	-2.9029222
BCCDDDCDCDDADCDDABBDABCABDBACBDCAACDABCACACBCCABCACBCCCCCBDBACDBBBCBCBABCACACAACCCBABADBCCAABBBCCBB	['D12A', 'C19B', 'D35C', 'C37A', 'B41C', 'A63D', 'C72B', 'D77C', 'A93B']	9	-5.226884	-4.711121	-8.130531	-2.9036474
BCCDDDCDCDDDDCDDABCDABCABDBACBDCAADDCBCABACBCDABCACBCCCCCBDBACDBBBCBCAACCACADAACCCBABADBCBAAABBCCBB	['C46D', 'A63D', 'B70A', 'C90B']	4	-2.9455876	-4.038242	-6.9423323	-2.9040904
BCCDDDCDCDDDDCCDABCDABCABDBACBDCAADAABCABACBCCABCACBCCCCDBDBACABBBCBCBADCACADAACCCBABADBCCAAABBCCBB	['D15C', 'D36A', 'C37A', 'C57D', 'C72D']	5	-4.712616	-5.261494	-8.166637	-2.9051433
AAADDDCDCDDDDCDDABCAABCABDBACBDCAADDABCABACBCDABCACBCCCCCBDBACDBBBCBCBCCCACACAACCCBABADBCBAAABBCCBB	['B1A', 'C2A', 'C3A', 'D20A', 'C37A', 'C46D', 'A63D', 'A71C', 'D77C', 'C90B']	10	-2.9473276	-3.0564432	-5.9622736	-2.9058304
BCCDDDCDCDDCDDCCABCDABCABDBACBDCAADDABCABACBCCABCACBCCCCCBDBACABBBCBCBACCACADAACCCBABADBCCAAABBCCBB	['D12C', 'C14D', 'D15C', 'D16C', 'C37A']	5	-4.713826	-5.6981974	-8.604549	-2.906352
BCCDDDCDCDDDDCDDABCDABCABDBACBDCAADDCBCABACBCBABCACBCCCCCBDBADDBBBCBCBBDBACACAACCCBABADBCBAABBBCCBB	['C46B', 'C62D', 'A63D', 'A71B', 'C72D', 'C73B', 'D77C', 'C90B', 'A93B']	9	-2.907086	-3.1449914	-6.0520706	-2.9070792
BCCDDDCDCBDDDCDDBBCAABCABDBACDDCAABACBCABACBCCABCACBCCCCCBDCBCDBBBCBCBADCACADAACCCBABADCCCAAABBCCBB	['D10B', 'A17B', 'D20A', 'B30D', 'D35B', 'D36A', 'B60C', 'A61B', 'A63D', 'C72D', 'B88C']	11	-4.716382	-7.8619204	-10.770828	-2.908908
BCCDDDCDCDDCDDDDABCDABCABDBACBDCAACDCBCABACBCCABCACBCCCCCBDBACDDBBCBBBACCACADAACCCBABADBCCAAABBCCBB	['D12C', 'C14D', 'D35C', 'A63D', 'B64D', 'C69B']	6	-4.863899	-4.717373	-7.773798	-2.9098988
BCCDDDCDCDDDBDDDABCDABCABDBACBDCAACDABCACACBCCABCACBCCCCCBDBACDBBBCBCBADCACADAACCCBABADBCCAAABBCCBB	['D13B', 'C14D', 'D35C', 'C37A', 'B41C', 'A63D', 'C72D']	7	-4.717413	-5.3223543	-8.232294	-2.9099398
BCCDDDCDCDDDBDDDABCDABCABDBACBDCAACDABCACACBCCABCACBCCCCCBDBACDBBBCBCBADCACADAACCCBABADBCCAAABBCCBB	['D13B', 'C14D', 'D35C', 'C37A', 'B41C', 'A63D', 'C72D']	7	-4.717413	-5.3223543	-8.232294	-2.9099398
BCCDDDCDCDDDBDDDABCDABCABDBACBDCAACDABCACACBCCABCACBCCCCCBDBACDBBBCBCBADCACADAACCCBABADBCCAAABBCCBB	['D13B', 'C14D', 'D35C', 'C37A', 'B41C', 'A63D', 'C72D']	7	-4.717413	-5.3223543	-8.232294	-2.9099398
BCCDDDCDCDDDBDDDABCDABCABDBACBDCAACDABCACACBCCABCACBCCCCCBDBACDBBBCBCBADCACADAACCCBABADBCCAAABBCCBB	['D13B', 'C14D', 'D35C', 'C37A', 'B41C', 'A63D', 'C72D']	7	-4.717413	-5.3223543	-8.232294	-2.9099398
BCCDDDCDCDDDBDDDABCDABCABDBACBDCAACDABCACACBCCABCACBCCCCCBDBACDBBBCBCBADCACADAACCCBABADBCCAAABBCCBB	['D13B', 'C14D', 'D35C', 'C37A', 'B41C', 'A63D', 'C72D']	7	-4.717413	-5.3223543	-8.232294	-2.9099398
BCCDDDCDCDDADCDDABCDABCABDBACBDCAADDCBCABACBCCABCACBCCCCCBDBACDBBBCBBBACCACACAACCCBABADBCCAAABBCCBB	['D12A', 'A63D', 'C69B', 'D77C']	4	-4.996913	-4.720323	-7.9097633	-2.9128504
BCCDDDCDCDDDBCDDABCDABCABDBACBDCAACDBBCABACBCCABCACBCCCCCBDCACACBBCBCBACCACADAACCCBABADBCCAAABBCCBB	['D13B', 'D35C', 'C37B', 'B60C', 'B64C']	5	-4.7207336	-5.5053806	-8.418641	-2.9132605
BCCDDDCDCDDDBCDCABCDABCABDBACBDCAADAABCABACBCCABCACBCCCCCBDCBDCCBBCBCBACCACADAACCCBABADBCCAAABBCCBB	['D13B', 'D16C', 'D36A', 'C37A', 'B60C', 'A61B', 'C62D', 'A63C', 'B64C']	9	-4.721051	-6.0852575	-8.9988365	-2.913579
BCCDDDCDCDDDDCCDABCDABCABDBACBDCAACDBBCABACBCCABCACBCCDCCBDBACDBBBCBBBACCACADAACCCBABADBCCAAABBCCBB	['D15C', 'D35C', 'C37B', 'C55D', 'A63D', 'C69B']	6	-2.915155	-4.3427396	-7.257888	-2.9151483
BCCDDDCDCDDDDCDDABCDABCABDBACBDCAACDCBCABACBCCABCACBCCCCCBDBACDBBBCBBBACCACADAACCCBABADBCCAAABBCCBB	['D35C', 'A63D', 'C69B']	3	-4.7802114	-4.7289605	-7.7016993	-2.9214878
BCCDDDCDCDDDDCDDABCDABCABDBACBDCAACDCBCABACBCCABCACBCCCCCBDBACDBBBCBBBACCACADAACCCBABADBCCAAABBCCBB	['D35C', 'A63D', 'C69B']	3	-4.7802114	-4.7289605	-7.7016993	-2.9214878
BCCDDDCDCDDDDCDDABCDABCABDBACBDCAACDCBCABACBCCABCACBCCCCCBDBACDBBBCBBBACCACADAACCCBABADBCCAAABBCCBB	['D35C', 'A63D', 'C69B']	3	-4.7802114	-4.7289605	-7.7016993	-2.9214878
BCCDDDCDCDDDDCDDABBDABCABDBACBDCDADDABCABACBCCABCACBCCCCCBDBACACBBCBCBACCACADAACCCBABADBCCAAABBCCBB	['C19B', 'A33D', 'C37A', 'B64C']	4	-4.729679	-5.4471607	-8.3693695	-2.9222088
BCCDDDADCDDDDCDDABCDABCABDBACBDCAADDCBCABACBCCABCACBCCCCCBDBADCBBBCBCBACCACADAACCCBABADBCCAAABBCCBB	['C7A', 'C62D', 'A63C']	3	-4.7302675	-5.6228986	-8.545694	-2.9227958
BCCDDDCDCCDDBCDDABCDABCABDBACBDCAACDABCACACBBCABCACBCCCCCBDBACDBBBCBCBCACACACAACCCBACADBCCAAABBCCBB	['D10C', 'D13B', 'D35C', 'C37A', 'B41C', 'C45B', 'A63D', 'A71C', 'C72A', 'D77C', 'B85C']	11	-4.7315497	-5.3984413	-8.322517	-2.924076
BCCDDDCDCADDBCDDABCDABCABDBACBDCDADDCBCABACBBCABCACBCCCCCBDBACCCBBCBCBACCACADAACCCBABADBCCAAABBCCBB	['D10A', 'D13B', 'A33D', 'C45B', 'A63C', 'B64C']	6	-4.733262	-5.709544	-8.635333	-2.9257889
BCCDDDCDCDDDDDCDABCDABCABDBACDDCBADDCBCACACBCCABCACBCCCCCBDCDCCBBBCBCBACCACADAACCCBABADCCCAAABBCCBB	['C14D', 'D15C', 'B30D', 'A33B', 'B41C', 'B60C', 'A61D', 'A63C', 'B88C']	9	-4.7343326	-7.5548706	-10.48173	-2.9268599
BCCDDDCDCDDDDCDDABCAABCABDBACBDCAACACBCABACBCDABCACBCCCCCBDBADDBBBCBCBACBACADAACCCBABADBCBAAABBCCBB	['D20A', 'D35C', 'D36A', 'C46D', 'C62D', 'A63D', 'C73B', 'C90B']	8	-4.048775	-2.9685955	-6.975875	-2.9270997
BCCDDDCDCDDCDDDDABCDABCABDBACBDCAADDABCABACBCCABCACBCCCCCBDBACDBBBCBBBACCACADAACCCBABADBCCAAABBCCBB	['D12C', 'C14D', 'C37A', 'A63D', 'C69B']	5	-4.992218	-4.7347703	-7.9195175	-2.9272995
BCCDDDCDCDDCDDDDABCDABCABDBACBDCAADDABCABACBCCABCACBCCCCCBDBACDBBBCBBBACCACADAACCCBABADBCCAAABBCCBB	['D12C', 'C14D', 'C37A', 'A63D', 'C69B']	5	-4.992218	-4.7347703	-7.9195175	-2.9272995
BCCDDDCDCDDADCDDABCDABCABDBACDDCAADDBBCABACBCCABCACBCCCCDBDBACDBBBCBCBACCACACAACCCBABADCCCAAABBCCBB	['D12A', 'B30D', 'C37B', 'C57D', 'A63D', 'D77C', 'B88C']	7	-4.735003	-5.5096374	-8.437165	-2.927528
BCCDDDCDADDDBCDDABCDABCABDBACDDCAACACBCABACBCCABCACBCCCCDBDBADDDBBCBCBACCACADAACCCBABADCCCAAABBCCBB	['C9A', 'D13B', 'B30D', 'D35C', 'D36A', 'C57D', 'C62D', 'A63D', 'B64D', 'B88C']	10	-4.73517	-6.075764	-9.003464	-2.9276996
BCCDDDCDCADDDCDDABBDABCABDBACBDCAADDCBCABACBCBABCACBCCCCCBDBACACBBCBCBACCACACAACCCBABADBCBAABBBCCBB	['D10A', 'C19B', 'C46B', 'B64C', 'D77C', 'C90B', 'A93B']	7	-2.928358	-3.499596	-6.427947	-2.928351
BCCDDDCDCDDADCDDABCDABCABDBACBDCAADDCBCABACBCCABCACBCCCCCBDBADABBBCBCBACCACACAACCCBABADBCCAAABBCCBB	['D12A', 'C62D', 'D77C']	3	-4.7388287	-5.529054	-8.460411	-2.931357
BCCDDDCDCDDDDDCCABCDABCABDBACBDCAADDABAABACBCCABCACBCCCCCBDBACCBBBCBABACCACADAACCCBABADBCCAAABBCCBB	['C14D', 'D15C', 'D16C', 'C37A', 'C39A', 'A63C', 'C69A']	7	-4.7398796	-5.0585546	-7.9909563	-2.9324017
BCCDDDCDCDDDDCDDABCDABCABDBACBDCAACDCBCACACBCCABCACBCCCCCBDBACABBBCBCBADCACADAACCCBABADBCCAAABBCCBB	['D35C', 'B41C', 'C72D']	3	-4.740349	-5.640607	-8.573481	-2.9328737
BCCDDDCDCDDDDDDDABCDABCABDBACDDCAADDABCACACBCCABCACBCCCCCBDBACACBBCBCBACCACADAACCCBABADBCCAAABBCCBB	['C14D', 'B30D', 'C37A', 'B41C', 'B64C']	5	-4.7406435	-7.049667	-9.982841	-2.9331737
BCCDDDCDCDDDDDDDABCDABCABDBACDDCAADDABCACACBCCABCACBCCCCCBDBACACBBCBCBACCACADAACCCBABADBCCAAABBCCBB	['C14D', 'B30D', 'C37A', 'B41C', 'B64C']	5	-4.7406435	-7.049667	-9.982841	-2.9331737
BCCDDDCDCDDDDCDDABBDABCABDBACBDCAADDABCABACBCDABCAABCCCCCBDBACACBBCBCBACAACACAACCCBABADBCCAAABBCCBB	['C19B', 'C37A', 'C46D', 'C51A', 'B64C', 'C73A', 'D77C']	7	-2.97467	-4.2164354	-7.1496124	-2.933177
BCCDDDCDCDDDDCDDABCDABCABDBACDDCAACABBCABACBCCABCACBCCCCDBDBACDBBBCBCBCCCACADAACCCBABADBCBAAABBCCBB	['B30D', 'D35C', 'D36A', 'C37B', 'C57D', 'A63D', 'A71C', 'C90B']	8	-4.741567	-4.775077	-7.7091713	-2.9340944
BCCDDDCDCDDDDDCDABCDABCABDBACBDCAACDBBCABACBCCABCACBCCCCCBDBACABBBCBCBACCACADAACCCBABADBCCAAABBCCBB	['C14D', 'D15C', 'D35C', 'C37B']	4	-4.745558	-5.54027	-8.478354	-2.9380846
BCCDDDCDCDDDDDCDABCDABCABDBACBDCAACDBBCABACBCCABCACBCCCCCBDBACABBBCBCBACCACADAACCCBABADBCCAAABBCCBB	['C14D', 'D15C', 'D35C', 'C37B']	4	-4.745558	-5.54027	-8.478354	-2.9380846
BCCDDDCDCDDDDDCDABCDABCABDBACBDCAACDBBCABACBCCABCACBCCCCCBDBACABBBCBCBACCACADAACCCBABADBCCAAABBCCBB	['C14D', 'D15C', 'D35C', 'C37B']	4	-4.745558	-5.54027	-8.478354	-2.9380846
BCCDDDCDCDDDDDCDABCDABCABDBACBDCAACDBBCABACBCCABCACBCCCCCBDBACABBBCBCBACCACADAACCCBABADBCCAAABBCCBB	['C14D', 'D15C', 'D35C', 'C37B']	4	-4.745558	-5.54027	-8.478354	-2.9380846
BCCDDDCDCCDDDCCDABCDABCABDBACBDCAADABBCABACBBDABCACBCCCCCBDBACDBBBCBABACDACADAACCBBABADBCBAABBBCCBB	['D10C', 'D15C', 'D36A', 'C37B', 'C45B', 'C46D', 'A63D', 'C69A', 'C73D', 'C82B', 'C90B', 'A93B']	12	-3.2166295	-2.9825883	-6.1577187	-2.9410892
BCCDDDCDCDDABDDDABCDABCABDBACBDCAADDCBCACACBCCABCACBCCCCCBDBACDBBBCBCBACCACADAACCCBABADBCCAAABBCCBB	['D12A', 'D13B', 'C14D', 'B41C', 'A63D']	5	-4.7504168	-4.986218	-7.929159	-2.9429412
BCCDDDCDCADDBCDCABCDABCABDBACDDCAACACBCABACBCCABCACBCCCCCBDBADCBBBCBCBACCACADAACCCBABADBCCAAABBCCBB	['D10A', 'D13B', 'D16C', 'B30D', 'D35C', 'D36A', 'C62D', 'A63C']	8	-4.7516174	-6.015684	-8.9598255	-2.9441414
BCCDDDCDCDDDDDDDABCDABCABDBACBDCAACDBBCABACBCCABCACBCCCCCBDBACDBBBCBCBACCACADDACCCBABADBCCAAABBCCBB	['C14D', 'D35C', 'C37B', 'A63D', 'A78D']	5	-4.7517004	-5.0265236	-7.9707556	-2.944232
BCCDDDCDCDDDDCDDABCDABCABDBACBDCAACDBBCABACBCCABCACBCCCCCBDBACDBBBCBCCACCACADAACCCBABADBCCAAABBCCBB	['D35C', 'C37B', 'A63D', 'B70C']	4	-4.7526407	-5.087133	-8.032301	-2.945168
BCCDDDCDCDDDDCDDABCDABCABDBACBDCAACDBBCABACBCCABCACBCCCCCBDBACDBBBCBCCACCACADAACCCBABADBCCAAABBCCBB	['D35C', 'C37B', 'A63D', 'B70C']	4	-4.7526407	-5.087133	-8.032301	-2.945168
BCCDDDCDCDDCDDDDABCDABCABDBACBDCAACABBCABACBCCABCACBCCCCCBDBACDBBBCBCBACCACADAACCCBABADBCCAABBBCCBB	['D12C', 'C14D', 'D35C', 'D36A', 'C37B', 'A63D', 'A93B']	7	-4.7534037	-5.3582125	-8.304142	-2.9459295
BCCDDDCDCBDDDDDDABCDABCABDBACBDCAADDCBCACACBCBABCACBCCCCCBDBACDCBBCBCCACCACACAACCCBABADBCCAAABBCCBB	['D10B', 'C14D', 'B41C', 'C46B', 'A63D', 'B64C', 'B70C', 'D77C']	8	-3.4467053	-2.9496608	-6.3963585	-2.9496531
BCCDDDCDCBDDDDDDABCDABCABDBACBDCAADDCBCACACBCBABCACBCCCCCBDBACDCBBCBCCACCACACAACCCBABADBCCAAABBCCBB	['D10B', 'C14D', 'B41C', 'C46B', 'A63D', 'B64C', 'B70C', 'D77C']	8	-3.4467053	-2.9496608	-6.3963585	-2.9496531
BCCDDDCDCDDDDCDDABCDABCABDBACBDCAACABBCABACBCCABCACBCCCCCBDBACBBBBCBCBADCACADAACCCBABADBCCAAABBCCBB	['D35C', 'D36A', 'C37B', 'A63B', 'C72D']	5	-4.757369	-5.130589	-8.080485	-2.9498963
BCCDDDCDCDDDBCDDABCDABCABDBACDDCAACACBCACACBCCABCACBCCCCCBDBADDBBBCBCBCCCACADAACCCBABADCCCAAABBCCBB	['D13B', 'B30D', 'D35C', 'D36A', 'B41C', 'C62D', 'A63D', 'A71C', 'B88C']	9	-4.757854	-6.54337	-9.4937525	-2.9503827
BCCDDDCDCDDDDCDDABCDABCABDBACBDCCADDCBBABACBCDABCACBCCCCCBDBACDBBBCBDBCCCACADAACCCBABADCCCAAABBCCBB	['A33C', 'C39B', 'C46D', 'A63D', 'C69D', 'A71C', 'B88C']	7	-2.9925466	-4.8271756	-7.7782307	-2.951055
BCCDDDCDCDDDDDCDABCDABCABDBACBDCAACDBBCABACBCCABCACBCCCCCBDBACACDBCBCBACCACADAACCCBABADBCCAAABBCCBB	['C14D', 'D15C', 'D35C', 'C37B', 'B64C', 'B65D']	6	-4.759679	-5.9343143	-8.886519	-2.9522052
BCCDDDCDCDDDDCDDABCDABCABDBACDDCAADAABCABACBCCABCACBCCCCDBDBACDBBBCBCBACCACADAACCCBABADBCCAAABBCCBB	['B30D', 'D36A', 'C37A', 'C57D', 'A63D']	5	-4.762768	-5.7625446	-8.717839	-2.9552946
BCCDDDCDCDDDDDCDABCDABCABDBACBDCAACABBCABACBCCABCACBCCCCCBDBACABBBCBCBACCACADAACCCBABADBDCAAABBCCBB	['C14D', 'D15C', 'D35C', 'D36A', 'C37B', 'C89D']	6	-4.7655807	-5.9363227	-8.89443	-2.9581075
BCCDDDCDCDDDDADDABADABCABDBACBDCAADDABCABACBCCABCACBCCCCCBDBACABBBCBCBACCACADAACCCBABADBCCAAABBCCBB	['C14A', 'C19A', 'C37A']	3	-4.7674255	-5.805767	-8.765723	-2.9599562
BCCDDDCDCDDDDCDDABCDABCABDBACBDCAACDABCACACBCCABCACBCCCCCBDBDCACBBCBCBACCACADAACCCBABADBCCAAABBCCBB	['D35C', 'C37A', 'B41C', 'A61D', 'B64C']	5	-4.7677717	-6.598359	-9.558661	-2.9603024
BCCDDDCDCDDADCDDABCDABCABDBACDDCAACACBCABACBCCABCACBCCCCCBDBACDCBBCBCBACCACADAACCCBABADBCCAAABBCCBB	['D12A', 'B30D', 'D35C', 'D36A', 'A63D', 'B64C']	6	-4.769964	-7.0176783	-9.980172	-2.962494
BCCDDDCDCDDDDCDDABCDABCABDBACBDCAACACBCACACBCCABCACBCCCCABDBADCBBBCBCBACCACADAACCCBABADBCCAAABBCCBB	['D35C', 'D36A', 'B41C', 'C57A', 'C62D', 'A63C']	6	-4.9535866	-4.77102	-7.9171352	-2.9635487
BCCDDDCDCDDDDCDDABCDABCABDBACBDCAACDCBCABACBCDABCACBCCCCCBDBACDBBBCBCBADCACADAACCCBABADDCCAAABBCCBB	['D35C', 'C46D', 'A63D', 'C72D', 'B88D']	5	-3.0058522	-4.4791327	-7.443488	-2.9643555
BCCDDDCDCDDDDCDDABCDABCABDBACBDCAADDCBCABACBCCABCACBCCCCCBDBACABBBCBCCACCACADAACCCBABADBCCAAABBCCBB	['B70C']	1	-4.771925	-6.0249205	-8.989373	-2.9644527
BCCDDDCDCDDDDCDDABCDABCABDBACDDCAACAABCABACBCCABCACBCCCCCBDBCCDBBBCBCBACCACADAACCCBABADBCCAAABBCCBB	['B30D', 'D35C', 'D36A', 'C37A', 'A61C', 'A63D']	6	-4.7778254	-6.6417017	-9.612055	-2.9703531
BCCDDDCDCDDDDCDDABCDABCABDBACDDCAACACBCACACBCCABCACBCCCCCBDBADDBBBCBCBACCACACAACCCBABADBCCAABBBCCBB	['B30D', 'D35C', 'D36A', 'B41C', 'C62D', 'A63D', 'D77C', 'A93B']	8	-4.779002	-6.252386	-9.223915	-2.971529
BCCDDDCDCDDABCDDABBDABCABDBACBDCAADDABCABACBCCABCACBCCCCCBDBACACBBCBCBACCACADAACCCBABADBCCAAABBCCBB	['D12A', 'D13B', 'C19B', 'C37A', 'B64C']	5	-4.78329	-6.0889025	-9.06472	-2.9758177
BCCDDDCDCDDDBCDCABCDABCABDBACBDCAACDABCACACBCCABCACBCCCCCBDBACACBBCBCBACCACACAACCCBABADBCCAAABBCCBB	['D13B', 'D16C', 'D35C', 'C37A', 'B41C', 'B64C', 'D77C']	7	-4.7832966	-5.6041503	-8.579973	-2.975823
BCCDDDCDCDDDDCDDABCDABCABDBACBDCAADABBCABACBCCABCACBCCCCCBDBACABBBCBCBACCACADAACCCBABADBCCAAABBCCBB	['D36A', 'C37B']	2	-4.7848806	-5.8379316	-8.815339	-2.9774075
BCCDDDCDCDDDDCDDABCDABCABDBACBDCAADABBCABACBCCABCACBCCCCCBDBACABBBCBCBACCACADAACCCBABADBCCAAABBCCBB	['D36A', 'C37B']	2	-4.7848806	-5.8379316	-8.815339	-2.9774075
BCCDDDCDCDDDDCDDABCDABCABDBACBDCAADABBCABACBCCABCACBCCCCCBDBACABBBCBCBACCACADAACCCBABADBCCAAABBCCBB	['D36A', 'C37B']	2	-4.7848806	-5.8379316	-8.815339	-2.9774075
BCCDDDCDCDDDDCDDABCDABCABDBACBDCAADDCBCABACBCBABCACBCCCCCBDCCCDBBBCBCBACCACADAACCCBABADDCCAAABBCCBB	['C46B', 'B60C', 'A61C', 'A63D', 'B88D']	5	-2.9783778	-3.6346269	-6.612998	-2.9783711
BCCDDDCDCADADCDDABCDABCABDBACDDCAADDCBCABACBBCABCACBCCCCCBDBACDBBBCBCBACCACACAACCCBABADCCCAABBBCCBB	['D10A', 'D12A', 'B30D', 'C45B', 'A63D', 'D77C', 'B88C', 'A93B']	8	-4.786688	-8.076153	-11.05537	-2.9792175
BCCDDDCDCBDADCCDABBDABCABDBACBDCAADDCBCABACBCBABCACBCCCCCBDBACCBBBCBCBADCCCADAACCCBABADBCCAAABBCCBB	['D10B', 'D12A', 'D15C', 'C19B', 'C46B', 'A63C', 'C72D', 'A74C']	8	-2.9849768	-3.350956	-6.335929	-2.984973
BCCDDDCDCDDDBCDDABCDABCABDBACDDCAACACBCABACBCCABCACBCCCCCBDBACDBBBCBCBACCACADAACCCBABADBCCAAABBCCBB	['D13B', 'B30D', 'D35C', 'D36A', 'A63D']	5	-4.7934227	-6.8253016	-9.811252	-2.98595
BCCDDDCDCDDDBCDDABCDABCABDBACDDCAACACBCABACBCCABCACBCCCCCBDBACDBBBCBCBACCACADAACCCBABADBCCAAABBCCBB	['D13B', 'B30D', 'D35C', 'D36A', 'A63D']	5	-4.7934227	-6.8253016	-9.811252	-2.98595
BCCDDDCDCDDDDCDDABCDABCABDBACBDCAADDABCABACBCCABCACBCCCCCBDBACDBBBCBCBABCACACAACCCBABADBCCAAABBDCBB	['C37A', 'A63D', 'C72B', 'D77C', 'C96D']	5	-4.7937713	-5.297692	-8.283993	-2.986301
AAADDDCDCCDDBCDBABCCADCABDBACBDCAACACBCABACBCDABCACBCCCCCBDBADDBBBCBCBCCCACADAACCCABBADBCCAAABBCCBB	['B1A', 'C2A', 'C3A', 'D10C', 'D13B', 'D16B', 'D20C', 'B22D', 'D35C', 'D36A', 'C46D', 'C62D', 'A63D', 'A71C', 'B83A', 'A84B']	16	-3.2435899	-3.0303311	-6.2324257	-2.9888358
BCCDDDCDCDDDDCDDABCDABCABDBACBDCAADDCBCABACBCCABCACBCCCCCBDBACABBBCBCCACCACACAACCCBABADBCCAAABBCCBB	['B70C', 'D77C']	2	-4.7970743	-5.9420943	-8.931697	-2.9896026
AAADDDCDCDDDDCDDABBDABCABDBACBDCDADDABCABACBCCABCACBCCCCCBBBACACBBCBCBACCACADAACCCBABADBCCAAABBCCBB	['B1A', 'C2A', 'C3A', 'C19B', 'A33D', 'C37A', 'D59B', 'B64C']	8	-4.797434	-5.1324587	-8.12242	-2.9899616
BCCDDDCDCDDDDCDDABCDABCABDBACBDCAADDCBCACACBCCABCACBCCCCCBDBACACBBCBBBACCACACAACCCBABADBCCAAABBCCBB	['B41C', 'B64C', 'C69B', 'D77C']	4	-4.7988577	-4.86288	-7.854267	-2.991387
AAADDDCDCDDDDCDDABCCABCABDBACDDCAACAABCABACBCCABCACBCCCCCBDCACDBBBCBCBACCACACAACCCBABADCCCAAABBCCBB	['B1A', 'C2A', 'C3A', 'D20C', 'B30D', 'D35C', 'D36A', 'C37A', 'B60C', 'A63D', 'D77C', 'B88C']	12	-4.7993245	-6.9561763	-9.948026	-2.9918494
BCCDDDDDCDDDDCDDABCDABCABDBACBDCAADDCBCABACBCCABCACBCCCCCBDBACABBBCBCBACCACADAACCCBABADBCCAAABBCCBB	['C7D']	1	-4.8013678	-6.292938	-9.286835	-2.9938965
BCCDDDCDCDDCDDDDABCDABCABDBACBDCDADDABCABACBCCABCACBCCCCCBDBACACBBCBCBACCACADAACCCBABADBCCAAABBCCBB	['D12C', 'C14D', 'A33D', 'C37A', 'B64C']	5	-4.8015423	-5.530335	-8.524407	-2.9940724
BCCDDDCDCADDBDDDABCDABCABDBACBDCAADDABCABACBCDABCACBCCCCCBDBACCBBBCBCBACCCCACAACCCBABADBCCAABBBCCBB	['D10A', 'D13B', 'C14D', 'C37A', 'C46D', 'A63C', 'A74C', 'D77C', 'A93B']	9	-3.035636	-3.8948913	-6.8890305	-2.9941392
BCCDDDCDCDDADCDDABCDABCABDBACBDCAADDABCACACBCCABCACBCCCCCBDBACDBBBBBABACCACADAACCCBABADBCCAAABBCCBB	['D12A', 'C37A', 'B41C', 'A63D', 'C67B', 'C69A']	6	-4.802023	-5.0345917	-8.029139	-2.994547
BCCDDDCDCCDDDCCDABCDABCABDBACBDCAACABBCACACBCCABCACBCCCCDBDBBCABBBCBCBACCACADAACCCBABADBCCAABBBCCBB	['D10C', 'D15C', 'D35C', 'D36A', 'C37B', 'B41C', 'C57D', 'A61B', 'A93B']	9	-4.8072367	-4.8302984	-7.83006	-2.9997616
BCCDDDCDCDDBDCDDABBDABCABDBACBDCAACACBCABACBCCABCACBCCCCCBDBACACBBCBCBACCACADAACCCBABADBCCAAABBCCBB	['D12B', 'C19B', 'D35C', 'D36A', 'B64C']	5	-4.807953	-5.6784825	-8.678963	-3.0004802
BCCDDDCDCDDDDCCDABCDABCABDBACBDCAADDCBCABACBCDABCACBCCCCCBDBACDBBBCBCAACCACADAACCCBABADBCCAAABBCCBB	['D15C', 'C46D', 'A63D', 'B70A']	4	-3.0427113	-4.2142305	-7.2154436	-3.001213
AAADDDCDCCDDDCDDABCAABCABDBACBDCAADDCBCACACBCDABCACBCCDCCBDBADDBBBBBCBACDACACAACCCBABADBCBAABBBCCBB	['B1A', 'C2A', 'C3A', 'D10C', 'D20A', 'B41C', 'C46D', 'C55D', 'C62D', 'A63D', 'C67B', 'C73D', 'D77C', 'C90B', 'A93B']	15	-1.2357264	-1.3029633	-4.30466	-3.0016966
BCCDDDCDCCDDDCDDABCAABCABDBACBDCAACDABCABACBCDABCACBCCCCCBDBADDBBBCBCBDCBACADAACCCBBBADBCBAABBBCCBB	['D10C', 'D20A', 'D35C', 'C37A', 'C46D', 'C62D', 'A63D', 'A71D', 'C73B', 'A84B', 'C90B', 'A93B']	12	-3.0444736	-3.6205153	-6.623495	-3.0029798
BCCCDDCDCDDDDCDDABCDABCABDBACBDCAADDCBCABACBCDABCCCBCCCCCBDBACDBBBCBBBACCACCDAACCCBABADBCCAAABBCCBB	['D4C', 'C46D', 'A50C', 'A63D', 'C69B', 'A76C']	6	-3.0586696	-3.0455933	-6.062763	-3.0040936
BCCDDDCDCDDDDCCDABCDABCABDBACDDCAACCCBCACACBCCABCACBCCCCCBDCACDBBBCBCBACCACADAACCCBABADCCCAAABBCCBB	['D15C', 'B30D', 'D35C', 'D36C', 'B41C', 'B60C', 'A63D', 'B88C']	8	-4.8123565	-6.8614974	-9.866381	-3.0048833
BCCDDDCDCADDDCDDBBCDABCABDBACBDCAADDABCABACBBCABCACBCCCCCBDBACDBBBCBCBACCACADAACCCBABADBCCAABBBCCBB	['D10A', 'A17B', 'C37A', 'C45B', 'A63D', 'A93B']	6	-4.813566	-7.032726	-10.038822	-3.0060964
BCCDDDCDCDDDDCDDABCDABCABDBACBDCAACABBCABACBCCABCACBCCCCCBDBACDBBBCBABACCACADAACCCBABADBCCAAABBCCBB	['D35C', 'D36A', 'C37B', 'A63D', 'C69A']	5	-4.814414	-5.227895	-8.234835	-3.00694
BCCDDDCDCDDDBCDDABCDABCABDBACBDCAADDCBCABACBCDABCACBCCCCCBDBACDDBBCBCBACCACACAACCCBABADBCBAAABBCCBB	['D13B', 'C46D', 'A63D', 'B64D', 'D77C', 'C90B']	6	-3.0497804	-3.5977511	-6.6060343	-3.0082831
AAADDDCDCDDADDDDABCDABCABDBACDDCAACDCBCABACBCCABCACBCCCCCBDBADDBBBCBCBACCACACAACCCBABADBCCAABBBCCBB	['B1A', 'C2A', 'C3A', 'D12A', 'C14D', 'B30D', 'D35C', 'C62D', 'A63D', 'D77C', 'A93B']	11	-4.8178005	-6.0550537	-9.06538	-3.0103264
AAADDDCDCDDADDDDABCDABCABDBACDDCAACDCBCABACBCCABCACBCCCCCBDBADDBBBCBCBACCACACAACCCBABADBCCAABBBCCBB	['B1A', 'C2A', 'C3A', 'D12A', 'C14D', 'B30D', 'D35C', 'C62D', 'A63D', 'D77C', 'A93B']	11	-4.8178005	-6.0550537	-9.06538	-3.0103264
BCCDDDCDCCDDDCDDABCDABCABDBACBDCAADDCBCABACBCDABCACBCCCCCBDBACCBBBCBCBBCCACACAACCCBABADBCCAAABBCCBB	['D10C', 'C46D', 'A63C', 'A71B', 'D77C']	5	-3.052639	-3.7495532	-6.7606955	-3.0111423
BCCDDDCDCDDADCDDABCDABCABDBACBDCAADACBCABACBCCABCACBCCCCCBDBADDBBBCBABACCACADAACCCBABADBCCAAABBCCBB	['D12A', 'D36A', 'C62D', 'A63D', 'C69A']	5	-4.8236647	-5.2398233	-8.256013	-3.0161896
BCCDDDCDCDDDDDDDABBDABCABDBACBDCAADDCBCABACBCCABCACBCCCCCBDBACABBBCBCBACCACACAACCCBABADBCCAAABBCCBB	['C14D', 'C19B', 'D77C']	3	-4.828556	-5.4332194	-8.454306	-3.0210862
BCCDDDCDCDDDDCCDABCDABCABDBACBDCAACDBBCABACBCCABCACBCCCCCBDCACABBBCBCBACCACADAACCCBABADBCCAAABBCCBB	['D15C', 'D35C', 'C37B', 'B60C']	4	-4.8286552	-5.4260035	-8.447185	-3.021181
BCCDDDCDCCDDDCDDABCAABCABDBACBDCAACACBCACACBCDABCACBCCCCCBDBADDBBBCBCBDABACADAACCCBBBADBCBAABBBCCBB	['D10C', 'D20A', 'D35C', 'D36A', 'B41C', 'C46D', 'C62D', 'A63D', 'A71D', 'C72A', 'C73B', 'A84B', 'C90B', 'A93B']	14	-3.1578794	-3.0631514	-6.179535	-3.0216556
BCCDDDCDCDDDDCDDABCDABCABDBACBDCAACDCBCABACBCDABCACBCCCCCBDBACCCBBCBCBBDDACADAACCCBABADBCBAABBBCCBB	['D35C', 'C46D', 'A63C', 'B64C', 'A71B', 'C72D', 'C73D', 'C90B', 'A93B']	9	-3.064991	-3.8655267	-6.889023	-3.0234962
BCCDDDCDCDDBDCDDABBDABCABDBACBDCAADDCBCACACBCDABCACBCCCCCBDBACDBBBCBCBACCACACAACCCBABADDCCAABBBCCBB	['D12B', 'C19B', 'B41C', 'C46D', 'A63D', 'D77C', 'B88D', 'A93B']	8	-3.066259	-3.5771828	-6.601945	-3.0247622
BCCDDDCDCCDDDCDDABCDABCABDBACBDCAADDCBCABACBCBABCACBCCCCCBDBACCBBBCBCBBCCACADAACCCBABADBCCAAABBCCBB	['D10C', 'C46B', 'A63C', 'A71B']	4	-3.0274887	-3.7908883	-6.8183727	-3.0274844
BCCDDDCDCDDDDCDDABCDABCABDBACBDCAADDABCABACBCBABCACBCCCCCBDBADDBBBCBCBBCBACACAACCCBABADBCBAABBBCCBB	['C37A', 'C46B', 'C62D', 'A63D', 'A71B', 'C73B', 'D77C', 'C90B', 'A93B']	9	-3.0283093	-3.400825	-6.4291315	-3.0283065
BCCDDDCDCDDDDCDDABCDABCABDBACBDCAACACBCACACBCCABCACBCCCCCBDBADCBBBCBCBACCACADAACCCBABADBCCAAABBCCBB	['D35C', 'D36A', 'B41C', 'C62D', 'A63C']	5	-4.835923	-5.1648164	-8.193268	-3.0284514
BCCDDDCDCDDDDCDDABCDABCABDBACBDCAACACBCACACBCCABCACBCCCCCBDBADCBBBCBCBACCACADAACCCBABADBCCAAABBCCBB	['D35C', 'D36A', 'B41C', 'C62D', 'A63C']	5	-4.835923	-5.1648164	-8.193268	-3.0284514
BCCDDDCDCCDDDCDDABCDABCABDBACBDCAADDABCACACBCDABCACBCCCCCBDCACDCBBCBCBACBACACAACCCBABADBCBAABBBCCBB	['D10C', 'C37A', 'B41C', 'C46D', 'B60C', 'A63D', 'B64C', 'C73B', 'D77C', 'C90B', 'A93B']	11	-3.3603392	-3.0738316	-6.3926744	-3.0323353
BCCDDDCDCDDBDCDDABCDABCABDBACBDCDADCABCABACBCCABCACBCCCCCBDBBCACBBCBCBACCACADAACCCBABADBCCAAABBCCBB	['D12B', 'A33D', 'D36C', 'C37A', 'A61B', 'B64C']	6	-4.840501	-6.3150253	-9.348058	-3.0330324
BCCDDDCDCDDDDCDDABABABCABDBACBDCAADDCBCABACBCDABCACBCCCCCBDBACCBBBCBCBACCACADAACCCBABADBCCAAABBCCBB	['C19A', 'D20B', 'C46D', 'A63C']	4	-3.1918821	-3.0786533	-6.2290373	-3.0371552
BCCDDDCDCDDDDCDDABCDABCABDBACBDCAADDCBCACACBCCABCACBCCCCCBDCADABBBCBCBACCACADADCCCBABADBCCAAABBCCBB	['B41C', 'B60C', 'C62D', 'A79D']	4	-4.846135	-4.8705015	-7.9091635	-3.038662
BCCDDDCDCDDDDCDCABCDABCABDBACBDCAADACBCABACBCCABCACBCCCCCBDBACABBBCBCBACCACADAACCCBABADBCCAAABBCCBB	['D16C', 'D36A']	2	-4.8469687	-5.9353104	-8.974807	-3.0394964
BCCDDDCDCDDDDCDCABCDABCABDBACBDCAADACBCABACBCCABCACBCCCCCBDBACABBBCBCBACCACADAACCCBABADBCCAAABBCCBB	['D16C', 'D36A']	2	-4.8469687	-5.9353104	-8.974807	-3.0394964
BCCDDDCDCDDCDCDDABADABCABDBACBDCAACDCBCABACBCCAACACBCCCCCBDBACDBDBCBCBCCCACACAACCCBABADBCCAAABBCCBB	['D12C', 'C19A', 'D35C', 'B48A', 'A63D', 'B65D', 'A71C', 'D77C']	8	-4.8490486	-5.5381203	-8.5796995	-3.0415792
BCCDDDCDCADDBCCDABCCABCABDBACBDCAACACBCABACBBBABCACBCCCCCBDBADDBBBCBCBCCCACADAACCCBABADACBAABBBCCBB	['D10A', 'D13B', 'D15C', 'D20C', 'D35C', 'D36A', 'C45B', 'C46B', 'C62D', 'A63D', 'A71C', 'B88A', 'C90B', 'A93B']	14	-3.0422873	-3.6431394	-6.685417	-3.0422778
BCCDDDCDCADDBCCDABCCABCABDBACBDCAACACBCABACBBBABCACBCCCCCBDBADDBBBCBCBCCCACADAACCCBABADACBAABBBCCBB	['D10A', 'D13B', 'D15C', 'D20C', 'D35C', 'D36A', 'C45B', 'C46B', 'C62D', 'A63D', 'A71C', 'B88A', 'C90B', 'A93B']	14	-3.0422873	-3.6431394	-6.685417	-3.0422778
BCCDDDCDCDDDDCDDABCDABCABDBACBDCAADDCBCABACBCDABCACBCCCCCBDBACCBBBCBCBAACACADAACCCBABADBDCAAABBCCBB	['C46D', 'A63C', 'C72A', 'C89D']	4	-3.0867696	-3.990293	-7.035569	-3.0452762
BCCDDDCDCDDDBDDDABCDABCABDBACBDCAADACBCABACBCBABCACBCCCCCBDBACDDBBCBCBBCCACACAACCCBABADBCBAABBBCCBB	['D13B', 'C14D', 'D36A', 'C46B', 'A63D', 'B64D', 'A71B', 'D77C', 'C90B', 'A93B']	10	-3.0459304	-4.2366567	-7.2825823	-3.0459256
BCCDDDCDCDDDDCCDABBDABCABDBACBDCAADDCBCACACBCCABCACBCCCCCBDBACABBBCBCCACCACADAACCCBABADBCCAABBBCCBB	['D15C', 'C19B', 'B41C', 'B70C', 'A93B']	5	-4.854644	-5.5957246	-8.642892	-3.0471673
BCCDDDCDCDDDBCDDABCDABCABDBACBDCAADDCBCABACBCDABCACBCCCCCBDCACDCBBCBCBACCACACAACCCBABADBCBAABBBCCBB	['D13B', 'C46D', 'B60C', 'A63D', 'B64C', 'D77C', 'C90B', 'A93B']	8	-3.0926666	-3.5952282	-6.6463976	-3.0511694
BCCDDDCDCDDDDCDDABCDABCABDBACDDCAACAABCABACBCCABCACBBCCCCBDBACDBBACBCBCCCADADAACCCBABADCCCAAABBCCBB	['B30D', 'D35C', 'D36A', 'C37A', 'C53B', 'A63D', 'B66A', 'A71C', 'C75D', 'B88C']	10	-4.860028	-7.6306925	-10.683253	-3.0525608
BCCDDDCDCDDDBCCDABCCABCABDBACBDCAACABBCABACBCCABCACBCCCCCBDBACACDBCBCBACCACADAACCCBABADBCCAAABBCCBB	['D13B', 'D15C', 'D20C', 'D35C', 'D36A', 'C37B', 'B64C', 'B65D']	8	-4.8674326	-5.994338	-9.0542965	-3.0599585
BCCDDDCDCDDBDCDDABCDABCABDBACDDCAADDCBCABACBCCABCACBCCCCCBDBADDBBBCBBBACCACADAACCCBABADBCCAAABBCCBB	['D12B', 'B30D', 'C62D', 'A63D', 'C69B']	5	-4.868925	-5.134073	-8.195526	-3.0614533
BCCDDDCDCDDDBCDDABCDABCABDBACDDCAACACBAABACBCCABCACBCCCCDBDBACDBBBCBCBACCACADAACCCBABADBCCAAABBCCBB	['D13B', 'B30D', 'D35C', 'D36A', 'C39A', 'C57D', 'A63D']	7	-5.2156506	-4.8693676	-8.277542	-3.0618916
BCCDDDCDCDDDDDDDABCDABCABDBACBDCAACDABCACACBCCABCACBCCCCCBDBACDBBBCBABACCACADAACCCBABADBCCAAABBCCBB	['C14D', 'D35C', 'C37A', 'B41C', 'A63D', 'C69A']	6	-4.870034	-5.1952505	-8.2578125	-3.062562
BCCDDDCDCDDBBDDCABCDABCABDBACBDCAACDABCABACBCCABCACBCCCCCBDBACACBBCBCBACCACADAACCCBABADBCCAAABBCCBB	['D12B', 'D13B', 'C14D', 'D16C', 'D35C', 'C37A', 'B64C']	7	-4.873005	-5.7688947	-8.834427	-3.0655322
BCCDDDCDCDDDDCDDABCDABCABDBACDDCAACAABCABACBCCABCACBCCCCCBDBADDBBBCBCBACCACADAACCCBABADBCCAAABBCCBB	['B30D', 'D35C', 'D36A', 'C37A', 'C62D', 'A63D']	6	-4.873473	-6.7185135	-9.784517	-3.0660038
BCCDDDCDCCDDDDCDABCDABCABDBACBDCAADDABCABACBCCABCACBCCCCCBDBACABBBCBBBACCACADAACCCBABADBCCAAABBCCBB	['D10C', 'C14D', 'D15C', 'C37A', 'C69B']	5	-4.875515	-5.3487124	-8.416757	-3.0680442
AAADDDCDCDDDDCDDABCDABCABDBACBDCAACABBCABACBCCABCACBCCCCCBDBACDBDBCBCBACCACADAACCCBABADBCCAAABBCCBB	['B1A', 'C2A', 'C3A', 'D35C', 'D36A', 'C37B', 'A63D', 'B65D']	8	-4.8761063	-5.2006893	-8.269321	-3.0686321
BCCDDDCDCADDDCDDABCDABCABDBACBDCAADDCBCABACBCDABCACBCCDCCBDBACDBBBCBCBACDACACAACCCBABADBCBAAABBCCBB	['D10A', 'C46D', 'C55D', 'A63D', 'C73D', 'D77C', 'C90B']	7	-1.3048391	-2.320961	-5.3917694	-3.0708084
BCCDDDCDCDDDDCDCABCDABCABDBACBDCAADDCBCABACBCCABCACBCCCCCBDCADABBBCBCBACCACACAACCCBABADBCCAAABBCCBB	['D16C', 'B60C', 'C62D', 'D77C']	4	-4.878504	-4.965549	-8.036579	-3.0710301
BCCDDDCDCDDDDDDDABCDABCABDBACBDCAADDCBCACACBCDABCACBCCCCCBDBACDBBBCBCBACCACADAACCCBABADBCCAAABBCCBB	['C14D', 'B41C', 'C46D', 'A63D']	4	-4.1473284	-3.113308	-7.21914	-3.0718117
BCCDDDCDCDDDDCDDBBCDABCABDBACBDCAADDCBCABACBCCABCACBCCCCCBDBACCBDBCBCBACCACADAACCCBABADBCCAAABBCCBB	['A17B', 'A63C', 'B65D']	3	-4.8806477	-6.556968	-9.630144	-3.073176
BCCDDDCDCDDDDCCDABCDABCABDBACBDCAACACBCACACBCCABCACBCCCCDBDCBCABBBCBCBACCACADAACCCBABADBCCAAABBCCBB	['D15C', 'D35C', 'D36A', 'B41C', 'C57D', 'B60C', 'A61B']	7	-5.5052547	-4.8850784	-8.58286	-3.0776052
BCCDDDCDCDDDDCDDABCDABCAADBACBDCAACACBCACACBCCABCACBCCCCCBDBACDBBBCBCBACCACADAACCCBABADBCCAAABBCCBB	['B25A', 'D35C', 'D36A', 'B41C', 'A63D']	5	-4.886487	-5.3424325	-8.421445	-3.0790124
BCCDDDCDCDDDDCCDABCDABCABDBACBDCAACACBCABACBCCABCACBCCCCDBDBBCABBBCBCBACCACADAACCCBABADBCCAAABBCCBB	['D15C', 'D35C', 'D36A', 'C57D', 'A61B']	5	-4.891967	-5.4719505	-8.556444	-3.0844936
BCCDDDCDCDDDDCDDABCDABCABDBACBDCAACDABCABACBCCABCACBCCCCCBDCACDBBBCBBBACCACADAACCCBABADBCCAAABBCCBB	['D35C', 'C37A', 'B60C', 'A63D', 'C69B']	5	-5.30902	-4.893035	-8.394584	-3.0855637
BCCDDDCDCDDDBCDDABBDABCABDBACBDCAADDCBCABABBCCABCACBCCCCCBDBACABBBCBCBACCACADAACCCBABADBCCAAABBCCBB	['D13B', 'C19B', 'C43B']	3	-4.8955812	-5.692467	-8.780576	-3.0881085
AAADDDCDCDDDDCCDABCDABCABDBACBDCAADDABCABACBCCABCACBCCCCCBDBACACBBCBBCACCACACAACCCBABADBCCAAABBCCBB	['B1A', 'C2A', 'C3A', 'D15C', 'C37A', 'B64C', 'C69B', 'B70C', 'D77C']	9	-4.8974123	-5.292316	-8.382256	-3.0899396
BCCDDDCDCDDBDCCDABBDABCABDBACBDCAADACBCACACBCCABCACBCCCCCBDBACABBBCBCBACCACADAACCCBABADBCCAAABBCCBB	['D12B', 'D15C', 'C19B', 'D36A', 'B41C']	5	-4.8979874	-5.1411514	-8.231666	-3.0905142
BCCDDDCDCDDBDCCDABBDABCABDBACBDCAADABBCABACBCCABCACBCCCCCBDBACABBBCBCBADCACADAACCCBABADBCCAAABBCCBB	['D12B', 'D15C', 'C19B', 'D36A', 'C37B', 'C72D']	6	-4.899395	-5.254992	-8.346912	-3.0919204
BCCDDDCDCDDABCDDABBDABCABDBACDDCAADACBCACABBCCABCACBCCCCCBDBACDBBBCBCBBCCACADAACCCBABADCCCAABBBCCBB	['D12A', 'D13B', 'C19B', 'B30D', 'D36A', 'B41C', 'C43B', 'A63D', 'A71B', 'B88C', 'A93B']	11	-4.901591	-7.4017515	-10.495869	-3.0941172
BCCDDDCDCDDDDCDDABCDABCABDBACBDCAACACBCABACBCCABCACBCCCCCBDBACABBBCBCBACCACADAACCCBABADBCCAAABBCCBB	['D35C', 'D36A']	2	-4.904667	-6.2556214	-9.352817	-3.0971951
BCCDDDCDCDDDDCDDABBDABCABDBACBDCAADACBCABACBCCABCACBCCCCCBDBACABBBCBCBACCACADAACCCBABADBCCAAABBCCBB	['C19B', 'D36A']	2	-4.9049253	-5.8451777	-8.942629	-3.0974512
BCCDDDCDCDDDDCDDABBDABCABDBACBDCAADACBCABACBCCABCACBCCCCCBDBACABBBCBCBACCACADAACCCBABADBCCAAABBCCBB	['C19B', 'D36A']	2	-4.9049253	-5.8451777	-8.942629	-3.0974512
BCCDDDCDCDDDDCCDABCDABCABDBACBDCAADDCBCACACBCDABCACBCCCCCBDBACDBBBCBCBACCACADAACCCBABADCCCAABBBCCBB	['D15C', 'B41C', 'C46D', 'A63D', 'B88C', 'A93B']	6	-3.14146	-4.2388086	-7.338772	-3.0999632
BCCDDDCDCDDBDCDDABBDABCABDBACBDCAACDCBCACACBCCABCACBCCCCCBDBACABBBCBCBACCACADAACCCBABADBCCAAABBCCBB	['D12B', 'C19B', 'D35C', 'B41C']	4	-5.0822363	-4.9081182	-8.18288	-3.100644
BCCDDDCDCCDDDCDDABCDABCABDBACBDCAADDCBCACACBCBABCACBCCCCCBDBACCCBBCBCBACCACADAACCCBABADBCCAABBBCCBB	['D10C', 'B41C', 'C46B', 'A63C', 'B64C', 'A93B']	6	-3.103406	-3.7256746	-6.829076	-3.1034012
BCCDDDCDCDDBDCDDABBDABCABDBACBDCAADDCBCABACBCCABCACBCCCCCBDBADABBBCBCBABCADACAACCCBABADBCCAABBBCCBB	['D12B', 'C19B', 'C62D', 'C72B', 'C75D', 'D77C', 'A93B']	7	-4.9119167	-4.952671	-8.057117	-3.1044464
BCCDDDCDCDDADCDDABCDABCABDBACBDCAADDBBCACACBCCABCACBCCCCCBDBADABBBCBCBCCCACACAACCCBABADBCCAABBBCCBB	['D12A', 'C37B', 'B41C', 'C62D', 'A71C', 'D77C', 'A93B']	7	-4.9127054	-4.9689684	-8.074203	-3.1052341
BCCDDDCDCBDDDCDDABCDABCABDBACBDCAADDBBCABACBCBABCACBCCCCCBDBCCABBBCBCCACCACACAACCCBABADDCCAAABBCCBB	['D10B', 'C37B', 'C46B', 'A61C', 'B70C', 'D77C', 'B88D']	7	-3.1064944	-3.8150234	-6.9215107	-3.1064873
BCCDDDCDCCDDDCDDABCDABCABDBACBDCAADDCBCABACBCDABCACBCCCCCBDBACABBBCBCBACDACACAACCCBABADBCBAAABBCCBB	['D10C', 'C46D', 'C73D', 'D77C', 'C90B']	5	-3.9246774	-3.149438	-7.0326166	-3.1079392
BCCDDDCDCDDADCDDABCDABCABDBACBDCAACABBCABACBCCABCACBCCCCCBDBADDBBBCBCBADCACADAACCCBABADBCCAABBBCCBB	['D12A', 'D35C', 'D36A', 'C37B', 'C62D', 'A63D', 'C72D', 'A93B']	8	-4.9163027	-5.3933787	-8.502209	-3.10883
AAADDDCDCDDCDDDDABCDABCABDBACBDCAACACBCACACBCCABCACBCCCCCBDBACACBBCBCBACCACADAACCCBABADBCCAAABBCCBB	['B1A', 'C2A', 'C3A', 'D12C', 'C14D', 'D35C', 'D36A', 'B41C', 'B64C']	9	-4.917018	-5.228325	-8.337871	-3.1095457
BCCDDDCDCDDDBCDDABCDABCABDBACDDCAACAABCABACBCCABCACBCCCCCBDBACDBBBCBCBACCACADAACCCAABADBCCAAABBCCBB	['D13B', 'B30D', 'D35C', 'D36A', 'C37A', 'A63D', 'B83A']	7	-4.9179974	-7.6875525	-10.79808	-3.110528
BCCDDDCDCDDDBCDDABCDABCABDBACBDCAADACBCABACBCCABCACBCCCCCBDBACABBBCBABACCACADAACCCBABADBCCAAABBCCBB	['D13B', 'D36A', 'C69A']	3	-4.9183407	-6.162012	-9.272879	-3.1108665
BCCDDDCDCDDDDCDDABCAABCABDBACBDCAADDABCABACBCDABCACBCCCCCBDBACDBBBCBCBACCACACAACCCBABADBCBAAABBCCBB	['D20A', 'C37A', 'C46D', 'A63D', 'D77C', 'C90B']	6	-3.1545901	-3.581705	-6.6947994	-3.1130943
BCCDDDCDCCDBDCDDABCDABCABDBACBDCAADACBCACACBCCABCACBCCCCDBDBDCABBBCBCBACCACADAACCCBABADBCCAABBBCCBB	['D10C', 'D12B', 'D36A', 'B41C', 'C57D', 'A61D', 'A93B']	7	-4.923789	-4.93834	-8.054653	-3.116313
BCCDDDCDCDDDDCCDABCDABCABDBACDDCAACAABCABACBCCABCACBCCCCCBDBACABBBCBCBCCCADADAACCCBABADCCCAABBBCCBB	['D15C', 'B30D', 'D35C', 'D36A', 'C37A', 'A71C', 'C75D', 'B88C', 'A93B']	9	-4.931545	-9.132756	-12.256835	-3.1240788
BCCDDDCDCDDDDBDDABCDABCABDBACBDCAADAABCABACBCCABCACBCCCCCBDBACACBBCBCBACCACADAACCCBABADBCCAAABBCCBB	['C14B', 'D36A', 'C37A', 'B64C']	4	-4.9319954	-6.399873	-9.524396	-3.1245232
BCCDDDCDCDDDBCDDABCDABCABDBACDDCAACAABCABACBCCABCACBCCCCCBDBACDBBBCBCBACCACADAACCCBABADBCCAAABBCCBB	['D13B', 'B30D', 'D35C', 'D36A', 'C37A', 'A63D']	6	-4.9333086	-7.1583815	-10.284219	-3.1258373
BCCDDDCDCDDDDCCDABCDABCABDBACDDCAACABBCABACBCCABCACBCCCCCBDBACDBBBCBCBACCADADAACCCBABADBCCAAABBCCBB	['D15C', 'B30D', 'D35C', 'D36A', 'C37B', 'A63D', 'C75D']	7	-4.9343233	-6.878352	-10.005204	-3.126852
BCCDDDCDCDDDDCDCABCDABCABDBACBDCAACDCBCABACBCCABCACBCCCCCBDBACACBBCBCCACCACACAACCCBABADBCCAAABBCCBB	['D16C', 'D35C', 'B64C', 'B70C', 'D77C']	5	-4.9359035	-5.7727137	-8.901144	-3.1284304
BCCDDDCDCDDBDDCDABBDABCABDBACBDCAADDABCACACBCCABCACBCCCCCBDBACABBBCBCBACCACADAACCCBABADBCCAAABBCCBB	['D12B', 'C14D', 'D15C', 'C19B', 'C37A', 'B41C']	6	-4.9363537	-5.1451025	-8.273982	-3.1288795
BCCDDDCDCDDDDCCDABCDABCABDBACBDCAADACBCACACBCCABCACBCCCCDBDBDCABBBCBCBACCACADAACCCBABADBCCAABBBCCBB	['D15C', 'D36A', 'B41C', 'C57D', 'A61D', 'A93B']	6	-4.9377975	-5.4247613	-8.555084	-3.130323
BCCDDDCDCDDDBCDDABCDABCABDBACDDCAAAACBCABACBCCABCACBCCCCDBDBACDBBBCBCBACCACADAACCCBABADBCCAAABBCCBB	['D13B', 'B30D', 'D35A', 'D36A', 'C57D', 'A63D']	6	-4.9441843	-5.4938064	-8.630515	-3.1367087
BCCDDDCDCDDDDCDDABCDABCABDBACBDCAACDABCABACBCCABCACBCCCCCBDBACDBBBCBBBACCACACAACCCBABADBCCAAABBCCBB	['D35C', 'C37A', 'A63D', 'C69B', 'D77C']	5	-4.9452467	-4.979213	-8.116989	-3.137776
BCCDDDCDCDDDDDDDABBDABCABDBACBDCAADDCBCABACBCCABCACBCCCCCBDBACACBBCBCCACCACADAACCCBABADBCCAAABBCCBB	['C14D', 'C19B', 'B64C', 'B70C']	4	-4.9476414	-5.674254	-8.814424	-3.1401696
BCCDDDCDCDDDDDDDABBDABCABDBACBDCAADDCBCABACBCCABCACBCCCCCBDBACACBBCBCCACCACADAACCCBABADBCCAAABBCCBB	['C14D', 'C19B', 'B64C', 'B70C']	4	-4.9476414	-5.674254	-8.814424	-3.1401696
BCCDDDCDCDDDDCDDABCDABCABDBACDDCAACACBCABACBCCABCACBCCCCDBDBACDBBBCBCBACCACADAACCCBABADBCCAAABBCCBB	['B30D', 'D35C', 'D36A', 'C57D', 'A63D']	5	-4.9497766	-5.465875	-8.608178	-3.142303
BCCDDDCDCDDBDCDDABBDABCABDBACBDCAADDCBCACACBCCABCACBCCCCCBDBACCBBBCBCBACCACADAACCCBABADBCCAAABBDCBB	['D12B', 'C19B', 'B41C', 'A63C', 'C96D']	5	-5.1970725	-4.951644	-8.341244	-3.1441712
BCCDDDCDCDDDDCDDABCDABCABDBACBDCAADDBBCABABBCCABCACBCCDCCBDBCDDBBBCBBBACCACACAACCCBABADBCCAAABBCCBB	['C37B', 'C43B', 'C55D', 'A61C', 'C62D', 'A63D', 'C69B', 'D77C']	8	-3.1454334	-3.3899078	-6.5353403	-3.1454325
BCCDDDCDCDDDDCDDABCDABCABDBACBDCAADDABCABACBCCABCCCBCCCCCBDBACDBBBCBBBACCACADAACCCBABADBCCAAABBCCBB	['C37A', 'A50C', 'A63D', 'C69B']	4	-4.9548874	-4.9535136	-8.10093	-3.1460428
BCCDDDCDCDDBDCDCABBDABCABDBACBDCAADCABBACACBCCABCACBCCCCCBDBACACBBCBCBADCACACAACCCBABADBCCAAABBCCBB	['D12B', 'D16C', 'C19B', 'D36C', 'C37A', 'C39B', 'B41C', 'B64C', 'C72D', 'D77C']	10	-4.954648	-5.759278	-8.906455	-3.1471772
BCCDDDCDCDDDDDDDABCDABCABDBACBDCAADDCBCACACBCDABCACBCCCCCBDBACDCBBCBCCACCACACAACCCBABADBCCAAABBCCBB	['C14D', 'B41C', 'C46D', 'A63D', 'B64C', 'B70C', 'D77C']	7	-4.3167114	-3.1886873	-7.4639006	-3.1471891
BCCDDDCDCCDDDCCDABCDABCABDBACBDCAACABBCACABBCCABCACBCCCCDBDBBCABBBCBCBACCACADAACCCBABADBCCAABBBCCBB	['D10C', 'D15C', 'D35C', 'D36A', 'C37B', 'B41C', 'C43B', 'C57D', 'A61B', 'A93B']	10	-5.120594	-4.955651	-8.26877	-3.1481762
BCCDDDCDCDDDDCDDABCDABCABDBACBDCAADDCBCACACBBCABCACBCCCCCBDBACDBBBCBCBADCACACAACCCBABADBCCAABBBCCBB	['B41C', 'C45B', 'A63D', 'C72D', 'D77C', 'A93B']	6	-4.956292	-6.1962976	-9.345118	-3.14882
BCCDDDCDCDDDDCDDABCDABCABDBACBDCDADDCBCACACBCCABCACBCCCCCBDBACACDBCBCBACCACADAACCCBABADBCCAAABBCCBB	['A33D', 'B41C', 'B64C', 'B65D']	4	-4.9583893	-5.3861847	-8.5371	-3.1509151
BCCDDDCDCADDDCCDABCDABCABDBACDDCAADDCBCACACBBCABCACBCCCCDBDBACDDBBCBCCACCACACAACCCBABADCCCAAABBCCBB	['D10A', 'D15C', 'B30D', 'B41C', 'C45B', 'C57D', 'A63D', 'B64D', 'B70C', 'D77C', 'B88C']	11	-4.9591737	-6.1713667	-9.323069	-3.151702
BCCDDDCDCDDDDCCDABCDABCABDBACBDCAACDBBCABACBCCABCACBCCCCCBDBACDBDBCBCCACCACADAACCCBABADBCCAAABBCCBB	['D15C', 'D35C', 'C37B', 'A63D', 'B65D', 'B70C']	6	-4.9593267	-5.3981304	-8.54998	-3.1518497
BCCDDDCDCDDDDCCDABCDABCABDBACBDCAACDBBCABACBCCABCACBCCCCCBDBACDBDBCBCCACCACADAACCCBABADBCCAAABBCCBB	['D15C', 'D35C', 'C37B', 'A63D', 'B65D', 'B70C']	6	-4.9593267	-5.3981304	-8.54998	-3.1518497
AAADDDCDCDDBDCDDABCDABCABDBACDDCAADDCBCABACBCDABCACBCCCCCBDBACDBBBCBCBACCACACAACCCBABADBCCACBBBCCBB	['B1A', 'C2A', 'C3A', 'D12B', 'B30D', 'C46D', 'A63D', 'D77C', 'A92C', 'A93B']	10	-3.1962457	-4.545291	-7.70004	-3.154749
BCCDDDCDCDDDBCCDABCDABCABDBACDDCAACAABCABACBDCABCACBCCCCDBDBACDBBBCBCBACCACADAACCCBABADBCCAAABBCCBB	['D13B', 'D15C', 'B30D', 'D35C', 'D36A', 'C37A', 'C45D', 'C57D', 'A63D']	9	-4.963228	-6.0426846	-9.198445	-3.1557608
BCCDDDCDCDDDDCDDABCCABCABDBACBDCAACACBCABACBCDBBCACBCDDCDBDBADDBBBCBCBBDDACADAACCCBBCADBCBAABBBCCBB	['D20C', 'D35C', 'D36A', 'C46D', 'A47B', 'C54D', 'C55D', 'C57D', 'C62D', 'A63D', 'A71B', 'C72D', 'C73D', 'A84B', 'B85C', 'C90B', 'A93B']	17	-1.4122586	-1.3980451	-4.5762796	-3.164021
BCCDDDCDCDDDDCDDABCDABCABDBACBDCAACABBCABACBCCABCACBCCCCCBDCACDBBBCBCBACCACACAACCCBABADBCCAAABBCCBB	['D35C', 'D36A', 'C37B', 'B60C', 'A63D', 'D77C']	6	-4.972561	-5.0295906	-8.194678	-3.1650877
BCCDDDCDCCDDDCDDABBDABCABDBACBDCAACABBCABACBBCABCACBCCCCCBDBACDBBBCBCBACCACACAACCCBACADBCCACBBBCCBB	['D10C', 'C19B', 'D35C', 'D36A', 'C37B', 'C45B', 'A63D', 'D77C', 'B85C', 'A92C', 'A93B']	11	-4.973105	-5.769194	-8.934828	-3.1656337
BCCDDDCDCDDDBCCDABCDABCABDBACDDCAACAABCABACBBCABCACBCCCCCBDBADDCBBCBCBACCADADAACCCBABADCCCADABBCCBB	['D13B', 'D15C', 'B30D', 'D35C', 'D36A', 'C37A', 'C45B', 'C62D', 'A63D', 'B64C', 'C75D', 'B88C', 'A92D']	13	-4.97467	-8.59938	-11.766586	-3.1672068
BCCDDDCDCDDBBCDDABBDABCABDBACBDCAACDCBCABACBCCABCACBCCCCCBDBACACDBCBCBADCACADAACCCBABADBCCAAABBCCBB	['D12B', 'D13B', 'C19B', 'D35C', 'B64C', 'B65D', 'C72D']	7	-4.975298	-5.7936087	-8.961433	-3.1678247
BCCDDDCDCDDDDCDDABCCABCABDBACDDCAACABBCACACBCCABCACBCCCCCBDBADACBBCBCBACCACACAACCCBABADCCCAAABBCCBB	['D20C', 'B30D', 'D35C', 'D36A', 'C37B', 'B41C', 'C62D', 'B64C', 'D77C', 'B88C']	10	-4.976588	-6.617119	-9.786238	-3.169119
BCCDDDCDCDDDDCDDABCDABCABDBACBDCAADDBBCACACBCCABCACBCCCCCBDCACABBBCBCBACCACADAACCCBABADBCCAAABBCCBB	['C37B', 'B41C', 'B60C']	3	-4.9908237	-4.976666	-8.160016	-3.1691923
BCCDDDCDCDDDDCDDABCDABCABDBACBDCAADDBBCABACBCCABCACBCCCCCBDBACABBBCBCCACCACADAACCCBABADBCCAAABBCCBB	['C37B', 'B70C']	2	-4.9790354	-5.6436443	-8.815207	-3.1715622
BCCDDDCDCDDDBDDDABCDABCABDBACBDCCADACBCABACBCDABCACBCCCCCBDBADDBBBCBCBCCBACADAACCCBABADBCBAABBBCCBB	['D13B', 'C14D', 'A33C', 'D36A', 'C46D', 'C62D', 'A63D', 'A71C', 'C73B', 'C90B', 'A93B']	11	-3.8076377	-3.2130647	-6.979208	-3.1715703
BCCDDDCDCCDDDCDDABCDABCABDBACBDCAADDCBCABACBCBABCACBCCCCCBDBACABBBCBCBACCACADAACCCBABADBCCACBBBCCBB	['D10C', 'C46B', 'A92C', 'A93B']	4	-3.1752434	-4.481003	-7.6562433	-3.1752405
BCCDDDCDCCDDDCDDABCDABCABDBACBDCAADDCBCABACBCBABCACBCCCCCBDBACABBBCBCBACCACADAACCCBABADBCCACBBBCCBB	['D10C', 'C46B', 'A92C', 'A93B']	4	-3.1752434	-4.481003	-7.6562433	-3.1752405
BCCDDDCDCCDDBCDDABCDABCABDBACBDCAACDBBCABACBCDABCACBCCCCCBDCADDBBBCBCBADCACACAACCCBABADDCCAABBBCCBB	['D10C', 'D13B', 'D35C', 'C37B', 'C46D', 'B60C', 'C62D', 'A63D', 'C72D', 'D77C', 'B88D', 'A93B']	12	-3.2202792	-3.5563078	-6.7350883	-3.1787806
BCCDDDCDCDDDBCDDABCDABCABDBACDDCAACCBBCABACBCCABCACBCCCCCBDBACDBBBCBCBACCACADAACCCBABADBCCAAABBCCBB	['D13B', 'B30D', 'D35C', 'D36C', 'C37B', 'A63D']	6	-4.986763	-6.360306	-9.539598	-3.1792927
BCCDDDCDCDDDDCCCABCDABCABDBACDDCAACACBAABACBCCABCACBCCCCCBDBACACBBCBCBACCACADAACCCBABADBCCAAABBCCBB	['D15C', 'D16C', 'B30D', 'D35C', 'D36A', 'C39A', 'B64C']	7	-4.9905357	-6.6183195	-9.80138	-3.1830606
BCCDDDCDCCDDDCDDABCDABCABDBACBDCAADDBBCABACBBCABCACBCCCCCBDBADCBBBABCBACCACACAACCCBABADBCCAABBBCCBB	['D10C', 'C37B', 'C45B', 'C62D', 'A63C', 'C67A', 'D77C', 'A93B']	8	-4.9937057	-6.0860853	-9.27232	-3.1862345
BCCDDDCDCDDDBDDDABCDABCABDBACDDCAADDCBCABACBCCABCACBCCCCCBDBADDBBBCBBBACCACADAACCCBABADCCCAAABBCCBB	['D13B', 'C14D', 'B30D', 'C62D', 'A63D', 'C69B', 'B88C']	7	-4.9947543	-6.06494	-9.252223	-3.187283
BCCDDDCDCCDDBCDDABCDABCABDBACBDCAACDABCACACBCCABCACBCCCCCBDBDCABBBCBCBACCACADAACCCBABADBCCAAABBCCBB	['D10C', 'D13B', 'D35C', 'C37A', 'B41C', 'A61D']	6	-4.997573	-6.3064303	-9.4965315	-3.1901011
BCCDDDCDCDDDDCDDABCAABCABDBACBDCAADDCBCABACBCDABCACBCCCCCBDBACDBBBCBCBDCBACACAACCCBABADBCBAABBBCCBB	['D20A', 'C46D', 'A63D', 'A71D', 'C73B', 'D77C', 'C90B', 'A93B']	8	-3.2322078	-3.3733802	-6.56409	-3.1907096
BCCDDDCDCDDDBCDDBBCDABCABDBACBDCAACDABCABACBCCABCACBCCCCCBDBACDBBBCBABADCACADAACCCBABADBCCAAABBCCBB	['D13B', 'A17B', 'D35C', 'C37A', 'A63D', 'C69A', 'C72D']	7	-4.999901	-6.267042	-9.459473	-3.1924305
BCCDDDCDCDDDDCCDCBCCABCABDBACBDCAADACBCABACBCCABCACBCCCCDBDBDCABBBCBCBACCACADAACCCBABADBCCAAABBCCBB	['D15C', 'A17C', 'D20C', 'D36A', 'C57D', 'A61D']	6	-4.999981	-5.373726	-8.566236	-3.1925097
BCCDDDCDCCDDDCDDABCDABCABDBACBDCAACDBBCABACBBDABCACBCCCCCBDBACDBBBCBCBBCBACADAACCABABADBCBAABBBCCBB	['D10C', 'D35C', 'C37B', 'C45B', 'C46D', 'A63D', 'A71B', 'C73B', 'C82A', 'C90B', 'A93B']	11	-3.235547	-3.5046377	-6.6986895	-3.1940517
BCCDDDCDCDDDBDDDABCDABCABDBACDDCAACDBBCABACBCCABCACBCCCCCBDBACDBBBCBBBBCCACACAACCCBABADCCCAAABBCCBB	['D13B', 'C14D', 'B30D', 'D35C', 'C37B', 'A63D', 'C69B', 'A71B', 'D77C', 'B88C']	10	-5.016185	-6.173883	-9.382596	-3.208713
BCCDDDCDCDDDDCDDABBDABCABDBACBDCAADDABCABACBCCABCACBCCCCCBDBACACBBCBBBACCACADAACCCBABADBCCAAABBCCBB	['C19B', 'C37A', 'B64C', 'C69B']	4	-5.0163803	-5.3226247	-8.531535	-3.2089105
BCCDDDCDCDDDDCDCABCCABCABDBACBDCAADACBCABACBCCABCACBCCCCCBDBACABBBCBABACCACADAACCCBABADBCCAAABBCCBB	['D16C', 'D20C', 'D36A', 'C69A']	4	-5.0244875	-5.6163497	-8.833362	-3.217012
BCCDDDCDCDDDDCDDABCDABCABDBACBDCAACABBCABACBCCABCACBCCCCCBDBACDBDBCBCBACCACADAACCCBABADBCCAAABBCCBB	['D35C', 'D36A', 'C37B', 'A63D', 'B65D']	5	-5.029872	-5.5973625	-8.819761	-3.2223988
BCCDDDCDCCDDDCCDABCDABCABDBACBDCAADABBCACACBCCABCACBCCCCDBDABCCBBBCBCBACCACADAACCCBABADBCCAABBBCCBB	['D10C', 'D15C', 'D36A', 'C37B', 'B41C', 'C57D', 'B60A', 'A61B', 'A63C', 'A93B']	10	-5.0305243	-5.1902533	-8.413305	-3.223052
BCCDDDCDCDDCDDDDABBDABCABDBACBDCAADDABCABACBCDABCACBCCCCCBDBACDBBBABABCCCACADAACCABBBADBCCAAABBCCBB	['D12C', 'C14D', 'C19B', 'C37A', 'C46D', 'A63D', 'C67A', 'C69A', 'A71C', 'C82A', 'A84B']	11	-3.368909	-3.2649574	-6.592375	-3.223466
BCCDDDCDCDDDDCDDABBDABCABDBACDDCAACACBCABACBCCABCACBCCCCCBDBACDBBBCBCBACCACADAACCCBABADBCCAAABBCCBB	['C19B', 'B30D', 'D35C', 'D36A', 'A63D']	5	-5.0359344	-6.454941	-9.683403	-3.2284622
BCCDDDCDCDDDDCDDABCDABCABDBACBDCAACDABCABACBCCABCACBCCCCDBDBDCABBBCBCBACCACADAACCCBABADBCCAABBBCCBB	['D35C', 'C37A', 'C57D', 'A61D', 'A93B']	5	-5.037566	-5.9426765	-9.1727705	-3.230094
BCCDDDCDCDDDDCDDABCDABCABDBACBDCAADDCBCABACBCDABCCCBCCCCCBDBACDBBBABCBACCACACAACCDBABADBCCAAABBCCBB	['C46D', 'A50C', 'A63D', 'C67A', 'D77C', 'C82D']	6	-3.275878	-4.3468595	-7.5812407	-3.2343812
BCCDDDCDCDDDBCDCABCDABCABDBACBDCAACACBCACACBCCABCACBCCCCDBDBDCCBDBCBCBAACACADAACCCBABADBCCDAABBCCBB	['D13B', 'D16C', 'D35C', 'D36A', 'B41C', 'C57D', 'A61D', 'A63C', 'B65D', 'C72A', 'A91D']	11	-6.072835	-5.045311	-9.310671	-3.237836
BCCDDDCDCDDCBCCDABCAABCABDBACBDCAADAABCABACBCDABCACBCCCCCBDBACDBBBCBABDCCACADAACCCBBBADBCBAABBBCCBB	['D12C', 'D13B', 'D15C', 'D20A', 'D36A', 'C37A', 'C46D', 'A63D', 'C69A', 'A71D', 'A84B', 'C90B', 'A93B']	13	-3.2811122	-4.444053	-7.683668	-3.239615
BCCDDDCDCDDDDDDDABCDABCABDBACBDCAACDCBCACACBCCCBCACBCCCCCBDCACDBBBCBCBACCACADAACCCBABADBCCAAABBDCBB	['C14D', 'D35C', 'B41C', 'A47C', 'B60C', 'A63D', 'C96D']	7	-5.8816547	-5.048709	-9.122892	-3.2412376
BCCDDDCDCDDDDCDDABCAABCABDBACBDCAADABBCABACBCDABCACBCCCCCBDBACACBBCBCBBCBACADAACCCBABADBCBAABBBCCBB	['D20A', 'D36A', 'C37B', 'C46D', 'B64C', 'A71B', 'C73B', 'C90B', 'A93B']	9	-3.2831874	-4.1262145	-7.3679075	-3.241693
BCCDDDCDCDDDDCDDABCAABCABDBACBDCAADDCBCABACBCDABCACBCCDCCBDBADDBBBCBCBCCBACACAACCCBABADBCBAAABBCCBB	['D20A', 'C46D', 'C55D', 'C62D', 'A63D', 'A71C', 'C73B', 'D77C', 'C90B']	9	-1.4787178	-2.4463758	-5.691065	-3.244689
BCCDDDCDCDDDBCDDABCDABCABDBACDDCAACABBCABACBCCABCACBCCCCCBDBACDBBBCBCBACCADADAACCCBABADCCCAAABBCCBB	['D13B', 'B30D', 'D35C', 'D36A', 'C37B', 'A63D', 'C75D', 'B88C']	8	-5.052421	-7.587692	-10.832642	-3.2449498
BCCDDDCDCDDDBCCDABCDABCABDBACDDCAACAABCABACBDCABCACBCCCCDBDBACDBDBCBCBAACACADAACCCBABADBCCAAABBCCBB	['D13B', 'D15C', 'B30D', 'D35C', 'D36A', 'C37A', 'C45D', 'C57D', 'A63D', 'B65D', 'C72A']	11	-5.0561953	-6.2778187	-9.526546	-3.2487268
BCCDDDCDCDDDDCCDABCDABCABDBACBDCAADACBCACACBCCABCACBCCCCCBDBACDBDBCBCCACCACADAACCCBABADBCCAAABBCCBB	['D15C', 'D36A', 'B41C', 'A63D', 'B65D', 'B70C']	6	-5.0570316	-5.5995164	-8.8490715	-3.249555
BCCDDDCDCDDDDCCDABCDABCABDBACBDCAADACBCACACBCCABCACBCCCCCBDBACDBDBCBCCACCACADAACCCBABADBCCAAABBCCBB	['D15C', 'D36A', 'B41C', 'A63D', 'B65D', 'B70C']	6	-5.0570316	-5.5995164	-8.8490715	-3.249555
BCCDDDCDCDDDBCDDABCDABCABDBACBDCAADACBCABACBCCABCACBCCCCCBDBACACBBCBACACCACADAACCCBABADBCCAAABBCCBB	['D13B', 'D36A', 'B64C', 'C69A', 'B70C']	5	-5.0625763	-6.3202205	-9.575323	-3.2551026
BCCDDDCDCDDDDCDDABCDABCABDBACBDCAADDCBCABACBCBABCCCBCCCCCBDBACDBBBCBCBACCACACAACCCBABADBCCAABBBCCBA	['C46B', 'A50C', 'A63D', 'D77C', 'A93B', 'B99A']	6	-3.2582703	-3.9325457	-7.190811	-3.2582655
BCCDDDCDCDDDDCDDABCDABCABDBACDDCAACAABCACACBCCABCACBCCCCCBDBACDBBBCBCBACCACADAACCCBABADBCCAAABBCCBB	['B30D', 'D35C', 'D36A', 'C37A', 'B41C', 'A63D']	6	-5.0730305	-6.744183	-10.009741	-3.2655578
BCCDDDCDCDDDDCCCABCDABCABDBACBDCAADDABCABACBCCABCACBCCCCCBDBACABBBCBCBACCACADAACCCBABADBCCAAABBDCBB	['D15C', 'D16C', 'C37A', 'C96D']	4	-5.074455	-6.2983875	-9.565372	-3.266985
BCCDDDCDCCDDDCDDABCDABCABDBACBDCAADDABCABACBCDABCACBCCCCCBDBADCBBBCBCBACCACACAACCCBACADBCCAABBBCCBB	['D10C', 'C37A', 'C46D', 'C62D', 'A63C', 'D77C', 'B85C', 'A93B']	8	-3.3085666	-3.6144133	-6.881484	-3.2670708
BCCDDDCDCDDDDCDDABBDABCABDBACBDCAADDCBCACACBCCABCACBCCCCCBDBBDDBDBCBCBCCCACADAACCCBABADBCCABABBCCBB	['C19B', 'B41C', 'A61B', 'C62D', 'A63D', 'B65D', 'A71C', 'A92B']	8	-5.0748296	-5.077361	-8.344719	-3.2673578
BCCDDDCDCDDDDCDDABCDABCABDBACDDCDACACBCACACBCCABCACBCCCCCBDBACDCBBCBCBACCADADAACCCBABADCCCAAABBCCBB	['B30D', 'A33D', 'D35C', 'D36A', 'B41C', 'A63D', 'B64C', 'C75D', 'B88C']	9	-5.077249	-7.0980644	-10.367842	-3.2697773
BCCDDDCDCDDDDCDDABCDABCABDBACDDCAACACBCABACBCCABCACBCCCCCBDBACDBBBCBCCACCACADAACCCBABADCCCAAABBCCBB	['B30D', 'D35C', 'D36A', 'A63D', 'B70C', 'B88C']	6	-5.079037	-7.6171403	-10.888707	-3.2715669
BCCDDDCDCDDDDCCCABCDABCABDBACDDCAACCBBCABACBCCABCACBCCCCDBDBACDBBBCBDBACCACADAACCCBABADCCCAAABBCCBB	['D15C', 'D16C', 'B30D', 'D35C', 'D36C', 'C37B', 'C57D', 'A63D', 'C69D', 'B88C']	10	-5.079293	-5.479992	-8.751812	-3.27182
BCCDDDCDCDDCDDDDABCDABCABDBACBDCAACDABCABACBCCABCACBCCCCCBDBADABBBCBCBADCACADAACCCBABADBCCAAABBCCBB	['D12C', 'C14D', 'D35C', 'C37A', 'C62D', 'C72D']	6	-5.079693	-5.657161	-8.929382	-3.272221
BCCDDDCDCDDDBCDDABCDABCABDBACBDCAADDCBCABACBCDABCACBCCCCCBDBACDBBBCBCBACCACACAACCCBABADBCBAAABBCCBB	['D13B', 'C46D', 'A63D', 'D77C', 'C90B']	5	-3.365109	-3.3184834	-6.6420975	-3.2769885
BCCDDDCDCDDADCDDABCDABCABDBACBDCAACDBBCABACBCDABCACBCCCCCBDBACDBBBCBCBBCBACACAACCCBABADBCBAABBBCCBB	['D12A', 'D35C', 'C37B', 'C46D', 'A63D', 'A71B', 'C73B', 'D77C', 'C90B', 'A93B']	10	-3.9160695	-3.318512	-7.1930847	-3.2770152
BCCDDDCDCDDADCDDABCDABCABDBACBDCAACDBBCABACBCDABCACBCCCCCBDBACDBBBCBCBBCBACACAACCCBABADBCBAABBBCCBB	['D12A', 'D35C', 'C37B', 'C46D', 'A63D', 'A71B', 'C73B', 'D77C', 'C90B', 'A93B']	10	-3.9160695	-3.318512	-7.1930847	-3.2770152
BCCDDDCDCDDDDCCDABCCABCABDBACDDCAACCABCABACBCCABCACBCCCCCBDCADBBBBCBCBACCACADAACCCBABADBCCAAABBCCBB	['D15C', 'D20C', 'B30D', 'D35C', 'D36C', 'C37A', 'B60C', 'C62D', 'A63B']	9	-5.085737	-5.9673305	-9.245597	-3.2782664
BCCDDDCDCDDDDCDDABCDABCABDBACDDCAACCCBCACACBCCABCACBCCCCCBDBACDCBBCBCCACCACACAACCCBABADBCCAAABBCCBB	['B30D', 'D35C', 'D36C', 'B41C', 'A63D', 'B64C', 'B70C', 'D77C']	8	-5.0887613	-6.402766	-9.684055	-3.281289
BCCDDDCDCDDABCDDABCDABCABDBACBDCDADDCBCACACBCCABCACBCCCCCBDBACACBBCBCBACCACADAACCCBABADBCCAAABBCCBB	['D12A', 'D13B', 'A33D', 'B41C', 'B64C']	5	-5.0900936	-5.177176	-8.459796	-3.28262
BCCDDDCDCDDDDDDCABCDABCABDBACBDCAACDCBCABACBCCABCACBCCCCCBDBADABBBCBCBACCACADAACCCBABADBCCAAABBCCBB	['C14D', 'D16C', 'D35C', 'C62D']	4	-5.0971518	-5.199054	-8.488734	-3.2896805
BCCDDDCDCDDDDDDCABCDABCABDBACBDCAACDCBCABACBCCABCACBCCCCCBDBADABBBCBCBACCACADAACCCBABADBCCAAABBCCBB	['C14D', 'D16C', 'D35C', 'C62D']	4	-5.0971518	-5.199054	-8.488734	-3.2896805
BCCDDDCDCDDDBDDDABCDABCABDBACBDCAADDCBCABACBCCABCACBCCCCCBDBACDBDBCBCCACCACACAACCCBABADBCCAAABBCCBB	['D13B', 'C14D', 'A63D', 'B65D', 'B70C', 'D77C']	6	-5.1056395	-5.6067023	-8.904869	-3.2981668
BCCDDDCDCDDDBDDDABCDABCABDBACBDCAACDABCACACBCCABCACBCCCCCBDBACDBBBCBCBADCACADAACCCBABADBCCAAABACCBB	['D13B', 'C14D', 'D35C', 'C37A', 'B41C', 'A63D', 'C72D', 'B95A']	8	-5.1095014	-5.1572876	-8.459315	-3.3020277
BCCDDDCDCDDCDDDDABCDABCABDBACDDCAACABBCABACBCCABCACBCCCCCBDBACDBBBCBCBACCACADAACCCBABADBCCAABBBCCBB	['D12C', 'C14D', 'B30D', 'D35C', 'D36A', 'C37B', 'A63D', 'A93B']	8	-5.1108065	-6.5244846	-9.827821	-3.3033361
BCCDDDCDCCDDBCDDABCAABCABDBACBDCAACDBBCABACBCDABCACBCCDCDBDBADABBACBCBCCCACADAACCCBABADBCCAAABBCCBB	['D10C', 'D13B', 'D20A', 'D35C', 'C37B', 'C46D', 'C55D', 'C57D', 'C62D', 'B66A', 'A71C']	11	-2.5082583	-1.5389767	-5.8132057	-3.3049474
BCCDDDCDCDDBDCDDABCDABCABDBACDDCAADDCBCABACBCDABCACBCCCCCBDBACDBBBCBCBACCACACAACCCBABADBCCACBBBCCBB	['D12B', 'B30D', 'C46D', 'A63D', 'D77C', 'A92C', 'A93B']	7	-3.35001	-4.941963	-8.25048	-3.3085165
BCCDDDCDCDDDDCDDABCDABCABDBACBDCBADDCBCABACBCDABCACBCCCCCBDBACDBBBCBCBACCACADAACCCBABADBCCAAABBCCBB	['A33B', 'C46D', 'A63D']	3	-3.3549175	-3.5737662	-6.887189	-3.3134227
BCCDDDCDCDDDDCDDABCDABCABDBACBDCAACDABCABACBCDABCACBCCCCCBDBADDBBBCBCBBCBACACAACCCBABADBCBAABBBCCBB	['D35C', 'C37A', 'C46D', 'C62D', 'A63D', 'A71B', 'C73B', 'D77C', 'C90B', 'A93B']	10	-3.355204	-3.4787283	-6.7924395	-3.3137112
BCCDDDCDCDDDBCDDABCDABCABDBACDDCDADDCBAABACBCCABCACBCCCCCBDBACDBBBCBBBDCCACADAACCCBACADCCCAAABBCCBB	['D13B', 'B30D', 'A33D', 'C39A', 'A63D', 'C69B', 'A71D', 'B85C', 'B88C']	9	-5.2986803	-5.1235666	-8.614775	-3.3160944
BCCDDDCDCDDDBCDDABCDABCABDBACDDCAACACBCACACBCCABCACBCCCCCADBADDBBBCBCBACCACADAACCCBABADBCCAAABBCCBB	['D13B', 'B30D', 'D35C', 'D36A', 'B41C', 'B58A', 'C62D', 'A63D']	8	-5.1309156	-6.0118647	-9.335308	-3.3234434
BCCDDDCDCDDDDCCDABBAABCABDBACDDCAACACBCABACBCCABCACBCCCCCBDBADDBBBCBBBACCACADAACCCBABADCCCAAABBCCBB	['D15C', 'C19B', 'D20A', 'B30D', 'D35C', 'D36A', 'C62D', 'A63D', 'C69B', 'B88C']	10	-5.13522	-5.98165	-9.309398	-3.3277478
BCCDDDCDCDDDBCCDACCDABCABDBACBDCAADDBBCABACBCCABCACBCCCCCBDBACACBBCBCBACCACADAACCCBABADBCAAAABBDCBB	['D13B', 'D15C', 'B18C', 'C37B', 'B64C', 'C90A', 'C96D']	7	-5.136516	-5.7589173	-9.08796	-3.329043
BCCDDDCDCDDDDCDDABCDABCABDBACBDCAADDCBCABACBCDABCACBCCCCCBDBACDBBBCBCBACBACACAACCCBABADBCBAABBBCCBB	['C46D', 'A63D', 'C73B', 'D77C', 'C90B', 'A93B']	6	-3.376535	-3.4596777	-6.794717	-3.3350391
BCCDDDCDCDDDDDDDABCDABCABDBACBDCAADDCBCABACBCCABCACBCCCCCBDBACABBBCBBBACCACACAACCCBABADBCCAAABBCCBB	['C14D', 'C69B', 'D77C']	3	-5.3375816	-5.1479063	-8.678016	-3.340434
BCCDDDCDCCDDDCDDABCCABCABDBACBDCAACACBCABACBBDABCACBCCCCCBDBACDBBBCBCBBCCACACAACCCBABADACCAABBBCCBB	['D10C', 'D20C', 'D35C', 'D36A', 'C45B', 'C46D', 'A63D', 'A71B', 'D77C', 'B88A', 'A93B']	11	-3.3841686	-4.6921277	-8.034797	-3.342669
AAADDDCDCBDDDCDDABCAABCABDBACDDCAAAACBCABACBCDABCCCBCCCCCBDBCCDBBBCBCBACCACADAACCCBABADCCCAAABBCCBB	['B1A', 'C2A', 'C3A', 'D10B', 'D20A', 'B30D', 'D35A', 'D36A', 'C46D', 'A50C', 'A61C', 'A63D', 'B88C']	13	-3.3886156	-4.542457	-7.889573	-3.347116
BCCDDDCDCDDDBCCDABCDABCABDBACBDCAADACBCACACBBCABCACBCCCCCBDBACDBBBCBCBADCACADAACCCBABADBCCAABBBCCBB	['D13B', 'D15C', 'D36A', 'B41C', 'C45B', 'A63D', 'C72D', 'A93B']	8	-5.158431	-6.544903	-9.89586	-3.350957
BCCDDDCDCDDDBCCDABCDABCABDBACBDCAADACBCACACBBCABCACBCCCCCBDBACDBBBCBCBADCACADAACCCBABADBCCAABBBCCBB	['D13B', 'D15C', 'D36A', 'B41C', 'C45B', 'A63D', 'C72D', 'A93B']	8	-5.158431	-6.544903	-9.89586	-3.350957
BCCDDDCDCCDDDCDDABCDABCABDBACBDCAACABBCABADBCDAACACBCACCCBDBADCBBBCBCBADCACACAACCABABADBDBAABBBCCBB	['D10C', 'D35C', 'D36A', 'C37B', 'C43D', 'C46D', 'B48A', 'C54A', 'C62D', 'A63C', 'C72D', 'D77C', 'C82A', 'C89D', 'C90B', 'A93B']	16	-3.3939915	-3.4076457	-6.760145	-3.3524995
BCCDDDCDCDDBDCDDABBDABCABDBACBDCAADDBBCABACBCDABCACBCCCCCBDBADABBBCBCBACCACACAACCCBABADDCCAAABBCCBB	['D12B', 'C19B', 'C37B', 'C46D', 'C62D', 'D77C', 'B88D']	7	-3.831203	-3.3955145	-7.1852236	-3.3540206
BCCDDDCDCDDADCDDBBCDABCABDBACBDCAADDABCABACBCCABCACBCCCCDBDBACACBBCBCBACCACADAACCCBABADBCCAAABBCCBB	['D12A', 'A17B', 'C37A', 'C57D', 'B64C']	5	-5.169242	-5.629116	-8.990887	-3.3617706
BCCDDDCDCCDDDCDDABCDABCABDBACBDCAADDABCABACBCBABCACBCCCCCBDBACACBBCBCBACCACACAACCCBABADBCCAABBBCCBB	['D10C', 'C37A', 'C46B', 'B64C', 'D77C', 'A93B']	6	-3.36199	-4.6231956	-7.985181	-3.3619852
BCCDDDCDCDDDDDDDABBDABCABDBACBDCAADDCBCACACBCCABCACBCCCCCBDBACACBBCBCCACCACACAACCCBABADBCCAAABBCCBB	['C14D', 'C19B', 'B41C', 'B64C', 'B70C', 'D77C']	6	-5.1971564	-5.1735587	-8.563244	-3.3660874
BCCDDDCDCDDDDCCDABCDABCABDBACDDCAADACBCACACBCCABCACBCCCCCBDBACDBBBCBBBACCACADAACCCBABADBCCAAABBCCBB	['D15C', 'B30D', 'D36A', 'B41C', 'A63D', 'C69B']	6	-5.1777306	-5.710401	-9.080659	-3.3702579
BCCDDDCDCDDADCDDABCDABCABDBACDDCDADDABCACACBCCABCACBCCCCDBDCACDBBBCBCBACCACADAACCCBABADCCCAAABBCCBB	['D12A', 'B30D', 'A33D', 'C37A', 'B41C', 'C57D', 'B60C', 'A63D', 'B88C']	9	-5.805392	-5.1851373	-9.183055	-3.3776631
BCCDDDCDCDDADDCDABCDABCABDBACBDCAACDABCACACBCCABCACBCCCCCBDCACDBBBCBCBACCACADAACCCBABADBCCAAABBCCBB	['D12A', 'C14D', 'D15C', 'D35C', 'C37A', 'B41C', 'B60C', 'A63D']	8	-5.2567787	-5.185429	-8.634733	-3.3779545
BCCDDDCDCDDDBDDDABCCABCABDBACDDCAACAABCABACBCCABCACBCCCCCBDBADDBBBCBCBACCACADAACCCBABADBCCAAABBCCBB	['D13B', 'C14D', 'D20C', 'B30D', 'D35C', 'D36A', 'C37A', 'C62D', 'A63D']	9	-5.1855335	-6.39467	-9.772732	-3.3780618
BCCDDDCDCDDBDDDDABCDABCABDBACDDCAADDCBCABACBCDABCACBCCCCCBDBACDCBBCBCBACCACADAACCCBABADCCCAABBBCCBB	['D12B', 'C14D', 'B30D', 'C46D', 'A63D', 'B64C', 'B88C', 'A93B']	8	-3.421157	-5.5700517	-8.949713	-3.379661
BCCDADCDCDDDDCDDABCDABCABDBACBDCAADDCBCACACBBCABCACBCCCCDBDBACDBBBCBCBCCCACADAACCCBABADCCCAAABBCCBB	['D5A', 'B41C', 'C45B', 'C57D', 'A63D', 'A71C', 'B88C']	7	-5.1879354	-5.2298474	-8.610311	-3.3804631
BCCDDDCDCDDDDCDDABCDABCABDBACBDCAADDABCABACBCCABCACBCCCCCBDCADABDBCBCBACCACADAACCCBABADBCCAAABBCCBB	['C37A', 'B60C', 'C62D', 'B65D']	4	-5.195426	-5.9812946	-9.3692465	-3.3879519
BCCDDDCDCDDDDCCDABCDABCABDBACBDCAACDABCACACBCCABCACBCCCCCBDBACABBBCBCCACCACADAACCCBABADBCCAAABBCCBB	['D15C', 'D35C', 'C37A', 'B41C', 'B70C']	5	-5.19837	-5.9716005	-9.362494	-3.390894
BCCDDDCDCDDDDCDDABCCABCABDBACBDCAACACBCACACBCCABCACBCCCCDBDBDCABBBCBCBACCACADAACCCBABADBCCAABBBCCBB	['D20C', 'D35C', 'D36A', 'B41C', 'C57D', 'A61D', 'A93B']	7	-5.450983	-5.200682	-8.844192	-3.3932085
BCCDDDCDCDDDDCDDABBDABCABDBACDDCAADDCBCABACBCCABCACBCCCCCBDBACABBBCBBBBCCACACAACCCBABADBCCAAABBCCBB	['C19B', 'B30D', 'C69B', 'A71B', 'D77C']	5	-5.203396	-6.0879855	-9.483913	-3.395928
BCCDDDCDCDDDDCDDABCDABCABDBACDDCAADDABCABACBBCABCACBCCCCDBDBACDBBBCBCBACCACACAACCCBACADCCCAAABBCCBB	['B30D', 'C37A', 'C45B', 'C57D', 'A63D', 'D77C', 'B85C', 'B88C']	8	-5.2068253	-6.714363	-10.113715	-3.399352
BCCDDDCDCDDDDCDDABCDABCABDBACBDCAADDBBCABACBCDABCACBCCCCCBDBACABBBCBCBACCACACAACCCBABADDCCAAABBCCBB	['C37B', 'C46D', 'D77C', 'B88D']	4	-3.4458442	-4.494295	-7.8986454	-3.4043503
BCCDDDCDCDDDDDDDABCAABCABDBACBDCAAAABBCABACBBCABCACBCCCCCBDBADDBBBCBCBABCACADAACCCBABADBCBAABBBCCBB	['C14D', 'D20A', 'D35A', 'D36A', 'C37B', 'C45B', 'C62D', 'A63D', 'C72B', 'C90B', 'A93B']	11	-5.4942336	-5.21435	-8.901109	-3.4068751
BCCDDDCDCDDDDCDDBBBDABCABDBACBDCAADDABCABACBCCABCACBCCCCCBDBACABBBCBCBACCACACAACCCBABADBCCAAABBCCBB	['A17B', 'C19B', 'C37A', 'D77C']	4	-5.219366	-6.3466477	-9.758542	-3.4118943
BCCDDDCDCDDDBCDDABBDABCABDBACBDCAADDCBCABACBCCABCACBCCCCCBDBADACDBCBCCACCACADAACCCBABADBCCAAABBCCBB	['D13B', 'C19B', 'C62D', 'B64C', 'B65D', 'B70C']	6	-5.2226486	-5.5977273	-9.012905	-3.4151778
BCCDDDCDCADDDCCDABCDABCABDBACDDCADDABBCABACBBCABCACBCCCCCBDBACDBBBCBCBCDCACADAACCCBABADCCCABABBCCBB	['D10A', 'D15C', 'B30D', 'A34D', 'D36A', 'C37B', 'C45B', 'A63D', 'A71C', 'C72D', 'B88C', 'A92B']	12	-5.224642	-8.2925205	-11.709696	-3.4171753
BCCDDDCDCDDDDCCDBBCDABCABDBACBDCAACDCBCACACBBCABCACBCCCCDBDCACDBBBCBCBACCACADAACCCBABADBCCAABBBCCBB	['D15C', 'A17B', 'D35C', 'B41C', 'C45B', 'C57D', 'B60C', 'A63D', 'A93B']	9	-6.1613474	-5.226855	-9.580727	-3.4193792
BCCDDDBDCDDDDCDDABCDABCABDBACBDCAACDCBCABACBCDABCACBCCCCCBDBACDBBBCBCBACCACACAACCCBBBADBCBAAABBCCBB	['C7B', 'D35C', 'C46D', 'A63D', 'D77C', 'A84B', 'C90B']	7	-3.4631686	-3.96975	-7.391423	-3.4216733
BCCDDDCDCDDDDCDDABBDABCABDBACBDCAACACBCABACBCCABCACBCCCCCBDBACABBBCBCBACCACADAACCCBABADBCCAAABBCCBB	['C19B', 'D35C', 'D36A']	3	-5.23182	-5.881591	-9.305937	-3.424346
BCCDDDCDCDDDDCDDABCDABCABDBACBDCAADACBCACACBCCABCACBCCCCCBDBADDBDBCBCCADCACADAACCCBABADBCCAAABBCCBB	['D36A', 'B41C', 'C62D', 'A63D', 'B65D', 'B70C', 'C72D']	7	-5.3652	-5.2381716	-8.795897	-3.4306965
BCCDDDCDCDDDDCDDABBDABCABDBACBDCAADDABCABACBCCABCACBCCCCCBDBACABBBCBBBACCACADAACCCBABADBCCAAABBCCBB	['C19B', 'C37A', 'C69B']	3	-5.4736443	-5.2445216	-8.910693	-3.437049
BCCDDDCDCADDBCDDABCDABCABDBACBDCAACACBCACACBBCABCACBCCCCCBDBADDCBBABDBACCACACAACCCBABADBCCAAABBCCBB	['D10A', 'D13B', 'D35C', 'D36A', 'B41C', 'C45B', 'C62D', 'A63D', 'B64C', 'C67A', 'C69D', 'D77C']	12	-5.245146	-5.527894	-8.9655695	-3.4376755
BCCDDDCDCCDDDCDDABCDABCABDBACBDCAADDCBCABABBCBABCACBCCCCCBDBACDBBBCBCBACCACACAACCCBABADBCCAABBBCCBB	['D10C', 'C43B', 'C46B', 'A63D', 'D77C', 'A93B']	6	-3.4394407	-3.74444	-7.183873	-3.439433
BCCDDDCDCCDDDCDDABCDABCABDBACBDCBADDCBCABACBCDBBCCCBCCCCCBDBACAABBCBCBBCCACADAACCCBABADBCCAAABBCCBB	['D10C', 'A33B', 'C46D', 'A47B', 'A50C', 'B64A', 'A71B']	7	-3.804967	-3.486709	-7.250184	-3.4452171
AAADDDCDCDDDDCDDABCDABCABDBACBDCAACDABCACACBBCABCACBCCCCCBDBADABBBCBCBACCACADAACCCBABADBCCAABBBCCBA	['B1A', 'C2A', 'C3A', 'D35C', 'C37A', 'B41C', 'C45B', 'C62D', 'A93B', 'B99A']	10	-5.2619905	-6.4995008	-9.9540205	-3.4545197
BCCDDDCDCDDADDCDABCDABCABDBACBDCAACDABCACACBCCABCACBCCCCCBDCACDBBBCBCBADCACADAACCCBABADBCCAAABBCCBB	['D12A', 'C14D', 'D15C', 'D35C', 'C37A', 'B41C', 'B60C', 'A63D', 'C72D']	9	-5.275441	-5.262676	-8.730641	-3.4552002
BCCDDDCDCDDDDCDDABCDABCABDBACBDCAADDCBCABACBCBABCACBCCCCCBDBACBBBBCBCBACCACADAACCCBBBADBCCAAABBCCBB	['C46B', 'A63B', 'A84B']	3	-3.4552898	-3.7648535	-7.2201405	-3.455287
BCCDDDCDCDDDBCDDABCDABCABDBACBDCAADDCBCABACBCDABCACBCCCCCBDBACDBBBCBCBACCACACAACCCBABADBCCAAABBCCBB	['D13B', 'C46D', 'A63D', 'D77C']	4	-3.7269306	-3.4994164	-7.1848536	-3.457923
BCCDDDCDCDDDBCDDABCDABCABDBACDDCCACACBCABACBCBABCACBCDCCDBDBACDBBBCBCBACCACADAACCCBABADCCBAABBBCCBB	['D13B', 'B30D', 'A33C', 'D35C', 'D36A', 'C46B', 'C54D', 'C57D', 'A63D', 'B88C', 'C90B', 'A93B']	12	-3.4605684	-4.4441576	-7.9047155	-3.460558
BCCDDDCDCDDADCDDABCDABCABDBACBDCAADDCBCACACBCCABCACBCCCCCBDBADABBBCBCCACCACADAACCCBABADBCCAAABBCCBB	['D12A', 'B41C', 'C62D', 'B70C']	4	-5.539543	-5.2741175	-9.006187	-3.4666443
BCCDDDCDCCDDDCDDABCDABCABDBACBDCAADDABCACACBCDABCACBCCCCCBDBACACBBCBCBACDACACAACCCBABADBCBAABBBCCBB	['D10C', 'C37A', 'B41C', 'C46D', 'B64C', 'C73D', 'D77C', 'C90B', 'A93B']	9	-3.6275616	-3.5103993	-7.096463	-3.4689016
BCCDDDCDCDDDBCDDABBDABCABDBACBDCAADACBCABACBCCABCACBCCCCCBDBDCBBBBBBABACCACADAACCCBABADBCCAAABBCCBB	['D13B', 'C19B', 'D36A', 'A61D', 'A63B', 'C67B', 'C69A']	7	-5.282152	-5.301205	-8.775886	-3.4746804
BCCDDDCDCDDBDDDDABCDABCABDBACDDCAADDCBCABACBCDABCACBCCCCCBDBCCDBBBCBCBBCCACACAACCCBABADCCCAAABBCCBB	['D12B', 'C14D', 'B30D', 'C46D', 'A61C', 'A63D', 'A71B', 'D77C', 'B88C']	9	-3.5239139	-4.6142206	-8.096641	-3.48242
BCCDDDCDCDDDDCDDABCDABCABDBACBDCAADDCBCACACBCBABCACBCCCCCBDBACDBBBCBCBACCACADAACCCBABADBCCAABBBCCBB	['B41C', 'C46B', 'A63D', 'A93B']	4	-3.6374025	-3.4942007	-7.1315966	-3.494194
BCCDDDCDCDDDDCDDABCDABCABDBACDDCAADDCBCACACBBCABCACBCCCCDBDBACDBBBCBCBACCACACAACCCBABADCCCAABBBCCBB	['B30D', 'B41C', 'C45B', 'C57D', 'A63D', 'D77C', 'B88C', 'A93B']	8	-5.3047867	-6.6302977	-10.127608	-3.4973106
BCCDDDCDCDDDDDDDABCAABCABDBACBDCAADDBBCABACBCDABCACBCCCCCBDBACABBBCBCBBCCACADAACCCBABADBCBAAABBCCBB	['C14D', 'D20A', 'C37B', 'C46D', 'A71B', 'C90B']	6	-3.5428624	-3.5814552	-7.082822	-3.5013666
BCCDDDCDCDDDDCDDABCDABCABDBACDDCAADDCBCABACBCDABCACBCCCCCBDBACACBBCBCBBCCACADAACCCBABADBCCAAABBCCBB	['B30D', 'C46D', 'B64C', 'A71B']	4	-3.5576477	-5.516311	-9.032469	-3.5161576
BCCDDDCDCCDDDCDDABCDABCABDBACDDCAACCABCACACBDCABCACBCCCCCBDBADABBBCBCBCCCACADAACCCBABADBCCAAABBCCBB	['D10C', 'B30D', 'D35C', 'D36C', 'C37A', 'B41C', 'C45D', 'C62D', 'A71C']	9	-5.325377	-6.7234507	-10.241359	-3.517908
BCCDDDCDCDDDDCDDABCDABCABDBACBDCAACDCBCABACBCCABCACBCCCCCBDCACCBBBCBCBACCACADAACCCBABADBCCAAABBDCBB	['D35C', 'B60C', 'A63C', 'C96D']	4	-5.327975	-5.892162	-9.412664	-3.5205026
BCCDDDCDCCDDBCDDABBDABCABDBACBDCAADDCBCABACBCDABCACBCCDCCBDBADDBBBCBABADDACACAACCCBABADBCBAAABBCCBB	['D10C', 'D13B', 'C19B', 'C46D', 'C55D', 'C62D', 'A63D', 'C69A', 'C72D', 'C73D', 'D77C', 'C90B']	12	-2.275113	-1.758997	-5.8000793	-3.5249662
BCCDDDCDCCDCDCDDABCDABCABDBACBDCAACACBCABACBCDABCACBCACCCBDBADDBBBCBCBBCCACADAACCCBBBADBCCAAABBCCBB	['D10C', 'D12C', 'D35C', 'D36A', 'C46D', 'C54A', 'C62D', 'A63D', 'A71B', 'A84B']	10	-3.615181	-3.5700579	-7.1437454	-3.5285645
BCCDDDCDCCDDBCDDABCCABCABDBACDDCAACACBCABACBCDABCACBBDCCCBDBACDBBBCBCBCCCACADAACCCBABADCCCAABBBCCBB	['D10C', 'D13B', 'D20C', 'B30D', 'D35C', 'D36A', 'C46D', 'C53B', 'C54D', 'A63D', 'A71C', 'B88C', 'A93B']	13	-3.5710115	-4.9247766	-8.454292	-3.5295157
BCCDDDCDCDDDDDDDABCDABCABDBACDDCAADDBBCABACBCCABCACBCCCCCBDBACDBBBCBBBACCACACAACCCBABADBCCAAABBCCBB	['C14D', 'B30D', 'C37B', 'A63D', 'C69B', 'D77C']	6	-5.348808	-5.339981	-8.881318	-3.5325103
BCCDDDCDCDDDDDDDABBDABCABDBACDDCAACACBCABACBCCABCACBCCCCCBDBACDBBBCBCBACCACADAACCCBABADBCCAAABBCCBB	['C14D', 'C19B', 'B30D', 'D35C', 'D36A', 'A63D']	6	-5.3417597	-6.4002	-9.934489	-3.5342894
BCCDDDCDCDDDDCCDABCAABCABDBACDDCBADDCBCABACBCDABCACBCCCCDBDCACDBBBCBCBACCACADAACCCBABADCCCAAABBCCBB	['D15C', 'D20A', 'B30D', 'A33B', 'C46D', 'C57D', 'B60C', 'A63D', 'B88C']	9	-3.5805383	-3.8375316	-7.3765736	-3.539042
BCCDDDCDCDDDDCDDABCDABCABDBACDDCAADDCBCABACBCDABCACBCCCCCBDBADDBBBCBCBACCACACAACCCBABADCCCAABBBCCBB	['B30D', 'C46D', 'C62D', 'A63D', 'D77C', 'B88C', 'A93B']	7	-3.5891547	-5.301535	-8.849196	-3.5476613
BCCDDDCDCDDDBCDDABCDABCABDBACBDCAADDCBCABACBCDABCACBCCCCCBDBACACBBCBCBACCACADAACCCBABADBCCAABBBCCBB	['D13B', 'C46D', 'B64C', 'A93B']	4	-3.5937042	-4.620918	-8.173127	-3.5522094
BCCDDDCDCDDDDCDDABCDABCABDBACDDCAADDCBCABACBCBABCACBCCCCCBDBACACBBCBCBBCCACADAACCCBABADBCCAAABBCCBB	['B30D', 'C46B', 'B64C', 'A71B']	4	-3.5576477	-5.474822	-9.032469	-3.5576468
BCCDDDCDCDDABDDDABCDABCABDBACBDCAADABBCABACBCCABCACBCCDCDBDBACDBBBCBCBACCACADAACCCBABADBCCAAABBCCBB	['D12A', 'D13B', 'C14D', 'D36A', 'C37B', 'C55D', 'C57D', 'A63D']	8	-3.5740356	-3.9341063	-7.508135	-3.5740285
BCCDDDCDCDDDBDCDABCAABCABDBACBDCAADDCBCACACBCDABCACBCCCCCBDBACACBBCBCBACCACACAACCCBABADBCCAABBBCCBB	['D13B', 'C14D', 'D15C', 'D20A', 'B41C', 'C46D', 'B64C', 'D77C', 'A93B']	9	-3.618585	-3.98701	-7.5640965	-3.5770864
BCCDDDCDCDDBBCCDABCDABCABDBACDDCAADDCBCABACBCDABCACBCCCCCBDBACDBBBCBCBACCACACAACCCBABADCCCAAABBCCBB	['D12B', 'D13B', 'D15C', 'B30D', 'C46D', 'A63D', 'D77C', 'B88C']	8	-3.6217885	-5.0875998	-8.667891	-3.5802908
BCCDDDCDCBDDDCDDABBDABCABDBACBDCAACACBCABACBCBABCACBCCCCCBDBACACBBCBCBADCACADAACCCBBBADBCCAAABBCCBB	['D10B', 'C19B', 'D35C', 'D36A', 'C46B', 'B64C', 'C72D', 'A84B']	8	-3.5811443	-4.480446	-8.061588	-3.5811424
BCCDDDCDCCDDDDDDABCDABCABDBACBDCAACDBBCABACBCDAACACBCCCCCBDBACDBBBCBCBACCACADAACCCBABADBCBAAABBCCBB	['D10C', 'C14D', 'D35C', 'C37B', 'C46D', 'B48A', 'A63D', 'C90B']	8	-4.142752	-3.6262627	-7.727519	-3.5847669
BCCDDDCDCCDDDCDDABCDABCABDBACBDCAADDABCABACBCDABCACBCCCCCBDCADBBBBCBCBACCACACAACCCBABADCCCAABBBCCBB	['D10C', 'C37A', 'C46D', 'B60C', 'C62D', 'A63B', 'D77C', 'B88C', 'A93B']	9	-3.628675	-3.8611012	-7.4482822	-3.587181
BCCDDDCDCDDDDCDDABADABCABDBACBDCAADDCBCABACBCBABCACBCCCCCBDBACABBBCBCBACCACADAACCCBABADBCCAAABBCCBB	['C19A', 'C46B']	2	-4.1795073	-3.5877128	-7.7672167	-3.5877094
BCCDDDCDCDDDDCDDABCDABCABDBACDDCAACABBCABACBCCABCACBCCCCCBDCACACBBCBCBACCACADAACCCBABADBCCAAABBCCBB	['B30D', 'D35C', 'D36A', 'C37B', 'B60C', 'B64C']	6	-5.400838	-6.9497185	-10.543087	-3.5933685
BCCDDDCDCDDDBCDDABCDABCABDBACDDCAADDCBCABACBCBABCACBCCCCCBDBACDBBBCBCBCCCACACAACCCBABADCCCAABBBCCBB	['D13B', 'B30D', 'C46B', 'A63D', 'A71C', 'D77C', 'B88C', 'A93B']	8	-3.595491	-5.571325	-9.166813	-3.595488
BCCDDDCDCCDDDCDDABCDABCABDBACBDCBADDCBCABACBCDABCCCBCCCCCBDBACAABBCBCBACCACADAACCCBABADBCCAAABBCCBB	['D10C', 'A33B', 'C46D', 'A50C', 'B64A']	5	-3.956314	-3.6390028	-7.5538235	-3.5975094
BCCDDDCDCDDADCCDABBCABCABDBACBDCAACABBCABACBCCABCACBCCCCCBDBACABBBCBCBACCACADAACCCBABADBCCADABBDCBB	['D12A', 'D15C', 'C19B', 'D20C', 'D35C', 'D36A', 'C37B', 'A92D', 'C96D']	9	-5.785465	-5.4173703	-9.395364	-3.609899
BCCDDDCDCDDDDCDDABCDABCABDBACBDCAACDCBCABACBCCAACACBCCCCCBDCACDBBBCBCBCCCACACAACCCBABADBCCAAABBDCBB	['D35C', 'B48A', 'B60C', 'A63D', 'A71C', 'D77C', 'C96D']	7	-5.423961	-6.1482596	-9.7647505	-3.6164908
BCCDDDCDCDDBDCDCABBDABCABDBACDDCAACACBCABACBCCABCACBCCCCCBDBACACBBCBCBACCACADAACCCBABADBCCAAABBCCBB	['D12B', 'D16C', 'C19B', 'B30D', 'D35C', 'D36A', 'B64C']	7	-5.434554	-6.5608597	-10.1879425	-3.6270828
BCCDDDCDCDDBBADDABDDABCABDBACDDCDADAABCABACBDCABCACBCCCCCBDBACACBBCBCBACCACADAACCCBABADBCCAAABBCCBB	['D12B', 'D13B', 'C14A', 'C19D', 'B30D', 'A33D', 'D36A', 'C37A', 'C45D', 'B64C']	10	-5.441883	-7.2620945	-10.896513	-3.6344185
BCCDDDCDCDDBBADDABDDABCABDBACDDCDADAABCABACBDCABCACBCCCCCBDBACACBBCBCBACCACADAACCCBABADBCCAAABBCCBB	['D12B', 'D13B', 'C14A', 'C19D', 'B30D', 'A33D', 'D36A', 'C37A', 'C45D', 'B64C']	10	-5.441883	-7.2620945	-10.896513	-3.6344185
BCDDDDCACDDDBCDDABCAABCABDBACBDCAACCCBCACACBCDABCACBCDCCCBDBADDBBBCBCBCCCACADADCCCBBBADBCCAAABBCCBB	['C3D', 'D8A', 'D13B', 'D20A', 'D35C', 'D36C', 'B41C', 'C46D', 'C54D', 'C62D', 'A63D', 'A71C', 'A79D', 'A84B']	14	-3.978499	-3.681098	-7.618101	-3.6396022
BCCDDDCACCDDDCDDABCCABCABDBACBDCAACCBBCABACBCDABCACBCCCCCBDBACDBBBCBBBACCACACAACCDBABADBCCAAABDCCBB	['D8A', 'D10C', 'D20C', 'D35C', 'D36C', 'C37B', 'C46D', 'A63D', 'C69B', 'D77C', 'C82D', 'B95D']	12	-3.6957505	-3.7074723	-7.3617277	-3.6542554
BCCDDDCDCDDDBCDDABCDABCABDBACDDCDACCCBCABACBDCABCACBCCCCCBDBACACBBCBCBACCACADAACCCBABADBCCAAABBCCBB	['D13B', 'B30D', 'A33D', 'D35C', 'D36C', 'C45D', 'B64C']	7	-5.4787793	-7.130147	-10.801457	-3.6713104
BCCDDDCDCDDDDDDDABCDABCABDBACDDCAADDBBCABACBCDABCACBCCCCDBDBACDBBBCBCBCDCACACAACCCBABADCCBAABBBCCBB	['C14D', 'B30D', 'C37B', 'C46D', 'C57D', 'A63D', 'A71C', 'C72D', 'D77C', 'B88C', 'C90B', 'A93B']	12	-3.921621	-3.713687	-7.593814	-3.6721928
BCCDDDCDCCDDDDCDABCDABCABDBACDDCAADDCBCABACBCDABCACBCCCCCBDBACCBBBCBCBACCACADAACCCBABADBCCAABBBCCBB	['D10C', 'C14D', 'D15C', 'B30D', 'C46D', 'A63C', 'A93B']	7	-3.7348356	-5.213523	-8.906863	-3.6933403
BCCDDDCDCDDDDCDDABBDABCABDBACBDCAACABBCABACBBCABCACBCCCCCBDBACDBBBCBCBACCACACAACCCBABADBCCACBBBCCBB	['C19B', 'D35C', 'D36A', 'C37B', 'C45B', 'A63D', 'D77C', 'A92C', 'A93B']	9	-5.5027924	-6.2785845	-9.973906	-3.695321
BCCDDDCDCDDCDCDDABCDABCABDBACBDCAADAABCACACBCCABCACBCCCCCBDBDCCCDBCBCCADCACADAACCCBABADBCCAABBBCCBB	['D12C', 'D36A', 'C37A', 'B41C', 'A61D', 'A63C', 'B64C', 'B65D', 'B70C', 'C72D', 'A93B']	11	-5.5109425	-7.211765	-10.9152355	-3.7034707
AAADDDCDCDDDBCDDABCDABCABDBACDDCAACABBCABACBCDABCACBCDCCCBDBADDBBBCBCBCCCACADAACCCBABADCCBAAABBCCBB	['B1A', 'C2A', 'C3A', 'D13B', 'B30D', 'D35C', 'D36A', 'C37B', 'C46D', 'C54D', 'C62D', 'A63D', 'A71C', 'B88C', 'C90B']	15	-3.7612	-4.104315	-7.8240204	-3.7197056
AAADDDCDCBDDBCDDABCDABCABDBACDDCBACAABCABACBBCABCCCBCCCCCBDBACDBBBCBBBACCACADAACCCBABADCCBAAABBCCBB	['B1A', 'C2A', 'C3A', 'D10B', 'D13B', 'B30D', 'A33B', 'D35C', 'D36A', 'C37A', 'C45B', 'A50C', 'A63D', 'C69B', 'B88C', 'C90B']	16	-5.527199	-7.2479115	-10.967636	-3.7197247
BCCDDDCDCDDCDDDDABCDABCABDBACBDCAACACBCACACBCCABCACBCCCCCBDBACABBBCBCBACCACADAACCCBABADBCCAAABBCCBB	['D12C', 'C14D', 'D35C', 'D36A', 'B41C']	5	-5.5280476	-5.546896	-9.26747	-3.7205744
BCCDDDCDCDDDDCDDABBDABCABDBACBDCAADDCBCACACBCDABCACBCCCCCBDBACABBBCBCBACCACACAACCCBABADDCCAAABBCCBB	['C19B', 'B41C', 'C46D', 'D77C', 'B88D']	5	-3.7902532	-4.0836725	-7.83243	-3.7487574
AAADDDCDCDDDDCDDABCDABCABDBACBDCAACABBCABACBCCABCACBCCCCCBDBACABBBCBCCACCACADAACCCBABADBCCAAABBCCBB	['B1A', 'C2A', 'C3A', 'D35C', 'D36A', 'C37B', 'B70C']	7	-5.55951	-5.5577765	-9.309813	-3.7503023
BCCDDDCDCDDDDCDDABBDABCABDBACBDCAADDCBCABACBBCABCACBCCCCCBDBACABBBCBCBACCACADAACCCBABADBCCAABBBCCBB	['C19B', 'C45B', 'A93B']	3	-5.5685577	-6.83864	-10.599726	-3.7610855
BCCDDDCDCDDDDCDDABCDABCABDBACBDCAADDCBCABACBCDABCACBCCCCCBDBACABBBCBCBACCACADAACCCBBBADBCCAAABBCCBB	['C46D', 'A84B']	2	-3.8283587	-4.6273475	-8.414213	-3.7868657
BCCDDDCACDDDBCDDABCDABCABDBACBDCAACACBCACACBCCABCACBCCCCCBDBDDCBBBCBBBACCACADAACCCBABADBCCAAABBCCBB	['D8A', 'D13B', 'D35C', 'D36A', 'B41C', 'A61D', 'C62D', 'A63C', 'C69B']	9	-6.1571054	-5.5965915	-9.946228	-3.7891226
BCCDDDCDCDDDBCDDABCDABCABDBACDDCAADDCBCABACBCBABCACBCCCCCBDBACDBBBCBCBCCCACACAACCCBABADCCCAAABBCCBB	['D13B', 'B30D', 'C46B', 'A63D', 'A71C', 'D77C', 'B88C']	7	-3.7995934	-5.2036777	-9.003268	-3.7995906
BCCDDDCDCDDDDCDDABCDABCABDBACBDCAADDCBCABACBBCABCACBCCCCCBDBACABBBCBDBACCACADAACCCBABADBCCAAABBCCBB	['C45B', 'C69D']	2	-5.608426	-6.9049134	-10.70587	-3.8009562
BCCDDDCDCCDBBCDDABBAABCABDBACBDCAACDCBCACACBBDABCACBCCCCCBDBACDBBBCBCBACCACACAACCCBABADDCCAAABBCCBB	['D10C', 'D12B', 'D13B', 'C19B', 'D20A', 'D35C', 'B41C', 'C45B', 'C46D', 'A63D', 'D77C', 'B88D']	12	-4.379112	-3.8588042	-8.196417	-3.817305
BCCDDDCDCDDDDCDDABCAABCABDBACBDCAACDABCABACBCBABCACBCCCCCBDBACDBBBCBCBACCACADAACCCBABADBCCAAABBCCBB	['D20A', 'D35C', 'C37A', 'C46B', 'A63D']	5	-3.8181581	-3.8403869	-7.6585417	-3.8181548
BCCDDDCDCDDDDCDDABCDABCABDBACDDCAACACBCACACBBCABCACBCCCCCBDBACDBBCCBCBACCACACAACCCBABADCCCAABBBCCBB	['B30D', 'D35C', 'D36A', 'B41C', 'C45B', 'A63D', 'B66C', 'D77C', 'B88C', 'A93B']	10	-5.6288414	-7.7605615	-11.581934	-3.8213725
BCCDDDCDCDDDDCDDABCDABCABDBACDDCAADDCBCABACBCDABCACBCCCCCBDBACACBBCBCBACCACACAACCCBABADCCCAAABBCCBB	['B30D', 'C46D', 'B64C', 'D77C', 'B88C']	5	-3.8644729	-6.048454	-9.871434	-3.8229804
BCCDDDCDCDDDDCDDABCDABCABDBACDDCAADDCBCABACBCDABCACBCCCCCBDBACACBBCBCBACCACACAACCCBABADCCCAAABBCCBB	['B30D', 'C46D', 'B64C', 'D77C', 'B88C']	5	-3.8644729	-6.048454	-9.871434	-3.8229804
BCCDDDCDCDDCDDDDABCDABCABDBACDDCAACCCBCABACBCCABCACBCCCCCBDCACDBBBCBBBBCCACACAACCCBABADBCCAAABBCCBB	['D12C', 'C14D', 'B30D', 'D35C', 'D36C', 'B60C', 'A63D', 'C69B', 'A71B', 'D77C']	10	-5.8313613	-5.6363153	-9.660208	-3.8288465
BCCDDDCDCDDDBCCDABCDABCABDBACBDCAADDABAABACBCDABCACBCCCCCBDBACACBBCBCBACCACACAACCCBABADBCCAAABBCCBB	['D13B', 'D15C', 'C37A', 'C39A', 'C46D', 'B64C', 'D77C']	7	-3.8793726	-3.9057412	-7.743621	-3.8378797
BCCDDDCDCDDDBDCDABCDABCABDBACBDCAADACBCACACBBCABCACBCCCCCBDBACDBBBCBCBADCACADAACCCBABADBCCAAABBCCBB	['D13B', 'C14D', 'D15C', 'D36A', 'B41C', 'C45B', 'A63D', 'C72D']	8	-5.668358	-6.1225176	-9.983402	-3.8608847
BCCDDDCDCDDDBDDDABCAABCABDBACBDCAACACBCACACBCDABCACBCCCCCBDBACABBBCBABACCACADAACCDBABADBDBAAABBCCBB	['D13B', 'C14D', 'D20A', 'D35C', 'D36A', 'B41C', 'C46D', 'C69A', 'C82D', 'C89D', 'C90B']	11	-3.9071736	-4.5223174	-8.387995	-3.8656774
BCCDDDCDCDDBDCCDABCDABCABDBACBDCAACDBBCABACBCDABCACBCCCCCBDBACABBBCBCBACCACADAACCCBABADBCCAABBBCCBB	['D12B', 'D15C', 'D35C', 'C37B', 'C46D', 'A93B']	6	-4.2690296	-3.9154634	-8.142996	-3.8739662
BCCDDDCDCDDDDDDDABCDABCABDBACBDCAADDABCABACBCBABCACBCCCCCBDBACDBBBCBCBACCACACAACCCBABADBCCAABBBCCBB	['C14D', 'C37A', 'C46B', 'A63D', 'D77C', 'A93B']	6	-3.8838978	-4.107585	-7.99148	-3.883895
BCCDDDCDCDDDBCDDACCCABCABDBACDDCAACACBCABACBDCABCACBCCCCCBDBACABBBCBCBACCACADAACCCBABADBCCAAABBCCBB	['D13B', 'B18C', 'D20C', 'B30D', 'D35C', 'D36A', 'C45D']	7	-5.693547	-7.16123	-11.047307	-3.886077
BCCDDDCDCDDDDCDDABCDABCABDBACDDCAADDBBCABABBCDABCACBCCCCCBDBACCBBBCBCBBACADACAACCCBABADBCCAABBBCCBB	['B30D', 'C37B', 'C43B', 'C46D', 'A63C', 'A71B', 'C72A', 'C75D', 'D77C', 'A93B']	10	-3.9432278	-5.5925007	-9.494238	-3.9017372
BCCDDDCDCDDDBCDDABCDABCABDBACBDCAACACBCABACBCDABCCCBCCCCCBDBACDBBBCBCBACCACADAACCDBABADBCCAAABBCCBB	['D13B', 'D35C', 'D36A', 'C46D', 'A50C', 'A63D', 'C82D']	7	-3.9443583	-4.516214	-8.419076	-3.902862
BCCDDDCDCADDDCDDABCDABCABDBACBDCAADACBCABACBCDAACACBCCCCCBDCACACBBCBCBADCACADAACCCBABADBCBAAABBCCBB	['D10A', 'D36A', 'C46D', 'B48A', 'B60C', 'B64C', 'C72D', 'C90B']	8	-3.9547954	-4.643974	-8.55727	-3.9132962
BCCDDDCDCDDDBCDDABCDABCABDBACDDCBDDACBCABACBCBABCACBCCCCCBDBACDBBBCBCBCCCACADAACCCBABADCCCAAABBCCBB	['D13B', 'B30D', 'A33B', 'A34D', 'D36A', 'C46B', 'A63D', 'A71C', 'B88C']	9	-3.9296212	-6.1345315	-10.06415	-3.9296184
BCCDDDCDCDDDDCDDABCDABCABDBACDDCAADDBBCABACBCDABCACBCCCCCBDBADBBBBCBCBACCACACAACCCBABADCCCAABBBCCBB	['B30D', 'C37B', 'C46D', 'C62D', 'A63B', 'D77C', 'B88C', 'A93B']	8	-3.9764838	-4.6921787	-8.627172	-3.9349937
BCCDDDCDCDDDDCDDABCDABCABDBACDDCAACCABCABACBDCABCACBCCCCCBDBACDBBBCBACACCACADAACCCBABADBCCAAABBCCBB	['B30D', 'D35C', 'D36C', 'C37A', 'C45D', 'A63D', 'C69A', 'B70C']	8	-5.745945	-7.357254	-11.295733	-3.9384794
BCCDDDCDCDDDDCCDABCDABCABDBACBDCAADACBCABACBCDABCCCBCCCCCBDBADCBDBCBCBACCACADAACCDBABADBCCAAABBCCBB	['D15C', 'D36A', 'C46D', 'A50C', 'C62D', 'A63C', 'B65D', 'C82D']	8	-3.9996886	-4.714457	-8.672651	-3.9581943
BCCDDDCDCDDDBDDDBBCCABCABDBACDDCAACABBCABACBCCABCACBCCCCCBDBACDBBBCBCBACCACADAACCCBABADBCCAAABBCCBB	['D13B', 'C14D', 'A17B', 'D20C', 'B30D', 'D35C', 'D36A', 'C37B', 'A63D']	9	-5.7847023	-6.6494613	-10.626695	-3.9772334
BCCDDDCDCDDDBDDDBBCCABCABDBACDDCAACABBCABACBCCABCACBCCCCCBDBACDBBBCBCBACCACADAACCCBABADBCCAAABBCCBB	['D13B', 'C14D', 'A17B', 'D20C', 'B30D', 'D35C', 'D36A', 'C37B', 'A63D']	9	-5.7847023	-6.6494613	-10.626695	-3.9772334
BCCDDDCDCDDDDCCDABCDABCABDBACDDCAACACBCACACBCCABCACBCCCCCBDBACDBBBCBBBACCADADAACCCBABADBCCAAABBCCBB	['D15C', 'B30D', 'D35C', 'D36A', 'B41C', 'A63D', 'C69B', 'C75D']	8	-5.787757	-6.182414	-10.162705	-3.9802914
BCCDDDCDCDDDDCDDABCDABCABDBACDDCAACABBCACACBDCABCACBCCCCCBDBACDBBBCBCCACCACADAACCCBABADBCCAAABBCCBB	['B30D', 'D35C', 'D36A', 'C37B', 'B41C', 'C45D', 'A63D', 'B70C']	8	-5.7953777	-6.362276	-10.3501835	-3.9879074
BCCDDDCDCDDBDDDDABCDABCABDBACDDCAADDCBCABACBCDABCACBCCCCCBDBCCDBBBCBCBACCACACAACCCBABADCCCAAABBCCBB	['D12B', 'C14D', 'B30D', 'C46D', 'A61C', 'A63D', 'D77C', 'B88C']	8	-4.0368333	-4.5211253	-8.516464	-3.995339
BCCDDDCDCDDDDCDDABCDABCABDBACDDCAACACBCABACBCDABCACBCCCCCBDBADDBBBCBBBADCACADAACCCBABADBCCAAABBCCBB	['B30D', 'D35C', 'D36A', 'C46D', 'C62D', 'A63D', 'C69B', 'C72D']	8	-5.5884304	-4.0373583	-9.584294	-3.995864
BCCDDDCDCDDDDCDDABCDABCABDBACDDCBADDBBCABACBCDABCACBCCCCCBDBACABBBCBCBACCACADAACCCBABADCCCAABBBCCBB	['B30D', 'A33B', 'C37B', 'C46D', 'B88C', 'A93B']	6	-4.037377	-6.0274024	-10.023286	-3.9958835
BCCDDDCDCCDDDCDDABCDABCABDBACDDCAACACBCACACBBCABCACBCCCCCBDCCDDBBBCBCBACCACADAACCCBABADCCCAABBBCCBB	['D10C', 'B30D', 'D35C', 'D36A', 'B41C', 'C45B', 'B60C', 'A61C', 'C62D', 'A63D', 'B88C', 'A93B']	12	-5.803667	-7.0439744	-11.040167	-3.9961925
BCCDDDCDCCDDDCDDABCAABCABDBACBDCAAAACBCABACBCDABCACBCCCCCBDBACABBBCBABCCCACADAACCCBBBADBACAAABBCCBB	['D10C', 'D20A', 'D35A', 'D36A', 'C46D', 'C69A', 'A71C', 'A84B', 'C89A']	9	-4.057777	-4.6336255	-8.649908	-4.0162826
BCCDDDCDCDDDDCDDABCDABCABDBACDDCAADDCBCABACBCAABCACBCCCCCBDBACCCBBCBCBADCACADAACCCBABADBCCAAABBCCBB	['B30D', 'C46A', 'A63C', 'B64C', 'C72D']	5	-3.7713127	-4.981692	-9.000886	-4.019194
BCCDDDCDCDDDBCDDABBCABCABDBACDDCAACAABCABACBBCABCACBCCCCCBDBACDBBBCBBBBCCACADAACCCBBBADCCBAAABBCCBB	['D13B', 'C19B', 'D20C', 'B30D', 'D35C', 'D36A', 'C37A', 'C45B', 'A63D', 'C69B', 'A71B', 'A84B', 'B88C', 'C90B']	14	-5.8452606	-7.8285184	-11.866312	-4.0377936
BCCDDDCDCDDDBCCDABCDABCABDBACDDCAADDCBCABACBDDABCACBCCCCCBDBACCBBBCBCBACCACADAACCCBABADBCCAAABBCCBB	['D13B', 'D15C', 'B30D', 'C45D', 'C46D', 'A63C']	6	-4.083481	-5.3594456	-9.401432	-4.0419865
BCCDDDCDCDDDBCCDABCDABCABDBACDDCAADDCBCABACBDDABCACBCCCCCBDBACCBBBCBCBACCACADAACCCBABADBCCAAABBCCBB	['D13B', 'D15C', 'B30D', 'C45D', 'C46D', 'A63C']	6	-4.083481	-5.3594456	-9.401432	-4.0419865
BCCDDDCDCCDDBCDDABCDABCABDBACDDCAADDCBCABACBCDABCACBCCCCCBDBACABBBCBCBACCACACAACCCBABADCCCAAABBCCBB	['D10C', 'D13B', 'B30D', 'C46D', 'D77C', 'B88C']	6	-4.094276	-5.756526	-9.809306	-4.05278
BCCDDDCDCDDDDCDDABCDABCABDBACDDCAACCCBCABACBBCABCACBCCCCCBDBADBBBBCBCBCCCACACAACCCBABADBBCAAABBCCBB	['B30D', 'D35C', 'D36C', 'C45B', 'C62D', 'A63B', 'A71C', 'D77C', 'C89B']	9	-5.87118	-7.4612207	-11.524933	-4.063712
BCCDDDCDCDDDBCCDABCAABCABDBACDDCAADDCBCABACBCDABCACBCCCCCBDBACDBBBCBBBACCACACAACCCBABADCCCAAABBCCBB	['D13B', 'D15C', 'D20A', 'B30D', 'C46D', 'A63D', 'C69B', 'D77C', 'B88C']	9	-4.158812	-4.63594	-8.753253	-4.117313
BCCDDDCDCDDDDCDDABBDABCABDBACDDCAADDCBCABACBBCABCACBCCCCCBDBACABBBCBCBACCACACAACCCBABADBCCAABBBCCBB	['C19B', 'B30D', 'C45B', 'D77C', 'A93B']	5	-5.9511123	-7.9220905	-12.065731	-4.1436405
BCCDDDCDCDDDBCDDABBAABCABDBACBDCAADDCBCABACBCDABCACBCCDCCBDCACABBBCBCBBCCACADAACCCBABADBCCAAABBCCBB	['D13B', 'C19B', 'D20A', 'C46D', 'C55D', 'B60C', 'A71B']	7	-2.3849978	-3.651698	-7.8026714	-4.1509733
BCCDDDCDCDDDDCDDABBDABCABDBACBDCAACABBCABACBBCABCACBCCCCCBDBACDBBBCBCBACCACACAACCCBABADBCCAABBBCCBB	['C19B', 'D35C', 'D36A', 'C37B', 'C45B', 'A63D', 'D77C', 'A93B']	8	-5.9817686	-6.092419	-10.266715	-4.174296
BCCDDDCACBDABCDDABCDABCABDBACDDCAACACBCABACBCAABCACBCCCCCBDBADDDBBCBCBCCCACACAACCCBABADCCCAAABBCCBB	['D8A', 'D10B', 'D12A', 'D13B', 'B30D', 'D35C', 'D36A', 'C46A', 'C62D', 'A63D', 'B64D', 'A71C', 'D77C', 'B88C']	14	-3.9286451	-5.4863687	-9.662895	-4.1765265
BCCDDDCDCDDDBCDDABCDABCABDBACDDCAACACBCACACBBCABCACBCCCCCBDBACDBBBCBCBACCACADAACCCBABADCCCAAABBCCBB	['D13B', 'B30D', 'D35C', 'D36A', 'B41C', 'C45B', 'A63D', 'B88C']	8	-6.0616236	-8.015707	-12.269862	-4.254155
BCCDDDCDCCDDDADDABCDABCABDBACBDCAADACBCABACBBCABCACBCCCCCBDBACDBBBCBBBACCACADAACCCBABADBCCAABBBCCBB	['D10C', 'C14A', 'D36A', 'C45B', 'A63D', 'C69B', 'A93B']	7	-6.0675697	-6.1021442	-10.362239	-4.2600946
BCCDDDCDCDDDDCDDABCCABCABDBACDDCAACAABCACACBCDABCACBBCCCCBDBACDBBBCBCBACCACADAACCCBABADCCBAABBBCCBB	['D20C', 'B30D', 'D35C', 'D36A', 'C37A', 'B41C', 'C46D', 'C53B', 'A63D', 'B88C', 'C90B', 'A93B']	12	-4.3182163	-5.1335287	-9.410253	-4.276724
BCCDDDCDCDDBDCDDABADABCABDBACDDCAADDABCABACBDDABCACBCCCCCBDBACACBBCBCBACCACACAACCCBABADBCCAAABBCCBB	['D12B', 'C19A', 'B30D', 'C37A', 'C45D', 'C46D', 'B64C', 'D77C']	8	-4.331702	-5.0949693	-9.385178	-4.2902083
BCCDDDCDCCDDDCDDABCDABCABDBACDDCAADDABCACACBCDABCACBCCCCCBDBACDBBBCBCCACCACACAACCCBABADCCCAAABBCCBB	['D10C', 'B30D', 'C37A', 'B41C', 'C46D', 'A63D', 'B70C', 'D77C', 'B88C']	9	-4.4220924	-5.1625876	-9.543182	-4.3805947
BCCDDDCDCDDDDCDDABCDABCABDBACDDCAADDCBCABACBCDABCACBCCCCCBDBACDBDBCBCBADCACADAACCCBABADBCCAAABBCCBB	['B30D', 'C46D', 'A63D', 'B65D', 'C72D']	5	-4.464589	-5.145376	-9.568472	-4.4230957
BCCDDDCDCDDDDCCDBBCDABCABDBACDDCAADBCBCABACBCBABCACBCCCCCBDBACDBBBCBCBACCACADAACCCBABADBCCAAABBCCBB	['D15C', 'A17B', 'B30D', 'D36B', 'C46B', 'A63D']	6	-4.497534	-5.5414133	-10.038942	-4.497529
BCCDDDCDCDDDDCDDABCDABCABDBACDDCAADDCBCACACBCDABCACBCCCCCBDBACABBBCBCBACCACACAACCCBABADCCCAAABBCCBB	['B30D', 'B41C', 'C46D', 'D77C', 'B88C']	5	-4.546103	-5.5524826	-10.057093	-4.50461
BCCDDDCDCDDDDCDDABCDABCABDBACDDCAADDCBCABACBCDABCACBCCCCCBDBACDBBBCBBBACCACACAACCCBABADCCCAAABBCCBB	['B30D', 'C46D', 'A63D', 'C69B', 'D77C', 'B88C']	6	-4.604629	-4.718082	-9.2812195	-4.5631375
BCCDDDCDCDDDDCCDBBCAABCABDBACDDCAACACBCABACBBCABCACBCCCCDBDCBCDBBBCBCBACCACADAACCCBABADCCCAAABBCCBB	['D15C', 'A17B', 'D20A', 'B30D', 'D35C', 'D36A', 'C45B', 'C57D', 'B60C', 'A61B', 'A63D', 'B88C']	12	-6.4198337	-7.936654	-12.549015	-4.612361
BCCDDDCDCDDDDCCDABCDABCABDBACDDCAACCABCABACBDAABCACBCCCCCBDBACACBBCBCBACCACADAACCCBABADBCCAAABBCCBB	['D15C', 'B30D', 'D35C', 'D36C', 'C37A', 'C45D', 'C46A', 'B64C']	8	-4.7198434	-5.941406	-10.909135	-4.967729
BCCDDDCDCDDDDCDDABBDABCABDBACDDCAADDABCACACBDDABCACBCCCCCBDBACABBBCBCBACCACACAACCCBABADCCCAAABBCCBB	['C19B', 'B30D', 'C37A', 'B41C', 'C45D', 'C46D', 'D77C', 'B88C']	8	-5.0667644	-5.7638764	-10.789148	-5.025272
BCCDDDCDCDDDDCDDABCDABCABDBACDDCAADACBCABACBBDABCACBCCCCCBDBACBCBBCBCBACCACADAACCCBABADCCCAAABBCCBB	['B30D', 'D36A', 'C45B', 'C46D', 'A63B', 'B64C', 'B88C']	7	-5.1486773	-6.484877	-11.592065	-5.1071877
