Sequence	Mutations	Mutation_count	dm1	dm2	dm12	Dm1m2-min(dm1,dm2)
BCCDDDCDCADDBCCDABCAABCDBDBACBDCBADDCBCABACBCDABCACBDDCCCBDBACDBBBCBCBACDACACAACCCBBBADBCCAAABBCCBB	['D10A', 'D13B', 'D15C', 'D20A', 'A24D', 'A33B', 'C46D', 'C53D', 'C54D', 'A63D', 'C73D', 'D77C', 'A84B']	13	-0.008158684	-2.819087	-2.8272514	-0.008164406
BCCDDDCDCBDDDCDDABCDABCABDBACBDDBADDCBCAAACBCDBBCACBCBCCCBDBACDBBBCBCBCCAACACAACCCBABADBCBAABBBCCBB	['D10B', 'C32D', 'A33B', 'B41A', 'C46D', 'A47B', 'C54B', 'A63D', 'A71C', 'C73A', 'D77C', 'C90B', 'A93B']	13	-1.2248106	-6.3996677	-6.4090977	-0.009429932
AAADDDCDCCDDBCDDABCDABCABDBACBDCAADDABCABACBCDABCACBCCCCCBDBADDBBBCBCBCABACADAACCCBBBADBCBAABBBCCBB	['B1A', 'C2A', 'C3A', 'D10C', 'D13B', 'C37A', 'C46D', 'C62D', 'A63D', 'A71C', 'C72A', 'C73B', 'A84B', 'C90B', 'A93B']	15	-1.9373736	-5.781443	-5.79195	-0.010507107
BCCDDDCDCADDDCDDABCDABCABDBACBDCAACCCBAACACBCCABCACBCCCCCBDBADDBBBCBCBBCCCCACAACCCBABADBCBAABBBCCBB	['D10A', 'D35C', 'D36C', 'C39A', 'B41C', 'C62D', 'A63D', 'A71B', 'A74C', 'D77C', 'C90B', 'A93B']	12	-1.9380379	-9.194544	-9.205704	-0.011159897
BCCDDDCDCDDDDCDDABCDABCABDBACBDDAADDCBCABACBCBABCACBCCDCCBDBACBBBBCBCBBCCACADAACCBBABADBCCAAABBCCBB	['C32D', 'C46B', 'C55D', 'A63B', 'A71B', 'C82B']	6	-1.9395509	-7.3290954	-7.341773	-0.0126776695
BCCDDDCDCCDDBDDDABCDABCABDBACBDDBADDCBCABACBCDBBCACBBDCCCBDBACDBBBCBBBBCBACACAACCBBABADBCBAAABBCCBB	['D10C', 'D13B', 'C14D', 'C32D', 'A33B', 'C46D', 'A47B', 'C53B', 'C54D', 'A63D', 'C69B', 'A71B', 'C73B', 'D77C', 'C82B', 'C90B']	16	-0.014489651	-3.8838487	-3.8983421	-0.014493465
BCCDDDCDCCDDBCDDABCDABCABDBACBDCAADDCBCABACBCCABCACBCCCCDBDBADDBBBCBCBBCCACACAACCCBBBADBCBAAABBCCBB	['D10C', 'D13B', 'C57D', 'C62D', 'A63D', 'A71B', 'D77C', 'A84B', 'C90B']	9	-1.9457283	-6.658826	-6.677683	-0.018857002
BCCDDDCDCBDDDCDDABCCABCABDBACBDDAACAABCABACBCDBBCACBCBCCCCDBADDBBBCBCBBCBACAAAACCCBBBADBABAABBBCCBB	['D10B', 'D20C', 'C32D', 'D35C', 'D36A', 'C37A', 'C46D', 'A47B', 'C54B', 'B58C', 'C62D', 'A63D', 'A71B', 'C73B', 'D77A', 'A84B', 'C89A', 'C90B', 'A93B']	19	-1.2347937	-5.6685505	-5.6879616	-0.019411087
BCCDDDCDCCDDDCDDABCDABCABDBACBDCAADDCBCABACBCDBBCACBCCCCCBDBACDBBBCBCBBCCACCDAACCCBABADBCCAAABBCCBB	['D10C', 'C46D', 'A47B', 'A63D', 'A71B', 'A76C']	6	-1.9560571	-7.9350986	-7.964286	-0.029187202
BCCDDDCDCCDDDCDDABCDABCABDBACBDCBDDDBBCABACBCCABCACBCCCCCBDBADDBBBCBCBACBACACAACCCBBBADBCBAABBBCCBB	['D10C', 'A33B', 'A34D', 'C37B', 'C62D', 'A63D', 'C73B', 'D77C', 'A84B', 'C90B', 'A93B']	11	-1.9602556	-7.386447	-7.419835	-0.033388138
BCCDDDCDCCDDDCDDABCDABCABDBACBDCAADDCBCABACBCCABCACBCCCCCBDBADBBBBCBCBBDCBCACAACCCBBBADBCBAABBBCCBB	['D10C', 'C62D', 'A63B', 'A71B', 'C72D', 'A74B', 'D77C', 'A84B', 'C90B', 'A93B']	10	-1.9612656	-6.083752	-6.1181507	-0.034398556
BCCDDDCDCDDDBCDDABCDABCABDBACBDCAACACBCABACBCDABCCCBCCCCCBDBADDBBBCBCBBCCACCDAACCDBABADBCCAAABBCCBB	['D13B', 'D35C', 'D36A', 'C46D', 'A50C', 'C62D', 'A63D', 'A71B', 'A76C', 'C82D']	10	-1.9614997	-9.5194435	-9.554068	-0.0346241
BCCDDDCDCADADCCBABCBABCABDBACBDCAAAACBCACACBCCABCACBCCCCCBDBADDBBBCBAAACDACADAACCCBABADBCBAAABBCCBB	['D10A', 'D12A', 'D15C', 'D16B', 'D20B', 'D35A', 'D36A', 'B41C', 'C62D', 'A63D', 'C69A', 'B70A', 'C73D', 'C90B']	14	-1.9650984	-9.326002	-9.364227	-0.038225174
BCCDDDCDCDDDDCDDABCCABCABDBACBDDAADACBCABACBCDABCACBBDCCCBDBACDBBBCBCBBCCACADAACCBBABADBCBAABBBCCBB	['D20C', 'C32D', 'D36A', 'C46D', 'C53B', 'C54D', 'A63D', 'A71B', 'C82B', 'C90B', 'A93B']	11	-0.03948784	-6.0013185	-6.0408106	-0.03949213
BCCDDDCDCDDDDCDDABCCABCABDBACBDDAADACBCABACBCDABCACBBDCCCBDBACDBBBCBCBBCCACADAACCBBABADBCBAABBBCCBB	['D20C', 'C32D', 'D36A', 'C46D', 'C53B', 'C54D', 'A63D', 'A71B', 'C82B', 'C90B', 'A93B']	11	-0.03948784	-6.0013185	-6.0408106	-0.03949213
BCCDDDCDCCDDDCDCABCDABCABDBACBDCAADDCBCABACBCCABCACBCCCCCBDCACABBBCBCBBCCACADAACCCBBBADBCCAABBBCCBB	['D10C', 'D16C', 'B60C', 'A71B', 'A84B', 'A93B']	6	-1.9684186	-4.7337427	-4.7752953	-0.041552544
BCCDADCDCCDDDCDDABBDABCABDBACBDCAACDBBCABACBCDABCACBCDCCCBDBACDCBBCBCBACCACACAACCABABADBCBAABBBCCBB	['D5A', 'D10C', 'C19B', 'D35C', 'C37B', 'C46D', 'C54D', 'A63D', 'B64C', 'D77C', 'C82A', 'C90B', 'A93B']	13	-0.041668892	-4.943686	-4.985364	-0.04167795
BCCDDDCDCDDDDCDDABCDABCABDBACBDCAADDCBCABACBCBABCACBCDCCCBDBACDBBBCBCBBCCACADAACCBBABADBCCAAABBCCBB	['C46B', 'C54D', 'A63D', 'A71B', 'C82B']	5	-0.044962406	-6.289006	-6.333974	-0.04496765
BCCDDDCDCDDDDCDDABCDABCABDBACBDCAADDCBCABACBCBABCACBCDCCCBDBACDBBBCBCBBCCACADAACCBBABADBCCAAABBCCBB	['C46B', 'C54D', 'A63D', 'A71B', 'C82B']	5	-0.044962406	-6.289006	-6.333974	-0.04496765
BCCDDDCDCBDBDDDDABDAABCABDBACDDCCABAABCACACBCCABCACBCBCCCBDBACDBBBCBCBCCCACADAACCCBACADCCCAABBBCCBB	['D10B', 'D12B', 'C14D', 'C19D', 'D20A', 'B30D', 'A33C', 'D35B', 'D36A', 'C37A', 'B41C', 'C54B', 'A63D', 'A71C', 'B85C', 'B88C', 'A93B']	17	-1.261313	-5.202611	-5.2485437	-0.04593277
BCCDDDCDCCDDDCDDADBDABCABDBACBDCAACDCBCABACBCDABCACBCCCCCBDBACDBBBCBCBBBBACADAACCCBBCADBCBAABBBCCBA	['D10C', 'B18D', 'C19B', 'D35C', 'C46D', 'A63D', 'A71B', 'C72B', 'C73B', 'A84B', 'B85C', 'C90B', 'A93B', 'B99A']	14	-1.9748206	-7.6972513	-7.7451982	-0.04794693
AAADDDCDCDDDDCDDABADABCABDBACBDCCADACBCABACBCCABCACBCCCCCBDBADDBBBCBCCCACACADAACCCBABADBCBAAABBCCBB	['B1A', 'C2A', 'C3A', 'C19A', 'A33C', 'D36A', 'C62D', 'A63D', 'B70C', 'A71C', 'C72A', 'C90B']	12	-1.9769096	-7.785515	-7.8355503	-0.050035477
BCCDDDCDCDDDDCDDABCDABCABDBACBDCAADDCBCABABBCCABCACBCCCCCBDBACDBBBCBCBCACACADAACCABABADBCCAABBBCCBB	['C43B', 'A63D', 'A71C', 'C72A', 'C82A', 'A93B']	6	-1.9772048	-7.9046707	-7.9550037	-0.050333023
BCCDDDCDCCDCDCDDABCDABCABDBACBDCAADDCBCACACBCCABCACBCCCCCBDBCDDBBBBBCBBCBACACAACCCBABADBCBAABBBCCBB	['D10C', 'D12C', 'B41C', 'A61C', 'C62D', 'A63D', 'C67B', 'A71B', 'C73B', 'D77C', 'C90B', 'A93B']	12	-1.981462	-9.235575	-9.290168	-0.054593086
BCCDDDCDCDDDDCDDABCDABCABDBACBDCAADDCBCACACBCCABCACBCDCCCBDBACDBBBCBCBBCCACADAACCBBABADBCBAAABBCCBB	['B41C', 'C54D', 'A63D', 'A71B', 'C82B', 'C90B']	6	-0.059075356	-6.763603	-6.8226833	-0.059080124
BCCDDDCDCCDCBCDDABCAABCABDBACBDCAADDCBCABACBCDABCACBCCCCCBDCACDBBBDBCBCDCCCACAACCCBABADBCBAAABBCCBB	['D10C', 'D12C', 'D13B', 'D20A', 'C46D', 'B60C', 'A63D', 'C67D', 'A71C', 'C72D', 'A74C', 'D77C', 'C90B']	13	-1.9888234	-4.751672	-4.81363	-0.061958313
BCCDDDCDCCDCBCDDABCAABCABDBACBDCAADDCBCABACBCDABCACBCCCCCBDCACDBBBDBCBCDCCCACAACCCBABADBCBAAABBCCBB	['D10C', 'D12C', 'D13B', 'D20A', 'C46D', 'B60C', 'A63D', 'C67D', 'A71C', 'C72D', 'A74C', 'D77C', 'C90B']	13	-1.9888234	-4.751672	-4.81363	-0.061958313
BCCDDDCDCDDDDCDDABCDABCABDBACBDCAACCBBCABACBCCABCACBCDCCCBDBADDBBBCBCBBCCACACAACCABABADBCBAABBBCCBB	['D35C', 'D36C', 'C37B', 'C54D', 'C62D', 'A63D', 'A71B', 'D77C', 'C82A', 'C90B', 'A93B']	11	-0.064695835	-7.681168	-7.745867	-0.064698696
BCCDDDCDCDDDDCDDABCDABCABDBACBDCAADDCBCABACBCCABCACBCCCCCBDBACABBBCBCBACCACADAACCBBABADBCCAAABBCCBB	['C82B']	1	-1.9937611	-8.363214	-8.430101	-0.066887856
BCCDDDCDCDDDDCDDABCDABCABDBACBDCAADDCBCABACBCCABCACBCCCCCBDBACABBBCBCBACCACADAACCBBABADBCCAAABBCCBB	['C82B']	1	-1.9937611	-8.363214	-8.430101	-0.066887856
AAADDDCDCBDDDACDABCAABCABDBACDDCAADACBCABACBCCABCACBCCCCCBDBADDBBBCBCBACCACADAACCCBACADCCCAAABBCCBB	['B1A', 'C2A', 'C3A', 'D10B', 'C14A', 'D15C', 'D20A', 'B30D', 'D36A', 'C62D', 'A63D', 'B85C', 'B88C']	13	-1.9941001	-7.2221603	-7.2893944	-0.06723404
BCCDDDCDCDDCDCDDABBAABCABDBACBDCAADCBBCABACBCCABCACBCCCCCBDBACDBBBCBCBBCCACADAACCCBABADBCBAABBBCCBB	['D12C', 'C19B', 'D20A', 'D36C', 'C37B', 'A63D', 'A71B', 'C90B', 'A93B']	9	-1.99509	-7.2765822	-7.344796	-0.06821394
AAADDDCDCDDDDCDDABCDABCABDBACBDCAADDABCABACBCCABCACBCCCCCBDBCCDABBCBCBACCACACAACCBBABADBCCAABBBCCBB	['B1A', 'C2A', 'C3A', 'C37A', 'A61C', 'A63D', 'B64A', 'D77C', 'C82B', 'A93B']	10	-1.9951758	-7.0527077	-7.1210175	-0.068309784
BCCDDDCDCCDDDCDDABBAABCABDBACBDCAADDCBCABACBCCABCACBCCCCDBDBADDBBACBCBCCCACACAACCCBABADBCBAAABBCCBB	['D10C', 'C19B', 'D20A', 'C57D', 'C62D', 'A63D', 'B66A', 'A71C', 'D77C', 'C90B']	10	-1.9975734	-7.7418747	-7.8125753	-0.070700645
BCCDDDCDCDDDDCDDABCDABCABDBACBDCAADDCBCABACBCBABCACBCDCCCBDBACDBBBCBCBBCCACACAACCBBABADBCBAABBBCCBB	['C46B', 'C54D', 'A63D', 'A71B', 'D77C', 'C82B', 'C90B', 'A93B']	8	-0.075146675	-7.032942	-7.108095	-0.07515335
BCCDDDCDCDDDDCDDABCDABCABDBACBDCAADDCBCABACBCBABCACBCDCCCBDBACDBBBCBCBBCCACACAACCBBABADBCBAABBBCCBB	['C46B', 'C54D', 'A63D', 'A71B', 'D77C', 'C82B', 'C90B', 'A93B']	8	-0.075146675	-7.032942	-7.108095	-0.07515335
BCCDDDCDCDDDDCDDABCDABCABDBACBDCAADDCBCABACBCBABCACBCDCCCBDBACDBBBCBCBBCCACACAACCBBABADBCBAABBBCCBB	['C46B', 'C54D', 'A63D', 'A71B', 'D77C', 'C82B', 'C90B', 'A93B']	8	-0.075146675	-7.032942	-7.108095	-0.07515335
BCCDDDCDCCDDDCDDABCDABCABDBACBDCAADDCBCABACBCCAACACBCDCCCBDBACACBBCBCBACCACACAACCBBABADBCCAAABBCCBB	['D10C', 'B48A', 'C54D', 'B64C', 'D77C', 'C82B']	6	-0.07643318	-5.164883	-5.2413206	-0.07643747
BCCDDDCDCADDDCDDABCDABCDBDBACBDCAACACBCABACBCDABCACBCCCCCBDBADDBBBCBBBACCACACAACCCBABADBCCAAABBCCBB	['D10A', 'A24D', 'D35C', 'D36A', 'C46D', 'C62D', 'A63D', 'C69B', 'D77C']	9	-2.0041919	-6.5776978	-6.655018	-0.0773201
BCCDDDCDCCDDDCDDABCDABCABDBACBDCAACDCBCABACBCDABCACBCCCCCCDBADDBBBCBCBACCACADAACCCBABADBCBAABBBCCBB	['D10C', 'D35C', 'C46D', 'B58C', 'C62D', 'A63D', 'C90B', 'A93B']	8	-2.0053115	-8.123383	-8.2018175	-0.078434944
BCCDDDCDCDDDDCCDABCDABCABDBACBDCAADDCBCACACBCCABCACBCCCCCBDBACABBBCBCBACCACACAACCBBABADBCCAAABBCCBB	['D15C', 'B41C', 'D77C', 'C82B']	4	-2.0064673	-9.594691	-9.674288	-0.07959652
BCCDDDCDCADDDCDDABCDABCABDBACBDCAADDCBCABACBCCAACACBCDCCCBDBADDCDBCBCBACCACADAACCBBABADBCCAAABBCCBB	['D10A', 'B48A', 'C54D', 'C62D', 'A63D', 'B64C', 'B65D', 'C82B']	8	-0.080379486	-5.3012576	-5.3816423	-0.08038473
BCCDDDCDCADDDCDDABCDABCABDBACBDCAADDCBCABACBCCAACACBCDCCCBDBADDCDBCBCBACCACADAACCBBABADBCCAAABBCCBB	['D10A', 'B48A', 'C54D', 'C62D', 'A63D', 'B64C', 'B65D', 'C82B']	8	-0.080379486	-5.3012576	-5.3816423	-0.08038473
BCCDDDCDCCDDBCDDABCAABCABDBACBDCAACDABCABACBCDABCACBCCCCCBDBACDBBBCBCBCACACADAACCCBBBADBCBADABBCCBB	['D10C', 'D13B', 'D20A', 'D35C', 'C37A', 'C46D', 'A63D', 'A71C', 'C72A', 'A84B', 'C90B', 'A92D']	12	-2.0076694	-2.9896717	-3.0704737	-0.080801964
BCCDDDCDCCDDDCDDABCDABCABDBACBDCAADDCBCABACBCDABCACBBDCCCBDCADDBBBCBCBDCDACACAACCCBABADBCBAABBBCCBB	['D10C', 'C46D', 'C53B', 'C54D', 'B60C', 'C62D', 'A63D', 'A71D', 'C73D', 'D77C', 'C90B', 'A93B']	12	-0.08450031	-7.2985525	-7.3830605	-0.08450794
BCCDDDCDCCDDDCDDABCDABCABDBACBDCAADACBCACACBCCABCACBCCCCCBDCACDBBBBBCBACCACADAACCCBABADBCCAAABBCCBB	['D10C', 'D36A', 'B41C', 'B60C', 'A63D', 'C67B']	6	-2.0179348	-7.362253	-7.4533167	-0.0910635
BCCDDDCDCCDDDCDDABCDABCABDBACBDCAACDDBCACACBCCAACACBCCCCCBDBACDBBBCBCBCCCACACAACCCBABADBCBAABBBCCBB	['D10C', 'D35C', 'C37D', 'B41C', 'B48A', 'A63D', 'A71C', 'D77C', 'C90B', 'A93B']	10	-2.0195942	-8.313185	-8.405906	-0.092720985
BCCDDDCDCADDDCCDABCDABCABDBACBDCAACDBBCABACBCCABCACBCDCCCBDBACDBBACBCBACCACADAACCBBABADBCCAABBBCCBB	['D10A', 'D15C', 'D35C', 'C37B', 'C54D', 'A63D', 'B66A', 'C82B', 'A93B']	9	-0.093645096	-5.425137	-5.5187893	-0.09365225
BCCDDDCDCADDDDCDABCDABCABDBACBDCAACCABCABACBCBABCACBCDCCDBDCCDDBBBCBCBACCACADAACCABABADBCCAABBBCCBB	['D10A', 'C14D', 'D15C', 'D35C', 'D36C', 'C37A', 'C46B', 'C54D', 'C57D', 'B60C', 'A61C', 'C62D', 'A63D', 'C82A', 'A93B']	15	-0.093705654	-7.041183	-7.1348934	-0.09371042
BCCDDDCDCCDDDCDDABCAABCABDBACBDCAAAACBCABACBCDABCACBCCCCCBDBACABBBCBABCCCACADAACCCBBBADBACAAABBCCBB	['D10C', 'D20A', 'D35A', 'D36A', 'C46D', 'C69A', 'A71C', 'A84B', 'C89A']	9	-2.0247345	-4.1270165	-4.224886	-0.097869396
BCCDDDCDCDDDDCDDABCDABCABDBACBDCAADABBCABACBCCABCACBCCCCCBDBACDBBBCBCBBCCACADAACCCBBBADCCBAAABBCCBB	['D36A', 'C37B', 'A63D', 'A71B', 'A84B', 'B88C', 'C90B']	7	-2.0251613	-6.294553	-6.3928423	-0.09828949
BCCDDDCDCDDDDCDDABCDABCABDBACBDDAADDCBCABACBCBABCACBCCCCCBDBACDBBBCBCBBDCACADAACCBBABADBCCAAABBCCBB	['C32D', 'C46B', 'A63D', 'A71B', 'C72D', 'C82B']	6	-2.0256548	-7.82251	-7.9212914	-0.098781586
BCCDDDCDCCDDDCDDABCAABCABDBACBDCAACACBCABACBCCABCCCBCCCCDBDBADDBBBCBCBBCCCCACAACCCBABADBCCAABBBCCBB	['D10C', 'D20A', 'D35C', 'D36A', 'A50C', 'C57D', 'C62D', 'A63D', 'A71B', 'A74C', 'D77C', 'A93B']	12	-2.0269885	-8.2402725	-8.3403845	-0.10011196
BCCDDDCDCCDDDCDDABCDABCABDBACBDCBADDCBCABACBCDABCACBCDCCCBDBADDBBBCBCBBCCACCCAACCCBBBADBCBAABBBCCBB	['D10C', 'A33B', 'C46D', 'C54D', 'C62D', 'A63D', 'A71B', 'A76C', 'D77C', 'A84B', 'C90B', 'A93B']	12	-0.100626945	-4.624893	-4.725524	-0.10063076
BCCDDDCDCCDDDCDDABCDABCABDBACBDCAACDBBCABACBCDABCACBCDCCCBDBACDBBBCBCBCDCACACAACCBBABADBCCAABBBCCBB	['D10C', 'D35C', 'C37B', 'C46D', 'C54D', 'A63D', 'A71C', 'C72D', 'D77C', 'C82B', 'A93B']	11	-0.10263252	-4.7615256	-4.864167	-0.10264158
BCCDDDCDCBDDDCDDABCDABCABDBACBDCAADDABCABACBCCABCACBCCCCCBDBADDCBBCBCBACAACADAACCCBBBADBCBAABBBCCBA	['D10B', 'C37A', 'C62D', 'A63D', 'B64C', 'C73A', 'A84B', 'C90B', 'A93B', 'B99A']	10	-2.0296588	-5.8101573	-5.912942	-0.10278463
BCCDDDCDCADDDCCDABCDABCABDBACBDCAACABBCABACBCCABCACBCDCCDBDBACDBBBCBCBACCACADAACCBBABADBCCAABBBCCBB	['D10A', 'D15C', 'D35C', 'D36A', 'C37B', 'C54D', 'C57D', 'A63D', 'C82B', 'A93B']	10	-0.10315132	-6.2256646	-6.3288193	-0.10315466
BCCDDDCDCCADDCDDABCDABCABDBACBDCAAAACBCABACBCCABCACBCCCCCBDBCCDBBBCBCBBDBACADAACCCBBBADBCBAABBBCCBB	['D10C', 'D11A', 'D35A', 'D36A', 'A61C', 'A63D', 'A71B', 'C72D', 'C73B', 'A84B', 'C90B', 'A93B']	12	-2.0304017	-6.6599965	-6.763527	-0.10353041
AAADDDCDCADDDCCDABCDABCABDBACBDCAACACBCACACBCCABCACBCCCCDBDBDCDBBBCBCBACCACADAACCCBABADBCCAABBBCCBB	['B1A', 'C2A', 'C3A', 'D10A', 'D15C', 'D35C', 'D36A', 'B41C', 'C57D', 'A61D', 'A63D', 'A93B']	12	-2.0354543	-9.06246	-9.17104	-0.108579636
BCCDDDCDCCDDBDCDABCAABCABDBACBDCAACAABCACACBCCABCACBCCCCCBDBADDBBBCBCBCCBACADAACCCBABADBCBAAABBCCBB	['D10C', 'D13B', 'C14D', 'D15C', 'D20A', 'D35C', 'D36A', 'C37A', 'B41C', 'C62D', 'A63D', 'A71C', 'C73B', 'C90B']	14	-2.0359173	-7.984355	-8.093398	-0.10904312
BCCDDDCDCDDDDCDDABCCABCABDBACBDDAADACBCABADBCDBBCACBCCCCCBDBACCCBBCBCBAACACADAACCBBABADBCCAABBBCCBB	['D20C', 'C32D', 'D36A', 'C43D', 'C46D', 'A47B', 'A63C', 'B64C', 'C72A', 'C82B', 'A93B']	11	-2.0369172	-6.7504525	-6.8605013	-0.11004877
BCCDDDCDCBDDDCDDABCDABCABDBACBDCAADACBCABACBCCABCCCBCCCCCBDBACABBBCBCBBCCACADAACCCBABADBCCAAABBCCBB	['D10B', 'D36A', 'A50C', 'A71B']	4	-2.044613	-6.8610573	-6.978798	-0.11774063
BCCDDDCDCCDDDDCDABCDABCABDBACBDCAADDBBCABACBCCABCACBBCCCCBDBACABBBCBCBBCBACACAACCCBABADBCBAAABBCCBB	['D10C', 'C14D', 'D15C', 'C37B', 'C53B', 'A71B', 'C73B', 'D77C', 'C90B']	9	-2.0447054	-8.0449	-8.162737	-0.11783695
BCCDDDCDCCDDDCDDABCDABCABDBACBDCAADDCBCABACBCBABCACDCDDCCBDBADABBBCBCBACCACADAACCBBABADBCCAABBBCCBB	['D10C', 'C46B', 'B52D', 'C54D', 'C55D', 'C62D', 'C82B', 'A93B']	8	-0.118668556	-5.7592053	-5.87788	-0.118674755
BCCDDDCDCDDDDCCDABCDABCABDBACBDCAACACBCABACBCCABCACBCDCCCCDBACDBBBCBCBACCACADAACCBBABADBCCAAABBCCBB	['D15C', 'D35C', 'D36A', 'C54D', 'B58C', 'A63D', 'C82B']	7	-0.12064457	-7.1248527	-7.2454996	-0.12064695
BCCDDDCDCCDDDCDDABCCABCABDBACBDCAADACBCABACBCCABCACBCCCCCBDBADDBBBCBCBACCACADAACCCBABADBCCAAABBCCBB	['D10C', 'D20C', 'D36A', 'C62D', 'A63D']	5	-2.050798	-7.521677	-7.6456013	-0.123924255
BCCDDDCDCCDBBCDDABCBABCABDBACBDCAADACBCABACBCDABCACBCDCCCBDBACDCBBCBCBACCACADAACCABBBADBCCAAABBCCBB	['D10C', 'D12B', 'D13B', 'D20B', 'D36A', 'C46D', 'C54D', 'A63D', 'B64C', 'C82A', 'A84B']	11	-0.12605953	-2.0444293	-2.170494	-0.12606478
BCCDDDCDCCDDDCDDABCCABCABDBACBDCAACABBCABACBCCABCACBCDCCCBDBADDBBBCBCBBCCACADAACCCABBADBCBAAABBCCBB	['D10C', 'D20C', 'D35C', 'D36A', 'C37B', 'C54D', 'C62D', 'A63D', 'A71B', 'B83A', 'A84B', 'C90B']	12	-0.12614536	-3.645545	-3.7716923	-0.12614727
BCCDDDCDCADDBCCDABCCABCABDBACBDCAACACBCABACBBBABCACBCCCCCBDBADDBBBCBCBCCCACADAACCCBABADACBAABBBCCBB	['D10A', 'D13B', 'D15C', 'D20C', 'D35C', 'D36A', 'C45B', 'C46B', 'C62D', 'A63D', 'A71C', 'B88A', 'C90B', 'A93B']	14	-2.0533175	-7.463936	-7.590377	-0.126441
BCCDDDCDCADDBCCDABCCABCABDBACBDCAACACBCABACBBBABCACBCCCCCBDBADDBBBCBCBCCCACADAACCCBABADACBAABBBCCBB	['D10A', 'D13B', 'D15C', 'D20C', 'D35C', 'D36A', 'C45B', 'C46B', 'C62D', 'A63D', 'A71C', 'B88A', 'C90B', 'A93B']	14	-2.0533175	-7.463936	-7.590377	-0.126441
BCCDDDCDCCDDDCDDABCDABCABDBACBDCBDDBABCABACBBCABCACBCBCCDBDBADDDBBCBCBDCCACADAACCCBABADBCBAAABBCCBB	['D10C', 'A33B', 'A34D', 'D36B', 'C37A', 'C45B', 'C54B', 'C57D', 'C62D', 'A63D', 'B64D', 'A71D', 'C90B']	13	-1.3432922	-6.4743347	-6.6022453	-0.12791061
BCCDDDCDCCDDDCDDABCAABCABDBACBDCAADDCBCABACBCCABCACBCCCCCBDBACDBBBCBCBDABACADAACCCBABADBCBAAABBCCBB	['D10C', 'D20A', 'A63D', 'A71D', 'C72A', 'C73B', 'C90B']	7	-2.0566053	-7.1466103	-7.276346	-0.12973595
AAADDDCDCDDDDCCDABCDABCABDBACBDCAADDBBAABACBCDABCACBCCCCCBDBADDBBBCBCBBCCACADAACCCBABADCCBAAABBCCBB	['B1A', 'C2A', 'C3A', 'D15C', 'C37B', 'C39A', 'C46D', 'C62D', 'A63D', 'A71B', 'B88C', 'C90B']	12	-2.0577197	-8.802401	-8.933244	-0.13084316
BCCDDDCDCDDDDDDDABCDABCABDBACBDCAADDCBCACACBCDABCACBCCCCCBDBACACBBCBCBACCACADAACCABABADBCCAABBBCCBB	['C14D', 'B41C', 'C46D', 'B64C', 'C82A', 'A93B']	6	-2.0579066	-7.8832965	-8.014335	-0.13103819
BCCDDDCDCCDDDCDDABCDABCABDBACBDCAADDCBCACACBCDABCACBCCCCCBDBADCCBACBABACCACACAACCCBBBADBCBADABBCCBB	['D10C', 'B41C', 'C46D', 'C62D', 'A63C', 'B64C', 'B66A', 'C69A', 'D77C', 'A84B', 'C90B', 'A92D']	12	-2.0591974	-5.3879857	-5.520317	-0.13233137
BCCDDDCDCADDDCCDABCDABCABDBACBDCAACDCBCACACBCCABCACBCCCCCBDBADBBBBCBCBBCCACADAACCCBABADBCBAABBBCCBB	['D10A', 'D15C', 'D35C', 'B41C', 'C62D', 'A63B', 'A71B', 'C90B', 'A93B']	9	-2.0607238	-8.484373	-8.61822	-0.13384724
BCCDDDCDCBDDDCDDABCAABCABDBACBDCAADDABCABACBCDABCACBCDDCDBDBACDBBBBBCBBBDACACAACCCBBCADBCBAABBBCCBB	['D10B', 'D20A', 'C37A', 'C46D', 'C54D', 'C55D', 'C57D', 'A63D', 'C67B', 'A71B', 'C72B', 'C73D', 'D77C', 'A84B', 'B85C', 'C90B', 'A93B']	17	-0.1342802	-4.085008	-4.2192945	-0.1342864
BCCDDDCDCCDDDCDDABCDABCABDBACBDCAADDCBCABACBCBABCACBCDCCCBDBACDBBBCBCBACCACADAACCBBABADBCCAABBBCCBB	['D10C', 'C46B', 'C54D', 'A63D', 'C82B', 'A93B']	6	-0.13469982	-5.766665	-5.901374	-0.13470888
BCCDDDCDCDDDDCDDABCDABCABDBACBDCAADDCBCACACBCBABCACBCDCCCBDBACDBBBCBCBBCBACADAACCBBABADBCCAAABBCCBB	['B41C', 'C46B', 'C54D', 'A63D', 'A71B', 'C73B', 'C82B']	7	-0.14211607	-7.7617426	-7.903862	-0.14211941
BCCDDDCDCCDDDCDDABCAABCABDBACBDCAACABBCABACBCCABCACBCCCCCBDBACDBBBCBCBCDCCCACAACCCBABADBCBAAABBCCBB	['D10C', 'D20A', 'D35C', 'D36A', 'C37B', 'A63D', 'A71C', 'C72D', 'A74C', 'D77C', 'C90B']	11	-2.0693126	-5.8452435	-5.9876842	-0.1424408
BCCDDDCDCCDDDCDDABDDABCABDBACBDCBADDCBCABACBCCABCACBCDCCCBDBADDBBBCBBBBCCCCADAACCCBBBADBCBCAABBCCBB	['D10C', 'C19D', 'A33B', 'C54D', 'C62D', 'A63D', 'C69B', 'A71B', 'A74C', 'A84B', 'C90B', 'A91C']	12	1.7826452	-1.813137	-1.957367	-0.14422989
BCCDDDCDCCDDDCDDABCCABCDBDBACBDCAACAABCACACBCDABCACBCDCCCBDBACCBBBCBCBBACACACAACCCBBBADBCCCABBBCCBB	['D10C', 'D20C', 'A24D', 'D35C', 'D36A', 'C37A', 'B41C', 'C46D', 'C54D', 'A63C', 'A71B', 'C72A', 'D77C', 'A84B', 'A91C', 'A93B']	16	1.7809014	-2.2893124	-2.4352913	-0.14597893
BCCDDDCDCCDDDCDDABCDABCABDBACBDCAADDCBCABACBCCABCACBCDCCCBDBACDBBBCBCBBCBACACAACCABABADBCBAABBBCCBB	['D10C', 'C54D', 'A63D', 'A71B', 'C73B', 'D77C', 'C82A', 'C90B', 'A93B']	9	-0.14815521	-6.7692056	-6.917369	-0.14816332
BCCDDDCDCCDDDCDDABCDABCABDBACBDCAADDCBCABACBCCABCACBCDCCCBDBACDBBBCBCBBCBACACAACCABABADBCBAABBBCCBB	['D10C', 'C54D', 'A63D', 'A71B', 'C73B', 'D77C', 'C82A', 'C90B', 'A93B']	9	-0.14815521	-6.7692056	-6.917369	-0.14816332
BCCDDDCDCDDDDDDDABCDABCABDBACBDDAADDCBCACACBCDABCACBCCCCCBDBACDBBBCBCBBCCACADAACCBBABADBCCAAABBCCBB	['C14D', 'C32D', 'B41C', 'C46D', 'A63D', 'A71B', 'C82B']	7	-2.0758467	-7.888155	-8.03713	-0.14897537
BCCDDDCDCBDDDCDDABCDABCABDBACBDCAACAABCABACBBCABCACBCCCCCBDBACDABBCBCBACCACADAACCCBBBADBDBAABBBCCBB	['D10B', 'D35C', 'D36A', 'C37A', 'C45B', 'A63D', 'B64A', 'A84B', 'C89D', 'C90B', 'A93B']	11	-2.0807886	-4.73556	-4.889477	-0.15391684
AAADDDCDCCDDBCDDABCAABCABDBACBDCAADDCBCABACBCCABCACBCCCCCBDBADDBBBCBCBCCBACADAACCCBABADBCBAAABBCCBB	['B1A', 'C2A', 'C3A', 'D10C', 'D13B', 'D20A', 'C62D', 'A63D', 'A71C', 'C73B', 'C90B']	11	-2.08534	-7.27621	-7.434679	-0.1584692
AAADDDCDCBCDDCDDABCAABCABDBACBDDAACAABCABADBCDABCACBBDCCCBDBACDBBBCBCBACCACADAACCCBABADBCBAAABBCCBB	['B1A', 'C2A', 'C3A', 'D10B', 'D11C', 'D20A', 'C32D', 'D35C', 'D36A', 'C37A', 'C43D', 'C46D', 'C53B', 'C54D', 'A63D', 'C90B']	16	-0.16333961	-2.921733	-3.0850782	-0.16334534
BCCDDDCDCCDDDCDDABCDABCABDBACBDCAADDCBCABACBCCABCACBCCCCCBDBACDBBBCBCBCCCACADAACCCBBCADBCCAAABBCCBB	['D10C', 'A63D', 'A71C', 'A84B', 'B85C']	5	-2.0911994	-5.714734	-5.8790655	-0.16433144
BCCDDDCDCCDDBCDDABCBABCABDBACBDCAADDCBCABACBCCABCACBCCCCDBDBACDBBBCBCBCCCACADAACCCBBBADBCBAAABBCCBB	['D10C', 'D13B', 'D20B', 'C57D', 'A63D', 'A71C', 'A84B', 'C90B']	8	-2.0918655	-5.6480145	-5.813012	-0.16499758
BCCDDDCDCADDDCDDABCDABCABDBACBDCAACDCBBABACBCDABCACBCCCCCCDBADDCBBCBCBACCACADAACCCBABADBCBAAABBCCBB	['D10A', 'D35C', 'C39B', 'C46D', 'B58C', 'C62D', 'A63D', 'B64C', 'C90B']	9	-2.0922365	-7.181181	-7.3465443	-0.16536331
BCCDDDCDCDDDDCDDABBCABCABDBACBDCAACACBCABACBCCABCACBCDCCCBDBACDBBBCBCBACCACADAACCBBABADBCCAAABBCCBB	['C19B', 'D20C', 'D35C', 'D36A', 'C54D', 'A63D', 'C82B']	7	-0.16645241	-6.283159	-6.4496136	-0.16645479
BCCDDDCDCCDDBCDDABCDABCABDBACBDCAADDCBCABACBCDBBCACBBCCCCBDBACDDBBCBCBBCCCCACAACCCBBBADBCBAABBBCCBB	['D10C', 'D13B', 'C46D', 'A47B', 'C53B', 'A63D', 'B64D', 'A71B', 'A74C', 'D77C', 'A84B', 'C90B', 'A93B']	13	-2.0935798	-5.1367707	-5.303484	-0.16671324
BCCDDDCDCCDDBCDDABCCABCABDBACBDCAADACBCACACBCCABCACBCCCCCBDBADACBBCBCBACCACADAACCCBACADBCCAABBBCCBB	['D10C', 'D13B', 'D20C', 'D36A', 'B41C', 'C62D', 'B64C', 'B85C', 'A93B']	9	-2.0954447	-6.7711906	-6.939768	-0.1685772
BCCDDDCDCDDDDCDDABCDABCABDBACBDCAADDCBCABACBCCABCACBCCCCCBDBACCBBBCBCBAACACADAACCBBABADBCCAAABBCCBB	['A63C', 'C72A', 'C82B']	3	-2.0972605	-7.314582	-7.484971	-0.17038918
BCCDDDCDCCDDDCDDABCDABCABDBACBDCBADDCBCABACBCDBBCCCBCCCCCBDBACAABBCBCBBCCACADAACCCBABADBCCAAABBCCBB	['D10C', 'A33B', 'C46D', 'A47B', 'A50C', 'B64A', 'A71B']	7	-2.0984583	-5.2626133	-5.434208	-0.17159462
BCCDDDCDCCDDDCDDABCDABCABDBACBDCAADDBBCABACBCCABCACBCCCCCBDCACDBBACBCBCBCACACAACCCBABADBCBAAABBCCBB	['D10C', 'C37B', 'B60C', 'A63D', 'B66A', 'A71C', 'C72B', 'D77C', 'C90B']	9	-2.0992122	-6.629801	-6.802145	-0.17234421
BCCDDDCDCCDDDCDDABCDABCABDBACBDCAADDBBCABACBCCABCACBCCCCCBDCACDBBBCBCBBCBACACAACCCBABADBCBAABBBCCBB	['D10C', 'C37B', 'B60C', 'A63D', 'A71B', 'C73B', 'D77C', 'C90B', 'A93B']	9	-2.100625	-7.9298096	-8.103566	-0.1737566
BCCDDDCDCDDDDCCDADCAABCABDBACBDCAADABBCABACBCDABCACBCCCCCBDCADDBBBCBCBCBAACADAACCCBABADBCBAABBBCCBB	['D15C', 'B18D', 'D20A', 'D36A', 'C37B', 'C46D', 'B60C', 'C62D', 'A63D', 'A71C', 'C72B', 'C73A', 'C90B', 'A93B']	14	-2.1017904	-8.217585	-8.392496	-0.1749115
BCCDBDCDCCACBDDDABCAABCABDBACBDCAADACBCABACBCDABCACBCDCCCBDBACDBBBCBCBBCBACADAACCCBBBADBABAABBBCCBB	['D5B', 'D10C', 'D11A', 'D12C', 'D13B', 'C14D', 'D20A', 'D36A', 'C46D', 'C54D', 'A63D', 'A71B', 'C73B', 'A84B', 'C89A', 'C90B', 'A93B']	17	-0.1754117	-2.2918692	-2.4672823	-0.17541313
BCCDDDCDCDDDDCCDABCDABCABDBACBDDAACDBBCABACBCCABCACBCCCCCBDBACDBBBCBBBDCCACADAACCBBABADBCCAAABBCCBB	['D15C', 'C32D', 'D35C', 'C37B', 'A63D', 'C69B', 'A71D', 'C82B']	8	-2.1033154	-7.170163	-7.3466043	-0.1764412
BCCDDDCDCBDDDCDDABCDABCABDBACBDCAACDBBCABACBCCABCACBCCCCCBDBACDBBBCBCBCCCACACAACCCBABADBCCADABBCCBB	['D10B', 'D35C', 'C37B', 'A63D', 'A71C', 'D77C', 'A92D']	7	-2.1042285	-5.9278307	-6.1051903	-0.17735958
BCCDDDCDCADCDCDDABBBABCABDBACBDCAADDABCABACBCCABCACBCBCCCBDBACDCBBCBCBBCCACADAACCCBBBADBCBAABBBCCBB	['D10A', 'D12C', 'C19B', 'D20B', 'C37A', 'C54B', 'A63D', 'B64C', 'A71B', 'A84B', 'C90B', 'A93B']	12	-1.3944836	-3.1553497	-3.3344517	-0.17910194
AAADDDCDCCDDDCDBABCDABCABDBACBDCBADDCBCABACBCBABCACBCDCCCBDBADDDBBCBCBCCCACACAACCCBBBADBCBADBBBCCBB	['B1A', 'C2A', 'C3A', 'D10C', 'D16B', 'A33B', 'C46B', 'C54D', 'C62D', 'A63D', 'B64D', 'A71C', 'D77C', 'A84B', 'C90B', 'A92D', 'A93B']	17	-0.1811285	-2.0667486	-2.24788	-0.18113136
BCCDDDCDCADDDCCDABCCABCABDBACBDDAACCBBCABACBCDBBCCCBBDCCCBDBADDBBBCBCBACCACABAACCBBABADBCBAABBBCCBB	['D10A', 'D15C', 'D20C', 'C32D', 'D35C', 'D36C', 'C37B', 'C46D', 'A47B', 'A50C', 'C53B', 'C54D', 'C62D', 'A63D', 'D77B', 'C82B', 'C90B', 'A93B']	18	-0.1829853	-5.967361	-6.1503506	-0.1829896
BCCDDDCDCCDDBCDDABCBABCABDBACBDCAADDBBCABACBCDBBCACBBCCCCBDBACDCBBCBCBACCACACAACCCBBBADBDCAAABBCCBB	['D10C', 'D13B', 'D20B', 'C37B', 'C46D', 'A47B', 'C53B', 'A63D', 'B64C', 'D77C', 'A84B', 'C89D']	12	-2.113865	-4.7923813	-4.9793797	-0.18699837
BCCDDDCDCCDDDCDDABCDABCABDBACBDCAADDCBCABACBCCAACACBCDCCCBDBACABBBCBCBACCACACAACCBBABADBCCAAABBCCBB	['D10C', 'B48A', 'C54D', 'D77C', 'C82B']	5	-0.18700075	-5.653294	-5.8403025	-0.18700838
AAADDDCDCCDDDCDDABCDABCABDBACBDCAADDCBCABACBCCABCACBCCCCDBDBADDBBBCBCBABAACACAACCCBBBADBCBAABBBCCBB	['B1A', 'C2A', 'C3A', 'D10C', 'C57D', 'C62D', 'A63D', 'C72B', 'C73A', 'D77C', 'A84B', 'C90B', 'A93B']	13	-2.117363	-7.809483	-7.9999743	-0.1904912
BCCDDDCDCBDDDCDDABCDABCABDBACBDCAADDCBCABACBCDABCACBCDCCCCDBACACBBCBCBBCDACACAACCCBBBADBCBAAABBCCBB	['D10B', 'C46D', 'C54D', 'B58C', 'B64C', 'A71B', 'C73D', 'D77C', 'A84B', 'C90B']	10	-0.19355106	-3.909934	-4.103492	-0.19355774
BCCDDDCDCCDDDCDDABCDABCABDBACBDCAADDCBCABACBCCABCACBCCCCCBDBADDBBBCBCBBCCCCACAACCCBABADBCBAABBBCCBB	['D10C', 'C62D', 'A63D', 'A71B', 'A74C', 'D77C', 'C90B', 'A93B']	8	-2.1230283	-7.8787785	-8.074937	-0.19615841
BCCDDDCDCADDDCDDABCDABCABDBACBDCAACABBCABACBCCABCACBCDCCCCDBAADCBBCBCBBCDACADAACCCBABADBCBAAABBCCBB	['D10A', 'D35C', 'D36A', 'C37B', 'C54D', 'B58C', 'C62A', 'A63D', 'B64C', 'A71B', 'C73D', 'C90B']	12	-0.20183134	-5.266327	-5.4681625	-0.20183563
BCCDDDCDCDDDDCDDABCDABCABDBACBDDAACDBBCABACBCCABCACBCCCCCBDBACDBBBCBCBBCCACADAACCBBABADBCCAAABBCCBB	['C32D', 'D35C', 'C37B', 'A63D', 'A71B', 'C82B']	6	-2.1313906	-7.6513853	-7.8559	-0.2045145
BCCDDDCDCCDDDCDDABCDABCABDBACBDCAADDCBCABACBCCABCACBCCCCCBDBADDBBBCBCCBCBACADAACCCBBBADBCBAABBBCCBB	['D10C', 'C62D', 'A63D', 'B70C', 'A71B', 'C73B', 'A84B', 'C90B', 'A93B']	9	-2.1313853	-7.591095	-7.7956104	-0.20451546
BCCDDDCDCCDDDCDDABCDABCABDBACBDCAAAACBCABACBCCABCACBCCCCCCDBADBBBBCBCBACCACADAACCCBABADBCBAABBCCCBB	['D10C', 'D35A', 'D36A', 'B58C', 'C62D', 'A63B', 'C90B', 'A93B', 'B95C']	9	-2.1315045	-7.079847	-7.284478	-0.20463133
BCCDDDCDCCDDBCDDADCAADCABDBACBDCAADDCBCABACBCDABCACBCCCCCBDBACDBBBCBCBBBBACADAACCCBBCADBCBAAABBCCBB	['D10C', 'D13B', 'B18D', 'D20A', 'B22D', 'C46D', 'A63D', 'A71B', 'C72B', 'C73B', 'A84B', 'B85C', 'C90B']	13	-2.1350322	-5.6425586	-5.8507204	-0.20816183
AAADDDCDCBDBDCDDABCDABCABDBACBDDBADDCBCABACBCCBBCACBCBACCBDBADDBBBCBCBCCDACACAACCCBABADBCBAAABBCCBB	['B1A', 'C2A', 'C3A', 'D10B', 'D12B', 'C32D', 'A33B', 'A47B', 'C54B', 'C55A', 'C62D', 'A63D', 'A71C', 'C73D', 'D77C', 'C90B']	16	-1.426096	-7.337098	-7.5478153	-0.2107172
AAADDDCDCBDDBCDDABCDABCABDBACDDCBACAABCABACBBCABCCCBCCCCCBDBACDBBBCBBBACCACADAACCCBABADCCBAAABBCCBB	['B1A', 'C2A', 'C3A', 'D10B', 'D13B', 'B30D', 'A33B', 'D35C', 'D36A', 'C37A', 'C45B', 'A50C', 'A63D', 'C69B', 'B88C', 'C90B']	16	-2.1453886	-4.7640796	-4.982603	-0.2185235
BCCDDDCDCCDDDCCDABBDABCABDBACBDCAADDABCACABBCDABCACBCCCCCBDBADDCBBBBCBACDACADAACCCBABADBCBAABBBCCBB	['D10C', 'D15C', 'C19B', 'C37A', 'B41C', 'C43B', 'C46D', 'C62D', 'A63D', 'B64C', 'C67B', 'C73D', 'C90B', 'A93B']	14	-2.152628	-9.23804	-9.463798	-0.2257576
BCCDDDCDCCDDBDDDABCDABCABDBACBDCAADDCBCABACBCDABCACBCCCCCBDBACDBBBCBCBACCACCDAACCCBBBADBBCAAABBCCBB	['D10C', 'D13B', 'C14D', 'C46D', 'A63D', 'A76C', 'A84B', 'C89B']	8	-2.1542602	-5.8549776	-6.0823717	-0.2273941
BCCDDDCDCADBDCDDABCAABCABDBACBDCAACACBCACACBCDABCACBCCCCCBDBACCCBBCBCBBCCACACAACCCBBBADBCBAABBBCCBB	['D10A', 'D12B', 'D20A', 'D35C', 'D36A', 'B41C', 'C46D', 'A63C', 'B64C', 'A71B', 'D77C', 'A84B', 'C90B', 'A93B']	14	-2.1545587	-4.193665	-4.421361	-0.22769594
BCCDDDCDCDDDBCDDADCAABCABDBACBDCAADDCBCABACBABABCACBCCCCCBDBACDBBBCBCBBDCACACAACCCBABADBCBAAABBCCBB	['D13B', 'B18D', 'D20A', 'C45A', 'C46B', 'A63D', 'A71B', 'C72D', 'D77C', 'C90B']	10	-2.1546507	-7.409463	-7.637246	-0.2277832
BCCDDDCDCCDDDCCDABCDABCABDBACBDAAACAABCACACBCCABCACBCCCCCBDBACDBBBCBCBBCBACADAACCCBACADBCCAAABBDCBB	['D10C', 'D15C', 'C32A', 'D35C', 'D36A', 'C37A', 'B41C', 'A63D', 'A71B', 'C73B', 'B85C', 'C96D']	12	-2.1571684	-8.91107	-9.141366	-0.23029613
BCCDDDCDCCDDDCDDABCDABCABDBACBDCAACACBCABACBCCABCACBCCCCCBDBADDBBBCBCBBCBACACAACCCBABADBCCAABBBCCBB	['D10C', 'D35C', 'D36A', 'C62D', 'A63D', 'A71B', 'C73B', 'D77C', 'A93B']	9	-2.1574316	-9.613984	-9.844542	-0.23055744
BCCDDDCDCCDDDCDDABCDABCABDBACBDCAACACBCABACBCCABCACBCCCCCBDBADDBBBCBCBBCBACACAACCCBABADBCCAABBBCCBB	['D10C', 'D35C', 'D36A', 'C62D', 'A63D', 'A71B', 'C73B', 'D77C', 'A93B']	9	-2.1574316	-9.613984	-9.844542	-0.23055744
BCCDDDCDCDDDDCDDABCDABCABDBACBDDAADDCBCABACBCBABCACBCCCCCBDBACDBBBCBCBBCCACACAACCBBABADBCCAAABBCCBB	['C32D', 'C46B', 'A63D', 'A71B', 'D77C', 'C82B']	6	-2.1604056	-8.390017	-8.62355	-0.23353386
AAADDDCDCCDDBCCDABCDABCABDBACBDCAADDCBCACACBCDABCACBCDCCCBCBACCBBBCBCBADCACACAACCABABADBCCAABBBCCBB	['B1A', 'C2A', 'C3A', 'D10C', 'D13B', 'D15C', 'B41C', 'C46D', 'C54D', 'D59C', 'A63C', 'C72D', 'D77C', 'C82A', 'A93B']	15	-0.24057913	-4.8436747	-5.0842657	-0.24059105
BCCDDDCDCDDDDCDDABCDABCABDBACBDCAACABBCABACBCCABCACBCCCCCBDBADDBBBCBCBBCCACCDAACCCBABADBCCAABBBCCBB	['D35C', 'D36A', 'C37B', 'C62D', 'A63D', 'A71B', 'A76C', 'A93B']	8	-2.1691704	-9.23355	-9.475844	-0.24229431
BCCDDDCDCDDDDCDDABCCABCABDBACBDCAACACBCABACBCDBBCACBCDDCDBDBADDBBBCBCBBDDACADAACCCBBCADBCBAABBBCCBB	['D20C', 'D35C', 'D36A', 'C46D', 'A47B', 'C54D', 'C55D', 'C57D', 'C62D', 'A63D', 'A71B', 'C72D', 'C73D', 'A84B', 'B85C', 'C90B', 'A93B']	17	-0.24245358	-7.4718637	-7.71432	-0.24245644
BCCDDDCDCDDDDCDDABCDABCABDBACBDCAADDCBCABACBCCABCACBCCCCCBDBADABBBCBCBACCACACAACCBBABADBCCAABBBCCBB	['C62D', 'D77C', 'C82B', 'A93B']	4	-2.1694403	-9.406731	-9.649297	-0.24256611
BCCDDDCDCCDDDCCDABCCABCABDBACBDCAACACBCABACBCCABCACBCDCCCBDBACDBBBCBCBBCCACADAACCCBBBADBCBAAABBCCBB	['D10C', 'D15C', 'D20C', 'D35C', 'D36A', 'C54D', 'A63D', 'A71B', 'A84B', 'C90B']	10	-0.2447381	-4.5155888	-4.76033	-0.24474144
AAADDDCDCCDDDCDDABCDABCABDBACBDCAADDCBAABACBCDBBCACBCDCCDBDBADDCBBCBCBADCACACAACCABACADBCCAAABBCCBB	['B1A', 'C2A', 'C3A', 'D10C', 'C39A', 'C46D', 'A47B', 'C54D', 'C57D', 'C62D', 'A63D', 'B64C', 'C72D', 'D77C', 'C82A', 'B85C']	16	-0.24720812	-6.70222	-6.949436	-0.24721622
BCCDDDCDCCDDDCDDABCDABCABDBACBDDAADDABCACACBCDBBCACBCCDCCBDBCCDBBBCBCBCACACACAACCBBABADBCBAAABBCCBB	['D10C', 'C32D', 'C37A', 'B41C', 'C46D', 'A47B', 'C55D', 'A61C', 'A63D', 'A71C', 'C72A', 'D77C', 'C82B', 'C90B']	14	-2.1754785	-6.7800827	-7.0286922	-0.24860954
BCCDDDCDCDDDBCDDABCCABCABDBACDDCBDCACBCACACBCBABCACBCBCCCCDBACDBBBCBCBACCACADAACCCBABADCCBAABBBCCBB	['D13B', 'D20C', 'B30D', 'A33B', 'A34D', 'D35C', 'D36A', 'B41C', 'C46B', 'C54B', 'B58C', 'A63D', 'B88C', 'C90B', 'A93B']	15	-1.4692035	-7.3713207	-7.625143	-0.25382233
BCCDDDCDCDDBDCCDABCDABCABDBACBDDAACDABCABACBCBABCACBCCCCCBDBACDBBBCBCBBCCACADAACCBBABADBCCAAABBCCBB	['D12B', 'D15C', 'C32D', 'D35C', 'C37A', 'C46B', 'A63D', 'A71B', 'C82B']	9	-2.1807199	-8.007676	-8.261523	-0.25384712
BCCDDDCDCCDDDCDDABCCABBABDBACBDDCACACBCABACBCDBBCCCBBDCCCBDBADDCBACBCBDDAACADAACCCBABADBCBAABBBCCBB	['D10C', 'D20C', 'C23B', 'C32D', 'A33C', 'D35C', 'D36A', 'C46D', 'A47B', 'A50C', 'C53B', 'C54D', 'C62D', 'A63D', 'B64C', 'B66A', 'A71D', 'C72D', 'C73A', 'C90B', 'A93B']	21	-0.2555561	-6.327591	-6.583149	-0.255558
BCCDDDCDCCDDDCDDABCAABCABDBACBDCAACABBCABACBCDABCACBCDCCCBDCADDBBBCBCBBCBACACAACCCBBCADBCBAAABBCCBB	['D10C', 'D20A', 'D35C', 'D36A', 'C37B', 'C46D', 'C54D', 'B60C', 'C62D', 'A63D', 'A71B', 'C73B', 'D77C', 'A84B', 'B85C', 'C90B']	16	-0.2560053	-4.649817	-4.9058256	-0.25600863
BCCDDDCDCCDDDCDDABCDABCABDBACBDCAADDCBCACACBCBABCACBCDCCCBDBACDBBBCBCBACCACACAACCBBABADBCCAABBBCCBB	['D10C', 'B41C', 'C46B', 'C54D', 'A63D', 'D77C', 'C82B', 'A93B']	8	-0.25772953	-6.3839025	-6.6416397	-0.25773716
BCCDDDCDCBDDBCDDACCAABCABDBACBDCAADDCBCABACBCCABCACBCCCCCBDBACDBBBCBCBBDCACACAACCCBABADBCBAAABBCCBB	['D10B', 'D13B', 'B18C', 'D20A', 'A63D', 'A71B', 'C72D', 'D77C', 'C90B']	9	-2.1869116	-5.570594	-5.830639	-0.26004505
BCCDDDCDCCDDBCDDABCDABCABDBACBBCAADACBCABACBCCABCACBCCCCCBDCCDDABBCBCBBACACCDAACCCBABADBCCAABBBCCBB	['D10C', 'D13B', 'D31B', 'D36A', 'B60C', 'A61C', 'C62D', 'A63D', 'B64A', 'A71B', 'C72A', 'A76C', 'A93B']	13	-2.1873379	-5.718733	-5.979204	-0.26047134
BCCDDDCDCBDDDCDDABCDABCABDBACBDCAADDCBCABACBCDABCACBCCCCCBDBACDCBBCBCBACCACACAACCCBBBADBCBAABBBCCBB	['D10B', 'C46D', 'A63D', 'B64C', 'D77C', 'A84B', 'C90B', 'A93B']	8	-2.187379	-5.887718	-6.1482296	-0.2605114
BCCDDDCDCCDDDCDCABDAABCABDBACBDCAADDCBCACACBCDABCACBCCCCDBDBACABBBCBCBCCCCCACAACCCBABADBCBADABBCCBB	['D10C', 'D16C', 'C19D', 'D20A', 'B41C', 'C46D', 'C57D', 'A71C', 'A74C', 'D77C', 'C90B', 'A92D']	12	-2.188573	-5.3579583	-5.619666	-0.26170778
BCCDDDCDCDDDBCCDABCDABCABDBACBDCAADDABCABACBCCABCACBCCCCCBDBACDBBBCBCBADCACACAACCBBABADBCCAAABBCCBB	['D13B', 'D15C', 'C37A', 'A63D', 'C72D', 'D77C', 'C82B']	7	-2.1927018	-7.836334	-8.102167	-0.2658329
BCCDDDCDCBDDBCDDABCDABCABDBACDDCCACABBCABACBCCABCACBCCCCCBDBACDCBBCBDBBCCACACAACCCBABADCCCAAABBCCBB	['D10B', 'D13B', 'B30D', 'A33C', 'D35C', 'D36A', 'C37B', 'A63D', 'B64C', 'C69D', 'A71B', 'D77C', 'B88C']	13	-2.1937966	-6.0809608	-6.34789	-0.26692915
BCCDDDCDCCDDDCDDABCAABCABDBACBDCAACACBCABACBCCABCACBCCCCCBDBADDBBBCBCBCDCACADAACCCBABADBCCAABBBCCBB	['D10C', 'D20A', 'D35C', 'D36A', 'C62D', 'A63D', 'A71C', 'C72D', 'A93B']	9	-2.1983247	-7.18673	-7.4581785	-0.2714486
BCCDDDCDCDDDBCDDABCCABCABDBACDDCAACAABCABACBCCABCACBCCCCDCDBADDBBBCBCBCCCACADAACCCBBBADCCBAAABBCCBB	['D13B', 'D20C', 'B30D', 'D35C', 'D36A', 'C37A', 'C57D', 'B58C', 'C62D', 'A63D', 'A71C', 'A84B', 'B88C', 'C90B']	14	-2.1998997	-6.767607	-7.0406303	-0.27302313
BCCDDDCDCCDDDCDDABCCABCABDBACBDCAACACBCABACBCCABCCCBCDCCCBDBACDBBBCCABDCDACADAACCCBABADBABAABBBCCBB	['D10C', 'D20C', 'D35C', 'D36A', 'A50C', 'C54D', 'A63D', 'B68C', 'C69A', 'A71D', 'C73D', 'C89A', 'C90B', 'A93B']	14	-0.27333403	-6.5089483	-6.782284	-0.27333546
BCCDDDCDCCDDDCDDABCDABCABDBACBDDAADDCBCABACBCDABCACBBCCCCBDBAAABABCBCBBBBACACAACCBBABADBCCAAABBCCBB	['D10C', 'C32D', 'C46D', 'C53B', 'C62A', 'B65A', 'A71B', 'C72B', 'C73B', 'D77C', 'C82B']	11	-2.2003016	-8.492298	-8.765731	-0.27343273
BCCDDDCDCADDBCCDABBAABCABDBACBDCAADDCBCABACBCDABCACBCDCCCBDBADDBBBCBCBCCBACADAACCABABADBCBAAABBCCBB	['D10A', 'D13B', 'D15C', 'C19B', 'D20A', 'C46D', 'C54D', 'C62D', 'A63D', 'A71C', 'C73B', 'C82A', 'C90B']	13	-0.27548265	-5.187225	-5.462715	-0.27549028
BCCDDDCDCCDDDCDDABCDABCABDBACBDCAADDCBCACACBCCABCACBCDCCCBDCACDBBBCBCBACCACACAACCBBABADBCCAABBBCCBB	['D10C', 'B41C', 'C54D', 'B60C', 'A63D', 'D77C', 'C82B', 'A93B']	8	-0.27653646	-6.0241237	-6.300668	-0.2765441
BCCDDDCDCCDDDCDDABCDABCABDBACBDCAADDCBCACACBCCABCACBCDCCCBDCACDBBBCBCBACCACACAACCBBABADBCCAABBBCCBB	['D10C', 'B41C', 'C54D', 'B60C', 'A63D', 'D77C', 'C82B', 'A93B']	8	-0.27653646	-6.0241237	-6.300668	-0.2765441
BCCDDDCDCCDDDCDDABCDABCABDBACBDCAADDCBCACACBCCABCACBCDCCCBDCACDBBBCBCBACCACACAACCBBABADBCCAABBBCCBB	['D10C', 'B41C', 'C54D', 'B60C', 'A63D', 'D77C', 'C82B', 'A93B']	8	-0.27653646	-6.0241237	-6.300668	-0.2765441
BCCDDDCDCCDDDCDDABCDABCABDBACBDCAADDCBCACACBCCABCACBCDCCCBDCACDBBBCBCBACCACACAACCBBABADBCCAABBBCCBB	['D10C', 'B41C', 'C54D', 'B60C', 'A63D', 'D77C', 'C82B', 'A93B']	8	-0.27653646	-6.0241237	-6.300668	-0.2765441
BCCDDDCDCCDDDCDDABCCABCABDBACBDCAACACBCABACBBDABCACBCCCCCBDBACDBBBCBCBBCCACACAACCCBABADACCAABBBCCBB	['D10C', 'D20C', 'D35C', 'D36A', 'C45B', 'C46D', 'A63D', 'A71B', 'D77C', 'B88A', 'A93B']	11	-2.205752	-7.280833	-7.5597134	-0.2788806
BCCDDDCDCCDDBCDDABCDABCDBDBACBDCAADDCBCABACBCDABCACBCCCCCBDBACDBBBCBCBADBACADAACCCBBBADBCCAABBBCCBB	['D10C', 'D13B', 'A24D', 'C46D', 'A63D', 'C72D', 'C73B', 'A84B', 'A93B']	9	-2.206437	-5.9121313	-6.191703	-0.27957153
BCCDDDCDCCDDDDDDABCDABCABDBACBDCAADDABCACACBCDABCACBCCCCCBDBADDBBBCBCBDCCACACAACCCBBBADACBAABBBCCBB	['D10C', 'C14D', 'C37A', 'B41C', 'C46D', 'C62D', 'A63D', 'A71D', 'D77C', 'A84B', 'B88A', 'C90B', 'A93B']	13	-2.2140741	-6.5416327	-6.8288364	-0.2872038
BCCDDDCDCCDADDDDABCDABCABDBACBDCAADDCBCABACBCCABCACBCCCCCBDCACBCBBCBCBBCCACADAACCCBABADBCBAABBBCCBB	['D10C', 'D12A', 'C14D', 'B60C', 'A63B', 'B64C', 'A71B', 'C90B', 'A93B']	9	-2.217103	-6.234866	-6.5250998	-0.2902336
BCCDDDCDCCDDDCCDABCAABCABDBACBDCAADACBCACACBCDABCACBCCCCCBDBADDBBBCBCBABBACADAACCCBBBADBCBAABBBCCBB	['D10C', 'D15C', 'D20A', 'D36A', 'B41C', 'C46D', 'C62D', 'A63D', 'C72B', 'C73B', 'A84B', 'C90B', 'A93B']	13	-2.217433	-8.517986	-8.808547	-0.29056072
BCCDDDADCCDDDCDDABCDABCABDBACBDCAADDCBCABACBCCABCACBCCCCCBDBADDBBBCBCBBDBACACAACCCBBBADBCBAAABBCCBA	['C7A', 'D10C', 'C62D', 'A63D', 'A71B', 'C72D', 'C73B', 'D77C', 'A84B', 'C90B', 'B99A']	11	-2.2207217	-7.8817825	-8.17563	-0.29384708
BCCDDDCDCDDDDCDDABCCABCABDBACBDCAADACBCABACBCCABCACBCDCCCBDBADDDBBCBCBBCCACADAACCABABADBCCAAABBCCBB	['D20C', 'D36A', 'C54D', 'C62D', 'A63D', 'B64D', 'A71B', 'C82A']	8	-0.29388	-5.6463103	-5.940193	-0.29388285
BCCDDDCDCCDDDCDDABCDABCABDBACBDCAADDCBCACACBCCABCACBCDCCCBDBADDBBBCBCBACCACADAACCBBABADBCCAABBBCCBB	['D10C', 'B41C', 'C54D', 'C62D', 'A63D', 'C82B', 'A93B']	7	-0.29430676	-6.5408435	-6.8351545	-0.29431105
BCCDDDCDCCDDDCDDABCDABCABDBACBDCAADDCBCACACBCCABCACBCDCCCBDBADDBBBCBCBACCACADAACCBBABADBCCAABBBCCBB	['D10C', 'B41C', 'C54D', 'C62D', 'A63D', 'C82B', 'A93B']	7	-0.29430676	-6.5408435	-6.8351545	-0.29431105
BCCDDDCDCCDDDCDDABCDABCABDBACBDCAADDCBCACACBCCABCACBCDCCCBDBADDBBBCBCBACCACADAACCBBABADBCCAABBBCCBB	['D10C', 'B41C', 'C54D', 'C62D', 'A63D', 'C82B', 'A93B']	7	-0.29430676	-6.5408435	-6.8351545	-0.29431105
BCCDDDCDCBDDDCCDABCDABCABDBACBDDAACACBCABACBCDBBCACBCCCCCCDBADDBBBCBCBCCCACADAACCCBABADBCBAAABBCCBB	['D10B', 'D15C', 'C32D', 'D35C', 'D36A', 'C46D', 'A47B', 'B58C', 'C62D', 'A63D', 'A71C', 'C90B']	12	-2.2237759	-8.311828	-8.608727	-0.2968998
BCCDDDCDCCDDBCDDABCAABCABDBACBDCAACDBBCABACBCDABCACBCCDCDBDBADABBACBCBCCCACADAACCCBABADBCCAAABBCCBB	['D10C', 'D13B', 'D20A', 'D35C', 'C37B', 'C46D', 'C55D', 'C57D', 'C62D', 'B66A', 'A71C']	11	-2.2249904	-5.674568	-5.9726906	-0.2981224
BCCDDDCDCDDDDCDDABCDABCABDBACBDCAADDBBCABACBCDABCACBCDCCDBDBADDBBBABCBBCCACACAACCBBABADBCBAABBBCCBB	['C37B', 'C46D', 'C54D', 'C57D', 'C62D', 'A63D', 'C67A', 'A71B', 'D77C', 'C82B', 'C90B', 'A93B']	12	-0.30235672	-6.6849904	-6.9873505	-0.30236006
BCCDDDCDCCDDDCDDABCDABCABDBACBDCAADDBBCABACBCCABCACBCBCCCBDBADDBBBCBCBCADACACACCCCBBBADBCBAABBBCCBB	['D10C', 'C37B', 'C54B', 'C62D', 'A63D', 'A71C', 'C72A', 'C73D', 'D77C', 'A79C', 'A84B', 'C90B', 'A93B']	13	-1.5223718	-5.081166	-5.388154	-0.30698824
BCCDDDCDCDDDDCDDABCDABCABDBACBDCAADDCBCABABBCDABCACBCDCCCBDBADDBBBCBCBDCCACADAACCBBABADBCBAABBBCCBB	['C43B', 'C46D', 'C54D', 'C62D', 'A63D', 'A71D', 'C82B', 'C90B', 'A93B']	9	-0.30997276	-7.3246	-7.634574	-0.30997372
BCCDDDCDCCDDDCDDABCDABCABDBACBDCAACACBCABACBCCABCACBCCCCCBDBACDBBBCBABACCADADAACCCBBBADBCBAAABBCCBB	['D10C', 'D35C', 'D36A', 'A63D', 'C69A', 'C75D', 'A84B', 'C90B']	8	-2.2409053	-6.784137	-7.0981693	-0.31403255
BCCDDDCDCCDDDCDDABCDABCABDBACBDCBADDCBCABACBCDABCACBCDCCCBDBACDBBBCBCBBCCCCADAACCCBBBADBCBAABBBCCBB	['D10C', 'A33B', 'C46D', 'C54D', 'A63D', 'A71B', 'A74C', 'A84B', 'C90B', 'A93B']	10	-0.31663036	-2.8693619	-3.185998	-0.3166361
BCCDDDCDCCDDDCDDABCDABCABDBACBDCAADDBBCABACBCDABCACBCCCCCBDBADDBBBCBCBBCBACACAACCCBBBADBCBAABBBCCBA	['D10C', 'C37B', 'C46D', 'C62D', 'A63D', 'A71B', 'C73B', 'D77C', 'A84B', 'C90B', 'A93B', 'B99A']	12	-2.245016	-7.468591	-7.7867365	-0.31814528
BCCDDDCDCCDDBCDDABCDABBABDBACBDCAACDBBCABACBCDABCACBCCCCCBDBDDDCBBCBCBACCACCCAACCCBABADBCCAAABBCCBB	['D10C', 'D13B', 'C23B', 'D35C', 'C37B', 'C46D', 'A61D', 'C62D', 'A63D', 'B64C', 'A76C', 'D77C']	12	-2.247756	-7.7461543	-8.0670395	-0.32088518
BCCDDDCDCCDDBCDDABCDABCABDBACBDCAADDCBCABACBCCAACACBCCCCCBDCACBBBBCBCBACCACADAACCCBABADBCCAAABBCCBB	['D10C', 'D13B', 'B48A', 'B60C', 'A63B']	5	-2.2484398	-6.1788735	-6.5004454	-0.32157183
BCCDDDCDCCDDBCDDABCDABCABDBACBDCAADACBCABACBCCABCACBCCCCCBDCCADABBCBCBBACACADAACCCBABADBCCAABBBCCBB	['D10C', 'D13B', 'D36A', 'B60C', 'A61C', 'C62A', 'A63D', 'B64A', 'A71B', 'C72A', 'A93B']	11	-2.2497244	-4.9998484	-5.3227034	-0.322855
AAADDDCDCDDDDCDDABCDABCABDBACBDCBADDCBCABACBCCABCACBCCCCCBDBACDBBBBBCBACCACADAACCCBABADBCCAAABBCCBB	['B1A', 'C2A', 'C3A', 'A33B', 'A63D', 'C67B']	6	-2.2509036	-7.288756	-7.612791	-0.32403517
BCCDDDCDCDDDDCDDABCDABCABDBACBDDAACDABCABACBCDABCACBCCCCCBDBACDBBBCBCBBCCACADAACCBBABADBCCAAABBCCBB	['C32D', 'D35C', 'C37A', 'C46D', 'A63D', 'A71B', 'C82B']	7	-2.2511826	-7.705403	-8.029712	-0.32430887
BCCDDDCDCCDDBCDDABCDABCABDBACBDCAADDCBCABACBCDABCACBCCCCCBDBACDCBBCBABBCBACACAACCCBABADBCBAAABBCCBB	['D10C', 'D13B', 'C46D', 'A63D', 'B64C', 'C69A', 'A71B', 'C73B', 'D77C', 'C90B']	10	-2.2519913	-7.1457834	-7.4709063	-0.32512283
BCCDDDCDCCDDDCDDABCDABCABDBACBDCAADDCBCABACBCCABCACBCCCCCBDBADDBBBBBCBADAACACAACCCBBCADBCBAABBBCCBA	['D10C', 'C62D', 'A63D', 'C67B', 'C72D', 'C73A', 'D77C', 'A84B', 'B85C', 'C90B', 'A93B', 'B99A']	12	-2.2523217	-6.9078965	-7.2333403	-0.32544374
BCCDDDCDCADDDCDDABCAABCABDBACBDCAADACBCABACBCDABCACBCCCCCBDBACABBBCBCBBCBACCDAACCCBABADBCCAAABBCCBB	['D10A', 'D20A', 'D36A', 'C46D', 'A71B', 'C73B', 'A76C']	7	-2.2569003	-7.3105936	-7.640622	-0.33002853
BCCDDDCDCDDDDDDDABDDABCABDBACBDCAADDABCABACBCCABCACBCDCCCBDBACDBBBCBCBBCCACACAACCBBABADBCBAAABBCCBB	['C14D', 'C19D', 'C37A', 'C54D', 'A63D', 'A71B', 'D77C', 'C82B', 'C90B']	9	-0.3319416	-5.465814	-5.79776	-0.3319459
BCCDDDCDCDDDDCDDABCDABCABDBACBDCBADDCBCABACBCCABCACBCBCCCBDBADDCBCCBCBACAACACAACCCBABADBCBAABBBCCBB	['A33B', 'C54B', 'C62D', 'A63D', 'B64C', 'B66C', 'C73A', 'D77C', 'C90B', 'A93B']	10	-1.5501065	-7.741895	-8.076621	-0.33472586
BCCDDDCDCDDDDCCDABCAABCABDBACBDDAACDABCABACBCDBBCACBCCCCCBDBADDBBBCBCBBCBACACAACCABABADBCBAAABCCCBB	['D15C', 'D20A', 'C32D', 'D35C', 'C37A', 'C46D', 'A47B', 'C62D', 'A63D', 'A71B', 'C73B', 'D77C', 'C82A', 'C90B', 'B95C']	15	-2.2656775	-9.629037	-9.96784	-0.3388033
BCCDDDCDCDADBCCDABCCABCABDBACBDCAACABBCABACBCCABCACBBDCCCBDBADDBBBCBCBBCCACACAACCCBABADBCBADABBCCBB	['D11A', 'D13B', 'D15C', 'D20C', 'D35C', 'D36A', 'C37B', 'C53B', 'C54D', 'C62D', 'A63D', 'A71B', 'D77C', 'C90B', 'A92D']	15	-0.3399992	-5.202903	-5.542906	-0.340003
BCCDDDCDCCDDDCDDABCDABCABDBACBDCAADDCBCACACBCCABCACBCBCCCCDBACCBDBCBCBADCACACAACCABABADBCCAAABBCCBB	['D10C', 'B41C', 'C54B', 'B58C', 'A63C', 'B65D', 'C72D', 'D77C', 'C82A']	9	-1.5572481	-5.8197007	-6.1615744	-0.34187365
BCCDDDCDCDDDDCDDABCDABCABDBACBDCAADDCBCABACBCCABCACBCCCCCBDBACACBBCBCBACCACADAACCABABADBCCAAABBCCBB	['B64C', 'C82A']	2	-2.2693381	-7.7681274	-8.110594	-0.34246635
BCCDDDCDCCDDDCDDABCDABCABDBACBDCAADDCBCACACBCAABCACBCDCCCBDBBCDCBBCBCCACCACACAACCABABADBCBAABBBCCBB	['D10C', 'B41C', 'C46A', 'C54D', 'A61B', 'A63D', 'B64C', 'B70C', 'D77C', 'C82A', 'C90B', 'A93B']	12	-0.34468937	-5.809179	-6.1538754	-0.34469652
BCCDDDCDCDDCDDDDABCAABCABDBACBDCAADDCBCABACBCDABCACBCCCCCBDBADBBBBCACBBCCCCACAACCCBABADBCBAABBBCCBB	['D12C', 'C14D', 'D20A', 'C46D', 'C62D', 'A63B', 'B68A', 'A71B', 'A74C', 'D77C', 'C90B', 'A93B']	12	-2.2720137	-7.1952653	-7.5404043	-0.34513903
BCCDDDCDCCDDDCDDABBDABCABDBACBDDAADDCBCABACBCDABCACBBDCCCBDBACABBBCBCBBCCACADAACCBBABADBACAAABBCCBB	['D10C', 'C19B', 'C32D', 'C46D', 'C53B', 'C54D', 'A71B', 'C82B', 'C89A']	9	-0.3468523	-3.9468942	-4.2937555	-0.34686136
BCCDDDCDCCDDDCDDABCAABCABDBACBDCAADDBBCABACBCDABCACBCCCCCBDBADDBBBCBCCCABACADAACCCBBBADBCBAAABBCCBB	['D10C', 'D20A', 'C37B', 'C46D', 'C62D', 'A63D', 'B70C', 'A71C', 'C72A', 'C73B', 'A84B', 'C90B']	12	-2.273912	-5.3231606	-5.6701984	-0.3470378
BCCDDDCDCCDDBCDDABCDABCABDBACBDDBAAABBCABACBCCABCACBCBCCCCDCCDDBBCCBDBBABACADADCCCBBBADBCBAAABBCCBB	['D10C', 'D13B', 'C32D', 'A33B', 'D35A', 'D36A', 'C37B', 'C54B', 'B58C', 'B60C', 'A61C', 'C62D', 'A63D', 'B66C', 'C69D', 'A71B', 'C72A', 'C73B', 'A79D', 'A84B', 'C90B']	21	-1.56359	-2.574772	-2.9229822	-0.34821033
AAADDDCDCDDDDCDDABCAABCABDBACBDCAADDCBCABACBCDABCACBCCCCCBDBACDBBBCBCBDCCCCACAACCCBABADBCBAABBBCCBB	['B1A', 'C2A', 'C3A', 'D20A', 'C46D', 'A63D', 'A71D', 'A74C', 'D77C', 'C90B', 'A93B']	11	-2.2797356	-7.5222216	-7.875085	-0.3528633
BCCDDDCDCCDDBCDDABCDABCABDBACBDCAADDABCACACBCDABCACBBCCCCBDBACCABBCBCBBCCCCACAACCCBABADBCBAABBBCCBB	['D10C', 'D13B', 'C37A', 'B41C', 'C46D', 'C53B', 'A63C', 'B64A', 'A71B', 'A74C', 'D77C', 'C90B', 'A93B']	13	-2.2823954	-4.2351427	-4.5906706	-0.35552788
BCCDDDCDCCDDDCDDABAAABCABDBACBDCAADDCBCACACBCDABCACBCCCCCBDBACDBBBCBCAABDACADAACCCBABADBCBAABBBCCBB	['D10C', 'C19A', 'D20A', 'B41C', 'C46D', 'A63D', 'B70A', 'C72B', 'C73D', 'C90B', 'A93B']	11	-2.2834706	-8.642104	-8.998703	-0.35659885
BCCDDDCDCCDDBCDDABCAABCABDBACBDCAADACBCABACBCDABCACBCBCCCBDBACDCBBCBCBACCCCCDAACCCBBBADBCBAAABBCCBB	['D10C', 'D13B', 'D20A', 'D36A', 'C46D', 'C54B', 'A63D', 'B64C', 'A74C', 'A76C', 'A84B', 'C90B']	12	-1.5740929	-3.805951	-4.1646624	-0.35871124
BCCDDDCDCBDDDCCDABCAABCABDBACBDDAACACBCABACBCCABCACBCBCCCBDBACDBBBCBCBBCCACADAACCCBACADBABAAABBCCBB	['D10B', 'D15C', 'D20A', 'C32D', 'D35C', 'D36A', 'C54B', 'A63D', 'A71B', 'B85C', 'C89A', 'C90B']	12	-1.5741181	-5.965572	-6.3243036	-0.35873175
BCCDDDCDCBACBCCDABAAABCABDBACBDCAAAACBCABACBCDABCACBCDCCCBDBACDBBBCBCBBBBACADAACCCBBBADBCBAABBBCCBB	['D10B', 'D11A', 'D12C', 'D13B', 'D15C', 'C19A', 'D20A', 'D35A', 'D36A', 'C46D', 'C54D', 'A63D', 'A71B', 'C72B', 'C73B', 'A84B', 'C90B', 'A93B']	18	-0.36090517	-2.8955584	-3.256463	-0.3609047
BCCDDDCDCDDDBCDDABCDABCABDBACBDCBADDCBCABACBCCABCACBCDCCCBDCACCCBACBCBACCACACAACCABABADBCBAAABBCCBB	['D13B', 'A33B', 'C54D', 'B60C', 'A63C', 'B64C', 'B66A', 'D77C', 'C82A', 'C90B']	10	-0.36153507	-3.9951282	-4.3566723	-0.36154413
BCCDDDCDCCDBDCCCABBDABCABDBACBDCAADDABAABACBCCABCACBCDCCCCDBACDBBBCBCBACCACADAACCBBABADBCCAAABBCCBB	['D10C', 'D12B', 'D15C', 'D16C', 'C19B', 'C37A', 'C39A', 'C54D', 'B58C', 'A63D', 'C82B']	11	-0.36446047	-3.8700595	-4.2345285	-0.36446905
BCCDDDCDCCDBDCDCABBDABCABDBACBDCAADDCBAABACBCDABCACBCCDCCBDCACACBBCBCBBCCACCCAACCCBABADBCCAAABBCCBB	['D10C', 'D12B', 'D16C', 'C19B', 'C39A', 'C46D', 'C55D', 'B60C', 'B64C', 'A71B', 'A76C', 'D77C']	12	-2.2923994	-5.277113	-5.642647	-0.36553383
BCCDDDCDCBDBBCDDABBAABCABDBACBDCAACDCBCABACBCDABCACBCCCCCBDBADDCBBCBCBADAACACAACCCBABADBCBAAABBCCBB	['D10B', 'D12B', 'D13B', 'C19B', 'D20A', 'D35C', 'C46D', 'C62D', 'A63D', 'B64C', 'C72D', 'C73A', 'D77C', 'C90B']	14	-2.2959766	-5.22826	-5.59737	-0.3691101
BCCDDDCDCCDDBCDDABCDABCABDBACBDCAADDCBCABACBCDABCACBCCCCCBDBACDBBBCBCBBCBACACAACCCBBBADBCBAABBBCCBB	['D10C', 'D13B', 'C46D', 'A63D', 'A71B', 'C73B', 'D77C', 'A84B', 'C90B', 'A93B']	10	-2.3022733	-6.698127	-7.07353	-0.3754034
BCCDDDCDCADDDCDDABCAABCABDBACBDCAADCCBCABACBCDABCACBCCCCCBDBACDCBBCBCBACCACADAACCCBBBADBCBAABBBCCBB	['D10A', 'D20A', 'D36C', 'C46D', 'A63D', 'B64C', 'A84B', 'C90B', 'A93B']	9	-2.3033185	-5.4231477	-5.799596	-0.37644815
BCCDDDCDCCDDDCDDABBDABCABDBACBDCAADDCBCABACBCDABCACBCDCCCBDBACDCBBCBCBACCACADAACCABABADBCBAABBBCCBB	['D10C', 'C19B', 'C46D', 'C54D', 'A63D', 'B64C', 'C82A', 'C90B', 'A93B']	9	-0.37721682	-4.9808564	-5.358083	-0.37722635
AAADDDCDCDDDBCDDABCDABCABDBACBDCAADDCBCABACBCCABCACBCCCCCBDCACDBBBCBCBCCCACADAACCCBBBADBCBAAABBCCBB	['B1A', 'C2A', 'C3A', 'D13B', 'B60C', 'A63D', 'A71C', 'A84B', 'C90B']	9	-2.304131	-5.9513607	-6.328622	-0.37726116
AAADDDCDCCDDDCDDABCAABCABDBACBDCAADDCBCABACBCDABCACBCCDCCBDBACDCBBCBCBACCACACAACCCBABADBCBAABBBCCBB	['B1A', 'C2A', 'C3A', 'D10C', 'D20A', 'C46D', 'C55D', 'A63D', 'B64C', 'D77C', 'C90B', 'A93B']	12	-2.3090267	-6.2037	-6.5858583	-0.38215828
BCCDDDCDCCDDBCDDABBDABCABDBACBDCAADDCBCABACBCDABCACBCCDCCBDBADDBBBCBABADDACACAACCCBABADBCBAAABBCCBB	['D10C', 'D13B', 'C19B', 'C46D', 'C55D', 'C62D', 'A63D', 'C69A', 'C72D', 'C73D', 'D77C', 'C90B']	12	-2.3090825	-7.787591	-8.169803	-0.3822117
BCCDDDCDCCDDDCCDABCDABCABDBACBDCAACDBBCABACBCDABCACBCCCCCBDBACDBBBCBCBACCACADAACCCBBBADBCBAABBBCCBB	['D10C', 'D15C', 'D35C', 'C37B', 'C46D', 'A63D', 'A84B', 'C90B', 'A93B']	9	-2.312695	-6.7124777	-7.098297	-0.38581944
BCCDDDCDCDDDDCDDABCDABCABDBACBDCAACABBCABACBCBABCACBCDCCCBDBACDBBBCBCBACCACADAACCBBABADBCCAAABBCCBB	['D35C', 'D36A', 'C37B', 'C46B', 'C54D', 'A63D', 'C82B']	7	-0.38980484	-6.4743834	-6.864191	-0.3898077
BCCDDDCDCCDDDCDDABCDABCABDBACBDCAACDCBCACACBCCABCACBCCCCCCDBADCBBBCBCBCCCACADAACCCBABADBCCAABBBCCBB	['D10C', 'D35C', 'B41C', 'B58C', 'C62D', 'A63C', 'A71C', 'A93B']	8	-2.3171096	-7.2497096	-7.639949	-0.39023924
BCCDDDCDCCDDBCDDABCDABCABDBACBDCAACBCBCABACBCCABCACBCCCCDBDBACDBBBCBCBCCCACADAACCCBABADBCCAAABBCCBB	['D10C', 'D13B', 'D35C', 'D36B', 'C57D', 'A63D', 'A71C']	7	-2.3179364	-7.6312356	-8.022298	-0.39106226
BCCDDDCDCCDDDCDDABCDABCABDBACBDCAACACBCABACBCCABCACBCCCCCBDBADDBBBCBCBCBBACADAACCCBABADBCBAAABBCCBB	['D10C', 'D35C', 'D36A', 'C62D', 'A63D', 'A71C', 'C72B', 'C73B', 'C90B']	9	-2.3191633	-9.438901	-9.831187	-0.3922863
AAADDDCDCCADBCDBABAAADCABDBACBDDCAADBBCABACBCDBBCACBCBCCCBDCACDBBBCBCADCBACACAACCCBBBADBABAABBBCCBB	['B1A', 'C2A', 'C3A', 'D10C', 'D11A', 'D13B', 'D16B', 'C19A', 'D20A', 'B22D', 'C32D', 'A33C', 'D35A', 'C37B', 'C46D', 'A47B', 'C54B', 'B60C', 'A63D', 'B70A', 'A71D', 'C73B', 'D77C', 'A84B', 'C89A', 'C90B', 'A93B']	27	-1.6082654	-2.5717182	-2.9646025	-0.39288425
BCCDDDCDCDDDDCDDABCDABCABDBACBDCAADDCBCABACBCCABCACBCCCCCBDCACACBBCBDBACCACADAACCABABADBCCAABBBCCBB	['B60C', 'B64C', 'C69D', 'C82A', 'A93B']	5	-2.3198533	-8.023767	-8.416752	-0.3929844
BCCDDDCDCCDDDDDDABCDABCABDBACBDCAADDBBCABACBBCAACACBCDCCCBDBACDBBBCBCCACCACACAACCBBABADBCCAABBBCCBB	['D10C', 'C14D', 'C37B', 'C45B', 'B48A', 'C54D', 'A63D', 'B70C', 'D77C', 'C82B', 'A93B']	11	-0.39397383	-4.579475	-4.9734573	-0.3939824
BCCDDDCDCDDDDCDDABCCABCABDBACBDCAACAABCABACBCCABCACBCDCCCBDBACDBBBCBCBACCACADAACCBBABADBCCAAABBCCBB	['D20C', 'D35C', 'D36A', 'C37A', 'C54D', 'A63D', 'C82B']	7	-0.3977208	-5.9683642	-6.366086	-0.39772177
AAADDDCDCCDDBCDDABCAABCABDBACBDCAADACBCABACBCDABCACBCCCCCBDBDCBDBBCBCBACCACADAACCCBBBADBCBAABBBCCBB	['B1A', 'C2A', 'C3A', 'D10C', 'D13B', 'D20A', 'D36A', 'C46D', 'A61D', 'A63B', 'B64D', 'A84B', 'C90B', 'A93B']	14	-2.3256044	-4.0178447	-4.416582	-0.39873743
BCCDDDCDCADDDCDDABCDABCABDBACBDCAADDCBCABACBCDABCCCBCCCCCBDBADDABBCBCBBDCACCDAACCCBABADBCBAABBBCCBB	['D10A', 'C46D', 'A50C', 'C62D', 'A63D', 'B64A', 'A71B', 'C72D', 'A76C', 'C90B', 'A93B']	11	-2.3278995	-6.527918	-6.9289446	-0.40102673
BCCDDDCDCDDDDCDDABCDABCABDBACBDCAADDABCABACBCCABCACBCCCCCBDBACACBBCBCBACCACACAACCBBABADBCCAAABBCCBB	['C37A', 'B64C', 'D77C', 'C82B']	4	-2.3282585	-7.618209	-8.0196	-0.40139103
AAADDDCDCCDDDCDDABCDABCABDBACBDCAADDCBDABACBCCABCACBCCCCCCDBACDBBBCBCBACCACACAACCCBABADBCBAABBBCCBB	['B1A', 'C2A', 'C3A', 'D10C', 'C39D', 'B58C', 'A63D', 'D77C', 'C90B', 'A93B']	10	-2.331304	-7.5576673	-7.962104	-0.4044366
BCCDDDCDCCADBCDDABCAABCABDBACBDDAADACBCABACBCCBBCACBCCCCCBDBADDBBBCBCBDCCACADAACCCBABADBABAAABBCCBB	['D10C', 'D11A', 'D13B', 'D20A', 'C32D', 'D36A', 'A47B', 'C62D', 'A63D', 'A71D', 'C89A', 'C90B']	12	-2.3324747	-5.878387	-6.28399	-0.40560293
BCCDDDCDCDDDDCDDABCBABCABDBACBDCAADCCBCABACBCCABCACBCCCCCBDBACDBBBCBCBBCCACADAACCCBABADBCBAAABBCCBB	['D20B', 'D36C', 'A63D', 'A71B', 'C90B']	5	-2.335308	-8.866696	-9.275127	-0.40843105
BCCDDDCDCCDBBCDDABDAABCABDBACBDCAADACBCABACBCCABCACBCCCCCBDBACDBBBBBABADCACADAACCCBABADBCBAAABBCCBB	['D10C', 'D12B', 'D13B', 'C19D', 'D20A', 'D36A', 'A63D', 'C67B', 'C69A', 'C72D', 'C90B']	11	-2.3378716	-4.689246	-5.100252	-0.41100597
BCCDDDCDCBDBDCDDABDAABCABDBACDDCAACACBCABACBCCABCACBCCCCCBDBACACBBCBCBBCCACADAACCCBABADCCCAAABDCCBB	['D10B', 'D12B', 'C19D', 'D20A', 'B30D', 'D35C', 'D36A', 'B64C', 'A71B', 'B88C', 'B95D']	11	-2.3403296	-5.2389526	-5.6524153	-0.41346264
BCCDDDCDCCDBDCDDABBAABCABDBACBDCBACCABCABACBCCABCACBCBCCCBDBADDCBBCBCBACCCCACAACCCBABADBCBAABBBCCBB	['D10C', 'D12B', 'C19B', 'D20A', 'A33B', 'D35C', 'D36C', 'C37A', 'C54B', 'C62D', 'A63D', 'B64C', 'A74C', 'D77C', 'C90B', 'A93B']	16	-1.6310868	-5.2445374	-5.660241	-0.41570377
BCCDDDCDCCDDDCDDABCDABCABDBACBDCAADDCBCACACBCDABCACBCCCCCBDBADDBBBCBCBACCACADAACCCBBBADBCBAABBBCCBB	['D10C', 'B41C', 'C46D', 'C62D', 'A63D', 'A84B', 'C90B', 'A93B']	8	-2.3456674	-7.3415008	-7.760295	-0.41879416
AAADDDCDCCDDBCDDABCDABCABDBACBDCBADDABCABACBCCABCACBCBCCCBDBADBBBBCBCBACCCCACAACCCBBBADBDCAABBBCCBB	['B1A', 'C2A', 'C3A', 'D10C', 'D13B', 'A33B', 'C37A', 'C54B', 'C62D', 'A63B', 'A74C', 'D77C', 'A84B', 'C89D', 'A93B']	15	-1.6343079	-3.5519462	-3.9708738	-0.41892767
BCCDDDCDCCDDDCDDABCDABCABDBACBDCAADDCBCABACBCDABCACBCCCCCCDBADDBBBCBDBBBBACACAACCCBABADBCBAABBBCCBB	['D10C', 'C46D', 'B58C', 'C62D', 'A63D', 'C69D', 'A71B', 'C72B', 'C73B', 'D77C', 'C90B', 'A93B']	12	-2.3462386	-9.096916	-9.516283	-0.41936684
BCCDDDCDCCADBCDDABCDADCABDBACBDCAADDBBCABACBCDBBCACBCBCCCBDBADDBBBCBCBDBBACACAACCCBBBADBABAABBBCCBB	['D10C', 'D11A', 'D13B', 'B22D', 'C37B', 'C46D', 'A47B', 'C54B', 'C62D', 'A63D', 'A71D', 'C72B', 'C73B', 'D77C', 'A84B', 'C89A', 'C90B', 'A93B']	18	-1.6362939	-5.4104795	-5.8313932	-0.4209137
BCCDDDCDCCDDDCDDABCAABCABDBACBDCAADDABCACACBCCABCACBCCCCCBDBADDBBBCBCBBCBACACAACCCBBBADBCCAABBBCCBB	['D10C', 'D20A', 'C37A', 'B41C', 'C62D', 'A63D', 'A71B', 'C73B', 'D77C', 'A84B', 'A93B']	11	-2.3479166	-6.910265	-7.331311	-0.42104626
BCCDDDCDCBDDDCDDABCDABCABDBACBDCAADDBBCABACBCDBBCACBCDCCDBDBACDBBBCBCBBCDACADAACCCBBBADBCBAABBBCCBB	['D10B', 'C37B', 'C46D', 'A47B', 'C54D', 'C57D', 'A63D', 'A71B', 'C73D', 'A84B', 'C90B', 'A93B']	12	-0.42104387	-5.515505	-5.936556	-0.42105103
BCCDDDCDCCDBDCDDABCDABCABDBACBDCBACBCBCABACBCDABCACBCDCCCCDBADDBBBCBCBACBACADAACCCBBBADBCBAAABBCCBB	['D10C', 'D12B', 'A33B', 'D35C', 'D36B', 'C46D', 'C54D', 'B58C', 'C62D', 'A63D', 'C73B', 'A84B', 'C90B']	13	-0.42106962	-4.7648706	-5.1859465	-0.42107582
BCCDDDCDCCDDDCCDABCDABCABDBACBDCAACACBCACACBCCABCACBCCCCCBDBCCDBBBCBCBACCACADAACCCBBBADBCBAABBBCCBB	['D10C', 'D15C', 'D35C', 'D36A', 'B41C', 'A61C', 'A63D', 'A84B', 'C90B', 'A93B']	10	-2.3486662	-8.102869	-8.524661	-0.42179203
BCCDDDCDCCDDDCDDABCDABCABDBACBDCAADDCBCABACBCBABCACBCDCCCBDBADABBBCBCBACCACADAACCBBABADBCCAABBBCCBB	['D10C', 'C46B', 'C54D', 'C62D', 'C82B', 'A93B']	6	-0.42260122	-6.170529	-6.593137	-0.4226079
BCCDDDCDCDDDDCBDABBCABCABDBACBDCAADDCBCACACBCCABCACBCCCCCBDBACBBBBCBCBBCCACADAACCCBABADBCBAABBBCCBB	['D15B', 'C19B', 'D20C', 'B41C', 'A63B', 'A71B', 'C90B', 'A93B']	8	-2.3525906	-8.116564	-8.542281	-0.42571735
BCCDDDCDCDDDDCBDABBCABCABDBACBDCAADDCBCACACBCCABCACBCCCCCBDBACBBBBCBCBBCCACADAACCCBABADBCBAABBBCCBB	['D15B', 'C19B', 'D20C', 'B41C', 'A63B', 'A71B', 'C90B', 'A93B']	8	-2.3525906	-8.116564	-8.542281	-0.42571735
AAADDDCDCCDDBCDDABCDABCABDBACDDCAACAABCACACBCCABCACBCCCCCBDBACDBBBBBCBCCCACADAACCCBABADCCCAAABBCCBB	['B1A', 'C2A', 'C3A', 'D10C', 'D13B', 'B30D', 'D35C', 'D36A', 'C37A', 'B41C', 'A63D', 'C67B', 'A71C', 'B88C']	14	-2.3527937	-6.463431	-6.8893585	-0.42592764
BCCDDDCDCBDDDCDDABCDABCABDBAABDCAADDCBCABACBCBABCACBCCDCCBDBACDBBBCBCBACCACADAACCCBABADBCCAABBBCCBB	['D10B', 'C29A', 'C46B', 'C55D', 'A63D', 'A93B']	6	-2.3569036	-7.002617	-7.4326487	-0.43003178
BCCDDDCDCCDBDCDDABCBABCABDBACBDCAACDABCACACBCCABCACBCCCCDBDBACDBBBCBCBBCCACACAACCCBABADBCBAABBBCCBB	['D10C', 'D12B', 'D20B', 'D35C', 'C37A', 'B41C', 'C57D', 'A63D', 'A71B', 'D77C', 'C90B', 'A93B']	12	-2.3590078	-7.804079	-8.236215	-0.43213558
BCCDDDCDCDDDDCDDABCAABCABDBACBDCAADDBBCABACBCCABCACBCCCCCBDBACDBBBCBCBBCBACADAACCCBBCADBCBAAABBCCBB	['D20A', 'C37B', 'A63D', 'A71B', 'C73B', 'A84B', 'B85C', 'C90B']	8	-2.363627	-6.8058033	-7.2425585	-0.43675518
BCCDDDCDCDDDDCDDABCAABCABDBACBDCAADDBBCABACBCCABCACBCCCCCBDBACDBBBCBCBBCBACADAACCCBBCADBCBAAABBCCBB	['D20A', 'C37B', 'A63D', 'A71B', 'C73B', 'A84B', 'B85C', 'C90B']	8	-2.363627	-6.8058033	-7.2425585	-0.43675518
BCCDDDCDCCDDBCDDADCBABCABDBACBDCAADDBBCABACBCDBBCACBCADCCBDBACDBBBCBCBDDCACACAACCCBABADCACADABBCCBB	['D10C', 'D13B', 'B18D', 'D20B', 'C37B', 'C46D', 'A47B', 'C54A', 'C55D', 'A63D', 'A71D', 'C72D', 'D77C', 'B88C', 'C89A', 'A92D']	16	-1.6030545	-3.3779864	-3.815093	-0.4371066
BCCDDDCDCCDDDCDDABCDABCDBDBACBDCAADDCBCABACBBDABCACBCCCCCBDBACDBBBCBCBADAACACAACCCBABADBCCAABBBCCBB	['D10C', 'A24D', 'C45B', 'C46D', 'A63D', 'C72D', 'C73A', 'D77C', 'A93B']	9	-2.3688521	-6.8092136	-7.251199	-0.44198513
BCCDDDCDCDDDDCDDABCCABCABDBACBDDAADACBCABACBCDABCACBCDDCCBDBADDBBBCBCBBCCACADAACCBBABADBCBAAABBCCBB	['D20C', 'C32D', 'D36A', 'C46D', 'C54D', 'C55D', 'C62D', 'A63D', 'A71B', 'C82B', 'C90B']	11	-0.44247675	-5.9050345	-6.3475103	-0.4424758
BCCDDDCDCCDDDCDDABCDABCABDBACBDCAADDCBCACACBCCABCACBCDCCCBDBDCDBBBCBCBACCACACAACCABABADCCBAABBBCCBB	['D10C', 'B41C', 'C54D', 'A61D', 'A63D', 'D77C', 'C82A', 'B88C', 'C90B', 'A93B']	10	-0.44373226	-6.1783733	-6.622115	-0.4437418
BCCDDDCDCCDDDCDDABCDABCABDBACBDCAADDCBDABACBCDABCACBCDCCCBDBACDBBBCBDBBCCACACAACCABABADBCBAABBBCCBB	['D10C', 'C39D', 'C46D', 'C54D', 'A63D', 'C69D', 'A71B', 'D77C', 'C82A', 'C90B', 'A93B']	11	-0.44588947	-5.91581	-6.3617067	-0.44589663
BCCDDDCDCDDDDCDDABCDABCABDBACBDCAADDCBCACACBCCAACACBCCCCCBDBBDCBBBCBCBBCCBCACAACCCBABADBCCAABBBCCBB	['B41C', 'B48A', 'A61B', 'C62D', 'A63C', 'A71B', 'A74B', 'D77C', 'A93B']	9	-2.3760953	-8.580989	-9.030211	-0.44922256
BCCDDDCDCDDDDDDDABCDABCABDBACBDCAADDCBCABACBCCABCACBCCCCCBDBADCBBBCBCBACCACADAACCABABADBCCAAABDCCBB	['C14D', 'C62D', 'A63C', 'C82A', 'B95D']	5	-2.3802123	-7.961178	-8.414518	-0.45334053
BCCDDDCDCDDDBCDCABCDABCABDBACBDCAADDCBCABACBCCABCACBBDCCCBDBACACBBCBCBBCCCCADAACCABABADBCCAAABBCCBB	['D13B', 'D16C', 'C53B', 'C54D', 'B64C', 'A71B', 'A74C', 'C82A']	8	-0.45400572	-3.5088878	-3.962904	-0.4540162
BCCDDDCDCCDDDCDDABCDABCABDBACBDCAADDCBCACACBCCABCACBCDCCCBDBACDBBBCBCBACCACADAACCBBABADBCCAABBBCCBB	['D10C', 'B41C', 'C54D', 'A63D', 'C82B', 'A93B']	6	-0.45557117	-5.993198	-6.4487734	-0.45557547
BCCDDDCDCCDDDCDDABCDABCABDBACBDCAADDCBCACACBCCABCACBCDCCCBDBACDBBBCBCBACCACADAACCBBABADBCCAABBBCCBB	['D10C', 'B41C', 'C54D', 'A63D', 'C82B', 'A93B']	6	-0.45557117	-5.993198	-6.4487734	-0.45557547
BCCDDDCDCDDDDCDDABCDABCABDBACBDDAACACBCABACBCBBBCACBCCCCCBDBADDBBBCBCBACCACADAACCBBABADBCCAABBBCCBB	['C32D', 'D35C', 'D36A', 'C46B', 'A47B', 'C62D', 'A63D', 'C82B', 'A93B']	9	-2.3882155	-10.282103	-10.743441	-0.46133804
BCCDDDCDCCDDDCDBABCDABCABDBACBDCAADDCBCABACBCDABCACBCCCCCBDBACDBBBCBCBACCACCDAACCCBABADBCCAAABBCCBB	['D10C', 'D16B', 'C46D', 'A63D', 'A76C']	5	-2.388679	-6.929448	-7.3912582	-0.4618101
BCCDDDCDCDDDDCCDABCDABCABDBACBDCAADDCBCABABBCCABCACBCCCCCBDBCDDBBBCBCBADCACADAACCBBABADBCCAABBBCCBB	['D15C', 'C43B', 'A61C', 'C62D', 'A63D', 'C72D', 'C82B', 'A93B']	8	-2.3911114	-9.919771	-10.3840065	-0.4642353
BCCDDDCDCADDBCCDABCAABCABDBACBDCAADDCBCACACBCDABCACBCCCCCBDBACDCBBCBCBACCACCDAACCCBABADBBCAAABBCCBB	['D10A', 'D13B', 'D15C', 'D20A', 'B41C', 'C46D', 'A63D', 'B64C', 'A76C', 'C89B']	10	-2.3944488	-6.7902284	-7.2578106	-0.46758223
BCCDDDCDCDDDDCCDABCDABCABDBACBDCAADDCBCABACBCCABCACBCCCCCBDBADDBBBCBCBBCCCCADAACCCBBBADBCBAABBBCCBB	['D15C', 'C62D', 'A63D', 'A71B', 'A74C', 'A84B', 'C90B', 'A93B']	8	-2.3975725	-8.064309	-8.535006	-0.47069645
BCCDDDCDCCDDDCCDABCDABCABDBACBDCAADABBCACACBCCABCACBCCCCDBDABCCBBBCBCBACCACADAACCCBABADBCCAABBBCCBB	['D10C', 'D15C', 'D36A', 'C37B', 'B41C', 'C57D', 'B60A', 'A61B', 'A63C', 'A93B']	10	-2.3978305	-7.228403	-7.6993647	-0.47096157
AAADDDCDCCDDDCDDABBDABCABDBACBDCAACCCBCABACBCCABCACBCDCCCBDBACDBBBCBCBBDCCCADAACCCBBBADBCBAABBBCCBB	['B1A', 'C2A', 'C3A', 'D10C', 'C19B', 'D35C', 'D36C', 'C54D', 'A63D', 'A71B', 'C72D', 'A74C', 'A84B', 'C90B', 'A93B']	15	-0.4720354	-4.1547737	-4.626816	-0.47204208
BCCDDDCDCDDDDCDDABCDABCABDBACBDDAADDABCABACBCDABCACBCCCCCBDBACDBBBCBCBBCCACADAACCBBABADBCCAAABBCCBB	['C32D', 'C37A', 'C46D', 'A63D', 'A71B', 'C82B']	6	-2.3993983	-7.36689	-7.8394165	-0.47252655
BCCDDDCDCDDDDCCDABCDABCABDBACBDCADCABBCABACBCDABCACBCDCCCBDBACDBBBCBABACCACADAACCBBABADBCCAAABBCCBB	['D15C', 'A34D', 'D35C', 'D36A', 'C37B', 'C46D', 'C54D', 'A63D', 'C69A', 'C82B']	10	-0.47422266	-7.120633	-7.594859	-0.474226
BCCDDDCDCDDDDCCDABCDABCABDBACBDCAADDCBCABACBCCABCACBCDCCCBDBACDBBBCBCBBCCACADAACCABABADBCBAAABBCCBB	['D15C', 'C54D', 'A63D', 'A71B', 'C82A', 'C90B']	6	-0.47784042	-6.9234753	-7.4013195	-0.47784424
BCCDDDCDCCDDDCDDABCAABCABDBACBDCAADDABCACACBCCABCACBCCCCCBDBADDBBBCBCBBCBACACAACCCBABADBCBAABBBCCBB	['D10C', 'D20A', 'C37A', 'B41C', 'C62D', 'A63D', 'A71B', 'C73B', 'D77C', 'C90B', 'A93B']	11	-2.4073648	-8.47844	-8.958933	-0.4804926
BCCDDDCDCCDDDCDDABCDABCABDBACBDCAADDCBCACABBCBABCACBCDCCCBDBACDBBBCBCBACCACADAACCBBABADBCCAABBBCCBB	['D10C', 'B41C', 'C43B', 'C46B', 'C54D', 'A63D', 'C82B', 'A93B']	8	-0.48120832	-6.307925	-6.789139	-0.48121357
BCCDDDCDCDDDDCDDABAAABCABDBACBDCAADDCBCABACBCDABCACBCCCCCBDBADDCBBCBCBACDACADAACCCBBBADBCBAAABBCCBB	['C19A', 'D20A', 'C46D', 'C62D', 'A63D', 'B64C', 'C73D', 'A84B', 'C90B']	9	-2.4087787	-7.571707	-8.053614	-0.4819069
BCCDDDCDCBDDDDDDADCDABCABDBACBDCAADDBBCACACBCDABCACBCCCCCBDBACDBBBCBCBCACACADAACCCBABADBCCACBBBCCBB	['D10B', 'C14D', 'B18D', 'C37B', 'B41C', 'C46D', 'A63D', 'A71C', 'C72A', 'A92C', 'A93B']	11	-2.411077	-6.057575	-6.541786	-0.48421097
BCCDDDCDCBDDDDDDADCDABCABDBACBDCAADDBBCACACBCDABCACBCCCCCBDBACDBBBCBCBCACACADAACCCBABADBCCACBBBCCBB	['D10B', 'C14D', 'B18D', 'C37B', 'B41C', 'C46D', 'A63D', 'A71C', 'C72A', 'A92C', 'A93B']	11	-2.411077	-6.057575	-6.541786	-0.48421097
BCCDDDCDCCDBDCCDABBDABCABDBACBDCAABABBCACACBCCABCACBCCCCCBDBACDBBBCBCBACCACADAACCCBABADBCCAABBBCCBB	['D10C', 'D12B', 'D15C', 'C19B', 'D35B', 'D36A', 'C37B', 'B41C', 'A63D', 'A93B']	10	-2.4117413	-7.9558907	-8.440759	-0.48486805
BCCDDDCDCCDDDCDDABCDABCABDBACBDCAACDBBCABACBCBABCACBCCCCDBDBACDBBBCBCBCCBACACAACCCBABADBCBAABBBCCBB	['D10C', 'D35C', 'C37B', 'C46B', 'C57D', 'A63D', 'A71C', 'C73B', 'D77C', 'C90B', 'A93B']	11	-2.4189796	-9.297163	-9.789268	-0.49210453
BCCDDDCDCCDDDCDDADCAABCABDBACBDCAADDCBCABACBCCABCACBCCCCDBDBACDBBBCBCBDCBACACAACCCBABADBCBAABBBCCBB	['D10C', 'B18D', 'D20A', 'C57D', 'A63D', 'A71D', 'C73B', 'D77C', 'C90B', 'A93B']	10	-2.4195518	-8.947218	-9.4398985	-0.49268055
BCCDDDCDCCDDDCCDABCAABCABDBACBDCAADDCBCABACBCCABCACBCCCCCCDBACDBBBCBCBACBACADAACCCBABADBCBAAABBCCBB	['D10C', 'D15C', 'D20A', 'B58C', 'A63D', 'C73B', 'C90B']	7	-2.419745	-8.110839	-8.603714	-0.4928751
BCCDDDCDCDDDDCCDABCAABCABDBACBDCAACDBBCABACBCDABCACBCCCCDBDBACDBBBCBCBBCBACADAACCCBBBADBCBAABBBCCBB	['D15C', 'D20A', 'D35C', 'C37B', 'C46D', 'C57D', 'A63D', 'A71B', 'C73B', 'A84B', 'C90B', 'A93B']	12	-2.420083	-8.498705	-8.991913	-0.49320793
BCCDDDCDCCDDDCDDABCCABCABDBACBDCAADDBBCABACBCCABCACBCCCCCBDCACACBBCBCBACCACACAACCCBACADBCCAABBBCCBB	['D10C', 'D20C', 'C37B', 'B60C', 'B64C', 'D77C', 'B85C', 'A93B']	8	-2.423956	-5.8296638	-6.3267555	-0.49709177
BCCDDDCDCDDDDCDDABCDADCABDBACBDCAACACBCACACBCCABCACBCCCCCBDCADDBBBCBCABACACADAACCCBABADBCCAABBBCCBB	['B22D', 'D35C', 'D36A', 'B41C', 'B60C', 'C62D', 'A63D', 'B70A', 'A71B', 'C72A', 'A93B']	11	-2.427784	-9.263556	-9.764459	-0.5009031
BCCDDDCDCCDDDCDDABCDABCABDBACBDCAADDCBCABACBCBABCACBCCCCCBDBACCBBBCBCBBCCACADAACCCBABADBCCAAABBCCBB	['D10C', 'C46B', 'A63C', 'A71B']	4	-2.4285097	-6.42882	-6.930459	-0.5016389
BCCDDDCDCCDDBDCDADCAABCABDBACBDCAADDCBCABACBCCABCACBCCCCCBDBADDBBBCBCBBCBACACAACCCBABADBCBAAABBCCBB	['D10C', 'D13B', 'C14D', 'D15C', 'B18D', 'D20A', 'C62D', 'A63D', 'A71B', 'C73B', 'D77C', 'C90B']	12	-2.4330406	-8.094296	-8.600462	-0.5061655
BCCDDDCDCDDCDDDDABCDABCABDBACBDDAADACBCACACBCDBBCACBCCCCCBDBACDBBBCBCBACCACADAACCBBABADBCCAABBBCCBB	['D12C', 'C14D', 'C32D', 'D36A', 'B41C', 'C46D', 'A47B', 'A63D', 'C82B', 'A93B']	10	-2.4338508	-8.786052	-9.293028	-0.5069761
BCCDDDCDCDDDDCDDABCCABCABDBACBDCAACABBCABACBCCABCACBBCCCCBDBADDBDBCBCBCCCACACAACCCBABADBCCAABBBCCBB	['D20C', 'D35C', 'D36A', 'C37B', 'C53B', 'C62D', 'A63D', 'B65D', 'A71C', 'D77C', 'A93B']	11	-2.4346228	-8.593927	-9.101674	-0.5077467
BCCDDDCDCCDDDCDDABCDABCABDBACBDCAADDABCABACBCCABCACBCCCCCBDBACDBBBCBCBBCBACACAACCCBBBADBCBAABBBCCBB	['D10C', 'C37A', 'A63D', 'A71B', 'C73B', 'D77C', 'A84B', 'C90B', 'A93B']	9	-2.4371562	-7.0086155	-7.518903	-0.5102873
BCCDDDCDCADDBCDDABCDABCABDBACBDCAADDCBCABACBCDABCACBDCCCCCDBACDBBBCBCBACCACADAACCCBABADBCBAAABBCCBB	['D10A', 'D13B', 'C46D', 'C53D', 'B58C', 'A63D', 'C90B']	7	-2.4385772	-5.6080627	-6.119773	-0.51171017
AAADDDCDCBDDBCDDADCAABCABDBACBDCAADACBCABACBCDABCACBCDCCCBDBACDBBBCBCBBBBACADAACCCBBBADBCBAAABBCCBB	['B1A', 'C2A', 'C3A', 'D10B', 'D13B', 'B18D', 'D20A', 'D36A', 'C46D', 'C54D', 'A63D', 'A71B', 'C72B', 'C73B', 'A84B', 'C90B']	16	-0.51329184	-3.3400335	-3.8533278	-0.5132942
BCCDDDCDCDDADCCDABBDABCABDBACBDCAADDCBCACACBCCABCACBCCCCCBDBACDBBBCBCBACCACACAACCABABADBCCAABBBCCBB	['D12A', 'D15C', 'C19B', 'B41C', 'A63D', 'D77C', 'C82A', 'A93B']	8	-2.4410515	-9.85964	-10.373819	-0.5141792
BCCDDDCDCADDBCDDABCDABCABDBACBDCCACABBCABACBBCABCACBCCCCCBDBADDBBBCBCBCABACADAACCCBABADBCBAABBBCCBB	['D10A', 'D13B', 'A33C', 'D35C', 'D36A', 'C37B', 'C45B', 'C62D', 'A63D', 'A71C', 'C72A', 'C73B', 'C90B', 'A93B']	14	-2.4457731	-7.019533	-7.53843	-0.51889706
BCCDDDCDCCDDDCDDABCDABCABDBACBDCAADDCBCABACBCCABCACBCCCCCBDBACDBBBCBCBACDACADAACCCBABADBCBAAABBCCBB	['D10C', 'A63D', 'C73D', 'C90B']	4	-2.4481359	-8.90675	-9.428016	-0.521266
BCCDDDCDCCDDDCDDABCDABCABDBACBDCAADDCBCABACBCDABCACBCCCCCBDBADDBBBCBABACCACACAACCCBBBADBCBAAABBCCBB	['D10C', 'C46D', 'C62D', 'A63D', 'C69A', 'D77C', 'A84B', 'C90B']	8	-2.4486651	-6.879312	-7.401105	-0.5217929
BCCDDDCDCDDDDCCDABCDABCABDBACBDCAACCBBCABACBCCABCACBCCCCDBDBADDBBBCBCBBCCACADAACCCBABADBCCAABBBCCBB	['D15C', 'D35C', 'D36C', 'C37B', 'C57D', 'C62D', 'A63D', 'A71B', 'A93B']	9	-2.4491196	-10.5216	-11.043841	-0.5222416
BCCDDDCDCDDDDCDDABCCABCBBDBACBDCAADDBBCABACBCCABCACBCCCCCBDBACCBBBCBCBBCCACADAACCCBABADBCCAABBBCCBB	['D20C', 'A24B', 'C37B', 'A63C', 'A71B', 'A93B']	6	-2.4541736	-6.3933754	-6.920681	-0.5273056
BCCDDDCDCCDDDCDDABCDABCABDBACBDCAADDCBCABACBCCABCACBCCCCCBDBACDBBBCBCBCCCACACAACCCBBBADBCBAAABBCCBB	['D10C', 'A63D', 'A71C', 'D77C', 'A84B', 'C90B']	6	-2.4545336	-6.194307	-6.7219696	-0.52766275
BCCDDDCDCCDCDDDDABCDABCABDBACBDCAADDCBCABACBCCABCACBCDCCCBDBADCBBBCBCBACCACADAACCBBABADBCCAABBBCCBB	['D10C', 'D12C', 'C14D', 'C54D', 'C62D', 'A63C', 'C82B', 'A93B']	8	-0.52880526	-4.784784	-5.3135977	-0.52881384
BCCDDDCDCBDDBCDDABCCABCABDBACDDCAACACBCABACBCCABCACBCCCCCBDBADDDBBCBCBACCCCADAACCCBABADCBCAAABBCCBB	['D10B', 'D13B', 'D20C', 'B30D', 'D35C', 'D36A', 'C62D', 'A63D', 'B64D', 'A74C', 'B88C', 'C89B']	12	-2.4572058	-6.626943	-7.157279	-0.5303359
BCCDDDCDCCDDDCDDABCDABCABDBACBDCAADDABCACACBCDABCACBCDCCCBDBADDBBBCBCBACCACACAACCBBABADBCCAAABBCCBB	['D10C', 'C37A', 'B41C', 'C46D', 'C54D', 'C62D', 'A63D', 'D77C', 'C82B']	9	-0.5304642	-5.9516454	-6.482112	-0.53046656
BCCDDDCDCDDDDCCDABCDABCABDBACBDCAADACBCABACBCBABCACBCDCCCBDBACDBBBCBCAACCACADAACCBBABADBCCAAABBCCBB	['D15C', 'D36A', 'C46B', 'C54D', 'A63D', 'B70A', 'C82B']	7	-0.5341153	-7.7711983	-8.305312	-0.5341139
BCCDDDCDCDDDDCCDABCDABCABDBACBDCAADACBCABACBCBABCACBCDCCCBDBACDBBBCBCAACCACADAACCBBABADBCCAAABBCCBB	['D15C', 'D36A', 'C46B', 'C54D', 'A63D', 'B70A', 'C82B']	7	-0.5341153	-7.7711983	-8.305312	-0.5341139
BCCDDDCDCDDDDCCDABCDABCABDBACBDCAADACBCABACBCBABCACBCDCCCBDBACDBBBCBCAACCACADAACCBBABADBCCAAABBCCBB	['D15C', 'D36A', 'C46B', 'C54D', 'A63D', 'B70A', 'C82B']	7	-0.5341153	-7.7711983	-8.305312	-0.5341139
BCCDDDCDCCDDDCDDABCAABCABDBACBDCAADDCBCABACBCCABCACBCCCCCCDBACABBBCBCBACCACADAACCDBABADBCCAAABBCCBB	['D10C', 'D20A', 'B58C', 'C82D']	4	-2.4628644	-6.4046125	-6.940608	-0.5359955
BCCDDDCDCDDDDCDDABCDABCABDBACBDCAADDBBCABACBCCABCACBCCCCDBDCACDBBBCBCBBCBACADAACCCBBBADBCBAABBBCCBB	['C37B', 'C57D', 'B60C', 'A63D', 'A71B', 'C73B', 'A84B', 'C90B', 'A93B']	9	-2.4633403	-8.159239	-8.695706	-0.53646755
BCCDDDCDCCDDDCDDABCDABCABDBACBDCAADDBBCABACBCBABCACBCCCCCBDBACDBBBCBCBACAACACAACCCBABADBCBAABBBCCBB	['D10C', 'C37B', 'C46B', 'A63D', 'C73A', 'D77C', 'C90B', 'A93B']	8	-2.465241	-7.462106	-8.000478	-0.53837156
BCCDDDCDCDDDBCDDABCAABCABDBACBDCAACAABCABACBCCABCACBCCCCCBDBADDBBBCBABBCBCCADAACCCBABADBCBAAABBCCBB	['D13B', 'D20A', 'D35C', 'D36A', 'C37A', 'C62D', 'A63D', 'C69A', 'A71B', 'C73B', 'A74C', 'C90B']	12	-2.465385	-7.968605	-8.507114	-0.53850937
BCCDDDCDCCDCDDDDABCDABCABDBACBDCAACACBCABACBCCABCACBCCCCCBDBADDCBBDBCBACCACACAACCCBABADBCCAABBBCCBB	['D10C', 'D12C', 'C14D', 'D35C', 'D36A', 'C62D', 'A63D', 'B64C', 'C67D', 'D77C', 'A93B']	11	-2.4704037	-7.8150177	-8.358546	-0.54352856
BCCDDDCDCBDDBCCDABCDABCABDBACDDCBACABBCABACBCCABCACBCDCCCBDBADDBBBCBCBACCACADAACCCBBBADCBBAABBBCCBB	['D10B', 'D13B', 'D15C', 'B30D', 'A33B', 'D35C', 'D36A', 'C37B', 'C54D', 'C62D', 'A63D', 'A84B', 'B88C', 'C89B', 'C90B', 'A93B']	16	-0.5442419	-4.4254117	-4.969656	-0.5442443
AAADDDCDCDDDDCDDABCDABCABDBACBDCAACABBCABACBCCABCACBCCCCCBDCACCBBBCBCBBCCACACAACCCBABADBCCAABBBCCBB	['B1A', 'C2A', 'C3A', 'D35C', 'D36A', 'C37B', 'B60C', 'A63C', 'A71B', 'D77C', 'A93B']	11	-2.4717202	-7.3335757	-7.8784266	-0.5448508
BCCDDDCDCDDADCDDABCCABCABDBACBDCAAAACBCABACBCCABCACBCCCCDBDBACDBBBCBCBBCCACADAACCCBBBADBCBAAABBCCBB	['D12A', 'D20C', 'D35A', 'D36A', 'C57D', 'A63D', 'A71B', 'A84B', 'C90B']	9	-2.4721546	-7.4924498	-8.037727	-0.5452776
BCCDDDCDCCDDDCCDABCDABCABDBACBDCAADDABCABACBCCABCACBCCCCCBDBADDBBBCBCBBABACACAACCCBABADBCBAAABBCCBB	['D10C', 'D15C', 'C37A', 'C62D', 'A63D', 'A71B', 'C72A', 'C73B', 'D77C', 'C90B']	10	-2.4751358	-8.7501	-9.298361	-0.5482607
BCCDDDCDCCDDDCDDABCDABCABDBACBDCAADDCBCABACBCDABCACBCCCCCBDBACDBBBCBCBBCCACACAACCCBABADBCCAAABBCCBB	['D10C', 'C46D', 'A63D', 'A71B', 'D77C']	5	-2.482029	-7.149149	-7.7043066	-0.55515766
AAADDDCDCBDDDCDDABCDABCABDBACBDDBADDCBCABACBCDBBCACBCCCCDBDBACDBBBCBCBACCADADAACCCBBBADBCBAAABBCCBB	['B1A', 'C2A', 'C3A', 'D10B', 'C32D', 'A33B', 'C46D', 'A47B', 'C57D', 'A63D', 'C75D', 'A84B', 'C90B']	13	-2.4841123	-6.110695	-6.667941	-0.5572462
BCCDDDCDCCDDBCCDADCDABCABDBACBDCAADDCBCABACBCDABCACBCCCCCBDBADDBBBCBCBADDACADAACCCBABADBCBAABBBCCBB	['D10C', 'D13B', 'D15C', 'B18D', 'C46D', 'C62D', 'A63D', 'C72D', 'C73D', 'C90B', 'A93B']	11	-2.4854321	-9.292779	-9.851338	-0.5585594
BCCDDDCDCCDDDCDDABCDABCABDBACBDCAADDCBCABACBCDABCACBCCCCCBDBACDBBBCBCBBCBACACAACCCBABADBCBAABBBCCBB	['D10C', 'C46D', 'A63D', 'A71B', 'C73B', 'D77C', 'C90B', 'A93B']	8	-2.4863362	-8.748584	-9.308048	-0.55946445
BCCDDDCDCCDDDCDDABCDABCABDBACBDCAADDCBCABACBCDABCACBCCCCCBDBACDBBBCBCBBCBACACAACCCBABADBCBAABBBCCBB	['D10C', 'C46D', 'A63D', 'A71B', 'C73B', 'D77C', 'C90B', 'A93B']	8	-2.4863362	-8.748584	-9.308048	-0.55946445
BCCDDDCDCCDDDCDDABCDABCABDBACBDCAADDCBCABACBCDABCACBCCCCCBDBACDBBBCBCBBCBACACAACCCBABADBCBAABBBCCBB	['D10C', 'C46D', 'A63D', 'A71B', 'C73B', 'D77C', 'C90B', 'A93B']	8	-2.4863362	-8.748584	-9.308048	-0.55946445
BCCDDDCDCCDDBDDDABCDABCABDBACBDCAADDCBCABACBCDABCACBCCCCCBDBACDCBBCBCBBBBACACAACCCBBBADBCBAABBBCCBB	['D10C', 'D13B', 'C14D', 'C46D', 'A63D', 'B64C', 'A71B', 'C72B', 'C73B', 'D77C', 'A84B', 'C90B', 'A93B']	13	-2.488089	-5.9189506	-6.4801702	-0.5612197
BCDDDDCDCCDCDDDDABCDABCABDBACBDCAADDCBCABACBCCABCACBCCCCCBDBADDBBBDBCBACCACACAACCCBABADBCCAAABBCCBB	['C3D', 'D10C', 'D12C', 'C14D', 'C62D', 'A63D', 'C67D', 'D77C']	8	-2.4925885	-7.658047	-8.223763	-0.56571627
AAADDDCDCBDDDCDDABCDABCABDBACBDCAADDCBCABACBCCABCACBCCCCCBDCCDDBBBCBCBACCDCACAACCCBABADBCCAABBBCCBB	['B1A', 'C2A', 'C3A', 'D10B', 'B60C', 'A61C', 'C62D', 'A63D', 'A74D', 'D77C', 'A93B']	11	-2.4959831	-7.08614	-7.6552534	-0.56911325
BCCDDDCDCDDDBCCDABCDABCABDBACBDCAADDCBCACACBCCABCACBCCCCCBDBACACBBCBCCACCACADAACCABABADBCCAAABBCCBB	['D13B', 'D15C', 'B41C', 'B64C', 'B70C', 'C82A']	6	-2.4987698	-7.7779512	-8.349852	-0.57190037
BCCDDDCDCDDCDCDDABBDABCABDBACBDDAADDCBCABADBCDBBCCCBCCDCCBDBACDBBBDBCBACCACACAACCBBABADBCBAABBBCCBB	['D12C', 'C19B', 'C32D', 'C43D', 'C46D', 'A47B', 'A50C', 'C55D', 'A63D', 'C67D', 'D77C', 'C82B', 'C90B', 'A93B']	14	-2.500361	-8.72126	-9.29475	-0.57349014
BCCDDDCDCADCDCDDABCDABCABDBACBDCAADDCBCABACBCCABCACBCDCCCBDBACDBBBABCBACCACADAACCBBABADBCCAAABBCCBB	['D10A', 'D12C', 'C54D', 'A63D', 'C67A', 'C82B']	6	-0.5737648	-3.9364247	-4.5101986	-0.57377386
AAADDDCDCADDBCDDACCDABCABDBACBDCAACACBCACACBCCABCACBCCCCDBDBDDABBBCBCBACCCCACAACCCBABADBDBAAABBCCBB	['B1A', 'C2A', 'C3A', 'D10A', 'D13B', 'B18C', 'D35C', 'D36A', 'B41C', 'C57D', 'A61D', 'C62D', 'A74C', 'D77C', 'C89D', 'C90B']	16	-2.5068693	-8.354995	-8.934996	-0.5800009
BCCDDDCDCCDDDCCDABCDABCABDBACBDCAACDCBCABACBCDABCACBCCCCCBDBACDBBBCBCBACCACADAACCCBABABBCBADBBCCCBB	['D10C', 'D15C', 'D35C', 'C46D', 'A63D', 'D87B', 'C90B', 'A92D', 'A93B', 'B95C']	10	-2.510912	-7.57584	-8.159876	-0.5840359
BCCDDDCDCADDDDCDABCAABCABDBACBDCAADDCBCABACBCCABCACBCCCCCBDBADDBBBCBCBBCBACACAACCCBABADBCBAAABBCCBB	['D10A', 'C14D', 'D15C', 'D20A', 'C62D', 'A63D', 'A71B', 'C73B', 'D77C', 'C90B']	10	-2.516499	-8.226916	-8.816542	-0.58962536
BCCDDDCDCDDDDCDDABCDABCABDBACBDCAACACBCABACBCCABCACBCCCCCBDBACDBBBCBCBBCCACADAACCCBABADBCBAABBBCCBB	['D35C', 'D36A', 'A63D', 'A71B', 'C90B', 'A93B']	6	-2.5229144	-9.080755	-9.676791	-0.59603596
BCCDDDCDCCDDDCDDABCDABCABDBACBDCBADDCBCABACBCBABCACBCDCCCBDBACDBBBCBCBBCBACACAACCCBBBADBCBAABBBCCBB	['D10C', 'A33B', 'C46B', 'C54D', 'A63D', 'A71B', 'C73B', 'D77C', 'A84B', 'C90B', 'A93B']	11	-0.5967078	-4.8900795	-5.4867945	-0.596715
BCCDDDCDCADDDCDDADCDABCABDBACBDCAACDCBCACACBCCABCACBCCCCCBDBACDBBBCBCBBCCACADAACCCBABADBCCAABBBCCBB	['D10A', 'B18D', 'D35C', 'B41C', 'A63D', 'A71B', 'A93B']	7	-2.5243773	-7.5655026	-8.163007	-0.59750414
BCCDDDCDCCDDDCDDABCDABCABDBACBDCBADDCBCABACBCDABCACBCDCCCBDBACDBBBCBCBBCCACCDAACCCBABADBCCAAABBCCBB	['D10C', 'A33B', 'C46D', 'C54D', 'A63D', 'A71B', 'A76C']	7	-0.59791327	-4.6534185	-5.251341	-0.5979223
BCCDDDCDCCDDBCDDABCDABCABDBACBDCAADACBCABACBCCABCACBCCCCCBDBADDCBBCBCBACCACADAACCCBABADBCBAAABBCCBB	['D10C', 'D13B', 'D36A', 'C62D', 'A63D', 'B64C', 'C90B']	7	-2.529243	-7.0961413	-7.6985083	-0.6023669
AAADDDCDCADADCCDABCDABCABDBACBDCAACACBCACACBCCABCACBCCCCCBDBADDBBBCBCBACCACADAACCCBABADBCCAAABBCCBB	['B1A', 'C2A', 'C3A', 'D10A', 'D12A', 'D15C', 'D35C', 'D36A', 'B41C', 'C62D', 'A63D']	11	-2.5312333	-8.949441	-9.553795	-0.6043539
AAADDDCDCADADCCDABCDABCABDBACBDCAACACBCACACBCCABCACBCCCCCBDBADDBBBCBCBACCACADAACCCBABADBCCAAABBCCBB	['B1A', 'C2A', 'C3A', 'D10A', 'D12A', 'D15C', 'D35C', 'D36A', 'B41C', 'C62D', 'A63D']	11	-2.5312333	-8.949441	-9.553795	-0.6043539
BCCDDDCDCADDDCDDABCDABCABDBACBDCAACACBCACACBCCABCACBCBCCCBDBACBBBBCBCBBACACADAACCCBBBADBCCAABBBCCBB	['D10A', 'D35C', 'D36A', 'B41C', 'C54B', 'A63B', 'A71B', 'C72A', 'A84B', 'A93B']	10	-1.8230748	-4.6496587	-5.257352	-0.6076932
BCCDDDCDCDDDDCDDABCAABCABDBACBDCAACDBBCABACBCCABCACBCCCCCBDCACDBBBCBBBBCCACADAACCCBABADBCBAAABBCCBB	['D20A', 'D35C', 'C37B', 'B60C', 'A63D', 'C69B', 'A71B', 'C90B']	8	-2.5361457	-5.919832	-6.5291023	-0.6092701
BCCDDDCDCDDDBCDDABCAABCABDBACBDCAACACBBABACBCCABCACBCCCCDBDBADDBBBCBCBBCCCCACAACCCBABADBCBAABBBCCBB	['D13B', 'D20A', 'D35C', 'D36A', 'C39B', 'C57D', 'C62D', 'A63D', 'A71B', 'A74C', 'D77C', 'C90B', 'A93B']	13	-2.536312	-8.919282	-9.528715	-0.6094332
BCCDDDCDCCDDDCDDABCDABCABDBACBDCAACABBCACACBCCABCACBCCCCCBDBACDBBBCBCBACCACADAACCCBABADBCCAAABBCCBB	['D10C', 'D35C', 'D36A', 'C37B', 'B41C', 'A63D']	6	-2.5558891	-7.5189548	-8.147971	-0.6290164
BCCDDDCDCCDDDCDDABCCABCABDBACBDCAACAABCACACBCCABCACBCDCCCBDCADDBBBCBCBCCCACACAACCCBBBADBCBAABBBCCBB	['D10C', 'D20C', 'D35C', 'D36A', 'C37A', 'B41C', 'C54D', 'B60C', 'C62D', 'A63D', 'A71C', 'D77C', 'A84B', 'C90B', 'A93B']	15	-0.62940836	-4.538723	-5.1681337	-0.62941074
BCCDDDCDCCDDDCDDABCDABCABDBACBDCAADACCCACACBCCABCACBCCCCCBDBADDBBBCBCBACCACADAACCCBABADBCCAABBBCCBB	['D10C', 'D36A', 'B38C', 'B41C', 'C62D', 'A63D', 'A93B']	7	-2.5575666	-8.714291	-9.34498	-0.6306896
BCCDDDCDCADDDCDDABCDABCABDBACBDDDACDABCABADBCDBBCACBCDCCDBDBADDCBBCBCBBCCACADAACCBBABADBCCAAABBCCBB	['D10A', 'C32D', 'A33D', 'D35C', 'C37A', 'C43D', 'C46D', 'A47B', 'C54D', 'C57D', 'C62D', 'A63D', 'B64C', 'A71B', 'C82B']	15	-0.63875103	-4.722182	-5.360938	-0.6387563
BCCDDDCDCDDDBCDDABCDABCABDBACBDDBADDCBCABACBCDABCACBCCCCCBDBCCDBBBCBCBACCACACAACCBBBBADBCCAAABBCCBB	['D13B', 'C32D', 'A33B', 'C46D', 'A61C', 'A63D', 'D77C', 'C82B', 'A84B']	9	-2.5669541	-5.8143873	-6.4544735	-0.6400862
BCCDDDCDCDDBDCCDABCDABCABDBACBDCAADACBCABACBCCABCACBCCCCCBDBADDBBBCBCBBCBACADAACCCBBBADBCBAAABBCCBB	['D12B', 'D15C', 'D36A', 'C62D', 'A63D', 'A71B', 'C73B', 'A84B', 'C90B']	9	-2.5682054	-8.943332	-9.5846615	-0.64132977
AAADDDCDCCDDDCDDADAAABCCBDBACBDCDADAABCABACBCDABCACBCDCCCBDBADDBBBCBABCCBACADAACCCBBBADBCBAACBBCCBB	['B1A', 'C2A', 'C3A', 'D10C', 'B18D', 'C19A', 'D20A', 'A24C', 'A33D', 'D36A', 'C37A', 'C46D', 'C54D', 'C62D', 'A63D', 'C69A', 'A71C', 'C73B', 'A84B', 'C90B', 'A93C']	21	-0.6433635	-3.847425	-4.4907923	-0.6433673
BCCDDDCDCCDDDCDDABCCABCABDBACBDCAACACBCABACBCCABCACBCDCCCBDBACDBBBCBABDCBACADAACCCBABADBCBAABBBCCBB	['D10C', 'D20C', 'D35C', 'D36A', 'C54D', 'A63D', 'C69A', 'A71D', 'C73B', 'C90B', 'A93B']	11	-0.64411354	-6.4625416	-7.106654	-0.6441126
AAADDDCDCCDDBCDDADCAABCABDBACBDCAADDCBCABACBCCABCACBCDCCCBDBADDBBBBBCBBABACADABCCCBBBADBCBAAABBCCBB	['B1A', 'C2A', 'C3A', 'D10C', 'D13B', 'B18D', 'D20A', 'C54D', 'C62D', 'A63D', 'C67B', 'A71B', 'C72A', 'C73B', 'A79B', 'A84B', 'C90B']	17	-0.6463609	-3.221991	-3.8683548	-0.64636374
AAADDDCDCCDDDCDDABCDABCABDBACBDCAADDCBCABACBCCABCACBCCCCCBDBACDCBBCBCBACCACACAACCCBACADBCCAABBBCCBB	['B1A', 'C2A', 'C3A', 'D10C', 'A63D', 'B64C', 'D77C', 'B85C', 'A93B']	9	-2.5734553	-7.2782803	-7.9248705	-0.64659023
BCCDDDCDCCDDDCDDABCDABCABDBACBDCAADDCBCABACBCDABCACBCCCCCBDBACDBBBCBCBACDACACAACCCBABADBCBAAABBCCBB	['D10C', 'C46D', 'A63D', 'C73D', 'D77C', 'C90B']	6	-2.5761728	-9.070014	-9.7193165	-0.6493025
BCCDDDCDCDDDDCDDABBAABCABDBACBDCAACDCBCABACBCDABCACBCCCCCBDBACDBBBCBCBBCBACADAACCCBBBADBCBAABBBCCBB	['C19B', 'D20A', 'D35C', 'C46D', 'A63D', 'A71B', 'C73B', 'A84B', 'C90B', 'A93B']	10	-2.579021	-7.701417	-8.353563	-0.65214634
BCCDDDCDCCDDDCDDABCDABCABDBACBDCAACDBBCABACBCCABCACBCBCCCBDCADBBBBCBCBCCCACACAACCCBABADBCBAABBCCCBB	['D10C', 'D35C', 'C37B', 'C54B', 'B60C', 'C62D', 'A63B', 'A71C', 'D77C', 'C90B', 'A93B', 'B95C']	12	-1.8675747	-6.087234	-6.739423	-0.6521888
BCCDDDCDCDDDDCCDABCAABCABDBACBDCAADACBCABACBCCABCACBCCCCCBDCADABBBCBCBACCBCADAACCCBABADBBBAAABBCCBB	['D15C', 'D20A', 'D36A', 'B60C', 'C62D', 'A74B', 'C89B', 'C90B']	8	-2.5814815	-9.171559	-9.826165	-0.65460587
BCCDDDCDCCDDDCCDABCAABCABDBACBDCAADACBCACACBCDABCACBCCCCCBDBADDBBBCBCBABBACADAACCCBABADBCBAABBBCCBB	['D10C', 'D15C', 'D20A', 'D36A', 'B41C', 'C46D', 'C62D', 'A63D', 'C72B', 'C73B', 'C90B', 'A93B']	12	-2.5836391	-9.838095	-10.494862	-0.6567669
BCCDDDCDCCDDDCDDABCCABCABDBACBDCAACACBCABACBCCABCACBCDCCCBDBACDBBBCBABDABACADAACCCBABADBCBAABBBCCBB	['D10C', 'D20C', 'D35C', 'D36A', 'C54D', 'A63D', 'C69A', 'A71D', 'C72A', 'C73B', 'C90B', 'A93B']	12	-0.6584444	-5.948353	-6.606798	-0.65844536
BCCDDDCDCCDDDCCBABCCABCABDBACBDCAACABBCABACBCCABCACBCDCCDBDBACDBBBCBCBCCCACADAACCCBBBADBCBACBBBCCBB	['D10C', 'D15C', 'D16B', 'D20C', 'D35C', 'D36A', 'C37B', 'C54D', 'C57D', 'A63D', 'A71C', 'A84B', 'C90B', 'A92C', 'A93B']	15	-0.66056204	-4.175848	-4.8364153	-0.6605673
BCCDDDCDCCDDDDDDABCDABCABDBACBDCAADDDBCACACBCCABCACBCCCCCBDBADDBBBCBCBACDACACAACCCBBBADBCBAABBBCCBB	['D10C', 'C14D', 'C37D', 'B41C', 'C62D', 'A63D', 'C73D', 'D77C', 'A84B', 'C90B', 'A93B']	11	-2.5878768	-8.403169	-9.064175	-0.661006
AAADDDCDCDDDBCCDABCAABCABDBACDDCAACBBBCABACBCCABCACBCCCCDBDBADDBBBCBCBBCCACADAACCCBABADCCCAAABBCCBB	['B1A', 'C2A', 'C3A', 'D13B', 'D15C', 'D20A', 'B30D', 'D35C', 'D36B', 'C37B', 'C57D', 'C62D', 'A63D', 'A71B', 'B88C']	15	-2.590558	-8.692974	-9.356658	-0.6636839
BCCDDDCDCCDDDCDDABCAABCABDBACBDCAACDBBCABACBCDABCACBCDCCCBDCADDBBACBCBCAAACADAACCCBABADBCBAABBBCCBB	['D10C', 'D20A', 'D35C', 'C37B', 'C46D', 'C54D', 'B60C', 'C62D', 'A63D', 'B66A', 'A71C', 'C72A', 'C73A', 'C90B', 'A93B']	15	-0.6691308	-4.003256	-4.672394	-0.66913795
BCCDDDCDCDDBDCDDABBDABCABDBACBDCAADDCBCABACBCCABCACBCCCCCBDBACDDBBCBCBACCACADAACCBBABADBCCAAABBCCBB	['D12B', 'C19B', 'A63D', 'B64D', 'C82B']	5	-2.5961266	-7.2178707	-7.887125	-0.6692543
BCCDDDCDCCDDDCDDABCDABCABDBACBDDBADDBBCABACBCDBBCACBCCCCCBDBACDDBBCBCBCCAACADADCCCBBBADBABAABBBCCBB	['D10C', 'C32D', 'A33B', 'C37B', 'C46D', 'A47B', 'A63D', 'B64D', 'A71C', 'C73A', 'A79D', 'A84B', 'C89A', 'C90B', 'A93B']	15	-2.9985156	-2.597906	-3.6695557	-0.67104006
BCCDDDCDCCDDDCDBABCDABCABDBACBDCAADDCBCABACBCDABCACBCDCCCBDBACDBBCCBCBBCBACACAACCCBBBADBCBAABBBCCBB	['D10C', 'D16B', 'C46D', 'C54D', 'A63D', 'B66C', 'A71B', 'C73B', 'D77C', 'A84B', 'C90B', 'A93B']	12	-0.67226744	-4.644298	-5.316575	-0.672277
BCCDDDCDCBADBCDDABCDABCABDBACBDDBADDCBCABACBCCABCACBCBCCCCDBACDBBBCBCBACCCCADAACCCBBBADBCCAAABBCCBB	['D10B', 'D11A', 'D13B', 'C32D', 'A33B', 'C54B', 'B58C', 'A63D', 'A74C', 'A84B']	10	-1.8881745	-1.9065046	-2.5793	-0.6727953
BCCDDDCDCDDDDCCDABCDABCABDBACBDCAADDCBCABACBCDABCACBCDCCCCDBACDBBBCBCBACCACADAACCABABADBCBAAABBCCBB	['D15C', 'C46D', 'C54D', 'B58C', 'A63D', 'C82A', 'C90B']	7	-0.6744299	-6.7004223	-7.374858	-0.6744356
BCCDDDCDCADDDCDDABCDABCABDBACBDCAACDBBCABACBCDABCACBCCDCDBDBACDBBBCBCBCCBACADAACCCBABADBCBAAABBCCBB	['D10A', 'D35C', 'C37B', 'C46D', 'C55D', 'C57D', 'A63D', 'A71C', 'C73B', 'C90B']	10	-2.6039443	-7.675829	-8.3529005	-0.6770716
BCCDDDCDCCDDDCDDABCAABCABDBACBDCAADDBBCABACBCDABCACBCCCCCBDBADDBBBCBCBCABACACAACCCBABADBCBAAABBCCBB	['D10C', 'D20A', 'C37B', 'C46D', 'C62D', 'A63D', 'A71C', 'C72A', 'C73B', 'D77C', 'C90B']	11	-2.605535	-7.1345778	-7.813236	-0.6786585
BCCDDDCDCCDDBCDDABCDABCABDBACBDCBADDCBCABACBCDABCACBCBCCCBDCADDDBBCBCBACCCCACAACCCBACADBCBAABBBCCBB	['D10C', 'D13B', 'A33B', 'C46D', 'C54B', 'B60C', 'C62D', 'A63D', 'B64D', 'A74C', 'D77C', 'B85C', 'C90B', 'A93B']	14	-1.89435	-5.165025	-5.843992	-0.678967
BCCDDDCDCADDBCCDABCDABCABDBACBDCAADACBCABADBCCABCACBCCCCCBDBACDBBBCBCBACCACADAACCCBABADBCCAAABBCCBB	['D10A', 'D13B', 'D15C', 'D36A', 'C43D', 'A63D']	6	-2.6104732	-6.7456923	-7.4292936	-0.6836014
BCCCDDCDCBDDDCDDABCDABCABDBACBDCAADDCBCABACBCDABCCCBCDCCCBDBACDBBBCBBBBCCACCDAACCCBABADBBCAAABBCCBB	['D4C', 'D10B', 'C46D', 'A50C', 'C54D', 'A63D', 'C69B', 'A71B', 'A76C', 'C89B']	10	-0.684134	-4.728796	-5.412939	-0.68414307
BCCDDDCDCDDDBDDDABCCABCABDBACBDCAADABBCABACBCCABCACBCCCCCBDBADDBBBBBABACCACADAACCCBABADBCCAAABBCCBB	['D13B', 'C14D', 'D20C', 'D36A', 'C37B', 'C62D', 'A63D', 'C67B', 'C69A']	9	-2.615077	-6.4895444	-7.1777506	-0.6882062
BCCDDDCDCBDDBCADABCDABCABDBACDDCCACACBCACACBCCABCACBCCCCCBDBACDCBBCBCBACCACADAACCCBABADCCCAAABBCCBB	['D10B', 'D13B', 'D15A', 'B30D', 'A33C', 'D35C', 'D36A', 'B41C', 'A63D', 'B64C', 'B88C']	11	-2.6187124	-7.2577515	-7.9495945	-0.69184303
BCCDDDCDCBDDDDDDABCDABCABDBACBDCAADDCBCACACBCBABCACBCCCCCBDBACDCBBCBCCACCACACAACCCBABADBCCAAABBCCBB	['D10B', 'C14D', 'B41C', 'C46B', 'A63D', 'B64C', 'B70C', 'D77C']	8	-2.6195893	-6.734246	-7.4269686	-0.6927228
BCCDDDCDCBDDDDDDABCDABCABDBACBDCAADDCBCACACBCBABCACBCCCCCBDBACDCBBCBCCACCACACAACCCBABADBCCAAABBCCBB	['D10B', 'C14D', 'B41C', 'C46B', 'A63D', 'B64C', 'B70C', 'D77C']	8	-2.6195893	-6.734246	-7.4269686	-0.6927228
BCCDDDCDCDDDBCDDABCDABCABDBACBDCAACACBCABACBCCAACACBCCCCDBDBADACBBCBCBACCCCADAACCCABBADBCCAAABBCCBB	['D13B', 'D35C', 'D36A', 'B48A', 'C57D', 'C62D', 'B64C', 'A74C', 'B83A', 'A84B']	10	-2.621058	-7.13443	-7.828616	-0.6941862
BCCDDDCDCCDDDCDDABCDABCDBDBACBDCAADDCBCABACBCCABCACBCCCCCBDBACCBBBCBCBACCACADAACCCBABADBCCAAABBCCBB	['D10C', 'A24D', 'A63C']	3	-2.6244817	-6.3372383	-7.034851	-0.69761276
BCCDDDCDCCDDBCDDABCDABCABDBACBDCAADDCBCABACBCCABCACBCCCCCBDBACDCBBCBCBBCBACACAACCCBABADBCBAAABBCCBB	['D10C', 'D13B', 'A63D', 'B64C', 'A71B', 'C73B', 'D77C', 'C90B']	8	-2.6248817	-7.4097815	-8.107792	-0.69801044
BCCDDDCDCCDDBCDDABCDABCABDBACBDDBADBCBCABACBCDABCACBCCCCCBDBADACBBCBCBACCACCDAACCCABBADBCBAAABBCCBB	['D10C', 'D13B', 'C32D', 'A33B', 'D36B', 'C46D', 'C62D', 'B64C', 'A76C', 'B83A', 'A84B', 'C90B']	12	-2.6253386	-5.2613306	-5.9598055	-0.6984749
BCCDDDCDCCDDDCDDABCDABCABDBACBDDAADDCBCACACBCDABCACBBDCCCBDBACABBBCBCBBCCACACAACCBBABADBCBAAABBCCBB	['D10C', 'C32D', 'B41C', 'C46D', 'C53B', 'C54D', 'A71B', 'D77C', 'C82B', 'C90B']	10	-0.7014146	-5.511637	-6.2130575	-0.7014203
BCCDDDCDCDDCBCDDABCDABCABDBACBDCAADDBBCABACBCBBBCACBCCCCDBDBACDBBBCBCBCCCACADAACCDBABADBCCAAABBCCBB	['D12C', 'D13B', 'C37B', 'C46B', 'A47B', 'C57D', 'A63D', 'A71C', 'C82D']	9	-2.6284156	-8.083441	-8.784986	-0.70154476
BCCDDDCDCDDDBCDDABBAABCABDBACBDCAACBCBCABABBCCABCACBCCCCCBDBADDBBBCBCBDCCCCACAACCCBABADBCBADBBBCCBB	['D13B', 'C19B', 'D20A', 'D35C', 'D36B', 'C43B', 'C62D', 'A63D', 'A71D', 'A74C', 'D77C', 'C90B', 'A92D', 'A93B']	14	-2.6323538	-7.649021	-8.3545	-0.70547867
BCCDDDCDCCDDDCDDABCDABCABDBACBDCAADDCBCABACBCCABCACBCBCCCBDBACDBBBCBCBBCBACADAACCCBBBADBCBAAABBCCBB	['D10C', 'C54B', 'A63D', 'A71B', 'C73B', 'A84B', 'C90B']	7	-1.9211249	-6.327397	-7.033139	-0.70574236
BCCDDDCDCCDDDCCDABCDABCABDBACBDCAACABBCACACBCCABCACBCCCCDBDBBCABBBCBCBACCACADAACCCBABADBCCAABBBCCBB	['D10C', 'D15C', 'D35C', 'D36A', 'C37B', 'B41C', 'C57D', 'A61B', 'A93B']	9	-2.6370616	-8.703672	-9.41386	-0.7101879
BCCDDDCDCBDDBCCDABCAABCABDBACBDCAAAAABCABACBCCABCACBCACCDBDBADABBBCBCBBCBCCACAACCCBABADBABAABBBCCBB	['D10B', 'D13B', 'D15C', 'D20A', 'D35A', 'D36A', 'C37A', 'C54A', 'C57D', 'C62D', 'A71B', 'C73B', 'A74C', 'D77C', 'C89A', 'C90B', 'A93B']	17	-1.8762841	-6.6335382	-7.343872	-0.7103338
BCCDDDCDCCDDDCDDABCDABCABDBACBDCAACDBBCABACBCCABCACBCCCCCBDCBCDCBBCBCBACCACACAACCCBABADBCCAABBBCCBB	['D10C', 'D35C', 'C37B', 'B60C', 'A61B', 'A63D', 'B64C', 'D77C', 'A93B']	9	-2.637837	-6.6488724	-7.3598394	-0.71096706
BCCDDDCDCDDDBDCDABCBABCABDBACBDCAADABBCABACBCCABCACBCCCCCBDBACDBBBCBCBBCBACADAACCCBABADBCBAABBBCCBB	['D13B', 'C14D', 'D15C', 'D20B', 'D36A', 'C37B', 'A63D', 'A71B', 'C73B', 'C90B', 'A93B']	11	-2.6462064	-8.507636	-9.226969	-0.7193327
BCCDDDCDCADDBCCCABCAABCABDBACBDCAADCCBCABACBCCABCACBCCCCCBDBADCABBCBCBBCCACACAACCCBABADBCBAABBBCCBB	['D10A', 'D13B', 'D15C', 'D16C', 'D20A', 'D36C', 'C62D', 'A63C', 'B64A', 'A71B', 'D77C', 'C90B', 'A93B']	13	-2.6492844	-4.784978	-5.507395	-0.7224169
BCCDDDCDCADDBCCCABCAABCABDBACBDCAADCCBCABACBCCABCACBCCCCCBDBADCABBCBCBBCCACACAACCCBABADBCBAABBBCCBB	['D10A', 'D13B', 'D15C', 'D16C', 'D20A', 'D36C', 'C62D', 'A63C', 'B64A', 'A71B', 'D77C', 'C90B', 'A93B']	13	-2.6492844	-4.784978	-5.507395	-0.7224169
BCCDDDCDCADDBCCCABCAABCABDBACBDCAADCCBCABACBCCABCACBCCCCCBDBADCABBCBCBBCCACACAACCCBABADBCBAABBBCCBB	['D10A', 'D13B', 'D15C', 'D16C', 'D20A', 'D36C', 'C62D', 'A63C', 'B64A', 'A71B', 'D77C', 'C90B', 'A93B']	13	-2.6492844	-4.784978	-5.507395	-0.7224169
BCCDDDCDCCDDDCDDABCDADCABDBACBDCAADDBBCABACBCCABCACBCCCCCBDBADDBBBCBCBBCCCCACAACCCBABADBCCAABBBCCBB	['D10C', 'B22D', 'C37B', 'C62D', 'A63D', 'A71B', 'A74C', 'D77C', 'A93B']	9	-2.6563659	-6.8979588	-7.6274548	-0.729496
BCCCDDCDCCDDDCDDABCDABCABDBACBDCBADDCBCABABBCCABCACBCCCCDBDBADDBBBABDBADCACADAACCCBABADBCCAAABBCCBB	['D4C', 'D10C', 'A33B', 'C43B', 'C57D', 'C62D', 'A63D', 'C67A', 'C69D', 'C72D']	10	-2.656488	-7.343579	-8.073194	-0.72961473
BCCDDDCDCADDDCDDABCDABCABDBACBDCAADDCBCABACBCDABCACBCDCCCCDBACABBBCBCBACCACACAACCBBABADBCCAAABBCCBB	['D10A', 'C46D', 'C54D', 'B58C', 'D77C', 'C82B']	6	-0.7315488	-4.4442897	-5.175849	-0.7315593
BCCDDDCDCADDDCDDABCDABCABDBACBDCAADDCBCABACBCDABCACBCDCCCCDBACABBBCBCBACCACACAACCBBABADBCCAAABBCCBB	['D10A', 'C46D', 'C54D', 'B58C', 'D77C', 'C82B']	6	-0.7315488	-4.4442897	-5.175849	-0.7315593
BCCDDDCDCDDADCCDABBDABCABDBACBDCAADDCBCACACBCCABCACBCCCCCBDBACDBBBCBCBACCACAAAACCABABADBCCAABBBCCBB	['D12A', 'D15C', 'C19B', 'B41C', 'A63D', 'D77A', 'C82A', 'A93B']	8	-2.6590934	-9.811602	-10.54382	-0.73221874
BCCDDDCDCDDDDCBDABBCABCABDBACBDCAADDCBCACACBCCABCACBCCCCCBDBACBBBBCBCBBCCACADAACCCBABADBCCAABBBCCBB	['D15B', 'C19B', 'D20C', 'B41C', 'A63B', 'A71B', 'A93B']	7	-2.6593494	-7.868499	-8.600976	-0.7324772
BCCDDDCDCDDDDCBDABBCABCABDBACBDCAADDCBCACACBCCABCACBCCCCCBDBACBBBBCBCBBCCACADAACCCBABADBCCAABBBCCBB	['D15B', 'C19B', 'D20C', 'B41C', 'A63B', 'A71B', 'A93B']	7	-2.6593494	-7.868499	-8.600976	-0.7324772
BCCDDDCDCCDDBCDDABCDABCABDBACBDCAADDCBCABACBCCABCACBCCCCCBDBACDBBBCBCBACCACCDAACCCBABADBBCAAABBCCBB	['D10C', 'D13B', 'A63D', 'A76C', 'C89B']	5	-2.6599221	-7.633936	-8.366986	-0.73305035
BCCDDDCDCCDDDCDDABCDABCABDBACBDCAADDCBCABACBCBABCACBCDCCCBDBACCBBBCBCBADCACADAACCBBABADBCCAAABBCCBB	['D10C', 'C46B', 'C54D', 'A63C', 'C72D', 'C82B']	6	-0.73328924	-4.5641503	-5.297452	-0.73330164
AAADDDCDCDDBDCDDABCDABCABDBACBDCAACACBCACACBCCABCACBCCCCCBDCADDCBBCBCBACCACADAACCCBABADBCCAAABBCCBB	['B1A', 'C2A', 'C3A', 'D12B', 'D35C', 'D36A', 'B41C', 'B60C', 'C62D', 'A63D', 'B64C']	11	-2.6618648	-8.482166	-9.217155	-0.73498917
BCCDDDCDCDDDDCDDABCCABCABDBACBDCAADACBCABACBCCABCACBCCCCCBDBADBBBBCBCBACCACADAACCDBABADBCCAAABBCCBB	['D20C', 'D36A', 'C62D', 'A63B', 'C82D']	5	-2.6619964	-8.748851	-9.483971	-0.7351198
BCCDDDCDCDDCDCCDABBDABCABDBACBDDAADDABCABACBCDBBCACBCCDCCBDBADDBBBCBCBACCACACAACCBBABADBCCAABBCCCBB	['D12C', 'D15C', 'C19B', 'C32D', 'C37A', 'C46D', 'A47B', 'C55D', 'C62D', 'A63D', 'D77C', 'C82B', 'A93B', 'B95C']	14	-2.6634831	-8.3867	-9.12331	-0.7366104
BCCDDDCDCCDDBCDDABCDABCABDBACBDCAADDCBCABACBCDABCACBCCCCCBDBACDBBBCBCBBCBACACAACCCBABADBCBAABBBCCBB	['D10C', 'D13B', 'C46D', 'A63D', 'A71B', 'C73B', 'D77C', 'C90B', 'A93B']	9	-2.6684794	-8.018237	-8.759844	-0.7416067
AAADDDCDCDDDBCDDABBDABCABDBACBDCBADDCBCABACBCCABCACBCDCCCBDBACACBBCBCCACCACACAACCBBABADBCCAAABBCCBB	['B1A', 'C2A', 'C3A', 'D13B', 'C19B', 'A33B', 'C54D', 'B64C', 'B70C', 'D77C', 'C82B']	11	-0.7435322	-4.04968	-4.7932224	-0.7435422
BCCDDDCDCCDDBCDDABCCABCABDBACDDCAACACBCABACBCCABCACBCCCCDBDBADDBBBCBCBACCACADAACCCBABADCCBAABBBCCBB	['D10C', 'D13B', 'D20C', 'B30D', 'D35C', 'D36A', 'C57D', 'C62D', 'A63D', 'B88C', 'C90B', 'A93B']	12	-2.6705146	-8.609642	-9.353279	-0.7436371
BCCDDDCDCCDDACDDABCDABCABDBACBDCAADDBBCABACBCCABCACBCCCCCBDBADDBBBCBDBCACACADAACCCBABADBCCAABBBCCBB	['D10C', 'D13A', 'C37B', 'C62D', 'A63D', 'C69D', 'A71C', 'C72A', 'A93B']	9	-2.6711984	-6.5522594	-7.296584	-0.7443247
BCCDDDCDCCDDDCCDAACDABCABDBACBDCAADACBCABACBCCABCACBCCCCCBDBADACBBCBCBACCACADAACCCBABADBCCAAABBCCBB	['D10C', 'D15C', 'B18A', 'D36A', 'C62D', 'B64C']	6	-2.671811	-8.374446	-9.119385	-0.74493885
BCCDDDCDCCDDDCDDABCDABCABDBACBDCAADDCBCABACBCCABCACBCCCCDBDBACDBBBCBCBCCBACACAACCCBBBADBCBAAABBCCBB	['D10C', 'C57D', 'A63D', 'A71C', 'C73B', 'D77C', 'A84B', 'C90B']	8	-2.6724772	-7.9774923	-8.723101	-0.7456083
BCCDDCCDCDDDBCDDABCCABCABDBACDDCCACABBCABACBCCABCACBCCCCDCDBADDBBBCBCBCBCACADAACCCBBBADCCBAAABBCCBB	['D6C', 'D13B', 'D20C', 'B30D', 'A33C', 'D35C', 'D36A', 'C37B', 'C57D', 'B58C', 'C62D', 'A63D', 'A71C', 'C72B', 'A84B', 'B88C', 'C90B']	17	-2.6731787	-6.780951	-7.527256	-0.746305
AAADDDCDCCDDDCDDABBDABCABDBACBDCAACDABCABACBCCABCACBCCCCCBDBACABBBCBCBACCCCADAACCCBACADBCCAAABBCCBB	['B1A', 'C2A', 'C3A', 'D10C', 'C19B', 'D35C', 'C37A', 'A74C', 'B85C']	9	-2.675054	-6.329379	-7.077567	-0.748188
BCCDDDCDCDDDDCDDABCDABCABDBACBDCAADDCBCABACBCCABCACBCCCCDBDBACDBBBCBCBBCCACADAACCCBBBADBCBAAABBCCBB	['C57D', 'A63D', 'A71B', 'A84B', 'C90B']	5	-2.6759233	-7.7329245	-8.481975	-0.74905014
BCCDDDCDCDDDDCDDABCDABCABDBACBDCAADDCBCABACBCCABCACBCCCCDBDBACDBBBCBCBBCCACADAACCCBBBADBCBAAABBCCBB	['C57D', 'A63D', 'A71B', 'A84B', 'C90B']	5	-2.6759233	-7.7329245	-8.481975	-0.74905014
BCCDDDCDCDDDDCDDABCDABCABDBACBDCAADDCBCABACBCCABCACBCCCCDBDBACDBBBCBCBBCCACADAACCCBBBADBCBAAABBCCBB	['C57D', 'A63D', 'A71B', 'A84B', 'C90B']	5	-2.6759233	-7.7329245	-8.481975	-0.74905014
BCCDDDCDCADDBDDDABCDABCABDBACBDCAADDCBCABACBCDABCACBCDCCCBDBACDCBBCBCBACCACCDAACCABABADBCCAAABBCCBB	['D10A', 'D13B', 'C14D', 'C46D', 'C54D', 'A63D', 'B64C', 'A76C', 'C82A']	9	-0.753304	-3.7092252	-4.4625406	-0.75331545
BCCDDDCDCDDDDCDDABCAABCABDBACBDCAACACBCABACBCDABCACBCCCCCBDBADDBBBCBCBACAACADAACCCBABADBCBAAABBCCBB	['D20A', 'D35C', 'D36A', 'C46D', 'C62D', 'A63D', 'C73A', 'C90B']	8	-2.6844754	-8.8477335	-9.60533	-0.75759697
BCCDDDCDCDADDCDDABCDABCABDBACBDCAADDCBCABACBCCABCACBCCCCCBDBACDBBBCBCBBBBACADAACCCBBBADBCBAAABBCCBB	['D11A', 'A63D', 'A71B', 'C72B', 'C73B', 'A84B', 'C90B']	7	-2.6856585	-7.7336016	-8.492387	-0.75878525
BCCDDDCDCCDDDCDDABCDABCABDBACDDCAACABBCABACBCCABCACBCCCCDBDBACDBBBCBCBBCCACADAACCCBABADBCCAABBBCCBB	['D10C', 'B30D', 'D35C', 'D36A', 'C37B', 'C57D', 'A63D', 'A71B', 'A93B']	9	-2.685718	-8.20554	-8.964382	-0.75884247
BCCDDDCDCDDDDCDDABCDABCABDBACBDCAADDCBCACACBCCABCACBCCCCCBDBACDBBBCBABBCCACADAACCCBABADBCBAAABBCCBB	['B41C', 'A63D', 'C69A', 'A71B', 'C90B']	5	-2.6863847	-8.584869	-9.34438	-0.759511
BCCDDDCDCCDDDCDDABCCABCABDBACBDCAACACBCABACBCCABCACBCCCCCBDBACCBBBCBCBAACACADAACCCBABADBCCAABBBCCBB	['D10C', 'D20C', 'D35C', 'D36A', 'A63C', 'C72A', 'A93B']	7	-2.687478	-6.3464527	-7.1070623	-0.7606096
AAADDDCDCDDDDCDDABCDABCABDBACBDCAACABBCACACBCCABCACBCCCCDBDCDCABBBCBCBACCACADAACCCBABADBCCAAABBCCBB	['B1A', 'C2A', 'C3A', 'D35C', 'D36A', 'C37B', 'B41C', 'C57D', 'B60C', 'A61D']	10	-2.6892858	-8.77932	-9.541732	-0.7624121
AAADDDCDCADDDCCDABCDABCABDBACBDCAACDABCABACBCCABCACBCCCCCBDBACDBBBCBCBACCACADAACCCBABADBCBAAABBCCBB	['B1A', 'C2A', 'C3A', 'D10A', 'D15C', 'D35C', 'C37A', 'A63D', 'C90B']	9	-2.693078	-7.4421425	-8.208345	-0.7662029
BCCDDDCDCDDDDCDDABCDABCDBDBACBDCAACACBCABACBCDABCACBCCCCCBDBADDBBBCBBBACCACACAACCCBABADBCCAAABBCCBB	['A24D', 'D35C', 'D36A', 'C46D', 'C62D', 'A63D', 'C69B', 'D77C']	8	-2.69315	-8.203962	-8.970238	-0.7662754
BCCDDDCDCDDBDCCDABBAABCABDBACBDCAADDCBCABACBCBABCACBCCCCCBDBACABBBCBCBBCCCCADAACCCBBBADBCBAAABBCCBB	['D12B', 'D15C', 'C19B', 'D20A', 'C46B', 'A71B', 'A74C', 'A84B', 'C90B']	9	-2.6949897	-5.771338	-6.5394573	-0.76811934
BCCDDDCDCADDDCDDABBDABCABDBACBDDDADDCBCACACBCDBBCACBBBCCCBDCACDBBBCBCBBCAACADAACCCBBBADBCBAAABBCCBB	['D10A', 'C19B', 'C32D', 'A33D', 'B41C', 'C46D', 'A47B', 'C53B', 'C54B', 'B60C', 'A63D', 'A71B', 'C73A', 'A84B', 'C90B']	15	-1.9865756	-4.347869	-5.119067	-0.7711983
AAADDDCDCDDDDCCDABCCABCABDBACBDCAACABBCABACBCCABCACBCCCCCBDBACABBBCBCBACCACADAACCCBABADBCCAAABBCCBB	['B1A', 'C2A', 'C3A', 'D15C', 'D20C', 'D35C', 'D36A', 'C37B']	8	-2.7024832	-8.092128	-8.867738	-0.77560997
BCCDDDCDCCDDDCDDABCDABCABDBACBDCAADDCBCABACBCCAACACBCCCCCBDBACDBBBCBCBABCACADAACCCBABADBCCAABBBCCBB	['D10C', 'B48A', 'A63D', 'C72B', 'A93B']	5	-2.7029943	-7.7946415	-8.5707655	-0.776124
BCCDDDCDCDDDBCDDABCDABCABDBACBDCBACAABCABACBCCABCACBCBCCCBDBADDBBBCBCBBBBACADAACCCBABADBCBAAABBCCBB	['D13B', 'A33B', 'D35C', 'D36A', 'C37A', 'C54B', 'C62D', 'A63D', 'A71B', 'C72B', 'C73B', 'C90B']	12	-1.9923706	-7.7819853	-8.55897	-0.77698517
BCCDDDCDCBDDBCCCABCAABCABDBACBDCAADDCBAABACBCBABCACBCCCCCBDBACBCBBCBCBADCBCACAACCCBABADBCCAAABBCCBB	['D10B', 'D13B', 'D15C', 'D16C', 'D20A', 'C39A', 'C46B', 'A63B', 'B64C', 'C72D', 'A74B', 'D77C']	12	-2.7039661	-4.8681226	-5.6452227	-0.7771001
AAADDDCDCBDDBCCDABCAABCABDBACBDCAACACBCABACBCDABCACBCDCCCBDBACABBBCBCBADCACADAACCCBBBADBBBAAABBCCBB	['B1A', 'C2A', 'C3A', 'D10B', 'D13B', 'D15C', 'D20A', 'D35C', 'D36A', 'C46D', 'C54D', 'C72D', 'A84B', 'C89B', 'C90B']	15	-0.7790384	-3.3705368	-4.149582	-0.7790451
BCCDDDCDCCDDDCDDABCDABCABDBACBDCAACACBCABACBCCAACACBCDCCDBDCADDBBBCBCBACCACADAACCCBABADBCBAAABBCCBB	['D10C', 'D35C', 'D36A', 'B48A', 'C54D', 'C57D', 'B60C', 'C62D', 'A63D', 'C90B']	10	-0.78660345	-7.2544127	-8.041015	-0.786602
BCCDDDCDCDDADCCDABCBABCABDBACBDCAACACBCACACBCCABCACBCCCCCBDBDCDBBBCBCBCACACADAACCCBABADBCBAAABBCCBB	['D12A', 'D15C', 'D20B', 'D35C', 'D36A', 'B41C', 'A61D', 'A63D', 'A71C', 'C72A', 'C90B']	11	-2.7156281	-9.310478	-10.099228	-0.7887497
BCCDDDCDCCDDBCCDABCDABCABDBACBDDAADDCBCACACBCDABCACBCCCCCBDBACABBBCBBBADCCCADAACCBBABADBDCAAABBCCBB	['D10C', 'D13B', 'D15C', 'C32D', 'B41C', 'C46D', 'C69B', 'C72D', 'A74C', 'C82B', 'C89D']	11	-2.7166276	-5.5526733	-6.3424387	-0.78976536
BCCDDDCDCCDBDCDDABAAABCABDBACBDCAADDCBCABACBCCABCACBCCCCCBDBADDBBBCBCBCCBACADAACCCBABADBCBAAABBCCBB	['D10C', 'D12B', 'C19A', 'D20A', 'C62D', 'A63D', 'A71C', 'C73B', 'C90B']	9	-2.718906	-7.2493253	-8.041352	-0.792027
AAADDBCDCDDCDDDDABCDABCABDBACBDCAACDBBCABACBCCABCACBCCCCDBDBACDBBBCCCBBCCACACAACCCBABADBCBAABBBCCBB	['B1A', 'C2A', 'C3A', 'D6B', 'D12C', 'C14D', 'D35C', 'C37B', 'C57D', 'A63D', 'B68C', 'A71B', 'D77C', 'C90B', 'A93B']	15	-2.722373	-8.668476	-9.463976	-0.7954998
BCCDDDCDCCDDDCDDABCAABCABDBACBDCAADDCBCABACBCCABCACBCCCCCBDBACACBBCBCBACCCCACAACCCBBCADBCBAAABBCCBB	['D10C', 'D20A', 'B64C', 'A74C', 'D77C', 'A84B', 'B85C', 'C90B']	8	-2.7256274	-4.857194	-5.6559534	-0.79875946
BCCDDDCDCADDDCDDABCDABCABDBACBDCAADDCBAACACBCDABCACBCCCCCBDBADDBBBCBCBBBBACACABCCCBABADBCBAABBBCCBB	['D10A', 'C39A', 'B41C', 'C46D', 'C62D', 'A63D', 'A71B', 'C72B', 'C73B', 'D77C', 'A79B', 'C90B', 'A93B']	13	-2.7362318	-9.510413	-10.31977	-0.8093567
BCCDDDCDCDDDDCDDABCDABCABDBACBDCAADACBCABACBCCABCACBCCCCCBDBACDBBBCBABBDBACADAACCCBABADBCBAAABBCCBB	['D36A', 'A63D', 'C69A', 'A71B', 'C72D', 'C73B', 'C90B']	7	-2.7365289	-9.185284	-9.99494	-0.80965614
BCCDDDCDCDDBDCDCABBDABCABDBACBDDAACDABCABACBCDABCACBCCCCCBDBADCCBBCBCBBCCACADAACCBBABADBCCAAABBCCBB	['D12B', 'D16C', 'C19B', 'C32D', 'D35C', 'C37A', 'C46D', 'C62D', 'A63C', 'B64C', 'A71B', 'C82B']	12	-2.736752	-5.559702	-6.369586	-0.8098841
BCCDDDCDCDDDDCDDABCDABCABDBACBDDAADDCBCABACBCBBBCACBCCCCCBDBADDBBBCBCBCCCACACAACCBBABADBCCAABBBCCBB	['C32D', 'C46B', 'A47B', 'C62D', 'A63D', 'A71C', 'D77C', 'C82B', 'A93B']	9	-2.7382402	-9.690755	-10.502119	-0.8113642
BCCDDDCDCDDDBCDDABCDABCABDBACBDCAACACBCACACBCCABCACBCCCCDBDBACDBBBCBABCCCACADAACCCBABADBCBAAABBCCBB	['D13B', 'D35C', 'D36A', 'B41C', 'C57D', 'A63D', 'C69A', 'A71C', 'C90B']	9	-2.7415695	-8.983121	-9.797813	-0.8146925
BCCDDDCDCDDDDCDDABCDABCABDBACBDCAACABBCACACBCCABCACBCCCCCCDBADACBBCBCBACCACADAACCCBABADBCBAAABBCCBB	['D35C', 'D36A', 'C37B', 'B41C', 'B58C', 'C62D', 'B64C', 'C90B']	8	-2.7422237	-8.314368	-9.129716	-0.8153477
BCCDDDCDCDDDDCDDABCDABCABDBACBDCAACDABBABACBCCABCACBCDCCCBDBACDBBBCBCBBCCACACAACCBBABADBCCAABBBCCBB	['D35C', 'C37A', 'C39B', 'C54D', 'A63D', 'A71B', 'D77C', 'C82B', 'A93B']	9	-0.8169637	-6.713944	-7.5309086	-0.8169646
BCCDDDCDCADDBCDDABCAABCABDBACBDCAACAABCABACBCCABCACBCCCCDBDBADDCBBCBCBACCCCADAACCCBABADBCBAABBBCCBB	['D10A', 'D13B', 'D20A', 'D35C', 'D36A', 'C37A', 'C57D', 'C62D', 'A63D', 'B64C', 'A74C', 'C90B', 'A93B']	13	-2.745347	-6.183343	-7.0018196	-0.8184767
BCCDDDCDCDDDDDDDABCDABCABDBACBDCAADDCBCABACBCDABCACBCDCCCBDBACABBBCBCBBCCACADAACCBBABADBCCAAABBCCBB	['C14D', 'C46D', 'C54D', 'A71B', 'C82B']	5	-0.81848764	-5.565213	-6.383711	-0.81849766
BCCDDDCDCDDDDCCDABCDABCABDBACBDCAADDCBCABACBCBABCACBCDCCCBDBACDCBBCBCBACCACACAACCBBABADBCBAAABBCCBB	['D15C', 'C46B', 'C54D', 'A63D', 'B64C', 'D77C', 'C82B', 'C90B']	8	-0.8191056	-7.344723	-8.163832	-0.8191085
BCCDDDCDCDDDBCDDABDDABCABDBACBDCBADDBBCABACBCBABCACBCDCCCBDBACADBBCBCBACCACACAACCBBABADBCBAAABBCCBB	['D13B', 'C19D', 'A33B', 'C37B', 'C46B', 'C54D', 'B64D', 'D77C', 'C82B', 'C90B']	10	-0.8194685	-3.9400525	-4.759531	-0.8194785
BCCDDDCDCDDDBDDDABCCABCABDBACDDCBACACBCABACBCCABCACBCCCCCBDBADDBBBCBCBACCACADAACCCBABADCCCAAABBCCBB	['D13B', 'C14D', 'D20C', 'B30D', 'A33B', 'D35C', 'D36A', 'C62D', 'A63D', 'B88C']	10	-2.7464457	-7.4465265	-8.2661	-0.8195734
AAADDDCDCCDDDCCDABDDABCABDBACBDDAACAABCABACBCDBBCACBCCCCCBDBACDBBBCBCBACCACADAACCCBACADCCBADABBCCBB	['B1A', 'C2A', 'C3A', 'D10C', 'D15C', 'C19D', 'C32D', 'D35C', 'D36A', 'C37A', 'C46D', 'A47B', 'A63D', 'B85C', 'B88C', 'C90B', 'A92D']	17	-2.7465916	-7.1739044	-7.9936247	-0.81972027
AAADDDCDCCDDDCDDABCDABCABDBACBDCAADDABCACACBCCABCACBCCCCCBDCADCBBBCBCBACCACACAACCCBABADBCBAABBBCCBB	['B1A', 'C2A', 'C3A', 'D10C', 'C37A', 'B41C', 'B60C', 'C62D', 'A63C', 'D77C', 'C90B', 'A93B']	12	-2.7495866	-7.4290757	-8.251794	-0.82271814
BCCDDDCDCCDDDCDDABCDABCABDBACBDCAADDCBCABACBCDABCACBCCCCCBDBADDBBBCBDBBCBACACAACCCBABADBCBAABBBCCBB	['D10C', 'C46D', 'C62D', 'A63D', 'C69D', 'A71B', 'C73B', 'D77C', 'C90B', 'A93B']	10	-2.749627	-9.564163	-10.386918	-0.82275486
BCCDDDCDCCDDDCDDABCDABCABDBACBDCAADDCBCABACBCDABCACBCCCCCBDCADDCBBCBCCABAACACAACCCBABADBCBAABBBCCBB	['D10C', 'C46D', 'B60C', 'C62D', 'A63D', 'B64C', 'B70C', 'C72B', 'C73A', 'D77C', 'C90B', 'A93B']	12	-2.751378	-7.58176	-8.406266	-0.8245063
BCCDDDCDCCDDDCDDABCDABCABDBACBDCAADDCBCABACBCDABCACBCCCCCBDCADDCBBCBCCABAACACAACCCBABADBCBAABBBCCBB	['D10C', 'C46D', 'B60C', 'C62D', 'A63D', 'B64C', 'B70C', 'C72B', 'C73A', 'D77C', 'C90B', 'A93B']	12	-2.751378	-7.58176	-8.406266	-0.8245063
BCCDDDCDCDDCDCDDABBAABCABDBACBDCAADDCBCABACBCDABCACBCCCCCBDBACDBBBBBCBACDACACAACCCBABADBCBAABBBCCBB	['D12C', 'C19B', 'D20A', 'C46D', 'A63D', 'C67B', 'C73D', 'D77C', 'C90B', 'A93B']	10	-2.7551594	-8.8567295	-9.685018	-0.8282881
BCCDDDCDCDDDBDDDABCAABCABDBACBDCAACACBCACACBCDABCACBCCCCCBDBACABBBCBABACCACADAACCDBABADBDBAAABBCCBB	['D13B', 'C14D', 'D20A', 'D35C', 'D36A', 'B41C', 'C46D', 'C69A', 'C82D', 'C89D', 'C90B']	11	-2.7595525	-7.963039	-8.795719	-0.8326802
BCCDDDCDCCDDDCDDABCDABCABDBACBDCAADDCBCABACBCDABCACBCDCCCBDBACABBBCBCBACCACADAACCBBABADBCCAAABBCCBB	['D10C', 'C46D', 'C54D', 'C82B']	4	-0.83877516	-5.1691146	-6.0078983	-0.83878374
BCCDDDCDCCDDDCDDABCDABCABDBACBDCAADDCBCABACBCDABCACBCCCCCBDBACDCBBCBCCACDACACAACCCBABADBCBAAABBCCBB	['D10C', 'C46D', 'A63D', 'B64C', 'B70C', 'C73D', 'D77C', 'C90B']	8	-2.7661614	-8.359843	-9.199132	-0.8392887
BCCDDDCDCCDDBCDDABCDABCABDBACBDCAADDCBCABACBCCABCACBCCCCCBDBACDBBBCBCBBBBACADAACCCBABADBCBAAABBCCBB	['D10C', 'D13B', 'A63D', 'A71B', 'C72B', 'C73B', 'C90B']	7	-2.7673755	-7.6904497	-8.5309515	-0.8405018
BCCDDDCDCCDDBCDDABCDABCABDBACBDCAADDCBCABACBCCABCACBCCCCCBDBACDBBBCBCBBBBACADAACCCBABADBCBAAABBCCBB	['D10C', 'D13B', 'A63D', 'A71B', 'C72B', 'C73B', 'C90B']	7	-2.7673755	-7.6904497	-8.5309515	-0.8405018
BCCDDDCDCCDDBCDDABCDABCABDBACBDCAADDCBCABACBCCABCACBCCCCCBDBACDBBBCBCBBBBACADAACCCBABADBCBAAABBCCBB	['D10C', 'D13B', 'A63D', 'A71B', 'C72B', 'C73B', 'C90B']	7	-2.7673755	-7.6904497	-8.5309515	-0.8405018
BCCDDDCDCADDBCDDABBDABCABDBACBDCAADDCBCABACBCDABCACBCCCCCBDBACDBBBCBCBACDACADAACCCBABADBCBAAABBCCBB	['D10A', 'D13B', 'C19B', 'C46D', 'A63D', 'C73D', 'C90B']	7	-2.7682528	-7.3934555	-8.2348385	-0.841383
BCCDDDCDCDDDBDDDABCDABCABDBACBDDAADDCBCABADBCDBBCACBCCCCCBDBACDCBBCBCBACCACADAACCBBABADBCCAAABBCCBB	['D13B', 'C14D', 'C32D', 'C43D', 'C46D', 'A47B', 'A63D', 'B64C', 'C82B']	9	-2.7716575	-7.0577593	-7.9025497	-0.84479046
BCCDDDCDCADDDCDDABCDABCABDBACBDCAADDCBCABACBCDABCACBCCDCCBDBACDBBBCBCBACDACACAACCCBABADBCBAAABBCCBB	['D10A', 'C46D', 'C55D', 'A63D', 'C73D', 'D77C', 'C90B']	7	-2.772202	-8.171993	-9.017325	-0.84533215
BCCDDDCDCDDDDCDDABCDABCABDBACBDCAACDCBCABACBCDABCACBCCCCCBDBACCCBBCBCBBDDACADAACCCBABADBCBAABBBCCBB	['D35C', 'C46D', 'A63C', 'B64C', 'A71B', 'C72D', 'C73D', 'C90B', 'A93B']	9	-2.7731714	-8.649372	-9.495673	-0.8463011
BCCDDDCDCBDDDCDDABCDABCABDBACBDCAADDCBCABACBCCABCACBCCCCCBDCACABBBCBCBACCACADAACCCBABADBCCAAABBCCBB	['D10B', 'B60C']	2	-2.776062	-6.676186	-7.5253763	-0.84919024
BCCDDDCDCCDDDCDDABCDABCABDBACBDCAACDBBCABACBBCABCACBCCCCCBDBACDBBBCBCBADDACACAACCDBABADBCCAABBBCCBB	['D10C', 'D35C', 'C37B', 'C45B', 'A63D', 'C72D', 'C73D', 'D77C', 'C82D', 'A93B']	10	-2.7779465	-8.750414	-9.601488	-0.8510742
BCCDDDCDCADDBCDDABCDABCABDBACBDCCADACBCABACBCDABCACBCCCCDBDBACDCBBCBCBACCACADAACCCBABADBCCAABBBCCBB	['D10A', 'D13B', 'A33C', 'D36A', 'C46D', 'C57D', 'A63D', 'B64C', 'A93B']	9	-2.7790794	-6.6088552	-7.4610653	-0.85221004
BCCDDDCDCDDDDCDDABCDABCABDBACBDCAADDBBCABACBCCAACACBCDCCCBDBACBBBBCBCBACCACACAACCBBABADBCCAAABBCCBB	['C37B', 'B48A', 'C54D', 'A63B', 'D77C', 'C82B']	6	-0.853426	-5.912907	-6.7663393	-0.8534322
BCCDDDCDCDDDDCDDABCDABCABDBACBDCAADDBBCABACBCCAACACBCDCCCBDBACBBBBCBCBACCACACAACCBBABADBCCAAABBCCBB	['C37B', 'B48A', 'C54D', 'A63B', 'D77C', 'C82B']	6	-0.853426	-5.912907	-6.7663393	-0.8534322
BCCDDDCDCCDABCDDADCDABCABDBACBDCAACABBCACACBCCABCACBCCCCDBDCDCACBBABCBACCACADAACCCBABADBCBAAABBCCBB	['D10C', 'D12A', 'D13B', 'B18D', 'D35C', 'D36A', 'C37B', 'B41C', 'C57D', 'B60C', 'A61D', 'B64C', 'C67A', 'C90B']	14	-2.7803564	-6.5184703	-7.371956	-0.8534856
BCCDDDCDCCDDDCDDABCDABCABDBACBDCAADDCBCACACBCCABCACBCCCCCBDBACDBBBCBCCBCBACACAACCCBABADBCBAABBBCCBB	['D10C', 'B41C', 'A63D', 'B70C', 'A71B', 'C73B', 'D77C', 'C90B', 'A93B']	9	-2.7818856	-8.980796	-9.835809	-0.8550129
AAADDDCDCDDDDCDDABCDABCABDBACBDCAADDCBCABACBCCABCACBCCCCCBDBADDBBBCBCBBABACACAACCCBABADBCBAAABBCCBB	['B1A', 'C2A', 'C3A', 'C62D', 'A63D', 'A71B', 'C72A', 'C73B', 'D77C', 'C90B']	10	-2.784809	-9.657562	-10.515498	-0.8579359
AAADDDCDCDDDDCDDABCDABCABDBACBDCAADDCBCABACBCCABCACBCCCCCBDBADDBBBCBCBBABACACAACCCBABADBCBAAABBCCBB	['B1A', 'C2A', 'C3A', 'C62D', 'A63D', 'A71B', 'C72A', 'C73B', 'D77C', 'C90B']	10	-2.784809	-9.657562	-10.515498	-0.8579359
BCCDDDCDCCDDDCDDADCDABCABDBACBDCAADDCBCABACBCDABCACBCCCCCBDBACDBBBCBCBACBACACAACCCBBBADBCBAABBACCBB	['D10C', 'B18D', 'C46D', 'A63D', 'C73B', 'D77C', 'A84B', 'C90B', 'A93B', 'B95A']	10	-2.7856793	-8.125342	-8.98415	-0.85880756
BCCDDDCDCDDDDCDDABCCABCABDBACBDCAADACBCABACBCCABCACBCCCCDBDBACDCBBCBCBACCACADAACCCBABADBCBAAABBCCBB	['D20C', 'D36A', 'C57D', 'A63D', 'B64C', 'C90B']	6	-2.7896314	-8.55277	-9.415523	-0.8627529
BCCDDDCDCDDDBDCDABCDABCABDBACBDCAACDBBCABACBCCABCACBCCCCCBDBAADBBBCBCBDCCACADAACCCBABADBCBAABBBCCBB	['D13B', 'C14D', 'D15C', 'D35C', 'C37B', 'C62A', 'A63D', 'A71D', 'C90B', 'A93B']	10	-2.7896876	-8.260459	-9.123273	-0.86281395
BCCDDDCDCDDDDCDDCBCDABCABDBACBDCAADDCBCACACBCCABCACBCCCCCCDBADDBBBCBCBCCCACADAACCCBABADBCBAABBBCCBB	['A17C', 'B41C', 'B58C', 'C62D', 'A63D', 'A71C', 'C90B', 'A93B']	8	-2.7914658	-9.251053	-10.115641	-0.8645878
BCCDDDCDCCDDDCCDABCDABCABDBACBDCAADDCBCABACBCCABCACBCDCCCBDBACABBBCBCBACCACADAACCBBABADBCCAAABBCCBB	['D10C', 'D15C', 'C54D', 'C82B']	4	-0.86638784	-5.8896384	-6.756031	-0.8663926
BCCDDDCDCCDDDCDDABCAABCABDBACBDCAADDCBCABACBCDABCACBCCCCCBDBADDBBBCBABACBACACAACCCBABADBCCADBBCCCBB	['D10C', 'D20A', 'C46D', 'C62D', 'A63D', 'C69A', 'C73B', 'D77C', 'A92D', 'A93B', 'B95C']	11	-2.794211	-7.3616304	-8.22897	-0.86733913
BCCDDDCDCDDDDCDDABCAABCABDBACBDCAADDABCABACBCDABCACBCCCCCBDBAADBBBCBCBDCCCCADAACCCBABADBCBAABBBCCBB	['D20A', 'C37A', 'C46D', 'C62A', 'A63D', 'A71D', 'A74C', 'C90B', 'A93B']	9	-2.7957206	-7.300324	-8.169174	-0.86885023
AAADDDCDCBDDBCDDABCDABCABDBACDDDBADDCBCABACBCDBBCACBBBCCCBDBADBBBBCBCBACCCCACABCCCBBBADCDBAAABBCCBB	['B1A', 'C2A', 'C3A', 'D10B', 'D13B', 'B30D', 'C32D', 'A33B', 'C46D', 'A47B', 'C53B', 'C54B', 'C62D', 'A63B', 'A74C', 'D77C', 'A79B', 'A84B', 'B88C', 'C89D', 'C90B']	21	-2.0859113	-4.2580504	-5.128582	-0.87053156
BCCDDDCDCCDDDCDDABCDABCABDBACBDCAADAABCACACBCCABCACBCCCCCBDBADDBBBCBCBACCACADAACCCBABADBCCAAABBCCBB	['D10C', 'D36A', 'C37A', 'B41C', 'C62D', 'A63D']	6	-2.8005695	-7.888387	-8.76208	-0.873693
BCCDDDCDCADBDCDDABCCABCABDBACBDCAADACBCACACBCCABCACBCBCCCBDBADDBBBCBCBACCACADAACCDBABADBCCAABBBCCBB	['D10A', 'D12B', 'D20C', 'D36A', 'B41C', 'C54B', 'C62D', 'A63D', 'C82D', 'A93B']	10	-2.08962	-6.804385	-7.6786184	-0.87423325
BCCDDDCDCCDDDCDDABCDABCABDBACBDCAACDCBAABACBCCABCACBCCCCCBDBADDBBBCBCBCCCACADAACCCBABADBCCAAABBCCBB	['D10C', 'D35C', 'C39A', 'C62D', 'A63D', 'A71C']	6	-2.802414	-8.301503	-9.177041	-0.8755379
BCCDDDCDCCDDDCDDABCDABCABDBACBDCAADDABCABACBCCABCACBCCCCCBDBACDBBBCBCBBCBACACAACCCBABADBCBAABBBCCBB	['D10C', 'C37A', 'A63D', 'A71B', 'C73B', 'D77C', 'C90B', 'A93B']	8	-2.8033624	-8.328726	-9.205216	-0.8764906
BCCDDDCDCCDBDCDDABBAABCABDBACBDCAADDCBCABACBCDABCACBCDCCCBDBACDBBBCBCBBCDACADABCCCBBBADBCBAABBBCCBB	['D10C', 'D12B', 'C19B', 'D20A', 'C46D', 'C54D', 'A63D', 'A71B', 'C73D', 'A79B', 'A84B', 'C90B', 'A93B']	13	-0.8786545	-3.722631	-4.6012907	-0.8786597
BCCDDDCDCDDDDCCDBBCBABCABDBACBDCAACACBCABACBCCABCACBCCCCCBDBACDBBBCBCBACCACADAACCCBABADBBCAAABBCCBB	['D15C', 'A17B', 'D20B', 'D35C', 'D36A', 'A63D', 'C89B']	7	-2.8142014	-10.016705	-10.90403	-0.8873253
BCCDDDCDCCDADCDDABCDABCABDBACBDCAADDCBCACACBCCABCACBCCCCCBDBADDBBBCBCBACAACACAACCCBBBADBCBAABBBCCBB	['D10C', 'D12A', 'B41C', 'C62D', 'A63D', 'C73A', 'D77C', 'A84B', 'C90B', 'A93B']	10	-2.8160992	-7.8154736	-8.7047	-0.8892269
BCCBDDCDCCDDDDCDABCAABCABDBACBDCAADACBCABACBCDABCACBCCCCCBDBADDBBBCBCBACAACADAACCCBABADDCBADBBBCCBB	['D4B', 'D10C', 'C14D', 'D15C', 'D20A', 'D36A', 'C46D', 'C62D', 'A63D', 'C73A', 'B88D', 'C90B', 'A92D', 'A93B']	14	-2.8164167	-6.367963	-7.2575045	-0.8895416
BCCDDDCDCCDDDCDDABBDABCABDBACBDCAADDCBCABACBCDABCACBCCCCCBDBACDDBBCBCBDACACACAACCDBABAABCBAACBCCCBB	['D10C', 'C19B', 'C46D', 'A63D', 'B64D', 'A71D', 'C72A', 'D77C', 'C82D', 'D87A', 'C90B', 'A93C', 'B95C']	13	-2.8176413	-6.7590647	-7.6498365	-0.89077187
BCCDDDCDCCADBDDDABCAABCABDBACBDDAADDCBCACACBCDBBCACBCBCCCCDCACDBBBCBCBDCBACACAACCCBABADBABAABBBCCBB	['D10C', 'D11A', 'D13B', 'C14D', 'D20A', 'C32D', 'B41C', 'C46D', 'A47B', 'C54B', 'B58C', 'B60C', 'A63D', 'A71D', 'C73B', 'D77C', 'C89A', 'C90B', 'A93B']	19	-2.1062002	-5.2403207	-6.1311426	-0.89082193
BCCDDDCDCDDDDCDDABCCABCABDBACDDCAACAABCACACBCDABCACBBCCCCBDBACDBBBCBCBACCACADAACCCBABADCCBAABBBCCBB	['D20C', 'B30D', 'D35C', 'D36A', 'C37A', 'B41C', 'C46D', 'C53B', 'A63D', 'B88C', 'C90B', 'A93B']	12	-2.8197598	-8.995324	-9.888209	-0.8928852
BCCDDDCDCCDDDCDDABCDABCABDBACBDCAADDCBCABACBCCABCACBCCCCCBDBACDBBBCBCBCCCACACAACCCBABADBCBAAABBCCBB	['D10C', 'A63D', 'A71C', 'D77C', 'C90B']	5	-2.8207397	-7.514417	-8.408282	-0.8938651
BCCDDDCDCDDDDCDDABCDABCABDBACBDCAACACBCABACBCCABCACBCCCCDBDBADBBBBCBCBBCCACADAACCCBABADBCCAABBBCCBB	['D35C', 'D36A', 'C57D', 'C62D', 'A63B', 'A71B', 'A93B']	7	-2.8234363	-9.679803	-10.576363	-0.8965597
BCCDDDCDCDDDDCDDABCDABCABDBACBDCAADDBBCABACBCCABCACBCCCCDBDCACDBBBCBCBBCBACADAACCCBABADBCBAABBBCCBB	['C37B', 'C57D', 'B60C', 'A63D', 'A71B', 'C73B', 'C90B', 'A93B']	8	-2.8295455	-9.479348	-10.38202	-0.9026718
BCCDDDCDCDDDBCDDABCDABCABDBACBDCDADDBBCACACBCCABCACBCCCCCBDBACDBBCCBCBCCCACADAACCCBABADBCCAABBBCCBB	['D13B', 'A33D', 'C37B', 'B41C', 'A63D', 'B66C', 'A71C', 'A93B']	8	-2.8298717	-6.8885255	-7.791527	-0.9030013
BCCDDDCDCCDDDCDDABCDABCABDBACBDCAADDCBCABACBCDABCACBCCCCCBDBACDBBCCBCBACCACACAACCCBBBADACCAABBBCCBB	['D10C', 'C46D', 'A63D', 'B66C', 'D77C', 'A84B', 'B88A', 'A93B']	8	-2.8312898	-6.686563	-7.5909834	-0.9044204
BCCDDDCDCCDDDCDDABCDABCABDBACBDCAACDCBCACACBCCABCACBCDCCDBDBACDBBBCBDBACCACACAACCBBABADBCCAAABBCCBB	['D10C', 'D35C', 'B41C', 'C54D', 'C57D', 'A63D', 'C69D', 'D77C', 'C82B']	9	-0.9047632	-7.301004	-8.20577	-0.9047656
BCCDDDCDCDDDBDCDABCAABCABDBACBDCAADDCBCACACBCCABCACBCCCCDBDCACDBBBCBCBCCCACADAACCCBABADBACAABBBCCBB	['D13B', 'C14D', 'D15C', 'D20A', 'B41C', 'C57D', 'B60C', 'A63D', 'A71C', 'C89A', 'A93B']	11	-2.8318343	-7.4488935	-8.35386	-0.90496635
BCCDDDCDCCDDBCDDABCDABCABDBACBDCAACDCBCACACBCCABCACBCCCCCBDCACDBBBCBCBACCACADAACCCBABADBCCAAABBCCBB	['D10C', 'D13B', 'D35C', 'B41C', 'B60C', 'A63D']	6	-2.835784	-7.115401	-8.024315	-0.9089141
BCCDDDCDCDDDDCDDABCDABCABDBACBDCAACACBCABACBCDABCACBBCCCDBDBACDBBBCBCBACCACACAACCCBABADBCCAABBCCCBB	['D35C', 'D36A', 'C46D', 'C53B', 'C57D', 'A63D', 'D77C', 'A93B', 'B95C']	9	-2.835907	-9.506826	-10.41586	-0.9090338
BCCDDDCDCDDDDCDDABCAABCABDBACBDCAACDCBCABACBCDABCACBCCCCCBDBADDBBBCBCBBCBACADAACCCBABADBCBAABBBCCBB	['D20A', 'D35C', 'C46D', 'C62D', 'A63D', 'A71B', 'C73B', 'C90B', 'A93B']	9	-2.836141	-9.780515	-10.689781	-0.9092665
BCCDDDCDCCDDBDDDABCCABCABDBACBDDBACDCBCABACBCDBBCACBCBCCCBDBBCCCBACBABACCCCABAACCCBBBADBCCCAABBCCBB	['D10C', 'D13B', 'C14D', 'D20C', 'C32D', 'A33B', 'D35C', 'C46D', 'A47B', 'C54B', 'A61B', 'A63C', 'B64C', 'B66A', 'C69A', 'A74C', 'D77B', 'A84B', 'A91C']	19	-0.19993448	-0.6949873	-1.6064138	-0.91142654
BCCDDDCDCCDDDCDDABBDABCABDBACBDDBADDCBCABACBCDBBCACBCBCCCBDBACACBBCBCBBCAACACAACCCBBBADBCBAAABCCCBB	['D10C', 'C19B', 'C32D', 'A33B', 'C46D', 'A47B', 'C54B', 'B64C', 'A71B', 'C73A', 'D77C', 'A84B', 'C90B', 'B95C']	14	-2.1275249	-3.444388	-4.356534	-0.9121461
BCCDDDCDCDDDDCDDABCDABCABDBACBDCAADDCBCABAABCDABCACBCCCCDBDBADDBBBCBCBBCCACCCAACCCBABADBCCAABBBCCBB	['C43A', 'C46D', 'C57D', 'C62D', 'A63D', 'A71B', 'A76C', 'D77C', 'A93B']	9	-2.8406563	-10.622523	-11.536303	-0.91377926
BCCDDDCDCCDDDCDDABCDABCABDBACBDCAADDCBCABACBCDABCACBCBCCCCDBACDBBBCBCBACCACCDAACCCBABADBCCAAABBCCBB	['D10C', 'C46D', 'C54B', 'B58C', 'A63D', 'A76C']	6	-2.1299844	-6.5909963	-7.505599	-0.91460276
BCCDDDCDCADBDCCDABCDABCABDBACBDCAABABBCABACBCCABCACBCCCCDBDBACDBBBCBCBACCACADAACCCBABADBCCAAABBCCBB	['D10A', 'D12B', 'D15C', 'D35B', 'D36A', 'C37B', 'C57D', 'A63D']	8	-2.8418336	-7.7860365	-8.700995	-0.91495895
BCCDDDCDCDDDDCDDABCDABCABDBACBDDAADDABCABACBCDABCACBCCCCCBDBACBBBBCBCBBCCACACAACCBBABADBCCAAABBCCBB	['C32D', 'C37A', 'C46D', 'A63B', 'A71B', 'D77C', 'C82B']	7	-2.8425527	-7.277761	-8.193443	-0.9156823
BCCDDDCDCDDDDCDDABCDABCABDBACBDCAACACBCACACBCCABCACBCCCCCBDBADDDBBCBCBBCCACCDAACCCBABADBCCAABBBCCBB	['D35C', 'D36A', 'B41C', 'C62D', 'A63D', 'B64D', 'A71B', 'A76C', 'A93B']	9	-2.8428364	-9.729306	-10.645261	-0.9159546
BCCDDDCDCDDDBDDDABCDABCABDBACBDCCADACBCABACBCDABCACBCCCCCBDBADDBBBCBCBCCBACADAACCCBABADBCBAABBBCCBB	['D13B', 'C14D', 'A33C', 'D36A', 'C46D', 'C62D', 'A63D', 'A71C', 'C73B', 'C90B', 'A93B']	11	-2.843028	-9.232224	-10.148374	-0.91614914
BCCDDDCDCBDADCDDABCDABCABDBACDDCBADDCBCACACBCBABCACBCCCCCBDBADDDBBCCCBBACACACAACCCBABADCCCAABBBCCBB	['D10B', 'D12A', 'B30D', 'A33B', 'B41C', 'C46B', 'C62D', 'A63D', 'B64D', 'B68C', 'A71B', 'C72A', 'D77C', 'B88C', 'A93B']	15	-2.8491764	-6.988807	-7.9111156	-0.92230844
BCCDDDCDCADDDCDDABCDABCABDBACBDCAADDCBCABACBCDABCACBCCCCDBDBACDBBBCBCBBBCACACAACCCBABADBCBAABBBCCBB	['D10A', 'C46D', 'C57D', 'A63D', 'A71B', 'C72B', 'D77C', 'C90B', 'A93B']	9	-2.8500776	-7.878162	-8.801365	-0.923203
BCCDDDCDCCDDDCDDADCDABCABDBACBDCAADDCBCABACBCDABCACBCCCCCBDBACDBBBCBCBACBACACAACCCBBBADBCBAABBCCCBB	['D10C', 'B18D', 'C46D', 'A63D', 'C73B', 'D77C', 'A84B', 'C90B', 'A93B', 'B95C']	10	-2.8502512	-7.4287076	-8.352089	-0.9233813
BCCDDDCDCCDDDCDDADCDABCABDBACBDCAADDCBCABACBCDABCACBCCCCCBDBACDBBBCBCBACBACACAACCCBBBADBCBAABBCCCBB	['D10C', 'B18D', 'C46D', 'A63D', 'C73B', 'D77C', 'A84B', 'C90B', 'A93B', 'B95C']	10	-2.8502512	-7.4287076	-8.352089	-0.9233813
BCCDDDCDCBDBDCDDABACABCABDBACDDCAADDCBCABACBCCABCACBCCCCCBDBACDBBBCBCBACCACACAACCCBABADCBCAAABBCCBB	['D10B', 'D12B', 'C19A', 'D20C', 'B30D', 'A63D', 'D77C', 'B88C', 'C89B']	9	-2.8536477	-6.6341004	-7.560877	-0.9267764
BCCDDDCDCADDBCDDABCDABCABDBACBDCAADDCBCABACBCCABCACBCCCCDBDBACDBBBCBBBDCCCCACAACCCBABADBCBAABBBCCBB	['D10A', 'D13B', 'C57D', 'A63D', 'C69B', 'A71D', 'A74C', 'D77C', 'C90B', 'A93B']	10	-2.8546224	-5.698141	-6.6258955	-0.9277544
BCCDDDCDCDDCDCDDABADABCABDBACBDCAACDCBCABACBCCAACACBCCCCCBDBACDBDBCBCBCCCACACAACCCBABADBCCAAABBCCBB	['D12C', 'C19A', 'D35C', 'B48A', 'A63D', 'B65D', 'A71C', 'D77C']	8	-2.8590016	-8.29319	-9.225319	-0.9321289
BCCBDDCDCBDDBCDDABCAABCABDBACBDCAADDABCABACBCDABCACBCDCCCBDBACDBBBCBCBBCCACADACCCCBBBADBCCCAABBCCBB	['D4B', 'D10B', 'D13B', 'D20A', 'C37A', 'C46D', 'C54D', 'A63D', 'A71B', 'A79C', 'A84B', 'A91C']	12	0.75639534	0.9937558	-0.17672253	-0.93311787
BCCDDDCDCCDDDCDDABCDABCABDBACBDCAADDABDABACBCCABCACBCCCCCBDBADDBBBCBCBBCCCCACAACCCBABADBCCAABBBCCBB	['D10C', 'C37A', 'C39D', 'C62D', 'A63D', 'A71B', 'A74C', 'D77C', 'A93B']	9	-2.8600888	-7.214571	-8.14779	-0.93321896
BCCDDDCDCDDBDCDDABCAABCABDBACBDCAACDCBCABACBCBABCACBCCCCCBDBADDBBBCBCBBBCACADAACCCBABADBCBAAABBCCBB	['D12B', 'D20A', 'D35C', 'C46B', 'C62D', 'A63D', 'A71B', 'C72B', 'C90B']	9	-2.8628387	-8.178981	-9.114942	-0.93596077
BCCDDDCDCDDBDCDDABCAABCABDBACBDCAACDCBCABACBCBABCACBCCCCCBDBADDBBBCBCBBBCACADAACCCBABADBCBAAABBCCBB	['D12B', 'D20A', 'D35C', 'C46B', 'C62D', 'A63D', 'A71B', 'C72B', 'C90B']	9	-2.8628387	-8.178981	-9.114942	-0.93596077
BCCDDDCDCBDDDCCDABCDABCABDBACBDCAADDBBCABACBCCABCACBCCCCCBDBACDBBBCBCBAACACACAACCCBABADBCCAAABBCCBB	['D10B', 'D15C', 'C37B', 'A63D', 'C72A', 'D77C']	6	-2.8632464	-6.741747	-7.6781206	-0.9363737
AAADDDCDCDDDDCDDABCDABCABDBACBDCAADACBCABACBCCABCACBCCCCCBDBBCBBBBCBCBACCACADAACCCBABADBCBAAABBCCBB	['B1A', 'C2A', 'C3A', 'D36A', 'A61B', 'A63B', 'C90B']	7	-2.8680658	-8.233935	-9.175126	-0.9411907
BCCDDDCDCCDDDCDDABCDABCABDBACBDCAACDBBCABACBCCABCACBCCCCCBDBACDBBBCBBBCCCACADAACCCBABADBCCAAABBCCBB	['D10C', 'D35C', 'C37B', 'A63D', 'C69B', 'A71C']	6	-2.8701835	-5.50599	-6.4493017	-0.9433117
BCCDDDCDCDDDDCDDABCDABCABDBACBDCAACABBCABACBCBABCACBCCCCCBDBADDBBBCBABACCACCDAACCCBABADBCCAABBBCCBA	['D35C', 'D36A', 'C37B', 'C46B', 'C62D', 'A63D', 'C69A', 'A76C', 'A93B', 'B99A']	10	-2.8710093	-9.788181	-10.732309	-0.94412804
BCCDDDCDCCDDDCDDABCDABCABDBACBDCAADBBBCABACBCCABCACBCDCCDBDBADDBBBCBCBBCCACADAACCCABBADBCBAABBBCCBB	['D10C', 'D36B', 'C37B', 'C54D', 'C57D', 'C62D', 'A63D', 'A71B', 'B83A', 'A84B', 'C90B', 'A93B']	12	-0.9455652	-4.9837523	-5.9293213	-0.94556904
BCCDDDCDCDDDDCDDABBDABCABDBACBDCAADDBBCABACBCCABCACBCCCCCBDBACDBBBBBBBBCCACACAACCCBBBADBCBADCBBCCBB	['C19B', 'C37B', 'A63D', 'C67B', 'C69B', 'A71B', 'D77C', 'A84B', 'C90B', 'A92D', 'A93C']	11	-2.8751502	-4.9579263	-5.906209	-0.9482827
BCCDDDCDCCDBDCDDABAAABCABDBACBDCAADDCBCABACBCCABCACBCCCCCBDBACDBBBCBCBCCBACADAACCCBABADBCBAAABBCCBB	['D10C', 'D12B', 'C19A', 'D20A', 'A63D', 'A71C', 'C73B', 'C90B']	8	-2.8801708	-6.7016773	-7.654974	-0.95329666
BCCDDDCDCDDDDCDDABCDABCABDBACBDCAADACBCABACBCDABCACBCDCCCBDBBCCBBBCBABAACACADAACCBBABADBCCAAABBCCBB	['D36A', 'C46D', 'C54D', 'A61B', 'A63C', 'C69A', 'C72A', 'C82B']	8	-0.95376635	-5.0745273	-6.028305	-0.9537778
BCCDDDCDCDDDBCDDABCDABCABDBACDDCBDDACBCABACBCBABCACBCCCCCBDBACDBBBCBCBCCCACADAACCCBABADCCCAAABBCCBB	['D13B', 'B30D', 'A33B', 'A34D', 'D36A', 'C46B', 'A63D', 'A71C', 'B88C']	9	-2.8827868	-7.5950627	-8.55098	-0.9559169
BCCDDDCDCCDDDCDDABCDABCABDBACBDCAADDCBCABACBCCABCACBCCCCCBDCACDBBBCBCBACCACACAACCCBABADBCCAAACBCCBB	['D10C', 'B60C', 'A63D', 'D77C', 'B94C']	5	-2.8835564	-7.4715962	-8.428283	-0.9566865
BCCDDDCDCCDDBDDDABBDABCABDBACBDDAACBABCABACBCDABCACBBBCCDBDBACDBBBCBCBBCBACCCAACCCBABADBABAAABBCCBB	['D10C', 'D13B', 'C14D', 'C19B', 'C32D', 'D35C', 'D36B', 'C37A', 'C46D', 'C53B', 'C54B', 'C57D', 'A63D', 'A71B', 'C73B', 'A76C', 'D77C', 'C89A', 'C90B']	19	-2.1726499	-7.2962008	-8.2534685	-0.95726776
BCCDDDCDCDDDBCDDABCAABCABDBACBDCAACACBCABACBCCABCACBCCCCCBDBADDBBBCBCBCCCACADAACCCBABADBCBAAABBCCBB	['D13B', 'D20A', 'D35C', 'D36A', 'C62D', 'A63D', 'A71C', 'C90B']	8	-2.888567	-7.937027	-8.898717	-0.96168995
BCCDDDCDCCDDBDCDABCDABCABDBACBDCAADDBBCABACBBCABCACBCCCCCBDBCDDBBACBCBCCBACACAACCCBBBADBCBAABBBCCBB	['D10C', 'D13B', 'C14D', 'D15C', 'C37B', 'C45B', 'A61C', 'C62D', 'A63D', 'B66A', 'A71C', 'C73B', 'D77C', 'A84B', 'C90B', 'A93B']	16	-2.8914456	-6.8626437	-7.827222	-0.96457815
BCCDDDCDCCDDDCDDABCDABAABDBACBDCAADDCBCABACBCCABCACBCCCCCBDBCDDBBBCBCBBCBACADAACCCBABADBCBAABBBCCBB	['D10C', 'C23A', 'A61C', 'C62D', 'A63D', 'A71B', 'C73B', 'C90B', 'A93B']	9	-2.8928351	-9.378189	-10.34415	-0.9659605
BCCDDDCDCDDDDCDDABCDABCABDBACBDCAADDCBCABABBCDABCACBCDCCCBDBADDBBBCBCBCCCACADAACCBBABADBCBAABBBCCBB	['C43B', 'C46D', 'C54D', 'C62D', 'A63D', 'A71C', 'C82B', 'C90B', 'A93B']	9	-0.97077227	-7.288092	-8.2588625	-0.97077036
BCCDDDCDCCDDDCDDABCDABCABDBACBDCAADDCBCABACBCCABCACBCBCCCBDBACDBBBCBCBBCBACACAACCCBBBADBCBAAABBCCBB	['D10C', 'C54B', 'A63D', 'A71B', 'C73B', 'D77C', 'A84B', 'C90B']	8	-2.187099	-6.5969424	-7.568659	-0.9717164
BCCDDDCDCDDDDCDDABCDABCABDBACBDCAACACBCABACBCCABCACBCDCCCBDBADDBBBCBCBADCACADAACCBBABADBCCAABBBCCBB	['D35C', 'D36A', 'C54D', 'C62D', 'A63D', 'C72D', 'C82B', 'A93B']	8	-0.97318697	-7.5156693	-8.488853	-0.9731841
BCCDDDCDCDDDDCDDABCDABCABDBACBDCAACACBCABACBCCABCACBCDCCCBDBADDBBBCBCBADCACADAACCBBABADBCCAABBBCCBB	['D35C', 'D36A', 'C54D', 'C62D', 'A63D', 'C72D', 'C82B', 'A93B']	8	-0.97318697	-7.5156693	-8.488853	-0.9731841
BCCDDDCDCDDDDCDDABCDABCABDBACBDCAACACBCABACBCCABCACBCDCCCBDBADDBBBCBCBADCACADAACCBBABADBCCAABBBCCBB	['D35C', 'D36A', 'C54D', 'C62D', 'A63D', 'C72D', 'C82B', 'A93B']	8	-0.97318697	-7.5156693	-8.488853	-0.9731841
BCCDDDCDCDDDDCDDABCAABCABDBACBDCAACACBCABACBCCABCACBCCCCCBDBACACBBCBCBBDCACADAACCCBABADBCBAABBBCCBB	['D20A', 'D35C', 'D36A', 'B64C', 'A71B', 'C72D', 'C90B', 'A93B']	8	-2.9009466	-7.4049754	-8.379049	-0.9740739
BCCDDDCDCADDBCDDABCDABCABDBACBDCAADDCBCABACBCDABCACBCCCCCBDBACDBBBCBCBADCACACAACCCBACADBCBADABCCCBB	['D10A', 'D13B', 'C46D', 'A63D', 'C72D', 'D77C', 'B85C', 'C90B', 'A92D', 'B95C']	10	-2.901733	-5.158426	-6.133292	-0.9748664
BCCDDDCDCBDDDCDDABCDABCABDBACBDCAACDCBCABACBCCABCACBCCCCDBDBACDBBBCBCCACCACADAACCCBABADBCCAAABBCCBB	['D10B', 'D35C', 'C57D', 'A63D', 'B70C']	5	-2.9020925	-7.8334785	-8.808696	-0.97521734
BCCDDDCDCBDDDCDDABCDABCABDBACBDCAACDCBCABACBCCABCACBCCCCDBDBACDBBBCBCCACCACADAACCCBABADBCCAAABBCCBB	['D10B', 'D35C', 'C57D', 'A63D', 'B70C']	5	-2.9020925	-7.8334785	-8.808696	-0.97521734
BCCDDDCDCDDDDCDDABCDABCABDBACBDCAADDCBCABACBCCABCACBCCCCCBDBADDBBBCBCBBCCACADAACCCBABADBCBAAABBCCBB	['C62D', 'A63D', 'A71B', 'C90B']	4	-2.903018	-8.942541	-9.918685	-0.97614384
BCCDDDCDCADDDCDDABCDABCABDBACBDCAADDCBCABACBCCABCACBCCCCCBDBADABBBCBCBBCBACADAACCCBABADBCBAAABBCCBB	['D10A', 'C62D', 'A71B', 'C73B', 'C90B']	5	-2.9033222	-8.297538	-9.273985	-0.9764471
BCCDDDCDCADDDDDDABCDABCABDBACDDCAACCCBCABACBCCABCACBCCCCCBDBACDBBBCBCBBCCACADAACCCBABADCCCAAABBCCBB	['D10A', 'C14D', 'B30D', 'D35C', 'D36C', 'A63D', 'A71B', 'B88C']	8	-2.903789	-7.5301247	-8.507042	-0.97691727
BCCDDDCDCCDDDCDDABCDABCABDBACBDCAADDCBCACACBBCABCACBCCCCCBDBACDBBBCBDBBCBACACAACCCBBBADBCBAABBBCCBB	['D10C', 'B41C', 'C45B', 'A63D', 'C69D', 'A71B', 'C73B', 'D77C', 'A84B', 'C90B', 'A93B']	11	-2.904451	-7.9672194	-8.9448	-0.977581
AAADDDCDCDDCDDDDABCDABCABDBACBDCAACACBCACACBCCABCACBCCCCCBDBACACBBCBCBACCACADAACCCBABADBCCAAABBCCBB	['B1A', 'C2A', 'C3A', 'D12C', 'C14D', 'D35C', 'D36A', 'B41C', 'B64C']	9	-2.9047842	-7.838621	-8.816532	-0.977911
AAADDDCDCDDDDDDDABADABCABDBACBDCAACDBBCABACBCCABCACBCCCCCBDCACDBBBCBCBACCACADAACCCBABADBCCAAABBCCBB	['B1A', 'C2A', 'C3A', 'C14D', 'C19A', 'D35C', 'C37B', 'B60C', 'A63D']	9	-2.90622	-7.07141	-8.050757	-0.9793472
BCCDDDCDCDDDDCDDABCAABCABDBACBDCAADDCBCABACBCDABCACBCCCCCCDBACDCBBCBCBBCBACACAACCCBABADBCCAABBBCCBB	['D20A', 'C46D', 'B58C', 'A63D', 'B64C', 'A71B', 'C73B', 'D77C', 'A93B']	9	-2.9064965	-7.8983774	-8.878004	-0.97962666
BCCDDDCDCCDDDCDDABCDABCABDBACBDDAACACBCABACBCDABCACBCCCCCBDBACDCBBCBCBBCBACADAACCCBBBADBCBAAABBCCBB	['D10C', 'C32D', 'D35C', 'D36A', 'C46D', 'A63D', 'B64C', 'A71B', 'C73B', 'A84B', 'C90B']	11	-2.909751	-6.8083224	-7.791198	-0.98287535
BCCDDDCDCCDDDCDDABCDABCABDBACBDDAACACBCABACBCDABCACBCCCCCBDBACDCBBCBCBBCBACADAACCCBBBADBCBAAABBCCBB	['D10C', 'C32D', 'D35C', 'D36A', 'C46D', 'A63D', 'B64C', 'A71B', 'C73B', 'A84B', 'C90B']	11	-2.909751	-6.8083224	-7.791198	-0.98287535
AAADDDCDCBDDBCDCABCAABCABDBACBDCAADDCBCABACBCDABCACBCDCCCBDBADACBBCBCBACACCADAACCCBBBADBCBCAABBCCBB	['B1A', 'C2A', 'C3A', 'D10B', 'D13B', 'D16C', 'D20A', 'C46D', 'C54D', 'C62D', 'B64C', 'C73A', 'A74C', 'A84B', 'C90B', 'A91C']	16	0.9434681	-0.9381285	-1.9215374	-0.9834089
BCCDDDCDCCDDDCCDABBCABCABDBACBDDAACACBCABADBCCBBCACBCBCCCBDBADDBBBCBCBCDCACADAACCDBABADBCBACBBBCCBB	['D10C', 'D15C', 'C19B', 'D20C', 'C32D', 'D35C', 'D36A', 'C43D', 'A47B', 'C54B', 'C62D', 'A63D', 'A71C', 'C72D', 'C82D', 'C90B', 'A92C', 'A93B']	18	-2.1998487	-8.333342	-9.317804	-0.98446274
BCCDDDCDCDDDDCDDABCDABCABDBACBDCAADDCBCABACBCCABCACBCDCCCBDBACDBBBCBCBBDCACACAACCABABADBCBAAABBCCBB	['C54D', 'A63D', 'A71B', 'C72D', 'D77C', 'C82A', 'C90B']	7	-0.9853625	-6.2808166	-7.266184	-0.9853673
BCCDDDCDCCDDDCDDABCDABCABDBACBDCAADDCBCABACBCDABCACBCCCCCBDBACABBBCBCBACCACCDAACCCBBBADBCCAAABBCCBB	['D10C', 'C46D', 'A76C', 'A84B']	4	-2.9142337	-6.3676395	-7.3550043	-0.98736477
BCCDDDCDCDDDBCDDABCCABCABDBACBDCAADABBCABACBCCABCACBCCCCCBDBACDCBBCBCBACCACADAACCCBABADBCBAAABBCCBB	['D13B', 'D20C', 'D36A', 'C37B', 'A63D', 'B64C', 'C90B']	7	-2.915289	-6.477842	-7.466258	-0.9884162
BCCDDDCDCDDDDCDDABCDABCABDBACBDCAADDCBCABACBCCABCACBCCCCDBDBACDBBBCBCBBCBACADAACCCBBBADBCBAAABBCCBB	['C57D', 'A63D', 'A71B', 'C73B', 'A84B', 'C90B']	6	-2.9160213	-8.857968	-9.8471155	-0.9891472
BCCDDDCDCADDBDCDABCAABCABDBACBDCAADDBBCABACBCBABCACBCCCCCBDBADDCBBCBCBACCCDADAACCCBABADBCBAABBBCCBB	['D10A', 'D13B', 'C14D', 'D15C', 'D20A', 'C37B', 'C46B', 'C62D', 'A63D', 'B64C', 'A74C', 'C75D', 'C90B', 'A93B']	14	-2.9178004	-5.4444017	-6.435336	-0.9909344
BCCDDDCDCDDDBCDDABCAABCABDBACBDCAACACBCABACBCCABCACBCCCCCBDBACDBBBCBCBBCCACADAACCCBABADBCCAABBBCCBB	['D13B', 'D20A', 'D35C', 'D36A', 'A63D', 'A71B', 'A93B']	7	-2.9200268	-7.356718	-8.34987	-0.99315166
BCCDDDCDCDDCDCDDABCDABCABDBACBDCAADDCBCABACBCCABCACBCCCCDBDBACDBBBBBCBBCCACACAACCCBABADBCCAABBBCCBB	['D12C', 'C57D', 'A63D', 'C67B', 'A71B', 'D77C', 'A93B']	7	-2.9207692	-8.657256	-9.651151	-0.9938946
BCCDDDCDCBDDBDDDABCDABCABDBACDDCCACACBCACACBCCABCACBCCCCCBDBACACBBCBCBACCACADAACCCBABADCCCAAABBCCBB	['D10B', 'D13B', 'C14D', 'B30D', 'A33C', 'D35C', 'D36A', 'B41C', 'B64C', 'B88C']	10	-2.9224272	-6.493539	-7.4891014	-0.99556255
BCCDDDCDCDDDBCCDABCDABCABDBACDDCBADDCBCABACBCCABCACBCCCCCBDBACDBBBCBCBCCCACADAACCCBBBADCCBAAABBCCBB	['D13B', 'D15C', 'B30D', 'A33B', 'A63D', 'A71C', 'A84B', 'B88C', 'C90B']	9	-2.9236164	-6.4779086	-7.4746523	-0.9967437
BCCDDDCDCDDDDCCDABCDABCABDBACBDCAADDCBCABACBCBABCACBCDCCCBDBACDBBBCBCAACCACADAACCBBABADBCCAAABBCCBB	['D15C', 'C46B', 'C54D', 'A63D', 'B70A', 'C82B']	6	-0.9982352	-7.650173	-8.64841	-0.99823666
BCCDDDCDCDDDDDCDABCDABCABDBACBDCAACDCBCACACBCDABCACBCDCCCBDBACDBBBCBCBACCACADAACCBBABADBCCAAABBCCBB	['C14D', 'D15C', 'D35C', 'B41C', 'C46D', 'C54D', 'A63D', 'C82B']	8	-1.0036559	-7.4217215	-8.425379	-1.0036573
BCCDDDCDCDDDDCDDAACDABCABDBACBDCAADACBCABACBCCABCACBCCCCCCDBACCBBBCBCBCCCACADAACCCBABADBCCAAABBCCBB	['B18A', 'D36A', 'B58C', 'A63C', 'A71C']	5	-2.9306064	-7.397067	-8.400799	-1.0037317
BCCDDDCDCCDDBCDDABCDABCABDBACBDCAADDCBCABACBCCABCACBCCCCCBDBACDCBBCBCBCCCACADAACCCBABADBCCAAABBCCBB	['D10C', 'D13B', 'A63D', 'B64C', 'A71C']	5	-2.9330993	-5.7780476	-6.784278	-1.0062304
BCCDDDCDCCDDBCDDABCDABCABDBACBDCAADDCBCABACBCCABCACBCCCCCBDBACDCBBCBCBCCCACADAACCCBABADBCCAAABBCCBB	['D10C', 'D13B', 'A63D', 'B64C', 'A71C']	5	-2.9330993	-5.7780476	-6.784278	-1.0062304
BCCDDDCDCADDDCDDABCDABCABDBACBDCAADDCBCABACBCCABCACBCCCCCBDBACDCBBCBCBACCACADAACCCBBBADBCBAAABBCCBB	['D10A', 'A63D', 'B64C', 'A84B', 'C90B']	5	-2.9343686	-5.3723865	-6.3798857	-1.0074992
BCCDDDCDCCDDDCDDABCDABCABDBACBDCAADDCBCABACBCCABCACBCCCCCBDBACDBBBCBCBACAACACAACCCBABADBCBAAABBCCBB	['D10C', 'A63D', 'C73A', 'D77C', 'C90B']	5	-2.9367294	-7.8010583	-8.810915	-1.0098567
BCCDDDCDCCDDDCDDABCDABCABDBACBDCAADDCBCABACBCCABCACBCCCCDBDBADDDBCCBCBACCACADAACCCBABADBCCAAABBCCBB	['D10C', 'C57D', 'C62D', 'A63D', 'B64D', 'B66C']	6	-2.939096	-8.110357	-9.122575	-1.0122175
BCCDDDCDCDDDDCCDADCAABCABDBACBDCAACACBAABACBCCABCACBCCCCCBDBADDBBBCBCBBBBACADAACCCBABADBCBAAABBCCBB	['D15C', 'B18D', 'D20A', 'D35C', 'D36A', 'C39A', 'C62D', 'A63D', 'A71B', 'C72B', 'C73B', 'C90B']	12	-2.9394264	-11.008482	-12.021025	-1.0125427
BCCDDDCDCADDBCCDABCBABCABDBACBDCAACACBCABACBCBABCACBCCCCCBDBADDBBBCBCBCCCACADAACCCBABADDCBAABBBCCBB	['D10A', 'D13B', 'D15C', 'D20B', 'D35C', 'D36A', 'C46B', 'C62D', 'A63D', 'A71C', 'B88D', 'C90B', 'A93B']	13	-2.939968	-8.045449	-9.058539	-1.0130901
BCCDDDCDCCDDDCDDABCDABCABDBACBDCAADDCBCABACBCDABCACBCDCCCBDBADABBBCBCBACCACACAACCBBABADBCCAABBBCCBB	['D10C', 'C46D', 'C54D', 'C62D', 'D77C', 'C82B', 'A93B']	7	-1.0144534	-6.2126346	-7.22709	-1.0144553
BCCDDDCDCDDDDCDDABCAABCABDBACBDCAADABBCABACBCDABCACBCCCCCBDBACACBBCBCBBCBACADAACCCBABADBCBAABBBCCBB	['D20A', 'D36A', 'C37B', 'C46D', 'B64C', 'A71B', 'C73B', 'C90B', 'A93B']	9	-2.9414577	-7.6967483	-8.711336	-1.0145879
BCCDDDCDCCDDDCCDABCCABCABDBACBDCAADACBCABACBCDABCACBCDCCCBDBADDBBBCBCBACCACCDAACCCBBBADBCCAAABBCCBB	['D10C', 'D15C', 'D20C', 'D36A', 'C46D', 'C54D', 'C62D', 'A63D', 'A76C', 'A84B']	10	-1.0157328	-5.3223047	-6.3380394	-1.0157347
BCCDDDCDCADDBCDDABCDABCABDBACBDCAADDCBCABACBCDABCACBDCCCCCDBACDBBBCBCBACBACACAACCCBABADBCBAAABBCCBB	['D10A', 'D13B', 'C46D', 'C53D', 'B58C', 'A63D', 'C73B', 'D77C', 'C90B']	9	-2.9446492	-7.002653	-8.020432	-1.0177794
AAADDDCDCADBDCDDABCDABCABDBACBDCAADABBCACACBCCABCACBCCCCCBDBACDCBBCBCCACCACADAACCCBABADBCCAAABBCCBB	['B1A', 'C2A', 'C3A', 'D10A', 'D12B', 'D36A', 'C37B', 'B41C', 'A63D', 'B64C', 'B70C']	11	-2.9493103	-5.3001604	-6.322605	-1.0224447
BCCDDDCDCCDDDCDDABCDABCABDBACBDCAADDCBCABACBCDABCACBCCCCCBDBACDCBBCBCBCCCACACAACCCBABADBCCAABBBCCBB	['D10C', 'C46D', 'A63D', 'B64C', 'A71C', 'D77C', 'A93B']	7	-2.9499612	-6.8979864	-7.921077	-1.0230904
BCCDDDCDCBDDDCDDABCDABCABDBACBDCAADDCBCABACBCDABCACBCCCCDBDBACACBBCBCBACCACADAACCCBABADBCCAAABBCCBB	['D10B', 'C46D', 'C57D', 'B64C']	4	-2.9504128	-6.978251	-8.001796	-1.0235448
BCCDDDCDCCDDDCDDABCDABCABDBACBDCAACACBCABACBCCABCACBCCCCCBDBADDBBBCBCBACCACACAACCCBABADBCCAABBBCCBB	['D10C', 'D35C', 'D36A', 'C62D', 'A63D', 'D77C', 'A93B']	7	-2.9531517	-8.901217	-9.927494	-1.0262766
BCCDDDCDCDDDBCDDABCAABCABDBACBDCAADDCBCABACBCCABCACBCCCCCCDBACDBBBCBCBBCBACACAACCCBABADBCBAAABBCCBB	['D13B', 'D20A', 'B58C', 'A63D', 'A71B', 'C73B', 'D77C', 'C90B']	8	-2.9594183	-7.784463	-8.817011	-1.032548
BCCDDDCDCDDDDCDDABCDABCABDBACBDCCADDABBACACBCCABCACBCCCCCBDBACDBBBCBCBBCCACADAACCCBABADBCCAABBBCCBB	['A33C', 'C37A', 'C39B', 'B41C', 'A63D', 'A71B', 'A93B']	7	-2.9613705	-8.428126	-9.462623	-1.0344963
BCCDDDCDCDDDDCDDABCDABCABDBACBDCCADDABBACACBCCABCACBCCCCCBDBACDBBBCBCBBCCACADAACCCBABADBCCAABBBCCBB	['A33C', 'C37A', 'C39B', 'B41C', 'A63D', 'A71B', 'A93B']	7	-2.9613705	-8.428126	-9.462623	-1.0344963
BCCDDDCDCDDDDCDDABCDABCABDBACBDDAADDBBCABADBCDBBCACBCCCCCBDBACACBBCBCBACCACADAACCBBABADBCCAAABBCCBB	['C32D', 'C37B', 'C43D', 'C46D', 'A47B', 'B64C', 'C82B']	7	-2.961557	-7.3104544	-8.345142	-1.034688
BCCDDDCDCADDDCDDABCDABCABDBACBDCAACACBCACACBCCABCACBCCCCCBDBACDBBBCBCBACCACADAACCCBABADBCCAAABBCCBB	['D10A', 'D35C', 'D36A', 'B41C', 'A63D']	5	-2.9626193	-7.740072	-8.775817	-1.0357451
BCCDDDCDCBDDDCDDABCDABCABDBACDDCAACABBCABACBBCABCACBCBCCCBDBACDBBBCBBBBCCACADAACCCBABADCCBAABBBCCBB	['D10B', 'B30D', 'D35C', 'D36A', 'C37B', 'C45B', 'C54B', 'A63D', 'C69B', 'A71B', 'B88C', 'C90B', 'A93B']	13	-2.2533422	-5.203527	-6.2414846	-1.0379577
BCCDDDCDCCDDDCDDABCDABCABDBACBDCAADDCBCABACBCCABCACBCCCCCBDBACDBBBDBABCCCACACAACCCBABADBCCAAABBCCBB	['D10C', 'A63D', 'C67D', 'C69A', 'A71C', 'D77C']	6	-2.967142	-7.2409887	-8.281259	-1.0402699
BCCDDDCDCCDDDCDDABCCABAABDBACBDCAACAABCABACBCCABCACBCDCCCBDCADDBBBCBCBCCCACACAACCCBBBADBCBAABBBCCBB	['D10C', 'D20C', 'C23A', 'D35C', 'D36A', 'C37A', 'C54D', 'B60C', 'C62D', 'A63D', 'A71C', 'D77C', 'A84B', 'C90B', 'A93B']	15	-1.0416951	-4.3072987	-5.348996	-1.0416975
BCCDDDCDCCDDDCDDABCDABCABDBACBDCAACCDBCACACBCCABCACBCCCCCBDBADDBBBCBCBACCACACAACCCBABADBCBAABBBCCBB	['D10C', 'D35C', 'D36C', 'C37D', 'B41C', 'C62D', 'A63D', 'D77C', 'C90B', 'A93B']	10	-2.9700108	-9.830177	-10.873311	-1.0431337
BCCDDDCDCADDBCDDABCAABCABDBACBDCDADAABCABACBCDBBCACBCCCCDBDBACDCBBCBCBACCACADAACCCBBBADBCCAAABBCCBB	['D10A', 'D13B', 'D20A', 'A33D', 'D36A', 'C37A', 'C46D', 'A47B', 'C57D', 'A63D', 'B64C', 'A84B']	12	-2.9719973	-3.8396974	-4.8848314	-1.0451341
BCCDDDCDCCDDDCDDABCDABCABDBACBDCBADDCBCABACBCDABCCCBCCCCCBDBACAABBCBCBACCACADAACCCBABADBCCAAABBCCBB	['D10C', 'A33B', 'C46D', 'A50C', 'B64A']	5	-2.9736776	-5.159046	-6.2058573	-1.0468111
BCCDDDCDCCDDDCDDABADABCABDBACBDCAACDCBCABACBCCABCACBCCCCCBDBACABBBCBCBCCCACADAACCCBABADBCCAAABBCCBB	['D10C', 'C19A', 'D35C', 'A71C']	4	-2.9738307	-6.8083296	-7.8552837	-1.0469542
BCCDDDCDCCDDDCDDABADABCABDBACBDCAACDCBCABACBCCABCACBCCCCCBDBACABBBCBCBCCCACADAACCCBABADBCCAAABBCCBB	['D10C', 'C19A', 'D35C', 'A71C']	4	-2.9738307	-6.8083296	-7.8552837	-1.0469542
BCCDDDCDCDDDDCDDABCAABCABDBACBDCAADACBCABABBCCABCACBCCCCDBDBACDBBBCBCBBCCACADAACCCBABADBCBAAABBCCBB	['D20A', 'D36A', 'C43B', 'C57D', 'A63D', 'A71B', 'C90B']	7	-2.9756727	-8.622003	-9.670796	-1.0487938
BCCDDDCDCADDDCDDABCDABCABDBACDDCAACCCBCABACBCCABCACBCCCCCBDBACDBBBCBCBBCCACADAACCCBABADCCCAABBBCCBB	['D10A', 'B30D', 'D35C', 'D36C', 'A63D', 'A71B', 'B88C', 'A93B']	8	-2.976275	-8.109016	-9.158416	-1.0493994
BCCDDDCDCADDDCDDABCDABCABDBACDDCAACCCBCABACBCCABCACBCCCCCBDBACDBBBCBCBBCCACADAACCCBABADCCCAABBBCCBB	['D10A', 'B30D', 'D35C', 'D36C', 'A63D', 'A71B', 'B88C', 'A93B']	8	-2.976275	-8.109016	-9.158416	-1.0493994
BCCDDDCDCADDDCDDABCDABCABDBACDDCAACCCBCABACBCCABCACBCCCCCBDBACDBBBCBCBBCCACADAACCCBABADCCCAABBBCCBB	['D10A', 'B30D', 'D35C', 'D36C', 'A63D', 'A71B', 'B88C', 'A93B']	8	-2.976275	-8.109016	-9.158416	-1.0493994
BCCBDDCDCBDDBCDDABCAABCABDBACBDDDADDCBCABACBCDBBCACBCCCCCBDBADDBBBCBDBBCCACADAACCCBABADBABAABBBCCBB	['D4B', 'D10B', 'D13B', 'D20A', 'C32D', 'A33D', 'C46D', 'A47B', 'C62D', 'A63D', 'C69D', 'A71B', 'C89A', 'C90B', 'A93B']	15	-2.9767323	-4.765956	-5.8158216	-1.0498657
BCCDDDCDCCDDBCDDABCAABCABDBACBDCAACABBCABACBCCABCACBCCCCCBDCBDDBBBBBCBAACACADAACCCBABADDCCAAABBCCBB	['D10C', 'D13B', 'D20A', 'D35C', 'D36A', 'C37B', 'B60C', 'A61B', 'C62D', 'A63D', 'C67B', 'C72A', 'B88D']	13	-2.9793868	-5.2857876	-6.3383036	-1.052516
BCCDDDCDCCDDDCDDABCDABCABDBACBDCAADACBCABACBCCABCACBCCCCCBDBADDABBCBCBACCACADAACCCBABADBCCAABBBCCBB	['D10C', 'D36A', 'C62D', 'A63D', 'B64A', 'A93B']	6	-2.9820948	-6.905563	-7.960779	-1.0552163
AAADDDCDCBDDBCDDABCDABCABDBACBDDBADDCBCABACBCDBBCACBCBCCCBDBACDBBACBBBACAACACAACCCBABADBCBAAABBCCBB	['B1A', 'C2A', 'C3A', 'D10B', 'D13B', 'C32D', 'A33B', 'C46D', 'A47B', 'C54B', 'A63D', 'B66A', 'C69B', 'C73A', 'D77C', 'C90B']	16	-2.2766786	-4.165204	-5.2265043	-1.0613003
BCCDDDCDCDDDBCDDABCAABCABDBACBDCAADACBCABACBCCABCACBCCCCCBDBADDCBBCBCBACCCCADAACCCBBBADBCBAAABBCCBB	['D13B', 'D20A', 'D36A', 'C62D', 'A63D', 'B64C', 'A74C', 'A84B', 'C90B']	9	-2.9884129	-5.792661	-6.8542004	-1.0615392
BCCDDDCDCCDDBCDDABCDABCABDBACBDCAADABBCABACBCCABCACBCCCCCBDBADCCBBCBCBACCACADAACCCBABADBCBAAABBCCBB	['D10C', 'D13B', 'D36A', 'C37B', 'C62D', 'A63C', 'B64C', 'C90B']	8	-2.9889364	-5.731476	-6.7935457	-1.0620699
BCCDDDCDCADDBCDDABBDABCABDBACBDCAADDCBCABACBCDABCACBCCCCCBDBACDBBBCBCBACAACADAACCCBABADBCBAAABBCCBB	['D10A', 'D13B', 'C19B', 'C46D', 'A63D', 'C73A', 'C90B']	7	-2.9908705	-6.018218	-7.082218	-1.0640001
BCCDDDCDCCDDDCDDABBDABCABDBACBDCAADDCBCABACBCCABCACBCCCCCBDBADDBBBCBDBCABACACAACCCBBBADBCBAABBBCCBB	['D10C', 'C19B', 'C62D', 'A63D', 'C69D', 'A71C', 'C72A', 'C73B', 'D77C', 'A84B', 'C90B', 'A93B']	12	-2.9910412	-7.635726	-8.699894	-1.064168
BCCDDDCDCDDDBCDDABBDABCABDBACBDCBADDCBCABACBBBABCACBCDCCCCDBACDBBBCBCBBCCCCACAACCCBBBADBCBAABBBCCBB	['D13B', 'C19B', 'A33B', 'C45B', 'C46B', 'C54D', 'B58C', 'A63D', 'A71B', 'A74C', 'D77C', 'A84B', 'C90B', 'A93B']	14	-1.0672221	-2.8733892	-3.9406204	-1.0672312
BCCDDDCDCDDDDCDDABCDABCABDBACDDCAADDABCABACBBCABCACBCCCCCBDBACDBBBCBCBCCCACADAACCABABADBCCAAABDCCBB	['B30D', 'C37A', 'C45B', 'A63D', 'A71C', 'C82A', 'B95D']	7	-2.994123	-7.895755	-8.963007	-1.0672522
BCCDDDCDCCDDDCDDABCDABCABDBACBDCAADDABCACACBCDABCACBCCCCCBDCACDCBBCBCBACBACACAACCCBABADBCBAABBBCCBB	['D10C', 'C37A', 'B41C', 'C46D', 'B60C', 'A63D', 'B64C', 'C73B', 'D77C', 'C90B', 'A93B']	11	-3.0027223	-8.255386	-9.33124	-1.0758533
AAADDDCDCBDDDCDDABCDABCABDBACDDCAADDCBCACACBCCABCACBCCCCCBDBADDBBBCBCBACCACACAACCCBABADCCCAABBBCCBB	['B1A', 'C2A', 'C3A', 'D10B', 'B30D', 'B41C', 'C62D', 'A63D', 'D77C', 'B88C', 'A93B']	11	-3.0097594	-8.631687	-9.714575	-1.0828876
AAADDDCDCDDADCDDABCCABCABDBACBDCAADDBBCABACBCCABCACBCCCCCBDCACDBBBCBCBACCACADAACCCBABADBCCAAABBCCBB	['B1A', 'C2A', 'C3A', 'D12A', 'D20C', 'C37B', 'B60C', 'A63D']	8	-3.0097857	-7.136375	-8.21929	-1.0829148
BCCDDDCDCADDDCCDABCDABCABDBACBDCAADACBCABACBCCABCACBCCCCDBDBACDCBBCBCBACCACADAACCCBABADBCCAAABBCCBB	['D10A', 'D15C', 'D36A', 'C57D', 'A63D', 'B64C']	6	-3.010734	-7.837838	-8.921696	-1.0838575
BCCDDDCDCCDDBCDDABCDABCABDBACBDCAADDCBCABACBCCABCACBCCCCCCDCCCDBBBABCBACCACADAACCCBABADBCCAAABBCCBB	['D10C', 'D13B', 'B58C', 'B60C', 'A61C', 'A63D', 'C67A']	7	-3.0155	-5.389244	-6.4778748	-1.0886307
BCCDDDCDCDDDDCDDABCDABCABDBACBDCAACDCBCABACBCCAACACBCCCCCBDCACDBBBCBCBCCCACACAACCCBABADBCCAAABBDCBB	['D35C', 'B48A', 'B60C', 'A63D', 'A71C', 'D77C', 'C96D']	7	-3.0172105	-8.761606	-9.851943	-1.0903368
BCCDDDCDCCDDDCCDABADABCABDBACBDCAADACBCABACBCCABCACBCCCCCBDBADDBDBCBCBACCACADAACCCBABADBCCAAABBCCBB	['D10C', 'D15C', 'C19A', 'D36A', 'C62D', 'A63D', 'B65D']	7	-3.0177178	-8.477679	-9.568524	-1.0908451
BCCDDDCDCDDDDCDDABCCABCABDBACBDCAADDCBCABACBCCABCACBCCCCCBDBADDBBBCBCBACCACADAACCDBABADBCCAABBBCCBB	['D20C', 'C62D', 'A63D', 'C82D', 'A93B']	5	-3.019905	-9.212826	-10.305856	-1.09303
BCCDDDCDCDDDDCDDABCCABCABDBACBDCAADDCBCABACBCCABCACBCCCCCBDBADDBBBCBCBACCACADAACCDBABADBCCAABBBCCBB	['D20C', 'C62D', 'A63D', 'C82D', 'A93B']	5	-3.019905	-9.212826	-10.305856	-1.09303
BCCDDDCDCCDDDCDDABCDABCABDBACBDCAADDCBCABACBCDABCACBCCCCCBDBACCBBBCBCBBCCACACAACCCBABADBCCAAABBCCBB	['D10C', 'C46D', 'A63C', 'A71B', 'D77C']	5	-3.0203629	-6.4709234	-7.564419	-1.0934954
BCCDDDCDCADDBCCDABCDABCABDBACBDCAADACBCACACBCCABCACBCCCCCBDBADDBBBCBCBACCACADAACCCBABADBCCAAABBCCBB	['D10A', 'D13B', 'D15C', 'D36A', 'B41C', 'C62D', 'A63D']	7	-3.0213904	-7.8331	-8.927615	-1.0945153
BCCDDDCDCCDDDCDDABCDABCABDBACBDCAADDABCACACBCDABCACBCCCCCBDBACACBBCBCBACDACACAACCCBABADBCBAABBBCCBB	['D10C', 'C37A', 'B41C', 'C46D', 'B64C', 'C73D', 'D77C', 'C90B', 'A93B']	9	-3.0218825	-8.4857	-9.580714	-1.0950146
BCCDDDCDCCDDDCDDABBDABCABDBACBDCAADDCBCACACBCCABCACBCCCCCBDBADACBBCBCBACCACCDAACCCBABADBCCAABBBCCBB	['D10C', 'C19B', 'B41C', 'C62D', 'B64C', 'A76C', 'A93B']	7	-3.02239	-8.21594	-9.311456	-1.0955153
BCCDDDCDCDDDDCCDABCDABCABDBACBDCAACDBBCABACBCBABCACBCCCCCBDBADDBBBCBCBACCACCDAACCCBABADBCCAAABBCCBB	['D15C', 'D35C', 'C37B', 'C46B', 'C62D', 'A63D', 'A76C']	7	-3.0240011	-10.033879	-11.131006	-1.097127
BCCDDDCDCDDDDCDDABCAABCABDBACBDCAACACBCABACBCCABCACBCCCCCBDBADDCBBCBCBACCCCADAACCCBABADBCBAAABBCCBB	['D20A', 'D35C', 'D36A', 'C62D', 'A63D', 'B64C', 'A74C', 'C90B']	8	-3.0242586	-8.181631	-9.279013	-1.0973816
BCCDDDCDCCDDBCDDABCDABCABDBACBDCAACACBCABACBCCABCACBCCCCCBDBACDDBBCBCBACCACADAACCCBBBADBCBAAABBCCBB	['D10C', 'D13B', 'D35C', 'D36A', 'A63D', 'B64D', 'A84B', 'C90B']	8	-3.0246215	-5.5169334	-6.6146812	-1.0977478
BCCDDDCDCCDDBCDDABCDABCABDBACBDCAACACBCABACBCCABCACBCCCCCBDBACDDBBCBCBACCACADAACCCBBBADBCBAAABBCCBB	['D10C', 'D13B', 'D35C', 'D36A', 'A63D', 'B64D', 'A84B', 'C90B']	8	-3.0246215	-5.5169334	-6.6146812	-1.0977478
BCCDDDCDCCDDDCDDABCDABCABDBACBDCAADDCBCABACBCDABCACBCCCCCBDBACABBBCBCBACDACACAACCCBABADBCBAAABBCCBB	['D10C', 'C46D', 'C73D', 'D77C', 'C90B']	5	-3.0253377	-8.926231	-10.0247	-1.0984688
BCCDDDCDCDDDDCDDABCDABCABDBACBDCAADACBCABACBCCABCACBCCCCDBDBADCBBBCBCBBCCACADAACCCBABADBCBAABBBCCBB	['D36A', 'C57D', 'C62D', 'A63C', 'A71B', 'C90B', 'A93B']	7	-3.0260468	-9.269805	-10.368972	-1.0991669
BCCDDDCDCDDDDCDDABCDABCABDBACBDCAADACBCABACBCCABCACBCCCCDBDBADCBBBCBCBBCCACADAACCCBABADBCBAABBBCCBB	['D36A', 'C57D', 'C62D', 'A63C', 'A71B', 'C90B', 'A93B']	7	-3.0260468	-9.269805	-10.368972	-1.0991669
BCCDDDCDCCDDDCDDABCAABCABDBACBDCAADDCBCABACBCDABCACBCCCCCBDBACACBBCBCBAAACCACAACCCBABADBCBAABBBCCBB	['D10C', 'D20A', 'C46D', 'B64C', 'C72A', 'C73A', 'A74C', 'D77C', 'C90B', 'A93B']	10	-3.0310144	-5.6304064	-6.7345543	-1.1041479
BCCDDDCDCCDDBCCDABCDABCABDBACBDDBADDCBCACACBBCBBCACBCBCCDBDBACDBBBCBCBBCACCADAACCCBBBADBCBAABBBCCBB	['D10C', 'D13B', 'D15C', 'C32D', 'A33B', 'B41C', 'C45B', 'A47B', 'C54B', 'C57D', 'A63D', 'A71B', 'C73A', 'A74C', 'A84B', 'C90B', 'A93B']	17	-2.3238325	-5.203315	-6.311763	-1.108448
BCCDDDCDCADDBDCDABBAABCABDBACBDCAADDCBCABACBCDABCACBCCCCCBABACACBACBABACCACADAACCCBBBADBCCBCABBCCBB	['D10A', 'D13B', 'C14D', 'D15C', 'C19B', 'D20A', 'C46D', 'D59A', 'B64C', 'B66A', 'C69A', 'A84B', 'A91B', 'A92C']	14	-2.2190585	-3.5104575	-4.6204376	-1.1099801
BCCDDDCDCADDDCDDABCDABCABDBACBDCAADDCBCACACBCCABCACBCCCCCBDCADDBBBCBCBACCACADAACCCBABADBCCAABBBCCBB	['D10A', 'B41C', 'B60C', 'C62D', 'A63D', 'A93B']	6	-3.039651	-7.8158884	-8.928665	-1.1127768
BCCDDDCDCDDCDDDDABCDABCABDBACBDCAACACBCABACBCCABCACBCCCCCBDBACDBBBCBCBACCACADAACCCBABADBCBAAABBCCBB	['D12C', 'C14D', 'D35C', 'D36A', 'A63D', 'C90B']	6	-3.040985	-8.536568	-9.650674	-1.1141062
BCCDDDCDCDDDDCDDABCDABCABDBACBDCAACACBCABACBCCABCACBCCCCDBDBADDBBBCBCBBDCACACAACCCBABADBCCAABBBCCBB	['D35C', 'D36A', 'C57D', 'C62D', 'A63D', 'A71B', 'C72D', 'D77C', 'A93B']	9	-3.0434537	-10.01006	-11.12664	-1.11658
BCCDDDCDCCDDDCDDABCDABCABDBACBDCAADDCBCABACBCCABCACBCDCCCBDBACDBBBCBCBBCDACADAACCCBBBADBCBAABBBCCBB	['D10C', 'C54D', 'A63D', 'A71B', 'C73D', 'A84B', 'C90B', 'A93B']	8	-1.1170797	-5.4738145	-6.5908966	-1.1170821
BCCDDDCDCCDDBCDDABCDABCABDBACBDDBADBCBCABACBCDABCACBCCCCCBDBADACBBCBCBACCACADAACCCABBADBCBAAABBCCBB	['D10C', 'D13B', 'C32D', 'A33B', 'D36B', 'C46D', 'C62D', 'B64C', 'B83A', 'A84B', 'C90B']	11	-3.045936	-4.721681	-5.8407507	-1.1190696
AAADDDCDCDDDDCDDABCDABCABDBACBDCAACDBBCABACBCCABCACBCCCCCBDBACDBBBCBCBBCCDCACAACCCBABADBCCAABBBCCBB	['B1A', 'C2A', 'C3A', 'D35C', 'C37B', 'A63D', 'A71B', 'A74D', 'D77C', 'A93B']	10	-3.048078	-7.388473	-8.509681	-1.1212077
BCCDDDCDCDDDDCCDABCDABCABDBACDDCBADBCBCABACBCCABCACBCCCCCBDBACDBBBCBCBACCCCADAACCCBABADCCBAABBBCCBB	['D15C', 'B30D', 'A33B', 'D36B', 'A63D', 'A74C', 'B88C', 'C90B', 'A93B']	9	-3.051691	-9.125482	-10.250296	-1.124814
BCCDDDCDCCDDDCDDABCDABCABDBACBDCAADDABCACACBCCABCACBCCCCCBDCACDBBBCBCBACCACADAACCCBABADBCCAABBBCCBB	['D10C', 'C37A', 'B41C', 'B60C', 'A63D', 'A93B']	6	-3.0519137	-7.207423	-8.332466	-1.1250429
AAADDDCDCDDDBDDDABCAABCABDBACBDCAADACBCACACBCCABCACBCCCCCBDCADACBBCBCBACCACADAACCCBABADBCCAABBBCCBB	['B1A', 'C2A', 'C3A', 'D13B', 'C14D', 'D20A', 'D36A', 'B41C', 'B60C', 'C62D', 'B64C', 'A93B']	12	-3.0533104	-6.9370623	-8.063504	-1.126442
BCCDDDCDCDDDDCDDABCDABCABDBACBDCAACDCBCACACBCCABCACBCCCCCBDBACDBBBCBABCCCACADAACCCBABADBCCAABBCCCBB	['D35C', 'B41C', 'A63D', 'C69A', 'A71C', 'A93B', 'B95C']	7	-3.055241	-8.3681135	-9.496481	-1.1283674
BCCDDDCDCBDDDCDDABCDABCABDBACDDCAACACBCABACBCCABCACBCCCCDBDBADDBBBCBBBACCACADAACCCBABADCCCAAABBCCBB	['D10B', 'B30D', 'D35C', 'D36A', 'C57D', 'C62D', 'A63D', 'C69B', 'B88C']	9	-3.0554	-7.9282875	-9.05681	-1.1285229
BCCDDDCDCDDCDDDDABCDABCABDBACBDCAADDCBCABACBCCABCACBCCCCCBDCADDBBBCCCBBCCACADAACCCBABADBCCAABBBCCBB	['D12C', 'C14D', 'B60C', 'C62D', 'A63D', 'B68C', 'A71B', 'A93B']	8	-3.055821	-8.113563	-9.242508	-1.1289454
BCCDDDCDCDDDDCDDABCDABCABDBACBDDAADDCBCABACBCDABCACBCCCCCBDBACBABBCBCBBDCACADAACCBBABADBCCACABBCCBB	['C32D', 'C46D', 'A63B', 'B64A', 'A71B', 'C72D', 'C82B', 'A92C']	8	-3.0561285	-6.20219	-7.3314476	-1.1292577
BCCDDDCDCDDDBCDDABCDABCABDBACBDCAADDCBCABACBCDABCACBCCCCDBDBADDBBBCBCBBCCBCACAACCCBABADBCBAABBBCCBB	['D13B', 'C46D', 'C57D', 'C62D', 'A63D', 'A71B', 'A74B', 'D77C', 'C90B', 'A93B']	10	-3.0581694	-9.0429535	-10.174249	-1.1312952
BCCDDDCDCDDDBCDDABCCABCABDBACBDCAADABBCABACBCCABCACBCCCCCBDBADDCBBCBCBACCACADAACCCBABADBCCAAABBCCBB	['D13B', 'D20C', 'D36A', 'C37B', 'C62D', 'A63D', 'B64C']	7	-3.060783	-6.777425	-7.911335	-1.1339102
BCCDDDCDCCDDDCDDABCDABCABDBACBDCAADDCBCABACBCCABCACBCCCCDBDBACDBBBCBCBACCACADAACCCBABADBCBAAABBCCBB	['D10C', 'C57D', 'A63D', 'C90B']	4	-3.0608978	-8.304368	-9.4383955	-1.1340275
BCCDDDCDCDDDDCDDABCDABCABDBACBDCAACABBCABACBCCABCACBCCCCCBDCADDBBBCBCBACCACACAACCCBABADBCBAAABBCCBB	['D35C', 'D36A', 'C37B', 'B60C', 'C62D', 'A63D', 'D77C', 'C90B']	8	-3.0688252	-9.158844	-10.300794	-1.1419497
BCCDDDCDCDDDDCCDABCAABCABDBACBDCAADACBCABACBCCABCACBCCCCCBDBADDBBBCBCBCABACADAACCCBABADBCBAABBBCCBB	['D15C', 'D20A', 'D36A', 'C62D', 'A63D', 'A71C', 'C72A', 'C73B', 'C90B', 'A93B']	10	-3.0697122	-9.780284	-10.923116	-1.1428318
BCCDDDCDCADDDCDCABCDABCABDBACBDCAADDCBCABACBCCABCACBCCCCCBDBACDABBCBCBBCCACACAACCCBABADBCCAABBBCCBB	['D10A', 'D16C', 'A63D', 'B64A', 'A71B', 'D77C', 'A93B']	7	-3.0712352	-4.8528824	-5.9972506	-1.1443682
BCCDDDCDCDDDDCDDABCDABCABDBACBDCBADDCBCABACBCDABCACBCCCCCBDBACDBBBCBCBACCACADAACCCBABADBCCAAABBCCBB	['A33B', 'C46D', 'A63D']	3	-3.0713792	-7.613863	-8.758369	-1.1445065
BCCDDDCDCDDDDCDDABCDABCABDBACBDCAADDCBCACACBCCABCACBCCCCCBDBACDBBBCBACBACACADAACCCBABADBCBAABBBCCBB	['B41C', 'A63D', 'C69A', 'B70C', 'A71B', 'C72A', 'C90B', 'A93B']	8	-3.0722394	-8.075247	-9.220612	-1.1453648
BCCDDDCDCDDDDCCCABCCABCABDBACBDCAACAABAACACBCCABCACBCCCCCBDBADDBBBCBCBACCACADAACCCBABADBCCAABBBCCBB	['D15C', 'D16C', 'D20C', 'D35C', 'D36A', 'C37A', 'C39A', 'B41C', 'C62D', 'A63D', 'A93B']	11	-3.0722985	-9.32583	-10.4712515	-1.145421
BCCDDDCDCDDDDCDDABCDABCABDBACBDCAACDBBCABACBCCABCACBCCCCCBDBADDCBBCBCBCCCACADAACCCBABADBCBAAABBCCBB	['D35C', 'C37B', 'C62D', 'A63D', 'B64C', 'A71C', 'C90B']	7	-3.0731258	-8.117126	-9.263374	-1.1462479
AAADDDCDCCDDDCDDABCDABCABDBACDDCAACACBCABACBCCABCACBCCCCCBDBACDCBBCBCBACCACADAACCCBABADBCCAABBBCCBB	['B1A', 'C2A', 'C3A', 'D10C', 'B30D', 'D35C', 'D36A', 'A63D', 'B64C', 'A93B']	10	-3.0731502	-7.992325	-9.138601	-1.1462765
BCCDDDCDCDDDDCDDABCDABCABDBACBDCBADDCBCABACBCCABCACBCBCCDBDBADDBBBCBCBACDACACAACCCBBBADBCCAABBBCCBB	['A33B', 'C54B', 'C57D', 'C62D', 'A63D', 'C73D', 'D77C', 'A84B', 'A93B']	9	-2.36172	-8.650727	-9.797064	-1.1463366
BCCDDDCDCBDDBCDDABCDABCABDBACDDCBADDCBCABACBBCABCACBCBCCCBDBACDBBBCBCBACCACADAACCCBBBADCCBAABBBCCBB	['D10B', 'D13B', 'B30D', 'A33B', 'C45B', 'C54B', 'A63D', 'A84B', 'B88C', 'C90B', 'A93B']	11	-2.3630147	-4.0961766	-5.2438154	-1.1476388
BCCDDDCDCCDDDCDDABCDABCABDBACBDCAADDCBCABACBCCABCACBCCCCCBDBACDBBBCBCBCABACACAACCCBABADBCBAAABBCCBB	['D10C', 'A63D', 'A71C', 'C72A', 'C73B', 'D77C', 'C90B']	7	-3.0751672	-8.125274	-9.27357	-1.1482964
BCCDDDCDCCDDDCCDABCDABCABDBACBDCAADDCBCACACBCDABCACBCDCCCBDBAACBBBCBDBAACACADAACCBBABADBCCAABBBCCBB	['D10C', 'D15C', 'B41C', 'C46D', 'C54D', 'C62A', 'A63C', 'C69D', 'C72A', 'C82B', 'A93B']	11	-1.1487875	-5.985082	-7.1338806	-1.1487985
AAADDDCDCCDDDCDDABBDADCABDBACBDCAACDABCABACBCCABCACBCCCCCBDBACABBBCBCBACCACADAACCCBACADBCCAAABBCCBB	['B1A', 'C2A', 'C3A', 'D10C', 'C19B', 'B22D', 'D35C', 'C37A', 'B85C']	9	-3.0801573	-6.6817503	-7.835038	-1.1532879
BCCDDDCDCCDDDCDDABCDABCABDBACBDCAADABBCABACBCCABCACBCCCCCBDBACDBBBABCBACCACADAACCCBABADBCCAABBBCCBB	['D10C', 'D36A', 'C37B', 'A63D', 'C67A', 'A93B']	6	-3.0814052	-6.419216	-7.5737495	-1.1545334
BCCDDDCDCCDDBCDDABCDABCABDBACDDCAACACBCACACBCCABCACBCCCCCBDBACDBBBCBDBCACACADAACCCBABADCCBADABBCCBB	['D10C', 'D13B', 'B30D', 'D35C', 'D36A', 'B41C', 'A63D', 'C69D', 'A71C', 'C72A', 'B88C', 'C90B', 'A92D']	13	-3.0857368	-6.771748	-7.9306107	-1.1588626
BCCDDDCDCDDDDCDDABCCABCABDBACBDCAACACBCABACBCCABCACBCCCCDBDBACDBBBCBCAACCACADAACCCBABADBCCAAABBCCBB	['D20C', 'D35C', 'D36A', 'C57D', 'A63D', 'B70A']	6	-3.0865188	-9.466276	-10.625917	-1.1596413
BCCDDDCDCDDDDCDDABCDABCABDBACBDCAADDCBCABACBCCABCACBCDCCCBDBACDBBBCBCBBCCACACAACCABABADBCCAAABBCCBB	['C54D', 'A63D', 'A71B', 'D77C', 'C82A']	5	-1.1608973	-6.3307147	-7.4916153	-1.1609006
BCCDDDCDCCDDDCDDABCDABCABDBACBDCAADDCBCABACBCCABCACBCCCCCBDBACDBBBCBABACBACADAACCCBABADBCBAAABBCCBB	['D10C', 'A63D', 'C69A', 'C73B', 'C90B']	5	-3.0881953	-8.613555	-9.7748785	-1.1613235
AAADDDCDCDDDDCDDABDDABCABDBACBDCAADABBCABACBCCABCACBCCCCCBDBACBBBBCBCBACCACADAACCCBABADBCCAAABBCCBB	['B1A', 'C2A', 'C3A', 'C19D', 'D36A', 'C37B', 'A63B']	7	-3.0890436	-7.128703	-8.290875	-1.1621723
BCCDDDCDCADDDCDDABCDABCABDBACBDCAACDABCACACBCCABCACBCCCCCBDBACABBBCBCBBCCACADAACCCBABADBCCAABBBCCBB	['D10A', 'D35C', 'C37A', 'B41C', 'A71B', 'A93B']	6	-3.0901437	-6.763173	-7.926445	-1.1632719
BCCDDDCDCCDDBCDDABCDABCABDBACBDCAADDCBCABACBCCABCACBCCCCCBDBADDBBBBBCBACCACADAACCCBABADBCCAAABBCCBB	['D10C', 'D13B', 'C62D', 'A63D', 'C67B']	5	-3.090888	-6.949453	-8.113466	-1.1640134
BCCDDDCDCADDBCDDABBDABCABDBACBDCAADDBBCABABBCCABCACBCCDCCBDBACDBBBCBCBBCBACADAACCCBABADBCBAABBBCCBB	['D10A', 'D13B', 'C19B', 'C37B', 'C43B', 'C55D', 'A63D', 'A71B', 'C73B', 'C90B', 'A93B']	11	-3.0951056	-6.252736	-7.42097	-1.1682339
BCCDDDCDCCDDDCDDABCDABCABDBACBDCAADDCBCACACBCCABCACBCCCCCBDBACDBDBCBCBCDCACADAACCCBABADBCBAAABBCCBB	['D10C', 'B41C', 'A63D', 'B65D', 'A71C', 'C72D', 'C90B']	7	-3.0953035	-7.474414	-8.642845	-1.1684313
AAADDDCDCDDDDCCDABCDABCABDBACBDCAACACBCACACBCCABCACBCCCCDBDBDCABBBCBCBACCACADAACCCBABADBCCAAABBCCBB	['B1A', 'C2A', 'C3A', 'D15C', 'D35C', 'D36A', 'B41C', 'C57D', 'A61D']	9	-3.1026092	-10.318616	-11.494348	-1.1757317
BCCDDDCDCCDDDCDDABCDABCABDBACBDCAADDCBCABACBCDABCACBCCCCCBDBACDBBBCBCBACCACACAACCCBABADBCBADBBBCCBB	['D10C', 'C46D', 'A63D', 'D77C', 'C90B', 'A92D', 'A93B']	7	-3.103547	-7.384797	-8.56147	-1.1766729
AAADDDCDCCDDDCDDABCDABCABDBACBDCAADDCBCABACBCCABCACBCCCCCBDBADBBBBCBCBACCACACAACCCBABADBCCAABBBCCBB	['B1A', 'C2A', 'C3A', 'D10C', 'C62D', 'A63B', 'D77C', 'A93B']	8	-3.1040568	-7.917627	-9.094812	-1.1771855
BCCDDDCDCDDDDCDDABCDABCABDBACBDCCADDABBABACBCCABCACBCCCCCBDBACDBBBCBCBBCCACADAACCCBABADBCCAABBBCCBB	['A33C', 'C37A', 'C39B', 'A63D', 'A71B', 'A93B']	6	-3.1043143	-8.080433	-9.2578745	-1.1774416
BCCDDDCDCDDDDCDCABCCABCABDBACBDCAADACBAABACBCCABCACBCCCCCBDBADDCBBCBCCACCACADAACCCBABADBCBAAABBCCBB	['D16C', 'D20C', 'D36A', 'C39A', 'C62D', 'A63D', 'B64C', 'B70C', 'C90B']	9	-3.1069574	-7.8630934	-9.043174	-1.1800804
BCCDDDCDCCDDBCDDABCDABCABDBACBDCAADACBCABACBCCABCACBCCCCCBDBACDBBBCBCBACCACADAACCCBABADBCCAAABBCCBB	['D10C', 'D13B', 'D36A', 'A63D']	4	-3.107833	-6.78884	-7.969799	-1.1809592
BCCDDDCDCBDDDCDDABCAABCABDBACBDCAAAACBCABACBCCABCACBCDCCCBDBADDBBBCBCBCCBACADAACCCBBCADBCBAAABBCCBB	['D10B', 'D20A', 'D35A', 'D36A', 'C54D', 'C62D', 'A63D', 'A71C', 'C73B', 'A84B', 'B85C', 'C90B']	12	-1.1846237	-4.715236	-5.8998613	-1.1846251
BCCDDDCDCCDDDCDDABCDABCABDBACBDCAADDCBCACACBCDABCACBCCCCCBDBADDBBBCBCBABBACACAACCCBACADBCBAABBBCCBB	['D10C', 'B41C', 'C46D', 'C62D', 'A63D', 'C72B', 'C73B', 'D77C', 'B85C', 'C90B', 'A93B']	11	-3.1117277	-10.156037	-11.340892	-1.1848545
BCCDDDCDCADDDCCDABCDABCABDBACBDCAADABBCABACBCCABCACBCCCCDBDBACDBBBCBCBACCACADAACCCBABADBCCAABBBCCBB	['D10A', 'D15C', 'D36A', 'C37B', 'C57D', 'A63D', 'A93B']	7	-3.1136293	-7.8661366	-9.05289	-1.1867533
BCCDDDCDCDADBCDDABCAABCABDBACBDCAADACBCABACBCCABCACBCCCCCBDBACABBBCBABACCACADAACCDBABADBCCAAABBCCBB	['D11A', 'D13B', 'D20A', 'D36A', 'C69A', 'C82D']	6	-3.1138568	-6.799534	-7.9865227	-1.1869888
BCCDDDCDCDADBCDDABCAABCABDBACBDCAADACBCABACBCCABCACBCCCCCBDBACABBBCBABACCACADAACCDBABADBCCAAABBCCBB	['D11A', 'D13B', 'D20A', 'D36A', 'C69A', 'C82D']	6	-3.1138568	-6.799534	-7.9865227	-1.1869888
BCCDDDCDCCDDDCDDABCDABCABDBACBDCAADDCBCABACBCCABCACBCCCCCBDBCCDBBBABCBCCCACACAACCCBBBADBCBAABBBCCBB	['D10C', 'A61C', 'A63D', 'C67A', 'A71C', 'D77C', 'A84B', 'C90B', 'A93B']	9	-3.1153479	-5.9097295	-7.0982037	-1.1884742
BCCDDDCDCDDDDCDDABCDABCABDBACBDDAADDCBCABACBCDABCACBCCCCCBDBACABBBCBCBBCCACADAACCBBAAADBCCAAABBCCBB	['C32D', 'C46D', 'A71B', 'C82B', 'B85A']	5	-3.1181455	-7.790644	-8.981917	-1.1912732
BCCDDDCDCDDCDCDDABBDABCABDBACBDCAACACBCABACBCCABCACBCCCCCBDBACDBBBCBCBCACACACAACCCBABADBCCAABBBCCBB	['D12C', 'C19B', 'D35C', 'D36A', 'A63D', 'A71C', 'C72A', 'D77C', 'A93B']	9	-3.1200676	-8.010053	-9.203244	-1.1931915
BCCDDDCDCBDDDCDDABCDABCABDBACBDCAADDBBCABACBCDABCACBCDCCCBDBACDCBCCBDCACDACACAACCCBBBADBCBAABBBCCBB	['D10B', 'C37B', 'C46D', 'C54D', 'A63D', 'B64C', 'B66C', 'C69D', 'B70C', 'C73D', 'D77C', 'A84B', 'C90B', 'A93B']	14	-1.1936679	-4.6258836	-5.819561	-1.1936774
BCCDDDCACCDDDCDDABCDABCABDBACBDCAADDCBCACACBCDABCACBCCCCCBDBACDBBBCBCBABDACACAACCCBABADBCBAACBBCCBB	['D8A', 'D10C', 'B41C', 'C46D', 'A63D', 'C72B', 'C73D', 'D77C', 'C90B', 'A93C']	10	-3.1209002	-10.225838	-11.4198675	-1.1940298
BCCDDDCDCDDDDCDDABCDABCABDBACBDCAADDCBCACACBCCABCACBCCCCCBDBACDCBBCBCBBCBACADAACCCBABADBCBAABBBCCBB	['B41C', 'A63D', 'B64C', 'A71B', 'C73B', 'C90B', 'A93B']	7	-3.1218357	-9.605544	-10.800505	-1.1949606
BCCDDDCDCDDBBDDDABCAABCABDBACBDCDACAABCACACBCCABCACBCCCCCBDCADACBBCBCBACCACADAACCDBABADBCBAABBBCCBB	['D12B', 'D13B', 'C14D', 'D20A', 'A33D', 'D35C', 'D36A', 'C37A', 'B41C', 'B60C', 'C62D', 'B64C', 'C82D', 'C90B', 'A93B']	15	-3.123786	-6.577139	-7.7740564	-1.1969175
BCCDDDCDCBDDDCDDABCDABCABDBACDDCAADDBBCACACBCCABCACBCCCCCBDCADDBBBCBCBACCACACAACCCBABADCCCAABBBCCBB	['D10B', 'B30D', 'C37B', 'B41C', 'B60C', 'C62D', 'A63D', 'D77C', 'B88C', 'A93B']	10	-3.1247234	-7.8720107	-9.069863	-1.1978526
BCCDDDCDCDDDBCDDABBCABCABDBACDDCAACAABCABACBBCABCACBCCCCCBDBACDBBBCBBBBCCACADAACCCBBBADCCBAAABBCCBB	['D13B', 'C19B', 'D20C', 'B30D', 'D35C', 'D36A', 'C37A', 'C45B', 'A63D', 'C69B', 'A71B', 'A84B', 'B88C', 'C90B']	14	-3.125187	-4.542548	-5.740864	-1.1983156
BCCDDDCDCCDDDCCDABCDABCABDBACBDCAACABBCACABBCCABCACBCCCCDBDBBCABBBCBCBACCACADAACCCBABADBCCAABBBCCBB	['D10C', 'D15C', 'D35C', 'D36A', 'C37B', 'B41C', 'C43B', 'C57D', 'A61B', 'A93B']	10	-3.1265144	-8.89724	-10.096879	-1.1996393
AAADDDCDCDDDDCDDACCDABCABDBACBDCAACDBBCABACBCCABCACBCCCCCBDBACDBBBCBCBBACACACAACCCBABADBCCAABBBCCBB	['B1A', 'C2A', 'C3A', 'B18C', 'D35C', 'C37B', 'A63D', 'A71B', 'C72A', 'D77C', 'A93B']	11	-3.1268768	-7.7958193	-8.99582	-1.2000008
BCCDDDCDCCDDBCDDABCDABCABDBACBDCAADACBCACACBCCABCACBCCCCCBDBACDBBBABCBACCACADAACCCBABADBCCAAABBCCBB	['D10C', 'D13B', 'D36A', 'B41C', 'A63D', 'C67A']	6	-3.1282759	-6.496673	-7.6980762	-1.2014031
BCCDDDADCADDDCCDABCDABCABDBACBDCAACDCBCABACBCCABCACBCCCCCBDBACDBBBCBCBACCCCADAACCCBABADBCCAABBBCCBB	['C7A', 'D10A', 'D15C', 'D35C', 'A63D', 'A74C', 'A93B']	7	-3.1293178	-7.857992	-9.060437	-1.202445
AAADDDCDCDDDDCDDABCDABCABDBACBDCAADABBCABACBCCABCACBCCCCCBDBADDBBBCBCBACCACADAACCCBABADBCCAABBBCCBB	['B1A', 'C2A', 'C3A', 'D36A', 'C37B', 'C62D', 'A63D', 'A93B']	8	-3.13519	-8.602285	-9.810601	-1.2083158
BCCDDDCDCDDDDCDDABCDABCABDBACBDCAADDBBCABACBCCABCACBCCCCCBDBACCDBBCBCBADCACACAACCBBABADBCCAAABBCCBB	['C37B', 'A63C', 'B64D', 'C72D', 'D77C', 'C82B']	6	-3.1394587	-6.5755424	-7.7881346	-1.2125921
BCCDDDCDCDDDBCDDABBAABCABDBACBDCAADDCBCABACBCDABCACBCCDCCBDCACABBBCBCBBCCACADAACCCBABADBCCAAABBCCBB	['D13B', 'C19B', 'D20A', 'C46D', 'C55D', 'B60C', 'A71B']	7	-3.143374	-5.538127	-6.754634	-1.216507
BCCDDDCDCDDDDCCDABCAABCABDBACDDCAADACBCABACBCCABCACBCCCCCBDBACDBBBCBCBBCCACADAACCCBACADCCCAAABBCCBB	['D15C', 'D20A', 'B30D', 'D36A', 'A63D', 'A71B', 'B85C', 'B88C']	8	-3.1444197	-8.521778	-9.739318	-1.2175398
BCCDDDCDCDDDDCDDABCDABCABDBACBDCAADDCBCACACBCDABCACBCCCCCBDBACDCBBCBCBACDACADAACCCBABADBCBAABBBCCBB	['B41C', 'C46D', 'A63D', 'B64C', 'C73D', 'C90B', 'A93B']	7	-3.1447034	-10.047019	-11.264847	-1.2178278
BCCDDDCDCDDDDCDDABCAABCABDBACDDCAACACBCABACBCCABCACBCCCCCBDBADDBBBCBCBBCCBCADAACCCBABADCCCAAABBCCBB	['D20A', 'B30D', 'D35C', 'D36A', 'C62D', 'A63D', 'A71B', 'A74B', 'B88C']	9	-3.1455388	-8.53869	-9.75735	-1.2186604
BCCDDDCDCDDDDCDDABCDABCABDBACBDCAADDCBCABACBCBABCACBCCCCCBDBADDBBBCBCBBDBACACAACCCBABADBCBAABBBCCBB	['C46B', 'C62D', 'A63D', 'A71B', 'C72D', 'C73B', 'D77C', 'C90B', 'A93B']	9	-3.1474657	-10.386654	-11.6072445	-1.2205906
AAADDDCDCDDDDCDDABCAABCABDBACBDCAADDABCABACBCDABCACBCCCCCBDBACDBBBCBCBCCCACACAACCCBABADBCBAAABBCCBB	['B1A', 'C2A', 'C3A', 'D20A', 'C37A', 'C46D', 'A63D', 'A71C', 'D77C', 'C90B']	10	-3.1485376	-7.131935	-8.353601	-1.2216663
BCCDDDCDCDDDDCCDABCDABCABDBACBDCAADACBCABACBCCABCACBCCCCCBDBADBCBBCBCBACCACADAACCDBABADBCCAAABBCCBB	['D15C', 'D36A', 'C62D', 'A63B', 'B64C', 'C82D']	6	-3.1547327	-9.419839	-10.647692	-1.2278528
BCCDDDCDCCDDDCDDABCDABCABDBACBDCAACDBBCABACBCCABCACBCCCCCBDBACABBBCBCBCCCACADAACCCBABADBCCAABBBCCBB	['D10C', 'D35C', 'C37B', 'A71C', 'A93B']	5	-3.1548004	-6.7314243	-7.9593515	-1.2279272
BCCDDDCDCDDDDCDDABCCABCABDBACBDCAACACBCABACBCCABCACBCCCCCBDBADDBBBCBBBACCACADAACCCBABADBCCAAABBCCBB	['D20C', 'D35C', 'D36A', 'C62D', 'A63D', 'C69B']	6	-3.1551466	-7.8782406	-9.10651	-1.2282696
BCCDDDCDCDDDDCDDABCDABCABDBACBDCAACDBBCABACBCCABCACBCCCCCBDBACDBBACBCBCCCACADAACCCBABADBCCAAABBCCBB	['D35C', 'C37B', 'A63D', 'B66A', 'A71C']	5	-3.1559358	-7.788462	-9.017527	-1.2290645
BCCDDDCDCCDDDCDDABCDABCABDBACBDCAADACBCABACBCCABCACBCCCCCBDBACCBBBCBCBACCACADAACCCBABADBCBAAABBCCBB	['D10C', 'D36A', 'A63C', 'C90B']	4	-3.1572638	-7.0890274	-8.31942	-1.2303925
BCCDDDCDCDDCDCDDABBDABCABDBACBDCAADDCBCACACBCCABCACBCCCCCBDBACDCBBBBCBACCACADAACCCBABADBCCADABBCCBB	['D12C', 'C19B', 'B41C', 'A63D', 'B64C', 'C67B', 'A92D']	7	-3.1575956	-6.9124403	-8.143163	-1.2307224
BCCDDDCDCCDDBCDDABCDABCABDBACBDDBADDCBCABACBCCBBCACBCBCCCBDBADDBBACBBBAADACACAACCCBBBADBABAAABBCCBB	['D10C', 'D13B', 'C32D', 'A33B', 'A47B', 'C54B', 'C62D', 'A63D', 'B66A', 'C69B', 'C72A', 'C73D', 'D77C', 'A84B', 'C89A', 'C90B']	16	-2.4492633	-4.3769307	-5.610815	-1.2338843
BCCDDDCDCCDDDCDDCBCDABCABDBACBDCAADDABCABACBCBABCACBCDCCCBDBACACBBCBDBACCACADAACCBBABADBCCAAABDCCBB	['D10C', 'A17C', 'C37A', 'C46B', 'C54D', 'B64C', 'C69D', 'C82B', 'B95D']	9	-1.2340784	-4.9465637	-6.1806507	-1.234087
BCCDDDCDCDDDDDDDABCCABCABDBACBDCAADABBCABACBCCABCACBCCCCCBDBADBBBBCBCBACCACADAACCCBABADBCCAAABBCCBB	['C14D', 'D20C', 'D36A', 'C37B', 'C62D', 'A63B']	6	-3.1648688	-7.2849426	-8.522936	-1.2379932
BCCDDDCDCDDDBCCDABCAABCABDBACBDCAACACBCACACBCCABCACBCCCCDBDBACDBBBCBABACCACACAACCCBABADBDBAAABBCCBB	['D13B', 'D15C', 'D20A', 'D35C', 'D36A', 'B41C', 'C57D', 'A63D', 'C69A', 'D77C', 'C89D', 'C90B']	12	-3.1663713	-9.682691	-10.922184	-1.2394934
BCCDCDCDCDDBDCDDABDDABCABDBACBDDAADDCBCABACBCDABCACBCCCCCBDBADCBBBCBCBBCCACADAACCBBABADBCCAAABBCCBB	['D5C', 'D12B', 'C19D', 'C32D', 'C46D', 'C62D', 'A63C', 'A71B', 'C82B']	9	-3.166707	-6.9216747	-8.16151	-1.2398357
BCCDDDCDCDDDBCDDABAAABCABDBACBDCCADACBCABACBCDABCACBCCCCCBDBACACBBCBCBACCACCDAACCCBABADBCCAAABBCCBB	['D13B', 'C19A', 'D20A', 'A33C', 'D36A', 'C46D', 'B64C', 'A76C']	8	-3.1673598	-6.617688	-7.858177	-1.240489
BCCDDDCDCDDDDCDDABCCABCABDBACBDCAADABBCABACBCCABCACBCCCCDBDBADDBBBCBCBADCACADAACCCBABADBCCAABBBCCBB	['D20C', 'D36A', 'C37B', 'C57D', 'C62D', 'A63D', 'C72D', 'A93B']	8	-3.1692443	-8.582687	-9.825056	-1.2423687
BCCDDDCDCDDDBCCDABBCABCABDBACBDCAACABBCACACBCCABCACBCCCCCBDBADDBBBCBCBACCACADAACCCBABADBCCACBBBCCBB	['D13B', 'D15C', 'C19B', 'D20C', 'D35C', 'D36A', 'C37B', 'B41C', 'C62D', 'A63D', 'A92C', 'A93B']	12	-3.1693668	-8.934654	-10.177145	-1.2424908
ADCDDDCDCDDDDCDDBBBDABCABDBACBDCAADDCBCABACBCCABCACBCCCCDBDCCCDBBBCBCBCCCACADAACCCBABADBCCAAABBCCBB	['B1A', 'C2D', 'A17B', 'C19B', 'C57D', 'B60C', 'A61C', 'A63D', 'A71C']	9	-3.1697693	-8.63056	-9.873461	-1.2429008
BCCDDDCDCADADCCDABCDABCABDBACBDCAACACBCACACBCCABCACBCCCCCBDBADDBBBCBCBACCACADAACCCBABADBCCAAABBCCBB	['D10A', 'D12A', 'D15C', 'D35C', 'D36A', 'B41C', 'C62D', 'A63D']	8	-3.1698465	-9.114819	-10.357792	-1.2429733
BCDDDDCDCCDDDCDDABCDABCABDBACDDCAACAABCABACBCCABCACBCCCCCBDBACDBBBCBCBACCACADAACCCBABADCCCAAABBCCBB	['C3D', 'D10C', 'B30D', 'D35C', 'D36A', 'C37A', 'A63D', 'B88C']	8	-3.1705441	-7.7193117	-8.962981	-1.2436695
BCCDDDCDCADDDCCDABCDABCABDBACBDCAACACBCABACBCCABCACBCCCCCBDBACBBBBCBCBACCACADAACCCBABADBCCAAABBCCBB	['D10A', 'D15C', 'D35C', 'D36A', 'A63B']	5	-3.17242	-7.6479464	-8.893491	-1.2455444
BCCDDDCDCCDDDCDDABCAABCDBDBACBDCAACDCBCABACBCDABCACBCDCCCCDBACACBBCBCBACCCCADAACCCBABADBCCAAABBCCBB	['D10C', 'D20A', 'A24D', 'D35C', 'C46D', 'C54D', 'B58C', 'B64C', 'A74C']	9	-1.2456284	-3.0152664	-4.2609034	-1.2456369
BCCDDDCDCCDDBCDDABCDABCABDBACBDCAACDABCACACBBCABCACBCCCCCBDBACDBBBCBCBCACACACAACCCBACADBCCAAABBCCBB	['D10C', 'D13B', 'D35C', 'C37A', 'B41C', 'C45B', 'A63D', 'A71C', 'C72A', 'D77C', 'B85C']	11	-3.1725545	-6.0367575	-7.282444	-1.2456865
BCCDDDCDCDDDDCDDABCDABCABDBACBDCAACACBCACACBCCABCACBCDCCCBDBACDBBBCBCBACCACADAACCABABADBCCAABBBCCBB	['D35C', 'D36A', 'B41C', 'C54D', 'A63D', 'C82A', 'A93B']	7	-1.246428	-7.5070014	-8.753428	-1.246427
BCCDDDCDCCDDDCDDABCDABCABDBACBDCDADDCBCACACBCCABCACBCCCCCBDBACDBBBCBCBACBACADAACCCBABADBCBAABBBCCBB	['D10C', 'A33D', 'B41C', 'A63D', 'C73B', 'C90B', 'A93B']	7	-3.1762118	-8.87405	-10.12339	-1.24934
BCCDDDCDCDDDDCCDABCDABCABDBACBDCAADAABCACACBBCABCACBCCCCCBDBADDBBBCBCBCCCACADAACCCBABADCCBAABBBCCBB	['D15C', 'D36A', 'C37A', 'B41C', 'C45B', 'C62D', 'A63D', 'A71C', 'B88C', 'C90B', 'A93B']	11	-3.1778336	-9.338626	-10.589584	-1.2509584
BCCDDDCDCDDDDCDDABCCABCABDBACBDCAADABBCABACBCCABCACBCCCCCBDBADDCBBCBCCACCACADAACCCBABADBCCAAABBCCBB	['D20C', 'D36A', 'C37B', 'C62D', 'A63D', 'B64C', 'B70C']	7	-3.1791954	-7.286011	-8.538331	-1.2523198
BCCDDDCDCBDDDCDDABCDABCABDBACBDCAADDABCACACBCCABCACBCCCCCBDBACDBBBCBCCACCACADAACCCBABADBCCAABBBCCBB	['D10B', 'C37A', 'B41C', 'A63D', 'B70C', 'A93B']	6	-3.1795745	-6.8847046	-8.137409	-1.2527046
BCCDDDCDCCDDBCDDABCAABCABDBACBDCAADDBBCABACBCDBBCACBCDCCCBDCCDDBBBBBCBCAAACADACCCCBBBADBCBCABBBCCBB	['D10C', 'D13B', 'D20A', 'C37B', 'C46D', 'A47B', 'C54D', 'B60C', 'A61C', 'C62D', 'A63D', 'C67B', 'A71C', 'C72A', 'C73A', 'A79C', 'A84B', 'C90B', 'A91C', 'A93B']	20	0.673192	-0.7789154	-2.0326014	-1.253686
AAADDDCDCDDDBCCDABCDABCABDBACBDDBADDCBCABACBCDBBCACBCBCCCCDBACDBBBCBCBBCCCCACAACCCBBBADBABACCBBCCBB	['B1A', 'C2A', 'C3A', 'D13B', 'D15C', 'C32D', 'A33B', 'C46D', 'A47B', 'C54B', 'B58C', 'A63D', 'A71B', 'A74C', 'D77C', 'A84B', 'C89A', 'C90B', 'A92C', 'A93C']	20	-2.469983	-5.3354077	-6.5900106	-1.2546029
BCCDDDCDCDDDDCDDABCDABCABDBACBDCAADDCBCABACBCBABCACBCDCCCBDBADACBBCBCBACCACADAACCBBABADBCCAAABBCCBB	['C46B', 'C54D', 'C62D', 'B64C', 'C82B']	5	-1.2581148	-6.616737	-7.874854	-1.2581172
BCCDDDCDCDDDDCDDABCCABCABDBACBDCAADDBBCABACBCCABCACBCCCCCBDBACCBBBCBCBBCCACADAACCCBABADBCCAABBBCCBB	['D20C', 'C37B', 'A63C', 'A71B', 'A93B']	5	-3.1880746	-6.463333	-7.724539	-1.2612057
BCCDDDCDCDDDDCDDABCCABCABDBACBDCAADDBBCABACBCCABCACBCCCCCBDBACCBBBCBCBBCCACADAACCCBABADBCCAABBBCCBB	['D20C', 'C37B', 'A63C', 'A71B', 'A93B']	5	-3.1880746	-6.463333	-7.724539	-1.2612057
BCCDDDCDCBDDBCDDABCDABCABDBACBDCCADBCBCABACBCCABCACBCCCCCBDBADDBBBCBCBACCACADAACCCBABADDCCAAABBCCBB	['D10B', 'D13B', 'A33C', 'D36B', 'C62D', 'A63D', 'B88D']	7	-3.1886969	-7.471447	-8.733271	-1.2618237
BCCDDDCDCDDDDCDDABCAABCABDBACDDCAAAAABCABADBCCABCACBCCCCDBDBACDBBBCBCBBCCACADAACCCBACADCCCAAABBCCBB	['D20A', 'B30D', 'D35A', 'D36A', 'C37A', 'C43D', 'C57D', 'A63D', 'A71B', 'B85C', 'B88C']	11	-3.191719	-7.818268	-9.083112	-1.264844
BCCDDDCDCCDDDCDDABCDABCABDBACBDCAADACBCACACBCCABCACBCCCCCBDBACACBBCBCBACCACADAACCCBABADBCCAABBBCCBB	['D10C', 'D36A', 'B41C', 'B64C', 'A93B']	5	-3.1923103	-7.461012	-8.726451	-1.265439
BCCDDDCDCBDADCCDABBDABCABDBACBDCAADDCBCABACBCBABCACBCCCCCBDBACCBBBCBCBADCCCADAACCCBABADBCCAAABBCCBB	['D10B', 'D12A', 'D15C', 'C19B', 'C46B', 'A63C', 'C72D', 'A74C']	8	-3.1940746	-6.420628	-7.6878376	-1.2672095
BCCDDDCDCDDDDCDDABCDABCABDBACBDCAADDABCABACBCBABCACBCCCCCBDBADDBBBCBCBBCBACACAACCCBABADBCBAABBBCCBB	['C37A', 'C46B', 'C62D', 'A63D', 'A71B', 'C73B', 'D77C', 'C90B', 'A93B']	9	-3.195332	-10.158476	-11.426934	-1.2684584
BCCDDDCDCCDDDCCDABCAABCABDBACBDCAACACBCABACBCCABCACBCDCCDBDBACDBBBCBCBDCBCCADAACCCBABADBCBAABBBCCBB	['D10C', 'D15C', 'D20A', 'D35C', 'D36A', 'C54D', 'C57D', 'A63D', 'A71D', 'C73B', 'A74C', 'C90B', 'A93B']	13	-1.2685452	-7.2934813	-8.562027	-1.2685456
BCCDDDCDCBDDDCDDABCDABCABDBACDDCAACACBCACACBCCABCACBCCCCCBDBACDBBBCBCBACCACACAACCCBABADCCCAABBBCCBB	['D10B', 'B30D', 'D35C', 'D36A', 'B41C', 'A63D', 'D77C', 'B88C', 'A93B']	9	-3.1972995	-8.708957	-9.97938	-1.2704229
BCCDDDCDCCDDDCCBABCAABCABDBACBDCAADDBBCABACBCDABCACBCDCCCBDBACDBBBCBCBACCACADAACCCBBCADBCBADABBCCBB	['D10C', 'D15C', 'D16B', 'D20A', 'C37B', 'C46D', 'C54D', 'A63D', 'A84B', 'B85C', 'C90B', 'A92D']	12	-1.2729316	-1.9600749	-3.2330103	-1.2729354
BCCDDDCDCCDDDCDDABCDABCABDBACBDCAADDCBCABACBCCABCACBCCCCCBDBADDBBBCBBBCCCACACAACCCBABADBCCAAABBCCBB	['D10C', 'C62D', 'A63D', 'C69B', 'A71C', 'D77C']	6	-3.2017498	-6.6711073	-7.945985	-1.2748775
BCCDDDCDCDDDDCDDABCDABCABDBACDDCAACACBCABADBCCABCACBCCCCDBDBACDBBBCBCBBCCACACAACCCBABADCCCAABBBCCBB	['B30D', 'D35C', 'D36A', 'C43D', 'C57D', 'A63D', 'A71B', 'D77C', 'B88C', 'A93B']	10	-3.2020988	-9.915581	-11.190803	-1.2752218
BCCDDDCDCDDDDDDDABCAABCABDBACBDCAADDBBCABACBCDABCACBCCCCCBDBACABBBCBCBBCCACADAACCCBABADBCBAAABBCCBB	['C14D', 'D20A', 'C37B', 'C46D', 'A71B', 'C90B']	6	-3.2035623	-6.3602014	-7.6368914	-1.27669
BCCDDDCDCDDDBDDDABCAABCABDBACBDCAACACBCACACBCCABCACBCCCCCBDBACABBBCBABACCACADAACCDBABADBDCAAABBCCBB	['D13B', 'C14D', 'D20A', 'D35C', 'D36A', 'B41C', 'C69A', 'C82D', 'C89D']	9	-3.2042484	-7.8212547	-9.09863	-1.2773752
BCCDDDCDCCDDDCDDABCDABCABDBACBDCAADDABCABACBCDABCACBCCCCCBDCADBBBBCBCBACCACACAACCCBABADCCCAABBBCCBB	['D10C', 'C37A', 'C46D', 'B60C', 'C62D', 'A63B', 'D77C', 'B88C', 'A93B']	9	-3.2086554	-6.997148	-8.278932	-1.2817836
BCCDDDCDCCDDBCDDABCDABBABDBACBDCAADABBCABACBCCABCACBCDCCCBDBACDBBBCBCBBDCCCADAACCCBABADCCBAAABBCCBB	['D10C', 'D13B', 'C23B', 'D36A', 'C37B', 'C54D', 'A63D', 'A71B', 'C72D', 'A74C', 'B88C', 'C90B']	12	-1.2818952	-3.774901	-5.0568027	-1.2819018
BCCDDDCDCDDDDCDDABCCABCABDBACBDCAACACBCACACBCCABCACBCCCCDBDBDCABBBCBCBACCACADAACCCBABADBCCAABBBCCBB	['D20C', 'D35C', 'D36A', 'B41C', 'C57D', 'A61D', 'A93B']	7	-3.2088857	-9.550922	-10.832935	-1.2820129
BCCDDDCDCBDDBCDDABCDABBABDBACDDCAADDABCACACBCCABCACBCCCCCBDBADDBBBCBCCCCCACADAACCCBABADCCCAABBBCCBB	['D10B', 'D13B', 'C23B', 'B30D', 'C37A', 'B41C', 'C62D', 'A63D', 'B70C', 'A71C', 'B88C', 'A93B']	12	-3.209993	-7.322972	-8.606092	-1.2831206
BCCDDDCDCDDDBCBDABBDABCABDBACBDCAACDCBCABACBCCABCACBCCCCCBDBADDBBBCBCBBCCACADAACCCBABADBCCAABBBCCBB	['D13B', 'D15B', 'C19B', 'D35C', 'C62D', 'A63D', 'A71B', 'A93B']	8	-3.2114038	-8.580447	-9.864976	-1.2845287
BCCDDDCDCDDDDCDDABCDABCABDBACBDCAADDCBCACACBCCABCACBCCCCCBDBADDBBBCBCBBDCACACABCCCBABADBCCAABBBCCBB	['B41C', 'C62D', 'A63D', 'A71B', 'C72D', 'D77C', 'A79B', 'A93B']	8	-3.2127404	-9.091551	-10.377414	-1.2858629
AAADDDCDCDDDBDCDABCCABCABDBACDDCAACACBCACACBCCABCACBCCCCCBDBACDBBBCBCBACCACADAACCCBABADCCCAAABBCCBB	['B1A', 'C2A', 'C3A', 'D13B', 'C14D', 'D15C', 'D20C', 'B30D', 'D35C', 'D36A', 'B41C', 'A63D', 'B88C']	13	-3.2133718	-8.534396	-9.820893	-1.2864971
BCCDDDCDCDDCDDDDABCDABCABDBACBDCAACACBCABACBCCABCACBCCCCDBDBACDCBBCBCBACCACADAACCCBABADBCCAAABBCCBB	['D12C', 'C14D', 'D35C', 'D36A', 'C57D', 'A63D', 'B64C']	7	-3.2150226	-8.458231	-9.746376	-1.2881451
BCCDDDCDCDDDDCCDABCDABCABDBACBDCAACACBCACACBCCABCACBCCCCDBDCBCABBBCBCBACCACADAACCCBABADBCCAAABBCCBB	['D15C', 'D35C', 'D36A', 'B41C', 'C57D', 'B60C', 'A61B']	7	-3.216773	-10.086107	-11.376009	-1.2899017
BCCDDDCDCCDDDCCDABCDABCABDBACBDCAADDCBCABACBCCABCACBCCCCDBDBACDCBBCBCBACCACADAACCCBABADBCCAABBBCCBB	['D10C', 'D15C', 'C57D', 'A63D', 'B64C', 'A93B']	6	-3.2177324	-8.40846	-9.699314	-1.2908545
BCCDDDCDCCDDDCDDABCDABCABDBACBDCAACDCBCACACBCDABCACBCCCCDBABACDBBBCBCBBDCCCACAACCCBBBADDCCAABBBCCBB	['D10C', 'D35C', 'B41C', 'C46D', 'C57D', 'D59A', 'A63D', 'A71B', 'C72D', 'A74C', 'D77C', 'A84B', 'B88D', 'A93B']	14	-3.2214222	-6.8224635	-8.117017	-1.2945533
BCCDDDCDCDDDDCDDABCAABCABDBACBDCAAAACBCABACBCCABCACBCCCCCBDBADDBBBCBCBCCBACADAACCCBBBADBCBAAABBCCBB	['D20A', 'D35A', 'D36A', 'C62D', 'A63D', 'A71C', 'C73B', 'A84B', 'C90B']	9	-3.2236967	-8.104593	-9.401413	-1.2968197
BCCDDDCDCADDDCDDABCDABCABDBACBDCAADDCBCABACBCDABCACBCCCCCBDBADDCBBCBCBACCACCCAACCCBABADBCCAABBBCCBB	['D10A', 'C46D', 'C62D', 'A63D', 'B64C', 'A76C', 'D77C', 'A93B']	8	-3.2244754	-7.921317	-9.218922	-1.2976046
BCCDDDCDCADDDCDDABCDABCABDBACBDCAADDCBCABACBCDABCACBCCCCCBDBADDCBBCBCBACCACCCAACCCBABADBCCAABBBCCBB	['D10A', 'C46D', 'C62D', 'A63D', 'B64C', 'A76C', 'D77C', 'A93B']	8	-3.2244754	-7.921317	-9.218922	-1.2976046
BCCDDDCDCADDDCDDABCDABCABDBACBDCAADDCBCABACBCDABCACBCCCCCBDBADDCBBCBCBACCACCCAACCCBABADBCCAABBBCCBB	['D10A', 'C46D', 'C62D', 'A63D', 'B64C', 'A76C', 'D77C', 'A93B']	8	-3.2244754	-7.921317	-9.218922	-1.2976046
AAADDDCDCDDDDCDDABCDABCABDBACDDCBADDCBCABACBCCABCACBCCCCCBDBACDBBBBBCBACCACADAACCCBABADBCCAAABBCCBB	['B1A', 'C2A', 'C3A', 'B30D', 'A33B', 'A63D', 'C67B']	7	-3.224792	-7.8508453	-9.1487665	-1.2979212
BCCDDDCDCDDDDCCDABCDABCABDBACBDCAADABBCABACBCCABCACBCCCCDBDCCDDBBBCBCBCDCACADAACCCBABADBCCAABBBCCBB	['D15C', 'D36A', 'C37B', 'C57D', 'B60C', 'A61C', 'C62D', 'A63D', 'A71C', 'C72D', 'A93B']	11	-3.2257104	-9.231066	-10.529904	-1.2988386
BCCDDDCDCCDDBCDDABCDABCABDBACDDCAACACBCABACBCCABCACBCCCCCBDCADCCBBCBCBCCCACADAACCCBABADBCCBAABBCCBB	['D10C', 'D13B', 'B30D', 'D35C', 'D36A', 'B60C', 'C62D', 'A63C', 'B64C', 'A71C', 'A91B']	11	-2.408924	-6.430476	-7.730316	-1.29984
BCCDDDCDCDDDBCDDABCDABCABDBACBDCBADDCBCABACBCCABCACBCCCCCBDCADBBBBCBCBACCACACAACCCBABADBCCAAABBCCBB	['D13B', 'A33B', 'B60C', 'C62D', 'A63B', 'D77C']	6	-3.2283425	-7.209697	-8.5111685	-1.3014717
BCCDDDCDCCDDDCDCABCCABCABDBACBDCAADACBCABACBCCABCACBCCCCCBDBADCCDBABCBADCACADAACCCBABADBCCAAABBCCBB	['D10C', 'D16C', 'D20C', 'D36A', 'C62D', 'A63C', 'B64C', 'B65D', 'C67A', 'C72D']	10	-3.2309422	-4.8210735	-6.1251497	-1.3040762
BCCDDDCDCCDDDDCDABCDABCABDBACBDCAACDCBCABACBCCABCACBCCCCCBDBACABBBCBBBACCACADAACCDBABADBCCAAABBCCBB	['D10C', 'C14D', 'D15C', 'D35C', 'C69B', 'C82D']	6	-3.2314034	-7.13658	-8.44111	-1.3045297
BCCDDDCDCCDDDDCDABCDABCABDBACBDCAACDCBCABACBCCABCACBCCCCCBDBACABBBCBBBACCACADAACCDBABADBCCAAABBCCBB	['D10C', 'C14D', 'D15C', 'D35C', 'C69B', 'C82D']	6	-3.2314034	-7.13658	-8.44111	-1.3045297
BCCDDDCDCCDDDDCDABCDABCABDBACBDCAACDCBCABACBCCABCACBCCCCCBDBACABBBCBBBACCACADAACCDBABADBCCAAABBCCBB	['D10C', 'C14D', 'D15C', 'D35C', 'C69B', 'C82D']	6	-3.2314034	-7.13658	-8.44111	-1.3045297
BCCDDDCDCDDDDCDDABCDABCDBDBACBDCAACDCBCABACBCCABCACBCCCCDBDBACDBBBCBCCACCACADAACCCBABADBCCAAABBCCBB	['A24D', 'D35C', 'C57D', 'A63D', 'B70C']	5	-3.2333841	-8.9513	-10.257809	-1.306509
BCCDDDCDCCDDDCDDABCDABCABDBACBDCAACDBBCABACBCCABCACBCCCCCBDBACDBBBCBCBACCACADAACCCBABADBCCAABBBCCBB	['D10C', 'D35C', 'C37B', 'A63D', 'A93B']	5	-3.233922	-7.2765617	-8.583613	-1.3070517
BCCDDDCDCDDCDDDDABCDABCABDBACBDCAACACBCABACBCCABCACBCCCCCBDBACDCBBCBCBACCACADAACCCBABADBCCAAABBCCBB	['D12C', 'C14D', 'D35C', 'D36A', 'A63D', 'B64C']	6	-3.2371755	-7.8000913	-9.110388	-1.3102965
BCCDDDCDCDDDBCDDABCDABCABDBACBDCAACDCBCABACBCDABCACBCCCCCBDBADDBBBCBCBBCCBCACAACCCBABADBCCAABBBCCBB	['D13B', 'D35C', 'C46D', 'C62D', 'A63D', 'A71B', 'A74B', 'D77C', 'A93B']	9	-3.2388659	-8.475261	-9.787252	-1.3119917
BCCDDDCDCDDDDCDDABCDABCABDBACBDCAADDCBCABACBCCABCACBCCCCCBDBADDBBBCBCBBCCACACAACCCBABADBCBAABBBCCBB	['C62D', 'A63D', 'A71B', 'D77C', 'C90B', 'A93B']	6	-3.2399602	-9.438412	-10.751496	-1.3130846
BCCDDDCDCCDDBCDDADCDABCABDBACBDCAADDBBCABACBCDABCACBCCCCCBDBBCDBBBCBCBCACACACAACCCBABADACBAABBBCCBB	['D10C', 'D13B', 'B18D', 'C37B', 'C46D', 'A61B', 'A63D', 'A71C', 'C72A', 'D77C', 'B88A', 'C90B', 'A93B']	13	-3.2415547	-5.839828	-7.1545153	-1.3146873
BCCDDDCDCDDDDCDDABCAABCABDBACBDCDADDCBCABACBCCABCACBCCCCCBDBADDBBBCBCBBCBACACAACCCBABADBCBAAABBCCBB	['D20A', 'A33D', 'C62D', 'A63D', 'A71B', 'C73B', 'D77C', 'C90B']	8	-3.2423406	-9.120266	-10.435732	-1.3154659
BCCDDDCDCDDDDCDDABCDABCABDBACBDCAACDBBCABACBCCABCACBCDCCCBDBACDBBBCBCBACCACADAACCBBABADBCCAAABBCCBB	['D35C', 'C37B', 'C54D', 'A63D', 'C82B']	5	-1.3177404	-6.232198	-7.54994	-1.3177419
BCCDDDCDCCDDDDDDABCDABCABDBACBDCAADDCBCACACBCCABCACBCCCCCBDBACDBBBCBCBACCACADAACCCBABADBCCAAABBCCBB	['D10C', 'C14D', 'B41C', 'A63D']	4	-3.245347	-7.3932886	-8.711764	-1.3184757
BCCDDDCDCDDDDDCCABCCABCABDBACBDCAADAABAADACBCCABCACBCCCCCBDBACABBBCBABACCACADAACCCBABADBCCAABBBCCBB	['C14D', 'D15C', 'D16C', 'D20C', 'D36A', 'C37A', 'C39A', 'B41D', 'C69A', 'A93B']	10	-3.2455559	-7.7634096	-9.08209	-1.3186808
BCCDDDCDCDDDDCCDABCAABCABDBACDDCBADDCBCABACBCDABCACBCCCCDBDCACDBBBCBCBACCACADAACCCBABADCCCAAABBCCBB	['D15C', 'D20A', 'B30D', 'A33B', 'C46D', 'C57D', 'B60C', 'A63D', 'B88C']	9	-3.2458367	-8.249271	-9.568236	-1.318965
BCCDDDCDCDDDDCDDABCDABBABDBACBDCAADDCBCABACBCDABCACBCCCCCBDCADCCBBCBCBAACACACAACCDBABADBCBAABBBCCBB	['C23B', 'C46D', 'B60C', 'C62D', 'A63C', 'B64C', 'C72A', 'D77C', 'C82D', 'C90B', 'A93B']	11	-3.245994	-8.924923	-10.24404	-1.3191166
BCCDDDCDCCDDDCDDABBDABCABDBACBDCAADDABCABACBCCABCACBCDCCCBDCACDCBBCBCBBCDACACAACCCBABADBCBAABBBCCBB	['D10C', 'C19B', 'C37A', 'C54D', 'B60C', 'A63D', 'B64C', 'A71B', 'C73D', 'D77C', 'C90B', 'A93B']	12	-1.3205929	-5.598959	-6.9195547	-1.3205957
BCCDDDCDCCDADCDDABCDABCABDBACBDCAADDCBCABACBCCABCACBCDCCDBDBACDBBBCBCBACCACACAACCBBABADBCCAABBBCCBB	['D10C', 'D12A', 'C54D', 'C57D', 'A63D', 'D77C', 'C82B', 'A93B']	8	-1.3211522	-6.786051	-8.107207	-1.3211565
AAADDDCDCCDDDCCDABCDABCABDBACBDCAADDCBCABACBCCABCACBCCCCCBDBACCBBBCBCBACCACADAACCCBABADBCCAABBBCCBB	['B1A', 'C2A', 'C3A', 'D10C', 'D15C', 'A63C', 'A93B']	7	-3.250176	-7.3951244	-8.7184305	-1.3233061
BCCDDDCDCDDDDCDDABCAABCABDBACBDCAADDCBCABACBCDABCACBCCCCCBDBADDBBBCBCBBCBACACAACCCBABADBCBAABBBCCBB	['D20A', 'C46D', 'C62D', 'A63D', 'A71B', 'C73B', 'D77C', 'C90B', 'A93B']	9	-3.250331	-9.711548	-11.035006	-1.3234577
BCCDDDCDCDDBDDDDABDDABCABDBACBDCAADDCBCACACBCBABCACBCDCCCBDBACACBBCBCBACCACADAACCBBABADBCCAAABBCCBB	['D12B', 'C14D', 'C19D', 'B41C', 'C46B', 'C54D', 'B64C', 'C82B']	8	-1.327033	-5.1838703	-6.510912	-1.3270416
BCCDDDCDCDDDDCDDABCDABCABDBACBDCAADDCBCACACBCCABCACBCCCCCCDBACDBBBCBCBACCACADAACCCBABADBCBAAABBCCBB	['B41C', 'B58C', 'A63D', 'C90B']	4	-3.255865	-8.625814	-9.954807	-1.3289928
BCCDDDCDCDDDDCDDABBAABCABDBACBDCAADACBCABACBCDABCACBCCCCCCDBADCCBBCBCBACCACACAACCCBABADBCBAABBBCCBB	['C19B', 'D20A', 'D36A', 'C46D', 'B58C', 'C62D', 'A63C', 'B64C', 'D77C', 'C90B', 'A93B']	11	-3.256228	-7.212777	-8.542134	-1.3293571
BCCDDDCDCDDDDCDDABCAABCABDBACBDCAADDCBCABACBCDABCACBCCCCCBDBACDBBBCBCBDCBACACAACCCBABADBCBAABBBCCBB	['D20A', 'C46D', 'A63D', 'A71D', 'C73B', 'D77C', 'C90B', 'A93B']	8	-3.258328	-9.211331	-10.542787	-1.3314552
BCCDDDCDCCDDDCCDABCDABCABDBACBDCAADBABCABACBCCABCACBCCCCCBDBADABBBCBCBACCACADAACCCBABADBCCAABBBCCBB	['D10C', 'D15C', 'D36B', 'C37A', 'C62D', 'A93B']	6	-3.262083	-8.484577	-9.819787	-1.3352098
BCCDDDCDCDDDBCCDABCAABCABDBACBDCAADDCBCABACBCCABCACBCCCCDBDBACDBBBCBCBBCBACADAACCCBABADBCBAAABBCCBB	['D13B', 'D15C', 'D20A', 'C57D', 'A63D', 'A71B', 'C73B', 'C90B']	8	-3.2622561	-9.316347	-10.651728	-1.3353806
BCCDDDCDCDDDDDDDABCDABCABDBACBDCCADDCBCABACBCCABCACBCCCCCBDBADDBBBCBCBCCBACADAACCCBABADBCBAABBBCCBB	['C14D', 'A33C', 'C62D', 'A63D', 'A71C', 'C73B', 'C90B', 'A93B']	8	-3.2629433	-9.947828	-11.283895	-1.3360662
BCCDDDCDCDDDBDCDABCAABCABDBACBDCAADABBCABACBCCABCACBCCCCCBDBADDCBBCBCBACCACADAACCCBABADBCBAAABBCCBB	['D13B', 'C14D', 'D15C', 'D20A', 'D36A', 'C37B', 'C62D', 'A63D', 'B64C', 'C90B']	10	-3.264019	-7.0866947	-8.4238405	-1.3371458
BCCDDDCDCDDDDCDDABCCABCABDBACBDCAADACBCACACBCCABCACBCCCCDBDBACDBBBCBCBADCACADAACCCBABADBCCAABBBCCBB	['D20C', 'D36A', 'B41C', 'C57D', 'A63D', 'C72D', 'A93B']	7	-3.2662039	-9.06917	-10.408499	-1.3393288
BCCDDDCDCCDDDCDCABCDABCABDBACBDCAACACBCABACBCCABCACBCCCCDBDBACCBBBCBCBACCACADAACCCBABADBCCAABBBCCBB	['D10C', 'D16C', 'D35C', 'D36A', 'C57D', 'A63C', 'A93B']	7	-3.2701302	-7.287981	-8.63124	-1.3432589
BCCDDDCDCDDDDCDDABCDABCABDBACBDCAACDABBACACBCCABCACBCCCCCBDBACDBBBCBCBBCCACADAACCCBABADBCCAABBBCCBB	['D35C', 'C37A', 'C39B', 'B41C', 'A63D', 'A71B', 'A93B']	7	-3.2703075	-8.771074	-10.114506	-1.3434315
AAADDDCDCDDDDDDDABCDABCABDBACBDCAACACBCACACBCCABCACBCCCCDBDBACABBBCBCBACCACADAACCCBABADBDCAAABBCCBB	['B1A', 'C2A', 'C3A', 'C14D', 'D35C', 'D36A', 'B41C', 'C57D', 'C89D']	9	-3.2711124	-9.5227995	-10.867037	-1.3442373
BCCDDDCDCDDDDCDDABCDABCABDBACBDCCADDABAACACBCCABCACBCCCCCBDBACDBBBCBCBBCCACADAACCCBABADBCCAABBBCCBB	['A33C', 'C37A', 'C39A', 'B41C', 'A63D', 'A71B', 'A93B']	7	-3.2713718	-8.608807	-9.953301	-1.3444948
BCCDDDCDCDDDDCDDABCDABCABDBACBDCAADDCBCABAABCDABCACBCCCCCBDBADDBBBCBCBBACCCACAACCCBABADBCBACBBBCCBB	['C43A', 'C46D', 'C62D', 'A63D', 'A71B', 'C72A', 'A74C', 'D77C', 'C90B', 'A92C', 'A93B']	11	-3.2718086	-9.113316	-10.458245	-1.3449297
BCCDDDCDCDDCDDDDABCDABCABDBACBDCAACDBBCABACBCCABCACBCCCCCBDBACDBBBCBCBCCCACADAACCCBABADBCCAABBBCCBB	['D12C', 'C14D', 'D35C', 'C37B', 'A63D', 'A71C', 'A93B']	7	-3.2759042	-7.3060107	-8.655038	-1.3490272
BCCDDDCDCCDDDCDDABCDABCABDBACBDCAADDCBCABACBCCABCACBCCCCDBDBADDBBBCBCBACCACADAACCCBABADBCCAABBBCCBB	['D10C', 'C57D', 'C62D', 'A63D', 'A93B']	5	-3.277359	-8.830276	-10.180758	-1.350483
BCCDDDCDCCDDDCDDABCDABCABDBACBDCAADDCBCACACBCBABCACBCCCCCBDBACCCBBCBCBACCACADAACCCBABADBCCAABBBCCBB	['D10C', 'B41C', 'C46B', 'A63C', 'B64C', 'A93B']	6	-3.2817836	-6.9267035	-8.281619	-1.3549156
AAADDDCDCDDDDCDDABADABCABDBACBDCAADDCBCABACBCCABCACBCCCCCBDBADABBBCBCBACCACADAACCDBABADBCCAAABBCCBB	['B1A', 'C2A', 'C3A', 'C19A', 'C62D', 'C82D']	6	-3.2844753	-8.83929	-10.196892	-1.3576021
BCCDDDCDCDDDDCDDABCDABCABDBACBDCAACACBCABACBCCABCACBCCCCDBDCCDDBBBCBCBACCACADAACCCBABADBCBAAABBCCBB	['D35C', 'D36A', 'C57D', 'B60C', 'A61C', 'C62D', 'A63D', 'C90B']	8	-3.2857957	-10.362831	-11.721751	-1.3589201
AAADDDCDCDDDDCDDABCCABCABDBACDDCAACAABCABACBCCABCACBCCCCCBDCACDBBBCBCBACCACACAACCCBABADCCCAAABBCCBB	['B1A', 'C2A', 'C3A', 'D20C', 'B30D', 'D35C', 'D36A', 'C37A', 'B60C', 'A63D', 'D77C', 'B88C']	12	-3.2860694	-8.160166	-9.519359	-1.3591928
BCCDDDCDCDDDBCDDABCDABCABDBACBDCAADACBCABACBCCABCACBCCCCCBDBACDBBBCBCBCCCACADAACCCBABADBCBAAABBCCBB	['D13B', 'D36A', 'A63D', 'A71C', 'C90B']	5	-3.289836	-7.7964935	-9.159452	-1.3629589
BCCDDDCDCDDDBCDDABCDABCABDBACBDCAADACBCABACBCCABCACBCCCCCBDBACDBBBCBCBCCCACADAACCCBABADBCBAAABBCCBB	['D13B', 'D36A', 'A63D', 'A71C', 'C90B']	5	-3.289836	-7.7964935	-9.159452	-1.3629589
BCCDDDCDCADDBCDDABCDABCABDBACBDCAADDCBCACACBCCABCACBCCCCDBDCACDBBBCBCBACCACADAACCCBABADBCCAAABBCCBB	['D10A', 'D13B', 'B41C', 'C57D', 'B60C', 'A63D']	6	-3.2899356	-6.969709	-8.332776	-1.3630672
BCCDDDCDCCDDDCDDABCDABCABDBACBDCAADACBCABACBCCABCACBCCCCCBDCCCDBBBCBCCAACACADAACCCBABADBCCAABBBCCBB	['D10C', 'D36A', 'B60C', 'A61C', 'A63D', 'B70C', 'C72A', 'A93B']	8	-3.2929935	-6.8999	-8.266019	-1.3661189
BCCDDDCDCCDDDCDDABCDABCABDBACBDCAADACBCABACBCCABCACBCCCCCBDCCCDBBBCBCCAACACADAACCCBABADBCCAABBBCCBB	['D10C', 'D36A', 'B60C', 'A61C', 'A63D', 'B70C', 'C72A', 'A93B']	8	-3.2929935	-6.8999	-8.266019	-1.3661189
BCCDDDCDCDDDBCDDABCDABCABDBACBDCAACACBCABACBCCABCACBCCCCCBDBADDCBBCBCBACCCCADAACCCBABADBCBAAABBCCBB	['D13B', 'D35C', 'D36A', 'C62D', 'A63D', 'B64C', 'A74C', 'C90B']	8	-3.298191	-8.196908	-9.56822	-1.3713121
BCCDDDCDCCDDDCCDABCDABCABDBACBDCAACDBBCABACBCBABCACBCBCCCBDBACDBBBCBCBACCACADAACCCBABADBCCAAABBCCBB	['D10C', 'D15C', 'D35C', 'C37B', 'C46B', 'C54B', 'A63D']	7	-2.5888138	-7.0741515	-8.447578	-1.3734269
BCCDDDCDCBDDDCDDABCDABCABDBACDDCAACCCBCABACBCCABCACBCCCCCBDBADDBBBCBCBADCACACAACCCBABADCCCAABBBCCBB	['D10B', 'B30D', 'D35C', 'D36C', 'C62D', 'A63D', 'C72D', 'D77C', 'B88C', 'A93B']	10	-3.302032	-9.166267	-10.541424	-1.3751564
AAADDDCDCDDDDCDDABCDABCABDBACBDCAACDABCACACBCCABCACBCCCCCBDBADDBBBCBCBCCCACACAACCCBABADBCCAABBBCCBB	['B1A', 'C2A', 'C3A', 'D35C', 'C37A', 'B41C', 'C62D', 'A63D', 'A71C', 'D77C', 'A93B']	11	-3.303567	-9.195953	-10.572646	-1.3766928
BCCDDDCDCDDDDCDDABDDABCABDBACBDCAACDCBCACACBCCABCACBCCCCCBDBACDBBACBCBACCACADAACCCBABADBCCAAABBCCBB	['C19D', 'D35C', 'B41C', 'A63D', 'B66A']	5	-3.3062959	-8.883013	-10.262433	-1.3794203
BCCDDDCDCADDBCCDABBAABCABDBACBDDAADACBCABACBCDBBCACBCCCCCCDBACDCBBCBCBACCACADAACCCBBBADBCCADABBCCBB	['D10A', 'D13B', 'D15C', 'C19B', 'D20A', 'C32D', 'D36A', 'C46D', 'A47B', 'B58C', 'A63D', 'B64C', 'A84B', 'A92D']	14	-3.6971865	-3.306355	-5.0766745	-1.379488
AAADDDCDCCDBDCDDABCDABCABDBACBDCAADDABCABACBCCABCACBCCCCCBDBADBBBBCBCBACCACADAACCCBABADBCCAAABBCCBB	['B1A', 'C2A', 'C3A', 'D10C', 'D12B', 'C37A', 'C62D', 'A63B']	8	-3.3119416	-6.356209	-7.7412786	-1.3850698
BCCDDDCDCADDBCDDABCDABCABDBACBDCCADDABCABACBBCABCACBCCCCCBDBADDBBBCBCBCABACADAACCCBABADBCBAABBBCCBB	['D10A', 'D13B', 'A33C', 'C37A', 'C45B', 'C62D', 'A63D', 'A71C', 'C72A', 'C73B', 'C90B', 'A93B']	12	-3.3158379	-6.720296	-8.109256	-1.3889599
BCCDDDCDCDDDDCDDABCCABCABDBACBDCAADDCBCABACBCCABCACBCCCCDBDBADDBBBCBCBCCCACACAACCCBABADBCCAABBBCCBB	['D20C', 'C57D', 'C62D', 'A63D', 'A71C', 'D77C', 'A93B']	7	-3.318468	-9.314251	-10.705844	-1.391593
BCCDDDCDCCDDBCDDABCAABCABDBACBDCAADDCBCABACBCDABCACBCCCCCBDBACACBBBBCBACCACACAACCCBABADBCBAAABBCCBB	['D10C', 'D13B', 'D20A', 'C46D', 'B64C', 'C67B', 'D77C', 'C90B']	8	-3.32024	-5.435315	-6.8286896	-1.3933744
BCCDDDCDCCDDDCDDABBDABCABDBACBDCAACABBCABACBBCABCACBCCCCCBDBACDBBBCBCBACCACACAACCCBACADBCCACBBBCCBB	['D10C', 'C19B', 'D35C', 'D36A', 'C37B', 'C45B', 'A63D', 'D77C', 'B85C', 'A92C', 'A93B']	11	-3.3249645	-7.6640577	-9.062152	-1.3980942
BCCDDDCDCDDDDCDDABCCABCABDBACBDCAADABBCABACBCCABCACBCCCCCBDBACBBBBCBCBACCACADAACCCBABADBCCAAABBCCBB	['D20C', 'D36A', 'C37B', 'A63B']	4	-3.32765	-7.089863	-8.490637	-1.400774
AAADDDCDCDDDDCDDABCDABCABDBACBDCAADDCBAABACBCCABCACBCCCCCBDBADDBBBCBCBCCCACADAACCCBABADBCCAAABBCCBB	['B1A', 'C2A', 'C3A', 'C39A', 'C62D', 'A63D', 'A71C']	7	-3.3290663	-8.958554	-10.360743	-1.4021883
BCCDDDCDCDDDDDDDABCDABCABDBACBDCCADDCBCABACBCCABCACBCCCCCBDBADDBBBCBCBCCCACADAACCCBABADBCCAABBBCCBB	['C14D', 'A33C', 'C62D', 'A63D', 'A71C', 'A93B']	6	-3.3296041	-8.574719	-9.977448	-1.402729
BCCDDDCDCDDDDCCDABBDABCABDBACBDCAACDCBCABACBCCABCACBCCCCDBDBADDBBBCBCBACCACADAACCDBABADBCCAAABBCCBB	['D15C', 'C19B', 'D35C', 'C57D', 'C62D', 'A63D', 'C82D']	7	-3.3296905	-10.931208	-12.334023	-1.4028158
BCCDDDCDCDDCDDDDABCDABCABDBACDDCAACCCBCABACBCCABCACBCCCCCBDCACDBBBCBBBBCCACACAACCCBABADBCCAAABBCCBB	['D12C', 'C14D', 'B30D', 'D35C', 'D36C', 'B60C', 'A63D', 'C69B', 'A71B', 'D77C']	10	-3.334124	-7.881667	-9.288914	-1.4072466
BCCDDDCDCADDDCDDABCDADCABDBACBDCAADDCBCACACBCDABCACBCCCCCBDCADACBBCBCBACCACACAACCCBACADBCCAAABBCCBB	['D10A', 'B22D', 'B41C', 'C46D', 'B60C', 'C62D', 'B64C', 'D77C', 'B85C']	9	-3.3364177	-7.1123524	-8.521901	-1.4095488
BCCDDDCDCDDDDCDDABCAABCABDBACBDCAACACBCABACBCDABCACBCCCCCBDBADDBBBCBCBACBACADAACCCBABADBCBAAABBCCBB	['D20A', 'D35C', 'D36A', 'C46D', 'C62D', 'A63D', 'C73B', 'C90B']	8	-3.3368702	-10.087492	-11.497484	-1.4099922
BCCDDDCDCDDDBCCDAABDABCABDBACDDCBADDCBCABACBCCABCACBCCCCCBDCACDBBBCBCBACCACACAACCCBABADCCBAABBBCCBB	['D13B', 'D15C', 'B18A', 'C19B', 'B30D', 'A33B', 'B60C', 'A63D', 'D77C', 'B88C', 'C90B', 'A93B']	12	-3.3369765	-8.5708475	-9.98095	-1.4101028
BCCDDDCDCDDDDCDDABCDABCABDBACBDCAACDBBCACACBCCABCACBCCCCCBDBACDBBBCBCBBCCACACAACCCBABADBCCAABBBCCBB	['D35C', 'C37B', 'B41C', 'A63D', 'A71B', 'D77C', 'A93B']	7	-3.338183	-8.642467	-10.053777	-1.4113102
AAADDDCDCBDDBCDDABCAABCABDBACBDCAADACBCACACBCDABCACBCDCCCBDBACDBBBCBCBACBACADAACCCBABADBCBAAABBCCBB	['B1A', 'C2A', 'C3A', 'D10B', 'D13B', 'D20A', 'D36A', 'B41C', 'C46D', 'C54D', 'A63D', 'C73B', 'C90B']	13	-1.4119835	-5.2259035	-6.637892	-1.4119883
BCCDDDCDCDDCDDDDABCDABCABDBACBDCAACABBCABACBCCABCACBCCCCCBDBACDBBBCBCBACCACADAACCCBABADBCCAABBBCCBB	['D12C', 'C14D', 'D35C', 'D36A', 'C37B', 'A63D', 'A93B']	7	-3.3400707	-7.82839	-9.241583	-1.4131927
AAADDDCDCADDBCDDABCDABCABDBACBDCAACDABCABACBCCABCACBCCCCDBDBACDBBBCBCBACCACADAACCCBABADBCCAABBBCCBB	['B1A', 'C2A', 'C3A', 'D10A', 'D13B', 'D35C', 'C37A', 'C57D', 'A63D', 'A93B']	10	-3.3411188	-6.733954	-8.1482	-1.4142461
BCCDDDCDCCDDDCCDABCDABCABDBACBDCAACDCBCABACBCCABCACBCCDCDBDBACDBBBCBBBADCACADAACCCBABADBCCAAABBCCBB	['D10C', 'D15C', 'D35C', 'C55D', 'C57D', 'A63D', 'C69B', 'C72D']	8	-3.3437958	-7.135502	-8.5524235	-1.4169216
BCCDDDCDCDDDDCDDABCDABCABDBACBDCAACACBCACACBCCABCACBCCCCCBDBACDBBBCBCBACCACADAACCCBABADBCBAAABBCCBB	['D35C', 'D36A', 'B41C', 'A63D', 'C90B']	5	-3.3448195	-9.614401	-11.032346	-1.4179449
BCCDDDCDCDDDBDDDABCDABCABDBACBDCAACDCBCACACBCCABCACBCCCCCBDBACDBBBCBCBBACACADAACCCBABADBCCAABBBCCBB	['D13B', 'C14D', 'D35C', 'B41C', 'A63D', 'A71B', 'C72A', 'A93B']	8	-3.3458047	-7.4622564	-8.881183	-1.4189262
BCCDDDCDCDDDDCDDABCDABCABDBACBDCAADDCBCABACBCBABCACBCDCCCBDBACACBBCBCBACCACADAACCBBABADBCCAAABBCCBB	['C46B', 'C54D', 'B64C', 'C82B']	4	-1.4193783	-6.0690894	-7.488473	-1.4193835
BCCDDDCDCDDDBCDDABCCABCABDBACBDCAADDCBCABACBCCABCACBCCCCCBDBACDBBBCBCBCCCACADAACCCBABADBCCAAABBCCBB	['D13B', 'D20C', 'A63D', 'A71C']	4	-3.347087	-6.8822465	-8.30246	-1.4202132
BCCDDDCDCDDDDDDDABCAABCABDBACDDCAACACBCABACBCCABCACBCCCCCBDBADDBBBCBCBBCCACADAACCCBABADCCCAAABBCCBB	['C14D', 'D20A', 'B30D', 'D35C', 'D36A', 'C62D', 'A63D', 'A71B', 'B88C']	9	-3.3478622	-8.403091	-9.824075	-1.4209833
BCCDDDCDCDDDDCDCABCCABCABDBACBDCAADACBCABACBCCABCACBCCCCCBDBACABBBCBABACCACADAACCCBABADBCCAAABBCCBB	['D16C', 'D20C', 'D36A', 'C69A']	4	-3.3488312	-7.0575185	-8.479477	-1.4219584
BCCDDDCDCDDDDCCDABCCABCABDBACBDCAADABBCABACBCCABCACBCCCCDBDBACACBBCBCBACCACADAACCCBABADBCCAAABBCCBB	['D15C', 'D20C', 'D36A', 'C37B', 'C57D', 'B64C']	6	-3.3565903	-8.088726	-9.518441	-1.4297152
AAADDDCDCDDDDCDDABCDABCABDBACBDCAACDCBCABACBCCABCACBCCCCCBDBACDBBBCBCBCCCACACAACCCBABADBCCAAABBCCBB	['B1A', 'C2A', 'C3A', 'D35C', 'A63D', 'A71C', 'D77C']	7	-3.357717	-8.60043	-10.031275	-1.4308453
BCCDDDCDCDDBDCCDABCCABCABDBACBDCAADABBCABACBCCABCACBCCCCDBDCADABBBCBCBADCACADAACCCBABADBCCAAABBCCBB	['D12B', 'D15C', 'D20C', 'D36A', 'C37B', 'C57D', 'B60C', 'C62D', 'C72D']	9	-3.3578477	-8.048793	-9.479771	-1.4309778
BCCDDDCDCCDDBCDDABCDABCABDBACBDCAADDCBCACACBCCABCACBCCCCCBDBACDBBBCBCBACCCCACAACCCBABADBCBAABBBCCBB	['D10C', 'D13B', 'B41C', 'A63D', 'A74C', 'D77C', 'C90B', 'A93B']	8	-3.3593092	-7.360756	-8.793192	-1.432436
BCCDDDCDCDDDBCDDABCCABCABDBACBDCAADAABCABACBCCABCACBCCCCCBDBADDBBBCBCBACBACADAACCCBABADBCBAAABBCCBB	['D13B', 'D20C', 'D36A', 'C37A', 'C62D', 'A63D', 'C73B', 'C90B']	8	-3.3624167	-8.799242	-10.234782	-1.4355402
BCCDDDCDCCDDDCDDABCDABCABDBACBDCAADDCBCACACBCCABCACBCCCCCBDBACABBBCBCBACCACADAACCCBACADBCCAABBBCCBB	['D10C', 'B41C', 'B85C', 'A93B']	4	-3.3628807	-7.8664355	-9.302447	-1.4360118
BCCDDDCDCDDDDCDDABCDABCABDBACBDCAACABBCABACBCCABCACBCCCCCBDBADDBBBCBCBCCCACACAACCCBABADBCCAABBBCCBB	['D35C', 'D36A', 'C37B', 'C62D', 'A63D', 'A71C', 'D77C', 'A93B']	8	-3.3632731	-8.974367	-10.410764	-1.4363966
BCCDDDCDCADDDCCDABCAABCABDBACDDCAACCABCACACBCCABCACBCCCCCBDBACDBBBCBCBACCACADAACCCBACADCCCAAABBCCBB	['D10A', 'D15C', 'D20A', 'B30D', 'D35C', 'D36C', 'C37A', 'B41C', 'A63D', 'B85C', 'B88C']	11	-3.3710365	-8.023175	-9.467338	-1.4441624
BCCDDDCDCADDBCDDABCDABCABDBACBDCAADDABCABACBCDABCACBCCCCCBDBACDBBBCBCBCCCACACAACCCBABADBCBAAABBCCBB	['D10A', 'D13B', 'C37A', 'C46D', 'A63D', 'A71C', 'D77C', 'C90B']	8	-3.3721228	-5.68633	-7.1315813	-1.4452515
BCCDDDCDCDDDDCDDABCDABCABDBACBDCAACDABCABACBCDABCACBCCCCCBDBADDBBBCBCBBCBACACAACCCBABADBCBAABBBCCBB	['D35C', 'C37A', 'C46D', 'C62D', 'A63D', 'A71B', 'C73B', 'D77C', 'C90B', 'A93B']	10	-3.3729935	-10.2695465	-11.715666	-1.4461193
BCCDDDCDCCDDDCDDABCDABCABDBACBDCAADDCBCABACBCCABCACBCCCCCBDBADBBBBCCCBBCCACACAACCCBABADBCCAABBBCCBB	['D10C', 'C62D', 'A63B', 'B68C', 'A71B', 'D77C', 'A93B']	7	-3.3737154	-7.832248	-9.279092	-1.4468436
BCCDDDCDCADDBDDDABCDABCABDBACBDCAADDCBCABACBCCABCACBCCCCCBDBADDBBBCBCBCCCCCACAACCCBABADBCCAAABBCCBB	['D10A', 'D13B', 'C14D', 'C62D', 'A63D', 'A71C', 'A74C', 'D77C']	8	-3.375064	-5.8670764	-7.3152704	-1.448194
BCCDDDCDCCDDDCDDABCDABCABDBACBDCAADDCBCABACBCDABCACBCCCCCBDBADDBBBCBCBAABACACAACCCBABADBCBAABBBCCBB	['D10C', 'C46D', 'C62D', 'A63D', 'C72A', 'C73B', 'D77C', 'C90B', 'A93B']	9	-3.3752198	-9.194319	-10.642666	-1.4483471
BCCDDDCDCDDDBCDDABCDABCCBDBACBDCBADDCBCABACBCCABCACBBDCCCBDBACDBBBCBCBBCBACACAACCCBABADBCBAAABBCCBB	['D13B', 'A24C', 'A33B', 'C53B', 'C54D', 'A63D', 'A71B', 'C73B', 'D77C', 'C90B']	10	-1.4483733	-6.1859026	-7.63428	-1.4483776
BCCDDDCDCADBDCCDABDAABCABDBACDDCAADDCBCABACBCCABCACBCCCCCBDBACDBBBCBCBBCCACADAACCCBABADCCCAAABBCCBB	['D10A', 'D12B', 'D15C', 'C19D', 'D20A', 'B30D', 'A63D', 'A71B', 'B88C']	9	-3.3758178	-5.8561044	-7.305051	-1.4489465
AAADDDCDCDABDCCDABBDABCABDBACBDCAADDCBCABACBCCABCACBCCCCCBDBACCBBBCBCBACCACADAACCDBABADBCCAAABBCCBB	['B1A', 'C2A', 'C3A', 'D11A', 'D12B', 'D15C', 'C19B', 'A63C', 'C82D']	9	-3.3763685	-7.4758654	-8.925367	-1.449502
AAADDDCDCDDDDCDDABCDABCABDBACBDCAADACBCABACBCCABCACBCCCCCBDBADDBBBCBBBACCACADAACCCBABADBCCAAABBCCBB	['B1A', 'C2A', 'C3A', 'D36A', 'C62D', 'A63D', 'C69B']	7	-3.3783784	-7.9195056	-9.371008	-1.4515023
BCCDDDCDCADDDCDDABCDABCABDBACBDDBADBCBCABADBCDBBCACBCBCCCBDBADDDBBCBCBBCBACADAACCCBABADBCBAABBBCCBB	['D10A', 'C32D', 'A33B', 'D36B', 'C43D', 'C46D', 'A47B', 'C54B', 'C62D', 'A63D', 'B64D', 'A71B', 'C73B', 'C90B', 'A93B']	15	-2.6671953	-7.0690346	-8.520845	-1.4518108
BCCDDDCDCCDDDDCDABADABCABDBACBDCAADDABCABACBCCABCAABCCCCCBDBACABBBCBCBBCCACADAACCCBABADBCCAAABBCCBB	['D10C', 'C14D', 'D15C', 'C19A', 'C37A', 'C51A', 'A71B']	7	-3.3803825	-6.5444794	-7.9979916	-1.4535122
BCCDDDCDCDDDDCDDABADABCABDBACBDCAADDCBCABACBCCABCACBCCCCCBDBACDBBBCBCBCCCACADAACCCBABADBCBAAABBCCBB	['C19A', 'A63D', 'A71C', 'C90B']	4	-3.383172	-8.022609	-9.478907	-1.4562979
BCCDDDCDCCDDDCDDABCDABCABDBACBDCAADDCBCABACBCCABCACBCCCCCBDBACDBBBCBCCACCACADAACCCBABADBCBAAABBCCBB	['D10C', 'A63D', 'B70C', 'C90B']	4	-3.3836074	-7.4244666	-8.8812	-1.4567332
BCCDDDCDCADDDCDDBBCDABCABDBACBDCAADDBBCABACBCCABCACBCCCCDBDCACDBBBCBCBACCACACAACCCBABADBCCAABBBCCBB	['D10A', 'A17B', 'C37B', 'C57D', 'B60C', 'A63D', 'D77C', 'A93B']	8	-3.3871598	-7.3236904	-8.7839775	-1.4602871
BCCDDDCDCDDDDCDDABCDABCABDBACBDCAADACBCABACBCCABCACBCCCCCBDBACDBBBBBABACCACADAACCCBABADBCCAAABBCCBB	['D36A', 'A63D', 'C67B', 'C69A']	4	-3.3879838	-8.256405	-9.717515	-1.4611101
AAADDDCDCDDDDCDDABCDABCABDBACBDCAACCCBBACACBCCABCACBCCCCCBDBACDBBBCBCBBCCACADAACCCBABADDCCAABBBCCBB	['B1A', 'C2A', 'C3A', 'D35C', 'D36C', 'C39B', 'B41C', 'A63D', 'A71B', 'B88D', 'A93B']	11	-3.38874	-10.040052	-11.501911	-1.4618587
BCCDDDCDCCDDDCDDABCDABCABDBACBDCAADDCBCABACBCCABCACBCCCCCBDBACDBBBCBCBACCACADAACCCBABADBCCAAABBCCBB	['D10C', 'A63D']	2	-3.38981	-7.3981624	-8.861098	-1.4629359
BCCDDDCDCDDDBDDDABCDABCABDBACBDCAADACBCABACBCBABCACBCCCCCBDBACDDBBCBCBBCCACACAACCCBABADBCBAABBBCCBB	['D13B', 'C14D', 'D36A', 'C46B', 'A63D', 'B64D', 'A71B', 'D77C', 'C90B', 'A93B']	10	-3.3918853	-7.511662	-8.976674	-1.4650121
BCCDDDCDCDDDDCDDABCDABCABDBACBDCAADACBCABACBCCABCACBCCCCDBDBACDBBBCBCBCCCACADAACCCBABADBCCAAABBCCBB	['D36A', 'C57D', 'A63D', 'A71C']	4	-3.3922977	-8.936914	-10.402339	-1.4654245
BCCDDDCDCDDBDCCDABBDABCABDBACBDCAADACBCABACBCCABCACBCCCCCBDCACDBBBCBCBACCACADAACCCBABADBCBAAABBCCBB	['D12B', 'D15C', 'C19B', 'D36A', 'B60C', 'A63D', 'C90B']	7	-3.3942065	-8.553067	-10.020399	-1.4673319
BCCDDDCDCDDDDCDDABCDABCABDBACDDCAACAABCABACBCCABCACBBCCCCBDBACDBBACBCBCCCADADAACCCBABADCCCAAABBCCBB	['B30D', 'D35C', 'D36A', 'C37A', 'C53B', 'A63D', 'B66A', 'A71C', 'C75D', 'B88C']	10	-3.3973427	-8.55816	-10.028631	-1.4704714
AAADDDCDCDDDDCDDABCDABCABDBACBDCAACDBBCACACBCCABCACBCCCCCBDBACDBBBCBCBACCACADAACCCBABADBCCAAABBCCBB	['B1A', 'C2A', 'C3A', 'D35C', 'C37B', 'B41C', 'A63D']	7	-3.3984456	-8.393495	-9.865067	-1.4715719
BCCDDDCDCDDDDCDDABCDABCABDBACBDCAADDCBCABACBCCABCACBCCCCCBDBACDBBBCBCBBCCACACAACCCBABADBCBAABBBCCBB	['A63D', 'A71B', 'D77C', 'C90B', 'A93B']	5	-3.4012246	-8.890764	-10.365113	-1.474349
BCCDDDCDCCDDDCDDABCCABCABDBACDDCAACCCBCABACBCCABCACBCCCCCBDBCDDBBBCBCBACCCCACAACCCBABADCCCAABBBCCBB	['D10C', 'D20C', 'B30D', 'D35C', 'D36C', 'A61C', 'C62D', 'A63D', 'A74C', 'D77C', 'B88C', 'A93B']	12	-3.40166	-8.988915	-10.463699	-1.4747839
AAADDDCDCBDDDCDDABCDABCABDBACDDCAACAABCACACBCCABCACBCDCCCBDBADDBBBCBCBCCCACADAACCCBABADCCBAABBBCCBB	['B1A', 'C2A', 'C3A', 'D10B', 'B30D', 'D35C', 'D36A', 'C37A', 'B41C', 'C54D', 'C62D', 'A63D', 'A71C', 'B88C', 'C90B', 'A93B']	16	-1.4754925	-6.2153745	-7.6908674	-1.475493
BCBDDDCDCCDDDCDDABCDABCABDBACBDCAADDCBCABACBCCABCACBCCCCCBDBACDBBBCBCBACCACACAACCCBABADBCCAABBBCCBB	['C3B', 'D10C', 'A63D', 'D77C', 'A93B']	5	-3.405303	-7.9114556	-9.389883	-1.4784274
BCCDDDCDCDDDDCDDABCDABCABDBACBDCAADDCBCACDCBCDABCACBCCCCCBDCADDBBBCBCBACCACACAACCCBABADBCBAAABBCCBB	['B41C', 'A42D', 'C46D', 'B60C', 'C62D', 'A63D', 'D77C', 'C90B']	8	-3.4061594	-9.708857	-11.188143	-1.4792862
BCCDDDCDCDDDDCDDABCCABCABDBACBDCAADACBCABACBCCABCACBCCCCCBDBADACBBCBCBACCACADAACCCBABADBCCAAABBCCBB	['D20C', 'D36A', 'C62D', 'B64C']	4	-3.406443	-8.0504265	-9.529994	-1.4795675
BCCDDDCDCBDBDCCDABBAABCABDBACBDCAADDABCABACBCCABCACBCDCCDBDBADDBBBCBCBBCBACADAACCCBBBADBCBAABBBCCBB	['D10B', 'D12B', 'D15C', 'C19B', 'D20A', 'C37A', 'C54D', 'C57D', 'C62D', 'A63D', 'A71B', 'C73B', 'A84B', 'C90B', 'A93B']	15	-1.4813061	-4.796273	-6.2775803	-1.481307
BCCDDDCDCCDDBCDDABCDABCABDBACBDCAADDCBCACACBCCABCACBCCCCCBDBADCBBBCBCBCDCACADAACCCBABADBCCAAABBCCBB	['D10C', 'D13B', 'B41C', 'C62D', 'A63C', 'A71C', 'C72D']	7	-3.4090161	-6.18561	-7.667759	-1.4821491
BCCDDDCDCCDDBCDDABCCABCABDBACBDCAADDCBCABACBCCABCACBCCCCCBDBACDBDBCBCBACCACADAACCCBABADBCCAAABBCCBB	['D10C', 'D13B', 'D20C', 'A63D', 'B65D']	5	-3.410585	-6.3024693	-7.7861853	-1.483716
BCCDDDCDCDDDBCDDABCCABCABDBACBDCAADACBCABACBCCABCACBCCCCCBDBACDBBBCBCBACCACADAACCCBABADBCCAAABBCCBB	['D13B', 'D20C', 'D36A', 'A63D']	4	-3.4112544	-7.4046254	-8.889005	-1.4843793
BCCDDDCDCDDDDCDDABCDABCABDBACBDCAADDCBCABACBCCABCACBCCCCCBDBACDBBBCBCBBACACACAACCCBABADBCBAABBBCCBB	['A63D', 'A71B', 'C72A', 'D77C', 'C90B', 'A93B']	6	-3.415555	-8.376576	-9.865254	-1.488678
BCCDDDCDCDDDDCDDABCDABCABDBACBDCAADDCBCABACBCCABCACBCCCCCBDBACDBBBCBCBBACACACAACCCBABADBCBAABBBCCBB	['A63D', 'A71B', 'C72A', 'D77C', 'C90B', 'A93B']	6	-3.415555	-8.376576	-9.865254	-1.488678
BCCDDDCDCDDDDCCDABBDABCABDBACBDCABDDCBCABACBCCABCACBCCCCCBDBADDCBBBBCBACCACADAACCCBABADBCCAAABBCCBB	['D15C', 'C19B', 'A34B', 'C62D', 'A63D', 'B64C', 'C67B']	7	-3.4164305	-8.8641815	-10.353731	-1.4895496
BCCDDDCDCDDCBDDDABCDABCABDBACBDCAACDBBCABACBCCABCACBCCDCCBDBACDBBBCBCBACCACADAACCCBBBADBCCAAABBCCBB	['D12C', 'D13B', 'C14D', 'D35C', 'C37B', 'C55D', 'A63D', 'A84B']	8	-3.4171004	-4.9978805	-6.4881086	-1.4902282
BCCDDDCDCADDBCDDABCDABCABDBACDDCADDACBCABACBCCABCACBCCCCCBDBACDBBBCBCBBCCACADAACCCBABADCCCAABBBCCBB	['D10A', 'D13B', 'B30D', 'A34D', 'D36A', 'A63D', 'A71B', 'B88C', 'A93B']	9	-3.4186234	-6.902004	-8.393756	-1.4917521
BCCDDDCDCCDBDCDDABCDABCABDBACBDCAADACBCACACBCCABCACBCCCCDBDBDCABBBCBCBACCACADAACCCBABADBCCAABBBCCBB	['D10C', 'D12B', 'D36A', 'B41C', 'C57D', 'A61D', 'A93B']	7	-3.4194193	-8.057218	-9.549764	-1.4925461
BCCDDDCDCCDDDCDDABCDABCABDBACBDCAADDCBCABACBCCABCACBCCCCCBDBACDBBBCBCBACCACACAACCCBABADBCBAABBBCCBB	['D10C', 'A63D', 'D77C', 'C90B', 'A93B']	5	-3.4199944	-8.142098	-9.635217	-1.4931183
BCCDDDCDCCDDDCDDABCDABCABDBACBDCAADDCBCABACBCCABCACBCCCCCBDBACDBBBCBCBACCACACAACCCBABADBCBAABBBCCBB	['D10C', 'A63D', 'D77C', 'C90B', 'A93B']	5	-3.4199944	-8.142098	-9.635217	-1.4931183
BCCDDDCDCCDDDCDDABCDABCABDBACBDCAADDCBCABACBCCABCACBCCCCCBDBACDBBBCBCBACCACACAACCCBABADBCBAABBBCCBB	['D10C', 'A63D', 'D77C', 'C90B', 'A93B']	5	-3.4199944	-8.142098	-9.635217	-1.4931183
BCCDDDCDCCDDDCDDABCDABCABDBACBDCAADDCBCABACBCCABCACBCCCCCBDBACDBBBCBCBACCACACAACCCBABADBCBAABBBCCBB	['D10C', 'A63D', 'D77C', 'C90B', 'A93B']	5	-3.4199944	-8.142098	-9.635217	-1.4931183
AAADDDCDCDDBDCDDABCCABCABDBACBDCAADDCBCABACBCCABCACBCCCCCBDBACDBBBCBCBACCACADAACCCBABADBCCAAABBCCBB	['B1A', 'C2A', 'C3A', 'D12B', 'D20C', 'A63D']	6	-3.4203577	-7.3091617	-8.802647	-1.493485
AAADDDCDCDDBDCDDABBDABCABDBACDDCAACAABCABACBCCABCACBCCCCDBDBACDBBBCBCBDACACADAACCCBABADBCCAAABBCCBB	['B1A', 'C2A', 'C3A', 'D12B', 'C19B', 'B30D', 'D35C', 'D36A', 'C37A', 'C57D', 'A63D', 'A71D', 'C72A']	13	-3.4255395	-7.9175663	-9.416229	-1.498663
BCCDDDCDCADDBDDDABBDABCABDBACBDCAADDCBCABACBCCABCACBCCCCCBDBACDCBBCBCBACCACADAACCCBABADBCBAAABBCCBB	['D10A', 'D13B', 'C14D', 'C19B', 'A63D', 'B64C', 'C90B']	7	-3.4290185	-5.398236	-6.900387	-1.502151
BCCDDDCDCDDDDCDDABCDABCABDBACBDCAADDCBCACACBCCABCACBCDCCCBDBADDBBBCBCBACCACACAACCBBABADBCCAAABBCCBB	['B41C', 'C54D', 'C62D', 'A63D', 'D77C', 'C82B']	6	-1.5063629	-7.7450075	-9.251368	-1.50636
BCCDDDCDCDDDBDDDABCCABCABDBACBDAAACABBCABACBCDABCACBCDDCDBDBCDDBBBCBCBCAAACADAACCCBBBADBCBBDABBCCBB	['D13B', 'C14D', 'D20C', 'C32A', 'D35C', 'D36A', 'C37B', 'C46D', 'C54D', 'C55D', 'C57D', 'A61C', 'C62D', 'A63D', 'A71C', 'C72A', 'C73A', 'A84B', 'C90B', 'A91B', 'A92D']	21	-0.6925473	-2.5604043	-4.0707455	-1.5103412
BCCDDDCDCDDBDCDDABCDABCABDBACBDCCACDBBCACACBCCABCACBCCCCCBDBACABBBCBCBBACACADAACCCBABADBCCAABBBCCBB	['D12B', 'A33C', 'D35C', 'C37B', 'B41C', 'A71B', 'C72A', 'A93B']	8	-3.4442906	-7.1711054	-8.688521	-1.517416
AAADDDCDCDDDDCDDABCDABCABDBACBDCAADDCBCACACBCCABCACBCCCCCBDCACDBBBCBCBACCACACAACCCBABADBCCAAABBCCBB	['B1A', 'C2A', 'C3A', 'B41C', 'B60C', 'A63D', 'D77C']	7	-3.4462686	-8.772346	-10.291739	-1.5193939
BCCDDDCDCDDDDCCDABCDABCABDBACBDCAADDABCABACBCCABCACBCDCCCBDBADDBBBCBCBACCACADAACCBBABADBCCAABBBCCBB	['D15C', 'C37A', 'C54D', 'C62D', 'A63D', 'C82B', 'A93B']	7	-1.5230651	-7.442196	-8.965258	-1.5230618
BCCDDDCDCDDDDCCDABCDABCABDBACBDCAADDABCABACBCCABCACBCDCCCBDBADDBBBCBCBACCACADAACCBBABADBCCAABBBCCBB	['D15C', 'C37A', 'C54D', 'C62D', 'A63D', 'C82B', 'A93B']	7	-1.5230651	-7.442196	-8.965258	-1.5230618
AAADDDCDCDDDDCCDABCDABCABDBACBDCAADDCBCACACBCCABCACBCCCCCBDBACABBBCBCBACCACADAACCDBABADBCCAABBBCCBB	['B1A', 'C2A', 'C3A', 'D15C', 'B41C', 'C82D', 'A93B']	7	-3.4520812	-9.863108	-11.38831	-1.5252028
AAADDDCDCDDDDCCDABCDABCABDBACBDCAADDCBCACACBCCABCACBCCCCCBDBACABBBCBCBACCACADAACCDBABADBCCAABBBCCBB	['B1A', 'C2A', 'C3A', 'D15C', 'B41C', 'C82D', 'A93B']	7	-3.4520812	-9.863108	-11.38831	-1.5252028
BCCDDDCDCADCBCDDABCDABCABDBACBDCAADDCBCABACBCCABCACBCCCCCBDBACDBBBCBCBACCACADAACCCBABADBCCAAABBCCBB	['D10A', 'D12C', 'D13B', 'A63D']	4	-3.4547815	-5.824918	-7.352831	-1.5279131
BCCDDDCDCBDDDDDDABCDABCABDBACBDCAADDABCACACBCDABCACBCCCCCBDBADDBBBCBCBACCACACAACCCBABADACCAABBBCCBB	['D10B', 'C14D', 'C37A', 'B41C', 'C46D', 'C62D', 'A63D', 'D77C', 'B88A', 'A93B']	10	-3.458218	-7.6389503	-9.170295	-1.5313444
BCCDDDCDCDDDDCDDABCAABCABDBACBDCAADDABCACACBCDABCACBCCCCCBDBADDCBBCBCBACACCACAACCCBABADBCBAABBBCCBB	['D20A', 'C37A', 'B41C', 'C46D', 'C62D', 'A63D', 'B64C', 'C73A', 'A74C', 'D77C', 'C90B', 'A93B']	12	-3.4594479	-7.818522	-9.351093	-1.5325713
AAADDDCDCDDDDCCDABCCABCABDBACBDDAACABBCACACBCBBBCACBCCCCDBDBACABBBCBCBACCACACAACCDBABADBCBAAABBCCBB	['B1A', 'C2A', 'C3A', 'D15C', 'D20C', 'C32D', 'D35C', 'D36A', 'C37B', 'B41C', 'C46B', 'A47B', 'C57D', 'D77C', 'C82D', 'C90B']	16	-3.4598236	-10.582073	-12.115019	-1.5329456
AAADDDCDCADDDCCDABCDABCABDBACBDCAADACBCACACBCCABCACBCCCCDBDBDCCDBBCBCBACCACADAACCCBABADBCCAABBBCCBB	['B1A', 'C2A', 'C3A', 'D10A', 'D15C', 'D36A', 'B41C', 'C57D', 'A61D', 'A63C', 'B64D', 'A93B']	12	-3.4599733	-7.5073466	-9.040451	-1.5331044
BCCDDDCDCCDDDCDDABCDABCABDBACBDCAADDCBCABACBCCABCACBCCCCCBDBACDBBBCBCBACCACADAACCCBABADBCCAABBBCCBB	['D10C', 'A63D', 'A93B']	3	-3.4607782	-7.6244874	-9.158391	-1.5339036
BCCDDDCDCDDCBCDDABCDABCABDBACBDCDADDCBCABADBCCABCACBCCCCCBDBACCCBBBBCBACCACADAACCCBABADBCCAAABBCCBB	['D12C', 'D13B', 'A33D', 'C43D', 'A63C', 'B64C', 'C67B']	7	-3.4616203	-5.355232	-6.889986	-1.5347543
BCCDDDCDCCDDDCDDABCDABCABDBACBDCAADDCBCABACBCCABCACBCCCCCBDCACABBBCBCBACCACADAACCCBABADBCCAABBBCCBB	['D10C', 'B60C', 'A93B']	3	-3.4649339	-7.242087	-8.780149	-1.5380626
BCCDDDCDCDDDBCDDABBDABCABDBACBDCAADACBCABACBCCABCACBCCCCCBDBDCBBBBBBABACCACADAACCCBABADBCCAAABBCCBB	['D13B', 'C19B', 'D36A', 'A61D', 'A63B', 'C67B', 'C69A']	7	-3.4680839	-6.945101	-8.48631	-1.5412092
BCCDDDCDCDDDDCDDABCDABCABDBACBDCAADDCBCABACBCDABCACBDCCCCBDBADDBBBCBCBACCACACAACCCBBBADBCBACBBCCCBB	['C46D', 'C53D', 'C62D', 'A63D', 'D77C', 'A84B', 'C90B', 'A92C', 'A93B', 'B95C']	10	-3.468686	-8.026073	-9.567886	-1.5418129
AAADDDCDCDDADCDDABCDABCABDBACBDCAACACBCACACBCCABCACBCCCCDBDBACDBBBCBCBACCACADAACCCBABADBCCAAABBCCBB	['B1A', 'C2A', 'C3A', 'D12A', 'D35C', 'D36A', 'B41C', 'C57D', 'A63D']	9	-3.469627	-10.071957	-11.614707	-1.5427504
BCCDDDCDCDDDDDDDABCDABCABDBACBDCAADDCBCABACBCCABCACBCDCCCBDBACDBBBCBCBACCACADAACCBBABADBCCAAABBCCBB	['C14D', 'C54D', 'A63D', 'C82B']	4	-1.5430775	-6.2275558	-7.7706356	-1.5430799
BCCDDDCDCDDDDCDDABCDABCABDBACBDCAADDCBCABACBCCABCACBCDCCCBDBACDBBBCBCBACCACADAACCBBABADBCCAAABBCCBB	['C54D', 'A63D', 'C82B']	3	-1.5445962	-6.5801234	-8.124722	-1.5445981
BCCDDDCDCDDDDCDDABCDABCABDBACBDCAADDCBCABACBCCABCACBCDCCCBDBACDBBBCBCBACCACADAACCBBABADBCCAAABBCCBB	['C54D', 'A63D', 'C82B']	3	-1.5445962	-6.5801234	-8.124722	-1.5445981
BCCDDDCDCDDCDCDDABCDABCABDBACBDCAADDBBCABACBCCABCACBCCCCCBDCACDBBBDBCBACCACACAACCCBABADBCBAAABBCCBB	['D12C', 'C37B', 'B60C', 'A63D', 'C67D', 'D77C', 'C90B']	7	-3.4717627	-7.906439	-9.451328	-1.5448895
BCCDDDCDCDDDBCDDABCDABCABDBACBDCAADDCBCACACBCCABCACBCCCCCBDBACDBBBCBCBBDCCCACAACCCBABADBCBAABBBCCBB	['D13B', 'B41C', 'A63D', 'A71B', 'C72D', 'A74C', 'D77C', 'C90B', 'A93B']	9	-3.471764	-7.8114595	-9.35635	-1.5448904
BCCDDDCDCDDDDCCDCBCCABCABDBACBDCAADACBCABACBCCABCACBCCCCDBDBDCABBBCBCBACCACADAACCCBABADBCCAAABBCCBB	['D15C', 'A17C', 'D20C', 'D36A', 'C57D', 'A61D']	6	-3.472938	-9.505254	-11.051323	-1.5460691
BCCDDDCDCCDDDCDDABBDABCABDBACBDCAADDABCABACBCCABCACBCCCCCBDBACDBBBCBCBACCACACAACCCBABADBCBAAABBCCBB	['D10C', 'C19B', 'C37A', 'A63D', 'D77C', 'C90B']	6	-3.4759355	-7.1782913	-8.727351	-1.5490599
BCCDDDCDCCDCDCDDABCAABCDBDBACBDCAADDCBCABACBCDABCACBCDCCCBDBACCCBBCBCBADCACCDAACCCBABADBCCAAABBCCBB	['D10C', 'D12C', 'D20A', 'A24D', 'C46D', 'C54D', 'A63C', 'B64C', 'C72D', 'A76C']	10	-1.5495524	-2.9341607	-4.483721	-1.5495601
BCCDDDCDCCDDDCDDABCDABCABDBACDDCAADDCBCABACBCCABCACBCCCCCBDBADDBBBCBCBCCCACACAACCCBACADCCCAABBBCCBB	['D10C', 'B30D', 'C62D', 'A63D', 'A71C', 'D77C', 'B85C', 'B88C', 'A93B']	9	-3.4768147	-8.4256315	-9.975575	-1.5499439
AAADDDCDCDDDDCDDABCDABCABDBACBDCAACDCBCACACBCCABCACBCCCCCBDBACDBBBCBCBACCACADAACCCBABADBCCAAABBCCBB	['B1A', 'C2A', 'C3A', 'D35C', 'B41C', 'A63D']	6	-3.4770856	-9.079932	-10.630141	-1.550209
BCCDDDCDCCDDBCDDADBDABCABDBACBDDBADDCBCABACBCDBBCACBCBCCDBDBACDBBBCBCBBCBACADAACCCBBBADBCBAAABBCCBB	['D10C', 'D13B', 'B18D', 'C19B', 'C32D', 'A33B', 'C46D', 'A47B', 'C54B', 'C57D', 'A63D', 'A71B', 'C73B', 'A84B', 'C90B']	15	-2.7660098	-5.651447	-7.202076	-1.5506291
BCCDDDCDCCDDDCDDABCDABCABDBACBDCAACACBCACACBCCABCACBCCCCDBDBACCBBBCBCBACCACADAACCCBABADBCCAABBBCCAA	['D10C', 'D35C', 'D36A', 'B41C', 'C57D', 'A63C', 'A93B', 'B98A', 'B99A']	9	-3.4797435	-8.643143	-10.196007	-1.5528641
BCCDDDCDCDDDDCDDABCDABCABDBACBDCAADDCBCABACBCCABCACBCCCCCBDBADDBBBCBCBBCBACACAACCCBABADBCBAABBBCCBB	['C62D', 'A63D', 'A71B', 'C73B', 'D77C', 'C90B', 'A93B']	7	-3.4800582	-10.563455	-12.116637	-1.5531826
BCCDDDCDCDDDDCDDABCDABCABDBACBDCAADDCBCABACBCCABCACBCCCCCBDBADDBBBCBCBBCBACACAACCCBABADBCBAABBBCCBB	['C62D', 'A63D', 'A71B', 'C73B', 'D77C', 'C90B', 'A93B']	7	-3.4800582	-10.563455	-12.116637	-1.5531826
BCCDDDCDCDDDDCDDABCDABCABDBACBDCAACABBCABACBCCABCACBCCCCCBDBACDBBBCBABACCACADAACCCBABADBCCAAABBCCBB	['D35C', 'D36A', 'C37B', 'A63D', 'C69A']	5	-3.4809284	-8.174488	-9.728544	-1.5540562
BCCDDDCDCDDDDCDDABCDABCABDBACBDCAACABBCABACBCCABCACBCCCCCBDBACDBBBABCBCDCACADAACCCBABADBCCAAABBCCBB	['D35C', 'D36A', 'C37B', 'A63D', 'C67A', 'A71C', 'C72D']	7	-3.4822063	-6.9930286	-8.548364	-1.555335
BCCDDDCDCBDDDCDDABBDABCABDBACBDCAADDCBCABACBCCABCACBCCCCCBDBACACBBCBDBACCACADAACCCBABADBCCAAABBCCBB	['D10B', 'C19B', 'B64C', 'C69D']	4	-3.4828792	-6.482982	-8.038992	-1.5560098
BCCDDDCDCDDDDCDDABCDABCABDBACBDCAACDBBCABACBCCABCCCBCCCCCBDBACDBBBBBCBBCCACACAACCCBABADBCCAABBBCCBB	['D35C', 'C37B', 'A50C', 'A63D', 'C67B', 'A71B', 'D77C', 'A93B']	8	-3.4848075	-8.266272	-9.824204	-1.5579329
BCCDDDCDCDDDBCDDABCCABCABDBACBDCAADACBCABACBCCABCACBCCCCCBDBADDBBBCBBBACCACADAACCCBABADBCCAAABBCCBB	['D13B', 'D20C', 'D36A', 'C62D', 'A63D', 'C69B']	6	-3.4855056	-6.809379	-8.3680105	-1.5586314
BCCDDDCDCADDDCCDABBDABCABDBACBDCAADACBCABACBCCABCACBCCCCCBDBACCBBBCBCBACCACADACCCCBABADBCCAAABBCCBB	['D10A', 'D15C', 'C19B', 'D36A', 'A63C', 'A79C']	6	-3.4869685	-5.543013	-7.1031103	-1.5600972
BCCDDDCDCDDDDCDDABCDABCABDBACBDCAACACBCABACBCCABCACBCCCCCBDBACDBBBCBCBACCACADAACCCBABADBCBAAABBCCBB	['D35C', 'D36A', 'A63D', 'C90B']	4	-3.4877634	-9.266708	-10.827595	-1.5608864
BCCDDDCDCCDDDCDDABCDABCABDBACDDCAACCDBCACACBCCABCACBCCCCCBDBADCBBBCBCBBDCACADAACCCBABADCCCAABBBCCBB	['D10C', 'B30D', 'D35C', 'D36C', 'C37D', 'B41C', 'C62D', 'A63C', 'A71B', 'C72D', 'B88C', 'A93B']	12	-3.4882655	-8.271372	-9.832762	-1.5613899
BCCDDDCDCADDDCDDABCDABCABDBACBDCAADACBCABACBCCABCACBCCCCCBDBACDBBBCBBBACCACADAACCCBABADBCCAAABBCCBB	['D10A', 'D36A', 'A63D', 'C69B']	4	-3.489296	-5.910972	-7.4733973	-1.5624251
BCCDDDCDCCDDDCCDABCDABCABDBACBDCAADDCBCABACBCAAACACBCDCCCBDBADDABBCBCBACCACADAACCCBABADBCBAAABBCCBB	['D10C', 'D15C', 'C46A', 'B48A', 'C54D', 'C62D', 'A63D', 'B64A', 'C90B']	9	-1.5627317	-5.8874264	-7.450161	-1.5627346
BCCDDDCDCDDDDCDDABCAABCABDBACBDCAADABBCABACBCCABCACBCCCCCBDBACDBBBCBDCBCCACACAACCCBABADBCBAABBBCCBB	['D20A', 'D36A', 'C37B', 'A63D', 'C69D', 'B70C', 'A71B', 'D77C', 'C90B', 'A93B']	10	-3.491787	-7.6258984	-9.190812	-1.5649137
BCCDDDCDCCDABCDDABCDABCABDBACBDCAACCBBAABACBCCABCACBCCCCCBDBADDBBBCBCBBCCACACAACCDBABADDCCAAABBCCBB	['D10C', 'D12A', 'D13B', 'D35C', 'D36C', 'C37B', 'C39A', 'C62D', 'A63D', 'A71B', 'D77C', 'C82D', 'B88D']	13	-3.4962807	-8.689323	-10.258728	-1.5694046
BCCDDDCDCCDDBCDDABCDABCABDBACDDCAADDCBCABACBCCABCACBCCCCCBDBADDBBACBCBCCCACACAACCCBABADCCCAAABBCCBB	['D10C', 'D13B', 'B30D', 'C62D', 'A63D', 'B66A', 'A71C', 'D77C', 'B88C']	9	-3.4963288	-7.40956	-8.979018	-1.569458
BCCDDDCDCCDDDCDDABCDABCABDBACBDCAADDCBCABACBCCABCACBCCCCCBDBACDBBBCBCBCBCACACAACCCBABADBCCAABBBCCBB	['D10C', 'A63D', 'A71C', 'C72B', 'D77C', 'A93B']	6	-3.496367	-7.5544786	-9.123974	-1.5694952
BCCDDDCDCDDDBCCDABCDABCABDBACBDCAACDCBCACACBCCABCACBCCCCCBDBADDBBBCBCBCCCACADAACCCBABADBCCAAABBCCBB	['D13B', 'D15C', 'D35C', 'B41C', 'C62D', 'A63D', 'A71C']	7	-3.4979663	-9.275496	-10.8465805	-1.571085
BCCDDDCDCDDDDCDDABCDABCABDBACBDCAADDCBCACAABCCABCACBCCCCCBDCACDBBBCBCBACCACACAAACCBABADBCCAABBBCCBB	['B41C', 'C43A', 'B60C', 'A63D', 'D77C', 'C80A', 'A93B']	7	-3.499661	-9.545049	-11.117838	-1.5727892
BCCDDDCDCBDDDCDDABCDABCABDBACBDCAADDCBCABACBCDBBCACBCDCCCBDBACDBBBCBCBCCCACADABCCCBBBADBCCAAABBCCBB	['D10B', 'C46D', 'A47B', 'C54D', 'A63D', 'A71C', 'A79B', 'A84B']	8	-1.5778165	-3.6712842	-5.2491074	-1.5778232
AAADDDCDCDDDDDCDABCDABCABDBACBDCAACDCBCABACBCCABCACBCCCCCBDBACDBBBCBCBACCACADAACCCBABADBCCAAABBCCBB	['B1A', 'C2A', 'C3A', 'C14D', 'D15C', 'D35C', 'A63D']	7	-3.5081873	-8.993914	-10.575228	-1.5813141
BCCDDDCDCDDDBCDDDDCAABCABDAACBDCAADDCBCABACBCCABCACBCCCCCBDBACDBBBCBCABDCACACAACCCBABADBCBAAABBCCBB	['D13B', 'A17D', 'B18D', 'D20A', 'B27A', 'A63D', 'B70A', 'A71B', 'C72D', 'D77C', 'C90B']	11	-3.5085964	-7.4763727	-9.058098	-1.5817251
AAADDDCDCDDDDCCDABCDABCABDBACBDCAACDCBCABACBCCABCACBCCCCCBDBACDBBBCBCBACCACADAACCCBABADBCCAAABBCCBB	['B1A', 'C2A', 'C3A', 'D15C', 'D35C', 'A63D']	6	-3.509706	-9.34648	-10.92931	-1.5828295
BCCDDDCDCDDDDCDDABCAABCABDBACBDCAADDBBCABACBCBABCACBCCCCCBDBACCBBBCBCBBCCCCACAACCCBABADBCCAABBBCCBB	['D20A', 'C37B', 'C46B', 'A63C', 'A71B', 'A74C', 'D77C', 'A93B']	8	-3.512189	-6.2548833	-7.8402033	-1.58532
BCCDDDCDCDDDDCDDABCAABCABDBACBDCAADDBBCABACBCBABCACBCCCCCBDBACCBBBCBCBBCCCCACAACCCBABADBCCAABBBCCBB	['D20A', 'C37B', 'C46B', 'A63C', 'A71B', 'A74C', 'D77C', 'A93B']	8	-3.512189	-6.2548833	-7.8402033	-1.58532
BCCDDDCDCADDDDDDABCDABCABDBACBDCAADABBCABACBCCABCACBCCCCCBDBACACBBCBCBACCACADAACCCBABADBCCAAABBCCBB	['D10A', 'C14D', 'D36A', 'C37B', 'B64C']	5	-3.512218	-5.382667	-6.9680176	-1.5853505
AAADDDCDCDDBDDDDABCDABCABDBACBDCAACCCBCABACBCCABCACBCCCCCBDBADDBBBABCBACCACADAACCCBABADBCCAAABBCCBB	['B1A', 'C2A', 'C3A', 'D12B', 'C14D', 'D35C', 'D36C', 'C62D', 'A63D', 'C67A']	10	-3.5140824	-8.4243965	-10.011599	-1.5872021
BCCDDDCDCBDDBCDDABCDABCABDBACDDCAADDABCACACBCCABCACBCCCCCBDBADDBBBCBCCCCCACADAACCCBABADCCCAABBBCCBB	['D10B', 'D13B', 'B30D', 'C37A', 'B41C', 'C62D', 'A63D', 'B70C', 'A71C', 'B88C', 'A93B']	11	-3.5158997	-6.6479163	-8.236942	-1.589026
BCCDDDCDCDDDDCDDABCDABCABDBACBDCAABDBBCABACBCCABCACBCCCCDBDBADDBBBCBCBCDCACACAACCCBABADBCCAABBBCCBB	['D35B', 'C37B', 'C57D', 'C62D', 'A63D', 'A71C', 'C72D', 'D77C', 'A93B']	9	-3.5181131	-9.560642	-11.15188	-1.591238
BCCDDDCDCDDDDCDDABCDABCABDBACBDCCADDCBBABACBCDABCACBCCCCCBDBACDBBBCBDBCCCACADAACCCBABADCCCAAABBCCBB	['A33C', 'C39B', 'C46D', 'A63D', 'C69D', 'A71C', 'B88C']	7	-3.518249	-8.338002	-9.929379	-1.5913773
BCCDDDCDCDDDDCCDABCDABCABDBACBDCAACDCBCACACBCCABCACBCCCCCBDBACDBBBCBCBACCACADAACCCBABADBACAAABBCCBB	['D15C', 'D35C', 'B41C', 'A63D', 'C89A']	5	-3.5192633	-9.371454	-10.963842	-1.5923882
BCCDDDCDCDDDDCDDABBDABCABDBACBDCAADDCBCABACBCCABCACBCCCCCBDBACDBBBCBCBCCCACADAACCCBABADBCBAAABBCCBB	['C19B', 'A63D', 'A71C', 'C90B']	4	-3.5196342	-8.194472	-9.787231	-1.5927591
BCCDDDCDCDDDDCDDABCDABCABDBACBDCAACDBBCABACBCCABCACBCCCCCBDBADDBBBCBCBCCCACACAACCCBABADBCBAABBBCCBB	['D35C', 'C37B', 'C62D', 'A63D', 'A71C', 'D77C', 'C90B', 'A93B']	8	-3.5206356	-9.101408	-10.6951685	-1.5937605
BCCDDDCDCDDDDCCDABCDABCABDBACBDCAACACBCABACBCCABCACBCCCCCBDBADDBBBCBCBACCACADAACCCBABADBCCAAABBCCBB	['D15C', 'D35C', 'D36A', 'C62D', 'A63D']	5	-3.522933	-10.180531	-11.776587	-1.596056
BCCDDDCDCDDDDCCDABCDABCABDBACBDCAACACBCABACBCCABCACBCCCCCBDBADDBBBCBCBACCACADAACCCBABADBCCAAABBCCBB	['D15C', 'D35C', 'D36A', 'C62D', 'A63D']	5	-3.522933	-10.180531	-11.776587	-1.596056
BCCDDDCDCDDDDCCDABCDABCABDBACBDCAACACBCABACBCCABCACBCCCCCBDBADDBBBCBCBACCACADAACCCBABADBCCAAABBCCBB	['D15C', 'D35C', 'D36A', 'C62D', 'A63D']	5	-3.522933	-10.180531	-11.776587	-1.596056
BCCDDDCDCDDDDCDDABCDABCABDBACDDCAACABBCABACBCCABCACBCCCCCBDBACDBBBCBBBBCCACADAACCCBABADCCBAABBBCCBB	['B30D', 'D35C', 'D36A', 'C37B', 'A63D', 'C69B', 'A71B', 'B88C', 'C90B', 'A93B']	10	-3.523522	-7.598697	-9.195344	-1.5966468
BCCDDDCDCDDDDCDDABCDABCABDBACBDCAACACBCACACBCCABCACBCCCCDBDBACDBBBCBCBADCACADAACCCBABADBCBAABBBCCBB	['D35C', 'D36A', 'B41C', 'C57D', 'A63D', 'C72D', 'C90B', 'A93B']	8	-3.5248585	-10.200905	-11.798886	-1.5979815
BCCDDDCDCDDDDCDDABBDABCABDBACBDCAADDCBCACACBCCABCACBCCCCCBDBACABBBCBCBBCCCCADAACCCBABADBCCAAABBCCBB	['C19B', 'B41C', 'A71B', 'A74C']	4	-3.525198	-7.7407055	-9.33903	-1.5983248
BCCDDDCDCDDDDCDDABCDABCABDBACBDCAADACBCACACBCCABCACBCCCCCBDBADDCBBCBCBACCACADAACCCBABADBCCAAABBCCBB	['D36A', 'B41C', 'C62D', 'A63D', 'B64C']	5	-3.5279622	-9.087059	-10.688141	-1.6010818
AAADDDCDCBDDDCDDABCAABCABDBACDDCAAAACBCABACBCDABCCCBCCCCCBDBCCDBBBCBCBACCACADAACCCBABADCCCAAABBCCBB	['B1A', 'C2A', 'C3A', 'D10B', 'D20A', 'B30D', 'D35A', 'D36A', 'C46D', 'A50C', 'A61C', 'A63D', 'B88C']	13	-3.5282822	-6.8468523	-8.448263	-1.6014109
BCCDDDCDCDDDDCDDABCAABCABDBACBDCAACDCBCABACBCDABCACBCCDCDBDBACDCBBCBCBACCACADAACCCBABADBCBAABBBCCBB	['D20A', 'D35C', 'C46D', 'C55D', 'C57D', 'A63D', 'B64C', 'C90B', 'A93B']	9	-3.5283446	-8.257132	-9.858595	-1.6014633
BCCDDDCDCADDDCDDABCDABCABDBACBDCAADDCBCABACBCDABCACBCCCCCBDBACDCBBCBCBADCCCACAACCCBABADBCBAABBBCCBB	['D10A', 'C46D', 'A63D', 'B64C', 'C72D', 'A74C', 'D77C', 'C90B', 'A93B']	9	-3.530919	-6.385434	-7.989483	-1.6040487
BCCCDDCDCDDBDCDDABCAABCABDBACBDCAADDCBCABACBCDABCACBCCCCCBDBACDCBBCBCBACCCCADAACCCBABADBCBAABBBCCBB	['D4C', 'D12B', 'D20A', 'C46D', 'A63D', 'B64C', 'A74C', 'C90B', 'A93B']	9	-3.5356479	-6.809993	-8.418771	-1.608778
BCCDDDCDCDDDDCDDABCDABCABDBACBDCAACABBCABACBCCABCACBCCCCCBDCACDBBBCBCBACCACACAACCCBABADBCCAAABBCCBB	['D35C', 'D36A', 'C37B', 'B60C', 'A63D', 'D77C']	6	-3.5368476	-8.3631315	-9.973108	-1.6099768
BCCDDDCDCDDDDCDDABCDABCABDBACBDCAADDCBCACACBCCABCACBCCCCCCDBADCBBBCBCBBBCACACAACCCBABADBCCAABBBCCBB	['B41C', 'B58C', 'C62D', 'A63C', 'A71B', 'C72B', 'D77C', 'A93B']	8	-3.5387192	-8.392566	-10.004409	-1.6118431
BCCDDDCDCDDDDCCDABBDABCABDBACBDCAADDBBCABACBCCABCACBCCCCCBDBACDBBBCBCBBABACADAACCCBBBADBCCAAABBDCBB	['D15C', 'C19B', 'C37B', 'A63D', 'A71B', 'C72A', 'C73B', 'A84B', 'C96D']	9	-3.5396924	-7.2801	-8.892919	-1.6128187
AAADDDCDCCDDBCDDABCDABCABDBACBDCAADDCBCABACBCCABCACBCCCCCBDBACDDBBCBCBCDCACACAACCCBABADBCCAAABBCCBB	['B1A', 'C2A', 'C3A', 'D10C', 'D13B', 'A63D', 'B64D', 'A71C', 'C72D', 'D77C']	10	-3.5402222	-5.5342884	-7.147646	-1.6133575
BCCDDDCDCCDDDDDDABCDABCABDBACBDCDADDABAABACBCCABCACBCCCCCBDBADDCBBCBCBACCACADAACCCBABADBCCAABBBCCBB	['D10C', 'C14D', 'A33D', 'C37A', 'C39A', 'C62D', 'A63D', 'B64C', 'A93B']	9	-3.5419278	-6.7523165	-8.367369	-1.6150522
BCCDDDCDCCDDBCDDABCDABCABDBACBDCAADDCBCABACBCDABCACBCCCCCBDBADDBBBCBCBACBACACAACCCBABADBCBAABBBCCBB	['D10C', 'D13B', 'C46D', 'C62D', 'A63D', 'C73B', 'D77C', 'C90B', 'A93B']	9	-3.5430331	-8.978161	-10.594318	-1.6161575
BCCDDDCDCDDDBCDDABCDABCABDBACBDCAADDCBCABACBCCABCACBCCCCCBDBACDBBBCBCBBBCACADAACCCBABADBCBAAABBCCBB	['D13B', 'A63D', 'A71B', 'C72B', 'C90B']	5	-3.5443277	-7.726347	-9.343798	-1.6174507
BCCDDDCDCCDDDCDDABBDABCABDBACBDCAADDABCABACBCCABCACBCCCCCBDBACDBBBCBCBACCACACAACCCBABADBCBAABBBCCBB	['D10C', 'C19B', 'C37A', 'A63D', 'D77C', 'C90B', 'A93B']	7	-3.5469036	-7.4046164	-9.024644	-1.6200275
BCCDDDCDCDDDBCDDABCCABCABDBACDDCAACABBCABACBCCABCACBCCCCDBDBACDBBBCBCBCCCACADAACCCBABADCCCAABBBCCBB	['D13B', 'D20C', 'B30D', 'D35C', 'D36A', 'C37B', 'C57D', 'A63D', 'A71C', 'B88C', 'A93B']	11	-3.548656	-7.887081	-9.508863	-1.6217823
BCCDDDCDCDDDDCDDABCAABCABDBACBDCAADDCBCABACBCCABCACBCCCCCBDBACDBBBCBCBBCBACACAACCCBABADBCBAABBBCCBB	['D20A', 'A63D', 'A71B', 'C73B', 'D77C', 'C90B', 'A93B']	7	-3.549533	-9.270183	-10.89284	-1.6226578
BCCDDDCDCDDDDCCDABCDABCABDBACBDCAACACBCABACBCCABCACBCCCCCBDBADDBBBCBCAACCACADAACCCBABADBCCAAABBCCBB	['D15C', 'D35C', 'D36A', 'C62D', 'A63D', 'B70A']	6	-3.5507116	-10.51518	-12.139011	-1.6238317
BCCDDDCDCCDDDCDDABCDABCABDBACBDCAADDCBCACACBCBABCACBCCCCCBDBACDDBBCBCBACCACACAACCCBABADBCBAABBBCCBB	['D10C', 'B41C', 'C46B', 'A63D', 'B64D', 'D77C', 'C90B', 'A93B']	8	-3.5512042	-8.072577	-9.696913	-1.6243353
BCCDDDCDCDDDDCDDABCAABCABDBACBDCAADDCBCABACBCDABCACBCCDCCBDBADDBBBCBCBCCBACACAACCCBABADBCBAAABBCCBB	['D20A', 'C46D', 'C55D', 'C62D', 'A63D', 'A71C', 'C73B', 'D77C', 'C90B']	9	-3.5548334	-9.063443	-10.6914015	-1.6279583
BCCDDDCDCADDBCDCABCDABCABDBACBDCAADACBCABACBCCABCACBCCCCCBDBACABBBCBABACCACADAACCCBABADBCCAAABBCCBB	['D10A', 'D13B', 'D16C', 'D36A', 'C69A']	5	-3.5556426	-5.246061	-6.874839	-1.628778
BCCDDDCDCADDBCDCABCDABCABDBACBDCAADACBCABACBCCABCACBCCCCCBDBACABBBCBABACCACADAACCCBABADBCCAAABBCCBB	['D10A', 'D13B', 'D16C', 'D36A', 'C69A']	5	-3.5556426	-5.246061	-6.874839	-1.628778
BCCDDDCDCCDDDCDDABCDABCABDBACBDCAADDCBCABACBCCABCACBCCCCCBDBADDBBBCBCBABCACACAACCCBABADBCBAABBBCCBB	['D10C', 'C62D', 'A63D', 'C72B', 'D77C', 'C90B', 'A93B']	7	-3.5566316	-8.751547	-10.381303	-1.629756
BCCDDDCDCDDDDCCDABCDABCABDBACBDCAACDCBCACACBCCABCACBCCCCCBDCACDBBBCBCBACCACADAACCCBABADBCCAAABBCCBB	['D15C', 'D35C', 'B41C', 'B60C', 'A63D']	5	-3.5603652	-9.620934	-11.254423	-1.6334896
BCDDDDCDCCDDDCDDABCDABCABDBACDDCAAAACBCACACBCCABCACBCCCCCBDBACDBBBCBCBACCACADAACCCBABADCCCAABBBCCBB	['C3D', 'D10C', 'B30D', 'D35A', 'D36A', 'B41C', 'A63D', 'B88C', 'A93B']	9	-3.562861	-8.451754	-10.087739	-1.6359854
BCCDDDCDCCDDBCDDADCBABCABDBACBDCAACACBCABACBCDABCACBCDCCCBDBADDBBBCBCBCDBACADAACCCBBBADBCBAAABBCCBB	['D10C', 'D13B', 'B18D', 'D20B', 'D35C', 'D36A', 'C46D', 'C54D', 'C62D', 'A63D', 'A71C', 'C72D', 'C73B', 'A84B', 'C90B']	15	-1.6362886	-4.9233904	-6.559682	-1.6362915
BCCDDDCDCCDDDCCCABCCABCABDBACBDCAACACBCACACBCCABCACBCDCCDBDBDDCABBCBCCACCACADAACCCBABADBDBADABBCCBB	['D10C', 'D15C', 'D16C', 'D20C', 'D35C', 'D36A', 'B41C', 'C54D', 'C57D', 'A61D', 'C62D', 'A63C', 'B64A', 'B70C', 'C89D', 'C90B', 'A92D']	17	-1.6386027	-4.2360063	-5.8746147	-1.6386085
BCCDDDCDCCDDDCDDABCDABCABDBACBDCAADDCBCABACBCCABCACBCCCCCBDBADDBBBCBCBACCACACAACCCBABADBCCAABBBCCBB	['D10C', 'C62D', 'A63D', 'D77C', 'A93B']	5	-3.5654883	-8.441681	-10.0802965	-1.6386156
BCCDDDCDCDDDDCDDABCDABCABDBACBDCAADDCBCABADBCCABCACBCBCCCBDBACDBBBCBCBCCCACADAACCCBABADBCBAAABBCCBB	['C43D', 'C54B', 'A63D', 'A71C', 'C90B']	5	-2.8566866	-7.502262	-9.14356	-1.6412983
BCCDDDCDCDDBDCDDABCDABCABDBACBDCAADACBCABACBCCABCACBCCCCDBDCADDCBBCBCBACCACADAACCCBABADBCCAAABBCCBB	['D12B', 'D36A', 'C57D', 'B60C', 'C62D', 'A63D', 'B64C']	7	-3.5694838	-8.61948	-10.262088	-1.6426077
BCCDDDCDCADDDCDDABBDABCABDBACBDCAADDCBCABACBCBABCACBCCCCCBDBACACBBCBCBACCACACAACCCBABADBCBAABBBCCBB	['D10A', 'C19B', 'C46B', 'B64C', 'D77C', 'C90B', 'A93B']	7	-3.5706859	-6.9544015	-8.598218	-1.6438165
BCCDDDCDCDDDDCDDABCDABCABDBACBDCAADDCBCABACBCCABCACBCCCCCBDBACDBBBCBCBCCCACADAACCCBABADBCBAAABBCCBB	['A63D', 'A71C', 'C90B']	3	-3.571813	-8.405816	-10.050756	-1.6449404
BCCDADCDCDDDDCDDABCDABCABDBACBDCAADDCBCACACBBCABCACBCCCCDBDBACDBBBCBCBCCCACADAACCCBABADCCCAAABBCCBB	['D5A', 'B41C', 'C45B', 'C57D', 'A63D', 'A71C', 'B88C']	7	-3.5734243	-8.80681	-10.453365	-1.646555
BCCDDDCDCDDCDDDCABCDABCABDBACBDCAADBCBCABACBCCABCACBCCCCCBDBADCCBBCBCBACCACADAACCCBABADBCCAAABBCCBB	['D12C', 'C14D', 'D16C', 'D36B', 'C62D', 'A63C', 'B64C']	7	-3.5767288	-6.8021398	-8.451999	-1.649859
BCCDDDCDCDDDDCDDABCDABCABDBACBDCAADDCBCABACBCCABCACBCCCCCBDBADDBBCCBCBACCACACAACCCBABADBCCAABBBCCBB	['C62D', 'A63D', 'B66C', 'D77C', 'A93B']	5	-3.5772696	-9.647405	-11.2978	-1.6503954
BCCDDDCDCBDCBCDCABCAABCABDBACBDCAADDCBCABACBCDABCACBCDCCCBDBACCCDBCBCBADCACCDAACCCBABADBCCAAABBCCBB	['D10B', 'D12C', 'D13B', 'D16C', 'D20A', 'C46D', 'C54D', 'A63C', 'B64C', 'B65D', 'C72D', 'A76C']	12	-2.8752208	-1.6507902	-4.526017	-1.6507964
BCCDDDCDCDDDBCDDABCDABCABDBACBDCAACACBCABACBCDABCCCBCCCCCBDBACDBBBCBCBACCACADAACCDBABADBCCAAABBCCBB	['D13B', 'D35C', 'D36A', 'C46D', 'A50C', 'A63D', 'C82D']	7	-3.5791774	-8.844424	-10.496726	-1.6523018
BCCDDDCDCCDDDCDDABCDABCABDBACBDCAACDCBCABACBCCABCACBCCCCCBDBACACBBCBCBACCACADAACCCBABADBCCAAABBCCBB	['D10C', 'D35C', 'B64C']	3	-3.5801916	-7.1044827	-8.757799	-1.6533165
BCCDDDCDCDDDDCDDABCDABCABDBACBDCAACDCBCACACBCCABCACBCCCCCBDCADDBBBCBCBACCACADAACCCBABADBCCAABBBCCBB	['D35C', 'B41C', 'B60C', 'C62D', 'A63D', 'A93B']	6	-3.5803933	-9.780665	-11.434184	-1.6535187
BCCDDDCDCDDDDCCDABCCABCABDBACBDCAADDCBCABACBCCABCACBCCCCCBDBACDBBBCBCBACCACADAACCCBABADBCCAAABBCCBB	['D15C', 'D20C', 'A63D']	3	-3.5829067	-8.628189	-10.284225	-1.6560364
BCCDDDCDCDDDDCDDAABDABCABDBACBDCAADDCBCABACBCCABCACBCCCCCBDCACDBBBCBCBACCACADAACCCBABADBCCAAABBCCBB	['B18A', 'C19B', 'B60C', 'A63D']	4	-3.5887823	-8.43471	-10.09662	-1.66191
BCCDDDCDCDDDDCDDABCAABCABDBACBDCAAAACBCABACBCCABCACBCCCCCBDBADDBBBCBCBCCBACADAACCCBABADBCBAAABBCCBB	['D20A', 'D35A', 'D36A', 'C62D', 'A63D', 'A71C', 'C73B', 'C90B']	8	-3.589902	-9.424703	-11.087728	-1.6630249
BCCDDDCDCDDDDCCDABCDABCABDBACBDCAADABBCABACBCCABCACBCCCCCBDBADDBBBCBCBACCACADAACCCBABADBCCAAABBCCBB	['D15C', 'D36A', 'C37B', 'C62D', 'A63D']	5	-3.5925088	-9.155581	-10.821212	-1.6656303
BCCDDDCDCDDDDCCDABCDABCABDBACBDCAADABBCABACBCCABCACBCCCCCBDBADDBBBCBCBACCACADAACCCBABADBCCAAABBCCBB	['D15C', 'D36A', 'C37B', 'C62D', 'A63D']	5	-3.5925088	-9.155581	-10.821212	-1.6656303
BCCDDDCDCDDDDCDDABCDABCABDBACBDCCADDCBCABACBCCABCACBCCCCCBDBADDBBBCBCBCCCACACAACCCBABADBCCAABBBCCBB	['A33C', 'C62D', 'A63D', 'A71C', 'D77C', 'A93B']	6	-3.597097	-9.196832	-10.867054	-1.6702223
BCCDDDCDCDDDDCDDABCDABCABDBACBDCAADDCBCACACBCCABCACBCCCCCBDBADCBBBCBAABCBACACAACCCBABADBCBAAABBCCBB	['B41C', 'C62D', 'A63C', 'C69A', 'B70A', 'A71B', 'C73B', 'D77C', 'C90B']	9	-3.5973043	-10.18353	-11.853959	-1.6704292
BCCDDDCDCDDDDCDDABCDABCABDBACBDCAADDABCABACBCBABCACBCCCCCBDBACDBBBABCBBACACACAACCCBABADBCCAABBBCCBB	['C37A', 'C46B', 'A63D', 'C67A', 'A71B', 'C72A', 'D77C', 'A93B']	8	-3.600976	-7.0836735	-8.757777	-1.6741037
BCCDDDCDCDDDDCDDABCDABCABDBACBDCAADDCBCABACBCDABCACBCCCCCBDBACACBBCBCBBCCACACAACCCBABADBCBAABBBCCBB	['C46D', 'B64C', 'A71B', 'D77C', 'C90B', 'A93B']	6	-3.6018853	-8.15229	-9.827301	-1.6750107
BCCDDDCDCDDDDCDDABCDABCABDBACBDCAADDCBCABACBCDABCACBCCCCCBDBACACBBCBCBBCCACACAACCCBABADBCBAABBBCCBB	['C46D', 'B64C', 'A71B', 'D77C', 'C90B', 'A93B']	6	-3.6018853	-8.15229	-9.827301	-1.6750107
BCCDDDCDCCDDBCDDABCDABCABDBACBDCAACDABCABACBCCABCACBCCCCCBDBACDBBBCBCBACCACADAACCCBABADBCCAAABBCCBB	['D10C', 'D13B', 'D35C', 'C37A', 'A63D']	5	-3.602827	-6.4801874	-8.156139	-1.675952
BCCDDDCDCCDDDCDDABCDABCABDBACBDCAADDCBCABACBCCABCACBCCCCCBDBACABBBCBCBACCACADAACCCBABADBCBAABBBCCBB	['D10C', 'C90B', 'A93B']	3	-3.6031837	-7.7287703	-9.405082	-1.6763115
AAADDDCDCDDDDCDDABCDABCABDBACBDCAADDCBCABACBCCABCACBCCCCCBDBACDBBBCBABACCACADAACCCBABADBCCAABBBCCBB	['B1A', 'C2A', 'C3A', 'A63D', 'C69A', 'A93B']	6	-3.6042604	-8.4623375	-10.139722	-1.6773844
BCCDDDCDCDDDDCDDABCAABCABDBACBDCAADDCBCABACBCDABCACBCCCCCBDBACACBBCBCBACCCCACAACCCBBCADBCBAAABBCCBB	['D20A', 'C46D', 'B64C', 'A74C', 'D77C', 'A84B', 'B85C', 'C90B']	8	-3.6047392	-5.911856	-7.5897274	-1.6778712
AAADDDCDCDDDDCDDABBDABCABDBACBDCAADDCBCABACBCCABCACBCCCCCBDBACDCBBCBCBACCACADAACCCBABADBCCAAABBCCBB	['B1A', 'C2A', 'C3A', 'C19B', 'A63D', 'B64C']	6	-3.6054983	-7.6939726	-9.372597	-1.6786242
BCCDDDCDCDDDDCDDABCDABCABDBACBDCAADACBCABACBCCABCACBCCCCCBDBADDBBBCBCBADCACADAACCCBABADBCBAAABBCCBB	['D36A', 'C62D', 'A63D', 'C72D', 'C90B']	5	-3.6059394	-9.177881	-10.856941	-1.67906
BCCDDDCDCADDDCCDABCDABCABDBACBDCAADDCBCABACBCCABCACBCCCCCBDBACDBBBCBCBACCACADAACCCBABADBCCAAABBCCBB	['D10A', 'D15C', 'A63D']	3	-3.607575	-7.5470834	-9.227783	-1.6806998
BCCDDDCDCDDDDCDDABCBABCABDBACBDCAACACBCABACBCCABCACBCCCCCBDBADCBBBCBCBACCACADAACCCBABADBCBAAABBCCBB	['D20B', 'D35C', 'D36A', 'C62D', 'A63C', 'C90B']	6	-3.60815	-8.931589	-10.612859	-1.6812696
BCCDDDCDCCDDDCDDABCDABCABDBACBDCAACACBCACACBCCABCACBCDCCCBDCADDCBBCBCBACCACADAACCCBABADBCBAABBBCCBB	['D10C', 'D35C', 'D36A', 'B41C', 'C54D', 'B60C', 'C62D', 'A63D', 'B64C', 'C90B', 'A93B']	11	-1.6818986	-6.5735264	-8.255424	-1.6818972
BCCDDDCDCDDDDCDDABBAABCABDBACBDCAADDCBCABACBCCABCACBCCCCCBDBACABBBCBCBBCBACADAACCCBABADBCBAAABBCCBB	['C19B', 'D20A', 'A71B', 'C73B', 'C90B']	5	-3.6095762	-8.419187	-10.101889	-1.6827021
BCCDDDCDCDDDDCDDABBAABCABDBACBDCAADDCBCABACBCCABCACBCCCCCBDBACABBBCBCBBCBACADAACCCBABADBCBAAABBCCBB	['C19B', 'D20A', 'A71B', 'C73B', 'C90B']	5	-3.6095762	-8.419187	-10.101889	-1.6827021
BCCDDDCDCDDDDCDDABBAABCABDBACBDCAADDCBCABACBCCABCACBCCCCCBDBACABBBCBCBBCBACADAACCCBABADBCBAAABBCCBB	['C19B', 'D20A', 'A71B', 'C73B', 'C90B']	5	-3.6095762	-8.419187	-10.101889	-1.6827021
BCCDDDCDCCDCDCDDABBDABCABDBACBDCAADDCBCACACBCCABCACBCCCCCBDBACABBBDBCBACCACACAACCCBABADBCCAABBBCCBB	['D10C', 'D12C', 'C19B', 'B41C', 'C67D', 'D77C', 'A93B']	7	-3.6101303	-7.6413774	-9.324639	-1.6832619
BCCDDDCDCCDDDCCDABCDABCABDBACBDDAADAABCACACBCDABCACBCCCCCBDBACABBBCBCBBCCACADAACCCBBBADBCCAAABBCCBB	['D10C', 'D15C', 'C32D', 'D36A', 'C37A', 'B41C', 'C46D', 'A71B', 'A84B']	9	-3.6101804	-5.8771214	-7.5604305	-1.6833091
BCCDDDCDCADDBCDBABCDABCABDBACDDCAACABBCABACBCCABCACBCCCCCBDBACDBBBCBCBACCACADAACCCBABADCCCAAABBCCBB	['D10A', 'D13B', 'D16B', 'B30D', 'D35C', 'D36A', 'C37B', 'A63D', 'B88C']	9	-3.6102028	-5.420778	-7.1041136	-1.6833358
AAADDDCDCDDDDCDDABCDABCABDBACBDCAACDBBCABACBCCABCACBCCCCCBDBACDBBBCBCBACCACADAACCCBABADBCCAABBBCCBB	['B1A', 'C2A', 'C3A', 'D35C', 'C37B', 'A63D', 'A93B']	7	-3.6123586	-8.272126	-9.957611	-1.6854849
BCCDDDCDCDDDDCDDABCDABCABDBACBDCAACDCBCABACBCCABCACBCCCCCBDCADDCBBCBCBACCACADAACCCBABADBCCAABBBCCBB	['D35C', 'B60C', 'C62D', 'A63D', 'B64C', 'A93B']	6	-3.6127696	-8.944562	-10.630454	-1.6858921
BCCDDDCDCDDDBCDDADCAABCABDBACBDCAADDCBCABACBCCABCACBCCCCCBDBACDBBBCBCBBDCACACAACCCBABADBCBAAABBCCBB	['D13B', 'B18D', 'D20A', 'A63D', 'A71B', 'C72D', 'D77C', 'C90B']	8	-3.6143231	-7.022912	-8.710363	-1.6874514
BCCDDDCDCDDDBCDDADCAABCABDBACBDCAADDCBCABACBCCABCACBCCCCCBDBACDBBBCBCBBDCACACAACCCBABADBCBAAABBCCBB	['D13B', 'B18D', 'D20A', 'A63D', 'A71B', 'C72D', 'D77C', 'C90B']	8	-3.6143231	-7.022912	-8.710363	-1.6874514
BCCCBDCDCDDDDCDDABADABCABDBACBDCAADDCBCACACBCCABCACBCCCCCBDCACDBBBCBBBADCACADAACCCBABADBCCAAABBCCBB	['D4C', 'D5B', 'C19A', 'B41C', 'B60C', 'A63D', 'C69B', 'C72D']	8	-3.6143537	-7.060058	-8.747541	-1.6874833
BCCDDDCDCADDBDDDABCDABCABDBACBDCAADDCBCABACBCBABCACBCCCCDBDBACDBBBCBCBADCACADAACCCBABADBCCAABBBCCBB	['D10A', 'D13B', 'C14D', 'C46B', 'C57D', 'A63D', 'C72D', 'A93B']	8	-3.6147466	-6.5575905	-8.245468	-1.6878777
BCCDDDCDCDDDDCDDABCAABCABDBACBDCAADDABCABACBCDABCACBCCDCCBDBADDCBBCBCBACCCCADAACCCBABADBCBAABBBCCBB	['D20A', 'C37A', 'C46D', 'C55D', 'C62D', 'A63D', 'B64C', 'A74C', 'C90B', 'A93B']	10	-3.6166544	-6.883297	-8.573077	-1.6897802
BCCDDDCDCCDDDCDDABCDABCABDBACBDCAADDCBCABACBCBAACACBCDCCCBDBACDCBBCBCBACCCCACAACCCBABADBCBAABBBCCBB	['D10C', 'C46B', 'B48A', 'C54D', 'A63D', 'B64C', 'A74C', 'D77C', 'C90B', 'A93B']	10	-1.6900415	-5.557638	-7.2476835	-1.6900454
BCCDDDCDCCDDDCDDABCDABCABDBACBDCAACDCBCACACBCCABCACBCCCCCBDBACABBBCBCBACCACADAACCCBABADBCCAABBBCCBB	['D10C', 'D35C', 'B41C', 'A93B']	4	-3.618782	-8.16691	-9.858818	-1.6919079
BCCDDDCDCCDDDCDDABCDABCABDBACBDCAACDCBCACACBCCABCACBCCCCCBDBACABBBCBCBACCACADAACCCBABADBCCAABBBCCBB	['D10C', 'D35C', 'B41C', 'A93B']	4	-3.618782	-8.16691	-9.858818	-1.6919079
AAADDDCDCDDDDCCDABCDABCABDBACBDCAADACBCABACBCCABCACBCCCCCBDBACCCBBCBCBACCACADAACCCBABADBCCAAABBCCBB	['B1A', 'C2A', 'C3A', 'D15C', 'D36A', 'A63C', 'B64C']	7	-3.6215672	-7.9623547	-9.657051	-1.6946964
BCCDDDCDCCDDBCDDABCDABCABDBACBDCAADDCBCACACBCCABCACBCCCCCBDBACDCBBCBCBACCACADADCCCBABADBCCAAABBCCBB	['D10C', 'D13B', 'B41C', 'A63D', 'B64C', 'A79D']	6	-3.6219225	-5.3263445	-7.0213985	-1.695054
BCCDDDCDCCDDDCBDABCDABCABDBACBDCAADDABCABACBCCABCACBCCCCCBDBADDBBBCBCBACCACACAACCCBABADBCCAAABBCCBB	['D10C', 'D15B', 'C37A', 'C62D', 'A63D', 'D77C']	6	-3.6225195	-7.952042	-9.64769	-1.6956477
BCCDDDCDCDDDBCDDABCDABCABDBACBDCAADDCBCABACBCCABCACBCCCCCBDBACDBBBCBCBCCCACADAACCCBABADCCBAAABBCCBB	['D13B', 'A63D', 'A71C', 'B88C', 'C90B']	5	-3.6238008	-7.46065	-9.157576	-1.6969256
BCCDDDCDCDDDDCCDABCDABCABDBACBDCAACDBBCABACBCCABCACBCCCCCBDCACDBBBCBCBACCACADAACCCBABADBCCAAABBCCBB	['D15C', 'D35C', 'C37B', 'B60C', 'A63D']	5	-3.624669	-8.586803	-10.284601	-1.6977978
AAADDDCDCDDDDCDDABCDABCABDBACBDCAADDCBCACACBCCABCACBCCCCCBDBACDBBBCBCBACCACADAACCCBABADBCCAAABBCCBB	['B1A', 'C2A', 'C3A', 'B41C', 'A63D']	5	-3.6253014	-8.74142	-10.439847	-1.6984272
AAADDDCDCDDDDCDDABCDABCABDBACBDCAADDCBCACACBCCABCACBCCCCCBDBACDBBBCBCBACCACADAACCCBABADBCCAAABBCCBB	['B1A', 'C2A', 'C3A', 'B41C', 'A63D']	5	-3.6253014	-8.74142	-10.439847	-1.6984272
AAADDDCDCDDDDCDDABCDABCABDBACBDCAADDCBCACACBCCABCACBCCCCCBDBACDBBBCBCBACCACADAACCCBABADBCCAAABBCCBB	['B1A', 'C2A', 'C3A', 'B41C', 'A63D']	5	-3.6253014	-8.74142	-10.439847	-1.6984272
BCCDDDCDCCDDDCDDABCDABCAADBACBDCAACDBBCABACBCCABCACBCCCCCBDBACDBBBCBBBADCACADAACCCBABADBCCAAABBCCBB	['D10C', 'B25A', 'D35C', 'C37B', 'A63D', 'C69B', 'C72D']	7	-3.626471	-5.639743	-7.339342	-1.6995993
BCCDDDCDCADDBCCDABCDABCABDBACBDCAADDCBCABACBCCABCACBCCCCCBDBADDBBBCBCBACCACADAACCCBABADBCCAAABBCCBB	['D10A', 'D13B', 'D15C', 'C62D', 'A63D']	5	-3.6284542	-7.3643823	-9.06596	-1.7015777
AAADDDCDCDDDDCDDABCDABCABDBACBDCAACABBCABACBCCABCACBCCCCCBDBACDBDBCBCBACCACADAACCCBABADBCCAAABBCCBB	['B1A', 'C2A', 'C3A', 'D35C', 'D36A', 'C37B', 'A63D', 'B65D']	8	-3.629528	-8.346639	-10.049294	-1.7026558
BCCDDDCDCDDDDCDDABBCABCABDBACBDCAADDBBCABACBCCABCACBCCCCCBDBACDBBBCBCBACCACADAACCCBABADBCCAABBBCCBB	['C19B', 'D20C', 'C37B', 'A63D', 'A93B']	5	-3.6333795	-7.342493	-9.049	-1.7065067
BCCDDDCDCBDDDCDDABBDABCABDBACBDCAADDCBCABACBCDBBCACBCDCCCBDBACDBBBCBCBBCCACADAACCCBABADBCCAAABBCCBB	['D10B', 'C19B', 'C46D', 'A47B', 'C54D', 'A63D', 'A71B']	7	-1.7065701	-4.917655	-6.6242323	-1.7065773
AAADDDCDCDDDDCDDABCDABCABDBACBDCAADDCBCABACBCCABCACBCCCCDBDBACDCBBCBCBACCACADAACCCBABADBCCAAABBCCBB	['B1A', 'C2A', 'C3A', 'C57D', 'A63D', 'B64C']	6	-3.6355247	-8.563457	-10.272106	-1.7086496
BCCDDDCDCDDDDCDDABCDADCABDBACBDCAADDABCABACBCDABCACBCCCCDBDBADDBBBCBCBBDCACACAACCCBBBADBCCAABBBCCBB	['B22D', 'C37A', 'C46D', 'C57D', 'C62D', 'A63D', 'A71B', 'C72D', 'D77C', 'A84B', 'A93B']	11	-3.6359549	-7.5516768	-9.260757	-1.7090807
BCCDDDCDCCDDBCDBADCDABCABDBACBDCBADDBBCABACBCDABCACBCDCCCBDBBCDBBBCBCBAACACCCAACCCBABADACBAABBBCCBB	['D10C', 'D13B', 'D16B', 'B18D', 'A33B', 'C37B', 'C46D', 'C54D', 'A61B', 'A63D', 'C72A', 'A76C', 'D77C', 'B88A', 'C90B', 'A93B']	16	-1.7091036	-3.112915	-4.8220263	-1.7091112
AAADDDCDCDDDDCCDABCDABCABDBACBDCAADDCBCABACBCCABCACBCCCCCBDCCCDBBBCBCBACCACADAACCCBABADBCCAAABBCCBB	['B1A', 'C2A', 'C3A', 'D15C', 'B60C', 'A61C', 'A63D']	7	-3.639371	-8.898304	-10.610801	-1.7124968
BCCDDDCDCADABCDDABCDABCABDBACBDCAADDCBCABACBCDABCACBCCCCDBDBCCDBBBCBCBBCCACACAACCCBABADBCBAABBBCCBB	['D10A', 'D12A', 'D13B', 'C46D', 'C57D', 'A61C', 'A63D', 'A71B', 'D77C', 'C90B', 'A93B']	11	-3.6395917	-7.4278283	-9.140545	-1.7127166
AAADDDCDCDDDDCDDABCDABCABDBACBDCAADDCBCACACBCCABCACBCCCCCBDBACDBBBCBCBAACACADAACCCBABADBCCAAABBCCBB	['B1A', 'C2A', 'C3A', 'B41C', 'A63D', 'C72A']	6	-3.6396327	-8.227232	-9.939988	-1.7127562
BCCDDDCDCDDDDCDDABBCABCABDBACBDCAADDCBCABACBCCABCACBCCCCCBDBACDBBBCBCBACCACADAACCCBABADBCCAAABBCCBB	['C19B', 'D20C', 'A63D']	3	-3.6410503	-7.8026056	-9.516784	-1.7141781
BCCDDDCDCDDDDCDDABCDABCABDBACBDCAADDCBCABACBCCABCACBCCCCCBDBACDBBBCBCBBCBACACAACCCBABADBCBAABBBCCBB	['A63D', 'A71B', 'C73B', 'D77C', 'C90B', 'A93B']	6	-3.6413217	-10.015808	-11.730258	-1.7144499
BCCDDDCDCDDDDCDDABCDABCABDBACBDCAADDCBCABACBCCABCACBCCCCCBDBACDBBBCBCBBCBACACAACCCBABADBCBAABBBCCBB	['A63D', 'A71B', 'C73B', 'D77C', 'C90B', 'A93B']	6	-3.6413217	-10.015808	-11.730258	-1.7144499
AAADDDCDCDDDDCDDABCDABCABDBACBDCAADACBCABACBCCABCACBCCCCCBDBACACBBCBCBACCACADAACCCBABADBCCAAABBCCBB	['B1A', 'C2A', 'C3A', 'D36A', 'B64C']	5	-3.642723	-7.882558	-9.598406	-1.715848
BCCDDDCDCCDDBCDDABCDABCABDBACBDCAADDCBCABACBCCABCACBCCCCCBDBACDBBBCBCBACCACADAACCCBABADBCCAABBBCCBB	['D10C', 'D13B', 'A63D', 'A93B']	4	-3.6429214	-6.8941407	-8.610189	-1.7160487
BCCDDDCDCDDDDCDDABCDABCABDBACBDCAACDBBCABACBCCABCACBCCCCCBDBACDBBBABCBBCCACACAACCCBABADBCCAABBBCCBB	['D35C', 'C37B', 'A63D', 'C67A', 'A71B', 'D77C', 'A93B']	7	-3.6445146	-7.6549144	-9.372558	-1.7176433
AAADDDCDCCDDDCDDABCDABCABDBACBDCAADDCBCABACBCCABCACBCCCCCBDBACDBBBCBCBCACACADAACCCBABADDCCAAABBCCBB	['B1A', 'C2A', 'C3A', 'D10C', 'A63D', 'A71C', 'C72A', 'B88D']	8	-3.6456676	-6.549115	-8.267907	-1.718792
BCCDDDCDCCDDDDDDABCCABCABDBACDDCAADDCBCABACBCCABCACBCCCCCBDBACDBBBCBCBACCACADAACCCBABADBCCAAABBCCBB	['D10C', 'C14D', 'D20C', 'B30D', 'A63D']	5	-3.6485515	-7.0625286	-8.784207	-1.7216787
BCCDDDCDCDDDDCDDABCDABCABDBACBDCAACACBCACACBCCABCACBCCCCCBDBACDBBBCBCBACCACADAACCCBABADBCCAAABBCCBB	['D35C', 'D36A', 'B41C', 'A63D']	4	-3.6515775	-9.366336	-11.091035	-1.724699
BCCDDDCDCDDDDCDDABCDABCABDBACBDCAACDBBCABACBCCABCACBCCCCCBDBACDBBBCBCBCCCACADAACCCBABADBCCAAABBCCBB	['D35C', 'C37B', 'A63D', 'A71C']	4	-3.6517153	-7.8098254	-9.534667	-1.7248416
BCCDDDCDCDDDDCDDABCDABCABDBACBDCAACDBBCABACBCCABCACBCCCCCBDBACDBBBCBCBCCCACADAACCCBABADBCCAAABBCCBB	['D35C', 'C37B', 'A63D', 'A71C']	4	-3.6517153	-7.8098254	-9.534667	-1.7248416
BCCDDDCDCDDDDCDDABCDABCABDBACBDCAACDBBCABACBCCABCACBCCCCCBDBACDBBBCBCBCCCACADAACCCBABADBCCAAABBCCBB	['D35C', 'C37B', 'A63D', 'A71C']	4	-3.6517153	-7.8098254	-9.534667	-1.7248416
BCCDDDCDCDDDDCDDABCDABCABDBACBDCAACDBBCABACBCCABCACBCCCCCBDBACDBBBCBCBCCCACADAACCCBABADBCCAAABBCCBB	['D35C', 'C37B', 'A63D', 'A71C']	4	-3.6517153	-7.8098254	-9.534667	-1.7248416
BCCDDDCDCDDDDCDDABCDABCABDBACBDCAACDBBCABACBCCABCACBCCCCCBDBACDBBBCBCBCCCACADAACCCBABADBCCAAABBCCBB	['D35C', 'C37B', 'A63D', 'A71C']	4	-3.6517153	-7.8098254	-9.534667	-1.7248416
BCCDDDCDCDDDDCDDABCCABCABDBACBDCAACDABCACACBCCABCACBCCCCCBDBACDBBBCBCBACCACADAACCCBABADBCCAABBBCCBB	['D20C', 'D35C', 'C37A', 'B41C', 'A63D', 'A93B']	6	-3.6521268	-8.40034	-10.125593	-1.7252531
BCCDDDCDCDDCDDDDABCDABCABDBACBDCAACACBCACACBCCABCACBCCCCCBDBACABBBCBCBACCACADAACCCBABADBCCAAABBCCBB	['D12C', 'C14D', 'D35C', 'D36A', 'B41C']	5	-3.653963	-8.492413	-10.219499	-1.7270861
BCCDDDCDCCDDBCDDABCCABCABDBACDDCAACACBCABACBCDABCACBBDCCCBDBACDBBBCBCBCCCACADAACCCBABADCCCAABBBCCBB	['D10C', 'D13B', 'D20C', 'B30D', 'D35C', 'D36A', 'C46D', 'C53B', 'C54D', 'A63D', 'A71C', 'B88C', 'A93B']	13	-1.7271833	-4.706184	-6.4333696	-1.7271857
BCCDDDCDCDDDDCDDABCDABCABDBACBDCAADDCBCABACBCCABCACBCCCCCBDBACDBBBCBCBBCBACABACCCCBABADBCAAAABBCCBB	['A63D', 'A71B', 'C73B', 'D77B', 'A79C', 'C90A']	6	-3.6557927	-7.2859936	-9.014907	-1.7289133
BCCDDDCDCDDDBCCDABCDABCABDBACBDCAAAACBCABACBCCABCACBCCCCCBDBADDBBBCBCAACAACADAACCCBABADBCBAAABBCCBB	['D13B', 'D15C', 'D35A', 'D36A', 'C62D', 'A63D', 'B70A', 'C73A', 'C90B']	9	-3.6571803	-9.550468	-11.280767	-1.730299
BCCDDDCDCDDDDCCDCBCDABCABDBACBDCAADACBCABACBCCABCACBCCCCDBDBBCDBBBCBCBACCACADAACCCBABADBCCAAABBCCBB	['D15C', 'A17C', 'D36A', 'C57D', 'A61B', 'A63D']	6	-3.657961	-10.0349245	-11.766011	-1.7310867
AAADDDCDCDDDDCCDABCDABCABDBACBDCAACACBCACACBCCABCACBCCCCDBDBDCCBDBCBCBAACCCADAACCCBABADBCCAAABBCCBB	['B1A', 'C2A', 'C3A', 'D15C', 'D35C', 'D36A', 'B41C', 'C57D', 'A61D', 'A63C', 'B65D', 'C72A', 'A74C']	13	-3.658484	-9.051107	-10.782715	-1.7316074
AAADDDCDCDDDDCDDABCDABCABDBACBDCAADDCDCABACBCCABCACBCCCCDBDCCCDBBBCBCBBDCACACAACCCBABADBCCAABBBCCBB	['B1A', 'C2A', 'C3A', 'B38D', 'C57D', 'B60C', 'A61C', 'A63D', 'A71B', 'C72D', 'D77C', 'A93B']	12	-3.6624727	-8.760573	-10.496171	-1.7355976
BCCDDDCDCDDDDCDDABCDABCABDBACBDCAADABBCABACBCCABCACBCCCCDBDCACDBBBCBCBACCACACAACCCBABADBCCAAABBCCBB	['D36A', 'C37B', 'C57D', 'B60C', 'A63D', 'D77C']	6	-3.6629105	-8.682762	-10.418801	-1.7360392
AAADDDCDCDDDBCDDABCDABCABDBACBDCAADACBCABACBCCABCACBCCCCCBDBADACBBCBCBACCACADAACCCBABADBCCAAABBCCBB	['B1A', 'C2A', 'C3A', 'D13B', 'D36A', 'C62D', 'B64C']	7	-3.6636028	-7.6998568	-9.436587	-1.7367306
BCCDDDCDCDDDDDCDABCDABCABDBACDDCBADDCBCACACBCCABCACBCCCCCBDCDCCBBBCBCBACCACADAACCCBABADCCCAAABBCCBB	['C14D', 'D15C', 'B30D', 'A33B', 'B41C', 'B60C', 'A61D', 'A63C', 'B88C']	9	-3.6645432	-7.7489967	-9.48667	-1.7376728
BCCDDDCDCDDDDDDDBBCDABCABDBACBDCAADDCBCABACBCCABCACBCCCCCBDBADDBBBCBCBCCCACADAACCCBABADBCCAABBBCCBB	['C14D', 'A17B', 'C62D', 'A63D', 'A71C', 'A93B']	6	-3.664877	-8.741048	-10.479052	-1.7380037
BCCDDDCDCDDDDCDDABCDABCABDBACBDCAACDBBCABACBCCABCACBCCCCCBDBACDBBBCBCBCACACADAACCCBABADBCCAAABBCCBB	['D35C', 'C37B', 'A63D', 'A71C', 'C72A']	5	-3.6660466	-7.2956376	-9.034812	-1.7391744
BCCDDDCDCDDDDCDDABCDABCABDBACBDCBACDBBCABACBCCABCACBCCCCDBDBACDCDBCBCBACCACACAACCCBABADBCCAAABBCCBB	['A33B', 'D35C', 'C37B', 'C57D', 'A63D', 'B64C', 'B65D', 'D77C']	8	-3.6679745	-7.9913063	-9.732411	-1.7411051
BCCDDDCDCDDDDCCDABCDABCABDBACBDCAADACBAACACBCCABCACBCCCCCBDBADDCBBCBCBACCACADAACCCBABADBCCAAABBCCBB	['D15C', 'D36A', 'C39A', 'B41C', 'C62D', 'A63D', 'B64C']	7	-3.6680088	-10.119836	-11.860962	-1.7411261
BCCDDDCDCADDDCDDABCDABCABDBACBDCAACDBBCABACBCCABCACBCCCCCBDBACBBBBCBCBACCACADAACCCBABADBCCAAABBCCBB	['D10A', 'D35C', 'C37B', 'A63B']	4	-3.6682234	-6.226243	-7.967595	-1.7413521
BCCDDDCDCDDDBDDDABCAABCABDBACBDCAACDCBCACACBCCABCACBCCCCCBDBACABBBCBABACCACADAACCDBABADBDCAAABBCCBB	['D13B', 'C14D', 'D20A', 'D35C', 'B41C', 'C69A', 'C82D', 'C89D']	8	-3.6683683	-7.7002306	-9.441726	-1.7414951
AAADDDCDCDDDDCDDABCDABCABDBACBDCAACDCBCABACBCCABCACBCCCCDBDBACDBBBCBCBACCACADAACCCBABADBCCAABBBCCBB	['B1A', 'C2A', 'C3A', 'D35C', 'C57D', 'A63D', 'A93B']	7	-3.6688442	-9.616705	-11.358675	-1.7419701
BCCDDDCDCDDDDCDDABCDABCABDBACBDCAADDABCACACBCCABCACBCCCCDBDCBCDBBBCBCBACCACADAACCCBABADBCCAAABBCCBB	['C37A', 'B41C', 'C57D', 'B60C', 'A61B', 'A63D']	6	-3.6693573	-8.629973	-10.372461	-1.7424879
BCCDDDCDCDDDDCCDABCDABCABDBACBDCAADACBCABACBCCABCACBCCCCCBDBADDBBBCBCBACCACADAACCCBABADBCCAAABBCCBB	['D15C', 'D36A', 'C62D', 'A63D']	4	-3.6711488	-9.842018	-11.5862875	-1.7442694
BCCDDDCDCDDDDCDDABCDABCABDBACBDCAADDCBCABACBCDABCACBCDCCCBDBACACBBCBCBACCACADAACCBBABADBCCAAABBCCBB	['C46D', 'C54D', 'B64C', 'C82B']	4	-1.7452569	-5.8416467	-7.5869074	-1.7452607
BCCDDDCDCDDDDCDDABBDABCABDBACBDCAADDCBCABACBCCABCACBCCCCDBDBACDBBBCBCBACCACADAACCCBABADBCBAAABBCBAB	['C19B', 'C57D', 'A63D', 'C90B', 'C97B', 'B98A']	6	-3.673235	-9.409229	-11.155592	-1.7463627
BCCDDDCDCDDDDCCDABCDABCABDBACBDCAACABBCABACBCCABCACBCCCCCBDBACDBBBCBCBACCACADAACCCBABADBCCAABBBCCBB	['D15C', 'D35C', 'D36A', 'C37B', 'A63D', 'A93B']	6	-3.6765246	-9.172772	-10.922421	-1.749649
BCCDDDCDCCDDBCDDABCCABCABDBACBDCAACACBCABACBCCABCACBCCCCCBDCCDDBBBCBCBADCACADAACCCBABADDCCAABBBCCBB	['D10C', 'D13B', 'D20C', 'D35C', 'D36A', 'B60C', 'A61C', 'C62D', 'A63D', 'C72D', 'B88D', 'A93B']	12	-3.6767917	-7.180416	-8.930334	-1.749918
BCCDDDCDCADDDCDDABCDABCABDBACBDCAACDABCACACBCCABCACBCCCCCBDBACDBBBCBCBACCACADAACCCBABADBCCAABBBCCBB	['D10A', 'D35C', 'C37A', 'B41C', 'A63D', 'A93B']	6	-3.676796	-7.319233	-9.069154	-1.7499208
BCCDDDCDCDDDBCCDABCDABCABDBACBDCAACDABCACACBCCABCACBCCCCCBDBADDBBBCBCBCCCACADAACCCBABADBCCAAABBCCBB	['D13B', 'D15C', 'D35C', 'C37A', 'B41C', 'C62D', 'A63D', 'A71C']	8	-3.6770544	-8.749355	-10.499534	-1.7501783
AAADDDCDCDDDDCDDABCDABCABDBACBDCAADDCBCABACBCCABCACBCCCCCBDBADDBBBCBCBACCACADAACCCBABADBCCAABBBCCBB	['B1A', 'C2A', 'C3A', 'C62D', 'A63D', 'A93B']	6	-3.67795	-9.167698	-10.918776	-1.7510777
BCCDDDCDCDDDDCDDBBCDABCABDBACBDCAADDCBCABACBCCABCACBCCCCCBDCADDBBBCBCBACCACADAACCCBABADBCCAAABBCCBB	['A17B', 'B60C', 'C62D', 'A63D']	4	-3.6787057	-9.0300255	-10.7818575	-1.751832
BCCDDDCDCDDDDCCDABCDABCABDBACBDDAADDBBCABACBCDBBCACBCCCCCBDBACDBBBCBCBACCACADAACCBBABADBCCACBBBCCBB	['D15C', 'C32D', 'C37B', 'C46D', 'A47B', 'A63D', 'C82B', 'A92C', 'A93B']	9	-3.6794438	-9.328674	-11.081239	-1.7525644
BCCDDDCDCDDADCDDABCDABCABDBACBDCCACDCBCACACBCCABCACBCCCCCBDBACDBBBCBCBCCCACADAACCCBABADBCCAABBBCCBB	['D12A', 'A33C', 'D35C', 'B41C', 'A63D', 'A71C', 'A93B']	7	-3.6800427	-9.278704	-11.031874	-1.75317
BCCDDDCDCCDDBCDDABCDABCABDBACBDCAACDABCACACBCCABCACBCCCCCBDBDCABBBCBCBACCACADAACCCBABADBCCAAABBCCBB	['D10C', 'D13B', 'D35C', 'C37A', 'B41C', 'A61D']	6	-3.6820025	-6.6731596	-8.428291	-1.7551317
BCCDDDCDCDDDDCDDABCDABCABDBACBDCAADDBBCACACBCCABCACBCCCCDBDBADDBBBBBCBACCACADAACCCBABADBCCAAABBCCBB	['C37B', 'B41C', 'C57D', 'C62D', 'A63D', 'C67B']	6	-3.682056	-9.16014	-10.915319	-1.7551794
BCCDDDCDCCDDDCDDABCDABCABDBACBDCAADDBBCABACBCCABCACBCCCCCBDBACDBBBCBCCACCACADAACCCBABADBCCAABBBCCBB	['D10C', 'C37B', 'A63D', 'B70C', 'A93B']	5	-3.682693	-6.7162895	-8.472109	-1.7558193
BCCDDDCDCDDDDCDDACCDABCABDBACBDCAADDCBCABACBCCABCACBCCCCCBDBACABBBCBCBBCCACACAACCCBBBADBCBAAABBCCBB	['B18C', 'A71B', 'D77C', 'A84B', 'C90B']	5	-3.6832461	-7.3811584	-9.137534	-1.7563758
BCCDDDCDCDDDDCDDABCDABCABDBACBDCAACACBCABACBCCABCACBCCCCCBDBACDCBBCBCBACCACADAACCCBABADBCCAAABBCCBB	['D35C', 'D36A', 'A63D', 'B64C']	4	-3.6839538	-8.530231	-10.287309	-1.7570772
BCCDDDCDCDDDDCCDABCDABCABDBACBDCAACACBCABACBCCABCACBCCCCCBDBACDBBBCBCBACCACADAACCCBABADBCCAAABBCCBB	['D15C', 'D35C', 'D36A', 'A63D']	4	-3.684197	-9.632885	-11.390203	-1.7573185
BCCDDDCDCDDDDCCDABCCABCABDBACDDCAACCABCABACBCCABCACBCCCCCBDCADBBBBCBCBACCACADAACCCBABADBCCAAABBCCBB	['D15C', 'D20C', 'B30D', 'D35C', 'D36C', 'C37A', 'B60C', 'C62D', 'A63B']	9	-3.686283	-9.62935	-11.388755	-1.7594051
BCCDDDCDCADDBCDDABCDABCABDBACBDCAADDCBCACACBCCABCACBCCCCCBDBACDBBBCBCBACCCCACAACCCBABADBCBAABBBCCBB	['D10A', 'D13B', 'B41C', 'A63D', 'A74C', 'D77C', 'C90B', 'A93B']	8	-3.6873994	-6.8954353	-8.655962	-1.7605267
BCCDDDCDCDDDDCDDABCAABCABDBACBDCAACDABCABACBCDABCACBCCCCDBDBACDBBBCBCBCCCACACAACCCBABADBCBAABBBCCBB	['D20A', 'D35C', 'C37A', 'C46D', 'C57D', 'A63D', 'A71C', 'D77C', 'C90B', 'A93B']	10	-3.6877494	-8.520294	-10.281171	-1.7608767
BCCDDDCDCDDDDCDDABCDABCABDBACBDCAADDCBCACACBCCABCACBCCCCCBDCADDBBBCBCBACCACACAACCCBABADBCBAABBBCCBB	['B41C', 'B60C', 'C62D', 'A63D', 'D77C', 'C90B', 'A93B']	7	-3.6878252	-9.959763	-11.720714	-1.760951
BCCDDDCDCDDDDCCDABCDABCABDBACBDCAADACBCACACBCCABCACBCCCCCBDBACDBBBCBCBACCACADAACCCBABADBCCAAABBCCBB	['D15C', 'D36A', 'B41C', 'A63D']	4	-3.6894689	-9.642063	-11.404656	-1.7625933
BCCDDDCDCDDDDCDDABCDABCABDBACBDCAABDBBCACACBCCABCACBCCCCCBDBACDBBBCBCBACCACADAACCCBABADBCCAABBBCCBB	['D35B', 'C37B', 'B41C', 'A63D', 'A93B']	5	-3.6896749	-9.13232	-10.895118	-1.7627974
BCCDDDCDCDDDBCDDABCAABCABDBACBDCAADDCBCABACBCDABCACBCCCCCBDBACDBBBCBCBCCCCCACAACCCBABADBCBAAABBCCBB	['D13B', 'D20A', 'C46D', 'A63D', 'A71C', 'A74C', 'D77C', 'C90B']	8	-3.690321	-6.694419	-8.45787	-1.7634506
AAADDDCDCDDDDCDDABCDABCABDBACBDCAACDCBCABACBCCABCACBCCCCCBDBACDBBBCBCBACCACADAACCCBABADBCCAABBBCCBB	['B1A', 'C2A', 'C3A', 'D35C', 'A63D', 'A93B']	6	-3.6909976	-8.958565	-10.722687	-1.764122
AAADDDCDCDDBDCDDABDAABCABDBACBDCAADACBCACACBCCABCACBCCCCCBDBACCBBBCBCBADCCCADAACCCBABADBCCAAABBCCBB	['B1A', 'C2A', 'C3A', 'D12B', 'C19D', 'D20A', 'D36A', 'B41C', 'A63C', 'C72D', 'A74C']	11	-3.6911826	-5.8615966	-7.6259108	-1.7643142
AAADDDCDCDDDDCDDABBDABCABDBACBDCAACDABCABACBCCABCACBCCCCCBDBACABBBCBCBACCCCADAACCCBACADBCCAAABBCCBB	['B1A', 'C2A', 'C3A', 'C19B', 'D35C', 'C37A', 'A74C', 'B85C']	8	-3.6921024	-7.490322	-9.255554	-1.7652321
BCCDDDCDCDDDDCDDABCDABCABDBACBDCAADDCBCABACBCCABCACBCCCCCBDBACDBBBCBCBACCACADAACCCBABADBCCAAABBAAAA	['A63D', 'C96A', 'C97A', 'B98A', 'B99A']	5	-3.6929622	-8.700389	-10.466476	-1.7660875
BCCDDDCDCDDDDCDDABCCABCABDBACBDCAADDCBCABACBCCABCACBCCCCCBDBACDBBBCBCBACCACADAACCCBABADBCCAAABBCCBB	['D20C', 'A63D']	2	-3.6932302	-8.013948	-9.780309	-1.7663603
BCCDDDCDCDDDDDDDABCDABCABDBACBDCAACABBCACACBCCABCACBCCCCCBDBACDBBBCBCCACCACADAACCCBABADBCCADABBCCBB	['C14D', 'D35C', 'D36A', 'C37B', 'B41C', 'A63D', 'B70C', 'A92D']	8	-3.6934667	-7.454551	-9.221142	-1.7665906
BCCDDDCDCADDBCDCABCDABCABDBACDDCAADACBCABACBACABCACBCCCCCBDBADCBBBCBCBACCACADAACCCBABADBCCAAABBCCBB	['D10A', 'D13B', 'D16C', 'B30D', 'D36A', 'C45A', 'C62D', 'A63C']	8	-3.6965313	-6.24446	-8.014124	-1.7696638
BCCDDDCDCDDDDCDDABCDABCABDBACBDCAACACACABACBCCABCACBCCCCCBDBACDBBBCBCBACCACADAACCCBABADBCCAABBBCCBB	['D35C', 'D36A', 'B38A', 'A63D', 'A93B']	5	-3.6982665	-9.296291	-11.067683	-1.7713919
AAADDDCDCDDDDCCDABCDABCABDBACBDCAADAABCACACBCCABCACBCCCCCBDBACACBBCBCBADCACADAACCCBABADBCCAAABBCCBB	['B1A', 'C2A', 'C3A', 'D15C', 'D36A', 'C37A', 'B41C', 'B64C', 'C72D']	9	-3.699768	-8.02039	-9.793285	-1.7728958
BCCDDDCDCDDDDCDDABCDABCABDBACBDCAADDBBCABACBCDABCACBCDCCCBDBACABBBCBCBACCACADAACCBBABADBCCAAABBCCBB	['C37B', 'C46D', 'C54D', 'C82B']	4	-1.777184	-5.643619	-7.420809	-1.7771897
BCCDDDCDCDDDDCDDABCDABCABDBACBDCAADDCBCABACBCCABCACBCCCCCBDBACDBBBCBCBBCCACACAACCCBABADBCCAABBBCCBB	['A63D', 'A71B', 'D77C', 'A93B']	4	-3.7079825	-8.642699	-10.423809	-1.7811098
BCCDDDCDCDADDCDDABCDABCABDBACBDCAACDCBCABACBCCABCACBCCCCCBDBACDBBBCBCBACCACADAACCCBABADBCCAAABBCCBB	['D11A', 'D35C', 'A63D']	3	-3.7082248	-8.369591	-10.150938	-1.7813473
BCCDDDCDCDDDDCCDABCDABCABDBACBDCAADDCBCABACBCCABCACBCCCCCBDCACDBBBCBCAACCACADAACCCBABADBDCAAABBCCBB	['D15C', 'B60C', 'A63D', 'B70A', 'C89D']	5	-3.711958	-9.42943	-11.214515	-1.7850847
BCCDDDCDCDDDDCDDABCDABCABDBACBDCAADDBBCABACBCCABCACBCCCCDBDCACCBBBCBCBBACACACAACCCBABADBCCAABBBCCBB	['C37B', 'C57D', 'B60C', 'A63C', 'A71B', 'C72A', 'D77C', 'A93B']	8	-3.7148457	-7.1833696	-8.971345	-1.7879753
BCCDDDCDCDDDDDDDABCDABCABDBACBDCAACDABCACACBCCABCACBCCCCDBDCACDCBBCBCBACCACADAACCCBABADBCCAAABBCCBB	['C14D', 'D35C', 'C37A', 'B41C', 'C57D', 'B60C', 'A63D', 'B64C']	8	-3.7155395	-8.297718	-10.086383	-1.7886648
BCCDDDCDCDDDDCDDABCDABCABDBACBDCAACABBCABACBCCABCACBCCCCCBDBACDBBBCBCBACCACADAACCCBABADBCCAAABBCCBB	['D35C', 'D36A', 'C37B', 'A63D']	4	-3.7158813	-8.332205	-10.121216	-1.789011
BCCDDDCDCDDDBCCBABBAABCABDBACDDCAADACBCABACBCCABCACBCCCCCBDBACABBBCBABBCCACACAACCCBABADCCCAAABBCCBB	['D13B', 'D15C', 'D16B', 'C19B', 'D20A', 'B30D', 'D36A', 'C69A', 'A71B', 'D77C', 'B88C']	11	-3.7160935	-6.6080103	-8.397235	-1.7892246
BCCDDDCDCADDDDDDABCDABCABDBACBDCAADDCBCABACBCCABCACBCCCCCBDBACDBBBCBCBACCACADAACCCBABADBCCAAABBCCBB	['D10A', 'C14D', 'A63D']	3	-3.7163806	-6.5802765	-8.369783	-1.7895069
BCCDDDCDCDDDDCDDABCAABCABDBACBDCAADACBCABACBCCABCACBCCCCCBDBACABBBCBCBACCACADAACCDBABADBCCAAABBCCBB	['D20A', 'D36A', 'C82D']	3	-3.7170835	-8.215629	-10.005836	-1.7902069
BCCDDDCDCADDDCDDABCDABCABDBACBDCAADDCBCABACBCCABCACBCCCCCBDBACDBBBCBCBACCACADAACCCBABADBCCAAABBCCBB	['D10A', 'A63D']	2	-3.7178993	-6.9328427	-8.723866	-1.7910237
BCCDDDCDCDDDDCDDABCDABCABDBACBDCAACAABCACACBCCABCACBCCCCDBDBADDBBBCBCBACCACADAACCCBABADBCCAABBBCCBB	['D35C', 'D36A', 'C37A', 'B41C', 'C57D', 'C62D', 'A63D', 'A93B']	8	-3.718217	-10.272308	-12.063653	-1.7913446
BCCCDDCDCDDDDDCDABCDABCABDBACBDCAADACBCABACBCCABCACBCCCCCBDBACABBBCBCBACCACADAACCCBABADBCCAAABBCCBB	['D4C', 'C14D', 'D15C', 'D36A']	4	-3.7190785	-8.852933	-10.645135	-1.792202
BCCDDDCDCDDDDCDDABBDABCABDBACBDCAADDCBCACACBCCABCACBCDCCCBDBADACBBCBCBACCACACAACCBBABADBCCAAABBCCBB	['C19B', 'B41C', 'C54D', 'C62D', 'B64C', 'D77C', 'C82B']	7	-1.7927814	-6.901469	-8.694254	-1.7927847
BCCDDDCDCADDDCDDABADABCABDBACBDCAADDCBCABACBCDABCACBCCCCCBDBACACBBCBCBADCCCACAACCCBABADBCBAAABBCCBB	['D10A', 'C19A', 'C46D', 'B64C', 'C72D', 'A74C', 'D77C', 'C90B']	8	-3.7204733	-5.63212	-7.425725	-1.7936049
BCCDDDCDCCDDBCCDABADABCABDBACBDCAADDCBCABACBCCABCACBCCCCCBDBACABBBCBCBACCACADAACCCBABADBCCAAABBCCBB	['D10C', 'D13B', 'D15C', 'C19A']	4	-3.7221518	-6.7550664	-8.550347	-1.7952809
AAADDDCDCDDDDCCDABCDABCABDBACBDCAACDABCACACBCCABCACBCCCCCBDBACBBBBCBCBACCACADAACCCBABADBCCAAABBCCBB	['B1A', 'C2A', 'C3A', 'D15C', 'D35C', 'C37A', 'B41C', 'A63B']	8	-3.723031	-8.809359	-10.605517	-1.7961588
BCCDDDCDCDDDDCDDABCDABCABDBACDDCDADDCBCABACBACABCACBCCCCCBDBACABBBCBCBBCCACADAACCCBABADBCCAAABBCCBB	['B30D', 'A33D', 'C45A', 'A71B']	4	-3.7232761	-8.359287	-10.155689	-1.796402
BCCDDDCDCDDDDCDCABCCABCABDBACBDCAADACBAABACBCCABCACBCCCCCBDBACACBBCBCBACCACADAACCCBABADBCCAAABBCCBB	['D16C', 'D20C', 'D36A', 'C39A', 'B64C']	5	-3.7235875	-7.1453586	-8.942073	-1.7967143
BCCDDDCACBDABCDDABCDABCABDBACDDCAACACBCABACBCAABCACBCCCCCBDBADDDBBCBCBCCCACACAACCCBABADCCCAAABBCCBB	['D8A', 'D10B', 'D12A', 'D13B', 'B30D', 'D35C', 'D36A', 'C46A', 'C62D', 'A63D', 'B64D', 'A71C', 'D77C', 'B88C']	14	-3.7239633	-7.6858263	-9.482914	-1.7970877
BCCDDDCDCDDDBCDCABCDABCABDBACBDCAADAABCABACBCCABCACBCCCCCBDCBDCCBBCBCBACCACADAACCCBABADBCCAAABBCCBB	['D13B', 'D16C', 'D36A', 'C37A', 'B60C', 'A61B', 'C62D', 'A63C', 'B64C']	9	-3.7244883	-5.6198688	-7.417492	-1.7976232
BCCDDDCDCCDDDBDDABCDABCABDBACBDCAADDCBCABACBCCABCACBCCDCCBDBADDBAACBCAACCACACAACCCBABADBCBAAABBCCBB	['D10C', 'C14B', 'C55D', 'C62D', 'A63D', 'B65A', 'B66A', 'B70A', 'D77C', 'C90B']	10	-3.7245102	-8.384318	-10.181958	-1.7976398
BCCDDDCDCDDDDCDDABCDABCABDBACBDCAACDBBCABACBCCABCACBCCCCCBDBADDBBBCBBBCCCACADAACCCBABADBCCAAABBCCBB	['D35C', 'C37B', 'C62D', 'A63D', 'C69B', 'A71C']	6	-3.7259684	-7.2145796	-9.013675	-1.7990952
BCCDDDCDCDDDDCDDABBDABCABDBACBDCAADACBCABACBCCABCACBCCCCCBDBACDBBBCBABACCACADAACCCBABADBCCAABBBCCBB	['C19B', 'D36A', 'A63D', 'C69A', 'A93B']	5	-3.7265725	-8.537396	-10.337093	-1.7996969
BCCDDDCDCCDDDCDDABCDABCABDBACBDCAADDCBCABACBCCABCACBCCCCCBDBACDBBBCBCBACCACACAACCCBABADBCCAABBBCCBB	['D10C', 'A63D', 'D77C', 'A93B']	4	-3.7267523	-7.894033	-9.693914	-1.7998815
BCCDDDCDCADDDCDDABCDABCABDBACBDCAADDCBCACACBCCABCACBCCCCCBDBACDBBBCBDBCBCACACAACCCBABADBCBAAABBCCBB	['D10A', 'B41C', 'A63D', 'C69D', 'A71C', 'C72B', 'D77C', 'C90B']	8	-3.728341	-7.7265244	-9.527993	-1.8014688
BCCDDDCDCDDDDCDDABCDABCABDBACBDCAADDABCABACBCCABCACBCCCCDBDBACDBBBCBCBCCCACADAACCCBABADBCBAAABBCCBB	['C37A', 'C57D', 'A63D', 'A71C', 'C90B']	5	-3.7287502	-8.537817	-10.339696	-1.8018789
BCCDDDCDCDDDDCDDABCDABCABDBACBDCAADDABCABACBCCABCACBCCCCDBDBACDBBBCBCBCCCACADAACCCBABADBCBAAABBCCBB	['C37A', 'C57D', 'A63D', 'A71C', 'C90B']	5	-3.7287502	-8.537817	-10.339696	-1.8018789
BCCDDDCDCCDDBCDDABCDABCABDBACBDCAADDABCABACBCCABCACBCCCCDBDBACDBBBCBCBACCACADAACCCBABADBCCAAABBCCBB	['D10C', 'D13B', 'C37A', 'C57D', 'A63D']	5	-3.728887	-6.7998185	-8.601828	-1.8020091
BCCDDDCDCDDDDCDDADBDABCABDBACBDCAADDCBCABACBCBABCACBCCCCCBDBACDBBBCBCBACCACADAACCCBABADBCBACBBCCCBB	['B18D', 'C19B', 'C46B', 'A63D', 'C90B', 'A92C', 'A93B', 'B95C']	8	-3.7300906	-8.884663	-10.687878	-1.803215
BCCDDDCDCDDDDCDDADBDABCABDBACBDCAADDCBCABACBCBABCACBCCCCCBDBACDBBBCBCBACCACADAACCCBABADBCBACBBCCCBB	['B18D', 'C19B', 'C46B', 'A63D', 'C90B', 'A92C', 'A93B', 'B95C']	8	-3.7300906	-8.884663	-10.687878	-1.803215
BCCDDDCDCDDDDCDDADBDABCABDBACBDCAADDCBCABACBCBABCACBCCCCCBDBACDBBBCBCBACCACADAACCCBABADBCBACBBCCCBB	['B18D', 'C19B', 'C46B', 'A63D', 'C90B', 'A92C', 'A93B', 'B95C']	8	-3.7300906	-8.884663	-10.687878	-1.803215
BCCDDDCDCDDDDCDDABCDABCABDBACBDCAACDCBCABACBCCABCACBCCCCCBDBACDBBBCBCBCCCACADAACCCBABADBCCAAABBCCBB	['D35C', 'A63D', 'A71C']	3	-3.7303553	-8.4962635	-10.299747	-1.803484
BCCDDDCDCDDDBCDDABCDABCABDBACBDCAACDBBCABACBCDABCACBCCCCCBDBDCDCBBCBCBACCACCCAACCCBABADBCCAAABBCCBB	['D13B', 'D35C', 'C37B', 'C46D', 'A61D', 'A63D', 'B64C', 'A76C', 'D77C']	9	-3.7319746	-7.6843963	-9.489499	-1.8051028
BCCDDDCDCDDBDCDDABBDABCABDBACBDCAACDBBCABACBCDABCACBCCCCCBDBADDCBBCBCBACCACCDAACCCBABADBCCAABBBCCBB	['D12B', 'C19B', 'D35C', 'C37B', 'C46D', 'C62D', 'A63D', 'B64C', 'A76C', 'A93B']	10	-3.7341642	-8.1793585	-9.986645	-1.8072863
BCCDDDCDCCDDDCDDABCDABCABDBACDDCAACACBCACACBBCABCACBCCCCCBDCCDDBBBCBCBACCACADAACCCBABADCCCAABBBCCBB	['D10C', 'B30D', 'D35C', 'D36A', 'B41C', 'C45B', 'B60C', 'A61C', 'C62D', 'A63D', 'B88C', 'A93B']	12	-3.7341852	-9.033808	-10.841119	-1.807311
BCCDDDCDCDDDDCDDABCDABCABDBACBDCAACABBCABACBCCABCACBCCCCCBDBDCCBBBCBCBAACACADAACCCBABADBCBAAABBCCBB	['D35C', 'D36A', 'C37B', 'A61D', 'A63C', 'C72A', 'C90B']	7	-3.7347445	-7.376918	-9.184788	-1.8078699
BCCDDDCDCCDDDCDDABCDABCABDBACBDCAADDCBCABACBCCABCACBCCCCDBDBACDBBBCBCBABCACADAACCCBABADBCCAABBBCCBB	['D10C', 'C57D', 'A63D', 'C72B', 'A93B']	5	-3.736525	-8.344429	-10.154081	-1.8096523
BCCDDDCDCCDDDCDDABCDABCABDBACBDCAADDCBCABACBCCABCACBCCCCDBDBACDBBBCBCBABCACADAACCCBABADBCCAABBBCCBB	['D10C', 'C57D', 'A63D', 'C72B', 'A93B']	5	-3.736525	-8.344429	-10.154081	-1.8096523
BCCDDDCDCDDDDCDDABCDABCABDBACBDCAADACBCABACBCCABCACBCCCCCBDBADCBBBCBCBACCACADAACCDBABADBCCAAABBCCBB	['D36A', 'C62D', 'A63C', 'C82D']	4	-3.7367768	-8.974457	-10.784359	-1.8099022
BCCDDDCDCDDDDCDDABCDABCABDBACBDCAACDABCABACBCCABCACBCCCCCBDBACDBBBCBCBBCCACACAACCCBABADBCCAABBBCCBB	['D35C', 'C37A', 'A63D', 'A71B', 'D77C', 'A93B']	6	-3.7388558	-8.455072	-10.267056	-1.8119841
BCCDDDCDCDDDBCDDABCDABCABDBACDDCAACAABCABACBCCABCACBCCCCDBDBADDBBBCBCBBCCACACAACCCBABADCCBAAABBCCBB	['D13B', 'B30D', 'D35C', 'D36A', 'C37A', 'C57D', 'C62D', 'A63D', 'A71B', 'D77C', 'B88C', 'C90B']	12	-3.7394667	-9.420546	-11.233135	-1.8125896
BCCDDDCDCCDDDCDDABCDABCABDBACBDCAADDABCABACBCDABCACBCCCCCBDBADCBBBCBCBACCACACAACCCBACADBCCAABBBCCBB	['D10C', 'C37A', 'C46D', 'C62D', 'A63C', 'D77C', 'B85C', 'A93B']	8	-3.7408543	-7.169071	-8.983058	-1.8139868
BCCDDDCDCDDDBCDDABCDABCABDBACBDCAACDCBCABACBCCABCACBCCCCCBDBACDBBBCBCBBCCACACAACCCBABADBCCAABBBCCBB	['D13B', 'D35C', 'A63D', 'A71B', 'D77C', 'A93B']	6	-3.741911	-8.250864	-10.065901	-1.8150368
BCCDDDCDCDDDBCDDABCDABCABDBACBDCAACDCBCABACBCCABCACBCCCCCBDBACDBBBCBCBBCCACACAACCCBABADBCCAABBBCCBB	['D13B', 'D35C', 'A63D', 'A71B', 'D77C', 'A93B']	6	-3.741911	-8.250864	-10.065901	-1.8150368
BCCDDDCDCDDDBCDDABCDABCABDBACBDCAACDCBCABACBCCABCACBCCCCCBDBACDBBBCBCBBCCACACAACCCBABADBCCAABBBCCBB	['D13B', 'D35C', 'A63D', 'A71B', 'D77C', 'A93B']	6	-3.741911	-8.250864	-10.065901	-1.8150368
BCCDDDCDCDDDDCDDABCDABCABDBACBDCAACDBBCABACBCCABCACBCCCCCBDCCCDCBBCBCBACCACADAACCCBABADBCBAAABBCCBB	['D35C', 'C37B', 'B60C', 'A61C', 'A63D', 'B64C', 'C90B']	7	-3.7441258	-7.8611727	-9.678422	-1.8172493
BCCDDDCDCCDDDCCDABCDABCABDBACBDCAACAABCABACBCCABCACBCDCCDBDBACDBBBCBCBBCCACACAACCCBABADBCBAABBBCCBB	['D10C', 'D15C', 'D35C', 'D36A', 'C37A', 'C54D', 'C57D', 'A63D', 'A71B', 'D77C', 'C90B', 'A93B']	12	-1.8184505	-7.008727	-8.827176	-1.818449
AAADDDCDCDDDDCDDCBCDABCABDBACBDCAADACBCABACBCCABCACBCCCCCBDBADABBBCBCBACCACADAACCCBABADBCCAAABBCCBB	['B1A', 'C2A', 'C3A', 'A17C', 'D36A', 'C62D']	6	-3.7462096	-9.171236	-10.99057	-1.819334
BCCDDDCDCDDDDCDDADCDABCABDBACBDCAACACBCABACBCCABCACBCCCCCBDBACDCBBCBCBACCACADAACCCBABADBCCAAABBCCBB	['B18D', 'D35C', 'D36A', 'A63D', 'B64C']	5	-3.7464418	-8.66264	-10.482206	-1.8195667
BCCDDDCDCCDDBCDCABCBABCABDBACBDCAADDCBCABACBCCABCACBCCCCCBDBADDBBBCBABACCACADAACCCBABADDCBADABBCCBB	['D10C', 'D13B', 'D16C', 'D20B', 'C62D', 'A63D', 'C69A', 'B88D', 'C90B', 'A92D']	10	-3.7477193	-5.9061666	-7.7270136	-1.820847
BCCDDDCDCDDDDCDDABCDABCABDBACBDCAACABBCABABBCCABCACBCCCCCBDBACDBBBCBCBCCCACADAACCCBABADBCCAABBBCCBB	['D35C', 'D36A', 'C37B', 'C43B', 'A63D', 'A71C', 'A93B']	7	-3.7480168	-8.350744	-10.171889	-1.821145
BCCDDDCDCDDDDCDDABCDABCAADBACBDCAACACBCACACBCCABCACBCCCCCBDBACDBBBCBCBACCACADAACCCBABADBCCAAABBCCBB	['B25A', 'D35C', 'D36A', 'B41C', 'A63D']	5	-3.7483544	-9.396697	-11.218174	-1.8214769
BCCDDDCDCCDDDCDDABCDABCABDBACBDCAADDCBCABACBCCABCACBCCCCCBDBADABBBCBCBACCACADAACCCBABADBCCAABBBCCBB	['D10C', 'C62D', 'A93B']	3	-3.7486782	-8.028353	-9.850158	-1.821805
BCCDDDCDCDDDDCDDABCDABCDBDBACBDCAADDCBCABACBCDABCACBCCCCCBDBACABBBCBCBACCACACAACCCBABADBCCAABBBCCBB	['A24D', 'C46D', 'D77C', 'A93B']	4	-3.7513666	-8.4222145	-10.246711	-1.8244963
BCCDDDCDCDDDDDCDABCDABCABDBACBDCAADABBCABACBCCABCACBCCCCCBDBACDBBBCBCBACCACADAACCCBABADBCCAAABBCCBB	['C14D', 'D15C', 'D36A', 'C37B', 'A63D']	5	-3.7522545	-8.255369	-10.08075	-1.8253813
BCCDDDCDCCDDDCDDABCDABCABDBACBDCAADDCBCABABBCBABCACBCCCCCBDBACDBBBCBCBACCACACAACCCBABADBCCAABBBCCBB	['D10C', 'C43B', 'C46B', 'A63D', 'D77C', 'A93B']	6	-3.752389	-8.208762	-10.034278	-1.8255157
BCCDDDCDCDDDDCBDABCDABCABDBACBDCAADDCBCABACBCCABCACBCCCCCBDBACDBBBCBCCBCCACACAACCCBABADBCCAABBBCABA	['D15B', 'A63D', 'B70C', 'A71B', 'D77C', 'A93B', 'C97A', 'B99A']	8	-3.7529607	-8.726393	-10.552478	-1.8260851
AAADDDCDCDDDDCDDABCDABCABDBACBDCAADDCBCABACBCCABCACBCCCCCBDBADDABBCBCBACCACADAACCCBABADBCCAAABBCCBB	['B1A', 'C2A', 'C3A', 'C62D', 'A63D', 'B64A']	6	-3.7536836	-7.5537786	-9.380586	-1.826807
BCCDDDCDCDDDDCDDABCDABCABDBACBDCAADDCBCABACBCBABCACBCCCCCBDBACBBBBCBCBACCACADAACCCBBBADBCCAAABBCCBB	['C46B', 'A63B', 'A84B']	3	-3.7540183	-7.0014834	-8.828629	-1.8271451
BCCDDDCDCDDDDCDDABCDABCABDBACBDCAACACBCABACBCCABCACBCCCCCBDBADCCBBCBCBACCACADAACCCBABADBCBAAABBCCBB	['D35C', 'D36A', 'C62D', 'A63C', 'B64C', 'C90B']	6	-3.7542658	-8.647718	-10.475108	-1.8273897
BCCDDDCDCDDADCDDABCDABCABDBACBDCAACDBBCABACBCDABCACBCCCCCBDBACDBBBCBCBBCBACACAACCCBABADBCBAABBBCCBB	['D12A', 'D35C', 'C37B', 'C46D', 'A63D', 'A71B', 'C73B', 'D77C', 'C90B', 'A93B']	10	-3.7553434	-9.774462	-11.602934	-1.8284721
BCCDDDCDCDDADCDDABCDABCABDBACBDCAACDBBCABACBCDABCACBCCCCCBDBACDBBBCBCBBCBACACAACCCBABADBCBAABBBCCBB	['D12A', 'D35C', 'C37B', 'C46D', 'A63D', 'A71B', 'C73B', 'D77C', 'C90B', 'A93B']	10	-3.7553434	-9.774462	-11.602934	-1.8284721
BCCDDDCDCDDDDCCDABCDABCABDBACBDCAACACBCABACBCCABCACBCCCCCBDBACDBBBCBCBACCACADAACCCBABADBCCAAABDCCBB	['D15C', 'D35C', 'D36A', 'A63D', 'B95D']	5	-3.7581182	-9.676887	-11.508128	-1.8312416
BCCDDDCDCDDDDCCDABCDABCABDBACBDCAACACBCABACBCCABCACBCCCCCBDBACDBBBCBCBACCACADAACCCBABADBCCAAABDCCBB	['D15C', 'D35C', 'D36A', 'A63D', 'B95D']	5	-3.7581182	-9.676887	-11.508128	-1.8312416
BCCDDDCDCCDDDCDDABCDABCABDBACBDCAADDCBCABACBCCABCACBCCCCCBDBACDBBBCBCBABCACADAACCCBABADBCCAABBBCCBB	['D10C', 'A63D', 'C72B', 'A93B']	4	-3.7586794	-7.686289	-9.518094	-1.8318052
BCCDDDCDCDDDDCCDABCAABCABDBACDDCAACCCBCABACBCCABCACBCCCCCBDBADBBBBCBCBBACACACAACCCBABADCCCAABBBCCBB	['D15C', 'D20A', 'B30D', 'D35C', 'D36C', 'C62D', 'A63B', 'A71B', 'C72A', 'D77C', 'B88C', 'A93B']	12	-3.7593403	-9.548226	-11.380683	-1.8324566
BCCDDDCDCDDDDCDDABCDABCABDBACBDCAADDABCACACBCCABCACBCCCCCBDBADBBBBCBCBBCCACACAACCCBABADBCCAABBBCCBB	['C37A', 'B41C', 'C62D', 'A63B', 'A71B', 'D77C', 'A93B']	7	-3.760045	-8.653224	-10.486394	-1.8331699
BCCDDDCDCCDDDDDDABCDABCABDBACBDCAADDABCACACBCCABCACBCCCCCBDBACDBBBCBCBACCACACAACCCBABADBCCAABBBCCBB	['D10C', 'C14D', 'C37A', 'B41C', 'A63D', 'D77C', 'A93B']	7	-3.7613783	-7.3630214	-9.197527	-1.8345056
BCCDDDCDCDDDDCCDABCDABCABDBACBDCAADDCBCABACBCDABCACBCCCCCBDBADDBBBCBCBACCACADAACCCBABADBCBAABBBCCBB	['D15C', 'C46D', 'C62D', 'A63D', 'C90B', 'A93B']	6	-3.7615423	-10.089104	-11.92377	-1.8346663
BCCDDDCDCDDDBCDDABCAABCABDBACBDCAADDABCABACBCDABCACBCCCCCBDBACDBBBCBABBBBACACAACCCBABADBCBAAABBCCBB	['D13B', 'D20A', 'C37A', 'C46D', 'A63D', 'C69A', 'A71B', 'C72B', 'C73B', 'D77C', 'C90B']	11	-3.7648072	-7.5851765	-9.423113	-1.8379364
BCCDDDCDCCDDDDDDABCDABCABDBACBDCAADDCBCACACBCCABCACBCCCCCBDBACABBBCBCBACCACADAACCCBABADBCCAABBBCCBB	['D10C', 'C14D', 'B41C', 'A93B']	4	-3.765479	-7.475831	-9.314437	-1.8386059
BCCDDDCDCADDDCCDABCDABCABDBACBDCAACDCBCACACBCCABCACBCCCCCBDBACABBBCBCBACCACADAACCCBABADBCCAAABBCCBB	['D10A', 'D15C', 'D35C', 'B41C']	4	-3.7655797	-8.089505	-9.92821	-1.8387051
BCCDDDCDCDDDDCDDABCDABCABDBACBDCAADDCBCACACBCCABCACBCCCCCBDBACDBBBCBCBCCCACACAACCCBABADBCBAABBBCCBB	['B41C', 'A63D', 'A71C', 'D77C', 'C90B', 'A93B']	6	-3.7658114	-9.249378	-11.088316	-1.8389378
BCCDDDCDCDDBDCDDABCDABCABDBACBDCAADDCBCABACBCCABCACBCCCCCBDBACDBBBCBCBBCCACACAACCCBABADBCBAABBBCCBB	['D12B', 'A63D', 'A71B', 'D77C', 'C90B', 'A93B']	6	-3.7669644	-8.3513565	-10.191445	-1.8400888
BCCDDDCDCCDDDCDDABCDABCABDBACBDCAADDCBCACACBCCABCACBCCCCCBDBACABBBCBCBACCACADAACCCBABADBCCAABBBCCBB	['D10C', 'B41C', 'A93B']	3	-3.7669988	-7.8283987	-9.668525	-1.840126
BCCDDDCDCCDDDCDDABCDABCABDBACBDCAADDCBCACACBCCABCACBCCCCCBDBACABBBCBCBACCACADAACCCBABADBCCAABBBCCBB	['D10C', 'B41C', 'A93B']	3	-3.7669988	-7.8283987	-9.668525	-1.840126
AAADDDCDCDDDDCDDABCDABCABDBACBDCAADDCBCABACBCCABCACBCCCCCBDBACDBBBCBCBACCACADAACCCBABADBCCAAABBCCBB	['B1A', 'C2A', 'C3A', 'A63D']	4	-3.7682452	-8.393726	-10.235099	-1.8413725
BCCDDDCDCCDCDCDDABADABCABDBACBDCAACDCBCABACBCCAACACBCDCCCBDBACDBDBCBCBCCCACACAACCCBABADBCCAAABBCCBB	['D10C', 'D12C', 'C19A', 'D35C', 'B48A', 'C54D', 'A63D', 'B65D', 'A71C', 'D77C']	10	-1.8419518	-5.205374	-7.04733	-1.8419561
BCCDDDCDCCDDDCDDABCDABCABDBACBDCAACDBBCABACBCCABCACBCCCCCBDBACDDBBCBCBCDCACACAACCCBABADBCCAAABBCCBB	['D10C', 'D35C', 'C37B', 'A63D', 'B64D', 'A71C', 'C72D', 'D77C']	8	-3.769836	-6.0820923	-7.9250546	-1.8429623
BCCDDDCDCDDDDCDDABBDABCABDBACBDCAADDCBCACACBCCABCACBCCCCCBDBBDDBDBCBCBCCCACADAACCCBABADBCCABABBCCBB	['C19B', 'B41C', 'A61B', 'C62D', 'A63D', 'B65D', 'A71C', 'A92B']	8	-3.7707686	-8.805095	-10.648986	-1.8438911
BCCDDDCDCCDDDCDDABCDABCABDBACBDCAACDBBCABACBCCABCACBCCCCCBDBACCBBBCBCBACCACADAACCCBABADBCCAABBBCCBB	['D10C', 'D35C', 'C37B', 'A63C', 'A93B']	5	-3.772255	-6.5983367	-8.443721	-1.8453841
BCCDDDCDCCDDDCDDABCDABCABDBACBDCAACDBBCABACBCCABCACBCCCCCBDBACCBBBCBCBACCACADAACCCBABADBCCAABBBCCBB	['D10C', 'D35C', 'C37B', 'A63C', 'A93B']	5	-3.772255	-6.5983367	-8.443721	-1.8453841
BCCDDDCDCCDDDCDDABCDABCABDBACBDCAACDBBCABACBCCABCACBCCCCCBDBACCBBBCBCBACCACADAACCCBABADBCCAABBBCCBB	['D10C', 'D35C', 'C37B', 'A63C', 'A93B']	5	-3.772255	-6.5983367	-8.443721	-1.8453841
BCCDDDCDCDDCDDDDABCDABCABDBACBDCAACDCBCABACBCCABCACBCCCCCBDBACDCBBCBCBACCACADAACCCBABADBCCAABBBCCBB	['D12C', 'C14D', 'D35C', 'A63D', 'B64C', 'A93B']	6	-3.7722645	-7.9053917	-9.750779	-1.8453875
BCCDDDCDCDDDDCDDABCDABCABDBACBDCAACACBCABACBCCABCACBCCCCDBDBACDBBBCBCBACCACADAACCCBABADBCCAAABBCCBB	['D35C', 'D36A', 'C57D', 'A63D']	4	-3.7723684	-9.676784	-11.52228	-1.8454962
BCCDDDCDCDDDDCCDABCDABCABDBACBDCAADDBBCABACBCCABCACBCCCCCBDCACDBBBCBCBACCACADAACCCBABADBCCAAABBCCBB	['D15C', 'C37B', 'B60C', 'A63D']	4	-3.7728848	-8.248291	-10.094306	-1.846015
BCCDDDCDCDDDDCCDABCDABCABDBACBDCAADACBCACACBCCABCACBCCCCCBDBADBBBBCBCBACCACADAACCCBABADBCCAABBBCCBB	['D15C', 'D36A', 'B41C', 'C62D', 'A63B', 'A93B']	6	-3.7763534	-10.057363	-11.906836	-1.849473
AAAADDCDCDDDDCDDBBCDABCABDBACBDCAACDCBCABACBCCABCACBCCCCCBDBADDBBBCBCBACCACADAACCCBABADBCCAAABBCCBB	['B1A', 'C2A', 'C3A', 'D4A', 'A17B', 'D35C', 'C62D', 'A63D']	8	-3.777771	-9.441675	-11.292571	-1.8508959
BCCDDDCDCDDDDCDDABCDABCABDBACBDCAADDCBCABACBCCABCACBCCCCCBDBAABBBBCBCBBCCACACAACCCBABADBCCAAABBCCBB	['C62A', 'A63B', 'A71B', 'D77C']	4	-3.7784543	-8.466108	-10.317688	-1.8515797
BCCDDDCDCCDDDCDDABCDABCABDBACBDCAADDCBCABACBCDABCACBCCCCCCDBADDBBBCBCBADCACACAACCCBABADDACAABBBCCBB	['D10C', 'C46D', 'B58C', 'C62D', 'A63D', 'C72D', 'D77C', 'B88D', 'C89A', 'A93B']	10	-3.7797985	-7.2521653	-9.105093	-1.8529277
BCCDDDCDCCDDDCDDABCDABCABDBACBDCAADDABCABACBCBABCACBCCCCCBDBACACBBCBCBACCACACAACCCBABADBCCAABBBCCBB	['D10C', 'C37A', 'C46B', 'B64C', 'D77C', 'A93B']	6	-3.7806234	-6.856861	-8.710617	-1.853756
BCCDDDCDCDDDDCDDABCDABCABDBACBDCAADACBCABACBCCABCACBCCCCCBDBADDBBBCBCBACCACADAACCCBABADBCCAAABBCCBB	['D36A', 'C62D', 'A63D']	3	-3.7814736	-9.2277775	-11.082376	-1.854598
BCCDDDCDCDDDDCDDABCDABCABDBACBDCAADACBCABACBCCABCACBCCCCCBDBADDBBBCBCBACCACADAACCCBABADBCCAAABBCCBB	['D36A', 'C62D', 'A63D']	3	-3.7814736	-9.2277775	-11.082376	-1.854598
BCCDDDCDCDDDDCDDABCDABCABDBACBDCAADACBCABACBCCABCACBCCCCCBDBADDBBBCBCBACCACADAACCCBABADBCCAAABBCCBB	['D36A', 'C62D', 'A63D']	3	-3.7814736	-9.2277775	-11.082376	-1.854598
BCCDDDCDCDDDDCCCABCDABCABDBACBDCAACAABAACACBCCABCACBCCCCCBDBADDBBBCBCBACCACADAACCCBABADBCCAABBBCCBB	['D15C', 'D16C', 'D35C', 'D36A', 'C37A', 'C39A', 'B41C', 'C62D', 'A63D', 'A93B']	10	-3.785925	-9.870988	-11.730033	-1.859045
BCCDDDCDCDDDDCCCABCDABCABDBACBDCAACAABAACACBCCABCACBCCCCCBDBADDBBBCBCBACCACADAACCCBABADBCCAABBBCCBB	['D15C', 'D16C', 'D35C', 'D36A', 'C37A', 'C39A', 'B41C', 'C62D', 'A63D', 'A93B']	10	-3.785925	-9.870988	-11.730033	-1.859045
BCCDDDCDCDDDDCCCABCDABCABDBACBDCAACAABAACACBCCABCACBCCCCCBDBADDBBBCBCBACCACADAACCCBABADBCCAABBBCCBB	['D15C', 'D16C', 'D35C', 'D36A', 'C37A', 'C39A', 'B41C', 'C62D', 'A63D', 'A93B']	10	-3.785925	-9.870988	-11.730033	-1.859045
BCCDDDCDCDDBDCCDABBDABCABDBACBDCAADAABCACACBCDABCACBCCCCCBDCADABBBCBCBACCCCADAACCCBABADBCCAAABBCCBB	['D12B', 'D15C', 'C19B', 'D36A', 'C37A', 'B41C', 'C46D', 'B60C', 'C62D', 'A74C']	10	-3.7871885	-8.02545	-9.885763	-1.8603134
BCCDDDCDCDDDBCDDABCDABCABDBACBDCAADDABCACACBCCABCACBCCCCCBDBACDBBBCBCBCCCACADAACCCBABADBCBAAABBCCBB	['D13B', 'C37A', 'B41C', 'A63D', 'A71C', 'C90B']	6	-3.7901015	-7.4970226	-9.360247	-1.863224
BCCDDDCDCCDDBDDDABBDABCABDBACBDCAACDABCABACBCCABCACBCCCCDBDBACDBBBCBCBACCACACAACCCBABADBCCAAABBCCBB	['D10C', 'D13B', 'C14D', 'C19B', 'D35C', 'C37A', 'C57D', 'A63D', 'D77C']	9	-3.7929487	-6.8439655	-8.710042	-1.8660765
BCCDDDCDCDDDDCDDABBAABCABDBACDDCAACACBCABACBCCABCACBCCCCCCDBACDBBBCBCBACCACADAACCCBABADCCCAAABBCCBB	['C19B', 'D20A', 'B30D', 'D35C', 'D36A', 'B58C', 'A63D', 'B88C']	8	-3.7929935	-7.879897	-9.746016	-1.8661184
BCCDDDCDCDDDDCDDABCDABCABDBACBDCAADACBCABACBCCABCACBCCCCCBDBADAABBCBCBACCACADAACCDBABADBCCAAABBCCBB	['D36A', 'C62D', 'B64A', 'C82D']	4	-3.7943106	-8.121305	-9.988738	-1.8674326
BCCDDDCDCDDDDCDDABCDABCABDBACBDCAADACBCABACBCCABCACBCCCCCBDBADAABBCBCBACCACADAACCDBABADBCCAAABBCCBB	['D36A', 'C62D', 'B64A', 'C82D']	4	-3.7943106	-8.121305	-9.988738	-1.8674326
BCCDDDCDCDDDDCDDABCDABCABDBACBDCAACACBCABACBCCABCACBCCCCCBDBACDBBBCBCBACCACADAACCCBABADBCCAAABBCCBB	['D35C', 'D36A', 'A63D']	3	-3.7945213	-9.018642	-10.886292	-1.86765
BCCDDDCDCDDDDCDDABCDABCABDBACBDCAACACBCABACBCCABCACBCCCCCBDBACDBBBCBCBACCACADAACCCBABADBCCAAABBCCBB	['D35C', 'D36A', 'A63D']	3	-3.7945213	-9.018642	-10.886292	-1.86765
BCCDDDCDCCDDBCDDABCDABCABDBACDDCAACABBCABACBCCABCACBCCCCCBDBACDBBBCBCBACCACADAACCCBABADCCCAABBBCCBB	['D10C', 'D13B', 'B30D', 'D35C', 'D36A', 'C37B', 'A63D', 'B88C', 'A93B']	9	-3.7956772	-7.014509	-8.883312	-1.868803
BCCDDDCDCADDDCDDABCDABCABDBACBDCAADDCBCABACBCBABCACBCCCCCBDBACDBBBCBCBADCACACAACCCBABADBCBACBBBCCBB	['D10A', 'C46B', 'A63D', 'C72D', 'D77C', 'C90B', 'A92C', 'A93B']	8	-3.7962055	-7.8533688	-9.722699	-1.8693304
BCCDDDCDCCDADCDDABCDABCABDBACBDCAADDCBCACACBCCABCACBCCCCCBDBACDBBBCBCBACCACADAACCCBABADBCCAABBBCCBB	['D10C', 'D12A', 'B41C', 'A63D', 'A93B']	5	-3.7966485	-8.18504	-10.054817	-1.8697767
BCCDDDCDCCDDDCDDABCDABCABDBACBDCAADDCBCABACBCCABCACBCCCCCBDBACACBBCBCBACCACADAACCCBABADBCCAABBBCCBB	['D10C', 'B64C', 'A93B']	3	-3.7993755	-6.992295	-8.864799	-1.8725038
BCCDDDCDCCDDDCDDABCDABCABDBACBDCAADDCBCABACBCCABCACBCCCCCBDBACACBBCBCBACCACADAACCCBABADBCCAABBBCCBB	['D10C', 'B64C', 'A93B']	3	-3.7993755	-6.992295	-8.864799	-1.8725038
AAADDDCDCDDDDCDDABCDABCABDBACBDCAADDCBCACACBCCABCACBCCCCCBDBACBBBBCBCBACCACADAACCCBABADBCCAAABBCCBB	['B1A', 'C2A', 'C3A', 'B41C', 'A63B']	5	-3.8024821	-8.382745	-10.258353	-1.8756084
BCCDDDCDCCDDDCDDABCDBBCABDBACBDCAACDABCABACBCCABCACBCCCCCBDBADBBBBCBCBACCACADAACCCBABADBCCAABBBCCBB	['D10C', 'A21B', 'D35C', 'C37A', 'C62D', 'A63B', 'A93B']	7	-3.8039303	-7.6490607	-9.526119	-1.8770585
BCCDDDCDCDDDDCCDABCDABCABDBACBDCAACACBCABACBCCABCACBCCCCDBDBBCABBBCBCBACCACADAACCCBABADBCCAAABBCCBB	['D15C', 'D35C', 'D36A', 'C57D', 'A61B']	5	-3.8047256	-9.977034	-11.854887	-1.8778534
BCCDDDCDCDDDDCDDABCDABCABDBACBDCAADDCBCACACBCCABCACBCCCCCBDBACDBBBCBCBCCCACADAACCCBABADBCCAABBBCCBB	['B41C', 'A63D', 'A71C', 'A93B']	4	-3.8065953	-8.731768	-10.61149	-1.8797226
BCCDDDCDCDDDDCDBABCDABCABDBACBDCAACDBBCABACBCCABCACBCCCCCBDBACDBBBCBCBACCACADAACCCBABADBCCAABBBCCBB	['D16B', 'D35C', 'C37B', 'A63D', 'A93B']	5	-3.8083744	-7.5354233	-9.416925	-1.8815022
BCCDDDCDCDDDDCDDABCDABCABDBACBDCAADDCBAACACBCDABCACBCCCCCCDBACDBBBCBBBACCACACAACCCBBBADBCCAAABBCCBB	['C39A', 'B41C', 'C46D', 'B58C', 'A63D', 'C69B', 'D77C', 'A84B']	8	-3.8103428	-6.496548	-8.380019	-1.883471
BCCDDDCDCDDDDCDDABBDABCABDBACBDCAACACBCABACBCCABCACBCCCCCBDBACDBBBCBCBACCACADAACCCBABADBCCAABBBCCBB	['C19B', 'D35C', 'D36A', 'A63D', 'A93B']	5	-3.8133097	-9.033625	-10.92006	-1.8864355
BCCDDDCDCDDDDDDDABCDABCABDBACBDCAADDCBCACACBCCABCACBCCCCCBDCADDBBBCBCBADCACACAACCCBABADBCBAABBBCCBB	['C14D', 'B41C', 'B60C', 'C62D', 'A63D', 'C72D', 'D77C', 'C90B', 'A93B']	9	-3.817531	-9.309235	-11.19989	-1.8906555
AAADDDCDCDDDDCDDABCDABCABDBACBDCAADDBBCABACBCCABCACBCCCCCBDBADCBBBCBCBCACACACAACCCBABADBCCAAABBCCBB	['B1A', 'C2A', 'C3A', 'C37B', 'C62D', 'A63C', 'A71C', 'C72A', 'D77C']	9	-3.8186932	-6.930712	-8.822534	-1.8918214
BCCDDDCDCDDDDCDDABCDABCABDBACBDCAADDCBCACACBCCABCACBCCCCCBDCACDBBBCBCBACCACADAACCCBABADBCCAAABBCCBB	['B41C', 'B60C', 'A63D']	3	-3.8189049	-8.66818	-10.560213	-1.8920326
AAADDDCDCCDDDCDDABCDABCABDBACBDCAADDABCABACBCCABCACBCCCCCBDBACCBBBCBCBAACACACAACCCBABADBCCAABBBCCBB	['B1A', 'C2A', 'C3A', 'D10C', 'C37A', 'A63C', 'C72A', 'D77C', 'A93B']	9	-3.8198934	-6.0101	-7.9031315	-1.8930316
BCCDDDCDCDDDBCDDACCAABCABDBACBDCAADDCBCABACBCCABCACBCCCCCBDBACDBBBCBCBBDCACACAACCCBABADBCBAAABBCCBB	['D13B', 'B18C', 'D20A', 'A63D', 'A71B', 'C72D', 'D77C', 'C90B']	8	-3.8218656	-7.0711155	-8.966108	-1.8949928
BCCDDDCDCDDDBCDDACCAABCABDBACBDCAADDCBCABACBCCABCACBCCCCCBDBACDBBBCBCBBDCACACAACCCBABADBCBAAABBCCBB	['D13B', 'B18C', 'D20A', 'A63D', 'A71B', 'C72D', 'D77C', 'C90B']	8	-3.8218656	-7.0711155	-8.966108	-1.8949928
BCCDDDCDCCDDDDDDABCDABCABDBACBDCAADDCBCACACBCCABCACBCCCCCBDBADDDBBCBCBACCACADAACCCBABADBCCAAABBCCBB	['D10C', 'C14D', 'B41C', 'C62D', 'A63D', 'B64D']	6	-3.8220534	-7.4025617	-9.29774	-1.8951783
BCCDDDCDCDDBDCDDABBDABCABDBACBDCAACDBBCABACBCDABCACBCCCCCBDBACDCBBCBCBACCACCDAACCCBABADBCCAAABBCCBB	['D12B', 'C19B', 'D35C', 'C37B', 'C46D', 'A63D', 'B64C', 'A76C']	8	-3.824461	-7.4053864	-9.302974	-1.8975873
BCCDDDCDCDDBDCDDABBDABCABDBACBDCAACDBBCABACBCDABCACBCCCCCBDBACDCBBCBCBACCACCDAACCCBABADBCCAAABBCCBB	['D12B', 'C19B', 'D35C', 'C37B', 'C46D', 'A63D', 'B64C', 'A76C']	8	-3.824461	-7.4053864	-9.302974	-1.8975873
BCCDDDCDCCDBDCCDABBAABCABDBACBDCAACACBCACACBCCABCACBCCCCDBDBDCABBBCBCBCCCACADAACCCBABADDCCAAABBCCBB	['D10C', 'D12B', 'D15C', 'C19B', 'D20A', 'D35C', 'D36A', 'B41C', 'C57D', 'A61D', 'A71C', 'B88D']	12	-3.8260827	-7.657195	-9.556403	-1.8992081
BCCDDDCDCCDDDCDDABCDABCABDBACBDCAADDCBCABACBCBABCACBCCCCCBDBACABBBCBCBACCACADAACCCBABADBCCACBBBCCBB	['D10C', 'C46B', 'A92C', 'A93B']	4	-3.8268404	-7.9552593	-9.855228	-1.8999691
BCCDDDCDCCDDDCDDABCDABCABDBACBDCAADDCBCABACBCBABCACBCCCCCBDBACABBBCBCBACCACADAACCCBABADBCCACBBBCCBB	['D10C', 'C46B', 'A92C', 'A93B']	4	-3.8268404	-7.9552593	-9.855228	-1.8999691
AAADDDCDCDDDDCDDABCDABCABDBACBDCAACABBCABACBCCABCACBCCCCCBDBACABBBCBCCACCACADAACCCBABADBCCAAABBCCBB	['B1A', 'C2A', 'C3A', 'D35C', 'D36A', 'C37B', 'B70C']	7	-3.826991	-7.8012834	-9.701403	-1.9001193
BCCDDDCDCDDDDCDDABCDABCABDBACBDCAADDCBCABACBCCABCACBCCCCCBDBACACBBCBCBACCBCADAACCCBABADBCCABABBAAAA	['B64C', 'A74B', 'A92B', 'C96A', 'C97A', 'B98A', 'B99A']	7	-3.8305244	-7.8049717	-9.70862	-1.9036484
BCCDDDCDCDDDDCDDABCDABCABDBACDDCAACABBCABACBCCABCACBCCCCDBDBACDBBBCBCBCCCACADAACCCBABADBCBAAABBCCBB	['B30D', 'D35C', 'D36A', 'C37B', 'C57D', 'A63D', 'A71C', 'C90B']	8	-3.8325715	-9.399145	-11.304843	-1.9056978
BCCDDDCDCBDDBCDDABCDABCABDBACDDCBADDCBCABACBBCABCACBCBCCCBDCCDDBBBCBCBACCACACAACCCBABADCCCAABBBCCBB	['D10B', 'D13B', 'B30D', 'A33B', 'C45B', 'C54B', 'B60C', 'A61C', 'C62D', 'A63D', 'D77C', 'B88C', 'A93B']	13	-3.1221385	-5.87575	-7.7825127	-1.9067626
BCCDDDCDCDDDDCDDABCAABCABDBACBDCAACACBCABACBCCABCACBCCCCCBDBACDBBBCBCBADCACADAACCCBABADBCCAAABBCCBB	['D20A', 'D35C', 'D36A', 'A63D', 'C72D']	5	-3.8339562	-7.9750576	-9.882136	-1.9070787
BCCDDDCDCDDDDCDDABCAABCABDBACBDCAACACBCABACBCCABCACBCCCCCBDBACDBBBCBCBADCACADAACCCBABADBCCAAABBCCBB	['D20A', 'D35C', 'D36A', 'A63D', 'C72D']	5	-3.8339562	-7.9750576	-9.882136	-1.9070787
BCCDDDCDCDDDDCDDABCDABCABDBACBDCAACACBCABACBCCABCACBCCCCCBDBADDBBBCBCBADCACADAACCCBABADBCCAABBBCCBB	['D35C', 'D36A', 'C62D', 'A63D', 'C72D', 'A93B']	6	-3.8354492	-9.494654	-11.403225	-1.9085712
BCCDDDCDCCDDDCDDABCDABCABDBACBDCAADDCBCABACBCDABCACBCCCCCBDBACDBBBCBCBACCACACAACCCBBBADACCAABBBCCBB	['D10C', 'C46D', 'A63D', 'D77C', 'A84B', 'B88A', 'A93B']	7	-3.8365555	-6.6417823	-8.551468	-1.9096856
BCCDDDCDCCDDDCDDABCDABCABDBACBDCAADDCBCABACBCCABCACBCCCCCBDBADCBBBCBCBACCACADAACCCBABADBCCAABBBCCBB	['D10C', 'C62D', 'A63C', 'A93B']	4	-3.8378463	-7.49391	-9.404879	-1.9109688
BCCDDDCDCCDDDCDDABCDABCABDBACBDCAADDCBCABACBCCABCACBCCCCCBDBADCBBBCBCBACCACADAACCCBABADBCCAABBBCCBB	['D10C', 'C62D', 'A63C', 'A93B']	4	-3.8378463	-7.49391	-9.404879	-1.9109688
BCCDDDCDCDDDBCCDABCDABCABDBACBDCADDACBCABACBCCABCACBCCCCCBDBACDBBBCBCAACCACADAACCCBABADBCBAAABBCCBB	['D13B', 'D15C', 'A34D', 'D36A', 'A63D', 'B70A', 'C90B']	7	-3.839397	-9.563906	-11.476419	-1.9125137
BCCDDDCDCCDDDCDDABCDABCABDBACBDCAADDCBCABACBCCABCACBCCCCCBDBACDBBBCBCBACCACADAACCCBABADBCCACBBBCCBB	['D10C', 'A63D', 'A92C', 'A93B']	4	-3.8414917	-7.9778805	-9.892499	-1.9146185
BCCDDDCDCDDDDCCDABCDABCABDBACBDCAACDCBCABACBCCABCACBCCCCCBDBACDBBBCBCBACCACADAACCCBABADBCBAAABBCCBB	['D15C', 'D35C', 'A63D', 'C90B']	4	-3.8415604	-9.759925	-11.674609	-1.9146843
BCCDDDCDCCDDDADDABCDABCABDBACBDCAADACBCABACBBCABCACBCCCCCBDBACDBBBCBBBACCACADAACCCBABADBCCAABBBCCBB	['D10C', 'C14A', 'D36A', 'C45B', 'A63D', 'C69B', 'A93B']	7	-3.845636	-5.825817	-7.744581	-1.9187641
BCCCDDCDCDDDDCDDABCDABCABDBACBDCAADDCBCABACBCDABCCCBCCCCCBDBACDBBBCBBBACCACCDAACCCBABADBCCAAABBCCBB	['D4C', 'C46D', 'A50C', 'A63D', 'C69B', 'A76C']	6	-3.8463397	-8.141998	-10.061464	-1.919466
BCCDDDCDCADDBDDDABBDABCABDBACBDCAADDCBCABACBCCABCACBCCCCCBDBACDBBBCBCBACCACADAACCCBABADBCCAAABBCCBB	['D10A', 'D13B', 'C14D', 'C19B', 'A63D']	5	-3.846344	-5.638582	-7.558057	-1.9194746
BCCDDDCDCADDBDDDABBDABCABDBACBDCAADDCBCABACBCCABCACBCCCCCBDBACDBBBCBCBACCACADAACCCBABADBCCAAABBCCBB	['D10A', 'D13B', 'C14D', 'C19B', 'A63D']	5	-3.846344	-5.638582	-7.558057	-1.9194746
BCCDDDCDCDDDBCDDABCDABCABDBACDDCAADDCBCABACBCBABCACBCCCCCBDBADDBBBDBABBCCCCACAACCCBABADCCCAABBBCCBB	['D13B', 'B30D', 'C46B', 'C62D', 'A63D', 'C67D', 'C69A', 'A71B', 'A74C', 'D77C', 'B88C', 'A93B']	12	-3.8485384	-8.504376	-10.426041	-1.9216642
AAADDDCDCDDDDCDDABCDABCABDBACBDCDADDCBCABACBCCABCACBCCCCCBDBACDCBBCBCBACCACACAACCCBABADBCCAAABBCCBB	['B1A', 'C2A', 'C3A', 'A33D', 'A63D', 'B64C', 'D77C']	7	-3.8486938	-7.7036223	-9.625445	-1.921823
BCCDDDCDCCDDDCDCABCDABCABDBACBDCAADDABCABACBCCABCACBCCCCCBDBACCBBBCBABACCACADAACCCBABADBCCAABBBCCBB	['D10C', 'D16C', 'C37A', 'A63C', 'C69A', 'A93B']	6	-3.848755	-5.4864483	-7.4083376	-1.9218893
BCCDDDCDCCDDDCDDABCDABCABDBACBDCAACDCBCABACBCCABCACBCCCCCBDBACCBBBCBCBACCACADAACCCBABADBCCAABBBCCBB	['D10C', 'D35C', 'A63C', 'A93B']	4	-3.850895	-7.2847753	-9.208797	-1.9240222
BCCDDDCDCDDDDCDDABCDABCABDBACBDCAADBCBCABACBCCABCACBCCCCCBDBACDBBBCBCBACCACADAACCCBABADBCCAAABBCCBB	['D36B', 'A63D']	2	-3.8514981	-8.927229	-10.851853	-1.9246244
BCCDDDCDCDDDDCCDBBCDABCABDBACBDCAACDCBCACACBBCABCACBCCCCDBDCACDBBBCBCBACCACADAACCCBABADBCCAABBBCCBB	['D15C', 'A17B', 'D35C', 'B41C', 'C45B', 'C57D', 'B60C', 'A63D', 'A93B']	9	-3.8520737	-10.484129	-12.409331	-1.9252024
BCCDDDCDCCDDBCDDABCDABCABDBACBDCAADDCBCABACBCCABCACBCCCCCBDBADDCDBCBCBACCACADAACCCBABADBCCAAABBCCBB	['D10C', 'D13B', 'C62D', 'A63D', 'B64C', 'B65D']	6	-3.8523808	-6.9068623	-8.832372	-1.9255095
BCCDDDCDCDDDDCDDABCDABCABDBACBDCAADACBCABACBCCABCACBCCCCCBDBADDBBBCBCBACCACADAACCCBABADBCCAABBBCCBB	['D36A', 'C62D', 'A63D', 'A93B']	4	-3.8524418	-9.4541025	-11.379669	-1.9255667
BCCDDDCDCDDDDCDDABCDABCABDBACBDCAADACBCABACBCCABCACBCCCCCBDBADDBBBCBCBACCACADAACCCBABADBCCAABBBCCBB	['D36A', 'C62D', 'A63D', 'A93B']	4	-3.8524418	-9.4541025	-11.379669	-1.9255667
BCCDDDCDCDDDBCDDABCDABCABDBACBDCAADACBCABACBCCABCACBCCCCCBDBADDCBBCBCBACCACADAACCCBABADBCCAAABBCCBB	['D13B', 'D36A', 'C62D', 'A63D', 'B64C']	5	-3.8530493	-8.009019	-9.935188	-1.9261694
BCCDDDCDCCDDDCDDABBDABCABDBACBDCAADDABCABACBCCABCACBCCCCCBDBACDBBBCBCBACCACACAACCCBABADBCCAABBBCCBB	['D10C', 'C19B', 'C37A', 'A63D', 'D77C', 'A93B']	6	-3.8536615	-7.1565514	-9.083342	-1.9267902
BCCDDDCDCDDDDCDDABBDABCABDBACBDCAADDCBCACACBCCABCACBCCCCCBDBADDBBBCBCBCCCACACAACCCBABADBCCAABBBCCBB	['C19B', 'B41C', 'C62D', 'A63D', 'A71C', 'D77C', 'A93B']	7	-3.859126	-9.337616	-11.269866	-1.93225
BCCDDDCDCCDDBDDDABBDABCABDBACBDDAACDABCABACBCDABCACBBBCCDBDBACDBBBCBCBBCBACACAACCCBABADBABAAABBCCBB	['D10C', 'D13B', 'C14D', 'C19B', 'C32D', 'D35C', 'C37A', 'C46D', 'C53B', 'C54B', 'C57D', 'A63D', 'A71B', 'C73B', 'D77C', 'C89A', 'C90B']	17	-3.1486073	-6.3884277	-8.321652	-1.9332247
BCCDDDCDCDDDDCDDABCDABCABDBACBDCAADDCBCABACBCCABCACBCCCCDBDBBCABBBCBCBBBCACADAACCCBABADBCCAABBBCCBB	['C57D', 'A61B', 'A71B', 'C72B', 'A93B']	5	-3.8604379	-8.779104	-10.712671	-1.933567
AAADDDCDCDDDDADDABADABCABDBACBDCAADDABCABACBCCABCACBCCCCCBDCBCACBBCBCBACCACACAACCCBABADBCCAAABBCCBB	['B1A', 'C2A', 'C3A', 'C14A', 'C19A', 'C37A', 'B60C', 'A61B', 'B64C', 'D77C']	10	-3.8604627	-6.119267	-8.052864	-1.9335971
BCCDDDCDCDDDDCDDABCDABCABDBACBDCAACDCBCABACBCCABCACBCCCCCBDBACDBBBCBCBCDCACADAACCCBABADBCCAAABBCCBB	['D35C', 'A63D', 'A71C', 'C72D']	4	-3.861579	-8.198301	-10.13301	-1.9347086
BCCDDDCDCDDDDCDDABCDABCABDBACBDCAADABBCABACBCCABCACBCCCCCBDBACDBBBCBCBACCACADAACCCBABADBCCAAABBCCBB	['D36A', 'C37B', 'A63D']	3	-3.864098	-7.9936934	-9.930917	-1.9372234
BCCDDDCDCDDDDCDDABCDABCABDBACBDCAADABBCABACBCCABCACBCCCCCBDBACDBBBCBCBACCACADAACCCBABADBCCAAABBCCBB	['D36A', 'C37B', 'A63D']	3	-3.864098	-7.9936934	-9.930917	-1.9372234
BCCDDDCDCDDDDCCDABCAABCABDBACBDCAACDABCACACBCCABCACBCCCCCBDBADDBBBCBCBACBACADAACCCBABADBCBAAABBCCBB	['D15C', 'D20A', 'D35C', 'C37A', 'B41C', 'C62D', 'A63D', 'C73B', 'C90B']	9	-3.864749	-10.508545	-12.446418	-1.9378729
BACDDDCDCADDDDDDABCDABCABDBACBDCAACDABCABACBCCABCACBCCCCCBDBACDBBBCBCBACCACACAACCCBABADBCCAABBBCCBB	['C2A', 'D10A', 'C14D', 'D35C', 'C37A', 'A63D', 'D77C', 'A93B']	8	-3.8649259	-6.831959	-8.770014	-1.938055
BCCDDDCDCDDDBCDDABBDABCABDBACBDCAACDBBCABACBCCABCACBCCCCCBDCACDBBBCBCBACCACADAACCCBABADBCCAAABBCCBB	['D13B', 'C19B', 'D35C', 'C37B', 'B60C', 'A63D']	6	-3.8649573	-7.030871	-8.968957	-1.938086
BCCDDDCDCDDBDCCDBBBBABCABDBACBDCAADABBCABACBCCABCACBCCCCCBDBACBBBBCBCBACCACADAACCCBABADBCCAAABBCCBB	['D12B', 'D15C', 'A17B', 'C19B', 'D20B', 'D36A', 'C37B', 'A63B']	8	-3.865951	-7.455859	-9.394935	-1.9390755
BCCDDDCDCCDDBCDDABBDABCABDBACBDCAADDCBCABACBCCABCACBCCCCCBDBACCBBBCBCBCCCACACAACCCBABADBCCAABBBCCBB	['D10C', 'D13B', 'C19B', 'A63C', 'A71C', 'D77C', 'A93B']	7	-3.8667626	-5.87276	-7.8126574	-1.9398975
BCCDDDCDCADDDDDDCBCDABCABDBACBDCAADDCBCABACBCCABCACBCCCCCBDBACDBBBCBCBCACACADAACCCBABADBCCAAABBCCCB	['D10A', 'C14D', 'A17C', 'A63D', 'A71C', 'C72A', 'B98C']	7	-3.8671942	-5.9574018	-7.897723	-1.9403214
BCCDDDCDCDDDDCDDABCDABCABDBACBDCAACABBCABACBCCABCACBCCCCDBDBADDBBBCBCBACCACACAACCCBABADBCCAABBBCCBB	['D35C', 'D36A', 'C37B', 'C57D', 'C62D', 'A63D', 'D77C', 'A93B']	8	-3.8694072	-10.033863	-11.976399	-1.9425364
BCCDDDCDCDDDDCDDABCDABCABDBACBDCAADDCBCACACBCBABCACBCCCCCBDBACDBBBCBCBACCACADAACCCBABADBCCAABBBCCBB	['B41C', 'C46B', 'A63D', 'A93B']	4	-3.871067	-9.254284	-11.198478	-1.9441938
BCCDDDCDCCDDDCDDABCDABCABDBACDDCAADDCBCABACBCCABCACBCCCCCBDBACACBBCBCBBCCACACAACCCBABADCCCAABBBCCBB	['D10C', 'B30D', 'B64C', 'A71B', 'D77C', 'B88C', 'A93B']	7	-3.8732634	-7.196833	-9.143226	-1.9463925
BCCDDDCDCDDDBCDDABCDABCABDBACBDCAACDCBCACACBCCABCACBCCCCCBDBADDBBBCBCBCCCACACAACCCBABADBCCAAABBCCBB	['D13B', 'D35C', 'B41C', 'C62D', 'A63D', 'A71C', 'D77C']	7	-3.8742647	-8.9307995	-10.878186	-1.9473867
BCCDDDCDCDDDDDDDABCDABCABDBACBDCCADDCBCABACBCCABCACBCCCCCBDBADDBABCBCBCCCACADAACCCBABADBCCAABBBCCBB	['C14D', 'A33C', 'C62D', 'A63D', 'B65A', 'A71C', 'A93B']	7	-3.8765306	-8.62901	-10.578667	-1.9496565
BCCDDDCDCDDDBDCAABBDABCABDBACBDCAADDCBCACACBCCABCACBCCCCDBDBACDBBBCBCBACCACADAACCCBABADBCCAAABBCCBB	['D13B', 'C14D', 'D15C', 'D16A', 'C19B', 'B41C', 'C57D', 'A63D']	8	-3.8785787	-8.716766	-10.6684675	-1.9517012
BCCDDDCDCDDDDCDDABCCABCABDBACBDDAACACBCABACBCCABCACBCCCCCBDBCDDBBACBCBCACACADAACCCBABADBCBAAABBCCBB	['D20C', 'C32D', 'D35C', 'D36A', 'A61C', 'C62D', 'A63D', 'B66A', 'A71C', 'C72A', 'C90B']	11	-3.8790612	-8.365839	-10.318023	-1.9521837
BCCDDDCDCDDDDCDDABCCABCABDBACBDDAACACBCABACBCCABCACBCCCCCBDBCDDBBACBCBCACACADAACCCBABADBCBAAABBCCBB	['D20C', 'C32D', 'D35C', 'D36A', 'A61C', 'C62D', 'A63D', 'B66A', 'A71C', 'C72A', 'C90B']	11	-3.8790612	-8.365839	-10.318023	-1.9521837
BCCDDDCDCDDDBCDDABCDABCABDBACBDCAACDBBCABACBCBABCACBCCCCCBDCCCDBBBCBCBACCACADAACCCBABADBCCAAABBCCBB	['D13B', 'D35C', 'C37B', 'C46B', 'B60C', 'A61C', 'A63D']	7	-3.8797793	-7.49233	-9.445237	-1.9529071
BCCDDDCDCDDDDCDDABCDABCABDBACBDCAADCABCACACBCCABCACBCCCCCBDBADDBBBCBCBACCACADAACCCBABADBCCAABBBCCBB	['D36C', 'C37A', 'B41C', 'C62D', 'A63D', 'A93B']	6	-3.8804154	-9.830975	-11.784512	-1.953537
BCCDDDCDCDDDBDDDABCCABCABDBACBDCAADDCBCABACBCCABCACBCCCCCBBBADDCBBCBCBACCACADAACCCBABADBCCAAABBCCBB	['D13B', 'C14D', 'D20C', 'D59B', 'C62D', 'A63D', 'B64C']	7	-3.8804178	-7.022729	-8.976274	-1.9535446
BCCDDDCDCDDDDCDDABCAABCABDBACBDCAACDABCABACBCBABCACBCCCCCBDBACDBBBCBCBACCACADAACCCBABADBCCAAABBCCBB	['D20A', 'D35C', 'C37A', 'C46B', 'A63D']	5	-3.8821268	-7.7470145	-9.702266	-1.9552512
AAADDDCDCDDDDCCDABDDABCABDBACBDCAADDCBCABACBCCABCACBCCCCCBDBACCBBBCBCBACCACADAACCCBABADBCCAAABBCCBB	['B1A', 'C2A', 'C3A', 'D15C', 'C19D', 'A63C']	6	-3.8826323	-7.9888053	-9.944565	-1.9557595
BCCDDDCDCDDDDDDDABBAABCABDBACBDCAACACBCABACBCCABCACBCCCCCBDBACACBBCBCBADCACADAACCCBABADBCBAABBBCCBB	['C14D', 'C19B', 'D20A', 'D35C', 'D36A', 'B64C', 'C72D', 'C90B', 'A93B']	9	-3.8830662	-7.2533417	-9.209536	-1.9561939
BCCDDDCDCDDDDDCDABCDABCABDBACBDCAACABBCABACBCCABCACBCCCCCBDBACABBBCBCBACCACADAACCCBABADBDCAAABBCCBB	['C14D', 'D15C', 'D35C', 'D36A', 'C37B', 'C89D']	6	-3.8858576	-8.610149	-10.569133	-1.9589834
AAADDDCDCDDDDCDDABCDABCABDBACBDCAACDCBCABACBCCABCACBCCCCCBDBACDBBBCBCBACCACACAACCCBABADBCCAAABBCCBB	['B1A', 'C2A', 'C3A', 'D35C', 'A63D', 'D77C']	6	-3.8860044	-9.001784	-10.960916	-1.9591312
BCCDDDCDCCDDDCCDABCDABCABDBACBDCAADDCBCABACBCCABCACBCCCCCBDBACCBBBCBCBACCACADAACCCBABADBCCAABBBCCBB	['D10C', 'D15C', 'A63C', 'A93B']	4	-3.8887858	-7.560504	-9.522417	-1.9619131
BCCDDDCDCDDDDCDDABBDABCABDBACBDCAADDCBDACACBCCABCACBCCCCCBDBADCBBBCBCBBACACADAACCCBABADBCCAABBBCCBB	['C19B', 'C39D', 'B41C', 'C62D', 'A63C', 'A71B', 'C72A', 'A93B']	8	-3.8894982	-7.9747314	-9.937353	-1.9626217
BCCDDDCDCDDDDCDDABCDABCABDBACBDCAADBABCABACBCCABCACBCCCCCBDBADDCBBCBCBADCACADAACCCBABADBCCAAABBCCBB	['D36B', 'C37A', 'C62D', 'A63D', 'B64C', 'C72D']	6	-3.889979	-8.162365	-10.125465	-1.9631004
BCCDDDCDCDDDDCDDABCDABCABDBACBDCAADBABCABACBCCABCACBCCCCCBDBADDCBBCBCBADCACADAACCCBABADBCCAAABBCCBB	['D36B', 'C37A', 'C62D', 'A63D', 'B64C', 'C72D']	6	-3.889979	-8.162365	-10.125465	-1.9631004
BCCDDDCDCDDDDCDDABCDABCABDBACBDCAADBABCABACBCCABCACBCCCCCBDBADDCBBCBCBADCACADAACCCBABADBCCAAABBCCBB	['D36B', 'C37A', 'C62D', 'A63D', 'B64C', 'C72D']	6	-3.889979	-8.162365	-10.125465	-1.9631004
BCCDDDCDCDDDDCDDABCDABCABDBACBDCAADBABCABACBCCABCACBCCCCCBDBADDCBBCBCBADCACADAACCCBABADBCCAAABBCCBB	['D36B', 'C37A', 'C62D', 'A63D', 'B64C', 'C72D']	6	-3.889979	-8.162365	-10.125465	-1.9631004
BCCDDDCDCDDDDCDDABCDABCABDBACBDCAADBABCABACBCCABCACBCCCCCBDBADDCBBCBCBADCACADAACCCBABADBCCAAABBCCBB	['D36B', 'C37A', 'C62D', 'A63D', 'B64C', 'C72D']	6	-3.889979	-8.162365	-10.125465	-1.9631004
BCCDDDCDCDDDBCDDABCDABCABDBACBDCAADDCBCABACBCCABCACBCCCCCBDBACDBBBCBCBBCCACACAACCCBABADBCCAABBBCCBB	['D13B', 'A63D', 'A71B', 'D77C', 'A93B']	5	-3.8901267	-7.9123507	-9.875603	-1.9632521
BCCDDDCDCDDDDCCDABCDABCABDBACBDCAACDCBCABACBCCABCACBCCCCDBDBACDBBBCBCBACCACADAACCCBABADBCBAABBBCCBB	['D15C', 'D35C', 'C57D', 'A63D', 'C90B', 'A93B']	6	-3.8903751	-10.64439	-12.60789	-1.9635
BCCDDDCDCDDDDCDDABCDABCABDBACBDCAACABBCABACBCCABCACBCCCCCBDBADDBBBCBCBACCACACAACCCBABADBCCAABBBCCBB	['D35C', 'D36A', 'C37B', 'C62D', 'A63D', 'D77C', 'A93B']	7	-3.8915596	-9.375723	-11.340409	-1.9646864
BCCDDDCDCADDBCDDABCDABCABDBACBDCAACDCBCABACBCCABCACBCDCCCBDBADDBBACBABCCCACADAACCCBBBADBCCAAABBCCBB	['D10A', 'D13B', 'D35C', 'C54D', 'C62D', 'A63D', 'B66A', 'C69A', 'A71C', 'A84B']	10	-1.9653373	-3.2612371	-5.226577	-1.9653397
BCCDDDCDCDDDDCDDABCDABCABDBACBDCAADDCBCABACBCCABCACBCCCCCBDBACDBBBCBCBCACACADAACCCBABADBCCAAABBCCBB	['A63D', 'A71C', 'C72A']	3	-3.8929024	-7.643563	-9.6095915	-1.9660287
BCCDDDCDCCDDDCDDABCDABCABDBACBDCAACAABCABACBCBABCACBCDCCCBDBACDCBBCBCBACCACADAACCCBABADBCBADBBBCCBB	['D10C', 'D35C', 'D36A', 'C37A', 'C46B', 'C54D', 'A63D', 'B64C', 'C90B', 'A92D', 'A93B']	11	-1.9678793	-4.8608055	-6.8286877	-1.9678822
BCCDDDCDCDDDDCDDABCDABCABDBACBDCAADDCBCABACBCCABCACBCCCCCBDBACDBBBCBCBACCACADAACCDBABADBCCAABBBCCBB	['A63D', 'C82D', 'A93B']	3	-3.894796	-9.210337	-11.178259	-1.9679222
BCCDDDCDCDDDDCCDADCDABCABDBACBDCAADACBCABACBCCABCACBCCCCCBDBACDBBBCBCBACCACADAACCCBABADBCCAAABBCCBB	['D15C', 'B18D', 'D36A', 'A63D']	4	-3.8949013	-9.426779	-11.394806	-1.9680271
BCCDDDCDCDDBDCDDABBDABCABDBACBDCAACDBBCABACBCDABCACBCCCCCBDBACDCBBCBCBACCACCDAACCCBABADBCCAABBBCCBB	['D12B', 'C19B', 'D35C', 'C37B', 'C46D', 'A63D', 'B64C', 'A76C', 'A93B']	9	-3.8954291	-7.631712	-9.600266	-1.9685545
BCCDDDCDCDDBDCDDABBDABCABDBACBDCAACDBBCABACBCDABCACBCCCCCBDBACDCBBCBCBACCACCDAACCCBABADBCCAABBBCCBB	['D12B', 'C19B', 'D35C', 'C37B', 'C46D', 'A63D', 'B64C', 'A76C', 'A93B']	9	-3.8954291	-7.631712	-9.600266	-1.9685545
BCCDDDCDCDDBDCDDABBDABCABDBACBDCAACDBBCABACBCDABCACBCCCCCBDBACDCBBCBCBACCACCDAACCCBABADBCCAABBBCCBB	['D12B', 'C19B', 'D35C', 'C37B', 'C46D', 'A63D', 'B64C', 'A76C', 'A93B']	9	-3.8954291	-7.631712	-9.600266	-1.9685545
BCCDDDCDCDDBDCDDABBDABCABDBACBDCAACDBBCABACBCDABCACBCCCCCBDBACDCBBCBCBACCACCDAACCCBABADBCCAABBBCCBB	['D12B', 'C19B', 'D35C', 'C37B', 'C46D', 'A63D', 'B64C', 'A76C', 'A93B']	9	-3.8954291	-7.631712	-9.600266	-1.9685545
BCCDDDCDCDDBDCDDABBDABCABDBACBDCAACDBBCABACBCDABCACBCCCCCBDBACDCBBCBCBACCACCDAACCCBABADBCCAABBBCCBB	['D12B', 'C19B', 'D35C', 'C37B', 'C46D', 'A63D', 'B64C', 'A76C', 'A93B']	9	-3.8954291	-7.631712	-9.600266	-1.9685545
AAAADDCDCDDDDCDDCBCDABCABDBACBDCAADDCBCABACBCCABCACBCCCCDBDCACDBBBCBCBACCACADAACCCBABADBCCAAABBCCBB	['B1A', 'C2A', 'C3A', 'D4A', 'A17C', 'C57D', 'B60C', 'A63D']	8	-3.896152	-9.065768	-11.035049	-1.9692812
AAADDDCDCADDDCDDABCDABCABDBACBDCAADDCBCACACBCDABCACBCDCCCBDBACBBBBCBCBBCCACACAACCCBABADBCBAABBBCCBB	['B1A', 'C2A', 'C3A', 'D10A', 'B41C', 'C46D', 'C54D', 'A63B', 'A71B', 'D77C', 'C90B', 'A93B']	12	-1.9699526	-5.054985	-7.0249405	-1.9699554
BCCDDDCDCADDBDDDABCDABCABDBACBDCAADDCBCABACBCCABCACBCCCCCBDBACDBBBCBCBACCACADAACCCBABADBCCAAABBCCBB	['D10A', 'D13B', 'C14D', 'A63D']	4	-3.8985238	-5.849926	-7.821581	-1.9716549
BCCDDDCDCDDDDCDDABCDABCABDBACBDCAACBCBCACACBCCABCACBCCCCCBDBACACBBCBCBACCACADAACCCBABADBCCAAABBCCBB	['D35C', 'D36B', 'B41C', 'B64C']	4	-3.8989358	-8.981241	-10.953301	-1.9720602
BCCDDDCDCDDDDCCDABCDABCABDBACBDCAADDCBCABACBCCABCACBCCCCCBDBADDBBBCBCBACCACADAACCCBABADBCBAABBBCCBB	['D15C', 'C62D', 'A63D', 'C90B', 'A93B']	5	-3.8994803	-10.195384	-12.167987	-1.9726028
BCCDDDCDCDDCBCDDABBDABCABDBACBDCAADDCBCABACBCCABCACBCCCCCBDBACDBBBCBCBCCCACACAACCCBABADBCCAABBBCCBB	['D12C', 'D13B', 'C19B', 'A63D', 'A71C', 'D77C', 'A93B']	7	-3.9002166	-7.3343554	-9.3077	-1.9733448
BCCDDDCDCDDDDCCDABBDABCABDBACBDCAADDCBCABACBCCABCACBCCCCCBDAACACBBCBCBACCBCADAACCCBABADBCCAAABBCCBB	['D15C', 'C19B', 'B60A', 'B64C', 'A74B']	5	-3.902493	-7.5105305	-9.486153	-1.9756222
BCCDDDCDCDDABCDDABBDABCABDBACBDCAACDCBCABACBCCABCACBCCCCCBDBADDBBBABCBBCCACADAACCCBABADBCCAABBBCCBB	['D12A', 'D13B', 'C19B', 'D35C', 'C62D', 'A63D', 'C67A', 'A71B', 'A93B']	9	-3.9046955	-7.890623	-9.868441	-1.9778175
BCCDDDCDCDDDDCCDBBCAABCABDBACDDCAACACBCABACBBCABCACBCCCCDBDCBCDBBBCBCBACCACADAACCCBABADCCCAAABBCCBB	['D15C', 'A17B', 'D20A', 'B30D', 'D35C', 'D36A', 'C45B', 'C57D', 'B60C', 'A61B', 'A63D', 'B88C']	12	-3.905387	-9.462573	-11.441087	-1.9785137
BCCDDDCDCCDDBDDDABCDABCABDBACBDCAADDCBCABACBCCABCACBCCCCCBDBACDBBBCBCBACCACACAACCCBABADBCCAABBBCCBB	['D10C', 'D13B', 'C14D', 'A63D', 'D77C', 'A93B']	6	-3.9073772	-6.811119	-8.791627	-1.9805079
BCCDDDCDCCDDBCDDABCDABCABDBACBDCAADDCBCABACBCCABCACBCCCCCBDBACACBBCBCBACCACADAACCCBABADBCCAAABBCCBB	['D10C', 'D13B', 'B64C']	3	-3.9105496	-6.0356207	-8.019302	-1.9836817
BCCDDDCDCADDDCDDABCDABCABDBACBDCAADDCBCABACBCCABCACBCCCCCBDBACDCBBCBCBACCACADADCCCBABADBCCAAABBCCBB	['D10A', 'A63D', 'B64C', 'A79D']	4	-3.9108124	-5.24368	-7.227622	-1.983942
BCCDDDCDCADDDCDDABCDABCABDBACBDCAADDABCABACBCCABCACBCCCCCBDBACDBBBCBCBAACACADAACCCBABADBCCAAABBCCBB	['D10A', 'C37A', 'A63D', 'C72A']	4	-3.9113188	-5.892514	-7.87696	-1.9844456
BCCDDDCDCCDDDCDDABCDABCABDBACBDDDADDCBCABACBCCABCACBBDCCCBDBCCCCDBCBCBBCCACADAACCABABADBCBAAABBCCBB	['D10C', 'C32D', 'A33D', 'C53B', 'C54D', 'A61C', 'A63C', 'B64C', 'B65D', 'A71B', 'C82A', 'C90B']	12	-1.9848232	-3.7086787	-5.69351	-1.9848313
BCCDDDCDCADDDCDDABCDABCABDBACBDCAADDCBCACACBCCABCACBCCCCCBDBACDBBBCBCBACCACACAACCCBABADBCCAABBBCCBB	['D10A', 'B41C', 'A63D', 'D77C', 'A93B']	5	-3.9118977	-7.7764063	-9.76143	-1.9850235
BCCDDDCDCDDDDCDDABCDABCABDBACDDCAACACBCABACBCCABCACBCCCCDBDBACDBBBCBCBBDCACADAACCCBABADBCCAABBBCCBB	['B30D', 'D35C', 'D36A', 'C57D', 'A63D', 'A71B', 'C72D', 'A93B']	8	-3.91263	-9.754959	-11.740712	-1.985753
BCCDDDCDCDDDDCDDABCDABCABDBACBDCAADABBCABACBCCABCACBCCCCDBDBACDBBBCBCBACCACADAACCCBABADBCCAABBBCCBB	['D36A', 'C37B', 'C57D', 'A63D', 'A93B']	5	-3.9129133	-8.8781595	-10.864198	-1.9860382
BCCDDDCACCDABCDDABCAABCABDBACBDDDADACBCACACBCDBBCACBCCCCCBDBACDBBBCBCBCCCACADAACCCBABADBABAAABBCCBB	['D8A', 'D10C', 'D12A', 'D13B', 'D20A', 'C32D', 'A33D', 'D36A', 'B41C', 'C46D', 'A47B', 'A63D', 'A71C', 'C89A', 'C90B']	15	-3.912984	-5.980325	-7.9664392	-1.986114
BCCDDDCDCDDDDCDBABCDABCABDBACBDCAACDBBCABACBCCABCACBCCCCCBDBADDBBBCBCBACCACACAACCCBABADBCCAABBBCCBB	['D16B', 'D35C', 'C37B', 'C62D', 'A63D', 'D77C', 'A93B']	7	-3.9130845	-8.352614	-10.338827	-1.9862127
AAADDDCDCCDDDCDDABCDABCABDBACDDCAACACBCACACBCCABCACBCCCCCBDBCDDDBBCBCBACCACADAACCCBABADCCCAABBBCCBB	['B1A', 'C2A', 'C3A', 'D10C', 'B30D', 'D35C', 'D36A', 'B41C', 'A61C', 'C62D', 'A63D', 'B64D', 'B88C', 'A93B']	14	-3.9137816	-8.751837	-10.738739	-1.9869022
AAADDDCDCCDDDCDDABCDABCABDBACDDCAACACBCACACBCCABCACBCCCCCBDBCDDDBBCBCBACCACADAACCCBABADCCCAABBBCCBB	['B1A', 'C2A', 'C3A', 'D10C', 'B30D', 'D35C', 'D36A', 'B41C', 'A61C', 'C62D', 'A63D', 'B64D', 'B88C', 'A93B']	14	-3.9137816	-8.751837	-10.738739	-1.9869022
BCCCDDCDCDDDDCDDABCDABCABDBACBDCAADDCBCABACBCCABCACBCCCCCBDBACDBBBCBCBACCACADAACCCBABADBCCAABBBCCBB	['D4C', 'A63D', 'A93B']	3	-3.9168444	-8.840341	-10.830314	-1.9899731
BCCDDDCDCBDCDDCCABCAABCABDBACBDDAADDCBCABACBCCBBCACBCCCCCBDBADCBBBCBCBCCCACACAACCCBABADBCBAABBBCCBB	['D10B', 'D12C', 'C14D', 'D15C', 'D16C', 'D20A', 'C32D', 'A47B', 'C62D', 'A63C', 'A71C', 'D77C', 'C90B', 'A93B']	14	-3.9175553	-6.0535407	-8.044229	-1.9906878
AAADDDCDCDDDDDDDABCDABCABDBACBDCAACDCBCABACBCCABCACBCCCCCBDBACDBBBCBCCACCACADAACCCBABADBCCAAABBCCBB	['B1A', 'C2A', 'C3A', 'C14D', 'D35C', 'A63D', 'B70C']	7	-3.9190679	-8.157912	-10.150105	-1.9921932
BCCDDDCDCDDBDCDDABBDABCABDBACBDCAADDCBCABACBCDABCACBCCDCCBDBACDCBBCBCBACCACCDAACCCBABADBCCAAABBCCBB	['D12B', 'C19B', 'C46D', 'C55D', 'A63D', 'B64C', 'A76C']	7	-3.9192553	-7.3206096	-9.312991	-1.9923816
AAADDDCDCDDDDCDDABCDABCABDBACBDCAACDBBCABABBCCABCACBCCCCCBDBACDCBBCBCBACCACADAACCCBABADBCCAAABBCCBB	['B1A', 'C2A', 'C3A', 'D35C', 'C37B', 'C43B', 'A63D', 'B64C']	8	-3.9202757	-7.7509604	-9.744359	-1.9933987
BCCDDDCDCDDDBCDDABCDABCABDBACBDCAADDCBCABACBCDABCACBCCCCCBDCACDCBBCBCBACCACACAACCCBABADBCBAABBBCCBB	['D13B', 'C46D', 'B60C', 'A63D', 'B64C', 'D77C', 'C90B', 'A93B']	8	-3.9256725	-7.7393823	-9.738183	-1.9988008
BCCDDDCDCDDDDCDDABCDABCABDBACBDCAACACBCABACBCCABCACBCCCCCBDBACDBBBCBCBADCACADAACCCBABADBCCAAABBCCBB	['D35C', 'D36A', 'A63D', 'C72D']	4	-3.925745	-8.720681	-10.719554	-1.9988728
BCCDDDCDCCDDBCDDABCCABCABDBACBDCAADDBBCABACBCCABCACBCCCCCBDBACDBBBCBCBCCCACACAACCCBABADDCCAAABBCCBB	['D10C', 'D13B', 'D20C', 'C37B', 'A63D', 'A71C', 'D77C', 'B88D']	8	-3.925799	-5.5362854	-7.5352154	-1.99893
BCCDDDCDCDDDDCCDABCDABCABDBACBDCAACDBBCABACBCCABCACBCCCCCBDBADCABBCBCBBBCACADAACCCBABADBCCAABBBCCBB	['D15C', 'D35C', 'C37B', 'C62D', 'A63C', 'B64A', 'A71B', 'C72B', 'A93B']	9	-3.9265008	-7.1830964	-9.182721	-1.9996247
BCCDDDCDCDDDDCDDABCDABCABDBACBDCAADDCBCABABBCCABCACBCCCCCBDBACDBBBCBCBBCCACADAACCCBABADBCCAABBBCCBB	['C43B', 'A63D', 'A71B', 'A93B']	4	-3.9314613	-8.566723	-10.571309	-2.0045862
BCCDDDCDCADDDCDDABCDABCABDBACBDCAACDABCACACBCCABCACBCCCCCBDBACCDBBCBCBBACACADAACCCBABADBCCAABBBCCBB	['D10A', 'D35C', 'C37A', 'B41C', 'A63C', 'B64D', 'A71B', 'C72A', 'A93B']	9	-3.9316125	-5.1761675	-7.180913	-2.0047455
BCCDDDCDCDDDDCCDABCDABCABDBACDDCAACCCBCACACBCCABCACBCCCCCBDCACDBBBCBCBACCACADAACCCBABADCCCAAABBCCBB	['D15C', 'B30D', 'D35C', 'D36C', 'B41C', 'B60C', 'A63D', 'B88C']	8	-3.9318051	-10.6445465	-12.649477	-2.0049305
BCCDDDCDCDDDDCDDABCDABCABDBACBDCAACDCBCABACBCCABCACBCCCCCBDBACDBBBCBCBCDCACADAACCCBABADBCCAABBBCCBB	['D35C', 'A63D', 'A71C', 'C72D', 'A93B']	5	-3.932547	-8.424627	-10.430304	-2.0056763
BCCDDDCDCDDDDCDDABCDABBABDBACBDCAADDABCABACBCCABCACBCCCCCBDBACDBBBCBCBACCCCACAACCDBABADBCCAABBBCCBB	['C23B', 'C37A', 'A63D', 'A74C', 'D77C', 'C82D', 'A93B']	7	-3.93407	-9.230108	-11.237306	-2.0071974
BCCDDDCDCDDDDCDDABCDABCABDBACBDCAADABBCABACBCCABCACBCCCCCBDBACDBBBCBCBACCACADAACCCBABADBCCAABBBCCBB	['D36A', 'C37B', 'A63D', 'A93B']	4	-3.9350662	-8.220018	-10.22821	-2.008192
BCCDDDCDCDDDBCDDABCAABCABDBACBDCAADACBCACACBCCABCACBCCCCCBDBACABBBCBABACCACADAACCCBABADBDCAAABBCCBB	['D13B', 'D20A', 'D36A', 'B41C', 'C69A', 'C89D']	6	-3.9370127	-7.4104033	-9.420543	-2.0101395
AAADDDCDCDDDDCDDABCDABCABDBACBDCAACDBBCABACBCCABCACBCCCCCBDBACCCDBCBCBACCACADAACCDBABADBCCAAABBCCBB	['B1A', 'C2A', 'C3A', 'D35C', 'C37B', 'A63C', 'B64C', 'B65D', 'C82D']	9	-3.9383855	-7.4838805	-9.495399	-2.011519
BCCDDDCDCCDDBCDDABCDABCABDBACBDCAADDABCACACBCCABCACBCCCCCBDBACBCBBCBCBACCACACAACCCBABADBCCAAABBCCBB	['D10C', 'D13B', 'C37A', 'B41C', 'A63B', 'B64C', 'D77C']	7	-3.9406843	-5.911828	-7.925646	-2.0138178
BCCDDDCDCDDDDDDDABCDABCABDBACBDCAADACBCABACBCCABCACBCCCCCBDBACDBBBCBCBACCACADAACCCBABADBCCAAABBCCBB	['C14D', 'D36A', 'A63D']	3	-3.9412193	-8.327564	-10.34191	-2.0143461
BCCDDDCDCDDDDCDDABCDABCABDBACBDCAADACBCABACBCCABCACBCCCCCBDBACDBBBCBCBACCACADAACCCBABADBCCAAABBCCBB	['D36A', 'A63D']	2	-3.942738	-8.68013	-10.695993	-2.0158634
BCCDDDCDCDDDDCDDABCDABCABDBACBDCAADACBCABACBCCABCACBCCCCCBDBACDBBBCBCBACCACADAACCCBABADBCCAAABBCCBB	['D36A', 'A63D']	2	-3.942738	-8.68013	-10.695993	-2.0158634
BCCDDDCDCDDDDCDDABCDABCABDBACBDCAADACBCABACBCCABCACBCCCCCBDBACDBBBCBCBACCACADAACCCBABADBCCAAABBCCBB	['D36A', 'A63D']	2	-3.942738	-8.68013	-10.695993	-2.0158634
BCCDDDCDCDDDDCDDABCDABCABDBACBDCAADACBCABACBCCABCACBCCCCCBDBACDBBBCBCBACCACADAACCCBABADBCCAAABBCCBB	['D36A', 'A63D']	2	-3.942738	-8.68013	-10.695993	-2.0158634
BCCDDDCDCDDDDCDDABCDABCABDBACBDCAADACBCABACBCCABCACBCCCCCBDBACDBBBCBCBACCACADAACCCBABADBCCAAABBCCBB	['D36A', 'A63D']	2	-3.942738	-8.68013	-10.695993	-2.0158634
BCCDDDCDCDDDDCDDABCDABCABDBACBDCAADACBCABACBCCABCACBCCCCCBDBACDBBBCBCBACCACADAACCCBABADBCCAAABBCCBB	['D36A', 'A63D']	2	-3.942738	-8.68013	-10.695993	-2.0158634
BCCDDDCDCDDDDCDDABCDABCABDBACBDCAADACBCABACBCCABCACBCCCCCBDBACDBBBCBCBACCACADAACCCBABADBCCAAABBCCBB	['D36A', 'A63D']	2	-3.942738	-8.68013	-10.695993	-2.0158634
BCCDDDCDCDDDDCDDABCDABCABDBACBDCAADACBCABACBCCABCACBCCCCCBDBACDBBBCBCBACCACADAACCCBABADBCCAAABBCCBB	['D36A', 'A63D']	2	-3.942738	-8.68013	-10.695993	-2.0158634
BCCDDDCDCDDDDCDDABCDABCABDBACBDCAADACBCABACBCCABCACBCCCCCBDBACDBBBCBCBACCACADAACCCBABADBCCAAABBCCBB	['D36A', 'A63D']	2	-3.942738	-8.68013	-10.695993	-2.0158634
BCCDDDCDCADDDCDDABCDABCABDBACBDCAADDBBCABACBCDABCACBCCCCCBDBCDDBDBCBABACCCCACAACCCBABADBCBAAABBCCBB	['D10A', 'C37B', 'C46D', 'A61C', 'C62D', 'A63D', 'B65D', 'C69A', 'A74C', 'D77C', 'C90B']	11	-3.9431539	-6.9577446	-8.974027	-2.016282
AAADDDCDCDDDDCDDABCDABCABDBACBDCAADDCBCABACBCCABCACBCCCCCBDBADDBBBCBCBACCACACAACCCBABADBCCAABBBCCBB	['B1A', 'C2A', 'C3A', 'C62D', 'A63D', 'D77C', 'A93B']	7	-3.943924	-9.437244	-11.454293	-2.0170488
BCCDDDCDCDDDDCDDABCDABCABDBACBDCAACDCBCACACBCCABCACBCCCCCBDBACBBBBCBBBACCACADAACCDBABADBCCAAABBCCBB	['D35C', 'B41C', 'A63B', 'C69B', 'C82D']	5	-3.945365	-8.16865	-10.1871395	-2.0184898
AAADDDCDCDDDDCDDABCDABCABDBACBDCAADDCBCABACBCCABCACBCCCCCBDBACBBBBCBCBACCACADAACCCBABADBCCAAABBCCBB	['B1A', 'C2A', 'C3A', 'A63B']	4	-3.945426	-8.035053	-10.053606	-2.0185528
AAADDDCDCDDDDCDDABCDABCABDBACBDCAADDCBCABACBCCABCACBCCCCCBDBACBBBBCBCBACCACADAACCCBABADBCCAAABBCCBB	['B1A', 'C2A', 'C3A', 'A63B']	4	-3.945426	-8.035053	-10.053606	-2.0185528
AAADDDCDCDDDDCDDABCDABCABDBACBDCAADDABCABACBCCABCACBCCCCCBDBACDBBBCBCBACCACADAACCCBABADBCCAAABBCCBB	['B1A', 'C2A', 'C3A', 'C37A', 'A63D']	5	-3.9473343	-7.867587	-9.888052	-2.020465
BCCDDDDDCDDDDCCDABCDABCABDBACBDCAACDABCABACBCCABCACBCCCCCBDBACDBBBCBCBACCACADAACCCBBBADBCCAAABBCCBB	['C7D', 'D15C', 'D35C', 'C37A', 'A63D', 'A84B']	6	-3.9479508	-7.842195	-9.863272	-2.0210767
BCCDDDCDCBDDDCDDABCDABCABDBACDDCAADDCBCABACBCCABCACBCCCCCBDBACDBBBCBCBACCACACAACCCBABADCCCAABBBCCBB	['D10B', 'B30D', 'A63D', 'D77C', 'B88C', 'A93B']	6	-3.9525785	-7.9017277	-9.927435	-2.0257072
BCCDDDCDCBDDDCDDABCDABCABDBACDDCAADDCBCABACBCCABCACBCCCCCBDBACDBBBCBCBACCACACAACCCBABADCCCAABBBCCBB	['D10B', 'B30D', 'A63D', 'D77C', 'B88C', 'A93B']	6	-3.9525785	-7.9017277	-9.927435	-2.0257072
BCCDDDCDCBDDDCDDABCDABCABDBACDDCAADDCBCABACBCCABCACBCCCCCBDBACDBBBCBCBACCACACAACCCBABADCCCAABBBCCBB	['D10B', 'B30D', 'A63D', 'D77C', 'B88C', 'A93B']	6	-3.9525785	-7.9017277	-9.927435	-2.0257072
BCCDDDCDCADDBCDDABCCABCABDBACDDCCACACBCABACBCCABCACBCDCCCBDBACDBBBCBCBCCCCCADAACCCBABADCCBAAABBCCBB	['D10A', 'D13B', 'D20C', 'B30D', 'A33C', 'D35C', 'D36A', 'C54D', 'A63D', 'A71C', 'A74C', 'B88C', 'C90B']	13	-2.0257297	-3.9808564	-6.006589	-2.0257325
BCCDDDCDCDDDDCDDABCDABCABDBACBDCAADDBBCABACBCCABCACBCCCCCBDCACDBBBCBCBACCACADAACCCBABADBCCAABBBCCBB	['C37B', 'B60C', 'A63D', 'A93B']	4	-3.9541779	-7.860376	-9.887682	-2.027306
BCCDDDCDCDDDDCDDCBCDABCABDBACBDCAADDCBCABACBCCABCACBCCCCCBDCADDBBBCBCBACCACADAACCCBABADBCCAAABBCCBB	['A17C', 'B60C', 'C62D', 'A63D']	4	-3.9547687	-9.120755	-11.148652	-2.027897
BCCDDDCDCDDDDCDDABCDABCABDBACBDCAADDCBCACAABCCABCACBCCCCDBDBACDABBCBCBACCACADAACCCBABADBCBAAABBCCBB	['B41C', 'C43A', 'C57D', 'A63D', 'B64A', 'C90B']	6	-3.9563303	-8.766078	-10.795533	-2.0294552
BCCDDDCDCDDDDCCDABCDABCABDBACBDCAADDCBCACACBCDABCACBCCCCCBDBACDBBBCBCBACCACADAACCCBABADCCCAABBBCCBB	['D15C', 'B41C', 'C46D', 'A63D', 'B88C', 'A93B']	6	-3.9564638	-9.426265	-11.455853	-2.0295887
BCCDDDCDCDDDDCDDABCDABCABDBACBDCAADDBBCABACBCCABCACBCCCCCBDCADDBBBCBBBACCACADAACCCBABADBCCAAABBCCBB	['C37B', 'B60C', 'C62D', 'A63D', 'C69B']	5	-3.9574628	-7.038804	-9.069396	-2.030592
BCCDDDCDCDDDDCDDABCDABCABDBACBDCAACDBBCABACBCCABCACBCCCCCBDBADDBBBCBCBCDCACACAACCCBABADBCCAABBBCCBB	['D35C', 'C37B', 'C62D', 'A63D', 'A71C', 'C72D', 'D77C', 'A93B']	8	-3.9586172	-8.555381	-10.587129	-2.0317478
BCCDDDCDCDDDDCDDABCCABCABDBACBDCAADDCBCABACBCCABCACBCCCCCBDBACDBBBCBCBACCACACAACCCBABADBCCAAABBCCBB	['D20C', 'A63D', 'D77C']	3	-3.9592042	-8.283494	-10.315826	-2.0323324
BCCDDDCDCDDDDCCDABCDABCABDBACBDCAADACBCACACBCCABCACBCCCCDBDBDCABBBCBCBACCACADAACCCBABADBCCAABBBCCBB	['D15C', 'D36A', 'B41C', 'C57D', 'A61D', 'A93B']	6	-3.9604063	-10.371807	-12.405341	-2.033534
BCCDDDCDCCDDBCDDABCDABCABDBACBDCAADDCBCABACBCCABCACBCCCCCBDBADDBDBCBCBACCACADAACCCBABADBCCAAABBCCBB	['D10C', 'D13B', 'C62D', 'A63D', 'B65D']	5	-3.9629483	-7.3952746	-9.43135	-2.036075
BCCDDDCDCDDDDCDDABCDABCABDBACBDCAADABBCABACBCCABCACBCCCCCBDBADDBBBCBDBAACACADAACCCBABADBCCADABBCCBB	['D36A', 'C37B', 'C62D', 'A63D', 'C69D', 'C72A', 'A92D']	7	-3.96321	-7.644065	-9.680399	-2.036334
BCCDDDCDCDDDDCCDABCDABCABDBACBDCAACDBBCABACBCCABCACBCCCCCBDCACACBBCBCBACCACADAACCCBABADBCCAAABBCCBB	['D15C', 'D35C', 'C37B', 'B60C', 'B64C']	5	-3.9632673	-7.9546103	-9.991006	-2.0363955
BCCDDDCDCDDDBCDDABCDABCABDBACBDCAADACBCABACBCCABCACBCCCCCBDBADDBBBCBCBACCACADAACCCBABADBCCAAABBCCBB	['D13B', 'D36A', 'C62D', 'A63D']	4	-3.9636168	-8.49743	-10.53417	-2.0367403
BCCDDDCDCCDADDDDABCDABCABDBACBDCAADDCBCABACBCCABCACBCCCCCBDBADABBBCBCBCCCACACAACCCBABADBCCAABBBCCBB	['D10C', 'D12A', 'C14D', 'C62D', 'A71C', 'D77C', 'A93B']	7	-3.9636621	-7.756837	-9.793627	-2.03679
BCCDDDCDCDDDBCCDABCCABCABDBACBDCAACABBCABACBCCABCACBCCCCCBDBACACDBCBCBACCACADAACCCBABADBCCAAABBCCBB	['D13B', 'D15C', 'D20C', 'D35C', 'D36A', 'C37B', 'B64C', 'B65D']	8	-3.9649305	-7.2185597	-9.25662	-2.0380607
BCCDDDCDCDDDDCDDABCDABCABDBACBDCAADDBBCABACBCCABCACBCCCCDBDCADDBBBCBCBACCACACAACCCBABADBCCAAABBCCBB	['C37B', 'C57D', 'B60C', 'C62D', 'A63D', 'D77C']	6	-3.965767	-9.109383	-11.148278	-2.0388956
BCCCDDCDCDDDBCDDAABDABCABDBACBDCAADDCBCABABBCCABCACBCCCCCBDBACDBBBCBCBACCACADAACCCBABADBCCADABBCCBB	['D4C', 'D13B', 'B18A', 'C19B', 'C43B', 'A63D', 'A92D']	7	-3.9658961	-7.5404387	-9.579457	-2.0390186
BCCDDDCDCDDDDCCDABCDABCABDBACBDCAACDBBCABACBCCABCACBCCCCDBDCACDBBBCBCBACCACADAACCCBABADBCCAAABBCCBA	['D15C', 'D35C', 'C37B', 'C57D', 'B60C', 'A63D', 'B99A']	7	-3.9673057	-9.423853	-11.464285	-2.040432
BCCDDDCDCDDDDCCDABCDABCABDBACBDCAACACBCACACBCCABCACBCCCCDBDBACABBBCBCBACCACADAACCCBABADBCCAAABBCCBB	['D15C', 'D35C', 'D36A', 'B41C', 'C57D']	5	-3.968265	-10.494934	-12.536326	-2.0413923
BCCDDDCDCDDDDCDDABCDABCABDBACBDCAADDCBCABABBCCABCACBCCCCCBDBADDBBBCBCBBCBACACAACCCBABADBCBAABBBCCBB	['C43B', 'C62D', 'A63D', 'A71B', 'C73B', 'D77C', 'C90B', 'A93B']	8	-3.969512	-10.757024	-12.799659	-2.042635
AAADDDCDCDDBDCDDABBDABCABDBACBDCAADDCBCABACBCCABCACBCCCCCBDBACDCBBCBCBACCACADAACCCBABADBCCAAABBCCBB	['B1A', 'C2A', 'C3A', 'D12B', 'C19B', 'A63D', 'B64C']	7	-3.9712386	-7.154564	-9.198933	-2.0443687
BCCDDDCDCDDDDCCDABCDABCABDBACBDCAACACBCABACBCCABCACBCCCCCBDBADABBBCBCBACCACADAACCCBABADBCCAAABBCCBB	['D15C', 'D35C', 'D36A', 'C62D']	4	-3.9720979	-10.036749	-12.08197	-2.0452213
BCCDDDCDCDDDDCCDABCDABCABDBACBDCAACACBCABACBCCABCACBCCCCCBDBADABBBCBCBACCACADAACCCBABADBCCAAABBCCBB	['D15C', 'D35C', 'D36A', 'C62D']	4	-3.9720979	-10.036749	-12.08197	-2.0452213
BCCDDDCDCDDDDCDDABCDABCABDBACBDCAADDCBCACACBCCACCACBCCCCCBDBADCBBBCBCBACCACACAACCCBABADBCCAAABBCCBB	['B41C', 'B48C', 'C62D', 'A63C', 'D77C']	5	-3.9727445	-9.211348	-11.2572155	-2.045868
BCCDDDCDCCDDDCCDABCDABCABDBACBDCAADACBCABACBCCAACACBCDCCCBDBADABBBCBCBACCACADAACCCBABADBCCAAABBCCBB	['D10C', 'D15C', 'D36A', 'B48A', 'C54D', 'C62D']	6	-2.0475798	-6.718772	-8.76635	-2.0475779
BCCDDDCDCDDDDCDDABCDABCABDBACBDCAACACBCABACBCCABCACBCCCCDBDBACDBBBCBCBADCACADAACCCBABADBCCAABBBCCBB	['D35C', 'D36A', 'C57D', 'A63D', 'C72D', 'A93B']	6	-3.9745603	-9.605146	-11.652836	-2.0476894
AAADDDCDCDDDDCDDABCDABCABDBACBDCAADDABCABACBCCABCACBCCCCCBDBACACBBCBCBACCACADAACCCBABADBCBAAABBCCBB	['B1A', 'C2A', 'C3A', 'C37A', 'B64C', 'C90B']	6	-3.9791737	-7.4834595	-9.535761	-2.0523014
BCCDDDCDCDDDDCDDABCDABCABDBACBDCAADDABCABACBCCABCACBCCCCCBDCADDBBBCBCBACCACADAACCCBABADBCCAAABBCCBB	['C37A', 'B60C', 'C62D', 'A63D']	4	-3.9796753	-8.341995	-10.394801	-2.052806
BCCDDDCDCADDDCCDABCDABCABDBACDDCADDABBCABACBBCABCACBCCCCCBDBACDBBBCBCBCDCACADAACCCBABADCCCABABBCCBB	['D10A', 'D15C', 'B30D', 'A34D', 'D36A', 'C37B', 'C45B', 'A63D', 'A71C', 'C72D', 'B88C', 'A92B']	12	-3.9828844	-6.817371	-8.873383	-2.0560117
BCCDDDCDCDDDBCDDABCDABCABDBACDDCAACACBCACACBCCABCACBCCCCCBDBADDBBBCBCBCCCACADAACCCBABADCCCAAABBCCBB	['D13B', 'B30D', 'D35C', 'D36A', 'B41C', 'C62D', 'A63D', 'A71C', 'B88C']	9	-3.9879017	-9.129549	-11.190573	-2.0610237
BCCDDDCDCDDDDCDDABCDABCABDBACBDCAACDABCACACBCCABCACBCCCCCBDBACDBBBCBCBACCACADAACCCBABADBCBAAABBCCBB	['D35C', 'C37A', 'B41C', 'A63D', 'C90B']	5	-3.988029	-8.967237	-11.028394	-2.0611563
BCCDDDCDCDDDDCDDABCDABCABDBACBDCAACDABCACACBCCABCACBCCCCCBDBBCDBBBCBCBACCACADAACCCBABADBCCAAABBCCBB	['D35C', 'C37A', 'B41C', 'A61B', 'A63D']	5	-3.9883027	-8.548964	-10.610395	-2.061432
BCCDDDCDCDDDDCCDABCDABCABDBACBDCAADDCBCABACBCCABCACBCCCCCBDBACDBBBCBCBACCACADAACCCBABADBCBAAABBCCBB	['D15C', 'A63D', 'C90B']	3	-3.9897761	-9.4214115	-11.484314	-2.0629025
BCCDDDCDCDDDDCDDABCDABCABDBACBDCAADDCBCABACBCDABCACBCCCCCBDBACDBBBCBCAACCACADAACCCBABADBCBAAABBCCBB	['C46D', 'A63D', 'B70A', 'C90B']	4	-3.9899416	-9.03554	-11.098606	-2.0630665
AAADDDCDCDDDDCDDABBDABCABDBACBDCAACDCBCABACBCCABCACBCCCCCBDBACDBBBCBDBACCACADAACCCBABADBCCAAABBCCBB	['B1A', 'C2A', 'C3A', 'C19B', 'D35C', 'A63D', 'C69D']	7	-3.9924054	-8.788829	-10.854359	-2.0655298
BCCDDDCDCDDDDCDDABCDABCABDBACBDCAADABBCABACBCCABCACBCCCCCBDBACDBBBCBCBADCACADAACCCBABADBCCAAABBCCBB	['D36A', 'C37B', 'A63D', 'C72D']	4	-3.9953218	-7.6957316	-9.764179	-2.0684476
BCCDDDCDCCDDDCDDABCDABCABDBACBDCAADDCBCABACBCCABCACBCCCCCBDBACCBBBCBCBACCACADAACCCBABADBCCAABBBCCBB	['D10C', 'A63C', 'A93B']	3	-3.9991107	-6.9462624	-9.0185	-2.072238
BCCDDDCDCCDDDCDDABCDABCABDBACBDCAADDCBCABACBCCABCACBCCCCCBDBACCBBBCBCBACCACADAACCCBABADBCCAABBBCCBB	['D10C', 'A63C', 'A93B']	3	-3.9991107	-6.9462624	-9.0185	-2.072238
BCCDDDCDCDDCBDDDABCDABCABDBACBDCAADDCBCACACBCCABCACBCCCCCBDBACDBBBCBCBACCACADAACCCBABADBCCAAABBCCBB	['D12C', 'D13B', 'C14D', 'B41C', 'A63D']	5	-3.999278	-7.4463096	-9.518712	-2.0724025
AAADDDCDCDDABCDBABCDABCABDBACBDCAADDABCACACBCCABCACBCCCCDBDBACDBBBCBCBACCACADAACCCBABADBCCAAABBCCBB	['B1A', 'C2A', 'C3A', 'D12A', 'D13B', 'D16B', 'C37A', 'B41C', 'C57D', 'A63D']	10	-4.0006	-7.4538484	-9.527577	-2.073729
BCCDDDCDCDDBDCDDABCDABCABDBACBDCAADDBBCABACBCCABCACBCCCCCBDBACDCBBCBCBBCBACADAACCCBABADBCBAAABBDCBB	['D12B', 'C37B', 'A63D', 'B64C', 'A71B', 'C73B', 'C90B', 'C96D']	8	-4.0024853	-7.931746	-10.007357	-2.0756106
BCCDDDCDCDDDDCDDABCDABCABDBACBDCAADCCBCABACBCCABCACBCCCCCBDBACDBBBCBCBACCACADAACCCBABADBCCAABBBCCBB	['D36C', 'A63D', 'A93B']	3	-4.0055346	-9.461774	-11.540436	-2.078662
BCCDDDCDCDDDDCDDABCDABCABDBACBDCAADCCBCABACBCCABCACBCCCCCBDBACDBBBCBCBACCACADAACCCBABADBCCAABBBCCBB	['D36C', 'A63D', 'A93B']	3	-4.0055346	-9.461774	-11.540436	-2.078662
AAADDDCDCDDDDCDDABADABCABDBACBDCAADDABCABACBCCABCACBCCCCCBDBADACBBCBCBACCACADAACCCBABADBCCAABBBCCBB	['B1A', 'C2A', 'C3A', 'C19A', 'C37A', 'C62D', 'B64C', 'A93B']	8	-4.006994	-7.6261597	-9.70628	-2.08012
BCCDDDCDCCDDDCDDABADABCABDBACBDCAADDCBCABACBCCABCACBCCCCCBDBACDBBBCBCCACBACACAACCCBABADBCCAAABBCCBB	['D10C', 'C19A', 'A63D', 'B70C', 'C73B', 'D77C']	6	-4.0077953	-8.187784	-10.26871	-2.080926
BCCDADCDCDDDDDDDABCDABCABDBACBDCAADDCBCABACBCCABCACBCCCCDBDBACDBBBCBCBACCACADAACCCBABADBCCAAABBCCBB	['D5A', 'C14D', 'C57D', 'A63D']	4	-4.0085206	-8.905888	-10.987537	-2.0816498
BCCDDDCDCDDDDCCDABCDABCABDBACBDCAADACBCABACBCCABCACBCCCCCBDBACBBBBCBCBACCACADAACCCBABADBCCAAABBCCBB	['D15C', 'D36A', 'A63B']	3	-4.009594	-8.935698	-11.018416	-2.0827188
BCCDDDCDCDDDBCDDABCDABCABDBACBDCAADDCBCABACBCCABCACBCCCCDBDCACDCBBCBCBACCACADAACCCBABADBCCAAABBCCBB	['D13B', 'C57D', 'B60C', 'A63D', 'B64C']	5	-4.011272	-7.75987	-9.844265	-2.084395
BCCDDDCDCDDDBCDDABCDABCABDBACBDCAADDCBCABACBCCABCACBCCCCDBDCACDCBBCBCBACCACADAACCCBABADBCCAAABBCCBB	['D13B', 'C57D', 'B60C', 'A63D', 'B64C']	5	-4.011272	-7.75987	-9.844265	-2.084395
AAADDDCDCDDDDCDDABCDABCABDBACBDCAADDCBCABACBCCABCACBCCCCDBDBACDBBBCBCBACCACACAACCCBABADBCCAAABBCCBB	['B1A', 'C2A', 'C3A', 'C57D', 'A63D', 'D77C']	6	-4.0120673	-9.321412	-11.406606	-2.0851936
BCCDDDCDCDDDDCDDABCDABCABDBACBDCAADACBCABACBCCABCACBCCCCCBDBACDBBBCBCBACCACADAACCCBABADBCCAABBBCCBB	['D36A', 'A63D', 'A93B']	3	-4.013706	-8.906455	-10.993289	-2.086834
BCCDDDCDCDDDDCDDABCDABCABDBACBDCAADDABCABACBCBABCACBCCCCDBDCCCDBBBCBCBACCACACAACCCBACADBCCAABBBCCBB	['C37A', 'C46B', 'C57D', 'B60C', 'A61C', 'A63D', 'D77C', 'B85C', 'A93B']	9	-4.014253	-9.236512	-11.323895	-2.0873833
BCCDDDCDCDDDBCDDABCDABCABDBACBDCAADACBCABACBCCABCACBCCCCCBDBACDCBBCBCBACCACADAACCCBABADBCCAAABBCCBB	['D13B', 'D36A', 'A63D', 'B64C']	4	-4.014314	-7.461372	-9.548812	-2.08744
BCCDDDCDCADDDCDDABCDABCABDBACBDCAACDABCABACBCCABCACBCCCCCBDBACDBBBCBCBACCACACAACCCBABADBCCAAABBCCBB	['D10A', 'D35C', 'C37A', 'A63D', 'D77C']	5	-4.0147467	-7.014761	-9.102635	-2.0878744
BCCDDDCDCADDDCDDABCDABCABDBACBDCAACDABCABACBCCABCACBCCCCCBDBACDBBBCBCBACCACACAACCCBABADBCCAAABBCCBB	['D10A', 'D35C', 'C37A', 'A63D', 'D77C']	5	-4.0147467	-7.014761	-9.102635	-2.0878744
BCCDDDCDCDDDDCDDABCDABCABDBACBDDAACDBBCABABBCDBBCACBCCCCCBDBACDBBBCBCBACCACACAACCBBABADBCCAABBBCCBB	['C32D', 'D35C', 'C37B', 'C43B', 'C46D', 'A47B', 'A63D', 'D77C', 'C82B', 'A93B']	10	-4.016266	-9.162666	-11.252055	-2.0893888
BCCDDDCDCDDDDCDDABCDABCABDBACBDCAACDBBCABACBCCABCACBCCCCCBDBACDBBBCBCBCCCACADAACCCBABADBCCAAABBCCBA	['D35C', 'C37B', 'A63D', 'A71C', 'B99A']	5	-4.0165052	-7.988734	-10.078363	-2.0896297
BCCDDDCDCDDDDCCDABBDABCABDBACBDCAACDBBCABACBCCABCACBCCCCCBDBACDBBBCBCBACCACADAACCCBABADBCCAAABBCCBB	['D15C', 'C19B', 'D35C', 'C37B', 'A63D']	5	-4.017499	-8.6140785	-10.704705	-2.0906267
BCCDDDCDCDDDDCCDABCDABCABDBACDDCAADACBCABACBCCABCACBCCCCCBDBACBBBBCBCBBCCACADAACCCBABADBCCAABBBCCBB	['D15C', 'B30D', 'D36A', 'A63B', 'A71B', 'A93B']	6	-4.0186315	-9.311834	-11.403587	-2.091753
BCCDDDCDCDDDDCCDABCDABCABDBACDDCAADACBCABACBCCABCACBCCCCCBDBACBBBBCBCBBCCACADAACCCBABADBCCAABBBCCBB	['D15C', 'B30D', 'D36A', 'A63B', 'A71B', 'A93B']	6	-4.0186315	-9.311834	-11.403587	-2.091753
BCCDDDCDCDDDBCDDABCDABCABDBACDDCAACACBCACACBCCABCACBCCCCCBDBADCBBBCBCBBCCACADAACCCBABADCCCAAABBCCBB	['D13B', 'B30D', 'D35C', 'D36A', 'B41C', 'C62D', 'A63C', 'A71B', 'B88C']	9	-4.018703	-8.440402	-10.532223	-2.0918207
BCCDDDCDCCDDDCCDABCDABCABDBACBDCAADDCBCABACBCCABCACBCCCCCBDBACCBBBCBCBADCACADAACCCBABADBCCAABBBCCBB	['D10C', 'D15C', 'A63C', 'C72D', 'A93B']	5	-4.0200095	-7.262541	-9.3556795	-2.0931387
BCCDDDCDCADDDCDDABCDABCABDBACBDCAADDABCACACBCCABCACBCCCCCBDBACDBBBCBCBACCACACAACCCBABADBCCAAABBCCBB	['D10A', 'C37A', 'B41C', 'A63D', 'D77C']	5	-4.0200176	-7.023942	-9.117085	-2.0931435
BCCDDDCDCDDDDCDDABCDABCABDBACBDCAACDABCABACBCCABCACBCCCCCBDBACDCBBCBCBACCACADAACCCBABADBCBAAABBCCBB	['D35C', 'C37A', 'A63D', 'B64C', 'C90B']	5	-4.020406	-8.131133	-10.224664	-2.0935307
AAADDDCDCDDDDCCCABCDABCABDBACBDCAADDABCABACBCCABCACBCCCCDBDBACCBBBCBABACCACADAACCCBABADBCCAAABBCCBB	['B1A', 'C2A', 'C3A', 'D15C', 'D16C', 'C37A', 'C57D', 'A63C', 'C69A']	9	-4.0237455	-7.5280695	-9.624947	-2.096877
BCCDDDCDCDDDDCCDABCAABCABDBACDDCAACCCBCABACBCCABCACBCCCCCBDBACDBBBCBCBACCACADAACCCBACADCCCAAABBCCBB	['D15C', 'D20A', 'B30D', 'D35C', 'D36C', 'A63D', 'B85C', 'B88C']	8	-4.0238504	-9.827885	-11.92486	-2.0969753
BCCDDDCDCDDDDCDDABCDABCABDBACBDCAACABBCABACBCCABCACBCCCCCBDBACBBBBCBCBADCACADAACCCBABADBCCAAABBCCBB	['D35C', 'D36A', 'C37B', 'A63B', 'C72D']	5	-4.0242863	-7.675569	-9.7729845	-2.0974154
BCCDDDCDCDDADCDDABCDABCABDBACBDCAADACBCABACBCCABCACBCCCCCBDBADDBBBCBABACCACADAACCCBABADBCCAAABBCCBB	['D12A', 'D36A', 'C62D', 'A63D', 'C69A']	5	-4.0253353	-9.282922	-11.381381	-2.0984592
BCCDDDCDCADDBDDDABCDABCABDBACBDCAADDABCABACBCCABCACBCCCCDBDBACDBBBCBCBACCCCADAACCCBABADBCCAABBBCCBB	['D10A', 'D13B', 'C14D', 'C37A', 'C57D', 'A63D', 'A74C', 'A93B']	8	-4.026543	-5.809565	-7.90924	-2.0996747
BCCDDDCDCDDDDCDDABCDABCABDBACBDCAADDCBCABACBCCABCACBCCCCCBDBADDBBBBBABACCACACAACCCBABADBCCAABBBCCBB	['C62D', 'A63D', 'C67B', 'C69A', 'D77C', 'A93B']	6	-4.027783	-9.1789	-11.279808	-2.1009083
BCCDDDCDCDDDBCDDABCDABCABDBACDDCADDCCBCABACBCCABCACBCCCCCBDBACDBBBCBCBBCCACADAACCCBABADCCCAAABBCCBB	['D13B', 'B30D', 'A34D', 'D36C', 'A63D', 'A71B', 'B88C']	7	-4.0284433	-8.857262	-10.958827	-2.1015654
BCCDDDCDCDDDBCDDABCDABCABDBACDDCADDCCBCABACBCCABCACBCCCCCBDBACDBBBCBCBBCCACADAACCCBABADCCCAAABBCCBB	['D13B', 'B30D', 'A34D', 'D36C', 'A63D', 'A71B', 'B88C']	7	-4.0284433	-8.857262	-10.958827	-2.1015654
BCCDDDCDCDDDDCDDABCDABCABDBACBDCAACACBCACACBCCABCACBCCCCCBDBADCBBBCBCBACCACADAACCCBABADBCCAAABBCCBB	['D35C', 'D36A', 'B41C', 'C62D', 'A63C']	5	-4.0286465	-9.235756	-11.337525	-2.1017694
BCCDDDCDCDDDDCDDABCDABCABDBACBDCAACACBCACACBCCABCACBCCCCCBDBADCBBBCBCBACCACADAACCCBABADBCCAAABBCCBB	['D35C', 'D36A', 'B41C', 'C62D', 'A63C']	5	-4.0286465	-9.235756	-11.337525	-2.1017694
BCCDDDCDCDDDDCDDABCDABCABDBACBDCAACDBBCACACBCCABCACBCCCCCBDBACABBBCBCBCCCACADAACCCBABADBCCAABBBCCBB	['D35C', 'C37B', 'B41C', 'A71C', 'A93B']	5	-4.028904	-8.24006	-10.342093	-2.1020336
BCCDDDCDCBDDDCCDABCDABCABDBACDDCAADDABCACACBCCABCACBCCCCCBDBDCABBBCBCBACCACACAACCCBABADCCCAAABBCCBB	['D10B', 'D15C', 'B30D', 'C37A', 'B41C', 'A61D', 'D77C', 'B88C']	8	-4.029553	-7.9564753	-10.059158	-2.102683
BCCDDDCDCDDDDCDDABCCABCABDBACBDCAADDCBCABACBCCABCACBCCCCCBDBACDBBBCBCBACCACACAACCCBABADBCCAABBBCCBB	['D20C', 'A63D', 'D77C', 'A93B']	4	-4.0301723	-8.509819	-10.613119	-2.1033
BCCDDDCDCBDDDCDDABCDABCABDBACDDCAADDCBCACACBCCABCACBCCCCCBDBDCABBBCBCBACCACACAACCCBABADCCCAABBBCCBB	['D10B', 'B30D', 'B41C', 'A61D', 'D77C', 'B88C', 'A93B']	7	-4.0317564	-8.094698	-10.199583	-2.104885
BCCDDDCDCCDDDDDDABCDABCABDBACBDCAADDCBCABACBCCABCACBCCCCCBDBACBBBBCBCBADCACACAACCCBABADBCCAABBBCCBB	['D10C', 'C14D', 'A63B', 'C72D', 'D77C', 'A93B']	6	-4.0336375	-6.88483	-8.991596	-2.1067662
BCCDDDCDCCDDDDDDABCDABCABDBACBDCAADDCBCABACBCCABCACBCCCCCBDBACBBBBCBCBADCACACAACCCBABADBCCAABBBCCBB	['D10C', 'C14D', 'A63B', 'C72D', 'D77C', 'A93B']	6	-4.0336375	-6.88483	-8.991596	-2.1067662
AAADDDCDCDDDDCDDABCDABCABDBACBDCAADDCBCABACBCCABCACBCCCCCBDBACDBBBCBCBACCACACAACCCBABADBCCAAABBCCBB	['B1A', 'C2A', 'C3A', 'A63D', 'D77C']	5	-4.03422	-8.663272	-10.770617	-2.1073446
AAADDDCDCDDDDCDDABCDABCABDBACBDCAACDABCABACBCCABCACBCCCCCBDBACDBBBCBBBACCACADAACCCBABADBCCAAABBCCBB	['B1A', 'C2A', 'C3A', 'D35C', 'C37A', 'A63D', 'C69B']	7	-4.0346355	-7.0632076	-9.17097	-2.1077623
AAADDDCDCDDDDCDDABCDABCABDBACBDCAACDABCABACBCCABCACBCCCCCBDBACDBBBCBBBACCACADAACCCBABADBCCAAABBCCBB	['B1A', 'C2A', 'C3A', 'D35C', 'C37A', 'A63D', 'C69B']	7	-4.0346355	-7.0632076	-9.17097	-2.1077623
BCCDDDCDCDDDBDDDBBCCABCABDBACDDCAACABBCABACBCCABCACBCCCCCBDBACDBBBCBCBACCACADAACCCBABADBCCAAABBCCBB	['D13B', 'C14D', 'A17B', 'D20C', 'B30D', 'D35C', 'D36A', 'C37B', 'A63D']	9	-4.0348873	-7.4281144	-9.536128	-2.1080136
BCCDDDCDCDDDBDDDBBCCABCABDBACDDCAACABBCABACBCCABCACBCCCCCBDBACDBBBCBCBACCACADAACCCBABADBCCAAABBCCBB	['D13B', 'C14D', 'A17B', 'D20C', 'B30D', 'D35C', 'D36A', 'C37B', 'A63D']	9	-4.0348873	-7.4281144	-9.536128	-2.1080136
BCCDDDCDCDDDDCDDABCDABCABDBACBDCAADDCBCABACBCCABCACBCCCCDBDBACDCBBCBCBACCACADAACCCBABADBCBAABBBCCBB	['C57D', 'A63D', 'B64C', 'C90B', 'A93B']	5	-4.038348	-9.203226	-11.314701	-2.111475
BCCDDDCDCADDDCDDABCDABCABDBACDDCAADDCBCABACBCCABCACBCCCCCBDBACBBBBCBCBBCCACACAACCCBABADCCCAABBBCCBB	['D10A', 'B30D', 'A63B', 'A71B', 'D77C', 'B88C', 'A93B']	7	-4.039936	-7.0050316	-9.118097	-2.1130657
BCCDDDCDCDDCBDDDABCDABCABDBACBDCAADDCBCABACBCCABCACBCCCCCBDBCCDBBBCBCBCCCACADAACCCBABADBCCAAABBCCBB	['D12C', 'D13B', 'C14D', 'A61C', 'A63D', 'A71C']	6	-4.040394	-6.826216	-8.939737	-2.113521
BCCDDDCDCDDDBCDDABCDABCABDBACBDCAACDCBCACACBCCABCACBCCCCDBDBACDBBBCBABACCACADAACCCBABADBCCAAABBCCBB	['D13B', 'D35C', 'B41C', 'C57D', 'A63D', 'C69A']	6	-4.040735	-9.015387	-11.129249	-2.113862
BCCDDDCDCDDDDCCDABCDABCABDBACBDCAACDBBCACACBCCABCACBCCCCCBDBADDBBBCBCBACCDCADAACCCBABADBCCAABBBCCBB	['D15C', 'D35C', 'C37B', 'B41C', 'C62D', 'A63D', 'A74D', 'A93B']	8	-4.0420003	-9.206166	-11.321289	-2.1151228
BCCDDDCDCDDDDCDDABCDABCABDBACDDCAACDCBCABACBCCABCACBCCCCDBDBACDBBBCBCBBCCACADAACCCBABADCCCAAABBCCBB	['B30D', 'D35C', 'C57D', 'A63D', 'A71B', 'B88C']	6	-4.0444026	-9.490752	-11.60828	-2.117528
BCCDDDCDCDDDBDDDABCDABCABDBACBDCAADABBCABACBCCABCACBCCCCCBDBACDBBBCBCBACCACADAACCCBABADBCCAAABBCCBB	['D13B', 'C14D', 'D36A', 'C37B', 'A63D']	5	-4.0447226	-6.9107785	-9.028628	-2.1178498
BCCDDDCDCDDDBDDDABCDABCABDBACBDCAADABBCABACBCCABCACBCCCCCBDBACDBBBCBCBACCACADAACCCBABADBCCAAABBCCBB	['D13B', 'C14D', 'D36A', 'C37B', 'A63D']	5	-4.0447226	-6.9107785	-9.028628	-2.1178498
BCCDDDCDCDDDDCDDABCDABCABDBACBDCAADDCBCACACBCCABCACBCCCCCBDCACDCBBCBCBACCACACAACCCBABADBCCAABBBCCBB	['B41C', 'B60C', 'A63D', 'B64C', 'D77C', 'A93B']	6	-4.0452805	-8.67564	-10.794045	-2.1184053
BCCDDDCDCDDDDCDDABCDABCABDBACBDCAADBABCABACBCCABCACBCCCCCBDBADBBBBCBCBACCACADAACCCBABADBCCAAABBCCBB	['D36B', 'C37A', 'C62D', 'A63B']	4	-4.0465035	-8.590063	-10.709692	-2.119629
BCCDDDCDCDDDDCCDADCBABCABDBACBDCAADACBCABACBCCABCACBCCCCCBDBACDBBBCBBBACBACACAACCCBACADBCCAABBBCCBB	['D15C', 'B18D', 'D20B', 'D36A', 'A63D', 'C69B', 'C73B', 'D77C', 'B85C', 'A93B']	10	-4.046657	-9.7382965	-11.858078	-2.1197815
AAAADDCDCDDDDCDDABBDABCABDBACBDCAADDCBCABACBCCABCACBCCCCCBDCACDBBBCBCBACCACACAACCCBABADBCCAABBBCCBB	['B1A', 'C2A', 'C3A', 'D4A', 'C19B', 'B60C', 'A63D', 'D77C', 'A93B']	9	-4.048885	-8.439534	-10.561545	-2.1220112
BCCDDDCDCDDDDCDDABCDABCABDBACBDDAADDCBCABACBCCBBCACBCCCCCBDBCCDBBBCBCBACCACADAACCBBABADBCCAABBBCCBB	['C32D', 'A47B', 'A61C', 'A63D', 'C82B', 'A93B']	6	-4.052087	-9.282713	-11.40792	-2.125207
BCCDDDBDCDDDDCDDABCDABCABDBACBDCAACDCBCABACBCDABCACBCCCCCBDBACDBBBCBCBACCACACAACCCBBBADBCBAAABBCCBB	['C7B', 'D35C', 'C46D', 'A63D', 'D77C', 'A84B', 'C90B']	7	-4.052107	-8.026226	-10.151462	-2.1252356
BCCDDDCACDDDDCDDABCDABCABDBACBDCDDCDABCABACBCCABCACBCCCCDBDBACDCBBCBCBACCACADAACCCBBBADBCCAAABBCCBB	['D8A', 'A33D', 'A34D', 'D35C', 'C37A', 'C57D', 'A63D', 'B64C', 'A84B']	9	-4.0527196	-7.3420577	-9.467903	-2.1258454
AAADDDCDCDDDDCDDABCDABCABDBACBDCAADDCBCACACBCCABCACBCCCCCBDBACCCBBCBCBACCACADAACCCBABADBCCAAABBCCBB	['B1A', 'C2A', 'C3A', 'B41C', 'A63C', 'B64C']	6	-4.0530677	-7.5747814	-9.70098	-2.1261988
AAADDDCDCDDDDCCDABCDABCABDBACBDCAADDCBCACACBCCABCACBCCCCCBDBACCBBBCBCBACCACADAACCCBABADBCCAAABBCCBB	['B1A', 'C2A', 'C3A', 'D15C', 'B41C', 'A63C']	6	-4.053311	-8.677434	-10.803871	-2.1264372
BCCDDDCDCDDDDCCDABCDABCABDBACBDCAACABBCABACBCCABCACBCCCCCBDBADCBBBCBCBACCACADAACCCBABADBCCAABBBCCBB	['D15C', 'D35C', 'D36A', 'C37B', 'C62D', 'A63C', 'A93B']	7	-4.053595	-9.042192	-11.168912	-2.1267195
BCCDDDCDCDDDDCDDABCDABCABDBACBDCAACABBCABACBCCABCACBCCCCCBDBACACBBCBCBACCACADAACCCBABADBCCAAABBCCBB	['D35C', 'D36A', 'C37B', 'B64C']	4	-4.0544796	-7.700012	-9.827617	-2.1276045
BCCDDDCDCDDDDCDDABCDABCABDBACBDCAADDCBCABACBCCABCACBCCCCDBDBACDBBBCBCBCCBACACAACCCBABADBCBAAABBCCBB	['C57D', 'A63D', 'A71C', 'C73B', 'D77C', 'C90B']	6	-4.0557323	-10.458544	-12.587408	-2.1288643
BCCDDDCDCDDDDCDDABCDABCABDBACBDCAADDCBCABACBCCABCACBCCCCCBDBACBBBBCBCBCCCACADAACCCBABADBCCAAABBCCBB	['A63B', 'A71C']	2	-4.055752	-7.7990766	-9.927956	-2.128879
BCCDDDCDCDDDDDDDABCDABCABDBACBDCAACDABCACACBCCABCACBCCCCCBDBACDBBBCBABACCACADAACCCBABADBCCAAABBCCBB	['C14D', 'D35C', 'C37A', 'B41C', 'A63D', 'C69A']	6	-4.0583153	-8.208889	-10.340336	-2.1314468
BCCDDDCDCCDDBCDDABCDABCABDBACBDCAADDCBCABACBCCABCACBCCCCCBDBACCCBBCBBBADCACADAACCCBABADBCCAAABBCCBB	['D10C', 'D13B', 'A63C', 'B64C', 'C69B', 'C72D']	6	-4.3664594	-4.0603228	-6.49992	-2.1334605
BCCDDDCDCDDDDCDDABCDABCABDBACBDCAACACBCABACBCCABCACBCCCCCBDBACDBBBCBCBACCACACAACCCBABADBCCAAABBCCBB	['D35C', 'D36A', 'A63D', 'D77C']	4	-4.0604963	-9.288188	-11.421809	-2.1336212
BCCDDDCDCDDDBCDDABCDABCABDBACBDCAADDCBCABACBCCABCACBCCCCCBDBACDBBBCBCBCCCACADAACCCBABADBCCAAABBCCBB	['D13B', 'A63D', 'A71C']	3	-4.060715	-7.4274035	-9.561243	-2.1338396
BCCDDDCDCCDDDCDDACCDABCABDBACBDCAADDCBCABACBCDABCACBCDCCDBDBACDBBBCBABCCCACADAACCCBBBADBCBAABBBCCBB	['D10C', 'B18C', 'C46D', 'C54D', 'C57D', 'A63D', 'C69A', 'A71C', 'A84B', 'C90B', 'A93B']	11	-2.134513	-4.7989693	-6.933483	-2.1345139
BCCDDDCDCDDDDCDDABCDABCABDBACBDCAADBABCACACBCCABCACBCCCCCBDBADACBBCBCBACCACADAACCCBABADBCCAAABBCCBB	['D36B', 'C37A', 'B41C', 'C62D', 'B64C']	5	-4.064976	-8.664236	-10.802334	-2.1380978
BCCDDDCDCDDDBCDDABCDABCABDBACBDCAADACBCABACBCCABCACBCCCCCBDBADACBBCBABACCACADAACCCBABADBCCAAABBCCBB	['D13B', 'D36A', 'C62D', 'B64C', 'C69A']	5	-4.067261	-7.7075214	-9.847904	-2.1403828
BCCDDDCDCDDDBCDDABCDABCABDBACBDCAADACBCABACBCCABCACBCCCCCBDBADACBBCBABACCACADAACCCBABADBCCAAABBCCBB	['D13B', 'D36A', 'C62D', 'B64C', 'C69A']	5	-4.067261	-7.7075214	-9.847904	-2.1403828
BCCDDDCDCDDDDCDDABCDABCABDBACBDCAACDCBCABACBCCABCACBCCCCCBDBACDBBBCBCBCCCACACAACCCBABADBCCAABBBCCBB	['D35C', 'A63D', 'A71C', 'D77C', 'A93B']	5	-4.0672984	-8.992134	-11.13256	-2.1404257
BCCDDDCDCDDABDDDABCDABCABDBACBDCAADDCBCABACBCCABCACBCCCCCBDBADDBBBCBCBBCBACACAACCCBABADBCBAAABBCCBB	['D12A', 'D13B', 'C14D', 'C62D', 'A63D', 'A71B', 'C73B', 'D77C', 'C90B']	9	-4.06853	-9.467077	-11.608729	-2.141652
BCCDDDCDCDDABDDDABCDABCABDBACBDCAADDCBCABACBCCABCACBCCCCCBDBADDBBBCBCBBCBACACAACCCBABADBCBAAABBCCBB	['D12A', 'D13B', 'C14D', 'C62D', 'A63D', 'A71B', 'C73B', 'D77C', 'C90B']	9	-4.06853	-9.467077	-11.608729	-2.141652
AAADDDCDCDDDDCDDABCDABCABDBACBDCAADDCBCABACBCCABCACBCCCCCBDBACDBBBCBCCACCACADAACCCBABADBCCAAABBCCBB	['B1A', 'C2A', 'C3A', 'A63D', 'B70C']	5	-4.0688024	-8.171967	-10.313893	-2.1419268
BCCDDDCDCDDADCDDABCDABCABDBACBDCAADDCBCACACBCCABCACBCCCCCBDBADDBBBCBCBACCACADAACCDBABADBCCAABBBCCBB	['D12A', 'B41C', 'C62D', 'A63D', 'C82D', 'A93B']	6	-4.069403	-10.318536	-12.461061	-2.1425247
BCCDDDCDCDDDDCCDABCDABCABDBACBDCAACDBBCABACBCCABCACBCCCCCBDBACDBBBCBCBACCACADAACCCBABADBCCAAABBCCBB	['D15C', 'D35C', 'C37B', 'A63D']	4	-4.069678	-8.825422	-10.96823	-2.142808
BCCDDDCDCDDDDCCDABCDABCABDBACBDCAACDBBCABACBCCABCACBCCCCCBDBACDBBBCBCBACCACADAACCCBABADBCCAAABBCCBB	['D15C', 'D35C', 'C37B', 'A63D']	4	-4.069678	-8.825422	-10.96823	-2.142808
AAADDDCDCDDDDCCDABCDABCABDBACBDCAADDCBCABACBCCABCACBCCCCCBDBACBBBBCBBBACCACADAACCCBABADBCCAAABBCCBB	['B1A', 'C2A', 'C3A', 'D15C', 'A63B', 'C69B']	6	-4.0706186	-7.506401	-9.650146	-2.1437445
BCCDDDCDCDDDDCDDABCDABCABDBACBDCAACDBBCABACBCCABCACBCCCCCBDCACDBBBCBCBACCACACAACCCBABADBCCAABBBCCBB	['D35C', 'C37B', 'B60C', 'A63D', 'D77C', 'A93B']	6	-4.0719357	-8.468433	-10.613499	-2.1450653
BCCDDDCDCDDDDCDDABCDABCABDBACBDCAADDABCACABBCCABCACBCCCCCBDBADDBBBCBCBBCCACACAACCCBABADBCCAABBBCCBB	['C37A', 'B41C', 'C43B', 'C62D', 'A63D', 'A71B', 'D77C', 'A93B']	8	-4.072317	-9.205468	-11.35091	-2.145442
BCCDDDCDCDDDDCCDABCDABCABDBACBDCAACDBBCABACBCCABCACBCCCCCBDCACABBBCBCBACCACADAACCCBABADBCCAAABBCCBB	['D15C', 'D35C', 'C37B', 'B60C']	4	-4.073835	-8.44302	-10.589989	-2.1469688
BCCDDDCDCDDDDCDDACCDABCABDBACBDCAACDBBCABACBCCABCACBCCCCDBDCACDCBBCBCBADCACADAACCCBABADBCCAABBBCCBB	['B18C', 'D35C', 'C37B', 'C57D', 'B60C', 'A63D', 'B64C', 'C72D', 'A93B']	9	-4.074495	-8.251268	-10.398891	-2.147623
BCCDDDCDCCDDDCDDABCDABCABDBACBDCAACDABCABACBCCABCACBCCCCCBDBADCABBCBCBADCACADAACCCBABADBCCAAABBCCBB	['D10C', 'D35C', 'C37A', 'C62D', 'A63C', 'B64A', 'C72D']	7	-4.075677	-5.3943996	-7.5432014	-2.1488018
BCCDDDCDCDDDDCDDABADABCABDBACBDCAADDABCACACBCCABCACBCCCCCBDBACDBBBCBCBACCACADAACCCBABADBCCADABBCCBB	['C19A', 'C37A', 'B41C', 'A63D', 'A92D']	5	-4.0758524	-7.3464313	-9.495412	-2.1489806
BCCDDDCDCDDADCDDABCCABCABDBACDDCAACACBCABACBCCABCACBCCCCDCDBADCCBBCBCBACCACADAACCCBABADBCCAAABBCCBB	['D12A', 'D20C', 'B30D', 'D35C', 'D36A', 'C57D', 'B58C', 'C62D', 'A63C', 'B64C']	10	-4.0766554	-8.758539	-10.908312	-2.1497726
AAADDDCDCDDADCDDABCDABCABDBACBDCAACDCBCABACBCCABCACBCCCCDBDBACDBBBCBCBACCACADAACCCBABADBCCAAABBCCBB	['B1A', 'C2A', 'C3A', 'D12A', 'D35C', 'C57D', 'A63D']	7	-4.076692	-9.603241	-11.7530575	-2.1498165
BCCDDDCDCCDDDCDDABCDABCABDBACBDCAADDBBCABABBCCABCACBCCCCDBDBDCBABBCBCBADCACADAACCCBABADBCCAABBBCCBB	['D10C', 'C37B', 'C43B', 'C57D', 'A61D', 'A63B', 'B64A', 'C72D', 'A93B']	9	-4.0774994	-5.7345886	-7.8852186	-2.15063
AAADDDCDCDDDDCDDABCDABCABDBACBDCAADDCBCABACBCCABCACBCCCCCBDBACABBBCBCBACCACACAACCCBACADBCCAAABBCCBB	['B1A', 'C2A', 'C3A', 'D77C', 'B85C']	5	-4.079267	-8.557528	-10.709923	-2.1523952
AAADDDCDCDDDDCDDABCDABCABDBACBDCAADDCBCABACBCCABCACBCCCCCBDBACABBBCBCBACCACACAACCCBACADBCCAAABBCCBB	['B1A', 'C2A', 'C3A', 'D77C', 'B85C']	5	-4.079267	-8.557528	-10.709923	-2.1523952
BCCDDDCDCDDDDCDDABCDABCABDBACBDCAADACBCABACBCCABCACBCCCCCBDBACDBBBCBACACCACADAACCCBABADBCCAABBBCCBB	['D36A', 'A63D', 'C69A', 'B70C', 'A93B']	5	-4.0793095	-8.5269785	-10.679414	-2.1524353
AAADDDCDCDDBDCDDABBDABCABDBACBDCAADDCBCABACBCCABCACBCCCCCBDBACDBBBCBCBACCACADAACCCBABADBCCAAABBCCBB	['B1A', 'C2A', 'C3A', 'D12B', 'C19B', 'A63D']	6	-4.081806	-7.642976	-9.797908	-2.154932
BCCDDDCDCDDDDCDDABCDABCABDBACBDCBADDABAABACBCCABCACBCCCCCBDBADACBBCBCBACCACACAACCCBABADBCCAAABBCCBB	['A33B', 'C37A', 'C39A', 'C62D', 'B64C', 'D77C']	6	-4.082084	-7.7975397	-9.952752	-2.1552124
BCCDDDCDCDDDDCCDABBDABCABDBACBDCAADDCBCABACBCCABCACBCCCCCBDBADDBBBCBCBACCACADAACCCBABADBCCAAABBCCBB	['D15C', 'C19B', 'C62D', 'A63D']	4	-4.0830903	-9.509651	-11.665865	-2.1562138
BCCDDDCDCADBDCDDABCDABCABDBACBDCAADDCBCABACBCCABCACBCCCCCBDBACDBBBCBCBACCACADAACCCBABADBCCAAABBCCBB	['D10A', 'D12B', 'A63D']	3	-4.0836387	-6.3934336	-8.550199	-2.156765
BCCDDDCDCADBDCDDABCDABCABDBACBDCAADDCBCABACBCCABCACBCCCCCBDBACDBBBCBCBACCACADAACCCBABADBCCAAABBCCBB	['D10A', 'D12B', 'A63D']	3	-4.0836387	-6.3934336	-8.550199	-2.156765
BCCDDDCDCADDDDDDABCDABCABDBACBDCAACDABCABACBCCABCACBCCCCCBDBACDBBBCBCBACCACACAACCCBABADBCCAABBBCCBB	['D10A', 'C14D', 'D35C', 'C37A', 'A63D', 'D77C', 'A93B']	7	-4.084196	-6.8885193	-9.045841	-2.157322
BCCDDDCDCADDDDDDABCDABCABDBACBDCAACDABCABACBCCABCACBCCCCCBDBACDBBBCBCBACCACACAACCCBABADBCCAABBBCCBB	['D10A', 'C14D', 'D35C', 'C37A', 'A63D', 'D77C', 'A93B']	7	-4.084196	-6.8885193	-9.045841	-2.157322
BCCDDDCDCADDDDDDABCDABCABDBACBDCAACDABCABACBCCABCACBCCCCCBDBACDBBBCBCBACCACACAACCCBABADBCCAABBBCCBB	['D10A', 'C14D', 'D35C', 'C37A', 'A63D', 'D77C', 'A93B']	7	-4.084196	-6.8885193	-9.045841	-2.157322
BCCDDDCDCADDDDDDABCDABCABDBACBDCAACDABCABACBCCABCACBCCCCCBDBACDBBBCBCBACCACACAACCCBABADBCCAABBBCCBB	['D10A', 'C14D', 'D35C', 'C37A', 'A63D', 'D77C', 'A93B']	7	-4.084196	-6.8885193	-9.045841	-2.157322
BCCDDDCDCADDDDDDABCDABCABDBACBDCAACDABCABACBCCABCACBCCCCCBDBACDBBBCBCBACCACACAACCCBABADBCCAABBBCCBB	['D10A', 'C14D', 'D35C', 'C37A', 'A63D', 'D77C', 'A93B']	7	-4.084196	-6.8885193	-9.045841	-2.157322
BCCDDDCDCADDDDDDABCDABCABDBACBDCAACDABCABACBCCABCACBCCCCCBDBACDBBBCBCBACCACACAACCCBABADBCCAABBBCCBB	['D10A', 'C14D', 'D35C', 'C37A', 'A63D', 'D77C', 'A93B']	7	-4.084196	-6.8885193	-9.045841	-2.157322
BCCDDDCDCADDDDDDABCDABCABDBACBDCAACDABCABACBCCABCACBCCCCCBDBACDBBBCBCBACCACACAACCCBABADBCCAABBBCCBB	['D10A', 'C14D', 'D35C', 'C37A', 'A63D', 'D77C', 'A93B']	7	-4.084196	-6.8885193	-9.045841	-2.157322
BCCDDDCDCADDDDDDABCDABCABDBACBDCAACDABCABACBCCABCACBCCCCCBDBACDBBBCBCBACCACACAACCCBABADBCCAABBBCCBB	['D10A', 'C14D', 'D35C', 'C37A', 'A63D', 'D77C', 'A93B']	7	-4.084196	-6.8885193	-9.045841	-2.157322
BCCDDDCDCDDBDCDDABCAABCABDBACBDCAADDCBCABACBCCABCACBCCCCCBDCACDCBBCBCBACCACACAACCCBABADBCBAAABBCCBB	['D12B', 'D20A', 'B60C', 'A63D', 'B64C', 'D77C', 'C90B']	7	-4.0844493	-7.064654	-9.222233	-2.157579
BCCDDDCDCDDDDDDDABCDABCABDBACBDCAACCCBCACACBCBABCACBCCCCCBDBADDBBBCCCBBCCACADAACCCBABADDCBAABBBCBCB	['C14D', 'D35C', 'D36C', 'B41C', 'C46B', 'C62D', 'A63D', 'B68C', 'A71B', 'B88D', 'C90B', 'A93B', 'C97B', 'B98C']	14	-4.085267	-10.836112	-12.9945	-2.1583881
AAADDDCDCDDDDDDCABCDABCABDBACBDCAADDCBCABACBCCABCACBCCCCCBDBADBBBBCBCBADCACACAACCCBABADBCCAAABBCCBB	['B1A', 'C2A', 'C3A', 'C14D', 'D16C', 'C62D', 'A63B', 'C72D', 'D77C']	9	-4.0853496	-7.4257584	-9.584237	-2.1584787
BCCDDDCDCADDDCDDABCDABCABDBACBDCAACDABCABACBCCABCACBCCCCCBDBACDBBBCBCBACCACACAACCCBABADBCCAABBBCCBB	['D10A', 'D35C', 'C37A', 'A63D', 'D77C', 'A93B']	6	-4.085715	-7.241086	-9.399929	-2.158843
BCCDDDCDCADDDCDDABCDABCABDBACBDCAACDABCABACBCCABCACBCCCCCBDBACDBBBCBCBACCACACAACCCBABADBCCAABBBCCBB	['D10A', 'D35C', 'C37A', 'A63D', 'D77C', 'A93B']	6	-4.085715	-7.241086	-9.399929	-2.158843
BCCDDDCDCDDDDCCDABADABCABDBACBDCAADDCBCABACBCCABCACBCCCCDBDBACDBBBCBCBACCACADAACCCBABADBCCAAABBCCBB	['D15C', 'C19A', 'C57D', 'A63D']	4	-4.0857396	-9.44828	-11.60715	-2.1588697
BCCDDDCDCDDBBCDDABCDABCABDBACBDCAACDCBCACACBCCABCACBCCCCDBDCACDCBBCBCBACCACADAACCCBABADBCCAAABBCCBB	['D12B', 'D13B', 'D35C', 'B41C', 'C57D', 'B60C', 'A63D', 'B64C']	8	-4.0858517	-7.9066663	-10.065641	-2.1589751
BCCDDDCDCCDDBDDDABCDABCABDBACBDCAADDCBCABACBCDABCACBCCCCCBDBADDBBBCBCBACCACADAACCCBABADDACADBBBCCBB	['D10C', 'D13B', 'C14D', 'C46D', 'C62D', 'A63D', 'B88D', 'C89A', 'A92D', 'A93B']	10	-4.086006	-6.075697	-8.23483	-2.159133
BCCDDDCDCDDDDCDDABCCABCABDBACDDCAACACBCACACBCCABCACBCCCCCBDBADDBBBCBCBACCACACAACCCBABADBCCAABBBCCBB	['D20C', 'B30D', 'D35C', 'D36A', 'B41C', 'C62D', 'A63D', 'D77C', 'A93B']	9	-4.087516	-10.426786	-12.5874195	-2.160633
BCCDDDCDCDDABDDDABCDABCABDBACBDCAADDCBCACACBCCABCACBCCCCCBDBACDBBBCBCBCCCACADAACCCBABADBCBAAABBCCBB	['D12A', 'D13B', 'C14D', 'B41C', 'A63D', 'A71C', 'C90B']	7	-4.088309	-7.8834543	-10.044886	-2.1614313
BCCDDDCDCCDDBCDDABCDABCABDBACBDCAADDABCABACBCCABCACBCCCCCBDBACACBBCBCBACCACADAACCCBABADBCCAAABBCCBB	['D10C', 'D13B', 'C37A', 'B64C']	4	-4.089639	-5.5094833	-7.6722517	-2.1627684
BCCDDDCDCDDDDCDDABCDABCABDBACBDCAADDCBCABACBCCABCACBCCCCCBDBACABBBCBCBBCBACACAACCCBABADBCBAABBBCCBB	['A71B', 'C73B', 'D77C', 'C90B', 'A93B']	5	-4.0904875	-9.8720255	-12.035641	-2.1636152
BCCDDDCDCDDDDCCDABCDABCABDBACBDCAADDCBCACACBCCABCACBCCCCCBDBACABBBCBCBACCACADAACCDBABADBCCAABBBCCBB	['D15C', 'B41C', 'C82D', 'A93B']	4	-4.090692	-10.028487	-12.192305	-2.1638174
BCCDDDCDCADDBCDDABCDABCABDBACBDCAACACBCACACBBCABCACBCCCCCBDBADDCBBABDBACCACACAACCCBABADBCCAAABBCCBB	['D10A', 'D13B', 'D35C', 'D36A', 'B41C', 'C45B', 'C62D', 'A63D', 'B64C', 'C67A', 'C69D', 'D77C']	12	-4.09162	-6.7834163	-8.948162	-2.1647458
BCCDDDCDCDDDDCCDABBDABCABDBACDDCAACACBCABACBCCABCACBCCCCCBDBACDBBBCBCBCACACADAACCCBABADBCCAAABBCCBB	['D15C', 'C19B', 'B30D', 'D35C', 'D36A', 'A63D', 'A71C', 'C72A']	8	-4.09195	-9.068087	-11.233157	-2.1650705
BCCDDDCDCDDDDCDDABCDABCABDBACBDCDADDABCACACBCCABCACBCCCCCBDBACDCBBCBABACCACADAACCCBABADBCCAABBBCCBB	['A33D', 'C37A', 'B41C', 'A63D', 'B64C', 'C69A', 'A93B']	7	-4.093489	-7.4896193	-9.656235	-2.1666155
BCCDDDCDCDDDDCDDABCDABCABDBACDDCAADDCBCACACBCCABCACBCCCCCBDCACACBBCBCBBCCACADAACCCBABADBCCAAABBCCBB	['B30D', 'B41C', 'B60C', 'B64C', 'A71B']	5	-4.095573	-8.185801	-10.354494	-2.1686935
BCCDDDCDCDDDDDDDABCDABCABDBACBDCAACDCBCABACBCCABCACBCCCCCBDBADDBBBCBCBACCACADAACCCBABADBCCAAABBCCBB	['C14D', 'D35C', 'C62D', 'A63D']	4	-4.0958605	-9.092699	-11.2616825	-2.1689835
BCCDDDCDCDDDDCDDABBDABCABDBACBDCAACDCBCABACBCCABCACBCCCCCBDBACDCBBCBCBACCACADAACCCBABADBCCAAABBCCBB	['C19B', 'D35C', 'A63D', 'B64C']	4	-4.0958953	-8.197865	-10.366882	-2.1690178
BCCDDDCDCDDDDCDDABCDABCABDBACBDCAACDCBCABACBCCABCACBCCCCCBDBADDBBBCBCBACCACADAACCCBABADBCCAAABBCCBB	['D35C', 'C62D', 'A63D']	3	-4.0973783	-9.445266	-11.615769	-2.1705036
BCCDDDCDCDDDDCDDABCDABCABDBACBDCAADDBBCABACBCCABCACBCCCCCBDBACDBBBCBCBCBCACADAACCCBABADBCCAAABBCCBB	['C37B', 'A63D', 'A71C', 'C72B']	4	-4.097833	-7.5331144	-9.704075	-2.1709604
BCCDDDCDCDDDDCDDABCDABCABDBACBDCAADDBBCABACBCCABCACBCCCCCBDBACDBBBCBCBCBCACADAACCCBABADBCCAAABBCCBB	['C37B', 'A63D', 'A71C', 'C72B']	4	-4.097833	-7.5331144	-9.704075	-2.1709604
BCCDDDCDCCDDDCDDABCDABCABDBACBDCAADDCBCABACBCDABCACBCCCCCBDBADDDBBCBCBACBACACAACCCBABADBCBAABBBCCBB	['D10C', 'C46D', 'C62D', 'A63D', 'B64D', 'C73B', 'D77C', 'C90B', 'A93B']	9	-4.0988593	-9.170134	-11.342117	-2.1719837
BCCDDDCDCDDDDCDDABCDABCABDBACBDCAADDCBCABACBCCABCACBCCCCCBDBACDBBBCBCBACCACADAACCCBABADBCBAAABBCCBB	['A63D', 'C90B']	2	-4.1001005	-8.807172	-10.980398	-2.1732264
BCCDDDCDCDDDDCDDABCDABCABDBACBDCAADDCBCABACBCCABCACBCCCCCBDBACDBBBCBCBACCACADAACCCBABADBCBAAABBCCBB	['A63D', 'C90B']	2	-4.1001005	-8.807172	-10.980398	-2.1732264
BCCDDDCDCDDDDCDDABCDABCABDBACBDCAADDCBCABACBCCABCACBCCCCCBDBACDBBBCBCBACCACADAACCCBABADBCBAAABBCCBB	['A63D', 'C90B']	2	-4.1001005	-8.807172	-10.980398	-2.1732264
BCCDDDCDCDDDDCDDABCDABCABDBACBDCAADDCBCABACBCCABCACBCCCCCBDBACDBBBCBCBACCACADAACCCBABADBCBAAABBCCBB	['A63D', 'C90B']	2	-4.1001005	-8.807172	-10.980398	-2.1732264
BCCDDDCDCDDDDCDDABCDABCABDBACBDCAACDBBCABACBCCABCACBCCCCCBDBACABBBCBCBCCCACADAACCCBABADBCCAAABBCCBB	['D35C', 'C37B', 'A71C']	3	-4.1008806	-7.666043	-9.840055	-2.1740127
BCCDDDCDCCDDDCDDABCDABCABDBACBDCAADDCBCABACBCCABCACBCCCCCBDBADDBBBCBBBACCADACAACCCBABADBCCAAABBCCBB	['D10C', 'C62D', 'A63D', 'C69B', 'C75D', 'D77C']	6	-4.1013865	-7.22866	-9.403174	-2.1745143
BCCDDDCDCDDDDCDDABCDABCABDBACBDCDADDCBCABACBCCABCACBCCCCCBDBACDBBBCBCBCBCACADAACCCBABADBCCAAABBCCBB	['A33D', 'A63D', 'A71C', 'C72B']	4	-4.101513	-7.7483125	-9.922954	-2.1746411
BCCDDDCDCDDDDCDDABCDABCABDBACBDCAADDCBCABACBBCABCACBCDCCCBDBACDBBBCBCBACCACACAACCBBABADBCCAAABBCCBB	['C45B', 'C54D', 'A63D', 'D77C', 'C82B']	5	-2.175344	-6.6665053	-8.841848	-2.175343
BCCDDDCDCDDDBCDDABCDABCABDBACBDCAADACBCABACBCCABCACBCCCCDBDBACDBBBCBCBACCACADAACCCBABADBCCAAABBCCBB	['D13B', 'D36A', 'C57D', 'A63D']	4	-4.1027284	-8.6079235	-10.783775	-2.1758518
BCCDDDCDCDDDDDDDABCDABCABDBACBDCAACDCBCABACBCCABCACBCCCCDBDBACDBBBCBCCACCACADAACCCBABADBCCAAABACCBB	['C14D', 'D35C', 'C57D', 'A63D', 'B70C', 'B95A']	6	-4.1027713	-9.133615	-11.309511	-2.1758966
BCCDDDCDCDDDDCDDABCDABCABDBACBDCCADDABAABACBCCABCACBCCCCCBDBACDBBBCBDBBCCACACAACCCBABADBCCAABBBCCBB	['A33C', 'C37A', 'C39A', 'A63D', 'C69D', 'A71B', 'D77C', 'A93B']	8	-4.1048455	-8.798593	-10.976565	-2.1779728
BCCDDDCDCDDDDCDDABCDABCABDBACBDCAADACBCABACBBCABCACBCCCCDBDCCDDBBBCBCBACCACADAACCCBABADBCCAAABBCCBB	['D36A', 'C45B', 'C57D', 'B60C', 'A61C', 'C62D', 'A63D']	7	-4.105543	-9.593092	-11.771762	-2.17867
AAADDDCDCDDDDCDDABCDABCABDBACBDCAADDCBCABACBCCABCACBCCCCCBDBACACBBCBCBACCACADAACCCBABADBCCAAABBCCBB	['B1A', 'C2A', 'C3A', 'B64C']	4	-4.1068435	-7.7615337	-9.941504	-2.1799698
AAADDDCDCDDDDCDDABCDABCABDBACBDCAADDCBCABACBCCABCACBCCCCCBDBACACBBCBCBACCACADAACCCBABADBCCAAABBCCBB	['B1A', 'C2A', 'C3A', 'B64C']	4	-4.1068435	-7.7615337	-9.941504	-2.1799698
BCCDDDCDCDDDDCCDABDDABCABDBACBDCAACACBCABACBCCABCACBCCCCCBDBACDDBBCBCBACCACADAACCCBABADBCCAAABBCCBB	['D15C', 'C19D', 'D35C', 'D36A', 'A63D', 'B64D']	6	-4.1085443	-8.753572	-10.93524	-2.1816673
BCCDDDCDCDDDDCDDABCDABCABDBACBDCAACACBCABACBCCABCACBCCCCDBDBACDBBBCBCBACCACACAACCCBABADBCCAABBBCCBB	['D35C', 'D36A', 'C57D', 'A63D', 'D77C', 'A93B']	6	-4.1093116	-10.172654	-12.355091	-2.182437
BCCDDDCDCDDDDCDDABCDABCABDBACBDCAACACBCABACBCCABCACBCCCCDBDBACDBBBCBCBACCACACAACCCBABADBCCAABBBCCBB	['D35C', 'D36A', 'C57D', 'A63D', 'D77C', 'A93B']	6	-4.1093116	-10.172654	-12.355091	-2.182437
BCCDDDCDCDDADCCDABBCABCABDBACBDCAACABBCABACBCCABCACBCCCCCBDBACABBBCBCBACCACADAACCCBABADBCCADABBDCBB	['D12A', 'D15C', 'C19B', 'D20C', 'D35C', 'D36A', 'C37B', 'A92D', 'C96D']	9	-4.110795	-7.734067	-9.917989	-2.1839218
BCCDDDCDCDDDBACDABBDABCABDBACBDCAADDCBCABACBCCABCACBCCCCDBDBACDBBBCBABACCACADAACCCBABADBCBAAABBCCBB	['D13B', 'C14A', 'D15C', 'C19B', 'C57D', 'A63D', 'C69A', 'C90B']	8	-4.111323	-8.386507	-10.570953	-2.1844463
BCCDDDCDCDDDDCDDABCDABCABDBACBDCAACACBCACACBCCABCACBCCCCABDBADCBBBCBCBACCACADAACCCBABADBCCAAABBCCBB	['D35C', 'D36A', 'B41C', 'C57A', 'C62D', 'A63C']	6	-4.114931	-9.405609	-11.593666	-2.188057
BCCDDDCDCDDDDCDDABCDABCABDBACBDCAACDCBCACACBCCABCACBCCCCCBDBACDBBBCBCBACCACADAACCCBABADBCCAAABBCCBB	['D35C', 'B41C', 'A63D']	3	-4.115698	-9.245312	-11.434134	-2.1888218
BCCDDDCDCDDDDCCDABCDABCABDBACBDCAACDBBCABACBCCABCACBCCCCDBDBACDBBBCBCBACCACADAACCCBABADBCCAABBBCCBB	['D15C', 'D35C', 'C37B', 'C57D', 'A63D', 'A93B']	6	-4.1184926	-9.709888	-11.901511	-2.1916227
BCCDDDCDCDDDDCDDABCDABCABDBACBDCAADACBCABACBCCABCACBCCCCCBDBACBBBBCBCBACCACADAACCCBABADBCCAAABBCCBB	['D36A', 'A63B']	2	-4.1199183	-8.321457	-10.5145	-2.1930428
BCCDDDCDCDDDDCDDABCDABCABDBACBDCAADDCBCABACBCDABCACBCCCCCBDBACDBBBCBCBACCACACAACCCBABADBCBADBBBCCBB	['C46D', 'A63D', 'D77C', 'C90B', 'A92D', 'A93B']	6	-4.120597	-8.54574	-10.739463	-2.1937227
AAADDDCDCDDDDCDDABCDABCABDBACBDCAADDCBCABACBCCABCACBCCCCCBDBADBBBBCBCBACCACACAACCCBABADBCCAABBBCCBB	['B1A', 'C2A', 'C3A', 'C62D', 'A63B', 'D77C', 'A93B']	7	-4.1211047	-9.078569	-11.2728	-2.194231
BCCDDDCDCDDDDDCDABCDABCABDBACBDCAADDBBCABACBCCABCACBCCCCCBDBADDBBBCCCBBCCACADAACCCBABADBCCAABBBCCBA	['C14D', 'D15C', 'C37B', 'C62D', 'A63D', 'B68C', 'A71B', 'A93B', 'B99A']	9	-4.1219153	-8.836467	-11.031505	-2.1950378
BCCDDDCDCDDDDCDDABDDABCABDBACBDCCADDABAACACBCCABCACBCBCCCBDBACDBBBCBCBACCACADAACCDBABADBCCAABBBCCBB	['C19D', 'A33C', 'C37A', 'C39A', 'B41C', 'C54B', 'A63D', 'C82D', 'A93B']	9	-3.4105363	-8.393566	-10.588715	-2.1951485
BCCDDDCDCADDDDCDABCDABCABDBACBDCAADDABCABACBCCABCACBCCCCCBDBACACBBCBCBACCACADAACCCBABADBCCAAABBCCBB	['D10A', 'C14D', 'D15C', 'C37A', 'B64C']	5	-4.123742	-6.036183	-8.233058	-2.196875
BCCDDDCDCDDDDDDDABCDABCABDBACBDCAACDBBCABACBCCABCACBCCCCCBDBADDBBBCBCBCBCACACAACCCBABADBCCAABBBCCBB	['C14D', 'D35C', 'C37B', 'C62D', 'A63D', 'A71C', 'C72B', 'D77C', 'A93B']	9	-4.123778	-8.562577	-10.759481	-2.1969042
BCCDDDCDCDDDDDDDABCDABCABDBACBDCAACDBBCABACBCCABCACBCCCCCBDBADDBBBCBCBCBCACACAACCCBABADBCCAABBBCCBB	['C14D', 'D35C', 'C37B', 'C62D', 'A63D', 'A71C', 'C72B', 'D77C', 'A93B']	9	-4.123778	-8.562577	-10.759481	-2.1969042
AAADDDCDCDDDDCDDABCDABCABDBACBDCAADDABCACACBCCABCACBCCCCCBDCCCACBBCBCBACCACADAACCCBABADBCCAAABBCCBB	['B1A', 'C2A', 'C3A', 'C37A', 'B41C', 'B60C', 'A61C', 'B64C']	8	-4.124438	-7.4734235	-9.670989	-2.1975656
BCCDDDCDCDDDDDDDABCDABCABDBACBDCAADDCBCACACBCDABCACBCCCCCBDBACDBBBCBCBACCACADAACCCBABADBCCAAABBCCBB	['C14D', 'B41C', 'C46D', 'A63D']	4	-4.124458	-8.447951	-10.6455345	-2.1975832
BCCDDDCDCDDDDCDDABCDABCABDBACBDCAADDCBCACABBCCABCACBCCCCCBDBADCBBBCBCBBCCACACAACCCBABADBCBAABBBCCBB	['B41C', 'C43B', 'C62D', 'A63C', 'A71B', 'D77C', 'C90B', 'A93B']	8	-4.1248035	-9.301447	-11.499373	-2.1979265
BCCDDDCDCDDDBCDDABCDABCABDBACBDCAADACBCABACBCCABCACBCCCCCBDBACDBBBCBCBACCACADAACCCBABADBCCAAABBCCBB	['D13B', 'D36A', 'A63D']	3	-4.1248813	-7.9497833	-10.147791	-2.1980076
BCCDDDCDCDDDBCDDABCDABCABDBACBDCAADACBCABACBCCABCACBCCCCCBDBACDBBBCBCBACCACADAACCCBABADBCCAAABBCCBB	['D13B', 'D36A', 'A63D']	3	-4.1248813	-7.9497833	-10.147791	-2.1980076
BCCDDDCDCDDDDCDDABCDABCABDBACBDCAACDCBCABACBCCABCACBCCCCDBDBACDCBBCBCBACCACADAACCCBABADBCCAAABBCCBB	['D35C', 'C57D', 'A63D', 'B64C']	4	-4.1259217	-9.067348	-11.266395	-2.199047
BCCDDDCDCDDCDCDDABBDABCABDBACBDCAADDABCABACBCCABCACBCCCCCBDBACDBBBCBCBACCADADAACCCBACADBCCAABBBCCBB	['D12C', 'C19B', 'C37A', 'A63D', 'C75D', 'B85C', 'A93B']	7	-4.126707	-7.8646092	-10.064444	-2.1998343
BCCDDDCDCDDDDCCDABCDABCABDBACBDCAADDCBCABACBCCABCACBCCCCCBDBADABBBCBCBCCCACADAACCCBABADBCCAABBBCCBB	['D15C', 'C62D', 'A71C', 'A93B']	4	-4.1271167	-9.402181	-11.602425	-2.200244
BCCDDDCDCDDDDCDDABCDABCABDBACBDCAADDCBAABACBCCABCACBCCCCCBDBACDBBBCBCBCCCACADAACCCBABADBCCAAABBCCBB	['C39A', 'A63D', 'A71C']	3	-4.128943	-8.576286	-10.7783575	-2.2020712
BCCDDDCDCCABBCCDABCAABCABDBACBDDADDAABCACACBCCBBCACBCCCCCBDBADDBBBCBCBCABACADAACCCBABADBCBAAABBCCBB	['D10C', 'D11A', 'D12B', 'D13B', 'D15C', 'D20A', 'C32D', 'A34D', 'D36A', 'C37A', 'B41C', 'A47B', 'C62D', 'A63D', 'A71C', 'C72A', 'C73B', 'C90B']	18	-4.1291895	-7.2543855	-9.456699	-2.202314
BCCDDDCDCDDDDCCDBBCDABCABDBACDDCAADBCBCABACBCBABCACBCCCCCBDBACDBBBCBCBACCACADAACCCBABADBCCAAABBCCBB	['D15C', 'A17B', 'B30D', 'D36B', 'C46B', 'A63D']	6	-4.129367	-10.386611	-12.589104	-2.2024927
BCCDDDCDCDDDDCCDABCDABCABDBACBDCAACACBCABACBCCABCACBCCCCCBDBADCBBBCBCBACCACADAACCCBABADBCCAABBBCCBB	['D15C', 'D35C', 'D36A', 'C62D', 'A63C', 'A93B']	6	-4.132235	-9.72863	-11.933988	-2.2053576
BCCDDDCDCCDBDDDDABCDABCABDBACBDCAADDCBCACACBCCABCACBCCCCCBDBACDBBBCBCBACCACADAACCCBABADBCCAAABBDCBB	['D10C', 'D12B', 'C14D', 'B41C', 'A63D', 'C96D']	6	-4.1326594	-6.979946	-9.185733	-2.2057867
BCCDDDCDCDDDDCDDABCDABCABDBACBDCAACACBCABACBCCABCACBCCCCCBDBACACBBCBCBACCACADAACCCBABADBCCAAABBCCBB	['D35C', 'D36A', 'B64C']	3	-4.1331196	-8.38645	-10.592692	-2.2062426
BCCDDDCDCDDADCCDABBDABCABDBACBDCAACACBCABACBCCABCACBCCCCCBDBADCBBBCBCBADCACACAACCDBABADBDCAAABBCCBB	['D12A', 'D15C', 'C19B', 'D35C', 'D36A', 'C62D', 'A63C', 'C72D', 'D77C', 'C82D', 'C89D']	11	-4.1347246	-10.060362	-12.268207	-2.2078447
BCCDDDCDCDDDDCDDABCDABCABDBACBDCAACDBBCABACBCCABCACBCCCCCBDBACCBBBCBCBACCACADAACCDBABADBCCAAABBCCBB	['D35C', 'C37B', 'A63C', 'C82D']	4	-4.1353054	-7.957861	-10.166296	-2.208435
BCCDDDCDCDDDDCCDABCDABCABDBACBDCAACABBCABACBCCABCACBCCCCDBDBACDBDBCBCBACCACADAACCCBABADBCCAAABBCCBB	['D15C', 'D35C', 'D36A', 'C37B', 'C57D', 'A63D', 'B65D']	7	-4.1356635	-9.784399	-11.993189	-2.2087898
BCCDDDCDCDDDDCDDABBDABCABDBACBDCAADDCBCABACBCCABCACBCCCCCBDBACBBBBCBCBBCCACACADCCCBABADBCCAABBBCCBB	['C19B', 'A63B', 'A71B', 'D77C', 'A79D', 'A93B']	6	-4.136464	-6.871929	-9.08152	-2.209591
BCCDDDCDCDDDDCDDBBCDABCABDBACBDCAACDCBCABACBCCABCACBCCCCCBDBACDBBBCBCBACCACADAACCCBABADBCCAAABBCCBB	['A17B', 'D35C', 'A63D']	3	-4.136762	-9.05951	-11.2694	-2.2098894
BCCDDDCDCDDDDACDABADABCABDBACBDCAADDCBCABACBCCABCACBCCCCCBDCCDDCBBCBCBACCACADAACCCBABADBCCAABBBCCBB	['C14A', 'D15C', 'C19A', 'B60C', 'A61C', 'C62D', 'A63D', 'B64C', 'A93B']	9	-4.137168	-8.372398	-10.582687	-2.210289
BCCDDDCDCDDDDCDDABBDABCABDBACBDCAACDBBCABACBCCABCACBCCCCCBDBACCBBBCBCBCCCACADAACCCBABADBCCAAABBCCBB	['C19B', 'D35C', 'C37B', 'A63C', 'A71C']	5	-4.13787	-6.920256	-9.131254	-2.210998
BCCDDDCDCDDDDCCDABCDABCABDBACBDCAADACBCACACBCCABCACBCCCCCBDBACABBBCBCBACCACADAACCCBABADBCCAAABBCCBB	['D15C', 'D36A', 'B41C']	3	-4.1386347	-9.4982815	-11.71004	-2.2117586
BCCDDDCDCDDDDCCDABCDABCABDBACBDCAADACBCACACBCCABCACBCCCCCBDBACABBBCBCBACCACADAACCCBABADBCCAAABBCCBB	['D15C', 'D36A', 'B41C']	3	-4.1386347	-9.4982815	-11.71004	-2.2117586
BCCDDDCDCDDDDCCDABCDABCABDBACBDCAADACBCACACBCCABCACBCCCCCBDBACABBBCBCBACCACADAACCCBABADBCCAAABBCCBB	['D15C', 'D36A', 'B41C']	3	-4.1386347	-9.4982815	-11.71004	-2.2117586
BCCDDDCDCDDDDCCDABADABCABDBACBDCAACDABCABACBCCABCACBCCCCCBDBACDBBBCBCBACCACADAACCCBABADBCCAAABBCCBB	['D15C', 'C19A', 'D35C', 'C37A', 'A63D']	5	-4.138765	-8.602513	-10.814408	-2.211895
BCCDDDCDCDDDDCCDABADABCABDBACBDCAACDABCABACBCCABCACBCCCCCBDBACDBBBCBCBACCACADAACCCBABADBCCAAABBCCBB	['D15C', 'C19A', 'D35C', 'C37A', 'A63D']	5	-4.138765	-8.602513	-10.814408	-2.211895
BCCDDDCDCDDDDCCDABADABCABDBACBDCAACDABCABACBCCABCACBCCCCCBDBACDBBBCBCBACCACADAACCCBABADBCCAAABBCCBB	['D15C', 'C19A', 'D35C', 'C37A', 'A63D']	5	-4.138765	-8.602513	-10.814408	-2.211895
BCCDDDCDCDDDDCCDABADABCABDBACBDCAACDABCABACBCCABCACBCCCCCBDBACDBBBCBCBACCACADAACCCBABADBCCAAABBCCBB	['D15C', 'C19A', 'D35C', 'C37A', 'A63D']	5	-4.138765	-8.602513	-10.814408	-2.211895
AAADDDCDCDDDDCDDABCDABCABDBACBDCDADDABCACACBCCABCACBCCCCCBDBACACBBCBCBACCACADAACCCBABADBCCAABBBCCBB	['B1A', 'C2A', 'C3A', 'A33D', 'C37A', 'B41C', 'B64C', 'A93B']	8	-4.1389966	-7.338173	-9.5503	-2.2121267
BCCDDDCDCDDDDCCDABADABCABDBACDDCAACDBBCABADBCCABCACBCCCCCBDBACDBBBCBCBACCACADAACCCBABADBCCAAABBCCBB	['D15C', 'C19A', 'B30D', 'D35C', 'C37B', 'C43D', 'A63D']	7	-4.1397967	-8.812239	-11.025162	-2.212923
AAADDDCDCDDDDCDDABCDABCABDBACBDCAADDABCACACBCCABCACBCCCCCBDBACDBBBCBCBACCACACAACCCBABADBCCAABBBCCBB	['B1A', 'C2A', 'C3A', 'C37A', 'B41C', 'A63D', 'D77C', 'A93B']	8	-4.1413326	-8.711152	-10.92561	-2.2144575
BCCDDDCDCCDDDDCDABCDABCABDBACBDCAADDABCABACBCCABCACBCCCCCBDBACABBBCBBBACCACADAACCCBABADBCCAAABBCCBB	['D10C', 'C14D', 'D15C', 'C37A', 'C69B']	5	-4.141737	-5.847021	-8.06189	-2.2148685
BCCDDDCDCDDDDCDDABCDABCABDBACBDCAACDBBCABACBCCABCACBCCCCDBDCACDBBBABCBACCACACAACCCBABADBCCAAABBCCBB	['D35C', 'C37B', 'C57D', 'B60C', 'A63D', 'C67A', 'D77C']	7	-4.1422033	-8.260389	-10.475726	-2.2153368
BCCDDDCDCDDCBDDDABCDABCABDBACBDCAADDCBCABACBCCABCACBCCCCCBDBACDBBBCBCBACCACADAACCCBABADBCCAAABBCCBB	['D12C', 'D13B', 'C14D', 'A63D']	4	-4.142223	-7.098616	-9.313964	-2.2153478
BCCDDDCDCDDDBCDDABCDABCABDBACBDCAADDBBCABACBCCABCACBCCCCCBDBADDBBBCBCBACCBCADAACCCBABADBCCAAABBCCBB	['D13B', 'C37B', 'C62D', 'A63D', 'A74B']	5	-4.145253	-7.473	-9.691381	-2.2183814
BCCDDDCDCDDDDCDDBBCDABCABDBACBDCAADDCBCABACBCCABCACBCCCCDBDBACDBBBCBCCACCACADAACCCBABADBBCAAABDCCBB	['A17B', 'C57D', 'A63D', 'B70C', 'C89B', 'B95D']	6	-4.1458693	-9.627849	-11.846848	-2.218999
BCCDDDCDCDDDDCDDABCCABCABDBACDDCAACABBCACACBCCABCACBCCCCCBDBADACBBCBCBACCACACAACCCBABADCCCAAABBCCBB	['D20C', 'B30D', 'D35C', 'D36A', 'C37B', 'B41C', 'C62D', 'B64C', 'D77C', 'B88C']	10	-4.1463494	-8.66701	-10.886484	-2.2194738
BCCDDDCDCDDDDCDDABCDABCABDBACBDCAADDABCABACBCCABCACBCCCCDBDBACDCBBCBCBACCACADAACCCBABADBCBAAABBCCBB	['C37A', 'C57D', 'A63D', 'B64C', 'C90B']	5	-4.146469	-8.450763	-10.670361	-2.2195978
BCCDDDCDCDDDDDDDABCDABCABDBACBDCAACDCBCABACBCCABCACBCCCCCBDBACDCBBCBCBACCACADAACCCBABADBCCAAABBCCBB	['C14D', 'D35C', 'A63D', 'B64C']	4	-4.1465573	-8.056643	-10.276324	-2.2196817
BCCDDDCDCDDBDCDDABCDABCABDBACBDCAADACBCABACBCCABCACBCCCCCBDBADDBBBCBCBACCACADAACCCBABADBCCAAABBCCBB	['D12B', 'D36A', 'C62D', 'A63D']	4	-4.1472135	-8.68837	-10.908705	-2.220335
BCCDDDCDCDDDDCDDABCDABCABDBACBDCAADDBBCABACBCCABCACBCCDCDBDBACDBBBCBBBCCCACACAACCCBABADBCCAAABBCCBB	['C37B', 'C55D', 'C57D', 'A63D', 'C69B', 'A71C', 'D77C']	7	-4.1472087	-6.8234057	-9.043743	-2.2203374
BCCDDDCDCDDDDCDDABCDABCABDBACDDCBACACBCABACBCCABCACBCCCCCBDBADDDBBCBCBACCACADAACCCBABADBCCAAABBCCBB	['B30D', 'A33B', 'D35C', 'D36A', 'C62D', 'A63D', 'B64D']	7	-4.147575	-8.751043	-10.971738	-2.2206945
BCCDDDCDCDDDDCDDABCDABCABDBACBDCAACDCBCABACBCCABCACBCCCCCBDBACDCBBCBCBACCACADAACCCBABADBCCAAABBCCBB	['D35C', 'A63D', 'B64C']	3	-4.148075	-8.409208	-10.630407	-2.221199
BCCDDDCDCDDDDCDDABCDABCABDBACBDCAACDCBCABACBCCABCACBCCCCCBDBACDCBBCBCBACCACADAACCCBABADBCCAAABBCCBB	['D35C', 'A63D', 'B64C']	3	-4.148075	-8.409208	-10.630407	-2.221199
BCCDDDCDCDDDDCDDABCDABCABDBACBDCAACDCBCABACBCCABCACBCCCCCBDBACDCBBCBCBACCACADAACCCBABADBCCAAABBCCBB	['D35C', 'A63D', 'B64C']	3	-4.148075	-8.409208	-10.630407	-2.221199
BCCDDDCDCDDDDCDDABCDABCABDBACBDCAACDCBCABACBCCABCACBCCCCCBDBACDCBBCBCBACCACADAACCCBABADBCCAAABBCCBB	['D35C', 'A63D', 'B64C']	3	-4.148075	-8.409208	-10.630407	-2.221199
BCCDDDCDCDDDDCCDABCDABCABDBACBDCAACDCBCABACBCCABCACBCCCCCBDBACDBBBCBCBACCACADAACCCBABADBCCAAABBCCBB	['D15C', 'D35C', 'A63D']	3	-4.1483183	-9.51186	-11.733306	-2.221446
BCCDDDCDCDDDDCCDABCDABCABDBACBDCAACDCBCABACBCCABCACBCCCCCBDBACDBBBCBCBACCACADAACCCBABADBCCAAABBCCBB	['D15C', 'D35C', 'A63D']	3	-4.1483183	-9.51186	-11.733306	-2.221446
BCCDDDCDCDDDDCCDABCDABCABDBACBDCAACDCBCABACBCCABCACBCCCCCBDBACDBBBCBCBACCACADAACCCBABADBCCAAABBCCBB	['D15C', 'D35C', 'A63D']	3	-4.1483183	-9.51186	-11.733306	-2.221446
BCCDDDCDCDDDDCCDABCDABCABDBACBDCAACDCBCABACBCCABCACBCCCCCBDBACDBBBCBCBACCACADAACCCBABADBCCAAABBCCBB	['D15C', 'D35C', 'A63D']	3	-4.1483183	-9.51186	-11.733306	-2.221446
BCCDDDCDCDDDDCDDABCDABCABDBACBDCAACDBBCABACBCCABCACBCCCCDBDBACABBBCBCBCCCACADAACCCBABADBCCAABBBCCBB	['D35C', 'C37B', 'C57D', 'A71C', 'A93B']	5	-4.149696	-8.5505085	-10.773336	-2.222828
AAADDDCDCDDDDDDDABCDABCABDBACBDCAADDCBBABACBCCABCACBCCCCDBDBCCDDBBCBCBBCCACACAACCCBABADBCCAABBBCCBB	['B1A', 'C2A', 'C3A', 'C14D', 'C39B', 'C57D', 'A61C', 'A63D', 'B64D', 'A71B', 'D77C', 'A93B']	12	-4.1504974	-8.611331	-10.834953	-2.2236223
BCCDDDCDCCDDDCBDABCDABCABDBACDDCCADDCBCABACBCCABCACBCCCCCBDBCCDBBBCBCBACCACADAACCCBABADCCCAAABBCCBB	['D10C', 'D15B', 'B30D', 'A33C', 'A61C', 'A63D', 'B88C']	7	-4.1517563	-8.132778	-10.357663	-2.224885
BCCDDDCDCCDDDCDDABCDABCABDBACBDCAADDCBCACABBCCABCACBCCCCCBDBADDBBBCBCBACBACACAACCCBABADBCCAABBBCCBB	['D10C', 'B41C', 'C43B', 'C62D', 'A63D', 'C73B', 'D77C', 'A93B']	8	-4.1520934	-10.107985	-12.333206	-2.2252216
BCCDDDCDCDDDDCDDABCDABCABDBACBDCAACDABCABACBCCABCACBCCCCDBDBACDBBBCBCBCCCACACAACCCBABADBCCAAABBCCBB	['D35C', 'C37A', 'C57D', 'A63D', 'A71C', 'D77C']	6	-4.1532655	-8.89781	-11.124207	-2.2263966
BCCDDDCDCDDDDCDDABCDABCABDBACBDCAACDABCABACBCCABCACBCCCCDBDBACDBBBCBCBCCCACACAACCCBABADBCCAAABBCCBB	['D35C', 'C37A', 'C57D', 'A63D', 'A71C', 'D77C']	6	-4.1532655	-8.89781	-11.124207	-2.2263966
BCCDDDCDCCDDDCDDABCDABCABDBACBDCAADDCBCABACBCCABCACBCCCCCBDBACDCBBCBCBABBACACAACCCBABADBCCAABBBCCBB	['D10C', 'A63D', 'B64C', 'C72B', 'C73B', 'D77C', 'A93B']	7	-4.154183	-8.592468	-10.819779	-2.2273111
BCCDDDCDCDDDDCDDABCDABCABDBACBDCAADDCBCACACBCCABCACBCCCCCBDCACDBBBCBCBACCACACAACCCBABADBCCAABBBCCBB	['B41C', 'B60C', 'A63D', 'D77C', 'A93B']	5	-4.155848	-9.16405	-11.393028	-2.2289782
BCCDDDCDCDDDDCDDABCDABCABDBACBDCAADDCBCACACBCCABCACBCCCCCBDCACDBBBCBCBACCACACAACCCBABADBCCAABBBCCBB	['B41C', 'B60C', 'A63D', 'D77C', 'A93B']	5	-4.155848	-9.16405	-11.393028	-2.2289782
BCCDDDCDCDDDDCDDABCDABCABDBACBDCAADDCBCACACBCCABCACBCCCCCBDCACDBBBCBCBACCACACAACCCBABADBCCAABBBCCBB	['B41C', 'B60C', 'A63D', 'D77C', 'A93B']	5	-4.155848	-9.16405	-11.393028	-2.2289782
BCCDDDCDCDDDDCDDABCDABCABDBACBDCAADDCBCACACBCCABCACBCCCCCBDCACDBBBCBCBACCACACAACCCBABADBCCAABBBCCBB	['B41C', 'B60C', 'A63D', 'D77C', 'A93B']	5	-4.155848	-9.16405	-11.393028	-2.2289782
BCCDDDCDCDDDDCDDABCDABCABDBACBDCAADDCBCACACBCCABCACBCCCCCBDCACDBBBCBCBACCACACAACCCBABADBCCAABBBCCBB	['B41C', 'B60C', 'A63D', 'D77C', 'A93B']	5	-4.155848	-9.16405	-11.393028	-2.2289782
BCCDDDCDCADDDCCDABBDABCABDBACBDCAADDCBCABACBCCABCACBCCCCCBDBACCBBBCBCBACCBCACAACCCBABADBCCAAABBCCBB	['D10A', 'D15C', 'C19B', 'A63C', 'A74B', 'D77C']	6	-4.155859	-6.710091	-8.939082	-2.228991
BCCDDDCDCCDDDCDDABCDABCABDBACBDCAADDCBCACACBCCABCACBCCCCCBDBACCBBBCBCCACCACADAACCCBABADBCCAABBBCCBB	['D10C', 'B41C', 'A63C', 'B70C', 'A93B']	5	-4.156723	-7.072194	-9.302048	-2.2298536
AAADDDCDCDDBDCDDABDDABCABDBACBDCAADDCBCABACBCCABCACBCCCCCBDBACDBBBCBCBACCACACAACCCBABADBCCAABBBCCBB	['B1A', 'C2A', 'C3A', 'D12B', 'C19D', 'A63D', 'D77C', 'A93B']	8	-4.157305	-8.0092535	-10.239684	-2.2304306
BCCDDDCDCDDDDCDDABCDABCABDBACBDCAADDCBCACACBCCABCACBCCCCCBDCACACBBCBCBACCACADAACCCBABADBCCAAABBCCBB	['B41C', 'B60C', 'B64C']	3	-4.157503	-8.035988	-10.266618	-2.23063
BCCDDDCDCDDBDCDDABCDABCABDBACBDCAACACBCABACBCCABCACBCCCCCBDBACDBBBCBCBACCACADAACCCBABADBCCAAABBCCBB	['D12B', 'D35C', 'D36A', 'A63D']	4	-4.160261	-8.479235	-10.712621	-2.233386
BCCDDDCDCDDDDCDDABCDABCABDBACBDCAADDCBCABACBCCABCACBCCCCCBDBADBBBBCBCBCCCACACAACCCBABADBCCAAABBCCBB	['C62D', 'A63B', 'A71C', 'D77C']	4	-4.1604624	-8.616268	-10.849857	-2.2335892
BCCDDDCDCDDDBCDDABCDABCABDBACBDCAADDABCABACBCCABCACBCCCCDBDBACDBBBCBCBACCACADAACCDBABADBCCAAABBCCBB	['D13B', 'C37A', 'C57D', 'A63D', 'C82D']	5	-4.1629066	-8.385666	-10.621696	-2.2360306
BCCDDDCDCADDBCDDABCDABCABDBACBDCAADDCBCACACBCCABCACBCCCCCBDCCCDBBBCBDBACCACADAACCCBABADBCCAAABBCCBB	['D10A', 'D13B', 'B41C', 'B60C', 'A61C', 'A63D', 'C69D']	7	-4.163102	-6.708455	-8.944688	-2.2362328
BCCDDDCDCCDDBCCDABADABCABDBACBDCAADDCBCABACBCCABCACBCCCCCBDBACACDBCBCBACCACADAACCCBABADBCCAAABBCCBB	['D10C', 'D13B', 'D15C', 'C19A', 'B64C', 'B65D']	6	-4.163844	-6.4464655	-8.683443	-2.2369776
BCCDDDCDCCDBDCDDABCDABCABDBACBDCAADDCBCABACBCCABCACBCCCCCBDBACACBBCBCBACCACADAACCCBABADBCCAABBBCCBB	['D10C', 'D12B', 'B64C', 'A93B']	4	-4.165115	-6.4528856	-8.69113	-2.238244
AAADDDCDCDDDDCDDABBDABCABDBACBDCAADDCBCABACBCCABCACBCCCCCBDBACABBBCBCBACCACADAACCCBABADBCCAAABBCCBB	['B1A', 'C2A', 'C3A', 'C19B']	4	-4.165231	-8.038601	-10.2769575	-2.2383566
BCCDDDCDCDDDDCDDABCDABCABDBACBDCAACDABCABACBCCABCACBCCCCCBDBADDCBBCBCBACCACADAACCCBABADBCCAAABBCCBB	['D35C', 'C37A', 'C62D', 'A63D', 'B64C']	5	-4.1658998	-8.430716	-10.669738	-2.2390223
BCCDDDCDCDDDDCDDABDDABCABDBACBDCAADDCBCABACBCCABCACBCCCCDBDBADABBBCBCBCCCACACAACCCBABADBCCAABBBCCBB	['C19D', 'C57D', 'C62D', 'A71C', 'D77C', 'A93B']	6	-4.167639	-9.374688	-11.615457	-2.2407684
BCCDDDCDCDDDDCDDABBDABCABDBACBDCAACACBCABACBCCABCACBCCCCDBDBACABBBCBCBACCACADAACCCBABADBCCAAABBCCBB	['C19B', 'D35C', 'D36A', 'C57D']	4	-4.1693544	-9.321657	-11.564139	-2.2424822
BCCDDDCDCDDDDCDDABCDABCABDBACBDCAACDCBCABACBCCABCACBCCCCCBDBACDABBCBABACCACADAACCCBABADBCCAAABBCCBB	['D35C', 'A63D', 'B64A', 'C69A']	4	-4.1703916	-7.3523083	-9.595825	-2.243517
BCCDDDCDCDDDDCDDABCDABCABDBACBDCAACDCBCABACBCCABCACBCCCCCBDBACDABBCBABACCACADAACCCBABADBCCAAABBCCBB	['D35C', 'A63D', 'B64A', 'C69A']	4	-4.1703916	-7.3523083	-9.595825	-2.243517
BCCDDDCDCDDDDCCDABCDABCABDBACBDCAADACBCABACBCCABCACBCCCCCBDBACACBBCBCBACCACADAACCCBABADBCCAAABBCCBB	['D15C', 'D36A', 'B64C']	3	-4.171011	-8.662178	-10.906315	-2.2441368
BCCDDDCDCDDDDCCDABCDABCABDBACBDCAADACBCABACBCCABCACBCCCCCBDBACACBBCBCBACCACADAACCCBABADBCCAAABBCCBB	['D15C', 'D36A', 'B64C']	3	-4.171011	-8.662178	-10.906315	-2.2441368
BCCDDDCDCDDDDCDDABCDABCABDBACBDCAADDCBCABACBCCABCACBCCCCCBDBACDBBBCBABACCACADAACCCBABADBCCAAABBCCBB	['A63D', 'C69A']	2	-4.1719046	-8.40139	-10.646422	-2.2450323
BCCDDDCDCADDDCCDABCDABCABDBACBDCAADDBBCABACBCCABCACBCCCCCBDBADCBBBCBCBACCACACAACCCBABADBCCAAABBCCBB	['D10A', 'D15C', 'C37B', 'C62D', 'A63C', 'D77C']	6	-4.1719785	-6.999612	-9.2447195	-2.2451077
BCCDDDCDCDDDDCCDABCDABCABDBACBDCAACDBBCABACBCCABCACBCCDCCBDBACDBBBCBBBACCACADAACCCBABADBCCAAABBCCBB	['D15C', 'D35C', 'C37B', 'C55D', 'A63D', 'C69B']	6	-4.173134	-7.2498283	-9.496092	-2.2462635
BCCDDDCDCDDDDCDDABCDABCABDBACBDCAADDCBCACACBCCABCACBCCCCCBDBADDBBBCBCBACCACADAACCCBABADBCCAABBBCCBB	['B41C', 'C62D', 'A63D', 'A93B']	4	-4.1736183	-9.680771	-11.92751	-2.2467394
BCCDDDCDCDDBBCDDABBDABCABDBACBDCAADACBCABACBCCABCACBCCDCDBDBACDCBBCBCBACCACADAACCCBABADBCCAAABBCCBB	['D12B', 'D13B', 'C19B', 'D36A', 'C55D', 'C57D', 'A63D', 'B64C']	8	-4.17366	-6.9360585	-9.182846	-2.2467875
BCCDDDCDCDDDBDDDABCDABCABDBACBDCAACDABCACACBCCABCACBCCCCCBDBACDBBBCBCBADCACADAACCCBABADBCCAAABACCBB	['D13B', 'C14D', 'D35C', 'C37A', 'B41C', 'A63D', 'C72D', 'B95A']	8	-4.17388	-7.4904776	-9.737485	-2.2470074
BCCDDDCDCCDDBDDDABCDABCABDBACBDCAADDCBCABACBCCABCACBCCCCCBDBACACBBCBCBACCACACAACCCBABADBCCAAABBCCBB	['D10C', 'D13B', 'C14D', 'B64C', 'D77C']	5	-4.175006	-5.9526	-8.200739	-2.248139
BCCDDDCDCDDDDDCDABCAABCABDBACBDCAACABBCABACBCCABCACBCDCCCBDBADDBBBCBCBBCBACADAACCCBABADBCBAAABBCCBB	['C14D', 'D15C', 'D20A', 'D35C', 'D36A', 'C37B', 'C54D', 'C62D', 'A63D', 'A71B', 'C73B', 'C90B']	12	-2.2485085	-7.42986	-9.678365	-2.2485046
BCCDDDCDCDDDBCDDABDDABCABDBACBDCAADDCBCABACBCCABCACBCCCCCBDBACDBBBCBCBACCCCADAACCCBABADBCCAAABBCCBB	['D13B', 'C19D', 'A63D', 'A74C']	4	-4.1754947	-7.0891337	-9.337755	-2.2486215
AAADDDCDCDDDDCDDABCDABCABDBACBDCAACDCBCABACBCCABCACBCCCCCBDBACDBBBCBDBADCACADAACCCBABADBCCAAABBCCBB	['B1A', 'C2A', 'C3A', 'D35C', 'A63D', 'C69D', 'C72D']	7	-4.175809	-8.702211	-10.951146	-2.2489347
BCCDDDCDCDDCDDDDABCDABCABDBACBDCAADDCBCACACBCCABCACBCCCCCBDBADABBBCBCBACCACADAACCCBABADBCCAABBBCCBB	['D12C', 'C14D', 'B41C', 'C62D', 'A93B']	5	-4.176004	-8.806847	-11.055977	-2.2491302
BCCDDDCDCDDDDCDDABCDABCABDBACBDCAADDCBCABACBCCABCACBCCCCCBDBACDBBBCBCBCBCACADAACCCBABADBCCAAABBCCBB	['A63D', 'A71C', 'C72B']	3	-4.176473	-8.219551	-10.4691515	-2.2496004
BCCDDDCDCDDDDCDDABCDABCABDBACBDCCADDCBCACACBCCABCACBCCCCCBDBACDBBBCBCCACCACADAACCCBABADBCCAABBBCCBB	['A33C', 'B41C', 'A63D', 'B70C', 'A93B']	5	-4.178285	-8.906926	-11.158336	-2.2514095
AAADDDCDCDDDBCCDABCDABCABDBACBDCAADDCBCABACBCCABCACBCCCCCBDBACACBBCBCBACCACADAACCCBABADBCCAAABBCCBB	['B1A', 'C2A', 'C3A', 'D13B', 'D15C', 'B64C']	6	-4.178663	-7.6454253	-9.897218	-2.2517924
BCCDDDCDCDDDDCCCABCDABCABDBACBDCAACDABAACACBCCABCACBCCCCCBDBADDBBBCBCBACCACADAACCCBABADBCCAAABBCCBB	['D15C', 'D16C', 'D35C', 'C37A', 'C39A', 'B41C', 'C62D', 'A63D']	8	-4.179078	-9.523639	-11.775839	-2.2522001
BCCDDDCDCDDBDCDDABCDABCABDBACBDCAACDCBCABACBCCABCACBCCCCCBDCACDBBBCBCBACCACADAACCCBABADBCCAAABBCCBB	['D12B', 'D35C', 'B60C', 'A63D']	4	-4.179373	-8.119592	-10.372093	-2.2525015
BCCDDDCDCDDDDCDDABCDABCABDBACBDCAACDBBCABACBCCABCACBCCCCCBDBACDBBBCBCBACCACADAACCCBABADBCCAAABBCCBB	['D35C', 'C37B', 'A63D']	3	-4.1800027	-8.211181	-10.4643135	-2.2531328
BCCDDDCDCDDDDCDDABCDABCABDBACBDCAACDBBCABACBCCABCACBCCCCCBDBACDBBBCBCBACCACADAACCCBABADBCCAAABBCCBB	['D35C', 'C37B', 'A63D']	3	-4.1800027	-8.211181	-10.4643135	-2.2531328
BCCDDDCDCDDDDCDDABCDABCABDBACBDCAACDBBCABACBCCABCACBCCCCCBDBACDBBBCBCBACCACADAACCCBABADBCCAAABBCCBB	['D35C', 'C37B', 'A63D']	3	-4.1800027	-8.211181	-10.4643135	-2.2531328
BCCDDDCDCDDDDCDDABCDABCABDBACBDCAACDBBCABACBCCABCACBCCCCCBDBACDBBBCBCBACCACADAACCCBABADBCCAAABBCCBB	['D35C', 'C37B', 'A63D']	3	-4.1800027	-8.211181	-10.4643135	-2.2531328
BCCDDDCDCDDDDCDDABCDABCABDBACBDCAADDBBCABACBCCABCACBCCCCCBDCACDBBBCBCBABCACADAACCCBABADBCCAAABBCCBB	['C37B', 'B60C', 'A63D', 'C72B']	4	-4.181112	-7.6958513	-9.950095	-2.2542439
AAADDDCDCDDBBCDDABDDABCABDBACBDCAADDABCABACBCCABCACBCCCCCBDBACDBBBCBCBACCACADAACCCBABADBCCAAABBCCBB	['B1A', 'C2A', 'C3A', 'D12B', 'D13B', 'C19D', 'C37A', 'A63D']	8	-4.1815944	-6.2568936	-8.511619	-2.254725
BCCDDDCDCCDDBCDDABCDABCABDBACBDCDADDBBCABACBCDABCACBCCCCCBDBADABBBCBCBACCACADAACCCBABADACCAAABBCCBB	['D10C', 'D13B', 'A33D', 'C37B', 'C46D', 'C62D', 'B88A']	7	-4.182263	-5.9818645	-8.237254	-2.2553897
BCCDDDCDCDDDBCDDABCDABCABDBACBDCAADDCBCABACBCCABCACBCCCCCBDBACBBBBCBCBACCACADAACCDBABADBCCAAABBCCBB	['D13B', 'A63B', 'C82D']	3	-4.1831517	-7.894989	-10.151266	-2.256277
BCCDDDCDCDDDDCCDABCDABCABDBACBDCAACDABCACACBCCABCACBCCCCCBDBACDBBBCBCBACCACADAACCCBABADBCCAAABBCCBB	['D15C', 'D35C', 'C37A', 'B41C', 'A63D']	5	-4.1844625	-9.333412	-11.5910015	-2.2575893
BCCDDDCDCDDBDCDDABCDABCABDBACBDCAADDCBCACACBCCABCACBCCCCCBDCACDBBBCBCBACCACADAACCCBABADBCCAAABBCCBB	['D12B', 'B41C', 'B60C', 'A63D']	4	-4.1846447	-8.128773	-10.386546	-2.2577734
BCCDDDCDCDDDDCDDABCDABCABDBACBDCAACDBBCABACBCCABCACBCCCCCBDBACABBBCBCBBABACACAACCCBABADBCCAABBBCCBB	['D35C', 'C37B', 'A71B', 'C72A', 'C73B', 'D77C', 'A93B']	7	-4.1847196	-8.7618475	-11.019698	-2.2578506
BCCDDDCDCDDDDCCDABCDABCABDBACBDCAADDCBCABACBCCABCACBCCCCCBDBACDCBBCBCBACCACADAACCCBABADBCCAAABBCCBB	['D15C', 'A63D', 'B64C']	3	-4.1859665	-8.684937	-10.944029	-2.2590923
BCCDDDCDCDDDDCCDABCDABCABDBACBDCAADDCBCABACBCDABCACBCCCCCBDBACDBBBCBCAACCACADAACCCBABADBCCAAABBCCBB	['D15C', 'C46D', 'A63D', 'B70A']	4	-4.1863756	-9.401715	-11.661219	-2.2595034
BCCDDDCDCDDDDCDDABADABCABDBACBDCAADABBCABACBCCABCACBCCCCCBDBACDCDBCBCBACCACADAACCCBABADBCCAABBBCCBB	['C19A', 'D36A', 'C37B', 'A63D', 'B64C', 'B65D', 'A93B']	7	-4.188116	-7.5282116	-9.789455	-2.2612438
BCCDDDCDCDDDDCDDABCDABCABDBACBDCAADDBBCACACBCCABCACBCCCCCBDCACABBBCBCBACCACADAACCCBABADBCCAAABBCCBB	['C37B', 'B41C', 'B60C']	3	-4.18943	-7.83796	-10.100522	-2.2625623
BCCDDDCDCDDDDCDDABCDABCABDBACBDCAACDBBCABACBCCABCACBCCCCCBDBACCBBBCBCBCCCACADAACCCBABADBCCAAABBCCBB	['D35C', 'C37B', 'A63C', 'A71C']	4	-4.1900487	-7.131601	-9.394779	-2.2631783
BCCDDDCDCDDDDCDDABCDABCABDBACBDCAADBCBCABACBCCABCACBCCCCCBDBACACBBCBCBACCACADAACCCBABADBCCAAABBCCBB	['D36B', 'B64C']	2	-4.1900964	-8.295036	-10.558259	-2.2632227
BCCDDDCDCDDDDCDDABBDABCABDBACBDCAACACBCABACBCCABCACBCCCCCBDBACABBBCBCBACCACADAACCCBABADBCCAAABBCCBB	['C19B', 'D35C', 'D36A']	3	-4.1915073	-8.663517	-10.92815	-2.2646332
BCCDDDCDCDDDDCDDABCDABCABDBACDDCAACACBCACACBBCABCACBCCCCCBDBACDBBCCBCBACCACACAACCCBABADCCCAABBBCCBB	['B30D', 'D35C', 'D36A', 'B41C', 'C45B', 'A63D', 'B66C', 'D77C', 'B88C', 'A93B']	10	-4.191757	-10.071095	-12.335977	-2.2648811
BCCDDDCDCDDDBCDDACCAABCABDBACBDCAADDCBCABACBCCDBCACBCCCCCBDBACDBBBCBCBBDCACACAACCCBABADBCBAAABBCCBB	['D13B', 'B18C', 'D20A', 'A47D', 'A63D', 'A71B', 'C72D', 'D77C', 'C90B']	9	-4.193466	-7.2062893	-9.472882	-2.266593
AAADDDCDCDDDDCDDABCDABCABDBACBDCAADDCBCABACBCCABCACBCCCCDBDBACABBBCBCBACCACADAACCCBABADBCCAAABBCCBB	['B1A', 'C2A', 'C3A', 'C57D']	4	-4.1952577	-8.908085	-11.176471	-2.268386
AAADDDCDCDDDDCDDABCDABCABDBACBDCAADDCBCABACBCCABCACBCCCCDBDBACABBBCBCBACCACADAACCCBABADBCCAAABBCCBB	['B1A', 'C2A', 'C3A', 'C57D']	4	-4.1952577	-8.908085	-11.176471	-2.268386
AAADDDCDCDDDDCDDABCDABCABDBACBDCAACDABCABACBCCABCACBCCCCCBDBACDBBBCBCBADCACACAACCCBABADBCCAAABBCCBB	['B1A', 'C2A', 'C3A', 'D35C', 'C37A', 'A63D', 'C72D', 'D77C']	8	-4.1963162	-8.177684	-10.447126	-2.2694426
AAADDDCDCDDDDCDDABCDABCABDBACBDCAACDCBCABACBCCABCACBCCCCCBDBADDDBBCBCBACCACADAACCCBABADBCCAAABBCCBB	['B1A', 'C2A', 'C3A', 'D35C', 'C62D', 'A63D', 'B64D']	7	-4.196736	-8.741512	-11.011368	-2.2698555
BCCDDDCDCDDDDCCDABCDABCABDBACBDCAACDCBCABACBCCABCACBCCCCDBDBACDBBBCBCBACCACADAACCCBABADBCCAABBBCCBB	['D15C', 'D35C', 'C57D', 'A63D', 'A93B']	5	-4.197133	-10.396325	-12.666587	-2.2702618
BCCDDDCDCDDBDCCDABDBABCABDBACBDCAADDCBCABACBCCABCACBCCCCCBDBACDBBBCBBBACCACADAACCCBABADCCCAAABBCCBB	['D12B', 'D15C', 'C19D', 'D20B', 'A63D', 'C69B', 'B88C']	7	-4.1973286	-6.730749	-9.0012045	-2.2704554
BCCDDDCDCCDDDCDDABCDABCABDBACBDDAADDABCABACBCDABCACBCDCCCBDBADDBBBCBCBAACACADAACCBBABADBCCAAABBCCBB	['D10C', 'C32D', 'C37A', 'C46D', 'C54D', 'C62D', 'A63D', 'C72A', 'C82B']	9	-2.271233	-4.724809	-6.9960413	-2.2712321
BCCDDDCDCDDBDCCDABCDABCABDBACBDCAADACBCABACBCCABCACBCCCCCBDBACDBBBCBCBACCACADAACCCBABADBCCAAABBCCBB	['D12B', 'D15C', 'D36A', 'A63D']	4	-4.1981535	-8.754963	-11.026242	-2.2712793
BCCCDDCDCDDDDCDCABCDABCABDBACBDCAADDCBCABACBCCABCACBCCCCCBDBACABBBCBCBACCACADAACCCBABADBCCAAABBCCBB	['D4C', 'D16C']	2	-4.20055	-7.6942773	-9.967953	-2.2736754
BCCDDDCDCDDDDCDDABCDABCABDBACBACAADDCBCACACBCCABCACBCCDCCBDBACACBBCBCBACCBCADAACCCBABADBCBAAABBCCBB	['D31A', 'B41C', 'C55D', 'B64C', 'A74B', 'C90B']	6	-4.201978	-7.899085	-10.174187	-2.2751017
BCCDDDCDCDDDDCDDABCDABCABDBACBDCAACDCBCACACBCCABCACBCCCCCBDBADBBBBCBCBACCACADAACCCBABADBCCAABBBCCBB	['D35C', 'B41C', 'C62D', 'A63B', 'A93B']	5	-4.2025824	-9.660609	-11.936316	-2.2757063
BCCDDDCDCDDDDCDDABCDABCABDBACBDCAACDCBCACACBCCABCACBCCCCCBDBADBBBBCBCBACCACADAACCCBABADBCCAABBBCCBB	['D35C', 'B41C', 'C62D', 'A63B', 'A93B']	5	-4.2025824	-9.660609	-11.936316	-2.2757063
BCCDDDCDCDDBDCCDABBDABCABDBACBDCAADACBCACACBCCABCACBCCCCDBDBDCABBBCBCBACCACADAACCCBABADBCCAAABBCCBB	['D12B', 'D15C', 'C19B', 'D36A', 'B41C', 'C57D', 'A61D']	7	-4.202997	-9.3947315	-11.670856	-2.276125
BCCDDDCDCDDDDCDDABCDABCABDBACBDCAABDBBCABACBCCABCACBCCCCCBDBADCCBBCBBBCDCACACAACCCBABADBCCAABBBCCBB	['D35B', 'C37B', 'C62D', 'A63C', 'B64C', 'C69B', 'A71C', 'C72D', 'D77C', 'A93B']	10	-4.2035494	-6.592972	-8.869646	-2.2766743
BCCDDDCDCDDDDCDDABADABCABDBACBDCAADDCBCABACBCBABCACBCCCCCBDBACABBBCBCBACCACADAACCCBABADBCCAAABBCCBB	['C19A', 'C46B']	2	-4.203566	-8.153276	-10.429975	-2.276698
BCCDDDCDCDDBDCCBABBDABCABDBACBDCAADBABCABACBCCABCACBCCCCCBDBADACBBCBBBACCACADAACCCBABADBCCAAABBCCBB	['D12B', 'D15C', 'D16B', 'C19B', 'D36B', 'C37A', 'C62D', 'B64C', 'C69B']	9	-4.2040777	-6.135057	-8.412263	-2.277206
BCCDDDCDCCDBDCDDABCDABCABDBACBDCAADDCBCABACBCCABCACBCCCCCBDBACABBBCBCBACCACADAACCCBABADBCCAAABBCCBB	['D10C', 'D12B']	2	-4.2047143	-6.714972	-8.992814	-2.277842
BCCDDDCDCDDCDDDDABCDABCABDBACBDCAADDABCABACBCCABCACBCCCCCBDBACBCBBCBCBACCACADAACCCBABADBCCAAABBCCBB	['D12C', 'C14D', 'C37A', 'A63B', 'B64C']	5	-4.2057815	-6.45574	-8.734651	-2.2789106
BCCDDDCDCCDDDCDDABCDABCABDBACBDCAADDCBCABACBCCABCACBCCCCCBDBACCABBCBCBADCACADAACCCBABADBCCAAABBCCBB	['D10C', 'A63C', 'B64A', 'C72D']	4	-4.206068	-5.034378	-7.3135757	-2.2791977
BCCDDDCDCCDDDCDDABCDABCABDBACBDDAADDCBCACACBCDBBCACBCCCCCBDBADDCBBCBCBACCACADAACCCBACADBCBAABBBCCBB	['D10C', 'C32D', 'B41C', 'C46D', 'A47B', 'C62D', 'A63D', 'B64C', 'B85C', 'C90B', 'A93B']	11	-4.207254	-8.631674	-10.912048	-2.2803745
BCCDDDCDCDDADCDDABCDABCABDBACBDCAADDBBCABACBCCABCACBCDCCCBDBCDDBBBCBCBACCACADAACCBBABADBCCAABBBCCBB	['D12A', 'C37B', 'C54D', 'A61C', 'C62D', 'A63D', 'C82B', 'A93B']	8	-2.280933	-7.0094724	-9.290402	-2.28093
BCCDDDCDCDDDDCDDABCDABCABDBACBDCAADACBCABACBCCABCACBCCCCCBDBADCCBBCBCBACCACADAACCCBABADBCCAAABBCCBB	['D36A', 'C62D', 'A63C', 'B64C']	4	-4.20924	-8.06114	-10.343501	-2.282361
BCCDDDCDCADDDCDDBBCDABCABDBACBDCAADDABCABACBBCABCACBCCCCCBDBACDBBBCBCBACCACADAACCCBABADBCCAABBBCCBB	['D10A', 'A17B', 'C37A', 'C45B', 'A63D', 'A93B']	6	-4.210849	-6.611758	-8.895733	-2.2839746
AAADDDCDCDDDDCDDABCDABCABDBACBDCAADDCBCABACBCCABCACBCCCCCBDBACBBBBCBCBACCACACAACCCBABADBCCAAABBCCBB	['B1A', 'C2A', 'C3A', 'A63B', 'D77C']	5	-4.2114	-8.304598	-10.589124	-2.2845259
BCCDDDCDCDDDBCCDABCDABCABDBACBDCAACDBBCABABBCCABCACBCCCCCBDBACDBBBCBCBCCCACADAACCCBABADBCCAAABBCCBB	['D13B', 'D15C', 'D35C', 'C37B', 'C43B', 'A63D', 'A71C']	7	-4.212989	-7.8872867	-10.173402	-2.2861152
BCCDDDCDCDDCBDDDABCDABCABDBACBDCAADDCBCABACBCCABCACBCCCCCBDBACDBBBCBCBACCACADAACCCBABADBCCAABBBCCBB	['D12C', 'D13B', 'C14D', 'A63D', 'A93B']	5	-4.213191	-7.3249416	-9.611257	-2.286315
BCCDDDCDCDDCBCDDABCDABCABDBACBDCAADDCBCABACBCCABCACBCCCCCBDBACDBBBCBCBACCACADAACCCBABADBCCAABBBCCBB	['D12C', 'D13B', 'A63D', 'A93B']	4	-4.214709	-7.6775084	-9.965344	-2.287836
AAADDDCDCDDDDDDDABCDABCABDBACBDCAADDCBCABACBCCABCACBCCCCCBDBACABBBCBCBACCACADAACCCBABADBCCAAABBCCBB	['B1A', 'C2A', 'C3A', 'C14D']	4	-4.2158923	-7.897379	-10.186396	-2.2890167
BCCDDDCDCDDADDCDABCDABCABDBACBDCAACDABCACACBCCABCACBCCCCCBDCACDBBBCBCBACCACADAACCCBABADBCCAAABBCCBB	['D12A', 'C14D', 'D15C', 'D35C', 'C37A', 'B41C', 'B60C', 'A63D']	8	-4.216751	-8.955088	-11.244968	-2.2898808
BCCDDDCDCDDDDCDDABADABCABDBACBDCAADDCBCABACBCCABCACBCCCCCBDBACDBBBCBCBACCACADAACCCBABADBCCAAABBCCBB	['C19A', 'A63D']	2	-4.2182164	-8.175899	-10.467246	-2.2913475
BCCDDDCDCDDDDCDDABADABCABDBACBDCAADDCBCABACBCCABCACBCCCCCBDBACDBBBCBCBACCACADAACCCBABADBCCAAABBCCBB	['C19A', 'A63D']	2	-4.2182164	-8.175899	-10.467246	-2.2913475
BCCDDDCDCDDDDCDDABADABCABDBACBDCAADDCBCABACBCCABCACBCCCCCBDBACDBBBCBCBACCACADAACCCBABADBCCAAABBCCBB	['C19A', 'A63D']	2	-4.2182164	-8.175899	-10.467246	-2.2913475
BCCDDDCDCCDDDCDDABCDABCABDBACDDCAADACBCABACBCCABCACBCCCCCBDBACABBBCBCBACCACADAACCCBABADCCCAAABBCCBB	['D10C', 'B30D', 'D36A', 'B88C']	4	-4.2185845	-7.7226753	-10.014386	-2.2917109
BCCDDDCDCDDDDCDDABCDABCABDBACDDCAADDCBCABACBCBABCACBCCCCCBDBACACBBCBCBBCCACADAACCCBABADBCCAAABBCCBB	['B30D', 'C46B', 'B64C', 'A71B']	4	-4.2197104	-8.197886	-10.490719	-2.2928324
BCCDDDCDCDDBDCDDABBDABCABDBACBDCAACDCBCACABBCCABCACBCCCCCBDBACDBBBCBCBBCCACACAACCCBABADBCCAABBBCCBB	['D12B', 'C19B', 'D35C', 'B41C', 'C43B', 'A63D', 'A71B', 'D77C', 'A93B']	9	-4.2198367	-8.77172	-11.064682	-2.292962
AAADDDCDCDDDDCDDABCDABCABDBACBDCAACDABCABACBCCABCACBCCCCDBDBACBBBBCBCBACCACACAACCCBABADBCCAAABBCCBB	['B1A', 'C2A', 'C3A', 'D35C', 'C37A', 'C57D', 'A63B', 'D77C']	8	-4.2201204	-8.775112	-11.068359	-2.2932472
BCCDDDCDCDBCDCDDABBDABCABDBACBDCAADDABCABACBCCABCACBCCCCCBDBADDBBBBBCBADCACACAACCCBABADBCCAAABBCCBB	['D11B', 'D12C', 'C19B', 'C37A', 'C62D', 'A63D', 'C67B', 'C72D', 'D77C']	9	-4.2205725	-7.1979384	-9.491638	-2.2936997
BCCDDDCDCDDDDCDDABCBABCABDBACBDCAADDCBCABACBCCABCACBCCCCCBDBACDBBBCBCBACCACADAACCCBABADBCCAABBBCCBB	['D20B', 'A63D', 'A93B']	3	-4.2211432	-8.580892	-10.875157	-2.2942657
BCCDDDCDCCDDDCDDABBDABCABDBACBDCAADDCBCACABBCCABCACBCCCCCBDBACCBBBCBCBACCACADAACCCBABADBCCAAABBCCBB	['D10C', 'C19B', 'B41C', 'C43B', 'A63C']	5	-4.2224717	-7.0498543	-9.345453	-2.295599
AAADDDCDCDDDDCDDCBCDABCABDBACBDCAADDCBCABACBCCABCACBCCCCCBDBACDBBBCBCCACCACADAACCCBABADBCCAAABBCCBB	['B1A', 'C2A', 'C3A', 'A17C', 'A63D', 'B70C']	6	-4.222986	-8.424587	-10.7207	-2.296113
BCCDDDCDCDDDDCCDABCDABCABDBACBDCAADDCBCACACBCCABCACBCCCCCBDBACDBBBCBCBACCACADAACCCBABADBCCAABBBCCBB	['D15C', 'B41C', 'A63D', 'A93B']	4	-4.2245584	-9.747364	-12.045048	-2.2976837
BCCDDDCDCDDDDCCDABCDABCABDBACBDCAADDCBCACACBCCABCACBCCCCCBDBACDBBBCBCBACCACADAACCCBABADBCCAABBBCCBB	['D15C', 'B41C', 'A63D', 'A93B']	4	-4.2245584	-9.747364	-12.045048	-2.2976837
BCCDDDCDCDDDDCCDABCDABCABDBACBDCAADDCBCACACBCCABCACBCCCCCBDBACDBBBCBCBACCACADAACCCBABADBCCAABBBCCBB	['D15C', 'B41C', 'A63D', 'A93B']	4	-4.2245584	-9.747364	-12.045048	-2.2976837
BCCDDDCDCDDDDCCDABCDABCABDBACBDCAADDCBCACACBCCABCACBCCCCCBDBACDBBBCBCBACCACADAACCCBABADBCCAABBBCCBB	['D15C', 'B41C', 'A63D', 'A93B']	4	-4.2245584	-9.747364	-12.045048	-2.2976837
BCCDDDCDCCDDDCDDABCDABCABDBACDDCAACDABCABACBCCABCACBCCCCCBDBACDCBBCBCBACCACADAACCCBABADCCCAABBBCCBB	['D10C', 'B30D', 'D35C', 'C37A', 'A63D', 'B64C', 'B88C', 'A93B']	8	-4.2248125	-7.2957206	-9.5936575	-2.297937
AAADDDCDCDDADCDDABCDABCABDBACBDCAADDCBCABACBCCABCACBCCCCDBDBACDBBBCBCBACCACADAACCCBABADBCCAAABBCCBB	['B1A', 'C2A', 'C3A', 'D12A', 'C57D', 'A63D']	6	-4.224908	-9.264728	-11.562763	-2.2980356
BCCDDDCDCDDDDCDCABCDABCABDBACBDCAADACBCABACBCCABCACBCCCCCBDBADCBBBCBCBACCACADAACCCBABADBCCAAABBCCBB	['D16C', 'D36A', 'C62D', 'A63C']	4	-4.2253156	-7.773594	-10.072037	-2.2984428
BCDDDDCACDDDBCDDABCAABCABDBACBDCAACCCBCACACBCDABCACBCDCCCBDBADDBBBCBCBCCCACADADCCCBBBADBCCAAABBCCBB	['C3D', 'D8A', 'D13B', 'D20A', 'D35C', 'D36C', 'B41C', 'C46D', 'C54D', 'C62D', 'A63D', 'A71C', 'A79D', 'A84B']	14	-2.2988544	-4.253465	-6.5523195	-2.2988544
BCCDDDCDCDDDDCDDABCDABCABDBACBDCAADACBCABACBCCABCACBCCCCCBDBACABBBCBABACCACADAACCCBABADBCCAABBBCCBB	['D36A', 'C69A', 'A93B']	3	-4.227918	-8.604958	-10.906003	-2.3010454
BCCDDDCDCDDDDCDDABCDABCABDBACBDCAACDABCABACBCCABCACBCCCCCBDCACDBBBCBBBACCACADAACCCBABADBCCAAABBCCBB	['D35C', 'C37A', 'B60C', 'A63D', 'C69B']	5	-4.228239	-6.9899683	-9.291338	-2.3013697
BCCDDDCDCDDDDCDDABCDABCABDBACBDCAADDCBCABACBCCABCACBCCCCCBDBACDBBBCBCBACCACADAACCCBABADBCCADABBCCBB	['A63D', 'A92D']	2	-4.228349	-7.908086	-10.209561	-2.3014755
BCCDDDCDCDDDDCDDABCDABCABDBACBDCAACDBBCABACBCCABCACBCCCCDBDBACDBBBCBCBACCACADAACCCBABADBCCAABBBCCBB	['D35C', 'C37B', 'C57D', 'A63D', 'A93B']	5	-4.2288175	-9.095647	-11.397594	-2.3019476
BCCDDDCDCDDDDCCDABBDABCABDBACBDCAADACBCABACBCCABCACBCCCCCBDBACABBBCBCBACCACADAACCCBABADBCCAAABBCCBB	['D15C', 'C19B', 'D36A']	3	-4.2293997	-8.939245	-11.241773	-2.3025274
BCCDDDCDCDDDBCDDABBDABCABDBACBDCAADDCBCABACBCCABCACBCCCCCBDBACDBBBCBCBACCACADAACCCBABADBCBAAABBCCBB	['D13B', 'C19B', 'A63D', 'C90B']	4	-4.230064	-7.8654804	-10.168668	-2.3031874
BCCDDDCDCDDDBCCDABCDABCABDBACBDCAACDCBCABACBCCABCACBCCCCCBDBACDBBBCBCBACCCCADAACCCBABADBCCAAABBCCBB	['D13B', 'D15C', 'D35C', 'A63D', 'A74C']	5	-4.230578	-8.382822	-10.686525	-2.3037033
BCCDDDCDCDDDDCDDABCDABCABDBACBDCAADACBCABACBCCABCACBCCCCCBDBADABBBCBCBACCACADAACCCBABADBCCAAABBCCBB	['D36A', 'C62D']	2	-4.2306395	-9.083995	-11.38776	-2.3037653
BCCDDDCDCDDDDCDDABCDABCABDBACBDCAADACBCABACBCCABCACBCCCCCBDBADABBBCBCBACCACADAACCCBABADBCCAAABBCCBB	['D36A', 'C62D']	2	-4.2306395	-9.083995	-11.38776	-2.3037653
BCCDDDCDCDDDDCDDABCDABCABDBACBDCAADACBCABACBCCABCACBCCCCCBDBADABBBCBCBACCACADAACCCBABADBCCAAABBCCBB	['D36A', 'C62D']	2	-4.2306395	-9.083995	-11.38776	-2.3037653
BCCDDDCDCDDDDCCDABCDABCABDBACBDCAACDCBCABACBCCABCACBCCCCDBDBACDBBBBBDBACCACADAACCCBABADBCCAAABBCCBB	['D15C', 'D35C', 'C57D', 'A63D', 'C67B', 'C69D']	6	-4.2309194	-10.171926	-12.47597	-2.3040447
BCCDDDCDCADDBCDDADCDABCABDBACBDCAADDBBCABACBCDABCACBCCDCCBDBBCDBBBCBCBCACACACAACCCBABADDCBAABBBCCBB	['D10A', 'D13B', 'B18D', 'C37B', 'C46D', 'C55D', 'A61B', 'A63D', 'A71C', 'C72A', 'D77C', 'B88D', 'C90B', 'A93B']	14	-4.2320623	-4.999542	-7.304737	-2.3051949
BCCDDDCDCDDDDCDDABCDABCABDBACBDCAADDABCABACBCCABCACBCCCCCBDBADDBBBCBCBCCCACACAACCCBABADBCCAABBBCCBB	['C37A', 'C62D', 'A63D', 'A71C', 'D77C', 'A93B']	6	-4.23334	-8.675129	-10.981596	-2.306467
BCCDDDCDCDDBBCDDABCBABCABDBACBDCAADACBCABACBCCABCACBCCCCCBDBACDBBBCBCBACCACADAACCCBABADBCCDAABBCCBB	['D12B', 'D13B', 'D20B', 'D36A', 'A63D', 'A91D']	6	-4.0542727	-7.205833	-9.512897	-2.3070636
BCCDDDCDCADDDCDDADCDABCABDBACBDCAADDCBCABACBCCABCACBCCCCCBDBCCDDBBCBCBBDCACACACCCCBABADBCCAABBBCCBB	['D10A', 'B18D', 'A61C', 'A63D', 'B64D', 'A71B', 'C72D', 'D77C', 'A79C', 'A93B']	10	-4.234523	-5.2059374	-7.513591	-2.3076534
BCCDDDCDCDDADCDDABCDABCABDBACBDCAACABBCABACBCCABCACBCCCCCBDBADDBBBCBCBADCACADAACCCBABADBCCAABBBCCBB	['D12A', 'D35C', 'D36A', 'C37B', 'C62D', 'A63D', 'C72D', 'A93B']	8	-4.2356243	-9.021076	-11.329825	-2.3087492
BCCDDDCDCDDDDCDDABCDABCABDBACBDCAACDCBCABACBCCABCACBCCCCDBDBACDBBBCBCBACCACADAACCCBABADBCCAAABBCCBB	['D35C', 'C57D', 'A63D']	3	-4.2364893	-9.555759	-11.865377	-2.309618
BCCDDDCDCDDDDCDDABCDABCABDBACBDCAACDCBCABACBCCABCACBCCCCDBDBACDBBBCBCBACCACADAACCCBABADBCCAAABBCCBB	['D35C', 'C57D', 'A63D']	3	-4.2364893	-9.555759	-11.865377	-2.309618
BCCDDDCDCDDDDCDDABCDABCABDBACBDCAACDCBCABACBCCABCACBCCCCDBDBACDBBBCBCBACCACADAACCCBABADBCCAAABBCCBB	['D35C', 'C57D', 'A63D']	3	-4.2364893	-9.555759	-11.865377	-2.309618
BCCDDDCDCDDDDCDDABCDABCABDBACBDCAACDCBCABACBCCABCACBCCCCDBDBACDBBBCBCBACCACADAACCCBABADBCCAAABBCCBB	['D35C', 'C57D', 'A63D']	3	-4.2364893	-9.555759	-11.865377	-2.309618
BCCDDDCDCDDDDCDDABCDABCABDBACBDCAACDCBCABACBCCABCACBCCCCDBDBACDBBBCBCBACCACADAACCCBABADBCCAAABBCCBB	['D35C', 'C57D', 'A63D']	3	-4.2364893	-9.555759	-11.865377	-2.309618
BCCDDDCDCDDDDCDDABCDABCABDBACBDCAACDCBCABACBCCABCACBCCCCDBDBACDBBBCBCBACCACADAACCCBABADBCCAAABBCCBB	['D35C', 'C57D', 'A63D']	3	-4.2364893	-9.555759	-11.865377	-2.309618
BCCDDDCDCDDDDCDDABCDABCABDBACBDCAACDCBCABACBCCABCACBCCCCDBDBACDBBBCBCBACCACADAACCCBABADBCCAAABBCCBB	['D35C', 'C57D', 'A63D']	3	-4.2364893	-9.555759	-11.865377	-2.309618
BCCDDDCDCDDDDCDDABCDABCABDBACBDCAACDCBCABACBCCABCACBCCCCDBDBACDBBBCBCBACCACADAACCCBABADBCCAAABBCCBB	['D35C', 'C57D', 'A63D']	3	-4.2364893	-9.555759	-11.865377	-2.309618
BCCDDDCDCDDDDCDDABCDABCABDBACBDCAACDCBCABACBCCABCACBCCCCDBDBACDBBBCBCBACCACADAACCCBABADBCCAAABBCCBB	['D35C', 'C57D', 'A63D']	3	-4.2364893	-9.555759	-11.865377	-2.309618
BCCDDDCDCDDDDCDDABCDABCABDBACBDCAACDCBCABACBCCABCACBCCCCDBDBACDBBBCBCBACCACADAACCCBABADBCCAAABBCCBB	['D35C', 'C57D', 'A63D']	3	-4.2364893	-9.555759	-11.865377	-2.309618
BCCDDDCDCDDDDCDDABCDABCABDBACBDCAACDCBCABACBCCABCACBCCCCDBDBACDBBBCBCBACCACADAACCCBABADBCCAAABBCCBB	['D35C', 'C57D', 'A63D']	3	-4.2364893	-9.555759	-11.865377	-2.309618
BCCDDDCDCDDDDCDDABCDABCABDBACBDCAACDCBCABACBCCABCACBCCCCDBDBACDBBBCBCBACCACADAACCCBABADBCCAAABBCCBB	['D35C', 'C57D', 'A63D']	3	-4.2364893	-9.555759	-11.865377	-2.309618
BCCDDDCDCADDBCDDABCDABCABDBACBDCAADDCBCABACBCCABCACBCCCCCBDBACACBBCBCBACCACADAACCCBABADBCCAAABBCCBB	['D10A', 'D13B', 'B64C']	3	-4.2386394	-5.5702996	-7.8820705	-2.311771
BCCDDDCDCDDDDCDDABCDABCABDBACBDCAADDCBCABACBCCABCACBCCCCCBDBACDBBBCBCBACCACADAACCCBABADBDCAAABBCCBB	['A63D', 'C89D']	2	-4.2395124	-8.719158	-11.031799	-2.3126411
BCCDDDCDCDDBDCCDABCDABCABDBACBDCAADDCBCABACBCAABCACBCCCCCBDBACDCBBCBCAACCACADAACCCBABADBCCAAABBCCBB	['D12B', 'D15C', 'C46A', 'A63D', 'B64C', 'B70A']	6	-4.2397385	-8.765606	-11.078466	-2.3128605
BCCDDDCDCDDDDCCDABBDABCABDBACBDCAADDBBCABACBCCABCACBCCCCCBDCACABBBCBCBACCACADAACCCBABADBCCAABBBCCBB	['D15C', 'C19B', 'C37B', 'B60C', 'A93B']	5	-4.240839	-8.11949	-10.433458	-2.3139687
BCCDDDCDCDDDDCCDABCDABCABDBACBDCAADDCBCACACBCCABCACBCCCCCBDBACABBBCBCBACCACADAACCCBABADBCCAABBACCBB	['D15C', 'B41C', 'A93B', 'B95A']	4	-4.2409663	-9.755764	-12.069856	-2.3140917
BCCDDDCDCDDCDDDDABCDABCABDBACBDCAADDBBCABACBCCABCACBCCCCDBDCADCCBBABCBADCACACAACCCBABADBCCAAABBCCBB	['D12C', 'C14D', 'C37B', 'C57D', 'B60C', 'C62D', 'A63C', 'B64C', 'C67A', 'C72D', 'D77C']	11	-4.241366	-6.2747827	-8.589277	-2.3144946
BCCDDDCDCDDDDCDDABCDABCABDBACDDCAACCABCABACBCCABCACBCCCCCBDBACDBBBCBCBBDCACACAACCCBABADCCCAABBBCCBB	['B30D', 'D35C', 'D36C', 'C37A', 'A63D', 'A71B', 'C72D', 'D77C', 'B88C', 'A93B']	10	-4.241519	-9.180725	-11.495367	-2.314642
BCCDDDCDCDDDBCDDABCDABCABDBACDDCAACACBCABACBCCABCACBCCCCCBDBADDCBBCBCBACCACADAACCCBABADCCBAAABBCCBB	['D13B', 'B30D', 'D35C', 'D36A', 'C62D', 'A63D', 'B64C', 'B88C', 'C90B']	9	-4.241807	-8.942867	-11.257791	-2.3149233
BCCDDDCDCDDDDCDDABCDABCABDBACBDCAADDCBCABACBCCABCACBCCCCCBDCACDBBBCBCBAACACACAACCCBABADBCCAAABBCCBB	['B60C', 'A63D', 'C72A', 'D77C']	4	-4.242155	-8.075846	-10.39113	-2.3152847
BCCDDDCDCDDDDCDDABCDABCABDBACBDCAADDCBCABACBCCABCACBCCCCCBDCACDBBBCBCBAACACACAACCCBABADBCCAAABBCCBB	['B60C', 'A63D', 'C72A', 'D77C']	4	-4.242155	-8.075846	-10.39113	-2.3152847
BCCDDDCDCDDDDCDDABCDABCABDBACBDCAADDCBCABACBCCABCACBCCCCCBDCACDBBBCBCBAACACACAACCCBABADBCCAAABBCCBB	['B60C', 'A63D', 'C72A', 'D77C']	4	-4.242155	-8.075846	-10.39113	-2.3152847
BCCDDDCDCCDDDCCDABCDABCABDBACBDCAADDBBCABABBCCABCACBCCCCCBDBACDBDBCBCBACCACADAACCCBABADBCCAAABBCCBB	['D10C', 'D15C', 'C37B', 'C43B', 'A63D', 'B65D']	6	-4.2425575	-7.699347	-10.015032	-2.3156848
BCCDDDCDCDDDDCDDABCDABCABDBACBDCAACACBCABACBCCABCACBCCCCCBDBACABBBCBCBACCACADAACCCBABADBCCAAABBCCBB	['D35C', 'D36A']	2	-4.243687	-8.874861	-11.191674	-2.3168135
BCCDDDCDCDDDDCDDABBDABCABDBACBDCAADDCBCABACBCCABCACBCCCCCBDBACDCBBCBCBACCACADAACCCBABADBCCAAABBCCBB	['C19B', 'A63D', 'B64C']	3	-4.2441115	-7.859352	-10.176588	-2.317236
BCCDDDCDCCDDDCDDABBAABCABDBACBDCAAADCBCABACBCCABCACBCCCCCBDBACACBBCBCBACCCCACAACCCBABADBCCAAABBCCBB	['D10C', 'C19B', 'D20A', 'D35A', 'B64C', 'A74C', 'D77C']	7	-4.2456937	-5.6506557	-7.9694805	-2.3188248
BCCDDDCDCDDDDCDDABCDABCABDBACBDCAADACBCABACBCCABCACBCCCCCBDBACCBBBCBABACCACADAACCCBABADBCCAAABBCCBB	['D36A', 'A63C', 'C69A']	3	-4.246118	-7.8441896	-10.163436	-2.3192463
BCCDDDCDCDDDBCDDABCDABCABDBACBDCAADDBBCABACBCDABCACBCCCCCBDBADBBBBCBCBACCCCACAACCCBABADBCBAAABBCCBB	['D13B', 'C37B', 'C46D', 'C62D', 'A63B', 'A74C', 'D77C', 'C90B']	8	-4.247673	-7.343935	-9.664733	-2.320798
BCCDDDCDCCDDDCDDABCDABCABDBACDDCAACCABCACACBDCABCACBCCCCCBDBADABBBCBCBCCCACADAACCCBABADBCCAAABBCCBB	['D10C', 'B30D', 'D35C', 'D36C', 'C37A', 'B41C', 'C45D', 'C62D', 'A71C']	9	-4.249828	-8.873869	-11.196823	-2.3229542
BCCDDDCDCDDDDCCCABCDABCABDBACBDCAACDABAACACBCCABCACBCCCCCBDBADDBBBCBCBACCACADAACCCBABADBCCAABBBCCBB	['D15C', 'D16C', 'D35C', 'C37A', 'C39A', 'B41C', 'C62D', 'A63D', 'A93B']	9	-4.2500463	-9.749964	-12.073132	-2.3231678
BCCDDDCDCDDDBCDDABCDABCABDBACDDCDADDCBAABACBCCABCACBCCCCCBDBACDBBBCBBBDCCACADAACCCBACADCCCAAABBCCBB	['D13B', 'B30D', 'A33D', 'C39A', 'A63D', 'C69B', 'A71D', 'B85C', 'B88C']	9	-4.250458	-6.6536226	-8.977204	-2.3235817
BCCDDDCDCADCDDDDABCDABCABDBACBDDAACCBBCABACBCDBBCACBCCCCCBDBADDBBBCCCBBCCACACAACCCBABADBCCAABBBCCBB	['D10A', 'D12C', 'C14D', 'C32D', 'D35C', 'D36C', 'C37B', 'C46D', 'A47B', 'C62D', 'A63D', 'B68C', 'A71B', 'D77C', 'A93B']	15	-4.2508283	-7.638036	-9.96199	-2.3239546
BCCDDDCDCDDDDCDDABCDABCABDBACBDCAACDBBCABACBCCABCACBCCCCCBDBACDBBBCBCBACCACADAACCCBABADBCCAABBBCCBB	['D35C', 'C37B', 'A63D', 'A93B']	4	-4.250971	-8.437506	-10.761606	-2.3241005
BCCDDDCDCDDDDCDDABCDABCABDBACBDCAACDBBCABACBCCABCACBCCCCCBDBACDBBBCBCBACCACADAACCCBABADBCCAABBBCCBB	['D35C', 'C37B', 'A63D', 'A93B']	4	-4.250971	-8.437506	-10.761606	-2.3241005
BCCDDDCDCDDDDCDDABCDABCABDBACBDCAACDBBCABACBCCABCACBCCCCCBDBACDBBBCBCBACCACADAACCCBABADBCCAABBBCCBB	['D35C', 'C37B', 'A63D', 'A93B']	4	-4.250971	-8.437506	-10.761606	-2.3241005
BCCDDDCDCDDDDCDDABCDABCABDBACBDCAACDBBCABACBCCABCACBCCCCCBDBACDBBBCBCBACCACADAACCCBABADBCCAABBBCCBB	['D35C', 'C37B', 'A63D', 'A93B']	4	-4.250971	-8.437506	-10.761606	-2.3241005
BCCDDDCDCDDDDCDDABCDABCABDBACBDCAADACBCABACBCCABCACBCCCCCBDBACBBBBCBCBADCACADAACCCBABADBCCAAABBCCBB	['D36A', 'A63B', 'C72D']	3	-4.251142	-8.023495	-10.347765	-2.3242702
BCCDDDCDCDDDBCCDABCDABCABDBACBDCAACDBBCABACBCCABCACBCCCCCBDBACDBBBCBCBACCACADAACCCBABADBCCAAABBCCBB	['D13B', 'D15C', 'D35C', 'C37B', 'A63D']	5	-4.251822	-8.095074	-10.420024	-2.3249502
BCCDDDCDCDDDBDDDABCCABCABDBACDDCAACAABCABACBCCABCACBCCCCCBDBADDBBBCBCBACCACADAACCCBABADBCCAAABBCCBB	['D13B', 'C14D', 'D20C', 'B30D', 'D35C', 'D36A', 'C37A', 'C62D', 'A63D']	9	-4.253231	-7.974169	-10.300522	-2.326353
BCCDDDCDCDDDDCCDABCDABCABDBACBDCAACDABCACACBCCABCACBCCCCCBDBACDBBBCBCBACCACADAACCCBABADBCCAABBBCCBB	['D15C', 'D35C', 'C37A', 'B41C', 'A63D', 'A93B']	6	-4.2554307	-9.559738	-11.888295	-2.328557
BCCDDDCDCDDDDCDDABCDABCABDBACBDCAADDCBCABACBCCABCACBCCCCCBDBACDCBBCBCBACCACACAACCCBABADBCBAAABBCCBB	['A63D', 'B64C', 'D77C', 'C90B']	4	-4.2555075	-8.588306	-10.916939	-2.3286324
BCCDDDCDCDDDDCDDABCDABCABDBACBDCAADDCBCABACBCCABCACBCCCCCBDBACDCBBCBCBACCACACAACCCBABADBCBAAABBCCBB	['A63D', 'B64C', 'D77C', 'C90B']	4	-4.2555075	-8.588306	-10.916939	-2.3286324
BCCDDDCDCDDDBCDDABCDABCABDBACBDCAACDBBCABACBCCABCACBCCCCCBDCACACBBCBCBACCACADAACCCBABADBCCAAABBCCBB	['D13B', 'D35C', 'C37B', 'B60C', 'B64C']	5	-4.2557354	-6.610021	-8.938884	-2.3288627
BCCDDDCDCCDDBCCDABCAABCABDBACBDCAADDCBCABACBCDBBCACBCDDCCBDBADDBBBBBCBABAACACAACCCBBBADBCBAABBBCCBB	['D10C', 'D13B', 'D15C', 'D20A', 'C46D', 'A47B', 'C54D', 'C55D', 'C62D', 'A63D', 'C67B', 'C72B', 'C73A', 'D77C', 'A84B', 'C90B', 'A93B']	17	-2.32896	-4.2389674	-6.567936	-2.3289685
AAAADDCDCDDDDCDDABCDABCABDBACBDCCADDABCABACBBCABCACBCCCCCBDBACDCBBCBCBACCACADAACCCBABADBCCAABBBCCBB	['B1A', 'C2A', 'C3A', 'D4A', 'A33C', 'C37A', 'C45B', 'A63D', 'B64C', 'A93B']	10	-4.2562394	-7.417802	-9.74717	-2.3293686
BCCDDDCDCDDDBCDDABCDABCABDBACBDCAADDCBCACACBCCABCACBCCCCCBDBACACBBCBCBCCCACADAACCCBABADBCCAAABBCCBB	['D13B', 'B41C', 'B64C', 'A71C']	4	-4.256368	-7.1429014	-9.472395	-2.3294935
BCCDDDCDCDDDBCDDABCDABCABDBACBDCAADDCBCACACBCCABCACBCCCCCBDBACACBBCBCBCCCACADAACCCBABADBCCAAABBCCBB	['D13B', 'B41C', 'B64C', 'A71C']	4	-4.256368	-7.1429014	-9.472395	-2.3294935
BCCDDDCDCDDDBCDDABCDABCABDBACBDCAADDCBCACACBCCABCACBCCCCCBDBACACBBCBCBCCCACADAACCCBABADBCCAAABBCCBB	['D13B', 'B41C', 'B64C', 'A71C']	4	-4.256368	-7.1429014	-9.472395	-2.3294935
BCCDDDCDCDDDDCDDABCDABCABDBACBDCAACDCBCABACBCCABCACBCCCCCBDBACDBBBCBCBACCACADAACCCBABADBCCAAABBCCBB	['D35C', 'A63D']	2	-4.2586427	-8.897619	-11.229389	-2.33177
BCCDDDCDCDDDDCDDABCDABCABDBACBDCAACDCBCABACBCCABCACBCCCCCBDBACDBBBCBCBACCACADAACCCBABADBCCAAABBCCBB	['D35C', 'A63D']	2	-4.2586427	-8.897619	-11.229389	-2.33177
BCCDDDCDCDDDDCDDABCDABCABDBACBDCAACDCBCABACBCCABCACBCCCCCBDBACDBBBCBCBACCACADAACCCBABADBCCAAABBCCBB	['D35C', 'A63D']	2	-4.2586427	-8.897619	-11.229389	-2.33177
BCCDDDCDCDDDDCDDABCDABCABDBACBDCAACDCBCABACBCCABCACBCCCCCBDBACDBBBCBCBACCACADAACCCBABADBCCAAABBCCBB	['D35C', 'A63D']	2	-4.2586427	-8.897619	-11.229389	-2.33177
BCCDDDCDCDDDDCDDABCDABCABDBACBDCAACDCBCABACBCCABCACBCCCCCBDBACDBBBCBCBACCACADAACCCBABADBCCAAABBCCBB	['D35C', 'A63D']	2	-4.2586427	-8.897619	-11.229389	-2.33177
BCCDDDCDCDDDDCDDABCDABCABDBACBDCAACDCBCABACBCCABCACBCCCCCBDBACDBBBCBCBACCACADAACCCBABADBCCAAABBCCBB	['D35C', 'A63D']	2	-4.2586427	-8.897619	-11.229389	-2.33177
BCCDDDCDCDDDDCDDABCDABCABDBACBDCAACDCBCABACBCCABCACBCCCCCBDBACDBBBCBCBACCACADAACCCBABADBCCAAABBCCBB	['D35C', 'A63D']	2	-4.2586427	-8.897619	-11.229389	-2.33177
BCCDDDCDCDDDDCDDABCDABCABDBACBDCAACDCBCABACBCCABCACBCCCCCBDBACDBBBCBCBACCACADAACCCBABADBCCAAABBCCBB	['D35C', 'A63D']	2	-4.2586427	-8.897619	-11.229389	-2.33177
BCCDDDCDCDDDDCDDABCDABCABDBACBDCAACDCBCABACBCCABCACBCCCCCBDBACDBBBCBCBACCACADAACCCBABADBCCAAABBCCBB	['D35C', 'A63D']	2	-4.2586427	-8.897619	-11.229389	-2.33177
BCCDDDCDCDDDDCDDABCDABCABDBACBDCAACDCBCABACBCCABCACBCCCCCBDBACDBBBCBCBACCACADAACCCBABADBCCAAABBCCBB	['D35C', 'A63D']	2	-4.2586427	-8.897619	-11.229389	-2.33177
BCCDDDCDCDDDDCDDABCDABCABDBACBDCAACDCBCABACBCCABCACBCCCCCBDBACDBBBCBCBACCACADAACCCBABADBCCAAABBCCBB	['D35C', 'A63D']	2	-4.2586427	-8.897619	-11.229389	-2.33177
BCCDDDCDCDDDDCDDABCDABCABDBACBDCAACDCBCABACBCCABCACBCCCCCBDBACDBBBCBCBACCACADAACCCBABADBCCAAABBCCBB	['D35C', 'A63D']	2	-4.2586427	-8.897619	-11.229389	-2.33177
BCCDDDCDCADDDCDBABCDABCABDBACBDCAADDABCABACBCCABCACBCCCCCBDBACCBBBCBCBACCACACAACCCBABADBCCAAABBCCBB	['D10A', 'D16B', 'C37A', 'A63C', 'D77C']	5	-4.2587	-5.0959387	-7.4277735	-2.3318348
BCCDDDCDCDDDBDCDABBDABCABDBACBDCAADDCBCACACBCCABCACBCCCCDBDBACDBBBCBCBACCACADAACCCBABADBCCAAABBCCBB	['D13B', 'C14D', 'D15C', 'C19B', 'B41C', 'C57D', 'A63D']	7	-4.2598825	-8.884922	-11.217929	-2.3330069
BCCDDDCDCDDCDCDDABBAABCABDBACBDCAADDCBCABACBCCABCACBCCCCCBDBACDBBBCBCBACCADADAACCCBABADBCCAABBBCCBB	['D12C', 'C19B', 'D20A', 'A63D', 'C75D', 'A93B']	6	-4.2599473	-7.607086	-9.940161	-2.3330746
BCCDDDCDCDDDBCDDABCDABCABDBACBDCAADACBCABACBCCABCACBCCCCCBDBADDBBBCBCBABCACADAACCCBABADBCCAAABBCCBB	['D13B', 'D36A', 'C62D', 'A63D', 'C72B']	5	-4.261519	-8.559231	-10.893871	-2.3346405
BCCDDDCDCDDDDCDDACCDABCABDBACBDCAADACBCABACBCCABCACBCCCCDBDBACDBBBCBCBACCACADAACCCBABADBCCAABBBCCBB	['B18C', 'D36A', 'C57D', 'A63D', 'A93B']	5	-4.261583	-9.745207	-12.079917	-2.3347101
BCCDDDCDCADDBDDDABCDABCABDBACBDCAADDCBCACACBCDABCACBCCCCCBDBBCDBBBCBCBCCCACADAACCCBABADDCCAABBBCCBB	['D10A', 'D13B', 'C14D', 'B41C', 'C46D', 'A61B', 'A63D', 'A71C', 'B88D', 'A93B']	10	-4.262266	-5.9779754	-8.313371	-2.3353953
BCCDDDCDCDDDDDDDABCDABCABDBACBDCAADDCBCACACBCCABCACBCCCCCBDBACDBBBCBCBACCACADAACCCBABADBCCAAABBCCBB	['C14D', 'B41C', 'A63D']	3	-4.262396	-8.554232	-10.889755	-2.3355236
BCCDDDCDCDDDDDDDABCDABCABDBACBDCAADDCBCACACBCCABCACBCCCCCBDBACDBBBCBCBACCACADAACCCBABADBCCAAABBCCBB	['C14D', 'B41C', 'A63D']	3	-4.262396	-8.554232	-10.889755	-2.3355236
BCCDDDCDCDDDDDDDABCDABCABDBACBDCAADDCBCACACBCCABCACBCCCCCBDBACDBBBCBCBACCACADAACCCBABADBCCAAABBCCBB	['C14D', 'B41C', 'A63D']	3	-4.262396	-8.554232	-10.889755	-2.3355236
BCCDDDCDCDDDDDDDABCDABCABDBACBDCAADDCBCACACBCCABCACBCCCCCBDBACDBBBCBCBACCACADAACCCBABADBCCAAABBCCBB	['C14D', 'B41C', 'A63D']	3	-4.262396	-8.554232	-10.889755	-2.3355236
AAADDDCDCDDDDCDDABCDABCABDBACBDCAADDCBCABACBCCABCACBCCCCCBDBACDBBBCBBCACCACACAACCCBABADBCBAAABBCCBB	['B1A', 'C2A', 'C3A', 'A63D', 'C69B', 'B70C', 'D77C', 'C90B']	8	-4.2635355	-7.5466833	-9.883346	-2.3366623
BCCDDDCDCDDDDCDDABCDABCABDBACBDCAADDCBCACACBCCABCACBCCCCCBDBACDBBBCBCBACCACADAACCCBABADBCCAAABBCCBB	['B41C', 'A63D']	2	-4.2639136	-8.906797	-11.243838	-2.337041
BCCDDDCDCDDDDCDDABCDABCABDBACBDCAADDCBCACACBCCABCACBCCCCCBDBACDBBBCBCBACCACADAACCCBABADBCCAAABBCCBB	['B41C', 'A63D']	2	-4.2639136	-8.906797	-11.243838	-2.337041
BCCDDDCDCDDDDCDDABCDABCABDBACBDCAADDCBCACACBCCABCACBCCCCCBDBACDBBBCBCBACCACADAACCCBABADBCCAAABBCCBB	['B41C', 'A63D']	2	-4.2639136	-8.906797	-11.243838	-2.337041
BCCDDDCDCCDADCCDACCDABCABDBACBDCAADDBBCABACBCCABCACBCCCCDBDBACDBBBCBCBACCACACAACCCBABADBCCAABBBCCBB	['D10C', 'D12A', 'D15C', 'B18C', 'C37B', 'C57D', 'A63D', 'D77C', 'A93B']	9	-4.2644796	-8.873448	-11.211057	-2.3376083
BCCDDDCDCDDBDCCDABCDABCABDBACBDCAADACBCABACBCCABCACBCCCCCBDBACBCBBCBCBACCACADAACCCBABADBCCAAABBCCBB	['D12B', 'D15C', 'D36A', 'A63B', 'B64C']	5	-4.2647667	-7.9078794	-10.245766	-2.3378863
BCCDDDCDCDDBDCCDABCDABCABDBACBDCAADACBCABACBCCABCACBCCCCCBDBACBCBBCBCBACCACADAACCCBABADBCCAAABBCCBB	['D12B', 'D15C', 'D36A', 'A63B', 'B64C']	5	-4.2647667	-7.9078794	-10.245766	-2.3378863
BCCDDDCDCCDDDCDDABCDABCABDBACBDCAADDCBCABACBCCABCACBCCCCCBDBACCBBBCBCBACCACACAACCCBABADBCCAABBBCCBB	['D10C', 'A63C', 'D77C', 'A93B']	4	-4.2650847	-7.2158074	-9.554023	-2.3382154
BCCDDDCDCDDDDCCDABCDABCABDBACDDCAACDCBDACACBCCABCACBCCCCCBDBACDBBBCBCBBCCACADAACCCBABADBCCAABBBCCBB	['D15C', 'B30D', 'D35C', 'C39D', 'B41C', 'A63D', 'A71B', 'A93B']	8	-4.265625	-10.345685	-12.684431	-2.338746
BCCDDDCDCDDDDCDDABCDABCABDBACBDCAADDCBCABACBCCABCACBCCCCCBDBACDBBBCBCBACCCCACAACCCBABADBCBAAABBCCBB	['A63D', 'A74C', 'D77C', 'C90B']	4	-4.266191	-8.678028	-11.017345	-2.3393173
BCCDDDCDCDDADCCDABCDABCABDBACBDCAADDBBCABACBCCABCACBCCCCCBDBACDCBBBBCBACCACADAACCCBABADBCCAAABBCCBB	['D12A', 'D15C', 'C37B', 'A63D', 'B64C', 'C67B']	6	-4.2663417	-7.945352	-10.284814	-2.3394618
BCCDDDCDCDDDDCDDABCDABCABDBACBDCAACABBCABACBCCABCACBCCCCCBDBACDBDBCBCBACCACADAACCCBABADBCCAAABBCCBB	['D35C', 'D36A', 'C37B', 'A63D', 'B65D']	5	-4.2681413	-8.512017	-10.853285	-2.3412676
BCCDDDCDCDDDBCDDABCDABCABDBACBDCCACACBCABACBCCABCCCBCDCCCBDBADDBBBCBABBCBACADAACCCBABADBCBAAABBCCBB	['D13B', 'A33C', 'D35C', 'D36A', 'A50C', 'C54D', 'C62D', 'A63D', 'C69A', 'A71B', 'C73B', 'C90B']	12	-2.344297	-7.9452534	-10.289544	-2.3442907
BCCDDDCDCDDDDCDDABCDABCABDBACBDCAADDCBCABACBCCABCACBCCCCDBDBACDCBBCBCBACCACADAACCCBABADBCCAAABBCCBB	['C57D', 'A63D', 'B64C']	3	-4.274138	-8.728836	-11.0761	-2.3472643
BCCDDDCDCDDDDCCDABCDABCABDBACBDCAADDCBCABACBCCABCACBCCCCDBDBACDBBBCBCBACCACADAACCCBABADBCCAAABBCCBB	['D15C', 'C57D', 'A63D']	3	-4.2743807	-9.831487	-12.178999	-2.3475122
BCCDDDCDCDDDDCCDABCDABCABDBACBDCAADDCBCABACBCCABCACBCCCCDBDBACDBBBCBCBACCACADAACCCBABADBCCAAABBCCBB	['D15C', 'C57D', 'A63D']	3	-4.2743807	-9.831487	-12.178999	-2.3475122
BCCDDDCDCCDBDCDDABCDABCABDBACBDCAADDCBCABACBCCABCACBCCCCCBDBACABBBCBCBACCACADAACCCBABADBCCAABBBCCBB	['D10C', 'D12B', 'A93B']	3	-4.2756824	-6.941297	-9.290108	-2.3488107
BCCDDDCDCCDBDCDDABCDABCABDBACBDCAADDCBCABACBCCABCACBCCCCCBDBACABBBCBCBACCACADAACCCBABADBCCAABBBCCBB	['D10C', 'D12B', 'A93B']	3	-4.2756824	-6.941297	-9.290108	-2.3488107
BCCDDDCDCDDDDCDDABCDABCABDBACBDCAADDCBCABACBCCABCACBCCCCCBDBADDBBBCBCBACCACACAACCCBABADBCBAABBBCCBB	['C62D', 'A63D', 'D77C', 'C90B', 'A93B']	5	-4.2757792	-9.850689	-12.199593	-2.3489037
BCCDDDCDCDDDDCDDABCDABCABDBACBDCAADDCBCABACBCCABCACBCCCCCBDBADDBBBCBCBACCACACAACCCBABADBCBAABBBCCBB	['C62D', 'A63D', 'D77C', 'C90B', 'A93B']	5	-4.2757792	-9.850689	-12.199593	-2.3489037
BCCDDDCDCDDDDCDDABCDABCABDBACBDCAADDCBCABACBCCABCACBCCCCCBDBADDBBBCBCBACCACACAACCCBABADBCBAABBBCCBB	['C62D', 'A63D', 'D77C', 'C90B', 'A93B']	5	-4.2757792	-9.850689	-12.199593	-2.3489037
BCCDDDCDCDDDDCDDADCDABCABDBACBDCAADDCBCABACBCBABCACBCCCCCBDBACDBBBCBCBACBACACAACCCBABADBCBAABBBCCBB	['B18D', 'C46B', 'A63D', 'C73B', 'D77C', 'C90B', 'A93B']	7	-4.2758126	-10.681653	-13.030594	-2.3489408
BCCDDDCDCDDDDCCDABCDABCABDBACDDCAACCBBCABACBCCABCACBCCCCCBDBADDBBBCBCBACCACADAACCCBABADCCCAAABBCCBB	['D15C', 'B30D', 'D35C', 'D36C', 'C37B', 'C62D', 'A63D', 'B88C']	8	-4.279854	-10.396683	-12.749659	-2.3529758
BCCDDDCDCADDBCDDABCAABCABDBACBDCAADDCBCABACBCAABCACBCCCCCCDBADDBBBCBCBACCACACAACCCBABADDCCAAABBCCBB	['D10A', 'D13B', 'D20A', 'C46A', 'B58C', 'C62D', 'A63D', 'D77C', 'B88D']	9	-4.2803526	-6.2623134	-8.615798	-2.3534846
BCCDDDCDCDDDDCDDABCDABCABDBACBDCAADDCBCABACBCCABCACBCCCCCBDBACDBBBCBCBACBACADAACCCBBBADBCCAAABBCCBB	['A63D', 'C73B', 'A84B']	3	-4.2807503	-8.36404	-10.717921	-2.353881
BCCDDDCDCDDDDCDDABCDABCABDBACBDCAADACBCABACBCCABCACBCCCCCBDBACACBBCBCBACCACADAACCCBABADBCCAAABBCCBB	['D36A', 'B64C']	2	-4.2813354	-8.047937	-10.402397	-2.3544598
BCCDDDCDCDDDDCDDABCDABCABDBACBDCAADACBCABACBCCABCACBCCCCCBDBACACBBCBCBACCACADAACCCBABADBCCAAABBCCBB	['D36A', 'B64C']	2	-4.2813354	-8.047937	-10.402397	-2.3544598
BCCDDDCDCDDDDCCDABCDABCABDBACBDCAADACBCABACBCCABCACBCCCCCBDBACABBBCBCBACCACADAACCCBABADBCCAAABBCCBB	['D15C', 'D36A']	2	-4.2815785	-9.150589	-11.505297	-2.3547077
BCCDDDCDCDDDDCCDABCDABCABDBACBDCAADACBCABACBCCABCACBCCCCCBDBACABBBCBCBACCACADAACCCBABADBCCAAABBCCBB	['D15C', 'D36A']	2	-4.2815785	-9.150589	-11.505297	-2.3547077
AAADDDCDCDDDDCCDABCDABCABDBACDDCAADDCBCABDCBCDABCACBCCCCCBDBACDBBBCBCBACCACACAACCCBACADBCCAAABBCCBB	['B1A', 'C2A', 'C3A', 'D15C', 'B30D', 'A42D', 'C46D', 'A63D', 'D77C', 'B85C']	10	-4.2829676	-9.853058	-12.209152	-2.3560944
BCCDDDCDCDDDBCDDABCDABCABDBACBDCAADACBCACACBCCABCACBCCCCCBDBAAACBBCBCBACCACADAACCCBABADBCCAAABBCCBB	['D13B', 'D36A', 'B41C', 'C62A', 'B64C']	5	-4.2847924	-8.073689	-10.431609	-2.3579197
BCCDDDCDCDDDDCDDBBCDABCABDBACBDCAADDCBCABACBCCABCACBCCCCCBDBACDBBBCBCBACCACADAACCCBABADBCCAAABBCCBB	['A17B', 'A63D']	2	-4.2849793	-8.720998	-11.079105	-2.3581076
AAADDDCDCDDDBCDDABCDABCABDBACBDCAADDCBCABACBCCABCACBCCCCCBDBACDBBBCBCBACCACACAACCCBABADBCCAABBBCCBB	['B1A', 'C2A', 'C3A', 'D13B', 'A63D', 'D77C', 'A93B']	7	-4.2873316	-8.15925	-10.519708	-2.3604574
AAAADDCDCDDDDDDDBBCDABCABDBACBDCAADDABCABACBCCABCACBCCCCCBDBACBBBBCBCBACCACACAACCCBABADBBCAABBBCCBB	['B1A', 'C2A', 'C3A', 'D4A', 'C14D', 'A17B', 'C37A', 'A63B', 'D77C', 'C89B', 'A93B']	11	-4.2875104	-8.240478	-10.601115	-2.3606377
BCCDDDCDCDDDDCDDABCCABCABDBACDDCAADDCBCABACBCCABCACBCCCCDBDBADDBBBCBCBCCCACACAACCCBABADBCCAABBBCCBB	['D20C', 'B30D', 'C57D', 'C62D', 'A63D', 'A71C', 'D77C', 'A93B']	8	-4.292357	-9.876341	-12.241823	-2.3654823
BCCDDDCDCDDDDCDDABCDABCABDBACBDCAADDCBCACACBCCABCACBCCCCCBDCADDBBBCBCBABCACACAACCCBABADBCCAABBBCCBB	['B41C', 'B60C', 'C62D', 'A63D', 'C72B', 'D77C', 'A93B']	7	-4.292485	-9.773499	-12.139109	-2.3656101
BCCDDDCDCDDDDCDDABCDABCABDBACBDCAADDCBCACACBCCABCACBCCCCCBDCADDBBBCBCBABCACACAACCCBABADBCCAABBBCCBB	['B41C', 'B60C', 'C62D', 'A63D', 'C72B', 'D77C', 'A93B']	7	-4.292485	-9.773499	-12.139109	-2.3656101
BCCDDDCDCDDDDDDDABCDABCABDBACBDCAACDABCACACBCCABCACBCCCCCBDBACDBBBCBCBACCACADAACCCBABADBCCAAABBCCBB	['C14D', 'D35C', 'C37A', 'B41C', 'A63D']	5	-4.293269	-8.366606	-10.733004	-2.3663979
BCCDDDCDCDDDDDDDABCDABCABDBACBDCAACDABCACACBCCABCACBCCCCCBDBACDBBBCBCBACCACADAACCCBABADBCCAAABBCCBB	['C14D', 'D35C', 'C37A', 'B41C', 'A63D']	5	-4.293269	-8.366606	-10.733004	-2.3663979
BCCDDDCDCDDDDCDDABCDABCABDBACBDCAACDABCACACBCCABCACBCCCCCBDBACDBBBCBCBACCACADAACCCBABADBCCAAABBCCBB	['D35C', 'C37A', 'B41C', 'A63D']	4	-4.294787	-8.719172	-11.087086	-2.3679142
BCCDDDCDCDDDDCDDABCDABCABDBACBDCAACDABCACACBCCABCACBCCCCCBDBACDBBBCBCBACCACADAACCCBABADBCCAAABBCCBB	['D35C', 'C37A', 'B41C', 'A63D']	4	-4.294787	-8.719172	-11.087086	-2.3679142
BCCDDDCDCADDDCDDABCDABCABDBACBDCAADDCBCABACBCCABCACBCCCCCBDBACDBBBCBCBACBACACAACCCBABADBCCAABBBCCBB	['D10A', 'A63D', 'C73B', 'D77C', 'A93B']	5	-4.2949395	-8.553757	-10.921823	-2.3680658
BCCDDDCDCDDDDCDDABCDABCABDBACBDCAADDCBCABACBCCABCACBCCCCCBDBACDCBBCBCBACCACADAACCCBABADBCCAAABBCCBB	['A63D', 'B64C']	2	-4.2962914	-8.070696	-10.440113	-2.3694172
BCCDDDCDCDDDDCDDABCDABCABDBACBDCAADDCBCABACBCCABCACBCCCCCBDBACDCBBCBCBACCACADAACCCBABADBCCAAABBCCBB	['A63D', 'B64C']	2	-4.2962914	-8.070696	-10.440113	-2.3694172
BCCDDDCDCDDDDCDDABCDABCABDBACBDCAADDCBCABACBCCABCACBCCCCCBDBACDCBBCBCBACCACADAACCCBABADBCCAAABBCCBB	['A63D', 'B64C']	2	-4.2962914	-8.070696	-10.440113	-2.3694172
BCCDDDCDCDDDDCCDABCDABCABDBACBDCAADDCBCABACBCCABCACBCCCCCBDBACDBBBCBCBACCACADAACCCBABADBCCAAABBCCBB	['D15C', 'A63D']	2	-4.296534	-9.1733465	-11.543007	-2.3696604
BCCDDDCDCDDDDCCDABCDABCABDBACBDCAADDCBCABACBCCABCACBCCCCCBDBACDBBBCBCBACCACADAACCCBABADBCCAAABBCCBB	['D15C', 'A63D']	2	-4.296534	-9.1733465	-11.543007	-2.3696604
BCCDDDCDCDDDDCCDABCDABCABDBACBDCAADDCBCABACBCCABCACBCCCCCBDBACDBBBCBCBACCACADAACCCBABADBCCAAABBCCBB	['D15C', 'A63D']	2	-4.296534	-9.1733465	-11.543007	-2.3696604
BCCDDDCDCDDDDCCDABCDABCABDBACBDCAADDCBCABACBCCABCACBCCCCCBDBACDBBBCBCBACCACADAACCCBABADBCCAAABBCCBB	['D15C', 'A63D']	2	-4.296534	-9.1733465	-11.543007	-2.3696604
BCCDDDCDCDDDDCDCABCDABCABDBACBDCAADACBCABACBCCABCACBCCCCCBDBACABBBCBCBACCACADAACCCBABADBCCAAABBCCBB	['D16C', 'D36A']	2	-4.2974114	-7.7603917	-10.130929	-2.3705373
BCCDDDCDCDDDDCDCABCDABCABDBACBDCAADACBCABACBCCABCACBCCCCCBDBACABBBCBCBACCACADAACCCBABADBCCAAABBCCBB	['D16C', 'D36A']	2	-4.2974114	-7.7603917	-10.130929	-2.3705373
BCCDDDCDCCDDBCCDABCDABCABDBACDDCAADDCBCABACBCCABCACBCCCCCBDBADCABBCBCBCCCBCADAACCCBABADBCCAABBBCCBB	['D10C', 'D13B', 'D15C', 'B30D', 'C62D', 'A63C', 'B64A', 'A71C', 'A74B', 'A93B']	10	-4.2981253	-5.93397	-8.305225	-2.3712554
BCCDDDCDCDDBDCDDABCDABCABDBACBDCAAADABCACACBCCABCACBCCCCCBDBACDBBBCBCBBCCACACAACCCBABADBCBAABBBCCBB	['D12B', 'D35A', 'C37A', 'B41C', 'A63D', 'A71B', 'D77C', 'C90B', 'A93B']	9	-4.298273	-8.143707	-10.515103	-2.371396
BCCDDDCDCCDDDCCDABCDABCABDBACDDCAADDBBCACACBCCABCACBCCCCCBDCADCBBBCBCBACCACACAACCCBABADBCCAABBBCCBB	['D10C', 'D15C', 'B30D', 'C37B', 'B41C', 'B60C', 'C62D', 'A63C', 'D77C', 'A93B']	10	-4.3007927	-8.36242	-10.736339	-2.3739185
BCCDDDCDCDDDDCDDABCDABCABDBACBDCAADDCDCABACBCCABCACBCCCCDBDCCCDBBBCBCBBDCACACAACCCBABADBCCAABBBCCBB	['B38D', 'C57D', 'B60C', 'A61C', 'A63D', 'A71B', 'C72D', 'D77C', 'A93B']	9	-4.301084	-8.925951	-11.300163	-2.3742123
BCCDDDCDCDDDDCCDABCDABCABDBACBDCAADACBCABACBCCABCACBCCCCCBDBACACBBCBCBADCACADAACCCBABADBCCAAABBCCBB	['D15C', 'D36A', 'B64C', 'C72D']	4	-4.3022346	-8.364217	-10.739576	-2.3753595
BCCDDDCDCDDDDCCBABCDABCABDBACBDCAADDCBCABACBCCABCACBCCCCCBDBACABBBCBCBACCACADAACCCBABADBCCAAABBCCBB	['D15C', 'D16B']	2	-4.303103	-8.127482	-10.503713	-2.3762302
BCCDDDCDCDDBDCDCABBDABCABDBACBDCAADABBAABACBCCABCACBCCCCCBDBACCBBBCBCBAACACADAACCDBABADBCCAAABBCCBB	['D12B', 'D16C', 'C19B', 'D36A', 'C37B', 'C39A', 'A63C', 'C72A', 'C82D']	9	-4.303171	-6.1180105	-8.494313	-2.3763027
BCCDDDCDCCDDDCDCABCDABCABDBACBDCAADDCBAABACBCCABCACBCCCCDBDBABCCBBCBCBACCACADAACCCBABADBCCAAABBCCBB	['D10C', 'D16C', 'C39A', 'C57D', 'C62B', 'A63C', 'B64C']	7	-4.3041816	-6.83495	-9.212261	-2.3773112
BCCDDDCACDDDBCDDABCDABCABDBACBDCAACACBCACACBCCABCACBCCCCCBDBDDCBBBCBBBACCACADAACCCBABADBCCAAABBCCBB	['D8A', 'D13B', 'D35C', 'D36A', 'B41C', 'A61D', 'C62D', 'A63C', 'C69B']	9	-4.3043213	-7.5266056	-9.904052	-2.3774462
BCCDDDCDCDDDDDCDBBCDABCABDBACBDCAADDCBCABACBCCABCACBCCCCCBDBACDBBBCBCBADCACADAACCCBABADBCCAAABBCCBB	['C14D', 'D15C', 'A17B', 'A63D', 'C72D']	5	-4.30436	-8.6847105	-11.062199	-2.3774881
BCCDDDCDCDDDDCDDABCDABCABDBACBDCAADDCBCACACBCCABCACBCCCCCBDBADDBBBCBCBADCACADAACCCBABADBCCAABBBCCBB	['B41C', 'C62D', 'A63D', 'C72D', 'A93B']	5	-4.304842	-9.382809	-11.760773	-2.377964
BCCDDDCDCCDDDDDDABCDABCABDBACBDCAADDCBCABACBCCABCACBCCCCCBDBACABBBCBCBADCACACAACCCBABADBCCAABBBCCBB	['D10C', 'C14D', 'C72D', 'D77C', 'A93B']	5	-4.3056216	-7.0997214	-9.478474	-2.3787522
AAADDDCDCDDDDCDDABCDABCABDBACBDCAADDCBCABACBCCABCACBCCCCCBDBACCBBBCBCBACCACADAACCCBABADBCCAAABBCCBB	['B1A', 'C2A', 'C3A', 'A63C']	4	-4.306579	-7.7155013	-10.095206	-2.379705
BCCDDDCDCDDDBDDBABCDABCABDBACBDCAACDABCABACBCCABCACBCCCCCBDBACDBBBCBCBADCACADAACCCBABADBCCAAABBCCBB	['D13B', 'C14D', 'D16B', 'D35C', 'C37A', 'A63D', 'C72D']	7	-4.3069835	-6.0885177	-8.468634	-2.380116
BCCDDDCDCCDDDCDDABCDABCABDBACBDDAADDCBCABACBCDBBCACBCCCCCBDBADDBBBCBCBACCACACAACCDBABADBCCADBBCCCBB	['D10C', 'C32D', 'C46D', 'A47B', 'C62D', 'A63D', 'D77C', 'C82D', 'A92D', 'A93B', 'B95C']	11	-4.3078938	-7.985268	-10.366282	-2.3810143
BCCDDDCDCDDDBCCDABBDABCABDBACDDCAACACBCACACBCCABCACBCCCCDBDCACDBBBCBCBADCACADAACCCBABADBCCAAABBCCBB	['D13B', 'D15C', 'C19B', 'B30D', 'D35C', 'D36A', 'B41C', 'C57D', 'B60C', 'A63D', 'C72D']	11	-4.309167	-9.722533	-12.104823	-2.38229
BCCDDDCDCDDDBCDDABCDABCABDBACBDCAADDBBCABACBCCABCACBCCCCDBDCACDBBBCBCBACCACACAACCCBABADBCCAAABBCCBB	['D13B', 'C37B', 'C57D', 'B60C', 'A63D', 'D77C']	6	-4.3091745	-7.8313885	-10.213691	-2.3823023
BCCDDDCDCDDDDCDDABCDABCABDBACBDCDADDCBCABACBCCABCACBCCCCDBDBACDBBBCBCBACCACADAACCCBABADBCCAAABBCCBB	['A33D', 'C57D', 'A63D']	3	-4.309745	-8.746008	-11.128881	-2.3828735
BCCDDDCDCDDDDCCDABCDABCABDBACBDCAADDBBCABACBCCABCACBCCCCCBDCACCBBBCBCBACCACADAACCCBABADBCCAAABBCCBB	['D15C', 'C37B', 'B60C', 'A63C']	4	-4.3112187	-7.570066	-9.954414	-2.3843484
BCCDDDCDCDDCDDDDABCDABCABDBACBDCAADDCBCABACBCCABCACBCCCCCBDBACDBBBCBCBAACACACAACCCBABADBCCAABBBCCBB	['D12C', 'C14D', 'A63D', 'C72A', 'D77C', 'A93B']	6	-4.311353	-7.810647	-10.1951275	-2.3844805
BCCDDDCDCDDDDCDDABCDABCABDBACBDCAADACBCABACBCCABCACBCCCCDBDBADDBDBCBCBACCACADAACCCBABADBCCAAABBCCBB	['D36A', 'C57D', 'C62D', 'A63D', 'B65D']	5	-4.3115807	-10.065728	-12.450438	-2.3847094
BCCDDDCDCDDDDCDDABCDABCABDBACBDCAADDCBCABAABCCABCACBCCCCCBDBACDBBBCBCBACCACACAACCCBABADBCBAABBBCCBB	['C43A', 'A63D', 'D77C', 'C90B', 'A93B']	5	-4.311669	-9.643711	-12.028505	-2.3847942
BCCDDDCDCDDDDCDCABCDABCABDBACBDCAADDCBCABACBCCABCACBCCCCCBDBACDBBBCBCBACCACADAACCCBABADBCCAAABBCCBB	['D16C', 'A63D']	2	-4.312367	-7.7831507	-10.168644	-2.3854933
BCCDDDCDCDDDDCCDAACDABCABDBACBDCAADDCBCABACBCCABCACBCCCCCBDBACDBBBCBCBACCACACAACCCBABADBCCAABBBCCBB	['D15C', 'B18A', 'A63D', 'D77C', 'A93B']	5	-4.312589	-9.994783	-12.380501	-2.3857174
BCCDDDCDCDDDDCDDABCDABCABDBACBDCAADDCBCABACBBCABCACBCCCCCBDBACDBBBCBCBBCBACACAACCCBABADBCCAABBBCCBB	['C45B', 'A63D', 'A71B', 'C73B', 'D77C', 'A93B']	6	-4.3128524	-9.58458	-11.970563	-2.3859825
BCCDDDCDCDDDDCDDABCDABCABDBACBDCAADABBCABACBCCABCACBCCCCCBDBACABBBCBCBACCACADAACCCBABADBCCAAABBCCBB	['D36A', 'C37B']	2	-4.313263	-7.8499107	-10.2363	-2.3863897
BCCDDDCDCDDDDCDDABCDABCABDBACBDCAADABBCABACBCCABCACBCCCCCBDBACABBBCBCBACCACADAACCCBABADBCCAAABBCCBB	['D36A', 'C37B']	2	-4.313263	-7.8499107	-10.2363	-2.3863897
BCCDDDCDCDDDDCDDABCDABCABDBACBDCAADABBCABACBCCABCACBCCCCCBDBACABBBCBCBACCACADAACCCBABADBCCAAABBCCBB	['D36A', 'C37B']	2	-4.313263	-7.8499107	-10.2363	-2.3863897
BCCDDDCDCDDCDDDDABCDABCABDBACDDCAACABBCABACBCCABCACBCCCCCBDBACDBBBCBCBACCACADAACCCBABADBCCAABBBCCBB	['D12C', 'C14D', 'B30D', 'D35C', 'D36A', 'C37B', 'A63D', 'A93B']	8	-4.3139586	-8.39048	-10.777562	-2.387082
BCCDDDCDCDDDBCDDABCDABCABDBACBDCAACACBCABACBCCABCACBCCCCCBDBACACBBCBCBACCACADAACCCBABADBCCAAABBCCBB	['D13B', 'D35C', 'D36A', 'B64C']	4	-4.315263	-7.656102	-10.044486	-2.3883839
BCCDDDCDCDDDDCDDABCAABCABDBACBDCAADDABCABACBCDABCACBCCCCCBDBACDBBBCBCBACCACACAACCCBABADBCBAAABBCCBB	['D20A', 'C37A', 'C46D', 'A63D', 'D77C', 'C90B']	6	-4.315437	-7.6986723	-10.0872345	-2.3885622
BCCDDDCDCDDBDCCDABCDABCABDBACBDCAADDCBCACACBCCABCACBCCCCCBDBACDBBBCBCBACCBCADAACCCBABADBCCAAABBCCBB	['D12B', 'D15C', 'B41C', 'A63D', 'A74B']	5	-4.315485	-8.764663	-11.153276	-2.3886137
BCCDDDCDCCDBBCCDABBDABCABDBACBDCAADDCBCABACBBCABCACBCCCCCBDBADDBBBCBCBACCACACAACCCBABADBCCAABBBCCBB	['D10C', 'D12B', 'D13B', 'D15C', 'C19B', 'C45B', 'C62D', 'A63D', 'D77C', 'A93B']	10	-4.315639	-7.39166	-9.780425	-2.3887649
AAADDDCDCDDABDDDABCDABCABDBACBDCAADDCBCABACBCCABCACBCCCCCBDBACDCBBCBCBACCACADAACCCBABADBCCAAABBCCBB	['B1A', 'C2A', 'C3A', 'D12A', 'D13B', 'C14D', 'A63D', 'B64C']	8	-4.3171186	-7.0352607	-9.4255085	-2.3902478
BCCDDDCDCDDDDCDDABCDABCABDBACBDCAADDCBCACABBCCABCACBCCCCCBDBCDDBBBCBCBBCCACACAACCCBABADBCCAABBBCCBB	['B41C', 'C43B', 'A61C', 'C62D', 'A63D', 'A71B', 'D77C', 'A93B']	8	-4.3196855	-9.860562	-12.253367	-2.392805
BCCDDDCDCDDDDCDDABCCABCABDBACBDCAADABBCABACBCCABCACBCCCCDBDBACACDBCBCCACCACADAACCCBABADBCCAAABBCCBB	['D20C', 'D36A', 'C37B', 'C57D', 'B64C', 'B65D', 'B70C']	7	-4.3197303	-7.4325337	-9.825393	-2.392859
BCCDDDCDCDDDDCDDABCDABCABDBACBDCAADDCBCABACBCDABCACBCCCCCBDBACDCBBCBCBADCACACAACCCBABADBCBAABBBCCBB	['C46D', 'A63D', 'B64C', 'C72D', 'D77C', 'C90B', 'A93B']	7	-4.319762	-8.410388	-10.803276	-2.392888
BCCDDDCDCDDDDCDDABAAABCABDBACBDCAADDCBCACACBCCABCACBCCCCCBDBACDBBBCBCBACCACACAACCCBABADBCCAABBBCCBB	['C19A', 'D20A', 'B41C', 'A63D', 'D77C', 'A93B']	6	-4.3204255	-8.273838	-10.667389	-2.3935509
BCCDDDCDCDDDBCDDABCDABCABDBACBDCAADACBCACACBCCABCACBCCCCCBDBACACBBCBCBACCACADAACCCBABADBCCAAABBCCBB	['D13B', 'D36A', 'B41C', 'B64C']	4	-4.3205347	-7.6652813	-10.05894	-2.3936586
BCCDDDCDCDDDDDDDABBDABCABDBACBDCAADDBBCABACBCCABCACBCCCCCBDBACBBBBCBCBCDCACACAACCCBABADBCCAAABBCCBB	['C14D', 'C19B', 'C37B', 'A63B', 'A71C', 'C72D', 'D77C']	7	-4.320612	-6.5203133	-8.914053	-2.3937397
BCCDDDCDCDDDDCCDABCDABCABDBACBDCAACDABCABACBCCABCACBCCCCCBDBADDDBBCBCBACCACADAACCDBABADBCCAAABBCCBB	['D15C', 'D35C', 'C37A', 'C62D', 'A63D', 'B64D', 'C82D']	7	-4.321082	-9.419899	-11.814103	-2.3942041
BCCDDDCDCDDDDCDDABCDABCABDBACBDCAACDCBCABACBCCABCACBCCCCCBDBADDDBBCBCBCACACADAACCCBABADBCCAAABBCCBB	['D35C', 'C62D', 'A63D', 'B64D', 'A71C', 'C72A']	6	-4.321393	-7.9913483	-10.385864	-2.394516
BCCDDDCDCCDABCDCABCDABCABDBACBDDAADACBCABACBCCABCACBCCCCCBDBADBBBBCBCBBCCACADAACCCBABADBCCAAABBCCBB	['D10C', 'D12A', 'D13B', 'D16C', 'C32D', 'D36A', 'C62D', 'A63B', 'A71B']	9	-4.3217216	-5.9070272	-8.301875	-2.3948479
BCCDDDCDCDDDDCDDABADABCABDBACBDCAADDCBCABACBCCABCACBCCCCCBDBADDBBBCBCBACCACACAACCCBABADBCCAAABBCCBB	['C19A', 'C62D', 'A63D', 'D77C']	4	-4.3229265	-8.993092	-11.389147	-2.3960552
BCCDDDCDCDDDDCDDABCDABCABDBACBDCDACDABCABACBCCABCACBCCCCCBDBACDCBBCBCBACCACADAACCCBABADBCCAABBBCCBB	['A33D', 'D35C', 'C37A', 'A63D', 'B64C', 'A93B']	6	-4.323171	-7.638155	-10.0344515	-2.3962965
BCCDDDCDCDDDBDDDABCDABCABDBACBDCAADDCBCABACBCCABCACBCCCCCBDBACDBBBCBCBCCCACACAACCCBABADBCCAAABBCCBB	['D13B', 'C14D', 'A63D', 'A71C', 'D77C']	5	-4.3251715	-7.3443813	-9.74268	-2.3982983
BCCDDDCDCCDDDCDDABCDABCABDBACBDCAADABBCABACBCCABCACBCCCCCBDBACCDBBCBCBADCACADAACCCBABADBCCAABBBCCBB	['D10C', 'D36A', 'C37B', 'A63C', 'B64D', 'C72D', 'A93B']	7	-4.325544	-5.544512	-7.9431877	-2.398676
BCCDDDCDCDDDDCDDABCDABCABDBACDDCAACACBCABACBCCABCACBCCCCDBDBACDBBBCBCBACCACADAACCCBABADBBCAABBBCCBB	['B30D', 'D35C', 'D36A', 'C57D', 'A63D', 'C89B', 'A93B']	7	-4.3257914	-10.891667	-13.290582	-2.3989143
BCCDDDCDCDDDDCDDABCDABCABDBACBDCAADDCBCABACBCCABCACBCCCCCBDBACDCBBCBCBACCACACAACCCBABADBCBAABBBCCBB	['A63D', 'B64C', 'D77C', 'C90B', 'A93B']	5	-4.3264756	-8.814631	-11.2142315	-2.3996
BCCDDDCDCDDDDCCDABCDABCABDBACBDCAACDABCABACBCCABCACBCCCCCBDBACDBBBCBCBACCACADAACCCBABADBCCAAABBCCBB	['D15C', 'D35C', 'C37A', 'A63D']	4	-4.3274074	-8.985722	-11.386254	-2.4005327
BCCDDDCDCDDDDCCDABCDABCABDBACBDCAADDCBCACACBCCABCACBCCCCCBDBACBBBBCBCBACCACADAACCCBABADBCCAAABBCCBB	['D15C', 'B41C', 'A63B']	3	-4.33077	-9.162365	-11.566261	-2.4038963
BCCDDDCDCDDDDCDDABCDABCABDBACBDCAADDABCACACBCCABCACBCCCCCBDBACDCBBCBCBACCACADAACCCBABADBCCAAABBCCBB	['C37A', 'B41C', 'A63D', 'B64C']	4	-4.3324366	-7.8922486	-10.297812	-2.4055638
BCCDDDCDCDDDDDDDABCDABCABDBACBDCAADDCBCACACBCCABCACBCCCCCBDBACDBBBCBCBACCACADAACCCBABADBCCAABBBCCBB	['C14D', 'B41C', 'A63D', 'A93B']	4	-4.333364	-8.780557	-11.187048	-2.4064913
BCCDDDCDCDDDDCDDABCDABCABDBACBDCAADDCBCACACBCCABCACBCCCCCBDBACDBBBCBCBACCACADAACCCBABADBCCAABBBCCBB	['B41C', 'A63D', 'A93B']	3	-4.334882	-9.133123	-11.541131	-2.4080076
BCCDDDCDCDDDDCDDABCDABCABDBACBDCAADDCBCACACBCCABCACBCCCCCBDBACDBBBCBCBACCACADAACCCBABADBCCAABBBCCBB	['B41C', 'A63D', 'A93B']	3	-4.334882	-9.133123	-11.541131	-2.4080076
AAADDDCDCDDDDCDDABCDABCABDBACBDCAACDCBCABACBCCABCACBCCCCCBDBACABBBCBCBACCACACAACCCBABADBCCAAABBCCBB	['B1A', 'C2A', 'C3A', 'D35C', 'D77C']	5	-4.3351693	-8.858002	-11.266299	-2.4082975
BCCDDDCDCDDDDCDDABCDABCABDBACBDCAADDCBCABACBCCABCACBCCCCCBDBACDBBBCBBBACCACADAACCCBABADBCBAAABBCCBB	['A63D', 'C69B', 'C90B']	3	-4.3356175	-7.664279	-10.073023	-2.4087439
BCCDDDCDCDDDDCDDABCDABCABDBACBDCAADDCBCABACBCCABCACBCCCCCBDBACDBBBCBBBACCACADAACCCBABADBCBAAABBCCBB	['A63D', 'C69B', 'C90B']	3	-4.3356175	-7.664279	-10.073023	-2.4087439
BCCDDDCDCADDBCCDABBDABCABDBACBDCAADDCBCABACBCCABCACBCCCCCBDBACCBBBCBCBACCBCACAACCCBABADBCCAAABBCCBB	['D10A', 'D13B', 'D15C', 'C19B', 'A63C', 'A74B', 'D77C']	7	-4.338002	-5.9797425	-8.390879	-2.4111362
BCCDDDCDCCDDDCDDABCDABCABDBACDDCAACDCBCACACBCCABCACBCCCCCBDBACDBBBCBCBACCACACAACCCBABADBCCAAABBCCBB	['D10C', 'B30D', 'D35C', 'B41C', 'A63D', 'D77C']	6	-4.338511	-8.916002	-11.327638	-2.4116354
BCCDDDCDCCDDDCDDABCDABCABDBACBDCAACDABCABACBCDABCACBCCCCCBDBADDBBBCBCBCCCACACAACCCBABADDCCAABBBCCBB	['D10C', 'D35C', 'C37A', 'C46D', 'C62D', 'A63D', 'A71C', 'D77C', 'B88D', 'A93B']	10	-4.3385625	-7.9782915	-10.389978	-2.411687
BCCDDDCDCDDDDCDDABBDABCABDBACBDCAADACBCABACBCCABCACBCCCCCBDBADCBBBCBCBACCACADAACCCBABADBCCAABBBCCBB	['C19B', 'D36A', 'C62D', 'A63C', 'A93B']	5	-4.338596	-8.564533	-10.976253	-2.4117193
BCCDDDCDCDDDDCDDABCDABCABDBACBDCAADDCBCABACBCCABCACBCCCCCBDCADCBBBCBCBACCACADAACCCBABADBCCAAABBCCBB	['B60C', 'C62D', 'A63C']	3	-4.3389187	-8.189909	-10.601957	-2.4120483
BCCDDDCDCDDDBCDDABCDABCABDBACBDCAADACBCABACBCCABCACBCCCCCBDBACABBBCBABACCACADAACCCBABADBCCAAABBCCBB	['D13B', 'D36A', 'C69A']	3	-4.339093	-7.6482854	-10.060504	-2.4122186
BCCDDDCDCDDDDCDDABBDABCABDBACBDCAADACBCABACBCCABCACBCCCCCBDBACABBBCBCBACCACADAACCCBABADBCCAAABBCCBB	['C19B', 'D36A']	2	-4.339723	-8.325005	-10.737855	-2.4128504
BCCDDDCDCDDDDCDDABBDABCABDBACBDCAADACBCABACBCCABCACBCCCCCBDBACABBBCBCBACCACADAACCCBABADBCCAAABBCCBB	['C19B', 'D36A']	2	-4.339723	-8.325005	-10.737855	-2.4128504
BCCDDDCDCDDDDCDDABCDABCABDBACBDCAADDCBCABACBCCABCACBCCCCCBDBACDBBBCBCBACBACADAACCCBABADBCBAAABBCCBB	['A63D', 'C73B', 'C90B']	3	-4.3401976	-9.932215	-12.345539	-2.4133244
BCCDDDCDCDDDBCDDABCDABCABDBACBDCAADDBBCABACBCCABCACBCCCCCBDCCCDCBBCBCBACCACACAACCCBABADBCBAAABBCCBB	['D13B', 'C37B', 'B60C', 'A61C', 'A63D', 'B64C', 'D77C', 'C90B']	8	-4.34046	-7.0618563	-9.475445	-2.4135885
BCCDDDCDCDDDDCCDABCDABCABDBACBDCAADACBCABACBCCABCACBCCCCCBDBADCBBBCBCBADCACADAACCCBABADBCCAAABBCCBB	['D15C', 'D36A', 'C62D', 'A63C', 'C72D']	5	-4.3407063	-8.86583	-11.279662	-2.4138317
BCCDDDCDCDDBDCDDABBCABCABDBACBDCAADDCBCABACBCCABCACBCCCCCBDBACDBBBCBCBACCACACAACCCBABADBCCAABBBCCBB	['D12B', 'C19B', 'D20C', 'A63D', 'D77C', 'A93B']	6	-4.3437333	-7.7590685	-10.175928	-2.4168596
BCCDDDCDCDDDDCCDABCDABCABDBACBDCAACDCBCACACBCCABCACBCCCCCBDBACACBBCBCBACCACADAACCCBABADBCCAAABBCCBB	['D15C', 'D35C', 'B41C', 'B64C']	4	-4.3439717	-9.227358	-11.644454	-2.4170961
BCCDDDCDCDDDBCDDABBDABCABDBACBDCAADDCBCABACBCCABCACBCCCCCBDBACDBBBCBCBCCCACACAACCCBABADBCCAABBBCCBB	['D13B', 'C19B', 'A63D', 'A71C', 'D77C', 'A93B']	6	-4.3454776	-7.7119303	-10.130534	-2.418604
BCCDDDCDCDDDBCDDABBDABCABDBACBDCAADDCBCABACBCCABCACBCCCCCBDBACDBBBCBCBCCCACACAACCCBABADBCCAABBBCCBB	['D13B', 'C19B', 'A63D', 'A71C', 'D77C', 'A93B']	6	-4.3454776	-7.7119303	-10.130534	-2.418604
BCCDDDCDCDDDDDCDABCDABCABDBACBDCAADDABCACACBCCABCACBCCCCCBDBACDBBBCBCBAACACADAACCCBABADBCCAAABBCCBB	['C14D', 'D15C', 'C37A', 'B41C', 'A63D', 'C72A']	6	-4.3454905	-8.128145	-10.5467615	-2.4186163
BCCDDDCDCDDDDCDDABCDABCABDBACBDCAADDCBBABACBCCABCACBCCCCCBDBACDBBBCBCBACCACADAACCCBABADBCCAAABBCCBB	['C39B', 'A63D']	2	-4.347228	-8.796961	-11.217316	-2.4203548
BCCDDDCDCDDCDDDDABCDABCABDBACBDCAACDCBCACACBCCABCACBCCCCCBDBADDBBBCCCBCCCACACAACCCBABADBCCAABBBCCBA	['D12C', 'C14D', 'D35C', 'B41C', 'C62D', 'A63D', 'B68C', 'A71C', 'D77C', 'A93B', 'B99A']	11	-4.3479652	-9.497761	-11.918849	-2.4210882
BCCDDDCDCDDADDCDABCDABCABDBACBDCAACDABCACACBCCABCACBCCCCCBDCACDBBBCBCBADCACADAACCCBABADBCCAAABBCCBB	['D12A', 'C14D', 'D15C', 'D35C', 'C37A', 'B41C', 'B60C', 'A63D', 'C72D']	9	-4.347975	-8.657126	-11.078231	-2.4211044
BCCDDDCDCDDDDCDDABCDABCABDBACBDCAADDCBCABACBCDABCACBCCCCCBDBACABBBCBCBACCACADAACCCBBBADBCCAAABBCCBB	['C46D', 'A84B']	2	-4.351881	-6.988933	-9.413947	-2.425014
BCCDDDCDCDDDDCDDABCDABCABDBACBDCAADACBCABACBCCABCACBCCCCCBDBACACBBCBCBACCACADAACCCBABADBCCAABBBCCBB	['D36A', 'B64C', 'A93B']	3	-4.3523035	-8.274262	-10.69969	-2.4254274
BCCDDDCDCDDDDCCDABCDABCABDBACBDCAADACBCABACBCCABCACBCCCCCBDBACABBBCBCBACCACADAACCCBABADBCCAABBBCCBB	['D15C', 'D36A', 'A93B']	3	-4.3525467	-9.376914	-11.802589	-2.4256754
BCCDDDCDCDDDDDDDABBDABCABDBACBDCAADDCBCABACBCCABCACBCCCCCBDBACDBBBCBCBACCACADAACCCBABADBCCAAABBCCBB	['C14D', 'C19B', 'A63D']	3	-4.35316	-7.9951973	-10.421484	-2.4262867
BCCDDDCDCDDDDDDDABBDABCABDBACBDCAADDCBCABACBCCABCACBCCCCCBDBACDBBBCBCBACCACADAACCCBABADBCCAAABBCCBB	['C14D', 'C19B', 'A63D']	3	-4.35316	-7.9951973	-10.421484	-2.4262867
BCCDDDCDCDDDDCDDABBDABCABDBACBDCAACDCBCABACBCCABCACBCCCCCBDBACDABBCBCBACCACADAACCCBABADBCCAAABBCCBB	['C19B', 'D35C', 'A63D', 'B64A']	4	-4.3531656	-7.2986803	-9.724972	-2.4262915
BCCDDDCDCDDDDCDDABBDABCABDBACBDCAADDCBCABACBCCABCACBCCCCCBDBACDBBBCBCBACCACADAACCCBABADBCCAAABBCCBB	['C19B', 'A63D']	2	-4.3546786	-8.347763	-10.775567	-2.427804
BCCDDDCDCDDDDCDDABCDABCABDBACDDCBADDBBCABACBCDABCACBCCCCCBDBACABBBCBCBACCACADAACCCBABADCCCAABBBCCBB	['B30D', 'A33B', 'C37B', 'C46D', 'B88C', 'A93B']	6	-4.356603	-7.357239	-9.786971	-2.4297323
BCCDDDCDCDDDDCDDABCDABCABDBACBDCAACDBBCABACBCCABCACBCCCCCBDBACBBBBCBCBACCACADAACCCBABADBCCAAABBCCBB	['D35C', 'C37B', 'A63B']	3	-4.3571825	-7.852507	-10.282821	-2.4303136
AAADDDCDCDDDDCDDABCDABCABDBACBDCAACDCBCABACBCCABCACBCCCCCBDBACDDBBCBCBACCACADAACCCBABADBCCAAABBCCBB	['B1A', 'C2A', 'C3A', 'D35C', 'A63D', 'B64D']	6	-4.358	-8.193866	-10.624989	-2.4311228
BCCDDDCDCDDDDCDDABCDABCABDBACBDCAADDBBCABACBCCABCACBCCCCCBDBACDBBBCBCBACCACACAACCCBABADBCBAABBBCCBB	['C37B', 'A63D', 'D77C', 'C90B', 'A93B']	5	-4.3584037	-8.616605	-11.048138	-2.4315329
BCCDDDCDCDDDDCDDABCDABCABDBACBDCAADDBBCABACBCCABCACBCCCCCBDBACDBBBCBCBACCACACAACCCBABADBCBAABBBCCBB	['C37B', 'A63D', 'D77C', 'C90B', 'A93B']	5	-4.3584037	-8.616605	-11.048138	-2.4315329
BCCDDDCDCDDDDCDDABCDABCABDBACBDCDADDCBCABACBCCABCACBCCCCCBDBACDBBBCBCAACCACADAACCCBABADBCCAAABBCCBB	['A33D', 'A63D', 'B70A']	3	-4.359677	-8.422516	-10.855318	-2.4328022
BCCDDDCDCDDDDDCDABCDABCABDBACBDCAACDABCACACBCCABCACBCCCCCBDBADACBBCBCBACCACADAACCCBABADBCCAAABBCCBB	['C14D', 'D15C', 'D35C', 'C37A', 'B41C', 'C62D', 'B64C']	7	-4.360278	-8.896299	-11.3296995	-2.4334002
BCCDDDCDCDDDBDDDABCDABCABDBACBDCAACDBBCABACBCCABCACBCCCCCBDBACDBBBCBCBACCACADAACCCBABADBCCAAABBCCBB	['D13B', 'C14D', 'D35C', 'C37B', 'A63D']	5	-4.3606277	-7.128267	-9.56202	-2.4337535
BCCDDDCDCDDDDCDDABCDABCABDBACBDCAADDCBCACACBCDABCACBCCCCCBDBACDBBBCBBBACCACADAACCCBABADBCCAAABBCCBB	['B41C', 'C46D', 'A63D', 'C69B']	4	-4.361494	-7.6576247	-10.092247	-2.4346223
BCCDDDCDCDDDDCDDABABABCABDBACBDCAADDCBCABACBCDABCACBCCCCCBDBACCBBBCBCBACCACADAACCCBABADBCCAAABBCCBB	['C19A', 'D20B', 'C46D', 'A63C']	4	-4.3619294	-7.1868496	-9.621909	-2.4350595
BCCDDDCDCDDDDCCDABCDABCABDBACBDCAADACBCABACBCDABCCCBCCCCCBDBADCBDBCBCBACCACADAACCDBABADBCCAAABBCCBB	['D15C', 'D36A', 'C46D', 'A50C', 'C62D', 'A63C', 'B65D', 'C82D']	8	-4.3642545	-9.899734	-12.33711	-2.437376
BCCDDDCDCCDDDCCDADCAABCABDBACBDCAACDBBCABACBCDABCACBCCCCCBDBACDBBBCBCBACCACADAACCCBABADDCCAABBBCCBB	['D10C', 'D15C', 'B18D', 'D20A', 'D35C', 'C37B', 'C46D', 'A63D', 'B88D', 'A93B']	10	-4.3647842	-7.40318	-9.841091	-2.437911
BCCDDDCDCDDDDCDDABBDABCABDBACBDCAACABBCABACBBCABCACBCCCCCBDBACDBBBCBCBACCACACAACCCBABADBCCAABBBCCBB	['C19B', 'D35C', 'D36A', 'C37B', 'C45B', 'A63D', 'D77C', 'A93B']	8	-4.3654175	-8.433571	-10.872115	-2.4385443
BCCDDDCDCDDDBDCDABCDABCABDBACBDCAADACBCACACBBCABCACBCCCCCBDBACDBBBCBCBADCACADAACCCBABADBCCAAABBCCBB	['D13B', 'C14D', 'D15C', 'D36A', 'B41C', 'C45B', 'A63D', 'C72D']	8	-4.366091	-8.078025	-10.51724	-2.4392147
BCCDDDCDCDDDDCDDABCDABCABDBACBDCAACDBBCABACBCCABCACBCCCCCBDBACABBBCBCBCCCACACAACCCBABADBCCAAABBCCBB	['D35C', 'C37B', 'A71C', 'D77C']	4	-4.3668547	-7.935588	-10.375573	-2.4399853
BCCDDDCDCDDADCDDABCDABCABDBACBDCAADDABCACACBCCABCACBCCCCCBDBACDBBBBBABACCACADAACCCBABADBCCAAABBCCBB	['D12A', 'C37A', 'B41C', 'A63D', 'C67B', 'C69A']	6	-4.367064	-8.169796	-10.609987	-2.4401913
BCCDDDCDCDDDDCCDABCDABCABDBACBDCAADDCBCABACBCCABCACBCCCCCBDBACDBBBCBCBACCACADAACCCBABADBCCAABBBCCBB	['D15C', 'A63D', 'A93B']	3	-4.367502	-9.399672	-11.8403	-2.440628
BCCDDDCDCDDDDCCDABCDABCABDBACBDCAADDCBCABACBCCABCACBCCCCCBDBACDBBBCBCBACCACADAACCCBABADBCCAABBBCCBB	['D15C', 'A63D', 'A93B']	3	-4.367502	-9.399672	-11.8403	-2.440628
BCCDDDCDCDDDDCDDABCDABCABDBACBDCAADDBBCABACBCCABCACBCCCCCBDBADABBBCBCBBCCACACAACCCBABADBCCAAABBDCBB	['C37B', 'C62D', 'A71B', 'D77C', 'C96D']	5	-4.367849	-8.259865	-10.700839	-2.4409742
BCCDDDCDCDDDDCCDABCAABCABDBACDDCAACCCBBABACBCCABCACBCCCCCBDBACDBBBCBCBACCACADAACCCBABADCCCAAABBCCBB	['D15C', 'D20A', 'B30D', 'D35C', 'D36C', 'C39B', 'A63D', 'B88C']	8	-4.368339	-10.027702	-12.469165	-2.4414625
BCCDDDCDCDDDDCDDABCDABCABDBACBDCAADDBBCABACBCCABCACBCCCCCBDBACCBBBCBCBCCCACACAACCCBABADBCBAABBBCCBB	['C37B', 'A63C', 'A71C', 'D77C', 'C90B', 'A93B']	6	-4.3684497	-7.537024	-9.978604	-2.4415803
BCCDDDCDCDDDDDDDABCDABCABDBACBDCAADDCBCACACBCCABCACBCCCCCBDBACDBBBCBCBCBCACACAACCCBABADBCCAABBBCCBB	['C14D', 'B41C', 'A63D', 'A71C', 'C72B', 'D77C', 'A93B']	7	-4.3689528	-8.710548	-11.152626	-2.4420776
BCCDDDCDCDDABDDDABCDABCABDBACBDCAADABBCABACBCCABCACBCCDCDBDBACDBBBCBCBACCACADAACCCBABADBCCAAABBCCBB	['D12A', 'D13B', 'C14D', 'D36A', 'C37B', 'C55D', 'C57D', 'A63D']	8	-4.3693237	-7.3490787	-9.79153	-2.442451
BCCDDDCDCDDDDCCDABCDABCABDBACBDCAADACBCABACBCCABCACBCCCCCBDBACCBBBCBCBACCACADAACCCBABADBCCAAABBCCBB	['D15C', 'D36A', 'A63C']	3	-4.3707476	-8.616146	-11.060021	-2.4438753
BCCDDDCDCDDDBCDDABCDABCABDBACBDCAADDCBCABACBCCABCACBCCCCCBDBACDCBBCBCBACCACADAACCCBABADBCCADBBBCCBB	['D13B', 'A63D', 'B64C', 'A92D', 'A93B']	5	-4.370893	-6.9156513	-9.359669	-2.4440174
BCCDDDCDCCDDBCDDABCDABBABDBACBDCAACDDBCACACBCDABCACBCCCCCBDBACABBBCBCBCCCACACAACCCBBBADDDCAAABBCCBB	['D10C', 'D13B', 'C23B', 'D35C', 'C37D', 'B41C', 'C46D', 'A71C', 'D77C', 'A84B', 'B88D', 'C89D']	12	-4.3734093	-6.4969015	-8.943442	-2.4465408
BCCDDDCDCDDCDDDDABCDABCABDBACBDCAADDABCABACBCCABCACBCCCCCBDBACDBBBCBBBACCACADAACCCBABADBCCAAABBCCBB	['D12C', 'C14D', 'C37A', 'A63D', 'C69B']	5	-4.374685	-6.1599317	-8.607747	-2.4478154
BCCDDDCDCDDCDDDDABCDABCABDBACBDCAADDABCABACBCCABCACBCCCCCBDBACDBBBCBBBACCACADAACCCBABADBCCAAABBCCBB	['D12C', 'C14D', 'C37A', 'A63D', 'C69B']	5	-4.374685	-6.1599317	-8.607747	-2.4478154
BCCDDDCDCDDDDCDDABCDABCABDBACBDCAADDBBCABACBCCABCACBCCCCDBDBACDBBBCBCBACCACADAACCCBABADBCCAABBBCCBB	['C37B', 'C57D', 'A63D', 'A93B']	4	-4.377033	-8.757135	-11.207295	-2.45016
BCCDDDCDCDDDDCDDABCDABCABDBACBDCDADDABCABACBCCABCACBCCCCDBDBACDCBBCBCBACCACADAACCCBABADBCCAAABBCCBB	['A33D', 'C37A', 'C57D', 'A63D', 'B64C']	5	-4.378266	-7.7314577	-10.182851	-2.4513931
BCCDDDCDCDDDDCDDABCDABCABDBACBDCDADDABCABACBCCABCACBCCCCDBDBACDCBBCBCBACCACADAACCCBABADBCCAAABBCCBB	['A33D', 'C37A', 'C57D', 'A63D', 'B64C']	5	-4.378266	-7.7314577	-10.182851	-2.4513931
AAADDDCDCDDBDCDDABBDABCABDBACBDCAACDABCABACBCCABCACBCCCCCBDBACDBBBCBCBACCACACAACCCBABADBCCAAABBCCBB	['B1A', 'C2A', 'C3A', 'D12B', 'C19B', 'D35C', 'C37A', 'A63D', 'D77C']	9	-4.3786526	-7.724894	-10.176673	-2.451779
BCCDDDCDCCDDDCCDABCAABCABDBACBDCAACDCBCABACBCDABCACBCCCCCBDBACDBBBCBCBACCACADAACCCBABADDCCAABBBCCBB	['D10C', 'D15C', 'D20A', 'D35C', 'C46D', 'A63D', 'B88D', 'A93B']	8	-4.3809376	-7.95721	-10.41127	-2.45406
BCCDDDCDCADDBCDDABCDABCABDBACBDCDADDCBCABACBBCABCACBCCCCCBDBACCCBBCBCBACCACADAACCCBABADBCCAAABBCCBB	['D10A', 'D13B', 'A33D', 'C45B', 'A63C', 'B64C']	6	-4.61762	-4.3814564	-7.0722113	-2.4545913
BCCDDDCDCDDCDDCCABCDABCABDBACBDCAADDABCABACBCCABCACBCCCCCBDBACABBBCBCBACCACADAACCCBABADBCCAAABBCCBB	['D12C', 'C14D', 'D15C', 'D16C', 'C37A']	5	-4.3835173	-6.997326	-9.453972	-2.456646
BCCDDDCDCDDDDCDDABCDABCABDBACBDCAADCCBCABACBCCABCACBCCCCCBDBACABBBCBCBACCACADAACCCBABADBCCAAABBCCBB	['D36C']	1	-4.3837323	-9.091666	-11.548526	-2.4568596
BCCDDDCDCDDDDCDDABCDABCABDBACBDCAADDCBCABACBCCABCACBCCCCDBDBACDBBBCBCBACCACADAACCCBABADBCCAAABBCCBB	['C57D', 'A63D']	2	-4.3847055	-9.217246	-11.675079	-2.4578333
BCCDDDCDCDDDDCDDABCDABCABDBACBDCAADDCBCABACBCCABCACBCCCCDBDBACDBBBCBCBACCACADAACCCBABADBCCAAABBCCBB	['C57D', 'A63D']	2	-4.3847055	-9.217246	-11.675079	-2.4578333
BCCDDDCDCDDDDCDDABCDABCABDBACBDCAADDCBCABACBCCABCACBCCCCDBDBACDBBBCBCBACCACADAACCCBABADBCCAAABBCCBB	['C57D', 'A63D']	2	-4.3847055	-9.217246	-11.675079	-2.4578333
BCCDDDCDCDDDDCDDABCDABCABDBACBDCAADDCBCABACBCCABCACBCCCCDBDBACDBBBCBCBACCACADAACCCBABADBCCAAABBCCBB	['C57D', 'A63D']	2	-4.3847055	-9.217246	-11.675079	-2.4578333
BCCDDDCDCDDDDCDDABCDABCABDBACBDCAADDCBCABACBCCABCACBCCCCDBDBACDBBBCBCBACCACADAACCCBABADBCCAAABBCCBB	['C57D', 'A63D']	2	-4.3847055	-9.217246	-11.675079	-2.4578333
BCCDDDCDCDDDDCDDABCDABCABDBACBDCAADDCBCABACBCCABCACBCCCCDBDBACDBBBCBCBACCACADAACCCBABADBCCAAABBCCBB	['C57D', 'A63D']	2	-4.3847055	-9.217246	-11.675079	-2.4578333
BCCDDDCDCDDDDCDDABCDABCABDBACBDCAADDCBCACACBCCABCACBCCCCCBDBACCCBBCBCBACCACADAACCCBABADBCBAAABBCCBB	['B41C', 'A63C', 'B64C', 'C90B']	4	-4.384922	-7.988227	-10.446275	-2.4580479
BCCDDDCDCDDDBCDDABCDABCABDBACBDCAADDCBCABACBCCABCACBCCCCCBDBACDBBBCBCBACCBCADAACCCBABADBCCAAABBCCBB	['D13B', 'A63D', 'A74B']	3	-4.385157	-7.6117897	-10.070073	-2.4582834
BCCDDDCDCDDDDCCDABCDABCABDBACBDCAADDCBAABACBCCABCACBCCCCCBDBADDBBBCBCBACCACADAACCCBABADBCCAAABBCCBB	['D15C', 'C39A', 'C62D', 'A63D']	4	-4.385641	-10.13953	-12.598295	-2.458765
BCCDDDCDCDDDDCDDABCDABCABDBACDDCAACCCBCABACBBCABCACBCCCCCBDBADBBBBCBCBCCCACACAACCCBABADBBCAAABBCCBB	['B30D', 'D35C', 'D36C', 'C45B', 'C62D', 'A63B', 'A71C', 'D77C', 'C89B']	9	-4.387183	-10.436522	-12.896827	-2.4603052
BCCDDDCDCDDDDCDDABCDABCABDBACBDCAADDCBAABACBCCABCACBCCCCCBDCADDBBBCBCBACCACACAACCCBABADBCCAABBBCCBB	['C39A', 'B60C', 'C62D', 'A63D', 'D77C', 'A93B']	6	-4.3878994	-9.782541	-12.243567	-2.4610262
BCCDDDCDCDDDDCDDABCDABCABDBACBDCAACDCBCABACBCCABCACBCCCCCBDBACDBBBCBCBADCACADAACCCBABADBCCAAABBCCBB	['D35C', 'A63D', 'C72D']	3	-4.3898664	-8.599657	-11.062652	-2.4629946
BCCDDDCDCDDDDCDDABCDABCABDBACDDCAACDCBCACACBCCABCACBCCCCCBDBACDBBBCBCBBCCACACAACCCBABADBCCAABBBCCBB	['B30D', 'D35C', 'B41C', 'A63D', 'A71B', 'D77C', 'A93B']	7	-4.3907113	-9.890994	-12.35483	-2.4638357
BCCDDDCDCADADCDDABCDABCABDBACBDCAADDCBCACACBCCABCACBCCCCCBDBACDBBBCBCBACCACACAACCCBABADBCCAABBBCCBB	['D10A', 'D12A', 'B41C', 'A63D', 'D77C', 'A93B']	6	-4.390713	-7.9892664	-10.453107	-2.4638405
BCCDDDCDCDDDDCDDABBDABCABDBACBDCAADDABCACACBCCABCACBCCCCCBDBACDBBBCBCBACCACADAACCCBABADBCCAAABBCCBB	['C19B', 'C37A', 'B41C', 'A63D']	4	-4.390823	-8.169316	-10.633266	-2.4639502
BCCDDDCDCDDADCDDABCDABCABDBACBDCAADABBCABACBCCABCACBCCCCDBDBACDBBBCBCBACCACADAACCCBABADBCCAABBBCCBB	['D12A', 'D36A', 'C37B', 'C57D', 'A63D', 'A93B']	6	-4.3917284	-9.09102	-11.555877	-2.464857
BCCDDDCDCDDDDCDDABCDABCABDBACBDCAADACBCABACBCCABCACBCCCCCBDBACABBBCBCBACCACADAACCCBABADBCCAAABBCCBB	['D36A']	1	-4.391903	-8.536347	-11.001376	-2.4650288
BCCDDDCDCDDDDCDDABCDABCABDBACBDCAADDCBCABACBCCABCACBCCCCCBDBACBBBBCBCBCCCACACAACCCBABADBCCAABBBCCBB	['A63B', 'A71C', 'D77C', 'A93B']	4	-4.392694	-8.294947	-10.760771	-2.4658241
BCCDDDCDCDDDBCDDBBCDABCABDBACBDCAACDABCABACBCCABCACBCCCCCBDBACDBBBCBABADCACADAACCCBABADBCCAAABBCCBB	['D13B', 'A17B', 'D35C', 'C37A', 'A63D', 'C69A', 'C72D']	7	-4.394265	-7.347346	-9.814739	-2.4673934
AAADDDCDCDDDDCDDABCDABCABDBACBDCAADDABCABACBCCABCACBCCCCCBDBACABBBCBCBACCACADAACCCBABADBCCAAABBCCBB	['B1A', 'C2A', 'C3A', 'C37A']	4	-4.396499	-7.7238054	-10.193435	-2.4696293
BCCDDDCDCDDDDCDDABCDABCABDBACBDCAACDABCABACBCCABCACBCCCCDBDCCCDBBBCBCBACCACADAACCCBABADBCCAAABBCCBB	['D35C', 'C37A', 'C57D', 'B60C', 'A61C', 'A63D']	6	-4.3970275	-8.919956	-11.390115	-2.4701586
BCCDDDCDCDDDDCDDABADABCABDBACBDCAADDABCABACBCCABCACBCCCCCBDBACDBBBCBCBACCACADAACCCBABADBCCAAABBCCBB	['C19A', 'C37A', 'A63D']	3	-4.3973055	-7.6497593	-10.1201935	-2.4704342
BCCDDDCDCDDDDCDDABCDABCABDBACBDCAADDCBCABACBCCABCACBCCCCDBDBACDCBBCBCBACCACACACCCCBABADBCCAAABBCCBB	['C57D', 'A63D', 'B64C', 'D77C', 'A79C']	5	-4.397472	-7.7628565	-10.233456	-2.4705992
BCCDDDCDCDDDBDCDABCDABCABDBACBDCAADDBBCABACBCCABCACBCCCCCBDBACDBBBCBCBACCACADAACCCBABADBCCAAABBCCBB	['D13B', 'C14D', 'D15C', 'C37B', 'A63D']	5	-4.398519	-7.403996	-9.875643	-2.4716468
BCCDDDCDCDDDDDDDABCDABCABDBACBDCAADDABCACACBCCABCACBCCCCCBDBACDBBBCBCBACCACACAACCCBABADBCBAAABBCCBB	['C14D', 'C37A', 'B41C', 'A63D', 'D77C', 'C90B']	6	-4.400701	-8.545703	-11.019529	-2.4738264
BCCDDDCDCDDDDCDDABCDABCABDBACBDCAADDBBCABACBCCABCACBCCCCCBDBADDBBBCBBBACCACADAACCCBABADBCCAAABBCCBB	['C37B', 'C62D', 'A63D', 'C69B']	4	-4.4024715	-7.2774224	-9.753023	-2.4756007
BCCDDDCDCDDCDDDDABCDABCABDBACBDCDADDABCABACBCCABCACBCCCCCBDBACACBBCBCBACCACADAACCCBABADBCCAAABBCCBB	['D12C', 'C14D', 'A33D', 'C37A', 'B64C']	5	-4.402805	-6.199393	-8.675326	-2.4759336
BCCDDDCDCDDDDCDDABCDABCABDBACBDCAADDABCABACBCCABCACBCCCCDBDBACCBBBCBCBBCCACACAACCCBABADBCCAABBBCCBB	['C37A', 'C57D', 'A63C', 'A71B', 'D77C', 'A93B']	6	-4.403252	-8.096477	-10.572858	-2.4763813
BCCDDDCDCDDDDCDDABCDABCABDBACBDCAADDABCACACBCCABCACBCCCCCBDBACDCBBCBCBACCACADAACCCBABADBCCAABBBCCBB	['C37A', 'B41C', 'A63D', 'B64C', 'A93B']	5	-4.4034047	-8.118574	-10.595105	-2.476531
BCCDDDCDCDDBDCDCABBDABCABDBACBDCAADACBCABACBCCABCACBCCCCDBDBADCCBBCBCBACCACADAACCCBABADBCCAAABBCCBB	['D12B', 'D16C', 'C19B', 'D36A', 'C57D', 'C62D', 'A63C', 'B64C']	8	-4.4061546	-7.1925707	-9.671855	-2.4792843
BCCDDDCDCDDDDCDDABCDABCABDBACBDCAACDABCACACBCCABCACBCCCCCBDBDCACBBCBCBACCACADAACCCBABADBCCAAABBCCBB	['D35C', 'C37A', 'B41C', 'A61D', 'B64C']	5	-4.4063406	-8.07604	-10.555508	-2.4794674
BCCDDDCDCBDDDCDDABCDABCABDBACDDCAADDABCACACBCCABCACBCCCCCBDBADABBBCBCBACCACACAACCCBABADBCCAABBBCCBB	['D10B', 'B30D', 'C37A', 'B41C', 'C62D', 'D77C', 'A93B']	7	-4.4067817	-8.341963	-10.821871	-2.479908
BCCDDDCDCDDDDCDDABCDABCABDBACBDCAADDCBCABACBCCABCACBCCCCCBDBACDBBBCBCBACCACADAACCCBABADBCCAAABBCCBB	['A63D']	1	-4.4068584	-8.559107	-11.039091	-2.4799843
BCCDDDCDCDDDDCDDABCDABCABDBACBDCAADDCBCABACBCCABCACBCCCCCBDBACDBBBCBCBACCACADAACCCBABADBCCAAABBCCBB	['A63D']	1	-4.4068584	-8.559107	-11.039091	-2.4799843
BCCDDDCDCDDDDCDDABCDABCABDBACBDCAADDCBCABACBCCABCACBCCCCCBDBACDBBBCBCBACCACADAACCCBABADBCCAAABBCCBB	['A63D']	1	-4.4068584	-8.559107	-11.039091	-2.4799843
BCCDDDCDCDDDDCDDABCDABCABDBACBDCAADDCBCABACBCCABCACBCCCCCBDBACDBBBCBCBACCACADAACCCBABADBCCAAABBCCBB	['A63D']	1	-4.4068584	-8.559107	-11.039091	-2.4799843
BCCDDDCDCDDDDCDDABCDABCABDBACBDCAADDCBCABACBCCABCACBCCCCCBDBACDBBBCBCBACCACADAACCCBABADBCCAAABBCCBB	['A63D']	1	-4.4068584	-8.559107	-11.039091	-2.4799843
BCCDDDCDCDDDDCDDABCDABCABDBACBDCAADDCBCABACBCCABCACBCCCCCBDBACDBBBCBCBACCACADAACCCBABADBCCAAABBCCBB	['A63D']	1	-4.4068584	-8.559107	-11.039091	-2.4799843
BCCDDDCDCDDDDCDDABCDABCABDBACBDCAADDCBCABACBCCABCACBCCCCCBDBACDBBBCBCBACCACADAACCCBABADBCCAAABBCCBB	['A63D']	1	-4.4068584	-8.559107	-11.039091	-2.4799843
BCCDDDCDCDDDDCDDABCDABCABDBACBDCAADDCBCABACBCCABCACBCCCCCBDBACDBBBCBCBACCACADAACCCBABADBCCAAABBCCBB	['A63D']	1	-4.4068584	-8.559107	-11.039091	-2.4799843
BCCDDDCDCDDDDCDDABCDABCABDBACBDCAADDCBCABACBCCABCACBCCCCCBDBACDBBBCBCBACCACADAACCCBABADBCCAAABBCCBB	['A63D']	1	-4.4068584	-8.559107	-11.039091	-2.4799843
BCCDDDCDCDDDDCDDABCDABCABDBACBDCAADDCBCABACBCCABCACBCCCCCBDBACDBBBCBCBACCACADAACCCBABADBCCAAABBCCBB	['A63D']	1	-4.4068584	-8.559107	-11.039091	-2.4799843
BCCDDDCDCDDDDCDDABCDABCABDBACBDCAADDCBCABACBCCABCACBCCCCCBDBACDBBBCBCBACCACADAACCCBABADBCCAAABBCCBB	['A63D']	1	-4.4068584	-8.559107	-11.039091	-2.4799843
BCCDDDCDCDDDDCDDABCDABCABDBACBDCAADDCBCABACBCCABCACBCCCCCBDBACDBBBCBCBACCACADAACCCBABADBCCAAABBCCBB	['A63D']	1	-4.4068584	-8.559107	-11.039091	-2.4799843
BCCDDDCDCDDDDCDDABCDABCABDBACBDCAADDCBCABACBCCABCACBCCCCCBDBACDBBBCBCBACCACADAACCCBABADBCCAAABBCCBB	['A63D']	1	-4.4068584	-8.559107	-11.039091	-2.4799843
BCCDDDCDCDDDDCDDABCDABCABDBACBDCAADDCBCABACBCCABCACBCCCCCBDBACDBBBCBCBACCACADAACCCBABADBCCAAABBCCBB	['A63D']	1	-4.4068584	-8.559107	-11.039091	-2.4799843
BCCDDDCDCDDDDCDDABCDABCABDBACBDCAADDCBCABACBCCABCACBCCCCCBDBACDBBBCBCBACCACADAACCCBABADBCCAAABBCCBB	['A63D']	1	-4.4068584	-8.559107	-11.039091	-2.4799843
BCCDDDCDCDDDDCDDABCDABCABDBACBDCAADDCBCABACBCCABCACBCCCCCBDBACDBBBCBCBACCACADAACCCBABADBCCAAABBCCBB	['A63D']	1	-4.4068584	-8.559107	-11.039091	-2.4799843
BCCDDDCDCDDDDCDDABCDABCABDBACBDCAADDCBCABACBCCABCACBCCCCCBDBACDBBBCBCBACCACADAACCCBABADBCCAAABBCCBB	['A63D']	1	-4.4068584	-8.559107	-11.039091	-2.4799843
BCCDDDCDCDDDDCDDABCDABCABDBACBDCAADDCBCABACBCCABCACBCCCCCBDBACDBBBCBCBACCACADAACCCBABADBCCAAABBCCBB	['A63D']	1	-4.4068584	-8.559107	-11.039091	-2.4799843
BCCDDDCDCDDDDCDDABCDABCABDBACBDCAADDCBCABACBCCABCACBCCCCCBDBACDBBBCBCBACCACADAACCCBABADBCCAAABBCCBB	['A63D']	1	-4.4068584	-8.559107	-11.039091	-2.4799843
BCCDDDCDCDDDDCDDABCDABCABDBACBDCAADDCBCABACBCCABCACBCCCCCBDBACDBBBCBCBACCACADAACCCBABADBCCAAABBCCBB	['A63D']	1	-4.4068584	-8.559107	-11.039091	-2.4799843
BCCDDDCDCDDDDCDDABCDABCABDBACBDCAADDCBCABACBCCABCACBCCCCCBDBACDBBBCBCBACCACADAACCCBABADBCCAAABBCCBB	['A63D']	1	-4.4068584	-8.559107	-11.039091	-2.4799843
BCCDDDCDCDDDDCDDABCDABCABDBACBDCAADDCBCABACBCCABCACBCCCCCBDBACDBBBCBCBACCACADAACCCBABADBCCAAABBCCBB	['A63D']	1	-4.4068584	-8.559107	-11.039091	-2.4799843
BCCDDDCDCDDDDCDDABCDABCABDBACBDCAADDCBCABACBCCABCACBCCCCCBDBACDBBBCBCBACCACADAACCCBABADBCCAAABBCCBB	['A63D']	1	-4.4068584	-8.559107	-11.039091	-2.4799843
BCCDDDCDCDDDDCDDABCDABCABDBACBDCAADDCBCABACBCCABCACBCCCCCBDBACDBBBCBCBACCACADAACCCBABADBCCAAABBCCBB	['A63D']	1	-4.4068584	-8.559107	-11.039091	-2.4799843
BCCDDDCDCDDDDCDDABCDABCABDBACBDCAADDCBCABACBCCABCACBCCCCCBDBACDBBBCBCBACCACADAACCCBABADBCCAAABBCCBB	['A63D']	1	-4.4068584	-8.559107	-11.039091	-2.4799843
BCCDDDCDCDDDDCDDABCDABCABDBACBDCAADDCBCABACBCCABCACBCCCCCBDBACDBBBCBCBACCACADAACCCBABADBCCAAABBCCBB	['A63D']	1	-4.4068584	-8.559107	-11.039091	-2.4799843
BCCDDDCDCDDDDCDDABCDABCABDBACBDCAADDCBCABACBCCABCACBCCCCCBDBACDBBBCBCBACCACADAACCCBABADBCCAAABBCCBB	['A63D']	1	-4.4068584	-8.559107	-11.039091	-2.4799843
BCCDDDCDCDDDDCDDABCDABCABDBACBDCAADDCBCABACBCCABCACBCCCCCBDBACDBBBCBCBACCACADAACCCBABADBCCAAABBCCBB	['A63D']	1	-4.4068584	-8.559107	-11.039091	-2.4799843
BCCDDDCDCDDDDCDDABCDABCABDBACBDCAADDCBCABACBCCABCACBCCCCCBDBACDBBBCBCBACCACADAACCCBABADBCCAAABBCCBB	['A63D']	1	-4.4068584	-8.559107	-11.039091	-2.4799843
BCCDDDCDCDDDDCDDABCDABCABDBACBDCAADDCBCABACBCCABCACBCCCCCBDBACDBBBCBCBACCACADAACCCBABADBCCAAABBCCBB	['A63D']	1	-4.4068584	-8.559107	-11.039091	-2.4799843
BCCDDDCDCDDDDCDDABCDABCABDBACBDCAADDCBCABACBCCABCACBCCCCCBDBACDBBBCBCBACCACADAACCCBABADBCCAAABBCCBB	['A63D']	1	-4.4068584	-8.559107	-11.039091	-2.4799843
BCCDDDCDCDDDDCDDABCDABCABDBACBDCAADDCBCABACBCCABCACBCCCCCBDBACDBBBCBCBACCACADAACCCBABADBCCAAABBCCBB	['A63D']	1	-4.4068584	-8.559107	-11.039091	-2.4799843
BCCDDDCDCDDDDCDDABCDABCABDBACBDCAADDCBCABACBCCABCACBCCCCCBDBACDBBBCBCBACCACADAACCCBABADBCCAAABBCCBB	['A63D']	1	-4.4068584	-8.559107	-11.039091	-2.4799843
BCCDDDCDCDDDDCDDABCDABCABDBACBDCAADDCBCABACBCCABCACBCCCCCBDBACDBBBCBCBACCACADAACCCBABADBCCAAABBCCBB	['A63D']	1	-4.4068584	-8.559107	-11.039091	-2.4799843
BCCDDDCDCDDDDCDDABCDABCABDBACBDCAADDCBCABACBCCABCACBCCCCCBDBACDBBBCBCBACCACADAACCCBABADBCCAAABBCCBB	['A63D']	1	-4.4068584	-8.559107	-11.039091	-2.4799843
BCCDDDCDCDDDDCDDABCDABCABDBACBDCAADDCBCABACBCCABCACBCCCCCBDBACDBBBCBCBACCACADAACCCBABADBCCAAABBCCBB	['A63D']	1	-4.4068584	-8.559107	-11.039091	-2.4799843
BCCDDDCDCDDDDCDDABCDABCABDBACBDCAADDCBCABACBCCABCACBCCCCCBDBACDBBBCBCBACCACADAACCCBABADBCCAAABBCCBB	['A63D']	1	-4.4068584	-8.559107	-11.039091	-2.4799843
BCCDDDCDCDDDDCDDABCDABCABDBACBDCAADDCBCABACBCCABCACBCCCCCBDBACDBBBCBCBACCACADAACCCBABADBCCAAABBCCBB	['A63D']	1	-4.4068584	-8.559107	-11.039091	-2.4799843
BCCDDDCDCDDDDCDDABCDABCABDBACBDCAADDCBCABACBCCABCACBCCCCCBDBACDBBBCBCBACCACADAACCCBABADBCCAAABBCCBB	['A63D']	1	-4.4068584	-8.559107	-11.039091	-2.4799843
BCCDDDCDCDDDDCDDABCDABCABDBACBDCAADDCBCABACBCCABCACBCCCCCBDBACDBBBCBCBACCACADAACCCBABADBCCAAABBCCBB	['A63D']	1	-4.4068584	-8.559107	-11.039091	-2.4799843
BCCDDDCDCDDDDCDDABCDABCABDBACBDCAADDCBCABACBCCABCACBCCCCCBDBACDBBBCBCBACCACADAACCCBABADBCCAAABBCCBB	['A63D']	1	-4.4068584	-8.559107	-11.039091	-2.4799843
BCCDDDCDCDDDDCDDABCDABCABDBACBDCAADDCBCABACBCCABCACBCCCCCBDBACDBBBCBCBACCACADAACCCBABADBCCAAABBCCBB	['A63D']	1	-4.4068584	-8.559107	-11.039091	-2.4799843
BCCDDDCDCDDDDCDDABCDABCABDBACBDCAADDCBCABACBCCABCACBCCCCCBDBACDBBBCBCBACCACADAACCCBABADBCCAAABBCCBB	['A63D']	1	-4.4068584	-8.559107	-11.039091	-2.4799843
BCCDDDCDCDDDDCDDABCDABCABDBACBDCAADDCBCABACBCCABCACBCCCCCBDBACDBBBCBCBACCACADAACCCBABADBCCAAABBCCBB	['A63D']	1	-4.4068584	-8.559107	-11.039091	-2.4799843
BCCDDDCDCDDDDCDDABCDABCABDBACBDCAADDCBCABACBCCABCACBCCCCCBDBACDBBBCBCBACCACADAACCCBABADBCCAAABBCCBB	['A63D']	1	-4.4068584	-8.559107	-11.039091	-2.4799843
BCCDDDCDCDDDDCDDABCDABCABDBACBDCAADDCBCABACBCCABCACBBACBCBDBACDBBBCBBBACCACADAACCCBABADBCCAAABBCCBB	['C53B', 'C54A', 'C56B', 'A63D', 'C69B']	5	-3.6467557	-6.6610684	-9.141872	-2.480804
BCCDDDCDCDDDDCCDABCDADCABDBACDDCAADDCBCABACBCCABCACBCCCCCBDBACDBBBCBCBBCCACADAACCCBABADCCCAAABBCCBB	['D15C', 'B22D', 'B30D', 'A63D', 'A71B', 'B88C']	6	-4.4096665	-9.062022	-11.544812	-2.48279
BCCDDDCDCDDDBCDDABCDABCABDBACBDCAADDCBCABACBCCABCACBCCCCCBDCACDBBBCBCBACCACACAACCCBABADBCCAAABBCCBB	['D13B', 'B60C', 'A63D', 'D77C']	4	-4.409968	-7.8596845	-10.342781	-2.4830966
BCCDDDCDCDDDBCDDABCDABCABDBACBDCAADDCBCABACBCCABCACBCCCCCBDCACDBBBCBCBACCACACAACCCBABADBCCAAABBCCBB	['D13B', 'B60C', 'A63D', 'D77C']	4	-4.409968	-7.8596845	-10.342781	-2.4830966
BCCDDDCDCDDCDDDDABCDABCABDBACBDCAACDABCABACBCCABCACBCCCCCBDBADABBBCBCBADCACADAACCCBABADBCCAAABBCCBB	['D12C', 'C14D', 'D35C', 'C37A', 'C62D', 'C72D']	6	-4.4100766	-7.74724	-10.230441	-2.483201
BCCDDDCDCDDDBCDDABCDABCABDBACBDCAADDCBCABACBCDABCACBCCCCCBDBACDBBBCBCBACCACACAACCCBABADBCBAAABBCCBB	['D13B', 'C46D', 'A63D', 'D77C', 'C90B']	5	-4.4102807	-8.2400875	-10.723494	-2.483406
BCCDDDCDCDDDDCDDABCDABCABDBACBDCAADDCBCACACBCCABCACBCCCCCBDCADABBBCBCBACCACADADCCCBABADBCCAAABBCCBB	['B41C', 'B60C', 'C62D', 'A79D']	4	-4.4102864	-7.871293	-10.354705	-2.4834118
AAADDDCDCDDDDCDDABCDABCABDBACBDCAADDCBCACACBCCABCACBCCCCCBDBACABBBCBCBACCACACAACCCBABADBCCAABBBCCBB	['B1A', 'C2A', 'C3A', 'B41C', 'D77C', 'A93B']	6	-4.4114094	-9.093508	-11.57804	-2.4845324
BCCDDDCDCDDDDCDDABCDABCABDBACBDCAADACBCABACBCCABCACBCCCCCBDBACACBBCBCBADCACADAACCCBABADBCCAAABBCCBB	['D36A', 'B64C', 'C72D']	3	-4.412559	-7.7499747	-10.23566	-2.4856849
BCCDDDCDCDDDDCDDABCDABCABDBACBDDAADDCBCABACBCCBBCACBCCCCCBDBADDBDBCBCBADCACACAACCBBABADBCCAABBBCCBB	['C32D', 'A47B', 'C62D', 'A63D', 'B65D', 'C72D', 'D77C', 'C82B', 'A93B']	9	-4.413825	-9.8528	-12.339748	-2.486948
BCCDDDCDCADDDCDDABCDABCABDBACBDCAADDABCACACBCCABCCCBCCCCCBDBACDBBBCBCBACCACACAACCCBABADBCCAABBBCCBB	['D10A', 'C37A', 'B41C', 'A50C', 'A63D', 'D77C', 'A93B']	7	-4.4144673	-7.4877725	-9.975366	-2.4875932
BCCDDDCDCDDDDDCDABCDABCABDBACBDCAADDABBABACBCCABCACBCCCCCBDBACDBBBCBCBACCACADAACCCBABADBCCAAABBCCBB	['C14D', 'D15C', 'C37A', 'C39B', 'A63D']	5	-4.4144745	-8.532497	-11.020097	-2.4875994
BCCDDDCDCDDDDCDDABCDABCABDBACBDCAADDCBCACACBCCABCACBCCCCCBDCADCBBBCBCBADCACACAACCCBABADBCCADABBCCBB	['B41C', 'B60C', 'C62D', 'A63C', 'C72D', 'D77C', 'A92D']	7	-4.4146633	-7.858164	-10.345954	-2.48779
BCCDDDCDCDDDDCDDABCDABCABDBACBDCAACDDBCACACBCCABCACBCCCCCBDBADBBBBCBCBCCCACACAACCCBABADBCCAABBBCCBB	['D35C', 'C37D', 'B41C', 'C62D', 'A63B', 'A71C', 'D77C', 'A93B']	8	-4.4150023	-9.306684	-11.79481	-2.4881268
BCCDDDCDCDDDDCDDABCDABCABDBACBDCAACDABCABACBCCABCACBCCCCDBDBACDBBBCBCBACCACADAACCCBABADBCCAAABBCCBB	['D35C', 'C37A', 'C57D', 'A63D']	4	-4.415578	-9.02962	-11.518331	-2.4887104
BCCDDDCDCDDDDCDDABCDABCABDBACBDCAACDABCABACBCCABCACBCCCCDBDBACDBBBCBCBACCACADAACCCBABADBCCAAABBCCBB	['D35C', 'C37A', 'C57D', 'A63D']	4	-4.415578	-9.02962	-11.518331	-2.4887104
BCCDDDCDCDDDDCDDABCDABCABDBACBDCAACDABCABACBCCABCACBCCCCDBDBACDBBBCBCBACCACADAACCCBABADBCCAAABBCCBB	['D35C', 'C37A', 'C57D', 'A63D']	4	-4.415578	-9.02962	-11.518331	-2.4887104
BCCDDDCDCDDDDCDDABCDABCABDBACBDCAACACBCACACBCCABCACBCDCCDBDBACDBBBCBCBBDCACADAACCCBABADBCBAABBBCCBB	['D35C', 'D36A', 'B41C', 'C54D', 'C57D', 'A63D', 'A71B', 'C72D', 'C90B', 'A93B']	10	-2.4890404	-7.861754	-10.350789	-2.4890351
BCCDDDCDCDDDDCDDABCDABCABDBACBDCAACACBCACACBCCABCACBCDCCDBDBACDBBBCBCBBDCACADAACCCBABADBCBAABBBCCBB	['D35C', 'D36A', 'B41C', 'C54D', 'C57D', 'A63D', 'A71B', 'C72D', 'C90B', 'A93B']	10	-2.4890404	-7.861754	-10.350789	-2.4890351
BCCDDDCDCDDDDCDDABCDABCABDBACBDCAADDCBCABACBCCABCACBCBCCCCDBACDBBBCBCBACCACADAACCCBABADBCCAAABBCCBB	['C54B', 'B58C', 'A63D']	3	-3.705567	-7.31857	-9.808751	-2.490181
BCCDDDCDCADDBCCDADCAABCABDBACBDCAADDCBCABACBCDABCACBCCDCDBDBACCBBBDBCBACCACACAACCCBABADBCCAABBBCCBB	['D10A', 'D13B', 'D15C', 'B18D', 'D20A', 'C46D', 'C55D', 'C57D', 'A63C', 'C67D', 'D77C', 'A93B']	12	-4.4181385	-6.2726727	-8.763945	-2.491272
BCCDDDCDCDDDDCDDABCDABCABDBACBDCAADDCBCABACBCCABCACBCCCCCBDBACBBBBCBCBCCCACADAACCCBABADBCCAAABBCCBA	['A63B', 'A71C', 'B99A']	3	-4.420542	-7.977985	-10.471653	-2.493668
BCCDDDCDCDDDDCDDABCDABCABDBACBDCAADDCBCABACBCCABCACBCCCCCBDBACDBBBCBCBAACACADAACCCBABADBCCAAABBCCBB	['A63D', 'C72A']	2	-4.42119	-8.044918	-10.539236	-2.494318
BCCDDDCDCDDDDCDCABCDABCABDBACBDCAADDCBCABACBCCABCACBCCCCCBDCADABBBCBCBACCACACAACCCBABADBCCAAABBCCBB	['D16C', 'B60C', 'C62D', 'D77C']	4	-4.421234	-8.217941	-10.712303	-2.4943619
BCCDDDCDCDDDBDDDABCDABCABDBACBDCAADDCBCACACBCCABCACBCCCCDBDBACDBBBCBCBACCACADAACCCBABADBCCAAABBCCBB	['D13B', 'C14D', 'B41C', 'C57D', 'A63D']	5	-4.4223857	-8.482026	-10.977533	-2.4955072
BCCDDDCDCDDBDCDDABCDABCABDBACBDCDADDCBCABACBCCABCACBCCCCCBDBACDCBBCBABACCACADAACCCBABADBCCAABBBCCBB	['D12B', 'A33D', 'A63D', 'B64C', 'C69A', 'A93B']	6	-4.4230847	-7.1286573	-9.624868	-2.496211
BCCDDDCDCDDDBCDDABCDABCABDBACDDCAADACBCABACBCCABCACBCCCCCBDBADDBBBCBCBCACACADAACCCBABADBCCAAABBCCBB	['D13B', 'B30D', 'D36A', 'C62D', 'A63D', 'A71C', 'C72A']	7	-4.4235487	-8.143975	-10.640644	-2.4966688
BCCDDDCDCDDDBCDDABCDABCABDBACDDCAADACBCABACBCCABCACBCCCCCBDBADDBBBCBCBCACACADAACCCBABADBCCAAABBCCBB	['D13B', 'B30D', 'D36A', 'C62D', 'A63D', 'A71C', 'C72A']	7	-4.4235487	-8.143975	-10.640644	-2.4966688
BCCDDDCDCDDDDCDDABCDABCABDBACBDCAADDABCABACBCCABCACBCCCCCBDBADDBBBCBCBACCACADAACCCBABADBCCAAABBCCBB	['C37A', 'C62D', 'A63D']	3	-4.424684	-8.580614	-11.078426	-2.4978123
BCCDDDCDCDDADCDDABCDABCABDBACBDCAACDBBCACACBCCABCACBCCCCCBDBADDBBBCBCBACCACADAACCCBABADBCCAABBBCCBB	['D12A', 'D35C', 'C37B', 'B41C', 'C62D', 'A63D', 'A93B']	7	-4.4255767	-9.545706	-12.044408	-2.498702
BCCDDDCDCDDDDCDDABCDABCABDBACDDCAACABBCABACBCCABCACBCCCCDBDBACDCBBCBCBACCACADAACCCBABADCCCAAABBCCBB	['B30D', 'D35C', 'D36A', 'C37B', 'C57D', 'A63D', 'B64C', 'B88C']	8	-4.4268923	-8.849206	-11.349222	-2.5000162
BCCDDDCDCADDDCDDABCDABCABDBACBDCAADDCBAACACBCCABCACBCCCCCBDBACBBBBCBDBACCACADAACCCBABADBCCAAABBCCBB	['D10A', 'C39A', 'B41C', 'A63B', 'C69D']	5	-4.427062	-7.6083302	-10.108519	-2.5001884
BCCDDDCDCADDDCDDABCDABCABDBACBDCAADDCBAACACBCCABCACBCCCCCBDBACBBBBCBDBACCACADAACCCBABADBCCAAABBCCBB	['D10A', 'C39A', 'B41C', 'A63B', 'C69D']	5	-4.427062	-7.6083302	-10.108519	-2.5001884
BCCDDDCDCADDDCDDABCDABCABDBACBDCAADDCBAACACBCCABCACBCCCCCBDBACBBBBCBDBACCACADAACCCBABADBCCAAABBCCBB	['D10A', 'C39A', 'B41C', 'A63B', 'C69D']	5	-4.427062	-7.6083302	-10.108519	-2.5001884
BCCDDDCDCDDDBCDDABCDABCABDBACBDCAADDCBCABACBCCABCACBCCCCCBDBADDBBBCBCBACCACADAACCCBABADBCCAAABBCCBB	['D13B', 'C62D', 'A63D']	3	-4.4277377	-8.376404	-10.877268	-2.500864
BCCDDDCDCDDDBCDDABCDABCABDBACDDCAADACBCABACBCCABCACBCCCCCBDBACDBBBCBDBBCCACADAACCCBABADCCCAABBBCCBB	['D13B', 'B30D', 'D36A', 'A63D', 'C69D', 'A71B', 'B88C', 'A93B']	8	-4.4283175	-8.379034	-10.880473	-2.501439
BCCDDDCDCADDDCDDABCDABCABDBACBDCAADDCBCABACBCCABCACBCCCCDBDDACDBBBABCBADCACACAACCCBABADBCCAAABBCCBB	['D10A', 'C57D', 'B60D', 'A63D', 'C67A', 'C72D', 'D77C']	7	-4.4284067	-6.8274636	-9.329001	-2.5015378
BCCDDDCDCDDDDCDDABADABCABDBACBDCAADDABCABACBCCABCACBCCCCCBDBBCACBBCBCBACCACADAACCCBABADBCCAAABBCCBB	['C19A', 'C37A', 'A61B', 'B64C']	4	-4.429419	-6.8473597	-9.349909	-2.5025492
BCCDDDCDCDDDDCDDABCDABCABDBACBDCAADDABCABADBCCABCCCBCCCCCBDBACDBBBCBBBACCACADAACCCBABADBCCAAABBCCBB	['C37A', 'C43D', 'A50C', 'A63D', 'C69B']	5	-4.429819	-6.935513	-9.438462	-2.5029492
BCCDDDCDCDDBDCDCABBDABCABDBACBDCAADDCBCABACBCCABCACBCCCCDBDCBCABBBCBCBADCACADAACCCBABADBCCAAABBCCBB	['D12B', 'D16C', 'C19B', 'C57D', 'B60C', 'A61B', 'C72D']	7	-4.432669	-6.8399653	-9.345767	-2.5058017
BCCDDDCDCDDBDCDCABBDABCABDBACBDCAADDCBCABACBCCABCACBCCCCDBDCBCABBBCBCBADCACADAACCCBABADBCCAAABBCCBB	['D12B', 'D16C', 'C19B', 'C57D', 'B60C', 'A61B', 'C72D']	7	-4.432669	-6.8399653	-9.345767	-2.5058017
BCCDDDCDCDDDDDCDABCDABCABDBACBDCAACDBBCABACBCCABCACBCCCCCBDBACDBBBCBBBADCACADAACCCBABADBCCAAABBCCBB	['C14D', 'D15C', 'D35C', 'C37B', 'A63D', 'C69B', 'C72D']	7	-4.4349008	-7.032	-9.540032	-2.5080323
BCCDDDCDCDDABDDDABCDABCABDBACBDCDADDABCACACBCCABCACBCCCCCCDBADDCBBCBCBACCACADAACCCBABADBCCACABBCCBB	['D12A', 'D13B', 'C14D', 'A33D', 'C37A', 'B41C', 'B58C', 'C62D', 'A63D', 'B64C', 'A92C']	11	-4.4350734	-6.922947	-9.431148	-2.5082006
BCCDDDCDCCDDBCCDABCDABCABDBACDDCAADDCBCABACBCCABCACBCCCCCBDBACDBBBCBCBACCACADAACCCBABADBCCAAABBCCBB	['D10C', 'D13B', 'D15C', 'B30D', 'A63D']	5	-4.4355173	-7.8441443	-10.352788	-2.5086436
BCCDDDCDCDDDDCDDABCDABCABDBACBDCAACDCBCABACBCCABCACBCCCCCBDBACBBBBCBCBACCACADAACCCBABADBCCAAABBCCBB	['D35C', 'A63B']	2	-4.4358225	-8.538944	-11.047895	-2.5089512
BCCDDDCDCDDDDCDDABCDABCABDBACBDCAADDCBCABACBCCABCACBCCCCCBDBACDBBBCBABACCACACAACCCBABADBCBAACBBCCBB	['A63D', 'C69A', 'D77C', 'C90B', 'A93C']	5	-4.435834	-9.490301	-11.999262	-2.5089607
BCCDDDCDCDDDDCDDABCDABCABDBACBDCAACDCBCABACBCCABCACBCCCCCBDBADACBBCBCBACCACADAACCCBABADBCCAAABBCCBB	['D35C', 'C62D', 'B64C']	3	-4.4359765	-8.813072	-11.322173	-2.509101
BCCDDDCDCDDBDCDDABCDABCABDBACBDCDADCABCABACBCCABCACBCCCCCBDBBCACBBCBCBACCACADAACCCBABADBCCAAABBCCBB	['D12B', 'A33D', 'D36C', 'C37A', 'A61B', 'B64C']	6	-4.4365473	-6.8962617	-9.405938	-2.5096765
BCCDDDCDCDDDBCDDABCDABCABDBACBDCAADDABBABACBCCABCACBCCCCCBDBADDCBBCBCBACCACADAACCCBABADBCCAAABBCCBB	['D13B', 'C37A', 'C39B', 'C62D', 'A63D', 'B64C']	6	-4.4366293	-7.5997105	-10.109464	-2.5097532
BCCDDDCDCADDDCDDABCDABCABDBACBDCAADDCBCABACBCCABCACBCCCCCBDBACCBBBCBCBAACCCACAACCCBABADBCCAAABBCCBB	['D10A', 'A63C', 'C72A', 'A74C', 'D77C']	5	-4.436654	-5.6112847	-8.121069	-2.5097842
BCCDDDCDCDDDDCDDABCDABCABDBACBDCAADDCBCABACBCCABCACBCCCCCBDBACDBBBCBCBACCACACAACCCBABADBCBAABBBCCBB	['A63D', 'D77C', 'C90B', 'A93B']	4	-4.4370427	-9.303041	-11.813213	-2.510172
BCCDDDCDCDDDDCDDABCDABCABDBACBDCAADDCBCABACBCCABCACBCCCCCBDBACDBBBCBCBACCACACAACCCBABADBCBAABBBCCBB	['A63D', 'D77C', 'C90B', 'A93B']	4	-4.4370427	-9.303041	-11.813213	-2.510172
BCCDDDCDCDDADCDDABCDABCABDBACBDCAADDCBAABACBCCABCACBCCCCCBDBACDBBBCBCBBCCACACAACCCBABADBCCAABBBCCBB	['D12A', 'C39A', 'A63D', 'A71B', 'D77C', 'A93B']	6	-4.437169	-9.274096	-11.784392	-2.5102968
AAADDDCDCDDDDCDDABBDABCABDBACBDCDADDABCABACBCCABCACBCCCCCBBBACACBBCBCBACCACADAACCCBABADBCCAAABBCCBB	['B1A', 'C2A', 'C3A', 'C19B', 'A33D', 'C37A', 'D59B', 'B64C']	8	-4.4371862	-6.5852695	-9.095588	-2.5103183
BCCDDDCDCDDDDCDDABCDABCABDBACBDCAADACBCACACBCCABCACBCCCCCBDBACDBBBCBCCACCACACAACCCBABADBCCAABBBCCBB	['D36A', 'B41C', 'A63D', 'B70C', 'D77C', 'A93B']	6	-4.4372926	-9.301933	-11.81235	-2.510417
BCCDDDCDCDDDDCDDABCDABCABDBACBDCAACACBCABACBCCABCACBCCCCCBDBADCBBBCBCBACCACACAACCCBABADBCCAAABBCCBB	['D35C', 'D36A', 'C62D', 'A63C', 'D77C']	5	-4.4375653	-9.157609	-11.6683	-2.5106907
BCCDDDCDCDDDDCDDABCDABCABDBACBDCAACDABCABACBCCABCACBCCCCCBDBACDBBBCBCBACCACADAACCCBABADBCCAAABBCCBB	['D35C', 'C37A', 'A63D']	3	-4.437731	-8.371479	-10.882338	-2.5108585
BCCDDDCDCDDDDCDDABCDABCABDBACBDCAACDABCABACBCCABCACBCCCCCBDBACDBBBCBCBACCACADAACCCBABADBCCAAABBCCBB	['D35C', 'C37A', 'A63D']	3	-4.437731	-8.371479	-10.882338	-2.5108585
BCCDDDCDCDDDDCDDABCDABCABDBACBDCAACDABCABACBCCABCACBCCCCCBDBACDBBBCBCBACCACADAACCCBABADBCCAAABBCCBB	['D35C', 'C37A', 'A63D']	3	-4.437731	-8.371479	-10.882338	-2.5108585
BCCDDDCDCDDDDCDDABCDABCABDBACBDCAACDABCABACBCCABCACBCCCCCBDBACDBBBCBCBACCACADAACCCBABADBCCAAABBCCBB	['D35C', 'C37A', 'A63D']	3	-4.437731	-8.371479	-10.882338	-2.5108585
BCCDDDCDCDDDDCDDABCDABCABDBACBDCAACDABCABACBCCABCACBCCCCCBDBACDBBBCBCBACCACADAACCCBABADBCCAAABBCCBB	['D35C', 'C37A', 'A63D']	3	-4.437731	-8.371479	-10.882338	-2.5108585
BCCDDDCDCDDDDCDDABCDABCABDBACBDCAACDBBCABACBCCABCACBCCCCCBDBACABBBCBCBCCCACACAACCCBABADBCCAABBBCCBB	['D35C', 'C37B', 'A71C', 'D77C', 'A93B']	5	-4.437823	-8.161913	-10.672867	-2.510954
BCCDDDCDCDDDDCDDABCDABCABDBACBDCAADDBBCABABBCCABCACBCCCCCBDBADBBBBCBCBCCCBCACAACCCBABADBCCAABBBCCBB	['C37B', 'C43B', 'C62D', 'A63B', 'A71C', 'A74B', 'D77C', 'A93B']	8	-4.4383993	-8.132756	-10.644285	-2.511529
BCCDDDCDCDDDBCCDABCDABCABDBACBDCAADACBCACACBBCABCACBCCCCCBDBACDBBBCBCBADCACADAACCCBABADBCCAABBBCCBB	['D13B', 'D15C', 'D36A', 'B41C', 'C45B', 'A63D', 'C72D', 'A93B']	8	-4.4385767	-8.656919	-11.168614	-2.5116959
BCCDDDCDCDDDBCCDABCDABCABDBACBDCAADACBCACACBBCABCACBCCCCCBDBACDBBBCBCBADCACADAACCCBABADBCCAABBBCCBB	['D13B', 'D15C', 'D36A', 'B41C', 'C45B', 'A63D', 'C72D', 'A93B']	8	-4.4385767	-8.656919	-11.168614	-2.5116959
BCCDDDCDCDDDDCDDABCDABCABDBACBDCAADDCBCABACBCDABCCCBCCCCCBDBACDBBBABCBACCACACAACCDBABADBCCAAABBCCBB	['C46D', 'A50C', 'A63D', 'C67A', 'D77C', 'C82D']	6	-4.438733	-8.744922	-11.256783	-2.5118608
BCCDDDCDCDDDDCDDABCDABCABDBACBDCDADDABCACACBCCABCACBCCCCCBDBACDBBBCBCBACCACADAACCCBABADBCCAABBBCCBB	['A33D', 'C37A', 'B41C', 'A63D', 'A93B']	5	-4.4390106	-8.135745	-10.647883	-2.5121384
BCCDDDCDCDDDDDDDABCDABCABDBACBDCAADDCBCACACBCCABCACBCCCCCBDBACBBBBCBCBACCACADAACCCBABADBCCAAABBCCBB	['C14D', 'B41C', 'A63B']	3	-4.4395757	-8.195559	-10.708258	-2.5126991
BCCDDDCDCDDDDCDDABCDABCABDBACBDCAADDCBCACACBCCABCACBCCCCCBDBADDBBBCBCBACCACACAACCCBABADBCCAABBBCCBB	['B41C', 'C62D', 'A63D', 'D77C', 'A93B']	5	-4.4395924	-9.950315	-12.463033	-2.5127172
BCCDDDCDCDDDBCDDABCDABCABDBACBDCAACDCBCABACBCCABCACBCCCCCBDBACDBBBCBCBACCACADAACCCBABADBCCAAABBCCBB	['D13B', 'D35C', 'A63D']	3	-4.440786	-8.167271	-10.681183	-2.5139122
BCCDDDCDCDDDDCDDABCDABCABDBACBDCAADDCBCACACBCCABCACBCCCCCBDBACBBBBCBCBACCACADAACCCBABADBCCAAABBCCBB	['B41C', 'A63B']	2	-4.4410944	-8.548124	-11.062345	-2.5142202
BCCDDDCDCDDDDCDDABCDABCABDBACBDCAADDCBCACACBCCABCACBCCCCCBDBACBBBBCBCBACCACADAACCCBABADBCCAAABBCCBB	['B41C', 'A63B']	2	-4.4410944	-8.548124	-11.062345	-2.5142202
BCCDDDCDCDDDDDCDABBDABCABDBACBDCAACDCBCACABBCCABCACBCCCCCBDBACDBBBCBCBACCACADAACCCBABADBCCAAABBCCBB	['C14D', 'D15C', 'C19B', 'D35C', 'B41C', 'C43B', 'A63D']	7	-4.44113	-9.48921	-12.003464	-2.5142536
BCCDDDCDCDDADCDDABCCABCABDBACDDCAACACBCABACBCCABCACBCCCCDCDBADCCBBCBCBACCACADAACCCBABADBCCAAABBCCBA	['D12A', 'D20C', 'B30D', 'D35C', 'D36A', 'C57D', 'B58C', 'C62D', 'A63C', 'B64C', 'B99A']	11	-4.4414454	-8.937447	-11.452012	-2.5145655
BCCDDDCDCDDCDDDDABCDABCABDBACBDCAADDCBCABACBCCABCACBCCCCCBDBADCBBBCBCBCBCACACAACCCBABADBCCAABBBCCBB	['D12C', 'C14D', 'C62D', 'A63C', 'A71C', 'C72B', 'D77C', 'A93B']	8	-4.4437065	-7.854702	-10.371532	-2.5168304
BCCDDDCDCCDDDCDDABCDABCABDBACBDCAADDCBCABACBCDBBCACBCDCCCBDBACDBBBCBCBCCCACADAACCCBBBADBCCAAABBCCBB	['D10C', 'C46D', 'A47B', 'C54D', 'A63D', 'A71C', 'A84B']	7	-2.5179791	-4.1593866	-6.677372	-2.5179853
BCCDDDCDCDDDDCDDABCDABCABDBACBDCAACDBBCABACBCCABCACBCCCCCBDBACDBBBCBCBACCACACAACCCBABADBCCAAABBCCBB	['D35C', 'C37B', 'A63D', 'D77C']	4	-4.4459767	-8.480726	-10.999831	-2.519105
BCCDDDCDCDDDBCDDABCDABCABDBACBDCAADDCBCACACBCCABCACBCCCCCBDBACDBBBCBCBACCACADAACCCBABADBCCAAABBCCBB	['D13B', 'B41C', 'A63D']	3	-4.446058	-8.176451	-10.695632	-2.5191813
BCCDDDCDCDDDBCDDABCDABCABDBACBDCAADDCBCACACBCCABCACBCCCCCBDBACDBBBCBCBACCACADAACCCBABADBCCAAABBCCBB	['D13B', 'B41C', 'A63D']	3	-4.446058	-8.176451	-10.695632	-2.5191813
BCCDDDCDCDDBDCDDABBDABCABDBACBDCAACACBCABACBCCABCACBCCCCCBDBACACBBCBCBACCACADAACCCBABADBCCAAABBCCBB	['D12B', 'C19B', 'D35C', 'D36A', 'B64C']	5	-4.4466796	-7.6356983	-10.1555	-2.519802
BCCDDDCDCDDDDCDDABCDABCABDBACBDCAADDABCACACBCCABCACBCCCCDBDBADDCBBCBCBABCACADAACCCBABADBCCAAABBCCBB	['C37A', 'B41C', 'C57D', 'C62D', 'A63D', 'B64C', 'C72B']	7	-4.4469204	-9.159836	-11.679881	-2.5200453
BCCDDDCDCDDCDCDDABBDABCABDBACBDCAADDABCABACBCCABCACBCCCCCBDBACCBBBCBCBCACACACAACCCBABADBCCAABBBCCBB	['D12C', 'C19B', 'C37A', 'A63C', 'A71C', 'C72A', 'D77C', 'A93B']	8	-4.4498267	-6.3461494	-8.869104	-2.522955
BCCDDDCDCDDDDCDDABCDABCABDBACBDCAADDBBCABACBCCABCACBCCCCCBDBACDBBBCBCCACCACADAACCCBABADBCCADABBCCBB	['C37B', 'A63D', 'B70C', 'A92D']	4	-4.4502664	-6.9998875	-9.523283	-2.5233955
BCCDDDCDCDDDDDDCABCDABCABDBACBDCAACDCBCABACBCCABCACBCCCCCBDBADABBBCBCBACCACADAACCCBABADBCCAAABBCCBB	['C14D', 'D16C', 'D35C', 'C62D']	4	-4.450534	-8.17296	-10.696618	-2.5236578
BCCDDDCDCDDDDDDCABCDABCABDBACBDCAACDCBCABACBCCABCACBCCCCCBDBADABBBCBCBACCACADAACCCBABADBCCAAABBCCBB	['C14D', 'D16C', 'D35C', 'C62D']	4	-4.450534	-8.17296	-10.696618	-2.5236578
BCCDDDCDCCDDBCDDABBDABCABDBACBDCAADDCBCABABBCCABCACBCCCCCBDBACDCDBCBCBACCACADAACCCBABADBCCAAABBCCBB	['D10C', 'D13B', 'C19B', 'C43B', 'A63D', 'B64C', 'B65D']	7	-4.4509187	-6.3414397	-8.865489	-2.5240493
BCCDDDCDCDDDDDDDABCDABCABDBACBDCAACDCBCACACBCCABCACBCCCCCBDBACDBBBCBCBACCACACAACCCBABADBCCAABBBCCBB	['C14D', 'D35C', 'B41C', 'A63D', 'D77C', 'A93B']	6	-4.451123	-9.388616	-11.912865	-2.524249
BCCDDDCACDDDDCDDABCDABCABDBACBDCAADDCBCABACBCCABCACBCCCCCBDBACDBBBCBCBACCACACAACCCBABADBCBAAABBCCBB	['D8A', 'A63D', 'D77C', 'C90B']	4	-4.4511323	-9.251746	-11.776008	-2.5242615
BCCDDDCDCDDBDCCDABBDABCABDBACBDCAADACBCACACBCCABCACBCCCCCBDBACABBBCBCBACCACADAACCCBABADBCCAAABBCCBB	['D12B', 'D15C', 'C19B', 'D36A', 'B41C']	5	-4.452194	-8.74753	-11.272848	-2.5253181
BCCDDDCDCDDDDCDDABCDABCABDBACBDCAADCABCABACBCCABCACBCCCCCBDBACACBBCBCBACCACADAACCCBABADBCCAAABBCCBB	['D36C', 'C37A', 'B64C']	3	-4.4522533	-8.077117	-10.602497	-2.5253801
BCCDDDCDCDDDDCDDABCDABCABDBACBDCAADDABCABACBCCABCACBCCCCDBDBACDCBBCBCBACCACADAACCCBABADBCCAAABBCCBB	['C37A', 'C57D', 'A63D', 'B64C']	4	-4.453227	-8.202698	-10.7290535	-2.5263557
BCCDDDCDCDDDDCDDABCDABCABDBACBDCAADDCBCABACBCCABCACBCCCCCBDBBCACBBCBCBAACACADAACCCBABADBCCAAABBCCBB	['A61B', 'B64C', 'C72A']	3	-4.453303	-7.2425165	-9.768948	-2.526431
BCCDDDCDCBDDDCDDABCDABCABDBACBDDAADACBCABABBCCABCACBCCCCCBDBADDBBBCBCBACAACADAACCCBABADBCCACABBCCBB	['D10B', 'C32D', 'D36A', 'C43B', 'C62D', 'A63D', 'C73A', 'A92C']	8	-4.453857	-8.0640955	-10.591074	-2.5269785
BCCDDDCDCDDDDCDDABCDABCABDBACBDCAACDCBCACACBCCABCACBCCCCCBDBACACBBCBCBACCACADAACCCBABADBCCAAABBCCBB	['D35C', 'B41C', 'B64C']	3	-4.454296	-8.613117	-11.140538	-2.527421
BCCDDDCDCCDDDDCDABCDABCABDBACBDCAADDABCACACBCCABCACBCCCCCBDBACCBBBABDBAACACADAACCCBABADBCCAAABBCCBB	['D10C', 'C14D', 'D15C', 'C37A', 'B41C', 'A63C', 'C67A', 'C69D', 'C72A']	9	-4.454718	-5.917049	-8.444898	-2.5278487
BCCDDDCDCDDDDCDDABCDABCABDBACBDCAADDABCABACBCCABCACBCCCCCBDBADDBBBCBCBACCACACAACCCBABADBCBAABBBCCBB	['C37A', 'C62D', 'A63D', 'D77C', 'C90B', 'A93B']	6	-4.4548683	-9.32455	-11.852545	-2.527995
BCCDDDCDCADABCDDABCDABCABDBACBDCAADDBBCABACBCCABCACBCCCCCBDBACDCBBCBCBACCACACAACCCBABADBCCAAABBCCBB	['D10A', 'D12A', 'D13B', 'C37B', 'A63D', 'B64C', 'D77C']	7	-4.455624	-5.510051	-8.038807	-2.5287561
BCCDDDCDCDDDDCDDABCDABCABDBACBDCAADDCBCABACBCCABCACBCCCCDBDBACDBBBCBCBACCACADAACCCBABADBCCAABBBCCBB	['C57D', 'A63D', 'A93B']	3	-4.4556737	-9.443571	-11.972373	-2.528802
BCCDDDCDCDDDDCDDABCDABCABDBACBDCAADDCBCABACBCCABCACBCCCCDBDBACDBBBCBCBACCACADAACCCBABADBCCAABBBCCBB	['C57D', 'A63D', 'A93B']	3	-4.4556737	-9.443571	-11.972373	-2.528802
BCCDDDCDCDDDDCDDABCDABCABDBACBDCAADDCBCABACBCCABCACBCCCCDBDBACDBBBCBCBACCACADAACCCBABADBCCAABBBCCBB	['C57D', 'A63D', 'A93B']	3	-4.4556737	-9.443571	-11.972373	-2.528802
AAADDDCDCDDDDCDDABCDABCABDBACBDCAADDCBCACACBCCABCACBCCCCCBDBACCBBBCBCAACCACACAACCCBABADBCCAAABBCCBB	['B1A', 'C2A', 'C3A', 'B41C', 'A63C', 'B70A', 'D77C']	7	-4.457389	-8.667389	-11.197901	-2.5305119
BCCDDDCDCDDDDDDDABCDABCABDBACBDCAADDABCABACBCBABCACBCCCCCBDBACDBBBCBCBACCACACAACCCBABADBCCAABBBCCBB	['C14D', 'C37A', 'C46B', 'A63D', 'D77C', 'A93B']	6	-4.4575562	-8.297432	-10.828117	-2.5306854
BCCDDDCDCDDDDDDDABCDABCABDBACBDCAADDCBCABACBCCABCACBCCCCCBDCACCBBBCBCBACCACACAACCCBABADBCBAAABBCCBB	['C14D', 'B60C', 'A63C', 'D77C', 'C90B']	5	-4.457882	-7.8073053	-10.338321	-2.5310154
BCCDDDCDCDDDDCCDABBAABCABDBACDDCAACACBCABACBCCABCACBCCCCCBDBADDBBBCBBBACCACADAACCCBABADCCCAAABBCCBB	['D15C', 'C19B', 'D20A', 'B30D', 'D35C', 'D36A', 'C62D', 'A63D', 'C69B', 'B88C']	10	-4.458214	-8.427939	-10.959275	-2.5313358
BCCDDDCDCCDDBDCDABCDABCABDBACDDCAADDBBCABACBBCABCACBCCCCCBDBADDBBBCBCBACCACACAACCCBABADCCBAABBBCCBB	['D10C', 'D13B', 'C14D', 'D15C', 'B30D', 'C37B', 'C45B', 'C62D', 'A63D', 'D77C', 'B88C', 'C90B', 'A93B']	13	-4.4588947	-7.698743	-10.2307625	-2.5320196
BCCDDDCDCDDDDCDDABCDABCABDBACBDCAADAABCABACBCCABCACBCCCCCBDBACACBBCBCBACCACADAACCCBABADBCCAAABBCCBB	['D36A', 'C37A', 'B64C']	3	-4.460425	-7.521798	-10.05535	-2.5335522
AAADDDCDCDDDDCDDABCDABCABDBACBDCAADDCBCABACBCCABCACBCCCCCBDBACCCBBCBCBACCACACAACCCBABADBCCAAABBCCBB	['B1A', 'C2A', 'C3A', 'A63C', 'B64C', 'D77C']	6	-4.4619865	-7.4966354	-10.031751	-2.5351152
AAADDDCDCDDDDCDDABCDABCABDBACBDCAADDCBCABACBCCABCACBCCCCCBDBACCCBBCBCBACCACACAACCCBABADBCCAAABBCCBB	['B1A', 'C2A', 'C3A', 'A63C', 'B64C', 'D77C']	6	-4.4619865	-7.4966354	-10.031751	-2.5351152
BCCDDDCDCDDDDCDDABCDABCABDBACBDCAADACBCABACBCCABCACBCCCCCBDBACABBBCBCBACCACADAACCCBABADBCCAABBBCCBB	['D36A', 'A93B']	2	-4.462871	-8.762672	-11.298669	-2.5359964
BCCDDDCDCDDDBCDDABCDABCABDBACBDCAADACBCABACBCCABCACBCCCCCBDBACACBBCBCBACCACADAACCCBABADBCCAAABBCCBB	['D13B', 'D36A', 'B64C']	3	-4.4634786	-7.3175883	-9.854191	-2.5366025
BCCDDDCDCDDDBCDDABCDABCABDBACBDCAADACBCABACBCCABCACBCCCCCBDBACACBBCBCBACCACADAACCCBABADBCCAAABBCCBB	['D13B', 'D36A', 'B64C']	3	-4.4634786	-7.3175883	-9.854191	-2.5366025
BCCDDDCDCDDDBCDDABCDABCABDBACBDCAADACBCABACBCCABCACBCCCCCBDBACACBBCBCBACCACADAACCCBABADBCCAAABBCCBB	['D13B', 'D36A', 'B64C']	3	-4.4634786	-7.3175883	-9.854191	-2.5366025
BCCDDDCDCDDDBCDDABCDABCABDBACBDCAADACBCABACBCCABCACBCCCCCBDBACACBBCBCBACCACADAACCCBABADBCCAAABBCCBB	['D13B', 'D36A', 'B64C']	3	-4.4634786	-7.3175883	-9.854191	-2.5366025
BCCDDDCDCDDDDCCDABCDABCABDBACBDCAADDCBCACACBCCABCACBCCCCCBDBADACBBCBCBACCBCACAACCCBABADBCCAABBBCCBB	['D15C', 'B41C', 'C62D', 'B64C', 'A74B', 'D77C', 'A93B']	7	-4.464021	-9.715394	-12.252539	-2.5371447
AACDDDCDCCDDDCDDABCDABCABDBACDDCAADDCBCABACBCCABCACBCCCCCBDBACABBBCBCBACCACADAACCCBABADBCCAABBBCCBB	['B1A', 'C2A', 'D10C', 'B30D', 'A93B']	5	-4.464536	-7.9312983	-10.468958	-2.5376596
BCCDDDCDCDDDDCDDABCDABCABDBACBDCAADDBBCABABBCCABCACBCCCCCBDBADDBBBCBCBCCCACACAACCCBABADBCCAABBBCCBB	['C37B', 'C43B', 'C62D', 'A63D', 'A71C', 'D77C', 'A93B']	7	-4.465064	-8.7084	-11.246591	-2.5381908
BCCDDDCDCDDBDCDDABCDABCABDBACBDCAADDCBCABACBCCABCACBCCCCCBDBACDBBBCBCBACCACADAACCCBABADBCBAAABBCCBB	['D12B', 'A63D', 'C90B']	3	-4.4658403	-8.267763	-10.806731	-2.538968
BCCDDDCDCDDDDCCCABCDABCABDBACBDCAADDCBCABACBCCABCACBCCCCCBDBADCCBBCBCBACCACADAACCCBABADBCCAAABBCCBB	['D15C', 'D16C', 'C62D', 'A63C', 'B64C']	5	-4.468545	-7.7783995	-10.320069	-2.5416698
BCCDDDCDCDDDDCCDABCDABCABDBACBDCAADDCBCABACBCCABCACBCCCCCBDBADDBBBCBCBACCACACAACCCBABADBCCAABBBCCBB	['D15C', 'C62D', 'A63D', 'D77C', 'A93B']	5	-4.4722123	-10.216865	-12.762201	-2.5453367
BCCDDDCDCDDDDCDDABCDABCABDBACBDCAADDCBCABACBCCABCACBCBCCCBDCACDBBBCBCBCBCACACAACCCBABADBCBAABBBCCBB	['C54B', 'B60C', 'A63D', 'A71C', 'C72B', 'D77C', 'C90B', 'A93B']	8	-3.7616487	-8.013382	-10.559645	-2.5462627
BCCDDDCDCDDDDDDDABCDABCABDBACBDCAADDCBCABACBCCABCACBCCCCCBDBACDBBBCBCBACCACADAACCCBABADBCCAABBBCCBB	['C14D', 'A63D', 'A93B']	3	-4.476308	-8.432866	-10.982301	-2.5494347
BCCDDDCDCCDDBCDDABCDABCABDBACBDCAACDBBCABACBCDABCACBCCCCCBDCADDBBBCBCBADCACACAACCCBABADDCCAABBBCCBB	['D10C', 'D13B', 'D35C', 'C37B', 'C46D', 'B60C', 'C62D', 'A63D', 'C72D', 'D77C', 'B88D', 'A93B']	12	-4.4774785	-6.9524207	-9.503026	-2.5506053
BCCDDDCDCDDDDCDDABCDABCABDBACBDCAADDCBCABACBCCABCACBCCCCCBDBACDBBBCBCBACCACADAACCCBABADBCCAABBBCCBB	['A63D', 'A93B']	2	-4.4778266	-8.785432	-11.336384	-2.550952
BCCDDDCDCDDDDCDDABCDABCABDBACBDCAADDCBCABACBCCABCACBCCCCCBDBACDBBBCBCBACCACADAACCCBABADBCCAABBBCCBB	['A63D', 'A93B']	2	-4.4778266	-8.785432	-11.336384	-2.550952
BCCDDDCDCDDDDCDDABCDABCABDBACBDCAADDCBCABACBCCABCACBCCCCCBDBACDBBBCBCBACCACADAACCCBABADBCCAABBBCCBB	['A63D', 'A93B']	2	-4.4778266	-8.785432	-11.336384	-2.550952
BCCDDDCDCDDDDCDDABCDABCABDBACBDCAADDCBCABACBCCABCACBCCCCCBDBACDBBBCBCBACCACADAACCCBABADBCCAABBBCCBB	['A63D', 'A93B']	2	-4.4778266	-8.785432	-11.336384	-2.550952
BCCDDDCDCDDDDCDDABCDABCABDBACBDCAADDCBCABACBCCABCACBCCCCCBDBACDBBBCBCBACCACADAACCCBABADBCCAABBBCCBB	['A63D', 'A93B']	2	-4.4778266	-8.785432	-11.336384	-2.550952
BCCDDDCDCDDDDCDDABCDABCABDBACBDCAADDCBCABACBCCABCACBCCCCCBDBACDBBBCBCBACCACADAACCCBABADBCCAABBBCCBB	['A63D', 'A93B']	2	-4.4778266	-8.785432	-11.336384	-2.550952
BCCDDDCDCDDDDCDDABCDABCABDBACBDCAADDCBCABACBCCABCACBCCCCCBDBACDBBBCBCBACCACADAACCCBABADBCCAABBBCCBB	['A63D', 'A93B']	2	-4.4778266	-8.785432	-11.336384	-2.550952
BCCDDDCDCDDDDCDDABCDABCABDBACBDCAADDCBCABACBCCABCACBCCCCCBDBACDBBBCBCBACCACADAACCCBABADBCCAABBBCCBB	['A63D', 'A93B']	2	-4.4778266	-8.785432	-11.336384	-2.550952
BCCDDDCDCDDDBCDDABCDABCABDBACBDCAADDCBCABACBCCABCACBCCCCCBDBACDCBBCBCBACCACADAACCCBABADBCCAAABBCCBB	['D13B', 'A63D', 'B64C']	3	-4.478434	-7.340347	-9.891906	-2.551559
BCCDDDCDCDDDBCDDABCDABCABDBACBDCAADAABCABACBCCABCACBCCCCCBDBADDBBBCBCBACCACACAACCCBABADBCCAABBBCCBB	['D13B', 'D36A', 'C37A', 'C62D', 'A63D', 'D77C', 'A93B']	7	-4.479648	-8.467161	-11.019934	-2.5527725
BCCDDDCDCDDDDCDDABCDABCABDBACBDCAACDBBCABACBCCABCACBCCCCCBDBACDBBBCBCCACCACADAACCCBABADBCCAAABBCCBB	['D35C', 'C37B', 'A63D', 'B70C']	4	-4.480559	-7.98942	-10.543108	-2.553688
BCCDDDCDCDDDDCDDABCDABCABDBACBDCAACDBBCABACBCCABCACBCCCCCBDBACDBBBCBCCACCACADAACCCBABADBCCAAABBCCBB	['D35C', 'C37B', 'A63D', 'B70C']	4	-4.480559	-7.98942	-10.543108	-2.553688
BCCDDDCDCDDDBCCDABCDABCABDBACBDCAACACBCABACBCCABCACBCCCCCBDBADBBBBCBCCABCACADAACCCBABADBCCAAABBCCBB	['D13B', 'D15C', 'D35C', 'D36A', 'C62D', 'A63B', 'B70C', 'C72B']	8	-4.4807158	-8.931549	-11.485384	-2.553835
BCCDDDCDCDDBDCDDAACDABCABDBACBDCAACDABCABACBCCABCACBCCCCCBDBACDBBBCBCBACCACADAACCCBABADBCCAAABBCCBB	['D12B', 'B18A', 'D35C', 'C37A', 'A63D']	5	-4.4825835	-8.157637	-10.713348	-2.5557117
BCCDDDCDCDDDBCDDABCDABCABDBACBDCAADDCBCABACBCCABCACBCCCCCBDCACACBBCBCBACCACADAACCCBABADBCCAAABBCCBB	['D13B', 'B60C', 'B64C']	3	-4.482591	-6.957946	-9.513664	-2.5557184
BCCDDDADCDDDDCDDABCDABCABDBACBDCAADDCBCABACBCCABCACBCCCCCBDBADCBBBCBCBACCACADAACCCBABADBCCAAABBCCBB	['C7A', 'C62D', 'A63C']	3	-4.482802	-8.573286	-11.129216	-2.5559301
BCCDDDCDCDDDDBCCABBDABCABDBACBDCAADDCBCACACBCCABCACBCCCCCBDBACCCBBCBABACCACADAACCCBABADBCBAAABBCCBB	['C14B', 'D15C', 'D16C', 'C19B', 'B41C', 'A63C', 'B64C', 'C69A', 'C90B']	9	-4.4828577	-7.4434724	-9.999458	-2.555986
BCCDDDCDCDDDDCDDABCDABCABDBACBDCAADDCBCABACBCCABCACBCCCCDBDBACDBBBCBCBACCACACAACCCBABADBDCAAABBCCBB	['C57D', 'A63D', 'D77C', 'C89D']	4	-4.4833345	-9.646843	-12.20331	-2.556467
BCCDDDCDCDDDDCCCABCDABCABDBACBDCAADDCBCABACBCCABCACBCCCCCBDBADBBBBCBCBACCACACAACCCBABADBCCAAABBCCBB	['D15C', 'D16C', 'C62D', 'A63B', 'D77C']	5	-4.4839334	-8.855907	-11.412964	-2.5570564
BCCDDDCDCDDDDCDCABCDABCABDBACBDCAADDCBCABACBCCABCACBCCCCCBDBADACBBCBCBACCACADAACCCBABADBCCAAABBCCBB	['D16C', 'C62D', 'B64C']	3	-4.489701	-7.698603	-10.261428	-2.5628247
BCCDDDCDCDDDDDDDABCDABCABDBACBDCAACDCBCACACBCCCBCACBCCCCCBDCACDBBBCBCBACCACADAACCCBABADBCCAAABBDCBB	['C14D', 'D35C', 'B41C', 'A47C', 'B60C', 'A63D', 'C96D']	7	-4.4898	-8.907785	-11.470713	-2.5629272
BCCDDDCDCDDDACCDABCDABCABDBACDDCAACABBCABACBCCABCACBCCCCCBDBACDBBBCBCBACCADADAACCCBABADBCCAAABBCCBB	['D13A', 'D15C', 'B30D', 'D35C', 'D36A', 'C37B', 'A63D', 'C75D']	8	-4.4905214	-9.378904	-11.9425535	-2.5636492
BCCDDDCDCDDBBCDDABCDABCABDBACBDCAADACBCABACBCCABCACBCCCCCBDBACDBBBCBCBACCACADAACCCBABADBCCAAABBCCBB	['D12B', 'D13B', 'D36A', 'A63D']	4	-4.490621	-7.410375	-9.97412	-2.563745
BCCDDDCDCDDDDCDDABCDABCABDBACBDCDADDCBCACACBBCABCACBCCCCDBDBACDCBBCBCBACCACADAACCCBABADBCCAABBBCCBB	['A33D', 'B41C', 'C45B', 'C57D', 'A63D', 'B64C', 'A93B']	7	-4.491974	-8.648453	-11.213552	-2.5650997
BCCDDDCDCDDDDCDDABCDABCABDBACBDCAACDCBCABACBCCABCACBCCCCCBDBACDBBBCBBBACCACADAACCCBABADBCCAAABBCCBB	['D35C', 'A63D', 'C69B']	3	-4.4941597	-7.7547264	-10.322015	-2.5672884
BCCDDDCDCDDDDCDDABCDABCABDBACBDCAACDCBCABACBCCABCACBCCCCCBDBACDBBBCBBBACCACADAACCCBABADBCCAAABBCCBB	['D35C', 'A63D', 'C69B']	3	-4.4941597	-7.7547264	-10.322015	-2.5672884
BCCDDDCDCDDDDCDDABCDABCABDBACBDCAACDCBCABACBCCABCACBCCCCCBDBACDBBBCBBBACCACADAACCCBABADBCCAAABBCCBB	['D35C', 'A63D', 'C69B']	3	-4.4941597	-7.7547264	-10.322015	-2.5672884
AAADDABDCDDDDCDDABCDABCABDBACBDCAADDCBCABACBCCABCACBCCCCCBDBACBBBBCBCBACCACADAACCCBABADBCCAAABBCCBB	['B1A', 'C2A', 'C3A', 'D6A', 'C7B', 'A63B']	6	-4.495074	-8.125307	-10.693504	-2.5681973
BCCDDDCDCDDDBCDDABCCABCABDBACBDDAABABBCACACBCDBBCACBCCCCCBDBACDBBBCBCBACCACADAACCCBABADBCCAAABBCCBB	['D13B', 'D20C', 'C32D', 'D35B', 'D36A', 'C37B', 'B41C', 'C46D', 'A47B', 'A63D']	10	-4.4952316	-8.06567	-10.634025	-2.5683546
BCCDDDCDCDDDDCDDABCDABCABDBACBDCAADDCBCABACBCCABCACBCCCCCBDBADDBBBCBBBAACACADAACCCBABADBCCAAABBCCBB	['C62D', 'A63D', 'C69B', 'C72A']	4	-4.4954414	-7.4496727	-10.018241	-2.5685682
BCCDDDCDCDDCDCDDABCDABCABDBACBDCAADDABCABACBCCABCACBCCCCCBDBACACBBBBCBACCACACAACCCBABADBCCAABBBCCBB	['D12C', 'C37A', 'B64C', 'C67B', 'D77C', 'A93B']	6	-4.4964256	-7.253061	-9.822613	-2.569552
BCCDDDCDCDDDDCDDBBCDABCABDBACBDCAADDABCACACBCCABCACBCCCCCBDBADDBBBCBCBACCACACAACCCBABADBCCAABBBCCBB	['A17B', 'C37A', 'B41C', 'C62D', 'A63D', 'D77C', 'A93B']	7	-4.496802	-9.586069	-12.155998	-2.5699291
BCCDDDCDCDDBDCDDABCDABCABDBACBDCAACACBCABACBCCABCACBCCCCCBDBACDBBBCBCBACCACACAACCCBABADBCCAABBBCCBB	['D12B', 'D35C', 'D36A', 'A63D', 'D77C', 'A93B']	6	-4.4972043	-8.975105	-11.545435	-2.5703297
BCCDDDCDCDDDDCDDABCDABCABDBACBDCAADDCBCABACBCCABCACBCCCCCBDBACDBBBCBCBADCACACAACCCBABADBCBAAABBCCBB	['A63D', 'C72D', 'D77C', 'C90B']	4	-4.4972982	-8.778755	-11.349182	-2.570427
BCCDDDCDCDDDDCDDABCDABCABDBACBDCAADDCBCABACBCCABCACBCCCCCBDCBDDBBBCCCBACCACACAACCCBABADBCCAABBBCCBB	['B60C', 'A61B', 'C62D', 'A63D', 'B68C', 'D77C', 'A93B']	7	-4.497909	-9.355318	-11.926358	-2.5710402
BCCDDDCDCDDBDCDDABCDABCABDBACBDCAACDCBCABACBCCABCACBCCCCCBDBADDBBBCBCBCBCACACAACCCBABADBCCAAABBCCBB	['D12B', 'D35C', 'C62D', 'A63D', 'A71C', 'C72B', 'D77C']	7	-4.4987063	-8.835848	-11.40768	-2.5718317
BCCDDDCDCDDDDCDDABBDABCABDBACBBCAACDCBCABACBCCABCACBCCCCCBDBACDBBBCBCBCCCACACAACCCBABADBCCAABBBCCBB	['C19B', 'D31B', 'D35C', 'A63D', 'A71C', 'D77C', 'A93B']	7	-4.4988523	-8.820787	-11.392764	-2.5719767
BCCDDDCDCCDDBCDDABCDABCABDBACDDCAACACBCABACBCCABCACBCCCCCBDBACDCBBCBBBACCADADAACCCBABADBCCAAABDCCBB	['D10C', 'D13B', 'B30D', 'D35C', 'D36A', 'A63D', 'B64C', 'C69B', 'C75D', 'B95D']	10	-4.5037246	-6.258336	-8.835189	-2.5768528
BCCDDDCDCDDDDCCDABCDABCABDBACBDCAACDABCABACBCCABCACBCCCCCBDBACBBBBCBCBACCACADAACCCBABADBCCAAABBCCBB	['D15C', 'D35C', 'C37A', 'A63B']	4	-4.504587	-8.627046	-11.204761	-2.577715
BCCDDDCDCDDDDCDDABCDABCABDBACBDCAADDBBCABACBCCABCACBCCCCCBDBACBBBBCBCBACCACADAACCCBABADBCCAAABBCCBB	['C37B', 'A63B']	2	-4.505399	-7.513995	-10.092522	-2.5785265
BCCDDDCDCDDDDCDDABCDABCABDBACBDCAADDBBCABACBCCABCACBCCCCCBDBACBBBBCBCBACCACADAACCCBABADBCCAAABBCCBB	['C37B', 'A63B']	2	-4.505399	-7.513995	-10.092522	-2.5785265
BCCDDDCDCDDDDCDDABCDABCABDBACBDCAADDBBCABACBCCABCACBCCCCCBDBACBBBBCBCBACCACADAACCCBABADBCCAAABBCCBB	['C37B', 'A63B']	2	-4.505399	-7.513995	-10.092522	-2.5785265
BCCDDDCDCDDDDCDDABCDABCABDBACBDCAACDABCABACBCCABCACBCCCCCBDBACDBBBCBCBACCACADAACCCBABADBCCAABBBCCBB	['D35C', 'C37A', 'A63D', 'A93B']	4	-4.508699	-8.597804	-11.179631	-2.5818272
BCCDDDCDCDDDBDDDABCDABCABDBACBDCAADDBBCABACBCCABCACBCCCCCBDBACDBBBCBCBACCACADAACCCBABADBCCAAABBCCBB	['D13B', 'C14D', 'C37B', 'A63D']	4	-4.5088434	-6.789755	-9.371726	-2.5819712
BCCDDDCDCDDDBCDDABCDABCABDBACBDCAACDBBCABACBCCABCACBCCCCCBDBACDABBCBCBACCACADAACCCBABADBCCAAABBCCBB	['D13B', 'D35C', 'C37B', 'A63D', 'B64A']	5	-4.508848	-6.093238	-8.675211	-2.581973
BCCDDDCDCDDDDCDDABCDABCABDBACBDCAADDCBCABACBCCABCACBCCCCCBDBACDBBBCBABACCACACAACCCBABADBCCAABBBCCBB	['A63D', 'C69A', 'D77C', 'A93B']	4	-4.5088477	-8.897261	-11.479238	-2.581977
BCCDDDCDCDDDDCDDABCDABCABDBACBDCAADDCBCABACBCCABCACBCCCCCBDBACDBBBCBABACCACACAACCCBABADBCCAABBBCCBB	['A63D', 'C69A', 'D77C', 'A93B']	4	-4.5088477	-8.897261	-11.479238	-2.581977
BCCDDDCDCDDDDCCDABCDABCABDBACBDCAADDABCACACBCCABCACBCCCCCBDBACBBBBCBCBACCACADAACCCBABADBCCAAABBCCBB	['D15C', 'C37A', 'B41C', 'A63B']	4	-4.5098596	-8.636227	-11.2192135	-2.5829868
BCCDDDCDCDDDDCDDABCDABCABDBACBDCAADDBBCABACBCCABCACBCCCCCBDBADBBBBCBCBACCCCACAACCCBABADBCCAAABBCCBB	['C37B', 'C62D', 'A63B', 'A74C', 'D77C']	5	-4.510225	-7.932498	-10.515849	-2.5833511
BCCDDDCDCDDDBCDDABCDABCABDBACBDCAADDBBCABACBCCABCACBCCCCCBDBACDBBBCBCBACCACADAACCCBABADBCCAAABBCCBB	['D13B', 'C37B', 'A63D']	3	-4.510361	-7.142321	-9.725808	-2.583487
BCCDDDCDCDDDBCDDABCDABCABDBACBDCAADDBBCABACBCCABCACBCCCCCBDBACDBBBCBCBACCACADAACCCBABADBCCAAABBCCBB	['D13B', 'C37B', 'A63D']	3	-4.510361	-7.142321	-9.725808	-2.583487
BCCDDDCDCDDDBCDDABCCABCABDBACDDCAACACBCABACBCCABCACBCCCCDBDBCCDBBBCBCBACCACADAACCCBABADCCCAAABBCCBB	['D13B', 'D20C', 'B30D', 'D35C', 'D36A', 'C57D', 'A61C', 'A63D', 'B88C']	9	-4.5110736	-8.877504	-11.461702	-2.584198
BCCDDDCDCDDDBCDDABCCABCABDBACDDCAACACBCABACBCCABCACBCCCCDBDBCCDBBBCBCBACCACADAACCCBABADCCCAAABBCCBB	['D13B', 'D20C', 'B30D', 'D35C', 'D36A', 'C57D', 'A61C', 'A63D', 'B88C']	9	-4.5110736	-8.877504	-11.461702	-2.584198
BCCDDDCDCDDDDCDDABCDABCABDBACBDCAADDCBCABACBCCABCACBCCCCCBDBACDBBBCBCBCBCACACAACCCBABADBCCAABBBCCBB	['A63D', 'A71C', 'C72B', 'D77C', 'A93B']	5	-4.5134153	-8.715422	-11.301966	-2.586544
BCCDDDCDCDDDDCDDABCDABCABDBACBDCAADDABCACACBCCABCACBCCCCCBDBACDBBBCBCBACCACADAACCCBABADBCCAABBBCCBB	['C37A', 'B41C', 'A63D', 'A93B']	4	-4.513972	-8.606984	-11.194084	-2.5871
BCCDDDCDCDDBDCCDABCDABCABDBACBDCAACDCBCABACBCCABCACBCCCCCBDBACDBBBCBCBACCACADAACCCBABADBCCAAABBCCBB	['D12B', 'D15C', 'D35C', 'A63D']	4	-4.5140586	-8.972452	-11.559638	-2.5871859
BCCDDDCDCDDDBCDDABCDABCABDBACBDCAADACBCABACBCCABCACBCCCCCBDBADDBDBCBCBACCACADAACCCBABADBCCAAABBCCBB	['D13B', 'D36A', 'C62D', 'A63D', 'B65D']	5	-4.515877	-8.677241	-11.266243	-2.5890017
BCCDDDCDCDDDDDCDABCDABCABDBACBDCAACDBBCABACBCCABCACBCCCCCBDBACABBBCBCBACCACADAACCCBABADBCCAAABBCCBB	['C14D', 'D15C', 'D35C', 'C37B']	4	-4.5173244	-8.329073	-10.919526	-2.5904531
BCCDDDCDCDDDDDCDABCDABCABDBACBDCAACDBBCABACBCCABCACBCCCCCBDBACABBBCBCBACCACADAACCCBABADBCCAAABBCCBB	['C14D', 'D15C', 'D35C', 'C37B']	4	-4.5173244	-8.329073	-10.919526	-2.5904531
BCCDDDCDCDDDDDCDABCDABCABDBACBDCAACDBBCABACBCCABCACBCCCCCBDBACABBBCBCBACCACADAACCCBABADBCCAAABBCCBB	['C14D', 'D15C', 'D35C', 'C37B']	4	-4.5173244	-8.329073	-10.919526	-2.5904531
BCCDDDCDCDDDDDCDABCDABCABDBACBDCAACDBBCABACBCCABCACBCCCCCBDBACABBBCBCBACCACADAACCCBABADBCCAAABBCCBB	['C14D', 'D15C', 'D35C', 'C37B']	4	-4.5173244	-8.329073	-10.919526	-2.5904531
BCCDDDBDCDDDDCDDABCDABCABDBACBDCAACDBBCABACBCCABCACBCCCCCBDBACDBBBCBCBACCACADAACCCBABADBCCAAABBCCBB	['C7B', 'D35C', 'C37B', 'A63D']	4	-4.5183935	-8.248568	-10.840091	-2.5915232
BCCDDDCDCDDDDCCDABCDABCABDBACBDCAACDBBCABACBCCABCACBCCCCCBDBACABBBCBCBACCACADAACCCBABADBCCAAABBCCBB	['D15C', 'D35C', 'C37B']	3	-4.5188437	-8.681639	-11.273613	-2.5919743
BCCDDDCDCDDDDCDDABCDABCABDBACBDCAADACBCABACBCCABCACBCCCCCBDBADDDBBCBCBACCACADAACCCBABADBCCAAABBCCBB	['D36A', 'C62D', 'A63D', 'B64D']	4	-4.5194445	-8.689403	-11.281967	-2.5925646
BCCDDDCDCDDDDCCDABCDABCABDBACDDCAACABBCABACBCCABCACBCCCCCBDBACDBBBCBCBACCACADAACCCBABADCCCAABBBCCBB	['D15C', 'B30D', 'D35C', 'D36A', 'C37B', 'A63D', 'B88C', 'A93B']	8	-4.5202575	-9.520042	-12.113426	-2.5933838
BCCDDDCDCDDDDDDDABCDABCABDBACBDCAACDBBCABACBCCABCACBCCCCCBDBACDBBBCBCBACCACADDACCCBABADBCCAAABBCCBB	['C14D', 'D35C', 'C37B', 'A63D', 'A78D']	5	-4.5215445	-7.8752856	-10.469958	-2.5946727
BCCDDDCDCDDDBCDDABCDABCABDBACDDCAACACBCABACBCCABCACBCCCCCBDBADDCBBCBCBCCCADADAACCCBABADBCCAAABBCCBB	['D13B', 'B30D', 'D35C', 'D36A', 'C62D', 'A63D', 'B64C', 'A71C', 'C75D']	9	-4.5217843	-8.664463	-11.259366	-2.594903
BCCDDDCDCDDDBDCDABCAABBABDBACBDCAAADCBCACACBCCABCACBCCCCCBDBACACBBCBCBACCACACAACCDBABADBCCAABBBCCBB	['D13B', 'C14D', 'D15C', 'D20A', 'C23B', 'D35A', 'B41C', 'B64C', 'D77C', 'C82D', 'A93B']	11	-4.5241966	-8.626933	-11.224254	-2.5973206
BCCDDDCDCDDDDCDDABCDABCABDBACBDCAACDCBCABACBCCABCACBCCCCCBDBACDBBBCBCBACCACACAACCCBABADBCCAAABBCCBB	['D35C', 'A63D', 'D77C']	3	-4.5246167	-9.167164	-11.764907	-2.597743
BCCDDDCDCDDDDCDDABCDABCABDBACBDCAACDCBCABACBCCABCACBCCCCCBDBACDBBBCBCBACCACACAACCCBABADBCCAAABBCCBB	['D35C', 'A63D', 'D77C']	3	-4.5246167	-9.167164	-11.764907	-2.597743
BCCDDDCDCDDDDCDDABCDABCABDBACBDCAACDCBCABACBCCABCACBCCCCCBDBACDBBBCBCBACCACACAACCCBABADBCCAAABBCCBB	['D35C', 'A63D', 'D77C']	3	-4.5246167	-9.167164	-11.764907	-2.597743
BCCDDDCDCDDDDDCCABCDABCABDBACBDCAADDABCABACBCCABCACBCCCCCBDBADBBBBCBCBADCACADAACCCBABADBCCAAABBCCBB	['C14D', 'D15C', 'D16C', 'C37A', 'C62D', 'A63B', 'C72D']	7	-4.526752	-7.4096947	-10.009572	-2.5998774
BCCDDDCDCDDDDCDDABCDABCABDBACBDCDADDCBCACACBCCABCACBCCCCCBDBACACBBCBCBACCACADAACCCBABADBCCAAABBCCBB	['A33D', 'B41C', 'B64C']	3	-4.5275517	-7.803366	-10.404042	-2.600676
BCCDDDCDCDDDDCDDABCDABCABDBACBDCDADDCBCACACBCCABCACBCCCCCBDBACACBBCBCBACCACADAACCCBABADBCCAAABBCCBB	['A33D', 'B41C', 'B64C']	3	-4.5275517	-7.803366	-10.404042	-2.600676
BCCDDDCDCDDDDCDDABCDABCABDBACDDCAACACBCABACBCCABCACBCCCCCBDBACDCBBCBCBACCACADAACCCBABADCCCAAABBCCBB	['B30D', 'D35C', 'D36A', 'A63D', 'B64C', 'B88C']	6	-4.5276856	-8.877502	-11.47831	-2.6008072
BCCDDDCDCDDDDCDDABCDABCABDBACDDCAACACBCABACBCCABCACBCCCCCBDBACDCBBCBCBACCACADAACCCBABADCCCAAABBCCBB	['B30D', 'D35C', 'D36A', 'A63D', 'B64C', 'B88C']	6	-4.5276856	-8.877502	-11.47831	-2.6008072
BCCDDDCDCDDDDCCDABCDABCABDBACDDCAACACBCABACBCCABCACBCCCCCBDBACDBBBCBCBACCACADAACCCBABADCCCAAABBCCBB	['D15C', 'B30D', 'D35C', 'D36A', 'A63D', 'B88C']	6	-4.5279284	-9.980155	-12.581207	-2.6010523
BCCDDDCDCDDDBCDDABCDABCABDBACBDCAADACBCABACBCCABCACBCCCCCBDBACACBBCBACACCACADAACCCBABADBCCAAABBCCBB	['D13B', 'D36A', 'B64C', 'C69A', 'B70C']	5	-4.529082	-6.9381123	-9.5403185	-2.6022062
BCCDDDCDCADBBCDDABCDABCABDBACBDCDADDCBCABACBCCABCACBCCCCCBDBACACBBCBCBACCACADAACCCBABADBCCAAABBCCBB	['D10A', 'D12B', 'D13B', 'A33D', 'B64C']	5	-4.5294185	-4.5596523	-7.162204	-2.6025515
BCCDDDCDCDDBDCDDABDDABCABDBACBDCAADDCBCABACBCCABCACBCCCCCBDBACDBBBCBCBACCACADAACCCBABADBCCAABBBCCBB	['D12B', 'C19D', 'A63D', 'A93B']	4	-4.529943	-7.9050865	-10.508159	-2.6030722
BCCDDDCDCDDDDCDDABCDABCABDBACBDCAADDBBCABACBCCABCACBCCCCCBDBACDBBBCBCBADCACADAACCCBABADBCCAABBBCCBB	['C37B', 'A63D', 'C72D', 'A93B']	4	-4.5304103	-7.801032	-10.404571	-2.6035385
BCCDDDCDCDDDDDDDABCAABCABDBACBDCAAAABBCABACBBCABCACBCCCCCBDBADDBBBCBCBABCACADAACCCBABADBCBAABBBCCBB	['C14D', 'D20A', 'D35A', 'D36A', 'C37B', 'C45B', 'C62D', 'A63D', 'C72B', 'C90B', 'A93B']	11	-4.531575	-7.7669754	-10.371673	-2.6046972
BCCDDDCDCDDCDDDDABCDABCABDBACBDCAADDBBCABACBCCABCACBCCCCCBDBADDBBBCBCBACCACADAACCCBABAABCCAABBBCCBB	['D12C', 'C14D', 'C37B', 'C62D', 'A63D', 'D87A', 'A93B']	7	-4.533163	-8.043072	-10.649357	-2.606285
BCCDDDCDCDDDDCDDABCDABCABDBACBDCAADDCBCACACBCCABCACBCCCCCBDBACDCBBCBCBACCACADAACCCBABADBCCACABBCCBB	['B41C', 'A63D', 'B64C', 'A92C']	4	-4.53406	-8.771781	-11.3789625	-2.6071815
BCCDDDCDCADDDCDDABCDABCABDBACBDCAACDABCABACBCCABCACBCCCCCBDBACDBBBCBCBACCACACAACCCBAAADBCCAABBBCCBB	['D10A', 'D35C', 'C37A', 'A63D', 'D77C', 'B85A', 'A93B']	7	-4.5343857	-7.2824826	-9.8899975	-2.6075149
BCCDDDCDCDDCDDDDABCDABCABDBACBDCAADDABCACACBCCABCACBCCCCCBDBACCBBBCBCBACCACADAACCCBABADBCCAAABBCCBB	['D12C', 'C14D', 'C37A', 'B41C', 'A63C']	5	-4.534558	-6.972291	-9.579979	-2.607688
BCCDDDCDCDDDDDDDABCDABCABDBACBDCAADDCBCABACBCCABCACBCCCCCBDBACDBBBCBCBADCACADAACCCBABADBCCAAABBCCBB	['C14D', 'A63D', 'C72D']	3	-4.5365634	-7.9085793	-10.51827	-2.6096902
BCCDDDCDCDDDDCDDABCDABCABDBACBDCAACDCBCABACBCCABCACBCCCCDBDBACDBBBCBCCACCACADAACCCBABADBCCAAABBCCBB	['D35C', 'C57D', 'A63D', 'B70C']	4	-4.5370455	-9.333999	-11.944173	-2.6101742
BCCDDDCDCDDDDCDDABCAABCABDBACBDCAADACBCABACBCDABCACBCDCCCBDBACDBBBCBCBBCBACADAACCCBABADBCBAAABBCCBB	['D20A', 'D36A', 'C46D', 'C54D', 'A63D', 'A71B', 'C73B', 'C90B']	8	-2.6105323	-6.8621807	-9.4727125	-2.6105318
BCCDDDCDCDDDDCDDABCDABCABDBACBDCAADDCBCABACBCDABCACBCCCCCBDBACDBBBCBCBACBACACAACCCBABADBCBAABBBCCBB	['C46D', 'A63D', 'C73B', 'D77C', 'C90B', 'A93B']	6	-4.539203	-10.321804	-12.934138	-2.6123343
BCCDDDCDCDDDDCDDABCDABCABDBACBDCAADDCBCABACBCCABCACBCCCCDBDBACDCBBCBCBACCACACAACCCBABADBCCAAABBCCBB	['C57D', 'A63D', 'B64C', 'D77C']	4	-4.540112	-8.998381	-11.611619	-2.6132383
AAADDDCDCDDDBCDDABCDABCABDBACBDCAACDCBCABACBCCABCACBCCCCCBDBACDDBBCBCBACCACADAACCCBABADBCCAAABBCCBB	['B1A', 'C2A', 'C3A', 'D13B', 'D35C', 'A63D', 'B64D']	7	-4.5401435	-7.463517	-10.076786	-2.6132689
BCCDDDCDCDDBDDDDABCDABCABDBACBDCAACDCBCABACBCCABCACBCCCCDBDBACDBBBCBCBCDCACACAACCCBABADBCCAABBBCCBB	['D12B', 'C14D', 'D35C', 'C57D', 'A63D', 'A71C', 'C72D', 'D77C', 'A93B']	9	-4.54059	-8.460338	-11.074056	-2.613718
BCCDDDCDCDDBDCDDABCDABCABDBACBDCAACDABCACACBCCABCACBCCCCCBDBACABBBCBCBBDCACACAACCCBABADBCCAABBBCCBB	['D12B', 'D35C', 'C37A', 'B41C', 'A71B', 'C72D', 'D77C', 'A93B']	8	-4.5420384	-7.8216124	-10.436777	-2.6151648
BCCDDDCDCDDDDCCDABCDABCABDBACBDCAADACBCACACBCCABCACBCCCCCBDBACDBDBCBCCACCACADAACCCBABADBCCAAABBCCBB	['D15C', 'D36A', 'B41C', 'A63D', 'B65D', 'B70C']	6	-4.542285	-9.600115	-12.215524	-2.615409
BCCDDDCDCDDDDCCDABCDABCABDBACBDCAADACBCACACBCCABCACBCCCCCBDBACDBDBCBCCACCACADAACCCBABADBCCAAABBCCBB	['D15C', 'D36A', 'B41C', 'A63D', 'B65D', 'B70C']	6	-4.542285	-9.600115	-12.215524	-2.615409
BCCDDDCDCDDDDCDDABDDABCABDBACBDCAADDCBCABACBCCABCACBCCCCCBDBACABBBCBCBACCACADAACCCBABADBCCAAABBCCBB	['C19D']	1	-4.542401	-8.074387	-10.689915	-2.615528
BCCDDDCDCDDDDCDDABDDABCABDBACBDCAADDCBCABACBCCABCACBCCCCCBDBACABBBCBCBACCACADAACCCBABADBCCAAABBCCBB	['C19D']	1	-4.542401	-8.074387	-10.689915	-2.615528
BCCDDDCDCDDDDCDDABCDABCABDBACBDCAADDCBCABABBCCABCACBCCCCCBDBADDBBBCBCBCCCACACAACCCBABADBCCAABBBCCBB	['C43B', 'C62D', 'A63D', 'A71C', 'D77C', 'A93B']	6	-4.5437036	-9.394837	-12.011666	-2.616829
BCCDDDCDCADDBCDCABCDABCABDBACDDCAACACBCABACBCCABCACBCCCCCBDBADCBBBCBCBACCACADAACCCBABADBCCAAABBCCBB	['D10A', 'D13B', 'D16C', 'B30D', 'D35C', 'D36A', 'C62D', 'A63C']	8	-4.544171	-6.3175817	-8.934881	-2.6172996
BCCDDDCDCDDDDCDDABCDABCABDBACBDCAADDCBCABACBCCABCACBCCCCCBDBACCBBBCBCBBBCACACAACCCBABADBCCAABBBCCBB	['A63C', 'A71B', 'C72B', 'D77C', 'A93B']	5	-4.5442176	-8.026276	-10.643619	-2.617343
BCCDDDCDCDDDDACDABCDABCABDBACBDCAADDCBCABACBCCABCACBCCCCCBDBACDBBBCBCBACCACADAACCCBABADBCCAAABBCCBB	['C14A', 'D15C', 'A63D']	3	-4.5452237	-8.579707	-11.198058	-2.618351
BCCDCDCDCADDDCDDABCDABCABDBACBDCAADDCBCABACBCCABCACBCCCCCBDBADCBBBCBCBACBACADAACCCBABADBCBAAABBCCBB	['D5C', 'D10A', 'C62D', 'A63C', 'C73B', 'C90B']	6	-4.545521	-8.214944	-10.833589	-2.6186447
BCCDDDCDCDDDDCDDABCDABCABDBACDDCAADDCBCABACBCDABCACBCCCCCBDBACACBBCBCBBCCACADAACCCBABADBCCAAABBCCBB	['B30D', 'C46D', 'B64C', 'A71B']	4	-4.5455885	-7.970444	-10.589155	-2.618711
BCCDDDCDCDDDDDDDABCDABCABDBACBDCAADDABCACACBCCABCACBCCCCCBDBADDBBBCBCBACCACACAACCCBABADBCCAAABBCCBB	['C14D', 'C37A', 'B41C', 'C62D', 'A63D', 'D77C']	6	-4.5461955	-8.845285	-11.464605	-2.61932
BCCDDDCDCDDDDCDDABCDABCABDBACDDCAACACBCABACBCCABCACBCCCCCBDBADDBBBCBCBACCACADAACCCBABADCCCAABBBCCBB	['B30D', 'D35C', 'D36A', 'C62D', 'A63D', 'B88C', 'A93B']	7	-4.5479574	-10.139887	-12.760964	-2.6210775
BCCDDDCDCDDDDCDDABCDABCABDBACBDCAADDCBCABACBCCABCACBCCCCDBDBACDBBBABCBACCACADAACCCBABADBCCAAABBCCBB	['C57D', 'A63D', 'C67A']	3	-4.5480924	-8.577387	-11.198611	-2.6212244
BCCDDDCDCADBDCCDABCAABCABDBACDDCAADAABCABACBCCABCACBCCCCDBDBACDBBBCBCBACCACADAACCCBABADBCCAAABBCCBB	['D10A', 'D12B', 'D15C', 'D20A', 'B30D', 'D36A', 'C37A', 'C57D', 'A63D']	9	-4.5482287	-7.0771646	-9.69852	-2.621355
BCCDDDCDCDDDBCDCABCDABCABDBACBDCAADDBBCABACBCCABCACBCCCCCBDBACCCBBCBCBACCACADAACCCBABADBCCADABBCCBB	['D13B', 'D16C', 'C37B', 'A63C', 'B64C', 'A92D']	6	-4.6651263	-4.5487056	-7.2869673	-2.621841
BCCDDDCDCDDDBCDCABCDABCABDBACBDCAADDBBCABACBCCABCACBCCCCCBDBACCCBBCBCBACCACADAACCCBABADBCCADABBCCBB	['D13B', 'D16C', 'C37B', 'A63C', 'B64C', 'A92D']	6	-4.6651263	-4.5487056	-7.2869673	-2.621841
BCCDDDCDCDDDBCDCABCDABCABDBACBDCAADDBBCABACBCCABCACBCCCCCBDBACCCBBCBCBACCACADAACCCBABADBCCADABBCCBB	['D13B', 'D16C', 'C37B', 'A63C', 'B64C', 'A92D']	6	-4.6651263	-4.5487056	-7.2869673	-2.621841
BCCDDDCDCDDDDCDDABCDABCABDBACBDCAADDCBCABACBCCABCACBCCCCCBDBACABBBCBCBACCACADAACCCBABADBCBAAABBCCBB	['C90B']	1	-4.5492654	-8.663389	-11.285782	-2.6223927
BCCDDDCDCDDDDCDDABCDABCABDBACBDCAADDCBCABACBCCABCACBCCCCCBDBACABBBCBCBACCACADAACCCBABADBCBAAABBCCBB	['C90B']	1	-4.5492654	-8.663389	-11.285782	-2.6223927
BCCDDDCDCDDDDDDDABCDABCABDBACBDCAADDBBCABABBCCABCACBCCCCCBDBACCABBCBCBBACACADAACCCBABADBCCAABBBCCBB	['C14D', 'C37B', 'C43B', 'A63C', 'B64A', 'A71B', 'C72A', 'A93B']	8	-4.550671	-4.947708	-7.5715075	-2.6237993
BCCDDDCDCDDADCDDABCDABCABDBACBDCAADDCBCACACBCCABCACBCCCCCBDBACDBBBCBCBCCCACACAACCCBABADBCCAABBBCCBB	['D12A', 'B41C', 'A63D', 'A71C', 'D77C', 'A93B']	6	-4.551385	-9.214173	-11.838687	-2.6245136
BCCDDDCDCCDDDCDDABCDABCABDBACBDCAADDBBCABACBBCABCACBCCCCCBDBADCBBBABCBACCACACAACCCBABADBCCAABBBCCBB	['D10C', 'C37B', 'C45B', 'C62D', 'A63C', 'C67A', 'D77C', 'A93B']	8	-4.5533414	-6.253997	-8.880466	-2.6264696
AAADDDCDCDDDBDDDABCDABCABDBACBDCAADDCBCABACBCCABCACBCCCCCBDBACACBBCBCBACCACACAACCCBABADBCCAAABBCCBB	['B1A', 'C2A', 'C3A', 'D13B', 'C14D', 'B64C', 'D77C']	7	-4.5534425	-6.948163	-9.574737	-2.6265736
BCCDDDCDCDDDDCDDABCDABCABDBACBDCAADDCBCABACBCCABCACBCCCCCBDBACDABBCBCBACCACADAACCCBABADBCCAAABBCCBB	['A63D', 'B64A']	2	-4.5535603	-7.171511	-9.798199	-2.6266875
BCCDDDCDCDDDDCDDABCDABCABDBACBDCAADDCBCABACBCCABCACBCCCCCBDBACDABBCBCBACCACADAACCCBABADBCCAAABBCCBB	['A63D', 'B64A']	2	-4.5535603	-7.171511	-9.798199	-2.6266875
AAADDDCDCDDDDCDDABCDABCABDBACBDCAADDCBCABACBCCABCACBCCCCCBDBACABBBCBCBACCACACAACCCBABADBCCAABBBCCBB	['B1A', 'C2A', 'C3A', 'D77C', 'A93B']	5	-4.554353	-8.745815	-11.373294	-2.6274786
BCCDDDCDCDDDDCDDABCDABCABDBACDDCAACAABCABACBCCABCACBCCCCCBDBACDBBBCBCBCCCACACAACCCBABADCCCAAABBCCBB	['B30D', 'D35C', 'D36A', 'C37A', 'A63D', 'A71C', 'D77C', 'B88C']	8	-4.5550294	-8.707965	-11.33612	-2.6281548
BCCDDDCDCDDDDCDDABADABCABDBACBDCAADDCBCABACBCCABCACBCCCCCBDBACDBBBCBCBACCACACAACCCBABADBCCAABBBCCBB	['C19A', 'A63D', 'D77C', 'A93B']	4	-4.5551596	-8.671769	-11.30006	-2.6282911
BCCDDDCDCCDDDDDDABCCABCABDBACBDDAACDBBCABACBCDABCACBCCCCCBDBACDBBBCBCBADCACACAACCCBABADBCCAAABBCCBB	['D10C', 'C14D', 'D20C', 'C32D', 'D35C', 'C37B', 'C46D', 'A63D', 'C72D', 'D77C']	10	-4.5565352	-5.922407	-8.552072	-2.6296644
BCCDDDCDCDDDDCDDABCDABCABDBACBDCAADDCBCABACBCCABCACBCCCCCBDBACDBBBCBDBCBCACACAACCCBABADBCBAAABBCCBB	['A63D', 'C69D', 'A71C', 'C72B', 'D77C', 'C90B']	6	-4.560245	-9.0050955	-11.638468	-2.6333723
BCCDDDCDCDDDDCDDABCDABCABDBACBDCAADDCBCABACBCCABCACBCCCCDBDBADDBBBCBCBACCACACAACCCBABADBCCAABBBCCBB	['C57D', 'C62D', 'A63D', 'D77C', 'A93B']	5	-4.560384	-10.260764	-12.894273	-2.6335087
BCCDDDCDCDDDDCDDABCDABCABDBACBDCAADDCBCACACBCCABCACBCCCCCBDBACACBBCBCBACCACACAACCCBABADBCBAAABBCCBB	['B41C', 'B64C', 'D77C', 'C90B']	4	-4.561728	-8.792215	-11.427069	-2.6348534
BCCDDDCDCDDDDCDCABCDABCABDBACBDCAADDCBAABACBCCABCACBCCCCCBDBACDBBBCBCBACCACADAACCCBABADBCCAAABBCCBB	['D16C', 'C39A', 'A63D']	3	-4.562739	-8.201686	-10.837548	-2.6358624
BCCDDDCDCDDBDCDDABDDABCABDBACDDCBADDCBCABACBBCABCACBCBCCDBDBACDBBBCBCBCCCACACAACCCBACADCCCAABBBCCBB	['D12B', 'C19D', 'B30D', 'A33B', 'C45B', 'C54B', 'C57D', 'A63D', 'A71C', 'D77C', 'B85C', 'B88C', 'A93B']	13	-3.8523211	-7.0831137	-9.720049	-2.6369352
BCCDDDCDCDDDBCDDABCDABCABDBACBDCAACDCBCACACBCCABCACBCCCCCBDBACDBBBCBCBACCACACAACCCBABADBCCAAABBCCBB	['D13B', 'D35C', 'B41C', 'A63D', 'D77C']	5	-4.563816	-8.784508	-11.42145	-2.636942
AAADDDCDCDDDDCDDABCDABCABDBACBDCAADDBBCABACBCCABCACBCCCCCBDBACCBBBCBCBACCACACAACCCBABADBCCAABBBCCBB	['B1A', 'C2A', 'C3A', 'C37B', 'A63C', 'D77C', 'A93B']	7	-4.564882	-7.524934	-10.162946	-2.638012
BCCDDDCDCDDDBCDDABCDABCABDBACBDCAADDCBCABACBCCABCACBCCCCDBDBACDBBBCBCBACCACADAACCCBABADBCCAAABBCCBB	['D13B', 'C57D', 'A63D']	3	-4.5668483	-8.486898	-11.126877	-2.6399784
BCCDDDCDCDDDBCDDABCDABCABDBACBDCAADDCBCABACBCCABCACBCCCCDBDBACDBBBCBCBACCACADAACCCBABADBCCAAABBCCBB	['D13B', 'C57D', 'A63D']	3	-4.5668483	-8.486898	-11.126877	-2.6399784
BCCDDDCDCDDDBCDDABCDABCABDBACBDCAADDCBCABACBCCABCACBCCCCDBDBACDBBBCBCBACCACADAACCCBABADBCCAAABBCCBB	['D13B', 'C57D', 'A63D']	3	-4.5668483	-8.486898	-11.126877	-2.6399784
BCCDDDCDCDDDBCDDABCDABCABDBACDDCAACACBCACACBCCABCACBCCCCCBDBACDCBBCBCBACCACADAACCCBABADCCCAAABBCCBB	['D13B', 'B30D', 'D35C', 'D36A', 'B41C', 'A63D', 'B64C', 'B88C']	8	-4.566885	-8.494848	-11.134851	-2.6400032
BCCDDDCDCDDBDCDDABCDABCABDBACBDCAADABBCABACBCCABCACBCCCCCBDBACACBBCBCBACCACADAACCCBABADBCCAAABBCCBB	['D12B', 'D36A', 'C37B', 'B64C']	4	-4.568435	-6.822091	-9.4636545	-2.6415634
BCCDDDCDCDDDBCDDABCAABCABDBACDDCDADDCBCABACBCCABCACBCCCCCBDBACACBBCBCBBCCACADAACCCBABADCCCAAABBCCBB	['D13B', 'D20A', 'B30D', 'A33D', 'B64C', 'A71B', 'B88C']	7	-4.5687623	-5.9146934	-8.556582	-2.641889
BCCDDDCDCDDDDCDDABCDABCABDBACBDCAACDABCABACBCCABCACBCCCCCBDBACDBBBCBCBADCACADAACCCBABADBCCAAABBCCBB	['D35C', 'C37A', 'A63D', 'C72D']	4	-4.5689545	-8.073517	-10.7156	-2.6420832
BCCDDDCDCDDDDCCDABCDABCABDBACBDCAADAABCABACBCCABCACBCCCCDBDBACABBBCBCBADCACADAACCCBABADBCCAAABBCCBB	['D15C', 'D36A', 'C37A', 'C57D', 'C72D']	5	-4.569738	-8.984629	-11.627495	-2.6428661
BCCDDDCDCDDDDCDDABCDABCABDBACBDCAADDCBCABACBCCABCACBCCCCCBDBACDBBBABCBACCACADAACCCBABADBCCAAABBCCBB	['A63D', 'C67A']	2	-4.570246	-7.919248	-10.562623	-2.643375
AAADDDCDCDDCDDDDABCDABCABDBACBDCAACDBBCABACBCCABCACBCCCCCBDBACDBBBCBCBACCACADAACCCBABADDCCAABBBCCBB	['B1A', 'C2A', 'C3A', 'D12C', 'C14D', 'D35C', 'C37B', 'A63D', 'B88D', 'A93B']	10	-4.574005	-7.773861	-10.42099	-2.647129
BCCDDDCDCDDDBCDDABCDABCABDBACBDCAADACBCABACBCCABCACBCCCCCBDBACABBBCBCBACCACADAACCCBABADBCCAAABBCCBB	['D13B', 'D36A']	2	-4.574046	-7.8060007	-10.453174	-2.647173
BCCDDDCDCDDDBCDDABCDABCABDBACBDCAADACBCABACBCCABCACBCCCCCBDBACABBBCBCBACCACADAACCCBABADBCCAAABBCCBB	['D13B', 'D36A']	2	-4.574046	-7.8060007	-10.453174	-2.647173
BCCDDDCDCDDDBCDCABCDABCABDBACBDCAADDBBCABACBCCABCACBCCCCCBDBACACBBCBCBACCACADAACCCBABADBCCADABBCCBB	['D13B', 'D16C', 'C37B', 'B64C', 'A92D']	5	-4.5759583	-5.083148	-7.732238	-2.6490898
BCCDDDCDCCDDBCDCABCDABCABDBACDDCAACBABCABACBDCABCACBCCCCCBDBADCCBBCBCBCDCACADAACCCBABADBCCAABBBCCBB	['D10C', 'D13B', 'D16C', 'B30D', 'D35C', 'D36B', 'C37A', 'C45D', 'C62D', 'A63C', 'B64C', 'A71C', 'C72D', 'A93B']	14	-4.5781484	-5.61716	-8.268442	-2.6512823
BCCDDDCDCADDDDDDABCDABCABDBACDDCAAAACBCACACBCCABCACBCCCCCBDBACDBBBCBCBACCACADAACCCBABADBCCAAABBCCBB	['D10A', 'C14D', 'B30D', 'D35A', 'D36A', 'B41C', 'A63D']	7	-4.578368	-7.581879	-10.233371	-2.6514916
BCCDDDCDCDDDDCDDABCDABCABDBACBDCAADDCBCACACBCCABCACBCCCCDBDBACDBBBCBCBACCACACAACCCBABADBCCAABBBCCBB	['B41C', 'C57D', 'A63D', 'D77C', 'A93B']	5	-4.578704	-10.060809	-12.712642	-2.6518326
BCCDDDCDCDDDDDCDADCDABCABDBACBDCAACDBBCABACBCCABCACBCCCCCBDBACABBBCBCBACCACADAACCCBABADBCCAAABBCCBB	['C14D', 'D15C', 'B18D', 'D35C', 'C37B']	5	-4.5798125	-8.461481	-11.114423	-2.6529417
BCCDDDCDCDDDDCDDABCDABCABDBACBDCAADACBCABACBCCABCACBCCCCCBDBACDBBBCBCCACCACACAACCCBABADBCCAABBBCCBB	['D36A', 'A63D', 'B70C', 'D77C', 'A93B']	5	-4.5802374	-8.95424	-11.607605	-2.6533651
BCCDDDCDCDDDDDDDABCDABCABDBACBDCAADDCBCACACBCDABCACBCCCCCBDBACDCBBCBCCACCACACAACCCBABADBCCAAABBCCBB	['C14D', 'B41C', 'C46D', 'A63D', 'B64C', 'B70C', 'D77C']	7	-4.5804214	-8.007324	-10.660869	-2.6535444
BCCDDDCDCDDDDCDDABCDABCABDBACBDCAADDABCACACBCCABCACBCCCCCBDBACBCBBCBCBACCACADAACCCBABADBCCAABBBCCBB	['C37A', 'B41C', 'A63B', 'B64C', 'A93B']	5	-4.5805845	-7.7599	-10.413608	-2.6537075
BCCDDDCDCDDDDCDDABCDABCABDBACBDCAADDABCACACBCCABCACBCCCCCBDBACBCBBCBCBACCACADAACCCBABADBCCAABBBCCBB	['C37A', 'B41C', 'A63B', 'B64C', 'A93B']	5	-4.5805845	-7.7599	-10.413608	-2.6537075
BCCDDDCDCADADCCCABCDABCABDBACBDCAADDCBDABACBCCABCACBCCCCCBDBACACBBCBCBACCACADAACCCBABADBCCAAABBCCBB	['D10A', 'D12A', 'D15C', 'D16C', 'C39D', 'B64C']	6	-4.581709	-6.461788	-9.116628	-2.6548395
AAADDDCDCDDDDCDDABCDABCABDBACBDCAADDCBCABACBCCABCACBCCCCCBDBACABBBCBCBACCACADAACCCBABADBCCAAABBCCBA	['B1A', 'C2A', 'C3A', 'B99A']	4	-4.582201	-8.428854	-11.084179	-2.655325
BCCDDDCDCDDDDCDDABCDABCABDBACBDCAADDCBCABACBCCABCACBCCCCCBDBADDBBBCBCBACCACACAACCCBABADBCCAABBBCCBB	['C62D', 'A63D', 'D77C', 'A93B']	4	-4.582537	-9.602624	-12.2582855	-2.6556616
BCCDDDCDCDDDDCDDABCDABCABDBACBDCAADDCBCABACBCCABCACBCCCCCBDBADDBBBCBCBACCACACAACCCBABADBCCAABBBCCBB	['C62D', 'A63D', 'D77C', 'A93B']	4	-4.582537	-9.602624	-12.2582855	-2.6556616
BCCDDDCDCDDDDCDDABCDABCABDBACBDCAADDCBCABACBCCABCACBCCCCCBDBADDBBBCBCBACCACACAACCCBABADBCCAABBBCCBB	['C62D', 'A63D', 'D77C', 'A93B']	4	-4.582537	-9.602624	-12.2582855	-2.6556616
BCCDDDCDCDDDDCDDABCDABCABDBACBDCAADDCBCABACBCCABCACBCCCCCBDBADDBBBCBCBACCACACAACCCBABADBCCAABBBCCBB	['C62D', 'A63D', 'D77C', 'A93B']	4	-4.582537	-9.602624	-12.2582855	-2.6556616
BCCDDDCDCDDDBCDDACCAABCABDBACBDCAADDCBCABACBCCABCACBCACCCBDBACDBBBCBCBBDCACACAACCCBABADBCBAAABBCCBB	['D13B', 'B18C', 'D20A', 'C54A', 'A63D', 'A71B', 'C72D', 'D77C', 'C90B']	9	-3.8218656	-6.310195	-8.966108	-2.6559134
BCCDDDCDCDDDDCDDABCDABCABDBACDDCAACABBCABACBCCABCACBCCCCCBDCACACBBCBCBACCACADAACCCBABADBCCAAABBCCBB	['B30D', 'D35C', 'D36A', 'C37B', 'B60C', 'B64C']	6	-4.583359	-8.023483	-10.679969	-2.6564856
BCCDDDCDCDDBDCDDABADABCABDBACBDCAADDCBCABACBCCABCACBCCCCCBDBACDBBBCBCBACCACADAACCCBABADBCCAAABBCCBB	['D12B', 'C19A', 'A63D']	3	-4.5839567	-7.63649	-10.293577	-2.6570873
BCCDDDCDCDDDDCDDABCDABCABDBACBDCAADDCBCABACBCCABCACBCCCCCBDBACBBBBCBCBACCACADAACCCBABADBCCAAABBCCBB	['A63B']	1	-4.5840383	-8.200432	-10.857596	-2.6571646
BCCDDDCDCDDDDCDDABCDABCABDBACBDCAADDCBCABACBCCABCACBCCCCCBDBACBBBBCBCBACCACADAACCCBABADBCCAAABBCCBB	['A63B']	1	-4.5840383	-8.200432	-10.857596	-2.6571646
BCCDDDCDCDDDDCDDABCDABCABDBACBDCAADDCBCABACBCCABCACBCCCCCBDBACBBBBCBCBACCACADAACCCBABADBCCAAABBCCBB	['A63B']	1	-4.5840383	-8.200432	-10.857596	-2.6571646
BCCDDDCDCDDDDCDDABCDABCABDBACBDCAADDCBCABACBCCABCACBCCCCCBDBACBBBBCBCBACCACADAACCCBABADBCCAAABBCCBB	['A63B']	1	-4.5840383	-8.200432	-10.857596	-2.6571646
BCCDDDCDCDDDDCDDABCDABCABDBACBDCAADDCBCABACBCCABCACBCCCCCBDBACBBBBCBCBACCACADAACCCBABADBCCAAABBCCBB	['A63B']	1	-4.5840383	-8.200432	-10.857596	-2.6571646
BCCDDDCDCDDDBCCDABCDABCABDBACBDCAADDCBCABACBCCABCACBCCCCCBDBACDBBBDBABACCACACAACCCBABADBCCAAABBCCBB	['D13B', 'D15C', 'A63D', 'C67D', 'C69A', 'D77C']	6	-4.584296	-8.687181	-11.344603	-2.657421
BCCDDDCDCDDDDCDDABCDABCABDBACBDCAADDABCACACBCCABCACBCCCCCBDBBCABBBCBCBACCACADAACCCBABADBCCAAABBCCBB	['C37A', 'B41C', 'A61B']	3	-4.585685	-8.066669	-10.725484	-2.6588144
BCCDDDCDCDDDDCDDABCDABCABDBACBDCAADDABCABACBCCABCACBCCCCCBDBACDBBBCBCBACCACADAACCCBABADBCCAAABBCCBB	['C37A', 'A63D']	2	-4.5859475	-8.032967	-10.692042	-2.6590757
BCCDDDCDCDDDDCDDABCDABCABDBACBDCAADDABCABACBCCABCACBCCCCCBDBACDBBBCBCBACCACADAACCCBABADBCCAAABBCCBB	['C37A', 'A63D']	2	-4.5859475	-8.032967	-10.692042	-2.6590757
BCCDDDCDCDDDDCDDABCDABCABDBACBDCAADDABCABACBCCABCACBCCCCCBDBACDBBBCBCBACCACADAACCCBABADBCCAAABBCCBB	['C37A', 'A63D']	2	-4.5859475	-8.032967	-10.692042	-2.6590757
BCCDDDCDCDDDDCDDABCDABCABDBACBDCAADDABCABACBCCABCACBCCCCCBDBACDBBBCBCBACCACADAACCCBABADBCCAAABBCCBB	['C37A', 'A63D']	2	-4.5859475	-8.032967	-10.692042	-2.6590757
BCCDDDCDCDDDDCDDABCDABCABDBACBDCAADDABCABACBCCABCACBCCCCCBDBACDBBBCBCBACCACADAACCCBABADBCCAAABBCCBB	['C37A', 'A63D']	2	-4.5859475	-8.032967	-10.692042	-2.6590757
BCCDDDCDCDDDDCDDABCDABCABDBACBDCAADDABCABACBCCABCACBCCCCCBDBACDBBBCBCBACCACADAACCCBABADBCCAAABBCCBB	['C37A', 'A63D']	2	-4.5859475	-8.032967	-10.692042	-2.6590757
BCCDDDCDCDDDDCDDABCDABCABDBACBDCAADDABCABACBCCABCACBCCCCCBDBACDBBBCBCBACCACADAACCCBABADBCCAAABBCCBB	['C37A', 'A63D']	2	-4.5859475	-8.032967	-10.692042	-2.6590757
BCCDDDCDCDDDDCDDABCDABCABDBACBDCAADDCBCABACBCCABCACBCCCCCBDBACBBBBCBCBACCACADAACCCBABADBCCABABBCCBB	['A63B', 'A92B']	2	-4.586848	-8.154177	-10.814152	-2.659975
BCCDDDCDCDDDBDDDABCDABCABDBACBDCAADDCBCABACBCCABCACBCCCCCBDBACDBBBCBCBACCACADAACCCBABADBCCAAABBCCBB	['D13B', 'C14D', 'A63D']	3	-4.587484	-7.4761925	-10.136802	-2.6606092
BCCDDDCDCDDCBDDDABCDABCABDBACBDCAADDCBCABACBCCABCACBCCCCCBDBADDBBBCCCBCDCACACAACCCBABADBCCAABBBCCBB	['D12C', 'D13B', 'C14D', 'C62D', 'A63D', 'B68C', 'A71C', 'C72D', 'D77C', 'A93B']	10	-4.5877028	-7.6043367	-10.265167	-2.6608305
BCCDDDCDCDDDDCDDABCDABCABDBACBDCAADDCBCABACBCCABCACBCCCCCBDBACDBBBBBBBACCACACAACCCBABADBCCAAABBCCBB	['A63D', 'C67B', 'C69B', 'D77C']	4	-4.588549	-7.4197507	-10.081429	-2.6616778
BCCDDDCDCDDDDDDDABBDABCABDBACBDCAADDCBCABACBCCABCACBCCCCCBDBACDBBBCBBBACCACADAACCCBABADBCCAAABBCCBB	['C14D', 'C19B', 'A63D', 'C69B']	4	-4.588678	-6.8523035	-9.514111	-2.661807
BCCDDDCDCDDDBCDDABCDABCABDBACBDCAADDCBCABACBCCABCACBCCCCCBDBACDBBBCBCBACCACADAACCCBABADBCCAAABBCCBB	['D13B', 'A63D']	2	-4.5890017	-7.828758	-10.490885	-2.662127
BCCDDDCDCDDDBCDDABCDABCABDBACBDCAADDCBCABACBCCABCACBCCCCCBDBACDBBBCBCBACCACADAACCCBABADBCCAAABBCCBB	['D13B', 'A63D']	2	-4.5890017	-7.828758	-10.490885	-2.662127
BCCDDDCDCDDDBCDDABCDABCABDBACBDCAADDCBCABACBCCABCACBCCCCCBDBACDBBBCBCBACCACADAACCCBABADBCCAAABBCCBB	['D13B', 'A63D']	2	-4.5890017	-7.828758	-10.490885	-2.662127
BCCDDDCDCDDDBCDDABCDABCABDBACBDCAADDCBCABACBCCABCACBCCCCCBDBACDBBBCBCBACCACADAACCCBABADBCCAAABBCCBB	['D13B', 'A63D']	2	-4.5890017	-7.828758	-10.490885	-2.662127
BCCDDDCDCDDDBCDDABCDABCABDBACBDCAADDCBCABACBCCABCACBCCCCCBDBACDBBBCBCBACCACADAACCCBABADBCCAAABBCCBB	['D13B', 'A63D']	2	-4.5890017	-7.828758	-10.490885	-2.662127
BCCDDDCDCDDDBCDDABCDABCABDBACBDCAADDCBCABACBCCABCACBCCCCCBDBACDBBBCBCBACCACADAACCCBABADBCCAAABBCCBB	['D13B', 'A63D']	2	-4.5890017	-7.828758	-10.490885	-2.662127
BCCDDDCDCDDDBCDDABCDABCABDBACBDCAADDCBCABACBCCABCACBCCCCCBDBACDBBBCBCBACCACADAACCCBABADBCCAAABBCCBB	['D13B', 'A63D']	2	-4.5890017	-7.828758	-10.490885	-2.662127
BCCDDDCDCDDDBCDDABCDABCABDBACBDCAADDCBCABACBCCABCACBCCCCCBDBACDBBBCBCBACCACADAACCCBABADBCCAAABBCCBB	['D13B', 'A63D']	2	-4.5890017	-7.828758	-10.490885	-2.662127
BCCDDDCDCDDDBCDDABCDABCABDBACBDCAADDCBCABACBCCABCACBCCCCCBDBACDBBBCBCBACCACADAACCCBABADBCCAAABBCCBB	['D13B', 'A63D']	2	-4.5890017	-7.828758	-10.490885	-2.662127
BCCDDDCDCDDDBCDDABCDABCABDBACBDCAADDCBCABACBCCABCACBCCCCCBDBACDBBBCBCBACCACADAACCCBABADBCCAAABBCCBB	['D13B', 'A63D']	2	-4.5890017	-7.828758	-10.490885	-2.662127
BCCDDDCDCDDDBCDDABCDABCABDBACBDCAADDCBCABACBCCABCACBCCCCCBDBACDBBBCBCBACCACADAACCCBABADBCCAAABBCCBB	['D13B', 'A63D']	2	-4.5890017	-7.828758	-10.490885	-2.662127
BCCDDDCDCDDDBCDDABCDABCABDBACBDCAADDCBCABACBCCABCACBCCCCCBDBACDBBBCBCBACCACADAACCCBABADBCCAAABBCCBB	['D13B', 'A63D']	2	-4.5890017	-7.828758	-10.490885	-2.662127
BCCDDDCDCDDDBCDDABCDABCABDBACBDCAADDCBCABACBCCABCACBCCCCCBDBACDBBBCBCBACCACADAACCCBABADBCCAAABBCCBB	['D13B', 'A63D']	2	-4.5890017	-7.828758	-10.490885	-2.662127
BCCDDDCDCDDDBCDDABCDABCABDBACBDCAADDCBCABACBCCABCACBCCCCCBDBACDBBBCBCBACCACADAACCCBABADBCCAAABBCCBB	['D13B', 'A63D']	2	-4.5890017	-7.828758	-10.490885	-2.662127
BCCDDDCDCDDDBCDDABCDABCABDBACBDCAADDCBCABACBCCABCACBCCCCCBDBACDBBBCBCBACCACADAACCCBABADBCCAAABBCCBB	['D13B', 'A63D']	2	-4.5890017	-7.828758	-10.490885	-2.662127
BCCDDDCDCDDDBCDDABCDABCABDBACBDCAADDCBCABACBCCABCACBCCCCCBDBACDBBBCBCBACCACADAACCCBABADBCCAAABBCCBB	['D13B', 'A63D']	2	-4.5890017	-7.828758	-10.490885	-2.662127
BCCDDDCDCDDDDCCDABCDABCABDBACDDCAACCCBBABACBCCABCACBCCCCCBDBACDBBBCBCBACCACADAACCCBABADBCCAAABBCCBB	['D15C', 'B30D', 'D35C', 'D36C', 'C39B', 'A63D']	6	-4.590285	-10.988146	-13.651554	-2.6634083
BCCDDDCDCDDDBCDDABCDABCABDBACDDCAADDCBCABACBCCABCACBCCCCCBDBACDBBBABABBCCACACAACCCBABADCCCAAABBCCBB	['D13B', 'B30D', 'A63D', 'C67A', 'C69A', 'A71B', 'D77C', 'B88C']	8	-4.591325	-7.2357235	-9.900173	-2.6644497
BCCDDDCDCCDDDCDDABCDABCABDBACDDCAADDABCABACBCCABCACBCCCCDBDBACDBBBCBCBACCACADAACCCBABADBCCAABBBCCBB	['D10C', 'B30D', 'C37A', 'C57D', 'A63D', 'A93B']	6	-4.5916004	-8.318578	-10.983307	-2.664729
BCCDDDCDCDDDBCDDABCDABCABDBACDDCAACACBCABACBCCABCACBCCCCCBDBACBBBBCBCBBCCACACAACCCBABADCCCAAABBCCBA	['D13B', 'B30D', 'D35C', 'D36A', 'A63B', 'A71B', 'D77C', 'B88C', 'B99A']	9	-4.5925226	-8.313068	-10.97871	-2.6656418
BCCDDDCDCDDDDCDDABCDABCABDBACBDCAADDCBCABACBCCABCACBCCCCCBDBACABBBCBCBCCCACACAACCCBABADBCCAAABBCCBB	['A71C', 'D77C']	2	-4.593711	-8.283513	-10.950355	-2.6668415
BCCDDDCDCDDADCBDABCDABCABDBACBDCAADDBBCABACBCCABCACBCCCCCBDBADDBBBCBCBACCACADAACCCBABADBCCAAABBCCBB	['D12A', 'D15B', 'C37B', 'C62D', 'A63D']	5	-4.5946813	-8.896002	-11.563811	-2.6678095
BCCDDDCDCDDBDCDDABBDABCABDBACBDCAADACBCABACBCCABCACBCCCCCBDBACACBBCBCBACCACADAACCCBABADBCCAAABBCCBB	['D12B', 'C19B', 'D36A', 'B64C']	4	-4.5948963	-7.2971854	-9.965206	-2.6680207
BCCDDDCDCDDDBCDCABCDABCABDBACBDCAACACBCACACBCCABCACBCCCCDBDBDCCBDBCBCBAACACADAACCCBABADBCCDAABBCCBB	['D13B', 'D16C', 'D35C', 'D36A', 'B41C', 'C57D', 'A61D', 'A63C', 'B65D', 'C72A', 'A91D']	11	-4.4152923	-7.494629	-10.16271	-2.6680813
BCCDDDCDCDDDDCDDABCDABCABDBACBDCAACDCBCABACBCCABCACBCCCCCBDBACDBBBCBCBACCACACAACCCBABADBCCAABBBCCBB	['D35C', 'A63D', 'D77C', 'A93B']	4	-4.595585	-9.39349	-12.0622	-2.6687098
BCCDDDCDCDDDDCDDABCDABCABDBACBDCAACDCBCABACBCCABCACBCCCCCBDBACDBBBCBCBACCACACAACCCBABADBCCAABBBCCBB	['D35C', 'A63D', 'D77C', 'A93B']	4	-4.595585	-9.39349	-12.0622	-2.6687098
BCCDDDCDCDDDDCDDABCDABCABDBACBDCAACDCBCABACBCCABCACBCCCCCBDBACDBBBCBCBACCACACAACCCBABADBCCAABBBCCBB	['D35C', 'A63D', 'D77C', 'A93B']	4	-4.595585	-9.39349	-12.0622	-2.6687098
BCCDDDCDCDDDDCDDABCDABCABDBACBDCAACDCBCABACBCCABCACBCCCCCBDBACDBBBCBCBACCACACAACCCBABADBCCAABBBCCBB	['D35C', 'A63D', 'D77C', 'A93B']	4	-4.595585	-9.39349	-12.0622	-2.6687098
BCCDDDCDCDDDDCDDABCDABCABDBACBDCAACDCBCABACBCCABCACBCCCCCBDBACDBBBCBCBACCACACAACCCBABADBCCAABBBCCBB	['D35C', 'A63D', 'D77C', 'A93B']	4	-4.595585	-9.39349	-12.0622	-2.6687098
BCCDDDCDCDDDDCDDABCDABCABDBACBDCAACDCBCABACBCCABCACBCCCCCBDBACACBBCBCBACCACADAACCCBABADBCCAAABBCCBB	['D35C', 'B64C']	2	-4.59724	-8.265427	-10.93579	-2.6703634
BCCDDDCDCDDDDCDDABCDABCABDBACBDCAACDCBCABACBCCABCACBCCCCCBDBACACBBCBCBACCACADAACCCBABADBCCAAABBCCBB	['D35C', 'B64C']	2	-4.59724	-8.265427	-10.93579	-2.6703634
BCCDDDCDCDDDDCCDABCDABCABDBACBDCAACDCBCABACBCCABCACBCCCCCBDBACABBBCBCBACCACADAACCCBABADBCCAAABBCCBB	['D15C', 'D35C']	2	-4.5974836	-9.368077	-12.03869	-2.6706123
BCCDDDCDCDDDDCCDABCDABCABDBACBDCAACDCBCABACBCCABCACBCCCCCBDBACABBBCBCBACCACADAACCCBABADBCCAAABBCCBB	['D15C', 'D35C']	2	-4.5974836	-9.368077	-12.03869	-2.6706123
BCCDDDCDCDDDDCCDABCDABCABDBACBDCAACDCBCABACBCCABCACBCCCCCBDBACABBBCBCBACCACADAACCCBABADBCCAAABBCCBB	['D15C', 'D35C']	2	-4.5974836	-9.368077	-12.03869	-2.6706123
BCCDDDCDCDDDDCCDABCDABCABDBACBDCAACDCBCABACBCCABCACBCCCCCBDBACABBBCBCBACCACADAACCCBABADBCCAAABBCCBB	['D15C', 'D35C']	2	-4.5974836	-9.368077	-12.03869	-2.6706123
BCCDDDCDCDDDDCCDABCDABCABDBACBDCAACDCBCABACBCCABCACBCCCCCBDBACABBBCBCBACCACADAACCCBABADBCCAAABBCCBB	['D15C', 'D35C']	2	-4.5974836	-9.368077	-12.03869	-2.6706123
BCCDBDCDCDDABCDDABCDABCABDBACBDCAADDBBCABACBCCABCACBCCCCCBDBACDBBBCBCBCCCACACAACCCBABADBCBAAABBCCBB	['D5B', 'D12A', 'D13B', 'C37B', 'A63D', 'A71C', 'D77C', 'C90B']	8	-4.5984383	-7.632468	-10.30403	-2.6715622
BCCDDDCDCDDDDCDDABCDABCABDBACBDCAADDABCABACBCCABCACBCCCCCBDBACDBBBCBCBAACACADAACCCBABADBCCAAABBCCBB	['C37A', 'A63D', 'C72A']	3	-4.600279	-7.518779	-10.192189	-2.6734104
BCCDDDCDCDDDDDCDABCDABCABDBACBDCAADDCBCACACBCCABCACBCCCCCBDBACABBBCBCBACCACADAACCCBABADBCCAAABBCCBB	['C14D', 'D15C', 'B41C']	3	-4.601237	-9.024691	-11.699055	-2.674364
BCCDDDCDCDDDDCDDABCDABCABDBACBDCAADDCBCACACBCCABCACBCCCCCBDBACACBBCBCBACCACADAACCCBABADBCCAAABBCCBB	['B41C', 'B64C']	2	-4.602512	-8.274605	-10.950243	-2.6756382
BCCDDDCDCDDDDCCDABCDABCABDBACBDCAADDCBCACACBCCABCACBCCCCCBDBACABBBCBCBACCACADAACCCBABADBCCAAABBCCBB	['D15C', 'B41C']	2	-4.6027546	-9.377256	-12.053138	-2.6758814
BCCDDDCDCDADDCCBABCDABCABDBACDDCAADDCBCABABBCCABCACBCCCCCBDBACDBBBCBABACCACADAACCCBABADBCCAABBBCCBB	['D11A', 'D15C', 'D16B', 'B30D', 'C43B', 'A63D', 'C69A', 'A93B']	8	-4.6028776	-8.567503	-11.243501	-2.6759977
BCCDDDCDCDDDBCDDABCDABCABDBACBDCAADDCBCABACBCCABCACBCCCCCBDBACDBBBCBCBAACACADAACCCBABADBCCAAABBCCBB	['D13B', 'A63D', 'C72A']	3	-4.603333	-7.314569	-9.991027	-2.676458
BCCDDDCDCDDDDCDDABBDABCABDBACBDCAADDCBCABACBCCABCACBCCCCCBDBADBBBBCBBBACCACADAACCCBABADBCCAAABBCCBB	['C19B', 'C62D', 'A63B', 'C69B']	4	-4.606112	-7.3938417	-10.073081	-2.6792393
BCCDDDCDCDDDBDDDABCDABCABDBACBDCAACDABCACACBCCABCACBCCCCCBDBACDBBBCBCBADCACADAACCCBABADBCCAAABBCCBB	['D13B', 'C14D', 'D35C', 'C37A', 'B41C', 'A63D', 'C72D']	7	-4.6066365	-7.338295	-10.018059	-2.6797638
BCCDDDCDCDDDBDDDABCDABCABDBACBDCAACDABCACACBCCABCACBCCCCCBDBACDBBBCBCBADCACADAACCCBABADBCCAAABBCCBB	['D13B', 'C14D', 'D35C', 'C37A', 'B41C', 'A63D', 'C72D']	7	-4.6066365	-7.338295	-10.018059	-2.6797638
BCCDDDCDCDDDBDDDABCDABCABDBACBDCAACDABCACACBCCABCACBCCCCCBDBACDBBBCBCBADCACADAACCCBABADBCCAAABBCCBB	['D13B', 'C14D', 'D35C', 'C37A', 'B41C', 'A63D', 'C72D']	7	-4.6066365	-7.338295	-10.018059	-2.6797638
BCCDDDCDCDDDBDDDABCDABCABDBACBDCAACDABCACACBCCABCACBCCCCCBDBACDBBBCBCBADCACADAACCCBABADBCCAAABBCCBB	['D13B', 'C14D', 'D35C', 'C37A', 'B41C', 'A63D', 'C72D']	7	-4.6066365	-7.338295	-10.018059	-2.6797638
BCCDDDCDCDDDBDDDABCDABCABDBACBDCAACDABCACACBCCABCACBCCCCCBDBACDBBBCBCBADCACADAACCCBABADBCCAAABBCCBB	['D13B', 'C14D', 'D35C', 'C37A', 'B41C', 'A63D', 'C72D']	7	-4.6066365	-7.338295	-10.018059	-2.6797638
BCCDDDCDCDDDBCDDABCDABCABDBACBDCAADDABCABACBCCABCACBCCCCCBDBADDBBBCBCBACCACADAACCCBABADBCCAAABBCCBB	['D13B', 'C37A', 'C62D', 'A63D']	4	-4.6068263	-7.850266	-10.530216	-2.6799502
BCCDDDCDCDDDDCDDABCDABCABDBACBDCAADDCBCABACBCCABCACBCCCCCBDBADDBBBCBCCACCBCACAACCCBABADBCCAAABBCCBB	['C62D', 'A63D', 'B70C', 'A74B', 'D77C']	5	-4.6082807	-8.937569	-11.6189785	-2.6814098
BCCDDDCDCDDDDCDDABCDABCABDBACBDCAADDCBCABADBCCABCACBCCCCDBDBADDBBBCBCBACCACADAACCCBABADDCBAAABBCCBB	['C43D', 'C57D', 'C62D', 'A63D', 'B88D', 'C90B']	6	-4.6099815	-10.052767	-12.735873	-2.6831064
AAADDDCDCDDDDCDDABBDABCABDBACBDCAADDABCABACBCCABCACBCCCCCBDBACABBBCBCBACCACACAACCCBABADBCCAAABBCCBB	['B1A', 'C2A', 'C3A', 'C19B', 'C37A', 'D77C']	6	-4.6102943	-7.782007	-10.465428	-2.6834211
BCCDDDCDCADDBCDDABCDABCABDBACBDCAACDBBCABACBCDABCACBCCCCCBDBADDCBBCBCBCDCACACAACCCBABADDCCAABBBCCBB	['D10A', 'D13B', 'D35C', 'C37B', 'C46D', 'C62D', 'A63D', 'B64C', 'A71C', 'C72D', 'D77C', 'B88D', 'A93B']	13	-4.611724	-5.835951	-8.5208025	-2.6848516
BCCDDDCDCDDDDCDDABCDABCABDBACBDCAADACBCABACBCCABCACBCCCCCBDBACCBBBCBCBADCACADAACCCBABADBCCAAABBCCBB	['D36A', 'A63C', 'C72D']	3	-4.6122956	-7.703942	-10.389366	-2.6854243
BCCDDDCDCDDDDCDDABCDABCABDBACBDCAADDCBCACACBCCABCACBCCCCCBDBACDBBBCBCBAACACACAACCCBABADBCCAABBBCCBB	['B41C', 'A63D', 'C72A', 'D77C', 'A93B']	5	-4.615187	-8.888481	-11.576796	-2.6883144
BCCDDDCDCDDDDCDDABCDABCABDBACBDCAADDCBCABACBCCABCACBCCCCCBDBACBBBBCBCBCBCACACAACCCBABADBCCAAABBCCBB	['A63B', 'A71C', 'C72B', 'D77C']	4	-4.619628	-8.130423	-10.823179	-2.6927567
BCCDDDCDCDDDBCDDABCDABCABDBACBDCAACDABCABACBCCABCACBCCCCCBDBACDBBBCBCBACCACADAACCCBABADBCCAAABBCCBB	['D13B', 'D35C', 'C37A', 'A63D']	4	-4.619875	-7.641132	-10.334132	-2.6930003
BCCDDDCDCBDDBCDDABCDABCABDBACBDCAADDBBCABACBCCABCACBCCCCCBDBACDBBBCBCBACCACACAACCCBABADDCCAABBBCCBB	['D10B', 'D13B', 'C37B', 'A63D', 'D77C', 'B88D', 'A93B']	7	-4.6207767	-6.369545	-9.063452	-2.6939068
BCCDDDCDCDDBDCDDABCDABCABDBACBDCAADDCBCABABBCCABCACBCCCCDBDBADDBBBCBCBCCCACADAACCCBABADBCCAABBBCCBB	['D12B', 'C43B', 'C57D', 'C62D', 'A63D', 'A71C', 'A93B']	7	-4.621314	-9.244022	-11.938465	-2.6944427
BCCDDDCDCDDDDDDDABCDABCABDBACBDCAADDCBCABACBCCABCACBCCCCCBDBACDBBBCBCBACCACADCACCCBABADBCCAAABBCCBB	['C14D', 'A63D', 'A78C']	3	-4.621484	-8.215611	-10.910221	-2.6946096
BCCDDDCDCDDDDCDDABCDABCABDBACBDCAADDABCABACBCCABCACBCCCCCBDBACDBBBCBCBCBCACACAACCCBABADBCCAAABBCCBB	['C37A', 'A63D', 'A71C', 'C72B', 'D77C']	5	-4.621537	-7.9629574	-10.657626	-2.6946688
BCCDDDCDCDDDDCCDABCDABCABDBACBDCAACDBBCABACBCCABCACBCCCCCBDBACDBDBCBCBACCACADAACCCBABADBCCAAABBCCBB	['D15C', 'D35C', 'C37B', 'A63D', 'B65D']	5	-4.6219378	-9.005234	-11.700299	-2.6950655
BCCDDDCDCDDDDCDDABCDABCABDBACDDCAACCBBCABACBCCABCACBCCCCCBDBACDBBBCBCBACCACADAACCCBABADCCCAABBBCCBB	['B30D', 'D35C', 'D36C', 'C37B', 'A63D', 'B88C', 'A93B']	7	-4.6224113	-9.46112	-12.156656	-2.6955366
BCCDDDCDCDDDDCDDABCDABCABDBACBDCAADACBCACACBCCABCACBCCCCCBDBADDBDBCBCCADCACADAACCCBABADBCCAAABBCCBB	['D36A', 'B41C', 'C62D', 'A63D', 'B65D', 'B70C', 'C72D']	7	-4.6225696	-9.2355585	-11.931252	-2.695693
BCCDDDCDCDDDDCCCABCDABCABDBACBDCDADDABCABACBCCABCACBCCCCDBDBACACBBCBCBACCACADAACCCBABADBCCAAABBCCBB	['D15C', 'D16C', 'A33D', 'C37A', 'C57D', 'B64C']	6	-4.6226144	-7.4259596	-10.121699	-2.6957397
AAADDDCDCDDDBCCDABCDABCABDBACBDCAADACBCABACBCCABCACBCCCCCBDBADDBBBCBCBACCACADAACCCBABADDCCAAABBCCBB	['B1A', 'C2A', 'C3A', 'D13B', 'D15C', 'D36A', 'C62D', 'A63D', 'B88D']	9	-4.623107	-9.178167	-11.8743925	-2.6962252
BCCDDDCDCDDDDCDDABCDABCABDBACBDCAACDCBCABACBCCABCACBCCCCCBDBACDBBBCBCBACCACADAACCCBABADBCCAAABBCCBA	['D35C', 'A63D', 'B99A']	3	-4.6234326	-9.076528	-11.773086	-2.696558
BCCDDDCDCDDDDCDDABCDABCABDBACBDCAADDBBCACACBCCABCACBCCCCCBDCACDBABCBCBACCACACAACCCBABADBCCAABBBCCBB	['C37B', 'B41C', 'B60C', 'A63D', 'B65A', 'D77C', 'A93B']	7	-4.6241336	-8.531903	-11.229166	-2.6972628
BCCDDDCDCDDDDCDCABCDABCABDBACBDCAACDABCABACBCCABCACBCCCCCBDBADBBBBCBCBACCACACAACCCBABADBCCAAABBCCBB	['D16C', 'D35C', 'C37A', 'C62D', 'A63B', 'D77C']	6	-4.62513	-8.05404	-10.752295	-2.6982546
BCCDDDCDCDDDDCDCABCDABCABDBACBDCAACDABCABACBCCABCACBCCCCCBDBADBBBBCBCBACCACACAACCCBABADBCCAAABBCCBB	['D16C', 'D35C', 'C37A', 'C62D', 'A63B', 'D77C']	6	-4.62513	-8.05404	-10.752295	-2.6982546
BCCDDDCDCDDDDCDCABCDABCABDBACBDCAACDABCABACBCCABCACBCCCCCBDBADBBBBCBCBACCACACAACCCBABADBCCAAABBCCBB	['D16C', 'D35C', 'C37A', 'C62D', 'A63B', 'D77C']	6	-4.62513	-8.05404	-10.752295	-2.6982546
BCCDDDCDCDDDDCDDABCDABCABDBACBDCAADDCBCABACBCCABCACBCCCCCBDBADDBBBCBCBACCACADAACCCBABADBCCACABBCCBB	['C62D', 'A63D', 'A92C']	3	-4.6263075	-9.460146	-12.159576	-2.6994305
BCCDDDCDCDDDDCDDABCDABCABDBACBDCAACDBBCABACBCCABCACBCCCCCBDBACABBBCBCBACCACADAACCCBABADBCCAAABBCCBB	['D35C', 'C37B']	2	-4.629167	-8.067398	-10.769696	-2.7022982
BCCDDDCDCDDDDCDDABCDABCABDBACBDCAACDBBCABACBCCABCACBCCCCCBDBACABBBCBCBACCACADAACCCBABADBCCAAABBCCBB	['D35C', 'C37B']	2	-4.629167	-8.067398	-10.769696	-2.7022982
AAADDDCDCDDDDCDDABCDABCABDBACBDCAADDCBCACACBCCABCACBCCCCCBDBACDDBBCBCBACCACACAACCCBABADBCCAAABBCCBB	['B1A', 'C2A', 'C3A', 'B41C', 'A63D', 'B64D', 'D77C']	7	-4.6292458	-8.472591	-11.17496	-2.7023687
BCCDDDCDCDDDDCDDABCDABCABDBACBDCAACDBBCABABBCCABCACBCCCCCBDBACDCBBCBCBACCACADAACCCBABADBCCAABBBCCBB	['D35C', 'C37B', 'C43B', 'A63D', 'B64C', 'A93B']	6	-4.629857	-8.142665	-10.845647	-2.702982
BCCDDDCDCDDDDCDDABDDABCABDBACBDCAADDCBCABACBCCABCACBCCCCCBDBACCBBBCBCBACCACADAACCCBABADBCCAAABBCCBB	['C19D', 'A63C']	2	-4.631569	-7.539943	-10.24464	-2.7046971
AAADDDCDCDDBDDCDABCDABCABDBACBDCAADDABCABACBCCABCACBCCCCCBDCCCABBBCBCBACCACADAACCCBABADBCCAAABBCCBB	['B1A', 'C2A', 'C3A', 'D12B', 'C14D', 'D15C', 'C37A', 'B60C', 'A61C']	9	-4.6318455	-7.336408	-10.041381	-2.7049727
AAADDDCDCDDBDDCDABCDABCABDBACBDCAADDABCABACBCCABCACBCCCCCBDCCCABBBCBCBACCACADAACCCBABADBCCAAABBCCBB	['B1A', 'C2A', 'C3A', 'D12B', 'C14D', 'D15C', 'C37A', 'B60C', 'A61C']	9	-4.6318455	-7.336408	-10.041381	-2.7049727
BCCDDDCDCDDDDCCDABCDABCABDBACBDCAACDABCACACBCCABCACBCCCCCBDBACABBBCBCBACCACADAACCCBABADBCCAAABBCCBB	['D15C', 'D35C', 'C37A', 'B41C']	4	-4.633628	-9.1896305	-11.896385	-2.7067547
BCCDDDCDCDDDDCCDABCDABCABDBACBDCAACDABCACACBCCABCACBCCCCCBDBACABBBCBCBACCACADAACCCBABADBCCAAABBCCBB	['D15C', 'D35C', 'C37A', 'B41C']	4	-4.633628	-9.1896305	-11.896385	-2.7067547
BCCDDDCDCDDDDCCDABCDABCABDBACBDCAACDABCACACBCCABCACBCCCCCBDBACABBBCBCBACCACADAACCCBABADBCCAAABBCCBB	['D15C', 'D35C', 'C37A', 'B41C']	4	-4.633628	-9.1896305	-11.896385	-2.7067547
BCCDDDCDCDDDDCCDABCDABCABDBACBDCAACDABCACACBCCABCACBCCCCCBDBACABBBCBCBACCACADAACCCBABADBCCAAABBCCBB	['D15C', 'D35C', 'C37A', 'B41C']	4	-4.633628	-9.1896305	-11.896385	-2.7067547
BCCDDDCDCDDDDCCDABCDABCABDBACBDCAACDABCACACBCCABCACBCCCCCBDBACABBBCBCBACCACADAACCCBABADBCCAAABBCCBB	['D15C', 'D35C', 'C37A', 'B41C']	4	-4.633628	-9.1896305	-11.896385	-2.7067547
BCCDDDCDCDDDDCDDABCDABCABDBACBDCAADDCBCABACBCBAACACBCDCCCBDBACDCBBCBCBACCCCACAACCCBABADBCBAABBBCCBB	['C46B', 'B48A', 'C54D', 'A63D', 'B64C', 'A74C', 'D77C', 'C90B', 'A93B']	9	-2.7070909	-6.7185817	-9.425676	-2.7070947
BCCDDDCDCDDDDDDDABCDABCABDBACBDCAADDABCACACBCCABCACBCCCCCBDBACCCBBCBABACCACADAACCCBABADBCCAAABBCCBB	['C14D', 'C37A', 'B41C', 'A63C', 'B64C', 'C69A']	6	-4.6342974	-6.70374	-9.411167	-2.707427
BCCDDDCDCDDDDCCDABCDABCABDBACBDCAADDCBCABACBCCABCACBCCCCCBDBACACBBCBCBACCACADAACCCBABADBCCAAABBCCBB	['D15C', 'B64C']	2	-4.635133	-8.541153	-11.249413	-2.7082596
BCCDDDCDCDDDBCDDABCDABCABDBACBDCAADDCBCACACBCCABCACBCCCCDCDBDCABBBCBDBACCACACAACCCBABADBCCAAABBCCBB	['D13B', 'B41C', 'C57D', 'B58C', 'A61D', 'C69D', 'D77C']	7	-4.635265	-8.6883	-11.39669	-2.7083902
BCCDDDCDCBDDDDDCABCDABCABDBACBDDAACDBBCABACBCCABCACBCCCCCBDBACDBBBCBCBACCACACAACCCBABADBCCAABBBCCBB	['D10B', 'C14D', 'D16C', 'C32D', 'D35C', 'C37B', 'A63D', 'D77C', 'A93B']	9	-4.635448	-5.9825983	-8.691177	-2.708579
BCCDDDCDCCDDDCDDABCAABCABDBACBDCAADDCBCABACBCDABCACBCDCCCBDBACBBBBCBCBCCCACACAACCCBBBADBCCAAABBCCBB	['D10C', 'D20A', 'C46D', 'C54D', 'A63B', 'A71C', 'D77C', 'A84B']	8	-2.7087455	-2.8087893	-5.51754	-2.7087507
BCCDDDCDCDDDDCDDABCDABCABDBACBDCAACDCBCABACBCCABCACBCCCCCBDBADCBBBCBCBACCACADAACCCBABADBCCAAABBCCBB	['D35C', 'C62D', 'A63C']	3	-4.6357117	-8.76704	-11.475877	-2.7088366
BCCDDDCDCADDBDDDABCDABCABDBACBDCAADDABCABACBCDABCACBCCCCCBDBACCBBBCBCBACCCCACAACCCBABADBCCAABBBCCBB	['D10A', 'D13B', 'C14D', 'C37A', 'C46D', 'A63C', 'A74C', 'D77C', 'A93B']	9	-4.715068	-4.636464	-7.4246664	-2.7095985
BCCDDDCDCDDDDCCDABBDABCABDBACBDCAADDABCABACBCCABCACBCCCCDBDBACDBBBCBBBACCACADAACCCBABADBCCAAABBCCBB	['D15C', 'C19B', 'C37A', 'C57D', 'A63D', 'C69B']	6	-4.636808	-7.951112	-10.661051	-2.709939
BCCDDDCDCDDDDCDDABCDABCABDBACDDCAACACBCABACBCCABCACBCCCCCBDBACDBBBCBCBACCACADAACCCBABADCCCAAABBCCBB	['B30D', 'D35C', 'D36A', 'A63D', 'B88C']	5	-4.6382537	-9.365914	-12.0772915	-2.7113771
BCCDDDCDCDDDDDDDABCDABCABDBACBDCAADDCBCABACBCCABCACBCCCCCBDBACDBBBCBBBACCACADAACCCBABADBCCAAABBCCBB	['C14D', 'A63D', 'C69B']	3	-4.6408577	-7.0636473	-9.777634	-2.7139864
BCCDDDCDCADDBCDCABCDABCABDBACDDCAADDABCABACBCCABCACBCCCCCBDBACCBBBCBCBBCCACACAACCCBABADBCCAAABBCCBB	['D10A', 'D13B', 'D16C', 'B30D', 'C37A', 'A63C', 'A71B', 'D77C']	8	-4.727017	-4.641527	-7.441681	-2.714664
BCCDDDCDCDDDDCDDABCDABCABDBACBDCAADDCBCABACBCCABCACBCCCCCBDBACDBBBCBBBACCACADAACCCBABADBCCAAABBCCBB	['A63D', 'C69B']	2	-4.6423755	-7.4162135	-10.131718	-2.7155042
BCCDDDCDCDDDDCDDABCDABCABDBACBDCAADDCBCABACBCCABCACBCCCCCBDBACDBBBCBBBACCACADAACCCBABADBCCAAABBCCBB	['A63D', 'C69B']	2	-4.6423755	-7.4162135	-10.131718	-2.7155042
BCCDDDCDCDDDDCDDABCDABCABDBACBDCAADDCBCABACBCCABCACBCCCCCBDBACDBBBCBBBACCACADAACCCBABADBCCAAABBCCBB	['A63D', 'C69B']	2	-4.6423755	-7.4162135	-10.131718	-2.7155042
BCCDDDCDCDDDDCDDABCDABCABDBACBDCAADDCBCABACBCCABCACBCCCCCBDBACDBBBCBBBACCACADAACCCBABADBCCAAABBCCBB	['A63D', 'C69B']	2	-4.6423755	-7.4162135	-10.131718	-2.7155042
BCCDDDCDCDDDDCDDABCDABCABDBACBDCAADDCBCABACBCCABCACBCCCCCBDBACDBBBCBBBACCACADAACCCBABADBCCAAABBCCBB	['A63D', 'C69B']	2	-4.6423755	-7.4162135	-10.131718	-2.7155042
BCCDDDCDCDDDDCDDABCDABCABDBACBDCAADDCBCABACBCCABCACBCCCCCBDBACDBBBCBBBACCACADAACCCBABADBCCAAABBCCBB	['A63D', 'C69B']	2	-4.6423755	-7.4162135	-10.131718	-2.7155042
BCCDDDCDCDDDDCDDABCDABCABDBACBDCAADDCBCABACBCCABCACBCCCCCBDBACDBBBCBBBACCACADAACCCBABADBCCAAABBCCBB	['A63D', 'C69B']	2	-4.6423755	-7.4162135	-10.131718	-2.7155042
BCCDDDCDCDDDDCDDABCDABCABDBACBDCAADDCBCABACBCCABCACBCCCCCBDBACDBBBCBBBACCACADAACCCBABADBCCAAABBCCBB	['A63D', 'C69B']	2	-4.6423755	-7.4162135	-10.131718	-2.7155042
BCCDDDCDCDDDDDDDABCDABCABDBACDDCAADDBBCABACBCDABCACBCCCCDBDBACDBBBCBCBCDCACACAACCCBABADCCBAABBBCCBB	['C14D', 'B30D', 'C37B', 'C46D', 'C57D', 'A63D', 'A71C', 'C72D', 'D77C', 'B88C', 'C90B', 'A93B']	12	-4.643462	-8.463849	-11.180443	-2.7165937
BCCDDDCDCDDDDCDDABCDABCABDBACBDCADDDCBCABACBCCABCACBCCCCCBDBADDBBBCBCBABCACADAACCCBABADBCCAAABBCCBB	['A34D', 'C62D', 'A63D', 'C72B']	4	-4.647314	-9.58572	-12.306157	-2.720437
BCCDDDCDCDDBDCCDABBDABCABDBACBDCAADABBCABACBCCABCACBCCCCCBDBACABBBCBCBADCACADAACCCBABADBCCAAABBCCBB	['D12B', 'D15C', 'C19B', 'D36A', 'C37B', 'C72D']	6	-4.6477227	-7.4154367	-10.136287	-2.72085
BCCDDDCDCADBDCCDABCDABCABDBACBDCAADDCBCABACBCCABCACBCCCCCBDBACACBBCBCBACCACACAACCCBABADBCCAABBBCCBB	['D10A', 'D12B', 'D15C', 'B64C', 'D77C', 'A93B']	6	-4.6488547	-6.8713512	-9.593338	-2.7219868
BCCDDDCDCDDBDCDDABDDABCABDBACBDCAACDCBCABACBCCABCACBCCCCCBDBACACBBCBCBACCACADAACCCBABADBCCAAABBCCBB	['D12B', 'C19D', 'D35C', 'B64C']	4	-4.6493573	-7.3850803	-10.107564	-2.7224836
BCCDDDCDCDDDDCDDABCDABCABDBACBDCAACDABCABACBBCABCACBCCCCCBDBACDBBBCBCBAACACADAACCCBABADBDCAAABBCCBB	['D35C', 'C37A', 'C45B', 'A63D', 'C72A', 'C89D']	6	-4.649489	-7.834181	-10.556796	-2.7226152
BCCDDDCDCDDDDCDDABCDABCABDBACDDCAACCCBCABACBCCABCACBCCCCCBDBACDCBBCBCBACCACADAACCCBABADBCCAAABBCCBB	['B30D', 'D35C', 'D36C', 'A63D', 'B64C']	5	-4.6496716	-9.64764	-12.370433	-2.7227926
BCCDDDCDCDDDDCDDABCDABCABDBACBDCAADACBCABACBCCABCACBCCCCCBDBADDDBBCBCBADCACADAACCCBABADBCCAAABBCCBB	['D36A', 'C62D', 'A63D', 'B64D', 'C72D']	5	-4.650668	-8.391441	-11.115233	-2.723792
BCCDDDCDCDDDDCDDABCAABCABDBACBDCAADDCBCABACBCCABCACBCCCCCBDBACDBBBCBCBACCACACAACCCBABADBCCAABBBCCBB	['D20A', 'A63D', 'D77C', 'A93B']	4	-4.652012	-8.309352	-11.03449	-2.7251377
BCCDDDCDCDDDDCDDABCDABCABDBACBDCDADDABCABACBCCABCACBCCCCCBDBACBBBBCBCBADCACADAACCCBABADBDCAAABBCCBB	['A33D', 'C37A', 'A63B', 'C72D', 'C89D']	5	-4.652045	-7.0651436	-9.7903185	-2.725175
BCCDDDCDCDDADCDDABCDABCABDBACBDCAACDBBCABACBCCABCACBCCCCDBDBADBBBBCBCBACCACADAACCCBABADBCCAAABBCCBB	['D12A', 'D35C', 'C37B', 'C57D', 'C62D', 'A63B']	6	-4.652581	-9.271154	-11.996862	-2.725708
BCCDDDCDCDDDDCDDABCDABCABDBACBDCAACDCBCACACBCCABCACBCCCCCBDBACCBBBCBCBACCACADAACCCBABADBCCAAABBCCBB	['D35C', 'B41C', 'A63C']	3	-4.6540318	-8.567086	-11.294245	-2.7271585
BCCDDDCDCDDDDCDDABCDABCABDBACBDCAACDCBCACACBCCABCACBCCCCCBDBACCBBBCBCBACCACADAACCCBABADBCCAAABBCCBB	['D35C', 'B41C', 'A63C']	3	-4.6540318	-8.567086	-11.294245	-2.7271585
BCCDDDCDCDDDDCDDABCDABCABDBACBDCAACDCBCACACBCCABCACBCCCCCBDBACCBBBCBCBACCACADAACCCBABADBCCAAABBCCBB	['D35C', 'B41C', 'A63C']	3	-4.6540318	-8.567086	-11.294245	-2.7271585
BCCDDDCDCDDDDCDDABCDABCABDBACBDCAADDCBCABACBCDABCACBCCCCCBDBACCBBBCBCBAACACADAACCCBABADBDCAAABBCCBB	['C46D', 'A63C', 'C72A', 'C89D']	4	-4.6542377	-7.4204617	-10.147832	-2.7273703
BCCDDDCDCDDDDCDDABCDABCABDBACBDCAADDCBCABACBCCABCACBCCCCCBDBACBBBBCBCBACCACADAACCCBABADBCCAABBBCCBB	['A63B', 'A93B']	2	-4.6550064	-8.426757	-11.15489	-2.7281332
BCCDDDCDCDDBDDCCABCDABCABDBACBDCAADDCBAABACBCCABCACBCCCCCBDBADDBBBCBCBACCACADAACCCBABADBCCAAABBCCBB	['D12B', 'C14D', 'D15C', 'D16C', 'C39A', 'C62D', 'A63D']	7	-4.6553707	-8.471599	-11.200093	-2.7284946
BCCDDDCDCDDDDCDDABCDABCABDBACDDCAACAABCABACBCCABCACBCCCCCBDBADDBBBCBCBACCACADAACCCBABADCCCAAABBCCBB	['B30D', 'D35C', 'D36A', 'C37A', 'C62D', 'A63D', 'B88C']	7	-4.6560783	-9.387423	-12.116623	-2.7292004
BCCDDDCDCDDDDCDDABCDABCABDBACBDCDADDCBCABACBCCABCACBCCCCCBDBACDBBBCBDBACCCCADAACCCBABADBCCAAABBCCBB	['A33D', 'A63D', 'C69D', 'A74C']	4	-4.6565695	-7.957112	-10.68681	-2.7296977
BCCDDDCDCDDADCDDABBAABCABDBACDDCAADDCBCABACBCCABCACBCCCCCBDBADDBBBCBCBCCCCCACAACCCBACADCCCAAABBCCBB	['D12A', 'C19B', 'D20A', 'B30D', 'C62D', 'A63D', 'A71C', 'A74C', 'D77C', 'B85C', 'B88C']	11	-4.657859	-8.217453	-10.948437	-2.7309837
BCCDDDCDCDDDDCDDBBCDABCABDBACBDCAADDABCACACBCCABCACBCCCCCBDBACDBBBCBCBACCACACAACCCBABADBCCAABBBCCBB	['A17B', 'C37A', 'B41C', 'A63D', 'D77C', 'A93B']	6	-4.6580667	-9.038422	-11.769615	-2.7311935
BCCDDDCDCDDDDCDDABCDABCABDBACBDCAADDCBDABACBCCABCACBCCCCCBDBACDBBBCBCBACCACADAACCCBABADBCCAAABBCCBB	['C39D', 'A63D']	2	-4.6580725	-8.669103	-11.400302	-2.7311993
BCCDDDCDCDDDDCCDABCDABCABDBACDDCAACACBCABACBCCABCACBCCCCCBDBACDBBBCBCBACCACADAACCCBABADBCCAAABBCCBB	['D15C', 'B30D', 'D35C', 'D36A', 'A63D']	5	-4.658085	-10.194973	-12.926181	-2.7312078
BCCDDDCDCDDDDCCDABCDABCABDBACDDCAACACBCABACBCCABCACBCCCCCBDBACDBBBCBCBACCACADAACCCBABADBCCAAABBCCBB	['D15C', 'B30D', 'D35C', 'D36A', 'A63D']	5	-4.658085	-10.194973	-12.926181	-2.7312078
BCCDDDCDCDDDDCDDABCDABCABDBACBDCAADDBBCABACBCCABCACBCCCCCBDBACBCBBCBCBACCACACAACCCBABADBCCAAABBCCBB	['C37B', 'A63B', 'B64C', 'D77C']	4	-4.6608057	-7.2951293	-10.029061	-2.733932
BCCDDDCDCDDBDCCDABCDABCABDBACBDCAADDCBCABACBCCABCACBCCCCCBDBACDBBBCBCBACCACADAACCCBABADBCCAAABBCCBB	['D12B', 'D15C', 'A63D']	3	-4.6622734	-8.633939	-11.36934	-2.7354012
BCCDDDCDCDDDBCDDABCDABCABDBACDDCAADDCBCABACBCCABCACBCCCCCBDBACDBBBCBCBBCCACACAACCCBABADCCCAAABBCCBB	['D13B', 'B30D', 'A63D', 'A71B', 'D77C', 'B88C']	6	-4.6628895	-8.033297	-10.76931	-2.7360134
BCCDDDCDCDDDDDDDABCDABCABDBACBDCAADDBBCABACBCCABCACBCCCCCBDBACDBBBCBCBACCACACAACCCBABADBCCAABBBCCBB	['C14D', 'C37B', 'A63D', 'D77C', 'A93B']	5	-4.663643	-8.015973	-10.752743	-2.7367697
BCCDDDCDCDDDDCDDABCDABCABDBACBDCAADDBBCABACBCCABCACBCCCCCBDBACDBBBCBCCCBCACACAACCCBABADBCCAAABBCCBB	['C37B', 'A63D', 'B70C', 'A71C', 'C72B', 'D77C']	6	-4.6643643	-7.580899	-10.318391	-2.737492
BCCDDDCDCDDDDCDDABCDABCABDBACBDCAADDCBCABACBCCABCACBCCCCCBDBACABBBCBCBCCCACACAACCCBABADBCCAABBBCCBB	['A71C', 'D77C', 'A93B']	3	-4.664679	-8.509838	-11.247648	-2.7378101
BCCDDDCDCDDDDCDDABCDABCABDBACBDCAADDBBCABACBCCABCACBCCCCCBDBACDBBBCBCBACCACACAACCCBABADBCCAABBBCCBB	['C37B', 'A63D', 'D77C', 'A93B']	4	-4.6651616	-8.36854	-11.106831	-2.7382908
BCCDDDCDCDDDDCDDABCDABCABDBACBDCAADDBBCABACBCCABCACBCCCCCBDBACDBBBCBCBACCACACAACCCBABADBCCAABBBCCBB	['C37B', 'A63D', 'D77C', 'A93B']	4	-4.6651616	-8.36854	-11.106831	-2.7382908
BCCDDDCDCDDDDCDDABCDABCABDBACBDCAADDBBCABACBCCABCACBCCCCCBDBACACBBCBCBACCACADAACCCBABADBCCAAABBCCBB	['C37B', 'B64C']	2	-4.6668167	-7.240476	-9.98042	-2.739944
BCCDDDCDCDDBDCDDABCDABCABDBACBDCAADDCBAACACBCCABCACBCCDCCBDCACDBBBCBCBACCACADAACCCBABADBCCAAABBCCBA	['D12B', 'C39A', 'B41C', 'C55D', 'B60C', 'A63D', 'B99A']	7	-4.6677456	-8.293514	-11.034385	-2.7408705
BCCDDDCDCDDDDCDDABCDABCABDBACBDCAACDBBCABABBCCABCACBCCCCCBDBACDBBBCBCBACCACADAACCCBABADBCCAAABBCCBB	['D35C', 'C37B', 'C43B', 'A63D']	4	-4.6694565	-8.404749	-11.147337	-2.742588
BCCDDDCDCDDDBDDDABCDABCABDBACDDCAACDBBCABACBCCABCACBCCCCCBDBACDBBBCBBBBCCACACAACCCBABADCCCAAABBCCBB	['D13B', 'C14D', 'B30D', 'D35C', 'C37B', 'A63D', 'C69B', 'A71B', 'D77C', 'B88C']	10	-4.670032	-6.1899114	-8.93307	-2.7431588
BCCDDDCDCBDDBCDDABCDABCABDBACDDCAACAABCABACBCCABCACBCDCCCBDBADDBBBCBCBCCCACADAACCCBABADCCCAABBBCCBB	['D10B', 'D13B', 'B30D', 'D35C', 'D36A', 'C37A', 'C54D', 'C62D', 'A63D', 'A71C', 'B88C', 'A93B']	12	-2.7459502	-5.05465	-7.8006	-2.7459502
BCCDDDCDCDDDDCDDABCDABCABDBACBDCAADDCBCABACBCCABCACBCCCCCBDBACDBBBCBCBACCACACAACCCBABADBCCAAABBCCBB	['A63D', 'D77C']	2	-4.6728325	-8.828651	-11.574613	-2.7459612
BCCDDDCDCDDDDCDDABCDABCABDBACBDCAADDCBCABACBCCABCACBCCCCCBDBACDBBBCBCBACCACACAACCCBABADBCCAAABBCCBB	['A63D', 'D77C']	2	-4.6728325	-8.828651	-11.574613	-2.7459612
BCCDDDCDCDDDDCDDABCDABCABDBACBDCAADDCBCABACBCCABCACBCCCCCBDBACDBBBCBCBACCACACAACCCBABADBCCAAABBCCBB	['A63D', 'D77C']	2	-4.6728325	-8.828651	-11.574613	-2.7459612
BCCDDDCDCDDDDCDDABCDABCABDBACBDCAADDCBCABACBCCABCACBCCCCCBDBACDBBBCBCBACCACACAACCCBABADBCCAAABBCCBB	['A63D', 'D77C']	2	-4.6728325	-8.828651	-11.574613	-2.7459612
BCCDDDCDCDDDDCDDABCDABCABDBACBDCAADDCBCABACBCCABCACBCCCCCBDBACDBBBCBCBACCACACAACCCBABADBCCAAABBCCBB	['A63D', 'D77C']	2	-4.6728325	-8.828651	-11.574613	-2.7459612
BCCDDDCDCDDDDCDDABCDABCABDBACBDCAADDCBCABACBCCABCACBCCCCCBDBACDBBBCBCBACCACACAACCCBABADBCCAAABBCCBB	['A63D', 'D77C']	2	-4.6728325	-8.828651	-11.574613	-2.7459612
BCCDDDCDCDDDDCDDABCDABCABDBACBDCAADDCBCABACBCCABCACBCCCCCBDBACDBBBCBCBACCACACAACCCBABADBCCAAABBCCBB	['A63D', 'D77C']	2	-4.6728325	-8.828651	-11.574613	-2.7459612
BCCDDDCDCDDDDCDDABCDABCABDBACBDCAADDCBCABACBCCABCACBCCCCCBDBACDBBBCBCBACCACACAACCCBABADBCCAAABBCCBB	['A63D', 'D77C']	2	-4.6728325	-8.828651	-11.574613	-2.7459612
BCCDDDCDCDDDDCDDABCDABCABDBACBDCAADDCBCABACBCCABCACBCCCCCBDBACDBBBCBCBACCACACAACCCBABADBCCAAABBCCBB	['A63D', 'D77C']	2	-4.6728325	-8.828651	-11.574613	-2.7459612
BCCDDDCDCDDDDCDDABCDABCABDBACBDCAADDCBCABACBCCABCACBCCCCCBDBACDBBBCBCBACCACACAACCCBABADBCCAAABBCCBB	['A63D', 'D77C']	2	-4.6728325	-8.828651	-11.574613	-2.7459612
BCCDDDCDCDDDDCDDABCDABCABDBACBDCAADDCBCABACBCCABCACBCCCCCBDBACDBBBCBCBACCACACAACCCBABADBCCAAABBCCBB	['A63D', 'D77C']	2	-4.6728325	-8.828651	-11.574613	-2.7459612
BCCDDDCDCDDDDCDDABCDABCABDBACBDCAADDCBCABACBCCABCACBCCCCCBDBACDBBBCBCBACCACACAACCCBABADBCCAAABBCCBB	['A63D', 'D77C']	2	-4.6728325	-8.828651	-11.574613	-2.7459612
BCCDDDCDCDDDDCDDABCDABCABDBACBDCAADDCBCABACBCCABCACBCCCCCBDBACDBBBCBCBACCACACAACCCBABADBCCAAABBCCBB	['A63D', 'D77C']	2	-4.6728325	-8.828651	-11.574613	-2.7459612
BCCDDDCDCDDDDCDDABCDABCABDBACBDCAADDCBCABACBCCABCACBCCCCCBDBACDBBBCBCBACCACACAACCCBABADBCCAAABBCCBB	['A63D', 'D77C']	2	-4.6728325	-8.828651	-11.574613	-2.7459612
BCCDDDCDCADDDDDDABCDABCABDBACBDCAADDCBCACACBCCABCACBCCCCCBDBACACBBCBDBACCACACAACCCBABADBCCAABBBCCBB	['D10A', 'C14D', 'B41C', 'B64C', 'C69D', 'D77C', 'A93B']	7	-4.6735315	-7.059578	-9.80624	-2.7466621
BCCDDDCDCDDDDCCDABCDABCABDBACBDCAADDCBCACACBCCABCACBCCCCCBDBACABBBCBCBACCACADAACCCBABADBCCAABBBCCBB	['D15C', 'B41C', 'A93B']	3	-4.6737227	-9.603581	-12.35043	-2.746848
BCCDDDCDCDDDDCCDABCDABCABDBACBDCAADDCBCACACBCCABCACBCCCCCBDBACABBBCBCBACCACADAACCCBABADBCCAABBBCCBB	['D15C', 'B41C', 'A93B']	3	-4.6737227	-9.603581	-12.35043	-2.746848
BCCDDDCDCDDDDCCDABCDABCABDBACBDCAADDCBCACACBCCABCACBCCCCCBDBACABBBCBCBACCACADAACCCBABADBCCAABBBCCBB	['D15C', 'B41C', 'A93B']	3	-4.6737227	-9.603581	-12.35043	-2.746848
BCCDDDCDCDDDDCCDABCDABCABDBACBDCAADDCBCACACBCCABCACBCCCCCBDBACABBBCBCBACCACADAACCCBABADBCCAABBBCCBB	['D15C', 'B41C', 'A93B']	3	-4.6737227	-9.603581	-12.35043	-2.746848
BCCDDDCDCDDDDCCDABCDABCABDBACBDCAADDCBCACACBCCABCACBCCCCCBDBACABBBCBCBACCACADAACCCBABADBCCAABBBCCBB	['D15C', 'B41C', 'A93B']	3	-4.6737227	-9.603581	-12.35043	-2.746848
BCCDDDCDCDDDBCCDABCDABCABDBACBDCAADDCBCACACBCCABCACBCCCCCBDBACACBBCBCBACCACADAACCCBABADBCCAAABBCCBB	['D13B', 'D15C', 'B41C', 'B64C']	4	-4.6743307	-8.158499	-10.905952	-2.7474537
BCCDDDCDCDDDBCCDABCDABCABDBACBDCAADDCBCACACBCCABCACBCCCCCBDBACACBBCBCBACCACADAACCCBABADBCCAAABBCCBB	['D13B', 'D15C', 'B41C', 'B64C']	4	-4.6743307	-8.158499	-10.905952	-2.7474537
BCCDDDCDCDDDDCDDABCDABCABDBACBDCAADDCBCABACBCCABCACBCCCCCBDBADDBBBABCBACCACACAACCCBABADBCCAAABBCCBB	['C62D', 'A63D', 'C67A', 'D77C']	4	-4.6749578	-8.736439	-11.484525	-2.748086
BCCDDDCDCDDDDCDDACCDABCABDBACBDCAADDCBCABACBCCABCACBCCCCCBDBACDBBBCBCBACCACADAACCCBABADBCCAAABBCCBB	['B18C', 'A63D']	2	-4.676888	-8.7397175	-11.489733	-2.7500153
BCCDDDCDCDDDDCDDABCDABCABDBACBDCAADDCBCABACBCCABCACBCCCCCBDCACABBBCBCBACCACACAACCCBABADBCCAAABBCCBB	['B60C', 'D77C']	2	-4.6769896	-8.446251	-11.196371	-2.7501202
BCCDDDCDCDDDDCDDABCDABCABDBACDDCAACACBCABACBCCABCACBCCCCCBDBADDBBBCBCBACCACADAACCCBABADBCCAABBBCCBB	['B30D', 'D35C', 'D36A', 'C62D', 'A63D', 'A93B']	6	-4.678114	-10.354705	-13.10594	-2.751235
AAADDDCDCDDDDBDDABCDABCABDBACBDCAADDCBCABACBCCABCACBCCCCCBDBACCBBBBBABACCACACAACCCBABADBCCAABBBCCBB	['B1A', 'C2A', 'C3A', 'C14B', 'A63C', 'C67B', 'C69A', 'D77C', 'A93B']	9	-4.6786523	-7.7736673	-10.525449	-2.7517815
BCCDDDCDCDDDDCDDABCDABCABDBACDDCDACACBCACACBCCABCACBCCCCCBDBACDCBBCBCBACCADADAACCCBABADCCCAAABBCCBB	['B30D', 'A33D', 'D35C', 'D36A', 'B41C', 'A63D', 'B64C', 'C75D', 'B88C']	9	-4.681132	-8.910154	-11.664411	-2.7542562
BCCDDDCDCDDDDCDDABCDABCABDBACBDCAACDABCABACBCCABCACBCCCCDBDBACDBBBCBCBACCACACAACCCBABADBCCAAABBCCBB	['D35C', 'C37A', 'C57D', 'A63D', 'D77C']	5	-4.681553	-9.299166	-12.053848	-2.7546825
BCCDDDCDCCDDDCDDABCDABCABDBACDDCAADDCBCABACBCCABCACBCCCCCBDBADCBBBCBCBACCACADAACCCBABADCCCAABBBCCBB	['D10C', 'B30D', 'C62D', 'A63C', 'B88C', 'A93B']	6	-4.6815777	-7.84118	-10.595883	-2.7547035
BCCDDDCDCDDDDCDDABBDABCABDBACBDCAADDBBCABACBCCABCACBCCCCCBDBACDBBBCBCCCBCACACAACCCBABADBCCAABBBCCBB	['C19B', 'C37B', 'A63D', 'B70C', 'A71C', 'C72B', 'D77C', 'A93B']	8	-4.6831527	-7.5958805	-10.35216	-2.75628
BCCDDDCDCDDDDDCDABBDABCABDBACBDCAADDCBCABACBCCABCACBCCCCCBDBACBBBBCBCBACCACACAACCCBABADBCCAAABBCCBB	['C14D', 'D15C', 'C19B', 'A63B', 'D77C']	5	-4.685991	-8.5203085	-11.279424	-2.7591152
BCCDDDCDCDDDDCCDABCDABCABDBACBDCAACDCBCABACBCCABCACBCCCCCBDBACCBBBCBCBACCACADAACCCBABADBCCAAABBCCBB	['D15C', 'D35C', 'A63C']	3	-4.6866517	-8.833633	-11.593413	-2.75978
BCCDDDCDCDDDDCCDABCDABCABDBACBDCAADDCBCACACBCCBBCACBCCCCCBDBACCBBBCBABACCACADAACCCBABADBCCAABBBCCBB	['D15C', 'B41C', 'A47B', 'A63C', 'C69A', 'A93B']	6	-4.688537	-9.427269	-12.1889305	-2.7616615
BCCDDDCDCDDDDCDCABCDABCABDBACBDCAADDCBCABACBCCABCACBCCCCCBDBADCBBBCBCBACCACADAACCCBABADBCCAAABBCCBB	['D16C', 'C62D', 'A63C']	3	-4.689437	-7.6525707	-10.415131	-2.76256
BCCDDDCDCDDDDDDDABCDABCABDBACBDCAACDCBCACACBCCABCACBCCCCCBDBADDDBBCBCBACCACADAACCCBABADBCCAAABBCCBB	['C14D', 'D35C', 'B41C', 'C62D', 'A63D', 'B64D']	6	-4.6908865	-8.902018	-11.666024	-2.7640066
BCCDDDCDCDDDDDDDABCDABCABDBACBDCAACDABCABACBCCABCACBCCCCDBDBACDBBBCBCBAACACACAACCCBABADBCCAAABBCCBB	['C14D', 'D35C', 'C37A', 'C57D', 'A63D', 'C72A', 'D77C']	7	-4.6943655	-8.432412	-11.199907	-2.7674952
BCCDDDCDCDDDDCDDABCDABCABDBACBDCAADDCBCABACBCCABCACBCCCCCBDBADABBBCBCBACCACADAACCCBABADBCCAAABBCCBB	['C62D']	1	-4.6947594	-8.962971	-11.730857	-2.7678862
BCCDDDCDCDDDDCDDABCDABCABDBACBDCAADDCBCABACBCCABCACBCCCCCBDBADABBBCBCBACCACADAACCCBABADBCCAAABBCCBB	['C62D']	1	-4.6947594	-8.962971	-11.730857	-2.7678862
BCCDDDCDCDDDDCDDABCDABCABDBACBDCAADDBBCABACBCCABCACBCCCCCBDBACDBBBCBBBADCACADAACCCBABADBCCAAABBCCBB	['C37B', 'A63D', 'C69B', 'C72D']	4	-4.694959	-6.4318137	-9.1999035	-2.7680898
BCCDDDCDCDDDDCDDABCDABCABDBACBDCAACDCBCACACBCCABCACBCCCCCBDBACABBBCBCBADCACADAACCCBABADBCCAAABBCCBB	['D35C', 'B41C', 'C72D']	3	-4.6960874	-8.803567	-11.5727825	-2.7692156
BCCDDDCDCDDDDCDDABCDABCABDBACBDCAADDABCABACBCCABCACBCCCCCBDBADABBBCBCBCACACACAACCCBABADBCCAABBBCCBB	['C37A', 'C62D', 'A71C', 'C72A', 'D77C', 'A93B']	6	-4.696836	-8.0171585	-10.787126	-2.769967
BCCDDDCDCDDDDCDDABCDABCABDBACBDCAADDBBCABACBCCABCACBCCDCCBDBACDBBBCBBBACCACACAACCCBABADBCCAAABBCCBB	['C37B', 'C55D', 'A63D', 'C69B', 'D77C']	5	-4.6976495	-6.5666194	-9.3373995	-2.77078
BCCDDDCDCDDDDCDDABCDABCABDBACBDCAADDBBCABACBCCABCACBCCDCCBDBACDBBBCBBBACCACACAACCCBABADBCCAAABBCCBB	['C37B', 'C55D', 'A63D', 'C69B', 'D77C']	5	-4.6976495	-6.5666194	-9.3373995	-2.77078
BCCDDDCDCCDDDCDDABCDABCABDBACDDCAADDABCACACBCDABCACBCCCCCBDBACDBBBCBCCACCACACAACCCBABADCCCAAABBCCBB	['D10C', 'B30D', 'C37A', 'B41C', 'C46D', 'A63D', 'B70C', 'D77C', 'B88C']	9	-4.6982784	-7.508489	-10.279896	-2.7714067
BCCDDDCDCDDDBCCDABCDABCABDBACBDCAACDBBCABACBCCABCACBCCCCCBDBACABBBCBCBACCACADAACCCBABADBCCAAABBCCBB	['D13B', 'D15C', 'D35C', 'C37B']	4	-4.7009864	-7.9512916	-10.725407	-2.774115
BCCDDDCDCDDDDCDDABCDABCABDBACBDCAADDCBCABACBCCABCACBCCCCDBDCCCDBBBCBCBACCACACAACCCBABADBCCAABBBCCBB	['C57D', 'B60C', 'A61C', 'A63D', 'D77C', 'A93B']	6	-4.7030973	-9.603454	-12.379683	-2.776229
BCCDDDCDCDDDDDDDABCDABCABDBACBDCAADDCBCABACBCCABCACBCCCCCBDBACACBBCBCBACCACACAACCCBABADBCBAAABBCCBB	['C14D', 'B64C', 'D77C', 'C90B']	4	-4.703154	-8.091957	-10.8682375	-2.7762804
BCCDDDCDCDDDDCDDABCDABCABDBACBDCAACDABCABACBCCABCACBCCCCCBDBACDBBBCBCBACCACACAACCCBABADBCCAAABBCCBB	['D35C', 'C37A', 'A63D', 'D77C']	4	-4.703706	-8.641025	-11.41786	-2.7768354
BCCDDDCDCDDDDCDDABCDABCABDBACBDCAACDABCABACBCCABCACBCCCCCBDBACDBBBCBCBACCACACAACCCBABADBCCAAABBCCBB	['D35C', 'C37A', 'A63D', 'D77C']	4	-4.703706	-8.641025	-11.41786	-2.7768354
BCCDDDCDCDDDDCDDABCDABCABDBACBDCDADDCBCABDCBCCABCACBCCCCCBDBACDCBBCBDBADCACADAACCCBABADBCCAAABBCCBB	['A33D', 'A42D', 'A63D', 'B64C', 'C69D', 'C72D']	6	-4.704348	-7.651129	-10.4286	-2.7774715
BCCDDDCDCDDDDCDDABBDABCABDBACBDCAADDCBCABACBCCABCACBCCCCCBDBACDBBBCBCBAACACACAACCCBABADBCCAABBBCCBB	['C19B', 'A63D', 'C72A', 'D77C', 'A93B']	5	-4.705952	-8.329445	-11.108527	-2.7790823
BCCDDDCDCDDDDCDDABCDABCABDBACBDCAACDCBCABACBCCABCACBCCCCDBDBACACBBCBCBADCACADAACCCBABADBCCAAABBCCBB	['D35C', 'C57D', 'B64C', 'C72D']	4	-4.7063103	-8.625604	-11.405041	-2.779437
BCCDDDCDCDDDDCDDABCDABCABDBACBDCAADDBBCABACBCCABCACBCCCCCBDBADDCBBCBCBAACACADAACCCBABADBCCACABBCCDB	['C37B', 'C62D', 'A63D', 'B64C', 'C72A', 'A92C', 'B98D']	7	-4.7063313	-7.798562	-10.578018	-2.7794561
BCCDDDCDCDDDBCDDABCDABCABDBACDDCAADDCBCABACBCBABCACBCCCCCBDBACDBBBCBCBCCCACACAACCCBABADCCCAAABBCCBB	['D13B', 'B30D', 'C46B', 'A63D', 'A71C', 'D77C', 'B88C']	7	-4.7066054	-8.16538	-10.945112	-2.7797327
BCCDDDCDCDDDBCDDABCDABCABDBACBDCAACDCBCABACBCCABCACBCCCCCBDBACDBBBCBCBACCACACAACCCBABADBCCAAABBCCBB	['D13B', 'D35C', 'A63D', 'D77C']	4	-4.706761	-8.436816	-11.216701	-2.7798843
BCCDDDCDCDDDDCDDABCDABCABDBACBDCAADDABCABACBCCABCACBCCCCCBDBACCCBBCBCBACCACADAACCCBABADBCBAAABBCCBB	['C37A', 'A63C', 'B64C', 'C90B']	4	-4.706956	-7.114396	-9.89448	-2.7800837
BCCDDDCDCDDDDCDDABCDABCABDBACBDCAADDCBCABACBCCABCACBCCCCCBDBACDBBBCBCCACCACADAACCCBABADBCCAAABBCCBB	['A63D', 'B70C']	2	-4.7074156	-8.337345	-11.117889	-2.7805443
BCCDDDCDCDDDDCDDABCDABCABDBACBDCAADDCBCABACBCCABCACBCCCCCBDBACDBBBCBCCACCACADAACCCBABADBCCAAABBCCBB	['A63D', 'B70C']	2	-4.7074156	-8.337345	-11.117889	-2.7805443
BCCDDDCDCDDDDCDDABCDABCABDBACBDCAACDCBCABACBCCABCACBCCCCCBDBACABBBCBCBACCACADAACCCBABADBCCAAABBCCBB	['D35C']	1	-4.7078075	-8.753837	-11.534773	-2.7809362
BCCDDDCDCDDDDCDDABCDABCABDBACBDCAACDABCABACBCCABCACBCCCCDBDBDCABBBCBCBACCACADAACCCBABADBCCAABBBCCBB	['D35C', 'C37A', 'C57D', 'A61D', 'A93B']	5	-4.708667	-9.101224	-11.883023	-2.7817993
BCCDDDCDCDDDDDCDABBDABCABDBACBDCAADDCBCACACBCCABCACBCCCCCBDBACCBBBCBCBACCACADAACCCBABADBCCAABBBCCBB	['C14D', 'D15C', 'C19B', 'B41C', 'A63C', 'A93B']	6	-4.709194	-8.505229	-11.287547	-2.782318
BCCDDDCDCDDDDCDDABCDABCABDBACBDCAACDBBCABACBCCABCACBCCCCDBDBACDBDBCBCBACCACADAACCCBABADBCCAAABBCCBB	['D35C', 'C37B', 'C57D', 'A63D', 'B65D']	5	-4.710109	-9.049134	-11.832376	-2.7832413
BCCDDDCDCDDDDCDDABCDABCABDBACBDCAACDBBCABACBCCABCACBCCCCDBDBACDBDBCBCBACCACADAACCCBABADBCCAAABBCCBB	['D35C', 'C37B', 'C57D', 'A63D', 'B65D']	5	-4.710109	-9.049134	-11.832376	-2.7832413
BCCDDDCDCCDDBCDDABCAABCABDBACBDCAADDCBCABACBCDABCACBCCCCCBDBACDCBBCBCBACCACADAACCCBABADDCCAABBBCCBB	['D10C', 'D13B', 'D20A', 'C46D', 'A63D', 'B64C', 'B88D', 'A93B']	8	-4.711053	-5.7856956	-8.5698805	-2.784185
BCCDDDCDCCDDBCDDABCAABCABDBACBDCAADDCBCABACBCDABCACBCCCCCBDBACDCBBCBCBACCACADAACCCBABADDCCAABBBCCBB	['D10C', 'D13B', 'D20A', 'C46D', 'A63D', 'B64C', 'B88D', 'A93B']	8	-4.711053	-5.7856956	-8.5698805	-2.784185
BCCDDDCDCDDDDCCCABCDABCABDBACBDCAADDCBCABACBCCABCACBCCCCCBDBACCBBBCBCBACCCCADAACCCBABADBCCAABBBCCBB	['D15C', 'D16C', 'A63C', 'A74C', 'A93B']	5	-4.711461	-7.5468006	-10.3313875	-2.784587
BCCDDDCDCDDDDCDDABCDABCABDBACBDCAADDCBCABACBCCABCACBCCCCDBDBBCDBBBCBCBABCACACAACCCBABADBCCAABBBCCBB	['C57D', 'A61B', 'A63D', 'C72B', 'D77C', 'A93B']	6	-4.713065	-9.60471	-12.390905	-2.7861958
BCCDDDCDCDDDDCDDABCDABCABDBACBDCAADDCBCACACBCCABCACBCCCCCBDBACABBBCBCBACCACADAACCCBABADBCCAAABBCCBB	['B41C']	1	-4.7130795	-8.763016	-11.549226	-2.78621
BCCDDDCDCDDDDCDDABCDABCABDBACBDCAADDCBCACACBCCABCACBCCCCCBDBACABBBCBCBACCACADAACCCBABADBCCAAABBCCBB	['B41C']	1	-4.7130795	-8.763016	-11.549226	-2.78621
BCCDDDCDCDDDDDDDABBDABCABDBACDDCAACACBCABACBCCABCACBCCCCCBDBACDBBBCBCBACCACADAACCCBABADBCCAAABBCCBB	['C14D', 'C19B', 'B30D', 'D35C', 'D36A', 'A63D']	6	-4.7147117	-9.016823	-11.804658	-2.7878351
BCCDDDCDCDDDDCDDABCDABCABDBACBDCAADDCBCABACBCCABCACBCCCCCBDBACBBBBCBCBADCACADAACCCBABADBCCAAABBCCBB	['A63B', 'C72D']	2	-4.715262	-7.90247	-10.690859	-2.7883887
BCCDDDCDCDDDDCCCABBAABCABDBACBDCAAAACBCABACBCCABCACBCCCCDBDBADCBBBCBCCACCCCADAACCCBABADBCCAABBBCCBB	['D15C', 'D16C', 'C19B', 'D20A', 'D35A', 'D36A', 'C57D', 'C62D', 'A63C', 'B70C', 'A74C', 'A93B']	12	-4.7156754	-7.66568	-10.454476	-2.7887964
BCCDDDCDCDDCBCDDABCDABCABDBACBDCDADDCBCABACBCCABCACBCCCCCBDBADCCBBCBCBACCACADAACCCBABADBCCACABBCCBB	['D12C', 'D13B', 'A33D', 'C62D', 'A63C', 'B64C', 'A92C']	7	-4.7159953	-6.714347	-9.503469	-2.7891226
BCCDDDCDCDDDDCDDABBDABCABDBACDDCAACACBCABACBCCABCACBCCCCCBDBACDBBBCBCBACCACADAACCCBABADBCCAAABBCCBB	['C19B', 'B30D', 'D35C', 'D36A', 'A63D']	5	-4.7162294	-9.36939	-12.158741	-2.7893515
BCCDDDCDCDDDDCCDABCDABCABDBACBDCAACDCBCABACBCCABCACBCCCCCBDBADBBDBCBCBACCACADAACCCBABADBCCAAABBCCBB	['D15C', 'D35C', 'C62D', 'A63B', 'B65D']	5	-4.7164946	-9.880644	-12.670263	-2.7896194
BCCDDDCDCDDDBCDDABCDABCABDBACBDCAADDCBCABACBCDABCACBCCCCCBDBACDBBBCBCBACCACACAACCCBABADBCCAAABBCCBB	['D13B', 'C46D', 'A63D', 'D77C']	4	-4.7170386	-7.9920225	-10.782189	-2.7901669
BCCDDDCDCDDDDCDDABCDABCABDBACBDCAADDCBCABABBCCABCACBCCCCCBDBACDBBBCBCBACCACADAACCCBABADBCCADABBCCBB	['C43B', 'A63D', 'A92D']	3	-4.717802	-8.101654	-10.892583	-2.7909288
BCCDDDCDCDDDDCDDABCDABCABDBACBDCAACDBBCABACBCCABCACBCCCCCBDBACCBBBCBCBACCACADAACCCBABADBCCAAABBCCBB	['D35C', 'C37B', 'A63C']	3	-4.718336	-7.5329556	-10.324421	-2.7914653
BCCDDDCDCDDDDDDDABCDABCABDBACBDCAADDCBCACACBCCABCACBCCCCCBDBACDCBBCBCCACCACACAACCCBABADBCCAAABBCCBB	['C14D', 'B41C', 'A63D', 'B64C', 'B70C', 'D77C']	6	-4.7183595	-8.1136055	-10.905089	-2.7914839
BCCDDDCDCDDDBDDDABCDABCABDBACBDCAADDCBCABACBCCABCACBCCCCCBDBACDBBBCBCBADCACADAACCCBABADBCCAAABBCCBB	['D13B', 'C14D', 'A63D', 'C72D']	4	-4.7187076	-7.178229	-9.970063	-2.7918344
AAADDDCDCDDDBCDDABCDABCABDBACDDCDADDCBCABACBCCABCACBCCCCCBDBACDBBBCBCBACCACADAACCCBABADCCCAAABBCCBB	['B1A', 'C2A', 'C3A', 'D13B', 'B30D', 'A33D', 'A63D', 'B88C']	8	-4.7191606	-7.5394115	-10.331696	-2.792284
AAADDDCDCDDDDCDDABCDABCABDBACBDCAADDCBBABABBCCABCACBCCCCCBDBADABBBCBCBCDCACACAACCCBABADBCCAAABBCCBA	['B1A', 'C2A', 'C3A', 'C39B', 'C43B', 'C62D', 'A71C', 'C72D', 'D77C', 'B99A']	10	-4.7196717	-8.978151	-11.770944	-2.7927923
BCCDDDCDCCDDBDDDABCDABCABDBACBDDBADCABCACACBCCABCACBCDCCCBDBACACBBCBCBBCCACADAACCCAABADBCBAAABBCCBB	['D10C', 'D13B', 'C14D', 'C32D', 'A33B', 'D36C', 'C37A', 'B41C', 'C54D', 'B64C', 'A71B', 'B83A', 'C90B']	13	-2.7932205	-3.0384827	-5.831709	-2.7932262
BCCDDDCDCDDDBCDDABCDABCABDBACBDCAADDCBCABACBCCABCACBCCCCCBDBACDBBBCBCBADCACADAACCCBABADBCCAAABBCCBB	['D13B', 'A63D', 'C72D']	3	-4.7202253	-7.530796	-10.324147	-2.7933512
BCCDDDCDCADDDCDDABCDABCABDBACBDCAACDBBCABACBCDABCACBCCCCCBDBACDCBBCBCBACCACADAACCCBABADDCCAABBBCCBB	['D10A', 'D35C', 'C37B', 'C46D', 'A63D', 'B64C', 'B88D', 'A93B']	8	-4.721932	-6.448425	-9.24348	-2.795055
BCCDDDCDCDDDDCDDABCDABCABDBACBDCAADDABCABACBCCABCACBCCCCCBDBACBBBBCBCBACCACACAACCCBABADBCBAAABBCCBB	['C37A', 'A63B', 'D77C', 'C90B']	4	-4.7223444	-8.191903	-10.987376	-2.795473
BCCDDDCDCDDDDCDDABCDABCABDBACBDCAADDCBCABACBCCABCACBCCCCCBDBCCDCBBCBCBACCACADAACCCBABADBCCAAABBCCBB	['A61C', 'A63D', 'B64C']	3	-4.7227488	-8.199652	-10.9955225	-2.7958708
BCCDDDCDCCDDDDCDABCDABCABDBACDDCAADDCBCABACBCDABCACBCCCCCBDBACCBBBCBCBACCACADAACCCBABADBCCAABBBCCBB	['D10C', 'C14D', 'D15C', 'B30D', 'C46D', 'A63C', 'A93B']	7	-4.723219	-7.663743	-10.46009	-2.7963467
BCCDDDCDCDDADCDDABCDABCABDBACBDCAADDCBCABACBCCABCACBCCCCCBDBADDBBBCBCBACCACADAACCCBABADBCCAAABBCCBB	['D12A', 'C62D', 'A63D']	3	-4.7244105	-9.319613	-12.117148	-2.797535
BCCDDDCDCDDADCDDABCDABCABDBACBDCAADDBBCABACBCCABCACBCCCCDBDBACDBBBCBCBCDCACACAACCCBABADBCCAABBBCCBB	['D12A', 'C37B', 'C57D', 'A63D', 'A71C', 'C72D', 'D77C', 'A93B']	8	-4.72476	-8.540223	-11.338114	-2.7978907
BCCDDDCDCDDDDCDDABCDABCABDBACBDCAADDCBCABACBCCABCACBCCCCCBDCCCDBBBCBCBACCACACAACCCBABADBCCAABBBCCBB	['B60C', 'A61C', 'A63D', 'D77C', 'A93B']	5	-4.7252507	-8.945313	-11.743694	-2.7983809
BCCDDDCDCDDDDCDDABCDABCABDBACBDCAADDABAABACBCCABCACBCCCCCBDBACDCBBCBCBACCACADAACCCBABADBCCAAABBCCBB	['C37A', 'C39A', 'A63D', 'B64C']	4	-4.7257524	-7.963093	-10.76197	-2.7988768
BCCDDDCDCDDDDCDDABCDABCABDBACBDCAACDCBCABACBCCABCACBCCCCCBDBACDBBBCBCBADCACACAACCCBABADBCCAABBBCCBB	['D35C', 'A63D', 'C72D', 'D77C', 'A93B']	5	-4.7268085	-9.095528	-11.895462	-2.7999344
BCCDDDCDCDDDDCDDABCDABCABDBACBDCAACDCBCABACBCCABCACBCCCCCBDBACDBBBCBCBADCACACAACCCBABADBCCAABBBCCBB	['D35C', 'A63D', 'C72D', 'D77C', 'A93B']	5	-4.7268085	-9.095528	-11.895462	-2.7999344
BCCDDDCDCDDDDCDDABCDABCABDBACBDCAACDCBCABACBCCABCACBCCCCCBDBACDBBBCBCBADCACACAACCCBABADBCCAABBBCCBB	['D35C', 'A63D', 'C72D', 'D77C', 'A93B']	5	-4.7268085	-9.095528	-11.895462	-2.7999344
BCCDDDCDCDDDDCDDABCDABCABDBACBDCAACDCBCABACBCCABCACBCCCCCBDBACDBBBCBCBADCACACAACCCBABADBCCAABBBCCBB	['D35C', 'A63D', 'C72D', 'D77C', 'A93B']	5	-4.7268085	-9.095528	-11.895462	-2.7999344
BCCDDDCDCDDDDCDDABCDABCABDBACBDCAADDCBCABACBCDABCACBCCCCCBDBACCCBBCBCBACCACACAACCCBABADBCBAABBBCCBB	['C46D', 'A63C', 'B64C', 'D77C', 'C90B', 'A93B']	6	-4.7268724	-8.030123	-10.830121	-2.7999983
BCCDDDCDCDDDDDDDABBDABCABDBACBDCAADDABCACACBCCABCACBCCCCCBDBACACBBCBCBACCACADAACCCBABADBCCAAABBCCBB	['C14D', 'C19B', 'C37A', 'B41C', 'B64C']	5	-4.7279034	-7.184556	-9.985584	-2.8010283
BCCDDDCDCDDDDCDDABCDABCABDBACBDCAADDCBAABACBCCABCACBCCCCCBDBACDBBBCBCBACCACADAACCCBABADBCCAABBBCCBB	['C39A', 'A63D', 'A93B']	3	-4.7281985	-9.203967	-12.005292	-2.8013248
AAADDDCDCDDDDCDDABCDABCABDBACBDCAADDABCABACBCCABCACBCCCCDBDBACCBBBCBCBACCACACAACCCBABADBCCAAABBCCBB	['B1A', 'C2A', 'C3A', 'C37A', 'C57D', 'A63C', 'D77C']	7	-4.729489	-8.117048	-10.919665	-2.802617
BCCDDDCDCDDDDCDDABCDABCABDBACBDCAADDABCABACBCCABCCCBCCCCCBDBACBCBBCBCBACCACACAACCDBABADBCCAABBBCCBB	['C37A', 'A50C', 'A63B', 'B64C', 'D77C', 'C82D', 'A93B']	7	-4.729954	-8.344164	-11.147243	-2.8030787
BCCDDDCDCDDDDDCDABCDABCABDBACBDCAADDBBCABACBCCABCACBCCCCCBDBACBBBBCBCBACCACACAACCCBABADBCCAABBBCCBB	['C14D', 'D15C', 'C37B', 'A63B', 'D77C', 'A93B']	6	-4.730499	-8.27154	-11.075166	-2.803626
BCCDDDCDCDDDDDCDABCDABCABDBACBDCAADDBBCABACBCCABCACBCCCCCBDBACBBBBCBCBACCACACAACCCBABADBCCAABBBCCBB	['C14D', 'D15C', 'C37B', 'A63B', 'D77C', 'A93B']	6	-4.730499	-8.27154	-11.075166	-2.803626
BCCDDDCDCDDDDDCDABCDABCABDBACBDCAADDBBCABACBCCABCACBCCCCCBDBACBBBBCBCBACCACACAACCCBABADBCCAABBBCCBB	['C14D', 'D15C', 'C37B', 'A63B', 'D77C', 'A93B']	6	-4.730499	-8.27154	-11.075166	-2.803626
AAADDDCDCDDDDCDDABCDABCABDBACBDCAADDCBCABABBCCABCACBCCCCCBDBADDBBBCBCBABCACACAACCCBABADBCCAABBBCCBB	['B1A', 'C2A', 'C3A', 'C43B', 'C62D', 'A63D', 'C72B', 'D77C', 'A93B']	9	-4.73128	-9.692614	-12.497017	-2.8044033
BCCDDDCDCDDDDCDDABCDABCABDBACBDCAACDBBCABACBCCABCACBCCCCCBDBACDBDBCBCBACCACADAACCCBABADBCCAAABBCCBB	['D35C', 'C37B', 'A63D', 'B65D']	4	-4.7322617	-8.390993	-11.196383	-2.8053904
BCCDDDCDCDDDBCDDABCDABCABDBACBDCAADDCBCACACBCCABCACBCCCCCBDBACDCBBCBCBADCACACAACCCBABADBCCAAABBCCBB	['D13B', 'B41C', 'A63D', 'B64C', 'C72D', 'D77C']	6	-4.732688	-7.6596227	-10.465434	-2.8058114
BCCDDDCDCDDDDCDDABADABCABDBACBDCAADDABCABACBCCABCACBCCCCCBDBACACBBCBCBACCACADAACCCBABADBCCAAABBCCBB	['C19A', 'C37A', 'B64C']	3	-4.7359037	-7.0175667	-9.8266	-2.8090334
BCCDDDCDCDDDDCDDABCAABCABDBACBDCAACACBCABACBCCABCACBCCCCDBDBADDBBBCBCBCCCACACAACCCBABADDCCAABBBCCBB	['D20A', 'D35C', 'D36A', 'C57D', 'C62D', 'A63D', 'A71C', 'D77C', 'B88D', 'A93B']	10	-4.736397	-9.805195	-12.614717	-2.8095217
BCCDDDCDCDDDDCDDABCDABCABDBACBDCAACDABCABACBCCABCACBCCCCCBDBACDBBBCBCCACCACADAACCCBABADBCCAAABBCCBB	['D35C', 'C37A', 'A63D', 'B70C']	4	-4.738288	-8.149718	-10.961136	-2.8114176
BCCDDDCDCDDDDCDDABCDABCABDBACBDCAADDBBCABABBCCABCACBCCCCCBDBACABBBCBCBCCCACADAACCCBABADBCCAAABBCCBB	['C37B', 'C43B', 'A71C']	3	-4.73855	-7.5211	-10.33278	-2.8116798
BCCDDDCDCDDDBCCCABCDABCABDBACBDCAADDABCABACBCCABCACBCCCCCBDBACBBBBCBCBACCACADAACCCBABADBCCAAABBCCBB	['D13B', 'D15C', 'D16C', 'C37A', 'A63B']	5	-4.7404537	-6.7822285	-9.595808	-2.8135796
BCCDDDCDCDDDDCDDABBDABCABDBACBDCAADDCBCABACBCCABCACBCCCCCBDBACCCBBCBCBACCACACAACCCBABADBCBAAABBCCBB	['C19B', 'A63C', 'B64C', 'D77C', 'C90B']	5	-4.741662	-7.698735	-10.513525	-2.8147898
BCCDDDCDCDDDDCDCABCDABCABDBACBDCAADDABAABACBCCABCACBCCCCCBDBACDBBBCBCBACCACADAACCCBABADBCCAAABBCCBB	['D16C', 'C37A', 'C39A', 'A63D']	4	-4.7418275	-7.6755466	-10.490498	-2.814951
BCCDDDCDCDDDDDDDABCDABCABDBACBDCAADDCBCABACBCCABCACBCCCCCBDBACDBBBCBCBACCACACAACCCBABADBCCAABBBCCBB	['C14D', 'A63D', 'D77C', 'A93B']	4	-4.742283	-8.702412	-11.517822	-2.8154106
BCCDDDCDCDDDDDDDABCDABCABDBACBDCAADDCBCABACBCCABCACBCCCCCBDBACDBBBCBCBACCACACAACCCBABADBCCAABBBCCBB	['C14D', 'A63D', 'D77C', 'A93B']	4	-4.742283	-8.702412	-11.517822	-2.8154106
BCCDDDCDCDDDDCDDABCDABCABDBACBDCAADDCBCABACBCCABCACBCCCCCBDBACDBBBCBCBACCACACAACCCBABADBCCAABBBCCBB	['A63D', 'D77C', 'A93B']	3	-4.7438006	-9.054976	-11.871905	-2.8169289
BCCDDDCDCDDDDCDDABCDABCABDBACBDCAADDCBCABACBCCABCACBCCCCCBDBACDBBBCBCBACCACACAACCCBABADBCCAABBBCCBB	['A63D', 'D77C', 'A93B']	3	-4.7438006	-9.054976	-11.871905	-2.8169289
BCCDDDCDCDDDDCDDABCDABCABDBACBDCAADDCBCABACBCCABCACBCCCCCBDBACDBBBCBCBACCACACAACCCBABADBCCAABBBCCBB	['A63D', 'D77C', 'A93B']	3	-4.7438006	-9.054976	-11.871905	-2.8169289
BCCDDDCDCDDDDCDDABCDABCABDBACBDCAADDCBCABACBCCABCACBCCCCCBDBACDBBBCBCBACCACACAACCCBABADBCCAABBBCCBB	['A63D', 'D77C', 'A93B']	3	-4.7438006	-9.054976	-11.871905	-2.8169289
BCCDDDCDCDDDDCDDABCDABCABDBACBDCAADDCBCABACBCCABCACBCCCCCBDBACDBBBCBCBACCACACAACCCBABADBCCAABBBCCBB	['A63D', 'D77C', 'A93B']	3	-4.7438006	-9.054976	-11.871905	-2.8169289
BCCDDDCDCDDDDCDDABCDABCABDBACBDCAADDCBCABACBCCABCACBCCCCCBDBACDBBBCBCBACCACACAACCCBABADBCCAABBBCCBB	['A63D', 'D77C', 'A93B']	3	-4.7438006	-9.054976	-11.871905	-2.8169289
BCCDDDCDCDDDDCDDABCDABCABDBACBDCAADDCBCABACBCCABCACBCCCCCBDBACDBBBCBCBACCACACAACCCBABADBCCAABBBCCBB	['A63D', 'D77C', 'A93B']	3	-4.7438006	-9.054976	-11.871905	-2.8169289
BCCDDDCDCDDDDCDDABCDABCABDBACBDCAADDCBCABACBCCABCACBCCCCCBDBACDBBBCBCBACCACACAACCCBABADBCCAABBBCCBB	['A63D', 'D77C', 'A93B']	3	-4.7438006	-9.054976	-11.871905	-2.8169289
BCCDDDCDCDDDDCDDABCDABCABDBACBDCAADDCBCABACBCCABCACBCCCCCBDBACDBBBCBCBACCACACAACCCBABADBCCAABBBCCBB	['A63D', 'D77C', 'A93B']	3	-4.7438006	-9.054976	-11.871905	-2.8169289
BCCDDDCDCDDDDCDDABCDABCABDBACBDCAADDCBCABACBCCABCACBCCCCCBDBACDBBBCBCBACCACACAACCCBABADBCCAABBBCCBB	['A63D', 'D77C', 'A93B']	3	-4.7438006	-9.054976	-11.871905	-2.8169289
BCCDDDCDCDDDDCDDABCDABCABDBACBDCAADDCBCABACBCCABCACBCCCCCBDBACDBBBCBCBACCACACAACCCBABADBCCAABBBCCBB	['A63D', 'D77C', 'A93B']	3	-4.7438006	-9.054976	-11.871905	-2.8169289
BCCDDDCDCDDDDCDDABCDABCABDBACBDCAADDCBCABACBCCABCACBCCCCCBDBACDBBBCBCBACCACACAACCCBABADBCCAABBBCCBB	['A63D', 'D77C', 'A93B']	3	-4.7438006	-9.054976	-11.871905	-2.8169289
BCCDDDCDCDDDDCDDABCDABCABDBACBDCAADDCBCABACBCCABCACBCCCCCBDBACDBBBCBCBACCACACAACCCBABADBCCAABBBCCBB	['A63D', 'D77C', 'A93B']	3	-4.7438006	-9.054976	-11.871905	-2.8169289
BCCDDDCDCDDDDCDDABCDABCABDBACBDCAADDCBCABACBCCABCACBCCCCCBDBACDBBBCBCBACCACACAACCCBABADBCCAABBBCCBB	['A63D', 'D77C', 'A93B']	3	-4.7438006	-9.054976	-11.871905	-2.8169289
BCCDDDCDCDDDDCDDABCDABCABDBACBDCAADDCBCABACBCCABCACBCCCCCBDBACDBBBCBCBACCACACAACCCBABADBCCAABBBCCBB	['A63D', 'D77C', 'A93B']	3	-4.7438006	-9.054976	-11.871905	-2.8169289
BCCDDDCDCDDDDCDDABCDABCABDBACBDCAADDCBCABACBCCABCACBCCCCCBDBACDBBBCBCBACCACACAACCCBABADBCCAABBBCCBB	['A63D', 'D77C', 'A93B']	3	-4.7438006	-9.054976	-11.871905	-2.8169289
BCCDDDCDCDDDDCDDABCDABCABDBACBDCAADDCBCABACBCCABCACBCCCCCBDBACDBBBCBCBACCACACAACCCBABADBCCAABBBCCBB	['A63D', 'D77C', 'A93B']	3	-4.7438006	-9.054976	-11.871905	-2.8169289
BCCDDDCDCDDDDCDDABCDABCABDBACBDCAADDCBCABACBCCABCACBCCCCCBDBACDBBBCBCBACCACACAACCCBABADBCCAABBBCCBB	['A63D', 'D77C', 'A93B']	3	-4.7438006	-9.054976	-11.871905	-2.8169289
BCCDDDCDCDDDDDDDABCDABCABDBACBDCAADDCBCABACBCCABCACBCCCCCBDBACACBBCBCBACCACADAACCCBABADBCCAAABBCCBB	['C14D', 'B64C']	2	-4.743938	-7.574347	-10.391413	-2.8170657
BCCDDDCDCDDDDDCDABCDABCABDBACBDCAADDCBCABACBCCABCACBCCCCCBDBACABBBCBCBACCACADAACCCBABADBCCAAABBCCBB	['C14D', 'D15C']	2	-4.7441807	-8.676998	-11.4943075	-2.8173094
BCCDDDCDCDDCDDCDABCDABCABDBACBDCAADDCBCABACBCCABCACBCCCCCBDBCCDBBBCBCBADCACACAACCCBABADBCCAABBBCCBB	['D12C', 'C14D', 'D15C', 'A61C', 'A63D', 'C72D', 'D77C', 'A93B']	8	-4.7443795	-8.770069	-11.587574	-2.817505
AAADDDCDCDDDDCDDABCDABCABDBACBDCAACDABCACACBBCABCACBCCCCCBDBADABBBCBCBACCACADAACCCBABADBCCAABBBCCBA	['B1A', 'C2A', 'C3A', 'D35C', 'C37A', 'B41C', 'C45B', 'C62D', 'A93B', 'B99A']	10	-4.7446055	-9.1797285	-11.997455	-2.8177261
BCCDDDCDCDDDBCCDABCDABCABDBACBDCAADDCBCABACBCCABCACBCCCCCBDBACDBBBCBCBACCACACAACCCBABADBCCAAABBCCBB	['D13B', 'D15C', 'A63D', 'D77C']	4	-4.744652	-8.712545	-11.530323	-2.8177776
BCCDDDCDCDDDDCDDABBDABCABDBACBDCAACDCBCABACBCCABCACBCCCCCBDBACCBBBCBCBACCACADAACCCBABADBCCAAABBCCBB	['C19B', 'D35C', 'A63C']	3	-4.7447977	-8.00805	-10.825973	-2.8179226
BCCDDDCDCDDDDCDDABCDABCABDBACBDCAADDCBCABACBCCABCACBCCCCCBDBACACBBCBCBACCACADAACCCBABADBCCAAABBCCBB	['B64C']	1	-4.7454557	-7.9269133	-10.745496	-2.8185825
BCCDDDCDCDDDDCDDABCDABCABDBACBDCAADDCBCABACBCCABCACBCCCCCBDBACACBBCBCBACCACADAACCCBABADBCCAAABBCCBB	['B64C']	1	-4.7454557	-7.9269133	-10.745496	-2.8185825
BCCDDDCDCDDDDCDDABCDABCABDBACBDCAADDCBCABACBCCABCACBCCCCCBDBACACBBCBCBACCACADAACCCBABADBCCAAABBCCBB	['B64C']	1	-4.7454557	-7.9269133	-10.745496	-2.8185825
BCCDDDCDCDDDDCDDABCDABCABDBACBDCAADDCBCABACBCCABCACBCCCCCBDBACACBBCBCBACCACADAACCCBABADBCCAAABBCCBB	['B64C']	1	-4.7454557	-7.9269133	-10.745496	-2.8185825
BCCDDDCDCDDDDCDDABCDABCABDBACBDCAADDCBCABACBCCABCACBCCCCCBDBACACBBCBCBACCACADAACCCBABADBCCAAABBCCBB	['B64C']	1	-4.7454557	-7.9269133	-10.745496	-2.8185825
BCCDDDCDCDDDDCDDABCDABCABDBACBDCAADDCBCABACBCCABCACBCCCCCBDBACACBBCBCBACCACADAACCCBABADBCCAAABBCCBB	['B64C']	1	-4.7454557	-7.9269133	-10.745496	-2.8185825
BCCDDDCDCDDDDCDDABCDABCABDBACBDCAADDCBCABACBCCABCACBCCCCCBDBACACBBCBCBACCACADAACCCBABADBCCAAABBCCBB	['B64C']	1	-4.7454557	-7.9269133	-10.745496	-2.8185825
BCCDDDCDCDDDDCDDABCDABCABDBACBDCAADDCBCABACBCCABCACBCCCCCBDBACACBBCBCBACCACADAACCCBABADBCCAAABBCCBB	['B64C']	1	-4.7454557	-7.9269133	-10.745496	-2.8185825
BCCDDDCDCDDDDCDDABCDABCABDBACBDCAADDCBCABACBCCABCACBCCCCCBDBACACBBCBCBACCACADAACCCBABADBCCAAABBCCBB	['B64C']	1	-4.7454557	-7.9269133	-10.745496	-2.8185825
BCCDDDCDCDDDDCDDABCDABCABDBACBDCAADDCBCABACBCCABCACBCCCCCBDBACACBBCBCBACCACADAACCCBABADBCCAAABBCCBB	['B64C']	1	-4.7454557	-7.9269133	-10.745496	-2.8185825
BCCDDDCDCDDDDCDDABCDABCABDBACBDCAADDCBCABACBCCABCACBCCCCCBDBACACBBCBCBACCACADAACCCBABADBCCAAABBCCBB	['B64C']	1	-4.7454557	-7.9269133	-10.745496	-2.8185825
BCCDDDCDCDDDDCDDABCDABCABDBACBDCAADDCBCABACBCCABCACBCCCCCBDBACACBBCBCBACCACADAACCCBABADBCCAAABBCCBB	['B64C']	1	-4.7454557	-7.9269133	-10.745496	-2.8185825
BCCDDDCDCDDDDCDDABCDABCABDBACBDCAADDCBCABACBCCABCACBCCCCCBDBACACBBCBCBACCACADAACCCBABADBCCAAABBCCBB	['B64C']	1	-4.7454557	-7.9269133	-10.745496	-2.8185825
BCCDDDCDCDDDDCDDABCDABCABDBACBDCAADDCBCABACBCCABCACBCCCCCBDBACACBBCBCBACCACADAACCCBABADBCCAAABBCCBB	['B64C']	1	-4.7454557	-7.9269133	-10.745496	-2.8185825
BCCDDDCDCDDDDCDDABCDABCABDBACBDCAADDCBCABACBCCABCACBCCCCCBDBACACBBCBCBACCACADAACCCBABADBCCAAABBCCBB	['B64C']	1	-4.7454557	-7.9269133	-10.745496	-2.8185825
BCCDDDCDCDDDDCDDABCDABCABDBACBDCAADDCBCABACBCCABCACBCCCCCBDBACACBBCBCBACCACADAACCCBABADBCCAAABBCCBB	['B64C']	1	-4.7454557	-7.9269133	-10.745496	-2.8185825
BCCDDDCDCDDDDCDDABCDABCABDBACBDCAADDCBCABACBCCABCACBCCCCCBDBACACBBCBCBACCACADAACCCBABADBCCAAABBCCBB	['B64C']	1	-4.7454557	-7.9269133	-10.745496	-2.8185825
BCCDDDCDCDDDDCDDABCDABCABDBACBDCAADDCBCABACBCCABCACBCCCCCBDBACACBBCBCBACCACADAACCCBABADBCCAAABBCCBB	['B64C']	1	-4.7454557	-7.9269133	-10.745496	-2.8185825
BCCDDDCDCDDDDCDDABCDABCABDBACBDCAADDCBCABACBCCABCACBCCCCCBDBACACBBCBCBACCACADAACCCBABADBCCAAABBCCBB	['B64C']	1	-4.7454557	-7.9269133	-10.745496	-2.8185825
BCCDDDCDCDDDDCDDABCDABCABDBACBDCAADDCBCABACBCCABCACBCCCCCBDBACACBBCBCBACCACADAACCCBABADBCCAAABBCCBB	['B64C']	1	-4.7454557	-7.9269133	-10.745496	-2.8185825
BCCDDDCDCDDDDCDDABCDABCABDBACBDCAADDCBCABACBCCABCACBCCCCCBDBACACBBCBCBACCACADAACCCBABADBCCAAABBCCBB	['B64C']	1	-4.7454557	-7.9269133	-10.745496	-2.8185825
BCCDDDCDCDDDDCDDABCDABCABDBACBDCAADDCBCABACBCCABCACBCCCCCBDBACACBBCBCBACCACADAACCCBABADBCCAAABBCCBB	['B64C']	1	-4.7454557	-7.9269133	-10.745496	-2.8185825
BCCDDDCDCDDDDCDDABCDABCABDBACBDCAADDCBCABACBCCABCACBCCCCCBDBACACBBCBCBACCACADAACCCBABADBCCAAABBCCBB	['B64C']	1	-4.7454557	-7.9269133	-10.745496	-2.8185825
BCCDDDCDCDDDDCDDABCDABCABDBACBDCAADDCBCABACBCCABCACBCCCCCBDBACACBBCBCBACCACADAACCCBABADBCCAAABBCCBB	['B64C']	1	-4.7454557	-7.9269133	-10.745496	-2.8185825
BCCDDDCDCDDDDCDDABCDABCABDBACBDCAADDCBCABACBCCABCACBCCCCCBDBACACBBCBCBACCACADAACCCBABADBCCAAABBCCBB	['B64C']	1	-4.7454557	-7.9269133	-10.745496	-2.8185825
BCCDDDCDCDDDDCDDABCDABCABDBACBDCAADDCBCABACBCCABCACBCCCCCBDBACACBBCBCBACCACADAACCCBABADBCCAAABBCCBB	['B64C']	1	-4.7454557	-7.9269133	-10.745496	-2.8185825
BCCDDDCDCDDDDCDDABCDABCABDBACBDCAADDCBCABACBCCABCACBCCCCCBDBACACBBCBCBACCACADAACCCBABADBCCAAABBCCBB	['B64C']	1	-4.7454557	-7.9269133	-10.745496	-2.8185825
BCCDDDCDCDDDDCDDABCDABCABDBACBDCAADDCBCABACBCCABCACBCCCCCBDBACACBBCBCBACCACADAACCCBABADBCCAAABBCCBB	['B64C']	1	-4.7454557	-7.9269133	-10.745496	-2.8185825
BCCDDDCDCDDDDCDDABCDABCABDBACBDCAADDCBCABACBCCABCACBCCCCCBDBACACBBCBCBACCACADAACCCBABADBCCAAABBCCBB	['B64C']	1	-4.7454557	-7.9269133	-10.745496	-2.8185825
BCCDDDCDCDDDDCDDABCDABCABDBACBDCAADDCBCABACBCCABCACBCCCCCBDBACACBBCBCBACCACADAACCCBABADBCCAAABBCCBB	['B64C']	1	-4.7454557	-7.9269133	-10.745496	-2.8185825
BCCDDDCDCDDDDCDDABCDABCABDBACBDCAADDCBCABACBCCABCACBCCCCCBDBACACBBCBCBACCACADAACCCBABADBCCAAABBCCBB	['B64C']	1	-4.7454557	-7.9269133	-10.745496	-2.8185825
BCCDDDCDCDDDDCDDABCDABCABDBACBDCAADDCBCABACBCCABCACBCCCCCBDBACACBBCBCBACCACADAACCCBABADBCCAAABBCCBB	['B64C']	1	-4.7454557	-7.9269133	-10.745496	-2.8185825
BCCDDDCDCDDDDCCDABCDABCABDBACBDCAADDCBCABACBCCABCACBCCCCCBDBACABBBCBCBACCACADAACCCBABADBCCAAABBCCBB	['D15C']	1	-4.7456994	-9.029564	-11.848391	-2.8188267
BCCDDDCDCDDDDCCDABCDABCABDBACBDCAADDCBCABACBCCABCACBCCCCCBDBACABBBCBCBACCACADAACCCBABADBCCAAABBCCBB	['D15C']	1	-4.7456994	-9.029564	-11.848391	-2.8188267
BCCDDDCDCDDDDCCDABCDABCABDBACBDCAADDCBCABACBCCABCACBCCCCCBDBACABBBCBCBACCACADAACCCBABADBCCAAABBCCBB	['D15C']	1	-4.7456994	-9.029564	-11.848391	-2.8188267
BCCDDDCDCDDDDCCDABCDABCABDBACBDCAADDCBCABACBCCABCACBCCCCCBDBACABBBCBCBACCACADAACCCBABADBCCAAABBCCBB	['D15C']	1	-4.7456994	-9.029564	-11.848391	-2.8188267
BCCDDDCDCDDDDCCDABCDABCABDBACBDCAADDCBCABACBCCABCACBCCCCCBDBACABBBCBCBACCACADAACCCBABADBCCAAABBCCBB	['D15C']	1	-4.7456994	-9.029564	-11.848391	-2.8188267
BCCDDDCDCDDDDCCDABCDABCABDBACBDCAADDCBCABACBCCABCACBCCCCCBDBACABBBCBCBACCACADAACCCBABADBCCAAABBCCBB	['D15C']	1	-4.7456994	-9.029564	-11.848391	-2.8188267
BCCDDDCDCDDDDCCDABCDABCABDBACBDCAADDCBCABACBCCABCACBCCCCCBDBACABBBCBCBACCACADAACCCBABADBCCAAABBCCBB	['D15C']	1	-4.7456994	-9.029564	-11.848391	-2.8188267
BCCDDDCDCDDDDCCDABCDABCABDBACBDCAADDCBCABACBCCABCACBCCCCCBDBACABBBCBCBACCACADAACCCBABADBCCAAABBCCBB	['D15C']	1	-4.7456994	-9.029564	-11.848391	-2.8188267
BCCDDDCDCDDDDCCDABCDABCABDBACBDCAADDCBCABACBCCABCACBCCCCCBDBACABBBCBCBACCACADAACCCBABADBCCAAABBCCBB	['D15C']	1	-4.7456994	-9.029564	-11.848391	-2.8188267
BCCDDDCDCDDDDCCDABCDABCABDBACBDCAADDCBCABACBCCABCACBCCCCCBDBACABBBCBCBACCACADAACCCBABADBCCAAABBCCBB	['D15C']	1	-4.7456994	-9.029564	-11.848391	-2.8188267
BCCDDDCDCDDDDCCDABCDABCABDBACBDCAADDCBCABACBCCABCACBCCCCCBDBACABBBCBCBACCACADAACCCBABADBCCAAABBCCBB	['D15C']	1	-4.7456994	-9.029564	-11.848391	-2.8188267
BCCDDDCDCDDDDCCDABCDABCABDBACBDCAADDCBCABACBCCABCACBCCCCCBDBACABBBCBCBACCACADAACCCBABADBCCAAABBCCBB	['D15C']	1	-4.7456994	-9.029564	-11.848391	-2.8188267
BCCDDDCDCDDDDCCDABCDABCABDBACBDCAADDCBCABACBCCABCACBCCCCCBDBACABBBCBCBACCACADAACCCBABADBCCAAABBCCBB	['D15C']	1	-4.7456994	-9.029564	-11.848391	-2.8188267
BCCDDDCDCDDDBCDDABCDABCABDBACBDCAADDABCABACBCCABCACBCCCCDBDBACDBBBCBCBACCACADAACCCBABADBCCAAABBCCBB	['D13B', 'C37A', 'C57D', 'A63D']	4	-4.7459373	-7.9607606	-10.779825	-2.8190646
BCCDDDCDCDDDDCDDABBDABCABDBACBDCAACABBCABACBBCABCACBCCCCCBDBACDBBBCBCBACCACACAACCCBABADBCCACBBBCCBB	['C19B', 'D35C', 'D36A', 'C37B', 'C45B', 'A63D', 'D77C', 'A92C', 'A93B']	9	-4.746131	-8.786963	-11.606221	-2.8192577
BCCDDDCDCDDDDCDDABCDABCABDBACDDCAACACBCABACBCCABCACBCCCCDBDBACDBBBCBCBACCACADAACCCBABADBCCAAABBCCBB	['B30D', 'D35C', 'D36A', 'C57D', 'A63D']	5	-4.7462564	-10.238873	-13.058252	-2.8193798
BCCDDDCDCDDDBCDDABCDABCABDBACBDCAADDCBCACACBCCABCACBCCCCCBDBACDBBBCBCCACCACADAACCCBABADBCCAAABBCCBB	['D13B', 'B41C', 'A63D', 'B70C']	4	-4.746614	-7.95469	-10.77443	-2.8197403
AAADDDCDCCDDDCDDABBDABCABDBACDDCAADDCBCACACBCCABCACBCCCCCBDBACDBDBCBCCACCACADAACCCBABADBCCAAABBCCBA	['B1A', 'C2A', 'C3A', 'D10C', 'C19B', 'B30D', 'B41C', 'A63D', 'B65D', 'B70C', 'B99A']	11	-4.7475667	-8.068179	-10.888867	-2.8206882
BCCDDDCDCDDDDCCCABCDABCABDBACDDCAACCBBCABACBCCABCACBCCCCDBDBACDBBBCBDBACCACADAACCCBABADCCCAAABBCCBB	['D15C', 'D16C', 'B30D', 'D35C', 'D36C', 'C37B', 'C57D', 'A63D', 'C69D', 'B88C']	10	-4.749028	-9.999151	-12.821306	-2.822155
BCCDDDCDCDDDBCDDABCDABCABDBACBDCAADDCBCACACBCCABCACBCCCCCBDBACDBBBCBCBACCACADADCCCBABADBCCAAABBCCBB	['D13B', 'B41C', 'A63D', 'A79D']	4	-4.7495384	-6.9756994	-9.798363	-2.8226633
BCCDDDCDCDDADCCDABCDABCABDBACBDCAACDBBCABACBCCABCACBCCCCCBDBACDBBBCBCBADCACADAACCCBABADBCCAABBBCCBB	['D12A', 'D15C', 'D35C', 'C37B', 'A63D', 'C72D', 'A93B']	7	-4.750686	-8.966647	-11.79046	-2.8238125
BCCDDDCDCDDBDCDDABCDABCABDBACBDCAADDCBCACACBCCABCACBCCCCCBDBADABBBCBABACCACADAACCCBABADBCCAABBBCCBB	['D12B', 'B41C', 'C62D', 'C69A', 'A93B']	5	-4.75357	-8.839864	-11.666558	-2.8266945
AAADDDCDCDDDDCDDABCDABCABDBACBDCAADDCBCABACBCCABCACBCCCCCBDCCCDDBBCBCBACCACACAACCCBABADBCCAAABBCCBB	['B1A', 'C2A', 'C3A', 'B60C', 'A61C', 'A63D', 'B64D', 'D77C']	8	-4.753639	-8.015236	-10.842	-2.826764
BCCDDDCDCDDDDCDDABCDABCABDBACBDCAADDABCABACBCCABCACBCCCCCBDBACDBBBCBCBACCACACAACCCBABADBDCAABBBCCBB	['C37A', 'A63D', 'D77C', 'C89D', 'A93B']	5	-4.7555447	-8.6888895	-11.517562	-2.8286724
AAADDDCDCDDDDCCDABCDABCABDBACBDCADADCBCABACBCCABCACBCCCCCBDBACCCBBCBCBACCACADAACCCBABADBCCAABBBCCBB	['B1A', 'C2A', 'C3A', 'D15C', 'A34D', 'D35A', 'A63C', 'B64C', 'A93B']	9	-4.755639	-8.45562	-11.284385	-2.828765
BCCDDDCDCDDDDCCDABCDABCABDBACBDCAADDABCABACBCCABCACBCCCCCBDBADBBBBCBCBACCACACAACCCBABADBCCAAABBCCBB	['D15C', 'C37A', 'C62D', 'A63B', 'D77C']	5	-4.757513	-9.105726	-11.936367	-2.8306408
BCCDDDCDCDDDDCDDABCDABCABDBACBDCDADDCBCABACBCCABCACBCCCCCBDBACCCBBCBCBACCACADAACCCBABADBCCAAABBCCBB	['A33D', 'A63C', 'B64C']	3	-4.7596645	-6.92123	-9.754023	-2.8327928
BCCDDDCDCDDDDCDDABCDABCABDBACBDCDADDCBCABACBCCABCACBCCCCCBDBACCCBBCBCBACCACADAACCCBABADBCCAAABBCCBB	['A33D', 'A63C', 'B64C']	3	-4.7596645	-6.92123	-9.754023	-2.8327928
BCCDDDCDCDDDDCDDABCDABCABDBACBDCAADDCBCABACBCCABCACBCCCCCBDBADBBBBCBCBACCACACAACCCBABADBCCAABBBCCBB	['C62D', 'A63B', 'D77C', 'A93B']	4	-4.759717	-9.243949	-12.076791	-2.8328419
BCCDDDCDCDDDDCDDABCDABCABDBACBDCAADDCBCABACBCCABCACBCCCCCBDBACACBBCBCBAACACADAACCCBABADBCCAAABBCCBB	['B64C', 'C72A']	2	-4.759787	-7.4127245	-10.245637	-2.8329124
BCCDDDCDCDDDDCDDABCDABCABDBACBDCAADDCBCABACBCCABCACBCCCCCBDBACACBBCBCBAACACADAACCCBABADBCCAAABBCCBB	['B64C', 'C72A']	2	-4.759787	-7.4127245	-10.245637	-2.8329124
BCCDDDCDCDDDDCDDABCDABCABDBACBDCAADDCBCABACBCCABCACBCCCCCBDBACACBBCBCBAACACADAACCCBABADBCCAAABBCCBB	['B64C', 'C72A']	2	-4.759787	-7.4127245	-10.245637	-2.8329124
BCCDDDCDCDDDDCDDABCDABCABDBACBDCAACDCBCABACBCCABCACBCCCCCBDBACDBBBCBBBACCACACAACCCBABADBCCAAABBCCBB	['D35C', 'A63D', 'C69B', 'D77C']	4	-4.7601337	-8.024272	-10.857534	-2.8332624
BCCDDDCDCDDADCDDABCDABCABDBACBDCAADDBBCACACBCCABCACBCCCCCBDBADABBBCBCBCCCACACAACCCBABADBCCAABBBCCBB	['D12A', 'C37B', 'B41C', 'C62D', 'A71C', 'D77C', 'A93B']	7	-4.7606463	-8.9316	-11.765374	-2.8337746
BCCDDDCDCDDBDCDDABADABCABDBACBDCAADDCBCABACBCCABCACBCCCCCBDBACBBBBCBCBACCACADAACCCBABADBCCAAABBCCBB	['D12B', 'C19A', 'A63B']	3	-4.7611365	-7.2778163	-10.112084	-2.834268
BCCDDDCDCDDDDCDDABCDABCABDBACBDCAADDABCABACBCCABCACBCCCCCBDBADDBBBCBCBACCACACAACCCBABADBCCAABBBCCBB	['C37A', 'C62D', 'A63D', 'D77C', 'A93B']	5	-4.7616262	-9.076485	-11.911238	-2.834753
BCCDDDCDCDDDDCDDABCDABCABDBACBDCAADDABCABACBCCABCACBCCCCCBDBADDBBBCBCBACCACACAACCCBABADBCCAABBBCCBB	['C37A', 'C62D', 'A63D', 'D77C', 'A93B']	5	-4.7616262	-9.076485	-11.911238	-2.834753
BCCDDDCDCDDDDCDDABCDABCABDBACBDCAADDABCABACBCCABCACBCCCCCBDBADDBBBCBCBACCACACAACCCBABADBCCAABBBCCBB	['C37A', 'C62D', 'A63D', 'D77C', 'A93B']	5	-4.7616262	-9.076485	-11.911238	-2.834753
BCCDDDCDCDDDDCDDABCDABCABDBACBDCAADDABCABACBCCABCACBCCCCCBDBADDBBBCBCBACCACACAACCCBABADBCCAABBBCCBB	['C37A', 'C62D', 'A63D', 'D77C', 'A93B']	5	-4.7616262	-9.076485	-11.911238	-2.834753
BCCDDDCDCDDDDCDDABCDABCABDBACBDCAADDABCABACBCCABCACBCCCCCBDBADDBBBCBCBACCACACAACCCBABADBCCAABBBCCBB	['C37A', 'C62D', 'A63D', 'D77C', 'A93B']	5	-4.7616262	-9.076485	-11.911238	-2.834753
BCCDDDCDCDDDDCDDABCDABCABDBACBDCAADDABCABACBCCABCACBCCCCCBDBACBBBBCBCBACCACADAACCCBABADBCCAAABBCCBB	['C37A', 'A63B']	2	-4.7631283	-7.674293	-10.5105505	-2.8362575
BCCDDDCDCDDDDCDDABCDABCABDBACBDCAADDABCABACBCCABCACBCCCCCBDBACBBBBCBCBACCACADAACCCBABADBCCAAABBCCBB	['C37A', 'A63B']	2	-4.7631283	-7.674293	-10.5105505	-2.8362575
BCCDDDCDCDDDDCDDABCDABCABDBACBDCAADDABCABACBCCABCACBCCCCCBDBACBBBBCBCBACCACADAACCCBABADBCCAAABBCCBB	['C37A', 'A63B']	2	-4.7631283	-7.674293	-10.5105505	-2.8362575
BCCDDDCDCDDDDCDDABCDABCABDBACBDCAADDABCABACBCCABCACBCCCCCBDBADACBBCBCBACCACADAACCCBABADBCCAAABBCCBB	['C37A', 'C62D', 'B64C']	3	-4.7632813	-7.948421	-10.784827	-2.8364062
BCCDDDCDCDDDDCDDABCDABCABDBACBDCAADDABCABACBCCABCACBCCCCCBDBADACBBCBCBACCACADAACCCBABADBCCAAABBCCBB	['C37A', 'C62D', 'B64C']	3	-4.7632813	-7.948421	-10.784827	-2.8364062
BCCDDDCDCDDDDCCDABCDABCABDBACDDCAACDABCACACBCCABCACBCCCCDBDBACDCBBCBCBCCCACACAACCCBABADBCCAAABBCCBB	['D15C', 'B30D', 'D35C', 'C37A', 'B41C', 'C57D', 'A63D', 'B64C', 'A71C', 'D77C']	10	-4.7633185	-9.933421	-12.769865	-2.836444
BCCDDDCDCDDDDCCCABCDABCABDBACBDCAADDBBCABACBCCABCACBCCCCCBDBACCBBBCBABACCACACAACCCBABADBCCAABBBCCBB	['D15C', 'D16C', 'C37B', 'A63C', 'C69A', 'D77C', 'A93B']	7	-4.7637253	-7.37088	-10.207734	-2.836854
BCCDDDCDCDDDDCDDABBDABCABDBACBDCAADDCBCABACBCCABCACBCCCCCBDBACACBBCBCBACCACADAACCCBABADBCCAABBBCCBB	['C19B', 'B64C', 'A93B']	3	-4.764245	-7.9418945	-10.779267	-2.8373728
AAADDDCDCDDDBCDDABCDABCABDBACBDCAADDABCABACBCCABCACBCCCCCBDBACDBBBCBCBABCACACAACCCBABADBCCAABBBCCBB	['B1A', 'C2A', 'C3A', 'D13B', 'C37A', 'A63D', 'C72B', 'D77C', 'A93B']	9	-4.7643223	-7.694912	-10.532362	-2.83745
BCCDDDCDCDDDBCDDABCDABCABDBACBDCAADDCBCABACBCCABCACBCCCCCBDBADDBBBCBCBACCACACAACCCBABADBCCAABBBCCBB	['D13B', 'C62D', 'A63D', 'D77C', 'A93B']	5	-4.76468	-8.872274	-11.710078	-2.8378038
BCCDDDCDCDDDBCDDABCDABCABDBACBDCAADDCBCABACBCCABCACBCCCCCBDBADDBBBCBCBACCACACAACCCBABADBCCAABBBCCBB	['D13B', 'C62D', 'A63D', 'D77C', 'A93B']	5	-4.76468	-8.872274	-11.710078	-2.8378038
BCCDDDCDCDDDBCCDABBDABCABDBACBDCAADDCBCABACBCCABCACBCCCCCBDBACACBBCBCBACCACADAACCCBABADBCCAAABBCCBB	['D13B', 'D15C', 'C19B', 'B64C']	4	-4.7650948	-7.599462	-10.437681	-2.8382192
BCCDDDCDCDDBDCDCABBDABCABDBACBDCAADDCBAABACBCCABCACBCCCCCBDBACDCBBCBCBACCACADAACCCBABADBCCAAABBCCBB	['D12B', 'D16C', 'C19B', 'C39A', 'A63D', 'B64C']	6	-4.765731	-6.9625216	-9.801377	-2.8388557
BCCDDDCDCDDDBCDDABCDABCABDBACBDCAADDCBCABACBCCABCACBCCCCCBDBACBBBBCBCBACCACADAACCCBABADBCCAAABBCCBB	['D13B', 'A63B']	2	-4.7661824	-7.4700837	-10.309391	-2.8393073
BCCDDDCDCDDDBDDDABCDABCABDBACBDCAADDABCABACBCCABCACBCCCCCBDBACDBBBCBCBACCACADAACCCBABADBCCAAABBCCBB	['D13B', 'C14D', 'C37A', 'A63D']	4	-4.766572	-6.9500527	-9.789754	-2.8397012
BCCDDDCDCDDDBCDDABCDABCABDBACBDCAADDABCABACBCCABCACBCCCCCBDBACDBBBCBCBACCACADAACCCBABADBCCAAABBCCBB	['D13B', 'C37A', 'A63D']	3	-4.7680907	-7.30262	-10.143837	-2.841217
BCCDDDCDCDDDDCDDABCDABCABDBACDDCAACACBCABACBCCABCACBCCCCCBDBACDBBBCBCBACCACADAACCCBABADBCCAAABBCCBB	['B30D', 'D35C', 'D36A', 'A63D']	4	-4.76841	-9.580732	-12.422264	-2.8415318
BCCDDDCDCDDDDCDDABCDABCABDBACDDCAACACBCABACBCCABCACBCCCCCBDBACDBBBCBCBACCACADAACCCBABADBCCAAABBCCBB	['B30D', 'D35C', 'D36A', 'A63D']	4	-4.76841	-9.580732	-12.422264	-2.8415318
BCCDDDCDCDDDDCDDABCDABCABDBACDDCAACACBCABACBCCABCACBCCCCCBDBACDBBBCBCBACCACADAACCCBABADBCCAAABBCCBB	['B30D', 'D35C', 'D36A', 'A63D']	4	-4.76841	-9.580732	-12.422264	-2.8415318
BCCDDDCDCDDDDCDDABCDABCABDBACDDCAACACBCABACBCCABCACBCCCCCBDBACDBBBCBCBACCACADAACCCBABADBCCAAABBCCBB	['B30D', 'D35C', 'D36A', 'A63D']	4	-4.76841	-9.580732	-12.422264	-2.8415318
BCCDDDCDCDDDDCDDABBDABCABDBACBDCAADDABCABACBCCABCACBCCCCCBDBACDBBBCBBBACCACADAACCCBABADBCCAAABBCCBB	['C19B', 'C37A', 'A63D', 'C69B']	4	-4.7692847	-6.6787314	-9.521145	-2.8424134
BCCDDDCDCADDBCDDABCDABCABDBACBDCDADDABAABACBCCABCACBCCCCCBDBACACBBCBCCACCACADAACCCBABADBCCAAABBCCBB	['D10A', 'D13B', 'A33D', 'C37A', 'C39A', 'B64C', 'B70C']	7	-4.8936954	-4.769698	-7.7365227	-2.8428273
BCCDDDCDCDDDDCDDABCDABCABDBACBDCAADDBBCABACBCCABCACBCCCCCBDBACDBBBCBCBACCADADAACCCBABADBCCAABBBCCBB	['C37B', 'A63D', 'C75D', 'A93B']	4	-4.770538	-8.255192	-11.09886	-2.843668
BCCDDDCDCDDBDDDDABCDABCABDBACBDCAADDCBCABACBCCABCACBCCCCCBDBACDBBBCBCBACCACADAACCCBABADBCCAAABBCCBB	['D12B', 'C14D', 'A63D']	3	-4.77108	-7.667132	-10.51134	-2.8442082
BCCDDDCDCDDBDCDDABCDABCABDBACBDCAADDCBCABACBCCABCACBCCCCCBDBACDBBBCBCBACCACADAACCCBABADBCCAAABBCCBB	['D12B', 'A63D']	2	-4.7725983	-8.019698	-10.865424	-2.845726
BCCDDDCDCDDBDCDDABCDABCABDBACBDCAADDCBCABACBCCABCACBCCCCCBDBACDBBBCBCBACCACADAACCCBABADBCCAAABBCCBB	['D12B', 'A63D']	2	-4.7725983	-8.019698	-10.865424	-2.845726
BCCDDDCDCDDDDCDDABCDABCABDBACBDCAACDABCABACBCCABCACBCCCCCBDBACACBBCBCBACCACADAACCCBABADBCCAAABBCCBB	['D35C', 'C37A', 'B64C']	3	-4.776329	-7.7392864	-10.588743	-2.8494568
BCCDDDCDCDDDDCDDABCDABCABDBACBDCAACDABCABACBCCABCACBCCCCCBDBACACBBCBCBACCACADAACCCBABADBCCAAABBCCBB	['D35C', 'C37A', 'B64C']	3	-4.776329	-7.7392864	-10.588743	-2.8494568
BCCDDDCDCDDDDCDDABCDABCABDBACBDCAACDABCABACBCCABCACBCCCCCBDBACACBBCBCBACCACADAACCCBABADBCCAAABBCCBB	['D35C', 'C37A', 'B64C']	3	-4.776329	-7.7392864	-10.588743	-2.8494568
BCCDDDCDCDDDDCDDABCDABCABDBACBDCAACDABCABACBCCABCACBCCCCCBDBACACBBCBCBACCACADAACCCBABADBCCAAABBCCBB	['D35C', 'C37A', 'B64C']	3	-4.776329	-7.7392864	-10.588743	-2.8494568
BCCDDDCDCDDABCDDABBDABCABDBACDDCAADACBCACABBCCABCACBCCCCCBDBACDBBBCBCBBCCACADAACCCBABADCCCAABBBCCBB	['D12A', 'D13B', 'C19B', 'B30D', 'D36A', 'B41C', 'C43B', 'A63D', 'A71B', 'B88C', 'A93B']	11	-4.776907	-8.653879	-11.503903	-2.8500242
BCCDDDCDCDDDDCDDABCDABCABDBACBDCAADDBBCABACBCCABCACBCCCCCBDBACABBBCBCBACCACADAACCCBABADBCCAAABBCCBB	['C37B']	1	-4.777384	-7.728886	-10.579402	-2.8505158
BCCDDDCDCDDDDCDDABCDABCABDBACBDCAADDBBCABACBCCABCACBCCCCCBDBACABBBCBCBACCACADAACCCBABADBCCAAABBCCBB	['C37B']	1	-4.777384	-7.728886	-10.579402	-2.8505158
BCCDDDCDCDDDDCDDABCDABCABDBACBDCAADDBBCABACBCCABCACBCCCCCBDBACABBBCBCBACCACADAACCCBABADBCCAAABBCCBB	['C37B']	1	-4.777384	-7.728886	-10.579402	-2.8505158
BCCDDDCDCDDDBCDDABCDABCABDBACDDCAADDCBCABACBCBABCACBCCCCCBDBACDBBBCBCBCCCACACAACCCBABADCCCAABBBCCBB	['D13B', 'B30D', 'C46B', 'A63D', 'A71C', 'D77C', 'B88C', 'A93B']	8	-4.7775736	-8.391705	-11.242405	-2.8507004
BCCDDDCDCDDDDCDDABCDABCABDBACBDCDADDABCACACBCCABCACBCCCCCBDBACACBBCBCBACCACADAACCCBABADBCCAABBBCCBB	['A33D', 'C37A', 'B41C', 'B64C', 'A93B']	5	-4.7776074	-7.5035524	-10.354287	-2.8507347
BCCDDDCDCDDDDCDDABCDABCABDBACBDCDADDABCACACBCCABCACBCCCCCBDBACACBBCBCBACCACADAACCCBABADBCCAABBBCCBB	['A33D', 'C37A', 'B41C', 'B64C', 'A93B']	5	-4.7776074	-7.5035524	-10.354287	-2.8507347
BCCDDDCDCDDDDCDDABCDABCABDBACBDCDADDABCACACBCCABCACBCCCCCBDBACACBBCBCBACCACADAACCCBABADBCCAABBBCCBB	['A33D', 'C37A', 'B41C', 'B64C', 'A93B']	5	-4.7776074	-7.5035524	-10.354287	-2.8507347
BCCDDDCDCDDDBCCDABCDABCABDBACBDCAADDCBCACACBCCABCACBCCCCCBDBADACBBCBCBACCACACAACCCBABADBCCAAABBCCBB	['D13B', 'D15C', 'B41C', 'C62D', 'B64C', 'D77C']	6	-4.7790413	-8.975691	-11.827854	-2.8521633
BCCDDDCDCDDDDCDDABCDABCABDBACBDCAADDABCACACBCCABCACBCCCCCBDBACDBBBCBCBACCACACAACCCBABADBCCAABBBCCBB	['C37A', 'B41C', 'A63D', 'D77C', 'A93B']	5	-4.779946	-8.87653	-11.729606	-2.853076
BCCDDDCDCDDDDCDDABCDABCABDBACBDCAADDABCACACBCCABCACBCCCCCBDBACDBBBCBCBACCACACAACCCBABADBCCAABBBCCBB	['C37A', 'B41C', 'A63D', 'D77C', 'A93B']	5	-4.779946	-8.87653	-11.729606	-2.853076
BCCDDDCDCDDDBDCDABCAABCABDBACBDCAADDCBCACACBCDABCACBCCCCCBDBACACBBCBCBACCACACAACCCBABADBCCAABBBCCBB	['D13B', 'C14D', 'D15C', 'D20A', 'B41C', 'C46D', 'B64C', 'D77C', 'A93B']	9	-4.7800293	-7.449895	-10.303052	-2.853157
BCCDDDCDCDDDDCDDABCDABCABDBACBDCAADDABCACACBCCABCACBCCCCCBDBACACBBCBCBACCACADAACCCBABADBCCAAABBCCBB	['C37A', 'B41C', 'B64C']	3	-4.781601	-7.748466	-10.603195	-2.8547292
BCCDDDCDCDDDDCDDABCDABCABDBACBDCAADDABCACACBCCABCACBCCCCCBDBACACBBCBCBACCACADAACCCBABADBCCAAABBCCBB	['C37A', 'B41C', 'B64C']	3	-4.781601	-7.748466	-10.603195	-2.8547292
BCCDDDCDCDDDDCDDABCDABCABDBACBDCAADDABCACACBCCABCACBCCCCCBDBACACBBCBCBACCACADAACCCBABADBCCAAABBCCBB	['C37A', 'B41C', 'B64C']	3	-4.781601	-7.748466	-10.603195	-2.8547292
BCCDDDCDCDDDDCDDABCDABCABDBACBDCAADDABCACACBCCABCACBCCCCCBDBACACBBCBCBACCACADAACCCBABADBCCAAABBCCBB	['C37A', 'B41C', 'B64C']	3	-4.781601	-7.748466	-10.603195	-2.8547292
BCCDDDCDCDDDDCCDABCDABCABDBACBDCAADDABCACACBCCABCACBCCCCCBDBACABBBCBCBACCACADAACCCBABADBCCAAABBCCBB	['D15C', 'C37A', 'B41C']	3	-4.7818437	-8.851117	-11.70609	-2.8549728
BCCDDDCDCDDDDCCDABCDABCABDBACBDCAADDABCACACBCCABCACBCCCCCBDBACABBBCBCBACCACADAACCCBABADBCCAAABBCCBB	['D15C', 'C37A', 'B41C']	3	-4.7818437	-8.851117	-11.70609	-2.8549728
BCCDDDCDCDDDDCCDABCDABCABDBACBDCAADDABCACACBCCABCACBCCCCCBDBACABBBCBCBACCACADAACCCBABADBCCAAABBCCBB	['D15C', 'C37A', 'B41C']	3	-4.7818437	-8.851117	-11.70609	-2.8549728
BCCDDDCDCDDBDCDDABCDABCABDBACBDCAACDBBCABABBCCABCACBCCCCDBDBADCCBBCBABCCCACACAACCCBABADBCCAAABBCCBB	['D12B', 'D35C', 'C37B', 'C43B', 'C57D', 'C62D', 'A63C', 'B64C', 'C69A', 'A71C', 'D77C']	11	-4.782279	-7.6149673	-10.470373	-2.8554058
BCCDDDCDCDDBDCDDABBDABCABDBACBDCAADDCBCABABBCCABCACBCCCCCBDBACCBBBCBCBBCCACADAACCCBABADBCCAABBBCCBB	['D12B', 'C19B', 'C43B', 'A63C', 'A71B', 'A93B']	6	-4.7833557	-7.137746	-9.994225	-2.8564787
BCCDDDCDCDDDDCDDABCDABCABDBACBDCAADDCBCACACBCCABCACBCCCCCBDBACABBBCBCBACCACADAACCCBABADBCCAABBBCCBB	['B41C', 'A93B']	2	-4.7840476	-8.989341	-11.846519	-2.8571787
BCCDDDCDCDDDDCDDABCDABCABDBACBDCAADDCBCACACBCCABCACBCCCCCBDBACABBBCBCBACCACADAACCCBABADBCCAABBBCCBB	['B41C', 'A93B']	2	-4.7840476	-8.989341	-11.846519	-2.8571787
BCCDDDCDCDDDDCDDABCDABCABDBACBDCAADDCBCACACBCCABCACBCCCCCBDBACABBBCBCBACCACADAACCCBABADBCCAABBBCCBB	['B41C', 'A93B']	2	-4.7840476	-8.989341	-11.846519	-2.8571787
BCCDDDCDCDDDDCDDABCDABCABDBACBDCAADDCBCACACBCCABCACBCCCCCBDBACABBBCBCBACCACADAACCCBABADBCCAABBBCCBB	['B41C', 'A93B']	2	-4.7840476	-8.989341	-11.846519	-2.8571787
BCCDDDCDCDDDBCDDABCDABCABDBACBDCAADDCBCACACBCCABCACBCCCCCBDBACACBBCBCBACCACADAACCCBABADBCCAAABBCCBB	['D13B', 'B41C', 'B64C']	3	-4.784654	-7.544257	-10.402036	-2.8577785
BCCDDDCDCDDCDCDDABBDABCABDBACBDCAADDCBCABACBCCABCACBCCCCCBDBACCBBBCBCBACCACACAACCCBABADBCCAABBBCCBB	['D12C', 'C19B', 'A63C', 'D77C', 'A93B']	5	-4.7846947	-7.7878323	-10.645655	-2.8578224
BCCDDDCDCDDCDCDDABBDABCABDBACBDCAADDCBCABACBCCABCACBCCCCCBDBACCBBBCBCBACCACACAACCCBABADBCCAABBBCCBB	['D12C', 'C19B', 'A63C', 'D77C', 'A93B']	5	-4.7846947	-7.7878323	-10.645655	-2.8578224
BCCDDDCDCDDCDDDDABCDABCABDBACBDCAACDCBCABACBCCABCACBCCCCCBDBACDDBBCBBBACCACADAACCCBABADBCCAAABBCCBB	['D12C', 'C14D', 'D35C', 'A63D', 'B64D', 'C69B']	6	-4.785351	-6.48621	-9.3446865	-2.8584766
BCCDDDCDCDDDDCDDABCDABCABDBACBDCAADDCBCACACBCCABCACBCCCCCBDBACDBBBCBCBACCACADAACCCBABADBCCAAABBDCBB	['B41C', 'A63D', 'C96D']	3	-4.785487	-9.032863	-11.891479	-2.8586159
BCCDDDCDCDDDDCDDABCDABCABDBACDDCAACAABCABACBCCABCACBCCCCCBDBADDBBBCBCBACCACADAACCCBABADBCCAAABBCCBB	['B30D', 'D35C', 'D36A', 'C37A', 'C62D', 'A63D']	6	-4.786235	-9.602241	-12.4616	-2.8593597
BCCDDDCDCDDDDCDDABCDABCABDBACBDCAADDCBCABACBCCABCACBCCCCCBDBACDBBBCBCBACCACADAACCCBABADBCCACABBCCBB	['A63D', 'A92C']	2	-4.787572	-8.912499	-11.773197	-2.8606977
BCCDDDCDCDDDDCDDABCDABCABDBACBDCAADDCBCABACBCCABCACBCCCCCBDBACDBBBCBCBACCACADAACCCBABADBCCACABBCCBB	['A63D', 'A92C']	2	-4.787572	-8.912499	-11.773197	-2.8606977
BCCDDDCDCDDCDCDDABCDABCABDBACBDCAADAABCACACBCCABCACBCCCCCBDBDCCCDBCBCCADCACADAACCCBABADBCCAABBBCCBB	['D12C', 'D36A', 'C37A', 'B41C', 'A61D', 'A63C', 'B64C', 'B65D', 'B70C', 'C72D', 'A93B']	11	-4.789351	-6.8329477	-9.695428	-2.8624802
BCCDDDCDCDDBDCCDABCDABCABDBACBDCAACDBBCABABBCCABCACBCCCCCBDBACABBBCBCBACCACADAACCDBABADBCCAAABBCCBB	['D12B', 'D15C', 'D35C', 'C37B', 'C43B', 'C82D']	6	-4.7910056	-8.760705	-11.624838	-2.864133
BCCDDDCDCDDBDCDDABCDABCABDBACBDCAADDCBCACACBCCABCACBCCCCCBDBACDBBBCBCBADCACACAACCCBABADBCBAABBBCCBB	['D12B', 'B41C', 'A63D', 'C72D', 'D77C', 'C90B', 'A93B']	7	-4.7910624	-8.813364	-11.677551	-2.8641872
BCCDDDCDCCDDDCDDABBDABCABDBACBDCAADDABCABACBBCABCACBCCCCCBDBACDBBBCBCBCCCACACAACCCBABADDCBAABBBCCBB	['D10C', 'C19B', 'C37A', 'C45B', 'A63D', 'A71C', 'D77C', 'B88D', 'C90B', 'A93B']	10	-4.791815	-7.0519743	-9.916913	-2.8649387
BCCDDDCDCDDBBCDDABBDABCABDBACBDCAADDCBCABACBCCABCACBCCCCCBDBACDCBBCBCBACCACADAACCCBABADBCCAAABBCCBB	['D12B', 'D13B', 'C19B', 'A63D', 'B64C']	5	-4.7919936	-6.5895953	-9.454714	-2.8651185
BCCDDDCDCDDDDADBABCDABCABDBACBDCAADDCBAABACBCCABCACBCCCCCBDCADCBBBCBCBADCACACAACCCBABADBCCAAABBCCBB	['C14A', 'D16B', 'C39A', 'B60C', 'C62D', 'A63C', 'C72D', 'D77C']	8	-4.7925825	-7.0843043	-9.950016	-2.8657117
BCCDDDCDCDDDDCDDABCDABCABDBACDDCAADDCBCABACBCCABCACBCCCCCBDBACABBBCBCBBCCACADAACCCBABADBCCAAABBCCBB	['B30D', 'A71B']	2	-4.794093	-8.565136	-11.432354	-2.867218
BCCDDDCDCDDDDCDDABBDABCABDBACBDCDADDABCABACBCCABCACBCCCCCBDBACACBBCBCBACCACADAACCCBABADBCCAAABBCCBB	['C19B', 'A33D', 'C37A', 'B64C']	4	-4.7974043	-6.7181916	-9.588722	-2.8705306
BCCDDDCDCDDDDCDDABCDABCABDBACBDCAADDABCACABBCDABCACBCCCCCBDBADDCBBCBDBACCACACAACCCBABADBCBADBBBCCBB	['C37A', 'B41C', 'C43B', 'C46D', 'C62D', 'A63D', 'B64C', 'C69D', 'D77C', 'C90B', 'A92D', 'A93B']	12	-4.7989197	-8.888031	-11.760072	-2.8720407
BCCDDDCDCDDDDCDDABCDABCABDBACBDCAADDABCABACBCCABCACBCCCCDBDBACDBBBCBBBACCACADAACCCBABADBCCAAABBCCBB	['C37A', 'C57D', 'A63D', 'C69B']	4	-4.7993116	-7.548215	-10.420659	-2.8724442
BCCDDDCDCDDBDCDDABBDABCABDBACBDCAACDABCABACBCCABCACBCCCCDBDBACDBBBCBCBACCACADAACCCBABADBCCAABBBCCBB	['D12B', 'C19B', 'D35C', 'C37A', 'C57D', 'A63D', 'A93B']	7	-4.8001075	-8.505194	-11.378431	-2.8732376
BCCDDDCDCDDBDCDDABCDABCABDBACBDCAADDABCABACBCCABCACBCCCCCBDBACDCBBCBCBACCACACAACCCBABADBCBAAABBCCBB	['D12B', 'C37A', 'A63D', 'B64C', 'D77C', 'C90B']	6	-4.800336	-7.522759	-10.396219	-2.8734603
BCCDDDCDCDDDDCDDABCDABCABDBACDDCAACACBCACACBCCABCACBCCCCCBDBADDBBBCBCBACCACACAACCCBABADBCCAABBBCCBB	['B30D', 'D35C', 'D36A', 'B41C', 'C62D', 'A63D', 'D77C', 'A93B']	8	-4.801144	-10.971943	-13.846209	-2.8742657
BCCDDDCDCDDDBCDDABCDABCABDBACDDCAACDABCABACBCCABCACBCCCCDBDBACDBBBCBCBBDCACACAACCCBABADCCCAAABBCCBB	['D13B', 'B30D', 'D35C', 'C37A', 'C57D', 'A63D', 'A71B', 'C72D', 'D77C', 'B88C']	10	-4.802832	-8.205849	-11.081807	-2.8759584
BCCDDDCDCDDBDCDDABCDABCABDBACBDCAACDABCABACBCCABCACBCCCCCBDBACDBBBCBCBACCACADAACCCBABADBCCAAABBCCBB	['D12B', 'D35C', 'C37A', 'A63D']	4	-4.8034706	-7.832071	-10.708671	-2.8765998
BCCDDDCDCDDDDCDDABCDABCABDBACBDCAADDCBCABACBCCABCACBCCCCCBDBACDBBBCBCBADCACACAACCCBABADBCCAAABBCCBB	['A63D', 'C72D', 'D77C']	3	-4.804056	-8.530689	-11.407875	-2.8771858
BCCDDDCDCDDDDCDDABCDABCABDBACDDCAACAABCACACBCCABCACBCCCCCBDBACDBBBCBCBACCACADAACCCBABADBCCAAABBCCBB	['B30D', 'D35C', 'D36A', 'C37A', 'B41C', 'A63D']	6	-4.8045545	-9.402287	-12.279964	-2.877678
BCCDDDCDCDDDDCDDABCDABCABDBACBDCAADDCBCABABBCCABCACBCCCCCBDBADDBBBCBCBACCACADAACCCBABADBCCAABBBCCBB	['C43B', 'C62D', 'A63D', 'A93B']	4	-4.806016	-9.526648	-12.405789	-2.8791418
BCCDDDCDCDDBDCDDABCDABCABDBACBDCAADDCBCABACBCCABCACBCCCCCBDBCDDBBBCBCBAACACACAACCDBABADBCCAABBBCCBB	['D12B', 'A61C', 'C62D', 'A63D', 'C72A', 'D77C', 'C82D', 'A93B']	8	-4.806035	-9.102887	-11.982048	-2.879161
BCCDDDCDCDDDBCDDABCDABCABDBACDDCAACBCBCABACBCCABCACBCCCCCBDBADACBBCBCBACCCCADAACCCBABADCCCAAABBCCBB	['D13B', 'B30D', 'D35C', 'D36B', 'C62D', 'B64C', 'A74C', 'B88C']	8	-4.806607	-8.399429	-11.279158	-2.8797283
BCCDDDCDCDDBDCDDABCDABCABDBACBDCAADDABCACACBCCABCACBCCCCCBDBACDBBBCBCBACCACADAACCCBABADBCCAAABBCCBB	['D12B', 'C37A', 'B41C', 'A63D']	4	-4.808743	-7.8412504	-10.7231245	-2.881874
BCCDDDCDCDDDDDDDABCDABCABDBACBDCAADDCBCABACBCCABCACBCCCCCBDBADCBBBCBCAACCACADAACCCBABADBCCAAABBCCBB	['C14D', 'C62D', 'A63C', 'B70A']	4	-4.8101873	-8.41061	-11.293923	-2.8833132
BCCDDDCDCDDDDDDDABCDABCABDBACBDCAADDCBCABACBCCABCACBCCCCCBDBADCBBBCBCAACCACADAACCCBABADBCCAAABBCCBB	['C14D', 'C62D', 'A63C', 'B70A']	4	-4.8101873	-8.41061	-11.293923	-2.8833132
BCCDDDCDCDDDDDDDABCDABCABDBACBDCAADDCBCABACBCCABCACBCCCCCBDBADCBBBCBCAACCACADAACCCBABADBCCAAABBCCBB	['C14D', 'C62D', 'A63C', 'B70A']	4	-4.8101873	-8.41061	-11.293923	-2.8833132
BCCDDDCDCDDDDDDDABCDABCABDBACBDCAADDCBCABACBCCABCACBCCCCCBDBADCBBBCBCAACCACADAACCCBABADBCCAAABBCCBB	['C14D', 'C62D', 'A63C', 'B70A']	4	-4.8101873	-8.41061	-11.293923	-2.8833132
BCCDDDCDCDDDDDDDABCDABCABDBACBDCAADDCBCABACBCCABCACBCCCCCBDBADCBBBCBCAACCACADAACCCBABADBCCAAABBCCBB	['C14D', 'C62D', 'A63C', 'B70A']	4	-4.8101873	-8.41061	-11.293923	-2.8833132
BCCDDDCDCDDBDCDBABBDABCABDBACBDCAADDCBCACACBCCABCACBCCCCCBDBACACBBCBCBACCACACAACCCBABADBCCAABBBCCBB	['D12B', 'D16B', 'C19B', 'B41C', 'B64C', 'D77C', 'A93B']	7	-4.810418	-7.1176395	-10.001187	-2.8835478
BCCDDDCDCDDDDCDDABCDABCABDBACBDCAADDCBCABACBCCABCACBCCCCDBDBACDBBBABCBACCACACAACCCBABADBCCAAABBCCBB	['C57D', 'A63D', 'C67A', 'D77C']	4	-4.8140674	-8.846932	-11.734131	-2.8871984
BCCDDDCDCDDDDCDDABCDABCABDBACBDCAADDCBCABACBCCABCACBCCCCDBDBACDBBBABCBACCACACAACCCBABADBCCAAABBCCBB	['C57D', 'A63D', 'C67A', 'D77C']	4	-4.8140674	-8.846932	-11.734131	-2.8871984
BCCDDDCDCDDDDCDDABCDABCABDBACBDCAADDCBCABACBCCABCACBCCCCCBDBACACBBCBCBACCACADAACCCBABADBCCAABBBCCBB	['B64C', 'A93B']	2	-4.816424	-8.153238	-11.0427885	-2.8895502
BCCDDDCDCDDDDCCDABCDABCABDBACBDCAADDCBCABACBCCABCACBCCCCCBDBACABBBCBCBACCACADAACCCBABADBCCAABBBCCBB	['D15C', 'A93B']	2	-4.8166676	-9.25589	-12.145683	-2.8897934
BCCDDDCDCDDDDCCDABCDABCABDBACBDCAADDCBCABACBCCABCACBCCCCCBDBACABBBCBCBACCACADAACCCBABADBCCAABBBCCBB	['D15C', 'A93B']	2	-4.8166676	-9.25589	-12.145683	-2.8897934
BCCDDDCDCDDDBCCDABCDABCABDBACBDCAADDCBCABACBCCABCACBCCCCCBDBACACBBCBCBACCACADAACCCBABADBCCAAABBCCBB	['D13B', 'D15C', 'B64C']	3	-4.8172746	-7.8108068	-10.701205	-2.8903985
BCCDDDCDCDDDBCCDABCDABCABDBACBDCAADDCBCABACBCCABCACBCCCCCBDBACACBBCBCBACCACADAACCCBABADBCCAAABBCCBB	['D13B', 'D15C', 'B64C']	3	-4.8172746	-7.8108068	-10.701205	-2.8903985
BCCDDDCDCDDDBCCDABCDABCABDBACBDCAADDCBCABACBCCABCACBCCCCCBDBACACBBCBCBACCACADAACCCBABADBCCAAABBCCBB	['D13B', 'D15C', 'B64C']	3	-4.8172746	-7.8108068	-10.701205	-2.8903985
BCCDDDCDCDDDBCCDABCDABCABDBACBDCAADDCBCABACBCCABCACBCCCCCBDBACACBBCBCBACCACADAACCCBABADBCCAAABBCCBB	['D13B', 'D15C', 'B64C']	3	-4.8172746	-7.8108068	-10.701205	-2.8903985
BCCDDDCDCDDBDCCDABCDABCABDBACBDCAACDBBCABACBCDABCACBCCCCCBDBACABBBCBCBACCACADAACCCBABADBCCAABBBCCBB	['D12B', 'D15C', 'D35C', 'C37B', 'C46D', 'A93B']	6	-4.8176146	-8.262275	-11.153018	-2.8907433
BCCDDDCDCDDDBCDDABCDABCABDBACDDCAACACBCABACBCCABCACBCCCCCBDBACDBBBCBCBACCACADAACCCBABADCCCAAABBCCBB	['D13B', 'B30D', 'D35C', 'D36A', 'A63D', 'B88C']	6	-4.820396	-8.635566	-11.529086	-2.8935204
BCCDDDCDCDDDDCCDABDDABCABDBACBDCAADDABCACACBCCABCACBCCCCCBDBACCBBBCBCBACCACACAACCCBABADBCCAAABBCCBB	['D15C', 'C19D', 'C37A', 'B41C', 'A63C', 'D77C']	6	-4.823363	-8.245283	-11.141774	-2.896491
BCCDDDCDCDDDBCCDABCDABCABDBACBDCAADDCBCABACBCCABCACBCCCCCBDBADDBBBCBCBABBACACAACCCBABADBCCAABBCCCBB	['D13B', 'D15C', 'C62D', 'A63D', 'C72B', 'C73B', 'D77C', 'A93B', 'B95C']	9	-4.8241715	-10.128908	-13.026203	-2.897295
BCCDDDCDCDDDDCDDABCDABCABDBACBDCAACDBBAABACBCCABCACBCCCCDBDBADCDBBCBCBBCCACACAACCCBABADBCCAABBBCCBB	['D35C', 'C37B', 'C39A', 'C57D', 'C62D', 'A63C', 'B64D', 'A71B', 'D77C', 'A93B']	10	-4.824384	-8.702498	-11.600006	-2.8975077
BCCDDDCDCDDDDCCDABCDABCABDBACBDCAADDBBCABACBCCABCACBCCCCCBDBACCBBBCBCBACCACADAACCCBABADBCCAABBBCCBB	['D15C', 'C37B', 'A63C', 'A93B']	4	-4.8271956	-8.035009	-10.935332	-2.900323
BCCDDDCDCDDDDCDDABCDABCABDBACBDCDADDABCABACBCCABCACBCCCCDBDBACACBBCBCBACCACADAACCCBABADBCCAAABBCCBB	['A33D', 'C37A', 'C57D', 'B64C']	4	-4.827431	-7.587676	-10.4882345	-2.9005585
BCCDDDCDCDDDDCDDABCAABCABDBACBDCAACACBCABACBCCABCACBCDCCCBDBACACBBCBCBBDCACADAACCCBABADBCBAABBBCCBB	['D20A', 'D35C', 'D36A', 'C54D', 'B64C', 'A71B', 'C72D', 'C90B', 'A93B']	9	-2.9009466	-5.4781	-8.379049	-2.9009495
BCCDDDCDCDDDDCDDABCDABCABDBACDDCAADDCBCABACBCCABCACBCCCCCBDBACDBBBCBCBBCCACAAAACCCBABADBCCAAABBCCBB	['B30D', 'A63D', 'A71B', 'D77A']	4	-4.828945	-8.930426	-11.832494	-2.9020681
BCCDDDCDCDDBBCCCABCDABCABDBACBDCAADDCBBABACBCCABCACBCCCCCBDBADCBBBCBABACCACADAACCCBABADBCCAAABBCCBB	['D12B', 'D13B', 'D15C', 'D16C', 'C39B', 'C62D', 'A63C', 'C69A']	8	-4.832411	-7.077193	-9.982731	-2.905538
BCCDDDCDCDDDBCDDABCDABCABDBACDDCAACACBCACACBCCABCACBCCCCCADBADDBBBCBCBACCACADAACCCBABADBCCAAABBCCBB	['D13B', 'B30D', 'D35C', 'D36A', 'B41C', 'B58A', 'C62D', 'A63D']	8	-4.8332057	-9.598205	-12.504531	-2.9063263
BCCDDDCDCDDADCDDABBDABCABDBACBDCAADDCBCABACBCCABCACBCCCCCBDBACDBBBCBCBACCACADAACCCBABADBCCAAABBCCBB	['D12A', 'C19B', 'A63D']	3	-4.833495	-8.560623	-11.467245	-2.906622
BCCDDDCDCDDDDCDDABCDABCABDBACBDCAADACBCABACBCCABCACBCDCCCBDBACDBBBCBCBBCCACADAACCCBABADBCCAAABBCCBB	['D36A', 'C54D', 'A63D', 'A71B']	4	-2.90692	-6.3409796	-9.247899	-2.9069195
BCCDDDCDCDDDDCDDABCDABCABDBACBDCAADACBCABACBCCABCACBCDCCCBDBACDBBBCBCBBCCACADAACCCBABADBCCAAABBCCBB	['D36A', 'C54D', 'A63D', 'A71B']	4	-2.90692	-6.3409796	-9.247899	-2.9069195
BCCDDDCDCDDDDCDDABCDABCABDBACBDCAADACBCABACBCCABCACBCDCCCBDBACDBBBCBCBBCCACADAACCCBABADBCCAAABBCCBB	['D36A', 'C54D', 'A63D', 'A71B']	4	-2.90692	-6.3409796	-9.247899	-2.9069195
BCCDDDCDCDDDDCDDABCDABCABDBACBDCAADDCBCABACBCCABCACBCCCCCBDBACCCBBCBCBACCACADAACCCBABADBCCAAABBCCBB	['A63C', 'B64C']	2	-4.834625	-7.3924694	-10.30022	-2.9077501
BCCDDDCDCDDDDCCDABCDABCABDBACBDCAADDCBCABACBCCABCACBCCCCCBDBACCBBBCBCBACCACADAACCCBABADBCCAAABBCCBB	['D15C', 'A63C']	2	-4.8348684	-8.495121	-11.403119	-2.907998
BCCDDDCDCDDDDCDDABCDABCABDBACDDCAACACBCABACBCDABCACBCCCCCBDBADDBBBCBBBADCACADAACCCBABADBCCAAABBCCBB	['B30D', 'D35C', 'D36A', 'C46D', 'C62D', 'A63D', 'C69B', 'C72D']	8	-4.8359485	-8.5812435	-11.490315	-2.909072
BCCDDDCDCDDDDCDDABCDABCABDBACBDCAADDABCABACBCCABCACBCCCCCBDBACBBBBCBCBACCACADAACCCBABADBCCAAABDCCBB	['C37A', 'A63B', 'B95D']	3	-4.8370495	-7.718295	-10.628474	-2.9101791
BCCDDDCDCDDDBCDDABBDABCABDBACBDCAADDCBCABACBCCABCACBCCCCCBDBACDBBBCBCCACCACADAACCCBABADBCCAAABBCCBB	['D13B', 'C19B', 'A63D', 'B70C']	4	-4.837379	-7.3956537	-10.306158	-2.9105043
BCCDDDCDCDDDDCDDABCDABCABDBACBDCAADDCBCABACBCCABCACBCCCCCBDCCCABBBCBCBACCACADAACCCBABADBCCAAABBCCBB	['B60C', 'A61C']	2	-4.837473	-8.30566	-11.216263	-2.9106026
BCCDDDCDCDDADCDDABDDABCABDBACBDCAADDCBCABACBCCABCACBCCCCCBDBACDBBBCBCBACCACACAACCCBABADBCCAAABBCCBB	['D12A', 'C19D', 'A63D', 'D77C']	4	-4.8380256	-8.700575	-11.611729	-2.9111538
BCCDDDBDCDDDDCDDABCDABCABDBACBDCAADDBBCACACBCCABCACBCCCCDBDBACDBBBCBCBACCACACAACCCBABADBCCAABBBCCBB	['C7B', 'C37B', 'B41C', 'C57D', 'A63D', 'D77C', 'A93B']	7	-4.8384533	-9.41176	-12.323342	-2.911582
BCCDDDCDCDDDDDCDABCDABCABDBACBDCAADDBBCACACBCCABCACBCCCCCBDCCCABBBCBCBACCACACAACCCBABADBCCAABBBCCBB	['C14D', 'D15C', 'C37B', 'B41C', 'B60C', 'A61C', 'D77C', 'A93B']	8	-4.8409886	-8.724461	-11.638579	-2.9141188
BCCDDDCDCDDDDCDDABCDABCABDBACBDCAADDBBCABACBCCABCACBCCCCCBDBACBBBBCBCBACCACACAACCCBABADBCCAABBBCCBB	['C37B', 'A63B', 'D77C', 'A93B']	4	-4.8423414	-8.009866	-10.925337	-2.915471
BCCDDDCDCDDDDCDDABCDABCABDBACBDCAADDBBCABACBCCABCACBCCCCCBDBACBBBBCBCBACCACACAACCCBABADBCCAABBBCCBB	['C37B', 'A63B', 'D77C', 'A93B']	4	-4.8423414	-8.009866	-10.925337	-2.915471
BCCDDDCDCDDDDCDDABCDABCABDBACBDCAADDBBCABACBCCABCACBCCCCCBDBACBBBBCBCBACCACACAACCCBABADBCCAABBBCCBB	['C37B', 'A63B', 'D77C', 'A93B']	4	-4.8423414	-8.009866	-10.925337	-2.915471
BCCDDDDDCDDDDCDDABCDABCABDBACBDCAADDCBCABACBCCABCACBCCCCCBDBACABBBCBCBACCACADAACCCBABADBCCAAABBCCBB	['C7D']	1	-4.8427725	-8.591907	-11.507806	-2.9158993
BCCDDDCDCDDDBCDDACCDABCABDBACDDCAADDABCABACBCCABCACBCCCCCBDBACDBBBCBCBBCCACADAACCCBABADCCCAAABBCCBB	['D13B', 'B18C', 'B30D', 'C37A', 'A63D', 'A71B', 'B88C']	7	-4.8460336	-7.4182243	-10.337382	-2.919158
BCCDDDCDCDDDBCDDACCDABCABDBACDDCAADDABCABACBCCABCACBCCCCCBDBACDBBBCBCBBCCACADAACCCBABADCCCAAABBCCBB	['D13B', 'B18C', 'B30D', 'C37A', 'A63D', 'A71B', 'B88C']	7	-4.8460336	-7.4182243	-10.337382	-2.919158
BCCDDDCDCDDDDCCDABCDABCABDBACBDCAADDCBCABABBCCABCACBCCCCCBDBCDDBBBCBCBADCCCADAACCCBABADBCBAABBBCCBB	['D15C', 'C43B', 'A61C', 'C62D', 'A63D', 'C72D', 'A74C', 'C90B', 'A93B']	9	-4.846732	-9.821258	-12.741113	-2.919855
BCCDDDCDCDDDDCCDABBDABCABDBACBDCAADDCBCABACBCCABCACBCCCCCBDBACACBBCBCBACCACACAACCCBABADBCCAAABBCCBB	['D15C', 'C19B', 'B64C', 'D77C']	4	-4.848928	-8.599356	-11.52141	-2.9220543
BCCDDDCDCDDDDCCDABBDABCABDBACBDCAADDCBCABACBCCABCACBCCCCCBDBACACBBCBCBACCACACAACCCBABADBCCAAABBCCBB	['D15C', 'C19B', 'B64C', 'D77C']	4	-4.848928	-8.599356	-11.52141	-2.9220543
BCCDDDCDCDDDDCDDABCDABCABDBACBDCDADDABCABACBCCABCACBCCCCCBDBACACBBCBCBACCACADAACCCBABADBCCAAABBCCBB	['A33D', 'C37A', 'B64C']	3	-4.849584	-6.9295354	-9.852246	-2.922711
BCCDDDCDCDDDDCDDABCDABCABDBACBDCDADDABCABACBCCABCACBCCCCCBDBACACBBCBCBACCACADAACCCBABADBCCAAABBCCBB	['A33D', 'C37A', 'B64C']	3	-4.849584	-6.9295354	-9.852246	-2.922711
BCCDDDCDCDDDDCDDABCDABCABDBACBDCDADDABCABACBCCABCACBCCCCCBDBACACBBCBCBACCACADAACCCBABADBCCAAABBCCBB	['A33D', 'C37A', 'B64C']	3	-4.849584	-6.9295354	-9.852246	-2.922711
BCCDDDCDCDDDDCDDABCDABCABDBACBDCAADDCBCABACBCCABCACBCCCCCBDBACBBBBCBCBACCACACAACCCBABADBCCAAABBCCBB	['A63B', 'D77C']	2	-4.8500133	-8.469977	-11.393119	-2.9231415
BCCDDDCDCDDADCDDABCDABCABDBACBDCAACACBCABACBCCABCACBCCCCCBDBADDDBBCBCBACCACADAACCCBABADBCCAAABBCCBB	['D12A', 'D35C', 'D36A', 'C62D', 'A63D', 'B64D']	6	-4.8500433	-9.240776	-12.16394	-2.9231644
BCCDDDCDCDDDDCDDABCDABCABDBACDDCCADDCBCACACBCCABCACBCCCCCBDBACDBBBCBCBACCACADAACCCBABADBCCAABBBCCBB	['B30D', 'A33C', 'B41C', 'A63D', 'A93B']	5	-4.8516173	-9.690777	-12.615519	-2.9247417
BCCDDDCDCDDDBCDDABCDABCABDBACDDCAACAABCABACBCCABCACBCCCCCBDBADDBBBCBCBAACACADAACCCBABADCCCAAABBCCBB	['D13B', 'B30D', 'D35C', 'D36A', 'C37A', 'C62D', 'A63D', 'C72A', 'B88C']	9	-4.852552	-8.142885	-11.068559	-2.9256735
BCCDDDCDCDDDBCDDABCDABCABDBACBDCDADDCBCABACBCCABCACBCCCCCBDBACACBBCBCBACCACADAACCCBABADBCCAAABBCCBB	['D13B', 'A33D', 'B64C']	3	-4.8526382	-6.7253256	-9.651092	-2.925766
BCCDDDCDCDDDDCCDABCDABCABDBACBDCAADDABCACACBCCABCACBCCCCCBDBACABBBCBCBACCACADAACCCBABADBCCAABBBCCBB	['D15C', 'C37A', 'B41C', 'A93B']	4	-4.852812	-9.077442	-12.003383	-2.9259405
BCCDDDCDCDDBDCDDABCDABCABDBACBDCDADDABCABACBCCABCACBCCCCCBDBACACBBCBCBACCACADAACCCBABADBCCAABBACCBB	['D12B', 'A33D', 'C37A', 'B64C', 'A93B', 'B95A']	6	-4.8535357	-6.7686343	-9.695298	-2.9266639
BCCDDDCDCDDDDCDDABBDABCABDBACBDCAACDABCABACBCCABCACBCCCCCBDBACDBBBCBCBADCACACAACCCBABADBCCAABBBCCBB	['C19B', 'D35C', 'C37A', 'A63D', 'C72D', 'D77C', 'A93B']	7	-4.853718	-8.358045	-11.28489	-2.9268456
BCCDDDCDCDDDDCDDABCDABCABDBACBDCAADDABCABACBCCABCACBCCCCCBDBBCBBBBCBCBADCACACAACCCBABADBCCAAABBCCBB	['C37A', 'A61B', 'A63B', 'C72D', 'D77C']	5	-4.853843	-7.4756694	-10.40264	-2.926971
BCCDDDCDCDDDDCDDABCDABCABDBACBDCAADDCBCABACBCCABCACBCCCCCBDBADCBBBCBCBACCACADAACCCBABADBCCAABBBCCBB	['C62D', 'A63C', 'A93B']	3	-4.8548965	-8.654852	-11.582874	-2.9280224
BCCDDDCDCDDDBCDDABCDABCABDBACBDCAADDCBCABACBCCABCACBCCCCCBDBACDBBBCBCBACCACACAACCCBABADBCCAAABBCCBB	['D13B', 'A63D', 'D77C']	3	-4.8549767	-8.098303	-11.026406	-2.9281034
BCCDDDCDCDDDBCDDABCDABCABDBACBDCAADDCBCABACBCCABCACBCCCCCBDBADCCBBCBCBACCACADAACCCBABADBCCAAABBCCBB	['D13B', 'C62D', 'A63C', 'B64C']	4	-4.855504	-7.2097664	-10.138393	-2.928627
BCCDDDCDCDDDDCDDABCDABCABDBACBDCAADDCBCABACBCCABCACBCCCCCBDBACABBBCBCBACCACADAACCCBABADBCCAAABBCCBB	[]	0	-4.8560233	-8.415323	-11.344474	-2.9291506
BCCDDDCDCDDDDCDDABCDABCABDBACBDCAADDCBCABACBCCABCACBCCCCCBDBACABBBCBCBACCACADAACCCBABADBCCAAABBCCBB	[]	0	-4.8560233	-8.415323	-11.344474	-2.9291506
BCCDDDCDCDDDDCDDABCDABCABDBACBDCAADDCBCABACBCCABCACBCCCCCBDBACABBBCBCBACCACADAACCCBABADBCCAAABBCCBB	[]	0	-4.8560233	-8.415323	-11.344474	-2.9291506
BCCDDDCDCDDDDCDDABCDABCABDBACBDCAADDCBCABACBCCABCACBCCCCCBDBACABBBCBCBACCACADAACCCBABADBCCAAABBCCBB	[]	0	-4.8560233	-8.415323	-11.344474	-2.9291506
BCCDDDCDCDDDDCDDABCDABCABDBACBDCAADDCBCABACBCCABCACBCCCCCBDBACABBBCBCBACCACADAACCCBABADBCCAAABBCCBB	[]	0	-4.8560233	-8.415323	-11.344474	-2.9291506
BCCDDDCDCDDDDCDDABCDABCABDBACBDCAADDCBCABACBCCABCACBCCCCCBDBACABBBCBCBACCACADAACCCBABADBCCAAABBCCBB	[]	0	-4.8560233	-8.415323	-11.344474	-2.9291506
BCCDDDCDCDDDDCDDABCDABCABDBACBDCAADDCBCABACBCCABCACBCCCCCBDBACABBBCBCBACCACADAACCCBABADBCCAAABBCCBB	[]	0	-4.8560233	-8.415323	-11.344474	-2.9291506
BCCDDDCDCDDDDCDDABCDABCABDBACBDCAADDCBCABACBCCABCACBCCCCCBDBACABBBCBCBACCACADAACCCBABADBCCAAABBCCBB	[]	0	-4.8560233	-8.415323	-11.344474	-2.9291506
BCCDDDCDCDDDDCDDABCDABCABDBACBDCAADDCBCABACBCCABCACBCCCCCBDBACABBBCBCBACCACADAACCCBABADBCCAAABBCCBB	[]	0	-4.8560233	-8.415323	-11.344474	-2.9291506
BCCDDDCDCDDDDCDDABCDABCABDBACBDCAADDCBCABACBCCABCACBCCCCCBDBACABBBCBCBACCACADAACCCBABADBCCAAABBCCBB	[]	0	-4.8560233	-8.415323	-11.344474	-2.9291506
BCCDDDCDCDDDDCDDABCDABCABDBACBDCAADDCBCABACBCCABCACBCCCCCBDBACABBBCBCBACCACADAACCCBABADBCCAAABBCCBB	[]	0	-4.8560233	-8.415323	-11.344474	-2.9291506
BCCDDDCDCDDDDCDDABCDABCABDBACBDCAADDCBCABACBCCABCACBCCCCCBDBACABBBCBCBACCACADAACCCBABADBCCAAABBCCBB	[]	0	-4.8560233	-8.415323	-11.344474	-2.9291506
BCCDDDCDCDDDDCDDABCDABCABDBACBDCAADDCBCABACBCCABCACBCCCCCBDBACABBBCBCBACCACADAACCCBABADBCCAAABBCCBB	[]	0	-4.8560233	-8.415323	-11.344474	-2.9291506
BCCDDDCDCDDDDCDDABCDABCABDBACBDCAADDCBCABACBCCABCACBCCCCCBDBACABBBCBCBACCACADAACCCBABADBCCAAABBCCBB	[]	0	-4.8560233	-8.415323	-11.344474	-2.9291506
BCCDDDCDCDDDDCDDABCDABCABDBACBDCAADDCBCABACBCCABCACBCCCCCBDBACABBBCBCBACCACADAACCCBABADBCCAAABBCCBB	[]	0	-4.8560233	-8.415323	-11.344474	-2.9291506
BCCDDDCDCDDDDCDDABCDABCABDBACBDCAADDCBCABACBCCABCACBCCCCCBDBACABBBCBCBACCACADAACCCBABADBCCAAABBCCBB	[]	0	-4.8560233	-8.415323	-11.344474	-2.9291506
BCCDDDCDCDDDDCDDABCDABCABDBACBDCAADDCBCABACBCCABCACBCCCCCBDBACABBBCBCBACCACADAACCCBABADBCCAAABBCCBB	[]	0	-4.8560233	-8.415323	-11.344474	-2.9291506
BCCDDDCDCDDDDCDDABCDABCABDBACBDCAADDCBCABACBCCABCACBCCCCCBDBACABBBCBCBACCACADAACCCBABADBCCAAABBCCBB	[]	0	-4.8560233	-8.415323	-11.344474	-2.9291506
BCCDDDCDCDDDDCDDABCDABCABDBACBDCAADDCBCABACBCCABCACBCCCCCBDBACABBBCBCBACCACADAACCCBABADBCCAAABBCCBB	[]	0	-4.8560233	-8.415323	-11.344474	-2.9291506
BCCDDDCDCDDDDCDDABCDABCABDBACBDCAADDCBCABACBCCABCACBCCCCCBDBACABBBCBCBACCACADAACCCBABADBCCAAABBCCBB	[]	0	-4.8560233	-8.415323	-11.344474	-2.9291506
BCCDDDCDCDDDDCDDABCDABCABDBACBDCAADDCBCABACBCCABCACBCCCCCBDBACABBBCBCBACCACADAACCCBABADBCCAAABBCCBB	[]	0	-4.8560233	-8.415323	-11.344474	-2.9291506
BCCDDDCDCDDDDCDDABCDABCABDBACBDCAADDCBCABACBCCABCACBCCCCCBDBACABBBCBCBACCACADAACCCBABADBCCAAABBCCBB	[]	0	-4.8560233	-8.415323	-11.344474	-2.9291506
BCCDDDCDCDDDDCDDABCDABCABDBACBDCAADDCBCABACBCCABCACBCCCCCBDBACABBBCBCBACCACADAACCCBABADBCCAAABBCCBB	[]	0	-4.8560233	-8.415323	-11.344474	-2.9291506
BCCDDDCDCDDDDCDDABCDABCABDBACBDCAADDCBCABACBCCABCACBCCCCCBDBACABBBCBCBACCACADAACCCBABADBCCAAABBCCBB	[]	0	-4.8560233	-8.415323	-11.344474	-2.9291506
BCCDDDCDCDDDDCDDABCDABCABDBACBDCAADDCBCABACBCCABCACBCCCCCBDBACABBBCBCBACCACADAACCCBABADBCCAAABBCCBB	[]	0	-4.8560233	-8.415323	-11.344474	-2.9291506
BCCDDDCDCDDDDCDDABCDABCABDBACBDCAADDCBCABACBCCABCACBCCCCCBDBACABBBCBCBACCACADAACCCBABADBCCAAABBCCBB	[]	0	-4.8560233	-8.415323	-11.344474	-2.9291506
BCCDDDCDCDDDDCDDABCDABCABDBACBDCAADDCBCABACBCCABCACBCCCCCBDBACABBBCBCBACCACADAACCCBABADBCCAAABBCCBB	[]	0	-4.8560233	-8.415323	-11.344474	-2.9291506
BCCDDDCDCDDDDCDDABCDABCABDBACBDCAADDCBCABACBCCABCACBCCCCCBDBACABBBCBCBACCACADAACCCBABADBCCAAABBCCBB	[]	0	-4.8560233	-8.415323	-11.344474	-2.9291506
BCCDDDCDCDDDDCDDABCDABCABDBACBDCAADDCBCABACBCCABCACBCCCCCBDBACABBBCBCBACCACADAACCCBABADBCCAAABBCCBB	[]	0	-4.8560233	-8.415323	-11.344474	-2.9291506
BCCDDDCDCDDDDCDDABCDABCABDBACBDCAADDCBCABACBCCABCACBCCCCCBDBACABBBCBCBACCACADAACCCBABADBCCAAABBCCBB	[]	0	-4.8560233	-8.415323	-11.344474	-2.9291506
BCCDDDCDCDDDDCDDABCDABCABDBACBDCAADDCBCABACBCCABCACBCCCCCBDBACABBBCBCBACCACADAACCCBABADBCCAAABBCCBB	[]	0	-4.8560233	-8.415323	-11.344474	-2.9291506
BCCDDDCDCDDDDCDDABCDABCABDBACBDCAADDCBCABACBCCABCACBCCCCCBDBACABBBCBCBACCACADAACCCBABADBCCAAABBCCBB	[]	0	-4.8560233	-8.415323	-11.344474	-2.9291506
BCCDDDCDCDDDDCDDABCDABCABDBACBDCAADDCBCABACBCCABCACBCCCCCBDBACABBBCBCBACCACADAACCCBABADBCCAAABBCCBB	[]	0	-4.8560233	-8.415323	-11.344474	-2.9291506
BCCDDDCDCDDDDCDDABCDABCABDBACBDCAADDCBCABACBCCABCACBCCCCCBDBACABBBCBCBACCACADAACCCBABADBCCAAABBCCBB	[]	0	-4.8560233	-8.415323	-11.344474	-2.9291506
BCCDDDCDCDDDDCDDABCDABCABDBACBDCAADDCBCABACBCCABCACBCCCCCBDBACABBBCBCBACCACADAACCCBABADBCCAAABBCCBB	[]	0	-4.8560233	-8.415323	-11.344474	-2.9291506
BCCDDDCDCDDDDCDDABCDABCABDBACBDCAADDCBCABACBCCABCACBCCCCCBDBACABBBCBCBACCACADAACCCBABADBCCAAABBCCBB	[]	0	-4.8560233	-8.415323	-11.344474	-2.9291506
BCCDDDCDCDDDDCDDABCDABCABDBACBDCAADDCBCABACBCCABCACBCCCCCBDBACABBBCBCBACCACADAACCCBABADBCCAAABBCCBB	[]	0	-4.8560233	-8.415323	-11.344474	-2.9291506
BCCDDDCDCDDDDCDDABCDABCABDBACBDCAADDCBCABACBCCABCACBCCCCCBDBACABBBCBCBACCACADAACCCBABADBCCAAABBCCBB	[]	0	-4.8560233	-8.415323	-11.344474	-2.9291506
BCCDDDCDCDDDDCDDABCDABCABDBACBDCAADDCBCABACBCCABCACBCCCCCBDBACABBBCBCBACCACADAACCCBABADBCCAAABBCCBB	[]	0	-4.8560233	-8.415323	-11.344474	-2.9291506
BCCDDDCDCDDDDCDDABCDABCABDBACBDCAADDCBCABACBCCABCACBCCCCCBDBACABBBCBCBACCACADAACCCBABADBCCAAABBCCBB	[]	0	-4.8560233	-8.415323	-11.344474	-2.9291506
BCCDDDCDCDDDDCDDABCDABCABDBACBDCAADDCBCABACBCCABCACBCCCCCBDBACABBBCBCBACCACADAACCCBABADBCCAAABBCCBB	[]	0	-4.8560233	-8.415323	-11.344474	-2.9291506
BCCDDDCDCDDDDCDDABCDABCABDBACBDCAADDCBCABACBCCABCACBCCCCCBDBACABBBCBCBACCACADAACCCBABADBCCAAABBCCBB	[]	0	-4.8560233	-8.415323	-11.344474	-2.9291506
BCCDDDCDCDDDBCDDABCDABCABDBACBDCAADDCBCABACBCDABCACBCCCCCBDBACACBBCBCBACCACADAACCCBABADBCCAABBBCCBB	['D13B', 'C46D', 'B64C', 'A93B']	4	-4.86063	-7.3166075	-10.250365	-2.9337578
BCCDDDCDCDDDDCDDABCDABCABDBACBDCAADDCBCABACBCCABCACBCCCCCBDBCCDBBBCBCAACCACADAACCCBABADBCCAAABBCCBB	['A61C', 'A63D', 'B70A']	3	-4.861095	-9.022711	-11.956933	-2.9342222
BCCDDDCDCDDDBCDDABCDABCABDBACDDCAACCBBCABACBCCABCACBCCCCCBDBACDBBBCBCBACCACADAACCCBABADBCCAAABBCCBB	['D13B', 'B30D', 'D35C', 'D36C', 'C37B', 'A63D']	6	-4.863742	-8.719265	-11.656135	-2.9368696
BCCDDDCDCDDDDCDDABCDABCABDBACBDCAACDABCABACBCCABCACBCCCCCBDBCCDBBBCBCBACCACADAACCCBABADBCCAAABBCCBB	['D35C', 'C37A', 'A61C', 'A63D']	4	-4.8641896	-8.500434	-11.437753	-2.9373188
BCCDDDCDCDDBDCDDABBDABCABDBACBDCAADDCBCACACBCCABCACBCCCCCBDBADABBBCBCBACCACADAACCCBABADBCCAAABBCCBB	['D12B', 'C19B', 'B41C', 'C62D']	4	-4.865376	-8.55991	-11.498413	-2.9385033
BCCDDDCDCDDBDCDCABBDABCABDBACBDCAADCABBACACBCCABCACBCCCCCBDBACACBBCBCBADCACACAACCCBABADBCCAAABBCCBB	['D12B', 'D16C', 'C19B', 'D36C', 'C37A', 'C39B', 'B41C', 'B64C', 'C72D', 'D77C']	10	-4.865945	-7.1075377	-10.04661	-2.9390721
BCCDDDCDCDDDDCDDABCDABCABDBACBDCAADDBBCABACBCCABCACBCCCCCBDBACCBBBCBCBACCACADAACCCBABADBCCAAABBCCBB	['C37B', 'A63C']	2	-4.866553	-7.1944437	-10.134126	-2.939682
BCCDDDCDCDDDDCDDABCDABCABDBACBDCAADDBBCABACBCCABCACBCCCCCBDBACCBBBCBCBACCACADAACCCBABADBCCAAABBCCBB	['C37B', 'A63C']	2	-4.866553	-7.1944437	-10.134126	-2.939682
BCCDDDCDCDDDDCDDABDDABCABDBACBDCAADDBBCABACBCCABCACBCCCCCBDBACDBDBCBCCACCACADAACCCBABADBCCAAABBCCBB	['C19D', 'C37B', 'A63D', 'B65D', 'B70C']	5	-4.867411	-7.489782	-10.430324	-2.9405417
BCCDDDCDCDDDDCCDABBDABCABDBACBDCAADDABCABACBCCABCACBCCCCCBDBACABBBCBCBACCACADAACCCBABADBCCAAABBCCBB	['D15C', 'C19B', 'C37A']	3	-4.8726087	-8.292082	-11.237818	-2.945736
BCCDDDCDCDDDDCDDABCDABCABDBACBDCAACDCBCABACBCCABCACBCCCCCBDCACCBBBCBCBACCACADAACCCBABADBCCAAABBDCBB	['D35C', 'B60C', 'A63C', 'C96D']	4	-4.8735414	-8.106839	-11.053508	-2.9466686
BCCDDDCDCDDDDCDDABBDABCABDBACBDCAADDCBCABACBCCABCACBCCCCCBDBACABBBCBCBACCACADAACCCBABADBCCAABBBCCBB	['C19B', 'A93B']	2	-4.8748126	-8.430306	-11.378246	-2.9479399
BCCDDDCDCDDDDDCDABCDABCABDBACBDCAADDCBCABACBCCABCACBCCCCCBDBACABBBCBCBADCACADAACCCBABADBCCAAABBCCBB	['C14D', 'D15C', 'C72D']	3	-4.8754044	-8.379036	-11.32757	-2.948534
BCCDDDCDCDDDDCDDABCDABCABDBACBDCAADDCBCABACBCCABCACBCCCCCBDBADDBBBCBCBACCACACAACCCBABADBCCAAABBCCBA	['C62D', 'A63D', 'D77C', 'B99A']	4	-4.876359	-9.555206	-12.504688	-2.949482
BCCDDDCDCDDDDCDDABCDABCABDBACBDCAADDCBCABACBCCABCACBCCCCCBDBACACBBCBCBADCACADAACCCBABADBCCAAABBCCBB	['B64C', 'C72D']	2	-4.8766794	-7.6289506	-10.578758	-2.9498076
BCCDDDCDCDDDDCDDABCDABCABDBACBDCAADDCBCABACBCCABCACBCCCCCBDBACACBBCBCBADCACADAACCCBABADBCCAAABBCCBB	['B64C', 'C72D']	2	-4.8766794	-7.6289506	-10.578758	-2.9498076
BCCDDDCDCDDDDCCDABCDABCABDBACBDCAADDCBCABACBCCABCACBCCCCCBDBACABBBCBCBADCACADAACCCBABADBCCAAABBCCBB	['D15C', 'C72D']	2	-4.876923	-8.731603	-11.681652	-2.9500494
BCCDDDCDCDDBDCDDABBDABCABDBACBDCAADDCBCACACBCCABCACBCCCCCBDBACDBBBCBCCACCACADAACCCBABADBCCAAABBCCBB	['D12B', 'C19B', 'B41C', 'A63D', 'B70C']	5	-4.8780317	-7.934286	-10.885445	-2.9511585
BCCDDDCDCCDDDCCDABCDABCABDBACDDCAADDCBCABACBCCABCACBCCCCCBDBADABBBCBCBACCACACAACCCBABADBCCAABBBCCBB	['D10C', 'D15C', 'B30D', 'C62D', 'D77C', 'A93B']	6	-4.8782153	-9.474228	-12.425566	-2.9513378
BCCDDDCDCDDBDCDDABBDABCABDBACBDCAACDCBCACACBCCABCACBCCCCCBDBACABBBCBCBACCACADAACCCBABADBCCAAABBCCBB	['D12B', 'C19B', 'D35C', 'B41C']	4	-4.878423	-8.350777	-11.302328	-2.9515514
BCCDDDCDCDDDDCDDABCDABCABDBACBDCAADDCBCABACBCCABCACBCCCCCBDBADDBBBCBCBABCACACAACCCBABADBCCAABBBCCBB	['C62D', 'A63D', 'C72B', 'D77C', 'A93B']	5	-4.8804383	-9.664425	-12.617987	-2.9535618
BCCDDDCDCDDDDCDDABCAABCABDBACDDCAADDABCABACBCCABCACBCCCCCBDBACABBBCBCBBCCACADAACCCBABADBCCAAABBCCBB	['D20A', 'B30D', 'C37A', 'A71B']	4	-4.881393	-7.293371	-10.2478895	-2.9545183
BCCDDDCDCDDBDCDDABCDABCABDBACBDCAADDABCACACBCCABCACBCCCCCBDBADDBBBCBBBACCACADAACCCBABADBCCAAABBCCBB	['D12B', 'C37A', 'B41C', 'C62D', 'A63D', 'C69B']	6	-4.8829956	-7.246005	-10.202128	-2.9561234
BCCDDDCDCDDBDCCDABCDABCABDBACBDCAACDBBCABACBCCABCACBCCCCCBDBACABBBCBCBACCACADAACCCBABADBCCAAABBCCBB	['D12B', 'D15C', 'D35C', 'C37B']	4	-4.884583	-8.142231	-11.099945	-2.957714
BCCDDDCDCBDDBCDDABCDABCABDBACBDCAADDBBCABACBCDABCACBCBCCCBDBADDBBBCBCBACCACAAAACCCBBBADDCCAABBBCCBB	['D10B', 'D13B', 'C37B', 'C46D', 'C54B', 'C62D', 'A63D', 'D77A', 'A84B', 'B88D', 'A93B']	11	-4.173411	-4.7312775	-7.6893024	-2.958025
BCCDDDCDCDDDDCDDABBDABCABDBACBDCAADDABCABACBCCABCACBCCCCCBDBACDBBBCBCBAACACACAACCCBABADBCCAABBBCCBB	['C19B', 'C37A', 'A63D', 'C72A', 'D77C', 'A93B']	6	-4.885041	-7.8033056	-10.761476	-2.95817
BCCDDDCDCDDDDCCDABCDABCABDBACBDCAADDABCACACBCCABCACBCCCCCBDBACCBBBCBCBAACACADAACCCBABADBCCAAABBCCBB	['D15C', 'C37A', 'B41C', 'A63C', 'C72A']	5	-4.885343	-7.8024855	-10.76096	-2.9584742
BCCDDDCDCDDADCDDABCDABCABDBACBDCAADDCBCABACBCCABCACBCCCCCBDBACDBBBCBCBACCACADAACCCBABADBCCAAABBCCBB	['D12A', 'A63D']	2	-4.885673	-8.771966	-11.730765	-2.9587994
BCCDDDCDCDDDDCDDABCDABCABDBACBDCAADDCBCABACBCCABCACBCCCCDBDBACDBBBCBBBACCACACAACCCBABADBCCAAABBCCBB	['C57D', 'A63D', 'C69B', 'D77C']	4	-4.8861966	-8.343899	-11.303228	-2.9593296
BCCDDDCDCDDDBCDDABCDABCABDBACBDCAADDCBCABACBCCABCACBCCCCCBDBACDBBBCBBBACCBCACAACCCBABADBCCAAABBCCBB	['D13B', 'A63D', 'C69B', 'A74B', 'D77C']	5	-4.886649	-6.7384424	-9.69822	-2.9597778
BCCDDDCDCDDDDCDDABCDABCABDBACBDCAACDABCABACBCCABCACBCCCCCBDBACABBBCBCBACCACADAACCCBABADBCCAAABBCCBB	['D35C', 'C37A']	2	-4.8868966	-8.227696	-11.187725	-2.9600286
BCCDDDCDCDDDDCDDABCDABCABDBACDDCAACDCBCABACBCCABCACBCCCCDBDBACDBBBCBCBCCCACACAACCCBABADCCCAABBBCCBB	['B30D', 'D35C', 'C57D', 'A63D', 'A71C', 'D77C', 'B88C', 'A93B']	8	-4.8888764	-9.997545	-12.959552	-2.9620066
BCCDDDCDCDDDBCCDCBCDABCABDBACDDCAADACBCACACBCCABCACBCCCCCBDBACDCBBCBCBACCACADAACCCBABADBCCAAABBCCBB	['D13B', 'D15C', 'A17C', 'B30D', 'D36A', 'B41C', 'A63D', 'B64C']	8	-4.889117	-9.238014	-12.20025	-2.9622355
BCCDDDCDCDDDBCDDABCDABCABDBACBDCAADDCBCABACBCCABCACBCCCCCBDBACDBBBCBCCACCACADAACCCBABADBCCAAABBCCBB	['D13B', 'A63D', 'B70C']	3	-4.889559	-7.606997	-10.569683	-2.962686
BCCDDDCDCCDDDCDDABCDABCABDBACBDDAADDCBCABACBCDBBCACBCCCCCBDBADDBBBCBCBACCACACAACCCBABADBCCADBBCCCBB	['D10C', 'C32D', 'C46D', 'A47B', 'C62D', 'A63D', 'D77C', 'A92D', 'A93B', 'B95C']	10	-4.890923	-7.560363	-10.524408	-2.9640455
BCCDDDCDCDDDDCDDABCDABCABDBACBDCAADDABCACACBCCABCACBCCCCCBDBACABBBCBCBACCACADAACCCBABADBCCAAABBCCBB	['C37A', 'B41C']	2	-4.8921685	-8.2368765	-11.202174	-2.9652977
BCCDDDCDCDDDDCDDABCDABCABDBACBDCAADDABCACACBCCABCACBCCCCCBDBACABBBCBCBACCACADAACCCBABADBCCAAABBCCBB	['C37A', 'B41C']	2	-4.8921685	-8.2368765	-11.202174	-2.9652977
BCCDDDCDCDDDDCDDABBDABCABDBACBDCAADDCBCABACBCCABCACBCCCCCBDBACCBBBCBCBACCACADAACCCBABADBCCAAABBCCBB	['C19B', 'A63C']	2	-4.8930135	-7.669537	-10.635677	-2.9661403
BCCDDDCDCDDBDCDDABCDABCABDBACBDCAADDABCABACBCCABCACBCCCCDBDBDCBBBBCBCBAACACADAACCCBABADBCCAAABBCCBB	['D12B', 'C37A', 'C57D', 'A61D', 'A63B', 'C72A']	6	-4.8939996	-7.2678976	-10.235028	-2.9671307
BCCDDDCDCCDDDCDDABCDABCABDBACBDCAADDCBCACABBCCABCACBCCCCCBDBADDBBBCBCBACBACACAACCCBABAABCCAABBBCCBB	['D10C', 'B41C', 'C43B', 'C62D', 'A63D', 'C73B', 'D77C', 'D87A', 'A93B']	9	-4.8941135	-10.234556	-13.201793	-2.9672365
BCCDDDCDCDDDDCDDABCDABCABDBACBDCAADDBBCABACBCCABCACBCCCCCBDBACDBBBCBCCACCACACAACCCBABADBCCAAABBCCBB	['C37B', 'A63D', 'B70C', 'D77C']	4	-4.8947496	-7.920453	-10.888331	-2.9678783
AAADDDCDCDDDBCDDABCDABCABDBACDDCAACABBCABACBCDABCACBCDCCCBDBADDBBBCBCBCCCACADAACCCBABADCCBAAABBCCBB	['B1A', 'C2A', 'C3A', 'D13B', 'B30D', 'D35C', 'D36A', 'C37B', 'C46D', 'C54D', 'C62D', 'A63D', 'A71C', 'B88C', 'C90B']	15	-2.9688978	-6.1449485	-9.113847	-2.9688983
BCCDDDCDCDDDDCDDABCDABCABDBACBDCAADDCBCABABBCCABCACBCCCCCBDBACDBBBCBCBACCACADAACCCBABADBCCAAABBCCBB	['C43B', 'A63D']	2	-4.8963113	-8.752675	-11.722113	-2.9694376
BCBDDDCACDDDDCDDABCDABCABDBACBDCAADDCBCABACBCCABCACBCCCCCBDBADDBDBCBCBACCACACAACCCBABADBCCAABBBCCBB	['C3B', 'D8A', 'C62D', 'A63D', 'B65D', 'D77C', 'A93B']	7	-4.8984046	-9.974886	-12.946414	-2.971528
BCCDDDCDCDDDDCCDABCDABCABDBACDDCAADACBCACACBCCABCACBCCCCCBDBACDBBBCBBBACCACADAACCCBABADBCCAAABBCCBB	['D15C', 'B30D', 'D36A', 'B41C', 'A63D', 'C69B']	6	-4.8988748	-9.06126	-12.033258	-2.9719982
AAAADDCDCDDDBCDDABCDABCABDBACBDCAACDABCABACBCBABCACBCCCCDBDCACDBBBCBCBACCACADAACCCBABADDCCAAABBCCBB	['B1A', 'C2A', 'C3A', 'D4A', 'D13B', 'D35C', 'C37A', 'C46B', 'C57D', 'B60C', 'A63D', 'B88D']	12	-4.899595	-8.248207	-11.22093	-2.972723
BCCDDDCDCDDADCDDABCDABCABDBACBDCAADDCBCABACBCCABCACBCCCCCBDBADBBBBCBCBACCACADAACCCBABADBCCAAABBCCBB	['D12A', 'C62D', 'A63B']	3	-4.9015903	-8.960939	-11.935656	-2.9747162
BCCDDDCDCDDCDDDDABCDABCABDBACBDCAADDABCABACBCCABCACBCCCCCBDBCCDBBBCBCBACCACACAACCCBABADBCCAABBBCCBB	['D12C', 'C14D', 'C37A', 'A61C', 'A63D', 'D77C', 'A93B']	7	-4.902569	-7.9276514	-10.903348	-2.9756966
BCCDDDCDCDDDDCDDABCDABCABDBACBDCAADDBBCABACBCCABCACBCCCCCBDBACBBBBCBCBADCACACAACCCBABADBCCAAABBCCBB	['C37B', 'A63B', 'C72D', 'D77C']	4	-4.902597	-7.4855785	-10.461306	-2.975727
BCCDDDCDCDDDDCCDABCDABCABDBACBDCAACDABCABACBCCABCACBCCCCCBDBADDDBBCBCBACCACADAACCCBABADBCCAAABBCCBB	['D15C', 'D35C', 'C37A', 'C62D', 'A63D', 'B64D']	6	-4.904113	-8.994993	-11.972228	-2.9772348
BCCDDDCDCDDADCDDABBDABCABDBACBDCAADDCBCABACBCCABCACBCCCCCBDBACDBBBCBCBACCACADAACCCBABADBCCAABBBCCBB	['D12A', 'C19B', 'A63D', 'A93B']	4	-4.9044633	-8.786948	-11.764538	-2.9775896
BCCDDDCDCDDDBDDDABCDABCABDBACBDCAACDABCABACBCCABCACBCCCCCBDBACDCBBCBCBADCACACAACCCBABADBCCAAABBCCBB	['D13B', 'C14D', 'D35C', 'C37A', 'A63D', 'B64C', 'C72D', 'D77C']	8	-4.904987	-6.771737	-9.749849	-2.9781122
BCCDDDCDCDDDDCCDABCDABCABDBACBDCAADDCBCABACBCCABCACBCCCCCBDBACCBBBCBCBACCACADAACCCBABADBCCAABBBCCBB	['D15C', 'A63C', 'A93B']	3	-4.9058366	-8.721447	-11.700412	-2.9789648
BCCDDDCDCDDBDCDDABCDABCABDBACBDCAADDCBCABACBCCABCACBCCCCDBDBACDCBBCBCBACCACACAACCCBABADBCCAAABBCCBB	['D12B', 'C57D', 'A63D', 'B64C', 'D77C']	5	-4.905853	-8.458973	-11.437952	-2.978979
BCCDDDCDCDDDDCDDABCDABCABDBACBDCAACDABCABACBCCABCACBCCCCCBDBACDBBBCBCBADCACACAACCCBABADBCCAABBBCCBB	['D35C', 'C37A', 'A63D', 'C72D', 'D77C', 'A93B']	6	-4.9058976	-8.569388	-11.548415	-2.9790268
BCCDDDCDCDDDDCDDABCDABCABDBACBDCAADDCBCABACBCCABCACBCCCCDBDBACDBBBCBCBACCACADAACCCBABADBCCAAABBDCBB	['C57D', 'A63D', 'C96D']	3	-4.906279	-9.343311	-12.32272	-2.9794083
BCCDDDCDCDDDDCDDABCDABCABDBACBDCAACDCBCABACBCCABCACBCCCCCBDBADDDBBCBCBACCACADAACCCBABADBCCAABBBCCBB	['D35C', 'C62D', 'A63D', 'B64D', 'A93B']	5	-4.906317	-9.133217	-12.112657	-2.9794397
BCCDDDCDCDDABCDDABCDABCABDBACBDCAADDCBCABACBCCABCACBCCCCCBDBADDBBBCBCBACCACADAACCCBABADBCCAAABBCCBB	['D12A', 'D13B', 'C62D', 'A63D']	4	-4.9065523	-8.589266	-11.568942	-2.9796762
BCCDDDCDCDDDDCDDABBDABCABDBACBDCAADDABAACACBCCABCACBCCCCCBDBACDBBBCBCBACCACACAACCCBABADBCCAAABBCCBB	['C19B', 'C37A', 'C39A', 'B41C', 'A63D', 'D77C']	6	-4.907169	-8.857397	-11.837692	-2.9802952
BCCDDDCDCDDDDCDDABBDABCABDBACBDCAADDCBCABACBCCABCACBCCCCCBDBACCBBBCBCBAACACADAACCCBABADBCCAAABBCCBB	['C19B', 'A63C', 'C72A']	3	-4.907343	-7.1553473	-10.13582	-2.980473
BCCDDDCDCDDDDCDDABCDABCABDBACBDCAADDCBCABACBCCABCACBCCCCCBDBACDBBBCBBBACCACACAACCCBABADBCCAAABBCCBB	['A63D', 'C69B', 'D77C']	3	-4.9083505	-7.6857586	-10.667237	-2.9814787
BCCDDDCDCDDDDCDDABCDABCABDBACBDCAADDCBCABACBCCABCACBCCCCCBDBACDBBBCBBBACCACACAACCCBABADBCCAAABBCCBB	['A63D', 'C69B', 'D77C']	3	-4.9083505	-7.6857586	-10.667237	-2.9814787
AAAADDCDCDDDBCCDABCDABCABDBACBDCAADDABCABACBCCABCACBCCCCCBDBACABBBCBCBACCACADAACCCBABADBCCAAABBCCBB	['B1A', 'C2A', 'C3A', 'D4A', 'D13B', 'D15C', 'C37A']	7	-4.909203	-7.6075964	-10.589925	-2.9823284
BCCDDDCDCDDDDCDDABCDABCABDBACBDCAADDABCACACBCCABCACBCCCCCBDBACDBBBCBCBADCACACAACCCBABADBCCAABBBCCBB	['C37A', 'B41C', 'A63D', 'C72D', 'D77C', 'A93B']	6	-4.9111695	-8.578568	-11.562868	-2.9842997
BCCDDDCDCDDDBCDDABCDABCABDBACDDCAADDABCABACBCCABCACBCCCCCBDBACDBBBCBCBBCCACACAACCCBABADCCCAABBBCCBB	['D13B', 'B30D', 'C37A', 'A63D', 'A71B', 'D77C', 'B88C', 'A93B']	8	-4.9129467	-7.7334843	-10.719555	-2.9860706
BCCDDDCDCDDDBCDDABCDABCABDBACDDCAACDABCABACBCCABCACBCCCCDBDBACDBBBCBCBCCCACADAACCCBABADCCCAAABBCCBB	['D13B', 'B30D', 'D35C', 'C37A', 'C57D', 'A63D', 'A71C', 'B88C']	8	-4.9131656	-8.245187	-11.231483	-2.9862967
BCCDDDCDCCDDBCDDABCAABCABDBACBDCAADDCBCABACBCDABCACBCCCCCBDBACDBBBCBCBACCCCACAACCCBABADDCCAAABBCCBB	['D10C', 'D13B', 'D20A', 'C46D', 'A63D', 'A74C', 'D77C', 'B88D']	8	-4.916743	-5.9186397	-8.908512	-2.9898725
BCCDDDCDCDDDDCDDABCDABCABDBACBDCAACDBBCABACBCCABCACBCCCCCBDBACDDBBCBCBACCACADAACCCBABADBCCAAABBCCBB	['D35C', 'C37B', 'A63D', 'B64D']	4	-4.917972	-7.6728077	-10.663904	-2.9910965
BCCDDDCDCDDBBCDDABCDABCABDBACDDCAADDCBCABACBCCABCACBCCCCCBDBACDCBBCBCBBCCACACAACCCBABADCCCAAABBCCBB	['D12B', 'D13B', 'B30D', 'A63D', 'B64C', 'A71B', 'D77C', 'B88C']	8	-4.9180617	-7.005478	-9.996664	-2.9911861
BCCDDDCDCDDDDCDDABCDABCABDBACBDCAADDABCABACBCCABCACBCCCCCBDBACBCBBCBCBACCACACAACCCBABADBCCAAABBCCBB	['C37A', 'A63B', 'B64C', 'D77C']	4	-4.918535	-7.455428	-10.447089	-2.991661
AAADDDCDCDDDDCDDABCDABCABDBACBDCAADDABCABACBCCABCACBCCCCCBDBACACBBCBBBADCACACAACCCBABADBCCAAABBCCBB	['B1A', 'C2A', 'C3A', 'C37A', 'B64C', 'C69B', 'C72D', 'D77C']	8	-4.9186473	-6.0640836	-9.055863	-2.9917798
BCCDDDCDCDDDDCDDABCDABCABDBACBDCAADDCBCABACBCCABCACBCCCCCBDBACDBBBCBCBADCACADAACCCBABADBCCACABBCCBB	['A63D', 'C72D', 'A92C']	3	-4.9187956	-8.614537	-11.60646	-2.9919224
BCCDDDCDCDDDDCDDABCDABCABDBACBDCAADDCBCABACBCCABCACBCCCCCBDBACBBBBCBCBACCACACAACCCBABADBCCAABBBCCBB	['A63B', 'D77C', 'A93B']	3	-4.9209814	-8.696302	-11.690412	-2.9941092
BCCDDDCDCDDDDCDDABCDABCABDBACBDCAADDCBCABACBCCABCACBCCCCCBDBACBBBBCBCBACCACACAACCCBABADBCCAABBBCCBB	['A63B', 'D77C', 'A93B']	3	-4.9209814	-8.696302	-11.690412	-2.9941092
BCCDDDCDCDDDDCDDABCDABCABDBACBDCAADDABCABACBCCABCACBCCCCCBDBACDBBBCBABACCACACAACCCBABADBCCAACBBCCBB	['C37A', 'A63D', 'C69A', 'D77C', 'A93C']	5	-4.921681	-8.716097	-11.710904	-2.9948072
BCCDDDCDCDDDBCCDABCDABCABDBACBDCAADDCBCABACBCCABCACBCCCCCBDBACBBBBCBCBACCACACAACCCBABADBCCAAABBCCBB	['D13B', 'D15C', 'A63B', 'D77C']	4	-4.9218326	-8.353871	-11.348828	-2.994957
BCCDDDCDCDDDDCCDABBDABCABDBACBDCAADDCBCACACBCCABCACBCCCCCBDBACABBBCBCCACCACADAACCCBABADBCCAABBBCCBB	['D15C', 'C19B', 'B41C', 'B70C', 'A93B']	5	-4.9221	-9.170477	-12.165704	-2.9952269
BCCDDDCDCDDDDCCDABCDABCABDBACBDCAACDBBCABACBCCABCACBCCCCCBDBACDBDBCBCCACCACADAACCCBABADBCCAAABBCCBB	['D15C', 'D35C', 'C37B', 'A63D', 'B65D', 'B70C']	6	-4.922494	-8.783473	-11.779098	-2.9956245
BCCDDDCDCDDDDCCDABCDABCABDBACBDCAACDBBCABACBCCABCACBCCCCCBDBACDBDBCBCCACCACADAACCCBABADBCCAAABBCCBB	['D15C', 'D35C', 'C37B', 'A63D', 'B65D', 'B70C']	6	-4.922494	-8.783473	-11.779098	-2.9956245
AAADDDCDCDDDDCDDABCDABCABDBACBDCAADDCBCABACBCCABCACBCBCCCBDBACBBBBCBCBACCACACAACCCBABADBCCAAABBCCBB	['B1A', 'C2A', 'C3A', 'C54B', 'A63B', 'D77C']	6	-4.2114	-7.5931106	-10.589124	-2.9960132
BCCDDDCDCDDDDCDDABCDABCABDBACBDCAADDABCABACBCCABCACBCCCCCBDBACDBBBCBCBACCACACAACCCBABADBCCAABBBCCBB	['C37A', 'A63D', 'D77C', 'A93B']	4	-4.9228907	-8.528837	-11.5248575	-2.9960203
BCCDDDCDCDDDDDCDABCDABCABDBACBDCAADDABCABACBCCABCACBCCCCCBDBACABBBCBCBACCACADAACCCBABADBCCAAABBCCBB	['C14D', 'D15C', 'C37A']	3	-4.9232697	-8.150859	-11.147259	-2.9963999
BCCDDDCDCDDABDDDABCDABCABDBACBDCAADDCBCACACBCCABCACBCCCCCBDBACDBBBCBCBACCACADAACCCBABADBCCAAABBCCBB	['D12A', 'D13B', 'C14D', 'B41C', 'A63D']	5	-4.923354	-8.036745	-11.033224	-2.996479
BCCDDDCDCDDDDCDDABCDABCABDBACBDCAADDCBDABACBCCABCACBCCCCCBDBACDBBBCBCBACCACACAACCCBABADBCCAAABBCCBB	['C39D', 'A63D', 'D77C']	3	-4.9240465	-8.938648	-11.935823	-2.9971752
BCCDDDCDCDDDDCDDABCDABCABDBACBDCAADDABCABACBCCABCACBCCCCCBDBACACBBCBCBACCACADAACCCBABADBCCAAABBCCBB	['C37A', 'B64C']	2	-4.924546	-7.400774	-10.398448	-2.997674
BCCDDDCDCDDDDCDDABCDABCABDBACBDCAADDABCABACBCCABCACBCCCCCBDBACACBBCBCBACCACADAACCCBABADBCCAAABBCCBB	['C37A', 'B64C']	2	-4.924546	-7.400774	-10.398448	-2.997674
BCCDDDCDCDDDDCDDABCDABCABDBACBDCAADDABCABACBCCABCACBCCCCCBDBACACBBCBCBACCACADAACCCBABADBCCAAABBCCBB	['C37A', 'B64C']	2	-4.924546	-7.400774	-10.398448	-2.997674
BCCDDDCDCDDDDCDDABCDABCABDBACBDCAADDABCABACBCCABCACBCCCCCBDBACACBBCBCBACCACADAACCCBABADBCCAAABBCCBB	['C37A', 'B64C']	2	-4.924546	-7.400774	-10.398448	-2.997674
BCCDDDCDCDDDDCDDABCDABCABDBACBDCAADDABCABACBCCABCACBCCCCCBDBACACBBCBCBACCACADAACCCBABADBCCAAABBCCBB	['C37A', 'B64C']	2	-4.924546	-7.400774	-10.398448	-2.997674
BCCDDDCDCDDDDCDDABCDABCABDBACBDCAADDABCABACBCCABCACBCCCCCBDBACACBBCBCBACCACADAACCCBABADBCCAAABBCCBB	['C37A', 'B64C']	2	-4.924546	-7.400774	-10.398448	-2.997674
BCCDDDCDCDDDDCDDABCDABCABDBACBDCAADDABCABACBCCABCACBCCCCCBDBACACBBCBCBACCACADAACCCBABADBCCAAABBCCBB	['C37A', 'B64C']	2	-4.924546	-7.400774	-10.398448	-2.997674
BCCDDDCDCDDDDCCDABCDABCABDBACBDCAADDABCABACBCCABCACBCCCCCBDBACABBBCBCBACCACADAACCCBABADBCCAAABBCCBB	['D15C', 'C37A']	2	-4.9247875	-8.503426	-11.501343	-2.9979172
BCCDDDCDCDDDDCCDABCDABCABDBACBDCAADDABCABACBCCABCACBCCCCCBDBACABBBCBCBACCACADAACCCBABADBCCAAABBCCBB	['D15C', 'C37A']	2	-4.9247875	-8.503426	-11.501343	-2.9979172
BCCDDDCDCDDDDCCDABCDABCABDBACBDCAADDABCABACBCCABCACBCCCCCBDBACABBBCBCBACCACADAACCCBABADBCCAAABBCCBB	['D15C', 'C37A']	2	-4.9247875	-8.503426	-11.501343	-2.9979172
BCCDDDCDCDDDDCCDABCDABCABDBACBDCAADDABCABACBCCABCACBCCCCCBDBACABBBCBCBACCACADAACCCBABADBCCAAABBCCBB	['D15C', 'C37A']	2	-4.9247875	-8.503426	-11.501343	-2.9979172
BCCDDDCDCDDDDCCDABCDABCABDBACBDCAADDABCABACBCCABCACBCCCCCBDBACABBBCBCBACCACADAACCCBABADBCCAAABBCCBB	['D15C', 'C37A']	2	-4.9247875	-8.503426	-11.501343	-2.9979172
BCCDDDCDCDDABCDDABCDABCABDBACBDCAADDCBCACACBCCABCACBCCCCCBDBACDBBBCBCBACCACADAACCCBABADBCCAAABBCCBB	['D12A', 'D13B', 'B41C', 'A63D']	4	-4.9248724	-8.389312	-11.387307	-2.9979954
BCCDDDCDCDDABCDDABCDABCABDBACBDCAADDCBCACACBCCABCACBCCCCCBDBACDBBBCBCBACCACADAACCCBABADBCCAAABBCCBB	['D12A', 'D13B', 'B41C', 'A63D']	4	-4.9248724	-8.389312	-11.387307	-2.9979954
BCCDDDCDCDDDBDDDABCDABCABDBACBDCAADDCBCABACBCCABCACBCCCCCBDBACACBBCBCBACCACADAACCCBABADBCCAAABBCCBB	['D13B', 'C14D', 'B64C']	3	-4.92608	-6.843998	-9.843202	-2.9992037
BCCDDDCDCDDDDCDDABCDABCABDBACBDCAADDCBCABACBCCABCACBCCCCCBDBACABBBCBCBACCACADAACCCBABADBCCAABBBCCBB	['A93B']	1	-4.9269915	-8.641649	-11.641767	-3.0001173
BCCDDDCDCDDDDCDDABCDABCABDBACBDCAADDCBCABACBCCABCACBCCCCCBDBACABBBCBCBACCACADAACCCBABADBCCAABBBCCBB	['A93B']	1	-4.9269915	-8.641649	-11.641767	-3.0001173
BCCDDDCDCDDDDCDDABCDABCABDBACBDCAADDCBCABACBCCABCACBCCCCCBDBACABBBCBCBACCACADAACCCBABADBCCAABBBCCBB	['A93B']	1	-4.9269915	-8.641649	-11.641767	-3.0001173
BCCDDDCDCDDDBCDDABCDABCABDBACBDCAADDCBCABACBCCABCACBCCCCCBDBACACBBCBCBACCACADAACCCBABADBCCAAABBCCBB	['D13B', 'B64C']	2	-4.927599	-7.196564	-10.1972885	-3.0007243
BCCDDDCDCDDDBCCDABCDABCABDBACBDCAADDCBCABACBCCABCACBCCCCCBDBACABBBCBCBACCACADAACCCBABADBCCAAABBCCBB	['D13B', 'D15C']	2	-4.927842	-8.299217	-11.300188	-3.0009708
BCCDDDCDCDDDDCDDABCDABCABDBACDDCAADDCBCABACBCCABCACBCCCCCBDBADCBBBCBCBBCCACACAACCCBABADCCCAABBBCCBB	['B30D', 'C62D', 'A63C', 'A71B', 'D77C', 'B88C', 'A93B']	7	-4.928784	-8.85939	-11.8613	-3.0019102
BCCDDDCDCDDDDCDDACCDABCABDBACBDCAADDABCABACBCCABCACBCCCCCBDBADDBBBCBBBACCACADAACCCBABADBCCAAABBCCBB	['B18C', 'C37A', 'C62D', 'A63D', 'C69B']	5	-4.93023	-7.6183324	-10.62169	-3.0033574
BCCDDDCDCDDDDCDDACCDABCABDBACBDCAADDABCABACBCCABCACBCCCCCBDBADDBBBCBBBACCACADAACCCBABADBCCAAABBCCBB	['B18C', 'C37A', 'C62D', 'A63D', 'C69B']	5	-4.93023	-7.6183324	-10.62169	-3.0033574
BCCDDDCDCDDDDCDDACCDABCABDBACBDCAADDABCABACBCCABCACBCCCCCBDBADDBBBCBBBACCACADAACCCBABADBCCAAABBCCBB	['B18C', 'C37A', 'C62D', 'A63D', 'C69B']	5	-4.93023	-7.6183324	-10.62169	-3.0033574
BCCDDDCDCDDDBCCDABCDABCABDBACBDCAADDBBCABACBCCABCACBCCCCCBDBACABBBCBCCACCACADAACCDBABADBCCAAABBCCBA	['D13B', 'D15C', 'C37B', 'B70C', 'C82D', 'B99A']	6	-4.9315186	-7.994833	-10.999474	-3.0046406
BCCDDDCDCDDDDDCCABCDABCABDBACBDCAADDABAABACBCCABCACBCCCCCBDBACCBBBCBABACCACADAACCCBABADBCCAAABBCCBB	['C14D', 'D15C', 'D16C', 'C37A', 'C39A', 'A63C', 'C69A']	7	-4.933364	-7.1012797	-10.107769	-3.0064893
BCCDDDCDCDDDDCCDABCDABCABDBACBDCAACDABCACACBCCABCACBCCCCCBDBACABBBCBCCACCACADAACCCBABADBCCAAABBCCBB	['D15C', 'D35C', 'C37A', 'B41C', 'B70C']	5	-4.934184	-8.967869	-11.9751835	-3.0073147
BCCDDDCDCDDDDCDDABCDADCABDBACDDCAADDABCABACBCCABCACBCCCCCBDBADDBBBCBCBBDCACACAACCCBABADCCCAAABBCCBB	['B22D', 'B30D', 'C37A', 'C62D', 'A63D', 'A71B', 'C72D', 'D77C', 'B88C']	9	-4.935014	-8.440873	-11.449012	-3.0081387
BCCDDDCDCDDDBDDDAACDABCABDBACDDCAADDCBCABACBCCABCACBCCCCCBDBADCABBCBCBBCCACACAACCCBABADCCCAABBBCCBB	['D13B', 'C14D', 'B18A', 'B30D', 'C62D', 'A63C', 'B64A', 'A71B', 'D77C', 'B88C', 'A93B']	11	-4.9352226	-6.714447	-9.722792	-3.0083447
BCCDDDCDCDDDBCCDABBDABCABDBACBDCAADDABCABACBCCABCACBCCCCCBDBACCBBBCBAAACCACADAACCCBABADBCCAAABBCCBB	['D13B', 'D15C', 'C19B', 'C37A', 'A63C', 'C69A', 'B70A']	7	-4.936745	-7.2042236	-10.214094	-3.0098705
BCCDDDCDCDDDBCDDABCDABCABDBACDDCAADDCBCACACBCCABCACBCCCCCBDBADDBBBCBCBCCCACACAACCCBABADCCCAABBBCCBB	['D13B', 'B30D', 'B41C', 'C62D', 'A63D', 'A71C', 'D77C', 'B88C', 'A93B']	9	-4.937181	-9.165882	-12.176183	-3.0103006
AAADDDCDCDDBDCDDABCDABCABDBACBDCAADDCBCABACBCCABCACBCCCCCBDBACCBBBCBCBACCACACAACCCBABADBCCAAABBCCBB	['B1A', 'C2A', 'C3A', 'D12B', 'A63C', 'D77C']	6	-4.9382935	-7.445637	-10.457058	-3.0114207
BCCDDDCDCDDDBDCDABCDABCABDBACBDCAADDCBCACACBCCABCACBCCCCCBDBACACBBCBCBACCACACAACCCBABADBCCAAABBCCBB	['D13B', 'C14D', 'D15C', 'B41C', 'B64C', 'D77C']	6	-4.938787	-8.075476	-11.087387	-3.0119114
BCCDDDCDCDDDDCDDABCDABCABDBACDDCAACACBCABACBCCABCACBCCCCCBDBACDBBBCBCCACCACADAACCCBABADCCCAAABBCCBB	['B30D', 'D35C', 'D36A', 'A63D', 'B70C', 'B88C']	6	-4.938809	-9.144154	-12.156086	-3.0119324
BCCDDDCDCDDDDCDDABCDABCABDBACBDCAACDABCABACBCCABCACBCCCCCBDBACDBBBCBBBACCACACAACCCBABADBCCAAABBCCBB	['D35C', 'C37A', 'A63D', 'C69B', 'D77C']	5	-4.939223	-7.4981318	-10.510487	-3.0123549
BCCDDDCDCDDDDCDDABCDABCABDBACDDCAADAABCABACBCCABCACBCCCCDBDBACDBBBCBCBACCACADAACCCBABADCCCAAABBCCBB	['B30D', 'D36A', 'C37A', 'C57D', 'A63D', 'B88C']	6	-4.9434047	-9.159403	-12.175934	-3.016531
BCCDDDCDCDDDDCDDABCDABCABDBACBDCAACDBBCABACBCCABCACBCCCCDBDBACABBBCBCBACCACACAACCCBABADBCCAABBBCCBB	['D35C', 'C37B', 'C57D', 'D77C', 'A93B']	5	-4.9439573	-9.22141	-12.238501	-3.0170908
BCCDDDCDCDDDDCDDABCDABCABDBACBDCAADDCBCABACBCCABCACBCCCCCBDBACCBBBCBCBACCACADAACCCBABADBCCAAABBCCBB	['A63C']	1	-4.9451914	-7.880881	-10.899202	-3.0183215
BCCDDDCDCDDDDCDDABCDABCABDBACBDCAADDCBCABACBCCABCACBCCCCCBDBACCBBBCBCBACCACADAACCCBABADBCCAAABBCCBB	['A63C']	1	-4.9451914	-7.880881	-10.899202	-3.0183215
BCCDDDCDCDDDDCDDABCDABCABDBACBDCAADDCBCABACBCCABCACBCCCCCBDBACCBBBCBCBACCACADAACCCBABADBCCAAABBCCBB	['A63C']	1	-4.9451914	-7.880881	-10.899202	-3.0183215
BCCDDDCDCDDDDCDDABCDABCABDBACBDCAADDCBCABACBCCABCACBCCCCCBDBACCBBBCBCBACCACADAACCCBABADBCCAAABBCCBB	['A63C']	1	-4.9451914	-7.880881	-10.899202	-3.0183215
BCCDDDCDCDDDDCDDABCDABCABDBACBDCAADDCBCABACBCCABCACBCCCCCBDBACCBBBCBCBACCACADAACCCBABADBCCAAABBCCBB	['A63C']	1	-4.9451914	-7.880881	-10.899202	-3.0183215
BCCDDDCDCDDDDCDDABCDABCABDBACBDCAADDCBCABACBCCABCACBCCCCCBDBACCBBBCBCBACCACADAACCCBABADBCCAAABBCCBB	['A63C']	1	-4.9451914	-7.880881	-10.899202	-3.0183215
BCCDDDCDCDDDDCDDABCDABCABDBACBDCAADACBCABACBCCABCACBCCCCCBDBACDDBBCBCBACCACACAACCCBABADBCCAAABBCCBB	['D36A', 'A63D', 'B64D', 'D77C']	4	-4.946683	-8.411303	-11.431109	-3.0198069
BCCDDDCDCDDDDCDDABCDABCABDBACBDCAADDBBCABACBCCABCACBCCCCCBDBACBCDBCBCBACCACADAACCCBABADBCCAAABBCCBB	['C37B', 'A63B', 'B64C', 'B65D']	4	-4.94709	-7.2053943	-10.225613	-3.0202184
BCCDDDCDCDDBDCCDABCDABCABDBACBDCAADDCBCACACBCCABCACBCCCCCBDBACCCBBCBCBACCACADAACCCBABADBCCAAABBCCBB	['D12B', 'D15C', 'B41C', 'A63C', 'B64C']	5	-4.947096	-7.814994	-10.8352165	-3.0202227
BCCDDDCDCDDDDCDDABCDABCABDBACBDCAACDCBCABACBCCABCACBCCCCCBDBACDBBBCBDBACCACACAACCCBABADBCCAAABBCCBB	['D35C', 'A63D', 'C69D', 'D77C']	4	-4.9491725	-9.435098	-12.457397	-3.0222998
BCCDDDCDCDDBDCDDABCDABCABDBACBDCAADDCBCABACBCCABCACBCCCCCBDBACBBBBCBCBACCACADAACCCBABADBCCAAABBCCBB	['D12B', 'A63B']	2	-4.9497795	-7.6610236	-10.68393	-3.0229068
BCCDDDCDCDDBDDDDABCDABCABDBACBDCAADDABCABACBCCABCACBCCCCCBDBACDBBBCBCBACCACADAACCCBABADBCCAAABBCCBB	['D12B', 'C14D', 'C37A', 'A63D']	4	-4.950169	-7.140993	-10.1642885	-3.0232954
BCCDDDCDCDDDBCDDABCDABCABDBACDDCAACACBCABACBCCABCACBCCCCCBDBACDBBBCBCBACCACADAACCCBABADBCCAAABBCCBB	['D13B', 'B30D', 'D35C', 'D36A', 'A63D']	5	-4.9505525	-8.850385	-11.874059	-3.023674
BCCDDDCDCDDDBCDDABCDABCABDBACDDCAACACBCABACBCCABCACBCCCCCBDBACDBBBCBCBACCACADAACCCBABADBCCAAABBCCBB	['D13B', 'B30D', 'D35C', 'D36A', 'A63D']	5	-4.9505525	-8.850385	-11.874059	-3.023674
BCCDDDCDCDDDDCCDABCDABCABDBACDDCAACABBCABACBCCABCACBCCCCCBDBACDBBBCBCBACCADADAACCCBABADBCCAAABBCCBB	['D15C', 'B30D', 'D35C', 'D36A', 'C37B', 'A63D', 'C75D']	7	-4.950796	-9.664734	-12.688658	-3.0239239
BCCDDDCDCDDDDCDDABCDABCABDBACBDCAADDCBCABACBCCABCACBCCCCCBDBACACBBCBCBACCDCADAACCCBABADBCCAAABBCCBB	['B64C', 'A74D']	2	-4.9510183	-7.1859922	-10.210139	-3.024147
BCCDDDCDCDDBDCDDABCDABCABDBACBDCAADDABCABACBCCABCACBCCCCCBDBACDBBBCBCBACCACADAACCCBABADBCCAAABBCCBB	['D12B', 'C37A', 'A63D']	3	-4.951688	-7.4935594	-10.518376	-3.024817
BCCDDDCDCDDCDDDDABCDABCABDBACBDCAADDBDCACACBCCABCACBCCCCCBDBADCBBBCBCBACCACACAACCCBABADBCCAABBBCCBB	['D12C', 'C14D', 'C37B', 'B38D', 'B41C', 'C62D', 'A63C', 'D77C', 'A93B']	9	-4.955089	-7.8882484	-10.916463	-3.0282145
BCCDDDCDCDDDDDCDABCDABCABDBACBDCAADDCBCACACBCCABCACBCCCCCBDBACCBBBCBCBACCACACAACCCBABADBCCAAABBCCBB	['C14D', 'D15C', 'B41C', 'A63C', 'D77C']	5	-4.95638	-8.759792	-11.7893	-3.0295076
BCCDDDCDCDDADCDDABCDABCABDBACBDCAADDCBCABACBCCABCACBCCCCCBDBACDBBBCBCBACCACADAACCCBABADBCCAABBBCCBB	['D12A', 'A63D', 'A93B']	3	-4.956641	-8.998291	-12.028058	-3.029767
BCCDDDCDCDDDBCDDABCDABCABDBACBDCAACDABCABACBCCABCACBCCCCCBDBACDBBBCBCBACCACACAACCCBABADBCCAABBBCCBB	['D13B', 'D35C', 'C37A', 'A63D', 'D77C', 'A93B']	6	-4.956817	-8.137003	-11.166946	-3.0299435
BCCDDDCDCDDDDCDDABCDABCABDBACBDCAADDCBCACACBCCABCACBCCCCCBDBACCCBBCBCBACCACACAACCCBABADBCCAAABBCCBB	['B41C', 'A63C', 'B64C', 'D77C']	4	-4.957655	-8.0097065	-11.04049	-3.0307837
BCCDDDCDCDDDDDCDABBDABCABDBACBDCAADDCBCABACBCCABCACBCCCCCBDBACABBBCBCBACCACACAACCCBABADBCCAAABBCCBB	['C14D', 'D15C', 'C19B', 'D77C']	4	-4.957976	-8.735201	-11.766305	-3.031104
BCCDDDCDCDDDDCDDABCDABCABDBACBDCAADDCBCACABBCCABCACBCCCCCBDBCDDBBBCBCBCDCACACAACCCBABADBCCAABBBCCBB	['B41C', 'C43B', 'A61C', 'C62D', 'A63D', 'A71C', 'C72D', 'D77C', 'A93B']	9	-4.9584417	-9.573523	-12.605087	-3.0315647
BCCDDDCDCDDDDDCDABCDABCABDBACBDCAACDBBCABACBCCABCACBCCCCCBDBACACDBCBCBACCACADAACCCBABADBCCAAABBCCBB	['C14D', 'D15C', 'D35C', 'C37B', 'B64C', 'B65D']	6	-4.959017	-8.0204735	-11.052621	-3.0321474
BCCDDDCDCDDDDCDCABCDABCABDBACBDCAADDCBCABACBCCABCACBCCCCDBDBACCBBBCBCBADCACADAACCCBABADBCCAAABBCCBB	['D16C', 'C57D', 'A63C', 'C72D']	4	-4.959772	-7.4651012	-10.498002	-3.0329008
BCCDDDCDCDDDDCDDABCDABCABDBACBDCAADDCBCABACBCCABCACBCCCCCBDBADABBBCBCBACCACACAACCCBABADBCCAAABBCCBB	['C62D', 'D77C']	2	-4.9607334	-9.232515	-12.266376	-3.0338602
BCCDDDCDCDDDDCDDABCDABCABDBACBDCAADDBBCABACBCCABCACBCCCCCBDBACDBBBABCBACCDCACAACCCBABADBCCAAABBCCBB	['C37B', 'A63D', 'C67A', 'A74D', 'D77C']	5	-4.963144	-6.7614336	-9.7977085	-3.036275
BCCDDDCDCDDCDCDDABBDABCABDBACBDCAADDABCABACBCCABCACBCCCCCBDBACCBBBCBCBACCACACAACCCBABADBCCAABBBCCBB	['D12C', 'C19B', 'C37A', 'A63C', 'D77C', 'A93B']	6	-4.963783	-7.261692	-10.298604	-3.036912
BCCDDDCDCBDDDCDDABCDABCABDBACBDCAADDCBCABACBCCABCACBCCCCCBDBACABBBCBCBACCACACAACCCBABADDCCAABBBCCBB	['D10B', 'D77C', 'B88D', 'A93B']	4	-4.966439	-7.6425505	-10.682119	-3.039569
BCCDDDCDCDDDDCDDABCDABCABDBACBDCAADDCBCABACBCBABCCCBCCCCCBDBACDBBBCBCBACCACACAACCCBABADBCCAABBBCCBA	['C46B', 'A50C', 'A63D', 'D77C', 'A93B', 'B99A']	6	-4.968256	-9.592551	-12.63393	-3.041379
BCCDDDCDCDDDDCDDABCDABCABDBACBDCAADDCBCABACBCCABCACBCCCCCBDBACDBBBCBCBABCACACAACCCBABADBCCAAABBCCBB	['A63D', 'C72B', 'D77C']	3	-4.9707346	-8.890452	-11.934315	-3.0438623
BCCDDDCDCDDBDCDDABBDABCABDBACBDCAADDCBDABACBCCABCACBCCCCCBDBACDBBBCBCBACCACADAACCCBABADBCCAAABBCCBB	['D12B', 'C19B', 'C39D', 'A63D']	4	-4.971632	-7.9183507	-10.96311	-3.0447593
BCCDDDCDCDDDBCDDABCDABCABDBACDDCAADDABCABACBCCABCACBCCCCCBDBACDBBBCBCBBCCACACAACCCBABADBCCAAABBCCBB	['D13B', 'B30D', 'C37A', 'A63D', 'A71B', 'D77C']	6	-4.972135	-7.7219777	-10.767236	-3.045258
BCCDDDCDCDDDDCDDABCDABCABDBACBDCAADDBBCABACBCCABCACBCCCCCBDBACBBBBCBCBADCACACAACCCBABADBCCAABBBCCBB	['C37B', 'A63B', 'C72D', 'D77C', 'A93B']	5	-4.973565	-7.7119036	-10.758598	-3.0466948
BCCDDDCDCDDDDDDDABBDABCABDBACBDCAADDABCABACBCCABCACBCCCCCBDBACBBBBCBCBACCACACAACCCBABADBCCAAABBCCBB	['C14D', 'C19B', 'C37A', 'A63B', 'D77C']	5	-4.9754047	-7.379929	-10.42846	-3.048531
AAADDDCDCDDDDCCDABCDABCABDBACBDCAADDABCABACBCCABCACBCCCCCBDBACACBBCBBCACCACACAACCCBABADBCCAAABBCCBB	['B1A', 'C2A', 'C3A', 'D15C', 'C37A', 'B64C', 'C69B', 'B70C', 'D77C']	9	-4.977656	-6.754526	-9.805309	-3.0507832
BCCDDDCDCDDDDCDDABCDABCABDBACBDCAACDABCABACBCCABCACBCCCCCBDBADDBBBCBCBACCACACAACCCBABADBCCAABBBCCBA	['D35C', 'C37A', 'C62D', 'A63D', 'D77C', 'A93B', 'B99A']	7	-4.9781995	-9.593905	-12.645228	-3.051323
BCCDDDCDCDDDDCDDABCDABCABDBACBDCAADDCBCACACBCCABCACBCCCCCBDBACABBBCBCBACCACACAACCCBABADBCCAAABBCCBB	['B41C', 'D77C']	2	-4.9790535	-9.03256	-12.084744	-3.052184
BCCDDDCDCDDDDCCDABCDABCABDBACDDCAACDCBCACACBCCABCACBCCCCCBDBACDBBBCBCBACCACADAACCCBABADBCCAAABBCCBB	['D15C', 'B30D', 'D35C', 'B41C', 'A63D']	5	-4.9792624	-10.421641	-13.474028	-3.0523863
BCCDDDCDCDDDDCDDABCDABCABDBACDDCAADDBBCABACBCCABCACBCCCCCBDBACDBBBCBCBCCCACACAACCCBABADCCCAABBBCCBB	['B30D', 'C37B', 'A63D', 'A71C', 'D77C', 'B88C', 'A93B']	7	-4.980606	-8.314455	-11.368189	-3.0537338
BCCDDDCDCDDDDCDDABCDABCABDBACBDCAADDABCABACBCCABCACBCCCCCBDCADABDBCBCBACCACADAACCCBABADBCCAAABBCCBB	['C37A', 'B60C', 'C62D', 'B65D']	4	-4.9810996	-8.378025	-11.432258	-3.0542326
BCCDDDCDCDDDDDDDABCDABCABDBACBDCAADDABCABACBCCABCACBCCCCCBDBACDBBBCBCBADCACACAACCCBABADBCCAAABBCCBB	['C14D', 'C37A', 'A63D', 'C72D', 'D77C']	5	-4.9816275	-7.651985	-10.70674	-3.0547552
BCCDDDCDCDDDDDDDABCDABCABDBACBDCAADDABCABACBCCABCACBCCCCCBDBACDBBBCBCBADCACACAACCCBABADBCCAAABBCCBB	['C14D', 'C37A', 'A63D', 'C72D', 'D77C']	5	-4.9816275	-7.651985	-10.70674	-3.0547552
BCCDDDCDCDDDDDDDABCDABCABDBACBDCAADDABCABACBCCABCACBCCCCCBDBACDBBBCBCBADCACACAACCCBABADBCCAAABBCCBB	['C14D', 'C37A', 'A63D', 'C72D', 'D77C']	5	-4.9816275	-7.651985	-10.70674	-3.0547552
BCCDDDCDCDDDDDDDABCDABCABDBACBDCAADDABCABACBCCABCACBCCCCCBDBACDBBBCBCBADCACACAACCCBABADBCCAAABBCCBB	['C14D', 'C37A', 'A63D', 'C72D', 'D77C']	5	-4.9816275	-7.651985	-10.70674	-3.0547552
BCCDDDCDCADDDCDDABCDABCABDBACBDDAACABBCABACBCDBBCACBCCCCCBDBACDCBBABCBACCACACAACCCBABADBCBAABBBCCBB	['D10A', 'C32D', 'D35C', 'D36A', 'C37B', 'C46D', 'A47B', 'A63D', 'B64C', 'C67A', 'D77C', 'C90B', 'A93B']	13	-4.982058	-6.635762	-9.690948	-3.0551853
BCCDDDCDCDDDDCDDABBDABCABDBACBDCAADDABCABACBCCABCACBCCCCCBDBACABBBCBCBACCACADAACCCBABADBCCAAABBCCBB	['C19B', 'C37A']	2	-4.9829326	-7.677841	-10.733902	-3.0560608
BCCDDDCDCDDDDCDDABCDABCABDBACBDCAADDABCABACBCCABCACBCCCCCBDBACDBBBCBCBADCACACAACCCBABADBCCAAABBCCBB	['C37A', 'A63D', 'C72D', 'D77C']	4	-4.983146	-8.004551	-11.060827	-3.0562763
BCCDDDCDCDDDBCDDABBDABCABDBACBDCAADDCBCABACBCCABCACBCCCCCBDBACABBBCBCBACCACADAACCCBABADBCCAAABBCCBB	['D13B', 'C19B']	2	-4.985987	-7.4736323	-10.532746	-3.059114
BCCDDDCDCDDDBCDCABCDABCABDBACBDCAACDABCACACBCCABCACBCCCCCBDBACACBBCBCBACCACACAACCCBABADBCCAAABBCCBB	['D13B', 'D16C', 'D35C', 'C37A', 'B41C', 'B64C', 'D77C']	7	-4.98701	-6.850218	-9.910358	-3.0601406
BCCDDDCDCDDDDCDDABCDABCABDBACBDCAADDCBCABACBCCABCACBCCCCCBDBACABBBCBCCACCACADAACCCBABADBDCAAABBCCBB	['B70C', 'C89D']	2	-4.9892335	-8.353615	-11.415977	-3.0623617
BCCDDDCDCDDDDCDDABCDABCABDBACBDCAACDABCABACBCCABCACBCCCCCBDBACDBDBCBCBACCACADAACCCBABADBCCAAABBCCBB	['D35C', 'C37A', 'A63D', 'B65D']	4	-4.9899907	-8.551291	-11.614411	-3.06312
BCCDDDCDCDDDDCDDABBDABCABDBACBDCAADDBBCABACBCCABCACBCCCCCBDBADCBBBCBCBACCACACAACCCBABADBCCAABBBCCBB	['C19B', 'C37B', 'C62D', 'A63C', 'D77C', 'A93B']	6	-4.990051	-8.026616	-11.089797	-3.063181
BCCDDDCDCDDDBCDDABCDABCABDBACBDCAAAACBCABACBCCABCACBCCCCCBDBADDDBBCBCBADCCCADAACCCBABADBCBAABBBCCBB	['D13B', 'D35A', 'D36A', 'C62D', 'A63D', 'B64D', 'C72D', 'A74C', 'C90B', 'A93B']	10	-4.9923005	-7.707593	-10.773011	-3.0654182
BCCDDDCDCDDDDDDDABBDABCABDBACBDCAADDCBCABACBCCABCACBCCCCCBDBACACBBCBCCACCACADAACCCBABADBCCAAABBCCBB	['C14D', 'C19B', 'B64C', 'B70C']	4	-4.9923153	-7.141242	-10.206686	-3.065444
BCCDDDCDCDDDDDDDABBDABCABDBACBDCAADDCBCABACBCCABCACBCCCCCBDBACACBBCBCCACCACADAACCCBABADBCCAAABBCCBB	['C14D', 'C19B', 'B64C', 'B70C']	4	-4.9923153	-7.141242	-10.206686	-3.065444
BCCDDDCDCCDDBCDDABCDABCABDBACDDCAADDCBCABACBCDABCACBCCCCCBDBACABBBCBCBACCACACAACCCBABADCCCAAABBCCBB	['D10C', 'D13B', 'B30D', 'C46D', 'D77C', 'B88C']	6	-4.9928856	-7.034567	-10.100582	-3.0660152
BCCDDDCDCDDDDCCDABCDABCABDBACBDCAADDCBCABACBCCABCACBCCCCCBDBACDBBBCCABACCACACAACCCBABADBCCAAABBCCBB	['D15C', 'A63D', 'B68C', 'C69A', 'D77C']	5	-4.9944205	-9.446697	-12.514249	-3.0675516
BCCDDDCDCADDDCDDBBCDABCABDBACBDDAADDCBCABACBCDABCACBCCCCDBDBACDBBBCBCCACCCCADAACCCBABADBBCAAABBCCBB	['D10A', 'A17B', 'C32D', 'C46D', 'C57D', 'A63D', 'B70C', 'A74C', 'C89B']	9	-4.9946356	-7.357206	-10.42497	-3.0677638
BCCDDDCDCDDDDCDDABCDABCABDBACBDCAADDCBCABACBCCABCACBCCCBCBDBACCABBCBCBADCACADAACCCBABADBCCAAABBCCBB	['C56B', 'A63C', 'B64A', 'C72D']	4	-4.99478	-6.2161922	-9.2841015	-3.0679092
BCCDDDCDCDDDDCDDABCDABCABDBACBDCAACDCBCABACBCCABCACBCCCCCBDBACDDBBCBCBACCACADAACCCBABADBCCAAABBCCBB	['D35C', 'A63D', 'B64D']	3	-4.996612	-8.359244	-11.42898	-3.0697355
BCCDDDCDCDDDDCDDABCDABCABDBACBDCAACDCBCABACBCCABCACBCCCCCBDBACDDBBCBCBACCACADAACCCBABADBCCAAABBCCBB	['D35C', 'A63D', 'B64D']	3	-4.996612	-8.359244	-11.42898	-3.0697355
BCCDDDCDCDDDDCDDABCDABCABDBACBDCAACDCBCABACBCCABCACBCCCCCBDBACDDBBCBCBACCACADAACCCBABADBCCAAABBCCBB	['D35C', 'A63D', 'B64D']	3	-4.996612	-8.359244	-11.42898	-3.0697355
BCCDDDCDCDDDDCDDABCDABCABDBACBDCAACDCBCABACBCCABCACBCCCCCBDBACDDBBCBCBACCACADAACCCBABADBCCAAABBCCBB	['D35C', 'A63D', 'B64D']	3	-4.996612	-8.359244	-11.42898	-3.0697355
BCCDDDCDCDDDDCDDABCDABCABDBACBDDAADACBCABACBCDABCACBCCCCCBDBADDBBACBCBACCACADAACCCBABADBCCAAABBCCBB	['C32D', 'D36A', 'C46D', 'C62D', 'A63D', 'B66A']	6	-4.9972243	-9.0047245	-12.075074	-3.0703497
BCCDDDCDCDDDDCDDABBDABCABDBACBDCAADDCBCACACBCCABCACBCCCCCBDBACABBBCBCBACCACACAACCCBABADBCCAABBBCCBB	['C19B', 'B41C', 'D77C', 'A93B']	4	-4.997843	-9.047543	-12.118512	-3.0709696
BCCDDDCDCDDDDCDDABCDABCABDBACBDCAADDCBCACACBCCABCACBCCCCCBDBACDDBBCBCBACCACADAACCCBABADBCCAAABBCCBB	['B41C', 'A63D', 'B64D']	3	-5.001884	-8.368425	-11.443433	-3.0750074
BCCDDDCDCDDDDCDDABCDABCABDBACBDCAADDCBCACACBCCABCACBCCCCCBDBACACBBCBBBACCCCACAACCCBABADBCCAAABBCCBB	['B41C', 'B64C', 'C69B', 'A74C', 'D77C']	5	-5.0041194	-7.0025697	-10.079817	-3.0772471
BCCDDDCDCDDDBCDDABCDABCABDBACBDCAADDCBCABACBCCABCACBCCCCCBDBADDBBBCBCBACBACACAACCCBABADBCCAABBBCCBB	['D13B', 'C62D', 'A63D', 'C73B', 'D77C', 'A93B']	6	-5.004778	-9.997318	-13.075223	-3.0779047
BCCDDDCDCDDDDCDCABCDABCABDBACBDCAADDCBAABACBCCABCACBCCCCCBDBACBBBBCBCBACCACACAACCCBABADBCCAAABBCCBB	['D16C', 'C39A', 'A63B', 'D77C']	4	-5.005894	-8.112558	-11.191577	-3.0790186
BCCDDDCDCDDBDCDDABCDABCABDBACBDCAADDCBCABACBCCABCACBCCCCCBDBACDBBBCBBBACCACADAACCCBABADBCCAAABBCCBB	['D12B', 'A63D', 'C69B']	3	-5.0081143	-6.876806	-9.958049	-3.081243
BCCDDDCDCDDBDCDDABCDABCABDBACBDCAADDCBCABACBCCABCACBCCCCCBDBACDBBBCBBBACCACADAACCCBABADBCCAAABBCCBB	['D12B', 'A63D', 'C69B']	3	-5.0081143	-6.876806	-9.958049	-3.081243
BCCDDDCDCDDDBCDCABCDABCABDBACBDCAADDABCABACBCCABCACBCCCCCBDBADCABBCBCBACCACADAACCCBABADBCCAAABBCCBB	['D13B', 'D16C', 'C37A', 'C62D', 'A63C', 'B64A']	6	-5.19737	-5.008486	-8.278987	-3.0816169
BCCDDDCDCDDDDCDDABCDABCABDBACBDCAADDCBCABACBCCABCACBCCCCCBDBCDDBBBCBCBACCACACAACCCBABADBCCAABBBCCBB	['A61C', 'C62D', 'A63D', 'D77C', 'A93B']	5	-5.0089946	-9.731578	-12.813699	-3.082121
BCCDDDCDCDDDDCDDABCDABCABDBACBDCAADDCBCABACBCCABCACBCCCCCBDBACACBBCBCBACCACACAACCCBABADBCCAAABBCCBB	['B64C', 'D77C']	2	-5.0114307	-8.196459	-11.281018	-3.0845594
BCCDDDCDCDDDDCDDABCDABCABDBACBDCAADDCBCABACBCCABCACBCCCCCBDBACACBBCBCBACCACACAACCCBABADBCCAAABBCCBB	['B64C', 'D77C']	2	-5.0114307	-8.196459	-11.281018	-3.0845594
BCCDDDCDCDDDDCDDABCDABCABDBACBDCAADDCBCABACBCCABCACBCCCCCBDBACACBBCBCBACCACACAACCCBABADBCCAAABBCCBB	['B64C', 'D77C']	2	-5.0114307	-8.196459	-11.281018	-3.0845594
BCCDDDCDCDDDDCDDABCDABCABDBACBDCAADDCBCABACBCCABCACBCCCCCBDBACACBBCBCBACCACACAACCCBABADBCCAAABBCCBB	['B64C', 'D77C']	2	-5.0114307	-8.196459	-11.281018	-3.0845594
BCCDDDCDCDDDBCDCABCDABCABDBACBDCAADDABAABACBCCABCACBCCCCCBDCADCCBBCBCBACCACACAACCCBABADBCCAAABBCCBB	['D13B', 'D16C', 'C37A', 'C39A', 'B60C', 'C62D', 'A63C', 'B64C', 'D77C']	9	-5.0114374	-6.357134	-9.441701	-3.084567
BCCDDDCDCDDDDCCDABCDABCABDBACBDCAADDCBCABACBCCABCACBCCCCCBDBACABBBCBCBACCACACAACCCBABADBCCAAABBCCBB	['D15C', 'D77C']	2	-5.0116735	-9.299109	-12.383912	-3.0848026
BCCDDDCDCDDDDCCDABCDABCABDBACBDCAADDCBCABACBCCABCACBCCCCCBDBACABBBCBCBACCACACAACCCBABADBCCAAABBCCBB	['D15C', 'D77C']	2	-5.0116735	-9.299109	-12.383912	-3.0848026
BCCDDDCDCDDBDCDDABCDABCABDBACBDCAADDCBCABACBCCABCACBCCCCCBDBACDBBBCBCBACBACADAACCCBABADBCCAAABBCCBB	['D12B', 'A63D', 'C73B']	3	-5.0126953	-9.144742	-12.230565	-3.085823
BCCDDDCDCDDDDCDDABCDABCABDBACBDCAADDABCABACBCCABCACBCCCCCBDBACCCBBCBCBACCACADAACCCBABADBCCAAABBCCBB	['C37A', 'A63C', 'B64C']	3	-5.013714	-6.8663306	-9.953173	-3.086842
BCCDDDCDCCDDDCDDABCDABCABDBACBDCAACDCBCABACBCCABCACBCCCCCBDBACDBBBCBBBADCACADAACCCBABADDCCAAABBCCBB	['D10C', 'D35C', 'A63D', 'C69B', 'C72D', 'B88D']	6	-5.01676	-6.5276957	-9.617585	-3.0898895
BCCDDDCDCDDDBCCDABCDABCABDBACBDCAADDCBCABACBCCABCACBCCCCCBDBACCBBBCBCBACCACADAACCCBABADBCCAAABBCCBB	['D13B', 'D15C', 'A63C']	3	-5.017011	-7.764773	-10.854912	-3.090139
BCCDDDCDCDDDBCCDABCDABCABDBACBDCAADDCBCABACBCCABCACBCCCCCBDBACCBBBCBCBACCACADAACCCBABADBCCAAABBCCBB	['D13B', 'D15C', 'A63C']	3	-5.017011	-7.764773	-10.854912	-3.090139
BCCDDDCDCDDDDCDDABCDABCABDBACBDCAADDCBCABACBCCABCACBCCCCCBDBACABBBCBCBADCACACAACCCBABADBCBAABBBCCBB	['C72D', 'D77C', 'C90B', 'A93B']	4	-5.017432	-8.861298	-11.9518585	-3.090561
BCCDDDCDCDDDBCCDABCDABCABDBACDDCAADDCBCABACBCCABCACBCCCCDBDBACDCBBCBCCBBCACACAACCCBABADCCCAAABBCCBB	['D13B', 'D15C', 'B30D', 'C57D', 'A63D', 'B64C', 'B70C', 'A71B', 'C72B', 'D77C', 'B88C']	11	-5.0183034	-8.657309	-11.748735	-3.0914268
BCCDDDCDCCDBBCDDABBDABCABDBACDDCAADDCBCABACBCCABCACBCCCCCBDBACDBDBCBCBCCCACACAACCCBABADCCCAAABBCCBB	['D10C', 'D12B', 'D13B', 'C19B', 'B30D', 'A63D', 'B65D', 'A71C', 'D77C', 'B88C']	10	-5.01919	-6.312334	-9.404656	-3.0923223
BCCDDDCDCDDDDCDCABCDABCABDBACBDCAADDCBAACACBCCABCACBCCCCCBDBABBBBBCBCBACCACADAACCCBABADBCCAABBBCCBB	['D16C', 'C39A', 'B41C', 'C62B', 'A63B', 'A93B']	6	-5.020823	-8.719734	-11.813679	-3.0939445
BCCDDDCDCDDADDDDABCDABCABDBACBDCAADDBBCABACBCCABCACBCCCCCBDBDDDBBBCCCBCDCACACAACCCBABADBCCAABBBCCBB	['D12A', 'C14D', 'C37B', 'A61D', 'C62D', 'A63D', 'B68C', 'A71C', 'C72D', 'D77C', 'A93B']	11	-5.0239506	-8.227745	-11.324826	-3.0970812
BCCDDDCDCDDDDCDDABCDABCABDBACBDCAADDCBCACACBCCABCACBCCCCCBDBACACBBCBDBACCACADAACCCBABADBCCAAABBCCBB	['B41C', 'B64C', 'C69D']	3	-5.0270667	-8.542539	-11.64273	-3.100191
BCCDDDCDCDDDDCCDABCDABCABDBACBDCAACDCACACACBCCABCACBCCCCCBDBADCBBBCBCBACCACADAACCCBABAABCCAABBBCCBB	['D15C', 'D35C', 'B38A', 'B41C', 'C62D', 'A63C', 'D87A', 'A93B']	8	-5.0282087	-10.133192	-13.234523	-3.1013308
BCCDDDCDCDDDDCCDABCDABCABDBACBDCAADDABCABACBCCABCACBCCCCCBDBADABBBCBCBACCACACAACCCBABADBCCAAABBCCBB	['D15C', 'C37A', 'C62D', 'D77C']	4	-5.029498	-9.320618	-12.423244	-3.1026268
BCCDDDCDCDDDBCDDABCDABCABDBACBDCAADDCBCABACBCCABCACBCCCCCBDBACDCDBCBCBACCACADAACCCBABADBCCAAABBCCBB	['D13B', 'A63D', 'B64C', 'B65D']	4	-5.030694	-7.520158	-10.623976	-3.103818
BCCDDDCDCDDDDCDDABCDABCABDBACBDCAADDCBCABACBCCABCACBCCCCCBDBADABBBCBCBACCACACAACCCBABADBCCAABBBCCBB	['C62D', 'D77C', 'A93B']	3	-5.0317016	-9.458841	-12.563668	-3.104827
BCCDDDCDCDDDDCDDABCDABCABDBACBDCAADDCBCABACBCCABCACBCCCCCBDBCDDBDBCBCBCCCACACAACCCBABADBCCAABBBCCBB	['A61C', 'C62D', 'A63D', 'B65D', 'A71C', 'D77C', 'A93B']	7	-5.032968	-9.510035	-12.616129	-3.1060944
BCCDDDCDCDDDDCDDABCDABCABDBACBDCAACDCBCACACBCCABCACBCCCCCBDBACABBBCBCBADCACACAACCCBABADBCCAABBBCCBB	['D35C', 'B41C', 'C72D', 'D77C', 'A93B']	5	-5.0330296	-9.2994375	-12.405592	-3.1061544
BCCDDDCDCDDDBCCDABCDABCABDBACBDCAADDABAABACBCCABCACBCCCCCBDBADDCBBCBCBADCACACAACCCBABADBCCAAABBCCBB	['D13B', 'D15C', 'C37A', 'C39A', 'C62D', 'A63D', 'B64C', 'C72D', 'D77C']	9	-5.0335045	-8.366217	-11.472843	-3.1066265
BCCDDDCDCDDDDCCDABCDABCABDBACBDCAADDABCABACBCCABCACBCCCCDBDBACABBBCBCBADCACADAACCCBABADBCCAAABBCCBB	['D15C', 'C37A', 'C57D', 'C72D']	4	-5.0338593	-8.863604	-11.970593	-3.1069899
BCCDDDCDCDDDBCDDABCDABCABDBACBDCAADDABCABACBCCABCACBCCCCCBDBACDBBBCBCBACCACACAACCCBABADBCCAAABBCCBB	['D13B', 'C37A', 'A63D', 'D77C']	4	-5.034065	-7.5721655	-10.6793585	-3.107193
BCCDDDCDCDDDBCDDABCDABCABDBACBDCAADDABCABACBCCABCACBCCCCCBDBACDBBBCBCBACCACACAACCCBABADBCCAAABBCCBB	['D13B', 'C37A', 'A63D', 'D77C']	4	-5.034065	-7.5721655	-10.6793585	-3.107193
BCCDDDCDCDDDBCDDABCDABCABDBACBDCAADDABCABACBCCABCACBCCCCCBDBACDBBBCBCBACCACACAACCCBABADBCCAAABBCCBB	['D13B', 'C37A', 'A63D', 'D77C']	4	-5.034065	-7.5721655	-10.6793585	-3.107193
BCCDDDCDCDDDBCDDABCDABCABDBACBDCAADDABCABACBCCABCACBCCCCCBDBACDBBBCBCBACCACACAACCCBABADBCCAAABBCCBB	['D13B', 'C37A', 'A63D', 'D77C']	4	-5.034065	-7.5721655	-10.6793585	-3.107193
BCCDDDCDCDDDBCDDABCDABCABDBACBDCAADDABCABACBCCABCACBCCCCCBDBACDBBBCBCBACCACACAACCCBABADBCCAAABBCCBB	['D13B', 'C37A', 'A63D', 'D77C']	4	-5.034065	-7.5721655	-10.6793585	-3.107193
BCCDDDCDCDDDBCDDABCDABCABDBACBDCAADDABCABACBCCABCACBCCCCCBDBACDBBBCBCBACCACACAACCCBABADBCCAAABBCCBB	['D13B', 'C37A', 'A63D', 'D77C']	4	-5.034065	-7.5721655	-10.6793585	-3.107193
BCCDDDCDCDDDBCDDABCDABCABDBACBDCAADDABCABACBCCABCACBCCCCCBDBACDBBBCBCBACCACACAACCCBABADBCCAAABBCCBB	['D13B', 'C37A', 'A63D', 'D77C']	4	-5.034065	-7.5721655	-10.6793585	-3.107193
BCCDDDCDCDDDBCDDABCDABCABDBACBDCAADDABCABACBCCABCACBCCCCCBDBACDBBBCBCBACCACACAACCCBABADBCCAAABBCCBB	['D13B', 'C37A', 'A63D', 'D77C']	4	-5.034065	-7.5721655	-10.6793585	-3.107193
BCCDDDCDCDDDBCDDABCDABCABDBACBDCAADDABCABACBCCABCACBCCCCCBDBACDBBBCBCBACCACACAACCCBABADBCCAAABBCCBB	['D13B', 'C37A', 'A63D', 'D77C']	4	-5.034065	-7.5721655	-10.6793585	-3.107193
BCCDDDCDCDDDBCDDABCDABCABDBACBDCAADDABCABACBCCABCACBCCCCCBDBACDBBBCBCBACCACACAACCCBABADBCCAAABBCCBB	['D13B', 'C37A', 'A63D', 'D77C']	4	-5.034065	-7.5721655	-10.6793585	-3.107193
BCCDDDCDCDDDBCDDABCDABCABDBACBDCAADDABCABACBCCABCACBCCCCCBDBACDBBBCBCBACCACACAACCCBABADBCCAAABBCCBB	['D13B', 'C37A', 'A63D', 'D77C']	4	-5.034065	-7.5721655	-10.6793585	-3.107193
BCCDDDCDCDDDBCDDABCDABCABDBACBDCAADDABCABACBCCABCACBCCCCCBDBACDBBBCBCBACCACACAACCCBABADBCCAAABBCCBB	['D13B', 'C37A', 'A63D', 'D77C']	4	-5.034065	-7.5721655	-10.6793585	-3.107193
BCCDDDCDCDDDDCCDABCDABCABDBACBDCAADDCBCABACBCCABCACBCCCCCBDBACDDBBCBCBACCACADAACCCBABADBCCAAABBCCBB	['D15C', 'A63D', 'B64D']	3	-5.034504	-8.634974	-11.742601	-3.1076279
BCCDDDCDCDDDDCDDABCDABCABDBACBDCAADDABCABACBCCABCACBCCCCCBDBACABBBCBCBACCACADAACCCBABADBCCAAABBCCBB	['C37A']	1	-5.0351133	-7.889184	-10.997431	-3.1082468
BCCDDDCDCDDDDCDDABCDABCABDBACBDCAADDABCABACBCCABCACBCCCCCBDBACABBBCBCBACCACADAACCCBABADBCCAAABBCCBB	['C37A']	1	-5.0351133	-7.889184	-10.997431	-3.1082468
BCCDDDCDCDDDDCDDABCDABCABDBACBDCAADDABCABACBCCABCACBCCCCCBDBACABBBCBCBACCACADAACCCBABADBCCAAABBCCBB	['C37A']	1	-5.0351133	-7.889184	-10.997431	-3.1082468
BCCDDDCDCDDDDCDDABCDABCABDBACBDCAADDABCABACBCCABCACBCCCCCBDBACABBBCBCBACCACADAACCCBABADBCCAAABBCCBB	['C37A']	1	-5.0351133	-7.889184	-10.997431	-3.1082468
BCCDDDCDCDDDDCDDABCDABCABDBACBDCAADDABCABACBCCABCACBCCCCCBDBACABBBCBCBACCACADAACCCBABADBCCAAABBCCBB	['C37A']	1	-5.0351133	-7.889184	-10.997431	-3.1082468
BCCDDDCDCDDDDCDDABCDABCABDBACBDCAADDABCABACBCCABCACBCCCCCBDBACABBBCBCBACCACADAACCCBABADBCCAAABBCCBB	['C37A']	1	-5.0351133	-7.889184	-10.997431	-3.1082468
BCCDDDCDCDDDDCDDABCDABCABDBACBDCAADDABCABACBCCABCACBCCCCCBDBACABBBCBCBACCACADAACCCBABADBCCAAABBCCBB	['C37A']	1	-5.0351133	-7.889184	-10.997431	-3.1082468
BCCDDDCDCDDDBDDDABCDABCABDBACBDCAADDCBCABACBCCABCACBCCCCCBDBACABBBCBCBACCACADAACCCBABADBCCAAABBCCBB	['D13B', 'C14D']	2	-5.036648	-7.332409	-10.442184	-3.1097755
BCCDDDCDCDDBDCDDABBDABCABDBACBDCAADDCBCABACBCCABCACBCCCCDBDBACACBBCBCBACCACADAACCCBABADBCCAAABBCCBB	['D12B', 'C19B', 'C57D', 'B64C']	4	-5.0368633	-7.834302	-10.944293	-3.109991
BCCDDDCDCADDBCCDABCDABCABDBACDDCAADDCBCABACBCDABCACBCCCCCBDBACBBBBCBCBACCACADAACCCBABADCCCAAABBCCBA	['D10A', 'D13B', 'D15C', 'B30D', 'C46D', 'A63B', 'B88C', 'B99A']	8	-5.037483	-6.8779564	-9.9885645	-3.110608
BCCDDDCDCDDDBCDDABCDABCABDBACBDCAADDCBCABACBCCABCACBCCCCCBDBACABBBCBCBACCACADAACCCBABADBCCAAABBCCBB	['D13B']	1	-5.0381665	-7.684975	-10.796267	-3.1112914
BCCDDDCDCDDDBCDDABCDABCABDBACBDCAADDCBCABACBCCABCACBCCCCCBDBACABBBCBCBACCACADAACCCBABADBCCAAABBCCBB	['D13B']	1	-5.0381665	-7.684975	-10.796267	-3.1112914
BCCDDDCDCDDDBCDDABCDABCABDBACBDCAADDCBCABACBCCABCACBCCCCCBDBACABBBCBCBACCACADAACCCBABADBCCAAABBCCBB	['D13B']	1	-5.0381665	-7.684975	-10.796267	-3.1112914
BCCDDDCDCDDDDCDDABCDABCABDBACBDCAACDDBCACACBCCABCACBCCCCCBDBACABBBCBCBACCACADAACCCBABADBCCAAABBCCBB	['D35C', 'C37D', 'B41C']	3	-5.0395966	-8.879413	-11.992139	-3.1127262
BCCDDDCDCDDDDCDDABCDABCABDBACBDCAADDCBCABACBCCABCACBCCCCCBDBACDBBBCBCBABCACACAACCCBABADBCCAABBBCCBB	['A63D', 'C72B', 'D77C', 'A93B']	4	-5.0417027	-9.116777	-12.231607	-3.11483
BCCDDDCDCDDDBCDDABCDABCABDBACDDCAACACBCACACBBCABCACBCCCCCBDBACDBBBCBCBACCACADAACCCBABADCCCAAABBCCBB	['D13B', 'B30D', 'D35C', 'D36A', 'B41C', 'C45B', 'A63D', 'B88C']	8	-5.0422244	-8.8000965	-11.915441	-3.115344
BCCDDDCDCDDDDCDDABCDABCABDBACBDCAADDBBCABABBCCABCACBCCCCCBDBACCBBBCBCBBACADACAACCCBABADBCCAABBBCCBB	['C37B', 'C43B', 'A63C', 'A71B', 'C72A', 'C75D', 'D77C', 'A93B']	8	-5.0428114	-7.113616	-10.229556	-3.11594
BCCDDDCDCBDDBCDDABCAABCABDBACBDDDADDCBCABACBCCBBCACBCBCCCBDBACDCBBCBCBACCACADAACCCBABADBCCAAABBCCBB	['D10B', 'D13B', 'D20A', 'C32D', 'A33D', 'A47B', 'C54B', 'A63D', 'B64C']	9	-4.686798	-4.331911	-7.8033295	-3.1165314
BCCDDDCDCDDDDCDDABCDABCABDBACBDCAACDCBCABACBCCABCACBCCCCCBDBACABBBCBCBACCACACAACCCBABADBCCAABBBCCBB	['D35C', 'D77C', 'A93B']	3	-5.0447507	-9.249707	-12.367588	-3.1178808
BCCDDDCDCDDDDCDDABCDABCABDBACBDCAADDABCACACBCCABCACBCCCCCBDBACACBBCBCBACCACACAACCCBABADBCCAAABBCCBB	['C37A', 'B41C', 'B64C', 'D77C']	4	-5.047576	-8.018011	-11.138714	-3.1207027
BCCDDDCDCDDDDCDDABCDABCABDBACBDCAADDCBCABACBCCABCACBCDCCCBDBADDABBCBABBCCACADAACCCBABADBCCAAABBCCBB	['C54D', 'C62D', 'A63D', 'B64A', 'C69A', 'A71B']	6	-3.1215248	-5.222292	-8.343812	-3.12152
BCCDDDCDCDDDDCDDABCDABCABDBACBDCAADDCBCABABBCCABCACBCCCCDBDBADDBBBCBCBACCACACAACCCBABADBCCAABBBCCBB	['C43B', 'C57D', 'C62D', 'A63D', 'D77C', 'A93B']	6	-5.0498366	-10.454333	-13.577295	-3.122962
BCCDDDCDCDDDDBDDABCDABCABDBACBDCAADAABCABACBCCABCACBCCCCCBDBACACBBCBCBACCACADAACCCBABADBCCAAABBCCBB	['C14B', 'D36A', 'C37A', 'B64C']	4	-5.0503078	-7.50782	-10.631254	-3.123434
BCCDDDCDCDDBDCDDABCDABCABDBACBDCDADDCBCACACBCCABCACBCCCCCBDBACCCBBCBCBACCACADAACCCBABADBCCAABBBCCBB	['D12B', 'A33D', 'B41C', 'A63C', 'B64C', 'A93B']	6	-5.0534267	-6.955839	-10.082395	-3.1265554
BCCDDDCDCDDDDCCDABCDABCABDBACBDCAADDABCABACBCCABCACBCCCCCBDBACABBBCBCBADCACADAACCCBABADBCCAAABBCCBB	['D15C', 'C37A', 'C72D']	3	-5.0560107	-8.205463	-11.334604	-3.1291409
BCCDDDCDCDDDDCDDABCDABCABDBACBDCAADDCBCABACBCCABCACBCCCCCBDBACDCBBCBDBACCACACAACCCBABADBCCAABBBCCBB	['A63D', 'B64C', 'C69D', 'D77C', 'A93B']	5	-5.0577893	-8.8345	-11.965414	-3.1309137
BCCDDDCDCDBDDCDDABCDABCABDBACBDCAADDBBCABACBCCABCACBCCCCCBDBACBBBBCBCBACCACACAACCCBABADBCCAABBBCCBB	['D11B', 'C37B', 'A63B', 'D77C', 'A93B']	5	-5.058273	-7.5105352	-10.641935	-3.1314
BCCDDDCDCDDBDCDDABBDABCABDBACBDCAADDCBCABACBCCABCACBCCCCCBDBACACBBCBCBACCACADAACCCBABADBCCAAABBCCBB	['D12B', 'C19B', 'B64C']	3	-5.059016	-7.176161	-10.308304	-3.132143
BCCDDDCDCDDBDCDDABBDABCABDBACBDCAADDCBCABACBCCABCACBCCCCCBDBACACBBCBCBACCACADAACCCBABADBCCAAABBCCBB	['D12B', 'C19B', 'B64C']	3	-5.059016	-7.176161	-10.308304	-3.132143
BCCDDDCDCDDADCDDABCDABCABDBACBDCAADDCBCABACBCCABCACBCCCCCBDBACBBBBCBCBACCACADAACCCBABADBCCAAABBCCBB	['D12A', 'A63B']	2	-5.0628543	-8.413292	-11.549273	-3.1359806
BCCDDDCDCDDDDCDDABCDABCABDBACBDCAADDABCABACBCCABCACBCCCCDBDBACDBBBCBBBACCACACAACCCBABADBCCAAABBCCBB	['C37A', 'C57D', 'A63D', 'C69B', 'D77C']	5	-5.0652866	-7.8177605	-10.956179	-3.1384182
BCCDDDCDCDDABCDDABCDABCABDBACBDCAADDCBCABACBCCABCACBCCCCCBDBACDBBBCBCBACCACADAACCCBABADBCCAAABBCCBB	['D12A', 'D13B', 'A63D']	3	-5.067817	-8.04162	-11.182559	-3.1409388
BCCDDDCDCDDDDCDDABCDABCABDBACBDCAADDCBCACACBCCABCACBCCCCCBDBACCBBBCBCBACCACACAACCCBABADBCCAAABBCCBB	['B41C', 'A63C', 'D77C']	3	-5.0682225	-8.498117	-11.639468	-3.1413507
BCCDDDCDCDDDDDDDABBDABCABDBACBDCAADDCBCABACBCCABCACBCCCCCBDBACABBBCBCBACCACACAACCCBABADBCCAAABBCCBB	['C14D', 'C19B', 'D77C']	3	-5.0683	-8.12096	-11.262388	-3.141428
BCCDDDCDCDDDDCDCABCDABCABDBACBDCAACDCBCABACBCCABCACBCCCCCBDBACACBBCBCCACCACACAACCCBABADBCCAAABBCCBB	['D16C', 'D35C', 'B64C', 'B70C', 'D77C']	5	-5.0692806	-7.5372524	-10.679656	-3.1424036
BCCDDDCDCDDBDCDDABCDABCABDBACBDCAACDABCABACBCCABCACBCCCCCBDBACDBBBCBCBACCACACAACCCBABADBCCAAABBCCBB	['D12B', 'D35C', 'C37A', 'A63D', 'D77C']	5	-5.0694456	-8.101616	-11.244193	-3.1425772
BCCDDDCDCDDDDCCDABCDABCABDBACDDCAACAABCABACBCCABCACBCCCCCBDBACABBBCBCBCCCADADAACCCBABADCCCAABBBCCBB	['D15C', 'B30D', 'D35C', 'D36A', 'C37A', 'A71C', 'C75D', 'B88C', 'A93B']	9	-5.0702143	-9.291401	-12.434743	-3.143342
AAAADDCDCCDDDCCDABBDABCABDBACBDDAACDBBCABABBCCBBCACBCCCCDBDCACDBBBCBBBACCACADAACCCBABADBCCAAABBCCBB	['B1A', 'C2A', 'C3A', 'D4A', 'D10C', 'D15C', 'C19B', 'C32D', 'D35C', 'C37B', 'C43B', 'A47B', 'C57D', 'B60C', 'A63D', 'C69B']	16	-5.070596	-7.1782875	-10.322009	-3.1437216
BCCDDDCDCCDDDCDDABCDABCABDBACBDCAACDBBCABACBCCABCACBCDCCCBDCCCDBBBCBCBACCACADAACCCBABADBCCAAABBCCBB	['D10C', 'D35C', 'C37B', 'C54D', 'B60C', 'A61C', 'A63D']	7	-3.144403	-5.0137024	-8.158105	-3.1444025
BCCDDDCDCDDDDCDDABCDABCABDBACBDCAADDCBCABABBCCABCACBCCCCCBDBADDBBBCBCBACCACACAACCCBABADBCCAABBBCCBB	['C43B', 'C62D', 'A63D', 'D77C', 'A93B']	5	-5.071991	-9.796193	-12.941307	-3.145114
BCCDDDCDCDDDDCDDABCDABCABDBACDDCAACCCBCACACBCCABCACBCCCCCBDBACDCBBCBCCACCACACAACCCBABADBCCAAABBCCBB	['B30D', 'D35C', 'D36C', 'B41C', 'A63D', 'B64C', 'B70C', 'D77C']	8	-5.073259	-10.043117	-13.189499	-3.1463823
BCCDDDCDCDDDDCDDABCDABCABDBACDDCAADAABCABACBCCABCACBCCCCDBDBACDBBBCBCBACCACADAACCCBABADBCCAAABBCCBB	['B30D', 'D36A', 'C37A', 'C57D', 'A63D']	5	-5.073561	-9.374221	-12.52091	-3.1466894
BCCDDDCDCDDDDCDDABCDABCABDBACBDCAACDCBCABACBCCABCACBCCCCCBDBACCABBCBCBADCACADAACCCBABADBCCAAABBCCBB	['D35C', 'A63C', 'B64A', 'C72D']	4	-5.074902	-6.5338345	-9.681866	-3.1480312
BCCDDDCDCDDDDCDDABCDABCABDBACDDCAACCABCABACBCCABCACBCCCCCBDBACDBBBCBCBACCACACAACCCBABADCCCAAABBCCBB	['B30D', 'D35C', 'D36C', 'C37A', 'A63D', 'D77C', 'B88C']	7	-5.075146	-9.6646385	-12.812912	-3.1482735
BCCDDDCDCDDDDCDDABCDABCABDBACBDCAADDCBCABACBCCABCACBCCCCCBDBACCBBBCBCBADCACADAACCCBABADBCCAAABBCCBB	['A63C', 'C72D']	2	-5.076415	-7.582918	-10.732465	-3.1495466
BCCDDDCDCDDDDCDDABCDABCABDBACBDCAADDCBCABACBCCABCACBCCCCCBDBACCBBBCBCBADCACADAACCCBABADBCCAAABBCCBB	['A63C', 'C72D']	2	-5.076415	-7.582918	-10.732465	-3.1495466
BCCDDDCDCDDDDCDDABCDABCABDBACBDCAADDCBCABACBCCABCACBCCCCCBDBACCBBBCBCBADCACADAACCCBABADBCCAAABBCCBB	['A63C', 'C72D']	2	-5.076415	-7.582918	-10.732465	-3.1495466
BCCDDDCDCDDDDCDDABCDABCABDBACBDCAADDCBCABACBCCABCACBCCCCCBDBACCBBBCBCBADCACADAACCCBABADBCCAAABBCCBB	['A63C', 'C72D']	2	-5.076415	-7.582918	-10.732465	-3.1495466
BCCDDDCDCDDDDCDDABCDABCABDBACBDCAADDCBCABACBCCABCACBCCCCCBDBACCBBBCBCBADCACADAACCCBABADBCCAAABBCCBB	['A63C', 'C72D']	2	-5.076415	-7.582918	-10.732465	-3.1495466
BCCDDDCDCDDDDCDDABCDABCABDBACBDCAADDCBCABACBCCABCACBCCCCCBDBACCBBBCBCBADCACADAACCCBABADBCCAAABBCCBB	['A63C', 'C72D']	2	-5.076415	-7.582918	-10.732465	-3.1495466
BCCDDDCDCDDDDCDDABCDABCABDBACBDCAADDCBCABACBCCABCACBCCCCCBDBACCBBBCBCBADCACADAACCCBABADBCCAAABBCCBB	['A63C', 'C72D']	2	-5.076415	-7.582918	-10.732465	-3.1495466
BCCDDDCDCDDDDCDDABCDABCABDBACDDCAADDABCABACBCCABCACBCCCCCBDBADDBBBCBCBCCCACACAACCCBABADCCCAABBBCCBB	['B30D', 'C37A', 'C62D', 'A63D', 'A71C', 'D77C', 'B88C', 'A93B']	8	-5.0770717	-9.0224	-12.172596	-3.150196
BCCDDDCDCDDDDCDDABCDABCABDBACBDCAADDBBCABACBCCABCACBCCCCCBDBACABBBCBCCACCACADAACCCBABADBCCAAABBCCBB	['C37B', 'B70C']	2	-5.07794	-7.5071254	-10.658196	-3.151071
BCCDDDCDCADDBCDDABCDABCABDBACDDCAADDABCABACBCCABCACBCCCCCBDBACDCBBCBCBACCACACAACCCBABADCCCAAABBCCBB	['D10A', 'D13B', 'B30D', 'C37A', 'A63D', 'B64C', 'D77C', 'B88C']	8	-5.078269	-5.804759	-8.956159	-3.1513996
AAADDDCDCDDDDCDDABCDABCABDBACDDCAADDCBCABACBCCABCACBCCCCCBDBACDBBBCBCBACCACACAACCCBABADBCCAABBBCCBB	['B1A', 'C2A', 'C3A', 'B30D', 'A63D', 'D77C', 'A93B']	7	-5.0790772	-9.451687	-12.6038885	-3.1522017
AAADDDCDCDDDDCDDABCDABCABDBACDDCAADDCBCABACBCCABCACBCCCCCBDBACDBBBCBCBACCACACAACCCBABADBCCAABBBCCBB	['B1A', 'C2A', 'C3A', 'B30D', 'A63D', 'D77C', 'A93B']	7	-5.0790772	-9.451687	-12.6038885	-3.1522017
BCCDDDCDCDDDDCDDABCDABCABDBACBDCDADDCBCACACBCCABCACBCCCCCBDBACACDBCBCBACCACADAACCCBABADBCCAAABBCCBB	['A33D', 'B41C', 'B64C', 'B65D']	4	-5.0798106	-7.983176	-11.136113	-3.152937
BCCDDDCDCDDDDCDDABCDABCABDBACDDCAADACBCABACBBDABCACBCCCCCBDBACBCBBCBCBACCACADAACCCBABADCCCAAABBCCBB	['B30D', 'D36A', 'C45B', 'C46D', 'A63B', 'B64C', 'B88C']	7	-5.079917	-7.8908734	-11.043914	-3.1530404
BCCDDDCDCBDDDCDDABCDABCABDBACBDCAADDBBCABACBCBABCACBCCCCCBDBCCABBBCBCCACCACACAACCCBABADDCCAAABBCCBB	['D10B', 'C37B', 'C46B', 'A61C', 'B70C', 'D77C', 'B88D']	7	-5.080029	-6.7581415	-9.911299	-3.1531572
BCCDDDCDCDDDDCDDABCDABCABDBACBDCAADDABCACACBCCABCACBCCCCCBDBACDBBBCBCCACCACACAACCCBABADBCCAABBBCCBB	['C37A', 'B41C', 'A63D', 'B70C', 'D77C', 'A93B']	6	-5.080503	-8.654769	-11.8084	-3.1536312
BCCDDDCDCDDDDCDDABCDABCABDBACDDCAACACBCABACBCCABCACBCCCCCBDBACDBBBCBCBACCADADAACCCBABADCCCAABBBCCBB	['B30D', 'D35C', 'D36A', 'A63D', 'C75D', 'B88C', 'A93B']	7	-5.080571	-9.748437	-12.902133	-3.153696
BCCDDDCDCDDDBCCDABCDABCABDBACBDCAADDABCABACBCCABCACBCCCCCBDBCCDBBBCBCBACCACADAACCCBABADBCCAAABBCCBB	['D13B', 'D15C', 'C37A', 'A61C', 'A63D']	5	-5.0842247	-8.045816	-11.203167	-3.1573505
BCCDDDCACDDDDCCDABCDABCABDBACBDCAADDBBCABACBCCABCACBCCCCCBDBACABBBCBCBACCACACAACCCBABADBCCAABBBCCBB	['D8A', 'D15C', 'C37B', 'D77C', 'A93B']	5	-5.0890594	-9.014028	-12.176217	-3.1621895
BCCDDDCDCADDBDCDABCAABCABDBACBDCAADACBCABACBCCABCACBCCCCCBDBACABBBCBCBACCACADAACCCBABADDCCAAABBCCBB	['D10A', 'D13B', 'C14D', 'D15C', 'D20A', 'D36A', 'B88D']	7	-5.0898824	-5.9276595	-9.090671	-3.163011
BCCDDDCDCDDBDDCDABBDABCABDBACBDCAADDABCACACBCCABCACBCCCCCBDBACABBBCBCBACCACADAACCCBABADBCCAAABBCCBB	['D12B', 'C14D', 'D15C', 'C19B', 'C37A', 'B41C']	6	-5.093885	-7.7478	-10.91481	-3.1670103
BCCDDDCDCDDDDADDABADABCABDBACBDCAADDABCABACBCCABCACBCCCCCBDBACABBBCBCBACCACADAACCCBABADBCCAAABBCCBB	['C14A', 'C19A', 'C37A']	3	-5.0951605	-6.9123387	-10.080629	-3.1682906
BCCDDDCDCADDBCCDABCBABCABDBACBDCAACACBCACACBBCABCACBCDCCCBDBADDCBBCBCBACBACADAACCCBABADBCBAAABBCCBA	['D10A', 'D13B', 'D15C', 'D20B', 'D35C', 'D36A', 'B41C', 'C45B', 'C54D', 'C62D', 'A63D', 'B64C', 'C73B', 'C90B', 'B99A']	15	-3.1688242	-6.92064	-10.089462	-3.1688223
BCCDDDCDCDDDDCDDABCDABCABDBACBDCAADDCBCABACBCCABCACBCBCCDBDBACDBBBCBCBACCACADAACCCBABADBCCAAABBCCBB	['C54B', 'C57D', 'A63D']	3	-4.3847055	-8.50576	-11.675079	-3.1693192
BCCDDDCDCDDDDCDDABCDABCABDBACBDCAADDCBCABACBCCABCACBCCCCCBDBCDDBBBCBDBACCACADAACCCBABADBCCAAABBCCBB	['A61C', 'C62D', 'A63D', 'C69D']	4	-5.096608	-9.503641	-12.673374	-3.169733
BCCDDDCDCDDDDCDDABCDABCABDBACBDCAADDCBCACACBBCABCACBCCCCCBDBACDBBBCBCBADCACACAACCCBABADBCCAABBBCCBB	['B41C', 'C45B', 'A63D', 'C72D', 'D77C', 'A93B']	6	-5.0968533	-8.921545	-12.091528	-3.169983
BCCDDDCDCDDADCDDABCDABCABDBACBDCAADDABCACACBCCABCACBCCCCCBDBADDBBBCBCBACCACACAACCCBABADBCCAABBBCCBB	['D12A', 'C37A', 'B41C', 'C62D', 'A63D', 'D77C', 'A93B']	7	-5.097497	-9.637037	-12.80766	-3.1706228
BCCDDDCDCDDDDCDDABCDABCABDBACBDCAADDABCABACBCCABCACBCCCCCBDBACBBBBCBCBACCACACAACCCBABADBCCAABBBCCBB	['C37A', 'A63B', 'D77C', 'A93B']	4	-5.1000705	-8.170163	-11.343365	-3.1732016
BCCDDDCDCDDDDCDDABCDABCABDBACBDCAADDCBCACACBCCABCACBCCCCCBDBACACBBCBBBACCACACAACCCBABADBCCAAABBCCBB	['B41C', 'B64C', 'C69B', 'D77C']	4	-5.104003	-7.401257	-10.578388	-3.1771312
BCCDDDCDCDDDDCDDABCDABCABDBACBDCAACDCBCABACBCCABCACBCCCCCBDBACDBDBCBCAACCACACAACCCBABADBCCAAABBCCBB	['D35C', 'A63D', 'B65D', 'B70A', 'D77C']	5	-5.1046553	-9.681625	-12.859409	-3.177784
BCCDDDCDCDDDBCDDABCDABCABDBACBDCAADDABCABACBCCABCACBCCCCCBDBACACBBCBCBACCACADAACCCBABADBCCAAABBCCBB	['D13B', 'C37A', 'B64C']	3	-5.1066875	-6.6704254	-9.850242	-3.1798162
BCCDDDCDCDDDDCDDABBDABCABDBACBDCAADDABCABACBCCABCACBCCCCCBDBACACBBCBBBACCACADAACCCBABADBCCAAABBCCBB	['C19B', 'C37A', 'B64C', 'C69B']	4	-5.1078815	-6.0465364	-9.227549	-3.1810122
BCCDDDCDCDDDDCDDABCDABCABDBACBDCAADDCBCABACBCCABCACBCCCCCBDBACDBBBCBCBACCACACAACCCBABADBCCAABBBCCBA	['A63D', 'D77C', 'A93B', 'B99A']	4	-5.1085906	-9.233885	-12.415602	-3.181717
BCCDDDCDCDDDDCDDABCDABCABDBACBDCAADDCBCABACBCCABCACBCCCCCBDBACDBBBCBCBACCACACAACCCBABADBCCAABBBCCBA	['A63D', 'D77C', 'A93B', 'B99A']	4	-5.1085906	-9.233885	-12.415602	-3.181717
BCCDDDCDCDDDDCDDABCDABCABDBACBDCAADDCBCABACBCCABCACBCCCCCBDBACDBBBCBCBACCACACAACCCBABADBCCAABBBCCBA	['A63D', 'D77C', 'A93B', 'B99A']	4	-5.1085906	-9.233885	-12.415602	-3.181717
BCCDDDCDCDDBDADDABADABCABDBACDDCAADDCBCABACBCCABCACBCCCCCBDBACACBBCBCBBCCACADAACCCBABADBCCAAABBCCBB	['D12B', 'C14A', 'C19A', 'B30D', 'B64C', 'A71B']	6	-5.109313	-6.560469	-9.742908	-3.1824384
BCCDDDCDCDDADCDDABCDABCABDBACBDCAADDCBCABACBCCABCACBCCCCCBDBACDCBBCBCBACCACACAACCCBABADBCCAABBBCCBB	['D12A', 'A63D', 'B64C', 'D77C', 'A93B']	5	-5.112049	-8.779427	-11.964602	-3.185176
BCCDDDCDCDDDBCDDABCDABCABDBACDDCAACABBCABACBCCABCACBCCCCCBDBACDBBBCBCBACCADADAACCCBABADCCCAAABBCCBB	['D13B', 'B30D', 'D35C', 'D36A', 'C37B', 'A63D', 'C75D', 'B88C']	8	-5.113107	-8.105327	-11.291561	-3.1862345
AAAADDCDCDDDDCDDABBDABCABDBACBDCAADDABCABACBCCABCACBCCCCCBDBACACBBCBDBAACACADAACCCBABADBCCAAABBCCBB	['B1A', 'C2A', 'C3A', 'D4A', 'C19B', 'C37A', 'B64C', 'C69D', 'C72A']	9	-5.113523	-6.7776923	-9.964342	-3.1866498
BCCDDDCDCDDDDDDDABBDABCABDBACBDCAADDCBCACACBCCABCACBCCCCCBDBACACBBCBCCACCACACAACCCBABADBCCAAABBCCBB	['C14D', 'C19B', 'B41C', 'B64C', 'B70C', 'D77C']	6	-5.1153445	-7.7584796	-10.946948	-3.1884685
BCCDDDCDCDDDDCDDABCDABCABDBACDDCADDAABCABACBCCABCACBCCCCCBDBADDDBBCBCBCCCACADAACCCBABADCCCAAABBCCBB	['B30D', 'A34D', 'D36A', 'C37A', 'C62D', 'A63D', 'B64D', 'A71C', 'B88C']	9	-5.117795	-8.526346	-11.717259	-3.1909132
BCCDDDCDCDDDDCDDABCDABCABDBACDDCAADDCBCABACBCCABCACBCCCCCBDBACDBBBCBCBCDCACACAACCCBABADCCCAAABBCCBB	['B30D', 'A63D', 'A71C', 'C72D', 'D77C', 'B88C']	6	-5.119502	-8.476604	-11.669234	-3.1926298
BCCDDDCDCDDDDCDDABCDABCABDBACBDCAADDCBCABACBCCABCACBCCCCCBDBACABBBCBCBACCACACAACCCBABADBCCAAABBCCBB	['D77C']	1	-5.1219983	-8.684869	-11.879996	-3.1951275
BCCDDDCDCDDDDCDDABCDABCABDBACBDCAADDCBCABACBCCABCACBCCCCCBDBACABBBCBCBACCACACAACCCBABADBCCAAABBCCBB	['D77C']	1	-5.1219983	-8.684869	-11.879996	-3.1951275
BCCDDDCDCDDDDCDDABCDABCABDBACBDCAADDCBCABACBCCABCACBCCCCCBDBACABBBCBCBACCACACAACCCBABADBCCAAABBCCBB	['D77C']	1	-5.1219983	-8.684869	-11.879996	-3.1951275
BCCDDDCDCDDDDCDDABCDABCABDBACBDCAADDCBCABACBCCABCACBCCCCCBDBACABBBCBCBACCACACAACCCBABADBCCAAABBCCBB	['D77C']	1	-5.1219983	-8.684869	-11.879996	-3.1951275
BCCDDDCDCDDDDCDDABCDABCABDBACBDCAADDCBCABACBCCABCACBCCCCCBDBACABBBCBCBACCACACAACCCBABADBCCAAABBCCBB	['D77C']	1	-5.1219983	-8.684869	-11.879996	-3.1951275
BCCDDDCDCDDDDCCDABCDABCABDBACDDCAACACBCACACBCCABCACBCCCCCBDBACDBBBCBBBACCADADAACCCBABADBCCAAABBCCBB	['D15C', 'B30D', 'D35C', 'D36A', 'B41C', 'A63D', 'C69B', 'C75D']	8	-5.1220074	-9.555971	-12.751103	-3.1951323
BCCDDDCDCDDDDCDDABCDABCABDBACBDCAADDCBCABACBCCABCACBCCCCDBDBACDDBBCBCBACCACADAACCCBABADBCCAAABBCCBB	['C57D', 'A63D', 'B64D']	3	-5.1226754	-8.678873	-11.874674	-3.1958008
BCCDDDCDCDDDDCDDABCDABCABDBACBDCAADDCBCABACBCCABCACBCCCCDBDBACDDBBCBCBACCACADAACCCBABADBCCAAABBCCBB	['C57D', 'A63D', 'B64D']	3	-5.1226754	-8.678873	-11.874674	-3.1958008
BCCDDDCDCDDDDCDDAACDABCABDBACDDCAADDCBCACACBCCABCACBCCCCCBDBACDBBBCBCBACCACACAACCCBABADCCCAABBBCCBB	['B18A', 'B30D', 'B41C', 'A63D', 'D77C', 'B88C', 'A93B']	7	-5.123701	-10.075504	-13.27233	-3.196826
BCCDDDCDCDDDDBDDABCDABCABDBACBDCAADDABCABACBCCABCACBCCCCCBDBADDBAACBAAACCACACAACCCBABADBCCAAABBCCBB	['C14B', 'C37A', 'C62D', 'A63D', 'B65A', 'B66A', 'C69A', 'B70A', 'D77C']	9	-5.124513	-9.046043	-12.24368	-3.1976366
BCCDDDCDCDDDDCDDBBBDABCABDBACBDCAADDABCABACBCCABCACBCCCCCBDBACABBBCBCBACCACACAACCCBABADBCCAAABBCCBB	['A17B', 'C19B', 'C37A', 'D77C']	4	-5.127029	-8.109278	-11.309437	-3.200159
BCCDDDCDCDDADCDDABCDABCABDBACBDCAADDCBCABACBCCABCACBCCCCDBDBACDBBBCBCBACCACACAACCCBABADBCCAAABBCCBB	['D12A', 'C57D', 'A63D', 'D77C']	4	-5.129495	-9.699652	-12.902276	-3.2026243
BCCDDDCDCDDDBCDDABCDABCABDBACDDCAACAABCABACBCCABCACBCCCCCBDBACDBBBCBCBACCACADAACCCBABADBCCAAABBCCBB	['D13B', 'B30D', 'D35C', 'D36A', 'C37A', 'A63D']	6	-5.129641	-8.324245	-11.527011	-3.2027655
BCCDDDCDCDDABDDDABCAABCABDBACBDCAADDCBCABACBCCABCACBCCCCCBDBACDCBBCBCBACCACACAACCCBABADBCCAAABBCCBB	['D12A', 'D13B', 'C14D', 'D20A', 'A63D', 'B64C', 'D77C']	7	-5.1299167	-6.7245607	-9.927603	-3.203042
BCCDDDCDCDDBDDCDABCDABCABDBACBDCAADDCBCABACBCCABCACBCCCCCBDBACACBBCBCBADCACADAACCCBABADBCCAAABBCCBB	['D12B', 'C14D', 'D15C', 'B64C', 'C72D']	5	-5.1305766	-7.351216	-10.55492	-3.2037044
BCCDDDCDCDDBDCDDABCDABCABDBACBDCAADDCBCACACBCCABCACBCCCCCBDBACDBBBCBBBACCACACAACCCBABADBCCAAABBCCBB	['D12B', 'B41C', 'A63D', 'C69B', 'D77C']	5	-5.1311455	-7.4940434	-10.6983185	-3.2042751
BCCDDDCDCDDBDDDDABCDABCABDBACDDCAADDCBCABACBCDABCACBCCCCCBDBCCDBBBCBCBBCCACACAACCCBABADCCCAAABBCCBB	['D12B', 'C14D', 'B30D', 'C46D', 'A61C', 'A63D', 'A71B', 'D77C', 'B88C']	9	-5.133488	-7.8943434	-11.100955	-3.2066116
BCCDDDCDCDDDDCDDABCDABCABDBACBDCAADDABCABACBCCABCACBCCCCCBDBACABBBCBCBACCACACAACCCBABADBDCAAABBCCBB	['C37A', 'D77C', 'C89D']	3	-5.1337414	-8.318781	-11.525653	-3.206872
BCCDDDCDCDDDDCDDABCDABCABDBACBDCAADDABCABACBCCABCACBCCCCCBDBACABBBCBCBACCACACAACCCBABADBDCAAABBCCBB	['C37A', 'D77C', 'C89D']	3	-5.1337414	-8.318781	-11.525653	-3.206872
BCCDDDCDCDDDDCDDABCDABCABDBACBDCAADDABCABACBCCABCACBCCCCCBDBACABBBCBCBACCACACAACCCBABADBDCAAABBCCBB	['C37A', 'D77C', 'C89D']	3	-5.1337414	-8.318781	-11.525653	-3.206872
AAAADDCDCDDDDCDDABCDABCABDBACBDCAADDABCACACBCCABCACBCCCCCBDBACACDBCBCBACCACADAACCCBABADBCCAAABBCCBB	['B1A', 'C2A', 'C3A', 'D4A', 'C37A', 'B41C', 'B64C', 'B65D']	8	-5.136132	-7.762796	-10.972054	-3.2092576
BCCDDDCDCDDADCDDABCDABCABDBACDDCAACACBCABACBCCABCACBCCCCCBDBACDCBBCBCBACCACADAACCCBABADBCCAAABBCCBB	['D12A', 'B30D', 'D35C', 'D36A', 'A63D', 'B64C']	6	-5.1366577	-9.3051815	-12.514962	-3.2097807
BCCDDDCDCDDDDCDDABCDABCABDBACBDCAADDABCABACBCCABCACBCCCCDBDBACBBBBCBCBADCACACAACCCBABADBCCAAABBCCBB	['C37A', 'C57D', 'A63B', 'C72D', 'D77C']	5	-5.138173	-8.304018	-11.515323	-3.2113047
BCCDDDCDCDDDDCDDABCDABCABDBACBDCAADDCBCACACBCCABCACBCCCCCBDBACCBBBCBCBACCACACAACCCBABADBCCAABBBCCBB	['B41C', 'A63C', 'D77C', 'A93B']	4	-5.1391907	-8.724443	-11.936761	-3.2123175
BCCDDDCDCDDDDCBDABCDABCABDBACBDCAADDABCABACBCCABCACBCCCCCBDBACACBBCBCBACCACACAACCCBABADBCCAAABBCCBB	['D15B', 'C37A', 'B64C', 'D77C']	4	-5.13943	-7.933146	-11.145704	-3.2125583
BCCDDDCDCDDDBCDDABCDABCABDBACDDCAACAABCABACBCCABCACBCCCCCBDBACDBBBCBCBACCACADAACCCAABADBCCAAABBCCBB	['D13B', 'B30D', 'D35C', 'D36A', 'C37A', 'A63D', 'B83A']	7	-5.1406283	-8.207232	-11.420985	-3.2137527
BCCDDDCDCDDDDCDDABBDABCABDBACBDCAADDCBCABACBCCABCACBCCCCCBDBACABBBCBCBACCACACAACCCBABADBCCAABBBCCBB	['C19B', 'D77C', 'A93B']	3	-5.1407866	-8.699851	-11.913765	-3.213914
BCCDDDCDCDDDDCDDABBDABCABDBACBDCAADDCBCABACBCCABCACBCCCCCBDBACABBBCBCBACCACACAACCCBABADBCCAABBBCCBB	['C19B', 'D77C', 'A93B']	3	-5.1407866	-8.699851	-11.913765	-3.213914
BCCDDDCDCDDDBCDDABCDABCABDBACBDCAADDCBCABACBCCABCACBCCCCCBDBACDBDBCBCBACCACADAACCCBABADBCCAAABBCCBB	['D13B', 'A63D', 'B65D']	3	-5.141261	-8.008569	-11.222958	-3.2143888
BCCDDDCDCDDABDDDABCDABCABDBACBDCAADDBBCABACBCCABCACBCCCCCBDBACDCBBCBCBACCACACAACCCBABADBCCAAABBCCBB	['D12A', 'D13B', 'C14D', 'C37B', 'A63D', 'B64C', 'D77C']	7	-5.1430655	-6.783749	-9.999944	-3.2161946
BCCDDDCDCDDDDCDDABCDABCABDBACDDCAACAABCABACBDCABCACBCCCCCBDBACDCBBCBCBACCACADAACCCBACADBCCAAABBCCBB	['B30D', 'D35C', 'D36A', 'C37A', 'C45D', 'A63D', 'B64C', 'B85C']	8	-5.143693	-8.678921	-11.895735	-3.216814
BCCDDDCDCDDBDCDCADBDABCABDBACBDCAACDCBCABACBCCABCACBCCCCCBDBACACBBCBCBACCACACAACCCBABADBCCAAABBCCBB	['D12B', 'D16C', 'B18D', 'C19B', 'D35C', 'B64C', 'D77C']	7	-5.14477	-7.1406684	-10.358566	-3.217898
BCCDDDCDCDDDBCDDABCDABCABDBACBDCAADDCBCABACBCCABCACBCCCCCBDBACDBBBCBDBADCACADAACCCBABADBCCAAABBCCBB	['D13B', 'A63D', 'C69D', 'C72D']	4	-5.144781	-7.79873	-11.016637	-3.217907
BCCDDDCDCDDDDCDDABCDABCABDBACBDCAADDCBCABACBCCABCACBCCCCCBDBACDDBBCBCBACCACADAACCCBABADBCCAAABBCCBB	['A63D', 'B64D']	2	-5.144828	-8.020733	-11.238686	-3.2179527
BCCDDDCDCDDDDCDDABCDABCABDBACBDCAADDCBCABACBCCABCACBCCCCCBDBACDDBBCBCBACCACADAACCCBABADBCCAAABBCCBB	['A63D', 'B64D']	2	-5.144828	-8.020733	-11.238686	-3.2179527
BCCDDDCDCDDDDCDDABCDABCABDBACBDCAADDABCABACBCCABCACBCCCCCBDBACCCBBCBCBADCACADAACCCBABADBCCAAABBCCBB	['C37A', 'A63C', 'B64C', 'C72D']	4	-5.144937	-6.568367	-9.786434	-3.2180672
BCCDDDCDCDDDDCDDABCDABCABDBACBDCAADDABCABACBCCABCCCBCCCCCBDBACDBBBCBBBACCACADAACCCBABADBCCAAABBCCBB	['C37A', 'A50C', 'A63D', 'C69B']	4	-5.144945	-7.1275797	-10.345654	-3.2180738
BCCDDDCDCDDADCCDABCDABCABDBACBDCAADDCBCACACBCCABCACBCCCCCBDBACBBBBCBCBACCACACAACCCBABADBCCAABBBCCBB	['D12A', 'D15C', 'B41C', 'A63B', 'D77C', 'A93B']	6	-5.146529	-9.871097	-13.090751	-3.219654
BCCDDDCDCDDADCCDABCDABCABDBACBDCAADDCBCACACBCCABCACBCCCCCBDBACBBBBCBCBACCACACAACCCBABADBCCAABBBCCBB	['D12A', 'D15C', 'B41C', 'A63B', 'D77C', 'A93B']	6	-5.146529	-9.871097	-13.090751	-3.219654
BCCDDDCDCDDBDCDDABBDABCABDBACBDCAADDCBCABACBCCABCACBCCCCCBDBACCCBBCBCBACCACADAACCCBABADBCCAAABBCCBB	['D12B', 'C19B', 'A63C', 'B64C']	4	-5.1481857	-6.6417165	-9.863029	-3.221312
BCCDDDCDCDDBDCDDABBDABCABDBACBDCAADDCBCABACBCCABCACBCCCCCBDBACCCBBCBCBACCACADAACCCBABADBCCAAABBCCBB	['D12B', 'C19B', 'A63C', 'B64C']	4	-5.1481857	-6.6417165	-9.863029	-3.221312
BCCDDDCDCDDBDCDDABBDABCABDBACBDCAADDCBCABACBCCABCACBCCCCCBDBACCCBBCBCBACCACADAACCCBABADBCCAAABBCCBB	['D12B', 'C19B', 'A63C', 'B64C']	4	-5.1481857	-6.6417165	-9.863029	-3.221312
BCCDDDCDCDDDBCDDABCDABCABDBACBDCAADDCBCABACBCDABCACBCCCCCBDBACDDBBCBCBACCACACAACCCBABADBCBAAABBCCBB	['D13B', 'C46D', 'A63D', 'B64D', 'D77C', 'C90B']	6	-5.148251	-7.7017136	-10.923087	-3.2213736
BCCDDDCDCDDADCDDABCDABCABDBACBDCAADDCBCABACBCCABCACBCCCCCBDBACDBBBCBCBACCACACAACCCBABADBCCAAABBCCBB	['D12A', 'A63D', 'D77C']	3	-5.151649	-9.041512	-12.266288	-3.2247763
BCCDDDCDCDDADCDDABCDABCABDBACBDCAADDCBCABACBCCABCACBCCCCCBDBACDBBBCBCBACCACACAACCCBABADBCCAAABBCCBB	['D12A', 'A63D', 'D77C']	3	-5.151649	-9.041512	-12.266288	-3.2247763
BCCDDDCDCDDDDCCCABCDABCABDBACDDCAACACBAABACBCCABCACBCCCCCBDBACACBBCBCBACCACADAACCCBABADBCCAAABBCCBB	['D15C', 'D16C', 'B30D', 'D35C', 'D36A', 'C39A', 'B64C']	7	-5.152563	-9.2053585	-12.431041	-3.2256823
AAADDDCDCDDDBCDDABCDABCABDBACBDDAADDABCABABBCDBBCACBCCCCDBDBACDCBBCBCBACAACADAACCCBABADBABAAABBCCBB	['B1A', 'C2A', 'C3A', 'D13B', 'C32D', 'C37A', 'C43B', 'C46D', 'A47B', 'C57D', 'A63D', 'B64C', 'C73A', 'C89A', 'C90B']	15	-5.153175	-7.4599457	-10.686246	-3.2263002
BCCDDDCDCDDDDCDDABCDABCABDBACBDCAADDBBCABABBCCABCACBCCCCCBDBACDBBBCBCBACCACACAACCCBABADBCCAABBBCCBB	['C37B', 'C43B', 'A63D', 'D77C', 'A93B']	5	-5.1546154	-8.562108	-11.789852	-3.227744
BCCDDDCDCDDDDCDDABCDABCABDBACBDCAADDCBCABACBCCABCACBCCCCCBDBACABBBCBCCACCACADAACCCBABADBCCAAABBCCBB	['B70C']	1	-5.1565795	-8.1935625	-11.423272	-3.2297096
BCCDDDCDCDDDDCDDABCDABCABDBACBDCAADDABCACACBCCABCACBCCCCCBDBACABBBCBCBACCACACAACCCBABADBCCAAABBCCBB	['C37A', 'B41C', 'D77C']	3	-5.1581435	-8.506422	-11.737696	-3.2312737
BCCDDDCDCDDDDCDDABCDABCABDBACBDCAADDABCACACBCCABCACBCCCCCBDBACABBBCBCBACCACACAACCCBABADBCCAAABBCCBB	['C37A', 'B41C', 'D77C']	3	-5.1581435	-8.506422	-11.737696	-3.2312737
BCCDDDCDCDDDDCDDABCDABCABDBACBDCAACDBBCABACBCCABCACBCCCCCBDBACCCDBCBCBACCACADAACCCBABADBCCAAABBCCBB	['D35C', 'C37B', 'A63C', 'B64C', 'B65D']	5	-5.1600285	-7.224356	-10.457513	-3.2331567
BCCDDDCDCDDBDCDDABBDABCABDBACBDCAADDCBCABACBCCABCACBCCCCCBDBACBBBBCBCBACCACACAACCCBABADBCCAAABBCCBB	['D12B', 'C19B', 'A63B', 'D77C']	4	-5.1635737	-7.719225	-10.955928	-3.236703
BCCDDDCDCDDDDCDCABCDABCABDBACBDCAADDCBAABACBCCABCACBCCCCCBDBACACBBCBCBACCACACAACCCBABADBCCAAABBCCBB	['D16C', 'C39A', 'B64C', 'D77C']	4	-5.1673107	-7.839038	-11.079472	-3.2404337
BCCDDDCDCDDBDCDDABBDABCABDBACBDCAADDCBCABACBCCABCACBCCCCCBDBACABBBCBCBACCACADAACCCBABADBCCAAABBCCBB	['D12B', 'C19B']	2	-5.169584	-7.664572	-10.907282	-3.24271
BCCDDDCDCDDDBCDDABCDABCABDBACDDCAADDCBCABACBCCABCACBCCCCCBDBACDBBBCBCBCCCACACAACCCBABADCCCAAABBCCBB	['D13B', 'B30D', 'A63D', 'A71C', 'D77C', 'B88C']	6	-5.1704216	-8.044219	-11.287766	-3.2435474
BCCDDDCDCDDDBCDDABCDABCABDBACDDCAADDCBCABACBCCABCACBCCCCCBDBACDBBBCBCBCCCACACAACCCBABADCCCAAABBCCBB	['D13B', 'B30D', 'A63D', 'A71C', 'D77C', 'B88C']	6	-5.1704216	-8.044219	-11.287766	-3.2435474
BCCDDDCDCDDDBCDDABCDABCABDBACDDCAADDCBCABACBCCABCACBCCCCCBDBACDBBBCBCBCCCACACAACCCBABADCCCAAABBCCBB	['D13B', 'B30D', 'A63D', 'A71C', 'D77C', 'B88C']	6	-5.1704216	-8.044219	-11.287766	-3.2435474
BCCDDDCDCDDADCDDABBDABCABDBACBDCAADDCBCABACBCCABCACBCCCCCBDBACDBBBCBCBACCACACAACCCBABADBCCAABBBCCBB	['D12A', 'C19B', 'A63D', 'D77C', 'A93B']	5	-5.1704373	-9.056494	-12.300056	-3.2435627
BCCDDDCDCDDDDCCDABCDABCABDBACBDCAADDABCACACBCCABCACBCCCCCBDBACCBBBCBCCACCACADAACCCBABADBCCAAABBCCBB	['D15C', 'C37A', 'B41C', 'A63C', 'B70C']	5	-5.171569	-8.0949135	-11.339613	-3.2446995
BCCDDDCDCDDDDCCDABCDABCABDBACBDCAADDABCACACBCCABCACBCCCCCBDBACCBBBCBCCACCACADAACCCBABADBCCAAABBCCBB	['D15C', 'C37A', 'B41C', 'A63C', 'B70C']	5	-5.171569	-8.0949135	-11.339613	-3.2446995
BCCDDDCDCDDDBCCDABCDABCABDBACDDCAACAABCABACBBCABCACBCCCCCBDBADDCBBCBCBACCADADAACCCBABADCCCADABBCCBB	['D13B', 'D15C', 'B30D', 'D35C', 'D36A', 'C37A', 'C45B', 'C62D', 'A63D', 'B64C', 'C75D', 'B88C', 'A92D']	13	-5.1749444	-8.104918	-11.352985	-3.2480679
BCCDDDCDCDDDDCDDABCDABCABDBACBDCAACDABCABACBCCABCACBCCCCCBDBACDDBBCBCBACCACADAACCCBABADBCCAAABBCCBB	['D35C', 'C37A', 'A63D', 'B64D']	4	-5.1757016	-7.833105	-11.081932	-3.248827
BCCDDDCDCDDCDCDDABDDABCABDBACBDCAADDCBCABACBCCABCACBCCCCCBDBACACDBCBCCACCACACAACCCBABADBCCAABBBCCBB	['D12C', 'C19D', 'B64C', 'B65D', 'B70C', 'D77C', 'A93B']	7	-5.17633	-7.662321	-10.911781	-3.2494602
BCCDDDCDCDDDBCDDABCDABCABDBACDDCAACACBAABACBCCABCACBCCCCDBDBACDBBBCBCBACCACADAACCCBABADBCCAAABBCCBB	['D13B', 'B30D', 'D35C', 'D36A', 'C39A', 'C57D', 'A63D']	7	-5.178771	-9.927061	-13.178958	-3.2518969
BCCDDDCDCDDDDCDDABCDABCABDBACBDCAADDABCACACBCCABCACBCCCCCBDBACDDBBCBCBACCACADAACCCBABADBCCAAABBCCBB	['C37A', 'B41C', 'A63D', 'B64D']	4	-5.1809735	-7.8422856	-11.096385	-3.2540994
BCCDDDCDCDDADCDDABCDABCABDBACBDCAACDABCABACBCCABCACBCCCCCBDBACDBBBCBCBACCACACAACCCBABADBCCAAABBCCBB	['D12A', 'D35C', 'C37A', 'A63D', 'D77C']	5	-5.1825213	-8.853885	-12.109534	-3.2556496
BCCDDDCDCDDDBCDDABCDABCABDBACDDCAADDCBCABACBCCABCACBCCCCCBDBADCABBCBCBBCCACACAACCCBABADCCCAAABBCCBB	['D13B', 'B30D', 'C62D', 'A63C', 'B64A', 'A71B', 'D77C', 'B88C']	8	-5.1866612	-6.515121	-9.774907	-3.2597861
BCCDDDCDCDDABCDDABCDABCABDBACBDCDADDCBCACACBCCABCACBCCCCCBDBACACBBCBCBACCACADAACCCBABADBCCAAABBCCBB	['D12A', 'D13B', 'A33D', 'B41C', 'B64C']	5	-5.1885095	-7.285878	-10.547513	-3.2616348
BCCDDDCDCDDDDCDDABCDABCABDBACBDCAADDABCABACBCCABCACBCCCCCBDBACACBBCBCBACCACACAACCCBABADBCCAAABBCCBB	['C37A', 'B64C', 'D77C']	3	-5.19052	-7.670319	-10.9339695	-3.2636504
BCCDDDCDCDDDDCDDABCDABCABDBACBDCAADDABCABACBCCABCACBCCCCCBDBACACBBCBCBACCACACAACCCBABADBCCAAABBCCBB	['C37A', 'B64C', 'D77C']	3	-5.19052	-7.670319	-10.9339695	-3.2636504
BCCDDDCDCDDDDCCDABBDABCABDBACBDCAADDCBCACACBCCABCACBCCCCCBDBACCBDBCBCBACCACADAACCCBABADBCCAAABBCCBB	['D15C', 'C19B', 'B41C', 'A63C', 'B65D']	5	-5.1920033	-8.811281	-12.076409	-3.2651281
BCCDDDCDCDDBBCDDABBDABCABDBACBDCAADDABCACABBCCABCACBCCCCCBDBBCCDBBCBCBAACACADAACCCBABADBCCAAABBCCBB	['D12B', 'D13B', 'C19B', 'C37A', 'B41C', 'C43B', 'A61B', 'A63C', 'B64D', 'C72A']	10	-6.412309	-5.1921325	-9.677565	-3.2652555
AAAADDCDCDDDDCDDABCDABCABDBACBDCAADDABCABACBCCABCACBCCCCCBDBACCBBBCBCBACCACACAACCCBABADBCCAAABBCCBB	['B1A', 'C2A', 'C3A', 'D4A', 'C37A', 'A63C', 'D77C']	7	-5.1925263	-7.458805	-10.724461	-3.2656555
BCCDDDCDCDDDDCDDABCDABCABDBACBDCDADDABCABACBCCABCACBCCCCCBDBACACBBCBCBACCACADDACCCBABADBCCAAABBCCBB	['A33D', 'C37A', 'B64C', 'A78D']	4	-5.1926436	-6.946206	-10.211977	-3.265771
BCCDDDCDCDDDDCDDABCDABCABDBACDDCAACACBCABACBCCABCACBCCCCCBDBACCCBBCBCBACCACADAACCCBABADBCCAAABBCCBB	['B30D', 'D35C', 'D36A', 'A63C', 'B64C']	5	-5.1961756	-8.414096	-11.683394	-3.2692986
BCCABDCDCDDDBCDDABCDABCABDBACBDCAADDCBCACACBCDABCACBCCCCCBDBACDBBBCBCBACBACACAACCCBABADBCBAABBBCCBB	['D4A', 'D5B', 'D13B', 'B41C', 'C46D', 'A63D', 'C73B', 'D77C', 'C90B', 'A93B']	10	-5.197618	-10.100078	-13.370819	-3.2707415
BCCDDDCDCDDBBCDDABBDABCABDBACBDCAACDABCABACBCCABCACBCCCCCBDBACDBBBCBCBACCACACAACCCBABADBCCAAABBCCBB	['D12B', 'D13B', 'C19B', 'D35C', 'C37A', 'A63D', 'D77C']	7	-5.1994085	-7.1599255	-10.432463	-3.2725372
BCCDDDCDCDDBDCDDABCDABCABDBACBDCAADDCBCABACBCCABCACBCCCCDBDBACABBBCBCBACCACADAACCCBABADBCCAAABBCCBB	['D12B', 'C57D']	2	-5.199609	-8.534057	-11.806796	-3.2727394
BCCDDDCDCDDDDCDDABCDABCABDBACDDCAADDCBCABACBCCABCACBCCCCCBDCACDBBBCBCBACCACACAACCCBABADBCCAAABBCCBB	['B30D', 'B60C', 'A63D', 'D77C']	4	-5.2017136	-9.1521225	-12.426965	-3.2748423
BCCDDDCDCDDDBCDDABCDABCABDBACBDDBADDCBCACABBBCBBCACBCCCCCBDBACDBBBCBCBCCAACACAACCCBABADBCBAABBBCCBB	['D13B', 'C32D', 'A33B', 'B41C', 'C43B', 'C45B', 'A47B', 'A63D', 'A71C', 'C73A', 'D77C', 'C90B', 'A93B']	13	-5.202409	-7.996197	-11.2717285	-3.2755313
BCCDDDCDCDDDDCDDABCDABCABDBACBDCAADDBBCABACBCCABCACBCCCCCBDBACCBBBCBCBACCACACAACCCBABADBCCAABBBCCBB	['C37B', 'A63C', 'D77C', 'A93B']	4	-5.203495	-7.6903143	-10.966937	-3.2766228
BCCDDDCDCDDDDCDDABCDABCABDBACBDCAADDBBCABACBCCABCACBCCCCCBDBACCBBBCBCBACCACACAACCCBABADBCCAABBBCCBB	['C37B', 'A63C', 'D77C', 'A93B']	4	-5.203495	-7.6903143	-10.966937	-3.2766228
BCCDDDCDCDDDDCDDABCDABCABDBACDDCAADDBBCACACBCCABCACBCCCCCBDBADDBBBCBCBACCACACAACCCBABADCCCAABBBCCBB	['B30D', 'C37B', 'B41C', 'C62D', 'A63D', 'D77C', 'B88C', 'A93B']	8	-5.2046857	-9.611149	-12.888962	-3.277813
BCCDDDCDCDDDDCDDABCDABCABDBACBDCAADDABCABACBCCABCACBCCCCCBDBACBCDBCBCBACCACADAACCCBABADBCCAAABBCCBB	['C37A', 'A63B', 'B64C', 'B65D']	4	-5.20482	-7.365693	-10.6436405	-3.2779474
BCCDDDCDCDDDDCDDABCDABCABDBACBDCAADDABCACACBCCABCACBCCCCCBDBACACBBCBDBACCACADAACCCBABADBCCAAABBCCBB	['C37A', 'B41C', 'B64C', 'C69D']	4	-5.2061567	-8.016399	-11.295684	-3.2792845
BCCDDDCDCDDDDCDDABCDABCABDBACBDCAADDCBCABACBCCABCACBCCCCCBDBACDBBBCBBBABCACACAACCCBABADBCCAAABBCCBB	['A63D', 'C69B', 'C72B', 'D77C']	4	-5.2062516	-7.7475595	-11.026939	-3.2793798
BCCDDDCDCDDDDCDDABCDABCABDBACBDCAADDCBCABACBCCABCACBCCCCCBDBCDBBDBCBCBCCCACACAACCCBABADBCCAABBBCCBB	['A61C', 'C62D', 'A63B', 'B65D', 'A71C', 'D77C', 'A93B']	7	-5.210148	-9.151361	-12.434631	-3.28327
BCCDDDCDCDDDDCDDABCDABCABDBACBDCAADDCBCABACBCCABCACBCCCCCBDBACCBBBCBCBACCACACAACCCBABADBCCAAABBCCBB	['A63C', 'D77C']	2	-5.2111664	-8.150427	-11.434725	-3.284298
BCCDDDCDCDDDDCCDABCDABCABDBACBDCAADDCBCABACBCCABCACBCCCCCBDBACABBBCBCBADCACACAACCCBABADBCCAABBBCCBB	['D15C', 'C72D', 'D77C', 'A93B']	4	-5.2138653	-9.227473	-12.514466	-3.286993
BCCDDDCDCDDDBCCDABCDABCABDBACBDCAADDCBCABACBCCABCACBCCCCCBDBACACBBCBCBADCACACAACCCBABADBCCAAABBCCBB	['D13B', 'D15C', 'B64C', 'C72D', 'D77C']	5	-5.2144737	-7.7823887	-11.069986	-3.2875977
BCCDDDCDCDDBDCDDABCDABCABDBACBDCDADDABCABACBCCABCACBCCCCCBDBACACBBCBCBACCACADAACCCBABADBCCAAABBCCBB	['D12B', 'A33D', 'C37A', 'B64C']	4	-5.215324	-6.390126	-9.678578	-3.2884521
BCCDDDCDCDDBDCDDABCDABCABDBACBDCAADDCBCABACBCCABCACBCCCCCBDBACBBBBCBCBACCACACAACCCBABADBCCAAABBCCBB	['D12B', 'A63B', 'D77C']	3	-5.2157536	-7.9305687	-11.219452	-3.2888832
BCCDDDCDCDDDDCDDABBDABCABDBACBDCAADDABCABACBCCABCACBCCCCCBDBACABBBCBBBACCACADAACCCBABADBCCAAABBCCBB	['C19B', 'C37A', 'C69B']	3	-5.2184505	-6.534948	-9.8265295	-3.2915816
BCCDDDCDCDDADDDDABCDABCABDBACBDCAADDCBCABACBCCABCACBCCCCCBDBACDBBBCBCBACCACACAACCCBABADBCCAABBBCCBB	['D12A', 'C14D', 'A63D', 'D77C', 'A93B']	5	-5.2210984	-8.915272	-12.209498	-3.2942266
BCCDDDCDCDDBDCDDABCDABCABDBACBDCAADDCBCABACBCCABCACBCCCCCBDBACABBBCBCBACCACADAACCCBABADBCCAAABBCCBB	['D12B']	1	-5.2217627	-7.8759146	-11.170807	-3.2948923
BCCDDDCDCDDBDCDDABCDABCABDBACBDCAADDCBCABACBCCABCACBCCCCCBDBACABBBCBCBACCACADAACCCBABADBCCAAABBCCBB	['D12B']	1	-5.2217627	-7.8759146	-11.170807	-3.2948923
BCCDDDCDCDDBDCDDABBDABCABDBACBDCAADDCBCABACBCCABCACBCCCCCBDBACDBBBCBBBACCACACAACCCBABADBCCAAABBCCBB	['D12B', 'C19B', 'A63D', 'C69B', 'D77C']	5	-5.2219105	-6.935006	-10.230048	-3.295042
BCCDDDCDCDDDDCDDABCDABCABDBACBDCAADDCBCABACBCCABCACBCCCCCBDBACCABBCBCBADCACADAACCCBABADBCCAAABBCCBB	['A63C', 'B64A', 'C72D']	3	-5.223117	-6.1953216	-9.491568	-3.296246
BCCDDDCDCDDDDCDDABCDABCABDBACBDCAADDCBCABACBCCABCACBCCCCCBDBACCABBCBCBADCACADAACCCBABADBCCAAABBCCBB	['A63C', 'B64A', 'C72D']	3	-5.223117	-6.1953216	-9.491568	-3.296246
BCCDDDCDCDDADCDDABCDABCABDBACDDCDADDABCACACBCCABCACBCCCCDBDCACDBBBCBCBACCACADAACCCBABADCCCAAABBCCBB	['D12A', 'B30D', 'A33D', 'C37A', 'B41C', 'C57D', 'B60C', 'A63D', 'B88C']	9	-5.223427	-8.889073	-12.185631	-3.2965574
BCCDDDCDCDDBDDDDABCDABCABDBACBDCAADDCBCABACBCCABCACBCCCCCBDBADABBBCBCBACCCCACAACCCBABADBCCAAABBCCBB	['D12B', 'C14D', 'C62D', 'A74C', 'D77C']	5	-5.2250705	-7.9418526	-11.24005	-3.2981977
BCCDDDCDCDDBDCDDABBDABCABDBACBDCAADDABCACACBCCABCACBCCCCCBDBACACBBCBCBADCACADAACCCBABADBCCAAABBCCBB	['D12B', 'C19B', 'C37A', 'B41C', 'B64C', 'C72D']	6	-5.2263846	-6.6997504	-9.999262	-3.2995114
BCCDDDCDCDDBBDDCABCDABCABDBACBDCAACDABCABACBCCABCACBCCCCCBDBACACBBCBCBACCACADAACCCBABADBCCAAABBCCBB	['D12B', 'D13B', 'C14D', 'D16C', 'D35C', 'C37A', 'B64C']	7	-5.2282004	-5.341005	-8.642337	-3.301332
BCCDDDCDCDDBDCDDABCDABCABDBACBDCAADDABCABACBCCABCACBCCCCCBDBACDBBBCBCBAACACACAACCCBABADBCCAAABBCCBB	['D12B', 'C37A', 'A63D', 'C72A', 'D77C']	5	-5.231993	-7.248917	-10.55404	-3.3051229
BCCDDDCDCADDDCDDABCDABCABDBACDDCAADDCBCABACBCCABCACBCCCCCBDBADCBBBABCBACCACADAACCCBABADBCCAAABBCCBB	['D10A', 'B30D', 'C62D', 'A63C', 'C67A']	5	-5.2322445	-6.7244925	-10.029865	-3.3053727
BCCDDDCDCDDDDCDDABCDABCABDBACDDCAACDCBCABACBCCABCACBCCCCCBDBACDBBBCBCBACCACADAACCCBABADBCCAAABBCCBB	['B30D', 'D35C', 'A63D']	3	-5.2325306	-9.459709	-12.765363	-3.3056536
BCCDDDCDCDDDBCDDABCDABCABDBACBDCAADDCBCABACBCCABCACBCCCCCBDBACDBBBCBCBACCACACAACCCBABADBCCACABBCCBB	['D13B', 'A63D', 'D77C', 'A92C']	4	-5.23569	-8.451696	-11.760513	-3.308817
BCCDDDCDCDDBDCDDABCDABCABDBACBDCAADDABCACACBCCABCACBCCCCCBDBACCCBBCBCBACCACADAACCCBABADBCCAAABBCCBB	['D12B', 'C37A', 'B41C', 'A63C', 'B64C']	5	-5.2365084	-6.6746135	-9.984248	-3.3096347
BCCDDDCDCDDBDCCDABBDABCABDBACBDCAADDABCABACBCCABCACBCCCCCBDBACABBBCBCBACCACADAACCCBABADBCCAAABBCCBB	['D12B', 'D15C', 'C19B', 'C37A']	4	-5.2383485	-7.7526736	-11.064151	-3.3114772
BCCDDDCDCDDDDCDDABBDABCABDBACBDCAADDCBCABACBBCABCACBCCCCCBDBACABBBCBCBACCACADAACCCBABADBCCAABBBCCBB	['C19B', 'C45B', 'A93B']	3	-5.2395844	-8.247143	-11.559855	-3.3127127
BCCDDDCDCDDBBCCDABBDABCABDBACBDCAADDCBCABACBCCABCACBCCCCCBDBACABBBCBCBACCACADAACCCBABADBCCAAABBCCBB	['D12B', 'D13B', 'D15C', 'C19B']	4	-5.241402	-7.5484657	-10.862992	-3.3145266
BCCDDDCDCDDDDCDDABBDABCABDBACDDCAADDCBCABACBCCABCACBCCCCCBDBACABBBCBBBBCCACACAACCCBABADBCCAAABBCCBB	['C19B', 'B30D', 'C69B', 'A71B', 'D77C']	5	-5.2434044	-7.4804454	-10.796976	-3.3165307
BCCDDDCDCDDDBCDDABCDABCABDBACDDCAADBCBCABACBCCABCACBCCCCDBDBACDCBBCBCBACCADADAACCCBABADBCCAAABBCCBB	['D13B', 'B30D', 'D36B', 'C57D', 'A63D', 'B64C', 'C75D']	7	-5.246159	-9.084899	-12.404182	-3.3192835
AAADDDCDCDDADDDDABCDABCABDBACDDCAACDCBCABACBCCABCACBCCCCCBDBADDBBBCBCBACCACACAACCCBABADBCCAABBBCCBB	['B1A', 'C2A', 'C3A', 'D12A', 'C14D', 'B30D', 'D35C', 'C62D', 'A63D', 'D77C', 'A93B']	11	-5.2468934	-10.198139	-13.518156	-3.3200169
AAADDDCDCDDADDDDABCDABCABDBACDDCAACDCBCABACBCCABCACBCCCCCBDBADDBBBCBCBACCACACAACCCBABADBCCAABBBCCBB	['B1A', 'C2A', 'C3A', 'D12A', 'C14D', 'B30D', 'D35C', 'C62D', 'A63D', 'D77C', 'A93B']	11	-5.2468934	-10.198139	-13.518156	-3.3200169
BCCDDDCDCBDDBCCDABCAABCABDBACDDCAACABBCABACBCCABCACBCDCCCBDBADDBBBCBCBACBACACAACCCBABADCCCAABBBCCBB	['D10B', 'D13B', 'D15C', 'D20A', 'B30D', 'D35C', 'D36A', 'C37B', 'C54D', 'C62D', 'A63D', 'C73B', 'D77C', 'B88C', 'A93B']	15	-3.320467	-6.5589104	-9.87938	-3.3204699
BCCDDDCDCDDDDCDDABCDABCABDBACBDCAADDCBCABACBCCABCACBCCCCCBDBADDBBBCCABACCACACAACCCBABADBCCAACBBCCBB	['C62D', 'A63D', 'B68C', 'C69A', 'D77C', 'A93C']	6	-5.248193	-9.951405	-13.272721	-3.3213167
BCCDDDCDCDDDDCDDABBDABCABDBACBDCAADDABCABACBCCABCACBCCCCCBDBACABBBCBCBACCACACAACCCBABADBCCAAABBCCBB	['C19B', 'C37A', 'D77C']	3	-5.2489076	-7.9473867	-11.2694235	-3.3220367
BCCDDDCDCDDDBCDDABDDABCABDBACDDCAADDCBCABACBCCABCACBCCCCCBDBACDBBBCBCBACCACADAACCCBABADBCCAAABBCCBB	['D13B', 'C19D', 'B30D', 'A63D']	4	-5.249267	-8.0499115	-11.372299	-3.3223877
BCCDDDCDCDDDBCDDABDDABCABDBACDDCAADDCBCABACBCCABCACBCCCCCBDBACDBBBCBCBACCACADAACCCBABADBCCAAABBCCBB	['D13B', 'C19D', 'B30D', 'A63D']	4	-5.249267	-8.0499115	-11.372299	-3.3223877
BCCDDDCDCDDDDCDDABCDABCABDBACDDCAADDCBCABACBCCABCACBCCCCCBDBACDBBBCBCBACCACADAACCCBABADCCCAAABBCCBB	['B30D', 'A63D', 'B88C']	3	-5.25059	-8.906377	-12.230095	-3.323718
BCCDDDCDCDDDBCDDBBCDABCABDBACBDCAADDABCABACBCCABCACBCCCCCBDBACACBBCBCBACCACACAACCCBABADBCCAAABBCCBB	['D13B', 'A17B', 'C37A', 'B64C', 'D77C']	5	-5.250783	-7.1018624	-10.425773	-3.3239102
BCCDDDCDCDDDDCDCABCDABCABDBACBDCAADDCBCABACBCCABCACBCCCCCBDBADCBBBCBCBABCACACAACCCBABADBCCAAABBCCBB	['D16C', 'C62D', 'A63C', 'C72B', 'D77C']	5	-5.253313	-7.9839168	-11.310355	-3.3264384
BCCDDDCDCDDADCDDBBCDABCABDBACBDCAADDABCABACBCCABCACBCCCCDBDBACACBBCBCBACCACADAACCCBABADBCCAAABBCCBB	['D12A', 'A17B', 'C37A', 'C57D', 'B64C']	5	-5.2593265	-8.433666	-11.766124	-3.3324575
BCCDDDCDCDDDDCDDABCDABCABDBACDDCAADDCBCACACBCCABCACBCCCCDBDBADDBBBCBCBACCACACAACCCBABADCCCAABBBCCBB	['B30D', 'B41C', 'C57D', 'C62D', 'A63D', 'D77C', 'B88C', 'A93B']	8	-5.2611713	-10.955727	-14.290026	-3.334299
BCCDDDCDCADDDCDDABCDABCABDBACDDCAADDCBCABACBBCABCACBCCCCCBDBACDBBBCBCBACCACACAACCCBABADCCCAABBBCCBB	['D10A', 'B30D', 'C45B', 'A63D', 'D77C', 'B88C', 'A93B']	7	-5.263346	-7.592822	-10.9292965	-3.3364744
BCCDDDCDCDDCDCDDABBDABCABDBACDDCAADDCBCABACBCCABCACBCCCCCBDBACDBBBCBCBACCACADAACCCBABADBCCACABBCCBB	['D12C', 'C19B', 'B30D', 'A63D', 'A92C']	5	-5.26402	-8.88567	-12.222813	-3.337143
BCCDDDCDCDDBDDDDABBDABCABDBACBDCAACDCBCABACBCCABCACBCCCCCBDBACCCBBCBCBACCACACAACCCBABADBCCAAABBCCBB	['D12B', 'C14D', 'C19B', 'D35C', 'A63C', 'B64C', 'D77C']	7	-5.2644253	-6.897208	-10.234762	-3.337554
BCCDDDCDCDDDDCDDABCDABCABDBACBDCAADDBBCABABBCCABCACBCCCCCBDBACABBBCBCBACCACADAACCCBABADBCCAAABBCCBB	['C37B', 'C43B']	2	-5.2668366	-7.9224553	-11.262421	-3.3399653
BCCDDDCDCDDDDCDDABCDABCABDBACBDCAADDBBCABABBCCABCACBCCCCCBDBACABBBCBCBACCACADAACCCBABADBCCAAABBCCBB	['C37B', 'C43B']	2	-5.2668366	-7.9224553	-11.262421	-3.3399653
BCCDDDCDCDDDDCDDABCDABCABDBACDDCAADDCBCABACBCCABCACBCCCCCBDBACDCBBCBCBACCACADAACCCBABADBCCAAABBCCBB	['B30D', 'A63D', 'B64C']	3	-5.270179	-8.632785	-11.976086	-3.3433008
BCCDDDCDCDDDDCDDABBDABCABDBACBDCAADDCBCABACBCCABCACBCCCCCBDBACABBBCBCBADCACACAACCCBABADBCCAABBBCCBB	['C19B', 'C72D', 'D77C', 'A93B']	4	-5.2720103	-8.40189	-11.747027	-3.3451376
BCCDDDCDCDDADDDDABCDABCABDBACBDCAADDBBCABACBCCABCACBCCCCCBDBACDBBBCBCBADCACACAACCCBABADBCCAABBBCCBB	['D12A', 'C14D', 'C37B', 'A63D', 'C72D', 'D77C', 'A93B']	7	-5.2736816	-7.930873	-11.277683	-3.3468103
BCCDDDCDCDDDDCDDACCDABCABDBACBDCAADDABCACACBCCABCACBCCCCCBDBADBDBBCBCBCCCACACAACCCBABADBCCAABBBCCBB	['B18C', 'C37A', 'B41C', 'C62D', 'A63B', 'B64D', 'A71C', 'D77C', 'A93B']	9	-5.275574	-8.306385	-11.655082	-3.3486967
BCCDDDCDCADDDCDDABCDABCABDBACBDCAADDABCABACBCDABCACBCDCCCBDBACDCBBCBCBACDACACAACCCBABADBCCAABBBCCBB	['D10A', 'C37A', 'C46D', 'C54D', 'A63D', 'B64C', 'C73D', 'D77C', 'A93B']	9	-3.350511	-5.641529	-8.992045	-3.3505163
BCCDDDCDCDDDDCDDABCDABCABDBACBDCAADDCBCABACBCCABCACBCCDCCBDBACDDBBCBCBACCACACAACCCBABADBCCAAABBCCBB	['C55D', 'A63D', 'B64D', 'D77C']	4	-5.278742	-7.857577	-11.209441	-3.3518643
BCCDDDCDCDDDDCDDABCDABCABDBACBDCAADDCBCABACBCCABCACBCCCCCBDBACABBBCBDBACCACADAACCCBABADBCCAAABBCCBB	['C69D']	1	-5.2805786	-8.683257	-12.036964	-3.3537073
BCCDDDCDCDDDBCDDABCDABCABDBACBDCDADDABAABACBCCABCACBCCCCCBDBACACBBCBCBACCACADAACCCBABADBCCAAABBCCBB	['D13B', 'A33D', 'C37A', 'C39A', 'B64C']	5	-5.2820983	-6.617723	-9.972944	-3.3552213
BCCDDDCDCDDDDCDDABCDABCABDBACDDCAADDCBCACACBCCABCACBCCCCCBDBADDBBBCBCBACCACACAACCCBABADCCCAABBBCCBB	['B30D', 'B41C', 'C62D', 'A63D', 'D77C', 'B88C', 'A93B']	7	-5.2833257	-10.297586	-13.654038	-3.356452
BCCDDDCDCDDDDDDDABCDABCABDBACBDCAADDABCACACBCCABCACBCCCCCBDBADDDBBCBCBACCACACAACCCBABADBCCAAABBCCBB	['C14D', 'C37A', 'B41C', 'C62D', 'A63D', 'B64D', 'D77C']	7	-5.2841644	-8.3069105	-11.664199	-3.3572884
BCCDDDCDCDDDDCDDACCDABCABDBACBDCAADDCBCABACBCCABCACBCCCCCBDBACCBBBCBCBACCACADAACCCBABADBCCAABBBCCBB	['B18C', 'A63C', 'A93B']	3	-5.2861896	-8.287817	-11.647134	-3.3593168
BCCDDDCDCDDBDCDDABCDABCABDBACBDCDADDABCABACBCCABCACBCCCCCBDBACACBBCBCBACCACADAACCCBABADBCCAABBBCCBB	['D12B', 'A33D', 'C37A', 'B64C', 'A93B']	5	-5.286292	-6.6164513	-9.975872	-3.3594208
BCCDDDCDCDDDDCDDABBDABCABDBACBDCAADDABCABACBCDABCAABCCCCCBDBACACBBCBCBACAACACAACCCBABADBCCAAABBCCBB	['C19B', 'C37A', 'C46D', 'C51A', 'B64C', 'C73A', 'D77C']	7	-5.2867265	-7.588027	-10.947882	-3.3598547
BCCDDDCDCDDDDCDDABCDABCABDBACDDCAADDCBCABACBCDABCACBCCCCCBDBADDBBBCBCBACCACACAACCCBABADCCCAABBBCCBB	['B30D', 'C46D', 'C62D', 'A63D', 'D77C', 'B88C', 'A93B']	7	-5.2883315	-9.843613	-13.205071	-3.3614588
BCCDDDCDCDDBDCDDABCDABCABDBACBDCAADDCBCABACBCCABCACBCCCCDBDBACCBBBCBCBACCACADAACCCBABADBCCAAABBCCBB	['D12B', 'C57D', 'A63C']	3	-5.288776	-7.999613	-11.36152	-3.361907
BCCDDDCDCDDDDCDDABCDABCABDBACBDCAADDCBCABACBCCABCACBCCCCCBDBACABBBCBCCCACACACAACCCBABADBCCACABBCCBB	['B70C', 'A71C', 'C72A', 'D77C', 'A92C']	5	-5.289312	-7.900957	-11.263401	-3.362444
BCCDDDCDCDDADADDABCDABCABDBACBDCAADDCBCABACBCCABCACBCCCCCBDBACDCBBCBCBACCACACAACCCBABADBCCAAABBCCBB	['D12A', 'C14A', 'A63D', 'B64C', 'D77C']	5	-5.28977	-7.959462	-11.322357	-3.362895
BCCDDDCDCDDBDCDDABCDABCABDBACBDCAADDABCABACBCCABCACBCCCCCBDBACACBBCBCBACCACADAACCCBABADBCCAAABBCCBB	['D12B', 'C37A', 'B64C']	3	-5.290284	-6.861366	-10.224781	-3.3634152
BCCDDDCDCDDBDCCDABCDABCABDBACBDCAADDABCABACBCCABCACBCCCCCBDBACABBBCBCBACCACADAACCCBABADBCCAAABBCCBB	['D12B', 'D15C', 'C37A']	3	-5.2905283	-7.9640164	-11.327676	-3.3636594
BCCDDDCDCDDDDCDDABCDABCABDBACBDCAADDBBCABABBCCABCACBCCCCDBDBDCBBDBCBCBACCACADAACCCBABADBCCAAABBCCBB	['C37B', 'C43B', 'C57D', 'A61D', 'A63B', 'B65D']	6	-5.297914	-8.534577	-11.905623	-3.371046
BCCDDDCDCDDDDCDDABCDABCABDBACDDCAADDCBCABACBCCABCACBCCCCCBDBACDBBBCBCBACCACADAACCCBABADCCCAABBBCCBB	['B30D', 'A63D', 'B88C', 'A93B']	4	-5.321558	-9.132702	-12.527389	-3.3946867
BCCDDDCDCDDDDCDDABCDABCABDBACBDCAADDABCABACBCCABCACBCCCCCBDBACDDBBCBCBACCACADAACCCBABADBCCAAABBCCBB	['C37A', 'A63D', 'B64D']	3	-5.3239183	-7.4945936	-10.891638	-3.3970442
BCCDDDCDCDDDDCDDABCDABCABDBACBDCAADDCBCABACBCCABCACBCCCCCBDCADADBBCBCBACCACACAACCCBABADBCCAABBBCCBB	['B60C', 'C62D', 'B64D', 'D77C', 'A93B']	5	-5.3246627	-8.681848	-12.079637	-3.397789
BCCDDDCDCDDBDCDCABBDABCABDBACDDCAACACBCABACBCCABCACBCCCCCBDBACACBBCBCBACCACADAACCCBABADBCCAAABBCCBB	['D12B', 'D16C', 'C19B', 'B30D', 'D35C', 'D36A', 'B64C']	7	-5.326075	-7.421828	-10.821027	-3.399199
BCCDDDCDCDDDDCDDABCDABCABDBACBDCAADDCBCABACBCCABCACBCCCCCBDBACCBBBCBDBACCACACAACCCBABADBCBAAABBCCBB	['A63C', 'C69D', 'D77C', 'C90B']	4	-5.3289638	-8.666425	-12.068516	-3.402091
BCCDDDCDCDDDDCDDABCDABCABDBACDDCAACCBBCABACBCCABCACBCCCCCBDBADDDBBCBCBADCACADAACCCBABADCCCAABBBCCBB	['B30D', 'D35C', 'D36C', 'C37B', 'C62D', 'A63D', 'B64D', 'C72D', 'B88C', 'A93B']	10	-5.330341	-9.172432	-12.575892	-3.4034605
BCCDDDCDCDDADCDDABCDABCABDBACBDCAADDCBCACACBCCABCACBCCCCCBDBADABBBCBCCACCACADAACCCBABADBCCAAABBCCBB	['D12A', 'B41C', 'C62D', 'B70C']	4	-5.331187	-9.301762	-12.706074	-3.4043121
BCCDDDCDCDDDDCDDABCDABCABDBACBDCAADDCBCABACBCBABCACBCCCCCBDCCCDBBBCBCBACCACADAACCCBABADDCCAAABBCCBB	['C46B', 'B60C', 'A61C', 'A63D', 'B88D']	5	-5.332918	-8.802479	-12.208527	-3.4060478
BCCDDDCDCDDBDCDCABBDABCABDBACBDCADDDCBCABACBCCABCACBCCCCCBDBACACBBCBCBACCACACAACCCBABADBCCAAABBCCBB	['D12B', 'D16C', 'C19B', 'A34D', 'B64C', 'D77C']	6	-5.334315	-7.0869155	-10.494358	-3.4074426
BCCDDDCDCDDBDCCDABCDABCABDBACBDCAADACBCABACBCCAACACBCDCCCBDCCDABBBCBCBACCACADAACCCBABADBCCAAABBCCBB	['D12B', 'D15C', 'D36A', 'B48A', 'C54D', 'B60C', 'A61C', 'C62D']	8	-3.41182	-7.2306423	-10.642458	-3.4118156
BCCDDDCDCDDADCDDABBDABCABDBACBDCAADDABCABACBCCABCACBCCCCCBDBACACBBCBCBACCACADAACCCBABADBCCAAABBCCBB	['D12A', 'C19B', 'C37A', 'B64C']	4	-5.3511815	-7.4022913	-10.826598	-3.4243069
BCCDDDCDCDDDDCCCABCDABCABDBACBDCAADDABCABACBCCABCACBCCCCCBDBACABBBCBCBACCACADAACCCBABADBCCAAABBDCBB	['D15C', 'D16C', 'C37A', 'C96D']	4	-5.351869	-7.8535337	-11.278528	-3.4249945
BCCDDDCDCDDDDCDDABCDABCABDBACBDCAADDCBCABACBCCABCACBCCCCCBDBACCABBCBABADCACADAACCCBABADBCCAAABBCCBA	['A63C', 'B64A', 'C69A', 'C72D', 'B99A']	5	-5.352954	-6.2165146	-9.642595	-3.4260807
BCCDDDCDCDDDDCDDABCDABCABDBACBDCAADDCBCACACBCCABCACBCCCCCBDBACCBDBCBCBACCACADAACCCBABADBCCAAABBCCBB	['B41C', 'A63C', 'B65D']	3	-5.354506	-8.408384	-11.836019	-3.4276342
BCCDDDCDCDDDDDDDABCDABCABDBACBDCAADDCBCABACBCCABCACBCCCCCBDBACABBBCBBBACCACACAACCCBABADBCCAAABBCCBB	['C14D', 'C69B', 'D77C']	3	-5.3559966	-7.1894097	-10.618536	-3.4291263
BCCDDDCDCDDADCDDABBDABCABDBACBDCAACDABCACACBCCABCACBCCCCCBDBACDBBBCBCBABCACACAACCCBABADBCCAABBBCCBB	['D12A', 'C19B', 'D35C', 'C37A', 'B41C', 'A63D', 'C72B', 'D77C', 'A93B']	9	-5.356267	-9.278361	-12.707752	-3.429391
BCCDDDCDCDDDDCDDABCDABCABDBACBDCADDCCBCABACBCCABCACBCCCCCBDBADDBBBCBCBACCACADAACCCBABADDCCAABBBCCBB	['A34D', 'D36C', 'C62D', 'A63D', 'B88D', 'A93B']	6	-5.3565145	-10.658464	-14.088097	-3.4296322
BCCDDDCDCDDDDCDDABCDABCABDBACBDCAADDABCABACBCCABCCCBCCCCCBDBACABBBCBCBACCACADAACCCBABADBCCAAABBCCBB	['C37A', 'A50C']	2	-5.358593	-8.12669	-11.558413	-3.4317226
BCCDDDCDCDDDBCDDABCDABCABDBACBDCAADDABCACACBCCABCACBCCCCCBDBACACBBCBCBADCACACAACCCBABADBCCAAABBCCBB	['D13B', 'C37A', 'B41C', 'B64C', 'C72D', 'D77C']	6	-5.3609414	-6.9897013	-10.423769	-3.4340677
BCCDDDCDCDDDBCDDABCDABCABDBACBDCAADDABCACACBCCABCACBCCCCCBDBACACBBCBCBADCACACAACCCBABADBCCAAABBCCBB	['D13B', 'C37A', 'B41C', 'B64C', 'C72D', 'D77C']	6	-5.3609414	-6.9897013	-10.423769	-3.4340677
BCCDDDCDCDDDBCDDABCDABCABDBACBDCAADDABCABACBCCABCACBCCCCCBDBACACBBCBCBACCACACAACCCBABADBCCAAABBCCBB	['D13B', 'C37A', 'B64C', 'D77C']	4	-5.3726625	-6.9399705	-10.385759	-3.4457889
BCCDDDCDCDDDBCDDABCDABCABDBACBDCAADDABCABACBCCABCACBCCCCCBDBACACBBCBCBACCACACAACCCBABADBCCAAABBCCBB	['D13B', 'C37A', 'B64C', 'D77C']	4	-5.3726625	-6.9399705	-10.385759	-3.4457889
BCCDDDCDCDDDBCDDABCDABCABDBACBDCAADDABCABACBCCABCACBCCCCCBDBACACBBCBCBACCACACAACCCBABADBCCAAABBCCBB	['D13B', 'C37A', 'B64C', 'D77C']	4	-5.3726625	-6.9399705	-10.385759	-3.4457889
BCCDDDCDCDDDBCDDABCDABCABDBACBDCAADDABCABACBCCABCACBCCCCCBDBACACBBCBCBACCACACAACCCBABADBCCAAABBCCBB	['D13B', 'C37A', 'B64C', 'D77C']	4	-5.3726625	-6.9399705	-10.385759	-3.4457889
BCCDDDCDCDDDBCDDABCDABCABDBACBDCAADDABCABACBCCABCACBCCCCCBDBACACBBCBCBACCACACAACCCBABADBCCAAABBCCBB	['D13B', 'C37A', 'B64C', 'D77C']	4	-5.3726625	-6.9399705	-10.385759	-3.4457889
BCCDDDCDCDDDBCDDABCDABCABDBACDDCCACAABCABACBCCABCACBCDCCCBDBADDBBBCBCBCCCCCADAACCCBABADCCBAAABBCCBB	['D13B', 'B30D', 'A33C', 'D35C', 'D36A', 'C37A', 'C54D', 'C62D', 'A63D', 'A71C', 'A74C', 'B88C', 'C90B']	13	-3.4461389	-6.1737847	-9.61992	-3.446135
BCCDDDCDCDDDDCDDABCDABCABDBACDDCAADDBBCABACBCCABCACBCCCCCBDBACDBBBCBCBACCACADAACCCBABADBCCAABBBCCBB	['B30D', 'C37B', 'A63D', 'A93B']	4	-5.373074	-8.661084	-12.1072855	-3.4462013
BCCDDDCDCCDDDCDDABCDABCABDBACDDCAADDCBCABACBCCABCACBCCCCCBDBACDDBBCBBBACCCCACAACCCBABADCCCAAABBCCBB	['D10C', 'B30D', 'A63D', 'B64D', 'C69B', 'A74C', 'D77C', 'B88C']	8	-5.373118	-5.935024	-9.381268	-3.4462438
BCCDDDCDCDDDDCCDABBDABCABDBACDDCAADDCBCABACBCDABCACBCCCCCBDBACABBBCBCBBCCACACAACCCBABADACCAAABBCCBB	['D15C', 'C19B', 'B30D', 'C46D', 'A71B', 'D77C', 'B88A']	7	-5.373574	-9.305437	-12.752137	-3.4467
BCCDDDCDCDDDDCDDABCDABCABDBACDDCAACAABCABACBCCABCACBCCCCCBDBCCDBBBCBCBACCACADAACCCBABADBCCAAABBCCBB	['B30D', 'D35C', 'D36A', 'C37A', 'A61C', 'A63D']	6	-5.3739557	-9.183548	-12.6306305	-3.4470825
BCCDDDCDCDDDBCCDABCDABCABDBACBDCAADDABAABACBCDABCACBCCCCCBDBACACBBCBCBACCACACAACCCBABADBCCAAABBCCBB	['D13B', 'D15C', 'C37A', 'C39A', 'C46D', 'B64C', 'D77C']	7	-5.374772	-7.8664675	-11.314364	-3.447897
BCCDDDCDCDDDDCDDBBCDABCABDBACBDCAADDCBCABACBCCABCACBCCCCCBDBACCBDBCBCBACCACADAACCCBABADBCCAAABBCCBB	['A17B', 'A63C', 'B65D']	3	-5.37557	-8.222584	-11.671285	-3.448701
BCCDDDCDCDDDDCCDABAAABCABDBACBDCAAAACBCABACBCCABCACBCDCCCBDBADDBBBCBCBACBACADAACCCBBBADBCBAAABBCCBB	['D15C', 'C19A', 'D20A', 'D35A', 'D36A', 'C54D', 'C62D', 'A63D', 'C73B', 'A84B', 'C90B']	11	-3.4530172	-6.810111	-10.263122	-3.4530106
BCCDDDCDCDDDDCDDABCDABCABDBACDDCAADDCBCABACBCCABCACBCCCCCBDBACDBBBCBCBACCACADAACCCBABADBCCAAABBCCBB	['B30D', 'A63D']	2	-5.3807464	-9.121196	-12.5750675	-3.4538717
BCCDDDCDCDDDBCCDABCDABCABDBACBDCAADDCBCABACBCCABCACBCCCCCBDBACACBBCBCCACCACACAACCCBABADBCCAAABBCCBB	['D13B', 'D15C', 'B64C', 'B70C', 'D77C']	5	-5.3838058	-7.85859	-11.315522	-3.456932
BCCDDDCDCDDDDDCDABCDABCABDBACBDCAADDCBCABACBCCABCACBCCCCCBDBACCBDBCBCBACCACADAACCCBABADBCCAAABBCCBB	['C14D', 'D15C', 'A63C', 'B65D']	4	-5.385608	-8.322365	-11.781104	-3.4587393
BCCDDDCDCCDDDCDDABCDABCABDBACDDCAADDCBCABABBCCABCACBCCCCCBDBCCDBBBCBCBACCCCACAACCCBABADCCCAABBBCCBB	['D10C', 'B30D', 'C43B', 'A61C', 'A63D', 'A74C', 'D77C', 'B88C', 'A93B']	9	-5.386511	-8.165138	-11.624778	-3.4596395
BCCDDDCDCDDDDCDDABCDABCABDBACDDCAADDBBCABACBCDABCACBCCCCCBDBADBBBBCBCBACCACACAACCCBABADCCCAABBBCCBB	['B30D', 'C37B', 'C46D', 'C62D', 'A63B', 'D77C', 'B88C', 'A93B']	8	-5.3868723	-8.798501	-12.258499	-3.4599981
BCCDDDCDCDDADCDDABCDABCABDBACBDCAADDCBCABACBCCABCACBCCCCCBDBACDBBBCBBBACCACACAACCCBABADBCCAAABBCCBB	['D12A', 'A63D', 'C69B', 'D77C']	4	-5.387165	-7.8986187	-11.358913	-3.4602947
BCCDDDCDCDDDDCDDABCDABCABDBACBDCAADDCBCABACBCCABCACBCCCCCBDBACACBBCBCBADCACADAACCCBABADBCCAAABBCCCB	['B64C', 'C72D', 'B98C']	3	-5.3872657	-7.6689987	-11.129392	-3.460393
BCCDDDCDCDDDDADDABCDABCABDBACBDCAADDCBCABABBCCABCACBCCCCCBDBADCBDBCBCBBACACACAACCCBABADBCCAABBBCCBB	['C14A', 'C43B', 'C62D', 'A63C', 'B65D', 'A71B', 'C72A', 'D77C', 'A93B']	9	-5.389786	-7.777672	-11.240584	-3.4629126
BCCDDDCDCDDDDCDDABCDABCABDBACBDCAADDABCABACBCCABCACBCCCCCBDBACCBBBCBCBACCACACAACCCBABADBCCAAABBCCBB	['C37A', 'A63C', 'D77C']	3	-5.3902564	-7.6242867	-11.087672	-3.4633856
BCCDDDCDCDDDDCDDABCDABCABDBACDDCAADDABCABACBCCABCACBCCCCCBDBADDBBBCBCBACCACADAACCCBABADBCCAAABBCCBB	['B30D', 'C37A', 'C62D', 'A63D']	4	-5.398571	-9.142704	-12.614399	-3.471695
BCCDDDCDCDDBDCDDABCDABCABDBACBDCAADDABCABACBCCABCACBCCCCCBDBACABBBCBCBACCACADAACCCBABADBCCAAABBCCBB	['D12B', 'C37A']	2	-5.4008512	-7.3497767	-10.823759	-3.4739823
BCCDDDCDCDDBDCDDABCDABCABDBACBDCAADDABCABACBCCABCACBCCCCCBDBACABBBCBCBACCACADAACCCBABADBCCAAABBCCBB	['D12B', 'C37A']	2	-5.4008512	-7.3497767	-10.823759	-3.4739823
BCCDDDCDCCDDDCDDABCDABCABDBACBDCAADDCBCABACBCCABCACBCCCCCBDBACACBBCBCBACCACACAACCCBABADDCCAAABBCCBB	['D10C', 'B64C', 'D77C', 'B88D']	4	-5.402808	-7.2673903	-10.743323	-3.475933
BCCDDDCDCCDBBCDDABBAABCABDBACBDCAACDCBCACACBBDABCACBCCCCCBDBACDBBBCBCBACCACACAACCCBABADDCCAAABBCCBB	['D10C', 'D12B', 'D13B', 'C19B', 'D20A', 'D35C', 'B41C', 'C45B', 'C46D', 'A63D', 'D77C', 'B88D']	12	-5.403798	-6.0696187	-9.546546	-3.4769273
BCCDDDCDCDDDDCDDABCDABCABDBACBDCAADDCBCABACBCCABCACBCCCCCBDBACDDBBCBCBACCACACAACCCBABADBCCAAABBCCBB	['A63D', 'B64D', 'D77C']	3	-5.410803	-8.2902775	-11.774207	-3.4839296
BCCDDDCDCDDBDCDCABBDABCABDBACBDCAACDABCABACBCCABCACBCCCCCBDBACCCBBCBCBACCACACAACCCBABADBCCAABBBCCBB	['D12B', 'D16C', 'C19B', 'D35C', 'C37A', 'A63C', 'B64C', 'D77C', 'A93B']	9	-5.421508	-6.1740036	-9.668642	-3.4946384
BCCDDDCDCDDDDCDDABCDABCABDBACBDCAADDCBCABACBCCABCACBCCCCCBDBACABBBCBCCACCACACAACCCBABADBCCAAABBCCBB	['B70C', 'D77C']	2	-5.4225545	-8.463108	-11.958795	-3.4956865
BCCDDDCDCDDDDDDDABCDABCABDBACDDCAADDCBCABACBCCABCACBCCCCCBDBADDBBBCBCBACCACACAACCCBABADCCCAABBBCCBB	['C14D', 'B30D', 'C62D', 'A63D', 'D77C', 'B88C', 'A93B']	7	-5.4247503	-9.597327	-13.095201	-3.4978733
BCCDDDCDCDDCDDDDABCDABCABDBACBDCAADDCBCACACBCCABCACBCCCCCBDBACCDBBCBCBACCACACAACCCBABADBCCAABBBCCBB	['D12C', 'C14D', 'B41C', 'A63C', 'B64D', 'D77C', 'A93B']	7	-5.430381	-7.455927	-10.959434	-3.5035067
BCCDDDCDCDDDDCDDABCDABCABDBACBDCAADDCBCABACBCCABCACBCBCCDBDBACACBBCBCBACCACADAACCCBABADBCCAAABBCCBB	['C54B', 'C57D', 'B64C']	3	-4.723304	-7.8735666	-11.381485	-3.5079184
BCCDDDCDCDDABDCDABCDABCABDBACBDCAADDBBCABACBCCABCACBCCCCCBDBACCCBBCBCBADCACADAACCCBABADBCCAAABBCCBB	['D12A', 'D13B', 'C14D', 'D15C', 'C37B', 'A63C', 'B64C', 'C72D']	8	-5.436324	-6.152256	-9.661708	-3.5094519
BCCDDDCDCDDBDDDDABCDABCABDBACDDCAADDCBCABACBCDABCACBCCCCCBDBACDCBBCBCBACCACADAACCCBABADCCCAABBBCCBB	['D12B', 'C14D', 'B30D', 'C46D', 'A63D', 'B64C', 'B88C', 'A93B']	8	-5.4372735	-7.6460342	-11.156435	-3.5104008
BCCDDDCDCDDBDCDDABBDABCABDBACBDCAADDABCABACBCCABCACBCCCCCBDBACCBBBCBCBACCACADAACCCBABADBCCAAABBCCBB	['D12B', 'C19B', 'C37A', 'A63C']	4	-5.4378405	-6.6039886	-10.114959	-3.51097
BCCDDDCDCDDADCDDABCDABCABDBACBDCAADDCBCABACBCCABCACBCCCCCBDBADABBBCBCBACCACACAACCCBABADBCCAAABBCCBB	['D12A', 'C62D', 'D77C']	3	-5.4395494	-9.445375	-12.958055	-3.512679
BCCDDDCDCDDDBDCDABCAABCABDBACBDCAADDABCACACBCDABCACBCCCCCCDBACABBBCBCBACCACADAACCCBABADDCCAAABBCCBB	['D13B', 'C14D', 'D15C', 'D20A', 'C37A', 'B41C', 'C46D', 'B58C', 'B88D']	9	-5.4398766	-6.6191225	-10.132125	-3.5130024
BCCDDDCDCCDDBCDDABCDABCABDBACBDDAADDCBCABACBCDBBCACBCCCCCBDBACDABBABCBACCACACAACCCBABADBCCAABBBCCBB	['D10C', 'D13B', 'C32D', 'C46D', 'A47B', 'A63D', 'B64A', 'C67A', 'D77C', 'A93B']	10	-6.0911145	-5.450386	-9.614627	-3.5235124
BCCDDDCDCDDDDCDDABCDABCABDBACDDCAADDCBCABACBCCABCACBCCCCCBDBACDBBBCBCBACCACADAACCCBABADBCCAABBBCCBB	['B30D', 'A63D', 'A93B']	3	-5.4517145	-9.347521	-12.87236	-3.5248394
BCCDDDCDCDDDDCDDABCDABCABDBACDDCAADDCBCABACBCCABCACBCCCCCBDBACDBBBCBCBACCACADAACCCBABADBCCAABBBCCBB	['B30D', 'A63D', 'A93B']	3	-5.4517145	-9.347521	-12.87236	-3.5248394
BCCDDDCDCDDDDCDDABCDABCABDBACBDCAADDBBCABABBCCABCACBCCDCCBDBCDDBBBCBBBACCACACAACCCBABADBCCAAABBCCBB	['C37B', 'C43B', 'C55D', 'A61C', 'C62D', 'A63D', 'C69B', 'D77C']	8	-5.452297	-7.4367905	-10.962215	-3.525425
BCCDDDCDCDDDBCDDABCDABCABDBACDDCAADDCBCABACBCCABCACBCCCCCBDBACDCBBCBCBACCACADAACCCBABADBCCAAABBCCBB	['D13B', 'B30D', 'A63D', 'B64C']	4	-5.452323	-7.9024367	-11.427884	-3.5254474
BCCDDDCDCDDDDCDDCBCDABCABDBACBDCAADDABCABACBCCABCACBCCCCDBDBACDDBBCBCBACCACADAACCCBABADBCCAAABBCCBB	['A17C', 'C37A', 'C57D', 'A63D', 'B64D']	5	-5.455948	-8.405355	-11.934429	-3.5290737
BCCDDDCDCDDDDCDDABCAABCABDBACBDCAACACBCACACBCCABCACBCDCCCBDBADACBBCBCBACCBCADAACCCBABADBCCAAABBCCBB	['D20A', 'D35C', 'D36A', 'B41C', 'C54D', 'C62D', 'B64C', 'A74B']	8	-3.533277	-6.392323	-9.925595	-3.5332723
AAADDDCDCDDDDCDDABCDABCABDBACBDCAADDABCABACBCCABCACBCCCCCBDBADDBBBCBCBACCACACAACCCBABADDCCAAABBCCBB	['B1A', 'C2A', 'C3A', 'C37A', 'C62D', 'A63D', 'D77C', 'B88D']	8	-5.4604707	-8.916655	-12.450249	-3.5335941
BCCDDDCDCDDDDCDDABCDABCABDBACDDCAACACBCABAABCCABCACBCCCCCBDBADCCDBCBCBACCACADAACCCBABADBCCAAABBCCBB	['B30D', 'D35C', 'D36A', 'C43A', 'C62D', 'A63C', 'B64C', 'B65D']	8	-5.461795	-9.482223	-13.0171385	-3.534916
BCCDDDCDCBDDDCCDABCDABCABDBACDDCAADDCBCABACBCCABCACBCDCCCBDBACDBBBCBCBACCACACAACCCBABADCCBAABBBCCBB	['D10B', 'D15C', 'B30D', 'C54D', 'A63D', 'D77C', 'B88C', 'C90B', 'A93B']	9	-3.5354967	-6.8371587	-10.372659	-3.5355
BCCDDDCDCDDDBCCDABBDABCABDBACDDCAADDCBCACACBCCABCACBCCCCCBDBACACBBCBCBACCACADAACCCBABADCCCAAABBCCBB	['D13B', 'D15C', 'C19B', 'B30D', 'B41C', 'B64C', 'B88C']	7	-5.4658823	-8.294425	-11.83343	-3.5390053
BCCDDDCDCDDDBCCDABCDABCABDBACBDCAADDCBCACABBCCABCACBCCCCCBDBADCBBBCBCBACCACACAACCCBABADBCCAAABBCCBB	['D13B', 'D15C', 'B41C', 'C43B', 'C62D', 'A63C', 'D77C']	7	-5.468231	-9.123227	-12.664582	-3.5413551
BCCDDDCDCDDBDCDDABBDABCABDBACBDCAADDCBCABACBCDABCACBCCCCDBDBACDBBBCBCBCCCACACAACCCBABADDCBAABBBCCBB	['D12B', 'C19B', 'C46D', 'C57D', 'A63D', 'A71C', 'D77C', 'B88D', 'C90B', 'A93B']	10	-5.470652	-8.9346695	-12.478448	-3.5437784
BCCDDDCDCDDDBCDDABCDABCABDBACBDCAADDABCACACBCCABCACBCCCCCBDBACABBBCBCBADCACACAACCCBABADBCCAAABBCCBB	['D13B', 'C37A', 'B41C', 'C72D', 'D77C']	5	-5.471509	-7.4781127	-11.022748	-3.5446353
BCCDDDCDCDDDBCDDABCDABCABDBACBDCAADDABCACACBCCABCACBCCCCCBDBACABBBCBCBADCACACAACCCBABADBCCAAABBCCBB	['D13B', 'C37A', 'B41C', 'C72D', 'D77C']	5	-5.471509	-7.4781127	-11.022748	-3.5446353
BCCDDDCDCDDDBCDDABCDABCABDBACDDCCACAABCABACBCCABCACBCDCCCBDBADDBBBCBCBCCCACADAACCCBABADCCBAAABBCCBB	['D13B', 'B30D', 'A33C', 'D35C', 'D36A', 'C37A', 'C54D', 'C62D', 'A63D', 'A71C', 'B88C', 'C90B']	12	-3.5460234	-6.572473	-10.11849	-3.5460172
BCCDDDCDCDDDBCDDABBDABCABDBACBDCAADDCBCABABBCCABCACBCCCCCBDBACABBBCBCBACCACADAACCCBABADBCCAAABBCCBB	['D13B', 'C19B', 'C43B']	3	-5.4754405	-7.667202	-11.21577	-3.5485678
BCCDDDCDCDDDDCDDABCDABCABDBACDDCAADDCBCABACBCCABCACBCCCCCBDBACDCBBCBCBACCACACAACCCBABADCCCAABBBCCBB	['B30D', 'A63D', 'B64C', 'D77C', 'B88C', 'A93B']	6	-5.4769654	-8.913837	-12.463928	-3.5500908
BCCDDDCDCDDDBCCDABCDABCABDBACDDCAADDABCABACBCCABCACBCCCCDBDBACDBBBCBCBACCACADAACCCBABADCCCAAABBCCBB	['D13B', 'D15C', 'B30D', 'C37A', 'C57D', 'A63D', 'B88C']	7	-5.4793453	-8.92227	-12.474742	-3.552472
BCCDDDCDCDDDDCCDABCDABCABDBACDDCAADDABCABACBCCABCACBCCCCDBDCCCDBBBCBCBACCACADAACCCBABADBCCAABBBCCBB	['D15C', 'B30D', 'C37A', 'C57D', 'B60C', 'A61C', 'A63D', 'A93B']	8	-5.479775	-9.9841	-13.537003	-3.5529022
BCCDDDCDCDDDDCCDABCDABCABDBACDDCAADDABCABACBCCABCACBCCCCDBDCCCDBBBCBCBACCACADAACCCBABADBCCAABBBCCBB	['D15C', 'B30D', 'C37A', 'C57D', 'B60C', 'A61C', 'A63D', 'A93B']	8	-5.479775	-9.9841	-13.537003	-3.5529022
BCCDDDCDCDDDDCDDABCDABCABDBACDDCAACDABCABACBCCABCACBCCCCCBDBACDBBBCBCBACCACADAACCCBABADBCCAABBBCCBB	['B30D', 'D35C', 'C37A', 'A63D', 'A93B']	5	-5.4825873	-9.159895	-12.715609	-3.5557137
BCCDDDCDCDDBBADDABDDABCABDBACDDCDADAABCABACBDCABCACBCCCCCBDBACACBBCBCBACCACADAACCCBABADBCCAAABBCCBB	['D12B', 'D13B', 'C14A', 'C19D', 'B30D', 'A33D', 'D36A', 'C37A', 'C45D', 'B64C']	10	-6.5531816	-5.483015	-10.109326	-3.5561447
BCCDDDCDCDDBBADDABDDABCABDBACDDCDADAABCABACBDCABCACBCCCCCBDBACACBBCBCBACCACADAACCCBABADBCCAAABBCCBB	['D12B', 'D13B', 'C14A', 'C19D', 'B30D', 'A33D', 'D36A', 'C37A', 'C45D', 'B64C']	10	-6.5531816	-5.483015	-10.109326	-3.5561447
BCCDDDCDCDDBDCDDABCDABCABDBACBDCAADDCBCABACBCCABCACBCCCCCBDBADADBBCBCBACCACADAACCCBABADBCBAAABBCCBB	['D12B', 'C62D', 'B64D', 'C90B']	4	-5.4917107	-8.133253	-11.698088	-3.5648346
BCCDDDCDCDDDBDDDABCDABCABDBACDDCAADDCBCABACBCCABCACBCCCCCBDBADDBBBCBBBACCACADAACCCBABADCCCAAABBCCBB	['D13B', 'C14D', 'B30D', 'C62D', 'A63D', 'C69B', 'B88C']	7	-5.5054665	-7.228216	-10.806807	-3.5785904
BCCDDDCDCDDDDCDDABCDABCABDBACBDCAACDCBCABACBCCABCACBCBCCCBDBACDBBBCBBCACCACADAACCCBABADBCCAAABBCCBB	['D35C', 'C54B', 'A63D', 'C69B', 'B70C']	5	-4.794716	-6.8214765	-10.400809	-3.5793328
BCCDDDCDCDDCDDDDABCDABCABDBACBDCAADDABCABACBBCABCACBCCCCCBDBACDBBBCCCBACCACACAACCCBABADBCCAABBBCCBB	['D12C', 'C14D', 'C37A', 'C45B', 'A63D', 'B68C', 'D77C', 'A93B']	8	-5.507748	-7.7770557	-11.357935	-3.5808792
BCCDDDCDCDDDDCCDABCAABCABDBACBDCAAAACBCABACBCCABCACBCCCCCBDCADACBBCBCBADCACADAACCCBABADDCCAAABBCCBB	['D15C', 'D20A', 'D35A', 'D36A', 'B60C', 'C62D', 'B64C', 'C72D', 'B88D']	9	-5.5077634	-8.130293	-11.71118	-3.5808868
BCCDDDCDCDDDDCDDABCDABCABDBACDDCAACDBBCABACBCCABCACBCCCCCBDBACDBBBCBCBACCACADAACCCBABADBCCAAABBCCBA	['B30D', 'D35C', 'C37B', 'A63D', 'B99A']	5	-5.51868	-8.952179	-12.5439825	-3.5918036
BCCDDDCDCDDDDCDDABCDABCABDBACBDCAACACBCABACBCCABCACBCCCCDBDBADDBBBCBCBADCACADAACCCBABADDCAAAABBCCBB	['D35C', 'D36A', 'C57D', 'C62D', 'A63D', 'C72D', 'B88D', 'C90A']	8	-5.518876	-10.350592	-13.94259	-3.591998
BCCDDDCDCDDDDCDDABCDABCABDBACBDCAADDABCABACBCCABCACBCCCCCBDBACCBBBCBCBADCACACAACCCBABADBCCAAABBCCBB	['C37A', 'A63C', 'C72D', 'D77C']	4	-5.5214796	-7.326324	-10.920935	-3.5946107
BCCDDDCDCDDBDCDDABBDABCABDBACBDCAADDCBCABACBCCABCACBCCCCCBDBACCBBBCBCBACCACACAACCCBABADBCCAAABBCCBB	['D12B', 'C19B', 'A63C', 'D77C']	4	-5.524727	-7.3996725	-10.997532	-3.5978594
BCCDDDCDCDDBDCDDABBDABCABDBACBDCAADDCBCABACBCCABCACBCCCCCBDBACCBBBCBCBACCACACAACCCBABADBCCAAABBCCBB	['D12B', 'C19B', 'A63C', 'D77C']	4	-5.524727	-7.3996725	-10.997532	-3.5978594
BCCDDDCDCDDBDCDDABBDABCABDBACBDCAADDCBCABACBCCABCACBCCCCCBDBACCBBBCBCBACCACACAACCCBABADBCCAAABBCCBB	['D12B', 'C19B', 'A63C', 'D77C']	4	-5.524727	-7.3996725	-10.997532	-3.5978594
BCCDDDCDCDDDDCDDABCDABCABDBACBDCAADDCBCABACBCCABCACBCCCCCBDBACBBABCBCBADCACACAACCCBABADBCCAAABBCCBB	['A63B', 'B65A', 'C72D', 'D77C']	4	-5.528163	-8.226307	-11.8276	-3.6012926
BCCDDDCDCDDBBCDDABCDABCABDBACBDCAADDABCABACBCCABCACBCCCCCBDBACDBBBCBCBADCACACAACCCBABADBCCAAABBCCBB	['D12B', 'D13B', 'C37A', 'A63D', 'C72D', 'D77C']	6	-5.5310283	-6.7347937	-10.33895	-3.6041565
BCCDDDCDCDDABCDDABBDABCABDBACBDCAADDABCABACBCCABCACBCCCCCBDBACACBBCBCBACCACADAACCCBABADBCCAAABBCCBB	['D12A', 'D13B', 'C19B', 'C37A', 'B64C']	5	-5.5333242	-6.6719418	-10.278392	-3.60645
BCCDDDCDCDDDDCCDABCDABCABDBACDDCAAAABBCABACBCCABCACBCCCCCBDBACDBBBCBCBACCADADAACCCBABADCCCAABBBCCBB	['D15C', 'B30D', 'D35A', 'D36A', 'C37B', 'A63D', 'C75D', 'B88C', 'A93B']	9	-5.5349884	-9.308525	-12.916639	-3.6081142
BCCDDDCDCDDDDCCDABCDABCABDBACDDCAACCABCABACBDAABCACBCCCCCBDBACACBBCBCBACCACADAACCCBABADBCCAAABBCCBB	['D15C', 'B30D', 'D35C', 'D36C', 'C37A', 'C45D', 'C46A', 'B64C']	8	-5.538734	-9.952088	-13.563943	-3.6118546
BCCDDDCDCDDBDCCDABBAABCABDBACBDCAACABBCABACBCCABCACBCCCCDBDBDCCBBBCBCBAACACADAACCCBABADDCCAAABBCCBB	['D12B', 'D15C', 'C19B', 'D20A', 'D35C', 'D36A', 'C37B', 'C57D', 'A61D', 'A63C', 'C72A', 'B88D']	12	-5.5392222	-7.136732	-10.749082	-3.6123495
BCCDDDCDCDDDDCDDABCDABCABDBACBDCAADDCBCABACBCCABCACBCCCCCBDBACABBBCBDBACCACACAACCCBABADBCCAAABBCCBB	['C69D', 'D77C']	2	-5.5465527	-8.952803	-12.572483	-3.6196804
BCCDDDCDCDDDDCDDABCDABCABDBACBDCAADDCBCABACBCCABCACBCCCCCBDBACABBBCBDBACCACACAACCCBABADBCCAAABBCCBB	['C69D', 'D77C']	2	-5.5465527	-8.952803	-12.572483	-3.6196804
BCCDDDCDCDDBDCDDABCDABCABDBACBDCAADDABCABACBCCABCACBCCCCCBDBACACBBCBCBACCACACAACCCBABADBCCAAABBCCBB	['D12B', 'C37A', 'B64C', 'D77C']	4	-5.556259	-7.130911	-10.760299	-3.6293879
BCCDDDCDCDDDDCDDABCDABCABDBACDDCAACABBCACACBDCABCACBCCCCCBDBACDBBBCBCCACCACADAACCCBABADBCCAAABBCCBB	['B30D', 'D35C', 'D36A', 'C37B', 'B41C', 'C45D', 'A63D', 'B70C']	8	-5.5582614	-9.094928	-12.726312	-3.631384
BCCDDDCDCDDDDCDDABCDABCABDBACBDCAADDCBCABACBCCABCACBCBCCCBDBACBBBBCBCBACCACACAACCCBABADBCCAAABBCCBB	['C54B', 'A63B', 'D77C']	3	-4.8500133	-7.758489	-11.393119	-3.6346297
BCCDDDCDCDDDBCDDABCDABCABDBACDDCAADDCBCABACBCCABCACBCCCCCBDBACDBBBCBCBACCACADAACCCBABADBCCAAABBCCBB	['D13B', 'B30D', 'A63D']	3	-5.5628896	-8.390848	-12.026861	-3.636013
BCCDDDCDCDDBDCDDABCDABCABDBACBDCAADDCBCACACBCCABCACBCCCCCBDBACCBBBCBCBADCACACAACCCBABADBCCAAABBCCBB	['D12B', 'B41C', 'A63C', 'C72D', 'D77C']	5	-5.565185	-7.6607466	-11.299062	-3.6383152
BCCDDDCDCDDDDCDDABCDABCABDBACDDCAADDCBCABACBCCABCACBCCCCDBDBACDBBBCBCBACCACACAACCCBABADCCCAABBBCCBB	['B30D', 'C57D', 'A63D', 'D77C', 'B88C', 'A93B']	6	-5.5653787	-10.060388	-13.698894	-3.638506
BCCDDDCDCDDBDCDDABBDABCABDBACBDCAADDCBCABACBCCABCACBCCCCCBDBACABBBCBCBADCACACAACCCBABADBCCAAABBCCBB	['D12B', 'C19B', 'C72D', 'D77C']	4	-5.566782	-7.6361547	-11.276066	-3.6399112
BCCDDDCDCDDDBCDDABBDABCABDBACBDCAADDCBCABACBCCABCACBCCCCCBDBADACDBCBCCACCACADAACCCBABADBCCAAABBCCBB	['D13B', 'C19B', 'C62D', 'B64C', 'B65D', 'B70C']	6	-5.5669713	-7.490917	-11.131014	-3.6400967
BCCDDDCDCCDDBCDDABCDABCABDBACBDDAADDCBCABACBCDBBCACBCCCCCBDBACCABBCBCBACCACADAACCDBABADBCCAABBBCCBB	['D10C', 'D13B', 'C32D', 'C46D', 'A47B', 'A63C', 'B64A', 'C82D', 'A93B']	9	-5.617055	-5.5673776	-9.257561	-3.6405058
BCCDDDCDCDDDBCDDABCDABCABDBACDDCCACACBCABACBCBABCACBCDCCDBDBACDBBBCBCBACCACADAACCCBABADCCBAABBBCCBB	['D13B', 'B30D', 'A33C', 'D35C', 'D36A', 'C46B', 'C54D', 'C57D', 'A63D', 'B88C', 'C90B', 'A93B']	12	-3.6414857	-7.957947	-11.599428	-3.6414814
BCCDDDCDCDDDBCDDABCDABCABDBACDDCAAAACBCABACBCCABCACBCCCCDBDBACDBBBCBCBACCACADAACCCBABADBCCAAABBCCBB	['D13B', 'B30D', 'D35A', 'D36A', 'C57D', 'A63D']	6	-5.5717807	-9.14081	-12.785715	-3.644905
BCCDDDCDCDDBAADDABCAABCABDBACDDCAADDCBCABACBCCABCACBCCCCCBDBACDBBBCBCBACCACACAACCCBABADCCCAAABBCCBB	['D12B', 'D13A', 'C14A', 'D20A', 'B30D', 'A63D', 'D77C', 'B88C']	8	-5.5789294	-7.0114202	-10.663476	-3.6520557
BCCDDDCDCDDBAADDABCAABCABDBACDDCAADDCBCABACBCCABCACBCCCCCBDBACDBBBCBCBACCACACAACCCBABADCCCAAABBCCBB	['D12B', 'D13A', 'C14A', 'D20A', 'B30D', 'A63D', 'D77C', 'B88C']	8	-5.5789294	-7.0114202	-10.663476	-3.6520557
BCCDDDCDCDDDDCDDABCDABCABDBACBDCAADDCBCABABBCCABCACBCCCCCBDBACDBDBCBCBADCACADAACCCBABADBCCAAABBCCBB	['C43B', 'A63D', 'B65D', 'C72D']	4	-5.5797935	-8.634525	-12.287445	-3.6529198
BCCDDDCDCDDDDCDDABCDABCABDBACBDCAADDCBCABACBCDABCACBCCCCCBDBADDBBBCBCBACCACADAACCCBABADDCCAABBBCCBB	['C46D', 'C62D', 'A63D', 'B88D', 'A93B']	5	-5.587051	-9.458672	-13.118846	-3.6601744
BCCDDDCDCDDDDCDDABCDABCABDBACDDCAADDCBCABACBCCABCACBCCCCCBDBACDBBBCBCBACCACACAACCCBABADCCCAABBBCCBB	['B30D', 'A63D', 'D77C', 'B88C', 'A93B']	5	-5.587533	-9.402247	-13.062905	-3.660658
BCCDDDCDCDDDDCDDABCDABCABDBACDDCAADDCBCABACBCCABCACBCCCCCBDBACDBBBCBCBACCACACAACCCBABADCCCAABBBCCBB	['B30D', 'A63D', 'D77C', 'B88C', 'A93B']	5	-5.587533	-9.402247	-13.062905	-3.660658
BCCDDDCDCDDDBCCDABCDABCABDBACDDCAADDCBCABACBCCABCACBCCCCCBDBACDBBBCBCBACCACACAACCCBABADCCCAAABBCCBB	['D13B', 'D15C', 'B30D', 'A63D', 'D77C', 'B88C']	6	-5.588384	-9.059815	-12.721328	-3.6615124
BCCDDDCDCDDDDCDDABCDABCABDBACBDCAADDABCABACBCCABCACBCCCCCBDBACDDBBCBCBACCACACAACCCBABADBCCAAABBCCBB	['C37A', 'A63D', 'B64D', 'D77C']	4	-5.589892	-7.7641387	-11.427159	-3.6630206
BCCDDDCDCDDDDCDDABCDABCABDBACBDCCADDABCACACBCDABCACBCCCCCBDBACDBBBCBCBACCACACAACCCBABADDCCAABBBCCBB	['A33C', 'C37A', 'B41C', 'C46D', 'A63D', 'D77C', 'B88D', 'A93B']	8	-5.5932803	-8.997686	-12.664095	-3.6664085
BCCDDDCDCDDBDCDDABBDABCABDBACBDCAADDCBCABACBCCABCACBCCCCCBDBACABBBCBDBACCACADAACCCBABADBCCAAABBCCBB	['D12B', 'C19B', 'C69D']	3	-5.5941386	-7.932504	-11.599773	-3.6672692
BCCDDDCDCDDBDCDDABBDABCABDBACBDCAADDCBCABACBCCABCACBCCCCCBDBACABBBCBDBACCACADAACCCBABADBCCAAABBCCBB	['D12B', 'C19B', 'C69D']	3	-5.5941386	-7.932504	-11.599773	-3.6672692
BCCDDDCDCDDDBCCDABCAABCABDBACDDCAADDCBCABACBCDABCACBCCCCCBDBACDBBBCBBBACCACACAACCCBABADCCCAAABBCCBB	['D13B', 'D15C', 'D20A', 'B30D', 'C46D', 'A63D', 'C69B', 'D77C', 'B88C']	9	-5.594174	-7.065016	-10.732314	-3.6672983
BCCDDDCDCDDDDCDDABCDABCABDBACDDCAADDCBCABACBCAABCACBCCCCCBDBACCCBBCBCBADCACADAACCCBABADBCCAAABBCCBB	['B30D', 'C46A', 'A63C', 'B64C', 'C72D']	5	-5.5999904	-7.9420238	-11.615138	-3.6731143
BCCDDDCDCDDBDCDCABBDABCABDBACBDCAADDCBCABACBCCABCACBCCCCCBDBACACBBCBCBACCACACAACCCBABADBCCACABBCCBB	['D12B', 'D16C', 'C19B', 'B64C', 'D77C', 'A92C']	6	-5.6112113	-7.023141	-10.70748	-3.6843395
BCCDDDCDCDDDDCDDABCDABCABDBACBDCAADDCBCABACBCCABCACBCCCCCBDBACDDBBCBCBADCACACAACCCBABADBCCAABBBCCBB	['A63D', 'B64D', 'C72D', 'D77C', 'A93B']	5	-5.612995	-8.218641	-11.904762	-3.686121
BCCDDDCDCDDDDCDDABCDABCABDBACDDCAADDCBCABACBCDABCACBCCCCCBDBACDBBBCBBBACCACACAACCCBABADCCCAAABBCCBB	['B30D', 'C46D', 'A63D', 'C69B', 'D77C', 'B88C']	6	-5.614144	-7.9267483	-11.61402	-3.687272
BCCDDDCDCDDDDCCDABCDABCABDBACDDCAADACBCACACBCCABCACBCCCCCBDBACABBBCCABACCACADAACCCBABADBCCAABBBCCBB	['D15C', 'B30D', 'D36A', 'B41C', 'B68C', 'C69A', 'A93B']	7	-5.6154	-10.290501	-13.979026	-3.6885252
BCCDDDCDCDDADCDDABCDABCABDBACBDCAADDCBCACACBCCABCACBCCCCCBDBADDBBBCBCBABCADADAACCCBABADBCAAAABBCCBB	['D12A', 'B41C', 'C62D', 'A63D', 'C72B', 'C75D', 'C90A']	7	-5.618839	-10.077553	-13.769512	-3.6919594
BCCDDDCDCDDDDCDDABCDABCABDBACBDCDADDDBCABACBCCABCACBCCCCCBDBADDDBBCBBBACCACADAACCCBABADBCCAAABBCCBB	['A33D', 'C37D', 'C62D', 'A63D', 'B64D', 'C69B']	6	-5.6188536	-6.7321305	-10.424111	-3.6919808
BCCDDDCDCDDADCDDABCDABCABDBACDDCAADDCBCABACBCCABCACBCCCCCBDCACDBBBCBCBACCACACAACCCBABADCCCAABBBCCBB	['D12A', 'B30D', 'B60C', 'A63D', 'D77C', 'B88C', 'A93B']	7	-5.621339	-9.37649	-13.070956	-3.6944666
BCCDDDCDCDDADCDDABCDABCABDBACBDCAADDCBCABACBCCABCACBCCCCCBDBACDDBBCBCBACCACADAACCCBABADBCCAAABBCCBB	['D12A', 'A63D', 'B64D']	3	-5.623644	-8.233593	-11.930361	-3.6967678
BCCDDDCDCDDDDCDDABCDABCABDBACDDCAADDABCABACBBCABCACBCCCCDBDBACDBBBCBCBACCACACAACCCBACADCCCAAABBCCBB	['B30D', 'C37A', 'C45B', 'C57D', 'A63D', 'D77C', 'B85C', 'B88C']	8	-5.6341534	-9.1628	-12.870083	-3.707283
BCCDDDCDCDDBDCDDABBDABCABDBACBDCAADDCBCACACBCCABCACBCCCCCBDBACCBBBCBCBACCACADAACCCBABADBCCAAABBDCBB	['D12B', 'C19B', 'B41C', 'A63C', 'C96D']	5	-5.6373816	-7.6038847	-11.314394	-3.7105093
BCCDDDCDCDDADCDDABADABCABDBACBDCAADDABCABACBCCABCACBCCCCCBDBACACBBCBDBACCACADAACCCBABADBCCAAABBCCBB	['D12A', 'C19A', 'C37A', 'B64C', 'C69D']	5	-5.639273	-7.49836	-11.210762	-3.7124019
BCCDDDCDCDDDDCDDABCDABCABDBACBDCAADDCBCABACBCCABCACBCCCCCBDBACCADBCBCBACCACADAACCCBABADBCCAAABBCCBB	['A63C', 'B64A', 'B65D']	3	-5.644152	-6.673095	-10.390379	-3.7172837
BCCDDDCDCDDDDCDDABCDABCABDBACBDCAADDCBCABACBBCABCACBCCCCCBDBACABBBCBDBACCACADAACCCBABADBCCAAABBCCBB	['C45B', 'C69D']	2	-5.645351	-8.500095	-12.218577	-3.718482
BCCDDDCDCDDDDCDDABCDABCABDBACDDCAADDCBCABACBCCABCACBCCCCCBDBACDBBBCBCBACCACACAACCCBABADBCCAAABBCCBB	['B30D', 'A63D', 'D77C']	3	-5.6467214	-9.390741	-13.110589	-3.7198477
BCCDDDCDCDDDDCDCABCDABCABDBACBDCAADDCBAABACBCCABCACBCCCCCBDBABACBBCBCBADCACACAACCCBABADBCCAAABBCCBB	['D16C', 'C39A', 'C62B', 'B64C', 'C72D', 'D77C']	6	-5.651415	-7.8437805	-11.568318	-3.7245378
BCCDDDCDCDDBDCDCABBDABCABDBACBDCAADDCBAABACBCCABCACBCCCCCBDBABCCBBCBCBACCACADAACCCBABADBCCAAABBCCBB	['D12B', 'D16C', 'C19B', 'C39A', 'C62B', 'A63C', 'B64C']	7	-5.6569448	-6.587002	-10.31707	-3.7300682
BCCDDDCDCDDDDCDDABCDABCABDBACBDCAACDCBCABACBCDABCACBCCCCCBDBACDBBBCBCBADCACADAACCCBABADDCCAAABBCCBB	['D35C', 'C46D', 'A63D', 'C72D', 'B88D']	5	-5.660354	-8.72525	-12.458731	-3.7334805
BCCDDDCDCDDDDDDDABBDABCABDBACDDCAADDCBCABACBCCABCACBCCCCCBDBACACBBCBCBACCACADAACCCBABADBCCAAABBCCBB	['C14D', 'C19B', 'B30D', 'B64C']	4	-5.6656456	-7.9250917	-11.663862	-3.7387705
BCCDDDCDCDDDDCDDABBDABCABDBACDDCAADDCBCABACBCCABCACBCCCCCBDBACDBBBCBCBADCACACAACCCBABADCCCAABBBCCBB	['C19B', 'B30D', 'A63D', 'C72D', 'D77C', 'B88C', 'A93B']	7	-5.6665764	-8.892942	-12.632641	-3.7396984
BCCDDDCDCDDDBCDDACCCABCABDBACDDCAACACBCABACBDCABCACBCCCCCBDBACABBBCBCBACCACADAACCCBABADBCCAAABBCCBB	['D13B', 'B18C', 'D20C', 'B30D', 'D35C', 'D36A', 'C45D']	7	-5.6670003	-8.416758	-12.156879	-3.7401218
BCCDDDCDCDDDDCDDABCDABCABDBACBDCAADDABCABACBCCABCACBCCCCCBDBACDBBBCBCBABCACACAACCCBABADBCCAAABBDCBB	['C37A', 'A63D', 'C72B', 'D77C', 'C96D']	5	-5.671397	-8.490377	-12.234902	-3.744525
BCCDDDCDCDDABCDDABCDABCABDBACBDCAADDCBCABACBCCABCACBCCCCCBDBACACBBCBCBACCACACAACCCBABADBCCAAABBCCBB	['D12A', 'D13B', 'B64C', 'D77C']	4	-5.672389	-7.67897	-11.424487	-3.7455173
BCCDDDCDADDDBCDDABCDABCABDBACDDCAACACBCABACBCCABCACBCCCCDBDBADDDBBCBCBACCACADAACCCBABADCCCAAABBCCBB	['C9A', 'D13B', 'B30D', 'D35C', 'D36A', 'C57D', 'C62D', 'A63D', 'B64D', 'B88C']	10	-5.6741033	-9.32971	-13.076938	-3.7472277
BCCDDDCDCDDBDCDDABCDABCABDBACBDCAADDCBCABACBCCABCACBCCCCCBDBACDBBBCBCBACCACADAACCCBABADBCCACABBDCBB	['D12B', 'A63D', 'A92C', 'C96D']	4	-5.6748853	-8.499155	-12.247167	-3.7480116
BCCDDDCDCDDDDCDDABCDABCABDBACBDCAADDCBCABACBCDABCACBCCCCCBDBACDBBBCBCBACCACADAACCCBABADDCCAAABBCCBB	['C46D', 'A63D', 'B88D']	3	-5.6773467	-8.6847	-12.435174	-3.750474
BCCDDDCDCADDBCDDABCDABCABDBACDDCAADDCBCABACBCCABCACBCDCCDBDBADDBBBBBCBCACACACAACCCBABADCCBAABBBCCBB	['D10A', 'D13B', 'B30D', 'C54D', 'C57D', 'C62D', 'A63D', 'C67B', 'A71C', 'C72A', 'D77C', 'B88C', 'C90B', 'A93B']	14	-3.756785	-5.3910613	-9.147847	-3.7567859
BCCDDDCDCDDDDCDDABCDABCABDBACDDCAADDCBCACACBCDABCACBCCCCCBDBACABBBCBCBACCACACAACCCBABADCCCAAABBCCBB	['B30D', 'B41C', 'C46D', 'D77C', 'B88C']	5	-5.6848474	-9.273551	-13.031526	-3.7579746
BCCDDDCDCDDDBCDDABBDABCABDBACBDCAADDABCABACBCCABCACBCCCCCBDBACACBBCBCBACCACACAACCCBABADBCCAAABBCCBA	['D13B', 'C19B', 'C37A', 'B64C', 'D77C', 'B99A']	6	-5.6852727	-6.907535	-10.665931	-3.7583957
AAADDDCDCDDBDCDDABCDABCABDBACDDCAADDCBCABACBCDABCACBCCCCCBDBACDBBBCBCBACCACACAACCCBABADBCCACBBBCCBB	['B1A', 'C2A', 'C3A', 'D12B', 'B30D', 'C46D', 'A63D', 'D77C', 'A92C', 'A93B']	10	-5.6875925	-9.1593895	-12.920106	-3.7607164
BCCDDDCDCDDDDDCDABBDABCABDBACBDCAADDBBCABACBCCABCACBCCCCCBDBACADBBCBCBACCACACAACCCBABADBCCAABBBCCBB	['C14D', 'D15C', 'C19B', 'C37B', 'B64D', 'D77C', 'A93B']	7	-5.688274	-7.7367144	-11.498112	-3.7613974
BCCDDDCDCDDBDCDDABCDABCABDBACBDCDADDABCABACBCCABCACBCCCCCBDBADDDBBCBBBACCACADAACCCBABADBCCAAABBCCBB	['D12B', 'A33D', 'C37A', 'C62D', 'A63D', 'B64D', 'C69B']	7	-5.6889486	-5.8886995	-9.650775	-3.7620754
BCCDDDCDCDDDDCDDABCDABCABDBACDDCAADDCBCABACBCCABCACBCCCCDBDBACDBBBCBCBACCACACAACCCBABADBCCAABBBCCBB	['B30D', 'C57D', 'A63D', 'D77C', 'A93B']	5	-5.695535	-10.275207	-14.043868	-3.7686615
BCCDDDCDCDDDBDDDABCDABCABDBACDDCAADDCBCABACBCCABCACBCCCCCBDBACDBBBCBCBACCACACAACCCBABADCCCAAABBCCBB	['D13B', 'C14D', 'B30D', 'A63D', 'D77C', 'B88C']	6	-5.69719	-8.093008	-11.863322	-3.7703142
BCCDDDCDCDDDDCDDABCDABCABDBACBDCAADDABCABACBCCABCACBCCCCCBDBACCBBBCBCCAACACACAACCCBABADBCCAAABBCCBB	['C37A', 'A63C', 'B70C', 'C72A', 'D77C']	5	-5.705142	-6.888337	-10.666609	-3.7782717
BCCDDDCDCDDDDCDDABCDABCABDBACBDCAADDCBCABACBCCABCACBCACCCBDBACCBBBCBCBACCACADAACCCBABADBCCAAABBCCBB	['C54A', 'A63C']	2	-4.9451914	-7.11996	-10.899202	-3.7792425
BCCDDDCDCDDDBDDDABCDABCABDBACBDCAADDCBCABACBCCABCACBCCCCCBDBACDBDBCBCCACCACACAACCCBABADBCCAAABBCCBB	['D13B', 'C14D', 'A63D', 'B65D', 'B70C', 'D77C']	6	-5.7062736	-7.703787	-11.483186	-3.779399
BCCDDDCDCDDDBCCDABCDABCABDBACDDCAACAABCABACBDCABCACBCCCCDBDBACDBBBCBCBACCACADAACCCBABADBCCAAABBCCBB	['D13B', 'D15C', 'B30D', 'D35C', 'D36A', 'C37A', 'C45D', 'C57D', 'A63D']	9	-5.708045	-9.671327	-13.452498	-3.7811718
BCCDDDCDCDDBDCDDABCDABCABDBACBDCAADDCBCABACBCCABCACBCCCCCBDBACCBBBCBCBADCACACAACCCBABADBCCAAABBCCBB	['D12B', 'A63C', 'C72D', 'D77C']	4	-5.708129	-7.3130536	-11.094315	-3.781261
BCCDDDCDCDDDDCDDABCDABCABDBACDDCAACCABCABACBDCABCACBCCCCCBDBACDBBBCBACACCACADAACCCBABADBCCAAABBCCBB	['B30D', 'D35C', 'D36C', 'C37A', 'C45D', 'A63D', 'C69A', 'B70C']	8	-5.71581	-9.305137	-13.094068	-3.788931
BCCDDDCDCDDDDCDDABCDABCABDBACDDCAADDCBCABACBCDABCACBCCCCCBDBACACBBCBCBACCACACAACCCBABADCCCAAABBCCBB	['B30D', 'C46D', 'B64C', 'D77C', 'B88C']	5	-5.7172236	-8.4374485	-12.227801	-3.7903528
BCCDDDCDCDDDDCDDABCDABCABDBACDDCAADDCBCABACBCDABCACBCCCCCBDBACACBBCBCBACCACACAACCCBABADCCCAAABBCCBB	['B30D', 'C46D', 'B64C', 'D77C', 'B88C']	5	-5.7172236	-8.4374485	-12.227801	-3.7903528
BCCDDDCDCDDDDCDDABCDABCABDBACBDCAADDABCACACBCCABCACBCCCCCBDBACCDBBCBCBACCACADAACCCBABADBCCAAABBCCBB	['C37A', 'B41C', 'A63C', 'B64D']	4	-5.719308	-7.164059	-10.956493	-3.7924342
BCCDDDCDCDDDDCDDABBDABCABDBACBDCAADDABCABACBCCABCACBCCCCCBDBACACABCBCBACCACADAACCCBABABBCCAAABBCCBB	['C19B', 'C37A', 'B64C', 'B65A', 'D87B']	5	-5.719355	-7.296009	-11.08849	-3.7924805
BCCDDDCDCDDDDCDDABCDABCABDBACDDCAADDCBCABACBCCABCACBCCCCCBDBACDDBBCBCBCCCACACAACCCBABADCCCAAABBCCBB	['B30D', 'A63D', 'B64D', 'A71C', 'D77C', 'B88C']	6	-5.7262473	-8.236193	-12.035566	-3.7993736
BCCDDDCDCDDDBCDDABCDABCABDBACBDDAACDABCABACBCDBBCACBCCCCCBDBADDBBBCBCBACCACADAACCCBABADBCBAABBCCCBB	['D13B', 'C32D', 'D35C', 'C37A', 'C46D', 'A47B', 'C62D', 'A63D', 'C90B', 'A93B', 'B95C']	11	-5.7267666	-8.432872	-12.232759	-3.7998877
BCCDDDCDCDDDDCDDABCDABCABDBACBDCAACDCBCABACBCDABCACBCCCCCBDBACDBBBCBCBADCACADAACCCBABADDCCAABBBCCBB	['D35C', 'C46D', 'A63D', 'C72D', 'B88D', 'A93B']	6	-5.7313223	-8.951575	-12.756023	-3.8044481
BCCDDDCDCDDDDCDDABCDABCABDBACBDCAACDCBCABACBCDABCACBCCCCCBDBACDBBBCBCBADCACADAACCCBABADDCCAABBBCCBB	['D35C', 'C46D', 'A63D', 'C72D', 'B88D', 'A93B']	6	-5.7313223	-8.951575	-12.756023	-3.8044481
BCCDDDCDCADADCDDABCDABCABDBACDDCAADDCBCABACBBCABCACBCCCCCBDBACDBBBCBCBACCACACAACCCBABADCCCAABBBCCBB	['D10A', 'D12A', 'B30D', 'C45B', 'A63D', 'D77C', 'B88C', 'A93B']	8	-5.7421618	-7.805682	-11.620971	-3.8152885
BCCDDDCDCDDDDDDCABCDABCABDBACBDCAADDABCACACBCCABCACBCCCCCBDBADCDBBCBCBAACACACAACCCBABADBCCAAABBCCBB	['C14D', 'D16C', 'C37A', 'B41C', 'C62D', 'A63C', 'B64D', 'C72A', 'D77C']	9	-5.742338	-6.338539	-10.154002	-3.815463
BCCDDDCDCDDDDDDCABCDABCABDBACBDCAADDABCACACBCCABCACBCCCCCBDBADCDBBCBCBAACACACAACCCBABADBCCAAABBCCBB	['C14D', 'D16C', 'C37A', 'B41C', 'C62D', 'A63C', 'B64D', 'C72A', 'D77C']	9	-5.742338	-6.338539	-10.154002	-3.815463
BCCDDDCDCDDDDDDCABCDABCABDBACBDCAADDABCACACBCCABCACBCCCCCBDBADCDBBCBCBAACACACAACCCBABADBCCAAABBCCBB	['C14D', 'D16C', 'C37A', 'B41C', 'C62D', 'A63C', 'B64D', 'C72A', 'D77C']	9	-5.742338	-6.338539	-10.154002	-3.815463
BCCDDDCDCDDDDDDDABCDABCABDBACDDCAADDABCACACBCCABCACBCCCCCBDBACACBBCBCBACCACADAACCCBABADBCCAAABBCCBB	['C14D', 'B30D', 'C37A', 'B41C', 'B64C']	5	-5.7539706	-7.9579887	-11.785087	-3.827098
BCCDDDCDCDDDDDDDABCDABCABDBACDDCAADDABCACACBCCABCACBCCCCCBDBACACBBCBCBACCACADAACCCBABADBCCAAABBCCBB	['C14D', 'B30D', 'C37A', 'B41C', 'B64C']	5	-5.7539706	-7.9579887	-11.785087	-3.827098
BCCDDDCDCDDDDCDDABCDABCABDBACDDCAADDABCABACBCCABCACBCCCCCBDBACDBBBCBCBACCACACAACCCBABADCCCAABBBCCBB	['B30D', 'C37A', 'A63D', 'D77C', 'B88C', 'A93B']	6	-5.7666216	-8.876108	-12.715858	-3.8397503
BCCDDDCDCDDDBCDDABCDABCABDBACDDCAADDCBCABACBCCABCACBCCCCCBDBACDBBBCBCBACCACACAACCCBABADCCCAABBBCCBB	['D13B', 'B30D', 'A63D', 'D77C', 'B88C', 'A93B']	6	-5.769676	-8.6719	-12.514703	-3.842803
BCCDDDCDCDDADDCDABCDABCABDBACDDCAADDCBCABACBCCABCACBCCCCDBDBADDBBBCBCBACCACACAACCCBABADCCCAABBBCCBB	['D12A', 'C14D', 'D15C', 'B30D', 'C57D', 'C62D', 'A63D', 'D77C', 'B88C', 'A93B']	10	-5.7710886	-11.082569	-14.926784	-3.8442144
BCCDDDCDCDDBBCDDABBDABCABDBACBDCAACDCBCABACBCCABCACBCCCCCBDBACACDBCBCBADCACADAACCCBABADBCCAAABBCCBB	['D12B', 'D13B', 'C19B', 'D35C', 'B64C', 'B65D', 'C72D']	7	-5.7764263	-6.6661735	-10.515725	-3.8495517
BCCDDDCDCDDDDCDDABCDABCABDBACDDCAADDCBCACACBBCABCACBCCCCDBDBACDBBBCBCBACCACACAACCCBABADCCCAABBBCCBB	['B30D', 'B41C', 'C45B', 'C57D', 'A63D', 'D77C', 'B88C', 'A93B']	8	-5.7872076	-10.224918	-14.085255	-3.8603363
BCCDDDCDCDDDDDDDABCDABCABDBACDDCAADDBBCABACBCCABCACBCCCCCBDBACDBBBCBBBACCACACAACCCBABADBCCAAABBCCBB	['C14D', 'B30D', 'C37B', 'A63D', 'C69B', 'D77C']	6	-5.8020782	-7.208844	-11.084053	-3.8752089
BCCDDDCDCDDDDCDDABCDABCABDBACBDCAADDCBCABACBCCABCACBCCCCCBDBACDBBBCBCBACCACADAACCCBABADDCCAAABBCCBB	['A63D', 'B88D']	2	-5.8152843	-8.790981	-12.679395	-3.8884134
BCCDDDCDCDDBBCCDABCDABCABDBACDDCAADDCBCABACBCDABCACBCCCCCBDBACDBBBCBCBACCACACAACCCBABADCCCAAABBCCBB	['D12B', 'D13B', 'D15C', 'B30D', 'C46D', 'A63D', 'D77C', 'B88C']	8	-5.8161864	-8.414125	-12.303438	-3.8893127
BCCDDDCDCDDBDCDDABCDABCABDBACDDCAADDCBCABACBCCABCACBCCCCCBDBADDBBBCBBBACCACADAACCCBABADBCCAAABBCCBB	['D12B', 'B30D', 'C62D', 'A63D', 'C69B']	5	-5.820738	-7.986541	-11.880405	-3.8938646
BCCDDDCDCDDDBCDDABCDABCABDBACDDCAADDCBCABACBCCABCACBCCCCCBDBACDCBBCBCBACCADADAACCCBABADBCCAAABBCCBB	['D13B', 'B30D', 'A63D', 'B64C', 'C75D']	5	-5.8236723	-8.058635	-11.955432	-3.8967972
AAADDDCDCDDDBCDDABCDABCABDBACBDDAADDCBCABACBCDBBCACBCCCCCBDBACDBBBCBCBAACACADAACCCBABADBCCAAABBCCBB	['B1A', 'C2A', 'C3A', 'D13B', 'C32D', 'C46D', 'A47B', 'A63D', 'C72A']	9	-5.836849	-7.463345	-11.373319	-3.9099736
BCCDDDCDCDDDDCDDABBDABCABDBACDDCAADDABCABACBCCABCACBCCCCCBDBACACBBCBCBACCACADAACCCBABADBCCAAABBCCBB	['C19B', 'B30D', 'C37A', 'B64C']	4	-5.8462534	-7.75152	-11.6709	-3.9193802
BCCDDDCDCDDDDCDDABCDABCABDBACBDCAADDCBCABACBBCABCACBCCCCCBDBACDDBBCBCBACCACACAACCCBABADBCCAABBBCCBB	['C45B', 'A63D', 'B64D', 'D77C', 'A93B']	5	-5.8465443	-8.33344	-12.253109	-3.9196692
BCCDDDCDCDDDDCDDABCDABCABDBACBDCAADDCBCABACBBCABCACBCCCCCBDBACDDBBCBCBACCACACAACCCBABADBCCAABBBCCBB	['C45B', 'A63D', 'B64D', 'D77C', 'A93B']	5	-5.8465443	-8.33344	-12.253109	-3.9196692
BCCDDDCDCDDDDCDDABCDABCABDBACDDCAADDCBCABACBCCABCACBCCCCCBDBCDDBBBCBCBACCACACAACCCBABADCCCAABBBCCBB	['B30D', 'A61C', 'C62D', 'A63D', 'D77C', 'B88C', 'A93B']	7	-5.8527246	-10.078849	-14.004699	-3.92585
BCCDDDCDCDDDBCDDABCDABCABDBACBDCAADDCBCABACBBCABCACBCCCCCBDBACBBBBCBCBADCACACAACCCBABADBCCAAABBBBBA	['D13B', 'C45B', 'A63B', 'C72D', 'D77C', 'C96B', 'C97B', 'B99A']	8	-5.8742185	-7.5778275	-11.52517	-3.9473429
BCCDDDCDCDDDDCDDABCDABCABDBACDDCAADDBBCABABBCDABCACBCCCCCBDBACCBBBCBCBBACADACAACCCBABADBCCAABBBCCBB	['B30D', 'C37B', 'C43B', 'C46D', 'A63C', 'A71B', 'C72A', 'C75D', 'D77C', 'A93B']	10	-5.8787613	-7.5694237	-11.521313	-3.951889
BCCDDDCDCDDADCDDABCDABCABDBACDDCAADDBBCABACBCCABCACBCCCCDBDBACDBBBCBCBACCACACAACCCBABADCCCAAABBCCBB	['D12A', 'B30D', 'C37B', 'C57D', 'A63D', 'D77C', 'B88C']	7	-5.894586	-9.360486	-13.328199	-3.9677134
BCCDDDCDCDDDDCDDABCDABCABDBACDDCAADDABCABACBCCABCACBCCCCCBDBACDBBBCBCBACCACACAACCCBABADBCCAABBBCCBB	['B30D', 'C37A', 'A63D', 'D77C', 'A93B']	5	-5.896778	-9.090927	-13.060834	-3.9699068
BCCDDDCDCDDDBCCDACCDABCABDBACBDCAADDBBCABACBCCABCACBCCCCCBDBACACBBCBCBACCACADAACCCBABADBCAAAABBDCBB	['D13B', 'D15C', 'B18C', 'C37B', 'B64C', 'C90A', 'C96D']	7	-5.8983603	-7.623293	-11.594775	-3.9714823
BCCDDDCDCDDDDCDDABCDABCABDBACDDCAADDABCABACBCCABCACBCCCCCBDBACACBBCBCBACCACADAACCCBABADBCCAAABBCCBB	['B30D', 'C37A', 'B64C']	3	-5.898433	-7.962864	-11.934424	-3.9715605
BCCDDDCDCDDDBCDDABCAABCABDBACDDCAACACBCABACBDCABCACBCCCCCBDBACACBBCBCBACCACADAACCCBABADBCCAAABBCCBB	['D13B', 'D20A', 'B30D', 'D35C', 'D36A', 'C45D', 'B64C']	7	-5.9082413	-7.547265	-11.528629	-3.9813643
BCCDDDCDCDDDBCDDABCDABCABDBACDDCDACCCBCABACBDCABCACBCCCCCBDBACACBBCBCBACCACADAACCCBABADBCCAAABBCCBB	['D13B', 'B30D', 'A33D', 'D35C', 'D36C', 'C45D', 'B64C']	7	-5.9168997	-8.376971	-12.366996	-3.9900246
BCCDDDCDCDDDDCDDABCDABCABDBACDDCAADDCBCABACBCDABCACBCCCCCBDBACDBDBCBCBADCACADAACCCBABADBCCAAABBCCBB	['B30D', 'C46D', 'A63D', 'B65D', 'C72D']	5	-5.926291	-8.896764	-12.896181	-3.9994173
BCCDDDCDCDDDBCDDABCDABCABDBACBDDAADDCBCABACBCDBBCACBCCCCCBDBACDCBBCBCBACCACADAACCCBABADBCBADBBBCCBB	['D13B', 'C32D', 'C46D', 'A47B', 'A63D', 'B64C', 'C90B', 'A92D', 'A93B']	9	-5.9362655	-7.477872	-11.487258	-4.009386
BCCDDDCDCDDDBCDDABCDABCABDBACBDCAADDABCABACBCCABCACBCCCCCBDBACCBABCBCBACCACACAACCCBABADBDCAAABBCCBB	['D13B', 'C37A', 'A63C', 'B65A', 'D77C', 'C89D']	6	-5.9519773	-7.1082816	-11.133388	-4.025106
BCCDDDCDCADDDCCDABCDABCABDBACDDCAADDCBCACACBBCABCACBCCCCDBDBACDDBBCBCCACCACACAACCCBABADCCCAAABBCCBB	['D10A', 'D15C', 'B30D', 'B41C', 'C45B', 'C57D', 'A63D', 'B64D', 'B70C', 'D77C', 'B88C']	11	-5.955483	-8.226435	-12.255043	-4.0286083
BCCDDDCDCADBDCDDABBDABCABDBACDDCAADDCBCABACBBCABCACBCCCCCBDBACDBBBCBCBACCACACAACCCBABADCCCACBBBCCBB	['D10A', 'D12B', 'C19B', 'B30D', 'C45B', 'A63D', 'D77C', 'B88C', 'A92C', 'A93B']	10	-5.9576206	-7.195463	-11.226211	-4.0307474
BCCDDDCDCDDDDCDDABCDABCABDBACBDDAACDBBCACACBCCBBCACBCCCCCBDBACDBBBCBCAACAACACAACCCBABADBCCAABBBCCBB	['C32D', 'D35C', 'C37B', 'B41C', 'A47B', 'A63D', 'B70A', 'C73A', 'D77C', 'A93B']	10	-5.999549	-9.695116	-13.767785	-4.072669
BCCDDDCDCDDDDCDDABCDABCABDBACBDCAADDCBCACACBCCABCACBCCCCCBDBACDBBBCBCBACCACACAACCCBABADDCCAABBBCCBB	['B41C', 'A63D', 'D77C', 'B88D', 'A93B']	5	-6.0092826	-9.634544	-13.716952	-4.082408
BCCDDDCDCDDBDCDDABBDABCABDBACBDCAADDCBCABACBCCABCACBCCCCCBDBADABBBCBCBABCADACAACCCBABADBCCAABBBCCBB	['D12B', 'C19B', 'C62D', 'C72B', 'C75D', 'D77C', 'A93B']	7	-6.014515	-8.926088	-13.01373	-4.0876417
BCCDDDCDCDDDDCDDABCDABCABDBACBDCAADDABCACACBCCABCACBCCCCCBDBACABBBCBABACCACADAACCCBABADDCCAAABBCCBB	['C37A', 'B41C', 'C69A', 'B88D']	4	-6.0656414	-8.311035	-12.449808	-4.138773
BCCDDDCDCDDDDDCDABCDABCABDBACBDDAACDCBCACACBCCBBCACBCCCCCBDBACDBBBCBCBACCACADAACCCBABADBCCAABBBCCBB	['C14D', 'D15C', 'C32D', 'D35C', 'B41C', 'A47B', 'A63D', 'A93B']	8	-6.084891	-10.153748	-14.311761	-4.1580133
BCCDDDCDCDDDDCDDABCDABCABDBACBDCAADDCBCABACBCCABCACBCCCCCBDBADCDBBCBCCACCACACAACCCBABADBCCAAABBCCBB	['C62D', 'A63C', 'B64D', 'B70C', 'D77C']	5	-6.088428	-7.9379377	-12.099491	-4.1615534
BCCDDDCDCDDDBCDDABCDABCABDBACBDCAADDCBCABACBCDABCACBCCCCDBDBACDBBBCBCBACCACACAACCCBABADDCCAAABBCCBB	['D13B', 'C46D', 'C57D', 'A63D', 'D77C', 'B88D']	6	-6.1033115	-8.882038	-13.058477	-4.1764393
ACCDDDCDADDDDCDDABCDABCABDBACBDCAADDCBCACACBCCABCACBCCCCCBDBACACBBCBCBACCACADAACCCBABADDCCAAABBCCBB	['B1A', 'C9A', 'B41C', 'B64C', 'B88D']	5	-6.1100683	-8.478277	-12.661468	-4.1831903
BCCDDDCDCDDDBCDDABCDABCABDBACDDCAADDCBCABACBCCABCACBCCCCCBDBACABBBCBCBACCACACAACCCBABADBDCAAABBCCBB	['D13B', 'B30D', 'D77C', 'C89D']	4	-6.110683	-8.676662	-12.860475	-4.183812
BCCDDDCDCDDDDCDDABCDABCABDBACBDCAADDCBCABACBCCABCACBCCCCCBDBACACBBCBCBACCACADAACCCBABADDCCAAABBCCBB	['B64C', 'B88D']	2	-6.1538815	-8.158789	-12.385796	-4.227007
BCCDDDCDCDDDDCDDABCDABCABDBACBDCAAADCBCABACBCCABCACBCDCCCBDBACDBBBCBCBACCACACAACCBBABADDCCAAABBDCBB	['D35A', 'C54D', 'A63D', 'D77C', 'C82B', 'B88D', 'C96D']	7	-4.235735	-7.178405	-11.414135	-4.23573
BCCDDDCDCDDBDDDDABCDABCABDBACDDCAADDCBCABACBCDABCACBCCCCCBDBCCDBBBCBCBACCACACAACCCBABADCCCAAABBCCBB	['D12B', 'C14D', 'B30D', 'C46D', 'A61C', 'A63D', 'D77C', 'B88C']	8	-6.169306	-8.306621	-12.549054	-4.2424335
BCCDDDCDCDDBDCDDABBDABCABDBACBDCAADDCBCACACBCDABCACBCCCCCBDBACDBBBCBCBACCACACAACCCBABADDCCAABBBCCBB	['D12B', 'C19B', 'B41C', 'C46D', 'A63D', 'D77C', 'B88D', 'A93B']	8	-6.1849055	-8.777512	-13.035543	-4.258032
BCCDDDCDCDDDDCDDABBDABCABDBACBDCAADDCBCACACBCDABCACBCCCCCBDBACABBBCBCBACCACACAACCCBABADDCCAAABBCCBB	['C19B', 'B41C', 'C46D', 'D77C', 'B88D']	5	-6.1973624	-8.946812	-13.2173	-4.2704887
BCCDDDCDCCDABCDCABCDABCABDBACBDDAADDCBAABACBCCBBCACBCCCCDBDBACACBBCBCBCDCACADAACCCBABADBCCAABBBCCBB	['D10C', 'D12A', 'D13B', 'D16C', 'C32D', 'C39A', 'A47B', 'C57D', 'B64C', 'A71C', 'C72D', 'A93B']	12	-6.2070627	-6.496644	-10.776834	-4.2801895
BCCDDDCDCDDADCDDABCDABCABDBACDDCAADDABCABACBCCABCACBCCCCCBDBADDBBBCBCBACCACACAACCCBABADBCCAABBBCCBB	['D12A', 'B30D', 'C37A', 'C62D', 'A63D', 'D77C', 'A93B']	7	-6.214328	-9.851434	-14.138886	-4.2874527
BCCDDDCDCDDDBCDDABCDABCABDBACDDCAADDBBCABABBCCABCACBCCCCCBDBACDBBBCBCBACCADADAACCCBABADCCCAAABBCCBB	['D13B', 'B30D', 'C37B', 'C43B', 'A63D', 'C75D', 'B88C']	7	-6.214896	-7.8393583	-12.127384	-4.288026
BCCDDDCDCDDDDCDDABCDABCABDBACBDCAADDCBCABACBCCABCACBCCCCCBDBACCDABCBCBACCACADAACCCBABADBCCAAABBCCBB	['A63C', 'B64D', 'B65A']	3	-6.230086	-7.396798	-11.70001	-4.303212
BCCDDDCDCDDDBCDDABCDABCABDBACDDCAADDCBCABACBCCABCACBCCCCCBDBACDBBBCBCBACCADACAACCCBABADBCCAABBBCCBB	['D13B', 'B30D', 'A63D', 'C75D', 'D77C', 'A93B']	6	-6.271183	-9.042917	-13.387223	-4.344306
BCCDDDCDCDDDBCCDABCDABCABDBACDDCAACAABCABACBDCABCACBCCCCDBDBACDBDBCBCBAACACADAACCCBABADBCCAAABBCCBB	['D13B', 'D15C', 'B30D', 'D35C', 'D36A', 'C37A', 'C45D', 'C57D', 'A63D', 'B65D', 'C72A']	11	-6.2746334	-9.336949	-13.68471	-4.34776
BCCDDDCDCDDBDCDDABBDABCABDBACBDCAADDCBCABACBCDABCACBCCCCDBDBACDBBBCBCBACCACACAACCCBABADDCCAABBBCCBB	['D12B', 'C19B', 'C46D', 'C57D', 'A63D', 'D77C', 'B88D', 'A93B']	8	-6.3056965	-9.087958	-13.4667845	-4.378826
BCCDDDCDCDDDDCDDABCDABCABDBACBDCAADDBBCABACBCDABCACBCCCCCBDBACABBBCBCBACCACACAACCCBABADDCCAAABBCCBB	['C37B', 'C46D', 'D77C', 'B88D']	4	-6.313847	-8.124025	-12.5110035	-4.386978
BCCDDDCDCDDDDCDDABCDABCABDBACBDDAACDBBCABACBCDBBCACBCCCCCBDBACDBBBCBCBACBACACAACCCBABADBCBAABBBCCBB	['C32D', 'D35C', 'C37B', 'C46D', 'A47B', 'A63D', 'C73B', 'D77C', 'C90B', 'A93B']	10	-6.3224134	-10.394316	-14.789855	-4.3955393
BCCDDDCDCDDBDCDDABCDABCABDBACDDCAADDCBCABACBCDABCACBCCCCCBDBACDBBBCBCBACCACACAACCCBABADBCCACBBBCCBB	['D12B', 'B30D', 'C46D', 'A63D', 'D77C', 'A92C', 'A93B']	7	-6.326205	-9.324768	-13.724102	-4.399334
BCCDDDCDCCDDBCDDABCDABCABDBACDDCAACDDBCACACBCDABCACBCCCCCBDBACACBBCBCBADCACACAACCCBACADDCCAAABBCCBB	['D10C', 'D13B', 'B30D', 'D35C', 'C37D', 'B41C', 'C46D', 'B64C', 'C72D', 'D77C', 'B85C', 'B88D']	12	-6.3315773	-7.1970134	-11.601715	-4.4047017
BCCDDDCDCDDDDCDDABCDABCABDBACDDCAADDABCABACBCCABCACBCCCCCBDBACCBBBCBCBACCACACAACCCBABADBCCAAABBCCBB	['B30D', 'C37A', 'A63C', 'D77C']	4	-6.3641424	-8.186377	-12.623649	-4.437272
BCCDDDCDCDDDBCDDABCDABCABDBACBDDAADDCBCABACBCCBBCACBCCCCCBDBACDBBACBCBACCACACAACCCBABADBCCAAABBCCBB	['D13B', 'C32D', 'A47B', 'A63D', 'B66A', 'D77C']	6	-6.3692636	-8.497378	-12.939763	-4.4423847
BCCDDDCDCDDDBCDDABCDABCABDBACBDDAADDCBCABACBCDBBCACBCCCCCBDBACDCBBCBCBACCACADAACCCBABADBCCABBBBCCBB	['D13B', 'C32D', 'C46D', 'A47B', 'A63D', 'B64C', 'A92B', 'A93B']	8	-6.424342	-7.834572	-12.332035	-4.497463
BCCDDDCDCDDDDCDDABCDABCABDBACDDCAADDCBCABACBCCABCACBCCCCCBDBACDDBBCBCBACCACACAACCCBABADBCCAABBBCCBB	['B30D', 'A63D', 'B64D', 'D77C', 'A93B']	5	-6.455658	-9.078692	-13.607475	-4.528783
BCCDDDCDCDDDDCCDABCDABCABDBACBDCAADDBBCABACBCCABCACBCCCCCBDBACCBBBCBCCACCACADAACCCBABADDCCAAABBCCBB	['D15C', 'C37B', 'A63C', 'B70C', 'B88D']	5	-6.4652095	-7.818799	-12.357133	-4.538334
BCCDDDCDCDDBDCDDABBDABCABDBACBDCAADDBBCABACBCDABCACBCCCCCBDBADABBBCBCBACCACACAACCCBABADDCCAAABBCCBB	['D12B', 'C19B', 'C37B', 'C46D', 'C62D', 'D77C', 'B88D']	7	-6.466142	-7.9209194	-12.46019	-4.5392704
BCCDDDCDCDDDDCDDABBDABCABDBACDDCAADDCBCABACBBCABCACBCCCCCBDBACABBBCBCBACCACACAACCCBABADBCCAABBBCCBB	['C19B', 'B30D', 'C45B', 'D77C', 'A93B']	5	-6.4794464	-9.078778	-13.631354	-4.552576
BCCDDDCDCDDDDCDDABCDABCABDBACBDCAADDCBCABACBCDABCACBCCCCCBDBACCBBBCBCBACCACACAACCCBABADDCCAAABBCCBB	['C46D', 'A63C', 'D77C', 'B88D']	4	-6.481655	-8.276019	-12.830802	-4.554783
BCCDDDCDCDDDDCDDABBDABCABDBACDDCAADDABCACACBDDABCACBCCCCCBDBACABBBCBCBACCACACAACCCBABADCCCAAABBCCBB	['C19B', 'B30D', 'C37A', 'B41C', 'C45D', 'C46D', 'D77C', 'B88C']	8	-6.522637	-8.610769	-13.206536	-4.595767
BCCDDDCDCDDDBCCDABCDABCABDBACDDCAADDCBCABACBDDABCACBCCCCCBDBACCBBBCBCBACCACADAACCCBABADBCCAAABBCCBB	['D13B', 'D15C', 'B30D', 'C45D', 'C46D', 'A63C']	6	-6.5638404	-8.29528	-12.932247	-4.6369667
BCCDDDCDCDDDBCCDABCDABCABDBACDDCAADDCBCABACBDDABCACBCCCCCBDBACCBBBCBCBACCACADAACCCBABADBCCAAABBCCBB	['D13B', 'D15C', 'B30D', 'C45D', 'C46D', 'A63C']	6	-6.5638404	-8.29528	-12.932247	-4.6369667
BCCDDDCDCDDDDCDDABCDABCABDBACBDCAADDABCABACBCCABCACBCCCCCBDBACACBBCBCBACCACACAACCCBABADDCCAAABBCCBB	['C37A', 'B64C', 'D77C', 'B88D']	4	-6.5989456	-7.902194	-12.574266	-4.6720724
BCCDDDCDCDDDDCDDABCDABCABDBACBDCAADDCBCABACBCCABCACBCCCCCBDBACCDBBCBCBACCACACDACCCBABADBCCACABBCCBB	['A63C', 'B64D', 'D77C', 'A78D', 'A92C']	5	-6.6729097	-7.9821157	-12.72815	-4.7460346
BCCDDDCDCDDBDDDDABCDABCABDBACBDDAADDCBCABACBCCBBCACBCCCCCBDBACDBBBCBCBACCACADAACCCBABADBCCAAABBCCBB	['D12B', 'C14D', 'C32D', 'A47B', 'A63D']	5	-6.781144	-8.087569	-12.941837	-4.854268
BCCDDDCDCDDDDCDDABCDABCABDBACBDDAADDCBCABACBCCBBCACBCCCCCBDBACBBBBCBCBACCACADAACCCBABBDBCCAAABBCCBB	['C32D', 'A47B', 'A63B', 'A86B']	4	-6.8090982	-8.638644	-13.520867	-4.882223
BCCDDDCDCDDBDCDDABADABCABDBACDDCAADDABCABACBDDABCACBCCCCCBDBACACBBCBCBACCACACAACCCBABADBCCAAABBCCBB	['D12B', 'C19A', 'B30D', 'C37A', 'C45D', 'C46D', 'B64C', 'D77C']	8	-6.914447	-7.2782116	-12.265787	-4.9875755
