Sequence	Mutations	Mutation_count	dm1	dm2	dm12	Dm1m2-min(dm1,dm2)
BCCDDDCDCDDBDCDDABCDABCABDBACBDCAADDBBCABACBCCABCACBCCCCCBDBACDCBBCBCBBCBACADAACCCBABADBCBAAABBDCBB	['D12B', 'C37B', 'A63D', 'B64C', 'A71B', 'C73B', 'C90B', 'C96D']	8	-2.244267	-10.404029	-10.4076185	-0.0035896301
BCCDDDCDCADDBCDDABCDABCABDBACBDCCACABBCABACBBCABCACBCCCCCBDBADDBBBCBCBCABACADAACCCBABADBCBAABBBCCBB	['D10A', 'D13B', 'A33C', 'D35C', 'D36A', 'C37B', 'C45B', 'C62D', 'A63D', 'A71C', 'C72A', 'C73B', 'C90B', 'A93B']	14	-2.2445812	-5.7442684	-5.7481623	-0.0038938522
BCCDDDCDCDDDDCDDABCDABCABDBACBDCAADDCBCABACBCCABCACBCCCCCBDBADABBBCBCBACCACACAACCBBABADBCCAABBBCCBB	['C62D', 'D77C', 'C82B', 'A93B']	4	-2.2457385	-7.531568	-7.536623	-0.0050549507
BCCDDDCDCDDDDCDDABCDABCABDBACBDCAADACBCABACBCCABCACBCCCCCBDBACDBBBCBABBDBACADAACCCBABADBCBAAABBCCBB	['D36A', 'A63D', 'C69A', 'A71B', 'C72D', 'C73B', 'C90B']	7	-2.2472448	-9.763117	-9.769682	-0.006565094
BCCDDDCDCCDDDDCDABCDABCABDBACBDCAACDCBCABACBCCABCACBCCCCCBDBACABBBCBBBACCACADAACCDBABADBCCAAABBCCBB	['D10C', 'C14D', 'D15C', 'D35C', 'C69B', 'C82D']	6	-2.2492986	-7.001314	-7.0099306	-0.008616447
BCCDDDCDCCDDDDCDABCDABCABDBACBDCAACDCBCABACBCCABCACBCCCCCBDBACABBBCBBBACCACADAACCDBABADBCCAAABBCCBB	['D10C', 'C14D', 'D15C', 'D35C', 'C69B', 'C82D']	6	-2.2492986	-7.001314	-7.0099306	-0.008616447
BCCDDDCDCCDDDDCDABCDABCABDBACBDCAACDCBCABACBCCABCACBCCCCCBDBACABBBCBBBACCACADAACCDBABADBCCAAABBCCBB	['D10C', 'C14D', 'D15C', 'D35C', 'C69B', 'C82D']	6	-2.2492986	-7.001314	-7.0099306	-0.008616447
BCCDDDCDCADDDCCDABCDABCABDBACBDCAADDBBCABACBCCABCACBCCCCCBDBADCBBBCBCBACCACACAACCCBABADBCCAAABBCCBB	['D10A', 'D15C', 'C37B', 'C62D', 'A63C', 'D77C']	6	-2.2499304	-5.9323554	-5.941599	-0.009243488
BCCDDDCDCDDDBCDDABCDABCABDBACBDCAADDCBCABACBCCABCACBCCCCCBDBADDBBBCBCBACBACACAACCCBABADBCCAABBBCCBB	['D13B', 'C62D', 'A63D', 'C73B', 'D77C', 'A93B']	6	-2.253633	-7.9561105	-7.969063	-0.012952328
BCCDDDCDCDDDDDDDABCDABCABDBACBDCAADDCBCACACBCCABCACBCCCCCBDBACACBBCBCBACCACADAACCBBABADBCCAAABBCCBB	['C14D', 'B41C', 'B64C', 'C82B']	4	-2.256033	-10.058512	-10.07386	-0.015348434
AAADDDCDCDDDDCDDABCDABCABDBACBDCAADDCBCABACBCCABCACBCCCCCBDBACDBBBCBABACCACADAACCCBABADBCCAABBBCCBB	['B1A', 'C2A', 'C3A', 'A63D', 'C69A', 'A93B']	6	-2.2566285	-10.518431	-10.534386	-0.015954971
BCCDDDCDCCDDDCDDABCDABCABDBACBDCAADDCBCABACBCCAACACBCDCCCBDBACACBBCBCBACCACACAACCBBABADBCCAAABBCCBB	['D10C', 'B48A', 'C54D', 'B64C', 'D77C', 'C82B']	6	-2.257073	-8.779776	-8.796168	-0.016392708
BCCDDDCDCCDDBCDDABCCABCABDBACBDCAADDCBCABACBCCABCACBCCCCCBDBACDBDBCBCBACCACADAACCCBABADBCCAAABBCCBB	['D10C', 'D13B', 'D20C', 'A63D', 'B65D']	5	-2.2574983	-6.648341	-6.6651535	-0.016812325
BCCDDDCDCDDCBCDDABBDABCABDBACBDCAADDCBCABACBCCABCACBCCCCCBDBACDBBBCBCBCCCACACAACCCBABADBCCAABBBCCBB	['D12C', 'D13B', 'C19B', 'A63D', 'A71C', 'D77C', 'A93B']	7	-2.2602339	-5.8701634	-5.889715	-0.019551754
BCCDDDCDCADDDCDDABCDABCABDBACBDCAACDABCABACBCCABCACBCCCCCBDBACDBBBCBCBACCACACAACCCBABADBCCAAABBCCBB	['D10A', 'D35C', 'C37A', 'A63D', 'D77C']	5	-2.2602835	-7.3699527	-7.389551	-0.019598484
BCCDDDCDCADDDCDDABCDABCABDBACBDCAACDABCABACBCCABCACBCCCCCBDBACDBBBCBCBACCACACAACCCBABADBCCAAABBCCBB	['D10A', 'D35C', 'C37A', 'A63D', 'D77C']	5	-2.2602835	-7.3699527	-7.389551	-0.019598484
BCCDDDCDCDDBDCCDABCDABCABDBACBDCAADACBCABACBCCABCACBCCCCCBDBADDBBBCBCBBCBACADAACCCBBBADBCBAAABBCCBB	['D12B', 'D15C', 'D36A', 'C62D', 'A63D', 'A71B', 'C73B', 'A84B', 'C90B']	9	-2.2607212	-8.43363	-8.453665	-0.02003479
AAADDDCDCCDDDCCDABCCABCABDBACBDCAACACBCABACBCCAACACBCACCCCDCADDBBBCBCBBCCACADABCCBBABADBCCAABBBCCBB	['B1A', 'C2A', 'C3A', 'D10C', 'D15C', 'D20C', 'D35C', 'D36A', 'B48A', 'C54A', 'B58C', 'B60C', 'C62D', 'A63D', 'A71B', 'A79B', 'C82B', 'A93B']	18	-2.261726	-10.51338	-10.534425	-0.021044731
BCCDDDCDCDDDDCDDABADABCABDBACBDCAADDCBCABACBCCABCACBCCCCCBDBACDBBBCBCBCCCACADAACCCBABADBCBAAABBCCBB	['C19A', 'A63D', 'A71C', 'C90B']	4	-2.2620826	-8.1486225	-8.170024	-0.021401405
BCCDDDCDCDDDDCDDABCDABCABDBACBDCAADDABCABACBCCABCACBCCCCCBDBACDBBBCBABACCACACAACCCBABADBCCAACBBCCBB	['C37A', 'A63D', 'C69A', 'D77C', 'A93C']	5	-2.2627206	-8.08086	-8.102898	-0.022037506
BCCDDDCDCCDDDCDDABCDABCABDBACDDCAADDABCABACBCCABCACBCCCCDBDBACDBBBCBCBACCACADAACCCBABADBCCAABBBCCBB	['D10C', 'B30D', 'C37A', 'C57D', 'A63D', 'A93B']	6	-2.2633076	-5.8085594	-5.8311834	-0.022624016
BCCDDDCDCDDDDCDDABBDABCABDBACBDCAADDBBCABACBCCABCACBCCCCCBDBACDBBBCBCCCBCACACAACCCBABADBCCAABBBCCBB	['C19B', 'C37B', 'A63D', 'B70C', 'A71C', 'C72B', 'D77C', 'A93B']	8	-2.266584	-5.293234	-5.3191338	-0.025899887
BCCDDDCDCDDDDCDDABCDABCABDBACBDCAADDABCACACBCCABCACBCCCCCBDBACDCBBCBCBACCACADAACCCBABADBCCAABBBCCBB	['C37A', 'B41C', 'A63D', 'B64C', 'A93B']	5	-2.2666492	-9.331787	-9.357755	-0.025967598
BCCDDDCDCDDDDCDDABCDABCABDBACBDCAADDBBCABACBCCABCACBCCCCCBDBACBCBBCBCBACCACACAACCCBABADBCCAAABBCCBB	['C37B', 'A63B', 'B64C', 'D77C']	4	-2.2685957	-8.315598	-8.343513	-0.027915
BCCDDDCDCDDDDCDDABCDABCABDBACBDCAADDABCACACBCCABCACBCCCCCBDBACBCBBCBCBACCACADAACCCBABADBCCAABBBCCBB	['C37A', 'B41C', 'A63B', 'B64C', 'A93B']	5	-2.270461	-9.529024	-9.558802	-0.029777527
BCCDDDCDCDDDDCDDABCDABCABDBACBDCAADDABCACACBCCABCACBCCCCCBDBACBCBBCBCBACCACADAACCCBABADBCCAABBBCCBB	['C37A', 'B41C', 'A63B', 'B64C', 'A93B']	5	-2.270461	-9.529024	-9.558802	-0.029777527
BCCDDDCDCCDDDCDDABCCABCABDBACBDCAACACBCACACBCCBACACBBACCCBDCCDDBBBCBCBBCCACADAACCBBABADBCCAABBBCCBB	['D10C', 'D20C', 'D35C', 'D36A', 'B41C', 'A47B', 'B48A', 'C53B', 'C54A', 'B60C', 'A61C', 'C62D', 'A63D', 'A71B', 'C82B', 'A93B']	16	-2.273497	-10.182186	-10.214998	-0.03281212
BCCDDDCDCCDDDCDDABCDABCABDBACBDCAACDCBCACACBCCABCACBCCCCCBDBACABBBCBCBACCACADAACCCBABADBCCAABBBCCBB	['D10C', 'D35C', 'B41C', 'A93B']	4	-2.2740803	-6.671753	-6.7051506	-0.033397675
BCCDDDCDCCDDDCDDABCDABCABDBACBDCAACDCBCACACBCCABCACBCCCCCBDBACABBBCBCBACCACADAACCCBABADBCCAABBBCCBB	['D10C', 'D35C', 'B41C', 'A93B']	4	-2.2740803	-6.671753	-6.7051506	-0.033397675
AAADDDCDCDDDBDDDABCAABCABDBACBDCAADACBCACACBCCABCACBCCCCCBDCADACBBCBCBACCACADAACCCBABADBCCAABBBCCBB	['B1A', 'C2A', 'C3A', 'D13B', 'C14D', 'D20A', 'D36A', 'B41C', 'B60C', 'C62D', 'B64C', 'A93B']	12	-2.2740946	-9.809228	-9.84264	-0.03341198
BCCDDDCDCCDDDCDDABCDABCABDBACBDCAADDCBCABACBCCABCACBCCCCCBDCACABBBCBCBACCACADAACCCBABADBCCAABBBCCBB	['D10C', 'B60C', 'A93B']	3	-2.2748585	-6.8800077	-6.9141865	-0.034178734
BCCDDDCDCADDDCDDABCDABCABDBACBDCAADDCBCABACBCCAACACBCDCCCBDBADDCDBCBCBACCACADAACCBBABADBCCAAABBCCBB	['D10A', 'B48A', 'C54D', 'C62D', 'A63D', 'B64C', 'B65D', 'C82B']	8	-2.2787318	-11.358449	-11.396502	-0.03805256
BCCDDDCDCADDDCDDABCDABCABDBACBDCAADDCBCABACBCCAACACBCDCCCBDBADDCDBCBCBACCACADAACCBBABADBCCAAABBCCBB	['D10A', 'B48A', 'C54D', 'C62D', 'A63D', 'B64C', 'B65D', 'C82B']	8	-2.2787318	-11.358449	-11.396502	-0.03805256
BCCDDDCDCDDDDCDDABCDABCABDBACBDCAADDCBCABACBCCABCACBCCCCCBDBACCBBBCBCBBBCACACAACCCBABADBCCAABBBCCBB	['A63C', 'A71B', 'C72B', 'D77C', 'A93B']	5	-2.284164	-7.6891947	-7.732683	-0.043488503
AAADDDCDCDDDDCDDABCDABCABDBACBDCAADDABCABACBCCABCACBCCCCCBDBACACBBCBCBACCACADAACCCBABADBCBAAABBCCBB	['B1A', 'C2A', 'C3A', 'C37A', 'B64C', 'C90B']	6	-2.284648	-10.445854	-10.489822	-0.0439682
AAADDDCDCDDDDCDDABCDABCABDBACBDCAACDBBCABACBCCABCACBCCCCCBDBACCCDBCBCBACCACADAACCDBABADBCCAAABBCCBB	['B1A', 'C2A', 'C3A', 'D35C', 'C37B', 'A63C', 'B64C', 'B65D', 'C82D']	9	-2.2874274	-12.482696	-12.52944	-0.046744347
BCCDDDCDCDDDDCDDABCDABCABDBACBDCAADDCBCACACBCCAACACBBDCCCBDBACDBBBCBCBBCCCCACAACCBBABADBCBAABBBCCBB	['B41C', 'B48A', 'C53B', 'C54D', 'A63D', 'A71B', 'A74C', 'D77C', 'C82B', 'C90B', 'A93B']	11	-2.287778	-9.998617	-10.045718	-0.04710102
BCCDDDCDCDDDDCDDABCDABCABDBACBDCAACDBBCABACBCCABCACBCCCCCBDBACABBBCBCBBABACACAACCCBABADBCCAABBBCCBB	['D35C', 'C37B', 'A71B', 'C72A', 'C73B', 'D77C', 'A93B']	7	-2.2888522	-6.8621035	-6.9102736	-0.04817009
BCCDDDCDCDDDDCCDABCDABCABDBACBDCAADDCBCACACBCCABCACBCCCCCBDBACABBBCBCBACCACADAACCDBABADBCCAABBBCCBB	['D15C', 'B41C', 'C82D', 'A93B']	4	-2.291008	-7.311551	-7.3618784	-0.0503273
AAADDDCDCDDDBCDDABCDABCABDBACBDCAADDCBCABACBCCABCACBCCCCCBDBACDBBBCBCBACCACACAACCCBABADBCCAABBBCCBB	['B1A', 'C2A', 'C3A', 'D13B', 'A63D', 'D77C', 'A93B']	7	-2.2922912	-8.5081215	-8.5597315	-0.051609993
BCCDDDCDCDDDDCDDABCDABCABDBACBDCDADDABCACACBCCABCACBCCCCCBDBACDCBBCBABACCACADAACCCBABADBCCAABBBCCBB	['A33D', 'C37A', 'B41C', 'A63D', 'B64C', 'C69A', 'A93B']	7	-2.2928786	-8.984639	-9.036842	-0.05220318
BCCDDDCDCCDDDCCDABCDABCABDBACBDAAACAABCACACBCCABCACBCCCCCBDBACDBBBCBCBBCBACADAACCCBACADBCCAAABBDCBB	['D10C', 'D15C', 'C32A', 'D35C', 'D36A', 'C37A', 'B41C', 'A63D', 'A71B', 'C73B', 'B85C', 'C96D']	12	-2.2947154	-7.707781	-7.761812	-0.054031372
BCCDDDCDCCDDDCDDABCDABCABDBACBDCAADDCBCABACBCCABCACBCCCCCBDBACDBBBCBCBACCACADAACCCBABADBCCAAABBCCBB	['D10C', 'A63D']	2	-2.295113	-7.42346	-7.477892	-0.054431915
BCCDDDCDCDDDDCDDABCDABCABDBACBDCAADDCBCABACBCCABCACBCCCCCBDBACDBBBCBDBCBCACACAACCCBABADBCBAAABBCCBB	['A63D', 'C69D', 'A71C', 'C72B', 'D77C', 'C90B']	6	-2.2963986	-7.7382402	-7.7939577	-0.05571747
BCCDDDCDCDDDDCDDABBDABCABDBACBDCAADDCBCABACBCCABCACBCCCCCBDBACACBBCBCBACCACADAACCCBABADBCCAABBBCCBB	['C19B', 'B64C', 'A93B']	3	-2.301096	-7.6129317	-7.6733484	-0.0604167
BCCDDDCDCDDDDCDDABDDABCDBDBACBDCAACAABCABACBBCABCACBCDCCDBDBDCDCBBCBCBACCACADAACCBBABADBCCAAABBCCBB	['C19D', 'A24D', 'D35C', 'D36A', 'C37A', 'C45B', 'C54D', 'C57D', 'A61D', 'A63D', 'B64C', 'C82B']	12	-2.3011026	-10.594339	-10.654758	-0.060419083
BCCDDDCDCCDDDCDDABCDABCABDBACBDCAACDBBCABACBCCABCACBCCCCCBDBACCBBBCBCBACCACADAACCCBABADBCCAABBBCCBB	['D10C', 'D35C', 'C37B', 'A63C', 'A93B']	5	-2.3015776	-7.203229	-7.264124	-0.060894966
BCCDDDCDCCDDDCDDABCDABCABDBACBDCAACDBBCABACBCCABCACBCCCCCBDBACCBBBCBCBACCACADAACCCBABADBCCAABBBCCBB	['D10C', 'D35C', 'C37B', 'A63C', 'A93B']	5	-2.3015776	-7.203229	-7.264124	-0.060894966
BCCDDDCDCCDDDCDDABCDABCABDBACBDCAACDBBCABACBCCABCACBCCCCCBDBACCBBBCBCBACCACADAACCCBABADBCCAABBBCCBB	['D10C', 'D35C', 'C37B', 'A63C', 'A93B']	5	-2.3015776	-7.203229	-7.264124	-0.060894966
BCCDDDCDCDDDDCDDABCDABCABDBACBDCAADDCBCACACBCCABCACBCCCCCBDBACCCBBCBCBACCACADAACCCBABADBCBAAABBCCBB	['B41C', 'A63C', 'B64C', 'C90B']	4	-2.3016062	-9.952462	-10.01339	-0.06092739
BCCDDDCDCADDDCDDABCDABCABDBACBDCAACDBBCABACBCCABCACBCCCCCBDBACBBBBCBCBACCACADAACCCBABADBCCAAABBCCBB	['D10A', 'D35C', 'C37B', 'A63B']	4	-2.3017125	-8.060885	-8.121915	-0.061029434
BCCDDDCDCDDDDCDDABCDABCABDBACBDCAADDCBCACACBCCABCACBCCCCCBDBACDBBBCBABBCCACADAACCCBABADBCBAAABBCCBB	['B41C', 'A63D', 'C69A', 'A71B', 'C90B']	5	-2.302238	-8.807706	-8.869262	-0.061555862
BCCDDDCDCDDDDCDDABCDABCABDBACBDCAACDBBCABACBCCABCACBCCCCCBDBADDBBBCBCBCCCACACAACCCBABADBCBAABBBCCBB	['D35C', 'C37B', 'C62D', 'A63D', 'A71C', 'D77C', 'C90B', 'A93B']	8	-2.3047538	-6.4564786	-6.520544	-0.06406546
BCCDDDCDCDDDBCDDACCAABCABDBACBDCAADDCBCABACBCCDBCACBCCCCCBDBACDBBBCBCBBDCACACAACCCBABADBCBAAABBCCBB	['D13B', 'B18C', 'D20A', 'A47D', 'A63D', 'A71B', 'C72D', 'D77C', 'C90B']	9	-2.3051987	-6.055188	-6.1196985	-0.064510345
BCCDDDCDCDDDDCDDABCDABCABDBACBDCAADDCBCABACBCCABCACBCCCCCBDBACDBBBCBCBADCACADAACCCBABADBCCACABBCCBB	['A63D', 'C72D', 'A92C']	3	-2.3056955	-9.017944	-9.082957	-0.06501293
BCCDDDCDCDDDDCDDABCDABCABDBACBDCAADDCBCABACBCCABCACBCCCCCBDBACDBBBCBCBACCCCACAACCCBABADBCBAAABBCCBB	['A63D', 'A74C', 'D77C', 'C90B']	4	-2.3067088	-8.031646	-8.097672	-0.06602669
BCCDDDCDCDDDDCDDABCCABCABDBACBDCAADAABCABACBCCABCACBCDCCCBDBACDBBBCBABBCCACADAACCBBABADBCBAAABBCCBB	['D20C', 'D36A', 'C37A', 'C54D', 'A63D', 'C69A', 'A71B', 'C82B', 'C90B']	9	-2.3072824	-9.72543	-9.792031	-0.06660175
BCCDDDCDCDDDDCDDABCDABCABDBACBDCAADDCBCACACBCCABCACBCCCCCBDBACDBBBCBCBAACACACAACCCBABADBCCAABBBCCBB	['B41C', 'A63D', 'C72A', 'D77C', 'A93B']	5	-2.307322	-7.006608	-7.07325	-0.06664181
BCCDDDCDCDADBCDDABCAABCABDBACBDCAADACBCABACBCCABCACBCCCCCBDBACABBBCBABACCACADAACCDBABADBCCAAABBCCBB	['D11A', 'D13B', 'D20A', 'D36A', 'C69A', 'C82D']	6	-2.3078718	-7.482815	-7.550003	-0.06718826
BCCDDDCDCDADBCDDABCAABCABDBACBDCAADACBCABACBCCABCACBCCCCCBDBACABBBCBABACCACADAACCDBABADBCCAAABBCCBB	['D11A', 'D13B', 'D20A', 'D36A', 'C69A', 'C82D']	6	-2.3078718	-7.482815	-7.550003	-0.06718826
BCCDDDCDCDDDDCCDAACDABCABDBACBDCAADDCBCABACBCCABCACBCCCCCBDBACDBBBCBCBACCACACAACCCBABADBCCAABBBCCBB	['D15C', 'B18A', 'A63D', 'D77C', 'A93B']	5	-2.30938	-4.9330893	-5.0017834	-0.068694115
BCCDDDCDCDDDDCCDABCDABCABDBACBDCAADDCBCACACBCCABCACBBCCCCBDBACDBBBCBCBACCACACAACCBBABADBCCAAABBCCBB	['D15C', 'B41C', 'C53B', 'A63D', 'D77C', 'C82B']	6	-2.3101287	-8.363528	-8.432975	-0.06944656
BCCDDDCDCDDDBCDDABCDABCABDBACBDCAADDCBCABACBCCABCACBCCCCCBDBACDBBBCBCBBCCACACAACCCBABADBCCAABBBCCBB	['D13B', 'A63D', 'A71B', 'D77C', 'A93B']	5	-2.310286	-6.4254255	-6.4950247	-0.06959915
BCCDDDCDCDDDDCDDABCDABCABDBACBDCAADDCBCABACBCCABCACBCCCCCBDBADDBBBCBCBABCACACAACCCBABADBCCAABBBCCBB	['C62D', 'A63D', 'C72B', 'D77C', 'A93B']	5	-2.3107285	-7.597184	-7.6672306	-0.070046425
BCCDDDCDCDDCDDCDABCDABCABDBACBDCAADDCBCABACBCCABCACBCCCCCBDBCCDBBBCBCBADCACACAACCCBABADBCCAABBBCCBB	['D12C', 'C14D', 'D15C', 'A61C', 'A63D', 'C72D', 'D77C', 'A93B']	8	-2.311963	-6.6338835	-6.705162	-0.07127857
BCCDDDCDCDDDDDDDABCDABCABDBACBDCAADDCBCACACBCCABCACBCCCCCBDCADDBBBCBCBADCACACAACCCBABADBCBAABBBCCBB	['C14D', 'B41C', 'B60C', 'C62D', 'A63D', 'C72D', 'D77C', 'C90B', 'A93B']	9	-2.3127751	-7.809583	-7.8816786	-0.072095394
AAADDDCDCDDDDCDDABCDABCABDBACBDCAADDABCABACBCCABCACBCCCCCBDBCCDABBCBCBACCACACAACCBBABADBCCAABBBCCBB	['B1A', 'C2A', 'C3A', 'C37A', 'A61C', 'A63D', 'B64A', 'D77C', 'C82B', 'A93B']	10	-2.3139114	-10.570124	-10.643356	-0.07323265
BCCDDDCDCCDDDCDDABCDABCABDBACBDCAACACBCABACBCCAACCCBCDCCCBDBADBBBBCBCBBCCACADAACCABABADBCCAAABBCCBB	['D10C', 'D35C', 'D36A', 'B48A', 'A50C', 'C54D', 'C62D', 'A63B', 'A71B', 'C82A']	10	-2.3154335	-9.627657	-9.702413	-0.07475567
BCCDDDCDCCDDDCDDABADABCABDBACBDCAACDCBCABACBCCABCACBCCCCCBDBACABBBCBCBCCCACADAACCCBABADBCCAAABBCCBB	['D10C', 'C19A', 'D35C', 'A71C']	4	-2.3159628	-6.6306477	-6.705928	-0.07528019
BCCDDDCDCCDDDCDDABADABCABDBACBDCAACDCBCABACBCCABCACBCCCCCBDBACABBBCBCBCCCACADAACCCBABADBCCAAABBCCBB	['D10C', 'C19A', 'D35C', 'A71C']	4	-2.3159628	-6.6306477	-6.705928	-0.07528019
BCCDDDCDCCDDDCDDABCDABCABDBACBDCAACDCBCABACBCCABCACBCCCCCBDBACCBBBCBCBACCACADAACCCBABADBCCAABBBCCBB	['D10C', 'D35C', 'A63C', 'A93B']	4	-2.3159971	-7.708612	-7.783928	-0.07531595
BCCDDDCDCDDDDCDDABCDABCABDBACBDCAADDABCABACBCCABCACBCCCCCBDBADDBBBCBCBACCACACAACCCBABADBCBAABBBCCBB	['C37A', 'C62D', 'A63D', 'D77C', 'C90B', 'A93B']	6	-2.3163128	-7.0320797	-7.1077156	-0.07563591
BCCDDDCDCDDDDCDDABCAABCABDBACBDCAACDBBCABACBCCABCACBCCCCCBDCACDBBBCBBBBCCACADAACCCBABADBCBAAABBCCBB	['D20A', 'D35C', 'C37B', 'B60C', 'A63D', 'C69B', 'A71B', 'C90B']	8	-2.320343	-8.550754	-8.630416	-0.07966232
BCCDDDCDCDDDDCDDABCDABCABDBACBDCAADDCBCABACBCCABCACBCCCCCBDBACABBBCBCCCACACACAACCCBABADBCCACABBCCBB	['B70C', 'A71C', 'C72A', 'D77C', 'A92C']	5	-2.3204622	-5.8372006	-5.916975	-0.07977438
BCCDDDCDCDDDDCCDABCDABCABDBACBDCAADDBBCABACBCCABCACBCCCCCBDBACBBBBCBCBACCACADAACCABABADBCCAAABBCCBB	['D15C', 'C37B', 'A63B', 'C82A']	4	-2.3240266	-8.403899	-8.487242	-0.08334255
BCCDDDCDCDDDDCDDABCAABCABDBACBDCAADACBCABACBCCABCACBCCCCCBDBACABBBCBCBACCACADAACCDBABADBCCAAABBCCBB	['D20A', 'D36A', 'C82D']	3	-2.3250022	-7.928273	-8.012589	-0.08431625
BCCDDDCDCADDBCDDABCDABCABDBACBDCDADDABAABACBCCABCACBCCCCCBDBACACBBCBCCACCACADAACCCBABADBCCAAABBCCBB	['D10A', 'D13B', 'A33D', 'C37A', 'C39A', 'B64C', 'B70C']	7	-2.325304	-6.410906	-6.495528	-0.08462238
BCCDDDCDCDDBDCDDABCDABCABDBACBDCAADDCBCABACBCCABCACBCCCCDBDBACDCBBCBCBACCACACAACCCBABADBCCAAABBCCBB	['D12B', 'C57D', 'A63D', 'B64C', 'D77C']	5	-2.327139	-9.240039	-9.326499	-0.08646011
BCCDDDCDCDDDDCDDABCDABCABDBACBDCAADDABCABACBCCABCACBCCCCDBDBACDCBBCBCBACCACADAACCCBABADBCBAAABBCCBB	['C37A', 'C57D', 'A63D', 'B64C', 'C90B']	5	-2.331171	-9.620642	-9.711132	-0.09049034
BCCDDDCDCDDDDDCDABCAABCABDBACBDCAACABBCABACBCCABCACBCDCCCBDBADDBBBCBCBBCBACADAACCCBABADBCBAAABBCCBB	['C14D', 'D15C', 'D20A', 'D35C', 'D36A', 'C37B', 'C54D', 'C62D', 'A63D', 'A71B', 'C73B', 'C90B']	12	-2.3312597	-8.248479	-8.33905	-0.0905714
BCCDDDCDCDDDDCDDABCDABCABDBACBDCAADDABCABACBCCABCCCBCCCCCBDBACABBBCBCBACCACADAACCCBABADBCCAAABBCCBB	['C37A', 'A50C']	2	-2.3326306	-8.042599	-8.134553	-0.09195423
BCCDDDCDCDDDDCDDABCDABCABDBACBDCAADDCBCABACBCCABCACBCCCCCBDBBCACBBCBCBAACACADAACCCBABADBCCAAABBCCBB	['A61B', 'B64C', 'C72A']	3	-2.3368974	-7.450527	-7.5467434	-0.0962162
BCCDDDCDCCDCDDDDABCCABCABDBACBDCAACDBBCABACBCCAACACBCDCCCBDBACDBBBCBCBCCCACACAACCBBABADBCCAABBBCCBB	['D10C', 'D12C', 'C14D', 'D20C', 'D35C', 'C37B', 'B48A', 'C54D', 'A63D', 'A71C', 'D77C', 'C82B', 'A93B']	13	-2.3387566	-7.4131384	-7.5112143	-0.09807587
BCCDDDCDCDDDDCDDABCDABCABDBACBDCAABDBBCABACBCCABCACBCCCCDBDBADDBBBCBCBCDCACACAACCCBABADBCCAABBBCCBB	['D35B', 'C37B', 'C57D', 'C62D', 'A63D', 'A71C', 'C72D', 'D77C', 'A93B']	9	-2.3405585	-5.7460537	-5.8459234	-0.09986973
BCCDDDCDCDDDDDDDABCDABCABDBACBDCAADDCBCABACBCCABCACBCCCCCBDBADCBBBCBCBACCACADAACCABABADBCCAAABDCCBB	['C14D', 'C62D', 'A63C', 'C82A', 'B95D']	5	-2.341145	-10.045929	-10.146392	-0.10046291
BCCDDDCDCCDDBCCDABCDABCABDBACDDCAADDCBCABACBCCABCACBCCCCCBDBADCABBCBCBCCCBCADAACCCBABADBCCAABBBCCBB	['D10C', 'D13B', 'D15C', 'B30D', 'C62D', 'A63C', 'B64A', 'A71C', 'A74B', 'A93B']	10	-2.341196	-4.8954535	-4.995965	-0.10051155
BCCDDDCDCDDDDCDDABCAABCABDBACBDCAACACBCABACBCCABCACBCCCCCBDCADDBBBCBABBCBACADAACCCBABADBCBAAABBCCBB	['D20A', 'D35C', 'D36A', 'B60C', 'C62D', 'A63D', 'C69A', 'A71B', 'C73B', 'C90B']	10	-2.3416867	-10.279981	-10.380989	-0.101008415
BCCDDDCDCCDDBCDDABCDABCABDBACDDCAACACBCABACBCCABCACBCCCCCBDCADCCBBCBCBCCCACADAACCCBABADBCCBAABBCCBB	['D10C', 'D13B', 'B30D', 'D35C', 'D36A', 'B60C', 'C62D', 'A63C', 'B64C', 'A71C', 'A91B']	11	-2.3446326	-7.431178	-7.53512	-0.10394192
BCCDDDCDCCDDDCDDABCDABCABDBACBDCAADDABCACACBCCABCACBCCCCCBDCACDBBBCBCBACCACADAACCCBABADBCCAABBBCCBB	['D10C', 'C37A', 'B41C', 'B60C', 'A63D', 'A93B']	6	-2.3450813	-7.786749	-7.8911495	-0.104400635
AAADDDCDCDDDDCDDABCDABCABDBACBDCAADDCBCABACBCCABCACBCCCCCBDBACABBBCBCBACCACACAACCCBACADBCCAAABBCCBB	['B1A', 'C2A', 'C3A', 'D77C', 'B85C']	5	-2.3521123	-8.459118	-8.570554	-0.11143589
AAADDDCDCDDDDCDDABCDABCABDBACBDCAADDCBCABACBCCABCACBCCCCCBDBACABBBCBCBACCACACAACCCBACADBCCAAABBCCBB	['B1A', 'C2A', 'C3A', 'D77C', 'B85C']	5	-2.3521123	-8.459118	-8.570554	-0.11143589
BCCDDDCBCCDDBCDDABCBABCABDBACBDCAADACBCABACBCCAACACBCCCCCBDBACDCBBCBBBACCACADAACCBBABADBCCAAABBCCBB	['D8B', 'D10C', 'D13B', 'D20B', 'D36A', 'B48A', 'A63D', 'B64C', 'C69B', 'C82B']	10	-2.35398	-9.547865	-9.66116	-0.113295555
AAADDDCDCCDDBCDDABCDABCABDBACBDCBADDABCABACBCCAACACBCACCCBDBADDBBBCBCBBCCCCACAACCABABADBCCAAABBCCBB	['B1A', 'C2A', 'C3A', 'D10C', 'D13B', 'A33B', 'C37A', 'B48A', 'C54A', 'C62D', 'A63D', 'A71B', 'A74C', 'D77C', 'C82A']	15	-2.354967	-10.2226515	-10.336936	-0.114284515
BCCDDDCDCDDDDCDDABCDABCABDBACBDCAADDCBCABACBCCABCACBCCCCCBDBACDBBBCBCBBCCACACAACCCBABADBCCAABBBCCBB	['A63D', 'A71B', 'D77C', 'A93B']	4	-2.3550267	-6.913043	-7.0273867	-0.11434364
AAADDBCDCDDCDDDDABCDABCABDBACBDCAACDBBCABACBCCABCACBCCCCDBDBACDBBBCCCBBCCACACAACCCBABADBCBAABBBCCBB	['B1A', 'C2A', 'C3A', 'D6B', 'D12C', 'C14D', 'D35C', 'C37B', 'C57D', 'A63D', 'B68C', 'A71B', 'D77C', 'C90B', 'A93B']	15	-2.358055	-8.669156	-8.786529	-0.11737251
BCCDDDCDCDDDDCDDABADABCABDBACBDCAADDABCABACBCCABCACBCCCCCBDBBCACBBCBCBACCACADAACCCBABADBCCAAABBCCBB	['C19A', 'C37A', 'A61B', 'B64C']	4	-2.3585677	-7.856373	-7.9742603	-0.1178875
BCCDDDCDCCDDBCDDABDCABCABDBACBDCAACABBCABACBCCABCACBCACCCBDBADDBBACBCBDCCACADAACCABABADBCCAAABBCCBB	['D10C', 'D13B', 'C19D', 'D20C', 'D35C', 'D36A', 'C37B', 'C54A', 'C62D', 'A63D', 'B66A', 'A71D', 'C82A']	13	-2.3586545	-6.6303053	-6.748272	-0.11796665
BCCDDDCDCDDDDCDDABCDABCABDBACBDCAADDCBCABACBCCABCACBCCCCCBDBACDBBBCBCBACBACADAACCCBABADBCBAAABBCCBB	['A63D', 'C73B', 'C90B']	3	-2.3592272	-9.732229	-9.850774	-0.11854458
BCCDDDBDCDDDDCDDABCDABCABDBACBDCAADDBBCACACBCCABCACBCCCCDBDBACDBBBCBCBACCACACAACCCBABADBCCAABBBCCBB	['C7B', 'C37B', 'B41C', 'C57D', 'A63D', 'D77C', 'A93B']	7	-2.3601089	-7.046009	-7.165436	-0.11942673
BCCDDDCDCCDBDCCDABBDABCABDBACBDCAABABBCACACBCCABCACBCCCCCBDBACDBBBCBCBACCACADAACCCBABADBCCAABBBCCBB	['D10C', 'D12B', 'D15C', 'C19B', 'D35B', 'D36A', 'C37B', 'B41C', 'A63D', 'A93B']	10	-2.363062	-4.4129333	-4.535308	-0.122374535
AAADDDCDCDDDBDDDABCDABCABDBACBDCAADDCBCABACBCCABCACBCCCCCBDBACACBBCBCBACCACACAACCCBABADBCCAAABBCCBB	['B1A', 'C2A', 'C3A', 'D13B', 'C14D', 'B64C', 'D77C']	7	-2.3641224	-9.089263	-9.212702	-0.123438835
BCCDDDCDCCDDDCDDABCDABCABDBACBDCAADDCBCACACBCCAACACBCDCCCBDBACCBBBCBDBBACBCACAACCBBABADBCCAABBBCCBB	['D10C', 'B41C', 'B48A', 'C54D', 'A63C', 'C69D', 'A71B', 'C72A', 'A74B', 'D77C', 'C82B', 'A93B']	12	-2.3646684	-8.545734	-8.669726	-0.123991966
AAADDDCDCDDDDCDDABCDABCABDBACBDCAADDABCABACBCCABCACBCCCCCBDBACACBBCBBBADCACACAACCCBABADBCCAAABBCCBB	['B1A', 'C2A', 'C3A', 'C37A', 'B64C', 'C69B', 'C72D', 'D77C']	8	-2.3659587	-9.936812	-10.062091	-0.12527847
BCCDDDCDCDDBDCDCABBDABCABDBACBDCAADDCBCABACBCCABCACBCCCCCBDBACACBBCBCBACCACACAACCCBABADBCCACABBCCBB	['D12B', 'D16C', 'C19B', 'B64C', 'D77C', 'A92C']	6	-2.3660479	-8.083267	-8.208632	-0.12536526
BCCDDDCDCCDDDCDDABCDABCABDBACBDCAACACBCABADBCCAACACBCDCCCBDBCDDBBBCBCBBCCCCADAACCABABADBCBAABBBCCBB	['D10C', 'D35C', 'D36A', 'C43D', 'B48A', 'C54D', 'A61C', 'C62D', 'A63D', 'A71B', 'A74C', 'C82A', 'C90B', 'A93B']	14	-2.366993	-9.531931	-9.658238	-0.12630749
BCCDDDCDCCDDDCCDABCCABCABDBACBDCAADAABCACACBCCABCACBCACCCBDBACDBBBCBCBACCACADAACCBBABADBCCAAABBCCBB	['D10C', 'D15C', 'D20C', 'D36A', 'C37A', 'B41C', 'C54A', 'A63D', 'C82B']	9	-2.367795	-7.643006	-7.7701197	-0.12711382
BCCDDDCDCDDDDCDDABCDABCABDBACBDCAADDCBCABACBCCABCACBCCCCCBDBACBBBBCBCBCCCACACAACCCBABADBCCAABBBCCBB	['A63B', 'A71C', 'D77C', 'A93B']	4	-2.3699665	-7.023902	-7.1531878	-0.12928581
BCCDDDCDCDDDDCDDABCDABCABDBACBDCAADDCBCABACBCCABCACBCCCCDBDBBCABBBCBCBBBCACADAACCCBABADBCCAABBBCCBB	['C57D', 'A61B', 'A71B', 'C72B', 'A93B']	5	-2.376175	-6.643034	-6.778529	-0.13549519
BCCDDDCDCDDDDCDDABBDABCABDBACBDCAADDCBCABACBCCABCACBCCCCCBDBACDBBBCBCBAACACACAACCCBABADBCCAABBBCCBB	['C19B', 'A63D', 'C72A', 'D77C', 'A93B']	5	-2.376346	-6.075906	-6.2115736	-0.1356678
BCCDDDCDCCDDDCDDABCCABCABDBACBDCAACABBCABACBCCABCACBCDCCCBDCACDBBBCBCBBCCACAAAACCBBABADBCCAAABBCCBB	['D10C', 'D20C', 'D35C', 'D36A', 'C37B', 'C54D', 'B60C', 'A63D', 'A71B', 'D77A', 'C82B']	11	-2.3771148	-8.183622	-8.320049	-0.13642693
BCCDDDCDCDDDDDCDABCDABCABDBACBDCAADDCBCACACBCCABCACBBCCCCBDBACDBBBCBCBACCACACAACCBBABADBCCAAABBCCBB	['C14D', 'D15C', 'B41C', 'C53B', 'A63D', 'D77C', 'C82B']	7	-2.3781152	-8.337386	-8.47482	-0.137434
BCCDDDCDCCDDDCCDAACDABCABDBACBDCAADACBCABACBCCABCACBCCCCCBDBADACBBCBCBACCACADAACCCBABADBCCAAABBCCBB	['D10C', 'D15C', 'B18A', 'D36A', 'C62D', 'B64C']	6	-2.3784118	-5.081668	-5.219393	-0.13772488
BCCDDDCDCBDDDCDDABCDABCABDBACBDCAADABBCABACBCCABCACBCCCCCBDCADDBBBCBDBACCACADAACCBBABADBCCAAABBCCBB	['D10B', 'D36A', 'C37B', 'B60C', 'C62D', 'A63D', 'C69D', 'C82B']	8	-2.379446	-9.0573	-9.19606	-0.13876057
BCCDDDCDCDDCDDDDABCDABCABDBACBDCAADDCBCABACBCCABCACBCCCCCBDBADCBBBCBCBCBCACACAACCCBABADBCCAABBBCCBB	['D12C', 'C14D', 'C62D', 'A63C', 'A71C', 'C72B', 'D77C', 'A93B']	8	-2.3812265	-7.879922	-8.020476	-0.14055443
BCCDDDCDCCDDDCDDABCDABCABDBACBDCAADDCBCABACBCCAACACBCACCDBDBACDDBBCBCBBDCACADAACCBBABADBCCAACBBCCBB	['D10C', 'B48A', 'C54A', 'C57D', 'A63D', 'B64D', 'A71B', 'C72D', 'C82B', 'A93C']	10	-2.3829536	-9.759857	-9.90213	-0.14227295
BCCDDDCDCCDDBCDDABCBABCABBBACBDCAADACBCABACBCCAACACBCCCCCBDBACDCBBCBBBACCACADAACCBBABADBCCAAABBCCBB	['D10C', 'D13B', 'D20B', 'D26B', 'D36A', 'B48A', 'A63D', 'B64C', 'C69B', 'C82B']	10	-2.3836079	-9.543415	-9.686338	-0.14292336
BCCDDDCDCDDDDCDDABCDABCABDBACBDCAADDCBCABACBCCABCACBCCCCDBDBACDCBBCBCBACCACACAACCCBABADBCCAAABBCCBB	['C57D', 'A63D', 'B64C', 'D77C']	4	-2.3873997	-8.777808	-8.92453	-0.14672184
BCCDDDCDCDDDBCCDABCDABCABDBACBDCAADDABCABACBCCABCACBCCCCCBDBACDBBBCBCBADCACACAACCBBABADBCCAAABBCCBB	['D13B', 'D15C', 'C37A', 'A63D', 'C72D', 'D77C', 'C82B']	7	-2.3876333	-7.368573	-7.515525	-0.14695168
BCCDDDCDCDDDDCDDABCDABCABDBACBDCBADBCBBACABBCCABCACBCDCCCBDBADDBBBCBCBBCCACADAACCABABADBCCAABBBCCBB	['A33B', 'D36B', 'C39B', 'B41C', 'C43B', 'C54D', 'C62D', 'A63D', 'A71B', 'C82A', 'A93B']	11	-2.3910942	-10.165844	-10.316257	-0.15041351
BCCDDDCDCDDDDCDDABCDABCABDBACBDCAACDBBCABACBCCABCACBCCCCCBDBADDCBBCBCBCCCACADAACCCBABADBCBAAABBCCBB	['D35C', 'C37B', 'C62D', 'A63D', 'B64C', 'A71C', 'C90B']	7	-2.3952098	-8.850993	-9.005518	-0.1545248
BCCDDDCDCCDDDDDDABCDABCABDBACBDCAADDCBCACACBCCABCACBCCCCCBDBACDBBBCBCBACCACADAACCCBABADBCCAAABBCCBB	['D10C', 'C14D', 'B41C', 'A63D']	4	-2.398746	-7.515907	-7.6739674	-0.15806055
BCCDDDCDCDDDDCDDABCDABCABDBACBDCAADDCBCACACBCCABCACBCCCCCBDBACACBBCBBBACCCCACAACCCBABADBCCAAABBCCBB	['B41C', 'B64C', 'C69B', 'A74C', 'D77C']	5	-2.4003916	-8.811139	-8.970847	-0.15970802
BCCDDDCDCCDBDCDDABCDABCABDBACBDCAADDCBCABACBCCABCACBCCCCCBDBACABBBCBCBACCACADAACCCBABADBCCAAABBCCBB	['D10C', 'D12B']	2	-2.4009204	-7.0936003	-7.2538385	-0.16023827
BCCDDDCDCDDDDDDDABADABCABDBACBDCAACDABCABACBCCABCACBCCCCCBDBACDBBBCBCBCCCACADAACCABABADBCCAAABBCCBB	['C14D', 'C19A', 'D35C', 'C37A', 'A63D', 'A71C', 'C82A']	7	-2.401991	-9.617227	-9.778535	-0.16130829
BCCDDDCDCDDDDCDDABCDABCABDBACBDCAADDCBCABACBCCABCACBCCCCCBDBACDDBBCBCBADCACACAACCCBABADBCCAABBBCCBB	['A63D', 'B64D', 'C72D', 'D77C', 'A93B']	5	-2.4026432	-7.6403475	-7.802309	-0.16196156
BCCDDDCDCADDBCCDABCDABCABDBACBDCAADACBCABADBCCABCACBCCCCCBDBACDBBBCBCBACCACADAACCCBABADBCCAAABBCCBB	['D10A', 'D13B', 'D15C', 'D36A', 'C43D', 'A63D']	6	-2.4034429	-6.723235	-6.885991	-0.16275597
BCCDDDCDCDDDBCDDABCDABCABDBACBDCAADDABCACACBCCABCACBCCCCCBDBACACBBCBCBADCACACAACCCBABADBCCAAABBCCBB	['D13B', 'C37A', 'B41C', 'B64C', 'C72D', 'D77C']	6	-2.415093	-7.489416	-7.663828	-0.17441177
BCCDDDCDCDDDBCDDABCDABCABDBACBDCAADDABCACACBCCABCACBCCCCCBDBACACBBCBCBADCACACAACCCBABADBCCAAABBCCBB	['D13B', 'C37A', 'B41C', 'B64C', 'C72D', 'D77C']	6	-2.415093	-7.489416	-7.663828	-0.17441177
BCCDDDCDCCDDBCDDABCDABCABDBACBDCAADDCBCACACBCCABCACBCCCCCBDBADCBBBCBCBCDCACADAACCCBABADBCCAAABBCCBB	['D10C', 'D13B', 'B41C', 'C62D', 'A63C', 'A71C', 'C72D']	7	-2.416449	-7.0108366	-7.186598	-0.17576122
BCCDDDCDCADDDCDDABCDABCABDBACBDCAADDCBCABACBCCAACACBCCCCCBDBADDCDBCBCBACCACADAACCBBABADBCCAAABBCCBB	['D10A', 'B48A', 'C62D', 'A63D', 'B64C', 'B65D', 'C82B']	7	-2.4166698	-10.744501	-10.92049	-0.17598915
BCCDDDCDCCDDBCCDABCCABCABDBACBDCAACACBCACACBCCABCACBCDCCDBDBBCABBBCBCBACCCCADAACCBBABADBCCAAABBCCBB	['D10C', 'D13B', 'D15C', 'D20C', 'D35C', 'D36A', 'B41C', 'C54D', 'C57D', 'A61B', 'A74C', 'C82B']	12	-2.4171686	-6.3581924	-6.5346766	-0.17648411
BCCDDDCDCDDDDCDDABCCABCABDBACBDCAADACBCABADBCCABCACBCDCCCBDBCDDBBBCBCBBACACADAACCBBABADBCBAAABBCCBB	['D20C', 'D36A', 'C43D', 'C54D', 'A61C', 'C62D', 'A63D', 'A71B', 'C72A', 'C82B', 'C90B']	11	-2.4171958	-9.140588	-9.317097	-0.1765089
AAADDDCDCDDDDCDDABCDABCABDBACBDCAADDCBCABACBCCABCACBCCCCCBDBACCCBBCBCBACCACACAACCCBABADBCCAAABBCCBB	['B1A', 'C2A', 'C3A', 'A63C', 'B64C', 'D77C']	6	-2.4184399	-10.758469	-10.936232	-0.17776299
AAADDDCDCDDDDCDDABCDABCABDBACBDCAADDCBCABACBCCABCACBCCCCCBDBACCCBBCBCBACCACACAACCCBABADBCCAAABBCCBB	['B1A', 'C2A', 'C3A', 'A63C', 'B64C', 'D77C']	6	-2.4184399	-10.758469	-10.936232	-0.17776299
BCCDDDCDCDDDDCCDABCDABCABDBACBDCAADDCBCABACBCCABCACBCCCCCBDBADDBBBCBCBACCACADAACCCBABADBCBAABBBCCBB	['D15C', 'C62D', 'A63D', 'C90B', 'A93B']	5	-2.4244046	-7.0951743	-7.2788954	-0.18372107
BCCDDDCDCDDDDCDDABCDABCABDBACBDCAADDCBCABACBCCABCACBCCCCCBDBADDBBBBBABACCACACAACCCBABADBCCAABBBCCBB	['C62D', 'A63D', 'C67B', 'C69A', 'D77C', 'A93B']	6	-2.4251027	-7.3119345	-7.4963646	-0.18443012
BCCDDDCDCDDDDCDDABCDABCABDBACBDCAADDCBCACACBCCABCACBCCCCCBDBADCBBBCBAABCBACACAACCCBABADBCBAAABBCCBB	['B41C', 'C62D', 'A63C', 'C69A', 'B70A', 'A71B', 'C73B', 'D77C', 'C90B']	9	-2.4258752	-9.466687	-9.651887	-0.18519974
BCCDDDCDCDDDBCDDABBDABCABDBACBDCAADDCBCABACBCCABCACBCCCCCBDBACDBBBCBCBCCCACACAACCCBABADBCCAABBBCCBB	['D13B', 'C19B', 'A63D', 'A71C', 'D77C', 'A93B']	6	-2.4260826	-5.5269346	-5.712331	-0.1853962
BCCDDDCDCDDDBCDDABBDABCABDBACBDCAADDCBCABACBCCABCACBCCCCCBDBACDBBBCBCBCCCACACAACCCBABADBCCAABBBCCBB	['D13B', 'C19B', 'A63D', 'A71C', 'D77C', 'A93B']	6	-2.4260826	-5.5269346	-5.712331	-0.1853962
BCCDDDCDCADBDCCDABBCABCABDBACBDCAACABBCABACBCCABCACBCDCCDBDBACABBBCBCBBCCACADAACCBBABADBCCAAABBCCBB	['D10A', 'D12B', 'D15C', 'C19B', 'D20C', 'D35C', 'D36A', 'C37B', 'C54D', 'C57D', 'A71B', 'C82B']	12	-2.4262743	-6.668681	-6.854273	-0.1855917
BCCDDDCDCDDDDCDDABCDABCABDBACBDCAADDBBCABACBCCABCACBCCCCCBDBACDBBBCBCBACCACACAACCCBABADBCCAABBBCCBB	['C37B', 'A63D', 'D77C', 'A93B']	4	-2.4270053	-6.718986	-6.905308	-0.18632174
BCCDDDCDCDDDDCDDABCDABCABDBACBDCAADDBBCABACBCCABCACBCCCCCBDBACDBBBCBCBACCACACAACCCBABADBCCAABBBCCBB	['C37B', 'A63D', 'D77C', 'A93B']	4	-2.4270053	-6.718986	-6.905308	-0.18632174
BCCDDDCDCDDADCCDABBDABCABDBACBDCAADDCBCACACBCCABCACBCCCCCBDBACDBBBCBCBACCACACAACCABABADBCCAABBBCCBB	['D12A', 'D15C', 'C19B', 'B41C', 'A63D', 'D77C', 'C82A', 'A93B']	8	-2.42841	-6.9366875	-7.124419	-0.18773174
BCCDDDCDCDDADCCDABBDABCABDBACBDCAADDCBCACACBCCABCACBCCCCCBDBACDBBBCBCBACCACAAAACCABABADBCCAABBBCCBB	['D12A', 'D15C', 'C19B', 'B41C', 'A63D', 'D77A', 'C82A', 'A93B']	8	-2.4298892	-7.4945164	-7.6837254	-0.18920898
BCCDDDCDCDDCDCDDABCDABCABDBACBDCAADDCBCABACBCCABCACBCCCCDBDBACDBBBBBCBBCCACACAACCCBABADBCCAABBBCCBB	['D12C', 'C57D', 'A63D', 'C67B', 'A71B', 'D77C', 'A93B']	7	-2.4303427	-7.010326	-7.199995	-0.18966913
BCCDDDCDCDDDDCDDABCDABCABDBACBDCAADDBBCABACBCCABCACBCCCCCBDBACBBBBCBCBACCACACAACCCBABADBCCAABBBCCBB	['C37B', 'A63B', 'D77C', 'A93B']	4	-2.430818	-6.9162207	-7.1063576	-0.19013691
BCCDDDCDCDDDDCDDABCDABCABDBACBDCAADDBBCABACBCCABCACBCCCCCBDBACBBBBCBCBACCACACAACCCBABADBCCAABBBCCBB	['C37B', 'A63B', 'D77C', 'A93B']	4	-2.430818	-6.9162207	-7.1063576	-0.19013691
BCCDDDCDCDDDDCDDABCDABCABDBACBDCAADDBBCABACBCCABCACBCCCCCBDBACBBBBCBCBACCACACAACCCBABADBCCAABBBCCBB	['C37B', 'A63B', 'D77C', 'A93B']	4	-2.430818	-6.9162207	-7.1063576	-0.19013691
AAADDDCDCDDDDCDDABADABCABDBACBDCAADDCBCABACBCCABCACBCCCCCBDBADABBBCBCBACCACADAACCDBABADBCCAAABBCCBB	['B1A', 'C2A', 'C3A', 'C19A', 'C62D', 'C82D']	6	-2.4315104	-10.335523	-10.526356	-0.19083309
BCCDDDCDCDDDDCDDABCCABCABDBACBDCAADDCBCABACBCCABCACBCCCCCBDBACDBBBCBCBACCACACAACCCBABADBCCAABBBCCBB	['D20C', 'A63D', 'D77C', 'A93B']	4	-2.4357305	-6.7274733	-6.9225235	-0.19505024
BCCDDDCDCDDCBCDDABCDABCABDBACBDCDADDCBCABACBCCABCACBCCCCCBDBADCCBBCBCBACCACADAACCCBABADBCCACABBCCBB	['D12C', 'D13B', 'A33D', 'C62D', 'A63C', 'B64C', 'A92C']	7	-2.4398265	-9.289128	-9.488278	-0.19915009
AAADDDCDCDDDDCDDABCDABCABDBACBDCAACDBBCABACBCCABCACBCCCCCBDBACDBBBCBCBBCCDCACAACCCBABADBCCAABBBCCBB	['B1A', 'C2A', 'C3A', 'D35C', 'C37B', 'A63D', 'A71B', 'A74D', 'D77C', 'A93B']	10	-2.440504	-8.640108	-8.839933	-0.19982529
BCCDDDCDCDDDDCDDABCDABCABDBACBDCAADDCBCABACBCCABCACBCCCCCBDBACDBBBCBCBACCACACAACCCBABADBCCAABBBCCBB	['A63D', 'D77C', 'A93B']	3	-2.4414248	-7.224369	-7.4251146	-0.20074558
BCCDDDCDCDDDDCDDABCDABCABDBACBDCAADDCBCABACBCCABCACBCCCCCBDBACDBBBCBCBACCACACAACCCBABADBCCAABBBCCBB	['A63D', 'D77C', 'A93B']	3	-2.4414248	-7.224369	-7.4251146	-0.20074558
BCCDDDCDCDDDDCDDABCDABCABDBACBDCAADDCBCABACBCCABCACBCCCCCBDBACDBBBCBCBACCACACAACCCBABADBCCAABBBCCBB	['A63D', 'D77C', 'A93B']	3	-2.4414248	-7.224369	-7.4251146	-0.20074558
BCCDDDCDCDDDDCDDABCDABCABDBACBDCAADDCBCABACBCCABCACBCCCCCBDBACDBBBCBCBACCACACAACCCBABADBCCAABBBCCBB	['A63D', 'D77C', 'A93B']	3	-2.4414248	-7.224369	-7.4251146	-0.20074558
BCCDDDCDCDDDDCDDABCDABCABDBACBDCAADDCBCABACBCCABCACBCCCCCBDBACDBBBCBCBACCACACAACCCBABADBCCAABBBCCBB	['A63D', 'D77C', 'A93B']	3	-2.4414248	-7.224369	-7.4251146	-0.20074558
BCCDDDCDCDDDDCDDABCDABCABDBACBDCAADDCBCABACBCCABCACBCCCCCBDBACDBBBCBCBACCACACAACCCBABADBCCAABBBCCBB	['A63D', 'D77C', 'A93B']	3	-2.4414248	-7.224369	-7.4251146	-0.20074558
BCCDDDCDCDDDDCDDABCDABCABDBACBDCAADDCBCABACBCCABCACBCCCCCBDBACDBBBCBCBACCACACAACCCBABADBCCAABBBCCBB	['A63D', 'D77C', 'A93B']	3	-2.4414248	-7.224369	-7.4251146	-0.20074558
BCCDDDCDCDDDDCDDABCDABCABDBACBDCAADDCBCABACBCCABCACBCCCCCBDBACDBBBCBCBACCACACAACCCBABADBCCAABBBCCBB	['A63D', 'D77C', 'A93B']	3	-2.4414248	-7.224369	-7.4251146	-0.20074558
BCCDDDCDCDDDDCDDABCDABCABDBACBDCAADDCBCABACBCCABCACBCCCCCBDBACDBBBCBCBACCACACAACCCBABADBCCAABBBCCBB	['A63D', 'D77C', 'A93B']	3	-2.4414248	-7.224369	-7.4251146	-0.20074558
BCCDDDCDCDDDDCDDABCDABCABDBACBDCAADDCBCABACBCCABCACBCCCCCBDBACDBBBCBCBACCACACAACCCBABADBCCAABBBCCBB	['A63D', 'D77C', 'A93B']	3	-2.4414248	-7.224369	-7.4251146	-0.20074558
BCCDDDCDCDDDDCDDABCDABCABDBACBDCAADDCBCABACBCCABCACBCCCCCBDBACDBBBCBCBACCACACAACCCBABADBCCAABBBCCBB	['A63D', 'D77C', 'A93B']	3	-2.4414248	-7.224369	-7.4251146	-0.20074558
BCCDDDCDCDDDDCDDABCDABCABDBACBDCAADDCBCABACBCCABCACBCCCCCBDBACDBBBCBCBACCACACAACCCBABADBCCAABBBCCBB	['A63D', 'D77C', 'A93B']	3	-2.4414248	-7.224369	-7.4251146	-0.20074558
BCCDDDCDCDDDDCDDABCDABCABDBACBDCAADDCBCABACBCCABCACBCCCCCBDBACDBBBCBCBACCACACAACCCBABADBCCAABBBCCBB	['A63D', 'D77C', 'A93B']	3	-2.4414248	-7.224369	-7.4251146	-0.20074558
BCCDDDCDCDDDDCDDABCDABCABDBACBDCAADDCBCABACBCCABCACBCCCCCBDBACDBBBCBCBACCACACAACCCBABADBCCAABBBCCBB	['A63D', 'D77C', 'A93B']	3	-2.4414248	-7.224369	-7.4251146	-0.20074558
BCCDDDCDCDDDDCDDABCDABCABDBACBDCAADDCBCABACBCCABCACBCCCCCBDBACDBBBCBCBACCACACAACCCBABADBCCAABBBCCBB	['A63D', 'D77C', 'A93B']	3	-2.4414248	-7.224369	-7.4251146	-0.20074558
BCCDDDCDCDDDDCDDABCDABCABDBACBDCAADDCBCABACBCCABCACBCCCCCBDBACDBBBCBCBACCACACAACCCBABADBCCAABBBCCBB	['A63D', 'D77C', 'A93B']	3	-2.4414248	-7.224369	-7.4251146	-0.20074558
BCCDDDCDCDDDDCDDABCDABCABDBACBDCAADDCBCABACBCCABCACBCCCCCBDBACDBBBCBCBACCACACAACCCBABADBCCAABBBCCBB	['A63D', 'D77C', 'A93B']	3	-2.4414248	-7.224369	-7.4251146	-0.20074558
BCCDDDCDCDDDDCDDABCDABCABDBACBDCAADDCBCABACBCCABCACBCCCCCBDBACDBBBCBCBACCACACAACCCBABADBCCAABBBCCBB	['A63D', 'D77C', 'A93B']	3	-2.4414248	-7.224369	-7.4251146	-0.20074558
BCCDDDCDCDDDDCCDABCDABCABDBACBDCAADDCBCABACBCCABCACBCCCCCBDBACABBBCBCBADCACACAACCCBABADBCCAABBBCCBB	['D15C', 'C72D', 'D77C', 'A93B']	4	-2.441823	-5.5270224	-5.72816	-0.20113754
BCCDDDCDCDDCDCDDABCDABCABDBACBDCAADDBBCABACBCCABCACBCCCCCBDCACDBBBDBCBACCACACAACCCBABADBCBAAABBCCBB	['D12C', 'C37B', 'B60C', 'A63D', 'C67D', 'D77C', 'C90B']	7	-2.4435143	-7.9470625	-8.1498995	-0.20283699
BCCDDDCDCDDDDCDDABCDABCABDBACBDCAADDCBCABACBCCABCACBCCCCCBDBACBBBBCBCBACCACACAACCCBABADBCCAABBBCCBB	['A63B', 'D77C', 'A93B']	3	-2.4452386	-7.421605	-7.6261644	-0.20455933
BCCDDDCDCDDDDCDDABCDABCABDBACBDCAADDCBCABACBCCABCACBCCCCCBDBACBBBBCBCBACCACACAACCCBABADBCCAABBBCCBB	['A63B', 'D77C', 'A93B']	3	-2.4452386	-7.421605	-7.6261644	-0.20455933
BCCDDDCDCDDDDCDDABCDABCABDBACBDCAADDCBCABACBCCABCACBCCCCCBDBACACBBCBCBACCACACAACCCBABADBCCAAABBCCBB	['B64C', 'D77C']	2	-2.4452696	-7.831654	-8.036243	-0.20458937
BCCDDDCDCDDDDCDDABCDABCABDBACBDCAADDCBCABACBCCABCACBCCCCCBDBACACBBCBCBACCACACAACCCBABADBCCAAABBCCBB	['B64C', 'D77C']	2	-2.4452696	-7.831654	-8.036243	-0.20458937
BCCDDDCDCDDDDCDDABCDABCABDBACBDCAADDCBCABACBCCABCACBCCCCCBDBACACBBCBCBACCACACAACCCBABADBCCAAABBCCBB	['B64C', 'D77C']	2	-2.4452696	-7.831654	-8.036243	-0.20458937
BCCDDDCDCDDDDCDDABCDABCABDBACBDCAADDCBCABACBCCABCACBCCCCCBDBACACBBCBCBACCACACAACCCBABADBCCAAABBCCBB	['B64C', 'D77C']	2	-2.4452696	-7.831654	-8.036243	-0.20458937
BCCDDDCDCCDDDCDDABCDABCABDBACBDCAACACBCABACBCCABCACBCCCCCBDBADDBBBCBCBBCCACACAACCCBABADBCCAABBBCCBB	['D10C', 'D35C', 'D36A', 'C62D', 'A63D', 'A71B', 'D77C', 'A93B']	8	-2.4463105	-5.7827415	-5.9883633	-0.20562172
BCCDDDCDCCDDDCDDABCDABCABDBACBDCAACACBCABACBCCABCACBCCCCCBDBADDBBBCBCBBCCACACAACCCBABADBCCAABBBCCBB	['D10C', 'D35C', 'D36A', 'C62D', 'A63D', 'A71B', 'D77C', 'A93B']	8	-2.4463105	-5.7827415	-5.9883633	-0.20562172
BCCDDDCDCCDDBCDDABCDABCABDBACBDCAADDCBCABACBCCABCACBCCCCCBDBADDBDBCBCBACCACADAACCCBABADBCCAAABBCCBB	['D10C', 'D13B', 'C62D', 'A63D', 'B65D']	5	-2.4469876	-7.105257	-7.3115597	-0.20630264
BCCDDDCDCADDBCDDABCDABCABDBACBDCAADDCBCACACBCCABCACBCCCCDBDCACDBBBCBCBACCACADAACCCBABADBCCAAABBCCBB	['D10A', 'D13B', 'B41C', 'C57D', 'B60C', 'A63D']	6	-2.447845	-8.480912	-8.688073	-0.20716095
BCCDDDCDCCDDDCDDABDCABCABDBACBDCAACACBCABADBCCABCACBCDCCCBDBCDDBBBCBBBCCCACADAACCBBABADBCCAAABBCCBB	['D10C', 'C19D', 'D20C', 'D35C', 'D36A', 'C43D', 'C54D', 'A61C', 'C62D', 'A63D', 'C69B', 'A71C', 'C82B']	13	-2.4481106	-8.78414	-8.991567	-0.20742702
BCCDDDCDCCDDDCDCABCDABCABDBACBDCAADDABCABACBCCABCACBCCCCCBDBACCBBBCBABACCACADAACCCBABADBCCAABBBCCBB	['D10C', 'D16C', 'C37A', 'A63C', 'C69A', 'A93B']	6	-2.4493585	-8.144224	-8.352906	-0.20868206
BCCDDDCDCDDDDCCDABCDABCABDBACBDCAADDABCABACBCCABCACBCDCCCBDBADDBBBCBCBACCACADAACCBBABADBCCAABBBCCBB	['D15C', 'C37A', 'C54D', 'C62D', 'A63D', 'C82B', 'A93B']	7	-2.4511142	-8.992822	-9.203253	-0.2104311
BCCDDDCDCDDDDCCDABCDABCABDBACBDCAADDABCABACBCCABCACBCDCCCBDBADDBBBCBCBACCACADAACCBBABADBCCAABBBCCBB	['D15C', 'C37A', 'C54D', 'C62D', 'A63D', 'C82B', 'A93B']	7	-2.4511142	-8.992822	-9.203253	-0.2104311
BCCDDDCDCDDDDCDDABCDABCABDBACBDCAADDABCACACBCCABCACBCCCCCBDBACDBBBCBCBADCACACAACCCBABADBCCAABBBCCBB	['C37A', 'B41C', 'A63D', 'C72D', 'D77C', 'A93B']	6	-2.455989	-7.369749	-7.5850573	-0.21530819
BCCDDDCDCDDDDCDDABCDABCABDBACBDCAADDBBCABACBCCABCACBCCCCCBDBACDBBBCBCBADCACADAACCCBABADBCCAABBBCCBB	['C37B', 'A63D', 'C72D', 'A93B']	4	-2.4579597	-7.7448573	-7.9621334	-0.2172761
BCCDDDCDCCDDBCDDABCDABCABDBACBDCAADACBCABACBCCABCACBCCCCCBDCCADABBCBCBBACACADAACCCBABADBCCAABBBCCBB	['D10C', 'D13B', 'D36A', 'B60C', 'A61C', 'C62A', 'A63D', 'B64A', 'A71B', 'C72A', 'A93B']	11	-2.460741	-6.869463	-7.0895176	-0.22005463
BCCDDDCDCCDDDCDDABCCABCABDBACBDCAADABCCABACBCCABCACBCCCCCBDBADDBBBCBCBBCCCCADAACCCBABADBCBAABBBCCBB	['D10C', 'D20C', 'D36A', 'C37B', 'B38C', 'C62D', 'A63D', 'A71B', 'A74C', 'C90B', 'A93B']	11	-2.4625583	-5.898574	-6.1204433	-0.22186947
BCCDDDCDCCDDDCDDABCCABCABDBACBDCAADABCCABACBCCABCACBCCCCCBDBADDBBBCBCBBCCCCADAACCCBABADBCBAABBBCCBB	['D10C', 'D20C', 'D36A', 'C37B', 'B38C', 'C62D', 'A63D', 'A71B', 'A74C', 'C90B', 'A93B']	11	-2.4625583	-5.898574	-6.1204433	-0.22186947
BCCDDDCDCDDDBCDDABCAABCABDBACBDCAACACBCABACBCCABCACBCCCCCBDBACDBBBCBCBBCCACADAACCCBABADBCCAABBBCCBB	['D13B', 'D20A', 'D35C', 'D36A', 'A63D', 'A71B', 'A93B']	7	-2.4659138	-7.141687	-7.366912	-0.22522497
BCCDDDCDCDDDDCDDABCDABCABDBACBDCAADDCBCACACBCCABCACBCCCCCBDCADDBBBCBCBACCACACAACCCBABADBCBAABBBCCBB	['B41C', 'B60C', 'C62D', 'A63D', 'D77C', 'C90B', 'A93B']	7	-2.4665136	-7.8049946	-8.030828	-0.2258339
BCCDDDCDCDDDDCDDABCDABCABDBACBDCAADDABCABACBCCABCACBCCCCCBDBACCCBBCBCBACCACADAACCCBABADBCBAAABBCCBB	['C37A', 'A63C', 'B64C', 'C90B']	4	-2.4666042	-9.829935	-10.0558605	-0.22592545
BCCDDDCDCCDDBCCDABCDABCABDBACDDCAADDCBCABACBCCABCACBCCCCCBDBACDBBBCBCBACCACADAACCCBABADBCCAAABBCCBB	['D10C', 'D13B', 'D15C', 'B30D', 'A63D']	5	-2.4673038	-4.636579	-4.8631973	-0.22661829
BCCDDDCDCDDDDCDDABCDABCABDBACBDCAADDCBCACAABCCABCACBCCCCDBDBACDABBCBCBACCACADAACCCBABADBCBAAABBCCBB	['B41C', 'C43A', 'C57D', 'A63D', 'B64A', 'C90B']	6	-2.4701614	-9.4015255	-9.631006	-0.22948074
BCCDDDCDCDDDDCDDABCDABCABDBACBDCAADDCBCABACBCCABCACBCCCCDBDBACDBBBCBCBACCACACAACCCBABADBDCAAABBCCBB	['C57D', 'A63D', 'D77C', 'C89D']	4	-2.471128	-8.075752	-8.3062	-0.23044777
BCCDDDCDCDDCBDDDABCDABCABDBACBDCAADDCBCABACBCCABCACBCCCCCBDBADDBBBCCCBCDCACACAACCCBABADBCCAABBBCCBB	['D12C', 'D13B', 'C14D', 'C62D', 'A63D', 'B68C', 'A71C', 'C72D', 'D77C', 'A93B']	10	-2.4717307	-6.6566486	-6.8876915	-0.23104286
AAADDDCDCDDBDCDDABBDABCABDBACBDCAADDCBCABACBCCABCACBCCCCCBDBACDCBBCBCBACCACADAACCCBABADBCCAAABBCCBB	['B1A', 'C2A', 'C3A', 'D12B', 'C19B', 'A63D', 'B64C']	7	-2.4718957	-11.040371	-11.271588	-0.23121738
BCCDDDCDCDDBDCDDABCDABCABDBACBDCDADDABCABACBCCABCACBCCCCCBDBACACBBCBCBACCACADAACCCBABADBCCAABBACCBB	['D12B', 'A33D', 'C37A', 'B64C', 'A93B', 'B95A']	6	-2.473918	-8.195125	-8.428365	-0.23324013
BCCDDDCDCADDDCDDABCDABCABDBACBDCAADDCBAACACBCCABCACBCCCCCBDBACBBBBCBDBACCACADAACCCBABADBCCAAABBCCBB	['D10A', 'C39A', 'B41C', 'A63B', 'C69D']	5	-2.475317	-8.761583	-8.996217	-0.23463345
BCCDDDCDCADDDCDDABCDABCABDBACBDCAADDCBAACACBCCABCACBCCCCCBDBACBBBBCBDBACCACADAACCCBABADBCCAAABBCCBB	['D10A', 'C39A', 'B41C', 'A63B', 'C69D']	5	-2.475317	-8.761583	-8.996217	-0.23463345
BCCDDDCDCADDDCDDABCDABCABDBACBDCAADDCBAACACBCCABCACBCCCCCBDBACBBBBCBDBACCACADAACCCBABADBCCAAABBCCBB	['D10A', 'C39A', 'B41C', 'A63B', 'C69D']	5	-2.475317	-8.761583	-8.996217	-0.23463345
BCCDDDCDCCDDBCDDABCDABCABDBACDDCAACACBCABACBCCABCACBCCCCCBDBACDCBBCBBBACCADADAACCCBABADBCCAAABDCCBB	['D10C', 'D13B', 'B30D', 'D35C', 'D36A', 'A63D', 'B64C', 'C69B', 'C75D', 'B95D']	10	-2.4755135	-6.9298596	-7.164686	-0.23482656
BCCDDDCDCDDDDCDDABCDABCABDBACBDCAADDCBCABACBCCABCACBCCCCCBDBACACBBCBCBADCACADAACCCBABADBCCAAABBCCBB	['B64C', 'C72D']	2	-2.476224	-8.857526	-9.093069	-0.23554325
BCCDDDCDCDDDDCDDABCDABCABDBACBDCAADDCBCABACBCCABCACBCCCCCBDBACACBBCBCBADCACADAACCCBABADBCCAAABBCCBB	['B64C', 'C72D']	2	-2.476224	-8.857526	-9.093069	-0.23554325
AAADDDADCAADDCDDABCDABCABDBACBDCAADDCBCABACBCCABCACBCCCCCBDBACDBBBCBCBBCCACACAACCCBABADBCCAABBBCCBB	['B1A', 'C2A', 'C3A', 'C7A', 'D10A', 'D11A', 'A63D', 'A71B', 'D77C', 'A93B']	10	-2.4775262	-7.698298	-7.9351416	-0.23684359
BCCDDDCDCCDDBCDDABCDABCABDBACBDCAACDABCACACBBCABCACBCCCCCBDBACDBBBCBCBCACACACAACCCBACADBCCAAABBCCBB	['D10C', 'D13B', 'D35C', 'C37A', 'B41C', 'C45B', 'A63D', 'A71C', 'C72A', 'D77C', 'B85C']	11	-2.4783564	-4.2763214	-4.513994	-0.2376728
BCCCDDCDCDDDBCDDAABDABCABDBACBDCAADDCBCABABBCCABCACBCCCCCBDBACDBBBCBCBACCACADAACCCBABADBCCADABBCCBB	['D4C', 'D13B', 'B18A', 'C19B', 'C43B', 'A63D', 'A92D']	7	-2.4784818	-6.7024307	-6.9402256	-0.23779488
BCCDDDCDCDDDDCDDABCDABCABDBACBDCAADDCBCACACBCCABCACBCDCCCBDBADDBBBCBCBACCACACAACCBBABADBCCAAABBCCBB	['B41C', 'C54D', 'C62D', 'A63D', 'D77C', 'C82B']	6	-2.4789023	-9.457942	-9.696164	-0.23822212
BCCDDDCDCCDDDCDDABCCABCABDBACBDCAACABBCABACBCCABCACBCDCCCBDBACABBBCBCBBCCACADAACCBBABADBCCAAABBCCBB	['D10C', 'D20C', 'D35C', 'D36A', 'C37B', 'C54D', 'A71B', 'C82B']	8	-2.4791822	-7.178457	-7.416953	-0.2384963
BCCDDDCDCDDBDCDDABBCABCABDBACBDCAADDCBCABACBCCABCACBCCCCCBDBACDBBBCBCBACCACACAACCCBABADBCCAABBBCCBB	['D12B', 'C19B', 'D20C', 'A63D', 'D77C', 'A93B']	6	-2.4801373	-6.377589	-6.6170435	-0.23945427
BCCDDDCDCDDDDCDDABCDABCABDBACBDCAACACBCACACBCCABCACBCDCCCBDBACDBBBCBCBACCACADAACCABABADBCCAABBBCCBB	['D35C', 'D36A', 'B41C', 'C54D', 'A63D', 'C82A', 'A93B']	7	-2.4827642	-10.086292	-10.328376	-0.24208355
BCCDDDCDCDDCBCDDABCDABCABDBACBDCAADDCBCABACBCCABCACBCCCCCBDBACDBBBCBCBACCACADAACCCBABADBCCAABBBCCBB	['D12C', 'D13B', 'A63D', 'A93B']	4	-2.4835157	-8.075122	-8.317958	-0.242836
BCCDDDCDCDDDDCDDABCDABCABDBACBDCAADDABCABACBCCABCACBCCCCCBDBACBCBBCBCBACCACACAACCCBABADBCCAAABBCCBB	['C37A', 'A63B', 'B64C', 'D77C']	4	-2.4836578	-8.817042	-9.060018	-0.24297523
BCCDDDCDCDDDDCCDABCDABCABDBACBDCAADDCBCABACBCCABCACBCCCCCBDBACDBBBCBCBADCACADAACCBBABADBCCAAABBCCBB	['D15C', 'A63D', 'C72D', 'C82B']	4	-2.4844089	-8.855273	-9.099002	-0.24372864
BCCDDDCDCDDADCDDABCDABCABDBACBDCAADDCBCABACBCCABCACBCCCCCBDBACDCBBCBCBACCACACAACCCBABADBCCAABBBCCBB	['D12A', 'A63D', 'B64C', 'D77C', 'A93B']	5	-2.4853435	-8.537056	-8.781718	-0.24466228
BCCDDDCDCDDDBDCDABCDABCABDBACBDCAACDBBCABACBCCABCACBCCCCCBDBAADBBBCBCBDCCACADAACCCBABADBCBAABBBCCBB	['D13B', 'C14D', 'D15C', 'D35C', 'C37B', 'C62A', 'A63D', 'A71D', 'C90B', 'A93B']	10	-2.4854922	-5.616616	-5.8614197	-0.2448039
BCCDDDCDCDDDBCDDABCCABCABDBACBDCAADABBCABACBCCABCACBCCCCCBDBACDCBBCBCBACCACADAACCCBABADBCBAAABBCCBB	['D13B', 'D20C', 'D36A', 'C37B', 'A63D', 'B64C', 'C90B']	7	-2.4867	-7.7645483	-8.010563	-0.2460146
BCCDDDCDCDDDBCDDABCDABCABDBACBDCAADDCBCABACBCCABCACBCCCCCBDBACDCBBCBCBACCACADAACCCBABADBCCAAABBCCBB	['D13B', 'A63D', 'B64C']	3	-2.4871411	-9.131268	-9.3777275	-0.24645996
BCCDDDCDCDDCDCDDABBDABCABDBACBDCAADDABCABACBCCABCACBCCCCCBDBACDBBBCBCBACCADADAACCCBACADBCCAABBBCCBB	['D12C', 'C19B', 'C37A', 'A63D', 'C75D', 'B85C', 'A93B']	7	-2.487752	-7.4449377	-7.6920195	-0.24708176
BCCDDDCDCDDDDCDDABBDABCABDBACBDCAADDCBCABACBCCABCACBCCCCCBDBACABBBCBCBADCACACAACCCBABADBCCAABBBCCBB	['C19B', 'C72D', 'D77C', 'A93B']	4	-2.4904356	-5.650894	-5.90065	-0.24975586
BCCDDDCDCDDDBCDDABCDABCABDBACBDCAADDCBCABACBCCABCACBCCCCCBDBACBBBBCBCBACCACADAACCDBABADBCCAAABBCCBB	['D13B', 'A63B', 'C82D']	3	-2.493834	-9.032407	-9.285555	-0.25314808
BCCDDDCDCDDDDDDDABCDABCABDBACBDCAADDBBCABACBCCABCACBCCCCCBDBACDBBBCBCBACCACACAACCCBABADBCCAABBBCCBB	['C14D', 'C37B', 'A63D', 'D77C', 'A93B']	5	-2.4949918	-6.6928444	-6.947153	-0.2543087
BCCDDDCDCDDDBCCDABCDABCABDBACBDCAADDCBCABACBCCABCACBCCCCCBDBACDBBBDBABACCACACAACCCBABADBCCAAABBCCBB	['D13B', 'D15C', 'A63D', 'C67D', 'C69A', 'D77C']	6	-2.496367	-6.711152	-6.9668303	-0.25567818
AAADDDCDCDDDDCDDABCDABCABDBACDDCAADDCBCABACBCCABCACBCCCCCBDBACDBBBCBCBACCACACAACCCBABADBCCAABBBCCBB	['B1A', 'C2A', 'C3A', 'B30D', 'A63D', 'D77C', 'A93B']	7	-2.497908	-7.6324606	-7.8896837	-0.25722313
AAADDDCDCDDDDCDDABCDABCABDBACDDCAADDCBCABACBCCABCACBCCCCCBDBACDBBBCBCBACCACACAACCCBABADBCCAABBBCCBB	['B1A', 'C2A', 'C3A', 'B30D', 'A63D', 'D77C', 'A93B']	7	-2.497908	-7.6324606	-7.8896837	-0.25722313
BCCDDDCDCDDDDCDDABCDABCABDBACBDCAACDCBCABACBCCABCACBCCCCCBDBACDBBBCBCBADCACACAACCCBABADBCCAABBBCCBB	['D35C', 'A63D', 'C72D', 'D77C', 'A93B']	5	-2.4984741	-7.5786424	-7.8364363	-0.2577939
BCCDDDCDCDDDDCDDABCDABCABDBACBDCAACDCBCABACBCCABCACBCCCCCBDBACDBBBCBCBADCACACAACCCBABADBCCAABBBCCBB	['D35C', 'A63D', 'C72D', 'D77C', 'A93B']	5	-2.4984741	-7.5786424	-7.8364363	-0.2577939
BCCDDDCDCDDDDCDDABCDABCABDBACBDCAACDCBCABACBCCABCACBCCCCCBDBACDBBBCBCBADCACACAACCCBABADBCCAABBBCCBB	['D35C', 'A63D', 'C72D', 'D77C', 'A93B']	5	-2.4984741	-7.5786424	-7.8364363	-0.2577939
BCCDDDCDCDDDDCDDABCDABCABDBACBDCAACDCBCABACBCCABCACBCCCCCBDBACDBBBCBCBADCACACAACCCBABADBCCAABBBCCBB	['D35C', 'A63D', 'C72D', 'D77C', 'A93B']	5	-2.4984741	-7.5786424	-7.8364363	-0.2577939
AAADDDCDCDDDDCDDABCDABCABDBACBDCAADDCBCABACBCCABCACBCCCCCBDBACDBBBCBBCACCACACAACCCBABADBCBAAABBCCBB	['B1A', 'C2A', 'C3A', 'A63D', 'C69B', 'B70C', 'D77C', 'C90B']	8	-2.4998388	-8.927384	-9.186544	-0.25916004
BCCDDDCDCDDDBCDDABCDABCABDBACBDCAADDCBCABACBCCABCACBCCCCCBDBACDCDBCBCBACCACADAACCCBABADBCCAAABBCCBB	['D13B', 'A63D', 'B64C', 'B65D']	4	-2.4999604	-9.340661	-9.599939	-0.2592783
BCCDDDCDCDDDDCDDABCDABCABDBACBDCAACDABCABACBCCABCACBCCCCCBDBACDCBBCBCBACCACADAACCCBABADBCBAAABBCCBB	['D35C', 'C37A', 'A63D', 'B64C', 'C90B']	5	-2.501748	-9.79012	-10.051189	-0.2610693
AAADDDCDCDDBDCDDABDAABCABDBACBDCAADACBCACACBCCABCACBCCCCCBDBACCBBBCBCBADCCCADAACCCBABADBCCAAABBCCBB	['B1A', 'C2A', 'C3A', 'D12B', 'C19D', 'D20A', 'D36A', 'B41C', 'A63C', 'C72D', 'A74C']	11	-2.5020723	-11.1314745	-11.392868	-0.26139355
AAADDDCDCDDDDCDDABCDABCABDBACBDCAADDCBCABACBCCABCACBCCCCCBDBACABBBCBCBACCACACAACCCBABADBCCAABBBCCBB	['B1A', 'C2A', 'C3A', 'D77C', 'A93B']	5	-2.5031	-8.203646	-8.46607	-0.26242447
BCCCDDCDCCDDDCDDABCDABCABDBACBDCBADDCBCABABBCCABCACBCCCCDBDBADDBBBABDBADCACADAACCCBABADBCCAAABBCCBB	['D4C', 'D10C', 'A33B', 'C43B', 'C57D', 'C62D', 'A63D', 'C67A', 'C69D', 'C72D']	10	-2.503325	-8.597931	-8.860576	-0.26264477
BCCDDDCDCCDDDCDDABCDABCABDBACBDCAADDCBCABACBCCABCACBCCCCCBDBACCABBCBCBADCACADAACCCBABADBCCAAABBCCBB	['D10C', 'A63C', 'B64A', 'C72D']	4	-2.504734	-8.258922	-8.522977	-0.26405525
AAADDABDCDDDDCDDABCDABCABDBACBDCAADDCBCABACBCCABCACBCCCCCBDBACBBBBCBCBACCACADAACCCBABADBCCAAABBCCBB	['B1A', 'C2A', 'C3A', 'D6A', 'C7B', 'A63B']	6	-2.5047488	-10.680681	-10.944753	-0.26407146
BCCDDDCDCDDDDDDDABCDABCABDBACBDCAADDCBCACACBCCABCACBCCCCCBDBACDCBBCBCCACCACACAACCCBABADBCCAAABBCCBB	['C14D', 'B41C', 'A63D', 'B64C', 'B70C', 'D77C']	6	-2.507506	-8.0874605	-8.354286	-0.26682568
BCCDDDCDCDDDDCCDABCCABCABDBACBDCAADACBCABACBCCABCACBCCCCCBDBACDBBBCBCBACCACADAACCBBBBADBCCAAABBCCBB	['D15C', 'D20C', 'D36A', 'A63D', 'C82B', 'A84B']	6	-2.5087404	-7.854109	-8.122166	-0.26805687
BCCDDDCDCDDDDDDDABCDABCABDBACBDCAADDCBCABACBCCABCACBCCCCCBDBACDBBBCBCBACCACACAACCCBABADBCCAABBBCCBB	['C14D', 'A63D', 'D77C', 'A93B']	4	-2.5094123	-7.198227	-7.466959	-0.26873207
BCCDDDCDCDDDDDDDABCDABCABDBACBDCAADDCBCABACBCCABCACBCCCCCBDBACDBBBCBCBACCACACAACCCBABADBCCAABBBCCBB	['C14D', 'A63D', 'D77C', 'A93B']	4	-2.5094123	-7.198227	-7.466959	-0.26873207
BCCDDDCDCDDDDCDDABCDABCABDBACBDCAADDCBCABACBCCABCACBCDCCCBDBACDBBBCBCBACCACADAACCBBABADBCCAAABBCCBB	['C54D', 'A63D', 'C82B']	3	-2.5121403	-10.3744755	-10.645933	-0.27145767
BCCDDDCDCDDDDCDDABCDABCABDBACBDCAADDCBCABACBCCABCACBCDCCCBDBACDBBBCBCBACCACADAACCBBABADBCCAAABBCCBB	['C54D', 'A63D', 'C82B']	3	-2.5121403	-10.3744755	-10.645933	-0.27145767
BCCDDDCDCDDDDCDDABCDABCABDBACBDCAACABBCACACBCCABCACBCCCCCCDBADACBBCBCBACCACADAACCCBABADBCBAAABBCCBB	['D35C', 'D36A', 'C37B', 'B41C', 'B58C', 'C62D', 'B64C', 'C90B']	8	-2.5125656	-8.886105	-9.157986	-0.2718811
BCCDDDCDCCDDDCDDABCDABCABDBACBDCAADABBCABACBCCABCACBCCCCCBDBACCDBBCBCBADCACADAACCCBABADBCCAABBBCCBB	['D10C', 'D36A', 'C37B', 'A63C', 'B64D', 'C72D', 'A93B']	7	-2.513247	-7.0795956	-7.3521595	-0.27256393
BCCDDDCDCCDDDCDDABCDABCABDBACDDCAACDCBCACACBCCABCACBCCCCCBDBACDBBBCBCBACCACACAACCCBABADBCCAAABBCCBB	['D10C', 'B30D', 'D35C', 'B41C', 'A63D', 'D77C']	6	-2.5177288	-5.507173	-5.784215	-0.2770419
BCCDDDCDCDDDDCDDABCAABCABDBACBDCAACACBCACACBCCABCACBCDCCCBDBADACBBCBCBACCBCADAACCCBABADBCCAAABBCCBB	['D20A', 'D35C', 'D36A', 'B41C', 'C54D', 'C62D', 'B64C', 'A74B']	8	-2.5179439	-9.534043	-9.811308	-0.2772646
BCCDDDCDCCDDDDDDABCCABCABDBACDDCAADDCBCABACBCCABCACBCCCCCBDBACDBBBCBCBACCACADAACCCBABADBCCAAABBCCBB	['D10C', 'C14D', 'D20C', 'B30D', 'A63D']	5	-2.5182805	-5.5371456	-5.8147383	-0.27759266
AAADDDCDCCDBDCDDABCDABCABDBACBDCAADDABCABACBCCABCACBCCCCCBDBADBBBBCBCBACCACADAACCCBABADBCCAAABBCCBB	['B1A', 'C2A', 'C3A', 'D10C', 'D12B', 'C37A', 'C62D', 'A63B']	8	-2.5187125	-9.810377	-10.088411	-0.2780342
AAADDDCDCDDDDCDDABCDABCABDBACBDCAADDCBCABACBCCABCACBCCCCCBDBADDBBBCBCBACCACACAACCCBABADBCCAABBBCCBB	['B1A', 'C2A', 'C3A', 'C62D', 'A63D', 'D77C', 'A93B']	7	-2.5208278	-8.955755	-9.235909	-0.28015423
BCCDDDCDCCDDDCCDABCDABCABDBACDDCAADDBBCACACBCCABCACBCCCCCBDCADCBBBCBCBACCACACAACCCBABADBCCAABBBCCBB	['D10C', 'D15C', 'B30D', 'C37B', 'B41C', 'B60C', 'C62D', 'A63C', 'D77C', 'A93B']	10	-2.5216937	-4.3142757	-4.5952826	-0.2810068
AAADDDCDCDDDDCDDABCDABCABDBACBDCAADDCBCABACBCCABCACBCCCCCBDBADBBBBCBCBACCACACAACCCBABADBCCAABBBCCBB	['B1A', 'C2A', 'C3A', 'C62D', 'A63B', 'D77C', 'A93B']	7	-2.5246406	-9.152992	-9.436955	-0.2839632
BCCDDDCDCDDDDCDDABCDABCABDBACBDCAADDCBCACACBCCABCACBCCCCCBDBACACBBCBBBACCACACAACCCBABADBCCAAABBCCBB	['B41C', 'B64C', 'C69B', 'D77C']	4	-2.5270786	-8.257242	-8.543638	-0.28639603
BCCDDDCDCDDDDCDDABCDABCABDBACBDCAADDCBCABACBCCABCACBCCCCCBDBACDBBBCBCBACCACADAACCCBABADBCCACABBCCBB	['A63D', 'A92C']	2	-2.5274205	-8.987214	-9.2739525	-0.2867384
BCCDDDCDCDDDDCDDABCDABCABDBACBDCAADDCBCABACBCCABCACBCCCCCBDBACDBBBCBCBACCACADAACCCBABADBCCACABBCCBB	['A63D', 'A92C']	2	-2.5274205	-8.987214	-9.2739525	-0.2867384
BCCDDDCDCDDDDCDDABCDABCABDBACBDCAADDCBCABACBCCABCACBCCCCCBDBACACBBCBCBAACACADAACCCBABADBCCAAABBCCBB	['B64C', 'C72A']	2	-2.5282006	-8.490446	-8.777967	-0.28752136
BCCDDDCDCDDDDCDDABCDABCABDBACBDCAADDCBCABACBCCABCACBCCCCCBDBACACBBCBCBAACACADAACCCBABADBCCAAABBCCBB	['B64C', 'C72A']	2	-2.5282006	-8.490446	-8.777967	-0.28752136
BCCDDDCDCDDDDCDDABCDABCABDBACBDCAADDCBCABACBCCABCACBCCCCCBDBACACBBCBCBAACACADAACCCBABADBCCAAABBCCBB	['B64C', 'C72A']	2	-2.5282006	-8.490446	-8.777967	-0.28752136
BCCDDDCDCCDDDCDDABCDABCABDBACBDCAACDBBCABACBCCABCACBCCCCCBDBACDBBBCBBBCCCACADAACCCBABADBCCAAABBCCBB	['D10C', 'D35C', 'C37B', 'A63D', 'C69B', 'A71C']	6	-2.5303621	-7.150917	-7.4405956	-0.28967857
BCCDDDCDCDDBBCDDABBDABCABDBACBDCAADDCBCABACBCCABCACBCCCCCBDBACDCBBCBCBACCACADAACCCBABADBCCAAABBCCBB	['D12B', 'D13B', 'C19B', 'A63D', 'B64C']	5	-2.531549	-8.7813835	-9.072253	-0.2908697
BCCDDDCDCDDDDCDDABCDABCABDBACBDCAADDCBCABACBCCABCACBCCCCCBDBACDCBBCBCBACCACADAACCCBABADBCCAAABBCCBB	['A63D', 'B64C']	2	-2.5318809	-9.618886	-9.910088	-0.2912016
BCCDDDCDCDDDDCDDABCDABCABDBACBDCAADDCBCABACBCCABCACBCCCCCBDBACDCBBCBCBACCACADAACCCBABADBCCAAABBCCBB	['A63D', 'B64C']	2	-2.5318809	-9.618886	-9.910088	-0.2912016
BCCDDDCDCDDDDCDDABCDABCABDBACBDCAADDCBCABACBCCABCACBCCCCCBDBACDCBBCBCBACCACADAACCCBABADBCCAAABBCCBB	['A63D', 'B64C']	2	-2.5318809	-9.618886	-9.910088	-0.2912016
BCCDDDCDCDDDDCDDABCDABCABDBACBDCAADDCBCABACBCCABCACBCCCCCBDBADDBBBCCABACCACACAACCCBABADBCCAACBBCCBB	['C62D', 'A63D', 'B68C', 'C69A', 'D77C', 'A93C']	6	-2.531981	-8.054582	-8.34588	-0.2912979
AAADDDCDCDDDDCDDABBDABCABDBACBDCAADDCBCABACBCCABCACBCCCCCBDBACDCBBCBCBACCACADAACCCBABADBCCAAABBCCBB	['B1A', 'C2A', 'C3A', 'C19B', 'A63D', 'B64C']	6	-2.5321565	-10.57814	-10.869617	-0.2914772
BCCDDDCDCDDDDCDDABCDABCABDBACBDCAADDCBCABACBCCABCACBCCCCCBDBACABBBCBCBCCCACACAACCCBABADBCCAABBBCCBB	['A71C', 'D77C', 'A93B']	3	-2.5322218	-6.0345755	-6.3261156	-0.29154015
BCCDDDCDCDDDDCDDABADABCABDBACBDCAADDABCACACBCCABCACBCCCCCBDBACDBBBCBCBACCACADAACCCBABADBCCADABBCCBB	['C19A', 'C37A', 'B41C', 'A63D', 'A92D']	5	-2.5322328	-9.1319685	-9.42352	-0.2915516
BCCDDDCDCCDDDCDDABCDABCABDBACBDCAACACBCABACBCCABCACBCCCCCBDBADDBBBCBCBACCACACAACCCBABADBCCAABBBCCBB	['D10C', 'D35C', 'D36A', 'C62D', 'A63D', 'D77C', 'A93B']	7	-2.5327086	-6.0940666	-6.3860874	-0.2920208
BCCDDDCDCDDDDCDDABBDABCABDBACBDCAADDCBCABACBCCABCACBCCCCCBDBACDBBBCBCBADCACADAACCBBABADBCCAAABBCCBB	['C19B', 'A63D', 'C72D', 'C82B']	4	-2.5330215	-8.979145	-9.271483	-0.29233837
BCCDDDCDCDDDDCDDABCDABCABDBACBDCAACDBBCABACBCCABCACBCCCCCBDBACDBBBABCBBCCACACAACCCBABADBCCAABBBCCBB	['D35C', 'C37B', 'A63D', 'C67A', 'A71B', 'D77C', 'A93B']	7	-2.5333638	-6.8240066	-7.116687	-0.29268026
BCCDDDCDCDDDDCDDABCDABCABDBACBDCAADDBBCABACBCCABCACBCCCCCBDBACBCDBCBCBACCACADAACCCBABADBCCAAABBCCBB	['C37B', 'A63B', 'B64C', 'B65D']	4	-2.5340934	-9.520133	-9.813542	-0.29340935
AAADDDCDCDDDDCDDABCDABCABDBACBDCDADDCBCABACBCCABCACBCCCCCBDBACDCBBCBCBACCACACAACCCBABADBCCAAABBCCBB	['B1A', 'C2A', 'C3A', 'A33D', 'A63D', 'B64C', 'D77C']	7	-2.5341234	-9.520413	-9.813857	-0.29344368
BCCDDDCDCDDDDCDDABCBABCABDBACBDCAADCCBCABACBCCABCACBCCCCCBDBACDBBBCBCBBCCACADAACCCBABADBCBAAABBCCBB	['D20B', 'D36C', 'A63D', 'A71B', 'C90B']	5	-2.5355663	-8.074005	-8.368886	-0.29488087
AAADDDCDCDDDDCDDABCDABCABDBACBDCAADDCBCABACBCCABCACBCCCCDBDBACDCBBCBCBACCACADAACCCBABADBCCAAABBCCBB	['B1A', 'C2A', 'C3A', 'C57D', 'A63D', 'B64C']	6	-2.535685	-11.544318	-11.839328	-0.2950096
BCCDDDCDCADDDCDDABCDABCABDBACDDCAADDCBCABACBCCABCACBCCCCCBDBADCBBBABCBACCACADAACCCBABADBCCAAABBCCBB	['D10A', 'B30D', 'C62D', 'A63C', 'C67A']	5	-2.535828	-7.0983944	-7.393531	-0.29513645
BCCDDDCDCCDADCDDABCDABCABDBACBDCAADDCBCACACBCCABCACBCCCCCBDBACDBBBCBCBACCACADAACCCBABADBCCAABBBCCBB	['D10C', 'D12A', 'B41C', 'A63D', 'A93B']	5	-2.5368996	-7.4553595	-7.7515793	-0.29621983
BCCDDDCDCCDDDCCDABCCABCABDBACBDCAADACBCACACBCCAACACBCDCCCBDBADABBBCBCBBCCCCADAACCBBBBADBCCAABBBCCBB	['D10C', 'D15C', 'D20C', 'D36A', 'B41C', 'B48A', 'C54D', 'C62D', 'A71B', 'A74C', 'C82B', 'A84B', 'A93B']	13	-2.5369954	-6.7903013	-7.0866127	-0.29631138
AAADDDCDCDDDDCDDABCDABCABDBACBDCAADDCBCACACBCCABCACBCCCCCBDBACABBBCBCBACCACACAACCCBABADBCCAABBBCCBB	['B1A', 'C2A', 'C3A', 'B41C', 'D77C', 'A93B']	6	-2.5387444	-8.322236	-8.620299	-0.29806328
BCCDDDCDCDDBDDDDABCDABCABDBACBDCAACDCBCABACBCCABCACBCCCCDBDBACDBBBCBCBCDCACACAACCCBABADBCCAABBBCCBB	['D12B', 'C14D', 'D35C', 'C57D', 'A63D', 'A71C', 'C72D', 'D77C', 'A93B']	9	-2.5391278	-7.771095	-8.069535	-0.29844046
BCCDDDCDCDDBDDCDABCDABCABDBACBDCAADDCBCABACBCCABCACBCCCCCBDBACACBBCBCBADCACADAACCCBABADBCCAAABBCCBB	['D12B', 'C14D', 'D15C', 'B64C', 'C72D']	5	-2.5400057	-8.35763	-8.656954	-0.29932404
BCCDDDCDCCDDDCDDABCDABCABDBACBDCAADDCBCABACBCCAACACBCDCCCBDBADDCDBCBCBACCACADAACCBBABADBCCAAABBCCBB	['D10C', 'B48A', 'C54D', 'C62D', 'A63D', 'B64C', 'B65D', 'C82B']	8	-2.5403	-10.736422	-11.03604	-0.29961872
AAADDDCDCCDDDCCDABCDABCABDBACBDCAACACBCABACBCCABCACBCCCCCBDBACDBBBCBCBACCACADAACCCBABADBCBAAABBCCBB	['B1A', 'C2A', 'C3A', 'D10C', 'D15C', 'D35C', 'D36A', 'A63D', 'C90B']	9	-2.5452251	-8.217947	-8.5224905	-0.3045435
BCCDDDCDCDDDDCDDABCDABCABDBACBDCCADDCBCABACBCCABCACBCCCCCBDBADDBBBCBCBCCCACACAACCCBABADBCCAABBBCCBB	['A33C', 'C62D', 'A63D', 'A71C', 'D77C', 'A93B']	6	-2.5481663	-6.6580515	-6.9655285	-0.307477
BCCDDDCDCDDDDCDDABADABCABDBACBDCAADDABCABACBCCABCACBCCCCCBDBACACBBCBCBACCACADAACCCBABADBCCAAABBCCBB	['C19A', 'C37A', 'B64C']	3	-2.549871	-8.896293	-9.2054825	-0.3091898
BCCDDDCDCDDBDCDDABDDABCABDBACBDCAADDCBCABACBCCABCACBCCCCCBDBACDBBBCBCBACCACADAACCCBABADBCCAABBBCCBB	['D12B', 'C19D', 'A63D', 'A93B']	4	-2.5499048	-8.494208	-8.8034315	-0.30922318
BCCDDDCDCDDDDCDDABCDABCABDBACBDCAADDCBCABACBCCABCACBCCCCCBDBADDBBCCBCBACCACACAACCCBABADBCCAABBBCCBB	['C62D', 'A63D', 'B66C', 'D77C', 'A93B']	5	-2.5503898	-6.77612	-7.0858307	-0.3097105
BCCDDDCDCDDCBDDDABCDABCABDBACBDCAADDCBCABACBCCABCACBCCCCCBDBACDBBBCBCBACCACADAACCCBABADBCCAABBBCCBB	['D12C', 'D13B', 'C14D', 'A63D', 'A93B']	5	-2.5515032	-8.04898	-8.359805	-0.31082535
BCCDDDCDCDDDDCBDABBCABCABDBACBDCAADDCBCACACBCCABCACBCCCCCBDBACBBBBCBCBBCCACADAACCCBABADBCBAABBBCCBB	['D15B', 'C19B', 'D20C', 'B41C', 'A63B', 'A71B', 'C90B', 'A93B']	8	-2.5539727	-6.352791	-6.6660814	-0.3132906
BCCDDDCDCDDDDCBDABBCABCABDBACBDCAADDCBCACACBCCABCACBCCCCCBDBACBBBBCBCBBCCACADAACCCBABADBCBAABBBCCBB	['D15B', 'C19B', 'D20C', 'B41C', 'A63B', 'A71B', 'C90B', 'A93B']	8	-2.5539727	-6.352791	-6.6660814	-0.3132906
BCCDDDCDCCDDDCDDABCDABCABDBACBDCAADDBBCABACBCCAACACBCDCCCBDCACDBBBCBCBACCACACAACCBBABADBCCAABBBCCBB	['D10C', 'C37B', 'B48A', 'C54D', 'B60C', 'A63D', 'D77C', 'C82B', 'A93B']	9	-2.554007	-8.3174925	-8.630819	-0.31332684
BCCDDDCDCDDDDDCDABCDABCABDBACBDCAADDBBCABACBCCABCACBCCCCCBDBACBBBBCBCBACCACACAACCCBABADBCCAABBBCCBB	['C14D', 'D15C', 'C37B', 'A63B', 'D77C', 'A93B']	6	-2.5548615	-5.954094	-6.268276	-0.31418228
BCCDDDCDCDDDDDCDABCDABCABDBACBDCAADDBBCABACBCCABCACBCCCCCBDBACBBBBCBCBACCACACAACCCBABADBCCAABBBCCBB	['C14D', 'D15C', 'C37B', 'A63B', 'D77C', 'A93B']	6	-2.5548615	-5.954094	-6.268276	-0.31418228
BCCDDDCDCDDDDDCDABCDABCABDBACBDCAADDBBCABACBCCABCACBCCCCCBDBACBBBBCBCBACCACACAACCCBABADBCCAABBBCCBB	['C14D', 'D15C', 'C37B', 'A63B', 'D77C', 'A93B']	6	-2.5548615	-5.954094	-6.268276	-0.31418228
BCCDDDCDCDDDDCDDABBDABCABDBACBDCAADDCBCABACBCCABCACBCCCCCBDBACBBBBCBCBBCCACACADCCCBABADBCCAABBBCCBB	['C19B', 'A63B', 'A71B', 'D77C', 'A79D', 'A93B']	6	-2.5554528	-6.3102446	-6.625021	-0.31477642
BCCDDDCDCDDDDCDDABCDABCABDBACBDCAADDCBCABACBCCABCACBCCCCCBDBACBBBBCBCBCBCACACAACCCBABADBCCAAABBCCBB	['A63B', 'A71C', 'C72B', 'D77C']	4	-2.556995	-7.8384457	-8.154758	-0.3163128
BCCDDDCDCCDDDCDDABCDABCABDBACBDCAADACBCABACBCCABCACBCCCCCBDBACCBBBCBCBACCACADAACCCBABADBCBAAABBCCBB	['D10C', 'D36A', 'A63C', 'C90B']	4	-2.5584173	-7.4223785	-7.740115	-0.31773663
BCCDDDCDCDDDDCDDABCDABCABDBACBDCAADDCBCACACBCCABCACBCCCCCBDBACCCBBCBCBACCACACAACCCBABADBCCAAABBCCBB	['B41C', 'A63C', 'B64C', 'D77C']	4	-2.5584784	-9.10569	-9.42349	-0.31779957
BCCDDDCDCCDDBCDDABCDABCABDBACBDCAADDABCABACBCCABCACBCCCCDBDBACDBBBCBCBACCACADAACCCBABADBCCAAABBCCBB	['D10C', 'D13B', 'C37A', 'C57D', 'A63D']	5	-2.559214	-7.085969	-7.404498	-0.31852913
BCCDDDCDCDDDBDDDABCDABCABDBACBDCAACDABCABACBCCABCACBCCCCCBDBACDCBBCBCBADCACACAACCCBABADBCCAAABBCCBB	['D13B', 'C14D', 'D35C', 'C37A', 'A63D', 'B64C', 'C72D', 'D77C']	8	-2.560142	-8.460318	-8.7797785	-0.31946087
BCCDDDCDCDDDBDCDABCDABCABDBACBDCAADDCBCACACBCCABCACBCCCCCBDBACACBBCBCBACCACACAACCCBABADBCCAAABBCCBB	['D13B', 'C14D', 'D15C', 'B41C', 'B64C', 'D77C']	6	-2.560217	-6.5004964	-6.8200274	-0.31953096
BCCDDDCDCCDDDCDDABCDABCABDBACBDCAACCDBCACACBCCABCACBCCCCCBDBADDBBBCBCBACCACACAACCCBABADBCBAABBBCCBB	['D10C', 'D35C', 'D36C', 'C37D', 'B41C', 'C62D', 'A63D', 'D77C', 'C90B', 'A93B']	10	-2.5604162	-5.9625816	-6.2823105	-0.31972885
BCCDDDCDCDDDDCDDABCDABCABDBACBDCAADDCBCABACBCCABCACBCCCCDBDBACDCBBCBCBACCACACACCCCBABADBCCAAABBCCBB	['C57D', 'A63D', 'B64C', 'D77C', 'A79C']	5	-2.5631227	-8.088321	-8.410763	-0.32244205
AAADDDCDCDDDDCDDABCDABCABDBACBDCAADDBBCABACBCCABCACBCCCCCBDBACCBBBCBCBACCACACAACCCBABADBCCAABBBCCBB	['B1A', 'C2A', 'C3A', 'C37B', 'A63C', 'D77C', 'A93B']	7	-2.5662436	-8.853711	-9.179275	-0.32556343
BCCDDDCDCCDDBCDDABCDABCABDBACBDCAADDCBCABACBCCABCACBCCCCCBDBADDBBBBBCBACCACADAACCCBABADBCCAAABBCCBB	['D10C', 'D13B', 'C62D', 'A63D', 'C67B']	5	-2.567134	-6.495856	-6.822301	-0.3264451
BCCDDDCDCDDDDDDDABCDABCABDBACBDCAACDBBCABACBCCABCACBCCCCCBDBADDBBBCBCBCBCACACAACCCBABADBCCAABBBCCBB	['C14D', 'D35C', 'C37B', 'C62D', 'A63D', 'A71C', 'C72B', 'D77C', 'A93B']	9	-2.5677986	-6.9915	-7.318614	-0.3271141
BCCDDDCDCDDDDDDDABCDABCABDBACBDCAACDBBCABACBCCABCACBCCCCCBDBADDBBBCBCBCBCACACAACCCBABADBCCAABBBCCBB	['C14D', 'D35C', 'C37B', 'C62D', 'A63D', 'A71C', 'C72B', 'D77C', 'A93B']	9	-2.5677986	-6.9915	-7.318614	-0.3271141
BCCDDDCDCADDDCCDABCDABCABDBACBDCAACDCBCACACBCCABCACBCCCCCBDBACABBBCBCBACCACADAACCCBABADBCCAAABBCCBB	['D10A', 'D15C', 'D35C', 'B41C']	4	-2.5700889	-6.7595444	-7.0889473	-0.32940292
BCCDDDCDCDDCDDDDABCDABCABDBACBDCAADDBBCABACBCCABCACBCCCCCBDBADDBBBCBCBACCACADAACCCBABAABCCAABBBCCBB	['D12C', 'C14D', 'C37B', 'C62D', 'A63D', 'D87A', 'A93B']	7	-2.570651	-8.08883	-8.418806	-0.32997608
BCCDDDCDCADBDCCDABCDABCABDBACBDCAABABBCABACBCCABCACBCCCCDBDBACDBBBCBCBACCACADAACCCBABADBCCAAABBCCBB	['D10A', 'D12B', 'D15C', 'D35B', 'D36A', 'C37B', 'C57D', 'A63D']	8	-2.5708985	-6.284301	-6.6145124	-0.33021164
AAADDDCDCDDDDCDDABCDABCABDBACBDCAADDABCACACBCCABCACBCCCCCBDBACDBBBCBCBACCACACAACCCBABADBCCAABBBCCBB	['B1A', 'C2A', 'C3A', 'C37A', 'B41C', 'A63D', 'D77C', 'A93B']	8	-2.5733218	-9.110385	-9.443032	-0.33264732
BCCDDDCDCCBDBCDDABCBABCABDBACBDCAADACBCABACBCCAACACBCCCCCBDBACDCBBCBBBACCACADAACCBBABADBCCAAABBCCBB	['D10C', 'D11B', 'D13B', 'D20B', 'D36A', 'B48A', 'A63D', 'B64C', 'C69B', 'C82B']	10	-2.5764256	-9.486581	-9.822321	-0.3357401
BCCDDDCDCDDDDCDDABBDABCABDBACBDCAADDABCABACBCCABCACBCCCCCBDBACDBBBCBCBAACACACAACCCBABADBCCAABBBCCBB	['C19B', 'C37A', 'A63D', 'C72A', 'D77C', 'A93B']	6	-2.5769887	-6.071965	-6.4082775	-0.3363123
BCCDDDCDCCDDDCDDABCDABCABDBACBDCAADDCBCABACBCCABCACBCCCCCBDBADDBBBCBBBACCADACAACCCBABADBCCAAABBCCBB	['D10C', 'C62D', 'A63D', 'C69B', 'C75D', 'D77C']	6	-2.5790887	-6.5398703	-6.878277	-0.33840656
BCCDDDCDCDDCDCDDABBDABCABDBACBDCAADDABCABACBCCABCACBCCCCCBDBACCBBBCBCBCACACACAACCCBABADBCCAABBBCCBB	['D12C', 'C19B', 'C37A', 'A63C', 'A71C', 'C72A', 'D77C', 'A93B']	8	-2.5794983	-6.380845	-6.719674	-0.33882904
BCCDDDCDCDDDDDDDABCDABCABDBACBDCAADDCBCABACBCCABCACBCDCCCBDBACDBBBCBCBACCACADAACCBBABADBCCAAABBCCBB	['C14D', 'C54D', 'A63D', 'C82B']	4	-2.5801277	-10.348333	-10.6877775	-0.33944416
BCCDDDCDCDDDBCDDABCDABCABDBACBDCAADDCBCABACBCCABCACBCCCCCBDBADDBBBCBCBACCACACAACCCBABADBCCAABBBCCBB	['D13B', 'C62D', 'A63D', 'D77C', 'A93B']	5	-2.580481	-6.6967735	-7.036565	-0.3397913
BCCDDDCDCDDDBCDDABCDABCABDBACBDCAADDCBCABACBCCABCACBCCCCCBDBADDBBBCBCBACCACACAACCCBABADBCCAABBBCCBB	['D13B', 'C62D', 'A63D', 'D77C', 'A93B']	5	-2.580481	-6.6967735	-7.036565	-0.3397913
BCCDDDCDCDDDDCDDABCCABCABDBACBDCAACAABCACACBCCABCACBBCCCCBDBACDBBBCBABBCCACADAACCBBABADBCBAAABBCCBB	['D20C', 'D35C', 'D36A', 'C37A', 'B41C', 'C53B', 'A63D', 'C69A', 'A71B', 'C82B', 'C90B']	11	-2.580667	-9.969153	-10.309132	-0.33997822
AAADDDCDCCDDDCDDABCCABCABDBACBDCAADABBCABACBCCABCACBCCCCDBDBADABBBCBCBCCCACADAACCCBABADBCCAABBBCCBB	['B1A', 'C2A', 'C3A', 'D10C', 'D20C', 'D36A', 'C37B', 'C57D', 'C62D', 'A71C', 'A93B']	11	-2.5811	-6.4990253	-6.8394384	-0.3404131
BCCDDDCDCDDDBCCDABCDABCABDBACBDCAADDCBCABACBCCABCACBCCCCCBDBACACBBCBCCACCACACAACCCBABADBCCAAABBCCBB	['D13B', 'D15C', 'B64C', 'B70C', 'D77C']	5	-2.5812583	-5.7793207	-6.119892	-0.3405714
BCCDDDCDCADDDCDDBBCDABCABDBACBDCAADDBBCABACBCCABCACBCCCCDBDCACDBBBCBCBACCACACAACCCBABADBCCAABBBCCBB	['D10A', 'A17B', 'C37B', 'C57D', 'B60C', 'A63D', 'D77C', 'A93B']	8	-2.5831056	-7.053438	-7.395859	-0.34242058
BCCDDDCDCCDDDACCABABABCABDBACBDCBACABBCABACBCCAACACBCACCCBDBADBCBBCBCBACCBCADAACCBBACADBCCAAABBCCBB	['D10C', 'C14A', 'D15C', 'D16C', 'C19A', 'D20B', 'A33B', 'D35C', 'D36A', 'C37B', 'B48A', 'C54A', 'C62D', 'A63B', 'B64C', 'A74B', 'C82B', 'B85C']	18	-2.5852532	-10.098577	-10.443149	-0.34457207
BCCDDDCDCDDDDCDDABCDABCABDBACBDCAADDCBCACACBCCABCACBCCCCDBDBACDBBBCBCBACCACACAACCCBABADBCCAABBBCCBB	['B41C', 'C57D', 'A63D', 'D77C', 'A93B']	5	-2.5852685	-7.4970226	-7.84161	-0.34458733
BCCDDDCDCDDBDCDDABCDABCABDBACBDCAADDABCABACBCCABCACBCCCCCBDBACACBBCBCBACCACACAACCCBABADBCCAAABBCCBB	['D12B', 'C37A', 'B64C', 'D77C']	4	-2.5856533	-8.289947	-8.634917	-0.3449707
BCCDDDCDCCDDDCDDABCCABCABDBACBDCAACACBCACACBCCABCACBCBCCCBDCADDBBBCBCBBCBACADAACCCBABADBCBAABBBCCBB	['D10C', 'D20C', 'D35C', 'D36A', 'B41C', 'C54B', 'B60C', 'C62D', 'A63D', 'A71B', 'C73B', 'C90B', 'A93B']	13	-2.5861259	-8.901669	-9.247112	-0.34544373
BCCDDDCDCDDDDCDDABCDABCABDBACBDCAADDBBCABACBCCABCACBCCCCCBDBACCDBBCBCBADCACACAACCBBABADBCCAAABBCCBB	['C37B', 'A63C', 'B64D', 'C72D', 'D77C', 'C82B']	6	-2.5878277	-9.039339	-9.386482	-0.34714317
BCCDDDCDCDDDDCCDABCDABCABDBACBDCAADDCBCABACBCCABCACBCCCCCBDBACDCBBCBCBACCACADAACCCBABADBCCAAABBCCBB	['D15C', 'A63D', 'B64C']	3	-2.5879378	-8.682899	-9.030156	-0.34725666
BCCDDDCDCDDDBCDDABCDABCABDBACBDCAACDCBCABACBCCABCACBCCCCCBDBACDBBBCBCBBCCACACAACCCBABADBCCAABBBCCBB	['D13B', 'D35C', 'A63D', 'A71B', 'D77C', 'A93B']	6	-2.5890603	-6.74897	-7.0973434	-0.3483734
BCCDDDCDCDDDBCDDABCDABCABDBACBDCAACDCBCABACBCCABCACBCCCCCBDBACDBBBCBCBBCCACACAACCCBABADBCCAABBBCCBB	['D13B', 'D35C', 'A63D', 'A71B', 'D77C', 'A93B']	6	-2.5890603	-6.74897	-7.0973434	-0.3483734
BCCDDDCDCDDDBCDDABCDABCABDBACBDCAACDCBCABACBCCABCACBCCCCCBDBACDBBBCBCBBCCACACAACCCBABADBCCAABBBCCBB	['D13B', 'D35C', 'A63D', 'A71B', 'D77C', 'A93B']	6	-2.5890603	-6.74897	-7.0973434	-0.3483734
BCCDDDCDCCDADDDDABCDABCABDBACBDCAADDCBCABACBCCABCACBCCCCCBDBADABBBCBCBCCCACACAACCCBABADBCCAABBBCCBB	['D10C', 'D12A', 'C14D', 'C62D', 'A71C', 'D77C', 'A93B']	7	-2.591154	-5.085718	-5.436183	-0.35046482
BCCDDDCDCDDDDCDDABCDABCABDBACBDCAACDBBCABACBCCABCACBCCCCCBDBADDBBBCBCBCDCACACAACCCBABADBCCAABBBCCBB	['D35C', 'C37B', 'C62D', 'A63D', 'A71C', 'C72D', 'D77C', 'A93B']	8	-2.5925813	-6.635579	-6.9874706	-0.35189152
AAADDDCDCDDDDCDDABCDABCABDBACBDCAADDCBCABACBCCABCACBCCCCCBDBACACBBCBCBACCACADAACCCBABADBCCAAABBCCBB	['B1A', 'C2A', 'C3A', 'B64C']	4	-2.593555	-10.598163	-10.95104	-0.35287762
AAADDDCDCDDDDCDDABCDABCABDBACBDCAADDCBCABACBCCABCACBCCCCCBDBACACBBCBCBACCACADAACCCBABADBCCAAABBCCBB	['B1A', 'C2A', 'C3A', 'B64C']	4	-2.593555	-10.598163	-10.95104	-0.35287762
BCCDDDCDCDDDBCDDABCDABCABDBACBDCAADDABCABACBCCABCACBCCCCCBDBACACBBCBCBACCACACAACCCBABADBCCAAABBCCBB	['D13B', 'C37A', 'B64C', 'D77C']	4	-2.6011715	-7.340097	-7.700589	-0.36049223
BCCDDDCDCDDDBCDDABCDABCABDBACBDCAADDABCABACBCCABCACBCCCCCBDBACACBBCBCBACCACACAACCCBABADBCCAAABBCCBB	['D13B', 'C37A', 'B64C', 'D77C']	4	-2.6011715	-7.340097	-7.700589	-0.36049223
BCCDDDCDCDDDBCDDABCDABCABDBACBDCAADDABCABACBCCABCACBCCCCCBDBACACBBCBCBACCACACAACCCBABADBCCAAABBCCBB	['D13B', 'C37A', 'B64C', 'D77C']	4	-2.6011715	-7.340097	-7.700589	-0.36049223
BCCDDDCDCDDDBCDDABCDABCABDBACBDCAADDABCABACBCCABCACBCCCCCBDBACACBBCBCBACCACACAACCCBABADBCCAAABBCCBB	['D13B', 'C37A', 'B64C', 'D77C']	4	-2.6011715	-7.340097	-7.700589	-0.36049223
BCCDDDCDCDDDBCDDABCDABCABDBACBDCAADDABCABACBCCABCACBCCCCCBDBACACBBCBCBACCACACAACCCBABADBCCAAABBCCBB	['D13B', 'C37A', 'B64C', 'D77C']	4	-2.6011715	-7.340097	-7.700589	-0.36049223
BCCDDDCDCDDDDCDDABCDABCABDBACBDCAADDCBCABACBCCABCACBCCCCCBDBACDBBBCBCBACCACACAACCCBABADBCCAABBBCCBA	['A63D', 'D77C', 'A93B', 'B99A']	4	-2.6020665	-7.393683	-7.7550697	-0.36138678
BCCDDDCDCDDDDCDDABCDABCABDBACBDCAADDCBCABACBCCABCACBCCCCCBDBACDBBBCBCBACCACACAACCCBABADBCCAABBBCCBA	['A63D', 'D77C', 'A93B', 'B99A']	4	-2.6020665	-7.393683	-7.7550697	-0.36138678
BCCDDDCDCDDDDCDDABCDABCABDBACBDCAADDCBCABACBCCABCACBCCCCCBDBACDBBBCBCBACCACACAACCCBABADBCCAABBBCCBA	['A63D', 'D77C', 'A93B', 'B99A']	4	-2.6020665	-7.393683	-7.7550697	-0.36138678
BCCDDDCDCCDCDDDDABCDABCABDBACBDCAACDBBCABACBCCAACACBCDCCCBDBACDBBBDBCBCCCACADAACCABABADBCCAAABBCCBB	['D10C', 'D12C', 'C14D', 'D35C', 'C37B', 'B48A', 'C54D', 'A63D', 'C67D', 'A71C', 'C82A']	11	-2.6023402	-9.175512	-9.5371685	-0.3616562
BCCDDDCDCDDDBCCDABCDABCABDBACBDCAADDABAABACBCCABCACBCCCCCBDBADDCBBCBCBADCACACAACCCBABADBCCAAABBCCBB	['D13B', 'D15C', 'C37A', 'C39A', 'C62D', 'A63D', 'B64C', 'C72D', 'D77C']	9	-2.602779	-7.3418207	-7.7039127	-0.36209202
AAADDDCDCDDDBCCDABCDABCABDBACBDCAADDCBCABACBCCABCACBCCCCCBDBACACBBCBCBACCACADAACCCBABADBCCAAABBCCBB	['B1A', 'C2A', 'C3A', 'D13B', 'D15C', 'B64C']	6	-2.6048703	-9.1745615	-9.538752	-0.3641901
BCCDDDCDCDDDDCCDABBDABCABDBACBDCAADDCBCABACBCCABCACBCCCCCBDBACACBBCBCBACCACACAACCCBABADBCCAAABBCCBB	['D15C', 'C19B', 'B64C', 'D77C']	4	-2.6059933	-6.083553	-6.448867	-0.365314
BCCDDDCDCDDDDCCDABBDABCABDBACBDCAADDCBCABACBCCABCACBCCCCCBDBACACBBCBCBACCACACAACCCBABADBCCAAABBCCBB	['D15C', 'C19B', 'B64C', 'D77C']	4	-2.6059933	-6.083553	-6.448867	-0.365314
BCCDDDCDCCDDDCDDABCDABCABDBACBDCAADDCBCABACBCCAACACBCCCCCBDBACBBBBCBCBCCCACADAACCCBABADBCBAABBBCCBB	['D10C', 'B48A', 'A63B', 'A71C', 'C90B', 'A93B']	6	-2.6083832	-7.0655785	-7.43328	-0.36770153
BCCDDDCDCCDDDCDDABCDABCABDBACBDCAADDCBCABACBCCAACACBCACCCBDBACDBBBCBCBBCCACACAACCBBABADBCCAAABBCCBB	['D10C', 'B48A', 'C54A', 'A63D', 'A71B', 'D77C', 'C82B']	7	-2.608642	-8.263542	-8.631506	-0.3679638
BCCDDDCDCCDDDCDDABCDABCABDBACBDCAADDCBCABACBCCAACACBCACCCBDBACDBBBCBCBBCCACACAACCBBABADBCCAAABBCCBB	['D10C', 'B48A', 'C54A', 'A63D', 'A71B', 'D77C', 'C82B']	7	-2.608642	-8.263542	-8.631506	-0.3679638
BCCDDDCDCDDBDCDDABCDABCABDBACBDCDADDCBCACACBCCABCACBCCCCCBDBACCCBBCBCBACCACADAACCCBABADBCCAABBBCCBB	['D12B', 'A33D', 'B41C', 'A63C', 'B64C', 'A93B']	6	-2.6086903	-9.286614	-9.654625	-0.36801052
BCCDDDCDCADDDCDDABCDABCABDBACBDCAADACBCABACBCCABCACBCCCCCBDBACDBBBCBBBACCACADAACCCBABADBCCAAABBCCBB	['D10A', 'D36A', 'A63D', 'C69B']	4	-2.608934	-8.136418	-8.50467	-0.3682518
BCCDDDCDCDDDDCDDABCDABCABDBACBDCAADDCBCABACBCCABCACBCCCCCBDBACDBBBCBCBCCCACADAACCCBABADBCBAAABBCCBB	['A63D', 'A71C', 'C90B']	3	-2.610804	-8.075186	-8.445305	-0.3701191
BCCDDDCDCDDDBCDDABCDABCABDBACBDCAADDCBCACACBCCABCACBCCCCCBDBACACBBCBCBCCCACADAACCCBABADBCCAAABBCCBB	['D13B', 'B41C', 'B64C', 'A71C']	4	-2.6135817	-8.060062	-8.432961	-0.37289906
BCCDDDCDCDDDBCDDABCDABCABDBACBDCAADDCBCACACBCCABCACBCCCCCBDBACACBBCBCBCCCACADAACCCBABADBCCAAABBCCBB	['D13B', 'B41C', 'B64C', 'A71C']	4	-2.6135817	-8.060062	-8.432961	-0.37289906
BCCDDDCDCDDDBCDDABCDABCABDBACBDCAADDCBCACACBCCABCACBCCCCCBDBACACBBCBCBCCCACADAACCCBABADBCCAAABBCCBB	['D13B', 'B41C', 'B64C', 'A71C']	4	-2.6135817	-8.060062	-8.432961	-0.37289906
BCCDDDCDCDDDDCDDABCDABCABDBACBDCAADDCBCABACBCCABCACBCCCCCBDBACDBBBCBCBACCACADAACCCBABADBDCAAABBCCBB	['A63D', 'C89D']	2	-2.6156101	-8.91683	-9.291761	-0.37493134
AAADDDCDCDDDDDDDABCDABCABDBACBDCAADDCBBABACBCCABCACBCCCCDBDBCCDDBBCBCBBCCACACAACCCBABADBCCAABBBCCBB	['B1A', 'C2A', 'C3A', 'C14D', 'C39B', 'C57D', 'A61C', 'A63D', 'B64D', 'A71B', 'D77C', 'A93B']	12	-2.6196914	-9.168418	-9.547426	-0.3790083
BCCDDDCDCDDDDCDDABCCABCBBDBACBDCAADDBBCABACBCCABCACBCCCCCBDBACCBBBCBCBBCCACADAACCCBABADBCCAABBBCCBB	['D20C', 'A24B', 'C37B', 'A63C', 'A71B', 'A93B']	6	-2.6219158	-7.3732376	-7.75447	-0.38123226
BCCDDDCDCDDDDCDDABCDABCABDBACBDCAADDCBCABACBCCABCACBCCCCCBDBACACBBCBCBACCDCADAACCCBABADBCCAAABBCCBB	['B64C', 'A74D']	2	-2.6234646	-8.964333	-9.347117	-0.38278484
BCCDDDCDCDDCDCDDABBDABCABDBACBDCAADDCBCABACBCCABCACBCCCCCBDBACCBBBCBCBACCACACAACCCBABADBCCAABBBCCBB	['D12C', 'C19B', 'A63C', 'D77C', 'A93B']	5	-2.6238742	-7.118839	-7.502039	-0.38320017
BCCDDDCDCDDCDCDDABBDABCABDBACBDCAADDCBCABACBCCABCACBCCCCCBDBACCBBBCBCBACCACACAACCCBABADBCCAABBBCCBB	['D12C', 'C19B', 'A63C', 'D77C', 'A93B']	5	-2.6238742	-7.118839	-7.502039	-0.38320017
BCCDDDCDCDDDDCDDABCDABCABDBACBDCAADDCBCABACBCCABCACBCCCCCBDBADDBBBCBCBACCACACAACCCBABADBCCAABBBCCBB	['C62D', 'A63D', 'D77C', 'A93B']	4	-2.6252217	-7.1843896	-7.568927	-0.38453722
BCCDDDCDCDDDDCDDABCDABCABDBACBDCAADDCBCABACBCCABCACBCCCCCBDBADDBBBCBCBACCACACAACCCBABADBCCAABBBCCBB	['C62D', 'A63D', 'D77C', 'A93B']	4	-2.6252217	-7.1843896	-7.568927	-0.38453722
BCCDDDCDCDDDDCDDABCDABCABDBACBDCAADDCBCABACBCCABCACBCCCCCBDBADDBBBCBCBACCACACAACCCBABADBCCAABBBCCBB	['C62D', 'A63D', 'D77C', 'A93B']	4	-2.6252217	-7.1843896	-7.568927	-0.38453722
BCCDDDCDCDDDDCDDABCDABCABDBACBDCAADDCBCABACBCCABCACBCCCCCBDBADDBBBCBCBACCACACAACCCBABADBCCAABBBCCBB	['C62D', 'A63D', 'D77C', 'A93B']	4	-2.6252217	-7.1843896	-7.568927	-0.38453722
BCCDDDCDCDDBDCDDABCDABCABDBACBDCAADDCBCABACBCCABCACBCCCCCBDBACDBBBCBCBACCACADAACCCBABADBCBAAABBCCBB	['D12B', 'A63D', 'C90B']	3	-2.6258135	-8.935122	-9.3202505	-0.38512897
BCCDDDCDCCDDDCDDABCDABCABDBACBDCAACDCBCABACBCCAACACBCDCCCBDBACBCBBCBCBACCACADAACCBBABADBCCAAABBCCBB	['D10C', 'D35C', 'B48A', 'C54D', 'A63B', 'B64C', 'C82B']	7	-2.6262717	-11.087788	-11.473381	-0.3855934
BCCDDDCDCDDCDCDDABBDABCABDBACDDCAADDCBCABACBCCABCACBCCCCCBDBACDBBBCBCBACCACADAACCCBABADBCCACABBCCBB	['D12C', 'C19B', 'B30D', 'A63D', 'A92C']	5	-2.6271138	-7.15505	-7.541478	-0.38642836
BCCDDDCDCDDDDCCDABCDABCABDBACBDCAACDCBCABACBCCABCACBCCCCDBDBACDBBBCBCBACCACADAACCCBABADBCBAABBBCCBB	['D15C', 'D35C', 'C57D', 'A63D', 'C90B', 'A93B']	6	-2.6275811	-7.6127625	-7.9996586	-0.38689613
BCCDDDCDCCDDDCCDABCDABCABDBACBDCAADABBCACACBCCABCACBCCCCDBDABCCBBBCBCBACCACADAACCCBABADBCCAABBBCCBB	['D10C', 'D15C', 'D36A', 'C37B', 'B41C', 'C57D', 'B60A', 'A61B', 'A63C', 'A93B']	10	-2.6281033	-5.2182903	-5.605707	-0.38741684
BCCDDDCDCDDDDCDDABCDABCABDBACBDCAADDCBCABACBCCABCACBCCCCCBDBACDBBBCBCBABCACACAACCCBABADBCCAAABBCCBB	['A63D', 'C72B', 'D77C']	3	-2.6284533	-8.038914	-8.426685	-0.3877716
BCCDDDCDCDDDDCDDABCDABCABDBACBDCAADDCBCABACBCCABCACBCCCCCBDBADBBBBCBCBACCACACAACCCBABADBCCAABBBCCBB	['C62D', 'A63B', 'D77C', 'A93B']	4	-2.6290336	-7.381624	-7.7699785	-0.3883543
BCCDDDCDCDDDBCDCABCDABCABDBACBDCAADDBBCABACBCCABCACBCCCCCBDBACACBBCBCBACCACADAACCCBABADBCCADABBCCBB	['D13B', 'D16C', 'C37B', 'B64C', 'A92D']	5	-2.632403	-8.391962	-8.78368	-0.3917179
BCCDDDCDCDDDDCDDABCDABCABDBACBDCAABDBBCACACBCCABCACBCCCCCBDBACDBBBCBCBACCACADAACCCBABADBCCAABBBCCBB	['D35B', 'C37B', 'B41C', 'A63D', 'A93B']	5	-2.6338854	-7.112669	-7.505872	-0.39320278
BCCDDDCDCDDDDCDDABBDABCABDBACBDCAADDCBCABACBCCABCACBCCCCCBDBACDCBBCBCBACCACADAACCCBABADBCCAAABBCCBB	['C19B', 'A63D', 'B64C']	3	-2.6365504	-8.806771	-9.202642	-0.39587116
BCCDDDCDCDDDDCDDABCDABCABDBACBDCAADDABCABACBCCABCACBCCCCCBDBACBBBBCBCBACCACACAACCCBABADBCBAAABBCCBB	['C37A', 'A63B', 'D77C', 'C90B']	4	-2.6378512	-7.6710453	-8.0682125	-0.3971672
BCCDDDCDCDDCDDDDABCDABCABDBACBDCAADDABCABACBCCABCACBCCCCCBDBACBCBBCBCBACCACADAACCCBABADBCCAAABBCCBB	['D12C', 'C14D', 'C37A', 'A63B', 'B64C']	5	-2.638476	-10.129269	-10.527064	-0.39779568
BCCDDDCDCDDDDCCDABBDABCABDBACBDCABDDCBCABACBCCABCACBCCCCCBDBADDCBBBBCBACCACADAACCCBABADBCCAAABBCCBB	['D15C', 'C19B', 'A34B', 'C62D', 'A63D', 'B64C', 'C67B']	7	-2.6394405	-7.133967	-7.5327206	-0.39875364
BCCDDDCDCDDDDCDDABCDABCABDBACBDCAADDCBCABACBCCABCACBCCCCDBDBACDCBBCBCBACCACADAACCCBABADBCCAAABBCCBB	['C57D', 'A63D', 'B64C']	3	-2.640079	-9.77295	-10.172351	-0.3994007
BCCDDDCDCDDDDCDDABCDABCABDBACBDCAADDABCABACBCCABCACBCCCCCBDBACDBBBCBCBACCACACAACCCBABADBCCAABBBCCBB	['C37A', 'A63D', 'D77C', 'A93B']	4	-2.6420693	-7.2204294	-7.6218195	-0.40139008
BCCDDDCDCCDDBCDDABCAABCABDBACBDCAADACBCACACBCCAACACBCACCCBDBACABBBCBCBBCCACADAACCBBABADBCCAAABBCCBB	['D10C', 'D13B', 'D20A', 'D36A', 'B41C', 'B48A', 'C54A', 'A71B', 'C82B']	9	-2.6424675	-7.495141	-7.896923	-0.40178204
AAADDDCDCDDDDCDDABCDABCABDBACBDCAADDCBCABABBCCABCACBCCCCCBDBADDBBBCBCBABCACACAACCCBABADBCCAABBBCCBB	['B1A', 'C2A', 'C3A', 'C43B', 'C62D', 'A63D', 'C72B', 'D77C', 'A93B']	9	-2.642549	-9.651085	-10.05296	-0.4018755
BCCDDDCDCCDBBCCDABBDABCABDBACBDCAADDCBCABACBBCABCACBCCCCCBDBADDBBBCBCBACCACACAACCCBABADBCCAABBBCCBB	['D10C', 'D12B', 'D13B', 'D15C', 'C19B', 'C45B', 'C62D', 'A63D', 'D77C', 'A93B']	10	-2.643558	-2.9908605	-3.393732	-0.4028716
BCCDDDCDCDDDDCCDABCDABCABDBACBDCAADACBCABACBCCABCACBCCCCCBDBADBCBBCBCBACCACADAACCDBABADBCCAAABBCCBB	['D15C', 'D36A', 'C62D', 'A63B', 'B64C', 'C82D']	6	-2.643906	-9.325617	-9.728841	-0.403224
BCCDDDCDCDDDDCDDABCDABCABDBACBDCAADDCBCABACBCCABCACBCCCCCBDBACDBBBCBCBACCACADAACCCBABADBCCADABBCCBB	['A63D', 'A92D']	2	-2.6446662	-8.943884	-9.347868	-0.40398407
BCCDDDCDCDDDDCDDABCDABCABDBACBDCAACDCBCABACBCCABCACBCCCCCBDBACDBBBCBCBCCCACACAACCCBABADBCCAABBBCCBB	['D35C', 'A63D', 'A71C', 'D77C', 'A93B']	5	-2.644929	-7.150209	-7.554455	-0.40424585
BCCDBDCDCDDABCDDABCDABCABDBACBDCAADDBBCABACBCCABCACBCCCCCBDBACDBBBCBCBCCCACACAACCCBABADBCBAAABBCCBB	['D5B', 'D12A', 'D13B', 'C37B', 'A63D', 'A71C', 'D77C', 'C90B']	8	-2.644968	-6.5030956	-6.907378	-0.40428257
BCCDDDCDCDDDBCDDABCDABCABDBACDDCAADDCBCABACBCCABCACBCCCCCBDBACABBBCBCBACCACACAACCCBABADBDCAAABBCCBB	['D13B', 'B30D', 'D77C', 'C89D']	4	-2.6451316	-5.278702	-5.6831465	-0.4044447
BCCDDDCDCDDDDCDDABCDABCABDBACBDCAADDABCABACBCCABCACBCCCCCBDBACBBBBCBCBACCACACAACCCBABADBCCAABBBCCBB	['C37A', 'A63B', 'D77C', 'A93B']	4	-2.6458812	-7.417666	-7.8228664	-0.40520048
BCCDDDCDCDDDDCDDABCDABCABDBACBDCAADDABCABACBCCABCACBCCCCCBDBACACBBCBCBACCACACAACCCBABADBCCAAABBCCBB	['C37A', 'B64C', 'D77C']	3	-2.6459131	-7.827715	-8.232945	-0.40523052
BCCDDDCDCDDDDCDDABCDABCABDBACBDCAADDABCABACBCCABCACBCCCCCBDBACACBBCBCBACCACACAACCCBABADBCCAAABBCCBB	['C37A', 'B64C', 'D77C']	3	-2.6459131	-7.827715	-8.232945	-0.40523052
BCCDDDCDCDDDDCCDABCDABCABDBACBDCAADDCBCABABBCCABCACBCCCCCBDBCDDBBBCBCBADCCCADAACCCBABADBCBAABBBCCBB	['D15C', 'C43B', 'A61C', 'C62D', 'A63D', 'C72D', 'A74C', 'C90B', 'A93B']	9	-2.6462774	-7.9600177	-8.36561	-0.40559244
BCCDDDCDCDDDBCDDABCDABCABDBACDDCAADDCBCABACBCCABCACBCCCCCBDBACDCBBCBCBACCACADAACCCBABADBCCAAABBCCBB	['D13B', 'B30D', 'A63D', 'B64C']	4	-2.6480145	-7.767992	-8.175316	-0.40732384
BCCDDDCDCDDDDCDDABCDABCABDBACBDCAADDCBCABACBCCABCACBCCCCCBDBACDBBBCBCBACCACADAACCBBABADBCCAAABBCCBB	['A63D', 'C82B']	2	-2.6500778	-9.7605295	-10.169922	-0.40939236
BCCDDDCDCDDDDCDDABCDABCABDBACBDCAADDCBCABACBCCABCACBCCCCCBDBACDBBBCBCBACCACADAACCBBABADBCCAAABBCCBB	['A63D', 'C82B']	2	-2.6500778	-9.7605295	-10.169922	-0.40939236
BCCDDDCDCDDDDCDDABCCABCABDBACBDCAADDCBCABACBCCABCACBCCCCDBDBADDBBBCBCBCCCACACAACCCBABADBCCAABBBCCBB	['D20C', 'C57D', 'C62D', 'A63D', 'A71C', 'D77C', 'A93B']	7	-2.6524544	-6.4438586	-6.855625	-0.41176653
BCCDDDCDCDDDBCDDABCAABCABDBACBDCAACACBCABACBCCABCACBCCCCCBDBADDBBBCBCBCCCACADAACCCBABADBCBAAABBCCBB	['D13B', 'D20A', 'D35C', 'D36A', 'C62D', 'A63D', 'A71C', 'C90B']	8	-2.6528068	-7.2687078	-7.680825	-0.41211748
BCCDDDCDCDDDBCDDABCDABCABDBACBDCAADDCBCABACBCCABCACBCCCCCBDBACACBBCBCBACCACADAACCCBABADBCCAAABBCCBB	['D13B', 'B64C']	2	-2.6532083	-8.339178	-8.751702	-0.41252422
BCCDDDCDCDDDDCDDABCCABCABDBACBDCAADACBCABACBCCABCACBCCCCDBDBACDCBBCBCBACCACADAACCCBABADBCBAAABBCCBB	['D20C', 'D36A', 'C57D', 'A63D', 'B64C', 'C90B']	6	-2.6540585	-8.911615	-9.324991	-0.41337585
BCCDDDCDCDDDDCDDABCDABCABDBACBDCAADDCBCACACBCCABCACBCCCCCBDBACDBBBCBCBCCCACADAACCCBABADBCCAABBBCCBB	['B41C', 'A63D', 'A71C', 'A93B']	4	-2.6544795	-7.9403954	-8.354193	-0.41379738
BCCDDDCDCDDDDCDDABCDABCABDBACBDCAACDBBCACACBCCABCACBCCCCCBDBACDBBBCBCBBCCACACAACCCBABADBCCAABBBCCBB	['D35C', 'C37B', 'B41C', 'A63D', 'A71B', 'D77C', 'A93B']	7	-2.655027	-6.8497906	-7.2641373	-0.4143467
BCCDDDCDCDDDDCCDABCDABCABDBACBDCAADDCBCACACBCCABCACBCCCCCBDBACABBBCBCBACCACACAACCBBABADBCCAAABBCCBB	['D15C', 'B41C', 'D77C', 'C82B']	4	-2.6551666	-7.1558986	-7.570384	-0.41448545
BCCDDDCDCCDDDCDDABCDABCABDBACBDCAADDBBCABABBCCABCACBCCCCDBDBDCBABBCBCBADCACADAACCCBABADBCCAABBBCCBB	['D10C', 'C37B', 'C43B', 'C57D', 'A61D', 'A63B', 'B64A', 'C72D', 'A93B']	9	-2.6564584	-7.5403614	-7.9561396	-0.41577816
BCCDDDCDCDDDDCDBABCDABCABDBACBDCAACDBBCABACBCCABCACBCCCCCBDBADDBBBCBCBACCACACAACCCBABADBCCAABBBCCBB	['D16B', 'D35C', 'C37B', 'C62D', 'A63D', 'D77C', 'A93B']	7	-2.6572948	-6.396193	-6.8128033	-0.41661024
BCCDDDCDCDDDDCDDABCDABCABDBACBDCAADDCBCACACBCCABCACBCCCCCBDBADDBBBCBCBACCACACAACCCBABADBCCAABBBCCBB	['B41C', 'C62D', 'A63D', 'D77C', 'A93B']	5	-2.6608663	-7.302978	-7.7231617	-0.42018366
BCCDDDCDCDDDDCDDABCDABCABDBACBDCAADDCBCACACBCCABCACBCCCCCBDCADDBBBCBCBABCACACAACCCBABADBCCAABBBCCBB	['B41C', 'B60C', 'C62D', 'A63D', 'C72B', 'D77C', 'A93B']	7	-2.661571	-8.366159	-8.787051	-0.42089176
BCCDDDCDCDDDDCDDABCDABCABDBACBDCAADDCBCACACBCCABCACBCCCCCBDCADDBBBCBCBABCACACAACCCBABADBCCAABBBCCBB	['B41C', 'B60C', 'C62D', 'A63D', 'C72B', 'D77C', 'A93B']	7	-2.661571	-8.366159	-8.787051	-0.42089176
BCCDDDCDCDDDDCDDABCDABCABDBACBDCAADDCBCABACBCCABCACBCCCCCBDBAABBBBCBCBBCCACACAACCCBABADBCCAAABBCCBB	['C62A', 'A63B', 'A71B', 'D77C']	4	-2.6621885	-7.6216974	-8.043209	-0.42151165
BCCDDDCDCDDDDCDDABCDABCABDBACBDCAADDBBCABACBCCABCACBCCCCCBDBACDBBBCBCCCBCACACAACCCBABADBCCAAABBCCBB	['C37B', 'A63D', 'B70C', 'A71C', 'C72B', 'D77C']	6	-2.663436	-6.5070963	-6.9298477	-0.42275143
BCCDDDCDCDDDDCDDABCDABCABDBACBDCAADDCBCABACBCCABCACBCCCCCBDBCCDCBBCBCBACCACADAACCCBABADBCCAAABBCCBB	['A61C', 'A63D', 'B64C']	3	-2.6659503	-9.616568	-10.041838	-0.42527008
BCCDDDCDCCDDDCDDABCCABCABDBACBDCAACACBCABACBCCABCACBCCCCCBDBACCBBBCBCBAACACADAACCCBABADBCCAABBBCCBB	['D10C', 'D20C', 'D35C', 'D36A', 'A63C', 'C72A', 'A93B']	7	-2.6697798	-6.6592975	-7.088398	-0.4291005
BCCDDDCDCDDDDCDDABCDABCABDBACBDCAADDBBCABACBCCABCACBCCCCCBDBACCBBBCBCBACCACACAACCCBABADBCCAABBBCCBB	['C37B', 'A63C', 'D77C', 'A93B']	4	-2.6706357	-7.082341	-7.5122967	-0.42995548
BCCDDDCDCDDDDCDDABCDABCABDBACBDCAADDBBCABACBCCABCACBCCCCCBDBACCBBBCBCBACCACACAACCCBABADBCCAABBBCCBB	['C37B', 'A63C', 'D77C', 'A93B']	4	-2.6706357	-7.082341	-7.5122967	-0.42995548
BCCDDDCDCCDBBCDDABCDABCABDBACBDCBADBCBCABADBCCAACACBBDCCCBDBADCBBBCBCBACCBCADAACCBBABADBBBAAABBCCBB	['D10C', 'D12B', 'D13B', 'A33B', 'D36B', 'C43D', 'B48A', 'C53B', 'C54D', 'C62D', 'A63C', 'A74B', 'C82B', 'C89B', 'C90B']	15	-2.6716003	-11.2141285	-11.645042	-0.43091393
BCCDDDCDCDDDDCDDABCDABCABDBACBDCBACDBBCABACBCCABCACBCCCCDBDBACDCDBCBCBACCACACAACCCBABADBCCAAABBCCBB	['A33B', 'D35C', 'C37B', 'C57D', 'A63D', 'B64C', 'B65D', 'D77C']	8	-2.6737776	-9.0832405	-9.516334	-0.43309307
BCCDDDCDCDDDDCDDABCDABCABDBACBDCAADDCBCABACBCCABCACBCCCCCBDBACDBBBCBBBABCACACAACCCBABADBCCAAABBCCBB	['A63D', 'C69B', 'C72B', 'D77C']	4	-2.6746168	-8.345913	-8.779848	-0.43393517
BCCDDDCDCDDDDCDDABCDABCABDBACBDCAACDCBCABACBCCABCACBCCCCCBDBACDBBBCBCBCDCACADAACCCBABADBCCAABBBCCBB	['D35C', 'A63D', 'A71C', 'C72D', 'A93B']	5	-2.6758833	-8.17608	-8.611283	-0.43520355
BCCDDDCDCDDDBCCDABCDABCABDBACBDCAADDCBCACACBCCABCACBCCCCCBDBADACBBCBCBACCACACAACCCBABADBCCAAABBCCBB	['D13B', 'D15C', 'B41C', 'C62D', 'B64C', 'D77C']	6	-2.6760254	-6.48666	-6.922	-0.43533993
BCCDDDCDCDDDDCDDABCDABCABDBACBDCAADDABCACACBCCABCACBCCCCCBDBACDBBBCBCBACCACACAACCCBABADBCCAABBBCCBB	['C37A', 'B41C', 'A63D', 'D77C', 'A93B']	5	-2.6777139	-7.339019	-7.7760506	-0.43703175
BCCDDDCDCDDDDCDDABCDABCABDBACBDCAADDABCACACBCCABCACBCCCCCBDBACDBBBCBCBACCACACAACCCBABADBCCAABBBCCBB	['C37A', 'B41C', 'A63D', 'D77C', 'A93B']	5	-2.6777139	-7.339019	-7.7760506	-0.43703175
BCCDDDCDCDDCDDDDABCDABCABDBACBDCAADDABCABACBCCABCACBCCCCCBDBCCDBBBCBCBACCACACAACCCBABADBCCAABBBCCBB	['D12C', 'C14D', 'C37A', 'A61C', 'A63D', 'D77C', 'A93B']	7	-2.6782765	-7.5351963	-7.9727964	-0.43760014
BCCDDDCDCDDDDCCDABCDABCABDBACBDCAADDCBCABACBCCABCACBCCCCCBDBADDBBBCBCBACCACACAACCCBABADBCCAABBBCCBB	['D15C', 'C62D', 'A63D', 'D77C', 'A93B']	5	-2.6812768	-6.2484026	-6.6889944	-0.4405918
BCCDDDCDCDDDDCDDABCDABCABDBACBDCAADDABCACACBCCABCACBCCCCCBDBACACBBCBCBACCACACAACCCBABADBCCAAABBCCBB	['C37A', 'B41C', 'B64C', 'D77C']	4	-2.6815586	-7.9463034	-8.38718	-0.44087696
BCCDDDCDCDDDDCDDABCDABCABDBACBDCCADDABBABACBCCABCACBCCCCCBDBACDBBBCBCBBCCACADAACCCBABADBCCAABBBCCBB	['A33C', 'C37A', 'C39B', 'A63D', 'A71B', 'A93B']	6	-2.6824265	-7.748761	-8.1905	-0.44173908
BCCDDDCDCDDDDCDDABCDABCABDBACBDCAADDBBCABACBCCABCACBCCCCCBDBACACBBCBCBACCACADAACCCBABADBCCAAABBCCBB	['C37B', 'B64C']	2	-2.6835284	-8.321412	-8.764257	-0.44284534
BCCDDDCDCCDBDCDDABBDABCABDBACBDCAACACBCABACBCCABCACBCCCCDBDBBCABBBCBCBACCACADAACCBBABADBCCAAABBCCBB	['D10C', 'D12B', 'C19B', 'D35C', 'D36A', 'C57D', 'A61B', 'C82B']	8	-2.6849341	-6.6423745	-7.086626	-0.44425154
BCCDDDCDCDDABDDDABCDABCABDBACBDCDADDABCACACBCCABCACBCCCCCCDBADDCBBCBCBACCACADAACCCBABADBCCACABBCCBB	['D12A', 'D13B', 'C14D', 'A33D', 'C37A', 'B41C', 'B58C', 'C62D', 'A63D', 'B64C', 'A92C']	11	-2.6851306	-9.513091	-9.957539	-0.44444752
BCCDDDCDCDDDDCDDABCDABCABDBACBDCAADDCBCABACBCCABCACBCCCCCBDBACDBBBCBCBACCACADAACCCBABADBCBAAABBCCBB	['A63D', 'C90B']	2	-2.6860743	-8.47289	-8.9182825	-0.4453926
BCCDDDCDCDDDDCDDABCDABCABDBACBDCAADDCBCABACBCCABCACBCCCCCBDBACDBBBCBCBACCACADAACCCBABADBCBAAABBCCBB	['A63D', 'C90B']	2	-2.6860743	-8.47289	-8.9182825	-0.4453926
BCCDDDCDCDDDDCDDABCDABCABDBACBDCAADDCBCABACBCCABCACBCCCCCBDBACDBBBCBCBACCACADAACCCBABADBCBAAABBCCBB	['A63D', 'C90B']	2	-2.6860743	-8.47289	-8.9182825	-0.4453926
BCCDDDCDCDDDDCDDABCDABCABDBACBDCAADDCBCABACBCCABCACBCCCCCBDBACDBBBCBCBACCACADAACCCBABADBCBAAABBCCBB	['A63D', 'C90B']	2	-2.6860743	-8.47289	-8.9182825	-0.4453926
BCCDDDCDCDDBDCDDABCDABCABDBACBDCAADDCBCACACBCCABCACBCCCCCBDBADABBBCBABACCACADAACCCBABADBCCAABBBCCBB	['D12B', 'B41C', 'C62D', 'C69A', 'A93B']	5	-2.6862674	-8.495812	-8.941405	-0.44559288
BCCDDDCDCCDDDCDDABCDABCABDBACBDCAACACBCABACBCCAACCCBCDCCCBDBADBBBBCBCBBCCACADAACCBBABADBCCAAABBCCBB	['D10C', 'D35C', 'D36A', 'B48A', 'A50C', 'C54D', 'C62D', 'A63B', 'A71B', 'C82B']	10	-2.6869335	-9.740154	-10.186407	-0.44625282
BCCDDDCDCDDDDCCDABCDABCABDBACBDCAACACBCABACBCCABCACBCDCCCCDBACDBBBCBCBACCACADAACCBBABADBCCAAABBCCBB	['D15C', 'D35C', 'D36A', 'C54D', 'B58C', 'A63D', 'C82B']	7	-2.6873431	-10.072944	-10.519602	-0.44665813
AAADDDCDCDDDDCDDABCDABCABDBACBDCDADDABCACACBCCABCACBCCCCCBDBACACBBCBCBACCACADAACCCBABADBCCAABBBCCBB	['B1A', 'C2A', 'C3A', 'A33D', 'C37A', 'B41C', 'B64C', 'A93B']	8	-2.6876364	-9.436365	-9.883322	-0.44695663
BCCDDDCDCDDDBCDDABCDABCABDBACBDCAADDCBCACACBCCABCACBCCCCCBDBACACBBCBCBACCACADAACCCBABADBCCAAABBCCBB	['D13B', 'B41C', 'B64C']	3	-2.6888528	-8.457767	-8.905936	-0.4481697
BCCDDDCDCDDDDCDDABCDABCABDBACBDCAADDCBCABACBCCABCACBCCCCCBDBACABBBCBCBACCCCADAACCBBABADBCCAAABBCCBB	['A74C', 'C82B']	2	-2.6894574	-9.522336	-9.9711075	-0.44877148
BCCDDDCDCDDDDCDDABBDABCABDBACBDCAADDCBCACACBCCABCACBCCCCCBDBADDBBBCBCBCCCACACAACCCBABADBCCAABBBCCBB	['C19B', 'B41C', 'C62D', 'A63D', 'A71C', 'D77C', 'A93B']	7	-2.6902637	-6.093163	-6.5427427	-0.44957972
BCCDDDCDCDDDDCDDABCDABCABDBACBDCAACACBCACACBCCABCACBCDCCDBDBACDBBBCBCBBDCACADAACCCBABADBCBAABBBCCBB	['D35C', 'D36A', 'B41C', 'C54D', 'C57D', 'A63D', 'A71B', 'C72D', 'C90B', 'A93B']	10	-2.6903334	-8.784619	-9.234274	-0.44965458
BCCDDDCDCDDDDCDDABCDABCABDBACBDCAACACBCACACBCCABCACBCDCCDBDBACDBBBCBCBBDCACADAACCCBABADBCBAABBBCCBB	['D35C', 'D36A', 'B41C', 'C54D', 'C57D', 'A63D', 'A71B', 'C72D', 'C90B', 'A93B']	10	-2.6903334	-8.784619	-9.234274	-0.44965458
BCCDDDCDCDDDDCDDABCDABCABDBACBDCAADDCBCACACBCCABCACBCCCCCBDBADDBBBCBCBADCACADAACCCBABADBCCAABBBCCBB	['B41C', 'C62D', 'A63D', 'C72D', 'A93B']	5	-2.6918216	-8.328849	-8.779991	-0.4511423
BCCDDDCDCDDDDCDDABCDABCABDBACDDCAADDCBCABACBCCABCACBCCCCCBDBACDCBBCBCBACCACADAACCCBABADBCCAAABBCCBB	['B30D', 'A63D', 'B64C']	3	-2.6927562	-8.255608	-8.707676	-0.45206833
BCCDDDCDCDDDDCDDABCDABCABDBACBDCAADDCBCABACBCCABCACBCCCCCBDBACDBBBCBCBACCACADAACCCBABADBCCAABBBCCBB	['A63D', 'A93B']	2	-2.6941051	-8.219511	-8.672937	-0.45342636
BCCDDDCDCDDDDCDDABCDABCABDBACBDCAADDCBCABACBCCABCACBCCCCCBDBACDBBBCBCBACCACADAACCCBABADBCCAABBBCCBB	['A63D', 'A93B']	2	-2.6941051	-8.219511	-8.672937	-0.45342636
BCCDDDCDCDDDDCDDABCDABCABDBACBDCAADDCBCABACBCCABCACBCCCCCBDBACDBBBCBCBACCACADAACCCBABADBCCAABBBCCBB	['A63D', 'A93B']	2	-2.6941051	-8.219511	-8.672937	-0.45342636
BCCDDDCDCDDDDCDDABCDABCABDBACBDCAADDCBCABACBCCABCACBCCCCCBDBACDBBBCBCBACCACADAACCCBABADBCCAABBBCCBB	['A63D', 'A93B']	2	-2.6941051	-8.219511	-8.672937	-0.45342636
BCCDDDCDCDDDDCDDABCDABCABDBACBDCAADDCBCABACBCCABCACBCCCCCBDBACDBBBCBCBACCACADAACCCBABADBCCAABBBCCBB	['A63D', 'A93B']	2	-2.6941051	-8.219511	-8.672937	-0.45342636
BCCDDDCDCDDDDCDDABCDABCABDBACBDCAADDCBCABACBCCABCACBCCCCCBDBACDBBBCBCBACCACADAACCCBABADBCCAABBBCCBB	['A63D', 'A93B']	2	-2.6941051	-8.219511	-8.672937	-0.45342636
BCCDDDCDCDDDDCDDABCDABCABDBACBDCAADDCBCABACBCCABCACBCCCCCBDBACDBBBCBCBACCACADAACCCBABADBCCAABBBCCBB	['A63D', 'A93B']	2	-2.6941051	-8.219511	-8.672937	-0.45342636
BCCDDDCDCDDDDCDDABCDABCABDBACBDCAADDCBCABACBCCABCACBCCCCCBDBACDBBBCBCBACCACADAACCCBABADBCCAABBBCCBB	['A63D', 'A93B']	2	-2.6941051	-8.219511	-8.672937	-0.45342636
BCCDDDCDCCDDDCDDABCDABCABDBACBDCAADACBCABACBCCABCACBCCCCCBDBADDABBCBCBACCACADAACCCBABADBCCAABBBCCBB	['D10C', 'D36A', 'C62D', 'A63D', 'B64A', 'A93B']	6	-2.6943274	-7.207035	-7.6606817	-0.45364666
BCCDDDCDCCDDDCDDABCDABCABDBACBDCAADDCBCABACBCCABCACBCCCCDBDBADDDBCCBCBACCACADAACCCBABADBCCAAABBCCBB	['D10C', 'C57D', 'C62D', 'A63D', 'B64D', 'B66C']	6	-2.6952205	-7.514526	-7.969062	-0.45453596
BCCDDDCDCDDBDCDDABCDABCABDBACBDCDADDABCABACBCCABCACBCCCCCBDBACACBBCBCBACCACADAACCCBABADBCCAABBBCCBB	['D12B', 'A33D', 'C37A', 'B64C', 'A93B']	5	-2.6961231	-8.008639	-8.464084	-0.45544434
BCCDDDCDCDDDDCDDABCDABCABDBACBDCAADDCBCABACBCCABCACBCCCCCBDBCDDBDBCBCBCCCACACAACCCBABADBCCAABBBCCBB	['A61C', 'C62D', 'A63D', 'B65D', 'A71C', 'D77C', 'A93B']	7	-2.6968384	-6.9937615	-7.449918	-0.45615625
BCCDDDCDCDBDDCDDABCDABCABDBACBDCAADDBBCABACBCCABCACBCCCCCBDBACBBBBCBCBACCACACAACCCBABADBCCAABBBCCBB	['D11B', 'C37B', 'A63B', 'D77C', 'A93B']	5	-2.6970057	-6.858119	-7.3144417	-0.45632267
BCCDDDCDCCDDDCCDABCDABCABDBACBDCAADBABCABACBCCABCACBCCCCCBDBADABBBCBCBACCACADAACCCBABADBCCAABBBCCBB	['D10C', 'D15C', 'D36B', 'C37A', 'C62D', 'A93B']	6	-2.6978083	-5.254486	-5.711608	-0.45712185
BCCDDDCDCDDDDCDDABCDABCABDBACBDCAADDCBCABACBCCABCACBCCCCCBDBACBBBBCBCBACCACADAACCCBABADBCCAABBBCCBB	['A63B', 'A93B']	2	-2.697917	-8.416747	-8.873983	-0.4572363
BCCDDDCDCDDDDCDDABCDABCABDBACBDCAADDCBCABACBCCABCACBCCCCCBDBACACBBCBCBACCACADAACCCBABADBCCAAABBCCBB	['B64C']	1	-2.697949	-8.826796	-9.284061	-0.45726585
BCCDDDCDCDDDDCDDABCDABCABDBACBDCAADDCBCABACBCCABCACBCCCCCBDBACACBBCBCBACCACADAACCCBABADBCCAAABBCCBB	['B64C']	1	-2.697949	-8.826796	-9.284061	-0.45726585
BCCDDDCDCDDDDCDDABCDABCABDBACBDCAADDCBCABACBCCABCACBCCCCCBDBACACBBCBCBACCACADAACCCBABADBCCAAABBCCBB	['B64C']	1	-2.697949	-8.826796	-9.284061	-0.45726585
BCCDDDCDCDDDDCDDABCDABCABDBACBDCAADDCBCABACBCCABCACBCCCCCBDBACACBBCBCBACCACADAACCCBABADBCCAAABBCCBB	['B64C']	1	-2.697949	-8.826796	-9.284061	-0.45726585
BCCDDDCDCDDDDCDDABCDABCABDBACBDCAADDCBCABACBCCABCACBCCCCCBDBACACBBCBCBACCACADAACCCBABADBCCAAABBCCBB	['B64C']	1	-2.697949	-8.826796	-9.284061	-0.45726585
BCCDDDCDCDDDDCDDABCDABCABDBACBDCAADDCBCABACBCCABCACBCCCCCBDBACACBBCBCBACCACADAACCCBABADBCCAAABBCCBB	['B64C']	1	-2.697949	-8.826796	-9.284061	-0.45726585
BCCDDDCDCDDDDCDDABCDABCABDBACBDCAADDCBCABACBCCABCACBCCCCCBDBACACBBCBCBACCACADAACCCBABADBCCAAABBCCBB	['B64C']	1	-2.697949	-8.826796	-9.284061	-0.45726585
BCCDDDCDCDDDDCDDABCDABCABDBACBDCAADDCBCABACBCCABCACBCCCCCBDBACACBBCBCBACCACADAACCCBABADBCCAAABBCCBB	['B64C']	1	-2.697949	-8.826796	-9.284061	-0.45726585
BCCDDDCDCDDDDCDDABCDABCABDBACBDCAADDCBCABACBCCABCACBCCCCCBDBACACBBCBCBACCACADAACCCBABADBCCAAABBCCBB	['B64C']	1	-2.697949	-8.826796	-9.284061	-0.45726585
BCCDDDCDCDDDDCDDABCDABCABDBACBDCAADDCBCABACBCCABCACBCCCCCBDBACACBBCBCBACCACADAACCCBABADBCCAAABBCCBB	['B64C']	1	-2.697949	-8.826796	-9.284061	-0.45726585
BCCDDDCDCDDDDCDDABCDABCABDBACBDCAADDCBCABACBCCABCACBCCCCCBDBACACBBCBCBACCACADAACCCBABADBCCAAABBCCBB	['B64C']	1	-2.697949	-8.826796	-9.284061	-0.45726585
BCCDDDCDCDDDDCDDABCDABCABDBACBDCAADDCBCABACBCCABCACBCCCCCBDBACACBBCBCBACCACADAACCCBABADBCCAAABBCCBB	['B64C']	1	-2.697949	-8.826796	-9.284061	-0.45726585
BCCDDDCDCDDDDCDDABCDABCABDBACBDCAADDCBCABACBCCABCACBCCCCCBDBACACBBCBCBACCACADAACCCBABADBCCAAABBCCBB	['B64C']	1	-2.697949	-8.826796	-9.284061	-0.45726585
BCCDDDCDCDDDDCDDABCDABCABDBACBDCAADDCBCABACBCCABCACBCCCCCBDBACACBBCBCBACCACADAACCCBABADBCCAAABBCCBB	['B64C']	1	-2.697949	-8.826796	-9.284061	-0.45726585
BCCDDDCDCDDDDCDDABCDABCABDBACBDCAADDCBCABACBCCABCACBCCCCCBDBACACBBCBCBACCACADAACCCBABADBCCAAABBCCBB	['B64C']	1	-2.697949	-8.826796	-9.284061	-0.45726585
BCCDDDCDCDDDDCDDABCDABCABDBACBDCAADDCBCABACBCCABCACBCCCCCBDBACACBBCBCBACCACADAACCCBABADBCCAAABBCCBB	['B64C']	1	-2.697949	-8.826796	-9.284061	-0.45726585
BCCDDDCDCDDDDCDDABCDABCABDBACBDCAADDCBCABACBCCABCACBCCCCCBDBACACBBCBCBACCACADAACCCBABADBCCAAABBCCBB	['B64C']	1	-2.697949	-8.826796	-9.284061	-0.45726585
BCCDDDCDCDDDDCDDABCDABCABDBACBDCAADDCBCABACBCCABCACBCCCCCBDBACACBBCBCBACCACADAACCCBABADBCCAAABBCCBB	['B64C']	1	-2.697949	-8.826796	-9.284061	-0.45726585
BCCDDDCDCDDDDCDDABCDABCABDBACBDCAADDCBCABACBCCABCACBCCCCCBDBACACBBCBCBACCACADAACCCBABADBCCAAABBCCBB	['B64C']	1	-2.697949	-8.826796	-9.284061	-0.45726585
BCCDDDCDCDDDDCDDABCDABCABDBACBDCAADDCBCABACBCCABCACBCCCCCBDBACACBBCBCBACCACADAACCCBABADBCCAAABBCCBB	['B64C']	1	-2.697949	-8.826796	-9.284061	-0.45726585
BCCDDDCDCDDDDCDDABCDABCABDBACBDCAADDCBCABACBCCABCACBCCCCCBDBACACBBCBCBACCACADAACCCBABADBCCAAABBCCBB	['B64C']	1	-2.697949	-8.826796	-9.284061	-0.45726585
BCCDDDCDCDDDDCDDABCDABCABDBACBDCAADDCBCABACBCCABCACBCCCCCBDBACACBBCBCBACCACADAACCCBABADBCCAAABBCCBB	['B64C']	1	-2.697949	-8.826796	-9.284061	-0.45726585
BCCDDDCDCDDDDCDDABCDABCABDBACBDCAADDCBCABACBCCABCACBCCCCCBDBACACBBCBCBACCACADAACCCBABADBCCAAABBCCBB	['B64C']	1	-2.697949	-8.826796	-9.284061	-0.45726585
BCCDDDCDCDDDDCDDABCDABCABDBACBDCAADDCBCABACBCCABCACBCCCCCBDBACACBBCBCBACCACADAACCCBABADBCCAAABBCCBB	['B64C']	1	-2.697949	-8.826796	-9.284061	-0.45726585
BCCDDDCDCDDDDCDDABCDABCABDBACBDCAADDCBCABACBCCABCACBCCCCCBDBACACBBCBCBACCACADAACCCBABADBCCAAABBCCBB	['B64C']	1	-2.697949	-8.826796	-9.284061	-0.45726585
BCCDDDCDCDDDDCDDABCDABCABDBACBDCAADDCBCABACBCCABCACBCCCCCBDBACACBBCBCBACCACADAACCCBABADBCCAAABBCCBB	['B64C']	1	-2.697949	-8.826796	-9.284061	-0.45726585
BCCDDDCDCDDDDCDDABCDABCABDBACBDCAADDCBCABACBCCABCACBCCCCCBDBACACBBCBCBACCACADAACCCBABADBCCAAABBCCBB	['B64C']	1	-2.697949	-8.826796	-9.284061	-0.45726585
BCCDDDCDCDDDDCDDABCDABCABDBACBDCAADDCBCABACBCCABCACBCCCCCBDBACACBBCBCBACCACADAACCCBABADBCCAAABBCCBB	['B64C']	1	-2.697949	-8.826796	-9.284061	-0.45726585
BCCDDDCDCDDDDCDDABCDABCABDBACBDCAADDCBCABACBCCABCACBCCCCCBDBACACBBCBCBACCACADAACCCBABADBCCAAABBCCBB	['B64C']	1	-2.697949	-8.826796	-9.284061	-0.45726585
BCCDDDCDCDDDDCDDABCDABCABDBACBDCAADDCBCABACBCCABCACBCCCCCBDBACACBBCBCBACCACADAACCCBABADBCCAAABBCCBB	['B64C']	1	-2.697949	-8.826796	-9.284061	-0.45726585
BCCDDDCDCDDDDCDDABCDABCABDBACBDCAADDCBCABACBCCABCACBCCCCCBDBACACBBCBCBACCACADAACCCBABADBCCAAABBCCBB	['B64C']	1	-2.697949	-8.826796	-9.284061	-0.45726585
BCCDDDCDCDDDDCDDABCDABCABDBACBDCAADDCBCABACBCCABCACBCCCCCBDBACACBBCBCBACCACADAACCCBABADBCCAAABBCCBB	['B64C']	1	-2.697949	-8.826796	-9.284061	-0.45726585
BCCDDDCDCCDDDCDDABBCABCABDBACBDCAACAABCABACBCCABCACBCDCCCBDCADDBBBCBCBBCCCCADAACCABABADBCCAABCBCCBB	['D10C', 'C19B', 'D20C', 'D35C', 'D36A', 'C37A', 'C54D', 'B60C', 'C62D', 'A63D', 'A71B', 'A74C', 'C82A', 'A93B', 'B94C']	15	-2.698811	-8.344322	-8.802452	-0.45812988
BCCDDDCDCDDDDCDDABCDABCABDBACBDCAACDABCABACBCCABCACBCCCCCBDBACDBBBCBCBADCACACAACCCBABADBCCAABBBCCBB	['D35C', 'C37A', 'A63D', 'C72D', 'D77C', 'A93B']	6	-2.6991186	-7.5747037	-8.033142	-0.4584384
BCCDDDCDCDDDDCDDABCDABCABDBACBDCAACDCBCACACBCCABCACBCCCCCBDBACABBBCBCBADCACACAACCCBABADBCCAABBBCCBB	['D35C', 'B41C', 'C72D', 'D77C', 'A93B']	5	-2.7001858	-6.905142	-7.364644	-0.45950222
BCCDDDCDCDDDDCDDABCDABCABDBACBDCAADDCBCABACBCCABCACBCCCCCBDBCDBBDBCBCBCCCACACAACCCBABADBCCAABBBCCBB	['A61C', 'C62D', 'A63B', 'B65D', 'A71C', 'D77C', 'A93B']	7	-2.7006502	-7.190997	-7.6509686	-0.45997143
BCCDDDCDCCDBDCCDABBCABCABDBACBDCAADACBCABACBCCAACACBCACCCBDBADCCBBCBCBBCCACADAACCBBABADBCCAACBBCCBB	['D10C', 'D12B', 'D15C', 'C19B', 'D20C', 'D36A', 'B48A', 'C54A', 'C62D', 'A63C', 'B64C', 'A71B', 'C82B', 'A93C']	14	-2.7012153	-8.511984	-8.972518	-0.4605341
BCCDDDCDCDDDDCCDABCDABCABDBACBDCAADDCBCABACBCCABCACBCCCCCBDBACDBBBCBCBACCACADAACCBBABADBCCAAABBCCBB	['D15C', 'A63D', 'C82B']	3	-2.7061338	-8.824543	-9.289995	-0.4654522
AAADDDCDCDDDDCDDABCDABCABDBACBDCAADDCBCACACBCCABCACBCCCCCBDBACCCBBCBCBACCACADAACCCBABADBCCAAABBCCBB	['B1A', 'C2A', 'C3A', 'B41C', 'A63C', 'B64C']	6	-2.7067647	-11.872201	-12.338287	-0.4660864
AAADDDCDCCDDDCDDABCCABCABDBACBDCAADABBCABACBCCAACACBCACCCBDBADDDBBCBCBACCACADAACCBBABADBCBAABBBCCBB	['B1A', 'C2A', 'C3A', 'D10C', 'D20C', 'D36A', 'C37B', 'B48A', 'C54A', 'C62D', 'A63D', 'B64D', 'C82B', 'C90B', 'A93B']	15	-2.7081075	-9.918181	-10.385603	-0.46742153
BCCDDDCDCDDDBCCDABCDABCABDBACBDCAADDCBCABACBCCABCACBCCCCCBDBACACBBCBCBACCACADAACCCBABADBCCAAABBCCBB	['D13B', 'D15C', 'B64C']	3	-2.7092643	-7.403191	-7.871773	-0.46858168
BCCDDDCDCDDDBCCDABCDABCABDBACBDCAADDCBCABACBCCABCACBCCCCCBDBACACBBCBCBACCACADAACCCBABADBCCAAABBCCBB	['D13B', 'D15C', 'B64C']	3	-2.7092643	-7.403191	-7.871773	-0.46858168
BCCDDDCDCDDDBCCDABCDABCABDBACBDCAADDCBCABACBCCABCACBCCCCCBDBACACBBCBCBACCACADAACCCBABADBCCAAABBCCBB	['D13B', 'D15C', 'B64C']	3	-2.7092643	-7.403191	-7.871773	-0.46858168
BCCDDDCDCDDDBCCDABCDABCABDBACBDCAADDCBCABACBCCABCACBCCCCCBDBACACBBCBCBACCACADAACCCBABADBCCAAABBCCBB	['D13B', 'D15C', 'B64C']	3	-2.7092643	-7.403191	-7.871773	-0.46858168
BCCDDDCDCDDDBCDCABCDABCABDBACBDCAADDBBCABACBCCABCACBCCCCCBDBACCCBBCBCBACCACADAACCCBABADBCCADABBCCBB	['D13B', 'D16C', 'C37B', 'A63C', 'B64C', 'A92D']	6	-2.7099671	-9.547408	-10.016693	-0.469285
BCCDDDCDCDDDBCDCABCDABCABDBACBDCAADDBBCABACBCCABCACBCCCCCBDBACCCBBCBCBACCACADAACCCBABADBCCADABBCCBB	['D13B', 'D16C', 'C37B', 'A63C', 'B64C', 'A92D']	6	-2.7099671	-9.547408	-10.016693	-0.469285
BCCDDDCDCDDDBCDCABCDABCABDBACBDCAADDBBCABACBCCABCACBCCCCCBDBACCCBBCBCBACCACADAACCCBABADBCCADABBCCBB	['D13B', 'D16C', 'C37B', 'A63C', 'B64C', 'A92D']	6	-2.7099671	-9.547408	-10.016693	-0.469285
BCCDDDCDCDDCDDDDABCDABCABDBACBDCAADDBBCABACBCCABCACBCCCCDBDCADCCBBABCBADCACACAACCCBABADBCCAAABBCCBB	['D12C', 'C14D', 'C37B', 'C57D', 'B60C', 'C62D', 'A63C', 'B64C', 'C67A', 'C72D', 'D77C']	11	-2.7100005	-9.686808	-10.156129	-0.46932125
BCCDDDCDCDDDDCDDABCDABCABDBACDDCAADDCBCABACBCCABCACBCCCCDBDBACDBBBCBCBACCACACAACCCBABADBCCAABBBCCBB	['B30D', 'C57D', 'A63D', 'D77C', 'A93B']	5	-2.7104974	-6.015156	-6.4849663	-0.4698105
BCCDDDCDCDDDDCDDABCDABCABDBACBDCAADDBBCABACBCCABCACBCCCCCBDBACBBBBCBCBADCACACAACCCBABADBCCAAABBCCBB	['C37B', 'A63B', 'C72D', 'D77C']	4	-2.7106137	-7.3486996	-7.818633	-0.4699335
BCCDDDCDCDDDDCDDABCDABCABDBACBDCAADDCBCABACBCCABCACBCCCCCBDBADDBBBCBCBACCACADAACCCBABADBCCACABBCCBB	['C62D', 'A63D', 'A92C']	3	-2.7112155	-8.947233	-9.4177685	-0.47053528
BCCDDDCDCDDDDCDDABDDABCABDBACBDCCADDABAACACBCCABCACBCBCCCBDBACDBBBCBCBACCACADAACCDBABADBCCAABBBCCBB	['C19D', 'A33C', 'C37A', 'C39A', 'B41C', 'C54B', 'A63D', 'C82D', 'A93B']	9	-2.7117367	-9.6151285	-10.08618	-0.47105122
BCCDDDCDCDDDDCDDABBDABCABDBACBDCAADDCBCABACBCCABCACBCCCCCBDBACABBBCBCBACCACACAACCCBABADBCCAABBBCCBB	['C19B', 'D77C', 'A93B']	3	-2.7121596	-5.620164	-6.0916395	-0.4714756
BCCDDDCDCDDDDCDDABBDABCABDBACBDCAADDCBCABACBCCABCACBCCCCCBDBACABBBCBCBACCACACAACCCBABADBCCAABBBCCBB	['C19B', 'D77C', 'A93B']	3	-2.7121596	-5.620164	-6.0916395	-0.4714756
BCCDDDCDCADDDDDDCBCDABCABDBACBDCAADDCBCABACBCCABCACBCCCCCBDBACDBBBCBCBCACACADAACCCBABADBCCAAABBCCCB	['D10A', 'C14D', 'A17C', 'A63D', 'A71C', 'C72A', 'B98C']	7	-2.7141356	-7.202282	-7.6757336	-0.4734516
BCCDDDCDCDDDDCDDABBDABCABDBACBDCAADDCBCABACBCCABCACBCCCCCBDBACDBBBCBCBCCCACADAACCCBABADBCBAAABBCCBB	['C19B', 'A63D', 'A71C', 'C90B']	4	-2.7154727	-7.26307	-7.7378635	-0.47479343
BCCDDDCDCDDDDCDDABCDABCABDBACBDCCADDABBACACBCCABCACBCCCCCBDBACDBBBCBCBBCCACADAACCCBABADBCCAABBBCCBB	['A33C', 'C37A', 'C39B', 'B41C', 'A63D', 'A71B', 'A93B']	7	-2.718072	-7.8673496	-8.344736	-0.47738647
BCCDDDCDCDDDDCDDABCDABCABDBACBDCCADDABBACACBCCABCACBCCCCCBDBACDBBBCBCBBCCACADAACCCBABADBCCAABBBCCBB	['A33C', 'C37A', 'C39B', 'B41C', 'A63D', 'A71B', 'A93B']	7	-2.718072	-7.8673496	-8.344736	-0.47738647
BCCDDDCDCDDDDCDDABCDABCABDBACBDCAACDCBCABACBCCABCACBCCCCCBDBACDBBBCBCBACCACACAACCCBABADBCCAABBBCCBB	['D35C', 'A63D', 'D77C', 'A93B']	4	-2.7202	-7.547912	-8.02743	-0.47951746
BCCDDDCDCDDDDCDDABCDABCABDBACBDCAACDCBCABACBCCABCACBCCCCCBDBACDBBBCBCBACCACACAACCCBABADBCCAABBBCCBB	['D35C', 'A63D', 'D77C', 'A93B']	4	-2.7202	-7.547912	-8.02743	-0.47951746
BCCDDDCDCDDDDCDDABCDABCABDBACBDCAACDCBCABACBCCABCACBCCCCCBDBACDBBBCBCBACCACACAACCCBABADBCCAABBBCCBB	['D35C', 'A63D', 'D77C', 'A93B']	4	-2.7202	-7.547912	-8.02743	-0.47951746
BCCDDDCDCDDDDCDDABCDABCABDBACBDCAACDCBCABACBCCABCACBCCCCCBDBACDBBBCBCBACCACACAACCCBABADBCCAABBBCCBB	['D35C', 'A63D', 'D77C', 'A93B']	4	-2.7202	-7.547912	-8.02743	-0.47951746
BCCDDDCDCDDDDCDDABCDABCABDBACBDCAACDCBCABACBCCABCACBCCCCCBDBACDBBBCBCBACCACACAACCCBABADBCCAABBBCCBB	['D35C', 'A63D', 'D77C', 'A93B']	4	-2.7202	-7.547912	-8.02743	-0.47951746
BCCDDDCDCDDDDCDDABCDABCABDBACBDCAADDCBCACACBCCABCACBCCCCCBDBACCBBBCBCBACCACACAACCCBABADBCCAABBBCCBB	['B41C', 'A63C', 'D77C', 'A93B']	4	-2.7207007	-7.706314	-8.186335	-0.48002052
BCCDDDCDCDDDBDDDABCDABCABDBACBDCAADDCBCABACBCCABCACBCCCCCBDBACACBBCBCBACCACADAACCCBABADBCCAAABBCCBB	['D13B', 'C14D', 'B64C']	3	-2.7211947	-8.313036	-8.793549	-0.48051262
BCCDDDCDCDDDDCDDABCDABCABDBACBDCAADDCBCABACBCCABCACBCCCCCBDBACDBBBCBCBADCACACAACCCBABADBCCAAABBCCBB	['A63D', 'C72D', 'D77C']	3	-2.7212214	-7.6568484	-8.137388	-0.4805398
BCCDDDCDCDDDDCDDACCDABCABDBACBDCAADDCBCABACBCCABCACBCCCCCBDBACABBBCBCBBCCACACAACCCBBBADBCBAAABBCCBB	['B18C', 'A71B', 'D77C', 'A84B', 'C90B']	5	-2.721457	-5.7178373	-6.198613	-0.48077583
BCCDDDCDCDDDDCDDABCDABCABDBACBDCAADDCBCABACBCCABCACBCCCCCBDBACCBBBCBCBAACACADAACCBBABADBCCAAABBCCBB	['A63C', 'C72A', 'C82B']	3	-2.7239594	-9.787537	-10.270816	-0.48327923
BCCDDDCDCDDDDCDDABCDABCABDBACBDCAADACBCABACBCCABCACBCCCCCBDBACACBBCBCBACCACADAACCCBABADBCCAABBBCCBB	['D36A', 'B64C', 'A93B']	3	-2.7256517	-8.208978	-8.693947	-0.48496914
BCCDDDCDCDDDDCDBABCDABCABDBACBDCAACDBBCABACBCCABCACBCCCCCBDBACDBBBCBCBACCACADAACCCBABADBCCAABBBCCBB	['D16B', 'D35C', 'C37B', 'A63D', 'A93B']	5	-2.7261791	-7.431312	-7.916808	-0.48549604
BCCDDDCDCADDBCDDABCDABCABDBACBDCAADDCBCACACBCCABCACBCCCCCBDCCCDBBBCBDBACCACADAACCCBABADBCCAAABBCCBB	['D10A', 'D13B', 'B41C', 'B60C', 'A61C', 'A63D', 'C69D']	7	-2.7264833	-8.569929	-9.055727	-0.48579788
BCCDDDCDCCDDDCDDABCDABCABDBACBDCAADACBCABACBCCABCACBCCCCCBDCCCDBBBCBCCAACACADAACCCBABADBCCAABBBCCBB	['D10C', 'D36A', 'B60C', 'A61C', 'A63D', 'B70C', 'C72A', 'A93B']	8	-2.7270112	-6.4886303	-6.9749603	-0.48633003
BCCDDDCDCCDDDCDDABCDABCABDBACBDCAADACBCABACBCCABCACBCCCCCBDCCCDBBBCBCCAACACADAACCCBABADBCCAABBBCCBB	['D10C', 'D36A', 'B60C', 'A61C', 'A63D', 'B70C', 'C72A', 'A93B']	8	-2.7270112	-6.4886303	-6.9749603	-0.48633003
BCCDDDCDCCDDDCCDABADABCABDBACBDCAADACBCABACBCCABCACBCCCCCBDBADDBDBCBCBACCACADAACCCBABADBCCAAABBCCBB	['D10C', 'D15C', 'C19A', 'D36A', 'C62D', 'A63D', 'B65D']	7	-2.7282882	-6.514254	-7.0018644	-0.48761034
BCCDDDCDCCDDBCDDABCDABCABDBACBDCAADACBCACACBCCABCACBCCCCCBDBACDBBBABCBACCACADAACCCBABADBCCAAABBCCBB	['D10C', 'D13B', 'D36A', 'B41C', 'A63D', 'C67A']	6	-2.7292247	-6.931166	-7.4197035	-0.4885373
BCCDDDCDCDDDDCDDABCDABCABDBACBDCAADDABCABACBCCABCACBCCCCCBDBACABBBCBCBACCACACAACCCBABADBDCAAABBCCBB	['C37A', 'D77C', 'C89D']	3	-2.7296405	-7.125658	-7.614621	-0.48896313
BCCDDDCDCDDDDCDDABCDABCABDBACBDCAADDABCABACBCCABCACBCCCCCBDBACABBBCBCBACCACACAACCCBABADBDCAAABBCCBB	['C37A', 'D77C', 'C89D']	3	-2.7296405	-7.125658	-7.614621	-0.48896313
BCCDDDCDCDDDDCDDABCDABCABDBACBDCAADDABCABACBCCABCACBCCCCCBDBACABBBCBCBACCACACAACCCBABADBDCAAABBCCBB	['C37A', 'D77C', 'C89D']	3	-2.7296405	-7.125658	-7.614621	-0.48896313
BCCDDDCDCDDDDCCDABCDABCABDBACBDCAADDCBCACACBCCABCACBCCCCCBDBACABBBCBCBACCACADAACCCBABADBCCAABBACCBB	['D15C', 'B41C', 'A93B', 'B95A']	4	-2.7296677	-6.7965074	-7.2854958	-0.4889884
BCCDDDCDCDDDDCDDABCDABCABDBACBDCAADDCBCACACBCCABCACBCCCCCBDBACDBBBCBCBACCACADAACCCBABADBCCAABBBCCBB	['B41C', 'A63D', 'A93B']	3	-2.7297506	-8.3380995	-8.82717	-0.4890709
BCCDDDCDCDDDDCDDABCDABCABDBACBDCAADDCBCACACBCCABCACBCCCCCBDBACDBBBCBCBACCACADAACCCBABADBCCAABBBCCBB	['B41C', 'A63D', 'A93B']	3	-2.7297506	-8.3380995	-8.82717	-0.4890709
BCCDDDCDCCDDBCDDABCDABCABDBACBDCAACDABCABACBCCABCACBCCCCCBDBACDBBBCBCBACCACADAACCCBABADBCCAAABBCCBB	['D10C', 'D13B', 'D35C', 'C37A', 'A63D']	5	-2.729792	-7.255448	-7.7445536	-0.4891057
BCCDDDCDCDDDDCDDABCDABCABDBACBDCAACDBBCABABBCCABCACBCCCCCBDBACDCBBCBCBACCACADAACCCBABADBCCAABBBCCBB	['D35C', 'C37B', 'C43B', 'A63D', 'B64C', 'A93B']	6	-2.7309294	-9.317831	-9.80808	-0.49024868
BCCDDDCDCCDDDCDDABCDABCABDBACBDCAADDBBCABACBBCABCACBCCCCCBDBADCBBBABCBACCACACAACCCBABADBCCAABBBCCBB	['D10C', 'C37B', 'C45B', 'C62D', 'A63C', 'C67A', 'D77C', 'A93B']	8	-2.7310271	-4.715126	-5.205468	-0.49034214
BCCDDDCDCDDDDCDDABCAABCABDBACDDCAADDABCABACBCCABCACBCCCCCBDBACABBBCBCBBCCACADAACCCBABADBCCAAABBCCBB	['D20A', 'B30D', 'C37A', 'A71B']	4	-2.7317624	-5.7642713	-6.2553453	-0.4910741
BCCDDDCDCDDDDCDDABCDABCABDBACBDCAADDCBCABACBCCABCACBCCCCCBDBACDBBBCBBBACCACADAACCCBABADBCBAAABBCCBB	['A63D', 'C69B', 'C90B']	3	-2.7322378	-8.77989	-9.271448	-0.49155807
BCCDDDCDCDDDDCDDABCDABCABDBACBDCAADDCBCABACBCCABCACBCCCCCBDBACDBBBCBBBACCACADAACCCBABADBCBAAABBCCBB	['A63D', 'C69B', 'C90B']	3	-2.7322378	-8.77989	-9.271448	-0.49155807
BCCDDDCDCDDDDCDDABCDABCABDBACBDCAADDCBCABACBCCABCACBCCCCDBDBADDBBBCBCBACCACACAACCCBABADBCCAABBBCCBB	['C57D', 'C62D', 'A63D', 'D77C', 'A93B']	5	-2.733418	-7.338454	-7.831192	-0.49273825
BCCDDDCDCDDDDCDDABCDABCABDBACBDCAADDCBCACACBCCABCACBCCCCCBDBACACBBCBCBACCACADAACCCBABADBCCAAABBCCBB	['B41C', 'B64C']	2	-2.7335935	-8.945384	-9.438296	-0.4929123
BCCDDDCDCDDDDCDDABCDABCABDBACBDCAADDABCABACBCCABCACBCCCCCBDBBCBBBBCBCBADCACACAACCCBABADBCCAAABBCCBB	['C37A', 'A61B', 'A63B', 'C72D', 'D77C']	5	-2.7343745	-6.8102264	-7.3039207	-0.4936943
BCCDDDCDCDDDDCDDABCDABCABDBACBDCAACDBBCABACBCCABCACBCCCCCBDCCCDCBBCBCBACCACADAACCCBABADBCBAAABBCCBB	['D35C', 'C37B', 'B60C', 'A61C', 'A63D', 'B64C', 'C90B']	7	-2.7359524	-9.936745	-10.4320135	-0.49526882
BCCDDDCDCCDDDDDDABCDABCABDBACBDCAADDBBCACACBCCAACACBCCCCCBDBACACBBCBCBACCACADAACCBBABADBCCAAABBCCBB	['D10C', 'C14D', 'C37B', 'B41C', 'B48A', 'B64C', 'C82B']	7	-2.7369008	-8.748034	-9.244252	-0.49621868
BCCDDDCDCDDDDCCDABCDABCABDBACBDCAADDCBCABABBCCABCACBCCCCCBDBCDDBBBCBCBADCACADAACCBBABADBCCAABBBCCBB	['D15C', 'C43B', 'A61C', 'C62D', 'A63D', 'C72D', 'C82B', 'A93B']	8	-2.7369666	-8.69376	-9.190043	-0.49628353
BCCDDDCDCDDDDDDDABCDABCABDBACBDCAADDABCACACBCCABCACBCCCCCBDBACDBBBCBCBACCACACAACCCBABADBCBAAABBCCBB	['C14D', 'C37A', 'B41C', 'A63D', 'D77C', 'C90B']	6	-2.7376704	-7.5662556	-8.063247	-0.49699116
BCCDDDCDCDDDDCDDABCDABCABDBACBDCAADDCBCABACBCCABCACBCCCCCBDBACACBBCBCBADCACADAACCCBABADBCCAAABBCCCB	['B64C', 'C72D', 'B98C']	3	-2.7379599	-8.60432	-9.101601	-0.49728107
BCCDDDCDCDDDDCDDABDDABCABDBACBDCAADDCBCABACBCCABCACBCCCCDBDBADABBBCBCBCCCACACAACCCBABADBCCAABBBCCBB	['C19D', 'C57D', 'C62D', 'A71C', 'D77C', 'A93B']	6	-2.7402744	-5.9611297	-6.460719	-0.49958944
BCCDDDCDCDDDDCCDABCDABCABDBACBDCAADDCBCABACBCCABCACBCCCCCBDBACDBBBCBCBACCACADAACCCBABADBCBAAABBCCBB	['D15C', 'A63D', 'C90B']	3	-2.7421303	-7.5369024	-8.038351	-0.50144863
BCCDDDCDCDDBDCDDABBDABCABDBACBDCAADDCBCABACBCCABCACBCCCCCBDBACACBBCBCBACCACADAACCCBABADBCCAAABBCCBB	['D12B', 'C19B', 'B64C']	3	-2.7423558	-8.476912	-8.978587	-0.5016756
BCCDDDCDCDDBDCDDABBDABCABDBACBDCAADDCBCABACBCCABCACBCCCCCBDBACACBBCBCBACCACADAACCCBABADBCCAAABBCCBB	['D12B', 'C19B', 'B64C']	3	-2.7423558	-8.476912	-8.978587	-0.5016756
BCCDDDCDCCDDDCBDABCDABCABDBACBDCAADDABCABACBCCABCACBCCCCCBDBADDBBBCBCBACCACACAACCCBABADBCCAAABBCCBB	['D10C', 'D15B', 'C37A', 'C62D', 'A63D', 'D77C']	6	-2.7442598	-5.970564	-6.4741364	-0.50357246
BCCDDDCDCDDDDCDDABCDABCABDBACBDCAADDCBCACABBCCABCACBCCCCCBDBADCBBBCBCBBCCACACAACCCBABADBCBAABBBCCBB	['B41C', 'C43B', 'C62D', 'A63C', 'A71B', 'D77C', 'C90B', 'A93B']	8	-2.7447615	-7.489171	-7.9932585	-0.50408745
BCCDDDCDCDDDBCCDABCDABCABDBACBDCAADDCBCACACBCCABCACBCCCCCBDBACACBBCBCBACCACADAACCCBABADBCCAAABBCCBB	['D13B', 'D15C', 'B41C', 'B64C']	4	-2.7449088	-7.52178	-8.026004	-0.5042238
BCCDDDCDCDDDBCCDABCDABCABDBACBDCAADDCBCACACBCCABCACBCCCCCBDBACACBBCBCBACCACADAACCCBABADBCCAAABBCCBB	['D13B', 'D15C', 'B41C', 'B64C']	4	-2.7449088	-7.52178	-8.026004	-0.5042238
BCCDDDCDCDDDDCDDABCDABCABDBACBDCAADDABCACACBCCABCACBCCCCDBDBADDCBBCBCBABCACADAACCCBABADBCCAAABBCCBB	['C37A', 'B41C', 'C57D', 'C62D', 'A63D', 'B64C', 'C72B']	7	-2.7456708	-10.260414	-10.765406	-0.50499153
BCCDDDCDCDDDBCDDABBDABCABDBACBDCAADDCBCABACBCCABCACBCCCCCBDBACDBBBCBCBACCACADAACCCBABADBCBAAABBCCBB	['D13B', 'C19B', 'A63D', 'C90B']	4	-2.7460012	-7.1731567	-7.6784744	-0.5053177
BCCDDDCDCDDDDDDDABCDABCABDBACBDCAADDABCACACBCCABCACBCCCCCBDBACCCBBCBABACCACADAACCCBABADBCCAAABBCCBB	['C14D', 'C37A', 'B41C', 'A63C', 'B64C', 'C69A']	6	-2.746705	-10.598303	-11.104331	-0.5060282
BCCDDDCDCDDDDCDDABCDABCABDBACBDCAADDABCABACBCCABCACBCCCCCBDBADABBBCBCBCACACACAACCCBABADBCCAABBBCCBB	['C37A', 'C62D', 'A71C', 'C72A', 'D77C', 'A93B']	6	-2.746911	-5.6543064	-6.1605396	-0.5062332
BCCDDDCDCDDDBCDDABCDABCABDBACBDCAADDABBABACBCCABCACBCCCCCBDBADDCBBCBCBACCACADAACCCBABADBCCAAABBCCBB	['D13B', 'C37A', 'C39B', 'C62D', 'A63D', 'B64C']	6	-2.7474418	-9.060501	-9.567263	-0.50676155
BCCDDDCDCDDDDCDDABBDABCABDBACBDCAADDCBCACACBCCABCACBCCCCCBDBACABBBCBCBACCACACAACCCBABADBCCAABBBCCBB	['C19B', 'B41C', 'D77C', 'A93B']	4	-2.7478042	-5.7387533	-6.2458754	-0.50712204
BCCDDDCDCDDDDCCDABBDABCABDBACBDCAADDBBCABACBCCABCACBCCCCCBDBACDBBBCBCBBABACADAACCCBBBADBCCAAABBDCBB	['D15C', 'C19B', 'C37B', 'A63D', 'A71B', 'C72A', 'C73B', 'A84B', 'C96D']	9	-2.7478743	-6.7506223	-7.2578154	-0.5071931
BCCDDDCDCDDDDCDDABCDABCABDBACBDCAADDABCABACBCCABCACBCCCCCBDBACBCDBCBCBACCACADAACCCBABADBCCAAABBCCBB	['C37A', 'A63B', 'B64C', 'B65D']	4	-2.7491565	-10.021578	-10.530051	-0.5084734
BCCDDDCDCDDDDCCDABCDABCABDBACBDCAADDCBCABACBCCABCACBCCCCCBDBACDBBBCBCBACCACADAACCCBABADBCCAABBBCCBB	['D15C', 'A63D', 'A93B']	3	-2.7501602	-7.2835236	-7.793002	-0.50947857
BCCDDDCDCDDDDCCDABCDABCABDBACBDCAADDCBCABACBCCABCACBCCCCCBDBACDBBBCBCBACCACADAACCCBABADBCCAABBBCCBB	['D15C', 'A63D', 'A93B']	3	-2.7501602	-7.2835236	-7.793002	-0.50947857
BCCDDDCDCDDDDCDDABCDABCABDBACBDCAADDABCABACBCCABCACBCCCCCBDBADDBBBCBCBCCCACACAACCCBABADBCCAABBBCCBB	['C37A', 'C62D', 'A63D', 'A71C', 'D77C', 'A93B']	6	-2.7505941	-6.7827463	-7.2926645	-0.5099182
BCCDDDCDCCDDDCDDABCCABCABDBACBDCAACABBCABACBCCAACACBCACCCBDBADDDBBCBCBBCCACACAACCBBABADBCBAABBBCCBB	['D10C', 'D20C', 'D35C', 'D36A', 'C37B', 'B48A', 'C54A', 'C62D', 'A63D', 'B64D', 'A71B', 'D77C', 'C82B', 'C90B', 'A93B']	15	-2.7521973	-7.163888	-7.6754007	-0.51151276
BCCDDDCDCDDDDCDDABCDABCABDBACBDCAADDABCABACBCCABCACBCCCCCBDBACDBBBCBCBCBCACACAACCCBABADBCCAAABBCCBB	['C37A', 'A63D', 'A71C', 'C72B', 'D77C']	5	-2.7538266	-7.63727	-8.150418	-0.5131483
BCCDDDCDCDDDDCCDABCDABCABDBACBDCAADDCBCABACBCCABCACBCCCCCBDBACACBBCBCBACCACADAACCCBABADBCCAAABBCCBB	['D15C', 'B64C']	2	-2.754004	-7.890809	-8.404133	-0.5133238
BCCDDDCDCDDBDCDDABCDABCABDBACBDCAACDABCACACBCCABCACBCCCCCBDBACABBBCBCBBDCACACAACCCBABADBCCAABBBCCBB	['D12B', 'D35C', 'C37A', 'B41C', 'A71B', 'C72D', 'D77C', 'A93B']	8	-2.7541714	-7.052108	-7.5655966	-0.51348877
BCCDDDCDCDDDDCDDABCDABCABDBACBDCAADDABCABACBCCABCACBCCCCCBDBACCCBBCBCBADCACADAACCCBABADBCCAAABBCCBB	['C37A', 'A63C', 'B64C', 'C72D']	4	-2.7544308	-10.009034	-10.522789	-0.51375484
BCCDDDCDCDDDDCDDABCDABCABDBACBDCAADDBBCABACBCCABCACBCCCCCBDBACDBBBCBCCACCACADAACCCBABADBCCADABBCCBB	['C37B', 'A63D', 'B70C', 'A92D']	4	-2.75492	-7.8097687	-8.324005	-0.51423645
BCCDDDCDCDDBDCDDABBDABCABDBACBDCAADDABCACACBCCABCACBCCCCCBDBACACBBCBCBADCACADAACCCBABADBCCAAABBCCBB	['D12B', 'C19B', 'C37A', 'B41C', 'B64C', 'C72D']	6	-2.7569199	-8.622292	-9.138532	-0.5162401
BCCDDDCDCCDDBDDDABBDABCABDBACBDCAACDABCABACBCCABCACBCCCCDBDBACDBBBCBCBACCACACAACCCBABADBCCAAABBCCBB	['D10C', 'D13B', 'C14D', 'C19B', 'D35C', 'C37A', 'C57D', 'A63D', 'D77C']	9	-2.7579641	-5.5761147	-6.0933905	-0.5172758
BCCDDDCDCDDDDCDDABCDABCABDBACBDCAACDCBCABACBCCABCACBCCCCCBDBACDBBBCBCBAACACADAACCBBABADBCCAAABBCCBB	['D35C', 'A63D', 'C72A', 'C82B']	4	-2.7591033	-9.747724	-10.266139	-0.51841545
BCCDDDCDCDDDDCDDABCDABCABDBACBDCAADDCBCABACBCCABCACBCCCCCBDBCDDBBBCBCBACCACACAACCCBABADBCCAABBBCCBB	['A61C', 'C62D', 'A63D', 'D77C', 'A93B']	5	-2.7592902	-7.1820717	-7.7006807	-0.51860905
BCCDDDCDCDDDDCCDABBDABCABDBACBDCAADDCBCABACBCCABCACBCCCCCBDAACACBBCBCBACCBCADAACCCBABADBCCAAABBCCBB	['D15C', 'C19B', 'B60A', 'B64C', 'A74B']	5	-2.7616944	-7.630192	-8.151211	-0.521019
BCCDDDCDCCDDDCCDABCDABCABDBACBDCAACABBCACACBCCABCACBCCCCDBDBBCABBBCBCBACCACADAACCCBABADBCCAABBBCCBB	['D10C', 'D15C', 'D35C', 'D36A', 'C37B', 'B41C', 'C57D', 'A61B', 'A93B']	9	-2.7618341	-4.12846	-4.6496077	-0.5211477
BCCDDDCDCDDDDDDDABCDABCABDBACBDCAADDCBCABACBCCABCACBCCCCCBDBACDBBBCBCBACCACADAACCCBABADBCCAABBBCCBB	['C14D', 'A63D', 'A93B']	3	-2.7620916	-8.193369	-8.714779	-0.52141
BCCDDDCDCCDDDDDDABCDABCABDBACBDCAADDCBCACACBCCABCACBCCCCCBDBADDDBBCBCBACCACADAACCCBABADBCCAAABBCCBB	['D10C', 'C14D', 'B41C', 'C62D', 'A63D', 'B64D']	6	-2.7654862	-7.861177	-8.385978	-0.5248008
BCCDDDCDCDDDDDDDABCDABCABDBACBDCAADDCBCABACBCCABCACBCCCCCBDBACACBBCBCBACCACADAACCCBABADBCCAAABBCCBB	['C14D', 'B64C']	2	-2.7659364	-8.800653	-9.325908	-0.52525425
BCCDDDCDCDDABCDDABCCABCABDBACBDCAACABBCABACBCCABCACBCCCCDCDBADDBBBCBCBBCBACADAACCCBBBADBCBAAABBCCBA	['D12A', 'D13B', 'D20C', 'D35C', 'D36A', 'C37B', 'C57D', 'B58C', 'C62D', 'A63D', 'A71B', 'C73B', 'A84B', 'C90B', 'B99A']	15	-2.7664948	-8.90645	-9.432259	-0.52580833
BCCDDDCDCDDBBCDDABBDABCABDBACBDCAACDCBCABACBCCABCACBCCCCCBDBACACDBCBCBADCACADAACCCBABADBCCAAABBCCBB	['D12B', 'D13B', 'C19B', 'D35C', 'B64C', 'B65D', 'C72D']	7	-2.7674828	-8.552961	-9.0797615	-0.52680016
BCCDDDCDCCDDDCDDABCDBBCABDBACBDCAACDABCABACBCCABCACBCCCCCBDBADBBBBCBCBACCACADAACCCBABADBCCAABBBCCBB	['D10C', 'A21B', 'D35C', 'C37A', 'C62D', 'A63B', 'A93B']	7	-2.767826	-7.520364	-8.04751	-0.52714634
BCCDDDCDCDDDDCDDABCDABCABDBACBDCAADDBBCABACBCCABCACBCCCCCBDBACDBBBABCBACCDCACAACCCBABADBCCAAABBCCBB	['C37B', 'A63D', 'C67A', 'A74D', 'D77C']	5	-2.768025	-7.351074	-7.878416	-0.52734184
BCCDDDCDCDDDDCDDABCDABCABDBACBDCAADDABCACACBCCABCACBCCCCCBDBACDCBBCBCBACCACADAACCCBABADBCCAAABBCCBB	['C37A', 'B41C', 'A63D', 'B64C']	4	-2.7681708	-9.733536	-10.261024	-0.5274887
BCCDDDCDCDDDDCDDABCAABCABDBACBDCAADACBCABABBCCABCACBCCCCDBDBACDBBBCBCBBCCACADAACCCBABADBCBAAABBCCBB	['D20A', 'D36A', 'C43B', 'C57D', 'A63D', 'A71B', 'C90B']	7	-2.768261	-7.995736	-8.523317	-0.5275812
AAADDDCDCDDDDCCDABCDABCABDBACBDCAADDABCABACBCCABCACBCCCCCBDBACACBBCBBCACCACACAACCCBABADBCCAAABBCCBB	['B1A', 'C2A', 'C3A', 'D15C', 'C37A', 'B64C', 'C69B', 'B70C', 'D77C']	9	-2.768413	-8.341367	-8.869099	-0.5277319
BCCDDDADCADDDCCDABCDABCABDBACBDCAACDCBCABACBCCABCACBCCCCCBDBACDBBBCBCBACCCCADAACCCBABADBCCAABBBCCBB	['C7A', 'D10A', 'D15C', 'D35C', 'A63D', 'A74C', 'A93B']	7	-2.768447	-7.6602416	-8.188005	-0.52776384
BCCDDDCDCCDDDCDDABCCABCABDBACBDCAACABBCABADBCCAACACBCDCCCBDBACDBBBCBCBDCCACADAACCBBABADBCBAABBBCCBB	['D10C', 'D20C', 'D35C', 'D36A', 'C37B', 'C43D', 'B48A', 'C54D', 'A63D', 'A71D', 'C82B', 'C90B', 'A93B']	13	-2.7690535	-7.509266	-8.037634	-0.528368
BCCDDDCDCCDDDCDDABCDABCABDBACDDCAACABBCABACBCCABCACBCCCCDBDBACDBBBCBCBBCCACADAACCCBABADBCCAABBBCCBB	['D10C', 'B30D', 'D35C', 'D36A', 'C37B', 'C57D', 'A63D', 'A71B', 'A93B']	9	-2.769846	-5.103263	-5.6324205	-0.52915764
BCCDDDCDCDDDDCDDABCCABCABDBACBDCAADCBBCABACBCCABCACBCCCCCBDBACACBBCBCBACCACADAACCBBABADBCCAAABBCCBB	['D20C', 'D36C', 'C37B', 'B64C', 'C82B']	5	-2.7702103	-8.887919	-9.417444	-0.5295248
AAADDDCDCDDDDCDDABCDABCABDBACBDCAADDCBCABACBCCABCACBCCCCCBDBADDBBBCBCBACCACADAACCCBABADBCCAABBBCCBB	['B1A', 'C2A', 'C3A', 'C62D', 'A63D', 'A93B']	6	-2.773508	-9.950896	-10.483732	-0.53283596
BCCDDDCDCDDDDCDDABCDABCABDBACBDCAADDCBCABACBCCABCACBCCCCCBDBACCCBBCBCBACCACADAACCCBABADBCCAAABBCCBB	['A63C', 'B64C']	2	-2.7755122	-9.982243	-10.517075	-0.534832
BCCDDDCDCDDDBDDDABCDABCABDBACBDCAACDCBCACACBCCABCACBCCCCCBDBACDBBBCBCBBACACADAACCCBABADBCCAABBBCCBB	['D13B', 'C14D', 'D35C', 'B41C', 'A63D', 'A71B', 'C72A', 'A93B']	8	-2.7756243	-7.5002065	-8.035147	-0.53494024
BCCDDDCDCDDDDCDDABCDABCABDBACBDCAACDBBCABACBCCABCACBCDCCCBDBACDBBBCBCBACCACADAACCBBABADBCCAAABBCCBB	['D35C', 'C37B', 'C54D', 'A63D', 'C82B']	5	-2.776495	-10.192636	-10.728445	-0.5358095
BCCDDDCDCDDBDCDCADBDABCABDBACBDCAACDCBCABACBCCABCACBCCCCCBDBACACBBCBCBACCACACAACCCBABADBCCAAABBCCBB	['D12B', 'D16C', 'B18D', 'C19B', 'D35C', 'B64C', 'D77C']	7	-2.777999	-6.747657	-7.284974	-0.5373173
BCCDDDCDCDDDDCDDABADABCABDBACBDCAADDCBCABACBCCABCACBCCCCCBDBADDBBBCBCBACCACACAACCCBABADBCCAAABBCCBB	['C19A', 'C62D', 'A63D', 'D77C']	4	-2.7780209	-7.6595726	-8.196918	-0.53734493
BCCDDDCDCDDDDDDDABBDABCABDBACBDCAADDCBCACACBCCABCACBCCCCCBDBACACBBCBCCACCACACAACCCBABADBCCAAABBCCBB	['C14D', 'C19B', 'B41C', 'B64C', 'B70C', 'D77C']	6	-2.7782426	-6.483255	-7.0208187	-0.5375638
BCCDDDCDCDDDDCDDABBCABCABDBACBDCAADDBBCABACBCCABCACBCCCCCBDBACDBBBCBCBACCACADAACCCBABADBCCAABBBCCBB	['C19B', 'D20C', 'C37B', 'A63D', 'A93B']	5	-2.778658	-6.405116	-6.9430904	-0.53797436
BCCDDDCDCDDDDCDDABCDABCABDBACBDCAADDABCACACBCCABCACBCCCCCBDBADBBBBCBCBBCCACACAACCCBABADBCCAABBBCCBB	['C37A', 'B41C', 'C62D', 'A63B', 'A71B', 'D77C', 'A93B']	7	-2.7789245	-7.184948	-7.723195	-0.5382471
BCCDDDCDCDDBDCCBABBCABCABDBACBDCADDACBCABACBCCABCACBCCCCCBDCACCBBBCBCBACCACADAACCABBBADBCCAAABBCCBB	['D12B', 'D15C', 'D16B', 'C19B', 'D20C', 'A34D', 'D36A', 'B60C', 'A63C', 'C82A', 'A84B']	11	-2.7795863	-7.7286196	-8.26752	-0.5389004
BCCDDDCDCCDDBCDDABCDABCABDBACBDCAADACBCABACBCCABCACBCCCCCBDBACDBBBCBCBACCACADAACCCBABADBCCAAABBCCBB	['D10C', 'D13B', 'D36A', 'A63D']	4	-2.7795978	-6.7197733	-7.258686	-0.5389128
BCCDDDCDCDDDBCDDABCDABCABDBACBDCAADDCBCABACBCCABCACBCCCCCBDBACDBBBCBBBACCBCACAACCCBABADBCCAAABBCCBB	['D13B', 'A63D', 'C69B', 'A74B', 'D77C']	5	-2.779913	-7.7390738	-8.278301	-0.5392275
BCCDDDCDCDDDDCDDABCDABCABDBACBDCAACACBCABACBCCABCACBCDCCCBDBADDBBBCBCBADCACADAACCBBABADBCCAABBBCCBB	['D35C', 'D36A', 'C54D', 'C62D', 'A63D', 'C72D', 'C82B', 'A93B']	8	-2.7806888	-10.07095	-10.610956	-0.54000664
BCCDDDCDCDDDDCDDABCDABCABDBACBDCAACACBCABACBCCABCACBCDCCCBDBADDBBBCBCBADCACADAACCBBABADBCCAABBBCCBB	['D35C', 'D36A', 'C54D', 'C62D', 'A63D', 'C72D', 'C82B', 'A93B']	8	-2.7806888	-10.07095	-10.610956	-0.54000664
BCCDDDCDCDDDDCDDABCDABCABDBACBDCAACACBCABACBCCABCACBCDCCCBDBADDBBBCBCBADCACADAACCBBABADBCCAABBBCCBB	['D35C', 'D36A', 'C54D', 'C62D', 'A63D', 'C72D', 'C82B', 'A93B']	8	-2.7806888	-10.07095	-10.610956	-0.54000664
BCCDDDCDCDDDDCCDABCDABCABDBACBDCAACDABCABACBCCABCACBBDCCCBDBACDBBBCBCBBCCACADAACCBBABADBCCAAABBCCBB	['D15C', 'D35C', 'C37A', 'C53B', 'C54D', 'A63D', 'A71B', 'C82B']	8	-2.7822442	-9.862306	-10.403868	-0.5415621
BCCDDDCDCDDDDCDDABCDABCABDBACBDCAADDCBCABACBCCABCACBCCCCCBDBADDBBBCBCBBCCACADAACCCBABADBCBAAABBCCBB	['C62D', 'A63D', 'A71B', 'C90B']	4	-2.783472	-8.121584	-8.664375	-0.54279137
BCCDDDCDCDDABDDDABCDABCABDBACBDCAADABBCABACBCCABCACBCCDCDBDBACDBBBCBCBACCACADAACCCBABADBCCAAABBCCBB	['D12A', 'D13B', 'C14D', 'D36A', 'C37B', 'C55D', 'C57D', 'A63D']	8	-2.7835555	-7.848047	-8.390918	-0.542871
BCCDDDCDCDDDDCDDABCDABCABDBACDDCAADDCBCABACBCCABCACBCCCCCBDBACDDBBCBCBACCACACAACCCBABADBCCAABBBCCBB	['B30D', 'A63D', 'B64D', 'D77C', 'A93B']	5	-2.7852435	-6.2463403	-6.7908955	-0.5445552
BCCDDDCDCDDCDDDDABCDABCABDBACBDCAACDBBCABACBCCABCACBCCCCCBDBACDBBBCBCBCCCACADAACCCBABADBCCAABBBCCBB	['D12C', 'C14D', 'D35C', 'C37B', 'A63D', 'A71C', 'A93B']	7	-2.7853265	-7.957053	-8.5016985	-0.5446453
BCCDDDCDCCDDDCCDABCDABCABDBACBDCAADDBBCABABBCCABCACBCCCCCBDBACDBDBCBCBACCACADAACCCBABADBCCAAABBCCBB	['D10C', 'D15C', 'C37B', 'C43B', 'A63D', 'B65D']	6	-2.7857842	-6.4740176	-7.0191193	-0.54510164
BCCDDDCDCDDDDCCDABCDABCABDBACBDCAADDCBCACACBCCABCACBCCCCCBDBACDBBBCBCBACCACADAACCCBABADBCCAABBBCCBB	['D15C', 'B41C', 'A63D', 'A93B']	4	-2.7858067	-7.402112	-7.947237	-0.545125
BCCDDDCDCDDDDCCDABCDABCABDBACBDCAADDCBCACACBCCABCACBCCCCCBDBACDBBBCBCBACCACADAACCCBABADBCCAABBBCCBB	['D15C', 'B41C', 'A63D', 'A93B']	4	-2.7858067	-7.402112	-7.947237	-0.545125
BCCDDDCDCDDDDCCDABCDABCABDBACBDCAADDCBCACACBCCABCACBCCCCCBDBACDBBBCBCBACCACADAACCCBABADBCCAABBBCCBB	['D15C', 'B41C', 'A63D', 'A93B']	4	-2.7858067	-7.402112	-7.947237	-0.545125
BCCDDDCDCDDDDCCDABCDABCABDBACBDCAADDCBCACACBCCABCACBCCCCCBDBACDBBBCBCBACCACADAACCCBABADBCCAABBBCCBB	['D15C', 'B41C', 'A63D', 'A93B']	4	-2.7858067	-7.402112	-7.947237	-0.545125
BCCDDDCDCDDBDCDDABADABCABDBACBDCAADDCBCABACBCCABCACBCCCCCBDBACDBBBCBCBACCACADAACCCBABADBCCAAABBCCBB	['D12B', 'C19A', 'A63D']	3	-2.7866445	-9.156926	-9.702895	-0.545969
BCCDDDCDCDDDDCDDABCDABCABDBACBDCAADDBBCABACBCCABCACBCCCCDBDBACDBBBCBCBACCACADAACCCBABADBCCAABBBCCBB	['C37B', 'C57D', 'A63D', 'A93B']	4	-2.7878819	-7.8681927	-8.415392	-0.54719925
AAADDDCDCCDDDCDDABBDABCABDBACDDCAADDCBCACACBCCABCACBCCCCCBDBACDBDBCBCCACCACADAACCCBABADBCCAAABBCCBA	['B1A', 'C2A', 'C3A', 'D10C', 'C19B', 'B30D', 'B41C', 'A63D', 'B65D', 'B70C', 'B99A']	11	-2.7900429	-6.8880024	-7.4373617	-0.5493593
BCCDDDCDCDDBDCDDABADABCABDBACBDCAADDCBCABACBCCABCACBCCCCCBDBACBBBBCBCBACCACADAACCCBABADBCCAAABBCCBB	['D12B', 'C19A', 'A63B']	3	-2.7904563	-9.354163	-9.903938	-0.5497751
BCCDDDCDCADDBCDDABCDABCABDBACBDCDADDCBCABACBBCABCACBCCCCCBDBACCCBBCBCBACCACADAACCCBABADBCCAAABBCCBB	['D10A', 'D13B', 'A33D', 'C45B', 'A63C', 'B64C']	6	-2.7911305	-6.821913	-7.3723583	-0.55044556
BCCDDDCDCDDDDCDDABCDABCABDBACBDCAADDCBCABACBCCABCACBCCCCCBDBADABBBCBCBACCACACAACCCBABADBCCAABBBCCBB	['C62D', 'D77C', 'A93B']	3	-2.791287	-6.3922987	-6.9429045	-0.5506058
BCCDDDCDCDDDDCDDABCDABCABDBACBDCAADDBBCABACBCCABCACBCCCCCBDBACDBBBCBCBCBCACADAACCCBABADBCCAAABBCCBB	['C37B', 'A63D', 'A71C', 'C72B']	4	-2.791442	-8.130968	-8.681728	-0.55076027
BCCDDDCDCDDDDCDDABCDABCABDBACBDCAADDBBCABACBCCABCACBCCCCCBDBACDBBBCBCBCBCACADAACCCBABADBCCAAABBCCBB	['C37B', 'A63D', 'A71C', 'C72B']	4	-2.791442	-8.130968	-8.681728	-0.55076027
BCCDDDCDCDDDDCDDABCDABCABDBACBDCDADDABCACACBCCABCACBCCCCCBDBACACBBCBCBACCACADAACCCBABADBCCAABBBCCBB	['A33D', 'C37A', 'B41C', 'B64C', 'A93B']	5	-2.7920275	-7.664996	-8.216345	-0.5513487
BCCDDDCDCDDDDCDDABCDABCABDBACBDCDADDABCACACBCCABCACBCCCCCBDBACACBBCBCBACCACADAACCCBABADBCCAABBBCCBB	['A33D', 'C37A', 'B41C', 'B64C', 'A93B']	5	-2.7920275	-7.664996	-8.216345	-0.5513487
BCCDDDCDCDDDDCDDABCDABCABDBACBDCDADDABCACACBCCABCACBCCCCCBDBACACBBCBCBACCACADAACCCBABADBCCAABBBCCBB	['A33D', 'C37A', 'B41C', 'B64C', 'A93B']	5	-2.7920275	-7.664996	-8.216345	-0.5513487
BCCDDDCDCDDDDCDDABCDABCABDBACBDCAADDCBCACACBCCABCACBCCCCCBDCACDBBBCBCBACCACACAACCCBABADBCCAABBBCCBB	['B41C', 'B60C', 'A63D', 'D77C', 'A93B']	5	-2.7922692	-7.993344	-8.544934	-0.55159044
BCCDDDCDCDDDDCDDABCDABCABDBACBDCAADDCBCACACBCCABCACBCCCCCBDCACDBBBCBCBACCACACAACCCBABADBCCAABBBCCBB	['B41C', 'B60C', 'A63D', 'D77C', 'A93B']	5	-2.7922692	-7.993344	-8.544934	-0.55159044
BCCDDDCDCDDDDCDDABCDABCABDBACBDCAADDCBCACACBCCABCACBCCCCCBDCACDBBBCBCBACCACACAACCCBABADBCCAABBBCCBB	['B41C', 'B60C', 'A63D', 'D77C', 'A93B']	5	-2.7922692	-7.993344	-8.544934	-0.55159044
BCCDDDCDCDDDDCDDABCDABCABDBACBDCAADDCBCACACBCCABCACBCCCCCBDCACDBBBCBCBACCACACAACCCBABADBCCAABBBCCBB	['B41C', 'B60C', 'A63D', 'D77C', 'A93B']	5	-2.7922692	-7.993344	-8.544934	-0.55159044
BCCDDDCDCDDDDCDDABCDABCABDBACBDCAADDCBCACACBCCABCACBCCCCCBDCACDBBBCBCBACCACACAACCCBABADBCCAABBBCCBB	['B41C', 'B60C', 'A63D', 'D77C', 'A93B']	5	-2.7922692	-7.993344	-8.544934	-0.55159044
BCCDDDCDCCDDDCDDABCDABCAADBACBDCAACDBBCABACBCCABCACBCCCCCBDBACDBBBCBBBADCACADAACCCBABADBCCAAABBCCBB	['D10C', 'B25A', 'D35C', 'C37B', 'A63D', 'C69B', 'C72D']	7	-2.7934294	-7.6065865	-8.159334	-0.5527477
BCCDDDCDCADDBCCDABCDABCABDBACBDCAADACBCACACBCCABCACBCCCCCBDBADDBBBCBCBACCACADAACCCBABADBCCAAABBCCBB	['D10A', 'D13B', 'D15C', 'D36A', 'B41C', 'C62D', 'A63D']	7	-2.7935262	-6.484425	-7.037264	-0.5528388
BCCDDDCDCCDDDCDDABCCABCABDBACBDCAACAABCAAACBCCABCACBCDCCCBDCADDBBBCBCBBACACADAACCBBABADBCBAAABBCCBB	['D10C', 'D20C', 'D35C', 'D36A', 'C37A', 'B41A', 'C54D', 'B60C', 'C62D', 'A63D', 'A71B', 'C72A', 'C82B', 'C90B']	14	-2.7958736	-8.732929	-9.288116	-0.5551872
BCCDDDCDCDDDDCDDABCDABCABDBACBDCAACDBBCABACBCCABCACBCCCCCBDBACABBBCBCBCCCACACAACCCBABADBCCAABBBCCBB	['D35C', 'C37B', 'A71C', 'D77C', 'A93B']	5	-2.7965755	-5.8527403	-6.4086266	-0.55588627
BCCDDDCDCDDDDDDDABCDABCABDBACBDCAADDCBCACACBCCABCACBCCCCCBDBACDBBBCBCBACCACADAACCCBABADBCCAABBBCCBB	['C14D', 'B41C', 'A63D', 'A93B']	4	-2.7977371	-8.311957	-8.869013	-0.5570555
AAADDDCDCADDDCCDABCDABCABDBACBDCAACACBCACACBCCABCACBCCCCDBDBDCDBBBCBCBACCACADAACCCBABADBCCAABBBCCBB	['B1A', 'C2A', 'C3A', 'D10A', 'D15C', 'D35C', 'D36A', 'B41C', 'C57D', 'A61D', 'A63D', 'A93B']	12	-2.7985992	-8.777344	-9.33526	-0.55791664
BCCDDDCDCDDDBCDDABCDABCABDBACBDCAADDABCABACBCCABCACBCCCCDBDBACDBBBCBCBACCACADAACCDBABADBCCAAABBCCBB	['D13B', 'C37A', 'C57D', 'A63D', 'C82D']	5	-2.798862	-8.985294	-9.543474	-0.55817986
BCCDDDCDCADDBCDCABCDABCABDBACDDCAADDABCABACBCCABCACBCCCCCBDBACCBBBCBCBBCCACACAACCCBABADBCCAAABBCCBB	['D10A', 'D13B', 'D16C', 'B30D', 'C37A', 'A63C', 'A71B', 'D77C']	8	-2.7994518	-5.4830875	-6.041851	-0.5587635
BCCDDDCDCDDDDCDDABCDABCABDBACBDCAADDCBCABACBCCABCACBCCCCDBDBACDBBBCBCBACCACADAACCCBABADBCCAABBBCCBB	['C57D', 'A63D', 'A93B']	3	-2.8023014	-8.373575	-8.935199	-0.5616236
BCCDDDCDCDDDDCDDABCDABCABDBACBDCAADDCBCABACBCCABCACBCCCCDBDBACDBBBCBCBACCACADAACCCBABADBCCAABBBCCBB	['C57D', 'A63D', 'A93B']	3	-2.8023014	-8.373575	-8.935199	-0.5616236
BCCDDDCDCDDDDCDDABCDABCABDBACBDCAADDCBCABACBCCABCACBCCCCDBDBACDBBBCBCBACCACADAACCCBABADBCCAABBBCCBB	['C57D', 'A63D', 'A93B']	3	-2.8023014	-8.373575	-8.935199	-0.5616236
BCCDDDCDCDDDBCDDABCDABCABDBACBDCAADDABCACACBCCABCACBCCCCCBDBACDBBBCBCBCCCACADAACCCBABADBCBAAABBCCBB	['D13B', 'C37A', 'B41C', 'A63D', 'A71C', 'C90B']	6	-2.8023524	-7.7022185	-8.263886	-0.5616679
BCCDDDCDCDDDDCDDABCDABCABDBACBDCAADDABCACACBCCABCACBCCCCCBDBACDBBBCBCCACCACACAACCCBABADBCCAABBBCCBB	['C37A', 'B41C', 'A63D', 'B70C', 'D77C', 'A93B']	6	-2.8023872	-6.710289	-7.2719936	-0.56170464
BCCDDDCDCDDDDCDDABCDABCABDBACDDCAADDABCABACBCCABCACBCCCCCBDBACDBBBCBCBACCACACAACCCBABADBCCAABBBCCBB	['B30D', 'C37A', 'A63D', 'D77C', 'A93B']	5	-2.8029437	-5.857152	-6.4194098	-0.56225777
BCCDDDCDCDDDDCDDABBDABCABDBACBDCAACDABCABACBCCABCACBCCCCCBDBACDBBBCBCBADCACACAACCCBABADBCCAABBBCCBB	['C19B', 'D35C', 'C37A', 'A63D', 'C72D', 'D77C', 'A93B']	7	-2.8037863	-6.7625885	-7.325694	-0.5631056
BCCDDDCDCDDDDCDDADCDABCABDBACBDCAACACBCABACBCCABCACBCCCCCBDBACDCBBCBCBACCACADAACCCBABADBCCAAABBCCBB	['B18D', 'D35C', 'D36A', 'A63D', 'B64C']	5	-2.804852	-8.433162	-8.997331	-0.56416893
BCCDDDCDCDDCDDDDABCDABCABDBACBDCAADDCBCACACBCCABCACBCCCCCBDBACCDBBCBCBACCACACAACCCBABADBCCAABBBCCBB	['D12C', 'C14D', 'B41C', 'A63C', 'B64D', 'D77C', 'A93B']	7	-2.8057847	-8.4086485	-8.973753	-0.5651045
BCCDDDCDCDDDDCDDABCDABCABDBACBDCAADDCBCABACBCCABCACBCCCCCBDBACDBBBCBCBCBCACADAACCCBABADBCCAAABBCCBB	['A63D', 'A71C', 'C72B']	3	-2.8058624	-8.636352	-9.201532	-0.5651808
BCCDDDCDCDDBDCCDABCDABCABDBACBDCAADDCBCACACBCCABCACBCCCCCBDBACCCBBCBCBACCACADAACCCBABADBCCAAABBCCBB	['D12B', 'D15C', 'B41C', 'A63C', 'B64C']	5	-2.806953	-9.627076	-10.193351	-0.56627464
BCCDDDCDCDDDDDDDABBDABCABDBACBDCAADDBBCABACBCCABCACBCCCCCBDBACBBBBCBCBCDCACACAACCCBABADBCCAAABBCCBB	['C14D', 'C19B', 'C37B', 'A63B', 'A71C', 'C72D', 'D77C']	7	-2.8079977	-6.112741	-6.6800575	-0.56731653
BCCDDDCDCDDDDCDDABCDABCABDBACBDCAACDCBCABACBCCABCACBCCCCCBDCADDCBBCBCBACCACADAACCCBABADBCCAABBBCCBB	['D35C', 'B60C', 'C62D', 'A63D', 'B64C', 'A93B']	6	-2.8081293	-10.151087	-10.718536	-0.56744957
BCCDDDCDCADDDCDDABCDABCABDBACBDCAADDABCACACBCCAACACBCCCCCBDAACDBBBCBCBACCCCACAACCBBABADBCCAAABBCCBB	['D10A', 'C37A', 'B41C', 'B48A', 'B60A', 'A63D', 'A74C', 'D77C', 'C82B']	9	-2.8082004	-9.508789	-10.076309	-0.56752014
BCCDDDCDCDDBDCDDABCDABCABDBACBDCAADDCBCABACBCCABCACBCCCCCBDBACDBBBCBCBACBACADAACCCBABADBCCAAABBCCBB	['D12B', 'A63D', 'C73B']	3	-2.808518	-10.34283	-10.91067	-0.5678406
BCCDDDCDCDDDDCDDABCDABCABDBACBDCAADDCBCABACBCCAACACBCDCCCBDBACDBBBCBCBBCCACADAACCBBABADBCBAABBBCCBB	['B48A', 'C54D', 'A63D', 'A71B', 'C82B', 'C90B', 'A93B']	7	-2.8104715	-9.905735	-10.475527	-0.5697918
BCCDDDCDCDDDDCDDABCDABCABDBACBDCAACDCBCABACBCCABCACBCCCCCBDBACDCBBCBCBACCACADAACCCBABADBCCAAABBCCBB	['D35C', 'A63D', 'B64C']	3	-2.810656	-9.942429	-10.512403	-0.56997395
BCCDDDCDCDDDDCDDABCDABCABDBACBDCAACDCBCABACBCCABCACBCCCCCBDBACDCBBCBCBACCACADAACCCBABADBCCAAABBCCBB	['D35C', 'A63D', 'B64C']	3	-2.810656	-9.942429	-10.512403	-0.56997395
BCCDDDCDCDDDDCDDABCDABCABDBACBDCAACDCBCABACBCCABCACBCCCCCBDBACDCBBCBCBACCACADAACCCBABADBCCAAABBCCBB	['D35C', 'A63D', 'B64C']	3	-2.810656	-9.942429	-10.512403	-0.56997395
BCCDDDCDCDDDDCDDABCDABCABDBACBDCAACDCBCABACBCCABCACBCCCCCBDBACDCBBCBCBACCACADAACCCBABADBCCAAABBCCBB	['D35C', 'A63D', 'B64C']	3	-2.810656	-9.942429	-10.512403	-0.56997395
BCCDDDCDCDDDDCDDABCDABCABDBACBDCAADDBBCABABBCCABCACBCCCCCBDBADBBBBCBCBCCCBCACAACCCBABADBCCAABBBCCBB	['C37B', 'C43B', 'C62D', 'A63B', 'A71C', 'A74B', 'D77C', 'A93B']	8	-2.811101	-7.0546455	-7.6250706	-0.57042503
BCCDDDCDCDDDDCDDABCCABCABDBACDDCAADDCBCABACBCCABCACBCCCCDBDBADDBBBCBCBCCCACACAACCCBABADBCCAABBBCCBB	['D20C', 'B30D', 'C57D', 'C62D', 'A63D', 'A71C', 'D77C', 'A93B']	8	-2.8133287	-5.080579	-5.6532183	-0.57263947
BCCDDDCDCDDDBCCDABBDABCABDBACBDCAADDCBCABACBCCABCACBCCCCCBDBACACBBCBCBACCACADAACCCBABADBCCAAABBCCBB	['D13B', 'D15C', 'C19B', 'B64C']	4	-2.813932	-6.591076	-7.1643267	-0.5732508
BCCDDDCDCDDDDCDDABCDABCABDBACBDCAADDCBCACAABCCABCACBCCCCCBDCACDBBBCBCBACCACACAAACCBABADBCCAABBBCCBB	['B41C', 'C43A', 'B60C', 'A63D', 'D77C', 'C80A', 'A93B']	7	-2.8145804	-8.222146	-8.796048	-0.57390213
BCCDDDCDCDDDDCDDABCDABCABDBACBDCAADDCBCABACBCCABCACBCCCCCBDBACABBBCBCBACCACADAACCBBABADBCCAAABBCCBB	['C82B']	1	-2.8161445	-8.96844	-9.543899	-0.5754585
BCCDDDCDCDDDDCDDABCDABCABDBACBDCAADDCBCABACBCCABCACBCCCCCBDBACABBBCBCBACCACADAACCBBABADBCCAAABBCCBB	['C82B']	1	-2.8161445	-8.96844	-9.543899	-0.5754585
BCCDDDCDCDDBBCDDABCDABCABDBACBDCAADDABCABACBCCABCACBCCCCCBDBACDBBBCBCBADCACACAACCCBABADBCCAAABBCCBB	['D12B', 'D13B', 'C37A', 'A63D', 'C72D', 'D77C']	6	-2.8168635	-7.6275215	-8.203702	-0.57618046
BCCDDDCDCDDDDCDDABCDABCABDBACBDCAADDCBCABADBCCABCACBCBCCCBDBACDBBBCBCBCCCACADAACCCBABADBCBAAABBCCBB	['C43D', 'C54B', 'A63D', 'A71C', 'C90B']	5	-2.8185458	-9.133345	-9.711208	-0.5778637
BCCDDDCDCDDBDCDDABBDABCABDBACBDCAADDCBCABACBCCABCACBCCCCCBDBACCCBBCBCBACCACADAACCCBABADBCCAAABBCCBB	['D12B', 'C19B', 'A63C', 'B64C']	4	-2.81992	-9.632359	-10.211601	-0.5792427
BCCDDDCDCDDBDCDDABBDABCABDBACBDCAADDCBCABACBCCABCACBCCCCCBDBACCCBBCBCBACCACADAACCCBABADBCCAAABBCCBB	['D12B', 'C19B', 'A63C', 'B64C']	4	-2.81992	-9.632359	-10.211601	-0.5792427
BCCDDDCDCDDBDCDDABBDABCABDBACBDCAADDCBCABACBCCABCACBCCCCCBDBACCCBBCBCBACCACADAACCCBABADBCCAAABBCCBB	['D12B', 'C19B', 'A63C', 'B64C']	4	-2.81992	-9.632359	-10.211601	-0.5792427
BCCDDDCDCDADBCCDABCCABCABDBACBDCAACABBCABACBCCABCACBBDCCCBDBADDBBBCBCBBCCACACAACCCBABADBCBADABBCCBB	['D11A', 'D13B', 'D15C', 'D20C', 'D35C', 'D36A', 'C37B', 'C53B', 'C54D', 'C62D', 'A63D', 'A71B', 'D77C', 'C90B', 'A92D']	15	-2.8228188	-5.6747537	-6.2568836	-0.58212996
BCCDDDCDCDDDDDDDABCDABCABDBACBDCAACDCBCACACBCCABCACBCCCCCBDBACDBBBCBCBACCACACAACCCBABADBCCAABBBCCBB	['C14D', 'D35C', 'B41C', 'A63D', 'D77C', 'A93B']	6	-2.823832	-7.6403604	-8.223507	-0.5831466
AAADDDCDCDDDDCDDABADABCABDBACBDCCADACBCABACBCCABCACBCCCCCBDBADDBBBCBCCCACACADAACCCBABADBCBAAABBCCBB	['B1A', 'C2A', 'C3A', 'C19A', 'A33C', 'D36A', 'C62D', 'A63D', 'B70C', 'A71C', 'C72A', 'C90B']	12	-2.8238506	-8.570225	-9.153396	-0.5831709
BCCDDDCDCDDCDCDDABBDABCABDBACBDCAADDABCABACBCCABCACBCCCCCBDBACCBBBCBCBACCACACAACCCBABADBCCAABBBCCBB	['D12C', 'C19B', 'C37A', 'A63C', 'D77C', 'A93B']	6	-2.8245168	-7.1148977	-7.698742	-0.5838442
BCCDDDCDCDDDDCDDABCDABCABDBACBDCAADDABCABACBCCABCACBCCCCCBDBADDBBBCBCBACCACACAACCCBABADBCCAABBBCCBB	['C37A', 'C62D', 'A63D', 'D77C', 'A93B']	5	-2.8258643	-7.1804495	-7.7656336	-0.5851841
BCCDDDCDCDDDDCDDABCDABCABDBACBDCAADDABCABACBCCABCACBCCCCCBDBADDBBBCBCBACCACACAACCCBABADBCCAABBBCCBB	['C37A', 'C62D', 'A63D', 'D77C', 'A93B']	5	-2.8258643	-7.1804495	-7.7656336	-0.5851841
BCCDDDCDCDDDDCDDABCDABCABDBACBDCAADDABCABACBCCABCACBCCCCCBDBADDBBBCBCBACCACACAACCCBABADBCCAABBBCCBB	['C37A', 'C62D', 'A63D', 'D77C', 'A93B']	5	-2.8258643	-7.1804495	-7.7656336	-0.5851841
BCCDDDCDCDDDDCDDABCDABCABDBACBDCAADDABCABACBCCABCACBCCCCCBDBADDBBBCBCBACCACACAACCCBABADBCCAABBBCCBB	['C37A', 'C62D', 'A63D', 'D77C', 'A93B']	5	-2.8258643	-7.1804495	-7.7656336	-0.5851841
BCCDDDCDCDDDDCDDABCDABCABDBACBDCAADDABCABACBCCABCACBCCCCCBDBADDBBBCBCBACCACACAACCCBABADBCCAABBBCCBB	['C37A', 'C62D', 'A63D', 'D77C', 'A93B']	5	-2.8258643	-7.1804495	-7.7656336	-0.5851841
BCCDDDCDCDDBDCDDABBDABCABDBACBDCAADDCBCABACBCCABCACBCCCCCBDBADABBBCBCBABCADACAACCCBABADBCCAABBBCCBB	['D12B', 'C19B', 'C62D', 'C72B', 'C75D', 'D77C', 'A93B']	7	-2.8278952	-6.2997417	-6.886957	-0.5872154
BCCDDDCDCDDDDCDDABCDABCABDBACDDCAACDCBCACACBCCABCACBCCCCCBDBACDBBBCBCBBCCACACAACCCBABADBCCAABBBCCBB	['B30D', 'D35C', 'B41C', 'A63D', 'A71B', 'D77C', 'A93B']	7	-2.8303218	-5.9918985	-6.5815306	-0.58963203
BCCDDDCDCDDDDCDDABCCABCABDBACBDCAADDBBCABACBCCABCACBCCCCCBDBACCBBBCBCBBCCACADAACCCBABADBCCAABBBCCBB	['D20C', 'C37B', 'A63C', 'A71B', 'A93B']	5	-2.8312244	-7.2692623	-7.859806	-0.59054375
BCCDDDCDCDDDDCDDABCCABCABDBACBDCAADDBBCABACBCCABCACBCCCCCBDBACCBBBCBCBBCCACADAACCCBABADBCCAABBBCCBB	['D20C', 'C37B', 'A63C', 'A71B', 'A93B']	5	-2.8312244	-7.2692623	-7.859806	-0.59054375
BCCDDDCDCCDDDCDDABCDABCABDBACBDCAACDCBAABACBCCABCACBCCCCCBDBADDBBBCBCBCCCACADAACCCBABADBCCAAABBCCBB	['D10C', 'D35C', 'C39A', 'C62D', 'A63D', 'A71C']	6	-2.8319607	-7.464191	-8.055462	-0.5912709
BCCDDDCDCCDDDCDCABCCABCABDBACBDCAADACBCABACBCCABCACBCCCCCBDBADCCDBABCBADCACADAACCCBABADBCCAAABBCCBB	['D10C', 'D16C', 'D20C', 'D36A', 'C62D', 'A63C', 'B64C', 'B65D', 'C67A', 'C72D']	10	-2.8319807	-8.599969	-9.191269	-0.5913
BCCDDDCDCCDDDDCDABCDABCABDBACBDCAADDABCABACBCCABCACBCCCCCBDBACABBBCBBBACCACADAACCCBABADBCCAAABBCCBB	['D10C', 'C14D', 'D15C', 'C37A', 'C69B']	5	-2.8320327	-5.9723015	-6.563653	-0.5913515
BCCDDDCDCDDBDCDDABDDABCABDBACBDCAACDCBCABACBCCABCACBCCCCCBDBACACBBCBCBACCACADAACCCBABADBCCAAABBCCBB	['D12B', 'C19D', 'D35C', 'B64C']	4	-2.8325238	-9.425037	-10.016883	-0.5918455
BCCDDDCDCDDDDCDDABCDABCABDBACBDCAACDABCABACBCCABCACBCCCCCBDBACDBBBCBCBBCCACACAACCCBABADBCCAABBBCCBB	['D35C', 'C37A', 'A63D', 'A71B', 'D77C', 'A93B']	6	-2.8344455	-7.232647	-7.826412	-0.59376526
BCCDDDCDCDDBDCDDABCDABCABDBACBDCAAADABCACACBCCABCACBCCCCCBDBACDBBBCBCBBCCACACAACCCBABADBCBAABBBCCBB	['D12B', 'D35A', 'C37A', 'B41C', 'A63D', 'A71B', 'D77C', 'C90B', 'A93B']	9	-2.8347712	-7.3039684	-7.898054	-0.5940857
BCCDDDCDCDDDDCDDABCDABCABDBACBDCAADDBBCABACBCCABCACBCCCCDBDCACCBBBCBCBBACACACAACCCBABADBCCAABBBCCBB	['C37B', 'C57D', 'B60C', 'A63C', 'A71B', 'C72A', 'D77C', 'A93B']	8	-2.8378854	-7.2391176	-7.8363276	-0.59720993
BCCDDDCDCDDBDCDDABCDABCABDBACBDCAADDABCABACBCCABCACBCCCCCBDBACACBBCBCBACCACADAACCCBABADBCCAAABBCCBB	['D12B', 'C37A', 'B64C']	3	-2.8383327	-9.285088	-9.88274	-0.59765244
AAADDDCDCDDDDCDDABCDABCABDBACBDCAADDCBCABACBCCABCACBCCCCCBDBACDBBBCBCBACCACACAACCCBABADBCCAAABBCCBB	['B1A', 'C2A', 'C3A', 'A63D', 'D77C']	5	-2.8385534	-9.397484	-9.995364	-0.59788036
BCCDDDCDCDDDDCDDABCDABCABDBACDDCAADDBBCABACBCCABCACBCCCCCBDBACDBBBCBCBACCACADAACCCBABADBCCAABBBCCBB	['B30D', 'C37B', 'A63D', 'A93B']	4	-2.84056	-6.350848	-6.9507217	-0.59987354
BCCDDDCDCDDDDCDDABCDABCABDBACBDCAADDABCABACBCCABCACBCCCCDBDBACDCBBCBCBACCACADAACCCBABADBCCAAABBCCBB	['C37A', 'C57D', 'A63D', 'B64C']	4	-2.8407226	-9.769011	-10.369056	-0.6000452
BCCDDDCDCDDBDCDDABCDABCABDBACBDCCACDBBCACACBCCABCACBCCCCCBDBACABBBCBCBBACACADAACCCBABADBCCAABBBCCBB	['D12B', 'A33C', 'D35C', 'C37B', 'B41C', 'A71B', 'C72A', 'A93B']	8	-2.841979	-7.050089	-7.6513815	-0.6012926
AAADDDCDCDDDDCDDABCDABCABDBACBDCAADDCBCABACBCCABCACBCCCCCBDBACBBBBCBCBACCACACAACCCBABADBCCAAABBCCBB	['B1A', 'C2A', 'C3A', 'A63B', 'D77C']	5	-2.8423653	-9.594721	-10.196407	-0.6016865
BCCDDDCDCDDDBCDDABCDABCABDBACBDCAACACBCABACBCCABCACBCCCCCBDBADDCBBCBCBACCCCADAACCCBABADBCBAAABBCCBB	['D13B', 'D35C', 'D36A', 'C62D', 'A63D', 'B64C', 'A74C', 'C90B']	8	-2.8426971	-9.604289	-10.206305	-0.6020155
BCCDDDCDCDDDDCDDABCDABCABDBACBDCAADDCBAABACBCCABCACBCCCCCBDBACDBBBCBCBACCACADAACCCBABADBCCAABBBCCBB	['C39A', 'A63D', 'A93B']	3	-2.8436499	-8.374379	-8.977348	-0.60296917
BCCDDDCDCDDDDCDDABADABCABDBACBDCAADDCBCABACBCCABCACBCCCCCBDBACDBBBCBCBACCACADAACCCBABADBCCAAABBCCBB	['C19A', 'A63D']	2	-2.8469043	-8.694695	-9.30092	-0.60622406
BCCDDDCDCDDDDCDDABADABCABDBACBDCAADDCBCABACBCCABCACBCCCCCBDBACDBBBCBCBACCACADAACCCBABADBCCAAABBCCBB	['C19A', 'A63D']	2	-2.8469043	-8.694695	-9.30092	-0.60622406
BCCDDDCDCDDDDCDDABADABCABDBACBDCAADDCBCABACBCCABCACBCCCCCBDBACDBBBCBCBACCACADAACCCBABADBCCAAABBCCBB	['C19A', 'A63D']	2	-2.8469043	-8.694695	-9.30092	-0.60622406
BCCDDDCDCDDBDCDDABBDABCABDBACBDCAADDCBCABACBCCABCACBCCCCDBDBACACBBCBCBACCACADAACCCBABADBCCAAABBCCBB	['D12B', 'C19B', 'C57D', 'B64C']	4	-2.850553	-8.630977	-9.2408495	-0.6098728
BCCDDDCDCDDDDCDDABCDABCABDBACBDCAADDCBCABACBCCABCACBCCCCCBDBACABBBCBCBACCACADAACCCBABADBCBAAABBCCBB	['C90B']	1	-2.8521404	-7.6807995	-8.292257	-0.6114578
BCCDDDCDCDDDDCDDABCDABCABDBACBDCAADDCBCABACBCCABCACBCCCCCBDBACABBBCBCBACCACADAACCCBABADBCBAAABBCCBB	['C90B']	1	-2.8521404	-7.6807995	-8.292257	-0.6114578
BCCDDDCDCCDDDCCDABCDABCABDBACBDCADCACBCABADBCCABCACBCBCCCBDBAADBBBCBCBBCCACADAACCCBABADBCCAABBBCCBB	['D10C', 'D15C', 'A34D', 'D35C', 'D36A', 'C43D', 'C54B', 'C62A', 'A63D', 'A71B', 'A93B']	11	-2.852209	-6.9792094	-7.590728	-0.6115184
BCCDDDCDCCDDDCDDABCDABCABDBACBDCAADDCBCABACBCCAACACBCACCCBDBACCBBBCBCBBCCACACAACCBBABADBCCAAABBCCBB	['D10C', 'B48A', 'C54A', 'A63C', 'A71B', 'D77C', 'C82B']	7	-2.8522735	-8.6269	-9.238498	-0.611598
BCCDDDCDCCDDDCDDABCDABCABDBACBDCAADDCBCABACBCCAACACBCACCCBDBACCBBBCBCBBCCACACAACCBBABADBCCAAABBCCBB	['D10C', 'B48A', 'C54A', 'A63C', 'A71B', 'D77C', 'C82B']	7	-2.8522735	-8.6269	-9.238498	-0.611598
BCCDDDCDCCDDDCDDABCDABCABDBACBDCAADDCBCABACBCCAACACBCACCCBDBACCBBBCBCBBCCACACAACCBBABADBCCAAABBCCBB	['D10C', 'B48A', 'C54A', 'A63C', 'A71B', 'D77C', 'C82B']	7	-2.8522735	-8.6269	-9.238498	-0.611598
BCCDDDCDCDDDDCDDABCDABCABDBACBDCCADDCBCACACBCCABCACBCCCCCBDBACDBBBCBCCACCACADAACCCBABADBCCAABBBCCBB	['A33C', 'B41C', 'A63D', 'B70C', 'A93B']	5	-2.8526397	-7.580731	-8.192683	-0.6119523
BCCDDDCDCDDDBCDDABCDABCABDBACBDCAADDABCABACBCCABCACBCCCCCBDBACACBBCBCBACCACADAACCCBABADBCCAAABBCCBB	['D13B', 'C37A', 'B64C']	3	-2.8538508	-8.335239	-8.948408	-0.6131687
AAADDDCDCDDDDCDDABCDABCABDBACBDCAACDBBCABACBCCABCACBCCCCCBDBACDBBBCBCBACCACADAACCCBABADBCCAABBBCCBB	['B1A', 'C2A', 'C3A', 'D35C', 'C37B', 'A63D', 'A93B']	7	-2.8540668	-9.809039	-10.422428	-0.613389
BCCDDDCDCDDDDCDDABCDABCABDBACDDCAADDCBCABACBCCABCACBCCCCCBDBACDBBBCBCBACCACADAACCCBABADBCCAABBBCCBB	['B30D', 'A63D', 'A93B']	3	-2.8549786	-6.856232	-7.470525	-0.6142926
BCCDDDCDCDDDDCDDABCDABCABDBACDDCAADDCBCABACBCCABCACBCCCCCBDBACDBBBCBCBACCACADAACCCBABADBCCAABBBCCBB	['B30D', 'A63D', 'A93B']	3	-2.8549786	-6.856232	-7.470525	-0.6142926
BCCDDDCDCCDDBCDDABCDABCABDBACBDCAACBCBCABACBCCABCACBCCCCDBDBACDBBBCBCBCCCACADAACCCBABADBCCAAABBCCBB	['D10C', 'D13B', 'D35C', 'D36B', 'C57D', 'A63D', 'A71C']	7	-2.859727	-7.0205193	-7.639553	-0.6190338
BCCDDDCDCDDDDCDDABCDABCABDBACBDCAADDCBCABACBCCABCACBCCCCCBDBACABBBCBCBACCACADAACCCBABADBCCAABBBCCBB	['A93B']	1	-2.8601704	-7.4274206	-8.04691	-0.61948967
BCCDDDCDCDDDDCDDABCDABCABDBACBDCAADDCBCABACBCCABCACBCCCCCBDBACABBBCBCBACCACADAACCCBABADBCCAABBBCCBB	['A93B']	1	-2.8601704	-7.4274206	-8.04691	-0.61948967
BCCDDDCDCDDDDCDDABCDABCABDBACBDCAADDCBCABACBCCABCACBCCCCCBDBACABBBCBCBACCACADAACCCBABADBCCAABBBCCBB	['A93B']	1	-2.8601704	-7.4274206	-8.04691	-0.61948967
BCCDDDCDCDDDDCDDABCDADCABDBACBDCAACACBCACACBCCABCACBCCCCCBDCADDBBBCBCABACACADAACCCBABADBCCAABBBCCBB	['B22D', 'D35C', 'D36A', 'B41C', 'B60C', 'C62D', 'A63D', 'B70A', 'A71B', 'C72A', 'A93B']	11	-2.8620858	-8.548113	-9.169516	-0.62140274
BCCDDDCDCDDDDCDDABCDABCABDBACBDCAADDCBCABACBCCABCACBCCCCCBDBACDBBBCBABACCACADAACCCBABADBCCAAABBCCBB	['A63D', 'C69A']	2	-2.8625412	-9.148812	-9.770677	-0.6218643
BCCDDDCDCDDDDCDDABCDABCABDBACBDCAACDCBCABACBCCABCACBCCCCDBDBACACBBCBCBADCACADAACCCBABADBCCAAABBCCBB	['D35C', 'C57D', 'B64C', 'C72D']	4	-2.8631945	-9.335134	-9.957646	-0.6225128
BCCDDDCDCDDDDCDDABCDABCABDBACBDCAADDBBCABABBCCABCACBCCCCCBDBACDBBBCBCBACCACACAACCCBABADBCCAABBBCCBB	['C37B', 'C43B', 'A63D', 'D77C', 'A93B']	5	-2.8632197	-7.001519	-7.624055	-0.6225357
BCCDDDCDCDDDBCDDABCDABCABDBACDDCAADDCBCABACBCCABCACBCCCCCBDBACDBBBCBCBACCADACAACCCBABADBCCAABBBCCBB	['D13B', 'B30D', 'A63D', 'C75D', 'D77C', 'A93B']	6	-2.864253	-5.2180037	-5.84157	-0.62356615
BCCDDDCDCDDDBCDDABBDABCABDBACBDCAADDABCABACBCCABCACBCCCCCBDBACACBBCBCBACCACACAACCCBABADBCCAAABBCCBA	['D13B', 'C19B', 'C37A', 'B64C', 'D77C', 'B99A']	6	-2.8664818	-6.697296	-7.323097	-0.6258011
AAADDDCDCDDDDCDDABCDABCABDBACBDCAACDCBCABACBCCABCACBCCCCCBDBACDBBBCBCBACCACADAACCCBABADBCCAABBBCCBB	['B1A', 'C2A', 'C3A', 'D35C', 'A63D', 'A93B']	6	-2.8684874	-10.314422	-10.942232	-0.6278105
BCCDDDCDCDDDDDDDABCDABCABDBACBDCCADDCBCABACBCCABCACBCCCCCBDBADDBBBCBCBCCCACADAACCCBABADBCCAABBBCCBB	['C14D', 'A33C', 'C62D', 'A63D', 'A71C', 'A93B']	6	-2.868833	-7.627049	-8.255196	-0.62814665
BCCDDDCDCDDDDCDDABCDABCABDBACBDCDACDABCABACBCCABCACBCCCCCBDBACDCBBCBCBACCACADAACCCBABADBCCAABBBCCBB	['A33D', 'D35C', 'C37A', 'A63D', 'B64C', 'A93B']	6	-2.869092	-8.662042	-9.290452	-0.62841034
BCCDDDCDCCDDDCDDABCDABCABDBACBDCAACDBBCABACBCCABCACBCDCCCBDCCCDBBBCBCBACCACADAACCCBABADBCCAAABBCCBB	['D10C', 'D35C', 'C37B', 'C54D', 'B60C', 'A61C', 'A63D']	7	-2.8707995	-8.503637	-9.133757	-0.6301193
BCCDDDCDCCDDDCDDABCDABCABDBACBDCAADDCBCABACBCCAACACBCCCCCBDBACDBBBCBCBABCACADAACCCBABADBCCAABBBCCBB	['D10C', 'B48A', 'A63D', 'C72B', 'A93B']	5	-2.8749008	-7.8272095	-8.461431	-0.6342211
BCCDDDCDCDDDBCDDABCDABCABDBACBDCAACDABCABACBCCABCACBCCCCCBDBACDBBBCBCBACCACACAACCCBABADBCCAABBBCCBB	['D13B', 'D35C', 'C37A', 'A63D', 'D77C', 'A93B']	6	-2.876102	-7.0563555	-7.6917734	-0.63541794
BCCDDDCDCDDDDCDDABCAABCABDBACBDCAACACBCABACBCCABCACBCCCCCBDBACDBBBCBCBADCACADAACCCBABADBCCAAABBCCBB	['D20A', 'D35C', 'D36A', 'A63D', 'C72D']	5	-2.8768492	-8.373106	-9.009274	-0.6361675
BCCDDDCDCDDDDCDDABCAABCABDBACBDCAACACBCABACBCCABCACBCCCCCBDBACDBBBCBCBADCACADAACCCBABADBCCAAABBCCBB	['D20A', 'D35C', 'D36A', 'A63D', 'C72D']	5	-2.8768492	-8.373106	-9.009274	-0.6361675
AAADDDCDCCDDDCDDABCDABCABDBACBDCAACCBBCABACBCCAACACBCDCCCBDCCDDBBBCBCBBCCACACAACCBBBBADBCCAABBBCCBB	['B1A', 'C2A', 'C3A', 'D10C', 'D35C', 'D36C', 'C37B', 'B48A', 'C54D', 'B60C', 'A61C', 'C62D', 'A63D', 'A71B', 'D77C', 'C82B', 'A84B', 'A93B']	18	-2.8768559	-9.725447	-10.361619	-0.6361723
BCCDDDCDCADDDCDDABCDABCABDBACBDCAACACBCACACBCCABCACBCCCCCBDBACDBBBCBCBACCACADAACCCBABADBCCAAABBCCBB	['D10A', 'D35C', 'D36A', 'B41C', 'A63D']	5	-2.87719	-8.27155	-8.908059	-0.63650894
BCCDDDCDCDDBDCDDABBDABCABDBACBDCAADDCBCABACBCCABCACBCCCCCBDBACDDBBCBCBACCACADAACCBBABADBCCAAABBCCBB	['D12B', 'C19B', 'A63D', 'B64D', 'C82B']	5	-2.877429	-9.795895	-10.432638	-0.63674355
BCCDDDCDCDDDDDDDABCDABCABDBACBDCAACDCBCABACBCCABCACBCCCCCBDBACDCBBCBCBACCACADAACCCBABADBCCAAABBCCBB	['C14D', 'D35C', 'A63D', 'B64C']	4	-2.8786435	-9.916287	-10.554249	-0.6379614
BCCDDDCDCDDDBCDDABCDABCABDBACBDCDADDBBCACACBCCABCACBCCCCCBDBACDBBCCBCBCCCACADAACCCBABADBCCAABBBCCBB	['D13B', 'A33D', 'C37B', 'B41C', 'A63D', 'B66C', 'A71C', 'A93B']	8	-2.8798013	-5.664427	-6.30354	-0.6391134
BCCDDDCDCCDDBCDDABCDABCABDBACBDCAACDCBCACACBCCABCACBCCCCCBDCACDBBBCBCBACCACADAACCCBABADBCCAAABBCCBB	['D10C', 'D13B', 'D35C', 'B41C', 'B60C', 'A63D']	6	-2.879992	-8.028362	-8.6676655	-0.6393032
BCCDDDCDCDDDDCDDABCDABCABDBACBDCAADDABAABACBCCABCACBCCCCCBDBACDCBBCBCBACCACADAACCCBABADBCCAAABBCCBB	['C37A', 'C39A', 'A63D', 'B64C']	4	-2.882071	-9.769815	-10.411205	-0.64138985
BCCDDDCDCDDDDCDDABCDABCABDBACBDCAADDCBCABACBCCABCACBCBCCCCDBACDBBBCBCBACCACADAACCCBABADBCCAAABBCCBB	['C54B', 'B58C', 'A63D']	3	-2.885158	-9.888978	-10.533456	-0.64447784
BCCDDDCDCDDDDCDDABCDABCABDBACBDCAACDCBCABACBCCABCACBCCCCCBDBACABBBCBCBACCACACAACCCBABADBCCAABBBCCBB	['D35C', 'D77C', 'A93B']	3	-2.8862653	-6.755822	-7.4014072	-0.64558506
BCCDDDCDCDDDDCDDABCDABCABDBACBDCAADDABCACACBCCABCACBCCCCCBDBACDBBBCBCBACCACADAACCBBABADBCCAAABBCCBB	['C37A', 'B41C', 'A63D', 'C82B']	4	-2.8863673	-9.875179	-10.52086	-0.6456804
BCCDDDCDCDDBDCDDABCDABCABDBACBDCAADDCBCABACBCCABCACBCCCCCBDBACBBBBCBCBACCACACAACCCBABADBCCAAABBCCBB	['D12B', 'A63B', 'D77C']	3	-2.8864985	-8.285585	-8.931401	-0.64581585
BCCDDDCDCDDCBCDDABCDABCABDBACBDCDADDCBCABADBCCABCACBCCCCCBDBACCCBBBBCBACCACADAACCCBABADBCCAAABBCCBB	['D12C', 'D13B', 'A33D', 'C43D', 'A63C', 'B64C', 'C67B']	7	-2.8865576	-8.880565	-9.526444	-0.64587975
BCCDDDCDCDDDDCDDABCCABCABDBACBDCAACABBCABACBCCABCACBCDCCCBDBADDBBBCBCBBCCACADAACCBBABADBCBAAABBCCBB	['D20C', 'D35C', 'D36A', 'C37B', 'C54D', 'C62D', 'A63D', 'A71B', 'C82B', 'C90B']	10	-2.8878732	-8.979996	-9.627183	-0.64718723
BCCDDDCDCDDDDCDDABCDABCABDBACDDCCADDCBCACACBCCABCACBCCCCCBDBACDBBBCBCBACCACADAACCCBABADBCCAABBBCCBB	['B30D', 'A33C', 'B41C', 'A63D', 'A93B']	5	-2.8888397	-6.846184	-7.494337	-0.6481533
BCCDDDCDCDDDDCDDABCDABCABDBACBDCAADDCBCABACBCCABCACBCCCCCBDCCCDBBBCBCBACCACACAACCCBABADBCCAABBBCCBB	['B60C', 'A61C', 'A63D', 'D77C', 'A93B']	5	-2.8906932	-7.872439	-8.5224495	-0.6500106
BCCDDDCDCDDDBDDDABCDABCABDBACBDCAADDCBCABACBCCABCACBCCCCCBDBACDBBBCBCBCCCACACAACCCBABADBCCAAABBCCBB	['D13B', 'C14D', 'A63D', 'A71C', 'D77C']	5	-2.890922	-6.7146564	-7.36489	-0.65023375
BCCDDDCDCDDDDCDDABCDABCABDBACBDCAADDCBCABACBBCABCACBCCCCCBDBACDBBBCBCBBCBACACAACCCBABADBCCAABBBCCBB	['C45B', 'A63D', 'A71B', 'C73B', 'D77C', 'A93B']	6	-2.8913064	-6.950139	-7.6007633	-0.6506243
AAADDDCDCDDDDADDABADABCABDBACBDCAADDABCABACBCCABCACBCCCCCBDCBCACBBCBCBACCACACAACCCBABADBCCAAABBCCBB	['B1A', 'C2A', 'C3A', 'C14A', 'C19A', 'C37A', 'B60C', 'A61B', 'B64C', 'D77C']	10	-2.8946648	-9.268102	-9.922091	-0.65398884
BCCDDDCDCADDBCDCABCDABCABDBACBDCAADACBCABACBCCABCACBCCCCCBDBACABBBCBABACCACADAACCCBABADBCCAAABBCCBB	['D10A', 'D13B', 'D16C', 'D36A', 'C69A']	5	-2.895588	-7.3128047	-7.9677134	-0.65490866
BCCDDDCDCADDBCDCABCDABCABDBACBDCAADACBCABACBCCABCACBCCCCCBDBACABBBCBABACCACADAACCCBABADBCCAAABBCCBB	['D10A', 'D13B', 'D16C', 'D36A', 'C69A']	5	-2.895588	-7.3128047	-7.9677134	-0.65490866
BCCDDDCDCDDDDCDDABCDABCABDBACBDCAADDCBCACACBCCABCACBCCCCCBDBACABBBCBCBACCACADAACCCBABADBCCAABBBCCBB	['B41C', 'A93B']	2	-2.8958168	-7.546009	-8.201146	-0.65513706
BCCDDDCDCDDDDCDDABCDABCABDBACBDCAADDCBCACACBCCABCACBCCCCCBDBACABBBCBCBACCACADAACCCBABADBCCAABBBCCBB	['B41C', 'A93B']	2	-2.8958168	-7.546009	-8.201146	-0.65513706
BCCDDDCDCDDDDCDDABCDABCABDBACBDCAADDCBCACACBCCABCACBCCCCCBDBACABBBCBCBACCACADAACCCBABADBCCAABBBCCBB	['B41C', 'A93B']	2	-2.8958168	-7.546009	-8.201146	-0.65513706
BCCDDDCDCDDDDCDDABCDABCABDBACBDCAADDCBCACACBCCABCACBCCCCCBDBACABBBCBCBACCACADAACCCBABADBCCAABBBCCBB	['B41C', 'A93B']	2	-2.8958168	-7.546009	-8.201146	-0.65513706
BCCDDDCDCCDDDDCDABCDABCABDBACBDCAADDABCACACBCCABCACBCCCCCBDBACCBBBABDBAACACADAACCCBABADBCCAAABBCCBB	['D10C', 'C14D', 'D15C', 'C37A', 'B41C', 'A63C', 'C67A', 'C69D', 'C72A']	9	-2.8960772	-6.9411926	-7.596589	-0.65539646
BCCDDDCDCDDBBCDDABCBABCABDBACBDCAADACBCABACBCCABCACBCCCCCBDBACDBBBCBCBACCACADAACCCBABADBCCDAABBCCBB	['D12B', 'D13B', 'D20B', 'D36A', 'A63D', 'A91D']	6	-2.8971767	-8.480959	-9.13745	-0.6564913
BCCDDDCDCDDDBCDDABCDABCABDBACBDCAADDCBCABACBCCABCACBCCCCCBDBACDBBBCBCBACCACACAACCCBABADBCCAAABBCCBB	['D13B', 'A63D', 'D77C']	3	-2.8982058	-7.1385	-7.7960215	-0.65752125
BCCDDDCDCDDDDCDDABCDABCABDBACBDCAADDABCABACBCCABCACBCCCCCBDBACACBBCBCBACCACADAACCCBABADBCCAAABBCCBB	['C37A', 'B64C']	2	-2.8985925	-8.822857	-9.480768	-0.6579113
BCCDDDCDCDDDDCDDABCDABCABDBACBDCAADDABCABACBCCABCACBCCCCCBDBACACBBCBCBACCACADAACCCBABADBCCAAABBCCBB	['C37A', 'B64C']	2	-2.8985925	-8.822857	-9.480768	-0.6579113
BCCDDDCDCDDDDCDDABCDABCABDBACBDCAADDABCABACBCCABCACBCCCCCBDBACACBBCBCBACCACADAACCCBABADBCCAAABBCCBB	['C37A', 'B64C']	2	-2.8985925	-8.822857	-9.480768	-0.6579113
BCCDDDCDCDDDDCDDABCDABCABDBACBDCAADDABCABACBCCABCACBCCCCCBDBACACBBCBCBACCACADAACCCBABADBCCAAABBCCBB	['C37A', 'B64C']	2	-2.8985925	-8.822857	-9.480768	-0.6579113
BCCDDDCDCDDDDCDDABCDABCABDBACBDCAADDABCABACBCCABCACBCCCCCBDBACACBBCBCBACCACADAACCCBABADBCCAAABBCCBB	['C37A', 'B64C']	2	-2.8985925	-8.822857	-9.480768	-0.6579113
BCCDDDCDCDDDDCDDABCDABCABDBACBDCAADDABCABACBCCABCACBCCCCCBDBACACBBCBCBACCACADAACCCBABADBCCAAABBCCBB	['C37A', 'B64C']	2	-2.8985925	-8.822857	-9.480768	-0.6579113
BCCDDDCDCDDDDCDDABCDABCABDBACBDCAADDABCABACBCCABCACBCCCCCBDBACACBBCBCBACCACADAACCCBABADBCCAAABBCCBB	['C37A', 'B64C']	2	-2.8985925	-8.822857	-9.480768	-0.6579113
BCCDDDCDCDDDDCDDABCDABCABDBACBDCAACDCBCACACBCCABCACBCCCCCBDBACBBBBCBBBACCACADAACCDBABADBCCAAABBCCBB	['D35C', 'B41C', 'A63B', 'C69B', 'C82D']	5	-2.899158	-10.269156	-10.92763	-0.65847397
AAADDDCDCCDDDCDDABCDABCABDBACBDCAACDABCABACBCCAACACBCACCCBDBACABBBCBCBBCCACADAACCBBABADBCCAABBBCCBB	['B1A', 'C2A', 'C3A', 'D10C', 'D35C', 'C37A', 'B48A', 'C54A', 'A71B', 'C82B', 'A93B']	11	-2.9008923	-10.155819	-10.816032	-0.6602135
BCCDDDCDCADDDCCDABCDABCABDBACBDCAACACBCABACBCCABCACBCCCCCBDBACBBBBCBCBACCACADAACCCBABADBCCAAABBCCBB	['D10A', 'D15C', 'D35C', 'D36A', 'A63B']	5	-2.9014125	-7.414212	-8.074943	-0.66073036
BCCDDDCDCCDDDCDDABCDABCABDBACDDCAACCABCACACBDCABCACBCCCCCBDBADABBBCBCBCCCACADAACCCBABADBCCAAABBCCBB	['D10C', 'B30D', 'D35C', 'D36C', 'C37A', 'B41C', 'C45D', 'C62D', 'A71C']	9	-2.9021235	-5.3553853	-6.01682	-0.66143465
BCCDDDCDCCDDDDDDABCDABCABDBACBDCAADDCBCABACBCCAACACBCCCCCBDBACCBBBCCCBBCCACACAACCBBABADBCCAABBBCCBB	['D10C', 'C14D', 'B48A', 'A63C', 'B68C', 'A71B', 'D77C', 'C82B', 'A93B']	9	-2.902493	-7.5941954	-8.256007	-0.6618118
BCCDDDCDCDDBDCDDABCDABCABDBACBDCAADDCBCABACBCCABCACBCCCCCBDBACCBBBCBCBADCACACAACCCBABADBCCAAABBCCBB	['D12B', 'A63C', 'C72D', 'D77C']	4	-2.904591	-8.482435	-9.146345	-0.6639099
BCCDDDCDCDDDDCDDABCAABCABDBACBDCAAAACBCABACBCCABCACBCCCCCBDBADDBBBCBCBCCBACADAACCCBABADBCBAAABBCCBB	['D20A', 'D35A', 'D36A', 'C62D', 'A63D', 'A71C', 'C73B', 'C90B']	8	-2.905192	-8.654534	-9.319041	-0.6645069
BCCDDDCDCDDDDCDDABCDABCABDBACBDCAACACBCABACBCCABCACBCCCCCBDBACDBBBCBCBBCCACADAACCCBABADBCBAABBBCCBB	['D35C', 'D36A', 'A63D', 'A71B', 'C90B', 'A93B']	6	-2.9061542	-7.8672895	-8.53276	-0.6654701
BCCDDDCDCDDDDCDDABCDABCABDBACBDCAADDCBCABACBCCABCACBCCCCCBDBACABBBCBCCACCACADAACCCBABADBDCAAABBCCBB	['B70C', 'C89D']	2	-2.9063497	-7.4960074	-8.161677	-0.6656699
BCCDDDCDCDDDDCDDABCDABCABDBACBDCAADDABCABACBCCABCACBCCCCDBDBACCBBBCBCBBCCACACAACCCBABADBCCAABBBCCBB	['C37A', 'C57D', 'A63C', 'A71B', 'D77C', 'A93B']	6	-2.907498	-7.426524	-8.093348	-0.6668234
BCCDDDCDCDDDBCDDABCDABCABDBACBDCAADDCBCABACBCCABCACBCCCCDBDCACDCBBCBCBACCACADAACCCBABADBCCAAABBCCBB	['D13B', 'C57D', 'B60C', 'A63D', 'B64C']	5	-2.9105382	-9.935719	-10.605577	-0.66985893
BCCDDDCDCDDDBCDDABCDABCABDBACBDCAADDCBCABACBCCABCACBCCCCDBDCACDCBBCBCBACCACADAACCCBABADBCCAAABBCCBB	['D13B', 'C57D', 'B60C', 'A63D', 'B64C']	5	-2.9105382	-9.935719	-10.605577	-0.66985893
BCCDDDCDCDDDDCCDABCDABCABDBACBDCAACDCBCABACBCCAACACBCCCCCBDBACDBBBCBCBBCCACADAACCABABADBCBAABBBCCBB	['D15C', 'D35C', 'B48A', 'A63D', 'A71B', 'C82A', 'C90B', 'A93B']	8	-2.9117393	-8.566847	-9.237905	-0.6710577
BCCDDDCDCDDDDCCDABCCABCABDBACBDCAADACBCABACBCCABCACBCCCCCBDBADDBBBCBCBACCACADAACCBBABADBCCAABBBCCBB	['D15C', 'D20C', 'D36A', 'C62D', 'A63D', 'C82B', 'A93B']	7	-2.9119387	-7.669849	-8.341103	-0.6712537
BCCDDDCDCDDDDCDDABCDABCABDBACBDCAADDCBCACACBCCABCACBCCCCCBDBADDBBBCBCBACCACADAACCCBABADBCCAABBBCCBB	['B41C', 'C62D', 'A63D', 'A93B']	4	-2.9135456	-8.298119	-8.970989	-0.67287064
BCCDDDCDCDDBDCDDABCDABCABDBACBDCAADDABCABACBCCABCACBCCCCCBDBACDBBBCBCBAACACACAACCCBABADBCCAAABBCCBB	['D12B', 'C37A', 'A63D', 'C72A', 'D77C']	5	-2.9135818	-7.7480597	-8.420962	-0.6729026
BCCDDDCDCDDBDDDDABBDABCABDBACBDCAACDCBCABACBCCABCACBCCCCCBDBACCCBBCBCBACCACACAACCCBABADBCCAAABBCCBB	['D12B', 'C14D', 'C19B', 'D35C', 'A63C', 'B64C', 'D77C']	7	-2.9140024	-8.934618	-9.607943	-0.6733246
BCCDDDCDCDDDBCDDABCDABCABDBACBDCAADDCBCABACBCCABCACBCCCCCBDBADCCBBCBCBACCACADAACCCBABADBCCAAABBCCBB	['D13B', 'C62D', 'A63C', 'B64C']	4	-2.9145684	-9.454644	-10.128532	-0.6738882
BCCDDDCDCDDDDCDDABCDABCABDBACBDCAACACBCACACBCCABCACBCCCCDBDBACDBBBCBCBADCACADAACCCBABADBCBAABBBCCBB	['D35C', 'D36A', 'B41C', 'C57D', 'A63D', 'C72D', 'C90B', 'A93B']	8	-2.91467	-8.481998	-9.155986	-0.6739874
BCCDDDCDCDDDDCDDABBDABCABDBACBDCAACDCBCABACBCCABCACBCCCCCBDBACDCBBCBCBACCACADAACCCBABADBCCAAABBCCBB	['C19B', 'D35C', 'A63D', 'B64C']	4	-2.9153247	-9.130314	-9.80496	-0.6746464
BCCDDDCDCDDDDCCDABCDABCABDBACBDCAADDCBCABACBCCABCACBCCCCCBDBACABBBCBCBACCACADAACCCBABADBCCAABBBCCBB	['D15C', 'A93B']	2	-2.9162283	-6.491433	-7.1669827	-0.6755495
BCCDDDCDCDDDDCCDABCDABCABDBACBDCAADDCBCABACBCCABCACBCCCCCBDBACABBBCBCBACCACADAACCCBABADBCCAABBBCCBB	['D15C', 'A93B']	2	-2.9162283	-6.491433	-7.1669827	-0.6755495
BCCDDDCDCDDDDCDDABCDABCABDBACBDCAACACBCABACBCCABCACBCCCCCBDBADDBBBCBCBADCACADAACCBBABADBCCAABBBCCBB	['D35C', 'D36A', 'C62D', 'A63D', 'C72D', 'C82B', 'A93B']	7	-2.9186273	-9.457004	-10.134943	-0.6779394
BCCDDDCDCDDDDCDDABCDABCABDBACBDCAACACBCABACBCCABCACBCCCCCBDBADDBBBCBCBADCACADAACCBBABADBCCAABBBCCBB	['D35C', 'D36A', 'C62D', 'A63D', 'C72D', 'C82B', 'A93B']	7	-2.9186273	-9.457004	-10.134943	-0.6779394
BCCDDDCDCDDDDCDDABCDABCABDBACBDCAACACBCABACBCCABCACBCCCCCBDBADDBBBCBCBADCACADAACCBBABADBCCAABBBCCBB	['D35C', 'D36A', 'C62D', 'A63D', 'C72D', 'C82B', 'A93B']	7	-2.9186273	-9.457004	-10.134943	-0.6779394
BCCDDDCDCDDDDCDDABCDABCABDBACBDCAACDCBCABACBCCABCACBCCCCDBDBACDCBBCBCBACCACADAACCCBABADBCCAAABBCCBB	['D35C', 'C57D', 'A63D', 'B64C']	4	-2.9188533	-10.096494	-10.774665	-0.67817116
BCCDDDCDCDDDDCDDABCDABCABDBACBDCAADDABCABACBCCABCACBCCCCDBDBACDBBBCBCBCCCACADAACCCBABADBCBAAABBCCBB	['C37A', 'C57D', 'A63D', 'A71C', 'C90B']	5	-2.9196439	-8.225311	-8.904279	-0.6789675
BCCDDDCDCDDDDCDDABCDABCABDBACBDCAADDABCABACBCCABCACBCCCCDBDBACDBBBCBCBCCCACADAACCCBABADBCBAAABBCCBB	['C37A', 'C57D', 'A63D', 'A71C', 'C90B']	5	-2.9196439	-8.225311	-8.904279	-0.6789675
BCCDDDCDCCDDDCDDABCDABCABDBACBDCAADDCBCABACBCCAACACBCDCCCBDBACABBBCBCBACCACACAACCBBABADBCCAAABBCCBB	['D10C', 'B48A', 'C54D', 'D77C', 'C82B']	5	-2.920816	-7.782148	-8.462283	-0.68013525
BCCDDDCDCDDDDCDDABCDABCABDBACBDCAADDABCABACBCCABCACBCCCCCBDBACDBBBCBCBADCACACAACCCBABADBCCAAABBCCBB	['C37A', 'A63D', 'C72D', 'D77C']	4	-2.921865	-7.6529083	-8.334092	-0.6811838
BCCDDDCDCDDDDCDDABBDABCABDBACBDCAADDABCABACBCCABCACBCCCCCBDBACACABCBCBACCACADAACCCBABABBCCAAABBCCBB	['C19B', 'C37A', 'B64C', 'B65A', 'D87B']	5	-2.923048	-8.166464	-8.848831	-0.6823673
AAADDDCDCDDDDCDDABCDABCABDBACBDCAADACBCABACBCCABCACBCCCCCBDBBCBBBBCBCBACCACADAACCCBABADBCBAAABBCCBB	['B1A', 'C2A', 'C3A', 'D36A', 'A61B', 'A63B', 'C90B']	7	-2.9234161	-9.185506	-9.868241	-0.68273544
BCCDDDCDCCDDDCDDABCDABCABDBACBDCAADDCBCABACBCCABCACBCCCCCBDCACDBBBCBCBACCACACAACCCBABADBCCAAACBCCBB	['D10C', 'B60C', 'A63D', 'D77C', 'B94C']	5	-2.9243102	-7.113095	-7.796726	-0.6836314
BCCDDDCDCDDDDCCDABCAABCABDBACBDCAADACBCABACBCCABCACBCCCCCBDCADABBBCBCBACCBCADAACCCBABADBBBAAABBCCBB	['D15C', 'D20A', 'D36A', 'B60C', 'C62D', 'A74B', 'C89B', 'C90B']	8	-2.9254203	-7.2323194	-7.917055	-0.6847358
BCCDDDCDCDDDDCDDABCDABCABDBACBDCAACDCBCABACBCCABCACBCCCCCBDBACDBBBCBCBACCACADAACCBBABADBCCAAABBCCBB	['D35C', 'A63D', 'C82B']	3	-2.9288516	-10.084072	-10.772237	-0.6881647
BCCDDDCDCDDDBCDDABCDABCABDBACBDCAADDCBCABACBCCABCACBCCCCCBDBACDBBBCBCBADCACADAACCCBABADBCCAAABBCCBB	['D13B', 'A63D', 'C72D']	3	-2.92916	-8.164371	-8.852848	-0.6884775
BCCDDDCDCDDDDCDDABCDABCABDBACBDCAADDCBCABACBCCABCACBCCCCCBDBACCBBBCBDBACCACACAACCCBABADBCBAAABBCCBB	['A63C', 'C69D', 'D77C', 'C90B']	4	-2.9297924	-8.086504	-8.775617	-0.68911266
BCCDDDCDCDDDDCDDABCDABCABDBACBDCAADDABCACACBCCABCACBCCCCCBDBACDBBBCBCBACCACADAACCCBABADBCCAABBBCCBB	['C37A', 'B41C', 'A63D', 'A93B']	4	-2.9303932	-8.334161	-9.023874	-0.6897135
BCCDDDCDCDDBDCDDABBDABCABDBACBDCAADDCBCABACBCCABCACBCCCCCBDBACABBBCBCBADCACACAACCCBABADBCCAAABBCCBB	['D12B', 'C19B', 'C72D', 'D77C']	4	-2.9316955	-6.5148735	-7.205888	-0.6910143
BCCDDDCDCCDDDCDDABBDABCABDBACBDCAADCCBDABACBCCAACACBCDCCDBDBADDBBBCBCBCCCACADAACCABABADBCBAABBBCCBB	['D10C', 'C19B', 'D36C', 'C39D', 'B48A', 'C54D', 'C57D', 'C62D', 'A63D', 'A71C', 'C82A', 'C90B', 'A93B']	13	-2.9335303	-7.8732166	-8.566065	-0.6928482
BCCDDDCDCDDDDCDDABCDABCABDBACBDCAADDCBCACABBCCABCACBCCCCCBDBCDDBBBCBCBCDCACACAACCCBABADBCCAABBBCCBB	['B41C', 'C43B', 'A61C', 'C62D', 'A63D', 'A71C', 'C72D', 'D77C', 'A93B']	9	-2.934155	-7.216222	-7.9096947	-0.69347286
BCCDDDCDCDDDDCDDABCDABCABDBACBDCAADDABCACACBCCABCACBCCCCCBDBACACBBCBCBACCACADAACCCBABADBCCAAABBCCBB	['C37A', 'B41C', 'B64C']	3	-2.934238	-8.941445	-9.635003	-0.69355774
BCCDDDCDCDDDDCDDABCDABCABDBACBDCAADDABCACACBCCABCACBCCCCCBDBACACBBCBCBACCACADAACCCBABADBCCAAABBCCBB	['C37A', 'B41C', 'B64C']	3	-2.934238	-8.941445	-9.635003	-0.69355774
BCCDDDCDCDDDDCDDABCDABCABDBACBDCAADDABCACACBCCABCACBCCCCCBDBACACBBCBCBACCACADAACCCBABADBCCAAABBCCBB	['C37A', 'B41C', 'B64C']	3	-2.934238	-8.941445	-9.635003	-0.69355774
BCCDDDCDCDDDDCDDABCDABCABDBACBDCAADDABCACACBCCABCACBCCCCCBDBACACBBCBCBACCACADAACCCBABADBCCAAABBCCBB	['C37A', 'B41C', 'B64C']	3	-2.934238	-8.941445	-9.635003	-0.69355774
BCCDDDCDCDDABDDDABCDABCABDBACBDCAADDCBCABACBCCABCACBCCCCCBDBADDBBBCBCBBCBACACAACCCBABADBCBAAABBCCBB	['D12A', 'D13B', 'C14D', 'C62D', 'A63D', 'A71B', 'C73B', 'D77C', 'C90B']	9	-2.934853	-8.187082	-8.881254	-0.6941719
BCCDDDCDCDDABDDDABCDABCABDBACBDCAADDCBCABACBCCABCACBCCCCCBDBADDBBBCBCBBCBACACAACCCBABADBCBAAABBCCBB	['D12A', 'D13B', 'C14D', 'C62D', 'A63D', 'A71B', 'C73B', 'D77C', 'C90B']	9	-2.934853	-8.187082	-8.881254	-0.6941719
AAADDDCDCDDDDCDDABCDABCABDBACBDCAACABBCABACBCCABCACBCCCCCBDBADDBBBCBCBBCCACADAACCBBABADBCCAABBBCCBB	['B1A', 'C2A', 'C3A', 'D35C', 'D36A', 'C37B', 'C62D', 'A63D', 'A71B', 'C82B', 'A93B']	11	-2.9351416	-10.380934	-11.075392	-0.694458
BCCDDDCDCCDBDCDDABCDABCABDBACBDCAADACBCACACBCCABCACBCCCCDBDBDCABBBCBCBACCACADAACCCBABADBCCAABBBCCBB	['D10C', 'D12B', 'D36A', 'B41C', 'C57D', 'A61D', 'A93B']	7	-2.9355354	-6.6665297	-7.3613815	-0.6948519
BCCDDDCDCDDDDCCDABCCABCABDBACBDCAACABBCABACBCCABCACBCDCCCBDBACDBBBCBABBCCACADAACCBBABADBCCAAABBCCBB	['D15C', 'D20C', 'D35C', 'D36A', 'C37B', 'C54D', 'A63D', 'C69A', 'A71B', 'C82B']	10	-2.9366007	-8.759913	-9.455826	-0.69591236
BCCDDDCDCDDDDCDDABCCABCABDBACBDCAADDCBCABACBCCABCACBCCCCCBDBACDBBBCBCBACCACACAACCCBABADBCCAAABBCCBB	['D20C', 'A63D', 'D77C']	3	-2.937252	-7.1292224	-7.8257914	-0.69656897
BCCDDDCDCDDDDCCCABCDABCABDBACBDCAADDBBCABACBCCABCACBCCCCCBDBACCBBBCBABACCACACAACCCBABADBCCAABBBCCBB	['D15C', 'D16C', 'C37B', 'A63C', 'C69A', 'D77C', 'A93B']	7	-2.9381847	-6.9094505	-7.6069584	-0.69750786
BCCDDDCDCDDBDCDDABCDABCABDBACBDCAADDCBCACACBCCABCACBCCCCCBDBACCBBBCBCBADCACACAACCCBABADBCCAAABBCCBB	['D12B', 'B41C', 'A63C', 'C72D', 'D77C']	5	-2.9402375	-8.601024	-9.30058	-0.69955635
BCCDDDCDCDDDBCDDABDDABCABDBACBDCAADDCBCABACBCCABCACBCCCCCBDBACDBBBCBCBACCCCADAACCCBABADBCCAAABBCCBB	['D13B', 'C19D', 'A63D', 'A74C']	4	-2.9402595	-8.500005	-9.199583	-0.6995783
BCCDDDCDCDDBDADDABADABCABDBACDDCAADDCBCABACBCCABCACBCCCCCBDBACACBBCBCBBCCACADAACCCBABADBCCAAABBCCBB	['D12B', 'C14A', 'C19A', 'B30D', 'B64C', 'A71B']	6	-2.9414134	-7.672975	-8.373701	-0.70072603
BCCDDDCDCDDDDCDDABCDABCABDBACBDCAADDCBCABACBCCABCACBCCCCCBDBACDBBBCBCBACCACACAACCCBABADBCCAAABBCCBB	['A63D', 'D77C']	2	-2.9429464	-7.626118	-8.328384	-0.7022662
BCCDDDCDCDDDDCDDABCDABCABDBACBDCAADDCBCABACBCCABCACBCCCCCBDBACDBBBCBCBACCACACAACCCBABADBCCAAABBCCBB	['A63D', 'D77C']	2	-2.9429464	-7.626118	-8.328384	-0.7022662
BCCDDDCDCDDDDCDDABCDABCABDBACBDCAADDCBCABACBCCABCACBCCCCCBDBACDBBBCBCBACCACACAACCCBABADBCCAAABBCCBB	['A63D', 'D77C']	2	-2.9429464	-7.626118	-8.328384	-0.7022662
BCCDDDCDCDDDDCDDABCDABCABDBACBDCAADDCBCABACBCCABCACBCCCCCBDBACDBBBCBCBACCACACAACCCBABADBCCAAABBCCBB	['A63D', 'D77C']	2	-2.9429464	-7.626118	-8.328384	-0.7022662
BCCDDDCDCDDDDCDDABCDABCABDBACBDCAADDCBCABACBCCABCACBCCCCCBDBACDBBBCBCBACCACACAACCCBABADBCCAAABBCCBB	['A63D', 'D77C']	2	-2.9429464	-7.626118	-8.328384	-0.7022662
BCCDDDCDCDDDDCDDABCDABCABDBACBDCAADDCBCABACBCCABCACBCCCCCBDBACDBBBCBCBACCACACAACCCBABADBCCAAABBCCBB	['A63D', 'D77C']	2	-2.9429464	-7.626118	-8.328384	-0.7022662
BCCDDDCDCDDDDCDDABCDABCABDBACBDCAADDCBCABACBCCABCACBCCCCCBDBACDBBBCBCBACCACACAACCCBABADBCCAAABBCCBB	['A63D', 'D77C']	2	-2.9429464	-7.626118	-8.328384	-0.7022662
BCCDDDCDCDDDDCDDABCDABCABDBACBDCAADDCBCABACBCCABCACBCCCCCBDBACDBBBCBCBACCACACAACCCBABADBCCAAABBCCBB	['A63D', 'D77C']	2	-2.9429464	-7.626118	-8.328384	-0.7022662
BCCDDDCDCDDDDCDDABCDABCABDBACBDCAADDCBCABACBCCABCACBCCCCCBDBACDBBBCBCBACCACACAACCCBABADBCCAAABBCCBB	['A63D', 'D77C']	2	-2.9429464	-7.626118	-8.328384	-0.7022662
BCCDDDCDCDDDDCDDABCDABCABDBACBDCAADDCBCABACBCCABCACBCCCCCBDBACDBBBCBCBACCACACAACCCBABADBCCAAABBCCBB	['A63D', 'D77C']	2	-2.9429464	-7.626118	-8.328384	-0.7022662
BCCDDDCDCDDDDCDDABCDABCABDBACBDCAADDCBCABACBCCABCACBCCCCCBDBACDBBBCBCBACCACACAACCCBABADBCCAAABBCCBB	['A63D', 'D77C']	2	-2.9429464	-7.626118	-8.328384	-0.7022662
BCCDDDCDCDDDDCDDABCDABCABDBACBDCAADDCBCABACBCCABCACBCCCCCBDBACDBBBCBCBACCACACAACCCBABADBCCAAABBCCBB	['A63D', 'D77C']	2	-2.9429464	-7.626118	-8.328384	-0.7022662
BCCDDDCDCDDDDCDDABCDABCABDBACBDCAADDCBCABACBCCABCACBCCCCCBDBACDBBBCBCBACCACACAACCCBABADBCCAAABBCCBB	['A63D', 'D77C']	2	-2.9429464	-7.626118	-8.328384	-0.7022662
BCCDDDCDCDDDDCDDABCDABCABDBACBDCAADDCBCABACBCCABCACBCCCCCBDBACDBBBCBCBACCACACAACCCBABADBCCAAABBCCBB	['A63D', 'D77C']	2	-2.9429464	-7.626118	-8.328384	-0.7022662
BCCDDDCDCDDCDCDDABBDABCABDBACBDCAACACBCABACBCCABCACBCCCCCBDBACDBBBCBCBCACACACAACCCBABADBCCAABBBCCBB	['D12C', 'C19B', 'D35C', 'D36A', 'A63D', 'A71C', 'C72A', 'D77C', 'A93B']	9	-2.943222	-6.1289034	-6.8314495	-0.7025461
BCCDDDCDCDDDDCDDABCCABCABDBACBDCAADACBCABACBCCABCACBCDCCCBDBADDDBBCBCBBCCACADAACCABABADBCCAAABBCCBB	['D20C', 'D36A', 'C54D', 'C62D', 'A63D', 'B64D', 'A71B', 'C82A']	8	-2.9445124	-9.582955	-10.286788	-0.7038326
BCCDDDCDCCDABCDDADCDABCABDBACBDCAACABBCACACBCCABCACBCCCCDBDCDCACBBABCBACCACADAACCCBABADBCBAAABBCCBB	['D10C', 'D12A', 'D13B', 'B18D', 'D35C', 'D36A', 'C37B', 'B41C', 'C57D', 'B60C', 'A61D', 'B64C', 'C67A', 'C90B']	14	-2.9454498	-6.5509014	-7.25566	-0.70475864
BCCDDDCDCDDADCDDABCDABCABDBACBDCAADDBBCABACBCCABCACBCCCCDBDBACDBBBCBCBCDCACACAACCCBABADBCCAABBBCCBB	['D12A', 'C37B', 'C57D', 'A63D', 'A71C', 'C72D', 'D77C', 'A93B']	8	-2.945869	-6.8211384	-7.526326	-0.7051878
AAADDDCDCADDDCCDABCDABCABDBACBDCAADACBCACACBCCABCACBCCCCDBDBDCCDBBCBCBACCACADAACCCBABADBCCAABBBCCBB	['B1A', 'C2A', 'C3A', 'D10A', 'D15C', 'D36A', 'B41C', 'C57D', 'A61D', 'A63C', 'B64D', 'A93B']	12	-2.9463997	-9.202407	-9.908127	-0.70571995
AAADDDCDCDDDDCDDABCDABCABDBACBDCAADDCBCABACBCCABCACBCCCCDBDBACDBBBCBCBACCACACAACCCBABADBCCAAABBCCBB	['B1A', 'C2A', 'C3A', 'C57D', 'A63D', 'D77C']	6	-2.9467506	-9.551549	-10.257623	-0.70607376
BCCDDDCDCDDDDCDDABCDABCABDBACBDCAADDCBCABACBCCABCACBCCCCCBDBACBBBBCBCBACCACACAACCCBABADBCCAAABBCCBB	['A63B', 'D77C']	2	-2.9467592	-7.823354	-8.529431	-0.7060776
BCCDDDCDCDDDDCDDABCDABCABDBACBDCAADDCBCACACBCCABCACBCCCCCBDCADCBBBCBCBADCACACAACCCBABADBCCADABBCCBB	['B41C', 'B60C', 'C62D', 'A63C', 'C72D', 'D77C', 'A92D']	7	-2.9485307	-9.071823	-9.779674	-0.70785046
BCCDDDCDCDDDDACDABADABCABDBACBDCAADDCBCABACBCCABCACBCCCCCBDCCDDCBBCBCBACCACADAACCCBABADBCCAABBBCCBB	['C14A', 'D15C', 'C19A', 'B60C', 'A61C', 'C62D', 'A63D', 'B64C', 'A93B']	9	-2.9487295	-8.947791	-9.655841	-0.7080498
BCCDDDCDCDDDDCDDABCDABCABDBACBDCAADDCBCABACBCCABCACBCCCCCBDBACDBBBCBCBCACACADAACCCBABADBCCAAABBCCBB	['A63D', 'A71C', 'C72A']	3	-2.9506073	-7.887206	-8.597137	-0.7099314
BCCDDDCDCDDBDCDDABCDABCABDBACBDCAADDABCACACBCCABCACBCCCCCBDBACCCBBCBCBACCACADAACCCBABADBCCAAABBCCBB	['D12B', 'C37A', 'B41C', 'A63C', 'B64C']	5	-2.9515405	-10.559124	-11.269981	-0.7108574
BCCDDDCDCDDDDCCDABCDABCABDBACBDCAADDCBCACACBCCABCACBCCCCCBDBACABBBCBCBACCACADAACCCBABADBCCAABBBCCBB	['D15C', 'B41C', 'A93B']	3	-2.9518728	-6.6100216	-7.3212147	-0.7111931
BCCDDDCDCDDDDCCDABCDABCABDBACBDCAADDCBCACACBCCABCACBCCCCCBDBACABBBCBCBACCACADAACCCBABADBCCAABBBCCBB	['D15C', 'B41C', 'A93B']	3	-2.9518728	-6.6100216	-7.3212147	-0.7111931
BCCDDDCDCDDDDCCDABCDABCABDBACBDCAADDCBCACACBCCABCACBCCCCCBDBACABBBCBCBACCACADAACCCBABADBCCAABBBCCBB	['D15C', 'B41C', 'A93B']	3	-2.9518728	-6.6100216	-7.3212147	-0.7111931
BCCDDDCDCDDDDCCDABCDABCABDBACBDCAADDCBCACACBCCABCACBCCCCCBDBACABBBCBCBACCACADAACCCBABADBCCAABBBCCBB	['D15C', 'B41C', 'A93B']	3	-2.9518728	-6.6100216	-7.3212147	-0.7111931
BCCDDDCDCDDDDCCDABCDABCABDBACBDCAADDCBCACACBCCABCACBCCCCCBDBACABBBCBCBACCACADAACCCBABADBCCAABBBCCBB	['D15C', 'B41C', 'A93B']	3	-2.9518728	-6.6100216	-7.3212147	-0.7111931
BCCDDDCDCDDDDCCDABCDABCABDBACBDCAADDCBCABACBCCABCACBCCCCCBDBACDBBBCCABACCACACAACCCBABADBCCAAABBCCBB	['D15C', 'A63D', 'B68C', 'C69A', 'D77C']	5	-2.952026	-7.2274475	-7.9387884	-0.7113409
BCCDDDCDCDDDBCCDABCDABCABDBACBDCAADDCBCABACBCCABCACBCCCCCBDBACDBBBCBCBACCACACAACCCBABADBCCAAABBCCBB	['D13B', 'D15C', 'A63D', 'D77C']	4	-2.9542618	-6.202515	-6.916088	-0.713573
BCCDDDCDCDDDBCDDABCDABCABDBACDDCAADDCBCABACBCCABCACBCCCCCBDBACDCBBCBCBACCADADAACCCBABADBCCAAABBCCBB	['D13B', 'B30D', 'A63D', 'B64C', 'C75D']	5	-2.95471	-7.6125216	-8.326543	-0.7140212
BCCDDDCDCDDBDCDDABCDABCABDBACBDCAACDCBCABACBCCABCACBCCCCCBDBADDBBBCBCBCBCACACAACCCBABADBCCAAABBCCBB	['D12B', 'D35C', 'C62D', 'A63D', 'A71C', 'C72B', 'D77C']	7	-2.9554915	-8.387004	-9.101814	-0.7148104
BCCDDDCDCDDDDCDDABCDABCABDBACBDCAADDCBCABACBCCABCACBCCCCCBDBACDBBBCBCBBCBACABACCCCBABADBCAAAABBCCBB	['A63D', 'A71B', 'C73B', 'D77B', 'A79C', 'C90A']	6	-2.9558702	-8.213587	-8.928778	-0.7151909
BCCDDDCDCDDDDCDDABCDABCABDBACBDCCADDABAABACBCCABCACBCCCCCBDBACDBBBCBDBBCCACACAACCCBABADBCCAABBBCCBB	['A33C', 'C37A', 'C39A', 'A63D', 'C69D', 'A71B', 'D77C', 'A93B']	8	-2.9561987	-7.180735	-7.8962536	-0.7155185
AAADDDCDCDDDDCDDABCDABCABDBACBDCAADDCBCACACBCCABCACBCCCCCBDBACDBBBCBCBAACACADAACCCBABADBCCAAABBCCBB	['B1A', 'C2A', 'C3A', 'B41C', 'A63D', 'C72A']	6	-2.95713	-10.174867	-10.89132	-0.71645355
BCCDDDCDCDDDDCDDABCDABCABDBACBDCDADDABCABACBCCABCACBCCCCCBDBACBBBBCBCBADCACADAACCCBABADBDCAAABBCCBB	['A33D', 'C37A', 'A63B', 'C72D', 'C89D']	5	-2.9576545	-8.266157	-8.983132	-0.7169752
BCCDDDCDCDDDBCCDABCDABCABDBACBDCAADDCBCABACBCCABCACBCCCCCBDBACBBBBCBCBACCACACAACCCBABADBCCAAABBCCBB	['D13B', 'D15C', 'A63B', 'D77C']	4	-2.9580746	-6.3997507	-7.1171417	-0.717391
BCCDDDCDCDDDDCDDABCDABCABDBACBDCAACDBBCABACBCCABCACBCCCCCBDBACDBBBCBCBACCACADAACCCBABADBCCAABBBCCBB	['D35C', 'C37B', 'A63D', 'A93B']	4	-2.958459	-8.037671	-8.7554455	-0.7177744
BCCDDDCDCDDDDCDDABCDABCABDBACBDCAACDBBCABACBCCABCACBCCCCCBDBACDBBBCBCBACCACADAACCCBABADBCCAABBBCCBB	['D35C', 'C37B', 'A63D', 'A93B']	4	-2.958459	-8.037671	-8.7554455	-0.7177744
BCCDDDCDCDDDDCDDABCDABCABDBACBDCAACDBBCABACBCCABCACBCCCCCBDBACDBBBCBCBACCACADAACCCBABADBCCAABBBCCBB	['D35C', 'C37B', 'A63D', 'A93B']	4	-2.958459	-8.037671	-8.7554455	-0.7177744
BCCDDDCDCDDDDCDDABCDABCABDBACBDCAACDBBCABACBCCABCACBCCCCCBDBACDBBBCBCBACCACADAACCCBABADBCCAABBBCCBB	['D35C', 'C37B', 'A63D', 'A93B']	4	-2.958459	-8.037671	-8.7554455	-0.7177744
BCCDDDCDCDDDDCDDABBDABCABDBACBDCAADDBBCABACBCCABCACBCCCCCBDBADCBBBCBCBACCACACAACCCBABADBCCAABBBCCBB	['C19B', 'C37B', 'C62D', 'A63C', 'D77C', 'A93B']	6	-2.9590983	-6.2302475	-6.9486666	-0.7184191
BCCDDDCDCCDDBCDDABCDABCABDBACBDCAACABBCABACBCCAACACBCCCCCBDBACDBBBCBCBBCCCCADAACCBBBBADBCCAAABBCCBB	['D10C', 'D13B', 'D35C', 'D36A', 'C37B', 'B48A', 'A63D', 'A71B', 'A74C', 'C82B', 'A84B']	11	-2.960196	-8.055009	-8.774518	-0.7195091
BCCDDDCDCDDADCDDABCDABCABDBACBDCAADDCBCACACBCCABCACBCCCCCBDBADDBBBCBCBACCACADAACCDBABADBCCAABBBCCBB	['D12A', 'B41C', 'C62D', 'A63D', 'C82D', 'A93B']	6	-2.9603434	-9.314709	-10.034369	-0.71966076
AAADDDCDCDDDDCDDABCDABCABDBACBDCAACDABCACACBCCABCACBCCCCCBDBADDBBBCBCBCCCACACAACCCBABADBCCAABBBCCBB	['B1A', 'C2A', 'C3A', 'D35C', 'C37A', 'B41C', 'C62D', 'A63D', 'A71C', 'D77C', 'A93B']	11	-2.9606209	-8.996246	-9.716192	-0.7199459
BCCDDDCDCCDDDCDDBBCDABCABDBACBDCAADDBBCABACBCCAACACBCDCCCBDBACDBBBABCBBCCACACAACCBBABADBCCAABBBCCBB	['D10C', 'A17B', 'C37B', 'B48A', 'C54D', 'A63D', 'C67A', 'A71B', 'D77C', 'C82B', 'A93B']	11	-2.9611797	-7.5543537	-8.274855	-0.72050095
BCCDDDCDCDDDDCBDABCDABCABDBACBDCAADDABCABACBCCABCACBCCCCCBDBACACBBCBCBACCACACAACCCBABADBCCAAABBCCBB	['D15B', 'C37A', 'B64C', 'D77C']	4	-2.9632988	-7.4138756	-8.136495	-0.72261906
BCCDDDCDCDDBDCDDABCDABCABDBACBDCAADDCBCACACBCCABCACBCCCCCBDBACDBBBCBBBACCACACAACCCBABADBCCAAABBCCBB	['D12B', 'B41C', 'A63D', 'C69B', 'D77C']	5	-2.9644947	-8.513937	-9.237751	-0.723814
BCCDDDCDCDDDDCDDABBDABCABDBACBDCAADDCBCABACBCCABCACBCCCCCBDBACABBBCBCBACCACADAACCCBABADBCCAABBBCCBB	['C19B', 'A93B']	2	-2.964838	-6.6153045	-7.339463	-0.72415876
BCCDDDCDCDDDDCDDABCDABCABDBACBDCAADDCBCABACBCCABCACBCCCCDBDBACDBBBABCBACCACACAACCCBABADBCCAAABBCCBB	['C57D', 'A63D', 'C67A', 'D77C']	4	-2.965125	-7.8729854	-8.597431	-0.7244458
BCCDDDCDCDDDDCDDABCDABCABDBACBDCAADDCBCABACBCCABCACBCCCCDBDBACDBBBABCBACCACACAACCCBABADBCCAAABBCCBB	['C57D', 'A63D', 'C67A', 'D77C']	4	-2.965125	-7.8729854	-8.597431	-0.7244458
BCCDDDCDCDDDDCDDABCDABCABDBACBDCAADDABCABACBCCABCACBCCCCCBDBACBBBBCBCBACCACADAACCCBABADBCCAAABDCCBB	['C37A', 'A63B', 'B95D']	3	-2.9672341	-8.91522	-9.641774	-0.7265539
BCCDDDCDCDDDBCDDABCDABCABDBACBDCAADDCBCABACBCCABCACBCCCCCBDCACACBBCBCBACCACADAACCCBABADBCCAAABBCCBB	['D13B', 'B60C', 'B64C']	3	-2.9684072	-8.989563	-9.717289	-0.727726
BCCDDDCDCDDDDCCDABCDABCABDBACBDCAACDBBCABACBCCABCACBCCCCCBDBACDBBBCBCBACCACADAACCBBABADBCCAAABBCCBB	['D15C', 'D35C', 'C37B', 'A63D', 'C82B']	5	-2.970489	-8.642703	-9.372509	-0.72980595
BCCDDDCDCDDDDCDDABCDABCABDBACBDCAADDBBCABABBCCABCACBCCCCCBDBADDBBBCBCBCCCACACAACCCBABADBCCAABBBCCBB	['C37B', 'C43B', 'C62D', 'A63D', 'A71C', 'D77C', 'A93B']	7	-2.9717455	-6.563835	-7.2949038	-0.7310686
AAADDDCDCCDDBCDDABCCABCABDBACBDCBACACBCACACBCCAACACBCACCCBDBADDBBBCBCBDCCACADAACCBBABADBCBAABBBCCBB	['B1A', 'C2A', 'C3A', 'D10C', 'D13B', 'D20C', 'A33B', 'D35C', 'D36A', 'B41C', 'B48A', 'C54A', 'C62D', 'A63D', 'A71D', 'C82B', 'C90B', 'A93B']	18	-2.9739199	-9.338098	-10.071331	-0.73323345
BCCDDDCDCDDDBCDDABCDABCABDBACBDCAADACBCABACBCCABCACBCCCCCBDBACACBBCBACACCACADAACCCBABADBCCAAABBCCBB	['D13B', 'D36A', 'B64C', 'C69A', 'B70C']	5	-2.9740205	-8.021931	-8.755268	-0.7333374
BCCDDDCDCDDDDCDDABCDABCABDBACBDCAADDABCABACBCCABCACBCCCCCBDBACCCBBCBCBACCACADAACCCBABADBCCAAABBCCBB	['C37A', 'A63C', 'B64C']	3	-2.9761558	-9.978304	-10.713781	-0.73547745
AAADDDCDCDDDDCDDABCDABCABDBACBDCAACDCBCABACBCCABCACBCCCCDBDBACDBBBCBCBACCACADAACCCBABADBCCAABBBCCBB	['B1A', 'C2A', 'C3A', 'D35C', 'C57D', 'A63D', 'A93B']	7	-2.9766836	-10.468486	-11.204493	-0.73600674
BCCDDDCDCDDDDCDDABCDABCABDBACBDCAACDCBCABACBCCABCACBCCCCCBDBACACBBCBCBACCACADAACCCBABADBCCAAABBCCBB	['D35C', 'B64C']	2	-2.9767232	-9.150338	-9.886381	-0.736043
BCCDDDCDCDDDDCDDABCDABCABDBACBDCAACDCBCABACBCCABCACBCCCCCBDBACACBBCBCBACCACADAACCCBABADBCCAAABBCCBB	['D35C', 'B64C']	2	-2.9767232	-9.150338	-9.886381	-0.736043
BCCDDDCDCDDDDCDDABCDABCABDBACBDCAADDCBCABACBCCABCACBCCCCCBDBACBBBBCBCBADCACADAACCCBABADBCCAAABBCCBB	['A63B', 'C72D']	2	-2.9777136	-8.849226	-9.586257	-0.737031
BCCDDDCDCDDDDCCDABCDABCABDBACBDCAADDBBCABACBCCABCACBCCCCCBDBACCBBBCBCBACCACADAACCCBABADBCCAABBBCCBB	['D15C', 'C37B', 'A63C', 'A93B']	4	-2.979373	-7.1414976	-7.8801928	-0.73869514
BCCDDDCDCDDDDCDDABCDABCABDBACBDCAACDBBCABACBCCABCACBCCCCDBDBACABBBCBCBACCACACAACCCBABADBCCAABBBCCBB	['D35C', 'C37B', 'C57D', 'D77C', 'A93B']	5	-2.980043	-6.404503	-7.1438656	-0.7393627
BCCDDDCDCDDADDDDABCDABCABDBACBDCAADDBBCABACBCCABCACBCCCCCBDBACDBBBCBCBADCACACAACCCBABADBCCAABBBCCBB	['D12A', 'C14D', 'C37B', 'A63D', 'C72D', 'D77C', 'A93B']	7	-2.9809294	-7.038634	-7.778884	-0.7402501
BCCDDDCDCDDDBCDDABCDABCABDBACBDCAADDCBCABACBCCABCACBCCCCCBDBACDBBBCBCBAACACADAACCCBABADBCCAAABBCCBB	['D13B', 'A63D', 'C72A']	3	-2.9811368	-7.797291	-8.537745	-0.7404547
AAADDDCDCCDDDCDDABBDABCABDBACBDCAACCBBCABACBCCAACACBCDCCCBDCCDDBBBCBCBBCCACACAACCBBBBADBCCAABBBCCBB	['B1A', 'C2A', 'C3A', 'D10C', 'C19B', 'D35C', 'D36C', 'C37B', 'B48A', 'C54D', 'B60C', 'A61C', 'C62D', 'A63D', 'A71B', 'D77C', 'C82B', 'A84B', 'A93B']	19	-2.9815235	-8.913333	-9.654173	-0.74083996
BCCDDDCDCDDCDDDDABCDABCABDBACBDCAADDCBCACACBCCABCACBCCCCCBDBADABBBCBCBACCACADAACCCBABADBCCAABBBCCBB	['D12C', 'C14D', 'B41C', 'C62D', 'A93B']	5	-2.9817495	-7.8231125	-8.564186	-0.7410736
BCCDDDCDCDDDDCDDABCCABCABDBACBDCAADACBCACACBCCABCACBCDCCCBDCADDBBBCBCBBCCACADAACCBBABADBCCAABBBCCBB	['D20C', 'D36A', 'B41C', 'C54D', 'B60C', 'C62D', 'A63D', 'A71B', 'C82B', 'A93B']	10	-2.9823923	-9.677431	-10.419145	-0.7417135
BCCDDDCDCDDDBCCDABCDABCABDBACBDCAADDBBCABACBCCABCACBCCCCCBDBACABBBCBCCACCACADAACCDBABADBCCAAABBCCBA	['D13B', 'D15C', 'C37B', 'B70C', 'C82D', 'B99A']	6	-2.983039	-6.142292	-6.8846483	-0.7423563
BCCDDDCDCDDDDCDDABCDABCABDBACBDCAADDCBCABABBCCABCACBCCCCCBDBADDBBBCBCBCCCACACAACCCBABADBCCAABBBCCBB	['C43B', 'C62D', 'A63D', 'A71C', 'D77C', 'A93B']	6	-2.986165	-7.0692186	-7.814704	-0.7454853
BCCDDDCDCDDDDCDDABCDABCABDBACBDCAADDCBCACACBCCABCACBCCCCCBDBACACBBCBDBACCACADAACCCBABADBCCAAABBCCBB	['B41C', 'B64C', 'C69D']	3	-2.9863605	-9.190784	-9.936463	-0.7456789
BCCDDDCDCDDDDCDDABCDABCABDBACBDCAADDBBCABACBCCABCACBCCCCCBDBACDBBBCBCBACCADADAACCCBABADBCCAABBBCCBB	['C37B', 'A63D', 'C75D', 'A93B']	4	-2.9863782	-7.558658	-8.304356	-0.7456975
BCCDDDCDCDDDBCDDABCDABCABDBACBDCAADDCBCABACBCCABCACBCCCCCBDBACDBBBCBCBACCBCADAACCCBABADBCCAAABBCCBB	['D13B', 'A63D', 'A74B']	3	-2.9864287	-8.427215	-9.172964	-0.7457495
BCCDDDCDCDDDDCDDABCDABCABDBACBDCBADDABAABACBCCABCACBCCCCCBDBADACBBCBCBACCACACAACCCBABADBCCAAABBCCBB	['A33B', 'C37A', 'C39A', 'C62D', 'B64C', 'D77C']	6	-2.9884586	-8.22048	-8.968261	-0.7477808
BCCDDDCDCDDDDCDDABCDABCABDBACBDCAADDCBCABACBCCABCACBCCCCCBDBACDBBBCBBBACCACACAACCCBABADBCCAAABBCCBB	['A63D', 'C69B', 'D77C']	3	-2.98911	-7.933118	-8.681545	-0.7484274
BCCDDDCDCDDDDCDDABCDABCABDBACBDCAADDCBCABACBCCABCACBCCCCCBDBACDBBBCBBBACCACACAACCCBABADBCCAAABBCCBB	['A63D', 'C69B', 'D77C']	3	-2.98911	-7.933118	-8.681545	-0.7484274
BCCDDDCDCDDDDCDDABCDABCABDBACBDCAADDBBCABACBCCABCACBCCCCCBDBADBBBBCBCBACCCCACAACCCBABADBCCAAABBCCBB	['C37B', 'C62D', 'A63B', 'A74C', 'D77C']	5	-2.9894476	-7.831887	-8.580654	-0.7487674
BCCDDDCDCDDDDDDDABCDABCABDBACBDCAADDABCABACBCCABCACBCCCCCBDBACDBBBCBCBADCACACAACCCBABADBCCAAABBCCBB	['C14D', 'C37A', 'A63D', 'C72D', 'D77C']	5	-2.9898515	-7.6267657	-8.375937	-0.74917173
BCCDDDCDCDDDDDDDABCDABCABDBACBDCAADDABCABACBCCABCACBCCCCCBDBACDBBBCBCBADCACACAACCCBABADBCCAAABBCCBB	['C14D', 'C37A', 'A63D', 'C72D', 'D77C']	5	-2.9898515	-7.6267657	-8.375937	-0.74917173
BCCDDDCDCDDDDDDDABCDABCABDBACBDCAADDABCABACBCCABCACBCCCCCBDBACDBBBCBCBADCACACAACCCBABADBCCAAABBCCBB	['C14D', 'C37A', 'A63D', 'C72D', 'D77C']	5	-2.9898515	-7.6267657	-8.375937	-0.74917173
BCCDDDCDCDDDDDDDABCDABCABDBACBDCAADDABCABACBCCABCACBCCCCCBDBACDBBBCBCBADCACACAACCCBABADBCCAAABBCCBB	['C14D', 'C37A', 'A63D', 'C72D', 'D77C']	5	-2.9898515	-7.6267657	-8.375937	-0.74917173
BCCDDDCDCDDBDCDDABBDABCABDBACBDCAADDCBCABACBCCABCACBCCCCCBDBACBBBBCBCBACCACACAACCCBABADBCCAAABBCCBB	['D12B', 'C19B', 'A63B', 'D77C']	4	-2.9911652	-7.4734697	-8.223952	-0.75048256
BCCDDDCDCDDDDCDDABCDABCABDBACBDCAADACBCABACBCCABCACBCCCCCBDBADDBBBCBCBACCACADAACCABABADBCCAAABBCCBB	['D36A', 'C62D', 'A63D', 'C82A']	4	-2.9915986	-9.391982	-10.142899	-0.7509165
BCCDDDCDCDDDDCDDABCDABCABDBACBDCCADDABAACACBCCABCACBCCCCCBDBACDBBBCBCBBCCACADAACCCBABADBCCAABBBCCBB	['A33C', 'C37A', 'C39A', 'B41C', 'A63D', 'A71B', 'A93B']	7	-2.9917564	-8.049066	-8.800141	-0.75107574
BCCDDDCDCDDDDCDDABCDABCABDBACBDCAADBABCABACBCCABCACBCCCCCBDBADDCBBCBCBADCACADAACCCBABADBCCAAABBCCBB	['D36B', 'C37A', 'C62D', 'A63D', 'B64C', 'C72D']	6	-2.9922495	-9.610465	-10.362038	-0.7515726
BCCDDDCDCDDDDCDDABCDABCABDBACBDCAADBABCABACBCCABCACBCCCCCBDBADDCBBCBCBADCACADAACCCBABADBCCAAABBCCBB	['D36B', 'C37A', 'C62D', 'A63D', 'B64C', 'C72D']	6	-2.9922495	-9.610465	-10.362038	-0.7515726
BCCDDDCDCDDDDCDDABCDABCABDBACBDCAADBABCABACBCCABCACBCCCCCBDBADDCBBCBCBADCACADAACCCBABADBCCAAABBCCBB	['D36B', 'C37A', 'C62D', 'A63D', 'B64C', 'C72D']	6	-2.9922495	-9.610465	-10.362038	-0.7515726
BCCDDDCDCDDDDCDDABCDABCABDBACBDCAADBABCABACBCCABCACBCCCCCBDBADDCBBCBCBADCACADAACCCBABADBCCAAABBCCBB	['D36B', 'C37A', 'C62D', 'A63D', 'B64C', 'C72D']	6	-2.9922495	-9.610465	-10.362038	-0.7515726
BCCDDDCDCDDDDCDDABCDABCABDBACBDCAADBABCABACBCCABCACBCCCCCBDBADDCBBCBCBADCACADAACCCBABADBCCAAABBCCBB	['D36B', 'C37A', 'C62D', 'A63D', 'B64C', 'C72D']	6	-2.9922495	-9.610465	-10.362038	-0.7515726
BCCDDDCDCDDDDCCDABCDABCABDBACBDCAADDCBCABACBCCABCACBCCCCCBDBACCBBBCBCBACCACADAACCCBABADBCCAABBBCCBB	['D15C', 'A63C', 'A93B']	3	-2.9937916	-7.64688	-8.399995	-0.7531147
BCCDDDCDCDDDDCDDABCDABCABDBACBDCAADDBBCABACBCCABCACBCCCCCBDCACDBBBCBCBACCACADAACCCBABADBCCAABBBCCBB	['C37B', 'B60C', 'A63D', 'A93B']	4	-2.9948835	-8.364515	-9.118717	-0.7542019
BCCDDDCDCDDDDCDDABBDABCABDBACBDCAADACBCABACBCCABCACBCCCCCBDBACDBBBCBABACCACADAACCCBABADBCCAABBBCCBB	['C19B', 'D36A', 'A63D', 'C69A', 'A93B']	5	-2.9949126	-7.718879	-8.473115	-0.75423574
BCCDDDCDCDDDDCDDABCDABCABDBACDDCAADDABCABACBBCABCACBCCCCCBDBACDBBBCBCBCCCACADAACCABABADBCCAAABDCCBB	['B30D', 'C37A', 'C45B', 'A63D', 'A71C', 'C82A', 'B95D']	7	-2.9951077	-6.76153	-7.515954	-0.7544241
BCCDDDCDCDDDDDDDABBDABCABDBACBDCAADDCBCABACBCCABCACBCCCCCBDBACACBBCBCCACCACADAACCCBABADBCCAAABBCCBB	['C14D', 'C19B', 'B64C', 'B70C']	4	-2.9952765	-7.359808	-8.114405	-0.7545967
BCCDDDCDCDDDDDDDABBDABCABDBACBDCAADDCBCABACBCCABCACBCCCCCBDBACACBBCBCCACCACADAACCCBABADBCCAAABBCCBB	['C14D', 'C19B', 'B64C', 'B70C']	4	-2.9952765	-7.359808	-8.114405	-0.7545967
BCCDDDCDCDDDDCDDABCDABCABDBACBDCAADBCBCABACBCCABCACBCCCCCBDBACACBBCBCBACCACADAACCCBABADBCCAAABBCCBB	['D36B', 'B64C']	2	-2.9956012	-8.831565	-9.586483	-0.7549181
BCCDDDCDCDDABDDDABCDABCABDBACBDCAADDBBCABACBCCABCACBCCCCCBDBACDCBBCBCBACCACACAACCCBABADBCCAAABBCCBB	['D12A', 'D13B', 'C14D', 'C37B', 'A63D', 'B64C', 'D77C']	7	-2.9956913	-7.919662	-8.674669	-0.75500727
BCCDDDCDCDDDBDDDABCDABCABDBACBDCAADDCBCABACBCCABCACBCCCCCBDBACDBBBCBCBADCACADAACCCBABADBCCAAABBCCBB	['D13B', 'C14D', 'A63D', 'C72D']	4	-2.9971476	-8.138227	-8.894694	-0.75646687
BCCDDDCDCDDDDCDDABCDABCABDBACBDCAACDABBACACBCCABCACBCCCCCBDBACDBBBCBCBBCCACADAACCCBABADBCCAABBBCCBB	['D35C', 'C37A', 'C39B', 'B41C', 'A63D', 'A71B', 'A93B']	7	-2.9986305	-8.319529	-9.077477	-0.7579489
BCCDDDCDCDDDDCDDABCDABCABDBACBDCAADDCBCABACBCCABCACBCCCCDBDCCCDBBBCBCBACCACACAACCCBABADBCCAABBBCCBB	['C57D', 'B60C', 'A61C', 'A63D', 'D77C', 'A93B']	6	-2.9988894	-8.0265045	-8.784711	-0.75820637
BCCDDDCDCCDCDCDDABADABCABDBACBDCAACDCBCABACBCCAACACBCDCCCBDBACDBDBCBCBCCCACACAACCCBABADBCCAAABBCCBB	['D10C', 'D12C', 'C19A', 'D35C', 'B48A', 'C54D', 'A63D', 'B65D', 'A71C', 'D77C']	10	-3.0020509	-7.986867	-8.74824	-0.7613735
BCCDDDCDCCDDDCDDABCCABCABDBACBDCAADACBCABACBCCABCACBCCCCCBDBADDBBBCBCBACCACADAACCCBABADBCCAAABBCCBB	['D10C', 'D20C', 'D36A', 'C62D', 'A63D']	5	-3.002441	-6.670515	-7.432271	-0.76175594
BCCDDDCDCDDDDDCDABBDABCABDBACBDCAADDBBCABACBCCABCACBCCCCCBDBACADBBCBCBACCACACAACCCBABADBCCAABBBCCBB	['C14D', 'D15C', 'C19B', 'C37B', 'B64D', 'D77C', 'A93B']	7	-3.004727	-4.5379043	-5.301942	-0.7640376
BCCDDDCDCDDDDCDDABCDABCABDBACBDCAADACBCABACBCCABCACBCCCCCBDBACACBBCBCBADCACADAACCCBABADBCCAAABBCCBB	['D36A', 'B64C', 'C72D']	3	-3.0054483	-8.641457	-9.406223	-0.7647667
BCCDDDCDCDDDDCDDABCDABCABDBACBDCAADDBBCABACBCCABCACBCCCCCBDBACDBBBCBBBADCACADAACCCBABADBCCAAABBCCBB	['C37B', 'A63D', 'C69B', 'C72D']	4	-3.0056438	-8.453606	-9.218568	-0.7649622
AAADDDCDCDDDDCDDABCDABCABDBACBDCAADDBBCABACBCCABCACBCCCCCBDBADCBBBCBCBCACACACAACCCBABADBCCAAABBCCBB	['B1A', 'C2A', 'C3A', 'C37B', 'C62D', 'A63C', 'A71C', 'C72A', 'D77C']	9	-3.0065417	-8.481426	-9.247289	-0.76586246
AAADDDCDCADDBCDDACCDABCABDBACBDCAACACBCACACBCCABCACBCCCCDBDBDDABBBCBCBACCCCACAACCCBABADBDBAAABBCCBB	['B1A', 'C2A', 'C3A', 'D10A', 'D13B', 'B18C', 'D35C', 'D36A', 'B41C', 'C57D', 'A61D', 'C62D', 'A74C', 'D77C', 'C89D', 'C90B']	16	-3.009573	-8.102324	-8.87121	-0.76888657
BCCDDDCDCDDDDCDDABCDABCABDBACBDCAADDCBCABACBCCABCACBCDCCCBDBADDABBCBABBCCACADAACCCBABADBCCAAABBCCBB	['C54D', 'C62D', 'A63D', 'B64A', 'C69A', 'A71B']	6	-3.009718	-9.852827	-10.621869	-0.769042
BCCDDDCDCDDDDCCDABADABCABDBACBDCAADDCBCABACBCCABCACBCCCCDBDBACDBBBCBCBACCACADAACCCBABADBCCAAABBCCBB	['D15C', 'C19A', 'C57D', 'A63D']	4	-3.0111575	-7.9127746	-8.683252	-0.7704778
BCCDDDCDCDDDDCDDABCDABCABDBACBDCAACDCBCACACBCCABCACBCCCCCBDBACACBBCBCBACCACADAACCCBABADBCCAAABBCCBB	['D35C', 'B41C', 'B64C']	3	-3.0123687	-9.268927	-10.040616	-0.7716894
BCCDDDCDCDDDBCDDABCDABCABDBACBDCDADDCBCABACBCCABCACBCCCCCBDBACACBBCBCBACCACADAACCCBABADBCCAAABBCCBB	['D13B', 'A33D', 'B64C']	3	-3.0125213	-7.4644775	-8.236317	-0.77183914
BCCDDDCDCDDDDCDDABCDABCABDBACBDCAADACBCABACBCCABCACBCCCCCBDBACDBBBCBACACCACADAACCCBABADBCCAABBBCCBB	['D36A', 'A63D', 'C69A', 'B70C', 'A93B']	5	-3.0149174	-7.902264	-8.676501	-0.77423716
BCCDDDCDCDDDDCDDAACDABCABDBACBDCAADACBCABACBCCABCACBCCCCCCDBACCBBBCBCBCCCACADAACCCBABADBCCAAABBCCBB	['B18A', 'D36A', 'B58C', 'A63C', 'A71C']	5	-3.0162573	-7.5425262	-8.318103	-0.7755766
BCCDDDCDCDDDBCDDABCDABCABDBACBDCAADACBCABACBCCABCACBCCCCCBDBACDCBBCBCBACCACADAACCCBABADBCCAAABBCCBB	['D13B', 'D36A', 'A63D', 'B64C']	4	-3.0163655	-8.915198	-9.690882	-0.7756834
BCCDDDCDCDDDDCDDABCDABCABDBACDDCAADDCBCABACBCCABCACBCCCCCBDBACDBBBCBCBBCCACAAAACCCBABADBCCAAABBCCBB	['B30D', 'A63D', 'A71B', 'D77A']	4	-3.0189018	-6.5093427	-7.2875557	-0.778213
BCCDDDCDCDDDBCDDABCDABCABDBACBDCAADACBCACACBCCABCACBCCCCCBDBAAACBBCBCBACCACADAACCCBABADBCCAAABBCCBB	['D13B', 'D36A', 'B41C', 'C62A', 'B64C']	5	-3.0199037	-8.351367	-9.130589	-0.77922153
BCCDDDCDCDDDDCCDABCDABCABDBACBDCAACDCBCABACBCCABCACBCCCCCBDBACDBBBCBCBACCACADAACCCBABADBCBAAABBCCBB	['D15C', 'D35C', 'A63D', 'C90B']	4	-3.0209055	-7.860446	-8.640669	-0.7802229
BCCDDDCDCDDDDCDDABCDABCABDBACBDCAACDBBCABACBCCABCACBCCCCCBDCACDBBBCBCBACCACACAACCCBABADBCCAABBBCCBB	['D35C', 'C37B', 'B60C', 'A63D', 'D77C', 'A93B']	6	-3.0209785	-7.692916	-8.473212	-0.7802963
BCCDDDCDCDDADCDDABCDABCABDBACBDCAADDBBCABACBCCABCACBCDCCCBDBCDDBBBCBCBACCACADAACCBBABADBCCAABBBCCBB	['D12A', 'C37B', 'C54D', 'A61C', 'C62D', 'A63D', 'C82B', 'A93B']	8	-3.0217252	-9.740107	-10.521149	-0.7810421
AAADDDCDCDDBDCDDABCDABCABDBACBDCAADDCBCABACBCCABCACBCCCCCBDBACCBBBCBCBACCACACAACCCBABADBCCAAABBCCBB	['B1A', 'C2A', 'C3A', 'D12B', 'A63C', 'D77C']	6	-3.021924	-10.223073	-11.004318	-0.78124523
BCCDDDCDCDDDDCDDABCDABCABDBACBDCAADDCBCABACBCCABCACBCCCCCBDBACBBABCBCBADCACACAACCCBABADBCCAAABBCCBB	['A63B', 'B65A', 'C72D', 'D77C']	4	-3.022985	-7.9435105	-8.725812	-0.7823014
BCCDDDCDCDDDDCCDABCDABCABDBACBDCAADDCBCABACBCCABCACBCCCCCBDBADABBBCBCBCCCACADAACCCBABADBCCAABBBCCBB	['D15C', 'C62D', 'A71C', 'A93B']	4	-3.024753	-6.053752	-6.837823	-0.78407097
AAADDDCDCDDBDCDDABCCABCABDBACBDCAADDCBCABACBCCABCACBCCCCCBDBACDBBBCBCBACCACADAACCCBABADBCCAAABBCCBB	['B1A', 'C2A', 'C3A', 'D12B', 'D20C', 'A63D']	6	-3.0252776	-10.357964	-11.142566	-0.78460217
BCCDDDCDCDDDDCDDABCDABCABDBACBDCAADDCBCABACBCCABCACBCCCCCBDBACDBBBCBCBAACACADAACCCBABADBCCAAABBCCBB	['A63D', 'C72A']	2	-3.0258775	-8.28491	-9.070108	-0.7851982
BCCDDDCDCDDDBDDDABCCABCABDBACBDCAADDCBCABACBCCABCACBCCCCCBBBADDCBBCBCBACCACADAACCCBABADBCCAAABBCCBB	['D13B', 'C14D', 'D20C', 'D59B', 'C62D', 'A63D', 'B64C']	7	-3.026794	-8.590281	-9.376391	-0.7861109
BCCDDDCDCDDDDDDDABBDABCABDBACDDCAADDCBCABACBCCABCACBCCCCCBDBACACBBCBCBACCACADAACCCBABADBCCAAABBCCBB	['C14D', 'C19B', 'B30D', 'B64C']	4	-3.0314794	-6.6252627	-7.416053	-0.7907901
BCCDDDCDCDDDBCDDABCDABCABDBACBDCAADACBCABACBCCABCACBCCCCCBDBADACBBCBABACCACADAACCCBABADBCCAAABBCCBB	['D13B', 'D36A', 'C62D', 'B64C', 'C69A']	5	-3.033142	-8.610682	-9.403145	-0.7924633
BCCDDDCDCDDDBCDDABCDABCABDBACBDCAADACBCABACBCCABCACBCCCCCBDBADACBBCBABACCACADAACCCBABADBCCAAABBCCBB	['D13B', 'D36A', 'C62D', 'B64C', 'C69A']	5	-3.033142	-8.610682	-9.403145	-0.7924633
BCCDDDCDCDDBDCDDABBDABCABDBACBDCAADDCBCABACBCCABCACBCCCCCBDBACDBBBCBBBACCACACAACCCBABADBCCAAABBCCBB	['D12B', 'C19B', 'A63D', 'C69B', 'D77C']	5	-3.033517	-7.583234	-8.376072	-0.7928381
BCCDDDCDCDDDDCDDABCDABCABDBACBDCAADDCBCABACBCCABCACBCCCCCBDBACABBBCBCBCCCACACAACCCBABADBCCAAABBCCBB	['A71C', 'D77C']	2	-3.0337424	-6.436324	-7.2293854	-0.79306126
BCCDDDCDCDDDDCDDABCDABCABDBACBDCAADDABCABACBCCABCACBCCCCDBDBACBBBBCBCBADCACACAACCCBABADBCCAAABBCCBB	['C37A', 'C57D', 'A63B', 'C72D', 'D77C']	5	-3.033873	-8.0042095	-8.797404	-0.7931948
BCCDDDCDCDDDDCDDABBDABCABDBACDDCAADDCBCABACBBCABCACBCCCCCBDBACABBBCBCBACCACACAACCCBABADBCCAABBBCCBB	['C19B', 'B30D', 'C45B', 'D77C', 'A93B']	5	-3.7361617	-3.0346425	-4.530119	-0.79395723
BCCDDDCDCDDDDCDDABCDABCABDBACBDCAADDCBCABACBCCABCACBCCCCCBDCBDDBBBCCCBACCACACAACCCBABADBCCAABBBCCBB	['B60C', 'A61B', 'C62D', 'A63D', 'B68C', 'D77C', 'A93B']	7	-3.0352244	-6.8046227	-7.5991573	-0.7945347
BCCDDDCDCDDDDCDDABCDABCABDBACBDCAADDCBCABACBCCABCACBACCCCBDBACDBBBCBCBACCACADAACCBBABADBCCAAABBCCBB	['C53A', 'A63D', 'C82B']	3	-3.0385756	-9.909966	-10.707856	-0.7978897
BCCDDDCDCDDDDCDDABCDABCABDBACBDCAADDCBCABACBCCABCACBCCCCCBDBADDBBBABCBACCACACAACCCBABADBCCAAABBCCBB	['C62D', 'A63D', 'C67A', 'D77C']	4	-3.0407248	-7.678941	-8.478987	-0.80004597
BCCDDDCDCDDDDDDDABCDABCABDBACBDCAADDCBCABACBCCABCACBCCCCCBDBACDBBBCBCBADCACADAACCCBABADBCCAAABBCCBB	['C14D', 'A63D', 'C72D']	3	-3.0418882	-8.625848	-9.427056	-0.8012085
AAADDDCDCDDDDCDDABCDABCABDBACBDCAACDCBCABACBCCABCACBCCCCCBDBACDBBBCBCBCCCACACAACCCBABADBCCAAABBCCBB	['B1A', 'C2A', 'C3A', 'D35C', 'A63D', 'A71C', 'D77C']	7	-3.0420585	-9.323325	-10.124708	-0.801383
BCCDDDCDCDDDDCDDABCDABCABDBACBDCAACDBBCABACBCCABCACBCCCCCBDBACCBBBCBCBACCACADAACCDBABADBCCAAABBCCBB	['D35C', 'C37B', 'A63C', 'C82D']	4	-3.042747	-9.504305	-10.306372	-0.8020668
BCCDDDCDCDDDDCDDABCDABCABDBACBDCAADDCBCABABBCCABCACBCCCCCBDBACDBBBCBCBBCCACADAACCCBABADBCCAABBBCCBB	['C43B', 'A63D', 'A71B', 'A93B']	4	-3.0439215	-8.190718	-8.993959	-0.8032417
BCCDDDCDCDDDDCCDABCDABCABDBACDDCAACDABCACACBCCABCACBCCCCDBDBACDCBBCBCBCCCACACAACCCBABADBCCAAABBCCBB	['D15C', 'B30D', 'D35C', 'C37A', 'B41C', 'C57D', 'A63D', 'B64C', 'A71C', 'D77C']	10	-3.0441232	-6.5190363	-7.3224716	-0.8034353
BCCDDDCDCDDBDCDDABCDABCABDBACBDCAACDBBCABABBCCABCACBCCCCDBDBADCCBBCBABCCCACACAACCCBABADBCCAAABBCCBB	['D12B', 'D35C', 'C37B', 'C43B', 'C57D', 'C62D', 'A63C', 'B64C', 'C69A', 'A71C', 'D77C']	11	-3.0467796	-9.79396	-10.6000595	-0.8060999
BCCDDDCDCDDDDCDDABADABCABDBACBDCAADDABCABACBCCABCACBCCCCCBDBACDBBBCBCBACCACADAACCCBABADBCCAAABBCCBB	['C19A', 'C37A', 'A63D']	3	-3.0475469	-8.690756	-9.497627	-0.8068714
BCCDDDCDCCDDDCDDABCDABCABDBACBDCAADDABCACACBCCAACACBCDCCCBDBADDBBBCBCBACCCCACAACCBBABADBCCAAABBCCBB	['D10C', 'C37A', 'B41C', 'B48A', 'C54D', 'C62D', 'A63D', 'A74C', 'D77C', 'C82B']	10	-3.0481486	-9.202805	-10.010275	-0.8074703
BCCDDDCDCCDBDDDDABCDABCABDBACBDCAADDCBCACACBCCABCACBCCCCCBDBACDBBBCBCBACCACADAACCCBABADBCCAAABBDCBB	['D10C', 'D12B', 'C14D', 'B41C', 'A63D', 'C96D']	6	-3.0483484	-8.00679	-8.814457	-0.8076668
BCCDDDCDCDDDDCDDABCDABCABDBACBDCAADDCBCACACBCCABCACBCCCCCBDCACACBBCBCBACCACADAACCCBABADBCCAAABBCCBB	['B41C', 'B60C', 'B64C']	3	-3.0487933	-9.595771	-10.403885	-0.80811405
BCCDDDCDCCDCDDDDABCDABCABDBACBDCAACDBBCABACBCCAACACBCDCCCBDBACDBBBDBCBACCACADAACCBBABADBCCAAABBCCBB	['D10C', 'D12C', 'C14D', 'D35C', 'C37B', 'B48A', 'C54D', 'A63D', 'C67D', 'C82B']	10	-3.049111	-9.685713	-10.494139	-0.8084259
BCCDDDCDCCDCDDDDABCDABCABDBACBDCAACDBBCABACBCCAACACBCDCCCBDBACDBBBDBCBACCACADAACCBBABADBCCAAABBCCBB	['D10C', 'D12C', 'C14D', 'D35C', 'C37B', 'B48A', 'C54D', 'A63D', 'C67D', 'C82B']	10	-3.049111	-9.685713	-10.494139	-0.8084259
BCCDDDCDCCDCDDDDABCDABCABDBACBDCAACDBBCABACBCCAACACBCDCCCBDBACDBBBDBCBACCACADAACCBBABADBCCAAABBCCBB	['D10C', 'D12C', 'C14D', 'D35C', 'C37B', 'B48A', 'C54D', 'A63D', 'C67D', 'C82B']	10	-3.049111	-9.685713	-10.494139	-0.8084259
BCCDDDCDCDDDDCDDABBDABCABDBACBDCAADDABCABACBCCABCACBCCCCCBDBACACBBCBBBACCACADAACCCBABADBCCAAABBCCBB	['C19B', 'C37A', 'B64C', 'C69B']	4	-3.0494227	-8.317741	-9.126483	-0.80874157
BCCDDDCDCDDDDCDDABCDABCABDBACBDCAACDBBCABACBCCABCACBCCCCCBDBACCCDBCBCBACCACADAACCCBABADBCCAAABBCCBB	['D35C', 'C37B', 'A63C', 'B64C', 'B65D']	5	-3.0526853	-10.009797	-10.821801	-0.8120041
BCCDDDCDCDDCBDDDABCDABCABDBACBDCAADDCBCABACBCCABCACBCCCCCBDBACDBBBCBCBACCACADAACCCBABADBCCAAABBCCBB	['D12C', 'D13B', 'C14D', 'A63D']	4	-3.0530238	-8.450728	-9.263071	-0.81234264
BCCDDDCDCDDDDCDDABCDABCABDBACBDCAADDBBCABACBCCABCACBCCCCCBDBACDBBBCBCCACCACACAACCCBABADBCCAAABBCCBB	['C37B', 'A63D', 'B70C', 'D77C']	4	-3.0532002	-6.4920034	-7.3045206	-0.81251717
BCCDDDCDCDDDDCDDABCDABCABDBACBDCAADDCBCABACBCCABCACBCCCCCBDBADBBBBCBCBCCCACACAACCCBABADBCCAAABBCCBB	['C62D', 'A63B', 'A71C', 'D77C']	4	-3.055283	-7.3856707	-8.200275	-0.81460476
BCCDDDCDCDDDDCDDABCDABCABDBACBDCAADACBCABACBCCABCACBCCCCCBDBACABBBCBABACCACADAACCCBABADBCCAABBBCCBB	['D36A', 'C69A', 'A93B']	3	-3.0563102	-7.738904	-8.554537	-0.8156328
AAADDDCDCDDDDCDDABCDABCABDBACBDCAADDCBCACACBCCABCACBCCCCCBDBACDDBBCBCBACCACACAACCCBABADBCCAAABBCCBB	['B1A', 'C2A', 'C3A', 'B41C', 'A63D', 'B64D', 'D77C']	7	-3.0571432	-9.901323	-10.717787	-0.8164635
BCCDDDCDCDDDDCDDABCCABCABDBACBDCAACAABCABACBCCABCACBCDCCCBDBACDBBBCBCBBCCACADAACCABABADBCCAAABBCCBB	['D20C', 'D35C', 'D36A', 'C37A', 'C54D', 'A63D', 'A71B', 'C82A']	8	-3.0571914	-9.557292	-10.373798	-0.8165064
BCCDDDCDCCDDDCDDABCDABCABDBACBDCAACDDBCACACBCCAACACBCCCCCBDBACDBBBCBCBCCCACACAACCCBABADBCBAABBBCCBB	['D10C', 'D35C', 'C37D', 'B41C', 'B48A', 'A63D', 'A71C', 'D77C', 'C90B', 'A93B']	10	-3.059227	-6.073429	-6.891968	-0.81853867
BCCDDDCDCDDDDCDDABCDABCABDBACDDCAADDABCABACBCCABCACBCCCCCBDBACACBBCBCBACCACADAACCCBABADBCCAAABBCCBB	['B30D', 'C37A', 'B64C']	3	-3.0594678	-7.459579	-8.27836	-0.8187814
BCCDDDCDCDDDDDDDABCDABCABDBACBDCAADDCBCABACBCCABCACBCCCCCBDCACCBBBCBCBACCACACAACCCBABADBCBAAABBCCBB	['C14D', 'B60C', 'A63C', 'D77C', 'C90B']	5	-3.0602126	-8.465349	-9.284882	-0.8195324
BCCDDDCDCDDDBCDDABCDABCABDBACBDCAADDABCABACBCCABCACBCCCCCBDBACCBABCBCBACCACACAACCCBABADBDCAAABBCCBB	['D13B', 'C37A', 'A63C', 'B65A', 'D77C', 'C89D']	6	-3.0604157	-7.8829126	-8.70265	-0.81973743
BCCDDDCDCDDBDCCDABCDABCABDBACBDCAADACBCABACBCCABCACBCCCCCBDBACBCBBCBCBACCACADAACCCBABADBCCAAABBCCBB	['D12B', 'D15C', 'D36A', 'A63B', 'B64C']	5	-3.0607142	-9.126297	-9.946332	-0.820035
BCCDDDCDCDDBDCCDABCDABCABDBACBDCAADACBCABACBCCABCACBCCCCCBDBACBCBBCBCBACCACADAACCCBABADBCCAAABBCCBB	['D12B', 'D15C', 'D36A', 'A63B', 'B64C']	5	-3.0607142	-9.126297	-9.946332	-0.820035
BCCDDDCDCDDDDCDDABCDABCABDBACBDCAADDCBCABABBCCABCACBCCCCCBDBADDBBBCBCBACCACACAACCCBABADBCCAABBBCCBB	['C43B', 'C62D', 'A63D', 'D77C', 'A93B']	5	-3.0614352	-7.466921	-8.287677	-0.82075596
BCCDDDCDCDDDDCCDABCDABCABDBACBDCAADACBCABACBCCABCACBCCCCCBDBACACBBCBCBADCACADAACCCBABADBCCAAABBCCBB	['D15C', 'D36A', 'B64C', 'C72D']	4	-3.0615053	-7.7054696	-8.526296	-0.82082605
AAADDDCDCDDDDCDDABBDABCABDBACBDCAACDABCABACBCCABCACBCCCCCBDBACABBBCBCBACCCCADAACCCBACADBCCAAABBCCBB	['B1A', 'C2A', 'C3A', 'C19B', 'D35C', 'C37A', 'A74C', 'B85C']	8	-3.06219	-9.515648	-10.337163	-0.8215151
BCCDDDCDCDDBDCCDABCDABCABDBACBDCAADDCBCACACBCCABCACBCCCCCBDBACDBBBCBCBACCBCADAACCCBABADBCCAAABBCCBB	['D12B', 'D15C', 'B41C', 'A63D', 'A74B']	5	-3.0626101	-8.559668	-9.381596	-0.821928
BCCDDDCDCDDDDCBDABBCABCABDBACBDCAADDCBCACACBCCABCACBCCCCCBDBACBBBBCBCBBCCACADAACCCBABADBCCAABBBCCBB	['D15B', 'C19B', 'D20C', 'B41C', 'A63B', 'A71B', 'A93B']	7	-3.0635242	-6.5011606	-7.324005	-0.8228445
BCCDDDCDCDDDDCBDABBCABCABDBACBDCAADDCBCACACBCCABCACBCCCCCBDBACBBBBCBCBBCCACADAACCCBABADBCCAABBBCCBB	['D15B', 'C19B', 'D20C', 'B41C', 'A63B', 'A71B', 'A93B']	7	-3.0635242	-6.5011606	-7.324005	-0.8228445
BCCDDDCDCCDDDCDDABCCABCABDBACBDCAADABBCABACBCCAACACBBDCCCBDBADDBBBCBABDACACADAACCBBABADBCBABABBCCBB	['D10C', 'D20C', 'D36A', 'C37B', 'B48A', 'C53B', 'C54D', 'C62D', 'A63D', 'C69A', 'A71D', 'C72A', 'C82B', 'C90B', 'A92B']	15	-3.0666413	-7.7972736	-8.623231	-0.8259573
BCCDDDCDCDDDDCDDABCDABCABDBACBDCAACDBBCABACBCCABCACBCCCCDBDBACDBBBCBCBACCACADAACCCBABADBCCAABBBCCBB	['D35C', 'C37B', 'C57D', 'A63D', 'A93B']	5	-3.066656	-8.191734	-9.017711	-0.8259764
BCCDDDCDCDDDDCCDABCDABCABDBACBDCAACDCBCACACBCCABCACBCCCCCBDBACACBBCBCBACCACADAACCCBABADBCCAAABBCCBB	['D15C', 'D35C', 'B41C', 'B64C']	4	-3.0684257	-8.332942	-9.160684	-0.8277416
BCCDDDCDCDDDBCDDABCCABCABDBACBDCAADDCBCABACBCCABCACBCCCCCBDBACDBBBCBCBCCCACADAACCCBABADBCCAAABBCCBB	['D13B', 'D20C', 'A63D', 'A71C']	4	-3.0699205	-7.239043	-8.068277	-0.8292341
BCCDDDCDCDDDDCDDABCDABCABDBACBDCAADDCBBABACBCCABCACBCCCCCBDBACDBBBCBCBACCACADAACCCBABADBCCAAABBCCBB	['C39B', 'A63D']	2	-3.071487	-8.594411	-9.425215	-0.8308039
BCCDDDCDCDDDDCCDABCDABCABDBACBDCAACDCACACACBCCABCACBCCCCCBDBADCBBBCBCBACCACADAACCCBABAABCCAABBBCCBB	['D15C', 'D35C', 'B38A', 'B41C', 'C62D', 'A63C', 'D87A', 'A93B']	8	-3.0721922	-8.207777	-9.039292	-0.8315153
BCCDADCDCDDDDDDDABCDABCABDBACBDCAADDCBCABACBCCABCACBCCCCDBDBACDBBBCBCBACCACADAACCCBABADBCCAAABBCCBB	['D5A', 'C14D', 'C57D', 'A63D']	4	-3.0730739	-8.499925	-9.332317	-0.8323927
BCCDDDCDCDDDBCDDABCDABCABDBACBDCAADDCBCABACBCCABCACBCCCCCBDBACDBBBCBCBCCCACADAACCCBABADBCCAAABBCCBB	['D13B', 'A63D', 'A71C']	3	-3.075615	-7.7359385	-8.5708685	-0.83492994
BCCDDDCDCDDDDCDDABCDABCABDBACBDCAADDBBCACACBCCABCACBCCCCCBDCACDBABCBCBACCACACAACCCBABADBCCAABBBCCBB	['C37B', 'B41C', 'B60C', 'A63D', 'B65A', 'D77C', 'A93B']	7	-3.0758004	-7.577387	-8.412507	-0.8351202
BCCDDDCDCCDDDCDDABCCABCABDBACBDCAACABBCABACBCCAACACBCACCCBDBADDBBBCBCBBCCACACAACCBBABADBCCAABBBCCBB	['D10C', 'D20C', 'D35C', 'D36A', 'C37B', 'B48A', 'C54A', 'C62D', 'A63D', 'A71B', 'D77C', 'C82B', 'A93B']	13	-3.0788026	-6.9270096	-7.765128	-0.83811855
BCCDDDCDCDDDBCDDABCDABCABDBACBDCAADDABCACACBCCABCACBCCCCCBDBACABBBCBCBADCACACAACCCBABADBCCAAABBCCBB	['D13B', 'C37A', 'B41C', 'C72D', 'D77C']	5	-3.078835	-6.49179	-7.329941	-0.838151
BCCDDDCDCDDDBCDDABCDABCABDBACBDCAADDABCACACBCCABCACBCCCCCBDBACABBBCBCBADCACACAACCCBABADBCCAAABBCCBB	['D13B', 'C37A', 'B41C', 'C72D', 'D77C']	5	-3.078835	-6.49179	-7.329941	-0.838151
BCCDDDCDCDDDBCDDABBDABCABDBACBDCAADDCBCABACBCCABCACBCCCCCBDBADACDBCBCCACCACADAACCCBABADBCCAAABBCCBB	['D13B', 'C19B', 'C62D', 'B64C', 'B65D', 'B70C']	6	-3.0791626	-7.067746	-7.906225	-0.83847904
BCCDDDCDCDDDDCDDABCDABCABDBACBDCAADDCBCABABBCCABCACBCCCCCBDBACDBBBCBCBACCACADAACCCBABADBCCADABBCCBB	['C43B', 'A63D', 'A92D']	3	-3.0808797	-9.226416	-10.066618	-0.84020233
BCCDDDCDCDDDDCDDABCDABCABDBACBDCAADDABCABACBCCABCACBCCCCCBDBADACBBCBCBACCACADAACCCBABADBCCAAABBCCBB	['C37A', 'C62D', 'B64C']	3	-3.0823874	-8.782876	-9.624582	-0.8417063
BCCDDDCDCDDDDCDDABCDABCABDBACBDCAADDABCABACBCCABCACBCCCCCBDBADACBBCBCBACCACADAACCCBABADBCCAAABBCCBB	['C37A', 'C62D', 'B64C']	3	-3.0823874	-8.782876	-9.624582	-0.8417063
BCCDDDCDCDDDDCDDABCDABCABDBACBDCAACDBBCACACBCCABCACBCCCCCBDBACABBBCBCBCCCACADAACCCBABADBCCAABBBCCBB	['D35C', 'C37B', 'B41C', 'A71C', 'A93B']	5	-3.0848994	-6.966467	-7.810684	-0.8442173
BCCDDDCDCDDDDCDDABCDABCABDBACBDCAADDCBCABACBCCABCACBCCCCCBDBADDBBBCBCCACCBCACAACCCBABADBCCAAABBCCBB	['C62D', 'A63D', 'B70C', 'A74B', 'D77C']	5	-3.0869594	-7.2509823	-8.09726	-0.8462782
BCCDDDCDCDDDDCDDABCDABCABDBACBDCAADDCBCABACBCCABCACBCCCCCBDCACDBBBCBCBAACACACAACCCBABADBCCAAABBCCBB	['B60C', 'A63D', 'C72A', 'D77C']	4	-3.088397	-7.9401546	-8.787871	-0.8477168
BCCDDDCDCDDDDCDDABCDABCABDBACBDCAADDCBCABACBCCABCACBCCCCCBDCACDBBBCBCBAACACACAACCCBABADBCCAAABBCCBB	['B60C', 'A63D', 'C72A', 'D77C']	4	-3.088397	-7.9401546	-8.787871	-0.8477168
BCCDDDCDCDDDDCDDABCDABCABDBACBDCAADDCBCABACBCCABCACBCCCCCBDCACDBBBCBCBAACACACAACCCBABADBCCAAABBCCBB	['B60C', 'A63D', 'C72A', 'D77C']	4	-3.088397	-7.9401546	-8.787871	-0.8477168
BCCDDDCDCDDCBDDDABCDABCABDBACBDCAADDCBCACACBCCABCACBCCCCCBDBACDBBBCBCBACCACADAACCCBABADBCCAAABBCCBB	['D12C', 'D13B', 'C14D', 'B41C', 'A63D']	5	-3.0886693	-8.569317	-9.417304	-0.8479872
BCCDDDCDCDDBDCDCABBDABCABDBACBDCAACDABCABACBCCABCACBCCCCCBDBACCCBBCBCBACCACACAACCCBABADBCCAABBBCCBB	['D12B', 'D16C', 'C19B', 'D35C', 'C37A', 'A63C', 'B64C', 'D77C', 'A93B']	9	-3.0897117	-8.790616	-9.639648	-0.8490324
BCCDDDCDCDDDDCDDABCDABCABDBACBDCAADDCBAABACBCCABCACBCCCCCBDCADDBBBCBCBACCACACAACCCBABADBCCAABBBCCBB	['C39A', 'B60C', 'C62D', 'A63D', 'D77C', 'A93B']	6	-3.0899653	-7.9896436	-8.838928	-0.84928465
AAADDDCDCDDDDCDDABCDABCABDBACBDCAADDCBCABACBCCABCACBCCCCCBDBACDBBBCBCBACCACADAACCCBABADBCCAAABBCCBB	['B1A', 'C2A', 'C3A', 'A63D']	4	-3.0912328	-10.392626	-11.243185	-0.85055923
BCCDDDCDCDDDDCDDABCDABCABDBACBDCDADDCBCACACBCCABCACBCCCCCBDBACACBBCBCBACCACADAACCCBABADBCCAAABBCCBB	['A33D', 'B41C', 'B64C']	3	-3.0929065	-8.070684	-8.922911	-0.85222626
BCCDDDCDCDDDDCDDABCDABCABDBACBDCDADDCBCACACBCCABCACBCCCCCBDBACACBBCBCBACCACADAACCCBABADBCCAAABBCCBB	['A33D', 'B41C', 'B64C']	3	-3.0929065	-8.070684	-8.922911	-0.85222626
AAADDDCDCDDDDCDDABCDABCABDBACBDCAADDCBCABACBCCABCACBCCCCCBDBACBBBBCBCBACCACADAACCCBABADBCCAAABBCCBB	['B1A', 'C2A', 'C3A', 'A63B']	4	-3.0950446	-10.589863	-11.444232	-0.85436916
AAADDDCDCDDDDCDDABCDABCABDBACBDCAADDCBCABACBCCABCACBCCCCCBDBACBBBBCBCBACCACADAACCCBABADBCCAAABBCCBB	['B1A', 'C2A', 'C3A', 'A63B']	4	-3.0950446	-10.589863	-11.444232	-0.85436916
BCCDDDCDCDDDBCDDABCDABCABDBACBDCAADACBCABACBCCABCACBCCCCCBDBACDBBBCBCBCCCACADAACCCBABADBCBAAABBCCBB	['D13B', 'D36A', 'A63D', 'A71C', 'C90B']	5	-3.0952868	-7.3714995	-8.226101	-0.8546014
BCCDDDCDCDDDBCDDABCDABCABDBACBDCAADACBCABACBCCABCACBCCCCCBDBACDBBBCBCBCCCACADAACCCBABADBCBAAABBCCBB	['D13B', 'D36A', 'A63D', 'A71C', 'C90B']	5	-3.0952868	-7.3714995	-8.226101	-0.8546014
BCCDDDCDCDDDDCDDABCDABCABDBACBDCAADACBCABACBCCABCACBCCCCCBDBACDBBBCBCCACCACACAACCCBABADBCCAABBBCCBB	['D36A', 'A63D', 'B70C', 'D77C', 'A93B']	5	-3.0953226	-6.379569	-7.234212	-0.85464287
AAADDDCDCDDDDCDDABCDABCABDBACBDCAACDABCABACBCCABCACBCCCCCBDBACDBBBCBCBADCACACAACCCBABADBCCAAABBCCBB	['B1A', 'C2A', 'C3A', 'D35C', 'C37A', 'A63D', 'C72D', 'D77C']	8	-3.0962472	-9.747819	-10.60339	-0.8555708
BCCDDDCDCDDDDCDDABCDABCABDBACBDCAADDCBCABACBCCABCACBCCCCDBDBACDBBBCBBBACCACACAACCCBABADBCCAAABBCCBB	['C57D', 'A63D', 'C69B', 'D77C']	4	-3.0973063	-8.087182	-8.943807	-0.8566246
BCCDDDCDCDDDBCDDABCDABCABDBACBDCAADDABCABACBCCABCACBCCCCCBDBACDBBBCBCBACCACACAACCCBABADBCCAAABBCCBB	['D13B', 'C37A', 'A63D', 'D77C']	4	-3.0988493	-7.13456	-7.992728	-0.8581681
BCCDDDCDCDDDBCDDABCDABCABDBACBDCAADDABCABACBCCABCACBCCCCCBDBACDBBBCBCBACCACACAACCCBABADBCCAAABBCCBB	['D13B', 'C37A', 'A63D', 'D77C']	4	-3.0988493	-7.13456	-7.992728	-0.8581681
BCCDDDCDCDDDBCDDABCDABCABDBACBDCAADDABCABACBCCABCACBCCCCCBDBACDBBBCBCBACCACACAACCCBABADBCCAAABBCCBB	['D13B', 'C37A', 'A63D', 'D77C']	4	-3.0988493	-7.13456	-7.992728	-0.8581681
BCCDDDCDCDDDBCDDABCDABCABDBACBDCAADDABCABACBCCABCACBCCCCCBDBACDBBBCBCBACCACACAACCCBABADBCCAAABBCCBB	['D13B', 'C37A', 'A63D', 'D77C']	4	-3.0988493	-7.13456	-7.992728	-0.8581681
BCCDDDCDCDDDBCDDABCDABCABDBACBDCAADDABCABACBCCABCACBCCCCCBDBACDBBBCBCBACCACACAACCCBABADBCCAAABBCCBB	['D13B', 'C37A', 'A63D', 'D77C']	4	-3.0988493	-7.13456	-7.992728	-0.8581681
BCCDDDCDCDDDBCDDABCDABCABDBACBDCAADDABCABACBCCABCACBCCCCCBDBACDBBBCBCBACCACACAACCCBABADBCCAAABBCCBB	['D13B', 'C37A', 'A63D', 'D77C']	4	-3.0988493	-7.13456	-7.992728	-0.8581681
BCCDDDCDCDDDBCDDABCDABCABDBACBDCAADDABCABACBCCABCACBCCCCCBDBACDBBBCBCBACCACACAACCCBABADBCCAAABBCCBB	['D13B', 'C37A', 'A63D', 'D77C']	4	-3.0988493	-7.13456	-7.992728	-0.8581681
BCCDDDCDCDDDBCDDABCDABCABDBACBDCAADDABCABACBCCABCACBCCCCCBDBACDBBBCBCBACCACACAACCCBABADBCCAAABBCCBB	['D13B', 'C37A', 'A63D', 'D77C']	4	-3.0988493	-7.13456	-7.992728	-0.8581681
BCCDDDCDCDDDBCDDABCDABCABDBACBDCAADDABCABACBCCABCACBCCCCCBDBACDBBBCBCBACCACACAACCCBABADBCCAAABBCCBB	['D13B', 'C37A', 'A63D', 'D77C']	4	-3.0988493	-7.13456	-7.992728	-0.8581681
BCCDDDCDCDDDBCDDABCDABCABDBACBDCAADDABCABACBCCABCACBCCCCCBDBACDBBBCBCBACCACACAACCCBABADBCCAAABBCCBB	['D13B', 'C37A', 'A63D', 'D77C']	4	-3.0988493	-7.13456	-7.992728	-0.8581681
BCCDDDCDCDDDBCDDABCDABCABDBACBDCAADDABCABACBCCABCACBCCCCCBDBACDBBBCBCBACCACACAACCCBABADBCCAAABBCCBB	['D13B', 'C37A', 'A63D', 'D77C']	4	-3.0988493	-7.13456	-7.992728	-0.8581681
BCCDDDCDCDDDBCDDABCDABCABDBACBDCAADDABCABACBCCABCACBCCCCCBDBACDBBBCBCBACCACACAACCCBABADBCCAAABBCCBB	['D13B', 'C37A', 'A63D', 'D77C']	4	-3.0988493	-7.13456	-7.992728	-0.8581681
BCCDDDCDCDDDDDCDABCDABCABDBACBDCAACDBBCABACBCCABCACBCCCCCBDBACACDBCBCBACCACADAACCCBABADBCCAAABBCCBB	['C14D', 'D15C', 'D35C', 'C37B', 'B64C', 'B65D']	6	-3.0991654	-7.8922205	-8.750706	-0.8584852
AAADDDCDCDDBBCDDABDDABCABDBACBDCAADDABCABACBCCABCACBCCCCCBDBACDBBBCBCBACCACADAACCCBABADBCCAAABBCCBB	['B1A', 'C2A', 'C3A', 'D12B', 'D13B', 'C19D', 'C37A', 'A63D']	8	-3.1029363	-10.17577	-11.038025	-0.8622551
BCCDDDCDCDDDBDDDABCDABCABDBACBDCAADDCBCABACBCCABCACBCCCCCBDBACDBDBCBCCACCACACAACCCBABADBCCAAABBCCBB	['D13B', 'C14D', 'A63D', 'B65D', 'B70C', 'D77C']	6	-3.103685	-6.693019	-7.5560226	-0.86300373
BCCDDDCDCDDDDCDDABCDABCABDBACDDCAADDCBCABACBCCABCACBCCCCCBDBACDBBBCBCBACCACACAACCCBABADBCCAAABBCCBB	['B30D', 'A63D', 'D77C']	3	-3.1038208	-6.2628393	-7.1259727	-0.86313343
BCCDDDCDCDDDDCDDABCDABCABDBACBDCDADDCBCACACBCCABCACBCCCCCBDBACACDBCBCBACCACADAACCCBABADBCCAAABBCCBB	['A33D', 'B41C', 'B64C', 'B65D']	4	-3.1057248	-8.280078	-9.145117	-0.8650389
BCCDDDCDCDDDDDDDABBDABCABDBACBDCAADDABCACACBCCABCACBCCCCCBDBACACBBCBCBACCACADAACCCBABADBCCAAABBCCBB	['C14D', 'C19B', 'C37A', 'B41C', 'B64C']	5	-3.106892	-8.1031885	-8.969399	-0.86621094
BCCDDDCDCCDDDCDDABCDABCABDBACBDCAADDCBCABACBCCAACACBCACCCBDCADDBBBCBCBBCCACACAACCBBABADBCCAAABBCCBB	['D10C', 'B48A', 'C54A', 'B60C', 'C62D', 'A63D', 'A71B', 'D77C', 'C82B']	9	-3.107637	-8.873949	-9.740911	-0.8669615
BCCDDDCDCDDABCDDABCDABCABDBACBDCAADDCBCABACBCCABCACBCCCCCBDBACACBBCBCBACCACACAACCCBABADBCCAAABBCCBB	['D12A', 'D13B', 'B64C', 'D77C']	4	-3.1081905	-7.6590962	-8.526607	-0.8675103
BCCDDDCDCDDDBCDDABCDABCABDBACDDCDACCCBCABACBDCABCACBCCCCCBDBACACBBCBCBACCACADAACCCBABADBCCAAABBCCBB	['D13B', 'B30D', 'A33D', 'D35C', 'D36C', 'C45D', 'B64C']	7	-3.1086497	-6.5115266	-7.379488	-0.8679614
BCCDDDCDCDDDDCDDABCDABCABDBACBDCAADDCBCABACBCCABCACBCCCCCBDBACABBBCBCBACCACACAACCCBABADBCCAAABBCCBB	['D77C']	1	-3.1090117	-6.8340282	-7.702361	-0.86833286
BCCDDDCDCDDDDCDDABCDABCABDBACBDCAADDCBCABACBCCABCACBCCCCCBDBACABBBCBCBACCACACAACCCBABADBCCAAABBCCBB	['D77C']	1	-3.1090117	-6.8340282	-7.702361	-0.86833286
BCCDDDCDCDDDDCDDABCDABCABDBACBDCAADDCBCABACBCCABCACBCCCCCBDBACABBBCBCBACCACACAACCCBABADBCCAAABBCCBB	['D77C']	1	-3.1090117	-6.8340282	-7.702361	-0.86833286
BCCDDDCDCDDDDCDDABCDABCABDBACBDCAADDCBCABACBCCABCACBCCCCCBDBACABBBCBCBACCACACAACCCBABADBCCAAABBCCBB	['D77C']	1	-3.1090117	-6.8340282	-7.702361	-0.86833286
BCCDDDCDCDDDDCDDABCDABCABDBACBDCAADDCBCABACBCCABCACBCCCCCBDBACABBBCBCBACCACACAACCCBABADBCCAAABBCCBB	['D77C']	1	-3.1090117	-6.8340282	-7.702361	-0.86833286
BCCDDDCDCDDADCDDABCDABCABDBACBDCAADDCBCACACBCCABCACBCCCCCBDBACDBBBCBCBCCCACACAACCCBABADBCCAABBBCCBB	['D12A', 'B41C', 'A63D', 'A71C', 'D77C', 'A93B']	6	-3.1094608	-7.2603145	-8.129096	-0.86878157
BCCDDDCDCDDDDCDDABCDABCABDBACBDCAADDCBCABACBCCABCACBCCCCCBDBACDBBBABCBACCACADAACCCBABADBCCAAABBCCBB	['A63D', 'C67A']	2	-3.1096082	-8.714063	-9.582989	-0.86892605
BCCDDDCDCDDCBDDDABCDABCABDBACBDCAADDCBCABACBCCABCACBCCCCCBDBCCDBBBCBCBCCCACADAACCCBABADBCCAAABBCCBB	['D12C', 'D13B', 'C14D', 'A61C', 'A63D', 'A71C']	6	-3.1118221	-8.050707	-8.921847	-0.8711405
BCCDDDCDCCDDDCDDABBDABCABDBACBDCAADDCBCACABBCCABCACBCCCCCBDBACCBBBCBCBACCACADAACCCBABADBCCAAABBCCBB	['D10C', 'C19B', 'B41C', 'C43B', 'A63C']	5	-3.115271	-7.375825	-8.25042	-0.8745947
AAADDDCDCDDDDCDDABCDABCABDBACBDCAACDCBCABACBCCABCACBCCCCCBDBACDBBBCBCBACCACACAACCCBABADBCCAAABBCCBB	['B1A', 'C2A', 'C3A', 'D35C', 'A63D', 'D77C']	6	-3.1173286	-9.721028	-10.597677	-0.8766489
BCCDDDCDCDDDDCDDABCDABCABDBACBDCAADDCBCACABBCCAACACBCDCCCBDBADDBBBCBCBBDCCCADAACCBBABADBCBAABBBCCBB	['B41C', 'C43B', 'B48A', 'C54D', 'C62D', 'A63D', 'A71B', 'C72D', 'A74C', 'C82B', 'C90B', 'A93B']	12	-3.1177154	-10.851503	-11.728541	-0.877038
BCCDDDCDCDDDDCDDABCDABCABDBACBDCAADDCBCACACBBCABCACBCCCCCBDBACDBBBCBCBADCACACAACCCBABADBCCAABBBCCBB	['B41C', 'C45B', 'A63D', 'C72D', 'D77C', 'A93B']	6	-3.1184711	-6.151445	-7.029233	-0.87778807
BCCDDDCDCDDDDCDDABCDABCABDBACBDCAADDCBCABACBCCABCACBCCCCCBDBADCBBBCBCBACCACADAACCCBABADBCCAABBBCCBB	['C62D', 'A63C', 'A93B']	3	-3.1215296	-8.542887	-9.4237385	-0.88085175
BCCDDDCDCDDDDCDDABCDABCABDBACBDCAADDCBCABACBCCABCACBCCCCCBDBACDBBBBBBBACCACACAACCCBABADBCCAAABBCCBB	['A63D', 'C67B', 'C69B', 'D77C']	4	-3.1220756	-7.533111	-8.414507	-0.8813958
BCCDDDCDCDDDDCDDABCDABCABDBACBDCAADDCBCABACBBCABCACBCDCCCBDBACDBBBCBCBACCACACAACCBBABADBCCAAABBCCBB	['C45B', 'C54D', 'A63D', 'D77C', 'C82B']	5	-3.1225882	-8.15709	-9.038997	-0.8819065
BCCDDDCDCDDDDCCDABCDABCABDBACBDCAACDBBCABACBCCABCACBCCCCDBDBACDBBBCBCBACCACADAACCCBABADBCCAABBBCCBB	['D15C', 'D35C', 'C37B', 'C57D', 'A63D', 'A93B']	6	-3.122713	-7.2557487	-8.137778	-0.88202953
AAADDDCDCDDDDCDDABCDABCABDBACBDCAADACBCABACBCCABCACBCCCCCBDBACACBBCBCBACCACADAACCCBABADBCCAAABBCCBB	['B1A', 'C2A', 'C3A', 'D36A', 'B64C']	5	-3.1227813	-10.382095	-11.264196	-0.88210106
BCCDDDCDCDDDDCDDABCDABCABDBACDDCAADDCBCACACBCCABCACBCCCCCBDCACACBBCBCBBCCACADAACCCBABADBCCAAABBCCBB	['B30D', 'B41C', 'B60C', 'B64C', 'A71B']	5	-3.1232696	-7.9211674	-8.803749	-0.8825817
BCCDDDCDCDDDDCDDABCDABCABDBACBDCAADDCBCABACBCCABCACBCCCCCBDBACCDBBCBCBACCACACDACCCBABADBCCACABBCCBB	['A63C', 'B64D', 'D77C', 'A78D', 'A92C']	5	-3.1238217	-8.777452	-9.660592	-0.8831396
BCCDDDCDCDDDDCDDABCDABCABDBACBDCAADDCBCABACBCCABCACBCCCCCBDBACBBBBCBCBCCCACADAACCCBABADBCCAAABBCCBB	['A63B', 'A71C']	2	-3.1241674	-8.420793	-9.304281	-0.88348866
BCCDDDCDCCDDDCDDABCDABCABDBACBDCAACABBCACACBCCABCACBCCCCCBDBACDBBBCBCBACCACADAACCCBABADBCCAAABBCCBB	['D10C', 'D35C', 'D36A', 'C37B', 'B41C', 'A63D']	6	-3.1243377	-7.14414	-8.027793	-0.88365316
BCCDDDCDCDDDDCDDABCDABCABDBACBDCAADDCBCABACBCCABCACBCCCCCBDBACDDBBCBCBACCACACAACCCBABADBCCAAABBCCBB	['A63D', 'B64D', 'D77C']	3	-3.1258907	-8.011366	-8.896574	-0.88520813
AAADDDCDCDDDDCDDABCDABCABDBACBDCAADDCBCACACBCCABCACBCCCCCBDBACDBBBCBCBACCACADAACCCBABADBCCAAABBCCBB	['B1A', 'C2A', 'C3A', 'B41C', 'A63D']	5	-3.1268783	-10.511216	-11.397416	-0.88619995
AAADDDCDCDDDDCDDABCDABCABDBACBDCAADDCBCACACBCCABCACBCCCCCBDBACDBBBCBCBACCACADAACCCBABADBCCAAABBCCBB	['B1A', 'C2A', 'C3A', 'B41C', 'A63D']	5	-3.1268783	-10.511216	-11.397416	-0.88619995
AAADDDCDCDDDDCDDABCDABCABDBACBDCAADDCBCACACBCCABCACBCCCCCBDBACDBBBCBCBACCACADAACCCBABADBCCAAABBCCBB	['B1A', 'C2A', 'C3A', 'B41C', 'A63D']	5	-3.1268783	-10.511216	-11.397416	-0.88619995
AAADDDCDCDDDDCDDABCDABCABDBACBDCAACDBBCABABBCCABCACBCCCCCBDBACDCBBCBCBACCACADAACCCBABADBCCAAABBCCBB	['B1A', 'C2A', 'C3A', 'D35C', 'C37B', 'C43B', 'A63D', 'B64C']	8	-3.128058	-11.490947	-12.3783245	-0.88737774
BCCDDDCDCADDBCDDABCDABCABDBACBDCAACACBCACACBBCABCACBCCCCCBDBADDCBBABDBACCACACAACCCBABADBCCAAABBCCBB	['D10A', 'D13B', 'D35C', 'D36A', 'B41C', 'C45B', 'C62D', 'A63D', 'B64C', 'C67A', 'C69D', 'D77C']	12	-3.1296954	-6.8624005	-7.7514057	-0.8890052
AAADDDCDCDDDDCDDABCDABCABDBACBDCAADDCBCACACBCCABCACBCCCCCBDBACBBBBCBCBACCACADAACCCBABADBCCAAABBCCBB	['B1A', 'C2A', 'C3A', 'B41C', 'A63B']	5	-3.13069	-10.708453	-11.598467	-0.8900137
BCCDDDCDCDDDDCDDABCDABCABDBACBDCAADACBCACACBCCABCACBCCCCCBDBACDBBBCBCCACCACACAACCCBABADBCCAABBBCCBB	['D36A', 'B41C', 'A63D', 'B70C', 'D77C', 'A93B']	6	-3.130968	-6.4981575	-7.388445	-0.8902874
BCCDDDCDCDDDDCDDABCDABCABDBACBDCDADDCBCABACBCCABCACBCCCCCBDBACCCBBCBCBACCACADAACCCBABADBCCAAABBCCBB	['A33D', 'A63C', 'B64C']	3	-3.1348252	-9.107543	-10.001689	-0.89414597
BCCDDDCDCDDDDCDDABCDABCABDBACBDCDADDCBCABACBCCABCACBCCCCCBDBACCCBBCBCBACCACADAACCCBABADBCCAAABBCCBB	['A33D', 'A63C', 'B64C']	3	-3.1348252	-9.107543	-10.001689	-0.89414597
BCCDDDCDCDDDBCDDABCDABCABDBACBDCAADDCBCACACBCCABCACBCCCCDCDBDCABBBCBDBACCACACAACCCBABADBCCAAABBCCBB	['D13B', 'B41C', 'C57D', 'B58C', 'A61D', 'C69D', 'D77C']	7	-3.1351	-7.3095355	-8.203947	-0.89441156
AAADDDCDCDABDCCDABBDABCABDBACBDCAADDCBCABACBCCABCACBCCCCCBDBACCBBBCBCBACCACADAACCDBABADBCCAAABBCCBB	['B1A', 'C2A', 'C3A', 'D11A', 'D12B', 'D15C', 'C19B', 'A63C', 'C82D']	9	-3.135157	-9.6862545	-10.58073	-0.89447594
BCCDDDCDCDDBDCDDABCDABCABDBACBDCAADDCBCABACBCCABCACBCCCCCBDBACDBBBCBCBACCACADAACCCBABADBCCAAABBCCBB	['D12B', 'A63D']	2	-3.135365	-9.08349	-9.978173	-0.8946829
BCCDDDCDCDDBDCDDABCDABCABDBACBDCAADDCBCABACBCCABCACBCCCCCBDBACDBBBCBCBACCACADAACCCBABADBCCAAABBCCBB	['D12B', 'A63D']	2	-3.135365	-9.08349	-9.978173	-0.8946829
AAADDDCDCDDBDCDDABBDABCABDBACBDCAADDCBCABACBCCABCACBCCCCCBDBACDBBBCBCBACCACADAACCCBABADBCCAAABBCCBB	['B1A', 'C2A', 'C3A', 'D12B', 'C19B', 'A63D']	6	-3.1356406	-10.042744	-10.937708	-0.8949642
BCCDDDCDCDDDBCDDABCDABCABDBACBDCAADDBBCABACBCCABCACBCCCCCBDBACDBBBCBCBACCACADAACCCBABADBCCAAABBCCBB	['D13B', 'C37B', 'A63D']	3	-3.1364646	-7.628258	-8.524037	-0.89577913
BCCDDDCDCDDDBCDDABCDABCABDBACBDCAADDBBCABACBCCABCACBCCCCCBDBACDBBBCBCBACCACADAACCCBABADBCCAAABBCCBB	['D13B', 'C37B', 'A63D']	3	-3.1364646	-7.628258	-8.524037	-0.89577913
BCCDDDCDCDDDDCCDABCDABCABDBACBDCAACDCBCABACBCCABCACBCCCCDBDBACDBBBCBCBACCACADAACCCBABADBCCAABBBCCBB	['D15C', 'D35C', 'C57D', 'A63D', 'A93B']	5	-3.1371326	-7.761132	-8.657586	-0.89645433
BCCDDDCDCDDBDCDDABCDABCABDBACBDCAADDCBCABACBCCABCACBCCCCCBDBACBBBBCBCBACCACADAACCCBABADBCCAAABBCCBB	['D12B', 'A63B']	2	-3.1391768	-9.280726	-10.179225	-0.89849854
BCCDDDCDCDDDDCDCABCDABCABDBACBDCAADDCBAABACBCCABCACBCCCCCBDBACACBBCBCBACCACACAACCCBABADBCCAAABBCCBB	['D16C', 'C39A', 'B64C', 'D77C']	4	-3.139392	-8.222065	-9.120774	-0.8987093
BCCDDDCDCDDDDCDDABCCABCABDBACBDCAADACBCACACBCCABCACBCCCCDBDBACDBBBCBCBADCACADAACCCBABADBCCAABBBCCBB	['D20C', 'D36A', 'B41C', 'C57D', 'A63D', 'C72D', 'A93B']	7	-3.1397529	-7.8099284	-8.709	-0.8990712
BCCDDDCDCDADDCCBABCDABCABDBACDDCAADDCBCABABBCCABCACBCCCCCBDBACDBBBCBABACCACADAACCCBABADBCCAABBBCCBB	['D11A', 'D15C', 'D16B', 'B30D', 'C43B', 'A63D', 'C69A', 'A93B']	8	-3.14258	-5.638584	-6.5404778	-0.9018936
BCCDDDCDCADDDCCDABBDABCABDBACBDCAADACBCABACBCCABCACBCCCCCBDBACCBBBCBCBACCACADACCCCBABADBCCAAABBCCBB	['D10A', 'D15C', 'C19B', 'D36A', 'A63C', 'A79C']	6	-3.1428475	-5.755187	-6.6573544	-0.9021673
BCCDDDCDCDDDDCDDABCDABCABDBACBDCAADDCBCACACBCCABCACBCCCCCBDBACABBBCBCBACCACACAACCCBABADBCCAAABBCCBB	['B41C', 'D77C']	2	-3.144658	-6.9526167	-7.856597	-0.90398026
BCCDDDCDCDDDDCDDABCDABCABDBACBDCAADDCBCACABBCCABCACBCCCCCBDBCDDBBBCBCBBCCACACAACCCBABADBCCAABBBCCBB	['B41C', 'C43B', 'A61C', 'C62D', 'A63D', 'A71B', 'D77C', 'A93B']	8	-3.144751	-7.271868	-8.1759405	-0.9040723
BCCDDDCDCDDDDCDDABBDABCABDBACBDCAADDCBCABACBCCABCACBCCCCDBDBACDBBBCBCBACCACADAACCCBABADBCBAAABBCBAB	['C19B', 'C57D', 'A63D', 'C90B', 'C97B', 'B98A']	6	-3.1458893	-7.738643	-8.643852	-0.90520906
BCCDDDCDCCDDDCCDABCDABCABDBACBDCAACAABCACACBCCAACACBCCCCCBDBACDBBBCBCBBCCACADAACCBBABADBCBAABBBCCBB	['D10C', 'D15C', 'D35C', 'D36A', 'C37A', 'B41C', 'B48A', 'A63D', 'A71B', 'C82B', 'C90B', 'A93B']	12	-3.148242	-7.380127	-8.287685	-0.90755844
BCCDDDCDCCDDDCCDABCDABCABDBACBDCAACAABCACACBCCAACACBCCCCCBDBACDBBBCBCBBCCACADAACCBBABADBCBAABBBCCBB	['D10C', 'D15C', 'D35C', 'D36A', 'C37A', 'B41C', 'B48A', 'A63D', 'A71B', 'C82B', 'C90B', 'A93B']	12	-3.148242	-7.380127	-8.287685	-0.90755844
BCCDDDCDCDDDBCCDABBCABCABDBACBDCAACABBCACACBCCABCACBCCCCCBDBADDBBBCBCBACCACADAACCCBABADBCCACBBBCCBB	['D13B', 'D15C', 'C19B', 'D20C', 'D35C', 'D36A', 'C37B', 'B41C', 'C62D', 'A63D', 'A92C', 'A93B']	12	-3.149209	-5.533552	-6.442071	-0.9085188
BCCDDDCDCDDBDCDDABBDABCABDBACBDCAACDCBCACABBCCABCACBCCCCCBDBACDBBBCBCBBCCACACAACCCBABADBCCAABBBCCBB	['D12B', 'C19B', 'D35C', 'B41C', 'C43B', 'A63D', 'A71B', 'D77C', 'A93B']	9	-3.1500678	-7.287826	-8.19721	-0.90938425
BCCDDDCDCDDDBCDDABCDABCABDBACBDCAADDCBCABACBCCABCACBCCCCCBDBACDBBBCBCBACCACADAACCCBABADBCCAAABBCCBB	['D13B', 'A63D']	2	-3.150885	-8.13364	-9.043845	-0.9102049
BCCDDDCDCDDDBCDDABCDABCABDBACBDCAADDCBCABACBCCABCACBCCCCCBDBACDBBBCBCBACCACADAACCCBABADBCCAAABBCCBB	['D13B', 'A63D']	2	-3.150885	-8.13364	-9.043845	-0.9102049
BCCDDDCDCDDDBCDDABCDABCABDBACBDCAADDCBCABACBCCABCACBCCCCCBDBACDBBBCBCBACCACADAACCCBABADBCCAAABBCCBB	['D13B', 'A63D']	2	-3.150885	-8.13364	-9.043845	-0.9102049
BCCDDDCDCDDDBCDDABCDABCABDBACBDCAADDCBCABACBCCABCACBCCCCCBDBACDBBBCBCBACCACADAACCCBABADBCCAAABBCCBB	['D13B', 'A63D']	2	-3.150885	-8.13364	-9.043845	-0.9102049
BCCDDDCDCDDDBCDDABCDABCABDBACBDCAADDCBCABACBCCABCACBCCCCCBDBACDBBBCBCBACCACADAACCCBABADBCCAAABBCCBB	['D13B', 'A63D']	2	-3.150885	-8.13364	-9.043845	-0.9102049
BCCDDDCDCDDDBCDDABCDABCABDBACBDCAADDCBCABACBCCABCACBCCCCCBDBACDBBBCBCBACCACADAACCCBABADBCCAAABBCCBB	['D13B', 'A63D']	2	-3.150885	-8.13364	-9.043845	-0.9102049
BCCDDDCDCDDDBCDDABCDABCABDBACBDCAADDCBCABACBCCABCACBCCCCCBDBACDBBBCBCBACCACADAACCCBABADBCCAAABBCCBB	['D13B', 'A63D']	2	-3.150885	-8.13364	-9.043845	-0.9102049
BCCDDDCDCDDDBCDDABCDABCABDBACBDCAADDCBCABACBCCABCACBCCCCCBDBACDBBBCBCBACCACADAACCCBABADBCCAAABBCCBB	['D13B', 'A63D']	2	-3.150885	-8.13364	-9.043845	-0.9102049
BCCDDDCDCDDDBCDDABCDABCABDBACBDCAADDCBCABACBCCABCACBCCCCCBDBACDBBBCBCBACCACADAACCCBABADBCCAAABBCCBB	['D13B', 'A63D']	2	-3.150885	-8.13364	-9.043845	-0.9102049
BCCDDDCDCDDDBCDDABCDABCABDBACBDCAADDCBCABACBCCABCACBCCCCCBDBACDBBBCBCBACCACADAACCCBABADBCCAAABBCCBB	['D13B', 'A63D']	2	-3.150885	-8.13364	-9.043845	-0.9102049
BCCDDDCDCDDDBCDDABCDABCABDBACBDCAADDCBCABACBCCABCACBCCCCCBDBACDBBBCBCBACCACADAACCCBABADBCCAAABBCCBB	['D13B', 'A63D']	2	-3.150885	-8.13364	-9.043845	-0.9102049
BCCDDDCDCDDDBCDDABCDABCABDBACBDCAADDCBCABACBCCABCACBCCCCCBDBACDBBBCBCBACCACADAACCCBABADBCCAAABBCCBB	['D13B', 'A63D']	2	-3.150885	-8.13364	-9.043845	-0.9102049
BCCDDDCDCDDDBCDDABCDABCABDBACBDCAADDCBCABACBCCABCACBCCCCCBDBACDBBBCBCBACCACADAACCCBABADBCCAAABBCCBB	['D13B', 'A63D']	2	-3.150885	-8.13364	-9.043845	-0.9102049
BCCDDDCDCDDDBCDDABCDABCABDBACBDCAADDCBCABACBCCABCACBCCCCCBDBACDBBBCBCBACCACADAACCCBABADBCCAAABBCCBB	['D13B', 'A63D']	2	-3.150885	-8.13364	-9.043845	-0.9102049
BCCDDDCDCDDDBCDDABCDABCABDBACBDCAADDCBCABACBCCABCACBCCCCCBDBACDBBBCBCBACCACADAACCCBABADBCCAAABBCCBB	['D13B', 'A63D']	2	-3.150885	-8.13364	-9.043845	-0.9102049
BCCDDDCDCDDDBCDDABCDABCABDBACBDCAADDCBCABACBCCABCACBCCCCCBDBACDBBBCBCBACCACADAACCCBABADBCCAAABBCCBB	['D13B', 'A63D']	2	-3.150885	-8.13364	-9.043845	-0.9102049
BCCDDDCDCDDDDCDDABCCABCABDBACBDCAACABBCAAACBCCABCACBCDCCCBDBACDBBBCBCBBCCACADAACCBBABADBCBAAABBCCBB	['D20C', 'D35C', 'D36A', 'C37B', 'B41A', 'C54D', 'A63D', 'A71B', 'C82B', 'C90B']	10	-3.1520758	-9.155227	-10.066614	-0.91138744
BCCDDDCDCDDBDCDDABCDABCABDBACBDCAADABBCABACBCCABCACBCCCCCBDBACACBBCBCBACCACADAACCCBABADBCCAAABBCCBB	['D12B', 'D36A', 'C37B', 'B64C']	4	-3.152492	-8.567574	-9.479384	-0.9118109
BCCDDDCDCDDCDCDDABCDABCABDBACBDCAADAABCACACBCCABCACBCCCCCBDBDCCCDBCBCCADCACADAACCCBABADBCCAABBBCCBB	['D12C', 'D36A', 'C37A', 'B41C', 'A61D', 'A63C', 'B64C', 'B65D', 'B70C', 'C72D', 'A93B']	11	-3.1524925	-9.3517885	-10.263602	-0.91181374
BCCDDDCDCDDDDCCDABCDABCABDBACBDCAADDABCACACBCCABCACBCCCCCBDBACABBBCBCBACCACADAACCCBABADBCCAABBBCCBB	['D15C', 'C37A', 'B41C', 'A93B']	4	-3.1525145	-6.6060824	-7.5179176	-0.9118352
BCCDDDCDCDDDBCDDABCDABCABDBACBDCAADDCBCABACBCCABCACBCCCCCBDBACBBBBCBCBACCACADAACCCBABADBCCAAABBCCBB	['D13B', 'A63B']	2	-3.154697	-8.330877	-9.244893	-0.91401577
BCCDDDCDCCDDDCDDABCDABCABDBACBDCAADDABCACACBCCAACACBCACCCBDBADDBBBCBDBBCCCCACAACCBBABADBCCAAABBCCBB	['D10C', 'C37A', 'B41C', 'B48A', 'C54A', 'C62D', 'A63D', 'C69D', 'A71B', 'A74C', 'D77C', 'C82B']	12	-3.1548085	-9.137507	-10.05164	-0.9141321
BCCDDDCDCDDDBACDABBDABCABDBACBDCAADDCBCABACBCCABCACBCCCCDBDBACDBBBCBABACCACADAACCCBABADBCBAAABBCCBB	['D13B', 'C14A', 'D15C', 'C19B', 'C57D', 'A63D', 'C69A', 'C90B']	8	-3.1551414	-6.9039025	-7.8183613	-0.91445875
BCCDDDCDCDDDBCDDABCDABCABDBACBDCAADDBBCABACBCCABCACBCCCCCBDBADDBBBCBCBACCBCADAACCCBABADBCCAAABBCCBB	['D13B', 'C37B', 'C62D', 'A63D', 'A74B']	5	-3.1558042	-7.8818507	-8.796971	-0.9151206
BCCDDDCDCDDDDCDDABCDABCABDBACBDCAADDBBCABABBCCABCACBCCCCCBDBACCBBBCBCBBACADACAACCCBABADBCCAABBBCCBB	['C37B', 'C43B', 'A63C', 'A71B', 'C72A', 'C75D', 'D77C', 'A93B']	8	-3.1573982	-6.561731	-7.478451	-0.9167199
BCCDDDCDCDDDDCDDABCDABCABDBACBDCAACDBBCABACBCCABCACBCCCCDBDBACABBBCBCBCCCACADAACCCBABADBCCAABBBCCBB	['D35C', 'C37B', 'C57D', 'A71C', 'A93B']	5	-3.1574512	-7.0019426	-7.9187117	-0.916769
BCCDDDCDCDDDDCCDABADABCABDBACDDCAACDBBCABADBCCABCACBCCCCCBDBACDBBBCBCBACCACADAACCCBABADBCCAAABBCCBB	['D15C', 'C19A', 'B30D', 'D35C', 'C37B', 'C43D', 'A63D']	7	-3.1575465	-6.53101	-7.4478683	-0.9168582
AAADDDCDCDDABDDDABCDABCABDBACBDCAADDCBCABACBCCABCACBCCCCCBDBACDCBBCBCBACCACADAACCCBABADBCCAAABBCCBB	['B1A', 'C2A', 'C3A', 'D12A', 'D13B', 'C14D', 'A63D', 'B64C']	8	-3.1583972	-11.191556	-12.109276	-0.91771984
AAADDDCDCDDDDCDDABCDABCABDBACBDCAADDCDCABACBCCABCACBCCCCDBDCCCDBBBCBCBBDCACACAACCCBABADBCCAABBBCCBB	['B1A', 'C2A', 'C3A', 'B38D', 'C57D', 'B60C', 'A61C', 'A63D', 'A71B', 'C72D', 'D77C', 'A93B']	12	-3.1583986	-9.582359	-10.500086	-0.9177265
BCCDDDCDCDDBDCDDABCDABCABDBACBDCAADDCBCABACBCCABCACBCCCCCBDBADADBBCBCBACCACADAACCCBABADBCBAAABBCCBB	['D12B', 'C62D', 'B64D', 'C90B']	4	-3.1586208	-8.488298	-9.406241	-0.917943
BCCDDDCDCDDDDCCDABCDABCABDBACBDCAACDBBCACACBCCABCACBCCCCCBDBADDBBBCBCBACCDCADAACCCBABADBCCAABBBCCBB	['D15C', 'D35C', 'C37B', 'B41C', 'C62D', 'A63D', 'A74D', 'A93B']	8	-3.159474	-7.3178306	-8.236617	-0.9187865
BCCDDDCDCDDCDDDDABCDABCABDBACBDCDADDABCABACBCCABCACBCCCCCBDBACACBBCBCBACCACADAACCCBABADBCCAAABBCCBB	['D12C', 'C14D', 'A33D', 'C37A', 'B64C']	5	-3.1600432	-8.265244	-9.184608	-0.9193649
BCCDDDCDCDDDDCDDABCDABCABDBACBDCAACDCBCABACBCCABCACBCCCCCBDBADACBBCBCBACCACADAACCCBABADBCCAAABBCCBB	['D35C', 'C62D', 'B64C']	3	-3.1605182	-9.110357	-10.030196	-0.9198389
BCCDDDCDCDDDDCDDABCDABCABDBACBDCAADACBCABACBCCABCACBCCCCDBDBADCBBBCBCBBCCACADAACCCBABADBCBAABBBCCBB	['D36A', 'C57D', 'C62D', 'A63C', 'A71B', 'C90B', 'A93B']	7	-3.1630015	-8.021185	-8.943513	-0.922328
BCCDDDCDCDDDDCDDABCDABCABDBACBDCAADACBCABACBCCABCACBCCCCDBDBADCBBBCBCBBCCACADAACCCBABADBCBAABBBCCBB	['D36A', 'C57D', 'C62D', 'A63C', 'A71B', 'C90B', 'A93B']	7	-3.1630015	-8.021185	-8.943513	-0.922328
BCCDDDCDCDDDDDDDABCDABCABDBACDDCAADDABCACACBCCABCACBCCCCCBDBACACBBCBCBACCACADAACCCBABADBCCAAABBCCBB	['C14D', 'B30D', 'C37A', 'B41C', 'B64C']	5	-3.1630998	-7.552026	-8.474439	-0.9224129
BCCDDDCDCDDDDDDDABCDABCABDBACDDCAADDABCACACBCCABCACBCCCCCBDBACACBBCBCBACCACADAACCCBABADBCCAAABBCCBB	['C14D', 'B30D', 'C37A', 'B41C', 'B64C']	5	-3.1630998	-7.552026	-8.474439	-0.9224129
BCCDDDCDCDDDBCDDABCDABCABDBACBDCAADDCBCABACBCCABCACBCCCCCBDBACDBDBCBCBACCACADAACCCBABADBCCAAABBCCBB	['D13B', 'A63D', 'B65D']	3	-3.1637034	-8.343034	-9.266057	-0.9230232
BCCDDDCDCDDDDCDDABBDABCABDBACDDCAADDABCABACBCCABCACBCCCCCBDBACACBBCBCBACCACADAACCCBABADBCCAAABBCCBB	['C19B', 'B30D', 'C37A', 'B64C']	4	-3.1641345	-6.6474648	-7.5709124	-0.9234476
BCCDDDCDCDDBBCDDABCDABCABDBACBDCAACDCBCACACBCCABCACBCCCCDBDCACDCBBCBCBACCACADAACCCBABADBCCAAABBCCBB	['D12B', 'D13B', 'D35C', 'B41C', 'C57D', 'B60C', 'A63D', 'B64C']	8	-3.1646953	-10.840084	-11.764098	-0.9240141
BCCDDDCDCDDDDCCDABCDABCABDBACBDCAADDCBCABACBCCABCACBCCCCCBDBACABBBCBCBACCACACAACCCBABADBCCAAABBCCBB	['D15C', 'D77C']	2	-3.1650696	-5.898041	-6.8224287	-0.92438793
BCCDDDCDCDDDDCCDABCDABCABDBACBDCAADDCBCABACBCCABCACBCCCCCBDBACABBBCBCBACCACACAACCCBABADBCCAAABBCCBB	['D15C', 'D77C']	2	-3.1650696	-5.898041	-6.8224287	-0.92438793
BCCDDDCDCDDDDCDDABCDABCABDBACBDCDADDCBCABACBCCABCACBCCCCCBDBACDBBBCBCBCBCACADAACCCBABADBCCAAABBCCBB	['A33D', 'A63D', 'A71C', 'C72B']	4	-3.1651745	-7.7616506	-8.686147	-0.9244962
BCCDDDCDCDDDDCDDABCDABCABDBACBDCAADDABCABACBCCABCACBCCCCCBDBACCBBBCBCBADCACACAACCCBABADBCCAAABBCCBB	['C37A', 'A63C', 'C72D', 'D77C']	4	-3.1654954	-8.016265	-8.941083	-0.92481804
BCCDDDCDCCDDDCCCABCCABCABDBACBDCAACACBCACACBCCABCACBCDCCDBDBDDCABBCBCCACCACADAACCCBABADBDBADABBCCBB	['D10C', 'D15C', 'D16C', 'D20C', 'D35C', 'D36A', 'B41C', 'C54D', 'C57D', 'A61D', 'C62D', 'A63C', 'B64A', 'B70C', 'C89D', 'C90B', 'A92D']	17	-3.1663175	-7.744134	-8.669766	-0.9256325
BCCDDDCDCDDDDDDDABCDABCABDBACBDCCADDCBCABACBCCABCACBCCCCCBDBADDBABCBCBCCCACADAACCCBABADBCCAABBBCCBB	['C14D', 'A33C', 'C62D', 'A63D', 'B65A', 'A71C', 'A93B']	7	-3.1667838	-7.716475	-8.642573	-0.92609835
BCCDDDCDCDDDDCDDABCDABCABDBACBDCAADDCBCABACBCCABCACBBACBCBDBACDBBBCBBBACCACADAACCCBABADBCCAAABBCCBB	['C53B', 'C54A', 'C56B', 'A63D', 'C69B']	5	-3.1676335	-9.97963	-10.906581	-0.92695045
BCCDDDCDCCDDDCDDABCDABCABDBACBDCAACDABCABACBCCABCACBCCCCCBDBADCABBCBCBADCACADAACCCBABADBCCAAABBCCBB	['D10C', 'D35C', 'C37A', 'C62D', 'A63C', 'B64A', 'C72D']	7	-3.1679487	-8.538546	-9.465813	-0.9272671
BCCDDDCDCDDDDCDDABCDABCABDBACBDCAADDCBCABABBCCABCACBCCCCDBDBADDBBBCBCBACCACACAACCCBABADBCCAABBBCCBB	['C43B', 'C57D', 'C62D', 'A63D', 'D77C', 'A93B']	6	-3.1696315	-7.620987	-8.549943	-0.92895603
BCCDDDCDCDDDDCDDABCCABCABDBACBDCAACABBCABACBCCABCACBBCCCCBDBADDBDBCBCBCCCACACAACCCBABADBCCAABBBCCBB	['D20C', 'D35C', 'D36A', 'C37B', 'C53B', 'C62D', 'A63D', 'B65D', 'A71C', 'D77C', 'A93B']	11	-3.1716814	-6.5168114	-7.44781	-0.9309988
BCCDDDCDCDDDBCDDABCDABCABDBACDDCAADDABCABACBCCABCACBCCCCCBDBACDBBBCBCBBCCACACAACCCBABADBCCAAABBCCBB	['D13B', 'B30D', 'C37A', 'A63D', 'A71B', 'D77C']	6	-3.1733265	-5.4599576	-6.3925962	-0.93263865
BCCDDDCDCDDDDCDDABCDABCABDBACBDCAACDABCABACBCCABCACBCCCCCBDBACDBBBCBCBACCACADAACCCBABADBCCAABBBCCBB	['D35C', 'C37A', 'A63D', 'A93B']	4	-3.173521	-8.539115	-9.471957	-0.93284225
BCCDDDCDCDDBDDDDABCDABCABDBACBDCAADDCBCABACBCCABCACBCCCCCBDBADABBBCBCBACCCCACAACCCBABADBCCAAABBCCBB	['D12B', 'C14D', 'C62D', 'A74C', 'D77C']	5	-3.173849	-7.7840333	-8.7172	-0.933167
BCCDDDCDCDDDDDCDABBDABCABDBACBDCAADDCBCABACBCCABCACBCCCCCBDBACBBBBCBCBACCACACAACCCBABADBCCAAABBCCBB	['C14D', 'D15C', 'C19B', 'A63B', 'D77C']	5	-3.1754704	-6.0491114	-6.983904	-0.9347925
BCCDDDCDCDDDBCDDABCDABCABDBACBDCAACDCBCABACBCCABCACBCCCCCBDBACDBBBCBCBACCACACAACCCBABADBCCAAABBCCBB	['D13B', 'D35C', 'A63D', 'D77C']	4	-3.17698	-7.462044	-8.39834	-0.93629646
BCCDDDCDCDDBDCDDABCDABCABDBACBDCAADDCBCABACBCCABCACBCCCCCBDBACDBBBCBCBACCACADAACCCBABADBCCACABBDCBB	['D12B', 'A63D', 'A92C', 'C96D']	4	-3.177022	-9.478098	-10.414439	-0.9363413
BCCDDDCDCDDDDCDDABCDABCABDBACBDCAACDABCABACBCCABCACBCCCCCBDBACACBBCBCBACCACADAACCCBABADBCCAAABBCCBB	['D35C', 'C37A', 'B64C']	3	-3.1773658	-9.1463995	-10.083084	-0.9366846
BCCDDDCDCDDDDCDDABCDABCABDBACBDCAACDABCABACBCCABCACBCCCCCBDBACACBBCBCBACCACADAACCCBABADBCCAAABBCCBB	['D35C', 'C37A', 'B64C']	3	-3.1773658	-9.1463995	-10.083084	-0.9366846
BCCDDDCDCDDDDCDDABCDABCABDBACBDCAACDABCABACBCCABCACBCCCCCBDBACACBBCBCBACCACADAACCCBABADBCCAAABBCCBB	['D35C', 'C37A', 'B64C']	3	-3.1773658	-9.1463995	-10.083084	-0.9366846
BCCDDDCDCDDDDCDDABCDABCABDBACBDCAACDABCABACBCCABCACBCCCCCBDBACACBBCBCBACCACADAACCCBABADBCCAAABBCCBB	['D35C', 'C37A', 'B64C']	3	-3.1773658	-9.1463995	-10.083084	-0.9366846
BCCDDDCDCDDDDCDDABCDABCABDBACBDCAADACBCABACBCCABCACBCCCCCBDBADDBBBCBCBADCACADAACCCBABADBCBAAABBCCBB	['D36A', 'C62D', 'A63D', 'C72D', 'C90B']	5	-3.1773686	-8.24757	-9.1842575	-0.93668747
BCCDDDCDCDDDDCDDABCDABCABDBACBDCAACDCBCABACBCCABCACBCCCCCBDBACDBBBCBCBCDCACADAACCCBABADBCCAAABBCCBB	['D35C', 'A63D', 'A71C', 'C72D']	4	-3.1774049	-8.577828	-9.514551	-0.93672276
BCCDDDCDCDDDBCDDABCCABCABDBACBDCAADABBCABACBCCABCACBCCCCCBDBADDCBBCBCBACCACADAACCCBABADBCCAAABBCCBB	['D13B', 'D20C', 'D36A', 'C37B', 'C62D', 'A63D', 'B64C']	7	-3.1800475	-7.8729386	-8.812304	-0.9393649
BCCDDDCDCDDDDCCDABBDABCABDBACBDCAADDCBCACACBCCABCACBCCCCCBDBACABBBCBCCACCACADAACCCBABADBCCAABBBCCBB	['D15C', 'C19B', 'B41C', 'B70C', 'A93B']	5	-3.1812139	-5.169176	-6.109709	-0.9405327
BCCDDDCDCDDBDCDDABCDABCABDBACBDCAADDCBCABACBCCABCACBCCCCCBDBACDBBBCBBBACCACADAACCCBABADBCCAAABBCCBB	['D12B', 'A63D', 'C69B']	3	-3.1815286	-9.390491	-10.33134	-0.9408493
BCCDDDCDCDDBDCDDABCDABCABDBACBDCAADDCBCABACBCCABCACBCCCCCBDBACDBBBCBBBACCACADAACCCBABADBCCAAABBCCBB	['D12B', 'A63D', 'C69B']	3	-3.1815286	-9.390491	-10.33134	-0.9408493
BCCDDDCDCDDDDCDDABCDABCABDBACBDCAADDBBCABACBCCABCACBCCCCCBDCACDBBBCBCBABCACADAACCCBABADBCCAAABBCCBB	['C37B', 'B60C', 'A63D', 'C72B']	4	-3.181911	-9.179058	-10.120289	-0.9412308
BCCDDDCDCDDDBCDDABCDABCABDBACBDCAADDCBCABACBCCABCACBCCCCCBDBACDBBBCBDBADCACADAACCCBABADBCCAAABBCCBB	['D13B', 'A63D', 'C69D', 'C72D']	4	-3.1819272	-8.409769	-9.351019	-0.94124985
BCCDDDCDCDDDBCDDABCDABCABDBACBDCAADACBCABACBCCABCACBCCCCCBDBACACBBCBCBACCACADAACCCBABADBCCAAABBCCBB	['D13B', 'D36A', 'B64C']	3	-3.1824307	-8.123109	-9.064857	-0.94174767
BCCDDDCDCDDDBCDDABCDABCABDBACBDCAADACBCABACBCCABCACBCCCCCBDBACACBBCBCBACCACADAACCCBABADBCCAAABBCCBB	['D13B', 'D36A', 'B64C']	3	-3.1824307	-8.123109	-9.064857	-0.94174767
BCCDDDCDCDDDBCDDABCDABCABDBACBDCAADACBCABACBCCABCACBCCCCCBDBACACBBCBCBACCACADAACCCBABADBCCAAABBCCBB	['D13B', 'D36A', 'B64C']	3	-3.1824307	-8.123109	-9.064857	-0.94174767
BCCDDDCDCDDDBCDDABCDABCABDBACBDCAADACBCABACBCCABCACBCCCCCBDBACACBBCBCBACCACADAACCCBABADBCCAAABBCCBB	['D13B', 'D36A', 'B64C']	3	-3.1824307	-8.123109	-9.064857	-0.94174767
BCCDDDCDCCDDBCDDBBCAABCABDBACBDCAADACBCABACBCCAACACBCDCCCBDCADDBBBCBCBCCCACADAACCBBBBADBCCAAABBCCBB	['D10C', 'D13B', 'A17B', 'D20A', 'D36A', 'B48A', 'C54D', 'B60C', 'C62D', 'A63D', 'A71C', 'C82B', 'A84B']	13	-3.1844468	-8.540343	-9.484101	-0.943758
BCCDDDCDCDDDDCDDABCDABCABDBACBDCAADDCBCABACBCCABCACBCBCCDBDBACACBBCBCBACCACADAACCCBABADBCCAAABBCCBB	['C54B', 'C57D', 'B64C']	3	-3.1845307	-9.721601	-10.665447	-0.9438467
BCCDDDCDCDDDBCDDABCDABCABDBACBDCAACACBCACACBCCABCACBCCCCDBDBACDBBBCBABCCCACADAACCCBABADBCBAAABBCCBB	['D13B', 'D35C', 'D36A', 'B41C', 'C57D', 'A63D', 'C69A', 'A71C', 'C90B']	9	-3.1848192	-8.495248	-9.439387	-0.9441395
BCCDDDCDCDDDDCDDABCDABCABDBACBDCAADDBBCABACBCCABCACBCCCCCBDBACBBBBCBCBACCACADAACCCBABADBCCAAABBCCBB	['C37B', 'A63B']	2	-3.185017	-8.313111	-9.257446	-0.944335
BCCDDDCDCDDDDCDDABCDABCABDBACBDCAADDBBCABACBCCABCACBCCCCCBDBACBBBBCBCBACCACADAACCCBABADBCCAAABBCCBB	['C37B', 'A63B']	2	-3.185017	-8.313111	-9.257446	-0.944335
BCCDDDCDCDDDDCDDABCDABCABDBACBDCAADDBBCABACBCCABCACBCCCCCBDBACBBBBCBCBACCACADAACCCBABADBCCAAABBCCBB	['C37B', 'A63B']	2	-3.185017	-8.313111	-9.257446	-0.944335
BCCDDDCDCDDDDCCBABCDABCABDBACBDCAADDCBCABACBCCABCACBCCCCCBDBACABBBCBCBACCACADAACCCBABADBCCAAABBCCBB	['D15C', 'D16B']	2	-3.1854682	-6.2868237	-7.2316093	-0.9447856
BCCDDDCDCDDDBCDDABCDABCABDBACBDCAADDCBCACACBCCABCACBCCCCCBDBACDBBBCBCBACCACADAACCCBABADBCCAAABBCCBB	['D13B', 'B41C', 'A63D']	3	-3.1865287	-8.252229	-9.198078	-0.9458494
BCCDDDCDCDDDBCDDABCDABCABDBACBDCAADDCBCACACBCCABCACBCCCCCBDBACDBBBCBCBACCACADAACCCBABADBCCAAABBCCBB	['D13B', 'B41C', 'A63D']	3	-3.1865287	-8.252229	-9.198078	-0.9458494
BCCDDDCDCDDDDCDDABCDABCABDBACBDCAADDCBCABACBCCABCACBCCCCCBDBACCBBBCBCBACCACACAACCCBABADBCCAAABBCCBB	['A63C', 'D77C']	2	-3.1865768	-7.9894743	-8.935371	-0.9458971
BCCDDDCDCDDDDCDDABCDABCABDBACBDCAADDABCACACBCCABCACBCCCCCBDBACACBBCBDBACCACADAACCCBABADBCCAAABBCCBB	['C37A', 'B41C', 'B64C', 'C69D']	4	-3.187004	-9.186846	-10.13317	-0.94632435
BCCDDDCDCDDBDCDDABCDABCABDBACBDCAACACBCABACBCCABCACBCCCCCBDBACDBBBCBCBACCACACAACCCBABADBCCAABBBCCBB	['D12B', 'D35C', 'D36A', 'A63D', 'D77C', 'A93B']	6	-3.1891627	-7.794075	-8.742554	-0.9484787
AAADDDCDCDDDDCDDABCDABCABDBACBDCAADDCBCACACBCCABCACBCCCCCBDCACDBBBCBCBACCACACAACCCBABADBCCAAABBCCBB	['B1A', 'C2A', 'C3A', 'B41C', 'B60C', 'A63D', 'D77C']	7	-3.1893978	-10.166461	-11.115183	-0.9487219
BCCDDDCDCDDDDCDDABCCABCABDBACBDCAADDCBCABACBCCABCACBCCCCCBDBACDBBBCBCBACCACADAACCCBABADBCCAAABBCCBB	['D20C', 'A63D']	2	-3.1899314	-8.124364	-9.073614	-0.9492502
BCCDDDCDCDDBDCCDABCDABCABDBACBDCAADDCBCABACBCCABCACBCCCCCBDBACDBBBCBCBACCACADAACCCBABADBCCAAABBCCBB	['D12B', 'D15C', 'A63D']	3	-3.191422	-8.147504	-9.098247	-0.9507427
AAADDDCDCDDDDCCDABCDABCABDBACBDCAADAABCACACBCCABCACBCCCCCBDBACACBBCBCBADCACADAACCCBABADBCCAAABBCCBB	['B1A', 'C2A', 'C3A', 'D15C', 'D36A', 'C37A', 'B41C', 'B64C', 'C72D']	9	-3.1934013	-9.591488	-10.54421	-0.95272255
BCCDDDCDCADADCCCABCDABCABDBACBDCAADDCBDABACBCCABCACBCCCCCBDBACACBBCBCBACCACADAACCCBABADBCCAAABBCCBB	['D10A', 'D12A', 'D15C', 'D16C', 'C39D', 'B64C']	6	-3.193524	-8.003695	-8.956539	-0.9528446
BCCDDDCDCDDDDCDDABCDABCABDBACBDCAACDABCABACBCCABCACBCCCCCBDBADDCBBCBCBACCACADAACCCBABADBCCAAABBCCBB	['D35C', 'C37A', 'C62D', 'A63D', 'B64C']	5	-3.1950955	-9.898509	-10.852926	-0.9544172
BCCDDDCDCDDDDCDDABCDABCABDBACBDCAADDCBCABACBCCABCACBCCCCCBDBACDBBBCBCBACCACADAACCCBABADBCCAAABBCCBB	['A63D']	1	-3.1956258	-8.62126	-9.576207	-0.9549475
BCCDDDCDCDDDDCDDABCDABCABDBACBDCAADDCBCABACBCCABCACBCCCCCBDBACDBBBCBCBACCACADAACCCBABADBCCAAABBCCBB	['A63D']	1	-3.1956258	-8.62126	-9.576207	-0.9549475
BCCDDDCDCDDDDCDDABCDABCABDBACBDCAADDCBCABACBCCABCACBCCCCCBDBACDBBBCBCBACCACADAACCCBABADBCCAAABBCCBB	['A63D']	1	-3.1956258	-8.62126	-9.576207	-0.9549475
BCCDDDCDCDDDDCDDABCDABCABDBACBDCAADDCBCABACBCCABCACBCCCCCBDBACDBBBCBCBACCACADAACCCBABADBCCAAABBCCBB	['A63D']	1	-3.1956258	-8.62126	-9.576207	-0.9549475
BCCDDDCDCDDDDCDDABCDABCABDBACBDCAADDCBCABACBCCABCACBCCCCCBDBACDBBBCBCBACCACADAACCCBABADBCCAAABBCCBB	['A63D']	1	-3.1956258	-8.62126	-9.576207	-0.9549475
BCCDDDCDCDDDDCDDABCDABCABDBACBDCAADDCBCABACBCCABCACBCCCCCBDBACDBBBCBCBACCACADAACCCBABADBCCAAABBCCBB	['A63D']	1	-3.1956258	-8.62126	-9.576207	-0.9549475
BCCDDDCDCDDDDCDDABCDABCABDBACBDCAADDCBCABACBCCABCACBCCCCCBDBACDBBBCBCBACCACADAACCCBABADBCCAAABBCCBB	['A63D']	1	-3.1956258	-8.62126	-9.576207	-0.9549475
BCCDDDCDCDDDDCDDABCDABCABDBACBDCAADDCBCABACBCCABCACBCCCCCBDBACDBBBCBCBACCACADAACCCBABADBCCAAABBCCBB	['A63D']	1	-3.1956258	-8.62126	-9.576207	-0.9549475
BCCDDDCDCDDDDCDDABCDABCABDBACBDCAADDCBCABACBCCABCACBCCCCCBDBACDBBBCBCBACCACADAACCCBABADBCCAAABBCCBB	['A63D']	1	-3.1956258	-8.62126	-9.576207	-0.9549475
BCCDDDCDCDDDDCDDABCDABCABDBACBDCAADDCBCABACBCCABCACBCCCCCBDBACDBBBCBCBACCACADAACCCBABADBCCAAABBCCBB	['A63D']	1	-3.1956258	-8.62126	-9.576207	-0.9549475
BCCDDDCDCDDDDCDDABCDABCABDBACBDCAADDCBCABACBCCABCACBCCCCCBDBACDBBBCBCBACCACADAACCCBABADBCCAAABBCCBB	['A63D']	1	-3.1956258	-8.62126	-9.576207	-0.9549475
BCCDDDCDCDDDDCDDABCDABCABDBACBDCAADDCBCABACBCCABCACBCCCCCBDBACDBBBCBCBACCACADAACCCBABADBCCAAABBCCBB	['A63D']	1	-3.1956258	-8.62126	-9.576207	-0.9549475
BCCDDDCDCDDDDCDDABCDABCABDBACBDCAADDCBCABACBCCABCACBCCCCCBDBACDBBBCBCBACCACADAACCCBABADBCCAAABBCCBB	['A63D']	1	-3.1956258	-8.62126	-9.576207	-0.9549475
BCCDDDCDCDDDDCDDABCDABCABDBACBDCAADDCBCABACBCCABCACBCCCCCBDBACDBBBCBCBACCACADAACCCBABADBCCAAABBCCBB	['A63D']	1	-3.1956258	-8.62126	-9.576207	-0.9549475
BCCDDDCDCDDDDCDDABCDABCABDBACBDCAADDCBCABACBCCABCACBCCCCCBDBACDBBBCBCBACCACADAACCCBABADBCCAAABBCCBB	['A63D']	1	-3.1956258	-8.62126	-9.576207	-0.9549475
BCCDDDCDCDDDDCDDABCDABCABDBACBDCAADDCBCABACBCCABCACBCCCCCBDBACDBBBCBCBACCACADAACCCBABADBCCAAABBCCBB	['A63D']	1	-3.1956258	-8.62126	-9.576207	-0.9549475
BCCDDDCDCDDDDCDDABCDABCABDBACBDCAADDCBCABACBCCABCACBCCCCCBDBACDBBBCBCBACCACADAACCCBABADBCCAAABBCCBB	['A63D']	1	-3.1956258	-8.62126	-9.576207	-0.9549475
BCCDDDCDCDDDDCDDABCDABCABDBACBDCAADDCBCABACBCCABCACBCCCCCBDBACDBBBCBCBACCACADAACCCBABADBCCAAABBCCBB	['A63D']	1	-3.1956258	-8.62126	-9.576207	-0.9549475
BCCDDDCDCDDDDCDDABCDABCABDBACBDCAADDCBCABACBCCABCACBCCCCCBDBACDBBBCBCBACCACADAACCCBABADBCCAAABBCCBB	['A63D']	1	-3.1956258	-8.62126	-9.576207	-0.9549475
BCCDDDCDCDDDDCDDABCDABCABDBACBDCAADDCBCABACBCCABCACBCCCCCBDBACDBBBCBCBACCACADAACCCBABADBCCAAABBCCBB	['A63D']	1	-3.1956258	-8.62126	-9.576207	-0.9549475
BCCDDDCDCDDDDCDDABCDABCABDBACBDCAADDCBCABACBCCABCACBCCCCCBDBACDBBBCBCBACCACADAACCCBABADBCCAAABBCCBB	['A63D']	1	-3.1956258	-8.62126	-9.576207	-0.9549475
BCCDDDCDCDDDDCDDABCDABCABDBACBDCAADDCBCABACBCCABCACBCCCCCBDBACDBBBCBCBACCACADAACCCBABADBCCAAABBCCBB	['A63D']	1	-3.1956258	-8.62126	-9.576207	-0.9549475
BCCDDDCDCDDDDCDDABCDABCABDBACBDCAADDCBCABACBCCABCACBCCCCCBDBACDBBBCBCBACCACADAACCCBABADBCCAAABBCCBB	['A63D']	1	-3.1956258	-8.62126	-9.576207	-0.9549475
BCCDDDCDCDDDDCDDABCDABCABDBACBDCAADDCBCABACBCCABCACBCCCCCBDBACDBBBCBCBACCACADAACCCBABADBCCAAABBCCBB	['A63D']	1	-3.1956258	-8.62126	-9.576207	-0.9549475
BCCDDDCDCDDDDCDDABCDABCABDBACBDCAADDCBCABACBCCABCACBCCCCCBDBACDBBBCBCBACCACADAACCCBABADBCCAAABBCCBB	['A63D']	1	-3.1956258	-8.62126	-9.576207	-0.9549475
BCCDDDCDCDDDDCDDABCDABCABDBACBDCAADDCBCABACBCCABCACBCCCCCBDBACDBBBCBCBACCACADAACCCBABADBCCAAABBCCBB	['A63D']	1	-3.1956258	-8.62126	-9.576207	-0.9549475
BCCDDDCDCDDDDCDDABCDABCABDBACBDCAADDCBCABACBCCABCACBCCCCCBDBACDBBBCBCBACCACADAACCCBABADBCCAAABBCCBB	['A63D']	1	-3.1956258	-8.62126	-9.576207	-0.9549475
BCCDDDCDCDDDDCDDABCDABCABDBACBDCAADDCBCABACBCCABCACBCCCCCBDBACDBBBCBCBACCACADAACCCBABADBCCAAABBCCBB	['A63D']	1	-3.1956258	-8.62126	-9.576207	-0.9549475
BCCDDDCDCDDDDCDDABCDABCABDBACBDCAADDCBCABACBCCABCACBCCCCCBDBACDBBBCBCBACCACADAACCCBABADBCCAAABBCCBB	['A63D']	1	-3.1956258	-8.62126	-9.576207	-0.9549475
BCCDDDCDCDDDDCDDABCDABCABDBACBDCAADDCBCABACBCCABCACBCCCCCBDBACDBBBCBCBACCACADAACCCBABADBCCAAABBCCBB	['A63D']	1	-3.1956258	-8.62126	-9.576207	-0.9549475
BCCDDDCDCDDDDCDDABCDABCABDBACBDCAADDCBCABACBCCABCACBCCCCCBDBACDBBBCBCBACCACADAACCCBABADBCCAAABBCCBB	['A63D']	1	-3.1956258	-8.62126	-9.576207	-0.9549475
BCCDDDCDCDDDDCDDABCDABCABDBACBDCAADDCBCABACBCCABCACBCCCCCBDBACDBBBCBCBACCACADAACCCBABADBCCAAABBCCBB	['A63D']	1	-3.1956258	-8.62126	-9.576207	-0.9549475
BCCDDDCDCDDDDCDDABCDABCABDBACBDCAADDCBCABACBCCABCACBCCCCCBDBACDBBBCBCBACCACADAACCCBABADBCCAAABBCCBB	['A63D']	1	-3.1956258	-8.62126	-9.576207	-0.9549475
BCCDDDCDCDDDDCDDABCDABCABDBACBDCAADDCBCABACBCCABCACBCCCCCBDBACDBBBCBCBACCACADAACCCBABADBCCAAABBCCBB	['A63D']	1	-3.1956258	-8.62126	-9.576207	-0.9549475
BCCDDDCDCDDDDCDDABCDABCABDBACBDCAADDCBCABACBCCABCACBCCCCCBDBACDBBBCBCBACCACADAACCCBABADBCCAAABBCCBB	['A63D']	1	-3.1956258	-8.62126	-9.576207	-0.9549475
BCCDDDCDCDDDDCDDABCDABCABDBACBDCAADDCBCABACBCCABCACBCCCCCBDBACDBBBCBCBACCACADAACCCBABADBCCAAABBCCBB	['A63D']	1	-3.1956258	-8.62126	-9.576207	-0.9549475
BCCDDDCDCDDDDCDDABCDABCABDBACBDCAADDCBCABACBCCABCACBCCCCCBDBACDBBBCBCBACCACADAACCCBABADBCCAAABBCCBB	['A63D']	1	-3.1956258	-8.62126	-9.576207	-0.9549475
BCCDDDCDCDDDDCDDABCDABCABDBACBDCAADDCBCABACBCCABCACBCCCCCBDBACDBBBCBCBACCACADAACCCBABADBCCAAABBCCBB	['A63D']	1	-3.1956258	-8.62126	-9.576207	-0.9549475
BCCDDDCDCDDDDCDDABCDABCABDBACBDCAADDCBCABACBCCABCACBCCCCCBDBACDBBBCBCBACCACADAACCCBABADBCCAAABBCCBB	['A63D']	1	-3.1956258	-8.62126	-9.576207	-0.9549475
BCCDDDCDCDDDDCDDABCDABCABDBACBDCAADDCBCABACBCCABCACBCCCCCBDBACDBBBCBCBACCACADAACCCBABADBCCAAABBCCBB	['A63D']	1	-3.1956258	-8.62126	-9.576207	-0.9549475
BCCDDDCDCDDDDCDDABCDABCABDBACBDCAADDCBCABACBCCABCACBCCCCCBDBACDBBBCBCBACCACADAACCCBABADBCCAAABBCCBB	['A63D']	1	-3.1956258	-8.62126	-9.576207	-0.9549475
BCCDDDCDCDDDDCDDABCDABCABDBACBDCAADDCBCABACBCCABCACBCCCCCBDBACDBBBCBCBACCACADAACCCBABADBCCAAABBCCBB	['A63D']	1	-3.1956258	-8.62126	-9.576207	-0.9549475
BCCDDDCDCDDDDCDDABCDABCABDBACBDCAADDCBCABACBCCABCACBCCCCCBDBACDBBBCBCBACCACADAACCCBABADBCCAAABBCCBB	['A63D']	1	-3.1956258	-8.62126	-9.576207	-0.9549475
BCCDDDCDCDDDDCDDABCDABCABDBACBDCAADDCBCABACBCCABCACBCCCCCBDBACDBBBCBCBACCACADAACCCBABADBCCAAABBCCBB	['A63D']	1	-3.1956258	-8.62126	-9.576207	-0.9549475
BCCDDDCDCDDDDCDDABCDABCABDBACBDCAADDCBCABACBCCABCACBCCCCCBDBACDBBBCBCBACCACADAACCCBABADBCCAAABBCCBB	['A63D']	1	-3.1956258	-8.62126	-9.576207	-0.9549475
BCCDDDCDCDDDDCCDABCDABCABDBACBDCAADDCBCABACBCCABCACBCCCCCBDBACABBBCBCBADCACADAACCCBABADBCCAAABBCCBB	['D15C', 'C72D']	2	-3.196024	-6.9239116	-7.8792543	-0.95534277
BCCDDDCDCDDDDCDDABCDABCABDBACBDCAACDCBCACACBCCABCACBCCCCCBDBADBBBBCBCBACCACADAACCCBABADBCCAABBBCCBB	['D35C', 'B41C', 'C62D', 'A63B', 'A93B']	5	-3.1961317	-8.818897	-9.774353	-0.9554558
BCCDDDCDCDDDDCDDABCDABCABDBACBDCAACDCBCACACBCCABCACBCCCCCBDBADBBBBCBCBACCACADAACCCBABADBCCAABBBCCBB	['D35C', 'B41C', 'C62D', 'A63B', 'A93B']	5	-3.1961317	-8.818897	-9.774353	-0.9554558
AAADDDCDCDDDDCCDABCDABCABDBACBDCAADDCBCABACBCCABCACBCCCCCBDBACBBBBCBBBACCACADAACCCBABADBCCAAABBCCBB	['B1A', 'C2A', 'C3A', 'D15C', 'A63B', 'C69B']	6	-3.1972651	-9.960878	-10.917465	-0.95658684
BCCDDDCDCDDBDCDDABCDABCABDBACBDCDADDABCABACBCCABCACBCCCCCBDBACACBBCBCBACCACADAACCCBABADBCCAAABBCCBB	['D12B', 'A33D', 'C37A', 'B64C']	4	-3.1976438	-8.410388	-9.36735	-0.95696163
BCCDDDCDCCDDDCCDABCDABCABDBACBDCAACABBCACABBCCABCACBCCCCDBDBBCABBBCBCBACCACADAACCCBABADBCCAABBBCCBB	['D10C', 'D15C', 'D35C', 'D36A', 'C37B', 'B41C', 'C43B', 'C57D', 'A61B', 'A93B']	10	-3.1980476	-4.410995	-5.368355	-0.9573598
BCCDDDCDCDDDDCDDABBCABCABDBACBDCAADAABCABACBCCABCACBCDCCCBDCACDBBBCBCBBCCACADAACCABABADBCCAAABBCCBB	['C19B', 'D20C', 'D36A', 'C37A', 'C54D', 'B60C', 'A63D', 'A71B', 'C82A']	9	-3.1982837	-9.07202	-10.029623	-0.95760345
BCCDDDCDCDDDDCDDABCDABCABDBACBDCAADDCBCABACBCCABCACBCCCCCBDBACBBBBCBCBACCACADAACCCBABADBCCAAABBCCBB	['A63B']	1	-3.1994376	-8.818496	-9.777254	-0.95875835
BCCDDDCDCDDDDCDDABCDABCABDBACBDCAADDCBCABACBCCABCACBCCCCCBDBACBBBBCBCBACCACADAACCCBABADBCCAAABBCCBB	['A63B']	1	-3.1994376	-8.818496	-9.777254	-0.95875835
BCCDDDCDCDDDDCDDABCDABCABDBACBDCAADDCBCABACBCCABCACBCCCCCBDBACBBBBCBCBACCACADAACCCBABADBCCAAABBCCBB	['A63B']	1	-3.1994376	-8.818496	-9.777254	-0.95875835
BCCDDDCDCDDDDCDDABCDABCABDBACBDCAADDCBCABACBCCABCACBCCCCCBDBACBBBBCBCBACCACADAACCCBABADBCCAAABBCCBB	['A63B']	1	-3.1994376	-8.818496	-9.777254	-0.95875835
BCCDDDCDCDDDDCDDABCDABCABDBACBDCAADDCBCABACBCCABCACBCCCCCBDBACBBBBCBCBACCACADAACCCBABADBCCAAABBCCBB	['A63B']	1	-3.1994376	-8.818496	-9.777254	-0.95875835
BCCDDDCDCDDDDCDDABCDABCABDBACBDCDADDABCABACBCCABCACBCCCCDBDBACDCBBCBCBACCACADAACCCBABADBCCAAABBCCBB	['A33D', 'C37A', 'C57D', 'A63D', 'B64C']	5	-3.2000346	-8.894312	-9.853666	-0.9593544
BCCDDDCDCDDDDCDDABCDABCABDBACBDCDADDABCABACBCCABCACBCCCCDBDBACDCBBCBCBACCACADAACCCBABADBCCAAABBCCBB	['A33D', 'C37A', 'C57D', 'A63D', 'B64C']	5	-3.2000346	-8.894312	-9.853666	-0.9593544
BCCDDDCDCDDDBCDDABCDABCABDBACBDCAADACBCABACBCCABCACBCCCCCBDBADDCBBCBCBACCACADAACCCBABADBCCAAABBCCBB	['D13B', 'D36A', 'C62D', 'A63D', 'B64C']	5	-3.2001615	-8.875218	-9.834696	-0.9594774
BCCDDDCDCDDDDCDDABCDABCABDBACBDCAACDABCACACBCCABCACBCCCCCBDBACDBBBCBCBACCACADAACCCBABADBCBAAABBCCBB	['D35C', 'C37A', 'B41C', 'A63D', 'C90B']	5	-3.2011366	-8.911082	-9.871538	-0.9604559
BCCDDDCDCDDDDDCDABCDABCABDBACBDCAADDBBCACACBCCABCACBCCCCCBDCCCABBBCBCBACCACACAACCCBABADBCCAABBBCCBB	['C14D', 'D15C', 'C37B', 'B41C', 'B60C', 'A61C', 'D77C', 'A93B']	8	-3.2020297	-5.731428	-6.692768	-0.96133995
BCCDDDCDCDDDDDCDABBDABCABDBACBDCAADDCBCACACBCCABCACBCCCCCBDBACCBBBCBCBACCACADAACCCBABADBCCAABBBCCBB	['C14D', 'D15C', 'C19B', 'B41C', 'A63C', 'A93B']	6	-3.2020912	-6.927213	-7.888625	-0.96141195
BCCDDDCDCDDBDDDDABCDABCABDBACBDCAADDCBCABACBCCABCACBCCCCCBDBACDBBBCBCBACCACADAACCCBABADBCCAAABBCCBB	['D12B', 'C14D', 'A63D']	3	-3.2033525	-9.057349	-10.020023	-0.96267414
BCCDDDCDCDDDDCDDABCCABCABDBACBDCAACDABCACACBCCABCACBCCCCCBDBACDBBBCBCBACCACADAACCCBABADBCCAABBBCCBB	['D20C', 'D35C', 'C37A', 'B41C', 'A63D', 'A93B']	6	-3.203473	-8.160808	-9.123599	-0.96279144
BCCDDDCDCDDDDDDDABCDABCABDBACDDCAADDBBCABACBCCABCACBCCCCCBDBACDBBBCBBBACCACACAACCCBABADBCCAAABBCCBB	['C14D', 'B30D', 'C37B', 'A63D', 'C69B', 'D77C']	6	-3.2035532	-6.038314	-7.0011806	-0.9628668
BCCDDDCDCDDDBDDDABCDABCABDBACBDCAADDBBCABACBCCABCACBCCCCCBDBACDBBBCBCBACCACADAACCCBABADBCCAAABBCCBB	['D13B', 'C14D', 'C37B', 'A63D']	4	-3.204452	-7.6021156	-8.565883	-0.96376705
BCCDDDCDCDDDDCDDABCDABCABDBACBDCAACDBBCABACBCCABCACBCCCCCBDBACDBBBCBCBACCACACAACCCBABADBCCAAABBCCBB	['D35C', 'C37B', 'A63D', 'D77C']	4	-3.2073011	-7.444279	-8.410897	-0.96661806
BCCDDDCDCDDDDCDDABCDABCABDBACBDCAADABBCABACBCCABCACBCCCCCBDBACDBBBCBCBACCACADAACCCBABADBCCAABBBCCBB	['D36A', 'C37B', 'A63D', 'A93B']	4	-3.208908	-7.4980574	-8.466285	-0.9682274
BCCDDDCDCCDDDCDDABCDABCABDBACBDCAACACBCABADBCCAACACBCDCCCBDBADDCBBCBBBACCACADAACCBBABADBCCAAABBCCBB	['D10C', 'D35C', 'D36A', 'C43D', 'B48A', 'C54D', 'C62D', 'A63D', 'B64C', 'C69B', 'C82B']	11	-3.2110019	-11.258919	-12.2292385	-0.97031975
BCCDDDCDCDDDDDDDABBDABCABDBACBDCAADDCBCABACBCCABCACBACCCCBDBACDBBBCBCBACCACADAACCBBABADBCCAAABBCCBB	['C14D', 'C19B', 'C53A', 'A63D', 'C82B']	5	-3.2112293	-9.071712	-10.042257	-0.97054577
BCCDDDCDCDDDDCDDABCDABCABDBACBDCAADDABCACABBCCABCACBCCCCCBDBADDBBBCBCBBCCACACAACCCBABADBCCAABBBCCBB	['C37A', 'B41C', 'C43B', 'C62D', 'A63D', 'A71B', 'D77C', 'A93B']	8	-3.2113252	-7.270244	-8.240893	-0.97064924
BCCDDDCDCDDADCDDABCDABCABDBACBDCAADDCBAABACBCCABCACBCCCCCBDBACDBBBCBCBBCCACACAACCCBABADBCCAABBBCCBB	['D12A', 'C39A', 'A63D', 'A71B', 'D77C', 'A93B']	6	-3.212235	-7.3829703	-8.354528	-0.9715581
BCCDDDCDCDDDBCDDABCDABCABDBACBDCAACDCBCACACBCCABCACBCCCCCBDBACDBBBCBCBACCACACAACCCBABADBCCAAABBCCBB	['D13B', 'D35C', 'B41C', 'A63D', 'D77C']	5	-3.2126245	-7.580633	-8.552571	-0.97193813
BCCDDDCDCDDCDDDDABCDABCABDBACBDCAACDCBCACACBCCABCACBCCCCCBDBADDBBBCCCBCCCACACAACCCBABADBCCAABBBCCBA	['D12C', 'C14D', 'D35C', 'B41C', 'C62D', 'A63D', 'B68C', 'A71C', 'D77C', 'A93B', 'B99A']	11	-3.2132578	-7.7249784	-8.697559	-0.9725809
BCCDDDCDCDDDBCDDABCDABCABDBACBDCAADDCBCABACBCCABCACBCCCCCBDCACDBBBCBCBACCACACAACCCBABADBCCAAABBCCBB	['D13B', 'B60C', 'A63D', 'D77C']	4	-3.2134047	-7.7888865	-8.761607	-0.9727206
BCCDDDCDCDDDBCDDABCDABCABDBACBDCAADDCBCABACBCCABCACBCCCCCBDCACDBBBCBCBACCACACAACCCBABADBCCAAABBCCBB	['D13B', 'B60C', 'A63D', 'D77C']	4	-3.2134047	-7.7888865	-8.761607	-0.9727206
BCCDDDCDCDDDDCDDABCDABCABDBACBDCAACDBBCABACBCCABCACBCCCCCBDBACDBBBCBCBCACACADAACCCBABADBCCAAABBCCBB	['D35C', 'C37B', 'A63D', 'A71C', 'C72A']	5	-3.214962	-7.705366	-8.6796465	-0.97428036
BCCDDDCDCDDDDDCDADCDABCABDBACBDCAACDBBCABACBCCABCACBCCCCCBDBACABBBCBCBACCACADAACCCBABADBCCAAABBCCBB	['C14D', 'D15C', 'B18D', 'D35C', 'C37B']	5	-3.2150617	-5.392003	-6.366378	-0.9743748
AAADDDCDCDDDDCDDABCDABCABDBACBDCAADDCBCABACBCCABCACBCCCCCBDBACDBBBCBCCACCACADAACCCBABADBCCAAABBCCBB	['B1A', 'C2A', 'C3A', 'A63D', 'B70C']	5	-3.2159061	-9.763895	-10.739124	-0.97522926
BCCDDDCDCDDADDDDABCDABCABDBACBDCAADDCBCABACBCCABCACBCCCCCBDBACDBBBCBCBACCACACAACCCBABADBCCAABBBCCBB	['D12A', 'C14D', 'A63D', 'D77C', 'A93B']	5	-3.217074	-7.5132856	-8.489682	-0.97639656
BCCDDDCDCDDDDCDDABCDABCABDBACBDCAADDCBCABACBCCABCACBCCCCCBDBACCBBBCBCBADCACADAACCCBABADBCCAAABBCCBB	['A63C', 'C72D']	2	-3.2175312	-9.015347	-9.992201	-0.9768543
BCCDDDCDCDDDDCDDABCDABCABDBACBDCAADDCBCABACBCCABCACBCCCCCBDBACCBBBCBCBADCACADAACCCBABADBCCAAABBCCBB	['A63C', 'C72D']	2	-3.2175312	-9.015347	-9.992201	-0.9768543
BCCDDDCDCDDDDCDDABCDABCABDBACBDCAADDCBCABACBCCABCACBCCCCCBDBACCBBBCBCBADCACADAACCCBABADBCCAAABBCCBB	['A63C', 'C72D']	2	-3.2175312	-9.015347	-9.992201	-0.9768543
BCCDDDCDCDDDDCDDABCDABCABDBACBDCAADDCBCABACBCCABCACBCCCCCBDBACCBBBCBCBADCACADAACCCBABADBCCAAABBCCBB	['A63C', 'C72D']	2	-3.2175312	-9.015347	-9.992201	-0.9768543
BCCDDDCDCDDDDCDDABCDABCABDBACBDCAADDCBCABACBCCABCACBCCCCCBDBACCBBBCBCBADCACADAACCCBABADBCCAAABBCCBB	['A63C', 'C72D']	2	-3.2175312	-9.015347	-9.992201	-0.9768543
BCCDDDCDCDDDDCDDABCDABCABDBACBDCAADDCBCABACBCCABCACBCCCCCBDBACCBBBCBCBADCACADAACCCBABADBCCAAABBCCBB	['A63C', 'C72D']	2	-3.2175312	-9.015347	-9.992201	-0.9768543
BCCDDDCDCDDDDCDDABCDABCABDBACBDCAADDCBCABACBCCABCACBCCCCCBDBACCBBBCBCBADCACADAACCCBABADBCCAAABBCCBB	['A63C', 'C72D']	2	-3.2175312	-9.015347	-9.992201	-0.9768543
BCCDDDCDCDDDDCDDABCDABCABDBACBDCAADDCBCABACBCCABCACBCCCCDBDBACDBBBABCBACCACADAACCCBABADBCCAAABBCCBB	['C57D', 'A63D', 'C67A']	3	-3.2178035	-8.868127	-9.845251	-0.9771242
BCCDDDCDCDDDBCDDABCDABCABDBACBDCAADACBCACACBCCABCACBCCCCCBDBACACBBCBCBACCACADAACCCBABADBCCAAABBCCBB	['D13B', 'D36A', 'B41C', 'B64C']	4	-3.2180762	-8.241697	-9.219091	-0.9773941
BCCDDDCDCDDDBDDDABCDABCABDBACBDCAADDCBCABACBCCABCACBCCCCCBDBACDBBBCBCBACCACADAACCCBABADBCCAAABBCCBB	['D13B', 'C14D', 'A63D']	3	-3.2188725	-8.107497	-9.08569	-0.9781923
BCCDDDCDCCDDDCCDABCDABCABDBACBDCAADACBCABACBCCAACACBCACCCBDBADACBBCBCBACCACADAACCBBABADBCCAAABBCCBB	['D10C', 'D15C', 'D36A', 'B48A', 'C54A', 'C62D', 'B64C', 'C82B']	8	-3.21912	-8.583511	-9.561951	-0.97843933
BCCDDDCDCDDDDCDDABCBABCABDBACBDCAACACBCABACBCCABCACBCCCCCBDBADCBBBCBCBACCACADAACCCBABADBCBAAABBCCBB	['D20B', 'D35C', 'D36A', 'C62D', 'A63C', 'C90B']	6	-3.2194662	-8.892049	-9.870832	-0.9787836
AAADDDCDCDDDDCDDABCDABCABDBACBDCAADDCBCABACBCCABCACBCBCCCBDBACBBBBCBCBACCACACAACCCBABADBCCAAABBCCBB	['B1A', 'C2A', 'C3A', 'C54B', 'A63B', 'D77C']	6	-3.2207508	-10.335462	-11.315536	-0.9800739
BCCDDDCDCDDDDCDDABCDABCABDBACBDCAACDCBCABACBCCABCACBCCCCCBDBACDBBBCBCBACCACACAACCCBABADBCCAAABBCCBB	['D35C', 'A63D', 'D77C']	3	-3.2217207	-7.9496603	-8.930698	-0.9810381
BCCDDDCDCDDDDCDDABCDABCABDBACBDCAACDCBCABACBCCABCACBCCCCCBDBACDBBBCBCBACCACACAACCCBABADBCCAAABBCCBB	['D35C', 'A63D', 'D77C']	3	-3.2217207	-7.9496603	-8.930698	-0.9810381
BCCDDDCDCDDDDCDDABCDABCABDBACBDCAACDCBCABACBCCABCACBCCCCCBDBACDBBBCBCBACCACACAACCCBABADBCCAAABBCCBB	['D35C', 'A63D', 'D77C']	3	-3.2217207	-7.9496603	-8.930698	-0.9810381
BCCDDDCDCDDDDCDDABCDABCABDBACBDCAADDCBCACACBCCABCACBCCCCCBDBACCBBBCBCBACCACACAACCCBABADBCCAAABBCCBB	['B41C', 'A63C', 'D77C']	3	-3.2222214	-8.108063	-9.089609	-0.9815464
BCCDDDCDCDDDBCDDABCCABCABDBACBDCAADAABCABACBCCABCACBCCCCCBDBADDBBBCBCBACBACADAACCCBABADBCBAAABBCCBB	['D13B', 'D20C', 'D36A', 'C37A', 'C62D', 'A63D', 'C73B', 'C90B']	8	-3.222455	-8.487726	-9.469498	-0.98177147
BCCDDDCDCDDDDDDDABCDABCABDBACBDCAADDCBCABACBCCABCACBCCCCCBDBACABBBCBBBACCACACAACCCBABADBCCAAABBCCBB	['C14D', 'C69B', 'D77C']	3	-3.2231636	-7.1148844	-8.09737	-0.9824858
BCCDDDCDCDDDDCDDABCDABCABDBACBDCAADACBCABACBCCABCACBCCCCCBDBACDBBBCBCBACCACADAACCCBABADBCCAABBBCCBB	['D36A', 'A63D', 'A93B']	3	-3.2233276	-8.003442	-8.986089	-0.98264694
BCCDDDCDCDDDDCDDABCDABCABDBACBDCAADDABCABACBCCABCACBCCCCCBDBACDBBBCBCBAACACADAACCCBABADBCCAAABBCCBB	['C37A', 'A63D', 'C72A']	3	-3.22652	-8.280971	-9.26681	-0.98583984
BCCDDDCDCDDDDCDDABCDABCABDBACBDCAADACBCABACBCCABCACBCCCCCBDBACACBBCBCBACCACADAACCCBABADBCCAAABBCCBB	['D36A', 'B64C']	2	-3.2271724	-8.610726	-9.597217	-0.98649025
BCCDDDCDCDDDDCDDABCDABCABDBACBDCAADACBCABACBCCABCACBCCCCCBDBACACBBCBCBACCACADAACCCBABADBCCAAABBCCBB	['D36A', 'B64C']	2	-3.2271724	-8.610726	-9.597217	-0.98649025
BCCDDDCDCDDDBCDDABDDABCABDBACDDCAADDCBCABACBCCABCACBCCCCCBDBACDBBBCBCBACCACADAACCCBABADBCCAAABBCCBB	['D13B', 'C19D', 'B30D', 'A63D']	4	-3.2278209	-6.582829	-7.5699644	-0.9871354
BCCDDDCDCDDDBCDDABDDABCABDBACDDCAADDCBCABACBCCABCACBCCCCCBDBACDBBBCBCBACCACADAACCCBABADBCCAAABBCCBB	['D13B', 'C19D', 'B30D', 'A63D']	4	-3.2278209	-6.582829	-7.5699644	-0.9871354
BCCDDDCDCDDDDCCDABCDABCABDBACBDCAACDBBCABACBCCABCACBCCCCCBDBADCABBCBCBBBCACADAACCCBABADBCCAABBBCCBB	['D15C', 'D35C', 'C37B', 'C62D', 'A63C', 'B64A', 'A71B', 'C72B', 'A93B']	9	-3.2287655	-7.967905	-8.955991	-0.98808575
BCCDDDCDCDDBDCDDABBDABCABDBACBDCAADDCBCABACBCCABCACBCCCCCBDBACCBBBCBCBACCACACAACCCBABADBCCAAABBCCBB	['D12B', 'C19B', 'A63C', 'D77C']	4	-3.2309828	-7.6395903	-8.629897	-0.99030685
BCCDDDCDCDDBDCDDABBDABCABDBACBDCAADDCBCABACBCCABCACBCCCCCBDBACCBBBCBCBACCACACAACCCBABADBCCAAABBCCBB	['D12B', 'C19B', 'A63C', 'D77C']	4	-3.2309828	-7.6395903	-8.629897	-0.99030685
BCCDDDCDCDDBDCDDABBDABCABDBACBDCAADDCBCABACBCCABCACBCCCCCBDBACCBBBCBCBACCACACAACCCBABADBCCAAABBCCBB	['D12B', 'C19B', 'A63C', 'D77C']	4	-3.2309828	-7.6395903	-8.629897	-0.99030685
BCCDDDCDCDDDDCDDABCDABCABDBACBDCAADDCBCACACBCCABCACBCCCCCBDBACDBBBCBCBACCACADAACCCBABADBCCAAABBCCBB	['B41C', 'A63D']	2	-3.2312713	-8.739848	-9.730442	-0.9905939
BCCDDDCDCDDDDCDDABCDABCABDBACBDCAADDCBCACACBCCABCACBCCCCCBDBACDBBBCBCBACCACADAACCCBABADBCCAAABBCCBB	['B41C', 'A63D']	2	-3.2312713	-8.739848	-9.730442	-0.9905939
BCCDDDCDCDDDDCDDABCDABCABDBACBDCAADDCBCACACBCCABCACBCCCCCBDBACDBBBCBCBACCACADAACCCBABADBCCAAABBCCBB	['B41C', 'A63D']	2	-3.2312713	-8.739848	-9.730442	-0.9905939
BCCDDDCDCDDDBCDDABCDABCABDBACBDCAACDBBCABACBCCABCACBCCCCCBDCACACBBCBCBACCACADAACCCBABADBCCAAABBCCBB	['D13B', 'D35C', 'C37B', 'B60C', 'B64C']	5	-3.23276	-8.807724	-9.799802	-0.9920778
BCCDDDCDCDDDDCDDABCDABCABDBACBDCAADDCBCABACBCCABCACBCCCCCBDBACCABBCBABADCACADAACCCBABADBCCAAABBCCBA	['A63C', 'B64A', 'C69A', 'C72D', 'B99A']	5	-3.2328038	-10.153587	-11.145713	-0.9921255
BCCDDDCDCDDDDCDDABCDABCABDBACBDCAACACBCABACBCCABCACBCCCCDBDBADDBBBCBCBBDCACACAACCCBABADBCCAABBBCCBB	['D35C', 'D36A', 'C57D', 'C62D', 'A63D', 'A71B', 'C72D', 'D77C', 'A93B']	9	-3.2332926	-7.1653314	-8.157946	-0.99261427
AAADDDCDCDDDDCDDABCDABCABDBACBDCBADDCBCABACBCCABCACBCCCCCBDBACDBBBBBCBACCACADAACCCBABADBCCAAABBCCBB	['B1A', 'C2A', 'C3A', 'A33B', 'A63D', 'C67B']	6	-3.2334032	-10.270495	-11.263224	-0.99272823
BCCDDDCDCDDDDCDDABCDABCABDBACBDCAADDCBCABACBCCABCACBCCCCCBDBACABBBCBCCACCACACAACCCBABADBCCAAABBCCBB	['B70C', 'D77C']	2	-3.233685	-6.2052965	-7.1983004	-0.99300385
BCCDDDCDCDDDDCDDABDDABCABDBACBDCAADDBBCABACBCCABCACBCCCCCBDBACDBDBCBCCACCACADAACCCBABADBCCAAABBCCBB	['C19D', 'C37B', 'A63D', 'B65D', 'B70C']	5	-3.2347593	-7.509004	-8.503083	-0.9940791
BCCDDDCDCDDDDCDDABCDABCABDBACBDCAADDCBCACACBCCABCACBCCCCCBDBACBBBBCBCBACCACADAACCCBABADBCCAAABBCCBB	['B41C', 'A63B']	2	-3.2350821	-8.937084	-9.931484	-0.9944
BCCDDDCDCDDDDCDDABCDABCABDBACBDCAADDCBCACACBCCABCACBCCCCCBDBACBBBBCBCBACCACADAACCCBABADBCCAAABBCCBB	['B41C', 'A63B']	2	-3.2350821	-8.937084	-9.931484	-0.9944
BCCDDDCDCDDDBCDDABCDABCABDBACBDCAACDCBCACACBCCABCACBCCCCDBDBACDBBBCBABACCACADAACCCBABADBCCAAABBCCBB	['D13B', 'D35C', 'B41C', 'C57D', 'A63D', 'C69A']	6	-3.2404156	-9.257388	-10.257124	-0.99973583
BCCDDDCDCCDDDCDDABCDABCABDBACBDCAADACCCACACBCCABCACBCCCCCBDBADDBBBCBCBACCACADAACCCBABADBCCAABBBCCBB	['D10C', 'D36A', 'B38C', 'B41C', 'C62D', 'A63D', 'A93B']	7	-3.2409515	-6.9252377	-7.9255095	-1.0002718
BCCDDDCDCDDDDCDDABCDABCABDBACBDCAADDCBCACACBCCACCACBCCCCCBDBADCBBBCBCBACCACACAACCCBABADBCCAAABBCCBB	['B41C', 'B48C', 'C62D', 'A63C', 'D77C']	5	-3.2411127	-8.190907	-9.191339	-1.000432
BCCDDDCDCDDDDCDDABCDABCABDBACBDCAADDCBCABACBCCABCACBCACCCBDBACCBBBCBCBACCACADAACCCBABADBCCAAABBCCBB	['C54A', 'A63C']	2	-3.241609	-9.599193	-10.600124	-1.0009317
BCCDDDCDCDDDDCDDABCDABCABDBACBDCAADDCBCABACBCCABCACBCCCCCBDBACDBBBCBBBACCACADAACCCBABADBCCAAABBCCBB	['A63D', 'C69B']	2	-3.2417884	-8.928259	-9.929369	-1.0011101
BCCDDDCDCDDDDCDDABCDABCABDBACBDCAADDCBCABACBCCABCACBCCCCCBDBACDBBBCBBBACCACADAACCCBABADBCCAAABBCCBB	['A63D', 'C69B']	2	-3.2417884	-8.928259	-9.929369	-1.0011101
BCCDDDCDCDDDDCDDABCDABCABDBACBDCAADDCBCABACBCCABCACBCCCCCBDBACDBBBCBBBACCACADAACCCBABADBCCAAABBCCBB	['A63D', 'C69B']	2	-3.2417884	-8.928259	-9.929369	-1.0011101
BCCDDDCDCDDDDCDDABCDABCABDBACBDCAADDCBCABACBCCABCACBCCCCCBDBACDBBBCBBBACCACADAACCCBABADBCCAAABBCCBB	['A63D', 'C69B']	2	-3.2417884	-8.928259	-9.929369	-1.0011101
BCCDDDCDCDDDDCDDABCDABCABDBACBDCAADDCBCABACBCCABCACBCCCCCBDBACDBBBCBBBACCACADAACCCBABADBCCAAABBCCBB	['A63D', 'C69B']	2	-3.2417884	-8.928259	-9.929369	-1.0011101
BCCDDDCDCDDDDCDDABCDABCABDBACBDCAADDCBCABACBCCABCACBCCCCCBDBACDBBBCBBBACCACADAACCCBABADBCCAAABBCCBB	['A63D', 'C69B']	2	-3.2417884	-8.928259	-9.929369	-1.0011101
BCCDDDCDCDDDDCDDABCDABCABDBACBDCAADDCBCABACBCCABCACBCCCCCBDBACDBBBCBBBACCACADAACCCBABADBCCAAABBCCBB	['A63D', 'C69B']	2	-3.2417884	-8.928259	-9.929369	-1.0011101
BCCDDDCDCDDDDCDDABCDABCABDBACBDCAADDCBCABACBCCABCACBCCCCCBDBACDBBBCBBBACCACADAACCCBABADBCCAAABBCCBB	['A63D', 'C69B']	2	-3.2417884	-8.928259	-9.929369	-1.0011101
BCCDDDCDCDDCDDDDABCDABCABDBACBDCAACACBCABACBCCABCACBCCCCCBDBACDCBBCBCBACCACADAACCCBABADBCCAAABBCCBB	['D12C', 'C14D', 'D35C', 'D36A', 'A63D', 'B64C']	6	-3.2420201	-10.043446	-11.044787	-1.0013418
BCCDDDCDCDDDBDDBABCDABCABDBACBDCAACDABCABACBCCABCACBCCCCCBDBACDBBBCBCBADCACADAACCCBABADBCCAAABBCCBB	['D13B', 'C14D', 'D16B', 'D35C', 'C37A', 'A63D', 'C72D']	7	-3.2442837	-7.8514757	-8.855073	-1.0035973
BCCDDDCDCCDDDCDDABCDABCABDBACBDCAADAABCACACBCCABCACBCCCCCBDBADDBBBCBCBACCACADAACCCBABADBCCAAABBCCBB	['D10C', 'D36A', 'C37A', 'B41C', 'C62D', 'A63D']	6	-3.2444215	-7.2820597	-8.285802	-1.0037422
BCCDDDCDCDDADCCDABCDABCABDBACBDCAADDCBCACACBCCABCACBCCCCCBDBACBBBBCBCBACCACACAACCCBABADBCCAABBBCCBB	['D12A', 'D15C', 'B41C', 'A63B', 'D77C', 'A93B']	6	-3.2446008	-6.9192677	-7.923189	-1.0039215
BCCDDDCDCDDADCCDABCDABCABDBACBDCAADDCBCACACBCCABCACBCCCCCBDBACBBBBCBCBACCACACAACCCBABADBCCAABBBCCBB	['D12A', 'D15C', 'B41C', 'A63B', 'D77C', 'A93B']	6	-3.2446008	-6.9192677	-7.923189	-1.0039215
BCCDDDCDCDDDDCCDADCDABCABDBACBDCAADACBCABACBCCABCACBCCCCCBDBACDBBBCBCBACCACADAACCCBABADBCCAAABBCCBB	['D15C', 'B18D', 'D36A', 'A63D']	4	-3.2458777	-6.176005	-7.181199	-1.0051942
BCCDDDCDCDDDDCDDABCCABCABDBACBDCAADACBCABACBCCABCACBCCCCCBDBADBBBBCBCBACCACADAACCDBABADBCCAAABBCCBB	['D20C', 'D36A', 'C62D', 'A63B', 'C82D']	5	-3.2459016	-8.76708	-9.7723	-1.0052195
BCCDDDCDCDDDDCCDABCCABCABDBACBDCAADDCBCABACBCCABCACBCCCCCBDBACDBBBCBCBACCACADAACCCBABADBCCAAABBCCBB	['D15C', 'D20C', 'A63D']	3	-3.2459884	-7.1883755	-8.193682	-1.0053062
AAADDDCDCDDDDBDDABCDABCABDBACBDCAADDCBCABACBCCABCACBCCCCCBDBACCBBBBBABACCACACAACCCBABADBCCAABBBCCBB	['B1A', 'C2A', 'C3A', 'C14B', 'A63C', 'C67B', 'C69A', 'D77C', 'A93B']	9	-3.2471795	-9.564415	-10.57092	-1.006505
BCCDDDCDCCDBDCCDABBCABCABDBACBDCAADACBCABACBCCAACACBCACCCBDBADCCBBCBCBBCCACADAACCBBABADBCCAAABBCCBB	['D10C', 'D12B', 'D15C', 'C19B', 'D20C', 'D36A', 'B48A', 'C54A', 'C62D', 'A63C', 'B64C', 'A71B', 'C82B']	13	-3.249	-8.580855	-9.589172	-1.008317
BCCDDDBDCDDDDCDDABCDABCABDBACBDCAACDBBCABACBCCABCACBCCCCCBDBACDBBBCBCBACCACADAACCCBABADBCCAAABBCCBB	['C7B', 'D35C', 'C37B', 'A63D']	4	-3.2492394	-8.493791	-9.502346	-1.0085554
BCCDDDCDCCDDDCDDBBCDABCABDBACBDCAADDCBCABACBCCAACACBBDCCCBDBACDBBBCBCBDCCCCADAACCBBABADBCCAABBBCCBB	['D10C', 'A17B', 'B48A', 'C53B', 'C54D', 'A63D', 'A71D', 'A74C', 'C82B', 'A93B']	10	-3.2504897	-9.3102255	-10.320037	-1.0098114
BCCDDDCDCCDDBCCDABCDABCABDBACBDCAADDCBCABADBCCAACACBCDCCCBDBDCABBBCBCBACCCCADAACCBBABADBCCAAABBCCBB	['D10C', 'D13B', 'D15C', 'C43D', 'B48A', 'C54D', 'A61D', 'A74C', 'C82B']	9	-3.2505531	-8.143096	-9.152965	-1.0098686
BCCDDDCDCCDDBCCDABCDABCABDBACBDCAADDCBCABADBCCAACACBCDCCCBDBDCABBBCBCBACCCCADAACCBBABADBCCAAABBCCBB	['D10C', 'D13B', 'D15C', 'C43D', 'B48A', 'C54D', 'A61D', 'A74C', 'C82B']	9	-3.2505531	-8.143096	-9.152965	-1.0098686
BCCDDDCDCDDDDCCDABCDABCABDBACBDCAADDCBCABACBCCABCACBCCCCCBDBACDBBBCBCBACCACADAACCCBABADBCCAAABBCCBB	['D15C', 'A63D']	2	-3.2516818	-7.685272	-8.696274	-1.0110016
BCCDDDCDCDDDDCCDABCDABCABDBACBDCAADDCBCABACBCCABCACBCCCCCBDBACDBBBCBCBACCACADAACCCBABADBCCAAABBCCBB	['D15C', 'A63D']	2	-3.2516818	-7.685272	-8.696274	-1.0110016
BCCDDDCDCDDDDCCDABCDABCABDBACBDCAADDCBCABACBCCABCACBCCCCCBDBACDBBBCBCBACCACADAACCCBABADBCCAAABBCCBB	['D15C', 'A63D']	2	-3.2516818	-7.685272	-8.696274	-1.0110016
BCCDDDCDCDDDDCCDABCDABCABDBACBDCAADDCBCABACBCCABCACBCCCCCBDBACDBBBCBCBACCACADAACCCBABADBCCAAABBCCBB	['D15C', 'A63D']	2	-3.2516818	-7.685272	-8.696274	-1.0110016
BCCDDDCDCDDDDCDDABCDABCABDBACBDCAACDCBCABACBCCABCACBCCCCCBDBACDBBBCBCBADCACADAACCCBABADBCCAAABBCCBB	['D35C', 'A63D', 'C72D']	3	-3.252675	-8.975533	-9.98753	-1.0119972
BCCDDDCDCDDADCDDABBDABCABDBACBDCAADDCBCABACBCCABCACBCCCCCBDBACDBBBCBCBACCACACAACCCBABADBCCAABBBCCBB	['D12A', 'C19B', 'A63D', 'D77C', 'A93B']	5	-3.2537541	-6.727314	-7.7403917	-1.0130777
BCCDDDCDCDDDDCDDABCDABCABDBACBDCAADDCBCABACBCCABCACBCCCCCBDBADDBBBCBBBAACACADAACCCBABADBCCAAABBCCBB	['C62D', 'A63D', 'C69B', 'C72A']	4	-3.255836	-8.551929	-9.567087	-1.0151577
AAADDDCDCDDDDCCDABCDABCABDBACBDCAADACBCABACBCCABCACBCCCCCBDBACCCBBCBCBACCACADAACCCBABADBCCAAABBCCBB	['B1A', 'C2A', 'C3A', 'D15C', 'D36A', 'A63C', 'B64C']	7	-3.2564006	-10.601556	-11.617279	-1.0157232
BCCDDDCDCDDDDCDDABCDABCABDBACBDCAACACBCABACBCCABCACBCCCCCBDBADCCBBCBCBACCACADAACCCBABADBCBAAABBCCBB	['D35C', 'D36A', 'C62D', 'A63C', 'B64C', 'C90B']	6	-3.2577543	-9.901366	-10.918439	-1.0170727
BCCDDDCDCDDDDCDDABCDABCABDBACBDCDADDABCABACBCCABCACBCCCCCBDBACACBBCBCBACCACADAACCCBABADBCCAAABBCCBB	['A33D', 'C37A', 'B64C']	3	-3.2579045	-7.9481564	-8.96538	-1.0172234
BCCDDDCDCDDDDCDDABCDABCABDBACBDCDADDABCABACBCCABCACBCCCCCBDBACACBBCBCBACCACADAACCCBABADBCCAAABBCCBB	['A33D', 'C37A', 'B64C']	3	-3.2579045	-7.9481564	-8.96538	-1.0172234
BCCDDDCDCDDDDCDDABCDABCABDBACBDCDADDABCABACBCCABCACBCCCCCBDBACACBBCBCBACCACADAACCCBABADBCCAAABBCCBB	['A33D', 'C37A', 'B64C']	3	-3.2579045	-7.9481564	-8.96538	-1.0172234
BCCDDDCDCDDDBCDDABCDABCABDBACBDCAADDCBCABACBCCABCACBCCCCDBDBACDBBBCBCBACCACADAACCCBABADBCCAAABBCCBB	['D13B', 'C57D', 'A63D']	3	-3.2590823	-8.2877035	-9.306107	-1.018403
BCCDDDCDCDDDBCDDABCDABCABDBACBDCAADDCBCABACBCCABCACBCCCCDBDBACDBBBCBCBACCACADAACCCBABADBCCAAABBCCBB	['D13B', 'C57D', 'A63D']	3	-3.2590823	-8.2877035	-9.306107	-1.018403
BCCDDDCDCDDDBCDDABCDABCABDBACBDCAADDCBCABACBCCABCACBCCCCDBDBACDBBBCBCBACCACADAACCCBABADBCCAAABBCCBB	['D13B', 'C57D', 'A63D']	3	-3.2590823	-8.2877035	-9.306107	-1.018403
BCCDDDCDCDDDBDCDABCDABCABDBACBDCAADDBBCABACBCCABCACBCCCCCBDBACDBBBCBCBACCACADAACCCBABADBCCAAABBCCBB	['D13B', 'C14D', 'D15C', 'C37B', 'A63D']	5	-3.260509	-6.666129	-7.685952	-1.0198231
BCCDDDCDCDDDDCDDABCDABCABDBACBDCAACDDBCACACBCCABCACBCCCCCBDBADBBBBCBCBCCCACACAACCCBABADBCCAABBBCCBB	['D35C', 'C37D', 'B41C', 'C62D', 'A63B', 'A71C', 'D77C', 'A93B']	8	-3.261098	-7.1841507	-8.204564	-1.0204134
AAADDDCDCDDDBCDDABCDABCABDBACBDCAADACBCABACBCCABCACBCCCCCBDBADACBBCBCBACCACADAACCCBABADBCCAAABBCCBB	['B1A', 'C2A', 'C3A', 'D13B', 'D36A', 'C62D', 'B64C']	7	-3.2618346	-9.854497	-10.875654	-1.0211573
BCCDDDCDCDDDDCCDABCDABCABDBACBDCAADDCBCABACBCCABCACBCCCCCBDCACDBBBCBCAACCACADAACCCBABADBDCAAABBCCBB	['D15C', 'B60C', 'A63D', 'B70A', 'C89D']	5	-3.2626028	-8.702639	-9.724562	-1.0219231
BCCDDDCDCDDDDCDDABCDABCABDBACBDCAADDCDCABACBCCABCACBCCCCDBDCCCDBBBCBCBBDCACACAACCCBABADBCCAABBBCCBB	['B38D', 'C57D', 'B60C', 'A61C', 'A63D', 'A71B', 'C72D', 'D77C', 'A93B']	9	-3.2627926	-7.810993	-8.833103	-1.02211
BCCDDDCDCDDDDDCDABCDABCABDBACBDCAADDCBCABACBCCABCACBCCCCCBDBACABBBCBCBADCACADAACCCBABADBCCAAABBCCBB	['C14D', 'D15C', 'C72D']	3	-3.2640123	-6.8977695	-7.9211016	-1.0233321
BCCDDDCDCDDDDCCDABCDABCABDBACBDCAACDABCACACBCCABCACBCCCCCBDBACDBBBCBCBACCACADAACCCBABADBCCAABBBCCBB	['D15C', 'D35C', 'C37A', 'B41C', 'A63D', 'A93B']	6	-3.2652245	-7.7217164	-8.746261	-1.0245442
BCCDDDCDCDDDDCDDABCDABCABDBACBDCAACDABCABACBCCABCACBCCCCCBDBADDBBBCBCBACCACACAACCCBABADBCCAABBBCCBA	['D35C', 'C37A', 'C62D', 'A63D', 'D77C', 'A93B', 'B99A']	7	-3.2652793	-7.6733065	-8.697907	-1.024601
BCCDDDCDCCDDDCDCABCDABCABDBACBDCAADDCBAABACBCCABCACBCCCCDBDBABCCBBCBCBACCACADAACCCBABADBCCAAABBCCBB	['D10C', 'D16C', 'C39A', 'C57D', 'C62B', 'A63C', 'B64C']	7	-3.266168	-9.355035	-10.380526	-1.0254908
BCCDDDCDCDDDDCCDABBDABCABDBACBDCAACDCBCABACBCCABCACBCCCCDBDBADDBBBCBCBACCACADAACCDBABADBCCAAABBCCBB	['D15C', 'C19B', 'D35C', 'C57D', 'C62D', 'A63D', 'C82D']	7	-3.266254	-8.012315	-9.037887	-1.0255718
BCCDDDCDCDDDDCDDABCDABCABDBACBDCAACDCBCABACBCCABCACBCCCCCBDBACDBBBCBBBACCACACAACCCBABADBCCAAABBCCBB	['D35C', 'A63D', 'C69B', 'D77C']	4	-3.2678833	-8.25666	-9.283861	-1.0272007
BCCDDDCDCCDDDCDDABCCABCABDBACBDCAACABBCABACBCCABCACBCCCCDBDBACDBBBCBCBBCCACADAACCBBABADBCCAAABBDCBB	['D10C', 'D20C', 'D35C', 'D36A', 'C37B', 'C57D', 'A63D', 'A71B', 'C82B', 'C96D']	10	-3.2691135	-7.539316	-8.567744	-1.0284281
BCCDDDCDCDDDDCDDABCDABCABDBACBDCAADDCBAABACBCCABCACBCCCCCBDBACDBBBCBCBCCCACADAACCCBABADBCCAAABBCCBB	['C39A', 'A63D', 'A71C']	3	-3.2699013	-8.378424	-9.407647	-1.0292234
BCCDDDCDCDDBDCDCABBDABCABDBACBDCAADDCBAABACBCCABCACBCCCCCBDBACDCBBCBCBACCACADAACCCBABADBCCAAABBCCBB	['D12B', 'D16C', 'C19B', 'C39A', 'A63D', 'B64C']	6	-3.270412	-9.659413	-10.689146	-1.0297327
BCCDDDCDCDDBDCDDABBDABCABDBACBDCAADACBCABACBCCABCACBCCCCCBDBACACBBCBCBACCACADAACCCBABADBCCAAABBCCBB	['D12B', 'C19B', 'D36A', 'B64C']	4	-3.2715783	-8.260842	-9.291738	-1.0308952
BCCDDDCDCDDDDCDDABCCABCABDBACBDCAADABBCABACBCCABCACBCCCCDBDBADDBBBCBCBADCACADAACCCBABADBCCAABBBCCBB	['D20C', 'D36A', 'C37B', 'C57D', 'C62D', 'A63D', 'C72D', 'A93B']	8	-3.2734828	-7.1459756	-8.178779	-1.032803
AAADDDCDCDDDDCDDACCDABCABDBACBDCAACDBBCABACBCCABCACBCCCCCBDBACDBBBCBCBBACACACAACCCBABADBCCAABBBCCBB	['B1A', 'C2A', 'C3A', 'B18C', 'D35C', 'C37B', 'A63D', 'A71B', 'C72A', 'D77C', 'A93B']	11	-3.2745605	-7.7671986	-8.801079	-1.0338802
BCCDDDCDCDDDBCDDABCDABCABDBACBDCAADDCBCABACBCCABCACBCCCCCBDBACDBBBCBCCACCACADAACCCBABADBCCAAABBCCBB	['D13B', 'A63D', 'B70C']	3	-3.2755585	-7.5049095	-8.539786	-1.0348768
BCCDDDCDCDDDDCDDABCDABCABDBACBDCAACACACABACBCCABCACBCCCCCBDBACDBBBCBCBACCACADAACCCBABADBCCAABBBCCBB	['D35C', 'D36A', 'B38A', 'A63D', 'A93B']	5	-3.277257	-8.38813	-9.424708	-1.0365782
BCCDDDCDCDDDDCDDABDDABCABDBACBDCAADDCBCABACBCCABCACBCCCCCBDBACABBBCBCBACCACADAACCCBABADBCCAAABBCCBB	['C19D']	1	-3.2777524	-7.641635	-8.678707	-1.0370722
BCCDDDCDCDDDDCDDABDDABCABDBACBDCAADDCBCABACBCCABCACBCCCCCBDBACABBBCBCBACCACADAACCCBABADBCCAAABBCCBB	['C19D']	1	-3.2777524	-7.641635	-8.678707	-1.0370722
BCCDDDCDCDDDBCDDABCDABCABDBACBDCAADDCBCACACBCCABCACBCCCCCBDBACDBBBCBCBACCACADADCCCBABADBCCAAABBCCBB	['D13B', 'B41C', 'A63D', 'A79D']	4	-3.2784748	-8.26431	-9.3021	-1.0377903
AAADDDCDCDDDDCDDABCDABCABDBACBDCAADDABCACACBCCABCACBCCCCCBDCCCACBBCBCBACCACADAACCCBABADBCCAAABBCCBB	['B1A', 'C2A', 'C3A', 'C37A', 'B41C', 'B60C', 'A61C', 'B64C']	8	-3.2791114	-11.360882	-12.39932	-1.0384378
BCCDDDCDCDDDDCDDABCDABCABDBACBDCAADACBCACACBCCABCACBCCCCCBDBADDCBBCBCBACCACADAACCCBABADBCCAAABBCCBB	['D36A', 'B41C', 'C62D', 'A63D', 'B64C']	5	-3.2805467	-9.481424	-10.521293	-1.0398684
BCCDDDCDCDDDDDDDABBDABCABDBACBDCAADDCBCABACBCCABCACBCCCCCBDBACABBBCBCBACCACACAACCCBABADBCCAAABBCCBB	['C14D', 'C19B', 'D77C']	3	-3.2816668	-5.9957714	-7.0367584	-1.040987
BCCDDDCDCDDDDCDDABBDABCABDBACBBCAACDCBCABACBCCABCACBCCCCCBDBACDBBBCBCBCCCACACAACCCBABADBCCAABBBCCBB	['C19B', 'D31B', 'D35C', 'A63D', 'A71C', 'D77C', 'A93B']	7	-3.2827864	-6.3989067	-7.4410124	-1.0421057
BCCDDDCDCADDDCDDCBCCABCABDBACBDCAACACBCACACBCCABCACBCDCCCBDCADDBBBCBCBACCACADAACCBBABADBCCAAABBCCBB	['D10A', 'A17C', 'D20C', 'D35C', 'D36A', 'B41C', 'C54D', 'B60C', 'C62D', 'A63D', 'C82B']	11	-3.2828908	-10.308474	-11.3506775	-1.0422039
BCCDDDCDCDDDDCCDABCDABCABDBACBDCAADACBCABACBCCABCACBCCCCCBDBACACBBCBCBACCACADAACCCBABADBCCAAABBCCBB	['D15C', 'D36A', 'B64C']	3	-3.2832303	-7.6747394	-8.717288	-1.0425487
BCCDDDCDCDDDDCCDABCDABCABDBACBDCAADACBCABACBCCABCACBCCCCCBDBACACBBCBCBACCACADAACCCBABADBCCAAABBCCBB	['D15C', 'D36A', 'B64C']	3	-3.2832303	-7.6747394	-8.717288	-1.0425487
AAADDDCDCDDDDCDDABCDABCABDBACBDCAACDCBCABACBCCABCACBCCCCCBDBACABBBCBCBACCACACAACCCBABADBCCAAABBCCBB	['B1A', 'C2A', 'C3A', 'D35C', 'D77C']	5	-3.2833939	-8.928938	-9.971656	-1.0427179
BCCDDDCDCDDDDCDDABCDABCABDBACDDCAACCABCABACBDCABCACBCCCCCBDBACDBBBCBACACCACADAACCCBABADBCCAAABBCCBB	['B30D', 'D35C', 'D36C', 'C37A', 'C45D', 'A63D', 'C69A', 'B70C']	8	-3.2839885	-7.5631895	-8.606489	-1.0432997
BCCDDDCDCDDDDCDDABCDABCABDBACBDCAADDCBCABACBCCABCACBCCCCCBDBACBBBBCBCBCCCACADAACCCBABADBCCAAABBCCBA	['A63B', 'A71C', 'B99A']	3	-3.284809	-8.590106	-9.634236	-1.0441303
BCCDDDCDCDDBDCDDABCDABCABDBACBDCAADDCBCABABBCCABCACBCCCCDBDBADDBBBCBCBCCCACADAACCCBABADBCCAABBBCCBB	['D12B', 'C43B', 'C57D', 'C62D', 'A63D', 'A71C', 'A93B']	7	-3.286779	-8.6806555	-9.72676	-1.0461044
BCCDDDCDCDDDDCDDABCDABCABDBACBDCAADDCBCABACBCCABCACBCCCCCBDBADDBBBCBCBACCACACAACCCBABADBCCAAABBCCBA	['C62D', 'A63D', 'D77C', 'B99A']	4	-3.287384	-7.7554517	-8.802156	-1.0467048
AAADDDCDCDDDDCDDABCDABCABDBACBDCAADABBCABACBCCABCACBCCCCCBDBADDBBBCBCBACCACADAACCCBABADBCCAABBBCCBB	['B1A', 'C2A', 'C3A', 'D36A', 'C37B', 'C62D', 'A63D', 'A93B']	8	-3.288311	-9.229445	-10.277082	-1.047637
BCCDDDCDCDDDDCDDABBDABCABDBACBDCAADDCBCACACBCCABCACBCCCCCBDBACABBBCBCBBCCCCADAACCCBABADBCCAAABBCCBB	['C19B', 'B41C', 'A71B', 'A74C']	4	-3.2889209	-7.378214	-8.4264555	-1.0482416
BCCDDDCDCDDDDCDDABCDABCABDBACBDCAADDCBCABACBCCABCACBCCCCCBDCADADBBCBCBACCACACAACCCBABADBCCAABBBCCBB	['B60C', 'C62D', 'B64D', 'D77C', 'A93B']	5	-3.2894292	-7.4279327	-8.476684	-1.0487509
BCCDDDCDCDDDDCDDABCDABCABDBACBDCDADDABCACACBCCABCACBCCCCCBDBACDBBBCBCBACCACADAACCCBABADBCCAABBBCCBB	['A33D', 'C37A', 'B41C', 'A63D', 'A93B']	5	-3.2897053	-7.4594603	-8.508485	-1.0490246
BCCDDDCDCDDDBDDDABCDABCABDBACBDCAACDABCACACBCCABCACBCCCCCBDBACDBBBCBCBADCACADAACCCBABADBCCAAABACCBB	['D13B', 'C14D', 'D35C', 'C37A', 'B41C', 'A63D', 'C72D', 'B95A']	8	-3.2900047	-8.762907	-9.81223	-1.0493231
BCCDDDCDCDDDDCCDABCDABCABDBACBDCAADDCBCACACBCCABCACBCCCCCBDBACBBBBCBCBACCACADAACCCBABADBCCAAABBCCBB	['D15C', 'B41C', 'A63B']	3	-3.291141	-8.001098	-9.051559	-1.0504618
AAADDDCDCDDDDCDDABCDABCABDBACBDCAADDABCABACBCCABCACBCCCCCBDBACDBBBCBCBACCACADAACCCBABADBCCAAABBCCBB	['B1A', 'C2A', 'C3A', 'C37A', 'A63D']	5	-3.2918763	-10.388687	-11.439892	-1.0512047
BCCDDDCDCDDDDCDDABCDABCABDBACBDCAADDCBDABACBCCABCACBCCCCCBDBACDBBBCBCBACCACACAACCCBABADBCCAAABBCCBB	['C39D', 'A63D', 'D77C']	3	-3.292306	-7.7641697	-8.815798	-1.0516281
BCCDDDCDCDDDDCDDABCDABCABDBACBDCAADDCBCABACBCCABCACBCCCCCBDBADABBBCBCBACCACACAACCCBABADBCCAAABBCCBB	['C62D', 'D77C']	2	-3.2928076	-6.7940474	-7.846175	-1.0521278
BCCDDDCDCDDBDCCBABBDABCABDBACBDCAADBABCABACBCCABCACBCCCCCBDBADACBBCBBBACCACADAACCCBABADBCCAAABBCCBB	['D12B', 'D15C', 'D16B', 'C19B', 'D36B', 'C37A', 'C62D', 'B64C', 'C69B']	9	-3.2943854	-7.2024164	-8.2561245	-1.0537081
BCCDDDCDCCDDBCDDABCDABCABDBACBDCAACDABCACACBCCABCACBCCCCCBDBDCABBBCBCBACCACADAACCCBABADBCCAAABBCCBB	['D10C', 'D13B', 'D35C', 'C37A', 'B41C', 'A61D']	6	-3.2945724	-6.5000405	-7.5539255	-1.053885
BCCDDDCDCCDDDDDDABCDABCABDBACBDCAADDBBCABACBBCAACACBCDCCCBDBACDBBBCBCCACCACACAACCBBABADBCCAABBBCCBB	['D10C', 'C14D', 'C37B', 'C45B', 'B48A', 'C54D', 'A63D', 'B70C', 'D77C', 'C82B', 'A93B']	11	-3.2945967	-5.7899914	-6.8439064	-1.053915
BCCDDDCDCDDDDCDDABBCABCABDBACBDCAADDCBCABACBCCABCACBCCCCCBDBACDBBBCBCBACCACADAACCCBABADBCCAAABBCCBB	['C19B', 'D20C', 'A63D']	3	-3.294599	-7.312247	-8.366168	-1.0539212
BCCDDDCDCDDCDDDDABCDABCABDBACBDCAADDCBCABACBCCABCACBCCCCCBDCADDBBBCCCBBCCACADAACCCBABADBCCAABBBCCBB	['D12C', 'C14D', 'B60C', 'C62D', 'A63D', 'B68C', 'A71B', 'A93B']	8	-3.2949476	-8.845439	-9.8997135	-1.0542746
BCCDDDCDCDDDDCCDABCDABCABDBACBDCAACDCBCACACBCCABCACBCCCCCBDBACDBBBCBCBACCACADAACCCBABADBACAAABBCCBB	['D15C', 'D35C', 'B41C', 'A63D', 'C89A']	5	-3.295374	-8.637985	-9.69268	-1.0546951
BCCDDDCDCDDDDCDDABCDABCABDBACBDCAADDABCABACBCCABCACBCCCCDBDBACDBBBCBBBACCACACAACCCBABADBCCAAABBCCBB	['C37A', 'C57D', 'A63D', 'C69B', 'D77C']	5	-3.2979488	-8.083243	-9.140513	-1.05727
BCCDDDCDCDDDDCDDABCDABCABDBACBDCAACDBBCABACBCCABCACBCCCCCBDBACABBBCBCBCCCACACAACCCBABADBCCAAABBCCBB	['D35C', 'C37B', 'A71C', 'D77C']	4	-3.2980962	-6.2544875	-7.311898	-1.0574107
BCCDDDCDCDDDDDDDABCDABCABDBACBDCAADDCBCACACBCCABCACBCCCCCBDBACDBBBCBCBACCACADAACCCBABADBCCAAABBCCBB	['C14D', 'B41C', 'A63D']	3	-3.2992578	-8.713706	-9.772282	-1.0585756
BCCDDDCDCDDDDDDDABCDABCABDBACBDCAADDCBCACACBCCABCACBCCCCCBDBACDBBBCBCBACCACADAACCCBABADBCCAAABBCCBB	['C14D', 'B41C', 'A63D']	3	-3.2992578	-8.713706	-9.772282	-1.0585756
BCCDDDCDCDDDDDDDABCDABCABDBACBDCAADDCBCACACBCCABCACBCCCCCBDBACDBBBCBCBACCACADAACCCBABADBCCAAABBCCBB	['C14D', 'B41C', 'A63D']	3	-3.2992578	-8.713706	-9.772282	-1.0585756
BCCDDDCDCDDDDDDDABCDABCABDBACBDCAADDCBCACACBCCABCACBCCCCCBDBACDBBBCBCBACCACADAACCCBABADBCCAAABBCCBB	['C14D', 'B41C', 'A63D']	3	-3.2992578	-8.713706	-9.772282	-1.0585756
BCCDDDCDCDDDDCDDABBDABCABDBACBDCAADDCBCABACBCCABCACBCCCCCBDBACDBBBCBCBACCACADAACCCBABADBCCAAABBCCBB	['C19B', 'A63D']	2	-3.3002934	-7.8091445	-8.868759	-1.0596147
BCCDDDCDCDDBDCDDABCDABCABDBACBDCAADDCBCABACBCCABCACBCCCCCBDBACABBBCBCBACCACADAACCCBABADBCCAAABBCCBB	['D12B']	1	-3.3014312	-8.291401	-9.352152	-1.060751
BCCDDDCDCDDBDCDDABCDABCABDBACBDCAADDCBCABACBCCABCACBCCCCCBDBACABBBCBCBACCACADAACCCBABADBCCAAABBCCBB	['D12B']	1	-3.3014312	-8.291401	-9.352152	-1.060751
BCCDDDCDCDDDDDDDABCDABCABDBACBDCAADDCBCACACBCCABCACBCCCCCBDBACBBBBCBCBACCACADAACCCBABADBCCAAABBCCBB	['C14D', 'B41C', 'A63B']	3	-3.3030696	-8.910942	-9.973333	-1.0623913
BCCDDDCDCDDDDCDDABCDABCABDBACBDCAADDCBCABACBCCABCACBCCCCDBDBACDBBBCBCBACCACADAACCCBABADBCCAAABBCCBB	['C57D', 'A63D']	2	-3.303822	-8.775324	-9.8384695	-1.0631456
BCCDDDCDCDDDDCDDABCDABCABDBACBDCAADDCBCABACBCCABCACBCCCCDBDBACDBBBCBCBACCACADAACCCBABADBCCAAABBCCBB	['C57D', 'A63D']	2	-3.303822	-8.775324	-9.8384695	-1.0631456
BCCDDDCDCDDDDCDDABCDABCABDBACBDCAADDCBCABACBCCABCACBCCCCDBDBACDBBBCBCBACCACADAACCCBABADBCCAAABBCCBB	['C57D', 'A63D']	2	-3.303822	-8.775324	-9.8384695	-1.0631456
BCCDDDCDCDDDDCDDABCDABCABDBACBDCAADDCBCABACBCCABCACBCCCCDBDBACDBBBCBCBACCACADAACCCBABADBCCAAABBCCBB	['C57D', 'A63D']	2	-3.303822	-8.775324	-9.8384695	-1.0631456
BCCDDDCDCDDDDCDDABCDABCABDBACBDCAADDCBCABACBCCABCACBCCCCDBDBACDBBBCBCBACCACADAACCCBABADBCCAAABBCCBB	['C57D', 'A63D']	2	-3.303822	-8.775324	-9.8384695	-1.0631456
BCCDDDCDCDDDDCDDABCDABCABDBACBDCAADDCBCABACBCCABCACBCCCCDBDBACDBBBCBCBACCACADAACCCBABADBCCAAABBCCBB	['C57D', 'A63D']	2	-3.303822	-8.775324	-9.8384695	-1.0631456
BCCDDDCDCDDBDCDCABBDABCABDBACBDCADDDCBCABACBCCABCACBCCCCCBDBACACBBCBCBACCACACAACCCBABADBCCAAABBCCBB	['D12B', 'D16C', 'C19B', 'A34D', 'B64C', 'D77C']	6	-3.3056421	-7.646817	-8.71178	-1.0649624
AAADDDCDCDDDDCCDABDDABCABDBACBDCAADDCBCABACBCCABCACBCCCCCBDBACCBBBCBCBACCACADAACCCBABADBCCAAABBCCBB	['B1A', 'C2A', 'C3A', 'D15C', 'C19D', 'A63C']	6	-3.3069806	-9.632465	-10.698769	-1.0663033
BCCDDDCDCDDDBCDDABCDABCABDBACBDCAADDBBCABACBCCABCACBCCCCDBDCACDBBBCBCBACCACACAACCCBABADBCCAAABBCCBB	['D13B', 'C37B', 'C57D', 'B60C', 'A63D', 'D77C']	6	-3.3071804	-7.4375687	-8.5040655	-1.0664968
BCCDDDCDCCDDDCDDABCDABCABDBACBDCAADACBCACACBCCABCACBCCCCCBDCACDBBBBBCBACCACADAACCCBABADBCCAAABBCCBB	['D10C', 'D36A', 'B41C', 'B60C', 'A63D', 'C67B']	6	-3.3081484	-7.5763583	-8.643827	-1.0674691
BCCDDDCDCDDDDDDDABCDABCABDBACBDCAADDCBCABACBCCABCACBCCCCCBDBACDBBBCBBBACCACADAACCCBABADBCCAAABBCCBB	['C14D', 'A63D', 'C69B']	3	-3.3097768	-8.902117	-9.971213	-1.0690966
AAADDDCDCDDDDCDDABBDABCABDBACBDCAADDABCABACBCCABCACBCCCCCBDBACABBBCBCBACCACACAACCCBABADBCCAAABBCCBB	['B1A', 'C2A', 'C3A', 'C19B', 'C37A', 'D77C']	6	-3.3099308	-7.7893414	-8.858598	-1.0692563
BCCDDDCDCDDDDCDDABCDABCABDBACBDCAACBCBCACACBCCABCACBCCCCCBDBACACBBCBCBACCACADAACCCBABADBCCAAABBCCBB	['D35C', 'D36B', 'B41C', 'B64C']	4	-3.31002	-9.273696	-10.343032	-1.0693359
AAADDDCDCDDDDCCDABCDABCABDBACBDCADADCBCABACBCCABCACBCCCCCBDBACCCBBCBCBACCACADAACCCBABADBCCAABBBCCBB	['B1A', 'C2A', 'C3A', 'D15C', 'A34D', 'D35A', 'A63C', 'B64C', 'A93B']	9	-3.3103113	-10.307797	-11.37743	-1.0696325
BCCDDDCDCDDDBCDDABCDABCABDBACBDCAADAABCABACBCCABCACBCCCCCBDBADDBBBCBCBACCACACAACCCBABADBCCAABBBCCBB	['D13B', 'D36A', 'C37A', 'C62D', 'A63D', 'D77C', 'A93B']	7	-3.310347	-6.4767647	-7.5464277	-1.069663
BCCDDDCDCDDDBCDDABCDABCABDBACBDCAADDCBCACACBCCABCACBCCCCCBDBACDBBBCBCCACCACADAACCCBABADBCCAAABBCCBB	['D13B', 'B41C', 'A63D', 'B70C']	4	-3.311202	-7.6234984	-8.694018	-1.0705199
BCCDDDCDCDDDDCDDABCDABCABDBACBDCAACDCBCABACBCCABCACBCDCCDBDCADDBBBCBCBBCCACADAACCBBABADBCCAAABBCCBB	['D35C', 'C54D', 'C57D', 'B60C', 'C62D', 'A63D', 'A71B', 'C82B']	8	-3.31171	-11.151164	-12.222195	-1.0710306
BCCDDDCDCDDDBCDDABCDABCABDBACDDCAADDCBCABACBCCABCACBCCCCCBDBACDBBBCBCBACCACADAACCCBABADBCCAAABBCCBB	['D13B', 'B30D', 'A63D']	3	-3.3117595	-6.770363	-7.8414354	-1.0710726
BCCDDDCDCDDDDCDDABCDABCABDBACBDCAADDCBCABABBCCABCACBCCCCCBDBADDBBBCBCBACCACADAACCCBABADBCCAABBBCCBB	['C43B', 'C62D', 'A63D', 'A93B']	4	-3.3141136	-8.462063	-9.5355015	-1.0734386
BCCDDDCDCDDDBCDDABCDABCABDBACBDCAADDCBCABACBCCABCACBCCCCCBDBACABBBCBCBACCACADAACCCBABADBCCAAABBCCBB	['D13B']	1	-3.3169513	-7.341551	-8.41782	-1.0762691
BCCDDDCDCDDDBCDDABCDABCABDBACBDCAADDCBCABACBCCABCACBCCCCCBDBACABBBCBCBACCACADAACCCBABADBCCAAABBCCBB	['D13B']	1	-3.3169513	-7.341551	-8.41782	-1.0762691
BCCDDDCDCDDDBCDDABCDABCABDBACBDCAADDCBCABACBCCABCACBCCCCCBDBACABBBCBCBACCACADAACCCBABADBCCAAABBCCBB	['D13B']	1	-3.3169513	-7.341551	-8.41782	-1.0762691
BCCDDDCDCDDDDCDDABCDABCABDBACBDCAADABBCABACBCCABCACBCCCCDBDBACDBBBCBCBACCACADAACCCBABADBCCAABBBCCBB	['D36A', 'C37B', 'C57D', 'A63D', 'A93B']	5	-3.3171053	-7.6521206	-8.728547	-1.0764265
BCCDDDCDCDDDDDDDABBDABCABDBACBDCAADDABCABACBCCABCACBCCCCCBDBACBBBBCBCBACCACACAACCCBABADBCCAAABBCCBB	['C14D', 'C19B', 'C37A', 'A63B', 'D77C']	5	-3.320056	-6.9811573	-8.060534	-1.0793762
BCCDDDCDCDDDDCDDABCDABCABDBACBDCAADDCBCABACBCCABCACBCCCCCBDBACDBBBCBCCACCACADAACCCBABADBCCAAABBCCBB	['A63D', 'B70C']	2	-3.3202991	-7.9925294	-9.072146	-1.079617
BCCDDDCDCDDDDCDDABCDABCABDBACBDCAADDCBCABACBCCABCACBCCCCCBDBACDBBBCBCCACCACADAACCCBABADBCCAAABBCCBB	['A63D', 'B70C']	2	-3.3202991	-7.9925294	-9.072146	-1.079617
BCCDDDCDCDDDBCDDABCDABCABDBACBDCAACDCBCACACBCCABCACBCCCCCBDBADDBBBCBCBCCCACACAACCCBABADBCCAAABBCCBB	['D13B', 'D35C', 'B41C', 'C62D', 'A63D', 'A71C', 'D77C']	7	-3.3211493	-7.14295	-8.223408	-1.0804577
BCCDDDCDCDDDDCCDABBDABCABDBACBDCAADDBBCABACBCCABCACBCCCCCBDCACABBBCBCBACCACADAACCCBABADBCCAABBBCCBB	['D15C', 'C19B', 'C37B', 'B60C', 'A93B']	5	-3.3216734	-5.8243217	-6.9053135	-1.0809917
BCCDDDCDCDDDDCDDABCDABCABDBACBDCAADDCBCABACBCCABCACBCBCCCBDBACBBBBCBCBACCACACAACCCBABADBCCAAABBCCBB	['C54B', 'A63B', 'D77C']	3	-3.3251438	-8.564094	-9.648553	-1.0844593
AAADDDCDCDDDDDDDABCDABCABDBACBDCAADDCBCABACBCCABCACBCCCCCBDBACABBBCBCBACCACADAACCCBABADBCCAAABBCCBB	['B1A', 'C2A', 'C3A', 'C14D']	4	-3.3252873	-9.574394	-10.659006	-1.0846119
BCCDDDCDCDDBDCDDABBDABCABDBACBDCAACDABCABACBCCABCACBCCCCDBDBACDBBBCBCBACCACADAACCCBABADBCCAABBBCCBB	['D12B', 'C19B', 'D35C', 'C37A', 'C57D', 'A63D', 'A93B']	7	-3.326126	-8.343296	-9.428744	-1.0854483
BCCDDDCDCDDABDCDABCDABCABDBACBDCAADDBBCABACBCCABCACBCCCCCBDBACCCBBCBCBADCACADAACCCBABADBCCAAABBCCBB	['D12A', 'D13B', 'C14D', 'D15C', 'C37B', 'A63C', 'B64C', 'C72D']	8	-3.326333	-8.372904	-9.458555	-1.0856514
BCCDDDCDCDDDDCDDABCDABCABDBACBDCAADDABCABACBCCABCACBCCCCCBDBACDDBBCBCBACCACACAACCCBABADBCCAAABBCCBB	['C37A', 'A63D', 'B64D', 'D77C']	4	-3.3265343	-8.007427	-9.093282	-1.0858545
BCCDDDCDCCDDDCDDABCDABCABDBACBDCAACACBCABADBCCAACACBCDCCCBDBADDBBBCBCBACCACADAACCBBABADBCCAABBBCCBB	['D10C', 'D35C', 'D36A', 'C43D', 'B48A', 'C54D', 'C62D', 'A63D', 'C82B', 'A93B']	10	-3.3270607	-9.552543	-10.638922	-1.086379
BCCDDDCDCCDADCCDACCDABCABDBACBDCAADDBBCABACBCCABCACBCCCCDBDBACDBBBCBCBACCACACAACCCBABADBCCAABBBCCBB	['D10C', 'D12A', 'D15C', 'B18C', 'C37B', 'C57D', 'A63D', 'D77C', 'A93B']	9	-3.3277273	-4.655303	-5.742342	-1.087039
BCCDDDCDCDDDDCDDABCDABCABDBACDDCAACABBCACACBDCABCACBCCCCCBDBACDBBBCBCCACCACADAACCCBABADBCCAAABBCCBB	['B30D', 'D35C', 'D36A', 'C37B', 'B41C', 'C45D', 'A63D', 'B70C']	8	-3.3289547	-6.5125794	-7.6008453	-1.0882659
BCCDDDCDCDDDDCDDABCDABCABDBACBDCAACDCBCABACBCCABCACBCCCCCBDBACDABBCBABACCACADAACCCBABADBCCAAABBCCBB	['D35C', 'A63D', 'B64A', 'C69A']	4	-3.32903	-9.913729	-11.00208	-1.0883512
BCCDDDCDCDDDDCDDABCDABCABDBACBDCAACDCBCABACBCCABCACBCCCCCBDBACDABBCBABACCACADAACCCBABADBCCAAABBCCBB	['D35C', 'A63D', 'B64A', 'C69A']	4	-3.32903	-9.913729	-11.00208	-1.0883512
AAAADDCDCDDDDCDDABBDABCABDBACBDCAADDCBCABACBCCABCACBCCCCCBDCACDBBBCBCBACCACACAACCCBABADBCCAABBBCCBB	['B1A', 'C2A', 'C3A', 'D4A', 'C19B', 'B60C', 'A63D', 'D77C', 'A93B']	9	-3.3292193	-8.874702	-9.963245	-1.0885429
BCCDDDCDCDDBDCDDABBDABCABDBACBDCAADDCBCABABBCCABCACBCCCCCBDBACCBBBCBCBBCCACADAACCCBABADBCCAABBBCCBB	['D12B', 'C19B', 'C43B', 'A63C', 'A71B', 'A93B']	6	-3.3319578	-8.204191	-9.295471	-1.09128
BCCDDDCDCDDDDCDDABCDABCABDBACBDCAADCCBCABACBCCABCACBCCCCCBDBACDBBBCBCBACCACADAACCCBABADBCCAABBBCCBB	['D36C', 'A63D', 'A93B']	3	-3.3320274	-8.143641	-9.234989	-1.0913477
BCCDDDCDCDDDDCDDABCDABCABDBACBDCAADCCBCABACBCCABCACBCCCCCBDBACDBBBCBCBACCACADAACCCBABADBCCAABBBCCBB	['D36C', 'A63D', 'A93B']	3	-3.3320274	-8.143641	-9.234989	-1.0913477
BCCDDDCDCDDDDCCDABCDABCABDBACBDCAACDBBCABACBCCABCACBCCCCCBDCACACBBCBCBACCACADAACCCBABADBCCAAABBCCBB	['D15C', 'D35C', 'C37B', 'B60C', 'B64C']	5	-3.3335586	-8.359356	-9.452233	-1.0928774
BCCDDDCDCDDDDCDDABBDABCABDBACDDCAADDCBCABACBCCABCACBCCCCCBDBACABBBCBBBBCCACACAACCCBABADBCCAAABBCCBB	['C19B', 'B30D', 'C69B', 'A71B', 'D77C']	5	-3.334322	-4.6543093	-5.747944	-1.0936346
BCCDDDCDCDDDDCDDABCDABCABDBACDDCAACDABCABACBCCABCACBCCCCCBDBACDBBBCBCBACCACADAACCCBABADBCCAABBBCCBB	['B30D', 'D35C', 'C37A', 'A63D', 'A93B']	5	-3.3343973	-7.1758366	-8.269546	-1.093709
BCCDDDCDCDDDBCDDABCDABCABDBACBDCAADDCBCABACBCCABCACBCCCCCBDBADDBBBCBCBACCACADAACCCBABADBCCAAABBCCBB	['D13B', 'C62D', 'A63D']	3	-3.33468	-8.093661	-9.187659	-1.093998
AAADDDCDCDDDDCDDABCDABCABDBACBDCAADDCBCABACBCCABCACBCCCCCBDBACCBBBCBCBACCACADAACCCBABADBCCAAABBCCBB	['B1A', 'C2A', 'C3A', 'A63C']	4	-3.3348632	-10.755982	-11.850172	-1.0941896
BCCDDDCDCDDBDCDDABCDABCABDBACBDCAADDABCABACBCCABCACBCCCCCBDBACDBBBCBCBACCACADAACCCBABADBCCAAABBCCBB	['D12B', 'C37A', 'A63D']	3	-3.3360085	-9.079551	-10.174881	-1.0953302
BCCDDDCDCDDDDCDDABCDABCABDBACBDCADDDCBCABACBCCABCACBCCCCCBDBADDBBBCBCBABCACADAACCCBABADBCCAAABBCCBB	['A34D', 'C62D', 'A63D', 'C72B']	4	-3.3363185	-8.92358	-10.019213	-1.0956326
BCCDDDCDCCDDDCDDABCDABCABDBACBDCAADDCACACACBCCAACACBCCCCCBDBACDBBBCBCBACCBCADAACCCBABADBCCAAABBCCBB	['D10C', 'B38A', 'B41C', 'B48A', 'A63D', 'A74B']	6	-3.3372579	-8.289472	-9.386047	-1.0965757
BCCDDDCDCDDDDDCDABBDABCABDBACBDCAADDCBCABACBCCABCACBCCCCCBDBACABBBCBCBACCACACAACCCBABADBCCAAABBCCBB	['C14D', 'D15C', 'C19B', 'D77C']	4	-3.3377247	-5.059787	-6.156826	-1.0970392
AAADDDCDCDDCDDDDABCDABCABDBACBDCAACACBCACACBCCABCACBCCCCCBDBACACBBCBCBACCACADAACCCBABADBCCAAABBCCBB	['B1A', 'C2A', 'C3A', 'D12C', 'C14D', 'D35C', 'D36A', 'B41C', 'B64C']	9	-3.3393369	-11.141313	-12.239973	-1.0986605
BCCDDDCDCDDDDCDDABCDABCABDBACBDCAACDCBCABACBCCABCACBCCCCCBDBADDDBBCBCBACCACADAACCCBABADBCCAABBBCCBB	['D35C', 'C62D', 'A63D', 'B64D', 'A93B']	5	-3.3396187	-8.888322	-9.987264	-1.0989418
BCCDDDCDCDDDDCDDABCDABCABDBACBDCAACACBCABACBCCABCACBCCCCCBDBACDCBBCBCBACCACADAACCCBABADBCCAAABBCCBB	['D35C', 'D36A', 'A63D', 'B64C']	4	-3.3398805	-9.726359	-10.825558	-1.0991983
BCCDDDCDCDDDDCDDABCDABCABDBACBDCAADDABCABACBCCABCACBCCCCCBDBACCBBBCBCCAACACACAACCCBABADBCCAAABBCCBB	['C37A', 'A63C', 'B70C', 'C72A', 'D77C']	5	-3.3421445	-7.020455	-8.121921	-1.1014657
BCCDDDCDCDDDDCDDABCDABCABDBACBDCAACABBCABACBCCABCACBCCCCCBDBADDBBBCBCBCCCACACAACCCBABADBCCAABBBCCBB	['D35C', 'D36A', 'C37B', 'C62D', 'A63D', 'A71C', 'D77C', 'A93B']	8	-3.3435287	-6.3887796	-7.491626	-1.1028461
BCCDDDCDCDDCDDDDABCDABCABDBACBDCAADDABCABACBCCABCACBCCCCCBDBACDBBBCBBBACCACADAACCCBABADBCCAAABBCCBB	['D12C', 'C14D', 'C37A', 'A63D', 'C69B']	5	-3.3445706	-9.241405	-10.345294	-1.1038895
BCCDDDCDCDDCDDDDABCDABCABDBACBDCAADDABCABACBCCABCACBCCCCCBDBACDBBBCBBBACCACADAACCCBABADBCCAAABBCCBB	['D12C', 'C14D', 'C37A', 'A63D', 'C69B']	5	-3.3445706	-9.241405	-10.345294	-1.1038895
BCCDDDCDCDDDDCDDABCDABCABDBACBDCAADDABCACACBCCABCACBCCCCCBDBACABBBCBCBACCACACAACCCBABADBCCAAABBCCBB	['C37A', 'B41C', 'D77C']	3	-3.3452997	-6.9486766	-8.053295	-1.1046185
BCCDDDCDCDDDDCDDABCDABCABDBACBDCAADDABCACACBCCABCACBCCCCCBDBACABBBCBCBACCACACAACCCBABADBCCAAABBCCBB	['C37A', 'B41C', 'D77C']	3	-3.3452997	-6.9486766	-8.053295	-1.1046185
BCCDDDCDCDDDDDCDABCDABCABDBACBDCAADDCBCACACBCCABCACBCCCCCBDBACCBBBCBCBACCACACAACCCBABADBCCAAABBCCBB	['C14D', 'D15C', 'B41C', 'A63C', 'D77C']	5	-3.3462658	-7.145934	-8.251521	-1.105587
BCCDDDCDCDDDBCCDABCDABCABDBACDDCAACAABCABACBDCABCACBCCCCDBDBACDBDBCBCBAACACADAACCCBABADBCCAAABBCCBB	['D13B', 'D15C', 'B30D', 'D35C', 'D36A', 'C37A', 'C45D', 'C57D', 'A63D', 'B65D', 'C72A']	11	-3.3462825	-6.1276703	-7.233267	-1.1055965
BCCDDDCDCDDDDCDDABCDABCABDBACBDCAADDBBCABACBCCABCACBCCCCCBDBACABBBCBCBACCACADAACCCBABADBCCAAABBCCBB	['C37B']	1	-3.3472724	-7.323784	-8.430378	-1.1065941
BCCDDDCDCDDDDCDDABCDABCABDBACBDCAADDBBCABACBCCABCACBCCCCCBDBACABBBCBCBACCACADAACCCBABADBCCAAABBCCBB	['C37B']	1	-3.3472724	-7.323784	-8.430378	-1.1065941
BCCDDDCDCDDDDCDDABCDABCABDBACBDCAADDBBCABACBCCABCACBCCCCCBDBACABBBCBCBACCACADAACCCBABADBCCAAABBCCBB	['C37B']	1	-3.3472724	-7.323784	-8.430378	-1.1065941
BCCDDDCDCDDDDDCDABCDABCABDBACBDCAADDBBCABACBCCABCACBCCCCCBDBADDBBBCCCBBCCACADAACCCBABADBCCAABBBCCBA	['C14D', 'D15C', 'C37B', 'C62D', 'A63D', 'B68C', 'A71B', 'A93B', 'B99A']	9	-3.3478737	-6.579771	-7.6869593	-1.1071882
BCCDDDCDCDDDDCBDABCDABCABDBACBDCAADDCBCABACBCCABCACBCCCCCBDBACDBBBCBCCBCCACACAACCCBABADBCCAABBBCABA	['D15B', 'A63D', 'B70C', 'A71B', 'D77C', 'A93B', 'C97A', 'B99A']	8	-3.3480873	-6.1297007	-7.2371035	-1.1074028
AAADDDCDCDDDDCDDABCDABCABDBACBDCAADDCBAABACBCCABCACBCCCCCBDBADDBBBCBCBCCCACADAACCCBABADBCCAAABBCCBB	['B1A', 'C2A', 'C3A', 'C39A', 'C62D', 'A63D', 'A71C']	7	-3.3493042	-10.109811	-11.218441	-1.1086302
BCCDDDCDCDDDDCDDABCCABCABDBACBDCAADABBCABACBCCABCACBCCCCCBDBADDCBBCBCCACCACADAACCCBABADBCCAAABBCCBB	['D20C', 'D36A', 'C37B', 'C62D', 'A63D', 'B64C', 'B70C']	7	-3.3494625	-7.7318277	-8.840606	-1.108778
BCCDDDCDCDDCDDDDABCDABCABDBACBDCAACACBCABACBCCABCACBCCCCDBDBACDCBBCBCBACCACADAACCCBABADBCCAAABBCCBB	['D12C', 'C14D', 'D35C', 'D36A', 'C57D', 'A63D', 'B64C']	7	-3.3502154	-10.197511	-11.307047	-1.1095362
BCCDDDCDCDDDBCDDABCDABCABDBACBDCAADDABCABACBCCABCACBCCCCCBDBACDBBBCBCBACCACADAACCCBABADBCCAAABBCCBB	['D13B', 'C37A', 'A63D']	3	-3.3515277	-8.129701	-9.240549	-1.1108484
BCCDDDCDCDDDBDDDABCDABCABDBACBDCBACBBBCABACBCCABCACBCCCCCBDCACABBBCBCBACCACADAACCABABADBCCAAABBCCBB	['D13B', 'C14D', 'A33B', 'D35C', 'D36B', 'C37B', 'B60C', 'C82A']	8	-3.354301	-9.093374	-10.206987	-1.1136131
BCCDDDCDCDDDDCDDABBDABCABDBACBDCAADDCBDACACBCCABCACBCCCCCBDBADCBBBCBCBBACACADAACCCBABADBCCAABBBCCBB	['C19B', 'C39D', 'B41C', 'C62D', 'A63C', 'A71B', 'C72A', 'A93B']	8	-3.3550568	-7.339737	-8.45412	-1.1143827
BCCDDDCDCDDDDCDDABDDABCABDBACBDCAADDCBCABACBCCABCACBCCCCCBDBACCBBBCBCBACCACADAACCCBABADBCCAAABBCCBB	['C19D', 'A63C']	2	-3.3553157	-8.797082	-9.91172	-1.1146383
BCCDDDCDCDDBBADDABDDABCABDBACDDCDADAABCABACBDCABCACBCCCCCBDBACACBBCBCBACCACADAACCCBABADBCCAAABBCCBB	['D12B', 'D13B', 'C14A', 'C19D', 'B30D', 'A33D', 'D36A', 'C37A', 'C45D', 'B64C']	10	-3.3555923	-6.303656	-7.418559	-1.114903
BCCDDDCDCDDBBADDABDDABCABDBACDDCDADAABCABACBDCABCACBCCCCCBDBACACBBCBCBACCACADAACCCBABADBCCAAABBCCBB	['D12B', 'D13B', 'C14A', 'C19D', 'B30D', 'A33D', 'D36A', 'C37A', 'C45D', 'B64C']	10	-3.3555923	-6.303656	-7.418559	-1.114903
BCCDDDCDCDDDDCDDABCDABCABDBACDDCAADDCBCABACBCCABCACBCCCCCBDBACDBBBCBCBACCACADAACCCBABADBCCAAABBCCBB	['B30D', 'A63D']	2	-3.3565001	-7.2579813	-8.373792	-1.1158104
BCCDDDCDCDDDDCDDABCDABCABDBACBDCAACACBCABACBCCABCACBCCCCDBDBACDBBBCBCBACCACACAACCCBABADBCCAABBBCCBB	['D35C', 'D36A', 'C57D', 'A63D', 'D77C', 'A93B']	6	-3.3576198	-7.4859085	-8.602844	-1.1169357
BCCDDDCDCDDDDCDDABCDABCABDBACBDCAACACBCABACBCCABCACBCCCCDBDBACDBBBCBCBACCACACAACCCBABADBCCAABBBCCBB	['D35C', 'D36A', 'C57D', 'A63D', 'D77C', 'A93B']	6	-3.3576198	-7.4859085	-8.602844	-1.1169357
BCCDDDCDCDDDDCCDABCDABCABDBACDDCAADACBCABACBCCABCACBCCCCCBDBACBBBBCBCBBCCACADAACCCBABADBCCAABBBCCBB	['D15C', 'B30D', 'D36A', 'A63B', 'A71B', 'A93B']	6	-3.3576746	-5.590089	-6.707074	-1.1169853
BCCDDDCDCDDDDCCDABCDABCABDBACDDCAADACBCABACBCCABCACBCCCCCBDBACBBBBCBCBBCCACADAACCCBABADBCCAABBBCCBB	['D15C', 'B30D', 'D36A', 'A63B', 'A71B', 'A93B']	6	-3.3576746	-5.590089	-6.707074	-1.1169853
BCCDDDCDCDDDBCCDABCDABCABDBACBDCAACDCBCABACBCCABCACBCCCCCBDBACDBBBCBCBACCCCADAACCCBABADBCCAAABBCCBB	['D13B', 'D15C', 'D35C', 'A63D', 'A74C']	5	-3.3590293	-8.075095	-9.193441	-1.1183462
BCCDDDCDCDDDDDDDABCDABCABDBACBDCAADDBBCABABBCCABCACBCCCCCBDBACCABBCBCBBACACADAACCCBABADBCCAABBBCCBB	['C14D', 'C37B', 'C43B', 'A63C', 'B64A', 'A71B', 'C72A', 'A93B']	8	-3.359085	-8.127575	-9.24598	-1.1184053
BCCDDDCDCDDDDCCDABCDABCABDBACBDCAADDCBCABACBCCABCACBCCCCDBDBACDBBBCBCBACCACADAACCCBABADBCCAAABBCCBB	['D15C', 'C57D', 'A63D']	3	-3.35988	-7.8393364	-8.958536	-1.1191998
BCCDDDCDCDDDDCCDABCDABCABDBACBDCAADDCBCABACBCCABCACBCCCCDBDBACDBBBCBCBACCACADAACCCBABADBCCAAABBCCBB	['D15C', 'C57D', 'A63D']	3	-3.35988	-7.8393364	-8.958536	-1.1191998
BCCDDDCDCDDDBCDDABCDABCABDBACDDCAADBCBCABACBCCABCACBCCCCDBDBACDCBBCBCBACCADADAACCCBABADBCCAAABBCCBB	['D13B', 'B30D', 'D36B', 'C57D', 'A63D', 'B64C', 'C75D']	7	-3.3605604	-7.7713547	-8.891226	-1.1198711
BCCDDDCDCDDDDCDDABCDABCABDBACBDCAADDCBCABACBCCABCACBCCCCCBDBACABBBCBCBACCACADAACCCBABADBCCAAABBCCBB	[]	0	-3.361691	-7.8291693	-8.950181	-1.1210117
BCCDDDCDCDDDDCDDABCDABCABDBACBDCAADDCBCABACBCCABCACBCCCCCBDBACABBBCBCBACCACADAACCCBABADBCCAAABBCCBB	[]	0	-3.361691	-7.8291693	-8.950181	-1.1210117
BCCDDDCDCDDDDCDDABCDABCABDBACBDCAADDCBCABACBCCABCACBCCCCCBDBACABBBCBCBACCACADAACCCBABADBCCAAABBCCBB	[]	0	-3.361691	-7.8291693	-8.950181	-1.1210117
BCCDDDCDCDDDDCDDABCDABCABDBACBDCAADDCBCABACBCCABCACBCCCCCBDBACABBBCBCBACCACADAACCCBABADBCCAAABBCCBB	[]	0	-3.361691	-7.8291693	-8.950181	-1.1210117
BCCDDDCDCDDDDCDDABCDABCABDBACBDCAADDCBCABACBCCABCACBCCCCCBDBACABBBCBCBACCACADAACCCBABADBCCAAABBCCBB	[]	0	-3.361691	-7.8291693	-8.950181	-1.1210117
BCCDDDCDCDDDDCDDABCDABCABDBACBDCAADDCBCABACBCCABCACBCCCCCBDBACABBBCBCBACCACADAACCCBABADBCCAAABBCCBB	[]	0	-3.361691	-7.8291693	-8.950181	-1.1210117
BCCDDDCDCDDDDCDDABCDABCABDBACBDCAADDCBCABACBCCABCACBCCCCCBDBACABBBCBCBACCACADAACCCBABADBCCAAABBCCBB	[]	0	-3.361691	-7.8291693	-8.950181	-1.1210117
BCCDDDCDCDDDDCDDABCDABCABDBACBDCAADDCBCABACBCCABCACBCCCCCBDBACABBBCBCBACCACADAACCCBABADBCCAAABBCCBB	[]	0	-3.361691	-7.8291693	-8.950181	-1.1210117
BCCDDDCDCDDDDCDDABCDABCABDBACBDCAADDCBCABACBCCABCACBCCCCCBDBACABBBCBCBACCACADAACCCBABADBCCAAABBCCBB	[]	0	-3.361691	-7.8291693	-8.950181	-1.1210117
BCCDDDCDCDDDDCDDABCDABCABDBACBDCAADDCBCABACBCCABCACBCCCCCBDBACABBBCBCBACCACADAACCCBABADBCCAAABBCCBB	[]	0	-3.361691	-7.8291693	-8.950181	-1.1210117
BCCDDDCDCDDDDCDDABCDABCABDBACBDCAADDCBCABACBCCABCACBCCCCCBDBACABBBCBCBACCACADAACCCBABADBCCAAABBCCBB	[]	0	-3.361691	-7.8291693	-8.950181	-1.1210117
BCCDDDCDCDDDDCDDABCDABCABDBACBDCAADDCBCABACBCCABCACBCCCCCBDBACABBBCBCBACCACADAACCCBABADBCCAAABBCCBB	[]	0	-3.361691	-7.8291693	-8.950181	-1.1210117
BCCDDDCDCDDDDCDDABCDABCABDBACBDCAADDCBCABACBCCABCACBCCCCCBDBACABBBCBCBACCACADAACCCBABADBCCAAABBCCBB	[]	0	-3.361691	-7.8291693	-8.950181	-1.1210117
BCCDDDCDCDDDDCDDABCDABCABDBACBDCAADDCBCABACBCCABCACBCCCCCBDBACABBBCBCBACCACADAACCCBABADBCCAAABBCCBB	[]	0	-3.361691	-7.8291693	-8.950181	-1.1210117
BCCDDDCDCDDDDCDDABCDABCABDBACBDCAADDCBCABACBCCABCACBCCCCCBDBACABBBCBCBACCACADAACCCBABADBCCAAABBCCBB	[]	0	-3.361691	-7.8291693	-8.950181	-1.1210117
BCCDDDCDCDDDDCDDABCDABCABDBACBDCAADDCBCABACBCCABCACBCCCCCBDBACABBBCBCBACCACADAACCCBABADBCCAAABBCCBB	[]	0	-3.361691	-7.8291693	-8.950181	-1.1210117
BCCDDDCDCDDDDCDDABCDABCABDBACBDCAADDCBCABACBCCABCACBCCCCCBDBACABBBCBCBACCACADAACCCBABADBCCAAABBCCBB	[]	0	-3.361691	-7.8291693	-8.950181	-1.1210117
BCCDDDCDCDDDDCDDABCDABCABDBACBDCAADDCBCABACBCCABCACBCCCCCBDBACABBBCBCBACCACADAACCCBABADBCCAAABBCCBB	[]	0	-3.361691	-7.8291693	-8.950181	-1.1210117
BCCDDDCDCDDDDCDDABCDABCABDBACBDCAADDCBCABACBCCABCACBCCCCCBDBACABBBCBCBACCACADAACCCBABADBCCAAABBCCBB	[]	0	-3.361691	-7.8291693	-8.950181	-1.1210117
BCCDDDCDCDDDDCDDABCDABCABDBACBDCAADDCBCABACBCCABCACBCCCCCBDBACABBBCBCBACCACADAACCCBABADBCCAAABBCCBB	[]	0	-3.361691	-7.8291693	-8.950181	-1.1210117
BCCDDDCDCDDDDCDDABCDABCABDBACBDCAADDCBCABACBCCABCACBCCCCCBDBACABBBCBCBACCACADAACCCBABADBCCAAABBCCBB	[]	0	-3.361691	-7.8291693	-8.950181	-1.1210117
BCCDDDCDCDDDDCDDABCDABCABDBACBDCAADDCBCABACBCCABCACBCCCCCBDBACABBBCBCBACCACADAACCCBABADBCCAAABBCCBB	[]	0	-3.361691	-7.8291693	-8.950181	-1.1210117
BCCDDDCDCDDDDCDDABCDABCABDBACBDCAADDCBCABACBCCABCACBCCCCCBDBACABBBCBCBACCACADAACCCBABADBCCAAABBCCBB	[]	0	-3.361691	-7.8291693	-8.950181	-1.1210117
BCCDDDCDCDDDDCDDABCDABCABDBACBDCAADDCBCABACBCCABCACBCCCCCBDBACABBBCBCBACCACADAACCCBABADBCCAAABBCCBB	[]	0	-3.361691	-7.8291693	-8.950181	-1.1210117
BCCDDDCDCDDDDCDDABCDABCABDBACBDCAADDCBCABACBCCABCACBCCCCCBDBACABBBCBCBACCACADAACCCBABADBCCAAABBCCBB	[]	0	-3.361691	-7.8291693	-8.950181	-1.1210117
BCCDDDCDCDDDDCDDABCDABCABDBACBDCAADDCBCABACBCCABCACBCCCCCBDBACABBBCBCBACCACADAACCCBABADBCCAAABBCCBB	[]	0	-3.361691	-7.8291693	-8.950181	-1.1210117
BCCDDDCDCDDDDCDDABCDABCABDBACBDCAADDCBCABACBCCABCACBCCCCCBDBACABBBCBCBACCACADAACCCBABADBCCAAABBCCBB	[]	0	-3.361691	-7.8291693	-8.950181	-1.1210117
BCCDDDCDCDDDDCDDABCDABCABDBACBDCAADDCBCABACBCCABCACBCCCCCBDBACABBBCBCBACCACADAACCCBABADBCCAAABBCCBB	[]	0	-3.361691	-7.8291693	-8.950181	-1.1210117
BCCDDDCDCDDDDCDDABCDABCABDBACBDCAADDCBCABACBCCABCACBCCCCCBDBACABBBCBCBACCACADAACCCBABADBCCAAABBCCBB	[]	0	-3.361691	-7.8291693	-8.950181	-1.1210117
BCCDDDCDCDDDDCDDABCDABCABDBACBDCAADDCBCABACBCCABCACBCCCCCBDBACABBBCBCBACCACADAACCCBABADBCCAAABBCCBB	[]	0	-3.361691	-7.8291693	-8.950181	-1.1210117
BCCDDDCDCDDDDCDDABCDABCABDBACBDCAADDCBCABACBCCABCACBCCCCCBDBACABBBCBCBACCACADAACCCBABADBCCAAABBCCBB	[]	0	-3.361691	-7.8291693	-8.950181	-1.1210117
BCCDDDCDCDDDDCDDABCDABCABDBACBDCAADDCBCABACBCCABCACBCCCCCBDBACABBBCBCBACCACADAACCCBABADBCCAAABBCCBB	[]	0	-3.361691	-7.8291693	-8.950181	-1.1210117
BCCDDDCDCDDDDCDDABCDABCABDBACBDCAADDCBCABACBCCABCACBCCCCCBDBACABBBCBCBACCACADAACCCBABADBCCAAABBCCBB	[]	0	-3.361691	-7.8291693	-8.950181	-1.1210117
BCCDDDCDCDDDDCDDABCDABCABDBACBDCAADDCBCABACBCCABCACBCCCCCBDBACABBBCBCBACCACADAACCCBABADBCCAAABBCCBB	[]	0	-3.361691	-7.8291693	-8.950181	-1.1210117
BCCDDDCDCDDDDCDDABCDABCABDBACBDCAADDCBCABACBCCABCACBCCCCCBDBACABBBCBCBACCACADAACCCBABADBCCAAABBCCBB	[]	0	-3.361691	-7.8291693	-8.950181	-1.1210117
BCCDDDCDCDDDDCDDABCDABCABDBACBDCAADDCBCABACBCCABCACBCCCCCBDBACABBBCBCBACCACADAACCCBABADBCCAAABBCCBB	[]	0	-3.361691	-7.8291693	-8.950181	-1.1210117
BCCDDDCDCDDDDCDDABCDABCABDBACBDCAADDCBCABACBCCABCACBCCCCCBDBACABBBCBCBACCACADAACCCBABADBCCAAABBCCBB	[]	0	-3.361691	-7.8291693	-8.950181	-1.1210117
BCCDDDCDCDDDDCDDABCDABCABDBACBDCAADDCBCABACBCCABCACBCCCCCBDBACABBBCBCBACCACADAACCCBABADBCCAAABBCCBB	[]	0	-3.361691	-7.8291693	-8.950181	-1.1210117
BCCDDDCDCDDDDCDDABCDABCABDBACBDCAADDCBCABACBCCABCACBCCCCCBDBACABBBCBCBACCACADAACCCBABADBCCAAABBCCBB	[]	0	-3.361691	-7.8291693	-8.950181	-1.1210117
BCCDDDCDCDDDDCDDABCDABCABDBACBDCAADDCBCABACBCCABCACBCCCCCBDBACABBBCBCBACCACADAACCCBABADBCCAAABBCCBB	[]	0	-3.361691	-7.8291693	-8.950181	-1.1210117
BCCDDDCDCDDDDCDDABCDABCABDBACBDCAADDCBCABACBCCABCACBCCCCCBDBACABBBCBCBACCACADAACCCBABADBCCAAABBCCBB	[]	0	-3.361691	-7.8291693	-8.950181	-1.1210117
BCCDDDCDCDDDDCDDABCDABCABDBACBDCAADDCBCABACBCCABCACBCCCCCBDBACABBBCBCBACCACADAACCCBABADBCCAAABBCCBB	[]	0	-3.361691	-7.8291693	-8.950181	-1.1210117
BCCDDDCDCDDDDCDDABCDABCABDBACBDCAADDCBCABACBCCABCACBCCCCCBDBACABBBCBDBACCACACAACCCBABADBCCAAABBCCBB	['C69D', 'D77C']	2	-3.3617787	-7.079427	-8.200524	-1.1210976
BCCDDDCDCDDDDCDDABCDABCABDBACBDCAADDCBCABACBCCABCACBCCCCCBDBACABBBCBDBACCACACAACCCBABADBCCAAABBCCBB	['C69D', 'D77C']	2	-3.3617787	-7.079427	-8.200524	-1.1210976
AAADDDCDCDDDDCDDABBDABCABDBACBDCAADDCBCABACBCCABCACBCCCCCBDBACABBBCBCBACCACADAACCCBABADBCCAAABBCCBB	['B1A', 'C2A', 'C3A', 'C19B']	4	-3.3619666	-8.788423	-9.909711	-1.1212883
BCCDDDCDCDDBDCDDABCDABCABDBACBDCAACDABCABACBCCABCACBCCCCCBDBACDBBBCBCBACCACACAACCCBABADBCCAAABBCCBB	['D12B', 'D35C', 'C37A', 'A63D', 'D77C']	5	-3.3621025	-8.407952	-9.529375	-1.1214228
AAADDDCDCDDBDCDDABBDABCABDBACBDCAACDABCABACBCCABCACBCCCCCBDBACDBBBCBCBACCACACAACCCBABADBCCAAABBCCBB	['B1A', 'C2A', 'C3A', 'D12B', 'C19B', 'D35C', 'C37A', 'A63D', 'D77C']	9	-3.3623781	-9.367207	-10.488905	-1.1216984
BCCDDDCDCDDDDCDDABBDABCABDBACBDCDADDABCABACBCCABCACBCCCCCBDBACACBBCBCBACCACADAACCCBABADBCCAAABBCCBB	['C19B', 'A33D', 'C37A', 'B64C']	4	-3.3625722	-7.136041	-8.2579365	-1.1218953
BCCDDDCDCDDDBCDDABCDABCABDBACBDCDADDABAABACBCCABCACBCCCCCBDBACACBBCBCBACCACADAACCCBABADBCCAAABBCCBB	['D13B', 'A33D', 'C37A', 'C39A', 'B64C']	5	-3.3627076	-7.6154075	-8.737434	-1.1220269
BCCDDDCDCDDDBDDDABCDABCABDBACBDCAADDCBCACACBCCABCACBCCCCDBDBACDBBBCBCBACCACADAACCCBABADBCCAAABBCCBB	['D13B', 'C14D', 'B41C', 'C57D', 'A63D']	5	-3.3627133	-8.380152	-9.502185	-1.1220331
BCCDDDCDCDDDDCDDABCDABCABDBACBDCAADACBCABACBCCABCACBCCCCCBDBADDBBBCBCBACCACADAACCBBABADBCCAAABBCCBB	['D36A', 'C62D', 'A63D', 'C82B']	4	-3.3630986	-9.504479	-10.626896	-1.1224165
AAADDDCDCDDDDCDDABCDABCABDBACBDCAADDCBBABABBCCABCACBCCCCCBDBADABBBCBCBCDCACACAACCCBABADBCCAAABBCCBA	['B1A', 'C2A', 'C3A', 'C39B', 'C43B', 'C62D', 'A71C', 'C72D', 'D77C', 'B99A']	10	-3.3641376	-8.62344	-9.746902	-1.1234627
BCCDDDCDCDDCDDDDABCDABCABDBACBDCAADDBDCACACBCCABCACBCCCCCBDBADCBBBCBCBACCACACAACCCBABADBCCAABBBCCBB	['D12C', 'C14D', 'C37B', 'B38D', 'B41C', 'C62D', 'A63C', 'D77C', 'A93B']	9	-3.3642392	-7.5431204	-8.666684	-1.1235638
AAADDDCDCDDDDCDDABCDABCABDBACBDCAADDCBCABACBCCABCACBCCCCDBDBACABBBCBCBACCACADAACCCBABADBCCAAABBCCBB	['B1A', 'C2A', 'C3A', 'C57D']	4	-3.3654952	-9.754601	-10.879421	-1.1248207
AAADDDCDCDDDDCDDABCDABCABDBACBDCAADDCBCABACBCCABCACBCCCCDBDBACABBBCBCBACCACADAACCCBABADBCCAAABBCCBB	['B1A', 'C2A', 'C3A', 'C57D']	4	-3.3654952	-9.754601	-10.879421	-1.1248207
BCCDDDCDCDDDDCDDABCDABCABDBACBDCDADDABCABACBCCABCACBCCCCDBDBACACBBCBCBACCACADAACCCBABADBCCAAABBCCBB	['A33D', 'C37A', 'C57D', 'B64C']	4	-3.3661008	-8.1022215	-9.227642	-1.1254206
BCCDDDCDCDDDDDDDABBDABCABDBACBDCAADDCBCABACBCCABCACBCCCCCBDBACDBBBCBCBACCACADAACCCBABADBCCAAABBCCBB	['C14D', 'C19B', 'A63D']	3	-3.36828	-7.783003	-8.910603	-1.1275997
BCCDDDCDCDDDDDDDABBDABCABDBACBDCAADDCBCABACBCCABCACBCCCCCBDBACDBBBCBCBACCACADAACCCBABADBCCAAABBCCBB	['C14D', 'C19B', 'A63D']	3	-3.36828	-7.783003	-8.910603	-1.1275997
BCCDDDCDCDDDDCCDABCCABCABDBACBDCAADABBCABACBCCABCACBCCCCDBDBACACBBCBCBACCACADAACCCBABADBCCAAABBCCBB	['D15C', 'D20C', 'D36A', 'C37B', 'C57D', 'B64C']	6	-3.3713136	-6.8265257	-7.957158	-1.1306324
BCCDDDCDCDDBDCDDABCDABCABDBACBDCAADDABCACACBCCABCACBCCCCCBDBACDBBBCBCBACCACADAACCCBABADBCCAAABBCCBB	['D12B', 'C37A', 'B41C', 'A63D']	4	-3.371653	-9.19814	-10.329115	-1.1309748
BCCDDDCDCDDDBCCDABCDABCABDBACBDCAADDCBCABACBCCABCACBCCCCCBDBACABBBCBCBACCACADAACCCBABADBCCAAABBCCBB	['D13B', 'D15C']	2	-3.3730073	-6.4055643	-7.5378876	-1.1323233
BCCDDDCDCDDDDCDDABBDABCABDBACBDCAADDCBCABACBCCABCACBCCCCCBDBACCBBBCBCBAACACADAACCCBABADBCCAAABBCCBB	['C19B', 'A63C', 'C72A']	3	-3.3741755	-7.836151	-8.969651	-1.1335001
BCCDDDCDCDDABDDDABCDABCABDBACBDCAADDCBCACACBCCABCACBCCCCCBDBACDBBBCBCBCCCACADAACCCBABADBCBAAABBCCBB	['D12A', 'D13B', 'C14D', 'B41C', 'A63D', 'A71C', 'C90B']	7	-3.377357	-7.995076	-9.13175	-1.1366739
BCCDDDCDCDDDDCDDABCDABCABDBACBDCAADDCBCABACBCCABCACBCCCCCBDBACDDBBCBCBACCACADAACCCBABADBCCAAABBCCBB	['A63D', 'B64D']	2	-3.37857	-9.006507	-10.144399	-1.1378918
BCCDDDCDCDDDDCDDABCDABCABDBACBDCAADDCBCABACBCCABCACBCCCCCBDBACDDBBCBCBACCACADAACCCBABADBCCAAABBCCBB	['A63D', 'B64D']	2	-3.37857	-9.006507	-10.144399	-1.1378918
BCCDDDCDCDDDBCDDABBDABCABDBACBDCAADDCBCABACBCCABCACBCCCCCBDBACDBBBCBCCACCACADAACCCBABADBCCAAABBCCBB	['D13B', 'C19B', 'A63D', 'B70C']	4	-3.3802252	-6.692795	-7.8323364	-1.1395416
BCCDDDCDCDDDDCCDABADABCABDBACBDCAACDABCABACBCCABCACBCCCCCBDBACDBBBCBCBACCACADAACCCBABADBCCAAABBCCBB	['D15C', 'C19A', 'D35C', 'C37A', 'A63D']	5	-3.382378	-8.078315	-9.220014	-1.1416988
BCCDDDCDCDDDDCCDABADABCABDBACBDCAACDABCABACBCCABCACBCCCCCBDBACDBBBCBCBACCACADAACCCBABADBCCAAABBCCBB	['D15C', 'C19A', 'D35C', 'C37A', 'A63D']	5	-3.382378	-8.078315	-9.220014	-1.1416988
BCCDDDCDCDDDDCCDABADABCABDBACBDCAACDABCABACBCCABCACBCCCCCBDBACDBBBCBCBACCACADAACCCBABADBCCAAABBCCBB	['D15C', 'C19A', 'D35C', 'C37A', 'A63D']	5	-3.382378	-8.078315	-9.220014	-1.1416988
BCCDDDCDCDDDDCCDABADABCABDBACBDCAACDABCABACBCCABCACBCCCCCBDBACDBBBCBCBACCACADAACCCBABADBCCAAABBCCBB	['D15C', 'C19A', 'D35C', 'C37A', 'A63D']	5	-3.382378	-8.078315	-9.220014	-1.1416988
BCCDDDCDCDDDDCDDABCDABCABDBACBDCAADDCBCABACBCCABCACBCCCCCBDBACDABBCBCBACCACADAACCCBABADBCCAAABBCCBB	['A63D', 'B64A']	2	-3.3833404	-9.0626335	-10.205295	-1.1426611
BCCDDDCDCDDDDCDDABCDABCABDBACBDCAADDCBCABACBCCABCACBCCCCCBDBACDABBCBCBACCACADAACCCBABADBCCAAABBCCBB	['A63D', 'B64A']	2	-3.3833404	-9.0626335	-10.205295	-1.1426611
BCCDDDCDCDDDDCDDABCDABCABDBACBDCAACDBBCABACBCCABCACBCCCCCBDBACDBBBCBCBCCCACADAACCCBABADBCCAAABBCCBB	['D35C', 'C37B', 'A63D', 'A71C']	4	-3.3847094	-8.041717	-9.185747	-1.1440306
BCCDDDCDCDDDDCDDABCDABCABDBACBDCAACDBBCABACBCCABCACBCCCCCBDBACDBBBCBCBCCCACADAACCCBABADBCCAAABBCCBB	['D35C', 'C37B', 'A63D', 'A71C']	4	-3.3847094	-8.041717	-9.185747	-1.1440306
BCCDDDCDCDDDDCDDABCDABCABDBACBDCAACDBBCABACBCCABCACBCCCCCBDBACDBBBCBCBCCCACADAACCCBABADBCCAAABBCCBB	['D35C', 'C37B', 'A63D', 'A71C']	4	-3.3847094	-8.041717	-9.185747	-1.1440306
BCCDDDCDCDDDDCDDABCDABCABDBACBDCAACDBBCABACBCCABCACBCCCCCBDBACDBBBCBCBCCCACADAACCCBABADBCCAAABBCCBB	['D35C', 'C37B', 'A63D', 'A71C']	4	-3.3847094	-8.041717	-9.185747	-1.1440306
BCCDDDCDCDDDDCDDABCDABCABDBACBDCAACDBBCABACBCCABCACBCCCCCBDBACDBBBCBCBCCCACADAACCCBABADBCCAAABBCCBB	['D35C', 'C37B', 'A63D', 'A71C']	4	-3.3847094	-8.041717	-9.185747	-1.1440306
BCCDDDCDCCDDDCDDABCDABCABDBACBDCAACDCBCABACBCCAACACBCCCCCBDBACDBBBCBCBCCCACADAACCCBABADBCBAAABBCCBB	['D10C', 'D35C', 'B48A', 'A63D', 'A71C', 'C90B']	6	-3.3848677	-7.5936327	-8.737821	-1.1441879
BCCDDDCDCDDDBDDDABCDABCABDBACBDCAADDCBCABACBCCABCACBCCCCCBDBACABBBCBCBACCACADAACCCBABADBCCAAABBCCBB	['D13B', 'C14D']	2	-3.3849378	-7.3154073	-8.459664	-1.1442571
BCCDDDCDCDDDDDCDABCDABCABDBACBDCAADDABCACACBCCABCACBCCCCCBDBACDBBBCBCBAACACADAACCCBABADBCCAAABBCCBB	['C14D', 'D15C', 'C37A', 'B41C', 'A63D', 'C72A']	6	-3.386211	-7.4374304	-8.582962	-1.1455317
BCCDDDCDCDDDDCDDABCDABCABDBACBDCAADDABCABACBCCABCACBCCCCCBDBACCBBBCBCBACCACACAACCCBABADBCCAAABBCCBB	['C37A', 'A63C', 'D77C']	3	-3.3872194	-7.985535	-9.132077	-1.1465421
BCCDDDCDCDDDDCCDABCDABCABDBACBDCAADDABCABACBCCABCACBCCCCCBDBADBBBBCBCBACCACACAACCCBABADBCCAAABBCCBB	['D15C', 'C37A', 'C62D', 'A63B', 'D77C']	5	-3.3872547	-6.843448	-7.9900227	-1.1465745
BCCDDDCDCDDDDCDDABCDABCABDBACBDCAACACBCABACBCCABCACBCCCCDBDBACDBBBCBCBADCACADAACCCBABADBCCAABBBCCBB	['D35C', 'D36A', 'C57D', 'A63D', 'C72D', 'A93B']	6	-3.3885741	-8.51178	-9.659675	-1.1478949
BCCDDDCDCDDDDCDDABCDABCABDBACBDCAADACBCABACBCCABCACBCCCCCBDBACABBBCBCBACCACADAACCCBABADBCCAABBBCCBB	['D36A', 'A93B']	2	-3.3893938	-7.211351	-8.360065	-1.1487145
BCCDDDCDCDDCDDDDABCDABCABDBACBDCAACABBCABACBCCABCACBCCCCCBDBACDBBBCBCBACCACADAACCCBABADBCCAABBBCCBB	['D12C', 'C14D', 'D35C', 'D36A', 'C37B', 'A63D', 'A93B']	7	-3.389822	-8.138687	-9.287832	-1.1491451
AAADDDCDCDDDDDDDABADABCABDBACBDCAACDBBCABACBCCABCACBCCCCCBDCACDBBBCBCBACCACADAACCCBABADBCCAAABBCCBB	['B1A', 'C2A', 'C3A', 'C14D', 'C19A', 'D35C', 'C37B', 'B60C', 'A63D']	9	-3.3900514	-10.908468	-12.057844	-1.1493759
AAADDDCDCDDDDCDDABCDABCABDBACBDCAADDABCABACBCCABCACBCCCCDBDBACCBBBCBCBACCACACAACCCBABADBCCAAABBCCBB	['B1A', 'C2A', 'C3A', 'C37A', 'C57D', 'A63C', 'D77C']	7	-3.3910236	-9.910967	-11.061316	-1.1503487
AAADDDCDCDDDDCDDABCDABCABDBACBDCAACDBBCACACBCCABCACBCCCCCBDBACDBBBCBCBACCACADAACCCBABADBCCAAABBCCBB	['B1A', 'C2A', 'C3A', 'D35C', 'C37B', 'B41C', 'A63D']	7	-3.391232	-10.329376	-11.479929	-1.1505527
BCCDDDCDCDDDDCDCABCDABCABDBACBDCAACDCBCABACBCCABCACBCCCCCBDBACACBBCBCCACCACACAACCCBABADBCCAAABBCCBB	['D16C', 'D35C', 'B64C', 'B70C', 'D77C']	5	-3.3932939	-7.7620087	-8.91462	-1.1526117
BCCDDDCDCDDDDCDDABCDABCABDBACDDCAACACBCABAABCCABCACBCCCCCBDBADCCDBCBCBACCACADAACCCBABADBCCAAABBCCBB	['B30D', 'D35C', 'D36A', 'C43A', 'C62D', 'A63C', 'B64C', 'B65D']	8	-3.3935323	-9.11046	-10.263308	-1.1528473
AAADDDCDCDDDDCDDABCDABCABDBACBDCAADDCBCACACBCCABCACBCCCCCBDBACCBBBCBCAACCACACAACCCBABADBCCAAABBCCBB	['B1A', 'C2A', 'C3A', 'B41C', 'A63C', 'B70A', 'D77C']	7	-3.3935676	-9.95084	-11.10373	-1.1528902
AAADDDCDCDDDDCDDABCDABCABDBACDDCBADDCBCABACBCCABCACBCCCCCBDBACDBBBBBCBACCACADAACCCBABADBCCAAABBCCBB	['B1A', 'C2A', 'C3A', 'B30D', 'A33B', 'A63D', 'C67B']	7	-3.3942776	-8.907221	-10.060812	-1.1535912
BCCDDDCDCDDDDCCDABDDABCABDBACBDCAADDABCACACBCCABCACBCCCCCBDBACCBBBCBCBACCACACAACCCBABADBCCAAABBCCBB	['D15C', 'C19D', 'C37A', 'B41C', 'A63C', 'D77C']	6	-3.3949823	-6.980605	-8.134909	-1.1543036
BCCDDDCDCDDDDDCDABCDABCABDBACBDCAADDABBABACBCCABCACBCCCCCBDBACDBBBCBCBACCACADAACCCBABADBCCAAABBCCBB	['C14D', 'D15C', 'C37A', 'C39B', 'A63D']	5	-3.396175	-7.628342	-8.783834	-1.1554923
BCCDDDCDCDDCDDDDABCDABCABDBACBDCAACACBCABACBCCABCACBCCCCCBDBACDBBBCBCBACCACADAACCCBABADBCBAAABBCCBB	['D12C', 'C14D', 'D35C', 'D36A', 'A63D', 'C90B']	6	-3.3962107	-8.8974495	-10.052986	-1.1555367
BCCDDDCDCDDDDCDDABCDABCABDBACBDCAADDABCABACBCCABCACBCCCCCBDBACDBBBCBCBACCACADAACCCBABADBCCAAABBCCBB	['C37A', 'A63D']	2	-3.3962684	-8.61732	-9.772909	-1.1555891
BCCDDDCDCDDDDCDDABCDABCABDBACBDCAADDABCABACBCCABCACBCCCCCBDBACDBBBCBCBACCACADAACCCBABADBCCAAABBCCBB	['C37A', 'A63D']	2	-3.3962684	-8.61732	-9.772909	-1.1555891
BCCDDDCDCDDDDCDDABCDABCABDBACBDCAADDABCABACBCCABCACBCCCCCBDBACDBBBCBCBACCACADAACCCBABADBCCAAABBCCBB	['C37A', 'A63D']	2	-3.3962684	-8.61732	-9.772909	-1.1555891
BCCDDDCDCDDDDCDDABCDABCABDBACBDCAADDABCABACBCCABCACBCCCCCBDBACDBBBCBCBACCACADAACCCBABADBCCAAABBCCBB	['C37A', 'A63D']	2	-3.3962684	-8.61732	-9.772909	-1.1555891
BCCDDDCDCDDDDCDDABCDABCABDBACBDCAADDABCABACBCCABCACBCCCCCBDBACDBBBCBCBACCACADAACCCBABADBCCAAABBCCBB	['C37A', 'A63D']	2	-3.3962684	-8.61732	-9.772909	-1.1555891
BCCDDDCDCDDDDCDDABCDABCABDBACBDCAADDABCABACBCCABCACBCCCCCBDBACDBBBCBCBACCACADAACCCBABADBCCAAABBCCBB	['C37A', 'A63D']	2	-3.3962684	-8.61732	-9.772909	-1.1555891
BCCDDDCDCDDDDCDDABCDABCABDBACBDCAADDABCABACBCCABCACBCCCCCBDBACDBBBCBCBACCACADAACCCBABADBCCAAABBCCBB	['C37A', 'A63D']	2	-3.3962684	-8.61732	-9.772909	-1.1555891
BCCDDDCDCDDDDCDDABCDABCABDBACBDCDADDCBCACACBBCABCACBCCCCDBDBACDCBBCBCBACCACADAACCCBABADBCCAABBBCCBB	['A33D', 'B41C', 'C45B', 'C57D', 'A63D', 'B64C', 'A93B']	7	-3.3966427	-7.3928475	-8.548809	-1.1559615
BCCDDDCDCDDDDCCDABCDABCABDBACBDCAADDABCABACBCCABCACBCCCCCBDBACABBBCBCBADCACADAACCCBABADBCCAAABBCCBB	['D15C', 'C37A', 'C72D']	3	-3.3966675	-6.919974	-8.075961	-1.1559873
BCCDDDCDCDDBDCCDABCDABCABDBACBDCAACDBBCABABBCCABCACBCCCCCBDBACABBBCBCBACCACADAACCDBABADBCCAAABBCCBB	['D12B', 'D15C', 'D35C', 'C37B', 'C43B', 'C82D']	6	-3.3971934	-8.157637	-9.314142	-1.1565056
BCCDDDCDCDDDDCDDABCDABCABDBACBDCAADDCBCACACBCCABCACBCCCCCBDBACABBBCBCBACCACADAACCCBABADBCCAAABBCCBB	['B41C']	1	-3.3973374	-7.947758	-9.104416	-1.1566577
BCCDDDCDCDDDDCDDABCDABCABDBACBDCAADDCBCACACBCCABCACBCCCCCBDBACABBBCBCBACCACADAACCCBABADBCCAAABBCCBB	['B41C']	1	-3.3973374	-7.947758	-9.104416	-1.1566577
BCCDDDCDCDDDDCDDABCDABCABDBACBDCAACDCBCABACBCCABCACBCCCCCBDBACDBBBCBCBCCCACADAACCCBABADBCCAAABBCCBB	['D35C', 'A63D', 'A71C']	3	-3.399129	-8.547098	-9.705549	-1.1584511
BCCDDDCDCDDDDCDDABCDABCABDBACBDCAADDABCABACBCCABCACBCCCCCBDBACBBBBCBCBACCACADAACCCBABADBCCAAABBCCBB	['C37A', 'A63B']	2	-3.4000802	-8.814557	-9.973956	-1.159399
BCCDDDCDCDDDDCDDABCDABCABDBACBDCAADDABCABACBCCABCACBCCCCCBDBACBBBBCBCBACCACADAACCCBABADBCCAAABBCCBB	['C37A', 'A63B']	2	-3.4000802	-8.814557	-9.973956	-1.159399
BCCDDDCDCDDDDCDDABCDABCABDBACBDCAADDABCABACBCCABCACBCCCCCBDBACBBBBCBCBACCACADAACCCBABADBCCAAABBCCBB	['C37A', 'A63B']	2	-3.4000802	-8.814557	-9.973956	-1.159399
BCCDDDCDCDDBDCDDABBDABCABDBACBDCAADDCBCACACBCCABCACBCCCCCBDBACDBBBCBCCACCACADAACCCBABADBCCAAABBCCBB	['D12B', 'C19B', 'B41C', 'A63D', 'B70C']	5	-3.4003506	-7.761232	-8.920904	-1.1596723
AAADDDCDCDDDDCDDABCDABCABDBACBDCAACDCBCABACBCCABCACBCCCCCBDBACDBBBCBDBADCACADAACCCBABADBCCAAABBCCBB	['B1A', 'C2A', 'C3A', 'D35C', 'A63D', 'C69D', 'C72D']	7	-3.40105	-10.992301	-12.152676	-1.1603746
BCCDDDCDCDDADCDDABCDABCABDBACBDCAADDCBCABACBCCABCACBCCCCCBDBACDBBBCBCBACCACADAACCCBABADBCCAABBBCCBB	['D12A', 'A63D', 'A93B']	3	-3.4017658	-8.53457	-9.695658	-1.161088
BCCDDDCDCDDBDDDDABCDABCABDBACBDCAADDABCABACBCCABCACBCCCCCBDBACDBBBCBCBACCACADAACCCBABADBCCAAABBCCBB	['D12B', 'C14D', 'C37A', 'A63D']	4	-3.403996	-9.05341	-10.216726	-1.1633167
BCCDDDCDCDDDDCDDABCDABCABDBACBDCAADDCBCABACBCCABCACBCCCCCBDBACCABBCBCBADCACADAACCCBABADBCCAAABBCCBB	['A63C', 'B64A', 'C72D']	3	-3.4052458	-9.45672	-10.621287	-1.164567
BCCDDDCDCDDDDCDDABCDABCABDBACBDCAADDCBCABACBCCABCACBCCCCCBDBACCABBCBCBADCACADAACCCBABADBCCAAABBCCBB	['A63C', 'B64A', 'C72D']	3	-3.4052458	-9.45672	-10.621287	-1.164567
BCCDDDCDCDDDDCDDABCCABCABDBACBDCAADACBCABACBCCABCACBCCCCCBDBADACBBCBCBACCACADAACCCBABADBCCAAABBCCBB	['D20C', 'D36A', 'C62D', 'B64C']	4	-3.4052749	-8.07385	-9.238445	-1.1645956
AAADDDCDCDDDDCDDABCDABCABDBACBDCAACDCBCACACBCCABCACBCCCCCBDBACDBBBCBCBACCACADAACCCBABADBCCAAABBCCBB	['B1A', 'C2A', 'C3A', 'D35C', 'B41C', 'A63D']	6	-3.4056516	-10.834759	-11.999736	-1.1649771
BCCDDDCDCDDBDCDDABBDABCABDBACBDCAADDCBCABACBCCABCACBCCCCCBDBACABBBCBCBACCACADAACCCBABADBCCAAABBCCBB	['D12B', 'C19B']	2	-3.406098	-7.4792843	-8.644704	-1.1654196
BCCDDDCDCDDDDCDDABCDABCABDBACBDCAADDABCACACBCCABCACBCCCCCBDBBCABBBCBCBACCACADAACCCBABADBCCAAABBCCBB	['C37A', 'B41C', 'A61B']	3	-3.4066768	-6.903899	-8.069896	-1.1659966
BCCDDDCDCDDDDCDDABCDABCABDBACBDCAADACBCABACBCCABCACBCCCCCBDBADDBBBCBCBACCACADAACCCBABADBCCAABBBCCBB	['D36A', 'C62D', 'A63D', 'A93B']	4	-3.4071236	-7.963461	-9.129907	-1.1664457
BCCDDDCDCDDDDCDDABCDABCABDBACBDCAADACBCABACBCCABCACBCCCCCBDBADDBBBCBCBACCACADAACCCBABADBCCAABBBCCBB	['D36A', 'C62D', 'A63D', 'A93B']	4	-3.4071236	-7.963461	-9.129907	-1.1664457
BCCDDDCDCDDDDDDDABCAABCABDBACBDCAAAABBCABACBBCABCACBCCCCCBDBADDBBBCBCBABCACADAACCCBABADBCBAABBBCCBB	['C14D', 'D20A', 'D35A', 'D36A', 'C37B', 'C45B', 'C62D', 'A63D', 'C72B', 'C90B', 'A93B']	11	-3.407989	-6.050177	-7.217478	-1.1673007
BCCDDDCDCDDDDDCDABCDABCABDBACBDCAACDBBCABACBCCABCACBCCCCCBDBACDBBBCBBBADCACADAACCCBABADBCCAAABBCCBB	['C14D', 'D15C', 'D35C', 'C37B', 'A63D', 'C69B', 'C72D']	7	-3.4084625	-7.81502	-8.982802	-1.1677823
BCCDDDCDCDDDBCDDABCDABCABDBACBDCAADACBCABACBCCABCACBCDCCCBDCADDBBBCBCBBCCACADAACCBBABADBCCAAABBCCBB	['D13B', 'D36A', 'C54D', 'B60C', 'C62D', 'A63D', 'A71B', 'C82B']	8	-3.4092212	-9.96987	-11.138407	-1.1685371
BCCDDDCDCDDBDCDDABCDABCABDBACBDCAADDCBCABACBCCABCACBCCCCDBDBACABBBCBCBACCACADAACCCBABADBCCAAABBCCBB	['D12B', 'C57D']	2	-3.4096284	-8.445464	-9.614413	-1.1689491
BCCDDDCDCDDDBCDDABCDABCABDBACBDCBADDCBCABACBCCABCACBCCCCCBDCADBBBBCBCBACCACACAACCCBABADBCCAAABBCCBB	['D13B', 'A33B', 'B60C', 'C62D', 'A63B', 'D77C']	6	-3.4102154	-8.224021	-9.393557	-1.1695356
BCCDDDCDCDDDDCDDABCDABCABDBACBDCAADDBBCABACBCCABCACBCCCCCBDBADDBBBCBBBACCACADAACCCBABADBCCAAABBCCBB	['C37B', 'C62D', 'A63D', 'C69B']	4	-3.4111638	-8.382895	-9.553379	-1.1704836
BCCDDDCDCDDDDCCCABCDABCABDBACBDCAADDCBCABACBCCABCACBCCCCCBDBACCBBBCBCBACCCCADAACCCBABADBCCAABBBCCBB	['D15C', 'D16C', 'A63C', 'A74C', 'A93B']	5	-3.4116821	-8.43632	-9.607323	-1.1710024
BCCDDDCDCDDADCCDABCDABCABDBACBDCAADDBBCABACBCCABCACBCCCCCBDBACDCBBBBCBACCACADAACCCBABADBCCAAABBCCBB	['D12A', 'D15C', 'C37B', 'A63D', 'B64C', 'C67B']	6	-3.4141464	-8.092568	-9.266038	-1.1734695
BCCDDDCDCDDDDCDDABCDABCABDBACBDCAADDCBCACACBCCABCACBCCCCCBDBACDDBBCBCBACCACADAACCCBABADBCCAAABBCCBB	['B41C', 'A63D', 'B64D']	3	-3.4142146	-9.125095	-10.298633	-1.1735373
BCCDDDCDCDDDDCDDABBDABCABDBACBDCAADDABCABACBCCABCACBCCCCCBDBACABBBCBCBACCACACAACCCBABADBCCAAABBCCBB	['C19B', 'C37A', 'D77C']	3	-3.4143238	-6.017974	-7.191616	-1.1736422
BCCDDDCDCDDDDDDDABBDABCABDBACBDCAADDCBCABACBCCABCACBCCCCCBDBACDBBBCBBBACCACADAACCCBABADBCCAAABBCCBB	['C14D', 'C19B', 'A63D', 'C69B']	4	-3.4144425	-8.090003	-9.263765	-1.1737623
AAAADDCDCDDDDCDDABCDABCABDBACBDCAADDABCACACBCCABCACBCCCCCBDBACACDBCBCBACCACADAACCCBABADBCCAAABBCCBB	['B1A', 'C2A', 'C3A', 'D4A', 'C37A', 'B41C', 'B64C', 'B65D']	8	-3.4149852	-10.962901	-12.137207	-1.1743059
BCCDDDCDCDDDDCDDABCDABCABDBACBDCAADBABCACACBCCABCACBCCCCCBDBADACBBCBCBACCACADAACCCBABADBCCAAABBCCBB	['D36B', 'C37A', 'B41C', 'C62D', 'B64C']	5	-3.4156833	-8.906234	-10.081238	-1.175004
AAADDDCDCDDDDDDCABCDABCABDBACBDCAADDCBCABACBCCABCACBCCCCCBDBADBBBBCBCBADCACACAACCCBABADBCCAAABBCCBB	['B1A', 'C2A', 'C3A', 'C14D', 'D16C', 'C62D', 'A63B', 'C72D', 'D77C']	9	-3.4170003	-9.794872	-10.971194	-1.176322
BCCDDDCDCDDBBCCDABBDABCABDBACBDCAADDCBCABACBCCABCACBCCCCCBDBACABBBCBCBACCACADAACCCBABADBCCAAABBCCBB	['D12B', 'D13B', 'D15C', 'C19B']	4	-3.4174132	-6.0556827	-7.2324095	-1.1767268
BCCDDDCDCDDDDCCDABCDABCABDBACBDCAADDCBCABACBCCABCACBCCCCCBDBACABBBCBCBACCACADAACCCBABADBCCAAABBCCBB	['D15C']	1	-3.417749	-6.893182	-8.07025	-1.1770678
BCCDDDCDCDDDDCCDABCDABCABDBACBDCAADDCBCABACBCCABCACBCCCCCBDBACABBBCBCBACCACADAACCCBABADBCCAAABBCCBB	['D15C']	1	-3.417749	-6.893182	-8.07025	-1.1770678
BCCDDDCDCDDDDCCDABCDABCABDBACBDCAADDCBCABACBCCABCACBCCCCCBDBACABBBCBCBACCACADAACCCBABADBCCAAABBCCBB	['D15C']	1	-3.417749	-6.893182	-8.07025	-1.1770678
BCCDDDCDCDDDDCCDABCDABCABDBACBDCAADDCBCABACBCCABCACBCCCCCBDBACABBBCBCBACCACADAACCCBABADBCCAAABBCCBB	['D15C']	1	-3.417749	-6.893182	-8.07025	-1.1770678
BCCDDDCDCDDDDCCDABCDABCABDBACBDCAADDCBCABACBCCABCACBCCCCCBDBACABBBCBCBACCACADAACCCBABADBCCAAABBCCBB	['D15C']	1	-3.417749	-6.893182	-8.07025	-1.1770678
BCCDDDCDCDDDDCCDABCDABCABDBACBDCAADDCBCABACBCCABCACBCCCCCBDBACABBBCBCBACCACADAACCCBABADBCCAAABBCCBB	['D15C']	1	-3.417749	-6.893182	-8.07025	-1.1770678
BCCDDDCDCDDDDCCDABCDABCABDBACBDCAADDCBCABACBCCABCACBCCCCCBDBACABBBCBCBACCACADAACCCBABADBCCAAABBCCBB	['D15C']	1	-3.417749	-6.893182	-8.07025	-1.1770678
BCCDDDCDCDDDDCCDABCDABCABDBACBDCAADDCBCABACBCCABCACBCCCCCBDBACABBBCBCBACCACADAACCCBABADBCCAAABBCCBB	['D15C']	1	-3.417749	-6.893182	-8.07025	-1.1770678
BCCDDDCDCDDDDCCDABCDABCABDBACBDCAADDCBCABACBCCABCACBCCCCCBDBACABBBCBCBACCACADAACCCBABADBCCAAABBCCBB	['D15C']	1	-3.417749	-6.893182	-8.07025	-1.1770678
BCCDDDCDCDDDDCCDABCDABCABDBACBDCAADDCBCABACBCCABCACBCCCCCBDBACABBBCBCBACCACADAACCCBABADBCCAAABBCCBB	['D15C']	1	-3.417749	-6.893182	-8.07025	-1.1770678
BCCDDDCDCDDDDCCDABCDABCABDBACBDCAADDCBCABACBCCABCACBCCCCCBDBACABBBCBCBACCACADAACCCBABADBCCAAABBCCBB	['D15C']	1	-3.417749	-6.893182	-8.07025	-1.1770678
BCCDDDCDCDDDDCCDABCDABCABDBACBDCAADDCBCABACBCCABCACBCCCCCBDBACABBBCBCBACCACADAACCCBABADBCCAAABBCCBB	['D15C']	1	-3.417749	-6.893182	-8.07025	-1.1770678
BCCDDDCDCDDDDCCDABCDABCABDBACBDCAADDCBCABACBCCABCACBCCCCCBDBACABBBCBCBACCACADAACCCBABADBCCAAABBCCBB	['D15C']	1	-3.417749	-6.893182	-8.07025	-1.1770678
AAADDDCDCDDDDCDDABCDABCABDBACBDCAADDCBCABACBCCABCACBCCCCCBDBACABBBCBCBACCACADAACCCBABADBCCAAABBCCBA	['B1A', 'C2A', 'C3A', 'B99A']	4	-3.4179406	-9.769849	-10.947115	-1.1772661
BCCDDDCDCDDDDCDDABCDABCABDBACBDCAACABBCABACBCCABCACBCCCCCBDBADDBBBCBCBACCACACAACCCBABADBCCAABBBCCBB	['D35C', 'D36A', 'C37B', 'C62D', 'A63D', 'D77C', 'A93B']	7	-3.418799	-6.78648	-7.9645987	-1.1781187
BCCDDDCDCDDDDCDDABCDABCABDBACDDCAADDCBCABACBCCABCACBCCCCCBDCACDBBBCBCBACCACACAACCCBABADBCCAAABBCCBB	['B30D', 'B60C', 'A63D', 'D77C']	4	-3.4190197	-6.913226	-8.0915575	-1.1783314
BCCDDDCDCDDDDCDDABBCABCABDBACBDCAACACBCABACBCCABCACBCDCCCBDBACDBBBCBCBACCACADAACCBBABADBCCAAABBCCBB	['C19B', 'D20C', 'D35C', 'D36A', 'C54D', 'A63D', 'C82B']	7	-3.4191132	-9.172941	-10.35137	-1.1784286
BCCDDDCDCDDDBDDDABCDABCABDBACBDCAADDABCABACBCCABCACBCCCCCBDBACDBBBCBCBACCACADAACCCBABADBCCAAABBCCBB	['D13B', 'C14D', 'C37A', 'A63D']	4	-3.4195142	-8.103559	-9.282391	-1.178832
BCCDDDCDCDDDBCDDABBDABCABDBACBDCAADDCBCABACBCCABCACBCCCCCBDBACABBBCBCBACCACADAACCCBABADBCCAAABBCCBB	['D13B', 'C19B']	2	-3.421617	-6.529436	-7.710372	-1.1809359
BCCDDDCDCDDBBCDDABBDABCABDBACBDCAACDABCABACBCCABCACBCCCCCBDBACDBBBCBCBACCACACAACCCBABADBCCAAABBCCBB	['D12B', 'D13B', 'C19B', 'D35C', 'C37A', 'A63D', 'D77C']	7	-3.4220285	-7.108222	-8.289569	-1.1813469
BCCDDDCDCDDDDCDDABCDABCABDBACBDCAACDABCABACBCCABCACBCCCCCBDBACDBBBCBCBACCACACAACCCBABADBCCAAABBCCBB	['D35C', 'C37A', 'A63D', 'D77C']	4	-3.4223633	-7.9457216	-9.127404	-1.1816826
BCCDDDCDCDDDDCDDABCDABCABDBACBDCAACDABCABACBCCABCACBCCCCCBDBACDBBBCBCBACCACACAACCCBABADBCCAAABBCCBB	['D35C', 'C37A', 'A63D', 'D77C']	4	-3.4223633	-7.9457216	-9.127404	-1.1816826
BCCDDDCDCDDDDCDDABCDABCABDBACBDCAADDCBCABABBCCABCACBCCCCCBDBACDBDBCBCBADCACADAACCCBABADBCCAAABBCCBB	['C43B', 'A63D', 'B65D', 'C72D']	4	-3.4229336	-9.143916	-10.326172	-1.1822557
BCCDDDCDCDDDDCDDABCDABCABDBACBDCAADDCBCABACBCCABCACBCCCCCBDCACABBBCBCBACCACACAACCCBABADBCCAAABBCCBB	['B60C', 'D77C']	2	-3.4242105	-7.484413	-8.667946	-1.1835327
BCCDDDCDCDDDDCDDABCDABCABDBACBDCAADDBBCABACBCCABCACBCCCCCBDBACCBBBCBCBACCACADAACCCBABADBCCAAABBCCBB	['C37B', 'A63C']	2	-3.4248357	-8.479232	-9.66339	-1.1841583
BCCDDDCDCDDDDCDDABCDABCABDBACBDCAADDBBCABACBCCABCACBCCCCCBDBACCBBBCBCBACCACADAACCCBABADBCCAAABBCCBB	['C37B', 'A63C']	2	-3.4248357	-8.479232	-9.66339	-1.1841583
BCCDDDCDCDDDDCDDACCDABCABDBACBDCAACDBBCABACBCCABCACBCCCCDBDCACDCBBCBCBADCACADAACCCBABADBCCAABBBCCBB	['B18C', 'D35C', 'C37B', 'C57D', 'B60C', 'A63D', 'B64C', 'C72D', 'A93B']	9	-3.4257045	-9.471454	-10.656476	-1.1850224
AAADDDCDCDDDDCCDABCDABCABDBACBDCAACDCBCABACBCCABCACBCCCCCBDBACDBBBCBCBACCACADAACCCBABADBCCAAABBCCBB	['B1A', 'C2A', 'C3A', 'D15C', 'D35C', 'A63D']	6	-3.426065	-9.780186	-10.965573	-1.1853876
BCCDDDCDCDDDDCDDABCDABCABDBACBDCAADABBCABACBCCABCACBCCCCCBDBADDBBBCBDBAACACADAACCCBABADBCCADABBCCBB	['D36A', 'C37B', 'C62D', 'A63D', 'C69D', 'C72A', 'A92D']	7	-3.4262838	-8.091501	-9.277107	-1.185606
BCCDDDCDCDDDDCDCABCDABCABDBACBDCAADDCBCABACBCCABCACBCCCCCBDBADACBBCBCBACCACADAACCCBABADBCCAAABBCCBB	['D16C', 'C62D', 'B64C']	3	-3.4263215	-9.022356	-10.208004	-1.185648
AAADDDCDCDDDDCCDABCDABCABDBACBDCAADDCBCACACBCCABCACBCCCCCBDBACCBBBCBCBACCACADAACCCBABADBCCAAABBCCBB	['B1A', 'C2A', 'C3A', 'D15C', 'B41C', 'A63C']	6	-3.4265647	-9.938587	-11.124477	-1.1858902
BCCDDDCDCDDBDCDDAACDABCABDBACBDCAACDABCABACBCCABCACBCCCCCBDBACDBBBCBCBACCACADAACCCBABADBCCAAABBCCBB	['D12B', 'B18A', 'D35C', 'C37A', 'A63D']	5	-3.426681	-8.047798	-9.233798	-1.1859999
BCCDDDCDCDDDDCDDAABDABCABDBACBDCAADDCBCABACBCCABCACBCCCCCBDCACDBBBCBCBACCACADAACCCBABADBCCAAABBCCBB	['B18A', 'C19B', 'B60C', 'A63D']	4	-3.4273896	-7.104234	-8.290945	-1.1867108
BCCDDDCDCDDDDCDDABCDABCABDBACBDCAADAABCABACBCCABCACBCCCCCBDBACACBBCBCBACCACADAACCCBABADBCCAAABBCCBB	['D36A', 'C37A', 'B64C']	3	-3.427816	-8.606787	-9.79392	-1.1871328
BCCDDDCDCDDDDDDDABCDABCABDBACBDCAACDABCABACBCCABCACBCCCCDBDBACDBBBCBCBAACACACAACCCBABADBCCAAABBCCBB	['C14D', 'D35C', 'C37A', 'C57D', 'A63D', 'C72A', 'D77C']	7	-3.4287996	-7.737295	-8.925413	-1.188118
BCCDDDCDCDDDBCDDABCDABCABDBACBDCAACDCBCABACBCCABCACBCCCCCBDBACDBBBCBCBACCACADAACCCBABADBCCAAABBCCBB	['D13B', 'D35C', 'A63D']	3	-3.4296584	-8.457182	-9.646158	-1.1889763
AAADDDCDCDDDDCDDABCDABCABDBACBDCAACDABCABACBCCABCACBCCCCDBDBACBBBBCBCBACCACACAACCCBABADBCCAAABBCCBB	['B1A', 'C2A', 'C3A', 'D35C', 'C37A', 'C57D', 'A63B', 'D77C']	8	-3.4299803	-10.068391	-11.257692	-1.1893015
BCCDDDCDCDDDDDDDABCDABCABDBACBDCAADDABCACACBCCABCACBCCCCCBDBADDBBBCBCBACCACACAACCCBABADBCCAAABBCCBB	['C14D', 'C37A', 'B41C', 'C62D', 'A63D', 'D77C']	6	-3.431017	-7.6746445	-8.8649845	-1.19034
BCCCDDCDCDDDDCDCABCDABCABDBACBDCAADDCBCABACBCCABCACBCCCCCBDBACABBBCBCBACCACADAACCCBABADBCCAAABBCCBB	['D4C', 'D16C']	2	-3.4320436	-8.19575	-9.387119	-1.191369
BCCDDDCDCDDDDCDDABBDABCABDBACBDCAADDABAACACBCCABCACBCCCCCBDBACDBBBCBCBACCACACAACCCBABADBCCAAABBCCBB	['C19B', 'C37A', 'C39A', 'B41C', 'A63D', 'D77C']	6	-3.4334478	-7.083521	-8.276287	-1.1927662
BCCDDDCDCDDDDCCDABCDABCABDBACBDCAADDCBCABACBCCABCACBCCCCCBDBACDDBBCBCBACCACADAACCCBABADBCCAAABBCCBB	['D15C', 'A63D', 'B64D']	3	-3.434626	-8.070522	-9.264468	-1.1939459
BCCDDDCDCDDDDCDDABCDABCABDBACDDCAADDCBCABACBCCABCACBCCCCCBDBACABBBCBCBBCCACADAACCCBABADBCCAAABBCCBB	['B30D', 'A71B']	2	-3.4361691	-6.154566	-7.3500433	-1.1954775
BCCDDDCDCDDDDCCDABCDABCABDBACBDCAACDABCABACBCCABCACBCCCCCBDBADDDBBCBCBACCACADAACCDBABADBCCAAABBCCBB	['D15C', 'D35C', 'C37A', 'C62D', 'A63D', 'B64D', 'C82D']	7	-3.436977	-9.051676	-10.247965	-1.1962891
BCCDDDCDCDDDDCDDABCDABCABDBACBDCAADDCBCABACBCCABCACBCCCCCBDBACCBBBCBCBACCACADAACCCBABADBCCAAABBCCBB	['A63C']	1	-3.4392552	-8.984615	-10.183194	-1.1985788
BCCDDDCDCDDDDCDDABCDABCABDBACBDCAADDCBCABACBCCABCACBCCCCCBDBACCBBBCBCBACCACADAACCCBABADBCCAAABBCCBB	['A63C']	1	-3.4392552	-8.984615	-10.183194	-1.1985788
BCCDDDCDCDDDDCDDABCDABCABDBACBDCAADDCBCABACBCCABCACBCCCCCBDBACCBBBCBCBACCACADAACCCBABADBCCAAABBCCBB	['A63C']	1	-3.4392552	-8.984615	-10.183194	-1.1985788
BCCDDDCDCDDDDCDDABCDABCABDBACBDCAADDCBCABACBCCABCACBCCCCCBDBACCBBBCBCBACCACADAACCCBABADBCCAAABBCCBB	['A63C']	1	-3.4392552	-8.984615	-10.183194	-1.1985788
BCCDDDCDCDDDDCDDABCDABCABDBACBDCAADDCBCABACBCCABCACBCCCCCBDBACCBBBCBCBACCACADAACCCBABADBCCAAABBCCBB	['A63C']	1	-3.4392552	-8.984615	-10.183194	-1.1985788
BCCDDDCDCDDDDCDDABCDABCABDBACBDCAADDCBCABACBCCABCACBCCCCCBDBACCBBBCBCBACCACADAACCCBABADBCCAAABBCCBB	['A63C']	1	-3.4392552	-8.984615	-10.183194	-1.1985788
BCCDDDCDCDBCDCDDABBDABCABDBACBDCAADDABCABACBCCABCACBCCCCCBDBADDBBBBBCBADCACACAACCCBABADBCCAAABBCCBB	['D11B', 'D12C', 'C19B', 'C37A', 'C62D', 'A63D', 'C67B', 'C72D', 'D77C']	9	-3.4436321	-6.6859293	-7.8888893	-1.20296
BCCDDDCDCDDADCDDABCDABCABDBACBDCAADDBBCACACBCCABCACBCCCCCBDBADABBBCBCBCCCACACAACCCBABADBCCAABBBCCBB	['D12A', 'C37B', 'B41C', 'C62D', 'A71C', 'D77C', 'A93B']	7	-3.4449034	-5.922863	-7.1270866	-1.2042236
BCCDDDCDCDDDDCCDABCDABCABDBACBDCAADACBCABACBCCABCACBCCCCCBDBACABBBCBCBACCACADAACCCBABADBCCAABBBCCBB	['D15C', 'D36A', 'A93B']	3	-3.4454508	-6.275364	-7.480133	-1.2047691
BCCDDDCDCDDDDDDDABCDABCABDBACBDCAACDABCACACBCCABCACBCCCCCBDBACDBBBCBABACCACADAACCCBABADBCCAAABBCCBB	['C14D', 'D35C', 'C37A', 'B41C', 'A63D', 'C69A']	6	-3.445591	-9.5608635	-10.765777	-1.2049131
BCCDDDCDCDDDBCBDABBDABCABDBACBDCAACDCBCABACBCCABCACBCCCCCBDBADDBBBCBCBBCCACADAACCCBABADBCCAABBBCCBB	['D13B', 'D15B', 'C19B', 'D35C', 'C62D', 'A63D', 'A71B', 'A93B']	8	-3.447589	-6.47818	-7.6850824	-1.2069025
BCCDDDCDCDDDBCCDABCDABCABDBACBDCAADDCBCABACBCCABCACBCCCCCBDBACCBBBCBCBACCACADAACCCBABADBCCAAABBCCBB	['D13B', 'D15C', 'A63C']	3	-3.4505715	-7.5610113	-8.770904	-1.2098923
BCCDDDCDCDDDBCCDABCDABCABDBACBDCAADDCBCABACBCCABCACBCCCCCBDBACCBBBCBCBACCACADAACCCBABADBCCAAABBCCBB	['D13B', 'D15C', 'A63C']	3	-3.4505715	-7.5610113	-8.770904	-1.2098923
BCCDDDCDCDDDDCDDABCCABCABDBACBDCAADABBCABACBCCABCACBCCCCDBDBACACDBCBCCACCACADAACCCBABADBCCAAABBCCBB	['D20C', 'D36A', 'C37B', 'C57D', 'B64C', 'B65D', 'B70C']	7	-3.4527483	-7.343174	-8.555239	-1.2120647
BCCDDDCDCDDDDCDDABCDABCABDBACBDCAACDABCABACBCCABCACBCCCCCBDBACDBBBCBCBADCACADAACCCBABADBCCAAABBCCBB	['D35C', 'C37A', 'A63D', 'C72D']	4	-3.4533176	-8.971594	-10.184232	-1.2126379
BCCDDDCDCDDDDCCDABCDABCABDBACBDCAADDCBCACACBCCABCACBCCCCCBDBACABBBCBCBACCACADAACCCBABADBCCAAABBCCBB	['D15C', 'B41C']	2	-3.4533935	-7.0117702	-8.224484	-1.2127142
BCCDDDCDCDDADCDDABBDABCABDBACBDCAACDABCACACBCCABCACBCCCCCBDBACDBBBCBCBABCACACAACCCBABADBCCAABBBCCBB	['D12A', 'C19B', 'D35C', 'C37A', 'B41C', 'A63D', 'C72B', 'D77C', 'A93B']	9	-3.4543233	-7.578303	-8.791949	-1.2136464
BCCDDDCDCDDDDCDDABCDABCABDBACBDCAACDCBCACACBCCABCACBCCCCCBDBACABBBCBCBADCACADAACCCBABADBCCAAABBCCBB	['D35C', 'B41C', 'C72D']	3	-3.4543858	-8.3020315	-9.515737	-1.2137051
BCCDDDCDCDDDDCDDABCDABCABDBACBDCAACDABCABACBCCABCACBCCCCDBDBACDBBBCBCBCCCACACAACCCBABADBCCAAABBCCBB	['D35C', 'C37A', 'C57D', 'A63D', 'A71C', 'D77C']	6	-3.4552894	-7.7020836	-8.916692	-1.2146082
BCCDDDCDCDDDDCDDABCDABCABDBACBDCAACDABCABACBCCABCACBCCCCDBDBACDBBBCBCBCCCACACAACCCBABADBCCAAABBCCBB	['D35C', 'C37A', 'C57D', 'A63D', 'A71C', 'D77C']	6	-3.4552894	-7.7020836	-8.916692	-1.2146082
AAADDDCDCDDDDCDDABCDABCABDBACBDCAADDABCABACBCCABCACBCCCCCBDBACABBBCBCBACCACADAACCCBABADBCCAAABBCCBB	['B1A', 'C2A', 'C3A', 'C37A']	4	-3.4579415	-9.596597	-10.813863	-1.2172661
BCCDDDCDCDDDBCDDABCDABCABDBACBDCAADDABCABACBCCABCACBCCCCDBDBACDBBBCBCBACCACADAACCCBABADBCCAAABBCCBB	['D13B', 'C37A', 'C57D', 'A63D']	4	-3.459724	-8.283765	-9.50281	-1.2190447
BCCDDDCDCDDDDCDDABCDABCABDBACBDCAACDBBCABACBCCABCACBCCCCCBDBACDBBBCBCBACCACADAACCCBABADBCCAAABBCCBB	['D35C', 'C37B', 'A63D']	3	-3.4599795	-8.43942	-9.658716	-1.2192965
BCCDDDCDCDDDDCDDABCDABCABDBACBDCAACDBBCABACBCCABCACBCCCCCBDBACDBBBCBCBACCACADAACCCBABADBCCAAABBCCBB	['D35C', 'C37B', 'A63D']	3	-3.4599795	-8.43942	-9.658716	-1.2192965
BCCDDDCDCDDDDCDDABCDABCABDBACBDCAACDBBCABACBCCABCACBCCCCCBDBACDBBBCBCBACCACADAACCCBABADBCCAAABBCCBB	['D35C', 'C37B', 'A63D']	3	-3.4599795	-8.43942	-9.658716	-1.2192965
BCCDDDCDCDDDDCDDABCDABCABDBACBDCAACDBBCABACBCCABCACBCCCCCBDBACDBBBCBCBACCACADAACCCBABADBCCAAABBCCBB	['D35C', 'C37B', 'A63D']	3	-3.4599795	-8.43942	-9.658716	-1.2192965
BCCDDDCDCDDDBCDCABCDABCABDBACBDCAACDABCACACBCCABCACBCCCCCBDBACACBBCBCBACCACACAACCCBABADBCCAAABBCCBB	['D13B', 'D16C', 'D35C', 'C37A', 'B41C', 'B64C', 'D77C']	7	-3.460166	-8.017771	-9.237254	-1.2194834
BCCDDDCDCDDDBCDDABCDABCABDBACBDCAACACBCABACBCCABCACBCCCCCBDBACACBBCBCBACCACADAACCCBABADBCCAAABBCCBB	['D13B', 'D35C', 'D36A', 'B64C']	4	-3.461206	-8.446651	-9.667172	-1.220521
BCCDDDDDCDDDDCCDABCDABCABDBACBDCAACDABCABACBCCABCACBCCCCCBDBACDBBBCBCBACCACADAACCCBBBADBCCAAABBCCBB	['C7D', 'D15C', 'D35C', 'C37A', 'A63D', 'A84B']	6	-3.4614587	-7.812503	-9.033283	-1.2207804
AAADDDCDCDDDDCDDABCDABCABDBACBDCAADDCBCABACBCCABCACBCCCCCBDBADDABBCBCBACCACADAACCCBABADBCCAAABBCCBB	['B1A', 'C2A', 'C3A', 'C62D', 'A63D', 'B64A']	6	-3.4627442	-10.79402	-12.016088	-1.2220678
BCCDDDCDCDDDDCDDABCDABCABDBACDDCAACACBCABACBCCABCACBCCCCDBDBACDBBBCBCBBDCACADAACCCBABADBCCAABBBCCBB	['B30D', 'D35C', 'D36A', 'C57D', 'A63D', 'A71B', 'C72D', 'A93B']	8	-3.4630523	-6.8371744	-8.05954	-1.2223654
BCCDDDCDCDDDDCDDABCDABCABDBACBDCAACDBBCABACBCCABCACBCCCCCBDBACBBBBCBCBACCACADAACCCBABADBCCAAABBCCBB	['D35C', 'C37B', 'A63B']	3	-3.4637914	-8.636657	-9.859766	-1.2231092
BCCDDDCDCDDDDCDDABCDABCABDBACBDCAACACBCABACBCCABCACBCCCCCBDBADDBBBCBCBADCACADAACCCBABADBCCAABBBCCBB	['D35C', 'D36A', 'C62D', 'A63D', 'C72D', 'A93B']	6	-3.4641738	-8.317734	-9.541228	-1.2234945
BCCDDDCDCDDDDCDDABCDABCABDBACBDCAACDABCABACBCCABCACBCCCCCBDBACDBBBCBBBACCACACAACCCBABADBCCAAABBCCBB	['D35C', 'C37A', 'A63D', 'C69B', 'D77C']	5	-3.4685268	-8.252722	-9.480567	-1.2278452
BCCDDDCDCDDBDCCDABCDABCABDBACBDCAACDCBCABACBCCABCACBCCCCCBDBACDBBBCBCBACCACADAACCCBABADBCCAAABBCCBB	['D12B', 'D15C', 'D35C', 'A63D']	4	-3.4701962	-8.471046	-9.700562	-1.2295151
AAADDDCDCDDDDCDDABCDABCABDBACBDCAADDCBCABACBCCABCACBCCCCCBDCCCDDBBCBCBACCACACAACCCBABADBCCAAABBCCBB	['B1A', 'C2A', 'C3A', 'B60C', 'A61C', 'A63D', 'B64D', 'D77C']	8	-3.470765	-10.430802	-11.660891	-1.2300882
BCCDDDCDCDDDBCCDABCDABCABDBACBDCAACDBBCABACBCCABCACBCCCCCBDBACDBBBCBCBACCACADAACCCBABADBCCAAABBCCBB	['D13B', 'D15C', 'D35C', 'C37B', 'A63D']	5	-3.4712968	-7.015816	-8.246427	-1.2306104
BCCDDDCDCDDDDCDDABCDABCABDBACBDCAADDBBCABACBCCABCACBCCCCCBDBACABBBCBCCACCACADAACCCBABADBCCAAABBCCBB	['C37B', 'B70C']	2	-3.4719458	-6.6950526	-7.926321	-1.2312684
BCCDDDCDCDDDDCDDABCDABCABDBACBDCAACDBBCABACBCCABCACBCCCCCBDBACDBDBCBCBACCACADAACCCBABADBCCAAABBCCBB	['D35C', 'C37B', 'A63D', 'B65D']	4	-3.4727979	-8.648813	-9.880931	-1.2321177
BCCDDDCDCDDDDCDDABCDABCABDBACBDCAACDCBCABACBCCABCACBCCCCCBDBACDBBBCBCBACCACADAACCCBABADBCCAAABBCCBB	['D35C', 'A63D']	2	-3.474399	-8.944802	-10.178523	-1.2337208
BCCDDDCDCDDDDCDDABCDABCABDBACBDCAACDCBCABACBCCABCACBCCCCCBDBACDBBBCBCBACCACADAACCCBABADBCCAAABBCCBB	['D35C', 'A63D']	2	-3.474399	-8.944802	-10.178523	-1.2337208
BCCDDDCDCDDDDCDDABCDABCABDBACBDCAACDCBCABACBCCABCACBCCCCCBDBACDBBBCBCBACCACADAACCCBABADBCCAAABBCCBB	['D35C', 'A63D']	2	-3.474399	-8.944802	-10.178523	-1.2337208
BCCDDDCDCDDDDCDDABCDABCABDBACBDCAACDCBCABACBCCABCACBCCCCCBDBACDBBBCBCBACCACADAACCCBABADBCCAAABBCCBB	['D35C', 'A63D']	2	-3.474399	-8.944802	-10.178523	-1.2337208
BCCDDDCDCDDDDCDDABCDABCABDBACBDCAACDCBCABACBCCABCACBCCCCCBDBACDBBBCBCBACCACADAACCCBABADBCCAAABBCCBB	['D35C', 'A63D']	2	-3.474399	-8.944802	-10.178523	-1.2337208
BCCDDDCDCDDDDCDDABCDABCABDBACBDCAACDCBCABACBCCABCACBCCCCCBDBACDBBBCBCBACCACADAACCCBABADBCCAAABBCCBB	['D35C', 'A63D']	2	-3.474399	-8.944802	-10.178523	-1.2337208
BCCDDDCDCDDDDCDDABCDABCABDBACBDCAACDCBCABACBCCABCACBCCCCCBDBACDBBBCBCBACCACADAACCCBABADBCCAAABBCCBB	['D35C', 'A63D']	2	-3.474399	-8.944802	-10.178523	-1.2337208
BCCDDDCDCDDDDCDDABCDABCABDBACBDCAACDCBCABACBCCABCACBCCCCCBDBACDBBBCBCBACCACADAACCCBABADBCCAAABBCCBB	['D35C', 'A63D']	2	-3.474399	-8.944802	-10.178523	-1.2337208
BCCDDDCDCDDDDCDDABCDABCABDBACBDCAACDCBCABACBCCABCACBCCCCCBDBACDBBBCBCBACCACADAACCCBABADBCCAAABBCCBB	['D35C', 'A63D']	2	-3.474399	-8.944802	-10.178523	-1.2337208
BCCDDDCDCDDDDCDDABCDABCABDBACBDCAACDCBCABACBCCABCACBCCCCCBDBACDBBBCBCBACCACADAACCCBABADBCCAAABBCCBB	['D35C', 'A63D']	2	-3.474399	-8.944802	-10.178523	-1.2337208
BCCDDDCDCDDDDCDDABCDABCABDBACBDCAACDCBCABACBCCABCACBCCCCCBDBACDBBBCBCBACCACADAACCCBABADBCCAAABBCCBB	['D35C', 'A63D']	2	-3.474399	-8.944802	-10.178523	-1.2337208
BCCDDDCDCDDDDCDDABCDABCABDBACBDCAACDCBCABACBCCABCACBCCCCCBDBACDBBBCBCBACCACADAACCCBABADBCCAAABBCCBB	['D35C', 'A63D']	2	-3.474399	-8.944802	-10.178523	-1.2337208
BCCDDDCDCDDDDCDDABCDABCABDBACBDCAACDCBCABACBCCABCACBCCCCCBDBACDBBBCBDBACCACACAACCCBABADBCCAAABBCCBB	['D35C', 'A63D', 'C69D', 'D77C']	4	-3.4744868	-8.195061	-9.4288645	-1.2338037
BCCDDDCDCDDDDCDDABCDABCABDBACBDCAACDCBCABACBCCABCACBCCCCCBDBACBBBBCBCBACCACADAACCCBABADBCCAAABBCCBB	['D35C', 'A63B']	2	-3.4782119	-9.142038	-10.379569	-1.2375307
BCCDDDCDCDDDBCCDABCDABCABDBACBDCAAAACBCABACBCCABCACBCCCCCBDBADDBBBCBCAACAACADAACCCBABADBCBAAABBCCBB	['D13B', 'D15C', 'D35A', 'D36A', 'C62D', 'A63D', 'B70A', 'C73A', 'C90B']	9	-3.4804888	-7.6512647	-8.891068	-1.2398038
BCCDDDCDCDDDBDDDABCDABCABDBACBDCAACDBBCABACBCCABCACBCCCCCBDBACDBBBCBCBACCACADAACCCBABADBCCAAABBCCBB	['D13B', 'C14D', 'D35C', 'C37B', 'A63D']	5	-3.4832253	-7.9256597	-9.168199	-1.2425389
BCCDDDCDCDDDDDCDABCDABCABDBACBDCAADDCBCABACBCCABCACBCCCCCBDBACABBBCBCBACCACADAACCCBABADBCCAAABBCCBB	['C14D', 'D15C']	2	-3.4857373	-6.867039	-8.112097	-1.2450576
BCCDDDCDCDDDDCCDABCDABCABDBACBDCAADACBAACACBCCABCACBCCCCCBDBADDCBBCBCBACCACADAACCCBABADBCCAAABBCCBB	['D15C', 'D36A', 'C39A', 'B41C', 'C62D', 'A63D', 'B64C']	7	-3.4861503	-8.700308	-9.945777	-1.2454691
BCCDDDCDCDDBDCDDABCDABCABDBACBDCAADDCBCACACBCCABCACBCCCCCBDCACDBBBCBCBACCACADAACCCBABADBCCAAABBCCBB	['D12B', 'B41C', 'B60C', 'A63D']	4	-3.4862084	-9.852465	-11.097996	-1.2455311
BCCDDDCDCDDDDCDDABCDABCABDBACBDCAADDCBCABACBCCABCACBCCCCCBDBACABBBCBCCACCACADAACCCBABADBCCAAABBCCBB	['B70C']	1	-3.4863644	-7.2004375	-8.44612	-1.2456827
BCCDDDCDCDDDDCDDABCDABCABDBACBDCAADDCBCABACBCCABCACBCCCCDBDBACDDBBCBCBACCACADAACCCBABADBCCAAABBCCBB	['C57D', 'A63D', 'B64D']	3	-3.4867663	-9.160571	-10.40666	-1.246089
BCCDDDCDCDDDDCDDABCDABCABDBACBDCAADDCBCABACBCCABCACBCCCCDBDBACDDBBCBCBACCACADAACCCBABADBCCAAABBCCBB	['C57D', 'A63D', 'B64D']	3	-3.4867663	-9.160571	-10.40666	-1.246089
BCCDDDCDCDDBDCDDABCDABCABDBACBDCAADDCBCABACBCCABCACBCCCCDBDBACCBBBCBCBACCACADAACCCBABADBCCAAABBCCBB	['D12B', 'C57D', 'A63C']	3	-3.4871926	-9.600911	-10.847426	-1.2465153
BCCDDDCDCDDDDCDDABCDABCABDBACBDCAADDCBCABACBBCABCACBCCCCCBDBACDDBBCBCBACCACACAACCCBABADBCCAABBBCCBB	['C45B', 'A63D', 'B64D', 'D77C', 'A93B']	5	-3.487495	-6.387377	-7.634186	-1.246809
BCCDDDCDCDDDDCDDABCDABCABDBACBDCAADDCBCABACBBCABCACBCCCCCBDBACDDBBCBCBACCACACAACCCBABADBCCAABBBCCBB	['C45B', 'A63D', 'B64D', 'D77C', 'A93B']	5	-3.487495	-6.387377	-7.634186	-1.246809
BCCDDDCDCDDDDCDDABCDABCABDBACBDCAACDBBAABACBCCABCACBCCCCDBDBADCDBBCBCBBCCACACAACCCBABADBCCAABBBCCBB	['D35C', 'C37B', 'C39A', 'C57D', 'C62D', 'A63C', 'B64D', 'A71B', 'D77C', 'A93B']	10	-3.487494	-7.7487617	-8.995574	-1.2468123
BCCDDDCDCDDDDCDDABCDABCABDBACBDCAADDCBCACACBCCABCACBCCCCCBDBACCBDBCBCBACCACADAACCCBABADBCCAAABBCCBB	['B41C', 'A63C', 'B65D']	3	-3.487718	-9.312598	-10.559639	-1.2470407
BCCDDDCDCDDDDCCDABCDABCABDBACDDCAACDCBDACACBCCABCACBCCCCCBDBACDBBBCBCBBCCACADAACCCBABADBCCAABBBCCBB	['D15C', 'B30D', 'D35C', 'C39D', 'B41C', 'A63D', 'A71B', 'A93B']	8	-3.488418	-6.1891065	-7.4368362	-1.2477298
BCCDDDCDCDDDDCDDABCDABCABDBACBDCAADACBCABACBCCABCACBCCCCCBDBADCCBBCBCBACCACADAACCCBABADBCCAAABBCCBB	['D36A', 'C62D', 'A63C', 'B64C']	4	-3.4885316	-9.726192	-10.974048	-1.2478552
BCCDDDCDCDDDDCDDABCDABCABDBACBDCAADABBCABACBCCABCACBCCCCCBDBACDBBBCBCBADCACADAACCCBABADBCCAAABBCCBB	['D36A', 'C37B', 'A63D', 'C72D']	4	-3.4887047	-7.9305363	-9.178561	-1.248025
BCCDDDCDCADDDCDDBBCDABCABDBACBDCAADDABCABACBBCABCACBCCCCCBDBACDBBBCBCBACCACADAACCCBABADBCCAABBBCCBB	['D10A', 'A17B', 'C37A', 'C45B', 'A63D', 'A93B']	6	-3.4905787	-6.5233274	-7.773226	-1.2498984
BCCDDDCDCDDDDCDDABCDABCABDBACBDCAADACBCABACBCCABCACBCCCCCBDBADCBBBCBCBACCACADAACCDBABADBCCAAABBCCBB	['D36A', 'C62D', 'A63C', 'C82D']	4	-3.4914117	-9.430096	-10.680829	-1.2507334
BCCDDDCDCDDDDCDDABCDABCABDBACBDCAACABBCABACBCCABCACBCCCCCBDBACACBBCBCBACCACADAACCCBABADBCCAAABBCCBB	['D35C', 'D36A', 'C37B', 'B64C']	4	-3.491527	-8.428886	-9.679729	-1.250843
BCCDDDCDCDDDDCCDABCDABCABDBACBDCAADDABCACACBCCABCACBCCCCCBDBACBBBBCBCBACCACADAACCCBABADBCCAAABBCCBB	['D15C', 'C37A', 'B41C', 'A63B']	4	-3.4917827	-7.9971585	-9.248261	-1.2511029
BCCDDDCDCDDDDCDDABCDABCABDBACBDCAADBCBCABACBCCABCACBCCCCCBDBACDBBBCBCBACCACADAACCCBABADBCCAAABBCCBB	['D36B', 'A63D']	2	-3.493277	-8.626028	-9.878622	-1.252594
BCCDDDCDCDDDBCDDABCDABCABDBACBDCBACAABCABACBCCABCACBCBCCCBDBADDBBBCBCBBBBACADAACCCBABADBCBAAABBCCBB	['D13B', 'A33B', 'D35C', 'D36A', 'C37A', 'C54B', 'C62D', 'A63D', 'A71B', 'C72B', 'C73B', 'C90B']	12	-3.49362	-10.428251	-11.6811905	-1.2529392
AAADDDCDCDDDDDCDABCDABCABDBACBDCAACDCBCABACBCCABCACBCCCCCBDBACDBBBCBCBACCACADAACCCBABADBCCAAABBCCBB	['B1A', 'C2A', 'C3A', 'C14D', 'D15C', 'D35C', 'A63D']	7	-3.4940515	-9.754045	-11.007415	-1.2533703
BCCDDDCDCDDDDCDDABCDABCABDBACBDCAACACBCABACBCCABCACBCCCCCBDBACDBBBCBCBACCACADAACCCBABADBCBAAABBCCBB	['D35C', 'D36A', 'A63D', 'C90B']	4	-3.494073	-8.580363	-9.833754	-1.2533903
BCCDDDCDCDDDDCCDABCDABCABDBACBDCAADDCBCABACBCCABCACBCCCCCBDBACCBBBCBCBACCACADAACCCBABADBCCAAABBCCBB	['D15C', 'A63C']	2	-3.4953122	-8.04863	-9.303265	-1.2546349
BCCDDDCDCDDDBCDDBBCDABCABDBACBDCAADDABCABACBCCABCACBCCCCCBDBACACBBCBCBACCACACAACCCBABADBCCAAABBCCBB	['D13B', 'A17B', 'C37A', 'B64C', 'D77C']	5	-3.4959564	-7.4458666	-8.701144	-1.2552776
BCCDDDCDCCDDDCDCABCDABCABDBACBDCAACACBCABACBCCABCACBCCCCDBDBACCBBBCBCBACCACADAACCCBABADBCCAABBBCCBB	['D10C', 'D16C', 'D35C', 'D36A', 'C57D', 'A63C', 'A93B']	7	-3.4979954	-7.8821487	-9.139464	-1.2573156
BCCDDDCDCDDADCCDABCDABCABDBACBDCAACDBBCABACBCCABCACBCCCCCBDBACDBBBCBCBADCACADAACCCBABADBCCAABBBCCBB	['D12A', 'D15C', 'D35C', 'C37B', 'A63D', 'C72D', 'A93B']	7	-3.500452	-7.447474	-8.707244	-1.2597699
BCCDDDCDCDDDDCDDABCDABCABDBACBDCAADACBCABACBCCABCACBCDCCCBDBACDBBBCBCBBCCACADAACCCBABADBCCAAABBCCBB	['D36A', 'C54D', 'A63D', 'A71B']	4	-3.5005145	-8.70781	-9.967646	-1.2598352
BCCDDDCDCDDDDCDDABCDABCABDBACBDCAADACBCABACBCCABCACBCDCCCBDBACDBBBCBCBBCCACADAACCCBABADBCCAAABBCCBB	['D36A', 'C54D', 'A63D', 'A71B']	4	-3.5005145	-8.70781	-9.967646	-1.2598352
BCCDDDCDCDDDDCDDABCDABCABDBACBDCAADACBCABACBCCABCACBCDCCCBDBACDBBBCBCBBCCACADAACCCBABADBCCAAABBCCBB	['D36A', 'C54D', 'A63D', 'A71B']	4	-3.5005145	-8.70781	-9.967646	-1.2598352
BCCDDDCDCDDDBCDDABCDABCABDBACBDCAAAACBCABACBCCABCACBCCCCCBDBADDDBBCBCBADCCCADAACCCBABADBCBAABBBCCBB	['D13B', 'D35A', 'D36A', 'C62D', 'A63D', 'B64D', 'C72D', 'A74C', 'C90B', 'A93B']	10	-3.5006318	-8.259764	-9.519711	-1.2599468
BCCDDDCDCDDBDCDDABCDABCABDBACBDCAADDABCABACBCCABCACBCCCCCBDBACABBBCBCBACCACADAACCCBABADBCCAAABBCCBB	['D12B', 'C37A']	2	-3.5020738	-8.287461	-9.548854	-1.2613926
BCCDDDCDCDDBDCDDABCDABCABDBACBDCAADDABCABACBCCABCACBCCCCCBDBACABBBCBCBACCACADAACCCBABADBCCAAABBCCBB	['D12B', 'C37A']	2	-3.5020738	-8.287461	-9.548854	-1.2613926
BCCDDDCDCDDDDCCDABCDABCABDBACBDCAADACBCACACBCCABCACBCCCCCBDBADBBBBCBCBACCACADAACCCBABADBCCAABBBCCBB	['D15C', 'D36A', 'B41C', 'C62D', 'A63B', 'A93B']	6	-3.5026388	-7.3432994	-8.605259	-1.2619596
BCCDDDCDCDDDBCCDABCDABCABDBACDDCAACAABCABACBDCABCACBCCCCDBDBACDBBBCBCBACCACADAACCCBABADBCCAAABBCCBB	['D13B', 'D15C', 'B30D', 'D35C', 'D36A', 'C37A', 'C45D', 'C57D', 'A63D']	9	-3.5032115	-6.2546268	-7.517151	-1.2625241
BCCDDDCDCCDDDCDDCBBCABCABDBACBDCAACABBCABACBCCAACACBCACCCCDBADDBBBCBCBCCCACABAACCBBABADBCCAAABBCCBB	['D10C', 'A17C', 'C19B', 'D20C', 'D35C', 'D36A', 'C37B', 'B48A', 'C54A', 'B58C', 'C62D', 'A63D', 'A71C', 'D77B', 'C82B']	15	-3.5041957	-7.7415752	-9.005084	-1.2635088
BCCDDDCDCDDDDCCDABCDABCABDBACBDCAADDABCABACBCCABCACBCCCCDBDBACABBBCBCBADCACADAACCCBABADBCCAAABBCCBB	['D15C', 'C37A', 'C57D', 'C72D']	4	-3.5048647	-7.0740366	-8.338223	-1.2641869
BCCDDDCDCCDDDCDDABCDABCABDBACBDCAADABBCAAACBCCAACACBCACCCBDBACDDBBCBCBBCCACADAACCBBABADBCCAABBBCCBB	['D10C', 'D36A', 'C37B', 'B41A', 'B48A', 'C54A', 'A63D', 'B64D', 'A71B', 'C82B', 'A93B']	11	-3.5055509	-8.655981	-9.920855	-1.2648735
BCCDDDCDCDDDDCDDABCDABCABDBACBDCAACACBCABACBCCABCACBCCCCCBDBACACBBCBCBACCACADAACCCBABADBCCAAABBCCBB	['D35C', 'D36A', 'B64C']	3	-3.5059466	-8.934269	-10.199536	-1.2652674
BCCDDDCDCDDADCDDABBDABCABDBACBDCAADDCBCABACBCCABCACBCCCCCBDBACDBBBCBCBACCACADAACCCBABADBCCAABBBCCBB	['D12A', 'C19B', 'A63D', 'A93B']	4	-3.5064325	-7.722456	-8.988212	-1.2657557
BCCDDDCDCDDDDCDCABCDABCABDBACBDCAADDCBAABACBCCABCACBCCCCCBDBABACBBCBCBADCACACAACCCBABADBCCAAABBCCBB	['D16C', 'C39A', 'C62B', 'B64C', 'C72D', 'D77C']	6	-3.506513	-8.27891	-9.544744	-1.2658339
BCCDDDCDCDDDDCDDABCDABCABDBACBDCAADACBCABACBCCABCACBCCCCCBDBACBBBBCBCBADCACADAACCCBABADBCCAAABBCCBB	['D36A', 'A63B', 'C72D']	3	-3.506937	-8.633157	-9.899412	-1.2662554
BCCDDDCDCDDDDCDDABCDABCABDBACBDCAACDCBCACACBCCABCACBCCCCCBDCADDBBBCBCBACCACADAACCCBABADBCCAABBBCCBB	['D35C', 'B41C', 'B60C', 'C62D', 'A63D', 'A93B']	6	-3.5075178	-9.272049	-10.538889	-1.26684
AAADDDCDCDDDBCDDABCDABCABDBACBDCAACDCBCABACBCCABCACBCCCCCBDBACDDBBCBCBACCACADAACCCBABADBCCAAABBCCBB	['B1A', 'C2A', 'C3A', 'D13B', 'D35C', 'A63D', 'B64D']	7	-3.5082107	-10.613802	-11.881334	-1.2675323
BCCDDDCDCDDDBCCDABCCABCABDBACBDCAACABBCABACBCCABCACBCCCCCBDBACACDBCBCBACCACADAACCCBABADBCCAAABBCCBB	['D13B', 'D15C', 'D20C', 'D35C', 'D36A', 'C37B', 'B64C', 'B65D']	8	-3.5099683	-6.717779	-7.9870663	-1.2692871
BCCDDDCDCDDDDCDDABCDABCABDBACBDCAACDCBCACACBCCABCACBCCCCCBDBACDBBBCBCBACCACADAACCCBABADBCCAAABBCCBB	['D35C', 'B41C', 'A63D']	3	-3.5100446	-9.063391	-10.332756	-1.2693653
BCCDDDCDCDDDDCDDABCDABCABDBACBDCAACDCBCABACBCCABCACBCCCCCBDBACDBDBCBCAACCACACAACCCBABADBCCAAABBCCBB	['D35C', 'A63D', 'B65D', 'B70A', 'D77C']	5	-3.5102773	-8.230463	-9.500056	-1.2695932
BCCDDDCDCDDADCDDABADABCABDBACBDCAADDABCABACBCCABCACBCCCCCBDBACACBBCBDBACCACADAACCCBABADBCCAAABBCCBB	['D12A', 'C19A', 'C37A', 'B64C', 'C69D']	5	-3.5102968	-9.456752	-10.726372	-1.26962
BCCDDDCDCDDDBDDDABCDABCABDBACBDCAACDABCACACBCCABCACBCCCCCBDBACDBBBCBCBADCACADAACCCBABADBCCAAABBCCBB	['D13B', 'C14D', 'D35C', 'C37A', 'B41C', 'A63D', 'C72D']	7	-3.51221	-8.576421	-9.84795	-1.2715292
BCCDDDCDCDDDBDDDABCDABCABDBACBDCAACDABCACACBCCABCACBCCCCCBDBACDBBBCBCBADCACADAACCCBABADBCCAAABBCCBB	['D13B', 'C14D', 'D35C', 'C37A', 'B41C', 'A63D', 'C72D']	7	-3.51221	-8.576421	-9.84795	-1.2715292
BCCDDDCDCDDDBDDDABCDABCABDBACBDCAACDABCACACBCCABCACBCCCCCBDBACDBBBCBCBADCACADAACCCBABADBCCAAABBCCBB	['D13B', 'C14D', 'D35C', 'C37A', 'B41C', 'A63D', 'C72D']	7	-3.51221	-8.576421	-9.84795	-1.2715292
BCCDDDCDCDDDBDDDABCDABCABDBACBDCAACDABCACACBCCABCACBCCCCCBDBACDBBBCBCBADCACADAACCCBABADBCCAAABBCCBB	['D13B', 'C14D', 'D35C', 'C37A', 'B41C', 'A63D', 'C72D']	7	-3.51221	-8.576421	-9.84795	-1.2715292
BCCDDDCDCDDDBDDDABCDABCABDBACBDCAACDABCACACBCCABCACBCCCCCBDBACDBBBCBCBADCACADAACCCBABADBCCAAABBCCBB	['D13B', 'C14D', 'D35C', 'C37A', 'B41C', 'A63D', 'C72D']	7	-3.51221	-8.576421	-9.84795	-1.2715292
BCCDDDCDCDDDBCDDABCDABCABDBACBDCAADACBCABACBCCABCACBCCCCCBDBACABBBCBABACCACADAACCCBABADBCCAAABBCCBB	['D13B', 'D36A', 'C69A']	3	-3.5130901	-7.6530323	-8.925442	-1.2724094
BCCDDDCDCDDDDCDDABCCABCABDBACBDCAACAABCABACBCCABCACBCDCCCBDBACDBBBCBCBACCACADAACCBBABADBCCAAABBCCBB	['D20C', 'D35C', 'D36A', 'C37A', 'C54D', 'A63D', 'C82B']	7	-3.5150895	-9.981115	-11.255522	-1.2744064
BCCDDDCDCDDDDCCDABCDABCABDBACBDCAACDBBCABACBCCABCACBCCCCCBDBACDBBBCBCBACCACADAACCCBABADBCCAAABBCCBB	['D15C', 'D35C', 'C37B', 'A63D']	4	-3.5160375	-7.5034323	-8.778787	-1.2753544
BCCDDDCDCDDDDCCDABCDABCABDBACBDCAACDBBCABACBCCABCACBCCCCCBDBACDBBBCBCBACCACADAACCCBABADBCCAAABBCCBB	['D15C', 'D35C', 'C37B', 'A63D']	4	-3.5160375	-7.5034323	-8.778787	-1.2753544
BCCDDDCDCDDDDCDDABCDABCABDBACDDCAACCCBCACACBCCABCACBCCCCCBDBACDCBBCBCCACCACACAACCCBABADBCCAAABBCCBB	['B30D', 'D35C', 'D36C', 'B41C', 'A63D', 'B64C', 'B70C', 'D77C']	8	-3.5170937	-6.9980006	-8.274406	-1.2764058
BCCDDDCDCDDDDDDDABCDABCABDBACBDCAADDCBCABACBCCABCACBCCCCCBDBACDBBBCBCBACCACADCACCCBABADBCCAAABBCCBB	['C14D', 'A63D', 'A78C']	3	-3.5186138	-8.607459	-9.885394	-1.277935
BCCDDDCDCDDDDCDDABCDABCABDBACBDCAACDABCACACBCCABCACBCCCCCBDBBCDBBBCBCBACCACADAACCCBABADBCCAAABBCCBB	['D35C', 'C37A', 'B41C', 'A61B', 'A63D']	5	-3.5193849	-8.019531	-9.298237	-1.2787056
BCCDDDCDCDDDDCDDABCDABCABDBACBDCAACDCBCABACBCCABCACBCCCCCBDBACDBBBCBBBACCACADAACCCBABADBCCAAABBCCBB	['D35C', 'A63D', 'C69B']	3	-3.5205626	-9.251802	-10.531684	-1.2798815
BCCDDDCDCDDDDCDDABCDABCABDBACBDCAACDCBCABACBCCABCACBCCCCCBDBACDBBBCBBBACCACADAACCCBABADBCCAAABBCCBB	['D35C', 'A63D', 'C69B']	3	-3.5205626	-9.251802	-10.531684	-1.2798815
BCCDDDCDCDDDDCDDABCDABCABDBACBDCAACDCBCABACBCCABCACBCCCCCBDBACDBBBCBBBACCACADAACCCBABADBCCAAABBCCBB	['D35C', 'A63D', 'C69B']	3	-3.5205626	-9.251802	-10.531684	-1.2798815
BCCDDDCDCDDDDDCDABCDABCABDBACBDCAACDABCACACBCCABCACBCCCCCBDBADACBBCBCBACCACADAACCCBABADBCCAAABBCCBB	['C14D', 'D15C', 'D35C', 'C37A', 'B41C', 'C62D', 'B64C']	7	-3.5208507	-8.262881	-9.54305	-1.2801685
BCCDDDCDCDDDDDCDABCDABCABDBACBDCAADDCBCACACBCCABCACBCCCCCBDBACABBBCBCBACCACADAACCCBABADBCCAAABBCCBB	['C14D', 'D15C', 'B41C']	3	-3.521381	-6.985627	-8.266329	-1.2807016
BCCDDDCDCDDDBDCDABBDABCABDBACBDCAADDCBCACACBCCABCACBCCCCDBDBACDBBBCBCBACCACADAACCCBABADBCCAAABBCCBB	['D13B', 'C14D', 'D15C', 'C19B', 'B41C', 'C57D', 'A63D']	7	-3.523438	-6.632052	-7.9148073	-1.2827554
BCCDDDCDCDDDDCDDABCDABCABDBACBDCAADACBCABACBCCABCACBCCCCCBDBACDBBBBBABACCACADAACCCBABADBCCAAABBCCBB	['D36A', 'A63D', 'C67B', 'C69A']	4	-3.5247302	-8.532735	-9.816786	-1.284051
AAADDDCDCDDDDCDDABDDABCABDBACBDCAADABBCABACBCCABCACBCCCCCBDBACBBBBCBCBACCACADAACCCBABADBCCAAABBCCBB	['B1A', 'C2A', 'C3A', 'C19D', 'D36A', 'C37B', 'A63B']	7	-3.5259109	-9.680879	-10.96611	-1.2852316
BCCDDDCDCDDBDCDDABCDABCABDBACDDCAADDCBCABACBCCABCACBCCCCCBDBADDBBBCBBBACCACADAACCCBABADBCCAAABBCCBB	['D12B', 'B30D', 'C62D', 'A63D', 'C69B']	5	-3.5261989	-7.9872327	-9.272742	-1.2855096
BCCDDDCDCDDDDCDDABCDABCABDBACBDCAACABBCABACBCCABCACBCCCCDBDBADDBBBCBCBACCACACAACCCBABADBCCAABBBCCBB	['D35C', 'D36A', 'C37B', 'C57D', 'C62D', 'A63D', 'D77C', 'A93B']	8	-3.526997	-6.940545	-8.226861	-1.2863159
BCCDDDCDCDDDDCCDABCDABCABDBACBDCAACDBBCABACBCCABCACBCCCCCBDBACDBDBCBCBACCACADAACCCBABADBCCAAABBCCBB	['D15C', 'D35C', 'C37B', 'A63D', 'B65D']	5	-3.5288558	-7.7128253	-9.000998	-1.2881722
BCCDDDCDCDDDDCDDABCDABCABDBACBDCAACACBCACACBCCABCACBCCCCCBDBACDBBBCBCBACCACADAACCCBABADBCBAAABBCCBB	['D35C', 'D36A', 'B41C', 'A63D', 'C90B']	5	-3.5297165	-8.698952	-9.9879875	-1.2890358
BCCDDDCDCDDDDCCDABCDABCABDBACBDCAACDCBCABACBCCABCACBCCCCCBDBACDBBBCBCBACCACADAACCCBABADBCCAAABBCCBB	['D15C', 'D35C', 'A63D']	3	-3.530457	-8.008816	-9.298592	-1.2897758
BCCDDDCDCDDDDCCDABCDABCABDBACBDCAACDCBCABACBCCABCACBCCCCCBDBACDBBBCBCBACCACADAACCCBABADBCCAAABBCCBB	['D15C', 'D35C', 'A63D']	3	-3.530457	-8.008816	-9.298592	-1.2897758
BCCDDDCDCDDDDCCDABCDABCABDBACBDCAACDCBCABACBCCABCACBCCCCCBDBACDBBBCBCBACCACADAACCCBABADBCCAAABBCCBB	['D15C', 'D35C', 'A63D']	3	-3.530457	-8.008816	-9.298592	-1.2897758
BCCDDDCDCDDDDCCDABCDABCABDBACBDCAACDCBCABACBCCABCACBCCCCCBDBACDBBBCBCBACCACADAACCCBABADBCCAAABBCCBB	['D15C', 'D35C', 'A63D']	3	-3.530457	-8.008816	-9.298592	-1.2897758
BCCDDDCDCDDDDCDDABCDABCABDBACBDCAACDABCABACBCCABCACBCCCCDBDBACDBBBCBCBACCACACAACCCBABADBCCAAABBCCBB	['D35C', 'C37A', 'C57D', 'A63D', 'D77C']	5	-3.5305595	-8.099787	-9.389666	-1.2898788
BCCDDDCDCDDDDCDDABBDABCABDBACBDCAADDCBCABACBCCABCACBCCCCCBDBADBBBBCBBBACCACADAACCCBABADBCCAAABBCCBB	['C19B', 'C62D', 'A63B', 'C69B']	4	-3.5340648	-8.2734	-9.56679	-1.2933893
BCCDDDCDCDDDDCDDABBDABCABDBACBDCAACABBCABACBBCABCACBCCCCCBDBACDBBBCBCBACCACACAACCCBABADBCCACBBBCCBB	['C19B', 'D35C', 'D36A', 'C37B', 'C45B', 'A63D', 'D77C', 'A92C', 'A93B']	9	-3.5345922	-5.158057	-6.4519615	-1.2939043
BCCDDDCDCDDDBCDDABCDABCABDBACBDCAADDABCABACBCCABCACBCCCCCBDBADDBBBCBCBACCACADAACCCBABADBCCAAABBCCBB	['D13B', 'C37A', 'C62D', 'A63D']	4	-3.5353227	-8.089721	-9.384363	-1.2946424
BCCDDDCDCDDDDCDDABCDABCABDBACBDCAADDBBCABACBCCABCACBCCCCDBDCADDBBBCBCBACCACACAACCCBABADBCCAAABBCCBB	['C37B', 'C57D', 'B60C', 'C62D', 'A63D', 'D77C']	6	-3.535717	-7.8852057	-9.180243	-1.2950368
BCCDDDCDCDDDDCDDABCDABCABDBACBDCAADCABCABACBCCABCACBCCCCCBDBACACBBCBCBACCACADAACCCBABADBCCAAABBCCBB	['D36C', 'C37A', 'B64C']	3	-3.5365138	-8.746988	-10.042821	-1.2958326
BCCDDDCDCDDDDCDDABBDABCABDBACBDCAADDABCACACBCCABCACBCCCCCBDBACDBBBCBCBACCACADAACCCBABADBCCAAABBCCBB	['C19B', 'C37A', 'B41C', 'A63D']	4	-3.5365806	-7.923794	-9.219694	-1.2959003
BCCDDDCDCDDDDDDDABCDABCABDBACBDCAACDABCACACBCCABCACBCCCCDBDCACDCBBCBCBACCACADAACCCBABADBCCAAABBCCBB	['C14D', 'D35C', 'C37A', 'B41C', 'C57D', 'B60C', 'A63D', 'B64C']	8	-3.5383277	-10.835388	-12.133039	-1.2976513
BCCDDDCDCDDDDCDDABCDABCABDBACBDCAADDABCABACBCCABCACBCCCCCBDBACDBBBCBCBABCACACAACCCBABADBCCAAABBDCBB	['C37A', 'A63D', 'C72B', 'D77C', 'C96D']	5	-3.538959	-8.063625	-9.361906	-1.2982807
BCCDDDCDCDDDDCCDABBDABCABDBACBDCAADDCBCABACBCCABCACBCCCCCBDBADDBBBCBCBACCACADAACCCBABADBCCAAABBCCBB	['D15C', 'C19B', 'C62D', 'A63D']	4	-3.5401444	-6.8331766	-8.132646	-1.299469
BCCDDDCDCDDDDBCCABBDABCABDBACBDCAADDCBCACACBCCABCACBCCCCCBDBACCCBBCBABACCACADAACCCBABADBCBAAABBCCBB	['C14B', 'D15C', 'D16C', 'C19B', 'B41C', 'A63C', 'B64C', 'C69A', 'C90B']	9	-3.5404572	-9.045233	-10.345014	-1.2997808
BCCCDDCDCDDDDDCDABCDABCABDBACBDCAADACBCABACBCCABCACBCCCCCBDBACABBBCBCBACCACADAACCCBABADBCCAAABBCCBB	['D4C', 'C14D', 'D15C', 'D36A']	4	-3.5407367	-6.782011	-8.0820675	-1.3000565
BCCDDDCDCDDDBCCDABCDABCABDBACBDCAADDABCABACBCCABCACBCCCCCBDBCCDBBBCBCBACCACADAACCCBABADBCCAAABBCCBB	['D13B', 'D15C', 'C37A', 'A61C', 'A63D']	5	-3.541654	-7.1913986	-8.492368	-1.3009691
BCCDDDCDCDDDDCCDABCDABCABDBACBDCAACABBCABACBCCABCACBCCCCCBDBACDBBBCBCBACCACADAACCCBABADBCCAABBBCCBB	['D15C', 'D35C', 'D36A', 'C37B', 'A63D', 'A93B']	6	-3.5437393	-6.8856134	-8.188669	-1.3030558
BCCDDDCDCDDDDCDDABBDABCABDBACBDCAADDCBCABACBCCABCACBCCCCCBDBACCBBBCBCBACCACADAACCCBABADBCCAAABBCCBB	['C19B', 'A63C']	2	-3.543923	-8.172501	-9.475746	-1.3032455
BCCDDDCDCDDDDCDDABCDABCABDBACBDCAACDBBCABACBCCABCACBCCCCDBDCACDBBBABCBACCACACAACCCBABADBCCAAABBCCBB	['D35C', 'C37B', 'C57D', 'B60C', 'A63D', 'C67A', 'D77C']	7	-3.5446777	-8.341533	-9.645531	-1.303998
BCCDDDCDCDDDDCDDABCDABCABDBACBDCAADDCBDABACBCCABCACBCCCCCBDBACDBBBCBCBACCACADAACCCBABADBCCAAABBCCBB	['C39D', 'A63D']	2	-3.5449853	-8.759312	-10.0636215	-1.3043098
BCCDDDCDCDDDDCDDABCDABCABDBACBDCAACDBBCABACBCCABCACBCCCCCBDBACDBBBCBCBCCCACADAACCCBABADBCCAAABBCCBA	['D35C', 'C37B', 'A63D', 'A71C', 'B99A']	5	-3.545351	-8.21103	-9.515699	-1.3046694
BCCDDDCDCDDDDCDDABCDABCABDBACBDCAADDCBCABACBCCABCACBCCCCCBDBADABBBCBCBACCACADAACCCBABADBCCAAABBCCBB	['C62D']	1	-3.545486	-7.7891884	-9.093995	-1.3048067
BCCDDDCDCDDDDCDDABCDABCABDBACBDCAADDCBCABACBCCABCACBCCCCCBDBADABBBCBCBACCACADAACCCBABADBCCAAABBCCBB	['C62D']	1	-3.545486	-7.7891884	-9.093995	-1.3048067
BCCDDDCDCDDDDCDDABCDABCABDBACBDCAADDCBCACACBCCABCACBCCCCCBDCACDBBBCBCBACCACADAACCCBABADBCCAAABBCCBB	['B41C', 'B60C', 'A63D']	3	-3.5464683	-9.390234	-10.696025	-1.3057909
BCCDDDCDCDDDDCDDABBDABCABDBACBDCAADDABCABACBCCABCACBCCCCCBDBACDBBBCBBBACCACADAACCCBABADBCCAAABBCCBB	['C19B', 'C37A', 'A63D', 'C69B']	4	-3.5470996	-8.1122055	-9.418627	-1.3064213
BCCDDDCDCDDDDCDDABCDABCABDBACDDCAADDABCABACBCCABCACBCCCCCBDBACCBBBCBCBACCACACAACCCBABADBCCAAABBCCBB	['B30D', 'C37A', 'A63C', 'D77C']	4	-3.5480947	-6.622259	-7.9296627	-1.3074036
BCCDDDCDCDDDDCDCABCCABCABDBACBDCAADACBAABACBCCABCACBCCCCCBDBADDCBBCBCCACCACADAACCCBABADBCBAAABBCCBB	['D16C', 'D20C', 'D36A', 'C39A', 'C62D', 'A63D', 'B64C', 'B70C', 'C90B']	9	-3.5484529	-8.479251	-9.787023	-1.3077717
BCCDDDCDCDDDBCDDABCDABCABDBACBDCAADACBCABACBCCABCACBCCCCCBDBADDBBBCBCBABCACADAACCCBABADBCCAAABBCCBB	['D13B', 'D36A', 'C62D', 'A63D', 'C72B']	5	-3.5494094	-8.290386	-9.599116	-1.3087301
BCCDDDCDCDDDDCCDABCDABCABDBACBDCAADDABCABACBCCABCACBCCCCCBDBADABBBCBCBACCACACAACCCBABADBCCAAABBCCBB	['D15C', 'C37A', 'C62D', 'D77C']	4	-3.5495071	-5.8541226	-7.1629496	-1.3088269
BCCDDDCDCDDBDCDDABBDABCABDBACBDCAACACBCABACBCCABCACBCCCCCBDBACACBBCBCBACCACADAACCCBABADBCCAAABBCCBB	['D12B', 'C19B', 'D35C', 'D36A', 'B64C']	5	-3.5503526	-8.584386	-9.894055	-1.3096695
BCCDDDCDCDDDDCDDABCDABCABDBACBDCAADDABCABACBCCABCACBCCCCDBDBACDBBBCBBBACCACADAACCCBABADBCCAAABBCCBB	['C37A', 'C57D', 'A63D', 'C69B']	4	-3.5506282	-9.078384	-10.388332	-1.309948
BCCDDDCDCDDCDDDDABCDABCABDBACDDCAACABBCABACBCCABCACBCCCCCBDBACDBBBCBCBACCACADAACCCBABADBCCAABBBCCBB	['D12C', 'C14D', 'B30D', 'D35C', 'D36A', 'C37B', 'A63D', 'A93B']	8	-3.5506964	-6.77541	-8.085421	-1.3100104
BCCDDDCDCDDDDCDDABCDABCABDBACBDCAACDBBCABACBCCABCACBCCCCCBDBACABBBCBCBCCCACADAACCCBABADBCCAAABBCCBB	['D35C', 'C37B', 'A71C']	3	-3.5507746	-7.249628	-8.559723	-1.3100948
AAADDDCDCDDDDCDDABBDABCABDBACBDCDADDABCABACBCCABCACBCCCCCBBBACACBBCBCBACCACADAACCCBABADBCCAAABBCCBB	['B1A', 'C2A', 'C3A', 'C19B', 'A33D', 'C37A', 'D59B', 'B64C']	8	-3.551742	-8.929442	-10.240506	-1.3110638
BCCDDDCDCDDDDCCDABCDABCABDBACBDCAADDBBCABACBCCABCACBCCCCCBDCACDBBBCBCBACCACADAACCCBABADBCCAAABBCCBB	['D15C', 'C37B', 'B60C', 'A63D']	4	-3.5524602	-7.8302765	-9.142054	-1.3117771
AAADDDCDCDDDDCDDABCDABCABDBACBDCAACDCBCABACBCCABCACBCCCCCBDBACDDBBCBCBACCACADAACCCBABADBCCAAABBCCBB	['B1A', 'C2A', 'C3A', 'D35C', 'A63D', 'B64D']	6	-3.5529523	-11.101419	-12.413694	-1.3122749
BCCDDDCDCDDDDDDDABCDABCABDBACBDCAACDCBCABACBCCABCACBCCCCDBDBACDBBBCBCCACCACADAACCCBABADBCCAAABACCBB	['C14D', 'D35C', 'C57D', 'A63D', 'B70C', 'B95A']	6	-3.553053	-8.63048	-9.942852	-1.3123722
AAAADDCDCDDDDCDDABBDABCABDBACBDCAADDABCABACBCCABCACBCCCCCBDBACACBBCBDBAACACADAACCCBABADBCCAAABBCCBB	['B1A', 'C2A', 'C3A', 'D4A', 'C19B', 'C37A', 'B64C', 'C69D', 'C72A']	9	-3.554206	-9.731854	-11.045385	-1.3135309
BCCDDDCDCDDBDCCDABCDABCABDBACBDCAADDABCABACBCCABCACBCCCCCBDBACABBBCBCBACCACADAACCCBABADBCCAAABBCCBB	['D12B', 'D15C', 'C37A']	3	-3.5581307	-7.351475	-8.668925	-1.3174505
BCCDDDCDCDDDDCCCABCDABCABDBACBDCAADDCBCABACBCCABCACBCCCCCBDBADCCBBCBCBACCACADAACCCBABADBCCAAABBCCBB	['D15C', 'D16C', 'C62D', 'A63C', 'B64C']	5	-3.5599427	-9.241818	-10.561085	-1.3192663
AAAADDCDCDDDDCDDABCDABCABDBACBDCCADDABCABACBBCABCACBCCCCCBDBACDCBBCBCBACCACADAACCCBABADBCCAABBBCCBB	['B1A', 'C2A', 'C3A', 'D4A', 'A33C', 'C37A', 'C45B', 'A63D', 'B64C', 'A93B']	10	-3.560275	-9.674379	-10.993974	-1.3195944
AAADDDCDCCDDBCDDABCDABCABDBACBDCBADBBBCABACBCCAACACBCACCCBDCADABBACBDBBACACADAACCABABADBCCAAABBCCBB	['B1A', 'C2A', 'C3A', 'D10C', 'D13B', 'A33B', 'D36B', 'C37B', 'B48A', 'C54A', 'B60C', 'C62D', 'B66A', 'C69D', 'A71B', 'C72A', 'C82A']	17	-3.5609846	-10.042609	-11.362911	-1.320302
BCCDDDCDCDDDDCCDABCDABCABDBACBDCAADDABCACACBCCABCACBCCCCCBDBACCBBBCBCBAACACADAACCCBABADBCCAAABBCCBB	['D15C', 'C37A', 'B41C', 'A63C', 'C72A']	5	-3.561852	-7.826929	-9.148103	-1.3211737
BCCDDDCDCDDDDCDDABCDABCABDBACBDCAADDABCABACBCCABCACBCCCCCBDBACABBBCBCBACCACADAACCCBABADBCCAAABBCCBB	['C37A']	1	-3.5623336	-7.8252306	-9.146887	-1.3216562
BCCDDDCDCDDDDCDDABCDABCABDBACBDCAADDABCABACBCCABCACBCCCCCBDBACABBBCBCBACCACADAACCCBABADBCCAAABBCCBB	['C37A']	1	-3.5623336	-7.8252306	-9.146887	-1.3216562
BCCDDDCDCDDDDCDDABCDABCABDBACBDCAADDABCABACBCCABCACBCCCCCBDBACABBBCBCBACCACADAACCCBABADBCCAAABBCCBB	['C37A']	1	-3.5623336	-7.8252306	-9.146887	-1.3216562
BCCDDDCDCDDDDCDDABCDABCABDBACBDCAADDABCABACBCCABCACBCCCCCBDBACABBBCBCBACCACADAACCCBABADBCCAAABBCCBB	['C37A']	1	-3.5623336	-7.8252306	-9.146887	-1.3216562
BCCDDDCDCDDDDCDDABCDABCABDBACBDCAADDABCABACBCCABCACBCCCCCBDBACABBBCBCBACCACADAACCCBABADBCCAAABBCCBB	['C37A']	1	-3.5623336	-7.8252306	-9.146887	-1.3216562
BCCDDDCDCDDDDCDDABCDABCABDBACBDCAADDABCABACBCCABCACBCCCCCBDBACABBBCBCBACCACADAACCCBABADBCCAAABBCCBB	['C37A']	1	-3.5623336	-7.8252306	-9.146887	-1.3216562
BCCDDDCDCDDDDCDDABCDABCABDBACBDCAADDABCABACBCCABCACBCCCCCBDBACABBBCBCBACCACADAACCCBABADBCCAAABBCCBB	['C37A']	1	-3.5623336	-7.8252306	-9.146887	-1.3216562
BCCDDDCDCDDBDCDCABBDABCABDBACBDCAADCABBACACBCCABCACBCCCCCBDBACACBBCBCBADCACACAACCCBABADBCCAAABBCCBB	['D12B', 'D16C', 'C19B', 'D36C', 'C37A', 'C39B', 'B41C', 'B64C', 'C72D', 'D77C']	10	-3.5625997	-7.759978	-9.081891	-1.3219132
AAADDDCDCDDDDDDDABCDABCABDBACBDCAACDCBCABACBCCABCACBCCCCCBDBACDBBBCBCCACCACADAACCCBABADBCCAAABBCCBB	['B1A', 'C2A', 'C3A', 'C14D', 'D35C', 'A63D', 'B70C']	7	-3.5626688	-10.061298	-11.383289	-1.321991
BCCDDDCDCDDDDCDDABCDABCABDBACBDCAACDBBCABACBCCABCACBCCCCCBDBACDBBACBCBCCCACADAACCCBABADBCCAAABBCCBB	['D35C', 'C37B', 'A63D', 'B66A', 'A71C']	5	-3.564489	-8.149757	-9.47356	-1.323803
BCCDDDCDCDDADADDABCDABCABDBACBDCAADDCBCABACBCCABCACBCCCCCBDBACDCBBCBCBACCACACAACCCBABADBCCAAABBCCBB	['D12A', 'C14A', 'A63D', 'B64C', 'D77C']	5	-3.5648355	-8.923919	-10.248075	-1.3241558
BCCDDDCDCDDADCDDABDDABCABDBACBDCAADDCBCABACBCCABCACBCCCCCBDBACDBBBCBCBACCACACAACCCBABADBCCAAABBCCBB	['D12A', 'C19D', 'A63D', 'D77C']	4	-3.5666685	-7.7536464	-9.079632	-1.3259854
BCCDDDCDCDDADCDDABCDABCABDBACBDCAADDABCACACBCCABCACBCCCCCBDBADDBBBCBCBACCACACAACCCBABADBCCAABBBCCBB	['D12A', 'C37A', 'B41C', 'C62D', 'A63D', 'D77C', 'A93B']	7	-3.5691714	-7.614098	-8.942591	-1.3284926
BCCDDDCDCDDDDCDDBBCDABCABDBACBDCAADDABCACACBCCABCACBCCCCCBDBACDBBBCBCBACCACACAACCCBABADBCCAABBBCCBB	['A17B', 'C37A', 'B41C', 'A63D', 'D77C', 'A93B']	6	-3.5724998	-7.4447875	-8.776612	-1.3318248
BCCDDDCDCDDDDCDDABCDABCABDBACBDCAACDABCACACBCCABCACBCCCCCBDBDCACBBCBCBACCACADAACCCBABADBCCAAABBCCBB	['D35C', 'C37A', 'B41C', 'A61D', 'B64C']	5	-3.5760808	-9.183081	-10.518481	-1.3354006
BCCDDDCDCDDDDDCDABCDABCABDBACBDCAADDCBCABACBCCABCACBCCCCCBDBACCBDBCBCBACCACADAACCCBABADBCCAAABBCCBB	['C14D', 'D15C', 'A63C', 'B65D']	4	-3.576118	-8.23188	-9.567322	-1.3354416
BCCDDDCDCDDCDDDDABCDABCABDBACBDCAADDABCACACBCCABCACBCCCCCBDBACCBBBCBCBACCACADAACCCBABADBCCAAABBCCBB	['D12C', 'C14D', 'C37A', 'B41C', 'A63C']	5	-3.577682	-9.416351	-10.753358	-1.3370066
BCCDDDCDCDDDDCDDABCDABCABDBACBDCAADDABCABACBCCABCACBCCCCCBDBACDDBBCBCBACCACADAACCCBABADBCCAAABBCCBB	['C37A', 'A63D', 'B64D']	3	-3.5792136	-9.002568	-10.3411045	-1.3385363
BCCDDDCDCDDDDCDDABCDABCABDBACBDCAADDABCABACBCCABCACBCCCCCBDBADDBBBCBCBACCACADAACCCBABADBCCAAABBCCBB	['C37A', 'C62D', 'A63D']	3	-3.5800633	-8.57734	-9.916727	-1.3393869
BCCDDDCDCDDDDCDDABCDABCABDBACBDCAACDBBCABACBCCABCACBCCCCDBDBACDBDBCBCBACCACADAACCCBABADBCCAAABBCCBB	['D35C', 'C37B', 'C57D', 'A63D', 'B65D']	5	-3.5809941	-8.802876	-10.143191	-1.3403149
BCCDDDCDCDDDDCDDABCDABCABDBACBDCAACDBBCABACBCCABCACBCCCCDBDBACDBDBCBCBACCACADAACCCBABADBCCAAABBCCBB	['D35C', 'C37B', 'C57D', 'A63D', 'B65D']	5	-3.5809941	-8.802876	-10.143191	-1.3403149
BCCDDDCDCDDDDCDDABCDABCABDBACBDCAACDCBCABACBCCABCACBCCCCDBDBACDBBBCBCBACCACADAACCCBABADBCCAAABBCCBB	['D35C', 'C57D', 'A63D']	3	-3.5825963	-9.098867	-10.4407835	-1.3419161
BCCDDDCDCDDDDCDDABCDABCABDBACBDCAACDCBCABACBCCABCACBCCCCDBDBACDBBBCBCBACCACADAACCCBABADBCCAAABBCCBB	['D35C', 'C57D', 'A63D']	3	-3.5825963	-9.098867	-10.4407835	-1.3419161
BCCDDDCDCDDDDCDDABCDABCABDBACBDCAACDCBCABACBCCABCACBCCCCDBDBACDBBBCBCBACCACADAACCCBABADBCCAAABBCCBB	['D35C', 'C57D', 'A63D']	3	-3.5825963	-9.098867	-10.4407835	-1.3419161
BCCDDDCDCDDDDCDDABCDABCABDBACBDCAACDCBCABACBCCABCACBCCCCDBDBACDBBBCBCBACCACADAACCCBABADBCCAAABBCCBB	['D35C', 'C57D', 'A63D']	3	-3.5825963	-9.098867	-10.4407835	-1.3419161
BCCDDDCDCDDDDCDDABCDABCABDBACBDCAACDCBCABACBCCABCACBCCCCDBDBACDBBBCBCBACCACADAACCCBABADBCCAAABBCCBB	['D35C', 'C57D', 'A63D']	3	-3.5825963	-9.098867	-10.4407835	-1.3419161
BCCDDDCDCDDDDCDDABCDABCABDBACBDCAACDCBCABACBCCABCACBCCCCDBDBACDBBBCBCBACCACADAACCCBABADBCCAAABBCCBB	['D35C', 'C57D', 'A63D']	3	-3.5825963	-9.098867	-10.4407835	-1.3419161
BCCDDDCDCDDDDCDDABCDABCABDBACBDCAACDCBCABACBCCABCACBCCCCDBDBACDBBBCBCBACCACADAACCCBABADBCCAAABBCCBB	['D35C', 'C57D', 'A63D']	3	-3.5825963	-9.098867	-10.4407835	-1.3419161
BCCDDDCDCDDDDCDDABCDABCABDBACBDCAACDCBCABACBCCABCACBCCCCDBDBACDBBBCBCBACCACADAACCCBABADBCCAAABBCCBB	['D35C', 'C57D', 'A63D']	3	-3.5825963	-9.098867	-10.4407835	-1.3419161
BCCDDDCDCDDDDCDDABCDABCABDBACBDCAACDCBCABACBCCABCACBCCCCDBDBACDBBBCBCBACCACADAACCCBABADBCCAAABBCCBB	['D35C', 'C57D', 'A63D']	3	-3.5825963	-9.098867	-10.4407835	-1.3419161
BCCDDDCDCDDDDCDDABCDABCABDBACBDCAACDCBCABACBCCABCACBCCCCDBDBACDBBBCBCBACCACADAACCCBABADBCCAAABBCCBB	['D35C', 'C57D', 'A63D']	3	-3.5825963	-9.098867	-10.4407835	-1.3419161
BCCDDDCDCDDDDCDDABCDABCABDBACBDCAACDCBCABACBCCABCACBCCCCDBDBACDBBBCBCBACCACADAACCCBABADBCCAAABBCCBB	['D35C', 'C57D', 'A63D']	3	-3.5825963	-9.098867	-10.4407835	-1.3419161
BCCDDDCDCDDDDCDDABCDABCABDBACBDCAACDCBCABACBCCABCACBCCCCDBDBACDBBBCBCBACCACADAACCCBABADBCCAAABBCCBB	['D35C', 'C57D', 'A63D']	3	-3.5825963	-9.098867	-10.4407835	-1.3419161
BCCDDDCDCDDADCCDABBDABCABDBACBDCAACACBCABACBCCABCACBCCCCCBDBADCBBBCBCBADCACACAACCDBABADBDCAAABBCCBB	['D12A', 'D15C', 'C19B', 'D35C', 'D36A', 'C62D', 'A63C', 'C72D', 'D77C', 'C82D', 'C89D']	11	-3.5841527	-7.6517577	-8.995233	-1.3434749
BCCDDDCDCDDDDCDDABCDABCABDBACBDCAACDBBCABACBCCABCACBCCCCCBDBACDBBBCBCCACCACADAACCCBABADBCCAAABBCCBB	['D35C', 'C37B', 'A63D', 'B70C']	4	-3.584653	-7.8106875	-9.154659	-1.3439717
BCCDDDCDCDDDDCDDABCDABCABDBACBDCAACDBBCABACBCCABCACBCCCCCBDBACDBBBCBCCACCACADAACCCBABADBCCAAABBCCBB	['D35C', 'C37B', 'A63D', 'B70C']	4	-3.584653	-7.8106875	-9.154659	-1.3439717
BCCDDDCDCDDDDCCDABCDABCABDBACBDCAADDCBAABACBCCABCACBCCCCCBDBADDBBBCBCBACCACADAACCCBABADBCCAAABBCCBB	['D15C', 'C39A', 'C62D', 'A63D']	4	-3.5850234	-7.800161	-9.144505	-1.3443437
BCCDDDCDCCDBDCDDABBDABCABDBACBDCBADDCBCABACBCCAACACBACCCCBDBACDBBBCBCBACCACADAACCBBABADBCCAAABBCCBB	['D10C', 'D12B', 'C19B', 'A33B', 'B48A', 'C53A', 'A63D', 'C82B']	8	-3.5874772	-9.0328665	-10.379658	-1.3467913
BCCDDDCDCDDBDCDDABBDABCABDBACBDCAADDCBDABACBCCABCACBCCCCCBDBACDBBBCBCBACCACADAACCCBABADBCCAAABBCCBB	['D12B', 'C19B', 'C39D', 'A63D']	4	-3.5893922	-8.40943	-9.7581415	-1.348712
BCCDDDCDCDDDDCCDABCDABCABDBACDDCAADACBCACACBCCABCACBCCCCCBDBACABBBCCABACCACADAACCCBABADBCCAABBBCCBB	['D15C', 'B30D', 'D36A', 'B41C', 'B68C', 'C69A', 'A93B']	7	-3.5949945	-5.5679893	-6.9222984	-1.3543091
BCCDDDCDCDDDDCDDABCDABCABDBACBDCAACDCBCABACBCCABCACBCCCCCBDBADDDBBCBCBCACACADAACCCBABADBCCAAABBCCBB	['D35C', 'C62D', 'A63D', 'B64D', 'A71C', 'C72A']	6	-3.5961208	-8.556017	-9.91146	-1.355443
AAADDDCDCDDDDCCDABCDABCABDBACBDCAADDCBCABACBCCABCACBCCCCCBDCCCDBBBCBCBACCACADAACCCBABADBCCAAABBCCBB	['B1A', 'C2A', 'C3A', 'D15C', 'B60C', 'A61C', 'A63D']	7	-3.5965571	-10.104712	-11.460594	-1.3558826
BCCDDDCDCDDDDCDDABCDABCABDBACBDCAADDABCACACBCCABCACBCCCCCBDBACABBBCBCBACCACADAACCCBABADBCCAAABBCCBB	['C37A', 'B41C']	2	-3.597979	-7.943819	-9.301118	-1.3572989
BCCDDDCDCDDDDCDDABCDABCABDBACBDCAADDABCACACBCCABCACBCCCCCBDBACABBBCBCBACCACADAACCCBABADBCCAAABBCCBB	['C37A', 'B41C']	2	-3.597979	-7.943819	-9.301118	-1.3572989
BCCDDDCDCDDDDCDCABCDABCABDBACBDCAADDCBCABACBCCABCACBCCCCCBDBADCBBBCBCBABCACACAACCCBABADBCCAAABBCCBB	['D16C', 'C62D', 'A63C', 'C72B', 'D77C']	5	-3.6004553	-8.59783	-9.957609	-1.3597794
BCCDDDCDCDDDDCDDABCDABCABDBACBDCAADACBCABACBCCABCACBCCCCCBDBADAABBCBCBACCACADAACCDBABADBCCAAABBCCBB	['D36A', 'C62D', 'B64A', 'C82D']	4	-3.601564	-8.7160225	-10.076903	-1.3608809
BCCDDDCDCDDDDCDDABCDABCABDBACBDCAADACBCABACBCCABCACBCCCCCBDBADAABBCBCBACCACADAACCDBABADBCCAAABBCCBB	['D36A', 'C62D', 'B64A', 'C82D']	4	-3.601564	-8.7160225	-10.076903	-1.3608809
BCCDDDCDCDDBDCDDABCDABCABDBACBDCAADDABCACACBCCABCACBCCCCCBDBADDBBBCBBBACCACADAACCCBABADBCCAAABBCCBB	['D12B', 'C37A', 'B41C', 'C62D', 'A63D', 'C69B']	6	-3.6016126	-9.465159	-10.826095	-1.3609352
BCCDDDCDCDDDDCDDABCDABCABDBACBDCAADDCBCABACBCCABCACBCCCCCBDBACBBBBCBCBACCACADAACCCBABADBCCABABBCCBB	['A63B', 'A92B']	2	-3.6016426	-8.778957	-10.13992	-1.3609629
BCCDDDCDCDDDBCDDABCDABCABDBACBDCAACDBBCABACBCCABCACBCCCCCBDBACDABBCBCBACCACADAACCCBABADBCCAAABBCCBB	['D13B', 'D35C', 'C37B', 'A63D', 'B64A']	5	-3.6029544	-8.393173	-9.755448	-1.3622751
AAADDDCDCDDDDCDDABCDABCABDBACBDCAACABBCABACBCCABCACBCCCCCBDCACCBBBCBCBBCCACACAACCCBABADBCCAABBBCCBB	['B1A', 'C2A', 'C3A', 'D35C', 'D36A', 'C37B', 'B60C', 'A63C', 'A71B', 'D77C', 'A93B']	11	-3.6030412	-9.300246	-10.662614	-1.3623676
BCCDDDCDCDDDDCDDABCDABCABDBACBDCAADDCBCABACBCCABCACBCCCCCBDBCCDBBBCBCAACCACADAACCCBABADBCCAAABBCCBB	['A61C', 'A63D', 'B70A']	3	-3.605432	-8.690351	-10.055102	-1.3647518
BCCDDDCDCDDCDDDDABCDABCABDBACBDCAACDCBCABACBCCABCACBCCCCCBDBACDDBBCBBBACCACADAACCCBABADBCCAAABBCCBB	['D12C', 'C14D', 'D35C', 'A63D', 'B64D', 'C69B']	6	-3.6056447	-9.954136	-11.319102	-1.3649664
BCCDDDCDCDDDDCDDABDDABCABDBACBDCAACDCBCACACBCCABCACBCCCCCBDBACDBBACBCBACCACADAACCCBABADBCCAAABBCCBB	['C19D', 'D35C', 'B41C', 'A63D', 'B66A']	5	-3.6058865	-8.983897	-10.349102	-1.3652048
BCCDDDCDCDDDDCDDABCDABCABDBACBDCAACABBCABACBCCABCACBCCCCCBDBACDBBBABCBCDCACADAACCCBABADBCCAAABBCCBB	['D35C', 'D36A', 'C37B', 'A63D', 'C67A', 'A71C', 'C72D']	7	-3.6061902	-7.9491787	-9.314689	-1.36551
BCCDDDCDCDDDDCDDABBDABCABDBACBDCAACACBCABACBCCABCACBCCCCCBDBACDBBBCBCBACCACADAACCCBABADBCCAABBBCCBB	['C19B', 'D35C', 'D36A', 'A63D', 'A93B']	5	-3.6067705	-7.514869	-8.880959	-1.3660893
BCCDDDCDCCDDDCDDABCDABCABDBACBDCAACACBCACACBCCABCACBCCCCDBDBACCBBBCBCBACCACADAACCCBABADBCCAABBBCCAA	['D10C', 'D35C', 'D36A', 'B41C', 'C57D', 'A63C', 'A93B', 'B98A', 'B99A']	9	-3.6072025	-8.002328	-9.368853	-1.3665247
BCCDDDCDCDDBDCDDABCDABCABDBACBDCAADACBCABACBCCABCACBCCCCDBDCADDCBBCBCBACCACADAACCCBABADBCCAAABBCCBB	['D12B', 'D36A', 'C57D', 'B60C', 'C62D', 'A63D', 'B64C']	7	-3.6080365	-10.6295185	-11.996878	-1.3673592
BCCDDDCDCDDDDCDDABCDABCABDBACDDCAACCCBCABACBCCABCACBCCCCCBDBACDCBBCBCBACCACADAACCCBABADBCCAAABBCCBB	['B30D', 'D35C', 'D36C', 'A63D', 'B64C']	5	-3.6094546	-8.503285	-9.872048	-1.368763
BCCDDDCDCDDDDDDDABCDABCABDBACBDCAADDABCACACBCCABCACBCCCCCBDBADDDBBCBCBACCACACAACCCBABADBCCAAABBCCBB	['C14D', 'C37A', 'B41C', 'C62D', 'A63D', 'B64D', 'D77C']	7	-3.6139612	-8.059892	-9.433178	-1.3732862
BCCDDDCDCDDDDCDDABCDABCABDBACBDCAADDCBCABACBCCABCACBCCCCCBDBACABBBCBDBACCACADAACCCBABADBCCAAABBCCBB	['C69D']	1	-3.6144571	-8.07457	-9.448348	-1.3737783
BCCDDDCDCDDDDCDDABCDABCABDBACBDCAACDBBCABACBCCABCACBCCCCCBDBADDBBBCBBBCCCACADAACCCBABADBCCAAABBCCBB	['D35C', 'C37B', 'C62D', 'A63D', 'C69B', 'A71C']	6	-3.614668	-8.308734	-9.682726	-1.373992
BCCDDDCDCDDBDCDDABCDABCABDBACBDCAACDABCABACBCCABCACBCCCCCBDBACDBBBCBCBACCACADAACCCBABADBCCAAABBCCBB	['D12B', 'D35C', 'C37A', 'A63D']	4	-3.614781	-9.403094	-10.777195	-1.3741007
BCCDDDCDCDDDDCDDABCDABCABDBACBDCAADDABCACACBCCABCACBCCCCCBDBACDDBBCBCBACCACADAACCCBABADBCCAAABBCCBB	['C37A', 'B41C', 'A63D', 'B64D']	4	-3.6148582	-9.121157	-10.495337	-1.3741798
AAADDDCDCDDDDCDDABCDABCABDBACBDCAACDABCABACBCCABCACBCCCCCBDBACDBBBCBBBACCACADAACCCBABADBCCAAABBCCBB	['B1A', 'C2A', 'C3A', 'D35C', 'C37A', 'A63D', 'C69B']	7	-3.6168132	-11.01923	-12.395366	-1.3761358
AAADDDCDCDDDDCDDABCDABCABDBACBDCAACDABCABACBCCABCACBCCCCCBDBACDBBBCBBBACCACADAACCCBABADBCCAAABBCCBB	['B1A', 'C2A', 'C3A', 'D35C', 'C37A', 'A63D', 'C69B']	7	-3.6168132	-11.01923	-12.395366	-1.3761358
BCCDDDCDCDDDDCCDABCDABCABDBACBDCAADDABCABACBCCABCACBCCCCCBDBACABBBCBCBACCACADAACCCBABADBCCAAABBCCBB	['D15C', 'C37A']	2	-3.6183915	-6.8892436	-8.266954	-1.3777108
BCCDDDCDCDDDDCCDABCDABCABDBACBDCAADDABCABACBCCABCACBCCCCCBDBACABBBCBCBACCACADAACCCBABADBCCAAABBCCBB	['D15C', 'C37A']	2	-3.6183915	-6.8892436	-8.266954	-1.3777108
BCCDDDCDCDDDDCCDABCDABCABDBACBDCAADDABCABACBCCABCACBCCCCCBDBACABBBCBCBACCACADAACCCBABADBCCAAABBCCBB	['D15C', 'C37A']	2	-3.6183915	-6.8892436	-8.266954	-1.3777108
BCCDDDCDCDDDDCCDABCDABCABDBACBDCAADDABCABACBCCABCACBCCCCCBDBACABBBCBCBACCACADAACCCBABADBCCAAABBCCBB	['D15C', 'C37A']	2	-3.6183915	-6.8892436	-8.266954	-1.3777108
BCCDDDCDCDDDDCCDABCDABCABDBACBDCAADDABCABACBCCABCACBCCCCCBDBACABBBCBCBACCACADAACCCBABADBCCAAABBCCBB	['D15C', 'C37A']	2	-3.6183915	-6.8892436	-8.266954	-1.3777108
BCCDDDCDCDDBBCDDABCDABCABDBACBDCAADACBCABACBCCABCACBCCCCCBDBACDBBBCBCBACCACADAACCCBABADBCCAAABBCCBB	['D12B', 'D13B', 'D36A', 'A63D']	4	-3.6198468	-8.379801	-9.758968	-1.3791676
BCCDDDCDCDDDDCCDABBDABCABDBACBDCAACDBBCABACBCCABCACBCCCCCBDBACDBBBCBCBACCACADAACCCBABADBCCAAABBCCBB	['D15C', 'C19B', 'D35C', 'C37B', 'A63D']	5	-3.6207032	-6.6913176	-8.071338	-1.3800201
BCCDDDCDCDDBDCCDABCDABCABDBACBDCAACDBBCABACBCCABCACBCCCCCBDBACABBBCBCBACCACADAACCCBABADBCCAAABBCCBB	['D12B', 'D15C', 'D35C', 'C37B']	4	-3.621842	-7.1735735	-8.554733	-1.3811598
BCCDDDCDCDDDDCDDABCCABCABDBACDDCAACACBCACACBCCABCACBCCCCCBDBADDBBBCBCBACCACACAACCCBABADBCCAABBBCCBB	['D20C', 'B30D', 'D35C', 'D36A', 'B41C', 'C62D', 'A63D', 'D77C', 'A93B']	9	-3.6240458	-5.5502777	-6.933633	-1.3833551
BCCDDDCDCDDBDCDDABBDABCABDBACBDCAADDCBCACACBCCABCACBCCCCCBDBADABBBCBCBACCACADAACCCBABADBCCAAABBCCBB	['D12B', 'C19B', 'B41C', 'C62D']	4	-3.6255393	-7.557893	-8.942756	-1.3848629
BCCDDDCDCDDDDCDDABCDABCABDBACBDCAACDBBCABACBCCABCACBCCCCCBDBACABBBCBCBACCACADAACCCBABADBCCAAABBCCBB	['D35C', 'C37B']	2	-3.6260448	-7.6473293	-9.032694	-1.3853645
BCCDDDCDCDDDDCDDABCDABCABDBACBDCAACDBBCABACBCCABCACBCCCCCBDBACABBBCBCBACCACADAACCCBABADBCCAAABBCCBB	['D35C', 'C37B']	2	-3.6260448	-7.6473293	-9.032694	-1.3853645
BCCDDDCDCDDDDCCDABCDABCABDBACBDCAACACBCABACBCCABCACBCCCCCBDBACDBBBCBCBACCACADAACCCBABADBCCAAABDCCBB	['D15C', 'D35C', 'D36A', 'A63D', 'B95D']	5	-3.6268344	-7.8934097	-9.279565	-1.3861551
BCCDDDCDCDDDDCCDABCDABCABDBACBDCAACACBCABACBCCABCACBCCCCCBDBACDBBBCBCBACCACADAACCCBABADBCCAAABDCCBB	['D15C', 'D35C', 'D36A', 'A63D', 'B95D']	5	-3.6268344	-7.8934097	-9.279565	-1.3861551
BCCDDDCDCDDDDCDDABCDABCABDBACBDCAACDBBCABACBCCABCACBCCCCCBDBACCBBBCBCBCCCACADAACCCBABADBCCAAABBCCBB	['D35C', 'C37B', 'A63C', 'A71C']	4	-3.6283388	-8.405072	-9.792734	-1.3876619
BCCDDDCDCDDDDCDDABCDABCABDBACDDCAACACBCACACBCCABCACBCCCCCBDBADDBBBCBCBACCACACAACCCBABADBCCAABBBCCBB	['B30D', 'D35C', 'D36A', 'B41C', 'C62D', 'A63D', 'D77C', 'A93B']	8	-3.6297393	-6.0471735	-7.436222	-1.3890486
BCCDDDCDCDDDBCCDABCDABCABDBACBDCAACDCBCACACBCCABCACBCCCCCBDBADDBBBCBCBCCCACADAACCCBABADBCCAAABBCCBB	['D13B', 'D15C', 'D35C', 'B41C', 'C62D', 'A63D', 'A71C']	7	-3.6298857	-7.2021065	-8.591304	-1.3891973
BCCDDDCDCDDDBCDDABCDABCABDBACBDCAACDABCABACBCCABCACBCCCCCBDBACDBBBCBCBACCACADAACCCBABADBCCAAABBCCBB	['D13B', 'D35C', 'C37A', 'A63D']	4	-3.630301	-8.453243	-9.842865	-1.3896217
BCCDDDCDCDDBDCCDABBDABCABDBACBDCAADACBCABACBCCABCACBCCCCCBDCACDBBBCBCBACCACADAACCCBABADBCBAAABBCCBB	['D12B', 'D15C', 'C19B', 'D36A', 'B60C', 'A63D', 'C90B']	7	-3.6309605	-7.621337	-9.011615	-1.3902779
BCCDDDCDCDDDDCDDABCDABCABDBACBDCAADDCBCABABBCCABCACBCCCCCBDBACDBBBCBCBACCACADAACCCBABADBCCAAABBCCBB	['C43B', 'A63D']	2	-3.6318393	-8.903791	-10.294952	-1.391161
BCCDDDCDCDDDDCDDABCDABCABDBACBDCAACDCBCABACBCCABCACBCCCCCBDBACDBBBCBCBACCACADAACCCBABADBCCAAABBCCBA	['D35C', 'A63D', 'B99A']	3	-3.6350408	-9.114116	-10.508477	-1.3943615
BCCDDDCDCDDDDCDDABCDABCABDBACDDCAACDCBCABACBCCABCACBCCCCCBDBACDBBBCBCBACCACADAACCCBABADBCCAAABBCCBB	['B30D', 'D35C', 'A63D']	3	-3.6352744	-7.5815253	-8.976109	-1.3945832
BCCDDDCDCDDDDCDDABCDABCABDBACBDCAADACBCABACBCCABCACBCCCCCBDBACCBBBCBABACCACADAACCCBABADBCCAAABBCCBB	['D36A', 'A63C', 'C69A']	3	-3.635395	-9.296099	-10.69082	-1.394721
BCCDDDCDCDDDBCCDABCDABCABDBACBDCAACDBBCABACBCCABCACBCCCCCBDBACABBBCBCBACCACADAACCCBABADBCCAAABBCCBB	['D13B', 'D15C', 'D35C', 'C37B']	4	-3.637362	-6.2237253	-7.6204023	-1.396677
BCCDDDCDCDDADCDDABCDABCABDBACBDCCACDCBCACACBCCABCACBCCCCCBDBACDBBBCBCBCCCACADAACCCBABADBCCAABBBCCBB	['D12A', 'A33C', 'D35C', 'B41C', 'A63D', 'A71C', 'A93B']	7	-3.63913	-8.450363	-9.84881	-1.398447
BCCDDDCDCDDDDADDABCDABCABDBACBDCAADDCBCABABBCCABCACBCCCCCBDBADCBDBCBCBBACACACAACCCBABADBCCAABBBCCBB	['C14A', 'C43B', 'C62D', 'A63C', 'B65D', 'A71B', 'C72A', 'D77C', 'A93B']	9	-3.639708	-7.3771114	-8.776144	-1.3990326
BCCDDDCDCDDDDCDDABCDABCABDBACBDCAADDCBCABACBCCABCACBCCCCCBDBACCADBCBCBACCACADAACCCBABADBCCAAABBCCBB	['A63C', 'B64A', 'B65D']	3	-3.639789	-9.635385	-11.034491	-1.399106
BCCDDDCDCDDDDCDDABCDABCABDBACBDCAACDCBCABACBCCABCACBCCCCCBDBACABBBCBCBACCACADAACCCBABADBCCAAABBCCBB	['D35C']	1	-3.6404643	-8.152712	-9.552496	-1.3997841
BCCDDDCDCADDDDDDABCDABCABDBACDDCAAAACBCACACBCCABCACBCCCCCBDBACDBBBCBCBACCACADAACCCBABADBCCAAABBCCBB	['D10A', 'C14D', 'B30D', 'D35A', 'D36A', 'B41C', 'A63D']	7	-3.6405444	-6.521003	-7.92086	-1.399857
BCCDDDCDCDDDDDCCABCCABCABDBACBDCAADAABAADACBCCABCACBCCCCCBDBACABBBCBABACCACADAACCCBABADBCCAABBBCCBB	['C14D', 'D15C', 'D16C', 'D20C', 'D36A', 'C37A', 'C39A', 'B41D', 'C69A', 'A93B']	10	-3.6406546	-6.796381	-8.196354	-1.3999729
BCCDDDCDCDDDDCDCABCDABCABDBACBDCAADDCBAABACBCCABCACBCCCCCBDBACBBBBCBCBACCACACAACCCBABADBCCAAABBCCBB	['D16C', 'C39A', 'A63B', 'D77C']	4	-3.6408796	-8.213764	-9.613966	-1.4002018
BCCDDDCDCDDBDCDDABCDABCABDBACBDCAADDABCABACBCCABCACBCCCCDBDBDCBBBBCBCBAACACADAACCCBABADBCCAAABBCCBB	['D12B', 'C37A', 'C57D', 'A61D', 'A63B', 'C72A']	6	-3.6413398	-9.012596	-10.413258	-1.4006615
BCCDDDCDCDDDDCDDABCDABCABDBACBDCAADDBBCACACBCCABCACBCCCCDBDBADDBBBBBCBACCACADAACCCBABADBCCAAABBCCBB	['C37B', 'B41C', 'C57D', 'C62D', 'A63D', 'C67B']	6	-3.6418085	-7.9485416	-9.349671	-1.4011297
BCCDDDCDCDDDDCDDABCDABCABDBACBDCAACDBBCABACBCCABCACBCCCCCBDBACDDBBCBCBACCACADAACCCBABADBCCAAABBCCBB	['D35C', 'C37B', 'A63D', 'B64D']	4	-3.6429248	-8.824668	-10.226911	-1.4022427
BCCDDDCDCDDBDCDDABCDABCABDBACBDCDADCABCABACBCCABCACBCCCCCBDBBCACBBCBCBACCACADAACCCBABADBCCAAABBCCBB	['D12B', 'A33D', 'D36C', 'C37A', 'A61B', 'B64C']	6	-3.6442647	-7.2946024	-8.698183	-1.4035807
BCCDDDCDCDDDDCDDABCDABCABDBACBDCAADDBBCABACBCCAACACBCDCCCBDBACBBBBCBCBACCACACAACCBBABADBCCAAABBCCBB	['C37B', 'B48A', 'C54D', 'A63B', 'D77C', 'C82B']	6	-3.6446543	-9.463891	-10.867861	-1.4039698
BCCDDDCDCDDDDCDDABCDABCABDBACBDCAADDBBCABACBCCAACACBCDCCCBDBACBBBBCBCBACCACACAACCBBABADBCCAAABBCCBB	['C37B', 'B48A', 'C54D', 'A63B', 'D77C', 'C82B']	6	-3.6446543	-9.463891	-10.867861	-1.4039698
BCCDDDCDCDDDDCCDABBDABCABDBACBDCAADDCBCACACBCCABCACBCCCCCBDBACCBDBCBCBACCACADAACCCBABADBCCAAABBCCBB	['D15C', 'C19B', 'B41C', 'A63C', 'B65D']	5	-3.6484427	-7.564496	-8.972261	-1.4077654
BCCDDDCDCDDADCDDABCDABCABDBACBDCAADDCBCABACBCCABCACBCCCCCBDBACDBBBCBCBACCACACAACCCBABADBCCAAABBCCBB	['D12A', 'A63D', 'D77C']	3	-3.650607	-7.941177	-9.351106	-1.4099288
BCCDDDCDCDDADCDDABCDABCABDBACBDCAADDCBCABACBCCABCACBCCCCCBDBACDBBBCBCBACCACACAACCCBABADBCCAAABBCCBB	['D12A', 'A63D', 'D77C']	3	-3.650607	-7.941177	-9.351106	-1.4099288
BCCDDDCDCDDDDCCDABCDABCABDBACBDCAACDBBCABACBCCABCACBCCCCCBDBACDBDBCBCCACCACADAACCCBABADBCCAAABBCCBB	['D15C', 'D35C', 'C37B', 'A63D', 'B65D', 'B70C']	6	-3.6535292	-7.084094	-8.4969425	-1.4128485
BCCDDDCDCDDDDCCDABCDABCABDBACBDCAACDBBCABACBCCABCACBCCCCCBDBACDBDBCBCCACCACADAACCCBABADBCCAAABBCCBB	['D15C', 'D35C', 'C37B', 'A63D', 'B65D', 'B70C']	6	-3.6535292	-7.084094	-8.4969425	-1.4128485
BCCDDDCDCDDDDCCDABCDABCABDBACBDCAADDABCACACBCCABCACBCCCCCBDBACABBBCBCBACCACADAACCCBABADBCCAAABBCCBB	['D15C', 'C37A', 'B41C']	3	-3.654035	-7.0078306	-8.421188	-1.4133577
BCCDDDCDCDDDDCCDABCDABCABDBACBDCAADDABCACACBCCABCACBCCCCCBDBACABBBCBCBACCACADAACCCBABADBCCAAABBCCBB	['D15C', 'C37A', 'B41C']	3	-3.654035	-7.0078306	-8.421188	-1.4133577
BCCDDDCDCDDDDCCDABCDABCABDBACBDCAADDABCACACBCCABCACBCCCCCBDBACABBBCBCBACCACADAACCCBABADBCCAAABBCCBB	['D15C', 'C37A', 'B41C']	3	-3.654035	-7.0078306	-8.421188	-1.4133577
BCCDDDCDCDDDDCDDABCDABCABDBACBDCAADACBCABACBCCABCACBCCCCCBDBACDDBBCBCBACCACACAACCCBABADBCCAAABBCCBB	['D36A', 'A63D', 'B64D', 'D77C']	4	-3.6551151	-7.795296	-9.209729	-1.414433
BCCDDDCDCDDDDCDDABCDABCABDBACBDCAACABBCABACBCCABCACBCCCCCBDBACDBBBCBABACCACADAACCCBABADBCCAAABBCCBB	['D35C', 'D36A', 'C37B', 'A63D', 'C69A']	5	-3.6561193	-8.750902	-10.166342	-1.4154396
BCCDDDCDCDDDDCDDABCDABCABDBACBDCAACDCBCABACBCCABCACBCCCCCBDBACDDBBCBCBACCACADAACCCBABADBCCAAABBCCBB	['D35C', 'A63D', 'B64D']	3	-3.6573443	-9.3300495	-10.746714	-1.4166641
BCCDDDCDCDDDDCDDABCDABCABDBACBDCAACDCBCABACBCCABCACBCCCCCBDBACDDBBCBCBACCACADAACCCBABADBCCAAABBCCBB	['D35C', 'A63D', 'B64D']	3	-3.6573443	-9.3300495	-10.746714	-1.4166641
BCCDDDCDCDDDDCDDABCDABCABDBACBDCAACDCBCABACBCCABCACBCCCCCBDBACDDBBCBCBACCACADAACCCBABADBCCAAABBCCBB	['D35C', 'A63D', 'B64D']	3	-3.6573443	-9.3300495	-10.746714	-1.4166641
BCCDDDCDCDDDDCDDABCDABCABDBACBDCAACDCBCABACBCCABCACBCCCCCBDBACDDBBCBCBACCACADAACCCBABADBCCAAABBCCBB	['D35C', 'A63D', 'B64D']	3	-3.6573443	-9.3300495	-10.746714	-1.4166641
BCCDDDCDCDDDDCDDABCDABCABDBACBDCAACDCBCABACBCCABCACBCCCCCBDBADDBBBCBCBACCACADAACCCBABADBCCAAABBCCBB	['D35C', 'C62D', 'A63D']	3	-3.658194	-8.904821	-10.322337	-1.4175158
BCCDDDCDCDDBDCDDABBDABCABDBACBDCAADDCBCABACBCCABCACBCCCCCBDBACABBBCBDBACCACADAACCCBABADBCCAAABBCCBB	['D12B', 'C19B', 'C69D']	3	-3.658865	-7.724685	-9.142871	-1.4181857
BCCDDDCDCDDBDCDDABBDABCABDBACBDCAADDCBCABACBCCABCACBCCCCCBDBACABBBCBDBACCACADAACCCBABADBCCAAABBCCBB	['D12B', 'C19B', 'C69D']	3	-3.658865	-7.724685	-9.142871	-1.4181857
BCCDDDCDCDDBBCCCABCDABCABDBACBDCAADDCBBABACBCCABCACBCCCCCBDBADCBBBCBABACCACADAACCCBABADBCCAAABBCCBB	['D12B', 'D13B', 'D15C', 'D16C', 'C39B', 'C62D', 'A63C', 'C69A']	8	-3.66146	-8.719509	-10.140295	-1.4207859
BCCDDDCDCDDBDCCDABBDABCABDBACBDCAADDABCABACBCCABCACBCCCCCBDBACABBBCBCBACCACADAACCCBABADBCCAAABBCCBB	['D12B', 'D15C', 'C19B', 'C37A']	4	-3.6627975	-6.539359	-7.9614763	-1.4221172
BCCDDDCDCDDDDCDDABCDABCABDBACBDCDADDCBCABACBCCABCACBCCCCDBDBACDBBBCBCBACCACADAACCCBABADBCCAAABBCCBB	['A33D', 'C57D', 'A63D']	3	-3.663134	-7.900623	-9.323078	-1.4224553
BCCDDDCDCDDDDCDDABCDABCABDBACBDCAADDABCACACBCCABCACBCCCCDBDCBCDBBBCBCBACCACADAACCCBABADBCCAAABBCCBB	['C37A', 'B41C', 'C57D', 'B60C', 'A61B', 'A63D']	6	-3.6640067	-8.500441	-9.923772	-1.4233313
AAADDDCDCDDDDCCDABCDABCABDBACBDCAACDABCACACBCCABCACBCCCCCBDBACBBBBCBCBACCACADAACCCBABADBCCAAABBCCBB	['B1A', 'C2A', 'C3A', 'D15C', 'D35C', 'C37A', 'B41C', 'A63B']	8	-3.6661649	-10.092072	-11.517557	-1.4254856
BCCDDDCDCDDABCDDABBDABCABDBACBDCAADDABCABACBCCABCACBCCCCCBDBACACBBCBCBACCACADAACCCBABADBCCAAABBCCBB	['D12A', 'D13B', 'C19B', 'C37A', 'B64C']	5	-3.6661792	-7.8381844	-9.263683	-1.425499
BCCDDDCDCDDDDDDDABCDABCABDBACBDCAACABBCACACBCCABCACBCCCCCBDBACDBBBCBCCACCACADAACCCBABADBCCADABBCCBB	['C14D', 'D35C', 'D36A', 'C37B', 'B41C', 'A63D', 'B70C', 'A92D']	8	-3.6665497	-8.00969	-9.435553	-1.4258623
BCCDDDCDCDDDDCDDABBDABCABDBACBDCAADDABCABACBCCABCACBCCCCCBDBACABBBCBCBACCACADAACCCBABADBCCAAABBCCBB	['C19B', 'C37A']	2	-3.6670032	-7.013115	-8.43944	-1.4263248
BCCDDDCDCDDDDCDDABBDABCABDBACBDCAADDCBCACACBCCABCACBCCCCCBDBBDDBDBCBCBCCCACADAACCCBABADBCCABABBCCBB	['C19B', 'B41C', 'A61B', 'C62D', 'A63D', 'B65D', 'A71C', 'A92B']	8	-3.6681848	-6.6199856	-8.047491	-1.4275055
BCCDDDCDCDDDDCCDABCDABCABDBACDDCAADDABCABACBCCABCACBCCCCDBDCCCDBBBCBCBACCACADAACCCBABADBCCAABBBCCBB	['D15C', 'B30D', 'C37A', 'C57D', 'B60C', 'A61C', 'A63D', 'A93B']	8	-3.6691432	-6.7184405	-8.146899	-1.4284587
BCCDDDCDCDDDDCCDABCDABCABDBACDDCAADDABCABACBCCABCACBCCCCDBDCCCDBBBCBCBACCACADAACCCBABADBCCAABBBCCBB	['D15C', 'B30D', 'C37A', 'C57D', 'B60C', 'A61C', 'A63D', 'A93B']	8	-3.6691432	-6.7184405	-8.146899	-1.4284587
BCCDDDCDCCDDDCDDABCDABCABDBACBDCAACACBCABACBCCAACACBCACCCBDBACDBBBCBCBBCCACADAACCBBABADBCCAAABBCCBB	['D10C', 'D35C', 'D36A', 'B48A', 'C54A', 'A63D', 'A71B', 'C82B']	8	-3.669323	-9.3661585	-10.7948	-1.4286413
BCCDDDCDCDDDDCDDABCDABCABDBACDDCAACABBCABACBCCABCACBCCCCDBDBACDBBBCBCBCCCACADAACCCBABADBCBAAABBCCBB	['B30D', 'D35C', 'D36A', 'C37B', 'C57D', 'A63D', 'A71C', 'C90B']	8	-3.6734538	-6.4680624	-7.9008274	-1.432765
BCCDDDCDCDDDBCDDABCCABCABDBACBDCAADACBCABACBCCABCACBCCCCCBDBACDBBBCBCBACCACADAACCCBABADBCCAAABBCCBB	['D13B', 'D20C', 'D36A', 'A63D']	4	-3.674415	-7.4206758	-8.854406	-1.4337306
BCCDDDCDCDDDDCDDABCDABCABDBACBDCAACDABCABACBCCABCACBCCCCCBDBACDBBBCBCBACCACADAACCCBABADBCCAAABBCCBB	['D35C', 'C37A', 'A63D']	3	-3.6750417	-8.940864	-10.375225	-1.4343615
BCCDDDCDCDDDDCDDABCDABCABDBACBDCAACDABCABACBCCABCACBCCCCCBDBACDBBBCBCBACCACADAACCCBABADBCCAAABBCCBB	['D35C', 'C37A', 'A63D']	3	-3.6750417	-8.940864	-10.375225	-1.4343615
BCCDDDCDCDDDDCDDABCDABCABDBACBDCAACDABCABACBCCABCACBCCCCCBDBACDBBBCBCBACCACADAACCCBABADBCCAAABBCCBB	['D35C', 'C37A', 'A63D']	3	-3.6750417	-8.940864	-10.375225	-1.4343615
BCCDDDCDCDDDDCDDABCDABCABDBACBDCAACDABCABACBCCABCACBCCCCCBDBACDBBBCBCBACCACADAACCCBABADBCCAAABBCCBB	['D35C', 'C37A', 'A63D']	3	-3.6750417	-8.940864	-10.375225	-1.4343615
BCCDDDCDCDDDDCDDABCDABCABDBACBDCAACDABCABACBCCABCACBCCCCCBDBACDBBBCBCBACCACADAACCCBABADBCCAAABBCCBB	['D35C', 'C37A', 'A63D']	3	-3.6750417	-8.940864	-10.375225	-1.4343615
BCCDDDCDCDDDDCDDABCDABCABDBACBDCAADDCBCABACBCCABCACBCCCCCBDBADCDBBCBCCACCACACAACCCBABADBCCAAABBCCBB	['C62D', 'A63C', 'B64D', 'B70C', 'D77C']	5	-3.6779895	-7.706012	-9.143321	-1.4373093
BCCDDDCDCDDDBCDDABCDABCABDBACBDCAADACBCABACBCCABCACBCCCCCBDBACDBBBCBCBACCACADAACCCBABADBCCAAABBCCBB	['D13B', 'D36A', 'A63D']	3	-3.6801066	-7.9175706	-9.3569975	-1.4394269
BCCDDDCDCDDDBCDDABCDABCABDBACBDCAADACBCABACBCCABCACBCCCCCBDBACDBBBCBCBACCACADAACCCBABADBCCAAABBCCBB	['D13B', 'D36A', 'A63D']	3	-3.6801066	-7.9175706	-9.3569975	-1.4394269
BCCDDDCDCDDDDCDDABCDABCABDBACBDCDADDABCABACBCCABCACBCCCCCBDBACACBBCBCBACCACADDACCCBABADBCCAAABBCCBB	['A33D', 'C37A', 'B64C', 'A78D']	4	-3.6804094	-7.984932	-9.42466	-1.4397278
BCCDDDCDCDDDDCDDABCDABCABDBACBDCDADDCBCABACBCCABCACBCCCCCBDBACDBBBCBDBACCCCADAACCCBABADBCCAAABBCCBB	['A33D', 'A63D', 'C69D', 'A74C']	4	-3.6810179	-8.545856	-9.986194	-1.4403372
BCCDDDCDCDDDDCCDABCDABCABDBACBDCAACDBBCABACBCCABCACBCCCCCBDBACABBBCBCBACCACADAACCCBABADBCCAAABBCCBB	['D15C', 'D35C', 'C37B']	3	-3.6821027	-6.7113423	-8.152762	-1.4414201
BCCDDDCDCDDDDCDDABCDABCABDBACBDCAADDCBCABACBCCABCACBCBCCDBDBACDBBBCBCBACCACADAACCCBABADBCCAAABBCCBB	['C54B', 'C57D', 'A63D']	3	-3.6822085	-9.516064	-10.957592	-1.4415283
BCCDDDCDCDDDDCDDABCDABCABDBACBDCAACDCBCABACBCCABCACBCCCCCBDBACCABBCBCBADCACADAACCCBABADBCCAAABBCCBB	['D35C', 'A63C', 'B64A', 'C72D']	4	-3.68402	-9.780263	-11.223602	-1.4433393
BCCDDDCDCDDBDCDDABBDABCABDBACBDCAADDABCABACBCCABCACBCCCCCBDBACCBBBCBCBACCACADAACCCBABADBCCAAABBCCBB	['D12B', 'C19B', 'C37A', 'A63C']	4	-3.6843047	-8.630793	-10.074422	-1.4436293
BCCDDDCDCDDBBDDCABCDABCABDBACBDCAACDABCABACBCCABCACBCCCCCBDBACACBBCBCBACCACADAACCCBABADBCCAAABBCCBB	['D12B', 'D13B', 'C14D', 'D16C', 'D35C', 'C37A', 'B64C']	7	-3.6849275	-9.330414	-10.774661	-1.4442472
BCCDDDCDCDDDDDCDABCDABCABDBACBDCAADDABCABACBCCABCACBCCCCCBDBACABBBCBCBACCACADAACCCBABADBCCAAABBCCBB	['C14D', 'D15C', 'C37A']	3	-3.686379	-6.863101	-8.308797	-1.4456959
BCCDDDCDCDDDDCDDABCDABCABDBACBDCAACDABCABACBCCABCACBCCCCCBDBACDBDBCBCBACCACADAACCCBABADBCCAAABBCCBB	['D35C', 'C37A', 'A63D', 'B65D']	4	-3.687861	-9.150256	-10.597438	-1.4471817
BCCDDDCDCCDDDCCCABCDABCABDBACBDCAADDABCABACBCCAACACBCCCCCBDBACCBBBCBCBACCACADAACCBBABADBCCAABBBCCBB	['D10C', 'D15C', 'D16C', 'C37A', 'B48A', 'A63C', 'C82B', 'A93B']	8	-3.6887536	-8.212659	-9.660733	-1.4480743
BCCDDDCDCCDDBCCCABCBABCABDBACBDCAACACBCACACBCCABCACBCCCCDBDBDCCBBBCBCBDACACADAACCCBABADBCCAAABBCCBB	['D10C', 'D13B', 'D15C', 'D16C', 'D20B', 'D35C', 'D36A', 'B41C', 'C57D', 'A61D', 'A63C', 'A71D', 'C72A']	13	-3.6932225	-5.6163282	-7.06886	-1.4525318
BCCDDDCDCDDCDDDDABCDABCABDBACBDCAADDABCABACBBCABCACBCCCCCBDBACDBBBCCCBACCACACAACCCBABADBCCAABBBCCBB	['D12C', 'C14D', 'C37A', 'C45B', 'A63D', 'B68C', 'D77C', 'A93B']	8	-3.69344	-6.3250365	-7.777791	-1.4527545
BCCDDDCDCDDADCDDABCDABCABDBACDDCAADDABCABACBCCABCACBCCCCCBDBADDBBBCBCBACCACACAACCCBABADBCCAABBBCCBB	['D12A', 'B30D', 'C37A', 'C62D', 'A63D', 'D77C', 'A93B']	7	-3.6943994	-6.132233	-7.585943	-1.4537101
BCCDDDCDCDDDDCCDABCDABCABDBACBDCAACDCBCABACBCCABCACBCCCCCBDBACABBBCBCBACCACADAACCCBABADBCCAAABBCCBB	['D15C', 'D35C']	2	-3.6965222	-7.2167244	-8.6725645	-1.4558401
BCCDDDCDCDDDDCCDABCDABCABDBACBDCAACDCBCABACBCCABCACBCCCCCBDBACABBBCBCBACCACADAACCCBABADBCCAAABBCCBB	['D15C', 'D35C']	2	-3.6965222	-7.2167244	-8.6725645	-1.4558401
BCCDDDCDCDDDDCCDABCDABCABDBACBDCAACDCBCABACBCCABCACBCCCCCBDBACABBBCBCBACCACADAACCCBABADBCCAAABBCCBB	['D15C', 'D35C']	2	-3.6965222	-7.2167244	-8.6725645	-1.4558401
BCCDDDCDCDDDDCCDABCDABCABDBACBDCAACDCBCABACBCCABCACBCCCCCBDBACABBBCBCBACCACADAACCCBABADBCCAAABBCCBB	['D15C', 'D35C']	2	-3.6965222	-7.2167244	-8.6725645	-1.4558401
BCCDDDCDCDDDDCCDABCDABCABDBACBDCAACDCBCABACBCCABCACBCCCCCBDBACABBBCBCBACCACADAACCCBABADBCCAAABBCCBB	['D15C', 'D35C']	2	-3.6965222	-7.2167244	-8.6725645	-1.4558401
BCCDDDCDCDDADCDDABCDABCABDBACBDCAADDCBCABACBCCABCACBCCCCCBDBACDBBBCBBBACCACACAACCCBABADBCCAAABBCCBB	['D12A', 'A63D', 'C69B', 'D77C']	4	-3.6967707	-8.248177	-9.7042675	-1.4560909
AAADDDCDCDDDDDDDABCDABCABDBACBDCAACACBCACACBCCABCACBCCCCDBDBACABBBCBCBACCACADAACCCBABADBDCAAABBCCBB	['B1A', 'C2A', 'C3A', 'C14D', 'D35C', 'D36A', 'B41C', 'C57D', 'C89D']	9	-3.697112	-10.250094	-11.70653	-1.4564352
BCCDDDCDCDDDDCDDABCDABCABDBACBDCAADDBBCACACBCCABCACBCCCCCBDCACABBBCBCBACCACADAACCCBABADBCCAAABBCCBB	['C37B', 'B41C', 'B60C']	3	-3.6981158	-8.092762	-9.550195	-1.4574327
BCCDDDCDCDDDBCCDABBDABCABDBACBDCAADDABCABACBCCABCACBCCCCCBDBACCBBBCBAAACCACADAACCCBABADBCCAAABBCCBB	['D13B', 'D15C', 'C19B', 'C37A', 'A63C', 'C69A', 'B70A']	7	-3.6985364	-7.3439198	-8.801776	-1.4578562
BCCDDDCDCCDDDCDDABCCABCABDBACBDCAACACBCACACBCCAACACBCACCCBDBACDBBBCBCBBCCACADAACCBBABADBCCAAABBCCBB	['D10C', 'D20C', 'D35C', 'D36A', 'B41C', 'B48A', 'C54A', 'A63D', 'A71B', 'C82B']	10	-3.699274	-8.987852	-10.44644	-1.4585876
BCCDDDCDCDDDDDCDABCDABCABDBACBDCAACABBCABACBCCABCACBCCCCCBDBACABBBCBCBACCACADAACCCBABADBDCAAABBCCBB	['C14D', 'D15C', 'D35C', 'D36A', 'C37B', 'C89D']	6	-3.6992989	-6.764702	-8.223319	-1.4586172
BCCDDDCDCDDDDCDDABCDABCABDBACBDCAACDBBCABACBCCABCACBCCCCCBDBACCBBBCBCBACCACADAACCCBABADBCCAAABBCCBB	['D35C', 'C37B', 'A63C']	3	-3.703609	-8.802775	-10.265707	-1.4629316
BCCDDDCDCDDCDDDCABCDABCABDBACBDCAADBCBCABACBCCABCACBCCCCCBDBADCCBBCBCBACCACADAACCCBABADBCCAAABBCCBB	['D12C', 'C14D', 'D16C', 'D36B', 'C62D', 'A63C', 'B64C']	7	-3.7036748	-10.499659	-11.962659	-1.4630003
BCCDDDCDCDDCDDDDABCDABCABDBACBDCAACDABCABACBCCABCACBCCCCCBDBADABBBCBCBADCACADAACCCBABADBCCAAABBCCBB	['D12C', 'C14D', 'D35C', 'C37A', 'C62D', 'C72D']	6	-3.7053185	-8.456607	-9.9212475	-1.4646406
BCCDDDCDCDDDDCDDABCDABCABDBACBDCAACDCBCABACBCCABCACBCCCCDBDBACDBBBCBCCACCACADAACCCBABADBCCAAABBCCBB	['D35C', 'C57D', 'A63D', 'B70C']	4	-3.7072697	-8.470136	-9.936728	-1.4665918
BCCDDDCDCDDDDCDDABCDABCABDBACBDCAADDCBCABACBCCABCACBCCCBCBDBACCABBCBCBADCACADAACCCBABADBCCAAABBCCBB	['C56B', 'A63C', 'B64A', 'C72D']	4	-3.7077093	-9.477977	-10.945007	-1.4670305
BCCDDDCDCDDDDCDDABCDABCABDBACBDCAADDBBCABABBCCABCACBCCCCCBDBACABBBCBCBCCCACADAACCCBABADBCCAAABBCCBB	['C37B', 'C43B', 'A71C']	3	-3.7082148	-7.208615	-8.67615	-1.4675355
BCCDDDCDCDDDDCDDABCCABCABDBACBDCAADABBCABACBCCABCACBCCCCCBDBACBBBBCBCBACCACADAACCCBABADBCCAAABBCCBB	['D20C', 'D36A', 'C37B', 'A63B']	4	-3.708548	-7.6001463	-9.068012	-1.467866
BCCDDDCDCDDDDCCDABCDABCABDBACBDCAADABBCABACBCCABCACBCCCCDBDCCDDBBBCBCBCDCACADAACCCBABADBCCAABBBCCBB	['D15C', 'D36A', 'C37B', 'C57D', 'B60C', 'A61C', 'C62D', 'A63D', 'A71C', 'C72D', 'A93B']	11	-3.7092304	-6.9572544	-8.425799	-1.468545
BCCDDDCDCDDADCCDABCBABCABDBACBDCAACACBCACACBCCABCACBCCCCCBDBDCDBBBCBCBCACACADAACCCBABADBCBAAABBCCBB	['D12A', 'D15C', 'D20B', 'D35C', 'D36A', 'B41C', 'A61D', 'A63D', 'A71C', 'C72A', 'C90B']	11	-3.709456	-7.2503757	-8.719145	-1.4687691
AAADDDCDCDDBDCDDABCDABCABDBACBDCAACACBCACACBCCABCACBCCCCCBDCADDCBBCBCBACCACADAACCCBABADBCCAAABBCCBB	['B1A', 'C2A', 'C3A', 'D12B', 'D35C', 'D36A', 'B41C', 'B60C', 'C62D', 'A63D', 'B64C']	11	-3.709866	-12.688955	-14.158148	-1.4691925
BCCDDDCDCDDDDCDDABCDABCABDBACBDCAADABBCABACBCCABCACBCCCCCBDBACDBBBCBCBACCACADAACCCBABADBCCAAABBCCBB	['D36A', 'C37B', 'A63D']	3	-3.7104287	-7.899806	-9.3695545	-1.4697485
BCCDDDCDCDDDDCDDABCDABCABDBACBDCAADABBCABACBCCABCACBCCCCCBDBACDBBBCBCBACCACADAACCCBABADBCCAAABBCCBB	['D36A', 'C37B', 'A63D']	3	-3.7104287	-7.899806	-9.3695545	-1.4697485
BCCDDDCDCDDDDCDDABCDABCABDBACBDCAACDABCACACBCCABCACBCCCCCBDBACDBBBCBCBACCACADAACCCBABADBCCAAABBCCBB	['D35C', 'C37A', 'B41C', 'A63D']	4	-3.7106872	-9.059452	-10.529459	-1.470007
BCCDDDCDCDDDDCDDABCDABCABDBACBDCAACDABCACACBCCABCACBCCCCCBDBACDBBBCBCBACCACADAACCCBABADBCCAAABBCCBB	['D35C', 'C37A', 'B41C', 'A63D']	4	-3.7106872	-9.059452	-10.529459	-1.470007
BCCDDDCDCDDADCDDABBDABCABDBACBDCAADDABCABACBCCABCACBCCCCCBDBACACBBCBCBACCACADAACCCBABADBCCAAABBCCBB	['D12A', 'C19B', 'C37A', 'B64C']	4	-3.7109199	-8.325801	-9.796043	-1.4702425
BCCDDDCDCDDDDCCDABBDABCABDBACBDCAADDABCABACBCCABCACBCCCCDBDBACDBBBCBBBACCACADAACCCBABADBCCAAABBCCBB	['D15C', 'C19B', 'C37A', 'C57D', 'A63D', 'C69B']	6	-3.7113528	-7.3302817	-8.800961	-1.4706788
BCCDDDCDCDDDDCDDABCDABCABDBACBDCAACACBCABACBCCABCACBCCCCDBDBADBBBBCBCBBCCACADAACCCBABADBCCAABBBCCBB	['D35C', 'D36A', 'C57D', 'C62D', 'A63B', 'A71B', 'A93B']	7	-3.7115097	-8.32698	-9.79781	-1.47083
BCCDDDCDCDDDBDDDABCCABCABDBACBDCAADABBCABACBCCABCACBCCCCCBDBADDBBBBBABACCACADAACCCBABADBCCAAABBCCBB	['D13B', 'C14D', 'D20C', 'D36A', 'C37B', 'C62D', 'A63D', 'C67B', 'C69A']	9	-3.711659	-6.9767156	-8.44769	-1.4709744
BCCDDDCDCDDDDCDDABBDABCABDBACBDCAADDABCABACBCCABCACBCCCCCBDBACABBBCBBBACCACADAACCCBABADBCCAAABBCCBB	['C19B', 'C37A', 'C69B']	3	-3.7131667	-7.320114	-8.7926035	-1.4724894
AAADDDCDCADADCCDABCDABCABDBACBDCAACACBCACACBCCABCACBCCCCCBDBADDBBBCBCBACCACADAACCCBABADBCCAAABBCCBB	['B1A', 'C2A', 'C3A', 'D10A', 'D12A', 'D15C', 'D35C', 'D36A', 'B41C', 'C62D', 'A63D']	11	-3.7203107	-9.382014	-10.861646	-1.4796314
AAADDDCDCADADCCDABCDABCABDBACBDCAACACBCACACBCCABCACBCCCCCBDBADDBBBCBCBACCACADAACCCBABADBCCAAABBCCBB	['B1A', 'C2A', 'C3A', 'D10A', 'D12A', 'D15C', 'D35C', 'D36A', 'B41C', 'C62D', 'A63D']	11	-3.7203107	-9.382014	-10.861646	-1.4796314
BCCDDDCDCDDBDCDDABBDABCABDBACBDCAACDCBCACACBCCABCACBCCCCCBDBACABBBCBCBACCACADAACCCBABADBCCAAABBCCBB	['D12B', 'C19B', 'D35C', 'B41C']	4	-3.7205167	-7.9214168	-9.401252	-1.479835
BCCDDDCDCDDBDCCDABCDABCABDBACBDCAADACBCABACBCCABCACBCCCCCBDBACDBBBCBCBACCACADAACCCBABADBCCAAABBCCBB	['D12B', 'D15C', 'D36A', 'A63D']	4	-3.7206454	-7.931434	-9.411402	-1.4799676
BCCDDDCDCDDDDCCDABBDABCABDBACBDCAADDABCABACBCCABCACBCCCCCBDBACABBBCBCBACCACADAACCCBABADBCCAAABBCCBB	['D15C', 'C19B', 'C37A']	3	-3.7230582	-6.0771275	-7.5595074	-1.4823799
BCCDDDCDCDDDDCDDABCDABCABDBACBDCAADACBCABACBCCABCACBCCCCCBDBACDBBBCBCBACCACADAACCCBABADBCCAAABBCCBB	['D36A', 'A63D']	2	-3.7248483	-8.40519	-9.8893585	-1.484168
BCCDDDCDCDDDDCDDABCDABCABDBACBDCAADACBCABACBCCABCACBCCCCCBDBACDBBBCBCBACCACADAACCCBABADBCCAAABBCCBB	['D36A', 'A63D']	2	-3.7248483	-8.40519	-9.8893585	-1.484168
BCCDDDCDCDDDDCDDABCDABCABDBACBDCAADACBCABACBCCABCACBCCCCCBDBACDBBBCBCBACCACADAACCCBABADBCCAAABBCCBB	['D36A', 'A63D']	2	-3.7248483	-8.40519	-9.8893585	-1.484168
BCCDDDCDCDDDDCDDABCDABCABDBACBDCAADACBCABACBCCABCACBCCCCCBDBACDBBBCBCBACCACADAACCCBABADBCCAAABBCCBB	['D36A', 'A63D']	2	-3.7248483	-8.40519	-9.8893585	-1.484168
BCCDDDCDCDDDDCDDABCDABCABDBACBDCAADACBCABACBCCABCACBCCCCCBDBACDBBBCBCBACCACADAACCCBABADBCCAAABBCCBB	['D36A', 'A63D']	2	-3.7248483	-8.40519	-9.8893585	-1.484168
BCCDDDCDCDDDDCDDABCDABCABDBACBDCAADACBCABACBCCABCACBCCCCCBDBACDBBBCBCBACCACADAACCCBABADBCCAAABBCCBB	['D36A', 'A63D']	2	-3.7248483	-8.40519	-9.8893585	-1.484168
BCCDDDCDCDDDDCDDABCDABCABDBACBDCAADACBCABACBCCABCACBCCCCCBDBACDBBBCBCBACCACADAACCCBABADBCCAAABBCCBB	['D36A', 'A63D']	2	-3.7248483	-8.40519	-9.8893585	-1.484168
BCCDDDCDCDDDDCDDABCDABCABDBACBDCAADACBCABACBCCABCACBCCCCCBDBACDBBBCBCBACCACADAACCCBABADBCCAAABBCCBB	['D36A', 'A63D']	2	-3.7248483	-8.40519	-9.8893585	-1.484168
BCCDDDCDCDDDDCDDABCDABCABDBACBDCAADACBCABACBCCABCACBCCCCCBDBACDBBBCBCBACCACADAACCCBABADBCCAAABBCCBB	['D36A', 'A63D']	2	-3.7248483	-8.40519	-9.8893585	-1.484168
BCCDDDCDCDDDDCDDABCDABCABDBACBDCAACABBCABACBCCABCACBCCCCCBDCADDBBBCBCBACCACACAACCCBABADBCBAAABBCCBB	['D35C', 'D36A', 'C37B', 'B60C', 'C62D', 'A63D', 'D77C', 'C90B']	8	-3.725968	-7.6902456	-9.175531	-1.4852858
BCCDDDCDCDDDDDDDABCDABCABDBACBDCAACDCBCABACBCCABCACBCCCCCBDBADDBBBCBCBACCACADAACCCBABADBCCAAABBCCBB	['C14D', 'D35C', 'C62D', 'A63D']	4	-3.7261825	-8.87868	-10.3641815	-1.4855013
BCCDDDCDCDDDDCDDABCDABCABDBACBDCAADDBBCABACBCCABCACBCCCCCBDCADDBBBCBBBACCACADAACCCBABADBCCAAABBCCBB	['C37B', 'B60C', 'C62D', 'A63D', 'C69B']	5	-3.7263637	-9.033282	-10.518967	-1.4856844
BCCDDDCDCDDDDCCDABCDABCABDBACDDCAACDCBCACACBCCABCACBCCCCCBDBACDBBBCBCBACCACADAACCCBABADBCCAAABBCCBB	['D15C', 'B30D', 'D35C', 'B41C', 'A63D']	5	-3.7269769	-6.764127	-8.250416	-1.486289
AAADDDCDCDDDDCDDABBDABCABDBACBDCAACDCBCABACBCCABCACBCCCCCBDBACDBBBCBDBACCACADAACCCBABADBCCAAABBCCBB	['B1A', 'C2A', 'C3A', 'C19B', 'D35C', 'A63D', 'C69D']	7	-3.7274399	-10.149456	-11.636223	-1.4867668
BCCDDDCDCDDDDCDDABCDABCABDBACBDCAADACBCABACBCCABCACBCCCCCBDBACBBBBCBCBACCACADAACCCBABADBCCAAABBCCBB	['D36A', 'A63B']	2	-3.728661	-8.602427	-10.090405	-1.4879789
BCCDDDCDCDDBDCDDABCDABCABDBACBDCAACDCBCABACBCCABCACBCCCCCBDCACDBBBCBCBACCACADAACCCBABADBCCAAABBCCBB	['D12B', 'D35C', 'B60C', 'A63D']	4	-3.7293363	-10.05742	-11.546077	-1.488657
BCCDDDCDCDDDDCCDABCDABCABDBACBDCAACDCBCABACBCCABCACBCCCCCBDBADBBDBCBCBACCACADAACCCBABADBCCAAABBCCBB	['D15C', 'D35C', 'C62D', 'A63B', 'B65D']	5	-3.7308822	-8.375466	-9.865666	-1.4902
BCCDDDCDCDDDDCCDABCDABCABDBACBDCAACDABCABACBCCABCACBCCCCCBDBACDBBBCBCBACCACADAACCCBABADBCCAAABBCCBB	['D15C', 'D35C', 'C37A', 'A63D']	4	-3.7310996	-8.004876	-9.495298	-1.4904222
BCCDDDCDCDDDDCCCABCDABCABDBACBDCAADDCBCABACBCCABCACBCCCCCBDBADBBBBCBCBACCACACAACCCBABADBCCAAABBCCBB	['D15C', 'D16C', 'C62D', 'A63B', 'D77C']	5	-3.7311869	-7.0829287	-8.573439	-1.49051
BCCDDDCDCDDDDCDDABBDABCABDBACBDCAACDBBCABACBCCABCACBCCCCCBDBACCBBBCBCBCCCACADAACCCBABADBCCAAABBCCBB	['C19B', 'D35C', 'C37B', 'A63C', 'A71C']	5	-3.7330065	-7.5929575	-9.085284	-1.4923267
BCCDDDCDCDDDBDDDABCDABCABDBACBDCAADABBCABACBCCABCACBCCCCCBDBACDBBBCBCBACCACADAACCCBABADBCCAAABBCCBB	['D13B', 'C14D', 'D36A', 'C37B', 'A63D']	5	-3.7336745	-7.386046	-8.879036	-1.49299
BCCDDDCDCDDDBDDDABCDABCABDBACBDCAADABBCABACBCCABCACBCCCCCBDBACDBBBCBCBACCACADAACCCBABADBCCAAABBCCBB	['D13B', 'C14D', 'D36A', 'C37B', 'A63D']	5	-3.7336745	-7.386046	-8.879036	-1.49299
BCCDDDCDCDDDDCCDABCDABCABDBACBDCAACDABCABACBCCABCACBCCCCCBDBACBBBBCBCBACCACADAACCCBABADBCCAAABBCCBB	['D15C', 'D35C', 'C37A', 'A63B']	4	-3.7349114	-8.202114	-9.696343	-1.4942293
AAADDDCDCDDADDDDABCDABCABDBACDDCAACDCBCABACBCCABCACBCCCCCBDBADDBBBCBCBACCACACAACCCBABADBCCAABBBCCBB	['B1A', 'C2A', 'C3A', 'D12A', 'C14D', 'B30D', 'D35C', 'C62D', 'A63D', 'D77C', 'A93B']	11	-3.736126	-8.204943	-9.70038	-1.4954376
AAADDDCDCDDADDDDABCDABCABDBACDDCAACDCBCABACBCCABCACBCCCCCBDBADDBBBCBCBACCACACAACCCBABADBCCAABBBCCBB	['B1A', 'C2A', 'C3A', 'D12A', 'C14D', 'B30D', 'D35C', 'C62D', 'A63D', 'D77C', 'A93B']	11	-3.736126	-8.204943	-9.70038	-1.4954376
AAADDDCDCDDDDCDDABCDABCABDBACBDCAACDCBCABACBCCABCACBCCCCCBDBADDDBBCBCBACCACADAACCCBABADBCCAAABBCCBB	['B1A', 'C2A', 'C3A', 'D35C', 'C62D', 'A63D', 'B64D']	7	-3.7367482	-11.061439	-12.557512	-1.4960737
BCCDDDCDCDDADDDDABCDABCABDBACBDCAADDBBCABACBCCABCACBCCCCCBDBDDDBBBCCCBCDCACACAACCCBABADBCCAABBBCCBB	['D12A', 'C14D', 'C37B', 'A61D', 'C62D', 'A63D', 'B68C', 'A71C', 'C72D', 'D77C', 'A93B']	11	-3.7386317	-6.5288095	-8.026752	-1.4979429
BCCDDDCDCDDDDCDCABCDABCABDBACBDCAADDCBCABACBCCABCACBCCCCCBDBACDBBBCBCBACCACADAACCCBABADBCCAAABBCCBB	['D16C', 'A63D']	2	-3.7402015	-8.8568	-10.356328	-1.4995279
BCCDDDCDCDDDDCDDABCDABCABDBACDDCAADDABCABACBCCABCACBCCCCCBDBADDBBBCBCBACCACADAACCCBABADBCCAAABBCCBB	['B30D', 'C37A', 'C62D', 'A63D']	4	-3.7409396	-7.2140627	-8.7143135	-1.5002508
BCCDDDCDCDDDDCDDABCDABCABDBACDDCAACACBCABACBCCABCACBCCCCCBDBACCCBBCBCBACCACADAACCCBABADBCCAAABBCCBB	['B30D', 'D35C', 'D36A', 'A63C', 'B64C']	5	-3.7443862	-8.7264385	-10.230138	-1.5036993
BCCDDDCDCDDDDCDDABCDABCABDBACBDCAADACBCABACBCCABCACBCCCCCBDBACCBBBCBCBADCACADAACCCBABADBCCAAABBCCBB	['D36A', 'A63C', 'C72D']	3	-3.7467537	-8.799276	-10.305353	-1.5060768
BCCDDDCDCDDDDDCDABCDABCABDBACBDCAACDBBCABACBCCABCACBCCCCCBDBACABBBCBCBACCACADAACCCBABADBCCAAABBCCBB	['C14D', 'D15C', 'D35C', 'C37B']	4	-3.7500892	-6.6851997	-8.194608	-1.509408
BCCDDDCDCDDDDDCDABCDABCABDBACBDCAACDBBCABACBCCABCACBCCCCCBDBACABBBCBCBACCACADAACCCBABADBCCAAABBCCBB	['C14D', 'D15C', 'D35C', 'C37B']	4	-3.7500892	-6.6851997	-8.194608	-1.509408
BCCDDDCDCDDDDDCDABCDABCABDBACBDCAACDBBCABACBCCABCACBCCCCCBDBACABBBCBCBACCACADAACCCBABADBCCAAABBCCBB	['C14D', 'D15C', 'D35C', 'C37B']	4	-3.7500892	-6.6851997	-8.194608	-1.509408
BCCDDDCDCDDDDDCDABCDABCABDBACBDCAACDBBCABACBCCABCACBCCCCCBDBACABBBCBCBACCACADAACCCBABADBCCAAABBCCBB	['C14D', 'D15C', 'D35C', 'C37B']	4	-3.7500892	-6.6851997	-8.194608	-1.509408
BCCDDDCDCDDDDCDDABCDABCABDBACBDCAACACBCABACBCCABCACBCCCCCBDBACDBBBCBCBACCACACAACCCBABADBCCAAABBCCBB	['D35C', 'D36A', 'A63D', 'D77C']	4	-3.7509441	-7.733592	-9.243853	-1.5102606
BCCDDDCDCDDABCDDABBDABCABDBACBDCAACDCBCABACBCCABCACBCCCCCBDBADDBBBABCBBCCACADAACCCBABADBCCAABBBCCBB	['D12A', 'D13B', 'C19B', 'D35C', 'C62D', 'A63D', 'C67A', 'A71B', 'A93B']	9	-3.7518463	-7.2998786	-8.811048	-1.511169
BCCDDDCDCDDDDCDDABCDABCABDBACBDCAADCABCACACBCCABCACBCCCCCBDBADDBBBCBCBACCACADAACCCBABADBCCAABBBCCBB	['D36C', 'C37A', 'B41C', 'C62D', 'A63D', 'A93B']	6	-3.7521114	-8.218311	-9.729744	-1.5114326
BCCDDDCDCDDDDCDDABCDABCABDBACBDCAACDCBCACACBCCABCACBCCCCCBDBACCBBBCBCBACCACADAACCCBABADBCCAAABBCCBB	['D35C', 'B41C', 'A63C']	3	-3.753674	-9.426747	-10.939743	-1.5129957
BCCDDDCDCDDDDCDDABCDABCABDBACBDCAACDCBCACACBCCABCACBCCCCCBDBACCBBBCBCBACCACADAACCCBABADBCCAAABBCCBB	['D35C', 'B41C', 'A63C']	3	-3.753674	-9.426747	-10.939743	-1.5129957
BCCDDDCDCDDDDCDDABCDABCABDBACBDCAACDCBCACACBCCABCACBCCCCCBDBACCBBBCBCBACCACADAACCCBABADBCCAAABBCCBB	['D35C', 'B41C', 'A63C']	3	-3.753674	-9.426747	-10.939743	-1.5129957
BCCDDDCDCDDDDCCDABCDABCABDBACBDCAACDABCACADBCCABCACBACCCCBDCACDBBBCBCBACCACADAACCBBABADBCCAAABBCCBB	['D15C', 'D35C', 'C37A', 'B41C', 'C43D', 'C53A', 'B60C', 'A63D', 'C82B']	9	-3.754251	-10.37998	-11.893543	-1.5135632
BCCDDDCDCDDBDCCDABBDABCABDBACBDCAADABBCABACBCCABCACBCCCCCBDBACABBBCBCBADCACADAACCCBABADBCCAAABBCCBB	['D12B', 'D15C', 'C19B', 'D36A', 'C37B', 'C72D']	6	-3.7552338	-5.8525763	-7.3671265	-1.5145502
BCCDDDCDCDDDDCDDABBDABCABDBACBDCAADACBCABACBCCABCACBCCCCCBDBADCBBBCBCBACCACADAACCCBABADBCCAABBBCCBB	['C19B', 'D36A', 'C62D', 'A63C', 'A93B']	5	-3.7554226	-7.5147033	-9.029452	-1.514749
BCCDDDCDCDDABCDDABCDABCABDBACBDCDADDCBCACACBCCABCACBCCCCCBDBACACBBCBCBACCACADAACCCBABADBCCAAABBCCBB	['D12A', 'D13B', 'A33D', 'B41C', 'B64C']	5	-3.7558255	-7.8981276	-9.413271	-1.5151434
BCCDDDCDCDDDDCDDBBCDABCABDBACBDCAADDABCACACBCCABCACBCCCCCBDBADDBBBCBCBACCACACAACCCBABADBCCAABBBCCBB	['A17B', 'C37A', 'B41C', 'C62D', 'A63D', 'D77C', 'A93B']	7	-3.7562957	-7.4048076	-8.920426	-1.5156188
BCCDDDCDCDDDDCDDABCDABCABDBACBDCAADACBCABACBCCABCACBCCCCDBDBACDBBBCBCBCCCACADAACCCBABADBCCAAABBCCBB	['D36A', 'C57D', 'A63D', 'A71C']	4	-3.7577744	-8.16155	-9.678646	-1.5170965
BCCDDDCDCDDADCDDABCDABCABDBACBDCAADDCBCABACBCCABCACBCCCCDBDBACDBBBCBCBACCACACAACCCBABADBCCAAABBCCBB	['D12A', 'C57D', 'A63D', 'D77C']	4	-3.7588043	-8.095242	-9.613367	-1.5181255
BCCDDDCDCDDDDDDDBBCDABCABDBACBDCAADDCBCABACBCCABCACBCCCCCBDBADDBBBCBCBCCCACADAACCCBABADBCCAABBBCCBB	['C14D', 'A17B', 'C62D', 'A63D', 'A71C', 'A93B']	6	-3.7654023	-7.861454	-9.38618	-1.5247259
BCCDDDCDCDDDDCDDABCDABCABDBACBDCAADDCBCABACBCCABCACBCCCCCBDBCDDBBBCBDBACCACADAACCCBABADBCCAAABBCCBB	['A61C', 'C62D', 'A63D', 'C69D']	4	-3.7662554	-8.82436	-10.349942	-1.5255823
BCCDDDCDCDDBDDCDABBDABCABDBACBDCAADDABCACACBCCABCACBCCCCCBDBACABBBCBCBACCACADAACCCBABADBCCAAABBCCBB	['D12B', 'C14D', 'D15C', 'C19B', 'C37A', 'B41C']	6	-3.7664294	-6.6318064	-8.157556	-1.5257492
BCCDDDCDCDDDDCCDABCDABCABDBACBDCAACDABCACACBCCABCACBCCCCCBDBACDBBBCBCBACCACADAACCCBABADBCCAAABBCCBB	['D15C', 'D35C', 'C37A', 'B41C', 'A63D']	5	-3.766745	-8.123465	-9.649531	-1.5260668
BCCDDDCDCDDDDCDDABBDABCABDBACBDCAACDCBCABACBCCABCACBCCCCCBDBACDABBCBCBACCACADAACCCBABADBCCAAABBCCBB	['C19B', 'D35C', 'A63D', 'B64A']	4	-3.7667823	-8.574061	-10.100163	-1.5261021
BCCDDDCDCDDDDCDDABCDABCABDBACBDCAACABBCABACBCCABCACBCCCCCBDBACBBBBCBCBADCACADAACCCBABADBCCAAABBCCBB	['D35C', 'D36A', 'C37B', 'A63B', 'C72D']	5	-3.7712908	-8.451316	-9.981925	-1.5306091
BCCDDDCDCDDDBCCDABCDABCABDBACBDCADDACBCABACBCCABCACBCCCCCBDBACDBBBCBCAACCACADAACCCBABADBCBAAABBCCBB	['D13B', 'D15C', 'A34D', 'D36A', 'A63D', 'B70A', 'C90B']	7	-3.7737432	-6.83413	-8.367187	-1.5330567
BCCDDDCDCDDDDCCDABCDABCABDBACBDCAACDCBCABACBCCABCACBCCCCCBDBACCBBBCBCBACCACADAACCCBABADBCCAAABBCCBB	['D15C', 'D35C', 'A63C']	3	-3.7740865	-8.372173	-9.905582	-1.5334091
BCCDDDCDCDDDBCDDABCDABCABDBACBDCAADDCBCABACBBCABCACBCCCCCBDBACBBBBCBCBADCACACAACCCBABADBCCAAABBBBBA	['D13B', 'C45B', 'A63B', 'C72D', 'D77C', 'C96B', 'C97B', 'B99A']	8	-3.778479	-6.213317	-7.751111	-1.5377941
BCCDDDCDCDDDDDDDABCDABCABDBACBDCAACDABCACACBCCABCACBCCCCCBDBACDBBBCBCBACCACADAACCCBABADBCCAAABBCCBB	['C14D', 'D35C', 'C37A', 'B41C', 'A63D']	5	-3.7786746	-9.03331	-10.571304	-1.5379944
BCCDDDCDCDDDDDDDABCDABCABDBACBDCAACDABCACACBCCABCACBCCCCCBDBACDBBBCBCBACCACADAACCCBABADBCCAAABBCCBB	['C14D', 'D35C', 'C37A', 'B41C', 'A63D']	5	-3.7786746	-9.03331	-10.571304	-1.5379944
BCCDDDCDCDDDBCDDABCDABCABDBACDDCAADACBCABACBCCABCACBCCCCCBDBADDBBBCBCBCACACADAACCCBABADBCCAAABBCCBB	['D13B', 'B30D', 'D36A', 'C62D', 'A63D', 'A71C', 'C72A']	7	-3.7797613	-5.780261	-7.319332	-1.5390711
BCCDDDCDCDDDBCDDABCDABCABDBACDDCAADACBCABACBCCABCACBCCCCCBDBADDBBBCBCBCACACADAACCCBABADBCCAAABBCCBB	['D13B', 'B30D', 'D36A', 'C62D', 'A63D', 'A71C', 'C72A']	7	-3.7797613	-5.780261	-7.319332	-1.5390711
BCCDDDCDCDDDDCDDABCDABCABDBACDDCAACDBBCABACBCCABCACBCCCCCBDBACDBBBCBCBACCACADAACCCBABADBCCAAABBCCBA	['B30D', 'D35C', 'C37B', 'A63D', 'B99A']	5	-3.7814975	-7.245454	-8.786263	-1.5408096
BCCDDDCDCDDDDCDDABCDABCABDBACBDCAACACBCABACBCCABCACBCCCCCBDBACDBBBCBCBADCACADAACCCBABADBCCAAABBCCBB	['D35C', 'D36A', 'A63D', 'C72D']	4	-3.7818995	-8.759463	-10.300681	-1.5412178
BCCDDDCDCDDDDCDDABCDABCABDBACBDCAACDABCABACBCCABCACBCCCCDBDBACDBBBCBCBACCACADAACCCBABADBCCAAABBCCBB	['D35C', 'C37A', 'C57D', 'A63D']	4	-3.783239	-9.094929	-10.637486	-1.5425577
BCCDDDCDCDDDDCDDABCDABCABDBACBDCAACDABCABACBCCABCACBCCCCDBDBACDBBBCBCBACCACADAACCCBABADBCCAAABBCCBB	['D35C', 'C37A', 'C57D', 'A63D']	4	-3.783239	-9.094929	-10.637486	-1.5425577
BCCDDDCDCDDDDCDDABCDABCABDBACBDCAACDABCABACBCCABCACBCCCCDBDBACDBBBCBCBACCACADAACCCBABADBCCAAABBCCBB	['D35C', 'C37A', 'C57D', 'A63D']	4	-3.783239	-9.094929	-10.637486	-1.5425577
BCCDDDCDCDDDDCDDABCDABCABDBACBDCAADDBBCABABBCCABCACBCCCCCBDBACABBBCBCBACCACADAACCCBABADBCCAAABBCCBB	['C37B', 'C43B']	2	-3.783485	-7.606319	-9.149123	-1.5428042
BCCDDDCDCDDDDCDDABCDABCABDBACBDCAADDBBCABABBCCABCACBCCCCCBDBACABBBCBCBACCACADAACCCBABADBCCAAABBCCBB	['C37B', 'C43B']	2	-3.783485	-7.606319	-9.149123	-1.5428042
BCCDDDCDCDDDDCCDABCDABCABDBACBDCAADACBCABACBCCABCACBCCCCCBDBACBBBBCBCBACCACADAACCCBABADBCCAAABBCCBB	['D15C', 'D36A', 'A63B']	3	-3.784718	-7.666439	-9.210476	-1.5440369
BCCDDDCDCDDDBCDDABCDABCABDBACBDCAADACBCABACBCCABCACBCCCCDBDBACDBBBCBCBACCACADAACCCBABADBCCAAABBCCBB	['D13B', 'D36A', 'C57D', 'A63D']	4	-3.7883048	-8.071635	-9.619262	-1.5476265
BCCDDDCDCDDDDCDDABCDABCABDBACBDCAACDABCABACBBCABCACBCCCCCBDBACDBBBCBCBAACACADAACCCBABADBDCAAABBCCBB	['D35C', 'C37A', 'C45B', 'A63D', 'C72A', 'C89D']	6	-3.7884064	-7.6778407	-9.22557	-1.547729
BCCDDDCDCDDDDADDABADABCABDBACBDCAADDABCABACBCCABCACBCCCCCBDBACABBBCBCBACCACADAACCCBABADBCCAAABBCCBB	['C14A', 'C19A', 'C37A']	3	-3.7915826	-7.8837795	-9.434681	-1.5509014
BCCDDDCDCDDDDDDDABCDABCABDBACBDCAADACBCABACBCCABCACBCCCCCBDBACDBBBCBCBACCACADAACCCBABADBCCAAABBCCBB	['C14D', 'D36A', 'A63D']	3	-3.7928367	-8.379047	-9.931205	-1.5521574
BCCDDDCDCDDDDCCDABCDABCABDBACBDCAADDBBCABACBCCABCACBCCCCCBDCACCBBBCBCBACCACADAACCCBABADBCCAAABBCCBB	['D15C', 'C37B', 'B60C', 'A63C']	4	-3.7960896	-8.193634	-9.749044	-1.5554104
BCCDDDCDCDDDDCDDABCDABCABDBACBDCAADABBCACACBCCAACACBCDCCCBDBADDBBBCBDBBCCACADAACCBBABADBCBAABBBCCBB	['D36A', 'C37B', 'B41C', 'B48A', 'C54D', 'C62D', 'A63D', 'C69D', 'A71B', 'C82B', 'C90B', 'A93B']	12	-3.7974854	-9.50829	-11.065097	-1.5568066
BCCDDDCDCDDDDCDDABCDABCABDBACBDCAACDABCABACBCCABCACBCCCCCBDBACDBBBCBCCACCACADAACCCBABADBCCAAABBCCBB	['D35C', 'C37A', 'A63D', 'B70C']	4	-3.799715	-8.312134	-9.871168	-1.5590343
BCCDDDCDCDDDDCDDABCDABCABDBACBDCAACDABCABACBCCABCACBCCCCCBDBCCDBBBCBCBACCACADAACCCBABADBCCAAABBCCBB	['D35C', 'C37A', 'A61C', 'A63D']	4	-3.8091102	-8.938545	-10.506978	-1.5684328
BCCDDDCDCCDDDADDABCDABCABDBACBDCAADACBCABACBBCABCACBCCCCCBDBACDBBBCBBBACCACADAACCCBABADBCCAABBBCCBB	['D10C', 'C14A', 'D36A', 'C45B', 'A63D', 'C69B', 'A93B']	7	-3.8100777	-5.875513	-7.444906	-1.5693932
BCCDDDCDCDDDDCDDABCDABCABDBACBDCAACDABCABACBCCABCACBCCCCDBDBDCABBBCBCBACCACADAACCCBABADBCCAABBBCCBB	['D35C', 'C37A', 'C57D', 'A61D', 'A93B']	5	-3.8108559	-7.8191814	-9.389355	-1.5701733
BCCDDDCDCDDDDCDDABCDABCABDBACBDCAADDCBCABACBCCABCACBCCCCCBDCCCABBBCBCBACCACADAACCCBABADBCCAAABBCCBB	['B60C', 'A61C']	2	-3.8109584	-8.477239	-10.047519	-1.5702801
AAADDDCDCDDDDCDDCBCDABCABDBACBDCAADDCBCABACBCCABCACBCCCCCBDBACDBBBCBCCACCACADAACCCBABADBCCAAABBCCBB	['B1A', 'C2A', 'C3A', 'A17C', 'A63D', 'B70C']	6	-3.8117914	-9.9340925	-11.505206	-1.5711136
BCCDDDDDCDDDDCDDABCDABCABDBACBDCAADDCBCABACBCCABCACBCCCCCBDBACABBBCBCBACCACADAACCCBABADBCCAAABBCCBB	['C7D']	1	-3.8129745	-7.8942647	-9.466562	-1.5722976
BCCDDDCDCDDDDCCDABCDABCABDBACBDCAADACBCACACBCCABCACBCCCCCBDBACDBBBCBCBACCACADAACCCBABADBCCAAABBCCBB	['D15C', 'D36A', 'B41C', 'A63D']	4	-3.8165517	-7.5877914	-9.163663	-1.5758715
BCCDDDCDCDDDDCDDABBDABCABDBACBDCAACDCBCABACBCCABCACBCCCCCBDBACCBBBCBCBACCACADAACCCBABADBCCAAABBCCBB	['C19B', 'D35C', 'A63C']	3	-3.8226962	-8.496043	-10.078061	-1.5820179
BCCDDDCDCADADCCDABCDABCABDBACBDCAACACBCACACBCCABCACBCCCCCBDBADDBBBCBCBACCACADAACCCBABADBCCAAABBCCBB	['D10A', 'D12A', 'D15C', 'D35C', 'D36A', 'B41C', 'C62D', 'A63D']	8	-3.8247027	-7.6106462	-9.194666	-1.5840197
BCCDDDCDCDDDDCDDABBDABCABDBACBDCAADDCBCABACBBCABCACBCCCCCBDBACABBBCBCBACCACADAACCCBABADBCCAABBBCCBB	['C19B', 'C45B', 'A93B']	3	-3.8279657	-5.3930626	-6.980339	-1.5872765
BCCDDDCDCDDDDACDABCDABCABDBACBDCAADDCBCABACBCCABCACBCCCCCBDBACDBBBCBCBACCACADAACCCBABADBCCAAABBCCBB	['C14A', 'D15C', 'A63D']	3	-3.8296523	-7.6703863	-9.25936	-1.588974
BCCDDDCDCDDDDCDDABCDABCABDBACDDCAACACBCABACBCCABCACBCCCCDBDBACDBBBCBCBACCACADAACCCBABADBBCAABBBCCBB	['B30D', 'D35C', 'D36A', 'C57D', 'A63D', 'C89B', 'A93B']	7	-3.8296866	-7.30372	-8.892719	-1.5889993
BCCDDDCDCDDDBCCDABCDABCABDBACBDCAACDABCACACBCCABCACBCCCCCBDBADDBBBCBCBCCCACADAACCCBABADBCCAAABBCCBB	['D13B', 'D15C', 'D35C', 'C37A', 'B41C', 'C62D', 'A63D', 'A71C']	8	-3.8305283	-7.198168	-8.788009	-1.5898409
BCCDDDCDCDDDDCDDABCDABCABDBACBDCDADDCBCABACBCCABCACBCCCCCBDBACDBBBCBCAACCACADAACCCBABADBCCAAABBCCBB	['A33D', 'A63D', 'B70A']	3	-3.830677	-7.8179684	-9.407962	-1.5899935
BCCDDDCDCDDDDCCDABCDABCABDBACBDCAACDBBCABACBCCABCACBCCCCCBDCACDBBBCBCBACCACADAACCCBABADBCCAAABBCCBB	['D15C', 'D35C', 'C37B', 'B60C', 'A63D']	5	-3.8312354	-8.153819	-9.744373	-1.5905542
BCCDDDCDCDDDBCCDABCDABCABDBACBDCAACDBBCABABBCCABCACBCCCCCBDBACDBBBCBCBCCCACADAACCCBABADBCCAAABBCCBB	['D13B', 'D15C', 'D35C', 'C37B', 'C43B', 'A63D', 'A71C']	7	-3.8322392	-6.900647	-8.492199	-1.5915518
BCCDDDCDCDDDDDCDABCDABCABDBACBDCAADABBCABACBCCABCACBCCCCCBDBACDBBBCBCBACCACADAACCCBABADBCCAAABBCCBB	['C14D', 'D15C', 'D36A', 'C37B', 'A63D']	5	-3.8344731	-6.937677	-8.5314665	-1.5937896
BCCDDDCDCDADDCDDABCDABCABDBACBDCAACDCBCABACBCCABCACBCCCCCBDBACDBBBCBCBACCACADAACCCBABADBCCAAABBCCBB	['D11A', 'D35C', 'A63D']	3	-3.835094	-8.459412	-10.053823	-1.5944118
BCCDDDCDCDDDBCDDABBDABCABDBACBDCAACDBBCABACBCCABCACBCCCCCBDCACDBBBCBCBACCACADAACCCBABADBCCAAABBCCBB	['D13B', 'C19B', 'D35C', 'C37B', 'B60C', 'A63D']	6	-3.8351054	-7.7900734	-9.384495	-1.5944214
BCCDDDCDCDDDDCDDABCDABCABDBACBDCAACDABCABACBCCABCACBCCCCCBDBACABBBCBCBACCACADAACCCBABADBCCAAABBCCBB	['D35C', 'C37A']	2	-3.8411078	-8.148773	-9.749202	-1.6004286
BCCDDDCDCDDDBCDDABCDABCABDBACBDCAADACBCABACBCCABCACBCCCCCBDBACABBBCBCBACCACADAACCCBABADBCCAAABBCCBB	['D13B', 'D36A']	2	-3.8461738	-7.1254807	-8.730972	-1.6054916
BCCDDDCDCDDDBCDDABCDABCABDBACBDCAADACBCABACBCCABCACBCCCCCBDBACABBBCBCBACCACADAACCCBABADBCCAAABBCCBB	['D13B', 'D36A']	2	-3.8461738	-7.1254807	-8.730972	-1.6054916
BCCDDDCDCDDDDCDDABCDABCABDBACDDCAACACBCABACBCCABCACBCCCCCBDBADDBBBCBCBACCACADAACCCBABADBCCAABBBCCBB	['B30D', 'D35C', 'D36A', 'C62D', 'A63D', 'A93B']	6	-3.846774	-6.923725	-8.529811	-1.6060858
BCCDDDCDCDDBDCDDABCDABCABDBACBDCAADACBCABACBCCABCACBCCCCCBDBADDBBBCBCBACCACADAACCCBABADBCCAAABBCCBB	['D12B', 'D36A', 'C62D', 'A63D']	4	-3.8483834	-8.82744	-10.435147	-1.607707
BCCDDDCDCDDDDCDDABCDABCABDBACBDCAACABBCABABBCCABCACBCCCCCBDBACDBBBCBCBCCCACADAACCCBABADBCCAABBBCCBB	['D35C', 'D36A', 'C37B', 'C43B', 'A63D', 'A71C', 'A93B']	7	-3.8486266	-7.7064314	-9.314378	-1.6079464
BCCDDDCDCDDDBDCAABBDABCABDBACBDCAADDCBCACACBCCABCACBCCCCDBDBACDBBBCBCBACCACADAACCCBABADBCCAAABBCCBB	['D13B', 'C14D', 'D15C', 'D16A', 'C19B', 'B41C', 'C57D', 'A63D']	8	-3.8502097	-6.6175528	-8.227077	-1.6095238
AAADDDCDCDDDDCDDABCDABCABDBACBDCAADACBCABACBCCABCACBCCCCCBDBADDBBBCBBBACCACADAACCCBABADBCCAAABBCCBB	['B1A', 'C2A', 'C3A', 'D36A', 'C62D', 'A63D', 'C69B']	7	-3.8504167	-10.443577	-12.053316	-1.6097393
BCCDDDCDCDDDBCCDABCDABCABDBACBDCAADDCBCACABBCCABCACBCCCCCBDBADCBBBCBCBACCACACAACCCBABADBCCAAABBCCBB	['D13B', 'D15C', 'B41C', 'C43B', 'C62D', 'A63C', 'D77C']	7	-3.8535461	-6.9270134	-8.53988	-1.6128664
AAAADDCDCDDDDCDDABCDABCABDBACBDCAADDABCABACBCCABCACBCCCCCBDBACCBBBCBCBACCACACAACCCBABADBCCAAABBCCBB	['B1A', 'C2A', 'C3A', 'D4A', 'C37A', 'A63C', 'D77C']	7	-3.8551483	-9.797596	-11.41207	-1.6144743
BCCDDDCDCDDDDCCDABCDABCABDBACBDCAADDABCACACBCCABCACBCCCCCBDBACCBBBCBCCACCACADAACCCBABADBCCAAABBCCBB	['D15C', 'C37A', 'B41C', 'A63C', 'B70C']	5	-3.8562737	-7.534548	-9.150145	-1.6155968
BCCDDDCDCDDDDCCDABCDABCABDBACBDCAADDABCACACBCCABCACBCCCCCBDBACCBBBCBCCACCACADAACCCBABADBCCAAABBCCBB	['D15C', 'C37A', 'B41C', 'A63C', 'B70C']	5	-3.8562737	-7.534548	-9.150145	-1.6155968
BCCDDDCDCDDDBCDDABBDABCABDBACBDCAADDCBCABABBCCABCACBCCCCCBDBACABBBCBCBACCACADAACCCBABADBCCAAABBCCBB	['D13B', 'C19B', 'C43B']	3	-3.8578315	-6.811968	-8.429121	-1.6171532
BCCDDDCDCDDDDCDDABCDABCABDBACBDCAACDABCABACBCCABCACBCCCCCBDBACDDBBCBCBACCACADAACCCBABADBCCAAABBCCBB	['D35C', 'C37A', 'A63D', 'B64D']	4	-3.857987	-9.326111	-10.943417	-1.6173058
BCCDDDCDCDDDDCCDABCDABCABDBACBDCAACCBBCABACBCCABCACBCCCCDBDBADDBBBCBCBBCCACADAACCCBABADBCCAABBBCCBB	['D15C', 'D35C', 'D36C', 'C37B', 'C57D', 'C62D', 'A63D', 'A71B', 'A93B']	9	-3.8580327	-6.828578	-8.445924	-1.6173458
BCCDDDCDCDDDDCDDABCDABCABDBACBDCAADDCBCACACBCCAACACBCCCCCBDBBDCBBBCBCBBCCBCACAACCCBABADBCCAABBBCCBB	['B41C', 'B48A', 'A61B', 'C62D', 'A63C', 'A71B', 'A74B', 'D77C', 'A93B']	9	-3.858141	-7.0013638	-8.618832	-1.6174679
BCCDDDCDCDDDDCDDABCDABCABDBACBDCAADDABCACACBCCABCACBCCCCCBDBACCDBBCBCBACCACADAACCCBABADBCCAAABBCCBB	['C37A', 'B41C', 'A63C', 'B64D']	4	-3.8584876	-9.484514	-11.102323	-1.6178083
BCCDDDCDCDDABCDDABCDABCABDBACBDCAADDCBCABACBCCABCACBCCCCCBDBACDBBBCBCBACCACADAACCCBABADBCCAAABBCCBB	['D12A', 'D13B', 'A63D']	3	-3.8585448	-8.448701	-10.066567	-1.6178665
BCCDDDCDCDDDDCDDABCDABCABDBACBDCAADACBCACACBCCABCACBCCCCCBDBADDBDBCBCCADCACADAACCCBABADBCCAAABBCCBB	['D36A', 'B41C', 'C62D', 'A63D', 'B65D', 'B70C', 'C72D']	7	-3.8600564	-8.095191	-9.714566	-1.6193752
BCCDDDCDCDDBDCDCABBDABCABDBACBDCAADABBAABACBCCABCACBCCCCCBDBACCBBBCBCBAACACADAACCDBABADBCCAAABBCCBB	['D12B', 'D16C', 'C19B', 'D36A', 'C37B', 'C39A', 'A63C', 'C72A', 'C82D']	9	-3.861977	-8.66887	-10.290166	-1.6212959
BCCDDDCDCDDDDCDDABCDABCABDBACBDCAADDCBCABACBCCAACACBCCCCCBDBACABBBCBCBADCCCADAACCBBABADBCCAAABBCCBB	['B48A', 'C72D', 'A74C', 'C82B']	4	-3.863535	-9.945767	-11.568621	-1.6228533
BCCDDDCDCDDDBCDDABCDABCABDBACBDCAADACBCABACBCCABCACBCCCCCBDBADDBBBCBCBACCACADAACCCBABADBCCAAABBCCBB	['D13B', 'D36A', 'C62D', 'A63D']	4	-3.8639026	-7.8775916	-9.500815	-1.6232238
BCCDDDCDCDDDBCCDCBCDABCABDBACDDCAADACBCACACBCCABCACBCCCCCBDBACDCBBCBCBACCACADAACCCBABADBCCAAABBCCBB	['D13B', 'D15C', 'A17C', 'B30D', 'D36A', 'B41C', 'A63D', 'B64C']	8	-3.8648276	-6.9047174	-8.528856	-1.6241388
AAADDDCDCDDABCDBABCDABCABDBACBDCAADDABCACACBCCABCACBCCCCDBDBACDBBBCBCBACCACADAACCCBABADBCCAAABBCCBB	['B1A', 'C2A', 'C3A', 'D12A', 'D13B', 'D16B', 'C37A', 'B41C', 'C57D', 'A63D']	10	-3.8663573	-9.882427	-11.508108	-1.6256809
BCCDDDCDCDDDDCDDACCDABCABDBACBDCAADDCBCABACBCCABCACBCCCCCBDBACCBBBCBCBACCACADAACCCBABADBCCAABBBCCBB	['B18C', 'A63C', 'A93B']	3	-3.867052	-8.183842	-9.810215	-1.6263733
BCCDDDCDCDDDDCDDABCDABCABDBACBDCAADACBCABACBCCABCACBCCCCCBDBADDDBBCBCBADCACADAACCCBABADBCCAAABBCCBB	['D36A', 'C62D', 'A63D', 'B64D', 'C72D']	5	-3.8698645	-8.781188	-10.410375	-1.6291866
BCCDDDCDCDDDDCDCABCDABCABDBACBDCAADDCBCABACBCCABCACBCCCCDBDBACCBBBCBCBADCACADAACCCBABADBCCAAABBCCBB	['D16C', 'C57D', 'A63C', 'C72D']	4	-3.870304	-9.404952	-11.034581	-1.6296291
BCCDDDCDCDDDBCDDABCDABCABDBACDDCAACACBCABACBCCABCACBCCCCCBDBADDCBBCBCBCCCADADAACCCBABADBCCAAABBCCBB	['D13B', 'B30D', 'D35C', 'D36A', 'C62D', 'A63D', 'B64C', 'A71C', 'C75D']	9	-3.8712335	-7.282312	-8.912854	-1.6305423
BCCDDDCDCDDDBCDCABCDABCABDBACBDCAADDABAABACBCCABCACBCCCCCBDCADCCBBCBCBACCACACAACCCBABADBCCAAABBCCBB	['D13B', 'D16C', 'C37A', 'C39A', 'B60C', 'C62D', 'A63C', 'B64C', 'D77C']	9	-3.871851	-9.496361	-11.127533	-1.6311722
BCCDDDCDCDDDBCDDABCDABCABDBACBDCAACACBCABACBCCAACACBCCCCDBDBADACBBCBCBACCCCADAACCCABBADBCCAAABBCCBB	['D13B', 'D35C', 'D36A', 'B48A', 'C57D', 'C62D', 'B64C', 'A74C', 'B83A', 'A84B']	10	-3.8743348	-9.405248	-11.0389	-1.6336527
BCCDDDCDCDDDDCDDABCDABCABDBACBDCAADABBCABACBCCABCACBCCCCCBDBACABBBCBCBACCACADAACCCBABADBCCAAABBCCBB	['D36A', 'C37B']	2	-3.8764958	-7.107715	-8.743529	-1.6358142
BCCDDDCDCDDDDCDDABCDABCABDBACBDCAADABBCABACBCCABCACBCCCCCBDBACABBBCBCBACCACADAACCCBABADBCCAAABBCCBB	['D36A', 'C37B']	2	-3.8764958	-7.107715	-8.743529	-1.6358142
BCCDDDCDCDDDDCDDABCDABCABDBACBDCAADABBCABACBCCABCACBCCCCCBDBACABBBCBCBACCACADAACCCBABADBCCAAABBCCBB	['D36A', 'C37B']	2	-3.8764958	-7.107715	-8.743529	-1.6358142
BCCDDDCDCDDDBCDDABCDABCABDBACBDCAADACBCABACBCCABCACBCCCCCBDBADDBDBCBCBACCACADAACCCBABADBCCAAABBCCBB	['D13B', 'D36A', 'C62D', 'A63D', 'B65D']	5	-3.8767219	-8.086985	-9.72303	-1.6360455
BCCDDDCDCDDDDCDDABCDABCABDBACBDCAADABBCABACBCCABCACBCCCCDBDCACDBBBCBCBACCACACAACCCBABADBCCAAABBCCBB	['D36A', 'C37B', 'C57D', 'B60C', 'A63D', 'D77C']	6	-3.8811455	-7.709117	-9.34958	-1.6404629
BCCDDDCDCDDDDCCDABCDABCABDBACBDCAACDCBCACACBCCABCACBCCCCCBDCACDBBBCBCBACCACADAACCCBABADBCCAAABBCCBB	['D15C', 'D35C', 'B41C', 'B60C', 'A63D']	5	-3.8812995	-8.77779	-10.418411	-1.6406212
BCCDDDCDCDDDDCDDABCDABCABDBACBDCAADBABCABACBCCABCACBCCCCCBDBADBBBBCBCBACCACADAACCCBABADBCCAAABBCCBB	['D36B', 'C37A', 'C62D', 'A63B']	4	-3.8815293	-8.779345	-10.420197	-1.640852
BCCDDDCDCDDADCDDABCDABCABDBACBDCAACDBBCACACBCCABCACBCCCCCBDBADDBBBCBCBACCACADAACCCBABADBCCAABBBCCBB	['D12A', 'D35C', 'C37B', 'B41C', 'C62D', 'A63D', 'A93B']	7	-3.885561	-8.431337	-10.0762205	-1.6448832
BCCDDDCDCDDDDCDCABCDABCABDBACBDCAADDCBAABACBCCABCACBCCCCCBDBACDBBBCBCBACCACADAACCCBABADBCCAAABBCCBB	['D16C', 'C39A', 'A63D']	3	-3.8897471	-9.011669	-10.660737	-1.6490679
BCCDDDCDCDDDDCDDABCDABCABDBACBDCAADACBCABACBCCABCACBCCCCCBDBACABBBCBCBACCACADAACCCBABADBCCAAABBCCBB	['D36A']	1	-3.8909144	-7.6130996	-9.263336	-1.6502366
BCCDDDCDCDDDBCDDABCDABCABDBACDDCAACAABCABACBCCABCACBCCCCCBDBACDBBBCBCBACCACADAACCCAABADBCCAAABBCCBB	['D13B', 'B30D', 'D35C', 'D36A', 'C37A', 'A63D', 'B83A']	7	-3.8933463	-7.029277	-8.681935	-1.6526585
BCCDDDCDCDDABCDDABCDABCABDBACBDCAADDCBCACACBCCABCACBCCCCCBDBACDBBBCBCBACCACADAACCCBABADBCCAAABBCCBB	['D12A', 'D13B', 'B41C', 'A63D']	4	-3.8941894	-8.567289	-10.2208	-1.653511
BCCDDDCDCDDABCDDABCDABCABDBACBDCAADDCBCACACBCCABCACBCCCCCBDBACDBBBCBCBACCACADAACCCBABADBCCAAABBCCBB	['D12A', 'D13B', 'B41C', 'A63D']	4	-3.8941894	-8.567289	-10.2208	-1.653511
BCCDDDCDCDDDDCDDABCDABCABDBACBDCAADDABCABACBCCABCACBCCCCCBDCADDBBBCBCBACCACADAACCCBABADBCCAAABBCCBB	['C37A', 'B60C', 'C62D', 'A63D']	4	-3.8952622	-9.227726	-10.882311	-1.6545849
BCCDDDCDCDDDDCDDABCDABCABDBACBDCAACDBBCABABBCCABCACBCCCCCBDBACDBBBCBCBACCACADAACCCBABADBCCAAABBCCBB	['D35C', 'C37B', 'C43B', 'A63D']	4	-3.896193	-8.721953	-10.377465	-1.6555119
AAADDDCDCDDDDCDDABCDABCABDBACBDCAACABBCABACBCCABCACBCCCCCBDBACDBDBCBCBACCACADAACCCBABADBCCAAABBCCBB	['B1A', 'C2A', 'C3A', 'D35C', 'D36A', 'C37B', 'A63D', 'B65D']	8	-3.8976293	-10.204112	-11.861064	-1.6569519
BCCDDDCDCDDDDCDDABCDABCABDBACBDCAACDCBCABACBCCABCACBCCCCCBDBADCBBBCBCBACCACADAACCCBABADBCCAAABBCCBB	['D35C', 'C62D', 'A63C']	3	-3.9018245	-9.268177	-10.929327	-1.66115
BCCDDDCDCDDDDCDDABCDABCABDBACBDCAADDBBCABACBCCABCACBCCCCCBDBADABBBCBCBBCCACACAACCCBABADBCCAAABBDCBB	['C37B', 'C62D', 'A71B', 'D77C', 'C96D']	5	-3.901853	-6.0059896	-7.667164	-1.6611743
BCCDDDCDCDDDDCDDACCDABCABDBACBDCAADDABCACACBCCABCACBCCCCCBDBADBDBBCBCBCCCACACAACCCBABADBCCAABBBCCBB	['B18C', 'C37A', 'B41C', 'C62D', 'A63B', 'B64D', 'A71C', 'D77C', 'A93B']	9	-3.9023118	-7.0847936	-8.746427	-1.661633
BCCDDDCDCDDADCDDABCDABCABDBACBDCAADDCBCABACBCCABCACBCCCCCBDBACDBBBCBCBACCACADAACCCBABADBCCAAABBCCBB	['D12A', 'A63D']	2	-3.9032865	-8.936318	-10.5989275	-1.6626091
BCCDDDCDCDDDBCDDABCCABCABDBACBDCAADACBCABACBCCABCACBCCCCCBDBADDBBBCBBBACCACADAACCCBABADBCCAAABBCCBB	['D13B', 'D20C', 'D36A', 'C62D', 'A63D', 'C69B']	6	-3.9043746	-7.687695	-9.351388	-1.663693
AAADDDCDCDDADCDDABCDABCABDBACBDCAADDCBCABACBCCABCACBCCCCDBDBACDBBBCBCBACCACADAACCCBABADBCCAAABBCCBB	['B1A', 'C2A', 'C3A', 'D12A', 'C57D', 'A63D']	6	-3.9070916	-10.861752	-12.528167	-1.6664152
BCCDDDCDCDDADCDDABCDABCABDBACBDCAADDCBCABACBCCABCACBCCCCCBDBACBBBBCBCBACCACADAACCCBABADBCCAAABBCCBB	['D12A', 'A63B']	2	-3.9070983	-9.133555	-10.799977	-1.6664219
BCCDDDCDCDDDDCDDABCDABCABDBACBDCAADACBCABACBCCABCACBCCCCCBDBADDBBBCBCBACCACADAACCCBABADBCCAAABBCCBB	['D36A', 'C62D', 'A63D']	3	-3.9086442	-8.36521	-10.033177	-1.6679678
BCCDDDCDCDDDDCDDABCDABCABDBACBDCAADACBCABACBCCABCACBCCCCCBDBADDBBBCBCBACCACADAACCCBABADBCCAAABBCCBB	['D36A', 'C62D', 'A63D']	3	-3.9086442	-8.36521	-10.033177	-1.6679678
BCCDDDCDCDDDDCDDABCDABCABDBACBDCAADACBCABACBCCABCACBCCCCCBDBADDBBBCBCBACCACADAACCCBABADBCCAAABBCCBB	['D36A', 'C62D', 'A63D']	3	-3.9086442	-8.36521	-10.033177	-1.6679678
AAADDDCDCDDDDCCCABCDABCABDBACBDCAADDABCABACBCCABCACBCCCCDBDBACCBBBCBABACCACADAACCCBABADBCCAAABBCCBB	['B1A', 'C2A', 'C3A', 'D15C', 'D16C', 'C37A', 'C57D', 'A63C', 'C69A']	9	-3.911253	-10.733218	-12.403797	-1.670579
BCCDDDCDCDDDBCCDABCDABCABDBACBDCAADACBCACACBBCABCACBCCCCCBDBACDBBBCBCBADCACADAACCCBABADBCCAABBBCCBB	['D13B', 'D15C', 'D36A', 'B41C', 'C45B', 'A63D', 'C72D', 'A93B']	8	-3.9116902	-5.5069113	-7.1779175	-1.6710062
BCCDDDCDCDDDBCCDABCDABCABDBACBDCAADACBCACACBBCABCACBCCCCCBDBACDBBBCBCBADCACADAACCCBABADBCCAABBBCCBB	['D13B', 'D15C', 'D36A', 'B41C', 'C45B', 'A63D', 'C72D', 'A93B']	8	-3.9116902	-5.5069113	-7.1779175	-1.6710062
BCCDDDCDCDDDDCDCABCCABCABDBACBDCAADACBAABACBCCABCACBCCCCCBDBACACBBCBCBACCACADAACCCBABADBCCAAABBCCBB	['D16C', 'D20C', 'D36A', 'C39A', 'B64C']	5	-3.9156003	-8.504241	-10.179159	-1.6749182
BCCDDDCDCDDDDCDDABCDABCABDBACBDCAACABBCABACBCCABCACBCCCCCBDBDCCBBBCBCBAACACADAACCCBABADBCBAAABBCCBB	['D35C', 'D36A', 'C37B', 'A61D', 'A63C', 'C72A', 'C90B']	7	-3.916605	-8.0200815	-9.696006	-1.6759243
BCCDDDCDCDDDDCDDABCDABCABDBACBDCAADDCBCABACBCCABCACBCCCCCBDBACCDABCBCBACCACADAACCCBABADBCCAAABBCCBB	['A63C', 'B64D', 'B65A']	3	-3.9201503	-9.4592905	-11.13876	-1.6794691
BCCDDDCDCADDBCDCABCDABCABDBACDDCAACACBCABACBCCABCACBCCCCCBDBADCBBBCBCBACCACADAACCCBABADBCCAAABBCCBB	['D10A', 'D13B', 'D16C', 'B30D', 'D35C', 'D36A', 'C62D', 'A63C']	8	-3.9296794	-6.8609867	-8.549975	-1.6889887
BCCDDDCDCDDDDCCDABCDABCABDBACBDCAACDABCACACBCCABCACBCCCCCBDBACABBBCBCBACCACADAACCCBABADBCCAAABBCCBB	['D15C', 'D35C', 'C37A', 'B41C']	4	-3.9328103	-7.331374	-9.023508	-1.6921339
BCCDDDCDCDDDDCCDABCDABCABDBACBDCAACDABCACACBCCABCACBCCCCCBDBACABBBCBCBACCACADAACCCBABADBCCAAABBCCBB	['D15C', 'D35C', 'C37A', 'B41C']	4	-3.9328103	-7.331374	-9.023508	-1.6921339
BCCDDDCDCDDDDCCDABCDABCABDBACBDCAACDABCACACBCCABCACBCCCCCBDBACABBBCBCBACCACADAACCCBABADBCCAAABBCCBB	['D15C', 'D35C', 'C37A', 'B41C']	4	-3.9328103	-7.331374	-9.023508	-1.6921339
BCCDDDCDCDDDDCCDABCDABCABDBACBDCAACDABCACACBCCABCACBCCCCCBDBACABBBCBCBACCACADAACCCBABADBCCAAABBCCBB	['D15C', 'D35C', 'C37A', 'B41C']	4	-3.9328103	-7.331374	-9.023508	-1.6921339
BCCDDDCDCDDDDCCDABCDABCABDBACBDCAACDABCACACBCCABCACBCCCCCBDBACABBBCBCBACCACADAACCCBABADBCCAAABBCCBB	['D15C', 'D35C', 'C37A', 'B41C']	4	-3.9328103	-7.331374	-9.023508	-1.6921339
BCCDDDCDCDDBBCDDABBDABCABDBACBDCAADDABCACABBCCABCACBCCCCCBDBBCCDBBCBCBAACACADAACCCBABADBCCAAABBCCBB	['D12B', 'D13B', 'C19B', 'C37A', 'B41C', 'C43B', 'A61B', 'A63C', 'B64D', 'C72A']	10	-3.9333158	-7.553278	-9.245913	-1.6926346
BCCDDDCDCDDDDCDDABCDABCABDBACBDCAADDCBCABACBCCABCACBCCCCCBDCADCBBBCBCBACCACADAACCCBABADBCCAAABBCCBB	['B60C', 'C62D', 'A63C']	3	-3.938249	-9.595021	-11.292595	-1.6975737
BCCDDDCDCDDADCDDABCDABCABDBACBDCAADDABCACACBCCABCACBCCCCCBDBACDBBBBBABACCACADAACCCBABADBCCAAABBCCBB	['D12A', 'C37A', 'B41C', 'A63D', 'C67B', 'C69A']	6	-3.9394574	-9.178513	-10.877295	-1.698782
BCCDDDCDCDDDDCDDABCDABCABDBACBDCAADDCBCACACBCCABCACBCCCCCBDBACDBBBCBCBACCACADAACCCBABADBCCAAABBDCBB	['B41C', 'A63D', 'C96D']	3	-3.9411335	-8.7685	-10.468957	-1.7004566
BCCDDDCDCCDDDCCDABCDABCABDBACBDCAADACBCABACBCCAACACBCDCCCBDBADABBBCBCBACCACADAACCBBABADBCCAAABBCCBB	['D10C', 'D15C', 'D36A', 'B48A', 'C54D', 'C62D', 'C82B']	7	-3.942574	-7.585254	-9.287144	-1.7018895
BCCDDDCDCCDDDCCDABCDABCABDBACBDCAADACBCABACBCCAACACBCDCCCBDBADABBBCBCBACCACADAACCBBABADBCCAAABBCCBB	['D10C', 'D15C', 'D36A', 'B48A', 'C54D', 'C62D', 'C82B']	7	-3.942574	-7.585254	-9.287144	-1.7018895
BCCDDDCDCCDDDCCDABCDABCABDBACBDCAADACBCABACBCCAACACBCDCCCBDBADABBBCBCBACCACADAACCBBABADBCCAAABBCCBB	['D10C', 'D15C', 'D36A', 'B48A', 'C54D', 'C62D', 'C82B']	7	-3.942574	-7.585254	-9.287144	-1.7018895
BCCDDDCDCDDBDCDDABCDABCABDBACBDCAACACBCABACBCCABCACBCCCCCBDBACDBBBCBCBACCACADAACCCBABADBCCAAABBCCBB	['D12B', 'D35C', 'D36A', 'A63D']	4	-3.9433627	-9.190964	-10.893644	-1.7026806
BCCDDDCDCDDDDDDDABCDABCABDBACBDCAACDCBCACACBCCABCACBCCCCCBDBADDDBBCBCBACCACADAACCCBABADBCCAAABBCCBB	['C14D', 'D35C', 'B41C', 'C62D', 'A63D', 'B64D']	6	-3.9447713	-9.382517	-11.086607	-1.7040901
AAADDDCDCDDADCDDABCCABCABDBACBDCAACABBCACACBCCAACACBCDCCCBDBADDBBBCBCBBDCACACAACCBBABADBCBAABBBCCBB	['B1A', 'C2A', 'C3A', 'D12A', 'D20C', 'D35C', 'D36A', 'C37B', 'B41C', 'B48A', 'C54D', 'C62D', 'A63D', 'A71B', 'C72D', 'D77C', 'C82B', 'C90B', 'A93B']	19	-3.946662	-10.211556	-11.917538	-1.7059813
BCCDDDCDCDDDDCCDABCDABCABDBACBDCAADACBCABACBCCABCACBCCCCCBDBACABBBCBCBACCACADAACCCBABADBCCAAABBCCBB	['D15C', 'D36A']	2	-3.9469714	-6.677112	-8.383403	-1.7062907
BCCDDDCDCDDDDCCDABCDABCABDBACBDCAADACBCABACBCCABCACBCCCCCBDBACABBBCBCBACCACADAACCCBABADBCCAAABBCCBB	['D15C', 'D36A']	2	-3.9469714	-6.677112	-8.383403	-1.7062907
BCCDDDCDCDDDDCDDBBCDABCABDBACBDCAADDCBCABACBCCABCACBCCCCDBDBACDBBBCBCCACCACADAACCCBABADBBCAAABDCCBB	['A17B', 'C57D', 'A63D', 'B70C', 'C89B', 'B95D']	6	-3.9489474	-8.538978	-10.247245	-1.7082672
BCCDDDCDCDDDDCCDABCDABCABDBACBDCAADABBCABACBCCABCACBCCCCCBDBADDBBBCBCBACCACADAACCCBABADBCCAAABBCCBB	['D15C', 'D36A', 'C37B', 'C62D', 'A63D']	5	-3.9502816	-6.9238405	-8.63344	-1.7095995
BCCDDDCDCDDDDCCDABCDABCABDBACBDCAADABBCABACBCCABCACBCCCCCBDBADDBBBCBCBACCACADAACCCBABADBCCAAABBCCBB	['D15C', 'D36A', 'C37B', 'C62D', 'A63D']	5	-3.9502816	-6.9238405	-8.63344	-1.7095995
BCCDDDCDCDDDDDDDABCDABCABDBACBDCAACDBBCABACBCCABCACBCCCCCBDBACDBBBCBCBACCACADDACCCBABADBCCAAABBCCBB	['C14D', 'D35C', 'C37B', 'A63D', 'A78D']	5	-3.9504719	-8.450053	-10.159845	-1.7097921
BCCDDDCDCDDDBCDDABBDABCABDBACBDCAADACBCABACBCCABCACBCCCCCBDBDCBBBBBBABACCACADAACCCBABADBCCAAABBCCBB	['D13B', 'C19B', 'D36A', 'A61D', 'A63B', 'C67B', 'C69A']	7	-3.9515405	-7.3483305	-9.059192	-1.7108612
BCCDDDCDCDDDDCCDABCDABCABDBACBDCAADACBCACACBCCABCACBCCCCDBDBDCABBBCBCBACCACADAACCCBABADBCCAABBBCCBB	['D15C', 'D36A', 'B41C', 'C57D', 'A61D', 'A93B']	6	-3.952364	-6.466111	-8.177793	-1.7116814
BCCDDDCDCDDDDCCDABCDABCABDBACBDCAADACBCACACBCCABCACBCCCCCBDBACDBDBCBCCACCACADAACCCBABADBCCAAABBCCBB	['D15C', 'D36A', 'B41C', 'A63D', 'B65D', 'B70C']	6	-3.9540434	-7.168453	-8.881817	-1.7133636
BCCDDDCDCDDDDCCDABCDABCABDBACBDCAADACBCACACBCCABCACBCCCCCBDBACDBDBCBCCACCACADAACCCBABADBCCAAABBCCBB	['D15C', 'D36A', 'B41C', 'A63D', 'B65D', 'B70C']	6	-3.9540434	-7.168453	-8.881817	-1.7133636
BCCDDDCDCDDDBCCCABCDABCABDBACBDCAADDABCABACBCCABCACBCCCCCBDBACBBBBCBCBACCACADAACCCBABADBCCAAABBCCBB	['D13B', 'D15C', 'D16C', 'C37A', 'A63B']	5	-3.9559731	-7.6264944	-9.341787	-1.7152929
BCCDDDCDCDDDDADBABCDABCABDBACBDCAADDCBAABACBCCABCACBCCCCCBDCADCBBBCBCBADCACACAACCCBABADBCCAAABBCCBB	['C14A', 'D16B', 'C39A', 'B60C', 'C62D', 'A63C', 'C72D', 'D77C']	8	-3.9590812	-8.164235	-9.882637	-1.7184019
BCCDDDCDCDDDDDDDABCCABCABDBACBDCAADABBCABACBCCABCACBCCCCCBDBADBBBBCBCBACCACADAACCCBABADBCCAAABBCCBB	['C14D', 'D20C', 'D36A', 'C37B', 'C62D', 'A63B']	6	-3.9603305	-7.534025	-9.253675	-1.7196503
BCCDDDCDCDDBDCDCABBDABCABDBACBDCAADDCBCABACBCCABCACBCCCCDBDCBCABBBCBCBADCACADAACCCBABADBCCAAABBCCBB	['D12B', 'D16C', 'C19B', 'C57D', 'B60C', 'A61B', 'C72D']	7	-3.9610424	-7.510089	-9.2304535	-1.7203646
BCCDDDCDCDDBDCDCABBDABCABDBACBDCAADDCBCABACBCCABCACBCCCCDBDCBCABBBCBCBADCACADAACCCBABADBCCAAABBCCBB	['D12B', 'D16C', 'C19B', 'C57D', 'B60C', 'A61B', 'C72D']	7	-3.9610424	-7.510089	-9.2304535	-1.7203646
BCCDDDCDCDDABDDDABCDABCABDBACBDCAADDCBCACACBCCABCACBCCCCCBDBACDBBBCBCBACCACADAACCCBABADBCCAAABBCCBB	['D12A', 'D13B', 'C14D', 'B41C', 'A63D']	5	-3.9621768	-8.541147	-10.262646	-1.7214985
BCCDDDCDCDDDDCCDABCDABCABDBACBDCAADACBCABACBCCABCACBCCCCCBDBADDBBBCBCBACCACADAACCCBABADBCCAAABBCCBB	['D15C', 'D36A', 'C62D', 'A63D']	4	-3.9647012	-7.429223	-9.153244	-1.724021
BCCDDDCDCCDDBCDDABCDABCABDBACBDCAADDCBCABACBCCAACACBCCCCCBDCACBBBBCBCBACCACADAACCCBABADBCCAAABBCCBB	['D10C', 'D13B', 'B48A', 'B60C', 'A63B']	5	-3.9651837	-8.176169	-9.900674	-1.7245045
BCCDDDCDCDDDDCCCABCDABCABDBACBDCDADDABCABACBCCABCACBCCCCDBDBACACBBCBCBACCACADAACCCBABADBCCAAABBCCBB	['D15C', 'D16C', 'A33D', 'C37A', 'C57D', 'B64C']	6	-3.9667344	-7.4017773	-9.127832	-1.7260551
BCCDDDCDCDDDDDDDABCDABCABDBACBDCAADDCBCABACBCCABCACBCCCCCBDBADCBBBCBCAACCACADAACCCBABADBCCAAABBCCBB	['C14D', 'C62D', 'A63C', 'B70A']	4	-3.9667773	-8.989902	-10.716001	-1.726099
BCCDDDCDCDDDDDDDABCDABCABDBACBDCAADDCBCABACBCCABCACBCCCCCBDBADCBBBCBCAACCACADAACCCBABADBCCAAABBCCBB	['C14D', 'C62D', 'A63C', 'B70A']	4	-3.9667773	-8.989902	-10.716001	-1.726099
BCCDDDCDCDDDDDDDABCDABCABDBACBDCAADDCBCABACBCCABCACBCCCCCBDBADCBBBCBCAACCACADAACCCBABADBCCAAABBCCBB	['C14D', 'C62D', 'A63C', 'B70A']	4	-3.9667773	-8.989902	-10.716001	-1.726099
BCCDDDCDCDDDDDDDABCDABCABDBACBDCAADDCBCABACBCCABCACBCCCCCBDBADCBBBCBCAACCACADAACCCBABADBCCAAABBCCBB	['C14D', 'C62D', 'A63C', 'B70A']	4	-3.9667773	-8.989902	-10.716001	-1.726099
BCCDDDCDCDDDDDDDABCDABCABDBACBDCAADDCBCABACBCCABCACBCCCCCBDBADCBBBCBCAACCACADAACCCBABADBCCAAABBCCBB	['C14D', 'C62D', 'A63C', 'B70A']	4	-3.9667773	-8.989902	-10.716001	-1.726099
BCCDDDCDCDDDDCDDABCDABCABDBACDDCAACABBCABACBCCABCACBCCCCCBDCACACBBCBCBACCACADAACCCBABADBCCAAABBCCBB	['B30D', 'D35C', 'D36A', 'C37B', 'B60C', 'B64C']	6	-3.9675984	-7.7159953	-9.442905	-1.7269101
BCCDDDCDCDDDBCDDBBCDABCABDBACBDCAACDABCABACBCCABCACBCCCCCBDBACDBBBCBABADCACADAACCCBABADBCCAAABBCCBB	['D13B', 'A17B', 'D35C', 'C37A', 'A63D', 'C69A', 'C72D']	7	-3.9702783	-9.117298	-10.846895	-1.7295971
AAADDDCDCDDBDDCDABCDABCABDBACBDCAADDABCABACBCCABCACBCCCCCBDCCCABBBCBCBACCACADAACCCBABADBCCAAABBCCBB	['B1A', 'C2A', 'C3A', 'D12B', 'C14D', 'D15C', 'C37A', 'B60C', 'A61C']	9	-3.9709926	-9.744772	-11.475087	-1.7303152
AAADDDCDCDDBDDCDABCDABCABDBACBDCAADDABCABACBCCABCACBCCCCCBDCCCABBBCBCBACCACADAACCCBABADBCCAAABBCCBB	['B1A', 'C2A', 'C3A', 'D12B', 'C14D', 'D15C', 'C37A', 'B60C', 'A61C']	9	-3.9709926	-9.744772	-11.475087	-1.7303152
BCCDDDCDCDDDDCCDABCDABCABDBACBDCAACABBCABACBCCABCACBCCCCCBDBADCBBBCBCBACCACADAACCCBABADBCCAABBBCCBB	['D15C', 'D35C', 'D36A', 'C37B', 'C62D', 'A63C', 'A93B']	7	-3.9711657	-7.208992	-8.939477	-1.730485
BCCDDDCDCDDDDCCDABCDABCABDBACBDCAADACBCACACBCCABCACBCCCCCBDBACABBBCBCBACCACADAACCCBABADBCCAAABBCCBB	['D15C', 'D36A', 'B41C']	3	-3.982617	-6.7957	-8.537638	-1.7419376
BCCDDDCDCDDDDCCDABCDABCABDBACBDCAADACBCACACBCCABCACBCCCCCBDBACABBBCBCBACCACADAACCCBABADBCCAAABBCCBB	['D15C', 'D36A', 'B41C']	3	-3.982617	-6.7957	-8.537638	-1.7419376
BCCDDDCDCDDDDCCDABCDABCABDBACBDCAADACBCACACBCCABCACBCCCCCBDBACABBBCBCBACCACADAACCCBABADBCCAAABBCCBB	['D15C', 'D36A', 'B41C']	3	-3.982617	-6.7957	-8.537638	-1.7419376
BCCDDDCACDDDBCDDABCDABCABDBACBDCAACACBCACACBCCABCACBCCCCCBDBDDCBBBCBBBACCACADAACCCBABADBCCAAABBCCBB	['D8A', 'D13B', 'D35C', 'D36A', 'B41C', 'A61D', 'C62D', 'A63C', 'C69B']	9	-3.9832797	-9.012156	-10.754758	-1.7426023
BCCDDDCDCDDDDCCDABCDABCABDBACBDCAACACBCABACBCCABCACBCCCCCBDBADCBBBCBCBACCACADAACCCBABADBCCAABBBCCBB	['D15C', 'D35C', 'D36A', 'C62D', 'A63C', 'A93B']	6	-3.9855862	-7.7143755	-9.459284	-1.7449083
BCCDDDCDCDDDDCCDABCDABCABDBACBDCAADACBCABACBCCABCACBCCCCCBDBADCBBBCBCBADCACADAACCCBABADBCCAAABBCCBB	['D15C', 'D36A', 'C62D', 'A63C', 'C72D']	5	-3.9866066	-7.823311	-9.569242	-1.7459307
BCCDDDCDCDDDDCDDABCDABCABDBACBDCAADDCBCACACBCCABCACBCCCCCBDCADABBBCBCBACCACADADCCCBABADBCCAAABBCCBB	['B41C', 'B60C', 'C62D', 'A79D']	4	-3.9882755	-8.570245	-10.317843	-1.7475986
BCCDDDCDCDDDDCDDABCDABCABDBACBDCAACABBCABACBCCABCACBCCCCCBDBACDBBBCBCBACCACADAACCCBABADBCCAAABBCCBB	['D35C', 'D36A', 'C37B', 'A63D']	4	-3.989203	-8.223349	-9.971872	-1.7485237
BCCDDDCDCDDDDDCDBBCDABCABDBACBDCAADDCBCABACBCCABCACBCCCCCBDBACDBBBCBCBADCACADAACCCBABADBCCAAABBCCBB	['C14D', 'D15C', 'A17B', 'A63D', 'C72D']	5	-3.9927301	-7.7956314	-9.547681	-1.7520494
BCCDDDCDCDDDDCDDABBDABCABDBACBDCAADACBCABACBCCABCACBCCCCCBDBACABBBCBCBACCACADAACCCBABADBCCAAABBCCBB	['C19B', 'D36A']	2	-3.995583	-6.8009844	-8.555888	-1.7549038
BCCDDDCDCDDDDCDDABBDABCABDBACBDCAADACBCABACBCCABCACBCCCCCBDBACABBBCBCBACCACADAACCCBABADBCCAAABBCCBB	['C19B', 'D36A']	2	-3.995583	-6.8009844	-8.555888	-1.7549038
BCCDDDCDCDDDDCCDABCDABCABDBACBDCAACDBBCABACBCCABCACBCCCCCBDCACABBBCBCBACCACADAACCCBABADBCCAAABBCCBB	['D15C', 'D35C', 'C37B', 'B60C']	4	-3.9973016	-7.3617287	-9.118348	-1.7566195
BCCDDDCDCDDDDCDDABCDABCABDBACBDCAADCCBCABACBCCABCACBCCCCCBDBACABBBCBCBACCACADAACCCBABADBCCAAABBCCBB	['D36C']	1	-3.9996142	-7.7533	-9.512233	-1.7589326
BCCDDDCDCDDADCDDABCDABCABDBACBDCAADDCBCABACBCCABCACBCCCCCBDBADABBBCBCBACCACACAACCCBABADBCCAAABBCCBB	['D12A', 'C62D', 'D77C']	3	-4.000469	-7.109106	-8.868896	-1.7597895
BCCDDDCDCDDDDCDDABCDABCABDBACBDCAACABBCABACBCCABCACBCCCCCBDBACDBDBCBCBACCACADAACCCBABADBCCAAABBCCBB	['D35C', 'D36A', 'C37B', 'A63D', 'B65D']	5	-4.0020223	-8.432743	-10.194086	-1.761343
BCCDDDCDCDDDDCDDABCDABCABDBACBDCAACACBCABACBCCABCACBCCCCCBDBACDBBBCBCBACCACADAACCCBABADBCCAAABBCCBB	['D35C', 'D36A', 'A63D']	3	-4.0036235	-8.728733	-10.491678	-1.7629452
BCCDDDCDCDDDDCDDABCDABCABDBACBDCAACACBCABACBCCABCACBCCCCCBDBACDBBBCBCBACCACADAACCCBABADBCCAAABBCCBB	['D35C', 'D36A', 'A63D']	3	-4.0036235	-8.728733	-10.491678	-1.7629452
BCCDDDCDCDDBDCCDBBBBABCABDBACBDCAADABBCABACBCCABCACBCCCCCBDBACBBBBCBCBACCACADAACCCBABADBCCAAABBCCBB	['D12B', 'D15C', 'A17B', 'C19B', 'D20B', 'D36A', 'C37B', 'A63B']	8	-4.007458	-6.9052496	-8.672029	-1.766779
BCCDDDCDCDDADCDDABBDABCABDBACBDCAADDCBCABACBCCABCACBCCCCCBDBACDBBBCBCBACCACADAACCCBABADBCCAAABBCCBB	['D12A', 'C19B', 'A63D']	3	-4.007953	-8.124205	-9.891482	-1.7672777
BCCDDDCDCDDDACCDABCDABCABDBACDDCAACABBCABACBCCABCACBCCCCCBDBACDBBBCBCBACCADADAACCCBABADBCCAAABBCCBB	['D13A', 'D15C', 'B30D', 'D35C', 'D36A', 'C37B', 'A63D', 'C75D']	8	-4.5254917	-4.0118876	-6.296693	-1.7712011
BCCDDDCDCDDDBCCDABCDABCABDBACBDCAACACBCABACBCCABCACBCCCCCBDBADBBBBCBCCABCACADAACCCBABADBCCAAABBCCBB	['D13B', 'D15C', 'D35C', 'D36A', 'C62D', 'A63B', 'B70C', 'C72B']	8	-4.012727	-7.2464495	-9.018495	-1.7720451
BCCDDDCDCDDDDCDDABCDABCABDBACBDCAADDCBCABACBCCABCACBCCCCDBDBACDBBBCBCBACCACADAACCCBABADBCCAAABBDCBB	['C57D', 'A63D', 'C96D']	3	-4.0136843	-8.803976	-10.576983	-1.7730074
BCCDDDCDCDDDDCDCABCDABCABDBACBDCAADDCBAACACBCCABCACBCCCCCBDBABBBBBCBCBACCACADAACCCBABADBCCAABBBCCBB	['D16C', 'C39A', 'B41C', 'C62B', 'A63B', 'A93B']	6	-4.016531	-8.951861	-10.727715	-1.7758532
BCCDDDCDCDDDDCCDABCDABCABDBACDDCAADACBCACACBCCABCACBCCCCCBDBACDBBBCBBBACCACADAACCCBABADBCCAAABBCCBB	['D15C', 'B30D', 'D36A', 'B41C', 'A63D', 'C69B']	6	-4.0235887	-6.531513	-8.314415	-1.7829018
BCCDDDCDCDDDDCDDABCDABCABDBACBDCAACDCBCABACBCCABCACBCBCCCBDBACDBBBCBBCACCACADAACCCBABADBCCAAABBCCBB	['D35C', 'C54B', 'A63D', 'C69B', 'B70C']	5	-4.0236206	-9.363811	-11.14675	-1.7829399
BCCDDDCDCDDDDCCDABCDABCABDBACBDCAACDCBCABACBCCABCACBCCCCDBDBACDBBBBBDBACCACADAACCCBABADBCCAAABBCCBB	['D15C', 'D35C', 'C57D', 'A63D', 'C67B', 'C69D']	6	-4.024385	-8.008273	-9.79198	-1.7837067
BCCDDDCDCDDDDCCDABCDABCABDBACBDCAADACBCABACBCCABCACBCCCCCBDBACCBBBCBCBACCACADAACCCBABADBCCAAABBCCBB	['D15C', 'D36A', 'A63C']	3	-4.0245357	-7.8325605	-9.616417	-1.7838564
BCCDDDCDCDDADCDDABCDABCABDBACBDCAADABBCABACBCCABCACBCCCCDBDBACDBBBCBCBACCACADAACCCBABADBCCAABBBCCBB	['D12A', 'D36A', 'C37B', 'C57D', 'A63D', 'A93B']	6	-4.024768	-7.9671826	-9.751276	-1.7840934
BCCDDDCDCDDBDCCDABBDABCABDBACBDCAADACBCACACBCCABCACBCCCCCBDBACABBBCBCBACCACADAACCCBABADBCCAAABBCCBB	['D12B', 'D15C', 'C19B', 'D36A', 'B41C']	5	-4.027024	-6.445819	-8.232159	-1.7863398
BCCDDDCDCDDDDCDDABCDABCABDBACBDCAADACBCABACBCCABCACBCCCCDBDBADDBDBCBCBACCACADAACCCBABADBCCAAABBCCBB	['D36A', 'C57D', 'C62D', 'A63D', 'B65D']	5	-4.0296597	-8.728666	-10.51765	-1.7889833
BCCDDDCDCDDDDCDDABCDABCABDBACBDCAACAABCACACBCCABCACBCCCCDBDBADDBBBCBCBACCACADAACCCBABADBCCAABBBCCBB	['D35C', 'D36A', 'C37A', 'B41C', 'C57D', 'C62D', 'A63D', 'A93B']	8	-4.030384	-8.555717	-10.345425	-1.7897072
BCCDDDCDCDDDDDCCABCDABCABDBACBDCAADDABCABACBCCABCACBCCCCCBDBADBBBBCBCBADCACADAACCCBABADBCCAAABBCCBB	['C14D', 'D15C', 'D16C', 'C37A', 'C62D', 'A63B', 'C72D']	7	-4.0307713	-8.07872	-9.868813	-1.7900925
BCCDDDCDCDDADCDDABCCABCABDBACBDCAAAACBCABACBCCABCACBCCCCDBDBACDBBBCBCBBCCACADAACCCBBBADBCBAAABBCCBB	['D12A', 'D20C', 'D35A', 'D36A', 'C57D', 'A63D', 'A71B', 'A84B', 'C90B']	9	-4.031407	-7.622669	-9.413396	-1.7907267
BCCDDDCDCDDDDCCDABCDABCABDBACBDCAADAABCABACBCCABCACBCCCCDBDBACABBBCBCBADCACADAACCCBABADBCCAAABBCCBB	['D15C', 'D36A', 'C37A', 'C57D', 'C72D']	5	-4.034087	-6.8579674	-8.651378	-1.7934103
AAADDDADCCDDDCCCABBCABCABDBACBDCAACABBCABACBCCAACACBCDCCCBDBADCBBBCBCBBDCCCADAACCABABADBCBAABBBCCBB	['B1A', 'C2A', 'C3A', 'C7A', 'D10C', 'D15C', 'D16C', 'C19B', 'D20C', 'D35C', 'D36A', 'C37B', 'B48A', 'C54D', 'C62D', 'A63C', 'A71B', 'C72D', 'A74C', 'C82A', 'C90B', 'A93B']	22	-4.034546	-8.942495	-10.736361	-1.7938652
BCCDDDCDCDDDDCDDABCDABCABDBACBDCAACDABCABACBCCABCACBCCCCCBDCACDBBBCBBBACCACADAACCCBABADBCCAAABBCCBB	['D35C', 'C37A', 'B60C', 'A63D', 'C69B']	5	-4.036404	-9.898249	-11.693974	-1.7957249
BCCDDDCDCDDDDCDDABCDABCABDBACBDCAACACBCACACBCCABCACBCCCCCBDBACDBBBCBCBACCACADAACCCBABADBCCAAABBCCBB	['D35C', 'D36A', 'B41C', 'A63D']	4	-4.039268	-8.8473215	-10.645907	-1.7985859
BCCDDDCDCDDCDCDDABADABCABDBACBDCAACDCBCABACBCCAACACBCCCCCBDBACDBDBCBCBCCCACACAACCCBABADBCCAAABBCCBB	['D12C', 'C19A', 'D35C', 'B48A', 'A63D', 'B65D', 'A71C', 'D77C']	8	-4.040499	-8.570718	-10.370534	-1.7998161
AAAADDCDCDDDBCCDABCDABCABDBACBDCAADDABCABACBCCABCACBCCCCCBDBACABBBCBCBACCACADAACCCBABADBCCAAABBCCBB	['B1A', 'C2A', 'C3A', 'D4A', 'D13B', 'D15C', 'C37A']	7	-4.041579	-8.213687	-10.014587	-1.8009005
BCCDDDCDCDDABCDDABCDABCABDBACBDCAADDCBCABACBCCABCACBCCCCCBDBADDBBBCBCBACCACADAACCCBABADBCCAAABBCCBB	['D12A', 'D13B', 'C62D', 'A63D']	4	-4.0423408	-8.408721	-10.210385	-1.8016644
AAADDDCDCCDDDCCCABCCABCABDBACBDCAACACBAACADBCCAACACBCDCCCBDBADBBBBCBCBACCACADAACCCBABADBCBAABBBCCBB	['B1A', 'C2A', 'C3A', 'D10C', 'D15C', 'D16C', 'D20C', 'D35C', 'D36A', 'C39A', 'B41C', 'C43D', 'B48A', 'C54D', 'C62D', 'A63B', 'C90B', 'A93B']	18	-4.0426073	-9.309628	-11.111552	-1.8019247
BCCDDDCDCDDADCDDABCCABCABDBACDDCAACACBCABACBCCABCACBCCCCDCDBADCCBBCBCBACCACADAACCCBABADBCCAAABBCCBB	['D12A', 'D20C', 'B30D', 'D35C', 'D36A', 'C57D', 'B58C', 'C62D', 'A63C', 'B64C']	10	-4.0494943	-9.185667	-10.994473	-1.8088064
BCCDDDCDCDDDDCCDABBDABCABDBACBDCAADACBCABACBCCABCACBCCCCCBDBACABBBCBCBACCACADAACCCBABADBCCAAABBCCBB	['D15C', 'C19B', 'D36A']	3	-4.05164	-5.864998	-7.6759596	-1.8109617
BCCDDDCDCDDDDCDDABCDABCABDBACBDCAACABBCABACBCCABCACBCCCCCBDCACDBBBCBCBACCACACAACCCBABADBCCAAABBCCBB	['D35C', 'D36A', 'C37B', 'B60C', 'A63D', 'D77C']	6	-4.0517235	-7.878596	-9.689638	-1.8110423
BCCDDDCDCDDDDCCDABCDABCABDBACBDCAACDABCACACBCCABCACBCCCCCBDBACABBBCBCCACCACADAACCCBABADBCCAAABBCCBB	['D15C', 'D35C', 'C37A', 'B41C', 'B70C']	5	-4.0574837	-6.7026443	-8.519446	-1.816802
BCCDDDCDCDDDDCCDABCDABCABDBACBDCAACACBCABACBCCABCACBCCCCCBDBACDBBBCBCBACCACADAACCCBABADBCCAAABBCCBB	['D15C', 'D35C', 'D36A', 'A63D']	4	-4.0596805	-7.7927456	-9.611747	-1.8190012
BCCDDDCDCDDCDDCCABCDABCABDBACBDCAADDABCABACBCCABCACBCCCCCBDBACABBBCBCBACCACADAACCCBABADBCCAAABBCCBB	['D12C', 'C14D', 'D15C', 'D16C', 'C37A']	5	-4.065107	-7.4418707	-9.266298	-1.8244276
BCCDDDCDCDDDDCDDABCDABCABDBACBDCAACDDBCACACBCCABCACBCCCCCBDBACABBBCBCBACCACADAACCCBABADBCCAAABBCCBB	['D35C', 'C37D', 'B41C']	3	-4.0690265	-8.029395	-9.8577385	-1.8283434
BCCDDDCDCDDDDCDDABCDABCABDBACBDCAADDABCABACBCCABCACBCCCCCBDCADABDBCBCBACCACADAACCCBABADBCCAAABBCCBB	['C37A', 'B60C', 'C62D', 'B65D']	4	-4.0741477	-8.645029	-10.478496	-1.8334665
BCCDDDCDCDDDDCDDABCDABCABDBACBDCAADACBCABACBCCABCACBCCCCCBDBADABBBCBCBACCACADAACCCBABADBCCAAABBCCBB	['D36A', 'C62D']	2	-4.0747104	-7.5731177	-9.40715	-1.8340325
BCCDDDCDCDDDDCDDABCDABCABDBACBDCAADACBCABACBCCABCACBCCCCCBDBADABBBCBCBACCACADAACCCBABADBCCAAABBCCBB	['D36A', 'C62D']	2	-4.0747104	-7.5731177	-9.40715	-1.8340325
BCCDDDCDCDDDDCDDABCDABCABDBACBDCAADACBCABACBCCABCACBCCCCCBDBADABBBCBCBACCACADAACCCBABADBCCAAABBCCBB	['D36A', 'C62D']	2	-4.0747104	-7.5731177	-9.40715	-1.8340325
BCCDDDCDCDDDDCCDABBDABCABDBACDDCAACACBCABACBCCABCACBCCCCCBDBACDBBBCBCBCACACADAACCCBABADBCCAAABBCCBB	['D15C', 'C19B', 'B30D', 'D35C', 'D36A', 'A63D', 'A71C', 'C72A']	8	-4.0802035	-4.8833003	-6.7228193	-1.839519
BCCDDDCDCDDADCDDABCDABCABDBACBDCAADDCBCABACBCCABCACBCCCCCBDBACDDBBCBCBACCACADAACCCBABADBCCAAABBCCBB	['D12A', 'A63D', 'B64D']	3	-4.0862303	-9.321568	-11.167118	-1.8455505
BCCDDDCDCDDADCDDABCDABCABDBACBDCAADDCBCABACBCCABCACBCCCCCBDBADDBBBCBCBACCACADAACCCBABADBCCAAABBCCBB	['D12A', 'C62D', 'A63D']	3	-4.0870814	-8.896338	-10.742744	-1.846406
BCCDDDCDCDDDDCDCABCDABCABDBACBDCAADDABAABACBCCABCACBCCCCCBDBACDBBBCBCBACCACADAACCCBABADBCCAAABBCCBB	['D16C', 'C37A', 'C39A', 'A63D']	4	-4.0903897	-9.0077305	-10.85744	-1.8497095
BCCDDDCDCDDDDCDDBBCDABCABDBACBDCAADDCBCABACBCCABCACBCCCCCBDBACDBBBCBCBACCACADAACCCBABADBCCAAABBCCBB	['A17B', 'A63D']	2	-4.0904098	-8.727028	-10.576761	-1.8497334
BCCDDDCDCDDADCDDABCDABCABDBACBDCAADDCBCABACBCCABCACBCCCCCBDBADBBBBCBCBACCACADAACCCBABADBCCAAABBCCBB	['D12A', 'C62D', 'A63B']	3	-4.090894	-9.093575	-10.943791	-1.8502169
BCCDDDCDCDDDDCDDABCDABCABDBACBDCAADACBCABACBCCABCACBCCCCCBDBADDDBBCBCBACCACADAACCCBABADBCCAAABBCCBB	['D36A', 'C62D', 'A63D', 'B64D']	4	-4.0915885	-8.750458	-10.601368	-1.8509102
AAADDDCDCDDADCDDABCCABCABDBACBDCAADDBBCABACBCCABCACBCCCCCBDCACDBBBCBCBACCACADAACCCBABADBCCAAABBCCBB	['B1A', 'C2A', 'C3A', 'D12A', 'D20C', 'C37B', 'B60C', 'A63D']	8	-4.0939784	-10.355796	-12.209101	-1.8533049
BCCDDDCDCDDDDCDCABCCABCABDBACBDCAADACBCABACBCCABCACBCCCCCBDBACABBBCBABACCACADAACCCBABADBCCAAABBCCBB	['D16C', 'D20C', 'D36A', 'C69A']	4	-4.096715	-7.8792987	-9.735332	-1.8560328
BCCDDDCDCDDDDCCDABCDABCABDBACBDCAACDABCABACBCCABCACBCCCCCBDBADDDBBCBCBACCACADAACCCBABADBCCAAABBCCBB	['D15C', 'D35C', 'C37A', 'C62D', 'A63D', 'B64D']	6	-4.0978394	-8.350146	-10.207306	-1.8571596
BCCDDDCDCDDDDCCDABCDABCABDBACBDCAACDBBCABACBCCABCACBCCCCDBDCACDBBBCBCBACCACADAACCCBABADBCCAAABBCCBA	['D15C', 'D35C', 'C37B', 'C57D', 'B60C', 'A63D', 'B99A']	7	-4.1000733	-8.477198	-10.336592	-1.8593941
AAADDDCDCDDDDCCDABCCABCABDBACBDCAACABBCABACBCCABCACBCCCCCBDBACABBBCBCBACCACADAACCCBABADBCCAAABBCCBB	['B1A', 'C2A', 'C3A', 'D15C', 'D20C', 'D35C', 'D36A', 'C37B']	8	-4.1012406	-7.7697463	-9.630304	-1.860558
BCCDDDCDCDDBDCDCABBDABCABDBACBDCAADDCBAABACBCCABCACBCCCCCBDBABCCBBCBCBACCACADAACCCBABADBCCAAABBCCBB	['D12B', 'D16C', 'C19B', 'C39A', 'C62B', 'A63C', 'B64C']	7	-4.1028876	-10.048885	-11.911097	-1.8622112
BCCDDDCDCDDDDCDDABCDABCABDBACBDCAADDBBCABABBCCABCACBCCCCDBDBDCBBDBCBCBACCACADAACCCBABADBCCAAABBCCBB	['C37B', 'C43B', 'C57D', 'A61D', 'A63B', 'B65D']	6	-4.1053176	-8.877196	-10.741833	-1.8646364
BCCDDDCDCDDCDDDDABCDABCABDBACBDCAACACBCACACBCCABCACBCCCCCBDBACABBBCBCBACCACADAACCCBABADBCCAAABBCCBB	['D12C', 'C14D', 'D35C', 'D36A', 'B41C']	5	-4.107474	-8.372317	-10.239113	-1.8667955
BCCDDDCDCDDBDCDDABCDABCABDBACBDCDADDABCABACBCCABCACBCCCCCBDBADDDBBCBBBACCACADAACCCBABADBCCAAABBCCBB	['D12B', 'A33D', 'C37A', 'C62D', 'A63D', 'B64D', 'C69B']	7	-4.1082234	-8.8571205	-10.724666	-1.8675451
BCCDDDCDCDDDDCDDABCDABCABDBACBDCAACACBCABACBCCABCACBCCCCDBDBACDBBBCBCBACCACADAACCCBABADBCCAAABBCCBB	['D35C', 'D36A', 'C57D', 'A63D']	4	-4.1118197	-8.882797	-10.753939	-1.8711414
AAADDDCDCDDBDDDDABCDABCABDBACBDCAACCCBCABACBCCABCACBCCCCCBDBADDBBBABCBACCACADAACCCBABADBCCAAABBCCBB	['B1A', 'C2A', 'C3A', 'D12B', 'C14D', 'D35C', 'D36C', 'C62D', 'A63D', 'C67A']	10	-4.1134343	-11.129217	-13.001974	-1.872757
BCCDDDCDCDDDBCDDABCDABCABDBACDDCAACACBCABACBCCABCACBCCCCCBDBACDBBBCBCBACCACADAACCCBABADBCCAAABBCCBB	['D13B', 'B30D', 'D35C', 'D36A', 'A63D']	5	-4.119757	-6.8778358	-8.756903	-1.879067
BCCDDDCDCDDDBCDDABCDABCABDBACDDCAACACBCABACBCCABCACBCCCCCBDBACDBBBCBCBACCACADAACCCBABADBCCAAABBCCBB	['D13B', 'B30D', 'D35C', 'D36A', 'A63D']	5	-4.119757	-6.8778358	-8.756903	-1.879067
BCCDDDCDCDDDDCDDACCDABCABDBACBDCAADDCBCABACBCCABCACBCCCCCBDBACDBBBCBCBACCACADAACCCBABADBCCAAABBCCBB	['B18C', 'A63D']	2	-4.1249423	-8.222234	-10.106497	-1.884263
BCCDDDCDCDDDDDCCABCDABCABDBACBDCAADDABAABACBCCABCACBCCCCCBDBACCBBBCBABACCACADAACCCBABADBCCAAABBCCBB	['C14D', 'D15C', 'D16C', 'C37A', 'C39A', 'A63C', 'C69A']	7	-4.124981	-8.936513	-10.820818	-1.884305
BCCDDDCDCDDADCDDABCDABCABDBACBDCAACDABCABACBCCABCACBCCCCCBDBACDBBBCBCBACCACACAACCCBABADBCCAAABBCCBB	['D12A', 'D35C', 'C37A', 'A63D', 'D77C']	5	-4.130024	-8.26078	-10.150128	-1.889348
AAAADDCDCDDDDDDDBBCDABCABDBACBDCAADDABCABACBCCABCACBCCCCCBDBACBBBBCBCBACCACACAACCCBABADBBCAABBBCCBB	['B1A', 'C2A', 'C3A', 'D4A', 'C14D', 'A17B', 'C37A', 'A63B', 'D77C', 'C89B', 'A93B']	11	-4.1350913	-9.495306	-11.389719	-1.894413
BCCDDDCDCDDBDDCCABCDABCABDBACBDCAADDCBAABACBCCABCACBCCCCCBDBADDBBBCBCBACCACADAACCCBABADBCCAAABBCCBB	['D12B', 'C14D', 'D15C', 'D16C', 'C39A', 'C62D', 'A63D']	7	-4.137326	-8.471793	-10.368439	-1.8966455
BCCDDDCDCDDDDCCDABCDABCABDBACBDCAACACBCABACBCCABCACBCCCCDBDBBCABBBCBCBACCACADAACCCBABADBCCAAABBCCBB	['D15C', 'D35C', 'D36A', 'C57D', 'A61B']	5	-4.1426415	-6.1148024	-8.01676	-1.9019575
BCCDDDCDCDDDDCCCABCDABCABDBACBDCAACDABAACACBCCABCACBCCCCCBDBADDBBBCBCBACCACADAACCCBABADBCCAABBBCCBB	['D15C', 'D16C', 'D35C', 'C37A', 'C39A', 'B41C', 'C62D', 'A63D', 'A93B']	9	-4.1431427	-8.072148	-9.974613	-1.9024649
BCCDDDCDCDDDDCDCABCDABCABDBACBDCAADDCBCABACBCCABCACBCCCCCBDCADABBBCBCBACCACACAACCCBABADBCCAAABBCCBB	['D16C', 'B60C', 'C62D', 'D77C']	4	-4.152584	-7.6799736	-9.59188	-1.9119062
BCCDDDCDCDDDDCDCABCDABCABDBACBDCAACDABCABACBCCABCACBCCCCCBDBADBBBBCBCBACCACACAACCCBABADBCCAAABBCCBB	['D16C', 'D35C', 'C37A', 'C62D', 'A63B', 'D77C']	6	-4.1545477	-8.338519	-10.252385	-1.913866
BCCDDDCDCDDDDCDCABCDABCABDBACBDCAACDABCABACBCCABCACBCCCCCBDBADBBBBCBCBACCACACAACCCBABADBCCAAABBCCBB	['D16C', 'D35C', 'C37A', 'C62D', 'A63B', 'D77C']	6	-4.1545477	-8.338519	-10.252385	-1.913866
BCCDDDCDCDDDDCDCABCDABCABDBACBDCAACDABCABACBCCABCACBCCCCCBDBADBBBBCBCBACCACACAACCCBABADBCCAAABBCCBB	['D16C', 'D35C', 'C37A', 'C62D', 'A63B', 'D77C']	6	-4.1545477	-8.338519	-10.252385	-1.913866
BCCDDDCDCDDADCDDABCDABCABDBACBDCAACABBCABACBCCABCACBCCCCCBDBADDBBBCBCBADCACADAACCCBABADBCCAABBBCCBB	['D12A', 'D35C', 'D36A', 'C37B', 'C62D', 'A63D', 'C72D', 'A93B']	8	-4.157415	-8.12741	-10.044148	-1.9167385
BCCDDDCDCDDDDCCDABDDABCABDBACBDCAACACBCABACBCCABCACBCCCCCBDBACDDBBCBCBACCACADAACCCBABADBCCAAABBCCBB	['D15C', 'C19D', 'D35C', 'D36A', 'A63D', 'B64D']	6	-4.1586847	-7.990463	-9.908464	-1.9180017
BCCDDDCDCDDDDCDDABCDABCABDBACDDCAACACBCABACBCCABCACBCCCCCBDBACDBBBCBCBACCACADAACCCBABADBCCAAABBCCBB	['B30D', 'D35C', 'D36A', 'A63D']	4	-4.164499	-7.3654547	-9.289265	-1.92381
BCCDDDCDCDDDDCDDABCDABCABDBACDDCAACACBCABACBCCABCACBCCCCCBDBACDBBBCBCBACCACADAACCCBABADBCCAAABBCCBB	['B30D', 'D35C', 'D36A', 'A63D']	4	-4.164499	-7.3654547	-9.289265	-1.92381
BCCDDDCDCDDDDCDDABCDABCABDBACDDCAACACBCABACBCCABCACBCCCCCBDBACDBBBCBCBACCACADAACCCBABADBCCAAABBCCBB	['B30D', 'D35C', 'D36A', 'A63D']	4	-4.164499	-7.3654547	-9.289265	-1.92381
BCCDDDCDCDDDDCDDABCDABCABDBACDDCAACACBCABACBCCABCACBCCCCCBDBACDBBBCBCBACCACADAACCCBABADBCCAAABBCCBB	['B30D', 'D35C', 'D36A', 'A63D']	4	-4.164499	-7.3654547	-9.289265	-1.92381
BCCDDDCDCDDDDCCDABCDABCABDBACBDCAACABBCABACBCCABCACBCCCCDBDBACDBDBCBCBACCACADAACCCBABADBCCAAABBCCBB	['D15C', 'D35C', 'D36A', 'C37B', 'C57D', 'A63D', 'B65D']	7	-4.1662755	-7.6508207	-9.576414	-1.9255934
BCCDDDCDCDDDDCDCABCDABCABDBACBDCAADDCBCABACBCCABCACBCCCCCBDBADCBBBCBCBACCACADAACCCBABADBCCAAABBCCBB	['D16C', 'C62D', 'A63C']	3	-4.167628	-9.180177	-11.107127	-1.9269505
BCCDDDCDCDDDDCDDABCCABCABDBACBDCAACACBCACACBCCABCACBCCCCDBDBDCABBBCBCBACCACADAACCCBABADBCCAABBBCCBB	['D20C', 'D35C', 'D36A', 'B41C', 'C57D', 'A61D', 'A93B']	7	-4.169389	-7.2287455	-9.157452	-1.9287062
BCCDDDCDCDDDDCDDABCDABCABDBACBDCAACACBCABACBCCABCACBCCCCCBDBACABBBCBCBACCACADAACCCBABADBCCAAABBCCBB	['D35C', 'D36A']	2	-4.1696897	-7.9366426	-9.865651	-1.9290085
BCCDDDCDCDDDDDCDABBDABCABDBACBDCAACDCBCACABBCCABCACBCCCCCBDBACDBBBCBCBACCACADAACCCBABADBCCAAABBCCBB	['C14D', 'D15C', 'C19B', 'D35C', 'B41C', 'C43B', 'A63D']	7	-4.174969	-7.571681	-9.505971	-1.9342899
AAADDDCDCDDDDCDDABCDABCABDBACBDCAACABBCABACBCCABCACBCCCCCBDBACABBBCBCCACCACADAACCCBABADBCCAAABBCCBB	['B1A', 'C2A', 'C3A', 'D35C', 'D36A', 'C37B', 'B70C']	7	-4.1755505	-8.573898	-10.508767	-1.9348688
BCCDDDCDCDDDDCDDABCDABCABDBACBDCAACACBCABACBCCABCACBCCCCCBDBADCBBBCBCBACCACACAACCCBABADBCCAAABBCCBB	['D35C', 'D36A', 'C62D', 'A63C', 'D77C']	5	-4.1783705	-8.056967	-9.9946575	-1.9376907
BCCDDDCDCDDDDCDDABCDABCABDBACBDCAADDCBCABACBCCABCACBCCCCCBDBACACBBCBCBACCBCADAACCCBABADBCCABABBAAAA	['B64C', 'A74B', 'A92B', 'C96A', 'C97A', 'B98A', 'B99A']	7	-4.185029	-9.46254	-11.406891	-1.9443512
BCCDDDCDCDDBDCDCABBDABCABDBACBDCAADACBCABACBCCABCACBCCCCDBDBADCCBBCBCBACCACADAACCCBABADBCCAAABBCCBB	['D12B', 'D16C', 'C19B', 'D36A', 'C57D', 'C62D', 'A63C', 'B64C']	8	-4.1857114	-9.765916	-11.710952	-1.9450359
AAADDDCDCDDADCDDABCDABCABDBACBDCAACDCBCABACBCCABCACBCCCCDBDBACDBBBCBCBACCACADAACCCBABADBCCAAABBCCBB	['B1A', 'C2A', 'C3A', 'D12A', 'D35C', 'C57D', 'A63D']	7	-4.185865	-11.185296	-13.130483	-1.9451866
BCCDDDCDCDDDDCDDABCDABCABDBACDDCAADAABCABACBCCABCACBCCCCDBDBACDBBBCBCBACCACADAACCCBABADBCCAAABBCCBB	['B30D', 'D36A', 'C37A', 'C57D', 'A63D']	5	-4.1945643	-7.192038	-9.145915	-1.953877
BCCDDDCDCDDCDDDDABCDABCABDBACDDCAACCCBCABACBCCABCACBCCCCCBDCACDBBBCBBBBCCACACAACCCBABADBCCAAABBCCBB	['D12C', 'C14D', 'B30D', 'D35C', 'D36C', 'B60C', 'A63D', 'C69B', 'A71B', 'D77C']	10	-4.19762	-7.4736643	-9.430597	-1.956933
BCCDDDCDCDDDDCDDABBDABCABDBACBDCAACABBCABACBBCABCACBCCCCCBDBACDBBBCBCBACCACACAACCCBABADBCCAABBBCCBB	['C19B', 'D35C', 'D36A', 'C37B', 'C45B', 'A63D', 'D77C', 'A93B']	8	-4.2027974	-4.792102	-6.7542124	-1.9621105
BCCDDDCDCDDDDCCDABCDABCABDBACDDCAACCCBBABACBCCABCACBCCCCCBDBACDBBBCBCBACCACADAACCCBABADBCCAAABBCCBB	['D15C', 'B30D', 'D35C', 'D36C', 'C39B', 'A63D']	6	-4.2051163	-6.5428224	-8.507252	-1.9644294
BCCDDDCDCDDADCDDABCDABCABDBACDDCAACACBCABACBCCABCACBCCCCCBDBACDCBBCBCBACCACADAACCCBABADBCCAAABBCCBB	['D12A', 'B30D', 'D35C', 'D36A', 'A63D', 'B64C']	6	-4.2084155	-8.678142	-10.645872	-1.9677305
BCCDDDCDCDDADCDDABCCABCABDBACDDCAACACBCABACBCCABCACBCCCCDCDBADCCBBCBCBACCACADAACCCBABADBCCAAABBCCBA	['D12A', 'D20C', 'B30D', 'D35C', 'D36A', 'C57D', 'B58C', 'C62D', 'A63C', 'B64C', 'B99A']	11	-4.210136	-9.35498	-11.324432	-1.9694519
BCCDDDCDCDDDBCDDABCDABCABDBACDDCAACCBBCABACBCCABCACBCCCCCBDBACDBBBCBCBACCACADAACCCBABADBCCAAABBCCBB	['D13B', 'B30D', 'D35C', 'D36C', 'C37B', 'A63D']	6	-4.2140365	-6.5126543	-8.486002	-1.9733477
BCCDDDCDCDDDDCCDABCDABCABDBACDDCAACACBCABACBCCABCACBCCCCCBDBACDBBBCBCBACCACADAACCCBABADBCCAAABBCCBB	['D15C', 'B30D', 'D35C', 'D36A', 'A63D']	5	-4.2205534	-6.4294686	-8.409333	-1.9798646
BCCDDDCDCDDDDCCDABCDABCABDBACDDCAACACBCABACBCCABCACBCCCCCBDBACDBBBCBCBACCACADAACCCBABADBCCAAABBCCBB	['D15C', 'B30D', 'D35C', 'D36A', 'A63D']	5	-4.2205534	-6.4294686	-8.409333	-1.9798646
BCCDDDCDCADDBCDCABCDABCABDBACDDCAADACBCABACBACABCACBCCCCCBDBADCBBBCBCBACCACADAACCCBABADBCCAAABBCCBB	['D10A', 'D13B', 'D16C', 'B30D', 'D36A', 'C45A', 'C62D', 'A63C']	8	-4.224737	-6.467598	-8.451645	-1.9840469
BCCDDDCDCDDDDCDDABCCABCABDBACBDCAACACBCABACBCCABCACBCCCCCBDBADDBBBCBBBACCACADAACCCBABADBCCAAABBCCBB	['D20C', 'D35C', 'D36A', 'C62D', 'A63D', 'C69B']	6	-4.2278895	-8.498856	-10.486069	-1.9872131
BCCDDDCDCDDDBCDDACCCABCABDBACDDCAACACBCABACBDCABCACBCCCCCBDBACABBBCBCBACCACADAACCCBABADBCCAAABBCCBB	['D13B', 'B18C', 'D20C', 'B30D', 'D35C', 'D36A', 'C45D']	7	-4.228004	-5.352476	-7.3397903	-1.9873142
BCCDDDCDCDDBDCDDABBDABCABDBACBDCAADDCBCACACBCCABCACBCCCCCBDBACCBBBCBCBACCACADAACCCBABADBCCAAABBDCBB	['D12B', 'C19B', 'B41C', 'A63C', 'C96D']	5	-4.229169	-8.781973	-10.770464	-1.988491
BCCDDDCDCDDDDDDCABCDABCABDBACBDCAADDABCACACBCCABCACBCCCCCBDBADCDBBCBCBAACACACAACCCBABADBCCAAABBCCBB	['C14D', 'D16C', 'C37A', 'B41C', 'C62D', 'A63C', 'B64D', 'C72A', 'D77C']	9	-4.23242	-8.322442	-10.314185	-1.9917431
BCCDDDCDCDDDDDDCABCDABCABDBACBDCAADDABCACACBCCABCACBCCCCCBDBADCDBBCBCBAACACACAACCCBABADBCCAAABBCCBB	['C14D', 'D16C', 'C37A', 'B41C', 'C62D', 'A63C', 'B64D', 'C72A', 'D77C']	9	-4.23242	-8.322442	-10.314185	-1.9917431
BCCDDDCDCDDDDDDCABCDABCABDBACBDCAADDABCACACBCCABCACBCCCCCBDBADCDBBCBCBAACACACAACCCBABADBCCAAABBCCBB	['C14D', 'D16C', 'C37A', 'B41C', 'C62D', 'A63C', 'B64D', 'C72A', 'D77C']	9	-4.23242	-8.322442	-10.314185	-1.9917431
BCCDDDCDCDDDDCDDABCDABCABDBACBDCAACDABCABACBCCABCACBCCCCDBDCCCDBBBCBCBACCACADAACCCBABADBCCAAABBCCBB	['D35C', 'C37A', 'C57D', 'B60C', 'A61C', 'A63D']	6	-4.2325063	-9.742998	-11.734824	-1.991826
BCCDDDCDCDDDDCDDABCDABCABDBACBDCAACACBCABACBCCABCACBCCCCDBDCCDDBBBCBCBACCACADAACCCBABADBCBAAABBCCBB	['D35C', 'D36A', 'C57D', 'B60C', 'A61C', 'C62D', 'A63D', 'C90B']	8	-4.2353325	-9.342516	-11.337174	-1.9946585
BCCDDDCDCDDDDCCDABCDABCABDBACBDCAACACBCABACBCCABCACBCCCCCBDBADDBBBCBCBACCACADAACCCBABADBCCAAABBCCBB	['D15C', 'D35C', 'D36A', 'C62D', 'A63D']	5	-4.2434764	-7.752766	-9.755565	-2.0027986
BCCDDDCDCDDDDCCDABCDABCABDBACBDCAACACBCABACBCCABCACBCCCCCBDBADDBBBCBCBACCACADAACCCBABADBCCAAABBCCBB	['D15C', 'D35C', 'D36A', 'C62D', 'A63D']	5	-4.2434764	-7.752766	-9.755565	-2.0027986
BCCDDDCDCDDDDCCDABCDABCABDBACBDCAACACBCABACBCCABCACBCCCCCBDBADDBBBCBCBACCACADAACCCBABADBCCAAABBCCBB	['D15C', 'D35C', 'D36A', 'C62D', 'A63D']	5	-4.2434764	-7.752766	-9.755565	-2.0027986
BCCDDDCDCDDBDCCDABCCABCABDBACBDCAADABBCABACBCCABCACBCCCCDBDCADABBBCBCBADCACADAACCCBABADBCCAAABBCCBB	['D12B', 'D15C', 'D20C', 'D36A', 'C37B', 'C57D', 'B60C', 'C62D', 'C72D']	9	-4.2520647	-6.932267	-8.943651	-2.011384
BCCDDDCDCDDBDCDCABBDABCABDBACDDCAACACBCABACBCCABCACBCCCCCBDBACACBBCBCBACCACADAACCCBABADBCCAAABBCCBB	['D12B', 'D16C', 'C19B', 'B30D', 'D35C', 'D36A', 'B64C']	7	-4.2558036	-7.456651	-9.471768	-2.0151172
BCCDDDCDCDDDDCDDACCDABCABDBACBDCAADACBCABACBCCABCACBCCCCDBDBACDBBBCBCBACCACADAACCCBABADBCCAABBBCCBB	['B18C', 'D36A', 'C57D', 'A63D', 'A93B']	5	-4.260843	-7.75848	-9.778645	-2.0201645
BCCDDDCDCDDDDCDDABBDABCABDBACDDCAACACBCABACBCCABCACBCCCCCBDBACDBBBCBCBACCACADAACCCBABADBCCAAABBCCBB	['C19B', 'B30D', 'D35C', 'D36A', 'A63D']	5	-4.2691655	-6.55334	-8.581817	-2.0284767
BCCDDDCDCDDDDCDDABCDABCABDBACDDCAACACBCABACBCCABCACBCCCCDBDBACDBBBCBCBACCACADAACCCBABADBCCAAABBCCBB	['B30D', 'D35C', 'D36A', 'C57D', 'A63D']	5	-4.272695	-7.519519	-9.551527	-2.0320082
BCCDDDCDCDDDDCDDABBDABCABDBACBDCAACACBCABACBCCABCACBCCCCCBDBACABBBCBCBACCACADAACCCBABADBCCAAABBCCBB	['C19B', 'D35C', 'D36A']	3	-4.2743573	-7.124526	-9.158207	-2.033681
BCCDDDCDCDDADCDDABCDABCABDBACBDCAADACBCABACBCCABCACBCCCCCBDBADDBBBCBABACCACADAACCCBABADBCCAAABBCCBB	['D12A', 'D36A', 'C62D', 'A63D', 'C69A']	5	-4.283223	-9.207822	-11.250367	-2.0425453
BCCDDDCDCDDDDCDDCBCDABCABDBACBDCAADDABCABACBCCABCACBCCCCDBDBACDDBBCBCBACCACADAACCCBABADBCCAAABBCCBB	['A17C', 'C37A', 'C57D', 'A63D', 'B64D']	5	-4.283296	-9.326826	-11.369445	-2.0426188
BCCDDDCDCDDDDCDDCBCDABCABDBACBDCAADDCBCABACBCCABCACBCCCCCBDCADDBBBCBCBACCACADAACCCBABADBCCAAABBCCBB	['A17C', 'B60C', 'C62D', 'A63D']	4	-4.2905045	-9.401858	-11.45169	-2.0498314
BCCDDDCDCDDDDCCDCBCDABCABDBACBDCAADACBCABACBCCABCACBCCCCDBDBBCDBBBCBCBACCACADAACCCBABADBCCAAABBCCBB	['D15C', 'A17C', 'D36A', 'C57D', 'A61B', 'A63D']	6	-4.2936864	-6.753544	-8.806546	-2.0530024
BCCDDDCDCDDDDBDDABCDABCABDBACBDCAADAABCABACBCCABCACBCCCCCBDBACACBBCBCBACCACADAACCCBABADBCCAAABBCCBB	['C14B', 'D36A', 'C37A', 'B64C']	4	-4.2944493	-8.684564	-10.738331	-2.0537672
BCCDDDCDCDDDDCDDBBBDABCABDBACBDCAADDABCABACBCCABCACBCCCCCBDBACABBBCBCBACCACACAACCCBABADBCCAAABBCCBB	['A17B', 'C19B', 'C37A', 'D77C']	4	-4.3091087	-6.123744	-8.19217	-2.0684261
BCCDDDCDCDDDDCCDBBCBABCABDBACBDCAACACBCABACBCCABCACBCCCCCBDBACDBBBCBCBACCACADAACCCBABADBBCAAABBCCBB	['D15C', 'A17B', 'D20B', 'D35C', 'D36A', 'A63D', 'C89B']	7	-4.3109436	-8.072774	-10.143038	-2.0702639
BCCDDDCDCDDDBCDCABCDABCABDBACBDCAADAABCABACBCCABCACBCCCCCBDCBDCCBBCBCBACCACADAACCCBABADBCCAAABBCCBB	['D13B', 'D16C', 'D36A', 'C37A', 'B60C', 'A61B', 'C62D', 'A63C', 'B64C']	9	-4.3129067	-9.0806465	-11.152877	-2.0722303
BCCDDDCDCDDDBCDDABCDABCABDBACDDCAACAABCABACBCCABCACBCCCCCBDBACDBBBCBCBACCACADAACCCBABADBCCAAABBCCBB	['D13B', 'B30D', 'D35C', 'D36A', 'C37A', 'A63D']	6	-4.3204007	-6.8738966	-8.953608	-2.079711
BCCDDDCDCDDDDDDDABBDABCABDBACDDCAACACBCABACBCCABCACBCCCCCBDBACDBBBCBCBACCACADAACCCBABADBCCAAABBCCBB	['C14D', 'C19B', 'B30D', 'D35C', 'D36A', 'A63D']	6	-4.3371515	-6.5271983	-8.623661	-2.0964627
BCCDDDCDCDDDDCDDBBCDABCABDBACBDCAADDCBCABACBCCABCACBCCCCCBDBACCBDBCBCBACCACADAACCCBABADBCCAAABBCCBB	['A17B', 'A63C', 'B65D']	3	-4.3468595	-9.29978	-11.405957	-2.1061773
BCCDDDCDCDDDDCDDABCCABCABDBACBDCAACACBCABADBCCAACACBCDCCCBDBADDBBBCBCBACCACADAACCABABADBCCAAABBCCBB	['D20C', 'D35C', 'D36A', 'C43D', 'B48A', 'C54D', 'C62D', 'A63D', 'C82A']	9	-4.351902	-10.542697	-12.653917	-2.1112204
BCCDDDCDCDDDDCDDABCDABCABDBACBDCDADDDBCABACBCCABCACBCCCCCBDBADDDBBCBBBACCACADAACCCBABADBCCAAABBCCBB	['A33D', 'C37D', 'C62D', 'A63D', 'B64D', 'C69B']	6	-4.360759	-8.156922	-10.277003	-2.120081
BCCDDDCDCDDDDCDDBBCDABCABDBACBDCAACDCBCABACBCCABCACBCCCCCBDBACDBBBCBCBACCACADAACCCBABADBCCAAABBCCBB	['A17B', 'D35C', 'A63D']	3	-4.369185	-9.050572	-11.17908	-2.1285076
BCCDDDCDCDDDDCDDABCDABCABDBACDDCDADDCBCABACBACABCACBCCCCCBDBACABBBCBCBBCCACADAACCCBABADBCCAAABBCCBB	['B30D', 'A33D', 'C45A', 'A71B']	4	-4.369312	-5.2100205	-7.338643	-2.1286225
BCCDDDCDCDDDDCCDABCDABCABDBACBDCAACACBCACACBCCABCACBCCCCDBDBACABBBCBCBACCACADAACCCBABADBCCAAABBCCBB	['D15C', 'D35C', 'D36A', 'B41C', 'C57D']	5	-4.3695893	-7.2733097	-9.402219	-2.128909
BCCDDDCDCDDDDCCCABBAABCABDBACBDCAAAACBCABACBCCABCACBCCCCDBDBADCBBBCBCCACCCCADAACCCBABADBCCAABBBCCBB	['D15C', 'D16C', 'C19B', 'D20A', 'D35A', 'D36A', 'C57D', 'C62D', 'A63C', 'B70C', 'A74C', 'A93B']	12	-4.3704553	-6.4695497	-8.599326	-2.1297765
BCCDDDCDCDDDBCDDABCDABCABDBACDDCAACACBAABACBCCABCACBCCCCDBDBACDBBBCBCBACCACADAACCCBABADBCCAAABBCCBB	['D13B', 'B30D', 'D35C', 'D36A', 'C39A', 'C57D', 'A63D']	7	-4.3775	-7.186769	-9.32358	-2.1368108
BCCDDDCDCDDDDCDDABCCABCABDBACBDCAACACBCABACBCCABCACBCCCCDBDBACDBBBCBCAACCACADAACCCBABADBCCAAABBCCBB	['D20C', 'D35C', 'D36A', 'C57D', 'A63D', 'B70A']	6	-4.381865	-8.457311	-10.598494	-2.141183
BCCDDDCDCDDDDCDDABBDABCABDBACBDCAACACBCABACBCCABCACBCCCCDBDBACABBBCBCBACCACADAACCCBABADBCCAAABBCCBB	['C19B', 'D35C', 'D36A', 'C57D']	4	-4.3825555	-7.278591	-9.42047	-2.141879
BCCDDDCDCDDADCBDABCDABCABDBACBDCAADDBBCABACBCCABCACBCCCCCBDBADDBBBCBCBACCACADAACCCBABADBCCAAABBCCBB	['D12A', 'D15B', 'C37B', 'C62D', 'A63D']	5	-4.3900476	-7.9771175	-10.126487	-2.1493692
AAADDDCDCDDBDCDDABBDABCABDBACDDCAACAABCABACBCCABCACBCCCCDBDBACDBBBCBCBDACACADAACCCBABADBCCAAABBCCBB	['B1A', 'C2A', 'C3A', 'D12B', 'C19B', 'B30D', 'D35C', 'D36A', 'C37A', 'C57D', 'A63D', 'A71D', 'C72A']	13	-4.39906	-7.6681075	-9.826481	-2.1583734
BCCDDDCDCDDDDCDDABCDABCABDBACDDCAACAABCACACBCCABCACBCCCCCBDBACDBBBCBCBACCACADAACCCBABADBCCAAABBCCBB	['B30D', 'D35C', 'D36A', 'C37A', 'B41C', 'A63D']	6	-4.400787	-7.4801044	-9.640203	-2.160099
BCCDDDCDCDDDDCCDABCDABCABDBACBDCAACACBCABACBCCABCACBCCCCCBDBADABBBCBCBACCACADAACCCBABADBCCAAABBCCBB	['D15C', 'D35C', 'D36A', 'C62D']	4	-4.4095426	-6.960677	-9.129538	-2.1688604
BCCDDDCDCDDDDCCDABCDABCABDBACBDCAACACBCABACBCCABCACBCCCCCBDBADABBBCBCBACCACADAACCCBABADBCCAAABBCCBB	['D15C', 'D35C', 'D36A', 'C62D']	4	-4.4095426	-6.960677	-9.129538	-2.1688604
BCCDDDCDCDDADCDDABCDABCABDBACBDCAADDCBCACACBCCABCACBCCCCCBDBADABBBCBCCACCACADAACCCBABADBCCAAABBCCBB	['D12A', 'B41C', 'C62D', 'B70C']	4	-4.4134674	-7.5941057	-9.766895	-2.1727896
BCCDDDCDCDDDDCCCABCDABCABDBACDDCAACACBAABACBCCABCACBCCCCCBDBACACBBCBCBACCACADAACCCBABADBCCAAABBCCBB	['D15C', 'D16C', 'B30D', 'D35C', 'D36A', 'C39A', 'B64C']	7	-4.416999	-7.0254164	-9.201729	-2.1763124
AAADDDCDCDDDDCCDABCDABCABDBACBDCAACACBCACACBCCABCACBCCCCDBDBDCCBDBCBCBAACCCADAACCCBABADBCCAAABBCCBB	['B1A', 'C2A', 'C3A', 'D15C', 'D35C', 'D36A', 'B41C', 'C57D', 'A61D', 'A63C', 'B65D', 'C72A', 'A74C']	13	-4.422215	-10.545159	-12.726698	-2.1815386
BCCDDDCDCDDDDCDCABCDABCABDBACBDCAADACBCABACBCCABCACBCCCCCBDBACABBBCBCBACCACADAACCCBABADBCCAAABBCCBB	['D16C', 'D36A']	2	-4.435492	-7.84864	-10.043452	-2.1948123
BCCDDDCDCDDDDCDCABCDABCABDBACBDCAADACBCABACBCCABCACBCCCCCBDBACABBBCBCBACCACADAACCCBABADBCCAAABBCCBB	['D16C', 'D36A']	2	-4.435492	-7.84864	-10.043452	-2.1948123
BCCDDDCDCCDDDCDDABCDABCABDBACBDCBDDBABCABACBBCABCACBCBCCDBDBADDDBBCBCBDCCACADAACCCBABADBCBAAABBCCBB	['D10C', 'A33B', 'A34D', 'D36B', 'C37A', 'C45B', 'C54B', 'C57D', 'C62D', 'A63D', 'B64D', 'A71D', 'C90B']	13	-4.436355	-6.5685253	-8.764192	-2.1956663
BCCDDDCDCDDDDDDCABCDABCABDBACBDCAACDCBCABACBCCABCACBCCCCCBDBADABBBCBCBACCACADAACCCBABADBCCAAABBCCBB	['C14D', 'D16C', 'D35C', 'C62D']	4	-4.436826	-8.322131	-10.518277	-2.196146
BCCDDDCDCDDDDDDCABCDABCABDBACBDCAACDCBCABACBCCABCACBCCCCCBDBADABBBCBCBACCACADAACCCBABADBCCAAABBCCBB	['C14D', 'D16C', 'D35C', 'C62D']	4	-4.436826	-8.322131	-10.518277	-2.196146
BCCDDDCDCDDDDCDDABCDABCABDBACBDCAADDCBCABACBCCABCACBCCCCCBDBACDBBBCBCBACCACADAACCCBABADBCCAAABBAAAA	['A63D', 'C96A', 'C97A', 'B98A', 'B99A']	5	-4.444958	-9.002967	-11.207246	-2.204279
BCCDDDCDCDDDDCDDABCDABCAADBACBDCAACACBCACACBCCABCACBCCCCCBDBACDBBBCBCBACCACADAACCCBABADBCCAAABBCCBB	['B25A', 'D35C', 'D36A', 'B41C', 'A63D']	5	-4.44879	-8.874558	-11.08267	-2.2081118
BCCDDDCDCCDDDCDDABCDABCABDBACBDCAACACBCABACBCCAACACBCDCCDBDCADDBBBCBCBACCACADAACCCBABADBCBAAABBCCBB	['D10C', 'D35C', 'D36A', 'B48A', 'C54D', 'C57D', 'B60C', 'C62D', 'A63D', 'C90B']	10	-4.458616	-9.153685	-11.371625	-2.2179403
BCCDDDCDCDDADCDDABCDABCABDBACBDCAACDBBCABACBCCABCACBCCCCDBDBADBBBBCBCBACCACADAACCCBABADBCCAAABBCCBB	['D12A', 'D35C', 'C37B', 'C57D', 'C62D', 'A63B']	6	-4.463446	-9.065801	-11.288567	-2.222766
BCCDDDCDCDDADCDDABCDABCABDBACBDCAADDCBCACACBCCABCACBCCCCCBDBADDBBBCBCBABCADADAACCCBABADBCAAAABBCCBB	['D12A', 'B41C', 'C62D', 'A63D', 'C72B', 'C75D', 'C90A']	7	-4.464334	-8.9870615	-11.210718	-2.2236567
BCCDDDCDCDDDDCDDABCDABCABDBACBDCAACACBCACACBCCABCACBCCCCCBDBADCBBBCBCBACCACADAACCCBABADBCCAAABBCCBB	['D35C', 'D36A', 'B41C', 'C62D', 'A63C']	5	-4.4666944	-9.170697	-11.396711	-2.2260141
BCCDDDCDCDDDDCDDABCDABCABDBACBDCAACACBCACACBCCABCACBCCCCCBDBADCBBBCBCBACCACADAACCCBABADBCCAAABBCCBB	['D35C', 'D36A', 'B41C', 'C62D', 'A63C']	5	-4.4666944	-9.170697	-11.396711	-2.2260141
BCCDDDCDCDDDDCCDBBBCABCABDBACBDCAACACBCABACBCCABCACBCCCCCBDBADDBBBCBCBADCACADAACCBBABADBCCAAABBCCBB	['D15C', 'A17B', 'C19B', 'D20C', 'D35C', 'D36A', 'C62D', 'A63D', 'C72D', 'C82B']	10	-4.469965	-7.7195263	-9.948807	-2.2292805
BCCDDDCDCDDDDCDDABCDABCABDBACBDCAADDCBCABACBBCABCACBCCCCCBDBACABBBCBDBACCACADAACCCBABADBCCAAABBCCBB	['C45B', 'C69D']	2	-4.477585	-6.852324	-9.089225	-2.2369008
AAADDDCDCDDDDCDDABCDABCABDBACBDCAACDABCACACBBCABCACBCCCCCBDBADABBBCBCBACCACADAACCCBABADBCCAABBBCCBA	['B1A', 'C2A', 'C3A', 'D35C', 'C37A', 'B41C', 'C45B', 'C62D', 'A93B', 'B99A']	10	-4.478404	-8.544072	-10.7818	-2.237728
BCCDDDCDCDDDBDCDABCDABCABDBACBDCAADACBCACACBBCABCACBCCCCCBDBACDBBBCBCBADCACADAACCCBABADBCCAAABBCCBB	['D13B', 'C14D', 'D15C', 'D36A', 'B41C', 'C45B', 'A63D', 'C72D']	8	-4.4811983	-5.882518	-8.123032	-2.2405138
BCCDDDCDCCDDDCCDABCDABCABDBACBDCAADACBCABACBCCAACACBCDCCCBDBADABBBCBCBACCACADAACCCBABADBCCAAABBCCBB	['D10C', 'D15C', 'D36A', 'B48A', 'C54D', 'C62D']	6	-4.488121	-6.445984	-8.693426	-2.2474422
BCCDDDCDCDDDDCCDABCDABCABDBACBDCAACACBCACACBCCABCACBCCCCDBDCBCABBBCBCBACCACADAACCCBABADBCCAAABBCCBB	['D15C', 'D35C', 'D36A', 'B41C', 'C57D', 'B60C', 'A61B']	7	-4.493485	-6.883779	-9.13658	-2.2528014
BCCDDDCDCDDBDCCDABBDABCABDBACBDCAADACBCACACBCCABCACBCCCCDBDBDCABBBCBCBACCACADAACCCBABADBCCAAABBCCBB	['D12B', 'D15C', 'C19B', 'D36A', 'B41C', 'C57D', 'A61D']	7	-4.4982915	-6.5179763	-8.775588	-2.2576118
BCCDDDCDCDDDDCDDABCDABCABDBACDDCAACAABCABACBCCABCACBCCCCCBDBCCDBBBCBCBACCACADAACCCBABADBCCAAABBCCBB	['B30D', 'D35C', 'D36A', 'C37A', 'A61C', 'A63D']	6	-4.499209	-7.3591976	-9.61772	-2.258522
BCCDDDCDCDDDBCDCABCDABCABDBACBDCAADDABCABACBCCABCACBCCCCCBDBADCABBCBCBACCACADAACCCBABADBCCAAABBCCBB	['D13B', 'D16C', 'C37A', 'C62D', 'A63C', 'B64A']	6	-4.5112443	-9.129995	-11.40056	-2.270565
BCCDDDCDCDDDDCCDABCDABCABDBACDDCAACABBCABACBCCABCACBCCCCCBDBACDBBBCBCBACCADADAACCCBABADBCCAAABBCCBB	['D15C', 'B30D', 'D35C', 'D36A', 'C37B', 'A63D', 'C75D']	7	-4.512828	-5.7686157	-8.040756	-2.2721405
BCCDDDCDCDDDBCCDABBDABCABDBACDDCAACACBCACACBCCABCACBCCCCDBDCACDBBBCBCBADCACADAACCCBABADBCCAAABBCCBB	['D13B', 'D15C', 'C19B', 'B30D', 'D35C', 'D36A', 'B41C', 'C57D', 'B60C', 'A63D', 'C72D']	11	-4.517796	-6.083505	-8.360615	-2.2771096
BCCDDDCDCDDDDCCDABCDABCABDBACBDCAACACBCABACBCCABCACBCCCCCBDBADDBBBCBCAACCACADAACCCBABADBCCAAABBCCBB	['D15C', 'D35C', 'D36A', 'C62D', 'A63D', 'B70A']	6	-4.5192146	-7.8241744	-10.102708	-2.2785335
BCCDDDCDCDDDBCDDABCDABCABDBACDDCAACACBCACACBCCABCACBCCCCCADBADDBBBCBCBACCACADAACCCBABADBCCAAABBCCBB	['D13B', 'B30D', 'D35C', 'D36A', 'B41C', 'B58A', 'C62D', 'A63D']	8	-4.534695	-7.1136627	-9.407665	-2.2940025
BCCDDDCDCDDDDCDDABCDABCABDBACDDCBACACBCABACBCCABCACBCCCCCBDBADDDBBCBCBACCACADAACCCBABADBCCAAABBCCBB	['B30D', 'A33B', 'D35C', 'D36A', 'C62D', 'A63D', 'B64D']	7	-4.5404415	-7.988602	-10.288354	-2.2997518
BCCDDDCDCDDDDCDDABCDABCABDBACDDCAACAABCABACBCCABCACBCCCCCBDBADDBBBCBCBACCACADAACCCBABADBCCAAABBCCBB	['B30D', 'D35C', 'D36A', 'C37A', 'C62D', 'A63D']	6	-4.5489373	-7.3215356	-9.629784	-2.308248
BCCDDDCDCDDDDCDDACCDABCABDBACBDCAADDABCABACBCCABCACBCCCCCBDBADDBBBCBBBACCACADAACCCBABADBCCAAABBCCBB	['B18C', 'C37A', 'C62D', 'A63D', 'C69B']	5	-4.5555463	-8.485314	-10.80018	-2.314866
BCCDDDCDCDDDDCDDACCDABCABDBACBDCAADDABCABACBCCABCACBCCCCCBDBADDBBBCBBBACCACADAACCCBABADBCCAAABBCCBB	['B18C', 'C37A', 'C62D', 'A63D', 'C69B']	5	-4.5555463	-8.485314	-10.80018	-2.314866
BCCDDDCDCDDDDCDDACCDABCABDBACBDCAADDABCABACBCCABCACBCCCCCBDBADDBBBCBBBACCACADAACCCBABADBCCAAABBCCBB	['B18C', 'C37A', 'C62D', 'A63D', 'C69B']	5	-4.5555463	-8.485314	-10.80018	-2.314866
AAADDDCDCDDDDCDDCBCDABCABDBACBDCAADACBCABACBCCABCACBCCCCCBDBADABBBCBCBACCACADAACCCBABADBCCAAABBCCBB	['B1A', 'C2A', 'C3A', 'A17C', 'D36A', 'C62D']	6	-4.566203	-9.514681	-11.84021	-2.325529
BCCDDDCDCDDDBDDDABCCABCABDBACDDCAACAABCABACBCCABCACBCCCCCBDBADDBBBCBCBACCACADAACCCBABADBCCAAABBCCBB	['D13B', 'C14D', 'D20C', 'B30D', 'D35C', 'D36A', 'C37A', 'C62D', 'A63D']	9	-4.5664883	-6.3108797	-8.636677	-2.325797
BCCDDDCDCCDBDCCDABBDABCABDBACBDCAADACBCABACBCCAACACBCCCCCBDBADCBBCCBCBBCCACADAACCCBABADBCCAAABBCCBB	['D10C', 'D12B', 'D15C', 'C19B', 'D36A', 'B48A', 'C62D', 'A63C', 'B66C', 'A71B']	10	-4.5868	-5.918007	-8.264132	-2.3461246
BCCDDDCDCDDDDCDDBBCDABCABDBACBDCAADDCBCABACBCCABCACBCCCCCBDCADDBBBCBCBACCACADAACCCBABADBCCAAABBCCBB	['A17B', 'B60C', 'C62D', 'A63D']	4	-4.5894046	-9.337434	-11.686162	-2.3487282
BCCDDDCDCDDDDCDDABCDABCABDBACBDCAACACBCACACBCCABCACBCCCCABDBADCBBBCBCBACCACADAACCCBABADBCCAAABBCCBB	['D35C', 'D36A', 'B41C', 'C57A', 'C62D', 'A63C']	6	-4.5951343	-9.22237	-11.576824	-2.354454
BCCDDDCDCDDDDCCDABCDABCABDBACDDCAACACBCACACBCCABCACBCCCCCBDBACDBBBCBBBACCADADAACCCBABADBCCAAABBCCBB	['D15C', 'B30D', 'D35C', 'D36A', 'B41C', 'A63D', 'C69B', 'C75D']	8	-4.6090565	-6.6995873	-9.067955	-2.3683677
BCCDDDCDCDDADCDDBBCDABCABDBACBDCAADDABCABACBCCABCACBCCCCDBDBACACBBCBCBACCACADAACCCBABADBCCAAABBCCBB	['D12A', 'A17B', 'C37A', 'C57D', 'B64C']	5	-4.609234	-9.39775	-11.766304	-2.368554
BCCDDDCDCDDDDBDDABCDABCABDBACBDCAADDABCABACBCCABCACBCCCCCBDBADDBAACBAAACCACACAACCCBABADBCCAAABBCCBB	['C14B', 'C37A', 'C62D', 'A63D', 'B65A', 'B66A', 'C69A', 'B70A', 'D77C']	9	-4.614404	-8.456401	-10.830128	-2.3737268
AAADDDCDCDDDDCCDABCDABCABDBACBDCAACACBCACACBCCABCACBCCCCDBDBDCABBBCBCBACCACADAACCCBABADBCCAAABBCCBB	['B1A', 'C2A', 'C3A', 'D15C', 'D35C', 'D36A', 'B41C', 'C57D', 'A61D']	9	-4.628267	-8.96277	-11.350358	-2.3875875
BCCDDDCDCDDADDCDABCDABCABDBACBDCAACDABCACACBCCABCACBCCCCCBDCACDBBBCBCBADCACADAACCCBABADBCCAAABBCCBB	['D12A', 'C14D', 'D15C', 'D35C', 'C37A', 'B41C', 'B60C', 'A63D', 'C72D']	9	-4.6358657	-9.093502	-11.488689	-2.3951874
BCCDDDCDCDDDDCCCABCDABCABDBACBDCAACDABAACACBCCABCACBCCCCCBDBADDBBBCBCBACCACADAACCCBABADBCCAAABBCCBB	['D15C', 'D16C', 'D35C', 'C37A', 'C39A', 'B41C', 'C62D', 'A63D']	8	-4.6446633	-8.473896	-10.87788	-2.403984
BCCDDDADCDDDDCDDABCDABCABDBACBDCAADDCBCABACBCCABCACBCCCCCBDBADCBBBCBCBACCACADAACCCBABADBCCAAABBCCBB	['C7A', 'C62D', 'A63C']	3	-4.651328	-9.019682	-11.430332	-2.4106503
BCCDDDCDCDDDDCCCABCCABCABDBACBDCAACAABAACACBCCABCACBCCCCCBDBADDBBBCBCBACCACADAACCCBABADBCCAABBBCCBB	['D15C', 'D16C', 'D20C', 'D35C', 'D36A', 'C37A', 'C39A', 'B41C', 'C62D', 'A63D', 'A93B']	11	-4.6666703	-7.359182	-9.785175	-2.4259934
BCCDDDCDCDDDDCCCABCDABCABDBACBDCAACAABAACACBCCABCACBCCCCCBDBADDBBBCBCBACCACADAACCCBABADBCCAABBBCCBB	['D15C', 'D16C', 'D35C', 'D36A', 'C37A', 'C39A', 'B41C', 'C62D', 'A63D', 'A93B']	10	-4.6723647	-7.856077	-10.287763	-2.4316854
BCCDDDCDCDDDDCCCABCDABCABDBACBDCAACAABAACACBCCABCACBCCCCCBDBADDBBBCBCBACCACADAACCCBABADBCCAABBBCCBB	['D15C', 'D16C', 'D35C', 'D36A', 'C37A', 'C39A', 'B41C', 'C62D', 'A63D', 'A93B']	10	-4.6723647	-7.856077	-10.287763	-2.4316854
BCCDDDCDCDDDDCCCABCDABCABDBACBDCAACAABAACACBCCABCACBCCCCCBDBADDBBBCBCBACCACADAACCCBABADBCCAABBBCCBB	['D15C', 'D16C', 'D35C', 'D36A', 'C37A', 'C39A', 'B41C', 'C62D', 'A63D', 'A93B']	10	-4.6723647	-7.856077	-10.287763	-2.4316854
BCCDDDCDCDDDDDDDABCDABCABDBACBDCAACDCBCACACBCCCBCACBCCCCCBDCACDBBBCBCBACCACADAACCCBABADBCCAAABBDCBB	['C14D', 'D35C', 'B41C', 'A47C', 'B60C', 'A63D', 'C96D']	7	-4.674486	-9.843739	-12.277549	-2.4338102
AAAADDCDCDDDDCDDCBCDABCABDBACBDCAADDCBCABACBCCABCACBCCCCDBDCACDBBBCBCBACCACADAACCCBABADBCCAAABBCCBB	['B1A', 'C2A', 'C3A', 'D4A', 'A17C', 'C57D', 'B60C', 'A63D']	8	-4.682835	-11.407966	-13.850128	-2.4421625
BCCDDDCDCDDDBCCDACCDABCABDBACBDCAADDBBCABACBCCABCACBCCCCCBDBACACBBCBCBACCACADAACCCBABADBCAAAABBDCBB	['D13B', 'D15C', 'B18C', 'C37B', 'B64C', 'C90A', 'C96D']	7	-4.683432	-6.2422442	-8.684992	-2.4427476
BCCDDDCDCDDDDCDCABCDABCABDBACBDCAADACBCABACBCCABCACBCCCCCBDBADCBBBCBCBACCACADAACCCBABADBCCAAABBCCBB	['D16C', 'D36A', 'C62D', 'A63C']	4	-4.696852	-8.964107	-11.420281	-2.4561749
BCCDDDCDCDDDDCDDABCDABCABDBACBDCAACDCBCABACBCCABCACBCCCCCBDCACCBBBCBCBACCACADAACCCBABADBCCAAABBDCBB	['D35C', 'B60C', 'A63C', 'C96D']	4	-4.7430897	-9.987198	-12.489609	-2.502411
AAADDDCDCDDADCDDABCDABCABDBACBDCAACACBCACACBCCABCACBCCCCDBDBACDBBBCBCBACCACADAACCCBABADBCCAAABBCCBB	['B1A', 'C2A', 'C3A', 'D12A', 'D35C', 'D36A', 'B41C', 'C57D', 'A63D']	9	-4.7507334	-11.087814	-13.597872	-2.5100574
BCCDDDCDCDDDBCDDABCDABCABDBACDDCAAAACBCABACBCCABCACBCCCCDBDBACDBBBCBCBACCACADAACCCBABADBCCAAABBCCBB	['D13B', 'B30D', 'D35A', 'D36A', 'C57D', 'A63D']	6	-4.762446	-6.670772	-9.19253	-2.5217576
BCCDDDCDCDDDDCDDABCDABCABDBACBDCAACACBCACADBCCAACACBCDCCCBDBADDBBBCBCBACCACADAACCBBABADBCCAAABBCCBB	['D35C', 'D36A', 'B41C', 'C43D', 'B48A', 'C54D', 'C62D', 'A63D', 'C82B']	9	-4.76474	-11.270679	-13.794737	-2.5240574
BCCDDDCDCDDADDCDABCDABCABDBACBDCAACDABCACACBCCABCACBCCCCCBDCACDBBBCBCBACCACADAACCCBABADBCCAAABBCCBB	['D12A', 'C14D', 'D15C', 'D35C', 'C37A', 'B41C', 'B60C', 'A63D']	8	-4.857591	-9.062772	-11.6796875	-2.6169157
ADCDDDCDCDDDDCDDBBBDABCABDBACBDCAADDCBCABACBCCABCACBCCCCDBDCCCDBBBCBCBCCCACADAACCCBABADBCCAAABBCCBB	['B1A', 'C2D', 'A17B', 'C19B', 'C57D', 'B60C', 'A61C', 'A63D', 'A71C']	9	-4.860418	-9.098142	-11.717886	-2.6197443
BCCDDDCDCDDDDCCCABCDABCABDBACBDCAADDABCABACBCCABCACBCCCCCBDBACABBBCBCBACCACADAACCCBABADBCCAAABBDCBB	['D15C', 'D16C', 'C37A', 'C96D']	4	-4.8728304	-7.153438	-9.785586	-2.6321483
AAADDDCDCDDDDCDDABCDABCABDBACBDCAACABBCACACBCCABCACBCCCCDBDCDCABBBCBCBACCACADAACCCBABADBCCAAABBCCBB	['B1A', 'C2A', 'C3A', 'D35C', 'D36A', 'C37B', 'B41C', 'C57D', 'B60C', 'A61D']	10	-4.872989	-10.043762	-12.676073	-2.6323109
BCCDDDCDCDDDDCCDCBCCABCABDBACBDCAADACBCABACBCCABCACBCCCCDBDBDCABBBCBCBACCACADAACCCBABADBCCAAABBCCBB	['D15C', 'A17C', 'D20C', 'D36A', 'C57D', 'A61D']	6	-5.008432	-6.4225693	-9.190317	-2.7677479
AAAADDCDCDDDDCDDBBCDABCABDBACBDCAACDCBCABACBCCABCACBCCCCCBDBADDBBBCBCBACCACADAACCCBABADBCCAAABBCCBB	['B1A', 'C2A', 'C3A', 'D4A', 'A17B', 'D35C', 'C62D', 'A63D']	8	-5.0209093	-10.822652	-13.602885	-2.7802334
BCCDDDCDCDDDDCCDABCCABCABDBACDDCAACCABCABACBCCABCACBCCCCCBDCADBBBBCBCBACCACADAACCCBABADBCCAAABBCCBB	['D15C', 'D20C', 'B30D', 'D35C', 'D36C', 'C37A', 'B60C', 'C62D', 'A63B']	9	-5.027008	-6.87648	-9.662798	-2.7863178
BCCDDDCDCDDDDCDDABCDABCABDBACDDCAACCCBCABACBBCABCACBCCCCCBDBADBBBBCBCBCCCACACAACCCBABADBBCAAABBCCBB	['B30D', 'D35C', 'D36C', 'C45B', 'C62D', 'A63B', 'A71C', 'D77C', 'C89B']	9	-5.0544915	-5.233775	-8.047578	-2.8138027
BCCDDDCDCDDDBDDDBBCCABCABDBACDDCAACABBCABACBCCABCACBCCCCCBDBACDBBBCBCBACCACADAACCCBABADBCCAAABBCCBB	['D13B', 'C14D', 'A17B', 'D20C', 'B30D', 'D35C', 'D36A', 'C37B', 'A63D']	9	-5.062416	-5.955185	-8.776909	-2.821724
BCCDDDCDCDDDBDDDBBCCABCABDBACDDCAACABBCABACBCCABCACBCCCCCBDBACDBBBCBCBACCACADAACCCBABADBCCAAABBCCBB	['D13B', 'C14D', 'A17B', 'D20C', 'B30D', 'D35C', 'D36A', 'C37B', 'A63D']	9	-5.062416	-5.955185	-8.776909	-2.821724
BCCDDDCDCDDDBCDCABCDABCABDBACBDCAACACBCACACBCCABCACBCCCCDBDBDCCBDBCBCBAACACADAACCCBABADBCCDAABBCCBB	['D13B', 'D16C', 'D35C', 'D36A', 'B41C', 'C57D', 'A61D', 'A63C', 'B65D', 'C72A', 'A91D']	11	-5.076435	-9.016653	-11.852406	-2.8357525
BCCDDDCDCDDADCDDABCDABCABDBACBDCAACACBCABACBCCABCACBCCCCCBDBADDDBBCBCBACCACADAACCCBABADBCCAAABBCCBB	['D12A', 'D35C', 'D36A', 'C62D', 'A63D', 'B64D']	6	-5.078024	-9.38906	-12.226406	-2.837346
BCCDDDCDCDDADCCDABBCABCABDBACBDCAACABBCABACBCCABCACBCCCCCBDBACABBBCBCBACCACADAACCCBABADBCCADABBDCBB	['D12A', 'D15C', 'C19B', 'D20C', 'D35C', 'D36A', 'C37B', 'A92D', 'C96D']	9	-5.1768622	-5.8526	-8.788781	-2.936181
BCCDDDCDCDDDDCCDBBCDABCABDBACBDCAACDCBCACACBBCABCACBCCCCDBDCACDBBBCBCBACCACADAACCCBABADBCCAABBBCCBB	['D15C', 'A17B', 'D35C', 'B41C', 'C45B', 'C57D', 'B60C', 'A63D', 'A93B']	9	-5.2458878	-7.4136353	-10.418841	-3.005206
BCCDDDCDCDDDDCDDABCDABCABDBACBDCAADACBCABACBBCABCACBCCCCDBDCCDDBBBCBCBACCACADAACCCBABADBCCAAABBCCBB	['D36A', 'C45B', 'C57D', 'B60C', 'A61C', 'C62D', 'A63D']	7	-5.3292365	-7.945101	-11.033656	-3.0885553
BCCDDDCDCDDDDCDDABCDABCABDBACBDCAACDCBCABACBCCAACACBCCCCCBDCACDBBBCBCBCCCACACAACCCBABADBCCAAABBDCBB	['D35C', 'B48A', 'B60C', 'A63D', 'A71C', 'D77C', 'C96D']	7	-5.567311	-8.623696	-11.950329	-3.3266325
BCCDDDCDCDDBDCCDABCDABCABDBACBDCAADACBCABACBCCAACACBCDCCCBDCCDABBBCBCBACCACADAACCCBABADBCCAAABBCCBB	['D12B', 'D15C', 'D36A', 'B48A', 'C54D', 'B60C', 'A61C', 'C62D']	8	-5.777638	-8.754083	-12.291045	-3.5369625
