Sequence	Mutations	Mutation_count	dm1	dm2	dm12	Dm1m2-min(dm1,dm2)
DDCDCCBACDDCADCDBDCCBDABCABAADBCCDCBAACDCBDADDDABDCDDDBACBABBBCCCCCDDBABDCCADBCDBADCBBDBDBAADCADAACCDADBDDDDCDDBDBDBBDCBADDBCDDBCCDCCDCBDDACDBDDDCACADDDBACDCDBCDABBDBDDBCCACDBCBDDBCBCCCDAC	['D3C', 'C4D', 'D36B', 'C62B', 'C83D', 'A84C', 'D128B', 'B139A', 'A140C', 'B141D', 'B146C', 'D159B', 'D162A', 'D169B', 'D173C', 'D177B', 'D187A']	17	-4.395509	0.5953486	-1.4453707	2.950138
BDCCCCBACDDCADCDBDCCBDABCABAADBCCDCDDADDCBDADDDABDCDDDBACBACBCCCCCCDDBABDCCADBCABACCCBDBDBAADCADCACCDADDDDDDCDDBDBDBBDCBADDDCDDDCCDCCDCBDDBDDBDDDCACADDBBACDCDDCDABBDBDDDCCDCDBCCDDBCBCCCDAC	['D1B', 'D3C', 'A37D', 'C39D', 'B60C', 'D80A', 'A84C', 'B85C', 'A97C', 'B104D', 'B124D', 'A140D', 'B141D', 'B146C', 'D152B', 'D162A', 'A172D', 'D173C', 'D177C', 'D187A']	20	-4.602022	0.0978508	-2.1493874	2.4526348
DDCCCCBACDDCADCDBDCCBBABCABADDCDCDCCAACDCBDADDDABDCDDDBACBABBCCCCCCDDCABDCCADBCABAACBBDBDBAADCADAACCDADBDDDDCDDBDBDBBDCBADDCCDDBCCCCCDCBDDADDBDDDCACADDBBACDCCDCDCABDDDDBCCADDBDBDDBDBCCCDDC	['D3C', 'D22B', 'A29D', 'B31C', 'C32D', 'D36C', 'B70C', 'D80A', 'C83A', 'A84C', 'B124C', 'D128B', 'D131C', 'B139A', 'A140D', 'B141D', 'B146C', 'D152B', 'D158C', 'D162C', 'B163A', 'B166D', 'D169B', 'C176D', 'D177B', 'C181D']	26	-2.4397838	-0.255435	-0.34043026	2.0993536
ADCCCCBACDDCADCDBDCCBDABCABADDBDCDCDAACDCBDADDDABDCDDDBBCBABBCCDCCCDDBABDCCADBCDBACABBDBDBAADCADCACCDADBDDDDCDDBDBDBBDCBADDBCDDDCCDCCDCBDDBABBDDDCACADDBBACDCCACDBBCDBDDDCCAADBCCDDBDBCCCDDC	['D1A', 'D3C', 'A29D', 'C32D', 'A56B', 'C64D', 'A97C', 'B146C', 'D152B', 'D158C', 'D159A', 'D162B', 'B164C', 'D173A', 'D177C', 'C181D']	16	-4.1366234	-0.29266882	-2.074502	2.0621214
DDCCCCBACDDCADCDBDCCBBABCABADDCCCDCBAACDCBDADDDABDCDDDBACBABBCCACCCDDBABDCCADBCABACCBBDBDBAADCADCACCDADBDDDDCDDBDBDBBDCBADDCCDDDCCDCCDCBDDBADBADDCACADDBBACDCDDCDABBDBDDBCCACDBDBDDCDBCCCDDC	['D3C', 'D22B', 'A29D', 'B31C', 'D36B', 'C64A', 'D80A', 'A84C', 'A97C', 'B124C', 'B141D', 'D143A', 'B146C', 'D152B', 'D162A', 'D169B', 'D173C', 'C176D', 'D177B', 'B180C', 'C181D']	21	-3.5669124	-0.45562363	-1.6677456	1.8991668
BDCCBCBACDDCADCDBDCCBDABCABADDCCCDCBAACDCBDADDDABDCDDDBACBABBBCCCCCDDBABACCADBCABACCBBDBDBAADCADCACCDADBDDDDCDDBDBDBBDCBADDCCDDDCCDCCDCBDDDADBDDDCACADDDBACDCCDCDABBDBDDDDCDDDBCCDDCBBCCCDDC	['D1B', 'D3C', 'C5B', 'A29D', 'B31C', 'D36B', 'C62B', 'D73A', 'D80A', 'A84C', 'A97C', 'B124C', 'B139D', 'B141D', 'B146C', 'D158C', 'D162A', 'C170D', 'A172D', 'D177C', 'B180C', 'C181B']	22	-3.2734213	-0.52764964	-1.4462824	1.8271389
DDDDCCBACDDCADCDBDCCBBABCABADDCDCDCDDACDCBDADDDABDCDDDBACBABBCCCCCCDDBABDCCADBCABACCBBDBDBAADCADCACCDADADDDDCDDBDBDBBDCBADDBCDBDCCDCCDCBDDBADBDDDCACABDBBACDCDDCDABBDBDDDCCAADBDBDDBDBCCCDDC	['C4D', 'D22B', 'A29D', 'B31C', 'C32D', 'A37D', 'D80A', 'A84C', 'A97C', 'B104A', 'D127B', 'B141D', 'B146C', 'D150B', 'D152B', 'D162A', 'D173A', 'C176D', 'D177B', 'C181D']	20	-4.355552	-0.5466423	-2.5474033	1.8081489
DDDCCCBCCDDCADCDBDCCBDADCABACBADCDCDAACDCBDADDDABDCDDDBACBABBCCCCCCDDBABDCCADBCDBACCBBDBDBAADCADAACCDADBDDDDCDDBDBDBBDCBADDBCDDDCCDCCDCBDDBADBDDDCACADDBBACDCDDCDBBBBBDDDCCACDBCBDDCDBCCCDDC	['A8C', 'B24D', 'A29C', 'D30B', 'B31A', 'C32D', 'A84C', 'B141D', 'B146C', 'D152B', 'D162B', 'D165B', 'D173C', 'D177B', 'B180C', 'C181D']	16	-2.9795768	-0.5820999	-1.2068844	1.7726924
DDCCCCBACDDCADCDBDCCBDABCABAADBCCDCDAACDCBDADDDABDCDDDBACBABBCCCCCCDDBABDCCADBCDBACACBDBDBAADCADCACDDADBDDDDCDDBDBDBBDCBADDBCDDDCCDCCDCBDDAABBDDDCACADDBBACDCDDCDDBBDBDDBCCACDBCBDDBCBCCCDDC	['D3C', 'B85C', 'A97C', 'C100D', 'B139A', 'B146C', 'D152B', 'D169B', 'D173C', 'D177B']	10	-3.7026165	-0.59486914	-1.9426937	1.7599227
DDCCCCBACDDCADCDBDCCBBABCABADDCDCDCDDACDCBDADDDABDCDDDBACBABBCCCCCCDDBABDCCADBCABACCABDBDBAADCADCACCDADBDDDDCDDBDBDBBDCBADDCCDDDCCDCCDCBDDBABBDDDCACADDBBACDCDDCDDBBCBDDDCCADDBDBDDBDBCCCDDC	['D3C', 'D22B', 'A29D', 'B31C', 'C32D', 'A37D', 'D80A', 'A84C', 'B85A', 'A97C', 'B124C', 'B146C', 'D152B', 'D165C', 'C176D', 'D177B', 'C181D']	17	-3.585523	-0.5989585	-1.82969	1.7558329
DDCCCBBACDDCADCDBDCCBBABCABADDCCCDCDAADDCBDADDDABDCDDDBACBABBCCCCCCDDBABDCCADBCABACABBDBDBAADCADCACCDADDDDDDCDDBDBDBBDCBADDBCDDDCCDCCDADDDBADBDDDCACADDBBACDCDDCDDBBDBDDBCCDCDBCCDDBCBCCCDDC	['D3C', 'C6B', 'D22B', 'A29D', 'B31C', 'C39D', 'D80A', 'A97C', 'B104D', 'C135A', 'B136D', 'B141D', 'B146C', 'D152B', 'D169B', 'A172D', 'D173C', 'D177C']	18	-2.9702618	-0.68243456	-1.2979031	1.6723588
DDDCCCBACDACADCDBDCCBDADCABAABBCCDCDCADDCBDADDDABDCDDDBACBABBCCCCCCADBABACCAACCDBACCCBDBDBAADCADAACCDADBDDDDCDDBCBDBBDCBADDBADDDCCCCCDCBDDBDDBDDDCACADDBBACDCDDCDABBDBDDBCCACDBDDDDBCBCCCDCC	['D11A', 'B24D', 'D30B', 'A37C', 'C39D', 'D68A', 'D73A', 'D77A', 'B78C', 'A84C', 'B85C', 'D113C', 'C125A', 'D131C', 'A140D', 'B141D', 'B146C', 'D152B', 'D162A', 'D169B', 'D173C', 'C176D', 'D187C']	23	-3.2567832	-0.6960573	-1.5980501	1.6587331
BDDCCCBACDDCADCDBDCCBBABCABACDADCBCDAACDCBDADDDABDCDDDBACBABBCCCCCCDDBABDCCADBCABACABBDBDBAADCADAACCDADBDDDDCDDBDBDBBDCBADDBCDDDCCDCCDDDBDBABBDDDCACADDBBACDCCDCDDBBDBDDDCCAADBDDDDCDBCCCDDC	['D1B', 'D22B', 'A29C', 'B31A', 'C32D', 'D34B', 'D80A', 'C135D', 'B136D', 'D137B', 'B146C', 'D152B', 'D158C', 'D173A', 'C176D', 'B180C', 'C181D']	17	-4.082343	-0.6982837	-2.4258347	1.6565084
DDCCBCBACDACADCDBDCCBBABCABAADBCCDCCAACDCBDADDDABDCDDDBACBADBCCCCCCADBABDCCADBCDBADCBBDBDBAADCADAACCDADBDDDDCDDBDBDBBDCDADDBCDDDCCCCCDCBDDBADBDDDCACADDBBACDCDDCDABBDBDDDCCDDDBCCDDBCBCCCDDC	['D3C', 'C5B', 'D11A', 'D22B', 'D36C', 'B60D', 'D68A', 'C83D', 'A84C', 'B120D', 'D131C', 'B141D', 'B146C', 'D152B', 'D162A', 'A172D', 'D177C']	17	-2.6569078	-0.71123934	-1.0133543	1.6435535
BDDCCCBACDDCADADBDCCBDABCDBADDBDCDCCAACDCBDADDDABDCDDDBACBABBCCCCCCDDBABDCCADBCABACCBBDBDBAADCADBACCDADBDDDDCDDBDBDBBDCBADDBCDDDCCDCCBCCDDAAABADDCACADDBBACDCDDCDABBDBDDBCCACDBDBDDCDBCCCDDC	['D1B', 'C15A', 'A26D', 'A29D', 'C32D', 'D36C', 'D80A', 'A84C', 'A97B', 'D134B', 'B136C', 'B139A', 'B141A', 'D143A', 'B146C', 'D152B', 'D162A', 'D169B', 'D173C', 'C176D', 'D177B', 'B180C', 'C181D']	23	-4.076749	-0.714	-2.4359584	1.6407905
CDCCBBBACDDCADCDBDCCBBABCABADDBCCDCDDACDCBDADDDABDCCDDBACBABBCCACCCBDBABDCCADBCABACCCBDBDBAADCADAACCDADDDDDDCDDBDBDBBDCBADDBCDDDCCDCCDCDDDBADBDDDCACADDBBACDCCDCDABBCBDDDCCDCDBCCDDCBBCCCDDC	['D1C', 'D3C', 'C5B', 'C6B', 'D22B', 'A29D', 'A37D', 'D52C', 'C64A', 'D68B', 'D80A', 'A84C', 'B85C', 'B104D', 'B136D', 'B141D', 'B146C', 'D152B', 'D158C', 'D162A', 'D165C', 'A172D', 'D173C', 'D177C', 'B180C', 'C181B']	26	-2.3738477	-0.7260952	-0.7451582	1.6286895
BDCCCCBACDDCADCDBDCCBDABCABADDBDCDCDAACDCBDADDDABDCDDDBBCBACBCCDCCCDDBABDCCADBCDBACCCBDBDBAADCADBACCDADDDDDDCDDBDBDBBDCBADDBCDDDCCDCCDCBDDAADBDDDCACADDBBACDCDDCDDBBDBDDDCCADDBCBDDBABCCCDDC	['D1B', 'D3C', 'A29D', 'C32D', 'A56B', 'B60C', 'C64D', 'A84C', 'B85C', 'A97B', 'B104D', 'B139A', 'B141D', 'B146C', 'D152B', 'D177B', 'C181A']	17	-4.191947	-0.74907494	-2.5862293	1.6057177
DDCCCCBACDDCADCDBDCCBDABCABADDADCDCCAACDCBDADDDABDCDDDBACBABBCCCCCCDDBABDCCADBCDBACCCBDBDBAADCADCACCDADBDDDDCDDBDBDBBDCBADDCCDDDCCDCCDCBDDAABBDDDCACADDBBACDCCDCDDBBDBDDDCCADDBDBDDBDBCCADDC	['D3C', 'A29D', 'B31A', 'C32D', 'D36C', 'A84C', 'B85C', 'A97C', 'B124C', 'B139A', 'B146C', 'D152B', 'D158C', 'C176D', 'D177B', 'C181D', 'C185A']	17	-2.998083	-0.8343177	-1.4776077	1.5204754
BDDCCCBACDCCADCDBDCCBDADCABAABDCCDCDCACDCBDADDDABDCDDDBACBABBCCDCCCDDBABDCCADCCDBACACBDBDBAADCADCACCDADADDDDCDDBCBDBBDCBADDBCDDDCCDCCDCBDDBABBDDDCACADDBBACDDDDCDCBCDBDDDCCACDBDDDDBCBCCCDDC	['D1B', 'D11C', 'B24D', 'D30B', 'B31D', 'A37C', 'C64D', 'B78C', 'B85C', 'A97C', 'B104A', 'D113C', 'B146C', 'D152B', 'C157D', 'D162C', 'B164C', 'D173C', 'C176D']	19	-4.969414	-0.8388238	-3.4534445	1.5159698
BDCCDBBACDACADCDBDCCBDADCABADDCCCDCBBACDCBDADDDABDCDDDBACBADBCCCCCCDDBABACCADBCABACCBBDBDBAADCADCACCDADBDDDDCDDBDBDBBDCDADDBCDDDCCCCCDCDDDBCDBDDDCACADDBBACDCCDCDABBBBDDBDCDCDBCCDDBBBCCADDC	['D1B', 'D3C', 'C5D', 'C6B', 'D11A', 'B24D', 'A29D', 'B31C', 'D36B', 'A37B', 'B60D', 'D73A', 'D80A', 'A84C', 'A97C', 'B120D', 'D131C', 'B136D', 'A140C', 'B141D', 'B146C', 'D152B', 'D158C', 'D162A', 'D165B', 'D169B', 'C170D', 'A172D', 'D173C', 'D177C', 'C181B', 'C185A']	32	-2.9596944	-0.872982	-1.4778872	1.4818072
DDCCCCBACDDCADCDBDCCBDABCABAADBCCDCDAACDCBDADDDABDCDDDBACBACBCCCCCCDDBABDCCADBCDBACABBDBDBAADCADCACCDADBDDDDCDDBDBDBBDCBADDBCDDDCCDCCDDBDDBADADDDCACADDBBACDCDDCDABBDBDDDCCDDDBDCDDBCBCCCDDC	['D3C', 'B60C', 'A97C', 'C135D', 'B141D', 'B142A', 'B146C', 'D152B', 'D162A', 'A172D', 'C176D', 'D177C']	12	-4.2755966	-0.8741708	-2.79498	1.4806166
DDCCDBBACDDCADCDBDCCBBABCABADDBCCDCDDACDCBDADDDABDCDDDBACBABBCCACCCDDBABDCCADBCABACACBDBDBAADCADAACCDADADDDDCDDBDBDBBDCBADDBCDDDCCDCCDCBDDBABBDDDBACADDBBACDCDDCDABBCBDDBCCDCDBCCDDBCBCCCDDC	['D3C', 'C5D', 'C6B', 'D22B', 'A29D', 'A37D', 'C64A', 'D80A', 'B85C', 'B104A', 'D152B', 'D162A', 'D165C', 'D169B', 'A172D', 'D173C', 'D177C']	17	-3.67677	-0.9089575	-2.2309418	1.4458282
BDDCCCBACDDCADCDBDCCBDABCABADDBDCDCDAACDCBDADDDABDCCDDBACBABBCCCCCCDDCABDCCADBCDBACABBDBDBAADCADBACCDADBDDDDCDDBDBDBBDCBADDBCDDDCCDCCDCBDDBAABDDDCACADDBBACDCDBCDDBBDBDDDCCADDBCBDDBABCCCDDC	['D1B', 'A29D', 'C32D', 'D52C', 'B70C', 'A97B', 'B141A', 'B146C', 'D152B', 'D159B', 'D177B', 'C181A']	12	-4.1172	-0.90971875	-2.6721272	1.4450727
DDDCCCBACDDCADCDBDCCBBABCABADDBDCDCCAACDCBDADDDABDCDDDBACBABBCCBCCCDDBABDCCADBCDBACABBDBDBAADCADCACCDADBDDDDCDDBDBDBBDCBADDBCDDDCCDCCDCBDDDABBDDDCACADDBBACDCCDCDCBBDBDDAACACDBCDDDCDBCCCDDC	['D22B', 'A29D', 'C32D', 'D36C', 'C64B', 'A97C', 'B139D', 'B146C', 'D152B', 'D158C', 'D162C', 'D169A', 'C170A', 'D173C', 'B180C', 'C181D']	16	-3.7859185	-0.91234446	-2.3434725	1.442446
DDCCBCBACDACADCDBDCCBBABCABAADBCCDCDAACDCBDADDDABDCDDDBACBABBCCCCCCDDBABDCCADBCABACCBBDBDBAADCADCACCDADBDDDDCDDBDBDBBDCBADDBCDDDCCDCCDCBDDBADBDDDCACADDBBACDCDDCDABBDBDDDCCADDBDBDDBCBCCCDDC	['D3C', 'C5B', 'D11A', 'D22B', 'D80A', 'A84C', 'A97C', 'B141D', 'B146C', 'D152B', 'D162A', 'C176D', 'D177B']	13	-3.6853385	-0.93529844	-2.2658472	1.4194913
DDDCCCBACDDCADCDBDCCBDABCABADDADCDCDAACDCBDADDDABDCDDDBACBABBCCCCCCDDBABDCCADBCABACCBBDBDBAADCADCACCDADBDDDDCDDBDBDBBDCBADDBCDDDCCDCCDCBDDBADBDDDCACADDBBACDCDDCDDBCDBDDDCCADDBDBDDBDBCCCDDC	['A29D', 'B31A', 'C32D', 'D80A', 'A84C', 'A97C', 'B141D', 'B146C', 'D152B', 'B164C', 'C176D', 'D177B', 'C181D']	13	-3.0929356	-0.94272375	-1.6808662	1.4120693
DDDCCCBACDACADCDBDCCBDADCABAABBCCDCDCADDCBDADDDABDCDDDBACBABBCCCCCCADBABCCCAACCDBACCCBDBDBAADCADAABCDADBDDDDCDDBCBDBBDCBADDBCDDDCCCCCDCBDDBDDBDDDCACADDBBACDCDDCDABBDBDDBCCACDBDDDDBCBCCCDCC	['D11A', 'B24D', 'D30B', 'A37C', 'C39D', 'D68A', 'D73C', 'D77A', 'B78C', 'A84C', 'B85C', 'C99B', 'D113C', 'D131C', 'A140D', 'B141D', 'B146C', 'D152B', 'D162A', 'D169B', 'D173C', 'C176D', 'D187C']	23	-3.1315112	-0.95817995	-1.7349033	1.3966079
DDCCCBBACDDCADCDBDCCBDABCABAADBCCDCDAACDCBDADDDABDCDDDBACBACBCCDCCCDDBABDCCADBCDBACACBDBDBAADCADBACCDADBDDDDCDDBDBDBBDCBADDBCDDDCCDCCDCBDDBADBDDDCACADDBBACDCDDCDDBBDBDDBCCADDBCCDDBCBCCCDDC	['D3C', 'C6B', 'B60C', 'C64D', 'B85C', 'A97B', 'B141D', 'B146C', 'D152B', 'D169B', 'D177C']	11	-4.374282	-0.95868015	-2.9781742	1.3961077
DDDCCCBACCDCADCDBDCCBDABCABAADBCCDCDAACDCBDADDDABDCDDDBACBABBCCCCCCDDBABDCCADBCDBACCCBDBDBAADCADAACCDADBDDDDCDDBDBDBBDCBADDBCDDDCCDCCDDBDDABBBDDDBADADDBBDCDCDDCDABBDBDDBCCADDBDDDDBCBCCCDDC	['D10C', 'A84C', 'B85C', 'C135D', 'B139A', 'A140B', 'C148D', 'D152B', 'A154D', 'D162A', 'D169B', 'C176D']	12	-4.083298	-0.9992528	-2.7277632	1.355535
BDCCCCBACDDCADCDBDCCBBABCABAABBCCDCDAACDCBDADDDABDCDDDBACBABBCCDCCCDDBABDCCADBCDBACCBBDBDBAADCADAACCDADBDDDDCDDBDBDBBDCBADDBCDDDCCDCCDCBDDBADBDDDBACADDBBACDCDDCDABBBBDDBCCDCDBCCDDBCBCCADDC	['D1B', 'D3C', 'D22B', 'D30B', 'C64D', 'A84C', 'B141D', 'D152B', 'D162A', 'D165B', 'D169B', 'A172D', 'D173C', 'D177C', 'C185A']	15	-4.1282835	-0.9996295	-2.7731247	1.3551588
DDCCBBBACDACADCDBDCCBDABCABAADBCCDCBAACDCBDADDDABDCDDDBACBACBBCCCCCDDBABDCCADBCABACABBDBDBAADCADCACCDADBDDDDCDDBDBDBBDCBADDBCDDDCCDCCDCBDDBABBDDDCACADDBBACDCDDCDDBBDBDDCDCDBDBCCDDBCBDCCDDC	['D3C', 'C5B', 'C6B', 'D11A', 'D36B', 'B60C', 'C62B', 'D80A', 'A97C', 'B146C', 'D152B', 'D169C', 'C170D', 'A172D', 'D173B', 'D177C', 'C183D']	17	-5.354654	-1.0060503	-4.0059166	1.3487372
DDDCCCBACDDCADCDBDCCBDABCABAABBCCDCDAACDCBDADDDABDCDDDBACBABBCCCCCCDDBABDCCADBCDBACABBDBDBAADCADCACCDADBDDDDCDDBDBDBBDCBADDBCDDDCCDCCDDBDDADDBDDDCACADDBBACDCDDCDABBDBDDDCCADDBCDDDBCBCCCDDC	['D30B', 'A97C', 'C135D', 'B139A', 'A140D', 'B141D', 'B146C', 'D152B', 'D162A']	9	-4.3841743	-1.032804	-3.0621872	1.3219872
DDCCDCBACDDCADCDBDCCBDABCABAADBCCDCDDACDCBDADDDABDCDDDBACBABBCCCCCCDDBABDCCADBCDBACCBBDBDBAADCADCACCDADDDDDDCDDBDBDBBDCBADDBCDDDCCDCCDCBDDAABBDDDCACADDBBACDCDDCDDBBDBDDDCCDDDBCCDDBCBCCCDDC	['D3C', 'C5D', 'A37D', 'A84C', 'A97C', 'B104D', 'B139A', 'B146C', 'D152B', 'A172D', 'D177C']	11	-4.056898	-1.0401711	-2.742282	1.3146162
DDDCCCBACDDCADCDBDCCBDABCBBADDBDCDCCBACDCBDADDDABDCDDDBACBACBCCCCCCDDBABDCCADBCABACCBBDBDBAADCADCACCDADBDDDDCDDBDBDBBDCBADDBCDDDCCDCCDCADDBADBDDDCACADDBBACDCCDCDABBDBDDDCCACDBDBDDBDBCCCDDC	['A26B', 'A29D', 'C32D', 'D36C', 'A37B', 'B60C', 'D80A', 'A84C', 'A97C', 'B136A', 'B141D', 'B146C', 'D152B', 'D158C', 'D162A', 'D173C', 'C176D', 'D177B', 'C181D']	19	-3.61802	-1.0489888	-2.3122196	1.3058004
DCCCCCBACCDCADCDBDCCBBABCABADDADCDCDAACDCBDADDDABDCDDDBACBABBCCCCCCDDBABDCCADBCDBADCBBDBDBAADCADAACCAADBDDDDCDDBDBDBBDCBADDCCDDDCCDCCDCBDDACDBDDDCACADDBBACDCDDCDABBDBDDACCACDBCBDDBDBCCCDDC	['D2C', 'D3C', 'D10C', 'D22B', 'A29D', 'B31A', 'C32D', 'C83D', 'A84C', 'D101A', 'B124C', 'B139A', 'A140C', 'B141D', 'B146C', 'D152B', 'D162A', 'D169A', 'D173C', 'D177B', 'C181D']	21	-2.7547662	-1.1342435	-1.5342226	1.2205436
DDDCCCBACDDCADCDBDCCBDADCABAABBCCDCDCACDCBDADDDABDCDDDBACBABBCCCCCCADBABACCAACCDBACCBBDBDBAADCADCACCDADBDDDDCDDBCBDBBDCBADDBBBDDCCDCCDCBDDBABBADDCACADDBBACDCCDCDABBCBDDDCCBADBDDDDBCBCCCDDC	['B24D', 'D30B', 'A37C', 'D68A', 'D73A', 'D77A', 'B78C', 'A84C', 'A97C', 'D113C', 'C125B', 'D126B', 'D143A', 'B146C', 'D152B', 'D158C', 'D162A', 'D165C', 'A172B', 'D173A', 'C176D']	21	-5.5676336	-1.1603324	-4.373173	1.1944604
DDDCCCBACDDCADCDBDCCBDABCABAADBCCDCBAADDCBDADDDABDCDDDBACBABBBCCCCCDDBABDCCADACDBACBCBDBDBAADCADAACCDADBDDDDCDDBDBDBBDCBADDBCDDDCCDCCDCCDDACBBDDDCACADDDBACDCDDCDABBDBDDBCCACDBCCDDBBBCCCDDC	['D36B', 'C39D', 'C62B', 'B78A', 'A84B', 'B85C', 'B136C', 'B139A', 'A140C', 'B146C', 'D162A', 'D169B', 'D173C', 'D177C', 'C181B']	15	-5.137671	-1.1630576	-3.945939	1.1917319
DDCCDCBACDDCADCDBDCCBDABCABAABBCCDCCAACDCBDADDDABDCDDDBACBACBCCCCCCDDBABDCCADBCDBACABBDBDBAADCADAACCDADBDDDDCDDBDBDBBDCBADDBCDDDCCDCCDCCBDBACBDDDCACADDBBACDCDDCDBBBBBDDBDCDCDBCCDDBCBCCCDDC	['D3C', 'C5D', 'D30B', 'D36C', 'B60C', 'B136C', 'D137B', 'B141C', 'B146C', 'D152B', 'D162B', 'D165B', 'D169B', 'C170D', 'A172D', 'D173C', 'D177C']	17	-4.578359	-1.1666858	-3.3902588	1.1881003
DDCCDCBACDDCADADBDCCBDABCABADDBCCDCBAACDCBDADDDABDCDDDBACBABBCCCCCCDDBABDCCADBCABACCBBDBDBAADCADAACCDADBDDDDCDDBDBDBBDCBADDBCDDDCCDCCDCBDDBABBDDDCACADDBBACDCDDCDABBDBDDDCCDCDBCCDDBCBCCCDDC	['D3C', 'C5D', 'C15A', 'A29D', 'D36B', 'D80A', 'A84C', 'B146C', 'D152B', 'D162A', 'A172D', 'D173C', 'D177C']	13	-3.2207522	-1.1892052	-2.055171	1.1655812
DDCCDBBACDDCADCDBDCCBBABCABADDCCCDCDDACDCBDADDDABDCDDDBACBABBCCCCCCBDBABDCCADBCABACCDBDBDBAADCADAACCDADBDDDDCDDBDBDBBDCBADDBCDDDCCDCCDCBDDBADBDDDCACADDBBACDCCDCDABBBBDDBDCDCDBCCDDBBBDCCDDC	['D3C', 'C5D', 'C6B', 'D22B', 'A29D', 'B31C', 'A37D', 'D68B', 'D80A', 'A84C', 'B85D', 'B141D', 'B146C', 'D152B', 'D158C', 'D162A', 'D165B', 'D169B', 'C170D', 'A172D', 'D173C', 'D177C', 'C181B', 'C183D']	24	-3.5889678	-1.1893468	-2.4235287	1.1654391
DDCCBCBACDDCADCDBDCCBDABCABAABBBCDCCAACDCBDADDDABCCDDDBACBACBCCCCCCDDBABDCCADBCDBAACBBDBDBAADCADAACCDADBDDDDCDDBDBDBBDCBADDBCDDBCCDCCDCBDDAABBDDDCACADDBBACDCDDCDABBDBDCDCCDDDBDCDDBCBCCCDDC	['D3C', 'C5B', 'D30B', 'C32B', 'D36C', 'D50C', 'B60C', 'C83A', 'A84C', 'D128B', 'B139A', 'B146C', 'D152B', 'D162A', 'D168C', 'A172D', 'C176D', 'D177C']	18	-3.5307446	-1.1984668	-2.374425	1.1563196
DDDCCCBACDACADCDBDCCBDABCABAABBCCDCDAACDCBDADDDABDCCDDBACBABBCCCCCCDDBABDCCADBCDBACCBBDBDBAADCADCACCAADBDDDDCDDBDBDBBDCBADDCCDDDCCDCCDDBDDBADBDDDCACADDBBACDCDDCDDBBDBDDDCCDDDBCCDDBCBCCCDDC	['D11A', 'D30B', 'D52C', 'A84C', 'A97C', 'D101A', 'B124C', 'C135D', 'B141D', 'B146C', 'D152B', 'A172D', 'D177C']	13	-3.6158845	-1.2019415	-2.4630356	1.152849
BDDCCCBACCDCADCDBDCCBDADCABAAABCCDCDCACDCBDADDDABDCDDDBACBABBCCCCCCDDCABDCCADCCDBACAABDBDBAADCADAACCDADBDDDDCDDBCBDBBDCBADDBCDDDCCDCCDACDDAABBDDDCACADDBBACDCDDCDABBDBDDBCCACDBCDDDBCBCCCDDC	['D1B', 'D10C', 'B24D', 'D30A', 'A37C', 'B70C', 'B78C', 'B85A', 'D113C', 'C135A', 'B136C', 'B139A', 'B146C', 'D152B', 'D162A', 'D169B', 'D173C']	17	-4.946934	-1.2092364	-3.8013797	1.1455545
DDCCCABACDDCADCDBDCCBBABCABACDBDCDCDAACDCBDADDDABBCCDDBACBABBCCCCCCDDBABDCCADBCDBACACBDBDBAADCADCACCDADBDDDDCDDBDBDBBDCBADDDCDDDCCDCCDCBDDAABBDDDBACDDDDBACDCDDCDABBCBDDDCCAADBCBDDBDBCCCDAC	['D3C', 'C6A', 'D22B', 'A29C', 'C32D', 'D50B', 'D52C', 'B85C', 'A97C', 'B124D', 'B139A', 'A149D', 'D162A', 'D165C', 'D173A', 'D177B', 'C181D', 'D187A']	18	-4.972211	-1.2186921	-3.836115	1.136096
BDDCCCBACDDCADCDBDCDBDADCABADDBBCDCDCADDCBDADDDABDCDDDBACBABBCCCCCCBDBABDCCAACCABACCBBDBDBAADCADAACCDADBDDDDCDDBCBDBBDCBADDBCDBDCCDCCDCDBDBCBBDDDBACBDDBBACDCABCDBBBDBDDDCCADDBDDDDBCBCCCDDC	['D1B', 'C20D', 'B24D', 'A29D', 'C32B', 'A37C', 'C39D', 'D68B', 'D77A', 'B78C', 'D80A', 'A84C', 'D113C', 'D127B', 'B136D', 'D137B', 'A140C', 'A149B', 'D152B', 'D158A', 'D159B', 'D162B', 'C176D']	23	-3.9879282	-1.2298868	-2.8630219	1.1249063
DDDCCCBACDACADCDBDCCBDADCABAADBCCDCDCACDCBDADDDABDCCDDBACBABBCCCCCCDDBABDCCADBCABACACBDBDBAADDADCACCDADBDDDDCDDBDBDBBDCBADDBCDBDCCCCCDCBDDBADBDDDCACADDBBACDCDDCDDBCDBDDDCCACDBDDDDBCBCCCDDC	['D11A', 'B24D', 'A37C', 'D52C', 'D80A', 'B85C', 'C94D', 'A97C', 'D127B', 'D131C', 'B141D', 'B146C', 'D152B', 'B164C', 'D173C', 'C176D']	16	-4.3393188	-1.241262	-3.22579	1.1135287
BDCCCCBACDDCADCDBDCCBBABCABADDADCDCDAACDCBDADDDABDCDDDBACBADBCCCCCCDDBABDCCADBCDBACABBDBDBAADCADCACCDADBDDDDCDDBDBDBBDCBADDBCDDDBCDCCDCCDDBCDBDDDCACADDBBACDCDBCDDBBDBDDDCCACDBCBDDBABCCCDDC	['D1B', 'D3C', 'D22B', 'A29D', 'B31A', 'C32D', 'B60D', 'A97C', 'C129B', 'B136C', 'A140C', 'B141D', 'B146C', 'D152B', 'D159B', 'D173C', 'D177B', 'C181A']	18	-3.5333633	-1.244894	-2.4234686	1.1098948
DDCCBCBACDDCADCDBDCCBDABCABAADBCCDBDDACDCBDADDDABDCDDDBACBABBCCCCCCDDBABDCCADBCDBACCBBDBDBAADCADCACCDADBDDDDCDDBDBDBBDCBADDBCDDDCCDDCDCBDDAABBDDDCACADDBBACDCDDCDABBDBDDDDCDDDBCBDDBCBCCCDDC	['D3C', 'C5B', 'C35B', 'A37D', 'A84C', 'A97C', 'C132D', 'B139A', 'B146C', 'D152B', 'D162A', 'C170D', 'A172D', 'D177B']	14	-3.96984	-1.2484422	-2.863492	1.106348
DDCCCBBACDDCADCDBDCCBDABCABADDBCCDCCAACDCBDABDDABDCDDDBACBABBCCCCCCDDCABDCCADBCDBACACBDBDBAADCADCACADADBDDDDCDDBDBDBBDCBADDBCDDDCCDCCDCBDDBABBDDDBACADDBBDCDCDDCDDBBDBDDBCCDDDBCCDDBBBBCCDDC	['D3C', 'C6B', 'A29D', 'D36C', 'D45B', 'B70C', 'B85C', 'A97C', 'C100A', 'D152B', 'A154D', 'D169B', 'A172D', 'D177C', 'C181B', 'C183B']	16	-3.0880656	-1.2584093	-1.9916873	1.0963783
DDDCCCBACDDCADCDBDCCBBABCABADDBDCDCDAACDCBDADDDABDCDDDBACBABBCCCCCCDDBABDCCADBCDBACCBBDBDBAADCADCACCDADBDDDDCDDBDBDBBDCBADDBCDDDCCDCCBCBDDBABBDDDBACADDBBACDCDDCDCBBDBDDDCCAADBDCDDCDBCCCDDC	['D22B', 'A29D', 'C32D', 'A84C', 'A97C', 'D134B', 'D152B', 'D162C', 'D173A', 'C176D', 'D177C', 'B180C', 'C181D']	13	-4.7460217	-1.2615294	-3.65276	1.0932617
BDCCCBBACDDCADCDBDCCBBABCABADDCCCDCDAACDCBDADDDABDCDDDBACBABBCCDCCCDDBABACCADBCDBACCBBDBDBAADCADCACCDADBDDDDCDDBDBDBBDCBADDBCDDBCCDCCDCBDDBAABDDDCACADDCBACDCDDCDABBDBDDDCCBDDBCCDDBCBCCCDDC	['D1B', 'D3C', 'C6B', 'D22B', 'A29D', 'B31C', 'C64D', 'D73A', 'A84C', 'A97C', 'D128B', 'B141A', 'B146C', 'D152C', 'D162A', 'A172B', 'D177C']	17	-2.8337963	-1.2731867	-1.7521935	1.0816028
DDDCCDBACCDCADCDBDCCBDABCABAADBCCDCDAACDCBDADDDABDCDDDBACBABBCCCCCCDDBABDCCADBCDBACCBBDBDBAADCADDACCDADBDDDDCDDBDBDBBDCBADDACDDDCCDCCDCADDBABBDDDCACADDBBACDCDDCDDBBDBDDDCCAADBCDDDBCBCCCDAC	['C6D', 'D10C', 'A84C', 'A97D', 'B124A', 'B136A', 'B146C', 'D152B', 'D173A', 'D187A']	10	-6.1546965	-1.2817228	-5.0816317	1.0730648
DDCCBCBACDDCADCDBDCCBDABCABAADBCCDCDDACDCBDADDDABDCDDDBACBADBCCCCCCDDBABDCCADBCDBACCBBDBDBAADCADCACCDADBDDDDCDDBDBDBBDCBADDBCDDDCCDCCDCBDDBABBDDDCACADDBBACDCDDCDABBDBDDDCCADDBCCDDBCBCCCDDC	['D3C', 'C5B', 'A37D', 'B60D', 'A84C', 'A97C', 'B146C', 'D152B', 'D162A', 'D177C']	10	-4.381546	-1.2889752	-3.3157315	1.0658145
DDCCBBBACDDCADCDBDCCBDABCABADDCCCDCDAACDCBDADDDABDCDDDBACBACBCCCCCCDDBABDCCADBCABACACBDBDBAADCADAACCDADBDDDDCDDBDBDBBDCBADDBCDDDCCDCCDCBDDAADBDDDCACADDBBACDCDDCDABBBBDDBCCBCDBCCDDBCBCCCDDC	['D3C', 'C5B', 'C6B', 'A29D', 'B31C', 'B60C', 'D80A', 'B85C', 'B139A', 'B141D', 'B146C', 'D152B', 'D162A', 'D165B', 'D169B', 'A172B', 'D173C', 'D177C']	18	-3.3140674	-1.2914906	-2.2507715	1.0632958
BDCCDCBACDDCADCDBDCCBBABCABADDBCCDCCAACDCBDADDDABBCDDDBACBABBCCCCCCBDBABDCCAABCABACACBDBDBAADCADAACCDADBDDDDCDDBDBDBBDCBADDBCDDDCCDCCDCCDDAACBDDDCACADABBACDCCDCDDBCDBDDDCCDCDBCCDDBBBCCCDDC	['D1B', 'D3C', 'C5D', 'D22B', 'A29D', 'D36C', 'D50B', 'D68B', 'D77A', 'D80A', 'B85C', 'B136C', 'B139A', 'B141C', 'B146C', 'D151A', 'D152B', 'D158C', 'B164C', 'A172D', 'D173C', 'D177C', 'C181B']	23	-3.157571	-1.2961605	-2.0989466	1.0586245
BDCCCBBACDDCADCDBDCCBDABCABADDBCCDCCBACDCBDADDDABDCDDDBACBABBCCACCCBDBABDCCADBCABACCDBDBDBAADCADCACCDADBDDDDCDDBDBDBBDCBADDBCDDDCCDCCDCBDDBADBDDDCACADDBBACDCCDCDABCBBDDDDCDCDBCCDDBCBCCADDC	['D1B', 'D3C', 'C6B', 'A29D', 'D36C', 'A37B', 'C64A', 'D68B', 'D80A', 'A84C', 'B85D', 'A97C', 'B141D', 'B146C', 'D152B', 'D158C', 'D162A', 'B164C', 'D165B', 'C170D', 'A172D', 'D173C', 'D177C', 'C185A']	24	-3.4460216	-1.2988658	-2.3900957	1.0559258
ADCCCBBACDDCADCDBDCCBBABCABACBBCCDCBAACDCBDADDDABDCDDDBACBABBBCDCCCDDBABDCCADBCABACCCBDBDBAADCADCACCDADBDDDDCDDBDBDBBDCBADDDCDDDCCDCCDCBDDBADBDDDCACADDDBACDCDDCDABBBBDDBDCDCDBCCDDCBBCCCDDC	['D1A', 'D3C', 'C6B', 'D22B', 'A29C', 'D30B', 'D36B', 'C62B', 'C64D', 'D80A', 'A84C', 'B85C', 'A97C', 'B124D', 'B141D', 'B146C', 'D162A', 'D165B', 'D169B', 'C170D', 'A172D', 'D173C', 'D177C', 'B180C', 'C181B']	25	-4.986399	-1.3144825	-3.9460926	1.0403066
DDCCDCBACDDCADCDBDCCBDABCABAADADCDCDAACDCBDADDDABDCDDDBBCBABBCCCCCCCDBBBDCCADBCABACCDBDBDBAADCADCACCDADBDDDDCDDBDBDBBDCBADDBCDDDCCDCCDCBDDAADBDDDCACABDBBACDCDDCDCBCCBDDDCCADDBDBDDBDBCCCDDC	['D3C', 'C5D', 'B31A', 'C32D', 'A56B', 'D68C', 'A71B', 'D80A', 'A84C', 'B85D', 'A97C', 'B139A', 'B141D', 'B146C', 'D150B', 'D152B', 'D162C', 'B164C', 'D165C', 'C176D', 'D177B', 'C181D']	22	-3.26693	-1.3166351	-2.2287722	1.0381579
DDDCCCBACDACADCDBDCCBBABCABADDCCCDCDCACDCBDADDDABDCDDDBACBABBCCCCCCDDBABDCCADCCDBACCABDBDBAADCADAACCDADBDDDDCDDBCBDBBDCBADDBCDBDCCDCCDCBDDBABBDDDCACADDCBACDCCACDDBBDBDDDCCACDBCDDDBCBCCCDAC	['D11A', 'D22B', 'A29D', 'B31C', 'A37C', 'B78C', 'A84C', 'B85A', 'D113C', 'D127B', 'B146C', 'D152C', 'D158C', 'D159A', 'D173C', 'D187A']	16	-4.2172937	-1.3172433	-3.1797438	1.03755
DDDCCCBACDACADCDBDCCBBABCABADDCCCDCDCACDCBDADDDABDCDDDBACBABBCCCCCCDDBABDCCADCCDBACCABDBDBAADCADAACCDADBDDDDCDDBCBDBBDCBADDBCDBDCCDCCDCBDDBABBDDDCACADDCBACDCCACDDBBDBDDDCCACDBCDDDBCBCCCDAC	['D11A', 'D22B', 'A29D', 'B31C', 'A37C', 'B78C', 'A84C', 'B85A', 'D113C', 'D127B', 'B146C', 'D152C', 'D158C', 'D159A', 'D173C', 'D187A']	16	-4.2172937	-1.3172433	-3.1797438	1.03755
DDDCCCBACDDCADCDBDCCBBABCABADBBCCDCDAACDCBDADDDABDCCDDBACBABBCCCCCCDACABDCCADBCDBACABBDBDBAADCADAACCDADBDDDDCDDBDBDBBDCBADDBCDDDCCDCCDCBDDBABBDDDCACADDBBACDCDDCDDBBDBDDDCCADDBCCDDBABCCCDDC	['D22B', 'A29D', 'D30B', 'D52C', 'D69A', 'B70C', 'B146C', 'D152B', 'D177C', 'C181A']	10	-4.3835526	-1.329045	-3.3578067	1.0257459
DDCCCCBABDDCADCDBDCCBDABCABAABBCCDCDAACDCBDADDDABDCDDDBACBABBCCCCCCDDBABDCCADBCDBACACBDBDBAADCADAACCDADBDDDDCDDBDBDBBDCBADDBCDDDCCDCCDCBDDBADBDDDCACADDBBACDCADCDCBCDBDDDCCACDBCBDDBCBCCCDDC	['D3C', 'C9B', 'D30B', 'B85C', 'B141D', 'B146C', 'D152B', 'D158A', 'D162C', 'B164C', 'D173C', 'D177B']	12	-3.2749758	-1.3364954	-2.2566805	1.0182953
DDCCCCBACDDCADCDBDCCBDABCABAADADCDCDAACDCBDADDDABDCDDDBACBABBCCCCCCADBABDCCADBCDBACABBDBDBAADCADAACCDADDDDDDCDDBDBDBBDCBADDBCDDBCCCCCDCBDDBADBDDDCACADDBBACDCDDCDDBBDBDDDCCADDBDDDDBCBCCCDDC	['D3C', 'B31A', 'C32D', 'D68A', 'B104D', 'D128B', 'D131C', 'B141D', 'B146C', 'D152B', 'C176D']	11	-3.7177048	-1.3371234	-2.700039	1.0176659
DDCCDCBACDDCADCDBDCCBDABCABADDADCDCCAACDCBDADDDABDCCDDBACBABBCCCCCCDDBABDCCADBCDBACCBBDBDBAADCADAACCDADBDDDDCDDBDBDBBDCBADDBCDDDCCDCCDCBBDDCBDADDBACADDBBACDCDDCDDBBDBDDBDCACDBCBDDCDBCCCDDC	['D3C', 'C5D', 'A29D', 'B31A', 'C32D', 'D36C', 'D52C', 'A84C', 'D137B', 'B139D', 'A140C', 'B142D', 'D143A', 'D152B', 'D169B', 'C170D', 'D173C', 'D177B', 'B180C', 'C181D']	20	-3.244734	-1.3391879	-2.2291336	1.0156004
DDDCCCBACDDCADCDBDCCBBABCABADDADCDCDAACDCBDADDDABDCDDDBACBABBCCDCCCDDBABDCCADBCDBADCABDBDBAADCADAACCDADBDDDDCDDBDBDBBDCBADDBCDDDCCDCCDCBDDAABBDDDCACADDDBACDCDDCDCBBDBDDDCCADDBDBDDBDBCCCDDC	['D22B', 'A29D', 'B31A', 'C32D', 'C64D', 'C83D', 'A84C', 'B85A', 'B139A', 'B146C', 'D162C', 'C176D', 'D177B', 'C181D']	14	-3.6377087	-1.343564	-2.62648	1.0112286
DDCCDCBACDDCADCDBDCCBDABCABAABBCCDCDAACDCBDADDDABDCDDDBACBADBCCDCCCDDBABDCCADBCDBACCBBDBDBAADCADCACCDADBDDDDCDDBDBDBBDCBADDBCDDDCCDCCDCBDDDABBDDDCACADDDBACDCDDCDABBDBDDDCCADDBCCDDBCBCCCDDC	['D3C', 'C5D', 'D30B', 'B60D', 'C64D', 'A84C', 'A97C', 'B139D', 'B146C', 'D162A', 'D177C']	11	-4.6046968	-1.344522	-3.594429	1.0102677
DDCCCCBACDDCADCDBDCCBDABCABAADBCCDCDAACDCBDADDDABDCDDDBACBABBCCCCCCDDBABDCCADBCDBACCBBDBDBAADCADCACCDADBDDDDCDDBDBDBBDCBADDBCDDDCCDCCDCBDDBABBDDDCACADDBBACDCDDCDABBBBDDBCCDDDBCCDDBCBCCCDDC	['D3C', 'A84C', 'A97C', 'B146C', 'D152B', 'D162A', 'D165B', 'D169B', 'A172D', 'D177C']	10	-4.7472878	-1.345962	-3.738461	1.0088267
DDCCCCBACDDCADCDBDCCBBABCABAADBCCDCDAACDCBDADDDABDCDDDBACBABBCCCCCCDDBABDCCADBCDBACACBDBDBAADCADCACCDADCDDDDCDDBDBDBBDCBADDBCDDBCCDCCDCBDDBCDBDDDCACADDBBACDCDDCDDBBDBDDDCCADDBCADDBCBCCCDDC	['D3C', 'D22B', 'B85C', 'A97C', 'B104C', 'D128B', 'A140C', 'B141D', 'B146C', 'D152B', 'D177A']	11	-3.5297303	-1.3472638	-2.5222034	1.0075269
DDCCDCBACDACADCDBDCCBBABCABAADBCCDCBAACDCBDABDDABDCCDDBACBABBCCCCCCDDCABDCCADBCABACABBDBDBAADCADAACCDADBDDDDCDDBDBDBBDCBADDCCDDBCCDCCDCBDDBABBDDDCACADDBBACDCDDCDABBDBDDDCCDDDBCBDDBCBCCCDDC	['D3C', 'C5D', 'D11A', 'D22B', 'D36B', 'D45B', 'D52C', 'B70C', 'D80A', 'B124C', 'D128B', 'B146C', 'D152B', 'D162A', 'A172D', 'D177B']	16	-3.5510905	-1.3524392	-2.5487385	1.002352
DDDCCCBACDDCADCDBDCCBDABCABADDADCDCDAACDCBDADDDABDCDDDBACBABBCCCCCCBDBABDCCADBCABACCBBDBDBAADCADCACCDADBDDDDCDDBDBDBBDCBADDBCDDDCCDCCDCBDDBADBDDDCACADDBBACDCDDCDDBCDBDDDCCADDBDBDDBDBCCCDDC	['A29D', 'B31A', 'C32D', 'D68B', 'D80A', 'A84C', 'A97C', 'B141D', 'B146C', 'D152B', 'B164C', 'C176D', 'D177B', 'C181D']	14	-3.3237472	-1.3598218	-2.3287754	0.99497175
DDDCCCBACDDCADCDBDCCBDABCABADDADCDCDAACDCBDADDDABDCDDDBACBABBCCCCCCBDBABDCCADBCABACCBBDBDBAADCADCACCDADBDDDDCDDBDBDBBDCBADDBCDDDCCDCCDCBDDBADBDDDCACADDBBACDCDDCDDBCDBDDDCCADDBDBDDBDBCCCDDC	['A29D', 'B31A', 'C32D', 'D68B', 'D80A', 'A84C', 'A97C', 'B141D', 'B146C', 'D152B', 'B164C', 'C176D', 'D177B', 'C181D']	14	-3.3237472	-1.3598218	-2.3287754	0.99497175
BDDCCCBACDDCADCDBDCCBDABCABACDADCDCDAACDCBDADDDABDCDDDBACBABBCCDCCCCDBABDCCADBCDBACABBDBDBAADCADAACCDADBDDDDCDDBDBDBBDCBADDACDDDCCDCCDCBDDBABBDDDCACADDBBACDCDDCDDBBDBDDDCCAADBCBDDBABCCCDDC	['D1B', 'A29C', 'B31A', 'C32D', 'C64D', 'D68C', 'B124A', 'B146C', 'D152B', 'D173A', 'D177B', 'C181A']	12	-4.149396	-1.381619	-3.1762247	0.97317123
BDCCBBBACDDCADCDBDCCBDABCABADDBCCDCCAACDCBDADDDABDCDDDBACBACBCCDCCCDDBABDCCADBCABACACBDBDBAADCADBACCDADDDDDDCDDBDBDBBDCBADDCCDDBCCDCCDCBDDBADBDDDCACADDBBACDCDDCDABBCBDDBDCDCDBCCDDBCBDCCDDC	['D1B', 'D3C', 'C5B', 'C6B', 'A29D', 'D36C', 'B60C', 'C64D', 'D80A', 'B85C', 'A97B', 'B104D', 'B124C', 'D128B', 'B141D', 'B146C', 'D152B', 'D162A', 'D165C', 'D169B', 'C170D', 'A172D', 'D173C', 'D177C', 'C183D']	25	-3.5618708	-1.3901353	-2.5972233	0.96464753
DDCCCCBACDDCADCDBDCCBDABCABAADBCCDCCAACDCBDADDDABDCDDDBACBACBCCCCCCDDBABDCCADBCDBACACBDBDBAADCADBACCDADCDDDDCDDBDBDBBDCBADDBCDDDCCDCCDCBDDBABBDDDCACADDBBACDCDDCDDBBDBDDDCCBCDBCCDDBCBCCCDDC	['D3C', 'D36C', 'B60C', 'B85C', 'A97B', 'B104C', 'B146C', 'D152B', 'A172B', 'D173C', 'D177C']	11	-4.209383	-1.3959944	-3.2505898	0.95879316
BDCCDBBACDDCADCDBDCCBDABCABACDCCCDCDDACDCBDADDDABDCDDDBACBABBCCCCCCCDBABDCCADBCABACCBBDBDBAADCADCACCDADBDDDDCDDBDBDBBDCBADDBCDDDCCDCCDCBDDBABBDDDCACADDBBACDCDDCDDBBDBDDDDCDDDBCCDDBBBCCADDC	['D1B', 'D3C', 'C5D', 'C6B', 'A29C', 'B31C', 'A37D', 'D68C', 'D80A', 'A84C', 'A97C', 'B146C', 'D152B', 'C170D', 'A172D', 'D177C', 'C181B', 'C185A']	18	-3.5578814	-1.3968816	-2.5999756	0.95790577
DDDCCCBACDDCADCDBDCCBDADCABAADBCCDCDAACDCBDADDDABDCDDDBACBABBCCCCCCDDBABDCCADBCDBACACBDBDBAADCADCACCDADBDDDDCDDBDBDBBDCBADDBCDDDCCDCCDCBDDBABBDDDCACADDBBACDCDDCDABBDBDDDCCADDBCCDDBCBCCCDDC	['B24D', 'B85C', 'A97C', 'B146C', 'D152B', 'D162A', 'D177C']	7	-4.6215234	-1.3989387	-3.6656718	0.95585155
DDDCCCBACDDCADCDBDCCBDABCABADDBDCDCDAACDCBDADDDABDCDDDBACBABBCCDCCCBDBABDCCADBCABACCDBDBDBAADCADCACCDADBDDDDCDDBDBDBBDCBADDBCDDDCCDCCDCBDDAADBDDDCACADDBBACDCDDCDDBCDBDDDCCADDBDADDBDBCCCDDC	['A29D', 'C32D', 'C64D', 'D68B', 'D80A', 'A84C', 'B85D', 'A97C', 'B139A', 'B141D', 'B146C', 'D152B', 'B164C', 'C176D', 'D177A', 'C181D']	16	-3.6743596	-1.4023104	-2.721877	0.95248246
BDCCCCBACDDCADCDBDCCBDABCABADBBCCDCDAACDCBDADDDABDCDDDBACBABBCCCCCCDDBABDCCADBCDBACACBDBDBAADCADAACCDADBDDDDCDDBDBDBBDCBADDBCDDDCCDCCDCBDDAABBDDDCACADDDBACDCDDCDABBDBDDDCCDCDBCCDDBABCCCDAC	['D1B', 'D3C', 'A29D', 'D30B', 'B85C', 'B139A', 'B146C', 'D162A', 'A172D', 'D173C', 'D177C', 'C181A', 'D187A']	13	-4.0425115	-1.4043033	-3.0920286	0.95048285
DBDCCCBACDDCADCDBDCCBBABCABAADACCDCDAACDCBDADDDABDCDDDBACBABBCCACCCADBABDCCADBCDBACACBDBDBAADCADAACCDADBDDDDCDDBDBDBBDCBADDBCDDDCCDCCDCBDDCACBDDDCACADDDBACDCDDCDABBDBDDDCCADDBDDDDBCBCCCDDC	['D2B', 'D22B', 'B31A', 'C64A', 'D68A', 'B85C', 'B139C', 'B141C', 'B146C', 'D162A', 'C176D']	11	-4.6713133	-1.40569	-3.7222118	0.94910145
DDCCDCBACDDCADCDBDCCBDABCABAADBCCDCDAACDCBDADDDAAACDDDBACBABBCCCCCCDDBABDCCADBCABACACBDBDBAADCADAACDDADBDDDDCDDBDBDBBDCBADDBCDDDCCDCCDADDDBABBDDDBACADDBBACDCDDCDDBBDBDDDCCDDDBCCDDBCBCCCDDC	['D3C', 'C5D', 'B49A', 'D50A', 'D80A', 'B85C', 'C100D', 'C135A', 'B136D', 'D152B', 'A172D', 'D177C']	12	-2.824244	-1.4071288	-1.8765812	0.94766283
BDCCCCBACDDCADCDBDCCBBABCABADDADCDCDDACDCBDADDDABDCDDDBBCBABBBCCCCCCDBABDCCADBCDBACCBBDBDBAADCADBACCDADBDDDDCDDBDBDBBDCBADDBCDDDCCDCCDCBDDBADBBDDCACABDDBACDCCDCDABBDBDDDDCADDBCBDDCDBCCCDDC	['D1B', 'D3C', 'D22B', 'A29D', 'B31A', 'C32D', 'A37D', 'A56B', 'C62B', 'D68C', 'A84C', 'A97B', 'B141D', 'D143B', 'B146C', 'D150B', 'D158C', 'D162A', 'C170D', 'D177B', 'B180C', 'C181D']	22	-4.925765	-1.4082711	-3.9792485	0.9465165
DDDCCCBACDDCADCDBDCCBDADCABAADBCCDCDAACDCBDADDDABDCDDDBACBABBCCCCCCDDBABDCCADBCDBACABBDBCBAADCADCACCDADBDDDDCDDBDBDBBDCDADDBCDDDCCDCCDCBDDAABBDDDCACADDBBACDCDDCDDBBDBDDDCCACDBCBDDBCBCCCDDC	['B24D', 'D89C', 'A97C', 'B120D', 'B139A', 'B146C', 'D152B', 'D173C', 'D177B']	9	-4.435647	-1.4136195	-3.4944754	0.94117165
DDDCCCBACDDCADCCBDCCBDADCABAADBCCDCDAACDCBDADDDABDCDDDBACBABBCCCCCCDDBABDCCADBCABACACBDBDBAADCADCACCDADADDDDCDDBDBDBBDCBADDBCDDDCCDCCDCBDDAADBDDDCACADDBBACDCCDCDDBBDBDDDCCADDBDDDDBCBCCCDDC	['D16C', 'B24D', 'D80A', 'B85C', 'A97C', 'B104A', 'B139A', 'B141D', 'B146C', 'D152B', 'D158C', 'C176D']	12	-4.160569	-1.4245472	-3.2303257	0.9302435
DDDCCCBACDDCADCDBDCCBDABCABAADBCCDCCAACCDBDABDDABDCDDDBACBABBCCCCCCDDBABDCCADBCDBACABBDBDBAADCADBACCDADBDDDDCDDBDBDBBDCBADDBCDDDCCDACBCBDDBADBDDDBACADDBBACDCDDCDABBDBDDDCCDCDBCCDDBCBCCCDDC	['D36C', 'D40C', 'C41D', 'D45B', 'A97B', 'C132A', 'D134B', 'B141D', 'D152B', 'D162A', 'A172D', 'D173C', 'D177C']	13	-4.0133467	-1.4267654	-3.0853224	0.9280243
DDDCCCBACDDCADCDBDCCBDABCABADBADCDCDAACDCBDADDDABDCCDDBACBADBCCDCCCBDBABDCCADBCDBACCDBDBDBAADCADAACCDADBDDDDCDDBDBDBBDCBADDBCDDDCCDCCDDCDDBABBDDDBACADDBBACDCCDCDABCCBDDDCCADDBDBDDBDBCCCDDC	['A29D', 'D30B', 'B31A', 'C32D', 'D52C', 'B60D', 'C64D', 'D68B', 'A84C', 'B85D', 'C135D', 'B136C', 'D152B', 'D158C', 'D162A', 'B164C', 'D165C', 'C176D', 'D177B', 'C181D']	20	-4.374512	-1.4294722	-3.449195	0.9253173
DDDCCCBACDDCADCDBDCCBBABCABADDADCDCDAACDCBDADDDABDCDDDBACBABBCCCCCCDDBABDCCADBCABACDCBDBDBAADCADAACBDADBDDDDCDDBDBDBBDCBADDCCDDDCCDCCDCBDDACDBDDDCACADDDBACDCDDCDDBBDBDDDCCACDBDDDDBDBCCCDAC	['D22B', 'A29D', 'B31A', 'C32D', 'D80A', 'A84D', 'B85C', 'C100B', 'B124C', 'B139A', 'A140C', 'B141D', 'B146C', 'D173C', 'C176D', 'C181D', 'D187A']	17	-3.1307707	-1.4296663	-2.2056465	0.92512417
DDDCCBBACDDCADCDBDCCBDABCABADBBACDCDAACDCBDADDDABDCDDDBACBABBCCCCCCDDBABDCCADBCABACCBBDBDBAADCADAACCAADBDDDDCDDBDBDBBDCBADDBCDDDCCDCCDCBDDDADBDDDCACADDDBACDCDDCDDBBDBDDDCCAADBDCDDBDBCCCDDC	['C6B', 'A29D', 'D30B', 'C32A', 'D80A', 'A84C', 'D101A', 'B139D', 'B141D', 'B146C', 'D173A', 'C176D', 'D177C', 'C181D']	14	-3.3570337	-1.4316425	-2.4338894	0.92314434
DDCCCCBACDDCADCDBDCCBDABCABAADBCCDCDAACDCBDADDDABDCDDDBACBACBCCCCCCDDBABDCCADBCDBACACBDBDBAADCADCACCDADBDDDDCDDBDBDBBDCBADDBCDDDCCDCCDCBDDBADBDDDCACADDBBACDCDDCDABBDBDDDCCDDDBCCDDBCBCCCDDC	['D3C', 'B60C', 'B85C', 'A97C', 'B141D', 'B146C', 'D152B', 'D162A', 'A172D', 'D177C']	10	-4.099282	-1.4321408	-3.1766348	0.922647
DDDCCCBACDDCADCDBDCCBDABCABADDADCDCDAACDCBDADDDABDCDDDBACBABBCCCCCCDDBABDCCADBCDBACACBDBDBAADCADCACCDADBDDDDCDDBDBDBBDCBADDBCDDDCCDCCDCBDDAABBDDDBACADDBBACDCCDCDCBCDBDDDCCADDBDBDDBDBCCCDDC	['A29D', 'B31A', 'C32D', 'B85C', 'A97C', 'B139A', 'D152B', 'D158C', 'D162C', 'B164C', 'C176D', 'D177B', 'C181D']	13	-3.8448305	-1.4368544	-2.9268942	0.9179363
DDDCCCBACDDCADCDBDCCBBABCABADDADCDCDAACDCBDADDDABDCDDDBACBABBCCACCCDDBABDCCADBCABACCBBDBDBAADCADCACCDADBDDDDCDDBDBDBBDCBADDBCDDDCCDCCDCBDDBABBDDDCACABDBBACDCDDCDDBBDBDDDCCADDBDADDCDBCCCDDC	['D22B', 'A29D', 'B31A', 'C32D', 'C64A', 'D80A', 'A84C', 'A97C', 'B146C', 'D150B', 'D152B', 'C176D', 'D177A', 'B180C', 'C181D']	15	-4.377304	-1.4466617	-3.4691753	0.90812874
DDDCCCBACDACADCDBDCCBDABCABAADBCCDCDAACDCBDABDDBBDCDDDBABBABBCCCCCCDDBABDCCADBCDBACACBDBDBAADCADBACCDADBCDDDCDDBDBDBBDCBCDDBCDDBCCDCCBADDDAABBDDDCACADDDBACDCDDCDBBBDADDDCCADDBCCDDBBBCCCDAC	['D11A', 'D45B', 'A48B', 'C57B', 'B85C', 'A97B', 'D105C', 'A121C', 'D128B', 'D134B', 'C135A', 'B136D', 'B139A', 'B146C', 'D162B', 'B166A', 'D177C', 'C181B', 'D187A']	19	-4.439582	-1.4493544	-3.5341492	0.9054327
DDCCCCBACDDCADCDBDCCBBABCABADDBACDCDAACDCBDADDDABDCDDDBACBABBCCCCCCDDBABDCCADBCDBACABBDBDBAADCADCACCAADBDDDDCDDBDBDBBDCBADDBCDDDCCDCCDCBDDBABBDDDCACADDBBACDCDDCDDBBDBDDDCCACDBCBDDBCBCCCDDC	['D3C', 'D22B', 'A29D', 'C32A', 'A97C', 'D101A', 'B146C', 'D152B', 'D173C', 'D177B']	10	-4.314297	-1.4499135	-3.4094224	0.9048748
DDCCCCBACDACADCDBDCCADABCABAADBCCDCDAACDCBDADDDABDCDDDBACBABBCCCCCCDDBABDCCADBCABADCBBDBDBAADCADCACCDADBDDDDCDDBDBDBBDCBADDBCDDDCCCCCDCBDDADDBDDDCACADDBBACDCDDCDDBBDBDDBCCACDBDCDDBCBCCCDDC	['D3C', 'D11A', 'B21A', 'D80A', 'C83D', 'A84C', 'A97C', 'D131C', 'B139A', 'A140D', 'B141D', 'B146C', 'D152B', 'D169B', 'D173C', 'C176D', 'D177C']	17	-3.55024	-1.459013	-2.6544619	0.8957782
DDDCCCBACDACADCDBDCDBDADCACAABADCDCDCADDCBDCDDDABDCDDDBACBABBCCCCCCDDBABDCCADCCDBACABBDBDBAADCADCACCDADBDDDDCDDBCBDBBDCBADDBCDCDCCDCCDCBDDBADBABDCACADDBBACDCDDCDABBDBDDCCCAADBDDDDBCBCCCDDC	['D11A', 'C20D', 'B24D', 'B27C', 'D30B', 'B31A', 'C32D', 'A37C', 'C39D', 'A44C', 'B78C', 'A97C', 'D113C', 'D127C', 'B141D', 'D143A', 'D144B', 'B146C', 'D152B', 'D162A', 'D169C', 'D173A', 'C176D']	23	-5.682951	-1.4734232	-4.8015833	0.8813677
DDCCDBBACDDCADCDBDCCBDABCABAADBCCDCDDACDCBDADDDABDCDDDBACBABBCCCCCCDDBABDCCADBCABACCBBDBDBAADCADAACCDADBDDDDCDDBDBDBBDCBADDBCDDDCCDCCDCBDDBADBDDDCACABDBBACDCDDCDABBDBDDDCCDCDBDCDDBCBCCCDDC	['D3C', 'C5D', 'C6B', 'A37D', 'D80A', 'A84C', 'B141D', 'B146C', 'D150B', 'D152B', 'D162A', 'A172D', 'D173C', 'C176D', 'D177C']	15	-3.363071	-1.4765277	-2.4848099	0.8782611
DDDCCCBACDDCADCDBDCCBDABCABADDBDCDCDAACDCBDADDDABDCDDDBACBACBCCCCCCDDBABDCCADBCDBACCBBDBDBAADCADCACCDADBDDDDCDDBDBDBBDCBADDBCDDDCCDCCDCBDDACBBDDDCACADDBBACDCDACDDBBDBDDDCCADDBDBDDBDBCCCDDC	['A29D', 'C32D', 'B60C', 'A84C', 'A97C', 'B139A', 'A140C', 'B146C', 'D152B', 'D159A', 'C176D', 'D177B', 'C181D']	13	-4.321964	-1.4795525	-3.4467258	0.87523794
DDDCCCBACDDCADCDBDCCBDABCABAADBCCDCDAACDCBDADDDABDCCDDBACBABBCCCCCCDDBABDCCADBCDBACCDBDBDBAADCADCACCDADBDDDDCDDBDBDBBDCBADDBCDDDCCDCCDBBDDBADBDDDCACADDBBACDCDDCDABBCBDDDCCBDDBCDDDBCBCCCDDC	['D52C', 'A84C', 'B85D', 'A97C', 'C135B', 'B141D', 'B146C', 'D152B', 'D162A', 'D165C', 'A172B']	11	-4.439785	-1.4836864	-3.5686798	0.8711052
DDCCBBBACDDCADCCBDCCBDABCABADDBCCDCDAACDCBDADDDABDCDDDBACBABBCCCCCADDBABDCCADBCABACCBBDBDBAADCADCACCDADBDDDDCDDBDBDBBDCBADDBCDDDCCDCCDCBDDBADBDDDCACADDBBACDCDDCDDBBDBDDDCCDCDBCCDDCBBCCCDDC	['D3C', 'C5B', 'C6B', 'D16C', 'A29D', 'C67A', 'D80A', 'A84C', 'A97C', 'B141D', 'B146C', 'D152B', 'A172D', 'D173C', 'D177C', 'B180C', 'C181B']	17	-2.8507454	-1.4873848	-1.9833403	0.8674052
ADDCCCBACDDCADCDBDCCBBABCABADDBDCDCDAACDCBDADDDABDCDDDBACBACBCCCCCCCDBABDCCADBCDBACABBDBDBAADCADAACCDADBDDDDCDDBDBDBBDCBADDBCDDDCCDCCDCBDDAAABDDDCACADDBBACDCDDCDDBCDBDDDCCADDBDBDDBABDCCDDC	['D1A', 'D22B', 'A29D', 'C32D', 'B60C', 'D68C', 'B139A', 'B141A', 'B146C', 'D152B', 'B164C', 'C176D', 'D177B', 'C181A', 'C183D']	15	-3.8003902	-1.4919584	-2.9375572	0.862833
DDDCCCBACDDCADCDBDCCBDABCABAABBCCDCDAACDCBDADDDABDCDDDBACBABBCCCCCCDDBABDCCADBCDBADCCBDBDBAADCADCACCDADBDDDDCDDBDBDBBDCBADDBCDDDCCDCCDCBDDBCDBDDDCACADDBBACDCDDCDDBBDBDDBCCACDBCCDDBCBCCCDDC	['D30B', 'C83D', 'A84C', 'B85C', 'A97C', 'A140C', 'B141D', 'B146C', 'D152B', 'D169B', 'D173C', 'D177C']	12	-3.8834674	-1.5092301	-3.0379066	0.8455608
DDCCCCBACDDCADCDBDCCBDABCABAADBCCDCDAACDCBDABDDABDCDDDBACBABBCCCCCCBDBABDCCADBCDBACDBBDBDBAADCADAACCDADBDDDDCDDBDBDBBDCBADDBCDDDCCDCCDABDDADABDDDCACADDBBACDCCACDABBDBDDBCCADDBCCDDBCBCCCDDC	['D3C', 'D45B', 'D68B', 'A84D', 'C135A', 'B139A', 'A140D', 'B141A', 'B146C', 'D152B', 'D158C', 'D159A', 'D162A', 'D169B', 'D177C']	15	-3.5494325	-1.5126867	-2.7073298	0.84210277
DDCCCCBACDDCADCDBDCCBDABCABAADBCCDCDAACDCBDADDDABDCDDDBACBABBCCCCCCDDBABDCCADBCDBACCABDBDBAADBADAACCDADBDDDDCDDBDBDBBDCBADDBCDDDCCCCCDCBDDBADBDDDCACABDBBACDCDDCDABBDBDDBCCACDBDADDBCBCCCDDC	['D3C', 'A84C', 'B85A', 'C94B', 'D131C', 'B141D', 'B146C', 'D150B', 'D152B', 'D162A', 'D169B', 'D173C', 'C176D', 'D177A']	14	-4.145084	-1.5214772	-3.3117743	0.83330965
DDCCCBBACDACADCDBDCCBDABCABAABBCCDCDAACDCBDADDDABDCCDDBACBABBCCCCCCDDBABDCCADBCABACCBBDBDBAADCADCACCDADBDDDDCDDBDBDBBDCBADDCCDDDCCACCDCBDDBABBDDDCACADDBBACDCDDCDDBBDBDDDCCDDDBCCDDBCBCCCDDC	['D3C', 'C6B', 'D11A', 'D30B', 'D52C', 'D80A', 'A84C', 'A97C', 'B124C', 'D131A', 'B146C', 'D152B', 'A172D', 'D177C']	14	-3.9530196	-1.5292888	-3.1275215	0.8254981
DDCCCCBACDDCADCDBDCCBDABCABAADBCCDCDAACDCBDADDDABCCDDDBACBADBCCCCCCDDBABDCCADBCDBACACBDBDBAADCADAACCDADBDDDDCDDBDBDBBDCBADDBCDDBCCDCCDCBDDBCDBDDDCACADDBBACDCDACDABBDBDDDCCADDBCBDDBCBCCCDDC	['D3C', 'D50C', 'B60D', 'B85C', 'D128B', 'A140C', 'B141D', 'B146C', 'D152B', 'D159A', 'D162A', 'D177B']	12	-2.999242	-1.533947	-2.178401	0.8208411
DDCCCCBACDDCADCDBDCCBBABCABADBBCCDCDAACDCBDADDDABDCDDDBACBABBCCCCCCBDBABDCCADBCABACCBBDBDBAADCADCACCDADBDDDDCDDBDBDBBDCBADDBCDDDCCDCCDCBDDBABBDDDCACADDBBACDCDDCDABCDBDDDCCDDDBCCDDBABCCCDDC	['D3C', 'D22B', 'A29D', 'D30B', 'D68B', 'D80A', 'A84C', 'A97C', 'B146C', 'D152B', 'D162A', 'B164C', 'A172D', 'D177C', 'C181A']	15	-4.2751756	-1.5446873	-3.4650745	0.81010103
ADDCCCBACDDCADCDBDCCBBABCABAADBCCDCDAACDCBDADDDABDCDDDBACBABBCCACCCDDBABDCCADBCDBACACBDBDBAADBADAACCDADBDDDDCDDBDBDBBDCBADDBCDDDCCDCCDCBDDBABBDDDCACADDDBACDCDDCDDBBDBDDDCCACDBCDDDBCBCCCDAC	['D1A', 'D22B', 'C64A', 'B85C', 'C94B', 'B146C', 'D173C', 'D187A']	8	-5.385095	-1.5514171	-4.5817204	0.80337477
DDCCCCBACDACADCDBDCCBBABCABAADBCCDCDAACDCBDADDDABDCDDDBACBABBCCCCCCDDBABDCCADBCDBACACBDBDBAADCADAACCDADBDDDDCDDBDBDBBDCBADDBCDDDCCDCCDCBDDBABBDDDCACADDDBACDCDDCDABCDBDDDCCCCDBCCDDBCBCCCDAC	['D3C', 'D11A', 'D22B', 'B85C', 'B146C', 'D162A', 'B164C', 'A172C', 'D173C', 'D177C', 'D187A']	11	-4.266968	-1.5532677	-3.4654484	0.8015194
DDCCBCBACDDCADCDBDCCBBABCABADDCCCDCDDACDCBDADDDABDCDDDBACBABBCCDCCCDDBABDCCADBCABACCBBDBDBAADCADAACCDADBDDDDCDDBDBDBBDCDADDCCDDDCCDCCDCBDDBADBDDDBACADDBBACDCDDCDDBBCBDDDCCDCDBCCDDBCBCCCDDC	['D3C', 'C5B', 'D22B', 'A29D', 'B31C', 'A37D', 'C64D', 'D80A', 'A84C', 'B120D', 'B124C', 'B141D', 'D152B', 'D165C', 'A172D', 'D173C', 'D177C']	17	-2.9805882	-1.5626354	-2.1884346	0.7921536
DDCCBABACDDCADCCBDCCBDABCABADDBDCDCDDACDCBDADDDABDCDDDBACBABBCCCCCCDDBABDCCADBCDBACCBBDBDBAADCADAACCDADBDDDDCDDBDBDBBDCBADDACDDDCCCCCDCBDDBABBDDDCACADDBBACDCDDCDDBBDBDDDCCADDBCCDDBCBCCCDDC	['D3C', 'C5B', 'C6A', 'D16C', 'A29D', 'C32D', 'A37D', 'A84C', 'B124A', 'D131C', 'B146C', 'D152B', 'D177C']	13	-3.4369454	-1.5676906	-2.6498451	0.7871003
DDDCCCBACDDCADCDBDCCBBABCABADDBDCDCDDACDCBDADDDABDCDDDBACBABBCCDCCCDDBABDCCADBCDBACCBBDBDBAADCADBACCDADBDDDDCDDBDBDBBDCBADDBCDDDCCDCCDCBDDBABBDDDCACADDDBACDCDDCDCBBDBDDDCCADDBCBDDBDBCCCDDC	['D22B', 'A29D', 'C32D', 'A37D', 'C64D', 'A84C', 'A97B', 'B146C', 'D162C', 'D177B', 'C181D']	11	-4.288495	-1.5713489	-3.5050545	0.7834406
DDDCCCBACDDCADCDBDCCBDABCABAADBCCDCDAACDCBDADDDABDCDDDBACBABBCCCCCCDDBABDCCADBCDBADCBBDBDBAADCADBACCDADDDDDDCDDBDBDBBDCDADDBCDDDCCDCCDCBDDBADBDDDCACADDBBACDCDDCDABBDBDDDCCADDBCDDDBCBCCCDDC	['C83D', 'A84C', 'A97B', 'B104D', 'B120D', 'B141D', 'B146C', 'D152B', 'D162A']	9	-5.011874	-1.5780697	-4.2351537	0.7767205
DDCBCCBACDDCADCDBDCCBDABCABADDBDCDCCDACDCBDCDDDABDCDDDBACBABBBCCCDBDDBABDCCADBCDBACCBBDBDBAADCADCACCDADBDDDDCDDBDBDBBDCBADDBCDDDCCDCCDDBDDCABBDDDCACADDDBACDCDDCDDBCCBDDDCCADDBCCDDBABCCCDDC	['D3C', 'C4B', 'A29D', 'C32D', 'D36C', 'A37D', 'A44C', 'C62B', 'C66D', 'C67B', 'A84C', 'A97C', 'C135D', 'B139C', 'B146C', 'B164C', 'D165C', 'D177C', 'C181A']	19	-5.0068445	-1.5852315	-4.2372856	0.7695589
DDDCCBBACDDCADCDBACCBDADCABAADBCCDCDAACDCBDADDDABDCDDDBACBACBCCCCCCDDBABDCCADBCDBACCBBDBDBAADCADBACCDADBDDDDCDDBDBDBBDCBADDBCDDDCCDCCDCBDDBADBDDDCACADDBBACDCDDCDDBBDBDDDCCDDDBCCDDBCBCCCDDC	['C6B', 'D18A', 'B24D', 'B60C', 'A84C', 'A97B', 'B141D', 'B146C', 'D152B', 'A172D', 'D177C']	11	-4.3889093	-1.5887523	-3.6228776	0.76603174
DDDCCCBACDACADCDBDCCBDABCABAABBCCDCDAACDCBDADDDABDCDDDBACBABBCCCCCCDDBABDCCADBCDBACABBDBDBAADCADCACCDADDDDDDCDDBDBDBBDCBADDCCDDBCCDCCDCBBDBADBDDDCACADDBBACDCADCDDACDBDDDCCCCDBCBDDBCBDCCDDC	['D11A', 'D30B', 'A97C', 'B104D', 'B124C', 'D128B', 'D137B', 'B141D', 'B146C', 'D152B', 'D158A', 'B163A', 'B164C', 'A172C', 'D173C', 'D177B', 'C183D']	17	-3.6958148	-1.5908823	-2.9319038	0.763911
DDDCCCBACDDCADCDBDCCBDABCABAADBCCDCDAACDCBDADDDABDCDDDBACBABBCCACCCDDBABDCCADBCDBACACBDBDBAADCADAACCDADBDDDDCDDBDBDBBDCBADDBCDDDCCDCCDCCDDAADBDDDBACADDBBACDCDDCDABBDBDDBCCACDBCDDDBCBCCCDDC	['C64A', 'B85C', 'B136C', 'B139A', 'B141D', 'D152B', 'D162A', 'D169B', 'D173C']	9	-4.536084	-1.6078382	-3.789136	0.74694824
DDDCCCBACDDCADADBDCCBDABCABADDADCDCBAACDCBDADDDABDCDDDBACBABBCCCCCCDDBABDCCADBCDBACACBDBDBAADCADCACCDADBDDDDCDDBDBDBBDCBADDBCDDDCCDCCDCBDDAABBDDDCACADDBBACDCDDCDDBBDBDDDCCACDBCDDDCDBCCCDDC	['C15A', 'A29D', 'B31A', 'C32D', 'D36B', 'B85C', 'A97C', 'B139A', 'B146C', 'D152B', 'D173C', 'B180C', 'C181D']	13	-3.8325706	-1.6121204	-3.0899014	0.7426691
DDCCCCBACDDCADCDBDCCBDABCABAADBCCDCDDADDCBDADDDABDCDDDBACBADBCCCCCCDDBABDCCADBCDBACACBDBDBAADCADCACCDADBDDDDCDDBDBDBBDCBADDBCDDDCCDCCDCBDDDABBDDDCACADDDBACDCDDCDABBDBDDDCCDDDBCCDDBCBCCADDC	['D3C', 'A37D', 'C39D', 'B60D', 'B85C', 'A97C', 'B139D', 'B146C', 'D162A', 'A172D', 'D177C', 'C185A']	12	-3.7879655	-1.6155393	-3.0487137	0.73925185
DDCCDCBACDDCADCDBDCCBDABCABADDBCCDCCAACDCBDADDDABDCDDDBACBACBCCCCCCDDBABDCCADBCDBACCDBDBDBAADCADCACCDADDDDDDCDDBDBDBBDCBADDBCDDDCCDCCDCADDBCBBDDDCACADDBBACDCDDCDABBDBDDBCCDCDBCCDDBCBCCCDDC	['D3C', 'C5D', 'A29D', 'D36C', 'B60C', 'A84C', 'B85D', 'A97C', 'B104D', 'B136A', 'A140C', 'B146C', 'D152B', 'D162A', 'D169B', 'A172D', 'D173C', 'D177C']	18	-4.604	-1.6178133	-3.8670254	0.7369747
DDDCCCBACDDCADCDBDCCBBABCABADDADCDCDAACDCBDADDDABDCDDDBACBABBCCCCCCDDBABDCCADBCDBACCDBDBDBAADCADBACCDADBDDDDCDDBDBDBBDCBADDCCDDBCCDCCDCBDDCADBDDDCACADDDBACDCDDCDABCDBDDDCCADDBDBDDBABCCCDDC	['D22B', 'A29D', 'B31A', 'C32D', 'A84C', 'B85D', 'A97B', 'B124C', 'D128B', 'B139C', 'B141D', 'B146C', 'D162A', 'B164C', 'C176D', 'D177B', 'C181A']	17	-3.3211083	-1.6182296	-2.584546	0.73656225
DDDCCCBACDACADCDBDCCBBABCABADDCDCDCDCACDCBDADDDABDCDDDBACBABBCCCCCCDDBABDCCADBCDBACCBBDBDBAADCADAACCDADBDDDDCDDBDBDBBDCBADDCCDDDCCACCDCBDDBADBADDCACADDBBACDCDDCDABCDBDDBCCADDBDDDDBDBCCCDDC	['D11A', 'D22B', 'A29D', 'B31C', 'C32D', 'A37C', 'A84C', 'B124C', 'D131A', 'B141D', 'D143A', 'B146C', 'D152B', 'D162A', 'B164C', 'D169B', 'C176D', 'C181D']	18	-4.8428564	-1.6183226	-4.106388	0.7364683
BDCCCCBACDDCADCDBDCCBBABCABADDCCCDCDAACDCBDADDDABDCDDDBACBABBCCCCCCDDBABDCCADBCABACCDBDBDBAADCADCACCDADBDDDDCDDBDBDBBDCBADDBCDDDCCDCCDCCDDACBBDDDCACADDBBACDCDACDABBCBDDDDCDCDBCCDDBCBDCCDDC	['D1B', 'D3C', 'D22B', 'A29D', 'B31C', 'D80A', 'A84C', 'B85D', 'A97C', 'B136C', 'B139A', 'A140C', 'B146C', 'D152B', 'D159A', 'D162A', 'D165C', 'C170D', 'A172D', 'D173C', 'D177C', 'C183D']	22	-4.2681246	-1.6183858	-3.5317225	0.73640203
DDDCCCBACDDCADCDBDCCBBABCABAADBCCDCDAACDCBDADDDABDCDDDBACBABBCCCCCCDDBABDCCADBCDBACCCBDBDBAADCADAACCDADBDDDDCDDBDBDBBDCBADDBCDDDCCDCCDCBDDBADBDDDCACADDBBACDCCDCDDBBDBDDDCCADDBDDDDBCBCCCDDC	['D22B', 'A84C', 'B85C', 'B141D', 'B146C', 'D152B', 'D158C', 'C176D']	8	-4.072169	-1.6184392	-3.3358164	0.73635244
BDDCCCBACDDCADCDBDCCBDABCABADDBDCDCDAACDCBDADDDABDCDDDBACBABBCCCCCCDDBABDCCADBCDBACABBDBDBAADCADAACCDADBDDDDCDDBDBDBBDCBADDBCDDDCCDCCDCBDDBADBDDDCACADDBBACDCDDCDABBBBDDBCCACDBCDDDBDBCCCDDC	['D1B', 'A29D', 'C32D', 'B141D', 'B146C', 'D152B', 'D162A', 'D165B', 'D169B', 'D173C', 'C181D']	11	-4.0655565	-1.6203904	-3.3311567	0.7343998
DDDCCCBACDDCADCDBDCCBDABCABADDBACDCDAACDCBDADDDABDCDDDBACBABBCCCCCCDDBABDCCADBCDBACCBBDBDBAADCADAACCDADBDDDDCDDBDBDBBDCBADDBCDDDCCDCCDCBDDBABBDDDCACADDBBACDCDDCDDBBDBDDBCCADDBCCDDBCBCCCDDC	['A29D', 'C32A', 'A84C', 'B146C', 'D152B', 'D169B', 'D177C']	7	-4.1905036	-1.6236978	-3.459414	0.7310896
DDDCCCBACDDCADCDBDCCBBABCABADDBDCDCDAACDCBDADDDABDCDDDBACBACBCCCCCCDDBABDCCADBCDBADCBBDBDBAADCADCACCDADBDDDDCDDBDBDBBDCBADDBCDDDCCDCCDCBDDADBBDDDCACADDBBACDCDDCDCBBDBDDDCCADDBDDDDBDBCCCDDC	['D22B', 'A29D', 'C32D', 'B60C', 'C83D', 'A84C', 'A97C', 'B139A', 'A140D', 'B146C', 'D152B', 'D162C', 'C176D', 'C181D']	14	-5.1415234	-1.6259935	-4.4127254	0.7287979
DDCCBBBACDDCADCDBDCCBDABCABABBBCCDCDDACDCBDADDDABDCDDDBACBABBCCCCCCDDBABDCCADBCABACDBBDBDBAADCADCACCDADBDDDDCDDBDBDBBDCDADDBCDDDCCDCCDCBDDAADBADDDACADDBBACDCDDCDBBCBBDDBCCDCDBCCDDBCBCCCDDC	['D3C', 'C5B', 'C6B', 'A29B', 'D30B', 'A37D', 'D80A', 'A84D', 'A97C', 'B120D', 'B139A', 'B141D', 'D143A', 'B146D', 'D152B', 'D162B', 'B164C', 'D165B', 'D169B', 'A172D', 'D173C', 'D177C']	22	-3.9334931	-1.62743	-3.206132	0.7273612
DDCCCCBACDDCADCDBDCCBBABCABADDBDCDCDDACDCBDADDDABDCDDDBACBABBCCCCCCDDBABDCCADBCABACCCBDBDBAADCADCACCDADBDDDDCDDBDBDBBDCBADDBCDDACCDCCDCBDDAABBDDDCACADDBBACDCDDCDDBBBBDDDCCDCDBCCDDCABCCCDDC	['D3C', 'D22B', 'A29D', 'C32D', 'A37D', 'D80A', 'A84C', 'B85C', 'A97C', 'D128A', 'B139A', 'B146C', 'D152B', 'D165B', 'A172D', 'D173C', 'D177C', 'B180C', 'C181A']	19	-3.4844942	-1.6296186	-2.7593222	0.72517204
DDCCCCBACDDCADCDBDCCBDABCABAADBCCDCDAACDCBDADDDABDCDDDBACBABBCCCCCCDDBABDCCADBCABACABBDBDBAADCADCACCDADBDDDDCDDBDBDBBDCBADDBCDDDCCDCCDCBDDBCDBDDDCACADDBBACDDCDCDDBBDBDDDCCACDBCCDDBCBCCCDDC	['D3C', 'D80A', 'A97C', 'A140C', 'B141D', 'B146C', 'D152B', 'C157D', 'D158C', 'D173C', 'D177C']	11	-3.5964727	-1.6344643	-2.8761454	0.7203274
DDCCCCBACDDCADCDBDCCBDABCABAADBCCDCDDADDCBDABDDABDCDDDBACBABBCCCCCCDDBABACCADBCDBACACBDBDBAADCADAACBDADBDDDDCDDBDBDBBDCBADDBCDCDCCDCCDCBDDADDBDDDCACADDBBACDCCDCDDBBDBDDDCCADDBCBDDBCBCCCDDC	['D3C', 'A37D', 'C39D', 'D45B', 'D73A', 'B85C', 'C100B', 'D127C', 'B139A', 'A140D', 'B141D', 'B146C', 'D152B', 'D158C', 'D177B']	15	-2.5162435	-1.6439538	-1.8054056	0.71083784
BDCCBABACDDCADCDBDCCBBABCABADDCCCDCDDACDCBDADDDABDCDDDBACBABBCCCCCCADBABDCCADBCABACCBBDBDBAADCADCACCDADDDDDDCDDBDBDBBDCBADDDCDDDCCDCCDCBDDBADBDDDBACADDBBACDCDACDDBBBBDDBCCDCDBCCDDBCBCCCDDC	['D1B', 'D3C', 'C5B', 'C6A', 'D22B', 'A29D', 'B31C', 'A37D', 'D68A', 'D80A', 'A84C', 'A97C', 'B104D', 'B124D', 'B141D', 'D152B', 'D159A', 'D165B', 'D169B', 'A172D', 'D173C', 'D177C']	22	-3.8979864	-1.6501136	-3.1933112	0.7046752
DDDCACBACDADADCDBDCCBBABCABAADBCCDCDAACDCBDADDDABDCDDDBACBABBCCCCCCDDBABDCCADBCDBACABBDBDBAADCADBACCDADBDDDDCDDBDBDBBDCBADDBCDDDCCDCCDCBDDCABBDDDCACADDBBACDCDDCDDBBDBDDDCCACDBCDDDBCBCCCDDC	['C5A', 'D11A', 'C12D', 'D22B', 'A97B', 'B139C', 'B146C', 'D152B', 'D173C']	9	-4.4964895	-1.6527331	-3.7944312	0.7020583
BDCCCCBACDDCADCDBDCCBBABCABADDBDCDCDDACDCBDADDDABDCDDDBACBABBCCACCCDDBABACCADBCDBACACBDBDBAADCADDACCDADBDDDDCDDBDBDBBDCAADDBCDDBCCDCCDCBDDAABBADDCACADDBBACDCDDCDDBBDBDDBDCDCDBCCDDBCBCCCDDC	['D1B', 'D3C', 'D22B', 'A29D', 'C32D', 'A37D', 'C64A', 'D73A', 'B85C', 'A97D', 'B120A', 'D128B', 'B139A', 'D143A', 'B146C', 'D152B', 'D169B', 'C170D', 'A172D', 'D173C', 'D177C']	21	-3.694767	-1.6593158	-2.9992948	0.69547224
DDDCCCBACDDCADCDBDCCBDABCABAADCDCDCDAACDCBDADDDABDCDDDBACBABBCCCCACDDBABDCCADBCDBACACBDBDBAADCADAACCDADBDDDDCDDBDBDBBDCBADDBCDDDCCDCCDCBDDAADBDDDCACADDBBACDCDDCDDBBDBDDDCCADDBDDDDBABCCCDDC	['B31C', 'C32D', 'C66A', 'B85C', 'B139A', 'B141D', 'B146C', 'D152B', 'C176D', 'C181A']	10	-3.354616	-1.6664739	-2.6662998	0.6883161
DDDCCCBACDDCADCDBDCCBBABCACADDBDCDCDAACDCBDADDDABDCDDDBACBACBCCCCCCDDBABDCCADBCDBACCDBDBDBAADCADAACCDADBDDDDCDDBDBDBBDCDADDBCDDDCCDCCDDBDDAADBDDDCACADDBBACDDDDCDABBDBDDBCCACDBCDDDBABCCCDDC	['D22B', 'B27C', 'A29D', 'C32D', 'B60C', 'A84C', 'B85D', 'B120D', 'C135D', 'B139A', 'B141D', 'B146C', 'D152B', 'C157D', 'D162A', 'D169B', 'D173C', 'C181A']	18	-4.5049925	-1.6712759	-3.8214788	0.68351364
DDDCCCBACDDCADCDBDCCBDABCABAADBCCDCDAACDCBDADDDABDCDDDBACBABBCCCCCCDDBABDCCADBCDBACACBDBDBAADCADCACCDADBDDDDCDDBDBDBBDCBADDBCDDDCCDCCDCADDAADBDDDCACADDBBACDCDDCDDBBDBDDBCCACDBDDDDBCBCCCDDC	['B85C', 'A97C', 'B136A', 'B139A', 'B141D', 'B146C', 'D152B', 'D169B', 'D173C', 'C176D']	10	-4.3949995	-1.6819463	-3.7221565	0.672843
DDCCBBBACDDCADCDBDCCBDABCABADDBCCDCDDACDCBDADDDABDCDDDBBCBABBCCACACDDBABACCADBCDBACACBDBDBAADCADBACCDADBDDDDCDDBDBDBBDCBADDBCDDDCCDCCDCBDDAABBDDDCACADDDBACDCCDCDDBBDBDDDDCDCDBCCDDBCBCCCDDC	['D3C', 'C5B', 'C6B', 'A29D', 'A37D', 'A56B', 'C64A', 'C66A', 'D73A', 'B85C', 'A97B', 'B139A', 'B146C', 'D158C', 'C170D', 'A172D', 'D173C', 'D177C']	18	-2.764785	-1.6905024	-2.1004972	0.6642878
DDCCCCBACDDCADCDBDCCBBABCABADDBCCDCDAACDCBDADDDABDCDDDBACBABBCCDCCCDDBABDCCADBCDBAACBBDBDBAADCADCACCDADBDDDDCDDBDBDBBDCBADDBCDDDCCDCCDCBDDAADBDDDCACADDDBACDDDDCDABBDBDDDCCAADBCCDDCDBCCCDDC	['D3C', 'D22B', 'A29D', 'C64D', 'C83A', 'A84C', 'A97C', 'B139A', 'B141D', 'B146C', 'C157D', 'D162A', 'D173A', 'D177C', 'B180C', 'C181D']	16	-3.8554647	-1.6915641	-3.1922388	0.6632259
BDDCCCBACDDCADCDBDCCBDABCABAADBCCDCDAACDCBDADDDABDCDDDBACBABBCCCCCCADBABDCCADBCDBACCCBDBDBAADCADBACCDADBDDDDCDDBDBDBBDCBADDBCDDDCCDCCDCCDDBACBDDDCACADDBBACDCDDCDDBBDBDDDCCADDBCDDDBDBCCCDDC	['D1B', 'D68A', 'A84C', 'B85C', 'A97B', 'B136C', 'B141C', 'B146C', 'D152B', 'C181D']	10	-5.1642523	-1.6979492	-4.507409	0.6568432
BDDCCCBACDDCADCDBDCCBBABCCBADDADCDCDAACDCBDADDDABDCDDDBACBABBCCCCCCDDBABDCCADBCDBACACBDBDBAADCADAACCDADBDDDDCDDBDBDBBDCBADDBCDDDCCDCCDCBDDAADBDDDCACABDBBACDCDDCDDBBBBDDBCCADDBCADDBDBCCCDDC	['D1B', 'D22B', 'A26C', 'A29D', 'B31A', 'C32D', 'B85C', 'B139A', 'B141D', 'B146C', 'D150B', 'D152B', 'D165B', 'D169B', 'D177A', 'C181D']	16	-3.5914662	-1.700695	-2.9373713	0.65409493
DDDCCCBACDDCADCDBDCCBBABCABADDBDCDCDAACDCBDADDDABDCDDDBACBABBCCDCCCDDBABDCCADBCABABCBBDBDBAADCADCACCDADBDDDDCDDBDBDBBDCBADDBCDDDCCDCCDCBDDBADBADDCACADDBBACDCDDCDDBBDBDDDCCADDBDCDDBABCCCDDC	['D22B', 'A29D', 'C32D', 'C64D', 'D80A', 'C83B', 'A84C', 'A97C', 'B141D', 'D143A', 'B146C', 'D152B', 'C176D', 'D177C', 'C181A']	15	-4.6913195	-1.7049215	-4.041451	0.6498685
DBDCCCBACDDCADCDBDCCBBABCABADDBDCDCDAACDCBDADDDABDCDDDBACBABBCCCCCCDDBABDCCADBCABACCBBDBDBAADCADCACCDADBDDDDCDDBDBDBBDCBADDBCDDDCCDCCDDBDDBADBADDCACADDBBACDCDDCDCBBDBDDDCCACDBDCDDBABCCCDDC	['D2B', 'D22B', 'A29D', 'C32D', 'D80A', 'A84C', 'A97C', 'C135D', 'B141D', 'D143A', 'B146C', 'D152B', 'D162C', 'D173C', 'C176D', 'D177C', 'C181A']	17	-4.5794344	-1.7079422	-3.9325895	0.64684486
DDDCCCBACDDCADCDBDCCBDABCABADDBDCDCDAACDCBDADDDABDCDDDBACBABBCCCCCCDDBABDCCADBCDBACABBDBDBAADCADAACCDADBDDDDCDDBDBDBBDCBADDBCDDDCCDCCDCBDDBADBDDDCACADDBBACACCDCDDBBDBDDACCACDBCBDDBDBCCCDDC	['A29D', 'C32D', 'B141D', 'B146C', 'D152B', 'D156A', 'D158C', 'D169A', 'D173C', 'D177B', 'C181D']	11	-2.9269457	-1.7182927	-2.2904491	0.63649654
DDDCCCBACDACADCDBDCCBDABCBBAADBDCDCDAACDCBDADDDABDCDDDBACBABBCCCCCCDDBABDCCADBCDBACCCBDBDBAADCADCACCDADBDDDDCDDBDBDBBDCBADDBCDDDCCCCCDCBDDBADBDDDCACADDBBACDCCDCDABBDBDDBDCADDBDDDDBDBCCCDDC	['D11A', 'A26B', 'C32D', 'A84C', 'B85C', 'A97C', 'D131C', 'B141D', 'B146C', 'D152B', 'D158C', 'D162A', 'D169B', 'C170D', 'C176D', 'C181D']	16	-4.460008	-1.7202377	-3.8254557	0.6345525
DDCCCCBACDDCADCDBDCCBDABCABADDBDCDCDAACDCBDADDDABDCDDDBACBABBCCDCCCDDBABDCCADBCABACABBDBDBAADCADAACCDADBDDDDCDDBDBDBBDCBADDBCDDDCCDCCDCBDDDABBDDDCACADDDBACDCDDCDABBDBDDDCCADDBCCDDBABCCCDDC	['D3C', 'A29D', 'C32D', 'C64D', 'D80A', 'B139D', 'B146C', 'D162A', 'D177C', 'C181A']	10	-3.6819217	-1.724582	-3.0517178	0.63020396
BDCCCCBACDDCADCDBDCCBBABCABADDACCDCDDACDCBDABDDABDCCDDBACBABBCCCCCCBDBBBDCCADBCABACACBDBDBAADCADCACBDADBDDDDCDDBDBDBBDCBADDBCDDDCCDCCDCBDDBABBDDDCACADDBBACDCDDCDDBCDBDDDCCDCDBCBDDCDBCCCDDC	['D1B', 'D3C', 'D22B', 'A29D', 'B31A', 'A37D', 'D45B', 'D52C', 'D68B', 'A71B', 'D80A', 'B85C', 'A97C', 'C100B', 'B146C', 'D152B', 'B164C', 'A172D', 'D173C', 'D177B', 'B180C', 'C181D']	22	-2.381858	-1.7292473	-1.7563152	0.6255429
DDDCCCBACDDCADCDBDCCBDABCABAADBCCDCDAACDCBDADDDABDCCDDBACBABBCCCCCCDDBABDCCADBCDBAACCBDBDBAADCADCACCDADBDDDDCDDBDBDBBDCBADDBCDDDCCDCCDCBDDAABBDDDCACADDDBACDCCDCDABBDBDDDCCADDBCDDDBCBCCCDAC	['D52C', 'C83A', 'A84C', 'B85C', 'A97C', 'B139A', 'B146C', 'D158C', 'D162A', 'D187A']	10	-5.4947605	-1.7297189	-4.869689	0.6250715
DDCCBABACDDCADCDBDCCBDABCABADDBCCDCCAACDCBDADDDABDCCDDBACBABBCCCCCCDDBABDCCADBCABACCBBDBDBAADCADAACCDADDDDDDCDDBDBDBBDCBADDBCDDDCCDCCDCBDDBABBDDDCACADDBBACDCDDCDCBBCBDDDDCDCDBCCDDBBBCCCDDC	['D3C', 'C5B', 'C6A', 'A29D', 'D36C', 'D52C', 'D80A', 'A84C', 'B104D', 'B146C', 'D152B', 'D162C', 'D165C', 'C170D', 'A172D', 'D173C', 'D177C', 'C181B']	18	-3.1181583	-1.7311728	-2.4945421	0.6236162
BDCCCBBACDDCADCDBDCCBBABCABADDBCCDCDDACDCBDADDDABDCDDDBACBABBCCCCCDBDBABDCCADBCABAACBBDBDBAADCADAACCDADBDDDDCDDBDBDBBDCDADDACDDDCCCCCDCBDDAADBDDDBACADDBBACDCCDCDABBCBDDDDCDCDBCCDDBBBDCADDC	['D1B', 'D3C', 'C6B', 'D22B', 'A29D', 'A37D', 'C67D', 'D68B', 'D80A', 'C83A', 'A84C', 'B120D', 'B124A', 'D131C', 'B139A', 'B141D', 'D152B', 'D158C', 'D162A', 'D165C', 'C170D', 'A172D', 'D173C', 'D177C', 'C181B', 'C183D', 'C185A']	27	-3.5180697	-1.7333105	-2.896595	0.62147474
DDCCCCBACDDCADCDBDCCBDABCABAADBDCDCDAACDCBDADDDABDCDDDBACBABBCCCCCCDDBABDCCADBCDBACCBBDBDBAADCADCACCDADBDDDDCDDBDBDBBDCBADDBCDDDCCDCCDCBDDBCBBDDDCACADDBBACDCDDCDDBBDBDDDCCAADBCCDDBCBCCCDDC	['D3C', 'C32D', 'A84C', 'A97C', 'A140C', 'B146C', 'D152B', 'D173A', 'D177C']	9	-4.8411474	-1.7405531	-4.226912	0.6142354
DDDCCCBACDDCADCDBDCCBDABCABAADBCCDCBAACDCBDADDDABDCDDDBACBABBCCCCCCADBABDCCADBCDBACABBDBDBAADCADCACCDADBDDDDCDDBDBDBBDCBADDBCDDDCCDCCDBBDDBDCBDDDCACADDBBACDCDDCDDBBDDDDBCCADDBDDDDBCBCCCDDC	['D36B', 'D68A', 'A97C', 'C135B', 'A140D', 'B141C', 'B146C', 'D152B', 'B166D', 'D169B', 'C176D']	11	-4.9626846	-1.7436144	-4.3515043	0.6111803
BDDCCCBACCDCADADBDCCBDABCABADDADCDCDAACDCBDADDDABDCDDDBACBADBCCCCCCDDBABDCCADBCDBACCABDBDBAADCADDACCDADBDDDDCDDBDBDBBDCBADDBCDDDCCDCCDCBDDBABBDDDCACADDBBACDCDDCDDBBDBDDDCCACDBCBDDBABCCCDDC	['D1B', 'D10C', 'C15A', 'A29D', 'B31A', 'C32D', 'B60D', 'A84C', 'B85A', 'A97D', 'B146C', 'D152B', 'D173C', 'D177B', 'C181A']	15	-4.364082	-1.7463415	-3.7556334	0.6084485
DDCCCCBACDDCADCDBDCCBDABCABACBBACDCDAACDCBDADDDABDCDDDBACBABBCCCCCCDDBABDCCADBCDBACCBBDBDBAADCADAACCDADDDDDDCDDBDBDBBDCBADDBCDDDCCDCCDCBDDBABBDDDCACADDBBACDCDDCDDBBDBDDDCCDCDBCBDDBCBCCCDDC	['D3C', 'A29C', 'D30B', 'C32A', 'A84C', 'B104D', 'B146C', 'D152B', 'A172D', 'D173C', 'D177B']	11	-3.8281972	-1.7503664	-3.2237768	0.6044204
DDCCBCBACADCADCDBDCCBDABCABADDCDCDCDAACDCBDADDDABDCDDDBACBABBCCCCCCBDBABDCCADBCDBACCCBDBDBAADCADAACCDADBDDDDCDDBDBDBBDCBADDBCDDDCCDCCDCBDDAADBDDDCACADDBBACDCCDCDDBBDBDDDCCAADBCBDDCDBCCCDDC	['D3C', 'C5B', 'D10A', 'A29D', 'B31C', 'C32D', 'D68B', 'A84C', 'B85C', 'B139A', 'B141D', 'B146C', 'D152B', 'D158C', 'D173A', 'D177B', 'B180C', 'C181D']	18	-2.6618178	-1.7537813	-2.060812	0.6010058
BDCCCCBACDDCADCDBDCCBBABCABADDCDCDCDDACDCBDADDDABDCDDDBACBABBCCCCCCDDBABDCCADBCDBACCABDBDBAADCADCACCDADBDDDDCDDBDBDBBDCDADDBADDDCCDCCDCBDDBABBDDDBACADDBBACDCDDCDDBBDBDDDDCACDBCBDDCDBCCCDDC	['D1B', 'D3C', 'D22B', 'A29D', 'B31C', 'C32D', 'A37D', 'A84C', 'B85A', 'A97C', 'B120D', 'C125A', 'D152B', 'C170D', 'D173C', 'D177B', 'B180C', 'C181D']	18	-4.0183983	-1.7543743	-3.4179826	0.6004157
DDCCDBBACDDCADCDBDCCBBABCABADDCCCDCDAACDCBDADDDABDCDDDBACBABBCCCCCCDDBABDCCADBCABACCBBDBDBAADCADAACCDADDDDDDCDDBDBDBBDCBADDBCDDDCCDCCDCBDDACBBADDCACADDBBACDCDDCDCBBBBDDBCCDCDBCCDDBCBCCADDC	['D3C', 'C5D', 'C6B', 'D22B', 'A29D', 'B31C', 'D80A', 'A84C', 'B104D', 'B139A', 'A140C', 'D143A', 'B146C', 'D152B', 'D162C', 'D165B', 'D169B', 'A172D', 'D173C', 'D177C', 'C185A']	21	-4.600556	-1.7562218	-4.0019903	0.5985656
DDDCCCBACDDCADCDBDCCBDABCABAADBCCDCDAACDCBDADDDABDCDDDBACBABBCCCCCCDDBABDCCADBCDBACCBBDBDBAADCADAACCDADBDDDDCDDBDBDBBDCBADDBCDDDCCDCCDCBDDBABBDDDCACADDBBACDCDDCDDBBDBDDBCCADDBCADDBCBCCCDDC	['A84C', 'B146C', 'D152B', 'D169B', 'D177A']	5	-4.582382	-1.7708375	-3.9984288	0.5839534
DDCCDCBACDDCADCDBDCCBDABCABADDCCCDCDAACDCBDADDDABDCDDDBACBABBCCDCCCDDCABDCCADBCABACCCBDBDBAADCADCACCDADBDDDDCDDBDBDBBDCBADDBCDDDCCDCCDCBDDBADBBDDCACADDBBACDCCDCDABCDBDDDDCDCDBCBDDBABCCCDDC	['D3C', 'C5D', 'A29D', 'B31C', 'C64D', 'B70C', 'D80A', 'A84C', 'B85C', 'A97C', 'B141D', 'D143B', 'B146C', 'D152B', 'D158C', 'D162A', 'B164C', 'C170D', 'A172D', 'D173C', 'D177B', 'C181A']	22	-4.2525835	-1.7709558	-3.6687508	0.58383274
BDCCCBBACDDCADCDBDCCBBABCABADDBCCDCDDACDCBDADDDABDCDDDBACBABBCCACCCDDBABDCCADBCABADCBBDBDBAADCADCACCDADBDDDDCDDBDBDBBDCBADDBCDDDCCDCCDCBDDBADBDDDDACADDABACDCCBCDBBBBBDDBDCDCDBCCDDBBBCCADDC	['D1B', 'D3C', 'C6B', 'D22B', 'A29D', 'A37D', 'C64A', 'D80A', 'C83D', 'A84C', 'A97C', 'B141D', 'B146D', 'D152A', 'D158C', 'D159B', 'D162B', 'D165B', 'D169B', 'C170D', 'A172D', 'D173C', 'D177C', 'C181B', 'C185A']	25	-3.6015368	-1.7762265	-3.0229712	0.5785656
BDCCCCBACDDCADCDBDCCBDABCABADDBCCDCDAACDCBDADDDABDCDDDBACBABBCCCCCCDDBABDCCADBCDBACABBDBDBAADCADAACCDADDDDDDCDDBDBDBBDCBADDBCDDDCCDCCDCBDDBABBDDDCACADDBBACDCDACDABBCBDDDCCDCDBCCDDBCBCCCDDC	['D1B', 'D3C', 'A29D', 'B104D', 'B146C', 'D152B', 'D159A', 'D162A', 'D165C', 'A172D', 'D173C', 'D177C']	12	-3.8315392	-1.7771146	-3.2538671	0.577672
DDCCBBBACDDCADCDBDCCBDADCABADDBCCDCCBACDCBDADDDABDCDDDBACBABBCCCCCCDDBABDCCADBCABACCBBDBDBAADCADAACCDADBDDDDCDDBDBDBBDCBADDBCDDDCCDCCDCBDDBABBDDDCACADABBACDCCDCDDBBBBDDBCCDCDBCCDDBCBCCCDDC	['D3C', 'C5B', 'C6B', 'B24D', 'A29D', 'D36C', 'A37B', 'D80A', 'A84C', 'B146C', 'D151A', 'D152B', 'D158C', 'D165B', 'D169B', 'A172D', 'D173C', 'D177C']	18	-3.3562088	-1.777394	-2.7788162	0.5773926
DDCCDCBACDDCADCDBDCCBDABCABADDBCCDCDAACDCBDADDDABDCDDDBACBADBCCCCCCCDBABDCCADBCABACACBDBDBAADCADAACCDADBDDDDCDDBDBDBBDCBADDBCDDDCCDCCDCBDDBABBDDDCACADDBBACDCDDCDBBBCBDDDCCDADBCCDDBCBCCCDDC	['D3C', 'C5D', 'A29D', 'B60D', 'D68C', 'D80A', 'B85C', 'B146C', 'D152B', 'D162B', 'D165C', 'A172D', 'D173A', 'D177C']	14	-3.0305524	-1.7951713	-2.4709358	0.55961657
BDCCCCBACDDCADCDBDCCBBABCABADDCDCDCCAACDCBDADDDABDCDDDBACBABBCCCCCCDDBABDCCADBCDBACCBBDBDBAADCADCACCDADBDDDDCDDBDBDBBDCBADDBCDDDCCDCCDCBDDBADBADDCACADDBBACDCDDCDDBBDBDDDDCDCDBCBDDCDBCCCDDC	['D1B', 'D3C', 'D22B', 'A29D', 'B31C', 'C32D', 'D36C', 'A84C', 'A97C', 'B141D', 'D143A', 'B146C', 'D152B', 'C170D', 'A172D', 'D173C', 'D177B', 'B180C', 'C181D']	19	-3.3102436	-1.797518	-2.7529736	0.55727005
DDDCCBBACDDCADCDBDCCBBABCABAADBCCDCDAACDCBDABDDABDCDDDBACBABBCCCCCCADBABDCCADBCDBACACBDBDBAADCADCACCDADBDDDDCDDBDBDBBDCBADDBCDDDCCDCCDACDDAABBDDDCACADDBBACDCDDCDDBBDBDDDCCABDBCDDDBCBCCCDDC	['C6B', 'D22B', 'D45B', 'D68A', 'B85C', 'A97C', 'C135A', 'B136C', 'B139A', 'B146C', 'D152B', 'D173B']	12	-5.115596	-1.7982032	-4.5590057	0.5565901
DDCCCCBACDDCADCDBDCCBBABCABACBBDCDCDDACDCBDADDDABDCDDDBACBABBCCCCCCDDBABDCCADBCABACCBBDBDBAADCADAACCDADDDDDDCDDBDBDBBDCBADDCCDDDCCDCCDCCDDBADBDDDBACADDBBACDCDDCDDBBDBDDBCCDCDBCCDDBABCCCDDC	['D3C', 'D22B', 'A29C', 'D30B', 'C32D', 'A37D', 'D80A', 'A84C', 'B104D', 'B124C', 'B136C', 'B141D', 'D152B', 'D169B', 'A172D', 'D173C', 'D177C', 'C181A']	18	-3.5960484	-1.8035188	-3.0447779	0.5512705
DDCCCCBACDDCADCDBDCCBDABCABADDBDCDCDAACDCBDADDDABDCDDDBACBABBCCCCCCDDCABDCCADBCABACCBBDBDBAADCADCACCDADBDDDDCDDBDBDBBDCBADDBCDDDCCDCCDCBDDBADBDDDCACADDBBACDCDDCDDBCDBDDDCCADDBDBDDBABCCCDDC	['D3C', 'A29D', 'C32D', 'B70C', 'D80A', 'A84C', 'A97C', 'B141D', 'B146C', 'D152B', 'B164C', 'C176D', 'D177B', 'C181A']	14	-4.236615	-1.8065403	-3.6883636	0.5482516
DDCCCCBACDDCADCDBDCCBBABCABAADBCCDCDAACDCBDADDDABDCDDDBACBABBCCCCCCDDBABDCCADBCDBACABBDBDBAADCADCACCDADBDDDDCDDBDBDBBDCBADDBCDDDCCDCCDCBDDBABBDDDBACADDBBACDCDDCDDBBDBDDBCCADDBCCDDBCBCCCDDC	['D3C', 'D22B', 'A97C', 'D152B', 'D169B', 'D177C']	6	-4.7877245	-1.8106585	-4.2435937	0.5441308
DDDCCCBACDACADCDBDCCBBABCABAADBCCDCDAACDCBDADDDABDCCDDBACBABBCCCCCCDDBABDCCADBCDBACABBDBDBAADCADCACCDADBDDDDCDDBDBDBBDCBADDCCDDBCCDCCDCDDCBCBBDDDCACADDBBACDCCDCDABCDBDDDCCACDBCDDDBCBCCCDDC	['D11A', 'D22B', 'D52C', 'A97C', 'B124C', 'D128B', 'B136D', 'D138C', 'A140C', 'B146C', 'D152B', 'D158C', 'D162A', 'B164C', 'D173C']	15	-4.818781	-1.8141406	-4.2781315	0.5406494
BDCCCBBACDDCADCDBDCCBDABCABADDBCCDCBAACDCBDADDDABDCDDDBACBABBCCACCCBDBBBDCCADBCABACCBBDBDBAADCADCACCDADDDDDDCDDBDBDBBDCBADDBCDDDCCDCCDCBDDBADBDDDCACADABBACDCDDCDDBCDBDDDDCDCDBCCDDBCBCCCDDC	['D1B', 'D3C', 'C6B', 'A29D', 'D36B', 'C64A', 'D68B', 'A71B', 'D80A', 'A84C', 'A97C', 'B104D', 'B141D', 'B146C', 'D151A', 'D152B', 'B164C', 'C170D', 'A172D', 'D173C', 'D177C']	21	-3.174942	-1.8158047	-2.6359587	0.53898335
DDCCCCBACDDCADCDBDCCBDABCABADDBCCDCDAACDCBDADDDABDCDDDBACBACBCCCCCCDDBABDCCADBCDBACCBBDBDBAADCADCACCDADBDDDDCDDBDBDBBDCBADDBCDDDCCDCCDCBDDBADBDDDCACADDBBACDCDDCDDBBDBDDBCCDCDBCCDDBABCCCDDC	['D3C', 'A29D', 'B60C', 'A84C', 'A97C', 'B141D', 'B146C', 'D152B', 'D169B', 'A172D', 'D173C', 'D177C', 'C181A']	13	-4.100214	-1.8324647	-3.5778923	0.5223217
BDCCCCBACDDCADCDBDCCBBABCABAADBCCDCDAACDCBDADDDABDCDDDBACBABBCCCCCCDDBABDCCADBCDBACACBDBDBAADCADCACCDADDDDDDCDDBDBDBBDCBADDBCDDDCCDCCDCBDDAABBDDDCACABDBBACDCDDCDABBDBDDBCCACDBCCDDBCBCCCDDC	['D1B', 'D3C', 'D22B', 'B85C', 'A97C', 'B104D', 'B139A', 'B146C', 'D150B', 'D152B', 'D162A', 'D169B', 'D173C', 'D177C']	14	-4.8851156	-1.8330028	-4.3633304	0.52178526
CDDCCCBCCDDCADCDBDCCBBABCABADDCDCDCDAACDCBDADDDABDCDDDBACBABBCCCCCCDDBABDCCADBCABACCABDBDBAADCADCACCDADBDDDDCDDBDBDBBDCBADDCCDDDCCDCCDCBDDBADBDDDCACADDDBACDCDDCDABBDBDDDCCADDBDBDDCDBCCCDDC	['D1C', 'A8C', 'D22B', 'A29D', 'B31C', 'C32D', 'D80A', 'A84C', 'B85A', 'A97C', 'B124C', 'B141D', 'B146C', 'D162A', 'C176D', 'D177B', 'B180C', 'C181D']	18	-3.477711	-1.8342922	-2.9572124	0.5204985
DDDCCCBCCDDCADCDBDCCBDABCABADDADCDCDAACDCBDADDDABDCDDDBACBABBCCACCCDDBABDCCADBCABACDBBDBDBAADCADDACCDADBDDDDCDDBDBDBBDCBADDBCDDDCCDCCDCBDDAADBDDDCACADDDBACDCDDCDDBBDBDDDDCADDBDBDDBDBCCCDDC	['A8C', 'A29D', 'B31A', 'C32D', 'C64A', 'D80A', 'A84D', 'A97D', 'B139A', 'B141D', 'B146C', 'C170D', 'C176D', 'D177B', 'C181D']	15	-3.1134708	-1.8363886	-2.595067	0.51840377
DDCCCCBACDDCADCDBDCCBDABCABAADADCDCDAACDCBDADDDABDCDDDBACBABBCCCCCCDDBABDCCADBCDBACABBDBDBAADCADAACCDADDDDDDCDDBDBDBBDCBADDBCDDBCCCCCDCBDDBADBDDDCACADDBBACDCDDCDDBBDBDDDCCADDBCDDDBCBCCCDDC	['D3C', 'B31A', 'C32D', 'B104D', 'D128B', 'D131C', 'B141D', 'B146C', 'D152B']	9	-3.680442	-1.8365264	-3.162178	0.51826406
DDCCCCBACDDCADCDBDCCBDABCABADDBCCDCDAACDCBDADDDABDCDDDBACBABBCCCCCCADBABDCCADBCDBACCBBDBDBAADCADDACCDADBDDDDCDDBDBDBBDCBADDBCDDDCCDCCDCBDDDCBBDDDCACADADBACDCDDCDABBDBDDBCCADDBCCDDBCBCCCDDC	['D3C', 'A29D', 'D68A', 'A84C', 'A97D', 'B139D', 'A140C', 'B146C', 'D151A', 'D162A', 'D169B', 'D177C']	12	-4.2034163	-1.837178	-3.6858063	0.5176101
DDCCCBBACDDCADCDBDCCBDABCABAADBCCDCDDADDCBDADDDABDCDDDBACBABBCCDCCCDDBABDCCADBCABAACBBDBDBAADCADCACCDADBDDDDCDDBDBDBBDCBADDCCDDDCCDCCDCBDDACABDDDCACADDDBACDCDDCDABBDBDDDCCDCDBCCDDBCBCCCDDC	['D3C', 'C6B', 'A37D', 'C39D', 'C64D', 'D80A', 'C83A', 'A84C', 'A97C', 'B124C', 'B139A', 'A140C', 'B141A', 'B146C', 'D162A', 'A172D', 'D173C', 'D177C']	18	-3.5190551	-1.8420184	-3.0062828	0.5127723
DDDCCBBACDDCADCDBDCCBDABCABADDCCCDCDAACDCBDADDDABDCDDDBACBABBCCACCCDDBABDCCADBCABACCCBDBDBAADCADAACCDADDDDDDCDDBDBDBBDCBADDBCDDDCCDCCDBBDDBABBDDDBACADDBBACDCCDCDABBABDDBCCDCDBCCDDBCBCCCDDC	['C6B', 'A29D', 'B31C', 'C64A', 'D80A', 'A84C', 'B85C', 'B104D', 'C135B', 'D152B', 'D158C', 'D162A', 'D165A', 'D169B', 'A172D', 'D173C', 'D177C']	17	-4.152931	-1.8430116	-3.641158	0.5117731
DDCCDCBACDDCADCDBDCCBDABCABAADBCCDCDDACDCBDADDDABDCDDDBBCBACBCCCCCCDDBABDCCADBCDBACCBBDBDBAADCADCACCDADDDDBDCDDBDBDBBDCBADDBCDDDCCDCCDCADDCABBDDDCACADDDBACDCCDCDCBBDBDDDCCAADBCCDDBCBCCCDDC	['D3C', 'C5D', 'A37D', 'A56B', 'B60C', 'A84C', 'A97C', 'B104D', 'D107B', 'B136A', 'B139C', 'B146C', 'D158C', 'D162C', 'D173A', 'D177C']	16	-5.849393	-1.8430312	-5.3376336	0.5117593
BDCCCCBACDDCADCDBDCCBDABCABAADBCCDCDAACDCBDADDDABDCDDDBACBABBCCCCCCDDBABDCCADBCDBADCCBDBDBAADCADCACCDADCDDDDCDDBDBDBBDCBADDBCDDDCCDCCDCBDDACBBDDDCACADDDBACDCDDCDDBBDBDDDCCADDBCCDDBCBCCCDAC	['D1B', 'D3C', 'C83D', 'A84C', 'B85C', 'A97C', 'B104C', 'B139A', 'A140C', 'B146C', 'D177C', 'D187A']	12	-4.795516	-1.8458698	-4.2865963	0.5089197
BACCBCBACDDCADCDBDCCBBABCABACBBCCDCCAACDCBDABDDABDCDDDBACBABBCCCCACDDBABDCCADBCABACCBBDBDBAADCADAACCDADBDDDDCDDBDBDBBDCBADDBCDDDCCDCCDCBDDDABBDDDCACADDDBACDCDDCDABBDBDDDCCDCDBCCDDBBBCCCDDC	['D1B', 'D2A', 'D3C', 'C5B', 'D22B', 'A29C', 'D30B', 'D36C', 'D45B', 'C66A', 'D80A', 'A84C', 'B139D', 'B146C', 'D162A', 'A172D', 'D173C', 'D177C', 'C181B']	19	-2.4318972	-1.848892	-1.9260015	0.5058956
BDCCBABACDDCADCDBDCCBDABCABADDCCCDCDAACDCBDADDDABDCDDDBACBABBCCCCCCDDBABDCCADBCABACABBDBDBAADCADCACCDADBDDDDCDDBDBDBBDCBADDBCDDDCCDCCDCBDDBABBDDDCACADDBBACDCDDCDDBBDBDDDCCDCDBCCDDBCBCCCDDC	['D1B', 'D3C', 'C5B', 'C6A', 'A29D', 'B31C', 'D80A', 'A97C', 'B146C', 'D152B', 'A172D', 'D173C', 'D177C']	13	-3.5465584	-1.8504431	-3.0422144	0.504344
DDDCCCBACDDCADCDBDCCBDABCABAADBCCDCDAACDCBDADDDABDCDDDBACBABBCCCCCCDDBABDCCADBCDBAACBBDBDBAADCADCACCDADDDDDDCDDBDBDBBDCBADDBCDDDCCDCCDDBDDBACBDDDCACADDBBACDCDDCDDBBDBDDDCCADDBDDDDBCBCCCDDC	['C83A', 'A84C', 'A97C', 'B104D', 'C135D', 'B141C', 'B146C', 'D152B', 'C176D']	9	-5.4712706	-1.8555987	-4.9720793	0.49919128
DDDCCBBACDDCADCDBDCCBDABCABAADBCCDCDAACDCBDADDDABDCDDDBACBABBCCCCCCDDBABDCCADBCDBACCBBDBDBAADCADCACCDADBDDDDCDDBDBDBBDCBADDBCDDDCCDCCDCBDDCCDBDDDCACADDABACDCDBCDBBBDBDDBDCDCDBCADDBBBCCADDC	['C6B', 'A84C', 'A97C', 'B139C', 'A140C', 'B141D', 'B146C', 'D152A', 'D159B', 'D162B', 'D169B', 'C170D', 'A172D', 'D173C', 'D177A', 'C181B', 'C185A']	17	-3.6967711	-1.8575706	-3.1995525	0.4972186
BDCCCBBACDDCADCDBDCCBDABCABADDBCCDCBBACDCBDADDDABDCDDDBACBABBCCCCCDBDBABDCCADBCABACCCBDBDBAADCADAACCDADDDDDDCDDBDBDBBDCBADDBCDDDCCDCCDCBDDADDBDDDCACADDBBACDCCDCDDBBBBDDBDCDCDBCCDDBBBCCADDC	['D1B', 'D3C', 'C6B', 'A29D', 'D36B', 'A37B', 'C67D', 'D68B', 'D80A', 'A84C', 'B85C', 'B104D', 'B139A', 'A140D', 'B141D', 'B146C', 'D152B', 'D158C', 'D165B', 'D169B', 'C170D', 'A172D', 'D173C', 'D177C', 'C181B', 'C185A']	26	-2.7400196	-1.8599956	-2.2452288	0.4947908
DDCCDCBACDDCADCDBDCCBDABCABAADCCCDCDAACDCBDCDDDABDCDDDBACBADBCCCCCCDDBABDCCADBCABACCBBDBDBAADCADAACCDADBDDDDCDDBDBDBBDCBADDBCDDDCCDCCDCBDDBABBDDDCACADADBACDCDDCDDBBCBDDDCCDCDBCCDDBBBCCCDAC	['D3C', 'C5D', 'B31C', 'A44C', 'B60D', 'D80A', 'A84C', 'B146C', 'D151A', 'D165C', 'A172D', 'D173C', 'D177C', 'C181B', 'D187A']	15	-4.7173357	-1.8603065	-4.2228556	0.49448013
DDDCCCBACDDCADCDBDCCBBABCCBADDADCDCCBACDCBDADDDABDCDDDBACBABBCCCCCCDDBABDCCADBCABACABBDBDBAADCADCACCDADBDDDDCDDBDBDBBDCBADDBCDDDCCDCCDCBDDBABBDDDCACADDDBACDCDBCDDBBBBDDDCCACDBDBDDBDBCCCDDC	['D22B', 'A26C', 'A29D', 'B31A', 'C32D', 'D36C', 'A37B', 'D80A', 'A97C', 'B146C', 'D159B', 'D165B', 'D173C', 'C176D', 'D177B', 'C181D']	16	-4.026908	-1.8615777	-3.5336905	0.49321747
DDCCCCBACDDCADCDBDCCBDADCABAADBCCDCDAACDCBDADDDABDCDDDBACBABBCCCCCCDDBABDCCADBCDBACABBDBDBAADCADBACCDADBDDDDCDDBDBDBBDCBADDBCDDDCCCCCDCBDDBABBDDDDACADDBBACDCDDCDDBBDBDDDCCDDDBCADDBCBCCCDDB	['D3C', 'B24D', 'A97B', 'D131C', 'B146D', 'D152B', 'A172D', 'D177A', 'C188B']	9	-4.298148	-1.868305	-3.8116636	0.48648453
BDCCCCBACDDCADCDBDCCBDABCABADDCCCDCBAACDCBDADDDABDCDDDBACBABBCCACCCDDBABDCCADBCDBACCBBDBDBAADCADCACCDADBDDDDCDDBDBDBBDCBADDBCDDDCCDCDDCBDDBADBADDCACADDBBACDCCDCDDBBDBDDDCCDCDBCCDDBCBCCADDC	['D1B', 'D3C', 'A29D', 'B31C', 'D36B', 'C64A', 'A84C', 'A97C', 'C133D', 'B141D', 'D143A', 'B146C', 'D152B', 'D158C', 'A172D', 'D173C', 'D177C', 'C185A']	18	-3.644739	-1.8792493	-3.1692014	0.47553754
DDCCDBBACDDCADCDBDCCBDABCABAABBCCDCDDACDCBDADDDABDCDDDBACBABBCCCCCCDDBABDCCADBCDBACCBBDBDBAADCADCACCDADBDDDDCDDBDBDBBDCBADDBCDDDCCDCCDCBDDAABBADDCACADDBBACDCDDCDDBBDBDDDDCADDBCCDDBCBCCCDDC	['D3C', 'C5D', 'C6B', 'D30B', 'A37D', 'A84C', 'A97C', 'B139A', 'D143A', 'B146C', 'D152B', 'C170D', 'D177C']	13	-5.1598306	-1.8806789	-4.6857204	0.47411013
DDCCCCBACDDCADCDBDCCBBABCABADDADCDCDDADDCBDADDDABDCDDDBACBABBCCCCCCDDBABDCCADBCDBADCBBDBDBAADCADBACCDADBDDDDCDDBDBDBBDCBADDBCDDDCCDCCDCBDDAADBDDDCACADDDBACDCDDCDDBBDBDDBCCADDBCBDDBABCCCDDC	['D3C', 'D22B', 'A29D', 'B31A', 'C32D', 'A37D', 'C39D', 'C83D', 'A84C', 'A97B', 'B139A', 'B141D', 'B146C', 'D169B', 'D177B', 'C181A']	16	-3.561388	-1.8849299	-3.0915241	0.4698639
DDDCCCBACDDCADCDBDCCBDADCCBADDACCDCDCADDCBDADDDABDCDDDBACBABBCCCCCCDDBABDCCAACCDBACCBBDBDBAADCADAACCDADBDDDDCDDBCBDBBDCBADDBCDDDCCDCCDCBDDBABBDDDCACADDDBACDCDDCDDBCDBDDCCCAADBCBDDBDBCCCDDC	['B24D', 'A26C', 'A29D', 'B31A', 'A37C', 'C39D', 'D77A', 'B78C', 'A84C', 'D113C', 'B146C', 'B164C', 'D169C', 'D173A', 'D177B', 'C181D']	16	-3.4500368	-1.8865411	-2.981781	0.46825576
DDCCCBBACDACADCDBDCCBDABCABADDBDCDCDAACDCBDADDDABDCDDDBACBABBCCCCCCDDBABDCCADBCDBACCBBDBDBAADCADCACCDADBDDDDCDDBDBDBBDCBADDCCDDACCCCCDCBDDBABBDDDCACADDBBACDCDDCDABCDBDDDCCDCDBCCDDBABCCCDDC	['D3C', 'C6B', 'D11A', 'A29D', 'C32D', 'A84C', 'A97C', 'B124C', 'D128A', 'D131C', 'B146C', 'D152B', 'D162A', 'B164C', 'A172D', 'D173C', 'D177C', 'C181A']	18	-3.9491363	-1.8880131	-3.4823608	0.46677542
DDDCCCBACDDCADCDBDCCBDABCABADDBDCDCDAACDCBDADDDABDCDDDBACBABBCCCCCCDDBABDCCADBCDBACACBDBDBAADCADAACCDADBDDDDCDDBDBDBBDCBADDBCDDBCCDCCDCBDDAABBDDDBACADDBBACDCDCCDABBDBDDDCCACDBDBDDBDBCCCDDC	['A29D', 'C32D', 'B85C', 'D128B', 'B139A', 'D152B', 'D159C', 'D162A', 'D173C', 'C176D', 'D177B', 'C181D']	12	-3.1434433	-1.8894598	-2.678112	0.46533132
DDCCCCBACDDCADCDBDCCBDADCCBACDADCDCCBACDCBDADDDABDCDDDBBCBACBCCCCCCDDBABDCCADBCABACDBBDBDBAADCADCACCDADBDDDDCDDBDBDBBDCBADDBCDDDCCDCCDCBDDAABBDDDCACADDDBACDCDDCDDBCDBDDDCCAADBDBDDCDBCCCDDC	['D3C', 'B24D', 'A26C', 'A29C', 'B31A', 'C32D', 'D36C', 'A37B', 'A56B', 'B60C', 'D80A', 'A84D', 'A97C', 'B139A', 'B146C', 'B164C', 'D173A', 'C176D', 'D177B', 'B180C', 'C181D']	21	-4.6139617	-1.8900311	-4.1491985	0.46476316
DDDCCCBACDDCADCDBDCCBDABCABAADBCCDCDAACDCBDADDDABDCDDDBACBABBCCCCCCDDBABDCCADBCDBACABBDBDBAADCADBACCDADBDDDDCDDBDBDBBDCBADDACDDDCCDCCDCBDDBABBDDDCACADDBBACDCDDCDABBDCDDBCCACDBCDDDBCBCCCDDC	['A97B', 'B124A', 'B146C', 'D152B', 'D162A', 'B166C', 'D169B', 'D173C']	8	-5.6097	-1.8905895	-5.145501	0.46419907
BDCCCCBACDDCADCDBDCCBDABCABADDADCDCDAACDCBDADDDABDCDDDBACBADBCCDCACDDBABDCCADBCDBACCBBDBDBAADCADCACCDADBDDDDCDDBDBDBBDCBADDBCDDDCCDCCDCBDDCADBDDDCACADDDBACDCDDCDABBDBDDDCCDCDBCCDDBABCCCDDC	['D1B', 'D3C', 'A29D', 'B31A', 'C32D', 'B60D', 'C64D', 'C66A', 'A84C', 'A97C', 'B139C', 'B141D', 'B146C', 'D162A', 'A172D', 'D173C', 'D177C', 'C181A']	18	-2.8141851	-1.8920891	-2.3514843	0.46270084
DDCCCBBACDDCADCDBDCCBDABCABAADBCCDCDDACDCBDADDDABDCDDDBACBADBCCCCCCDDBABDCCADBCDBACCBBDBDBAADCADCACCDADBDDDDCDDBDBDBBDCBADDBCDDDCCDCCDCBDDDABBDDDCACADDDBACDCDDCDABBDBDDDDCABDBCCDDBCBCCCDDC	['D3C', 'C6B', 'A37D', 'B60D', 'A84C', 'A97C', 'B139D', 'B146C', 'D162A', 'C170D', 'D173B', 'D177C']	12	-4.5212336	-1.8938634	-4.060309	0.46092463
DDCCBABACDDCADCDBDCCBDABCABAADBCCDCDDACDCBDADDDABDCDDDBACBABBCCCCCCDDBABDCCADBCABACCBBDBDBAADCADAACCDADBDDDDCDDBDBDBBDCBADDBCDDDCCDCCDCBDDDABBDDDCACADDCBACDCDDCDABBDBDDDDCDDDBCCDDBBBCCCDDC	['D3C', 'C5B', 'C6A', 'A37D', 'D80A', 'A84C', 'B139D', 'B146C', 'D152C', 'D162A', 'C170D', 'A172D', 'D177C', 'C181B']	14	-2.8606448	-1.900064	-2.405921	0.45472383
DDDCCCBACDDCADCDBDCCBDABCABADDCDCDCDCADDCBDADDDABDCDDDBACBABBCCCCCCDDBABDCCADCCDBADCCBDBDBAADCADAACCDADBDDDDCDDBCBDBBDCBADDCCDDDCCDCCDCBDDBABBDDDBACADDBBACDCDDCDDBBDBDDDCCAADBCBDDBDBCCCDDC	['A29D', 'B31C', 'C32D', 'A37C', 'C39D', 'B78C', 'C83D', 'A84C', 'B85C', 'D113C', 'B124C', 'D152B', 'D173A', 'D177B', 'C181D']	15	-3.2874327	-1.9024966	-2.8351364	0.45229626
DDDCCCBACDDCADCDBDCCBBADCACAABDCCDCDCACDCBDADDDABDCDDDBACBABBCCCCCCDDBABDCCAACCABACCBBDBDBAADCADCACCDADBDDDDCDDBCBDBBDCBADDBCDCDCCCCCDCBDDBABBDDDCACADDDBACDCCDCDABBDBDDDCDADDBDDDDBDBCCCDDC	['D22B', 'B24D', 'B27C', 'D30B', 'B31D', 'A37C', 'D77A', 'B78C', 'D80A', 'A84C', 'A97C', 'D113C', 'D127C', 'D131C', 'B146C', 'D158C', 'D162A', 'C171D', 'C176D', 'C181D']	20	-4.6693354	-1.9037731	-4.218314	0.4510212
DDCCBABACDDCADCDBDCCBDABCABADDCCCDCCAACDCBDADDDABDCDDDBACBADBCCCCCCDDCABDCCADBCDBACCBBDBDBAADCADAACCDADDDDDDCDDBDBDBBDCBADDBCDDDCCDCCDCBDDBABBDDDCACADDBBACDCDDCDABBBBDDBDCDCDBCCDDBCBCCADDC	['D3C', 'C5B', 'C6A', 'A29D', 'B31C', 'D36C', 'B60D', 'B70C', 'A84C', 'B104D', 'B146C', 'D152B', 'D162A', 'D165B', 'D169B', 'C170D', 'A172D', 'D173C', 'D177C', 'C185A']	20	-4.58995	-1.9137495	-4.148911	0.4410391
BACCBCBACDDCADCDBDCCBBABCABACBBCCDCCAACDCBDABDDABDCDDDBACBABBCCCCACDDBABDCCADBCABACCBBDBDBAADCADAACCDADBDDDDCDDBDBDBBDCBADDBCDDDCCDCCDCBDDDABBDDDCACADDDBACDCDDCDABBDBDDDCCDCDBCCDDBABCCCDDC	['D1B', 'D2A', 'D3C', 'C5B', 'D22B', 'A29C', 'D30B', 'D36C', 'D45B', 'C66A', 'D80A', 'A84C', 'B139D', 'B146C', 'D162A', 'A172D', 'D173C', 'D177C', 'C181A']	19	-2.5138316	-1.9158089	-2.0748491	0.4389825
DDCCBCBACDDCADCDBDCCBBABCABADDBDCDCDDADDCBDADDDABDCDDDBACBABBCCACCCDDBABDCCADBCABACCDBDBDBAADCADCACCDADBDDDDCDDBDBDBBDCBADDCCDDDCCDCCDCBDDBCDBDDDCACADDDBACDCDDCDABBDBDDDDCACDBDBDDCDBCCCDDC	['D3C', 'C5B', 'D22B', 'A29D', 'C32D', 'A37D', 'C39D', 'C64A', 'D80A', 'A84C', 'B85D', 'A97C', 'B124C', 'A140C', 'B141D', 'B146C', 'D162A', 'C170D', 'D173C', 'C176D', 'D177B', 'B180C', 'C181D']	23	-3.2060196	-1.9246333	-2.7758617	0.4301579
DDCCDCBACDACADCDBDCCBDABCABAADBCCDCDAACDCBDADDDACDCDDDBACBACBCCCCCCDDBABDCCADBCDBACABBDBDBAADCADAACCDADBDDDDCDDBDBDBBDCBADDBCDBDCCCCCDCBDDADBBADDCACADDBBACDCCDCDABBDBDDDCCDCDBDBDDBCBCCCDDC	['D3C', 'C5D', 'D11A', 'B49C', 'B60C', 'D127B', 'D131C', 'B139A', 'A140D', 'D143A', 'B146C', 'D152B', 'D158C', 'D162A', 'A172D', 'D173C', 'C176D', 'D177B']	18	-5.2067876	-1.9255555	-4.777556	0.42923164
DDDCCCBACDDCADCDBDCCBDADCABADDADADCDDADDCBDADDDABBCDDDBACBABBCCACCCDDBABDCCADBCABACACBDBDBAADCADCACCDADBDDDDCDDBCBDBBDCBADDBCCDDCCDCCDCBDDBABBDDDCACADDDBACDCCDCDDBBBBDDDCCACDBDBDDCDBCCCDDC	['B24D', 'A29D', 'B31A', 'C32D', 'C33A', 'A37D', 'C39D', 'D50B', 'C64A', 'D80A', 'B85C', 'A97C', 'D113C', 'D126C', 'B146C', 'D158C', 'D165B', 'D173C', 'C176D', 'D177B', 'B180C', 'C181D']	22	-3.8004453	-1.9263127	-3.3719654	0.4284799
DDCCCCBACDDCADCDBDCCBDADCACAACBCCDCDAACDCBDADDDABDCDDDBACBABBCCCCCCBDBABDCCADBCDBACCBBDBDBAADCADCACCDADBDDDDCDDBDBDBBDCBADDBCDDDCCDCCDCBDDBABBDDDCACADDBBACDCCDCDABCABDDBCCDCDBCCDDBCBCCCDDC	['D3C', 'B24D', 'B27C', 'D30C', 'D68B', 'A84C', 'A97C', 'B146C', 'D152B', 'D158C', 'D162A', 'B164C', 'D165A', 'D169B', 'A172D', 'D173C', 'D177C']	17	-4.6926937	-1.9273951	-4.2653	0.4273939
DDCCCBBACDDCADCDBDCCBDABCABAADBCCDCDDACDCBDADDDABDCDDDBACBABBCCCCCCDDBABDCCADBCDBACACBDBDBAADCADCACCDADCDDDDCDDBDBDBBDCBADDBCDDDCCDCCDCBDDAADBDDDCACABDBBACDCCDCDDBBDBDDDCCDCDBCCDDBCBCCCDDC	['D3C', 'C6B', 'A37D', 'B85C', 'A97C', 'B104C', 'B139A', 'B141D', 'B146C', 'D150B', 'D152B', 'D158C', 'A172D', 'D173C', 'D177C']	15	-3.3117862	-1.9331708	-2.8901672	0.42161894
BDCCCCBACDDCADCDBDCCBDABCABAADBCCDCDDADDCBDADDDABDCCDDBACBABBCCCCCCBDBCBDCCADBCDBAACBBDBDBAADCADCACCDADDDDDDCDDBDBDBBDCBADDBCDDDCCDCCDCCDDBADBDDDCACADDBBACDCDDCDDBCDBDDDCCDCDBCCDDBCBDCCDDC	['D1B', 'D3C', 'A37D', 'C39D', 'D52C', 'D68B', 'A71C', 'C83A', 'A84C', 'A97C', 'B104D', 'B136C', 'B141D', 'B146C', 'D152B', 'B164C', 'A172D', 'D173C', 'D177C', 'C183D']	20	-3.7491155	-1.9365151	-3.3308406	0.41827488
DDDCCCBACDDCADCDBDCCBDABCABAADBCCDCDAACDCBDADDDABDCDDDBACBABBCCCCCCDDBABDCCADBCDBADCCBDBDBAADCADCACCDADBDDDDCDDBDBDBBDCBADDBCDDDCCCCCDCBDDBABBDDDCACADDBBACDCDDCDABBDBDDDCCACDBDDDDBCBCCCDDC	['C83D', 'A84C', 'B85C', 'A97C', 'D131C', 'B146C', 'D152B', 'D162A', 'D173C', 'C176D']	10	-5.164796	-1.9367797	-4.7467823	0.41801357
DDDCCCBACDDCADCDBDCCBDABCABADDBDCDCBAACDCBDADDDABDCDDDBBCBABBCCDCCCDDBABDCCADBCDBACCBBDBDBAADCADCACCDADBDDDDCDDBDBDBBDCBADDBCDDDCCDCCDCBDDBADBDDDCACADDDBACDCDDCDABBDCDDBCCADDBCDDDBDBCCCDDC	['A29D', 'C32D', 'D36B', 'A56B', 'C64D', 'A84C', 'A97C', 'B141D', 'B146C', 'D162A', 'B166C', 'D169B', 'C181D']	13	-4.393546	-1.9464352	-3.9851904	0.4083557
DDCCCCBACDDCADCDBDCCBBABCABADDADCDCDAACDCBDADDDABDCDDDBACBABBCCCCCCDDBABDCCADBCDBACCCBDBDBAADCADCACCDADBDDDDCDDBCBDBBDCBADDBCDDDCCDCCDCBDDBADBDDDBACADDBBACDCDDCDDBBDBDDDCCACDBCBDDBABCCCDDC	['D3C', 'D22B', 'A29D', 'B31A', 'C32D', 'A84C', 'B85C', 'A97C', 'D113C', 'B141D', 'D152B', 'D173C', 'D177B', 'C181A']	14	-3.3342476	-1.9479303	-2.9273863	0.4068613
DDDCCCBACDDCADCDBDCCBDABCABADDADCDCCDACDCBDADDDABDCDDDBACBABBCCCCCCDDBABDCCADBCABACCBBDBDBAADCADAACCDADBDDDDCDDBDBDBBDCBADDBCDDDCCDCCDABDDBABBDDDCACADDCBACDCDDCDABBDBDDDCCAADBDBDDBDBCCCCDC	['A29D', 'B31A', 'C32D', 'D36C', 'A37D', 'D80A', 'A84C', 'C135A', 'B146C', 'D152C', 'D162A', 'D173A', 'C176D', 'D177B', 'C181D', 'D186C']	16	-2.8501027	-1.9496658	-2.4449768	0.40512586
DDCCBBBACDDCADCDBDCCBDABCABAADBCCDCDAACDCBDADDDABCCDDDBACBABBCCCCCCDDBABDCCADBCCBACCBBDBDBAADCADCACCDADBDDDDCDDBDBDBBDCBADDBCDDDCCDCCDCBDDBABBDDDCACADDBBACDCDDCDDBBDBDDDCCDCDBDADDBCBCCCDDC	['D3C', 'C5B', 'C6B', 'D50C', 'D80C', 'A84C', 'A97C', 'B146C', 'D152B', 'A172D', 'D173C', 'C176D', 'D177A']	13	-4.5085	-1.9547236	-4.108433	0.40006733
DDCCCCBACDDCADCDBDCCBDABCABAADBCCDCCAACDCBDADDDABDCDDDBBCBABBCCDCCCDDBABDCCADBCABACCBBDBDBAADCADAACCDADBDDDDCDDBDBDBBDCBADDBCDDDCCDCCDCDDDBABBDDDCACADDDBACDCDDCDDBBDBDDDCCDDDBCCDDBCBCCCDDC	['D3C', 'D36C', 'A56B', 'C64D', 'D80A', 'A84C', 'B136D', 'B146C', 'A172D', 'D177C']	10	-3.6079276	-1.9572508	-3.2103863	0.39754128
DDCCBABACDDCADCDBDCCBBABCABADDBCCDCDDACDCBDADDDABDCDDDBACBABBCCCCCCDDBABDCCADBCABACABBDBDBAADCADCACCDADBDDDDCDDBDBDBBDCBADDBADDACCDCCDCBDDBABBDDDBACADDBBACDCDDCDDBBDBDDDCCDDDBCCDDBCBCCCDDC	['D3C', 'C5B', 'C6A', 'D22B', 'A29D', 'A37D', 'D80A', 'A97C', 'C125A', 'D128A', 'D152B', 'A172D', 'D177C']	13	-3.484909	-1.969547	-3.099668	0.38524103
DDDCCCBACDDCADCDBDCCBDADCBBAADADCDCDAACDCBDADDDABDCDDDBACBABBCCCCCCDDBABDCCADBCDBACACBDBDBAADCADCACCDADBBDBDCDDBDBBCBDDBADDBCDDDCCDCCDCBDDBADBDDDCACADDDBACDCCDCDDBBDBDDDCCCDDBDDDDBDBCCCDAC	['B24D', 'A26B', 'B31A', 'C32D', 'B85C', 'A97C', 'D105B', 'D107B', 'D115B', 'B116C', 'C119D', 'B141D', 'B146C', 'D158C', 'A172C', 'C176D', 'C181D', 'D187A']	18	-4.436468	-1.9729049	-4.0545807	0.38188744
DDDCCCBACDDCADCDBDCCBBABCABADDADCDCDAACDCBDADDDABDCDDDBACBABBCCCCCCDDBABDCCADBCDBACCBBDBDBAADCADBACCDADBDDDDCDDBDBDBBDCBADDBCDDDCCDCCDCBDDBABBDDDCACADDDBACDCDDCDCBCDBDDDCCADDBDBDDBDBCCCDDC	['D22B', 'A29D', 'B31A', 'C32D', 'A84C', 'A97B', 'B146C', 'D162C', 'B164C', 'C176D', 'D177B', 'C181D']	12	-4.3260946	-1.976013	-3.9473162	0.37877846
BDCCCCBACDDCADCDBDCCBBABCABADDBCCDCCAACDCBDADDDABDCDDDBACBABBCCDCCCDDBABDCCADBCDBACABBDBDBAADCADAACCDADBDDDDCDDBDBDBBDCBADDBCDDDCCDCCDCBDDBABBDDDCACADDDBACDCDDCDABBBBDDBDCDCDBCCDDBDBCCCDDC	['D1B', 'D3C', 'D22B', 'A29D', 'D36C', 'C64D', 'B146C', 'D162A', 'D165B', 'D169B', 'C170D', 'A172D', 'D173C', 'D177C', 'C181D']	15	-3.74431	-1.9763448	-3.3658648	0.37844515
DDDCCCBACDDCADCDBDCCBDABCACAADBCCDCDDACDCBDADDDABDCDDDBACBABBBCCCCCDDBABDCCADBCDBACCABDBDBAADCADCACCDADBDDDDCDDBDBDBBDCBADDBCDDBCCDCCDBBDDBCBBDDDCACADDDBACBCCDCDABBDBDDDCCADDBCDDDBCBCCCDDC	['B27C', 'A37D', 'C62B', 'A84C', 'B85A', 'A97C', 'D128B', 'C135B', 'A140C', 'B146C', 'D156B', 'D158C', 'D162A']	13	-6.0600424	-1.9769952	-5.6822476	0.37779474
DDCCCDBACDDCADCDBDCCBDABCABADDADCDCDAACDCBDADDDABDCCDDBACBADBCCCCCCDDBABDCCADBCDBACCBBDBDBAADCADCACBDADBDDDDCDDBDBDBBDCBADDBCDDDBCDCCDCCDDDADBDDDCACADDDBACDCDDCDABCDBDDDDCADDBCBDDBDBCCCDDC	['D3C', 'C6D', 'A29D', 'B31A', 'C32D', 'D52C', 'B60D', 'A84C', 'A97C', 'C100B', 'C129B', 'B136C', 'B139D', 'B141D', 'B146C', 'D162A', 'B164C', 'C170D', 'D177B', 'C181D']	20	-2.7559984	-1.9781234	-2.3793297	0.3766687
DDCCCCBACDDCADCDBDCCBBABCBBACBBCCDCDDACDCBDADDDABDCDDDBACBABBCCACCCDDBABDCCADBCABACCBBDBDBAADCADAACCDADBDDDDCDDBDBDBBDCBADDBCDDDCCDCCDCBDDBABBDDDCACADDDBACDCDCCDABBDBDDDCCDDDBCCDDBABCCCDDC	['D3C', 'D22B', 'A26B', 'A29C', 'D30B', 'A37D', 'C64A', 'D80A', 'A84C', 'B146C', 'D159C', 'D162A', 'A172D', 'D177C', 'C181A']	15	-3.7379467	-1.9790342	-3.3621883	0.3757584
DDDCCCBACDDCADCDBDCCBDABCABADDBDCDCDAACDCBDADDDABDCDDDBACBABBCCCCCCDDBABDCCADBCDBACCBBDBDBAADCADAACCDADBDDDDCDDBDBDBBDCBADDBCDDDCCDCCDDBDDBABBDDDCACABDBBACDCDDCDABBDBDDDCCAADBCBDDCDBCCCDDC	['A29D', 'C32D', 'A84C', 'C135D', 'B146C', 'D150B', 'D152B', 'D162A', 'D173A', 'D177B', 'B180C', 'C181D']	12	-4.1984005	-1.9811704	-3.8247814	0.37361908
DDDCCCBACDDCADCDBDCCBBABCABADDBDCDCDAACDCBDADDDABDCDDDBACBABBCCCCCCDDBABDCCADBCDBACCBBDBDBAADCADCACCDADBDDDDCDDBDBDBBDCBADDBCDDDCCDCCDCBDDBADBDDDCACADDDBACDCDDCDABBDBDDBCCACDBDBDDBDBCCCDDC	['D22B', 'A29D', 'C32D', 'A84C', 'A97C', 'B141D', 'B146C', 'D162A', 'D169B', 'D173C', 'C176D', 'D177B', 'C181D']	13	-3.9702868	-1.9846585	-3.600154	0.37013292
BACCBCBACDDCADCDBDCCBBABCABACBBCCDCCAACDCBDABDDABCCDDDBACBABBCCCCACDDBABDCCADBCABACCBBDBDBAADCADAACCDADBDDDDCDDBDBDBBDCBADDBCDDDCCDCCDCBDDDABBDDDCACADDDBACDCDDCDABBDBDDDCCDCDBCCDDBBBCCCDDC	['D1B', 'D2A', 'D3C', 'C5B', 'D22B', 'A29C', 'D30B', 'D36C', 'D45B', 'D50C', 'C66A', 'D80A', 'A84C', 'B139D', 'B146C', 'D162A', 'A172D', 'D173C', 'D177C', 'C181B']	20	-2.6167889	-1.9861677	-2.248167	0.36862183
DDDCCCBACDDCADCDBDCCBDABCABADDBDCDCDAACDCBDADDDABDCDDDBACBABBCCCCCCDDBABDCCADBCDBACCBBDBDBAADCADCACCDADBDDDDCDDBDBDBBDCBADDACDDDCCDCCDCBDDBABBDDDCACADDBBACDCDDCDDBBDBDDBCCDADBCCDDBABCCCDDC	['A29D', 'C32D', 'A84C', 'A97C', 'B124A', 'B146C', 'D152B', 'D169B', 'A172D', 'D173A', 'D177C', 'C181A']	12	-4.742764	-1.987869	-4.375844	0.36692
DDCCCCBACDADADCDBDCCBBABCABACBBDCDCCAACDCBDADDDABDCDDDBBCBABBCCCCCCDDBABDCCADBCDBACCBBDBDBAADCADCACCDADDDDDDCDDBDBDBBDCBADDBCDDDCCDCCDCBDDCABBDDDCACADDDBACDCCDCDCBDDBDDDCCCDDBCBDDBABCCCDDC	['D3C', 'D11A', 'C12D', 'D22B', 'A29C', 'D30B', 'C32D', 'D36C', 'A56B', 'A84C', 'A97C', 'B104D', 'B139C', 'B146C', 'D158C', 'D162C', 'B164D', 'A172C', 'D177B', 'C181A']	20	-3.804577	-1.9879215	-3.437707	0.36687016
BDDCCCBACDDCADCDBDCCBDABCABAABBCCDCDAACDCBDADDDABDCDDDBACBABBBCACCCDDBABDCCADBCDBACABBDBDBAADCADCACCAADBDDDDCDDBDBDBBDCBADDBCDDDCCDCCDCBDDBABBDDDCACADDDBACDCDDCDDBBDBDDDCCACDBCDDDBCBDCCDDC	['D1B', 'D30B', 'C62B', 'C64A', 'A97C', 'D101A', 'B146C', 'D173C', 'C183D']	9	-7.016917	-1.9889953	-6.65112	0.36579704
DDDCCCBACDDCADCDBDCCBDABCABADDBDCDCDAACDCBDADDDABDCDDDBACBACBCCCCCCDDBABDCCADBCDBACABBDBDBAADCADCACCDADBDDDDCDDBDBDBBDCBADDBCDDDCCDCCDDBDDBABBDDDBACADDBBACDCDDCDDBBDBDDDCCADDBDBDDBDBCCCDDC	['A29D', 'C32D', 'B60C', 'A97C', 'C135D', 'D152B', 'C176D', 'D177B', 'C181D']	9	-4.7305994	-1.9903548	-4.366165	0.36443424
DDCCCBBACDDCADCDBDCCBBABCABADDCCCDCDAACDCBDADDDABDCDDDBACBABBCCACCCDDBABDCCADBCDBADCCBDBDBAADCADCACCDADBDDDDCDDBDBDBBDCBADDBCDDDCCDCCDCBDDAABBDDDCACADDDBACDCDDCDABBDBDDDCCDDDBCCDDBCBCCCDDC	['D3C', 'C6B', 'D22B', 'A29D', 'B31C', 'C64A', 'C83D', 'A84C', 'B85C', 'A97C', 'B139A', 'B146C', 'D162A', 'A172D', 'D177C']	15	-3.997591	-1.9903629	-3.6331654	0.36442566
BDCCBABACDACADADBDCCBDABCABADDBCCDCDAACDCBDADDDABDCDDDBACBABBCCCCCCCDBABDCCADBCABACCCBDBDBAADCADAACCDADBDDDDCDDBDBDBBDCBADDCCDDBCCDCCDCBDDCCDBDDDCACADDDBACDCCDCDDBBDBDDDCCDCDBCCDDBBBCCADDC	['D1B', 'D3C', 'C5B', 'C6A', 'D11A', 'C15A', 'A29D', 'D68C', 'D80A', 'A84C', 'B85C', 'B124C', 'D128B', 'B139C', 'A140C', 'B141D', 'B146C', 'D158C', 'A172D', 'D173C', 'D177C', 'C181B', 'C185A']	23	-1.9984674	-3.3024929	-2.9461699	0.356323
DDDCCCBACDDCADCDBDCCBDABCABADDBCCDCDAACDCBDABDDABDCDDDBACBABBCCCCCCDDBABDCCADBCDBACABBDBDBAADCADAACCDADBDDDDCDDBDBDBBDCBADDBCDDDCCDCCDCBDDBABBDDDCACADDDBACDCDDCDACBDBDDBCCADDBCDDDBCBCCCDAC	['A29D', 'D45B', 'B146C', 'D162A', 'B163C', 'D169B', 'D187A']	7	-5.5817204	-1.998842	-5.225773	0.3559475
DDCCCBBACDDCADCDBDCCBDABCABADDBCCDCBAACDCBDADDDABDCDDDBACBABBCCCCCCDDBABDCCADBCABACCBBDBDBAADCADCACCDADBDDDDCDDBDBDBBDCBADDBCDDDCCDCCDCBDDBADBADDCACADDBBACDCDDCDABBDBDDDCCDDDBCCDDCBBCCCDDC	['D3C', 'C6B', 'A29D', 'D36B', 'D80A', 'A84C', 'A97C', 'B141D', 'D143A', 'B146C', 'D152B', 'D162A', 'A172D', 'D177C', 'B180C', 'C181B']	16	-3.5722675	-2.0027473	-3.2202296	0.3520379
DDDCCCBACDDCADCDBDCCBDADCABAABDACDCDCADDCBDADDDABDCDDDBACBABBCCCCCCDDBABDCCAACCDBACABBDBDBAADCADAACCDADBDDDDCDDBCBDBBDCBADDBCDDBCCDCCDCBDDAABBDDDCACADDDBACDCDDCDBBBDBDDBCCACDBCDDDBCBCCCDDC	['B24D', 'D30B', 'B31D', 'C32A', 'A37C', 'C39D', 'D77A', 'B78C', 'D113C', 'D128B', 'B139A', 'B146C', 'D162B', 'D169B', 'D173C']	15	-4.0505724	-2.0076299	-3.7034082	0.34716415
ADCCBCBACDDCADCDBDCCBBABCDBADDADCDCDDACDCBDADDDABDCDDDBACBABBCCCCCCDDBABDCCADBCDBACCBBDBDBAADCADAACCDADBDDDDCDDBDBDBBDCBADDBCDDDCCDCCDCBDDCABBDDDCACADDDBACDCDDCDABCBBDDBCCADDBCCDDBDBCCCDDC	['D1A', 'D3C', 'C5B', 'D22B', 'A26D', 'A29D', 'B31A', 'C32D', 'A37D', 'A84C', 'B139C', 'B146C', 'D162A', 'B164C', 'D165B', 'D169B', 'D177C', 'C181D']	18	-3.5938027	-2.0107272	-3.2497377	0.34406495
DDCCCCBACDDCADCDBDCCBBABCABAADBCCDCDAACDCBDADDDABDCDDDBACBABBCCCCCCDDBABDCCADBCDBACABBDBDBAADCADDACCDADBDDDDCDDBDBDBBDCBADDBCDDDCCDCCDADDDDABBDDDCACADDDBACDCCDCDDBBDBDDDCCACDBCCDDBCBCCCDDC	['D3C', 'D22B', 'A97D', 'C135A', 'B136D', 'B139D', 'B146C', 'D158C', 'D173C', 'D177C']	10	-3.7309961	-2.0127828	-3.3889894	0.34200668
DDCCDBBACDDCADCDBDCCBDADCABADDBCCDCDCACDCBDADDDABCCDDDBACBABBCCCCCCBDBABDCCADBCABACCBBDBDBAADCADAACCDADDDDDDCDDBDBDBBDCBADDBCDDDCCDCCDCBDDBABBDDDCACADDBBACDCCDCDDBBDBDDBCCDDDBCCDDBBBCCCDDC	['D3C', 'C5D', 'C6B', 'B24D', 'A29D', 'A37C', 'D50C', 'D68B', 'D80A', 'A84C', 'B104D', 'B146C', 'D152B', 'D158C', 'D169B', 'A172D', 'D177C', 'C181B']	18	-4.061044	-2.0129378	-3.7191968	0.34184742
DDCCCCBACDDCADCDBDCCBDABCABAADBCCDCDDACDCBDADDDABDCDDDBACBABBCCCCCCDDBABDCCADBCDBACACBDBDBAADCADCACCDADCDDDDCDDBDBDBBDCBADDBCDDDCCDCCDCBDDAADBDDDCACABDBBACDCCDCDDBBDBDDDCCDCDBCCDDBCBCCCDDC	['D3C', 'A37D', 'B85C', 'A97C', 'B104C', 'B139A', 'B141D', 'B146C', 'D150B', 'D152B', 'D158C', 'A172D', 'D173C', 'D177C']	14	-3.3343887	-2.0135388	-2.9931364	0.34125233
DDDCCCBACDDCADCDBDCCBDABCABAADBCCDCDAACDCBDADDDABDCDDDBACBABBCCCCCCDDBABDCCADBCDBACCBBDBDBAADCADBACCDADCDDDDCDDBDBDBBDCBADDBCDDDCCDCCDCBDDBCBBDDDCACADDBBACDCDDCDDBBDBDDBCCACDBCDDDBCBCCCDDC	['A84C', 'A97B', 'B104C', 'A140C', 'B146C', 'D152B', 'D169B', 'D173C']	8	-5.2773323	-2.014558	-4.9371004	0.3402319
DDCCDCBACDACADCDBDCCBDABCABAADBCCDCDDACDCBDADDDABDCDDDBACBABBCCCCCCDDBABDCCADBCDBACABBDBDBAADCADAACCDADBDDDDCDDBDBDBBDCBADDCCDDDCCDCCDCCDDDABBDDDCACADDDBACDCDDCDDBBDBDDBCCACDBCCDDBCBCCCDDC	['D3C', 'C5D', 'D11A', 'A37D', 'B124C', 'B136C', 'B139D', 'B146C', 'D169B', 'D173C', 'D177C']	11	-4.064537	-2.0145624	-3.7243128	0.34022427
BDCCCCBACDDCADCDBDCCBDABCABADDBDCDCDAACDCBDADDDABDCDDDBACBABBCCCCCCADBABDCCADBCABAACBBDBDBAADCADCACCDADBDDDDCDDBDBDBBDCBADDBCDDDCCDCCDCBDDAADBDDDBACADDBBACDCDDCDABBCCDDDCCDCDBCCDDBABCCCDDC	['D1B', 'D3C', 'A29D', 'C32D', 'D68A', 'D80A', 'C83A', 'A84C', 'A97C', 'B139A', 'B141D', 'D152B', 'D162A', 'D165C', 'B166C', 'A172D', 'D173C', 'D177C', 'C181A']	19	-3.5763848	-2.0168035	-3.2384005	0.33798432
DDDCCCBACDDCADCDBDCCBDABCABAADBCCDCDAACDCBDADDDABDCDDDBACBABBCCACCCDDBABDCCADBCDBACABBDBDBAADCADCACCDADBDDDDCDDBDBDBBDCBADDBCDDDCCDCCDCBDDBABBDDDBACADDBBACDCCCCDBBCDBDDDCCADDBCDDDBCBCCCDDC	['C64A', 'A97C', 'D152B', 'D158C', 'D159C', 'D162B', 'B164C']	7	-5.0968986	-2.017989	-4.760099	0.33679962
DDDCCCBACDDCADCDBDCCBDABCABADDBDCDCDAACDCBDADDDABDCCDDBACBABBCCCCCCDDBABDCCADBCDBACABBDBDBAADCADCACCDADBDDDDCDDBDBDBBDCBADDBCDDDCCDCCDCBDDBABBDDDBACADDBBACDCDDCDDBBDBDDDCCACDBCBDDBDBCCCDDC	['A29D', 'C32D', 'D52C', 'A97C', 'D152B', 'D173C', 'D177B', 'C181D']	8	-3.918648	-2.0205977	-3.584457	0.33419108
DDDCCCBACDDCADCDBDCCBDABCABAADBCCDCDAACDCBDADDDABDCDDDBACBABBCCCCCCDDBABDCCADBCDBACCCBDBDBAADCADBACCDADBDDDDCDDBDBDBBDCBADDBCDDDCCDCCDCBDDBABBDDDBACADDBBACDCDDCDABBDBDDDCCADDBCCDDBCBCCCDDC	['A84C', 'B85C', 'A97B', 'D152B', 'D162A', 'D177C']	6	-4.9208007	-2.0213215	-4.587333	0.33346748
DDDCCCBACDDCADCDBDDCBBABCABAADBCCDCDAACDCBDADDDABDCDDDBACBACBCCCCCCDDBABDCCADBCDBACDBBDBDBAADCADAACCDADDDDDDCDDBDBDBBDCBADDBCDDDCCDCCDCBDDAADBDDDBACADDBBACDCDDCDABBDBDDDCCACDBDDDDBCBCCCDDC	['C19D', 'D22B', 'B60C', 'A84D', 'B104D', 'B139A', 'B141D', 'D152B', 'D162A', 'D173C', 'C176D']	11	-5.2798595	-2.021654	-4.946725	0.33313465
DDCCCCBACDDCADCDBDCCBDABCABAADBCCDCDAACDCBDABDDABDCDDDBACBACCCCCCCCDDBABDCCADBCDBACACBDBDBAADCADCACCDADBDDDDCDDBDBDBBDCBADDBCDDDCCDCCDCBDDBABBDDDCACADDBBACDCDDCDABBDBDDDCCACDBDCDDBCBCCCDDC	['D3C', 'D45B', 'B60C', 'B61C', 'B85C', 'A97C', 'B146C', 'D152B', 'D162A', 'D173C', 'C176D', 'D177C']	12	-5.348064	-2.022648	-5.0159235	0.33214045
BDCCCBBACDDCADCDBDCCBDABCABADDBCCDCDAACDCBDADDDABDCDDDBACBABBCCCCCCDDBABDCCADBCABACCBBDBDBAADCADCACCDADBDDDDCDDBDBDBBDCBADDBCDDDCCDCCDCBDDAABBDDDCACADDBBACDCDDCDDBBBBDDDDCDBDBCCDDBBBCCCDDC	['D1B', 'D3C', 'C6B', 'A29D', 'D80A', 'A84C', 'A97C', 'B139A', 'B146C', 'D152B', 'D165B', 'C170D', 'A172D', 'D173B', 'D177C', 'C181B']	16	-4.0417404	-2.02659	-3.713543	0.32819748
BDCCCBBACDDCADCDBDCCBDABCABADDBCCDCDAACDCBDADDDABDCDDDBACBABBCCCCCCDDBABDCCADBCABACCBBDBDBAADCADCACCDADBDDDDCDDBDBDBBDCBADDBCDDDCCDCCDCBDDAABBDDDCACADDBBACDCDDCDDBBBBDDDDCDBDBCCDDBBBCCCDDC	['D1B', 'D3C', 'C6B', 'A29D', 'D80A', 'A84C', 'A97C', 'B139A', 'B146C', 'D152B', 'D165B', 'C170D', 'A172D', 'D173B', 'D177C', 'C181B']	16	-4.0417404	-2.02659	-3.713543	0.32819748
BDCCCBBACDDCADCDBDCCBDABCABADDBCCDCDAACDCBDADDDABDCDDDBACBABBCCCCCCDDBABDCCADBCABACCBBDBDBAADCADCACCDADBDDDDCDDBDBDBBDCBADDBCDDDCCDCCDCBDDAABBDDDCACADDBBACDCDDCDDBBBBDDDDCDBDBCCDDBBBCCCDDC	['D1B', 'D3C', 'C6B', 'A29D', 'D80A', 'A84C', 'A97C', 'B139A', 'B146C', 'D152B', 'D165B', 'C170D', 'A172D', 'D173B', 'D177C', 'C181B']	16	-4.0417404	-2.02659	-3.713543	0.32819748
BDDCCCBACDDCADCDBDCCBDADCABAABACCDCDCADDCBDADDDABDCDDDBACBABBCCCCCCDDBABACCAACCDBACCBBDBDBAADCADAACCDADBDDDDCDDBCBDBBDCBADDBCDDDCCDCCDCBDDBABBDDDCACADDDBACDCDDCDABBDBDDBCCACDBDDDDBCBCCCDDC	['D1B', 'B24D', 'D30B', 'B31A', 'A37C', 'C39D', 'D73A', 'D77A', 'B78C', 'A84C', 'D113C', 'B146C', 'D162A', 'D169B', 'D173C', 'C176D']	16	-4.4762516	-2.0302403	-4.1517	0.32455158
DDCCBCBACDDCADCDBDCCBDABCDBADDADCDCCAACDCBDADDDABDCDDDBACBABBCCCCCCDDBABDCCADBCDBACCCBDBDBAADCADAACCDADBDDDDCDDBDBDBBDCBADDCCDDDCCDCCDCDDDACDBDDDCACADDDBACDCDDCDDBBDBDDBCCACDBCCDDCDBCCCDDC	['D3C', 'C5B', 'A26D', 'A29D', 'B31A', 'C32D', 'D36C', 'A84C', 'B85C', 'B124C', 'B136D', 'B139A', 'A140C', 'B141D', 'B146C', 'D169B', 'D173C', 'D177C', 'B180C', 'C181D']	20	-2.031526	-2.7970273	-2.4737625	0.32326484
DDDCCCBACDDCADCDBDCDBDADCABAABBCCDCDCADDCBDADDDABDCDDDBACBABBCCCCCCDDBABDCCAACCABACCBBDBDBAADCADAACCDADBDDDDCDDBCBDBBDCBADDBCDDDCCDACDDDDDBABBDDDCABADDABACACDDCDBBBBDDDBCCAADBDDDDBCBCCCDDC	['C20D', 'B24D', 'D30B', 'A37C', 'C39D', 'D77A', 'B78C', 'D80A', 'A84C', 'D113C', 'C132A', 'C135D', 'B136D', 'B146C', 'C148B', 'D152A', 'D156A', 'D162B', 'D165B', 'B166D', 'D169B', 'D173A', 'C176D']	23	-5.2851105	-2.0321186	-4.962436	0.32267427
ADCCDCBACDDCADCDBDCCBDABCABADDBDCDCDDACDCBDADDDABDCDDDBACBACBCCCCCCDDBABDCCADBCDBAACBBDBDBAADCADAACCDADBDDDDCDDBDBDBBDCBADDBCDDDBCCDCDCBDDBABBDDDCACADDBBACDCDDCDABBDBDDDDCACDBCCDDBDBCCCDDC	['D1A', 'D3C', 'C5D', 'A29D', 'C32D', 'A37D', 'B60C', 'C83A', 'A84C', 'C129B', 'D131C', 'C132D', 'B146C', 'D152B', 'D162A', 'C170D', 'D173C', 'D177C', 'C181D']	19	-4.1735106	-2.0439093	-3.8626308	0.3108797
DDCCCCBACDDCADCDBDCCBDABCABAADBCCDCDAACDCBDADDDABDCDDDBACBADBCCCCCCDDBABDCCADBCDBACABBDBDBAADCADCACCDADBDDDDCDDBDBDBBDCBADDBCDDDCCDCCDCBDDDABBDDDCACADDDBACDCDDCDABBDBDDDCCACDBCCDDBCBCCCDDC	['D3C', 'B60D', 'A97C', 'B139D', 'B146C', 'D162A', 'D173C', 'D177C']	8	-4.3958993	-2.0443895	-4.0855017	0.31039762
DDDCCCBACDDCADCDBDCCBDABCABAADBCCDCDAACDCBDADDDABDCDDDBACBABBCCCCCCDDBABDCCADBCDBACABBDBDBAADCADCACCDADBDDDDCDDBDBDBBDCBADDBCDDDCCDCCDCBDDBABBDDDCACADDBBACDCDDCDDBBDBDDDCCAADBCDDDBCBCCCDDC	['A97C', 'B146C', 'D152B', 'D173A']	4	-5.539222	-2.0447757	-5.2292056	0.31001616
BDCCCCBACDDCADCDBDCCBBABCABADBADCDCDAACDCBDADDDABDCDDDBACBADBCCBCCCDDBABDCCADBCDBACABBDBDBAADCADCACCDADBDDDDCDDBDBDBBDCBADDBCDDDCCDCCDCBDDBADBDDDCACABDBBACDCDDCDABBCBDDDDCACDBCBDDBDBCCCDDC	['D1B', 'D3C', 'D22B', 'A29D', 'D30B', 'B31A', 'C32D', 'B60D', 'C64B', 'A97C', 'B141D', 'B146C', 'D150B', 'D152B', 'D162A', 'D165C', 'C170D', 'D173C', 'D177B', 'C181D']	20	-4.0407853	-2.046709	-3.7327042	0.30808115
DDDCCCBACDDCADCDBDCCBDABCABAADBCCDCDAACDCBDADDDABDCDDDBACBABBCCDCCCDDBABDCCADBCDBACACBDBDBAADCADAACCDADBDDDDCDDBDBDBBDCBADDBCDDDCCDCCDCBDDBCBBDDDCACADDDBACDCDDCDDBBDBDDDCCACDBCDDDBCBCCCDAC	['C64D', 'B85C', 'A140C', 'B146C', 'D173C', 'D187A']	6	-5.3152122	-2.0497253	-5.010147	0.30506516
ADCCDCBACDDCADCDBDCCBDABCABADDBCCDCDDACDCBDCDDDABDCCDDBACBABBCCDCCCDDBABDCCADBCABACCBBDBDBAADCADCACCDADCDDDDCDDBDBDBBDCBADDBCDCDCCDCCDCBDDBABBADDCACADDBBACDCDDCDABBDBDDDDCDCDBCCDDCBBCCCDDC	['D1A', 'D3C', 'C5D', 'A29D', 'A37D', 'A44C', 'D52C', 'C64D', 'D80A', 'A84C', 'A97C', 'B104C', 'D127C', 'D143A', 'B146C', 'D152B', 'D162A', 'C170D', 'A172D', 'D173C', 'D177C', 'B180C', 'C181B']	23	-5.05578	-2.0499208	-4.7509146	0.30486536
DDCCCCBACDDCADCDBDCCBDABCABAADBCCDCBAACDCBDADDDABDCDDDBACBADBCCCCCCDDBABDCCADBCDBACACBDBDBAADCADAACCDADBDDDDCDDBDBDBBDCBADDBCDDDCCDCCDCBDDDABBDDDCACADDDBACDCDDCDABBDBDDDCCADDBCCDDBCBCCCDDC	['D3C', 'D36B', 'B60D', 'B85C', 'B139D', 'B146C', 'D162A', 'D177C']	8	-3.311077	-2.051246	-3.007534	0.3035431
DDDCCCBACDDCADCDBDCCBBABCABAADBCCDCDAACDCBDADDDABDCDDDBACBABBCCCCCCDDBABDCCADBCDBACCBBDBDBAADCADAACCDADBDDDDCDDBDBDBBDCBADDBCDDDCCDCCDACDDBABBDDDBACADDBBACDCDDCDABBDBDDBCCACDBDDDDBCBCCCDDC	['D22B', 'A84C', 'C135A', 'B136C', 'D152B', 'D162A', 'D169B', 'D173C', 'C176D']	9	-5.5102644	-2.051459	-5.2069345	0.30332994
DDCCDBBACDDCADCDBDCCBDABCABADDCCCDCDAACDCBDADDDABDCDDDBACBABBCCCCCCDDBABDCCADBCABACACBDBDBAADCADAACCDADBDDDDCDDBDBDBBDCBADDBCDDBCCDCCDCBDDAABBDDDBACADDBBACDCDDCDCBBDBDDDCCDCDBCCDDBCBCCCDDC	['D3C', 'C5D', 'C6B', 'A29D', 'B31C', 'D80A', 'B85C', 'D128B', 'B139A', 'D152B', 'D162C', 'A172D', 'D173C', 'D177C']	14	-2.9558692	-2.068078	-2.669159	0.28671026
DDDCCCBACDDCADCDBDCCBDABCABAABBCCDCDAACDCBDADDDABDCCDDBACBABBCCCCCCDDBABDCCADBCDBACCCBDBDBAADCADAACCDADDDDDDCDDBDBDBBDCBADDCCDDDCCDCCDCBDDBADBDDDBACADDBBACDCDDCDABBCBDDDCCACDBCCDDBCBCCCDDC	['D30B', 'D52C', 'A84C', 'B85C', 'B104D', 'B124C', 'B141D', 'D152B', 'D162A', 'D165C', 'D173C', 'D177C']	12	-4.0847335	-2.0694387	-3.7993832	0.28535032
DDDCCCBACDDDADCDBDCCBBABCABAADBCCDCDAACDCBDADDDABCCDDDBACBABBCCCCCCDDBABDCCADBCDBACCBBDBDBAADCADCACCDADBDDDDCDDBDBDBBDCBADDBCDDDCCDCCDCBDDBABBDDDCACADDDBACDCDDCDDBBDBDDDCCADDBDDDDBCBCCCDAC	['C12D', 'D22B', 'D50C', 'A84C', 'A97C', 'B146C', 'C176D', 'D187A']	8	-6.192997	-2.0712912	-5.9094954	0.28350163
DDDCCCBACDDCADCDBDCCBBABCBBAADBCCDCDAACDCBDADDDABDCDDDBACBABBCCCCCCDDBABDCCADBCDBACBBBDBDBAADCADCACBDADDDDDDCDDBDBDBBDCBADDBCDDDCCDCCDCBDDABBDDDDBACADDBBACDCDDCDABBDBDDBCCADDBCADDBCBCCCDDC	['D22B', 'A26B', 'A84B', 'A97C', 'C100B', 'B104D', 'B139A', 'A140B', 'B142D', 'D152B', 'D162A', 'D169B', 'D177A']	13	-4.79826	-2.0716588	-4.515126	0.28313398
DDDCCCBACDDCADCDBDCCBDADCABAADBCCDCDAACDCBDADDDABDCDDDBACBABBCCCCCCBDBABDCCADBCDBACCBBDBDBAADCADDACCDADBDDDDCDDBDBDBBDCBADDBCDDDCCDCCDCBDDBABBDDDCACADDBBACDCDDCDABBDBDDDCCDDDBCCDDBCBCCCDDC	['B24D', 'D68B', 'A84C', 'A97D', 'B146C', 'D152B', 'D162A', 'A172D', 'D177C']	9	-4.587152	-2.0753567	-4.307721	0.27943087
DDDCCCBACDDCADADBDCCBDABCDBAADBCCDCDDACDCBDADDDABDCCDDBACBABBCCCCACDDBABDCCADBCDBACCBBDBDBAADCADCACCDADBDDDDCDDBDBDBBDCBADDDCDDDCCDCCDCBDDBABBDDDCACADDDBACDCDDCDABBDBDDDCCADDBDCDDBCBCCCDDC	['C15A', 'A26D', 'A37D', 'D52C', 'C66A', 'A84C', 'A97C', 'B124D', 'B146C', 'D162A', 'C176D', 'D177C']	12	-4.744229	-2.080972	-4.47041	0.27381897
BDCCCCBACDACADCDBDCCBDABCABAADBCCDCDAACDCBDADDDABDCDDDBACBACBCCCCCCDDBABDCCADBCDBACABBDBDBAADCADAACCDADBDDDDCDDBDBDBBDCDADDBCDBDCCCCCDCBDDADBBADDCACADDBBACDCCDCDABBDBDDDCCDDDBDCCDBCBCCCDDC	['D1B', 'D3C', 'D11A', 'B60C', 'B120D', 'D127B', 'D131C', 'B139A', 'A140D', 'D143A', 'B146C', 'D152B', 'D158C', 'D162A', 'A172D', 'C176D', 'D177C', 'D178C']	18	-5.43176	-2.0810359	-5.158011	0.27374887
BDCCCCBACDDCADCDBDCCBDABCABAABBCCDCBAACDCBDADDDABDCDDDBACBABBCCCCCCDDBABDCCADBCDBACABBDBDBAADCADBACCDADBDDDDCDDBDBDBBDCBADDBCDDDCCDCCDCBDDAADBDDDCACADDDBACDCDDCDABBDBDDDCCADDBCCDDBCBCCCDDC	['D1B', 'D3C', 'D30B', 'D36B', 'A97B', 'B139A', 'B141D', 'B146C', 'D162A', 'D177C']	10	-3.7010956	-2.0820143	-3.4283218	0.27277374
DDDCCCBACDDCADCDBDCCBDABCACAABBDCDCDCADDCBDCDDDABDCDDDBACBABBCCCCCCDDBABDCCADCCDBACCABDBDBAADCADAACCDADCDDDDCDDBCBDBBDCDADDBDDDDCCDCCDCBDDAABBDDDCACADDDBACDCDDCDDBCDBDDBCCADDBDDDDBDBCCCDDC	['B27C', 'D30B', 'C32D', 'A37C', 'C39D', 'A44C', 'B78C', 'A84C', 'B85A', 'B104C', 'D113C', 'B120D', 'C125D', 'B139A', 'B146C', 'B164C', 'D169B', 'C176D', 'C181D']	19	-3.9399362	-2.0847666	-3.6699076	0.2700286
DDCCCBBACDDCADCDBDCCBBABCABACBBCCDCBAACDCBDADDDABDCDDDBACBABBCCACCCDDBABDCCADBCABACCBBDBDBAADCADDACCDADBDDDDCDDBDBDBBDCBADDBCDDDCCDCCDCBDDBABBDDDCACADDABACDCDDCDABBDBDDBCCDCDBCCDDBBBCCCDDC	['D3C', 'C6B', 'D22B', 'A29C', 'D30B', 'D36B', 'C64A', 'D80A', 'A84C', 'A97D', 'B146C', 'D152A', 'D162A', 'D169B', 'A172D', 'D173C', 'D177C', 'C181B']	18	-3.8742793	-2.0875022	-3.6069932	0.26728606
DDCCBBBACDDCADCDBDCCBDABCABABBBCCDCDDACDCBDADDDABDCDDDBACBABBCCCCCCDDBABDCCADBCABACDBBDBDBAADCADCACCDADBDDDDCDDBDBDBBDCDADDBCDDDCCDCCDCBDDAADBADDBACADDBBACDCDDCDBBCBBDDBCCDCDBCCDDBCBCCCDDC	['D3C', 'C5B', 'C6B', 'A29B', 'D30B', 'A37D', 'D80A', 'A84D', 'A97C', 'B120D', 'B139A', 'B141D', 'D143A', 'D152B', 'D162B', 'B164C', 'D165B', 'D169B', 'A172D', 'D173C', 'D177C']	21	-4.2443595	-2.090064	-3.9796324	0.26472712
DDCCCCBACDDCADCDBDCCBDABCABADBBDCDCDAACDCBDADDDABDCDDDBACBABBCCCCCCDDBABDCCADBCDBACCBBDBDBAADCADAACCDADBDDDDCDDBDBDBBDCBADDBCDDDCCDCCDCDDDBABBDDDCACADDBBACDCDDCDDBBDBDDACCDCDBCCDDBABCCCDDC	['D3C', 'A29D', 'D30B', 'C32D', 'A84C', 'B136D', 'B146C', 'D152B', 'D169A', 'A172D', 'D173C', 'D177C', 'C181A']	13	-3.589569	-2.0919464	-3.3267274	0.2628417
BDDCCCBACDDCADCDBDCCBDADCACAABDCCDCDCADDCBDADDDABDCDDDBACBABBCCCCCCDDBABDCCAACCABACCBBDBDBAADCADCACCDADBDDDDCDDBCBDBBDCBADDBCDDDCCDCCDCBDDBABBDDDCACADDDBACDCCACDBBCDBDDDCCADDBDDDDBDBCCCDDC	['D1B', 'B24D', 'B27C', 'D30B', 'B31D', 'A37C', 'C39D', 'D77A', 'B78C', 'D80A', 'A84C', 'A97C', 'D113C', 'B146C', 'D158C', 'D159A', 'D162B', 'B164C', 'C176D', 'C181D']	20	-4.096963	-2.0925071	-3.834674	0.26228905
BDDCCCBACDDCADCDBDCCBBABCABAADBCCDCDAACDCBDABDDABDCDDDBACBABBCCCCCCDDBABDCCADBCDBACCDBDBDBAADBADAACCDADBDDDDCDDBDBDBBDCBADDBCDDDCCDCCDCBDDAABBDDDCACADDBBACDCDDCDABBDBDDACCACDBCDDDBCBCCCDDC	['D1B', 'D22B', 'D45B', 'A84C', 'B85D', 'C94B', 'B139A', 'B146C', 'D152B', 'D162A', 'D169A', 'D173C']	12	-5.0644526	-2.092522	-4.802183	0.2622695
DDDCCCBACDDCADCDBDCCBBABCABADDADCDCDAACDCBDADDDABDCDDDBACBABBCCCCCCDDBABDCCADBCDBADCABDBDBAADCADAACCDADBDDDDCDDBDBDBBDCBADDBCDDDCCDCCDCBDDAABBDDDCACADDDBACDCDDCDDBBDBDDDCCADDBDBDDBDBCCCDDC	['D22B', 'A29D', 'B31A', 'C32D', 'C83D', 'A84C', 'B85A', 'B139A', 'B146C', 'C176D', 'D177B', 'C181D']	12	-3.4784043	-2.0930426	-3.2166548	0.2617495
DDDCCCBACDDCADCDBDCCBDABCABADDADCDCDAACDCBDADDDABDCDDDBBCBABBCCCCCCDDBABDCCADBCDBACCBBDBDBAADCADBACCDADDDDDDCDDBDBDBBDCBADDBDDDDCCDCCDCBDDBADBDDDCACADDDBACDCDDCDDBCDBDDDCCADDBCADDBDBCCCDDC	['A29D', 'B31A', 'C32D', 'A56B', 'A84C', 'A97B', 'B104D', 'C125D', 'B141D', 'B146C', 'B164C', 'D177A', 'C181D']	13	-4.0880723	-2.0945456	-3.8278284	0.2602439
DDCCCCBACDDCADCDBDCCBDABCABAADBCCDCDAACDCBDADDDABDCDDDBACBABBCCCCCCDDBABDCCADBCABACCBBDBDBAADCADAACCDADBDDDDCDDBDBDBBDCBADDBCDDDCCDCCDCBDDBADBDDDCACADDBBACDCDACDDBBCBDDDDCDCDBCCDDBBBCCCDDC	['D3C', 'D80A', 'A84C', 'B141D', 'B146C', 'D152B', 'D159A', 'D165C', 'C170D', 'A172D', 'D173C', 'D177C', 'C181B']	13	-3.153586	-2.0992146	-2.8980093	0.2555766
DDDCCCBACDDCADCDBDCCBDABCABAADBCCDCDAACDCBDADDDABDCDDDBACBABBCCCCCCDDBABDCCADBCABACCDBDBDBAADCADAACCDADBDDDDCDDBDBDBBDCBADDBCDBDCCDCCDCBDDBABBDDDCACADDBBACDCDDCDDBBDBDDDCCACDBDDDDBCBCCCDDC	['D80A', 'A84C', 'B85D', 'D127B', 'B146C', 'D152B', 'D173C', 'C176D']	8	-4.9092855	-2.1000788	-4.654573	0.25471258
DDDCCCBACDDCADCDBDCCBDADCABAADBCCDCDAACDCBDADDDABDCDDDBACBABBCCCCCCBDBABDCCADBCDBACCBBDBDBAADCADDACCDADBDDDDCDDBDBDBBDCBADDBCDDDCCDCCDCBDDBABBDDDCACADDBBACDCDDCDABBDBDDDCCADDBCCDDBCBCCCDDC	['B24D', 'D68B', 'A84C', 'A97D', 'B146C', 'D152B', 'D162A', 'D177C']	8	-4.92741	-2.1033695	-4.6759906	0.25141954
DDDCCCBACDDCADCDBDCCBBABCABADDBDCDCDDACDCBDADDDABDCDDDBACBABBCCBCCCDDCABDCCADBCDBACDBBDBDBAADCADCACCDADBDDDDCDDBDBDBBDDBADDDCDDDCCDCCDCBDDAABBDDDCACADDDBDCDCCACDABBDBDDDDCADDBCDDDCDBCCCDDC	['D22B', 'A29D', 'C32D', 'A37D', 'C64B', 'B70C', 'A84D', 'A97C', 'C119D', 'B124D', 'B139A', 'B146C', 'A154D', 'D158C', 'D159A', 'D162A', 'C170D', 'B180C', 'C181D']	19	-5.071741	-2.1035106	-4.8204627	0.2512784
DDCCCCBACDDCADCDBDCCBDABCABADDBCCDCDAACDCBDADDDABDCCDDBACBABBCCCCCCDDBABDCCADBCDBACACBDBDBAADCADCACCDADBDDDDCDDBDBDBBDCBADDBCDDDCCDCCDCBDDADDBDDDBACADDBBACDCDDCDDBBDBDDDCCACDBCCDDBCBCCCDDC	['D3C', 'A29D', 'D52C', 'B85C', 'A97C', 'B139A', 'A140D', 'B141D', 'D152B', 'D173C', 'D177C']	11	-3.1672099	-2.1083589	-2.9207802	0.24642968
ADDCCCBACDDCADCDBDCCBBABCABADDADCDCCAACDCBDADDDABDCDDDBACBABBCCCCCCDDBABDCCADBCDBACACBDBDBAADCADAACCDADBDDDDCDDBDBDBBDCBADDBCDDDCCDCCDCBDDAABBDDDCACADAABACDCDDCDABCDBDDCCCAADBCBDDBABCCCDDC	['D1A', 'D22B', 'A29D', 'B31A', 'C32D', 'D36C', 'B85C', 'B139A', 'B146C', 'D151A', 'D152A', 'D162A', 'B164C', 'D169C', 'D173A', 'D177B', 'C181A']	17	-4.25416	-2.108868	-4.0082383	0.24592161
DDDCCCBACDDCADCDBDCCBBABCABACBBDCDCDAACDCBDADDDABDCDDDBACBABBCCCCCCDDBABDCCADBCDBACAABDBDBAADCADBACCDADBDDDDCDDBDBDBBDCBADDBCDDDCCDCCDCBDDADBBDDDCACADDDBACDCCDCDDBBDBDDDCCADDBCBDDBDBCCCDDC	['D22B', 'A29C', 'D30B', 'C32D', 'B85A', 'A97B', 'B139A', 'A140D', 'B146C', 'D158C', 'D177B', 'C181D']	12	-3.9350781	-2.109934	-3.6902218	0.24485636
DDDCCCBACDDCADCDBDCCBDABCABAADBCCDCDAACDBBDADDDABDCDDDBACBABBCCCCCCDDBAADCCADBCDBACABBDBDBAADCADDACCDADBDDDDCDDBDBDBBDCBADDACDDDCCDCCDCBDDBABBDDDBACADDBBDCDCDDCAABBBBDDDCCADDBCDDDBCBCCCDDC	['C41B', 'B72A', 'A97D', 'B124A', 'D152B', 'A154D', 'D161A', 'D162A', 'D165B']	9	-5.048156	-2.1112993	-4.8046637	0.24349213
BDCCBBBACDDCADCDBDCCBDABCABAADACCDCDDADDCBDADDDABDCDDDBACBACBCCCCCCDDBABDCCADBCABACCBBDBDBAADCADAACCDADBDDDDCDDBDBDBBDCBADDBCDDDCCDCCDCBDDBABBDDDCACADDBBACDCDDCDDBBBBDDBDCDCDBCCDDBBBCCBDDC	['D1B', 'D3C', 'C5B', 'C6B', 'B31A', 'A37D', 'C39D', 'B60C', 'D80A', 'A84C', 'B146C', 'D152B', 'D165B', 'D169B', 'C170D', 'A172D', 'D173C', 'D177C', 'C181B', 'C185B']	20	-4.6402216	-2.1128485	-4.398283	0.24193859
DDCCCBBACDDCADCDBDCCBDABCABACDBCCDCBAACDCBDADDDABDCDDDBACBABBBCCCCCDDBABDCCADBCABACABBDBDBAADCADCACCDADBDDDDCDDBDBDBBDCBADDBCDDDCCDCCDCBDDAABBDDDBACADDCBACDCDDCDABBCBDDBCCDDDBCCDDBCBCCCDDC	['D3C', 'C6B', 'A29C', 'D36B', 'C62B', 'D80A', 'A97C', 'B139A', 'D152C', 'D162A', 'D165C', 'D169B', 'A172D', 'D177C']	14	-4.631988	-2.1137278	-4.3909245	0.2410636
DDCCCCBACDDCADADBDCCBDABCABADDBDCDCDAACDCBDADDDABDCDDDBACBABBCCACCCDDBABDCCADBCDBACABBDBDBAADCADAACCDADBDDDDCDDBDBDBBDCBADDBCDDDCCDCCDCBDDBABBDDDCACADDDBACDCDDCDABBCBDDBCCADDBCBDDCDBCCCDDC	['D3C', 'C15A', 'A29D', 'C32D', 'C64A', 'B146C', 'D162A', 'D165C', 'D169B', 'D177B', 'B180C', 'C181D']	12	-4.184676	-2.1183941	-3.948285	0.23639107
DDCCCCBACDDCADCDBDCCBDABCABADDBDCDCDDADDCBDADDDABDCDDDBACBABBCCDCACDDBABDCCADBCDBACABBDBDBAADCADAACCDADBDDDDCDDBDBDBBDCBADDBCDDDCCDCCDDBDDBABBDDDCACADDDBACDCDDCDDBBDBDDDCCDBDBCBDDBDBCCCDDC	['D3C', 'A29D', 'C32D', 'A37D', 'C39D', 'C64D', 'C66A', 'C135D', 'B146C', 'A172D', 'D173B', 'D177B', 'C181D']	13	-2.6827526	-2.119242	-2.4472036	0.23554897
DDDCCCBACDDCADCDBDCCBDABCABAADBCCDCDAACDCBDADDDABDCDDDBACBABBCCCCCCDDBABDCCADBCDBACABBDBDBAADCADAACCDADDDDDDCDDBDBDBBDCBADDBCDDDCCDCCDCBDDBADBDDDCACADDBBACDCDDCDCBBDBDDACCACDBCDDDBCBCCCDDC	['B104D', 'B141D', 'B146C', 'D152B', 'D162C', 'D169A', 'D173C']	7	-4.4815426	-2.1271105	-4.2538643	0.2276783
BDCCCCBACDDCADCDBDCCBDABCABADDBDCDCDAACDCBDADDDABDCDDDBACBABBCCCCCCDDBABDCCADBCDBACCDBDBDBAADCADDACCDADCDDDDCDDBDBDBBDCBADDBCDDDCCDCCDCBDDBADBADDCACADDBBACDCDDCDABBDBDDDCCADDBDBDDBDBDCCDDC	['D1B', 'D3C', 'A29D', 'C32D', 'A84C', 'B85D', 'A97D', 'B104C', 'B141D', 'D143A', 'B146C', 'D152B', 'D162A', 'C176D', 'D177B', 'C181D', 'C183D']	17	-4.1749487	-2.1291316	-3.9492922	0.22565651
BDCCCCBACDDCADCDBDCCBDABCABADDCDCDCDAACDCBDADDDABDCDDDBACBABBCCCCCCDDBABDCCADBCDBACCDBDBDBAADCADCACCDADBDDDDCDDBDBDBBDCBADDBCDDDCCDCCDCBDDBADBADDCACADDBBACDCCDCDDBCDBDDDCCADDBDBDDBDBDCCDDC	['D1B', 'D3C', 'A29D', 'B31C', 'C32D', 'A84C', 'B85D', 'A97C', 'B141D', 'D143A', 'B146C', 'D152B', 'D158C', 'B164C', 'C176D', 'D177B', 'C181D', 'C183D']	18	-4.259989	-2.1360362	-4.0412335	0.21875525
DDCCCCBACDDCADCDBDCCBBABCABADDBCCDCDDACDCBDADDDABDCDDDBACBABBCCCCCCDDBABDCCADBCDBACCBBDBDBAADCADDACCDADDDDDDCDDBDBDBBDCBADDBCDDDCCDCCDCBDDBABBDDDBACADDBBACDCDACDDBCDBDDDCCACDBCBDDBDBDCCDDC	['D3C', 'D22B', 'A29D', 'A37D', 'A84C', 'A97D', 'B104D', 'D152B', 'D159A', 'B164C', 'D173C', 'D177B', 'C181D', 'C183D']	14	-4.1074753	-2.1419203	-3.8946056	0.21286964
BDCCCCBACDDCADCDBDCCBDABCABADDBCCDCDAACDCBDADDDABDCDDDBACBABBCCCCCCCDBABDCCADBCABACCBBDBDBAADCADAACCDADBDDDDCDDBDBDBBDCBADDBCDDBCCDCCDCBDDCADBDDDCACADDDBACDCCDCDBBBBBDDDDCDCDBCCDDCBBCCADDC	['D1B', 'D3C', 'A29D', 'D68C', 'D80A', 'A84C', 'D128B', 'B139C', 'B141D', 'B146C', 'D158C', 'D162B', 'D165B', 'C170D', 'A172D', 'D173C', 'D177C', 'B180C', 'C181B', 'C185A']	20	-2.1429067	-3.0300562	-2.8181753	0.21188092
DDDCCCBACDDCADCDBDCCBDADCACAABBCCDCDCADDCBDADDDABDCDDDBACBABBCCCCCCDDBABDCCAACCABACACBDBDBAADCADAACCDADBDDDDCDDBCBDBBDCBADDBCDCDCCDCCDCBDDAABBADDCACADDBBACDCDDCDABBDBDDDCCADDBDDDDBABCCCDDC	['B24D', 'B27C', 'D30B', 'A37C', 'C39D', 'D77A', 'B78C', 'D80A', 'B85C', 'D113C', 'D127C', 'B139A', 'D143A', 'B146C', 'D152B', 'D162A', 'C176D', 'C181A']	18	-4.7735505	-2.1431477	-4.561907	0.2116437
DDDCCCBACDACADCDBDCCBDABCABADDBDCDCDAACDCBDADDDABDCDDDBACBABBCCCCCCDDBABDCCADBCDBACCBBDBDBAADCADCACCDADBDDDDCDDBDBDBBDCDADDBCDDDCCDCCDCBDDDABBDDDCACADADBACDCDDCDDBBDBDDDCCAADBDADDBDBCCCDDC	['D11A', 'A29D', 'C32D', 'A84C', 'A97C', 'B120D', 'B139D', 'B146C', 'D151A', 'D173A', 'C176D', 'D177A', 'C181D']	13	-4.9168005	-2.151457	-4.713467	0.20333338
DDDCCCBACDDCADCDBDCCBDABCABACDCCCDCDDADDCBDADDDABDCDDDBACBABBCCCCCCDDBABDCCAABCABACACBDBDBAADCADCACCDADADDDDCDDBCBDBBDCBADDBCDDDCCDCCDCBDDBCBBDDDCACADDDBACDCDDCDABBDBDDCCCAADBDDDDBDBCCCDDC	['A29C', 'B31C', 'A37D', 'C39D', 'D77A', 'D80A', 'B85C', 'A97C', 'B104A', 'D113C', 'A140C', 'B146C', 'D162A', 'D169C', 'D173A', 'C176D', 'C181D']	17	-4.676219	-2.1520364	-4.473465	0.20275402
DDCCCCBACDDCADCDBDCCBDABCABADDBDCDCDAACDCBDADDDABDCDDDBACBABBCCCCCCDDBABDCCADBCDBACCBBDBDBAADCADCACCDADBDDDDCDDBDBDBBDCBADDBCDDDCCDCCDDBDDBCBBADDCACADDBBACDCDDCDDBBDBDDDCCADDBCBDDBDBCCCDDC	['D3C', 'A29D', 'C32D', 'A84C', 'A97C', 'C135D', 'A140C', 'D143A', 'B146C', 'D152B', 'D177B', 'C181D']	12	-4.448933	-2.1586068	-4.2527523	0.19618082
DDDCCCBACDDCADCDBDCCBDABCABAADBCCDCDAACDCBDADDDABDCDDDBACBABBCCCCCCDDBABDCCADBCDBACABBDBDBAADCADAACCDADDDDDDCDDBDBDBBDCBADDBCDDDCCDCCDCBDDAABBDDDCACADDBBACDCDDCDDBBDBDDDCCACDBCDDDBCBCCCDDC	['B104D', 'B139A', 'B146C', 'D152B', 'D173C']	5	-4.7559853	-2.1595337	-4.5607285	0.19525671
DDDCCCBACDDCADCDBDCCBBABCABAADBCCDCDAACDCBDADDDABDCDDDBACBABBCCCCCCDDBABDCCADBCDBACCBBDBDBAADCADAACCDADDDDDDCDDBDBDBBDCBADDBCDDDCCDCCDCBDDBABBDDDBACADDBBACDCDDCDBBBDADDDCCADDBCADDBCBCCCDDC	['D22B', 'A84C', 'B104D', 'D152B', 'D162B', 'B166A', 'D177A']	7	-4.699803	-2.1603615	-4.505374	0.19442892
DDDCCCBACDDCADCDBDCCBBABCABADDBDCDCDAACDCBDADDDABDCDDDBACBABBCCCCCCDDBABDCCADBCDBACCDBDBDBAADCADAACCDADDDDDDCDDBDBDBBDCBADDBCDDBCCDCCDCBDDBADBADDCACADDBBACDCDDCDABBDBDDDCCACDBCBDDBABCCCDDC	['D22B', 'A29D', 'C32D', 'A84C', 'B85D', 'B104D', 'D128B', 'B141D', 'D143A', 'B146C', 'D152B', 'D162A', 'D173C', 'D177B', 'C181A']	15	-4.182726	-2.1649382	-3.9928765	0.18984938
BDDCCCBACDDCADCDBDCCBBABCABADDCDCDCDAACDCBDADDDABDCDDDBACBABBCCCCCCDDCABDCCADBCABAABCBDBDBAADCADCACCDADADDDDCDDBDBDBBDCBADDBCDDBCCDCCDCBDDAADBADDCACADDBBACDCDDCDDBBDBDDDCCADDBDDDDBDBDCCDDC	['D1B', 'D22B', 'A29D', 'B31C', 'C32D', 'B70C', 'D80A', 'C83A', 'A84B', 'B85C', 'A97C', 'B104A', 'D128B', 'B139A', 'B141D', 'D143A', 'B146C', 'D152B', 'C176D', 'C181D', 'C183D']	21	-4.8239245	-2.1658757	-4.635012	0.18891239
DDCCCCBACDDCADCDBDCCBDABCABADDBCCDCDAACDCBDADDDABDCDDDBACBABBCCCCCCDDBABDCCADBCDBACCBBDBDBAADCADDACCDADBDDDDCDDBDBDBBDCBADDBCDDDCCDCCDCBDDDCBBDDDCACADDDBACDCDDCDABBDBDDBCCADDBCCDDBCBCCCDDC	['D3C', 'A29D', 'A84C', 'A97D', 'B139D', 'A140C', 'B146C', 'D162A', 'D169B', 'D177C']	10	-4.01197	-2.1668856	-3.824068	0.18790197
DCDCCCBACDDCADCDBDCCBDABCABAADBCCDCDAACDCBDADDDABDCDDDBACBABBCCCCCCDDBABDCCADBCDBACACBDBDBAADCADAACCDADBDDDDCDDBDBDBBDCBADDBCDDDCCDCCDCCDDBADBDDDCACADDBBACDCDDCDDBBDBDDBCCADDBCDDDBCBCCCDDC	['D2C', 'B85C', 'B136C', 'B141D', 'B146C', 'D152B', 'D169B']	7	-4.235671	-2.169117	-4.049996	0.18567514
DDDCCCBACDDCADCDBDCCBDABCABAADBCCDCDAACDCBDADDDABDCDDDBACBABBCCCCCCBDCABDCCADBCDBACDBBDBDBAADCADCACCDADBDDDDCDDBDBDBBDCDADDBDDDCCCDCCDCBDDBDBBDDDCACADDBBACDCDDCDABCDBDDDCCADDBDDDDBCBCCCDDC	['D68B', 'B70C', 'A84D', 'A97C', 'B120D', 'C125D', 'D128C', 'A140D', 'B146C', 'D152B', 'D162A', 'B164C', 'C176D']	13	-6.3121023	-2.1696298	-6.126943	0.1851592
DDDCCCBACDDCADCDBDCCBBABCBBAADBCCDCDAACDCBDADDDABDCDDDBACBABBCCCCCCDDBABDCCADBCDBACDBBDBDBAADCADCACBDADDDDDDCDDBDBDBBDCBADDBCDDDCCDCCDCBDDABBDDDDBACADDBBACDCDDCDABBDBDDBCCADDBCADDBCBCCCDDC	['D22B', 'A26B', 'A84D', 'A97C', 'C100B', 'B104D', 'B139A', 'A140B', 'B142D', 'D152B', 'D162A', 'D169B', 'D177A']	13	-4.9489703	-2.1704204	-4.764598	0.18437243
DDDCCCBACDDCADCDBDCCBDABCABADDBDCDCDAACDCBDADDDABDCDDDBBCBABBCCDCCCDDBABDCCADBCDBACCBBDBDBAADCADCACCDADBDDDDCDDBDBDBBDCBADDBCDDDCCDCCDCBDDBADBDDDCACADDDBACDCDDCDABBDCDDBCCADDBCDDDCDBCCCDDC	['A29D', 'C32D', 'A56B', 'C64D', 'A84C', 'A97C', 'B141D', 'B146C', 'D162A', 'B166C', 'D169B', 'B180C', 'C181D']	13	-4.812338	-2.1714404	-4.6289845	0.18335342
DDCCCCBACDDCADCDBDCCBDADCABADDBCCDCDAACDCBDADDDABDCDDDBACBABBCCCCCCBDBABDCCADBCDBACABBDBDBAADCADAACCDADBDDDDCDDBDBDBBDCBADDBCDDDCCDCCDCBDDADBBDDDCACADDBBACDCDDCDDBCDBDDBCCACDBCCDDBCBCCCDDC	['D3C', 'B24D', 'A29D', 'D68B', 'B139A', 'A140D', 'B146C', 'D152B', 'B164C', 'D169B', 'D173C', 'D177C']	12	-3.8477173	-2.1741047	-3.6670313	0.180686
DDDCCCBACDACADCDBDCCBDABCABAADBCCDCDAACDCBDADDDABDCDDDBACBACBCCCCACDDBABDCCADBCDBACACBDBDBAADCADBACCDADCDDDDCDDBDBDBBDCBADDCCDDDCCCCDDCBDDADBBDDDCACADDBBACDCDDCDAABDDDDBCCADDBDDDDBCBCCCDDC	['D11A', 'B60C', 'C66A', 'B85C', 'A97B', 'B104C', 'B124C', 'D131C', 'C133D', 'B139A', 'A140D', 'B146C', 'D152B', 'D162A', 'B163A', 'B166D', 'D169B', 'C176D']	18	-5.1597767	-2.1750672	-4.980055	0.17972183
DDCCBBBACDDCADCDBDCCBDABCABCDDCCCDCDAACDCBDADDDABDCDDDBACBABBCCCCCCDDBABACCADBCABACCCBDBDBAADCADCACCDADBDDDDCDDBDBDBBDCBADDBCDDDCCDCCDCBDDBABBDDDBACADDBBACDCDDCDABBDBDDDDCBCDBCCDDBBBCCCDDC	['D3C', 'C5B', 'C6B', 'A28C', 'A29D', 'B31C', 'D73A', 'D80A', 'A84C', 'B85C', 'A97C', 'D152B', 'D162A', 'C170D', 'A172B', 'D173C', 'D177C', 'C181B']	18	-3.534554	-2.1752088	-3.3549762	0.17957783
DDDCCCBACBDCADCDBDCCBDABCABADDBDCDCDAACDCBDADDDABDCDDDBACBADBCCCCCCDDBABDCCADBCDBACACBDBDBAADCADAACCDADBDDDDCDDBDBDBBDCBADDBCDDBCCDCCDCBDDAABBDDDCACADDBBACDCDDCDABBDBDDDCCAADBCDDDBCBCCCDDC	['D10B', 'A29D', 'C32D', 'B60D', 'B85C', 'D128B', 'B139A', 'B146C', 'D152B', 'D162A', 'D173A']	11	-4.316995	-2.1765363	-4.1387434	0.17825174
DDDCCCBACDDCADADBDCCBBABCABAADBCCDCDAACDCBDADDDABDCDDDBACBABBCCCCCCDDBABDCCADBCDBACCBBDBDBAADCADAACCDADBDDDDCDDBDBDBBDCBADDBCDDDCCDCCDCBDDACBBDDDBACADDBBACDCDDCDDBBDBDDDCCADDBCDDDBCBCCCDDC	['C15A', 'D22B', 'A84C', 'B139A', 'A140C', 'D152B']	6	-5.091716	-2.1787694	-4.915694	0.17602158
DDCCBABACDDCADCDBDCCBDABCABADBBCCDCCAACDCBDADDDABDCDDDBACBABBCCCCCCDDBABDCCADBCABACCBBDBDBAADCADCACCDADBDDDDCDDBDBDBBDCBADDCCDDBCCDCCDCBDDBABBADDCACADDBBACDCCDCDABBDBDDDCCDDDBCCDDBBBCCCDDC	['D3C', 'C5B', 'C6A', 'A29D', 'D30B', 'D36C', 'D80A', 'A84C', 'A97C', 'B124C', 'D128B', 'D143A', 'B146C', 'D152B', 'D158C', 'D162A', 'A172D', 'D177C', 'C181B']	19	-4.024385	-2.179209	-3.8488088	0.17557621
DDCCBABACDDCADCDBDCCBDABCABADDCCCDCDDADDCBDADDDDBDCDDDBBCBABBCCCCCCADBCBDCCADBCDBACCBBDBDBAADCADBACCDADBDDDDCDDBDBDBBDCBADDBCDDDCCDCCDCDDDAABBDDDCACADADBACDCDDCDDBCDBDDDCCDCDBCCDDBCBCCCDDC	['D3C', 'C5B', 'C6A', 'A29D', 'B31C', 'A37D', 'C39D', 'A48D', 'A56B', 'D68A', 'A71C', 'A84C', 'A97B', 'B136D', 'B139A', 'B146C', 'D151A', 'B164C', 'A172D', 'D173C', 'D177C']	21	-3.5871456	-2.1801813	-3.4125376	0.17460799
BDCCDCBACDDCADCDBDCCBDABCABACDBCCDCDAACDCBDADDDABCCDDDBACBACBCCCCCDDDBABDCCADBCDBACABBDBDBAADCADAACCDADBDDDDCDDBDBDBBDCBADDBCDDDCCDCCDCBDDAABBADDCACADDBBACDCDDCDDBBDBDDDCCDADBCCDDBCBCCCDDC	['D1B', 'D3C', 'C5D', 'A29C', 'D50C', 'B60C', 'C67D', 'B139A', 'D143A', 'B146C', 'D152B', 'A172D', 'D173A', 'D177C']	14	-5.338872	-2.1802075	-5.1642914	0.17458057
DDDCCCBACDDCADCDBDCCBBABCABADDBDCDCDAACDCBDADDDABDCDDDBACBABBCCCCCCDDBABDCCADBCDBACBBBDBDBAADCADAACCDADBDDDDCDDBDBDBBDCBADDBCDDDCCDCCDCBDDAABBDDDBACADDBBACDCDDCDDBBDADDDCCADDBDDDDBDBCCCDDC	['D22B', 'A29D', 'C32D', 'A84B', 'B139A', 'D152B', 'B166A', 'C176D', 'C181D']	9	-4.083996	-2.1803305	-3.909534	0.17446184
DDCCCCBACDDCADCDBDCCBBABCABADDCCCDCDAACDCBDADDDABBCDDDBACBABBCCCCCCDDCABDCCADBCDBACACBDBDBAADCADBACCDADBDDDDCDDBCBDBBDCBADDBCDDDCCDCCDCBDDBDDBDDDCACADDDBACDCDDCDDBCDBDDDCCAADBDBDDBDBCCCDDC	['D3C', 'D22B', 'A29D', 'B31C', 'D50B', 'B70C', 'B85C', 'A97B', 'D113C', 'A140D', 'B141D', 'B146C', 'B164C', 'D173A', 'C176D', 'D177B', 'C181D']	17	-4.041209	-2.184581	-3.8709984	0.17021084
BDDCCCBACDDCADCDBDCCBBABCCBADDADCDCDAACDCBDADDDABDCDDDBACBABBCCBCCCCDBABDCCADBCABACCCBDBDBAADCADCACCDADDDDDDCDDBDBDBBDCBADDBCDDDCCDCCDCBDDBADBDDDCACABDDBACDCDCCDABBDBDDDCCAADBDBDDBABCCCDAC	['D1B', 'D22B', 'A26C', 'A29D', 'B31A', 'C32D', 'C64B', 'D68C', 'D80A', 'A84C', 'B85C', 'A97C', 'B104D', 'B141D', 'B146C', 'D150B', 'D159C', 'D162A', 'D173A', 'C176D', 'D177B', 'C181A', 'D187A']	23	-5.284655	-2.18479	-5.1146545	0.17000055
DDCCCCBACDDCADCDBDCCBBABCABAADBCCDCDAACDCBDADDDABDCDDDBACBABBCCCCCCDDBABDCCADBCABACCBBDBDBAADCADCACCDADBDDDDCDDBDBDBBDCBADDBCDDDCCCCCDCDDDBABBDDDCACADDDBACDCCDCDABBDBDDBCCACDBDBDDBCBCCCDDC	['D3C', 'D22B', 'D80A', 'A84C', 'A97C', 'D131C', 'B136D', 'B146C', 'D158C', 'D162A', 'D169B', 'D173C', 'C176D', 'D177B']	14	-4.7319345	-2.1853883	-4.5625315	0.16940308
DDCCCBBACDDCADCDBDCCBDABCABADDBCCDCDAACDCBDADDDABDCDDDBACBACBCCCCCCDDBABDCCADBCDBACCDBDBDBAADCADCACCDADBDDDDCDDBDBDBBDCBADDBCDDDCCDCCDCBDDBAABDDDCACADDBBACDCDDCDDBBDBDDDDCACDBCCDDBBBCCCDDC	['D3C', 'C6B', 'A29D', 'B60C', 'A84C', 'B85D', 'A97C', 'B141A', 'B146C', 'D152B', 'C170D', 'D173C', 'D177C', 'C181B']	14	-4.319561	-2.1870377	-4.1518097	0.16775131
DDDBCCBACDDCADCDBDCCBDABCACAACBDCDCDCADDCBDADDDABDCDDDBACBABBCCCCCCADBABDCCADCCABACCBDABDBAADCADCACCDADBDDDDCDDBCBDBBDCBADDBCDDBCCDCCDBBDDBABBDDDBACADDBBACDCDDCDDBBDBDDDCCADDBDDDDBCBCCCDDC	['C4B', 'B27C', 'D30C', 'C32D', 'A37C', 'C39D', 'D68A', 'B78C', 'D80A', 'A84C', 'B86D', 'D87A', 'A97C', 'D113C', 'D128B', 'C135B', 'D152B', 'C176D']	18	-4.6710234	-2.1871693	-4.5034	0.16762352
BDDCCCBACDDCADCDBDCCBDABCABADDADCDCDAACDCBDADDDABDCDDDBACBABBCCCCCCDDBABDCCADBCABACCBBDBDBAADCADCACCDADBDDDDCDDBDBDBBDCBADDBCDDDCCDCCDCBDDBABBDDDBACADDBBACDCDDCDDBBDBDDDDCACDBDBDDBDBCCCDDC	['D1B', 'A29D', 'B31A', 'C32D', 'D80A', 'A84C', 'A97C', 'D152B', 'C170D', 'D173C', 'C176D', 'D177B', 'C181D']	13	-4.1406927	-2.1905096	-3.9764132	0.16427946
DDDCCCBACDDCADCDBDCCBDABCABADDADCDCDAACDCBDADDDABDCDDDBACBABBCCACCCDDBABDCCADBCABACACBDBDBAADCADCACBDADBDDDDCDDBDBDBBDCBADDBCDDDCCDCCDCBDDAADBDDDCACADDDBACDCCDCDDBCDBDDDCCACDBDBDDBDBCCCDDC	['A29D', 'B31A', 'C32D', 'C64A', 'D80A', 'B85C', 'A97C', 'C100B', 'B139A', 'B141D', 'B146C', 'D158C', 'B164C', 'D173C', 'C176D', 'D177B', 'C181D']	17	-2.624155	-2.1914747	-2.4608383	0.16331673
DDDCCCBACDDCADCDBDCCBDABCABADBBDCDCDAACDCBDADDDABDCDDDBACBABBBCCCCCDDBABDCCADBCDBACCCBDBDBAADCADCACCDADBDDDDCDDBDBDBBDCBADDBCDDDCCDCCDCBDDBADBDDDCACADDDBACDCDDCDDBCDBDDDCCADDBCCDDBABDCCDDC	['A29D', 'D30B', 'C32D', 'C62B', 'A84C', 'B85C', 'A97C', 'B141D', 'B146C', 'B164C', 'D177C', 'C181A', 'C183D']	13	-5.391572	-2.1933672	-5.2301464	0.16142559
DDCCCCBACDDCADCDBDCCBDABCABAADBCCDCBAACDCBDABDDABDCDDDBACBABBCCCCCCDDBABDCCADBCDBACDBBDBDBAADCADAACCDADDDDDDCDDBDBDBBDCBADDBCDDDCCDCCDDBDDACBBADDCACADDBBACDCDDCDABBDBDDDDCDCDBCCDDBCBCCCDDC	['D3C', 'D36B', 'D45B', 'A84D', 'B104D', 'C135D', 'B139A', 'A140C', 'D143A', 'B146C', 'D152B', 'D162A', 'C170D', 'A172D', 'D173C', 'D177C']	16	-4.3186417	-2.193558	-4.157414	0.1612277
DDDCCCBACDDCADCDBDCCBDABCABADDBDCDCDDADDCBDADDDABDCDDDBACBABBCCCCCCDDBABDCCADBCABACCCBDBDBAADCADCACCDADBDDDDCDDBDBDBBDCBADDBCDDDCCDCCDCBDDAADBDDDCACADDDBACDCDDCDCBCDBDDDCCADDBDBDDBDBCCCDDC	['A29D', 'C32D', 'A37D', 'C39D', 'D80A', 'A84C', 'B85C', 'A97C', 'B139A', 'B141D', 'B146C', 'D162C', 'B164C', 'C176D', 'D177B', 'C181D']	16	-3.2201612	-2.1951034	-3.0604715	0.15968966
DDCCDCBACDDCADCDBDCCBDABCABADDBCCDCDAACDCBDADDDABDCDDDBACBABBCCACCCDDBABDCCADBCDBACCBBDBDBAADCADAACCDADBDDDDCDDBDBDBBDCBADDBCDDDCCDCCDCBDDBADBDDDCACADDDBACDCDDCDABCDBDDBCCDCDBCCDDBCBCCCDDC	['D3C', 'C5D', 'A29D', 'C64A', 'A84C', 'B141D', 'B146C', 'D162A', 'B164C', 'D169B', 'A172D', 'D173C', 'D177C']	13	-3.460504	-2.1962779	-3.3019934	0.15851068
BDCCCBBACDDCADCDBDCCBDABCABACBADCDCCAACDCBDADDDABDCDDDBACBABBCCCCCCDDBABDCCADBCABACCBBDBDBAADCADCACCDADDDDDDCDDBDBDBBDCBADDCCDDDCCDCCDCBDDCCBBDDDCACADDDBACDCDDCDABBBBDDDCCDDDBCCDDBABCCADDC	['D1B', 'D3C', 'C6B', 'A29C', 'D30B', 'B31A', 'C32D', 'D36C', 'D80A', 'A84C', 'A97C', 'B104D', 'B124C', 'B139C', 'A140C', 'B146C', 'D162A', 'D165B', 'A172D', 'D177C', 'C181A', 'C185A']	22	-3.9500427	-2.2003548	-3.7956104	0.1544323
DDCCCCBACDDCADCDBDCCBBABCABADDADCDCCAACDCBDADDDABDCDDDBACBABBCCCCCCDDBABDCCADBCDBACCBBDBDBAADCADCACCDADBDDDDCDDBBBDBBDCBADDBCDDDCCDCCDCBDDBABBDDDCACADDDBACDCDDCDDBBDBDDDCCADDBCBDDCDBCCCDDC	['D3C', 'D22B', 'A29D', 'B31A', 'C32D', 'D36C', 'A84C', 'A97C', 'D113B', 'B146C', 'D177B', 'B180C', 'C181D']	13	-3.6759326	-2.2017295	-3.5228682	0.15306449
DDCCCBBACDDCADCDBDCCBDABCABAADBCCDCDDADDCBDADDDABDCDDDBACBACBCCCCCCDDCABDCCADBCABACCCBDBDBAADCADAACCDADBDDDDCDDBDBDBBDCBADDACDDDCCDCCDCBDDBABBDDDCACADDBBACDCDDCDABBCBDDDCCDDDBCCDDBCBDCCDDC	['D3C', 'C6B', 'A37D', 'C39D', 'B60C', 'B70C', 'D80A', 'A84C', 'B85C', 'B124A', 'B146C', 'D152B', 'D162A', 'D165C', 'A172D', 'D177C', 'C183D']	17	-5.3624086	-2.2029216	-5.2105474	0.15186119
DDDCCCBACCDCADCDBDCCBDABCABAADBCCDCDAACDCBDADDDABDCDDDBACBABBCCCCCCDDBABDCCADBCDBACCCBDBDBAADCADBACCDADBDDDDCDDBDBDBBDCBADDBCDDDCCDCCDDBDDDABBDDDCACADDDBACDCDDCDABBDBDDDCCADDBCDDDBCBCCCDDC	['D10C', 'A84C', 'B85C', 'A97B', 'C135D', 'B139D', 'B146C', 'D162A']	8	-5.0631022	-2.205352	-4.9136653	0.14943695
DDCCBABACDACADCDBDCCBDABCABADDBCCDCCBACDCBDADDDABDCDDDBACBABBCCCCCCDDBABDCCAABCABACCBBDBDBAADCADAACCDADBDDDDCDDBDBDBBDCBADDCCDDDCCDCCBCBDDBABBADDCACADDBBACDCDDCDDBCDBDDCCCDADBCCDDBBBCCCDDC	['D3C', 'C5B', 'C6A', 'D11A', 'A29D', 'D36C', 'A37B', 'D77A', 'D80A', 'A84C', 'B124C', 'D134B', 'D143A', 'B146C', 'D152B', 'B164C', 'D169C', 'A172D', 'D173A', 'D177C', 'C181B']	21	-3.7265687	-2.206713	-3.5784945	0.14807415
BDCCCCBACDDCADCDBDCCBDABCABACDCCCDCDDACDCBDADDDABDCDDDBACBABBCCCCCCDDBABDCCADBCABACACBDBDBAADCADCACCBADCDDDDCDDBDBDBBDCBADDBCDDDCCDCCDCBDDDABBDDDCACADDDBACDCCDCDDBBDBDDDCCDCDBCCDDBBBCCADDC	['D1B', 'D3C', 'A29C', 'B31C', 'A37D', 'D80A', 'B85C', 'A97C', 'D101B', 'B104C', 'B139D', 'B146C', 'D158C', 'A172D', 'D173C', 'D177C', 'C181B', 'C185A']	18	-3.4248874	-2.2075307	-3.2776299	0.14725757
DDDCCCBACDDCADCDBDCCBDADCABAADBCCDCDCACDCBDABDDABDCDDDBACBABBCCCCCCDDBABDCCADBCDBADCBBDBDBAADCADBACCDADBDDDDCDDBDBDBBDCBADDACDDDCCDCCDCBDDBABBDDDCACADDBBACDCCDCDDBBDBDDDCCAADBCADDBCBCCCDDC	['B24D', 'A37C', 'D45B', 'C83D', 'A84C', 'A97B', 'B124A', 'B146C', 'D152B', 'D158C', 'D173A', 'D177A']	12	-5.627857	-2.2085493	-5.4816184	0.1462388
DDDCCCBACDDCADCDBDCCBBABCABAADBCCDCDAACDCBDADDDABDCDDDBACBABBCCCCCCCDBABDCCADBCDBACACBDBDBAADCADCACCDADCDDDDCDDBDBDBBDCBADDBCDDDCCDCCDCBDDBABBDDDCACADDBBACDCDDCDDBBDBDDDCCACDBCDDDBCBDCCDDC	['D22B', 'D68C', 'B85C', 'A97C', 'B104C', 'B146C', 'D152B', 'D173C', 'C183D']	9	-4.96936	-2.2092226	-4.8237886	0.14557123
BDCCCCBACDDCADCDBDCCBDABCDBADDBDCDCBAACDCBDADDDABDCDDDBACBABBDCCCCCDDBABDCCADBCABACCDBDBDBAADCADDACCDADDDDDDCDDBDBDBBDCBADDBCADDCCDCCDCBDDAADBDDDCACADDBBACDCDDCDABCDBDDBCCADDBCCDDCABCCCDDC	['D1B', 'D3C', 'A26D', 'A29D', 'C32D', 'D36B', 'C62D', 'D80A', 'A84C', 'B85D', 'A97D', 'B104D', 'D126A', 'B139A', 'B141D', 'B146C', 'D152B', 'D162A', 'B164C', 'D169B', 'D177C', 'B180C', 'C181A']	23	-3.2784808	-2.2094948	-3.1331863	0.14529443
DDDCCCBACDDCADCDBDCCBDABCABAADBCCDCDAACDCBDADDDABDCDDDBACBABBCCACCCDDBABDCCADBCDBACACBDBDBAADCAAAACCDADBDDDDCDDBDBDBBDCBABDBCDDDCCDCCDCCDDAABBDDDBACADDBBACDCDDCDBBBDADABCCACDBCDDDBCBCCCDDC	['C64A', 'B85C', 'D96A', 'D122B', 'B136C', 'B139A', 'D152B', 'D162B', 'B166A', 'D168A', 'D169B', 'D173C']	12	-4.690469	-2.2099001	-4.545579	0.14488983
DDCCCBBACDDCADCDBDCCBDABCABADBBCCDCBAACDCBDADDDABDCDDDBACBABBCCACCCDDBABDCCADBCDBACCBBDBDBAADCADCACCDADBDDDDCDDBDBDBBDCBADDBCDDDCCDCCDCBBDBABBDDDCACADDDBACDCDDCDABCDBDDDCCDCDBCCDDBABCCCDDC	['D3C', 'C6B', 'A29D', 'D30B', 'D36B', 'C64A', 'A84C', 'A97C', 'D137B', 'B146C', 'D162A', 'B164C', 'A172D', 'D173C', 'D177C', 'C181A']	16	-4.064145	-2.2108014	-3.9201584	0.1439867
DDDCCCBACDDCADCDBDCCBDABCBBADDBDCDCDAACDCBDADDDABDCDDDBACBACBCCCCCCDDBABDCCADBCDBACACBDBDBAADCADCACCDADBDDDDCDDBDBDBBDCBADDBCDDDCCDCCDCBDDAABBDDDCACADDBBACDCDDCDDBBDBDDDCCADDBDDDDBDBCCCDDC	['A26B', 'A29D', 'C32D', 'B60C', 'B85C', 'A97C', 'B139A', 'B146C', 'D152B', 'C176D', 'C181D']	11	-4.8794594	-2.2109244	-4.735592	0.1438675
BDCCCBBACDDCADCDBDCCBBABCABADDADCDCDDACDCBDADDDABDCDDDBACBACBCCCCCCDDBABDCCADBCABAACBBDBDBAADCADAACCDADDDDDDCDDBDBDBBDCDADDCCDDDCCDCCDCDDDAABBADDCACADDBBACDCDDCDDBBBBDDBDCDCDBCCDDBABCCADDC	['D1B', 'D3C', 'C6B', 'D22B', 'A29D', 'B31A', 'C32D', 'A37D', 'B60C', 'D80A', 'C83A', 'A84C', 'B104D', 'B120D', 'B124C', 'B136D', 'B139A', 'D143A', 'B146C', 'D152B', 'D165B', 'D169B', 'C170D', 'A172D', 'D173C', 'D177C', 'C181A', 'C185A']	28	-5.0934653	-2.214061	-4.9527373	0.140728
DDDCCCBACDDCADCDBDCCBBABCACADDCDCDCDCACDCBDADDDABDCDDDBACBABBCCBCCCDDBABDCCADCCABACCCBDBDBAADCADAACCDADDDDDDCDDBCBDBBDCBADDDCDDDCCDCCDCDBDBCBDDDDBACADDBBACDCCDCDDBBDBDDDCCADDBDDDDBDBCCCDDC	['D22B', 'B27C', 'A29D', 'B31C', 'C32D', 'A37C', 'C64B', 'B78C', 'D80A', 'A84C', 'B85C', 'B104D', 'D113C', 'B124D', 'B136D', 'D137B', 'A140C', 'B142D', 'D152B', 'D158C', 'C176D', 'C181D']	22	-3.8348083	-2.2172554	-3.6972733	0.1375351
DDCCDBBACDDCADCDBDCCBDABCABADDCCCDCDAACDCBDADDDABDCDDDBACBADBCCCCCCDDBABDCCADBCABACACBDBDBAADCADAACBDADBDDDDCDDBDBDBBDCBADDBCDDBCCDCCDABDDDABBDDDBACADDDBACDCCDCDABBDBDDDBCDCDBCCDDBCBCCCDDC	['D3C', 'C5D', 'C6B', 'A29D', 'B31C', 'B60D', 'D80A', 'B85C', 'C100B', 'D128B', 'C135A', 'B139D', 'D158C', 'D162A', 'C170B', 'A172D', 'D173C', 'D177C']	18	-2.2205153	-3.469548	-3.3352795	0.13426852
DDCCDBBACDDCADCDBDCCBDABCABADDBCCDCBAACDCBDADDDABDCDDDBACBABBCCACCCDDBABDCCADBCABACCBBDBDBAADCADCACCDADBDDDDCDDBDBDBBDCBADDBCDDDCCDCCDCBDDAADBDDDCACADDABACDCCDCDABBCBDDDDCDCDBCBDDBBBCCCDDC	['D3C', 'C5D', 'C6B', 'A29D', 'D36B', 'C64A', 'D80A', 'A84C', 'A97C', 'B139A', 'B141D', 'B146C', 'D152A', 'D158C', 'D162A', 'D165C', 'C170D', 'A172D', 'D173C', 'D177B', 'C181B']	21	-3.160493	-2.2223327	-3.028037	0.13245583
DDDCCCBACCDCADADBDCCBDABCABAADBCCDCDAACDCBDADDDABDCDDDBACBABBCCCCCCDDBABDCCADBCDBACACBDBDBAADCADAACCDADBDDDDCDDBDBDBBDCBADDBCDDDCCDCCDCBDDBCBBDDDCACADDBBACDCDDCDDBBDBDDDCCACDBCDDDBCBCCCDDC	['D10C', 'C15A', 'B85C', 'A140C', 'B146C', 'D152B', 'D173C']	7	-4.8639593	-2.223357	-4.732529	0.13143015
BDCCDBBACDDCADCDBDCCBDABCABADDBCCDCBAACDCBDADDDABDCDDDBACBABBCCACCCDDBABACCADBCABACCBBDBDBAADCADCACCDADBDDDDCDDBDBDBBDCBADDBCDDDCCDCCDCBDDBABBDDDCACADAABACDCABCDABBCBCDDDCDCDBCCDDBBBCCADDC	['D1B', 'D3C', 'C5D', 'C6B', 'A29D', 'D36B', 'C64A', 'D73A', 'D80A', 'A84C', 'A97C', 'B146C', 'D151A', 'D152A', 'D158A', 'D159B', 'D162A', 'D165C', 'D167C', 'C170D', 'A172D', 'D173C', 'D177C', 'C181B', 'C185A']	25	-4.0379148	-2.2281802	-3.9113078	0.12660694
DDDCCCBACDDCADCDBDCCBDABCABADDCDCDCDAACDCBDADDDABDCDDDBACBABBCCCCCCDDBABDCCADBCDBACCBBDBDBAADCADCACCDADBDDDDCDDBDBDBBDCBADDBCDDDCCDCCDDDBDBABBDDDCACADDDBACDCDBCDABBCBDDDCCACDBCBDDCDBCCCDDC	['A29D', 'B31C', 'C32D', 'A84C', 'A97C', 'C135D', 'B136D', 'D137B', 'B146C', 'D159B', 'D162A', 'D165C', 'D173C', 'D177B', 'B180C', 'C181D']	16	-4.326336	-2.2327435	-4.2042904	0.12204552
BDCCCCBACDDCADCDBDCCBDABCABAADBCCDCDDADDCBDADDDABDCDDDBACBABBCCACCCDDBABDCCADBCDBACABBDBDBAADCADCACCDADBDDDDCDDBDBDBBDCBADDBCDDBCCDCCDCBDDBABBDDDCACADDDBACDCDDCDDBBDBDDDCCDDDBCCDDBCBCCCDDC	['D1B', 'D3C', 'A37D', 'C39D', 'C64A', 'A97C', 'D128B', 'B146C', 'A172D', 'D177C']	10	-4.080049	-2.236101	-3.961361	0.11868811
DDDCCCBACDDCADCDBDCCBBAACABADDCDCDCDCACDCBDADDDABDCDDDBACBABBCCCCCCDDBABDCCADBCDBACABBDBDBAADBADAACCDADDDDDDCDDBDBDBBDCBADDBCDDDCCDCCDCBDDBABBDDDCACADDDBACDCDDCDDBCDBDDDCCADDBDBDDBDBCCCDDC	['D22B', 'B24A', 'A29D', 'B31C', 'C32D', 'A37C', 'C94B', 'B104D', 'B146C', 'B164C', 'C176D', 'D177B', 'C181D']	13	-3.9601743	-2.2374723	-3.8428555	0.11731887
DDDCCCBACDDCADCDBDCCBDABCABAADBCCDCDAACDCBDADDDABDCDDDBACBABBCCCCCCDDBABDCCADBCDBACACBDBDBAADCADAACCDADBDDDDCDDBDBDBBDCBADDBCDDACCDCCDCBDDBACBDDDCACADABBACDCDDCDDBBDBDDBCCACDBCDDDBCBCCCDDC	['B85C', 'D128A', 'B141C', 'B146C', 'D151A', 'D152B', 'D169B', 'D173C']	8	-4.898996	-2.237511	-4.7817163	0.11727953
DDCCBBBACDDCADCDBDCCBDABCABADDCCCDCDBACDCBDADDDABDCDDDBACBABBCCCCCCDDBABACCADBCABADCBBDBDBAADCADAACCDADBDDDDCDDBDBDBBDCBADDBCDDDCCDCCDCADDAADBADDCACADDBBACDCCDCDABBBBDDBDCDCDBCCDDBCBDCCDDC	['D3C', 'C5B', 'C6B', 'A29D', 'B31C', 'A37B', 'D73A', 'D80A', 'C83D', 'A84C', 'B136A', 'B139A', 'B141D', 'D143A', 'B146C', 'D152B', 'D158C', 'D162A', 'D165B', 'D169B', 'C170D', 'A172D', 'D173C', 'D177C', 'C183D']	25	-3.6955457	-2.2386262	-3.5793853	0.11616039
DDCCCCBACDDCADCDBDCCBDABCABADDBDCDCDAACDCBDADDDABDCDDDBACBABBCCCCCCDDBABDCCADBCDBACCBBDBDBAADCADCACCDADBDDDDCDDBDBDBBDCBADDBCDDDCCDCCDCBDDDCBBDDDCACADDDBACDCDDCDABBBBDDBCCDCDBCCDDBABCCCDDC	['D3C', 'A29D', 'C32D', 'A84C', 'A97C', 'B139D', 'A140C', 'B146C', 'D162A', 'D165B', 'D169B', 'A172D', 'D173C', 'D177C', 'C181A']	15	-4.323477	-2.2389023	-4.207592	0.11588478
DDCCCCBACDDCADCDBDCCBDADCABACBBCCDCCBACDCBDADDDABDCDDDBACBABBCCCCCCBDBABDCCADBCDBACCBBDBDBAADCADCACBDADBDDDDCDDBDBDBBDCBADDACDDDCCDCCDDBDDBABBDDDBACADDBBACDCDDCDDBCDBDDDCCADDBDBDDBDBDCCDDC	['D3C', 'B24D', 'A29C', 'D30B', 'D36C', 'A37B', 'D68B', 'A84C', 'A97C', 'C100B', 'B124A', 'C135D', 'D152B', 'B164C', 'C176D', 'D177B', 'C181D', 'C183D']	18	-3.8787215	-2.2390363	-3.7629676	0.11575389
DDDCCCBACDDCADCDBDCCBDADCABAADBDCDCDAACDCBDADDDABDCDDDBACBABBCCCCCCDDBABDCCADBCABACABBDBDBAADCADCACCDADDDDDDCDDBDBDBBDCBADDBCDDDCCDCCDCBDDDABBDDDCACADDDBACDCDDCBDBBDBDDDCCADDBDBDDBCBCCCDDC	['B24D', 'C32D', 'D80A', 'A97C', 'B104D', 'B139D', 'B146C', 'D161B', 'C176D', 'D177B']	10	-4.50024	-2.2403176	-4.385767	0.114472866
BDCCCCBACDDCADCDBDCCBBABCABADDBDCDCDDACDCBDADDDABDCDDDBACBABBCCDCCCDDCABDCCADBCDBACACBDBDBAADCADCACCDADBDDDDCDDBDBDBBDCBADDBCDDDCCDCCDCBDDAABBDDDCACADDDBACDCDDCDABBDBDDDCCDCDBCCDDBABCCCDDC	['D1B', 'D3C', 'D22B', 'A29D', 'C32D', 'A37D', 'C64D', 'B70C', 'B85C', 'A97C', 'B139A', 'B146C', 'D162A', 'A172D', 'D173C', 'D177C', 'C181A']	17	-4.82901	-2.2403395	-4.7145634	0.11444664
DDDCCCBACDDCADCDBDCCBBABCABAADBCCDCDAACDCBDADDDABDCDDDBACBABBCCDCCCDDBABDCCADBCDBACABBDBDBAADCADCACCDADBDDDDCDDBDBDBBDCBADDBCDDDCCDCCDCBDDBABBDDDCACADDDBACDCDDCDCBBDBDDDCCACDBCCDDBCBCCCDDC	['D22B', 'C64D', 'A97C', 'B146C', 'D162C', 'D173C', 'D177C']	7	-5.1159663	-2.2419183	-5.0030932	0.11287308
DDDCCCBACDDCADCDBDCCBBABCABAADBCCDCDAACDCBDADDDABDCDDDBACBABBCCCCCCDDBABDCCADBCDBACCBBDBDBAADCADCACCDADDDDDDCDDBDBDBBDCBADDBCDDDCCDCCDCBDDDABBDDDCACADDDBACDCDDCDDBBDBDDDCCADDBDDDDBCBCCCDDC	['D22B', 'A84C', 'A97C', 'B104D', 'B139D', 'B146C', 'C176D']	7	-5.316044	-2.2425005	-5.2037516	0.11229229
DDDCCCBACDDCADCDBDCCBBABCABAADBCCDCDAACDCBDADDDABDCDDDBACBABBCCCCCCDDBABDCCADBCDBACCBBDBDBAADCADCACCDADDDDDDCDDBDBDBBDCBADDBCDDDCCDCCDCBDDDABBDDDCACADDDBACDCDDCDDBBDBDDDCCADDBDDDDBCBCCCDDC	['D22B', 'A84C', 'A97C', 'B104D', 'B139D', 'B146C', 'C176D']	7	-5.316044	-2.2425005	-5.2037516	0.11229229
DDDCCCBACDDCADCDBDCCBDABCDBADDBDCDCCBACDCBDADDDABDCDDDBACBABBCCCCCCDDBABDCCADBCABACCDBDBDBAADCADCACCDADBDDDDCDDBDBDBBDCBADDCCDDDCCDCCDCBDDBADBADDCACADDBBACDCDDCDDBBDBDDDCCACDBDBDDCDBCCCDDC	['A26D', 'A29D', 'C32D', 'D36C', 'A37B', 'D80A', 'A84C', 'B85D', 'A97C', 'B124C', 'B141D', 'D143A', 'B146C', 'D152B', 'D173C', 'C176D', 'D177B', 'B180C', 'C181D']	19	-3.4561775	-2.2450964	-3.3464828	0.10969472
DACCDCBACDDCADCDBDCCBDABCABADDBCCDCCAACDCBDADDDABDCDDDBACBABBCCCCCCDDBABDCCADBCDBACCDBDBDBAADCADAACCDADDDDDDCDDBDBDBBDCBADDBCDDBCCDCCDCBDDBADBADDCACADDBBACDCDDCDABBDBDDDDCDCDBCCDDBBBCCCDDC	['D2A', 'D3C', 'C5D', 'A29D', 'D36C', 'A84C', 'B85D', 'B104D', 'D128B', 'B141D', 'D143A', 'B146C', 'D152B', 'D162A', 'C170D', 'A172D', 'D173C', 'D177C', 'C181B']	19	-3.402322	-2.2522442	-3.29978	0.10254216
DDCCCBBACDDCADCDBDCCBBABCABADDCCCDCDAACDCBDADDDABDCCDDBACBABBCCCCCCDDBABDCCADBCDBACABBDBDBAADCADCACCDADBDDDDCDDBDBDBBDCBADDBCDDDCCDCCDCBDDBABBDDDCACADDDBACDCDDCDABBCBDDBCCADDBCCDDBCBCCCDDC	['D3C', 'C6B', 'D22B', 'A29D', 'B31C', 'D52C', 'A97C', 'B146C', 'D162A', 'D165C', 'D169B', 'D177C']	12	-4.702398	-2.257755	-4.6053653	0.09703255
DDCCBCBACDDCADCDBDCCBDABCABADDCDCDCCAACDCBDADDDABDCDDDBACBABBCCCCCCDDBABDCCADBCDBACCCBDBDBAADCADAACCDADBDDDDCDDBDBDBBDCBADDBCDDDCCDCCDCBDDAADBDDDCACADDDBACDCCDCDDBBDBDDDDCACDBCBDDCDBCCCDDC	['D3C', 'C5B', 'A29D', 'B31C', 'C32D', 'D36C', 'A84C', 'B85C', 'B139A', 'B141D', 'B146C', 'D158C', 'C170D', 'D173C', 'D177B', 'B180C', 'C181D']	17	-2.2584543	-3.2808993	-3.1845636	0.09633565
BDDCACBACDDCADCDBDCCBDABCABAABBCCDCDAACDCBDADDDABDCDDDBACBACBCCCCCCDDBABDCCADBCDBACCDBDBDBAADCADAACCDADBDDDDCDDBDBDBBDCBADDACDDDCCDCCDCBDDACBBDDDCACADDBBACDCDDCDDBBDBDDBCCACDBCBDDBCBCCCDDC	['D1B', 'C5A', 'D30B', 'B60C', 'A84C', 'B85D', 'B124A', 'B139A', 'A140C', 'B146C', 'D152B', 'D169B', 'D173C', 'D177B']	14	-4.6870418	-2.2598279	-4.592081	0.09496069
DDDCCCBACDDCADCDBDCCBDABCABADDADCDCDAACDCBDADDDABDCDDDBACBABBCCCCCCDDBABDCCADBCDBACCABDBDBAADCADCACCDADBDDDDCDDBDBDBBDCBADDBCDDDBCDCCDCBDDAADBDDDCACADDDBACDCDDCDABCDBDDDCCAADBCBDDBDBCCADDC	['A29D', 'B31A', 'C32D', 'A84C', 'B85A', 'A97C', 'C129B', 'B139A', 'B141D', 'B146C', 'D162A', 'B164C', 'D173A', 'D177B', 'C181D', 'C185A']	16	-3.8590677	-2.261487	-3.7657614	0.0933063
DDCCCCBACDDCADCDBDCCBDABCABADDCDCDCDAACDCBDADDDABDCDDDBACBABBCCCCCCDDBABDCCADBCDBACABBDBDBAADCADCACCDADBDDDDCDDBDBDBBDCBADDBCDDDCCDCCDCBDDAABBDDDCACADDDBACDCDDCDABCDBDDDCCAADBDBDDBDBCCCDDC	['D3C', 'A29D', 'B31C', 'C32D', 'A97C', 'B139A', 'B146C', 'D162A', 'B164C', 'D173A', 'C176D', 'D177B', 'C181D']	13	-4.5126123	-2.2621195	-4.419942	0.09267044
DDCCCCBACDDCADCDBDCCBDABCABAADBCCDCBAACDCBDADDDABDCDDDBACBABBCCCCCCDDBABDCCADBCABACCBBDBDBAADCADCACCDADBDDDDCDDBDBDBBDCBADDBCDDDCCDCCDCBDDAADBDDDCACADDDBACDCDDCDABCDBDDBCCADDBDBDDBCBCCCDDC	['D3C', 'D36B', 'D80A', 'A84C', 'A97C', 'B139A', 'B141D', 'B146C', 'D162A', 'B164C', 'D169B', 'C176D', 'D177B']	13	-3.6804612	-2.262407	-3.5880775	0.09238362
DDDCDCBACDDCADCDBDCCBDABCBBACDADCDCCAACDCBDADDDABDCDDDBACBADBCCDCCCDDBABDCCADBCABACABBDBDBAADCADCACCDADBDDDDCDDBDBDBBDCBADDCCDDBCCDCCDCBDDBABBDDDCACADDDBACDCDDCDABBDBDDDCCACDBDBDDBABCCCDDC	['C5D', 'A26B', 'A29C', 'B31A', 'C32D', 'D36C', 'B60D', 'C64D', 'D80A', 'A97C', 'B124C', 'D128B', 'B146C', 'D162A', 'D173C', 'C176D', 'D177B', 'C181A']	18	-4.069083	-2.2631443	-3.977437	0.091646194
DDDCCCBACDDCADCDBDCCBDABCABADDBDCDCDAACDCBDADDDABDCDDDBACBABBCCCCCCDDBABDCCADBCDBACABBDBDBAADCADAACCDADBDDDDCDDBDBDBBDCBADDBCDDDCCDCCDCBDDBABBDDDCACABDBBACDCDDCDDBCDBDDBCCACDBDBDDBDBCCCDDC	['A29D', 'C32D', 'B146C', 'D150B', 'D152B', 'B164C', 'D169B', 'D173C', 'C176D', 'D177B', 'C181D']	11	-3.8857963	-2.2650583	-3.7960625	0.08973384
DDDCDCBACDDCADCDBDCCBDABCABACBBCCDCDAACDCBDADDDABDCDDDBACBADBCCCCCCDDBABDCCADBCDBACCBBDBDBAADCADAACCDADBDDDDCDDBDBDBBDCBADDBCDDDCCDCCDCBDDCABBDDDCACADDDBACDCDDCDABBDBDDDCCCADBCCDDBCBCCCDDC	['C5D', 'A29C', 'D30B', 'B60D', 'A84C', 'B139C', 'B146C', 'D162A', 'A172C', 'D173A', 'D177C']	11	-3.872867	-2.2651727	-3.7832518	0.089615345
DDDCCCBACDACADCDBDCCBBABCABACDADCDCDAACDCBDADDDABDCDDDBACBABBCCCCCCDDBABDCCADBCABACABBDBDBAADCADCACCDADBDDDDCDDBDBDBBDCBADDCCDDDCCCCCDCBDDBAABDDDCACADDCBACDCDDCDABCDBDDDCCADDBDBDDBABCCCDDC	['D11A', 'D22B', 'A29C', 'B31A', 'C32D', 'D80A', 'A97C', 'B124C', 'D131C', 'B141A', 'B146C', 'D152C', 'D162A', 'B164C', 'C176D', 'D177B', 'C181A']	17	-3.467807	-2.2678149	-3.3808289	0.0869782
DDDCCCBACDDCADCDBDCCBDABCABAADBCCDCDAACDCBDADDDABDCDDDBACBABBDCCCCCDDBABDCCADBCDBACABBDBDBAADCADAACCDADDDDDDCDDBDBDBBDCBADDBCDDDCCDCCDCBDDBABBDDDBACAADBBACDCCDCDDBBDBDDDCCADDBCBDDBCBCCCDDC	['C62D', 'B104D', 'D150A', 'D152B', 'D158C', 'D177B']	6	-4.7114	-2.2706168	-4.627227	0.0841732
DDCCCCBACDDCADCDBDCCBDABCABADDBCCDCDAACDCBDADDDABDCDDDBACBADBCCDCCCDDBABDCCADBCABACABBDBDBAADCADCACCDADBDDDDCDDBDBDBBDCBADDBCDDDCCDCCBCBDDBABBDDDBACADDBBACDCDDCDDBBBBDDDCCDBDBCCDDBCBCCCDDC	['D3C', 'A29D', 'B60D', 'C64D', 'D80A', 'A97C', 'D134B', 'D152B', 'D165B', 'A172D', 'D173B', 'D177C']	12	-4.3923388	-2.2708375	-4.308389	0.083949566
DDDCCCBACDDCADCDBDCCBDABCABAADBCCDCDAACDCBDADDDABDCDDDBACBABBCCCCACDDBABDCCADBCDBACCABDBDBAADCADAACCDADBDDDDCDDBDBDBBDCBADDBCDDBCCDCCDCBDDCCBBDDDBACADBDBDCDCDDCDDBBDBDDDCCADDBDDDDBCBCCCDDC	['C66A', 'A84C', 'B85A', 'D128B', 'B139C', 'A140C', 'D151B', 'A154D', 'C176D']	9	-3.0194254	-2.2718046	-2.9364424	0.08298302
DDCCDBBACDDCADCDBDCCBDABCABAADBCCDCDDACDCBDADDDABDCDDDBACBABBCCCCCCDDBABDCCADBCDBACABBDBDBAADCADAACCDADBDDDDCDDBDBDBBDCBADDBCDDBCCDCCDCBDDBADBDDDCACADDCBACDCDDCDABBDBDDDCCDCDBCCDDBCBCCCDDC	['D3C', 'C5D', 'C6B', 'A37D', 'D128B', 'B141D', 'B146C', 'D152C', 'D162A', 'A172D', 'D173C', 'D177C']	12	-2.6025426	-2.2721639	-2.5199194	0.08262324
DDCCCBBACDDCADCDBDCCBDADCABADDBCCDCCBACDCBDADDDABDCDDDBACBABBCCCCCCDDBABDCCADBCDBACCBBDBDBAADCADAACCDADBDDDDCDDBDBDBBDCBADDBCDDDCCDCCBCBDDBADBADDCACADDBBACDCDDCDDBBDBDDDDCDCDBCCDDCABCCCDDC	['D3C', 'C6B', 'B24D', 'A29D', 'D36C', 'A37B', 'A84C', 'D134B', 'B141D', 'D143A', 'B146C', 'D152B', 'C170D', 'A172D', 'D173C', 'D177C', 'B180C', 'C181A']	18	-3.3496675	-2.2728431	-3.2677226	0.08194494
DDDCCCBACDDCADCDBDCCBBABCABADDCDCDCDAACDCBDADDDABDCDDDBACBABBCCCCCCDDBABDCCADBCDBACABBDBDBAADCADBACCDADBDDDDCDDBDBDBBDCBADDBCDDDCCDCCDCBDDBADBDDDCACADDDBACDCDDCDDBBDBDDDCCADDBDBDDBCBCCCDDC	['D22B', 'A29D', 'B31C', 'C32D', 'A97B', 'B141D', 'B146C', 'C176D', 'D177B']	9	-3.918801	-2.273369	-3.8373785	0.08142257
DDDCCCBACDDCADCDBDCCBDADCABAADBCCDCDAACDCBDADDDABDCDDDBACBABBCCCCCCDDBABDCCADBCDBACACCDBDBAADCADCACCDADBDDDDCDDBDBDBBDCBADDBCDDDCCDCCDCCDDBABBDDDCACADDDBACDCCDCDDBBDBDDDCCADDBDDDDBCBCCCDAC	['B24D', 'B85C', 'B86C', 'A97C', 'B136C', 'B146C', 'D158C', 'C176D', 'D187A']	9	-6.010157	-2.2743819	-5.9297466	0.08041048
DDDCCCBACDACADCDBDCCBBABCABADDCDCDCDAACDCBDADDDABDCDADBACBABBCCCCCCDDBABDCCADBCABACCABDBDBAADCADCACCDADBDDDDCDDBDBDBBDCBADDBCDDDCCCCCDCCDDADDBDDDCACADDDBACDCDDCDDBBDBDDBCCACDBDBDDBDBCCCDDC	['D11A', 'D22B', 'A29D', 'B31C', 'C32D', 'D53A', 'D80A', 'A84C', 'B85A', 'A97C', 'D131C', 'B136C', 'B139A', 'A140D', 'B141D', 'B146C', 'D169B', 'D173C', 'C176D', 'D177B', 'C181D']	21	-3.4542577	-2.2759948	-3.3754616	0.07879615
BDCCCCBACDDCADCDBDCCBBABCABAABBCCDCDAACDCBDCDDDABDCDDDBACBABBCCCCCCDDBABDCCADBCABACCCBDBDBAADCADCACCDADBDDDDCDDBDBDBBDCBADDBCDDDCCDCCDCBDDDABBDDDBACADDDBACDCCDCDABBDBDDDCCDDDBCCDDBCBCCCDDC	['D1B', 'D3C', 'D22B', 'D30B', 'A44C', 'D80A', 'A84C', 'B85C', 'A97C', 'B139D', 'D158C', 'D162A', 'A172D', 'D177C']	14	-4.2201424	-2.2767189	-4.1420746	0.07806778
DDDCCCBACDDCADCDBDCCBDABCABAADBCCDCDAACDCBDADDDABDCCDDBACBABBCCCCCCDDBABDCCADBCDBACCDBDBDBAADCADCACBDADBDDDDCDDBDBDBBDCBADDBCDDDCCDCCDCBDDDADBDDDCACADDDBACDCDDCDABBDBDDDCCADDBCDDDBCBCCCDDC	['D52C', 'A84C', 'B85D', 'A97C', 'C100B', 'B139D', 'B141D', 'B146C', 'D162A']	9	-3.929886	-2.277057	-3.852151	0.077735186
DDDCCCBACDDCADCDBDCCBDABCABAADBCCDCDAACDCBDADDDABDCDDDBACBACBCCCCCCDDBABDCCDDBCDBACABBDBDBAADCADAACCDADBDDCDCCDBDBDBBDCBADDBCDDDCCDCCDCBDDBCBBDDDCADADDDBDCDCDDCDABBDBDDDCCAADBDDDDBCBCCCDDC	['B60C', 'A76D', 'D107C', 'D110C', 'A140C', 'B146C', 'C148D', 'A154D', 'D162A', 'D173A', 'C176D']	11	-5.3957415	-2.2783372	-5.319294	0.07644749
DDCCCCBACDDCADCDBDCCBDABCABAADBCCDCDAACDCBDADDDABDCDDDBACBABBCCCCCCDDBABDCCADBCDBACACBDBDBAADCADCACCDADCDDDDCDDBDBDBBDCBADDBCDDDCCDCCDCBDDAADBDDDCACABDBBACDCCDCDDBBDBDDDCCDDDBCCDDBCBCCCDDC	['D3C', 'B85C', 'A97C', 'B104C', 'B139A', 'B141D', 'B146C', 'D150B', 'D152B', 'D158C', 'A172D', 'D177C']	12	-3.4406695	-2.281006	-3.3668833	0.07378626
CDDCCCBACDDCADCDBDCCBBABCABAADBCCDCDAACDCBDADDDABBCDDDBACBABBCCCCCCDDBABDCCADBCDBACABBDBDBAADCADDACCDADBDDDDCDDBDBDBBDCBADDBCDDDCCDCCDCBDDBABBDDDBACADDBBACDCDDCDDBBDBDDDCCAADBDDDDBDBCCCDDC	['D1C', 'D22B', 'D50B', 'A97D', 'D152B', 'D173A', 'C176D', 'C181D']	8	-5.160554	-2.2825477	-5.0883107	0.07224321
BDCCBCBACDDCADCDBDCCBDABCABAABBCCDABBADDCBDADDDABDCDDDBACBADBCCCCCCDDBABDCCADBCDBACCBBDBDBAADCADCACCDADBDDDDCDDBDBDBBDCBADDBCDDDCCDCCDCBDDCABBDDDCACADDDBACDCDDCDABBBBDDBCCDDDBCCDDBBBCCCDDC	['D1B', 'D3C', 'C5B', 'D30B', 'C35A', 'D36B', 'A37B', 'C39D', 'B60D', 'A84C', 'A97C', 'B139C', 'B146C', 'D162A', 'D165B', 'D169B', 'A172D', 'D177C', 'C181B']	19	-3.779323	-2.2830083	-3.7075415	0.071781635
DDDCCCBACDDCADCDBDCCBDABCABAABBBCDCDAACDCBDADDDABDCDDDBACBABBCCCCCCDDBABDCCADBCDBACCBBDBDBAADCADBACCDADBDDDDCDDBDBDBBDCBADDBCDDDCCDCCDCBDDBADBDDDCACABDBBACDCDDCDDBBDBDDDCCADDBCADDBCBCCCDDC	['D30B', 'C32B', 'A84C', 'A97B', 'B141D', 'B146C', 'D150B', 'D152B', 'D177A']	9	-4.498769	-2.283385	-4.4273643	0.07140446
DDCCCCBACDDCADCDBDCCBBABCABADDADCDCDAACDCBDADDDABDCDDDBACBABBCCCCCCDDBABDCCADBCDBACCDBDBDBAADCADCACCDADBDDDDCDDBDBDBBDCBADDCCDDDCCDCCDCBDDACDBDDDCACADDDBACDCCDCDABBDBDDBDCADDBCBDDCDBCCCDDC	['D3C', 'D22B', 'A29D', 'B31A', 'C32D', 'A84C', 'B85D', 'A97C', 'B124C', 'B139A', 'A140C', 'B141D', 'B146C', 'D158C', 'D162A', 'D169B', 'C170D', 'D177B', 'B180C', 'C181D']	20	-3.4305797	-2.2884881	-3.3642778	0.06630182
DDCCDBBACDACADADBDCCBBABCABADDCCCDCDAACDCBDADDDABDCDDDBACBABBCCDCCCDDBABDCCADBCABACCBBDBDBAADCADCACCDADBDDDDCDDBDBDBBDCBADDCCDDDCCDCCDCBDDBABBDDDCACADDDBACDCDDCDABBBBDDBCCDCDBCCDDBCBCCCDDC	['D3C', 'C5D', 'C6B', 'D11A', 'C15A', 'D22B', 'A29D', 'B31C', 'C64D', 'D80A', 'A84C', 'A97C', 'B124C', 'B146C', 'D162A', 'D165B', 'D169B', 'A172D', 'D173C', 'D177C']	20	-5.0732517	-2.2899687	-5.0084305	0.06482124
BDCCCCBACDDCADCDBDCCBDABCABAADBCCDCDAACDCBDADDDABDCDDDBACBABBCCCCCCDDBABDCCADBCABACCBBDBDBAADCADCACCDADBDDDDCDDBDBDBBDCBADDBCDDDCCDCCDCBDDDABBDDDCACADDDBACDCDDCDDBBDBDDBCCDCDBCCDDBCBCCCDDC	['D1B', 'D3C', 'D80A', 'A84C', 'A97C', 'B139D', 'B146C', 'D169B', 'A172D', 'D173C', 'D177C']	11	-3.956192	-2.292967	-3.89437	0.061821938
DDDCCCBACDDCADCDBDCCBBABCABADDADCDCDAACDCBDADDDABDCDDDBACBABBCCCCCCDDBABDCCADBCABACCABDBDBAADCADCACCDADBDDDDCDDBDBDBBDCBADDBCDDDCCDCCDCBDDAADBDDDCACADDDBACDCDDCDDBCDBDDDCCACDBDBDDBABCCCDDC	['D22B', 'A29D', 'B31A', 'C32D', 'D80A', 'A84C', 'B85A', 'A97C', 'B139A', 'B141D', 'B146C', 'B164C', 'D173C', 'C176D', 'D177B', 'C181A']	16	-3.6689553	-2.2931416	-3.6073027	0.06165266
BDCCCCBACDDCADCDBDCCBDABCBBADDBCCDCCAACDCBDADDDABDCDDDBACBABBCCCCCCDDBABDCCADBCABACCDBDBDBAADCADAACCDADBDDDDCDDBDBDBBDCBADDCCDDDCCDCCDCBDDBADBDDDCACADDDBACDCDDCDDBBDBDDDDCDCDBCCDDCDBCCCDDC	['D1B', 'D3C', 'A26B', 'A29D', 'D36C', 'D80A', 'A84C', 'B85D', 'B124C', 'B141D', 'B146C', 'C170D', 'A172D', 'D173C', 'D177C', 'B180C', 'C181D']	17	-2.2931476	-3.5764706	-3.5148287	0.06164193
DDCCDCBACDDCADCDBDCCBDADCABAABBCCDCDAACDCBDADDDABDCDDDBACBABBCCACCCDDBABDCCADBCABACABBDBDBAADCADAACCDADBDDDDCDDBDBDBBDCBADDBCDDDCCDCCDCBDDBABBDDDCACADDDBACDCCDCDDBBDBDDBCCBCDBCCDDBCBCCCDDC	['D3C', 'C5D', 'B24D', 'D30B', 'C64A', 'D80A', 'B146C', 'D158C', 'D169B', 'A172B', 'D173C', 'D177C']	12	-4.148514	-2.2934992	-4.087224	0.061289787
BCDCCCBACDDCADCDBDCCBDABCABADDADCDCDAACDCBDADDDABDCDDDBACBABBCCCCCCBDBBBDCCADBCDBACABBDBDBAADCADBACCDADBDDDDCDDBDBDBBDCBADDACDDDCCDCCDCBDDBADBDDDCACADABBACDCDDCDDBCDBDDDCCACDBCBDDBABCCCDDC	['D1B', 'D2C', 'A29D', 'B31A', 'C32D', 'D68B', 'A71B', 'A97B', 'B124A', 'B141D', 'B146C', 'D151A', 'D152B', 'B164C', 'D173C', 'D177B', 'C181A']	17	-3.905285	-2.2936423	-3.8441381	0.061146736
DDCCDBBACDDCADCDBDCCBDABCABADDBCCDCDAACDCBDADDDABDCDDDBACBABBCCCCCCDDBABDCCADBCABAACBBDBDBAADCADAACCDADDDDDDCDDBDBDBBDCBADDBCDDDCCDCCDCDBDAADBDDDCACADDDBACDCCDCDABBDBDDDCCDDDBCCDDBBBCCCDDC	['D3C', 'C5D', 'C6B', 'A29D', 'D80A', 'C83A', 'A84C', 'B104D', 'B136D', 'D137B', 'B139A', 'B141D', 'B146C', 'D158C', 'D162A', 'A172D', 'D177C', 'C181B']	18	-2.921777	-2.2949297	-2.8619204	0.059856653
DDDCCCBACDDCADCDBDCCBDABCABADDBDCDCDAACDCBDADDDABDCDDDBACBADBCCCCCCCDBABDCCADBCABACDBBDBDBAADCADAACCDADBDDDDCDDBDBDBBDCBADDBCDDBCCCCCDCBDDAADBDDDCACADDDBACDCDDCDABBDBDDBCCADDBDBDDBDBCCCDDC	['A29D', 'C32D', 'B60D', 'D68C', 'D80A', 'A84D', 'D128B', 'D131C', 'B139A', 'B141D', 'B146C', 'D162A', 'D169B', 'C176D', 'D177B', 'C181D']	16	-2.462371	-2.2954793	-2.4030628	0.05930829
BDCCBCBACDDCADCDBDCCBBABCABADCADCDCDAACDCBDADDDABDCDDDBACBABBCCCCCCDDBABDCCADBCDBACABBDBDBAADCADDACCDADBDDDDCDDBDBDBBDCBADDDCDDDCCDCCDCBDDCADBDDDCACADDDBACDCDDCDABBDBDDADCACDBCBDDBDBCCADDC	['D1B', 'D3C', 'C5B', 'D22B', 'A29D', 'D30C', 'B31A', 'C32D', 'A97D', 'B124D', 'B139C', 'B141D', 'B146C', 'D162A', 'D169A', 'C170D', 'D173C', 'D177B', 'C181D', 'C185A']	20	-2.9995859	-2.2956254	-2.940422	0.05916381
DDDCCCBACDDCADCDBDCCBDABCABAADBCCDCDAACDCBDADDDABDCDDDBACBABBCCCCCCDDBABDCCADBCDBACACBDBDBAADCADCACCDADBDDDDCDDBDBDBBDCBADDBCDDBCCDCCDCBDDAABBDDDCACADDBBACDCCDCDDBBDCDDDCCACDBCDDDBCBCCCDDC	['B85C', 'A97C', 'D128B', 'B139A', 'B146C', 'D152B', 'D158C', 'B166C', 'D173C']	9	-4.6417427	-2.2981565	-4.585106	0.05663681
DDCCCCBACDDCADCDBDCCBBABCABADDBDCDCCAACDCBDADDDABDCDDDBACBABBCCCCCCDDBABDCCADBCDBACABBDBDBAADCADCACCDADBDDDDCDDBDBDBBDCBADDBCDDBCCDCCDCBDDBADBDDDCACADDDBACDCDDCDDBBDBDDDCCADDBCBDDBDBCCCDDC	['D3C', 'D22B', 'A29D', 'C32D', 'D36C', 'A97C', 'D128B', 'B141D', 'B146C', 'D177B', 'C181D']	11	-2.7347307	-2.299887	-2.6798267	0.054903984
DDCCCCBACDDCADCDBDCCBDABCABADDBDCDCDDADDCBDADDDABDCDDDBACBABBCCDCCCDDBABDCCADBCABACCCBDBDBAADCADCACCDADBDDDDCDDBDBDBBDCBADDBCDDDCCDCCDCBDDAABBDDDCACADDDBACDCDDCDABBBBDDDCCAADBCBDDCDBCCADDC	['D3C', 'A29D', 'C32D', 'A37D', 'C39D', 'C64D', 'D80A', 'A84C', 'B85C', 'A97C', 'B139A', 'B146C', 'D162A', 'D165B', 'D173A', 'D177B', 'B180C', 'C181D', 'C185A']	19	-4.4711757	-2.3070982	-4.423483	0.047692776
DDCCCCBACDDCADCDBDCCBDABCABADDADCDCCBACDCBDADDDABDCDDDBACBABBCCCCCCDDCABDCCADBCDBACCBBDBDBAADCADAACCDADBDDDDCDDBDBDBBDCBADDBCDDDCCDCCDCBDDBABBADDCACADDBBACDCDDCDDBBDBDDACCADDBCBDDBDBCCADDC	['D3C', 'A29D', 'B31A', 'C32D', 'D36C', 'A37B', 'B70C', 'A84C', 'D143A', 'B146C', 'D152B', 'D169A', 'D177B', 'C181D', 'C185A']	15	-4.496026	-2.3090856	-4.4503207	0.04570532
DDDCCCBACDDCADCDBDCCBBABCABADDAACDCDAACDCBDADDDABDCDDDBACBABBCCCCCCDDBABDCCADBCDBADCBBDBDBAADCADCACCDADBDDDDCDDBDBDBBDCBADDDCDDDCCDCCDCBDDAADBDDDCACADDDBACDCDDCDDBCDBDDDCCACDBCBDDBDBCCCDDC	['D22B', 'A29D', 'B31A', 'C32A', 'C83D', 'A84C', 'A97C', 'B124D', 'B139A', 'B141D', 'B146C', 'B164C', 'D173C', 'D177B', 'C181D']	15	-3.6839476	-2.310722	-3.6398726	0.044075012
DDDCCCBACDACADCDBDCCBDABCABAADBCCDCDAACDCBDADDDABDCDDDBACBABBCCCCCCDDBABDCCADBCDBACACBDBDBAADCADCACCDADBDDDDCDDBDBDBBDCBADDBCDDDCCDCCDCBDDBADBDDDCACADDBBACDCCDCDDBBDBDDDCCADDBCDDDBCBCCCDDC	['D11A', 'B85C', 'A97C', 'B141D', 'B146C', 'D152B', 'D158C']	7	-4.449737	-2.3193197	-4.4142666	0.035470486
DDCCCCBACBDCADCDBDCCBBABCABADDBCCDCDAACDCBDADDDABDCDDDBACBABBCCCCCCDDBABDCCADBCDBACABBDBDBAADCADCACCDADBDDDDCDDBDBDBBDCBADDBCDDDCCDCCDCBDDAABBDDDCACADDDBACDCDDCDABBDBDDBCCDDDBCCDDBCBCCCDDC	['D3C', 'D10B', 'D22B', 'A29D', 'A97C', 'B139A', 'B146C', 'D162A', 'D169B', 'A172D', 'D177C']	11	-4.171583	-2.3194716	-4.1362677	0.035315514
DDCCCCBACDACADCDBDCCBBABCABADDADCDCDAACDCBDADDDABDCDDDBACBABBCCCCCCDDBABDCCADBCDBACACBDBDBAADCADCACCDADBDDDDCDDBDBDBBDCBADDBCDBDCCCCCDCBDDADBBBDDCACADDDBACDCCDCDABBBBDDBCCADDBDBDDBDBCCCDDC	['D3C', 'D11A', 'D22B', 'A29D', 'B31A', 'C32D', 'B85C', 'A97C', 'D127B', 'D131C', 'B139A', 'A140D', 'D143B', 'B146C', 'D158C', 'D162A', 'D165B', 'D169B', 'C176D', 'D177B', 'C181D']	21	-4.546254	-2.3210905	-4.512553	0.033700943
DDDCCCBACDDCADCDBDCCBDABCABADDADCDCDAACDCBDADDDABDCDDDBACBADBCCDCCCDDBABDCCADBCDBAACBBDBDBAADCADCACCDADBDDDDCDDBDBDBBDCBADDBCDDDCCDCCDCBDDBAABDDDCACADDCBACDCDACDBBBDBDDDCCADDBCBDDBABCCCDDC	['A29D', 'B31A', 'C32D', 'B60D', 'C64D', 'C83A', 'A84C', 'A97C', 'B141A', 'B146C', 'D152C', 'D159A', 'D162B', 'D177B', 'C181A']	15	-3.118431	-2.3217094	-3.0853481	0.033082962
DDDCCCBACDDCADCDBDCCBDABCABAADBDCDCDAACDCBDADDDABDCDDDBACBABBCCCCCCADBABDCCADBCDBACABBDBDBAADCADCACCDADBDDDDCDDBDBDBBDCBADDBCDDDCCCCCDDDDDBACBDDDCACADDDBACDCCDCDDBCDBDDDCCAADBDBDDBCBCCCDDC	['C32D', 'D68A', 'A97C', 'D131C', 'C135D', 'B136D', 'B141C', 'B146C', 'D158C', 'B164C', 'D173A', 'C176D', 'D177B']	13	-5.158784	-2.3219297	-5.125919	0.032865047
DDDCCCBACDACADCDBDCCBDABCABADDCDCDCDAACDCBDADDDABDCDDDBACBABBCCCCCCDDBABDCCADBCABACCBBDBDBAADCADAACCDADBDDDDCDDBDBDBBDCBADDCCDDDCCDCCDCDBDBADBDDDCACADDCBACDCDDCDABBCBDDBCCAADBDBDDBDBCCCDDC	['D11A', 'A29D', 'B31C', 'C32D', 'D80A', 'A84C', 'B124C', 'B136D', 'D137B', 'B141D', 'B146C', 'D152C', 'D162A', 'D165C', 'D169B', 'D173A', 'C176D', 'D177B', 'C181D']	19	-3.2711248	-2.3219576	-3.2382936	0.032831192
DDDCCCBACDDCADCDBDCCBDABCABAADBCCDCDAACDCBDADDDABCCDDDBACBABBCCCCCDBDBABDCCADBCDBACACBDBDBAADCADAACCDADBDDDDCDDBDBDBBDCBADDBCDADCCDCCDCBDDBDCBDDDCACADDBBACDCDDCDDBBDBDDDCCADDBDDDDBCBCCCDDC	['D50C', 'C67D', 'D68B', 'B85C', 'D127A', 'A140D', 'B141C', 'B146C', 'D152B', 'C176D']	10	-5.206408	-2.323686	-5.1753016	0.031106472
DDDCCCBACDDCADCDBDCCBDABCDBADDBDCDCDAACDCBDADDDABDCDDDBACBABBCCACCCDDBABDCCADBCABADCBBDBDBAADCADAACCDADBDDDDCDDBDBDBBDCBADDBCDDDCCDCCDADDDAABBDDDCACADDDBACDCCDCDABBDADDDCCADDBDBDDBDBCCCDDC	['A26D', 'A29D', 'C32D', 'C64A', 'D80A', 'C83D', 'A84C', 'C135A', 'B136D', 'B139A', 'B146C', 'D158C', 'D162A', 'B166A', 'C176D', 'D177B', 'C181D']	17	-3.3356025	-2.3253348	-3.3061476	0.029454947
DDCCCCBACDDCADCDBDCCBDABCABADDBCCDCDDACDCBDADDDABDCCDDBACBABBCCACCCDDBABDCCADBCDBACACBDBDBAADCADCACCDADBDDDDCDDBDBDBBDCBADDCCDDDCCDCCDCBDDAABBDDDCACADDDBACDCDDCDDBBCBDDDCCADDBCBDDBCBCCCDDC	['D3C', 'A29D', 'A37D', 'D52C', 'C64A', 'B85C', 'A97C', 'B124C', 'B139A', 'B146C', 'D165C', 'D177B']	12	-3.8208292	-2.3260448	-3.7920828	0.028746367
BDCCCCBACDDCADCDBDCCBDABCABACBBDCDCCDACDCBDADDDABDCCDDBACBABBCCCCCCDDBABDCCADBCDBACCBBDBDBAADCADCACCDADBDDDDCDDBDBDBBDCBADDCCDDDCCDCCDCBDDBABBDDDCACADDDBACDCCDCDDBBDBDDDCCADDBCBDDBDBCCCDDC	['D1B', 'D3C', 'A29C', 'D30B', 'C32D', 'D36C', 'A37D', 'D52C', 'A84C', 'A97C', 'B124C', 'B146C', 'D158C', 'D177B', 'C181D']	15	-3.591487	-2.3349144	-3.5716114	0.019875526
DDCCCCBACDACADCDBDCCBDABCABAADBCCDCDAACDCBDADDDABDCDDDBACBABBCCCCCCDDBABDCCADBCDBACACBDBDBAADCADAACCDADBDDDDCDDBDBDBBDCBADDCCDDDCCDCCDCBDDADBBDDDCACADDBBACDCCDCDDBBDADDDCCDDDBCCDDBCBCCCDDC	['D3C', 'D11A', 'B85C', 'B124C', 'B139A', 'A140D', 'B146C', 'D152B', 'D158C', 'B166A', 'A172D', 'D177C']	12	-3.2729514	-2.3366177	-3.254777	0.01817441
DDCCCBBACDDCADCDBDCCBDABCABAABACCDCDAACDCBDADDDABDCDDDBACBABBCCCCCCDDBABDCCADBCDBACACBDBDBAADCADBACCDADBDDDDCDDBDBDBBDCBADDBCDDDCCDCCDCBDDBCBBDDDCACADDDBACDCDBCDDBBDBDDBCCDDDBCCDDBCBCCCDDC	['D3C', 'C6B', 'D30B', 'B31A', 'B85C', 'A97B', 'A140C', 'B146C', 'D159B', 'D169B', 'A172D', 'D177C']	12	-4.2184467	-2.3388417	-4.2025023	0.01594448
BDCCCBBACDDCADCDBDCCBDADCABADDCDCDCDCACDCBDADDDABBCDDDBACBABBCCCCCCDDBABDCCADBCABACCBBDDDBAADCADCACCDADBDDDDCDDBDBDBBDCBADDCCDDDCCDCCDCBDDBABBDDDCACADDABACDCDDCDBBBDBDDDCCADDBDBDDBDBCCCDDC	['D1B', 'D3C', 'C6B', 'B24D', 'A29D', 'B31C', 'C32D', 'A37C', 'D50B', 'D80A', 'A84C', 'B88D', 'A97C', 'B124C', 'B146C', 'D152A', 'D162B', 'C176D', 'D177B', 'C181D']	20	-3.8223038	-2.342439	-3.8099523	0.012351513
DDCCDCBACDDCADCDBDCCBDABCABAADBCCDCDAACDCBDADDDABDCDDDBACBABBCCCCCCDDBABDCCADBCDBACABBDBDBAADCADCACCDADBDDDDCDDBDBDBBDCBADDBCDDDCCDCCDCBDDCADBDDDCACADDDBACDCCDCDDBCDBDDDCCDDDBCCDDBCBCCCDDC	['D3C', 'C5D', 'A97C', 'B139C', 'B141D', 'B146C', 'D158C', 'B164C', 'A172D', 'D177C']	10	-3.3069315	-2.3433855	-3.2955294	0.01140213
DDCCCBBACDDCADADBDCCBDABCABADDBCCDCDAACDCBDADDDABDCDDDBACBADBCCCCCCDDBABDCCADBCDBACBBBDBDBAADCADAACCDADBDDDDCDDBDBDBBDCBADDBCDDDCCCCCDCBDDAABBDDDCACADDDBACDCCDCDABBDBDDBCCDDDBCCDDBCBCCCDDC	['D3C', 'C6B', 'C15A', 'A29D', 'B60D', 'A84B', 'D131C', 'B139A', 'B146C', 'D158C', 'D162A', 'D169B', 'A172D', 'D177C']	14	-3.7555394	-2.3435433	-3.7442942	0.011245251
DDDCCCBACDDCADCDBDCCBDABCABADDBCCDCDAACDCBDABDDABDCDDDBACBABBCCCCCCCDBABDCCADBCDBACABBDBDBAADCADAACCDADBDDDDCDDBDBDBBDCBADDBCDDDBCDCCDCBDDBABBDDDCACADDBBACDCDDCDDBCDBDDDCCACDBCBDDBDBCCCDDC	['A29D', 'D45B', 'D68C', 'C129B', 'B146C', 'D152B', 'B164C', 'D173C', 'D177B', 'C181D']	10	-3.3042262	-2.3448641	-3.2942982	0.009927988
DDDCCCBACDDCADCDBDCCBDABCABADDBDCDCDAACDCBDADDDABDCDDDBACBABBCCCCCCDDBABDCCADBCABACCBBDBDBAADCADAACCDADBDDDDCDDBDBDBBDCBADDBCDDDCCDCCDCBDDBADBDDDCACADDBBACDCDDCDDBBBBDDDCCDCDBCCDDBABCCBDDC	['A29D', 'C32D', 'D80A', 'A84C', 'B141D', 'B146C', 'D152B', 'D165B', 'A172D', 'D173C', 'D177C', 'C181A', 'C185B']	13	-3.4620507	-2.3460693	-3.4533281	0.008722544
DDCCCCBACDDCADCDBDCCBBABCABADDADCDCBAACDCBDADDDABDCDDDBACBABBCCCCCCDDBABDCCAABCDBACACBDBDBAADCADCACCCADBDDDDCDDBDBDBBDCBADDBCDDBCCDCCDCBDDAADBDDDCACABDDBACDCDDCDABBDBDDDCCADDBDBDDCDBCCCDDC	['D3C', 'D22B', 'A29D', 'B31A', 'C32D', 'D36B', 'D77A', 'B85C', 'A97C', 'D101C', 'D128B', 'B139A', 'B141D', 'B146C', 'D150B', 'D162A', 'C176D', 'D177B', 'B180C', 'C181D']	20	-2.7126877	-2.3486269	-2.7065248	0.006162882
DDCCDBBACDDCADCDBDCCBBABCBBADDBCCDCDDACDCBDADDDABCCDDDBACBABBCCCCCCBDBABDCCADBCABACCBBDBDBAADCADCACCDADBDDDDCDDBDBDBBDCBADDBCDDDCCDCCDCBDDBADBDDDBACADDBBACDCDDCDDBBDBDDDDCDCDBCCDDBCBCCADDC	['D3C', 'C5D', 'C6B', 'D22B', 'A26B', 'A29D', 'A37D', 'D50C', 'D68B', 'D80A', 'A84C', 'A97C', 'B141D', 'D152B', 'C170D', 'A172D', 'D173C', 'D177C', 'C185A']	19	-3.7162209	-2.349043	-3.7104788	0.005742073
DDDCCCBACDDCADCDBDCCBDABCDBADDBDCDCDAACDCBDADDDABDCCDDBACBABBCCACCCCDBABDCCADBCDBACCBBDBDBAADCADCACCDADBDDDDCDDBDBDBBDCBADDDCDDDCCDCCDCBDDBABBDDDCACADDDBACDCDDCDABBBBDDDCCDCDBDBDDBDBCCCDDC	['A26D', 'A29D', 'C32D', 'D52C', 'C64A', 'D68C', 'A84C', 'A97C', 'B124D', 'B146C', 'D162A', 'D165B', 'A172D', 'D173C', 'C176D', 'D177B', 'C181D']	17	-4.1876116	-2.3494518	-4.182274	0.005337715
DDCCCCBACDDCADCDBDCCBDABCABAADBCCDCDAACDCBDADDDABDCDDDBACBABBCCDCCCDDBABDCCADBCDBACABBDBDBAADCADDACBDADDDDDDCDDBDBDBBDCBADDBCDDDCCDCCDBBDDDABBDDDCACADDDBACDCDDCDDBBDBDDDCCADDBCCDDBCBCCCDDC	['D3C', 'C64D', 'A97D', 'C100B', 'B104D', 'C135B', 'B139D', 'B146C', 'D177C']	9	-3.9006603	-2.34981	-3.8956833	0.004976988
DDDCCCBACDDCADCDBDCCBDABCABAADBBCDCDAACDCBDADDDABDCDDDBACBABBCCCCCCDDBABDCCADBCDBACDBBDBDBAADCADCACCDADCDDDDCDDBDBDBBDCBADDCCDDDCCDCCDCCDDAADBADDCACADDBBACDCDDCDABBDBDDDCCACDBCDDDBCBCCCDDC	['C32B', 'A84D', 'A97C', 'B104C', 'B124C', 'B136C', 'B139A', 'B141D', 'D143A', 'B146C', 'D152B', 'D162A', 'D173C']	13	-5.478789	-2.350744	-5.474744	0.0040450096
DDDCCCBACDACADCDBDCCBDABCABADDADCDCDAACDCBDADDDABDCDDDBACBABBCCCCCCDDBABDCCADBCDBACABBDBDBAADCADAACCDADBDDDDCDDBDBDBBDCBADDBCDDDCCCCCDCBDDBADBADDCACADDBBACDCDDCDDBBDADDDCCADDBDBDDBABDCCDDC	['D11A', 'A29D', 'B31A', 'C32D', 'D131C', 'B141D', 'D143A', 'B146C', 'D152B', 'B166A', 'C176D', 'D177B', 'C181A', 'C183D']	14	-4.080201	-2.3509877	-4.0763984	0.0038027763
DDCCCCBACDDCADCDBDCCBDABCABADDCDCDCDAACDCBDADDDABDCDDDBACBABBCCCCCCDDBABDCCADBCDBACABBDBDBAADCADCACCDADBDDDDCDDBDBDBBDCBADDBCDDDCCDCCDCBDDAABBDDDCACADDDBACDCDDCDABBBBDDDCCAADBDBDDBDBCCCDDC	['D3C', 'A29D', 'B31C', 'C32D', 'A97C', 'B139A', 'B146C', 'D162A', 'D165B', 'D173A', 'C176D', 'D177B', 'C181D']	13	-4.805647	-2.3522308	-4.803087	0.0025596619
DDDCCCBACDDCADADBDCCBDABCABAADBCCDCDAACDCBDADDDABDCCDDBACBABBCCCCCCDDBABDCCADBCDBACABBDBDBAADCADAACCDADCDDDDCDDBDBDBBDCBADDDCDDDCCDCCDBBDDDABBDDDCACADDDBACDCDDCDDBBDBDDDCCADDBCDDDBCBCCCDDC	['C15A', 'D52C', 'B104C', 'B124D', 'C135B', 'B139D', 'B146C']	7	-4.7575526	-2.3523247	-4.755089	0.0024638176
DDCCCCBACDDCADCDBDCCBBABCABADDBDCDCDAACDCBDADDDABDCDDDBACBABBCCCCCCDDBABDCCADBCDBACCBBDBDBAADCADAACCCADBDDDDCDDBDBDBBDCBADDBCDDDCCDCCDCBDDBABBADDCACADDBBACDCDDCDDBBCBDDBCCDDDBCCDDBABCCCDDC	['D3C', 'D22B', 'A29D', 'C32D', 'A84C', 'D101C', 'D143A', 'B146C', 'D152B', 'D165C', 'D169B', 'A172D', 'D177C', 'C181A']	14	-4.81526	-2.352925	-4.8133984	0.0018615723
DDCCCCBACDDCADCDBDCCBDABCABAADBCCDCDAACDCBDADDDABDCDDDBACBABBCCCCCCDDBABDCCADBCDBACDBBDBDBAADCADCACCDADBDDDDCDDBDBDBBDCBADDBCDDDCCDCCDCBDDCABBDDDCACADDDBACCCDBCDDBBDBDDDCCAADBCCDDBCBCCCDDC	['D3C', 'A84D', 'A97C', 'B139C', 'B146C', 'D156C', 'D159B', 'D173A', 'D177C']	9	-4.7478743	-2.3533337	-4.746419	0.001455307
