Sequence	Mutations	Mutation_count	dm1	dm2	dm12	Dm1m2-max(dm1,dm2)
BCCDDDCDCADDBCDDABBCABCABDBACBDCBACABBCABADBCBABCACBBBDCCBDBADDBBBCBCBBCCCCADAACCBBABADBCBAABBBCCBB	['D10A', 'D13B', 'C19B', 'D20C', 'A33B', 'D35C', 'D36A', 'C37B', 'C43D', 'C46B', 'C53B', 'C54B', 'C55D', 'C62D', 'A63D', 'A71B', 'A74C', 'C82B', 'C90B', 'A93B']	20	5.2275915	5.1272626	9.517582	4.2899904
AAAADDCDCBDDDCDDABCCABBABDBACBDCBACACBCABADBCBABCACBBDDCCBDBADDBBBCBCBBCCACADAACCABABADBCBAABBBCCBB	['B1A', 'C2A', 'C3A', 'D4A', 'D10B', 'D20C', 'C23B', 'A33B', 'D35C', 'D36A', 'C43D', 'C46B', 'C53B', 'C54D', 'C55D', 'C62D', 'A63D', 'A71B', 'C82A', 'C90B', 'A93B']	21	6.2425156	6.031816	9.798217	3.5557013
AAADDDCDCCDDCCDDABBDABCABDBACBDCBADDCBCABACBCCAACCCBBDCCCBDBADCABBCBBBBCCACACAACCBBABADBCBCABBCCCBB	['B1A', 'C2A', 'C3A', 'D10C', 'D13C', 'C19B', 'A33B', 'B48A', 'A50C', 'C53B', 'C54D', 'C62D', 'A63C', 'B64A', 'C69B', 'A71B', 'D77C', 'C82B', 'C90B', 'A91C', 'A93B', 'B95C']	22	6.799386	6.242173	10.179299	3.3799133
AAADDDCDCCDDDCDBABCCABCABDBACBDCAADABBCABACBCDABCACBCCCCCBDBDDDBBBBBCBBCCACCDAACCCBABADBCCAABBBCCBB	['B1A', 'C2A', 'C3A', 'D10C', 'D16B', 'D20C', 'D36A', 'C37B', 'C46D', 'A61D', 'C62D', 'A63D', 'C67B', 'A71B', 'A76C', 'A93B']	16	1.1792827	0.36636686	4.4079123	3.2286296
BCCDDDCDCBDDDCDBABBDABCCBDBACBDCBADDCBCABADBCBABCACBBBDCCBDCADDABBCBCBDBAACADAACCBBABADBCBAABBBCCBB	['D10B', 'D16B', 'C19B', 'A24C', 'A33B', 'C43D', 'C46B', 'C53B', 'C54B', 'C55D', 'B60C', 'C62D', 'A63D', 'B64A', 'A71D', 'C72B', 'C73A', 'C82B', 'C90B', 'A93B']	20	6.199107	4.000067	9.361901	3.162794
AAADDDCDCBDDBCDDABCDABCCBDBACBDCBADDCBCABADBCBABCACBCBDCCBDBADDBBBCBCBBCCACACAACCBBABADBBBAABBBCCBB	['B1A', 'C2A', 'C3A', 'D10B', 'D13B', 'A24C', 'A33B', 'C43D', 'C46B', 'C54B', 'C55D', 'C62D', 'A63D', 'A71B', 'D77C', 'C82B', 'C89B', 'C90B', 'A93B']	19	5.053009	3.8542895	8.070023	3.0170135
AAADDDCDCBDDDCCDABCCABBABDBACBDCAACABBCABADBCBABCACBCDCCCCDBADDBBBCBCBBCCACADAACCBBABADBCBAABBBCCBB	['B1A', 'C2A', 'C3A', 'D10B', 'D15C', 'D20C', 'C23B', 'D35C', 'D36A', 'C37B', 'C43D', 'C46B', 'C54D', 'B58C', 'C62D', 'A63D', 'A71B', 'C82B', 'C90B', 'A93B']	20	5.862913	5.7785883	8.77924	2.9163265
AAADDDCDCCDDBCDDABCCABCDBDBACBDCBACABBCABADBCBABCACBCBCCCBDBACDBBBCBCBBCCACADADCCBBBBADBACCABBBCCBB	['B1A', 'C2A', 'C3A', 'D10C', 'D13B', 'D20C', 'A24D', 'A33B', 'D35C', 'D36A', 'C37B', 'C43D', 'C46B', 'C54B', 'A63D', 'A71B', 'A79D', 'C82B', 'A84B', 'C89A', 'A91C', 'A93B']	22	8.454239	3.7077007	11.324667	2.870428
BCCDDDCDCCDDBCCDABCCABCABDBACBDCBACACBCACACBCBABCACBBDBCDCDBADDBBBCBCBBCBACADAACCBBABADBCBAAABBCCBB	['D10C', 'D13B', 'D15C', 'D20C', 'A33B', 'D35C', 'D36A', 'B41C', 'C46B', 'C53B', 'C54D', 'C55B', 'C57D', 'B58C', 'C62D', 'A63D', 'A71B', 'C73B', 'C82B', 'C90B']	20	5.8220463	5.603264	8.563046	2.7410002
AAADDDCDCADDDCDDABCCABCABDBACBDCBACACBCACACBCBABCACBBDDCDCDBADDBBBCBCBBCCACADAACCBBABADBCBAABBBCCBB	['B1A', 'C2A', 'C3A', 'D10A', 'D20C', 'A33B', 'D35C', 'D36A', 'B41C', 'C46B', 'C53B', 'C54D', 'C55D', 'C57D', 'B58C', 'C62D', 'A63D', 'A71B', 'C82B', 'C90B', 'A93B']	21	5.9689054	5.5148387	8.621484	2.6525784
AAADDDCDCCDDDCDDABCDABCDBDBACBDCBADBCBCABACBCBABCACBCDCCCCDCADDBBBCBCBACCACADAACCBBABADBCCCDABBCCBB	['B1A', 'C2A', 'C3A', 'D10C', 'A24D', 'A33B', 'D36B', 'C46B', 'C54D', 'B58C', 'B60C', 'C62D', 'A63D', 'C82B', 'A91C', 'A92D']	16	7.0443954	5.444801	9.626933	2.5825377
AAADDDCDCBDDDCDDABBBABCDBDBACBDCAABBBBCABADBCDABCACBCADCDBDCADDCBBCBCBBCCACADAACCBBABADBCCAABBBCCBB	['B1A', 'C2A', 'C3A', 'D10B', 'C19B', 'D20B', 'A24D', 'D35B', 'D36B', 'C37B', 'C43D', 'C46D', 'C54A', 'C55D', 'C57D', 'B60C', 'C62D', 'A63D', 'B64C', 'A71B', 'C82B', 'A93B']	22	6.231036	5.526965	8.812409	2.5813732
AAADDDCDCCADBCDDABBCABCABDBACBDCBACABBCABACBCAABCCCBBCDCDBDBACDBBBCBCBBCCACADAACCBBABADBCBAAABBCCBB	['B1A', 'C2A', 'C3A', 'D10C', 'D11A', 'D13B', 'C19B', 'D20C', 'A33B', 'D35C', 'D36A', 'C37B', 'C46A', 'A50C', 'C53B', 'C55D', 'C57D', 'A63D', 'A71B', 'C82B', 'C90B']	21	5.4140105	2.5431156	7.9571304	2.54312
BCCDDDCDCCDDDCDDABCCABCABDBACBDCAADABBCACACBCBABCACBBCDCCBDBACDBBBCBCBCCCACADAACCBBABADBCBAAABBCCBB	['D10C', 'D20C', 'D36A', 'C37B', 'B41C', 'C46B', 'C53B', 'C55D', 'A63D', 'A71C', 'C82B', 'C90B']	12	3.0699897	2.5191774	5.5891695	2.5191798
BCCCDDCDCBDDDCDDABCDABCABDBACBDCAADDCBCABACBCDABCCCBCCCCCBDBACDBBBCBBBBCCACCDAACCCBABADBCCBAABBCCBB	['D4C', 'D10B', 'C46D', 'A50C', 'A63D', 'C69B', 'A71B', 'A76C', 'A91B']	9	-0.35777998	-0.42175436	2.0827274	2.4405074
BCCDDDCDCCDDDCDDABCCABCABDBACBDCBADACBCABACBCDABCCCBCCCCCBDBACDCBBCBCBBDCACADAACCABABADBCCAAABBCCBB	['D10C', 'D20C', 'A33B', 'D36A', 'C46D', 'A50C', 'A63D', 'B64C', 'A71B', 'C72D', 'C82A']	11	2.291222	2.0328221	4.710187	2.4189649
BCCDDDCDCBDDBCDDABDCABCABDBACBDDBACABBCABACBCDBBCACBBBCCCBDBACBBBACBCBBCCCCADAACCCBBBADBABAAABBCCBB	['D10B', 'D13B', 'C19D', 'D20C', 'C32D', 'A33B', 'D35C', 'D36A', 'C37B', 'C46D', 'A47B', 'C53B', 'C54B', 'A63B', 'B66A', 'A71B', 'A74C', 'A84B', 'C89A', 'C90B']	20	1.470253	0.37873316	3.8739758	2.4037228
AAADDDCDCADDBCCDABACABCDBDBACBDCBACABBCACACBCBABCACBBDCCCBDCADDBBBCBCBACCACADAACCBBABADBCCAAABBCCBB	['B1A', 'C2A', 'C3A', 'D10A', 'D13B', 'D15C', 'C19A', 'D20C', 'A24D', 'A33B', 'D35C', 'D36A', 'C37B', 'B41C', 'C46B', 'C53B', 'C54D', 'B60C', 'C62D', 'A63D', 'C82B']	21	5.785928	5.2346206	8.158285	2.3723574
BCCDDDCDCCDDDCDDABCCABCABDBACBDCAACAABCACACBCBABCACBCBCCCBDBADDBBBCBCBBCCACADAACCCBBBADBCBADABBCCBB	['D10C', 'D20C', 'D35C', 'D36A', 'C37A', 'B41C', 'C46B', 'C54B', 'C62D', 'A63D', 'A71B', 'A84B', 'C90B', 'A92D']	14	0.41238213	0.14504766	2.5824203	2.1700382
BCCDDDCDCADDBCDDABCCABCABDBACBDCBACABBCABADBCCABCACBBDDCDBDBADBBBBCBCBBDCCCACAACCBBABADBCBCAABBCCBB	['D10A', 'D13B', 'D20C', 'A33B', 'D35C', 'D36A', 'C37B', 'C43D', 'C53B', 'C54D', 'C55D', 'C57D', 'C62D', 'A63B', 'A71B', 'C72D', 'A74C', 'D77C', 'C82B', 'C90B', 'A91C']	21	6.1572104	4.9945617	8.289517	2.132307
BCCDDDCDCCDDBCDDABCDABCDBDBACBDCBADDCBCABACBCBABCACBCBCCCBDBACDCBBCBCBBCCACCDAACCBBABADBCCAABBBCCBB	['D10C', 'D13B', 'A24D', 'A33B', 'C46B', 'C54B', 'A63D', 'B64C', 'A71B', 'A76C', 'C82B', 'A93B']	12	3.7513497	2.9075618	5.8216343	2.0702846
BCCDDDCDCCDDBCCDABCCABCCBDBACBDCBACABBCABADBCBABCACBCDCCDBDBDDBBBBCBCBBCCACADAACCBBBBADBCBADABBCCBB	['D10C', 'D13B', 'D15C', 'D20C', 'A24C', 'A33B', 'D35C', 'D36A', 'C37B', 'C43D', 'C46B', 'C54D', 'C57D', 'A61D', 'C62D', 'A63B', 'A71B', 'C82B', 'A84B', 'C90B', 'A92D']	21	5.6415977	4.924657	7.7039957	2.062398
BCCDDDCDCCDDBCDDABCCABCDBDBACBDCBADACBCABADBCCABCACBBDCCCBDCADDCBBCBCBACCACADAACCBAABADBCCAAABBCCBB	['D10C', 'D13B', 'D20C', 'A24D', 'A33B', 'D36A', 'C43D', 'C53B', 'C54D', 'B60C', 'C62D', 'A63D', 'B64C', 'C82B', 'B83A']	15	5.157528	4.8736753	7.1689444	2.0114164
BCCDDDCDCCDDDCDDABCDABCABDBACBDCBACABBCABACBCBABCACBCCCCCCDCADDBBBCBCBCBAACADAACCDBABADBCBAABBBCCBB	['D10C', 'A33B', 'D35C', 'D36A', 'C37B', 'C46B', 'B58C', 'B60C', 'C62D', 'A63D', 'A71C', 'C72B', 'C73A', 'C82D', 'C90B', 'A93B']	16	1.7315941	-0.30883074	3.7019997	1.9704056
BCCDDDCDCADDBCDBABCCABCABDBACBDBBACABBCABACBCDABCACBCCDCCCDCCDDBBBCBCBBCCACCDAACCBBABADBDBAABBBCCBB	['D10A', 'D13B', 'D16B', 'D20C', 'C32B', 'A33B', 'D35C', 'D36A', 'C37B', 'C46D', 'C55D', 'B58C', 'B60C', 'A61C', 'C62D', 'A63D', 'A71B', 'A76C', 'C82B', 'C89D', 'C90B', 'A93B']	22	4.016987	1.9675713	5.984564	1.967577
BCCDDDCDCCDDDCDDABCDABCDBDBACBDCAACACBCACADBCCABCACBCCCCDBDBDCABBBCBCBACCACADAACCABABADBDCAAABBCCBB	['D10C', 'A24D', 'D35C', 'D36A', 'B41C', 'C43D', 'C57D', 'A61D', 'C82A', 'C89D']	10	1.8277574	1.5662942	3.780198	1.9524407
BCCDDDCDCCADDCDDABCDABCDBDBACBDCAADCABCABACBCBABCACBCCCCCBDBADDBBBCBCBBCCACACAACCBBABADBCCAABBBCCBB	['D10C', 'D11A', 'A24D', 'D36C', 'C37A', 'C46B', 'C62D', 'A63D', 'A71B', 'D77C', 'C82B', 'A93B']	12	2.9436908	1.9413486	4.8850403	1.9413495
BCCDDDCDCCDCDDDBABCDABCABDBACBDCBADDBBCABACBCDABCACBCDDCCBDBADDBBBABCBBDCACACAACCABABADBCBCAABBCCBB	['D10C', 'D12C', 'C14D', 'D16B', 'A33B', 'C37B', 'C46D', 'C54D', 'C55D', 'C62D', 'A63D', 'C67A', 'A71B', 'C72D', 'D77C', 'C82A', 'C90B', 'A91C']	18	4.391996	4.3644905	6.2803707	1.8883748
BCCDDDCDCCDDDCDDADCCABCDBDBACBDCCACACBCABADBCDABCACBCDCCCBDBACDCBBCBCBBCDACADAACCBBABADBCCAAABBCCBB	['D10C', 'B18D', 'D20C', 'A24D', 'A33C', 'D35C', 'D36A', 'C43D', 'C46D', 'C54D', 'A63D', 'B64C', 'A71B', 'C73D', 'C82B']	15	5.131116	4.71816	6.9870176	1.8559017
BCCDDDCDCCDDBCDDABCCABCDBDBACBDCBACABBCACACBCDABCACBCDDCDCDBADDBBBCBCBACCACCDAACCBBABADBCCAAABBCCBB	['D10C', 'D13B', 'D20C', 'A24D', 'A33B', 'D35C', 'D36A', 'C37B', 'B41C', 'C46D', 'C54D', 'C55D', 'C57D', 'B58C', 'C62D', 'A63D', 'A76C', 'C82B']	18	4.9143696	4.707077	6.759186	1.8448162
BCCDDBCDCCDDDCDBABCDDBCABDBACBDCBDDDCCCACACBCCAACACBCDCCCBDBBCDBBBCBCBBCCACADAACCBBBBADBCBAABBBCCBB	['D6B', 'D10C', 'D16B', 'A21D', 'A33B', 'A34D', 'B38C', 'B41C', 'B48A', 'C54D', 'A61B', 'A63D', 'A71B', 'C82B', 'A84B', 'C90B', 'A93B']	17	5.305238	4.6207776	7.063756	1.7585182
BCCDDDCDCADDBCDDCBCCABCABDBACBDCAACACBCABACBCAABCACBBCCCCCDBADDBBBCBCBCCCDCADAACCCBABADBCBAAABBCCBB	['D10A', 'D13B', 'A17C', 'D20C', 'D35C', 'D36A', 'C46A', 'C53B', 'B58C', 'C62D', 'A63D', 'A71C', 'A74D', 'C90B']	14	-0.12919521	-1.1296325	1.6034374	1.7326326
BCCDDDCDCBACBCDDABCBABCDBDBACBDCAADACBCABACBCBABCACBCDCCCBDBADDBBBBBCBBCCACADAACCBBABADBACAABBBCCBB	['D10B', 'D11A', 'D12C', 'D13B', 'D20B', 'A24D', 'D36A', 'C46B', 'C54D', 'C62D', 'A63D', 'C67B', 'A71B', 'C82B', 'C89A', 'A93B']	16	5.3242044	4.583211	7.0451517	1.7209473
AAADDDCDCCADBCDDABCDABCABDBACBDCBADDCBCABACBCDABCACBCBCCCCDBACDBBBCBCBBCCACCCAACCCBABADBCBAABBBCCBB	['B1A', 'C2A', 'C3A', 'D10C', 'D11A', 'D13B', 'A33B', 'C46D', 'C54B', 'B58C', 'A63D', 'A71B', 'A76C', 'D77C', 'C90B', 'A93B']	16	1.0800824	-0.3073759	2.797696	1.7176137
BCCDDDCDCCDBDCDDABDDABCABDBACBDCBADDCBCABACBCBAACACBCBCCCBDBACCBBBCBCBBACACADAACCBBBBADBCCAABBBCCBB	['D10C', 'D12B', 'C19D', 'A33B', 'C46B', 'B48A', 'C54B', 'A63C', 'A71B', 'C72A', 'C82B', 'A84B', 'A93B']	13	2.9157777	2.5327358	4.6112413	1.6954637
BCCDDDCDCCDDDCDDABCAABCABDBACBDCAACACBCACACBCDABCACBBCCCCBDBADDBBBCBBBBCCACADAACCCBABADBCBAAABBCCBB	['D10C', 'D20A', 'D35C', 'D36A', 'B41C', 'C46D', 'C53B', 'C62D', 'A63D', 'C69B', 'A71B', 'C90B']	12	-0.36919594	-1.1694741	1.323595	1.692791
AAADDDCDCCDDDCDDABCCABCDBDBACBDCAACACBCACACBCDABCACBCDCCCCDCADDCBBCBCBBCCACCCAACCCBBBADBCCAABBBCCBB	['B1A', 'C2A', 'C3A', 'D10C', 'D20C', 'A24D', 'D35C', 'D36A', 'B41C', 'C46D', 'C54D', 'B58C', 'B60C', 'C62D', 'A63D', 'B64C', 'A71B', 'A76C', 'D77C', 'A84B', 'A93B']	21	3.0631247	1.6883717	4.7514973	1.6883726
BCCBDDCDCADBBCDDABCCABCABDBACBDDAACABBCABADBCDBBCACBDBCCCBDBACDBBBCBCBBCCACADAACCBBABADBABCDABBCCBB	['D4B', 'D10A', 'D12B', 'D13B', 'D20C', 'C32D', 'D35C', 'D36A', 'C37B', 'C43D', 'C46D', 'A47B', 'C53D', 'C54B', 'A63D', 'A71B', 'C82B', 'C89A', 'C90B', 'A91C', 'A92D']	21	3.2818992	2.515617	4.9602404	1.6783412
BCCDDDCDCBDDBCDDABCDABCDBDBACBDCAADDCBDABACBCDABCACBCCCCDBDBADDBBBCBABCCCACADAACCCBABADBACAAABBCCBB	['D10B', 'D13B', 'A24D', 'C39D', 'C46D', 'C57D', 'C62D', 'A63D', 'C69A', 'A71C', 'C89A']	11	-0.330894	-1.2218752	1.3094912	1.6403852
BCCDDDCDCBDDDCDDABCDABCABDBACBDCBADBBBCACACBCCAACACBCDCCCBDCADDBBBCBCBDBCACADAACCABABADBCBAABBBCCBB	['D10B', 'A33B', 'D36B', 'C37B', 'B41C', 'B48A', 'C54D', 'B60C', 'C62D', 'A63D', 'A71D', 'C72B', 'C82A', 'C90B', 'A93B']	15	4.467637	4.109216	6.1007376	1.6331005
BCCDDDCDCADDDCCDABCDABCABDBACBDCAADDBBCABADBCDBBCACBCBDCDBDCADDBBBCBABBCCACCDAACCBBABADBDBAABBBCCBB	['D10A', 'D15C', 'C37B', 'C43D', 'C46D', 'A47B', 'C54B', 'C55D', 'C57D', 'B60C', 'C62D', 'A63D', 'C69A', 'A71B', 'A76C', 'C82B', 'C89D', 'C90B', 'A93B']	19	2.880785	2.46346	4.5069723	1.6261873
AAADDDCDCCDDDCCDABBCABCABDBACBDCAACACBCACACBCDAACACBCCCCDBDBADDBBBCBCBACCCCADAACCABABADBCBAABBBCCBB	['B1A', 'C2A', 'C3A', 'D10C', 'D15C', 'C19B', 'D20C', 'D35C', 'D36A', 'B41C', 'C46D', 'B48A', 'C57D', 'C62D', 'A63D', 'A74C', 'C82A', 'C90B', 'A93B']	19	3.0690513	1.229085	4.6842823	1.615231
BCCDDDCDCADDBCDBABCCABCABDBACBDDBADDCBCABADBCDABCACBDBCCCBDCACDBBACBCBBBBACADABCCCBBBADBABAAABBCCBB	['D10A', 'D13B', 'D16B', 'D20C', 'C32D', 'A33B', 'C43D', 'C46D', 'C53D', 'C54B', 'B60C', 'A63D', 'B66A', 'A71B', 'C72B', 'C73B', 'A79B', 'A84B', 'C89A', 'C90B']	20	0.6927428	-0.41295958	2.3047714	1.6120286
AAADDDCDCBDDBCDDABCDABCABDBACBDCBACACBCABADBCBABCACBCDCCCBDBADDBBBCBCBBDCCCADAACCBBABADBCBAABBBCCBB	['B1A', 'C2A', 'C3A', 'D10B', 'D13B', 'A33B', 'D35C', 'D36A', 'C43D', 'C46B', 'C54D', 'C62D', 'A63D', 'A71B', 'C72D', 'A74C', 'C82B', 'C90B', 'A93B']	19	4.9371862	4.467661	6.542588	1.605402
BCCDDDCDCBDDDCDDABCDABCABDBACBDAAADACBCABACBCDABCACBCCCCCBDBACDCBBCBCBBCCACADAACCCBABADBCCAAABBCCBB	['D10B', 'C32A', 'D36A', 'C46D', 'A63D', 'B64C', 'A71B']	7	-1.1556015	-1.2577658	0.44889545	1.604497
BCCDDDCDCCDDDCDDABCCABCDBDBACBDCAACACBCABADBCCABCACBCDCCCBDBADDCBBCBCBBCCACADAACCABBBADBCCAAABBCCBB	['D10C', 'D20C', 'A24D', 'D35C', 'D36A', 'C43D', 'C54D', 'C62D', 'A63D', 'B64C', 'A71B', 'C82A', 'A84B']	13	4.10492	4.071257	5.700062	1.5951419
AAADDDCDCCDDBCDDABCDABCDBDBACBDCBADABBCABACBCDABCACBCDCCDBDBADDCBBCBCBBCCACCDAACCABABADBCCAAABBCCBB	['B1A', 'C2A', 'C3A', 'D10C', 'D13B', 'A24D', 'A33B', 'D36A', 'C37B', 'C46D', 'C54D', 'C57D', 'C62D', 'A63D', 'B64C', 'A71B', 'A76C', 'C82A']	18	4.4750843	4.0622444	6.0612097	1.5861254
BCCBDDCDCBDDDCCDABCCABCABDBACBDCAACAABCABADBCBABCACBCDCCCBDCACDBBBCBCBBCCACADAACCCBBCADCCBCDABBCCBB	['D4B', 'D10B', 'D15C', 'D20C', 'D35C', 'D36A', 'C37A', 'C43D', 'C46B', 'C54D', 'B60C', 'A63D', 'A71B', 'A84B', 'B85C', 'B88C', 'C90B', 'A91C', 'A92D']	19	4.645954	1.5766201	6.222579	1.5766249
BCCBDDCDCADDDCDDABCCABCABDBACBDCBABAABCABACBCBABCACBACCCDBDBADDBBBCBCBACCBCADAACCCABCADBBCAAABBCCBB	['D4B', 'D10A', 'D20C', 'A33B', 'D35B', 'D36A', 'C37A', 'C46B', 'C53A', 'C57D', 'C62D', 'A63D', 'A74B', 'B83A', 'A84B', 'B85C', 'C89B']	17	1.0871801	-1.2919464	2.6575012	1.5703211
BCCBDDCDCADDDCDDABCCABCABDBACBDCBABAABCABACBCBABCACBACCCDBDBADDBBBCBCBACCBCADAACCCABCADBBCAAABBCCBB	['D4B', 'D10A', 'D20C', 'A33B', 'D35B', 'D36A', 'C37A', 'C46B', 'C53A', 'C57D', 'C62D', 'A63D', 'A74B', 'B83A', 'A84B', 'B85C', 'C89B']	17	1.0871801	-1.2919464	2.6575012	1.5703211
BCCDDDCDCDDDDDCDABCCABBABDBACBDCAACABBCACACBCDABCCCBCCCCCBDBADDCBBCBCBBCCACCDAACCDBABADBCBAABBBCCBB	['C14D', 'D15C', 'D20C', 'C23B', 'D35C', 'D36A', 'C37B', 'B41C', 'C46D', 'A50C', 'C62D', 'A63D', 'B64C', 'A71B', 'A76C', 'C82D', 'C90B', 'A93B']	18	-0.080037594	-0.71639967	1.4827948	1.5628324
BCCDDDCDCBDDBCDDABCBABBABDBACBDCBACACBCABACBCDABCACBCBDCDCDBADDBBBCBCBBBBACCDAACCCBABADBABAAABBCCBB	['D10B', 'D13B', 'D20B', 'C23B', 'A33B', 'D35C', 'D36A', 'C46D', 'C54B', 'C55D', 'C57D', 'B58C', 'C62D', 'A63D', 'A71B', 'C72B', 'C73B', 'A76C', 'C89A', 'C90B']	20	2.2844138	-0.46958542	3.839817	1.5554032
BCCDDDCDCADDDCDDABCCABCABDBACBDCAADACBCABACBCBABCACBBCCCCBDBADDBBBCBCBBCCCCADAACCBBABADBCBAABBBCCBB	['D10A', 'D20C', 'D36A', 'C46B', 'C53B', 'C62D', 'A63D', 'A71B', 'A74C', 'C82B', 'C90B', 'A93B']	12	3.0859652	1.5463419	4.63231	1.5463448
BCCDDDCDCCDDDCDDABCAABBABDBACBDCAADDCBCACACBCDABCACBBCCCCBDBACDBBBCBCBBCBACACAACCCBABADBCBAAABBCCBB	['D10C', 'D20A', 'C23B', 'B41C', 'C46D', 'C53B', 'A63D', 'A71B', 'C73B', 'D77C', 'C90B']	11	-1.1074471	-1.3164654	0.43835354	1.5458007
BCCDDDCDCCDDBCDDABCDABCCBDBACBDCBADDCBCABACBCBABCACBCCCCCBDBADDBBBCBCBACBACACAACCDBABADBABAABBBCCBB	['D10C', 'D13B', 'A24C', 'A33B', 'C46B', 'C62D', 'A63D', 'C73B', 'D77C', 'C82D', 'C89A', 'C90B', 'A93B']	13	-0.6111684	-0.73935986	0.9287071	1.5398755
AAADDDCDCADDDCDBABCDABCCBDBACBDCBADDCBCACACBCBABCACBBDCCCBDBACDDBBCBCBBDCACACAACCBBABADBCBCABBBCCBB	['B1A', 'C2A', 'C3A', 'D10A', 'D16B', 'A24C', 'A33B', 'B41C', 'C46B', 'C53B', 'C54D', 'A63D', 'B64D', 'A71B', 'C72D', 'D77C', 'C82B', 'C90B', 'A91C', 'A93B']	20	5.199773	4.395983	6.7334948	1.5337219
BCCDDDCDCCDDDCDDABCCABCDBDBACBDCAACACBCABACBCBABCACBCDDCDBDBADDBBACBCBBCCACADAACCABBBADBCCAAABBCCBB	['D10C', 'D20C', 'A24D', 'D35C', 'D36A', 'C46B', 'C54D', 'C55D', 'C57D', 'C62D', 'A63D', 'B66A', 'A71B', 'C82A', 'A84B']	15	4.393035	3.9884453	5.905364	1.5123291
BCCDDDCDCCADDCDDABBDABCABDBACBDCBADDCBCACACBCBABCACBCDDCCCDBADDABBCBCBBCCACADAACCBBBBADBCBCDBBCCCBB	['D10C', 'D11A', 'C19B', 'A33B', 'B41C', 'C46B', 'C54D', 'C55D', 'B58C', 'C62D', 'A63D', 'B64A', 'A71B', 'C82B', 'A84B', 'C90B', 'A91C', 'A92D', 'A93B', 'B95C']	20	6.8386517	4.3720627	8.3484535	1.5098019
BCCDDDCDCCADDCDDABBDABCABDBACBDCBADDCBCACACBCBABCACBCDDCCCDBADDABBCBCBBCCACADAACCBBBBADBCBCDBBCCCBB	['D10C', 'D11A', 'C19B', 'A33B', 'B41C', 'C46B', 'C54D', 'C55D', 'B58C', 'C62D', 'A63D', 'B64A', 'A71B', 'C82B', 'A84B', 'C90B', 'A91C', 'A92D', 'A93B', 'B95C']	20	6.8386517	4.3720627	8.3484535	1.5098019
AAADDDCDCCDDDCDDABCCABCABDBACBDCAADABBCABACBCCABCACBCCCCDBDBADABBBCBCBCCCACADAACCCBABADBCCAABBBCCBB	['B1A', 'C2A', 'C3A', 'D10C', 'D20C', 'D36A', 'C37B', 'C57D', 'C62D', 'A71C', 'A93B']	11	-1.3032379	-1.366272	0.1927557	1.4959936
BCCDDDCDCCDDDCDDABCCABCABDBACBDCAACACBCACACBCCABCACBCBCCCBDCADDBBBCBCBBCBACADAACCCBABADBCBAABBBCCBB	['D10C', 'D20C', 'D35C', 'D36A', 'B41C', 'C54B', 'B60C', 'C62D', 'A63D', 'A71B', 'C73B', 'C90B', 'A93B']	13	-0.2831173	-0.54976416	1.1921082	1.4752254
BCCDDDCDCCADBCDDABCDABCABDBACBDCBADDBBCABADBCCBBCACBCBCCCBDBADDCBBCBCBCAAACACAACCCBABADBCBAABBBCCBB	['D10C', 'D11A', 'D13B', 'A33B', 'C37B', 'C43D', 'A47B', 'C54B', 'C62D', 'A63D', 'B64C', 'A71C', 'C72A', 'C73A', 'D77C', 'C90B', 'A93B']	17	-0.022922993	-0.5578494	1.4442148	1.4671378
AAADDDCDCCDCDCCDABCCABCDBDBACBDCAADACBCABACBCDAACACBCDCCCCDBADCCDBCBCBACCACADAACCBBBBADBCCAAABBCCBB	['B1A', 'C2A', 'C3A', 'D10C', 'D12C', 'D15C', 'D20C', 'A24D', 'D36A', 'C46D', 'B48A', 'C54D', 'B58C', 'C62D', 'A63C', 'B64C', 'B65D', 'C82B', 'A84B']	19	4.5904245	4.3267784	6.0549393	1.4645147
BCCDDDCDCCDDDCDDABCCABCDBDBACBDCAACAABCACACBCDABCACBCDCCCBDBACCBBBCBCBBACACACAACCCBBBADBCCCABBBCCBB	['D10C', 'D20C', 'A24D', 'D35C', 'D36A', 'C37A', 'B41C', 'C46D', 'C54D', 'A63C', 'A71B', 'C72A', 'D77C', 'A84B', 'A91C', 'A93B']	16	1.7809014	1.4209657	3.201869	1.4209676
AAADDDCDCADDDCDDABCCABCABDBACBDCBACABBCABADBCCABCACBCBCCCBDBACDBBBCBCBBCCACADAACCABABADBCBAABBBCCBB	['B1A', 'C2A', 'C3A', 'D10A', 'D20C', 'A33B', 'D35C', 'D36A', 'C37B', 'C43D', 'C54B', 'A63D', 'A71B', 'C82A', 'C90B', 'A93B']	16	3.985718	1.8622417	5.3968315	1.4111135
BCCDDDCDCCDDDCDDABCDABCABDBACBDCAADDCBCABACBCBABCACBCCCCCCDBACDBBBCBCBCAAACACAACCCBABADBCBAABBBCCBB	['D10C', 'C46B', 'B58C', 'A63D', 'A71C', 'C72A', 'C73A', 'D77C', 'C90B', 'A93B']	10	-1.3286347	-1.4568539	0.076779366	1.4054141
AAADDDCDCCDDDCCDABCCABBABDBACBDCAACABBCABACBCDABCACBBCDCDCDCADDBBBCBCBBCCACCDAACCABABADBCBAABBBCCBB	['B1A', 'C2A', 'C3A', 'D10C', 'D15C', 'D20C', 'C23B', 'D35C', 'D36A', 'C37B', 'C46D', 'C53B', 'C55D', 'C57D', 'B58C', 'B60C', 'C62D', 'A63D', 'A71B', 'A76C', 'C82A', 'C90B', 'A93B']	23	5.6049595	1.0148616	7.00597	1.4010105
BCCDDDCDCBDDBCDDABBDABCDBDBACBDCBADDCBCABACBCDABCACBCDDCCBDBACDBBBCBCBBCCACCDAACCBBABADBCCAABBBCBBB	['D10B', 'D13B', 'C19B', 'A24D', 'A33B', 'C46D', 'C54D', 'C55D', 'A63D', 'A71B', 'A76C', 'C82B', 'A93B', 'C97B']	14	4.3628607	4.2550287	5.7556295	1.3927689
BCCDDDCDCCDCDCDDABCAABCDBDBACBDCBACAABCABACBCDABCACBCDCCDBDBACDBBBCBCBBCCCCACAACCCBBBADBCCAABBBCCBB	['D10C', 'D12C', 'D20A', 'A24D', 'A33B', 'D35C', 'D36A', 'C37A', 'C46D', 'C54D', 'C57D', 'A63D', 'A71B', 'A74C', 'D77C', 'A84B', 'A93B']	17	1.4067521	1.3765707	2.7833261	1.376574
BCCDDDCDCBDBBCDDABBCABCDBDBACBDCBADDCBCABACBCDABCACBCDDCDBDBACDBBBCBCBBCAACACAACCBBABADBCCCAABBCCBB	['D10B', 'D12B', 'D13B', 'C19B', 'D20C', 'A24D', 'A33B', 'C46D', 'C54D', 'C55D', 'C57D', 'A63D', 'A71B', 'C73A', 'D77C', 'C82B', 'A91C']	17	6.2106543	4.1795382	7.527932	1.3172779
BCCDDDCDCCCDBCDBABCCABCABDBACBDDBACACBCABACBCCBBCACBCBACDBDBADDBBBCBCBBDCCCADAACCDBBBADBCBAAABBCCBB	['D10C', 'D11C', 'D13B', 'D16B', 'D20C', 'C32D', 'A33B', 'D35C', 'D36A', 'A47B', 'C54B', 'C55A', 'C57D', 'C62D', 'A63D', 'A71B', 'C72D', 'A74C', 'C82D', 'A84B', 'C90B']	21	1.7154629	-0.13040543	3.0270147	1.3115518
BCCDDDCDCCDDDCDDABCDABCDBDBACBDCAADDCBCABABBCDABCACBCCCCCBDCADACBBCBABBCCCCACAACCCBBBADBCCAABBBCCBB	['D10C', 'A24D', 'C43B', 'C46D', 'B60C', 'C62D', 'B64C', 'C69A', 'A71B', 'A74C', 'D77C', 'A84B', 'A93B']	13	-0.7700701	-1.5534768	0.53871536	1.3087854
BCCDDDCDCBDDBCDDABCDABCDBDBACBDCBADACBCABACBCDABCACBCBCCCCDBACDCBBCBCBACCACADAACCCBBBADBCCAAABBCCBB	['D10B', 'D13B', 'A24D', 'A33B', 'D36A', 'C46D', 'C54B', 'B58C', 'A63D', 'B64C', 'A84B']	11	1.3272824	-0.7407937	2.611475	1.2841926
BCCDDDCDCBDDDCDBABCDABCABDBACBDCBADDCBCABACBCDABCACBBCCCCBDBADDBBBCBCBBCCCCACAACCCBBBADBCBAABBBCCBB	['D10B', 'D16B', 'A33B', 'C46D', 'C53B', 'C62D', 'A63D', 'A71B', 'A74C', 'D77C', 'A84B', 'C90B', 'A93B']	13	1.4064441	-1.5870786	2.681633	1.2751889
BCCDDDCDCBDDDCDBABCDABCABDBACBDCBADDCBCABACBCDABCACBBCCCCBDBADDBBBCBCBBCCCCACAACCCBBBADBCBAABBBCCBB	['D10B', 'D16B', 'A33B', 'C46D', 'C53B', 'C62D', 'A63D', 'A71B', 'A74C', 'D77C', 'A84B', 'C90B', 'A93B']	13	1.4064441	-1.5870786	2.681633	1.2751889
BCCDDDCDCCDDBCDCABCCABCABDBACBDCAADACBCABACBCDAACAABCCCCCBDBADCBBBCBCBBCCACADAACCBBBBADBCCAAABBCCBB	['D10C', 'D13B', 'D16C', 'D20C', 'D36A', 'C46D', 'B48A', 'C51A', 'C62D', 'A63C', 'A71B', 'C82B', 'A84B']	13	2.0825105	1.2678542	3.3503675	1.2678571
BCCDDDCDCADDDCDDADDACBCABDBACBDCAADDBBCABACBCDABCACBCCDCDBDCADDBBBBBBBBCCACCCAACCCBABADBCBAABBCCCBB	['D10A', 'B18D', 'C19D', 'D20A', 'A21C', 'C37B', 'C46D', 'C55D', 'C57D', 'B60C', 'C62D', 'A63D', 'C67B', 'C69B', 'A71B', 'A76C', 'D77C', 'C90B', 'A93B', 'B95C']	20	-0.8719654	-1.5947089	0.3955927	1.2675581
AAADDDCDCCDDDCCDABCCABCABDBACBDCAACABBCACACBCBABCACBCDDCDBDBBCDBBBCBCBBACACCDAACCBBABADBCBAABBBCCBB	['B1A', 'C2A', 'C3A', 'D10C', 'D15C', 'D20C', 'D35C', 'D36A', 'C37B', 'B41C', 'C46B', 'C54D', 'C55D', 'C57D', 'A61B', 'A63D', 'A71B', 'C72A', 'A76C', 'C82B', 'C90B', 'A93B']	22	4.3713303	4.1200976	5.6291714	1.2578411
AAADDDCDCCDDDCCCABAAABCDBDBACBDCAACACBCABACBCBABCACBCDDCCCDBADCBBBCBCBCCCACADAACCBBABADBCCADABBCCBB	['B1A', 'C2A', 'C3A', 'D10C', 'D15C', 'D16C', 'C19A', 'D20A', 'A24D', 'D35C', 'D36A', 'C46B', 'C54D', 'C55D', 'B58C', 'C62D', 'A63C', 'A71C', 'C82B', 'A92D']	20	4.1392083	4.110251	5.3871975	1.2479892
BCCBDDCDCBDDDCDDABCCABCABDBACBDCCACABBCABADBCBABCACBCDCCCBDBADDBBBBBCBBBCACADAACCBBABADCCBAAABBCCBB	['D4B', 'D10B', 'D20C', 'A33C', 'D35C', 'D36A', 'C37B', 'C43D', 'C46B', 'C54D', 'C62D', 'A63D', 'C67B', 'A71B', 'C72B', 'C82B', 'B88C', 'C90B']	18	4.9752235	4.0775294	6.1904936	1.21527
AAADDDCDCCDDBCDDABCDABCABDBACBDCCACBBBCABACBCBBBCACBCBDCDBDBADDBBACBCBBCCACADAACCCBBBADBCBAAABBCCBB	['B1A', 'C2A', 'C3A', 'D10C', 'D13B', 'A33C', 'D35C', 'D36B', 'C37B', 'C46B', 'A47B', 'C54B', 'C55D', 'C57D', 'C62D', 'A63D', 'B66A', 'A71B', 'A84B', 'C90B']	20	1.1292882	-0.82166815	2.332611	1.2033229
BCCDDDCDCCDDDCDDABDDABCABDBACBDCBADDCBCABACBCCABCACBCDCCCBDBADDBBBCBBBBCCCCADAACCCBBBADBCBCAABBCCBB	['D10C', 'C19D', 'A33B', 'C54D', 'C62D', 'A63D', 'C69B', 'A71B', 'A74C', 'A84B', 'C90B', 'A91C']	12	1.7826452	1.188407	2.971054	1.1884089
AAADDDCDCCADDCCDADBAABCABDBACBDDADDACBCABADBCDBBCACBCBCCCBDBACDBBBCBABBCBACADAACCBBACADBABAAABBCCBB	['B1A', 'C2A', 'C3A', 'D10C', 'D11A', 'D15C', 'B18D', 'C19B', 'D20A', 'C32D', 'A34D', 'D36A', 'C43D', 'C46D', 'A47B', 'C54B', 'A63D', 'C69A', 'A71B', 'C73B', 'C82B', 'B85C', 'C89A', 'C90B']	24	2.2842515	2.0244718	3.471445	1.1871936
AAADDDCDCCDDBCDDABCCABCABDBACBDCBACACBCACACBCCAACACBCACCCBDBADDBBBCBCBDCCACADAACCBBABADBCBAABBBCCBB	['B1A', 'C2A', 'C3A', 'D10C', 'D13B', 'D20C', 'A33B', 'D35C', 'D36A', 'B41C', 'B48A', 'C54A', 'C62D', 'A63D', 'A71D', 'C82B', 'C90B', 'A93B']	18	5.2372055	4.1319094	6.423526	1.1863203
BCCDDDCDCCDDDCDDABCAABCABDBACBDCAADABBCABACBBCABCACBCCCCCBDBACDBBBCBCBBACACADAACCCBACADBCBCABBBCCBB	['D10C', 'D20A', 'D36A', 'C37B', 'C45B', 'A63D', 'A71B', 'C72A', 'B85C', 'C90B', 'A91C', 'A93B']	12	0.46823597	-1.6768184	1.6536856	1.1854496
BCCDDDCDCCDDDCDDABCDABCABDBACBDCBADDCBCABACBCBAACACBCDCCCBDBACACBBCBCBACCBCADAACCBBBBADBCCCAABBCCBB	['D10C', 'A33B', 'C46B', 'B48A', 'C54D', 'B64C', 'A74B', 'C82B', 'A84B', 'A91C']	10	4.347827	4.04529	5.530856	1.1830292
BCCDDDCDCCDDDCDDABCCABCABDBACBDCAACACBCABADBCCBACACBBDCCCBDBADDBBACBCBBCCACADAACCABBBADBCCACABBCCBB	['D10C', 'D20C', 'D35C', 'D36A', 'C43D', 'A47B', 'B48A', 'C53B', 'C54D', 'C62D', 'A63D', 'B66A', 'A71B', 'C82A', 'A84B', 'A92C']	16	4.468127	3.643189	5.6351995	1.1670728
AAADDDCDCCDCDCDDABCDABCABDBACBDCBADBABCABACBCBABCACBCDCCCCDBADDBBBCBCBCCCACADAACCBBABADBCBAABBBCCBB	['B1A', 'C2A', 'C3A', 'D10C', 'D12C', 'A33B', 'D36B', 'C37A', 'C46B', 'C54D', 'B58C', 'C62D', 'A63D', 'A71C', 'C82B', 'C90B', 'A93B']	17	4.2205915	4.021077	5.37941	1.1588182
AAADDDCDCBDDDCDDABBCABCABDBACBDCAACACBCABADBCDABCACBCDDCDBDBACDBBBCBCBBCCACACAACCABABADBCBADBBBCCBB	['B1A', 'C2A', 'C3A', 'D10B', 'C19B', 'D20C', 'D35C', 'D36A', 'C43D', 'C46D', 'C54D', 'C55D', 'C57D', 'A63D', 'A71B', 'D77C', 'C82A', 'C90B', 'A92D', 'A93B']	20	3.912393	3.6211796	5.057458	1.1450648
BCCDDDCDCCDDDCDDABCDABCABDBACBDCAADDCBCABACBCCABCACBCCCCCCDCADCBBBCBCBBCBCCACAACCCBABADBCBAAABBCCBB	['D10C', 'B58C', 'B60C', 'C62D', 'A63C', 'A71B', 'C73B', 'A74C', 'D77C', 'C90B']	10	-1.6841917	-1.7246637	-0.5465908	1.1376009
BCCDDDCDCBDDDCDDABCDABCDBDBACBDCAACDCBCABACBCCABCACBCCCCDBDBACDBBBCBCCACCACADAACCCBABADBCCAAABBCCBB	['D10B', 'A24D', 'D35C', 'C57D', 'A63D', 'B70C']	6	-1.5984302	-1.7252202	-0.46138382	1.1370463
AAADDDCDCCDDDCDDABCCABCABDBACBDCBACACBCACACBCDBBCACBBDCCCCDBADDBBBCBCBBCCACADAACCBBABADBCBAABBBCCBB	['B1A', 'C2A', 'C3A', 'D10C', 'D20C', 'A33B', 'D35C', 'D36A', 'B41C', 'C46D', 'A47B', 'C53B', 'C54D', 'B58C', 'C62D', 'A63D', 'A71B', 'C82B', 'C90B', 'A93B']	20	5.6563053	3.9982042	6.7922497	1.1359444
BCCDDDCDCCDDDCCDABCCABCDBDBACBDCAACAABCABADBCDABCACBCDACDBDBADDCBBCBCBACCACADAACCABBBADBCCAAABBCCBB	['D10C', 'D15C', 'D20C', 'A24D', 'D35C', 'D36A', 'C37A', 'C43D', 'C46D', 'C54D', 'C55A', 'C57D', 'C62D', 'A63D', 'B64C', 'C82A', 'A84B']	17	3.6806345	3.611434	4.8159523	1.1353178
AAADDDCDCDDDDCDDABCDABCABDBACBDCBADDBBCABACBCBABCACBCCCCCBDBADDBBBCBCBBCBCCADAACCCBBBADBCBAAABBCCBB	['B1A', 'C2A', 'C3A', 'A33B', 'C37B', 'C46B', 'C62D', 'A63D', 'A71B', 'C73B', 'A74C', 'A84B', 'C90B']	13	-0.29841423	-1.7551231	0.8087311	1.1071453
AAADDDCDCCDDBCDDABCDABCABDBACBDCBADBBBCABACBCCAACACBCACCCBDCADABBACBDBBACACADAACCABABADBCCAAABBCCBB	['B1A', 'C2A', 'C3A', 'D10C', 'D13B', 'A33B', 'D36B', 'C37B', 'B48A', 'C54A', 'B60C', 'C62D', 'B66A', 'C69D', 'A71B', 'C72A', 'C82A']	17	3.6798325	3.657835	4.778223	1.0983906
AAADDDCDCDDDDCDDABBDABCDBDBACBDCBACACBCABACBCBABCACBCDCCDBDBADDBBBCBCBDCCACADAACCBBABADBCCAABBBCCBB	['B1A', 'C2A', 'C3A', 'C19B', 'A24D', 'A33B', 'D35C', 'D36A', 'C46B', 'C54D', 'C57D', 'C62D', 'A63D', 'A71D', 'C82B', 'A93B']	16	4.0250893	3.9588947	5.121722	1.096633
AAADDDCDCBDDDCDDABCCABCABDBACBDCBACBCBCACACBABABCACBCDDCCBDBADDCBBCBCBACCACADAACCCABBADBCBAAABBCCBB	['B1A', 'C2A', 'C3A', 'D10B', 'D20C', 'A33B', 'D35C', 'D36B', 'B41C', 'C45A', 'C46B', 'C54D', 'C55D', 'C62D', 'A63D', 'B64C', 'B83A', 'A84B', 'C90B']	19	3.1499438	1.0896854	4.2396345	1.0896907
BCCDDDCDCBDDDCDDABCDABCABDBACBDDBADDCBCABACBCDBBCACBCBCCCBDBADDBBBCBCBBCDACACAACCCBBBADBCBAABBCCCBB	['D10B', 'C32D', 'A33B', 'C46D', 'A47B', 'C54B', 'C62D', 'A63D', 'A71B', 'C73D', 'D77C', 'A84B', 'C90B', 'A93B', 'B95C']	15	-0.9102869	-0.9435935	0.17110825	1.0813951
AAADDDCDCCDDDCCDABBCABCABDBACBDCAADDCBCABACBCBABCACBCCCCCCDBACDBBBCBCBACCACADAACCBBABADBCBAAABBCCBB	['B1A', 'C2A', 'C3A', 'D10C', 'D15C', 'C19B', 'D20C', 'C46B', 'B58C', 'A63D', 'C82B', 'C90B']	12	2.459064	1.0303288	3.489397	1.030333
BCCDDDCDCCDDDCCDABCDABCABDBACBDCAACAABCACACBCCAACACBCCCCCBDBACDBBBCBCBBCCACADAACCBBABADBCBAABBBCCBB	['D10C', 'D15C', 'D35C', 'D36A', 'C37A', 'B41C', 'B48A', 'A63D', 'A71B', 'C82B', 'C90B', 'A93B']	12	2.4862666	1.0089893	3.4952602	1.0089936
BCCDDDCDCCDDDCCDABCDABCABDBACBDCAACAABCACACBCCAACACBCCCCCBDBACDBBBCBCBBCCACADAACCBBABADBCBAABBBCCBB	['D10C', 'D15C', 'D35C', 'D36A', 'C37A', 'B41C', 'B48A', 'A63D', 'A71B', 'C82B', 'C90B', 'A93B']	12	2.4862666	1.0089893	3.4952602	1.0089936
BCCDDDCDCCDDDCDDABBDABCABDBACBDCAADDCBCABACBCCAACACBCCCCCBDBACDBBBCBCBBCCACACAACCBBABADBCBAABBBCCBB	['D10C', 'C19B', 'B48A', 'A63D', 'A71B', 'D77C', 'C82B', 'C90B', 'A93B']	9	1.5859532	1.0048499	2.590808	1.0048547
BCCDDDCDCCDDBDDDABCCABCABDBACBDDBACDCBCABACBCDBBCACBCBCCCBDBBCCCBACBABACCCCABAACCCBBBADBCCCAABBCCBB	['D10C', 'D13B', 'C14D', 'D20C', 'C32D', 'A33B', 'D35C', 'C46D', 'A47B', 'C54B', 'A61B', 'A63C', 'B64C', 'B66A', 'C69A', 'A74C', 'D77B', 'A84B', 'A91C']	19	-0.19993448	-1.0211873	0.8038626	1.003797
BCCDDDCDCCADBCDDABBCABCABDBACBDCBACABBCABACBCDABCCCBCCCCDBDBACDBBBCBCBBCCACADAACCBBABADBCBAABBBCCBB	['D10C', 'D11A', 'D13B', 'C19B', 'D20C', 'A33B', 'D35C', 'D36A', 'C37B', 'C46D', 'A50C', 'C57D', 'A63D', 'A71B', 'C82B', 'C90B', 'A93B']	17	3.6032765	0.97545195	4.5787296	0.97545314
BCCDDDCDCCDDDCDDABCDABCABDBACBDCAADDCBCACACBCBABCACBCCCCCBDBACDBBBCBCBBCCCCADAACCBBABADBCBAABBBCCBB	['D10C', 'B41C', 'C46B', 'A63D', 'A71B', 'A74C', 'C82B', 'C90B', 'A93B']	9	1.450706	0.9633703	2.4140768	0.9633708
AAADDDCDCCADBCDDABCDABCABDBACBDDBACAABCACACBCDBBCACBCBDCCBDBADDBBBCBCBCBAACADAACCCBBBADBCBAAABBCCBB	['B1A', 'C2A', 'C3A', 'D10C', 'D11A', 'D13B', 'C32D', 'A33B', 'D35C', 'D36A', 'C37A', 'B41C', 'C46D', 'A47B', 'C54B', 'C55D', 'C62D', 'A63D', 'A71C', 'C72B', 'C73A', 'A84B', 'C90B']	23	-0.8723445	-1.0699282	0.08271694	0.95506144
AAADDDCDCBDDBCCDABCAABCABDBACBDDAADACBCABACBCDBBCACBDBACCBDBBCDCBBCBCBBCDACADAACCCBABADBCBAAABBCCBB	['B1A', 'C2A', 'C3A', 'D10B', 'D13B', 'D15C', 'D20A', 'C32D', 'D36A', 'C46D', 'A47B', 'C53D', 'C54B', 'C55A', 'A61B', 'A63D', 'B64C', 'A71B', 'C73D', 'C90B']	20	-0.29109955	-1.0716991	0.66218567	0.9532852
BCCDDDCDCCDCDDDDABCAABCDBDBACBDCBACABBCABACBCCABCACBBDCCCBDCADDBBBCBCBDCCACADAACCBBABADBCCAAABBCCBB	['D10C', 'D12C', 'C14D', 'D20A', 'A24D', 'A33B', 'D35C', 'D36A', 'C37B', 'C53B', 'C54D', 'B60C', 'C62D', 'A63D', 'A71D', 'C82B']	16	5.765847	3.8141532	6.717741	0.9518938
AAADDDADCAADDCDDABCDABCABDBACBDCAADDCBCABACBCCABCACBCCCCCBDBACDBBBCBCBBCCACACAACCCBABADBCCAABBBCCBB	['B1A', 'C2A', 'C3A', 'C7A', 'D10A', 'D11A', 'A63D', 'A71B', 'D77C', 'A93B']	10	-1.5288687	-1.916635	-0.5832386	0.9456301
BCCDDDCDCCDDDCCDABCBABCABDBACBDCAADACBCABACBCCABCACBCCCCCCDBADDBBBCBCBACBACADAACCCBABADBCBAAABBCCBB	['D10C', 'D15C', 'D20B', 'D36A', 'B58C', 'C62D', 'A63D', 'C73B', 'C90B']	9	-1.6294665	-1.9297404	-0.6969404	0.9325261
AAADDDCDCCDDBCCDABCAABCABDBACBDDBADBCBCACADBCDBBCACBCBCCCBDBADDBBBCBCBBCCACADAACCBBBBADBABAAABBCCBB	['B1A', 'C2A', 'C3A', 'D10C', 'D13B', 'D15C', 'D20A', 'C32D', 'A33B', 'D36B', 'B41C', 'C43D', 'C46D', 'A47B', 'C54B', 'C62D', 'A63D', 'A71B', 'C82B', 'A84B', 'C89A', 'C90B']	22	3.2260406	1.7653275	4.154093	0.9280522
BCCDDDCDCCCDBCDBABCDABCABDBACBDCAADDBBCABADBCDABCACBADCCCBDBACDCBBCBCBBCCACADAACCABBBADBCBCAABBCCBB	['D10C', 'D11C', 'D13B', 'D16B', 'C37B', 'C43D', 'C46D', 'C53A', 'C54D', 'A63D', 'B64C', 'A71B', 'C82A', 'A84B', 'C90B', 'A91C']	16	5.1441603	3.4018583	6.069906	0.92574596
AAADDDCDCBDBDCDDABCDABCDBDBACBDCBADDCBCABACBCDABCACBCDDCDCDBADDCBBCBABACCACACAACCBBABADBCCAAABBCCBB	['B1A', 'C2A', 'C3A', 'D10B', 'D12B', 'A24D', 'A33B', 'C46D', 'C54D', 'C55D', 'C57D', 'B58C', 'C62D', 'A63D', 'B64C', 'C69A', 'D77C', 'C82B']	18	4.098692	3.783032	5.0194616	0.9207697
AAADDDCDCCDDCCCDABCAABCABDBACBDCAADACBCABACBCBABCACBCDDCCBDBADDBBBBBCBBCBACADAACCBBABADBCBAAABBCCBB	['B1A', 'C2A', 'C3A', 'D10C', 'D13C', 'D15C', 'D20A', 'D36A', 'C46B', 'C54D', 'C55D', 'C62D', 'A63D', 'C67B', 'A71B', 'C73B', 'C82B', 'C90B']	18	4.354427	3.7716694	5.263837	0.90941
BCCDDDCDCCDDDDCDABCDABCABDBACBDCAADDCBCACACBCCABCACBCCCCCCDBACDBBBCBCBBCCCCADAACCCBBBADBCCAABBBCCBB	['D10C', 'C14D', 'D15C', 'B41C', 'B58C', 'A63D', 'A71B', 'A74C', 'A84B', 'A93B']	10	-1.0027924	-1.962038	-0.10256386	0.9002285
AAADDDCDCCACBCDDABCAABCDBDBACBDCAADACBCABADBCCAACACBCDCCCBDCACDCBBBBCBACCACADAACCBBBBADBBCAAABBCCBB	['B1A', 'C2A', 'C3A', 'D10C', 'D11A', 'D12C', 'D13B', 'D20A', 'A24D', 'D36A', 'C43D', 'B48A', 'C54D', 'B60C', 'A63D', 'B64C', 'C67B', 'C82B', 'A84B', 'C89B']	20	6.2880054	3.7520354	7.17778	0.8897748
BCCDDDCDCCDDDCDDABCCABCABDBACBDCAACACBCABACBCCABCACBCCCCCBDBACDBBBCBCBBCBACACAACCCBABADBCBAABBBCCBB	['D10C', 'D20C', 'D35C', 'D36A', 'A63D', 'A71B', 'C73B', 'D77C', 'C90B', 'A93B']	10	-1.2983088	-1.9799194	-0.41595936	0.8823495
AAADDDCDCDDDDCDDABCDABCABDBACBDCAACDBBCABACBCDABCACBCCDCDBDBADDBBBCBCBBCCACCDAACCCBABADBCBAABBBCCBB	['B1A', 'C2A', 'C3A', 'D35C', 'C37B', 'C46D', 'C55D', 'C57D', 'C62D', 'A63D', 'A71B', 'A76C', 'C90B', 'A93B']	14	-1.3957701	-1.98207	-0.51557064	0.88019943
BCCDDDCDCCDDBCDDABCCABCABDBACBDCAADACBCACACBCDABCACBCBDCCBDBADDBBBCBCBCCCACADAACCABABADBCBAABBCCCBB	['D10C', 'D13B', 'D20C', 'D36A', 'B41C', 'C46D', 'C54B', 'C55D', 'C62D', 'A63D', 'A71C', 'C82A', 'C90B', 'A93B', 'B95C']	15	1.7883835	1.3289151	2.6661673	0.8777838
BCCDDDCDCCDDDCCDABCCABCABDBACBDCAACABBCABACBCBABCACBCDCCCBDBADDBBBCBCBBCCACADAACCABABADCCBAAABBCCBC	['D10C', 'D15C', 'D20C', 'D35C', 'D36A', 'C37B', 'C46B', 'C54D', 'C62D', 'A63D', 'A71B', 'C82A', 'B88C', 'C90B', 'B99C']	15	3.6038532	3.3479967	4.4757347	0.8718815
BCCDDDCDCBDDDCDDABCDABCABDBACBDCAACDBBCABACBCDABCACBCCCCCBDBACDBBBCBCBCCCACADAACCCBABADBCBAAABBCCBB	['D10B', 'D35C', 'C37B', 'C46D', 'A63D', 'A71C', 'C90B']	7	-1.5720668	-1.9919443	-0.7017422	0.8703246
BCCDDDCDCCDDBCDDABCDABCABDBACBDCBADDCBCABACBCBAACACBCDCCCCDBADDBBBCBCBBDBACACAACCBBBBADBCBAABBBCCBB	['D10C', 'D13B', 'A33B', 'C46B', 'B48A', 'C54D', 'B58C', 'C62D', 'A63D', 'A71B', 'C72D', 'C73B', 'D77C', 'C82B', 'A84B', 'C90B', 'A93B']	17	3.8704321	3.7322536	4.740426	0.8699939
BCCDDDCDCADDBCDDABCDABCABDBACBDCBACAABCAAACBCBABCACBCACCCBDBADDCBBCBCBBCCCCADAACCABABADBCBAABBBCCBB	['D10A', 'D13B', 'A33B', 'D35C', 'D36A', 'C37A', 'B41A', 'C46B', 'C54A', 'C62D', 'A63D', 'B64C', 'A71B', 'A74C', 'C82A', 'C90B', 'A93B']	17	3.6252906	3.4010067	4.4668493	0.8415587
AAADDDCDCCDDDCDDABCCABBABDBACBDCAACACBCABADBCCABCACBBDCCDBDBADDBBBCBCBBCCACADAACCBBABADCCBAAABBCCBB	['B1A', 'C2A', 'C3A', 'D10C', 'D20C', 'C23B', 'D35C', 'D36A', 'C43D', 'C53B', 'C54D', 'C57D', 'C62D', 'A63D', 'A71B', 'C82B', 'B88C', 'C90B']	18	4.881495	3.7028337	5.722067	0.8405719
BCCDDDCDCCDBDCDDABCAABCABDBACBDCAADDCBCACACBCDABCACBCCCCCBDCADDBBBCBCBBCBACADAACCCBABADBCBAABBBCCBB	['D10C', 'D12B', 'D20A', 'B41C', 'C46D', 'B60C', 'C62D', 'A63D', 'A71B', 'C73B', 'C90B', 'A93B']	12	-1.7450943	-2.021799	-0.90462494	0.84046936
BCCDDDCDCCDDCCCCABCAABCDBDBACBDCAACACBCABADBCCABCACBCDCCCBDBADCBBBBBCBBDDACADAACCBBABADBCCAAABBCCBB	['D10C', 'D13C', 'D15C', 'D16C', 'D20A', 'A24D', 'D35C', 'D36A', 'C43D', 'C54D', 'C62D', 'A63C', 'C67B', 'A71B', 'C72D', 'C73D', 'C82B']	17	5.2801332	3.696477	6.1143484	0.83421516
BCCDDDCDCCDDDCDDABCAABCABDBACBDCAADDCBCABACBCDABCACBCCCCCBDBADDCBBCBCBBCCACCDAACCCBABADBCBAABBBCCBB	['D10C', 'D20A', 'C46D', 'C62D', 'A63D', 'B64C', 'A71B', 'A76C', 'C90B', 'A93B']	10	-1.1960459	-2.0307236	-0.36450195	0.8315439
BCCDDDCDCCDDBCCDABDCABBABDBACBDCAADACBCABACBCDABCACBBCCCCBDBADDCBBCBCBACCACCDAACCCBBBADBCCAAABBCCBB	['D10C', 'D13B', 'D15C', 'C19D', 'D20C', 'C23B', 'D36A', 'C46D', 'C53B', 'C62D', 'A63D', 'B64C', 'A76C', 'A84B']	14	0.29950237	-2.039538	1.1222277	0.8227253
BCCDDDCDCCDDBCDDABCCABCABDBACBDCBACAABCACADBCCAACACBCACCCBDBADDCBBCBCBCCCCCADAACCBBBBADBCBAABBBCCBB	['D10C', 'D13B', 'D20C', 'A33B', 'D35C', 'D36A', 'C37A', 'B41C', 'C43D', 'B48A', 'C54A', 'C62D', 'A63D', 'B64C', 'A71C', 'A74C', 'C82B', 'A84B', 'C90B', 'A93B']	20	5.0504885	3.7678852	5.872781	0.8222923
BCCBDDCDCCDDDCCDADCCABCABDBACBDCBACACBCABADBCDABCACBCACCDBDBADDBBBCBCBDCCACADAACCBBACADBCBAABBBCCBB	['D4B', 'D10C', 'D15C', 'B18D', 'D20C', 'A33B', 'D35C', 'D36A', 'C43D', 'C46D', 'C54A', 'C57D', 'C62D', 'A63D', 'A71D', 'C82B', 'B85C', 'C90B', 'A93B']	19	5.097543	3.7454758	5.8974285	0.79988575
BCCDDDCDCBDDDCDDABCAABCABDBACBDCBABACBCACACBCDABCACBCBDCCCDCCDDBBBCBCBBABACADAACCCBACADBABAABBBCCBB	['D10B', 'D20A', 'A33B', 'D35B', 'D36A', 'B41C', 'C46D', 'C54B', 'C55D', 'B58C', 'B60C', 'A61C', 'C62D', 'A63D', 'A71B', 'C72A', 'C73B', 'B85C', 'C89A', 'C90B', 'A93B']	21	2.7495751	-1.2338176	3.5407476	0.7911725
BCCDDDCDCCDDDCDDABCAABCABDBACBDCAACABBCABACBCDABCACBCCCCCBDCADDCBBCBCBBCCACCDAACCCBABADBCCAABBBCCBB	['D10C', 'D20A', 'D35C', 'D36A', 'C37B', 'C46D', 'B60C', 'C62D', 'A63D', 'B64C', 'A71B', 'A76C', 'A93B']	13	-0.3668189	-2.0722132	0.423234	0.7900529
BCCDDDCDCCADBCDDABBCABCABDBACBDCCACACBCACACBCDBBCACBBBDCDCDBADDBBBCBCBBBBACADAACCBBABADBCBAAABBCCBB	['D10C', 'D11A', 'D13B', 'C19B', 'D20C', 'A33C', 'D35C', 'D36A', 'B41C', 'C46D', 'A47B', 'C53B', 'C54B', 'C55D', 'C57D', 'B58C', 'C62D', 'A63D', 'A71B', 'C72B', 'C73B', 'C82B', 'C90B']	23	4.3849382	1.6262984	5.1739616	0.7890234
AAADDDCDCCABCCCDABBAABCABDBACBDCAADACBCABACBCBABCACBCDDCDBDBADDBBBBBCBBCBACADAACCBBACADBCBAAABBCCBB	['B1A', 'C2A', 'C3A', 'D10C', 'D11A', 'D12B', 'D13C', 'D15C', 'C19B', 'D20A', 'D36A', 'C46B', 'C54D', 'C55D', 'C57D', 'C62D', 'A63D', 'C67B', 'A71B', 'C73B', 'C82B', 'B85C', 'C90B']	23	5.0175543	3.6452441	5.800538	0.7829838
AAADDDCDCBDDDCDDABCCABCABDBACBDCBACACBCACADBCBABCACBCDCCCBDCADDBBBCBCBBCCACADAACCBBBBADBCBAABBBCCBB	['B1A', 'C2A', 'C3A', 'D10B', 'D20C', 'A33B', 'D35C', 'D36A', 'B41C', 'C43D', 'C46B', 'C54D', 'B60C', 'C62D', 'A63D', 'A71B', 'C82B', 'A84B', 'C90B', 'A93B']	20	6.8184566	3.6406083	7.5968056	0.7783489
BCCDDDCDCCDDDCDDABCAABCABDBACBDCAADACBCACABBCCABCACBCCCCCBDBADDBBBCBCBBACBCADAACCCBABADBCBAABBBCCBB	['D10C', 'D20A', 'D36A', 'B41C', 'C43B', 'C62D', 'A63D', 'A71B', 'C72A', 'A74B', 'C90B', 'A93B']	12	-1.558023	-2.0901785	-0.78593254	0.77209044
BCCDDDCDCBDDDCDDABCDABCDBDBACBDCBACDCBCABACBCDABCACBCDCCDBDBACDBBBCBCBBCCACADAACCBBABADBCCAABBBCCBB	['D10B', 'A24D', 'A33B', 'D35C', 'C46D', 'C54D', 'C57D', 'A63D', 'A71B', 'C82B', 'A93B']	11	3.8647223	3.6200147	4.6224766	0.7577543
BCCDDDCDCBDDDCCDABCAABBABDBACBDCAACABBCABACBCDABCCCBCDCCCBDCBCDBBBCBCBBCBACADAACCCBACADBABADBBBCCBB	['D10B', 'D15C', 'D20A', 'C23B', 'D35C', 'D36A', 'C37B', 'C46D', 'A50C', 'C54D', 'B60C', 'A61B', 'A63D', 'A71B', 'C73B', 'B85C', 'C89A', 'C90B', 'A92D', 'A93B']	20	1.0932884	0.7564721	1.8497639	0.75647545
BCCDDDCDCCDDDCDDABCDABCABDBACBDCAADDCBCABACBCCAACACBCCCCCBDBACBBBBCBCBBCCACACAACCBBABADBCBAABBBCCBB	['D10C', 'B48A', 'A63B', 'A71B', 'D77C', 'C82B', 'C90B', 'A93B']	8	1.3565931	0.74922657	2.1058245	0.74923134
BCCDDDCDCBDDDCDDABCDABCABDBACBDCBADDCBCACACBCCABCACBBDDCDBDBADDBBBCBCBDDCACADAACCBBABADBCBAABBCCCBB	['D10B', 'A33B', 'B41C', 'C53B', 'C54D', 'C55D', 'C57D', 'C62D', 'A63D', 'A71D', 'C72D', 'C82B', 'C90B', 'A93B', 'B95C']	15	4.175445	3.6114593	4.9246445	0.7491994
BCCDDDCDCCDDDCDDABCDABCDBDBACBDCAADDCBCABACBCDABCACBCCDCCBDBADDBBBCBCBACCCCACAACCBBABADBCCAABBBCCBB	['D10C', 'A24D', 'C46D', 'C55D', 'C62D', 'A63D', 'A74C', 'D77C', 'C82B', 'A93B']	10	0.9703193	0.744833	1.7151556	0.74483633
AAADDDCDCCDDDCCDABCDABCDBDBACDDCBBCBCBCABADBCDABCACBCDCCCBDBADDBBBCBCBCACADADAACCBBABADCCCAAABBCCBB	['B1A', 'C2A', 'C3A', 'D10C', 'D15C', 'A24D', 'B30D', 'A33B', 'A34B', 'D35C', 'D36B', 'C43D', 'C46D', 'C54D', 'C62D', 'A63D', 'A71C', 'C72A', 'C75D', 'C82B', 'B88C']	21	3.9756684	3.5991488	4.712554	0.73688555
AAADDDCDCCDDDCCDABCDABCDBDBACDDCBBCBCBCABADBCDABCACBCDCCCBDBADDBBBCBCBCACADADAACCBBABADCCCAAABBCCBB	['B1A', 'C2A', 'C3A', 'D10C', 'D15C', 'A24D', 'B30D', 'A33B', 'A34B', 'D35C', 'D36B', 'C43D', 'C46D', 'C54D', 'C62D', 'A63D', 'A71C', 'C72A', 'C75D', 'C82B', 'B88C']	21	3.9756684	3.5991488	4.712554	0.73688555
BCCDDDCDCCDDDCDDABCCABCABDBACBDCBACACBCACACBCCABCACBCDDCCBDBADDBBBCBCBBCBACADAAACBBABADBCBAABBBCCBB	['D10C', 'D20C', 'A33B', 'D35C', 'D36A', 'B41C', 'C54D', 'C55D', 'C62D', 'A63D', 'A71B', 'C73B', 'C80A', 'C82B', 'C90B', 'A93B']	16	3.9945571	3.59065	4.722947	0.72839
BCCDDDCDCCDDDCDDABCAABCDBDBACBDCAADCCBCABACBCDABCACBCCCCCCDBACDCBBCBCBBCCACADAACCABABADBCCAABBBCCBB	['D10C', 'D20A', 'A24D', 'D36C', 'C46D', 'B58C', 'A63D', 'B64C', 'A71B', 'C82A', 'A93B']	11	2.8686967	0.32798147	3.5828266	0.7141299
AAADDDCDCCDDDCCDABCCABCABDBACBDCAACACBCABADBCCABCACBCDCCCBDBADDBBBCBABBCBACADAACCBBABADBCBAAABBCCBB	['B1A', 'C2A', 'C3A', 'D10C', 'D15C', 'D20C', 'D35C', 'D36A', 'C43D', 'C54D', 'C62D', 'A63D', 'C69A', 'A71B', 'C73B', 'C82B', 'C90B']	17	3.76118	3.567741	4.4666595	0.7054796
BCCDDDCDCADDDCDDABCCABCABDBACBDDAADACBCABACBCDABCACBCCCCCCDBACDBBBCBCBBCCACADAACCABBBADBCCAAABBCCBB	['D10A', 'D20C', 'C32D', 'D36A', 'C46D', 'B58C', 'A63D', 'A71B', 'C82A', 'A84B']	10	0.32775164	0.31498384	1.0288849	0.70113325
BCCDDDCDCCDDBCDDABCCABCABDBACBDCAADACBCACACBCCABCACBCCCCCBDBADACBBCBCBACCACADAACCCBACADBCCAABBBCCBB	['D10C', 'D13B', 'D20C', 'D36A', 'B41C', 'C62D', 'B64C', 'B85C', 'A93B']	9	-2.0954447	-2.163443	-1.3966236	0.69882107
BCCDDDCDCCDDDDDDABCDABCDBDBACBDCAACDCBCACACBCDABCACBCCCCCBDBACACBBCBCBACCCCADAACCCBBBADBCCAAABBCCBB	['D10C', 'C14D', 'A24D', 'D35C', 'B41C', 'C46D', 'B64C', 'A74C', 'A84B']	9	-1.5280385	-2.1698155	-0.83559036	0.69244814
BCCDDDCDCDDDBCDDADCAABCABDBACBDCAADDCBCABACBABABCACBCCCCCBDBACDBBBCBCBBDCACACAACCCBABADBCBAAABBCCBB	['D13B', 'B18D', 'D20A', 'C45A', 'C46B', 'A63D', 'A71B', 'C72D', 'D77C', 'C90B']	10	-2.1546507	-2.176927	-1.4693098	0.6853409
BCCDDDCDCADDDCDDABCDABCABDBACBDCAACDCBBABACBCDABCACBCCCCCCDBADDCBBCBCBACCACADAACCCBABADBCBAAABBCCBB	['D10A', 'D35C', 'C39B', 'C46D', 'B58C', 'C62D', 'A63D', 'B64C', 'C90B']	9	-2.0922365	-2.179679	-1.409647	0.68258953
BCCDDDCDCADDBCDDABCCABCABDBACBDCBACABBCABACBCBABCACBCDCCCCDCADDBBBCBCBBBBACADAACCBBABADBCBAAABBCCBB	['D10A', 'D13B', 'D20C', 'A33B', 'D35C', 'D36A', 'C37B', 'C46B', 'C54D', 'B58C', 'B60C', 'C62D', 'A63D', 'A71B', 'C72B', 'C73B', 'C82B', 'C90B']	18	4.1403284	3.542696	4.8207645	0.68043613
BCCDDDCDCCDDDCDDABCDABCABDBACBDCAADDCBCACACBCDAACACBCCCCDBDBACCBBBCBABCCCACADAACCBBABADBCBAABBBCCBB	['D10C', 'B41C', 'C46D', 'B48A', 'C57D', 'A63C', 'C69A', 'A71C', 'C82B', 'C90B', 'A93B']	11	1.2918711	0.67697906	1.9688511	0.67698
AAADDDCDCCDDDCDDABCDABCABDBACBDDBADDCBCACACBCDBBCACBBBCCCBDCACDBBBCBCBBCDACADAACCBBABADBABAABBBCCBB	['B1A', 'C2A', 'C3A', 'D10C', 'C32D', 'A33B', 'B41C', 'C46D', 'A47B', 'C53B', 'C54B', 'B60C', 'A63D', 'A71B', 'C73D', 'C82B', 'C89A', 'C90B', 'A93B']	19	3.1843526	1.5088596	3.855938	0.6715853
BCCDDDCDCCDDDCDDABCDABCABDBACBDCAACACBCABACBCCABCACBCCCCCBDBADDBBBCBCBBCBACACAACCCBABADBCCAABBBCCBB	['D10C', 'D35C', 'D36A', 'C62D', 'A63D', 'A71B', 'C73B', 'D77C', 'A93B']	9	-2.1574316	-2.1937428	-1.4889069	0.66852474
BCCDDDCDCCDDDCDDABCDABCABDBACBDCAACACBCABACBCCABCACBCCCCCBDBADDBBBCBCBBCBACACAACCCBABADBCCAABBBCCBB	['D10C', 'D35C', 'D36A', 'C62D', 'A63D', 'A71B', 'C73B', 'D77C', 'A93B']	9	-2.1574316	-2.1937428	-1.4889069	0.66852474
BCCDDDCDCBDDDCDDABCDABCABDBACBDCBADDCBCABACBCDABCACBBCCCCBDBACCBBBCBCBACCCCADAACCCBBBADBDCAAABBCCBB	['D10B', 'A33B', 'C46D', 'C53B', 'A63C', 'A74C', 'A84B', 'C89D']	8	-0.5740385	-2.1969824	0.091243744	0.66528225
BCCDDDCDCCDDBCDDABCCABCABDBACBDCAACAABCACACBCCABCACBBCCCCBDBADDCBBCBDBBCCACADAACCCBBBADBCBAAABBCCBB	['D10C', 'D13B', 'D20C', 'D35C', 'D36A', 'C37A', 'B41C', 'C53B', 'C62D', 'A63D', 'B64C', 'C69D', 'A71B', 'A84B', 'C90B']	15	0.041208744	-2.2040153	0.6994591	0.65825033
BCCDDDCDCCDDBCCDABCDABCDBDBACBDCAADDBBCABACBCCABCACBCCDCDBDBACDBBBCBABACCACADAACCBBABADBCCAAABBCCBB	['D10C', 'D13B', 'D15C', 'A24D', 'C37B', 'C55D', 'C57D', 'A63D', 'C69A', 'C82B']	10	1.1721039	0.6535764	1.8256826	0.65357876
BCCDDDCDCCDDBCCCABCBABCABDBACBDCAACACBCACACBCCABCACBCCCCDBDBDCCBBBCBCBDACACADAACCCBABADBCCAAABBCCBB	['D10C', 'D13B', 'D15C', 'D16C', 'D20B', 'D35C', 'D36A', 'B41C', 'C57D', 'A61D', 'A63C', 'A71D', 'C72A']	13	-1.4695549	-2.227096	-0.83438396	0.63517094
AAADDDCDCCADBBCDABCCABCABDBACBDCBACABBCACADBCCABCACBCBCCCBDCCDDBBBCBCBBCBACADAACCABACADBCBAABBBCCBB	['B1A', 'C2A', 'C3A', 'D10C', 'D11A', 'D13B', 'C14B', 'D15C', 'D20C', 'A33B', 'D35C', 'D36A', 'C37B', 'B41C', 'C43D', 'C54B', 'B60C', 'A61C', 'C62D', 'A63D', 'A71B', 'C73B', 'C82A', 'B85C', 'C90B', 'A93B']	26	4.6893015	1.0844417	5.3226123	0.6333108
BCCDDDCDCBDBBCCDABBCABCABDBACBDCBACABBCACACBCBABCACBCBCCCBDBADDBBBCBCBCABACADAACCCBBBADBCBAAABBCCBB	['D10B', 'D12B', 'D13B', 'D15C', 'C19B', 'D20C', 'A33B', 'D35C', 'D36A', 'C37B', 'B41C', 'C46B', 'C54B', 'C62D', 'A63D', 'A71C', 'C72A', 'C73B', 'A84B', 'C90B']	20	1.1597133	-1.3947086	1.7899914	0.6302781
BCCDDDCDCBDDDCDDABCDABCABDBACBDCAADDCBCABACBCBABCACBCCCCDBDBACDBBBCBCBBCBACADAACCCBBBADBCBAAABBCCBB	['D10B', 'C46B', 'C57D', 'A63D', 'A71B', 'C73B', 'A84B', 'C90B']	8	-0.8172517	-2.2405467	-0.19552994	0.62172174
AAADDDCDCBDDDCDDABCDABCDBDBACBDCAADCCBCACACBCDABCACBCDDCCBDBADDCBBCBCBACCACCDAACCCBBBADBCCAAABBCCBB	['B1A', 'C2A', 'C3A', 'D10B', 'A24D', 'D36C', 'B41C', 'C46D', 'C54D', 'C55D', 'C62D', 'A63D', 'B64C', 'A76C', 'A84B']	15	1.1142406	0.6215	1.7357416	0.62150097
AAADDDCDCCDDDCCBABCCABCABDBACBDCAACACBCACACBCDBBCACBBDCCCCDBADDBBBCBCBBBBACADAACCBBABADBCBAAABBCCBB	['B1A', 'C2A', 'C3A', 'D10C', 'D15C', 'D16B', 'D20C', 'D35C', 'D36A', 'B41C', 'C46D', 'A47B', 'C53B', 'C54D', 'B58C', 'C62D', 'A63D', 'A71B', 'C72B', 'C73B', 'C82B', 'C90B']	22	4.544649	3.4797022	5.1620913	0.61744213
AAADDDCDCCDDBCDDCBBCABCABDBACBDCBACABBCABACBCBABCACBCDCCCBDBACDBBBCBCBBDCACCDAACCBBABADBCBAABBBCCBB	['B1A', 'C2A', 'C3A', 'D10C', 'D13B', 'A17C', 'C19B', 'D20C', 'A33B', 'D35C', 'D36A', 'C37B', 'C46B', 'C54D', 'A63D', 'A71B', 'C72D', 'A76C', 'C82B', 'C90B', 'A93B']	21	4.453868	3.4757762	5.0673847	0.6135168
BCCDDDCDCBDDDCDDABCDABCABDBACBDCAADDCBCACACBCBABCACBCCCCCBDBADDBBBCBCBACCACACAACCCBACADCCBAABBBCCBB	['D10B', 'B41C', 'C46B', 'C62D', 'A63D', 'D77C', 'B85C', 'B88C', 'C90B', 'A93B']	10	-1.4997921	-2.2519813	-0.88950634	0.61028576
BCCDDDCDCBDDDCDDABCDABCABDBACBDCAACCBBCABACBCBABCACBCCCCCBDBADDDBBCBCBACCACADAACCCBDBADBCBAAABBCCBB	['D10B', 'D35C', 'D36C', 'C37B', 'C46B', 'C62D', 'A63D', 'B64D', 'A84D', 'C90B']	10	-1.7222228	-2.2614837	-1.121439	0.6007838
BCCDDDCDCBDDDCDDABCDABCABDBACBDCAACCBBCABACBCBABCACBCCCCCBDBADDDBBCBCBACCACADAACCCBDBADBCBAAABBCCBB	['D10B', 'D35C', 'D36C', 'C37B', 'C46B', 'C62D', 'A63D', 'B64D', 'A84D', 'C90B']	10	-1.7222228	-2.2614837	-1.121439	0.6007838
BCCDDDCDCBADBCDDABCAABCABDBACBDDBADACBCABACBCCABCACBBBCCCBDCADDBBBCBCBBCBCCADAACCCBBBADBABAAABBCCBB	['D10B', 'D11A', 'D13B', 'D20A', 'C32D', 'A33B', 'D36A', 'C53B', 'C54B', 'B60C', 'C62D', 'A63D', 'A71B', 'C73B', 'A74C', 'A84B', 'C89A', 'C90B']	18	0.9285917	-1.4278598	1.5257196	0.5971279
BCCDDDCDCBDBDCCCABBDABCABDBACBDCAADDCBCABACBCBABCACBCCDCCBDBACBCBBCBCBACCBCACAACCABACADBCCAAABBCCBB	['D10B', 'D12B', 'D15C', 'D16C', 'C19B', 'C46B', 'C55D', 'A63B', 'B64C', 'A74B', 'D77C', 'C82A', 'B85C']	13	0.46672058	0.20968151	1.0625486	0.59582806
AAADDDCDCCDDBCDDABCCABCABDBACBDCBACAABCACADBCCAACACBCACCCBDBADDCBBCBCBCCCCCADAACCBBBBADBCBAABBBCCBB	['B1A', 'C2A', 'C3A', 'D10C', 'D13B', 'D20C', 'A33B', 'D35C', 'D36A', 'C37A', 'B41C', 'C43D', 'B48A', 'C54A', 'C62D', 'A63D', 'B64C', 'A71C', 'A74C', 'C82B', 'A84B', 'C90B', 'A93B']	23	5.689102	3.5393944	6.2829075	0.5938053
AAADDDCDCCDDDCDDABCDABBABDBACBDCBADDABCABACBCBABCACBCDCCCCDCADDBBBCBCBBABACADAACCBBABADBCBAABBBCCBB	['B1A', 'C2A', 'C3A', 'D10C', 'C23B', 'A33B', 'C37A', 'C46B', 'C54D', 'B58C', 'B60C', 'C62D', 'A63D', 'A71B', 'C72A', 'C73B', 'C82B', 'C90B', 'A93B']	19	4.223986	3.4513311	4.813057	0.5890708
AAADDBCDCAADDCDDABCDABCABDBACBDCAADDCBCABACBCCABCACBCCCCCBDBACDBBBCBCBBCCACACAACCCBABADBCCAABBBCCBB	['B1A', 'C2A', 'C3A', 'D6B', 'D10A', 'D11A', 'A63D', 'A71B', 'D77C', 'A93B']	10	-1.8186784	-2.274249	-1.2306623	0.58801603
AAADDDCDCCDDBCDDABABABCDBDBACBDCCADACBCABACBCDABCACBCDCCCBDCACDBBBCBCBACCACADAACCCBBBADBCCAAABBCCBB	['B1A', 'C2A', 'C3A', 'D10C', 'D13B', 'C19A', 'D20B', 'A24D', 'A33C', 'D36A', 'C46D', 'C54D', 'B60C', 'A63D', 'A84B']	15	0.6860752	0.586216	1.272295	0.5862198
BCCDDDCDCCACDDDDABCDABCDBDBACBDCAACCABCACACBCCABCACBCCCCCBDBCCDBBBCBCBCDCACADAACCCBBBADBCCAABBBCCBB	['D10C', 'D11A', 'D12C', 'C14D', 'A24D', 'D35C', 'D36C', 'C37A', 'B41C', 'A61C', 'A63D', 'A71C', 'C72D', 'A84B', 'A93B']	15	-0.23874378	-2.2766466	0.34687424	0.585618
BCCDDDCDCCDBBCDBABCCABCABDBACBDDBADAABCABACBCDABCACBCCCCDBDBACDBBBCBCBBCCACADAACCBBBBADBCBAAABBCCBB	['D10C', 'D12B', 'D13B', 'D16B', 'D20C', 'C32D', 'A33B', 'D36A', 'C37A', 'C46D', 'C57D', 'A63D', 'A71B', 'C82B', 'A84B', 'C90B']	16	1.5827751	0.5823345	2.1651144	0.5823393
BCCDDDCDCBDDDCDDABCCABCABDBACBDDAACAABCABACBCDBBCACBCBCCCCDBADDBBBCBCBBCBACAAAACCCBBBADBABAABBBCCBB	['D10B', 'D20C', 'C32D', 'D35C', 'D36A', 'C37A', 'C46D', 'A47B', 'C54B', 'B58C', 'C62D', 'A63D', 'A71B', 'C73B', 'D77A', 'A84B', 'C89A', 'C90B', 'A93B']	19	-1.2347937	-1.443099	-0.6529045	0.58188915
BCCDDDCDCCDCDDDDABCDABCABDBACBDCAADACBCABACBCBABCACBCCCCDBDBADDBBBCBCBACCACADAACCBBABADBCBAABBCCCBB	['D10C', 'D12C', 'C14D', 'D36A', 'C46B', 'C57D', 'C62D', 'A63D', 'C82B', 'C90B', 'A93B', 'B95C']	12	1.6345606	0.56871796	2.2032833	0.5687227
BCCDDDCDCCDDDCDDABCCABCABDBACBDCBABBBBCABACBCCABCACBCBCCCBDBADDBBBCBCBBCCACADAACCCABBADBBBAAABBCCBB	['D10C', 'D20C', 'A33B', 'D35B', 'D36B', 'C37B', 'C54B', 'C62D', 'A63D', 'A71B', 'B83A', 'A84B', 'C89B', 'C90B']	14	2.072425	-1.4573212	2.6400948	0.56766987
BCCDDDCDCCDDDCDDABCDABCABDBACBDCAADDCBCABACBCCAACACBCCCCCBDBACDDBBCBCBBCCCCACAACCBBABADBCBAABBBCCBB	['D10C', 'B48A', 'A63D', 'B64D', 'A71B', 'A74C', 'D77C', 'C82B', 'C90B', 'A93B']	10	0.8956871	0.5650592	1.4607506	0.5650635
BCCDDDCDCCADDCDDABCDABCABDBACBDCBADDCBCABACBCDBBCACBBDCCCBDBADDBBBBBCBDBBACACAACCCBBCADBCBBAABBCCBB	['D10C', 'D11A', 'A33B', 'C46D', 'A47B', 'C53B', 'C54D', 'C62D', 'A63D', 'C67B', 'A71D', 'C72B', 'C73B', 'D77C', 'A84B', 'B85C', 'C90B', 'A91B']	18	1.8638201	0.55513906	2.4189625	0.5551424
AAADDDCDCDDDDCCDABCDABCABDBACBDCAADDBBAABACBCDABCACBCCCCCBDBADDBBBCBCBBCCACADAACCCBABADCCBAAABBCCBB	['B1A', 'C2A', 'C3A', 'D15C', 'C37B', 'C39A', 'C46D', 'C62D', 'A63D', 'A71B', 'B88C', 'C90B']	12	-2.0577197	-2.3130379	-1.5084906	0.54922915
AAADDDCDCCDDDCDDABCAABCABDBACBDCAADACBCABACBCCABCACBCCCCCBDBACABBBCBCBBCCACADAACCCBABADBCBAAABBCCBB	['B1A', 'C2A', 'C3A', 'D10C', 'D20A', 'D36A', 'A71B', 'C90B']	8	-1.3018765	-2.3291912	-0.76880074	0.5330758
BCCDDDCDCDDCDDDDABCAABCABDBACBDCAADDCBCABACBCDABCACBCCCCCBDBADBBBBCACBBCCCCACAACCCBABADBCBAABBBCCBB	['D12C', 'C14D', 'D20A', 'C46D', 'C62D', 'A63B', 'B68A', 'A71B', 'A74C', 'D77C', 'C90B', 'A93B']	12	-2.2720137	-2.336804	-1.7465506	0.5254631
BCCDDDCDCCDDDCDCABDAABCABDBACBDCAADDCBCACACBCDABCACBCCCCDBDBACABBBCBCBCCCCCACAACCCBABADBCBADABBCCBB	['D10C', 'D16C', 'C19D', 'D20A', 'B41C', 'C46D', 'C57D', 'A71C', 'A74C', 'D77C', 'C90B', 'A92D']	12	-2.188573	-2.3388233	-1.6651268	0.5234461
AAADDDCDCCDDBCCDABCCABCABDBACBDDBADBBBCABACBCDBBCACBBBCCCBDBADDBBACBCBBCCACADAACCBBBBADBCBAAABBCCBB	['B1A', 'C2A', 'C3A', 'D10C', 'D13B', 'D15C', 'D20C', 'C32D', 'A33B', 'D36B', 'C37B', 'C46D', 'A47B', 'C53B', 'C54B', 'C62D', 'A63D', 'B66A', 'A71B', 'C82B', 'A84B', 'C90B']	22	3.8453994	1.3496222	4.357747	0.5123477
AAADDDCDCADDBDCDAACAABCABDBACBDCAADDCBCABACBCDABCACBCCCCCCDBADDBBBCBCBBCCACACAACCCBABADBCBADABBCCBB	['B1A', 'C2A', 'C3A', 'D10A', 'D13B', 'C14D', 'D15C', 'B18A', 'D20A', 'C46D', 'B58C', 'C62D', 'A63D', 'A71B', 'D77C', 'C90B', 'A92D']	17	-0.4813075	-2.354957	0.026002884	0.5073104
BCCDDDCDCCDDDCDDABCDABCABDBACBDCAADDCBCACACBCBABCACBCCDCCBDBADDBBACBCBACCACACAACCCBBBADBCBADABBCCBB	['D10C', 'B41C', 'C46B', 'C55D', 'C62D', 'A63D', 'B66A', 'D77C', 'A84B', 'C90B', 'A92D']	11	-1.4084458	-2.3669515	-0.9131298	0.49531603
BCCDDDCDCBDDDCCDABCBABCDBDBACBDCAACCCBCABACBCBABCACBCDCCDCDBADDCBBCBCBACCDCADAACCBBABADBCCAAABBCCBB	['D10B', 'D15C', 'D20B', 'A24D', 'D35C', 'D36C', 'C46B', 'C54D', 'C57D', 'B58C', 'C62D', 'A63D', 'B64C', 'A74D', 'C82B']	15	3.6350632	3.3568578	4.1296597	0.49459648
AAADDDCDCCDDDCCDABCCABCABDBACBDCAACACBCABACBCCAACACBCACCCCDCADDBBBCBCBBCCACADABCCBBABADBCCAABBBCCBB	['B1A', 'C2A', 'C3A', 'D10C', 'D15C', 'D20C', 'D35C', 'D36A', 'B48A', 'C54A', 'B58C', 'B60C', 'C62D', 'A63D', 'A71B', 'A79B', 'C82B', 'A93B']	18	5.1977177	3.4174345	5.6695595	0.4718418
BCCDDDCDCDDDDCDDABCBABCABDBACBDCAADCCBCABACBCCABCACBCCCCCBDBACDBBBCBCBBCCACADAACCCBABADBCBAAABBCCBB	['D20B', 'D36C', 'A63D', 'A71B', 'C90B']	5	-2.335308	-2.3954349	-1.868473	0.46683502
BCCDDDCDCBDDDCDDABCCABCABDBACBDCBACCBBCABADBCBABCACBCDCCCBDCADDBBBCBCBBCCACADAACCBBBBADBCBAABBBCCBA	['D10B', 'D20C', 'A33B', 'D35C', 'D36C', 'C37B', 'C43D', 'C46B', 'C54D', 'B60C', 'C62D', 'A63D', 'A71B', 'C82B', 'A84B', 'C90B', 'A93B', 'B99A']	18	5.7589197	3.323523	6.220188	0.46126842
AAADDDCDCADDBCDDABCAABCABDBACBDCBADACBCABACBCCAACACBCACCCCDBADDBBBCBCBBCCACACAACCABABADBCCAABBBCCBB	['B1A', 'C2A', 'C3A', 'D10A', 'D13B', 'D20A', 'A33B', 'D36A', 'B48A', 'C54A', 'B58C', 'C62D', 'A63D', 'A71B', 'D77C', 'C82A', 'A93B']	17	3.585261	3.0203958	4.0462093	0.46094823
AAADDDCDCBDDBCDDABCCABCABDBACBDCBACACBCABACBCDABCAABBDCCCBDBADABBBCBCBBCACCADAACCCBBBADBABAAABBCCBB	['B1A', 'C2A', 'C3A', 'D10B', 'D13B', 'D20C', 'A33B', 'D35C', 'D36A', 'C46D', 'C51A', 'C53B', 'C54D', 'C62D', 'A71B', 'C73A', 'A74C', 'A84B', 'C89A', 'C90B']	20	2.8338466	0.45705128	3.2908983	0.45705175
BCCDDDCDCCDDBCDDABCCABCABDBACBDCBACBCBCACADBCDABCACBCADCCBDBADDBBACBCBBBCACADAACCABBBADBABADABBCCBB	['D10C', 'D13B', 'D20C', 'A33B', 'D35C', 'D36B', 'B41C', 'C43D', 'C46D', 'C54A', 'C55D', 'C62D', 'A63D', 'B66A', 'A71B', 'C72B', 'C82A', 'A84B', 'C89A', 'C90B', 'A92D']	21	5.379532	3.0149174	5.835002	0.4554701
BCCDDDCDCCDDDCDDABCDABCDBDBACBDCAADDBBCABACBCCABCACBCCCCCBDBACDBBBCBCBCCCACADAACCBBABADBCCAAABBCCBB	['D10C', 'A24D', 'C37B', 'A63D', 'A71C', 'C82B']	6	1.3830419	0.45539904	1.8384447	0.45540285
BCCDDDCDCCDDDCDDABCCABCABDBACBDCAACACBCABACBCCABCACBBCCCCBDBACDBBBCBCBDCCACADAACCCBBBADBCBAAABBCCBB	['D10C', 'D20C', 'D35C', 'D36A', 'C53B', 'A63D', 'A71D', 'A84B', 'C90B']	9	0.5654874	-2.408135	1.0196209	0.4541335
BCCDDDCDCCDDDCCDABCDABCABDBACBDAAACAABCACACBCCABCACBCCCCCBDBACDBBBCBCBBCBACADAACCCBACADBCCAAABBDCBB	['D10C', 'D15C', 'C32A', 'D35C', 'D36A', 'C37A', 'B41C', 'A63D', 'A71B', 'C73B', 'B85C', 'C96D']	12	-2.1571684	-2.4149265	-1.7098312	0.44733715
BCCDDDCDCCDDDCCDABCBABCDBDBACBDCAACACBCACACBCBABCACBCDCCCBDCADDBBBCBCBBACACADAACCBBBBADBCCAAABBCCBB	['D10C', 'D15C', 'D20B', 'A24D', 'D35C', 'D36A', 'B41C', 'C46B', 'C54D', 'B60C', 'C62D', 'A63D', 'A71B', 'C72A', 'C82B', 'A84B']	16	4.356187	3.3074932	4.8014193	0.4452324
BCCDDDCDCADDDCDDABCDABCABDBACBDCAACAABCABACBCCABCACBCCCCCCDBADDBBBCBCBBDBACACAACCCBABADBCBAAABBCCBB	['D10A', 'D35C', 'D36A', 'C37A', 'B58C', 'C62D', 'A63D', 'A71B', 'C72D', 'C73B', 'D77C', 'C90B']	12	-1.7168169	-2.4170818	-1.2716322	0.4451847
AAADDDCDCADCBCDBABAAABCDBDBACBDCBADABBCABACBCDABCACBCDCCCCDAACDBBBCBCBBCCACADAACCABBBADBCCCAABBCCBB	['B1A', 'C2A', 'C3A', 'D10A', 'D12C', 'D13B', 'D16B', 'C19A', 'D20A', 'A24D', 'A33B', 'D36A', 'C37B', 'C46D', 'C54D', 'B58C', 'B60A', 'A63D', 'A71B', 'C82A', 'A84B', 'A91C']	22	8.071686	2.9054818	8.501053	0.42936707
BCCDDDCDCCDDDCDDABCDABCABDBACBDCAADDCBCACACBCDABCACBCCCCCBDBADDBBBCBCBBCCCCACAACCCBBBADBCBAABBBCCBB	['D10C', 'B41C', 'C46D', 'C62D', 'A63D', 'A71B', 'A74C', 'D77C', 'A84B', 'C90B', 'A93B']	11	-1.4759398	-2.4354343	-1.0491104	0.42682934
AAADDDCDCCDDDCCDABCDABCABDBACBDCAACACBCABACBCCABCACBCCCCCBDBACDBBBCBCBACCACADAACCCBABADBCBAAABBCCBB	['B1A', 'C2A', 'C3A', 'D10C', 'D15C', 'D35C', 'D36A', 'A63D', 'C90B']	9	-1.7217779	-2.4370503	-1.2965593	0.42521858
BCCDDDCDCCDDBCDDABCDABCABDBACBDCBACACBCACACBCCABCACBCBCCCCDBACACBBCBCBACCACADAACCCBABADBCBAABBBCCBB	['D10C', 'D13B', 'A33B', 'D35C', 'D36A', 'B41C', 'C54B', 'B58C', 'B64C', 'C90B', 'A93B']	11	-1.0206432	-1.6005783	-0.5962324	0.42441082
BCCDDDCDCCDDBCDDABCDABBABDBACBDCAACDBBCABACBCDABCACBCCCCCBDBDDDCBBCBCBACCACCCAACCCBABADBCCAAABBCCBB	['D10C', 'D13B', 'C23B', 'D35C', 'C37B', 'C46D', 'A61D', 'C62D', 'A63D', 'B64C', 'A76C', 'D77C']	12	-2.247756	-2.4432535	-1.8287439	0.41901207
BCCDDDCDCCDDBCDDABBDABCABDBACBDCAADDCBCABACBCDABCACBCCDCCBDBADDBBBCBABADDACACAACCCBABADBCBAAABBCCBB	['D10C', 'D13B', 'C19B', 'C46D', 'C55D', 'C62D', 'A63D', 'C69A', 'C72D', 'C73D', 'D77C', 'C90B']	12	-2.3090825	-2.4471211	-1.8939362	0.41514635
BCCDDDCDCCDDDCDDABCCABCABDBACBDCAACABBCABACBCCABCACBBCCCCBDBADDBBBCBCBBCCCCADAACCBBABADBCBAAABBCCBB	['D10C', 'D20C', 'D35C', 'D36A', 'C37B', 'C53B', 'C62D', 'A63D', 'A71B', 'A74C', 'C82B', 'C90B']	12	3.248064	0.41322947	3.6612997	0.41323566
AAADDDCDCBDDDCDDABCDABCABDBACBDCAADDABCAAACBCBABCACBCDCCCBDBADDCBBCBCBBCCCCADAACCBBABADBCBAABBBCCBB	['B1A', 'C2A', 'C3A', 'D10B', 'C37A', 'B41A', 'C46B', 'C54D', 'C62D', 'A63D', 'B64C', 'A71B', 'A74C', 'C82B', 'C90B', 'A93B']	16	3.9683063	3.2742138	4.3802576	0.4119513
AAADDDCDCCDDDCDBABCDABCABDBACBDCAADDCBCABACBCDABCACBBDCCCCDBADDBBBCBCBBCBACADAACCBBABADBCBAAABBCCBB	['B1A', 'C2A', 'C3A', 'D10C', 'D16B', 'C46D', 'C53B', 'C54D', 'B58C', 'C62D', 'A63D', 'A71B', 'C73B', 'C82B', 'C90B']	15	3.4239144	3.2697954	3.8314524	0.40753794
BCCDDDCDCCDDBCDDABCDABCABDBACBDCAADACBCABACBCCABCACBCCCCCBDCCDDABBCBCBBACACCDAACCCBABADBCCAABBBCCBB	['D10C', 'D13B', 'D36A', 'B60C', 'A61C', 'C62D', 'A63D', 'B64A', 'A71B', 'C72A', 'A76C', 'A93B']	12	-1.7036033	-2.4557319	-1.2970695	0.40653372
BCCDDDCDCCDDBCDDABCDABCABDBACBDCAADACBCABACBCCABCACBCCCCCBDCCDDABBCBCBBACACCDAACCCBABADBCCAABBBCCBB	['D10C', 'D13B', 'D36A', 'B60C', 'A61C', 'C62D', 'A63D', 'B64A', 'A71B', 'C72A', 'A76C', 'A93B']	12	-1.7036033	-2.4557319	-1.2970695	0.40653372
BCCDDDCDCCDDDCDDABCAABCABDBACBDCAACACBCABACBCDABCACBCCCCCBDBADDCBBCBCBBDCACCDAACCCBABADBCBAABBBCCBB	['D10C', 'D20A', 'D35C', 'D36A', 'C46D', 'C62D', 'A63D', 'B64C', 'A71B', 'C72D', 'A76C', 'C90B', 'A93B']	13	-0.7149329	-2.460103	-0.31276798	0.40216494
BCCDDDCDCCDDDCDDABCAABCABDBACBDCAACACBCABACBCDABCACBCCCCCBDBADDCBBCBCBBDCACCDAACCCBABADBCBAABBBCCBB	['D10C', 'D20A', 'D35C', 'D36A', 'C46D', 'C62D', 'A63D', 'B64C', 'A71B', 'C72D', 'A76C', 'C90B', 'A93B']	13	-0.7149329	-2.460103	-0.31276798	0.40216494
BCCDDDCDCADDBCDDADCCABCABDBACBDCBACBBBCABACBCDAACACBCACCCBDBACDBBBCBCBBCCACADAACCABBBADBACAABBBCCBB	['D10A', 'D13B', 'B18D', 'D20C', 'A33B', 'D35C', 'D36B', 'C37B', 'C46D', 'B48A', 'C54A', 'A63D', 'A71B', 'C82A', 'A84B', 'C89A', 'A93B']	17	4.2177706	2.953764	4.612089	0.39431858
BCCDDDCDCADDBDDDABCAABCABDBACBDCBACBBBCABADBCDABCACBCDDCDBDCADDBBBCBCBCCCACADAACCBBABADBCBCABBCCCBB	['D10A', 'D13B', 'C14D', 'D20A', 'A33B', 'D35C', 'D36B', 'C37B', 'C43D', 'C46D', 'C54D', 'C55D', 'C57D', 'B60C', 'C62D', 'A63D', 'A71C', 'C82B', 'C90B', 'A91C', 'A93B', 'B95C']	22	5.707975	3.2555957	6.1013117	0.39333677
AAADDDCDCCDDDCDDABCDABCABDBACBDDBADDCBCACACBCDBBCACBCBDCCBDCADDBBACBCCBCBACACAACCBBABADBCBAAABBCCBB	['B1A', 'C2A', 'C3A', 'D10C', 'C32D', 'A33B', 'B41C', 'C46D', 'A47B', 'C54B', 'C55D', 'B60C', 'C62D', 'A63D', 'B66A', 'B70C', 'A71B', 'C73B', 'D77C', 'C82B', 'C90B']	21	1.3494873	1.2303853	1.7425995	0.39311218
BCCDDDCDCCDDDCDDABCDABCABDBACBDCAACACBCABACBCCABCACBCCCCCBDBADDBBBCBCBBCBACACAACCCBABADBCBAABBBCCBB	['D10C', 'D35C', 'D36A', 'C62D', 'A63D', 'A71B', 'C73B', 'D77C', 'C90B', 'A93B']	10	-1.8506727	-2.4741898	-1.4625931	0.38807964
BCCDDDCDCCDDDCDDABCDABCABDBACBDCAACACBCABACBCCABCACBCCCCCBDBADDBBBCBCBBCBACACAACCCBABADBCBAABBBCCBB	['D10C', 'D35C', 'D36A', 'C62D', 'A63D', 'A71B', 'C73B', 'D77C', 'C90B', 'A93B']	10	-1.8506727	-2.4741898	-1.4625931	0.38807964
BCCDDDCDCCDDDCDDABCDABCABDBACBDCAACACBCABACBCCABCACBCCCCCBDBADDBBBCBCBBCBACACAACCCBABADBCBAABBBCCBB	['D10C', 'D35C', 'D36A', 'C62D', 'A63D', 'A71B', 'C73B', 'D77C', 'C90B', 'A93B']	10	-1.8506727	-2.4741898	-1.4625931	0.38807964
BCCDDDCDCCDCDDDDABCDABCABDBACBDCAADDCBCABACBCBABCACBCCCCCBDBCCDBBBABCBCCCACACAACCABABADBCBAABBCCCBB	['D10C', 'D12C', 'C14D', 'C46B', 'A61C', 'A63D', 'C67A', 'A71C', 'D77C', 'C82A', 'C90B', 'A93B', 'B95C']	13	0.27334452	-0.0052375793	0.65425396	0.38090944
BCCDDDCDCCCDDCDBABBDABCABDBACBDCBADDCBCACACBCBABCACBCDDCCCDCADDABBCBCBDCAACACAACCBBABADBCBAABBBCCBB	['D10C', 'D11C', 'D16B', 'C19B', 'A33B', 'B41C', 'C46B', 'C54D', 'C55D', 'B58C', 'B60C', 'C62D', 'A63D', 'B64A', 'A71D', 'C73A', 'D77C', 'C82B', 'C90B', 'A93B']	20	6.002933	3.2361784	6.376852	0.373919
AAADDDCDBBDDDAADABCDABCABDBACBDCBADDBBCABACBCCBACACBBBCCCBDBACDBBBCBCBBCCACACAACCBBBBADBCBAABBBCCBB	['B1A', 'C2A', 'C3A', 'C9B', 'D10B', 'C14A', 'D15A', 'A33B', 'C37B', 'A47B', 'B48A', 'C53B', 'C54B', 'A63D', 'A71B', 'D77C', 'C82B', 'A84B', 'C90B', 'A93B']	20	4.6718836	1.2098174	5.04443	0.3725462
AAADDDCDCBADBCDDABCDABCABDBACBDCBADDCBCABACBCBABCACBCBDCCBDBADDBBCCBCBBCCACADAACCBBABADBCBAABBCCCBB	['B1A', 'C2A', 'C3A', 'D10B', 'D11A', 'D13B', 'A33B', 'C46B', 'C54B', 'C55D', 'C62D', 'A63D', 'B66C', 'A71B', 'C82B', 'C90B', 'A93B', 'B95C']	18	5.696992	1.2002764	6.059992	0.36299992
BCCDDDCDCDDDBCCDABBDABCABDBACBDCBACDABCACACBCCABCCCBCCCCCCDBACDBBBCBCBCDCACADAACCDBABADBACAABBBCCBA	['D13B', 'D15C', 'C19B', 'A33B', 'D35C', 'C37A', 'B41C', 'A50C', 'B58C', 'A63D', 'A71C', 'C72D', 'C82D', 'C89A', 'A93B', 'B99A']	16	-1.7086272	-1.92384	-1.353239	0.35538816
AAADDDCDCCDDDCCDABCCABCABDBACBDCBACABBCABACBCCABCACBCBDCDCDCADDBBBCBCBBBBACADAACCBBACADBCBAAABBCCBB	['B1A', 'C2A', 'C3A', 'D10C', 'D15C', 'D20C', 'A33B', 'D35C', 'D36A', 'C37B', 'C54B', 'C55D', 'C57D', 'B58C', 'B60C', 'C62D', 'A63D', 'A71B', 'C72B', 'C73B', 'C82B', 'B85C', 'C90B']	23	5.4940143	1.1906886	5.847431	0.35341692
BCCDDDCDCADDDCDDABCDABCABDBACBDCAADDABCACACBCCAACACBCCCCCBDAACDBBBCBCBACCCCACAACCBBABADBCCAAABBCCBB	['D10A', 'C37A', 'B41C', 'B48A', 'B60A', 'A63D', 'A74C', 'D77C', 'C82B']	9	0.47442865	0.34964466	0.82407284	0.34964418
AAADDDCDCCDDDCDDABCDABCABDBACBDCAACAABCABACBCCABCACBCCCCCCDBADDBBBCBCBACCACADAACCCBABADBCBAABBBCCBB	['B1A', 'C2A', 'C3A', 'D10C', 'D35C', 'D36A', 'C37A', 'B58C', 'C62D', 'A63D', 'C90B', 'A93B']	12	-1.2196035	-2.5191298	-0.8764658	0.34313774
BCCDDDCDCCDDDCDDABCDABCDBDBACBDCAADACBCABACBCDABCACBCCCCCBDBADCBBBCBCBACCACADAACCABABADBCCAABBBCCBB	['D10C', 'A24D', 'D36A', 'C46D', 'C62D', 'A63C', 'C82A', 'A93B']	8	0.5439911	-0.05021	0.87992954	0.33593845
BCCDDDCDCCDDBCDDABCDABCABDBACBDCAADACBCABACBCCABCACBCCCCCBDCCADABBCBCBBACACADAACCCBABADBCCAABBBCCBB	['D10C', 'D13B', 'D36A', 'B60C', 'A61C', 'C62A', 'A63D', 'B64A', 'A71B', 'C72A', 'A93B']	11	-2.2497244	-2.5308022	-1.9182606	0.3314638
AAADDDCDCDDDBCCDABCAABBABDBACBDCAADACBCABACBCBABCACBCCCCCBDBACDBBBCBABCCCACADAACCCBABADBBCACABBCCBB	['B1A', 'C2A', 'C3A', 'D13B', 'D15C', 'D20A', 'C23B', 'D36A', 'C46B', 'A63D', 'C69A', 'A71C', 'C89B', 'A92C']	14	-1.6404753	-2.5310688	-1.3092775	0.33119774
AAADDDCDCADDDCDDABBDABCABDBACBDCAADABBCABACBCDABCACBCCCCCBDBADDBBBCBCBBCCCCADAACCCBBBADBCBAABBBCCBB	['B1A', 'C2A', 'C3A', 'D10A', 'C19B', 'D36A', 'C37B', 'C46D', 'C62D', 'A63D', 'A71B', 'A74C', 'A84B', 'C90B', 'A93B']	15	-0.44744682	-2.5395327	-0.1247139	0.32273293
AAADDDCDCDDDDCDDABCDABCABDBACBDCBADDCBCABACBCCABCACBCCCCCBDBACDBBBBBCBACCACADAACCCBABADBCCAAABBCCBB	['B1A', 'C2A', 'C3A', 'A33B', 'A63D', 'C67B']	6	-2.2509036	-2.5478315	-1.936471	0.31443262
BCCDDDCDCCDDDCDDABCCABCABDBACBDCAACABBCABACBCDABCACBCDCCDBDCCDDBBBCBCBBACACADAACCCBBCADBCBAABBBCCBB	['D10C', 'D20C', 'D35C', 'D36A', 'C37B', 'C46D', 'C54D', 'C57D', 'B60C', 'A61C', 'C62D', 'A63D', 'A71B', 'C72A', 'A84B', 'B85C', 'C90B', 'A93B']	18	0.38230133	0.31053162	0.69283867	0.31053734
BCCDDDCDCCDDDCDDABCCABCABDBACBDCCACACBCACACBCCABCACBCDDCCCDBADDBBBCBCBBCBACADAACCBBABADBCBAAABBCCBB	['D10C', 'D20C', 'A33C', 'D35C', 'D36A', 'B41C', 'C54D', 'C55D', 'B58C', 'C62D', 'A63D', 'A71B', 'C73B', 'C82B', 'C90B']	15	3.4956126	3.1656609	3.799016	0.30340338
BCCDDDCDCCDDBCDDABCBABCABDBACBDCAADDCBCACACBCCABCACBBCCCCBDBACDCBBCBCBBCCACADAACCCBBBADBCBAAABBCCBB	['D10C', 'D13B', 'D20B', 'B41C', 'C53B', 'A63D', 'B64C', 'A71B', 'A84B', 'C90B']	10	-0.58569336	-2.5652227	-0.28864765	0.2970457
AAADDDCDCCDDDCDDABCAABCABDBACBDCAADDCBCABACBCDABCACBCCDCCBDBACDCBBCBCBACCACACAACCCBABADBCBAABBBCCBB	['B1A', 'C2A', 'C3A', 'D10C', 'D20A', 'C46D', 'C55D', 'A63D', 'B64C', 'D77C', 'C90B', 'A93B']	12	-2.3090267	-2.5712357	-2.017992	0.2910347
BCCDDDCDCCDDDCDDABCDABCDBDBACBDCAADDCBCABACBCDABCACBCCDCCBDBADABBBCBCBACCACACAACCBBABADBCCAABBBCCBB	['D10C', 'A24D', 'C46D', 'C55D', 'C62D', 'D77C', 'C82B', 'A93B']	8	0.4212699	0.2832551	0.7045288	0.28325891
BCCDDDCDCCDDDCDDABCDABCDBDBACBDCAADDCBCABACBCDABCACBCCDCCBDBADABBBCBCBACCACACAACCBBABADBCCAABBBCCBB	['D10C', 'A24D', 'C46D', 'C55D', 'C62D', 'D77C', 'C82B', 'A93B']	8	0.4212699	0.2832551	0.7045288	0.28325891
BCCDDDCDCCDDDCDDABCDABCDBDBACBDCAADDCBCABACBCDABCACBCCDCCBDBADABBBCBCBACCACACAACCBBABADBCCAABBBCCBB	['D10C', 'A24D', 'C46D', 'C55D', 'C62D', 'D77C', 'C82B', 'A93B']	8	0.4212699	0.2832551	0.7045288	0.28325891
BCCDDDCDCCDDDCDDABCDABCABDBACBDCAADDCBCACACBCBABCACBCCDCCBDCCDDBBBCBCBCCCACACAACCBBACADBCBAABBBCCBB	['D10C', 'B41C', 'C46B', 'C55D', 'B60C', 'A61C', 'C62D', 'A63D', 'A71C', 'D77C', 'C82B', 'B85C', 'C90B', 'A93B']	14	1.2933092	0.2696662	1.5629797	0.2696705
BCCDDDCDCDDDDCDDABCCABCABDBACBDCAACABBCABACBCCABCACBBCCCCBDBADDBDBCBCBCCCACACAACCCBABADBCCAABBBCCBB	['D20C', 'D35C', 'D36A', 'C37B', 'C53B', 'C62D', 'A63D', 'B65D', 'A71C', 'D77C', 'A93B']	11	-2.4346228	-2.6208496	-2.1932058	0.24141693
BCCDDDCDCCADDCCDABAAABCABDBACBDCAADDBBCABACBBDBBCACBCCCCDBDBADDBBBCBCBBCCACADAACCCBBCADBCBAABBBCCBB	['D10C', 'D11A', 'D15C', 'C19A', 'D20A', 'C37B', 'C45B', 'C46D', 'A47B', 'C57D', 'C62D', 'A63D', 'A71B', 'A84B', 'B85C', 'C90B', 'A93B']	17	-0.53208256	-2.629097	-0.29891205	0.23317051
BCCDDDCDCCDDDCDDABCCABCABDBACBDCAADDABCACACBCDABCACBCCDCCBDBCDDDBBCBCBCACACACAACCABABADBCBAABBCCCBB	['D10C', 'D20C', 'C37A', 'B41C', 'C46D', 'C55D', 'A61C', 'C62D', 'A63D', 'B64D', 'A71C', 'C72A', 'D77C', 'C82A', 'C90B', 'A93B', 'B95C']	17	-0.11741686	-0.15448236	0.11424732	0.23166418
BCCDDDCDCCDDDCDDABCDABCABDBACBDCAACDCBCABACBCBABCACBCBCCDBDCAADBBACBCBBCCACADAACCCBBBADBCCAAABBCCBB	['D10C', 'D35C', 'C46B', 'C54B', 'C57D', 'B60C', 'C62A', 'A63D', 'B66A', 'A71B', 'A84B']	11	-0.3770709	-1.7963858	-0.14846802	0.22860289
BCCDDDCDCCDDDCDDABCDABCABDBACBDCAACDCBCABACBCBABCACBCBCCDBDCAADBBACBCBBCCACADAACCCBBBADBCCAAABBCCBB	['D10C', 'D35C', 'C46B', 'C54B', 'C57D', 'B60C', 'C62A', 'A63D', 'B66A', 'A71B', 'A84B']	11	-0.3770709	-1.7963858	-0.14846802	0.22860289
AAADDDCDCCDCDCDDABCDABCABDBACBDCAACACBCABACBCDABCACBCDCCCBDBADDBBBCBCBBDCACCDAACCCBBBADBCCAAABBCCBB	['B1A', 'C2A', 'C3A', 'D10C', 'D12C', 'D35C', 'D36A', 'C46D', 'C54D', 'C62D', 'A63D', 'A71B', 'C72D', 'A76C', 'A84B']	15	0.2970004	0.22632504	0.5233288	0.22632837
BCCDDDCDCBDDDCDDABCDABCABDBACBDCAADDCBCABACBCBABCACBCCCCDBDBACDBBBCBCBBCCACACAACCABABADBCCAABBBCCBB	['D10B', 'C46B', 'C57D', 'A63D', 'A71B', 'D77C', 'C82A', 'A93B']	8	0.88905716	-0.16871262	1.106492	0.21743488
BCCDDDCDCBDDDCDDABCDABCABDBACBDCAADDCBCABACBCBABCACBCCCCDBDBACDBBBCBCBBCCACACAACCABABADBCCAABBBCCBB	['D10B', 'C46B', 'C57D', 'A63D', 'A71B', 'D77C', 'C82A', 'A93B']	8	0.88905716	-0.16871262	1.106492	0.21743488
BCCDDDCDCBDDDCDDABCDABCABDBACBDCAADDCBCABACBCBABCACBCCCCDBDBACDBBBCBCBBCCACACAACCABABADBCCAABBBCCBB	['D10B', 'C46B', 'C57D', 'A63D', 'A71B', 'D77C', 'C82A', 'A93B']	8	0.88905716	-0.16871262	1.106492	0.21743488
AAADDDCDCADDDCDDABCDABCABDBACBDCAACAABCABACBCCABCACBCCCCCCDBADDBBBCBCBBDBACACAACCCBABADBCBAAABBCCBB	['B1A', 'C2A', 'C3A', 'D10A', 'D35C', 'D36A', 'C37A', 'B58C', 'C62D', 'A63D', 'A71B', 'C72D', 'C73B', 'D77C', 'C90B']	15	-1.0782037	-2.6455722	-0.8615093	0.21669436
AAADDDCDCBDDDDCDABCAABCABDBACBDDBABACBCAAACBCCBBCACBCBCCCBDBACABBBCBCBBAAACADAACCCBACADBABAABBBCCBB	['B1A', 'C2A', 'C3A', 'D10B', 'C14D', 'D15C', 'D20A', 'C32D', 'A33B', 'D35B', 'D36A', 'B41A', 'A47B', 'C54B', 'A71B', 'C72A', 'C73A', 'B85C', 'C89A', 'C90B', 'A93B']	21	1.7104256	-1.8087978	1.9266148	0.21618915
BCCDDDCDCBDDBCDDABCCABCDBDBACBDCBADACBCACACBCDABCACBCDCCCCDCADCCBBCBABACCACCDAACCBBABADBCCAAABBCCBB	['D10B', 'D13B', 'D20C', 'A24D', 'A33B', 'D36A', 'B41C', 'C46D', 'C54D', 'B58C', 'B60C', 'C62D', 'A63C', 'B64C', 'C69A', 'A76C', 'C82B']	17	5.4034014	3.077958	5.619095	0.21569347
BCCDDDCDCCDDDCDDABCDABCDBDBACBDCAADAABCABACBCCABCACBCCCCCBDBADDBBBCBCBCCCACADAACCBBABADBCCAAABBCCBB	['D10C', 'A24D', 'D36A', 'C37A', 'C62D', 'A63D', 'A71C', 'C82B']	8	1.7506981	0.21546745	1.9661684	0.21547031
BCCDDDCDCCDDDCDDABCDABCABDBACBDCAADDCBCABACBCCABCACBCCCCCBDBACDBBBCBCBBCCACADAACCCBBBADBCBAAABBCCBB	['D10C', 'A63D', 'A71B', 'A84B', 'C90B']	5	-1.6810279	-2.6537213	-1.4724789	0.20854902
BCCDDDCDCCDDDCDDABCDABCABDBACBDCBACBBBCABACBCCABCACBCDCCCBDBADDBBBBBCBBCBACADAACCCBBBADBCBAAABBCCBB	['D10C', 'A33B', 'D35C', 'D36B', 'C37B', 'C54D', 'C62D', 'A63D', 'C67B', 'A71B', 'C73B', 'A84B', 'C90B']	13	0.53970194	0.19459295	0.7343006	0.19459867
BCCDDDCDCBDDDCDDABCDABCDBDBACBDCBADDCBCABACBCBABCACBCDCCCBDBADDBBBCBCBACAACADABCCCBBBADBCCAABBBCCBB	['D10B', 'A24D', 'A33B', 'C46B', 'C54D', 'C62D', 'A63D', 'C73A', 'A79B', 'A84B', 'A93B']	11	1.3841763	0.19375515	1.5779333	0.19375706
BCCDDDCDCBDDDCDDABCDABCABDBACBDCAADDCBCABACBCBABCACBCCCCCBDBADDBBBCBCBACCCCADAACCBBABADBDCAAABBCCBB	['D10B', 'C46B', 'C62D', 'A63D', 'A74C', 'C82B', 'C89D']	7	0.98266745	0.19314432	1.1758137	0.19314623
BCCDDDCDCCDCDCCDABACABCDBDBACBDCAADACBCABACBCDABCACBCDCCCBDBADDBBBCBCBCCCACADAACCABBCADBCCAAABBCCBB	['D10C', 'D12C', 'D15C', 'C19A', 'D20C', 'A24D', 'D36A', 'C46D', 'C54D', 'C62D', 'A63D', 'A71C', 'C82A', 'A84B', 'B85C']	15	3.90976	2.6656852	4.099328	0.18956804
BCCDDDCDCCDDDCDDABCDABCABDBACBDCAADDCBCABACBCBABCACBCCCCCBDBADDBBBCBCBACCCCADAACCABABADBCBAABBBCCBB	['D10C', 'C46B', 'C62D', 'A63D', 'A74C', 'C82A', 'C90B', 'A93B']	8	0.04706192	-0.20273495	0.23047638	0.18341446
AAADDDCDCCDDDCCDABCCABCABDBACBDCBACABBCABACBCDABCCCBCDDCCCDCADDBBBCBCBCABACACAACCBBACADBCBAAABBCCBB	['B1A', 'C2A', 'C3A', 'D10C', 'D15C', 'D20C', 'A33B', 'D35C', 'D36A', 'C37B', 'C46D', 'A50C', 'C54D', 'C55D', 'B58C', 'B60C', 'C62D', 'A63D', 'A71C', 'C72A', 'C73B', 'D77C', 'C82B', 'B85C', 'C90B']	25	4.796382	3.0418253	4.9759493	0.17956734
BCCDDDCDCCDDBCDDABCDABCABDBACBDCBADDCBCABACBCDABCACBCBCCCBDCADDCBBCBCBACCCCCCAACCCBACADBCBAABBBCCBB	['D10C', 'D13B', 'A33B', 'C46D', 'C54B', 'B60C', 'C62D', 'A63D', 'B64C', 'A74C', 'A76C', 'D77C', 'B85C', 'C90B', 'A93B']	15	-0.62521553	-1.8493352	-0.44956112	0.17565441
BCCDDDCDCCDDDCDDABCCABCABDBACBDCAACABBCABACBCDABCACBCDCCCCDBADDBBBCBCBCCCACCDAACCCBBBADBCCAABBBCCBB	['D10C', 'D20C', 'D35C', 'D36A', 'C37B', 'C46D', 'C54D', 'B58C', 'C62D', 'A63D', 'A71C', 'A76C', 'A84B', 'A93B']	14	0.25940943	0.17393112	0.4333439	0.17393446
BCCDDDCDCDDDDCDDABCDABCABDBACBDCAACABBCABACBCCABCACBCCCCCBDBADDBBBCBCBBCCACCDAACCCBABADBCCAABBBCCBB	['D35C', 'D36A', 'C37B', 'C62D', 'A63D', 'A71B', 'A76C', 'A93B']	8	-2.1691704	-2.6889553	-1.9958572	0.17331314
BCCDDDCDCCCDDCDDABCCABCABDBACBDCBACACBCACACBCDABCACBCDDCDBDCADDBBBCBCBBACACCDAACCCBBBADBCBAABBBCCBB	['D10C', 'D11C', 'D20C', 'A33B', 'D35C', 'D36A', 'B41C', 'C46D', 'C54D', 'C55D', 'C57D', 'B60C', 'C62D', 'A63D', 'A71B', 'C72A', 'A76C', 'A84B', 'C90B', 'A93B']	20	3.5864286	0.17006922	3.756504	0.17007542
BCCDDDCDCCDDDCDDABCDABCABDBACBDCAACCCBCABADBCBABCACBCDCCCBDCADDBBBCBCBBCCACADAACCBBBBADBCBAAABBCCBB	['D10C', 'D35C', 'D36C', 'C43D', 'C46B', 'C54D', 'B60C', 'C62D', 'A63D', 'A71B', 'C82B', 'A84B', 'C90B']	13	3.586958	3.0288162	3.75352	0.16656208
BCCDDDCDCCDDDCDDABCDABCABDBACBDCAACCCBCABADBCBABCACBCDCCCBDCADDBBBCBCBBCCACADAACCBBBBADBCBAAABBCCBB	['D10C', 'D35C', 'D36C', 'C43D', 'C46B', 'C54D', 'B60C', 'C62D', 'A63D', 'A71B', 'C82B', 'A84B', 'C90B']	13	3.586958	3.0288162	3.75352	0.16656208
BCCDDDCDCCDDDCDDABCDABBABDBACBDCAACDBBCABACBCDABCACBBCCCCBDCACDCBBCBCBBCCACCDAACCCBBBADBCBAABBBCCBB	['D10C', 'C23B', 'D35C', 'C37B', 'C46D', 'C53B', 'B60C', 'A63D', 'B64C', 'A71B', 'A76C', 'A84B', 'C90B', 'A93B']	14	0.66215754	-2.6998253	0.8246012	0.16244364
BCCDDDCDCCDDBCDDABCDABCABDBACBDCBADDCBCABACBCBABCACBCBCCCBDBADDBBBCBCBBBBACACAACCBBABADBCBAAABBCCBB	['D10C', 'D13B', 'A33B', 'C46B', 'C54B', 'C62D', 'A63D', 'A71B', 'C72B', 'C73B', 'D77C', 'C82B', 'C90B']	13	1.6515384	0.99817324	1.812438	0.16089964
AAADDDCDCCADBCDDABCDABCABDBACBDCBADDCBCABACBCDABCACBBBCCCBDBADDBBBCBCBBDDACADAACCCBBBADBCBAAABBCCBB	['B1A', 'C2A', 'C3A', 'D10C', 'D11A', 'D13B', 'A33B', 'C46D', 'C53B', 'C54B', 'C62D', 'A63D', 'A71B', 'C72D', 'C73D', 'A84B', 'C90B']	17	2.0935817	-1.8740797	2.2444887	0.15090704
BCCDDDCDCCDDDCDDABCCABCABDBACBDCAACACBCABACBCCABCACBCDCCCBDBACDBBBCBABDCDACADAACCCBABADBCBAABBBCCBB	['D10C', 'D20C', 'D35C', 'D36A', 'C54D', 'A63D', 'C69A', 'A71D', 'C73D', 'C90B', 'A93B']	11	0.23090029	0.15075731	0.38166046	0.15076017
BCCDDDCDCADDBCDDABCDABCDBDBACBDCBADDABCABACBCDABCACBCCCCCBDBADDBBBCBCBACCACADAACCBBABADBCCAAABBCCBB	['D10A', 'D13B', 'A24D', 'A33B', 'C37A', 'C46D', 'C62D', 'A63D', 'C82B']	9	1.58354	0.14622879	1.7297678	0.14622784
BCCDDDCDCADBDDDDABCDABCABDBACBDCBADBBBCABACBCDBBCACBBDCCCBDBADDBBBCBCBBABACADAACCBBABADBCBADABCCCBB	['D10A', 'D12B', 'C14D', 'A33B', 'D36B', 'C37B', 'C46D', 'A47B', 'C53B', 'C54D', 'C62D', 'A63D', 'A71B', 'C72A', 'C73B', 'C82B', 'C90B', 'A92D', 'B95C']	19	3.1524124	2.9936423	3.2837973	0.13138485
AAADDDCDCCDDDCDDABCCABCCBDBACBDCBACABBCABAABCBABCACBCDCCCBDBADDCBBCBCBBCDACADABCCCBBBADBCBAAABBCCBB	['B1A', 'C2A', 'C3A', 'D10C', 'D20C', 'A24C', 'A33B', 'D35C', 'D36A', 'C37B', 'C43A', 'C46B', 'C54D', 'C62D', 'A63D', 'B64C', 'A71B', 'C73D', 'A79B', 'A84B', 'C90B']	21	3.7172341	0.13104248	3.848281	0.13104677
BCCDDDCDCCDDDCDDABCCABCABDBACBDCBACABBCACACBCCABCACBCDCCCBDCADBBBBCBCBBCCACADAACCBBABADBCBAABBBCCBB	['D10C', 'D20C', 'A33B', 'D35C', 'D36A', 'C37B', 'B41C', 'C54D', 'B60C', 'C62D', 'A63B', 'A71B', 'C82B', 'C90B', 'A93B']	15	3.9182494	2.9907122	4.0467014	0.12845206
BCCDDDCDCDDDDCCDABCDABCABDBACBDCAACDCBCABACBCCAACACBCCCCCBDBACDBBBCBCBBCCACADAACCABABADBCBAABBBCCBB	['D15C', 'D35C', 'B48A', 'A63D', 'A71B', 'C82A', 'C90B', 'A93B']	8	0.65509367	-0.26770067	0.7735386	0.11844492
BCCDDDCDCCDDDCDDABCDABCABDBACBDCBADDCBCABACBCCABCACBCBCCCBDBACDBBBCBCAACDACADAACCCBABADBABAAABBCCBB	['D10C', 'A33B', 'C54B', 'A63D', 'B70A', 'C73D', 'C89A', 'C90B']	8	-0.7922592	-1.9125433	-0.6798115	0.11244774
BCCDDDCDCCDDDCDDABCDABCABDBACBDCBADDCBCABACBCCABCACBCBCCCBDBACDBBBCBCAACDACADAACCCBABADBABAAABBCCBB	['D10C', 'A33B', 'C54B', 'A63D', 'B70A', 'C73D', 'C89A', 'C90B']	8	-0.7922592	-1.9125433	-0.6798115	0.11244774
BCCDDDCDCADDDCDDABCDABCABDBACBDCAADDBBCABACBCCABCACBCBCCCBDCADDBBBCBCBBCDACADAACCCBABADBCBAABBBCCBB	['D10A', 'C37B', 'C54B', 'B60C', 'C62D', 'A63D', 'A71B', 'C73D', 'C90B', 'A93B']	10	-1.1264629	-1.9141479	-1.0156231	0.110839844
AAADDDCDCADADCCDABCDABCABDBACBDCAACACBCACACBCCABCACBCCCCCBDBADDBBBCBCBACCACADAACCCBABADBCCAAABBCCBB	['B1A', 'C2A', 'C3A', 'D10A', 'D12A', 'D15C', 'D35C', 'D36A', 'B41C', 'C62D', 'A63D']	11	-2.5312333	-2.7532544	-2.422224	0.109009266
AAADDDCDCADADCCDABCDABCABDBACBDCAACACBCACACBCCABCACBCCCCCBDBADDBBBCBCBACCACADAACCCBABADBCCAAABBCCBB	['B1A', 'C2A', 'C3A', 'D10A', 'D12A', 'D15C', 'D35C', 'D36A', 'B41C', 'C62D', 'A63D']	11	-2.5312333	-2.7532544	-2.422224	0.109009266
AAADDDCDCCDDDCDDABBDABCABDBACBDCAACDABCABACBCCABCACBCCCCCBDBACABBBCBCBACCCCADAACCCBACADBCCAAABBCCBB	['B1A', 'C2A', 'C3A', 'D10C', 'C19B', 'D35C', 'C37A', 'A74C', 'B85C']	9	-2.675054	-2.7540073	-2.5667992	0.10825491
BCCDDDCDCCDDDCCDABCCABCDBDBACBDCAADACBCABACBCDABCACBCDCCCCDBACDBBBCBCBACCDCADAACCBBBBADBDCCAABBCCBB	['D10C', 'D15C', 'D20C', 'A24D', 'D36A', 'C46D', 'C54D', 'B58C', 'A63D', 'A74D', 'C82B', 'A84B', 'C89D', 'A91C']	14	5.15828	2.9665422	5.26256	0.104279995
BCCDDDCDCCDDBCDDABCDABCDBDBACBDCAADDCBCABACBCDABCACBCCCCCBDBACDBBBCBCBADBACADAACCCBBBADBCCAABBBCCBB	['D10C', 'D13B', 'A24D', 'C46D', 'A63D', 'C72D', 'C73B', 'A84B', 'A93B']	9	-2.206437	-2.7633843	-2.1075544	0.098882675
BCCDDDCDCDDDDCDDABCDABCABDBACBDCAACACBCABACBCCABCACBCCCCCBDBACDBBBCBCBBCCACADAACCCBABADBCBAABBBCCBB	['D35C', 'D36A', 'A63D', 'A71B', 'C90B', 'A93B']	6	-2.5229144	-2.7758012	-2.4364443	0.08647013
BCCDDDCDCCDDDCDDABBDABCABDBACBDCAADDCBCABACBCDABCACBCCCCCBDBACDBBBBBABBBBACADAACCCBBBADBCBAAABBCCBB	['D10C', 'C19B', 'C46D', 'A63D', 'C67B', 'C69A', 'A71B', 'C72B', 'C73B', 'A84B', 'C90B']	11	-1.474155	-2.7803178	-1.3922033	0.08195162
BCCDDDCDCCDDDCCDABBCABCABDBACBDCAACACBCACACBCCABCACBCDCCDCDCBCDBBBCBCBBCCACADAACCBBABADBCBAABBBCCBB	['D10C', 'D15C', 'C19B', 'D20C', 'D35C', 'D36A', 'B41C', 'C54D', 'C57D', 'B58C', 'B60C', 'A61B', 'A63D', 'A71B', 'C82B', 'C90B', 'A93B']	17	3.8504124	2.942296	3.9304476	0.08003521
BCCDDDCDCDDCDCDDABBAABCABDBACBDCAADCBBCABACBCCABCACBCCCCCBDBACDBBBCBCBBCCACADAACCCBABADBCBAABBBCCBB	['D12C', 'C19B', 'D20A', 'D36C', 'C37B', 'A63D', 'A71B', 'C90B', 'A93B']	9	-1.99509	-2.788591	-1.9214115	0.07367849
AAADDDCDCADCDCDDABBAABCABDBACBDCAADACBCABACBCDABCACBCDCCCCDBACDBBBCBCBBCCACACAACCDBACADBCBADBBBCCBB	['B1A', 'C2A', 'C3A', 'D10A', 'D12C', 'C19B', 'D20A', 'D36A', 'C46D', 'C54D', 'B58C', 'A63D', 'A71B', 'D77C', 'C82D', 'B85C', 'C90B', 'A92D', 'A93B']	19	0.9845829	0.6528635	1.0544214	0.069838524
BCCDDDCDCCDDDCCDABCAABCABDBACBDCAADACBCABACBCCABCACBCCCCCCDBADDBBBCBCBACBACADAACCCBABADBCBAAABBCCBB	['D10C', 'D15C', 'D20A', 'D36A', 'B58C', 'C62D', 'A63D', 'C73B', 'C90B']	9	-1.7943611	-2.7928147	-1.724905	0.0694561
BCCDDDCDCCDDDCDDABCDABCABDBACBDCAACACBCABACBCCABCACBCCCCCBDBADDBBBCBCBCBBACADAACCCBABADBCBAAABBCCBB	['D10C', 'D35C', 'D36A', 'C62D', 'A63D', 'A71C', 'C72B', 'C73B', 'C90B']	9	-2.3191633	-2.79463	-2.251522	0.06764126
BCCDDDCDCCDDDCDDABCDABCABDBACBDCAACDCBCABACBCDABCACBCCCCCBDBACCCBBCBCBBDDACADAACCCBABADBCBAABBBCCBB	['D10C', 'D35C', 'C46D', 'A63C', 'B64C', 'A71B', 'C72D', 'C73D', 'C90B', 'A93B']	10	-1.7561221	-2.8053074	-1.6991625	0.05695963
BCCDDDCDCBDDDCDDABCDABCABDBACBDCAADDCBCABACBCCABCACBCCCCCBDCACABBBCBCBACCACADAACCCBABADBCCAAABBCCBB	['D10B', 'B60C']	2	-2.776062	-2.8057995	-2.719595	0.056467056
BCCDDDCDCADADCCDABCAABCABDBACBDCAADDCBCABACBCDABCACBCCCCCBDCBDDBBBBBABBBBACACAACCCBABADBCBAAABBCCBB	['D10A', 'D12A', 'D15C', 'D20A', 'C46D', 'B60C', 'A61B', 'C62D', 'A63D', 'C67B', 'C69A', 'A71B', 'C72B', 'C73B', 'D77C', 'C90B']	16	-1.8505511	-2.814435	-1.8027201	0.04783106
BCCDDDCDCCDBBCDDABCAABCDBDBACBCCBACBCBCABADBCCABCACBCDCCCBDBADDBBBCBCBDDCACADAACCBBBBADBACADABBCCBB	['D10C', 'D12B', 'D13B', 'D20A', 'A24D', 'D31C', 'A33B', 'D35C', 'D36B', 'C43D', 'C54D', 'C62D', 'A63D', 'A71D', 'C72D', 'C82B', 'A84B', 'C89A', 'A92D']	19	5.827777	2.907247	5.8727627	0.04498577
AAADDDCDCADDDCCDABCDABCABDBACBDCAACACBCACACBCCABCACBCCCCDBDBDCDBBBCBCBACCACADAACCCBABADBCCAABBBCCBB	['B1A', 'C2A', 'C3A', 'D10A', 'D15C', 'D35C', 'D36A', 'B41C', 'C57D', 'A61D', 'A63D', 'A93B']	12	-2.0354543	-2.8219972	-1.9951849	0.040269375
AAADDDCDCDDDDCCDABCCABCABDBACBDCAACABBCABACBCCABCACBCCCCCBDBACABBBCBCBACCACADAACCCBABADBCCAAABBCCBB	['B1A', 'C2A', 'C3A', 'D15C', 'D20C', 'D35C', 'D36A', 'C37B']	8	-2.7024832	-2.8443208	-2.6845417	0.017941475
BCCDDDCDCCBDBCDDABCBABCABDBACBDCAADACBCABACBCCAACACBCCCCCBDBACDCBBCBBBACCACADAACCBBABADBCCAAABBCCBB	['D10C', 'D11B', 'D13B', 'D20B', 'D36A', 'B48A', 'A63D', 'B64C', 'C69B', 'C82B']	10	0.72591925	0.016952991	0.74287224	0.016952991
BCCDDDCDCADDDCDDABCDABCABDBACBDCAACCCBAACACBCCABCACBCCCCCBDBADDBBBCBCBBCCCCACAACCCBABADBCBAABBBCCBB	['D10A', 'D35C', 'D36C', 'C39A', 'B41C', 'C62D', 'A63D', 'A71B', 'A74C', 'D77C', 'C90B', 'A93B']	12	-1.9380379	-2.8453646	-1.9211359	0.01690197
BCCDDDCDCCDDDCDDABDDABCCBDBACBDCAADDCBCABACBCDABCACBDCCCCBDBACDBBBCBCBBDCACACAACCCBBBADBCBACBBBCCBB	['D10C', 'C19D', 'A24C', 'C46D', 'C53D', 'A63D', 'A71B', 'C72D', 'D77C', 'A84B', 'C90B', 'A92C', 'A93B']	13	-1.4235668	-2.8475752	-1.4088726	0.014694214
AAADDDCDCADDDCCDABCAABCABDBACBDCAADDBBCABACBCDABCACBCCCCCBDBACDBBBCBCBBCBACACAACCCBABADBCBAABBBCCBB	['B1A', 'C2A', 'C3A', 'D10A', 'D15C', 'D20A', 'C37B', 'C46D', 'A63D', 'A71B', 'C73B', 'D77C', 'C90B', 'A93B']	14	-1.8950605	-2.852345	-1.8851385	0.009922028
BCCDDDCDCCDDDCDDABCAABCABDBACBDCAADDABCACACBCCABCACBCCCCCBDBADDBBBCBCBBCBACACAACCCBABADBCBAABBBCCBB	['D10C', 'D20A', 'C37A', 'B41C', 'C62D', 'A63D', 'A71B', 'C73B', 'D77C', 'C90B', 'A93B']	11	-2.4073648	-2.854608	-2.399705	0.007659912
BCCDDDCDCCDDBCDDABCBABCABDBACBDCAADDBBCABACBCDBBCACBBCCCCBDBACDCBBCBCBACCACACAACCCBBBADBDCAAABBCCBB	['D10C', 'D13B', 'D20B', 'C37B', 'C46D', 'A47B', 'C53B', 'A63D', 'B64C', 'D77C', 'A84B', 'C89D']	12	-2.113865	-2.8548427	-2.1064434	0.0074214935
BCCDDDCACCDDDCDDABCCABCABDBACBDCAACCBBCABACBCDABCACBCCCCCBDBACDBBBCBBBACCACACAACCDBABADBCCAAABDCCBB	['D8A', 'D10C', 'D20C', 'D35C', 'D36C', 'C37B', 'C46D', 'A63D', 'C69B', 'D77C', 'C82D', 'B95D']	12	-1.9165363	-2.276436	-1.9137373	0.0027990341
AAADDDDDCCDDBCDCABCBABCABDBACBDCBADDBBCABACBCDBBCACBCBCCCBDBACABBBCBCBBCCACCDAACCCBBBADBACAABBBCCBB	['B1A', 'C2A', 'C3A', 'C7D', 'D10C', 'D13B', 'D16C', 'D20B', 'A33B', 'C37B', 'C46D', 'A47B', 'C54B', 'A71B', 'A76C', 'A84B', 'C89A', 'A93B']	18	0.47320938	-2.0225267	0.47566605	0.002456665
AAADDDCDCCDDDCDDABCDABCABDBACBDCAADDCBCABACBCCABCACBCCCCCBDBACDCBBCBCBACCACACAACCCBACADBCCAABBBCCBB	['B1A', 'C2A', 'C3A', 'D10C', 'A63D', 'B64C', 'D77C', 'B85C', 'A93B']	9	-2.5734553	-2.863934	-2.5751247	-0.0016694069
AAADDDCDCADDDCCBABCCABCABDBACBDDAACABBCABACBCCBBCACBCBCCDBDBACDBBBCBCBBCBACADAACCBBABADBABAABBBCCBB	['B1A', 'C2A', 'C3A', 'D10A', 'D15C', 'D16B', 'D20C', 'C32D', 'D35C', 'D36A', 'C37B', 'A47B', 'C54B', 'C57D', 'A63D', 'A71B', 'C73B', 'C82B', 'C89A', 'C90B', 'A93B']	21	1.2702084	0.8290949	1.2620268	-0.008181572
BCCDDDCDCBDDDCDDABCDABCABDBACBDCAACDBBCABACBCCABCACBCCCCCBDBACDBBBCBCBCCCACACAACCCBABADBCCADABBCCBB	['D10B', 'D35C', 'C37B', 'A63D', 'A71C', 'D77C', 'A92D']	7	-2.1042285	-2.8705368	-2.1124983	-0.008269787
BCCDDDCDCDDDDCDDABCDABCABDBACBDCAADDBBCABACBCCABCACBCCCCDBDCACDBBBCBCBBCBACADAACCCBABADBCBAABBBCCBB	['C37B', 'C57D', 'B60C', 'A63D', 'A71B', 'C73B', 'C90B', 'A93B']	8	-2.8295455	-2.8747225	-2.842002	-0.012456417
BCCDDDCDCCDDBCDDABCAABCABDBACBDCAACDBBCABACBCDABCACBCCDCDBDBADABBACBCBCCCACADAACCCBABADBCCAAABBCCBB	['D10C', 'D13B', 'D20A', 'D35C', 'C37B', 'C46D', 'C55D', 'C57D', 'C62D', 'B66A', 'A71C']	11	-2.2249904	-2.8788176	-2.24154	-0.016549587
AAADDDCDCCDDBCDDABCDABCABDBACBDCBADDCBCABACBCCAACACBCACCCCDBACDBBBCBCBBCCACADAACCBBBBADBCCAABBBCCBB	['B1A', 'C2A', 'C3A', 'D10C', 'D13B', 'A33B', 'B48A', 'C54A', 'B58C', 'A63D', 'A71B', 'C82B', 'A84B', 'A93B']	14	4.2145023	2.9219027	4.190813	-0.02368927
BCCDDDCDCADDBCDDABCCABCABDBACBDCBADACBCABACBCCABCACBCBCCCCDBADDBBBCBCBBCCACADAACCBBABADBCBAAABBCCBB	['D10A', 'D13B', 'D20C', 'A33B', 'D36A', 'C54B', 'B58C', 'C62D', 'A63D', 'A71B', 'C82B', 'C90B']	12	3.5426466	0.8105588	3.5159302	-0.02671647
BCCDDDCDCCDDDCCDABCAABCABDBACBDCAADACBCACACBCDABCACBCCCCCBDBADDBBBCBCBABBACADAACCCBABADBCBAABBBCCBB	['D10C', 'D15C', 'D20A', 'D36A', 'B41C', 'C46D', 'C62D', 'A63D', 'C72B', 'C73B', 'C90B', 'A93B']	12	-2.5836391	-2.8977933	-2.6191635	-0.03552437
BCADDDCDCBDDDCDDABCDABCABDBACBDCAADDCBCABACBCBABCACBCCCCCBDBACDBBBCBCBBCCACACAACCABABADBCBAABBBCCBB	['C3A', 'D10B', 'C46B', 'A63D', 'A71B', 'D77C', 'C82A', 'C90B', 'A93B']	9	1.392981	-0.42505074	1.3540783	-0.03890276
BCCDDDCDCDDDDCCDBBCBABCABDBACBDCAACACBCABACBCCABCACBCCCCCBDBACDBBBCBCBACCACADAACCCBABADBBCAAABBCCBB	['D15C', 'A17B', 'D20B', 'D35C', 'D36A', 'A63D', 'C89B']	7	-2.8142014	-2.9028502	-2.8547812	-0.040579796
BCCDDDCDCCADBCDCABCDABCABDBACBDCBADDCBCABADBCDABCACBCBCCCBDCACABBBCBCBBCCACADAACCABBBADBCCAABBBCCBB	['D10C', 'D11A', 'D13B', 'D16C', 'A33B', 'C43D', 'C46D', 'C54B', 'B60C', 'A71B', 'C82A', 'A84B', 'A93B']	13	2.9265852	0.40974998	2.8852024	-0.04138279
BCCDDDCDCCDDDCDDABCDABCABDBACBDCAADDBBCABACBCCABCACBCCCCCBDCACDBBACBCBCBCACACAACCCBABADBCBAAABBCCBB	['D10C', 'C37B', 'B60C', 'A63D', 'B66A', 'A71C', 'C72B', 'D77C', 'C90B']	9	-2.0992122	-2.9113593	-2.148302	-0.04908991
BCCDDDCDCCDDDCDDABCAABCABDBACBDCAACACBCABACBCCABCACBCCCCCBDBADDBBBCBCBCDCACADAACCCBABADBCCAABBBCCBB	['D10C', 'D20A', 'D35C', 'D36A', 'C62D', 'A63D', 'A71C', 'C72D', 'A93B']	9	-2.1983247	-2.9198937	-2.25595	-0.057625294
BCCDDDCDCCDDBCDDABCDADCABDBACBDCAADBBBCACACBCDABCCCBCCCCDBDBADDBBBCBCBBCCACADAACCBBABADBCBAAABBCCBB	['D10C', 'D13B', 'B22D', 'D36B', 'C37B', 'B41C', 'C46D', 'A50C', 'C57D', 'C62D', 'A63D', 'A71B', 'C82B', 'C90B']	14	1.1024861	-0.061122894	1.0413666	-0.061119556
BCCDDDCDCCDDDCCDABCAABCABDBACBDCAADDCBCABACBCCABCACBCCCCCCDBACDBBBCBCBACBACADAACCCBABADBCBAAABBCCBB	['D10C', 'D15C', 'D20A', 'B58C', 'A63D', 'C73B', 'C90B']	7	-2.419745	-2.9253306	-2.4828024	-0.06305742
AAADDDCDCCDDDDDDABCCABBABDBACBDCAACABBCABACBCDABCACBCDCCCCDBADDCBBCBCBBCCACCDAACCABABADBCBAABBBCCBB	['B1A', 'C2A', 'C3A', 'D10C', 'C14D', 'D20C', 'C23B', 'D35C', 'D36A', 'C37B', 'C46D', 'C54D', 'B58C', 'C62D', 'A63D', 'B64C', 'A71B', 'A76C', 'C82A', 'C90B', 'A93B']	21	4.240217	2.4086714	4.1727695	-0.06744766
BCCDDDCDCADDBCDDABCCABCABDBACBDCBADACBCABACBCDABCACBCDCCCBDBADDBBBCBCBBCCACCDAACCABABADBCBAAABBCCBB	['D10A', 'D13B', 'D20C', 'A33B', 'D36A', 'C46D', 'C54D', 'C62D', 'A63D', 'A71B', 'A76C', 'C82A', 'C90B']	13	3.0137453	2.406608	2.9442368	-0.06950855
BCCDDDCDCCDDDCDDABDCABCABDBACBDCAADACBCACACBCDABCACBCDCCCBDBADDABBCBCBBACACCDAACCABABADBCBAABBBCCBB	['D10C', 'C19D', 'D20C', 'D36A', 'B41C', 'C46D', 'C54D', 'C62D', 'A63D', 'B64A', 'A71B', 'C72A', 'A76C', 'C82A', 'C90B', 'A93B']	16	2.5509982	2.4009318	2.4758158	-0.07518244
BCCDDDCDCCDDDCCDABBDABCABDBACBDCAACDBBCABACBBCABCACBCCCCDBDBADDBBBCBABCCCACADAACCBBABADBCCAABBCCCBB	['D10C', 'D15C', 'C19B', 'D35C', 'C37B', 'C45B', 'C57D', 'C62D', 'A63D', 'C69A', 'A71C', 'C82B', 'A93B', 'B95C']	14	0.7409148	-0.08161163	0.6593027	-0.08161211
BCCDDDCDCCDDBCDDABCBABCABDBACBDCAADACBCABACBCDAACACBCCCCCBDBACDCBBCBBBACCACADAACCBBABADBCBAAABBCCBB	['D10C', 'D13B', 'D20B', 'D36A', 'C46D', 'B48A', 'A63D', 'B64C', 'C69B', 'C82B', 'C90B']	11	1.3865471	-0.08427811	1.3022728	-0.08427429
BCCDDDCDCCDDBCDDABCBABCABDBACBDCAADACBCABACBCDAACACBCCCCCBDBACDCBBCBBBACCACADAACCBBABADBCBAAABBCCBB	['D10C', 'D13B', 'D20B', 'D36A', 'C46D', 'B48A', 'A63D', 'B64C', 'C69B', 'C82B', 'C90B']	11	1.3865471	-0.08427811	1.3022728	-0.08427429
BCCDDDCDCCDDDCDDABCDABCABDBACBDCAADDCBCABACBCCABCACBCCCCCBDBADBBBBCBCBBDCBCACAACCCBBBADBCBAABBBCCBB	['D10C', 'C62D', 'A63B', 'A71B', 'C72D', 'A74B', 'D77C', 'A84B', 'C90B', 'A93B']	10	-1.9612656	-2.9487066	-2.0477057	-0.08644009
AAADDDCDCCDDDCDDABCCABCABDBACBDCAACABBCABACBCDABCACBCDCCDBDBADDBBBCBCBCCCACADAACCABABADBCBAABBCCCBB	['B1A', 'C2A', 'C3A', 'D10C', 'D20C', 'D35C', 'D36A', 'C37B', 'C46D', 'C54D', 'C57D', 'C62D', 'A63D', 'A71C', 'C82A', 'C90B', 'A93B', 'B95C']	18	2.5831428	2.3896694	2.4966955	-0.08644724
BCCDDDCDCCDDBCDDABCDABCABDBACBBCAADACBCABACBCCABCACBCCCCCBDCCDDABBCBCBBACACCDAACCCBABADBCCAABBBCCBB	['D10C', 'D13B', 'D31B', 'D36A', 'B60C', 'A61C', 'C62D', 'A63D', 'B64A', 'A71B', 'C72A', 'A76C', 'A93B']	13	-2.1873379	-2.9501085	-2.275179	-0.087841034
BCCDDDCDCCDDBDDDABCCABCABDBACBDCBACACBCACACBCCABCACBBDCCCBDCBDDBBBCBCBBCBACADAACCBBABADBCBAAABBCCBB	['D10C', 'D13B', 'C14D', 'D20C', 'A33B', 'D35C', 'D36A', 'B41C', 'C53B', 'C54D', 'B60C', 'A61B', 'C62D', 'A63D', 'A71B', 'C73B', 'C82B', 'C90B']	18	4.740801	2.7594142	4.6379557	-0.10284519
BCCDDDCDCCDDBDDDABCCABCABDBACBDCBACACBCACACBCCABCACBBDCCCBDCBDDBBBCBCBBCBACADAACCBBABADBCBAAABBCCBB	['D10C', 'D13B', 'C14D', 'D20C', 'A33B', 'D35C', 'D36A', 'B41C', 'C53B', 'C54D', 'B60C', 'A61B', 'C62D', 'A63D', 'A71B', 'C73B', 'C82B', 'C90B']	18	4.740801	2.7594142	4.6379557	-0.10284519
BCCDDDCDCADDDCDDABCDABCABDBACBDCAADDCBCABACBCDABCACBCCDCCBDBACDBBBCBCBACDACACAACCCBABADBCBAAABBCCBB	['D10A', 'C46D', 'C55D', 'A63D', 'C73D', 'D77C', 'C90B']	7	-2.772202	-2.969993	-2.879922	-0.1077199
BCCDDDCDCCDDDCDDABCDABCABDBACBDCBACBCBCABACBCDABCACBCDCCCCDBADDCBBCBCBBCCACCCAACCABABADBCCAABBBCCBB	['D10C', 'A33B', 'D35C', 'D36B', 'C46D', 'C54D', 'B58C', 'C62D', 'A63D', 'B64C', 'A71B', 'A76C', 'D77C', 'C82A', 'A93B']	15	3.2179642	2.3664446	3.1082907	-0.1096735
BCCDDDCDCBDCDCDDABBBABCDBDBACBDCAACACBCACACBCDABCACBCDCCCBDBACDBBBCBCBCCCACADAACCBBABADBCCAABBBCCBB	['D10B', 'D12C', 'C19B', 'D20B', 'A24D', 'D35C', 'D36A', 'B41C', 'C46D', 'C54D', 'A63D', 'A71C', 'C82B', 'A93B']	14	3.4986825	2.7507482	3.3871717	-0.11151075
BCCDDDCDCCDDDCDDABCDABCABDBACBDCBADDBBCABACBCBABCACBCCCCCBDBADDBBBCBCBACDACACAACCCBBBADBCBAABBBCCBB	['D10C', 'A33B', 'C37B', 'C46B', 'C62D', 'A63D', 'C73D', 'D77C', 'A84B', 'C90B', 'A93B']	11	-0.5176077	-2.9869828	-0.6423216	-0.1247139
BCCDDDCDCCDDDCDDABCCABCABDBACBDCAACACBCABACBCCABCACBCDCCCCDBADDBBBCBCBBCCACADAACCBBABADBCBAAABBCCBB	['D10C', 'D20C', 'D35C', 'D36A', 'C54D', 'B58C', 'C62D', 'A63D', 'A71B', 'C82B', 'C90B']	11	3.0035505	2.7372575	2.8785515	-0.12499905
BCCDDDCDCCDDDCDDABCDABCABDBACBDCAADDCBCACACBCCABCACBCCCCCCDBADBBBBCBCBBCBACADAACCCBBBADBCBAABBBCCBB	['D10C', 'B41C', 'B58C', 'C62D', 'A63B', 'A71B', 'C73B', 'A84B', 'C90B', 'A93B']	10	-1.1637745	-2.9890342	-1.2905416	-0.12676716
BCCBDDCDCBDDDCDDABCCABCABDBACBDCAACACBCABACBCDABCACBCDDCCCDBADDBBBCBCBBDBACADAACCBBABADBCBAABBCCCBB	['D4B', 'D10B', 'D20C', 'D35C', 'D36A', 'C46D', 'C54D', 'C55D', 'B58C', 'C62D', 'A63D', 'A71B', 'C72D', 'C73B', 'C82B', 'C90B', 'A93B', 'B95C']	18	4.005618	2.7234259	3.866786	-0.13883209
BCCDDDCDCCDDDCDDABCDABCABDBACBDCAACCDBCACACBCCABCACBCCCCCBDBADDBBBCBCBACCACACAACCCBABADBCBAABBBCCBB	['D10C', 'D35C', 'D36C', 'C37D', 'B41C', 'C62D', 'A63D', 'D77C', 'C90B', 'A93B']	10	-2.9700108	-3.0072045	-3.1149473	-0.14493656
BCCDDDCDCCDDDCCDABBDABCABDBACBDCAADDABCACABBCDABCACBCCCCCBDBADDCBBBBCBACDACADAACCCBABADBCBAABBBCCBB	['D10C', 'D15C', 'C19B', 'C37A', 'B41C', 'C43B', 'C46D', 'C62D', 'A63D', 'B64C', 'C67B', 'C73D', 'C90B', 'A93B']	14	-2.152628	-3.0087957	-2.2991571	-0.1465292
BCCDDDCDCDDDDCCDABCDABCDBDBACBDCAACDBBCABACBCCABCACBCCCCCBDBACDBBBCBCBBCCACADAACCBBABADBCCAAABBCCBB	['D15C', 'A24D', 'D35C', 'C37B', 'A63D', 'A71B', 'C82B']	7	1.1320639	-0.15224123	0.979825	-0.15223885
BCCDDDCDCCDDDCDDABCAABCABDBACBDCAADCCBCABACBCCABCACBCCCCCBDBADDBBBCBCBDCBACADAACCCBABADBCBAAABBCCBB	['D10C', 'D20A', 'D36C', 'C62D', 'A63D', 'A71D', 'C73B', 'C90B']	8	-1.4087186	-3.0161238	-1.5625725	-0.1538539
BCCDDDCDCDDBDCCDABBAABCABDBACBDCAADDCBCABACBCBABCACBCCCCCBDBACABBBCBCBBCCCCADAACCCBBBADBCBAAABBCCBB	['D12B', 'D15C', 'C19B', 'D20A', 'C46B', 'A71B', 'A74C', 'A84B', 'C90B']	9	-2.6949897	-3.0169115	-2.8496313	-0.15464163
BCCDDDCDCDDDBCDDABCDABCABDBACBDCBACAABCABACBCCABCACBCBCCCBDBADDBBBCBCBBBBACADAACCCBABADBCBAAABBCCBB	['D13B', 'A33B', 'D35C', 'D36A', 'C37A', 'C54B', 'C62D', 'A63D', 'A71B', 'C72B', 'C73B', 'C90B']	12	-1.9923706	-2.1841927	-2.151577	-0.15920639
BCCDDDCDCCDDDCDDABCCABCABDBACBDCAACCBBCABACBCCABCACBBDCCCCDBADDCBBCBCBBCCCCACAACCABACADBCBAABBBCCBB	['D10C', 'D20C', 'D35C', 'D36C', 'C37B', 'C53B', 'C54D', 'B58C', 'C62D', 'A63D', 'B64C', 'A71B', 'A74C', 'D77C', 'C82A', 'B85C', 'C90B', 'A93B']	18	3.749125	2.3168344	3.5898457	-0.15927935
BCCDDDCDCCDDDCDDABCCABCABDBACBDCAACCBBCABACBCCABCACBBDCCCCDBADDCBBCBCBBCCCCACAACCABACADBCBAABBBCCBB	['D10C', 'D20C', 'D35C', 'D36C', 'C37B', 'C53B', 'C54D', 'B58C', 'C62D', 'A63D', 'B64C', 'A71B', 'A74C', 'D77C', 'C82A', 'B85C', 'C90B', 'A93B']	18	3.749125	2.3168344	3.5898457	-0.15927935
AAADDDCDCDDBDCCDABBDABCABDBACBDCAADDCBCABACBCBABCACBCCCCDBDBACDBBBCBCBBCCCCADAACCBBABADBCBAAABBCCBB	['B1A', 'C2A', 'C3A', 'D12B', 'D15C', 'C19B', 'C46B', 'C57D', 'A63D', 'A71B', 'A74C', 'C82B', 'C90B']	13	0.81921005	-0.15985918	0.65935516	-0.15985489
AAADDDCDCCDADCDDABDDABCABDBACBDCAADDCBCABACBCDAACACBCACCCBDCBCDBBBCBCBBCCACACAACCBBBBADBCCAABBBCCBB	['B1A', 'C2A', 'C3A', 'D10C', 'D12A', 'C19D', 'C46D', 'B48A', 'C54A', 'B60C', 'A61B', 'A63D', 'A71B', 'D77C', 'C82B', 'A84B', 'A93B']	17	2.9560747	2.7837472	2.7942286	-0.16184616
BCCDDDCDCCDCDDDDABCDABCABDBACBDCAACACBCABACBCCABCACBCCCCCBDBADDCBBDBCBACCACACAACCCBABADBCCAABBBCCBB	['D10C', 'D12C', 'C14D', 'D35C', 'D36A', 'C62D', 'A63D', 'B64C', 'C67D', 'D77C', 'A93B']	11	-2.4704037	-3.034603	-2.6427412	-0.17233753
BCCDDDCDCCDBBCDDABDAABCABDBACBDCAADACBCABACBCCABCACBCCCCCBDBACDBBBBBABADCACADAACCCBABADBCBAAABBCCBB	['D10C', 'D12B', 'D13B', 'C19D', 'D20A', 'D36A', 'A63D', 'C67B', 'C69A', 'C72D', 'C90B']	11	-2.3378716	-3.036993	-2.512597	-0.17472553
BCCDDDCDCCDADCCDABCCABCABDBACBDCAADACBCABACBCCABCACBBDCCCBDCACDBBBCBCBBCCACADAACCBBABADBCBAABBBCCBB	['D10C', 'D12A', 'D15C', 'D20C', 'D36A', 'C53B', 'C54D', 'B60C', 'A63D', 'A71B', 'C82B', 'C90B', 'A93B']	13	2.7656093	2.684198	2.5875492	-0.17806005
BCCDDDCDCBADDCDDABCAABCABDBACBDCAADDCBCACACBCBABCACBCBCCCBDBACABBBCBCBDCCACADAACCCBBBADBCBAAABBCCBB	['D10B', 'D11A', 'D20A', 'B41C', 'C46B', 'C54B', 'A71D', 'A84B', 'C90B']	9	-0.11005306	-2.2054396	-0.29050255	-0.18044949
BCCDDDCDCCDDDCDDABCDABCABDBACBDCAADDBBCABACBCDABCACBCCCCCBDBADDBBBCBCBBCBACACAACCCBBBADBCBAABBBCCBB	['D10C', 'C37B', 'C46D', 'C62D', 'A63D', 'A71B', 'C73B', 'D77C', 'A84B', 'C90B', 'A93B']	11	-1.8802261	-3.0463047	-2.0642624	-0.18403625
BCCDDDCDCAADDCCDABCAABCABDBACBDCAACACBCABACBCCABCACBCCCCCBDBADDBBBCBABCDCCCADAACCCBABADBCBAAABBCCBB	['D10A', 'D11A', 'D15C', 'D20A', 'D35C', 'D36A', 'C62D', 'A63D', 'C69A', 'A71C', 'C72D', 'A74C', 'C90B']	13	-1.1531105	-3.0475526	-1.3383951	-0.18528461
BCCDDDCDCCDDDCDCABCDABCABDBACBDCAADDCBCABACBCCABCACBCCCCCBDCACABBBCBCBBCCACADAACCCBBBADBCCAABBBCCBB	['D10C', 'D16C', 'B60C', 'A71B', 'A84B', 'A93B']	6	-1.9684186	-3.048019	-2.15417	-0.18575144
AAADDDCDCCDDDCDDABCDABBABDBACBDCAADDCBCACACBCDABCACBBDCCCBDCADDBBBCBCBBCCACCDAACCBBABADBCCAABBBCCBB	['B1A', 'C2A', 'C3A', 'D10C', 'C23B', 'B41C', 'C46D', 'C53B', 'C54D', 'B60C', 'C62D', 'A63D', 'A71B', 'A76C', 'C82B', 'A93B']	16	3.4568539	2.6758595	3.2704515	-0.18640232
AAADDDCDCCDDBCDCABCBABCABDBACBDCAACDABCABACBCBAACACBCDCCCCDCDDCCBBCBCBCDCACADAACCBBBBADBCCCAABBCCBB	['B1A', 'C2A', 'C3A', 'D10C', 'D13B', 'D16C', 'D20B', 'D35C', 'C37A', 'C46B', 'B48A', 'C54D', 'B58C', 'B60C', 'A61D', 'C62D', 'A63C', 'B64C', 'A71C', 'C72D', 'C82B', 'A84B', 'A91C']	23	5.565712	2.6749997	5.3784494	-0.18726254
BCCDDDCDCCDDDCCDABBCABCABDBACBDCAACABBCACACBCCABCACBCDCCCCDAADDBBBCBCCBCBACADAACCBBABADBCBAABBBCCBB	['D10C', 'D15C', 'C19B', 'D20C', 'D35C', 'D36A', 'C37B', 'B41C', 'C54D', 'B58C', 'B60A', 'C62D', 'A63D', 'B70C', 'A71B', 'C73B', 'C82B', 'C90B', 'A93B']	19	3.2526317	2.6685114	3.0588827	-0.19374895
AAADDDCDCADDDCCDABCCABCABDBACBDCAACACBCACACBCBABCACBCDCCCCDBADDBBBCBCBACCACADAACCBBABADBCBAABBBCCBB	['B1A', 'C2A', 'C3A', 'D10A', 'D15C', 'D20C', 'D35C', 'D36A', 'B41C', 'C46B', 'C54D', 'B58C', 'C62D', 'A63D', 'C82B', 'C90B', 'A93B']	17	2.9243708	2.6672344	2.7293463	-0.19502449
BCCDDDCDCCDDDCDDABCCABCABDBACBDCAACABBCABACBCDABCACBCDDCDCDCADDBBBCBCBBBDACACAACCCBBCADBCBAABBBCCBB	['D10C', 'D20C', 'D35C', 'D36A', 'C37B', 'C46D', 'C54D', 'C55D', 'C57D', 'B58C', 'B60C', 'C62D', 'A63D', 'A71B', 'C72B', 'C73D', 'D77C', 'A84B', 'B85C', 'C90B', 'A93B']	21	1.7274842	-0.19885969	1.5286303	-0.19885397
BCCDDDCDCBDDDDDDADCDABCABDBACBDCAADDBBCACACBCDABCACBCCCCCBDBACDBBBCBCBCACACADAACCCBABADBCCACBBBCCBB	['D10B', 'C14D', 'B18D', 'C37B', 'B41C', 'C46D', 'A63D', 'A71C', 'C72A', 'A92C', 'A93B']	11	-2.411077	-3.0631824	-2.611992	-0.20091486
BCCDDDCDCBDDDDDDADCDABCABDBACBDCAADDBBCACACBCDABCACBCCCCCBDBACDBBBCBCBCACACADAACCCBABADBCCACBBBCCBB	['D10B', 'C14D', 'B18D', 'C37B', 'B41C', 'C46D', 'A63D', 'A71C', 'C72A', 'A92C', 'A93B']	11	-2.411077	-3.0631824	-2.611992	-0.20091486
BCCDDDCDCADDDCDDABCAABCABDBACBDCAACAABCACACBCCABCACBCCCCCBDCADDCBBCBCBBCCACADAACCCBABADBCBAABBBCCBB	['D10A', 'D20A', 'D35C', 'D36A', 'C37A', 'B41C', 'B60C', 'C62D', 'A63D', 'B64C', 'A71B', 'C90B', 'A93B']	13	-1.0614705	-3.0639071	-1.2631102	-0.20163965
BCCDDDCDCCDDDCCCABCCABCABDBACBDCAACACBCACACBCCABCACBCACCDBDBBCABBBCBCBBCCACADAACCBBABADBBBADABBCCBB	['D10C', 'D15C', 'D16C', 'D20C', 'D35C', 'D36A', 'B41C', 'C54A', 'C57D', 'A61B', 'A71B', 'C82B', 'C89B', 'C90B', 'A92D']	15	3.0381708	2.743853	2.8364305	-0.20174026
BCCDDDCDCCDDDCCCABCCABCABDBACBDCAACACBCACACBCCABCACBCACCDBDBBCABBBCBCBBCCACADAACCBBABADBBBADABBCCBB	['D10C', 'D15C', 'D16C', 'D20C', 'D35C', 'D36A', 'B41C', 'C54A', 'C57D', 'A61B', 'A71B', 'C82B', 'C89B', 'C90B', 'A92D']	15	3.0381708	2.743853	2.8364305	-0.20174026
BCCDDDCDCCDDDCCCABCCABCABDBACBDCAACACBCACACBCCABCACBCDCCDBDBBCABBBCBCBBCCACADAACCBBABADBBBADABBCCBB	['D10C', 'D15C', 'D16C', 'D20C', 'D35C', 'D36A', 'B41C', 'C54D', 'C57D', 'A61B', 'A71B', 'C82B', 'C89B', 'C90B', 'A92D']	15	3.0381708	2.660522	2.8364305	-0.20174026
BCCDDDCDCAADBCCCABCCABCABDBACBDDBADAABCABACBCDABCACBCDCCCBDBACDBBACBCBBDCACADAACCABBBADBCBCAABBCCBB	['D10A', 'D11A', 'D13B', 'D15C', 'D16C', 'D20C', 'C32D', 'A33B', 'D36A', 'C37A', 'C46D', 'C54D', 'A63D', 'B66A', 'A71B', 'C72D', 'C82A', 'A84B', 'C90B', 'A91C']	20	3.8161962	2.273559	3.613638	-0.20255828
BCCDDDCDCCDDDCDDABCCABCABDBACBDCAACACBCACACBCDABCACBCDCCCCDCACDCBBCBCBBDCACCDAACCDBBBADBCBAABBBCCBB	['D10C', 'D20C', 'D35C', 'D36A', 'B41C', 'C46D', 'C54D', 'B58C', 'B60C', 'A63D', 'B64C', 'A71B', 'C72D', 'A76C', 'C82D', 'A84B', 'C90B', 'A93B']	18	1.9841242	0.37824345	1.7793398	-0.2047844
AAADDDCDCBDDBCDDABCDABCDBDBACBDCBADACBCABACBCDABCACBCDCCCBDBADDBBBCBCBACCACCDAACCBBABADBDCAAABBCCBB	['B1A', 'C2A', 'C3A', 'D10B', 'D13B', 'A24D', 'A33B', 'D36A', 'C46D', 'C54D', 'C62D', 'A63D', 'A76C', 'C82B', 'C89D']	15	4.3993015	2.649157	4.1861944	-0.21310711
AAADDDCDCDDDDCDDABCDABCABDBACBDCAACDBBCABACBCCABCACBCCCCCBDBACDBBBCBCBBCCDCACAACCCBABADBCCAABBBCCBB	['B1A', 'C2A', 'C3A', 'D35C', 'C37B', 'A63D', 'A71B', 'A74D', 'D77C', 'A93B']	10	-3.048078	-3.0758724	-3.2616892	-0.21361113
BCCDDDCDCADDDCDDABCAABCABDBACBDCAADACBCABACBCDABCACBCCCCCBDBACABBBCBCBBCBACCDAACCCBABADBCCAAABBCCBB	['D10A', 'D20A', 'D36A', 'C46D', 'A71B', 'C73B', 'A76C']	7	-2.2569003	-3.0807433	-2.4753761	-0.21847582
BCCDDDCDCBDDDCDDABBDABCABDBACBDCAACACBCABACBCBABCACBCCCCCBDBACACBBCBCBADCACADAACCCBBBADBCCAAABBCCBB	['D10B', 'C19B', 'D35C', 'D36A', 'C46B', 'B64C', 'C72D', 'A84B']	8	-1.7471886	-3.0817075	-1.966629	-0.21944046
BCCDDDCDCCDDDCDDABCAABCABDBACBDCAADDBBCABACBCDABCACBCCCCCBDBADDBBBCBCBCABACACAACCCBABADBCBAAABBCCBB	['D10C', 'D20A', 'C37B', 'C46D', 'C62D', 'A63D', 'A71C', 'C72A', 'C73B', 'D77C', 'C90B']	11	-2.605535	-3.0840273	-2.8272924	-0.22175741
BCCDDDCDCCDDDCCDABCCABCABDBACBDCAACACBCACACBCDABCACBCDCCCBDBADDBBBCBCBBCCACCDAACCBBABADBCCAABBBCCBB	['D10C', 'D15C', 'D20C', 'D35C', 'D36A', 'B41C', 'C46D', 'C54D', 'C62D', 'A63D', 'A71B', 'A76C', 'C82B', 'A93B']	14	2.7363362	2.6395159	2.5135927	-0.22274351
BCCDDDCDCCDDDCDDABCAABCABDBACBDCAACABBCABACBCCABCACBCCCCCBDBACDBBBCBCBCDCCCACAACCCBABADBCBAAABBCCBB	['D10C', 'D20A', 'D35C', 'D36A', 'C37B', 'A63D', 'A71C', 'C72D', 'A74C', 'D77C', 'C90B']	11	-2.0693126	-3.0858507	-2.2928934	-0.22358084
BCCDDDCDCADDDDCDABCAABCABDBACBDCAADDCBCABACBCCABCACBCCCCCBDBADDBBBCBCBBCBACACAACCCBABADBCBAAABBCCBB	['D10A', 'C14D', 'D15C', 'D20A', 'C62D', 'A63D', 'A71B', 'C73B', 'D77C', 'C90B']	10	-2.516499	-3.091487	-2.745718	-0.22921896
BCCDDDCDCADDBCDDABBDABCABDBACBDCAADDCBCABACBCDABCACBCCCCCBDBACDBBBCBCBACAACADAACCCBABADBCBAAABBCCBB	['D10A', 'D13B', 'C19B', 'C46D', 'A63D', 'C73A', 'C90B']	7	-2.9908705	-3.0938373	-3.2224398	-0.23156929
BCCDDDCDCCDDDCDDABCDABCDBDBACBDCAADDCBCABACBCCABCACBCCCCCBDBADDBBBCBCBACCACADAACCBBABADBCCAABBBCCBB	['D10C', 'A24D', 'C62D', 'A63D', 'C82B', 'A93B']	6	0.86641073	-0.23159933	0.63481426	-0.23159647
BCCDDDCDCBDDBCDBABCDABCABDBACBDCBADDBBCABACBCDABCACBCDDCDBDBACDBBBCBCBBCCACCDAACCBBABADBCBAABBBCCBB	['D10B', 'D13B', 'D16B', 'A33B', 'C37B', 'C46D', 'C54D', 'C55D', 'C57D', 'A63D', 'A71B', 'A76C', 'C82B', 'C90B', 'A93B']	15	3.6113548	2.6304479	3.3795452	-0.23180962
BCCDDDCDCBDDBCDBABCDABCABDBACBDCBADDBBCABACBCDABCACBCDDCDBDBACDBBBCBCBBCCACCDAACCBBABADBCBAABBBCCBB	['D10B', 'D13B', 'D16B', 'A33B', 'C37B', 'C46D', 'C54D', 'C55D', 'C57D', 'A63D', 'A71B', 'A76C', 'C82B', 'C90B', 'A93B']	15	3.6113548	2.6304479	3.3795452	-0.23180962
AAADDDCDCBDDBCCDABCAABCABDBACBDDBADAABCACACBCDBBCACBCBCCCBDBACDBBBCBCBBCAACADAACCCBBBADBABAABBBCCBB	['B1A', 'C2A', 'C3A', 'D10B', 'D13B', 'D15C', 'D20A', 'C32D', 'A33B', 'D36A', 'C37A', 'B41C', 'C46D', 'A47B', 'C54B', 'A63D', 'A71B', 'C73A', 'A84B', 'C89A', 'C90B', 'A93B']	22	0.17629147	-2.2597427	-0.058465958	-0.23475742
AAADDDCDCADDDCCDABCDABCABDBACBDCAACDABCABACBCCABCACBCCCCCBDBACDBBBCBCBACCACADAACCCBABADBCBAAABBCCBB	['B1A', 'C2A', 'C3A', 'D10A', 'D15C', 'D35C', 'C37A', 'A63D', 'C90B']	9	-2.693078	-3.0990348	-2.929844	-0.23676586
BCCDDDCDCCDDDCDDABCCABCABDBACBDCAACABBCABACBCCABCACBCDCCCCDBADDBBBCBCBBCDACADAACCCBBBADBCBAAABBCCBB	['D10C', 'D20C', 'D35C', 'D36A', 'C37B', 'C54D', 'B58C', 'C62D', 'A63D', 'A71B', 'C73D', 'A84B', 'C90B']	13	1.2210498	-0.23895264	0.98210144	-0.23894835
BCCDDDCDCADDBCCDABCAABCABDBACBDCAADDCBCACACBCDABCACBCCCCCBDBACDCBBCBCBACCACCDAACCCBABADBBCAAABBCCBB	['D10A', 'D13B', 'D15C', 'D20A', 'B41C', 'C46D', 'A63D', 'B64C', 'A76C', 'C89B']	10	-2.3944488	-3.1037354	-2.6359186	-0.24146986
BCCDDDCDCCDDBCDDABCBABCABBBACBDCAADACBCABACBCCAACACBCCCCCBDBACDCBBCBBBACCACADAACCBBABADBCCAAABBCCBB	['D10C', 'D13B', 'D20B', 'D26B', 'D36A', 'B48A', 'A63D', 'B64C', 'C69B', 'C82B']	10	0.8835263	-0.24548674	0.63803864	-0.24548769
BCCDDDCDCCDCBCDDABCAABCABDBACBDCAADDCBCABACBCDABCACBCCCCCBDCACDBBBDBCBCDCCCACAACCCBABADBCBAAABBCCBB	['D10C', 'D12C', 'D13B', 'D20A', 'C46D', 'B60C', 'A63D', 'C67D', 'A71C', 'C72D', 'A74C', 'D77C', 'C90B']	13	-1.9888234	-3.109161	-2.2357178	-0.24689436
BCCDDDCDCCDCBCDDABCAABCABDBACBDCAADDCBCABACBCDABCACBCCCCCBDCACDBBBDBCBCDCCCACAACCCBABADBCBAAABBCCBB	['D10C', 'D12C', 'D13B', 'D20A', 'C46D', 'B60C', 'A63D', 'C67D', 'A71C', 'C72D', 'A74C', 'D77C', 'C90B']	13	-1.9888234	-3.109161	-2.2357178	-0.24689436
BCCDDDCDCDDDDCDCABCCABCABDBACBDCAADACBAABACBCCABCACBCCCCCBDBADDCBBCBCCACCACADAACCCBABADBCBAAABBCCBB	['D16C', 'D20C', 'D36A', 'C39A', 'C62D', 'A63D', 'B64C', 'B70C', 'C90B']	9	-3.1069574	-3.1106915	-3.355382	-0.24842453
BCCDDDCDCCDDDCDDABCDABCABDBACBDCAADDCBCABACBCCABCACBCCCCCBDBACDBBBCBCBCABACACAACCCBABADBCBAAABBCCBB	['D10C', 'A63D', 'A71C', 'C72A', 'C73B', 'D77C', 'C90B']	7	-3.0751672	-3.1116333	-3.3245306	-0.24936342
AAADDDCDCDDDDCDDABCDABCABDBACBDCAADACBCABACBCCABCACBCCCCCBDBBCBBBBCBCBACCACADAACCCBABADBCBAAABBCCBB	['B1A', 'C2A', 'C3A', 'D36A', 'A61B', 'A63B', 'C90B']	7	-2.8680658	-3.111888	-3.1176834	-0.24961758
BCCDDDCDCCDDDCDDABCDABCABDBACBDCAADDCBCACACBBCABCACBCCCCCBDBACDBBBCBDBBCBACACAACCCBBBADBCBAABBBCCBB	['D10C', 'B41C', 'C45B', 'A63D', 'C69D', 'A71B', 'C73B', 'D77C', 'A84B', 'C90B', 'A93B']	11	-2.904451	-3.1161094	-3.1582928	-0.25384188
BCCDDDCDCDDDBDCDABCBABCABDBACBDCAADABBCABACBCCABCACBCCCCCBDBACDBBBCBCBBCBACADAACCCBABADBCBAABBBCCBB	['D13B', 'C14D', 'D15C', 'D20B', 'D36A', 'C37B', 'A63D', 'A71B', 'C73B', 'C90B', 'A93B']	11	-2.6462064	-3.1184702	-2.9024096	-0.25620317
BCCDDDCDCCDDDDDDABCDABCABDBACBDCAADDCBCABACBCCAACACBCCCCCBDBACCBBBCCCBBCCACACAACCBBABADBCCAABBBCCBB	['D10C', 'C14D', 'B48A', 'A63C', 'B68C', 'A71B', 'D77C', 'C82B', 'A93B']	9	0.023334503	-0.25843573	-0.23509884	-0.25843334
BCCDDDCBCCDDBCDDABCBABCABDBACBDCAADACBCABACBCCAACACBCCCCCBDBACDCBBCBBBACCACADAACCBBABADBCCAAABBCCBB	['D8B', 'D10C', 'D13B', 'D20B', 'D36A', 'B48A', 'A63D', 'B64C', 'C69B', 'C82B']	10	0.8793521	-0.25873375	0.6206188	-0.25873327
AAADDDCDCCDDDCCDABCDABCDBDBACBDCAACACBCABACBCDABCACBCDDCCBDCADDBBBCBCBABAACADAACCBBABADBCCAAABBCCBB	['B1A', 'C2A', 'C3A', 'D10C', 'D15C', 'A24D', 'D35C', 'D36A', 'C46D', 'C54D', 'C55D', 'B60C', 'C62D', 'A63D', 'C72B', 'C73A', 'C82B']	17	3.128056	2.603475	2.8692713	-0.25878477
BCCDDDCDCCDDDCDDABCDABCDBDBACBDCAACACBCACACBCAABCACBBDCCCBDCADDCBBCBCBBDCACACAACCBBBBADBCCAAABBCCBB	['D10C', 'A24D', 'D35C', 'D36A', 'B41C', 'C46A', 'C53B', 'C54D', 'B60C', 'C62D', 'A63D', 'B64C', 'A71B', 'C72D', 'D77C', 'C82B', 'A84B']	17	4.360094	2.6020198	4.0998507	-0.26024342
BCCDDDCDCDDDDCDDABCDABCABDBACBDCAACABBCACACBCCABCACBCCCCCCDBADACBBCBCBACCACADAACCCBABADBCBAAABBCCBB	['D35C', 'D36A', 'C37B', 'B41C', 'B58C', 'C62D', 'B64C', 'C90B']	8	-2.7422237	-3.1244454	-3.0044012	-0.26217747
BCCDDDCDCCDDDCDDABCCABCABDBACBDCAACABBCABACBCCABCACBCDCCCBDBADDBBBCBCBBCCACADAACCCABBADBCBAAABBCCBB	['D10C', 'D20C', 'D35C', 'D36A', 'C37B', 'C54D', 'C62D', 'A63D', 'A71B', 'B83A', 'A84B', 'C90B']	12	-0.12614536	-0.2623434	-0.38848305	-0.26233768
BCCDDDCDCDDDBCDDABCDABCABDBACDDCBDDACBCABACBCBABCACBCCCCCBDBACDBBBCBCBCCCACADAACCCBABADCCCAAABBCCBB	['D13B', 'B30D', 'A33B', 'A34D', 'D36A', 'C46B', 'A63D', 'A71C', 'B88C']	9	-2.8827868	-3.1248713	-3.1453924	-0.26260567
BCCDDDCDCDDDDCDDABCDABCABDBACBDCAACACBCACACBCCABCACBCCCCCBDBADDDBBCBCBBCCACCDAACCCBABADBCCAABBBCCBB	['D35C', 'D36A', 'B41C', 'C62D', 'A63D', 'B64D', 'A71B', 'A76C', 'A93B']	9	-2.8428364	-3.1267843	-3.1073542	-0.26451778
BCCDDDCDCADDDCDDABCDABCABDBACBDCAADDCBCABACBCCAACACBCCCCCBDBADDCDBCBCBACCACADAACCBBABADBCCAAABBCCBB	['D10A', 'B48A', 'C62D', 'A63D', 'B64C', 'B65D', 'C82B']	7	-0.080379486	-0.26731873	-0.3476982	-0.26731873
AAADDDCDCCDDDCDDABCDABCABDBACBDCAADDABCACACBCCABCACBCCCCCBDCADCBBBCBCBACCACACAACCCBABADBCBAABBBCCBB	['B1A', 'C2A', 'C3A', 'D10C', 'C37A', 'B41C', 'B60C', 'C62D', 'A63C', 'D77C', 'C90B', 'A93B']	12	-2.7495866	-3.132071	-3.0193882	-0.26980162
AAADDDCDCBDDCCDDABCAABCDBDBACBDCAADACBCACACBCDABCACBCACCCBDBDCDCBBCBDBACCACADAACCBBABADBCCAAABBCCBB	['B1A', 'C2A', 'C3A', 'D10B', 'D13C', 'D20A', 'A24D', 'D36A', 'B41C', 'C46D', 'C54A', 'A61D', 'A63D', 'B64C', 'C69D', 'C82B']	16	4.1801877	2.6728854	3.9074793	-0.27270842
BCCDDDCDCCDDBCDDABCDABCDBDBACBDCBADDCBCABACBCBABCACBCCCCCBDBADBBBBCBCBACCACACAACCBBBBADBCCAAABBCCBB	['D10C', 'D13B', 'A24D', 'A33B', 'C46B', 'C62D', 'A63B', 'D77C', 'C82B', 'A84B']	10	2.3396473	-0.27324104	2.0664072	-0.2732401
BCCDDDCDCCDDDCDDABACABCABDBACBDCAADACBCACACBCCABCACBCDCCDBDBDCDBBBCBCBBCCACADAACCBBABADBCBADABBCCBB	['D10C', 'C19A', 'D20C', 'D36A', 'B41C', 'C54D', 'C57D', 'A61D', 'A63D', 'A71B', 'C82B', 'C90B', 'A92D']	13	2.75207	2.5762277	2.4660406	-0.28602934
BCCDDDCDCBDDDCDBABCDABCABDBACBDCBADDCBCABAABCDABCACBCDCCCBDBADDBBBCBABCDCACADAACCBBABADBCBAABBCCCBB	['D10B', 'D16B', 'A33B', 'C43A', 'C46D', 'C54D', 'C62D', 'A63D', 'C69A', 'A71C', 'C72D', 'C82B', 'C90B', 'A93B', 'B95C']	15	3.391067	2.5716996	3.1005077	-0.2905593
BCCDDDCDCCDDBCDDABCDABCABDBACBDDBADBCBCABACBCDABCACBCCCCCBDBADACBBCBCBACCACCDAACCCABBADBCBAAABBCCBB	['D10C', 'D13B', 'C32D', 'A33B', 'D36B', 'C46D', 'C62D', 'B64C', 'A76C', 'B83A', 'A84B', 'C90B']	12	-2.6253386	-3.1536164	-2.9166842	-0.2913456
BCCDDDCDCADCDCCDABABABCABDBACBDCAADBCBCABADBCDABCACBCDDCDBDCADDBBBCBABDCBACADAACCBBBBADBABAACBCCCBB	['D10A', 'D12C', 'D15C', 'C19A', 'D20B', 'D36B', 'C43D', 'C46D', 'C54D', 'C55D', 'C57D', 'B60C', 'C62D', 'A63D', 'C69A', 'A71D', 'C73B', 'C82B', 'A84B', 'C89A', 'C90B', 'A93C', 'B95C']	23	4.7206745	2.568882	4.4272985	-0.29337597
BCCDDDCDCCDDDCDDABCCABCABDBACBDCAABABBCACACBCCABCACBCDCCCBDCACDBBBCBCBBDCACADAACCBBABADBCCAAABBCCBB	['D10C', 'D20C', 'D35B', 'D36A', 'C37B', 'B41C', 'C54D', 'B60C', 'A63D', 'A71B', 'C72D', 'C82B']	12	2.787962	2.567833	2.4935322	-0.29442978
BCCDDDCDCCDDBCDDABCDABCABDBACBDCAADDCBCABACBCDBBCACBBCCCCBDBACDDBBCBCBBCCCCACAACCCBBBADBCBAABBBCCBB	['D10C', 'D13B', 'C46D', 'A47B', 'C53B', 'A63D', 'B64D', 'A71B', 'A74C', 'D77C', 'A84B', 'C90B', 'A93B']	13	-2.0935798	-3.1588545	-2.3901672	-0.29658747
BCCDDDCDCCDDDCDDABCAABCABDBACBDCAADDCBCABACBCCABCACBCCCCCCDBACABBBCBCBACCACADAACCDBABADBCCAAABBCCBB	['D10C', 'D20A', 'B58C', 'C82D']	4	-2.4628644	-2.577516	-2.7611427	-0.29827833
BCCDDDCDCCDDDCDDABCDABCABDBACBDCAADDCBCABACBCDABCACBCCCCCBDBACDBBBCBCBACDACACAACCCBABADBCBAAABBCCBB	['D10C', 'C46D', 'A63D', 'C73D', 'D77C', 'C90B']	6	-2.5761728	-3.1625276	-2.8764324	-0.3002596
BCCDDDCDCDDDDCDDABCAABCABDBACBDCAADDCBCABACBCDABCACBCCCCCCDBACDCBBCBCBBCBACACAACCCBABADBCCAABBBCCBB	['D20A', 'C46D', 'B58C', 'A63D', 'B64C', 'A71B', 'C73B', 'D77C', 'A93B']	9	-2.9064965	-3.1631165	-3.2073479	-0.30085135
BCCDDDCDCCDDBCDDABCDABCABDBACBDCBADDBBCABACBCBABCACBCDCCCBDBACDBBBCBCBBCCCCADAACCBBBBADBCBAAABBCCBB	['D10C', 'D13B', 'A33B', 'C37B', 'C46B', 'C54D', 'A63D', 'A71B', 'A74C', 'C82B', 'A84B', 'C90B']	12	2.8389783	2.5597482	2.5364685	-0.30250978
BCCDDDCDCADDBCDDABCDABCABDBACBDCAADDCBCABACBCDABCACBDCCCCCDBACDBBBCBCBACBACACAACCCBABADBCBAAABBCCBB	['D10A', 'D13B', 'C46D', 'C53D', 'B58C', 'A63D', 'C73B', 'D77C', 'C90B']	9	-2.9446492	-3.1741614	-3.2565403	-0.31189108
BCCDDDCDCCDDDCDDABCDABCABDBACBDCAADDCBCABACBCCABCACBCCCCCBDBACDBBBCBCBACAACACAACCCBABADBCBAAABBCCBB	['D10C', 'A63D', 'C73A', 'D77C', 'C90B']	5	-2.9367294	-3.1789727	-3.2534323	-0.31670284
AAADDDCDCAADBCDDABCDABCABDBACBDCBADDBBCABACBCBABCACBCBDCCBDBACDBBBCBCBBBDACADAACCBBABADBABAABBBCCBB	['B1A', 'C2A', 'C3A', 'D10A', 'D11A', 'D13B', 'A33B', 'C37B', 'C46B', 'C54B', 'C55D', 'A63D', 'A71B', 'C72B', 'C73D', 'C82B', 'C89A', 'C90B', 'A93B']	19	4.1180477	0.5198412	3.8006163	-0.31743145
BCCDDDCDCCDDBCDDABCDABCABDBACBDCAADDCBCABACBCDABCACBCCCCCBDBADDBBBCBCBBCCACACAACCCBBBADBABAABBBCCBB	['D10C', 'D13B', 'C46D', 'C62D', 'A63D', 'A71B', 'D77C', 'A84B', 'C89A', 'C90B', 'A93B']	11	-1.4148006	-3.1800199	-1.7325544	-0.3177538
BCCDDDCDCCDDBCDDABCDABCABDBACBDCAADDCBCABACBCDABCACBCCCCCBDBADDBBBCBCBBCCACACAACCCBBBADBABAABBBCCBB	['D10C', 'D13B', 'C46D', 'C62D', 'A63D', 'A71B', 'D77C', 'A84B', 'C89A', 'C90B', 'A93B']	11	-1.4148006	-3.1800199	-1.7325544	-0.3177538
BCCDDDCDCCDDDCDDABCDABCABDBACBDCDADDCBCACACBCCABCACBCCCCCBDBACDBBBCBCBACBACADAACCCBABADBCBAABBBCCBB	['D10C', 'A33D', 'B41C', 'A63D', 'C73B', 'C90B', 'A93B']	7	-3.1762118	-3.1811671	-3.4951077	-0.31889582
AAADDDCDCCDDBCDDABCCABCABDBACBDCAACACBCABACBCDABAACBCDCCDCABACDBBBCBABACCACADAACCABABADBDCAAABBCCBB	['B1A', 'C2A', 'C3A', 'D10C', 'D13B', 'D20C', 'D35C', 'D36A', 'C46D', 'C49A', 'C54D', 'C57D', 'B58C', 'D59A', 'A63D', 'C69A', 'C82A', 'C89D']	18	2.6886473	2.153387	2.365919	-0.32272816
BCCDDDCDCCDDBCDCABCBABCABDBACBDCBADCCBCABACBCCAACACBBDCCCBDBADCBBBCBABBCCBCCDAACCBBBBADBCCAABBBCCBB	['D10C', 'D13B', 'D16C', 'D20B', 'A33B', 'D36C', 'B48A', 'C53B', 'C54D', 'C62D', 'A63C', 'C69A', 'A71B', 'A74B', 'A76C', 'C82B', 'A84B', 'A93B']	18	4.947673	2.5385594	4.623971	-0.32370186
BCCDDDCDCCDDDCDBABCDABCABDBACBDCBADDBBCACACBCDABCACBCACCCBDBADDBBBCBCBBCDACACAACCBBABADBCBAAABBCCBB	['D10C', 'D16B', 'A33B', 'C37B', 'B41C', 'C46D', 'C54A', 'C62D', 'A63D', 'A71B', 'C73D', 'D77C', 'C82B', 'C90B']	14	3.3448997	2.6208258	3.020135	-0.32476473
BCCDDDCDCCDDBCDDABBAABCABDBACBDCAADAABCACACBCDABCACBBCCCCBDCACDBBBCBCBCABACADAACCCBABADBCBAABBBCCBB	['D10C', 'D13B', 'C19B', 'D20A', 'D36A', 'C37A', 'B41C', 'C46D', 'C53B', 'B60C', 'A63D', 'A71C', 'C72A', 'C73B', 'C90B', 'A93B']	16	-1.1401305	-3.1871133	-1.4649734	-0.32484293
BCCDDDCDCCDDDCDDABCDABCABDBACBDCCACACBCACACBCCABCACBCDDCCCDBADDBBBCBCBBCBACADAACCBBABADBCBAAABBCCBB	['D10C', 'A33C', 'D35C', 'D36A', 'B41C', 'C54D', 'C55D', 'B58C', 'C62D', 'A63D', 'A71B', 'C73B', 'C82B', 'C90B']	14	2.781982	2.5354886	2.4552155	-0.3267665
BCCDDDCDCCDDBCDDABCAABCABDBACBDCAADACBCABACBCDABCACBCCCCCBDCCADABBCBCBBACACADAACCCBABADBCBAABBBCCBB	['D10C', 'D13B', 'D20A', 'D36A', 'C46D', 'B60C', 'A61C', 'C62A', 'A63D', 'B64A', 'A71B', 'C72A', 'C90B', 'A93B']	14	-1.7132387	-3.1933365	-2.0443077	-0.331069
BCCDDDCDCADDDCDDABCDABCABDBACBDCAACABBCABACBCCABCACBCDCCCCDBAADCBBCBCBBCDACADAACCCBABADBCBAAABBCCBB	['D10A', 'D35C', 'D36A', 'C37B', 'C54D', 'B58C', 'C62A', 'A63D', 'B64C', 'A71B', 'C73D', 'C90B']	12	-0.20183134	-0.33675814	-0.5385847	-0.33675337
BCCDDDCDCCDDBCDDABCDABCABDBACBDCAADDCBCABACBCBABCACBCCCCCBDBACDBBBCBCBBCCACADAACCBBABADCCBAAABBCCBB	['D10C', 'D13B', 'C46B', 'A63D', 'A71B', 'C82B', 'B88C', 'C90B']	8	1.2268577	-0.33830547	0.88855743	-0.33830023
BCCDDDCDCCDDDCDDABBCABCABDBACBDCAACAABCABACBCCABCACBCDCCCBDCADDBBBCBCBBCCCCADAACCABABADBCCAABCBCCBB	['D10C', 'C19B', 'D20C', 'D35C', 'D36A', 'C37A', 'C54D', 'B60C', 'C62D', 'A63D', 'A71B', 'A74C', 'C82A', 'A93B', 'B94C']	15	2.2835903	2.1376815	1.9451513	-0.338439
BCCDDDCDCCDBDCDBABCDABCABDBACBDCAACABBCABACBCDABCACBBCCCCBDBACACBBCBABACCACACAACCABABADBCCAAABDCCBB	['D10C', 'D12B', 'D16B', 'D35C', 'D36A', 'C37B', 'C46D', 'C53B', 'B64C', 'C69A', 'D77C', 'C82A', 'B95D']	13	0.31582165	-0.7304969	-0.028529167	-0.3443508
BCCDDDCDCBDDDCDDABCCABCABDBACBDCBACABBCACACBCCABCACBCDCCCBDBADDBBBCBCBBCCACADAACCBBABADBCBAABBBCCBB	['D10B', 'D20C', 'A33B', 'D35C', 'D36A', 'C37B', 'B41C', 'C54D', 'C62D', 'A63D', 'A71B', 'C82B', 'C90B', 'A93B']	14	4.268326	2.517611	3.9236774	-0.34464836
BCCDDDCDCCDDDCDDABCAABCABDBACBDCAADDCBCABACBCCABCACBCCCCCBDBACDBBBCBCBDABACADAACCCBABADBCBAAABBCCBB	['D10C', 'D20A', 'A63D', 'A71D', 'C72A', 'C73B', 'C90B']	7	-2.0566053	-3.2107978	-2.4051304	-0.34852505
BCCDDDCDCCDDDCDDABBCABCABDBACBDCADCACBCACACBCDBBCACBCBCCCBDBACDBBBCBCBCCCACADAACCCBBCADBCBAABBBCCBB	['D10C', 'C19B', 'D20C', 'A34D', 'D35C', 'D36A', 'B41C', 'C46D', 'A47B', 'C54B', 'A63D', 'A71C', 'A84B', 'B85C', 'C90B', 'A93B']	16	-0.46079826	-2.3754392	-0.81124973	-0.35045147
BCCDDDCDCCAABCDDABCDABCABDBACBDCBADDCBCACACBCCABCACBCBCCCCDBADDBBBCBCBDCCACACAACCCBBBADBCBAABBBCCBB	['D10C', 'D11A', 'D12A', 'D13B', 'A33B', 'B41C', 'C54B', 'B58C', 'C62D', 'A63D', 'A71D', 'D77C', 'A84B', 'C90B', 'A93B']	15	0.22779989	-2.3842854	-0.13149643	-0.35929632
BCCDDDCDCCDDDCDDABCDABCABDBACBDCAACDABCACACBCCABCACBCCCCCBDBADDBBBCBCBBCCACADAACCCBBBADBCBAABBBCCBB	['D10C', 'D35C', 'C37A', 'B41C', 'C62D', 'A63D', 'A71B', 'A84B', 'C90B', 'A93B']	10	-1.4786596	-3.2235904	-1.839983	-0.36132336
BCCDDDCDCADDDCDDABBDABCABDBACBDCAADDABCABACBCCAACACBCCCCCBDBADDCBBCBCBACCCCACAACCBBABADBCBAAABBCCBB	['D10A', 'C19B', 'C37A', 'B48A', 'C62D', 'A63D', 'B64C', 'A74C', 'D77C', 'C82B', 'C90B']	11	0.4856391	-0.36273623	0.122903824	-0.36273527
AAADDDCDCBDDDCDDABBDABCABDBACBDCAACACBCABACBCDABCACBCCCCCBDCCDDBBBCBCBCABACADAACCCBABADBCBAAABBCCBB	['B1A', 'C2A', 'C3A', 'D10B', 'C19B', 'D35C', 'D36A', 'C46D', 'B60C', 'A61C', 'C62D', 'A63D', 'A71C', 'C72A', 'C73B', 'C90B']	16	-0.57040644	-3.228098	-0.93623924	-0.3658328
BCCDDDCDCCDDDCDDABCDABCABDBACBDCAADDCBCACACBCDABCACBCCCCCBDBADDBBBCBCBACCACADAACCCBBBADBCBAABBBCCBB	['D10C', 'B41C', 'C46D', 'C62D', 'A63D', 'A84B', 'C90B', 'A93B']	8	-2.3456674	-3.2389069	-2.7223053	-0.37663794
BCCDDDCDCCDDDCDDABCCABCABDBACBDCAACAABCABACBCCABCACBBDCCCCDBADDBBBCBCBBCCACACAACCBBABADBCBAABBBCCBB	['D10C', 'D20C', 'D35C', 'D36A', 'C37A', 'C53B', 'C54D', 'B58C', 'C62D', 'A63D', 'A71B', 'D77C', 'C82B', 'C90B', 'A93B']	15	3.2548013	2.4839745	2.8765173	-0.37828398
BCCDDDCDCDDDDCCDABCDABCABDBACBDCAACACBCACACBCCABCACBCCCCDBDCBCABBBCBCBACCACADAACCCBABADBCCAAABBCCBB	['D15C', 'D35C', 'D36A', 'B41C', 'C57D', 'B60C', 'A61B']	7	-3.216773	-3.2434735	-3.5979795	-0.3812065
AAADDDCDCBDDDDCDABCAABCDBDBACBDCAACACBCABACBCDABCACBCDDCCBDBADDBBBCBCBDCBACADAACCCBBBADBCBAABBBCCBB	['B1A', 'C2A', 'C3A', 'D10B', 'C14D', 'D15C', 'D20A', 'A24D', 'D35C', 'D36A', 'C46D', 'C54D', 'C55D', 'C62D', 'A63D', 'A71D', 'C73B', 'A84B', 'C90B', 'A93B']	20	1.9685864	-0.38253403	1.5860577	-0.38252878
BCCDDDCDCDDDDCDDABCDABCDBDBACBDCAADDCBCABACBCDABCACBCCCCCBDBACACBBCBCBBCCACADAACCBBABADBCCAAABBCCBA	['A24D', 'C46D', 'B64C', 'A71B', 'C82B', 'B99A']	6	0.22943401	-0.3833766	-0.15394115	-0.38337517
BCCDDDCDCCDDDCDDABCDABCABDBACBDCAACDBBCABACBBDABCACBCCCCCBDBACDBBBCBCBBCBACADAACCABABADBCBAABBBCCBB	['D10C', 'D35C', 'C37B', 'C45B', 'C46D', 'A63D', 'A71B', 'C73B', 'C82A', 'C90B', 'A93B']	11	0.11784077	-0.7702069	-0.26621628	-0.38405704
BCCDDDCDCDDCDCDDABAAABCABDBACBDCAACAABCABACBCDABCACBCCCCDBDBACDBBBCBCBCCCCCADAACCCBABADBCBAABBCCCBB	['D12C', 'C19A', 'D20A', 'D35C', 'D36A', 'C37A', 'C46D', 'C57D', 'A63D', 'A71C', 'A74C', 'C90B', 'A93B', 'B95C']	14	-1.8556824	-3.2491922	-2.2426043	-0.38692188
BCCDDDCDCDDDBCDDABCCABCABDBACDDCBDCACBCACACBCBABCACBCBCCCCDBACDBBBCBCBACCACADAACCCBABADCCBAABBBCCBB	['D13B', 'D20C', 'B30D', 'A33B', 'A34D', 'D35C', 'D36A', 'B41C', 'C46B', 'C54B', 'B58C', 'A63D', 'B88C', 'C90B', 'A93B']	15	-1.4692035	-2.417934	-1.8621521	-0.39294863
BCCDDDCDCCDDDCDDABCDABCABDBACBDCAADAABCABACBCCABCACBCCCCCBDBADDBBBCBCBBCBACADAACCCBBBADBCBAAABBCCBB	['D10C', 'D36A', 'C37A', 'C62D', 'A63D', 'A71B', 'C73B', 'A84B', 'C90B']	9	-1.4748292	-3.2558894	-1.8684502	-0.39362097
BCCDDDCDCCDDDCDDABCCABCABDBACBDCAACABBCABACBCCABCACBCCCCDBDBACDBBBCBCBBCBACADAACCCBBBADBCBAABBBCCBB	['D10C', 'D20C', 'D35C', 'D36A', 'C37B', 'C57D', 'A63D', 'A71B', 'C73B', 'A84B', 'C90B', 'A93B']	12	-0.5653348	-3.25882	-0.9618845	-0.3965497
AAADDDCDCCDDBCDDABCDABCABDBACBDCBADBCBCABACBCDABCACBCDCCCCDBADDCBBCBCBACCACADAACCCABBADBDBAAABBCCBB	['B1A', 'C2A', 'C3A', 'D10C', 'D13B', 'A33B', 'D36B', 'C46D', 'C54D', 'B58C', 'C62D', 'A63D', 'B64C', 'B83A', 'A84B', 'C89D', 'C90B']	17	0.75994825	-0.39852715	0.3614254	-0.39852285
BCCDDDCDCCDDDCDDABCDABCABDBACBDCAADDCBCABACBCCAACACBCCCCCBDBACACBBCBCBACCCCACAACCBBABADBCBAAABBCCBB	['D10C', 'B48A', 'B64C', 'A74C', 'D77C', 'C82B', 'C90B']	7	0.33020926	-0.40042734	-0.07021618	-0.40042543
BCCDDDCDCCDDDCDDABCDABCABDBACBDCAADDCBCABACBCCABCACBCCCCDBDBADDDBCCBCBACCACADAACCCBABADBCCAAABBCCBB	['D10C', 'C57D', 'C62D', 'A63D', 'B64D', 'B66C']	6	-2.939096	-3.268857	-3.345685	-0.40658903
BCCDDDCDCDDCDDDDABCDABCABDBACBDCAACACBCABACBCCABCACBCCCCDBDBACDCBBCBCBACCACADAACCCBABADBCCAAABBCCBB	['D12C', 'C14D', 'D35C', 'D36A', 'C57D', 'A63D', 'B64C']	7	-3.2150226	-3.276411	-3.6291656	-0.4141431
BCCDDDCDCADCDCDDABBBABCABDBACBDCAADDABCABACBCCABCACBCBCCCBDBACDCBBCBCBBCCACADAACCCBBBADBCBAABBBCCBB	['D10A', 'D12C', 'C19B', 'D20B', 'C37A', 'C54B', 'A63D', 'B64C', 'A71B', 'A84B', 'C90B', 'A93B']	12	-1.3944836	-2.439959	-1.809454	-0.4149704
BCCDDDCDCBADDCCDABCAABCABDBACBDCAADACBCACACBCBABCACBCDCCCCDBADDBBBCBCBBBBACADAACCBBABADBCBAAABBCCBB	['D10B', 'D11A', 'D15C', 'D20A', 'D36A', 'B41C', 'C46B', 'C54D', 'B58C', 'C62D', 'A63D', 'A71B', 'C72B', 'C73B', 'C82B', 'C90B']	16	3.580902	2.444553	3.1631956	-0.4177065
AAADDDCDCBDDDCCDABAAABCABDBACBDCAAABABAABACBCBABCACBCCDCCBDBBDDBBBBBCBCAACCADAACCCBABADBCBADABBCCBB	['B1A', 'C2A', 'C3A', 'D10B', 'D15C', 'C19A', 'D20A', 'D35A', 'D36B', 'C37A', 'C39A', 'C46B', 'C55D', 'A61B', 'C62D', 'A63D', 'C67B', 'A71C', 'C72A', 'C73A', 'A74C', 'C90B', 'A92D']	23	0.78302956	-3.28758	0.35771465	-0.4253149
BCCDDDCDCCDDDCDDABCAABCABDBACBDCAADDCBCABACBCDABCACBCDDCCCDBACDBBBCBCBBCDACADAACCCBBBADBCBAAABBCCBB	['D10C', 'D20A', 'C46D', 'C54D', 'C55D', 'B58C', 'A63D', 'A71B', 'C73D', 'A84B', 'C90B']	11	0.016967773	-0.42595005	-0.4089756	-0.42594337
BCCDDDCDCCDDDCDDABCDABCABDBACBDCAADDCBCABACBCCABCACBCBCCCBDBACDBBBCBCBBCBACADAACCCBBBADBCBAAABBCCBB	['D10C', 'C54B', 'A63D', 'A71B', 'C73B', 'A84B', 'C90B']	7	-1.9211249	-2.4524703	-2.3486052	-0.42748022
AAADDDCDCBDDBCDDABCDABCABDBACBDCBACABBCABADBCDABCACBCBCCDBDBACDCBBCBCBBCCACCDAACCBBABADBCBAABBBCCBB	['B1A', 'C2A', 'C3A', 'D10B', 'D13B', 'A33B', 'D35C', 'D36A', 'C37B', 'C43D', 'C46D', 'C54B', 'C57D', 'A63D', 'B64C', 'A71B', 'A76C', 'C82B', 'C90B', 'A93B']	20	5.1133413	0.4096899	4.685755	-0.42758656
AAADDDCDCCDDDCDDABCCABCABDBACBDCAACACBCACACBCDABCACBCDCCCCDCACDCBBCBCBBDCACCDAACCDBBBADBCBAABBBCCBB	['B1A', 'C2A', 'C3A', 'D10C', 'D20C', 'D35C', 'D36A', 'B41C', 'C46D', 'C54D', 'B58C', 'B60C', 'A63D', 'B64C', 'A71B', 'C72D', 'A76C', 'C82D', 'A84B', 'C90B', 'A93B']	21	2.6227374	0.14975405	2.1894617	-0.4332757
BCCDDDCDCCDDDCDDABCAABCDBDBACBDCAACACBCACACBCBABCACBCDCCCBDCACDCBBCBCBBCCACADAACCBBBBADBCCAAABBCCBB	['D10C', 'D20A', 'A24D', 'D35C', 'D36A', 'B41C', 'C46B', 'C54D', 'B60C', 'A63D', 'B64C', 'A71B', 'C82B', 'A84B']	14	4.044602	2.4277773	3.6101217	-0.4344802
BCCDDDCDCADDDCDDABCDABCABDBACBDCAACDCBCABACBCDABCACBCCCCCBDBACCCBBCBABBDDACADAACCCBABADBCBAABBBCCBB	['D10A', 'D35C', 'C46D', 'A63C', 'B64C', 'C69A', 'A71B', 'C72D', 'C73D', 'C90B', 'A93B']	11	-1.8492594	-3.297566	-2.2845573	-0.43529797
BCCDDDCDCBDDDCDDABCDABCABDBACBDCAACDCBCABACBCCABCACBCCCCDBDBACDBBBCBCCACCACADAACCCBABADBCCAAABBCCBB	['D10B', 'D35C', 'C57D', 'A63D', 'B70C']	5	-2.9020925	-3.30064	-3.3404655	-0.4383731
BCCDDDCDCBDDDCDDABCDABCABDBACBDCAACDCBCABACBCCABCACBCCCCDBDBACDBBBCBCCACCACADAACCCBABADBCCAAABBCCBB	['D10B', 'D35C', 'C57D', 'A63D', 'B70C']	5	-2.9020925	-3.30064	-3.3404655	-0.4383731
BCCDDDCDCCDDDCDDABCDABCABDBACBDCAADDCBCABACBCCABCACBCCCCCBDBACDBBBCBCBACDACADAACCCBABADBCBAAABBCCBB	['D10C', 'A63D', 'C73D', 'C90B']	4	-2.4481359	-3.3012462	-2.8871117	-0.4389758
BCCDDDCDCCDDDCDDABCDABCDBDBACBDCAADDCBCABACBCDABCACBCCCCCBDBADDCBBCBCBACACCACAACCCBBCADBCBAABBBCCBB	['D10C', 'A24D', 'C46D', 'C62D', 'A63D', 'B64C', 'C73A', 'A74C', 'D77C', 'A84B', 'B85C', 'C90B', 'A93B']	13	-0.42405796	-3.3014545	-0.863245	-0.43918705
BCCDDDCDCCDDDCDDABCDABCDBDBACBDCAADDCBCABACBCDABCACBCCCCCBDBADDCBBCBCBACACCACAACCCBBCADBCBAABBBCCBB	['D10C', 'A24D', 'C46D', 'C62D', 'A63D', 'B64C', 'C73A', 'A74C', 'D77C', 'A84B', 'B85C', 'C90B', 'A93B']	13	-0.42405796	-3.3014545	-0.863245	-0.43918705
BCCDDDCDCDDDDCDDABCAABCABDBACBDCAADACBCABABBCCABCACBCCCCDBDBACDBBBCBCBBCCACADAACCCBABADBCBAAABBCCBB	['D20A', 'D36A', 'C43B', 'C57D', 'A63D', 'A71B', 'C90B']	7	-2.9756727	-3.3038592	-3.4172611	-0.4415884
BCCDDDCDCCDDDCCDABBCABCABDBACBDCAACABBCACACBCCABCACBCDCCCCDAADDBBBCBCCCCCACADAACCBBABADBCBAABBBCCBB	['D10C', 'D15C', 'C19B', 'D20C', 'D35C', 'D36A', 'C37B', 'B41C', 'C54D', 'B58C', 'B60A', 'C62D', 'A63D', 'B70C', 'A71C', 'C82B', 'C90B', 'A93B']	18	2.985197	2.416844	2.5397806	-0.44541645
AAADDDCDCCCDBCDBABCCABCABDBACBDCBACABBCACACBCDABCACBCDCCCBDBADDBBBCBCBBCACCADAACCABABADBBBAABBBCCBB	['B1A', 'C2A', 'C3A', 'D10C', 'D11C', 'D13B', 'D16B', 'D20C', 'A33B', 'D35C', 'D36A', 'C37B', 'B41C', 'C46D', 'C54D', 'C62D', 'A63D', 'A71B', 'C73A', 'A74C', 'C82A', 'C89B', 'C90B', 'A93B']	24	6.672173	2.0273113	6.223369	-0.4488039
BCCDDDCDCCDDBCDDABBCABCABDBACBDCBACABBCABACBCDABCCCBCDCCCBDBADDBBACBCCBACACADAACCBBABADBABADABBCCBB	['D10C', 'D13B', 'C19B', 'D20C', 'A33B', 'D35C', 'D36A', 'C37B', 'C46D', 'A50C', 'C54D', 'C62D', 'A63D', 'B66A', 'B70C', 'A71B', 'C72A', 'C82B', 'C89A', 'C90B', 'A92D']	21	4.108451	2.4095197	3.6557102	-0.45274067
BCCDDDCDCCDDDCDDABCDABCABDBACBDCAADDCBCABACBCBABCACBCDCCCCDCADDBBBCBCBBCCACADAACCBBBBADBCBAAABBCCBB	['D10C', 'C46B', 'C54D', 'B58C', 'B60C', 'C62D', 'A63D', 'A71B', 'C82B', 'A84B', 'C90B']	11	2.9526138	2.401877	2.4922352	-0.46037865
AAADDDCDCBDDDCDDABCAABCABDBACBDDAADCCBCABACBCDBBCACBCBCCCBDBADDBBACBCBBADACADAACCCBABADBCBAAABBCCBB	['B1A', 'C2A', 'C3A', 'D10B', 'D20A', 'C32D', 'D36C', 'C46D', 'A47B', 'C54B', 'C62D', 'A63D', 'B66A', 'A71B', 'C72A', 'C73D', 'C90B']	17	-0.82113695	-2.4855528	-1.2817001	-0.46056318
BCCDDDCDCCDBDCDDABAAABCABDBACBDCAADDCBCABACBCCABCACBCCCCCBDBADDBBBCBCBCCBACADAACCCBABADBCBAAABBCCBB	['D10C', 'D12B', 'C19A', 'D20A', 'C62D', 'A63D', 'A71C', 'C73B', 'C90B']	9	-2.718906	-3.326099	-3.1827374	-0.46383142
BCCDDDCDCCDDDCCCABCAABCABDBACBDCAADDCBCABACBCDABCACBBCCCCBDBBCCBBBCBABBCCACCCAACCCBBCADBCBAAABBCCBB	['D10C', 'D15C', 'D16C', 'D20A', 'C46D', 'C53B', 'A61B', 'A63C', 'C69A', 'A71B', 'A76C', 'D77C', 'A84B', 'B85C', 'C90B']	15	0.082641125	-3.333611	-0.38869953	-0.47134066
BCCDDDCDCBDDBCDDADCDABCABDBACBDCCACABBCABACBCDABCACBCCCCCCDBADDBBBCBCBCCCACCDAACCCBACADBABAABBBCCBB	['D10B', 'D13B', 'B18D', 'A33C', 'D35C', 'D36A', 'C37B', 'C46D', 'B58C', 'C62D', 'A63D', 'A71C', 'A76C', 'B85C', 'C89A', 'C90B', 'A93B']	17	1.2069917	-3.335486	0.7337742	-0.4732175
AAADDDCDCDDDDCDDABCDABCABDBACBDCAACABBCABACBCCABCACBCCCCCBDCACCBBBCBCBBCCACACAACCCBABADBCCAABBBCCBB	['B1A', 'C2A', 'C3A', 'D35C', 'D36A', 'C37B', 'B60C', 'A63C', 'A71B', 'D77C', 'A93B']	11	-2.4717202	-3.337678	-2.947135	-0.47541475
BCCDDDCDCBDDDCDDABCAABCABDBACBDCAADDCBCABACBCDABCACBCBCCCBDBACDBBBCBCBBCDACACAACCCBABADBCCAAABBCCBB	['D10B', 'D20A', 'C46D', 'C54B', 'A63D', 'A71B', 'C73D', 'D77C']	8	-1.1374192	-2.5053053	-1.6177368	-0.4803176
BCCDDDCDCBDDDCDDABCDABCABDBACBDCAADDABCABACBCCABCACBCBCCCBDBACDBBBCBABBCCACADAACCCBBBADBCBAAABBCCBB	['D10B', 'C37A', 'C54B', 'A63D', 'C69A', 'A71B', 'A84B', 'C90B']	8	-1.0072584	-2.5053477	-1.4876184	-0.48036003
AAADDDCDCBDDDCDDABCDABCABDBACBDCAADDCBCABACBCCABCACBCCCCCBDCCDDBBBCBCBACCDCACAACCCBABADBCCAABBBCCBB	['B1A', 'C2A', 'C3A', 'D10B', 'B60C', 'A61C', 'C62D', 'A63D', 'A74D', 'D77C', 'A93B']	11	-2.4959831	-3.3493142	-2.9830294	-0.48704624
BCCDDDCDCADDDCDDABCDABCDBDBACBDCAACDBBCABACBCDABCACBCCCCCBDBACDBBBCBCBACCACADAACCBBABADBCCADABBCCBB	['D10A', 'A24D', 'D35C', 'C37B', 'C46D', 'A63D', 'C82B', 'A92D']	8	0.99132776	-0.4888897	0.5024414	-0.48888636
BCCDDDCDCCDDDCDDABCCABCABDBACBDCAACABBCABACBCCABCACBCCCCDBDBACDBBBCBCBBCCACADAACCBBABADBCCAAABBDCBB	['D10C', 'D20C', 'D35C', 'D36A', 'C37B', 'C57D', 'A63D', 'A71B', 'C82B', 'C96D']	10	1.4134564	-0.4889841	0.9244747	-0.48898172
AAADDDCDCCDDDCDDABCCABCABDBACBDCAACABBCABACBCCABCACBCDCCCBDBADDBBBCBCBBCCACADAACCCABBADBCBAAABBCCBB	['B1A', 'C2A', 'C3A', 'D10C', 'D20C', 'D35C', 'D36A', 'C37B', 'C54D', 'C62D', 'A63D', 'A71B', 'B83A', 'A84B', 'C90B']	15	0.5124693	-0.49083376	0.021640778	-0.4908285
AAADDDCDCBDDBCDDABCDABCABDBACBDCBADDCBCABACBCBABCACBBDDCCBDCADDBBACBCBBDCCCADAACCABBBADBCBCAABBCCBB	['B1A', 'C2A', 'C3A', 'D10B', 'D13B', 'A33B', 'C46B', 'C53B', 'C54D', 'C55D', 'B60C', 'C62D', 'A63D', 'B66A', 'A71B', 'C72D', 'A74C', 'C82A', 'A84B', 'C90B', 'A91C']	21	7.427756	1.9840016	6.9356403	-0.4921155
BCCDDDCDCDDDBCCDABBCABCABDBACBDCAACABBCACACBCCABCACBCCCCCBDBADDBBBCBCBACCACADAACCCBABADBCCACBBBCCBB	['D13B', 'D15C', 'C19B', 'D20C', 'D35C', 'D36A', 'C37B', 'B41C', 'C62D', 'A63D', 'A92C', 'A93B']	12	-3.1693668	-3.355599	-3.6627016	-0.49333477
BCCDDDCDCADADCDDABCDABCDBDBACBDCAADDBBCABACBCDABCACBCCCCCBDBACDBBBCBCBBCCACADAACCABBBADBCCAAABBCCBB	['D10A', 'D12A', 'A24D', 'C37B', 'C46D', 'A63D', 'A71B', 'C82A', 'A84B']	9	1.2016673	-0.881238	0.70657635	-0.49509096
BCCDDDCDCCDDDCDDABCDABCABDBACBDCBADDCBCABACBCBABCACBCDCCCBDBACDBBBCBCBBCCACACAACCABBBADBCBAABBBCCBB	['D10C', 'A33B', 'C46B', 'C54D', 'A63D', 'A71B', 'D77C', 'C82A', 'A84B', 'C90B', 'A93B']	11	2.1195087	1.9802694	1.6236658	-0.49584293
BCCDDDCDCCDDDCDDABCDABCABDBACBDCAADDBBCABACBCDABCACBCCCCCBDBADDBBBCBCBBCBACACAACCCBBBADBCBAABBBCCBA	['D10C', 'C37B', 'C46D', 'C62D', 'A63D', 'A71B', 'C73B', 'D77C', 'A84B', 'C90B', 'A93B', 'B99A']	12	-2.245016	-3.363141	-2.7458887	-0.5008726
BCCDDDCDCDDDBCDDABCDABCABDBACBDCAADACBCABACBCCABCACBCCCCCBDBACDBBBCBCBCCCACADAACCCBABADBCBAAABBCCBB	['D13B', 'D36A', 'A63D', 'A71C', 'C90B']	5	-3.289836	-3.3707829	-3.7983522	-0.5085163
BCCDDDCDCDDDBCDDABCDABCABDBACBDCAADACBCABACBCCABCACBCCCCCBDBACDBBBCBCBCCCACADAACCCBABADBCBAAABBCCBB	['D13B', 'D36A', 'A63D', 'A71C', 'C90B']	5	-3.289836	-3.3707829	-3.7983522	-0.5085163
BCCDDDCDCDDDBCCDABCAABCABDBACBDCAADDCBCACACBCDABCACBCCCCCCDCBCDCBBCBCBBCBACACAACCCBABADBCBAABBBCCBB	['D13B', 'D15C', 'D20A', 'B41C', 'C46D', 'B58C', 'B60C', 'A61B', 'A63D', 'B64C', 'A71B', 'C73B', 'D77C', 'C90B', 'A93B']	15	-1.7771206	-3.3739061	-2.288765	-0.51164436
BCCDDDCDCDDCDDDDABCDABCABDBACBDCAACACBCABACBCCABCACBCCCCCBDBACDBBBCBCBACCACADAACCCBABADBCBAAABBCCBB	['D12C', 'C14D', 'D35C', 'D36A', 'A63D', 'C90B']	6	-3.040985	-3.374784	-3.553502	-0.512517
BCCDDDCDCCDDBCDDABCDABCABDBACBDDBAAABBCABACBCCABCACBCBCCCCDCCDDBBCCBDBBABACADADCCCBBBADBCBAAABBCCBB	['D10C', 'D13B', 'C32D', 'A33B', 'D35A', 'D36A', 'C37B', 'C54B', 'B58C', 'B60C', 'A61C', 'C62D', 'A63D', 'B66C', 'C69D', 'A71B', 'C72A', 'C73B', 'A79D', 'A84B', 'C90B']	21	-1.56359	-2.5406241	-2.0792236	-0.5156336
BCCDDDCDCDDDDCDDABCDABCABDBACBDCAACABBCABACBCCABCACBCCCCCBDBADDBBBCBCBCCCACACAACCCBABADBCCAABBBCCBB	['D35C', 'D36A', 'C37B', 'C62D', 'A63D', 'A71C', 'D77C', 'A93B']	8	-3.3632731	-3.380186	-3.8811913	-0.5179181
BCCDDDCDCADDBCDDABCDABCABDBACBDCCACABBCABACBBCABCACBCCCCCBDBADDBBBCBCBCABACADAACCCBABADBCBAABBBCCBB	['D10A', 'D13B', 'A33C', 'D35C', 'D36A', 'C37B', 'C45B', 'C62D', 'A63D', 'A71C', 'C72A', 'C73B', 'C90B', 'A93B']	14	-2.4457731	-3.3817291	-2.96523	-0.51945686
BCCDDDCDCCDDBCDDABCAABCABDBACBDCAADACBCABACBCCABCACBCCCCCBDCCDDABBCBCBBACACCDAACCCBABADBCCAABBBCCBB	['D10C', 'D13B', 'D20A', 'D36A', 'B60C', 'A61C', 'C62D', 'A63D', 'B64A', 'A71B', 'C72A', 'A76C', 'A93B']	13	-1.6118145	-3.3833666	-2.1329136	-0.5210991
BCCDDDCDCCDDDCDDABCDABCABDBACBDCAADACBCACACBCCABCACBCCCCDBDBADDBBBCBCBBCBACADAACCCBBBADBCBAABBBCCBB	['D10C', 'D36A', 'B41C', 'C57D', 'C62D', 'A63D', 'A71B', 'C73B', 'A84B', 'C90B', 'A93B']	11	-1.2016106	-3.3843942	-1.7237349	-0.5221243
AAADDDCDCABDBCDDABDAABCABDBACBDCAADDCBCABACBCBAACACBCBCCCBDBADCCBBCBCBACCCCADAACCBBBBADBCCBAABBCCBB	['B1A', 'C2A', 'C3A', 'D10A', 'D11B', 'D13B', 'C19D', 'D20A', 'C46B', 'B48A', 'C54B', 'C62D', 'A63C', 'B64C', 'A74C', 'C82B', 'A84B', 'A91B']	18	2.3271923	0.31480217	1.804718	-0.5224743
BCCDDDCDCCADBCDDABCAABCABDBACBDCBADACBCABACBCCABCACBBCCCCBDCADDBBBCBCBBCBACADAACCCBBBADBABAAABBCCBB	['D10C', 'D11A', 'D13B', 'D20A', 'A33B', 'D36A', 'C53B', 'B60C', 'C62D', 'A63D', 'A71B', 'C73B', 'A84B', 'C89A', 'C90B']	15	2.0602713	-3.390348	1.5321913	-0.52808
BCCDDDCDCCDDBDCDADCAABCABDBACBDCAADDCBCABACBCCABCACBCCCCCBDBADDBBBCBCBBCBACACAACCCBABADBCBAAABBCCBB	['D10C', 'D13B', 'C14D', 'D15C', 'B18D', 'D20A', 'C62D', 'A63D', 'A71B', 'C73B', 'D77C', 'C90B']	12	-2.4330406	-3.3914032	-2.9621782	-0.5291376
AAADDDCDCCDDDCDDABCDABCABDBACBDCAADDCBDABACBCCABCACBCCCCCCDBACDBBBCBCBACCACACAACCCBABADBCBAABBBCCBB	['B1A', 'C2A', 'C3A', 'D10C', 'C39D', 'B58C', 'A63D', 'D77C', 'C90B', 'A93B']	10	-2.331304	-3.393869	-2.8629074	-0.53160334
BCCDDDCDCCDDDCDDAACAABCABDBACBDCAACDCBCACACBCDABCACBCCCCCBDCADDBBBCBCBCCAACADAACCCBABADBCBAABBBCCBB	['D10C', 'B18A', 'D20A', 'D35C', 'B41C', 'C46D', 'B60C', 'C62D', 'A63D', 'A71C', 'C73A', 'C90B', 'A93B']	13	-0.7653885	-3.3978353	-1.3009558	-0.5355673
AAADDDCDCBDDBCCDABCCABCABDBACBDCBACABBCABADBCCABCACBCDCCCBDCADDBBACBABCDCACADAACCCBBBADCCBAAABBCCBB	['B1A', 'C2A', 'C3A', 'D10B', 'D13B', 'D15C', 'D20C', 'A33B', 'D35C', 'D36A', 'C37B', 'C43D', 'C54D', 'B60C', 'C62D', 'A63D', 'B66A', 'C69A', 'A71C', 'C72D', 'A84B', 'B88C', 'C90B']	23	3.6493568	-0.5359502	3.113409	-0.5359478
BCCDDDCDCCDDBCDDABCAABCABDBACBDCBADDCBCABACBCBABCACBCBCCCCDBACDBBBCBCBBCCACADAACCABBBADBCCAAABBCCBB	['D10C', 'D13B', 'D20A', 'A33B', 'C46B', 'C54B', 'B58C', 'A63D', 'A71B', 'C82A', 'A84B']	11	2.7606306	-0.093486786	2.216014	-0.5446167
BCCDDDCDCCDDDCDDABCCABCABDBACBDCAACAABCAAACBCCABCACBCDCCCBDCADDBBBCBCBBACACADAACCBBABADBCBAAABBCCBB	['D10C', 'D20C', 'D35C', 'D36A', 'C37A', 'B41A', 'C54D', 'B60C', 'C62D', 'A63D', 'A71B', 'C72A', 'C82B', 'C90B']	14	3.8651319	2.3172832	3.3201551	-0.5449767
AAADDDCDCADDBCCDABCCABCABDBACBDCAADACBCACACBCDABCACBCCCCCBDCACDBBBCBCBCCCACADAACCCBBBADBCBAAABBCCBB	['B1A', 'C2A', 'C3A', 'D10A', 'D13B', 'D15C', 'D20C', 'D36A', 'B41C', 'C46D', 'B60C', 'A63D', 'A71C', 'A84B', 'C90B']	15	-0.046215534	-3.413168	-0.5971165	-0.55090094
BCCDDDCDCADDBCDDABCDABCABDBACBDCAADDCBCABACBCCABCACBCCCCDBDBACDBBBCBBBDCCCCACAACCCBABADBCBAABBBCCBB	['D10A', 'D13B', 'C57D', 'A63D', 'C69B', 'A71D', 'A74C', 'D77C', 'C90B', 'A93B']	10	-2.8546224	-3.417963	-3.4103184	-0.555696
BCCDDDCDCDDDDCDDABCDABCABDBACBDCAACACBCACACBCCABCACBCCCCCBDBACDBBBCBCBACCACADAACCCBABADBCBAAABBCCBB	['D35C', 'D36A', 'B41C', 'A63D', 'C90B']	5	-3.3448195	-3.4325	-3.9150524	-0.57023287
BCCDDDCDCBDDDDDDABCDABCDBDBACBDCAADDCBCACACBCDABCACBCCCCCBDBACACBBCBCBACCACADAACCBBABADBCCAAABBCCBB	['D10B', 'C14D', 'A24D', 'B41C', 'C46D', 'B64C', 'C82B']	7	1.3378234	-0.5735097	0.7643137	-0.5735097
BCCDDDCDCCDDDCDDABCDABBABDBACBDCBACCCBCABACBCCABCACBBDCCDBDCADDBBBCBCBBCCACADAACCBBABADBCBAABBBCCBB	['D10C', 'C23B', 'A33B', 'D35C', 'D36C', 'C53B', 'C54D', 'C57D', 'B60C', 'C62D', 'A63D', 'A71B', 'C82B', 'C90B', 'A93B']	15	4.2637253	2.28831	3.6897764	-0.57394886
BCCDDDCDCCDDDCDDABCDABCABDBACBDCAADDCBCABACBCDABCACBCCCCCBDBADDBBBCBABACCACACAACCCBBBADBCBAAABBCCBB	['D10C', 'C46D', 'C62D', 'A63D', 'C69A', 'D77C', 'A84B', 'C90B']	8	-2.4486651	-3.436481	-3.0228786	-0.5742135
AAADDDCDCCCDBCDDABCCABCABDBACBDCBACABBCABACBCCABCACBCBCCCBDCADDBBBCBCBBCCCCADAACCCBBBADBCBAABBBCCBB	['B1A', 'C2A', 'C3A', 'D10C', 'D11C', 'D13B', 'D20C', 'A33B', 'D35C', 'D36A', 'C37B', 'C54B', 'B60C', 'C62D', 'A63D', 'A71B', 'A74C', 'A84B', 'C90B', 'A93B']	20	3.3800614	-2.6005192	2.804532	-0.57552934
AAADDDCDCADDDCDDABCDABCABDBACBDCAADDCBCABACBCCAACACBCDCCCBDCACDBBBCBCBBCCACADAACCABBBADBCCAAABBCCBB	['B1A', 'C2A', 'C3A', 'D10A', 'B48A', 'C54D', 'B60C', 'A63D', 'A71B', 'C82A', 'A84B']	11	2.2995515	1.8929257	1.7163649	-0.5831866
BCCDDDCDCAACBDCCABCAABCABDBACBDCAADACBCABACBCDBACACBDACCCBDBACCCBBCBABDCCCCADAACCBBABADBCBAABBBCCBB	['D10A', 'D11A', 'D12C', 'D13B', 'C14D', 'D15C', 'D16C', 'D20A', 'D36A', 'C46D', 'A47B', 'B48A', 'C53D', 'C54A', 'A63C', 'B64C', 'C69A', 'A71D', 'A74C', 'C82B', 'C90B', 'A93B']	22	3.4005945	2.361628	2.8166237	-0.5839708
BCCDDDCDCCDBDCDDABCDABCDBDBACDDCAADDCBCACADBCDABCACBCCCCCBDBACDCBBCBCBACCACACAACCBBABADCCCAAABBCCBB	['D10C', 'D12B', 'A24D', 'B30D', 'B41C', 'C43D', 'C46D', 'A63D', 'B64C', 'D77C', 'C82B', 'B88C']	12	0.4072442	-0.58457994	-0.17733383	-0.58457804
AAADDDCDCCDDDCCDABCCABCABDBACBDCAACACBCACACBCDABCACBCDCCCBDBACDBBBCBCBBCCACCDAACCBBABADBCCAABBBCCBB	['B1A', 'C2A', 'C3A', 'D10C', 'D15C', 'D20C', 'D35C', 'D36A', 'B41C', 'C46D', 'C54D', 'A63D', 'A71B', 'A76C', 'C82B', 'A93B']	16	3.2136874	2.2751245	2.6265497	-0.5871377
BCCDDDCDCBDADCDDABCDABCDBDBACBDCAADDBBCABACBCDABCACBCCCCCBDBACDBBBCBCBBCCACADAACCABBBADBCCAAABBCCBB	['D10B', 'D12A', 'A24D', 'C37B', 'C46D', 'A63D', 'A71B', 'C82A', 'A84B']	9	2.1476607	-0.979228	1.5545788	-0.59308195
BCCDDDCDCDDDDCDDABCBABCABDBACBDCAADDCBCACADBCBABCACBCDCCCBDCADDBBBCBCBDCCACADAACCBBBBADBCBAAABBCCBB	['D20B', 'B41C', 'C43D', 'C46B', 'C54D', 'B60C', 'C62D', 'A63D', 'A71D', 'C82B', 'A84B', 'C90B']	12	2.5022964	2.267867	1.9079065	-0.5943899
BCCDDDCDCCDDDCDDABCDABCABDBACBDCAADDCBCABACBCCABCACBCCCCCBDBACDBBBCBCBCCCACADAACCCBBCADBCCAAABBCCBB	['D10C', 'A63D', 'A71C', 'A84B', 'B85C']	5	-2.0911994	-3.4569488	-2.6858826	-0.5946832
BCCDDDCDCDDDDCDDABCDABCABDBACBDCAADDCBCABAABCDABCACBCCCCCBDBADDBBBCBCBBACCCACAACCCBABADBCBACBBBCCBB	['C43A', 'C46D', 'C62D', 'A63D', 'A71B', 'C72A', 'A74C', 'D77C', 'C90B', 'A92C', 'A93B']	11	-3.2718086	-3.4576926	-3.8672323	-0.5954237
BCCDDDCDCCDDDCDDABCDABCABDBACBDCAADDCBCABACBCCABCACBCCCCCBDBACDCBBCBCBBCCACADAACCBBABADBCCAAABBCCBB	['D10C', 'A63D', 'B64C', 'A71B', 'C82B']	5	0.6188388	-0.595829	0.023012161	-0.5958266
AAADDDCDCBDDDCDDABCCABCABDBACBDCAACABBCABACBCDBBCACBCDCCCBDBADDBBBCBCBBDCACADAACCABABADBCBAABBBCCBB	['B1A', 'C2A', 'C3A', 'D10B', 'D20C', 'D35C', 'D36A', 'C37B', 'C46D', 'A47B', 'C54D', 'C62D', 'A63D', 'A71B', 'C72D', 'C82A', 'C90B', 'A93B']	18	3.0264196	1.8778296	2.428134	-0.5982857
BCCDDDCDCCDBDCDDABAAABCABDBACBDCAADDCBCABACBCCABCACBCCCCCBDBACDBBBCBCBCCBACADAACCCBABADBCBAAABBCCBB	['D10C', 'D12B', 'C19A', 'D20A', 'A63D', 'A71C', 'C73B', 'C90B']	8	-2.8801708	-3.4620013	-3.4799042	-0.59973335
BCCDDDCDCBDDBCDDABCAABCABDBACBDCADDACBCABACBCBABCACBCBDCCBDBADDBBBCBABBCCACCDACCCCBBBADBCBAACBBCCBB	['D10B', 'D13B', 'D20A', 'A34D', 'D36A', 'C46B', 'C54B', 'C55D', 'C62D', 'A63D', 'C69A', 'A71B', 'A76C', 'A79C', 'A84B', 'C90B', 'A93C']	17	0.45744753	-2.626668	-0.14422894	-0.60167646
BCCDDDCDCCDDDCDDABCAABCABDBACBDCAADDBBCABACBCCABCACBCCCCDBDCACDBBBCBCBDCBACACAACCCBABADBCBAABBBCCBB	['D10C', 'D20A', 'C37B', 'C57D', 'B60C', 'A63D', 'A71D', 'C73B', 'D77C', 'C90B', 'A93B']	11	-1.833415	-3.4666767	-2.4378204	-0.6044054
AAADDDCDCBDDBCDBABCBABCABDBACBDCDADDCBCABACBCDBBCACBCBDCCBDBADDBBBCBCBBCCACCDAACCCBBBADBABAAABBCCBB	['B1A', 'C2A', 'C3A', 'D10B', 'D13B', 'D16B', 'D20B', 'A33D', 'C46D', 'A47B', 'C54B', 'C55D', 'C62D', 'A63D', 'A71B', 'A76C', 'A84B', 'C89A', 'C90B']	19	1.3449607	-2.6316137	0.73833466	-0.60662603
AAADDDCDCDDDDDDDABCDABCABDBACBDCAACACBCACACBCCABCACBCCCCDBDBACABBBCBCBACCACADAACCCBABADBDCAAABBCCBB	['B1A', 'C2A', 'C3A', 'C14D', 'D35C', 'D36A', 'B41C', 'C57D', 'C89D']	9	-3.2711124	-3.4700146	-3.8788605	-0.60774803
BCCDDDCDCADABCCDAACDABCABDBACBDCBADBCBCABACBACABCACBBDCCCBDBADDBBBCBCBADCACADAACCABABADBCCAAABBCCBB	['D10A', 'D12A', 'D13B', 'D15C', 'B18A', 'A33B', 'D36B', 'C45A', 'C53B', 'C54D', 'C62D', 'A63D', 'C72D', 'C82A']	14	2.0745554	1.8669286	1.4653664	-0.60918903
BCCDDDCDCCDDBCDDABCAABCABDBACBDCBADDCBCABACBCDABCACBCBCCCBDBACDBBBCBCBBCCCCACAACCCBBBADBCBAABBBCCBB	['D10C', 'D13B', 'D20A', 'A33B', 'C46D', 'C54B', 'A63D', 'A71B', 'A74C', 'D77C', 'A84B', 'C90B', 'A93B']	13	-0.6729579	-2.6391792	-1.2871466	-0.6141887
AAADDDCDCCDDBCDDABCCABCABDBACBDCBACACBCABACBCBABCACBCBCCCCDBACDBBBCBCBBDCACADAACCBBBBADBCBAABBBCCBB	['B1A', 'C2A', 'C3A', 'D10C', 'D13B', 'D20C', 'A33B', 'D35C', 'D36A', 'C46B', 'C54B', 'B58C', 'A63D', 'A71B', 'C72D', 'C82B', 'A84B', 'C90B', 'A93B']	19	5.124132	0.221035	4.5078936	-0.6162386
BCCDDDCDCCDDDDDDABCDABCABDBACBDCAACDBBCABACBCDABCACBCCCCCBDCADDBBBCBCBDCCCCACAACCCBBBADBCBAABBBCCBB	['D10C', 'C14D', 'D35C', 'C37B', 'C46D', 'B60C', 'C62D', 'A63D', 'A71D', 'A74C', 'D77C', 'A84B', 'C90B', 'A93B']	14	-0.79223394	-3.4793744	-1.409339	-0.617105
BCCDDDCDCCDDDCDDABCDABCABDBACBDCAADDCBCACACBBDABCACBCCCCCBDBACDBBBCBCBBCBACACAACCABACADBCBAABBBCCBB	['D10C', 'B41C', 'C45B', 'C46D', 'A63D', 'A71B', 'C73B', 'D77C', 'C82A', 'B85C', 'C90B', 'A93B']	12	0.17207241	-1.0043192	-0.44609833	-0.61817074
BCCDDDCDCCDDBCDDABCDABCABDBACBDCBACDCBBABACBCDABCACBCBCCCBDCCCDBBBCBCBBCCACADAACCDBBBADBCBAABBBCCBB	['D10C', 'D13B', 'A33B', 'D35C', 'C39B', 'C46D', 'C54B', 'B60C', 'A61C', 'A63D', 'A71B', 'C82D', 'A84B', 'C90B', 'A93B']	15	0.2107706	-2.0605578	-0.40782642	-0.61859703
BCCDDDCDCBDDDCDDABCCABCABDBACBDCAACABBCACACBCCABCACBCDCCDBDBADDBBBCBCBBCCACADAACCABACADBCBAAABBCCBB	['D10B', 'D20C', 'D35C', 'D36A', 'C37B', 'B41C', 'C54D', 'C57D', 'C62D', 'A63D', 'A71B', 'C82A', 'B85C', 'C90B']	14	3.1818738	1.8569808	2.5627413	-0.6191325
BCCDDDCDCCADDCCDABAAABCABDBACBDCAABACBCABACBCDABCCCBCDDCCCDBADDBBBCBCBBDBACADAACCBBACADBABAAABBCCBB	['D10C', 'D11A', 'D15C', 'C19A', 'D20A', 'D35B', 'D36A', 'C46D', 'A50C', 'C54D', 'C55D', 'B58C', 'C62D', 'A63D', 'A71B', 'C72D', 'C73B', 'C82B', 'B85C', 'C89A', 'C90B']	21	4.114874	2.2426214	3.4952345	-0.6196394
BCCDDDCDCCDDDCCDADCDABCABDBACBDCAADDBBCABACBBCABCACBCCCCDBDCADDBBACBCBCCCACACAACCCBABADCCBAABBBCCBB	['D10C', 'D15C', 'B18D', 'C37B', 'C45B', 'C57D', 'B60C', 'C62D', 'A63D', 'B66A', 'A71C', 'D77C', 'B88C', 'C90B', 'A93B']	15	-1.8756413	-3.487873	-2.5012474	-0.62560606
BCCDDDCDCCDDDCCDADCDABCABDBACBDCAADDBBCABACBBCABCACBCCCCDBDCADDBBACBCBCCCACACAACCCBABADCCBAABBBCCBB	['D10C', 'D15C', 'B18D', 'C37B', 'C45B', 'C57D', 'B60C', 'C62D', 'A63D', 'B66A', 'A71C', 'D77C', 'B88C', 'C90B', 'A93B']	15	-1.8756413	-3.487873	-2.5012474	-0.62560606
BCCDDDCDCBDDDDDDABCDABCABDBACBDCAADDABCACACBCDABCACBCCCCCBDBADDBBBCBCBACCACACAACCCBABADACCAABBBCCBB	['D10B', 'C14D', 'C37A', 'B41C', 'C46D', 'C62D', 'A63D', 'D77C', 'B88A', 'A93B']	10	-3.458218	-3.4899268	-4.0858784	-0.6276603
BCCDDDCDCCDDDCDDABCDABCABDBACBDCBADDCBCACACBCCABCACBCDCCCBDCADDBBBCBCBBCCACACAACCBBABADBCBAABBBCCBB	['D10C', 'A33B', 'B41C', 'C54D', 'B60C', 'C62D', 'A63D', 'A71B', 'D77C', 'C82B', 'C90B', 'A93B']	12	2.4248495	2.2272034	1.789794	-0.63505554
BCCDDDCDCCDDBCDDABCDABCABDBACBDCAADDCBCABACBCCABCACBCCCCDBDBADDBBBCBCBBCCACACAACCCBBBADBCBAAABBCCBB	['D10C', 'D13B', 'C57D', 'C62D', 'A63D', 'A71B', 'D77C', 'A84B', 'C90B']	9	-1.9457283	-3.5015821	-2.58504	-0.6393118
BCCDDDCDCCDDBCDDABCCABCABDBACBDCBACABBCACACBCCABCACBCBCCCBDBADDBBBCBCBBBBACADAACCBBABADBCBAAABBCCBB	['D10C', 'D13B', 'D20C', 'A33B', 'D35C', 'D36A', 'C37B', 'B41C', 'C54B', 'C62D', 'A63D', 'A71B', 'C72B', 'C73B', 'C82B', 'C90B']	16	3.0012474	0.19716215	2.3611336	-0.64011383
AAADDDCDCCDDDCCDABCCABCABDBACBDCAACACBCABACBCBABCACBCDCCCCDBACDBBBCBCBBDCACACAACCABBBADBCBAABBBCCBB	['B1A', 'C2A', 'C3A', 'D10C', 'D15C', 'D20C', 'D35C', 'D36A', 'C46B', 'C54D', 'B58C', 'A63D', 'A71B', 'C72D', 'D77C', 'C82A', 'A84B', 'C90B', 'A93B']	19	3.566936	1.8320522	2.9228735	-0.6440625
BCCDDDCDCBDBBCDDABCCABCABDBACBDDBACCBBCABAABCDBBCACBCCCCCBDBADDBBBCBCBCABACACAACCCBBBADBCBAAABBCCBB	['D10B', 'D12B', 'D13B', 'D20C', 'C32D', 'A33B', 'D35C', 'D36C', 'C37B', 'C43A', 'C46D', 'A47B', 'C62D', 'A63D', 'A71C', 'C72A', 'C73B', 'D77C', 'A84B', 'C90B']	20	-1.614111	-3.5086427	-2.2604866	-0.64637566
BCCDDDCDCCDDDDDDABCDABCABDBACBDCAADDCBCABACBCCABCACBCCCCCBDBACDBBBCBCBDCCACADAACCCBBBADBCBAABBBCCBB	['D10C', 'C14D', 'A63D', 'A71D', 'A84B', 'C90B', 'A93B']	7	-1.5972099	-3.5139065	-2.248849	-0.651639
BCCDBDCDCCDDDCDDABCDABCCBDBACBDCBADDCBCACACBCDABCACBDCCCCBDBADDBBBCBCBBABACACAACCCBBBADBCBAABBBCCBB	['D5B', 'D10C', 'A24C', 'A33B', 'B41C', 'C46D', 'C53D', 'C62D', 'A63D', 'A71B', 'C72A', 'C73B', 'D77C', 'A84B', 'C90B', 'A93B']	16	-0.15625954	-3.5141983	-0.80818844	-0.6519289
BCCDDDCDCBDADCDDABCDABCABDBACDDCBADDCBCACACBCBABCACBCCCCCBDBADDDBBCCCBBACACACAACCCBABADCCCAABBBCCBB	['D10B', 'D12A', 'B30D', 'A33B', 'B41C', 'C46B', 'C62D', 'A63D', 'B64D', 'B68C', 'A71B', 'C72A', 'D77C', 'B88C', 'A93B']	15	-2.8491764	-3.516725	-3.5036354	-0.654459
AAADDDCDCADDDCDBABCCABCABDBACBDCBACABBCABACBCDBBCACBBDCCDCDCDCDBBBCBCBACCACADAACCBAABADBBBAAABBCCBB	['B1A', 'C2A', 'C3A', 'D10A', 'D16B', 'D20C', 'A33B', 'D35C', 'D36A', 'C37B', 'C46D', 'A47B', 'C53B', 'C54D', 'C57D', 'B58C', 'B60C', 'A61D', 'A63D', 'C82B', 'B83A', 'C89B', 'C90B']	23	5.755043	2.2070742	5.099861	-0.6551819
BCCDDDCDCCDDBCDDABCCABCABDBACBDCAACABBCABACBBDABCACBCDCCCBDBADDBBBBBABBABACADAACCBBABADBCBAAABBCCBB	['D10C', 'D13B', 'D20C', 'D35C', 'D36A', 'C37B', 'C45B', 'C46D', 'C54D', 'C62D', 'A63D', 'C67B', 'C69A', 'A71B', 'C72A', 'C73B', 'C82B', 'C90B']	18	2.2722468	2.2050037	1.6149893	-0.65725756
BCCDDDCDCDDDDDCCABCCABCABDBACBDCAADAABAADACBCCABCACBCCCCCBDBACABBBCBABACCACADAACCCBABADBCCAABBBCCBB	['C14D', 'D15C', 'D16C', 'D20C', 'D36A', 'C37A', 'C39A', 'B41D', 'C69A', 'A93B']	10	-3.2455559	-3.5195389	-3.9028368	-0.6572809
BCCDDDCDCDDDDCDDABCAABCABDBACBDCAADABBCABACBCDABCACBCCCCCBDBACACBBCBCBBCBACADAACCCBABADBCBAABBBCCBB	['D20A', 'D36A', 'C37B', 'C46D', 'B64C', 'A71B', 'C73B', 'C90B', 'A93B']	9	-2.9414577	-3.5206351	-3.599824	-0.6583662
BCCDDDCDCCDDBCDDABCDABCABDBACBDCAACABBCABACBCCAACACBCCCCCBDBACDBBBCBCBBCCCCADAACCBBBBADBCCAAABBCCBB	['D10C', 'D13B', 'D35C', 'D36A', 'C37B', 'B48A', 'A63D', 'A71B', 'A74C', 'C82B', 'A84B']	11	2.5388837	-0.6621275	1.8767595	-0.66212416
BCCDDDCDCCDDDCCDABCCABCABDBACBDCAACABBCACACBCCABCACBCDCCDBDCDDDBBBCBCBBCCACACAACCBBABADBCBAABBBCCBB	['D10C', 'D15C', 'D20C', 'D35C', 'D36A', 'C37B', 'B41C', 'C54D', 'C57D', 'B60C', 'A61D', 'C62D', 'A63D', 'A71B', 'D77C', 'C82B', 'C90B', 'A93B']	18	2.9914303	2.1998725	2.3290443	-0.66238594
AAADDDCDCDDDDCDDABCDABCABDBACBDCAADDCBCABACBCCABCACBCCCCCBDBADDBBBCBCBBABACACAACCCBABADBCBAAABBCCBB	['B1A', 'C2A', 'C3A', 'C62D', 'A63D', 'A71B', 'C72A', 'C73B', 'D77C', 'C90B']	10	-2.784809	-3.5250916	-3.447631	-0.66282177
AAADDDCDCDDDDCDDABCDABCABDBACBDCAADDCBCABACBCCABCACBCCCCCBDBADDBBBCBCBBABACACAACCCBABADBCBAAABBCCBB	['B1A', 'C2A', 'C3A', 'C62D', 'A63D', 'A71B', 'C72A', 'C73B', 'D77C', 'C90B']	10	-2.784809	-3.5250916	-3.447631	-0.66282177
BCCDDDCDCBDDBCDDABCAABCABDBACBDCBADDCBCACACBCCABCACBBDDCDBDBADDBBBCBCBDDCACADAACCBBABADBCBAABBCCCBB	['D10B', 'D13B', 'D20A', 'A33B', 'B41C', 'C53B', 'C54D', 'C55D', 'C57D', 'C62D', 'A63D', 'A71D', 'C72D', 'C82B', 'C90B', 'A93B', 'B95C']	17	4.08509	2.199254	3.4220848	-0.66300535
BCCDDDCDCBDDBCDDABCAABCABDBACBDCBADDCBCACACBCCABCACBBDDCDBDBADDBBBCBCBDDCACADAACCBBABADBCBAABBCCCBB	['D10B', 'D13B', 'D20A', 'A33B', 'B41C', 'C53B', 'C54D', 'C55D', 'C57D', 'C62D', 'A63D', 'A71D', 'C72D', 'C82B', 'C90B', 'A93B', 'B95C']	17	4.08509	2.199254	3.4220848	-0.66300535
BCCDDDCDCBDDBCDDABCAABCABDBACBDCBADDCBCACACBCCABCACBBDDCDBDBADDBBBCBCBDDCACADAACCBBABADBCBAABBCCCBB	['D10B', 'D13B', 'D20A', 'A33B', 'B41C', 'C53B', 'C54D', 'C55D', 'C57D', 'C62D', 'A63D', 'A71D', 'C72D', 'C82B', 'C90B', 'A93B', 'B95C']	17	4.08509	2.199254	3.4220848	-0.66300535
BCCDDDCDCCDDDCDDABCDABCABDBACBDCAACABBCACACBCDABCACBCCCCDBDBADDCBBCBCBBCCACADAACCCABBADBCBAABBBCCBB	['D10C', 'D35C', 'D36A', 'C37B', 'B41C', 'C46D', 'C57D', 'C62D', 'A63D', 'B64C', 'A71B', 'B83A', 'A84B', 'C90B', 'A93B']	15	-0.49713945	-3.526104	-1.1609755	-0.663836
BCCDDDCDCBADBCDDABCDABCABDBACBDCBADDCBCABACBCCABCACBCBCCCCDBACDBBBCBCBACCACADAACCCBBBADBCCAAABBCCBB	['D10B', 'D11A', 'D13B', 'A33B', 'C54B', 'B58C', 'A63D', 'A84B']	8	-0.13858843	-2.692594	-0.80619335	-0.6676049
BCCDDDCDCDDDDCDDABCDADCABDBACBDCAACACBCACACBCCABCACBCCCCCBDCADDBBBCBCABACACADAACCCBABADBCCAABBBCCBB	['B22D', 'D35C', 'D36A', 'B41C', 'B60C', 'C62D', 'A63D', 'B70A', 'A71B', 'C72A', 'A93B']	11	-2.427784	-3.53157	-3.0970879	-0.6693039
BCCDDDCDCCACDCDDABABADCABDBACBDCCACACBCABADBCCABCACBCDCCCBDBADDBBBCBCBBBBACADAACCBBACADBCBAAABBCCBB	['D10C', 'D11A', 'D12C', 'C19A', 'D20B', 'B22D', 'A33C', 'D35C', 'D36A', 'C43D', 'C54D', 'C62D', 'A63D', 'A71B', 'C72B', 'C73B', 'C82B', 'B85C', 'C90B']	19	3.7628171	2.189928	3.0904894	-0.67232776
BCCDDDCDCBDCBCDDAAABABCABDBACBDCAADDCBCACACBCDABCACBCCDCCCDCADDCBBCBCBACCACCDAACCCBBBADBCBAAABBCCBB	['D10B', 'D12C', 'D13B', 'B18A', 'C19A', 'D20B', 'B41C', 'C46D', 'C55D', 'B58C', 'B60C', 'C62D', 'A63D', 'B64C', 'A76C', 'A84B', 'C90B']	17	1.1820621	-3.5357041	0.508626	-0.67343616
BCCBDDCDCBDDDDCDABCDABCABDBACBDCBADBBBCABACBCDABCACBCDCCCBDBADDBBBCBCBBCBACADAACCBBABADBCBAAABBCCBB	['D4B', 'D10B', 'C14D', 'D15C', 'A33B', 'D36B', 'C37B', 'C46D', 'C54D', 'C62D', 'A63D', 'A71B', 'C73B', 'C82B', 'C90B']	15	3.623695	2.1843352	2.9457712	-0.6779237
AAADDDCDCDDDDCCDABCDABCABDBACBDCAACACBCACACBCCABCACBCCCCDBDBDCABBBCBCBACCACADAACCCBABADBCCAAABBCCBB	['B1A', 'C2A', 'C3A', 'D15C', 'D35C', 'D36A', 'B41C', 'C57D', 'A61D']	9	-3.1026092	-3.5419931	-3.7823372	-0.67972803
BCCDDDCDCCDDDCDDABCDABCABDBACBDCAADDCBCABACBCDABCACBCCCCCBDBACABBBCBCBACDACACAACCCBABADBCBAAABBCCBB	['D10C', 'C46D', 'C73D', 'D77C', 'C90B']	5	-3.0253377	-3.5456429	-3.7087126	-0.6833749
AAADDDCDCCDDDCDDABBDADCABDBACBDCAACDABCABACBCCABCACBCCCCCBDBACABBBCBCBACCACADAACCCBACADBCCAAABBCCBB	['B1A', 'C2A', 'C3A', 'D10C', 'C19B', 'B22D', 'D35C', 'C37A', 'B85C']	9	-3.0801573	-3.5457683	-3.7636604	-0.68350315
BCCDDDCDCDDCDCDDABCDABCABDBACBDCAADDBBCABACBCCABCACBCCCCCBDCACDBBBDBCBACCACACAACCCBABADBCBAAABBCCBB	['D12C', 'C37B', 'B60C', 'A63D', 'C67D', 'D77C', 'C90B']	7	-3.4717627	-3.5462055	-4.1557026	-0.68393993
AAADDDCDCCDDDCCDABBCABCABDBACBDCAACACBCABACBCCABCACBBDCCCBDBADDBBBCBCBCCCACADAACCBBABADBCBAAABBCCBB	['B1A', 'C2A', 'C3A', 'D10C', 'D15C', 'C19B', 'D20C', 'D35C', 'D36A', 'C53B', 'C54D', 'C62D', 'A63D', 'A71C', 'C82B', 'C90B']	16	3.3631263	2.1766448	2.6775122	-0.6856141
BCCDDDCDCCADDCCDADCAABCABDBACBDCAADABBCABACBCDBBCACBBDDCCBDBACDBBBCBCBBCBACADAACCBBACADBCBAAABBCCBB	['D10C', 'D11A', 'D15C', 'B18D', 'D20A', 'D36A', 'C37B', 'C46D', 'A47B', 'C53B', 'C54D', 'C55D', 'A63D', 'A71B', 'C73B', 'C82B', 'B85C', 'C90B']	18	3.0885358	2.1722455	2.3985252	-0.69001055
BCCDDDCDCADBDCDBABCCABCABDBACBDCAACABBCABACBCDABCACBBCCCCBDBACACBBCBABACCACACAACCABABADBCCCAABBCCBB	['D10A', 'D12B', 'D16B', 'D20C', 'D35C', 'D36A', 'C37B', 'C46D', 'C53B', 'B64C', 'C69A', 'D77C', 'C82A', 'A91C']	14	2.7021523	-1.0761743	2.012125	-0.69002724
AAADDDCDCDDBDCDDABCDABCABDBACBDCAACACBCACACBCCABCACBCCCCCBDCADDCBBCBCBACCACADAACCCBABADBCCAAABBCCBB	['B1A', 'C2A', 'C3A', 'D12B', 'D35C', 'D36A', 'B41C', 'B60C', 'C62D', 'A63D', 'B64C']	11	-2.6618648	-3.552577	-3.3521776	-0.69031286
BCCDDDCDCBDDBCDDABCAABCABDBACBDCAABACBCABACBCDABCACBCBDCCBDCADDCBBCBCBACCACADAACCCBABADBCBAAABBCCBB	['D10B', 'D13B', 'D20A', 'D35B', 'D36A', 'C46D', 'C54B', 'C55D', 'B60C', 'C62D', 'A63D', 'B64C', 'C90B']	13	-0.53797245	-2.7158132	-1.228795	-0.6908226
BCCDDDCDCCDDDCCDABCDABCABDBACBDCAACDBBCABACBCDABCACBCCCCCBDBACDBBBCBCBACCACADAACCCBBBADBCBAABBBCCBB	['D10C', 'D15C', 'D35C', 'C37B', 'C46D', 'A63D', 'A84B', 'C90B', 'A93B']	9	-2.312695	-3.55796	-3.0083847	-0.6956897
AAADDDCDCCDBBCDDACAAABCABDBACBDCAADAABCACACBCBABCACBBDDCCBDBADDBBBCBCBBCBCCADAACCBBABADBCBAAABBCCBB	['B1A', 'C2A', 'C3A', 'D10C', 'D12B', 'D13B', 'B18C', 'C19A', 'D20A', 'D36A', 'C37A', 'B41C', 'C46B', 'C53B', 'C54D', 'C55D', 'C62D', 'A63D', 'A71B', 'C73B', 'A74C', 'C82B', 'C90B']	23	2.7283473	2.1656036	2.0316906	-0.6966567
BCCDDDCDCCDDBCCDADCDABCABDBACBDCAADDCBCABACBCDABCACBCCCCCBDBADDBBBCBCBADDACADAACCCBABADBCBAABBBCCBB	['D10C', 'D13B', 'D15C', 'B18D', 'C46D', 'C62D', 'A63D', 'C72D', 'C73D', 'C90B', 'A93B']	11	-2.4854321	-3.5595312	-3.1826925	-0.6972604
BCCDDDCDCDDDDCDDABDDABCABDBACBDCAACDCBCACACBCCABCACBCCCCCBDBACDBBACBCBACCACADAACCCBABADBCCAAABBCCBB	['C19D', 'D35C', 'B41C', 'A63D', 'B66A']	5	-3.3062959	-3.563663	-4.0076933	-0.7013974
AAADDDCDCBDDDCDDABCCABCABDBACBDCAADACBCABACBCDBBCACBCBDCDBDBADDBBBCBCBBDDACADAACCCBBCADBCBAABBBCCBB	['B1A', 'C2A', 'C3A', 'D10B', 'D20C', 'D36A', 'C46D', 'A47B', 'C54B', 'C55D', 'C57D', 'C62D', 'A63D', 'A71B', 'C72D', 'C73D', 'A84B', 'B85C', 'C90B', 'A93B']	20	1.8828993	-2.7277226	1.1801634	-0.7027359
BCCDDDCDCBDDDCDDABCAABCABDBACBDCAACAABCABACBCDABCACBCCCCDBDBADDCBBCBCBAACACADAACCCBABADBCBAABBCCCBB	['D10B', 'D20A', 'D35C', 'D36A', 'C37A', 'C46D', 'C57D', 'C62D', 'A63D', 'B64C', 'C72A', 'C90B', 'A93B', 'B95C']	14	-1.2253022	-3.5674329	-1.9304657	-0.7051635
AAADDDCDCBDDBCDDABCCABCABDBACBDCBACABBCABACBCDBBCACBCDCCDBDBACDBBBCBCBBCBACADAACCCBBBADBCBAABBBCCBB	['B1A', 'C2A', 'C3A', 'D10B', 'D13B', 'D20C', 'A33B', 'D35C', 'D36A', 'C37B', 'C46D', 'A47B', 'C54D', 'C57D', 'A63D', 'A71B', 'C73B', 'A84B', 'C90B', 'A93B']	20	1.6839223	-0.7072573	0.97666836	-0.70725393
AAADDDCDCCDDBCDDABCAABCABDBACBDCAACABBCACACBADAACACBDDCCCBDCADACBBCBCBACCACADAACCABABADBCBAAABBCCBB	['B1A', 'C2A', 'C3A', 'D10C', 'D13B', 'D20A', 'D35C', 'D36A', 'C37B', 'B41C', 'C45A', 'C46D', 'B48A', 'C53D', 'C54D', 'B60C', 'C62D', 'B64C', 'C82A', 'C90B']	20	3.5478842	1.767539	2.839304	-0.70858026
AAADDDCDCDDDDCDDABCDABCABDBACBDCAACABBCACACBCCABCACBCCCCDBDCDCABBBCBCBACCACADAACCCBABADBCCAAABBCCBB	['B1A', 'C2A', 'C3A', 'D35C', 'D36A', 'C37B', 'B41C', 'C57D', 'B60C', 'A61D']	10	-2.6892858	-3.5737743	-3.4007912	-0.7115054
BCCDDDCDCDDDDCDDABCDABCABDBACBDCAACABBCABACBCCABCACBCCCCCBDCACDBBBCBCBACCACACAACCCBABADBCCAAABBCCBB	['D35C', 'D36A', 'C37B', 'B60C', 'A63D', 'D77C']	6	-3.5368476	-3.5752873	-4.2498693	-0.71302176
BCCDDDCDCCDBDCDDABBAABCABDBACBDCBACCABCABACBCCABCACBCBCCCBDBADDCBBCBCBACCCCACAACCCBABADBCBAABBBCCBB	['D10C', 'D12B', 'C19B', 'D20A', 'A33B', 'D35C', 'D36C', 'C37A', 'C54B', 'C62D', 'A63D', 'B64C', 'A74C', 'D77C', 'C90B', 'A93B']	16	-1.6310868	-2.7395186	-2.3456202	-0.7145333
BCCDDDCDCDDDDCDDABCDABCABDBACBDCAACACBCABACBCCABCACBCCCCDBDCCDDBBBCBCBACCACADAACCCBABADBCBAAABBCCBB	['D35C', 'D36A', 'C57D', 'B60C', 'A61C', 'C62D', 'A63D', 'C90B']	8	-3.2857957	-3.579023	-4.00255	-0.71675444
BCCDDDCDCDDDDCDDABCDABCABDBACBDCAACACBCABACBCCABCACBCCCCDCDBADDBBBCBCBBCBACADAACCDBABADBCBAABBBCCBB	['D35C', 'D36A', 'C57D', 'B58C', 'C62D', 'A63D', 'A71B', 'C73B', 'C82D', 'C90B', 'A93B']	11	-1.2952738	-2.9971008	-2.013134	-0.7178602
BCCDDDCDCDDDBCDDABCCABCABDBACBDCAADAABCABACBCCABCACBCCCCCBDBADDBBBCBCBACBACADAACCCBABADBCBAAABBCCBB	['D13B', 'D20C', 'D36A', 'C37A', 'C62D', 'A63D', 'C73B', 'C90B']	8	-3.3624167	-3.5835352	-4.083682	-0.7212653
BCCDDDCDCDDDBDDDABCDABCABDBACBDCCADACBCABACBCDABCACBCCCCCBDBADDBBBCBCBCCBACADAACCCBABADBCBAABBBCCBB	['D13B', 'C14D', 'A33C', 'D36A', 'C46D', 'C62D', 'A63D', 'A71C', 'C73B', 'C90B', 'A93B']	11	-2.843028	-3.5844822	-3.56524	-0.72221184
BCCDDDCDCCDDDCDDABCCABCABDBACBDCAACACBCABACBCCABCACBCDCCCBDBADDBBBCBCBBCCCCADAACCBBABADBCBAABBBCCBB	['D10C', 'D20C', 'D35C', 'D36A', 'C54D', 'C62D', 'A63D', 'A71B', 'A74C', 'C82B', 'C90B', 'A93B']	12	2.3311749	2.1395636	1.6084795	-0.72269535
BCCDDDCDCCDDDCDDABCCABCABDBACBDCAACACBCABACBCCABCACBCDCCCBDBADDBBBCBCBBCCCCADAACCBBABADBCBAABBBCCBB	['D10C', 'D20C', 'D35C', 'D36A', 'C54D', 'C62D', 'A63D', 'A71B', 'A74C', 'C82B', 'C90B', 'A93B']	12	2.3311749	2.1395636	1.6084795	-0.72269535
BCCDDDCDCCDDDCDDABCDABCABDBACBDCAADDCBCABACBCDAACACBCCCCCBDBADCBBBCBCBBCCACACAACCBBBBADBCBAABBBCCBB	['D10C', 'C46D', 'B48A', 'C62D', 'A63C', 'A71B', 'D77C', 'C82B', 'A84B', 'C90B', 'A93B']	11	1.6608472	-0.7256727	0.93518066	-0.7256665
BCCDDDCDCDDDDCDDABCAABCABDBACBDCAADDCBCABACBCDABCACBCCCCCBDBADDBBBCBCBBCBACACAACCCBABADBCBAABBBCCBB	['D20A', 'C46D', 'C62D', 'A63D', 'A71B', 'C73B', 'D77C', 'C90B', 'A93B']	9	-3.250331	-3.5891395	-3.9771986	-0.7268677
BCCDDDCDCCDDDCDDABCDABCABDBACBDCAADDCBCABACBCDABCACBCCCCCBDCADDCBBCBCCABAACACAACCCBABADBCBAABBBCCBB	['D10C', 'C46D', 'B60C', 'C62D', 'A63D', 'B64C', 'B70C', 'C72B', 'C73A', 'D77C', 'C90B', 'A93B']	12	-2.751378	-3.5900688	-3.4791765	-0.72779846
BCCDDDCDCCDDDCDDABCDABCABDBACBDCAADDCBCABACBCDABCACBCCCCCBDCADDCBBCBCCABAACACAACCCBABADBCBAABBBCCBB	['D10C', 'C46D', 'B60C', 'C62D', 'A63D', 'B64C', 'B70C', 'C72B', 'C73A', 'D77C', 'C90B', 'A93B']	12	-2.751378	-3.5900688	-3.4791765	-0.72779846
BCCDDDCDCCDDDCDDABCDABCABDBACBDCAACACBCACACBCCABCACBCCCCCBDBACDBBBCBCBBCBACADAACCCBBBADBCBAAABBCCBB	['D10C', 'D35C', 'D36A', 'B41C', 'A63D', 'A71B', 'C73B', 'A84B', 'C90B']	9	-1.165844	-3.5952811	-1.8988562	-0.7330122
BCCDDDCDCCDDDCDDABCAABCABDBACBDCBACBBBCABACBCCABCACBCDCCCBDBADDBBBBBCBBCBACADAACCCBBBADBCBAAABBCCBB	['D10C', 'D20A', 'A33B', 'D35C', 'D36B', 'C37B', 'C54D', 'C62D', 'A63D', 'C67B', 'A71B', 'C73B', 'A84B', 'C90B']	14	0.6314912	-0.7330408	-0.10154343	-0.7330346
AAADDDCDCADDDCCCADCBABCABDBACBDCAADACBAABADBCDBBCACBBBDCCBDCADDBBBCBCBACAACADAACCBBACADBABAAABBCCBB	['B1A', 'C2A', 'C3A', 'D10A', 'D15C', 'D16C', 'B18D', 'D20B', 'D36A', 'C39A', 'C43D', 'C46D', 'A47B', 'C53B', 'C54B', 'C55D', 'B60C', 'C62D', 'A63D', 'C73A', 'C82B', 'B85C', 'C89A', 'C90B']	24	4.203105	0.10300255	3.468833	-0.734272
BCCDDDCDCDDDDCDDABCDABCABDBACBDCAACACBCABACBCCABCACBCCCCCBDBACDBBBCBCBACCACADAACCCBABADBCBAAABBCCBB	['D35C', 'D36A', 'A63D', 'C90B']	4	-3.4877634	-3.6026692	-4.2281637	-0.7404003
AAADDDCDCCDDDCDDABBDABCABDBACBDCBADDCBCABACBCDBBCACBBDCCCCDBBDDBBBBBCBCBAACACAACCABABADBCBAABBBCCBB	['B1A', 'C2A', 'C3A', 'D10C', 'C19B', 'A33B', 'C46D', 'A47B', 'C53B', 'C54D', 'B58C', 'A61B', 'C62D', 'A63D', 'C67B', 'A71C', 'C72B', 'C73A', 'D77C', 'C82A', 'C90B', 'A93B']	22	3.8206046	1.733264	3.0777502	-0.74285436
AAADDDCDCDDDDDDDABADABCABDBACBDCAACDBBCABACBCCABCACBCCCCCBDCACDBBBCBCBACCACADAACCCBABADBCCAAABBCCBB	['B1A', 'C2A', 'C3A', 'C14D', 'C19A', 'D35C', 'C37B', 'B60C', 'A63D']	9	-2.90622	-3.6086035	-3.6525602	-0.7463403
BCCDDDCDCDDDDCDDABCDABCABDBACBDCAADDCBCACACBCCABCACBCCCCCBDBADDBBBCBCBBDCACACABCCCBABADBCCAABBBCCBB	['B41C', 'C62D', 'A63D', 'A71B', 'C72D', 'D77C', 'A79B', 'A93B']	8	-3.2127404	-3.6089149	-3.9593887	-0.7466483
BCCDDDCDCCDDDCDDABCAABCABDBACBDCBACAABCACACBCBABCACBCBCCDBDBADDBBBCBCBACCACADAACCBBABADBCCAABBBCCBB	['D10C', 'D20A', 'A33B', 'D35C', 'D36A', 'C37A', 'B41C', 'C46B', 'C54B', 'C57D', 'C62D', 'A63D', 'C82B', 'A93B']	14	1.9142447	0.08959627	1.166563	-0.7476816
BCCDDDCDCCDDDCDDABCCABCABDBACBDCAADABBCABACBBCABCACBCCCCCBDBADDCBBCBBBACCACADAACCBBABADBCBAAABBCCBB	['D10C', 'D20C', 'D36A', 'C37B', 'C45B', 'C62D', 'A63D', 'B64C', 'C69B', 'C82B', 'C90B']	11	0.70714283	-0.74966574	-0.04251957	-0.7496624
BCCDDDCDCCDDDCDDABCDABCABDBACBDCAACDABCABACBCDABCACBCCCCCBDBACDBBBCBCBBCBACADAACCCBBBADBCBAABBBCCBB	['D10C', 'D35C', 'C37A', 'C46D', 'A63D', 'A71B', 'C73B', 'A84B', 'C90B', 'A93B']	10	-1.8850284	-3.6201415	-2.6429014	-0.75787306
BCCDDDCDCCDDDCDDABBAABCABDBACBDCAADDCBCABACBCCABCACBCCCCDBDBADDBBACBCBCCCACACAACCCBABADBCBAAABBCCBB	['D10C', 'C19B', 'D20A', 'C57D', 'C62D', 'A63D', 'B66A', 'A71C', 'D77C', 'C90B']	10	-1.9975734	-3.6206355	-2.7559376	-0.7583642
BCCDDDCDCADDBCDDABBDABCABDBACBDCAADDCBCABACBCDABCACBCCCCCBDBACDBBBCBCBACDACADAACCCBABADBCBAAABBCCBB	['D10A', 'D13B', 'C19B', 'C46D', 'A63D', 'C73D', 'C90B']	7	-2.7682528	-3.6229405	-3.528926	-0.76067305
AAADDDCDCDDCDDDDABCDABCABDBACBDCAACACBCACACBCCABCACBCCCCCBDBACACBBCBCBACCACADAACCCBABADBCCAAABBCCBB	['B1A', 'C2A', 'C3A', 'D12C', 'C14D', 'D35C', 'D36A', 'B41C', 'B64C']	9	-2.9047842	-3.6254826	-3.668004	-0.76321983
BCCDDDCDCDDDDCCDABCAABCABDBACBDCAADACBCABACBCCABCACBCCCCCBDCADABBBCBCBACCBCADAACCCBABADBBBAAABBCCBB	['D15C', 'D20A', 'D36A', 'B60C', 'C62D', 'A74B', 'C89B', 'C90B']	8	-2.5814815	-3.628635	-3.347845	-0.7663636
BCCDDDCDCDDDDCDDABCAABCABDBACBDCAACDBBCABACBCCABCACBCCCCCBDCACDBBBCBBBBCCACADAACCCBABADBCBAAABBCCBB	['D20A', 'D35C', 'C37B', 'B60C', 'A63D', 'C69B', 'A71B', 'C90B']	8	-2.5361457	-3.6296782	-3.3035603	-0.76741457
BCCDDDCDCCACDDDBABCDABCABDBACBDCAADDABCABACBCDABCACBCCCCCBDBADDBBBCBCBDCCACACAACCCBBBADACBAABBBCCBB	['D10C', 'D11A', 'D12C', 'C14D', 'D16B', 'C37A', 'C46D', 'C62D', 'A63D', 'A71D', 'D77C', 'A84B', 'B88A', 'C90B', 'A93B']	15	-0.9187441	-3.6352816	-1.691761	-0.7730169
AAADDDCDCBDDDCDDABCDABCABDBACBDCAADDBBCABACBCDABCACBCCCCCBDBACDBBBCBCBBCCACCDAACCCBBBADBCBAABBBCCBB	['B1A', 'C2A', 'C3A', 'D10B', 'C37B', 'C46D', 'A63D', 'A71B', 'A76C', 'A84B', 'C90B', 'A93B']	12	0.14169693	-3.6358395	-0.63187695	-0.7735739
BCCDDDCDCDDDDCDDABCDABCABDBACDDCAACACBCABADBCCABCACBCCCCDBDBACDBBBCBCBBCCACACAACCCBABADCCCAABBBCCBB	['B30D', 'D35C', 'D36A', 'C43D', 'C57D', 'A63D', 'A71B', 'D77C', 'B88C', 'A93B']	10	-3.2020988	-3.6375728	-3.9774046	-0.77530575
BCCDDDCDCDDDDCDDABCDABCABDBACBDCAACDBBCABACBCCABCACBCCCCCBDBACDBBACBCBCCCACADAACCCBABADBCCAAABBCCBB	['D35C', 'C37B', 'A63D', 'B66A', 'A71C']	5	-3.1559358	-3.6404004	-3.9340677	-0.77813196
BCCDDDCDCDDDDDDDABCDABCABDBACBDCCADDCBCABACBCCABCACBCCCCCBDBADDBBBCBCBCCBACADAACCCBABADBCBAABBBCCBB	['C14D', 'A33C', 'C62D', 'A63D', 'A71C', 'C73B', 'C90B', 'A93B']	8	-3.2629433	-3.6420712	-4.0427465	-0.7798033
BCCDDDCDCADDDCDDABCDABCABDBACBDCAACDBBCABACBCCABCACBCCCCCBDBACDBBBCBCBBCCCCADAACCCBBBADBCBAABBBCCBB	['D10A', 'D35C', 'C37B', 'A63D', 'A71B', 'A74C', 'A84B', 'C90B', 'A93B']	9	-1.753346	-3.6454678	-2.536543	-0.7831969
BCCDDDCDCCDDBCDDADCDABCABDBACBDCAADDBBCABACBCDABCACBCCCCCBDBBCDBBBCBCBCACACACAACCCBABADACBAABBBCCBB	['D10C', 'D13B', 'B18D', 'C37B', 'C46D', 'A61B', 'A63D', 'A71C', 'C72A', 'D77C', 'B88A', 'C90B', 'A93B']	13	-3.2415547	-3.648602	-4.0278873	-0.7863326
BCCDDDCDCDDDDCDDABCAABCABDBACBDCAACDCBCABACBCDABCACBCCCCCBDBADDBBBCBCBBCBACADAACCCBABADBCBAABBBCCBB	['D20A', 'D35C', 'C46D', 'C62D', 'A63D', 'A71B', 'C73B', 'C90B', 'A93B']	9	-2.836141	-3.6546278	-3.6284971	-0.792356
BCCDDDCDCBDDDCDDABCDABCDBDBACBDCAACCCBCACACBCDABCACBCDCCCBDCCDDCBBCBCBACCACADAACCBBABADBCCAAABBCCBB	['D10B', 'A24D', 'D35C', 'D36C', 'B41C', 'C46D', 'C54D', 'B60C', 'A61C', 'C62D', 'A63D', 'B64C', 'C82B']	13	2.585791	2.0689816	1.79251	-0.7932811
BCCDDDCDCADCDCCDABCCABCABDBACBDCAACACBCABACBBCABCACBCDCCCBDBACDBBBCBCBBCCACADAACCBBACADBCBADBBBCCBB	['D10A', 'D12C', 'D15C', 'D20C', 'D35C', 'D36A', 'C45B', 'C54D', 'A63D', 'A71B', 'C82B', 'B85C', 'C90B', 'A92D', 'A93B']	15	2.5153766	2.0687666	1.7218857	-0.7934909
BCCDDDCDCDDDDCDDABCDABCABDBACBDCAACDBBCABACBCCABCACBCCCCCBDBADDBBBCBCBCCCACACAACCCBABADBCBAABBBCCBB	['D35C', 'C37B', 'C62D', 'A63D', 'A71C', 'D77C', 'C90B', 'A93B']	8	-3.5206356	-3.6572456	-4.3156157	-0.79498005
AAADDDCDCCDDBCDDABCDABCABDBACBDCBADDCBCABACBCDBBCACBCBCCCBDBACDCBBCBCBBDCACCCAACCCBBBADBCBAABBBCCBB	['B1A', 'C2A', 'C3A', 'D10C', 'D13B', 'A33B', 'C46D', 'A47B', 'C54B', 'A63D', 'B64C', 'A71B', 'C72D', 'A76C', 'D77C', 'A84B', 'C90B', 'A93B']	18	0.013323784	-2.8209167	-0.78260803	-0.7959318
BCCDDDCDCCDDDCDDABCCABCABDBACBDCAACACBCACACBCCABCACBCDCCCBDBADDBBBCBCBCCCACADAACCBBABADBCBAABBCCCBB	['D10C', 'D20C', 'D35C', 'D36A', 'B41C', 'C54D', 'C62D', 'A63D', 'A71C', 'C82B', 'C90B', 'A93B', 'B95C']	13	2.2348871	2.0613546	1.433981	-0.8009062
AAADDDCDCBDDBDDDABCBABCABDBACBDCBACABBCABACBCDABCACBCDCCCBDBADDBBBCBCBBCBACADAACCCBBBADBCBAAABBCCBB	['B1A', 'C2A', 'C3A', 'D10B', 'D13B', 'C14D', 'D20B', 'A33B', 'D35C', 'D36A', 'C37B', 'C46D', 'C54D', 'C62D', 'A63D', 'A71B', 'C73B', 'A84B', 'C90B']	19	1.5991755	-0.8021817	0.796998	-0.8021774
BCCDDDCDCCDBBCDDABCBABCDBDBACBDCAADCCBCABACBCDABCACBCCCCCBDBACDBBBCBCBBDCACADAACCABBBADBCCAAABBCCBB	['D10C', 'D12B', 'D13B', 'D20B', 'A24D', 'D36C', 'C46D', 'A63D', 'A71B', 'C72D', 'C82A', 'A84B']	12	1.9798021	-1.1890564	1.1768932	-0.8029089
BCCDDDCDCCDCDCDDAACDABCABDBACBDCAADDCBCABACBCDABCACBCDCCCBDBACDBBBCBABBDCACCDAACCBBACADBCBAABBBCCBB	['D10C', 'D12C', 'B18A', 'C46D', 'C54D', 'A63D', 'C69A', 'A71B', 'C72D', 'A76C', 'C82B', 'B85C', 'C90B', 'A93B']	14	2.5765924	2.058323	1.7726564	-0.803936
BCCDDDCDCCDDDCDDABCDABCABDBACBDCAACDCBCABACBCCAACACBCDCCCCDCADDBBBCBBBBCCACACAACCABBBADBCCAACBBCCBB	['D10C', 'D35C', 'B48A', 'C54D', 'B58C', 'B60C', 'C62D', 'A63D', 'C69B', 'A71B', 'D77C', 'C82A', 'A84B', 'A93C']	14	2.1935968	1.6718187	1.3893023	-0.8042946
BCCDDDCDCCDDDCCDABCCABCABDBACBDCAADACBCACACBCCABCACBCDCCCBDBADDBBBCBCBBCBACADAACCBBACADBCBAABBBCCBB	['D10C', 'D15C', 'D20C', 'D36A', 'B41C', 'C54D', 'C62D', 'A63D', 'A71B', 'C73B', 'C82B', 'B85C', 'C90B', 'A93B']	14	2.5003638	2.057125	1.6952305	-0.80513334
BCCDDDCDCDDADCCDABCBABCABDBACBDCAACACBCACACBCCABCACBCCCCCBDBDCDBBBCBCBCACACADAACCCBABADBCBAAABBCCBB	['D12A', 'D15C', 'D20B', 'D35C', 'D36A', 'B41C', 'A61D', 'A63D', 'A71C', 'C72A', 'C90B']	11	-2.7156281	-3.6694174	-3.5227785	-0.80715036
BCCDDDCDCCDDDCDDABCDABCABDBACBDCAACACBCABACBCCAACACBCDCCCCDCADDBBBCBBBBCCACACAACCABBBADBCCAACBBCCBB	['D10C', 'D35C', 'D36A', 'B48A', 'C54D', 'B58C', 'B60C', 'C62D', 'A63D', 'C69B', 'A71B', 'D77C', 'C82A', 'A84B', 'A93C']	15	2.6577177	1.6684322	1.8500328	-0.8076849
BDCDDDCDCCDDDCDDABCDABBABDBACBDCAACACBCABACBCBABCACBCDCCCCDBACDBBBCBCBBCCACADAACCBBBBADBCBAABBBCCBB	['C2D', 'D10C', 'C23B', 'D35C', 'D36A', 'C46B', 'C54D', 'B58C', 'A63D', 'A71B', 'C82B', 'A84B', 'C90B', 'A93B']	14	3.48763	2.050518	2.675891	-0.81173897
BCCDDDCDCDDCDCDDABBDABCABDBACBDCAACACBCABACBCCABCACBCCCCCBDBACDBBBCBCBCACACACAACCCBABADBCCAABBBCCBB	['D12C', 'C19B', 'D35C', 'D36A', 'A63D', 'A71C', 'C72A', 'D77C', 'A93B']	9	-3.1200676	-3.683299	-3.9410954	-0.82102776
BCCDDDCDCCDDDCDDABCDABCABDBACBDCAADDCBCABACBCDABCACBCCCCCBDBACDCBBCBCCACDACACAACCCBABADBCBAAABBCCBB	['D10C', 'C46D', 'A63D', 'B64C', 'B70C', 'C73D', 'D77C', 'C90B']	8	-2.7661614	-3.6855426	-3.5894346	-0.8232732
AAADDDCDCCDDDCDDABBDABCABDBACBDCAACCCBCABACBCCABCACBCDCCCBDBACDBBBCBCBBDCCCADAACCCBBBADBCBAABBBCCBB	['B1A', 'C2A', 'C3A', 'D10C', 'C19B', 'D35C', 'D36C', 'C54D', 'A63D', 'A71B', 'C72D', 'A74C', 'A84B', 'C90B', 'A93B']	15	-0.4720354	-0.8241453	-1.296176	-0.82414055
AAADDDCDCCDDDCDDABCDABCABDBACBDCAACCCBCADACBCBACCACBBDCCCBDBACBCBBCBCBACCACACAACCABABADBCCAABBBCCBB	['B1A', 'C2A', 'C3A', 'D10C', 'D35C', 'D36C', 'B41D', 'C46B', 'B48C', 'C53B', 'C54D', 'A63B', 'B64C', 'D77C', 'C82A', 'A93B']	16	2.5990458	1.6513577	1.7742882	-0.8247576
BCCDDDCDCCDDBCDDABCDABCDBDBACBDCCACABBCABACBCDABCACBCDCCDBDBACDBBBCBCBBCCACADAACCABBBADBACAABBBCCBB	['D10C', 'D13B', 'A24D', 'A33C', 'D35C', 'D36A', 'C37B', 'C46D', 'C54D', 'C57D', 'A63D', 'A71B', 'C82A', 'A84B', 'C89A', 'A93B']	16	3.3332162	1.6497707	2.5068712	-0.82634497
BCCDDDCDCDDDBCDDABCDABCABDBACBDCAACACBCACACBCCABCACBCCCCDBDBACDBBBCBABCCCACADAACCCBABADBCBAAABBCCBB	['D13B', 'D35C', 'D36A', 'B41C', 'C57D', 'A63D', 'C69A', 'A71C', 'C90B']	9	-2.7415695	-3.6908355	-3.5701408	-0.8285713
BCCDDDCDCDDDDCDDABCAABCABDBACBDCAADABBCABACBCCABCACBCCCCCBDBACDBBBCBDCBCCACACAACCCBABADBCBAABBBCCBB	['D20A', 'D36A', 'C37B', 'A63D', 'C69D', 'B70C', 'A71B', 'D77C', 'C90B', 'A93B']	10	-3.491787	-3.6925263	-4.322047	-0.8302603
BCCDDDCDCCDDDCDDABCDABCABDBACBDCAADDCBCABACBCCABCACBCBCCCBDBACDBBBCBCBBCBACACAACCCBBBADBCBAAABBCCBB	['D10C', 'C54B', 'A63D', 'A71B', 'C73B', 'D77C', 'A84B', 'C90B']	8	-2.187099	-2.8592982	-3.0214062	-0.8343072
BCCDDDADCCDDBCCDABCAABCABDBACBDCAACDCBCABADBCAAACACBCDCCCBDBACDCBBCBCBACCACACAACCBBBBADBCCAAABBCCBB	['C7A', 'D10C', 'D13B', 'D15C', 'D20A', 'D35C', 'C43D', 'C46A', 'B48A', 'C54D', 'A63D', 'B64C', 'D77C', 'C82B', 'A84B']	15	2.2631273	2.0277162	1.4285812	-0.8345461
BCCDDDCDCDDDDCDDABCDABCABDBACBDCAACDCBCABACBCCABCACBCCCCCBDCADDCBBCBCBACCACADAACCCBABADBCCAABBBCCBB	['D35C', 'B60C', 'C62D', 'A63D', 'B64C', 'A93B']	6	-3.6127696	-3.6976385	-4.448143	-0.8353734
BCCDDDCDCCDDDCCBABCCABCABDBACBDCAACABBCABACBCCABCACBCDCCDBDBACDBBBCBCBCCCACADAACCCBBBADBCBACBBBCCBB	['D10C', 'D15C', 'D16B', 'D20C', 'D35C', 'D36A', 'C37B', 'C54D', 'C57D', 'A63D', 'A71C', 'A84B', 'C90B', 'A92C', 'A93B']	15	-0.66056204	-0.8373356	-1.4978895	-0.8373275
BCCDDDCDCCDDDCCDABCCABCABDBACBDCAACACBCABADBCCABCACBCDCCCBDBADDBBBCBCBDCCACADAACCBBBBADBCBAAABBCCBB	['D10C', 'D15C', 'D20C', 'D35C', 'D36A', 'C43D', 'C54D', 'C62D', 'A63D', 'A71D', 'C82B', 'A84B', 'C90B']	13	3.6471853	2.0245924	2.8095179	-0.83766747
BCCDDDCDCCDDDCDDABCDABCABDBACBDCCACACBCABACBCCABCACBCDCCCCDBADDBBBCBCBBCCDCADAACCBBABADBCBAAABBCCBB	['D10C', 'A33C', 'D35C', 'D36A', 'C54D', 'B58C', 'C62D', 'A63D', 'A71B', 'A74D', 'C82B', 'C90B']	12	2.541512	2.0197172	1.6989727	-0.8425393
AAADDDCDCDDDDCDDABCDABCABDBACBDCAACABBCABACBCCABCACBCCCCCBDBACDBDBCBCBACCACADAACCCBABADBCCAAABBCCBB	['B1A', 'C2A', 'C3A', 'D35C', 'D36A', 'C37B', 'A63D', 'B65D']	8	-3.629528	-3.7049308	-4.472192	-0.84266376
AAADDDCDCDDDDCDDABCAABCABDBACBDCAADDCBCABACBCDABCACBCCCCCBDBACDBBBCBCBDCCCCACAACCCBABADBCBAABBBCCBB	['B1A', 'C2A', 'C3A', 'D20A', 'C46D', 'A63D', 'A71D', 'A74C', 'D77C', 'C90B', 'A93B']	11	-2.2797356	-3.7050958	-3.1225672	-0.8428316
AAADDDCDCCDDDCDDABCAABCABDBACBDCAADDCBCACACBCDABCACBCCDCCBDBADDBBBBBCBACDACACAACCCBABADBCBAABBBCCBB	['B1A', 'C2A', 'C3A', 'D10C', 'D20A', 'B41C', 'C46D', 'C55D', 'C62D', 'A63D', 'C67B', 'C73D', 'D77C', 'C90B', 'A93B']	15	-1.1606688	-3.708374	-2.006775	-0.84610605
BCCDDDCDCDDDDCDDABCAABCABDBACBDCAACDCBCABACBCDABCACBCCDCDBDBACDCBBCBCBACCACADAACCCBABADBCBAABBBCCBB	['D20A', 'D35C', 'C46D', 'C55D', 'C57D', 'A63D', 'B64C', 'C90B', 'A93B']	9	-3.5283446	-3.7091603	-4.3752365	-0.8468919
BCCDDDCDCADDBCDBABCDABCABDBACBDCBACACBCACACBCDABCACBBCCCCBDCCCDBBBCCCBBBAACADAACCCBBBADBCBAAABBCCBB	['D10A', 'D13B', 'D16B', 'A33B', 'D35C', 'D36A', 'B41C', 'C46D', 'C53B', 'B60C', 'A61C', 'A63D', 'B68C', 'A71B', 'C72B', 'C73A', 'A84B', 'C90B']	18	0.5754633	-3.7096853	-0.27195168	-0.847415
AAADDDCDCDDDDCDDABCDABCABDBACBDCAACDCBCABACBCCABCACBCCCCCBDBACDBBBCBCBCCCACACAACCCBABADBCCAAABBCCBB	['B1A', 'C2A', 'C3A', 'D35C', 'A63D', 'A71C', 'D77C']	7	-3.357717	-3.7100148	-4.2054644	-0.8477473
BCCDDDCDCDDDDCDDABCAABCABDBACBDCAADDABCABACBCDABCACBCCCCCBDBAADBBBCBCBDCCCCADAACCCBABADBCBAABBBCCBB	['D20A', 'C37A', 'C46D', 'C62A', 'A63D', 'A71D', 'A74C', 'C90B', 'A93B']	9	-2.7957206	-3.710897	-3.64435	-0.8486295
BCCDDDCDCBDDDDCDABAAABCABDBACBDCAABABBCAAACBACABCCCBBDCCCBDBADACBBCBCBBCCACADAACCBBACADBBCAAABBCCBB	['D10B', 'C14D', 'D15C', 'C19A', 'D20A', 'D35B', 'D36A', 'C37B', 'B41A', 'C45A', 'A50C', 'C53B', 'C54D', 'C62D', 'B64C', 'A71B', 'C82B', 'B85C', 'C89B']	19	6.0969377	2.0123591	5.247034	-0.8499036
BCCDDDCDCBDDDCCBABCAABCABDBACBDCAADDCBCABACBCDABCCCBCDCCCCDCACDBBBCBCBBCBACADAACCBBABADBCBAAABBCCBB	['D10B', 'D15C', 'D16B', 'D20A', 'C46D', 'A50C', 'C54D', 'B58C', 'B60C', 'A63D', 'A71B', 'C73B', 'C82B', 'C90B']	14	2.7983022	2.011135	1.9471788	-0.85112333
BCCDDDCDCDDDBCDDABCAABCDBDBACBDCAADDCBCABACBCBABCACBCCCCCBDBACACBBCBCBBCCCCACAACCBBABADBCCAABBBCCBB	['D13B', 'D20A', 'A24D', 'C46B', 'B64C', 'A71B', 'A74C', 'D77C', 'C82B', 'A93B']	10	0.59268856	-0.851356	-0.258667	-0.85135555
BCCDDDCDCDDDBCDDABCAABCDBDBACBDCAADDCBCABACBCBABCACBCCCCCBDBACACBBCBCBBCCCCACAACCBBABADBCCAABBBCCBB	['D13B', 'D20A', 'A24D', 'C46B', 'B64C', 'A71B', 'A74C', 'D77C', 'C82B', 'A93B']	10	0.59268856	-0.851356	-0.258667	-0.85135555
BCCCDDCDCCDDDCDBABCCABCABDBACBDCBACACBCABACBCCABCACBCDCCCCDCADDBBBCBCBBCDACADAACCBBABADBCBAABBBCCBB	['D4C', 'D10C', 'D16B', 'D20C', 'A33B', 'D35C', 'D36A', 'C54D', 'B58C', 'B60C', 'C62D', 'A63D', 'A71B', 'C73D', 'C82B', 'C90B', 'A93B']	17	6.2136307	2.00802	5.359393	-0.85423756
BCCDDDCDCDDDDCDDABCDABCABDBACBDCAACABBCABACBCCABCACBCCCCCBDCADDBBBCBCBACCACACAACCCBABADBCBAAABBCCBB	['D35C', 'D36A', 'C37B', 'B60C', 'C62D', 'A63D', 'D77C', 'C90B']	8	-3.0688252	-3.7198315	-3.9263906	-0.8575654
AAADDDCDCCDDBCDDABCDABCABDBACBDCBADDABCABACBCCABCACBCBCCCBDBADBBBBCBCBACCCCACAACCCBBBADBDCAABBBCCBB	['B1A', 'C2A', 'C3A', 'D10C', 'D13B', 'A33B', 'C37A', 'C54B', 'C62D', 'A63B', 'A74C', 'D77C', 'A84B', 'C89D', 'A93B']	15	-1.6343079	-2.8961372	-2.5054588	-0.871151
BCCDDDCDCADDDCDDABCDABCABDBACBDCAADDCBCABACBCBABCACBCCCCCBDBACACBBCBCBACCACADAACCBBABADBCCAAABBCCBB	['D10A', 'C46B', 'B64C', 'C82B']	4	-0.73041964	-0.87122536	-1.6016417	-0.871222
BCCDDDCDCDDDDCDDABCDABCABDBACBDCAABDBBCABACBCCABCACBCCCCDBDBADDBBBCBCBCDCACACAACCCBABADBCCAABBBCCBB	['D35B', 'C37B', 'C57D', 'C62D', 'A63D', 'A71C', 'C72D', 'D77C', 'A93B']	9	-3.5181131	-3.7358809	-4.3917255	-0.8736124
AAADDDCDCCADBCDDABCAABCABDBACBDCAACABBCABACBCDABCACBCDDCDCDCACDBBBCBCBBBBACADAACCCBBBADBCBAAABBCCBB	['B1A', 'C2A', 'C3A', 'D10C', 'D11A', 'D13B', 'D20A', 'D35C', 'D36A', 'C37B', 'C46D', 'C54D', 'C55D', 'C57D', 'B58C', 'B60C', 'A63D', 'A71B', 'C72B', 'C73B', 'A84B', 'C90B']	22	1.0090799	-0.8749604	0.13412476	-0.8749552
BCCDDDCDCBDDDCDDABCDABCABDBACBDCAACDBBCABACBCCABCACBCCCCCBDBACDBBBCBCBBCCCCADAACCCBBBADBCBAABBBCCBB	['D10B', 'D35C', 'C37B', 'A63D', 'A71B', 'A74C', 'A84B', 'C90B', 'A93B']	9	-0.8073516	-3.7434554	-1.6885424	-0.8811908
BCCDDDCDCBDDDCDDABCDABCABDBACBDCAACDBBCABACBCCABCACBCCCCCBDBACDBBBCBCBBCCCCADAACCCBBBADBCBAABBBCCBB	['D10B', 'D35C', 'C37B', 'A63D', 'A71B', 'A74C', 'A84B', 'C90B', 'A93B']	9	-0.8073516	-3.7434554	-1.6885424	-0.8811908
AAADDDCDCDDBDCDDABDAABCABDBACBDCAADACBCACACBCCABCACBCCCCCBDBACCBBBCBCBADCCCADAACCCBABADBCCAAABBCCBB	['B1A', 'C2A', 'C3A', 'D12B', 'C19D', 'D20A', 'D36A', 'B41C', 'A63C', 'C72D', 'A74C']	11	-3.6911826	-3.7455487	-4.5744705	-0.8832879
BCCDDDCDCCDDDCCDABCBABCABDBACBDCAADACBCACACBCDABCACBCCCCCBDBACDCBBCBCBACCACADAACCCBBCADBCBADBBBCCBB	['D10C', 'D15C', 'D20B', 'D36A', 'B41C', 'C46D', 'A63D', 'B64C', 'A84B', 'B85C', 'C90B', 'A92D', 'A93B']	13	-0.9826093	-3.749566	-1.8699055	-0.8872962
BCCDDDCDCCDDDCCDABCBABCABDBACBDCAADACBCACACBCDABCACBCCCCCBDBACDCBBCBCBACCACADAACCCBBCADBCBADBBBCCBB	['D10C', 'D15C', 'D20B', 'D36A', 'B41C', 'C46D', 'A63D', 'B64C', 'A84B', 'B85C', 'C90B', 'A92D', 'A93B']	13	-0.9826093	-3.749566	-1.8699055	-0.8872962
BCCDDDCDCBADBCCDADCAABCABDBACBDCAADDBBCABACBCBABCACBCDCCCBDCADDBBBCBCBBCCACADAACCBBABADBCBAAABBCCBB	['D10B', 'D11A', 'D13B', 'D15C', 'B18D', 'D20A', 'C37B', 'C46B', 'C54D', 'B60C', 'C62D', 'A63D', 'A71B', 'C82B', 'C90B']	15	3.0895643	1.9742813	2.2015858	-0.88797855
BCCDDDCDCADDDCCCABCDABCABDBACBDCAADDBBCABACBCCABCACBBDCCCBDBACCBBACBCBBCCACADAACCBBABADBCBBAABBCCBB	['D10A', 'D15C', 'D16C', 'C37B', 'C53B', 'C54D', 'A63C', 'B66A', 'A71B', 'C82B', 'C90B', 'A91B']	12	2.312913	1.9684839	1.4191399	-0.8937731
BCCDDDCDCCADBCCDABCAABCABDBACBDCBACABBCABACBCDABCACBCBDCDBDBADDBBBCBCBBBBACADAACCBBABADBCBAAABBCCBB	['D10C', 'D11A', 'D13B', 'D15C', 'D20A', 'A33B', 'D35C', 'D36A', 'C37B', 'C46D', 'C54B', 'C55D', 'C57D', 'C62D', 'A63D', 'A71B', 'C72B', 'C73B', 'C82B', 'C90B']	20	3.1893568	-0.056761265	2.2953205	-0.8940363
BCCDDDCDCDDDDCDDABBAABCABDBACBDCAADDCBCABACBCCABCACBCCCCCBDBACABBBCBCBBCBACADAACCCBABADBCBAAABBCCBB	['C19B', 'D20A', 'A71B', 'C73B', 'C90B']	5	-3.6095762	-3.757862	-4.5051727	-0.8955965
BCCDDDCDCDDDDCDDABBAABCABDBACBDCAADDCBCABACBCCABCACBCCCCCBDBACABBBCBCBBCBACADAACCCBABADBCBAAABBCCBB	['C19B', 'D20A', 'A71B', 'C73B', 'C90B']	5	-3.6095762	-3.757862	-4.5051727	-0.8955965
BCCDDDCDCDDDDCDDABBAABCABDBACBDCAADDCBCABACBCCABCACBCCCCCBDBACABBBCBCBBCBACADAACCCBABADBCBAAABBCCBB	['C19B', 'D20A', 'A71B', 'C73B', 'C90B']	5	-3.6095762	-3.757862	-4.5051727	-0.8955965
BCCDDDCDCCDDDCDDABCCABCABDBACBDCAACCABCABADBCDABCACBCDCCDBDBACDCBBCBDBBCCACACAACCABBCADBCCAABBBCCBB	['D10C', 'D20C', 'D35C', 'D36C', 'C37A', 'C43D', 'C46D', 'C54D', 'C57D', 'A63D', 'B64C', 'C69D', 'A71B', 'D77C', 'C82A', 'A84B', 'B85C', 'A93B']	18	2.2717848	1.5792594	1.3749256	-0.89685917
BCCDDDCDCCDDBCCDABCBABCABDBACBDCAADACBCABACBCDABCACBCCCCCBDCADDBBBCBCBDCCCCADAACCCBBBAABCBAABBBCCBB	['D10C', 'D13B', 'D15C', 'D20B', 'D36A', 'C46D', 'B60C', 'C62D', 'A63D', 'A71D', 'A74C', 'A84B', 'D87A', 'C90B', 'A93B']	15	-0.84766865	-3.7632356	-1.7486391	-0.90097046
BCCDDDCDCCDDDCCDABCCABCABDBACBDCAACACBCACACBCCABCACBCDCCCBDBACDBBBCBCBBCCACCDAACCBBABADBCCAABBBCCBB	['D10C', 'D15C', 'D20C', 'D35C', 'D36A', 'B41C', 'C54D', 'A63D', 'A71B', 'A76C', 'C82B', 'A93B']	12	2.4371352	1.9580684	1.5329428	-0.90419245
BCCDDDCDCDDDDCCDABCDABCABDBACBDCAADDCBCABACBCCABCACBCCCCCBDBADDBBBCBCBBCCCCADAACCCBBBADBCBAABBBCCBB	['D15C', 'C62D', 'A63D', 'A71B', 'A74C', 'A84B', 'C90B', 'A93B']	8	-2.3975725	-3.767344	-3.3026495	-0.905077
BCCDDDCDCCDDDCDDABCBABCABDBACBDCAACAABCACACBCDABCACBCCCCCBDBACDBBBCBCBCCCACADAACCCBBBADBCBAABBBCCBB	['D10C', 'D20B', 'D35C', 'D36A', 'C37A', 'B41C', 'C46D', 'A63D', 'A71C', 'A84B', 'C90B', 'A93B']	12	-1.2887139	-3.7695875	-2.1960325	-0.9073186
BCCDDDCDCCDDDCDDABCBABCABDBACBDCAACAABCACACBCDABCACBCCCCCBDBACDBBBCBCBCCCACADAACCCBBBADBCBAABBBCCBB	['D10C', 'D20B', 'D35C', 'D36A', 'C37A', 'B41C', 'C46D', 'A63D', 'A71C', 'A84B', 'C90B', 'A93B']	12	-1.2887139	-3.7695875	-2.1960325	-0.9073186
BCCDDDCDCCDDDCDDABCBABCABDBACBDCAACAABCACACBCDABCACBCCCCCBDBACDBBBCBCBCCCACADAACCCBBBADBCBAABBBCCBB	['D10C', 'D20B', 'D35C', 'D36A', 'C37A', 'B41C', 'C46D', 'A63D', 'A71C', 'A84B', 'C90B', 'A93B']	12	-1.2887139	-3.7695875	-2.1960325	-0.9073186
BCCDDDCDCCADDCDDABBDABCABDBACBDCBDDDBBCABACBCDABCACBCDCCCBDBADDBBBCBBBBBBACACACCCBBABADBCBBABBBCCBB	['D10C', 'D11A', 'C19B', 'A33B', 'A34D', 'C37B', 'C46D', 'C54D', 'C62D', 'A63D', 'C69B', 'A71B', 'C72B', 'C73B', 'D77C', 'A79C', 'C82B', 'C90B', 'A91B', 'A93B']	20	2.7391677	1.9508615	1.8277693	-0.9113984
BCCDDDCDCCDDBCDCABCBABCABDBACBDCAADDCBCABACBCCABCACBCCCCCBDBADDBBBCBABACCACADAACCCBABADDCBADABBCCBB	['D10C', 'D13B', 'D16C', 'D20B', 'C62D', 'A63D', 'C69A', 'B88D', 'C90B', 'A92D']	10	-3.7477193	-3.775272	-4.6607246	-0.91300535
BCCDDDCDCBDDDCDDABCDABCABDBACBDCAADDCBCABACBCBABCACBCCCCDBDBACDBBBCBCBACCACACAACCABABADBCCAABBBCCBB	['D10B', 'C46B', 'C57D', 'A63D', 'D77C', 'C82A', 'A93B']	7	-0.14676142	-1.3005486	-1.061161	-0.9143996
AAADDDCDCCDDDCCDABCCABCABDBACBDCAACABBCACACBCCABCACBCDCCCCDBADDBBBCBCBCCCACADAACCBBABADBCBAABBBCCBB	['B1A', 'C2A', 'C3A', 'D10C', 'D15C', 'D20C', 'D35C', 'D36A', 'C37B', 'B41C', 'C54D', 'B58C', 'C62D', 'A63D', 'A71C', 'C82B', 'C90B', 'A93B']	18	3.3955731	1.9456115	2.478922	-0.91665125
BCCDDDCDCCDDDCDDABCDABCABDBACBDCAACACBCABACBCCABCACBCCCCCBDBADDBBBBBCBBCBACADAACCCBBBADBCBAAABBCCBB	['D10C', 'D35C', 'D36A', 'C62D', 'A63D', 'C67B', 'A71B', 'C73B', 'A84B', 'C90B']	10	-0.8277235	-3.7796264	-1.7450829	-0.91735935
BCCDDDCDCCDDDCCCABCBABCABDBACBDCAADABBCABACBCCABCACBBDCCCBDBACCBBBCBCBBCAACADAACCBBABADBCBAAABBCCBB	['D10C', 'D15C', 'D16C', 'D20B', 'D36A', 'C37B', 'C53B', 'C54D', 'A63C', 'A71B', 'C73A', 'C82B', 'C90B']	13	2.4605355	1.9431081	1.5413866	-0.9191489
BCCDDDCDCBDDDCDDABCDABCABDBACBDCAADDABCABACBCBABCACBCCCCCBDBACDBBBCBCBACCACACAACCABABADBCCAABBBCCBB	['D10B', 'C37A', 'C46B', 'A63D', 'D77C', 'C82A', 'A93B']	7	-0.3480034	-1.3068419	-1.2686987	-0.9206953
BCCDDDCDCDDDDCDDABCDABCABDBACBDCAACACBCACACBCCABCACBCCCCDBDBACDBBBCBCBADCACADAACCCBABADBCBAABBBCCBB	['D35C', 'D36A', 'B41C', 'C57D', 'A63D', 'C72D', 'C90B', 'A93B']	8	-3.5248585	-3.7835088	-4.4460974	-0.9212389
BCCDDDCDCCDDBCDDABDCABCABDBACBDCAACABBCABACBCCABCACBCACCCBDBADDBBACBCBDCCACADAACCABABADBCCAAABBCCBB	['D10C', 'D13B', 'C19D', 'D20C', 'D35C', 'D36A', 'C37B', 'C54A', 'C62D', 'A63D', 'B66A', 'A71D', 'C82A']	13	2.468525	1.6380167	1.5470915	-0.92143345
BCCDDDCDCCDDBCDDABCDABCABDBACBDCBADDCBCABACBCCABCACBCACCCCDBADDBBACBCBBCCACADAACCBBABADBCBAAABBCCBB	['D10C', 'D13B', 'A33B', 'C54A', 'B58C', 'C62D', 'A63D', 'B66A', 'A71B', 'C82B', 'C90B']	11	3.1887672	2.019309	2.2624846	-0.92628264
BCCDDDCDCDDDDCDDADCDABCABDBACBDCAACACBCABACBCCABCACBCCCCCBDBACDCBBCBCBACCACADAACCCBABADBCCAAABBCCBB	['B18D', 'D35C', 'D36A', 'A63D', 'B64C']	5	-3.7464418	-3.7939968	-4.678172	-0.9317303
BCCDDDCDCCDDDCDDABCBABCABDBACBDCAADDCBCABACBCBABCACBCCCCCBDBADDBBBCBCBACAACADACCABBABADBCBAABBBCCBB	['D10C', 'D20B', 'C46B', 'C62D', 'A63D', 'C73A', 'A79C', 'C81A', 'C82B', 'C90B', 'A93B']	11	0.66028786	-0.93346167	-0.27317047	-0.9334583
AAADDDCDCDDDDCDDABADABCABDBACBDCCADACBCABACBCCABCACBCCCCCBDBADDBBBCBCCCACACADAACCCBABADBCBAAABBCCBB	['B1A', 'C2A', 'C3A', 'C19A', 'A33C', 'D36A', 'C62D', 'A63D', 'B70C', 'A71C', 'C72A', 'C90B']	12	-1.9769096	-3.7974896	-2.9121332	-0.9352236
BCCDDDCDCCDDDCCDABCCABCABDBACBDCAACAABCABACBCCABCACBCCCCCBDBADDBBBCBCBCCBACADAACCCBBBADBCBAAABBCCBB	['D10C', 'D15C', 'D20C', 'D35C', 'D36A', 'C37A', 'C62D', 'A63D', 'A71C', 'C73B', 'A84B', 'C90B']	12	-1.0101919	-3.8001838	-1.9481068	-0.93791485
BCCDDDCDCBDDBCDDABCDABCABDBACBDCCADBCBCABACBCCABCACBCCCCCBDBADDBBBCBCBACCACADAACCCBABADDCCAAABBCCBB	['D10B', 'D13B', 'A33C', 'D36B', 'C62D', 'A63D', 'B88D']	7	-3.1886969	-3.8035917	-4.13002	-0.9413233
AAADDDCDCBDDDCCDABCBABCABDBACBDCAADDCBCABACBCBABCACBCDCCCBDBACDCBBDBABBCDACADAACCCBBBADBCBAABBBCCBB	['B1A', 'C2A', 'C3A', 'D10B', 'D15C', 'D20B', 'C46B', 'C54D', 'A63D', 'B64C', 'C67D', 'C69A', 'A71B', 'C73D', 'A84B', 'C90B', 'A93B']	17	1.2411861	-0.94369173	0.29749775	-0.9436884
AAADDDCDCBDDDCCDABCBABCABDBACBDCAADDCBCABACBCBABCACBCDCCCBDBACDCBBDBABBCDACADAACCCBBBADBCBAABBBCCBB	['B1A', 'C2A', 'C3A', 'D10B', 'D15C', 'D20B', 'C46B', 'C54D', 'A63D', 'B64C', 'C67D', 'C69A', 'A71B', 'C73D', 'A84B', 'C90B', 'A93B']	17	1.2411861	-0.94369173	0.29749775	-0.9436884
AAADDDCDCDDDDCDDABCDABCABDBACBDCAACDABCACACBCCABCACBCCCCCBDBADDBBBCBCBCCCACACAACCCBABADBCCAABBBCCBB	['B1A', 'C2A', 'C3A', 'D35C', 'C37A', 'B41C', 'C62D', 'A63D', 'A71C', 'D77C', 'A93B']	11	-3.303567	-3.8075676	-4.248866	-0.94529915
AAADDDCDCDDADCDDABCDABCABDBACBDCAACACBCACACBCCABCACBCCCCDBDBACDBBBCBCBACCACADAACCCBABADBCCAAABBCCBB	['B1A', 'C2A', 'C3A', 'D12A', 'D35C', 'D36A', 'B41C', 'C57D', 'A63D']	9	-3.469627	-3.8089156	-4.41628	-0.9466529
BCCDDDCDCCDDDCDDABCCABCABDBACBDCAACABBCABACBCCABCACBCCCCCBDCADDBBBCBCBCCCACACAACCCBBBADBCBAABBBCCBB	['D10C', 'D20C', 'D35C', 'D36A', 'C37B', 'B60C', 'C62D', 'A63D', 'A71C', 'D77C', 'A84B', 'C90B', 'A93B']	13	-0.51462364	-3.8090758	-1.4614305	-0.9468069
BCCDDDADCCDDDCDDABCDABCABDBACBDCAADDCBCABACBCCABCACBCCCCCBDBADDBBBCBCBBDBACACAACCCBBBADBCBAAABBCCBA	['C7A', 'D10C', 'C62D', 'A63D', 'A71B', 'C72D', 'C73B', 'D77C', 'A84B', 'C90B', 'B99A']	11	-2.2207217	-3.8107748	-3.1692305	-0.94850874
BCCDDDCDCCDDBCDDABCAABCABDBACBDCAADDCBCABACBCDABCACBCCCCCBDBACACBBBBCBACCACACAACCCBABADBCBAAABBCCBB	['D10C', 'D13B', 'D20A', 'C46D', 'B64C', 'C67B', 'D77C', 'C90B']	8	-3.32024	-3.8147926	-4.272765	-0.95252514
AAADDDCDCCDDBCDDABCAABCABDBACBDCAADDCBCABACBCCABCACBCCCCCBDBADDBBBCBCBCCBACADAACCCBABADBCBAAABBCCBB	['B1A', 'C2A', 'C3A', 'D10C', 'D13B', 'D20A', 'C62D', 'A63D', 'A71C', 'C73B', 'C90B']	11	-2.08534	-3.8150811	-3.0381508	-0.95281076
BCCDDDCDCCDDDCDDABDDABCABDBACBDCAADDCBCABACBCDABCACBCCCCCBDBADDBBBCBCBBCCACADAACCABACADDCCAABBBCCBB	['D10C', 'C19D', 'C46D', 'C62D', 'A63D', 'A71B', 'C82A', 'B85C', 'B88D', 'A93B']	10	-0.3403244	-1.3459167	-1.3000917	-0.95976734
BCCDDDCDCCDDBDDDABCDABCABDBACBDCAADDCBCABACBCDABCACBCCCCCBDBACDBBBCBCBACCACCDAACCCBBBADBBCAAABBCCBB	['D10C', 'D13B', 'C14D', 'C46D', 'A63D', 'A76C', 'A84B', 'C89B']	8	-2.1542602	-3.8317113	-3.123703	-0.96944284
BCCDDDCDCDDDDCCDABCDABCABDBACBDCAADDCBCABACBCBABCACBCCCCCBDBACDBBBCBCBACCACADAACCABACADBCCAABBBCCBB	['D15C', 'C46B', 'A63D', 'C82A', 'B85C', 'A93B']	6	-1.0234513	-1.3556514	-1.9929543	-0.9695029
BCCDDDCDCDDDDCCDABCDABCABDBACBDCAADACBCABACBCBABCACBCCCCCBDBACDBBBCBCAACCACADAACCBBABADBCCAAABBCCBB	['D15C', 'D36A', 'C46B', 'A63D', 'B70A', 'C82B']	6	-0.5341153	-0.972538	-1.5066481	-0.97253275
BCCDDDCDCDDDDCCDABCDABCABDBACBDCAADACBCABACBCBABCACBCCCCCBDBACDBBBCBCAACCACADAACCBBABADBCCAAABBCCBB	['D15C', 'D36A', 'C46B', 'A63D', 'B70A', 'C82B']	6	-0.5341153	-0.972538	-1.5066481	-0.97253275
BCCDDDCDCCDDDCDDABCDABBABDBACBDCAADDCBCABACBCBABCACBCDCCDBDBACDBBBCBCBBCCACADAACCBBBBADBCBADABBCCBB	['D10C', 'C23B', 'C46B', 'C54D', 'C57D', 'A63D', 'A71B', 'C82B', 'A84B', 'C90B', 'A92D']	11	2.151617	1.8834858	1.1728458	-0.9787712
AAADDDCDCCDDDCDDABCDABCDBDBACBDCAACDBBCABACBCDABCACBCDCCCBDBACDBBBCBCBBCCACADAACCBBBBADBCCAABBBCCBB	['B1A', 'C2A', 'C3A', 'D10C', 'A24D', 'D35C', 'C37B', 'C46D', 'C54D', 'A63D', 'A71B', 'C82B', 'A84B', 'A93B']	14	3.110578	1.8779731	2.1262922	-0.98428583
AAADDDCDCDDDDCDDABCDABCABDBACBDCAACDCBCABACBCCABCACBCCCCCBDBACDBBBCBCBACCACADAACCCBABADBCCAABBBCCBB	['B1A', 'C2A', 'C3A', 'D35C', 'A63D', 'A93B']	6	-3.6909976	-3.8522959	-4.6810284	-0.99003077
BCCDDDCDCCDDBCDDABCDABCABDBACDDCAACACBCABACBCCABCACBCCCCCBDCADCCBBCBCBCCCACADAACCCBABADBCCBAABBCCBB	['D10C', 'D13B', 'B30D', 'D35C', 'D36A', 'B60C', 'C62D', 'A63C', 'B64C', 'A71C', 'A91B']	11	-2.408924	-3.8545694	-3.401225	-0.992301
BCCDDDCDCCDDDCDDABCDABCABDBACBDCAACDBBCABACBBCABCACBCCCCCBDBACDBBBCBCBADDACACAACCDBABADBCCAABBBCCBB	['D10C', 'D35C', 'C37B', 'C45B', 'A63D', 'C72D', 'C73D', 'D77C', 'C82D', 'A93B']	10	-2.7779465	-3.274469	-3.773179	-0.9952326
BCCDDDCDCCDDDCDDABCCABCABDBACBDCAACACBCABACBCCABCACBCDCCCBDBADDBBBCBCBBCCACADAACCBBACADBCBAABBBCCBB	['D10C', 'D20C', 'D35C', 'D36A', 'C54D', 'C62D', 'A63D', 'A71B', 'C82B', 'B85C', 'C90B', 'A93B']	12	2.6354089	1.8651204	1.6382723	-0.9971366
BCCDDDCDCBDDDCDBABCDABCABDBACBDCBADDBBCACACBCDABCACBCACCCBDBADDBBBCBCBBCDACACAACCBBABADBABAAABBCCBB	['D10B', 'D16B', 'A33B', 'C37B', 'B41C', 'C46D', 'C54A', 'C62D', 'A63D', 'A71B', 'C73D', 'D77C', 'C82B', 'C89A', 'C90B']	15	4.4489155	1.9447408	3.4480648	-1.0008507
AAADDDCDCCDDDCDDABCDABCABDBACBDCCACABBCABACBCDABCACBCDCCCCDBADCCBBCBCBBCCACCDAACCABABADBCBAABBBCCBB	['B1A', 'C2A', 'C3A', 'D10C', 'A33C', 'D35C', 'D36A', 'C37B', 'C46D', 'C54D', 'B58C', 'C62D', 'A63C', 'B64C', 'A71B', 'A76C', 'C82A', 'C90B', 'A93B']	19	3.1379862	1.4741983	2.1360712	-1.001915
BCCDDDCDCDDDDCDDABCCABCABDBACBDCAACABBCAAACBCCABCACBCDCCCBDBACDBBBCBCBBCCACADAACCBBABADBCBAAABBCCBB	['D20C', 'D35C', 'D36A', 'C37B', 'B41A', 'C54D', 'A63D', 'A71B', 'C82B', 'C90B']	10	2.5138674	1.8598065	1.5114145	-1.0024529
BCCDDDCDCCDDDCDDABCDABCABDBACBDCAACACBCABACBCCABCACBCCCCCBDBACDBBBCBABACCADADAACCCBBBADBCBAAABBCCBB	['D10C', 'D35C', 'D36A', 'A63D', 'C69A', 'C75D', 'A84B', 'C90B']	8	-2.2409053	-3.8650522	-3.2436914	-1.0027862
BCCDDDCDCCDDDCDDABCDABCABDBACBDCAADDABCACACBCDABCACBCCCCCBDBACACBBCBCBACDACACAACCCBABADBCBAABBBCCBB	['D10C', 'C37A', 'B41C', 'C46D', 'B64C', 'C73D', 'D77C', 'C90B', 'A93B']	9	-3.0218825	-3.8688092	-4.028426	-1.0065436
BCCDDDCDCCACDDDDABCDABCABDBACBDCBADDBBCABACBCDBBCACBCDCCDBDBADDBBBCBCBBCDACACAACCABACADBABAABBBCCBB	['D10C', 'D11A', 'D12C', 'C14D', 'A33B', 'C37B', 'C46D', 'A47B', 'C54D', 'C57D', 'C62D', 'A63D', 'A71B', 'C73D', 'D77C', 'C82A', 'B85C', 'C89A', 'C90B', 'A93B']	20	4.0512247	1.4620457	3.0371552	-1.0140696
BCCDDDCDCADDDCCDABDDABCABDBACBDCAACACBCABACBCCABCACBCDCCCBDCBCDBBBCBCBBCCACADAACCBBABADBCBAAABBCCBB	['D10A', 'D15C', 'C19D', 'D35C', 'D36A', 'C54D', 'B60C', 'A61B', 'A63D', 'A71B', 'C82B', 'C90B']	12	2.2747169	1.841835	1.2542934	-1.0204234
BCCDDDCDCCDDBCDDABCDABCDBDBACBDCCACABBCABACBCDABCACBCDCCDBDBACDBBBCBCBBCCACADAACCABBCADBACAABBBCCBB	['D10C', 'D13B', 'A24D', 'A33C', 'D35C', 'D36A', 'C37B', 'C46D', 'C54D', 'C57D', 'A63D', 'A71B', 'C82A', 'A84B', 'B85C', 'C89A', 'A93B']	17	3.7373347	1.4537902	2.7150106	-1.0223241
BCCDDDCDCADDDCDDABCDABCABDBACBDCAADDCBAACACBCDABCACBCCCCCBDBADDBBBCBCBBBBACACABCCCBABADBCBAABBBCCBB	['D10A', 'C39A', 'B41C', 'C46D', 'C62D', 'A63D', 'A71B', 'C72B', 'C73B', 'D77C', 'A79B', 'C90B', 'A93B']	13	-2.7362318	-3.8856168	-3.7595825	-1.0233507
AAADDDCDCADDBCDDABCDABCABDBACBDCAACDABCABACBCCABCACBCCCCDBDBACDBBBCBCBACCACADAACCCBABADBCCAABBBCCBB	['B1A', 'C2A', 'C3A', 'D10A', 'D13B', 'D35C', 'C37A', 'C57D', 'A63D', 'A93B']	10	-3.3411188	-3.886035	-4.364888	-1.0237694
BCCDDDCDCCDDDCCDABDAABCCBDBACBDCAADACBCABACBCDABCACBCDCCCBDBACDBBBCBABBCBACADAACCBBABADBCBAABBBCCBB	['D10C', 'D15C', 'C19D', 'D20A', 'A24C', 'D36A', 'C46D', 'C54D', 'A63D', 'C69A', 'A71B', 'C73B', 'C82B', 'C90B', 'A93B']	15	2.1960125	1.8371191	1.1708717	-1.0251408
BCCDDDCDCDDDDCDDABCBABCABDBACBDCAACACBCABACBCCABCACBCCCCCBDBADCBBBCBCBACCACADAACCCBABADBCBAAABBCCBB	['D20B', 'D35C', 'D36A', 'C62D', 'A63C', 'C90B']	6	-3.60815	-3.8921008	-4.6379843	-1.0298343
BCCDDDCDCCDDDCDDABCDABCABDBACBDCAADDCBCABACBCCABCACBCCCCCBDBADDBBBCBCCBCBACADAACCCBBBADBCBAABBBCCBB	['D10C', 'C62D', 'A63D', 'B70C', 'A71B', 'C73B', 'A84B', 'C90B', 'A93B']	9	-2.1313853	-3.8921156	-3.161231	-1.0298457
BCCDDDCDCCDDBDCDABCAABCABDBACBDCAACAABCACACBCCABCACBCCCCCBDBADDBBBCBCBCCBACADAACCCBABADBCBAAABBCCBB	['D10C', 'D13B', 'C14D', 'D15C', 'D20A', 'D35C', 'D36A', 'C37A', 'B41C', 'C62D', 'A63D', 'A71C', 'C73B', 'C90B']	14	-2.0359173	-3.8943968	-3.0680466	-1.0321293
BCCDDDCDCBDDBCDDABCDABCABDBACBDCBADDCBCABACBCDABCACBCBCCCBDBACDBBBCBCBBCCACCCAACCCBBBADBCBAABBBCCBB	['D10B', 'D13B', 'A33B', 'C46D', 'C54B', 'A63D', 'A71B', 'A76C', 'D77C', 'A84B', 'C90B', 'A93B']	12	0.17387152	-3.0580058	-0.8591442	-1.0330157
BCCDDDCDCDDDBDCDABCDABCABDBACBDCAACDBBCABACBCCABCACBCCCCCBDBAADBBBCBCBDCCACADAACCCBABADBCBAABBBCCBB	['D13B', 'C14D', 'D15C', 'D35C', 'C37B', 'C62A', 'A63D', 'A71D', 'C90B', 'A93B']	10	-2.7896876	-3.895327	-3.822751	-1.0330634
AAADDDCDCDDDBCDDABCDABCABDBACBDCAADACBCABACBCCABCACBCCCCCBDBADACBBCBCBACCACADAACCCBABADBCCAAABBCCBB	['B1A', 'C2A', 'C3A', 'D13B', 'D36A', 'C62D', 'B64C']	7	-3.6636028	-3.8998933	-4.701231	-1.0376282
BCCDDDCDCCDDDCDDABCDABCABDBACBDCAADDCBCABACBCDAACACBCCCCCBDBADCBBBCBCBBCCACACAACCBBBBADBCBAABBBCCBA	['D10C', 'C46D', 'B48A', 'C62D', 'A63C', 'A71B', 'D77C', 'C82B', 'A84B', 'C90B', 'A93B', 'B99A']	12	1.2960577	-1.0425096	0.2535534	-1.0425043
BCCDDDCDCDDDBCDDABCAABCABDBACBDCAACACBCABACBCCABCACBCCCCCBDBACDBBBCBCBBCCACADAACCCBABADBCCAABBBCCBB	['D13B', 'D20A', 'D35C', 'D36A', 'A63D', 'A71B', 'A93B']	7	-2.9200268	-3.9075584	-3.9653206	-1.0452938
AAADDDCACBDDBCCDABCCABCABDBACBDDBACACBCABAABCDBBCACBCDCCDBDCACDBBBCBCBBCCACADABCCCBBBADBABAAABBCCBB	['B1A', 'C2A', 'C3A', 'D8A', 'D10B', 'D13B', 'D15C', 'D20C', 'C32D', 'A33B', 'D35C', 'D36A', 'C43A', 'C46D', 'A47B', 'C54D', 'C57D', 'B60C', 'A63D', 'A71B', 'A79B', 'A84B', 'C89A', 'C90B']	24	1.4709	-1.0479751	0.42292786	-1.0479722
BCCDDDCDCDDDDCDDABCDABCABDBACBDCAACACBCABACBCCABCACBCCCCCBDBADCCBBCBCBACCACADAACCCBABADBCBAAABBCCBB	['D35C', 'D36A', 'C62D', 'A63C', 'B64C', 'C90B']	6	-3.7542658	-3.9172525	-4.809252	-1.054986
BCCDDDCDCCDDDCDDABCCABCABDBACBDCAACABBCABACBCDABCACBCDCCCCDBADDBBBBBABBCCACADAACCABBCADBCBAAABBCCBB	['D10C', 'D20C', 'D35C', 'D36A', 'C37B', 'C46D', 'C54D', 'B58C', 'C62D', 'A63D', 'C67B', 'C69A', 'A71B', 'C82A', 'A84B', 'B85C', 'C90B']	17	4.159059	1.4178395	3.1007833	-1.0582757
AAADDDCDCCDBDCCDABAAABCABDBACBDCAADACBCABACBCDBBCACBCBCCCCDBACDBBBCBCBBCBACADAACCCBBCADBCBAAABBCCBB	['B1A', 'C2A', 'C3A', 'D10C', 'D12B', 'D15C', 'C19A', 'D20A', 'D36A', 'C46D', 'A47B', 'C54B', 'B58C', 'A63D', 'A71B', 'C73B', 'A84B', 'B85C', 'C90B']	19	0.2893715	-3.0854974	-0.7711344	-1.0605059
BCCDDDCDCADDDCDDABCAABCABDBACBDCAADACBCABACBCDABCACBCCCCCBDBACDBBBCBCBBCCACCDAACCCBBBADBCCAAABBCCBB	['D10A', 'D20A', 'D36A', 'C46D', 'A63D', 'A71B', 'A76C', 'A84B']	8	-1.2014322	-3.9287567	-2.2679195	-1.0664873
BCCDDDCDCCDDDCDDAACCABCABDBACBDCCACAABCABACBCCABCACBCDCCCBDBACDBBBCBCBACCACADAACCABABADBDBAABBBCCBB	['D10C', 'B18A', 'D20C', 'A33C', 'D35C', 'D36A', 'C37A', 'C54D', 'A63D', 'C82A', 'C89D', 'C90B', 'A93B']	13	1.4143634	1.4083743	0.34662342	-1.06774
BCCDDDCDCADBDCCDABDAABCABDBACDDCAADDCBCABACBCCABCACBCCCCCBDBACDBBBCBCBBCCACADAACCCBABADCCCAAABBCCBB	['D10A', 'D12B', 'D15C', 'C19D', 'D20A', 'B30D', 'A63D', 'A71B', 'B88C']	9	-3.3758178	-3.9378371	-4.4513884	-1.0755706
BCCDDDCDCCDDBCDDABCDABCABDBACBDCAADDCBCABACBCDABCACBCCCCCBDBACDBBBCBCBBCBACACAACCCBBBADBCBAABBBCCBB	['D10C', 'D13B', 'C46D', 'A63D', 'A71B', 'C73B', 'D77C', 'A84B', 'C90B', 'A93B']	10	-2.3022733	-3.9405675	-3.3805714	-1.0782981
BCCDDDCDCDDDDCDDABCDABCDBDBACBDCAADDABCABACBCDABCACBCCCCCBDBACACCBCBCBACCACADAACCABABADBCCAABBBCCBB	['A24D', 'C37A', 'C46D', 'B64C', 'B65C', 'C82A', 'A93B']	7	-1.3164392	-1.4644623	-2.3947554	-1.0783162
BCCDDDCDCDDDDCDDABCAABCABDBACBDCAACACBCABACBCCABCACBCCCCCBDCADDBBBCBABBCBACADAACCCBABADBCBAAABBCCBB	['D20A', 'D35C', 'D36A', 'B60C', 'C62D', 'A63D', 'C69A', 'A71B', 'C73B', 'C90B']	10	-1.7590284	-3.9441624	-2.8409176	-1.0818892
AAADDDCDCDDDDCDDABCDABCABDBACBDCAACDCBCABACBCCABCACBCCCCDBDBACDBBBCBCBACCACADAACCCBABADBCCAABBBCCBB	['B1A', 'C2A', 'C3A', 'D35C', 'C57D', 'A63D', 'A93B']	7	-3.6688442	-3.9446592	-4.751234	-1.0823898
BCCDDDCDCCDDDCDDABCDABCABDBACBDCAADDCBCABACBCDABCACBCCCCCBDBACABBBCBCBACCACCDAACCCBBBADBCCAAABBCCBB	['D10C', 'C46D', 'A76C', 'A84B']	4	-2.9142337	-3.945973	-3.9979353	-1.0837016
BCCDDDCDCCDDDCDDABCDABCABDBACBDCAADDCBCABACBCCABCACBCCCCCBDBACDBBBCBCBCCCACACAACCCBBBADBCBAAABBCCBB	['D10C', 'A63D', 'A71C', 'D77C', 'A84B', 'C90B']	6	-2.4545336	-3.9482431	-3.540512	-1.0859785
BCCDDDCDCDDDBCCDABCAABCABDBACBDCAADDCBCABACBCCABCACBCCCCDBDBACDBBBCBCBBCBACADAACCCBABADBCBAAABBCCBB	['D13B', 'D15C', 'D20A', 'C57D', 'A63D', 'A71B', 'C73B', 'C90B']	8	-3.2622561	-3.9501786	-4.350174	-1.0879178
BCCDDDCDCCDDDCDDABCDABCABDBACDDCAACCDBCACACBCCABCACBCCCCCBDBADCBBBCBCBBDCACADAACCCBABADCCCAABBBCCBB	['D10C', 'B30D', 'D35C', 'D36C', 'C37D', 'B41C', 'C62D', 'A63C', 'A71B', 'C72D', 'B88C', 'A93B']	12	-3.4882655	-3.9517546	-4.577754	-1.0894885
AAADDDCDCDDDDCDDABCDABCABDBACBDCAACDCBCABACBCCABCACBCCCCCBDBACDBBBCBCBACCACACAACCCBABADBCCAAABBCCBB	['B1A', 'C2A', 'C3A', 'D35C', 'A63D', 'D77C']	6	-3.8860044	-3.9541578	-4.9778976	-1.0918932
BCCDDDCDCDDDDCDDABCDABCABDBACBDCAADDCBCABACBCCABCACBCCCCDBDBACDBBBCBCBBCCACADAACCCBBBADBCBAAABBCCBB	['C57D', 'A63D', 'A71B', 'A84B', 'C90B']	5	-2.6759233	-3.9546466	-3.7683039	-1.0923805
BCCDDDCDCDDDDCDDABCDABCABDBACBDCAADDCBCABACBCCABCACBCCCCDBDBACDBBBCBCBBCCACADAACCCBBBADBCBAAABBCCBB	['C57D', 'A63D', 'A71B', 'A84B', 'C90B']	5	-2.6759233	-3.9546466	-3.7683039	-1.0923805
BCCDDDCDCDDDDCDDABCDABCABDBACBDCAADDCBCABACBCCABCACBCCCCDBDBACDBBBCBCBBCCACADAACCCBBBADBCBAAABBCCBB	['C57D', 'A63D', 'A71B', 'A84B', 'C90B']	5	-2.6759233	-3.9546466	-3.7683039	-1.0923805
BCCDDDCDCDDDBCDDABCDABCABDBACBDCAACDBBCABACBCDABCACBCCCCCBDBDCDCBBCBCBACCACCCAACCCBABADBCCAAABBCCBB	['D13B', 'D35C', 'C37B', 'C46D', 'A61D', 'A63D', 'B64C', 'A76C', 'D77C']	9	-3.7319746	-3.955421	-4.8251314	-1.0931568
BCCDDDCDCDDDDCDDABCDABCABDBACBDCAACABBCABACBCCABCACBCCCCCBDBDCCBBBCBCBAACACADAACCCBABADBCBAAABBCCBB	['D35C', 'D36A', 'C37B', 'A61D', 'A63C', 'C72A', 'C90B']	7	-3.7347445	-3.9556866	-4.8281584	-1.0934138
BCCDDDCDCCDDBCDDABCDABCCBDBACBDCBADDCBCACACBCDABCACBCBDCCBDBADDBBBCBCBDDDACACAACCBBABADBCBAABBBCCBB	['D10C', 'D13B', 'A24C', 'A33B', 'B41C', 'C46D', 'C54B', 'C55D', 'C62D', 'A63D', 'A71D', 'C72D', 'C73D', 'D77C', 'C82B', 'C90B', 'A93B']	17	3.0639575	-0.2567129	1.9699678	-1.0939896
BCCDDDCDCCDDDCDDABBDABCABDBACBDCAADDCBCABACBCCABCACBCCCCCBDCACDCBBCBCBBACACADACCCCBBBADBCBAABBBCCBB	['D10C', 'C19B', 'B60C', 'A63D', 'B64C', 'A71B', 'C72A', 'A79C', 'A84B', 'C90B', 'A93B']	11	-1.0159297	-3.9566684	-2.1103287	-1.094399
BCCDDDCDCCDDBCDDABCCABCABDBACBDCBADACBCABACBCCABCACBCDCCCBDBADDABBCBCBBCCCCADAACCABBBADBCBAABBCCCBB	['D10C', 'D13B', 'D20C', 'A33B', 'D36A', 'C54D', 'C62D', 'A63D', 'B64A', 'A71B', 'A74C', 'C82A', 'A84B', 'C90B', 'A93B', 'B95C']	16	3.3999052	1.3802967	2.3040829	-1.0958223
AAADDDCDCDDDDCDDABBDABCABDBACBDCAACDABCABACBCCABCACBCCCCCBDBACABBBCBCBACCCCADAACCCBACADBCCAAABBCCBB	['B1A', 'C2A', 'C3A', 'C19B', 'D35C', 'C37A', 'A74C', 'B85C']	8	-3.6921024	-3.9625735	-4.7924137	-1.1003113
BCCDDDCDCDDDBCDDABCDABCABDBACBDCAACACBCABACBCCABCACBCCCCCBDBADDCBBCBCBACCCCADAACCCBABADBCBAAABBCCBB	['D13B', 'D35C', 'D36A', 'C62D', 'A63D', 'B64C', 'A74C', 'C90B']	8	-3.298191	-3.9625878	-4.398512	-1.1003208
BCCCDDCDCDDBDCDDABCAABCABDBACBDCAADDCBCABACBCDABCACBCCCCCBDBACDCBBCBCBACCCCADAACCCBABADBCBAABBBCCBB	['D4C', 'D12B', 'D20A', 'C46D', 'A63D', 'B64C', 'A74C', 'C90B', 'A93B']	9	-3.5356479	-3.9709325	-4.644314	-1.108666
BCCDDDCDCCDDDCDDABCDABCABDBACDDCAACACBCACACBBCABCACBCCCCCBDCCDDBBBCBCBACCACADAACCCBABADCCCAABBBCCBB	['D10C', 'B30D', 'D35C', 'D36A', 'B41C', 'C45B', 'B60C', 'A61C', 'C62D', 'A63D', 'B88C', 'A93B']	12	-3.7341852	-3.9713268	-4.8432455	-1.1090603
AAADDDCDCBADDCCBABCAABCABDBACBDDAADDCBCABACBCDBBCACBDBCCCCDBACDBBBCBCBACBDCACAACCCBBCADBABAAABBCCBB	['B1A', 'C2A', 'C3A', 'D10B', 'D11A', 'D15C', 'D16B', 'D20A', 'C32D', 'C46D', 'A47B', 'C53D', 'C54B', 'B58C', 'A63D', 'C73B', 'A74D', 'D77C', 'A84B', 'B85C', 'C89A', 'C90B']	22	-0.94196653	-3.1371827	-2.054165	-1.1121984
AAADDACDCCDDDCDDABCDABCABDBACBDCAADDCBCACACBCDABCACBCBCCCBDCADDBBBCBCBBCCACCCAACCABABADBCCAABBBCCBB	['B1A', 'C2A', 'C3A', 'D6A', 'D10C', 'B41C', 'C46D', 'C54B', 'B60C', 'C62D', 'A63D', 'A71B', 'A76C', 'D77C', 'C82A', 'A93B']	16	1.5202928	-0.66357803	0.40558338	-1.1147094
BCCDDDCDCCDDDDCDABCACBCABDBACBDCAADDCBCABACBCDAACACBCACCCBDBBCDBBBCBCBDCCACACAACCBBBCADBCCAABBBCCBB	['D10C', 'C14D', 'D15C', 'D20A', 'A21C', 'C46D', 'B48A', 'C54A', 'A61B', 'A63D', 'A71D', 'D77C', 'C82B', 'A84B', 'B85C', 'A93B']	16	2.4459064	1.8279037	1.3282185	-1.117688
AAADDDCDCBDDDCDDABCCABCABDBACBDCBACACBCABADBCCABCACBCBCCDBDBADDBBCCBCBBADACADAACCCBBBADBCBAAABBCCBB	['B1A', 'C2A', 'C3A', 'D10B', 'D20C', 'A33B', 'D35C', 'D36A', 'C43D', 'C54B', 'C57D', 'C62D', 'A63D', 'B66C', 'A71B', 'C72A', 'C73D', 'A84B', 'C90B']	19	4.623398	-3.14578	3.5026083	-1.1207895
BCCDDDCDCDDDDCDDABBAABCABDBACBDCAADACBCABACBCDABCACBCCCCCCDBADCCBBCBCBACCACACAACCCBABADBCBAABBBCCBB	['C19B', 'D20A', 'D36A', 'C46D', 'B58C', 'C62D', 'A63C', 'B64C', 'D77C', 'C90B', 'A93B']	11	-3.256228	-3.9835832	-4.3775454	-1.1213174
BCCDDDCDCDDDBCDDABCDABCABDBACBDCAADDCBCABACBCDABCACBCCCCCBDCACDCBBCBCBACCACACAACCCBABADBCBAABBBCCBB	['D13B', 'C46D', 'B60C', 'A63D', 'B64C', 'D77C', 'C90B', 'A93B']	8	-3.9256725	-3.9875221	-5.05093	-1.1252575
BCCDDDCDCCDDDCDDABCCABCABDBACBDCAADAABCACACBCDABCACBCDDCCCDBACDBBBCBCBACCACADAACCBBBBADBCCAAABBCCBB	['D10C', 'D20C', 'D36A', 'C37A', 'B41C', 'C46D', 'C54D', 'C55D', 'B58C', 'A63D', 'C82B', 'A84B']	12	1.9515533	1.7314386	0.8207321	-1.1308212
BCCDDDCDCCDDDCDDABCCABCABDBACBDCAACACBCABACBCCABCACBCCCCCBDCADDBBBCBABBDBACADAACCBBABADBCBAAABBCCBB	['D10C', 'D20C', 'D35C', 'D36A', 'B60C', 'C62D', 'A63D', 'C69A', 'A71B', 'C72D', 'C73B', 'C82B', 'C90B']	13	2.6109	-1.1314664	1.4794369	-1.131463
AAADDDCDCCABBCDDABAAABCABDBACBDCAADACBCACACBCBABCACBBDCCCBDBADDBBBCBCBDCCCCADAACCBBABADBABACABBCCBB	['B1A', 'C2A', 'C3A', 'D10C', 'D11A', 'D12B', 'D13B', 'C19A', 'D20A', 'D36A', 'B41C', 'C46B', 'C53B', 'C54D', 'C62D', 'A63D', 'A71D', 'A74C', 'C82B', 'C89A', 'C90B', 'A92C']	22	4.0945864	1.7306862	2.9630108	-1.1315756
BCCDDDCDCADDBCCCABCAABCABDBACBDCAADCCBCABACBCCABCACBCCCCCBDBADCABBCBCBBCCACACAACCCBABADBCBAABBBCCBB	['D10A', 'D13B', 'D15C', 'D16C', 'D20A', 'D36C', 'C62D', 'A63C', 'B64A', 'A71B', 'D77C', 'C90B', 'A93B']	13	-2.6492844	-3.9938755	-3.7808962	-1.1316118
BCCDDDCDCADDBCCCABCAABCABDBACBDCAADCCBCABACBCCABCACBCCCCCBDBADCABBCBCBBCCACACAACCCBABADBCBAABBBCCBB	['D10A', 'D13B', 'D15C', 'D16C', 'D20A', 'D36C', 'C62D', 'A63C', 'B64A', 'A71B', 'D77C', 'C90B', 'A93B']	13	-2.6492844	-3.9938755	-3.7808962	-1.1316118
BCCDDDCDCADDBCCCABCAABCABDBACBDCAADCCBCABACBCCABCACBCCCCCBDBADCABBCBCBBCCACACAACCCBABADBCBAABBBCCBB	['D10A', 'D13B', 'D15C', 'D16C', 'D20A', 'D36C', 'C62D', 'A63C', 'B64A', 'A71B', 'D77C', 'C90B', 'A93B']	13	-2.6492844	-3.9938755	-3.7808962	-1.1316118
BCCCDDCDCBDDDCDDABBCABCABDBACBDCAADACBCACACBCDABCACBCDCCCBDBADDABBCBCBBACACCDAACCBBABADBCCAABBBCCBB	['D4C', 'D10B', 'C19B', 'D20C', 'D36A', 'B41C', 'C46D', 'C54D', 'C62D', 'A63D', 'B64A', 'A71B', 'C72A', 'A76C', 'C82B', 'A93B']	16	3.5478292	1.7287607	2.4143276	-1.1335015
BCCDDDCDCCDDBCDDABCDABCABDBACBDCBADDBBCABACBCBABCACBCDCCCBDCACDBBBCBCBBCCCCACAACCBBBBADBCBAABBBCCBB	['D10C', 'D13B', 'A33B', 'C37B', 'C46B', 'C54D', 'B60C', 'A63D', 'A71B', 'A74C', 'D77C', 'C82B', 'A84B', 'C90B', 'A93B']	15	2.9470448	1.7279277	1.8127136	-1.1343312
BCCDDDCDCBDDDCDDABCDABCABDBACBDCAADDCBCABACBCDABCACBCDCCCBDBACDBBBCBABBCCACADAACCBBABADBCBAABBBCCBB	['D10B', 'C46D', 'C54D', 'A63D', 'C69A', 'A71B', 'C82B', 'C90B', 'A93B']	9	1.7348566	1.7260294	0.59862614	-1.1362305
BCCDDDCDCBDDDCDDABCDABCABDBACBDCAADDCBCABACBCDABCACBCDCCCBDBACDBBBCBABBCCACADAACCBBABADBCBAABBBCCBB	['D10B', 'C46D', 'C54D', 'A63D', 'C69A', 'A71B', 'C82B', 'C90B', 'A93B']	9	1.7348566	1.7260294	0.59862614	-1.1362305
BCCDDDCDCDDDDCDDABCDABCABDBACDDCDADDCBCABACBACABCACBCCCCCBDBACABBBCBCBBCCACADAACCCBABADBCCAAABBCCBB	['B30D', 'A33D', 'C45A', 'A71B']	4	-3.7232761	-3.9988089	-4.8598166	-1.1365404
AAADDDCDCDDDDCDDABCAABCABDBACBDCAADDABCABACBCDABCACBCCCCCBDBACDBBBCBCBCCCACACAACCCBABADBCBAAABBCCBB	['B1A', 'C2A', 'C3A', 'D20A', 'C37A', 'C46D', 'A63D', 'A71C', 'D77C', 'C90B']	10	-3.1485376	-3.9988875	-4.285157	-1.1366196
BCCDDDCDCDDDDCDDABCCABCABDBACBDCAACAABCACACBCCABCACBBCCCCBDBACDBBBCBABBCCACADAACCBBABADBCBAAABBCCBB	['D20C', 'D35C', 'D36A', 'C37A', 'B41C', 'C53B', 'A63D', 'C69A', 'A71B', 'C82B', 'C90B']	11	2.090035	-1.1375208	0.9525194	-1.1375155
BCCDDDCDCCDDDCDDADCAABCABDBACBDCAADDCBCABACBCCABCACBCCCCDBDBACDBBBCBCBDCBACACAACCCBABADBCBAABBBCCBB	['D10C', 'B18D', 'D20A', 'C57D', 'A63D', 'A71D', 'C73B', 'D77C', 'C90B', 'A93B']	10	-2.4195518	-4.002503	-3.559784	-1.1402321
BCCDDDCDCCDDDCDDABCCABCABDBACBDCAACAABCACACBCCABCACBCDCCCBDCADDBBBCBCBCCCACACAACCCBBBADBCBAABBBCCBB	['D10C', 'D20C', 'D35C', 'D36A', 'C37A', 'B41C', 'C54D', 'B60C', 'C62D', 'A63D', 'A71C', 'D77C', 'A84B', 'C90B', 'A93B']	15	-0.62940836	-1.1490884	-1.778492	-1.1490836
AAADDDCDCCACBDDDABCBABCABDBACBDCBACACBCABADBCCABCACBCDCCCBDBADDBBBCBCBBCCACADAACCBBBBADBABCDABBCCBB	['B1A', 'C2A', 'C3A', 'D10C', 'D11A', 'D12C', 'D13B', 'C14D', 'D20B', 'A33B', 'D35C', 'D36A', 'C43D', 'C54D', 'C62D', 'A63D', 'A71B', 'C82B', 'A84B', 'C89A', 'C90B', 'A91C', 'A92D']	23	8.1693535	1.7125869	7.0196786	-1.1496749
BCCDDDCDCDDDDCDDABCDABCABDBACBDCAACDCBCABACBCDABCACBCCCCCBDBACCCBBCBCBBDDACADAACCCBABADBCBAABBBCCBB	['D35C', 'C46D', 'A63C', 'B64C', 'A71B', 'C72D', 'C73D', 'C90B', 'A93B']	9	-2.7731714	-4.013873	-3.9247751	-1.1516037
BCCDDDCDCBDDDCDDABCCABCABDBACBDCAADDABCABACBBCABCACBCCCCCBDBACDBBBCBCBBBBACADAACCCCBBADBCBAAABBCCBB	['D10B', 'D20C', 'C37A', 'C45B', 'A63D', 'A71B', 'C72B', 'C73B', 'B83C', 'A84B', 'C90B']	11	-0.83957434	-4.0149198	-1.9922266	-1.1526523
BCCDDDCDCADDDCDDABCDABCABDBACBDCAACACBCACACBCCABCACBCBCCCBDBACBBBBCBCBBACACADAACCCBBBADBCCAABBBCCBB	['D10A', 'D35C', 'D36A', 'B41C', 'C54B', 'A63B', 'A71B', 'C72A', 'A84B', 'A93B']	10	-1.8230748	-3.1793065	-2.9773922	-1.1543174
BCCDDDCDCBDDDCDDABCDABCABDBACBDCAACDCBCABACBCCABCACBCCCCCBDBACDBBBCBCBBCCCCADAACCCBBBADBCBAABBBCCBB	['D10B', 'D35C', 'A63D', 'A71B', 'A74C', 'A84B', 'C90B', 'A93B']	8	-0.8859916	-4.0172462	-2.0409718	-1.1549802
AAADDDCDCCDDBCDDABCAABCABDBACBDCAADDCBAACACBCDABCACBCDDCCCDBACDBBBCBBBCCCACADAACCCBBBADBACADABBCCBB	['B1A', 'C2A', 'C3A', 'D10C', 'D13B', 'D20A', 'C39A', 'B41C', 'C46D', 'C54D', 'C55D', 'B58C', 'A63D', 'C69B', 'A71C', 'A84B', 'C89A', 'A92D']	18	-0.6540928	-1.1564112	-1.810503	-1.1564102
BCCDDDCDCCDDDCCDCBCAABCABDBACBDCAADACBCABACBCCABCACBCCCCCBDBADDBBBCBCBBCBACADAACCCBBBADBCBAAABBCCBB	['D10C', 'D15C', 'A17C', 'D20A', 'D36A', 'C62D', 'A63D', 'A71B', 'C73B', 'A84B', 'C90B']	11	-1.2478108	-4.0200725	-2.405613	-1.1578021
BCCDDDCDCCDDBDDDABCDABCABDBACBDCBADACBCABACBCCABCACBCDCCCBDBADDCBBCBCBBCCACCDAACCABABADBCBAABBBCCBB	['D10C', 'D13B', 'C14D', 'A33B', 'D36A', 'C54D', 'C62D', 'A63D', 'B64C', 'A71B', 'A76C', 'C82A', 'C90B', 'A93B']	14	2.5313878	1.3137612	1.3690338	-1.162354
BCCDDDCDCDDDDCDDABCDABCABDBACBDCAACACACABACBCCABCACBCCCCCBDBACDBBBCBCBACCACADAACCCBABADBCCAABBBCCBB	['D35C', 'D36A', 'B38A', 'A63D', 'A93B']	5	-3.6982665	-4.027401	-4.863405	-1.1651387
AAADDDCDCBDDDCDDABCDABCDBDBACBDCAADDCBCABACBCDABCACBCDDCCBDBADDBBBBBABACDACACAACCCBBCADBCBAABBBCCBB	['B1A', 'C2A', 'C3A', 'D10B', 'A24D', 'C46D', 'C54D', 'C55D', 'C62D', 'A63D', 'C67B', 'C69A', 'C73D', 'D77C', 'A84B', 'B85C', 'C90B', 'A93B']	18	1.5314436	-1.1666112	0.3648367	-1.1666069
AAADDDCDCDDDDCDDABADABCABDBACBDCAADDCBCABACBCCABCACBCCCCCBDBADABBBCBCBACCACADAACCDBABADBCCAAABBCCBB	['B1A', 'C2A', 'C3A', 'C19A', 'C62D', 'C82D']	6	-3.2844753	-3.4481044	-4.4533386	-1.1688633
BCCDDDCDCBDDBCDDACCAABCABDBACBDCAADDCBCABACBCCABCACBCCCCCBDBACDBBBCBCBBDCACACAACCCBABADBCBAAABBCCBB	['D10B', 'D13B', 'B18C', 'D20A', 'A63D', 'A71B', 'C72D', 'D77C', 'C90B']	9	-2.1869116	-4.0384555	-3.363102	-1.1761904
BCCDDDCDCCDDDCDDABCCABCABDBACBDCAACABBCABACBCCABCACBCDCCDBDBDDCBBBCBCBBCCCCACAACCBBABADBCBAABBBCCBB	['D10C', 'D20C', 'D35C', 'D36A', 'C37B', 'C54D', 'C57D', 'A61D', 'C62D', 'A63C', 'A71B', 'A74C', 'D77C', 'C82B', 'C90B', 'A93B']	16	1.8547034	1.6818728	0.67431736	-1.1803861
AAADDDCDCBDDBCDDABCDABCABDBACCDCBADDCBCABACBCDABCACBCCCCCCDBADDBBBCBCBBCCCCACACCCCBBBADBCBAABBBCCBB	['B1A', 'C2A', 'C3A', 'D10B', 'D13B', 'B30C', 'A33B', 'C46D', 'B58C', 'C62D', 'A63D', 'A71B', 'A74C', 'D77C', 'A79C', 'A84B', 'C90B', 'A93B']	18	0.7954931	-4.056688	-0.39892673	-1.1944199
BCCDDDCDCCDDDCCDABCAABCABDBACBDCAADDCBCABACBCDABCACBCCCCCBDBADDBBBCBCBBCBACACAACCCBBBADBCBAABBBCCBB	['D10C', 'D15C', 'D20A', 'C46D', 'C62D', 'A63D', 'A71B', 'C73B', 'D77C', 'A84B', 'C90B', 'A93B']	12	-1.7567525	-4.0621853	-2.956668	-1.1999154
AAADDDCDCDDDDCDDACCDABCABDBACBDCAACDBBCABACBCCABCACBCCCCCBDBACDBBBCBCBBACACACAACCCBABADBCCAABBBCCBB	['B1A', 'C2A', 'C3A', 'B18C', 'D35C', 'C37B', 'A63D', 'A71B', 'C72A', 'D77C', 'A93B']	11	-3.1268768	-4.0624895	-4.327097	-1.2002201
AAADDDCDCDDDDCDDABCDABCABDBACBDCDADDCBCABACBCCABCACBCCCCCBDBACDCBBCBCBACCACACAACCCBABADBCCAAABBCCBB	['B1A', 'C2A', 'C3A', 'A33D', 'A63D', 'B64C', 'D77C']	7	-3.8486938	-4.0634913	-5.04992	-1.2012262
BCCDDDCDCADDDDCDABCDABCABDBACBDCAADDCBCACACBCCABCACBCCDCCBDBACBBBBCBCBADCACADAACCBBABADBCCAAABBCCBB	['D10A', 'C14D', 'D15C', 'B41C', 'C55D', 'A63B', 'C72D', 'C82B']	8	-0.77719355	-1.2041206	-1.9813118	-1.2041183
AAADDDCDCDDDDDDDABCDABCABDBACBDCAACDCBCABACBCCABCACBCCCCCBDBACDBBBCBCCACCACADAACCCBABADBCCAAABBCCBB	['B1A', 'C2A', 'C3A', 'C14D', 'D35C', 'A63D', 'B70C']	7	-3.9190679	-4.0697927	-5.1265926	-1.2075248
BCCDDDCDCDDDDCDDAABAABCDBDBACBDCAADDCBCABACBCDABCACBCCCCDBDBACDBDBCBCBCDCACADAACCABABADBCCAAABBCCBB	['B18A', 'C19B', 'D20A', 'A24D', 'C46D', 'C57D', 'A63D', 'B65D', 'A71C', 'C72D', 'C82A']	11	-0.15732956	-1.5955553	-1.3667355	-1.2094059
BCCDDDCDCCADBCDDABCDABCABDBACBDCBADDCBCABACBCDABCACBCDCCCBDBACDBBBCBCBBCBACACAACCBBACADBCBAAABBCCBB	['D10C', 'D11A', 'D13B', 'A33B', 'C46D', 'C54D', 'A63D', 'A71B', 'C73B', 'D77C', 'C82B', 'B85C', 'C90B']	13	2.4168334	1.6511645	1.2057381	-1.2110953
BCCDDDCDCDDDBCDDABCAABCABDBACBDCAADDABCABACBCDABCACBCCCCCBDBACDBBBCBABBBBACACAACCCBABADBCBAAABBCCBB	['D13B', 'D20A', 'C37A', 'C46D', 'A63D', 'C69A', 'A71B', 'C72B', 'C73B', 'D77C', 'C90B']	11	-3.7648072	-4.073384	-4.9759274	-1.2111201
BCCDDDCDCDDDBCDDABCAABCABDBACBDCAADDCBCABACBCDABCACBCCCCCBDBACDBBBCBCBCCCCCACAACCCBABADBCBAAABBCCBB	['D13B', 'D20A', 'C46D', 'A63D', 'A71C', 'A74C', 'D77C', 'C90B']	8	-3.690321	-4.077849	-4.9059067	-1.2155857
BCCDDDCDCDDDBCDDABCAABCABDBACBDCAADDCBCABACBCCABCACBCCCCCCDBACDBBBCBCBBCBACACAACCCBABADBCBAAABBCCBB	['D13B', 'D20A', 'B58C', 'A63D', 'A71B', 'C73B', 'D77C', 'C90B']	8	-2.9594183	-4.079002	-4.176156	-1.2167377
BCCDDDCDCBDDBCDDABCDABCABDBACBDDCACACBCACACBCDBBCACBCCCCCBDBACDBBCCBCBBCCACADAACCCBBBADCCBAAABBCCBB	['D10B', 'D13B', 'C32D', 'A33C', 'D35C', 'D36A', 'B41C', 'C46D', 'A47B', 'A63D', 'B66C', 'A71B', 'A84B', 'B88C', 'C90B']	15	-0.7695408	-4.085929	-1.9932041	-1.2236633
BCCDDDCDCBDDBCDDABCDABCABDBACBDDCACACBCACACBCDBBCACBCCCCCBDBACDBBCCBCBBCCACADAACCCBBBADCCBAAABBCCBB	['D10B', 'D13B', 'C32D', 'A33C', 'D35C', 'D36A', 'B41C', 'C46D', 'A47B', 'A63D', 'B66C', 'A71B', 'A84B', 'B88C', 'C90B']	15	-0.7695408	-4.085929	-1.9932041	-1.2236633
AAADDDCDCBDBBCCDABCAABCABDBACBDCBAABCBCACACBCDABCACBCACCCCDBADACBBCBCBBCCCCADAACCCBBBADBDBAABBBCCBB	['B1A', 'C2A', 'C3A', 'D10B', 'D12B', 'D13B', 'D15C', 'D20A', 'A33B', 'D35A', 'D36B', 'B41C', 'C46D', 'C54A', 'B58C', 'C62D', 'B64C', 'A71B', 'A74C', 'A84B', 'C89D', 'C90B', 'A93B']	23	1.4885635	-1.140439	0.26479244	-1.2237711
BCCDDDCDCCDDDCCDABCDABCABDBACBDCAACACBCABACBCCABCACBCCCCCBDBADDBBBCBCBCACACADAACCCBBBADBCBAAABBCCBB	['D10C', 'D15C', 'D35C', 'D36A', 'C62D', 'A63D', 'A71C', 'C72A', 'A84B', 'C90B']	10	-1.318964	-4.090188	-2.5468836	-1.2279196
AAADDDCDCCDDDCDDABBDABCABDBACBDCAACCBBCABACBCCAACACBCDCCCBDCCDDBBBCBCBBCCACACAACCBBBBADBCCAABBBCCBB	['B1A', 'C2A', 'C3A', 'D10C', 'C19B', 'D35C', 'D36C', 'C37B', 'B48A', 'C54D', 'B60C', 'A61C', 'C62D', 'A63D', 'A71B', 'D77C', 'C82B', 'A84B', 'A93B']	19	3.1629777	1.6336555	1.93437	-1.2286077
AAADDDCDCDDDDCDDABCDABCABDBACBDCAACABBCABACBCCABCACBCCCCCBDBACABBBCBCCACCACADAACCCBABADBCCAAABBCCBB	['B1A', 'C2A', 'C3A', 'D35C', 'D36A', 'C37B', 'B70C']	7	-3.826991	-4.0933394	-5.0580664	-1.2310753
BCCDDDCDCBDDDCDDABCBABCABDBACBDCAACAABCABACBBCABCACBCCCCCBDBACDCBBCBCBACCACADAACCCBBBADBDBAAABBCCBB	['D10B', 'D20B', 'D35C', 'D36A', 'C37A', 'C45B', 'A63D', 'B64C', 'A84B', 'C89D', 'C90B']	11	-1.4958682	-4.0933933	-2.7269964	-1.2311282
BCCDDDCDCCDDDCCDABCBABCABDBACBDCAACACBCABACBCCABCACBCDCCDBDBACDBBBCBCBBCCACADAACCBBABADBCBAAABBCCBB	['D10C', 'D15C', 'D20B', 'D35C', 'D36A', 'C54D', 'C57D', 'A63D', 'A71B', 'C82B', 'C90B']	11	1.8165274	1.6286163	0.58288574	-1.2336416
BCCDDDCDCCDDDCDDABCDABCABDBACBDCAACCABCABACBCCABCACBCDCCDBDBADDBBBCBCBBCCACADAACCBBABADBCBAABBCCCBB	['D10C', 'D35C', 'D36C', 'C37A', 'C54D', 'C57D', 'C62D', 'A63D', 'A71B', 'C82B', 'C90B', 'A93B', 'B95C']	13	1.7370825	1.62533	0.5001526	-1.2369299
BCCDDDCDCBDDDCDDABCDABCABDBACBDCAADDCBCACACBCDABCACBCCCCCBDBADDBBBCBCBACCACADAACCCBBCADBCBAABBBCCBB	['D10B', 'B41C', 'C46D', 'C62D', 'A63D', 'A84B', 'B85C', 'C90B', 'A93B']	9	-1.3236461	-4.09959	-2.5609684	-1.2373223
BCCDDDCDCBDDDCDDABBDABCDBDBACBDCBADDCBCABACBCDBBCACBCDCCCBDBADDCBCCBCBACACCACAACCCBBBADBCBAAABBCCBB	['D10B', 'C19B', 'A24D', 'A33B', 'C46D', 'A47B', 'C54D', 'C62D', 'A63D', 'B64C', 'B66C', 'C73A', 'A74C', 'D77C', 'A84B', 'C90B']	16	1.9550886	-1.237618	0.7174711	-1.2376175
BCCDDDCDCCDDDCDDABCDABCABDBACBDCAADDABCABACBCCABCACBCCCCCBDBACDBBBCBCBBCBACACAACCCBBBADBCBAABBBCCBB	['D10C', 'C37A', 'A63D', 'A71B', 'C73B', 'D77C', 'A84B', 'C90B', 'A93B']	9	-2.4371562	-4.1002	-3.675089	-1.2379327
AAADDDCDCADBDCCDABDADBCABDBACBDCAACABBCABACBCDABCACBCDCCDBABDDBBBBCBCBACCCCADAACCBBABADBCCAAABBCCBB	['B1A', 'C2A', 'C3A', 'D10A', 'D12B', 'D15C', 'C19D', 'D20A', 'A21D', 'D35C', 'D36A', 'C37B', 'C46D', 'C54D', 'C57D', 'D59A', 'A61D', 'C62D', 'A63B', 'A74C', 'C82B']	21	2.1942024	1.6198778	0.9518156	-1.2423868
BCCDDDADCCDDBCCDABCAABCABDBACBDCAACBBBCABADBCCAACACBCDCCCBDCACDCBBCBCBACCACACAACCBBBBADBCCAAABBCCBB	['C7A', 'D10C', 'D13B', 'D15C', 'D20A', 'D35C', 'D36B', 'C37B', 'C43D', 'B48A', 'C54D', 'B60C', 'A63D', 'B64C', 'D77C', 'C82B', 'A84B']	17	3.00239	1.6186938	1.7588234	-1.2435665
BCCBDDCDCBDDDCDDABCDABCABDBACBDCAACDBBCABACBCDABCACBCCCCCBDBACDBBBCBCCBCCCCADAACCCBBBADBCBAABBBCCBB	['D4B', 'D10B', 'D35C', 'C37B', 'C46D', 'A63D', 'B70C', 'A71B', 'A74C', 'A84B', 'C90B', 'A93B']	12	-0.7817011	-4.108245	-2.0276766	-1.2459755
BCCDDDCDCCDDDCCDABCDABCABDBACBDCAACACBCACACBCCABCACBCCCCCBDBCCDBBBCBCBACCACADAACCCBBBADBCBAABBBCCBB	['D10C', 'D15C', 'D35C', 'D36A', 'B41C', 'A61C', 'A63D', 'A84B', 'C90B', 'A93B']	10	-2.3486662	-4.110379	-3.596775	-1.2481089
AAADDDCDCCDDBCCBABCAABCABDBACBDCAADDCBCABACBCBABCACBCDCCCCDCBCDCBACBCBCACACADAACCCBBBADBCBBADBBCABA	['B1A', 'C2A', 'C3A', 'D10C', 'D13B', 'D15C', 'D16B', 'D20A', 'C46B', 'C54D', 'B58C', 'B60C', 'A61B', 'A63D', 'B64C', 'B66A', 'A71C', 'C72A', 'A84B', 'C90B', 'A91B', 'A93D', 'C97A', 'B99A']	24	3.0498066	-1.2506628	1.7991495	-1.2506571
BCCDDDCDCCDDDCDDABCDABBABDBACBDCAACCCBCABACBCCABCACBBDCCDBDCADDBBBCBCBBCCACADAACCBBABADBCBAABBBCCBB	['D10C', 'C23B', 'D35C', 'D36C', 'C53B', 'C54D', 'C57D', 'B60C', 'C62D', 'A63D', 'A71B', 'C82B', 'C90B', 'A93B']	14	3.0661812	1.6110554	1.8149786	-1.2512026
BCCDDDCDCCDDDCDDABBDABCDBDBACBDCAADDCBCACACBCCABCACBBDCCCBDCACDBBACBCBBCCACACAACCBBBBADBCCAAABBCCBB	['D10C', 'C19B', 'A24D', 'B41C', 'C53B', 'C54D', 'B60C', 'A63D', 'B66A', 'A71B', 'D77C', 'C82B', 'A84B']	13	3.8153596	1.609447	2.5625458	-1.2528138
BCCDDDCDCCDDDCDDABCDABCABDBACBDCBDDDBBCABACBCCABCACBCCCCCBDBADDBBBCBCBACBACACAACCCBBBADBCBAABBBCCBB	['D10C', 'A33B', 'A34D', 'C37B', 'C62D', 'A63D', 'C73B', 'D77C', 'A84B', 'C90B', 'A93B']	11	-1.9602556	-4.1152816	-3.2132683	-1.2530127
BCCDDDCDCDDDDCDDABCDABCABDBACDDCAACACBCABACBCCABCACBCCCCDBDBACDBBBCBCBBDCACADAACCCBABADBCCAABBBCCBB	['B30D', 'D35C', 'D36A', 'C57D', 'A63D', 'A71B', 'C72D', 'A93B']	8	-3.91263	-4.117169	-5.167529	-1.254899
BCCDDDCDCCDDBCDDABCDABCABDBACBDCBADDCBCABACBCDABCACBCBCCDBDBADDBBCCBCBBCCACCDAACCCBBBADBCBAABBBCCBB	['D10C', 'D13B', 'A33B', 'C46D', 'C54B', 'C57D', 'C62D', 'A63D', 'B66C', 'A71B', 'A76C', 'A84B', 'C90B', 'A93B']	14	1.0106249	-3.283166	-0.24755096	-1.2581758
AAADDDCDCDDDDCDDABCDABCABDBACDDCBADDCBCABACBCCABCACBCCCCCBDBACDBBBBBCBACCACADAACCCBABADBCCAAABBCCBB	['B1A', 'C2A', 'C3A', 'B30D', 'A33B', 'A63D', 'C67B']	7	-3.224792	-4.1236053	-4.4861355	-1.2613435
BCCDDDCDCDDDBCCDABCAABCABDBACBDCBACACBCABACBCBABCACBCCCCCCDBADDBBBCBCBBCBACADAACCABABADBCBAABBBCCBB	['D13B', 'D15C', 'D20A', 'A33B', 'D35C', 'D36A', 'C46B', 'B58C', 'C62D', 'A63D', 'A71B', 'C73B', 'C82A', 'C90B', 'A93B']	15	2.2569919	-1.6478715	0.9952688	-1.261723
AAADDDCDCBDBDCCDABCCABCABDBACBDCAADABBCACACBCCABCACBBDDCCBDCADDBBBCBCBBCCACADAACCBBBBADBCBADABBCCBB	['B1A', 'C2A', 'C3A', 'D10B', 'D12B', 'D15C', 'D20C', 'D36A', 'C37B', 'B41C', 'C53B', 'C54D', 'C55D', 'B60C', 'C62D', 'A63D', 'A71B', 'C82B', 'A84B', 'C90B', 'A92D']	21	5.2657976	1.5990734	4.002613	-1.2631845
BCCDDDCDCDDDBDCDABCAABCABDBACBDCAADABBCABACBCCABCACBCCCCCBDBADDCBBCBCBACCACADAACCCBABADBCBAAABBCCBB	['D13B', 'C14D', 'D15C', 'D20A', 'D36A', 'C37B', 'C62D', 'A63D', 'B64C', 'C90B']	10	-3.264019	-4.126195	-4.5279503	-1.2639313
BCCDDDCDCDDDDCDDABCDABCABDBACBDCAACACBCABACBCCABCACBCCCCDBDBACDBBBCBCBACCACACAACCCBABADBCCAABBBCCBB	['D35C', 'D36A', 'C57D', 'A63D', 'D77C', 'A93B']	6	-4.1093116	-4.1263833	-5.3734245	-1.264113
BCCDDDCDCDDDDCDDABCDABCABDBACBDCAACACBCABACBCCABCACBCCCCDBDBACDBBBCBCBACCACACAACCCBABADBCCAABBBCCBB	['D35C', 'D36A', 'C57D', 'A63D', 'D77C', 'A93B']	6	-4.1093116	-4.1263833	-5.3734245	-1.264113
AAADDDCDCDDDDCCDABCDABCABDBACBDCCACAABCACACBCCABCACBCCCCCBDBADDBBBCBCBCCCACADAACCCBACADCCBAAABBCCBB	['B1A', 'C2A', 'C3A', 'D15C', 'A33C', 'D35C', 'D36A', 'C37A', 'B41C', 'C62D', 'A63D', 'A71C', 'B85C', 'B88C', 'C90B']	15	-1.0939946	-4.128469	-2.360198	-1.2662034
BCCDDDCDCDDDBCDDDDCAABCABDAACBDCAADDCBCABACBCCABCACBCCCCCBDBACDBBBCBCABDCACACAACCCBABADBCBAAABBCCBB	['D13B', 'A17D', 'B18D', 'D20A', 'B27A', 'A63D', 'B70A', 'A71B', 'C72D', 'D77C', 'C90B']	11	-3.5085964	-4.1291175	-4.7754526	-1.2668562
BCCDDDCDCDDDDCDDABCAABCABDBACBDCAACACBCABACBCCABCACBCCCCCBDBACACBBCBCBBDCACADAACCCBABADBCBAABBBCCBB	['D20A', 'D35C', 'D36A', 'B64C', 'A71B', 'C72D', 'C90B', 'A93B']	8	-2.9009466	-4.12994	-4.168622	-1.2676754
BCCDDDCDCCDDDCDDABCDABBABDBACBDCAADDCBBABACBCBABCACBCDCCCBDBACDBBBCBCBBCCACACAACCBBBBADBCBAAABBCCBB	['D10C', 'C23B', 'C39B', 'C46B', 'C54D', 'A63D', 'A71B', 'D77C', 'C82B', 'A84B', 'C90B']	11	1.7446117	1.5905113	0.472867	-1.2717447
BCCDDDCDCDDBBCDDABCBABCABDBACBDCAADACBCABACBCCABCACBCCCCCBDBACDBBBCBCBACCACADAACCCBABADBCCDAABBCCBB	['D12B', 'D13B', 'D20B', 'D36A', 'A63D', 'A91D']	6	-4.0542727	-4.1389213	-5.3309307	-1.276658
BCCDDDCDCCDDDCDDABCDABCABDBACDDCAADDCBCABACBCCABCACBCCCCCBDBACACBBCBCBBCCACACAACCCBABADCCCAABBBCCBB	['D10C', 'B30D', 'B64C', 'A71B', 'D77C', 'B88C', 'A93B']	7	-3.8732634	-4.1399574	-5.1509504	-1.2776871
AAADDDCDCCDADCDDABCCABCABDBACBDCAACABBCACACBCCABCACBCDCCCBDBADDBBBCBCBBDCACACAACCBBABADBCBAABBBCCBB	['B1A', 'C2A', 'C3A', 'D10C', 'D12A', 'D20C', 'D35C', 'D36A', 'C37B', 'B41C', 'C54D', 'C62D', 'A63D', 'A71B', 'C72D', 'D77C', 'C82B', 'C90B', 'A93B']	19	2.215476	1.5800581	0.93327236	-1.2822037
BCCDDDCDCBDDDCDDABCCABCABDBACBDCAACABBCABACBCCABCACBCDCCDBDBADDBBBCBCBBCCACADAACCBBABADBCBAABBBCCBB	['D10B', 'D20C', 'D35C', 'D36A', 'C37B', 'C54D', 'C57D', 'C62D', 'A63D', 'A71B', 'C82B', 'C90B', 'A93B']	13	2.9499884	1.5778236	1.6655531	-1.2844353
BCCDDDCDCCDBDCCDABBAABCABDBACBDCAACACBCACACBCCABCACBCCCCDBDBDCABBBCBCBCCCACADAACCCBABADDCCAAABBCCBB	['D10C', 'D12B', 'D15C', 'C19B', 'D20A', 'D35C', 'D36A', 'B41C', 'C57D', 'A61D', 'A71C', 'B88D']	12	-3.8260827	-4.1473837	-5.1112003	-1.2851176
BCCDDDCDCDDDBCDDADCAABCABDBACBDCAADDCBCABACBCCABCACBCCCCCBDBACDBBBCBCBBDCACACAACCCBABADBCBAAABBCCBB	['D13B', 'B18D', 'D20A', 'A63D', 'A71B', 'C72D', 'D77C', 'C90B']	8	-3.6143231	-4.1499023	-4.901965	-1.287642
BCCDDDCDCDDDBCDDADCAABCABDBACBDCAADDCBCABACBCCABCACBCCCCCBDBACDBBBCBCBBDCACACAACCCBABADBCBAAABBCCBB	['D13B', 'B18D', 'D20A', 'A63D', 'A71B', 'C72D', 'D77C', 'C90B']	8	-3.6143231	-4.1499023	-4.901965	-1.287642
BCCDDDCDCCDDDCDDABCDABCABDBACBDCAADACBCABACBCCABCACBCCCCCBDCADDBBBCBABBDBACADAACCBBABADBCBAAABBCCBB	['D10C', 'D36A', 'B60C', 'C62D', 'A63D', 'C69A', 'A71B', 'C72D', 'C73B', 'C82B', 'C90B']	11	1.7490554	-1.2893219	0.45973682	-1.2893186
AAADDDCDCBADBCDDABCAABCABDBACBDCBACABBCABACBCCABCACBCDCCDBDBDDDBBBCBCBBCCCCADAACCCBBBADBCBAAABBCCBB	['B1A', 'C2A', 'C3A', 'D10B', 'D11A', 'D13B', 'D20A', 'A33B', 'D35C', 'D36A', 'C37B', 'C54D', 'C57D', 'A61D', 'C62D', 'A63D', 'A71B', 'A74C', 'A84B', 'C90B']	20	2.4344196	-1.2949605	1.1394606	-1.2949591
AAADDDCDCBDDDCCDABCCABCABDBACBDCAADACBCABACBCDABCACBCCCCCBDBADDBBBCBCBBCCCCADAACCABBBADBCCAAABBCCBB	['B1A', 'C2A', 'C3A', 'D10B', 'D15C', 'D20C', 'D36A', 'C46D', 'C62D', 'A63D', 'A71B', 'A74C', 'C82A', 'A84B']	14	3.4320111	-1.6942263	2.123931	-1.3080802
AAADDDCDCCDDDCDDABCDABCABDBACBDCAADDABCADACBCDABCACBCACCCBDBADDCBBCBCBBCCACACAACCABABADBCBAABBBCCBB	['B1A', 'C2A', 'C3A', 'D10C', 'C37A', 'B41D', 'C46D', 'C54A', 'C62D', 'A63D', 'B64C', 'A71B', 'D77C', 'C82A', 'C90B', 'A93B']	16	1.4530969	1.2513208	0.14496803	-1.3081288
BCCBDDCDCBADBDDDABCDABCABDBACBDCBACBABCABACBCBABCCCBCDCCCBDBADDBBBCBBABCBACADAACCABDBADBABAABBBCCBB	['D4B', 'D10B', 'D11A', 'D13B', 'C14D', 'A33B', 'D35C', 'D36B', 'C37A', 'C46B', 'A50C', 'C54D', 'C62D', 'A63D', 'C69B', 'B70A', 'A71B', 'C73B', 'C82A', 'A84D', 'C89A', 'C90B', 'A93B']	23	3.6968985	1.1677613	2.3885412	-1.3083572
AAADDDCDCBADBCDDABCAABCABDBACBDCAADAABCACACBCBABCACBCDCCCBDBADDBBBCBCBDBCACADAACCBBABADBBBAAABBCCBB	['B1A', 'C2A', 'C3A', 'D10B', 'D11A', 'D13B', 'D20A', 'D36A', 'C37A', 'B41C', 'C46B', 'C54D', 'C62D', 'A63D', 'A71D', 'C72B', 'C82B', 'C89B', 'C90B']	19	3.9314694	1.5509562	2.620164	-1.3113055
BCCDDDCDCCDABCDDADCDABCABDBACBDCAACABBCACACBCCABCACBCCCCDBDCDCACBBABCBACCACADAACCCBABADBCBAAABBCCBB	['D10C', 'D12A', 'D13B', 'B18D', 'D35C', 'D36A', 'C37B', 'B41C', 'C57D', 'B60C', 'A61D', 'B64C', 'C67A', 'C90B']	14	-2.7803564	-4.180771	-4.09886	-1.3185034
BCCDDDCDCBDDDCDDABCDABCABDBACBDCAACDBBCABACBCDABCACBCCCCCBDBADDCBBCBCBBCDACADABCCCBABADBCBADABBCCBB	['D10B', 'D35C', 'C37B', 'C46D', 'C62D', 'A63D', 'B64C', 'A71B', 'C73D', 'A79B', 'C90B', 'A92D']	12	0.34298038	-4.1823974	-0.9771509	-1.3201313
BCCDDDCDCCDDBCDDABCBABCABDBACBDCAADDCBCABACBCCABCACBCCCCDBDBACDBBBCBCBCCCACADAACCCBBBADBCBAAABBCCBB	['D10C', 'D13B', 'D20B', 'C57D', 'A63D', 'A71C', 'A84B', 'C90B']	8	-2.0918655	-4.1829095	-3.412506	-1.3206406
BCCDDDCDCCDDDCDDABCAABCABDBACBDCAACABBCABACBCDABCACBCCCCCBDBACDBBBCBBBBDCACADAACCCBBBADBDBACCBBCCBB	['D10C', 'D20A', 'D35C', 'D36A', 'C37B', 'C46D', 'A63D', 'C69B', 'A71B', 'C72D', 'A84B', 'C89D', 'C90B', 'A92C', 'A93C']	15	-1.6451435	-4.1839485	-2.9668255	-1.321682
AAADDDCDCCDDBCDDABCCABCABDBACBDCBACCBBCABACBCDABCCCBCDCCCBDBADDBBBCBCBACAACADAACCBBABADBCCAABBBCCBB	['B1A', 'C2A', 'C3A', 'D10C', 'D13B', 'D20C', 'A33B', 'D35C', 'D36C', 'C37B', 'C46D', 'A50C', 'C54D', 'C62D', 'A63D', 'C73A', 'C82B', 'A93B']	18	2.8562942	1.5398855	1.5339136	-1.3223805
BCCDDDCDCBDDDCDDABCDABCABDBACDDCAACABBCABACBBCABCACBCBCCCBDBACDBBBCBBBBCCACADAACCCBABADCCBAABBBCCBB	['D10B', 'B30D', 'D35C', 'D36A', 'C37B', 'C45B', 'C54B', 'A63D', 'C69B', 'A71B', 'B88C', 'C90B', 'A93B']	13	-2.2533422	-3.348115	-3.5764742	-1.323132
AAADDDCDCCDDDCDDABCCABCABDBACBDCAACACBCACACBCCABCACBCDCCCBDBADDBBBCBCBDCCACADAACCBBABADBCBAABBBCCBB	['B1A', 'C2A', 'C3A', 'D10C', 'D20C', 'D35C', 'D36A', 'B41C', 'C54D', 'C62D', 'A63D', 'A71D', 'C82B', 'C90B', 'A93B']	15	3.1661177	1.5367284	1.8405838	-1.3255339
BCCDDDCDCDDDDCDDABCDABCABDBACBDCAADDCBCACACBCDABCACBCCCCCBDBACDCBBCBCBACDACADAACCCBABADBCBAABBBCCBB	['B41C', 'C46D', 'A63D', 'B64C', 'C73D', 'C90B', 'A93B']	7	-3.1447034	-4.1887736	-4.4712114	-1.326508
BCCDDDCDCDDDDCDDABCAABCABDBACBDCAADDCBCABACBCDABCACBCCCCCBDBACDBBBCBCBDCBACACAACCCBABADBCBAABBBCCBB	['D20A', 'C46D', 'A63D', 'A71D', 'C73B', 'D77C', 'C90B', 'A93B']	8	-3.258328	-4.1910944	-4.5871525	-1.3288245
BCCDDDCDCADDBCDCABCDABCABDBACDDCAADACBCABACBACABCACBCCCCCBDBADCBBBCBCBACCACADAACCCBABADBCCAAABBCCBB	['D10A', 'D13B', 'D16C', 'B30D', 'D36A', 'C45A', 'C62D', 'A63C']	8	-3.6965313	-4.1932006	-5.027464	-1.3309326
BCCDDDCDCCDDDCDDABAAABCABDBACBDCAADDCBCACACBCDABCACBCCCCCBDBACDBBBCBCAABDACADAACCCBABADBCBAABBBCCBB	['D10C', 'C19A', 'D20A', 'B41C', 'C46D', 'A63D', 'B70A', 'C72B', 'C73D', 'C90B', 'A93B']	11	-2.2834706	-4.203001	-3.6241999	-1.3407292
BCCDDDCDCDDDDCDDABCAABCABDBACBDCAACACBCABACBCCABCACBCCCCCBDBACDBBBCBCBADCACADAACCCBABADBCCAAABBCCBB	['D20A', 'D35C', 'D36A', 'A63D', 'C72D']	5	-3.8339562	-4.203534	-5.175226	-1.34127
BCCDDDCDCDDDDCDDABCAABCABDBACBDCAACACBCABACBCCABCACBCCCCCBDBACDBBBCBCBADCACADAACCCBABADBCCAAABBCCBB	['D20A', 'D35C', 'D36A', 'A63D', 'C72D']	5	-3.8339562	-4.203534	-5.175226	-1.34127
BCCDDDCDCCDDBCDDABCCABCABDBACBDCAACACBCACACBCCABCACBCDCCCBDCADDBBBCBCBDCBACADAACCCBBBADBCBAABBBCCBB	['D10C', 'D13B', 'D20C', 'D35C', 'D36A', 'B41C', 'C54D', 'B60C', 'C62D', 'A63D', 'A71D', 'C73B', 'A84B', 'C90B', 'A93B']	15	0.054213524	-1.3425593	-1.2883415	-1.342555
BCCDDDCDCCDDDCDDABCDABCABDBACBDCAACDCBCACACBCDABCACBCCCCDBABACDBBBCBCBBDCCCACAACCCBBBADDCCAABBBCCBB	['D10C', 'D35C', 'B41C', 'C46D', 'C57D', 'D59A', 'A63D', 'A71B', 'C72D', 'A74C', 'D77C', 'A84B', 'B88D', 'A93B']	14	-3.2214222	-4.2062807	-4.5654364	-1.3440142
BCCDDDCDCCDDBCDDADCDAACABDBACBDCAACABBCABACBCBABCACBCDCCCBDBADDBBBCBCBBACACADABCCCBBBADBABAAABBCCBB	['D10C', 'D13B', 'B18D', 'B22A', 'D35C', 'D36A', 'C37B', 'C46B', 'C54D', 'C62D', 'A63D', 'A71B', 'C72A', 'A79B', 'A84B', 'C89A', 'C90B']	17	0.46205568	-1.3452277	-0.8831682	-1.3452239
AAADDDCDCCDDDCDDABCDABCDBDBACBDCAACABBCABACBCDABCACBCDCCCBDBACDBBBCBCBBDCACACAACCBBBBADBCCAABBBCCBB	['B1A', 'C2A', 'C3A', 'D10C', 'A24D', 'D35C', 'D36A', 'C37B', 'C46D', 'C54D', 'A63D', 'A71B', 'C72D', 'D77C', 'C82B', 'A84B', 'A93B']	17	3.1775022	1.514081	1.8293228	-1.3481793
AAADDDCDCADBDCCDABBDABCABDBACBDCAADDCBCABACBCCABCACBBDCCCBDBACDBBBCBBBBCCACADAACCBBABADBCBADABBCCBB	['B1A', 'C2A', 'C3A', 'D10A', 'D12B', 'D15C', 'C19B', 'C53B', 'C54D', 'A63D', 'C69B', 'A71B', 'C82B', 'C90B', 'A92D']	15	1.6325912	1.5140285	0.28435802	-1.3482332
AAADDDCDCCDDDCDDABCAABCABDBACBDCAACACBCABACBCCABCACBCCCCCBDBACDBBBCBABBCCACADAACCCBBBADBCBAAABBCCBB	['B1A', 'C2A', 'C3A', 'D10C', 'D20A', 'D35C', 'D36A', 'A63D', 'C69A', 'A71B', 'A84B', 'C90B']	12	-0.10333538	-4.211092	-1.4521608	-1.3488255
BCCDDDCDCCCDBCDDABCDABCABDBACBDCBADDCBCACACBBCABCACBCBCCCBDBACDBBBCBCBBCAACACAACCCBBBADBCBAABBBCCBB	['D10C', 'D11C', 'D13B', 'A33B', 'B41C', 'C45B', 'C54B', 'A63D', 'A71B', 'C73A', 'D77C', 'A84B', 'C90B', 'A93B']	14	0.5551796	-3.3746948	-0.794528	-1.3497076
BCCDDDCDCDDDBDDDABCDABCABDBACBDCAACDABCACACBCCABCACBCCCCCBDBACDBBBCBCBADCACADAACCCBABADBCCAAABACCBB	['D13B', 'C14D', 'D35C', 'C37A', 'B41C', 'A63D', 'C72D', 'B95A']	8	-4.17388	-4.2126718	-5.524291	-1.3504109
AAADDDCDCBADBCCDABCAABCABDBACBDCBACACBCACACBCCABCACBCDDCCBDBADDBBBCBCBACCCCADAACCCBBBADBACAAABBCCBB	['B1A', 'C2A', 'C3A', 'D10B', 'D11A', 'D13B', 'D15C', 'D20A', 'A33B', 'D35C', 'D36A', 'B41C', 'C54D', 'C55D', 'C62D', 'A63D', 'A74C', 'A84B', 'C89A']	19	1.635448	-1.352673	0.28277397	-1.352674
BCCDDDCDCCDDCCCDABCAABCABDBACBDCAADACBCABACBCCABCACBCDCCCBDBADDBBBBBABBCBACADAACCBBABADBCBAAABBCCBB	['D10C', 'D13C', 'D15C', 'D20A', 'D36A', 'C54D', 'C62D', 'A63D', 'C67B', 'C69A', 'A71B', 'C73B', 'C82B', 'C90B']	14	3.354888	1.5090961	2.0017242	-1.3531637
AAADDDCDCBDDDCBDABCDABCABDBACBDCBADDCBCABACBCDABCACBCDCCCCDBADDBBBCBCBCDCACADAACCBBABADBCBADBBBCCBB	['B1A', 'C2A', 'C3A', 'D10B', 'D15B', 'A33B', 'C46D', 'C54D', 'B58C', 'C62D', 'A63D', 'A71C', 'C72D', 'C82B', 'C90B', 'A92D', 'A93B']	17	3.7894602	1.5086069	2.4358082	-1.353652
BCCDDDCDCBDDBCDDABCDABCABDBACBDCBADABBCABACBBCABCACBCDCCDBDBADDBBBBBCBBCCACADAACCBBABADCCBAAABBCCBB	['D10B', 'D13B', 'A33B', 'D36A', 'C37B', 'C45B', 'C54D', 'C57D', 'C62D', 'A63D', 'C67B', 'A71B', 'C82B', 'B88C', 'C90B']	15	3.2596998	1.5044332	1.9018717	-1.3578281
BCCDDDCDCCDDDCCDABDAABCABDBACBDCAADDCBCABACBBCABCACBCCCCCBDBACDBBBCBABBCBACADAACCBBABADBCBAABBBCCBB	['D10C', 'D15C', 'C19D', 'D20A', 'C45B', 'A63D', 'C69A', 'A71B', 'C73B', 'C82B', 'C90B', 'A93B']	12	0.8898816	-1.360363	-0.47047806	-1.3603597
BCCDDDCDCCDDDCCDABCDABCABDBACBDCAACCBBCABACBCCABCACBCCCCCBDCADDBBBCBCBBCBACACAACCCBBCADBCBAAABBCCBB	['D10C', 'D15C', 'D35C', 'D36C', 'C37B', 'B60C', 'C62D', 'A63D', 'A71B', 'C73B', 'D77C', 'A84B', 'B85C', 'C90B']	14	-0.3672366	-4.225405	-1.7303724	-1.3631358
BCCDDDCDCCDDDDCDABCAABCABDBACBDCAADDCBCAAACBCDABCACBCDCCCBDAADDCBBCBCBBCCACADAACCABBCADBCCAAABBCCBB	['D10C', 'C14D', 'D15C', 'D20A', 'B41A', 'C46D', 'C54D', 'B60A', 'C62D', 'A63D', 'B64C', 'A71B', 'C82A', 'A84B', 'B85C']	15	3.2937493	1.1099057	1.9275408	-1.3662086
BCCDDDCDCDDDDCDDABCDABCABDBACBDCBADDCBCACACBCDABCACBBCCCCBDBADDBBBCBCBABACCACAACCCBBBADBCBAAABBCCBB	['A33B', 'B41C', 'C46D', 'C53B', 'C62D', 'A63D', 'C72B', 'C73A', 'A74C', 'D77C', 'A84B', 'C90B']	12	-1.3786192	-4.234726	-2.7510767	-1.3724575
BCCDDDCDCCDDDCDDABCDABCABDBACBDCAACDBBCABACBCBABCACBCDDCDBDCADCCBACBCBBCCACADAACCBBBBADBCCAAABBCCBB	['D10C', 'D35C', 'C37B', 'C46B', 'C54D', 'C55D', 'C57D', 'B60C', 'C62D', 'A63C', 'B64C', 'B66A', 'A71B', 'C82B', 'A84B']	15	2.3936505	1.4895201	1.0209122	-1.3727384
AAADDDCDCCDDDCDDABCCABCABDBACBDCAACAABCACACBCCABCACBCCCCCBDBADDBBBCBCCDBCACAAAACCCBBBADBCBAAABBCCBB	['B1A', 'C2A', 'C3A', 'D10C', 'D20C', 'D35C', 'D36A', 'C37A', 'B41C', 'C62D', 'A63D', 'B70C', 'A71D', 'C72B', 'D77A', 'A84B', 'C90B']	17	-0.520535	-4.2379627	-1.8962297	-1.3756948
AAADDDCDCBDDDCDDABDCABCABDBACBDCAACACBCABACBCCABCACBCDCCCBDBADDBBBCBCBDCBACADAACCCBBBADBCBAABBBCCBB	['B1A', 'C2A', 'C3A', 'D10B', 'C19D', 'D20C', 'D35C', 'D36A', 'C54D', 'C62D', 'A63D', 'A71D', 'C73B', 'A84B', 'C90B', 'A93B']	16	1.2185454	-1.376833	-0.15828514	-1.3768306
BCCDDDCDCDDDBCDDABCDABCABDBACBDCAADDCBCABACBCCABCACBCCCCCBDBACDBBBCBCBCCCACADAACCCBABADCCBAAABBCCBB	['D13B', 'A63D', 'A71C', 'B88C', 'C90B']	5	-3.6238008	-4.240836	-5.002367	-1.3785663
BCCDDDCDCCDDDCDDABCDABCABDBACBDCAACACBCACACBCCABCACBCDCCCBDCADDBBBCBCBBCCACADAACCBBABADBCBAABBBCCBB	['D10C', 'D35C', 'D36A', 'B41C', 'C54D', 'B60C', 'C62D', 'A63D', 'A71B', 'C82B', 'C90B', 'A93B']	12	2.1056156	1.4810748	0.72443104	-1.3811846
BCCDDDCDCCDDDCDDABBCABCABDBACBDCAADABBCABACBCDABCACBCDCCCCDBADDCBACBCBBCCACCDAACCABBBADBCCAAABBCCBB	['D10C', 'C19B', 'D20C', 'D36A', 'C37B', 'C46D', 'C54D', 'B58C', 'C62D', 'A63D', 'B64C', 'B66A', 'A71B', 'A76C', 'C82A', 'A84B']	16	3.8243399	1.0937495	2.4419699	-1.38237
AAADDBCDCDDCDDDDABCDABCABDBACBDCAACDBBCABACBCCABCACBCCCCDBDBACDBBBCCCBBCCACACAACCCBABADBCBAABBBCCBB	['B1A', 'C2A', 'C3A', 'D6B', 'D12C', 'C14D', 'D35C', 'C37B', 'C57D', 'A63D', 'B68C', 'A71B', 'D77C', 'C90B', 'A93B']	15	-2.722373	-4.2453747	-4.1054754	-1.3831024
BCCDDDCDCBDDBCDDABCCABCABDBACBDCAACACBCACACBCCABCACBBCCCCBDBACACBBCBCBACCACADAACCCBBBADBCCAAABBCCBB	['D10B', 'D13B', 'D20C', 'D35C', 'D36A', 'B41C', 'C53B', 'B64C', 'A84B']	9	-0.6902485	-4.2454042	-2.0733862	-1.3831377
BCCDDDCDCCDDDCDDADCDABCABDBACBDCAADDCBCABACBCDABCACBCCCCCBDBACDBBBCBCBACBACACAACCCBBBADBCBAABBCCCBB	['D10C', 'B18D', 'C46D', 'A63D', 'C73B', 'D77C', 'A84B', 'C90B', 'A93B', 'B95C']	10	-2.8502512	-4.2521176	-4.240101	-1.3898497
BCCDDDCDCCDDDCDDADCDABCABDBACBDCAADDCBCABACBCDABCACBCCCCCBDBACDBBBCBCBACBACACAACCCBBBADBCBAABBCCCBB	['D10C', 'B18D', 'C46D', 'A63D', 'C73B', 'D77C', 'A84B', 'C90B', 'A93B', 'B95C']	10	-2.8502512	-4.2521176	-4.240101	-1.3898497
AAADDDCDCCACBDDDABCDABCABDBACBDCBADDCBCABACBCCABCACBCACCCBDBACDBBBCBCBBDCACACAACCBBABADBCBADBBBCCBB	['B1A', 'C2A', 'C3A', 'D10C', 'D11A', 'D12C', 'D13B', 'C14D', 'A33B', 'C54A', 'A63D', 'A71B', 'C72D', 'D77C', 'C82B', 'C90B', 'A92D', 'A93B']	18	3.1765864	1.5550451	1.7860403	-1.3905461
BCCDDDCDCBDDDCCDABCDABCABDBACDDCBACBBBCABADBCCABCACBCCCCCBDCADDBBBCBCBACCACADAACCCBBBADCCBAAABBCCBB	['D10B', 'D15C', 'B30D', 'A33B', 'D35C', 'D36B', 'C37B', 'C43D', 'B60C', 'C62D', 'A63D', 'A84B', 'B88C', 'C90B']	14	0.4688115	-4.2556114	-0.92453	-1.3933415
BCCDDDCDCBDDBDDDABCDABCABDBACBDCBADDBBCACACBCDABCACBCDCCCBDBADACBBCBCBCCCACCDAACCBBABADBCCBAABBCCBB	['D10B', 'D13B', 'C14D', 'A33B', 'C37B', 'B41C', 'C46D', 'C54D', 'C62D', 'B64C', 'A71C', 'A76C', 'C82B', 'A91B']	14	3.0561395	1.4664536	1.6603279	-1.3958116
BCCDDDCDCCDDDCCDAABAABCABDBACBDCAADDCBCABACBCDABCACBCCCCCBDBACDBBBCBCBBDCACACAACCCBBCADACBAAABBCCBB	['D10C', 'D15C', 'B18A', 'C19B', 'D20A', 'C46D', 'A63D', 'A71B', 'C72D', 'D77C', 'A84B', 'B85C', 'B88A', 'C90B']	14	-1.5749378	-4.258484	-2.9711552	-1.3962173
BCCDDDCDCCDDDCDDABCDABCABDBACBDCAADDCBCABACBCCABCACBCCCCCBDBADCBBBCBCBBDCACACAACCBBABADBCCAABBBCCBB	['D10C', 'C62D', 'A63C', 'A71B', 'C72D', 'D77C', 'C82B', 'A93B']	8	-0.3369646	-1.3964605	-1.7334213	-1.3964567
BCCDDDCDCDDDDCDDABCCABCABDBACBDCAADDBBCABACBCCABCACBCCCCCBDBACCBBBCBCBBCCCCADAACCBBABADBCCAABBBCCBB	['D20C', 'C37B', 'A63C', 'A71B', 'A74C', 'C82B', 'A93B']	7	-0.22592735	-1.3979979	-1.6239214	-1.397994
BCCDDDCDCDDDDCDDABCCABCABDBACBDCAADDBBCABACBCCABCACBCCCCCBDBACCBBBCBCBBCCCCADAACCBBABADBCCAABBBCCBB	['D20C', 'C37B', 'A63C', 'A71B', 'A74C', 'C82B', 'A93B']	7	-0.22592735	-1.3979979	-1.6239214	-1.397994
AAADDDCDCDDDDCCDABCDABCABDBACBDCAACACBCACACBCCABCACBCCCCDBDBDCCBDBCBCBAACCCADAACCCBABADBCCAAABBCCBB	['B1A', 'C2A', 'C3A', 'D15C', 'D35C', 'D36A', 'B41C', 'C57D', 'A61D', 'A63C', 'B65D', 'C72A', 'A74C']	13	-3.658484	-4.263713	-5.05993	-1.4014459
BCCDDDCDCCDDBDDDABCDABCABDBACBDCAADDCBCABACBCDABCACBCCCCCBDBACDCBBCBCBBBBACACAACCCBBBADBCBAABBBCCBB	['D10C', 'D13B', 'C14D', 'C46D', 'A63D', 'B64C', 'A71B', 'C72B', 'C73B', 'D77C', 'A84B', 'C90B', 'A93B']	13	-2.488089	-4.263982	-3.889803	-1.4017138
BCCDDDCDCCDDDCDDABCAABCABDBACBDCAADDCBCABACBCBABCACBBDCCCBDBADDBBBCBCBBCCACACAACCBBBCADBCCAAABBCCBB	['D10C', 'D20A', 'C46B', 'C53B', 'C54D', 'C62D', 'A63D', 'A71B', 'D77C', 'C82B', 'A84B', 'B85C']	12	2.4967718	1.4578876	1.0924015	-1.4043703
BCCDDDCDCCCDBCDDADCDADCABDBACBDCCACABBCABACBCDABCACBCDCCCCDBADDBBBCBABBCCCCADAACCCBBBADBCBADABBCCBB	['D10C', 'D11C', 'D13B', 'B18D', 'B22D', 'A33C', 'D35C', 'D36A', 'C37B', 'C46D', 'C54D', 'B58C', 'C62D', 'A63D', 'C69A', 'A71B', 'A74C', 'A84B', 'C90B', 'A92D']	20	1.7983723	-1.4053011	0.3930769	-1.4052954
AAADDDCDCADABCDDABCDABCABDBACBDCBADDCBCACACBCDABCACBCCCCCBDCAADBBBCBCBCBAACACAACCCBABADBCBAABBBCCBB	['B1A', 'C2A', 'C3A', 'D10A', 'D12A', 'D13B', 'A33B', 'B41C', 'C46D', 'B60C', 'C62A', 'A63D', 'A71C', 'C72B', 'C73A', 'D77C', 'C90B', 'A93B']	18	-1.1685724	-4.2696366	-2.575943	-1.4073706
BCCDDDCDCCDDDCDDABCAABCABDBACBDCAADACBCABACBCBABCACBBDCCCBDBADDBBBCBCBBCCACACAACCBBBCADBCCAAABBCCBB	['D10C', 'D20A', 'D36A', 'C46B', 'C53B', 'C54D', 'C62D', 'A63D', 'A71B', 'D77C', 'C82B', 'A84B', 'B85C']	13	2.9608917	1.4545007	1.5531349	-1.4077568
BCCDDDCDCDDDDCDDABCAABCABDBACBDCAADDCBCABACBCCABCACBCCCCCBDBACDBBBCBCBBCBACACAACCCBABADBCBAABBBCCBB	['D20A', 'A63D', 'A71B', 'C73B', 'D77C', 'C90B', 'A93B']	7	-3.549533	-4.270588	-4.9578543	-1.4083214
BCCDDDCDCCDDDCCDABCDABCABDBACBDCAADACBCABACBCCABCACBCCCCCBDBADDBBBCBCBBCBACADAACCBBABADBCBAABBBCCBB	['D10C', 'D15C', 'D36A', 'C62D', 'A63D', 'A71B', 'C73B', 'C82B', 'C90B', 'A93B']	10	1.2396736	-1.4094992	-0.16982174	-1.4094954
BCCDDDCDCCCDBCDBABCAABCABDBACBDCAADDBBCABACBCCBACACBBBCCCBDBACDBBBCBDBBCAACCCAACCABABADBABAABBBCCBB	['D10C', 'D11C', 'D13B', 'D16B', 'D20A', 'C37B', 'A47B', 'B48A', 'C53B', 'C54B', 'A63D', 'C69D', 'A71B', 'C73A', 'A76C', 'D77C', 'C82A', 'C89A', 'C90B', 'A93B']	20	4.446925	-0.9594779	3.036313	-1.4106121
AAADDDCDCDDDDCDDABCDABCABDBACBDCDADDABCACACBCCABCACBCCCCCBDBACACBBCBCBACCACADAACCCBABADBCCAABBBCCBB	['B1A', 'C2A', 'C3A', 'A33D', 'C37A', 'B41C', 'B64C', 'A93B']	8	-4.1389966	-4.2732334	-5.549966	-1.4109693
AAADDDCDCCDDDCDDABCDABCABDBACBDCAACCBBCABACBCCAACACBCDCCCBDCCDDBBBCBCBBCCACACAACCBBBBADBCCAABBBCCBB	['B1A', 'C2A', 'C3A', 'D10C', 'D35C', 'D36C', 'C37B', 'B48A', 'C54D', 'B60C', 'A61C', 'C62D', 'A63D', 'A71B', 'D77C', 'C82B', 'A84B', 'A93B']	18	3.1107984	1.4496098	1.6981497	-1.4126487
BCCDDDCDCDDDBDCDABCAABCABDBACBDCAADDCBCACACBCCABCACBCCCCDBDCACDBBBCBCBCCCACADAACCCBABADBACAABBBCCBB	['D13B', 'C14D', 'D15C', 'D20A', 'B41C', 'C57D', 'B60C', 'A63D', 'A71C', 'C89A', 'A93B']	11	-2.8318343	-4.276768	-4.2463417	-1.4145074
AAADDDCDCCDDDCDDABCDABCABDBACBDCAADDABCABACBCBABCACBCBCCCCDBCCDBBBCBCBBCCACACAACCBBBBADBCBAABBBCCBB	['B1A', 'C2A', 'C3A', 'D10C', 'C37A', 'C46B', 'C54B', 'B58C', 'A61C', 'A63D', 'A71B', 'D77C', 'C82B', 'A84B', 'C90B', 'A93B']	16	2.0424662	-0.5777936	0.6274004	-1.4150658
BCCDDDCDCDDBDCCDABCDABCABDBACBDCAADACBCABACBCCABCACBCCCCCBDBADDBBBCBCBBCBACADAACCCBBBADBCBAAABBCCBB	['D12B', 'D15C', 'D36A', 'C62D', 'A63D', 'A71B', 'C73B', 'A84B', 'C90B']	9	-2.5682054	-4.2784505	-3.9843922	-1.4161868
BCCCBDCDCDDDDCDDABADABCABDBACBDCAADDCBCACACBCCABCACBCCCCCBDCACDBBBCBBBADCACADAACCCBABADBCCAAABBCCBB	['D4C', 'D5B', 'C19A', 'B41C', 'B60C', 'A63D', 'C69B', 'C72D']	8	-3.6143537	-4.2838025	-5.0358906	-1.4215369
AAADDDCDCDDDDADDABADABCABDBACBDCAADDABCABACBCCABCACBCCCCCBDCBCACBBCBCBACCACACAACCCBABADBCCAAABBCCBB	['B1A', 'C2A', 'C3A', 'C14A', 'C19A', 'C37A', 'B60C', 'A61B', 'B64C', 'D77C']	10	-3.8604627	-4.287697	-5.2858934	-1.4254308
BCCDDDCDCDDDDCCDABBDABCABDBACBDCAADDBBCABACBCCABCACBCCCCCBDBACDBBBCBCBBABACADAACCCBBBADBCCAAABBDCBB	['D15C', 'C19B', 'C37B', 'A63D', 'A71B', 'C72A', 'C73B', 'A84B', 'C96D']	9	-3.5396924	-4.287765	-4.965191	-1.4254985
BCCDDDCDCADDDCCCABDCABCABDBACBDCAACACBCABACBCCABCACBBDCCCCDBADCCBBCBCBBCCACADAACCBBBBADBCCAAABBCCBB	['D10A', 'D15C', 'D16C', 'C19D', 'D20C', 'D35C', 'D36A', 'C53B', 'C54D', 'B58C', 'C62D', 'A63C', 'B64C', 'A71B', 'C82B', 'A84B']	16	3.592863	1.4339275	2.1645327	-1.4283304
BCCDDDCDCCDDBCDDABCDABCABDBACBDCAADDCBCABACBCCABCACBCCCCCBDCACDBBBCBCBBCBACACAACCCBBBADBCBAAABBCCBB	['D10C', 'D13B', 'B60C', 'A63D', 'A71B', 'C73B', 'D77C', 'A84B', 'C90B']	9	-1.9242344	-4.301171	-3.3631363	-1.4389019
BCCDDDCDCCDCDDDDABCDABCDBDBACBDCAADDCBCABACBCCABCACBCDCCCBDBACDBBBCBCBDCCACACAACCBBBBADBCCAAABBCCBB	['D10C', 'D12C', 'C14D', 'A24D', 'C54D', 'A63D', 'A71D', 'D77C', 'C82B', 'A84B']	10	2.5122132	1.4194136	1.0693684	-1.4428449
BCCDDDCDCADDDCDDABCDABCABDBACDDCAADDCBCABACBCCABCACBCCCCCBDBACBBBBCBCBBCCACACAACCCBABADCCCAABBBCCBB	['D10A', 'B30D', 'A63B', 'A71B', 'D77C', 'B88C', 'A93B']	7	-4.039936	-4.305423	-5.4830894	-1.4431534
BCCDDDCDCCDDDDDDABCDABCABDBACBDCAADDABCACACBCDABCACBCCCCCBDBADDBBBCBCBDCCACACAACCCBBBADACBAABBBCCBB	['D10C', 'C14D', 'C37A', 'B41C', 'C46D', 'C62D', 'A63D', 'A71D', 'D77C', 'A84B', 'B88A', 'C90B', 'A93B']	13	-2.2140741	-4.307041	-3.6588497	-1.4447756
AAADDDCDCCDDDCDDABCDABCABDBACDDCAACACBCABACBCCABCACBCCCCCBDBACDCBBCBCBACCACADAACCCBABADBCCAABBBCCBB	['B1A', 'C2A', 'C3A', 'D10C', 'B30D', 'D35C', 'D36A', 'A63D', 'B64C', 'A93B']	10	-3.0731502	-4.312602	-4.5234833	-1.4503331
BCCDDDCDCCDDDCCDABCDABCABDBACBDCAADDCBCABACBCCABCACBCCCCCBDBACDBBBCBCBACCACADAACCBBABADBCCAAABBCCBB	['D10C', 'D15C', 'A63D', 'C82B']	4	-0.41722298	-1.4524097	-1.869627	-1.452404
AAAADDCDCDDDDCDDCBCDABCABDBACBDCAADDCBCABACBCCABCACBCCCCDBDCACDBBBCBCBACCACADAACCCBABADBCCAAABBCCBB	['B1A', 'C2A', 'C3A', 'D4A', 'A17C', 'C57D', 'B60C', 'A63D']	8	-3.896152	-4.318076	-5.351959	-1.4558072
BCCDDDCDCCDDDCDDABCDABCABDBACBDCCADDCBCABACBCCABCACBCCCCCBDBADDBBBCBCBBCBACADAACCBBABADBCBAABBBCCBB	['D10C', 'A33C', 'C62D', 'A63D', 'A71B', 'C73B', 'C82B', 'C90B', 'A93B']	9	1.1223817	-1.4566488	-0.3342619	-1.4566436
BCCDDDCDCCDDDCDDABCDABCABDBACBDCCADDCBCABACBCCABCACBCCCCCBDBADDBBBCBCBBCBACADAACCBBABADBCBAABBBCCBB	['D10C', 'A33C', 'C62D', 'A63D', 'A71B', 'C73B', 'C82B', 'C90B', 'A93B']	9	1.1223817	-1.4566488	-0.3342619	-1.4566436
BCCDDDCDCBDDDCDDABCDABCABDBACBDCAADDBBCABACBCDABCACBCCCCCBDBADDBBBCBCBBCBACACAACCABABADBCBAABBBCCBB	['D10B', 'C37B', 'C46D', 'C62D', 'A63D', 'A71B', 'C73B', 'D77C', 'C82A', 'C90B', 'A93B']	11	0.8475909	-1.843853	-0.6101141	-1.457705
BCCDDDCDCBDDDCDDABCDABCABDBACBDCAADDBBCABACBCDABCACBCCCCCBDBADDBBBCBCBBCBACACAACCABABADBCBAABBBCCBB	['D10B', 'C37B', 'C46D', 'C62D', 'A63D', 'A71B', 'C73B', 'D77C', 'C82A', 'C90B', 'A93B']	11	0.8475909	-1.843853	-0.6101141	-1.457705
BCCDDDCDCDDDDCDDABCAABCABDBACBDCDADDCBCABACBCCABCACBCCCCCBDBADDBBBCBCBBCBACACAACCCBABADBCBAAABBCCBB	['D20A', 'A33D', 'C62D', 'A63D', 'A71B', 'C73B', 'D77C', 'C90B']	8	-3.2423406	-4.3216586	-4.7017355	-1.4593949
BCCDDDCDCCDDDCDDABCDABCABDBACBDCAACACBCACACBCCABCACBCCCCDBDBADDBBBCBCBDCBACADAACCCBBBADBCBAABBBCCBB	['D10C', 'D35C', 'D36A', 'B41C', 'C57D', 'C62D', 'A63D', 'A71D', 'C73B', 'A84B', 'C90B', 'A93B']	12	-0.9001279	-4.322764	-2.3606234	-1.4604955
BCCDDDCDCDDDDCCDABBDABCDBDBACBDCAACDBBCABACBCDABCACBCCCCCBDBACACBBCBCCACCACADAACCBBABADBCCAAABBCCBB	['D15C', 'C19B', 'A24D', 'D35C', 'C37B', 'C46D', 'B64C', 'B70C', 'C82B']	9	-0.3527913	-1.4606152	-1.8134012	-1.4606099
BCCDDDCDCCDDDCCDABAAABCABDBACBDCAACACBCACACBCCABCACBCCCCCBDBADDBBBCBCBBCBACADAACCCBBBADBCBAAABBCCBB	['D10C', 'D15C', 'C19A', 'D20A', 'D35C', 'D36A', 'B41C', 'C62D', 'A63D', 'A71B', 'C73B', 'A84B', 'C90B']	13	-0.6138253	-4.3273478	-2.078906	-1.4650807
AAAADDCDCDDDDCDDBBCDABCABDBACBDCAACDCBCABACBCCABCACBCCCCCBDBADDBBBCBCBACCACADAACCCBABADBCCAAABBCCBB	['B1A', 'C2A', 'C3A', 'D4A', 'A17B', 'D35C', 'C62D', 'A63D']	8	-3.777771	-4.3278456	-5.243349	-1.4655781
BCCDDDCDCDDDBCDDABCAABCABDBACBDCAACAABCABACBCCABCACBCCCCCBDBADDBBBCBABBCBCCADAACCCBABADBCBAAABBCCBB	['D13B', 'D20A', 'D35C', 'D36A', 'C37A', 'C62D', 'A63D', 'C69A', 'A71B', 'C73B', 'A74C', 'C90B']	12	-2.465385	-4.3289022	-3.932024	-1.466639
BCCDDDCDCCDDDDDDABCDABCABDBACBDCAADDCBCABACBCDABCACBCCDCCBDBADDBBBCBCBBBBACACABCCCBBBADBCBAABBBCCBB	['D10C', 'C14D', 'C46D', 'C55D', 'C62D', 'A63D', 'A71B', 'C72B', 'C73B', 'D77C', 'A79B', 'A84B', 'C90B', 'A93B']	14	-1.8009291	-4.3293777	-3.2680378	-1.4671087
AAADDDCDCDDDDCDDABCDABCABDBACBDCAACDCBCABACBCCABCACBCCCCCBDBACABBBCBCBACCACACAACCCBABADBCCAAABBCCBB	['B1A', 'C2A', 'C3A', 'D35C', 'D77C']	5	-4.3351693	-4.3372726	-5.810177	-1.4750075
BCCDDDCDCADDDCCDADCAABCABDBACBDCAADDCBCABACBCBABCACBCCCCCCDBACDBBBCBCBBCBACADABCCCBBBADBCBAAABBCCBB	['D10A', 'D15C', 'B18D', 'D20A', 'C46B', 'B58C', 'A63D', 'A71B', 'C73B', 'A79B', 'A84B', 'C90B']	12	-0.62222385	-4.3379855	-2.0979385	-1.4757147
BCCDDDCDCCDDDDDDABCDABCABDBACBDCCACACBCABACBCDABCACBCDCCCBDBADDBBBCBCBBCBACADAACCBBABADBCBAABBBCCBB	['D10C', 'C14D', 'A33C', 'D35C', 'D36A', 'C46D', 'C54D', 'C62D', 'A63D', 'A71B', 'C73B', 'C82B', 'C90B', 'A93B']	14	1.8741741	1.3862953	0.39820957	-1.4759645
BCCDDDCACCDDDCDDABCDABCABDBACBDCAADDCBCACACBCDABCACBCCCCCBDBACDBBBCBCBABDACACAACCCBABADBCBAACBBCCBB	['D8A', 'D10C', 'B41C', 'C46D', 'A63D', 'C72B', 'C73D', 'D77C', 'C90B', 'A93C']	10	-3.1209002	-4.33878	-4.59741	-1.47651
BCCDDDCDCDDDDCDDABCDABCABDBACBDCAADDBBCABACBCBABCACBCCCCCBDBACDBBBCBCBACCACACAACCBBABADBCCAABBBCCBB	['C37B', 'C46B', 'A63D', 'D77C', 'C82B', 'A93B']	6	-1.3390841	-1.4782553	-2.8173294	-1.4782453
BCCDDDCDCCDDDCDDABCDABCABDBACBDCAADDCBCABACBCCABCACBCDCCCBDBACDBBBCBCBBCDACADAACCCBBBADBCBAABBBCCBB	['D10C', 'C54D', 'A63D', 'A71B', 'C73D', 'A84B', 'C90B', 'A93B']	8	-1.1170797	-1.4792709	-2.596346	-1.4792662
BCCDDDCDCBDDDDCDABCDABCABDBACBDCAADDBBCABACBCDABCACBCCCCDBDBACDBBBCBCBACCACADAACCBBABADBCCAAABBCCBB	['D10B', 'C14D', 'D15C', 'C37B', 'C46D', 'C57D', 'A63D', 'C82B']	8	0.44093037	-1.4793024	-1.0383711	-1.4793015
BCBDDDCDCBDDDDCDABCBABCABDBACBDCAADDCBCABACBCDABCACBBDCCCBDBACDBBBCBCBBDBACACAACCCBBCADBCBAABBBCCBB	['C3B', 'D10B', 'C14D', 'D15C', 'D20B', 'C46D', 'C53B', 'C54D', 'A63D', 'A71B', 'C72D', 'C73B', 'D77C', 'A84B', 'B85C', 'C90B', 'A93B']	17	0.22792625	-1.4801626	-1.2522326	-1.4801588
BCCDDDCDCCDCDDDDABCCABCABDBACBDCAACCABCACACBCCABCACBCDCCCBDBACDBBCCBCBCCCACADAACCCBBBADBCBAABBCCCBB	['D10C', 'D12C', 'C14D', 'D20C', 'D35C', 'D36C', 'C37A', 'B41C', 'C54D', 'A63D', 'B66C', 'A71C', 'A84B', 'C90B', 'A93B', 'B95C']	16	0.858696	-1.4850612	-0.6263609	-1.4850569
BCCDDDCDCCDDDCDBABCDABCABDBACBDCAADDCBCABACBCDABCACBCDCCCBDBACDBBCCBCBBCBACACAACCCBBBADBCBAABBBCCBB	['D10C', 'D16B', 'C46D', 'C54D', 'A63D', 'B66C', 'A71B', 'C73B', 'D77C', 'A84B', 'C90B', 'A93B']	12	-0.67226744	-1.4851584	-2.1574192	-1.4851518
AAADDCCDCCDDDCDDABCCABCABDBACBDCBACABBCABACBCCABCACBBCCCCBDBACDBBBCBCBCCCACADAACCBBBBADBCCAAABBCCBB	['B1A', 'C2A', 'C3A', 'D6C', 'D10C', 'D20C', 'A33B', 'D35C', 'D36A', 'C37B', 'C53B', 'A63D', 'A71C', 'C82B', 'A84B']	15	3.4847322	-1.4857678	1.9989672	-1.485765
AAADDDCDCCDBBCDDABCAABCABDBACBDCAADACBCABACBCDABCACBCDDCCBDBADDBBBBBCBBCBACADAACCABABADBCBAAABBCCBB	['B1A', 'C2A', 'C3A', 'D10C', 'D12B', 'D13B', 'D20A', 'D36A', 'C46D', 'C54D', 'C55D', 'C62D', 'A63D', 'C67B', 'A71B', 'C73B', 'C82A', 'C90B']	18	1.5864916	0.9880147	0.09839058	-1.488101
BCCDDDCDCCDDBCDDADCBABCABDBACBDCCADACBCABACBCCAACACBCACCCCDBADDCBBCBCBACCCCADAACCBBBBADBCCAAABBCCBB	['D10C', 'D13B', 'B18D', 'D20B', 'A33C', 'D36A', 'B48A', 'C54A', 'B58C', 'C62D', 'A63D', 'B64C', 'A74C', 'C82B', 'A84B']	15	2.9006808	1.4559216	1.4110088	-1.489672
BCCDDDCDCDDDDCDDABCCABCABDBACBDCAACACBCABACBCDBBCACBCDDCDBDBADDBBBCBCBBDDACADAACCCBBCADBCBAABBBCCBB	['D20C', 'D35C', 'D36A', 'C46D', 'A47B', 'C54D', 'C55D', 'C57D', 'C62D', 'A63D', 'A71B', 'C72D', 'C73D', 'A84B', 'B85C', 'C90B', 'A93B']	17	-0.24245358	-1.4904242	-1.732871	-1.4904175
AAACDDCDCADADCCDABDCABCABDBACBDCAADACBCABACBCBABCACBCDCCCBDBACCBBBCBCBBACCCADAACCBBBBADBCCAABBBCCBB	['B1A', 'C2A', 'C3A', 'D4C', 'D10A', 'D12A', 'D15C', 'C19D', 'D20C', 'D36A', 'C46B', 'C54D', 'A63C', 'A71B', 'C72A', 'A74C', 'C82B', 'A84B', 'A93B']	19	2.8089318	1.3716178	1.3182917	-1.4906402
BCCDDDCDCCDCDCDDABCDABCABDBACBDCAADDABCABACBCDABCACBCCCCCBDBADDBBACBCBACBACACAACCCBBBADBCBAABBCCCBB	['D10C', 'D12C', 'C37A', 'C46D', 'C62D', 'A63D', 'B66A', 'C73B', 'D77C', 'A84B', 'C90B', 'A93B', 'B95C']	13	-1.8645463	-4.355256	-3.3575344	-1.4929881
BCCDDDCDCCDDDCDDABCDABCABDBACBDCAADDABCACACBCCABCACBCCCCCCDBACDBBBCBCBACCACADAACCBBABADBCCAABBBCCBB	['D10C', 'C37A', 'B41C', 'B58C', 'A63D', 'C82B', 'A93B']	7	0.06663132	-1.5002208	-1.4335852	-1.5002165
BCCDDDCDCADDBCCDABCAABCDBDBACBDCBADDCBCABACBCDABCACBDDCCCBDBACDBBBCBCBACDACACAACCCBBBADBCCAAABBCCBB	['D10A', 'D13B', 'D15C', 'D20A', 'A24D', 'A33B', 'C46D', 'C53D', 'C54D', 'A63D', 'C73D', 'D77C', 'A84B']	13	-0.008158684	-1.5060253	-1.514183	-1.5060244
BCCDDDCDCDDDDDDDABCDABCABDBACBDCAACDCBCABACBCCABCACBCCCCDBDBACDBBBCBCCACCACADAACCCBABADBCCAAABACCBB	['C14D', 'D35C', 'C57D', 'A63D', 'B70C', 'B95A']	6	-4.1027713	-4.3716025	-5.6121063	-1.509335
BCCDDDCDCDDDDCDDABCDABCABDBACBDCAADDCBCABACBCBABCACBCCCCCBDBACACBBCBCBACCACADAACCBBABADBCCAAABBCCBB	['C46B', 'B64C', 'C82B']	3	-1.4193783	-1.5130763	-2.9324474	-1.5130692
BCCDDDCDCDDDDCDDABCDABCABDBACBDCAADDCBCABACBCBABCACBCCCCCBDBACACBBCBCBACCACADAACCBBABADBCCAAABBCCBB	['C46B', 'B64C', 'C82B']	3	-1.4193783	-1.5130763	-2.9324474	-1.5130692
BCCDDDCDCDDDDCDBABCCABBABDBACBDCAADACBCABACBCCABCACBCCCCDBDBBCDBBBCBBBDCCACADAACCCBBBADCCBAACBBCCBB	['D16B', 'D20C', 'C23B', 'D36A', 'C57D', 'A61B', 'A63D', 'C69B', 'A71D', 'A84B', 'B88C', 'C90B', 'A93C']	13	-0.69999695	-4.376572	-2.214301	-1.5143042
BCCDDDCDCCDDDCDDADBDABCABDBACBDCAACDCBCABACBCDABCACBCCCCCBDBACDBBBCBCBBBBACADAACCCBBCADBCBAABBBCCBA	['D10C', 'B18D', 'C19B', 'D35C', 'C46D', 'A63D', 'A71B', 'C72B', 'C73B', 'A84B', 'B85C', 'C90B', 'A93B', 'B99A']	14	-1.9748206	-4.3768587	-3.4894094	-1.5145888
BCCDDDCDCCDDBCDDABCAABCABDBACBDCAACACBCACACBCCABCACBCCDCCBDCADDBBBCBCBBBBACADAACCCBBBADBCBAAABBCCBB	['D10C', 'D13B', 'D20A', 'D35C', 'D36A', 'B41C', 'C55D', 'B60C', 'C62D', 'A63D', 'A71B', 'C72B', 'C73B', 'A84B', 'C90B']	15	-0.81576586	-4.3768964	-2.3303928	-1.514627
BCCDDDCDCBDDDCDDABCAABCABDBACBDCAACABBCABACBCDABCCCBCCCCCBDBADDCBBCBCBBCDACADABCCCBABADBCBADABBCCBB	['D10B', 'D20A', 'D35C', 'D36A', 'C37B', 'C46D', 'A50C', 'C62D', 'A63D', 'B64C', 'A71B', 'C73D', 'A79B', 'C90B', 'A92D']	15	0.5754099	-4.3806777	-0.94300175	-1.5184116
AAADDDCDCADDBCDDACCDABCABDBACBDCAACACBCACACBCCABCACBCCCCDBDBDDABBBCBCBACCCCACAACCCBABADBDBAAABBCCBB	['B1A', 'C2A', 'C3A', 'D10A', 'D13B', 'B18C', 'D35C', 'D36A', 'B41C', 'C57D', 'A61D', 'C62D', 'A74C', 'D77C', 'C89D', 'C90B']	16	-2.5068693	-4.382478	-4.0270834	-1.5202141
BCCDDDCDCADDBCDDABCDABCABDBACDDCADDACBCABACBCCABCACBCCCCCBDBACDBBBCBCBBCCACADAACCCBABADCCCAABBBCCBB	['D10A', 'D13B', 'B30D', 'A34D', 'D36A', 'A63D', 'A71B', 'B88C', 'A93B']	9	-3.4186234	-4.383819	-4.9401817	-1.5215583
AAADDDCDCCACBCCCABCAABCABDBACBDCAADDCBCABACBCDABCACBCDCCCBDBADACBBCBCBBCCACCCAACCCBBBADBCBAAABBCCBB	['B1A', 'C2A', 'C3A', 'D10C', 'D11A', 'D12C', 'D13B', 'D15C', 'D16C', 'D20A', 'C46D', 'C54D', 'C62D', 'B64C', 'A71B', 'A76C', 'D77C', 'A84B', 'C90B']	19	0.18295527	-1.5216212	-1.338664	-1.5216193
AAADDDCDCCDABCDDABCDABCABDBACBDCAADDCBCABACBCDABCACBCCCCCBDBADDCBBCBCBCACACACAACCCBBBADBCBAABBCCCBB	['B1A', 'C2A', 'C3A', 'D10C', 'D12A', 'D13B', 'C46D', 'C62D', 'A63D', 'B64C', 'A71C', 'C72A', 'D77C', 'A84B', 'C90B', 'A93B', 'B95C']	17	-1.7842245	-4.387283	-3.3092413	-1.5250168
BCCDDDCDCBDDDCDDABDDABCABDBACBDCAADDCBCABACBCBABCACBCDCCCBDCADDBBBBBCBBCCACADAACCBBBBADBCBAABBBCCBB	['D10B', 'C19D', 'C46B', 'C54D', 'B60C', 'C62D', 'A63D', 'C67B', 'A71B', 'C82B', 'A84B', 'C90B', 'A93B']	13	3.431684	1.3354368	1.9048624	-1.5268216
BCCDDDCDCCDDBCDDABCDABCABDBACBDCCACABBCABACBCCABCACBCCCCCBDBACDBBBCBCBBBBACACAACCCBBBADBCBAAABBCCBB	['D10C', 'D13B', 'A33C', 'D35C', 'D36A', 'C37B', 'A63D', 'A71B', 'C72B', 'C73B', 'D77C', 'A84B', 'C90B']	13	-1.5190139	-4.392591	-3.0493355	-1.5303216
BCCDDDCDCDDDDCDDABCAABCABDBACBDCAACACBCABACBCCABCACBCCCCCBDBADDCBBCBCBACCCCADAACCCBABADBCBAAABBCCBB	['D20A', 'D35C', 'D36A', 'C62D', 'A63D', 'B64C', 'A74C', 'C90B']	8	-3.0242586	-4.405652	-4.567645	-1.5433865
AAADDDCDCDDBDDDDABCDABCABDBACBDCAACCCBCABACBCCABCACBCCCCCBDBADDBBBABCBACCACADAACCCBABADBCCAAABBCCBB	['B1A', 'C2A', 'C3A', 'D12B', 'C14D', 'D35C', 'D36C', 'C62D', 'A63D', 'C67A']	10	-3.5140824	-4.405783	-5.057604	-1.5435214
BCCDDDCDCBDDDCDDABCDABCABDBACBDCAACCBBCACACBCCABCACBCDCCDBDBACDBBBCBCBBCCACADAACCABABADBCCAABBBCCBB	['D10B', 'D35C', 'D36C', 'C37B', 'B41C', 'C54D', 'C57D', 'A63D', 'A71B', 'C82A', 'A93B']	11	1.5333085	0.93000984	-0.012799263	-1.5461078
BCCDDDCDCBDDBCDDABCDABCABDBACBDCBADDCBCABACBCDABCACBCDCCCBDBACDBBBCBABBCCACCDAACCBBABADBCBAABBBCCBB	['D10B', 'D13B', 'A33B', 'C46D', 'C54D', 'A63D', 'C69A', 'A71B', 'A76C', 'C82B', 'C90B', 'A93B']	12	3.170857	1.3154192	1.6240168	-1.5468402
BCCDDDCDCDDCBDDDABCDABCABDBACBDCAACDBBCABACBCCABCACBCCDCCBDBACDBBBCBCBACCACADAACCCBBBADBCCAAABBCCBB	['D12C', 'D13B', 'C14D', 'D35C', 'C37B', 'C55D', 'A63D', 'A84B']	8	-3.4171004	-4.4096346	-4.964467	-1.5473666
BCCDDDCDCDDDDCDDABCDABCABDBACDDCAACCCBCABACBBCABCACBCCCCCBDBADBBBBCBCBCCCACACAACCCBABADBBCAAABBCCBB	['B30D', 'D35C', 'D36C', 'C45B', 'C62D', 'A63B', 'A71C', 'D77C', 'C89B']	9	-4.387183	-4.4135046	-5.9384193	-1.5512362
BCCDDDCDCDDDDCDDABCDABCABDBACDDCBACACBCABACBCCABCACBCCCCCBDBADDDBBCBCBACCACADAACCCBABADBCCAAABBCCBB	['B30D', 'A33B', 'D35C', 'D36A', 'C62D', 'A63D', 'B64D']	7	-4.147575	-4.4190474	-5.704362	-1.556787
BCCDDDCDCADADCCBABCBABCABDBACBDCAAAACBCACACBCCABCACBCCCCCBDBADDBBBCBAAACDACADAACCCBABADBCBAAABBCCBB	['D10A', 'D12A', 'D15C', 'D16B', 'D20B', 'D35A', 'D36A', 'B41C', 'C62D', 'A63D', 'C69A', 'B70A', 'C73D', 'C90B']	14	-1.9650984	-4.4191685	-3.5220003	-1.5569019
BCCDDDCDCADDDDDDABCDABCABDBACDDCAACCCBCABACBCCABCACBCCCCCBDBACDBBBCBCBBCCACADAACCCBABADCCCAAABBCCBB	['D10A', 'C14D', 'B30D', 'D35C', 'D36C', 'A63D', 'A71B', 'B88C']	8	-2.903789	-4.4192705	-4.4607906	-1.5570016
BCCDDDCDCCDDDCDDABCDABCABDBACBDCAADDCBCACACBCCABCACBCCCCCBDBACDBBBCBCBBCBACADAACCBBABADBCBAABBBCCBB	['D10C', 'B41C', 'A63D', 'A71B', 'C73B', 'C82B', 'C90B', 'A93B']	8	0.6469083	-1.5573893	-0.91047764	-1.5573859
BCCDDDCDCDDDDCDDACCDABCABDBACBDCAACDBBCABACBCCABCACBCCCCDBDCACDCBBCBCBADCACADAACCCBABADBCCAABBBCCBB	['B18C', 'D35C', 'C37B', 'C57D', 'B60C', 'A63D', 'B64C', 'C72D', 'A93B']	9	-4.074495	-4.4202666	-5.632492	-1.5579972
BCCDDDCDCBDDDDDDABCDABCABDBACBDCBADDBBCACACBCCABCACBBDDCCBDBCDDBBBCBCBBCCCCACACCCABBBADBCBAABBBCCBB	['D10B', 'C14D', 'A33B', 'C37B', 'B41C', 'C53B', 'C54D', 'C55D', 'A61C', 'C62D', 'A63D', 'A71B', 'A74C', 'D77C', 'A79C', 'C82A', 'A84B', 'C90B', 'A93B']	19	3.3733764	0.91724205	1.8145056	-1.5588708
BCCDDDCDCBDDBCDDABCDABBABDBACBDCBADDCBCABACBCCABCACBCDCCDCDCACDBBBCBCBBCCACCDAACCBBABADBCCAABBBCCBB	['D10B', 'D13B', 'C23B', 'A33B', 'C54D', 'C57D', 'B58C', 'B60C', 'A63D', 'A71B', 'A76C', 'C82B', 'A93B']	13	3.9655647	1.3023653	2.4056683	-1.5598965
BCCDDDCDCBDDBCDDABCDABBABDBACBDCBADDCBCABACBCCABCACBCDCCDCDCACDBBBCBCBBCCACCDAACCBBABADBCCAABBBCCBB	['D10B', 'D13B', 'C23B', 'A33B', 'C54D', 'C57D', 'B58C', 'B60C', 'A63D', 'A71B', 'A76C', 'C82B', 'A93B']	13	3.9655647	1.3023653	2.4056683	-1.5598965
BCCDDDCDCCADDCDDABCDABCABDBACBDCAAAACBCABACBCCABCACBCCCCCBDBCCDBBBCBCBBDBACADAACCCBBBADBCBAABBBCCBB	['D10C', 'D11A', 'D35A', 'D36A', 'A61C', 'A63D', 'A71B', 'C72D', 'C73B', 'A84B', 'C90B', 'A93B']	12	-2.0304017	-4.4232583	-3.5913935	-1.5609918
BCCDDDCDCADCBDCCABCCABCABDBACBDDBACAABCABACBCCBBCACBCBCCCCDBADCCBBCBCBBCCACCCADCCBBBBADBCCCAABBCCBB	['D10A', 'D12C', 'D13B', 'C14D', 'D15C', 'D16C', 'D20C', 'C32D', 'A33B', 'D35C', 'D36A', 'C37A', 'A47B', 'C54B', 'B58C', 'C62D', 'A63C', 'B64C', 'A71B', 'A76C', 'D77C', 'A79D', 'C82B', 'A84B', 'A91C']	25	3.562999	-0.7255039	2.0002184	-1.5627806
BCCDDDCDCBDDBCDDABCAABCABDBACBDCAACABBCABACBCCABCACBCDCCCBDBACDBBBCBCBBCCACADAACCCBBBADBABADABCCCBB	['D10B', 'D13B', 'D20A', 'D35C', 'D36A', 'C37B', 'C54D', 'A63D', 'A71B', 'A84B', 'C89A', 'C90B', 'A92D', 'B95C']	14	0.5703058	-1.5705462	-1.0002356	-1.5705414
BCCDDDCDCBDDDCDDABCDABCABDBACBDCAADDBBCABACBCDBBCACBCDCCDBDBACDBBBCBCBBCDACADAACCCBBBADBCBAABBBCCBB	['D10B', 'C37B', 'C46D', 'A47B', 'C54D', 'C57D', 'A63D', 'A71B', 'C73D', 'A84B', 'C90B', 'A93B']	12	-0.42104387	-1.5727396	-1.9937792	-1.5727353
AAADDDCDCCDDBCDBABCCADCABDBACBDCAACACBCABACBCDABCACBCCCCCBDBADDBBBCBCBCCCACADAACCCABBADBCCAAABBCCBB	['B1A', 'C2A', 'C3A', 'D10C', 'D13B', 'D16B', 'D20C', 'B22D', 'D35C', 'D36A', 'C46D', 'C62D', 'A63D', 'A71C', 'B83A', 'A84B']	16	-0.28728962	-4.437651	-1.8626738	-1.5753841
BCCDDDCDCCDDDCDDABCAABCABDBACBDCAADDABCACACBCCABCACBCCCCCBDBADDBBBCBCBBCBACACAACCCBBBADBCCAABBBCCBB	['D10C', 'D20A', 'C37A', 'B41C', 'C62D', 'A63D', 'A71B', 'C73B', 'D77C', 'A84B', 'A93B']	11	-2.3479166	-4.4413176	-3.9269648	-1.5790482
BCCDDDCDCDDDDCDDABAAABCABDBACBDCAADDCBCACACBCCABCACBCCCCCBDBACDBBBCBCBACCACACAACCCBABADBCCAABBBCCBB	['C19A', 'D20A', 'B41C', 'A63D', 'D77C', 'A93B']	6	-4.3204255	-4.441661	-5.8998175	-1.579392
BCCDDDCDCADDDCDDABCDABCABDBACBDCAADDCBCABACBCCABCACBCCCCCBDBACDCBBCBCBACCACADAACCCBBBADBCBAAABBCCBB	['D10A', 'A63D', 'B64C', 'A84B', 'C90B']	5	-2.9343686	-4.4419827	-4.5140867	-1.5797181
BCCDDDCDCBDDDCCDABCDABCABDBACBDCBADDCBCACACBCDABCACBCCCCCBDBADDBBACBCBACCACACAACCCBBBADCCBAABBCCCBB	['D10B', 'D15C', 'A33B', 'B41C', 'C46D', 'C62D', 'A63D', 'B66A', 'D77C', 'A84B', 'B88C', 'C90B', 'A93B', 'B95C']	14	0.30825186	-4.4427967	-1.2722788	-1.5805306
BCCDDDCDCCDDDCDDABCDABCABDBACBDCAADDCBCACACBCDABCACBBCCCCBDBADDCBBCBCBBCCCCACAACCABBBADBCBAABBBCCBB	['D10C', 'B41C', 'C46D', 'C53B', 'C62D', 'A63D', 'B64C', 'A71B', 'A74C', 'D77C', 'C82A', 'A84B', 'C90B', 'A93B']	14	1.8780284	-1.9679756	0.29619884	-1.5818295
BCCDDDCDCBDBDCDDABACABCABDBACDDCAADDCBCABACBCCABCACBCCCCCBDBACDBBBCBCBACCACACAACCCBABADCBCAAABBCCBB	['D10B', 'D12B', 'C19A', 'D20C', 'B30D', 'A63D', 'D77C', 'B88C', 'C89B']	9	-2.8536477	-4.447729	-4.439105	-1.5854573
AAADDDCDCDDDDCCDABCDABCABDBACDDCAADDCBCABDCBCDABCACBCCCCCBDBACDBBBCBCBACCACACAACCCBACADBCCAAABBCCBB	['B1A', 'C2A', 'C3A', 'D15C', 'B30D', 'A42D', 'C46D', 'A63D', 'D77C', 'B85C']	10	-4.2829676	-4.449655	-5.8703585	-1.5873909
BCCDDDCDCDDDDCCDAABDABCABDBACBDCAADBCBCABACBCBABCACBCDCCCCDBADDBBBCBCBCAAACADAACCBBACADBCBADABBCCBB	['D15C', 'B18A', 'C19B', 'D36B', 'C46B', 'C54D', 'B58C', 'C62D', 'A63D', 'A71C', 'C72A', 'C73A', 'C82B', 'B85C', 'C90B', 'A92D']	16	2.6361637	1.2725039	1.0464087	-1.589755
BCCDDDCDCCDDDCDDABCAABCABDBACBDCAACABBCABACBCDABCACBCDCCCBDCADDBBBCBCBBCBACACAACCCBBCADBCBAAABBCCBB	['D10C', 'D20A', 'D35C', 'D36A', 'C37B', 'C46D', 'C54D', 'B60C', 'C62D', 'A63D', 'A71B', 'C73B', 'D77C', 'A84B', 'B85C', 'C90B']	16	-0.2560053	-1.5984154	-1.8544149	-1.5984097
BCCDDDCDCCDDDCCDABAAABCABDBACBDCAACACBCACACBCCABCACBCCCCCBDBACDBBBCBCBBCBACADAACCCBBBADBCBAAABBCCBB	['D10C', 'D15C', 'C19A', 'D20A', 'D35C', 'D36A', 'B41C', 'A63D', 'A71B', 'C73B', 'A84B', 'C90B']	12	-0.77508926	-4.463249	-2.376069	-1.6009798
AAADDDCDCBDDDDDDABCDABCABDBACBDCBADDBBCABACBCCABCACBCDCCDBDBACDBBBCBCBBCDACADAACCCBBBADBCBAABBBCCBB	['B1A', 'C2A', 'C3A', 'D10B', 'C14D', 'A33B', 'C37B', 'C54D', 'C57D', 'A63D', 'A71B', 'C73D', 'A84B', 'C90B', 'A93B']	15	1.4392958	-1.6029482	-0.16364765	-1.6029434
BCCDDDCDCDDDDCDDABCDABCABDBACBDCAADABBCABACBCCABCACBCCCCCBDBACDBBBCBCBBCCACADAACCCBBBADCCBAAABBCCBB	['D36A', 'C37B', 'A63D', 'A71B', 'A84B', 'B88C', 'C90B']	7	-2.0251613	-4.4653215	-3.6282148	-1.6030536
BCCDDDCDCDDDDCDDABCDADCABDBACBDCAADDABCABACBCDABCACBCCCCDBDBADDBBBCBCBBDCACACAACCCBBBADBCCAABBBCCBB	['B22D', 'C37A', 'C46D', 'C57D', 'C62D', 'A63D', 'A71B', 'C72D', 'D77C', 'A84B', 'A93B']	11	-3.6359549	-4.4701815	-5.243867	-1.6079121
BCCDDDCDCDDDDCDDABCDABCABDBACBDCAACDABCABACBCBABCACBCCCCCBDBACDBBBCBCBACCACADAACCBBABADBCCAAABBCCBB	['D35C', 'C37A', 'C46B', 'A63D', 'C82B']	5	-1.1116538	-1.6112227	-2.7228718	-1.611218
BCCDDDCDCCDDDCDDABCDABCABDBACDDCAADACBCABACBCCABCACBCCCCCBDBACABBBCBCBACCACADAACCCBABADCCCAAABBCCBB	['D10C', 'B30D', 'D36A', 'B88C']	4	-4.2185845	-4.473671	-5.829982	-1.6113973
BCCDDDCDCCDDDCDDABCDABCABDBACBDCAADDCBCABACBCCABCACBCCCCCBDBADDBBBCBCBBCBACACAACCABABADBCBAABBBCCBB	['D10C', 'C62D', 'A63D', 'A71B', 'C73B', 'D77C', 'C82A', 'C90B', 'A93B']	9	0.013109207	-1.998486	-1.5992289	-1.6123381
BCCDDDCDCCDDDCDDABCDABCABDBACBDCAADDCBCABACBCCABCACBCCCCCBDBADDBBBCBCBBCBACACAACCABABADBCBAABBBCCBB	['D10C', 'C62D', 'A63D', 'A71B', 'C73B', 'D77C', 'C82A', 'C90B', 'A93B']	9	0.013109207	-1.998486	-1.5992289	-1.6123381
BCCDDDCDCCADDCCDADBAABCABDBACBDCAADABBCABACBCDABCACBCCDCCBDBACABBBCBCCBCCACADACCCCBBBADACBAAABBCCBB	['D10C', 'D11A', 'D15C', 'B18D', 'C19B', 'D20A', 'D36A', 'C37B', 'C46D', 'C55D', 'B70C', 'A71B', 'A79C', 'A84B', 'B88A', 'C90B']	16	-1.3470736	-4.4760113	-2.9608154	-1.6137419
BCCDDDCDCDDDDCCDADCAABCABDBACBDCAADABBCABACBCDABCACBCCCCCBDCADDBBBCBCBCBAACADAACCCBABADBCBAABBBCCBB	['D15C', 'B18D', 'D20A', 'D36A', 'C37B', 'C46D', 'B60C', 'C62D', 'A63D', 'A71C', 'C72B', 'C73A', 'C90B', 'A93B']	14	-2.1017904	-4.478395	-3.7179193	-1.6161289
BCCDDDCDCDDCDDDDABCDABCABDBACBDCAACDCBCACACBCCABCACBCCCCCBDBADDBBBCCCBCCCACACAACCCBABADBCCAABBBCCBA	['D12C', 'C14D', 'D35C', 'B41C', 'C62D', 'A63D', 'B68C', 'A71C', 'D77C', 'A93B', 'B99A']	11	-4.3479652	-4.479122	-5.964819	-1.6168537
BCCDDDCACDDDDCDDABCDABCABDBACBDCAADDCBCABACBCCABCACBCCCCCBDBACDBBBCBCBACCACACAACCCBABADBCBAAABBCCBB	['D8A', 'A63D', 'D77C', 'C90B']	4	-4.4511323	-4.479779	-6.0686455	-1.6175132
BCCDDDCDCBADBCCDABCAABCDBDBACBDCAADACBCABADBCDABCACBCDCCCBDBACDBBBBBABBCDACADAACCABBBADBCBAAABBCCBB	['D10B', 'D11A', 'D13B', 'D15C', 'D20A', 'A24D', 'D36A', 'C43D', 'C46D', 'C54D', 'A63D', 'C67B', 'C69A', 'A71B', 'C73D', 'C82A', 'A84B', 'C90B']	18	5.7939034	0.858552	4.17634	-1.6175632
BCCDDDCDCDDDDCDDABCDABCABDBACBDCAABDBBCABACBCCABCACBCCCCCBDBADCCBBCBBBCDCACACAACCCBABADBCCAABBBCCBB	['D35B', 'C37B', 'C62D', 'A63C', 'B64C', 'C69B', 'A71C', 'C72D', 'D77C', 'A93B']	10	-4.2035494	-4.482361	-5.8236475	-1.6200981
BCCDDDCDCCDDDCDDABCDABCABDBACBDCAACAABCABACBCCABCACBCCCCCBDBADDCBBCBCBACCACADAACCDBBBADBCBAABBCCCBB	['D10C', 'D35C', 'D36A', 'C37A', 'C62D', 'A63D', 'B64C', 'C82D', 'A84B', 'C90B', 'A93B', 'B95C']	12	-1.1315184	-3.900917	-2.7531986	-1.6216803
BCCDDDCDCDDDDCDDABCAABCABDBACBDCAACACBCABACBCDABCACBCCCCCBDBADDBBBCBCBACBACADAACCCBABADBCBAAABBCCBB	['D20A', 'D35C', 'D36A', 'C46D', 'C62D', 'A63D', 'C73B', 'C90B']	8	-3.3368702	-4.484883	-4.959484	-1.6226139
BCCDDDCDCDDDDCDDABCDABCABDBACDDCBADDBBCABACBCDABCACBCCCCCBDBACABBBCBCBACCACADAACCCBABADCCCAABBBCCBB	['B30D', 'A33B', 'C37B', 'C46D', 'B88C', 'A93B']	6	-4.356603	-4.487225	-5.9815598	-1.6249566
BCCDDDCDCCDDDCDDABCDABCABDBACBDCAADDCBCABACBBDABCACBCCCCCBDBACDCBBCBCBABBACACAACCBBABADBCBAABBCCCBB	['D10C', 'C45B', 'C46D', 'A63D', 'B64C', 'C72B', 'C73B', 'D77C', 'C82B', 'C90B', 'A93B', 'B95C']	12	-0.84381294	-1.6268196	-2.4706287	-1.6268158
BCCDDDCDCCDDDCDDABBAABCABDBACBDCAADDCBCABACBCDABCACBCCCCCBDBACDBBBCBCBBDDACADAACCCBBBADBCBAABBBCCBB	['D10C', 'C19B', 'D20A', 'C46D', 'A63D', 'A71B', 'C72D', 'C73D', 'A84B', 'C90B', 'A93B']	11	-0.9663968	-4.4932537	-2.5973816	-1.6309848
AAADDDCDCCDDDCDDABCDABCABDBACBDCBADDCBCABACBCCABCACBCDCCDBDBADDBBBCBCBBCBACACAACCBBABADBCBAABBBCCBB	['B1A', 'C2A', 'C3A', 'D10C', 'A33B', 'C54D', 'C57D', 'C62D', 'A63D', 'A71B', 'C73B', 'D77C', 'C82B', 'C90B', 'A93B']	15	2.257565	1.2201772	0.6154852	-1.6420798
AAADDDCDCCDDDCDDABCCABCABDBACBDCBACACBCABAABCCABCACBCBCCCBDBADDBBABBABBCDACADAACCCBBBADBCBAAABBCCBB	['B1A', 'C2A', 'C3A', 'D10C', 'D20C', 'A33B', 'D35C', 'D36A', 'C43A', 'C54B', 'C62D', 'A63D', 'B66A', 'C67B', 'C69A', 'A71B', 'C73D', 'A84B', 'C90B']	19	3.4531863	-3.6679654	1.8102064	-1.6429799
BCCDDDCDCCDDDCDDABCCABCABDBACDDCCABACBCABACBCCABCACBCBCCCBDBADDBBBCBCBCCCACADAACCCBACADCCBAABBBCCBB	['D10C', 'D20C', 'B30D', 'A33C', 'D35B', 'D36A', 'C54B', 'C62D', 'A63D', 'A71C', 'B85C', 'B88C', 'C90B', 'A93B']	14	-0.70261383	-3.6748066	-2.3524265	-1.6498127
BCCDDDCDCBDDDCDDABCDABCABDBACBDCAADDBBCABACBCDABCACBCDCCCBDCADDBBBCBCBBCCACCCAACCBBABADBCCAABBBCCBB	['D10B', 'C37B', 'C46D', 'C54D', 'B60C', 'C62D', 'A63D', 'A71B', 'A76C', 'D77C', 'C82B', 'A93B']	12	2.032681	1.211565	0.38198376	-1.6506972
AAADDDCDCDDDDCDDABCDABCABDBACBDCAACCCBBACACBCCABCACBCCCCCBDBACDBBBCBCBBCCACADAACCCBABADDCCAABBBCCBB	['B1A', 'C2A', 'C3A', 'D35C', 'D36C', 'C39B', 'B41C', 'A63D', 'A71B', 'B88D', 'A93B']	11	-3.38874	-4.516002	-5.0424776	-1.6537375
BCCDDDCDCCDABCDDABCDABCABDBACBDCAACCBBAABACBCCABCACBCCCCCBDBADDBBBCBCBBCCACACAACCDBABADDCCAAABBCCBB	['D10C', 'D12A', 'D13B', 'D35C', 'D36C', 'C37B', 'C39A', 'C62D', 'A63D', 'A71B', 'D77C', 'C82D', 'B88D']	13	-3.4962807	-3.9334543	-5.150503	-1.6542225
AAADDDCDCCDDBCDBABCCABCABDBACBDCBADABBCACACBCCABCACBCBCCCBDBADDBBBCBCBBACCCADAACCBBBBADBCBAABBBCCBB	['B1A', 'C2A', 'C3A', 'D10C', 'D13B', 'D16B', 'D20C', 'A33B', 'D36A', 'C37B', 'B41C', 'C54B', 'C62D', 'A63D', 'A71B', 'C72A', 'A74C', 'C82B', 'A84B', 'C90B', 'A93B']	21	4.853031	-0.8178158	3.1979418	-1.6550894
BCCDDDCDCBDDDCDDABCDABCABDBACBDCAACAABCABACBBCABCACBCCCCCBDBACDABBCBCBACCACADAACCCBBBADBDBAABBBCCBB	['D10B', 'D35C', 'D36A', 'C37A', 'C45B', 'A63D', 'B64A', 'A84B', 'C89D', 'C90B', 'A93B']	11	-2.0807886	-4.5189786	-3.7374992	-1.6567106
BCCDDDCDCCDDDCDDABCAABCABDBACBDCCACABBCABACBCBABCACBCBCCCCDBBDDBBABBCBCCBACADAACCBBABADBCBAAABBCCBB	['D10C', 'D20A', 'A33C', 'D35C', 'D36A', 'C37B', 'C46B', 'C54B', 'B58C', 'A61B', 'C62D', 'A63D', 'B66A', 'C67B', 'A71C', 'C73B', 'C82B', 'C90B']	18	3.755755	-0.82522154	2.0932608	-1.6624942
BCCDDDCDCBDDDCDDABCDABCABDBACBDCDADDCBCABACBCCABCACBCDCCCBDBACDBBBCBCBBCCACADAACCBBABADBCCAAABBCCBB	['D10B', 'A33D', 'C54D', 'A63D', 'A71B', 'C82B']	6	1.2011371	1.1994996	-0.4616251	-1.6627622
BCCDDDCDCDDDDCCDABBDABCABDBACBDCAACDCBCABACBCDABCACBCCCCDBDBACDBBBCBCBCCCACADAACCABAAADBCCAABBBCCBB	['D15C', 'C19B', 'D35C', 'C46D', 'C57D', 'A63D', 'A71C', 'C82A', 'B85A', 'A93B']	10	-1.4512825	-2.0536747	-3.1188087	-1.6675262
BCCDDDCDCCDDDCDDABCDABCABDBACDDCAACCABCACACBDCABCACBCCCCCBDBADABBBCBCBCCCACADAACCCBABADBCCAAABBCCBB	['D10C', 'B30D', 'D35C', 'D36C', 'C37A', 'B41C', 'C45D', 'C62D', 'A71C']	9	-4.249828	-4.531965	-5.919524	-1.6696963
BCCDDDCDCDDDDCDDABCDABBABDBACBDCAADDCBCABACBCDABCACBCCCCCBDCADCCBBCBCBAACACACAACCDBABADBCBAABBBCCBB	['C23B', 'C46D', 'B60C', 'C62D', 'A63C', 'B64C', 'C72A', 'D77C', 'C82D', 'C90B', 'A93B']	11	-3.245994	-3.954636	-4.9213953	-1.6754012
AAADDDCDCAADBCDDABCDABCABDBACBDCBADDCBCABACBCBABCACBCCCCCBDBACDBBBCBCBBCCACADAACCBBBBADBCBAABBBCCBB	['B1A', 'C2A', 'C3A', 'D10A', 'D11A', 'D13B', 'A33B', 'C46B', 'A63D', 'A71B', 'C82B', 'A84B', 'C90B', 'A93B']	14	3.450426	-1.6788673	1.7715626	-1.6788635
BCCDDDCDCBDDDCCDABCCABCABDBACBDCAADACBCABACBCDABCACBCDCCDCDCADDBBBCBCBBCCACADAACCABBCADBCBADABBCCBB	['D10B', 'D15C', 'D20C', 'D36A', 'C46D', 'C54D', 'C57D', 'B58C', 'B60C', 'C62D', 'A63D', 'A71B', 'C82A', 'A84B', 'B85C', 'C90B', 'A92D']	17	4.7513514	0.7937741	3.0690107	-1.6823406
BCCDDDCDCBDDBCDDABCDABCABDBACDDCBADDCBCABACBBCABCACBCBCCCBDCCDDBBBCBCBACCACACAACCCBABADCCCAABBBCCBB	['D10B', 'D13B', 'B30D', 'A33B', 'C45B', 'C54B', 'B60C', 'A61C', 'C62D', 'A63D', 'D77C', 'B88C', 'A93B']	13	-3.1221385	-3.707364	-4.804516	-1.6823773
AAADDDCDCBADDDCDABCAABCDBDBACBDCAABACBCACACBCDABCACBCDCCCBDBADDBBBCBCBBCDACADAACCCBBCADBCBAABBBCCBB	['B1A', 'C2A', 'C3A', 'D10B', 'D11A', 'C14D', 'D15C', 'D20A', 'A24D', 'D35B', 'D36A', 'B41C', 'C46D', 'C54D', 'C62D', 'A63D', 'A71B', 'C73D', 'A84B', 'B85C', 'C90B', 'A93B']	22	4.074104	-1.685328	2.3887787	-1.6853251
AAADDDCDCCDDBCDDABCDABCABDBACBDCBADDCBCABACBCDABCACBCBDCCBDBADDBBBCBCBBCCACADAACCABBBADBCBACABBCCBB	['B1A', 'C2A', 'C3A', 'D10C', 'D13B', 'A33B', 'C46D', 'C54B', 'C55D', 'C62D', 'A63D', 'A71B', 'C82A', 'A84B', 'C90B', 'A92C']	16	2.4996557	-1.235012	0.8135166	-1.6861391
BCCDDDCDCDDDDCDDABCDABCABDBACBDCAADDCBCABACBCDABCACBCCCCCBDBACABBBCBCBACCACADAACCCBBBADBCCAAABBCCBB	['C46D', 'A84B']	2	-4.351881	-4.5512443	-6.0408545	-1.6889734
BCCDDDCDCCDDDCDDABCDABCABDBACBDCAADDBBCABACBCCABCACBCCCCCBDBACDBBBCBCBACCACACAACCABABADBCCAABBBCCBB	['D10C', 'C37B', 'A63D', 'D77C', 'C82A', 'A93B']	6	-1.1719942	-2.0759606	-2.861806	-1.6898117
BCCDDDCDCDDDDCDDABCCABCABDBACDDCAACAABCACACBCDABCACBBCCCCBDBACDBBBCBCBACCACADAACCCBABADCCBAABBBCCBB	['D20C', 'B30D', 'D35C', 'D36A', 'C37A', 'B41C', 'C46D', 'C53B', 'A63D', 'B88C', 'C90B', 'A93B']	12	-2.8197598	-4.552448	-4.5099382	-1.6901784
AAADDDCDCCDDBCDDABCDABCABDBACBDCAADDABCABABBCDABCACBCBCCCCDBADDCBBCBCBACCACADAACCABABADBCCAABBBCCBB	['B1A', 'C2A', 'C3A', 'D10C', 'D13B', 'C37A', 'C43B', 'C46D', 'C54B', 'B58C', 'C62D', 'A63D', 'B64C', 'C82A', 'A93B']	15	-0.08567238	-1.2397814	-1.7765846	-1.6909122
BCCDDDCDCCDDDCCDABCDABCABDBACBDCAADDCBCABACBCCABCACBCCCCCBDBADBBBBCBCBACCACADAACCBBABADBCCAABBBCCBB	['D10C', 'D15C', 'C62D', 'A63B', 'C82B', 'A93B']	6	-0.504107	-1.6930547	-2.197157	-1.6930499
BCCDDDCDCBDDDCDDABCDABCABDBACBDCAACDBBCABACBCCABCACBCCCCCBDBACDCBBCBCBACDACADAACCCBABADBCBAABBBCCBB	['D10B', 'D35C', 'C37B', 'A63D', 'B64C', 'C73D', 'C90B', 'A93B']	8	-1.5637765	-4.559157	-3.260665	-1.6968884
BCCDDDCDCBDDDCCDABCDABCABDBACDDCBACBBBCABADBCCABCACBCCCCCBDCADDBBBCBCBACCACADAACCCBBBADCCBAABBBCCBB	['D10B', 'D15C', 'B30D', 'A33B', 'D35C', 'D36B', 'C37B', 'C43D', 'B60C', 'C62D', 'A63D', 'A84B', 'B88C', 'C90B', 'A93B']	15	0.39784336	-4.56058	-1.3004665	-1.6983099
BCCDDDCDCBDDBCDDABCDABCABDBACDDCCACABBCABACBCCABCACBCCCCCBDBACDCBBCBDBBCCACACAACCCBABADCCCAAABBCCBB	['D10B', 'D13B', 'B30D', 'A33C', 'D35C', 'D36A', 'C37B', 'A63D', 'B64C', 'C69D', 'A71B', 'D77C', 'B88C']	13	-2.1937966	-4.56312	-3.8946543	-1.7008576
BCCDDDCDCBDDDCDDABCDABCABDBACBDCAADDCBCABACBCDABCACBCDCCCBDBADDBBBBBBBBBBACADAACCABABADBCBAAABBCCBB	['D10B', 'C46D', 'C54D', 'C62D', 'A63D', 'C67B', 'C69B', 'A71B', 'C72B', 'C73B', 'C82A', 'C90B']	12	0.89227533	0.773437	-0.8104038	-1.7026792
BCCDDDCDCBDDDCDDABCDABCABDBACBDCAACDABCACACBCDABCACBCDCCDBDBACDBBBCBCBBCCACADAACCBBABADBCBAABBBCCBB	['D10B', 'D35C', 'C37A', 'B41C', 'C46D', 'C54D', 'C57D', 'A63D', 'A71B', 'C82B', 'C90B', 'A93B']	12	1.6341281	1.1584072	-0.06972504	-1.7038531
BCCDDDCDCDADDCDDABCDABCABDBACBDCAADDCBCABACBCCABCACBCCCCCBDBACDBBBCBCBBBBACADAACCCBBBADBCBAAABBCCBB	['D11A', 'A63D', 'A71B', 'C72B', 'C73B', 'A84B', 'C90B']	7	-2.6856585	-4.56678	-4.390173	-1.7045145
BCCDDDCDCDDDDCCDABCCABCABDBACDDCAACCABCABACBCCABCACBCCCCCBDCADBBBBCBCBACCACADAACCCBABADBCCAAABBCCBB	['D15C', 'D20C', 'B30D', 'D35C', 'D36C', 'C37A', 'B60C', 'C62D', 'A63B']	9	-3.686283	-4.5689955	-5.393018	-1.7067347
BCCDDDCDCCDDDCDDABCDABCABDBACBDCAADDBBCABACBCDABCACBCCCCCBDBACDCBBCBCBACCACCDAACCABABADBCBAABBBCCBB	['D10C', 'C37B', 'C46D', 'A63D', 'B64C', 'A76C', 'C82A', 'C90B', 'A93B']	9	0.069841385	-2.0970368	-1.6410465	-1.7108879
BCCDDDCDCDDDBDDDBBCCABCABDBACDDCAACABBCABACBCCABCACBCCCCCBDBACDBBBCBCBACCACADAACCCBABADBCCAAABBCCBB	['D13B', 'C14D', 'A17B', 'D20C', 'B30D', 'D35C', 'D36A', 'C37B', 'A63D']	9	-4.0348873	-4.57426	-5.7468843	-1.711997
BCCDDDCDCDDDBDDDBBCCABCABDBACDDCAACABBCABACBCCABCACBCCCCCBDBACDBBBCBCBACCACADAACCCBABADBCCAAABBCCBB	['D13B', 'C14D', 'A17B', 'D20C', 'B30D', 'D35C', 'D36A', 'C37B', 'A63D']	9	-4.0348873	-4.57426	-5.7468843	-1.711997
BCCDDDCDCCCDBCCDABAAABCABDBACBDCAACACBCABACBCDABCACBCDCCCBDCADDBBBCBCBBCBACCDAACCCBABADBABAABBBCCBB	['D10C', 'D11C', 'D13B', 'D15C', 'C19A', 'D20A', 'D35C', 'D36A', 'C46D', 'C54D', 'B60C', 'C62D', 'A63D', 'A71B', 'C73B', 'A76C', 'C89A', 'C90B', 'A93B']	19	1.4808493	-1.7126918	-0.23183918	-1.7126884
BCCDDDCDCDDDBCDDACCAABCABDBACBDCAADDCBCABACBCCABCACBCCCCCBDBACDBBBCBCBBDCACACAACCCBABADBCBAAABBCCBB	['D13B', 'B18C', 'D20A', 'A63D', 'A71B', 'C72D', 'D77C', 'C90B']	8	-3.8218656	-4.5823145	-5.5419188	-1.7200532
BCCDDDCDCDDDBCDDACCAABCABDBACBDCAADDCBCABACBCCABCACBCCCCCBDBACDBBBCBCBBDCACACAACCCBABADBCBAAABBCCBB	['D13B', 'B18C', 'D20A', 'A63D', 'A71B', 'C72D', 'D77C', 'C90B']	8	-3.8218656	-4.5823145	-5.5419188	-1.7200532
BCCDDDCDCDDABDDDABCDABCABDBACBDCDADDABCACACBCCABCACBCCCCCCDBADDCBBCBCBACCACADAACCCBABADBCCACABBCCBB	['D12A', 'D13B', 'C14D', 'A33D', 'C37A', 'B41C', 'B58C', 'C62D', 'A63D', 'B64C', 'A92C']	11	-4.4350734	-4.582774	-6.1555853	-1.7205119
AAADDDCDCDDDDCDDABCDABCABDBACBDCAADDCBCABACBCCABCACBCCCCCBDBACDBBBCBBCACCACACAACCCBABADBCBAAABBCCBB	['B1A', 'C2A', 'C3A', 'A63D', 'C69B', 'B70C', 'D77C', 'C90B']	8	-4.2635355	-4.583949	-5.985218	-1.7216825
BCCDDDCDCCDDDCDDABCDABCABDBACBDCAACACBCACACBCCABCACBCDCCDBDBDCCBBBCBCBBCCACADAACCBBABADBCBAABBBCCBB	['D10C', 'D35C', 'D36A', 'B41C', 'C54D', 'C57D', 'A61D', 'A63C', 'A71B', 'C82B', 'C90B', 'A93B']	12	1.2102056	1.1405449	-0.51150703	-1.7217126
AAADDDCDCCDDBCDDABCDABCDBDBACBDCBADDCBCABACBCDABCACBCCCCCBDBACDCBBCBCBACCACCDAACCABBBADBCCAAABBCCBB	['B1A', 'C2A', 'C3A', 'D10C', 'D13B', 'A24D', 'A33B', 'C46D', 'A63D', 'B64C', 'A76C', 'C82A', 'A84B']	13	3.0792947	-2.1129527	1.3524876	-1.7268071
BCCDDDCDCDDDDCDDABCDABCABDBACBDCAADDCBCABACBCCABCACBCCCCDBDBACDBBBCBCBBCBACADAACCCBBBADBCBAAABBCCBB	['C57D', 'A63D', 'A71B', 'C73B', 'A84B', 'C90B']	6	-2.9160213	-4.590673	-4.644431	-1.7284098
BCCDDDCDCCDDDCCDABCBABCABDBACBDCAACACBCABACBCCABCACBCDCCDBDBADDBBBCBCBBCBACADAACCBBABADBCBAAABBCCBB	['D10C', 'D15C', 'D20B', 'D35C', 'D36A', 'C54D', 'C57D', 'C62D', 'A63D', 'A71B', 'C73B', 'C82B', 'C90B']	13	1.7376938	1.1284909	0.0039253235	-1.7337685
BCCDDDCDCCDDDCCDABCBABCABDBACBDCAACACBCABACBCCABCACBCDCCDBDBADDBBBCBCBBCBACADAACCBBABADBCBAAABBCCBB	['D10C', 'D15C', 'D20B', 'D35C', 'D36A', 'C54D', 'C57D', 'C62D', 'A63D', 'A71B', 'C73B', 'C82B', 'C90B']	13	1.7376938	1.1284909	0.0039253235	-1.7337685
BCCDDDCDCDDDDCCDADCAABCABDBACBDCAACACBAABACBCCABCACBCCCCCBDBADDBBBCBCBBBBACADAACCCBABADBCBAAABBCCBB	['D15C', 'B18D', 'D20A', 'D35C', 'D36A', 'C39A', 'C62D', 'A63D', 'A71B', 'C72B', 'C73B', 'C90B']	12	-2.9394264	-4.59641	-4.6735735	-1.7341471
BCCDDDCDCDDDDCCDABBCABCABDBACBDCAACABBCACACBCCABCACBCDCCCBDCDCDBBACBCBBCCACADAACCCBBBADCCBAAABBCCBB	['D15C', 'C19B', 'D20C', 'D35C', 'D36A', 'C37B', 'B41C', 'C54D', 'B60C', 'A61D', 'A63D', 'B66A', 'A71B', 'A84B', 'B88C', 'C90B']	16	0.30996418	-1.7364793	-1.4265127	-1.7364769
BCCDDDCDCCDDDCCDABBAABCABDBACBDCAADDCBCABACBCCABCACBCCCCDBDBACDBBBCBCBBCCACADAACCBBABADBCBAABBBCCBB	['D10C', 'D15C', 'C19B', 'D20A', 'C57D', 'A63D', 'A71B', 'C82B', 'C90B', 'A93B']	10	1.0205078	-1.7419395	-0.721426	-1.7419338
BCCDDDCDCDDDBCCDABCAABCABDBACBDCAACACBCACACBCCABCACBCCCCDBDBACDBBBCBABACCACACAACCCBABADBDBAAABBCCBB	['D13B', 'D15C', 'D20A', 'D35C', 'D36A', 'B41C', 'C57D', 'A63D', 'C69A', 'D77C', 'C89D', 'C90B']	12	-3.1663713	-4.608725	-4.912835	-1.7464638
AAADDDCDCADBDCCDABCCABCABDBACBDCAACACBCACACBBCABCACBBDCCDBDBDCABBBCBCBBCCCCADAACCBBBCADBBCAAABBCCBB	['B1A', 'C2A', 'C3A', 'D10A', 'D12B', 'D15C', 'D20C', 'D35C', 'D36A', 'B41C', 'C45B', 'C53B', 'C54D', 'C57D', 'A61D', 'A71B', 'A74C', 'C82B', 'A84B', 'B85C', 'C89B']	21	3.5964713	1.1136379	1.847847	-1.7486243
BCCDDDCDCCDDDCDDABCDABCABDBACDDCAADDCBCABACBCCABCACBCCCCCBDBADDBBBCBCBCCCACACAACCCBACADCCCAABBBCCBB	['D10C', 'B30D', 'C62D', 'A63D', 'A71C', 'D77C', 'B85C', 'B88C', 'A93B']	9	-3.4768147	-4.614903	-5.2294464	-1.7526317
BCCDDDCDCBDDDCDBABCDABCABDBACBDCBADDBBCABACBCDBBCACBCDCCCBDBADDBBBCBCBBCDACADABCCCBBBADBCBAABBBCCBB	['D10B', 'D16B', 'A33B', 'C37B', 'C46D', 'A47B', 'C54D', 'C62D', 'A63D', 'A71B', 'C73D', 'A79B', 'A84B', 'C90B', 'A93B']	15	1.6804676	-1.7532439	-0.07277107	-1.7532387
BCCBDDCDCBDDDCCDABCAABCDBDBACBDCAACACBCABACBCDABCACBCDCCCBDBACDBBBCBCBBBDACADAACCCBBCADBCBAAABBCCBB	['D4B', 'D10B', 'D15C', 'D20A', 'A24D', 'D35C', 'D36A', 'C46D', 'C54D', 'A63D', 'A71B', 'C72B', 'C73D', 'A84B', 'B85C', 'C90B']	16	2.1223292	-1.7533827	0.36895275	-1.7533765
BCCDDDCDCCDDDCDDABCDABCABDBACBDCAADDCBCABACBCCABCACBCDCCCBDCADDBBACBCBBBCACADAACCBBABADBCBAAABBCCBB	['D10C', 'C54D', 'B60C', 'C62D', 'A63D', 'B66A', 'A71B', 'C72B', 'C82B', 'C90B']	10	1.6191816	1.1075406	-0.1355362	-1.7547178
BCCDDDCDCDDDDCCDABCDABCABDBACDDCAACDCBDACACBCCABCACBCCCCCBDBACDBBBCBCBBCCACADAACCCBABADBCCAABBBCCBB	['D15C', 'B30D', 'D35C', 'C39D', 'B41C', 'A63D', 'A71B', 'A93B']	8	-4.265625	-4.618395	-6.021755	-1.7561302
BCCDDDCDCCADBCDDABCDABCABDBACBDCBADDCBCABACBCCABCACBCBCCCBDBACDBBBCBCBBCBACACAACCBBACADBCBAAABBCCBB	['D10C', 'D11A', 'D13B', 'A33B', 'C54B', 'A63D', 'A71B', 'C73B', 'D77C', 'C82B', 'B85C', 'C90B']	12	2.2788959	-0.91936636	0.522254	-1.7566419
BCCDDDCDCDDDDDDDABCAABCABDBACBDCAAAABBCABACBBCABCACBCCCCCBDBADDBBBCBCBABCACADAACCCBABADBCBAABBBCCBB	['C14D', 'D20A', 'D35A', 'D36A', 'C37B', 'C45B', 'C62D', 'A63D', 'C72B', 'C90B', 'A93B']	11	-4.531575	-4.6243196	-6.2936287	-1.7620535
BCCDDDCDCCDDDCDDABCDABCABDBACBDCAADDCBCABACBCCABCACBCCCCCBDBCCDBBBABCBCCCACACAACCCBBBADBCBAABBBCCBB	['D10C', 'A61C', 'A63D', 'C67A', 'A71C', 'D77C', 'A84B', 'C90B', 'A93B']	9	-3.1153479	-4.62433	-4.877411	-1.762063
AAADDDCDCCDDDCDDABCDABCABDBACBDCAADDCBCABACBCCABCACBCDCCCBDBADDBBBCBCBCCCACADAACCBBABADBCBAAABBCCBB	['B1A', 'C2A', 'C3A', 'D10C', 'C54D', 'C62D', 'A63D', 'A71C', 'C82B', 'C90B']	10	1.1073751	1.0954151	-0.6594696	-1.7668447
BCCDDDCDCCDDDCDDABCAABCABDBACBDCAACDBBCABACBCDABCACBCDCCCBDCADDBBACBCBCAAACADAACCCBABADBCBAABBBCCBB	['D10C', 'D20A', 'D35C', 'C37B', 'C46D', 'C54D', 'B60C', 'C62D', 'A63D', 'B66A', 'A71C', 'C72A', 'C73A', 'C90B', 'A93B']	15	-0.6691308	-1.7694526	-2.4385805	-1.7694497
BCCDDDCDCDDDDCDDABCDABCDBDBACBDCAADDCBCABACBCCABCACBCCCCDBDBACDBBBCBCBACCACACAACCBBABADBCCAAABBCCBB	['A24D', 'C57D', 'A63D', 'D77C', 'C82B']	5	-0.48475647	-1.7702899	-2.2550354	-1.7702789
AAAADDCDCDDDDCDDABBDABCABDBACBDCAADDCBCABACBCCABCACBCCCCCBDCACDBBBCBCBACCACACAACCCBABADBCCAABBBCCBB	['B1A', 'C2A', 'C3A', 'D4A', 'C19B', 'B60C', 'A63D', 'D77C', 'A93B']	9	-4.048885	-4.6327124	-5.819334	-1.7704492
BCCDDDCDCBDDDCDDABCDABCABDBACBDCAADDBBCABACBCDABCACBCDCCDBDBADDBBBABCBBCCACACAACCBBABADBCBAABBBCCBB	['D10B', 'C37B', 'C46D', 'C54D', 'C57D', 'C62D', 'A63D', 'C67A', 'A71B', 'D77C', 'C82B', 'C90B', 'A93B']	13	1.3325977	1.0908217	-0.43883896	-1.7714367
BCCDDDCDCDDDBCDDABCAABCABDBACBDCAACACBCABACBCCABCACBCCCCCBDBADDBBBCBCBCCCACADAACCCBABADBCBAAABBCCBB	['D13B', 'D20A', 'D35C', 'D36A', 'C62D', 'A63D', 'A71C', 'C90B']	8	-2.888567	-4.6348314	-4.661133	-1.7725658
BCCDDDCDCADDDCDDABCDABCABDBACDDCAACCCBCABACBCCABCACBCCCCCBDBACDBBBCBCBBCCACADAACCCBABADCCCAABBBCCBB	['D10A', 'B30D', 'D35C', 'D36C', 'A63D', 'A71B', 'B88C', 'A93B']	8	-2.976275	-4.6350756	-4.7490797	-1.7728047
BCCDDDCDCADDDCDDABCDABCABDBACDDCAACCCBCABACBCCABCACBCCCCCBDBACDBBBCBCBBCCACADAACCCBABADCCCAABBBCCBB	['D10A', 'B30D', 'D35C', 'D36C', 'A63D', 'A71B', 'B88C', 'A93B']	8	-2.976275	-4.6350756	-4.7490797	-1.7728047
BCCDDDCDCADDDCDDABCDABCABDBACDDCAACCCBCABACBCCABCACBCCCCCBDBACDBBBCBCBBCCACADAACCCBABADCCCAABBBCCBB	['D10A', 'B30D', 'D35C', 'D36C', 'A63D', 'A71B', 'B88C', 'A93B']	8	-2.976275	-4.6350756	-4.7490797	-1.7728047
BCCDDDCDCCDDDCCDABCDABCABDBACBDCAADDCBCACACBCCABCACBCDCCCBDCADDBBBCBCBBCBACACAACCBBABADBABAABBBCCBB	['D10C', 'D15C', 'B41C', 'C54D', 'B60C', 'C62D', 'A63D', 'A71B', 'C73B', 'D77C', 'C82B', 'C89A', 'C90B', 'A93B']	14	1.583643	1.0880861	-0.19053173	-1.7741747
BCCDDDCDCDDADCDDABCCABCABDBACDDCAACACBCABACBCCABCACBCCCCDCDBADCCBBCBCBACCACADAACCCBABADBCCAAABBCCBB	['D12A', 'D20C', 'B30D', 'D35C', 'D36A', 'C57D', 'B58C', 'C62D', 'A63C', 'B64C']	10	-4.0766554	-4.639589	-5.853978	-1.7773228
BCCDDDCDCDDDDCDDABCAABCABDBACBDCAACDABCABACBCDABCACBCCCCDBDBACDBBBCBCBCCCACACAACCCBABADBCBAABBBCCBB	['D20A', 'D35C', 'C37A', 'C46D', 'C57D', 'A63D', 'A71C', 'D77C', 'C90B', 'A93B']	10	-3.6877494	-4.640046	-5.4655256	-1.7777762
BCCDDDCDCCDDDCDDABCDABCABDBACBDCAADDCBCABACBCBABCACBCCCCCCDCCCDBBBCBCBCACACADAACCBBBBADBCBAAABBCCBB	['D10C', 'C46B', 'B58C', 'B60C', 'A61C', 'A63D', 'A71C', 'C72A', 'C82B', 'A84B', 'C90B']	11	1.8430285	-1.7783642	0.06467152	-1.778357
AAADDDCDCCDDDCDDABCDABCABDBACBDCAACACBCABACBCCABCACBCDCCCBDCADDBBBCBCBBCCACADAACCBBABADBCBAABBBCCBB	['B1A', 'C2A', 'C3A', 'D10C', 'D35C', 'D36A', 'C54D', 'B60C', 'C62D', 'A63D', 'A71B', 'C82B', 'C90B', 'A93B']	14	2.6012845	1.0824142	0.82144165	-1.7798429
BCCDDDCDCCDDDCDDABCCAACABDBACBDCAACAABCABACACCABCACBCDCCCBDBADDBBBCBCBCCCACADAACCBBABADBCBAABBBCCBB	['D10C', 'D20C', 'B22A', 'D35C', 'D36A', 'C37A', 'B44A', 'C54D', 'C62D', 'A63D', 'A71C', 'C82B', 'C90B', 'A93B']	14	2.2929144	1.0798321	0.51048565	-1.7824287
AAADDDCDCCDDDCDDABCAABCABDBACBDCAADDCBCABACBCDABCACBCCCCCBDBACDBBBCBCBBCDACADAACCCBBBADBCBAAABBCCBB	['B1A', 'C2A', 'C3A', 'D10C', 'D20A', 'C46D', 'A63D', 'A71B', 'C73D', 'A84B', 'C90B']	11	-0.17777205	-4.647143	-1.9626474	-1.7848754
BCCDDDCDCCDDDCDDABCDABCABDBACBDCAACAABCACADBCCABCACBCDCCCBDBACDCBBCBCBCCCCCADAACCABBBADBCCAABBBCCBB	['D10C', 'D35C', 'D36A', 'C37A', 'B41C', 'C43D', 'C54D', 'A63D', 'B64C', 'A71C', 'A74C', 'C82A', 'A84B', 'A93B']	14	1.4116044	0.6870756	-0.37743568	-1.7890401
BCCDDDCDCCDBBCDDABCDABCABDBACBDCBADDCBCABACBCCABCACBCBCCCBDBACDBBBCBCBBCDACACAACCCBBBADBCBAABBBCCBB	['D10C', 'D12B', 'D13B', 'A33B', 'C54B', 'A63D', 'A71B', 'C73D', 'D77C', 'A84B', 'C90B', 'A93B']	12	-0.73339224	-3.8165998	-2.5250006	-1.7916083
BCCDDDCDCCDDDCDDABCAABCABDBACBDCAADDCBCABACBCDABCACBCCCCCBDBACACBBCBCBAAACCACAACCCBABADBCBAABBBCCBB	['D10C', 'D20A', 'C46D', 'B64C', 'C72A', 'C73A', 'A74C', 'D77C', 'C90B', 'A93B']	10	-3.0310144	-4.654908	-4.823653	-1.7926388
AAAADDCDCDDDDDDDBBCDABCABDBACBDCAADDABCABACBCCABCACBCCCCCBDBACBBBBCBCBACCACACAACCCBABADBBCAABBBCCBB	['B1A', 'C2A', 'C3A', 'D4A', 'C14D', 'A17B', 'C37A', 'A63B', 'D77C', 'C89B', 'A93B']	11	-4.2875104	-4.657745	-6.0829906	-1.7954803
BCCDDDCDCDDDBCDDABCAABCABDBACBDCAACACBBABACBCCABCACBCCCCDBDBADDBBBCBCBBCCCCACAACCCBABADBCBAABBBCCBB	['D13B', 'D20A', 'D35C', 'D36A', 'C39B', 'C57D', 'C62D', 'A63D', 'A71B', 'A74C', 'D77C', 'C90B', 'A93B']	13	-2.536312	-4.6580033	-4.332054	-1.795742
BCCDDDCDCCDDDCDDABBDABCABDBACBDCAACDBBCABACBCCABCACBCDCCCBDBACDBBBCBCBBCDACADAACCABABADBCBAAABBCCBB	['D10C', 'C19B', 'D35C', 'C37B', 'C54D', 'A63D', 'A71B', 'C73D', 'C82A', 'C90B']	10	1.3428373	0.6783719	-0.45490456	-1.7977419
BCCDDDCDCCDDDCDDABCCABCABDBACDDCAACCCBCABACBCCABCACBCCCCCBDBCDDBBBCBCBACCCCACAACCCBABADCCCAABBBCCBB	['D10C', 'D20C', 'B30D', 'D35C', 'D36C', 'A61C', 'C62D', 'A63D', 'A74C', 'D77C', 'B88C', 'A93B']	12	-3.40166	-4.662357	-5.20175	-1.8000898
BCCDDDCDCBDDDCDDABCDABCABDBACBDCAADDCBCABACBCDABCACBCDCCCCDBACACBBCBCBBCDACACAACCCBBBADBCBAAABBCCBB	['D10B', 'C46D', 'C54D', 'B58C', 'B64C', 'A71B', 'C73D', 'D77C', 'A84B', 'C90B']	10	-0.19355106	-1.8019261	-1.9954748	-1.8019238
BCCDDDCDCCDDDCDDABCDABCABDBACBDCAACDBBCABACBCCAACACBCDCCCBDBACDBBBCBCBCDCACACAACCBBBBADBCCAABBBCCBB	['D10C', 'D35C', 'C37B', 'B48A', 'C54D', 'A63D', 'A71C', 'C72D', 'D77C', 'C82B', 'A84B', 'A93B']	12	1.1813221	1.0564618	-0.6244755	-1.8057976
BCCDDDCDCBDDBCDDABCDABCABDBACBDCAADDBBCABACBCCABCACBCCCCCBDBACDBBBCBCBACCACACAACCCBABADDCCAABBBCCBB	['D10B', 'D13B', 'C37B', 'A63D', 'D77C', 'B88D', 'A93B']	7	-4.6207767	-4.670034	-6.428546	-1.8077693
BCCDDDCDCDDDDCDDABCCABCABDBACDDCAACACBCACACBCCABCACBCCCCCBDBADDBBBCBCBACCACACAACCCBABADBCCAABBBCCBB	['D20C', 'B30D', 'D35C', 'D36A', 'B41C', 'C62D', 'A63D', 'D77C', 'A93B']	9	-4.087516	-4.6735487	-5.898798	-1.8112822
BCCDDDCDCCDDDCDDABCDABCABDBACBDCAADDCBCABACBCCABCACBCCCCDBDBACDBBBCBCBCCBACACAACCCBBBADBCBAAABBCCBB	['D10C', 'C57D', 'A63D', 'A71C', 'C73B', 'D77C', 'A84B', 'C90B']	8	-2.6724772	-4.6766343	-4.486845	-1.8143678
BCCDDDCDCDDDDCCDABBDABCABDBACDDCAACACBCABACBCCABCACBCCCCCBDBACDBBBCBCBCACACADAACCCBABADBCCAAABBCCBB	['D15C', 'C19B', 'B30D', 'D35C', 'D36A', 'A63D', 'A71C', 'C72A']	8	-4.09195	-4.6787806	-5.9084644	-1.8165145
AAADDDCDCDDDBCCDABCDABCABDBACBDCAADACBCABACBCCABCACBCCCCCBDBADDBBBCBCBACCACADAACCCBABADDCCAAABBCCBB	['B1A', 'C2A', 'C3A', 'D13B', 'D15C', 'D36A', 'C62D', 'A63D', 'B88D']	9	-4.623107	-4.6863184	-6.4471626	-1.8240557
BCCDDDDDCBDDDCDDABCAABCABDBACBDCAADACBCACACBCCAACACBCDCCCBDBACDBBBCBABBDCACADAACCBBBBADBCBAABBBCCBB	['C7D', 'D10B', 'D20A', 'D36A', 'B41C', 'B48A', 'C54D', 'A63D', 'C69A', 'A71B', 'C72D', 'C82B', 'A84B', 'C90B', 'A93B']	15	3.5996952	1.0375953	1.7750311	-1.8246641
AAADDDCDCBDDBCDDABCDABCABDBACDDCBACAABCABACBBCABCCCBCCCCCBDBACDBBBCBBBACCACADAACCCBABADCCBAAABBCCBB	['B1A', 'C2A', 'C3A', 'D10B', 'D13B', 'B30D', 'A33B', 'D35C', 'D36A', 'C37A', 'C45B', 'A50C', 'A63D', 'C69B', 'B88C', 'C90B']	16	-2.1453886	-4.6877747	-3.9709005	-1.8255119
BCCDDDCDCCDDDCDDABCDABCABDBACBDCAADDCBCACACBCDABCACBCDCCCBDBADDBBBCBCBBCCACADAACCABBBADBCBACBBCCCBB	['D10C', 'B41C', 'C46D', 'C54D', 'C62D', 'A63D', 'A71B', 'C82A', 'A84B', 'C90B', 'A92C', 'A93B', 'B95C']	13	1.1537414	0.64950895	-0.67286587	-1.8266072
BCCDDDCDCCDDDCDDABCDABCABDBACBDCAADDCBCACACBCDABCACBCDCCCBDBADDBBBCBCBBCCACADAACCABBBADBCBACBBCCCBB	['D10C', 'B41C', 'C46D', 'C54D', 'C62D', 'A63D', 'A71B', 'C82A', 'A84B', 'C90B', 'A92C', 'A93B', 'B95C']	13	1.1537414	0.64950895	-0.67286587	-1.8266072
BCCDDDCDCDDDDCCDABCDADCABDBACDDCAADDCBCABACBCCABCACBCCCCCBDBACDBBBCBCBBCCACADAACCCBABADCCCAAABBCCBB	['D15C', 'B22D', 'B30D', 'A63D', 'A71B', 'B88C']	6	-4.4096665	-4.691651	-6.239047	-1.8293805
BCCDDDCDCDDCDDDDABCDABCABDBACDDCAACABBCABACBCCABCACBCCCCCBDBACDBBBCBCBACCACADAACCCBABADBCCAABBBCCBB	['D12C', 'C14D', 'B30D', 'D35C', 'D36A', 'C37B', 'A63D', 'A93B']	8	-4.3139586	-4.701286	-6.152978	-1.8390193
BCCDDDCDCDDDDCDDABCAABCABDBACBDCAACACBCABACBCDABCACBCCCCCBDBADDBBBCBCBACAACADAACCCBABADBCBAAABBCCBB	['D20A', 'D35C', 'D36A', 'C46D', 'C62D', 'A63D', 'C73A', 'C90B']	8	-2.6844754	-4.702596	-4.524803	-1.8403277
BCCDDDCDCDDDDDCDABCDABCABDBACDDCBADDCBCACACBCCABCACBCCCCCBDCDCCBBBCBCBACCACADAACCCBABADCCCAAABBCCBB	['C14D', 'D15C', 'B30D', 'A33B', 'B41C', 'B60C', 'A61D', 'A63C', 'B88C']	9	-3.6645432	-4.70424	-5.5065165	-1.8419733
BCCDDDCDCDDDDDDDABCDABCABDBACBDCAADDCBCACACBCDABCACBCCDCCBDBACABBBCBCBACCACADAACCBBABADBCCAAABBCCBB	['C14D', 'B41C', 'C46D', 'C55D', 'C82B']	5	-1.5793004	-1.8438287	-3.4231224	-1.843822
BCCDDDCDCBDDDCDDABCDABCABDBACBDCAADDCBCABACBCDABCACBCCCCCBDBACDCBBCBCBACCACACAACCCBBBADBCBAABBBCCBB	['D10B', 'C46D', 'A63D', 'B64C', 'D77C', 'A84B', 'C90B', 'A93B']	8	-2.187379	-4.706222	-4.031337	-1.8439579
AAADDDCDCCDDBCDDABBDABCABDBACBDCBADDCBCACACBCDABCACBBBCCCBDBACCCBBCBDBCCCACCCAACCABABADBCBAABBBCCBA	['B1A', 'C2A', 'C3A', 'D10C', 'D13B', 'C19B', 'A33B', 'B41C', 'C46D', 'C53B', 'C54B', 'A63C', 'B64C', 'C69D', 'A71C', 'A76C', 'D77C', 'C82A', 'C90B', 'A93B', 'B99A']	21	1.5422559	-1.3933325	-0.3022051	-1.844461
BCCDDDCDCBDBDCDDABDAABCABDBACDDCAACACBCABACBCCABCACBCCCCCBDBACACBBCBCBBCCACADAACCCBABADCCCAAABDCCBB	['D10B', 'D12B', 'C19D', 'D20A', 'B30D', 'D35C', 'D36A', 'B64C', 'A71B', 'B88C', 'B95D']	11	-2.3403296	-4.70866	-4.18672	-1.8463902
BCCDDDCDCCDDBCDDABCDABCABDBACBDCAACACBCABACBCCABCACBCCCCCBDBACDBBBCBCBBCCDCADAACCCBBBADCCBAAABBCCBB	['D10C', 'D13B', 'D35C', 'D36A', 'A63D', 'A71B', 'A74D', 'A84B', 'B88C', 'C90B']	10	-1.326241	-4.709811	-3.1737852	-1.8475442
BCCDDDCDCDDADCDDABCCABCABDBACBDCAAAACBCABACBCCABCACBCCCCDBDBACDBBBCBCBBCCACADAACCCBBBADBCBAAABBCCBB	['D12A', 'D20C', 'D35A', 'D36A', 'C57D', 'A63D', 'A71B', 'A84B', 'C90B']	9	-2.4721546	-4.7115564	-4.3214493	-1.8492947
BCCDDDCDCDDDDCCDABCDABCABDBACDDCAACACBCABACBCCABCACBCCCCCBDBACDBBBCBCBACCACADAACCCBABADBCCAAABBCCBB	['D15C', 'B30D', 'D35C', 'D36A', 'A63D']	5	-4.658085	-4.7124505	-6.5082693	-1.8501844
BCCDDDCDCDDDDCCDABCDABCABDBACDDCAACACBCABACBCCABCACBCCCCCBDBACDBBBCBCBACCACADAACCCBABADBCCAAABBCCBB	['D15C', 'B30D', 'D35C', 'D36A', 'A63D']	5	-4.658085	-4.7124505	-6.5082693	-1.8501844
BCCDDDCDCBDDDCDDABABABCABDBACBDCADDACBCACACBCCABCACBCDCCCBDCADDBBBCBCBBCCACACAACCABABADBCBAABBBCCBB	['D10B', 'C19A', 'D20B', 'A34D', 'D36A', 'B41C', 'C54D', 'B60C', 'C62D', 'A63D', 'A71B', 'D77C', 'C82A', 'C90B', 'A93B']	15	2.2646947	0.62257004	0.41115093	-1.8535438
BCCDDDCDCCDDDCDDABCDABCABDBACBDCAADDCBCACACBCDABCACBCCCCCBDBADDBBBCBCBACCACADAACCABBBADBCCAABBCCCBB	['D10C', 'B41C', 'C46D', 'C62D', 'A63D', 'C82A', 'A84B', 'A93B', 'B95C']	9	0.19187784	-2.2406802	-1.6626558	-1.8545337
BCCDDDCDCDDDDCDDABCAABCABDBACDDCAAAAABCABADBCCABCACBCCCCDBDBACDBBBCBCBBCCACADAACCCBACADCCCAAABBCCBB	['D20A', 'B30D', 'D35A', 'D36A', 'C37A', 'C43D', 'C57D', 'A63D', 'A71B', 'B85C', 'B88C']	11	-3.191719	-4.723415	-5.0528727	-1.8611536
AAADDDCDCCDDDCDDABCDABAABDBACBDCAACAABCABACBCDABCCCBCCCCCBDBADACBBCBBBACCACADAACCBBABADBCCAABBBCCBB	['B1A', 'C2A', 'C3A', 'D10C', 'C23A', 'D35C', 'D36A', 'C37A', 'C46D', 'A50C', 'C62D', 'B64C', 'C69B', 'C82B', 'A93B']	15	-0.39439154	-1.8622751	-2.2566662	-1.8622746
BCCDDDCDCBDDBCDDABCDABCABDBACBDCBADDCBCACACBCDABCACBCDCCCBDBBDBBBBCBBBBCCACCCAACCBBABADBCBAABBBCCBB	['D10B', 'D13B', 'A33B', 'B41C', 'C46D', 'C54D', 'A61B', 'C62D', 'A63B', 'C69B', 'A71B', 'A76C', 'D77C', 'C82B', 'C90B', 'A93B']	16	2.8679247	0.99880266	1.0044651	-1.8634596
BCCDDDCDCCDDDCDDABCDABCABDBACBDCCADDCBCABACBCCABCACBCCCCCBDBADDBBBCBCBBCBACACAACCBBABADBCBAABBBCCBB	['D10C', 'A33C', 'C62D', 'A63D', 'A71B', 'C73B', 'D77C', 'C82B', 'C90B', 'A93B']	10	0.85640717	-1.8634768	-1.0070667	-1.8634739
BCCDDDCDCCDDDCDDABCDABCABDBACBDCAADDCBCABACBBCABCACBCCCCCBDBACDBBBCBCBBCDACADAACCBBABADBCBAABBBCCBB	['D10C', 'C45B', 'A63D', 'A71B', 'C73D', 'C82B', 'C90B', 'A93B']	8	1.0142055	-1.8640456	-0.84983826	-1.8640437
BCCDDDCDCDDDDCDDABCDABCABDBACDDCAACDCBCABACBCCABCACBCCCCDBDBACDBBBCBCBBCCACADAACCCBABADCCCAAABBCCBB	['B30D', 'D35C', 'C57D', 'A63D', 'A71B', 'B88C']	6	-4.0444026	-4.728577	-5.9107094	-1.8663068
BCCDDDCDCDDDDCDDABCDABCABDBACBDCAADDCBCABACBCDABCACBCCCCDBDBADDBBBCBCBACCACADAACCABABADBCCAAABBCCBB	['C46D', 'C57D', 'C62D', 'A63D', 'C82A']	5	-1.6093864	-2.2574348	-3.480669	-1.8712826
BCCDDDCDCCDDDCDDABCCABCABDBACBDCAACACBCABACBCDABCACBCDCCCBDBACDBBBCBCBBCCACADAACCABBBADBCBAABBBCCBB	['D10C', 'D20C', 'D35C', 'D36A', 'C46D', 'C54D', 'A63D', 'A71B', 'C82A', 'A84B', 'C90B', 'A93B']	12	2.1880255	0.6035905	0.31550407	-1.8725214
AAADDDCDCDDDDCDDABCDABCABDBACBDCAACDBBCABACBCCABCACBCCCCCBDBACCCDBCBCBACCACADAACCDBABADBCCAAABBCCBB	['B1A', 'C2A', 'C3A', 'D35C', 'C37B', 'A63C', 'B64C', 'B65D', 'C82D']	9	-3.9383855	-4.1520267	-5.811182	-1.8727965
BCCDDDCDCDDDBCDDABCDABCABDBACBDCAACACBCABACBCCAACACBCCCCDBDBADACBBCBCBACCCCADAACCCABBADBCCAAABBCCBB	['D13B', 'D35C', 'D36A', 'B48A', 'C57D', 'C62D', 'B64C', 'A74C', 'B83A', 'A84B']	10	-2.621058	-4.740655	-4.499448	-1.8783898
BCCDDDCDCDDDDCDDABCDABCABDBACBDCAADDBBCABACBCCABCACBCCCCDBDCACDBBBCBCBBCBACADAACCCBBBADBCBAABBBCCBB	['C37B', 'C57D', 'B60C', 'A63D', 'A71B', 'C73B', 'A84B', 'C90B', 'A93B']	9	-2.4633403	-4.7418766	-4.3429527	-1.8796124
AAADDDCDCDDDDCDDABCBABCABDBACBDCAACACBCABACBCBABCACBCDCCCBDBADDCBBCBCBACCCCADAACCBBACADBCCAAABBCCBB	['B1A', 'C2A', 'C3A', 'D20B', 'D35C', 'D36A', 'C46B', 'C54D', 'C62D', 'A63D', 'B64C', 'A74C', 'C82B', 'B85C']	14	1.2026854	0.9819331	-0.6776447	-1.8803301
BCCDDDCDCDDDDCDDABCAABCABDBACBDCAADACBCABACBCCABCACBCCCCCBDBACABBBCBCBACCACADAACCDBABADBCCAAABBCCBB	['D20A', 'D36A', 'C82D']	3	-3.7170835	-4.1606565	-5.598501	-1.8814178
AAADDDCDCCDDDCDDABCDABCABDBACBDCAADDCBCABACBCCAACACBCDCCCBDBACDBBBCBCBCCCACACAACCBBBBADBCCAABBBCCBB	['B1A', 'C2A', 'C3A', 'D10C', 'B48A', 'C54D', 'A63D', 'A71C', 'D77C', 'C82B', 'A84B', 'A93B']	12	1.7243042	0.9801736	-0.15778065	-1.8820848
BCCDDDCDCADDBCDDABCAABCABDBACBDCAACAABCABACBCCABCACBCCCCDBDBADDCBBCBCBACCCCADAACCCBABADBCBAABBBCCBB	['D10A', 'D13B', 'D20A', 'D35C', 'D36A', 'C37A', 'C57D', 'C62D', 'A63D', 'B64C', 'A74C', 'C90B', 'A93B']	13	-2.745347	-4.7443604	-4.6274395	-1.8820925
BCCDDDCDCCDDDCDDABCDABCABDBACBDCBADDCBCACACBCCABCACBCACCCBDBADDBBBBBCBBBBACACAACCBBABADBCBAABBACCBB	['D10C', 'A33B', 'B41C', 'C54A', 'C62D', 'A63D', 'C67B', 'A71B', 'C72B', 'C73B', 'D77C', 'C82B', 'C90B', 'A93B', 'B95A']	15	2.1943984	1.0619769	0.3107853	-1.8836131
BCCDDDCDCADDDDDDABCDABCABDBACDDCAAAACBCACACBCCABCACBCCCCCBDBACDBBBCBCBACCACADAACCCBABADBCCAAABBCCBB	['D10A', 'C14D', 'B30D', 'D35A', 'D36A', 'B41C', 'A63D']	7	-4.578368	-4.7505064	-6.466609	-1.8882408
BCCDDDCDCDDDDCDDABCDABCABDBACDDCAACABBCABACBCCABCACBCCCCDBDBACDBBBCBCBCCCACADAACCCBABADBCBAAABBCCBB	['B30D', 'D35C', 'D36A', 'C37B', 'C57D', 'A63D', 'A71C', 'C90B']	8	-3.8325715	-4.752874	-5.723177	-1.8906054
BCCDDDCDCBADDCDDABCAABCABDBACBDCAACACBCACACBCDABCACBCBCCCBDBADDBBBCBCBDCCACADAACCCBBCADBCBAABBBCCBB	['D10B', 'D11A', 'D20A', 'D35C', 'D36A', 'B41C', 'C46D', 'C54B', 'C62D', 'A63D', 'A71D', 'A84B', 'B85C', 'C90B', 'A93B']	15	1.1199851	-3.9237967	-0.77882004	-1.8988051
BCCDDDCDCBADDCDDABCAABCABDBACBDCAACACBCACACBCDABCACBCBCCCBDBADDBBBCBCBDCCACADAACCCBBCADBCBAABBBCCBB	['D10B', 'D11A', 'D20A', 'D35C', 'D36A', 'B41C', 'C46D', 'C54B', 'C62D', 'A63D', 'A71D', 'A84B', 'B85C', 'C90B', 'A93B']	15	1.1199851	-3.9237967	-0.77882004	-1.8988051
BCCDDDCDCCDDDCDDABCDABCABDBACBDCAADDCBCABACBCDABCACBCCDCCBDBCDDBBBBBCBBCBACADAACCBBBBADBCBAAABBCCBB	['D10C', 'C46D', 'C55D', 'A61C', 'C62D', 'A63D', 'C67B', 'A71B', 'C73B', 'C82B', 'A84B', 'C90B']	12	1.2657437	-1.8989911	-0.6332407	-1.8989844
AAADDDCDCDDDDCCDABCDABCABDBACBDCADADCBCABACBCCABCACBCCCCCBDBACCCBBCBCBACCACADAACCCBABADBCCAABBBCCBB	['B1A', 'C2A', 'C3A', 'D15C', 'A34D', 'D35A', 'A63C', 'B64C', 'A93B']	9	-4.755639	-4.761448	-6.6548233	-1.8991842
BCCDDDCDCCDDDCDDABCAABCABDBACBDCAADCCBCABACBCDABCACBCCCCCBDBADDCBBCBCBACCACADAACCCBBBADBCBAABBBCCBB	['D10C', 'D20A', 'D36C', 'C46D', 'C62D', 'A63D', 'B64C', 'A84B', 'C90B', 'A93B']	10	-1.8139634	-4.762167	-3.7138586	-1.8998952
BCCDDDCDCDDDDCDDABCDABCABDBACBDCAADDCBCABACBCCABCACBCCCCCBDBADDBBCCBCBACCACACAACCCBABADBCCAABBBCCBB	['C62D', 'A63D', 'B66C', 'D77C', 'A93B']	5	-3.5772696	-4.7626476	-5.477647	-1.9003773
BCCDDDCDCCDDDCDDABCDABCABDBACBDCAADDCBCACACBCDABCACBCCCCCBDBADCCBACBABACCACACAACCCBBBADBCBADABBCCBB	['D10C', 'B41C', 'C46D', 'C62D', 'A63C', 'B64C', 'B66A', 'C69A', 'D77C', 'A84B', 'C90B', 'A92D']	12	-2.0591974	-4.762952	-3.9598837	-1.9006863
BCCDDDCDCCDDDCDDCBCDABCABDBACBDCAADDCBCABACBCCABCACBCCCCCCDBACDBBBCBCBBCDACAAAACCCBBBADBCBAABBBCCBB	['D10C', 'A17C', 'B58C', 'A63D', 'A71B', 'C73D', 'D77A', 'A84B', 'C90B', 'A93B']	10	-1.0539889	-4.764837	-2.9565573	-1.9025683
BCCDDDCDCCDDDCCDABCAABCABDBACBDCAADACBCACACBCDABCACBCCCCCBDBADDBBBCBCBABBACADAACCCBBBADBCBAABBBCCBB	['D10C', 'D15C', 'D20A', 'D36A', 'B41C', 'C46D', 'C62D', 'A63D', 'C72B', 'C73B', 'A84B', 'C90B', 'A93B']	13	-2.217433	-4.7649493	-4.1201124	-1.9026794
BCCDDDCDCBDDDCCDABCAABCABDBACBDCAACABBCABACBCDABCCCBCDCCCBDBACDBBBBBCBBCBACADAACCBBABADBCBAAABBCCBB	['D10B', 'D15C', 'D20A', 'D35C', 'D36A', 'C37B', 'C46D', 'A50C', 'C54D', 'A63D', 'C67B', 'A71B', 'C73B', 'C82B', 'C90B']	15	2.2201838	0.95917654	0.31709862	-1.9030852
BCCDDDCDCBDDDCDDABCDABCABDBACDDCAADDABCACACBCCABCACBCCCCCBDBADABBBCBCBACCACACAACCCBABADBCCAABBBCCBB	['D10B', 'B30D', 'C37A', 'B41C', 'C62D', 'D77C', 'A93B']	7	-4.4067817	-4.76593	-6.31044	-1.9036584
BCCDDDCDCDDBDCDDABCAABCABDBACBDCAADDCBCABACBCCABCACBCCCCCBDCACDCBBCBCBACCACACAACCCBABADBCBAAABBCCBB	['D12B', 'D20A', 'B60C', 'A63D', 'B64C', 'D77C', 'C90B']	7	-4.0844493	-4.7693653	-5.9915466	-1.9070973
BCCDDDCDCDDDDCCDABCAABCABDBACBDCAACDABCACACBCCABCACBCCCCCBDBADDBBBCBCBACBACADAACCCBABADBCBAAABBCCBB	['D15C', 'D20A', 'D35C', 'C37A', 'B41C', 'C62D', 'A63D', 'C73B', 'C90B']	9	-3.864749	-4.7699814	-5.7724676	-1.9077187
BCCDDDCDCDDDBCDDABCDABCABDBACDDCAACACBCABACBCCABCACBCCCCCBDBADDCBBCBCBCCCADADAACCCBABADBCCAAABBCCBB	['D13B', 'B30D', 'D35C', 'D36A', 'C62D', 'A63D', 'B64C', 'A71C', 'C75D']	9	-4.5217843	-4.770482	-6.4300003	-1.908216
AAADDDCDCCDDBCDDABCAABCABDBACBDCAADDCBCABACBCDABCACBCCCCCBDBACDCBBCBCBBDCACAAAACCCBBBADBCBAABBBCCBB	['B1A', 'C2A', 'C3A', 'D10C', 'D13B', 'D20A', 'C46D', 'A63D', 'B64C', 'A71B', 'C72D', 'D77A', 'A84B', 'C90B', 'A93B']	15	-1.5704732	-4.7709646	-3.4791718	-1.9086986
BCCDDDCDCBDDDCDDABCDABCABDBACBDCAADABBCABACBCCABCACBCCCCCBDCADDBBBCBDBACCACADAACCBBABADBCCAAABBCCBB	['D10B', 'D36A', 'C37B', 'B60C', 'C62D', 'A63D', 'C69D', 'C82B']	8	0.81483555	-1.9114466	-1.0966082	-1.9114437
AAADDDCDCCADDCCCABAAABCABDBACBDCAACABBCABACBCDABCACBCDDCCBDBADBBBBCBCBDCBACADAACCBBABADBCBAABBBCCBB	['B1A', 'C2A', 'C3A', 'D10C', 'D11A', 'D15C', 'D16C', 'C19A', 'D20A', 'D35C', 'D36A', 'C37B', 'C46D', 'C54D', 'C55D', 'C62D', 'A63B', 'A71D', 'C73B', 'C82B', 'C90B', 'A93B']	22	3.2765694	0.9488349	1.3631468	-1.9134226
BCCDDDCDCDDDDCDDABCDABCABDBACBDCAADDCBCACACBCDABCACBCCCCCBDBADDBBBCBCBACCACADAACCABABADBCCAABBBCCBB	['B41C', 'C46D', 'C62D', 'A63D', 'C82A', 'A93B']	6	-1.5595627	-2.2998686	-3.4732838	-1.9137211
BCCDDDCDCCDDDCDDABCDABCABDBACBDCAADDBBCABACBCCABCACBCCCCCBDBADCBBBCBCBACCACACAACCABABADBCCAABBBCCBB	['D10C', 'C37B', 'C62D', 'A63C', 'D77C', 'C82A', 'A93B']	7	-1.5490637	-2.3008304	-3.463745	-1.9146814
BCCDDDCDCCDDDCDDABCDABCABDBACBDCAADDBBCABACBCCABCACBCCCCCBDBADCBBBCBCBACCACACAACCABABADBCCAABBBCCBB	['D10C', 'C37B', 'C62D', 'A63C', 'D77C', 'C82A', 'A93B']	7	-1.5490637	-2.3008304	-3.463745	-1.9146814
BCCDDDCDCCDDDCDDABCDABCABDBACBDCAADDBBCABACBCCABCACBCCCCCBDBADCBBBCBCBACCACACAACCABABADBCCAABBBCCBB	['D10C', 'C37B', 'C62D', 'A63C', 'D77C', 'C82A', 'A93B']	7	-1.5490637	-2.3008304	-3.463745	-1.9146814
BCCDDDCDCDDDDCDDABCDABCABDBACBDCAADDCBAACACBCDABCACBCCCCCCDBACDBBBCBBBACCACACAACCCBBBADBCCAAABBCCBB	['C39A', 'B41C', 'C46D', 'B58C', 'A63D', 'C69B', 'D77C', 'A84B']	8	-3.8103428	-4.778722	-5.726804	-1.916461
AAADDDCDCCDDDCDDABCDABCABDBACBDCAADDCBCABACBCCABCACBBDCCCBDBADDBBCCBCBBCBACACAACCCBBBADBCBADABBCCBB	['B1A', 'C2A', 'C3A', 'D10C', 'C53B', 'C54D', 'C62D', 'A63D', 'B66C', 'A71B', 'C73B', 'D77C', 'A84B', 'C90B', 'A92D']	15	0.5638356	-1.9166279	-1.3527861	-1.9166217
BCCDDDCDCDDDBCDDABCDABCABDBACBDCDADDBBCACACBCCABCACBCCCCCBDBACDBBCCBCBCCCACADAACCCBABADBCCAABBBCCBB	['D13B', 'A33D', 'C37B', 'B41C', 'A63D', 'B66C', 'A71C', 'A93B']	8	-2.8298717	-4.780129	-4.7477303	-1.9178586
BCCDDDCDCCDDDCCDABCDABCABDBACBDCAADABBCABACBBDABCACBCCCCCBDBACDBBBCBABACDACADAACCBBABADBCBAABBBCCBB	['D10C', 'D15C', 'D36A', 'C37B', 'C45B', 'C46D', 'A63D', 'C69A', 'C73D', 'C82B', 'C90B', 'A93B']	12	1.0043635	-1.9199305	-0.9155636	-1.9199271
BCCDDDCDCDDDDCCDABCDABCABDBACDDCBADBCBCABACBCCABCACBCCCCCBDBACDBBBCBCBACCCCADAACCCBABADCCBAABBBCCBB	['D15C', 'B30D', 'A33B', 'D36B', 'A63D', 'A74C', 'B88C', 'C90B', 'A93B']	9	-3.051691	-4.7823606	-4.9717855	-1.9200945
BCCDDDCDCDDDBCDDABAAABCABDBACBDCCADACBCABACBCDABCACBCCCCCBDBACACBBCBCBACCACCDAACCCBABADBCCAAABBCCBB	['D13B', 'C19A', 'D20A', 'A33C', 'D36A', 'C46D', 'B64C', 'A76C']	8	-3.1673598	-4.7835555	-5.088648	-1.921288
AAADDDCDCCDDDCDDABCDABCABDBACBDCAADDCBCABACBCCABCACBCDCCCBDBADDBBBCBCBBCBACACAACCBBABADBCBAAABBCCBB	['B1A', 'C2A', 'C3A', 'D10C', 'C54D', 'C62D', 'A63D', 'A71B', 'C73B', 'D77C', 'C82B', 'C90B']	12	1.1088347	0.9402542	-0.8131714	-1.9220061
BCCDDDCDCDDCDDDDABCDABCABDBACDDCAACCCBCABACBCCABCACBCCCCCBDCACDBBBCBBBBCCACACAACCCBABADBCCAAABBCCBB	['D12C', 'C14D', 'B30D', 'D35C', 'D36C', 'B60C', 'A63D', 'C69B', 'A71B', 'D77C']	10	-3.334124	-4.7858453	-5.2577057	-1.9235816
BCCDDDCDCCDDDCDDABCDABCABDBACBDCAADDBBCABACBBCABCACBBBCCCBDBACDBBBCBCBBCCACACAACCBBBBADBCBAABBBCCBB	['D10C', 'C37B', 'C45B', 'C53B', 'C54B', 'A63D', 'A71B', 'D77C', 'C82B', 'A84B', 'C90B', 'A93B']	12	1.3254437	-1.0869474	-0.5987768	-1.9242206
BCCDDDCDCCDBDCDCABBAABCABDBACBDCAADACBAABACBCCABCACBCDCCCBDCADACBBCBCBBCCACADAACCABABADBCBAAABBCCBB	['D10C', 'D12B', 'D16C', 'C19B', 'D20A', 'D36A', 'C39A', 'C54D', 'B60C', 'C62D', 'B64C', 'A71B', 'C82A', 'C90B']	14	0.7830305	0.5501747	-1.1429119	-1.9259424
BCCDDDCDCDDABCDDABCCABCABDBACBDCAACABBCABACBCCABCACBCCCCDCDBADDBBBCBCBBCBACADAACCCBBBADBCBAAABBCCBA	['D12A', 'D13B', 'D20C', 'D35C', 'D36A', 'C37B', 'C57D', 'B58C', 'C62D', 'A63D', 'A71B', 'C73B', 'A84B', 'C90B', 'B99A']	15	-1.6746097	-4.7927427	-3.6050835	-1.9304738
AAADDDCDCDDCDDDDABCDABCABDBACBDCAACDBBCABACBCCABCACBCCCCCBDBACDBBBCBCBACCACADAACCCBABADDCCAABBBCCBB	['B1A', 'C2A', 'C3A', 'D12C', 'C14D', 'D35C', 'C37B', 'A63D', 'B88D', 'A93B']	10	-4.574005	-4.795415	-6.5071564	-1.9331512
AAADDDCDCDDDDBDDABCDABCABDBACBDCAADDCBCABACBCCABCACBCCCCCBDBACCBBBBBABACCACACAACCCBABADBCCAABBBCCBB	['B1A', 'C2A', 'C3A', 'C14B', 'A63C', 'C67B', 'C69A', 'D77C', 'A93B']	9	-4.6786523	-4.798935	-6.615322	-1.9366698
BCCDDDCDCDDDDCCDABCDABCABDBACDDCBACBBBCABADBCCABCACBCCCCCBDCADDBBBCBCBACCACADAACCCBBBADCCBAAABBCCBB	['D15C', 'B30D', 'A33B', 'D35C', 'D36B', 'C37B', 'C43D', 'B60C', 'C62D', 'A63D', 'A84B', 'B88C', 'C90B']	13	-1.1661448	-4.7994704	-3.1033487	-1.9372039
BCCDDDCDCCDDDCDDABCDABCABDBACBDCAADDABCACACBCBABCACBCCCCCBDBACDBBBCBCBAACACADAACCABBBADBCCAABBBCCBB	['D10C', 'C37A', 'B41C', 'C46B', 'A63D', 'C72A', 'C82A', 'A84B', 'A93B']	9	-0.20511293	-2.3268108	-2.1457748	-1.9406619
BCCDDDCDCDDDDDDDABBDABCABDBACDDCAACACBCABACBCCABCACBCCCCCBDBACDBBBCBCBACCACADAACCCBABADBCCAAABBCCBB	['C14D', 'C19B', 'B30D', 'D35C', 'D36A', 'A63D']	6	-4.7147117	-4.8031135	-6.6555586	-1.9408469
BCCDDDCDCDDDBDDDABCCABCABDBACDDCAACAABCABACBCCABCACBCCCCCBDBADDBBBCBCBACCACADAACCCBABADBCCAAABBCCBB	['D13B', 'C14D', 'D20C', 'B30D', 'D35C', 'D36A', 'C37A', 'C62D', 'A63D']	9	-4.253231	-4.8043118	-6.195283	-1.9420519
BCCDDDCDCDDDBDDDABCAABCABDBACBDCAACACBCACACBCDABCACBCCCCCBDBACABBBCBABACCACADAACCDBABADBDBAAABBCCBB	['D13B', 'C14D', 'D20A', 'D35C', 'D36A', 'B41C', 'C46D', 'C69A', 'C82D', 'C89D', 'C90B']	11	-2.7595525	-4.2218094	-4.7021275	-1.942575
BCCDBDCDCDDABCDDABCDABCABDBACBDCAADDBBCABACBCCABCACBCCCCCBDBACDBBBCBCBCCCACACAACCCBABADBCBAAABBCCBB	['D5B', 'D12A', 'D13B', 'C37B', 'A63D', 'A71C', 'D77C', 'C90B']	8	-4.5984383	-4.8084903	-6.5446634	-1.9462252
BCCDDDCDCCDDDCDDABCAABCABDBACBDCCACACBCABACBCCABCACBCCCCCBDBADDBBBCBBBBCBACADAACCCBBBADBCBAAABBCCBB	['D10C', 'D20A', 'A33C', 'D35C', 'D36A', 'C62D', 'A63D', 'C69B', 'A71B', 'C73B', 'A84B', 'C90B']	12	-0.8340988	-4.8105354	-2.7823658	-1.948267
BCCDDDCDCCDDDCDDABCDABCABDBACBDCAADDCBCABACBCDABCACBCCCCCBDBACDBBBCBCBACCACACAACCCBBBADACCAABBBCCBB	['D10C', 'C46D', 'A63D', 'D77C', 'A84B', 'B88A', 'A93B']	7	-3.8365555	-4.81063	-5.784917	-1.9483614
BCCDDDCDCDDDDCDDABBDABCABDBACBDCAADDBBCABACBCCABCACBCCCCCBDBACDBBBBBBBBCCACACAACCCBBBADBCBADCBBCCBB	['C19B', 'C37B', 'A63D', 'C67B', 'C69B', 'A71B', 'D77C', 'A84B', 'C90B', 'A92D', 'A93C']	11	-2.8751502	-4.812277	-4.825158	-1.9500079
BCCDDDCDCADBDCCDABCAABCABDBACDDCAADAABCABACBCCABCACBCCCCDBDBACDBBBCBCBACCACADAACCCBABADBCCAAABBCCBB	['D10A', 'D12B', 'D15C', 'D20A', 'B30D', 'D36A', 'C37A', 'C57D', 'A63D']	9	-4.5482287	-4.8151383	-6.5010996	-1.9528708
BCDDDDCDCCDDDCDDABCDABCABDBACDDCAACAABCABACBCCABCACBCCCCCBDBACDBBBCBCBACCACADAACCCBABADCCCAAABBCCBB	['C3D', 'D10C', 'B30D', 'D35C', 'D36A', 'C37A', 'A63D', 'B88C']	8	-3.1705441	-4.816982	-5.1252594	-1.9547153
BCCDDDCDCCDDDCCDABCAABCABDBACBDCAACDBBCABACBCDABCACBCCCCDBDBACDBBBBBCBACCACADAACCCBBCADBCBADABBCCBB	['D10C', 'D15C', 'D20A', 'D35C', 'C37B', 'C46D', 'C57D', 'A63D', 'C67B', 'A84B', 'B85C', 'C90B', 'A92D']	13	-1.2253575	-4.825708	-3.188796	-1.9634385
BCCDDDCDCDDDDCDDABCDABCABDBACDDCAACAABCACACBCCABCACBCCCCCBDBACDBBBCBCBACCACADAACCCBABADBCCAAABBCCBB	['B30D', 'D35C', 'D36A', 'C37A', 'B41C', 'A63D']	6	-4.8045545	-4.8264832	-6.7687683	-1.9642138
BCCDDDCDCDDDDCCDABCAABCABDBACBDCAADACBCABACBCCABCACBCCCCCBDBADDBBBCBCBCABACADAACCCBABADBCBAABBBCCBB	['D15C', 'D20A', 'D36A', 'C62D', 'A63D', 'A71C', 'C72A', 'C73B', 'C90B', 'A93B']	10	-3.0697122	-4.8279085	-5.0353527	-1.9656405
BCCDDDCDCCDDDCCDABCCABCABDBACBDCAADABBCABAABCDABCACBCDCCCBDBADBBBBCBCBBACBCCDAACCBBBBADBCCAABBBCCBB	['D10C', 'D15C', 'D20C', 'D36A', 'C37B', 'C43A', 'C46D', 'C54D', 'C62D', 'A63B', 'A71B', 'C72A', 'A74B', 'A76C', 'C82B', 'A84B', 'A93B']	17	3.0277286	0.8956685	1.0611372	-1.9665914
BCCDDDCDCBDBDCCDABBAABCABDBACBDCAADACBCABACBCDABCACBCDCCCCDBACDBBBBBABBCBACADAACCCCBBADBCBAAABBCCBB	['D10B', 'D12B', 'D15C', 'C19B', 'D20A', 'D36A', 'C46D', 'C54D', 'B58C', 'A63D', 'C67B', 'C69A', 'A71B', 'C73B', 'B83C', 'A84B', 'C90B']	17	1.0352182	-1.9684782	-0.93325806	-1.9684763
BCCDDDCDCADDBCDCABCDABCABDBACDDCAACACBCABACBCCABCACBCCCCCBDBADCBBBCBCBACCACADAACCCBABADBCCAAABBCCBB	['D10A', 'D13B', 'D16C', 'B30D', 'D35C', 'D36A', 'C62D', 'A63C']	8	-4.544171	-4.832222	-6.5141287	-1.9699578
BCCDDDCDCBDDDCDDABCDABCABDBACBDCAACDABCABACBCCABCACBCCCCCBDBADDBBBCBCBCCCACADAACCCBBCADBCBAAABBCCBB	['D10B', 'D35C', 'C37A', 'C62D', 'A63D', 'A71C', 'A84B', 'B85C', 'C90B']	9	-1.0361452	-4.8371706	-3.0110512	-1.974906
BCCDDDCDCCDDBCDDABCDABCABDBACBDDBAAABBCABACBCCABCACBCBCCCCDCCDDBBCCBDBBABACADABCCCBBBADBCBAAABBCCBB	['D10C', 'D13B', 'C32D', 'A33B', 'D35A', 'D36A', 'C37B', 'C54B', 'B58C', 'B60C', 'A61C', 'C62D', 'A63D', 'B66C', 'C69D', 'A71B', 'C72A', 'C73B', 'A79B', 'A84B', 'C90B']	21	-0.93785095	-4.00306	-2.9159212	-1.9780703
BCCDDDCDCBDDDCDDABCDABCABDBACBDCBADDCBCABACBCBABCACBCDCCCBDBBDDBBCBBCBCADACADAACCCBBBADBCBAABBBCCBB	['D10B', 'A33B', 'C46B', 'C54D', 'A61B', 'C62D', 'A63D', 'B66C', 'C67B', 'A71C', 'C72A', 'C73D', 'A84B', 'C90B', 'A93B']	15	2.4331388	-1.9785328	0.45461082	-1.978528
AAADDDCDCCDDDCDDABCDABCABDBACBDCAADDCBCABACBCDABCACBCCDCCBDBADDBBBCBCBCBAACACAACCABACADBCBAABBBCCBB	['B1A', 'C2A', 'C3A', 'D10C', 'C46D', 'C55D', 'C62D', 'A63D', 'A71C', 'C72B', 'C73A', 'D77C', 'C82A', 'B85C', 'C90B', 'A93B']	16	1.1728005	-2.3681073	-0.8091583	-1.9819589
BCCDDDCDCCDDDCCDABCAABCABDBACBDCAADABBCABACBCDABCACBCDCCCBDBDDDBBBBBCBBBBACCDAACCBBABADBCBAAABBCCBB	['D10C', 'D15C', 'D20A', 'D36A', 'C37B', 'C46D', 'C54D', 'A61D', 'C62D', 'A63D', 'C67B', 'A71B', 'C72B', 'C73B', 'A76C', 'C82B', 'C90B']	17	2.2885475	0.88000584	0.30629253	-1.982255
AAADDDCDCBDDBCDDABCDABCABDBACBDCAADDCBCABACBCDABCACBCCCCCBDBACDBBBCBCCACCACADAACCCBBBADBCBADBBCCCBB	['B1A', 'C2A', 'C3A', 'D10B', 'D13B', 'C46D', 'A63D', 'B70C', 'A84B', 'C90B', 'A92D', 'A93B', 'B95C']	13	-1.3293648	-4.8449306	-3.3120298	-1.9826651
BCCDDDCDCADDDCDDCBCCABCABDBACBDCAACACBCACACBCCABCACBCDCCCBDCADDBBBCBCBACCACADAACCBBABADBCCAAABBCCBB	['D10A', 'A17C', 'D20C', 'D35C', 'D36A', 'B41C', 'C54D', 'B60C', 'C62D', 'A63D', 'C82B']	11	1.0653615	0.87735844	-0.9195404	-1.9849019
BCCDDDCDCDDDBCDDABCDABCABDBACDDCAADACBCABACBCCABCACBCCCCCBDBACDBBBCBDBBCCACADAACCCBABADCCCAABBBCCBB	['D13B', 'B30D', 'D36A', 'A63D', 'C69D', 'A71B', 'B88C', 'A93B']	8	-4.4283175	-4.8518896	-6.417942	-1.9896245
BCCDDDCDCBACDCCDABBAABCABDBACBDCAADDCBCABACBCDABCACBCCCCCCDBADDBBBCBCBCCCACACAACCCBBBADBCBACBBBCCBB	['D10B', 'D11A', 'D12C', 'D15C', 'C19B', 'D20A', 'C46D', 'B58C', 'C62D', 'A63D', 'A71C', 'D77C', 'A84B', 'C90B', 'A92C', 'A93B']	16	-0.03784561	-4.8536654	-2.0292435	-1.9913979
BCCDDDCDCCDDBCDDADCBABCABDBACBDCAACACBCABACBCDABCACBCDCCCBDBADDBBBCBCBCDBACADAACCCBBBADBCBAAABBCCBB	['D10C', 'D13B', 'B18D', 'D20B', 'D35C', 'D36A', 'C46D', 'C54D', 'C62D', 'A63D', 'A71C', 'C72D', 'C73B', 'A84B', 'C90B']	15	-1.6362886	-1.9943027	-3.6305847	-1.9942961
BCCDDDCDCCDDDCDDABBDABCABDBACBDCAADDCBCABACBCCABCACBCCCCCBDBADDBBBCBDBCABACACAACCCBBBADBCBAABBBCCBB	['D10C', 'C19B', 'C62D', 'A63D', 'C69D', 'A71C', 'C72A', 'C73B', 'D77C', 'A84B', 'C90B', 'A93B']	12	-2.9910412	-4.8588767	-4.987651	-1.9966097
BCCDDDCDCCDDBCCDABCDABCABDBACBDCAADAABCACACBCDABCACBCCCCCBDBACCBBBCBCBAACACADAACCABABADBCCAABBBCCBB	['D10C', 'D13B', 'D15C', 'D36A', 'C37A', 'B41C', 'C46D', 'A63C', 'C72A', 'C82A', 'A93B']	11	-1.0432296	-2.3835616	-3.0406418	-1.9974122
BCCDDDCDCDDDDCDDABCDABCABDBACDDCAACAABCABACBCCABCACBCCCCCBDBADDBBBCBCBACCACADAACCCBABADBCCAAABBCCBB	['B30D', 'D35C', 'D36A', 'C37A', 'C62D', 'A63D']	6	-4.786235	-4.860751	-6.7847166	-1.9984818
BCCDDDCDCCDDDCDDABCDABCABDBACBDCAADDCBCABACBCCABCACBCCCCCBDBADDBBBCBCBBCBACACAACCBBABADBCBAABBBCCBB	['D10C', 'C62D', 'A63D', 'A71B', 'C73B', 'D77C', 'C82B', 'C90B', 'A93B']	9	0.39925385	-1.998486	-1.5992289	-1.9984827
BCCDDDCDCCDDDCDDABCDABCABDBACBDCAADDCBCABACBCCABCACBCCCCCBDBADDBBBCBCBBCBACACAACCBBABADBCBAABBBCCBB	['D10C', 'C62D', 'A63D', 'A71B', 'C73B', 'D77C', 'C82B', 'C90B', 'A93B']	9	0.39925385	-1.998486	-1.5992289	-1.9984827
BCCDDDCDCCDDBCDDABCDABCABDBACBDCBADDCBCABACBCDABCACBCCCCDCDBBDDBBBCBCBCCBDCCCAACCABABADBABAABBBCCBB	['D10C', 'D13B', 'A33B', 'C46D', 'C57D', 'B58C', 'A61B', 'C62D', 'A63D', 'A71C', 'C73B', 'A74D', 'A76C', 'D77C', 'C82A', 'C89A', 'C90B', 'A93B']	18	2.3899899	-2.387641	0.38849545	-2.0014944
BCCDDDCDCBDDDCDDABCDABCABDBACDDCBACBABCACACBCCABCACBCCCCDBDCADACBBCBCBACCACADAACCCBABADCCCAAABBCCBB	['D10B', 'B30D', 'A33B', 'D35C', 'D36B', 'C37A', 'B41C', 'C57D', 'B60C', 'C62D', 'B64C', 'B88C']	12	-1.460834	-4.8672104	-3.4657803	-2.0049462
BCCDDDCDCDDDACCDABCDABCABDBACDDCAACABBCABACBCCABCACBCCCCCBDBACDBBBCBCBACCADADAACCCBABADBCCAAABBCCBB	['D13A', 'D15C', 'B30D', 'D35C', 'D36A', 'C37B', 'A63D', 'C75D']	8	-4.4905214	-4.875158	-6.503417	-2.0128956
BCCDDDADCCDDDCDDABCAABCABDBACBDCAADDCBCABACBCCABCACBCCCCCBDBADDBBBBBCBBDBACACAACCCBBBADBCBAABBBCCBB	['C7A', 'D10C', 'D20A', 'C62D', 'A63D', 'C67B', 'A71B', 'C72D', 'C73B', 'D77C', 'A84B', 'C90B', 'A93B']	13	-1.5153103	-4.876617	-3.5296602	-2.01435
BCCDDDCDCCDDDCDDABBDABCABDBACBDCAADDCBCABACBCDABCACBCCCCCBDBADDBBBCBCBACBACACAACCABABADBCBAABBBCCBB	['D10C', 'C19B', 'C46D', 'C62D', 'A63D', 'C73B', 'D77C', 'C82A', 'C90B', 'A93B']	10	-0.832592	-2.4007316	-2.8471727	-2.0145807
BCCDDDCDCCDDDCDDABCAABCABDBACBDCAACDABCABACBCDABCACBCCCCCBDBADDBBBCBCBDCBACADAACCCBBBADBCBAABBBCCBB	['D10C', 'D20A', 'D35C', 'C37A', 'C46D', 'C62D', 'A63D', 'A71D', 'C73B', 'A84B', 'C90B', 'A93B']	12	-1.4787073	-4.877928	-3.4943676	-2.0156603
BCCDDDCDCDDDDCDDABCAABCABDBACBDCAADDABCACACBCDABCACBCCCCCBDBADDCBBCBCBACACCACAACCCBABADBCBAABBBCCBB	['D20A', 'C37A', 'B41C', 'C46D', 'C62D', 'A63D', 'B64C', 'C73A', 'A74C', 'D77C', 'C90B', 'A93B']	12	-3.4594479	-4.878426	-5.475608	-2.01616
AAADDDCDCBDDDCDDABCDABCABDBACBDCBADDCBCABACBCDABCACBCBDCDBDBADDBBBBBCBCABACACACCCCBBBADBCBAABBBCCBB	['B1A', 'C2A', 'C3A', 'D10B', 'A33B', 'C46D', 'C54B', 'C55D', 'C57D', 'C62D', 'A63D', 'C67B', 'A71C', 'C72A', 'C73B', 'D77C', 'A79C', 'A84B', 'C90B', 'A93B']	20	0.5899892	-4.0419273	-1.4269514	-2.0169406
BCCDDDCDCDDDDDCDABCDABCABDBACBDCAADDBBCABACBCCABCACBCCCCCBDBACDBBBCBCBBBBACADAACCABABADBCBAAABBCCBB	['C14D', 'D15C', 'C37B', 'A63D', 'A71B', 'C72B', 'C73B', 'C82A', 'C90B']	9	-0.9356804	-2.4055252	-2.9550524	-2.019372
BCCDDDCDCCDDDCDDABCDABCABDBACBDCAADDCBCABACBCCABCACBCCCCCBDBACCBBBCBCBACCACACAACCABABADBCCAAABBCCBB	['D10C', 'A63C', 'D77C', 'C82A']	4	-1.7179999	-2.4055552	-3.737401	-2.019401
BCCDDDCDCCDDDCDDABCCABCABDBACBDCAACACBCABACBCCABCACBCCCCCBDBADDCBBCBCBBDCACADAACCABBBADBCBAAABBCCBB	['D10C', 'D20C', 'D35C', 'D36A', 'C62D', 'A63D', 'B64C', 'A71B', 'C72D', 'C82A', 'A84B', 'C90B']	12	2.2616644	-2.4067378	0.24107552	-2.0205889
AAADDDCDCADDDDCDABCCABCABDBACBDCAADDCBCABACBCDABCACBCDCCCCDCACBBBBCBCBBCCACADAACCBBBBADBCCAABBBCCBB	['B1A', 'C2A', 'C3A', 'D10A', 'C14D', 'D15C', 'D20C', 'C46D', 'C54D', 'B58C', 'B60C', 'A63B', 'A71B', 'C82B', 'A84B', 'A93B']	16	3.0465603	0.8405032	1.0248041	-2.0217562
BCCDDDCDCCDDBCDCABCDABCABDBACDDCAACBABCABACBDCABCACBCCCCCBDBADCCBBCBCBCDCACADAACCCBABADBCCAABBBCCBB	['D10C', 'D13B', 'D16C', 'B30D', 'D35C', 'D36B', 'C37A', 'C45D', 'C62D', 'A63C', 'B64C', 'A71C', 'C72D', 'A93B']	14	-4.5781484	-4.8860855	-6.601968	-2.0238194
BCCDDDCDCCDDCCDDABCDABCABDBACBDCAADDCBCABADBCDBBCACBCDCCCBDBADDCBCBBABADDACCDAACCCBBBADBCBAABBACCBB	['D10C', 'D13C', 'C43D', 'C46D', 'A47B', 'C54D', 'C62D', 'A63D', 'B64C', 'B66C', 'C67B', 'C69A', 'C72D', 'C73D', 'A76C', 'A84B', 'C90B', 'A93B', 'B95A']	19	2.4912553	-2.0250611	0.46619415	-2.0250611
BCCDDDCDCADDBCDBABCDABCABDBACDDCAACABBCABACBCCABCACBCCCCCBDBACDBBBCBCBACCACADAACCCBABADCCCAAABBCCBB	['D10A', 'D13B', 'D16B', 'B30D', 'D35C', 'D36A', 'C37B', 'A63D', 'B88C']	9	-3.6102028	-4.8915596	-5.639496	-2.029293
BCCDDDCDCBDDBCDDABCCABCABDBACDDCAACACBCABACBCCABCACBCCCCCBDBADDDBBCBCBACCCCADAACCCBABADCBCAAABBCCBB	['D10B', 'D13B', 'D20C', 'B30D', 'D35C', 'D36A', 'C62D', 'A63D', 'B64D', 'A74C', 'B88C', 'C89B']	12	-2.4572058	-4.896939	-4.4918823	-2.0346766
BCCDDDCDCDDDDCDDABCDABCABDBACDDCAACACBCABACBCCABCACBCCCCCBDBACDBBBCBCBACCACADAACCCBABADBCCAAABBCCBB	['B30D', 'D35C', 'D36A', 'A63D']	4	-4.76841	-4.8979964	-6.804137	-2.035727
BCCDDDCDCDDDDCDDABCDABCABDBACDDCAACACBCABACBCCABCACBCCCCCBDBACDBBBCBCBACCACADAACCCBABADBCCAAABBCCBB	['B30D', 'D35C', 'D36A', 'A63D']	4	-4.76841	-4.8979964	-6.804137	-2.035727
BCCDDDCDCDDDDCDDABCDABCABDBACDDCAACACBCABACBCCABCACBCCCCCBDBACDBBBCBCBACCACADAACCCBABADBCCAAABBCCBB	['B30D', 'D35C', 'D36A', 'A63D']	4	-4.76841	-4.8979964	-6.804137	-2.035727
BCCDDDCDCDDDDCDDABCDABCABDBACDDCAACACBCABACBCCABCACBCCCCCBDBACDBBBCBCBACCACADAACCCBABADBCCAAABBCCBB	['B30D', 'D35C', 'D36A', 'A63D']	4	-4.76841	-4.8979964	-6.804137	-2.035727
AAADDDCDCCDCDCDDABCDABCABDBACBDCAADDCBCABACBCDABCACBCDCCCBDBACDBBBCBCBBCCACADAACCABBCADBCBADABBCCBB	['B1A', 'C2A', 'C3A', 'D10C', 'D12C', 'C46D', 'C54D', 'A63D', 'A71B', 'C82A', 'A84B', 'B85C', 'C90B', 'A92D']	14	2.5995297	0.44000483	0.56342316	-2.0361066
BCCDDDCDCDDDBCDDACCAABCABDBACBDCAADDCBCABACBCCDBCACBCCCCCBDBACDBBBCBCBBDCACACAACCCBABADBCBAAABBCCBB	['D13B', 'B18C', 'D20A', 'A47D', 'A63D', 'A71B', 'C72D', 'D77C', 'C90B']	9	-4.193466	-4.901814	-6.233019	-2.0395527
BCCDDDCDCDDDBDDDABCCABCABDBACDDCBACACBCABACBCCABCACBCCCCCBDBADDBBBCBCBACCACADAACCCBABADCCCAAABBCCBB	['D13B', 'C14D', 'D20C', 'B30D', 'A33B', 'D35C', 'D36A', 'C62D', 'A63D', 'B88C']	10	-2.7464457	-4.901842	-4.786025	-2.0395794
BCCDDDCDCCDDBCDDABCAABCABDBACBDCAACABBCABACBCCABCACBCCCCCBDCBDDBBBBBCBAACACADAACCCBABADDCCAAABBCCBB	['D10C', 'D13B', 'D20A', 'D35C', 'D36A', 'C37B', 'B60C', 'A61B', 'C62D', 'A63D', 'C67B', 'C72A', 'B88D']	13	-2.9793868	-4.907051	-5.024173	-2.044786
BCCDDDCDCADDBDCBABCDABBCBDBACBDCAACDABCABACBCDABCACBBCCCCBDBADDCBBCBCBAADACACAACCCBBBADBCBAABBCCCBB	['D10A', 'D13B', 'C14D', 'D15C', 'D16B', 'C23B', 'A24C', 'D35C', 'C37A', 'C46D', 'C53B', 'C62D', 'A63D', 'B64C', 'C72A', 'C73D', 'D77C', 'A84B', 'C90B', 'A93B', 'B95C']	21	-0.22942877	-4.914007	-2.2811708	-2.051742
BCCDDDCDCCDDDCDDABCDABCABDBACBDCAADDCBCABACBCCABCACBCCCCCBDBACACBBCBCBBCDACACAACCCBBBADBCBAAABBCCBB	['D10C', 'B64C', 'A71B', 'C73D', 'D77C', 'A84B', 'C90B']	7	-1.6506839	-4.9162207	-3.7046394	-2.0539556
AAADDDCDCCDCBDDDABCDABCABDBACBDCAADDCBCABACBCDABCACBCCCCCBDCADDBBBCBCBCDCACADADCCDBBBADBCCACBBBCCBB	['B1A', 'C2A', 'C3A', 'D10C', 'D12C', 'D13B', 'C14D', 'C46D', 'B60C', 'C62D', 'A63D', 'A71C', 'C72D', 'A79D', 'C82D', 'A84B', 'A92C', 'A93B']	18	-1.1512132	-4.3392215	-3.2112007	-2.0599875
BCCDDDCDCDDDBCDDABCDABCABDBACDDCAADACBCABACBCCABCACBCCCCCBDBADDBBBCBCBCACACADAACCCBABADBCCAAABBCCBB	['D13B', 'B30D', 'D36A', 'C62D', 'A63D', 'A71C', 'C72A']	7	-4.4235487	-4.9247227	-6.486001	-2.0624523
BCCDDDCDCDDDBCDDABCDABCABDBACDDCAADACBCABACBCCABCACBCCCCCBDBADDBBBCBCBCACACADAACCCBABADBCCAAABBCCBB	['D13B', 'B30D', 'D36A', 'C62D', 'A63D', 'A71C', 'C72A']	7	-4.4235487	-4.9247227	-6.486001	-2.0624523
BCCDDDCDCDDDBDDDABCCABCABDBACBDAAACABBCABACBCDABCACBCDDCDBDBCDDBBBCBCBCAAACADAACCCBBBADBCBBDABBCCBB	['D13B', 'C14D', 'D20C', 'C32A', 'D35C', 'D36A', 'C37B', 'C46D', 'C54D', 'C55D', 'C57D', 'A61C', 'C62D', 'A63D', 'A71C', 'C72A', 'C73A', 'A84B', 'C90B', 'A91B', 'A92D']	21	-0.6925473	-2.0691361	-2.7616796	-2.0691323
BCCDDDCDCDDDDCCDABCDABCABDBACBDCAADDBBCABACBCCABCACBCCCCCBDBACBBBBCBCBACCACADAACCABABADBCCAAABBCCBB	['D15C', 'C37B', 'A63B', 'C82A']	4	-1.9189568	-2.4587626	-3.9915695	-2.0726128
AAADDDCDCCDDBCDDABCCABCABDBACBDCBACABBCABACBCDABCACBCDDCCBDBADDBBBCBCBCBBACADAACCBBBBADBCBAABBCCCBB	['B1A', 'C2A', 'C3A', 'D10C', 'D13B', 'D20C', 'A33B', 'D35C', 'D36A', 'C37B', 'C46D', 'C54D', 'C55D', 'C62D', 'A63D', 'A71C', 'C72B', 'C73B', 'C82B', 'A84B', 'C90B', 'A93B', 'B95C']	23	3.9228053	0.7862444	1.8467903	-2.076015
BCCDDDCDCCADBCDDABCDADCABDBACBDCAADDBBCABACBCDBBCACBCBCCCBDBADDBBBCBCBDBBACACAACCCBBBADBABAABBBCCBB	['D10C', 'D11A', 'D13B', 'B22D', 'C37B', 'C46D', 'A47B', 'C54B', 'C62D', 'A63D', 'A71D', 'C72B', 'C73B', 'D77C', 'A84B', 'C89A', 'C90B', 'A93B']	18	-1.6362939	-4.108539	-3.7198448	-2.083551
BCCDDDCDCADDDCDDABCDABCABDBACBDCAACAABCACACBCCABCACBCDCCCCDBACDBBBCBCBBACACADAACCBBABADBCBAABBBCCBB	['D10A', 'D35C', 'D36A', 'C37A', 'B41C', 'C54D', 'B58C', 'A63D', 'A71B', 'C72A', 'C82B', 'C90B', 'A93B']	13	1.6791239	0.7764988	-0.4066391	-2.085763
BCCDDDCDCBDDBCADABCDABCABDBACDDCCACACBCACACBCCABCACBCCCCCBDBACDCBBCBCBACCACADAACCCBABADCCCAAABBCCBB	['D10B', 'D13B', 'D15A', 'B30D', 'A33C', 'D35C', 'D36A', 'B41C', 'A63D', 'B64C', 'B88C']	11	-2.6187124	-4.950804	-4.7072477	-2.0885353
AAADDDCDCBDDDCDDABBDABCABDBACBDCAADDABCABACBCCABCACBCDCCDBDBACDBBBCBCBBCCACACAACCBBABADBBBAABBBCCBB	['B1A', 'C2A', 'C3A', 'D10B', 'C19B', 'C37A', 'C54D', 'C57D', 'A63D', 'A71B', 'D77C', 'C82B', 'C89B', 'C90B', 'A93B']	15	2.121283	0.7686143	0.027633667	-2.0936494
BCCDDDCDCDDADCDDABCCABCABDBACDDCAACACBCABACBCCABCACBCCCCDCDBADCCBBCBCBACCACADAACCCBABADBCCAAABBCCBA	['D12A', 'D20C', 'B30D', 'D35C', 'D36A', 'C57D', 'B58C', 'C62D', 'A63C', 'B64C', 'B99A']	11	-4.4414454	-4.9564257	-6.5356045	-2.0941591
BCCDDDCDCBDDBCDDABCAABCABDBACBDCAADACBCABACBCCABCACBCCCCCBDBADDBBBCBCBBDCACACAACCCBBBADBCBAAABBCCBB	['D10B', 'D13B', 'D20A', 'D36A', 'C62D', 'A63D', 'A71B', 'C72D', 'D77C', 'A84B', 'C90B']	11	-0.9252906	-4.9586186	-3.0216436	-2.096353
BCCDDDCDCCDDBCDDABCCABCABDBACDDCAACACBCABACBCCABCACBCCCCDBDBADDBBBCBCBACCACADAACCCBABADCCBAABBBCCBB	['D10C', 'D13B', 'D20C', 'B30D', 'D35C', 'D36A', 'C57D', 'C62D', 'A63D', 'B88C', 'C90B', 'A93B']	12	-2.6705146	-4.959146	-4.767396	-2.0968814
AAADDDCDCDDBDCDDABBDABCABDBACDDCAACAABCABACBCCABCACBCCCCDBDBACDBBBCBCBDACACADAACCCBABADBCCAAABBCCBB	['B1A', 'C2A', 'C3A', 'D12B', 'C19B', 'B30D', 'D35C', 'D36A', 'C37A', 'C57D', 'A63D', 'A71D', 'C72A']	13	-3.4255395	-4.9603944	-5.52367	-2.0981307
BCCDDDCDCCDDDCDDABCDABCABDBACBDCAADDCBCABACBCCBBCACBCCCCCBDBACDBBBCBCBACCACADAACCBBABADBCCAABBBCCBB	['D10C', 'A47B', 'A63D', 'C82B', 'A93B']	5	-0.7591152	-2.098661	-2.8577719	-2.0986567
BCCDDDCDCCDDBCDCABCDABCABDBACBDCAADDABCACACBCCABCACBCCCCDBDBADACBBCBCBCCCACADAACCBBABADBCCAAABBCCBB	['D10C', 'D13B', 'D16C', 'C37A', 'B41C', 'C57D', 'C62D', 'B64C', 'A71C', 'C82B']	10	-0.2782359	-2.1027946	-2.3810291	-2.1027932
BCCDDDCDCCDDBCDDABCDABBABDBACBDCAACDDBCACACBCDABCACBCCCCCBDBACABBBCBCBCCCACACAACCCBBBADDDCAAABBCCBB	['D10C', 'D13B', 'C23B', 'D35C', 'C37D', 'B41C', 'C46D', 'A71C', 'D77C', 'A84B', 'B88D', 'C89D']	12	-4.3734093	-4.9690266	-6.480173	-2.1067638
BCCDDDCDCBDDDCCDABCAABCDBDBACBDCAADACBCABACBCDABCACBCDCCCBDBACDBBBCBCBBCBACADAACCABBCADBCCAAABBCCBB	['D10B', 'D15C', 'D20A', 'A24D', 'D36A', 'C46D', 'C54D', 'A63D', 'A71B', 'C73B', 'C82A', 'A84B', 'B85C']	13	3.3780918	0.3677702	1.2697468	-2.108345
BCCDDDCDCBDBDCCDABBAABCABDBACBDCAADDABCABACBCCABCACBCDCCDBDBADDBBBCBCBBCBACADAACCCBBBADBCBAABBBCCBB	['D10B', 'D12B', 'D15C', 'C19B', 'D20A', 'C37A', 'C54D', 'C57D', 'C62D', 'A63D', 'A71B', 'C73B', 'A84B', 'C90B', 'A93B']	15	-1.4813061	-2.10852	-3.5898228	-2.1085167
BCCDDDCDCCDDBCDDABCAABCABDBACBDCAABAABCAAACBCDBBCACBBDCCCBDCACDCBBCBCBBCCACACAACCABABADBCBAABBBCCBB	['D10C', 'D13B', 'D20A', 'D35B', 'D36A', 'C37A', 'B41A', 'C46D', 'A47B', 'C53B', 'C54D', 'B60C', 'A63D', 'B64C', 'A71B', 'D77C', 'C82A', 'C90B', 'A93B']	19	3.4646685	0.36595201	1.3545017	-2.1101668
BCCDDDCDCDDDDCDDABCDABCABDBACBDCAADDBBCABACBCCABCACBCCCCCBDBADCBBBCBCBBBCACACAACCABABADBCBAAABBCCBB	['C37B', 'C62D', 'A63C', 'A71B', 'C72B', 'D77C', 'C82A', 'C90B']	8	-1.45047	-2.4975786	-3.5618973	-2.1114273
BCCDDDCDCCDDDCDDABCAABCABDBACBDCAADDBBCABACBCDABCACBCCCCCBDBADDBBBCBCCCABACADAACCCBBBADBCBAAABBCCBB	['D10C', 'D20A', 'C37B', 'C46D', 'C62D', 'A63D', 'B70C', 'A71C', 'C72A', 'C73B', 'A84B', 'C90B']	12	-2.273912	-4.9776564	-4.3893013	-2.1153893
BCCDDDDDCDDDDCCDABCDABCABDBACBDCAACDABCABACBCCABCACBCCCCCBDBACDBBBCBCBACCACADAACCCBBBADBCCAAABBCCBB	['C7D', 'D15C', 'D35C', 'C37A', 'A63D', 'A84B']	6	-3.9479508	-4.9794736	-6.06516	-2.117209
BCCDDDCDCDDDDCDDABCCABCABDBACBDCAADABBCABACBCCABCACBCCCCCBDBADDBBBCBCBDCDACADAACCCBBBADBCBAABBBCCBB	['D20C', 'D36A', 'C37B', 'C62D', 'A63D', 'A71D', 'C73D', 'A84B', 'C90B', 'A93B']	10	-0.5632086	-4.9796743	-2.6806164	-2.1174078
BCCDDDCDCADDDCDCABCDABCABDBACBDCAADDCBAABACBBCABCACBCCCCCBDBACDBBBCBCBACCACACAACCABABADBCBAAABBCCBB	['D10A', 'D16C', 'C39A', 'C45B', 'A63D', 'D77C', 'C82A', 'C90B']	8	-1.7216496	-2.5050135	-3.8405123	-2.1188626
BCCDDDCDCDDDDCCDABCDABCABDBACDDCAACDABCACACBCCABCACBCCCCDBDBACDCBBCBCBCCCACACAACCCBABADBCCAAABBCCBB	['D15C', 'B30D', 'D35C', 'C37A', 'B41C', 'C57D', 'A63D', 'B64C', 'A71C', 'D77C']	10	-4.7633185	-4.9823136	-6.8833647	-2.1200461
BCCDDDCDCCDDBCDDADCDABCABDBACBDCAADDCBCABACBCDABCACBCCCCCBDBADDBBBCBCBACCACCDAACCBBABADBBCAAABBCCBB	['D10C', 'D13B', 'B18D', 'C46D', 'C62D', 'A63D', 'A76C', 'C82B', 'C89B']	9	0.43905592	-2.12155	-1.6824903	-2.1215463
BCCDDDCDCCDDDCCDADCDABCABDBACBDCAADDBBCABACBCDABCACBCCCCCBDBADDBBBCBCBABCACACAACCBBABADBCBACBBCCCBB	['D10C', 'D15C', 'B18D', 'C37B', 'C46D', 'C62D', 'A63D', 'C72B', 'D77C', 'C82B', 'C90B', 'A92C', 'A93B', 'B95C']	14	-0.44248295	-2.1216998	-2.5641785	-2.1216955
BCCDDDCDCCADDCCBABCAABCABDBACBDCAADABBCABACBCDBBCACBCBCCCBDBACDBBBCBCBBCDACCDAACCDBBCADBABAAABBCCBB	['D10C', 'D11A', 'D15C', 'D16B', 'D20A', 'D36A', 'C37B', 'C46D', 'A47B', 'C54B', 'A63D', 'A71B', 'C73D', 'A76C', 'C82D', 'A84B', 'B85C', 'C89A', 'C90B']	19	2.5629725	-3.5669408	0.43799114	-2.1249814
BCCDDDCDCDDDDCDDABCDABCABDBACDDCAACACBCABACBCCABCACBCCCCDBDBACDBBBCBCBACCACADAACCCBABADBCCAAABBCCBB	['B30D', 'D35C', 'D36A', 'C57D', 'A63D']	5	-4.7462564	-4.99036	-6.8743467	-2.1280904
BCCDDDCDCDDDDCDDABCDABCABDBACDDCAACACBCABACBCCABCACBCCCCDBDBACDBBBCBCBACCACADAACCCBABADBBCAABBBCCBB	['B30D', 'D35C', 'D36A', 'C57D', 'A63D', 'C89B', 'A93B']	7	-4.3257914	-4.9904466	-6.453967	-2.1281757
BCCDDDCDCCDDBCDDABCAABCABDBACBDCAACACBCACACBCCABCACBCCCCCBDCADDBBBCBCBBCBACADAACCCBBBADBCBAAABBCCBB	['D10C', 'D13B', 'D20A', 'D35C', 'D36A', 'B41C', 'B60C', 'C62D', 'A63D', 'A71B', 'C73B', 'A84B', 'C90B']	13	-0.64992523	-4.9916077	-2.7792654	-2.1293402
AAADDDCDCBDDBCCDABAAABCABDBACBDCAADACBCABACBCDABCACBCDCCCBDBACDBBBCBCBBCBACADAACCCBBBADBCBAAABBCCBB	['B1A', 'C2A', 'C3A', 'D10B', 'D13B', 'D15C', 'C19A', 'D20A', 'D36A', 'C46D', 'C54D', 'A63D', 'A71B', 'C73B', 'A84B', 'C90B']	16	0.14606333	-2.1310577	-1.984992	-2.1310554
BCCDDDCDCDDDBCDDABBAABCABDBACBDCAACBCBCABABBCCABCACBCCCCCBDBADDBBBCBCBDCCCCACAACCCBABADBCBADBBBCCBB	['D13B', 'C19B', 'D20A', 'D35C', 'D36B', 'C43B', 'C62D', 'A63D', 'A71D', 'A74C', 'D77C', 'C90B', 'A92D', 'A93B']	14	-2.6323538	-4.9935756	-4.763666	-2.1313124
BCCDDDCDCCDDBCDDABCDABCABDBACBDCBADDCBCABACBCDABCACBCDCCCCDCADDBBBCBCBBCCACCDAACCBBBBADBCBAAABBCCBB	['D10C', 'D13B', 'A33B', 'C46D', 'C54D', 'B58C', 'B60C', 'C62D', 'A63D', 'A71B', 'A76C', 'C82B', 'A84B', 'C90B']	14	4.0627375	0.730546	1.9310236	-2.1317139
BCCDDDCDCCDDBDCDABCDABCABDBACBDCAADDBBCABACBBCABCACBCCCCCBDBCDDBBACBCBCCBACACAACCCBBBADBCBAABBBCCBB	['D10C', 'D13B', 'C14D', 'D15C', 'C37B', 'C45B', 'A61C', 'C62D', 'A63D', 'B66A', 'A71C', 'C73B', 'D77C', 'A84B', 'C90B', 'A93B']	16	-2.8914456	-4.996764	-5.025943	-2.1344972
BCCDDDCDCCDDDCDDABCDABCABDBACBDCAADDCBCACACBCDABCACBCCCCCBDBADDBBBCBCBACCACADAACCABBBADBCBAABBCCCBB	['D10C', 'B41C', 'C46D', 'C62D', 'A63D', 'C82A', 'A84B', 'C90B', 'A93B', 'B95C']	10	0.49863625	-2.5211272	-1.636343	-2.1349792
BCCDDDCDCDDDDCDDABCCABCABDBACBDCAADDCBCABACBCCABCACBCCCCCBDBACDBBBCBCBACCACADAACCABABADBCCAABBBCCBB	['D20C', 'A63D', 'C82A', 'A93B']	4	-1.2880807	-2.521316	-3.4232464	-2.1351657
BCCDDDCDCCDDDCDDABCDABCABDBACBDCAADDCBCABACBCCABCACBCCCCCBDBACDBBBCBCBCCCACADAACCCBBCADBCBACABACCBB	['D10C', 'A63D', 'A71C', 'A84B', 'B85C', 'C90B', 'A92C', 'B95A']	8	-1.732398	-4.9987955	-3.868926	-2.136528
BCCDDDCDCBDDDCDDABCDABCABDBACDDCAADDBBCACACBCCABCACBCCCCCBDCADDBBBCBCBACCACACAACCCBABADCCCAABBBCCBB	['D10B', 'B30D', 'C37B', 'B41C', 'B60C', 'C62D', 'A63D', 'D77C', 'B88C', 'A93B']	10	-3.1247234	-5.003833	-5.266284	-2.1415606
BCCDDDCDCBDBBCDDABBAABCABDBACBDCAACDCBCABACBCDABCACBCCCCCBDBADDCBBCBCBADAACACAACCCBABADBCBAAABBCCBB	['D10B', 'D12B', 'D13B', 'C19B', 'D20A', 'D35C', 'C46D', 'C62D', 'A63D', 'B64C', 'C72D', 'C73A', 'D77C', 'C90B']	14	-2.2959766	-5.0042915	-4.4380026	-2.142026
BCCDDDCDCDDDDCDDABCCABCABDBACBDCAACABBCABACBCCABCACBCDCCCBDBADDBBBCBCBBCCACACAACCBBABADBCBAABBBCCBB	['D20C', 'D35C', 'D36A', 'C37B', 'C54D', 'C62D', 'A63D', 'A71B', 'D77C', 'C82B', 'C90B', 'A93B']	12	1.0269065	0.7194991	-1.1158533	-2.1427598
AAADDDCDCBDDDCCDABCAABCABDBACBDCADCACBCABACBCDABCACBCBCCDBDBBCDBBBCBCBBBCACCDAACCCBBCADBCBAAABBCCBB	['B1A', 'C2A', 'C3A', 'D10B', 'D15C', 'D20A', 'A34D', 'D35C', 'D36A', 'C46D', 'C54B', 'C57D', 'A61B', 'A63D', 'A71B', 'C72B', 'A76C', 'A84B', 'B85C', 'C90B']	20	1.2795129	-4.1683702	-0.8638668	-2.1433797
AAADDDCDCBDDDCCDABCAABCABDBACBDCADCACBCABACBCDABCACBCBCCDBDBBCDBBBCBCBBBCACCDAACCCBBCADBCBAAABBCCBB	['B1A', 'C2A', 'C3A', 'D10B', 'D15C', 'D20A', 'A34D', 'D35C', 'D36A', 'C46D', 'C54B', 'C57D', 'A61B', 'A63D', 'A71B', 'C72B', 'A76C', 'A84B', 'B85C', 'C90B']	20	1.2795129	-4.1683702	-0.8638668	-2.1433797
BCCBDDCDCBDDBCDDABCAABCABDBACBDCAADDABCABACBCDABCACBCDCCCBDBACDBBBCBCBBCCACADACCCCBBBADBCCCAABBCCBB	['D4B', 'D10B', 'D13B', 'D20A', 'C37A', 'C46D', 'C54D', 'A63D', 'A71B', 'A79C', 'A84B', 'A91C']	12	0.75639534	-2.143722	-1.3873272	-2.1437225
BCCDDDCDCCDDDCDDABCAABCABDBACBDCAACACBCACACBCDABCACBCCCCCBDBADDBBBCBCBDABACADAACCCBBBADBCBAABBBCCBB	['D10C', 'D20A', 'D35C', 'D36A', 'B41C', 'C46D', 'C62D', 'A63D', 'A71D', 'C72A', 'C73B', 'A84B', 'C90B', 'A93B']	14	-0.7068844	-5.007004	-2.8516216	-2.1447372
AAADDDCDCCDDBCDDABCDABCABDBACBDCAADDABCABACBCDABCACBCCCCCBDBADDBBBCBCBCABACADAACCCBBBADBCBAABBBCCBB	['B1A', 'C2A', 'C3A', 'D10C', 'D13B', 'C37A', 'C46D', 'C62D', 'A63D', 'A71C', 'C72A', 'C73B', 'A84B', 'C90B', 'A93B']	15	-1.9373736	-5.007196	-4.082302	-2.1449285
BCCDDDCDCDDDBCCDABBDABCABDBACDDCAACACBCACACBCCABCACBCCCCDBDCACDBBBCBCBADCACADAACCCBABADBCCAAABBCCBB	['D13B', 'D15C', 'C19B', 'B30D', 'D35C', 'D36A', 'B41C', 'C57D', 'B60C', 'A63D', 'C72D']	11	-4.309167	-5.00887	-6.4557734	-2.1466064
BCCDDDCDCDDDDCCDBBBCABCABDBACBDCAACACBCABACBCCABCACBCCCCCBDBADDBBBCBCBADCACADAACCBBABADBCCAAABBCCBB	['D15C', 'A17B', 'C19B', 'D20C', 'D35C', 'D36A', 'C62D', 'A63D', 'C72D', 'C82B']	10	0.09579086	-2.1467295	-2.0509338	-2.1467247
BCCDDDCDCBDDDDDDABCDABCABDBACBDCAADDCBCACACBCDABCACBCCCCCBDBACACBBCBCBACCACADAACCBBABADBCCAAABBCCBB	['D10B', 'C14D', 'B41C', 'C46D', 'B64C', 'C82B']	6	0.034160614	-2.148932	-2.11477	-2.1489305
BCCDDDCDCCDDDCDDABCDABCABDBACBDCBADDCBCABACBCDABCACBCDCCDBDBADDBBBCBCBCABACACAACCBBABADBCBAABBBCCBB	['D10C', 'A33B', 'C46D', 'C54D', 'C57D', 'C62D', 'A63D', 'A71C', 'C72A', 'C73B', 'D77C', 'C82B', 'C90B', 'A93B']	14	1.2350264	0.7120037	-0.91522884	-2.1502552
BCCDDDCDCCDDDCDDABCAABCABDBACBDCAACDBBCABACBCDABCACBCCCCCBDBCCDCBBCBCBBCDACACAACCCBBBADBCBAAABBCCBB	['D10C', 'D20A', 'D35C', 'C37B', 'C46D', 'A61C', 'A63D', 'B64C', 'A71B', 'C73D', 'D77C', 'A84B', 'C90B']	13	-1.1713934	-5.013584	-3.32271	-2.1513166
BCCDDDCDCCDDDCDDABCAABCABDBACBDCAAAACBCABACBCDABCACBCCCCCBDBACABBBCBABCCCACADAACCCBBBADBACAAABBCCBB	['D10C', 'D20A', 'D35A', 'D36A', 'C46D', 'C69A', 'A71C', 'A84B', 'C89A']	9	-2.0247345	-5.014168	-4.1766367	-2.1519022
BCCDDDCDCCDDDCDDABCDABCABDBACBDCAACDCBCACACBCDABCACBCCCCCBDBACDCBBCBCBACDACADAACCCBBBADBCBAAABBCCBB	['D10C', 'D35C', 'B41C', 'C46D', 'A63D', 'B64C', 'C73D', 'A84B', 'C90B']	9	-1.5422645	-5.014712	-3.6947107	-2.1524463
AAADDDCDCCADBCDDABCAABCABDBACBDCAADACBCABACBCCABCACBCDCCCBDBADDBBBBBBBBCCCCADAACCCBBBADBABCDBBBCCBB	['B1A', 'C2A', 'C3A', 'D10C', 'D11A', 'D13B', 'D20A', 'D36A', 'C54D', 'C62D', 'A63D', 'C67B', 'C69B', 'A71B', 'A74C', 'A84B', 'C89A', 'C90B', 'A91C', 'A92D', 'A93B']	21	2.7477279	-2.1544437	0.59328175	-2.1544461
AAADDDCDCCDDBCDDABCDABCABDBACBDCBACBBBCABACBCCABCACBCDCCCBDBACDBBBCBCBCCCACACAACCBBABADBCBAAABBCCBB	['B1A', 'C2A', 'C3A', 'D10C', 'D13B', 'A33B', 'D35C', 'D36B', 'C37B', 'C54D', 'A63D', 'A71C', 'D77C', 'C82B', 'C90B']	15	2.4777555	0.70436764	0.31986427	-2.1578913
BCCBDDCDCBDDDCDDABBDABCABDBACBDCCACACBCABACBCCABCACBCCCCDBDBACDBBBCBCBBBBACADAACCCBBCADBCBAAABBCCBB	['D4B', 'D10B', 'C19B', 'A33C', 'D35C', 'D36A', 'C57D', 'A63D', 'A71B', 'C72B', 'C73B', 'A84B', 'B85C', 'C90B']	14	0.13508749	-5.021016	-2.0236626	-2.15875
BCCDDDCDCCDDBCDDABCDABCABDBACBDCAADDCBCABACBCCABCACBCCCCCBDBACDBBBCBCBADCADACAACCBBABADBCCAAABBCCBB	['D10C', 'D13B', 'A63D', 'C72D', 'C75D', 'D77C', 'C82B']	7	-1.478239	-2.1612792	-3.639514	-2.161275
AAADDDCDCCDDDCDDABCDABCABDBACDDCAACACBCACACBCCABCACBCCCCCBDBCDDDBBCBCBACCACADAACCCBABADCCCAABBBCCBB	['B1A', 'C2A', 'C3A', 'D10C', 'B30D', 'D35C', 'D36A', 'B41C', 'A61C', 'C62D', 'A63D', 'B64D', 'B88C', 'A93B']	14	-3.9137816	-5.0243325	-6.0758476	-2.162066
AAADDDCDCCDDDCDDABCDABCABDBACDDCAACACBCACACBCCABCACBCCCCCBDBCDDDBBCBCBACCACADAACCCBABADCCCAABBBCCBB	['B1A', 'C2A', 'C3A', 'D10C', 'B30D', 'D35C', 'D36A', 'B41C', 'A61C', 'C62D', 'A63D', 'B64D', 'B88C', 'A93B']	14	-3.9137816	-5.0243325	-6.0758476	-2.162066
BCCDDDCDCDDCBCCDABCAABCABDBACBDCAADAABCABACBCDABCACBCCCCCBDBACDBBBCBABDCCACADAACCCBBBADBCBAABBBCCBB	['D12C', 'D13B', 'D15C', 'D20A', 'D36A', 'C37A', 'C46D', 'A63D', 'C69A', 'A71D', 'A84B', 'C90B', 'A93B']	13	-1.4926243	-5.0249567	-3.6553154	-2.162691
BCCDDDCDCADDDCDCABCDABCABDBACBDCAADDCBCABACBCCABCACBCCCCCBDBACBBBBCBCBACCACACAACCABABADBCCAAABBCCBB	['D10A', 'D16C', 'A63B', 'D77C', 'C82A']	5	-1.5904446	-2.549714	-3.7540054	-2.1635609
BCCDDDCDCDDDDCCDABCAABCABDBACDDCBADDCBCABACBCDABCACBCCCCDBDCACDBBBCBCBACCACADAACCCBABADCCCAAABBCCBB	['D15C', 'D20A', 'B30D', 'A33B', 'C46D', 'C57D', 'B60C', 'A63D', 'B88C']	9	-3.2458367	-5.0274067	-5.41098	-2.1651435
BCCBDDCDCBDDDCDDABBDABCABDBACBDCBACBABCABACBCDABCACBCDCCCCDBADDBBABBABBBBACACAACCCBBCADBCBAAABACCBB	['D4B', 'D10B', 'C19B', 'A33B', 'D35C', 'D36B', 'C37A', 'C46D', 'C54D', 'B58C', 'C62D', 'A63D', 'B66A', 'C67B', 'C69A', 'A71B', 'C72B', 'C73B', 'D77C', 'A84B', 'B85C', 'C90B', 'B95A']	23	2.983285	-2.169135	0.8141527	-2.1691322
BCCDDDCDCCDDDCCDABCAABCABDBACBDCAACDCBCABACBBCABCACBCCCCCBDBACDBBBCBCBBBBACADAACCBBABADBCBAAABBCCBB	['D10C', 'D15C', 'D20A', 'D35C', 'C45B', 'A63D', 'A71B', 'C72B', 'C73B', 'C82B', 'C90B']	11	0.26258707	-2.171207	-1.9086123	-2.1711993
BCCDDDCDCBDDDCDDABCDABCABDBACBDCAADDABCABACBCDABCACBCCCCCBDBACBBBBCBCBBCDACACAACCCBBBADBCBAABBBCCBB	['D10B', 'C37A', 'C46D', 'A63B', 'A71B', 'C73D', 'D77C', 'A84B', 'C90B', 'A93B']	10	-0.9834814	-5.0377536	-3.1589699	-2.1754885
BCCDDDCDCDDDBCDDABCDABCABDBACBDCAAAACBCABACBCCABCACBCCCCCBDBADDDBBCBCBADCCCADAACCCBABADBCBAABBBCCBB	['D13B', 'D35A', 'D36A', 'C62D', 'A63D', 'B64D', 'C72D', 'A74C', 'C90B', 'A93B']	10	-4.9923005	-5.0410986	-7.171135	-2.1788344
BCCDDDCDCBDDACCDABCAABCABDBACBDCAABACBCACACBCDABCACBCDCCDBDBADDBBBBBCBDCCACADAACCCBABADACBAABBBCCBB	['D10B', 'D13A', 'D15C', 'D20A', 'D35B', 'D36A', 'B41C', 'C46D', 'C54D', 'C57D', 'C62D', 'A63D', 'C67B', 'A71D', 'B88A', 'C90B', 'A93B']	17	0.51620007	-2.1792006	-1.663002	-2.179202
BCCDDDCDCDDDDCDDABCDABCABDBACBDCAADDCBCABACBCCABCACBCCDCDBDBACDBBBCBCBACCACADAACCBBABADBCCAAABBCCBB	['C55D', 'C57D', 'A63D', 'C82B']	4	-1.3903823	-2.1796317	-3.5700054	-2.1796231
BCCDDDCDCDDDDCCDADCBABCABDBACBDCAADACBCABACBCCABCACBCCCCCBDBACDBBBCBBBACBACACAACCCBACADBCCAABBBCCBB	['D15C', 'B18D', 'D20B', 'D36A', 'A63D', 'C69B', 'C73B', 'D77C', 'B85C', 'A93B']	10	-4.046657	-5.043149	-6.227544	-2.1808867
AAADDDCDCCDDBCDDABCDABCABDBACBDCBACABBCABACBCCABCACBCDCCCBDBADDBBBCBCBCCCACACAACCBBABADBCBAAABBCCBB	['B1A', 'C2A', 'C3A', 'D10C', 'D13B', 'A33B', 'D35C', 'D36A', 'C37B', 'C54D', 'C62D', 'A63D', 'A71C', 'D77C', 'C82B', 'C90B']	16	2.54778	0.6793585	0.3648777	-2.1829023
BCCDDDCDCCDBDCDDABBDABCABDBACBDCAACACBCABACBCCABCACBCCCCDBDBBCABBBCBCBACCACADAACCBBABADBCCAAABBCCBB	['D10C', 'D12B', 'C19B', 'D35C', 'D36A', 'C57D', 'A61B', 'C82B']	8	-0.34929895	-2.1847548	-2.53405	-2.184751
AAADDDCDCCDDBCDDABCDABCABDBACBDCBADDBBCABACBCCABCACBCBCCCBDBACDBBBBBAABCDACADABCCCBBBADBDBAAABBCCBB	['B1A', 'C2A', 'C3A', 'D10C', 'D13B', 'A33B', 'C37B', 'C54B', 'A63D', 'C67B', 'C69A', 'B70A', 'A71B', 'C73D', 'A79B', 'A84B', 'C89D', 'C90B']	18	1.7031245	-4.211034	-0.48292065	-2.1860452
BCCDDDCDCCDDDCDDABCDABCABDBACDDCAACDABCABACBCCABCACBCCCCCBDBACDCBBCBCBACCACADAACCCBABADCCCAABBBCCBB	['D10C', 'B30D', 'D35C', 'C37A', 'A63D', 'B64C', 'B88C', 'A93B']	8	-4.2248125	-5.052821	-6.4153633	-2.1905508
BCCDDDCDCDDDBCDDABCDABCABDBACDDCADDCCBCABACBCCABCACBCCCCCBDBACDBBBCBCBBCCACADAACCCBABADCCCAAABBCCBB	['D13B', 'B30D', 'A34D', 'D36C', 'A63D', 'A71B', 'B88C']	7	-4.0284433	-5.053059	-6.2192373	-2.190794
BCCDDDCDCDDDBCDDABCDABCABDBACDDCADDCCBCABACBCCABCACBCCCCCBDBACDBBBCBCBBCCACADAACCCBABADCCCAAABBCCBB	['D13B', 'B30D', 'A34D', 'D36C', 'A63D', 'A71B', 'B88C']	7	-4.0284433	-5.053059	-6.2192373	-2.190794
BCCDDDCDCDDDBCDDABCDABCABDBACDDCAADDCBCABACBCCABCACBCCCCCBDBACDBBBCBCBBCCACACAACCCBABADCCCAAABBCCBB	['D13B', 'B30D', 'A63D', 'A71B', 'D77C', 'B88C']	6	-4.6628895	-5.055297	-6.855918	-2.1930285
BCCDDDCDCCDDBCDDABCAABCABDBACBDCAACABBCABACBCCABCACBCDCCCCDBACDBBACBCBBCCACADAACCABABADBCCAAABBCCBB	['D10C', 'D13B', 'D20A', 'D35C', 'D36A', 'C37B', 'C54D', 'B58C', 'A63D', 'B66A', 'A71B', 'C82A']	12	1.9198213	0.27372122	-0.28257465	-2.202396
BCCDDDCDCDDDDCCDABCCABCABDBACBDCAADACBCABACBCCABCACBCCCCCBDBADDBBBCBCBACCACADAACCBBABADBCCAABBBCCBB	['D15C', 'D20C', 'D36A', 'C62D', 'A63D', 'C82B', 'A93B']	7	-0.16622782	-2.2032547	-2.3694801	-2.2032523
BCCDDDCDCDDDBDDDABCAABCABDBACBDCAACDCBCACACBCCABCACBCCCCCBDBACABBBCBABACCACADAACCDBABADBDCAAABBCCBB	['D13B', 'C14D', 'D20A', 'D35C', 'B41C', 'C69A', 'C82D', 'C89D']	8	-3.6683683	-4.4835234	-5.8726597	-2.2042913
BCCDDDCDCDDDDDCDABCDABCABDBACBDCAADDCBCABACBCDABCACBCCCCCBDBACDBBBCBCBACCACADAACCBBABADBCCAAABBCCBB	['C14D', 'D15C', 'C46D', 'A63D', 'C82B']	5	-1.294816	-2.2045898	-3.499405	-2.204589
BCCDDDCDCDDDDCDDABCDABCABDBACDDCAACACBCABACBCCABCACBCCCCCBDBADDBBBCBCBACCACADAACCCBABADBCCAABBBCCBB	['B30D', 'D35C', 'D36A', 'C62D', 'A63D', 'A93B']	6	-4.678114	-5.067062	-6.882906	-2.204792
BCCDDDCDCBDDDCDDABCAABCABDBACBDCAADDCBCABACBCDBBCACBBCCCCBDBACDBBBCBBBBCBACADAACCCCBCADBCBBAABBCCBB	['D10B', 'D20A', 'C46D', 'A47B', 'C53B', 'A63D', 'C69B', 'A71B', 'C73B', 'B83C', 'A84B', 'B85C', 'C90B', 'A91B']	14	1.1113596	-5.0673256	-1.0937004	-2.20506
BCCDDDCACDDDBCDDABCDABCABDBACBDCAACACBCACACBCCABCACBCCCCCBDBDDCBBBCBBBACCACADAACCCBABADBCCAAABBCCBB	['D8A', 'D13B', 'D35C', 'D36A', 'B41C', 'A61D', 'C62D', 'A63C', 'C69B']	9	-4.3043213	-5.067358	-6.5094147	-2.2050934
BCCDDDCDCCDCDCDDABCAABCABDBACBDCBADDCBCABACBCDABCACBCDCCCBDBACDBBCCBABACBACACAACCCBBBADBCBAABBCCCBB	['D10C', 'D12C', 'D20A', 'A33B', 'C46D', 'C54D', 'A63D', 'B66C', 'C69A', 'C73B', 'D77C', 'A84B', 'C90B', 'A93B', 'B95C']	15	0.18705082	-2.2068963	-2.0198412	-2.206892
BCCDDDCDCDDDBDDDABCAABCABDBACBDCAACACBCACACBCCABCACBCCCCCBDBACABBBCBABACCACADAACCDBABADBDCAAABBCCBB	['D13B', 'C14D', 'D20A', 'D35C', 'D36A', 'B41C', 'C69A', 'C82D', 'C89D']	9	-3.2042484	-4.4869094	-5.411928	-2.2076797
BCCDDDCDCBDDDCDDABCDABCABDBACBDCAADDCBCABACBCDBBCACBCDCCCBDBACDBBBCBCBCCCACADABCCCBBBADBCCAAABBCCBB	['D10B', 'C46D', 'A47B', 'C54D', 'A63D', 'A71C', 'A79B', 'A84B']	8	-1.5778165	-2.2084308	-3.7862463	-2.2084298
BCCDDDCDCCDDBDDDABCDABCABDBACBDCBADDCBCACACBCDABCACBCBCCCBDBADDBBBBBCBACDACACAACCCBBBADBCBAABBBCCBB	['D10C', 'D13B', 'C14D', 'A33B', 'B41C', 'C46D', 'C54B', 'C62D', 'A63D', 'C67B', 'C73D', 'D77C', 'A84B', 'C90B', 'A93B']	15	-0.64000607	-4.237857	-2.8528748	-2.2128687
BCCDDDCDCCDBBCDDABBDABCABDBACDDCAADDCBCABACBCCABCACBCCCCCBDBACDBDBCBCBCCCACACAACCCBABADCCCAAABBCCBB	['D10C', 'D12B', 'D13B', 'C19B', 'B30D', 'A63D', 'B65D', 'A71C', 'D77C', 'B88C']	10	-5.01919	-5.0765886	-7.23351	-2.2143202
BCCDDDCDCCDDDCDDADCDABCABDBACBDCAADDCBCABACBCDABCACBDCCCCBDBACDBBBCBCBACDACACAACCCBBBADBCBAABBCCCBB	['D10C', 'B18D', 'C46D', 'C53D', 'A63D', 'C73D', 'D77C', 'A84B', 'C90B', 'A93B', 'B95C']	11	-1.6597581	-5.077289	-3.8747807	-2.2150226
BCCDDDCDCDADBCDDABCAABCABDBACBDCAADACBCABACBCCABCACBCCCCCBDBACABBBCBABACCACADAACCDBABADBCCAAABBCCBB	['D11A', 'D13B', 'D20A', 'D36A', 'C69A', 'C82D']	6	-3.1138568	-4.494699	-5.3293257	-2.215469
BCCDDDCDCDADBCDDABCAABCABDBACBDCAADACBCABACBCCABCACBCCCCCBDBACABBBCBABACCACADAACCDBABADBCCAAABBCCBB	['D11A', 'D13B', 'D20A', 'D36A', 'C69A', 'C82D']	6	-3.1138568	-4.494699	-5.3293257	-2.215469
BCCDDDCDCCDDBCDDABCDABCABDBACDDCAACABBCABACBCCABCACBCCCCCBDBACDBBBCBCBACCACADAACCCBABADCCCAABBBCCBB	['D10C', 'D13B', 'B30D', 'D35C', 'D36A', 'C37B', 'A63D', 'B88C', 'A93B']	9	-3.7956772	-5.07862	-6.0120316	-2.2163544
BCCDDDCDCCDDBCDDABCDABCABDBACBDCAACACBCABACBCCABCACBCCCCCBDBACDDBBCBCBACCACADAACCCBBBADBCBAAABBCCBB	['D10C', 'D13B', 'D35C', 'D36A', 'A63D', 'B64D', 'A84B', 'C90B']	8	-3.0246215	-5.0800395	-5.2423973	-2.2177758
BCCDDDCDCCDDBCDDABCDABCABDBACBDCAACACBCABACBCCABCACBCCCCCBDBACDDBBCBCBACCACADAACCCBBBADBCBAAABBCCBB	['D10C', 'D13B', 'D35C', 'D36A', 'A63D', 'B64D', 'A84B', 'C90B']	8	-3.0246215	-5.0800395	-5.2423973	-2.2177758
BCCDDDCDCCDDBCDDABCDABCABDBACBDCBADACBCABACBCCAACACBCDCCCBDBACDBBBCBCBACBACADAACCBBBBADBCBAABBBCCBB	['D10C', 'D13B', 'A33B', 'D36A', 'B48A', 'C54D', 'A63D', 'C73B', 'C82B', 'A84B', 'C90B', 'A93B']	12	2.3695612	0.6441736	0.15147686	-2.2180843
BCCDDDCDCCDDBCDDABCDABCABDBACBDCBADACBCABACBCCAACACBCCCCCBDBACDBBBCBCBACBACADAACCBBBBADBCBAABBBCCBB	['D10C', 'D13B', 'A33B', 'D36A', 'B48A', 'A63D', 'C73B', 'C82B', 'A84B', 'C90B', 'A93B']	11	2.3695612	-2.2180882	0.15147686	-2.2180843
BCCDDDCDCCDBDCDDABCAABCABDBACBDCAADDCBCABACBBCABCACBCCCCDBDBACDBBBBBCBBBBACADAACCBBABADBCBAAABBCCBB	['D10C', 'D12B', 'D20A', 'C45B', 'C57D', 'A63D', 'C67B', 'A71B', 'C72B', 'C73B', 'C82B', 'C90B']	12	-0.019738197	-2.2250762	-2.2448082	-2.22507
AAADDDCDCBADBCDDABCAABCABDBACBDDDADDCBCABACBCDBBCACBCBDCCBDBADDBBBCBCBABCACADAACCABABADBCBACABBCCBB	['B1A', 'C2A', 'C3A', 'D10B', 'D11A', 'D13B', 'D20A', 'C32D', 'A33D', 'C46D', 'A47B', 'C54B', 'C55D', 'C62D', 'A63D', 'C72B', 'C82A', 'C90B', 'A92C']	19	-1.0728121	-1.7739816	-3.297924	-2.225112
BCCDDDCDCDDDDCDDABCDABCABDBACDDCAADDCBCABACBCCABCACBCCCCCBDBADCBBBCBCBBCCACACAACCCBABADCCCAABBBCCBB	['B30D', 'C62D', 'A63C', 'A71B', 'D77C', 'B88C', 'A93B']	7	-4.928784	-5.100564	-7.167076	-2.2382922
BCCDDDCDCCDDDCDDABCAABCABDBACBDCAADACBCABACBCCABCACBCDCCCBDCADDBBBBBCBBCDACADAACCCBBBADBCBAAABBCCBB	['D10C', 'D20A', 'D36A', 'C54D', 'B60C', 'C62D', 'A63D', 'C67B', 'A71B', 'C73D', 'A84B', 'C90B']	12	0.43587255	-2.239524	-1.8036461	-2.2395186
BCCDDDCDCDDDDCCDABCAABCABDBACDDCAADACBCABACBCCABCACBCCCCCBDBACDBBBCBCBBCCACADAACCCBACADCCCAAABBCCBB	['D15C', 'D20A', 'B30D', 'D36A', 'A63D', 'A71B', 'B85C', 'B88C']	8	-3.1444197	-5.1053524	-5.3875065	-2.2430868
AAADDDCDCCCDBDDDABCDADCABDBACBDCCACABBCABACBCDABCACBCCCCCBDBADDBBBCBCBBDBACADAACCCBBBADBCBAAABBCCBB	['B1A', 'C2A', 'C3A', 'D10C', 'D11C', 'D13B', 'C14D', 'B22D', 'A33C', 'D35C', 'D36A', 'C37B', 'C46D', 'C62D', 'A63D', 'A71B', 'C72D', 'C73B', 'A84B', 'C90B']	20	0.9150319	-5.110305	-1.333005	-2.2480369
AAADDDCDCCDDBCDDABCDABCABDBACDDCAACAABCACACBCCABCACBCCCCCBDBACDBBBBBCBCCCACADAACCCBABADCCCAAABBCCBB	['B1A', 'C2A', 'C3A', 'D10C', 'D13B', 'B30D', 'D35C', 'D36A', 'C37A', 'B41C', 'A63D', 'C67B', 'A71C', 'B88C']	14	-2.3527937	-5.110355	-4.6008863	-2.2480927
BCCDDDCDCBDDDCDDABCDABCABDBACBDCAADDCBCABACBCCABCACBCCCCCBDBADDBBBCBCBCCCACACAACCABABADBCCAABBBCCBB	['D10B', 'C62D', 'A63D', 'A71C', 'D77C', 'C82A', 'A93B']	7	0.05682087	-2.6344128	-2.1914396	-2.2482605
BCCDDDCDCDDDBCCDABCDABCABDBACBDCBADDCBCABACBCCABCACBCBCCCBDBACACBBCBCBACCBCADAACCABABADBCCAAABBCCBB	['D13B', 'D15C', 'A33B', 'C54B', 'B64C', 'A74B', 'C82A']	7	-0.9397702	-1.7976747	-3.1885796	-2.2488093
BCCDDDCDCCDDBCDDABCDABCABDBACBDCAADDBBCABACBDDABCACBCCCCCBDBADDBBBCBCBCBCACACAACCABABADBCBAABBBCCBB	['D10C', 'D13B', 'C37B', 'C45D', 'C46D', 'C62D', 'A63D', 'A71C', 'C72B', 'D77C', 'C82A', 'C90B', 'A93B']	13	-1.228673	-2.638545	-3.4810686	-2.2523956
BCCDDDCDCBDDBCDDABCAABCABDBACBDCAADACBCABACBCDABCACBCDCCCBDBBCDBBBCBCBBCBACADAACCABABADBCBAAABBCCBB	['D10B', 'D13B', 'D20A', 'D36A', 'C46D', 'C54D', 'A61B', 'A63D', 'A71B', 'C73B', 'C82A', 'C90B']	12	1.6248803	0.22345924	-0.62777615	-2.2526565
BCCDDDCDCBDDDCDDABCAABCABDBACBDCAACACBCABACBCCABCACBCCCCCBDBACDBBBCBCBBACACADAACCCBBBADBCBAAABBCCBB	['D10B', 'D20A', 'D35C', 'D36A', 'A63D', 'A71B', 'C72A', 'A84B', 'C90B']	9	-0.37332773	-5.116278	-2.6273403	-2.2540126
BCCDDDCDCBDDDCDDABCAABCABDBACBDCAACACBCABACBCCABCACBCCCCCBDBACDBBBCBCBBACACADAACCCBBBADBCBAAABBCCBB	['D10B', 'D20A', 'D35C', 'D36A', 'A63D', 'A71B', 'C72A', 'A84B', 'C90B']	9	-0.37332773	-5.116278	-2.6273403	-2.2540126
BCCDDDCDCCDDBCDDABCDABBABDBACBDCBDDDABCABACBCDACCACBCDCCCCDBADDBBBCBCBACCACCCAACCABBBADBDBAAABBCCBB	['D10C', 'D13B', 'C23B', 'A33B', 'A34D', 'C37A', 'C46D', 'B48C', 'C54D', 'B58C', 'C62D', 'A63D', 'A76C', 'D77C', 'C82A', 'A84B', 'C89D', 'C90B']	18	3.0543492	0.22102404	0.7992563	-2.2550929
BCCDDDCDCDDDBCDDABCDABCABDBACBDCAADDCBCABADBCCABCACBCCCCCBDBACDCBBCBCBADCACACAACCBBABADBCBAAABBCCBB	['D13B', 'C43D', 'A63D', 'B64C', 'C72D', 'D77C', 'C82B', 'C90B']	8	-0.991487	-2.2555661	-3.2470484	-2.2555614
AAADDDCDCBDDDCDDABBAABCABDBACBDCAADACBCABACBCDBBCACBCBCCCBDBBCDBBBCBCBBDDACADAACCCBBCADBCBAAABBCCBB	['B1A', 'C2A', 'C3A', 'D10B', 'C19B', 'D20A', 'D36A', 'C46D', 'A47B', 'C54B', 'A61B', 'A63D', 'A71B', 'C72D', 'C73D', 'A84B', 'B85C', 'C90B']	18	1.3752136	-4.2807703	-0.8805666	-2.2557802
BCCDDDCDCCDDDCDDABCAABCABDBACBDCAADACBCABACBCCABCACBCDCCDBDCADDBBBCBCBDCCACADAACCBBABADBCBAAABBCCBB	['D10C', 'D20A', 'D36A', 'C54D', 'C57D', 'B60C', 'C62D', 'A63D', 'A71D', 'C82B', 'C90B']	11	2.1526332	0.60213804	-0.10748863	-2.2601218
BCCDDDCDCDDDDCDDABCAABCABDBACDDCAACACBCABACBCCABCACBCCCCCBDBADDBBBCBCBBCCBCADAACCCBABADCCCAAABBCCBB	['D20A', 'B30D', 'D35C', 'D36A', 'C62D', 'A63D', 'A71B', 'A74B', 'B88C']	9	-3.1455388	-5.1251683	-5.4084387	-2.2628999
BCCDDDCDCBDBDCDDABBAABCABDBACBDCAACABBCABACBCCABCACBCCCCDBDBADDBBBCBCBBCCACADAACCCBBBADBCBACABBCCBB	['D10B', 'D12B', 'C19B', 'D20A', 'D35C', 'D36A', 'C37B', 'C57D', 'C62D', 'A63D', 'A71B', 'A84B', 'C90B', 'A92C']	14	-0.7912135	-5.142049	-3.0709982	-2.2797847
BCCDBDCDCCACBDDDABCAABCABDBACBDCAADACBCABACBCDABCACBCDCCCBDBACDBBBCBCBBCBACADAACCCBBBADBABAABBBCCBB	['D5B', 'D10C', 'D11A', 'D12C', 'D13B', 'C14D', 'D20A', 'D36A', 'C46D', 'C54D', 'A63D', 'A71B', 'C73B', 'A84B', 'C89A', 'C90B', 'A93B']	17	-0.1754117	-2.2819672	-2.4573755	-2.2819638
AAADDDCDCCDDDCDDABCDABCABDBACBDCAACDBBCABACBCDABCACBCCDCDBDBACDCBBCBCBACDACAAAACCCBBBADBCBAAABBCCBB	['B1A', 'C2A', 'C3A', 'D10C', 'D35C', 'C37B', 'C46D', 'C55D', 'C57D', 'A63D', 'B64C', 'C73D', 'D77A', 'A84B', 'C90B']	15	-1.2977581	-5.146433	-3.5819254	-2.2841673
AAADDDCDCBDDBCDBABCAABCABDBACBDCAADACBCABACBCCABCACBCDCCCBDBACDBBBCBCBBCBACADAACCCBBBADBCBAAABBCCBB	['B1A', 'C2A', 'C3A', 'D10B', 'D13B', 'D16B', 'D20A', 'D36A', 'C54D', 'A63D', 'A71B', 'C73B', 'A84B', 'C90B']	14	0.15175629	-2.2874632	-2.135703	-2.2874594
BCCDDDCDCCDDBCDDABCCABCABDBACBDCBACABBCACACBCCABCACBCDCCCBDBCDDBBBCBCBCDDACADAACCBBABADBCBAABBBCCBB	['D10C', 'D13B', 'D20C', 'A33B', 'D35C', 'D36A', 'C37B', 'B41C', 'C54D', 'A61C', 'C62D', 'A63D', 'A71C', 'C72D', 'C73D', 'C82B', 'C90B', 'A93B']	18	3.03798	0.57366323	0.749382	-2.288598
AAADDDCDCCDDDCDDABCCABCABDBACBDCAACACBCABACBCCABCACBCDCCCCDBADDBBBCBCBBDCACADAACCABBCADBCBAABBBCCBB	['B1A', 'C2A', 'C3A', 'D10C', 'D20C', 'D35C', 'D36A', 'C54D', 'B58C', 'C62D', 'A63D', 'A71B', 'C72D', 'C82A', 'A84B', 'B85C', 'C90B', 'A93B']	18	3.824152	0.18698692	1.5350246	-2.2891273
BCCDDDCDCBDDDCCDABCDABCABDBACDDCAADDABCACACBCCABCACBCCCCCBDBDCABBBCBCBACCACACAACCCBABADCCCAAABBCCBB	['D10B', 'D15C', 'B30D', 'C37A', 'B41C', 'A61D', 'D77C', 'B88C']	8	-4.029553	-5.1562777	-6.323556	-2.294003
BCCDDDCDCDDDDDDDABBAABCABDBACBDCAACACBCABACBCCABCACBCCCCCBDBACACBBCBCBADCACADAACCCBABADBCBAABBBCCBB	['C14D', 'C19B', 'D20A', 'D35C', 'D36A', 'B64C', 'C72D', 'C90B', 'A93B']	9	-3.8830662	-5.166894	-6.1876974	-2.3046312
BCCDDDCDCCDDDDDDABCDABCABDBACBDCAACCBBCABACBCCABCACBCDCCCBDBACDCBBCBCBCCCACADAACCABABADBCBAABBBCCBB	['D10C', 'C14D', 'D35C', 'D36C', 'C37B', 'C54D', 'A63D', 'B64C', 'A71C', 'C82A', 'C90B', 'A93B']	12	0.6616192	0.16989183	-1.6446037	-2.306223
BCCDDDCDCADBDCDDABCAABCABDBACBDCAACACBCACACBCDABCACBCCCCCBDBACCCBBCBCBBCCACACAACCCBBBADBCBAABBBCCBB	['D10A', 'D12B', 'D20A', 'D35C', 'D36A', 'B41C', 'C46D', 'A63C', 'B64C', 'A71B', 'D77C', 'A84B', 'C90B', 'A93B']	14	-2.1545587	-5.1685333	-4.460826	-2.3062673
BCCDDDCDCCDBBCDDABCDABCABDBACBDCAADDCBCABACBCCABCACBCCCCCBDBACACBBCBCBACCACADAACCABABADBCCAAABBCCBB	['D10C', 'D12B', 'D13B', 'B64C', 'C82A']	5	-1.8001723	-2.6935515	-4.107579	-2.307407
AAADDDCDCDDDBDDDABCAABCABDBACBDCAADACBCACACBCCABCACBCCCCCBDCADACBBCBCBACCACADAACCCBABADBCCAABBBCCBB	['B1A', 'C2A', 'C3A', 'D13B', 'C14D', 'D20A', 'D36A', 'B41C', 'B60C', 'C62D', 'B64C', 'A93B']	12	-3.0533104	-5.171511	-5.362562	-2.3092518
BCCDDDCDCDDDDDDDABCDABCABDBACBDCAADDCBCABACBCCABCACBCCCCCBDBADCBBBCBCBACCACADAACCABABADBCCAAABDCCBB	['C14D', 'C62D', 'A63C', 'C82A', 'B95D']	5	-2.3802123	-2.6993074	-4.693367	-2.3131547
AAADDDCDCDDDDCDDABCDABCABDBACBDCAACABBCABACBCCABCACBCCCCCBDBADDBBBCBCBBCCACADAACCBBABADBCCAABBBCCBB	['B1A', 'C2A', 'C3A', 'D35C', 'D36A', 'C37B', 'C62D', 'A63D', 'A71B', 'C82B', 'A93B']	11	0.91110754	-2.3141518	-1.4030428	-2.3141503
AAADDDCDCCDDBCDDABCDABCABDBACBDCBACDBBCABACBCCABCACBCDCCCBDBACDBBBCBCBCCCACACAACCBBABADBCBAAABBCCBB	['B1A', 'C2A', 'C3A', 'D10C', 'D13B', 'A33B', 'D35C', 'C37B', 'C54D', 'A63D', 'A71C', 'D77C', 'C82B', 'C90B']	14	1.9223938	0.54684305	-0.39302158	-2.3154154
BCCDDDCDCDDDBCDDABCDABCABDBACDDCAACACBCACACBCCABCACBCCCCCBDBADCBBBCBCBBCCACADAACCCBABADCCCAAABBCCBB	['D13B', 'B30D', 'D35C', 'D36A', 'B41C', 'C62D', 'A63C', 'A71B', 'B88C']	9	-4.018703	-5.1788692	-6.335305	-2.3166022
BCCDDDCDCDDABDDDABCAABCABDBACBDCAADDCBCABACBCCABCACBCCCCCBDBACDCBBCBCBACCACACAACCCBABADBCCAAABBCCBB	['D12A', 'D13B', 'C14D', 'D20A', 'A63D', 'B64C', 'D77C']	7	-5.1299167	-5.180438	-7.4480886	-2.318172
BBCDDDCDCBDBDCCDABDAABCABDBACBDCAADACBCABACBCDABCACBCDCCCCDBADDBBBCBCBCCCACADAACCCBBBADBCBACBBBCCBB	['C2B', 'D10B', 'D12B', 'D15C', 'C19D', 'D20A', 'D36A', 'C46D', 'C54D', 'B58C', 'C62D', 'A63D', 'A71C', 'A84B', 'C90B', 'A92C', 'A93B']	17	0.34374285	-2.3214917	-1.9777441	-2.321487
BCCDDDCDCADDDCCDABCCABCABDBACBDCAACACBCACACBCCABCACBCCCCCBDBACDBBBCBCBBCCACADAACCABBBADBCBAAABBCCBB	['D10A', 'D15C', 'D20C', 'D35C', 'D36A', 'B41C', 'A63D', 'A71B', 'C82A', 'A84B', 'C90B']	11	2.0462346	-2.7102504	-0.27786732	-2.324102
BCCDDDCDCDDDDCDDABCDABCABDBACBDCAADACBCABACBCCABCACBCCCCCBDBADDBBBCBCBACCACADAACCABABADBCCAAABBCCBB	['D36A', 'C62D', 'A63D', 'C82A']	4	-1.305356	-2.7140045	-3.633212	-2.327856
BCCDDDCDCBDDDCDDABCDABCABDBACBDCAADDBBCABACBCCABCACBCCCCCBDBADDBBBCBCBCCCACACAACCBBABADBCBAAABBCCBB	['D10B', 'C37B', 'C62D', 'A63D', 'A71C', 'D77C', 'C82B', 'C90B']	8	0.8993325	-2.336101	-1.4367647	-2.3360972
BCCDDDCDCCDABCDDABCCABCABDBACBDCBACAABCACACBCCABCACBCDCCDCDBADDBBBCBCBBDCCCADAACCBBBBADBCBAABBBCCBB	['D10C', 'D12A', 'D13B', 'D20C', 'A33B', 'D35C', 'D36A', 'C37A', 'B41C', 'C54D', 'C57D', 'B58C', 'C62D', 'A63D', 'A71B', 'C72D', 'A74C', 'C82B', 'A84B', 'C90B', 'A93B']	21	3.790044	0.5257454	1.4535275	-2.3365166
BCCDDDCDCDDDDCDDABCDADCABDBACDDCAADDABCABACBCCABCACBCCCCCBDBADDBBBCBCBBDCACACAACCCBABADCCCAAABBCCBB	['B22D', 'B30D', 'C37A', 'C62D', 'A63D', 'A71B', 'C72D', 'D77C', 'B88C']	9	-4.935014	-5.200457	-7.273199	-2.3381853
AAADDDCDCADBBCDDABBCABCABDBACBDCBADABBCACACBCCABCACBCDCCCBDBADDBBACBCBBCCCCADAACCABBBADBCBAAABBCCBB	['B1A', 'C2A', 'C3A', 'D10A', 'D12B', 'D13B', 'C19B', 'D20C', 'A33B', 'D36A', 'C37B', 'B41C', 'C54D', 'C62D', 'A63D', 'B66A', 'A71B', 'A74C', 'C82A', 'A84B', 'C90B']	21	3.9637182	0.13748312	1.6250858	-2.3386323
BCCDDDCDCDDDBCDDABCDABCABDBACBDCBACBABCABADBCCABCACBBDCCDBDCACDBBBCBCBBCCACACAACCBBBBADBCBAAABBCCBB	['D13B', 'A33B', 'D35C', 'D36B', 'C37A', 'C43D', 'C53B', 'C54D', 'C57D', 'B60C', 'A63D', 'A71B', 'D77C', 'C82B', 'A84B', 'C90B']	16	3.387671	0.52335453	1.0487709	-2.3389
BCCDDDCDCDDDDCCDABCDABCABDBACBDCAADDCBCACACBCCABCACBBCCCCBDBACDBBBCBCBACCACACAACCBBABADBCCAAABBCCBB	['D15C', 'B41C', 'C53B', 'A63D', 'D77C', 'C82B']	6	-0.79002047	-2.3404627	-3.130478	-2.3404574
BCCDDDCDCBDDCCCDABCAABCABDBACBDCAADACBCACACBBDABCACBCDCCCBDBADDBBBBBCBCBCACADAACCBBABADCCBAABBBCCBB	['D10B', 'D13C', 'D15C', 'D20A', 'D36A', 'B41C', 'C45B', 'C46D', 'C54D', 'C62D', 'A63D', 'C67B', 'A71C', 'C72B', 'C82B', 'B88C', 'C90B', 'A93B']	18	3.147801	0.5213671	0.80690575	-2.3408952
AAADDDCDCCDDDCDDABCDABCABDBACBDCAACABBCABACBCCABCACBCDCCCBDBADDBBBBBCBDABACADAACCABABADBCBAAABBCCBB	['B1A', 'C2A', 'C3A', 'D10C', 'D35C', 'D36A', 'C37B', 'C54D', 'C62D', 'A63D', 'C67B', 'A71D', 'C72A', 'C73B', 'C82A', 'C90B']	16	2.138379	0.13452339	-0.20321178	-2.341591
AAADDDCDCCADBCDBABAAADCABDBACBDDCAADBBCABACBCDBBCACBCBCCCBDCACDBBBCBCADCBACACAACCCBBBADBABAABBBCCBB	['B1A', 'C2A', 'C3A', 'D10C', 'D11A', 'D13B', 'D16B', 'C19A', 'D20A', 'B22D', 'C32D', 'A33C', 'D35A', 'C37B', 'C46D', 'A47B', 'C54B', 'B60C', 'A63D', 'B70A', 'A71D', 'C73B', 'D77C', 'A84B', 'C89A', 'C90B', 'A93B']	27	-1.6082654	-4.3687935	-3.952075	-2.3438096
AAADDDCDCBDDDCDDABCDABCABDBACBDCAADDCBCABACBCDABCACBCDCCCBDBADDBBBCBCBBCBACACAACCBBABADBCBAABBBCCBB	['B1A', 'C2A', 'C3A', 'D10B', 'C46D', 'C54D', 'C62D', 'A63D', 'A71B', 'C73B', 'D77C', 'C82B', 'C90B', 'A93B']	14	1.7937083	0.5161295	-0.5524235	-2.3461318
BCCDDDCDCDDDDCDDABCDABCABDBACBDCAADDCBCABACBCDABCACBDCCCCBDBADDBBBCBCBACCACACAACCCBBBADBCBACBBCCCBB	['C46D', 'C53D', 'C62D', 'A63D', 'D77C', 'A84B', 'C90B', 'A92C', 'A93B', 'B95C']	10	-3.468686	-5.2085075	-5.814925	-2.346239
BCCDDDCDCCDDBCDDBBCAABCABDBACBDCAADACBCABACBCCAACACBCDCCCBDCADDBBBCBCBCCCACADAACCBBBBADBCCAAABBCCBB	['D10C', 'D13B', 'A17B', 'D20A', 'D36A', 'B48A', 'C54D', 'B60C', 'C62D', 'A63D', 'A71C', 'C82B', 'A84B']	13	2.5245528	0.51425314	0.1765461	-2.3480067
BCCDDDCDCCDCDCDDABDDABCABDBACBDCAADDCBCABACBBCABCACBCCCCCBDBADDBBBBBBBACDACADAACCBBABADBCBAAABBCCBB	['D10C', 'D12C', 'C19D', 'C45B', 'C62D', 'A63D', 'C67B', 'C69B', 'C73D', 'C82B', 'C90B']	11	1.0537877	-2.3519058	-1.2981148	-2.3519025
BCCDDDCDCDDDDCDDABCDABCABDBACDDCAACABBCABACBCCABCACBCCCCCBDCACACBBCBCBACCACADAACCCBABADBCCAAABBCCBB	['B30D', 'D35C', 'D36A', 'C37B', 'B60C', 'B64C']	6	-4.583359	-5.217058	-6.9381514	-2.3547926
AAADDDCDCBDDBCDDABCDABCABDBACBDCBACACBCABACBCDABCACBCDDCDBDCADDBBCCBCBCACACACAACCCBBBADBCBAABBCCCBB	['B1A', 'C2A', 'C3A', 'D10B', 'D13B', 'A33B', 'D35C', 'D36A', 'C46D', 'C54D', 'C55D', 'C57D', 'B60C', 'C62D', 'A63D', 'B66C', 'A71C', 'C72A', 'D77C', 'A84B', 'C90B', 'A93B', 'B95C']	23	2.616301	-2.3558173	0.26048565	-2.3558154
BCCDDDCDCCDDDCDDABCAABCABDBACBDCAADDCBCABACBCDABCACBCDCCCBDBADDBBBCBCBBBAACACAACCABABADBCBAABBBCCBB	['D10C', 'D20A', 'C46D', 'C54D', 'C62D', 'A63D', 'A71B', 'C72B', 'C73A', 'D77C', 'C82A', 'C90B', 'A93B']	13	0.59732914	0.11943579	-1.7593498	-2.356679
BCCDDDCDCDDABCDDABBDABCABDBACDDCAADACBCACABBCCABCACBCCCCCBDBACDBBBCBCBBCCACADAACCCBABADCCCAABBBCCBB	['D12A', 'D13B', 'C19B', 'B30D', 'D36A', 'B41C', 'C43B', 'A63D', 'A71B', 'B88C', 'A93B']	11	-4.776907	-5.223961	-7.1386013	-2.3616943
BCCDDDCDCBDDBCDDABCDABCABDBACBDCBADDCBCABACBCDABCACBCDCCCBDBACDDBBCBCBBCCACCCAACCBBABADBCBAABBBCCBB	['D10B', 'D13B', 'A33B', 'C46D', 'C54D', 'A63D', 'B64D', 'A71B', 'A76C', 'D77C', 'C82B', 'C90B', 'A93B']	13	1.9319582	0.49992657	-0.4303751	-2.3623333
AAADDDCDCCDBDCDDABCDABCABDBACBDCAACDABCACACBCCABCACBCCCCCBDBACDBBBCBCBACCACADAACCBBABADBCCAAABBCCBB	['B1A', 'C2A', 'C3A', 'D10C', 'D12B', 'D35C', 'C37A', 'B41C', 'A63D', 'C82B']	10	-0.14260244	-2.3654475	-2.508048	-2.3654456
BCCDDDCDCDDDDCCDABCDABCABDBACDDCAACCCBBABACBCCABCACBCCCCCBDBACDBBBCBCBACCACADAACCCBABADBCCAAABBCCBB	['D15C', 'B30D', 'D35C', 'D36C', 'C39B', 'A63D']	6	-4.590285	-5.229979	-6.958	-2.3677154
AAADDDCDCCDDDCCDABCDABBABDBACBDCBADDDBCABACBCCABCACBCDCCCBDBADDBBBCBCBBBBACADAACCBBBBADBCBAAABBCCBB	['B1A', 'C2A', 'C3A', 'D10C', 'D15C', 'C23B', 'A33B', 'C37D', 'C54D', 'C62D', 'A63D', 'A71B', 'C72B', 'C73B', 'C82B', 'A84B', 'C90B']	17	2.5821552	0.49086952	0.21076488	-2.3713903
BCCDDDCDCCADBCDDABCAABCABDBACBDCAADACBCABACBCCABCACBCDCCCBDBADDBBBCBCBBCDACADAACCCBBBADBCBAAABBCCBB	['D10C', 'D11A', 'D13B', 'D20A', 'D36A', 'C54D', 'C62D', 'A63D', 'A71B', 'C73D', 'A84B', 'C90B']	12	0.03933716	-2.3779206	-2.3385773	-2.3779144
BCCDDDCDCDDBBCDDABCDABCABDBACDDCAADDCBCABACBCCABCACBCCCCCBDBACDCBBCBCBBCCACACAACCCBABADCCCAAABBCCBB	['D12B', 'D13B', 'B30D', 'A63D', 'B64C', 'A71B', 'D77C', 'B88C']	8	-4.9180617	-5.2432084	-7.2990026	-2.380941
BCCDDDCDCADDDCDDABCDABCABDBACBDCAADDCBCABACBCDABCACBCDDCDBDCCCDBBBCBCBBDCACACAACCBBBBADBCBAAABBCCBB	['D10A', 'C46D', 'C54D', 'C55D', 'C57D', 'B60C', 'A61C', 'A63D', 'A71B', 'C72D', 'D77C', 'C82B', 'A84B', 'C90B']	14	0.76664925	0.473866	-1.6217403	-2.3883896
BCCDDDCDCDDCDCDDABBAABCABDBACBDCAADDCBCABACBCDABCACBCCCCCBDBACDBBBBBCBACDACACAACCCBABADBCBAABBBCCBB	['D12C', 'C19B', 'D20A', 'C46D', 'A63D', 'C67B', 'C73D', 'D77C', 'C90B', 'A93B']	10	-2.7551594	-5.252677	-5.14557	-2.3904104
AAADDDCDCBDDDCCDABAAABCCBDBACBDCAADABBCABACBCCABCACBCDCCCBDBADDBBBCBCBBBBACADACCCCBBBADBCBAABBBCCBB	['B1A', 'C2A', 'C3A', 'D10B', 'D15C', 'C19A', 'D20A', 'A24C', 'D36A', 'C37B', 'C54D', 'C62D', 'A63D', 'A71B', 'C72B', 'C73B', 'A79C', 'A84B', 'C90B', 'A93B']	20	0.54324436	-2.4062343	-1.8629837	-2.406228
BCCDDDCDCCDCBDDDABCAABCABDBACBDCAADDCBCABACBCDABCACBCCCCCBDBACDBBCCBCBBCBACADAACCCBBBADBCBAAABBCCBB	['D10C', 'D12C', 'D13B', 'C14D', 'D20A', 'C46D', 'A63D', 'B66C', 'A71B', 'C73B', 'A84B', 'C90B']	12	-0.42149544	-5.268749	-2.8279772	-2.4064817
BCCDDDCDCADDBCDBABCCABCABDBACBDCCACACBCABACBCDABCACBCDCCDBDBACDBBBCBCBCCCACADAACCBBABADCCBAAABBCCBB	['D10A', 'D13B', 'D16B', 'D20C', 'A33C', 'D35C', 'D36A', 'C46D', 'C54D', 'C57D', 'A63D', 'A71C', 'C82B', 'B88C', 'C90B']	15	2.3132243	0.4547472	-0.09428787	-2.4075122
BCCDDDCDCCDDBCDDABCAABCABDBACBDCAADACBCABACBCDABCACBCBCCCBDBACDCBBCBCBACCCCCDAACCCBBBADBCBAAABBCCBB	['D10C', 'D13B', 'D20A', 'D36A', 'C46D', 'C54B', 'A63D', 'B64C', 'A74C', 'A76C', 'A84B', 'C90B']	12	-1.5740929	-4.4328675	-3.981967	-2.407874
BCCDDDCDCCDDDCDDABCCABCABDBACBDCAACAABCACACBCDABCACBCDCCCBDBACDBBCCBCBBCCACADAACCABBBADBCBAABBCCCBB	['D10C', 'D20C', 'D35C', 'D36A', 'C37A', 'B41C', 'C46D', 'C54D', 'A63D', 'B66C', 'A71B', 'C82A', 'A84B', 'C90B', 'A93B', 'B95C']	16	3.5253334	0.052651882	1.1018686	-2.4234648
BCCDDDCDCDDDDCCDABCAABCABDBACBDCAACDBBCABACBCDABCACBCCCCDBDBACDBBBCBCBBCBACADAACCCBBBADBCBAABBBCCBB	['D15C', 'D20A', 'D35C', 'C37B', 'C46D', 'C57D', 'A63D', 'A71B', 'C73B', 'A84B', 'C90B', 'A93B']	12	-2.420083	-5.2907095	-4.848526	-2.428443
BCCDDDCDCDDDDDCDABCDABCABDBACBDCAADDCBCACACBCCABCACBBCCCCBDBACDBBBCBCBACCACACAACCBBABADBCCAAABBCCBB	['C14D', 'D15C', 'B41C', 'C53B', 'A63D', 'D77C', 'C82B']	7	-0.78850126	-2.429626	-3.2181234	-2.4296222
BCCDDDCDCDDDBCDCABCDABCABDBACBDCAACACBCACACBCCABCACBCCCCDBDBDCCBDBCBCBAACACADAACCCBABADBCCDAABBCCBB	['D13B', 'D16C', 'D35C', 'D36A', 'B41C', 'C57D', 'A61D', 'A63C', 'B65D', 'C72A', 'A91D']	11	-4.4152923	-5.292119	-6.8451424	-2.42985
BCCDDDCDCDDDDCDDABCDABCABDBACDDCAADDCBCABACBCCABCACBCCCCCBDBACDBBBCBCBACCACADAACCCBABADCCCAAABBCCBB	['B30D', 'A63D', 'B88C']	3	-5.25059	-5.295734	-7.6840534	-2.4334636
AAADDDCDCCDDDCDDABCDABCABDBACBDCAADDCBCABACBCDABCACBCDCCCBDBADDBBBCBCBACDACADAACCBBABADBCBAABBCCCBB	['B1A', 'C2A', 'C3A', 'D10C', 'C46D', 'C54D', 'C62D', 'A63D', 'C73D', 'C82B', 'C90B', 'A93B', 'B95C']	13	1.6491594	0.42678642	-0.7863169	-2.4354763
BCCDDDCDCDDDDCCCABBAABCABDBACBDCAAAACBCABACBCCABCACBCCCCDBDBADCBBBCBCCACCCCADAACCCBABADBCCAABBBCCBB	['D15C', 'D16C', 'C19B', 'D20A', 'D35A', 'D36A', 'C57D', 'C62D', 'A63C', 'B70C', 'A74C', 'A93B']	12	-4.7156754	-5.2993116	-7.1527185	-2.4370432
BCCDDDCDCDDDDCDDABCDABCABDBACDDCAACACBCACACBCCABCACBCCCCCBDBADDBBBCBCBACCACACAACCCBABADBCCAABBBCCBB	['B30D', 'D35C', 'D36A', 'B41C', 'C62D', 'A63D', 'D77C', 'A93B']	8	-4.801144	-5.3037205	-7.2425957	-2.4414515
BCCDDDCDCDDDBCDDABCDABCABDBACDDCAACACBCACACBCCABCACBCCCCCADBADDBBBCBCBACCACADAACCCBABADBCCAAABBCCBB	['D13B', 'B30D', 'D35C', 'D36A', 'B41C', 'B58A', 'C62D', 'A63D']	8	-4.8332057	-5.3046246	-7.275566	-2.4423604
BCCDDDCDCDDDDCDDABADABCABDBACBDCAADDCBCABACBCDABCACBCCCCCCDBACDCBBCBCBACCACACAACCABABADBCBAAABBCCBB	['C19A', 'C46D', 'B58C', 'A63D', 'B64C', 'D77C', 'C82A', 'C90B']	8	-0.7515197	-2.8326507	-3.198021	-2.4465013
BCCDDDCDCDDDDCDDABCDABCABDBACBDCBADDCBCABACBCCABCACBCBCCCBDBADDCBCCBCBACAACACAACCCBABADBCBAABBBCCBB	['A33B', 'C54B', 'C62D', 'A63D', 'B64C', 'B66C', 'C73A', 'D77C', 'C90B', 'A93B']	10	-1.5501065	-4.472013	-3.9971323	-2.4470258
BCCDDDCDCDDDBCCDABCDABCABDBACBDCAAAACBCABACBCCABCACBCCCCCBDBADDBBBCBCAACAACADAACCCBABADBCBAAABBCCBB	['D13B', 'D15C', 'D35A', 'D36A', 'C62D', 'A63D', 'B70A', 'C73A', 'C90B']	9	-3.6571803	-5.30935	-6.104269	-2.4470887
BCCDDDCDCDDDDCDDABCDABCABDBACDDCAACCCBCABACBCCABCACBCCCCCBDBACDCBBCBCBACCACADAACCCBABADBCCAAABBCCBB	['B30D', 'D35C', 'D36C', 'A63D', 'B64C']	5	-4.6496716	-5.320066	-7.1074677	-2.457796
BCCDDDCDCDDADCDDABCDABCABDBACDDCAACACBCABACBCCABCACBCCCCCBDBACDCBBCBCBACCACADAACCCBABADBCCAAABBCCBB	['D12A', 'B30D', 'D35C', 'D36A', 'A63D', 'B64C']	6	-5.1366577	-5.3237166	-7.5981083	-2.4614506
BCCDDDCDCCDDBCDDABCDABCABDBACBDDBADDCBCABACBCCBBCACBCBCCCBDBADDBBACBBBAADACACAACCCBBBADBABAAABBCCBB	['D10C', 'D13B', 'C32D', 'A33B', 'A47B', 'C54B', 'C62D', 'A63D', 'B66A', 'C69B', 'C72A', 'C73D', 'D77C', 'A84B', 'C89A', 'C90B']	16	-2.4492633	-4.4874063	-4.911685	-2.4624217
BCCDDDCDCDDDDCDDABCDABCABDBACDDCAADDCBCABACBCDABCACBCCCCCBDBADDBBBCBCBACCACACAACCCBABADCCCAABBBCCBB	['B30D', 'C46D', 'C62D', 'A63D', 'D77C', 'B88C', 'A93B']	7	-5.2883315	-5.3260803	-7.752141	-2.4638095
BCCDDDCDCCDDDCDDABCDABCABDBACBDCAADDCBCABACBCCAACACBCCCCDBDBADDDBBCBCBACCACACAACCBBBBADBCBAABBBCCBB	['D10C', 'B48A', 'C57D', 'C62D', 'A63D', 'B64D', 'D77C', 'C82B', 'A84B', 'C90B', 'A93B']	11	0.30960798	-2.4688587	-2.1592474	-2.4688554
AAADDDCDCBDDBCDDABCDABCCBDBACBDCBADDCBCABACBCDABCACBCCCCCBDBADDBBBCBCBBDBACADAACCABBBADBCBAAABBCCBB	['B1A', 'C2A', 'C3A', 'D10B', 'D13B', 'A24C', 'A33B', 'C46D', 'C62D', 'A63D', 'A71B', 'C72D', 'C73B', 'C82A', 'A84B', 'C90B']	16	3.3341913	-2.859096	0.8612442	-2.4729471
BCCDDDCDCDDDDCDDABCDABCABDBACDDCAACABBCABACBCCABCACBCCCCCBDBACDBBBCBBBBCCACADAACCCBABADCCBAABBBCCBB	['B30D', 'D35C', 'D36A', 'C37B', 'A63D', 'C69B', 'A71B', 'B88C', 'C90B', 'A93B']	10	-3.523522	-5.339586	-6.000843	-2.4773211
BCCDDDCDCCDDDCDDABCBABCABDBACBDCAACACBCACACBCCABCACBCCCCCBDBACACBBCBCBACCACADAACCBBABADBCCAAABBCCBB	['D10C', 'D20B', 'D35C', 'D36A', 'B41C', 'B64C', 'C82B']	7	0.14581919	-2.480875	-2.3350506	-2.4808698
BCCDDDCDCDDDDCDDABCAABCABDBACBDCAADDBBCABACBCCABCACBCCCCCBDBACDBBBCBCBBCBACADAACCCBBCADBCBAAABBCCBB	['D20A', 'C37B', 'A63D', 'A71B', 'C73B', 'A84B', 'B85C', 'C90B']	8	-2.363627	-5.3481345	-4.849498	-2.4858708
BCCDDDCDCDDDDCDDABCAABCABDBACBDCAADDBBCABACBCCABCACBCCCCCBDBACDBBBCBCBBCBACADAACCCBBCADBCBAAABBCCBB	['D20A', 'C37B', 'A63D', 'A71B', 'C73B', 'A84B', 'B85C', 'C90B']	8	-2.363627	-5.3481345	-4.849498	-2.4858708
BCCDDDCDCCDDDCDDABBDABCABDBACBDCAADDCBCACACBCCABCACBCDCCCCDBADDBBBCBCBDCDACACAACCBBABADBCBAABBBCCBB	['D10C', 'C19B', 'B41C', 'C54D', 'B58C', 'C62D', 'A63D', 'A71D', 'C73D', 'D77C', 'C82B', 'C90B', 'A93B']	13	2.3239508	0.37630892	-0.16200066	-2.4859514
BCCDDDCDCCDDDCDDABBDABCABDBACBDCAADDCBCACACBCCABCACBCDCCCCDBADDBBBCBCBDCDACACAACCBBABADBCBAABBBCCBB	['D10C', 'C19B', 'B41C', 'C54D', 'B58C', 'C62D', 'A63D', 'A71D', 'C73D', 'D77C', 'C82B', 'C90B', 'A93B']	13	2.3239508	0.37630892	-0.16200066	-2.4859514
BCCDDDCDCCDDDCDDABBDABCABDBACBDCAADDCBCACACBCCABCACBCDCCCCDBADDBBBCBCBDCDACACAACCBBABADBCBAABBBCCBB	['D10C', 'C19B', 'B41C', 'C54D', 'B58C', 'C62D', 'A63D', 'A71D', 'C73D', 'D77C', 'C82B', 'C90B', 'A93B']	13	2.3239508	0.37630892	-0.16200066	-2.4859514
BCCDDDCDCDDDDCDDABCDABCABDBACDDCAACACBCABACBCCABCACBCCCCCBDBACCCBBCBCBACCACADAACCCBABADBCCAAABBCCBB	['B30D', 'D35C', 'D36A', 'A63C', 'B64C']	5	-5.1961756	-5.3484793	-7.6823864	-2.4862108
BCCDDDCDCBDDDCDDABCAABCABDBACBDCAADABBCABACBCDBBCACBCDCCCBDBACDBBBCBABBDDACADAACCCBBCADBCBAABBBCCBB	['D10B', 'D20A', 'D36A', 'C37B', 'C46D', 'A47B', 'C54D', 'A63D', 'C69A', 'A71B', 'C72D', 'C73D', 'A84B', 'B85C', 'C90B', 'A93B']	16	0.6205611	-2.4865975	-1.8660316	-2.4865928
BCCDDDCDCDDDDCDDABCDABCABDBACBDCAADDCBCABACBCCABCACBCCCCCBDBACDBBBCBCBACBACADAACCCBBBADBCCAAABBCCBB	['A63D', 'C73B', 'A84B']	3	-4.2807503	-5.349702	-6.7681847	-2.4874344
BCCDDDCDCADDBDCDABCAABCABDBACBDCAADACBCABACBCCABCACBCCCCCBDBACABBBCBCBACCACADAACCCBABADDCCAAABBCCBB	['D10A', 'D13B', 'C14D', 'D15C', 'D20A', 'D36A', 'B88D']	7	-5.0898824	-5.3517923	-7.5794115	-2.4895291
BCCDDDCDCDDCDDCDABCDABCABDBACBDCAADDCBCACACBCCABCACBCCCCCBDCCDDBBBABCBADCACADAACCABABADBCCAABBBCCBB	['D12C', 'C14D', 'D15C', 'B41C', 'B60C', 'A61C', 'C62D', 'A63D', 'C67A', 'C72D', 'C82A', 'A93B']	12	-1.4164581	-2.8768024	-3.9071121	-2.490654
BCCDDDCDCBDDBCDDABCDABBABDBACDDCAADDABCACACBCCABCACBCCCCCBDBADDBBBCBCCCCCACADAACCCBABADCCCAABBBCCBB	['D10B', 'D13B', 'C23B', 'B30D', 'C37A', 'B41C', 'C62D', 'A63D', 'B70C', 'A71C', 'B88C', 'A93B']	12	-3.209993	-5.355455	-5.7031794	-2.4931865
BCCDDDCDCADDDCCDABCCABCABDBACBDCAACACBCABACBCCABCACBCCCCCBDBACDBBBCBCBBCCACADAACCABBBADBCBAAABBCCBB	['D10A', 'D15C', 'D20C', 'D35C', 'D36A', 'A63D', 'A71B', 'C82A', 'A84B', 'C90B']	10	1.9032893	-2.8804226	-0.5909815	-2.4942708
BCCBDDCDCCDDDDCDABCAABCABDBACBDCAADACBCABACBCDABCACBCCCCCBDBADDBBBCBCBACAACADAACCCBABADDCBADBBBCCBB	['D4B', 'D10C', 'C14D', 'D15C', 'D20A', 'D36A', 'C46D', 'C62D', 'A63D', 'C73A', 'B88D', 'C90B', 'A92D', 'A93B']	14	-2.8164167	-5.358794	-5.3129444	-2.4965277
BCCDDDCDCDDDDDDDABCDABCABDBACDDCAADDBBCABACBCDABCACBCCCCDBDBACDBBBCBCBCDCACACAACCCBABADCCBAABBBCCBB	['C14D', 'B30D', 'C37B', 'C46D', 'C57D', 'A63D', 'A71C', 'C72D', 'D77C', 'B88C', 'C90B', 'A93B']	12	-4.643462	-5.359699	-7.140891	-2.497429
BCCDDDCDCDDDDCDDABCAABCABDBACBDCAAAACBCABACBCCABCACBCCCCCBDBADDBBBCBCBCCBACADAACCCBABADBCBAAABBCCBB	['D20A', 'D35A', 'D36A', 'C62D', 'A63D', 'A71C', 'C73B', 'C90B']	8	-3.589902	-5.361654	-6.0892906	-2.4993887
AAADDDCDCDDDDCDDABCDABCABDBACDDCAADDCBCABACBCCABCACBCCCCCBDBACDBBBCBCBACCACACAACCCBABADBCCAABBBCCBB	['B1A', 'C2A', 'C3A', 'B30D', 'A63D', 'D77C', 'A93B']	7	-5.0790772	-5.36258	-7.5793886	-2.5003114
AAADDDCDCDDDDCDDABCDABCABDBACDDCAADDCBCABACBCCABCACBCCCCCBDBACDBBBCBCBACCACACAACCCBABADBCCAABBBCCBB	['B1A', 'C2A', 'C3A', 'B30D', 'A63D', 'D77C', 'A93B']	7	-5.0790772	-5.36258	-7.5793886	-2.5003114
BCCDDDCDCBDDDCDDABCDABCABDBACBDCAADDCBCABABBCCABCACBCCCCCBDBACDBBBCBCBDACACADAACCABABADBCBAABBBCCBB	['D10B', 'C43B', 'A63D', 'A71D', 'C72A', 'C82A', 'C90B', 'A93B']	8	0.6253042	-2.902153	-1.8906984	-2.5160027
BCCDDDCDCCDADCDDABCDABCABDBACBDCAADDCBCACACBCCABCACBCCCCCBDBADDBBBCBCBACAACACAACCCBBBADBCBAABBBCCBB	['D10C', 'D12A', 'B41C', 'C62D', 'A63D', 'C73A', 'D77C', 'A84B', 'C90B', 'A93B']	10	-2.8160992	-5.3810315	-5.3348646	-2.5187654
BCCDDDCDCDDDBCDDABCDABCABDBACDDCAACACBCABACBCCABCACBCCCCCBDBACDBBBCBCBACCACADAACCCBABADBCCAAABBCCBB	['D13B', 'B30D', 'D35C', 'D36A', 'A63D']	5	-4.9505525	-5.3825665	-7.470853	-2.5203004
BCCDDDCDCDDDBCDDABCDABCABDBACDDCAACACBCABACBCCABCACBCCCCCBDBACDBBBCBCBACCACADAACCCBABADBCCAAABBCCBB	['D13B', 'B30D', 'D35C', 'D36A', 'A63D']	5	-4.9505525	-5.3825665	-7.470853	-2.5203004
BCCDDDCDCDDDBCDDABCDABCABDBACBDCAADDCBCABACBCDABCACBCCDCCBDBACDBBBCBCBBCBACACAACCBBABADBCBAABBBCCBB	['D13B', 'C46D', 'C55D', 'A63D', 'A71B', 'C73B', 'D77C', 'C82B', 'C90B', 'A93B']	10	-0.691205	-2.5227256	-3.2139215	-2.5227165
AAADDDCDCBDDDCDDABCDABCABDBACDDCAADDCBCACACBCCABCACBCCCCCBDBADDBBBCBCBACCACACAACCCBABADCCCAABBBCCBB	['B1A', 'C2A', 'C3A', 'D10B', 'B30D', 'B41C', 'C62D', 'A63D', 'D77C', 'B88C', 'A93B']	11	-3.0097594	-5.3860884	-5.533576	-2.5238166
BCCDDDCDCBDDDCDDABCAABCABDBACBDCAACABBCABACBCDABCACBCDCCCBDCCDDBBBCBCBBCDACADAACCCBBCADBCCAABBBCCBB	['D10B', 'D20A', 'D35C', 'D36A', 'C37B', 'C46D', 'C54D', 'B60C', 'A61C', 'C62D', 'A63D', 'A71B', 'C73D', 'A84B', 'B85C', 'A93B']	16	0.6987033	-2.5274968	-1.8287897	-2.527493
BCCDDDCDCDDDBCCDABCDABCABDBACDDCAACAABCABACBBCABCACBCCCCCBDBADDCBBCBCBACCADADAACCCBABADCCCADABBCCBB	['D13B', 'D15C', 'B30D', 'D35C', 'D36A', 'C37A', 'C45B', 'C62D', 'A63D', 'B64C', 'C75D', 'B88C', 'A92D']	13	-5.1749444	-5.3975067	-7.710187	-2.5352426
BCCDDDCDCCDDDCDDADCDABCABDBACBDCAADDCBCABACBCDABCACBCCCCCBDBACDBBBCBCBACBACACAACCCBBBADBCBAABBACCBB	['D10C', 'B18D', 'C46D', 'A63D', 'C73B', 'D77C', 'A84B', 'C90B', 'A93B', 'B95A']	10	-2.7856793	-5.407833	-5.3312464	-2.545567
BCCDDDCDCDDDDCCCABCDABCABDBACDDCAACACBAABACBCCABCACBCCCCCBDBACACBBCBCBACCACADAACCCBABADBCCAAABBCCBB	['D15C', 'D16C', 'B30D', 'D35C', 'D36A', 'C39A', 'B64C']	7	-5.152563	-5.408676	-7.6989727	-2.5464096
BCCDDDCDCCDDBCDDABCDABCABDBACDDCAACACBCACACBCCABCACBCCCCCBDBACDBBBCBDBCACACADAACCCBABADCCBADABBCCBB	['D10C', 'D13B', 'B30D', 'D35C', 'D36A', 'B41C', 'A63D', 'C69D', 'A71C', 'C72A', 'B88C', 'C90B', 'A92D']	13	-3.0857368	-5.409823	-5.6333	-2.547563
BCCDDDCDCDDDDCDDABCDABCABDBACDDCAADDCBCABACBCCABCACBCCCCCBDBACDBBBCBCBCDCACACAACCCBABADCCCAAABBCCBB	['B30D', 'A63D', 'A71C', 'C72D', 'D77C', 'B88C']	6	-5.119502	-5.4120984	-7.6693296	-2.5498276
BCCDDDCDCADDBCDDABCDABCABDBACBDCAACDCBCABACBCCABCACBCDCCCBDBADDBBACBABCCCACADAACCCBBBADBCCAAABBCCBB	['D10A', 'D13B', 'D35C', 'C54D', 'C62D', 'A63D', 'B66A', 'C69A', 'A71C', 'A84B']	10	-1.9653373	-2.551443	-4.516781	-2.5514436
AAADDDCDCCCDDCDBABCDABCABDBACBDCBADDCBCABACBCDABCACBCDDCDBDBACDBBBCBBBBBBACADAACCABBBADBABCABBBCCBB	['B1A', 'C2A', 'C3A', 'D10C', 'D11C', 'D16B', 'A33B', 'C46D', 'C54D', 'C55D', 'C57D', 'A63D', 'C69B', 'A71B', 'C72B', 'C73B', 'C82A', 'A84B', 'C89A', 'C90B', 'A91C', 'A93B']	22	6.301775	-0.080519676	3.7451391	-2.5566359
BCCDDDCDCDDDDCDDABCDABCABDBACDDCADDAABCABACBCCABCACBCCCCCBDBADDDBBCBCBCCCACADAACCCBABADCCCAAABBCCBB	['B30D', 'A34D', 'D36A', 'C37A', 'C62D', 'A63D', 'B64D', 'A71C', 'B88C']	9	-5.117795	-5.4207897	-7.676319	-2.5585241
BCCDDDCDCCDDBCDDABCDABCABDBACBDCAACDCBCACACBCCABCACBCCCCCBDBADDBBACBCBCACACADAACCCBBBADBCBAAABBCCBB	['D10C', 'D13B', 'D35C', 'B41C', 'C62D', 'A63D', 'B66A', 'A71C', 'C72A', 'A84B', 'C90B']	11	-1.4368281	-5.426242	-4.000804	-2.5639758
BCCDDDCDCDDDDCDDABCDABCABDBACDDCAADDBBCACACBCCABCACBCCCCCBDBADDBBBCBCBACCACACAACCCBABADCCCAABBBCCBB	['B30D', 'C37B', 'B41C', 'C62D', 'A63D', 'D77C', 'B88C', 'A93B']	8	-5.2046857	-5.4276676	-7.7700825	-2.5653968
BCDDDDCDCCDDDCDDABCDABCABDBACDDCAAAACBCACACBCCABCACBCCCCCBDBACDBBBCBCBACCACADAACCCBABADCCCAABBBCCBB	['C3D', 'D10C', 'B30D', 'D35A', 'D36A', 'B41C', 'A63D', 'B88C', 'A93B']	9	-3.562861	-5.4284916	-6.1290836	-2.5662227
BCCDDDCDCDDDBCDDABCDABCABDBACBDDBADDCBCABACBCDABCACBCCCCCBDBCCDBBBCBCBACCACACAACCBBBBADBCCAAABBCCBB	['D13B', 'C32D', 'A33B', 'C46D', 'A61C', 'A63D', 'D77C', 'C82B', 'A84B']	9	-2.5669541	-2.5706859	-5.137637	-2.570683
AAADDDCDCBABDACDABAAABCABDBACBDCAADACBCABACBCDABCACBCDDCDBDBADDBBBCBCBBBBACADAACCCCBCADBCBAAABBCCBB	['B1A', 'C2A', 'C3A', 'D10B', 'D11A', 'D12B', 'C14A', 'D15C', 'C19A', 'D20A', 'D36A', 'C46D', 'C54D', 'C55D', 'C57D', 'C62D', 'A63D', 'A71B', 'C72B', 'C73B', 'B83C', 'A84B', 'B85C', 'C90B']	24	1.2776709	-2.5711265	-1.2934484	-2.5711193
BCCDDDCDCCDDBCDDABCDABCABDBACDDCAADDCBCABACBCCABCACBCCCCCBDBADDBBACBCBCCCACACAACCCBABADCCCAAABBCCBB	['D10C', 'D13B', 'B30D', 'C62D', 'A63D', 'B66A', 'A71C', 'D77C', 'B88C']	9	-3.4963288	-5.438019	-6.0720825	-2.5757537
BCCDDDCDCDDDDCDDABCCABCABDBACDDCAACABBCACACBCCABCACBCCCCCBDBADACBBCBCBACCACACAACCCBABADCCCAAABBCCBB	['D20C', 'B30D', 'D35C', 'D36A', 'C37B', 'B41C', 'C62D', 'B64C', 'D77C', 'B88C']	10	-4.1463494	-5.441058	-6.7251425	-2.578793
BCCDDDCDCDDDBCDDABCDABCABDBACDDCAACCBBCABACBCCABCACBCCCCCBDBACDBBBCBCBACCACADAACCCBABADBCCAAABBCCBB	['D13B', 'B30D', 'D35C', 'D36C', 'C37B', 'A63D']	6	-4.863742	-5.4411335	-7.442609	-2.578867
BCCDDDCDCDDDDCDDABCDABCABDBACBDCAADDBBCABACBCCABCACBCCCCDBDBACDBBBCBCBACCACADAACCABABADBCCAABBBCCBB	['C37B', 'C57D', 'A63D', 'C82A', 'A93B']	5	-1.9009156	-2.9700618	-4.4848223	-2.5839067
BCCDDDCDCBDDBCCDABCAABCABDBACBDCAAAAABCABACBCCABCACBCACCDBDBADABBBCBCBBCBCCACAACCCBABADBABAABBBCCBB	['D10B', 'D13B', 'D15C', 'D20A', 'D35A', 'D36A', 'C37A', 'C54A', 'C57D', 'C62D', 'A71B', 'C73B', 'A74C', 'D77C', 'C89A', 'C90B', 'A93B']	17	-1.8762841	-2.5023813	-4.462002	-2.5857177
BCCDDDCDCCDDDCDDABCAABCABDBACBDCAACACBCABACBCDABCACBCCCCCBDBADDCBBCBCBACAACADAACCCBBBADBCBAAABBCCBB	['D10C', 'D20A', 'D35C', 'D36A', 'C46D', 'C62D', 'A63D', 'B64C', 'C73A', 'A84B', 'C90B']	11	-1.1906533	-5.450897	-3.7792826	-2.5886292
BCCDDDCDCDDDBCDDABCDABCABDBACDDCAADDCBCABACBCCABCACBCCCCCBDBACDBBBABABBCCACACAACCCBABADCCCAAABBCCBB	['D13B', 'B30D', 'A63D', 'C67A', 'C69A', 'A71B', 'D77C', 'B88C']	8	-4.591325	-5.4520917	-7.1811504	-2.5898256
BCBDDDCACDDDDCDDABCDABCABDBACBDCAADDCBCABACBCCABCACBCCCCCBDBADDBDBCBCBACCACACAACCCBABADBCCAABBBCCBB	['C3B', 'D8A', 'C62D', 'A63D', 'B65D', 'D77C', 'A93B']	7	-4.8984046	-5.457465	-7.493602	-2.5951972
BCCDDDCDCDDDBCDDABCDABCABDBACDDCAADDABCABACBCCABCACBCCCCCBDBACDBBBCBCBBCCACACAACCCBABADCCCAABBBCCBB	['D13B', 'B30D', 'C37A', 'A63D', 'A71B', 'D77C', 'B88C', 'A93B']	8	-4.9129467	-5.458921	-7.5096016	-2.596655
BCCDDDCDCBDDDCDDABCDABCABDBACDDCAADDCBCABACBCCABCACBCCCCCBDBACDBBBCBCBACCACACAACCCBABADCCCAABBBCCBB	['D10B', 'B30D', 'A63D', 'D77C', 'B88C', 'A93B']	6	-3.9525785	-5.4636717	-6.553974	-2.6013956
BCCDDDCDCBDDDCDDABCDABCABDBACDDCAADDCBCABACBCCABCACBCCCCCBDBACDBBBCBCBACCACACAACCCBABADCCCAABBBCCBB	['D10B', 'B30D', 'A63D', 'D77C', 'B88C', 'A93B']	6	-3.9525785	-5.4636717	-6.553974	-2.6013956
BCCDDDCDCBDDDCDDABCDABCABDBACDDCAADDCBCABACBCCABCACBCCCCCBDBACDBBBCBCBACCACACAACCCBABADCCCAABBBCCBB	['D10B', 'B30D', 'A63D', 'D77C', 'B88C', 'A93B']	6	-3.9525785	-5.4636717	-6.553974	-2.6013956
BCCDDDCDCADDDCDDABCAABCABDBACBDCAADCCBCABACBCDABCACBCCCCCBDBACDCBBCBCBACCACADAACCCBBBADBCBAABBBCCBB	['D10A', 'D20A', 'D36C', 'C46D', 'A63D', 'B64C', 'A84B', 'C90B', 'A93B']	9	-2.3033185	-5.4647827	-4.905834	-2.6025157
AAADDDCDCCAADCCDABBAABCABDBACBDCAADDCBCABACBCCABCACBCDCCCBDBACDBBBCBCBDCCACADAACCBBABADBCBAABBBCCBB	['B1A', 'C2A', 'C3A', 'D10C', 'D11A', 'D12A', 'D15C', 'C19B', 'D20A', 'C54D', 'A63D', 'A71D', 'C82B', 'C90B', 'A93B']	15	1.8618364	0.25820446	-0.742219	-2.6040554
AAADDDCDCCDDBCDDABCAABCABDBACBDCAADACBCABACBCDABCACBCCCCCBDBDCBDBBCBCBACCACADAACCCBBBADBCBAABBBCCBB	['B1A', 'C2A', 'C3A', 'D10C', 'D13B', 'D20A', 'D36A', 'C46D', 'A61D', 'A63B', 'B64D', 'A84B', 'C90B', 'A93B']	14	-2.3256044	-5.466367	-4.9297037	-2.6040993
BCCDDDCDCDDDDCDDACCDABCABDBACBDCAADDCBCABACBCCABCACBCCCCCBDBACABBBCBCBBCCACACAACCCBBBADBCBAAABBCCBB	['B18C', 'A71B', 'D77C', 'A84B', 'C90B']	5	-3.6832461	-5.4667044	-6.2876835	-2.6044374
BCCDDDCDCADDBCDDABCAABCABDBACBDCAADDCBCACACBCDABCACBCCCCCBDBACDCBBCBCBACCACADAACCABABADBCCAAABBCCBB	['D10A', 'D13B', 'D20A', 'B41C', 'C46D', 'A63D', 'B64C', 'C82A']	8	-0.9406872	-2.9908695	-3.5454073	-2.60472
BCCDDDCDCDDDDCDDABBAABCABDBACBDCAACDCBCABACBCDABCACBCCCCCBDBACDBBBCBCBBCBACADAACCCBBBADBCBAABBBCCBB	['C19B', 'D20A', 'D35C', 'C46D', 'A63D', 'A71B', 'C73B', 'A84B', 'C90B', 'A93B']	10	-2.579021	-5.4736385	-5.1903925	-2.6113715
BCCDDDCDCDDDDDDDABCDABCABDBACBDCAADDCBCACACBCDABCACBCCCCCBDBACACBBCBCBACCACADAACCABABADBCCAABBBCCBB	['C14D', 'B41C', 'C46D', 'B64C', 'C82A', 'A93B']	6	-2.0579066	-2.9977593	-4.6695175	-2.611611
AAADDDCDCBABBCCDABDAABCABDBACBDCAADACBCABACBCDABCACBCDCCCCDBADDBBBBBCBCDBACADACCCCBBBADBCBCAABBCCBB	['B1A', 'C2A', 'C3A', 'D10B', 'D11A', 'D12B', 'D13B', 'D15C', 'C19D', 'D20A', 'D36A', 'C46D', 'C54D', 'B58C', 'C62D', 'A63D', 'C67B', 'A71C', 'C72D', 'C73B', 'A79C', 'A84B', 'C90B', 'A91C']	24	3.0688357	-2.6128283	0.4560089	-2.6128268
BCCDDDCDCDDDBCDDABCDABCABDBACDDCAACACBCACACBBCABCACBCCCCCBDBACDBBBCBCBACCACADAACCCBABADCCCAAABBCCBB	['D13B', 'B30D', 'D35C', 'D36A', 'B41C', 'C45B', 'A63D', 'B88C']	8	-5.0422244	-5.475504	-7.6554623	-2.6132379
BCCDDDCDCDDDBCCBABBAABCABDBACDDCAADACBCABACBCCABCACBCCCCCBDBACABBBCBABBCCACACAACCCBABADCCCAAABBCCBB	['D13B', 'D15C', 'D16B', 'C19B', 'D20A', 'B30D', 'D36A', 'C69A', 'A71B', 'D77C', 'B88C']	11	-3.7160935	-5.4765797	-6.330409	-2.6143155
BCCDDDCDCDDDDCCDABCDABCABDBACBDCAADDCBCABACBCCABCACBCCCCCBDBACDBBBCBCBADCACADAACCBBABADBCCAAABBCCBB	['D15C', 'A63D', 'C72D', 'C82B']	4	-1.5654964	-2.6146512	-4.1801405	-2.614644
BCCDDDCDCDDDDCDDABBDABCABDBACBDCAADDCBCABACBCCABCACBCCCCCBDBACDBBBCBCBADCACADAACCBBABADBCCAAABBCCBB	['C19B', 'A63D', 'C72D', 'C82B']	4	-1.623641	-2.6161518	-4.239787	-2.616146
AAADDDCDCBADDCCDABCAABCABDBACBDCAACDABCABACBCCABCACBCDCCCBDBADDBBBCBCBBCBACADAACCCBBCADBCBAAABBCCBB	['B1A', 'C2A', 'C3A', 'D10B', 'D11A', 'D15C', 'D20A', 'D35C', 'C37A', 'C54D', 'C62D', 'A63D', 'A71B', 'C73B', 'A84B', 'B85C', 'C90B']	17	0.62243414	-2.6177492	-1.9953098	-2.617744
BCCDDDCDCDDDBCDDABCDABCABDBACDDCAACAABCABACBCCABCACBCCCCCBDBACDBBBCBCBACCACADAACCCBABADBCCAAABBCCBB	['D13B', 'B30D', 'D35C', 'D36A', 'C37A', 'A63D']	6	-5.129641	-5.4812236	-7.748599	-2.618958
BCCDDDCDCCDBDCDDABCDABCABDBACBDCAADDCBCABACBCDABCACBCCDCCCDBACACBBCBDBACCACACAACCABBBADBCCAABBBCCBB	['D10C', 'D12B', 'C46D', 'C55D', 'B58C', 'B64C', 'C69D', 'D77C', 'C82A', 'A84B', 'A93B']	11	-1.0420318	-3.0070138	-3.6628952	-2.6208634
BCCDDDCDCDDDDCDDABCDABCABDBACDDCAADDBBCABACBCCABCACBCCCCCBDBACDBBBCBCBCCCACACAACCCBABADCCCAABBBCCBB	['B30D', 'C37B', 'A63D', 'A71C', 'D77C', 'B88C', 'A93B']	7	-4.980606	-5.4895988	-7.607933	-2.627327
BCCDDDCDCDDDDCDDABCDABCABDBACDDCAADAABCABACBCCABCACBCCCCDBDBACDBBBCBCBACCACADAACCCBABADCCCAAABBCCBB	['B30D', 'D36A', 'C37A', 'C57D', 'A63D', 'B88C']	6	-4.9434047	-5.490141	-7.571274	-2.6278691
AAADDDCDCBDDBCCDABBAABCABDBACBDDBACACBCADACBCDBBCACBDBACCBDCACDDBACBABBCBACACAACCCBBBADBABADABBDCBB	['B1A', 'C2A', 'C3A', 'D10B', 'D13B', 'D15C', 'C19B', 'D20A', 'C32D', 'A33B', 'D35C', 'D36A', 'B41D', 'C46D', 'A47B', 'C53D', 'C54B', 'C55A', 'B60C', 'A63D', 'B64D', 'B66A', 'C69A', 'A71B', 'C73B', 'D77C', 'A84B', 'C89A', 'C90B', 'A92D', 'C96D']	31	0.9876871	-4.6552916	-1.642621	-2.6303082
AAADDDCDCDDDDCDDABCDABCABDBACBDCAADDCBCABACBCCABCACBCCCCCBDBACDBBBCBBBBCCACACAACCABABADBCBAAABBCCBB	['B1A', 'C2A', 'C3A', 'A63D', 'C69B', 'A71B', 'D77C', 'C82A', 'C90B']	9	-0.45104313	-3.0188107	-3.083702	-2.632659
AAADDDCDCBDDBCDDABDDABCABDBACBDCBADDCBCABACBCDABCACBCBCCCCDCADDBBBCBCBBCBACADAACCBBBBADBCBAAABBCCBB	['B1A', 'C2A', 'C3A', 'D10B', 'D13B', 'C19D', 'A33B', 'C46D', 'C54B', 'B58C', 'B60C', 'C62D', 'A63D', 'A71B', 'C73B', 'C82B', 'A84B', 'C90B']	18	4.9721823	-1.7958698	2.339037	-2.6331453
BCCDDDCDCDDDDCCCABCDABCABDBACDDCAACCBBCABACBCCABCACBCCCCDBDBACDBBBCBDBACCACADAACCCBABADCCCAAABBCCBB	['D15C', 'D16C', 'B30D', 'D35C', 'D36C', 'C37B', 'C57D', 'A63D', 'C69D', 'B88C']	10	-4.749028	-5.498525	-7.3852882	-2.63626
BCCDDDCDCDDDBCDDABCCABCABDBACDDCAACABBCABACBCCABCACBCCCCDBDBACDBBBCBCBCCCACADAACCCBABADCCCAABBBCCBB	['D13B', 'D20C', 'B30D', 'D35C', 'D36A', 'C37B', 'C57D', 'A63D', 'A71C', 'B88C', 'A93B']	11	-3.548656	-5.5052342	-6.1916246	-2.6429687
BCCDDDCDCDDDDCCDABCDABCABDBACDDCAACCBBCABACBCCABCACBCCCCCBDBADDBBBCBCBACCACADAACCCBABADCCCAAABBCCBB	['D15C', 'B30D', 'D35C', 'D36C', 'C37B', 'C62D', 'A63D', 'B88C']	8	-4.279854	-5.508556	-6.9261436	-2.6462898
BCCDDDCDCCDDDCDDABCDABCABDBACBDCAADDCBCABACBCDABCACBCCCCCCDBDCDCBBCBCBACDACADAACCBBABADBCBAABBBCCBB	['D10C', 'C46D', 'B58C', 'A61D', 'A63D', 'B64C', 'C73D', 'C82B', 'C90B', 'A93B']	10	1.519999	-2.6507087	-1.1307058	-2.6507049
BCCDDDCDCCDDDCDDABCDABCABDBACBDCAADDCBCABACBCCABCACBCCCCCBDBADDBBBBBCBADAACACAACCCBBCADBCBAABBBCCBB	['D10C', 'C62D', 'A63D', 'C67B', 'C72D', 'C73A', 'D77C', 'A84B', 'B85C', 'C90B', 'A93B']	11	-1.8875318	-5.514927	-4.5401897	-2.652658
BCCDDDCDCDDDDDDDABCAABCABDBACDDCAACACBCABACBCCABCACBCCCCCBDBADDBBBCBCBBCCACADAACCCBABADCCCAAABBCCBB	['C14D', 'D20A', 'B30D', 'D35C', 'D36A', 'C62D', 'A63D', 'A71B', 'B88C']	9	-3.3478622	-5.5204945	-6.00609	-2.658228
BCCDDDCDCBDDBCDDABCDABCABDBACDDCAADDABCACACBCCABCACBCCCCCBDBADDBBBCBCCCCCACADAACCCBABADCCCAABBBCCBB	['D10B', 'D13B', 'B30D', 'C37A', 'B41C', 'C62D', 'A63D', 'B70C', 'A71C', 'B88C', 'A93B']	11	-3.5158997	-5.523156	-6.1767826	-2.660883
BCCDDDCDCDDDDCCDABCDABCABDBACBDCAADDCBCABACBCCABCACBCCCCCBDBACDBBBCBCBACCACADAACCBBABADBCCAAABBCCBB	['D15C', 'A63D', 'C82B']	3	-1.4342728	-2.660975	-4.0952406	-2.6609678
BCCDDDCDCCDDDCCDABCDABCABDBACBDCAADDCBCABACBCCABCACBCDCCCBDBACDBBBCBCBBCCACADAACCBBBCADBCBAAABBCCBB	['D10C', 'D15C', 'C54D', 'A63D', 'A71B', 'C82B', 'A84B', 'B85C', 'C90B']	9	1.6956782	0.19810581	-0.96847343	-2.6641517
AAADDDCDCBDDBCDDADCAABCABDBACBDCAADACBCACACBCDABCACBCDCCCBDBACDBBBCBCBCCCACADAACCCBBBADBABAAABBCCBB	['B1A', 'C2A', 'C3A', 'D10B', 'D13B', 'B18D', 'D20A', 'D36A', 'B41C', 'C46D', 'C54D', 'A63D', 'A71C', 'A84B', 'C89A', 'C90B']	16	0.14623213	-2.6656632	-2.5194292	-2.6656613
BCCDDDCDCBDDBCDDABCDABCABDBACBDCBADDCBCACACBCCABCACBCACCCBDCADDBBBBBCBCAAACADAACCCBBBADBCBAABBBCCBB	['D10B', 'D13B', 'A33B', 'B41C', 'C54A', 'B60C', 'C62D', 'A63D', 'C67B', 'A71C', 'C72A', 'C73A', 'A84B', 'C90B', 'A93B']	15	0.84076405	-2.5850968	-1.8276615	-2.6684256
AAADDDCDCCDDDCDDADAAABCCBDBACBDCDADAABCABACBCDABCACBCDCCCBDBADDBBBCBABCCBACADAACCCBBBADBCBAACBBCCBB	['B1A', 'C2A', 'C3A', 'D10C', 'B18D', 'C19A', 'D20A', 'A24C', 'A33D', 'D36A', 'C37A', 'C46D', 'C54D', 'C62D', 'A63D', 'C69A', 'A71C', 'C73B', 'A84B', 'C90B', 'A93C']	21	-0.6433635	-2.6698308	-3.3131895	-2.669826
BCCDDDCDCCDDDDDDABCDABCABDBACBDCAADDDBCACACBCCABCACBCCCCCBDBADDBBBCBCBACDACACAACCCBBBADBCBAABBBCCBB	['D10C', 'C14D', 'C37D', 'B41C', 'C62D', 'A63D', 'C73D', 'D77C', 'A84B', 'C90B', 'A93B']	11	-2.5878768	-5.5383067	-5.263919	-2.676042
BCCDDDCDCBDDDCDDABCAABCABDBACBDCAACABBCABACBCDBBCACBCDCCCBDCCDDBBBCBCBBCDACADAACCCBBCADBCCAABBBCCBB	['D10B', 'D20A', 'D35C', 'D36A', 'C37B', 'C46D', 'A47B', 'C54D', 'B60C', 'A61C', 'C62D', 'A63D', 'A71B', 'C73D', 'A84B', 'B85C', 'A93B']	17	0.5381036	-2.6832347	-2.1451263	-2.68323
BCCDDDCDCBDDDCDDABCDABCABDBACDDCAADDCBCACACBCCABCACBCCCCCBDBDCABBBCBCBACCACACAACCCBABADCCCAABBBCCBB	['D10B', 'B30D', 'B41C', 'A61D', 'D77C', 'B88C', 'A93B']	7	-4.0317564	-5.5481353	-6.717614	-2.6858578
BCCDDDCDCBDDDCDDABCDABCABDBACBDCBADDABCABACBCDABCAABCCCCCBDBADDBBABBCBACDACACAACCCBBBADBCBAABBBCCBB	['D10B', 'A33B', 'C37A', 'C46D', 'C51A', 'C62D', 'A63D', 'B66A', 'C67B', 'C73D', 'D77C', 'A84B', 'C90B', 'A93B']	14	-0.36635113	-5.5487227	-3.0528069	-2.6864557
BCCDDDCDCCDCDDDDABCDABCABDBACBDCAADDCBCABABBCCABCACBCCCCCBDBACDBBBCBCBACCACACAACCBBABADBCBAABBBCCBB	['D10C', 'D12C', 'C14D', 'C43B', 'A63D', 'D77C', 'C82B', 'C90B', 'A93B']	9	-0.6004057	-2.6876569	-3.2880535	-2.6876478
BCCDDDCDCDDDBCDDABCDABCABDBACDDCAADDCBCABACBCCABCACBCCCCCBDBADCABBCBCBBCCACACAACCCBABADCCCAAABBCCBB	['D13B', 'B30D', 'C62D', 'A63C', 'B64A', 'A71B', 'D77C', 'B88C']	8	-5.1866612	-5.5550566	-7.87945	-2.6927886
BCCDDDCDCDDDBCDDACCDABCABDBACDDCAADDABCABACBCCABCACBCCCCCBDBACDBBBCBCBBCCACADAACCCBABADCCCAAABBCCBB	['D13B', 'B18C', 'B30D', 'C37A', 'A63D', 'A71B', 'B88C']	7	-4.8460336	-5.5615997	-7.5453663	-2.6993327
BCCDDDCDCDDDBCDDACCDABCABDBACDDCAADDABCABACBCCABCACBCCCCCBDBACDBBBCBCBBCCACADAACCCBABADCCCAAABBCCBB	['D13B', 'B18C', 'B30D', 'C37A', 'A63D', 'A71B', 'B88C']	7	-4.8460336	-5.5615997	-7.5453663	-2.6993327
BCCDDDCDCBDDBCDBABCDABCABDBACBDCBADDCBCACACBBCABCACBCDCCDBDBACDBBBBBABBCBACADAACCBBBBADBCBAAABBCCBB	['D10B', 'D13B', 'D16B', 'A33B', 'B41C', 'C45B', 'C54D', 'C57D', 'A63D', 'C67B', 'C69A', 'A71B', 'C73B', 'C82B', 'A84B', 'C90B']	16	3.3721204	0.16181898	0.67168045	-2.70044
BCCDDDCDCBDDDCDDABCDABCABDBACDDCAACACBCABACBCCABCACBCCCCDBDBADDBBBCBBBACCACADAACCCBABADCCCAAABBCCBB	['D10B', 'B30D', 'D35C', 'D36A', 'C57D', 'C62D', 'A63D', 'C69B', 'B88C']	9	-3.0554	-5.5724	-5.7655287	-2.7101288
BCCDDDCDCDDDDCDDABCDABCABDBACBDCAADACBCABACBCCABCACBCCCCCBDBADDBBBCBCBACCACADAACCBBABADBCCAAABBCCBB	['D36A', 'C62D', 'A63D', 'C82B']	4	-0.91921234	-2.7140045	-3.633212	-2.7139997
AAADDDCDCBDDBCDDADCAABCABDBACBDCAADACBCABACBCDABCACBCDCCCBDBACDBBBCBCBBBBACADAACCCBBBADBCBAAABBCCBB	['B1A', 'C2A', 'C3A', 'D10B', 'D13B', 'B18D', 'D20A', 'D36A', 'C46D', 'C54D', 'A63D', 'A71B', 'C72B', 'C73B', 'A84B', 'C90B']	16	-0.51329184	-2.7173247	-3.2306128	-2.717321
BCCDDDCDCCDDBCDDABCAABCABDBACBDCAACDABCABACBCDABCACBCCCCCBDBACDBBBCBCBCACACADAACCCBBBADBCBADABBCCBB	['D10C', 'D13B', 'D20A', 'D35C', 'C37A', 'C46D', 'A63D', 'A71C', 'C72A', 'A84B', 'C90B', 'A92D']	12	-2.0076694	-5.580227	-4.725628	-2.7179585
AAADDDCDCBDDDCDDABCAABCABDBACDDCAAAACBCABACBCDABCCCBCCCCCBDBCCDBBBCBCBACCACADAACCCBABADCCCAAABBCCBB	['B1A', 'C2A', 'C3A', 'D10B', 'D20A', 'B30D', 'D35A', 'D36A', 'C46D', 'A50C', 'A61C', 'A63D', 'B88C']	13	-3.5282822	-5.580647	-6.246663	-2.718381
BCCDDDCDCDDDDCDDABCDABCABDBACBDCAACCBBCABACBCCABCACBCDCCCBDBADDBBBCBCBBCCACACAACCABABADBCBAABBBCCBB	['D35C', 'D36C', 'C37B', 'C54D', 'C62D', 'A63D', 'A71B', 'D77C', 'C82A', 'C90B', 'A93B']	11	-0.064695835	-0.24303007	-2.7838402	-2.7191443
AAADDBCDCBDDBCDDABCCABCABDBACBDCDACACBCABACBCDABCACBCDDCCBDBADDBBBCBCBCBCACADAACCCBBBADCCBACBBCCCBB	['B1A', 'C2A', 'C3A', 'D6B', 'D10B', 'D13B', 'D20C', 'A33D', 'D35C', 'D36A', 'C46D', 'C54D', 'C55D', 'C62D', 'A63D', 'A71C', 'C72B', 'A84B', 'B88C', 'C90B', 'A92C', 'A93B', 'B95C']	23	0.47807884	-2.719524	-2.2414417	-2.7195206
AAADDDCDCDDDBCDDABCDABCABDBACBDCAADDCBCABACBCCABCACBCCCCCBDCACDBBBCBCBCCCACADAACCCBBBADBCBAAABBCCBB	['B1A', 'C2A', 'C3A', 'D13B', 'B60C', 'A63D', 'A71C', 'A84B', 'C90B']	9	-2.304131	-5.5830646	-5.024928	-2.720797
BCCDDDCDCDDDDCCDABCDABCABDBACDDCAACACBCABACBCCABCACBCCCCCBDBACDBBBCBCBACCACADAACCCBABADCCCAAABBCCBB	['D15C', 'B30D', 'D35C', 'D36A', 'A63D', 'B88C']	6	-4.5279284	-5.585891	-7.2515497	-2.7236214
BCCDDDCDCDDDDCDDABCDABCABDBACDDCAACAABCABACBCCABCACBBCCCCBDBACDBBACBCBCCCADADAACCCBABADCCCAAABBCCBB	['B30D', 'D35C', 'D36A', 'C37A', 'C53B', 'A63D', 'B66A', 'A71C', 'C75D', 'B88C']	10	-3.3973427	-5.5865235	-6.121599	-2.7242565
BCCDDDCDCCDDBCCDABCAABCABDBACBDCAADDCBCABACBCDBBCACBCDDCCBDBADDBBBBBCBABAACACAACCCBBBADBCBAABBBCCBB	['D10C', 'D13B', 'D15C', 'D20A', 'C46D', 'A47B', 'C54D', 'C55D', 'C62D', 'A63D', 'C67B', 'C72B', 'C73A', 'D77C', 'A84B', 'C90B', 'A93B']	17	-2.32896	-2.7251453	-5.054104	-2.725144
AAADDDCDCBADBCCDABCAABCABDBACDDCAADACBCACACBCCABCACBCCCCCBDBADDDBBBBCBBCCACACAACCCBABADCCCAAABBCCBB	['B1A', 'C2A', 'C3A', 'D10B', 'D11A', 'D13B', 'D15C', 'D20A', 'B30D', 'D36A', 'B41C', 'C62D', 'A63D', 'B64D', 'C67B', 'A71B', 'D77C', 'B88C']	18	-1.2866335	-5.5875454	-4.011918	-2.7252846
AAADDDCDCDDDBDCDABCCABCABDBACDDCAACACBCACACBCCABCACBCCCCCBDBACDBBBCBCBACCACADAACCCBABADCCCAAABBCCBB	['B1A', 'C2A', 'C3A', 'D13B', 'C14D', 'D15C', 'D20C', 'B30D', 'D35C', 'D36A', 'B41C', 'A63D', 'B88C']	13	-3.2133718	-5.5877714	-5.9388857	-2.725514
AAADDDCDCBDDDCDDABCDABCABDBACDDCAACAABCACACBCCABCACBCDCCCBDBADDBBBCBCBCCCACADAACCCBABADCCBAABBBCCBB	['B1A', 'C2A', 'C3A', 'D10B', 'B30D', 'D35C', 'D36A', 'C37A', 'B41C', 'C54D', 'C62D', 'A63D', 'A71C', 'B88C', 'C90B', 'A93B']	16	-1.4754925	-2.7276607	-4.20315	-2.7276573
BCCDDDCDCCDDBCDDADCAADCABDBACBDCAADDCBCABACBCDABCACBCCCCCBDBACDBBBCBCBBBBACADAACCCBBCADBCBAAABBCCBB	['D10C', 'D13B', 'B18D', 'D20A', 'B22D', 'C46D', 'A63D', 'A71B', 'C72B', 'C73B', 'A84B', 'B85C', 'C90B']	13	-2.1350322	-5.592285	-4.8650513	-2.730019
AAADDDCDCBDDDCDDABCDABCDBDBACBDCBADDCBCABACBCDABCACBCDCCCBDBACDBBBCBCBDACACADABCCABBBADBCCCABBBCCBB	['B1A', 'C2A', 'C3A', 'D10B', 'A24D', 'A33B', 'C46D', 'C54D', 'A63D', 'A71D', 'C72A', 'A79B', 'C82A', 'A84B', 'A91C', 'A93B']	16	6.7010975	-0.25424194	3.9707384	-2.730359
AAADDDCDCBDDBCDDABCDABCABDBACDDDBADDCBCABACBCDBBCACBBBCCCBDBADBBBBCBCBACCCCACABCCCBBBADCDBAAABBCCBB	['B1A', 'C2A', 'C3A', 'D10B', 'D13B', 'B30D', 'C32D', 'A33B', 'C46D', 'A47B', 'C53B', 'C54B', 'C62D', 'A63B', 'A74C', 'D77C', 'A79B', 'A84B', 'B88C', 'C89D', 'C90B']	21	-2.0859113	-4.763274	-4.8241987	-2.7382874
BCCDDDCDCDDDDCDDABCDABCABDBACDDCAADDCBCABACBCCABCACBCCCCCBDBACDBBBCBCBACCACADAACCCBABADCCCAABBBCCBB	['B30D', 'A63D', 'B88C', 'A93B']	4	-5.321558	-5.600702	-8.059989	-2.738431
AAADDDCDCCDDBCDDABCDABCABDBACBDDBADDCBCABACBCDBBCACBCBDCCBDBADDBBBBBCBCADACACABCCCBBBADBCBAABBACCBC	['B1A', 'C2A', 'C3A', 'D10C', 'D13B', 'C32D', 'A33B', 'C46D', 'A47B', 'C54B', 'C55D', 'C62D', 'A63D', 'C67B', 'A71C', 'C72A', 'C73D', 'D77C', 'A79B', 'A84B', 'C90B', 'A93B', 'B95A', 'B99C']	24	0.14991426	-4.765768	-2.5908651	-2.7407794
BCCDDDCDCBDDDCDDABCDABCABDBACBDCAACCABCABACBCCABCACBCCCCCBDBADBCBBCBCBACCCCADAACCCBBBADBCBAABBBCCBB	['D10B', 'D35C', 'D36C', 'C37A', 'C62D', 'A63B', 'B64C', 'A74C', 'A84B', 'C90B', 'A93B']	11	-1.5339565	-5.6088734	-4.2805643	-2.7466078
BCCDDDCDCBDDBCDDABCAABCABDBACBDCBADACBCABACBCDABCACBCDCCCBDBACDBBBCBCBACDACADAACCCBBBADBCBAABBCCCBB	['D10B', 'D13B', 'D20A', 'A33B', 'D36A', 'C46D', 'C54D', 'A63D', 'C73D', 'A84B', 'C90B', 'A93B', 'B95C']	13	0.54244184	-2.750822	-2.208377	-2.7508187
BCCDDDCDCDDDDCDDABCCABCABDBACBDCAADCBBCABACBCCABCACBCCCCCBDBACACBBCBCBACCACADAACCBBABADBCCAAABBCCBB	['D20C', 'D36C', 'C37B', 'B64C', 'C82B']	5	-0.6186347	-2.7511292	-3.3697605	-2.7511258
AAADDDCDCDDDBCCDABCAABCABDBACDDCAACBBBCABACBCCABCACBCCCCDBDBADDBBBCBCBBCCACADAACCCBABADCCCAAABBCCBB	['B1A', 'C2A', 'C3A', 'D13B', 'D15C', 'D20A', 'B30D', 'D35C', 'D36B', 'C37B', 'C57D', 'C62D', 'A63D', 'A71B', 'B88C']	15	-2.590558	-5.61651	-5.344803	-2.7542448
BCCDDDCDCDDDDDDDABCDABCABDBACBDCCADDCBCABACBCCABCACBCCCCCBDBADDBBBCBCBBCBACADAACCBBABADBCBAABBBCCBB	['C14D', 'A33C', 'C62D', 'A63D', 'A71B', 'C73B', 'C82B', 'C90B', 'A93B']	9	0.10685015	-2.7543774	-2.647523	-2.754373
BCCDDDCDCDDDDCCDABCDABCABDBACDDCAACABBCABACBCCABCACBCCCCCBDBACDBBBCBCBACCACADAACCCBABADCCCAABBBCCBB	['D15C', 'B30D', 'D35C', 'D36A', 'C37B', 'A63D', 'B88C', 'A93B']	8	-4.5202575	-5.6170683	-7.275058	-2.7548003
BCCDDDCDCCDDDCDDABCAABCABDBACBDCAAAACBCABACBCDABCACBCCCCCBDBACABBBCBABCCCACCDAACCCBBBADBACAAABBCCBB	['D10C', 'D20A', 'D35A', 'D36A', 'C46D', 'C69A', 'A71C', 'A76C', 'A84B', 'C89A']	10	-1.6041374	-5.6174617	-4.359333	-2.7551956
BCCDDDCDCDDDBCDDABCCABCABDBACDDCAACACBCABACBCCABCACBCCCCDBDBCCDBBBCBCBACCACADAACCCBABADCCCAAABBCCBB	['D13B', 'D20C', 'B30D', 'D35C', 'D36A', 'C57D', 'A61C', 'A63D', 'B88C']	9	-4.5110736	-5.6180634	-7.2668715	-2.7557979
BCCDDDCDCDDDBCDDABCCABCABDBACDDCAACACBCABACBCCABCACBCCCCDBDBCCDBBBCBCBACCACADAACCCBABADCCCAAABBCCBB	['D13B', 'D20C', 'B30D', 'D35C', 'D36A', 'C57D', 'A61C', 'A63D', 'B88C']	9	-4.5110736	-5.6180634	-7.2668715	-2.7557979
BCCDDDCDCDDDBCCDABCDABCABDBACDDCAADDCBCABACBCCABCACBCCCCDBDBACDCBBCBCCBBCACACAACCCBABADCCCAAABBCCBB	['D13B', 'D15C', 'B30D', 'C57D', 'A63D', 'B64C', 'B70C', 'A71B', 'C72B', 'D77C', 'B88C']	11	-5.0183034	-5.629668	-7.7857056	-2.7674022
BCCDDDCDCBCDDCDBABBDABCABDBACBDCBADDCBCACACBCDABCACBCDCCCBDBACDBBBCBCBBCBACADAACCABBBADBABCABBBCCBB	['D10B', 'D11C', 'D16B', 'C19B', 'A33B', 'B41C', 'C46D', 'C54D', 'A63D', 'A71B', 'C73B', 'C82A', 'A84B', 'C89A', 'C90B', 'A91C', 'A93B']	17	6.8553963	-0.29650593	4.082775	-2.7726212
BCCDDDCDCDDDDCDDABCDABCABDBACBDCAADDCBCABACBCDABCACBCCCCCBDBACACBBCBCBACCACADAACCBBABADBCCAAABBCCBB	['C46D', 'B64C', 'C82B']	3	-1.7452569	-2.7737994	-4.5190487	-2.7737918
BCCDDDCDCDDDDCDDABCDABCABDBACBDCAADDABCACACBCCABCACBCCCCCBDBACDBBBCBCBACCACADAACCBBABADBCCAAABBCCBB	['C37A', 'B41C', 'A63D', 'C82B']	4	-1.5807414	-2.7750063	-4.3557415	-2.775
BCCDDDCDCBADDCDDABCDADCABDBACBDCCACACBCABACBCDABCACBCDCCCBDBADDBBBCBCBBBBACADAACCCCBCADBCBAAABBCCBB	['D10B', 'D11A', 'B22D', 'A33C', 'D35C', 'D36A', 'C46D', 'C54D', 'C62D', 'A63D', 'A71B', 'C72B', 'C73B', 'B83C', 'A84B', 'B85C', 'C90B']	17	1.008668	-2.7869568	-1.7782812	-2.7869492
BCCDDDCDCDDDBCDDABCDABCABDBACBDCAACACBCABACBCDABCACBCDCCCBDBADDBBBCBCBBCCCCADAACCBBABADCCCAAABBCCBB	['D13B', 'D35C', 'D36A', 'C46D', 'C54D', 'C62D', 'A63D', 'A71B', 'A74C', 'C82B', 'B88C']	11	0.4506564	0.07377815	-2.3378258	-2.7884822
BCCDDDCDCBDDDCDDABCDABCABDBACDDCBADDCBCABACBCCABCACBCCCCCBDBACDBBBCBCBCDCACADAACCCBBBADCCCAAABBCCBB	['D10B', 'B30D', 'A33B', 'A63D', 'A71C', 'C72D', 'A84B', 'B88C']	8	-1.6548262	-5.6513085	-4.4438715	-2.7890453
BCCDDDCDCADDDCCDABCDABCABDBACBDCAADDCBCABACBCDABCACBCCCCCBDCACDBBBCBCAACCBCADAACCBBBBADBDCAAABBCCBB	['D10A', 'D15C', 'C46D', 'B60C', 'A63D', 'B70A', 'A74B', 'C82B', 'A84B', 'C89D']	10	0.5472517	-2.7938724	-2.2466154	-2.793867
BCCDDDCDCDDDBCDDABCDABCABDBACDDCAACABBCABACBCCABCACBCCCCCBDBACDBBBCBCBACCADADAACCCBABADCCCAAABBCCBB	['D13B', 'B30D', 'D35C', 'D36A', 'C37B', 'A63D', 'C75D', 'B88C']	8	-5.113107	-5.6604643	-7.9113064	-2.7981992
BCCDDDCDCCDDBCDCABBCABCABDBACBDCBADACBCABACBCCABCACBCDCCCBDBBCCCBBCBCBCCCACCDAACCBBBBADBCCCAABBCCBB	['D10C', 'D13B', 'D16C', 'C19B', 'D20C', 'A33B', 'D36A', 'C54D', 'A61B', 'A63C', 'B64C', 'A71C', 'A76C', 'C82B', 'A84B', 'A91C']	16	4.9329576	0.055041313	2.1257362	-2.8072214
BCCDDDCDCDDDBCDDABCDABCABDBACDDCAACDABCABACBCCABCACBCCCCDBDBACDBBBCBCBBDCACACAACCCBABADCCCAAABBCCBB	['D13B', 'B30D', 'D35C', 'C37A', 'C57D', 'A63D', 'A71B', 'C72D', 'D77C', 'B88C']	10	-4.802832	-5.67231	-7.612875	-2.8100429
BCCDDDCDCDDDDCDDABCDABCABDBACBDCADDDCBCACADBCCABCACBCCCCCBDBADDBBBCBCBABCACADAACCBBBBADBCCAAABBCCBB	['A34D', 'B41C', 'C43D', 'C62D', 'A63D', 'C72B', 'C82B', 'A84B']	8	-0.5607753	-2.8148036	-3.3755722	-2.814797
BCCDDDCDCBDDDCDDABAAABCABDBACBDCAADDCBCABACBCDABCACBCBCCCBDBACDBBBCBCBBBCACACAACCBBABADBCBAABBBCCBB	['D10B', 'C19A', 'D20A', 'C46D', 'C54B', 'A63D', 'A71B', 'C72B', 'D77C', 'C82B', 'C90B', 'A93B']	12	1.2164588	-1.9782948	-1.5991077	-2.8155665
BCCDDDCDCDDDDCDDABCDABCABDBACDDCAACABBCABACBCCABCACBCCCCDBDBACDCBBCBCBACCACADAACCCBABADCCCAAABBCCBB	['B30D', 'D35C', 'D36A', 'C37B', 'C57D', 'A63D', 'B64C', 'B88C']	8	-4.4268923	-5.6797223	-7.244343	-2.8174505
AAADDDCDCCDDDCDDABCDABCABDBACBDCAADDCBCABACBCCABCACBCCCCDBDBADDBBBCBCBABAACACAACCCBBBADBCBAABBBCCBB	['B1A', 'C2A', 'C3A', 'D10C', 'C57D', 'C62D', 'A63D', 'C72B', 'C73A', 'D77C', 'A84B', 'C90B', 'A93B']	13	-2.117363	-5.680587	-4.935685	-2.8183222
BCCDDDCDCDDDDCDDABCDABCABDBACDDCAADDABCABACBBCABCACBCCCCCBDBACDBBBCBCBCCCACADAACCABABADBCCAAABDCCBB	['B30D', 'C37A', 'C45B', 'A63D', 'A71C', 'C82A', 'B95D']	7	-2.994123	-3.2052307	-5.813204	-2.8190808
BCCDDDCDCBDDDCDDABCCABCABDBACDDCAACCBBCABACBCCABCACBCCCCCBDBACDBBBCBDBBCCACACAACCCBBBADCCCAAABBCCBB	['D10B', 'D20C', 'B30D', 'D35C', 'D36C', 'C37B', 'A63D', 'C69D', 'A71B', 'D77C', 'A84B', 'B88C']	12	-1.4913683	-5.6931853	-4.3222904	-2.8309221
AAADDDCDCDDDBCDDABCDABBABDBACBDCBACABBCABACBCDABCACBCCCCCCDBADACBBCBCBACCACCDAACCABABADBCBAAABBCCBB	['B1A', 'C2A', 'C3A', 'D13B', 'C23B', 'A33B', 'D35C', 'D36A', 'C37B', 'C46D', 'B58C', 'C62D', 'B64C', 'A76C', 'C82A', 'C90B']	16	2.1094046	-3.2204666	-0.72491455	-2.834319
BCCDDDCDCBCDBDCDABCAABCABDBACBDCAADDCBCABACBCDABCACBCDCCCBDBADDBBBCBCBBBBACADAACCCBBBADBCBAAABBCCBB	['D10B', 'D11C', 'D13B', 'C14D', 'D15C', 'D20A', 'C46D', 'C54D', 'C62D', 'A63D', 'A71B', 'C72B', 'C73B', 'A84B', 'C90B']	15	0.086847305	-2.8370047	-2.7501535	-2.8370008
BCCDDDCDCDDDDCDDABCDABCABDBACDDCAADDCBCACACBCCABCACBCCCCCBDBADDBBBCBCBACCACACAACCCBABADCCCAABBBCCBB	['B30D', 'B41C', 'C62D', 'A63D', 'D77C', 'B88C', 'A93B']	7	-5.2833257	-5.701458	-8.122511	-2.8391852
BCCDDDCDCDDDBCDDABCDABCABDBACDDCAACACBCACACBCCABCACBCCCCCBDBADDBBBCBCBCCCACADAACCCBABADCCCAAABBCCBB	['D13B', 'B30D', 'D35C', 'D36A', 'B41C', 'C62D', 'A63D', 'A71C', 'B88C']	9	-3.9879017	-5.7057924	-6.8314266	-2.843525
BCCDDDCDCDDDDCDDABCDABCABDBACBDCAADDCBCABACBCCABCACBCCCCCBDBACDBBBCBCBACCACADAACCBBABADBCCAAABBCCBB	['A63D', 'C82B']	2	-1.5445962	-2.8465204	-4.3911076	-2.8465114
BCCDDDCDCDDDDCDDABCDABCABDBACBDCAADDCBCABACBCCABCACBCCCCCBDBACDBBBCBCBACCACADAACCBBABADBCCAAABBCCBB	['A63D', 'C82B']	2	-1.5445962	-2.8465204	-4.3911076	-2.8465114
BCCDDDCDCCDDBCDDABCAABCABDBACBDCAACACBCABACBCCABCACBCDCCCBDBACDBBACBCBBCCACADAACCABABADBCCAAABBCCBB	['D10C', 'D13B', 'D20A', 'D35C', 'D36A', 'C54D', 'A63D', 'B66A', 'A71B', 'C82A']	10	1.1398897	-0.3712573	-1.7074881	-2.8473778
BCCDDDCDCCDDBCDDABCAABCABDBACBDCAACACBCABACBCCABCACBCDCCCBDBACDBBACBCBBCCACADAACCABABADBCCAAABBCCBB	['D10C', 'D13B', 'D20A', 'D35C', 'D36A', 'C54D', 'A63D', 'B66A', 'A71B', 'C82A']	10	1.1398897	-0.3712573	-1.7074881	-2.8473778
BCCDDDCDCCDDDCDDABCAABCABDBACBDCAADDCBCABACBCCABCACBCCCCCBDBACACBBCBCBACCCCACAACCCBBCADBCBAAABBCCBB	['D10C', 'D20A', 'B64C', 'A74C', 'D77C', 'A84B', 'B85C', 'C90B']	8	-2.7256274	-5.7103634	-5.5737257	-2.8480983
BCCDDDBDCDDDDCDDABCDABCABDBACBDCAACDCBCABACBCDABCACBCCCCCBDBACDBBBCBCBACCACACAACCCBBBADBCBAAABBCCBB	['C7B', 'D35C', 'C46D', 'A63D', 'D77C', 'A84B', 'C90B']	7	-4.052107	-5.7132845	-6.903125	-2.851018
BCCDDDCDCDDDBCCDABBDABCABDBACDDCAADDCBCACACBCCABCACBCCCCCBDBACACBBCBCBACCACADAACCCBABADCCCAAABBCCBB	['D13B', 'D15C', 'C19B', 'B30D', 'B41C', 'B64C', 'B88C']	7	-5.4658823	-5.71337	-8.316985	-2.8511028
BCCDDDCDCADDBCCDABBAABCABDBACBDCAADDCBCABACBCDABCACBCDCCCBDBADDBBBCBCBCCBACADAACCABABADBCBAAABBCCBB	['D10A', 'D13B', 'D15C', 'C19B', 'D20A', 'C46D', 'C54D', 'C62D', 'A63D', 'A71C', 'C73B', 'C82A', 'C90B']	13	-0.27548265	-0.37590265	-3.1274986	-2.852016
BCCDDDCDCBDDDCDDABCAABCABDBACBDCAADDABCABACBCDABCACBCDDCDBDBACDBBBBBCBBBDACACAACCCBBCADBCBAABBBCCBB	['D10B', 'D20A', 'C37A', 'C46D', 'C54D', 'C55D', 'C57D', 'A63D', 'C67B', 'A71B', 'C72B', 'C73D', 'D77C', 'A84B', 'B85C', 'C90B', 'A93B']	17	-0.1342802	-2.855258	-2.9895315	-2.8552513
BCCDDDCDCDDDDCCDABCDABCABDBACBDCAACDBBCABACBCCABCACBCCCCCBDBACDBBBCBCBACCACADAACCBBABADBCCAAABBCCBB	['D15C', 'D35C', 'C37B', 'A63D', 'C82B']	5	-1.2074165	-2.8595014	-4.0669127	-2.859496
BCCDDDCDCAADBCCDCDCAABCABDBACBDCCABABBCABACBCDBBCACBCDDCDBDCADDBBBCBCBBABACADAACCCBBCADBABAABBBCCBB	['D10A', 'D11A', 'D13B', 'D15C', 'A17C', 'B18D', 'D20A', 'A33C', 'D35B', 'D36A', 'C37B', 'C46D', 'A47B', 'C54D', 'C55D', 'C57D', 'B60C', 'C62D', 'A63D', 'A71B', 'C72A', 'C73B', 'A84B', 'B85C', 'C89A', 'C90B', 'A93B']	27	1.2137413	-2.861816	-1.6480713	-2.8618126
BCCDDDCDCDDDDCDDABCDABCABDBACDDCAADDABCABACBCCABCACBCCCCCBDBADDBBBCBCBCCCACACAACCCBABADCCCAABBBCCBB	['B30D', 'C37A', 'C62D', 'A63D', 'A71C', 'D77C', 'B88C', 'A93B']	8	-5.0770717	-5.7261434	-7.9409437	-2.863872
BCCDDDCDCDDDBDDDABCDABCABDBACDDCAACDBBCABACBCCABCACBCCCCCBDBACDBBBCBBBBCCACACAACCCBABADCCCAAABBCCBB	['D13B', 'C14D', 'B30D', 'D35C', 'C37B', 'A63D', 'C69B', 'A71B', 'D77C', 'B88C']	10	-4.670032	-5.7313476	-7.539115	-2.869083
BCCDDDCDCADDBCDDABCDABCABDBACDDCAADDABCABACBCCABCACBCCCCCBDBACDCBBCBCBACCACACAACCCBABADCCCAAABBCCBB	['D10A', 'D13B', 'B30D', 'C37A', 'A63D', 'B64C', 'D77C', 'B88C']	8	-5.078269	-5.7336516	-7.9496536	-2.8713846
BCCDDDCDCDDDDCDDAACDABCABDBACDDCAADDCBCACACBCCABCACBCCCCCBDBACDBBBCBCBACCACACAACCCBABADCCCAABBBCCBB	['B18A', 'B30D', 'B41C', 'A63D', 'D77C', 'B88C', 'A93B']	7	-5.123701	-5.733869	-7.9952984	-2.8715973
BCCDDDCDCDDDDCDDABCDABCABDBACDDCAACAABCABACBCCABCACBCCCCCBDBADDBBBCBCBACCACADAACCCBABADCCCAAABBCCBB	['B30D', 'D35C', 'D36A', 'C37A', 'C62D', 'A63D', 'B88C']	7	-4.6560783	-5.7341914	-7.528001	-2.8719225
BCCDDDCDCCCDDCCDABCAABCABDBACBDCAACACBCABACBCDABCACBCDCCCBDBADDBBBCBCBBCDACADAACCCBBCADBCBAAABBCCBB	['D10C', 'D11C', 'D15C', 'D20A', 'D35C', 'D36A', 'C46D', 'C54D', 'C62D', 'A63D', 'A71B', 'C73D', 'A84B', 'B85C', 'C90B']	15	1.8389382	-2.8725276	-1.0335855	-2.8725238
BCCDDDCDCBDDBCDDABCDABCABDBACDDCAACAABCABACBCCABCACBCDCCCBDBADDBBBCBCBCCCACADAACCCBABADCCCAABBBCCBB	['D10B', 'D13B', 'B30D', 'D35C', 'D36A', 'C37A', 'C54D', 'C62D', 'A63D', 'A71C', 'B88C', 'A93B']	12	-2.7459502	-2.873465	-5.6194077	-2.8734574
BCCDDDCDCDDDDCDDABCDABCABDBACDDCAACCABCABACBCCABCACBCCCCCBDBACDBBBCBCBBDCACACAACCCBABADCCCAABBBCCBB	['B30D', 'D35C', 'D36C', 'C37A', 'A63D', 'A71B', 'C72D', 'D77C', 'B88C', 'A93B']	10	-4.241519	-5.7360883	-7.11534	-2.8738213
BCCDDDCDCCDDDCDDABCDABCABDBACBDCAADDCBCABACBCDABCACBCCCCCBDBACDBBBCBCBBCDACACABCCCBBBADBCBAABBBCCBB	['D10C', 'C46D', 'A63D', 'A71B', 'C73D', 'D77C', 'A79B', 'A84B', 'C90B', 'A93B']	10	-0.92285776	-5.737644	-3.798236	-2.8753781
AAADDDCDCDDBDCDDABCDABCABDBACDDCAADDCBCABACBCDABCACBCCCCCBDBACDBBBCBCBACCACACAACCCBABADBCCACBBBCCBB	['B1A', 'C2A', 'C3A', 'D12B', 'B30D', 'C46D', 'A63D', 'D77C', 'A92C', 'A93B']	10	-5.6875925	-5.738694	-8.56402	-2.8764277
AAADDDCDCADDDCDDABCCABCABDBACBDCAADACBCACACBCDABCACBCCCCCBDBACDBBBCBCBACCACADAACCABBBADBCCAABBBCCBB	['B1A', 'C2A', 'C3A', 'D10A', 'D20C', 'D36A', 'B41C', 'C46D', 'A63D', 'C82A', 'A84B', 'A93B']	12	1.1507001	-3.2627797	-1.725934	-2.8766341
BCCDDDCDCCDDDCDDABCDABCABDBACBDCAADDCBCABACBCDABCACBCCCCCBDCCDDCBACBCBACDACADAACCCBBBADBCBAABBBCCBB	['D10C', 'C46D', 'B60C', 'A61C', 'C62D', 'A63D', 'B64C', 'B66A', 'C73D', 'A84B', 'C90B', 'A93B']	12	-1.2287979	-5.741017	-4.1075506	-2.8787527
BCCDDDCDCDDDBCCDAABDABCABDBACDDCBADDCBCABACBCCABCACBCCCCCBDCACDBBBCBCBACCACACAACCCBABADCCBAABBBCCBB	['D13B', 'D15C', 'B18A', 'C19B', 'B30D', 'A33B', 'B60C', 'A63D', 'D77C', 'B88C', 'C90B', 'A93B']	12	-3.3369765	-5.742236	-6.2169447	-2.8799682
BCCDDDCDCADDDCCDABCCABCABDBACBDCAACACBCABACBCCABCACBCCCCCBDBACDBBBCBCBBCCACADAACCBBBBADBCBAAABBCCBB	['D10A', 'D15C', 'D20C', 'D35C', 'D36A', 'A63D', 'A71B', 'C82B', 'A84B', 'C90B']	10	2.289434	-2.8804226	-0.5909815	-2.8804154
BCCDDDCDCBDBBCDDABCDABCABDBACBDCAADDBBCABACBBCABCACBCCCCCBDBACACBBCBCBACCACACAACCBBABADBCCAAABBCCBB	['D10B', 'D12B', 'D13B', 'C37B', 'C45B', 'B64C', 'D77C', 'C82B']	8	-1.3482289	-2.8809633	-4.229189	-2.88096
AAADDDCDCBACDACBABBAABCABDBACBDCAADACBCABACBCDBBCACBCDCCCBDBACDCBBCBCBBDDACADAACCCBBCADBCBDABBBCCBB	['B1A', 'C2A', 'C3A', 'D10B', 'D11A', 'D12C', 'C14A', 'D15C', 'D16B', 'C19B', 'D20A', 'D36A', 'C46D', 'A47B', 'C54D', 'A63D', 'B64C', 'A71B', 'C72D', 'C73D', 'A84B', 'B85C', 'C90B', 'A91D', 'A93B']	25	2.587902	-2.890213	-0.30231094	-2.890213
BCCDDDCDCDDDDCDDABCDABCABDBACDDCAACACBCABACBCCABCACBCCCCCBDBACDBBBCBCBACCADADAACCCBABADCCCAABBBCCBB	['B30D', 'D35C', 'D36A', 'A63D', 'C75D', 'B88C', 'A93B']	7	-5.080571	-5.7546515	-7.972954	-2.8923826
BCCDDDCDCBDDDCDDABDCABCABDBACBDCAACACBCABACBCDABCACBCDCCCBDBADDBBCCBCBBCDACAAAACCCBBBADBCBAABBBCCBB	['D10B', 'C19D', 'D20C', 'D35C', 'D36A', 'C46D', 'C54D', 'C62D', 'A63D', 'B66C', 'A71B', 'C73D', 'D77A', 'A84B', 'C90B', 'A93B']	16	1.9608669	-2.897531	-0.93666077	-2.8975277
BCCDDDCDCDDDBDDDABCDABCABDBACBDCBACBBBCABACBCCABCACBCCCCCBDCACABBBCBCBACCACADAACCABABADBCCAAABBCCBB	['D13B', 'C14D', 'A33B', 'D35C', 'D36B', 'C37B', 'B60C', 'C82A']	8	-0.13576269	-3.28714	-3.0367584	-2.9009957
AAADDDCDCBDDBCCDABCAABCABDBACBDCADDDCBCABACBCDABCAABCBCCCBDBACDCBBCBCBBCDACACAACCCBBBADBABAABBBCCBB	['B1A', 'C2A', 'C3A', 'D10B', 'D13B', 'D15C', 'D20A', 'A34D', 'C46D', 'C51A', 'C54B', 'A63D', 'B64C', 'A71B', 'C73D', 'D77C', 'A84B', 'C89A', 'C90B', 'A93B']	20	-0.17438745	-4.929623	-3.0790272	-2.9046397
BCCDDDCDCBDDDCDDABCDABCABDBACDDCAACACBCACACBCCABCACBCCCCCBDBACDBBBCBCBACCACACAACCCBABADCCCAABBBCCBB	['D10B', 'B30D', 'D35C', 'D36A', 'B41C', 'A63D', 'D77C', 'B88C', 'A93B']	9	-3.1972995	-5.769203	-6.10423	-2.9069304
BCCDDDCDCDDDDCDDABCDABCABDBACBDCAADDCBCABACBCDABCACBCCCCCBDBACDBBBCBCBACCACACAACCABABADBCBAABBBCCBB	['C46D', 'A63D', 'D77C', 'C82A', 'C90B', 'A93B']	6	-1.8229885	-3.2932172	-4.730054	-2.9070654
AAADDDCDCCDDDCDDABCAABCABDBACBDCAABABBCABACBCDBBCACBCDCCCCDBADCBBBCBCBAACACACAACCABACADBDCAAABBCCBB	['B1A', 'C2A', 'C3A', 'D10C', 'D20A', 'D35B', 'D36A', 'C37B', 'C46D', 'A47B', 'C54D', 'B58C', 'C62D', 'A63C', 'C72A', 'D77C', 'C82A', 'B85C', 'C89D']	19	1.5187583	-0.4327984	-1.3901615	-2.9089198
BCCDDDCDCDDDDCDDABCDABCABDBACDDCAACACBCABACBCCABCACBCCCCCBDBACDBBBCBCBACCACADAACCCBABADCCCAAABBCCBB	['B30D', 'D35C', 'D36A', 'A63D', 'B88C']	5	-4.6382537	-5.771436	-7.5474215	-2.9091678
BCCDDDCDCDDDDCDDABCDABCABDBACBDCAADDCBCABACBCCABCACBCCCCCBDBADDBBBCBCBACCACADAACCABABADBCBAABBBCCBB	['C62D', 'A63D', 'C82A', 'C90B', 'A93B']	5	-1.5336866	-3.2960324	-4.4435673	-2.9098806
BCCDDDCDCCDDBCCDCBCAABCABDBACBDCBACACBCACACBCDABCACBCDCCDCDCBCDBBBCBCBBCCACADAACCBBBBADBCBAABBBCCBB	['D10C', 'D13B', 'D15C', 'A17C', 'D20A', 'A33B', 'D35C', 'D36A', 'B41C', 'C46D', 'C54D', 'C57D', 'B58C', 'B60C', 'A61B', 'A63D', 'A71B', 'C82B', 'A84B', 'C90B', 'A93B']	21	4.5417557	-0.049231052	1.6302662	-2.9114895
BCCDDDCDCBDDDCDDABCDABCABDBACBDCAACCCBCACACBCCABCACBCDCCCBDCCDDCBBCBCBACCACADAACCBBABADBCCAAABBCCBB	['D10B', 'D35C', 'D36C', 'B41C', 'C54D', 'B60C', 'A61C', 'C62D', 'A63D', 'B64C', 'C82B']	11	1.1441922	-0.05198574	-1.7700558	-2.914248
BCCDDDCDCDDDDCDDABBDABCABDBACDDCAADDCBCABACBCCABCACBCCCCCBDBACDBBBCBCBADCACACAACCCBABADCCCAABBBCCBB	['C19B', 'B30D', 'A63D', 'C72D', 'D77C', 'B88C', 'A93B']	7	-5.6665764	-5.7771626	-8.581467	-2.9148903
AAADDDCDCCDDBCDDABCDABCABDBACBDCBADDBBCABACBCDABCACBCACCCBDBACDBBACBCBBCCACADAACCBBBBADBCBADABBCCBB	['B1A', 'C2A', 'C3A', 'D10C', 'D13B', 'A33B', 'C37B', 'C46D', 'C54A', 'A63D', 'B66A', 'A71B', 'C82B', 'A84B', 'C90B', 'A92D']	16	3.7261178	0.029246807	0.8097763	-2.9163415
BCCDDDCDCBDDDCDDABCCABCABDBACBDCAADACBCACACBCDABCACBCCCCCBDBADDCBBCBCBACDACADAACCCABBADBCBAABBBCCBB	['D10B', 'D20C', 'D36A', 'B41C', 'C46D', 'C62D', 'A63D', 'B64C', 'C73D', 'B83A', 'A84B', 'C90B', 'A93B']	13	0.1844821	-5.784428	-2.7376795	-2.9221616
BCCDDDCDCDDDBCCDABCDABCABDBACDDCAADDABCABACBCCABCACBCCCCDBDBACDBBBCBCBACCACADAACCCBABADCCCAAABBCCBB	['D13B', 'D15C', 'B30D', 'C37A', 'C57D', 'A63D', 'B88C']	7	-5.4793453	-5.785779	-8.402855	-2.9235096
BCCDDDCDCCDCDCDDABCCABCABDBACBDCAACAABCACACBCDABCACBCDCCCBDBACDBBCCBCBBCCACADAACCABBBADBCBACBBCCCBB	['D10C', 'D12C', 'D20C', 'D35C', 'D36A', 'C37A', 'B41C', 'C46D', 'C54D', 'A63D', 'B66C', 'A71B', 'C82A', 'A84B', 'C90B', 'A92C', 'A93B', 'B95C']	18	3.5898805	-0.45376158	0.6600046	-2.9298759
BCCDDDCDCCDDDCDDABCCABCABDBACBDCAACACBCACACBCDABCACBCDCCCBDBADDCBBCBCBCCCACADAACCBBBBADBCBAABBBCCBB	['D10C', 'D20C', 'D35C', 'D36A', 'B41C', 'C46D', 'C54D', 'C62D', 'A63D', 'B64C', 'A71C', 'C82B', 'A84B', 'C90B', 'A93B']	15	2.4814134	-0.0677433	-0.44858932	-2.9300027
BCCDDDCDCDDDDCDDABCDABCABDBACDDCAADDCBCABACBCCABCACBCCCCCBDBACDDBBCBCBCCCACACAACCCBABADCCCAAABBCCBB	['B30D', 'A63D', 'B64D', 'A71C', 'D77C', 'B88C']	6	-5.7262473	-5.7926307	-8.656607	-2.9303594
BCCDDDCDCDDDDCDDABCDABCABDBACDDCAADDCBCACACBCCABCACBCCCCDBDBADDBBBCBCBACCACACAACCCBABADCCCAABBBCCBB	['B30D', 'B41C', 'C57D', 'C62D', 'A63D', 'D77C', 'B88C', 'A93B']	8	-5.2611713	-5.793822	-8.192719	-2.931548
BCCDDDCDCDDDDCDDABCDABCABDBACBDCAADDCBCABACBCCABCACBCCCCCBDBACACBBCBCBACCACADAACCABABADBCCAAABBCCBB	['B64C', 'C82A']	2	-2.2693381	-3.3193474	-5.202531	-2.9331927
BCCDDDCDCDDDDCDDABCDABCABDBACBDCAADDCBCABACBCCABCACBCCCCCBDBACDCBBCBCBACCACADAACCBBABADBCCAAABBCCBB	['A63D', 'B64C', 'C82B']	3	-1.4340291	-2.936232	-4.3702507	-2.9362216
BCCDDDCDCDDDDCCDBBCAABCABDBACDDCAACACBCABACBBCABCACBCCCCDBDCBCDBBBCBCBACCACADAACCCBABADCCCAAABBCCBB	['D15C', 'A17B', 'D20A', 'B30D', 'D35C', 'D36A', 'C45B', 'C57D', 'B60C', 'A61B', 'A63D', 'B88C']	12	-3.905387	-5.80354	-6.846657	-2.9412699
BCCDDDCDCDDDDCCDABCDABCABDBACDDCAACAABCABACBCCABCACBCCCCCBDBACABBBCBCBCCCADADAACCCBABADCCCAABBBCCBB	['D15C', 'B30D', 'D35C', 'D36A', 'C37A', 'A71C', 'C75D', 'B88C', 'A93B']	9	-5.0702143	-5.806737	-8.014685	-2.9444704
BCCDDDCDCCDDBCDDABCBABCABDBACBDCAADACBCABACBCCABCACBCDCCCBDCDDCCBACBCBACCACADAACCABABADBCCAAABBCCBB	['D10C', 'D13B', 'D20B', 'D36A', 'C54D', 'B60C', 'A61D', 'C62D', 'A63C', 'B64C', 'B66A', 'C82A']	12	0.52629995	-0.47382784	-2.423646	-2.949946
BCCDDDCDCDDADCCDABBDABCABDBACBDCAADDCBCACACBCCABCACBCCCCCBDBACDBBBCBCBACCACACAACCABABADBCCAABBBCCBB	['D12A', 'D15C', 'C19B', 'B41C', 'A63D', 'D77C', 'C82A', 'A93B']	8	-2.4410515	-3.3545637	-5.4094706	-2.968419
BCCDDDCDCDDDDCCDABCDABCABDBACBDCAADDCBCABABBCCABCACBCCCCCBDBCDDBBBCBCBADCACADAACCBBABADBCCAABBBCCBB	['D15C', 'C43B', 'A61C', 'C62D', 'A63D', 'C72D', 'C82B', 'A93B']	8	-2.3911114	-2.9689283	-5.360034	-2.9689226
BCCDDDCDCDDDBCDDABCDABCABDBACDDCAACACBAABACBCCABCACBCCCCDBDBACDBBBCBCBACCACADAACCCBABADBCCAAABBCCBB	['D13B', 'B30D', 'D35C', 'D36A', 'C39A', 'C57D', 'A63D']	7	-5.178771	-5.831692	-8.148197	-2.9694262
BCCDDDCDCCDDDCDDABCDABCABDBACBDCAADDCBCABACBCCABCACBCCCCCBDBADDBBBBBCBADAACACAACCCBBCADBCBAABBBCCBA	['D10C', 'C62D', 'A63D', 'C67B', 'C72D', 'C73A', 'D77C', 'A84B', 'B85C', 'C90B', 'A93B', 'B99A']	12	-2.2523217	-5.8317633	-5.221821	-2.969499
AAADDDCDCBADDCCDABCAABCABDBACBDCAADACBCABACBCDBBCACBCBCCCBDCADDBBBCBCBDCBACCDAACCCBBBADBABAABBBCCBB	['B1A', 'C2A', 'C3A', 'D10B', 'D11A', 'D15C', 'D20A', 'D36A', 'C46D', 'A47B', 'C54B', 'B60C', 'C62D', 'A63D', 'A71D', 'C73B', 'A76C', 'A84B', 'C89A', 'C90B', 'A93B']	21	2.1246638	-4.99508	-0.8454304	-2.9700942
BCCDDDCDCDDDBDDDAACDABCABDBACDDCAADDCBCABACBCCABCACBCCCCCBDBADCABBCBCBBCCACACAACCCBABADCCCAABBBCCBB	['D13B', 'C14D', 'B18A', 'B30D', 'C62D', 'A63C', 'B64A', 'A71B', 'D77C', 'B88C', 'A93B']	11	-4.9352226	-5.8456974	-7.9186497	-2.983427
BCDDDDCDCBDDDCDDABCDABCABDBACBDCAADDCBCACACBCCABCACBCDCCCBDCADDBBBCBCBACCACACAACCBBABADBCCAABBBCCBB	['C3D', 'D10B', 'B41C', 'C54D', 'B60C', 'C62D', 'A63D', 'D77C', 'C82B', 'A93B']	10	1.1323829	-0.12159872	-1.8514767	-2.9838595
AAADDDCDCBDDDCCDABCAABCABDBACBDCAACACBCABACBCDABCACBCCCCCBDBADDBBBCBCBACBACADAACCCBBBADBCBAAABBCCBB	['B1A', 'C2A', 'C3A', 'D10B', 'D15C', 'D20A', 'D35C', 'D36A', 'C46D', 'C62D', 'A63D', 'C73B', 'A84B', 'C90B']	14	-0.5867734	-5.8511214	-3.575633	-2.9888597
AAADDDCDCCDDDCDDABCDABCABDBACBDCAADDCBCABACBCDABCACBCCCCCBDBADDBBBCBCCBCDACADABCCCBBBADBCBAABBBCCBB	['B1A', 'C2A', 'C3A', 'D10C', 'C46D', 'C62D', 'A63D', 'B70C', 'A71B', 'C73D', 'A79B', 'A84B', 'C90B', 'A93B']	14	-0.15756226	-5.8567066	-3.1520014	-2.9944391
BCCDDDCDCBADBCDDADCAABCABDBACBDCAADABBCABACBCDABCACBCDCCCBDBADDBBBCBCBBBBACADAACCBBABADBCBAAABBCCBB	['D10B', 'D11A', 'D13B', 'B18D', 'D20A', 'D36A', 'C37B', 'C46D', 'C54D', 'C62D', 'A63D', 'A71B', 'C72B', 'C73B', 'C82B', 'C90B']	16	2.1344748	-0.13591576	-0.8637018	-2.9981766
BCCDDDCDCDDDDCDDABCDABCABDBACDDCAACAABCABACBDCABCACBCCCCCBDBACDCBBCBCBACCACADAACCCBACADBCCAAABBCCBB	['B30D', 'D35C', 'D36A', 'C37A', 'C45D', 'A63D', 'B64C', 'B85C']	8	-5.143693	-5.8609624	-8.142391	-2.9986982
BCCDDDCDCDDDDCDDABCDABCABDBACDDCAACACBCABACBCCABCACBCCCCCBDBACDCBBCBCBACCACADAACCCBABADCCCAAABBCCBB	['B30D', 'D35C', 'D36A', 'A63D', 'B64C', 'B88C']	6	-4.5276856	-5.8611484	-7.5265636	-2.998878
BCCDDDCDCDDDDCDDABCDABCABDBACDDCAACACBCABACBCCABCACBCCCCCBDBACDCBBCBCBACCACADAACCCBABADCCCAAABBCCBB	['B30D', 'D35C', 'D36A', 'A63D', 'B64C', 'B88C']	6	-4.5276856	-5.8611484	-7.5265636	-2.998878
BCCDDDCDCDDDDCDDABCDABCABDBACDDCDACACBCACACBCCABCACBCCCCCBDBACDCBBCBCBACCADADAACCCBABADCCCAAABBCCBB	['B30D', 'A33D', 'D35C', 'D36A', 'B41C', 'A63D', 'B64C', 'C75D', 'B88C']	9	-4.681132	-5.861166	-7.68003	-2.998898
AAADDDCDCBDDBCDDABDAABCABDBACBDCBADDCBCABACBCDABCACBCCCCDBDBACDBBBCBCBCCCACACAACCCBBBADDCCAAABBCCBB	['B1A', 'C2A', 'C3A', 'D10B', 'D13B', 'C19D', 'D20A', 'A33B', 'C46D', 'C57D', 'A63D', 'A71C', 'D77C', 'A84B', 'B88D']	15	-1.3322959	-5.863058	-4.333087	-3.000791
BCCDDDCDCDDDDDDDABADABCABDBACBDCAACDABCABACBCCABCACBCCCCCBDBACDBBBCBCBCCCACADAACCABABADBCCAAABBCCBB	['C14D', 'C19A', 'D35C', 'C37A', 'A63D', 'A71C', 'C82A']	7	-1.2431664	-3.3883944	-4.245409	-3.0022426
BCCDDDCDCDDDBCDDABCDABCABDBACDDCAACAABCABACBCCABCACBCCCCDBDBADDBBBCBCBBCCACACAACCCBABADCCBAAABBCCBB	['D13B', 'B30D', 'D35C', 'D36A', 'C37A', 'C57D', 'C62D', 'A63D', 'A71B', 'D77C', 'B88C', 'C90B']	12	-3.7394667	-5.866564	-6.743763	-3.0042963
AAADDDCDCBDDBCCDABCAABCABDBACBDCAACACBCABACBCDABCACBCDCCCBDBACABBBCBCBADCACADAACCCBBBADBBBAAABBCCBB	['B1A', 'C2A', 'C3A', 'D10B', 'D13B', 'D15C', 'D20A', 'D35C', 'D36A', 'C46D', 'C54D', 'C72D', 'A84B', 'C89B', 'C90B']	15	-0.7790384	-3.0052147	-3.7842522	-3.0052137
BCCDDDCDCDDDDCCDABCDABCABDBACDDCAACCCBCACACBCCABCACBCCCCCBDCACDBBBCBCBACCACADAACCCBABADCCCAAABBCCBB	['D15C', 'B30D', 'D35C', 'D36C', 'B41C', 'B60C', 'A63D', 'B88C']	8	-3.9318051	-5.8681016	-6.937641	-3.005836
BCCDDDCDCDDBDCCDABBAABCABDBACBDCAACABBCABACBCCABCACBCCCCDBDBDCCBBBCBCBAACACADAACCCBABADDCCAAABBCCBB	['D12B', 'D15C', 'C19B', 'D20A', 'D35C', 'D36A', 'C37B', 'C57D', 'A61D', 'A63C', 'C72A', 'B88D']	12	-5.5392222	-5.868643	-8.5456	-3.0063777
BCCDDDCDCBACBCCDABAAABCABDBACBDCAAAACBCABACBCDABCACBCDCCCBDBACDBBBCBCBBBBACADAACCCBBBADBCBAABBBCCBB	['D10B', 'D11A', 'D12C', 'D13B', 'D15C', 'C19A', 'D20A', 'D35A', 'D36A', 'C46D', 'C54D', 'A63D', 'A71B', 'C72B', 'C73B', 'A84B', 'C90B', 'A93B']	18	-0.36090517	-3.006639	-3.3675394	-3.0066342
BCCDDDCDCADDBCDDABCAABCABDBACBDCDADAABCABACBCDBBCACBCCCCDBDBACDCBBCBCBACCACADAACCCBBBADBCCAAABBCCBB	['D10A', 'D13B', 'D20A', 'A33D', 'D36A', 'C37A', 'C46D', 'A47B', 'C57D', 'A63D', 'B64C', 'A84B']	12	-2.9719973	-5.8702807	-5.9800167	-3.0080194
BCCDDDCDCDDDDCCDABCDABCABDBACDDCAAAABBCABACBCCABCACBCCCCCBDBACDBBBCBCBACCADADAACCCBABADCCCAABBBCCBB	['D15C', 'B30D', 'D35A', 'D36A', 'C37B', 'A63D', 'C75D', 'B88C', 'A93B']	9	-5.5349884	-5.870683	-8.5434065	-3.008418
BCCDDDCDCBDDBCDDABCAABCABDBACBDCBACACBCACACBCCABCACBCCCCCBDCADDBBBCBCBBCCACADABCCCBBBADBCBAAABBCCBB	['D10B', 'D13B', 'D20A', 'A33B', 'D35C', 'D36A', 'B41C', 'B60C', 'C62D', 'A63D', 'A71B', 'A79B', 'A84B', 'C90B']	14	1.7278819	-5.8778596	-1.2877121	-3.015594
AAADDDCDCBDDBCDDADCAABCABDBACBDCAACABBCABACBCCABCACBCDCCCBDBACDBBBCBCBDCCCCADAACCCBBBADBCBCAABBCCBB	['B1A', 'C2A', 'C3A', 'D10B', 'D13B', 'B18D', 'D20A', 'D35C', 'D36A', 'C37B', 'C54D', 'A63D', 'A71D', 'A74C', 'A84B', 'C90B', 'A91C']	17	2.2936506	-3.016314	-0.7226591	-3.0163097
BCCDDDCDCCDDDCDDABCDABCABDBACBDCAADDCBCABACBCDABCACBCCCCCBDBACDBBBCBBBBCCACACAACCABBCADBCBAABBBCCBB	['D10C', 'C46D', 'A63D', 'C69B', 'A71B', 'D77C', 'C82A', 'A84B', 'B85C', 'C90B', 'A93B']	11	0.76468706	-3.4043117	-2.253477	-3.0181642
BCCDDDCDCADCBCCDADCAABCABDBACBDCAABAABCABACBCDABCACBCACCCBDBACDCBBCBCBBCCCCACAACCABABADBBBAABBBCCBB	['D10A', 'D12C', 'D13B', 'D15C', 'B18D', 'D20A', 'D35B', 'D36A', 'C37A', 'C46D', 'C54A', 'A63D', 'B64C', 'A71B', 'A74C', 'D77C', 'C82A', 'C89B', 'C90B', 'A93B']	20	1.8580194	-0.45937252	-1.1608057	-3.018825
BCCDDDCDCCDBBCDDABCDABCABDBACBDCCADACBCABACBCDABCACBCCCCCBDBACACBBCBCBACCACADAACCABBBADBDCAAABBCCBB	['D10C', 'D12B', 'D13B', 'A33C', 'D36A', 'C46D', 'B64C', 'C82A', 'A84B', 'C89D']	10	-0.20740795	-3.4083676	-3.2296276	-3.0222197
BCCDDDCDCBDDDCDDABBDABCABDBACBDCBADDCBCACACBCDABCACBCDCCCBDBACDBBBCBCBBCDACADAACCABBBADBCBAABBBCCBB	['D10B', 'C19B', 'A33B', 'B41C', 'C46D', 'C54D', 'A63D', 'A71B', 'C73D', 'C82A', 'A84B', 'C90B', 'A93B']	13	3.5075512	-0.5669589	0.46447945	-3.0430717
AAADDDCDCBDDBCDDABCAABCABDBACDDCBADDCBCABACBCBABCACBCDCCCBDBADDBBBCBCBBCCACACAACCBBABADCCCAAABBCCBB	['B1A', 'C2A', 'C3A', 'D10B', 'D13B', 'D20A', 'B30D', 'A33B', 'C46B', 'C54D', 'C62D', 'A63D', 'A71B', 'D77C', 'C82B', 'B88C']	16	2.3873534	-0.18586874	-0.6607771	-3.0481305
BCCDDDCDCCDDDCDDABCDABCABDBACBDCAACDABCACACBCDABCACBCDCCCBDBACDBBCCBCBBCCACADAACCABBBADBCBAABBCCCBB	['D10C', 'D35C', 'C37A', 'B41C', 'C46D', 'C54D', 'A63D', 'B66C', 'A71B', 'C82A', 'A84B', 'C90B', 'A93B', 'B95C']	14	2.3475833	-0.5741334	-0.7026644	-3.0502477
BCCDDDCDCDDDDCDDABCAABCABDBACBDCAADDCBCABACBCCABCACBCCCCCBDBACDBBBCBABBDBACADAACCABABADBCBAAABBCCBB	['D20A', 'A63D', 'C69A', 'A71B', 'C72D', 'C73B', 'C82A', 'C90B']	8	-0.6327429	-3.4380116	-3.6846075	-3.0518646
BCCDDDCDCADDDCCDABCAABCABDBACBDCAACACBCACACBCCABCACBBCCCCBDCADDBBACBBBBCCACADAACCBBABADBCBAAABBCCBB	['D10A', 'D15C', 'D20A', 'D35C', 'D36A', 'B41C', 'C53B', 'B60C', 'C62D', 'A63D', 'B66A', 'C69B', 'A71B', 'C82B', 'C90B']	15	3.0781507	-3.0557113	0.022444725	-3.055706
BCCDDDCDCDDDBCDDABCDABCABDBACDDCAACACBCABACBCCABCACBCCCCCBDBACBBBBCBCBBCCACACAACCCBABADCCCAAABBCCBA	['D13B', 'B30D', 'D35C', 'D36A', 'A63B', 'A71B', 'D77C', 'B88C', 'B99A']	9	-4.5925226	-5.9194145	-7.6496735	-3.0571508
BCCDDDCDCBDDBCDDABCBABCABDBACBDCCADACBCABACBCDABCACBCCCCCCDBADDBBBCBCBCCCACCDABCCCBBBADBABADABBCCBB	['D10B', 'D13B', 'D20B', 'A33C', 'D36A', 'C46D', 'B58C', 'C62D', 'A63D', 'A71C', 'A76C', 'A79B', 'A84B', 'C89A', 'C90B', 'A92D']	16	1.8331308	-5.9271593	-1.23176	-3.0648909
BCCDDDCDCBDDBCDDABCBABCABDBACBDCCADACBCABACBCDABCACBCCCCCCDBADDBBBCBCBCCCACCDABCCCBBBADBABADABBCCBB	['D10B', 'D13B', 'D20B', 'A33C', 'D36A', 'C46D', 'B58C', 'C62D', 'A63D', 'A71C', 'A76C', 'A79B', 'A84B', 'C89A', 'C90B', 'A92D']	16	1.8331308	-5.9271593	-1.23176	-3.0648909
BCCDDDCDCDDDDCDDABCDABCABDBACDDCAACACBCABAABCCABCACBCCCCCBDBADCCDBCBCBACCACADAACCCBABADBCCAAABBCCBB	['B30D', 'D35C', 'D36A', 'C43A', 'C62D', 'A63C', 'B64C', 'B65D']	8	-5.461795	-5.933282	-8.532807	-3.0710125
BCCDDDCDCBDDDCDDABCAABCABDBACBDCAACABBCABACBCDABCACBCCCCCBDBADDBBBCBCBBCBACADABCCCBBBADBCBAAABBCCBB	['D10B', 'D20A', 'D35C', 'D36A', 'C37B', 'C46D', 'C62D', 'A63D', 'A71B', 'C73B', 'A79B', 'A84B', 'C90B']	13	0.10100651	-5.937379	-2.9741068	-3.0751133
BCCDDDCDCDDDDCDDABCDABCABDBACDDCAACACBCABACBCCABCACBCCCCCBDBADDBBBCBCBACCACADAACCCBABADCCCAABBBCCBB	['B30D', 'D35C', 'D36A', 'C62D', 'A63D', 'B88C', 'A93B']	7	-4.5479574	-5.940502	-7.6261883	-3.0782309
BCCDDDCDCDDDBCDDABCDABCABDBACDDCAADDCBCACACBCCABCACBCCCCCBDBADDBBBCBCBCCCACACAACCCBABADCCCAABBBCCBB	['D13B', 'B30D', 'B41C', 'C62D', 'A63D', 'A71C', 'D77C', 'B88C', 'A93B']	9	-4.937181	-5.9418874	-8.016795	-3.0796142
BCCDDDCDCDDDBCDDABCDABCABDBACDDCAADDCBCABACBCCABCACBCCCCCBDBACDBBBCBCBCCCACACAACCCBABADCCCAAABBCCBB	['D13B', 'B30D', 'A63D', 'A71C', 'D77C', 'B88C']	6	-5.1704216	-5.9429917	-8.251143	-3.0807219
BCCDDDCDCDDDBCDDABCDABCABDBACDDCAADDCBCABACBCCABCACBCCCCCBDBACDBBBCBCBCCCACACAACCCBABADCCCAAABBCCBB	['D13B', 'B30D', 'A63D', 'A71C', 'D77C', 'B88C']	6	-5.1704216	-5.9429917	-8.251143	-3.0807219
BCCDDDCDCDDDBCDDABCDABCABDBACDDCAADDCBCABACBCCABCACBCCCCCBDBACDBBBCBCBCCCACACAACCCBABADCCCAAABBCCBB	['D13B', 'B30D', 'A63D', 'A71C', 'D77C', 'B88C']	6	-5.1704216	-5.9429917	-8.251143	-3.0807219
BCCDDDCDCADDBDDDABCCABCABDBACBDCBADACBCABACBCCABCACBCDCCCBDBADDABACBCBBCCACADAACCABBBADBCBAAABBCCBB	['D10A', 'D13B', 'C14D', 'D20C', 'A33B', 'D36A', 'C54D', 'C62D', 'A63D', 'B64A', 'B66A', 'A71B', 'C82A', 'A84B', 'C90B']	15	3.1720128	-0.60634804	0.08954811	-3.0824647
AAADDDCDCBDDBDCDABCAABCABDBACBDCAADDCBCACACBCDABCACBCDCCCBDBACDCBBCBCBBCCCCADABCCCBBBADBCBCABBBCCBB	['B1A', 'C2A', 'C3A', 'D10B', 'D13B', 'C14D', 'D15C', 'D20A', 'B41C', 'C46D', 'C54D', 'A63D', 'B64C', 'A71B', 'A74C', 'A79B', 'A84B', 'C90B', 'A91C', 'A93B']	20	2.2664757	-3.0836935	-0.8172188	-3.0836945
BCDDDDCDCCDCDCDDABCCABCABDBACBDCAACAABCACACBCDABCACBCDCCCBDBACDBBCCBCBBCCACADAACCABBBADBCBACBBCCCBB	['C3D', 'D10C', 'D12C', 'D20C', 'D35C', 'D36A', 'C37A', 'B41C', 'C46D', 'C54D', 'A63D', 'B66C', 'A71B', 'C82A', 'A84B', 'C90B', 'A92C', 'A93B', 'B95C']	19	4.219632	-0.60921574	1.1343012	-3.085331
AAADDBCDCCDDDCDDABCDABCABDBACBDCAADDABCABACBCDABCACBCCCCCBDBACDCBBCBCBACDACACACCCCBBBADBCBAABBCCCBB	['B1A', 'C2A', 'C3A', 'D6B', 'D10C', 'C37A', 'C46D', 'A63D', 'B64C', 'C73D', 'D77C', 'A79C', 'A84B', 'C90B', 'A93B', 'B95C']	16	-1.1887012	-5.948706	-4.2751417	-3.0864406
BCCDDDCDCDDBDCDDABBDABCABDBACBDCAADDCBCABACBCCABCACBCCCCCBDBACDDBBCBCBACCACADAACCBBABADBCCAAABBCCBB	['D12B', 'C19B', 'A63D', 'B64D', 'C82B']	5	-2.5961266	-3.0948834	-5.6910048	-3.0948782
BCCDDDCDCDDDDDDDABCDABCABDBACDDCAADDCBCABACBCCABCACBCCCCCBDBADDBBBCBCBACCACACAACCCBABADCCCAABBBCCBB	['C14D', 'B30D', 'C62D', 'A63D', 'D77C', 'B88C', 'A93B']	7	-5.4247503	-5.9607916	-8.52327	-3.0985193
BCCDDDCDCDDDDCDDABCBABCABDBACBDCAACACBCABACBCDABCACBCCCCCBDBACCCBBCBCBACCACADAACCABACADBCCAAABBCCBB	['D20B', 'D35C', 'D36A', 'C46D', 'A63C', 'B64C', 'C82A', 'B85C']	8	-0.94743204	-3.4877	-4.0489845	-3.1015525
AAADDDCDCCDDDCDDABCCABCABDBACBDCAACCBBCABACBCCABCACBCDCCCBDCCDDBBBCBCBBCCACACAACCBBBBADBCCAABBBCCBB	['B1A', 'C2A', 'C3A', 'D10C', 'D20C', 'D35C', 'D36C', 'C37B', 'C54D', 'B60C', 'A61C', 'C62D', 'A63D', 'A71B', 'D77C', 'C82B', 'A84B', 'A93B']	18	2.7687397	-0.23938322	-0.33290386	-3.1016436
BCCDDDCDCBDDBCDDABCAABCDBDBACBDCAADACBCABACBCDABCACBCDCCCBDCACDCBCCBCBCAAACADAACCCBBBADBCCCAABBCCBB	['D10B', 'D13B', 'D20A', 'A24D', 'D36A', 'C46D', 'C54D', 'B60C', 'A63D', 'B64C', 'B66C', 'A71C', 'C72A', 'C73A', 'A84B', 'A91C']	16	3.823635	-3.104148	0.7194891	-3.104146
BCCDDDCDCDDDBCCDABCDABCABDBACDDCAACAABCABACBDCABCACBCCCCDBDBACDBBBCBCBACCACADAACCCBABADBCCAAABBCCBB	['D13B', 'D15C', 'B30D', 'D35C', 'D36A', 'C37A', 'C45D', 'C57D', 'A63D']	9	-5.708045	-5.9666595	-8.812438	-3.104393
BCCDDDCDCCADBCDCABCDABCABDBACBDCAACDABCABACBCCABCACBCCCCCBDBACCCBBBBCBACCACACAACCABABADBCCAAABBCCBB	['D10C', 'D11A', 'D13B', 'D16C', 'D35C', 'C37A', 'A63C', 'B64C', 'C67B', 'D77C', 'C82A']	11	-0.85573816	-3.4914517	-3.961049	-3.105311
BCCDDDCDCCADBCDCABCDABCABDBACBDCAACDABCABACBCCABCACBCCCCCBDBACCCBBBBCBACCACACAACCABABADBCCAAABBCCBB	['D10C', 'D11A', 'D13B', 'D16C', 'D35C', 'C37A', 'A63C', 'B64C', 'C67B', 'D77C', 'C82A']	11	-0.85573816	-3.4914517	-3.961049	-3.105311
BCCDDDCDCBDDBDDDABCDABCABDBACDDCCACACBCACACBCCABCACBCCCCCBDBACACBBCBCBACCACADAACCCBABADCCCAAABBCCBB	['D10B', 'D13B', 'C14D', 'B30D', 'A33C', 'D35C', 'D36A', 'B41C', 'B64C', 'B88C']	10	-2.9224272	-5.9689584	-6.0291166	-3.1066895
BCCDDDCDCCDDDCDDABCAABCABDBACBDCAADDCBCABACBCDABCACBCCCCCBDBADDBBBBBCBACDACACAACCCBBBADBCBAAABBCCBB	['D10C', 'D20A', 'C46D', 'C62D', 'A63D', 'C67B', 'C73D', 'D77C', 'A84B', 'C90B']	10	-1.6371126	-5.971493	-4.7463408	-3.1092281
BCCDDDCDCCDDDCDDABBCABCABDBACBDCAACABBCABACBCCABCACBCDCCCCDBADDBBBCBCBACCACADAACCBBBCADBCBCABBBCCBB	['D10C', 'C19B', 'D20C', 'D35C', 'D36A', 'C37B', 'C54D', 'B58C', 'C62D', 'A63D', 'C82B', 'A84B', 'B85C', 'C90B', 'A91C', 'A93B']	16	4.7247796	-0.25273752	1.6097822	-3.1149974
BCCDDDCDCBDDDCDDABCDABCABDBACBDCAADDABCABACBCCABCACBCCCCCBDBADDCBBCBCBACAACADAACCCBBBADBCBAABBBCCBA	['D10B', 'C37A', 'C62D', 'A63D', 'B64C', 'C73A', 'A84B', 'C90B', 'A93B', 'B99A']	10	-2.0296588	-5.9782715	-5.145669	-3.1160102
BCCDDDCDCDDDDCDDABCDABCABDBACDDCAACCCBCACACBCCABCACBCCCCCBDBACDCBBCBCCACCACACAACCCBABADBCCAAABBCCBB	['B30D', 'D35C', 'D36C', 'B41C', 'A63D', 'B64C', 'B70C', 'D77C']	8	-5.073259	-5.990026	-8.201015	-3.1277566
AAADDDCDCDDDDCDDABCCABCABDBACDDCAACAABCABACBCCABCACBCCCCCBDCACDBBBCBCBACCACACAACCCBABADCCCAAABBCCBB	['B1A', 'C2A', 'C3A', 'D20C', 'B30D', 'D35C', 'D36A', 'C37A', 'B60C', 'A63D', 'D77C', 'B88C']	12	-3.2860694	-5.995265	-6.419073	-3.1330037
BCCDDDCDCDDDBCCDABCDABCABDBACDDCAADDCBCABACBCCABCACBCCCCCBDBACDBBBCBCBACCACACAACCCBABADCCCAAABBCCBB	['D13B', 'D15C', 'B30D', 'A63D', 'D77C', 'B88C']	6	-5.588384	-6.0015874	-8.727704	-3.13932
BCCDDDCDCBDADCDDABCDABCABDBACBDCAADDCBCACACBCCABCACBCCDCCBDBADDBBBCBABCCCACACAACCABBBADBCCAAABBCCBB	['D10B', 'D12A', 'B41C', 'C55D', 'C62D', 'A63D', 'C69A', 'A71C', 'D77C', 'C82A', 'A84B']	11	0.52513885	-3.5287309	-2.617445	-3.1425838
AAADDDCDCBDDDCDDABCDABCABDBACBDCAADDCBCACACBCBABCACBCDCCCBDCACDBBBCBCBBCCACADABCCABBBADBCBAABBBCCBB	['B1A', 'C2A', 'C3A', 'D10B', 'B41C', 'C46B', 'C54D', 'B60C', 'A63D', 'A71B', 'A79B', 'C82A', 'A84B', 'C90B', 'A93B']	15	3.3546681	-0.668036	0.21051884	-3.1441493
BCCDDDCDCDDDDCDDABCDABCABDBACDDCAADDCBCABACBCCABCACBCCCCCBDBACDBBBCBCBACCACACAACCCBABADCCCAABBBCCBB	['B30D', 'A63D', 'D77C', 'B88C', 'A93B']	5	-5.587533	-6.0075307	-8.732791	-3.145258
BCCDDDCDCDDDDCDDABCDABCABDBACDDCAADDCBCABACBCCABCACBCCCCCBDBACDBBBCBCBACCACACAACCCBABADCCCAABBBCCBB	['B30D', 'A63D', 'D77C', 'B88C', 'A93B']	5	-5.587533	-6.0075307	-8.732791	-3.145258
BCCDDDCDCBADBCCDABCAABCABDBACBDCAADACBCABACBCCABCACBCDCCCCDCCDDBBBCBCBBABACADAACCBBABADBCBAAABBCCBB	['D10B', 'D11A', 'D13B', 'D15C', 'D20A', 'D36A', 'C54D', 'B58C', 'B60C', 'A61C', 'C62D', 'A63D', 'A71B', 'C72A', 'C73B', 'C82B', 'C90B']	17	3.094121	-0.2863245	-0.054462433	-3.1485834
BCCDDDCDCDDDDCDDABCDABCABDBACBDCAADDCBCACACBCCABCACBCCCCCBDBACACBBCBCBACCACADAACCBBABADBCCAAABBCCBB	['B41C', 'B64C', 'C82B']	3	-1.7402496	-3.149177	-4.8894196	-3.14917
BCCDDDCDCDDDDCDDABCDABCABDBACBDCAADDCBCABACBCCABCACBCCCCCBDBACABBBCBCBACCCCADAACCBBABADBCCAAABBCCBB	['A74C', 'C82B']	2	-1.8938775	-3.1511736	-5.045042	-3.1511645
BCCDDDCDCDDDDCDDABCDABCABDBACBDCAADDCBCABACBCCABCACBCCCCCBDBACDBBBCBCBACCACADAACCBBABADBCCAABBBCCBB	['A63D', 'C82B', 'A93B']	3	-1.6155653	-3.1514888	-4.767042	-3.1514769
BCCDDDCDCBDDDCCDABCCABCABDBACBDCAACABBCABACBCDABCACBCDCCCBDBADDBBCCBCBBCCACADAACCBBBBADBCBADBBCCCBB	['D10B', 'D15C', 'D20C', 'D35C', 'D36A', 'C37B', 'C46D', 'C54D', 'C62D', 'A63D', 'B66C', 'A71B', 'C82B', 'A84B', 'C90B', 'A92D', 'A93B', 'B95C']	18	5.0942655	-0.29499245	1.9370127	-3.1572528
BCCDDDCDCBDDBCCDABCAABCABDBACBDCAAAACBCABACBCCABCACBCCCCCBDBADDBBBCBCBBACCCADAACCCBBBADBCBAACBBCCBB	['D10B', 'D13B', 'D15C', 'D20A', 'D35A', 'D36A', 'C62D', 'A63D', 'A71B', 'C72A', 'A74C', 'A84B', 'C90B', 'A93C']	14	-1.1320915	-6.0322037	-4.3020306	-3.169939
BCCDDDCDCDDDDCDDABCDABCABDBACDDCAACAABCABACBCCABCACBCCCCCBDBACDBBBCBCBCCCACACAACCCBABADCCCAAABBCCBB	['B30D', 'D35C', 'D36A', 'C37A', 'A63D', 'A71C', 'D77C', 'B88C']	8	-4.5550294	-6.032781	-7.72554	-3.1705108
BCCDDDCDCBDDBCDDADCAABCABDBACBDCAADACBCABACBCDABCACBCDDCCCDBADDCBBCBCCBBAACCDAACCABABADBCBAAABBCCBB	['D10B', 'D13B', 'B18D', 'D20A', 'D36A', 'C46D', 'C54D', 'C55D', 'B58C', 'C62D', 'A63D', 'B64C', 'B70C', 'A71B', 'C72B', 'C73A', 'A76C', 'C82A', 'C90B']	19	2.8356261	-0.69935846	-0.3398447	-3.1754708
BCCDDDCDCCDDBCDDABCDABCABDBACBDCBADDBBCABACBCDABCACBCDCCDBDBACDBBBCBCBACAACCCAACCBBABADBABAABBBCCBB	['D10C', 'D13B', 'A33B', 'C37B', 'C46D', 'C54D', 'C57D', 'A63D', 'C73A', 'A76C', 'D77C', 'C82B', 'C89A', 'C90B', 'A93B']	15	2.015407	-0.31669235	-1.1635456	-3.1789527
BCCDDDCDCCDDBCDDABCDABCABDBACBDCBADDBBCABACBCDABCACBCDCCDBDBACDBBBCBCBACAACCCAACCBBABADBABAABBBCCBB	['D10C', 'D13B', 'A33B', 'C37B', 'C46D', 'C54D', 'C57D', 'A63D', 'C73A', 'A76C', 'D77C', 'C82B', 'C89A', 'C90B', 'A93B']	15	2.015407	-0.31669235	-1.1635456	-3.1789527
BCCDDDCDCDDDBCDDABCDABCABDBACBDCDADDABCABACBCCABCACBCCCCCBDBADDBBBCBCBBCBACADAACCABABADBCBAAABBCCBB	['D13B', 'A33D', 'C37A', 'C62D', 'A63D', 'A71B', 'C73B', 'C82A', 'C90B']	9	-0.953269	-3.570424	-4.1375456	-3.1842766
BCCDDDCDCDDDBCDDABCDABCABDBACDDCAAAACBCABACBCCABCACBCCCCDBDBACDBBBCBCBACCACADAACCCBABADBCCAAABBCCBB	['D13B', 'B30D', 'D35A', 'D36A', 'C57D', 'A63D']	6	-5.5717807	-6.050298	-8.75981	-3.1880298
BCCDDDCDCCDDDCDDABCDABCABDBACBDCAACDCBCABACBCDABCACBCCDCDBDBACDCBCCBCBACDACADAACCCBBCADBCBAAABBCCBB	['D10C', 'D35C', 'C46D', 'C55D', 'C57D', 'A63D', 'B64C', 'B66C', 'C73D', 'A84B', 'B85C', 'C90B']	12	-0.12160969	-6.0542054	-3.3135462	-3.1919365
BCCDDDCDCDDDDCDDABCDABCABDBACBDCAADDCBCABABBCCABCACBCCCCCBDBACDBBBCBCBCACACADAACCABABADBCCAABBBCCBB	['C43B', 'A63D', 'A71C', 'C72A', 'C82A', 'A93B']	6	-1.9772048	-3.5872073	-5.17826	-3.201055
BCCDDDCDCDDDBCDDABCAABCABDBACBDCAACABBCABACBCBABCACBCDCCCBDBADDCBBCBABACACCADAACCABABADBABAAABBCCBB	['D13B', 'D20A', 'D35C', 'D36A', 'C37B', 'C46B', 'C54D', 'C62D', 'A63D', 'B64C', 'C69A', 'C73A', 'A74C', 'C82A', 'C89A', 'C90B']	16	0.9455333	-0.738564	-2.269147	-3.2146802
BCCDDDCDCDDDDCDDABBDABCABDBACBDCAADDCBCABACBCDABCACBCCCCCBDBADDBBBCBCBACBACACAACCABABADBCBAABBBCCBB	['C19B', 'C46D', 'C62D', 'A63D', 'C73B', 'D77C', 'C82A', 'C90B', 'A93B']	9	-1.8496428	-3.6092968	-5.0727882	-3.2231455
BCCDDDCDCDDDDCDDABCDABCABDBACBDCBADDCBCABACBCCABCACBCBCCDBDBADDBBBCBCBACDACACAACCCBBBADBCCAABBBCCBB	['A33B', 'C54B', 'C57D', 'C62D', 'A63D', 'C73D', 'D77C', 'A84B', 'A93B']	9	-2.36172	-5.2502465	-5.586976	-3.225256
BCCDDDCDCBDDDCDDABCDABCABDBACDDCAACCCBCABACBCCABCACBCCCCCBDBADDBBBCBCBADCACACAACCCBABADCCCAABBBCCBB	['D10B', 'B30D', 'D35C', 'D36C', 'C62D', 'A63D', 'C72D', 'D77C', 'B88C', 'A93B']	10	-3.302032	-6.0895057	-6.5292664	-3.2272344
BCCDDDCDCDDDDCDDABCDABCABDBACBDCAADDCBCABACBCCABCACBCCCCCBDBACABBBCBCBACCACADAACCBBABADBCCAAABBCCBB	['C82B']	1	-1.9937611	-3.2296362	-5.2233877	-3.2296267
BCCDDDCDCDDDDCDDABCDABCABDBACBDCAADDCBCABACBCCABCACBCCCCCBDBACABBBCBCBACCACADAACCBBABADBCCAAABBCCBB	['C82B']	1	-1.9937611	-3.2296362	-5.2233877	-3.2296267
AAADDDCDCBDDDACDABCAABCABDBACDDCAADACBCABACBCCABCACBCCCCCBDBADDBBBCBCBACCACADAACCCBACADCCCAAABBCCBB	['B1A', 'C2A', 'C3A', 'D10B', 'C14A', 'D15C', 'D20A', 'B30D', 'D36A', 'C62D', 'A63D', 'B85C', 'B88C']	13	-1.9941001	-6.0929213	-5.2247553	-3.2306552
BCCDDDCDCDDDDCDDABCDABCABDBACDDCAADDCBCABACBCCABCACBCCCCCBDBACDCBBCBCBACCACACAACCCBABADCCCAABBBCCBB	['B30D', 'A63D', 'B64C', 'D77C', 'B88C', 'A93B']	6	-5.4769654	-6.097243	-8.711935	-3.2349696
BCCDDDCDCDDADCCDABBDABCABDBACBDCAADDCBCACACBCCABCACBCCCCCBDBACDBBBCBCBACCACAAAACCABABADBCCAABBBCCBB	['D12A', 'D15C', 'C19B', 'B41C', 'A63D', 'D77A', 'C82A', 'A93B']	8	-2.6590934	-3.6214767	-5.8944225	-3.2353292
BCCCDDCDCBDDDCDDABCDABCABDBACBDCAACDCBCABACBCDABCACBCDCCCBDBADDBBBCBCBDCBACADABCCCBBBADBCBAABBBCCBB	['D4C', 'D10B', 'D35C', 'C46D', 'C54D', 'C62D', 'A63D', 'A71D', 'C73B', 'A79B', 'A84B', 'C90B', 'A93B']	13	0.10973787	-3.2363725	-3.1266289	-3.2363667
BCCDDDCDCDDDDCDDABCDABCABDBACDDCAADDCBCABACBCCABCACBCCCCDBDBACDBBBCBCBACCACACAACCCBABADCCCAABBBCCBB	['B30D', 'C57D', 'A63D', 'D77C', 'B88C', 'A93B']	6	-5.5653787	-6.099894	-8.803	-3.2376218
BCCDDDCDCDDDDCDDABCDABCABDBACBDCAACDCBCABACBCCABCACBCCCCCBDBACDBBBCBCBACCACADAACCABABADBCCAABBBCCBB	['D35C', 'A63D', 'C82A', 'A93B']	4	-1.8534932	-3.623805	-5.0911455	-3.2376523
BCCDDDCDCDDDDDDDABCDABCABDBACBDCAADDCBCACACBCCABCACBCCCCCBDBACACBBCBCBACCACADAACCBBABADBCCAAABBCCBB	['C14D', 'B41C', 'B64C', 'C82B']	4	-1.7387319	-3.2383394	-4.977064	-3.2383323
BCCDDDCDCDDDDCDDABCDABCABDBACDDCAADDABCABACBCCABCACBCCCCCBDBACDBBBCBCBACCACACAACCCBABADCCCAABBBCCBB	['B30D', 'C37A', 'A63D', 'D77C', 'B88C', 'A93B']	6	-5.7666216	-6.106187	-9.010539	-3.2439175
BCCDDDCDCBDDDCDDABCDADCABDBACBDCCAAACBCACACBCDABCACBCCCCCBDBADDBBBCBCBBBBACADAACCCABCADBCBAAABBCCBB	['D10B', 'B22D', 'A33C', 'D35A', 'D36A', 'B41C', 'C46D', 'C62D', 'A63D', 'A71B', 'C72B', 'C73B', 'B83A', 'A84B', 'B85C', 'C90B']	16	-0.64495516	-6.1077566	-3.8904514	-3.2454963
BCCDDDCDCCDDBCDDABCBADCABDBACBDCCABACBCACACBCDBBCACBCDCCDBDCADDBBBCBCBCCCCCADAACCBBABADBABADABBCCBB	['D10C', 'D13B', 'D20B', 'B22D', 'A33C', 'D35B', 'D36A', 'B41C', 'C46D', 'A47B', 'C54D', 'C57D', 'B60C', 'C62D', 'A63D', 'A71C', 'A74C', 'C82B', 'C89A', 'C90B', 'A92D']	21	3.0778756	-0.38424873	-0.16863728	-3.246513
BCCDDDCDCCDDDCDDABCCABCABDBACBDCAACAABCACACBCDABCACBCDCCCBDBACDBBCCBCBBCCACADAACCABBBADBCBACBBCCCBB	['D10C', 'D20C', 'D35C', 'D36A', 'C37A', 'B41C', 'C46D', 'C54D', 'A63D', 'B66C', 'A71B', 'C82A', 'A84B', 'C90B', 'A92C', 'A93B', 'B95C']	17	3.14462	-0.7708111	-0.10230732	-3.2469273
BCCDDDCDCDDDDCDDABCDABCABDBACBDCAADDCBCABACBCCABCACBCCCCCBDCACACBBCBDBACCACADAACCABABADBCCAABBBCCBB	['B60C', 'B64C', 'C69D', 'C82A', 'A93B']	5	-2.3198533	-3.6394076	-5.5731134	-3.2532601
BCCDDDCDCDDDDCDDABCAABCABDBACBDCAACACBCABACBCCABCACBCCCCDBDBADDBBBCBCBCCCACACAACCCBABADDCCAABBBCCBB	['D20A', 'D35C', 'D36A', 'C57D', 'C62D', 'A63D', 'A71C', 'D77C', 'B88D', 'A93B']	10	-4.736397	-6.1187716	-7.992899	-3.2565022
BCCDDDCDCDDDBDDDABCDABCABDBACDDCAADDCBCABACBCCABCACBCCCCCBDBADDBBBCBBBACCACADAACCCBABADCCCAAABBCCBB	['D13B', 'C14D', 'B30D', 'C62D', 'A63D', 'C69B', 'B88C']	7	-5.5054665	-6.121927	-8.765127	-3.2596607
BCCDDDCDCBDDBCDDABCDABCABDBACBDCAADDBBCABACBCDABCACBCBCCCBDBADDBBBCBCBACCACAAAACCCBBBADDCCAABBBCCBB	['D10B', 'D13B', 'C37B', 'C46D', 'C54B', 'C62D', 'A63D', 'D77A', 'A84B', 'B88D', 'A93B']	11	-4.173411	-5.2853746	-7.433791	-3.2603803
AAADDDCDCDDADDDDABCDABCABDBACDDCAACDCBCABACBCCABCACBCCCCCBDBADDBBBCBCBACCACACAACCCBABADBCCAABBBCCBB	['B1A', 'C2A', 'C3A', 'D12A', 'C14D', 'B30D', 'D35C', 'C62D', 'A63D', 'D77C', 'A93B']	11	-5.2468934	-6.124166	-8.508793	-3.2618995
AAADDDCDCDDADDDDABCDABCABDBACDDCAACDCBCABACBCCABCACBCCCCCBDBADDBBBCBCBACCACACAACCCBABADBCCAABBBCCBB	['B1A', 'C2A', 'C3A', 'D12A', 'C14D', 'B30D', 'D35C', 'C62D', 'A63D', 'D77C', 'A93B']	11	-5.2468934	-6.124166	-8.508793	-3.2618995
BCCABDCDCDDDBCDDABCDABCABDBACBDCAADDCBCACACBCDABCACBCCCCCBDBACDBBBCBCBACBACACAACCCBABADBCBAABBBCCBB	['D4A', 'D5B', 'D13B', 'B41C', 'C46D', 'A63D', 'C73B', 'D77C', 'C90B', 'A93B']	10	-5.197618	-6.125615	-8.460969	-3.263351
BCCDDDCDCDDDDCDDABCDABCABDBACDDCAACCBBCABACBCCABCACBCCCCCBDBACDBBBCBCBACCACADAACCCBABADCCCAABBBCCBB	['B30D', 'D35C', 'D36C', 'C37B', 'A63D', 'B88C', 'A93B']	7	-4.6224113	-6.1349716	-7.895113	-3.2727017
BCCDDDCDCDDDDCCDABCDABCABDBACBDCAADDCBCACACBCCABCACBCCCCCBDBACABBBCBCBACCACACAACCBBABADBCCAAABBCCBB	['D15C', 'B41C', 'D77C', 'C82B']	4	-2.0064673	-3.2807474	-5.2872095	-3.2807422
BCCDDDCDCDDDDCDDABBAABCABDBACDDCAACACBCABACBCCABCACBCCCCCCDBACDBBBCBCBACCACADAACCCBABADCCCAAABBCCBB	['C19B', 'D20A', 'B30D', 'D35C', 'D36A', 'B58C', 'A63D', 'B88C']	8	-3.7929935	-6.143837	-7.074563	-3.2815695
BCCDDDCDCADDBCDDABCAABCABDBACBDCCADACBAABACBCCABCACBCDCCCBDCACACBBCBCBBCCADADAACCBBABADBCCAABBBCCBB	['D10A', 'D13B', 'D20A', 'A33C', 'D36A', 'C39A', 'C54D', 'B60C', 'B64C', 'A71B', 'C75D', 'C82B', 'A93B']	13	0.42482233	-0.4239807	-2.8614254	-3.2862477
AAADDDCDCBDDBCCDADCAABCABDBACBDCADCABBCABACBCCABCACBCDCCCBDCACDBBBCBCBBCCACCDAACCCBBBADBCBAAABBCCBB	['B1A', 'C2A', 'C3A', 'D10B', 'D13B', 'D15C', 'B18D', 'D20A', 'A34D', 'D35C', 'D36A', 'C37B', 'C54D', 'B60C', 'A63D', 'A71B', 'A76C', 'A84B', 'C90B']	19	0.9857402	-3.2874517	-2.3017082	-3.2874484
BCCDDDCDCCDDDCDDABCDABCABDBACBDCAADDCBCABACBCDABCACBCCCCCBDBACDBBCCBCBACCACACAACCCBBBADACCAABBBCCBB	['D10C', 'C46D', 'A63D', 'B66C', 'D77C', 'A84B', 'B88A', 'A93B']	8	-2.8312898	-6.1508613	-6.1198835	-3.2885938
BCCDDDCDCDDDDCDDABCDABCABDBACBDCAADDCBCABACBCCABCACBCCCCCBDBACDBBBCBCBCCCACACAACCBBABADBCBAAABBCCBB	['A63D', 'A71C', 'D77C', 'C82B', 'C90B']	5	-0.97552586	-3.2896552	-4.265176	-3.28965
BCCDDDCDCADDBDCDABBAABCABDBACBDCAADDCBCABACBCDABCACBCCCCCBABACACBACBABACCACADAACCCBBBADBCCBCABBCCBB	['D10A', 'D13B', 'C14D', 'D15C', 'C19B', 'D20A', 'C46D', 'D59A', 'B64C', 'B66A', 'C69A', 'A84B', 'A91B', 'A92C']	14	-2.2190585	-6.1617246	-5.5185194	-3.299461
BCCDDDCDCCDBDCDDABBAABCABDBACBDCAADDCBCABACBCDABCACBCDCCCBDBACDBBBCBCBBCDACADABCCCBBBADBCBAABBBCCBB	['D10C', 'D12B', 'C19B', 'D20A', 'C46D', 'C54D', 'A63D', 'A71B', 'C73D', 'A79B', 'A84B', 'C90B', 'A93B']	13	-0.8786545	-3.3103414	-4.1889935	-3.310339
BCCDDDCDCDDDBCDDABCDABCABDBACDDCAACACBCACACBCCABCACBCCCCCBDBACDCBBCBCBACCACADAACCCBABADCCCAAABBCCBB	['D13B', 'B30D', 'D35C', 'D36A', 'B41C', 'A63D', 'B64C', 'B88C']	8	-4.566885	-6.1755486	-7.880169	-3.313284
BCCDDDCDCCDBBCDDABCBABCABDBACBDCAADACBCABACBCDABCACBCDCCCBDBACDCBBCBCBACCACADAACCABBBADBCCAAABBCCBB	['D10C', 'D12B', 'D13B', 'D20B', 'D36A', 'C46D', 'C54D', 'A63D', 'B64C', 'C82A', 'A84B']	11	-0.12605953	-0.8377285	-3.4399033	-3.3138437
BCCDDDCDCDDDDCDDABCDABCABDBACBDCAACDCBCABACBCCABCACBCCCCCBDBACDBBBCBCBACCACADAACCBBABADBCCAAABBCCBB	['D35C', 'A63D', 'C82B']	3	-1.3963804	-3.3188367	-4.71521	-3.3188295
BCCDDDCDCCDDDCDDABCDABCABDBACBDCAADDBBCABACBCCABCACBCBCCCBDBADDBBBCBCBCADACACACCCCBBBADBCBAABBBCCBB	['D10C', 'C37B', 'C54B', 'C62D', 'A63D', 'A71C', 'C72A', 'C73D', 'D77C', 'A79C', 'A84B', 'C90B', 'A93B']	13	-1.5223718	-5.3613744	-4.858758	-3.3363862
BCCDDDCDCDDDBCDDABCDABCABDBACDDCAACDABCABACBCCABCACBCCCCDBDBACDBBBCBCBCCCACADAACCCBABADCCCAAABBCCBB	['D13B', 'B30D', 'D35C', 'C37A', 'C57D', 'A63D', 'A71C', 'B88C']	8	-4.9131656	-6.1994987	-8.250395	-3.3372293
BCCDDDCDCDDADDCDABCDABCABDBACDDCAADDCBCABACBCCABCACBCCCCDBDBADDBBBCBCBACCACACAACCCBABADCCCAABBBCCBB	['D12A', 'C14D', 'D15C', 'B30D', 'C57D', 'C62D', 'A63D', 'D77C', 'B88C', 'A93B']	10	-5.7710886	-6.203619	-9.112435	-3.3413467
BCCDDDCDCDDDDCDDABCDABCABDBACDDCAACACBCABACBCCABCACBCCCCCBDBACDBBBCBCCACCACADAACCCBABADCCCAAABBCCBB	['B30D', 'D35C', 'D36A', 'A63D', 'B70C', 'B88C']	6	-4.938809	-6.2047377	-8.281278	-3.3424687
BCCDDDCDCCDDDCDDABCAABCABDBACBDCAADDCBCABACBCDABCACBCCCCCBDCACACBBCBCBACAACACAACCCBBCADBCBAAABBCCBB	['D10C', 'D20A', 'C46D', 'B60C', 'B64C', 'C73A', 'D77C', 'A84B', 'B85C', 'C90B']	10	-1.8302674	-6.217045	-5.185046	-3.3547788
AAADDDCDCBDDDCDDABCDABCABDBACBDCAADDCBCABACBCDABCACBCCCCCBDBACDBBBCBCBBCDACADABCCCBBBADBCBAABBBCCBB	['B1A', 'C2A', 'C3A', 'D10B', 'C46D', 'A63D', 'A71B', 'C73D', 'A79B', 'A84B', 'C90B', 'A93B']	12	0.5996342	-6.2240095	-2.7621117	-3.3617458
BCCDDDCDCADDDCCDABCDABCABDBACBDCAACDBBCABACBCCABCACBCDCCCBDBACDBBACBCBACCACADAACCBBABADBCCAABBBCCBB	['D10A', 'D15C', 'D35C', 'C37B', 'C54D', 'A63D', 'B66A', 'C82B', 'A93B']	9	-0.093645096	-0.49984932	-3.4557533	-3.3621082
AAADDDCDCBDDDCDDABCDABCABDBACBDCAADDBBCABACBCDABCACBCDCCCBDBACDCBBCBCCBCCACADAACCABBCADBCBAABBBCCBB	['B1A', 'C2A', 'C3A', 'D10B', 'C37B', 'C46D', 'C54D', 'A63D', 'B64C', 'B70C', 'A71B', 'C82A', 'A84B', 'B85C', 'C90B', 'A93B']	16	2.4113474	-0.88927746	-0.95404243	-3.3653898
BCCDDDCDCBDDDCDDBBCAABCABDBACDDCAABACBCABACBCCABCACBCCCCCBDCBCDBBBCBCBADCACADAACCCBABADCCCAAABBCCBB	['D10B', 'A17B', 'D20A', 'B30D', 'D35B', 'D36A', 'B60C', 'A61B', 'A63D', 'C72D', 'B88C']	11	-1.7510133	-6.229911	-5.118655	-3.367642
BCCDDDCDCADDDCDDABCDABCABDBACBDCAADDBBCABACBCDABCACBCDDCCBDBADDCBCCBCBBCCCCACAACCABBCADBCBAABBBCCBB	['D10A', 'C37B', 'C46D', 'C54D', 'C55D', 'C62D', 'A63D', 'B64C', 'B66C', 'A71B', 'A74C', 'D77C', 'C82A', 'A84B', 'B85C', 'C90B', 'A93B']	17	2.2597976	-0.9029393	-1.1192541	-3.3790517
BCCDDDCDCCDDDCDDABCDABCABDBACDDCAADACBCABACBCCABCACBCCCCCBDBADDBBBCBCBACCACADAACCBBABADBCCAABBBCCBB	['D10C', 'B30D', 'D36A', 'C62D', 'A63D', 'C82B', 'A93B']	7	-0.9470186	-3.3861804	-4.33319	-3.3861713
BCCDDDCDCCDDDCDDABCAABCABDBACBDCAADDABCABACBCDABCACBCCDCDBDBDDCCBBBBABACAACADABCCCBBBADBCBAAABBCCBB	['D10C', 'D20A', 'C37A', 'C46D', 'C55D', 'C57D', 'A61D', 'C62D', 'A63C', 'B64C', 'C67B', 'C69A', 'C73A', 'A79B', 'A84B', 'C90B']	16	-1.2621412	-6.249704	-4.649584	-3.3874426
BCCDDDCDCBDCDDDDABCDABCABDBACBDCADDDBBCABACBCCABCACBCCCCCBDBACDBBBCBDBCCCACADAACCBBBBADBCCAAABBCCBB	['D10B', 'D12C', 'C14D', 'A34D', 'C37B', 'A63D', 'C69D', 'A71C', 'C82B', 'A84B']	10	0.98189783	-3.3879113	-2.4060135	-3.3879113
BCCDDDCDCCCDDCCDADAAADCABDBACBDCAADACBCABACBCDBBCACBCBDCCBDBACDCBBCBCBBBDACADAACCCBBCADBCBAAABBCCBB	['D10C', 'D11C', 'D15C', 'B18D', 'C19A', 'D20A', 'B22D', 'D36A', 'C46D', 'A47B', 'C54B', 'C55D', 'A63D', 'B64C', 'A71B', 'C72B', 'C73D', 'A84B', 'B85C', 'C90B']	20	1.134522	-5.4130774	-2.2535658	-3.3880877
BCCDDDCDCBDDDCCCABCBABCABDBACBDCAADDABCABACBCDABCACBCCCCCBDBBCCBBBCBABACCACACABCCCBBBADCCCAAABBCCBB	['D10B', 'D15C', 'D16C', 'D20B', 'C37A', 'C46D', 'A61B', 'A63C', 'C69A', 'D77C', 'A79B', 'A84B', 'B88C']	13	-1.7958078	-6.2514544	-5.1850004	-3.3891926
BCCDDDCDCDDDBCDDABCDABCABDBACDDCAACACBCABACBCCABCACBCCCCCBDBACDBBBCBCBACCACADAACCCBABADCCCAAABBCCBB	['D13B', 'B30D', 'D35C', 'D36A', 'A63D', 'B88C']	6	-4.820396	-6.2560067	-8.214136	-3.3937402
BCCDDDCDCDDADCDDABCDABCABDBACDDCDADDABCACACBCCABCACBCCCCDBDCACDBBBCBCBACCACADAACCCBABADCCCAAABBCCBB	['D12A', 'B30D', 'A33D', 'C37A', 'B41C', 'C57D', 'B60C', 'A63D', 'B88C']	9	-5.223427	-6.264558	-8.625716	-3.4022894
BCCDDDCDCDDDDCDDABCDABCABDBACDDCAACCABCABACBDCABCACBCCCCCBDBACDBBBCBACACCACADAACCCBABADBCCAAABBCCBB	['B30D', 'D35C', 'D36C', 'C37A', 'C45D', 'A63D', 'C69A', 'B70C']	8	-5.71581	-6.266473	-9.120019	-3.4042091
AAADDDCDCBDDDCCBABAAADCABDBACBDCAACAABCABACBCDABCACBCDCCCCDCADDBBBBBBBBACACADAACCCBBCADCCBCAABBCCBB	['B1A', 'C2A', 'C3A', 'D10B', 'D15C', 'D16B', 'C19A', 'D20A', 'B22D', 'D35C', 'D36A', 'C37A', 'C46D', 'C54D', 'B58C', 'B60C', 'C62D', 'A63D', 'C67B', 'C69B', 'A71B', 'C72A', 'A84B', 'B85C', 'B88C', 'C90B', 'A91C']	27	4.5134716	-3.4091263	1.1043491	-3.4091225
BCCDDDCDCDDDBDDDABCDABCABDBACDDCAADDCBCABACBCCABCACBCCCCCBDBACDBBBCBCBACCACACAACCCBABADCCCAAABBCCBB	['D13B', 'C14D', 'B30D', 'A63D', 'D77C', 'B88C']	6	-5.69719	-6.276296	-9.1112175	-3.4140277
BCCDDDCDCBDBDDDDABDAABCABDBACDDCCABAABCACACBCCABCACBCBCCCBDBACDBBBCBCBCCCACADAACCCBACADCCCAABBBCCBB	['D10B', 'D12B', 'C14D', 'C19D', 'D20A', 'B30D', 'A33C', 'D35B', 'D36A', 'C37A', 'B41C', 'C54B', 'A63D', 'A71C', 'B85C', 'B88C', 'A93B']	17	-1.261313	-5.444123	-4.6804523	-3.4191394
BCCDDDCDCDDDBCDDABCAABCABDBACBDCAADACBCABACBCCABCACBCCCCCBDBADDCBBCBCBACCCCADAACCCBBBADBCBAAABBCCBB	['D13B', 'D20A', 'D36A', 'C62D', 'A63D', 'B64C', 'A74C', 'A84B', 'C90B']	9	-2.9884129	-6.28506	-6.41121	-3.4227972
BCCDDDCDCDDDDCDDABCDABCABDBACDDCAACCBBCABACBCCABCACBCCCCCBDBADDDBBCBCBADCACADAACCCBABADCCCAABBBCCBB	['B30D', 'D35C', 'D36C', 'C37B', 'C62D', 'A63D', 'B64D', 'C72D', 'B88C', 'A93B']	10	-5.330341	-6.286956	-8.755028	-3.424687
BCCDDDCDCCDDDCCDABCAABCABDBACBDCAACACBCABACBCCABCACBCDCCDBDBDDBBBBCBCBACACCADAACCABABADBCBAAABBCCBB	['D10C', 'D15C', 'D20A', 'D35C', 'D36A', 'C54D', 'C57D', 'A61D', 'C62D', 'A63B', 'C73A', 'A74C', 'C82A', 'C90B']	14	0.95297766	-0.94876766	-2.4719028	-3.4248805
BCCDDDCDCCDDDCCCABCAABCABDBACBDCAACACBCABACBCCABCACBCCCCDBDBDDBBBBBBCBACACCADAACCABABADBCBAAABBCCBB	['D10C', 'D15C', 'D16C', 'D20A', 'D35C', 'D36A', 'C57D', 'A61D', 'C62D', 'A63B', 'C67B', 'C73A', 'A74C', 'C82A', 'C90B']	15	1.36727	-3.827744	-2.0743246	-3.4415946
BCCDDDCDCDDDDCDDABCDABCABDBACBDCAACACBCABACBCCABCACBCCCCCBDBADDBBBCBCBADCACADAACCBBABADBCCAABBBCCBB	['D35C', 'D36A', 'C62D', 'A63D', 'C72D', 'C82B', 'A93B']	7	-0.97318697	-3.4449668	-4.418148	-3.444961
BCCDDDCDCDDDDCDDABCDABCABDBACBDCAACACBCABACBCCABCACBCCCCCBDBADDBBBCBCBADCACADAACCBBABADBCCAABBBCCBB	['D35C', 'D36A', 'C62D', 'A63D', 'C72D', 'C82B', 'A93B']	7	-0.97318697	-3.4449668	-4.418148	-3.444961
BCCDDDCDCDDDDCDDABCDABCABDBACBDCAACACBCABACBCCABCACBCCCCCBDBADDBBBCBCBADCACADAACCBBABADBCCAABBBCCBB	['D35C', 'D36A', 'C62D', 'A63D', 'C72D', 'C82B', 'A93B']	7	-0.97318697	-3.4449668	-4.418148	-3.444961
BCCDDDCDCCDDDCCCABCBABCABDBACBDCAACACBCABACBCCABCACBCDCCDBDBDCBBBBCBCBACACCADAACCBBACADBCBAABBBCCBB	['D10C', 'D15C', 'D16C', 'D20B', 'D35C', 'D36A', 'C54D', 'C57D', 'A61D', 'A63B', 'C73A', 'A74C', 'C82B', 'B85C', 'C90B', 'A93B']	16	1.7703953	-0.58918047	-1.6810427	-3.451438
BCCDDDCDCCDDDCDDABCDABCABDBACBDCAACDCBCABACBCDABCACBCCCCCBDBACDBBBCBCBACCACACAACCABBBADBCCAAABBCCBB	['D10C', 'D35C', 'C46D', 'A63D', 'D77C', 'C82A', 'A84B']	7	-0.52730656	-3.8387098	-3.979867	-3.4525604
BCCDDDCDCBADBCDDABCAABCABDBACBDCDAAACBCABACBCDABCACBCDDCCCDCADDCBBCBCBBCAACCDAACCCBBBADBABCABBBCCBB	['D10B', 'D11A', 'D13B', 'D20A', 'A33D', 'D35A', 'D36A', 'C46D', 'C54D', 'C55D', 'B58C', 'B60C', 'C62D', 'A63D', 'B64C', 'A71B', 'C73A', 'A76C', 'A84B', 'C89A', 'C90B', 'A91C', 'A93B']	23	4.303899	-3.4544272	0.84947586	-3.454423
BCCDDDCDCDDDDCDDABCDABCABDBACDDCAACDCBCABACBCCABCACBCCCCDBDBACDBBBCBCBCCCACACAACCCBABADCCCAABBBCCBB	['B30D', 'D35C', 'C57D', 'A63D', 'A71C', 'D77C', 'B88C', 'A93B']	8	-4.8888764	-6.328069	-8.354673	-3.465797
BCCDDDCDCADDDCCDABCAABCABDBACDDCAACCABCACACBCCABCACBCCCCCBDBACDBBBCBCBACCACADAACCCBACADCCCAAABBCCBB	['D10A', 'D15C', 'D20A', 'B30D', 'D35C', 'D36C', 'C37A', 'B41C', 'A63D', 'B85C', 'B88C']	11	-3.3710365	-6.3285	-6.83727	-3.4662333
BCCDDDCDCDDDBCDDABBCABCABDBACDDCAACAABCABACBBCABCACBCCCCCBDBACDBBBCBBBBCCACADAACCCBBBADCCBAAABBCCBB	['D13B', 'C19B', 'D20C', 'B30D', 'D35C', 'D36A', 'C37A', 'C45B', 'A63D', 'C69B', 'A71B', 'A84B', 'B88C', 'C90B']	14	-3.125187	-6.334242	-6.597166	-3.4719791
BCCDDDCDCCDDDCDDABCDABCABDBACBDCAACDABCABACBCCABCACBCBCCCBDBACDCBCCBCBBCDACADAACCCBBBADBCBAABBBCCBB	['D10C', 'D35C', 'C37A', 'C54B', 'A63D', 'B64C', 'B66C', 'A71B', 'C73D', 'A84B', 'C90B', 'A93B']	12	-0.032117844	-5.50517	-3.5122976	-3.4801798
BCCDDDCDCDDDBCDDABCDABCABDBACDDCAACBCBCABACBCCABCACBCCCCCBDBADACBBCBCBACCCCADAACCCBABADCCCAAABBCCBB	['D13B', 'B30D', 'D35C', 'D36B', 'C62D', 'B64C', 'A74C', 'B88C']	8	-4.806607	-6.3535595	-8.297896	-3.4912896
BCCDDDCDCDDDBCCDABCDABCABDBACBDCAADDCBCACACBCCABCACBCCCCCBDBACACBBCBCCACCACADAACCABABADBCCAAABBCCBB	['D13B', 'D15C', 'B41C', 'B64C', 'B70C', 'C82A']	6	-2.4987698	-3.881505	-5.9941273	-3.4953575
BCCDDDCDCCDDBCDDABCDABCABDBACBDCBADDCBCABACBCCABCACBCDCCCBDBACDBBBCBCBBCBACACAACCBBBBADBCBAAABBCCBB	['D10C', 'D13B', 'A33B', 'C54D', 'A63D', 'A71B', 'C73B', 'D77C', 'C82B', 'A84B', 'C90B']	11	1.6905656	-0.6416297	-1.8133202	-3.5038857
BCCDDDCDCCDDBCDDABCDABCABDBACBDCBADDCBCABACBCCABCACBCDCCCBDBACDBBBCBCBBCBACACAACCBBBBADBCBAAABBCCBB	['D10C', 'D13B', 'A33B', 'C54D', 'A63D', 'A71B', 'C73B', 'D77C', 'C82B', 'A84B', 'C90B']	11	1.6905656	-0.6416297	-1.8133202	-3.5038857
BCCDDDCDCCDDDCDDABCDABCABDBACBDCAADDCBCABACBCCABCACBCCCCCBDBACDBBBCBCBACCACADAACCBBBBADBCCAAABBCCBB	['D10C', 'A63D', 'C82B', 'A84B']	4	-0.16134119	-3.5051112	-3.6664486	-3.5051074
BCCDDDCDCDDDDCDDABCAABCABDBACBDCAADDCBCABACBCDABCACBCCCCCBDBACACBBCBCBACCCCACAACCCBBCADBCBAAABBCCBB	['D20A', 'C46D', 'B64C', 'A74C', 'D77C', 'A84B', 'B85C', 'C90B']	8	-3.6047392	-6.3733816	-7.115859	-3.5111198
BCCDDDCDCDDBDCCBABBCABCABDBACBDCADDACBCABACBCCABCACBCCCCCBDCACCBBBCBCBACCACADAACCABBBADBCCAAABBCCBB	['D12B', 'D15C', 'D16B', 'C19B', 'D20C', 'A34D', 'D36A', 'B60C', 'A63C', 'C82A', 'A84B']	11	-0.34456873	-3.916335	-3.8747559	-3.5301871
BCCDDDCDCCDDDCDCABBCABCABDBACBDCAACACBAABACBCDABCACBCBCCCBDBADACBBCBCCACCCCADAACCBBBBADBCCAAABBCCBB	['D10C', 'D16C', 'C19B', 'D20C', 'D35C', 'D36A', 'C39A', 'C46D', 'C54B', 'C62D', 'B64C', 'B70C', 'A74C', 'C82B', 'A84B']	15	0.8208556	-2.698934	-2.715354	-3.5362096
BCCDDDCDCBDDBCDDABCDABCABDBACDDCBADDCBCABACBBCABCACBCBCCCBDBACDBBBCBCBACCACADAACCCBBBADCCBAABBBCCBB	['D10B', 'D13B', 'B30D', 'A33B', 'C45B', 'C54B', 'A63D', 'A84B', 'B88C', 'C90B', 'A93B']	11	-2.3630147	-5.564148	-5.902175	-3.5391603
BCCDDDCDCCDDBCDDABCAABCABDBACBDCAADDBBCABACBCDBBCACBCDCCCBDCCDDBBBBBCBCAAACADACCCCBBBADBCBCABBBCCBB	['D10C', 'D13B', 'D20A', 'C37B', 'C46D', 'A47B', 'C54D', 'B60C', 'A61C', 'C62D', 'A63D', 'C67B', 'A71C', 'C72A', 'C73A', 'A79C', 'A84B', 'C90B', 'A91C', 'A93B']	20	0.673192	-3.5407104	-2.8675165	-3.5407085
AAADDDCDCCDBBCDDABCBABCABDBACBDCAADACBCABACBCDABCACBCDCCCBDBACDCBBCBCBACCACADAACCABBBADBCCAAABBCCBB	['B1A', 'C2A', 'C3A', 'D10C', 'D12B', 'D13B', 'D20B', 'D36A', 'C46D', 'C54D', 'A63D', 'B64C', 'C82A', 'A84B']	14	0.5125537	-1.0662179	-3.0297832	-3.542337
AAADDDCDCBDDCCCDABCAABCABDBACBDCAADACBCABACBCCABCACBCDCCCBDBADDBBCCBCBBCBACADAACCCCBBADBCBAAABBCCBB	['B1A', 'C2A', 'C3A', 'D10B', 'D13C', 'D15C', 'D20A', 'D36A', 'C54D', 'C62D', 'A63D', 'B66C', 'A71B', 'C73B', 'B83C', 'A84B', 'C90B']	17	3.1576433	-3.573638	-0.41598988	-3.5736332
BCCDDDCDCDDADCDDABCDABCABDBACDDCAADDCBCABACBCCABCACBCCCCCBDCACDBBBCBCBACCACACAACCCBABADCCCAABBBCCBB	['D12A', 'B30D', 'B60C', 'A63D', 'D77C', 'B88C', 'A93B']	7	-5.621339	-6.463564	-9.222633	-3.6012945
BCCDDDCDCDDDDCDDABCDABCABDBACBDCAADDCBCABACBCCABCACBCCCCCBDBACCBBBCBCBAACACADAACCBBABADBCCAAABBCCBB	['A63C', 'C72A', 'C82B']	3	-2.0972605	-3.60181	-5.6990595	-3.601799
BCCDDDCDCDDDBCCDABCDABCABDBACBDCAADDABCABACBCCABCACBCCCCCBDBACDBBBCBCBADCACACAACCBBABADBCCAAABBCCBB	['D13B', 'D15C', 'C37A', 'A63D', 'C72D', 'D77C', 'C82B']	7	-2.1927018	-3.6047082	-5.797408	-3.6047063
AAADDDCDCBDDBCDCABCAABCABDBACBDCAADDCBCABACBCDABCACBCDCCCBDBADACBBCBCBACACCADAACCCBBBADBCBCAABBCCBB	['B1A', 'C2A', 'C3A', 'D10B', 'D13B', 'D16C', 'D20A', 'C46D', 'C54D', 'C62D', 'B64C', 'C73A', 'A74C', 'A84B', 'C90B', 'A91C']	16	0.9434681	-3.609877	-2.6664085	-3.6098766
BCCDDDCDCBDDDCCBABCBABCABDBACBDCAADDCBCACACBCDABCACBCDCCCBDBBDDBBBCBCBCABACADAACCABBCADBCBAABBBCCBB	['D10B', 'D15C', 'D16B', 'D20B', 'B41C', 'C46D', 'C54D', 'A61B', 'C62D', 'A63D', 'A71C', 'C72A', 'C73B', 'C82A', 'A84B', 'B85C', 'C90B', 'A93B']	18	2.542418	-1.1354027	-1.0690975	-3.6115155
BCCDDDCDCBDDDCDDADCDABCABDBACBDCAADDABCABACBCDABCACBCCCCCBDBADDCBCCBCBADAACACAACCCBBBADBCBAABBCCCBB	['D10B', 'B18D', 'C37A', 'C46D', 'C62D', 'A63D', 'B64C', 'B66C', 'C72D', 'C73A', 'D77C', 'A84B', 'C90B', 'A93B', 'B95C']	15	-0.61316586	-6.4809113	-4.2318134	-3.6186476
BCCDDDCDCDDCDDDDABBDABCABDBACBDCAADDABCABACBCDABCACBCCCCCBDBACDBBBABABCCCACADAACCABBBADBCCAAABBCCBB	['D12C', 'C14D', 'C19B', 'C37A', 'C46D', 'A63D', 'C67A', 'C69A', 'A71C', 'C82A', 'A84B']	11	-0.50687504	-4.007507	-4.128237	-3.6213617
BCCDDDCDCCADBCDDABCAABCABDBACBDCAADACBCABACBCDABCACBCCCCCBDBACDBBBCBCBCDCACADAACCABBBADBCCAAABBCCBB	['D10C', 'D11A', 'D13B', 'D20A', 'D36A', 'C46D', 'A63D', 'A71C', 'C72D', 'C82A', 'A84B']	11	0.9116993	-4.0086203	-2.7107706	-3.62247
BCCDDDCDCDDDBCDDABCDABCABDBACDDCAACACBCABACBCCABCACBCCCCCBDBADDCBBCBCBACCACADAACCCBABADCCBAAABBCCBB	['D13B', 'B30D', 'D35C', 'D36A', 'C62D', 'A63D', 'B64C', 'B88C', 'C90B']	9	-4.241807	-6.490262	-7.8698025	-3.6279955
BCCDDDCDCDDDDCDDABCDABCABDBACBDCAADDBBCABACBCCABCACBCCCCCBDBACCDBBCBCBADCACACAACCBBABADBCCAAABBCCBB	['C37B', 'A63C', 'B64D', 'C72D', 'D77C', 'C82B']	6	-3.1394587	-3.6282153	-6.7676706	-3.628212
BCCDDDCDCDDDBCDDABCDABCABDBACDDCAADDCBCABACBCCABCACBCCCCCBDBACDBBBCBCBACCACACAACCCBABADCCCAABBBCCBB	['D13B', 'B30D', 'A63D', 'D77C', 'B88C', 'A93B']	6	-5.769676	-6.4921007	-9.399508	-3.6298323
BCCDDDCDCDDDDCCDABCAABCABDBACBDCAAAACBCABACBCCABCACBCCCCCBDCADACBBCBCBADCACADAACCCBABADDCCAAABBCCBB	['D15C', 'D20A', 'D35A', 'D36A', 'B60C', 'C62D', 'B64C', 'C72D', 'B88D']	9	-5.5077634	-6.4951043	-9.140602	-3.6328387
AAADDDCDCDDDBCDDABCDABCABDBACDDCDADDCBCABACBCCABCACBCCCCCBDBACDBBBCBCBACCACADAACCCBABADCCCAAABBCCBB	['B1A', 'C2A', 'C3A', 'D13B', 'B30D', 'A33D', 'A63D', 'B88C']	8	-4.7191606	-6.5007343	-8.35763	-3.6384692
BCCDDCCDCDDDBCDDABCCABCABDBACDDCCACABBCABACBCCABCACBCCCCDCDBADDBBBCBCBCBCACADAACCCBBBADCCBAAABBCCBB	['D6C', 'D13B', 'D20C', 'B30D', 'A33C', 'D35C', 'D36A', 'C37B', 'C57D', 'B58C', 'C62D', 'A63D', 'A71C', 'C72B', 'A84B', 'B88C', 'C90B']	17	-2.6731787	-6.509302	-6.320215	-3.6470366
BCCDDDCDCCDDBCDDABCDABCABDBACBDCBADDCBCABACBCCABCACBCDCCCBDBACDBBBBBCBBCBACACAACCBBBBADBCBAAABBCCBB	['D10C', 'D13B', 'A33B', 'C54D', 'A63D', 'C67B', 'A71B', 'C73B', 'D77C', 'C82B', 'A84B', 'C90B']	12	2.010367	-0.79170656	-1.6435976	-3.6539645
BCCDDDCDCDDDBCDDABCDABCABDBACDDCAACAABCABACBCCABCACBCCCCCBDBACDBBBCBCBACCACADAACCCAABADBCCAAABBCCBB	['D13B', 'B30D', 'D35C', 'D36A', 'C37A', 'A63D', 'B83A']	7	-5.1406283	-6.5162697	-8.794632	-3.6540036
BCCDDDCDCDDADCDDABBAABCABDBACDDCAADDCBCABACBCCABCACBCCCCCBDBADDBBBCBCBCCCCCACAACCCBACADCCCAAABBCCBB	['D12A', 'C19B', 'D20A', 'B30D', 'C62D', 'A63D', 'A71C', 'A74C', 'D77C', 'B85C', 'B88C']	11	-4.657859	-6.519636	-8.315226	-3.6573668
BCCDDDCDCDDDBCDDACCCABCABDBACDDCAACACBCABACBDCABCACBCCCCCBDBACABBBCBCBACCACADAACCCBABADBCCAAABBCCBB	['D13B', 'B18C', 'D20C', 'B30D', 'D35C', 'D36A', 'C45D']	7	-5.6670003	-6.5286026	-9.333338	-3.6663375
BCCDDDCDCDDDBCDDABCAABCABDBACDDCDADDCBCABACBCCABCACBCCCCCBDBACACBBCBCBBCCACADAACCCBABADCCCAAABBCCBB	['D13B', 'D20A', 'B30D', 'A33D', 'B64C', 'A71B', 'B88C']	7	-4.5687623	-6.5408707	-8.247365	-3.6786027
BCCDDDCDCDDDBCDDABCDABCABDBACDDCDADDCBAABACBCCABCACBCCCCCBDBACDBBBCBBBDCCACADAACCCBACADCCCAAABBCCBB	['D13B', 'B30D', 'A33D', 'C39A', 'A63D', 'C69B', 'A71D', 'B85C', 'B88C']	9	-4.250458	-6.5475664	-7.9357605	-3.6853027
BCCDDDCDCCADDDDDABCAABCABDBACBDCAADDCBCABACBCCABCACBCCCCCBDBACDBBBCBCBDCBACADABCCCBBBADBABAABBBCCBB	['D10C', 'D11A', 'C14D', 'D20A', 'A63D', 'A71D', 'C73B', 'A79B', 'A84B', 'C89A', 'C90B', 'A93B']	12	-0.3867302	-6.5477066	-4.0721703	-3.68544
BCCDDDCDCDDDDCDDABCDABCABDBACBDCAACDCBCABACBCCABCACBCCCCCBDBACDBBBCBCBAACACADAACCBBABADBCCAAABBCCBB	['D35C', 'A63D', 'C72A', 'C82B']	4	-1.4107108	-3.7133536	-5.124058	-3.713347
BCCDDDCDCDDDDCCDABBAABCABDBACDDCAACACBCABACBCCABCACBCCCCCBDBADDBBBCBBBACCACADAACCCBABADCCCAAABBCCBB	['D15C', 'C19B', 'D20A', 'B30D', 'D35C', 'D36A', 'C62D', 'A63D', 'C69B', 'B88C']	10	-4.458214	-6.5819397	-8.177888	-3.719674
BCCDDDCDCBDDBCCDABCDABCABDBACDDCBACABBCABACBCCABCACBCDCCCBDBADDBBBCBCBACCACADAACCCBBBADCBBAABBBCCBB	['D10B', 'D13B', 'D15C', 'B30D', 'A33B', 'D35C', 'D36A', 'C37B', 'C54D', 'C62D', 'A63D', 'A84B', 'B88C', 'C89B', 'C90B', 'A93B']	16	-0.5442419	-3.72508	-4.2693195	-3.7250776
BCCDDDCDCDDDDCDDABCDABCABDBACDDCAACCABCABACBCCABCACBCCCCCBDBACDBBBCBCBACCACACAACCCBABADCCCAAABBCCBB	['B30D', 'D35C', 'D36C', 'C37A', 'A63D', 'D77C', 'B88C']	7	-5.075146	-6.6092796	-8.822158	-3.7470117
BCCDDDCDCDDDBCDDABCDABCABDBACDDCAACAABCABACBCCABCACBCCCCCBDBADDBBBCBCBAACACADAACCCBABADCCCAAABBCCBB	['D13B', 'B30D', 'D35C', 'D36A', 'C37A', 'C62D', 'A63D', 'C72A', 'B88C']	9	-4.852552	-6.6132784	-8.603562	-3.7510104
AAADDDCDCBDDBCDDABAAABCABDBACBDCAACAABCABACBCDABCACBCDCCCBDBACDBBBCBCBCACACADAACCCBBBADBABADABBCCBB	['B1A', 'C2A', 'C3A', 'D10B', 'D13B', 'C19A', 'D20A', 'D35C', 'D36A', 'C37A', 'C46D', 'C54D', 'A63D', 'A71C', 'C72A', 'A84B', 'C89A', 'C90B', 'A92D']	19	0.38772202	-3.7518072	-3.3640814	-3.7518034
BCCDDDCDCBDADCDDABCDABCABDBACBDCAADDCBCABACBCDABCACBCCCCDBDBACDCBBCBCBACCACADAACCABBBADBCCAAABBCCBB	['D10B', 'D12A', 'C46D', 'C57D', 'A63D', 'B64C', 'C82A', 'A84B']	8	-0.1377387	-4.142353	-3.8939438	-3.756205
BCCDDDCDCBDDBCDDABCDABCABDBACBDCBADDCBCABACBCDABCACBCDCCCBDBACDBBBCBCBBBBACACAACCBBBBADBCBAAABBCCBB	['D10B', 'D13B', 'A33B', 'C46D', 'C54D', 'A63D', 'A71B', 'C72B', 'C73B', 'D77C', 'C82B', 'A84B', 'C90B']	13	2.1485066	-0.90532684	-1.6190796	-3.7675862
BCCDDDCACBDABCDDABCDABCABDBACDDCAACACBCABACBCAABCACBCCCCCBDBADDDBBCBCBCCCACACAACCCBABADCCCAAABBCCBB	['D8A', 'D10B', 'D12A', 'D13B', 'B30D', 'D35C', 'D36A', 'C46A', 'C62D', 'A63D', 'B64D', 'A71C', 'D77C', 'B88C']	14	-3.7239633	-6.634824	-7.49652	-3.7725568
BCCDDDCDCBDDBCDDABCAABCABDBACBDCBAAABBCABACBCCABCACBCBCCDCDCADDBBBCBCBCCCACADAACCBBABADBABADABBCCBB	['D10B', 'D13B', 'D20A', 'A33B', 'D35A', 'D36A', 'C37B', 'C54B', 'C57D', 'B58C', 'B60C', 'C62D', 'A63D', 'A71C', 'C82B', 'C89A', 'C90B', 'A92D']	18	4.0745287	-2.9372606	0.29999542	-3.7745333
BCCDDDCDCDDDBDCDABCAABBABDBACBDCAAADCBCACACBCCABCACBCCCCCBDBACACBBCBCBACCACACAACCDBABADBCCAABBBCCBB	['D13B', 'C14D', 'D15C', 'D20A', 'C23B', 'D35A', 'B41C', 'B64C', 'D77C', 'C82D', 'A93B']	11	-4.5241966	-6.056779	-8.3017435	-3.777547
BCCDDDCDCBDBBCDDABCAABCABDBACBDCAACABBCABACBCCABCACBCDCCCBDBACDBBBCBCBDBCACADAACCCCBBADBABCAABBCCBB	['D10B', 'D12B', 'D13B', 'D20A', 'D35C', 'D36A', 'C37B', 'C54D', 'A63D', 'A71D', 'C72B', 'B83C', 'A84B', 'C89A', 'C90B', 'A91C']	16	2.0318918	-3.7961187	-1.7642221	-3.796114
BCCDDDCDCDDDDCDDABCDABCABDBACBDCAADDCBCABACBCCABCACBCCCCCBDBADABBBCBCBACCACACAACCBBABADBCCAABBBCCBB	['C62D', 'D77C', 'C82B', 'A93B']	4	-2.1694403	-3.805532	-5.9749603	-3.80552
BCCDDDCDCDDDDCDDABCDABCABDBACBDCAADDABCABACBCCABCACBCCCCCBDBACACBBCBCBACCACACAACCBBABADBCCAAABBCCBB	['C37A', 'B64C', 'D77C', 'C82B']	4	-2.3282585	-3.8248348	-6.153083	-3.8248243
BCCDDDCDCCDDBCDDABCAABCABDBACBDCAABAABCABACBCDABCACBBDCCCBDCACDBBBCBCBBCCACADAACCABBBADBCBAACBBCCBB	['D10C', 'D13B', 'D20A', 'D35B', 'D36A', 'C37A', 'C46D', 'C53B', 'C54D', 'B60C', 'A63D', 'A71B', 'C82A', 'A84B', 'C90B', 'A93C']	16	2.6018538	-1.3642669	-1.2385244	-3.8403783
BCCDDDCDCBADDCDDABCAABCABDBACBDCBACACBCABACBCDABCACBCDCCCBDBADDCBBBBABBBDACADABCCCBBCADBCBAAABBCCBB	['D10B', 'D11A', 'D20A', 'A33B', 'D35C', 'D36A', 'C46D', 'C54D', 'C62D', 'A63D', 'B64C', 'C67B', 'C69A', 'A71B', 'C72B', 'C73D', 'A79B', 'A84B', 'B85C', 'C90B']	20	3.416882	-3.8482528	-0.43136787	-3.84825
BCCDDDCDCCDDDCDDABCDABCABDBACBDCAADDCBCACACBCDABCACBCCCCCBDBADDBBACBCBACCACADAACCABBBADBCCAABBACCBB	['D10C', 'B41C', 'C46D', 'C62D', 'A63D', 'B66A', 'C82A', 'A84B', 'A93B', 'B95A']	10	0.7522297	-4.2358923	-3.097518	-3.8497477
BCCDDDCDCDDDDCCDABCAABCABDBACDDCAACCCBCABACBCCABCACBCCCCCBDBADBBBBCBCBBACACACAACCCBABADCCCAABBBCCBB	['D15C', 'D20A', 'B30D', 'D35C', 'D36C', 'C62D', 'A63B', 'A71B', 'C72A', 'D77C', 'B88C', 'A93B']	12	-3.7593403	-6.7560368	-7.6531096	-3.8937693
BCCDDDCDCDDDDCCDABCCABCABDBACBDCAADACBCABACBCCABCACBCCCCCBDBACDBBBCBCBACCACADAACCBBBBADBCCAAABBCCBB	['D15C', 'D20C', 'D36A', 'A63D', 'C82B', 'A84B']	6	0.10968208	-3.9013453	-3.7916546	-3.9013367
BCCDDDCDCDDDBCCDABCAABCABDBACDDCAADDCBCABACBCDABCACBCCCCCBDBACDBBBCBBBACCACACAACCCBABADCCCAAABBCCBB	['D13B', 'D15C', 'D20A', 'B30D', 'C46D', 'A63D', 'C69B', 'D77C', 'B88C']	9	-5.594174	-6.7720356	-9.503944	-3.9097705
BCCDDDCDCCDDBCDBADCDABCABDBACBDCAADDBBCABACBCDABCACBCDCCCBDBBDDBBBCBCBAACACCCAACCBBABADACBAABBBCCBB	['D10C', 'D13B', 'D16B', 'B18D', 'C37B', 'C46D', 'C54D', 'A61B', 'C62D', 'A63D', 'C72A', 'A76C', 'D77C', 'C82B', 'B88A', 'C90B', 'A93B']	17	0.11687899	-1.0490642	-3.794444	-3.911323
BCCDDDCDCDDDBCCDABCDABCABDBACDDCAACAABCABACBDCABCACBCCCCDBDBACDBDBCBCBAACACADAACCCBABADBCCAAABBCCBB	['D13B', 'D15C', 'B30D', 'D35C', 'D36A', 'C37A', 'C45D', 'C57D', 'A63D', 'B65D', 'C72A']	11	-6.2746334	-6.789183	-10.201549	-3.9269152
AAADDDCDCBDDDCDDABCAABCABDBACBDCAACAABCABACBCCABCACBCDCCDBDBACDCBBCBCBBCDACADAACCCBBCADBCBAAABBCCBB	['B1A', 'C2A', 'C3A', 'D10B', 'D20A', 'D35C', 'D36A', 'C37A', 'C54D', 'C57D', 'A63D', 'B64C', 'A71B', 'C73D', 'A84B', 'B85C', 'C90B']	17	1.2722826	-3.947546	-2.6752596	-3.9475422
BCCDDDCDCDDDBCCDABCDABCABDBACDDCBADDCBCABACBCCABCACBCCCCCBDBACDBBBCBCBCCCACADAACCCBBBADCCBAAABBCCBB	['D13B', 'D15C', 'B30D', 'A33B', 'A63D', 'A71C', 'A84B', 'B88C', 'C90B']	9	-2.9236164	-6.820962	-6.8823156	-3.9586992
BCCDDDCDCDDDDCDDABAAABCABDBACBDCAADDCBCABACBCDABCACBCCCCCBDBADDCBBCBCBACDACADAACCCBBBADBCBAAABBCCBB	['C19A', 'D20A', 'C46D', 'C62D', 'A63D', 'B64C', 'C73D', 'A84B', 'C90B']	9	-2.4087787	-6.8387423	-6.385254	-3.9764752
BCCDDDCDADDDBCDDABCDABCABDBACDDCAACACBCABACBCCABCACBCCCCDBDBADDDBBCBCBACCACADAACCCBABADCCCAAABBCCBB	['C9A', 'D13B', 'B30D', 'D35C', 'D36A', 'C57D', 'C62D', 'A63D', 'B64D', 'B88C']	10	-5.6741033	-6.8458176	-9.657652	-3.9835486
AAADDDCDCBDCBCDDABCAABCABDBACBDCAACABBCABACBCCABCACBCBCCCBDBADDCBBCBCBACCCCADAACCBBABADBCBAAABBCCBB	['B1A', 'C2A', 'C3A', 'D10B', 'D12C', 'D13B', 'D20A', 'D35C', 'D36A', 'C37B', 'C54B', 'C62D', 'A63D', 'B64C', 'A74C', 'C82B', 'C90B']	17	2.45333	-3.1467352	-1.5306797	-3.9840097
AAADDDCDCDDDBCDDABBDABCABDBACBDCBADDCBCABACBCCABCACBCDCCCBDBACACBBCBCCACCACACAACCBBABADBCCAAABBCCBB	['B1A', 'C2A', 'C3A', 'D13B', 'C19B', 'A33B', 'C54D', 'B64C', 'B70C', 'D77C', 'C82B']	11	-0.7435322	-1.148974	-4.754773	-4.011241
BCCDDDCDCBDDDCDDABCAABCABDBACBDCAAAACBCABACBCCABCACBCDCCCBDBADDBBBCBCBCCBACADAACCCBBCADBCBAAABBCCBB	['D10B', 'D20A', 'D35A', 'D36A', 'C54D', 'C62D', 'A63D', 'A71C', 'C73B', 'A84B', 'B85C', 'C90B']	12	-1.1846237	-4.0186667	-5.20329	-4.0186663
AAADDDCDCDDDDCDDABCDABCABDBACBDCAADDABCABACBCCABCACBCCCCCBDBCCDABBCBCBACCACACAACCBBABADBCCAABBBCCBB	['B1A', 'C2A', 'C3A', 'C37A', 'A61C', 'A63D', 'B64A', 'D77C', 'C82B', 'A93B']	10	-1.9951758	-4.0602202	-6.0553894	-4.0602136
BCCDDDCDCDDBBDDDABCAABCABDBACBDCDACAABCACACBCCABCACBCCCCCBDCADACBBCBCBACCACADAACCDBABADBCBAABBBCCBB	['D12B', 'D13B', 'C14D', 'D20A', 'A33D', 'D35C', 'D36A', 'C37A', 'B41C', 'B60C', 'C62D', 'B64C', 'C82D', 'C90B', 'A93B']	15	-3.123786	-6.3845816	-7.2291374	-4.1053514
AAADDDCDCBDDBCCDABBAABCABDBACBDCBABAABCACACBCDABCACBCBCCCBDBADDBBACBCBBCBACADABCCCBBBADBABAAABBCCBB	['B1A', 'C2A', 'C3A', 'D10B', 'D13B', 'D15C', 'C19B', 'D20A', 'A33B', 'D35B', 'D36A', 'C37A', 'B41C', 'C46D', 'C54B', 'C62D', 'A63D', 'B66A', 'A71B', 'C73B', 'A79B', 'A84B', 'C89A', 'C90B']	24	3.202985	-6.132511	-0.9045391	-4.107524
BCCDDDCACDDDDCDDABCDABCABDBACBDCDDCDABCABACBCCABCACBCCCCDBDBACDCBBCBCBACCACADAACCCBBBADBCCAAABBCCBB	['D8A', 'A33D', 'A34D', 'D35C', 'C37A', 'C57D', 'A63D', 'B64C', 'A84B']	9	-4.0527196	-6.973496	-8.163955	-4.111235
BCCDDDCDCCDDBCDDADCDABCABDBACBDCAADDCBCABACBCDABCACBCCCCCBDBACDBBBCBCBACCACCDAACCBBBBADBBCAAABBCCBB	['D10C', 'D13B', 'B18D', 'C46D', 'A63D', 'A76C', 'C82B', 'A84B', 'C89B']	9	0.64399767	-4.1246076	-3.4806051	-4.124603
BCCDDDCDCBCCBCDDADCAABCABDBACBDCAADABBCACACBCCABCACBCDDCCBDBADDBBBCBCBBCCCCADAACCABBBADBABCDABBCCBB	['D10B', 'D11C', 'D12C', 'D13B', 'B18D', 'D20A', 'D36A', 'C37B', 'B41C', 'C54D', 'C55D', 'C62D', 'A63D', 'A71B', 'A74C', 'C82A', 'A84B', 'C89A', 'C90B', 'A91C', 'A92D']	21	6.743104	-1.6510248	2.615964	-4.12714
BCDDDDCACDDDBCDDABCAABCABDBACBDCAACCCBCACACBCDABCACBCDCCCBDBADDBBBCBCBCCCACADADCCCBBBADBCCAAABBCCBB	['C3D', 'D8A', 'D13B', 'D20A', 'D35C', 'D36C', 'B41C', 'C46D', 'C54D', 'C62D', 'A63D', 'A71C', 'A79D', 'A84B']	14	-2.2988544	-4.1497498	-6.4486074	-4.149753
BCCDDDCDCDDDDCCDABCAABCABDBACDDCAACCCBBABACBCCABCACBCCCCCBDBACDBBBCBCBACCACADAACCCBABADCCCAAABBCCBB	['D15C', 'D20A', 'B30D', 'D35C', 'D36C', 'C39B', 'A63D', 'B88C']	8	-4.368339	-7.0310555	-8.537128	-4.1687894
BCCDDDCDCDDDDCCDABCAABCABDBACDDCAACCCBCABACBCCABCACBCCCCCBDBACDBBBCBCBACCACADAACCCBACADCCCAAABBCCBB	['D15C', 'D20A', 'B30D', 'D35C', 'D36C', 'A63D', 'B85C', 'B88C']	8	-4.0238504	-7.041863	-8.203449	-4.179599
BCCDDDCDCDDDDCDDABCDABCABDBACDDCAACACBCACACBBCABCACBCCCCCBDBACDBBCCBCBACCACACAACCCBABADCCCAABBBCCBB	['B30D', 'D35C', 'D36A', 'B41C', 'C45B', 'A63D', 'B66C', 'D77C', 'B88C', 'A93B']	10	-4.191757	-7.042962	-8.372451	-4.1806936
BCCDDDCDCCDDBCDDABCDABCAADBAABDCBADDCBCABACBCCABCACBCDCCCBDBACDBDBCBCBBCBACACAACCBBBBADBCBAAABBCCBB	['D10C', 'D13B', 'B25A', 'C29A', 'A33B', 'C54D', 'A63D', 'B65D', 'A71B', 'C73B', 'D77C', 'C82B', 'A84B', 'C90B']	14	0.9316225	-1.3197551	-3.250393	-4.1820154
BCCDDDCDCBDDDCDDABCDABCABDBACBDCAADDCBCABACBCDABCACBCDDCCBDBACDCBCCBCBACDACADABCCCBBBADBCBAABBCCCBB	['D10B', 'C46D', 'C54D', 'C55D', 'A63D', 'B64C', 'B66C', 'C73D', 'A79B', 'A84B', 'C90B', 'A93B', 'B95C']	13	0.54128265	-4.218007	-3.6767235	-4.218006
AAADDDCDCBDDBCDDABCCABCABDBACDDCBACAABCACACBCCABCACBCDCCCCDBACDBBBCBCBCCCACADAACCBBABADCCBAAABBCCBB	['B1A', 'C2A', 'C3A', 'D10B', 'D13B', 'D20C', 'B30D', 'A33B', 'D35C', 'D36A', 'C37A', 'B41C', 'C54D', 'B58C', 'A63D', 'A71C', 'C82B', 'B88C', 'C90B']	19	3.7267976	-1.3645492	-0.50001144	-4.226809
AAADDDCDCCADBCDDABBDABCABDBACBDCBADDCBCABACBCCABCACBCDCCCBDBADDBBBBBCBBCDACACAACCBBBBADBCBAAABBCCBB	['B1A', 'C2A', 'C3A', 'D10C', 'D11A', 'D13B', 'C19B', 'A33B', 'C54D', 'C62D', 'A63D', 'C67B', 'A71B', 'C73D', 'D77C', 'C82B', 'A84B', 'C90B']	18	4.287856	-1.370995	0.0545969	-4.233259
BCCDDDCDCBDDBCDDABCAABCABDBACBDCCADACBCABACBCCABCACBCCCCCBDBADDBBBCBCBCCCACADABCCCBBBADBABADABBCCBB	['D10B', 'D13B', 'D20A', 'A33C', 'D36A', 'C62D', 'A63D', 'A71C', 'A79B', 'A84B', 'C89A', 'C90B', 'A92D']	13	0.4084096	-7.103674	-3.8329992	-4.241409
BCCDDDCDCDADDCCDABCAABCABDBACBDCCAAACBCACACBCBABCACBCDCCCBDBADDBBACBCBCCCACADAACCABACADCCBAAABBCCBC	['D11A', 'D15C', 'D20A', 'A33C', 'D35A', 'D36A', 'B41C', 'C46B', 'C54D', 'C62D', 'A63D', 'B66A', 'A71C', 'C82A', 'B85C', 'B88C', 'C90B', 'B99C']	18	2.7858276	-1.8094501	-1.4997349	-4.2855625
BCCDDDCDCBCDBCDDABAAABCABDBACBDCAADACBCABACBCDABCACBCDCCCBDBACDBBBCBACCCCACADAACCBBABADBACCAABBCCBB	['D10B', 'D11C', 'D13B', 'C19A', 'D20A', 'D36A', 'C46D', 'C54D', 'A63D', 'C69A', 'B70C', 'A71C', 'C82B', 'C89A', 'A91C']	15	5.0336514	-1.4761977	0.69519234	-4.338459
BCCDDDCDCDDDBCDDABCCABCABDBACDDCAACAABCABACBCCABCACBCCCCDCDBADDBBBCBCBCCCACADAACCCBBBADCCBAAABBCCBB	['D13B', 'D20C', 'B30D', 'D35C', 'D36A', 'C37A', 'C57D', 'B58C', 'C62D', 'A63D', 'A71C', 'A84B', 'B88C', 'C90B']	14	-2.1998997	-7.213225	-6.5508595	-4.35096
BCCDDDCDCDDDBCDDABCDABCABDBACBDCBADDCBCABACBCCABCACBCDCCCBDCACCCBACBCBACCACACAACCABABADBCBAAABBCCBB	['D13B', 'A33B', 'C54D', 'B60C', 'A63C', 'B64C', 'B66A', 'D77C', 'C82A', 'C90B']	10	-0.36153507	-1.8888497	-4.726509	-4.364974
BCCDDDCDCDDDDCDDABCAABCABDBACBDCAAAACBCABACBCCABCACBCCCCCBDBADDBBBCBCBCCBACADAACCCBBBADBCBAAABBCCBB	['D20A', 'D35A', 'D36A', 'C62D', 'A63D', 'A71C', 'C73B', 'A84B', 'C90B']	9	-3.2236967	-7.2288094	-7.5902414	-4.3665447
AAADDDCDCCDDBCDDADCAABCABDBACBDCAADDCBCABACBCCABCACBCDCCCBDBADDBBBBBCBBABACADABCCCBBBADBCBAAABBCCBB	['B1A', 'C2A', 'C3A', 'D10C', 'D13B', 'B18D', 'D20A', 'C54D', 'C62D', 'A63D', 'C67B', 'A71B', 'C72A', 'C73B', 'A79B', 'A84B', 'C90B']	17	-0.6463609	-4.393763	-5.040122	-4.393761
BCCDDDCDCDDDBCDDABCDABCABDBACDDCDACCCBCABACBDCABCACBCCCCCBDBACACBBCBCBACCACADAACCCBABADBCCAAABBCCBB	['D13B', 'B30D', 'A33D', 'D35C', 'D36C', 'C45D', 'B64C']	7	-5.9168997	-7.2583094	-10.31294	-4.39604
BCCDDDCDCADDBCCDABBAABCABDBACBDCAADACBCABACBCDABCACBCDCCCBDBADDBBBCBCBCCBACADAACCABBBADBCCAAABBCCBB	['D10A', 'D13B', 'D15C', 'C19B', 'D20A', 'D36A', 'C46D', 'C54D', 'C62D', 'A63D', 'A71C', 'C73B', 'C82A', 'A84B']	14	0.24808645	-1.9659982	-4.194029	-4.4421153
BCCDDDCDCDDDBCDDABCAABCABDBACDDCAACACBCABACBDCABCACBCCCCCBDBACACBBCBCBACCACADAACCCBABADBCCAAABBCCBB	['D13B', 'D20A', 'B30D', 'D35C', 'D36A', 'C45D', 'B64C']	7	-5.9082413	-7.3616467	-10.4076185	-4.4993773
BCCDDDCDCCDDBCDDABCDABCABDBACBDCBADDCBCABACBCDABCACBCDCCDBDBADDBBBCBCBCABACACAACCBBBBADBCBAABBBCCBB	['D10C', 'D13B', 'A33B', 'C46D', 'C54D', 'C57D', 'C62D', 'A63D', 'A71C', 'C72A', 'C73B', 'D77C', 'C82B', 'A84B', 'C90B', 'A93B']	16	1.4190893	-1.6397233	-3.0828943	-4.5019836
BCCDDDCDCDDDBCDDABCDABCABDBACBDCBADDCBCABACBCCABCACBCCCCCBDBACABBBCBCBACCACADAACCABBBADBCCAAABBCCBB	['D13B', 'A33B', 'C82A', 'A84B']	4	-0.99830055	-4.9041066	-5.516263	-4.5179625
BCCDDDCDCBDDBCCDABCAABCABDBACDDCAACABBCABACBCCABCACBCDCCCBDBADDBBBCBCBACBACACAACCCBABADCCCAABBBCCBB	['D10B', 'D13B', 'D15C', 'D20A', 'B30D', 'D35C', 'D36A', 'C37B', 'C54D', 'C62D', 'A63D', 'C73B', 'D77C', 'B88C', 'A93B']	15	-3.320467	-4.530105	-7.850565	-4.530098
BCCDDDCDCDDDDCCDABAAABCABDBACBDCAAAACBCABACBCCABCACBCDCCCBDBADDBBBCBCBACBACADAACCCBBBADBCBAAABBCCBB	['D15C', 'C19A', 'D20A', 'D35A', 'D36A', 'C54D', 'C62D', 'A63D', 'C73B', 'A84B', 'C90B']	11	-3.4530172	-4.551024	-8.004038	-4.5510206
AAADDDCDCDCDBCDDABCDABCABDBACBDCBADDCBCABACBCCABCACBCBCCDBDCADDBBACBCBBCBACACAACCCBBBAABABAAABBCCBB	['B1A', 'C2A', 'C3A', 'D11C', 'D13B', 'A33B', 'C54B', 'C57D', 'B60C', 'C62D', 'A63D', 'B66A', 'A71B', 'C73B', 'D77C', 'A84B', 'D87A', 'C89A', 'C90B']	19	0.685441	-6.608341	-3.8979177	-4.583359
BCCDDDCDCBDDCDDDABCAADCABDBACBDCAACACBCABACBCDABCACBCDCCCBDBACDCBBCBCBACDACADAACCCBBCADBCBAAABACCBB	['D10B', 'D13C', 'C14D', 'D20A', 'B22D', 'D35C', 'D36A', 'C46D', 'C54D', 'A63D', 'B64C', 'C73D', 'A84B', 'B85C', 'C90B', 'B95A']	16	1.4194856	-4.6001043	-3.1806164	-4.600102
BCCDDDCDCBDCDCCDBDCAABCABDBACBDCBACAABCABACBCCABCACBCDCCCBDBADDBBABBCBCACACADAACCBBABADBCBAABBBCCBB	['D10B', 'D12C', 'D15C', 'A17B', 'B18D', 'D20A', 'A33B', 'D35C', 'D36A', 'C37A', 'C54D', 'C62D', 'A63D', 'B66A', 'C67B', 'A71C', 'C72A', 'C82B', 'C90B', 'A93B']	20	4.15451	-1.7405543	-0.44830418	-4.602814
BCCDDDCDCBDDDCDDABCDABCABDBACBDCAADDBBCABACBCDABCACBCDCCCBDBACDCBCCBDCACDACACAACCCBBBADBCBAABBBCCBB	['D10B', 'C37B', 'C46D', 'C54D', 'A63D', 'B64C', 'B66C', 'C69D', 'B70C', 'C73D', 'D77C', 'A84B', 'C90B', 'A93B']	14	-1.1936679	-4.6216154	-5.815282	-4.621614
BCCDDDCDCBDDDDCDADCAABCABDBACBDCAACABBCABACBCDABCACBCDCCCBDBADDBBBCBCBDABACADABCCCBBCADBCBAABBBCCBB	['D10B', 'C14D', 'D15C', 'B18D', 'D20A', 'D35C', 'D36A', 'C37B', 'C46D', 'C54D', 'C62D', 'A63D', 'A71D', 'C72A', 'C73B', 'A79B', 'A84B', 'B85C', 'C90B', 'A93B']	20	0.62244797	-4.7223153	-4.099863	-4.722311
BCCDDDCDCCDDDCDDABBAABCABDBACBDCAACDCBCABACBCCABCACBCDCCCBDBACDCBBBBABDCDACADABCCCBBBADBCBAABBBCCBB	['D10C', 'C19B', 'D20A', 'D35C', 'C54D', 'A63D', 'B64C', 'C67B', 'C69A', 'A71D', 'C73D', 'A79B', 'A84B', 'C90B', 'A93B']	15	0.31595325	-4.861392	-4.545435	-4.861388
BCCDDDCDCDDBAADDABCAABCABDBACDDCAADDCBCABACBCCABCACBCCCCCBDBACDBBBCBCBACCACACAACCCBABADCCCAAABBCCBB	['D12B', 'D13A', 'C14A', 'D20A', 'B30D', 'A63D', 'D77C', 'B88C']	8	-5.5789294	-7.7936516	-10.510314	-4.9313846
BCCDDDCDCDDBAADDABCAABCABDBACDDCAADDCBCABACBCCABCACBCCCCCBDBACDBBBCBCBACCACACAACCCBABADCCCAAABBCCBB	['D12B', 'D13A', 'C14A', 'D20A', 'B30D', 'A63D', 'D77C', 'B88C']	8	-5.5789294	-7.7936516	-10.510314	-4.9313846
BCCDDDCDCBDDDCDDABCDABCABDBACBDCAADDBBCABACBCDABCACBCDCCCBDBADDBBCCBCBBCACCACAACCABBCADBCBAABBBCCBB	['D10B', 'C37B', 'C46D', 'C54D', 'C62D', 'A63D', 'B66C', 'A71B', 'C73A', 'A74C', 'D77C', 'C82A', 'A84B', 'B85C', 'C90B', 'A93B']	16	3.3754597	-2.5242105	-1.6248636	-5.0003233
AAADDDCDCCDDBCCCADCAABCABDBACBDCAADDCBCABACBCDABCACBCBCCCCDBACCCBBCBCBACCACCCABCCDBBBADBCCAAABBCCBB	['B1A', 'C2A', 'C3A', 'D10C', 'D13B', 'D15C', 'D16C', 'B18D', 'D20A', 'C46D', 'C54B', 'B58C', 'A63C', 'B64C', 'A76C', 'D77C', 'A79B', 'C82D', 'A84B']	19	-0.86164045	-6.450381	-5.8700686	-5.008428
BCCDDDCDCCCDBCCDABCAABCABDBACBDCAACABBCABACBCCABCACBCDCCCBDCACDBBBCBCBDCCACADAACCABBBADBACADABBCCBB	['D10C', 'D11C', 'D13B', 'D15C', 'D20A', 'D35C', 'D36A', 'C37B', 'C54D', 'B60C', 'A63D', 'A71D', 'C82A', 'A84B', 'C89A', 'A92D']	16	3.8294568	-2.7096086	-1.3562727	-5.1857295
BCCDDDCDCCCDBCCDABCAABCABDBACBDCAACABBCABACBCCABCACBCDCCCBDCACDBBBCBCBDCCACADAACCABBBADBACADABBCCBB	['D10C', 'D11C', 'D13B', 'D15C', 'D20A', 'D35C', 'D36A', 'C37B', 'C54D', 'B60C', 'A63D', 'A71D', 'C82A', 'A84B', 'C89A', 'A92D']	16	3.8294568	-2.7096086	-1.3562727	-5.1857295
BCCDDDCDCCCDBCCDABCAABCABDBACBDCAACABBCABACBCCABCACBCDCCCBDCACDBBBCBCBDCCACADAACCABBBADBACADABBCCBB	['D10C', 'D11C', 'D13B', 'D15C', 'D20A', 'D35C', 'D36A', 'C37B', 'C54D', 'B60C', 'A63D', 'A71D', 'C82A', 'A84B', 'C89A', 'A92D']	16	3.8294568	-2.7096086	-1.3562727	-5.1857295
AAADDDCDCCADDCCDADCAABCABDBACBDCAACABBCABACBCDABCACBCDCCCBDBADDBBBCBCBBCBACADABCCABBCADBABAAABBCCBB	['B1A', 'C2A', 'C3A', 'D10C', 'D11A', 'D15C', 'B18D', 'D20A', 'D35C', 'D36A', 'C37B', 'C46D', 'C54D', 'C62D', 'A63D', 'A71B', 'C73B', 'A79B', 'C82A', 'A84B', 'B85C', 'C89A', 'C90B']	23	4.0863185	-2.9667091	-1.3565063	-5.442825
AAADDDCDCCCDBCDDADCAABCABDBACBDCAADABBCABACBCCABCACBCDCCCBDBACDBBBCBCBBCBACADAACCABBBADBABAAABBCCBB	['B1A', 'C2A', 'C3A', 'D10C', 'D11C', 'D13B', 'B18D', 'D20A', 'D36A', 'C37B', 'C54D', 'A63D', 'A71B', 'C73B', 'C82A', 'A84B', 'C89A', 'C90B']	18	3.4369178	-3.1571202	-2.1963224	-5.63324
AAADDDCDCBADBCCBABCAABCABDBACBDCAADDCBCABACBCDBBCACBBDDCDBDBACDBBBCBCBACACCADABCCABBBADBABAAABBCCBB	['B1A', 'C2A', 'C3A', 'D10B', 'D11A', 'D13B', 'D15C', 'D16B', 'D20A', 'C46D', 'A47B', 'C53B', 'C54D', 'C55D', 'C57D', 'A63D', 'C73A', 'A74C', 'A79B', 'C82A', 'A84B', 'C89A', 'C90B']	23	4.2481604	-3.225893	-1.4538488	-5.702009
AAADDDCDCBDDBCDDABCDABCABDBACBDCBADDCBCABACBCDABCACBCDCCCBDBACDBBBCBCABCDACADABCCABBBADBCBAABBBCCBB	['B1A', 'C2A', 'C3A', 'D10B', 'D13B', 'A33B', 'C46D', 'C54D', 'A63D', 'B70A', 'A71B', 'C73D', 'A79B', 'C82A', 'A84B', 'C90B', 'A93B']	17	4.0633774	-3.2835126	-1.69625	-5.7596273
BCCDDDCDCBDDBCDDABCAABCABDBACDDCCADACBCABACBCCABCACBCCCCCBDBACDCBBCBCBACCADADAACCBBABADCCCAAABBCCBB	['D10B', 'D13B', 'D20A', 'B30D', 'A33C', 'D36A', 'A63D', 'B64C', 'C75D', 'C82B', 'B88C']	11	-0.18323898	-5.800415	-5.9836493	-5.8004103
BCCDDDCDCBDABCDDABCDABCABDBACDDCCACACBCABACBCCABCACBBBCCCBDCADDBBCCBCBCCCACADAACCCBBCADCCCAABBBCCBB	['D10B', 'D12A', 'D13B', 'B30D', 'A33C', 'D35C', 'D36A', 'C53B', 'C54B', 'B60C', 'C62D', 'A63D', 'B66C', 'A71C', 'A84B', 'B85C', 'B88C', 'A93B']	18	0.39935732	-7.9670124	-5.5426683	-5.9420257
